time_s,tx_id,source,source_tx_ordinal,child_index,frame_id,kind,classification,hop_destination,hop_sequence,routing_sequence,native_wire_bytes,issued_matlab_formula_bytes,excess_bytes,actual_routing_raw_bytes,normalized_routing_semantic_bytes,actual_section_operations
10.465,4294967297,1,1,0,1,4,DISCOVER_broadcast,16777215,1,,19,19,0,,,
11.635,21474836481,5,1,0,3,8,KEY_REQUEST,1,1,,18,18,0,,,
11.713,4294967298,1,2,0,4,9,KEY_UPDATE,5,1,,62,62,0,,,
11.83,21474836482,5,2,0,5,1,ACK_exact_bare,1,1,,25,25,0,,,
11.83,21474836482,5,2,1,6,9,KEY_UPDATE,1,2,,62,62,0,,,
11.973,12884901889,3,1,0,2,8,KEY_REQUEST,1,1,,18,18,0,,,
12.168,4294967299,1,3,0,8,1,ACK_exact_bare,5,2,,25,25,0,,,
12.168,4294967299,1,3,1,7,8,KEY_REQUEST,5,2,,18,18,0,,,
12.168,4294967299,1,3,2,9,5,NEIGHBOR_CHECK_overheard,5,3,,16,16,0,,,
12.168,4294967299,1,3,3,10,9,KEY_UPDATE,3,1,,62,62,0,,,
12.402,21474836483,5,3,0,5,1,ACK_exact_bare,1,1,,25,25,0,,,
12.402,21474836483,5,3,1,15,1,ACK_exact_bare,1,3,,25,25,0,,,
12.402,21474836483,5,3,2,13,5,NEIGHBOR_CHECK_discovery,1,3,,16,16,0,,,
12.402,21474836483,5,3,3,14,5,NEIGHBOR_CHECK_overheard,1,4,,16,16,0,,,
12.558,12884901890,3,2,0,11,1,ACK_exact_bare,1,1,,25,25,0,,,
12.558,12884901890,3,2,1,12,9,KEY_UPDATE,1,2,,62,62,0,,,
12.766,4294967300,1,4,0,8,1,ACK_exact_bare,5,2,,25,25,0,,,
12.766,4294967300,1,4,1,16,1,ACK_exact_bare,5,3,,25,25,0,,,
12.766,4294967300,1,4,2,17,1,ACK_exact_bare,5,4,,25,25,0,,,
12.766,4294967300,1,4,3,21,1,ACK_exact_bare,3,2,,25,25,0,,,
12.766,4294967300,1,4,4,18,6,ROUTING_actual_arl_section,5,4,0,51,51,0,35,35,INFO;UPDATE;FLUSH
12.766,4294967300,1,4,5,19,6,ROUTING_actual_arl_section,5,5,1,26,26,0,10,10,DELETE
12.766,4294967300,1,4,6,20,8,KEY_REQUEST,3,2,,18,18,0,,,
12.766,4294967300,1,4,7,22,5,NEIGHBOR_CHECK_overheard,3,3,,16,16,0,,,
13.052,21474836484,5,4,0,5,1,ACK_exact_bare,1,1,,25,25,0,,,
13.052,21474836484,5,4,1,15,1,ACK_exact_bare,1,3,,25,25,0,,,
13.052,21474836484,5,4,2,26,1,ACK_exact_bare,1,4,,25,25,0,,,
13.052,21474836484,5,4,3,27,1,ACK_exact_bare,1,5,,25,25,0,,,
13.052,21474836484,5,4,4,28,6,ROUTING_actual_arl_section,1,5,0,51,51,0,35,35,INFO;UPDATE;FLUSH
13.052,21474836484,5,4,5,29,6,ROUTING_actual_arl_section,1,6,1,36,36,0,20,20,UPDATE
13.286,4294967301,1,5,0,8,1,ACK_exact_bare,5,2,,25,25,0,,,
13.286,4294967301,1,5,1,16,1,ACK_exact_bare,5,3,,25,25,0,,,
13.286,4294967301,1,5,2,17,1,ACK_exact_bare,5,4,,25,25,0,,,
13.286,4294967301,1,5,3,21,1,ACK_exact_bare,3,2,,25,25,0,,,
13.286,4294967301,1,5,4,30,1,ACK_exact_bare,5,5,,25,25,0,,,
13.286,4294967301,1,5,5,31,1,ACK_exact_bare,5,6,,25,25,0,,,
13.286,4294967301,1,5,6,32,6,ROUTING_actual_arl_section,5,6,2,36,36,0,20,20,UPDATE
13.559,21474836485,5,5,0,5,1,ACK_exact_bare,1,1,,25,25,0,,,
13.559,21474836485,5,5,1,15,1,ACK_exact_bare,1,3,,25,25,0,,,
13.559,21474836485,5,5,2,26,1,ACK_exact_bare,1,4,,25,25,0,,,
13.559,21474836485,5,5,3,27,1,ACK_exact_bare,1,5,,25,25,0,,,
13.559,21474836485,5,5,4,33,1,ACK_exact_bare,1,6,,25,25,0,,,
13.793,4294967302,1,6,0,8,1,ACK_exact_bare,5,2,,25,25,0,,,
13.793,4294967302,1,6,1,16,1,ACK_exact_bare,5,3,,25,25,0,,,
13.793,4294967302,1,6,2,17,1,ACK_exact_bare,5,4,,25,25,0,,,
13.793,4294967302,1,6,3,21,1,ACK_exact_bare,3,2,,25,25,0,,,
13.793,4294967302,1,6,4,30,1,ACK_exact_bare,5,5,,25,25,0,,,
13.793,4294967302,1,6,5,31,1,ACK_exact_bare,5,6,,25,25,0,,,
13.988,21474836486,5,6,0,5,1,ACK_exact_bare,1,1,,25,25,0,,,
13.988,21474836486,5,6,1,15,1,ACK_exact_bare,1,3,,25,25,0,,,
13.988,21474836486,5,6,2,26,1,ACK_exact_bare,1,4,,25,25,0,,,
13.988,21474836486,5,6,3,27,1,ACK_exact_bare,1,5,,25,25,0,,,
13.988,21474836486,5,6,4,33,1,ACK_exact_bare,1,6,,25,25,0,,,
14.014,12884901891,3,3,0,11,1,ACK_exact_bare,1,1,,25,25,0,,,
14.014,12884901891,3,3,1,25,1,ACK_exact_bare,1,3,,25,25,0,,,
14.014,12884901891,3,3,2,23,5,NEIGHBOR_CHECK_discovery,1,3,,16,16,0,,,
14.014,12884901891,3,3,3,24,5,NEIGHBOR_CHECK_overheard,1,4,,16,16,0,,,
14.326,12884901892,3,4,0,11,1,ACK_exact_bare,1,1,,25,25,0,,,
14.326,12884901892,3,4,1,25,1,ACK_exact_bare,1,3,,25,25,0,,,
14.534,4294967303,1,7,0,8,1,ACK_exact_bare,5,2,,25,25,0,,,
14.534,4294967303,1,7,1,16,1,ACK_exact_bare,5,3,,25,25,0,,,
14.534,4294967303,1,7,2,17,1,ACK_exact_bare,5,4,,25,25,0,,,
14.534,4294967303,1,7,3,21,1,ACK_exact_bare,3,2,,25,25,0,,,
14.534,4294967303,1,7,4,30,1,ACK_exact_bare,5,5,,25,25,0,,,
14.534,4294967303,1,7,5,31,1,ACK_exact_bare,5,6,,25,25,0,,,
14.534,4294967303,1,7,6,34,6,ROUTING_actual_arl_section,3,4,3,65,65,0,49,49,INFO;UPDATE;UPDATE;FLUSH
14.781,21474836487,5,7,0,15,1,ACK_exact_bare,1,3,,25,25,0,,,
14.781,21474836487,5,7,1,26,1,ACK_exact_bare,1,4,,25,25,0,,,
14.781,21474836487,5,7,2,27,1,ACK_exact_bare,1,5,,25,25,0,,,
14.781,21474836487,5,7,3,33,1,ACK_exact_bare,1,6,,25,25,0,,,
15.067,4294967304,1,8,0,16,1,ACK_exact_bare,5,3,,25,25,0,,,
15.067,4294967304,1,8,1,17,1,ACK_exact_bare,5,4,,25,25,0,,,
15.067,4294967304,1,8,2,21,1,ACK_exact_bare,3,2,,25,25,0,,,
15.067,4294967304,1,8,3,30,1,ACK_exact_bare,5,5,,25,25,0,,,
15.067,4294967304,1,8,4,31,1,ACK_exact_bare,5,6,,25,25,0,,,
15.067,4294967304,1,8,5,36,4,DISCOVER_broadcast,16777215,2,,19,19,0,,,
16.276,21474836488,5,8,0,26,1,ACK_exact_bare,1,4,,25,25,0,,,
16.276,21474836488,5,8,1,27,1,ACK_exact_bare,1,5,,25,25,0,,,
16.276,21474836488,5,8,2,33,1,ACK_exact_bare,1,6,,25,25,0,,,
16.289,12884901893,3,5,0,11,1,ACK_exact_bare,1,1,,25,25,0,,,
16.289,12884901893,3,5,1,25,1,ACK_exact_bare,1,3,,25,25,0,,,
16.289,12884901893,3,5,2,35,1,ACK_exact_bare,1,4,,25,25,0,,,
16.289,12884901893,3,5,3,37,5,NEIGHBOR_CHECK_discovery,1,3,,16,16,0,,,
16.289,12884901893,3,5,4,38,5,NEIGHBOR_CHECK_overheard,1,4,,16,16,0,,,
16.575,4294967305,1,9,0,30,1,ACK_exact_bare,5,5,,25,25,0,,,
16.575,4294967305,1,9,1,31,1,ACK_exact_bare,5,6,,25,25,0,,,
16.575,4294967305,1,9,2,39,6,ROUTING_actual_arl_section,3,4,3,65,65,0,49,49,INFO;UPDATE;UPDATE;FLUSH
16.77,21474836489,5,9,0,33,1,ACK_exact_bare,1,6,,25,25,0,,,
16.848,12884901894,3,6,0,11,1,ACK_exact_bare,1,1,,25,25,0,,,
16.848,12884901894,3,6,1,25,1,ACK_exact_bare,1,3,,25,25,0,,,
16.848,12884901894,3,6,2,35,1,ACK_exact_bare,1,4,,25,25,0,,,
17.186,12884901895,3,7,0,25,1,ACK_exact_bare,1,3,,25,25,0,,,
17.186,12884901895,3,7,1,35,1,ACK_exact_bare,1,4,,25,25,0,,,
17.654,12884901896,3,8,0,35,1,ACK_exact_bare,1,4,,25,25,0,,,
17.888,12884901897,3,9,0,35,1,ACK_exact_bare,1,4,,25,25,0,,,
18.668,12884901898,3,10,0,41,5,NEIGHBOR_CHECK_discovery,1,3,,16,16,0,,,
18.668,12884901898,3,10,1,42,5,NEIGHBOR_CHECK_overheard,1,4,,16,16,0,,,
19.097,4294967306,1,10,0,43,1,ACK_exact_bare,3,3,,25,25,0,,,
19.097,4294967306,1,10,1,44,1,ACK_exact_bare,3,4,,25,25,0,,,
19.097,4294967306,1,10,2,45,6,ROUTING_actual_arl_section,3,5,4,26,26,0,10,10,DELETE
19.292,4294967307,1,11,0,43,1,ACK_exact_bare,3,3,,25,25,0,,,
19.292,4294967307,1,11,1,44,1,ACK_exact_bare,3,4,,25,25,0,,,
19.409,12884901899,3,11,0,46,1,ACK_exact_bare,1,5,,25,25,0,,,
19.409,12884901899,3,11,1,47,6,ROUTING_actual_arl_section,1,5,0,51,51,0,35,35,INFO;UPDATE;FLUSH
19.409,12884901899,3,11,2,48,6,ROUTING_actual_arl_section,1,6,1,36,36,0,20,20,UPDATE
19.591,4294967308,1,12,0,43,1,ACK_exact_bare,3,3,,25,25,0,,,
19.591,4294967308,1,12,1,44,1,ACK_exact_bare,3,4,,25,25,0,,,
19.591,4294967308,1,12,2,50,1,ACK_exact_bare,3,5,,25,25,0,,,
19.591,4294967308,1,12,3,51,1,ACK_exact_bare,3,6,,25,25,0,,,
19.591,4294967308,1,12,4,52,6,ROUTING_actual_arl_section,3,6,5,36,36,0,20,20,UPDATE
19.864,21474836490,5,10,0,49,1,ACK_exact_bare,1,7,,25,25,0,,,
19.864,21474836490,5,10,1,54,1,ACK_exact_bare,1,8,,25,25,0,,,
19.864,21474836490,5,10,2,55,6,ROUTING_actual_arl_section,1,7,2,39,39,0,23,23,UPDATE
20.189,4294967309,1,13,0,43,1,ACK_exact_bare,3,3,,25,25,0,,,
20.189,4294967309,1,13,1,44,1,ACK_exact_bare,3,4,,25,25,0,,,
20.189,4294967309,1,13,2,50,1,ACK_exact_bare,3,5,,25,25,0,,,
20.189,4294967309,1,13,3,51,1,ACK_exact_bare,3,6,,25,25,0,,,
20.189,4294967309,1,13,4,56,1,ACK_exact_bare,5,7,,25,25,0,,,
20.189,4294967309,1,13,5,57,4,DISCOVER_broadcast,16777215,3,,19,19,0,,,
21.359,12884901900,3,12,0,46,1,ACK_exact_bare,1,5,,25,25,0,,,
21.359,12884901900,3,12,1,53,1,ACK_exact_bare,1,6,,25,25,0,,,
21.593,21474836491,5,11,0,49,1,ACK_exact_bare,1,7,,25,25,0,,,
21.593,21474836491,5,11,1,54,1,ACK_exact_bare,1,8,,25,25,0,,,
21.697,4294967310,1,14,0,43,1,ACK_exact_bare,3,3,,25,25,0,,,
21.697,4294967310,1,14,1,44,1,ACK_exact_bare,3,4,,25,25,0,,,
21.697,4294967310,1,14,2,50,1,ACK_exact_bare,3,5,,25,25,0,,,
21.697,4294967310,1,14,3,51,1,ACK_exact_bare,3,6,,25,25,0,,,
21.697,4294967310,1,14,4,56,1,ACK_exact_bare,5,7,,25,25,0,,,
21.944,12884901901,3,13,0,46,1,ACK_exact_bare,1,5,,25,25,0,,,
21.944,12884901901,3,13,1,53,1,ACK_exact_bare,1,6,,25,25,0,,,
22.048,21474836492,5,12,0,49,1,ACK_exact_bare,1,7,,25,25,0,,,
22.048,21474836492,5,12,1,54,1,ACK_exact_bare,1,8,,25,25,0,,,
22.191,4294967311,1,15,0,50,1,ACK_exact_bare,3,5,,25,25,0,,,
22.191,4294967311,1,15,1,51,1,ACK_exact_bare,3,6,,25,25,0,,,
22.191,4294967311,1,15,2,56,1,ACK_exact_bare,5,7,,25,25,0,,,
22.36,12884901902,3,14,0,46,1,ACK_exact_bare,1,5,,25,25,0,,,
22.36,12884901902,3,14,1,53,1,ACK_exact_bare,1,6,,25,25,0,,,
22.503,21474836493,5,13,0,49,1,ACK_exact_bare,1,7,,25,25,0,,,
22.503,21474836493,5,13,1,54,1,ACK_exact_bare,1,8,,25,25,0,,,
22.633,4294967312,1,16,0,50,1,ACK_exact_bare,3,5,,25,25,0,,,
22.633,4294967312,1,16,1,51,1,ACK_exact_bare,3,6,,25,25,0,,,
22.633,4294967312,1,16,2,56,1,ACK_exact_bare,5,7,,25,25,0,,,
22.802,12884901903,3,15,0,46,1,ACK_exact_bare,1,5,,25,25,0,,,
22.802,12884901903,3,15,1,53,1,ACK_exact_bare,1,6,,25,25,0,,,
22.919,12884901904,3,16,0,53,1,ACK_exact_bare,1,6,,25,25,0,,,
22.984,21474836494,5,14,0,49,1,ACK_exact_bare,1,7,,25,25,0,,,
22.984,21474836494,5,14,1,54,1,ACK_exact_bare,1,8,,25,25,0,,,
23.179,4294967313,1,17,0,56,1,ACK_exact_bare,5,7,,25,25,0,,,
25.298,4294967314,1,18,0,58,6,ROUTING_normalized_legacy_request,3,7,6,16,23,7,0,7,
25.298,4294967314,1,18,1,59,6,ROUTING_normalized_legacy_request,5,9,7,16,23,7,0,7,
25.298,4294967314,1,18,2,60,7,SNMP_START,3,0,,31,31,0,,,
25.571,21474836495,5,15,0,64,1,ACK_exact_bare,1,9,,25,25,0,,,
25.571,21474836495,5,15,1,65,6,ROUTING_actual_arl_section,1,8,3,82,82,0,66,66,INFO;UPDATE;UPDATE;UPDATE;FLUSH
25.74,12884901905,3,17,0,61,1,ACK_exact_bare,1,7,,25,25,0,,,
25.74,12884901905,3,17,1,62,6,ROUTING_actual_arl_section,1,7,2,65,65,0,49,49,INFO;UPDATE;UPDATE;FLUSH
25.74,12884901905,3,17,2,63,4,DISCOVER_broadcast,16777215,4,,19,19,0,,,
26.91,21474836496,5,16,0,64,1,ACK_exact_bare,1,9,,25,25,0,,,
26.91,21474836496,5,16,1,68,8,KEY_REQUEST,3,1,,18,18,0,,,
27.027,4294967315,1,19,0,66,1,ACK_exact_bare,5,8,,25,25,0,,,
27.027,4294967315,1,19,1,67,1,ACK_exact_bare,3,7,,25,25,0,,,
27.027,4294967315,1,19,2,69,5,NEIGHBOR_CHECK_discovery,3,8,,16,16,0,,,
27.209,4294967316,1,20,0,66,1,ACK_exact_bare,5,8,,25,25,0,,,
27.209,4294967316,1,20,1,67,1,ACK_exact_bare,3,7,,25,25,0,,,
27.326,21474836497,5,17,0,64,1,ACK_exact_bare,1,9,,25,25,0,,,
27.378,4294967317,1,21,0,66,1,ACK_exact_bare,5,8,,25,25,0,,,
27.378,4294967317,1,21,1,67,1,ACK_exact_bare,3,7,,25,25,0,,,
27.573,12884901906,3,18,0,61,1,ACK_exact_bare,1,7,,25,25,0,,,
27.573,12884901906,3,18,1,71,1,ACK_exact_bare,1,8,,25,25,0,,,
27.573,12884901906,3,18,2,70,9,KEY_UPDATE,5,1,,62,62,0,,,
27.781,21474836498,5,18,0,64,1,ACK_exact_bare,1,9,,25,25,0,,,
27.781,21474836498,5,18,1,72,1,ACK_exact_bare,3,1,,25,25,0,,,
27.781,21474836498,5,18,2,73,9,KEY_UPDATE,3,2,,62,62,0,,,
27.924,4294967318,1,22,0,66,1,ACK_exact_bare,5,8,,25,25,0,,,
27.924,4294967318,1,22,1,67,1,ACK_exact_bare,3,7,,25,25,0,,,
28.197,12884901907,3,19,0,61,1,ACK_exact_bare,1,7,,25,25,0,,,
28.197,12884901907,3,19,1,71,1,ACK_exact_bare,1,8,,25,25,0,,,
28.197,12884901907,3,19,2,75,1,ACK_exact_bare,5,2,,25,25,0,,,
28.197,12884901907,3,19,3,74,8,KEY_REQUEST,5,2,,18,18,0,,,
28.197,12884901907,3,19,4,76,5,NEIGHBOR_CHECK_overheard,5,3,,16,16,0,,,
28.34,21474836499,5,19,0,64,1,ACK_exact_bare,1,9,,25,25,0,,,
28.34,21474836499,5,19,1,72,1,ACK_exact_bare,3,1,,25,25,0,,,
28.34,21474836499,5,19,2,79,1,ACK_exact_bare,3,3,,25,25,0,,,
28.34,21474836499,5,19,3,77,5,NEIGHBOR_CHECK_discovery,3,3,,16,16,0,,,
28.34,21474836499,5,19,4,78,5,NEIGHBOR_CHECK_overheard,3,4,,16,16,0,,,
28.522,21474836500,5,20,0,72,1,ACK_exact_bare,3,1,,25,25,0,,,
28.522,21474836500,5,20,1,79,1,ACK_exact_bare,3,3,,25,25,0,,,
28.639,4294967319,1,23,0,66,1,ACK_exact_bare,5,8,,25,25,0,,,
28.639,4294967319,1,23,1,67,1,ACK_exact_bare,3,7,,25,25,0,,,
28.73,21474836501,5,21,0,72,1,ACK_exact_bare,3,1,,25,25,0,,,
28.73,21474836501,5,21,1,79,1,ACK_exact_bare,3,3,,25,25,0,,,
28.743,12884901908,3,20,0,61,1,ACK_exact_bare,1,7,,25,25,0,,,
28.743,12884901908,3,20,1,71,1,ACK_exact_bare,1,8,,25,25,0,,,
28.743,12884901908,3,20,2,75,1,ACK_exact_bare,5,2,,25,25,0,,,
28.743,12884901908,3,20,3,80,1,ACK_exact_bare,5,3,,25,25,0,,,
28.743,12884901908,3,20,4,81,1,ACK_exact_bare,5,4,,25,25,0,,,
28.743,12884901908,3,20,5,82,6,ROUTING_actual_arl_section,5,4,3,65,65,0,49,49,INFO;UPDATE;UPDATE;FLUSH
28.743,12884901908,3,20,6,83,6,ROUTING_actual_arl_section,5,5,4,26,26,0,10,10,DELETE
29.068,12884901909,3,21,0,61,1,ACK_exact_bare,1,7,,25,25,0,,,
29.068,12884901909,3,21,1,71,1,ACK_exact_bare,1,8,,25,25,0,,,
29.068,12884901909,3,21,2,75,1,ACK_exact_bare,5,2,,25,25,0,,,
29.068,12884901909,3,21,3,80,1,ACK_exact_bare,5,3,,25,25,0,,,
29.068,12884901909,3,21,4,81,1,ACK_exact_bare,5,4,,25,25,0,,,
29.354,21474836502,5,22,0,72,1,ACK_exact_bare,3,1,,25,25,0,,,
29.354,21474836502,5,22,1,79,1,ACK_exact_bare,3,3,,25,25,0,,,
29.354,21474836502,5,22,2,84,6,ROUTING_actual_arl_section,3,5,4,65,65,0,49,49,INFO;UPDATE;UPDATE;FLUSH
29.354,21474836502,5,22,3,85,6,ROUTING_actual_arl_section,3,6,5,26,26,0,10,10,DELETE
29.536,4294967320,1,24,0,86,1,ACK_exact_bare,5,9,,25,25,0,,,
29.718,4294967321,1,25,0,86,1,ACK_exact_bare,5,9,,25,25,0,,,
29.77,12884901910,3,22,0,71,1,ACK_exact_bare,1,8,,25,25,0,,,
29.77,12884901910,3,22,1,75,1,ACK_exact_bare,5,2,,25,25,0,,,
29.77,12884901910,3,22,2,80,1,ACK_exact_bare,5,3,,25,25,0,,,
29.77,12884901910,3,22,3,81,1,ACK_exact_bare,5,4,,25,25,0,,,
29.77,12884901910,3,22,4,87,1,ACK_exact_bare,5,5,,25,25,0,,,
29.77,12884901910,3,22,5,88,1,ACK_exact_bare,5,6,,25,25,0,,,
29.77,12884901910,3,22,6,89,6,ROUTING_actual_arl_section,5,6,5,36,36,0,20,20,UPDATE
30.043,4294967322,1,26,0,86,1,ACK_exact_bare,5,9,,25,25,0,,,
30.043,4294967322,1,26,1,90,1,ACK_exact_bare,3,9,,25,25,0,,,
30.212,21474836503,5,23,0,79,1,ACK_exact_bare,3,3,,25,25,0,,,
30.212,21474836503,5,23,1,91,1,ACK_exact_bare,3,6,,25,25,0,,,
30.29,12884901911,3,23,0,75,1,ACK_exact_bare,5,2,,25,25,0,,,
30.29,12884901911,3,23,1,80,1,ACK_exact_bare,5,3,,25,25,0,,,
30.29,12884901911,3,23,2,81,1,ACK_exact_bare,5,4,,25,25,0,,,
30.29,12884901911,3,23,3,87,1,ACK_exact_bare,5,5,,25,25,0,,,
30.29,12884901911,3,23,4,88,1,ACK_exact_bare,5,6,,25,25,0,,,
30.498,12884901912,3,24,0,80,1,ACK_exact_bare,5,3,,25,25,0,,,
30.498,12884901912,3,24,1,81,1,ACK_exact_bare,5,4,,25,25,0,,,
30.498,12884901912,3,24,2,87,1,ACK_exact_bare,5,5,,25,25,0,,,
30.498,12884901912,3,24,3,88,1,ACK_exact_bare,5,6,,25,25,0,,,
30.498,12884901912,3,24,4,92,4,DISCOVER_broadcast,16777215,5,,19,19,0,,,
31.668,4294967323,1,27,0,86,1,ACK_exact_bare,5,9,,25,25,0,,,
31.668,4294967323,1,27,1,90,1,ACK_exact_bare,3,9,,25,25,0,,,
31.941,21474836504,5,24,0,91,1,ACK_exact_bare,3,6,,25,25,0,,,
32.019,4294967324,1,28,0,86,1,ACK_exact_bare,5,9,,25,25,0,,,
32.019,4294967324,1,28,1,90,1,ACK_exact_bare,3,9,,25,25,0,,,
32.201,12884901913,3,25,0,87,1,ACK_exact_bare,5,5,,25,25,0,,,
32.201,12884901913,3,25,1,88,1,ACK_exact_bare,5,6,,25,25,0,,,
32.201,12884901913,3,25,2,93,6,ROUTING_actual_arl_section,5,4,3,65,65,0,49,49,INFO;UPDATE;UPDATE;FLUSH
32.201,12884901913,3,25,3,94,6,ROUTING_actual_arl_section,5,5,4,26,26,0,10,10,DELETE
32.5,4294967325,1,29,0,90,1,ACK_exact_bare,3,9,,25,25,0,,,
32.5,4294967325,1,29,1,95,1,ACK_exact_bare,3,8,,25,25,0,,,
32.63,21474836505,5,25,0,91,1,ACK_exact_bare,3,6,,25,25,0,,,
32.63,21474836505,5,25,1,96,1,ACK_exact_bare,3,4,,25,25,0,,,
32.63,21474836505,5,25,2,97,1,ACK_exact_bare,3,5,,25,25,0,,,
32.63,21474836505,5,25,3,98,6,ROUTING_actual_arl_section,3,7,6,36,36,0,20,20,UPDATE
32.721,12884901914,3,26,0,87,1,ACK_exact_bare,5,5,,25,25,0,,,
32.721,12884901914,3,26,1,88,1,ACK_exact_bare,5,6,,25,25,0,,,
32.838,4294967326,1,30,0,90,1,ACK_exact_bare,3,9,,25,25,0,,,
32.838,4294967326,1,30,1,95,1,ACK_exact_bare,3,8,,25,25,0,,,
32.838,4294967326,1,30,2,99,1,ACK_exact_bare,5,10,,25,25,0,,,
32.968,21474836506,5,26,0,91,1,ACK_exact_bare,3,6,,25,25,0,,,
32.968,21474836506,5,26,1,96,1,ACK_exact_bare,3,4,,25,25,0,,,
32.968,21474836506,5,26,2,97,1,ACK_exact_bare,3,5,,25,25,0,,,
33.267,21474836507,5,27,0,91,1,ACK_exact_bare,3,6,,25,25,0,,,
33.267,21474836507,5,27,1,96,1,ACK_exact_bare,3,4,,25,25,0,,,
33.267,21474836507,5,27,2,97,1,ACK_exact_bare,3,5,,25,25,0,,,
33.514,4294967327,1,31,0,95,1,ACK_exact_bare,3,8,,25,25,0,,,
33.514,4294967327,1,31,1,99,1,ACK_exact_bare,5,10,,25,25,0,,,
33.683,21474836508,5,28,0,96,1,ACK_exact_bare,3,4,,25,25,0,,,
33.683,21474836508,5,28,1,97,1,ACK_exact_bare,3,5,,25,25,0,,,
33.956,4294967328,1,32,0,95,1,ACK_exact_bare,3,8,,25,25,0,,,
33.956,4294967328,1,32,1,99,1,ACK_exact_bare,5,10,,25,25,0,,,
34.034,21474836509,5,29,0,96,1,ACK_exact_bare,3,4,,25,25,0,,,
34.034,21474836509,5,29,1,97,1,ACK_exact_bare,3,5,,25,25,0,,,
34.489,4294967329,1,33,0,95,1,ACK_exact_bare,3,8,,25,25,0,,,
34.489,4294967329,1,33,1,99,1,ACK_exact_bare,5,10,,25,25,0,,,
34.879,4294967330,1,34,0,99,1,ACK_exact_bare,5,10,,25,25,0,,,
35.009,21474836510,5,30,0,100,6,ROUTING_actual_arl_section,3,7,6,36,36,0,20,20,UPDATE
35.347,4294967331,1,35,0,101,1,ACK_exact_bare,5,10,,25,25,0,,,
35.425,12884901915,3,27,0,102,1,ACK_exact_bare,5,7,,25,25,0,,,
35.425,12884901915,3,27,1,103,4,DISCOVER_broadcast,16777215,6,,19,19,0,,,
36.543,4294967332,1,36,0,101,1,ACK_exact_bare,5,10,,25,25,0,,,
36.595,12884901916,3,28,0,102,1,ACK_exact_bare,5,7,,25,25,0,,,
36.647,12884901917,3,29,0,102,1,ACK_exact_bare,5,7,,25,25,0,,,
36.725,4294967333,1,37,0,101,1,ACK_exact_bare,5,10,,25,25,0,,,
36.946,12884901918,3,30,0,102,1,ACK_exact_bare,5,7,,25,25,0,,,
37.011,4294967334,1,38,0,101,1,ACK_exact_bare,5,10,,25,25,0,,,
37.167,4294967335,1,39,0,101,1,ACK_exact_bare,5,10,,25,25,0,,,
37.271,12884901919,3,31,0,102,1,ACK_exact_bare,5,7,,25,25,0,,,
40.781,12884901920,3,32,0,104,6,ROUTING_normalized_legacy_request,1,10,6,16,23,7,0,7,
40.781,12884901920,3,32,1,105,6,ROUTING_normalized_legacy_request,5,7,7,16,23,7,0,7,
40.781,12884901920,3,32,2,106,7,SNMP_DONE,1,0,,31,31,0,,,
40.781,12884901920,3,32,3,107,7,SNMP_START,5,0,,31,31,0,,,
41.041,4294967336,1,40,0,108,1,ACK_exact_bare,3,10,,25,25,0,,,
41.041,4294967336,1,40,1,110,6,ROUTING_actual_arl_section,3,9,8,79,79,0,63,63,INFO;UPDATE;UPDATE;UPDATE;FLUSH
41.041,4294967336,1,40,2,109,7,SNMP_START,5,0,,31,31,0,,,
41.21,21474836511,5,31,0,111,1,ACK_exact_bare,3,7,,25,25,0,,,
41.21,21474836511,5,31,1,112,6,ROUTING_actual_arl_section,3,8,7,79,79,0,63,63,INFO;UPDATE;UPDATE;UPDATE;FLUSH
41.21,21474836511,5,31,2,113,4,DISCOVER_broadcast,16777215,7,,19,19,0,,,
42.367,4294967337,1,41,0,108,1,ACK_exact_bare,3,10,,25,25,0,,,
42.549,12884901921,3,33,0,114,1,ACK_exact_bare,1,9,,25,25,0,,,
42.549,12884901921,3,33,1,116,1,ACK_exact_bare,5,8,,25,25,0,,,
42.549,12884901921,3,33,2,118,5,NEIGHBOR_CHECK_discovery,5,8,,16,16,0,,,
42.653,17179869185,4,1,0,115,8,KEY_REQUEST,5,1,,18,18,0,,,
42.731,4294967338,1,42,0,108,1,ACK_exact_bare,3,10,,25,25,0,,,
42.731,4294967338,1,42,1,117,5,NEIGHBOR_CHECK_discovery,5,10,,16,16,0,,,
42.939,21474836512,5,32,0,111,1,ACK_exact_bare,3,7,,25,25,0,,,
42.939,21474836512,5,32,1,119,1,ACK_exact_bare,3,8,,25,25,0,,,
42.939,21474836512,5,32,2,121,1,ACK_exact_bare,1,10,,25,25,0,,,
42.939,21474836512,5,32,3,120,9,KEY_UPDATE,4,1,,62,62,0,,,
43.004,12884901922,3,34,0,114,1,ACK_exact_bare,1,9,,25,25,0,,,
43.004,12884901922,3,34,1,116,1,ACK_exact_bare,5,8,,25,25,0,,,
43.134,4294967339,1,43,0,108,1,ACK_exact_bare,3,10,,25,25,0,,,
43.186,4294967340,1,44,0,108,1,ACK_exact_bare,3,10,,25,25,0,,,
43.368,21474836513,5,33,0,111,1,ACK_exact_bare,3,7,,25,25,0,,,
43.368,21474836513,5,33,1,119,1,ACK_exact_bare,3,8,,25,25,0,,,
43.368,21474836513,5,33,2,121,1,ACK_exact_bare,1,10,,25,25,0,,,
43.472,12884901923,3,35,0,114,1,ACK_exact_bare,1,9,,25,25,0,,,
43.472,12884901923,3,35,1,116,1,ACK_exact_bare,5,8,,25,25,0,,,
43.563,17179869186,4,2,0,122,1,ACK_exact_bare,5,1,,25,25,0,,,
43.563,17179869186,4,2,1,123,9,KEY_UPDATE,5,2,,62,62,0,,,
43.745,21474836514,5,34,0,111,1,ACK_exact_bare,3,7,,25,25,0,,,
43.745,21474836514,5,34,1,119,1,ACK_exact_bare,3,8,,25,25,0,,,
43.745,21474836514,5,34,2,121,1,ACK_exact_bare,1,10,,25,25,0,,,
43.745,21474836514,5,34,3,125,1,ACK_exact_bare,4,2,,25,25,0,,,
43.745,21474836514,5,34,4,124,8,KEY_REQUEST,4,2,,18,18,0,,,
43.745,21474836514,5,34,5,126,5,NEIGHBOR_CHECK_overheard,4,3,,16,16,0,,,
43.914,17179869187,4,3,0,122,1,ACK_exact_bare,5,1,,25,25,0,,,
43.914,17179869187,4,3,1,129,1,ACK_exact_bare,5,3,,25,25,0,,,
43.914,17179869187,4,3,2,127,5,NEIGHBOR_CHECK_discovery,5,3,,16,16,0,,,
43.914,17179869187,4,3,3,128,5,NEIGHBOR_CHECK_overheard,5,4,,16,16,0,,,
43.914,12884901924,3,36,0,114,1,ACK_exact_bare,1,9,,25,25,0,,,
43.914,12884901924,3,36,1,116,1,ACK_exact_bare,5,8,,25,25,0,,,
44.031,21474836515,5,35,0,111,1,ACK_exact_bare,3,7,,25,25,0,,,
44.031,21474836515,5,35,1,119,1,ACK_exact_bare,3,8,,25,25,0,,,
44.031,21474836515,5,35,2,121,1,ACK_exact_bare,1,10,,25,25,0,,,
44.031,21474836515,5,35,3,125,1,ACK_exact_bare,4,2,,25,25,0,,,
44.031,21474836515,5,35,4,130,1,ACK_exact_bare,4,3,,25,25,0,,,
44.031,21474836515,5,35,5,131,1,ACK_exact_bare,4,4,,25,25,0,,,
44.031,21474836515,5,35,6,132,6,ROUTING_actual_arl_section,4,4,8,79,79,0,63,63,INFO;UPDATE;UPDATE;UPDATE;FLUSH
44.031,21474836515,5,35,7,133,6,ROUTING_actual_arl_section,4,5,9,26,26,0,10,10,DELETE
44.343,4294967341,1,45,0,134,1,ACK_exact_bare,5,11,,25,25,0,,,
44.395,17179869188,4,4,0,122,1,ACK_exact_bare,5,1,,25,25,0,,,
44.395,17179869188,4,4,1,129,1,ACK_exact_bare,5,3,,25,25,0,,,
44.395,17179869188,4,4,2,135,1,ACK_exact_bare,5,4,,25,25,0,,,
44.395,17179869188,4,4,3,136,1,ACK_exact_bare,5,5,,25,25,0,,,
44.395,17179869188,4,4,4,137,6,ROUTING_actual_arl_section,5,5,0,51,51,0,35,35,INFO;UPDATE;FLUSH
44.395,17179869188,4,4,5,138,6,ROUTING_actual_arl_section,5,6,1,70,70,0,54,54,UPDATE;UPDATE;UPDATE
44.434,12884901925,3,37,0,114,1,ACK_exact_bare,1,9,,25,25,0,,,
44.434,12884901925,3,37,1,116,1,ACK_exact_bare,5,8,,25,25,0,,,
44.434,12884901925,3,37,2,139,1,ACK_exact_bare,5,9,,25,25,0,,,
44.824,12884901926,3,38,0,139,1,ACK_exact_bare,5,9,,25,25,0,,,
44.915,17179869189,4,5,0,122,1,ACK_exact_bare,5,1,,25,25,0,,,
44.915,17179869189,4,5,1,129,1,ACK_exact_bare,5,3,,25,25,0,,,
44.915,17179869189,4,5,2,135,1,ACK_exact_bare,5,4,,25,25,0,,,
44.915,17179869189,4,5,3,136,1,ACK_exact_bare,5,5,,25,25,0,,,
44.915,21474836516,5,36,0,119,1,ACK_exact_bare,3,8,,25,25,0,,,
44.915,21474836516,5,36,1,121,1,ACK_exact_bare,1,10,,25,25,0,,,
44.915,21474836516,5,36,2,125,1,ACK_exact_bare,4,2,,25,25,0,,,
44.915,21474836516,5,36,3,130,1,ACK_exact_bare,4,3,,25,25,0,,,
44.915,21474836516,5,36,4,131,1,ACK_exact_bare,4,4,,25,25,0,,,
44.915,21474836516,5,36,5,140,1,ACK_exact_bare,4,5,,25,25,0,,,
44.915,21474836516,5,36,6,141,1,ACK_exact_bare,4,6,,25,25,0,,,
44.915,21474836516,5,36,7,142,6,ROUTING_actual_arl_section,4,6,10,36,36,0,20,20,UPDATE
45.162,4294967342,1,46,0,134,1,ACK_exact_bare,5,11,,25,25,0,,,
45.162,4294967342,1,46,1,143,1,ACK_exact_bare,5,12,,25,25,0,,,
45.162,4294967342,1,46,2,144,6,ROUTING_actual_arl_section,3,10,9,39,39,0,23,23,UPDATE
45.214,17179869190,4,6,0,122,1,ACK_exact_bare,5,1,,25,25,0,,,
45.214,17179869190,4,6,1,129,1,ACK_exact_bare,5,3,,25,25,0,,,
45.214,17179869190,4,6,2,135,1,ACK_exact_bare,5,4,,25,25,0,,,
45.214,17179869190,4,6,3,136,1,ACK_exact_bare,5,5,,25,25,0,,,
45.474,12884901927,3,39,0,139,1,ACK_exact_bare,5,9,,25,25,0,,,
45.474,12884901927,3,39,1,145,1,ACK_exact_bare,5,10,,25,25,0,,,
45.474,12884901927,3,39,2,147,1,ACK_exact_bare,1,10,,25,25,0,,,
45.474,12884901927,3,39,3,146,6,ROUTING_actual_arl_section,5,9,8,39,39,0,23,23,UPDATE
45.5,21474836517,5,37,0,125,1,ACK_exact_bare,4,2,,25,25,0,,,
45.5,21474836517,5,37,1,130,1,ACK_exact_bare,4,3,,25,25,0,,,
45.5,21474836517,5,37,2,131,1,ACK_exact_bare,4,4,,25,25,0,,,
45.5,21474836517,5,37,3,140,1,ACK_exact_bare,4,5,,25,25,0,,,
45.5,21474836517,5,37,4,141,1,ACK_exact_bare,4,6,,25,25,0,,,
45.5,21474836517,5,37,5,148,1,ACK_exact_bare,1,11,,25,25,0,,,
45.656,4294967343,1,47,0,134,1,ACK_exact_bare,5,11,,25,25,0,,,
45.656,4294967343,1,47,1,143,1,ACK_exact_bare,5,12,,25,25,0,,,
45.656,4294967343,1,47,2,149,1,ACK_exact_bare,3,11,,25,25,0,,,
45.708,21474836518,5,38,0,125,1,ACK_exact_bare,4,2,,25,25,0,,,
45.708,21474836518,5,38,1,130,1,ACK_exact_bare,4,3,,25,25,0,,,
45.708,21474836518,5,38,2,131,1,ACK_exact_bare,4,4,,25,25,0,,,
45.708,21474836518,5,38,3,140,1,ACK_exact_bare,4,5,,25,25,0,,,
45.708,21474836518,5,38,4,141,1,ACK_exact_bare,4,6,,25,25,0,,,
45.708,21474836518,5,38,5,148,1,ACK_exact_bare,1,11,,25,25,0,,,
45.851,12884901928,3,40,0,139,1,ACK_exact_bare,5,9,,25,25,0,,,
45.851,12884901928,3,40,1,145,1,ACK_exact_bare,5,10,,25,25,0,,,
45.851,12884901928,3,40,2,147,1,ACK_exact_bare,1,10,,25,25,0,,,
45.929,21474836519,5,39,0,130,1,ACK_exact_bare,4,3,,25,25,0,,,
45.929,21474836519,5,39,1,131,1,ACK_exact_bare,4,4,,25,25,0,,,
45.929,21474836519,5,39,2,140,1,ACK_exact_bare,4,5,,25,25,0,,,
45.929,21474836519,5,39,3,141,1,ACK_exact_bare,4,6,,25,25,0,,,
45.929,21474836519,5,39,4,148,1,ACK_exact_bare,1,11,,25,25,0,,,
45.929,21474836519,5,39,5,150,4,DISCOVER_broadcast,16777215,8,,19,19,0,,,
47.138,21474836520,5,40,0,140,1,ACK_exact_bare,4,5,,25,25,0,,,
47.138,21474836520,5,40,1,141,1,ACK_exact_bare,4,6,,25,25,0,,,
47.138,21474836520,5,40,2,148,1,ACK_exact_bare,1,11,,25,25,0,,,
47.138,21474836520,5,40,3,151,6,ROUTING_actual_arl_section,4,6,10,36,36,0,20,20,UPDATE
47.281,17179869191,4,7,0,129,1,ACK_exact_bare,5,3,,25,25,0,,,
47.281,17179869191,4,7,1,135,1,ACK_exact_bare,5,4,,25,25,0,,,
47.281,17179869191,4,7,2,136,1,ACK_exact_bare,5,5,,25,25,0,,,
47.281,17179869191,4,7,3,153,1,ACK_exact_bare,5,6,,25,25,0,,,
47.372,12884901929,3,41,0,139,1,ACK_exact_bare,5,9,,25,25,0,,,
47.372,12884901929,3,41,1,145,1,ACK_exact_bare,5,10,,25,25,0,,,
47.372,12884901929,3,41,2,147,1,ACK_exact_bare,1,10,,25,25,0,,,
47.515,12884901930,3,42,0,145,1,ACK_exact_bare,5,10,,25,25,0,,,
47.515,12884901930,3,42,1,147,1,ACK_exact_bare,1,10,,25,25,0,,,
47.515,12884901930,3,42,2,155,6,ROUTING_actual_arl_section,5,9,8,39,39,0,23,23,UPDATE
47.723,4294967344,1,48,0,134,1,ACK_exact_bare,5,11,,25,25,0,,,
47.723,4294967344,1,48,1,143,1,ACK_exact_bare,5,12,,25,25,0,,,
47.723,4294967344,1,48,2,149,1,ACK_exact_bare,3,11,,25,25,0,,,
47.736,17179869192,4,8,0,135,1,ACK_exact_bare,5,4,,25,25,0,,,
47.736,17179869192,4,8,1,136,1,ACK_exact_bare,5,5,,25,25,0,,,
47.736,17179869192,4,8,2,153,1,ACK_exact_bare,5,6,,25,25,0,,,
47.957,4294967345,1,49,0,134,1,ACK_exact_bare,5,11,,25,25,0,,,
47.957,4294967345,1,49,1,143,1,ACK_exact_bare,5,12,,25,25,0,,,
47.957,4294967345,1,49,2,149,1,ACK_exact_bare,3,11,,25,25,0,,,
48.061,21474836521,5,41,0,148,1,ACK_exact_bare,1,11,,25,25,0,,,
48.061,21474836521,5,41,1,157,1,ACK_exact_bare,3,9,,25,25,0,,,
48.191,4294967346,1,50,0,143,1,ACK_exact_bare,5,12,,25,25,0,,,
48.191,4294967346,1,50,1,149,1,ACK_exact_bare,3,11,,25,25,0,,,
48.295,17179869193,4,9,0,153,1,ACK_exact_bare,5,6,,25,25,0,,,
48.321,4294967347,1,51,0,149,1,ACK_exact_bare,3,11,,25,25,0,,,
48.386,12884901931,3,43,0,145,1,ACK_exact_bare,5,10,,25,25,0,,,
48.386,12884901931,3,43,1,147,1,ACK_exact_bare,1,10,,25,25,0,,,
48.633,21474836522,5,42,0,157,1,ACK_exact_bare,3,9,,25,25,0,,,
48.789,17179869194,4,10,0,153,1,ACK_exact_bare,5,6,,25,25,0,,,
48.854,21474836523,5,43,0,157,1,ACK_exact_bare,3,9,,25,25,0,,,
48.971,17179869195,4,11,0,153,1,ACK_exact_bare,5,6,,25,25,0,,,
49.075,21474836524,5,44,0,157,1,ACK_exact_bare,3,9,,25,25,0,,,
49.322,21474836525,5,45,0,157,1,ACK_exact_bare,3,9,,25,25,0,,,
51.233,21474836526,5,46,0,158,4,DISCOVER_broadcast,16777215,9,,19,19,0,,,
56.173,21474836527,5,47,0,159,6,ROUTING_normalized_legacy_request,1,13,11,16,23,7,0,7,
56.173,21474836527,5,47,1,160,6,ROUTING_normalized_legacy_request,3,11,12,16,23,7,0,7,
56.173,21474836527,5,47,2,161,6,ROUTING_normalized_legacy_request,4,7,13,16,23,7,0,7,
56.173,21474836527,5,47,3,162,7,SNMP_DONE,3,0,,31,31,0,,,
56.173,21474836527,5,47,4,163,7,SNMP_DONE,1,0,,31,31,0,,,
56.173,21474836527,5,47,5,164,7,SNMP_START,4,0,,31,31,0,,,
56.407,12884901932,3,44,0,171,1,ACK_exact_bare,5,11,,25,25,0,,,
56.407,12884901932,3,44,1,173,6,ROUTING_actual_arl_section,5,10,9,96,96,0,80,80,INFO;UPDATE;UPDATE;UPDATE;UPDATE;FLUSH
56.407,12884901932,3,44,2,172,7,SNMP_START,5,0,,31,31,0,,,
56.42,17179869196,4,12,0,168,1,ACK_exact_bare,5,7,,25,25,0,,,
56.42,17179869196,4,12,1,169,6,ROUTING_actual_arl_section,5,7,2,99,99,0,83,83,INFO;UPDATE;UPDATE;UPDATE;UPDATE;FLUSH
56.42,17179869196,4,12,2,170,4,DISCOVER_broadcast,16777215,10,,19,19,0,,,
56.719,12884901933,3,45,0,171,1,ACK_exact_bare,5,11,,25,25,0,,,
56.914,4294967348,1,52,0,165,1,ACK_exact_bare,5,13,,25,25,0,,,
56.914,4294967348,1,52,1,167,6,ROUTING_actual_arl_section,5,12,10,96,96,0,80,80,INFO;UPDATE;UPDATE;UPDATE;UPDATE;FLUSH
56.914,4294967348,1,52,2,166,7,SNMP_START,5,0,,31,31,0,,,
57.122,12884901934,3,46,0,171,1,ACK_exact_bare,5,11,,25,25,0,,,
57.291,4294967349,1,53,0,165,1,ACK_exact_bare,5,13,,25,25,0,,,
57.46,4294967350,1,54,0,165,1,ACK_exact_bare,5,13,,25,25,0,,,
57.525,4294967351,1,55,0,165,1,ACK_exact_bare,5,13,,25,25,0,,,
57.629,12884901935,3,47,0,171,1,ACK_exact_bare,5,11,,25,25,0,,,
57.681,4294967352,1,56,0,165,1,ACK_exact_bare,5,13,,25,25,0,,,
57.733,12884901936,3,48,0,171,1,ACK_exact_bare,5,11,,25,25,0,,,
57.772,17179869197,4,13,0,168,1,ACK_exact_bare,5,7,,25,25,0,,,
57.863,17179869198,4,14,0,168,1,ACK_exact_bare,5,7,,25,25,0,,,
57.967,8589934593,2,1,0,175,8,KEY_REQUEST,4,1,,18,18,0,,,
57.967,21474836528,5,48,0,174,1,ACK_exact_bare,4,7,,25,25,0,,,
57.967,21474836528,5,48,1,176,5,NEIGHBOR_CHECK_discovery,4,8,,16,16,0,,,
58.058,21474836529,5,49,0,174,1,ACK_exact_bare,4,7,,25,25,0,,,
58.396,21474836530,5,50,0,174,1,ACK_exact_bare,4,7,,25,25,0,,,
58.461,17179869199,4,15,0,168,1,ACK_exact_bare,5,7,,25,25,0,,,
58.461,17179869199,4,15,1,177,1,ACK_exact_bare,5,8,,25,25,0,,,
58.591,17179869200,4,16,0,168,1,ACK_exact_bare,5,7,,25,25,0,,,
58.591,17179869200,4,16,1,177,1,ACK_exact_bare,5,8,,25,25,0,,,
58.734,17179869201,4,17,0,177,1,ACK_exact_bare,5,8,,25,25,0,,,
58.838,21474836531,5,51,0,174,1,ACK_exact_bare,4,7,,25,25,0,,,
58.89,12884901937,3,49,0,178,6,ROUTING_actual_arl_section,5,10,9,96,96,0,80,80,INFO;UPDATE;UPDATE;UPDATE;UPDATE;FLUSH
59.033,4294967353,1,57,0,179,6,ROUTING_actual_arl_section,5,12,10,96,96,0,80,80,INFO;UPDATE;UPDATE;UPDATE;UPDATE;FLUSH
59.098,17179869202,4,18,0,177,1,ACK_exact_bare,5,8,,25,25,0,,,
59.358,17179869203,4,19,0,177,1,ACK_exact_bare,5,8,,25,25,0,,,
59.553,21474836532,5,52,0,174,1,ACK_exact_bare,4,7,,25,25,0,,,
59.553,21474836532,5,52,1,180,1,ACK_exact_bare,3,10,,25,25,0,,,
59.553,21474836532,5,52,2,181,1,ACK_exact_bare,1,12,,25,25,0,,,
59.735,21474836533,5,53,0,180,1,ACK_exact_bare,3,10,,25,25,0,,,
59.735,21474836533,5,53,1,181,1,ACK_exact_bare,1,12,,25,25,0,,,
60.203,21474836534,5,54,0,180,1,ACK_exact_bare,3,10,,25,25,0,,,
60.203,21474836534,5,54,1,181,1,ACK_exact_bare,1,12,,25,25,0,,,
60.593,21474836535,5,55,0,180,1,ACK_exact_bare,3,10,,25,25,0,,,
60.593,21474836535,5,55,1,181,1,ACK_exact_bare,1,12,,25,25,0,,,
61.009,21474836536,5,56,0,180,1,ACK_exact_bare,3,10,,25,25,0,,,
61.009,21474836536,5,56,1,181,1,ACK_exact_bare,1,12,,25,25,0,,,
61.555,17179869204,4,20,0,182,4,DISCOVER_broadcast,16777215,11,,19,19,0,,,
62.829,8589934594,2,2,0,184,8,KEY_REQUEST,4,3,,18,18,0,,,
62.985,17179869205,4,21,0,185,9,KEY_UPDATE,2,1,,62,62,0,,,
63.167,8589934595,2,3,0,186,1,ACK_exact_bare,4,1,,25,25,0,,,
63.167,8589934595,2,3,1,187,9,KEY_UPDATE,4,4,,62,62,0,,,
63.284,17179869206,4,22,0,189,1,ACK_exact_bare,2,4,,25,25,0,,,
63.284,17179869206,4,22,1,188,8,KEY_REQUEST,2,2,,18,18,0,,,
63.284,17179869206,4,22,2,190,5,NEIGHBOR_CHECK_overheard,2,3,,16,16,0,,,
63.583,17179869207,4,23,0,189,1,ACK_exact_bare,2,4,,25,25,0,,,
63.687,8589934596,2,4,0,186,1,ACK_exact_bare,4,1,,25,25,0,,,
63.687,8589934596,2,4,1,193,1,ACK_exact_bare,4,3,,25,25,0,,,
63.687,8589934596,2,4,2,191,5,NEIGHBOR_CHECK_discovery,4,5,,16,16,0,,,
63.687,8589934596,2,4,3,192,5,NEIGHBOR_CHECK_overheard,4,6,,16,16,0,,,
63.804,8589934597,2,5,0,186,1,ACK_exact_bare,4,1,,25,25,0,,,
63.804,8589934597,2,5,1,193,1,ACK_exact_bare,4,3,,25,25,0,,,
64.012,8589934598,2,6,0,186,1,ACK_exact_bare,4,1,,25,25,0,,,
64.012,8589934598,2,6,1,193,1,ACK_exact_bare,4,3,,25,25,0,,,
64.207,17179869208,4,24,0,189,1,ACK_exact_bare,2,4,,25,25,0,,,
64.207,17179869208,4,24,1,194,1,ACK_exact_bare,2,5,,25,25,0,,,
64.207,17179869208,4,24,2,195,1,ACK_exact_bare,2,6,,25,25,0,,,
64.207,17179869208,4,24,3,196,6,ROUTING_actual_arl_section,2,4,3,99,99,0,83,83,INFO;UPDATE;UPDATE;UPDATE;UPDATE;FLUSH
64.207,17179869208,4,24,4,197,6,ROUTING_actual_arl_section,2,5,4,26,26,0,10,10,DELETE
64.519,8589934599,2,7,0,186,1,ACK_exact_bare,4,1,,25,25,0,,,
64.519,8589934599,2,7,1,193,1,ACK_exact_bare,4,3,,25,25,0,,,
64.519,8589934599,2,7,2,199,1,ACK_exact_bare,4,4,,25,25,0,,,
64.519,8589934599,2,7,3,200,1,ACK_exact_bare,4,5,,25,25,0,,,
64.519,8589934599,2,7,4,201,6,ROUTING_actual_arl_section,4,7,0,51,51,0,35,35,INFO;UPDATE;FLUSH
64.519,8589934599,2,7,5,202,6,ROUTING_actual_arl_section,4,8,1,93,93,0,77,77,UPDATE;UPDATE;UPDATE;UPDATE
64.688,21474836537,5,57,0,198,1,ACK_exact_bare,4,8,,25,25,0,,,
64.831,21474836538,5,58,0,198,1,ACK_exact_bare,4,8,,25,25,0,,,
64.883,17179869209,4,25,0,189,1,ACK_exact_bare,2,4,,25,25,0,,,
64.883,17179869209,4,25,1,194,1,ACK_exact_bare,2,5,,25,25,0,,,
64.883,17179869209,4,25,2,195,1,ACK_exact_bare,2,6,,25,25,0,,,
64.883,17179869209,4,25,3,203,1,ACK_exact_bare,2,7,,25,25,0,,,
64.883,17179869209,4,25,4,204,1,ACK_exact_bare,2,8,,25,25,0,,,
64.883,17179869209,4,25,5,205,6,ROUTING_actual_arl_section,2,6,5,36,36,0,20,20,UPDATE
65.078,8589934600,2,8,0,193,1,ACK_exact_bare,4,3,,25,25,0,,,
65.078,8589934600,2,8,1,199,1,ACK_exact_bare,4,4,,25,25,0,,,
65.078,8589934600,2,8,2,200,1,ACK_exact_bare,4,5,,25,25,0,,,
65.078,8589934600,2,8,3,208,1,ACK_exact_bare,4,6,,25,25,0,,,
65.403,21474836539,5,59,0,198,1,ACK_exact_bare,4,8,,25,25,0,,,
65.403,21474836539,5,59,1,206,1,ACK_exact_bare,4,9,,25,25,0,,,
65.403,21474836539,5,59,2,207,6,ROUTING_actual_arl_section,4,9,14,39,39,0,23,23,UPDATE
65.468,8589934601,2,9,0,199,1,ACK_exact_bare,4,4,,25,25,0,,,
65.468,8589934601,2,9,1,200,1,ACK_exact_bare,4,5,,25,25,0,,,
65.468,8589934601,2,9,2,208,1,ACK_exact_bare,4,6,,25,25,0,,,
65.559,17179869210,4,26,0,189,1,ACK_exact_bare,2,4,,25,25,0,,,
65.559,17179869210,4,26,1,194,1,ACK_exact_bare,2,5,,25,25,0,,,
65.559,17179869210,4,26,2,195,1,ACK_exact_bare,2,6,,25,25,0,,,
65.559,17179869210,4,26,3,203,1,ACK_exact_bare,2,7,,25,25,0,,,
65.559,17179869210,4,26,4,204,1,ACK_exact_bare,2,8,,25,25,0,,,
65.559,17179869210,4,26,5,211,1,ACK_exact_bare,5,9,,25,25,0,,,
65.741,4294967354,1,58,0,209,1,ACK_exact_bare,5,14,,25,25,0,,,
65.741,4294967354,1,58,1,210,6,ROUTING_actual_arl_section,3,11,11,42,42,0,26,26,UPDATE
65.91,17179869211,4,27,0,194,1,ACK_exact_bare,2,5,,25,25,0,,,
65.91,17179869211,4,27,1,195,1,ACK_exact_bare,2,6,,25,25,0,,,
65.91,17179869211,4,27,2,203,1,ACK_exact_bare,2,7,,25,25,0,,,
65.91,17179869211,4,27,3,204,1,ACK_exact_bare,2,8,,25,25,0,,,
65.91,17179869211,4,27,4,211,1,ACK_exact_bare,5,9,,25,25,0,,,
65.936,4294967355,1,59,0,209,1,ACK_exact_bare,5,14,,25,25,0,,,
66.027,12884901938,3,50,0,212,1,ACK_exact_bare,1,11,,25,25,0,,,
66.027,12884901938,3,50,1,213,6,ROUTING_actual_arl_section,5,11,10,45,45,0,29,29,UPDATE
66.118,8589934602,2,10,0,199,1,ACK_exact_bare,4,4,,25,25,0,,,
66.118,8589934602,2,10,1,200,1,ACK_exact_bare,4,5,,25,25,0,,,
66.118,8589934602,2,10,2,208,1,ACK_exact_bare,4,6,,25,25,0,,,
66.222,21474836540,5,60,0,198,1,ACK_exact_bare,4,8,,25,25,0,,,
66.222,21474836540,5,60,1,206,1,ACK_exact_bare,4,9,,25,25,0,,,
66.222,21474836540,5,60,2,214,1,ACK_exact_bare,1,13,,25,25,0,,,
66.339,4294967356,1,60,0,209,1,ACK_exact_bare,5,14,,25,25,0,,,
66.339,4294967356,1,60,1,215,1,ACK_exact_bare,3,12,,25,25,0,,,
66.43,8589934603,2,11,0,199,1,ACK_exact_bare,4,4,,25,25,0,,,
66.43,8589934603,2,11,1,200,1,ACK_exact_bare,4,5,,25,25,0,,,
66.43,8589934603,2,11,2,208,1,ACK_exact_bare,4,6,,25,25,0,,,
66.573,8589934604,2,12,0,208,1,ACK_exact_bare,4,6,,25,25,0,,,
66.599,21474836541,5,61,0,198,1,ACK_exact_bare,4,8,,25,25,0,,,
66.599,21474836541,5,61,1,206,1,ACK_exact_bare,4,9,,25,25,0,,,
66.599,21474836541,5,61,2,214,1,ACK_exact_bare,1,13,,25,25,0,,,
66.638,17179869212,4,28,0,194,1,ACK_exact_bare,2,5,,25,25,0,,,
66.638,17179869212,4,28,1,195,1,ACK_exact_bare,2,6,,25,25,0,,,
66.638,17179869212,4,28,2,203,1,ACK_exact_bare,2,7,,25,25,0,,,
66.638,17179869212,4,28,3,204,1,ACK_exact_bare,2,8,,25,25,0,,,
66.638,17179869212,4,28,4,211,1,ACK_exact_bare,5,9,,25,25,0,,,
66.638,17179869212,4,28,5,216,4,DISCOVER_broadcast,16777215,12,,19,19,0,,,
66.781,12884901939,3,51,0,212,1,ACK_exact_bare,1,11,,25,25,0,,,
66.859,12884901940,3,52,0,212,1,ACK_exact_bare,1,11,,25,25,0,,,
66.95,4294967357,1,61,0,209,1,ACK_exact_bare,5,14,,25,25,0,,,
66.95,4294967357,1,61,1,215,1,ACK_exact_bare,3,12,,25,25,0,,,
67.08,4294967358,1,62,0,209,1,ACK_exact_bare,5,14,,25,25,0,,,
67.08,4294967358,1,62,1,215,1,ACK_exact_bare,3,12,,25,25,0,,,
67.158,4294967359,1,63,0,215,1,ACK_exact_bare,3,12,,25,25,0,,,
67.353,4294967360,1,64,0,215,1,ACK_exact_bare,3,12,,25,25,0,,,
67.47,12884901941,3,53,0,212,1,ACK_exact_bare,1,11,,25,25,0,,,
67.808,21474836542,5,62,0,206,1,ACK_exact_bare,4,9,,25,25,0,,,
67.808,21474836542,5,62,1,214,1,ACK_exact_bare,1,13,,25,25,0,,,
67.808,21474836542,5,62,2,217,6,ROUTING_actual_arl_section,4,9,14,39,39,0,23,23,UPDATE
67.951,17179869213,4,29,0,203,1,ACK_exact_bare,2,7,,25,25,0,,,
67.951,17179869213,4,29,1,204,1,ACK_exact_bare,2,8,,25,25,0,,,
67.951,17179869213,4,29,2,211,1,ACK_exact_bare,5,9,,25,25,0,,,
67.964,12884901942,3,54,0,212,1,ACK_exact_bare,1,11,,25,25,0,,,
67.964,12884901942,3,54,1,220,1,ACK_exact_bare,5,12,,25,25,0,,,
67.964,12884901942,3,54,2,221,6,ROUTING_actual_arl_section,5,12,11,42,42,0,26,26,UPDATE
68.263,17179869214,4,30,0,211,1,ACK_exact_bare,5,9,,25,25,0,,,
68.328,12884901943,3,55,0,220,1,ACK_exact_bare,5,12,,25,25,0,,,
68.328,12884901943,3,55,1,222,6,ROUTING_actual_arl_section,5,11,10,45,45,0,29,29,UPDATE
68.445,21474836543,5,63,0,206,1,ACK_exact_bare,4,9,,25,25,0,,,
68.445,21474836543,5,63,1,214,1,ACK_exact_bare,1,13,,25,25,0,,,
68.445,21474836543,5,63,2,225,1,ACK_exact_bare,3,11,,25,25,0,,,
68.627,4294967361,1,65,0,218,1,ACK_exact_bare,5,14,,25,25,0,,,
68.627,4294967361,1,65,1,223,1,ACK_exact_bare,3,13,,25,25,0,,,
68.627,4294967361,1,65,2,224,1,ACK_exact_bare,3,12,,25,25,0,,,
68.809,21474836544,5,64,0,214,1,ACK_exact_bare,1,13,,25,25,0,,,
68.809,21474836544,5,64,1,225,1,ACK_exact_bare,3,11,,25,25,0,,,
68.939,4294967362,1,66,0,218,1,ACK_exact_bare,5,14,,25,25,0,,,
68.939,4294967362,1,66,1,223,1,ACK_exact_bare,3,13,,25,25,0,,,
68.939,4294967362,1,66,2,224,1,ACK_exact_bare,3,12,,25,25,0,,,
69.134,12884901944,3,56,0,220,1,ACK_exact_bare,5,12,,25,25,0,,,
69.251,4294967363,1,67,0,218,1,ACK_exact_bare,5,14,,25,25,0,,,
69.251,4294967363,1,67,1,223,1,ACK_exact_bare,3,13,,25,25,0,,,
69.251,4294967363,1,67,2,224,1,ACK_exact_bare,3,12,,25,25,0,,,
69.355,21474836545,5,65,0,225,1,ACK_exact_bare,3,11,,25,25,0,,,
69.485,12884901945,3,57,0,220,1,ACK_exact_bare,5,12,,25,25,0,,,
69.537,21474836546,5,66,0,225,1,ACK_exact_bare,3,11,,25,25,0,,,
69.654,21474836547,5,67,0,225,1,ACK_exact_bare,3,11,,25,25,0,,,
69.745,12884901946,3,58,0,220,1,ACK_exact_bare,5,12,,25,25,0,,,
69.823,4294967364,1,68,0,218,1,ACK_exact_bare,5,14,,25,25,0,,,
69.823,4294967364,1,68,1,223,1,ACK_exact_bare,3,13,,25,25,0,,,
69.823,4294967364,1,68,2,224,1,ACK_exact_bare,3,12,,25,25,0,,,
70.187,4294967365,1,69,0,218,1,ACK_exact_bare,5,14,,25,25,0,,,
70.187,4294967365,1,69,1,223,1,ACK_exact_bare,3,13,,25,25,0,,,
70.187,4294967365,1,69,2,224,1,ACK_exact_bare,3,12,,25,25,0,,,
70.343,12884901947,3,59,0,226,6,ROUTING_actual_arl_section,5,12,11,42,42,0,26,26,UPDATE
70.707,4294967366,1,70,0,227,1,ACK_exact_bare,3,13,,25,25,0,,,
70.98,4294967367,1,71,0,227,1,ACK_exact_bare,3,13,,25,25,0,,,
71.032,4294967368,1,72,0,227,1,ACK_exact_bare,3,13,,25,25,0,,,
71.422,4294967369,1,73,0,227,1,ACK_exact_bare,3,13,,25,25,0,,,
71.513,4294967370,1,74,0,227,1,ACK_exact_bare,3,13,,25,25,0,,,
71.708,17179869215,4,31,0,228,6,ROUTING_normalized_legacy_request,2,7,6,16,23,7,0,7,
71.708,17179869215,4,31,1,229,6,ROUTING_normalized_legacy_request,5,10,7,16,23,7,0,7,
71.708,17179869215,4,31,2,230,7,SNMP_DONE,5,0,,31,31,0,,,
71.708,17179869215,4,31,3,231,7,SNMP_START,2,0,,31,31,0,,,
71.942,21474836548,5,68,0,232,1,ACK_exact_bare,4,10,,25,25,0,,,
71.942,21474836548,5,68,1,234,6,ROUTING_actual_arl_section,4,10,15,110,110,0,94,94,INFO;UPDATE;UPDATE;UPDATE;UPDATE;UPDATE;FLUSH
71.942,21474836548,5,68,2,233,7,SNMP_START,1,0,,31,31,0,,,
72.202,8589934605,2,13,0,235,1,ACK_exact_bare,4,7,,25,25,0,,,
72.202,8589934605,2,13,1,236,6,ROUTING_actual_arl_section,4,9,2,122,122,0,106,106,INFO;UPDATE;UPDATE;UPDATE;UPDATE;UPDATE;FLUSH
72.202,8589934605,2,13,2,237,4,DISCOVER_broadcast,16777215,13,,19,19,0,,,
72.345,21474836549,5,69,0,232,1,ACK_exact_bare,4,10,,25,25,0,,,
72.566,4294967371,1,75,0,238,4,DISCOVER_broadcast,16777215,14,,19,19,0,,,
73.463,17179869216,4,32,0,239,1,ACK_exact_bare,5,10,,25,25,0,,,
73.463,17179869216,4,32,1,242,1,ACK_exact_bare,2,9,,25,25,0,,,
73.463,17179869216,4,32,2,240,6,ROUTING_actual_arl_section,2,8,8,56,56,0,40,40,UPDATE;UPDATE
73.463,17179869216,4,32,3,244,5,NEIGHBOR_CHECK_discovery,2,9,,16,16,0,,,
73.619,21474836550,5,70,0,232,1,ACK_exact_bare,4,10,,25,25,0,,,
73.645,8589934606,2,14,0,235,1,ACK_exact_bare,4,7,,25,25,0,,,
73.645,8589934606,2,14,1,245,1,ACK_exact_bare,4,8,,25,25,0,,,
73.645,8589934606,2,14,2,246,1,ACK_exact_bare,4,9,,25,25,0,,,
73.645,8589934606,2,14,3,247,6,ROUTING_actual_arl_section,4,10,3,62,62,0,46,46,UPDATE;UPDATE
73.736,12884901948,3,60,0,241,6,ROUTING_actual_arl_section,5,12,11,42,42,0,26,26,UPDATE
73.736,12884901948,3,60,1,248,5,NEIGHBOR_CHECK_discovery,1,14,,16,16,0,,,
73.749,17179869217,4,33,0,239,1,ACK_exact_bare,5,10,,25,25,0,,,
73.749,17179869217,4,33,1,242,1,ACK_exact_bare,2,9,,25,25,0,,,
73.879,4294967372,1,76,0,250,1,ACK_exact_bare,3,13,,25,25,0,,,
73.879,4294967372,1,76,1,251,1,ACK_exact_bare,3,14,,25,25,0,,,
73.905,34359738369,8,1,0,243,8,KEY_REQUEST,2,1,,18,18,0,,,
74.035,8589934607,2,15,0,235,1,ACK_exact_bare,4,7,,25,25,0,,,
74.035,8589934607,2,15,1,245,1,ACK_exact_bare,4,8,,25,25,0,,,
74.035,8589934607,2,15,2,246,1,ACK_exact_bare,4,9,,25,25,0,,,
74.035,8589934607,2,15,3,254,9,KEY_UPDATE,8,1,,62,62,0,,,
74.139,21474836551,5,71,0,232,1,ACK_exact_bare,4,10,,25,25,0,,,
74.139,21474836551,5,71,1,252,1,ACK_exact_bare,3,12,,25,25,0,,,
74.139,21474836551,5,71,2,249,5,NEIGHBOR_CHECK_discovery,1,15,,16,16,0,,,
74.139,21474836551,5,71,3,253,6,ROUTING_actual_arl_section,4,10,15,110,110,0,94,94,INFO;UPDATE;UPDATE;UPDATE;UPDATE;UPDATE;FLUSH
74.23,34359738370,8,2,0,255,1,ACK_exact_bare,2,1,,25,25,0,,,
74.23,34359738370,8,2,1,256,9,KEY_UPDATE,2,2,,62,62,0,,,
74.269,17179869218,4,34,0,239,1,ACK_exact_bare,5,10,,25,25,0,,,
74.269,17179869218,4,34,1,242,1,ACK_exact_bare,2,9,,25,25,0,,,
74.373,4294967373,1,77,0,250,1,ACK_exact_bare,3,13,,25,25,0,,,
74.373,4294967373,1,77,1,251,1,ACK_exact_bare,3,14,,25,25,0,,,
74.373,4294967373,1,77,2,257,1,ACK_exact_bare,5,15,,25,25,0,,,
74.399,17179869219,4,35,0,239,1,ACK_exact_bare,5,10,,25,25,0,,,
74.399,17179869219,4,35,1,242,1,ACK_exact_bare,2,9,,25,25,0,,,
74.49,8589934608,2,16,0,235,1,ACK_exact_bare,4,7,,25,25,0,,,
74.49,8589934608,2,16,1,245,1,ACK_exact_bare,4,8,,25,25,0,,,
74.49,8589934608,2,16,2,246,1,ACK_exact_bare,4,9,,25,25,0,,,
74.49,8589934608,2,16,3,259,1,ACK_exact_bare,8,2,,25,25,0,,,
74.49,8589934608,2,16,4,258,8,KEY_REQUEST,8,2,,18,18,0,,,
74.49,8589934608,2,16,5,260,5,NEIGHBOR_CHECK_overheard,8,3,,16,16,0,,,
74.581,21474836552,5,72,0,232,1,ACK_exact_bare,4,10,,25,25,0,,,
74.581,21474836552,5,72,1,252,1,ACK_exact_bare,3,12,,25,25,0,,,
74.698,34359738371,8,3,0,255,1,ACK_exact_bare,2,1,,25,25,0,,,
74.698,34359738371,8,3,1,263,1,ACK_exact_bare,2,3,,25,25,0,,,
74.698,34359738371,8,3,2,261,5,NEIGHBOR_CHECK_discovery,2,3,,16,16,0,,,
74.698,34359738371,8,3,3,262,5,NEIGHBOR_CHECK_overheard,2,4,,16,16,0,,,
74.802,17179869220,4,36,0,239,1,ACK_exact_bare,5,10,,25,25,0,,,
74.802,17179869220,4,36,1,242,1,ACK_exact_bare,2,9,,25,25,0,,,
74.815,4294967374,1,78,0,250,1,ACK_exact_bare,3,13,,25,25,0,,,
74.815,4294967374,1,78,1,251,1,ACK_exact_bare,3,14,,25,25,0,,,
74.815,4294967374,1,78,2,257,1,ACK_exact_bare,5,15,,25,25,0,,,
74.893,21474836553,5,73,0,252,1,ACK_exact_bare,3,12,,25,25,0,,,
74.984,8589934609,2,17,0,235,1,ACK_exact_bare,4,7,,25,25,0,,,
74.984,8589934609,2,17,1,245,1,ACK_exact_bare,4,8,,25,25,0,,,
74.984,8589934609,2,17,2,246,1,ACK_exact_bare,4,9,,25,25,0,,,
74.984,8589934609,2,17,3,259,1,ACK_exact_bare,8,2,,25,25,0,,,
74.984,8589934609,2,17,4,264,1,ACK_exact_bare,8,3,,25,25,0,,,
74.984,8589934609,2,17,5,265,1,ACK_exact_bare,8,4,,25,25,0,,,
74.997,21474836554,5,74,0,252,1,ACK_exact_bare,3,12,,25,25,0,,,
75.075,4294967375,1,79,0,250,1,ACK_exact_bare,3,13,,25,25,0,,,
75.075,4294967375,1,79,1,251,1,ACK_exact_bare,3,14,,25,25,0,,,
75.075,4294967375,1,79,2,257,1,ACK_exact_bare,5,15,,25,25,0,,,
75.179,34359738372,8,4,0,255,1,ACK_exact_bare,2,1,,25,25,0,,,
75.179,34359738372,8,4,1,263,1,ACK_exact_bare,2,3,,25,25,0,,,
75.179,34359738372,8,4,2,268,6,ROUTING_actual_arl_section,2,5,0,51,51,0,35,35,INFO;UPDATE;FLUSH
75.179,34359738372,8,4,3,269,6,ROUTING_actual_arl_section,2,6,1,26,26,0,10,10,DELETE
75.361,8589934610,2,18,0,245,1,ACK_exact_bare,4,8,,25,25,0,,,
75.361,8589934610,2,18,1,246,1,ACK_exact_bare,4,9,,25,25,0,,,
75.361,8589934610,2,18,2,259,1,ACK_exact_bare,8,2,,25,25,0,,,
75.361,8589934610,2,18,3,264,1,ACK_exact_bare,8,3,,25,25,0,,,
75.361,8589934610,2,18,4,265,1,ACK_exact_bare,8,4,,25,25,0,,,
75.361,8589934610,2,18,5,270,1,ACK_exact_bare,8,5,,25,25,0,,,
75.361,8589934610,2,18,6,271,1,ACK_exact_bare,8,6,,25,25,0,,,
75.491,21474836555,5,75,0,252,1,ACK_exact_bare,3,12,,25,25,0,,,
75.608,4294967376,1,80,0,250,1,ACK_exact_bare,3,13,,25,25,0,,,
75.608,4294967376,1,80,1,251,1,ACK_exact_bare,3,14,,25,25,0,,,
75.608,4294967376,1,80,2,257,1,ACK_exact_bare,5,15,,25,25,0,,,
75.66,34359738373,8,5,0,255,1,ACK_exact_bare,2,1,,25,25,0,,,
75.66,34359738373,8,5,1,263,1,ACK_exact_bare,2,3,,25,25,0,,,
75.894,8589934611,2,19,0,259,1,ACK_exact_bare,8,2,,25,25,0,,,
75.894,8589934611,2,19,1,264,1,ACK_exact_bare,8,3,,25,25,0,,,
75.894,8589934611,2,19,2,265,1,ACK_exact_bare,8,4,,25,25,0,,,
75.894,8589934611,2,19,3,270,1,ACK_exact_bare,8,5,,25,25,0,,,
75.894,8589934611,2,19,4,271,1,ACK_exact_bare,8,6,,25,25,0,,,
75.894,8589934611,2,19,5,266,6,ROUTING_actual_arl_section,8,4,4,122,122,0,106,106,INFO;UPDATE;UPDATE;UPDATE;UPDATE;UPDATE;FLUSH
76.037,4294967377,1,81,0,257,1,ACK_exact_bare,5,15,,25,25,0,,,
76.219,17179869221,4,37,0,273,6,ROUTING_actual_arl_section,2,8,8,56,56,0,40,40,UPDATE;UPDATE
76.362,34359738374,8,6,0,255,1,ACK_exact_bare,2,1,,25,25,0,,,
76.362,34359738374,8,6,1,263,1,ACK_exact_bare,2,3,,25,25,0,,,
76.362,34359738374,8,6,2,275,1,ACK_exact_bare,2,4,,25,25,0,,,
76.362,34359738374,8,6,3,276,6,ROUTING_actual_arl_section,2,7,2,119,119,0,103,103,UPDATE;UPDATE;UPDATE;UPDATE;UPDATE
76.401,21474836556,5,76,0,277,1,ACK_exact_bare,4,11,,25,25,0,,,
76.713,8589934612,2,20,0,259,1,ACK_exact_bare,8,2,,25,25,0,,,
76.713,8589934612,2,20,1,264,1,ACK_exact_bare,8,3,,25,25,0,,,
76.713,8589934612,2,20,2,265,1,ACK_exact_bare,8,4,,25,25,0,,,
76.713,8589934612,2,20,3,270,1,ACK_exact_bare,8,5,,25,25,0,,,
76.713,8589934612,2,20,4,271,1,ACK_exact_bare,8,6,,25,25,0,,,
76.713,8589934612,2,20,5,278,1,ACK_exact_bare,4,8,,25,25,0,,,
76.713,8589934612,2,20,6,279,1,ACK_exact_bare,8,7,,25,25,0,,,
76.713,8589934612,2,20,7,267,6,ROUTING_actual_arl_section,8,5,5,26,26,0,10,10,DELETE
76.713,8589934612,2,20,8,272,6,ROUTING_actual_arl_section,8,6,6,36,36,0,20,20,UPDATE
76.739,21474836557,5,77,0,277,1,ACK_exact_bare,4,11,,25,25,0,,,
76.973,21474836558,5,78,0,277,1,ACK_exact_bare,4,11,,25,25,0,,,
77.012,34359738375,8,7,0,263,1,ACK_exact_bare,2,3,,25,25,0,,,
77.012,34359738375,8,7,1,275,1,ACK_exact_bare,2,4,,25,25,0,,,
77.012,34359738375,8,7,2,284,1,ACK_exact_bare,2,5,,25,25,0,,,
77.012,34359738375,8,7,3,285,1,ACK_exact_bare,2,6,,25,25,0,,,
77.194,21474836559,5,79,0,277,1,ACK_exact_bare,4,11,,25,25,0,,,
77.246,34359738376,8,8,0,275,1,ACK_exact_bare,2,4,,25,25,0,,,
77.246,34359738376,8,8,1,284,1,ACK_exact_bare,2,5,,25,25,0,,,
77.246,34359738376,8,8,2,285,1,ACK_exact_bare,2,6,,25,25,0,,,
77.285,21474836560,5,80,0,277,1,ACK_exact_bare,4,11,,25,25,0,,,
77.337,17179869222,4,38,0,281,1,ACK_exact_bare,2,11,,25,25,0,,,
77.337,17179869222,4,38,1,282,1,ACK_exact_bare,2,12,,25,25,0,,,
77.337,17179869222,4,38,2,283,6,ROUTING_actual_arl_section,2,10,9,39,39,0,23,23,UPDATE
77.376,34359738377,8,9,0,275,1,ACK_exact_bare,2,4,,25,25,0,,,
77.376,34359738377,8,9,1,284,1,ACK_exact_bare,2,5,,25,25,0,,,
77.376,34359738377,8,9,2,285,1,ACK_exact_bare,2,6,,25,25,0,,,
77.532,34359738378,8,10,0,275,1,ACK_exact_bare,2,4,,25,25,0,,,
77.532,34359738378,8,10,1,284,1,ACK_exact_bare,2,5,,25,25,0,,,
77.532,34359738378,8,10,2,285,1,ACK_exact_bare,2,6,,25,25,0,,,
77.558,17179869223,4,39,0,281,1,ACK_exact_bare,2,11,,25,25,0,,,
77.558,17179869223,4,39,1,282,1,ACK_exact_bare,2,12,,25,25,0,,,
77.61,4294967378,1,82,0,286,4,DISCOVER_broadcast,16777215,16,,19,19,0,,,
77.727,8589934613,2,21,0,264,1,ACK_exact_bare,8,3,,25,25,0,,,
77.727,8589934613,2,21,1,265,1,ACK_exact_bare,8,4,,25,25,0,,,
77.727,8589934613,2,21,2,270,1,ACK_exact_bare,8,5,,25,25,0,,,
77.727,8589934613,2,21,3,271,1,ACK_exact_bare,8,6,,25,25,0,,,
77.727,8589934613,2,21,4,278,1,ACK_exact_bare,4,8,,25,25,0,,,
77.727,8589934613,2,21,5,279,1,ACK_exact_bare,8,7,,25,25,0,,,
77.727,8589934613,2,21,6,274,6,ROUTING_actual_arl_section,4,10,3,62,62,0,46,46,UPDATE;UPDATE
77.727,8589934613,2,21,7,280,4,DISCOVER_broadcast,16777215,15,,19,19,0,,,
78.767,21474836561,5,81,0,287,1,ACK_exact_bare,4,12,,25,25,0,,,
78.767,21474836561,5,81,1,288,6,ROUTING_actual_arl_section,4,11,16,42,42,0,26,26,UPDATE
78.962,4294967379,1,83,0,291,1,ACK_exact_bare,5,16,,25,25,0,,,
78.962,4294967379,1,83,1,292,6,ROUTING_actual_arl_section,3,12,12,45,45,0,29,29,UPDATE
78.988,8589934614,2,22,0,270,1,ACK_exact_bare,8,5,,25,25,0,,,
78.988,8589934614,2,22,1,271,1,ACK_exact_bare,8,6,,25,25,0,,,
78.988,8589934614,2,22,2,278,1,ACK_exact_bare,4,8,,25,25,0,,,
78.988,8589934614,2,22,3,279,1,ACK_exact_bare,8,7,,25,25,0,,,
78.988,8589934614,2,22,4,289,6,ROUTING_actual_arl_section,8,5,5,26,26,0,10,10,DELETE
78.988,8589934614,2,22,5,290,6,ROUTING_actual_arl_section,8,6,6,36,36,0,20,20,UPDATE
79.066,21474836562,5,82,0,287,1,ACK_exact_bare,4,12,,25,25,0,,,
79.066,21474836562,5,82,1,297,1,ACK_exact_bare,1,14,,25,25,0,,,
79.183,34359738379,8,11,0,284,1,ACK_exact_bare,2,5,,25,25,0,,,
79.183,34359738379,8,11,1,285,1,ACK_exact_bare,2,6,,25,25,0,,,
79.209,17179869224,4,40,0,281,1,ACK_exact_bare,2,11,,25,25,0,,,
79.209,17179869224,4,40,1,282,1,ACK_exact_bare,2,12,,25,25,0,,,
79.209,17179869224,4,40,2,295,1,ACK_exact_bare,2,10,,25,25,0,,,
79.339,12884901949,3,61,0,293,1,ACK_exact_bare,5,13,,25,25,0,,,
79.339,12884901949,3,61,1,296,1,ACK_exact_bare,1,12,,25,25,0,,,
79.339,12884901949,3,61,2,294,6,ROUTING_actual_arl_section,5,13,12,45,45,0,29,29,UPDATE
79.456,8589934615,2,23,0,278,1,ACK_exact_bare,4,8,,25,25,0,,,
79.456,8589934615,2,23,1,279,1,ACK_exact_bare,8,7,,25,25,0,,,
79.534,12884901950,3,62,0,293,1,ACK_exact_bare,5,13,,25,25,0,,,
79.534,12884901950,3,62,1,296,1,ACK_exact_bare,1,12,,25,25,0,,,
79.573,17179869225,4,41,0,281,1,ACK_exact_bare,2,11,,25,25,0,,,
79.573,17179869225,4,41,1,282,1,ACK_exact_bare,2,12,,25,25,0,,,
79.573,17179869225,4,41,2,295,1,ACK_exact_bare,2,10,,25,25,0,,,
79.573,17179869225,4,41,3,302,6,ROUTING_actual_arl_section,2,10,9,39,39,0,23,23,UPDATE
79.625,12884901951,3,63,0,293,1,ACK_exact_bare,5,13,,25,25,0,,,
79.625,12884901951,3,63,1,296,1,ACK_exact_bare,1,12,,25,25,0,,,
79.703,12884901952,3,64,0,293,1,ACK_exact_bare,5,13,,25,25,0,,,
79.703,12884901952,3,64,1,296,1,ACK_exact_bare,1,12,,25,25,0,,,
79.742,21474836563,5,83,0,287,1,ACK_exact_bare,4,12,,25,25,0,,,
79.742,21474836563,5,83,1,297,1,ACK_exact_bare,1,14,,25,25,0,,,
79.742,21474836563,5,83,2,304,1,ACK_exact_bare,3,13,,25,25,0,,,
79.846,4294967380,1,84,0,291,1,ACK_exact_bare,5,16,,25,25,0,,,
79.846,4294967380,1,84,1,303,1,ACK_exact_bare,3,15,,25,25,0,,,
79.911,17179869226,4,42,0,281,1,ACK_exact_bare,2,11,,25,25,0,,,
79.911,17179869226,4,42,1,282,1,ACK_exact_bare,2,12,,25,25,0,,,
79.911,17179869226,4,42,2,295,1,ACK_exact_bare,2,10,,25,25,0,,,
79.95,21474836564,5,84,0,287,1,ACK_exact_bare,4,12,,25,25,0,,,
79.95,21474836564,5,84,1,297,1,ACK_exact_bare,1,14,,25,25,0,,,
79.95,21474836564,5,84,2,304,1,ACK_exact_bare,3,13,,25,25,0,,,
80.067,21474836565,5,85,0,287,1,ACK_exact_bare,4,12,,25,25,0,,,
80.067,21474836565,5,85,1,297,1,ACK_exact_bare,1,14,,25,25,0,,,
80.067,21474836565,5,85,2,304,1,ACK_exact_bare,3,13,,25,25,0,,,
80.158,8589934616,2,24,0,278,1,ACK_exact_bare,4,8,,25,25,0,,,
80.158,8589934616,2,24,1,279,1,ACK_exact_bare,8,7,,25,25,0,,,
80.158,8589934616,2,24,2,305,1,ACK_exact_bare,4,10,,25,25,0,,,
80.184,17179869227,4,43,0,295,1,ACK_exact_bare,2,10,,25,25,0,,,
80.249,12884901953,3,65,0,293,1,ACK_exact_bare,5,13,,25,25,0,,,
80.249,12884901953,3,65,1,296,1,ACK_exact_bare,1,12,,25,25,0,,,
80.301,17179869228,4,44,0,295,1,ACK_exact_bare,2,10,,25,25,0,,,
80.34,21474836566,5,86,0,297,1,ACK_exact_bare,1,14,,25,25,0,,,
80.34,21474836566,5,86,1,304,1,ACK_exact_bare,3,13,,25,25,0,,,
80.6,4294967381,1,85,0,291,1,ACK_exact_bare,5,16,,25,25,0,,,
80.6,4294967381,1,85,1,303,1,ACK_exact_bare,3,15,,25,25,0,,,
80.704,8589934617,2,25,0,305,1,ACK_exact_bare,4,10,,25,25,0,,,
80.834,21474836567,5,87,0,304,1,ACK_exact_bare,3,13,,25,25,0,,,
80.834,21474836567,5,87,1,306,6,ROUTING_actual_arl_section,4,11,16,42,42,0,26,26,UPDATE
81.003,4294967382,1,86,0,291,1,ACK_exact_bare,5,16,,25,25,0,,,
81.003,4294967382,1,86,1,303,1,ACK_exact_bare,3,15,,25,25,0,,,
81.016,8589934618,2,26,0,305,1,ACK_exact_bare,4,10,,25,25,0,,,
81.12,12884901954,3,66,0,309,1,ACK_exact_bare,5,13,,25,25,0,,,
81.172,17179869229,4,45,0,308,1,ACK_exact_bare,5,11,,25,25,0,,,
81.237,8589934619,2,27,0,305,1,ACK_exact_bare,4,10,,25,25,0,,,
81.315,4294967383,1,87,0,291,1,ACK_exact_bare,5,16,,25,25,0,,,
81.315,4294967383,1,87,1,303,1,ACK_exact_bare,3,15,,25,25,0,,,
81.549,8589934620,2,28,0,305,1,ACK_exact_bare,4,10,,25,25,0,,,
81.562,4294967384,1,88,0,303,1,ACK_exact_bare,3,15,,25,25,0,,,
81.679,12884901955,3,67,0,309,1,ACK_exact_bare,5,13,,25,25,0,,,
81.705,17179869230,4,46,0,308,1,ACK_exact_bare,5,11,,25,25,0,,,
81.822,12884901956,3,68,0,309,1,ACK_exact_bare,5,13,,25,25,0,,,
81.978,12884901957,3,69,0,309,1,ACK_exact_bare,5,13,,25,25,0,,,
82.03,12884901958,3,70,0,309,1,ACK_exact_bare,5,13,,25,25,0,,,
82.056,17179869231,4,47,0,308,1,ACK_exact_bare,5,11,,25,25,0,,,
82.147,8589934621,2,29,0,310,4,DISCOVER_broadcast,16777215,17,,19,19,0,,,
82.472,4294967385,1,89,0,311,4,DISCOVER_broadcast,16777215,18,,19,19,0,,,
83.2,17179869232,4,48,0,308,1,ACK_exact_bare,5,11,,25,25,0,,,
83.59,17179869233,4,49,0,308,1,ACK_exact_bare,5,11,,25,25,0,,,
86.983,8589934622,2,30,0,312,6,ROUTING_normalized_legacy_request,4,13,7,16,23,7,0,7,
86.983,8589934622,2,30,1,313,6,ROUTING_normalized_legacy_request,8,7,8,16,23,7,0,7,
86.983,8589934622,2,30,2,314,7,SNMP_DONE,4,0,,31,31,0,,,
86.983,8589934622,2,30,3,315,7,SNMP_START,8,0,,31,31,0,,,
87.373,17179869234,4,50,0,316,1,ACK_exact_bare,2,13,,25,25,0,,,
87.373,17179869234,4,50,1,318,6,ROUTING_actual_arl_section,2,11,10,130,130,0,114,114,INFO;UPDATE;UPDATE;UPDATE;UPDATE;UPDATE;UPDATE;FLUSH
87.373,17179869234,4,50,2,317,7,SNMP_START,5,0,,31,31,0,,,
87.503,34359738380,8,12,0,319,1,ACK_exact_bare,2,7,,25,25,0,,,
87.503,34359738380,8,12,1,320,6,ROUTING_actual_arl_section,2,8,3,148,148,0,132,132,INFO;UPDATE;UPDATE;UPDATE;UPDATE;UPDATE;UPDATE;FLUSH
87.503,34359738380,8,12,2,321,4,DISCOVER_broadcast,16777215,19,,19,19,0,,,
87.529,4294967386,1,90,0,322,6,ROUTING_normalized_legacy_request,3,13,13,16,23,7,0,7,
87.529,4294967386,1,90,1,323,6,ROUTING_normalized_legacy_request,5,15,14,16,23,7,0,7,
87.529,4294967386,1,90,2,324,7,SNMP_DONE,5,0,,31,31,0,,,
87.529,4294967386,1,90,3,325,7,SNMP_START,5,0,,31,31,0,,,
87.776,17179869235,4,51,0,316,1,ACK_exact_bare,2,13,,25,25,0,,,
87.776,12884901959,3,71,0,328,1,ACK_exact_bare,1,13,,25,25,0,,,
87.776,12884901959,3,71,1,329,6,ROUTING_actual_arl_section,1,16,13,139,139,0,123,123,INFO;UPDATE;UPDATE;UPDATE;UPDATE;UPDATE;UPDATE;FLUSH
87.893,17179869236,4,52,0,316,1,ACK_exact_bare,2,13,,25,25,0,,,
88.062,12884901960,3,72,0,328,1,ACK_exact_bare,1,13,,25,25,0,,,
88.179,4294967387,1,91,0,330,1,ACK_exact_bare,3,16,,25,25,0,,,
88.205,17179869237,4,53,0,316,1,ACK_exact_bare,2,13,,25,25,0,,,
88.543,12884901961,3,73,0,328,1,ACK_exact_bare,1,13,,25,25,0,,,
88.582,17179869238,4,54,0,316,1,ACK_exact_bare,2,13,,25,25,0,,,
88.647,4294967388,1,92,0,330,1,ACK_exact_bare,3,16,,25,25,0,,,
88.764,30064771073,7,1,0,331,8,KEY_REQUEST,8,1,,18,18,0,,,
88.777,8589934623,2,31,0,326,1,ACK_exact_bare,4,11,,25,25,0,,,
88.777,8589934623,2,31,1,332,1,ACK_exact_bare,8,8,,25,25,0,,,
88.777,8589934623,2,31,2,327,6,ROUTING_actual_arl_section,8,8,9,79,79,0,63,63,UPDATE;UPDATE;UPDATE
88.777,8589934623,2,31,3,333,5,NEIGHBOR_CHECK_discovery,8,9,,16,16,0,,,
88.816,34359738381,8,13,0,319,1,ACK_exact_bare,2,7,,25,25,0,,,
88.816,34359738381,8,13,1,334,9,KEY_UPDATE,7,1,,62,62,0,,,
88.829,12884901962,3,74,0,328,1,ACK_exact_bare,1,13,,25,25,0,,,
88.933,34359738382,8,14,0,319,1,ACK_exact_bare,2,7,,25,25,0,,,
88.933,4294967389,1,93,0,330,1,ACK_exact_bare,3,16,,25,25,0,,,
88.972,17179869239,4,55,0,337,1,ACK_exact_bare,2,14,,25,25,0,,,
88.985,34359738383,8,15,0,319,1,ACK_exact_bare,2,7,,25,25,0,,,
89.011,4294967390,1,94,0,330,1,ACK_exact_bare,3,16,,25,25,0,,,
89.102,30064771074,7,2,0,335,1,ACK_exact_bare,8,1,,25,25,0,,,
89.102,30064771074,7,2,1,336,9,KEY_UPDATE,8,2,,62,62,0,,,
89.141,8589934624,2,32,0,326,1,ACK_exact_bare,4,11,,25,25,0,,,
89.141,8589934624,2,32,1,332,1,ACK_exact_bare,8,8,,25,25,0,,,
89.193,12884901963,3,75,0,328,1,ACK_exact_bare,1,13,,25,25,0,,,
89.232,8589934625,2,33,0,326,1,ACK_exact_bare,4,11,,25,25,0,,,
89.232,8589934625,2,33,1,332,1,ACK_exact_bare,8,8,,25,25,0,,,
89.31,30064771075,7,3,0,335,1,ACK_exact_bare,8,1,,25,25,0,,,
89.362,30064771076,7,4,0,335,1,ACK_exact_bare,8,1,,25,25,0,,,
89.427,4294967391,1,95,0,330,1,ACK_exact_bare,3,16,,25,25,0,,,
89.466,17179869240,4,56,0,337,1,ACK_exact_bare,2,14,,25,25,0,,,
89.596,34359738384,8,16,0,319,1,ACK_exact_bare,2,7,,25,25,0,,,
89.596,34359738384,8,16,1,339,1,ACK_exact_bare,7,2,,25,25,0,,,
89.596,34359738384,8,16,2,338,8,KEY_REQUEST,7,2,,18,18,0,,,
89.596,34359738384,8,16,3,340,5,NEIGHBOR_CHECK_overheard,7,3,,16,16,0,,,
89.778,4294967392,1,96,0,341,6,ROUTING_normalized_legacy_request,5,15,14,16,23,7,0,7,
89.83,8589934626,2,34,0,326,1,ACK_exact_bare,4,11,,25,25,0,,,
89.83,8589934626,2,34,1,332,1,ACK_exact_bare,8,8,,25,25,0,,,
89.843,30064771077,7,5,0,335,1,ACK_exact_bare,8,1,,25,25,0,,,
89.843,30064771077,7,5,1,344,1,ACK_exact_bare,8,3,,25,25,0,,,
89.843,30064771077,7,5,2,342,5,NEIGHBOR_CHECK_discovery,8,3,,16,16,0,,,
89.843,30064771077,7,5,3,343,5,NEIGHBOR_CHECK_overheard,8,4,,16,16,0,,,
89.882,21474836568,5,88,0,345,1,ACK_exact_bare,1,15,,25,25,0,,,
89.882,21474836568,5,88,1,346,6,ROUTING_actual_arl_section,1,17,17,130,130,0,114,114,INFO;UPDATE;UPDATE;UPDATE;UPDATE;UPDATE;UPDATE;FLUSH
89.973,17179869241,4,57,0,337,1,ACK_exact_bare,2,14,,25,25,0,,,
90.116,4294967393,1,97,0,347,1,ACK_exact_bare,5,17,,25,25,0,,,
90.116,4294967393,1,97,1,348,6,ROUTING_actual_arl_section,3,14,15,82,82,0,66,66,UPDATE;UPDATE;UPDATE
90.168,34359738385,8,17,0,339,1,ACK_exact_bare,7,2,,25,25,0,,,
90.194,17179869242,4,58,0,337,1,ACK_exact_bare,2,14,,25,25,0,,,
90.272,34359738386,8,18,0,339,1,ACK_exact_bare,7,2,,25,25,0,,,
90.324,34359738387,8,19,0,339,1,ACK_exact_bare,7,2,,25,25,0,,,
90.324,17179869243,4,59,0,337,1,ACK_exact_bare,2,14,,25,25,0,,,
90.389,21474836569,5,89,0,345,1,ACK_exact_bare,1,15,,25,25,0,,,
90.389,21474836569,5,89,1,350,1,ACK_exact_bare,1,16,,25,25,0,,,
90.454,8589934627,2,35,0,326,1,ACK_exact_bare,4,11,,25,25,0,,,
90.454,8589934627,2,35,1,332,1,ACK_exact_bare,8,8,,25,25,0,,,
90.48,30064771078,7,6,0,335,1,ACK_exact_bare,8,1,,25,25,0,,,
90.48,30064771078,7,6,1,344,1,ACK_exact_bare,8,3,,25,25,0,,,
90.493,4294967394,1,98,0,347,1,ACK_exact_bare,5,17,,25,25,0,,,
90.558,21474836570,5,90,0,345,1,ACK_exact_bare,1,15,,25,25,0,,,
90.558,21474836570,5,90,1,350,1,ACK_exact_bare,1,16,,25,25,0,,,
90.662,21474836571,5,91,0,345,1,ACK_exact_bare,1,15,,25,25,0,,,
90.662,21474836571,5,91,1,350,1,ACK_exact_bare,1,16,,25,25,0,,,
90.753,34359738388,8,20,0,339,1,ACK_exact_bare,7,2,,25,25,0,,,
90.831,12884901964,3,76,0,349,1,ACK_exact_bare,1,14,,25,25,0,,,
90.922,30064771079,7,7,0,344,1,ACK_exact_bare,8,3,,25,25,0,,,
91.039,4294967395,1,99,0,347,1,ACK_exact_bare,5,17,,25,25,0,,,
91.052,34359738389,8,21,0,353,6,ROUTING_actual_arl_section,7,4,4,148,148,0,132,132,INFO;UPDATE;UPDATE;UPDATE;UPDATE;UPDATE;UPDATE;FLUSH
91.104,21474836572,5,92,0,345,1,ACK_exact_bare,1,15,,25,25,0,,,
91.104,21474836572,5,92,1,350,1,ACK_exact_bare,1,16,,25,25,0,,,
91.182,21474836573,5,93,0,350,1,ACK_exact_bare,1,16,,25,25,0,,,
91.325,8589934628,2,36,0,351,6,ROUTING_actual_arl_section,8,8,9,79,79,0,63,63,UPDATE;UPDATE;UPDATE
91.325,8589934628,2,36,1,352,5,NEIGHBOR_CHECK_discovery,8,9,,16,16,0,,,
91.338,30064771080,7,8,0,344,1,ACK_exact_bare,8,3,,25,25,0,,,
91.338,30064771080,7,8,1,354,1,ACK_exact_bare,8,4,,25,25,0,,,
91.416,12884901965,3,77,0,349,1,ACK_exact_bare,1,14,,25,25,0,,,
91.494,34359738390,8,22,0,356,1,ACK_exact_bare,2,8,,25,25,0,,,
91.494,34359738390,8,22,1,357,1,ACK_exact_bare,2,9,,25,25,0,,,
91.494,34359738390,8,22,2,358,6,ROUTING_actual_arl_section,7,5,5,88,88,0,72,72,UPDATE;UPDATE;UPDATE
91.507,12884901966,3,78,0,349,1,ACK_exact_bare,1,14,,25,25,0,,,
91.559,17179869244,4,60,0,355,1,ACK_exact_bare,2,14,,25,25,0,,,
91.598,4294967396,1,100,0,347,1,ACK_exact_bare,5,17,,25,25,0,,,
91.676,34359738391,8,23,0,356,1,ACK_exact_bare,2,8,,25,25,0,,,
91.676,34359738391,8,23,1,357,1,ACK_exact_bare,2,9,,25,25,0,,,
91.728,17179869245,4,61,0,355,1,ACK_exact_bare,2,14,,25,25,0,,,
91.741,4294967397,1,101,0,347,1,ACK_exact_bare,5,17,,25,25,0,,,
91.78,30064771081,7,9,0,344,1,ACK_exact_bare,8,3,,25,25,0,,,
91.78,30064771081,7,9,1,354,1,ACK_exact_bare,8,4,,25,25,0,,,
91.78,30064771081,7,9,2,359,1,ACK_exact_bare,8,5,,25,25,0,,,
91.962,30064771082,7,10,0,354,1,ACK_exact_bare,8,4,,25,25,0,,,
91.962,30064771082,7,10,1,359,1,ACK_exact_bare,8,5,,25,25,0,,,
91.962,30064771082,7,10,2,361,5,NEIGHBOR_CHECK_discovery,8,3,,16,16,0,,,
91.962,30064771082,7,10,3,362,5,NEIGHBOR_CHECK_overheard,8,4,,16,16,0,,,
91.962,17179869246,4,62,0,355,1,ACK_exact_bare,2,14,,25,25,0,,,
92.027,12884901967,3,79,0,349,1,ACK_exact_bare,1,14,,25,25,0,,,
92.053,8589934629,2,37,0,360,1,ACK_exact_bare,8,9,,25,25,0,,,
92.274,17179869247,4,63,0,355,1,ACK_exact_bare,2,14,,25,25,0,,,
92.287,34359738392,8,24,0,356,1,ACK_exact_bare,2,8,,25,25,0,,,
92.287,34359738392,8,24,1,357,1,ACK_exact_bare,2,9,,25,25,0,,,
92.287,34359738392,8,24,2,363,1,ACK_exact_bare,7,3,,25,25,0,,,
92.287,34359738392,8,24,3,364,1,ACK_exact_bare,7,4,,25,25,0,,,
92.287,34359738392,8,24,4,365,6,ROUTING_actual_arl_section,7,6,6,26,26,0,10,10,DELETE
92.287,34359738392,8,24,5,366,4,DISCOVER_broadcast,16777215,20,,19,19,0,,,
92.365,12884901968,3,80,0,349,1,ACK_exact_bare,1,14,,25,25,0,,,
92.573,17179869248,4,64,0,355,1,ACK_exact_bare,2,14,,25,25,0,,,
93.483,8589934630,2,38,0,360,1,ACK_exact_bare,8,9,,25,25,0,,,
93.483,8589934630,2,38,1,370,1,ACK_exact_bare,8,10,,25,25,0,,,
93.561,30064771083,7,11,0,354,1,ACK_exact_bare,8,4,,25,25,0,,,
93.561,30064771083,7,11,1,359,1,ACK_exact_bare,8,5,,25,25,0,,,
93.561,30064771083,7,11,2,367,1,ACK_exact_bare,8,6,,25,25,0,,,
93.561,30064771083,7,11,3,368,6,ROUTING_actual_arl_section,8,5,0,51,51,0,35,35,INFO;UPDATE;FLUSH
93.561,30064771083,7,11,4,369,6,ROUTING_actual_arl_section,8,6,1,36,36,0,20,20,UPDATE
93.899,8589934631,2,39,0,360,1,ACK_exact_bare,8,9,,25,25,0,,,
93.899,8589934631,2,39,1,370,1,ACK_exact_bare,8,10,,25,25,0,,,
94.042,34359738393,8,25,0,356,1,ACK_exact_bare,2,8,,25,25,0,,,
94.042,34359738393,8,25,1,357,1,ACK_exact_bare,2,9,,25,25,0,,,
94.042,34359738393,8,25,2,363,1,ACK_exact_bare,7,3,,25,25,0,,,
94.042,34359738393,8,25,3,364,1,ACK_exact_bare,7,4,,25,25,0,,,
94.042,34359738393,8,25,4,372,1,ACK_exact_bare,7,5,,25,25,0,,,
94.042,34359738393,8,25,5,373,1,ACK_exact_bare,7,6,,25,25,0,,,
94.042,34359738393,8,25,6,371,6,ROUTING_actual_arl_section,7,5,5,88,88,0,72,72,UPDATE;UPDATE;UPDATE
94.328,30064771084,7,12,0,354,1,ACK_exact_bare,8,4,,25,25,0,,,
94.328,30064771084,7,12,1,359,1,ACK_exact_bare,8,5,,25,25,0,,,
94.328,30064771084,7,12,2,367,1,ACK_exact_bare,8,6,,25,25,0,,,
94.458,8589934632,2,40,0,360,1,ACK_exact_bare,8,9,,25,25,0,,,
94.458,8589934632,2,40,1,370,1,ACK_exact_bare,8,10,,25,25,0,,,
94.718,30064771085,7,13,0,359,1,ACK_exact_bare,8,5,,25,25,0,,,
94.718,30064771085,7,13,1,367,1,ACK_exact_bare,8,6,,25,25,0,,,
94.835,34359738394,8,26,0,356,1,ACK_exact_bare,2,8,,25,25,0,,,
94.835,34359738394,8,26,1,357,1,ACK_exact_bare,2,9,,25,25,0,,,
94.835,34359738394,8,26,2,363,1,ACK_exact_bare,7,3,,25,25,0,,,
94.835,34359738394,8,26,3,364,1,ACK_exact_bare,7,4,,25,25,0,,,
94.835,34359738394,8,26,4,372,1,ACK_exact_bare,7,5,,25,25,0,,,
94.835,34359738394,8,26,5,373,1,ACK_exact_bare,7,6,,25,25,0,,,
94.835,34359738394,8,26,6,374,6,ROUTING_actual_arl_section,7,7,7,36,36,0,20,20,UPDATE
95.108,8589934633,2,41,0,360,1,ACK_exact_bare,8,9,,25,25,0,,,
95.108,8589934633,2,41,1,370,1,ACK_exact_bare,8,10,,25,25,0,,,
95.108,8589934633,2,41,2,378,1,ACK_exact_bare,8,11,,25,25,0,,,
95.108,8589934633,2,41,3,379,6,ROUTING_actual_arl_section,8,10,10,39,39,0,23,23,UPDATE
95.303,30064771086,7,14,0,367,1,ACK_exact_bare,8,6,,25,25,0,,,
95.303,30064771086,7,14,1,377,1,ACK_exact_bare,8,7,,25,25,0,,,
95.316,8589934634,2,42,0,370,1,ACK_exact_bare,8,10,,25,25,0,,,
95.316,8589934634,2,42,1,378,1,ACK_exact_bare,8,11,,25,25,0,,,
95.589,17179869249,4,65,0,380,1,ACK_exact_bare,2,15,,25,25,0,,,
95.589,17179869249,4,65,1,381,6,ROUTING_actual_arl_section,2,12,11,42,42,0,26,26,UPDATE
95.641,34359738395,8,27,0,363,1,ACK_exact_bare,7,3,,25,25,0,,,
95.641,34359738395,8,27,1,364,1,ACK_exact_bare,7,4,,25,25,0,,,
95.641,34359738395,8,27,2,372,1,ACK_exact_bare,7,5,,25,25,0,,,
95.641,34359738395,8,27,3,373,1,ACK_exact_bare,7,6,,25,25,0,,,
95.641,34359738395,8,27,4,382,1,ACK_exact_bare,2,10,,25,25,0,,,
95.81,8589934635,2,43,0,378,1,ACK_exact_bare,8,11,,25,25,0,,,
95.81,8589934635,2,43,1,385,1,ACK_exact_bare,4,12,,25,25,0,,,
95.849,30064771087,7,15,0,367,1,ACK_exact_bare,8,6,,25,25,0,,,
95.849,30064771087,7,15,1,377,1,ACK_exact_bare,8,7,,25,25,0,,,
95.927,34359738396,8,28,0,363,1,ACK_exact_bare,7,3,,25,25,0,,,
95.927,34359738396,8,28,1,364,1,ACK_exact_bare,7,4,,25,25,0,,,
95.927,34359738396,8,28,2,372,1,ACK_exact_bare,7,5,,25,25,0,,,
95.927,34359738396,8,28,3,373,1,ACK_exact_bare,7,6,,25,25,0,,,
95.927,34359738396,8,28,4,382,1,ACK_exact_bare,2,10,,25,25,0,,,
95.966,17179869250,4,66,0,380,1,ACK_exact_bare,2,15,,25,25,0,,,
96.122,17179869251,4,67,0,380,1,ACK_exact_bare,2,15,,25,25,0,,,
96.174,21474836574,5,94,0,383,1,ACK_exact_bare,4,13,,25,25,0,,,
96.174,21474836574,5,94,1,384,6,ROUTING_actual_arl_section,4,12,18,45,45,0,29,29,UPDATE
96.291,30064771088,7,16,0,377,1,ACK_exact_bare,8,7,,25,25,0,,,
96.291,4294967398,1,102,0,386,1,ACK_exact_bare,5,18,,25,25,0,,,
96.291,4294967398,1,102,1,387,6,ROUTING_actual_arl_section,3,15,16,48,48,0,32,32,UPDATE
96.369,34359738397,8,29,0,372,1,ACK_exact_bare,7,5,,25,25,0,,,
96.369,34359738397,8,29,1,373,1,ACK_exact_bare,7,6,,25,25,0,,,
96.369,34359738397,8,29,2,382,1,ACK_exact_bare,2,10,,25,25,0,,,
96.486,17179869252,4,68,0,380,1,ACK_exact_bare,2,15,,25,25,0,,,
96.486,17179869252,4,68,1,388,1,ACK_exact_bare,5,12,,25,25,0,,,
96.59,30064771089,7,17,0,377,1,ACK_exact_bare,8,7,,25,25,0,,,
96.59,8589934636,2,44,0,378,1,ACK_exact_bare,8,11,,25,25,0,,,
96.59,8589934636,2,44,1,385,1,ACK_exact_bare,4,12,,25,25,0,,,
96.642,4294967399,1,103,0,386,1,ACK_exact_bare,5,18,,25,25,0,,,
96.668,34359738398,8,30,0,382,1,ACK_exact_bare,2,10,,25,25,0,,,
96.681,17179869253,4,69,0,380,1,ACK_exact_bare,2,15,,25,25,0,,,
96.681,17179869253,4,69,1,388,1,ACK_exact_bare,5,12,,25,25,0,,,
96.707,12884901969,3,81,0,389,1,ACK_exact_bare,5,14,,25,25,0,,,
96.707,12884901969,3,81,1,391,1,ACK_exact_bare,1,15,,25,25,0,,,
96.707,12884901969,3,81,2,390,6,ROUTING_actual_arl_section,5,14,14,48,48,0,32,32,UPDATE
96.733,8589934637,2,45,0,378,1,ACK_exact_bare,8,11,,25,25,0,,,
96.733,8589934637,2,45,1,385,1,ACK_exact_bare,4,12,,25,25,0,,,
96.85,30064771090,7,18,0,377,1,ACK_exact_bare,8,7,,25,25,0,,,
96.863,12884901970,3,82,0,389,1,ACK_exact_bare,5,14,,25,25,0,,,
96.863,12884901970,3,82,1,391,1,ACK_exact_bare,1,15,,25,25,0,,,
96.98,8589934638,2,46,0,385,1,ACK_exact_bare,4,12,,25,25,0,,,
97.032,34359738399,8,31,0,382,1,ACK_exact_bare,2,10,,25,25,0,,,
97.032,8589934639,2,47,0,385,1,ACK_exact_bare,4,12,,25,25,0,,,
97.058,21474836575,5,95,0,383,1,ACK_exact_bare,4,13,,25,25,0,,,
97.058,21474836575,5,95,1,392,1,ACK_exact_bare,1,17,,25,25,0,,,
97.058,21474836575,5,95,2,394,1,ACK_exact_bare,3,14,,25,25,0,,,
97.084,17179869254,4,70,0,388,1,ACK_exact_bare,5,12,,25,25,0,,,
97.318,17179869255,4,71,0,388,1,ACK_exact_bare,5,12,,25,25,0,,,
97.318,4294967400,1,104,0,386,1,ACK_exact_bare,5,18,,25,25,0,,,
97.318,4294967400,1,104,1,393,1,ACK_exact_bare,3,17,,25,25,0,,,
97.383,34359738400,8,32,0,395,4,DISCOVER_broadcast,16777215,21,,19,19,0,,,
97.422,4294967401,1,105,0,386,1,ACK_exact_bare,5,18,,25,25,0,,,
97.422,4294967401,1,105,1,393,1,ACK_exact_bare,3,17,,25,25,0,,,
97.526,17179869256,4,72,0,388,1,ACK_exact_bare,5,12,,25,25,0,,,
97.565,12884901971,3,83,0,389,1,ACK_exact_bare,5,14,,25,25,0,,,
97.565,12884901971,3,83,1,391,1,ACK_exact_bare,1,15,,25,25,0,,,
97.63,21474836576,5,96,0,383,1,ACK_exact_bare,4,13,,25,25,0,,,
97.63,21474836576,5,96,1,392,1,ACK_exact_bare,1,17,,25,25,0,,,
97.63,21474836576,5,96,2,394,1,ACK_exact_bare,3,14,,25,25,0,,,
97.903,12884901972,3,84,0,389,1,ACK_exact_bare,5,14,,25,25,0,,,
97.903,12884901972,3,84,1,391,1,ACK_exact_bare,1,15,,25,25,0,,,
97.981,4294967402,1,106,0,386,1,ACK_exact_bare,5,18,,25,25,0,,,
97.981,4294967402,1,106,1,393,1,ACK_exact_bare,3,17,,25,25,0,,,
98.228,12884901973,3,85,0,389,1,ACK_exact_bare,5,14,,25,25,0,,,
98.228,12884901973,3,85,1,391,1,ACK_exact_bare,1,15,,25,25,0,,,
98.306,21474836577,5,97,0,383,1,ACK_exact_bare,4,13,,25,25,0,,,
98.306,21474836577,5,97,1,392,1,ACK_exact_bare,1,17,,25,25,0,,,
98.306,21474836577,5,97,2,394,1,ACK_exact_bare,3,14,,25,25,0,,,
98.423,4294967403,1,107,0,393,1,ACK_exact_bare,3,17,,25,25,0,,,
98.618,21474836578,5,98,0,383,1,ACK_exact_bare,4,13,,25,25,0,,,
98.618,21474836578,5,98,1,392,1,ACK_exact_bare,1,17,,25,25,0,,,
98.618,21474836578,5,98,2,394,1,ACK_exact_bare,3,14,,25,25,0,,,
98.852,4294967404,1,108,0,393,1,ACK_exact_bare,3,17,,25,25,0,,,
99.112,21474836579,5,99,0,392,1,ACK_exact_bare,1,17,,25,25,0,,,
99.112,21474836579,5,99,1,394,1,ACK_exact_bare,3,14,,25,25,0,,,
102.245,34359738401,8,33,0,396,6,ROUTING_normalized_legacy_request,2,12,8,16,23,7,0,7,
102.245,34359738401,8,33,1,397,6,ROUTING_normalized_legacy_request,7,8,9,16,23,7,0,7,
102.245,34359738401,8,33,2,398,7,SNMP_DONE,2,0,,31,31,0,,,
102.245,34359738401,8,33,3,399,7,SNMP_START,7,0,,31,31,0,,,
102.427,8589934640,2,48,0,403,1,ACK_exact_bare,8,12,,25,25,0,,,
102.427,8589934640,2,48,1,405,6,ROUTING_actual_arl_section,8,11,11,153,153,0,137,137,INFO;UPDATE;UPDATE;UPDATE;UPDATE;UPDATE;UPDATE;UPDATE;FLUSH
102.427,8589934640,2,48,2,404,7,SNMP_START,4,0,,31,31,0,,,
102.531,30064771091,7,19,0,400,1,ACK_exact_bare,8,8,,25,25,0,,,
102.531,30064771091,7,19,1,401,6,ROUTING_actual_arl_section,8,7,2,65,65,0,49,49,INFO;UPDATE;UPDATE;FLUSH
102.531,30064771091,7,19,2,402,4,DISCOVER_broadcast,16777215,22,,19,19,0,,,
102.921,8589934641,2,49,0,403,1,ACK_exact_bare,8,12,,25,25,0,,,
103.246,8589934642,2,50,0,403,1,ACK_exact_bare,8,12,,25,25,0,,,
103.389,8589934643,2,51,0,403,1,ACK_exact_bare,8,12,,25,25,0,,,
103.701,8589934644,2,52,0,403,1,ACK_exact_bare,8,12,,25,25,0,,,
103.844,30064771092,7,20,0,400,1,ACK_exact_bare,8,8,,25,25,0,,,
103.922,34359738402,8,34,0,406,1,ACK_exact_bare,2,11,,25,25,0,,,
103.922,34359738402,8,34,1,408,1,ACK_exact_bare,7,7,,25,25,0,,,
103.922,34359738402,8,34,2,407,6,ROUTING_actual_arl_section,7,9,10,105,105,0,89,89,UPDATE;UPDATE;UPDATE;UPDATE
103.922,34359738402,8,34,3,409,5,NEIGHBOR_CHECK_discovery,7,10,,16,16,0,,,
104.416,30064771093,7,21,0,400,1,ACK_exact_bare,8,8,,25,25,0,,,
104.416,30064771093,7,21,1,410,1,ACK_exact_bare,8,9,,25,25,0,,,
104.416,30064771093,7,21,2,411,1,ACK_exact_bare,8,10,,25,25,0,,,
104.416,30064771093,7,21,3,412,6,ROUTING_actual_arl_section,8,8,3,117,117,0,101,101,UPDATE;UPDATE;UPDATE;UPDATE
104.507,8589934645,2,53,0,413,1,ACK_exact_bare,8,13,,25,25,0,,,
104.65,34359738403,8,35,0,406,1,ACK_exact_bare,2,11,,25,25,0,,,
104.65,34359738403,8,35,1,408,1,ACK_exact_bare,7,7,,25,25,0,,,
104.65,34359738403,8,35,2,414,1,ACK_exact_bare,7,8,,25,25,0,,,
104.754,30064771094,7,22,0,400,1,ACK_exact_bare,8,8,,25,25,0,,,
104.754,30064771094,7,22,1,410,1,ACK_exact_bare,8,9,,25,25,0,,,
104.754,30064771094,7,22,2,411,1,ACK_exact_bare,8,10,,25,25,0,,,
104.91,8589934646,2,54,0,413,1,ACK_exact_bare,8,13,,25,25,0,,,
105.001,30064771095,7,23,0,400,1,ACK_exact_bare,8,8,,25,25,0,,,
105.001,30064771095,7,23,1,410,1,ACK_exact_bare,8,9,,25,25,0,,,
105.001,30064771095,7,23,2,411,1,ACK_exact_bare,8,10,,25,25,0,,,
105.04,8589934647,2,55,0,413,1,ACK_exact_bare,8,13,,25,25,0,,,
105.157,34359738404,8,36,0,406,1,ACK_exact_bare,2,11,,25,25,0,,,
105.157,34359738404,8,36,1,408,1,ACK_exact_bare,7,7,,25,25,0,,,
105.157,34359738404,8,36,2,414,1,ACK_exact_bare,7,8,,25,25,0,,,
105.261,34359738405,8,37,0,406,1,ACK_exact_bare,2,11,,25,25,0,,,
105.261,34359738405,8,37,1,408,1,ACK_exact_bare,7,7,,25,25,0,,,
105.261,34359738405,8,37,2,414,1,ACK_exact_bare,7,8,,25,25,0,,,
105.43,30064771096,7,24,0,410,1,ACK_exact_bare,8,9,,25,25,0,,,
105.43,30064771096,7,24,1,411,1,ACK_exact_bare,8,10,,25,25,0,,,
105.508,8589934648,2,56,0,413,1,ACK_exact_bare,8,13,,25,25,0,,,
105.612,8589934649,2,57,0,413,1,ACK_exact_bare,8,13,,25,25,0,,,
105.794,30064771097,7,25,0,410,1,ACK_exact_bare,8,9,,25,25,0,,,
105.794,30064771097,7,25,1,411,1,ACK_exact_bare,8,10,,25,25,0,,,
105.976,34359738406,8,38,0,406,1,ACK_exact_bare,2,11,,25,25,0,,,
105.976,34359738406,8,38,1,408,1,ACK_exact_bare,7,7,,25,25,0,,,
105.976,34359738406,8,38,2,414,1,ACK_exact_bare,7,8,,25,25,0,,,
106.197,34359738407,8,39,0,414,1,ACK_exact_bare,7,8,,25,25,0,,,
107.536,30064771098,7,26,0,415,4,DISCOVER_broadcast,16777215,23,,19,19,0,,,
112.775,30064771099,7,27,0,416,4,DISCOVER_broadcast,16777215,24,,19,19,0,,,
117.546,30064771100,7,28,0,417,6,ROUTING_normalized_legacy_request,8,9,4,16,23,7,0,7,
117.546,30064771100,7,28,1,418,7,SNMP_DONE,8,0,,31,31,0,,,
117.546,30064771100,7,28,2,419,7,SNMP_START,8,0,,31,31,0,,,
117.676,34359738408,8,40,0,420,1,ACK_exact_bare,7,9,,25,25,0,,,
117.676,34359738408,8,40,1,422,6,ROUTING_actual_arl_section,7,11,11,162,162,0,146,146,INFO;UPDATE;UPDATE;UPDATE;UPDATE;UPDATE;UPDATE;UPDATE;FLUSH
117.676,34359738408,8,40,2,421,7,SNMP_START,2,0,,31,31,0,,,
118.196,30064771101,7,29,0,423,1,ACK_exact_bare,8,11,,25,25,0,,,
118.196,30064771101,7,29,1,424,6,ROUTING_actual_arl_section,8,10,5,134,134,0,118,118,UPDATE;UPDATE;UPDATE;UPDATE;UPDATE
118.456,34359738409,8,41,0,420,1,ACK_exact_bare,7,9,,25,25,0,,,
118.456,34359738409,8,41,1,425,1,ACK_exact_bare,7,10,,25,25,0,,,
118.768,34359738410,8,42,0,420,1,ACK_exact_bare,7,9,,25,25,0,,,
118.768,34359738410,8,42,1,425,1,ACK_exact_bare,7,10,,25,25,0,,,
118.859,30064771102,7,30,0,423,1,ACK_exact_bare,8,11,,25,25,0,,,
118.911,30064771103,7,31,0,423,1,ACK_exact_bare,8,11,,25,25,0,,,
119.054,30064771104,7,32,0,423,1,ACK_exact_bare,8,11,,25,25,0,,,
119.171,34359738411,8,43,0,420,1,ACK_exact_bare,7,9,,25,25,0,,,
119.171,34359738411,8,43,1,425,1,ACK_exact_bare,7,10,,25,25,0,,,
119.431,30064771105,7,33,0,423,1,ACK_exact_bare,8,11,,25,25,0,,,
119.639,34359738412,8,44,0,420,1,ACK_exact_bare,7,9,,25,25,0,,,
119.639,34359738412,8,44,1,425,1,ACK_exact_bare,7,10,,25,25,0,,,
119.912,34359738413,8,45,0,425,1,ACK_exact_bare,7,10,,25,25,0,,,
132.288,21474836580,5,100,0,426,7,SNMP_START,4,0,,31,31,0,,,
147.602,4294967405,1,109,0,428,7,SNMP_START,5,0,,31,31,0,,,
147.693,17179869257,4,73,0,427,7,SNMP_START,5,0,,31,31,0,,,
162.942,8589934650,2,58,0,429,7,SNMP_START,4,0,,31,31,0,,,
178.061,30064771106,7,34,0,430,7,SNMP_START,8,0,,31,31,0,,,
179.127,34359738414,8,46,0,431,7,SNMP_START,2,0,,31,31,0,,,
207.428,17179869258,4,74,0,432,7,SNMP_START,2,0,,31,31,0,,,
222.833,8589934651,2,59,0,433,7,SNMP_START,4,0,,31,31,0,,,
238.043,34359738415,8,47,0,435,7,SNMP_START,2,0,,31,31,0,,,
239.122,30064771107,7,35,0,434,7,SNMP_START,8,0,,31,31,0,,,
282.789,8589934652,2,60,0,436,7,SNMP_START,8,0,,31,31,0,,,
298.025,34359738416,8,48,0,438,7,SNMP_START,2,0,,31,31,0,,,
298.116,30064771108,7,36,0,437,7,SNMP_START,8,0,,31,31,0,,,
300.092,30064771109,7,37,0,443,0,DATA_bare,8,11,,217,217,0,,,
300.365,12884901974,3,86,0,440,0,DATA_bare,1,18,,217,217,0,,,
300.391,17179869259,4,75,0,441,0,DATA_bare,5,14,,217,217,0,,,
300.482,34359738417,8,49,0,445,1,ACK_window_bare,7,11,,41,41,0,,,
300.586,34359738418,8,50,0,445,1,ACK_window_bare,7,11,,41,41,0,,,
300.768,34359738419,8,51,0,445,1,ACK_window_bare,7,11,,41,41,0,,,
300.872,30064771110,7,38,0,446,0,DATA_bare,8,12,,217,217,0,,,
301.236,34359738420,8,52,0,447,1,ACK_window_bare,7,12,,41,41,0,,,
301.418,30064771111,7,39,0,448,0,DATA_bare,8,13,,217,217,0,,,
301.639,8589934653,2,61,0,439,0,DATA_bare,4,16,,217,217,0,,,
301.704,34359738421,8,53,0,451,1,ACK_window_bare,7,13,,41,41,0,,,
301.769,21474836581,5,101,0,450,1,ACK_window_bare,4,14,,41,41,0,,,
301.899,34359738422,8,54,0,451,1,ACK_window_bare,7,13,,41,41,0,,,
302.016,4294967406,1,110,0,449,1,ACK_window_bare,3,18,,41,41,0,,,
302.029,30064771112,7,40,0,452,0,DATA_bare,8,14,,217,217,0,,,
302.107,12884901975,3,87,0,455,0,DATA_bare,1,19,,217,217,0,,,
302.133,17179869260,4,76,0,454,1,ACK_window_bare,2,16,,41,41,0,,,
302.276,34359738423,8,55,0,457,1,ACK_window_bare,7,14,,41,41,0,,,
302.406,8589934654,2,62,0,456,0,DATA_bare,4,17,,217,217,0,,,
302.432,4294967407,1,111,0,459,1,ACK_window_bare,3,19,,41,41,0,,,
302.484,30064771113,7,41,0,453,0,DATA_bare,8,15,,217,217,0,,,
302.536,21474836582,5,102,0,450,1,ACK_window_bare,4,14,,41,41,0,,,
302.692,34359738424,8,56,0,457,1,ACK_window_bare,7,14,,41,41,0,,,
302.848,30064771114,7,42,0,458,0,DATA_bare,8,16,,217,217,0,,,
302.848,12884901976,3,88,0,461,0,DATA_bare,1,20,,217,217,0,,,
302.848,17179869261,4,77,0,462,1,ACK_window_bare,2,17,,41,41,0,,,
302.939,8589934655,2,63,0,463,0,DATA_bare,4,18,,217,217,0,,,
303.017,21474836583,5,103,0,450,1,ACK_window_bare,4,14,,41,41,0,,,
303.108,4294967408,1,112,0,464,1,ACK_window_bare,3,20,,41,41,0,,,
303.108,21474836584,5,104,0,450,1,ACK_window_bare,4,14,,41,41,0,,,
303.186,21474836585,5,105,0,450,1,ACK_window_bare,4,14,,41,41,0,,,
303.29,34359738425,8,57,0,465,1,ACK_window_bare,7,16,,41,41,0,,,
303.329,17179869262,4,78,0,468,1,ACK_window_bare,2,18,,41,41,0,,,
303.446,4294967409,1,113,0,464,1,ACK_window_bare,3,20,,41,41,0,,,
303.524,30064771115,7,43,0,470,0,DATA_bare,8,17,,217,217,0,,,
303.55,12884901977,3,89,0,466,0,DATA_bare,1,21,,217,217,0,,,
303.745,17179869263,4,79,0,468,1,ACK_window_bare,2,18,,41,41,0,,,
303.797,12884901978,3,90,0,467,0,DATA_bare,1,22,,217,217,0,,,
303.836,34359738426,8,58,0,471,1,ACK_window_bare,7,17,,41,41,0,,,
303.953,30064771116,7,44,0,475,0,DATA_bare,8,18,,217,217,0,,,
304.031,17179869264,4,80,0,468,1,ACK_window_bare,2,18,,41,41,0,,,
304.135,17179869265,4,81,0,468,1,ACK_window_bare,2,18,,41,41,0,,,
304.226,4294967410,1,114,0,477,1,ACK_window_bare,3,22,,41,41,0,,,
304.226,17179869266,4,82,0,468,1,ACK_window_bare,2,18,,41,41,0,,,
304.317,21474836586,5,106,0,442,0,DATA_bare,1,19,,217,217,0,,,
304.33,30064771117,7,45,0,476,0,DATA_bare,8,19,,217,217,0,,,
304.382,8589934656,2,64,0,473,0,DATA_bare,4,19,,217,217,0,,,
304.577,34359738427,8,59,0,483,1,ACK_window_bare,7,19,,41,41,0,,,
304.603,12884901979,3,91,0,479,0,DATA_bare,1,23,,217,217,0,,,
304.694,30064771118,7,46,0,481,0,DATA_bare,8,15,,217,217,0,,,
304.746,8589934657,2,65,0,474,0,DATA_bare,4,20,,217,217,0,,,
304.863,4294967411,1,115,0,486,1,ACK_window_bare,3,23,,41,41,0,,,
304.863,4294967411,1,115,1,482,1,ACK_window_bare,5,19,,41,41,0,,,
305.006,4294967412,1,116,0,486,1,ACK_window_bare,3,23,,41,41,0,,,
305.006,4294967412,1,116,1,482,1,ACK_window_bare,5,19,,41,41,0,,,
305.019,17179869267,4,83,0,491,1,ACK_window_bare,2,20,,41,41,0,,,
305.045,30064771119,7,47,0,484,0,DATA_bare,8,20,,217,217,0,,,
305.175,17179869268,4,84,0,491,1,ACK_window_bare,2,20,,41,41,0,,,
305.227,4294967413,1,117,0,486,1,ACK_window_bare,3,23,,41,41,0,,,
305.227,4294967413,1,117,1,482,1,ACK_window_bare,5,19,,41,41,0,,,
305.292,34359738428,8,60,0,493,1,ACK_window_bare,7,20,,41,41,0,,,
305.37,8589934658,2,66,0,492,0,DATA_bare,4,21,,217,217,0,,,
305.409,4294967414,1,118,0,486,1,ACK_window_bare,3,23,,41,41,0,,,
305.409,4294967414,1,118,1,482,1,ACK_window_bare,5,19,,41,41,0,,,
305.487,30064771120,7,48,0,485,0,DATA_bare,8,21,,217,217,0,,,
305.552,21474836587,5,107,0,490,0,DATA_bare,1,20,,217,217,0,,,
305.799,17179869269,4,85,0,497,1,ACK_window_bare,2,21,,41,41,0,,,
305.812,30064771121,7,49,0,494,0,DATA_bare,8,22,,217,217,0,,,
305.825,12884901980,3,92,0,480,0,DATA_bare,1,24,,217,217,0,,,
305.955,17179869270,4,86,0,497,1,ACK_window_bare,2,21,,41,41,0,,,
306.072,4294967415,1,119,0,501,1,ACK_window_bare,3,24,,41,41,0,,,
306.072,4294967415,1,119,1,498,1,ACK_window_bare,5,20,,41,41,0,,,
306.202,4294967416,1,120,0,501,1,ACK_window_bare,3,24,,41,41,0,,,
306.202,4294967416,1,120,1,498,1,ACK_window_bare,5,20,,41,41,0,,,
306.202,8589934659,2,67,0,499,0,DATA_bare,4,22,,217,217,0,,,
306.423,30064771122,7,50,0,495,0,DATA_bare,8,23,,217,217,0,,,
306.436,12884901981,3,93,0,488,0,DATA_bare,1,25,,217,217,0,,,
306.462,34359738429,8,61,0,500,1,ACK_window_bare,7,22,,41,41,0,,,
306.566,17179869271,4,87,0,505,1,ACK_window_bare,2,22,,41,41,0,,,
306.774,34359738430,8,62,0,500,1,ACK_window_bare,7,22,,41,41,0,,,
306.93,21474836588,5,108,0,503,0,DATA_bare,1,21,,217,217,0,,,
306.956,8589934660,2,68,0,504,0,DATA_bare,4,19,,217,217,0,,,
307.086,30064771123,7,51,0,496,0,DATA_bare,8,24,,217,217,0,,,
307.19,4294967417,1,121,0,508,1,ACK_window_bare,3,25,,41,41,0,,,
307.19,4294967417,1,121,1,510,1,ACK_window_bare,5,21,,41,41,0,,,
307.229,17179869272,4,88,0,505,1,ACK_window_bare,2,22,,41,41,0,,,
307.359,30064771124,7,52,0,509,0,DATA_bare,8,25,,217,217,0,,,
307.372,12884901982,3,94,0,489,0,DATA_bare,1,26,,217,217,0,,,
307.515,17179869273,4,89,0,505,1,ACK_window_bare,2,22,,41,41,0,,,
307.645,12884901983,3,95,0,502,0,DATA_bare,1,27,,217,217,0,,,
307.645,17179869274,4,90,0,505,1,ACK_window_bare,2,22,,41,41,0,,,
307.697,34359738431,8,63,0,515,1,ACK_window_bare,7,25,,41,41,0,,,
307.775,17179869275,4,91,0,505,1,ACK_window_bare,2,22,,41,41,0,,,
307.801,34359738432,8,64,0,515,1,ACK_window_bare,7,25,,41,41,0,,,
307.853,8589934661,2,69,0,506,0,DATA_bare,4,23,,217,217,0,,,
307.905,21474836589,5,109,0,512,0,DATA_bare,1,22,,217,217,0,,,
308.035,34359738433,8,65,0,515,1,ACK_window_bare,7,25,,41,41,0,,,
308.139,30064771125,7,53,0,514,0,DATA_bare,8,21,,217,217,0,,,
308.165,8589934662,2,70,0,507,0,DATA_bare,4,24,,217,217,0,,,
308.217,4294967418,1,122,0,518,1,ACK_window_bare,3,27,,41,41,0,,,
308.217,4294967418,1,122,1,520,1,ACK_window_bare,5,22,,41,41,0,,,
308.451,17179869276,4,92,0,526,1,ACK_window_bare,2,24,,41,41,0,,,
308.581,12884901984,3,96,0,511,0,DATA_bare,1,28,,217,217,0,,,
308.724,34359738434,8,66,0,525,1,ACK_window_bare,7,25,,41,41,0,,,
308.802,30064771126,7,54,0,517,0,DATA_bare,8,26,,217,217,0,,,
308.841,8589934663,2,71,0,528,0,DATA_bare,4,25,,217,217,0,,,
308.854,12884901985,3,97,0,521,0,DATA_bare,1,29,,217,217,0,,,
309.114,8589934664,2,72,0,529,0,DATA_bare,4,26,,217,217,0,,,
309.114,21474836590,5,110,0,513,0,DATA_bare,1,23,,217,217,0,,,
309.231,30064771127,7,55,0,527,0,DATA_bare,8,23,,217,217,0,,,
309.361,4294967419,1,123,0,537,1,ACK_window_bare,3,29,,41,41,0,,,
309.361,4294967419,1,123,1,538,1,ACK_window_bare,5,23,,41,41,0,,,
309.374,17179869277,4,93,0,535,1,ACK_window_bare,2,25,,41,41,0,,,
309.452,34359738435,8,67,0,534,1,ACK_window_bare,7,26,,41,41,0,,,
309.66,4294967420,1,124,0,537,1,ACK_window_bare,3,29,,41,41,0,,,
309.66,4294967420,1,124,1,538,1,ACK_window_bare,5,23,,41,41,0,,,
309.66,8589934665,2,73,0,533,0,DATA_bare,4,19,,217,217,0,,,
309.725,30064771128,7,56,0,530,0,DATA_bare,8,27,,217,217,0,,,
309.842,4294967421,1,125,0,537,1,ACK_window_bare,3,29,,41,41,0,,,
309.842,4294967421,1,125,1,538,1,ACK_window_bare,5,23,,41,41,0,,,
309.959,21474836591,5,111,0,524,0,DATA_bare,1,24,,217,217,0,,,
310.024,12884901986,3,98,0,522,0,DATA_bare,1,30,,217,217,0,,,
310.037,34359738436,8,68,0,534,1,ACK_window_bare,7,26,,41,41,0,,,
310.115,8589934666,2,74,0,539,0,DATA_bare,4,27,,217,217,0,,,
310.141,30064771129,7,57,0,531,0,DATA_bare,8,28,,217,217,0,,,
310.271,17179869278,4,94,0,545,1,ACK_window_bare,2,25,,41,41,0,,,
310.271,21474836592,5,112,0,544,0,DATA_bare,1,25,,217,217,0,,,
310.466,30064771130,7,58,0,536,0,DATA_bare,8,24,,217,217,0,,,
310.492,8589934667,2,75,0,540,0,DATA_bare,4,28,,217,217,0,,,
310.622,12884901987,3,99,0,523,0,DATA_bare,1,31,,217,217,0,,,
310.713,34359738437,8,69,0,549,1,ACK_window_bare,7,26,,41,41,0,,,
310.804,34359738438,8,70,0,549,1,ACK_window_bare,7,26,,41,41,0,,,
310.817,17179869279,4,95,0,550,1,ACK_window_bare,2,28,,41,41,0,,,
310.973,34359738439,8,71,0,549,1,ACK_window_bare,7,26,,41,41,0,,,
311.064,4294967422,1,126,0,552,1,ACK_window_bare,3,31,,41,41,0,,,
311.064,4294967422,1,126,1,548,1,ACK_window_bare,5,25,,41,41,0,,,
311.142,30064771131,7,59,0,546,0,DATA_bare,8,29,,217,217,0,,,
311.142,17179869280,4,96,0,550,1,ACK_window_bare,2,28,,41,41,0,,,
311.233,4294967423,1,127,0,552,1,ACK_window_bare,3,31,,41,41,0,,,
311.233,4294967423,1,127,1,548,1,ACK_window_bare,5,25,,41,41,0,,,
311.259,8589934668,2,76,0,553,0,DATA_bare,4,26,,217,217,0,,,
311.35,12884901988,3,100,0,541,0,DATA_bare,1,32,,217,217,0,,,
311.532,34359738440,8,72,0,561,1,ACK_window_bare,7,29,,41,41,0,,,
311.61,34359738441,8,73,0,561,1,ACK_window_bare,7,29,,41,41,0,,,
311.61,21474836593,5,113,0,555,0,DATA_bare,1,26,,217,217,0,,,
311.805,30064771132,7,60,0,551,0,DATA_bare,8,30,,217,217,0,,,
311.844,8589934669,2,77,0,558,0,DATA_bare,4,29,,217,217,0,,,
311.87,17179869281,4,97,0,562,1,ACK_window_bare,2,28,,41,41,0,,,
311.974,21474836594,5,114,0,556,0,DATA_bare,1,27,,217,217,0,,,
312.143,34359738442,8,74,0,568,1,ACK_window_bare,7,30,,41,41,0,,,
312.221,30064771133,7,61,0,560,0,DATA_bare,8,23,,217,217,0,,,
312.286,12884901989,3,101,0,542,0,DATA_bare,1,33,,217,217,0,,,
312.416,17179869282,4,98,0,562,1,ACK_window_bare,2,28,,41,41,0,,,
312.494,8589934670,2,78,0,559,0,DATA_bare,4,30,,217,217,0,,,
312.546,4294967424,1,128,0,574,1,ACK_window_bare,3,33,,41,41,0,,,
312.546,4294967424,1,128,1,571,1,ACK_window_bare,5,27,,41,41,0,,,
312.663,12884901990,3,102,0,543,0,DATA_bare,1,34,,217,217,0,,,
312.676,30064771134,7,62,0,564,0,DATA_bare,8,31,,217,217,0,,,
312.871,8589934671,2,79,0,569,0,DATA_bare,4,27,,217,217,0,,,
312.91,21474836595,5,115,0,557,0,DATA_bare,1,28,,217,217,0,,,
313.027,30064771135,7,63,0,565,0,DATA_bare,8,27,,217,217,0,,,
313.157,34359738443,8,75,0,572,1,ACK_window_bare,7,30,,41,41,0,,,
313.287,12884901991,3,103,0,554,0,DATA_bare,1,35,,217,217,0,,,
313.313,17179869283,4,99,0,583,1,ACK_window_bare,2,30,,41,41,0,,,
313.521,17179869284,4,100,0,583,1,ACK_window_bare,2,30,,41,41,0,,,
313.534,34359738444,8,76,0,572,1,ACK_window_bare,7,30,,41,41,0,,,
313.612,8589934672,2,80,0,573,0,DATA_bare,4,31,,217,217,0,,,
313.664,4294967425,1,129,0,587,1,ACK_window_bare,3,35,,41,41,0,,,
313.664,4294967425,1,129,1,584,1,ACK_window_bare,5,28,,41,41,0,,,
313.664,30064771136,7,64,0,570,0,DATA_bare,8,28,,217,217,0,,,
313.82,12884901992,3,104,0,567,0,DATA_bare,1,30,,217,217,0,,,
313.82,21474836596,5,116,0,578,0,DATA_bare,1,29,,217,217,0,,,
313.924,8589934673,2,81,0,585,0,DATA_bare,4,32,,217,217,0,,,
314.132,4294967426,1,130,0,593,1,ACK_window_bare,3,35,,41,41,0,,,
314.132,4294967426,1,130,1,584,1,ACK_window_bare,5,28,,41,41,0,,,
314.236,17179869285,4,101,0,594,1,ACK_window_bare,2,32,,41,41,0,,,
314.314,8589934674,2,82,0,586,0,DATA_bare,4,33,,217,217,0,,,
314.418,12884901993,3,105,0,575,0,DATA_bare,1,36,,217,217,0,,,
314.574,34359738445,8,77,0,572,1,ACK_window_bare,7,30,,41,41,0,,,
314.639,17179869286,4,102,0,599,1,ACK_window_bare,2,33,,41,41,0,,,
314.704,30064771137,7,65,0,601,0,DATA_bare,8,31,,217,217,0,,,
314.717,21474836597,5,117,0,579,0,DATA_bare,1,30,,217,217,0,,,
314.756,8589934675,2,83,0,591,0,DATA_bare,4,29,,217,217,0,,,
315.055,30064771138,7,66,0,604,0,DATA_bare,8,27,,217,217,0,,,
315.094,4294967427,1,131,0,600,1,ACK_window_bare,3,36,,41,41,0,,,
315.094,4294967427,1,131,1,603,1,ACK_window_bare,5,30,,41,41,0,,,
315.107,17179869287,4,103,0,599,1,ACK_window_bare,2,33,,41,41,0,,,
315.237,12884901994,3,106,0,576,0,DATA_bare,1,37,,217,217,0,,,
315.341,8589934676,2,84,0,597,0,DATA_bare,4,34,,217,217,0,,,
315.341,34359738446,8,78,0,607,1,ACK_window_bare,7,31,,41,41,0,,,
315.406,21474836598,5,118,0,580,0,DATA_bare,1,31,,217,217,0,,,
315.458,34359738447,8,79,0,607,1,ACK_window_bare,7,31,,41,41,0,,,
315.523,4294967428,1,132,0,608,1,ACK_window_bare,3,37,,41,41,0,,,
315.523,4294967428,1,132,1,603,1,ACK_window_bare,5,30,,41,41,0,,,
315.653,8589934677,2,85,0,598,0,DATA_bare,4,35,,217,217,0,,,
315.705,12884901995,3,107,0,577,0,DATA_bare,1,38,,217,217,0,,,
315.835,30064771139,7,67,0,611,0,DATA_bare,8,28,,217,217,0,,,
315.913,17179869288,4,104,0,613,1,ACK_window_bare,2,35,,41,41,0,,,
315.978,34359738448,8,80,0,607,1,ACK_window_bare,7,31,,41,41,0,,,
315.991,4294967429,1,133,0,614,1,ACK_window_bare,3,38,,41,41,0,,,
315.991,4294967429,1,133,1,603,1,ACK_window_bare,5,30,,41,41,0,,,
316.134,17179869289,4,105,0,613,1,ACK_window_bare,2,35,,41,41,0,,,
316.199,12884901996,3,108,0,588,0,DATA_bare,1,39,,217,217,0,,,
316.277,34359738449,8,81,0,607,1,ACK_window_bare,7,31,,41,41,0,,,
316.342,17179869290,4,106,0,613,1,ACK_window_bare,2,35,,41,41,0,,,
316.433,17179869291,4,107,0,613,1,ACK_window_bare,2,35,,41,41,0,,,
316.472,34359738450,8,82,0,607,1,ACK_window_bare,7,31,,41,41,0,,,
316.498,21474836599,5,119,0,590,0,DATA_bare,1,32,,217,217,0,,,
316.719,34359738451,8,83,0,444,0,DATA_bare,2,14,,217,217,0,,,
316.771,17179869292,4,108,0,613,1,ACK_window_bare,2,35,,41,41,0,,,
316.823,12884901997,3,109,0,589,0,DATA_bare,1,40,,217,217,0,,,
316.953,17179869293,4,109,0,469,0,DATA_bare,5,15,,217,217,0,,,
317.174,4294967430,1,134,0,621,1,ACK_window_bare,3,40,,41,41,0,,,
317.174,4294967430,1,134,1,618,1,ACK_window_bare,5,32,,41,41,0,,,
317.226,8589934678,2,86,0,620,1,ACK_window_bare,8,14,,41,41,0,,,
317.434,21474836600,5,120,0,622,1,ACK_window_bare,4,15,,41,41,0,,,
317.525,21474836601,5,121,0,622,1,ACK_window_bare,4,15,,41,41,0,,,
317.551,8589934679,2,87,0,620,1,ACK_window_bare,8,14,,41,41,0,,,
317.668,12884901998,3,110,0,595,0,DATA_bare,1,41,,217,217,0,,,
317.681,34359738452,8,84,0,625,0,DATA_bare,2,15,,217,217,0,,,
317.681,17179869294,4,110,0,627,0,DATA_bare,5,16,,217,217,0,,,
317.954,4294967431,1,135,0,628,1,ACK_window_bare,3,41,,41,41,0,,,
317.954,4294967431,1,135,1,618,1,ACK_window_bare,5,32,,41,41,0,,,
318.188,8589934680,2,88,0,620,1,ACK_window_bare,8,14,,41,41,0,,,
318.227,4294967432,1,136,0,628,1,ACK_window_bare,3,41,,41,41,0,,,
318.227,4294967432,1,136,1,618,1,ACK_window_bare,5,32,,41,41,0,,,
318.344,21474836602,5,122,0,622,1,ACK_window_bare,4,15,,41,41,0,,,
318.526,21474836603,5,123,0,622,1,ACK_window_bare,4,15,,41,41,0,,,
318.63,8589934681,2,89,0,620,1,ACK_window_bare,8,14,,41,41,0,,,
318.643,12884901999,3,111,0,596,0,DATA_bare,1,42,,217,217,0,,,
318.747,8589934682,2,90,0,620,1,ACK_window_bare,8,14,,41,41,0,,,
319.007,21474836604,5,124,0,622,1,ACK_window_bare,4,15,,41,41,0,,,
319.098,4294967433,1,137,0,634,1,ACK_window_bare,3,42,,41,41,0,,,
319.098,4294967433,1,137,1,618,1,ACK_window_bare,5,32,,41,41,0,,,
319.215,8589934683,2,91,0,619,0,DATA_bare,4,29,,217,217,0,,,
319.215,12884902000,3,112,0,605,0,DATA_bare,1,43,,217,217,0,,,
319.475,12884902001,3,113,0,610,0,DATA_bare,1,44,,217,217,0,,,
319.566,17179869295,4,111,0,637,1,ACK_window_bare,2,35,,41,41,0,,,
319.644,17179869296,4,112,0,637,1,ACK_window_bare,2,35,,41,41,0,,,
319.8,4294967434,1,138,0,640,1,ACK_window_bare,3,44,,41,41,0,,,
319.8,4294967434,1,138,1,618,1,ACK_window_bare,5,32,,41,41,0,,,
319.865,17179869297,4,113,0,637,1,ACK_window_bare,2,35,,41,41,0,,,
319.917,12884902002,3,114,0,615,0,DATA_bare,1,45,,217,217,0,,,
320.008,34359738453,8,85,0,638,0,DATA_bare,2,15,,217,217,0,,,
320.151,17179869298,4,114,0,637,1,ACK_window_bare,2,35,,41,41,0,,,
320.411,4294967435,1,139,0,644,1,ACK_window_bare,3,45,,41,41,0,,,
320.411,21474836605,5,125,0,606,0,DATA_bare,1,33,,217,217,0,,,
320.515,12884902003,3,115,0,616,0,DATA_bare,1,46,,217,217,0,,,
320.645,8589934684,2,92,0,645,1,ACK_window_bare,8,15,,41,41,0,,,
320.762,34359738454,8,86,0,647,0,DATA_bare,2,16,,217,217,0,,,
320.788,17179869299,4,115,0,637,1,ACK_window_bare,2,35,,41,41,0,,,
320.801,12884902004,3,116,0,623,0,DATA_bare,1,47,,217,217,0,,,
320.879,21474836606,5,126,0,612,0,DATA_bare,1,29,,217,217,0,,,
321.139,8589934685,2,93,0,649,1,ACK_window_bare,8,16,,41,41,0,,,
321.347,4294967436,1,140,0,650,1,ACK_window_bare,3,47,,41,41,0,,,
321.412,8589934686,2,94,0,649,1,ACK_window_bare,8,16,,41,41,0,,,
321.425,12884902005,3,117,0,624,0,DATA_bare,1,48,,217,217,0,,,
321.581,17179869300,4,116,0,639,0,DATA_bare,5,16,,217,217,0,,,
321.594,34359738455,8,87,0,651,0,DATA_bare,2,17,,217,217,0,,,
321.711,4294967437,1,141,0,655,1,ACK_window_bare,3,48,,41,41,0,,,
321.88,21474836607,5,127,0,626,0,DATA_bare,1,31,,217,217,0,,,
322.088,8589934687,2,95,0,649,1,ACK_window_bare,8,16,,41,41,0,,,
322.153,4294967438,1,142,0,655,1,ACK_window_bare,3,48,,41,41,0,,,
322.153,4294967438,1,142,1,657,1,ACK_window_bare,5,32,,41,41,0,,,
322.335,8589934688,2,96,0,649,1,ACK_window_bare,8,16,,41,41,0,,,
322.374,4294967439,1,143,0,655,1,ACK_window_bare,3,48,,41,41,0,,,
322.374,4294967439,1,143,1,657,1,ACK_window_bare,5,32,,41,41,0,,,
322.491,12884902006,3,118,0,629,0,DATA_bare,1,49,,217,217,0,,,
322.712,8589934689,2,97,0,649,1,ACK_window_bare,8,16,,41,41,0,,,
322.738,21474836608,5,128,0,631,0,DATA_bare,1,34,,217,217,0,,,
323.115,4294967440,1,144,0,660,1,ACK_window_bare,3,49,,41,41,0,,,
323.115,4294967440,1,144,1,661,1,ACK_window_bare,5,34,,41,41,0,,,
323.375,12884902007,3,119,0,630,0,DATA_bare,1,50,,217,217,0,,,
323.596,17179869301,4,117,0,664,0,DATA_bare,5,16,,217,217,0,,,
323.635,12884902008,3,120,0,635,0,DATA_bare,1,51,,217,217,0,,,
323.856,34359738456,8,88,0,665,0,DATA_bare,2,17,,217,217,0,,,
323.908,12884902009,3,121,0,641,0,DATA_bare,1,52,,217,217,0,,,
323.921,21474836609,5,129,0,632,0,DATA_bare,1,35,,217,217,0,,,
324.155,8589934690,2,98,0,668,1,ACK_window_bare,8,17,,41,41,0,,,
324.168,4294967441,1,145,0,669,1,ACK_window_bare,3,52,,41,41,0,,,
324.168,4294967441,1,145,1,661,1,ACK_window_bare,5,34,,41,41,0,,,
324.311,12884902010,3,122,0,642,0,DATA_bare,1,53,,217,217,0,,,
324.48,8589934691,2,99,0,668,1,ACK_window_bare,8,17,,41,41,0,,,
324.623,34359738457,8,89,0,670,0,DATA_bare,2,18,,217,217,0,,,
324.636,4294967442,1,146,0,675,1,ACK_window_bare,3,53,,41,41,0,,,
324.636,4294967442,1,146,1,661,1,ACK_window_bare,5,34,,41,41,0,,,
324.753,21474836610,5,130,0,633,0,DATA_bare,1,29,,217,217,0,,,
324.935,8589934692,2,100,0,679,1,ACK_window_bare,8,18,,41,41,0,,,
325.052,4294967443,1,147,0,675,1,ACK_window_bare,3,53,,41,41,0,,,
325.052,4294967443,1,147,1,680,1,ACK_window_bare,5,34,,41,41,0,,,
325.182,21474836611,5,131,0,658,0,DATA_bare,1,36,,217,217,0,,,
325.325,34359738458,8,90,0,681,0,DATA_bare,2,19,,217,217,0,,,
325.429,12884902011,3,123,0,643,0,DATA_bare,1,54,,217,217,0,,,
325.637,8589934693,2,101,0,684,1,ACK_window_bare,8,19,,41,41,0,,,
325.754,34359738459,8,91,0,686,0,DATA_bare,2,20,,217,217,0,,,
325.754,21474836612,5,132,0,659,0,DATA_bare,1,33,,217,217,0,,,
326.014,8589934694,2,102,0,689,1,ACK_window_bare,8,20,,41,41,0,,,
326.014,12884902012,3,124,0,646,0,DATA_bare,1,55,,217,217,0,,,
326.105,8589934695,2,103,0,689,1,ACK_window_bare,8,20,,41,41,0,,,
326.3,34359738460,8,92,0,690,0,DATA_bare,2,21,,217,217,0,,,
326.378,4294967444,1,148,0,692,1,ACK_window_bare,3,55,,41,41,0,,,
326.378,4294967444,1,148,1,688,1,ACK_window_bare,5,36,,41,41,0,,,
326.495,12884902013,3,125,0,652,0,DATA_bare,1,56,,217,217,0,,,
326.781,8589934696,2,104,0,697,1,ACK_window_bare,8,21,,41,41,0,,,
326.807,12884902014,3,126,0,653,0,DATA_bare,1,57,,217,217,0,,,
326.95,34359738461,8,93,0,691,0,DATA_bare,2,22,,217,217,0,,,
327.106,21474836613,5,133,0,663,0,DATA_bare,1,37,,217,217,0,,,
327.119,12884902015,3,127,0,654,0,DATA_bare,1,58,,217,217,0,,,
327.314,8589934697,2,105,0,701,1,ACK_window_bare,8,22,,41,41,0,,,
327.509,4294967445,1,149,0,700,1,ACK_window_bare,3,57,,41,41,0,,,
327.509,4294967445,1,149,1,702,1,ACK_window_bare,5,37,,41,41,0,,,
327.6,34359738462,8,94,0,699,0,DATA_bare,2,23,,217,217,0,,,
327.665,12884902016,3,128,0,656,0,DATA_bare,1,59,,217,217,0,,,
327.73,17179869302,4,118,0,704,0,DATA_bare,5,17,,217,217,0,,,
327.977,8589934698,2,106,0,709,1,ACK_window_bare,8,23,,41,41,0,,,
327.99,21474836614,5,134,0,682,0,DATA_bare,1,38,,217,217,0,,,
328.094,8589934699,2,107,0,709,1,ACK_window_bare,8,23,,41,41,0,,,
328.198,34359738463,8,95,0,703,0,DATA_bare,2,24,,217,217,0,,,
328.315,4294967446,1,150,0,710,1,ACK_window_bare,3,59,,41,41,0,,,
328.315,4294967446,1,150,1,713,1,ACK_window_bare,5,38,,41,41,0,,,
328.432,4294967447,1,151,0,710,1,ACK_window_bare,3,59,,41,41,0,,,
328.432,4294967447,1,151,1,713,1,ACK_window_bare,5,38,,41,41,0,,,
328.484,8589934700,2,108,0,716,1,ACK_window_bare,8,24,,41,41,0,,,
328.653,34359738464,8,96,0,711,0,DATA_bare,2,25,,217,217,0,,,
328.666,12884902017,3,129,0,662,0,DATA_bare,1,60,,217,217,0,,,
328.926,34359738465,8,97,0,712,0,DATA_bare,2,26,,217,217,0,,,
328.939,21474836615,5,135,0,687,0,DATA_bare,1,35,,217,217,0,,,
329.199,8589934701,2,109,0,722,1,ACK_window_bare,8,26,,41,41,0,,,
329.264,4294967448,1,152,0,720,1,ACK_window_bare,3,60,,41,41,0,,,
329.264,4294967448,1,152,1,723,1,ACK_window_bare,5,38,,41,41,0,,,
329.472,34359738466,8,98,0,717,0,DATA_bare,2,27,,217,217,0,,,
329.485,12884902018,3,130,0,671,0,DATA_bare,1,61,,217,217,0,,,
329.81,12884902019,3,131,0,672,0,DATA_bare,1,62,,217,217,0,,,
329.836,8589934702,2,110,0,731,1,ACK_window_bare,8,27,,41,41,0,,,
