candidate,reference,statistic,unit,aggregation,time_s,candidate_value,reference_value,candidate_value_status,reference_value_status,candidate_raw_value,reference_raw_value,comparison_status,difference,relative_difference_percent
matlab,ns3,Generator.Traffic Sent (packets/sec),packets/s,bucket_sum_per_second,12.0,0.0,0.0,observed,observed,,,both_observed,0.0,
matlab,ns3,Generator.Traffic Sent (packets/sec),packets/s,bucket_sum_per_second,24.0,0.0,0.0,observed,observed,,,both_observed,0.0,
matlab,ns3,Generator.Traffic Sent (packets/sec),packets/s,bucket_sum_per_second,36.0,0.0,0.0,observed,observed,,,both_observed,0.0,
matlab,ns3,Generator.Traffic Sent (packets/sec),packets/s,bucket_sum_per_second,48.0,0.0,0.0,observed,observed,,,both_observed,0.0,
matlab,ns3,Generator.Traffic Sent (packets/sec),packets/s,bucket_sum_per_second,60.0,0.0,0.0,observed,observed,,,both_observed,0.0,
matlab,ns3,Generator.Traffic Sent (packets/sec),packets/s,bucket_sum_per_second,72.0,0.0,0.0,observed,observed,,,both_observed,0.0,
matlab,ns3,Generator.Traffic Sent (packets/sec),packets/s,bucket_sum_per_second,84.0,0.0,0.0,observed,observed,,,both_observed,0.0,
matlab,ns3,Generator.Traffic Sent (packets/sec),packets/s,bucket_sum_per_second,96.0,0.0,0.0,observed,observed,,,both_observed,0.0,
matlab,ns3,Generator.Traffic Sent (packets/sec),packets/s,bucket_sum_per_second,108.0,0.0,0.0,observed,observed,,,both_observed,0.0,
matlab,ns3,Generator.Traffic Sent (packets/sec),packets/s,bucket_sum_per_second,120.0,0.0,0.0,observed,observed,,,both_observed,0.0,
matlab,ns3,Generator.Traffic Sent (packets/sec),packets/s,bucket_sum_per_second,132.0,0.0,0.0,observed,observed,,,both_observed,0.0,
matlab,ns3,Generator.Traffic Sent (packets/sec),packets/s,bucket_sum_per_second,144.0,0.0,0.0,observed,observed,,,both_observed,0.0,
matlab,ns3,Generator.Traffic Sent (packets/sec),packets/s,bucket_sum_per_second,156.0,0.0,0.0,observed,observed,,,both_observed,0.0,
matlab,ns3,Generator.Traffic Sent (packets/sec),packets/s,bucket_sum_per_second,168.0,0.0,0.0,observed,observed,,,both_observed,0.0,
matlab,ns3,Generator.Traffic Sent (packets/sec),packets/s,bucket_sum_per_second,180.0,0.0,0.0,observed,observed,,,both_observed,0.0,
matlab,ns3,Generator.Traffic Sent (packets/sec),packets/s,bucket_sum_per_second,192.0,0.0,0.0,observed,observed,,,both_observed,0.0,
matlab,ns3,Generator.Traffic Sent (packets/sec),packets/s,bucket_sum_per_second,204.0,0.0,0.0,observed,observed,,,both_observed,0.0,
matlab,ns3,Generator.Traffic Sent (packets/sec),packets/s,bucket_sum_per_second,216.0,0.0,0.0,observed,observed,,,both_observed,0.0,
matlab,ns3,Generator.Traffic Sent (packets/sec),packets/s,bucket_sum_per_second,228.0,0.0,0.0,observed,observed,,,both_observed,0.0,
matlab,ns3,Generator.Traffic Sent (packets/sec),packets/s,bucket_sum_per_second,240.0,0.0,0.0,observed,observed,,,both_observed,0.0,
matlab,ns3,Generator.Traffic Sent (packets/sec),packets/s,bucket_sum_per_second,252.0,0.0,0.0,observed,observed,,,both_observed,0.0,
matlab,ns3,Generator.Traffic Sent (packets/sec),packets/s,bucket_sum_per_second,264.0,0.0,0.0,observed,observed,,,both_observed,0.0,
matlab,ns3,Generator.Traffic Sent (packets/sec),packets/s,bucket_sum_per_second,276.0,0.0,0.0,observed,observed,,,both_observed,0.0,
matlab,ns3,Generator.Traffic Sent (packets/sec),packets/s,bucket_sum_per_second,288.0,0.0,0.0,observed,observed,,,both_observed,0.0,
matlab,ns3,Generator.Traffic Sent (packets/sec),packets/s,bucket_sum_per_second,300.0,0.0,0.0,observed,observed,,,both_observed,0.0,
matlab,ns3,Generator.Traffic Sent (packets/sec),packets/s,bucket_sum_per_second,312.0,10.0,10.5,observed,observed,,,both_observed,-0.5,-4.761904761904762
matlab,ns3,Generator.Traffic Sent (packets/sec),packets/s,bucket_sum_per_second,324.0,13.583333333333334,12.166666666666666,observed,observed,,,both_observed,1.4166666666666679,11.643835616438366
matlab,ns3,Generator.Traffic Sent (packets/sec),packets/s,bucket_sum_per_second,336.0,13.25,12.5,observed,observed,,,both_observed,0.75,6.0
matlab,ns3,Generator.Traffic Sent (packets/sec),packets/s,bucket_sum_per_second,348.0,13.25,13.0,observed,observed,,,both_observed,0.25,1.9230769230769231
matlab,ns3,Generator.Traffic Sent (packets/sec),packets/s,bucket_sum_per_second,360.0,13.166666666666666,12.5,observed,observed,,,both_observed,0.6666666666666661,5.333333333333329
matlab,ns3,Generator.Traffic Sent (packets/sec),packets/s,bucket_sum_per_second,372.0,12.833333333333334,13.666666666666666,observed,observed,,,both_observed,-0.8333333333333321,-6.097560975609747
matlab,ns3,Generator.Traffic Sent (packets/sec),packets/s,bucket_sum_per_second,384.0,13.416666666666666,12.666666666666666,observed,observed,,,both_observed,0.75,5.921052631578948
matlab,ns3,Generator.Traffic Sent (packets/sec),packets/s,bucket_sum_per_second,396.0,12.5,12.5,observed,observed,,,both_observed,0.0,0.0
matlab,ns3,Generator.Traffic Sent (packets/sec),packets/s,bucket_sum_per_second,408.0,12.0,12.25,observed,observed,,,both_observed,-0.25,-2.0408163265306123
matlab,ns3,Generator.Traffic Sent (packets/sec),packets/s,bucket_sum_per_second,420.0,13.166666666666666,12.416666666666666,observed,observed,,,both_observed,0.75,6.0402684563758395
matlab,ns3,Generator.Traffic Sent (packets/sec),packets/s,bucket_sum_per_second,432.0,13.583333333333334,12.083333333333334,observed,observed,,,both_observed,1.5,12.413793103448276
matlab,ns3,Generator.Traffic Sent (packets/sec),packets/s,bucket_sum_per_second,444.0,11.25,12.5,observed,observed,,,both_observed,-1.25,-10.0
matlab,ns3,Generator.Traffic Sent (packets/sec),packets/s,bucket_sum_per_second,456.0,12.333333333333334,11.25,observed,observed,,,both_observed,1.083333333333334,9.629629629629635
matlab,ns3,Generator.Traffic Sent (packets/sec),packets/s,bucket_sum_per_second,468.0,12.916666666666666,12.25,observed,observed,,,both_observed,0.6666666666666661,5.442176870748295
matlab,ns3,Generator.Traffic Sent (packets/sec),packets/s,bucket_sum_per_second,480.0,12.666666666666666,11.833333333333334,observed,observed,,,both_observed,0.8333333333333321,7.042253521126749
matlab,ns3,Generator.Traffic Sent (packets/sec),packets/s,bucket_sum_per_second,492.0,12.25,11.833333333333334,observed,observed,,,both_observed,0.4166666666666661,3.5211267605633747
matlab,ns3,Generator.Traffic Sent (packets/sec),packets/s,bucket_sum_per_second,504.0,11.416666666666666,13.416666666666666,observed,observed,,,both_observed,-2.0,-14.906832298136646
matlab,ns3,Generator.Traffic Sent (packets/sec),packets/s,bucket_sum_per_second,516.0,11.583333333333334,12.333333333333334,observed,observed,,,both_observed,-0.75,-6.081081081081081
matlab,ns3,Generator.Traffic Sent (packets/sec),packets/s,bucket_sum_per_second,528.0,12.166666666666666,12.166666666666666,observed,observed,,,both_observed,0.0,0.0
matlab,ns3,Generator.Traffic Sent (packets/sec),packets/s,bucket_sum_per_second,540.0,13.0,11.25,observed,observed,,,both_observed,1.75,15.555555555555555
matlab,ns3,Generator.Traffic Sent (packets/sec),packets/s,bucket_sum_per_second,552.0,12.666666666666666,12.25,observed,observed,,,both_observed,0.4166666666666661,3.4013605442176824
matlab,ns3,Generator.Traffic Sent (packets/sec),packets/s,bucket_sum_per_second,564.0,13.333333333333334,12.916666666666666,observed,observed,,,both_observed,0.41666666666666785,3.225806451612913
matlab,ns3,Generator.Traffic Sent (packets/sec),packets/s,bucket_sum_per_second,576.0,12.75,12.166666666666666,observed,observed,,,both_observed,0.5833333333333339,4.79452054794521
matlab,ns3,Generator.Traffic Sent (packets/sec),packets/s,bucket_sum_per_second,588.0,12.75,12.166666666666666,observed,observed,,,both_observed,0.5833333333333339,4.79452054794521
matlab,ns3,Generator.Traffic Sent (packets/sec),packets/s,bucket_sum_per_second,600.0,11.666666666666666,12.166666666666666,observed,observed,,,both_observed,-0.5,-4.109589041095891
matlab,ns3,Generator.Traffic Sent (packets/sec),packets/s,bucket_sum_per_second,612.0,13.5,12.166666666666666,observed,observed,,,both_observed,1.333333333333334,10.958904109589046
matlab,ns3,Generator.Traffic Sent (packets/sec),packets/s,bucket_sum_per_second,624.0,13.833333333333334,11.916666666666666,observed,observed,,,both_observed,1.9166666666666679,16.083916083916094
matlab,ns3,Generator.Traffic Sent (packets/sec),packets/s,bucket_sum_per_second,636.0,13.333333333333334,12.833333333333334,observed,observed,,,both_observed,0.5,3.896103896103896
matlab,ns3,Generator.Traffic Sent (packets/sec),packets/s,bucket_sum_per_second,648.0,12.25,12.333333333333334,observed,observed,,,both_observed,-0.08333333333333393,-0.6756756756756804
matlab,ns3,Generator.Traffic Sent (packets/sec),packets/s,bucket_sum_per_second,660.0,14.166666666666666,12.083333333333334,observed,observed,,,both_observed,2.083333333333332,17.24137931034482
matlab,ns3,Generator.Traffic Sent (packets/sec),packets/s,bucket_sum_per_second,672.0,12.0,13.5,observed,observed,,,both_observed,-1.5,-11.11111111111111
matlab,ns3,Generator.Traffic Sent (packets/sec),packets/s,bucket_sum_per_second,684.0,13.0,11.666666666666666,observed,observed,,,both_observed,1.333333333333334,11.428571428571434
matlab,ns3,Generator.Traffic Sent (packets/sec),packets/s,bucket_sum_per_second,696.0,12.583333333333334,12.416666666666666,observed,observed,,,both_observed,0.16666666666666785,1.3422818791946405
matlab,ns3,Generator.Traffic Sent (packets/sec),packets/s,bucket_sum_per_second,708.0,12.083333333333334,13.083333333333334,observed,observed,,,both_observed,-1.0,-7.643312101910828
matlab,ns3,Generator.Traffic Sent (packets/sec),packets/s,bucket_sum_per_second,720.0,13.0,11.666666666666666,observed,observed,,,both_observed,1.333333333333334,11.428571428571434
matlab,ns3,Generator.Traffic Sent (packets/sec),packets/s,bucket_sum_per_second,732.0,12.666666666666666,12.25,observed,observed,,,both_observed,0.4166666666666661,3.4013605442176824
matlab,ns3,Generator.Traffic Sent (packets/sec),packets/s,bucket_sum_per_second,744.0,12.666666666666666,13.25,observed,observed,,,both_observed,-0.5833333333333339,-4.402515723270445
matlab,ns3,Generator.Traffic Sent (packets/sec),packets/s,bucket_sum_per_second,756.0,12.416666666666666,13.833333333333334,observed,observed,,,both_observed,-1.4166666666666679,-10.240963855421695
matlab,ns3,Generator.Traffic Sent (packets/sec),packets/s,bucket_sum_per_second,768.0,12.333333333333334,12.166666666666666,observed,observed,,,both_observed,0.16666666666666785,1.36986301369864
matlab,ns3,Generator.Traffic Sent (packets/sec),packets/s,bucket_sum_per_second,780.0,13.083333333333334,12.0,observed,observed,,,both_observed,1.083333333333334,9.027777777777784
matlab,ns3,Generator.Traffic Sent (packets/sec),packets/s,bucket_sum_per_second,792.0,13.333333333333334,12.833333333333334,observed,observed,,,both_observed,0.5,3.896103896103896
matlab,ns3,Generator.Traffic Sent (packets/sec),packets/s,bucket_sum_per_second,804.0,12.333333333333334,13.0,observed,observed,,,both_observed,-0.6666666666666661,-5.128205128205124
matlab,ns3,Generator.Traffic Sent (packets/sec),packets/s,bucket_sum_per_second,816.0,12.5,12.0,observed,observed,,,both_observed,0.5,4.166666666666666
matlab,ns3,Generator.Traffic Sent (packets/sec),packets/s,bucket_sum_per_second,828.0,11.833333333333334,12.666666666666666,observed,observed,,,both_observed,-0.8333333333333321,-6.578947368421044
matlab,ns3,Generator.Traffic Sent (packets/sec),packets/s,bucket_sum_per_second,840.0,13.083333333333334,11.833333333333334,observed,observed,,,both_observed,1.25,10.56338028169014
matlab,ns3,Generator.Traffic Sent (packets/sec),packets/s,bucket_sum_per_second,852.0,12.916666666666666,12.416666666666666,observed,observed,,,both_observed,0.5,4.026845637583893
matlab,ns3,Generator.Traffic Sent (packets/sec),packets/s,bucket_sum_per_second,864.0,12.333333333333334,13.916666666666666,observed,observed,,,both_observed,-1.5833333333333321,-11.377245508982028
matlab,ns3,Generator.Traffic Sent (packets/sec),packets/s,bucket_sum_per_second,876.0,13.333333333333334,12.0,observed,observed,,,both_observed,1.333333333333334,11.111111111111116
matlab,ns3,Generator.Traffic Sent (packets/sec),packets/s,bucket_sum_per_second,888.0,12.666666666666666,12.166666666666666,observed,observed,,,both_observed,0.5,4.109589041095891
matlab,ns3,Generator.Traffic Sent (packets/sec),packets/s,bucket_sum_per_second,900.0,12.666666666666666,12.333333333333334,observed,observed,,,both_observed,0.33333333333333215,2.7027027027026933
matlab,ns3,Generator.Traffic Sent (packets/sec),packets/s,bucket_sum_per_second,912.0,12.166666666666666,12.333333333333334,observed,observed,,,both_observed,-0.16666666666666785,-1.3513513513513609
matlab,ns3,Generator.Traffic Sent (packets/sec),packets/s,bucket_sum_per_second,924.0,12.0,11.583333333333334,observed,observed,,,both_observed,0.4166666666666661,3.5971223021582683
matlab,ns3,Generator.Traffic Sent (packets/sec),packets/s,bucket_sum_per_second,936.0,13.083333333333334,13.583333333333334,observed,observed,,,both_observed,-0.5,-3.680981595092024
matlab,ns3,Generator.Traffic Sent (packets/sec),packets/s,bucket_sum_per_second,948.0,11.916666666666666,13.25,observed,observed,,,both_observed,-1.333333333333334,-10.062893081761011
matlab,ns3,Generator.Traffic Sent (packets/sec),packets/s,bucket_sum_per_second,960.0,11.666666666666666,12.5,observed,observed,,,both_observed,-0.8333333333333339,-6.6666666666666705
matlab,ns3,Generator.Traffic Sent (packets/sec),packets/s,bucket_sum_per_second,972.0,11.333333333333334,13.083333333333334,observed,observed,,,both_observed,-1.75,-13.375796178343949
matlab,ns3,Generator.Traffic Sent (packets/sec),packets/s,bucket_sum_per_second,984.0,12.5,12.666666666666666,observed,observed,,,both_observed,-0.16666666666666607,-1.315789473684206
matlab,ns3,Generator.Traffic Sent (packets/sec),packets/s,bucket_sum_per_second,996.0,12.583333333333334,12.25,observed,observed,,,both_observed,0.3333333333333339,2.7210884353741545
matlab,ns3,Generator.Traffic Sent (packets/sec),packets/s,bucket_sum_per_second,1008.0,11.0,12.333333333333334,observed,observed,,,both_observed,-1.333333333333334,-10.810810810810816
matlab,ns3,Generator.Traffic Sent (packets/sec),packets/s,bucket_sum_per_second,1020.0,12.0,12.833333333333334,observed,observed,,,both_observed,-0.8333333333333339,-6.493506493506499
matlab,ns3,Generator.Traffic Sent (packets/sec),packets/s,bucket_sum_per_second,1032.0,12.083333333333334,12.5,observed,observed,,,both_observed,-0.4166666666666661,-3.3333333333333286
matlab,ns3,Generator.Traffic Sent (packets/sec),packets/s,bucket_sum_per_second,1044.0,12.833333333333334,13.25,observed,observed,,,both_observed,-0.4166666666666661,-3.14465408805031
matlab,ns3,Generator.Traffic Sent (packets/sec),packets/s,bucket_sum_per_second,1056.0,13.5,12.416666666666666,observed,observed,,,both_observed,1.083333333333334,8.724832214765106
matlab,ns3,Generator.Traffic Sent (packets/sec),packets/s,bucket_sum_per_second,1068.0,11.833333333333334,13.666666666666666,observed,observed,,,both_observed,-1.8333333333333321,-13.414634146341456
matlab,ns3,Generator.Traffic Sent (packets/sec),packets/s,bucket_sum_per_second,1080.0,12.083333333333334,13.083333333333334,observed,observed,,,both_observed,-1.0,-7.643312101910828
matlab,ns3,Generator.Traffic Sent (packets/sec),packets/s,bucket_sum_per_second,1092.0,12.333333333333334,12.916666666666666,observed,observed,,,both_observed,-0.5833333333333321,-4.516129032258055
matlab,ns3,Generator.Traffic Sent (packets/sec),packets/s,bucket_sum_per_second,1104.0,13.583333333333334,12.0,observed,observed,,,both_observed,1.583333333333334,13.19444444444445
matlab,ns3,Generator.Traffic Sent (packets/sec),packets/s,bucket_sum_per_second,1116.0,13.25,12.166666666666666,observed,observed,,,both_observed,1.083333333333334,8.9041095890411
matlab,ns3,Generator.Traffic Sent (packets/sec),packets/s,bucket_sum_per_second,1128.0,13.416666666666666,12.333333333333334,observed,observed,,,both_observed,1.0833333333333321,8.783783783783774
matlab,ns3,Generator.Traffic Sent (packets/sec),packets/s,bucket_sum_per_second,1140.0,13.083333333333334,13.083333333333334,observed,observed,,,both_observed,0.0,0.0
matlab,ns3,Generator.Traffic Sent (packets/sec),packets/s,bucket_sum_per_second,1152.0,13.166666666666666,12.0,observed,observed,,,both_observed,1.166666666666666,9.722222222222216
matlab,ns3,Generator.Traffic Sent (packets/sec),packets/s,bucket_sum_per_second,1164.0,13.333333333333334,13.166666666666666,observed,observed,,,both_observed,0.16666666666666785,1.2658227848101355
matlab,ns3,Generator.Traffic Sent (packets/sec),packets/s,bucket_sum_per_second,1176.0,12.583333333333334,12.0,observed,observed,,,both_observed,0.5833333333333339,4.861111111111116
matlab,ns3,Generator.Traffic Sent (packets/sec),packets/s,bucket_sum_per_second,1188.0,12.583333333333334,12.5,observed,observed,,,both_observed,0.08333333333333393,0.6666666666666714
matlab,ns3,Generator.Traffic Sent (packets/sec),packets/s,bucket_sum_per_second,1200.0,13.166666666666666,13.583333333333334,observed,observed,,,both_observed,-0.41666666666666785,-3.0674846625766956
matlab,ns3,Generator.Traffic Sent (bits/sec),bits/s,bucket_sum_per_second,12.0,0.0,0.0,observed,observed,,,both_observed,0.0,
matlab,ns3,Generator.Traffic Sent (bits/sec),bits/s,bucket_sum_per_second,24.0,0.0,0.0,observed,observed,,,both_observed,0.0,
matlab,ns3,Generator.Traffic Sent (bits/sec),bits/s,bucket_sum_per_second,36.0,0.0,0.0,observed,observed,,,both_observed,0.0,
matlab,ns3,Generator.Traffic Sent (bits/sec),bits/s,bucket_sum_per_second,48.0,0.0,0.0,observed,observed,,,both_observed,0.0,
matlab,ns3,Generator.Traffic Sent (bits/sec),bits/s,bucket_sum_per_second,60.0,0.0,0.0,observed,observed,,,both_observed,0.0,
matlab,ns3,Generator.Traffic Sent (bits/sec),bits/s,bucket_sum_per_second,72.0,0.0,0.0,observed,observed,,,both_observed,0.0,
matlab,ns3,Generator.Traffic Sent (bits/sec),bits/s,bucket_sum_per_second,84.0,0.0,0.0,observed,observed,,,both_observed,0.0,
matlab,ns3,Generator.Traffic Sent (bits/sec),bits/s,bucket_sum_per_second,96.0,0.0,0.0,observed,observed,,,both_observed,0.0,
matlab,ns3,Generator.Traffic Sent (bits/sec),bits/s,bucket_sum_per_second,108.0,0.0,0.0,observed,observed,,,both_observed,0.0,
matlab,ns3,Generator.Traffic Sent (bits/sec),bits/s,bucket_sum_per_second,120.0,0.0,0.0,observed,observed,,,both_observed,0.0,
matlab,ns3,Generator.Traffic Sent (bits/sec),bits/s,bucket_sum_per_second,132.0,0.0,0.0,observed,observed,,,both_observed,0.0,
matlab,ns3,Generator.Traffic Sent (bits/sec),bits/s,bucket_sum_per_second,144.0,0.0,0.0,observed,observed,,,both_observed,0.0,
matlab,ns3,Generator.Traffic Sent (bits/sec),bits/s,bucket_sum_per_second,156.0,0.0,0.0,observed,observed,,,both_observed,0.0,
matlab,ns3,Generator.Traffic Sent (bits/sec),bits/s,bucket_sum_per_second,168.0,0.0,0.0,observed,observed,,,both_observed,0.0,
matlab,ns3,Generator.Traffic Sent (bits/sec),bits/s,bucket_sum_per_second,180.0,0.0,0.0,observed,observed,,,both_observed,0.0,
matlab,ns3,Generator.Traffic Sent (bits/sec),bits/s,bucket_sum_per_second,192.0,0.0,0.0,observed,observed,,,both_observed,0.0,
matlab,ns3,Generator.Traffic Sent (bits/sec),bits/s,bucket_sum_per_second,204.0,0.0,0.0,observed,observed,,,both_observed,0.0,
matlab,ns3,Generator.Traffic Sent (bits/sec),bits/s,bucket_sum_per_second,216.0,0.0,0.0,observed,observed,,,both_observed,0.0,
matlab,ns3,Generator.Traffic Sent (bits/sec),bits/s,bucket_sum_per_second,228.0,0.0,0.0,observed,observed,,,both_observed,0.0,
matlab,ns3,Generator.Traffic Sent (bits/sec),bits/s,bucket_sum_per_second,240.0,0.0,0.0,observed,observed,,,both_observed,0.0,
matlab,ns3,Generator.Traffic Sent (bits/sec),bits/s,bucket_sum_per_second,252.0,0.0,0.0,observed,observed,,,both_observed,0.0,
matlab,ns3,Generator.Traffic Sent (bits/sec),bits/s,bucket_sum_per_second,264.0,0.0,0.0,observed,observed,,,both_observed,0.0,
matlab,ns3,Generator.Traffic Sent (bits/sec),bits/s,bucket_sum_per_second,276.0,0.0,0.0,observed,observed,,,both_observed,0.0,
matlab,ns3,Generator.Traffic Sent (bits/sec),bits/s,bucket_sum_per_second,288.0,0.0,0.0,observed,observed,,,both_observed,0.0,
matlab,ns3,Generator.Traffic Sent (bits/sec),bits/s,bucket_sum_per_second,300.0,0.0,0.0,observed,observed,,,both_observed,0.0,
matlab,ns3,Generator.Traffic Sent (bits/sec),bits/s,bucket_sum_per_second,312.0,47360.0,49728.0,observed,observed,,,both_observed,-2368.0,-4.761904761904762
matlab,ns3,Generator.Traffic Sent (bits/sec),bits/s,bucket_sum_per_second,324.0,64330.666666666664,57621.333333333336,observed,observed,,,both_observed,6709.3333333333285,11.643835616438347
matlab,ns3,Generator.Traffic Sent (bits/sec),bits/s,bucket_sum_per_second,336.0,62752.0,59200.0,observed,observed,,,both_observed,3552.0,6.0
matlab,ns3,Generator.Traffic Sent (bits/sec),bits/s,bucket_sum_per_second,348.0,62752.0,61568.0,observed,observed,,,both_observed,1184.0,1.9230769230769231
matlab,ns3,Generator.Traffic Sent (bits/sec),bits/s,bucket_sum_per_second,360.0,62357.333333333336,59200.0,observed,observed,,,both_observed,3157.3333333333358,5.3333333333333375
matlab,ns3,Generator.Traffic Sent (bits/sec),bits/s,bucket_sum_per_second,372.0,60778.666666666664,64725.333333333336,observed,observed,,,both_observed,-3946.6666666666715,-6.097560975609763
matlab,ns3,Generator.Traffic Sent (bits/sec),bits/s,bucket_sum_per_second,384.0,63541.333333333336,59989.333333333336,observed,observed,,,both_observed,3552.0,5.921052631578947
matlab,ns3,Generator.Traffic Sent (bits/sec),bits/s,bucket_sum_per_second,396.0,59200.0,59200.0,observed,observed,,,both_observed,0.0,0.0
matlab,ns3,Generator.Traffic Sent (bits/sec),bits/s,bucket_sum_per_second,408.0,56832.0,58016.0,observed,observed,,,both_observed,-1184.0,-2.0408163265306123
matlab,ns3,Generator.Traffic Sent (bits/sec),bits/s,bucket_sum_per_second,420.0,62357.333333333336,58805.333333333336,observed,observed,,,both_observed,3552.0,6.040268456375839
matlab,ns3,Generator.Traffic Sent (bits/sec),bits/s,bucket_sum_per_second,432.0,64330.666666666664,57226.666666666664,observed,observed,,,both_observed,7104.0,12.413793103448278
matlab,ns3,Generator.Traffic Sent (bits/sec),bits/s,bucket_sum_per_second,444.0,53280.0,59200.0,observed,observed,,,both_observed,-5920.0,-10.0
matlab,ns3,Generator.Traffic Sent (bits/sec),bits/s,bucket_sum_per_second,456.0,58410.666666666664,53280.0,observed,observed,,,both_observed,5130.666666666664,9.629629629629626
matlab,ns3,Generator.Traffic Sent (bits/sec),bits/s,bucket_sum_per_second,468.0,61173.333333333336,58016.0,observed,observed,,,both_observed,3157.3333333333358,5.442176870748304
matlab,ns3,Generator.Traffic Sent (bits/sec),bits/s,bucket_sum_per_second,480.0,59989.333333333336,56042.666666666664,observed,observed,,,both_observed,3946.6666666666715,7.042253521126769
matlab,ns3,Generator.Traffic Sent (bits/sec),bits/s,bucket_sum_per_second,492.0,58016.0,56042.666666666664,observed,observed,,,both_observed,1973.3333333333358,3.5211267605633845
matlab,ns3,Generator.Traffic Sent (bits/sec),bits/s,bucket_sum_per_second,504.0,54069.333333333336,63541.333333333336,observed,observed,,,both_observed,-9472.0,-14.906832298136646
matlab,ns3,Generator.Traffic Sent (bits/sec),bits/s,bucket_sum_per_second,516.0,54858.666666666664,58410.666666666664,observed,observed,,,both_observed,-3552.0,-6.081081081081082
matlab,ns3,Generator.Traffic Sent (bits/sec),bits/s,bucket_sum_per_second,528.0,57621.333333333336,57621.333333333336,observed,observed,,,both_observed,0.0,0.0
matlab,ns3,Generator.Traffic Sent (bits/sec),bits/s,bucket_sum_per_second,540.0,61568.0,53280.0,observed,observed,,,both_observed,8288.0,15.555555555555555
matlab,ns3,Generator.Traffic Sent (bits/sec),bits/s,bucket_sum_per_second,552.0,59989.333333333336,58016.0,observed,observed,,,both_observed,1973.3333333333358,3.4013605442176917
matlab,ns3,Generator.Traffic Sent (bits/sec),bits/s,bucket_sum_per_second,564.0,63146.666666666664,61173.333333333336,observed,observed,,,both_observed,1973.3333333333285,3.2258064516128955
matlab,ns3,Generator.Traffic Sent (bits/sec),bits/s,bucket_sum_per_second,576.0,60384.0,57621.333333333336,observed,observed,,,both_observed,2762.6666666666642,4.794520547945201
matlab,ns3,Generator.Traffic Sent (bits/sec),bits/s,bucket_sum_per_second,588.0,60384.0,57621.333333333336,observed,observed,,,both_observed,2762.6666666666642,4.794520547945201
matlab,ns3,Generator.Traffic Sent (bits/sec),bits/s,bucket_sum_per_second,600.0,55253.333333333336,57621.333333333336,observed,observed,,,both_observed,-2368.0,-4.10958904109589
matlab,ns3,Generator.Traffic Sent (bits/sec),bits/s,bucket_sum_per_second,612.0,63936.0,57621.333333333336,observed,observed,,,both_observed,6314.666666666664,10.958904109589037
matlab,ns3,Generator.Traffic Sent (bits/sec),bits/s,bucket_sum_per_second,624.0,65514.666666666664,56437.333333333336,observed,observed,,,both_observed,9077.333333333328,16.083916083916076
matlab,ns3,Generator.Traffic Sent (bits/sec),bits/s,bucket_sum_per_second,636.0,63146.666666666664,60778.666666666664,observed,observed,,,both_observed,2368.0,3.896103896103896
matlab,ns3,Generator.Traffic Sent (bits/sec),bits/s,bucket_sum_per_second,648.0,58016.0,58410.666666666664,observed,observed,,,both_observed,-394.66666666666424,-0.6756756756756715
matlab,ns3,Generator.Traffic Sent (bits/sec),bits/s,bucket_sum_per_second,660.0,67093.33333333333,57226.666666666664,observed,observed,,,both_observed,9866.666666666664,17.241379310344822
matlab,ns3,Generator.Traffic Sent (bits/sec),bits/s,bucket_sum_per_second,672.0,56832.0,63936.0,observed,observed,,,both_observed,-7104.0,-11.11111111111111
matlab,ns3,Generator.Traffic Sent (bits/sec),bits/s,bucket_sum_per_second,684.0,61568.0,55253.333333333336,observed,observed,,,both_observed,6314.666666666664,11.428571428571423
matlab,ns3,Generator.Traffic Sent (bits/sec),bits/s,bucket_sum_per_second,696.0,59594.666666666664,58805.333333333336,observed,observed,,,both_observed,789.3333333333285,1.3422818791946225
matlab,ns3,Generator.Traffic Sent (bits/sec),bits/s,bucket_sum_per_second,708.0,57226.666666666664,61962.666666666664,observed,observed,,,both_observed,-4736.0,-7.643312101910828
matlab,ns3,Generator.Traffic Sent (bits/sec),bits/s,bucket_sum_per_second,720.0,61568.0,55253.333333333336,observed,observed,,,both_observed,6314.666666666664,11.428571428571423
matlab,ns3,Generator.Traffic Sent (bits/sec),bits/s,bucket_sum_per_second,732.0,59989.333333333336,58016.0,observed,observed,,,both_observed,1973.3333333333358,3.4013605442176917
matlab,ns3,Generator.Traffic Sent (bits/sec),bits/s,bucket_sum_per_second,744.0,59989.333333333336,62752.0,observed,observed,,,both_observed,-2762.6666666666642,-4.402515723270437
matlab,ns3,Generator.Traffic Sent (bits/sec),bits/s,bucket_sum_per_second,756.0,58805.333333333336,65514.666666666664,observed,observed,,,both_observed,-6709.3333333333285,-10.240963855421679
matlab,ns3,Generator.Traffic Sent (bits/sec),bits/s,bucket_sum_per_second,768.0,58410.666666666664,57621.333333333336,observed,observed,,,both_observed,789.3333333333285,1.3698630136986218
matlab,ns3,Generator.Traffic Sent (bits/sec),bits/s,bucket_sum_per_second,780.0,61962.666666666664,56832.0,observed,observed,,,both_observed,5130.666666666664,9.027777777777773
matlab,ns3,Generator.Traffic Sent (bits/sec),bits/s,bucket_sum_per_second,792.0,63146.666666666664,60778.666666666664,observed,observed,,,both_observed,2368.0,3.896103896103896
matlab,ns3,Generator.Traffic Sent (bits/sec),bits/s,bucket_sum_per_second,804.0,58410.666666666664,61568.0,observed,observed,,,both_observed,-3157.3333333333358,-5.128205128205132
matlab,ns3,Generator.Traffic Sent (bits/sec),bits/s,bucket_sum_per_second,816.0,59200.0,56832.0,observed,observed,,,both_observed,2368.0,4.166666666666666
matlab,ns3,Generator.Traffic Sent (bits/sec),bits/s,bucket_sum_per_second,828.0,56042.666666666664,59989.333333333336,observed,observed,,,both_observed,-3946.6666666666715,-6.57894736842106
matlab,ns3,Generator.Traffic Sent (bits/sec),bits/s,bucket_sum_per_second,840.0,61962.666666666664,56042.666666666664,observed,observed,,,both_observed,5920.0,10.56338028169014
matlab,ns3,Generator.Traffic Sent (bits/sec),bits/s,bucket_sum_per_second,852.0,61173.333333333336,58805.333333333336,observed,observed,,,both_observed,2368.0,4.026845637583892
matlab,ns3,Generator.Traffic Sent (bits/sec),bits/s,bucket_sum_per_second,864.0,58410.666666666664,65909.33333333333,observed,observed,,,both_observed,-7498.666666666664,-11.377245508982032
matlab,ns3,Generator.Traffic Sent (bits/sec),bits/s,bucket_sum_per_second,876.0,63146.666666666664,56832.0,observed,observed,,,both_observed,6314.666666666664,11.111111111111107
matlab,ns3,Generator.Traffic Sent (bits/sec),bits/s,bucket_sum_per_second,888.0,59989.333333333336,57621.333333333336,observed,observed,,,both_observed,2368.0,4.10958904109589
matlab,ns3,Generator.Traffic Sent (bits/sec),bits/s,bucket_sum_per_second,900.0,59989.333333333336,58410.666666666664,observed,observed,,,both_observed,1578.6666666666715,2.702702702702711
matlab,ns3,Generator.Traffic Sent (bits/sec),bits/s,bucket_sum_per_second,912.0,57621.333333333336,58410.666666666664,observed,observed,,,both_observed,-789.3333333333285,-1.351351351351343
matlab,ns3,Generator.Traffic Sent (bits/sec),bits/s,bucket_sum_per_second,924.0,56832.0,54858.666666666664,observed,observed,,,both_observed,1973.3333333333358,3.597122302158278
matlab,ns3,Generator.Traffic Sent (bits/sec),bits/s,bucket_sum_per_second,936.0,61962.666666666664,64330.666666666664,observed,observed,,,both_observed,-2368.0,-3.6809815950920246
matlab,ns3,Generator.Traffic Sent (bits/sec),bits/s,bucket_sum_per_second,948.0,56437.333333333336,62752.0,observed,observed,,,both_observed,-6314.666666666664,-10.062893081761002
matlab,ns3,Generator.Traffic Sent (bits/sec),bits/s,bucket_sum_per_second,960.0,55253.333333333336,59200.0,observed,observed,,,both_observed,-3946.6666666666642,-6.6666666666666625
matlab,ns3,Generator.Traffic Sent (bits/sec),bits/s,bucket_sum_per_second,972.0,53674.666666666664,61962.666666666664,observed,observed,,,both_observed,-8288.0,-13.375796178343949
matlab,ns3,Generator.Traffic Sent (bits/sec),bits/s,bucket_sum_per_second,984.0,59200.0,59989.333333333336,observed,observed,,,both_observed,-789.3333333333358,-1.3157894736842144
matlab,ns3,Generator.Traffic Sent (bits/sec),bits/s,bucket_sum_per_second,996.0,59594.666666666664,58016.0,observed,observed,,,both_observed,1578.6666666666642,2.7210884353741456
matlab,ns3,Generator.Traffic Sent (bits/sec),bits/s,bucket_sum_per_second,1008.0,52096.0,58410.666666666664,observed,observed,,,both_observed,-6314.666666666664,-10.810810810810807
matlab,ns3,Generator.Traffic Sent (bits/sec),bits/s,bucket_sum_per_second,1020.0,56832.0,60778.666666666664,observed,observed,,,both_observed,-3946.6666666666642,-6.49350649350649
matlab,ns3,Generator.Traffic Sent (bits/sec),bits/s,bucket_sum_per_second,1032.0,57226.666666666664,59200.0,observed,observed,,,both_observed,-1973.3333333333358,-3.3333333333333375
matlab,ns3,Generator.Traffic Sent (bits/sec),bits/s,bucket_sum_per_second,1044.0,60778.666666666664,62752.0,observed,observed,,,both_observed,-1973.3333333333358,-3.1446540880503187
matlab,ns3,Generator.Traffic Sent (bits/sec),bits/s,bucket_sum_per_second,1056.0,63936.0,58805.333333333336,observed,observed,,,both_observed,5130.666666666664,8.724832214765096
matlab,ns3,Generator.Traffic Sent (bits/sec),bits/s,bucket_sum_per_second,1068.0,56042.666666666664,64725.333333333336,observed,observed,,,both_observed,-8682.666666666672,-13.41463414634147
matlab,ns3,Generator.Traffic Sent (bits/sec),bits/s,bucket_sum_per_second,1080.0,57226.666666666664,61962.666666666664,observed,observed,,,both_observed,-4736.0,-7.643312101910828
matlab,ns3,Generator.Traffic Sent (bits/sec),bits/s,bucket_sum_per_second,1092.0,58410.666666666664,61173.333333333336,observed,observed,,,both_observed,-2762.6666666666715,-4.516129032258073
matlab,ns3,Generator.Traffic Sent (bits/sec),bits/s,bucket_sum_per_second,1104.0,64330.666666666664,56832.0,observed,observed,,,both_observed,7498.666666666664,13.19444444444444
matlab,ns3,Generator.Traffic Sent (bits/sec),bits/s,bucket_sum_per_second,1116.0,62752.0,57621.333333333336,observed,observed,,,both_observed,5130.666666666664,8.904109589041092
matlab,ns3,Generator.Traffic Sent (bits/sec),bits/s,bucket_sum_per_second,1128.0,63541.333333333336,58410.666666666664,observed,observed,,,both_observed,5130.6666666666715,8.783783783783793
matlab,ns3,Generator.Traffic Sent (bits/sec),bits/s,bucket_sum_per_second,1140.0,61962.666666666664,61962.666666666664,observed,observed,,,both_observed,0.0,0.0
matlab,ns3,Generator.Traffic Sent (bits/sec),bits/s,bucket_sum_per_second,1152.0,62357.333333333336,56832.0,observed,observed,,,both_observed,5525.333333333336,9.722222222222227
matlab,ns3,Generator.Traffic Sent (bits/sec),bits/s,bucket_sum_per_second,1164.0,63146.666666666664,62357.333333333336,observed,observed,,,both_observed,789.3333333333285,1.2658227848101187
matlab,ns3,Generator.Traffic Sent (bits/sec),bits/s,bucket_sum_per_second,1176.0,59594.666666666664,56832.0,observed,observed,,,both_observed,2762.6666666666642,4.861111111111107
matlab,ns3,Generator.Traffic Sent (bits/sec),bits/s,bucket_sum_per_second,1188.0,59594.666666666664,59200.0,observed,observed,,,both_observed,394.66666666666424,0.6666666666666625
matlab,ns3,Generator.Traffic Sent (bits/sec),bits/s,bucket_sum_per_second,1200.0,62357.333333333336,64330.666666666664,observed,observed,,,both_observed,-1973.3333333333285,-3.0674846625766796
matlab,ns3,Generator.Packet Size (bits),bits,bucket_sample_mean,12.0,,,missing,missing,,,both_missing,,
matlab,ns3,Generator.Packet Size (bits),bits,bucket_sample_mean,24.0,,,missing,missing,,,both_missing,,
matlab,ns3,Generator.Packet Size (bits),bits,bucket_sample_mean,36.0,,,missing,missing,,,both_missing,,
matlab,ns3,Generator.Packet Size (bits),bits,bucket_sample_mean,48.0,,,missing,missing,,,both_missing,,
matlab,ns3,Generator.Packet Size (bits),bits,bucket_sample_mean,60.0,,,missing,missing,,,both_missing,,
matlab,ns3,Generator.Packet Size (bits),bits,bucket_sample_mean,72.0,,,missing,missing,,,both_missing,,
matlab,ns3,Generator.Packet Size (bits),bits,bucket_sample_mean,84.0,,,missing,missing,,,both_missing,,
matlab,ns3,Generator.Packet Size (bits),bits,bucket_sample_mean,96.0,,,missing,missing,,,both_missing,,
matlab,ns3,Generator.Packet Size (bits),bits,bucket_sample_mean,108.0,,,missing,missing,,,both_missing,,
matlab,ns3,Generator.Packet Size (bits),bits,bucket_sample_mean,120.0,,,missing,missing,,,both_missing,,
matlab,ns3,Generator.Packet Size (bits),bits,bucket_sample_mean,132.0,,,missing,missing,,,both_missing,,
matlab,ns3,Generator.Packet Size (bits),bits,bucket_sample_mean,144.0,,,missing,missing,,,both_missing,,
matlab,ns3,Generator.Packet Size (bits),bits,bucket_sample_mean,156.0,,,missing,missing,,,both_missing,,
matlab,ns3,Generator.Packet Size (bits),bits,bucket_sample_mean,168.0,,,missing,missing,,,both_missing,,
matlab,ns3,Generator.Packet Size (bits),bits,bucket_sample_mean,180.0,,,missing,missing,,,both_missing,,
matlab,ns3,Generator.Packet Size (bits),bits,bucket_sample_mean,192.0,,,missing,missing,,,both_missing,,
matlab,ns3,Generator.Packet Size (bits),bits,bucket_sample_mean,204.0,,,missing,missing,,,both_missing,,
matlab,ns3,Generator.Packet Size (bits),bits,bucket_sample_mean,216.0,,,missing,missing,,,both_missing,,
matlab,ns3,Generator.Packet Size (bits),bits,bucket_sample_mean,228.0,,,missing,missing,,,both_missing,,
matlab,ns3,Generator.Packet Size (bits),bits,bucket_sample_mean,240.0,,,missing,missing,,,both_missing,,
matlab,ns3,Generator.Packet Size (bits),bits,bucket_sample_mean,252.0,,,missing,missing,,,both_missing,,
matlab,ns3,Generator.Packet Size (bits),bits,bucket_sample_mean,264.0,,,missing,missing,,,both_missing,,
matlab,ns3,Generator.Packet Size (bits),bits,bucket_sample_mean,276.0,,,missing,missing,,,both_missing,,
matlab,ns3,Generator.Packet Size (bits),bits,bucket_sample_mean,288.0,,,missing,missing,,,both_missing,,
matlab,ns3,Generator.Packet Size (bits),bits,bucket_sample_mean,300.0,,,missing,missing,,,both_missing,,
matlab,ns3,Generator.Packet Size (bits),bits,bucket_sample_mean,312.0,4736.0,4736.0,observed,observed,,,both_observed,0.0,0.0
matlab,ns3,Generator.Packet Size (bits),bits,bucket_sample_mean,324.0,4736.0,4736.0,observed,observed,,,both_observed,0.0,0.0
matlab,ns3,Generator.Packet Size (bits),bits,bucket_sample_mean,336.0,4736.0,4736.0,observed,observed,,,both_observed,0.0,0.0
matlab,ns3,Generator.Packet Size (bits),bits,bucket_sample_mean,348.0,4736.0,4736.0,observed,observed,,,both_observed,0.0,0.0
matlab,ns3,Generator.Packet Size (bits),bits,bucket_sample_mean,360.0,4736.0,4736.0,observed,observed,,,both_observed,0.0,0.0
matlab,ns3,Generator.Packet Size (bits),bits,bucket_sample_mean,372.0,4736.0,4736.0,observed,observed,,,both_observed,0.0,0.0
matlab,ns3,Generator.Packet Size (bits),bits,bucket_sample_mean,384.0,4736.0,4736.0,observed,observed,,,both_observed,0.0,0.0
matlab,ns3,Generator.Packet Size (bits),bits,bucket_sample_mean,396.0,4736.0,4736.0,observed,observed,,,both_observed,0.0,0.0
matlab,ns3,Generator.Packet Size (bits),bits,bucket_sample_mean,408.0,4736.0,4736.0,observed,observed,,,both_observed,0.0,0.0
matlab,ns3,Generator.Packet Size (bits),bits,bucket_sample_mean,420.0,4736.0,4736.0,observed,observed,,,both_observed,0.0,0.0
matlab,ns3,Generator.Packet Size (bits),bits,bucket_sample_mean,432.0,4736.0,4736.0,observed,observed,,,both_observed,0.0,0.0
matlab,ns3,Generator.Packet Size (bits),bits,bucket_sample_mean,444.0,4736.0,4736.0,observed,observed,,,both_observed,0.0,0.0
matlab,ns3,Generator.Packet Size (bits),bits,bucket_sample_mean,456.0,4736.0,4736.0,observed,observed,,,both_observed,0.0,0.0
matlab,ns3,Generator.Packet Size (bits),bits,bucket_sample_mean,468.0,4736.0,4736.0,observed,observed,,,both_observed,0.0,0.0
matlab,ns3,Generator.Packet Size (bits),bits,bucket_sample_mean,480.0,4736.0,4736.0,observed,observed,,,both_observed,0.0,0.0
matlab,ns3,Generator.Packet Size (bits),bits,bucket_sample_mean,492.0,4736.0,4736.0,observed,observed,,,both_observed,0.0,0.0
matlab,ns3,Generator.Packet Size (bits),bits,bucket_sample_mean,504.0,4736.0,4736.0,observed,observed,,,both_observed,0.0,0.0
matlab,ns3,Generator.Packet Size (bits),bits,bucket_sample_mean,516.0,4736.0,4736.0,observed,observed,,,both_observed,0.0,0.0
matlab,ns3,Generator.Packet Size (bits),bits,bucket_sample_mean,528.0,4736.0,4736.0,observed,observed,,,both_observed,0.0,0.0
matlab,ns3,Generator.Packet Size (bits),bits,bucket_sample_mean,540.0,4736.0,4736.0,observed,observed,,,both_observed,0.0,0.0
matlab,ns3,Generator.Packet Size (bits),bits,bucket_sample_mean,552.0,4736.0,4736.0,observed,observed,,,both_observed,0.0,0.0
matlab,ns3,Generator.Packet Size (bits),bits,bucket_sample_mean,564.0,4736.0,4736.0,observed,observed,,,both_observed,0.0,0.0
matlab,ns3,Generator.Packet Size (bits),bits,bucket_sample_mean,576.0,4736.0,4736.0,observed,observed,,,both_observed,0.0,0.0
matlab,ns3,Generator.Packet Size (bits),bits,bucket_sample_mean,588.0,4736.0,4736.0,observed,observed,,,both_observed,0.0,0.0
matlab,ns3,Generator.Packet Size (bits),bits,bucket_sample_mean,600.0,4736.0,4736.0,observed,observed,,,both_observed,0.0,0.0
matlab,ns3,Generator.Packet Size (bits),bits,bucket_sample_mean,612.0,4736.0,4736.0,observed,observed,,,both_observed,0.0,0.0
matlab,ns3,Generator.Packet Size (bits),bits,bucket_sample_mean,624.0,4736.0,4736.0,observed,observed,,,both_observed,0.0,0.0
matlab,ns3,Generator.Packet Size (bits),bits,bucket_sample_mean,636.0,4736.0,4736.0,observed,observed,,,both_observed,0.0,0.0
matlab,ns3,Generator.Packet Size (bits),bits,bucket_sample_mean,648.0,4736.0,4736.0,observed,observed,,,both_observed,0.0,0.0
matlab,ns3,Generator.Packet Size (bits),bits,bucket_sample_mean,660.0,4736.0,4736.0,observed,observed,,,both_observed,0.0,0.0
matlab,ns3,Generator.Packet Size (bits),bits,bucket_sample_mean,672.0,4736.0,4736.0,observed,observed,,,both_observed,0.0,0.0
matlab,ns3,Generator.Packet Size (bits),bits,bucket_sample_mean,684.0,4736.0,4736.0,observed,observed,,,both_observed,0.0,0.0
matlab,ns3,Generator.Packet Size (bits),bits,bucket_sample_mean,696.0,4736.0,4736.0,observed,observed,,,both_observed,0.0,0.0
matlab,ns3,Generator.Packet Size (bits),bits,bucket_sample_mean,708.0,4736.0,4736.0,observed,observed,,,both_observed,0.0,0.0
matlab,ns3,Generator.Packet Size (bits),bits,bucket_sample_mean,720.0,4736.0,4736.0,observed,observed,,,both_observed,0.0,0.0
matlab,ns3,Generator.Packet Size (bits),bits,bucket_sample_mean,732.0,4736.0,4736.0,observed,observed,,,both_observed,0.0,0.0
matlab,ns3,Generator.Packet Size (bits),bits,bucket_sample_mean,744.0,4736.0,4736.0,observed,observed,,,both_observed,0.0,0.0
matlab,ns3,Generator.Packet Size (bits),bits,bucket_sample_mean,756.0,4736.0,4736.0,observed,observed,,,both_observed,0.0,0.0
matlab,ns3,Generator.Packet Size (bits),bits,bucket_sample_mean,768.0,4736.0,4736.0,observed,observed,,,both_observed,0.0,0.0
matlab,ns3,Generator.Packet Size (bits),bits,bucket_sample_mean,780.0,4736.0,4736.0,observed,observed,,,both_observed,0.0,0.0
matlab,ns3,Generator.Packet Size (bits),bits,bucket_sample_mean,792.0,4736.0,4736.0,observed,observed,,,both_observed,0.0,0.0
matlab,ns3,Generator.Packet Size (bits),bits,bucket_sample_mean,804.0,4736.0,4736.0,observed,observed,,,both_observed,0.0,0.0
matlab,ns3,Generator.Packet Size (bits),bits,bucket_sample_mean,816.0,4736.0,4736.0,observed,observed,,,both_observed,0.0,0.0
matlab,ns3,Generator.Packet Size (bits),bits,bucket_sample_mean,828.0,4736.0,4736.0,observed,observed,,,both_observed,0.0,0.0
matlab,ns3,Generator.Packet Size (bits),bits,bucket_sample_mean,840.0,4736.0,4736.0,observed,observed,,,both_observed,0.0,0.0
matlab,ns3,Generator.Packet Size (bits),bits,bucket_sample_mean,852.0,4736.0,4736.0,observed,observed,,,both_observed,0.0,0.0
matlab,ns3,Generator.Packet Size (bits),bits,bucket_sample_mean,864.0,4736.0,4736.0,observed,observed,,,both_observed,0.0,0.0
matlab,ns3,Generator.Packet Size (bits),bits,bucket_sample_mean,876.0,4736.0,4736.0,observed,observed,,,both_observed,0.0,0.0
matlab,ns3,Generator.Packet Size (bits),bits,bucket_sample_mean,888.0,4736.0,4736.0,observed,observed,,,both_observed,0.0,0.0
matlab,ns3,Generator.Packet Size (bits),bits,bucket_sample_mean,900.0,4736.0,4736.0,observed,observed,,,both_observed,0.0,0.0
matlab,ns3,Generator.Packet Size (bits),bits,bucket_sample_mean,912.0,4736.0,4736.0,observed,observed,,,both_observed,0.0,0.0
matlab,ns3,Generator.Packet Size (bits),bits,bucket_sample_mean,924.0,4736.0,4736.0,observed,observed,,,both_observed,0.0,0.0
matlab,ns3,Generator.Packet Size (bits),bits,bucket_sample_mean,936.0,4736.0,4736.0,observed,observed,,,both_observed,0.0,0.0
matlab,ns3,Generator.Packet Size (bits),bits,bucket_sample_mean,948.0,4736.0,4736.0,observed,observed,,,both_observed,0.0,0.0
matlab,ns3,Generator.Packet Size (bits),bits,bucket_sample_mean,960.0,4736.0,4736.0,observed,observed,,,both_observed,0.0,0.0
matlab,ns3,Generator.Packet Size (bits),bits,bucket_sample_mean,972.0,4736.0,4736.0,observed,observed,,,both_observed,0.0,0.0
matlab,ns3,Generator.Packet Size (bits),bits,bucket_sample_mean,984.0,4736.0,4736.0,observed,observed,,,both_observed,0.0,0.0
matlab,ns3,Generator.Packet Size (bits),bits,bucket_sample_mean,996.0,4736.0,4736.0,observed,observed,,,both_observed,0.0,0.0
matlab,ns3,Generator.Packet Size (bits),bits,bucket_sample_mean,1008.0,4736.0,4736.0,observed,observed,,,both_observed,0.0,0.0
matlab,ns3,Generator.Packet Size (bits),bits,bucket_sample_mean,1020.0,4736.0,4736.0,observed,observed,,,both_observed,0.0,0.0
matlab,ns3,Generator.Packet Size (bits),bits,bucket_sample_mean,1032.0,4736.0,4736.0,observed,observed,,,both_observed,0.0,0.0
matlab,ns3,Generator.Packet Size (bits),bits,bucket_sample_mean,1044.0,4736.0,4736.0,observed,observed,,,both_observed,0.0,0.0
matlab,ns3,Generator.Packet Size (bits),bits,bucket_sample_mean,1056.0,4736.0,4736.0,observed,observed,,,both_observed,0.0,0.0
matlab,ns3,Generator.Packet Size (bits),bits,bucket_sample_mean,1068.0,4736.0,4736.0,observed,observed,,,both_observed,0.0,0.0
matlab,ns3,Generator.Packet Size (bits),bits,bucket_sample_mean,1080.0,4736.0,4736.0,observed,observed,,,both_observed,0.0,0.0
matlab,ns3,Generator.Packet Size (bits),bits,bucket_sample_mean,1092.0,4736.0,4736.0,observed,observed,,,both_observed,0.0,0.0
matlab,ns3,Generator.Packet Size (bits),bits,bucket_sample_mean,1104.0,4736.0,4736.0,observed,observed,,,both_observed,0.0,0.0
matlab,ns3,Generator.Packet Size (bits),bits,bucket_sample_mean,1116.0,4736.0,4736.0,observed,observed,,,both_observed,0.0,0.0
matlab,ns3,Generator.Packet Size (bits),bits,bucket_sample_mean,1128.0,4736.0,4736.0,observed,observed,,,both_observed,0.0,0.0
matlab,ns3,Generator.Packet Size (bits),bits,bucket_sample_mean,1140.0,4736.0,4736.0,observed,observed,,,both_observed,0.0,0.0
matlab,ns3,Generator.Packet Size (bits),bits,bucket_sample_mean,1152.0,4736.0,4736.0,observed,observed,,,both_observed,0.0,0.0
matlab,ns3,Generator.Packet Size (bits),bits,bucket_sample_mean,1164.0,4736.0,4736.0,observed,observed,,,both_observed,0.0,0.0
matlab,ns3,Generator.Packet Size (bits),bits,bucket_sample_mean,1176.0,4736.0,4736.0,observed,observed,,,both_observed,0.0,0.0
matlab,ns3,Generator.Packet Size (bits),bits,bucket_sample_mean,1188.0,4736.0,4736.0,observed,observed,,,both_observed,0.0,0.0
matlab,ns3,Generator.Packet Size (bits),bits,bucket_sample_mean,1200.0,4736.0,4736.0,observed,observed,,,both_observed,0.0,0.0
matlab,ns3,Sink.Traffic Received (packets/sec),packets/s,bucket_sum_per_second,12.0,0.0,0.0,observed,observed,,,both_observed,0.0,
matlab,ns3,Sink.Traffic Received (packets/sec),packets/s,bucket_sum_per_second,24.0,0.0,0.0,observed,observed,,,both_observed,0.0,
matlab,ns3,Sink.Traffic Received (packets/sec),packets/s,bucket_sum_per_second,36.0,0.0,0.0,observed,observed,,,both_observed,0.0,
matlab,ns3,Sink.Traffic Received (packets/sec),packets/s,bucket_sum_per_second,48.0,0.0,0.0,observed,observed,,,both_observed,0.0,
matlab,ns3,Sink.Traffic Received (packets/sec),packets/s,bucket_sum_per_second,60.0,0.0,0.0,observed,observed,,,both_observed,0.0,
matlab,ns3,Sink.Traffic Received (packets/sec),packets/s,bucket_sum_per_second,72.0,0.0,0.0,observed,observed,,,both_observed,0.0,
matlab,ns3,Sink.Traffic Received (packets/sec),packets/s,bucket_sum_per_second,84.0,0.0,0.0,observed,observed,,,both_observed,0.0,
matlab,ns3,Sink.Traffic Received (packets/sec),packets/s,bucket_sum_per_second,96.0,0.0,0.0,observed,observed,,,both_observed,0.0,
matlab,ns3,Sink.Traffic Received (packets/sec),packets/s,bucket_sum_per_second,108.0,0.0,0.0,observed,observed,,,both_observed,0.0,
matlab,ns3,Sink.Traffic Received (packets/sec),packets/s,bucket_sum_per_second,120.0,0.0,0.0,observed,observed,,,both_observed,0.0,
matlab,ns3,Sink.Traffic Received (packets/sec),packets/s,bucket_sum_per_second,132.0,0.0,0.0,observed,observed,,,both_observed,0.0,
matlab,ns3,Sink.Traffic Received (packets/sec),packets/s,bucket_sum_per_second,144.0,0.0,0.0,observed,observed,,,both_observed,0.0,
matlab,ns3,Sink.Traffic Received (packets/sec),packets/s,bucket_sum_per_second,156.0,0.0,0.0,observed,observed,,,both_observed,0.0,
matlab,ns3,Sink.Traffic Received (packets/sec),packets/s,bucket_sum_per_second,168.0,0.0,0.0,observed,observed,,,both_observed,0.0,
matlab,ns3,Sink.Traffic Received (packets/sec),packets/s,bucket_sum_per_second,180.0,0.0,0.0,observed,observed,,,both_observed,0.0,
matlab,ns3,Sink.Traffic Received (packets/sec),packets/s,bucket_sum_per_second,192.0,0.0,0.0,observed,observed,,,both_observed,0.0,
matlab,ns3,Sink.Traffic Received (packets/sec),packets/s,bucket_sum_per_second,204.0,0.0,0.0,observed,observed,,,both_observed,0.0,
matlab,ns3,Sink.Traffic Received (packets/sec),packets/s,bucket_sum_per_second,216.0,0.0,0.0,observed,observed,,,both_observed,0.0,
matlab,ns3,Sink.Traffic Received (packets/sec),packets/s,bucket_sum_per_second,228.0,0.0,0.0,observed,observed,,,both_observed,0.0,
matlab,ns3,Sink.Traffic Received (packets/sec),packets/s,bucket_sum_per_second,240.0,0.0,0.0,observed,observed,,,both_observed,0.0,
matlab,ns3,Sink.Traffic Received (packets/sec),packets/s,bucket_sum_per_second,252.0,0.0,0.0,observed,observed,,,both_observed,0.0,
matlab,ns3,Sink.Traffic Received (packets/sec),packets/s,bucket_sum_per_second,264.0,0.0,0.0,observed,observed,,,both_observed,0.0,
matlab,ns3,Sink.Traffic Received (packets/sec),packets/s,bucket_sum_per_second,276.0,0.0,0.0,observed,observed,,,both_observed,0.0,
matlab,ns3,Sink.Traffic Received (packets/sec),packets/s,bucket_sum_per_second,288.0,0.0,0.0,observed,observed,,,both_observed,0.0,
matlab,ns3,Sink.Traffic Received (packets/sec),packets/s,bucket_sum_per_second,300.0,0.0,0.0,observed,observed,,,both_observed,0.0,
matlab,ns3,Sink.Traffic Received (packets/sec),packets/s,bucket_sum_per_second,312.0,8.666666666666666,9.166666666666666,observed,observed,,,both_observed,-0.5,-5.454545454545455
matlab,ns3,Sink.Traffic Received (packets/sec),packets/s,bucket_sum_per_second,324.0,14.0,12.666666666666666,observed,observed,,,both_observed,1.333333333333334,10.526315789473689
matlab,ns3,Sink.Traffic Received (packets/sec),packets/s,bucket_sum_per_second,336.0,12.833333333333334,12.0,observed,observed,,,both_observed,0.8333333333333339,6.944444444444449
matlab,ns3,Sink.Traffic Received (packets/sec),packets/s,bucket_sum_per_second,348.0,13.75,13.0,observed,observed,,,both_observed,0.75,5.769230769230769
matlab,ns3,Sink.Traffic Received (packets/sec),packets/s,bucket_sum_per_second,360.0,13.166666666666666,13.833333333333334,observed,observed,,,both_observed,-0.6666666666666679,-4.819277108433743
matlab,ns3,Sink.Traffic Received (packets/sec),packets/s,bucket_sum_per_second,372.0,12.833333333333334,12.333333333333334,observed,observed,,,both_observed,0.5,4.0540540540540535
matlab,ns3,Sink.Traffic Received (packets/sec),packets/s,bucket_sum_per_second,384.0,12.916666666666666,12.666666666666666,observed,observed,,,both_observed,0.25,1.973684210526316
matlab,ns3,Sink.Traffic Received (packets/sec),packets/s,bucket_sum_per_second,396.0,13.0,13.166666666666666,observed,observed,,,both_observed,-0.16666666666666607,-1.2658227848101222
matlab,ns3,Sink.Traffic Received (packets/sec),packets/s,bucket_sum_per_second,408.0,11.5,11.583333333333334,observed,observed,,,both_observed,-0.08333333333333393,-0.7194244604316598
matlab,ns3,Sink.Traffic Received (packets/sec),packets/s,bucket_sum_per_second,420.0,14.166666666666666,12.416666666666666,observed,observed,,,both_observed,1.75,14.093959731543626
matlab,ns3,Sink.Traffic Received (packets/sec),packets/s,bucket_sum_per_second,432.0,12.583333333333334,12.5,observed,observed,,,both_observed,0.08333333333333393,0.6666666666666714
matlab,ns3,Sink.Traffic Received (packets/sec),packets/s,bucket_sum_per_second,444.0,11.25,12.083333333333334,observed,observed,,,both_observed,-0.8333333333333339,-6.896551724137935
matlab,ns3,Sink.Traffic Received (packets/sec),packets/s,bucket_sum_per_second,456.0,12.833333333333334,11.25,observed,observed,,,both_observed,1.583333333333334,14.07407407407408
matlab,ns3,Sink.Traffic Received (packets/sec),packets/s,bucket_sum_per_second,468.0,12.833333333333334,12.5,observed,observed,,,both_observed,0.3333333333333339,2.6666666666666714
matlab,ns3,Sink.Traffic Received (packets/sec),packets/s,bucket_sum_per_second,480.0,12.25,12.083333333333334,observed,observed,,,both_observed,0.16666666666666607,1.3793103448275812
matlab,ns3,Sink.Traffic Received (packets/sec),packets/s,bucket_sum_per_second,492.0,12.333333333333334,12.333333333333334,observed,observed,,,both_observed,0.0,0.0
matlab,ns3,Sink.Traffic Received (packets/sec),packets/s,bucket_sum_per_second,504.0,11.833333333333334,12.916666666666666,observed,observed,,,both_observed,-1.0833333333333321,-8.38709677419354
matlab,ns3,Sink.Traffic Received (packets/sec),packets/s,bucket_sum_per_second,516.0,11.583333333333334,11.833333333333334,observed,observed,,,both_observed,-0.25,-2.112676056338028
matlab,ns3,Sink.Traffic Received (packets/sec),packets/s,bucket_sum_per_second,528.0,11.666666666666666,12.166666666666666,observed,observed,,,both_observed,-0.5,-4.109589041095891
matlab,ns3,Sink.Traffic Received (packets/sec),packets/s,bucket_sum_per_second,540.0,13.0,11.25,observed,observed,,,both_observed,1.75,15.555555555555555
matlab,ns3,Sink.Traffic Received (packets/sec),packets/s,bucket_sum_per_second,552.0,13.666666666666666,12.75,observed,observed,,,both_observed,0.9166666666666661,7.189542483660126
matlab,ns3,Sink.Traffic Received (packets/sec),packets/s,bucket_sum_per_second,564.0,12.333333333333334,12.666666666666666,observed,observed,,,both_observed,-0.33333333333333215,-2.631578947368412
matlab,ns3,Sink.Traffic Received (packets/sec),packets/s,bucket_sum_per_second,576.0,12.75,11.916666666666666,observed,observed,,,both_observed,0.8333333333333339,6.993006993006998
matlab,ns3,Sink.Traffic Received (packets/sec),packets/s,bucket_sum_per_second,588.0,12.75,12.666666666666666,observed,observed,,,both_observed,0.08333333333333393,0.65789473684211
matlab,ns3,Sink.Traffic Received (packets/sec),packets/s,bucket_sum_per_second,600.0,12.166666666666666,12.166666666666666,observed,observed,,,both_observed,0.0,0.0
matlab,ns3,Sink.Traffic Received (packets/sec),packets/s,bucket_sum_per_second,612.0,13.333333333333334,12.166666666666666,observed,observed,,,both_observed,1.1666666666666679,9.58904109589042
matlab,ns3,Sink.Traffic Received (packets/sec),packets/s,bucket_sum_per_second,624.0,13.916666666666666,11.916666666666666,observed,observed,,,both_observed,2.0,16.783216783216783
matlab,ns3,Sink.Traffic Received (packets/sec),packets/s,bucket_sum_per_second,636.0,13.166666666666666,12.333333333333334,observed,observed,,,both_observed,0.8333333333333321,6.756756756756747
matlab,ns3,Sink.Traffic Received (packets/sec),packets/s,bucket_sum_per_second,648.0,12.416666666666666,12.333333333333334,observed,observed,,,both_observed,0.08333333333333215,0.675675675675666
matlab,ns3,Sink.Traffic Received (packets/sec),packets/s,bucket_sum_per_second,660.0,13.75,12.583333333333334,observed,observed,,,both_observed,1.166666666666666,9.271523178807941
matlab,ns3,Sink.Traffic Received (packets/sec),packets/s,bucket_sum_per_second,672.0,12.5,13.166666666666666,observed,observed,,,both_observed,-0.6666666666666661,-5.063291139240502
matlab,ns3,Sink.Traffic Received (packets/sec),packets/s,bucket_sum_per_second,684.0,12.5,11.5,observed,observed,,,both_observed,1.0,8.695652173913043
matlab,ns3,Sink.Traffic Received (packets/sec),packets/s,bucket_sum_per_second,696.0,12.666666666666666,12.916666666666666,observed,observed,,,both_observed,-0.25,-1.935483870967742
matlab,ns3,Sink.Traffic Received (packets/sec),packets/s,bucket_sum_per_second,708.0,12.0,12.583333333333334,observed,observed,,,both_observed,-0.5833333333333339,-4.635761589403978
matlab,ns3,Sink.Traffic Received (packets/sec),packets/s,bucket_sum_per_second,720.0,13.5,11.666666666666666,observed,observed,,,both_observed,1.833333333333334,15.714285714285719
matlab,ns3,Sink.Traffic Received (packets/sec),packets/s,bucket_sum_per_second,732.0,12.666666666666666,12.75,observed,observed,,,both_observed,-0.08333333333333393,-0.6535947712418346
matlab,ns3,Sink.Traffic Received (packets/sec),packets/s,bucket_sum_per_second,744.0,12.166666666666666,13.25,observed,observed,,,both_observed,-1.083333333333334,-8.176100628930822
matlab,ns3,Sink.Traffic Received (packets/sec),packets/s,bucket_sum_per_second,756.0,13.333333333333334,13.833333333333334,observed,observed,,,both_observed,-0.5,-3.614457831325301
matlab,ns3,Sink.Traffic Received (packets/sec),packets/s,bucket_sum_per_second,768.0,11.916666666666666,12.166666666666666,observed,observed,,,both_observed,-0.25,-2.0547945205479454
matlab,ns3,Sink.Traffic Received (packets/sec),packets/s,bucket_sum_per_second,780.0,13.083333333333334,12.5,observed,observed,,,both_observed,0.5833333333333339,4.666666666666671
matlab,ns3,Sink.Traffic Received (packets/sec),packets/s,bucket_sum_per_second,792.0,12.833333333333334,11.833333333333334,observed,observed,,,both_observed,1.0,8.450704225352112
matlab,ns3,Sink.Traffic Received (packets/sec),packets/s,bucket_sum_per_second,804.0,12.666666666666666,13.0,observed,observed,,,both_observed,-0.3333333333333339,-2.5641025641025683
matlab,ns3,Sink.Traffic Received (packets/sec),packets/s,bucket_sum_per_second,816.0,12.5,12.5,observed,observed,,,both_observed,0.0,0.0
matlab,ns3,Sink.Traffic Received (packets/sec),packets/s,bucket_sum_per_second,828.0,12.0,12.166666666666666,observed,observed,,,both_observed,-0.16666666666666607,-1.3698630136986254
matlab,ns3,Sink.Traffic Received (packets/sec),packets/s,bucket_sum_per_second,840.0,13.083333333333334,12.333333333333334,observed,observed,,,both_observed,0.75,6.081081081081081
matlab,ns3,Sink.Traffic Received (packets/sec),packets/s,bucket_sum_per_second,852.0,13.416666666666666,13.0,observed,observed,,,both_observed,0.4166666666666661,3.205128205128201
matlab,ns3,Sink.Traffic Received (packets/sec),packets/s,bucket_sum_per_second,864.0,11.833333333333334,12.833333333333334,observed,observed,,,both_observed,-1.0,-7.792207792207792
matlab,ns3,Sink.Traffic Received (packets/sec),packets/s,bucket_sum_per_second,876.0,13.333333333333334,12.0,observed,observed,,,both_observed,1.333333333333334,11.111111111111116
matlab,ns3,Sink.Traffic Received (packets/sec),packets/s,bucket_sum_per_second,888.0,12.166666666666666,12.666666666666666,observed,observed,,,both_observed,-0.5,-3.947368421052632
matlab,ns3,Sink.Traffic Received (packets/sec),packets/s,bucket_sum_per_second,900.0,13.166666666666666,12.25,observed,observed,,,both_observed,0.9166666666666661,7.482993197278907
matlab,ns3,Sink.Traffic Received (packets/sec),packets/s,bucket_sum_per_second,912.0,12.166666666666666,11.916666666666666,observed,observed,,,both_observed,0.25,2.097902097902098
matlab,ns3,Sink.Traffic Received (packets/sec),packets/s,bucket_sum_per_second,924.0,12.0,12.166666666666666,observed,observed,,,both_observed,-0.16666666666666607,-1.3698630136986254
matlab,ns3,Sink.Traffic Received (packets/sec),packets/s,bucket_sum_per_second,936.0,12.583333333333334,13.5,observed,observed,,,both_observed,-0.9166666666666661,-6.790123456790119
matlab,ns3,Sink.Traffic Received (packets/sec),packets/s,bucket_sum_per_second,948.0,12.416666666666666,12.75,observed,observed,,,both_observed,-0.3333333333333339,-2.6143790849673247
matlab,ns3,Sink.Traffic Received (packets/sec),packets/s,bucket_sum_per_second,960.0,11.666666666666666,13.0,observed,observed,,,both_observed,-1.333333333333334,-10.25641025641026
matlab,ns3,Sink.Traffic Received (packets/sec),packets/s,bucket_sum_per_second,972.0,11.333333333333334,12.583333333333334,observed,observed,,,both_observed,-1.25,-9.933774834437086
matlab,ns3,Sink.Traffic Received (packets/sec),packets/s,bucket_sum_per_second,984.0,12.0,12.833333333333334,observed,observed,,,both_observed,-0.8333333333333339,-6.493506493506499
matlab,ns3,Sink.Traffic Received (packets/sec),packets/s,bucket_sum_per_second,996.0,12.583333333333334,12.083333333333334,observed,observed,,,both_observed,0.5,4.137931034482759
matlab,ns3,Sink.Traffic Received (packets/sec),packets/s,bucket_sum_per_second,1008.0,11.5,12.833333333333334,observed,observed,,,both_observed,-1.333333333333334,-10.389610389610393
matlab,ns3,Sink.Traffic Received (packets/sec),packets/s,bucket_sum_per_second,1020.0,12.0,12.833333333333334,observed,observed,,,both_observed,-0.8333333333333339,-6.493506493506499
matlab,ns3,Sink.Traffic Received (packets/sec),packets/s,bucket_sum_per_second,1032.0,12.083333333333334,12.0,observed,observed,,,both_observed,0.08333333333333393,0.6944444444444493
matlab,ns3,Sink.Traffic Received (packets/sec),packets/s,bucket_sum_per_second,1044.0,12.833333333333334,13.333333333333334,observed,observed,,,both_observed,-0.5,-3.75
matlab,ns3,Sink.Traffic Received (packets/sec),packets/s,bucket_sum_per_second,1056.0,13.0,13.333333333333334,observed,observed,,,both_observed,-0.3333333333333339,-2.5000000000000044
matlab,ns3,Sink.Traffic Received (packets/sec),packets/s,bucket_sum_per_second,1068.0,12.833333333333334,13.166666666666666,observed,observed,,,both_observed,-0.33333333333333215,-2.5316455696202445
matlab,ns3,Sink.Traffic Received (packets/sec),packets/s,bucket_sum_per_second,1080.0,11.583333333333334,12.833333333333334,observed,observed,,,both_observed,-1.25,-9.74025974025974
matlab,ns3,Sink.Traffic Received (packets/sec),packets/s,bucket_sum_per_second,1092.0,12.75,13.166666666666666,observed,observed,,,both_observed,-0.4166666666666661,-3.164556962025312
matlab,ns3,Sink.Traffic Received (packets/sec),packets/s,bucket_sum_per_second,1104.0,13.083333333333334,11.666666666666666,observed,observed,,,both_observed,1.4166666666666679,12.142857142857153
matlab,ns3,Sink.Traffic Received (packets/sec),packets/s,bucket_sum_per_second,1116.0,13.333333333333334,12.0,observed,observed,,,both_observed,1.333333333333334,11.111111111111116
matlab,ns3,Sink.Traffic Received (packets/sec),packets/s,bucket_sum_per_second,1128.0,13.416666666666666,13.333333333333334,observed,observed,,,both_observed,0.08333333333333215,0.6249999999999911
matlab,ns3,Sink.Traffic Received (packets/sec),packets/s,bucket_sum_per_second,1140.0,12.583333333333334,12.583333333333334,observed,observed,,,both_observed,0.0,0.0
matlab,ns3,Sink.Traffic Received (packets/sec),packets/s,bucket_sum_per_second,1152.0,13.166666666666666,12.5,observed,observed,,,both_observed,0.6666666666666661,5.333333333333329
matlab,ns3,Sink.Traffic Received (packets/sec),packets/s,bucket_sum_per_second,1164.0,13.833333333333334,12.833333333333334,observed,observed,,,both_observed,1.0,7.792207792207792
matlab,ns3,Sink.Traffic Received (packets/sec),packets/s,bucket_sum_per_second,1176.0,12.333333333333334,12.083333333333334,observed,observed,,,both_observed,0.25,2.0689655172413794
matlab,ns3,Sink.Traffic Received (packets/sec),packets/s,bucket_sum_per_second,1188.0,12.833333333333334,13.083333333333334,observed,observed,,,both_observed,-0.25,-1.910828025477707
matlab,ns3,Sink.Traffic Received (packets/sec),packets/s,bucket_sum_per_second,1200.0,13.666666666666666,13.0,observed,observed,,,both_observed,0.6666666666666661,5.128205128205124
matlab,ns3,Sink.Traffic Received (packets),packets,bucket_sum,12.0,0.0,0.0,observed,observed,,,both_observed,0.0,
matlab,ns3,Sink.Traffic Received (packets),packets,bucket_sum,24.0,0.0,0.0,observed,observed,,,both_observed,0.0,
matlab,ns3,Sink.Traffic Received (packets),packets,bucket_sum,36.0,0.0,0.0,observed,observed,,,both_observed,0.0,
matlab,ns3,Sink.Traffic Received (packets),packets,bucket_sum,48.0,0.0,0.0,observed,observed,,,both_observed,0.0,
matlab,ns3,Sink.Traffic Received (packets),packets,bucket_sum,60.0,0.0,0.0,observed,observed,,,both_observed,0.0,
matlab,ns3,Sink.Traffic Received (packets),packets,bucket_sum,72.0,0.0,0.0,observed,observed,,,both_observed,0.0,
matlab,ns3,Sink.Traffic Received (packets),packets,bucket_sum,84.0,0.0,0.0,observed,observed,,,both_observed,0.0,
matlab,ns3,Sink.Traffic Received (packets),packets,bucket_sum,96.0,0.0,0.0,observed,observed,,,both_observed,0.0,
matlab,ns3,Sink.Traffic Received (packets),packets,bucket_sum,108.0,0.0,0.0,observed,observed,,,both_observed,0.0,
matlab,ns3,Sink.Traffic Received (packets),packets,bucket_sum,120.0,0.0,0.0,observed,observed,,,both_observed,0.0,
matlab,ns3,Sink.Traffic Received (packets),packets,bucket_sum,132.0,0.0,0.0,observed,observed,,,both_observed,0.0,
matlab,ns3,Sink.Traffic Received (packets),packets,bucket_sum,144.0,0.0,0.0,observed,observed,,,both_observed,0.0,
matlab,ns3,Sink.Traffic Received (packets),packets,bucket_sum,156.0,0.0,0.0,observed,observed,,,both_observed,0.0,
matlab,ns3,Sink.Traffic Received (packets),packets,bucket_sum,168.0,0.0,0.0,observed,observed,,,both_observed,0.0,
matlab,ns3,Sink.Traffic Received (packets),packets,bucket_sum,180.0,0.0,0.0,observed,observed,,,both_observed,0.0,
matlab,ns3,Sink.Traffic Received (packets),packets,bucket_sum,192.0,0.0,0.0,observed,observed,,,both_observed,0.0,
matlab,ns3,Sink.Traffic Received (packets),packets,bucket_sum,204.0,0.0,0.0,observed,observed,,,both_observed,0.0,
matlab,ns3,Sink.Traffic Received (packets),packets,bucket_sum,216.0,0.0,0.0,observed,observed,,,both_observed,0.0,
matlab,ns3,Sink.Traffic Received (packets),packets,bucket_sum,228.0,0.0,0.0,observed,observed,,,both_observed,0.0,
matlab,ns3,Sink.Traffic Received (packets),packets,bucket_sum,240.0,0.0,0.0,observed,observed,,,both_observed,0.0,
matlab,ns3,Sink.Traffic Received (packets),packets,bucket_sum,252.0,0.0,0.0,observed,observed,,,both_observed,0.0,
matlab,ns3,Sink.Traffic Received (packets),packets,bucket_sum,264.0,0.0,0.0,observed,observed,,,both_observed,0.0,
matlab,ns3,Sink.Traffic Received (packets),packets,bucket_sum,276.0,0.0,0.0,observed,observed,,,both_observed,0.0,
matlab,ns3,Sink.Traffic Received (packets),packets,bucket_sum,288.0,0.0,0.0,observed,observed,,,both_observed,0.0,
matlab,ns3,Sink.Traffic Received (packets),packets,bucket_sum,300.0,0.0,0.0,observed,observed,,,both_observed,0.0,
matlab,ns3,Sink.Traffic Received (packets),packets,bucket_sum,312.0,104.0,110.0,observed,observed,,,both_observed,-6.0,-5.454545454545454
matlab,ns3,Sink.Traffic Received (packets),packets,bucket_sum,324.0,168.0,152.0,observed,observed,,,both_observed,16.0,10.526315789473683
matlab,ns3,Sink.Traffic Received (packets),packets,bucket_sum,336.0,154.0,144.0,observed,observed,,,both_observed,10.0,6.944444444444445
matlab,ns3,Sink.Traffic Received (packets),packets,bucket_sum,348.0,165.0,156.0,observed,observed,,,both_observed,9.0,5.769230769230769
matlab,ns3,Sink.Traffic Received (packets),packets,bucket_sum,360.0,158.0,166.0,observed,observed,,,both_observed,-8.0,-4.819277108433735
matlab,ns3,Sink.Traffic Received (packets),packets,bucket_sum,372.0,154.0,148.0,observed,observed,,,both_observed,6.0,4.054054054054054
matlab,ns3,Sink.Traffic Received (packets),packets,bucket_sum,384.0,155.0,152.0,observed,observed,,,both_observed,3.0,1.9736842105263157
matlab,ns3,Sink.Traffic Received (packets),packets,bucket_sum,396.0,156.0,158.0,observed,observed,,,both_observed,-2.0,-1.2658227848101267
matlab,ns3,Sink.Traffic Received (packets),packets,bucket_sum,408.0,138.0,139.0,observed,observed,,,both_observed,-1.0,-0.7194244604316548
matlab,ns3,Sink.Traffic Received (packets),packets,bucket_sum,420.0,170.0,149.0,observed,observed,,,both_observed,21.0,14.093959731543624
matlab,ns3,Sink.Traffic Received (packets),packets,bucket_sum,432.0,151.0,150.0,observed,observed,,,both_observed,1.0,0.6666666666666667
matlab,ns3,Sink.Traffic Received (packets),packets,bucket_sum,444.0,135.0,145.0,observed,observed,,,both_observed,-10.0,-6.896551724137931
matlab,ns3,Sink.Traffic Received (packets),packets,bucket_sum,456.0,154.0,135.0,observed,observed,,,both_observed,19.0,14.074074074074074
matlab,ns3,Sink.Traffic Received (packets),packets,bucket_sum,468.0,154.0,150.0,observed,observed,,,both_observed,4.0,2.666666666666667
matlab,ns3,Sink.Traffic Received (packets),packets,bucket_sum,480.0,147.0,145.0,observed,observed,,,both_observed,2.0,1.3793103448275863
matlab,ns3,Sink.Traffic Received (packets),packets,bucket_sum,492.0,148.0,148.0,observed,observed,,,both_observed,0.0,0.0
matlab,ns3,Sink.Traffic Received (packets),packets,bucket_sum,504.0,142.0,155.0,observed,observed,,,both_observed,-13.0,-8.38709677419355
matlab,ns3,Sink.Traffic Received (packets),packets,bucket_sum,516.0,139.0,142.0,observed,observed,,,both_observed,-3.0,-2.112676056338028
matlab,ns3,Sink.Traffic Received (packets),packets,bucket_sum,528.0,140.0,146.0,observed,observed,,,both_observed,-6.0,-4.10958904109589
matlab,ns3,Sink.Traffic Received (packets),packets,bucket_sum,540.0,156.0,135.0,observed,observed,,,both_observed,21.0,15.555555555555555
matlab,ns3,Sink.Traffic Received (packets),packets,bucket_sum,552.0,164.0,153.0,observed,observed,,,both_observed,11.0,7.18954248366013
matlab,ns3,Sink.Traffic Received (packets),packets,bucket_sum,564.0,148.0,152.0,observed,observed,,,both_observed,-4.0,-2.631578947368421
matlab,ns3,Sink.Traffic Received (packets),packets,bucket_sum,576.0,153.0,143.0,observed,observed,,,both_observed,10.0,6.993006993006993
matlab,ns3,Sink.Traffic Received (packets),packets,bucket_sum,588.0,153.0,152.0,observed,observed,,,both_observed,1.0,0.6578947368421052
matlab,ns3,Sink.Traffic Received (packets),packets,bucket_sum,600.0,146.0,146.0,observed,observed,,,both_observed,0.0,0.0
matlab,ns3,Sink.Traffic Received (packets),packets,bucket_sum,612.0,160.0,146.0,observed,observed,,,both_observed,14.0,9.58904109589041
matlab,ns3,Sink.Traffic Received (packets),packets,bucket_sum,624.0,167.0,143.0,observed,observed,,,both_observed,24.0,16.783216783216783
matlab,ns3,Sink.Traffic Received (packets),packets,bucket_sum,636.0,158.0,148.0,observed,observed,,,both_observed,10.0,6.756756756756757
matlab,ns3,Sink.Traffic Received (packets),packets,bucket_sum,648.0,149.0,148.0,observed,observed,,,both_observed,1.0,0.6756756756756757
matlab,ns3,Sink.Traffic Received (packets),packets,bucket_sum,660.0,165.0,151.0,observed,observed,,,both_observed,14.0,9.271523178807946
matlab,ns3,Sink.Traffic Received (packets),packets,bucket_sum,672.0,150.0,158.0,observed,observed,,,both_observed,-8.0,-5.063291139240507
matlab,ns3,Sink.Traffic Received (packets),packets,bucket_sum,684.0,150.0,138.0,observed,observed,,,both_observed,12.0,8.695652173913043
matlab,ns3,Sink.Traffic Received (packets),packets,bucket_sum,696.0,152.0,155.0,observed,observed,,,both_observed,-3.0,-1.935483870967742
matlab,ns3,Sink.Traffic Received (packets),packets,bucket_sum,708.0,144.0,151.0,observed,observed,,,both_observed,-7.0,-4.635761589403973
matlab,ns3,Sink.Traffic Received (packets),packets,bucket_sum,720.0,162.0,140.0,observed,observed,,,both_observed,22.0,15.714285714285714
matlab,ns3,Sink.Traffic Received (packets),packets,bucket_sum,732.0,152.0,153.0,observed,observed,,,both_observed,-1.0,-0.6535947712418301
matlab,ns3,Sink.Traffic Received (packets),packets,bucket_sum,744.0,146.0,159.0,observed,observed,,,both_observed,-13.0,-8.176100628930817
matlab,ns3,Sink.Traffic Received (packets),packets,bucket_sum,756.0,160.0,166.0,observed,observed,,,both_observed,-6.0,-3.614457831325301
matlab,ns3,Sink.Traffic Received (packets),packets,bucket_sum,768.0,143.0,146.0,observed,observed,,,both_observed,-3.0,-2.054794520547945
matlab,ns3,Sink.Traffic Received (packets),packets,bucket_sum,780.0,157.0,150.0,observed,observed,,,both_observed,7.0,4.666666666666667
matlab,ns3,Sink.Traffic Received (packets),packets,bucket_sum,792.0,154.0,142.0,observed,observed,,,both_observed,12.0,8.450704225352112
matlab,ns3,Sink.Traffic Received (packets),packets,bucket_sum,804.0,152.0,156.0,observed,observed,,,both_observed,-4.0,-2.564102564102564
matlab,ns3,Sink.Traffic Received (packets),packets,bucket_sum,816.0,150.0,150.0,observed,observed,,,both_observed,0.0,0.0
matlab,ns3,Sink.Traffic Received (packets),packets,bucket_sum,828.0,144.0,146.0,observed,observed,,,both_observed,-2.0,-1.36986301369863
matlab,ns3,Sink.Traffic Received (packets),packets,bucket_sum,840.0,157.0,148.0,observed,observed,,,both_observed,9.0,6.081081081081082
matlab,ns3,Sink.Traffic Received (packets),packets,bucket_sum,852.0,161.0,156.0,observed,observed,,,both_observed,5.0,3.205128205128205
matlab,ns3,Sink.Traffic Received (packets),packets,bucket_sum,864.0,142.0,154.0,observed,observed,,,both_observed,-12.0,-7.792207792207792
matlab,ns3,Sink.Traffic Received (packets),packets,bucket_sum,876.0,160.0,144.0,observed,observed,,,both_observed,16.0,11.11111111111111
matlab,ns3,Sink.Traffic Received (packets),packets,bucket_sum,888.0,146.0,152.0,observed,observed,,,both_observed,-6.0,-3.9473684210526314
matlab,ns3,Sink.Traffic Received (packets),packets,bucket_sum,900.0,158.0,147.0,observed,observed,,,both_observed,11.0,7.482993197278912
matlab,ns3,Sink.Traffic Received (packets),packets,bucket_sum,912.0,146.0,143.0,observed,observed,,,both_observed,3.0,2.097902097902098
matlab,ns3,Sink.Traffic Received (packets),packets,bucket_sum,924.0,144.0,146.0,observed,observed,,,both_observed,-2.0,-1.36986301369863
matlab,ns3,Sink.Traffic Received (packets),packets,bucket_sum,936.0,151.0,162.0,observed,observed,,,both_observed,-11.0,-6.790123456790123
matlab,ns3,Sink.Traffic Received (packets),packets,bucket_sum,948.0,149.0,153.0,observed,observed,,,both_observed,-4.0,-2.6143790849673203
matlab,ns3,Sink.Traffic Received (packets),packets,bucket_sum,960.0,140.0,156.0,observed,observed,,,both_observed,-16.0,-10.256410256410255
matlab,ns3,Sink.Traffic Received (packets),packets,bucket_sum,972.0,136.0,151.0,observed,observed,,,both_observed,-15.0,-9.933774834437086
matlab,ns3,Sink.Traffic Received (packets),packets,bucket_sum,984.0,144.0,154.0,observed,observed,,,both_observed,-10.0,-6.493506493506493
matlab,ns3,Sink.Traffic Received (packets),packets,bucket_sum,996.0,151.0,145.0,observed,observed,,,both_observed,6.0,4.137931034482759
matlab,ns3,Sink.Traffic Received (packets),packets,bucket_sum,1008.0,138.0,154.0,observed,observed,,,both_observed,-16.0,-10.38961038961039
matlab,ns3,Sink.Traffic Received (packets),packets,bucket_sum,1020.0,144.0,154.0,observed,observed,,,both_observed,-10.0,-6.493506493506493
matlab,ns3,Sink.Traffic Received (packets),packets,bucket_sum,1032.0,145.0,144.0,observed,observed,,,both_observed,1.0,0.6944444444444444
matlab,ns3,Sink.Traffic Received (packets),packets,bucket_sum,1044.0,154.0,160.0,observed,observed,,,both_observed,-6.0,-3.75
matlab,ns3,Sink.Traffic Received (packets),packets,bucket_sum,1056.0,156.0,160.0,observed,observed,,,both_observed,-4.0,-2.5
matlab,ns3,Sink.Traffic Received (packets),packets,bucket_sum,1068.0,154.0,158.0,observed,observed,,,both_observed,-4.0,-2.5316455696202533
matlab,ns3,Sink.Traffic Received (packets),packets,bucket_sum,1080.0,139.0,154.0,observed,observed,,,both_observed,-15.0,-9.740259740259742
matlab,ns3,Sink.Traffic Received (packets),packets,bucket_sum,1092.0,153.0,158.0,observed,observed,,,both_observed,-5.0,-3.1645569620253164
matlab,ns3,Sink.Traffic Received (packets),packets,bucket_sum,1104.0,157.0,140.0,observed,observed,,,both_observed,17.0,12.142857142857142
matlab,ns3,Sink.Traffic Received (packets),packets,bucket_sum,1116.0,160.0,144.0,observed,observed,,,both_observed,16.0,11.11111111111111
matlab,ns3,Sink.Traffic Received (packets),packets,bucket_sum,1128.0,161.0,160.0,observed,observed,,,both_observed,1.0,0.625
matlab,ns3,Sink.Traffic Received (packets),packets,bucket_sum,1140.0,151.0,151.0,observed,observed,,,both_observed,0.0,0.0
matlab,ns3,Sink.Traffic Received (packets),packets,bucket_sum,1152.0,158.0,150.0,observed,observed,,,both_observed,8.0,5.333333333333334
matlab,ns3,Sink.Traffic Received (packets),packets,bucket_sum,1164.0,166.0,154.0,observed,observed,,,both_observed,12.0,7.792207792207792
matlab,ns3,Sink.Traffic Received (packets),packets,bucket_sum,1176.0,148.0,145.0,observed,observed,,,both_observed,3.0,2.0689655172413794
matlab,ns3,Sink.Traffic Received (packets),packets,bucket_sum,1188.0,154.0,157.0,observed,observed,,,both_observed,-3.0,-1.910828025477707
matlab,ns3,Sink.Traffic Received (packets),packets,bucket_sum,1200.0,164.0,156.0,observed,observed,,,both_observed,8.0,5.128205128205128
matlab,ns3,Sink.Traffic Received (bits/sec),bits/s,bucket_sum_per_second,12.0,0.0,0.0,observed,observed,,,both_observed,0.0,
matlab,ns3,Sink.Traffic Received (bits/sec),bits/s,bucket_sum_per_second,24.0,0.0,0.0,observed,observed,,,both_observed,0.0,
matlab,ns3,Sink.Traffic Received (bits/sec),bits/s,bucket_sum_per_second,36.0,0.0,0.0,observed,observed,,,both_observed,0.0,
matlab,ns3,Sink.Traffic Received (bits/sec),bits/s,bucket_sum_per_second,48.0,0.0,0.0,observed,observed,,,both_observed,0.0,
matlab,ns3,Sink.Traffic Received (bits/sec),bits/s,bucket_sum_per_second,60.0,0.0,0.0,observed,observed,,,both_observed,0.0,
matlab,ns3,Sink.Traffic Received (bits/sec),bits/s,bucket_sum_per_second,72.0,0.0,0.0,observed,observed,,,both_observed,0.0,
matlab,ns3,Sink.Traffic Received (bits/sec),bits/s,bucket_sum_per_second,84.0,0.0,0.0,observed,observed,,,both_observed,0.0,
matlab,ns3,Sink.Traffic Received (bits/sec),bits/s,bucket_sum_per_second,96.0,0.0,0.0,observed,observed,,,both_observed,0.0,
matlab,ns3,Sink.Traffic Received (bits/sec),bits/s,bucket_sum_per_second,108.0,0.0,0.0,observed,observed,,,both_observed,0.0,
matlab,ns3,Sink.Traffic Received (bits/sec),bits/s,bucket_sum_per_second,120.0,0.0,0.0,observed,observed,,,both_observed,0.0,
matlab,ns3,Sink.Traffic Received (bits/sec),bits/s,bucket_sum_per_second,132.0,0.0,0.0,observed,observed,,,both_observed,0.0,
matlab,ns3,Sink.Traffic Received (bits/sec),bits/s,bucket_sum_per_second,144.0,0.0,0.0,observed,observed,,,both_observed,0.0,
matlab,ns3,Sink.Traffic Received (bits/sec),bits/s,bucket_sum_per_second,156.0,0.0,0.0,observed,observed,,,both_observed,0.0,
matlab,ns3,Sink.Traffic Received (bits/sec),bits/s,bucket_sum_per_second,168.0,0.0,0.0,observed,observed,,,both_observed,0.0,
matlab,ns3,Sink.Traffic Received (bits/sec),bits/s,bucket_sum_per_second,180.0,0.0,0.0,observed,observed,,,both_observed,0.0,
matlab,ns3,Sink.Traffic Received (bits/sec),bits/s,bucket_sum_per_second,192.0,0.0,0.0,observed,observed,,,both_observed,0.0,
matlab,ns3,Sink.Traffic Received (bits/sec),bits/s,bucket_sum_per_second,204.0,0.0,0.0,observed,observed,,,both_observed,0.0,
matlab,ns3,Sink.Traffic Received (bits/sec),bits/s,bucket_sum_per_second,216.0,0.0,0.0,observed,observed,,,both_observed,0.0,
matlab,ns3,Sink.Traffic Received (bits/sec),bits/s,bucket_sum_per_second,228.0,0.0,0.0,observed,observed,,,both_observed,0.0,
matlab,ns3,Sink.Traffic Received (bits/sec),bits/s,bucket_sum_per_second,240.0,0.0,0.0,observed,observed,,,both_observed,0.0,
matlab,ns3,Sink.Traffic Received (bits/sec),bits/s,bucket_sum_per_second,252.0,0.0,0.0,observed,observed,,,both_observed,0.0,
matlab,ns3,Sink.Traffic Received (bits/sec),bits/s,bucket_sum_per_second,264.0,0.0,0.0,observed,observed,,,both_observed,0.0,
matlab,ns3,Sink.Traffic Received (bits/sec),bits/s,bucket_sum_per_second,276.0,0.0,0.0,observed,observed,,,both_observed,0.0,
matlab,ns3,Sink.Traffic Received (bits/sec),bits/s,bucket_sum_per_second,288.0,0.0,0.0,observed,observed,,,both_observed,0.0,
matlab,ns3,Sink.Traffic Received (bits/sec),bits/s,bucket_sum_per_second,300.0,0.0,0.0,observed,observed,,,both_observed,0.0,
matlab,ns3,Sink.Traffic Received (bits/sec),bits/s,bucket_sum_per_second,312.0,41045.333333333336,43413.333333333336,observed,observed,,,both_observed,-2368.0,-5.454545454545454
matlab,ns3,Sink.Traffic Received (bits/sec),bits/s,bucket_sum_per_second,324.0,66304.0,59989.333333333336,observed,observed,,,both_observed,6314.666666666664,10.52631578947368
matlab,ns3,Sink.Traffic Received (bits/sec),bits/s,bucket_sum_per_second,336.0,60778.666666666664,56832.0,observed,observed,,,both_observed,3946.6666666666642,6.94444444444444
matlab,ns3,Sink.Traffic Received (bits/sec),bits/s,bucket_sum_per_second,348.0,65120.0,61568.0,observed,observed,,,both_observed,3552.0,5.769230769230769
matlab,ns3,Sink.Traffic Received (bits/sec),bits/s,bucket_sum_per_second,360.0,62357.333333333336,65514.666666666664,observed,observed,,,both_observed,-3157.3333333333285,-4.819277108433727
matlab,ns3,Sink.Traffic Received (bits/sec),bits/s,bucket_sum_per_second,372.0,60778.666666666664,58410.666666666664,observed,observed,,,both_observed,2368.0,4.054054054054054
matlab,ns3,Sink.Traffic Received (bits/sec),bits/s,bucket_sum_per_second,384.0,61173.333333333336,59989.333333333336,observed,observed,,,both_observed,1184.0,1.9736842105263157
matlab,ns3,Sink.Traffic Received (bits/sec),bits/s,bucket_sum_per_second,396.0,61568.0,62357.333333333336,observed,observed,,,both_observed,-789.3333333333358,-1.2658227848101304
matlab,ns3,Sink.Traffic Received (bits/sec),bits/s,bucket_sum_per_second,408.0,54464.0,54858.666666666664,observed,observed,,,both_observed,-394.66666666666424,-0.7194244604316503
matlab,ns3,Sink.Traffic Received (bits/sec),bits/s,bucket_sum_per_second,420.0,67093.33333333333,58805.333333333336,observed,observed,,,both_observed,8287.999999999993,14.093959731543611
matlab,ns3,Sink.Traffic Received (bits/sec),bits/s,bucket_sum_per_second,432.0,59594.666666666664,59200.0,observed,observed,,,both_observed,394.66666666666424,0.6666666666666625
matlab,ns3,Sink.Traffic Received (bits/sec),bits/s,bucket_sum_per_second,444.0,53280.0,57226.666666666664,observed,observed,,,both_observed,-3946.6666666666642,-6.896551724137927
matlab,ns3,Sink.Traffic Received (bits/sec),bits/s,bucket_sum_per_second,456.0,60778.666666666664,53280.0,observed,observed,,,both_observed,7498.666666666664,14.074074074074069
matlab,ns3,Sink.Traffic Received (bits/sec),bits/s,bucket_sum_per_second,468.0,60778.666666666664,59200.0,observed,observed,,,both_observed,1578.6666666666642,2.6666666666666625
matlab,ns3,Sink.Traffic Received (bits/sec),bits/s,bucket_sum_per_second,480.0,58016.0,57226.666666666664,observed,observed,,,both_observed,789.3333333333358,1.3793103448275905
matlab,ns3,Sink.Traffic Received (bits/sec),bits/s,bucket_sum_per_second,492.0,58410.666666666664,58410.666666666664,observed,observed,,,both_observed,0.0,0.0
matlab,ns3,Sink.Traffic Received (bits/sec),bits/s,bucket_sum_per_second,504.0,56042.666666666664,61173.333333333336,observed,observed,,,both_observed,-5130.6666666666715,-8.387096774193555
matlab,ns3,Sink.Traffic Received (bits/sec),bits/s,bucket_sum_per_second,516.0,54858.666666666664,56042.666666666664,observed,observed,,,both_observed,-1184.0,-2.112676056338028
matlab,ns3,Sink.Traffic Received (bits/sec),bits/s,bucket_sum_per_second,528.0,55253.333333333336,57621.333333333336,observed,observed,,,both_observed,-2368.0,-4.10958904109589
matlab,ns3,Sink.Traffic Received (bits/sec),bits/s,bucket_sum_per_second,540.0,61568.0,53280.0,observed,observed,,,both_observed,8288.0,15.555555555555555
matlab,ns3,Sink.Traffic Received (bits/sec),bits/s,bucket_sum_per_second,552.0,64725.333333333336,60384.0,observed,observed,,,both_observed,4341.333333333336,7.1895424836601345
matlab,ns3,Sink.Traffic Received (bits/sec),bits/s,bucket_sum_per_second,564.0,58410.666666666664,59989.333333333336,observed,observed,,,both_observed,-1578.6666666666715,-2.631578947368429
matlab,ns3,Sink.Traffic Received (bits/sec),bits/s,bucket_sum_per_second,576.0,60384.0,56437.333333333336,observed,observed,,,both_observed,3946.6666666666642,6.993006993006988
matlab,ns3,Sink.Traffic Received (bits/sec),bits/s,bucket_sum_per_second,588.0,60384.0,59989.333333333336,observed,observed,,,both_observed,394.66666666666424,0.6578947368421012
matlab,ns3,Sink.Traffic Received (bits/sec),bits/s,bucket_sum_per_second,600.0,57621.333333333336,57621.333333333336,observed,observed,,,both_observed,0.0,0.0
matlab,ns3,Sink.Traffic Received (bits/sec),bits/s,bucket_sum_per_second,612.0,63146.666666666664,57621.333333333336,observed,observed,,,both_observed,5525.3333333333285,9.589041095890401
matlab,ns3,Sink.Traffic Received (bits/sec),bits/s,bucket_sum_per_second,624.0,65909.33333333333,56437.333333333336,observed,observed,,,both_observed,9471.999999999993,16.78321678321677
matlab,ns3,Sink.Traffic Received (bits/sec),bits/s,bucket_sum_per_second,636.0,62357.333333333336,58410.666666666664,observed,observed,,,both_observed,3946.6666666666715,6.756756756756765
matlab,ns3,Sink.Traffic Received (bits/sec),bits/s,bucket_sum_per_second,648.0,58805.333333333336,58410.666666666664,observed,observed,,,both_observed,394.6666666666715,0.6756756756756841
matlab,ns3,Sink.Traffic Received (bits/sec),bits/s,bucket_sum_per_second,660.0,65120.0,59594.666666666664,observed,observed,,,both_observed,5525.333333333336,9.271523178807952
matlab,ns3,Sink.Traffic Received (bits/sec),bits/s,bucket_sum_per_second,672.0,59200.0,62357.333333333336,observed,observed,,,both_observed,-3157.3333333333358,-5.063291139240509
matlab,ns3,Sink.Traffic Received (bits/sec),bits/s,bucket_sum_per_second,684.0,59200.0,54464.0,observed,observed,,,both_observed,4736.0,8.695652173913043
matlab,ns3,Sink.Traffic Received (bits/sec),bits/s,bucket_sum_per_second,696.0,59989.333333333336,61173.333333333336,observed,observed,,,both_observed,-1184.0,-1.935483870967742
matlab,ns3,Sink.Traffic Received (bits/sec),bits/s,bucket_sum_per_second,708.0,56832.0,59594.666666666664,observed,observed,,,both_observed,-2762.6666666666642,-4.63576158940397
matlab,ns3,Sink.Traffic Received (bits/sec),bits/s,bucket_sum_per_second,720.0,63936.0,55253.333333333336,observed,observed,,,both_observed,8682.666666666664,15.714285714285708
matlab,ns3,Sink.Traffic Received (bits/sec),bits/s,bucket_sum_per_second,732.0,59989.333333333336,60384.0,observed,observed,,,both_observed,-394.66666666666424,-0.653594771241826
matlab,ns3,Sink.Traffic Received (bits/sec),bits/s,bucket_sum_per_second,744.0,57621.333333333336,62752.0,observed,observed,,,both_observed,-5130.666666666664,-8.176100628930815
matlab,ns3,Sink.Traffic Received (bits/sec),bits/s,bucket_sum_per_second,756.0,63146.666666666664,65514.666666666664,observed,observed,,,both_observed,-2368.0,-3.614457831325301
matlab,ns3,Sink.Traffic Received (bits/sec),bits/s,bucket_sum_per_second,768.0,56437.333333333336,57621.333333333336,observed,observed,,,both_observed,-1184.0,-2.054794520547945
matlab,ns3,Sink.Traffic Received (bits/sec),bits/s,bucket_sum_per_second,780.0,61962.666666666664,59200.0,observed,observed,,,both_observed,2762.6666666666642,4.6666666666666625
matlab,ns3,Sink.Traffic Received (bits/sec),bits/s,bucket_sum_per_second,792.0,60778.666666666664,56042.666666666664,observed,observed,,,both_observed,4736.0,8.450704225352112
matlab,ns3,Sink.Traffic Received (bits/sec),bits/s,bucket_sum_per_second,804.0,59989.333333333336,61568.0,observed,observed,,,both_observed,-1578.6666666666642,-2.5641025641025603
matlab,ns3,Sink.Traffic Received (bits/sec),bits/s,bucket_sum_per_second,816.0,59200.0,59200.0,observed,observed,,,both_observed,0.0,0.0
matlab,ns3,Sink.Traffic Received (bits/sec),bits/s,bucket_sum_per_second,828.0,56832.0,57621.333333333336,observed,observed,,,both_observed,-789.3333333333358,-1.3698630136986343
matlab,ns3,Sink.Traffic Received (bits/sec),bits/s,bucket_sum_per_second,840.0,61962.666666666664,58410.666666666664,observed,observed,,,both_observed,3552.0,6.081081081081082
matlab,ns3,Sink.Traffic Received (bits/sec),bits/s,bucket_sum_per_second,852.0,63541.333333333336,61568.0,observed,observed,,,both_observed,1973.3333333333358,3.205128205128209
matlab,ns3,Sink.Traffic Received (bits/sec),bits/s,bucket_sum_per_second,864.0,56042.666666666664,60778.666666666664,observed,observed,,,both_observed,-4736.0,-7.792207792207792
matlab,ns3,Sink.Traffic Received (bits/sec),bits/s,bucket_sum_per_second,876.0,63146.666666666664,56832.0,observed,observed,,,both_observed,6314.666666666664,11.111111111111107
matlab,ns3,Sink.Traffic Received (bits/sec),bits/s,bucket_sum_per_second,888.0,57621.333333333336,59989.333333333336,observed,observed,,,both_observed,-2368.0,-3.9473684210526314
matlab,ns3,Sink.Traffic Received (bits/sec),bits/s,bucket_sum_per_second,900.0,62357.333333333336,58016.0,observed,observed,,,both_observed,4341.333333333336,7.482993197278915
matlab,ns3,Sink.Traffic Received (bits/sec),bits/s,bucket_sum_per_second,912.0,57621.333333333336,56437.333333333336,observed,observed,,,both_observed,1184.0,2.0979020979020975
matlab,ns3,Sink.Traffic Received (bits/sec),bits/s,bucket_sum_per_second,924.0,56832.0,57621.333333333336,observed,observed,,,both_observed,-789.3333333333358,-1.3698630136986343
matlab,ns3,Sink.Traffic Received (bits/sec),bits/s,bucket_sum_per_second,936.0,59594.666666666664,63936.0,observed,observed,,,both_observed,-4341.333333333336,-6.790123456790127
matlab,ns3,Sink.Traffic Received (bits/sec),bits/s,bucket_sum_per_second,948.0,58805.333333333336,60384.0,observed,observed,,,both_observed,-1578.6666666666642,-2.6143790849673163
matlab,ns3,Sink.Traffic Received (bits/sec),bits/s,bucket_sum_per_second,960.0,55253.333333333336,61568.0,observed,observed,,,both_observed,-6314.666666666664,-10.256410256410252
matlab,ns3,Sink.Traffic Received (bits/sec),bits/s,bucket_sum_per_second,972.0,53674.666666666664,59594.666666666664,observed,observed,,,both_observed,-5920.0,-9.933774834437086
matlab,ns3,Sink.Traffic Received (bits/sec),bits/s,bucket_sum_per_second,984.0,56832.0,60778.666666666664,observed,observed,,,both_observed,-3946.6666666666642,-6.49350649350649
matlab,ns3,Sink.Traffic Received (bits/sec),bits/s,bucket_sum_per_second,996.0,59594.666666666664,57226.666666666664,observed,observed,,,both_observed,2368.0,4.137931034482759
matlab,ns3,Sink.Traffic Received (bits/sec),bits/s,bucket_sum_per_second,1008.0,54464.0,60778.666666666664,observed,observed,,,both_observed,-6314.666666666664,-10.389610389610386
matlab,ns3,Sink.Traffic Received (bits/sec),bits/s,bucket_sum_per_second,1020.0,56832.0,60778.666666666664,observed,observed,,,both_observed,-3946.6666666666642,-6.49350649350649
matlab,ns3,Sink.Traffic Received (bits/sec),bits/s,bucket_sum_per_second,1032.0,57226.666666666664,56832.0,observed,observed,,,both_observed,394.66666666666424,0.6944444444444402
matlab,ns3,Sink.Traffic Received (bits/sec),bits/s,bucket_sum_per_second,1044.0,60778.666666666664,63146.666666666664,observed,observed,,,both_observed,-2368.0,-3.75
matlab,ns3,Sink.Traffic Received (bits/sec),bits/s,bucket_sum_per_second,1056.0,61568.0,63146.666666666664,observed,observed,,,both_observed,-1578.6666666666642,-2.4999999999999964
matlab,ns3,Sink.Traffic Received (bits/sec),bits/s,bucket_sum_per_second,1068.0,60778.666666666664,62357.333333333336,observed,observed,,,both_observed,-1578.6666666666715,-2.531645569620261
matlab,ns3,Sink.Traffic Received (bits/sec),bits/s,bucket_sum_per_second,1080.0,54858.666666666664,60778.666666666664,observed,observed,,,both_observed,-5920.0,-9.740259740259742
matlab,ns3,Sink.Traffic Received (bits/sec),bits/s,bucket_sum_per_second,1092.0,60384.0,62357.333333333336,observed,observed,,,both_observed,-1973.3333333333358,-3.16455696202532
matlab,ns3,Sink.Traffic Received (bits/sec),bits/s,bucket_sum_per_second,1104.0,61962.666666666664,55253.333333333336,observed,observed,,,both_observed,6709.3333333333285,12.142857142857133
matlab,ns3,Sink.Traffic Received (bits/sec),bits/s,bucket_sum_per_second,1116.0,63146.666666666664,56832.0,observed,observed,,,both_observed,6314.666666666664,11.111111111111107
matlab,ns3,Sink.Traffic Received (bits/sec),bits/s,bucket_sum_per_second,1128.0,63541.333333333336,63146.666666666664,observed,observed,,,both_observed,394.6666666666715,0.6250000000000077
matlab,ns3,Sink.Traffic Received (bits/sec),bits/s,bucket_sum_per_second,1140.0,59594.666666666664,59594.666666666664,observed,observed,,,both_observed,0.0,0.0
matlab,ns3,Sink.Traffic Received (bits/sec),bits/s,bucket_sum_per_second,1152.0,62357.333333333336,59200.0,observed,observed,,,both_observed,3157.3333333333358,5.3333333333333375
matlab,ns3,Sink.Traffic Received (bits/sec),bits/s,bucket_sum_per_second,1164.0,65514.666666666664,60778.666666666664,observed,observed,,,both_observed,4736.0,7.792207792207792
matlab,ns3,Sink.Traffic Received (bits/sec),bits/s,bucket_sum_per_second,1176.0,58410.666666666664,57226.666666666664,observed,observed,,,both_observed,1184.0,2.0689655172413794
matlab,ns3,Sink.Traffic Received (bits/sec),bits/s,bucket_sum_per_second,1188.0,60778.666666666664,61962.666666666664,observed,observed,,,both_observed,-1184.0,-1.910828025477707
matlab,ns3,Sink.Traffic Received (bits/sec),bits/s,bucket_sum_per_second,1200.0,64725.333333333336,61568.0,observed,observed,,,both_observed,3157.3333333333358,5.128205128205132
matlab,ns3,Sink.Traffic Received (bits),bits,bucket_sum,12.0,0.0,0.0,observed,observed,,,both_observed,0.0,
matlab,ns3,Sink.Traffic Received (bits),bits,bucket_sum,24.0,0.0,0.0,observed,observed,,,both_observed,0.0,
matlab,ns3,Sink.Traffic Received (bits),bits,bucket_sum,36.0,0.0,0.0,observed,observed,,,both_observed,0.0,
matlab,ns3,Sink.Traffic Received (bits),bits,bucket_sum,48.0,0.0,0.0,observed,observed,,,both_observed,0.0,
matlab,ns3,Sink.Traffic Received (bits),bits,bucket_sum,60.0,0.0,0.0,observed,observed,,,both_observed,0.0,
matlab,ns3,Sink.Traffic Received (bits),bits,bucket_sum,72.0,0.0,0.0,observed,observed,,,both_observed,0.0,
matlab,ns3,Sink.Traffic Received (bits),bits,bucket_sum,84.0,0.0,0.0,observed,observed,,,both_observed,0.0,
matlab,ns3,Sink.Traffic Received (bits),bits,bucket_sum,96.0,0.0,0.0,observed,observed,,,both_observed,0.0,
matlab,ns3,Sink.Traffic Received (bits),bits,bucket_sum,108.0,0.0,0.0,observed,observed,,,both_observed,0.0,
matlab,ns3,Sink.Traffic Received (bits),bits,bucket_sum,120.0,0.0,0.0,observed,observed,,,both_observed,0.0,
matlab,ns3,Sink.Traffic Received (bits),bits,bucket_sum,132.0,0.0,0.0,observed,observed,,,both_observed,0.0,
matlab,ns3,Sink.Traffic Received (bits),bits,bucket_sum,144.0,0.0,0.0,observed,observed,,,both_observed,0.0,
matlab,ns3,Sink.Traffic Received (bits),bits,bucket_sum,156.0,0.0,0.0,observed,observed,,,both_observed,0.0,
matlab,ns3,Sink.Traffic Received (bits),bits,bucket_sum,168.0,0.0,0.0,observed,observed,,,both_observed,0.0,
matlab,ns3,Sink.Traffic Received (bits),bits,bucket_sum,180.0,0.0,0.0,observed,observed,,,both_observed,0.0,
matlab,ns3,Sink.Traffic Received (bits),bits,bucket_sum,192.0,0.0,0.0,observed,observed,,,both_observed,0.0,
matlab,ns3,Sink.Traffic Received (bits),bits,bucket_sum,204.0,0.0,0.0,observed,observed,,,both_observed,0.0,
matlab,ns3,Sink.Traffic Received (bits),bits,bucket_sum,216.0,0.0,0.0,observed,observed,,,both_observed,0.0,
matlab,ns3,Sink.Traffic Received (bits),bits,bucket_sum,228.0,0.0,0.0,observed,observed,,,both_observed,0.0,
matlab,ns3,Sink.Traffic Received (bits),bits,bucket_sum,240.0,0.0,0.0,observed,observed,,,both_observed,0.0,
matlab,ns3,Sink.Traffic Received (bits),bits,bucket_sum,252.0,0.0,0.0,observed,observed,,,both_observed,0.0,
matlab,ns3,Sink.Traffic Received (bits),bits,bucket_sum,264.0,0.0,0.0,observed,observed,,,both_observed,0.0,
matlab,ns3,Sink.Traffic Received (bits),bits,bucket_sum,276.0,0.0,0.0,observed,observed,,,both_observed,0.0,
matlab,ns3,Sink.Traffic Received (bits),bits,bucket_sum,288.0,0.0,0.0,observed,observed,,,both_observed,0.0,
matlab,ns3,Sink.Traffic Received (bits),bits,bucket_sum,300.0,0.0,0.0,observed,observed,,,both_observed,0.0,
matlab,ns3,Sink.Traffic Received (bits),bits,bucket_sum,312.0,492544.0,520960.0,observed,observed,,,both_observed,-28416.0,-5.454545454545454
matlab,ns3,Sink.Traffic Received (bits),bits,bucket_sum,324.0,795648.0,719872.0,observed,observed,,,both_observed,75776.0,10.526315789473683
matlab,ns3,Sink.Traffic Received (bits),bits,bucket_sum,336.0,729344.0,681984.0,observed,observed,,,both_observed,47360.0,6.944444444444445
matlab,ns3,Sink.Traffic Received (bits),bits,bucket_sum,348.0,781440.0,738816.0,observed,observed,,,both_observed,42624.0,5.769230769230769
matlab,ns3,Sink.Traffic Received (bits),bits,bucket_sum,360.0,748288.0,786176.0,observed,observed,,,both_observed,-37888.0,-4.819277108433735
matlab,ns3,Sink.Traffic Received (bits),bits,bucket_sum,372.0,729344.0,700928.0,observed,observed,,,both_observed,28416.0,4.054054054054054
matlab,ns3,Sink.Traffic Received (bits),bits,bucket_sum,384.0,734080.0,719872.0,observed,observed,,,both_observed,14208.0,1.9736842105263157
matlab,ns3,Sink.Traffic Received (bits),bits,bucket_sum,396.0,738816.0,748288.0,observed,observed,,,both_observed,-9472.0,-1.2658227848101267
matlab,ns3,Sink.Traffic Received (bits),bits,bucket_sum,408.0,653568.0,658304.0,observed,observed,,,both_observed,-4736.0,-0.7194244604316548
matlab,ns3,Sink.Traffic Received (bits),bits,bucket_sum,420.0,805120.0,705664.0,observed,observed,,,both_observed,99456.0,14.093959731543624
matlab,ns3,Sink.Traffic Received (bits),bits,bucket_sum,432.0,715136.0,710400.0,observed,observed,,,both_observed,4736.0,0.6666666666666667
matlab,ns3,Sink.Traffic Received (bits),bits,bucket_sum,444.0,639360.0,686720.0,observed,observed,,,both_observed,-47360.0,-6.896551724137931
matlab,ns3,Sink.Traffic Received (bits),bits,bucket_sum,456.0,729344.0,639360.0,observed,observed,,,both_observed,89984.0,14.074074074074074
matlab,ns3,Sink.Traffic Received (bits),bits,bucket_sum,468.0,729344.0,710400.0,observed,observed,,,both_observed,18944.0,2.666666666666667
matlab,ns3,Sink.Traffic Received (bits),bits,bucket_sum,480.0,696192.0,686720.0,observed,observed,,,both_observed,9472.0,1.3793103448275863
matlab,ns3,Sink.Traffic Received (bits),bits,bucket_sum,492.0,700928.0,700928.0,observed,observed,,,both_observed,0.0,0.0
matlab,ns3,Sink.Traffic Received (bits),bits,bucket_sum,504.0,672512.0,734080.0,observed,observed,,,both_observed,-61568.0,-8.38709677419355
matlab,ns3,Sink.Traffic Received (bits),bits,bucket_sum,516.0,658304.0,672512.0,observed,observed,,,both_observed,-14208.0,-2.112676056338028
matlab,ns3,Sink.Traffic Received (bits),bits,bucket_sum,528.0,663040.0,691456.0,observed,observed,,,both_observed,-28416.0,-4.10958904109589
matlab,ns3,Sink.Traffic Received (bits),bits,bucket_sum,540.0,738816.0,639360.0,observed,observed,,,both_observed,99456.0,15.555555555555555
matlab,ns3,Sink.Traffic Received (bits),bits,bucket_sum,552.0,776704.0,724608.0,observed,observed,,,both_observed,52096.0,7.18954248366013
matlab,ns3,Sink.Traffic Received (bits),bits,bucket_sum,564.0,700928.0,719872.0,observed,observed,,,both_observed,-18944.0,-2.631578947368421
matlab,ns3,Sink.Traffic Received (bits),bits,bucket_sum,576.0,724608.0,677248.0,observed,observed,,,both_observed,47360.0,6.993006993006993
matlab,ns3,Sink.Traffic Received (bits),bits,bucket_sum,588.0,724608.0,719872.0,observed,observed,,,both_observed,4736.0,0.6578947368421052
matlab,ns3,Sink.Traffic Received (bits),bits,bucket_sum,600.0,691456.0,691456.0,observed,observed,,,both_observed,0.0,0.0
matlab,ns3,Sink.Traffic Received (bits),bits,bucket_sum,612.0,757760.0,691456.0,observed,observed,,,both_observed,66304.0,9.58904109589041
matlab,ns3,Sink.Traffic Received (bits),bits,bucket_sum,624.0,790912.0,677248.0,observed,observed,,,both_observed,113664.0,16.783216783216783
matlab,ns3,Sink.Traffic Received (bits),bits,bucket_sum,636.0,748288.0,700928.0,observed,observed,,,both_observed,47360.0,6.756756756756757
matlab,ns3,Sink.Traffic Received (bits),bits,bucket_sum,648.0,705664.0,700928.0,observed,observed,,,both_observed,4736.0,0.6756756756756757
matlab,ns3,Sink.Traffic Received (bits),bits,bucket_sum,660.0,781440.0,715136.0,observed,observed,,,both_observed,66304.0,9.271523178807946
matlab,ns3,Sink.Traffic Received (bits),bits,bucket_sum,672.0,710400.0,748288.0,observed,observed,,,both_observed,-37888.0,-5.063291139240507
matlab,ns3,Sink.Traffic Received (bits),bits,bucket_sum,684.0,710400.0,653568.0,observed,observed,,,both_observed,56832.0,8.695652173913043
matlab,ns3,Sink.Traffic Received (bits),bits,bucket_sum,696.0,719872.0,734080.0,observed,observed,,,both_observed,-14208.0,-1.935483870967742
matlab,ns3,Sink.Traffic Received (bits),bits,bucket_sum,708.0,681984.0,715136.0,observed,observed,,,both_observed,-33152.0,-4.635761589403973
matlab,ns3,Sink.Traffic Received (bits),bits,bucket_sum,720.0,767232.0,663040.0,observed,observed,,,both_observed,104192.0,15.714285714285714
matlab,ns3,Sink.Traffic Received (bits),bits,bucket_sum,732.0,719872.0,724608.0,observed,observed,,,both_observed,-4736.0,-0.6535947712418301
matlab,ns3,Sink.Traffic Received (bits),bits,bucket_sum,744.0,691456.0,753024.0,observed,observed,,,both_observed,-61568.0,-8.176100628930817
matlab,ns3,Sink.Traffic Received (bits),bits,bucket_sum,756.0,757760.0,786176.0,observed,observed,,,both_observed,-28416.0,-3.614457831325301
matlab,ns3,Sink.Traffic Received (bits),bits,bucket_sum,768.0,677248.0,691456.0,observed,observed,,,both_observed,-14208.0,-2.054794520547945
matlab,ns3,Sink.Traffic Received (bits),bits,bucket_sum,780.0,743552.0,710400.0,observed,observed,,,both_observed,33152.0,4.666666666666667
matlab,ns3,Sink.Traffic Received (bits),bits,bucket_sum,792.0,729344.0,672512.0,observed,observed,,,both_observed,56832.0,8.450704225352112
matlab,ns3,Sink.Traffic Received (bits),bits,bucket_sum,804.0,719872.0,738816.0,observed,observed,,,both_observed,-18944.0,-2.564102564102564
matlab,ns3,Sink.Traffic Received (bits),bits,bucket_sum,816.0,710400.0,710400.0,observed,observed,,,both_observed,0.0,0.0
matlab,ns3,Sink.Traffic Received (bits),bits,bucket_sum,828.0,681984.0,691456.0,observed,observed,,,both_observed,-9472.0,-1.36986301369863
matlab,ns3,Sink.Traffic Received (bits),bits,bucket_sum,840.0,743552.0,700928.0,observed,observed,,,both_observed,42624.0,6.081081081081082
matlab,ns3,Sink.Traffic Received (bits),bits,bucket_sum,852.0,762496.0,738816.0,observed,observed,,,both_observed,23680.0,3.205128205128205
matlab,ns3,Sink.Traffic Received (bits),bits,bucket_sum,864.0,672512.0,729344.0,observed,observed,,,both_observed,-56832.0,-7.792207792207792
matlab,ns3,Sink.Traffic Received (bits),bits,bucket_sum,876.0,757760.0,681984.0,observed,observed,,,both_observed,75776.0,11.11111111111111
matlab,ns3,Sink.Traffic Received (bits),bits,bucket_sum,888.0,691456.0,719872.0,observed,observed,,,both_observed,-28416.0,-3.9473684210526314
matlab,ns3,Sink.Traffic Received (bits),bits,bucket_sum,900.0,748288.0,696192.0,observed,observed,,,both_observed,52096.0,7.482993197278912
matlab,ns3,Sink.Traffic Received (bits),bits,bucket_sum,912.0,691456.0,677248.0,observed,observed,,,both_observed,14208.0,2.097902097902098
matlab,ns3,Sink.Traffic Received (bits),bits,bucket_sum,924.0,681984.0,691456.0,observed,observed,,,both_observed,-9472.0,-1.36986301369863
matlab,ns3,Sink.Traffic Received (bits),bits,bucket_sum,936.0,715136.0,767232.0,observed,observed,,,both_observed,-52096.0,-6.790123456790123
matlab,ns3,Sink.Traffic Received (bits),bits,bucket_sum,948.0,705664.0,724608.0,observed,observed,,,both_observed,-18944.0,-2.6143790849673203
matlab,ns3,Sink.Traffic Received (bits),bits,bucket_sum,960.0,663040.0,738816.0,observed,observed,,,both_observed,-75776.0,-10.256410256410255
matlab,ns3,Sink.Traffic Received (bits),bits,bucket_sum,972.0,644096.0,715136.0,observed,observed,,,both_observed,-71040.0,-9.933774834437086
matlab,ns3,Sink.Traffic Received (bits),bits,bucket_sum,984.0,681984.0,729344.0,observed,observed,,,both_observed,-47360.0,-6.493506493506493
matlab,ns3,Sink.Traffic Received (bits),bits,bucket_sum,996.0,715136.0,686720.0,observed,observed,,,both_observed,28416.0,4.137931034482759
matlab,ns3,Sink.Traffic Received (bits),bits,bucket_sum,1008.0,653568.0,729344.0,observed,observed,,,both_observed,-75776.0,-10.38961038961039
matlab,ns3,Sink.Traffic Received (bits),bits,bucket_sum,1020.0,681984.0,729344.0,observed,observed,,,both_observed,-47360.0,-6.493506493506493
matlab,ns3,Sink.Traffic Received (bits),bits,bucket_sum,1032.0,686720.0,681984.0,observed,observed,,,both_observed,4736.0,0.6944444444444444
matlab,ns3,Sink.Traffic Received (bits),bits,bucket_sum,1044.0,729344.0,757760.0,observed,observed,,,both_observed,-28416.0,-3.75
matlab,ns3,Sink.Traffic Received (bits),bits,bucket_sum,1056.0,738816.0,757760.0,observed,observed,,,both_observed,-18944.0,-2.5
matlab,ns3,Sink.Traffic Received (bits),bits,bucket_sum,1068.0,729344.0,748288.0,observed,observed,,,both_observed,-18944.0,-2.5316455696202533
matlab,ns3,Sink.Traffic Received (bits),bits,bucket_sum,1080.0,658304.0,729344.0,observed,observed,,,both_observed,-71040.0,-9.740259740259742
matlab,ns3,Sink.Traffic Received (bits),bits,bucket_sum,1092.0,724608.0,748288.0,observed,observed,,,both_observed,-23680.0,-3.1645569620253164
matlab,ns3,Sink.Traffic Received (bits),bits,bucket_sum,1104.0,743552.0,663040.0,observed,observed,,,both_observed,80512.0,12.142857142857142
matlab,ns3,Sink.Traffic Received (bits),bits,bucket_sum,1116.0,757760.0,681984.0,observed,observed,,,both_observed,75776.0,11.11111111111111
matlab,ns3,Sink.Traffic Received (bits),bits,bucket_sum,1128.0,762496.0,757760.0,observed,observed,,,both_observed,4736.0,0.625
matlab,ns3,Sink.Traffic Received (bits),bits,bucket_sum,1140.0,715136.0,715136.0,observed,observed,,,both_observed,0.0,0.0
matlab,ns3,Sink.Traffic Received (bits),bits,bucket_sum,1152.0,748288.0,710400.0,observed,observed,,,both_observed,37888.0,5.333333333333334
matlab,ns3,Sink.Traffic Received (bits),bits,bucket_sum,1164.0,786176.0,729344.0,observed,observed,,,both_observed,56832.0,7.792207792207792
matlab,ns3,Sink.Traffic Received (bits),bits,bucket_sum,1176.0,700928.0,686720.0,observed,observed,,,both_observed,14208.0,2.0689655172413794
matlab,ns3,Sink.Traffic Received (bits),bits,bucket_sum,1188.0,729344.0,743552.0,observed,observed,,,both_observed,-14208.0,-1.910828025477707
matlab,ns3,Sink.Traffic Received (bits),bits,bucket_sum,1200.0,776704.0,738816.0,observed,observed,,,both_observed,37888.0,5.128205128205128
matlab,ns3,Sink.End-to-End Delay (seconds),s,bucket_sample_mean,12.0,,,missing,missing,,,both_missing,,
matlab,ns3,Sink.End-to-End Delay (seconds),s,bucket_sample_mean,24.0,,,missing,missing,,,both_missing,,
matlab,ns3,Sink.End-to-End Delay (seconds),s,bucket_sample_mean,36.0,,,missing,missing,,,both_missing,,
matlab,ns3,Sink.End-to-End Delay (seconds),s,bucket_sample_mean,48.0,,,missing,missing,,,both_missing,,
matlab,ns3,Sink.End-to-End Delay (seconds),s,bucket_sample_mean,60.0,,,missing,missing,,,both_missing,,
matlab,ns3,Sink.End-to-End Delay (seconds),s,bucket_sample_mean,72.0,,,missing,missing,,,both_missing,,
matlab,ns3,Sink.End-to-End Delay (seconds),s,bucket_sample_mean,84.0,,,missing,missing,,,both_missing,,
matlab,ns3,Sink.End-to-End Delay (seconds),s,bucket_sample_mean,96.0,,,missing,missing,,,both_missing,,
matlab,ns3,Sink.End-to-End Delay (seconds),s,bucket_sample_mean,108.0,,,missing,missing,,,both_missing,,
matlab,ns3,Sink.End-to-End Delay (seconds),s,bucket_sample_mean,120.0,,,missing,missing,,,both_missing,,
matlab,ns3,Sink.End-to-End Delay (seconds),s,bucket_sample_mean,132.0,,,missing,missing,,,both_missing,,
matlab,ns3,Sink.End-to-End Delay (seconds),s,bucket_sample_mean,144.0,,,missing,missing,,,both_missing,,
matlab,ns3,Sink.End-to-End Delay (seconds),s,bucket_sample_mean,156.0,,,missing,missing,,,both_missing,,
matlab,ns3,Sink.End-to-End Delay (seconds),s,bucket_sample_mean,168.0,,,missing,missing,,,both_missing,,
matlab,ns3,Sink.End-to-End Delay (seconds),s,bucket_sample_mean,180.0,,,missing,missing,,,both_missing,,
matlab,ns3,Sink.End-to-End Delay (seconds),s,bucket_sample_mean,192.0,,,missing,missing,,,both_missing,,
matlab,ns3,Sink.End-to-End Delay (seconds),s,bucket_sample_mean,204.0,,,missing,missing,,,both_missing,,
matlab,ns3,Sink.End-to-End Delay (seconds),s,bucket_sample_mean,216.0,,,missing,missing,,,both_missing,,
matlab,ns3,Sink.End-to-End Delay (seconds),s,bucket_sample_mean,228.0,,,missing,missing,,,both_missing,,
matlab,ns3,Sink.End-to-End Delay (seconds),s,bucket_sample_mean,240.0,,,missing,missing,,,both_missing,,
matlab,ns3,Sink.End-to-End Delay (seconds),s,bucket_sample_mean,252.0,,,missing,missing,,,both_missing,,
matlab,ns3,Sink.End-to-End Delay (seconds),s,bucket_sample_mean,264.0,,,missing,missing,,,both_missing,,
matlab,ns3,Sink.End-to-End Delay (seconds),s,bucket_sample_mean,276.0,,,missing,missing,,,both_missing,,
matlab,ns3,Sink.End-to-End Delay (seconds),s,bucket_sample_mean,288.0,,,missing,missing,,,both_missing,,
matlab,ns3,Sink.End-to-End Delay (seconds),s,bucket_sample_mean,300.0,,,missing,missing,,,both_missing,,
matlab,ns3,Sink.End-to-End Delay (seconds),s,bucket_sample_mean,312.0,1.4400876538324896,1.35108927272727,observed,observed,,,both_observed,0.08899838110521952,6.587157703174561
matlab,ns3,Sink.End-to-End Delay (seconds),s,bucket_sample_mean,324.0,0.7836909047299324,0.9681234736842135,observed,observed,,,both_observed,-0.18443256895428106,-19.050521340260367
matlab,ns3,Sink.End-to-End Delay (seconds),s,bucket_sample_mean,336.0,0.796647636310964,1.0384801111111106,observed,observed,,,both_observed,-0.24183247480014658,-23.287155161922218
matlab,ns3,Sink.End-to-End Delay (seconds),s,bucket_sample_mean,348.0,0.86611818174328,0.9021106666666666,observed,observed,,,both_observed,-0.03599248492338658,-3.9898081525163858
matlab,ns3,Sink.End-to-End Delay (seconds),s,bucket_sample_mean,360.0,0.9073239999036817,0.8375984578313282,observed,observed,,,both_observed,0.06972554207235349,8.324459222726327
matlab,ns3,Sink.End-to-End Delay (seconds),s,bucket_sample_mean,372.0,0.8719637401421446,0.9382158918918877,observed,observed,,,both_observed,-0.06625215174974308,-7.061503895030744
matlab,ns3,Sink.End-to-End Delay (seconds),s,bucket_sample_mean,384.0,0.8616052901839251,0.8201871578947362,observed,observed,,,both_observed,0.04141813228918889,5.049839160552249
matlab,ns3,Sink.End-to-End Delay (seconds),s,bucket_sample_mean,396.0,0.8260101536856315,0.9657166582278446,observed,observed,,,both_observed,-0.13970650454221312,-14.466614337851851
matlab,ns3,Sink.End-to-End Delay (seconds),s,bucket_sample_mean,408.0,1.0703526954707852,0.9741294676258989,observed,observed,,,both_observed,0.09622322784488624,9.877868501339645
matlab,ns3,Sink.End-to-End Delay (seconds),s,bucket_sample_mean,420.0,0.8885065880321527,1.0248641342281908,observed,observed,,,both_observed,-0.13635754619603813,-13.304938834524332
matlab,ns3,Sink.End-to-End Delay (seconds),s,bucket_sample_mean,432.0,0.8845359203050583,1.0237839999999956,observed,observed,,,both_observed,-0.13924807969493724,-13.601314309946028
matlab,ns3,Sink.End-to-End Delay (seconds),s,bucket_sample_mean,444.0,1.163697629383927,0.8601866206896559,observed,observed,,,both_observed,0.30351100869427106,35.28432102918907
matlab,ns3,Sink.End-to-End Delay (seconds),s,bucket_sample_mean,456.0,0.944171532199985,1.1330087407407425,observed,observed,,,both_observed,-0.18883720854075758,-16.666880117561927
matlab,ns3,Sink.End-to-End Delay (seconds),s,bucket_sample_mean,468.0,0.8143891945167597,1.0037274666666622,observed,observed,,,both_observed,-0.1893382721499025,-18.86351409498508
matlab,ns3,Sink.End-to-End Delay (seconds),s,bucket_sample_mean,480.0,1.02242930581237,0.9953686896551666,observed,observed,,,both_observed,0.027060616157203343,2.718652539349833
matlab,ns3,Sink.End-to-End Delay (seconds),s,bucket_sample_mean,492.0,0.9714050807502549,0.9714164324324336,observed,observed,,,both_observed,-1.13516821786952e-05,-0.0011685701208770482
matlab,ns3,Sink.End-to-End Delay (seconds),s,bucket_sample_mean,504.0,1.0403766757035864,0.9673433548387064,observed,observed,,,both_observed,0.07303332086488001,7.5498860357662245
matlab,ns3,Sink.End-to-End Delay (seconds),s,bucket_sample_mean,516.0,1.0994891794846795,1.0257569577464765,observed,observed,,,both_observed,0.07373222173820304,7.188079123556529
matlab,ns3,Sink.End-to-End Delay (seconds),s,bucket_sample_mean,528.0,1.013355999646341,1.057659616438354,observed,observed,,,both_observed,-0.044303616792013,-4.18883505651889
matlab,ns3,Sink.End-to-End Delay (seconds),s,bucket_sample_mean,540.0,0.8884973330115122,1.103660592592592,observed,observed,,,both_observed,-0.21516325958107974,-19.49541924620531
matlab,ns3,Sink.End-to-End Delay (seconds),s,bucket_sample_mean,552.0,0.8404981460506813,0.9726769411764602,observed,observed,,,both_observed,-0.1321787951257789,-13.58917740621132
matlab,ns3,Sink.End-to-End Delay (seconds),s,bucket_sample_mean,564.0,0.9657834591999304,0.94150505263158,observed,observed,,,both_observed,0.02427840656835034,2.5786804330460362
matlab,ns3,Sink.End-to-End Delay (seconds),s,bucket_sample_mean,576.0,0.8815778559803921,0.9727293146853287,observed,observed,,,both_observed,-0.09115145870493668,-9.370691036943155
matlab,ns3,Sink.End-to-End Delay (seconds),s,bucket_sample_mean,588.0,0.9460623004558234,0.9875050526315813,observed,observed,,,both_observed,-0.04144275217575788,-4.196712924690154
matlab,ns3,Sink.End-to-End Delay (seconds),s,bucket_sample_mean,600.0,0.9273012601067401,1.0373856438356173,observed,observed,,,both_observed,-0.11008438372887719,-10.611712662790715
matlab,ns3,Sink.End-to-End Delay (seconds),s,bucket_sample_mean,612.0,0.8389929998639246,0.9743445479451995,observed,observed,,,both_observed,-0.13535154808127492,-13.89154877160431
matlab,ns3,Sink.End-to-End Delay (seconds),s,bucket_sample_mean,624.0,0.8013553771411577,1.0461838601398536,observed,observed,,,both_observed,-0.24482848299869597,-23.402051238485686
matlab,ns3,Sink.End-to-End Delay (seconds),s,bucket_sample_mean,636.0,0.8991090632176152,0.9461753513513382,observed,observed,,,both_observed,-0.047066288133723044,-4.974372674843246
matlab,ns3,Sink.End-to-End Delay (seconds),s,bucket_sample_mean,648.0,0.92549178519309,1.0493239999999913,observed,observed,,,both_observed,-0.12383221480690121,-11.80114195490642
matlab,ns3,Sink.End-to-End Delay (seconds),s,bucket_sample_mean,660.0,0.7718001212011814,0.9340723443708582,observed,observed,,,both_observed,-0.16227222316967682,-17.3725540797351
matlab,ns3,Sink.End-to-End Delay (seconds),s,bucket_sample_mean,672.0,0.9677573333528547,0.8669445063291129,observed,observed,,,both_observed,0.10081282702374184,11.6285213514544
matlab,ns3,Sink.End-to-End Delay (seconds),s,bucket_sample_mean,684.0,0.9188672000508026,1.0865555942029008,observed,observed,,,both_observed,-0.16768839415209824,-15.433024784628232
matlab,ns3,Sink.End-to-End Delay (seconds),s,bucket_sample_mean,696.0,0.9245903158709416,1.0082014193548312,observed,observed,,,both_observed,-0.08361110348388956,-8.2930951969294
matlab,ns3,Sink.End-to-End Delay (seconds),s,bucket_sample_mean,708.0,1.0364662223349361,0.9369841324503227,observed,observed,,,both_observed,0.09948208988461338,10.617265163760683
matlab,ns3,Sink.End-to-End Delay (seconds),s,bucket_sample_mean,720.0,0.9282975803910639,1.0639417142857124,observed,observed,,,both_observed,-0.13564413389464847,-12.749207223791812
matlab,ns3,Sink.End-to-End Delay (seconds),s,bucket_sample_mean,732.0,0.9365840001750538,0.9686638692810455,observed,observed,,,both_observed,-0.0320798691059917,-3.311764805453287
matlab,ns3,Sink.End-to-End Delay (seconds),s,bucket_sample_mean,744.0,0.910002082398013,0.8843775849056619,observed,observed,,,both_observed,0.025624497492351073,2.8974612122360024
matlab,ns3,Sink.End-to-End Delay (seconds),s,bucket_sample_mean,756.0,0.8855555002374047,0.8573331566264987,observed,observed,,,both_observed,0.02822234361090603,3.2918759052732205
matlab,ns3,Sink.End-to-End Delay (seconds),s,bucket_sample_mean,768.0,1.0125102939750807,0.9827935890411088,observed,observed,,,both_observed,0.029716704933971938,3.0236974747633334
matlab,ns3,Sink.End-to-End Delay (seconds),s,bucket_sample_mean,780.0,0.9088113888345346,0.9454474666666722,observed,observed,,,both_observed,-0.036636077832137626,-3.8749987835182464
matlab,ns3,Sink.End-to-End Delay (seconds),s,bucket_sample_mean,792.0,0.8643271172132351,1.007996394366186,observed,observed,,,both_observed,-0.14366927715295097,-14.252955462532999
matlab,ns3,Sink.End-to-End Delay (seconds),s,bucket_sample_mean,804.0,0.99018926351971,0.9375101538461538,observed,observed,,,both_observed,0.05267910967355627,5.619044173275264
matlab,ns3,Sink.End-to-End Delay (seconds),s,bucket_sample_mean,816.0,0.9813541337255469,0.9732608000000118,observed,observed,,,both_observed,0.008093333725535112,0.831568858576757
matlab,ns3,Sink.End-to-End Delay (seconds),s,bucket_sample_mean,828.0,1.0407162226457298,0.9805911232876734,observed,observed,,,both_observed,0.06012509935805643,6.131515769434279
matlab,ns3,Sink.End-to-End Delay (seconds),s,bucket_sample_mean,840.0,0.828499287079088,0.9942564324324308,observed,observed,,,both_observed,-0.16575714535334274,-16.67146823961911
matlab,ns3,Sink.End-to-End Delay (seconds),s,bucket_sample_mean,852.0,0.8853562986225465,0.9560998974358862,observed,observed,,,both_observed,-0.07074359881333969,-7.399184855375805
matlab,ns3,Sink.End-to-End Delay (seconds),s,bucket_sample_mean,864.0,0.9462499160095914,0.8810027012986981,observed,observed,,,both_observed,0.06524721471089334,7.406017554169986
matlab,ns3,Sink.End-to-End Delay (seconds),s,bucket_sample_mean,876.0,0.848015000548395,1.0382684444444383,observed,observed,,,both_observed,-0.19025344389604337,-18.324109233411704
matlab,ns3,Sink.End-to-End Delay (seconds),s,bucket_sample_mean,888.0,0.8824678361949911,0.9201871578947349,observed,observed,,,both_observed,-0.03771932169974379,-4.09909238312351
matlab,ns3,Sink.End-to-End Delay (seconds),s,bucket_sample_mean,900.0,0.9529569120027083,0.9941980136054476,observed,observed,,,both_observed,-0.041241101602739305,-4.148177831615145
matlab,ns3,Sink.End-to-End Delay (seconds),s,bucket_sample_mean,912.0,0.9332486581756368,0.9447119720279781,observed,observed,,,both_observed,-0.011463313852341228,-1.2134189246838227
matlab,ns3,Sink.End-to-End Delay (seconds),s,bucket_sample_mean,924.0,0.992657334005988,1.018344547945208,observed,observed,,,both_observed,-0.02568721393922002,-2.5224482215818886
matlab,ns3,Sink.End-to-End Delay (seconds),s,bucket_sample_mean,936.0,0.8526286364647405,0.8428644938271506,observed,observed,,,both_observed,0.009764142637589956,1.1584474976819141
matlab,ns3,Sink.End-to-End Delay (seconds),s,bucket_sample_mean,948.0,0.9925532624787358,0.9600429542483571,observed,observed,,,both_observed,0.032510308230378704,3.386338922286231
matlab,ns3,Sink.End-to-End Delay (seconds),s,bucket_sample_mean,960.0,1.0454417150511557,0.8808178461538398,observed,observed,,,both_observed,0.16462386889731584,18.68988799627061
matlab,ns3,Sink.End-to-End Delay (seconds),s,bucket_sample_mean,972.0,1.1530810596198682,0.883993403973508,observed,observed,,,both_observed,0.26908765564636017,30.440007180689815
matlab,ns3,Sink.End-to-End Delay (seconds),s,bucket_sample_mean,984.0,0.9573134452712418,0.9509507532467503,observed,observed,,,both_observed,0.0063626920244915786,0.6690874372587624
matlab,ns3,Sink.End-to-End Delay (seconds),s,bucket_sample_mean,996.0,0.8669706233745604,0.927927310344832,observed,observed,,,both_observed,-0.06095668697027157,-6.5691230649973145
matlab,ns3,Sink.End-to-End Delay (seconds),s,bucket_sample_mean,1008.0,1.1696570443677436,1.0410676363636344,observed,observed,,,both_observed,0.12858940800410923,12.35168624137253
matlab,ns3,Sink.End-to-End Delay (seconds),s,bucket_sample_mean,1020.0,1.0236884453653248,0.8210255584415536,observed,observed,,,both_observed,0.2026628869237712,24.684114256864294
matlab,ns3,Sink.End-to-End Delay (seconds),s,bucket_sample_mean,1032.0,0.9860514492048533,1.0413551111111121,observed,observed,,,both_observed,-0.055303661906258794,-5.310739949914925
matlab,ns3,Sink.End-to-End Delay (seconds),s,bucket_sample_mean,1044.0,0.8907819229400931,0.8517775000000156,observed,observed,,,both_observed,0.03900442294007744,4.579179767025629
matlab,ns3,Sink.End-to-End Delay (seconds),s,bucket_sample_mean,1056.0,0.8595870777138456,0.9606429999999975,observed,observed,,,both_observed,-0.1010559222861519,-10.519612622603002
matlab,ns3,Sink.End-to-End Delay (seconds),s,bucket_sample_mean,1068.0,0.8786359487667068,0.8551850126582164,observed,observed,,,both_observed,0.02345093610849036,2.742206161400863
matlab,ns3,Sink.End-to-End Delay (seconds),s,bucket_sample_mean,1080.0,0.9881798279779082,0.8667460779220725,observed,observed,,,both_observed,0.12143375005583568,14.010302803672284
matlab,ns3,Sink.End-to-End Delay (seconds),s,bucket_sample_mean,1092.0,0.9510863535070396,0.8835366582278654,observed,observed,,,both_observed,0.0675496952791742,7.645375508771821
matlab,ns3,Sink.End-to-End Delay (seconds),s,bucket_sample_mean,1104.0,0.874696484568583,1.0194702857142992,observed,observed,,,both_observed,-0.14477380114571625,-14.200884829544535
matlab,ns3,Sink.End-to-End Delay (seconds),s,bucket_sample_mean,1116.0,0.8586650004181052,0.955449000000011,observed,observed,,,both_observed,-0.09678399958190576,-10.129687673743407
matlab,ns3,Sink.End-to-End Delay (seconds),s,bucket_sample_mean,1128.0,0.8028830065562214,0.9397555000000211,observed,observed,,,both_observed,-0.1368724934437997,-14.564691927187088
matlab,ns3,Sink.End-to-End Delay (seconds),s,bucket_sample_mean,1140.0,0.917873669145347,0.8851650596026749,observed,observed,,,both_observed,0.032708609542672074,3.6951988996666936
matlab,ns3,Sink.End-to-End Delay (seconds),s,bucket_sample_mean,1152.0,0.9280964052622833,1.003863999999991,observed,observed,,,both_observed,-0.07576759473770767,-7.54759556450957
matlab,ns3,Sink.End-to-End Delay (seconds),s,bucket_sample_mean,1164.0,0.8423936386790534,0.916895688311682,observed,observed,,,both_observed,-0.07450204963262863,-8.125466242491807
matlab,ns3,Sink.End-to-End Delay (seconds),s,bucket_sample_mean,1176.0,0.9629018378879519,0.9667066206896505,observed,observed,,,both_observed,-0.003804782801698603,-0.39358195343528973
matlab,ns3,Sink.End-to-End Delay (seconds),s,bucket_sample_mean,1188.0,0.9385741298467698,0.9111558471337818,observed,observed,,,both_observed,0.027418282712987962,3.0091759603186996
matlab,ns3,Sink.End-to-End Delay (seconds),s,bucket_sample_mean,1200.0,0.8480835120967779,0.8122281025640807,observed,observed,,,both_observed,0.03585540953269717,4.414450745979742
