[NWK 8] ARL neighbor admission=disabled
[NWK 8] automatic_route_propagation=disabled
[NWK 8] Added route candidate dst=1 nextHop=2 hops=2 cost=1 linkCost=1 advCost=0 learnedFrom=16777215 selectionDeferred=0 selected=1
[NWK 8] Updated selected-route preference dst=1 preferredNextHop=2
[NWK 8] Selected route changed dst=1 reason=candidate update pendingDestinations=1
[NWK 8] routesProcess grouped selected-route changes count=1 infoChanged=0 time=0
[NWK 8] Best route dst=1 nextHop=2 cost=1 hops=2 learnedFrom=16777215 candidates=1 validCandidates=1
[NWK 8] Automatic route propagation disabled; reporting only
[HOP 8] link_control dest=7 neighborKnown=0 speed=8 txPower=30 rxPower=-105
[NWK 8] Added reverse path netSrc=7 reverseHop=7
[MAC 8] Enqueue ACK dest=7 seq=1 window=1 ack_queue_size=1
[NWK 8] CheckNwkQueue: size=1
[HOP 8] CanSendToHop dest=2 outstanding=0 threshold=0 effectiveWindow=1 pendingData=0 globalLimit=16 neighborOK=1 nodeOK=1 -> YES
[HOP 8] link_control dest=2 neighborKnown=0 speed=8 txPower=30 rxPower=-105
[HOP 8] Pending DATA increment dest=2 pending=1
[HOP 8] TX Pairwise16 DATA neighbor=2 hopSeq=1 securityCount=1
[MAC] Enqueue TX pkt dscp=0 insert_pos=0 queue_size_before=0
[HOP 8] link_control dest=7 neighborKnown=0 speed=8 txPower=30 rxPower=-105
[NWK 8] Updated reverse path netSrc=7 reverseHop=7
[MAC 8] Update cumulative ACK queue entry dest=7 baseSeq=2 txCount=0
[NWK 8] CheckNwkQueue: size=1
[HOP 8] CanSendToHop dest=2 outstanding=1 threshold=0 effectiveWindow=1 pendingData=1 globalLimit=16 neighborOK=0 nodeOK=1 -> NO
[HOP 8] link_control dest=7 neighborKnown=0 speed=8 txPower=30 rxPower=-105
[NWK 8] Updated reverse path netSrc=7 reverseHop=7
[MAC 8] Update cumulative ACK queue entry dest=7 baseSeq=3 txCount=0
[NWK 8] CheckNwkQueue: size=2
[HOP 8] CanSendToHop dest=2 outstanding=1 threshold=0 effectiveWindow=1 pendingData=1 globalLimit=16 neighborOK=0 nodeOK=1 -> NO
[HOP 8] CanSendToHop dest=2 outstanding=1 threshold=0 effectiveWindow=1 pendingData=1 globalLimit=16 neighborOK=0 nodeOK=1 -> NO
[HOP 8] link_control dest=7 neighborKnown=0 speed=8 txPower=30 rxPower=-105
[NWK 8] Updated reverse path netSrc=7 reverseHop=7
[MAC 8] Update cumulative ACK queue entry dest=7 baseSeq=4 txCount=0
[NWK 8] CheckNwkQueue: size=3
[HOP 8] CanSendToHop dest=2 outstanding=1 threshold=0 effectiveWindow=1 pendingData=1 globalLimit=16 neighborOK=0 nodeOK=1 -> NO
[HOP 8] CanSendToHop dest=2 outstanding=1 threshold=0 effectiveWindow=1 pendingData=1 globalLimit=16 neighborOK=0 nodeOK=1 -> NO
[HOP 8] CanSendToHop dest=2 outstanding=1 threshold=0 effectiveWindow=1 pendingData=1 globalLimit=16 neighborOK=0 nodeOK=1 -> NO
[HOP 8] link_control dest=7 neighborKnown=0 speed=8 txPower=30 rxPower=-105
[NWK 8] Updated reverse path netSrc=7 reverseHop=7
[MAC 8] Update cumulative ACK queue entry dest=7 baseSeq=5 txCount=0
[NWK 8] CheckNwkQueue: size=4
[HOP 8] CanSendToHop dest=2 outstanding=1 threshold=0 effectiveWindow=1 pendingData=1 globalLimit=16 neighborOK=0 nodeOK=1 -> NO
[HOP 8] CanSendToHop dest=2 outstanding=1 threshold=0 effectiveWindow=1 pendingData=1 globalLimit=16 neighborOK=0 nodeOK=1 -> NO
[HOP 8] CanSendToHop dest=2 outstanding=1 threshold=0 effectiveWindow=1 pendingData=1 globalLimit=16 neighborOK=0 nodeOK=1 -> NO
[HOP 8] CanSendToHop dest=2 outstanding=1 threshold=0 effectiveWindow=1 pendingData=1 globalLimit=16 neighborOK=0 nodeOK=1 -> NO
[HOP 8] link_control dest=7 neighborKnown=0 speed=8 txPower=30 rxPower=-105
[NWK 8] Updated reverse path netSrc=7 reverseHop=7
[MAC 8] Update cumulative ACK queue entry dest=7 baseSeq=6 txCount=0
[NWK 8] CheckNwkQueue: size=5
[HOP 8] CanSendToHop dest=2 outstanding=1 threshold=0 effectiveWindow=1 pendingData=1 globalLimit=16 neighborOK=0 nodeOK=1 -> NO
[HOP 8] CanSendToHop dest=2 outstanding=1 threshold=0 effectiveWindow=1 pendingData=1 globalLimit=16 neighborOK=0 nodeOK=1 -> NO
[HOP 8] CanSendToHop dest=2 outstanding=1 threshold=0 effectiveWindow=1 pendingData=1 globalLimit=16 neighborOK=0 nodeOK=1 -> NO
[HOP 8] CanSendToHop dest=2 outstanding=1 threshold=0 effectiveWindow=1 pendingData=1 globalLimit=16 neighborOK=0 nodeOK=1 -> NO
[HOP 8] CanSendToHop dest=2 outstanding=1 threshold=0 effectiveWindow=1 pendingData=1 globalLimit=16 neighborOK=0 nodeOK=1 -> NO
[HOP 8] link_control dest=7 neighborKnown=0 speed=8 txPower=30 rxPower=-105
[NWK 8] Updated reverse path netSrc=7 reverseHop=7
[MAC 8] Update cumulative ACK queue entry dest=7 baseSeq=7 txCount=0
[NWK 8] CheckNwkQueue: size=6
[HOP 8] CanSendToHop dest=2 outstanding=1 threshold=0 effectiveWindow=1 pendingData=1 globalLimit=16 neighborOK=0 nodeOK=1 -> NO
[HOP 8] CanSendToHop dest=2 outstanding=1 threshold=0 effectiveWindow=1 pendingData=1 globalLimit=16 neighborOK=0 nodeOK=1 -> NO
[HOP 8] CanSendToHop dest=2 outstanding=1 threshold=0 effectiveWindow=1 pendingData=1 globalLimit=16 neighborOK=0 nodeOK=1 -> NO
[HOP 8] CanSendToHop dest=2 outstanding=1 threshold=0 effectiveWindow=1 pendingData=1 globalLimit=16 neighborOK=0 nodeOK=1 -> NO
[HOP 8] CanSendToHop dest=2 outstanding=1 threshold=0 effectiveWindow=1 pendingData=1 globalLimit=16 neighborOK=0 nodeOK=1 -> NO
[HOP 8] CanSendToHop dest=2 outstanding=1 threshold=0 effectiveWindow=1 pendingData=1 globalLimit=16 neighborOK=0 nodeOK=1 -> NO
[HOP 8] link_control dest=7 neighborKnown=0 speed=8 txPower=30 rxPower=-105
[NWK 8] Updated reverse path netSrc=7 reverseHop=7
[MAC 8] Update cumulative ACK queue entry dest=7 baseSeq=8 txCount=0
[NWK 8] CheckNwkQueue: size=7
[HOP 8] CanSendToHop dest=2 outstanding=1 threshold=0 effectiveWindow=1 pendingData=1 globalLimit=16 neighborOK=0 nodeOK=1 -> NO
[HOP 8] CanSendToHop dest=2 outstanding=1 threshold=0 effectiveWindow=1 pendingData=1 globalLimit=16 neighborOK=0 nodeOK=1 -> NO
[HOP 8] CanSendToHop dest=2 outstanding=1 threshold=0 effectiveWindow=1 pendingData=1 globalLimit=16 neighborOK=0 nodeOK=1 -> NO
[HOP 8] CanSendToHop dest=2 outstanding=1 threshold=0 effectiveWindow=1 pendingData=1 globalLimit=16 neighborOK=0 nodeOK=1 -> NO
[HOP 8] CanSendToHop dest=2 outstanding=1 threshold=0 effectiveWindow=1 pendingData=1 globalLimit=16 neighborOK=0 nodeOK=1 -> NO
[HOP 8] CanSendToHop dest=2 outstanding=1 threshold=0 effectiveWindow=1 pendingData=1 globalLimit=16 neighborOK=0 nodeOK=1 -> NO
[HOP 8] CanSendToHop dest=2 outstanding=1 threshold=0 effectiveWindow=1 pendingData=1 globalLimit=16 neighborOK=0 nodeOK=1 -> NO
[HOP 8] link_control dest=7 neighborKnown=0 speed=8 txPower=30 rxPower=-105
[NWK 8] Updated reverse path netSrc=7 reverseHop=7
[MAC 8] Update cumulative ACK queue entry dest=7 baseSeq=9 txCount=0
[NWK 8] CheckNwkQueue: size=8
[HOP 8] CanSendToHop dest=2 outstanding=1 threshold=0 effectiveWindow=1 pendingData=1 globalLimit=16 neighborOK=0 nodeOK=1 -> NO
[HOP 8] CanSendToHop dest=2 outstanding=1 threshold=0 effectiveWindow=1 pendingData=1 globalLimit=16 neighborOK=0 nodeOK=1 -> NO
[HOP 8] CanSendToHop dest=2 outstanding=1 threshold=0 effectiveWindow=1 pendingData=1 globalLimit=16 neighborOK=0 nodeOK=1 -> NO
[HOP 8] CanSendToHop dest=2 outstanding=1 threshold=0 effectiveWindow=1 pendingData=1 globalLimit=16 neighborOK=0 nodeOK=1 -> NO
[HOP 8] CanSendToHop dest=2 outstanding=1 threshold=0 effectiveWindow=1 pendingData=1 globalLimit=16 neighborOK=0 nodeOK=1 -> NO
[HOP 8] CanSendToHop dest=2 outstanding=1 threshold=0 effectiveWindow=1 pendingData=1 globalLimit=16 neighborOK=0 nodeOK=1 -> NO
[HOP 8] CanSendToHop dest=2 outstanding=1 threshold=0 effectiveWindow=1 pendingData=1 globalLimit=16 neighborOK=0 nodeOK=1 -> NO
[HOP 8] CanSendToHop dest=2 outstanding=1 threshold=0 effectiveWindow=1 pendingData=1 globalLimit=16 neighborOK=0 nodeOK=1 -> NO
[HOP 8] link_control dest=7 neighborKnown=0 speed=8 txPower=30 rxPower=-105
[NWK 8] Updated reverse path netSrc=7 reverseHop=7
[MAC 8] Update cumulative ACK queue entry dest=7 baseSeq=10 txCount=0
[NWK 8] CheckNwkQueue: size=9
[HOP 8] CanSendToHop dest=2 outstanding=1 threshold=0 effectiveWindow=1 pendingData=1 globalLimit=16 neighborOK=0 nodeOK=1 -> NO
[HOP 8] CanSendToHop dest=2 outstanding=1 threshold=0 effectiveWindow=1 pendingData=1 globalLimit=16 neighborOK=0 nodeOK=1 -> NO
[HOP 8] CanSendToHop dest=2 outstanding=1 threshold=0 effectiveWindow=1 pendingData=1 globalLimit=16 neighborOK=0 nodeOK=1 -> NO
[HOP 8] CanSendToHop dest=2 outstanding=1 threshold=0 effectiveWindow=1 pendingData=1 globalLimit=16 neighborOK=0 nodeOK=1 -> NO
[HOP 8] CanSendToHop dest=2 outstanding=1 threshold=0 effectiveWindow=1 pendingData=1 globalLimit=16 neighborOK=0 nodeOK=1 -> NO
[HOP 8] CanSendToHop dest=2 outstanding=1 threshold=0 effectiveWindow=1 pendingData=1 globalLimit=16 neighborOK=0 nodeOK=1 -> NO
[HOP 8] CanSendToHop dest=2 outstanding=1 threshold=0 effectiveWindow=1 pendingData=1 globalLimit=16 neighborOK=0 nodeOK=1 -> NO
[HOP 8] CanSendToHop dest=2 outstanding=1 threshold=0 effectiveWindow=1 pendingData=1 globalLimit=16 neighborOK=0 nodeOK=1 -> NO
[HOP 8] CanSendToHop dest=2 outstanding=1 threshold=0 effectiveWindow=1 pendingData=1 globalLimit=16 neighborOK=0 nodeOK=1 -> NO
[HOP 8] link_control dest=7 neighborKnown=0 speed=8 txPower=30 rxPower=-105
[NWK 8] Updated reverse path netSrc=7 reverseHop=7
[MAC 8] Update cumulative ACK queue entry dest=7 baseSeq=11 txCount=0
[NWK 8] CheckNwkQueue: size=10
[HOP 8] CanSendToHop dest=2 outstanding=1 threshold=0 effectiveWindow=1 pendingData=1 globalLimit=16 neighborOK=0 nodeOK=1 -> NO
[HOP 8] CanSendToHop dest=2 outstanding=1 threshold=0 effectiveWindow=1 pendingData=1 globalLimit=16 neighborOK=0 nodeOK=1 -> NO
[HOP 8] CanSendToHop dest=2 outstanding=1 threshold=0 effectiveWindow=1 pendingData=1 globalLimit=16 neighborOK=0 nodeOK=1 -> NO
[HOP 8] CanSendToHop dest=2 outstanding=1 threshold=0 effectiveWindow=1 pendingData=1 globalLimit=16 neighborOK=0 nodeOK=1 -> NO
[HOP 8] CanSendToHop dest=2 outstanding=1 threshold=0 effectiveWindow=1 pendingData=1 globalLimit=16 neighborOK=0 nodeOK=1 -> NO
[HOP 8] CanSendToHop dest=2 outstanding=1 threshold=0 effectiveWindow=1 pendingData=1 globalLimit=16 neighborOK=0 nodeOK=1 -> NO
[HOP 8] CanSendToHop dest=2 outstanding=1 threshold=0 effectiveWindow=1 pendingData=1 globalLimit=16 neighborOK=0 nodeOK=1 -> NO
[HOP 8] CanSendToHop dest=2 outstanding=1 threshold=0 effectiveWindow=1 pendingData=1 globalLimit=16 neighborOK=0 nodeOK=1 -> NO
[HOP 8] CanSendToHop dest=2 outstanding=1 threshold=0 effectiveWindow=1 pendingData=1 globalLimit=16 neighborOK=0 nodeOK=1 -> NO
[HOP 8] CanSendToHop dest=2 outstanding=1 threshold=0 effectiveWindow=1 pendingData=1 globalLimit=16 neighborOK=0 nodeOK=1 -> NO
[HOP 8] link_control dest=7 neighborKnown=0 speed=8 txPower=30 rxPower=-105
[NWK 8] Updated reverse path netSrc=7 reverseHop=7
[MAC 8] Update cumulative ACK queue entry dest=7 baseSeq=12 txCount=0
[NWK 8] CheckNwkQueue: size=11
[HOP 8] CanSendToHop dest=2 outstanding=1 threshold=0 effectiveWindow=1 pendingData=1 globalLimit=16 neighborOK=0 nodeOK=1 -> NO
[HOP 8] CanSendToHop dest=2 outstanding=1 threshold=0 effectiveWindow=1 pendingData=1 globalLimit=16 neighborOK=0 nodeOK=1 -> NO
[HOP 8] CanSendToHop dest=2 outstanding=1 threshold=0 effectiveWindow=1 pendingData=1 globalLimit=16 neighborOK=0 nodeOK=1 -> NO
[HOP 8] CanSendToHop dest=2 outstanding=1 threshold=0 effectiveWindow=1 pendingData=1 globalLimit=16 neighborOK=0 nodeOK=1 -> NO
[HOP 8] CanSendToHop dest=2 outstanding=1 threshold=0 effectiveWindow=1 pendingData=1 globalLimit=16 neighborOK=0 nodeOK=1 -> NO
[HOP 8] CanSendToHop dest=2 outstanding=1 threshold=0 effectiveWindow=1 pendingData=1 globalLimit=16 neighborOK=0 nodeOK=1 -> NO
[HOP 8] CanSendToHop dest=2 outstanding=1 threshold=0 effectiveWindow=1 pendingData=1 globalLimit=16 neighborOK=0 nodeOK=1 -> NO
[HOP 8] CanSendToHop dest=2 outstanding=1 threshold=0 effectiveWindow=1 pendingData=1 globalLimit=16 neighborOK=0 nodeOK=1 -> NO
[HOP 8] CanSendToHop dest=2 outstanding=1 threshold=0 effectiveWindow=1 pendingData=1 globalLimit=16 neighborOK=0 nodeOK=1 -> NO
[HOP 8] CanSendToHop dest=2 outstanding=1 threshold=0 effectiveWindow=1 pendingData=1 globalLimit=16 neighborOK=0 nodeOK=1 -> NO
[HOP 8] CanSendToHop dest=2 outstanding=1 threshold=0 effectiveWindow=1 pendingData=1 globalLimit=16 neighborOK=0 nodeOK=1 -> NO
[HOP 8] link_control dest=7 neighborKnown=0 speed=8 txPower=30 rxPower=-105
[NWK 8] Updated reverse path netSrc=7 reverseHop=7
[MAC 8] Update cumulative ACK queue entry dest=7 baseSeq=13 txCount=0
[NWK 8] CheckNwkQueue: size=12
[HOP 8] CanSendToHop dest=2 outstanding=1 threshold=0 effectiveWindow=1 pendingData=1 globalLimit=16 neighborOK=0 nodeOK=1 -> NO
[HOP 8] CanSendToHop dest=2 outstanding=1 threshold=0 effectiveWindow=1 pendingData=1 globalLimit=16 neighborOK=0 nodeOK=1 -> NO
[HOP 8] CanSendToHop dest=2 outstanding=1 threshold=0 effectiveWindow=1 pendingData=1 globalLimit=16 neighborOK=0 nodeOK=1 -> NO
[HOP 8] CanSendToHop dest=2 outstanding=1 threshold=0 effectiveWindow=1 pendingData=1 globalLimit=16 neighborOK=0 nodeOK=1 -> NO
[HOP 8] CanSendToHop dest=2 outstanding=1 threshold=0 effectiveWindow=1 pendingData=1 globalLimit=16 neighborOK=0 nodeOK=1 -> NO
[HOP 8] CanSendToHop dest=2 outstanding=1 threshold=0 effectiveWindow=1 pendingData=1 globalLimit=16 neighborOK=0 nodeOK=1 -> NO
[HOP 8] CanSendToHop dest=2 outstanding=1 threshold=0 effectiveWindow=1 pendingData=1 globalLimit=16 neighborOK=0 nodeOK=1 -> NO
[HOP 8] CanSendToHop dest=2 outstanding=1 threshold=0 effectiveWindow=1 pendingData=1 globalLimit=16 neighborOK=0 nodeOK=1 -> NO
[HOP 8] CanSendToHop dest=2 outstanding=1 threshold=0 effectiveWindow=1 pendingData=1 globalLimit=16 neighborOK=0 nodeOK=1 -> NO
[HOP 8] CanSendToHop dest=2 outstanding=1 threshold=0 effectiveWindow=1 pendingData=1 globalLimit=16 neighborOK=0 nodeOK=1 -> NO
[HOP 8] CanSendToHop dest=2 outstanding=1 threshold=0 effectiveWindow=1 pendingData=1 globalLimit=16 neighborOK=0 nodeOK=1 -> NO
[HOP 8] CanSendToHop dest=2 outstanding=1 threshold=0 effectiveWindow=1 pendingData=1 globalLimit=16 neighborOK=0 nodeOK=1 -> NO
[HOP 8] link_control dest=7 neighborKnown=0 speed=8 txPower=30 rxPower=-105
[NWK 8] Updated reverse path netSrc=7 reverseHop=7
[MAC 8] Update cumulative ACK queue entry dest=7 baseSeq=14 txCount=0
[NWK 8] CheckNwkQueue: size=13
[HOP 8] CanSendToHop dest=2 outstanding=1 threshold=0 effectiveWindow=1 pendingData=1 globalLimit=16 neighborOK=0 nodeOK=1 -> NO
[HOP 8] CanSendToHop dest=2 outstanding=1 threshold=0 effectiveWindow=1 pendingData=1 globalLimit=16 neighborOK=0 nodeOK=1 -> NO
[HOP 8] CanSendToHop dest=2 outstanding=1 threshold=0 effectiveWindow=1 pendingData=1 globalLimit=16 neighborOK=0 nodeOK=1 -> NO
[HOP 8] CanSendToHop dest=2 outstanding=1 threshold=0 effectiveWindow=1 pendingData=1 globalLimit=16 neighborOK=0 nodeOK=1 -> NO
[HOP 8] CanSendToHop dest=2 outstanding=1 threshold=0 effectiveWindow=1 pendingData=1 globalLimit=16 neighborOK=0 nodeOK=1 -> NO
[HOP 8] CanSendToHop dest=2 outstanding=1 threshold=0 effectiveWindow=1 pendingData=1 globalLimit=16 neighborOK=0 nodeOK=1 -> NO
[HOP 8] CanSendToHop dest=2 outstanding=1 threshold=0 effectiveWindow=1 pendingData=1 globalLimit=16 neighborOK=0 nodeOK=1 -> NO
[HOP 8] CanSendToHop dest=2 outstanding=1 threshold=0 effectiveWindow=1 pendingData=1 globalLimit=16 neighborOK=0 nodeOK=1 -> NO
[HOP 8] CanSendToHop dest=2 outstanding=1 threshold=0 effectiveWindow=1 pendingData=1 globalLimit=16 neighborOK=0 nodeOK=1 -> NO
[HOP 8] CanSendToHop dest=2 outstanding=1 threshold=0 effectiveWindow=1 pendingData=1 globalLimit=16 neighborOK=0 nodeOK=1 -> NO
[HOP 8] CanSendToHop dest=2 outstanding=1 threshold=0 effectiveWindow=1 pendingData=1 globalLimit=16 neighborOK=0 nodeOK=1 -> NO
[HOP 8] CanSendToHop dest=2 outstanding=1 threshold=0 effectiveWindow=1 pendingData=1 globalLimit=16 neighborOK=0 nodeOK=1 -> NO
[HOP 8] CanSendToHop dest=2 outstanding=1 threshold=0 effectiveWindow=1 pendingData=1 globalLimit=16 neighborOK=0 nodeOK=1 -> NO
[HOP 8] link_control dest=7 neighborKnown=0 speed=8 txPower=30 rxPower=-105
[NWK 8] Updated reverse path netSrc=7 reverseHop=7
[MAC 8] Update cumulative ACK queue entry dest=7 baseSeq=15 txCount=0
[NWK 8] CheckNwkQueue: size=14
[HOP 8] CanSendToHop dest=2 outstanding=1 threshold=0 effectiveWindow=1 pendingData=1 globalLimit=16 neighborOK=0 nodeOK=1 -> NO
[HOP 8] CanSendToHop dest=2 outstanding=1 threshold=0 effectiveWindow=1 pendingData=1 globalLimit=16 neighborOK=0 nodeOK=1 -> NO
[HOP 8] CanSendToHop dest=2 outstanding=1 threshold=0 effectiveWindow=1 pendingData=1 globalLimit=16 neighborOK=0 nodeOK=1 -> NO
[HOP 8] CanSendToHop dest=2 outstanding=1 threshold=0 effectiveWindow=1 pendingData=1 globalLimit=16 neighborOK=0 nodeOK=1 -> NO
[HOP 8] CanSendToHop dest=2 outstanding=1 threshold=0 effectiveWindow=1 pendingData=1 globalLimit=16 neighborOK=0 nodeOK=1 -> NO
[HOP 8] CanSendToHop dest=2 outstanding=1 threshold=0 effectiveWindow=1 pendingData=1 globalLimit=16 neighborOK=0 nodeOK=1 -> NO
[HOP 8] CanSendToHop dest=2 outstanding=1 threshold=0 effectiveWindow=1 pendingData=1 globalLimit=16 neighborOK=0 nodeOK=1 -> NO
[HOP 8] CanSendToHop dest=2 outstanding=1 threshold=0 effectiveWindow=1 pendingData=1 globalLimit=16 neighborOK=0 nodeOK=1 -> NO
[HOP 8] CanSendToHop dest=2 outstanding=1 threshold=0 effectiveWindow=1 pendingData=1 globalLimit=16 neighborOK=0 nodeOK=1 -> NO
[HOP 8] CanSendToHop dest=2 outstanding=1 threshold=0 effectiveWindow=1 pendingData=1 globalLimit=16 neighborOK=0 nodeOK=1 -> NO
[HOP 8] CanSendToHop dest=2 outstanding=1 threshold=0 effectiveWindow=1 pendingData=1 globalLimit=16 neighborOK=0 nodeOK=1 -> NO
[HOP 8] CanSendToHop dest=2 outstanding=1 threshold=0 effectiveWindow=1 pendingData=1 globalLimit=16 neighborOK=0 nodeOK=1 -> NO
[HOP 8] CanSendToHop dest=2 outstanding=1 threshold=0 effectiveWindow=1 pendingData=1 globalLimit=16 neighborOK=0 nodeOK=1 -> NO
[HOP 8] CanSendToHop dest=2 outstanding=1 threshold=0 effectiveWindow=1 pendingData=1 globalLimit=16 neighborOK=0 nodeOK=1 -> NO
[HOP 8] link_control dest=7 neighborKnown=0 speed=8 txPower=30 rxPower=-105
[NWK 8] Updated reverse path netSrc=7 reverseHop=7
[MAC 8] Update cumulative ACK queue entry dest=7 baseSeq=16 txCount=0
[NWK 8] CheckNwkQueue: size=15
[HOP 8] CanSendToHop dest=2 outstanding=1 threshold=0 effectiveWindow=1 pendingData=1 globalLimit=16 neighborOK=0 nodeOK=1 -> NO
[HOP 8] CanSendToHop dest=2 outstanding=1 threshold=0 effectiveWindow=1 pendingData=1 globalLimit=16 neighborOK=0 nodeOK=1 -> NO
[HOP 8] CanSendToHop dest=2 outstanding=1 threshold=0 effectiveWindow=1 pendingData=1 globalLimit=16 neighborOK=0 nodeOK=1 -> NO
[HOP 8] CanSendToHop dest=2 outstanding=1 threshold=0 effectiveWindow=1 pendingData=1 globalLimit=16 neighborOK=0 nodeOK=1 -> NO
[HOP 8] CanSendToHop dest=2 outstanding=1 threshold=0 effectiveWindow=1 pendingData=1 globalLimit=16 neighborOK=0 nodeOK=1 -> NO
[HOP 8] CanSendToHop dest=2 outstanding=1 threshold=0 effectiveWindow=1 pendingData=1 globalLimit=16 neighborOK=0 nodeOK=1 -> NO
[HOP 8] CanSendToHop dest=2 outstanding=1 threshold=0 effectiveWindow=1 pendingData=1 globalLimit=16 neighborOK=0 nodeOK=1 -> NO
[HOP 8] CanSendToHop dest=2 outstanding=1 threshold=0 effectiveWindow=1 pendingData=1 globalLimit=16 neighborOK=0 nodeOK=1 -> NO
[HOP 8] CanSendToHop dest=2 outstanding=1 threshold=0 effectiveWindow=1 pendingData=1 globalLimit=16 neighborOK=0 nodeOK=1 -> NO
[HOP 8] CanSendToHop dest=2 outstanding=1 threshold=0 effectiveWindow=1 pendingData=1 globalLimit=16 neighborOK=0 nodeOK=1 -> NO
[HOP 8] CanSendToHop dest=2 outstanding=1 threshold=0 effectiveWindow=1 pendingData=1 globalLimit=16 neighborOK=0 nodeOK=1 -> NO
[HOP 8] CanSendToHop dest=2 outstanding=1 threshold=0 effectiveWindow=1 pendingData=1 globalLimit=16 neighborOK=0 nodeOK=1 -> NO
[HOP 8] CanSendToHop dest=2 outstanding=1 threshold=0 effectiveWindow=1 pendingData=1 globalLimit=16 neighborOK=0 nodeOK=1 -> NO
[HOP 8] CanSendToHop dest=2 outstanding=1 threshold=0 effectiveWindow=1 pendingData=1 globalLimit=16 neighborOK=0 nodeOK=1 -> NO
[HOP 8] CanSendToHop dest=2 outstanding=1 threshold=0 effectiveWindow=1 pendingData=1 globalLimit=16 neighborOK=0 nodeOK=1 -> NO
[HOP 8] link_control dest=7 neighborKnown=0 speed=8 txPower=30 rxPower=-105
[NWK 8] Updated reverse path netSrc=7 reverseHop=7
[MAC 8] Update cumulative ACK queue entry dest=7 baseSeq=17 txCount=0
[NWK 8] CheckNwkQueue: size=16
[HOP 8] CanSendToHop dest=2 outstanding=1 threshold=0 effectiveWindow=1 pendingData=1 globalLimit=16 neighborOK=0 nodeOK=1 -> NO
[HOP 8] CanSendToHop dest=2 outstanding=1 threshold=0 effectiveWindow=1 pendingData=1 globalLimit=16 neighborOK=0 nodeOK=1 -> NO
[HOP 8] CanSendToHop dest=2 outstanding=1 threshold=0 effectiveWindow=1 pendingData=1 globalLimit=16 neighborOK=0 nodeOK=1 -> NO
[HOP 8] CanSendToHop dest=2 outstanding=1 threshold=0 effectiveWindow=1 pendingData=1 globalLimit=16 neighborOK=0 nodeOK=1 -> NO
[HOP 8] CanSendToHop dest=2 outstanding=1 threshold=0 effectiveWindow=1 pendingData=1 globalLimit=16 neighborOK=0 nodeOK=1 -> NO
[HOP 8] CanSendToHop dest=2 outstanding=1 threshold=0 effectiveWindow=1 pendingData=1 globalLimit=16 neighborOK=0 nodeOK=1 -> NO
[HOP 8] CanSendToHop dest=2 outstanding=1 threshold=0 effectiveWindow=1 pendingData=1 globalLimit=16 neighborOK=0 nodeOK=1 -> NO
[HOP 8] CanSendToHop dest=2 outstanding=1 threshold=0 effectiveWindow=1 pendingData=1 globalLimit=16 neighborOK=0 nodeOK=1 -> NO
[HOP 8] CanSendToHop dest=2 outstanding=1 threshold=0 effectiveWindow=1 pendingData=1 globalLimit=16 neighborOK=0 nodeOK=1 -> NO
[HOP 8] CanSendToHop dest=2 outstanding=1 threshold=0 effectiveWindow=1 pendingData=1 globalLimit=16 neighborOK=0 nodeOK=1 -> NO
[HOP 8] CanSendToHop dest=2 outstanding=1 threshold=0 effectiveWindow=1 pendingData=1 globalLimit=16 neighborOK=0 nodeOK=1 -> NO
[HOP 8] CanSendToHop dest=2 outstanding=1 threshold=0 effectiveWindow=1 pendingData=1 globalLimit=16 neighborOK=0 nodeOK=1 -> NO
[HOP 8] CanSendToHop dest=2 outstanding=1 threshold=0 effectiveWindow=1 pendingData=1 globalLimit=16 neighborOK=0 nodeOK=1 -> NO
[HOP 8] CanSendToHop dest=2 outstanding=1 threshold=0 effectiveWindow=1 pendingData=1 globalLimit=16 neighborOK=0 nodeOK=1 -> NO
[HOP 8] CanSendToHop dest=2 outstanding=1 threshold=0 effectiveWindow=1 pendingData=1 globalLimit=16 neighborOK=0 nodeOK=1 -> NO
[HOP 8] CanSendToHop dest=2 outstanding=1 threshold=0 effectiveWindow=1 pendingData=1 globalLimit=16 neighborOK=0 nodeOK=1 -> NO
[NWK 8] ARL neighbor admission=disabled
[NWK 8] automatic_route_propagation=disabled
[NWK 8] Added route candidate dst=1 nextHop=2 hops=2 cost=1 linkCost=1 advCost=0 learnedFrom=16777215 selectionDeferred=0 selected=1
[NWK 8] Updated selected-route preference dst=1 preferredNextHop=2
[NWK 8] Selected route changed dst=1 reason=candidate update pendingDestinations=1
[NWK 8] routesProcess grouped selected-route changes count=1 infoChanged=0 time=0
[NWK 8] Best route dst=1 nextHop=2 cost=1 hops=2 learnedFrom=16777215 candidates=1 validCandidates=1
[NWK 8] Automatic route propagation disabled; reporting only
[NWK 8] NSDP(8->1) incremented to 1
[NWK 8] CheckNwkQueue: size=1
[HOP 8] CanSendToHop dest=2 outstanding=0 threshold=0 effectiveWindow=1 pendingData=0 globalLimit=16 neighborOK=1 nodeOK=1 -> YES
[HOP 8] link_control dest=2 neighborKnown=0 speed=8 txPower=30 rxPower=-105
[HOP 8] Pending DATA increment dest=2 pending=1
[HOP 8] TX Pairwise16 DATA neighbor=2 hopSeq=1 securityCount=1
[MAC] Enqueue TX pkt dscp=0 insert_pos=0 queue_size_before=0
[NWK 8] NSDP(8->1) incremented to 2
[NWK 8] CheckNwkQueue: size=1
[HOP 8] CanSendToHop dest=2 outstanding=1 threshold=0 effectiveWindow=1 pendingData=1 globalLimit=16 neighborOK=0 nodeOK=1 -> NO
[NWK 8] NSDP(8->1) incremented to 3
[NWK 8] CheckNwkQueue: size=2
[HOP 8] CanSendToHop dest=2 outstanding=1 threshold=0 effectiveWindow=1 pendingData=1 globalLimit=16 neighborOK=0 nodeOK=1 -> NO
[HOP 8] CanSendToHop dest=2 outstanding=1 threshold=0 effectiveWindow=1 pendingData=1 globalLimit=16 neighborOK=0 nodeOK=1 -> NO
[NWK 8] NSDP(8->1) incremented to 4
[NWK 8] CheckNwkQueue: size=3
[HOP 8] CanSendToHop dest=2 outstanding=1 threshold=0 effectiveWindow=1 pendingData=1 globalLimit=16 neighborOK=0 nodeOK=1 -> NO
[HOP 8] CanSendToHop dest=2 outstanding=1 threshold=0 effectiveWindow=1 pendingData=1 globalLimit=16 neighborOK=0 nodeOK=1 -> NO
[HOP 8] CanSendToHop dest=2 outstanding=1 threshold=0 effectiveWindow=1 pendingData=1 globalLimit=16 neighborOK=0 nodeOK=1 -> NO
[NWK 8] NSDP(8->1) incremented to 5
[NWK 8] CheckNwkQueue: size=4
[HOP 8] CanSendToHop dest=2 outstanding=1 threshold=0 effectiveWindow=1 pendingData=1 globalLimit=16 neighborOK=0 nodeOK=1 -> NO
[HOP 8] CanSendToHop dest=2 outstanding=1 threshold=0 effectiveWindow=1 pendingData=1 globalLimit=16 neighborOK=0 nodeOK=1 -> NO
[HOP 8] CanSendToHop dest=2 outstanding=1 threshold=0 effectiveWindow=1 pendingData=1 globalLimit=16 neighborOK=0 nodeOK=1 -> NO
[HOP 8] CanSendToHop dest=2 outstanding=1 threshold=0 effectiveWindow=1 pendingData=1 globalLimit=16 neighborOK=0 nodeOK=1 -> NO
[NWK 8] NSDP(8->1) incremented to 6
[NWK 8] CheckNwkQueue: size=5
[HOP 8] CanSendToHop dest=2 outstanding=1 threshold=0 effectiveWindow=1 pendingData=1 globalLimit=16 neighborOK=0 nodeOK=1 -> NO
[HOP 8] CanSendToHop dest=2 outstanding=1 threshold=0 effectiveWindow=1 pendingData=1 globalLimit=16 neighborOK=0 nodeOK=1 -> NO
[HOP 8] CanSendToHop dest=2 outstanding=1 threshold=0 effectiveWindow=1 pendingData=1 globalLimit=16 neighborOK=0 nodeOK=1 -> NO
[HOP 8] CanSendToHop dest=2 outstanding=1 threshold=0 effectiveWindow=1 pendingData=1 globalLimit=16 neighborOK=0 nodeOK=1 -> NO
[HOP 8] CanSendToHop dest=2 outstanding=1 threshold=0 effectiveWindow=1 pendingData=1 globalLimit=16 neighborOK=0 nodeOK=1 -> NO
[NWK 8] NSDP(8->1) incremented to 7
[NWK 8] CheckNwkQueue: size=6
[HOP 8] CanSendToHop dest=2 outstanding=1 threshold=0 effectiveWindow=1 pendingData=1 globalLimit=16 neighborOK=0 nodeOK=1 -> NO
[HOP 8] CanSendToHop dest=2 outstanding=1 threshold=0 effectiveWindow=1 pendingData=1 globalLimit=16 neighborOK=0 nodeOK=1 -> NO
[HOP 8] CanSendToHop dest=2 outstanding=1 threshold=0 effectiveWindow=1 pendingData=1 globalLimit=16 neighborOK=0 nodeOK=1 -> NO
[HOP 8] CanSendToHop dest=2 outstanding=1 threshold=0 effectiveWindow=1 pendingData=1 globalLimit=16 neighborOK=0 nodeOK=1 -> NO
[HOP 8] CanSendToHop dest=2 outstanding=1 threshold=0 effectiveWindow=1 pendingData=1 globalLimit=16 neighborOK=0 nodeOK=1 -> NO
[HOP 8] CanSendToHop dest=2 outstanding=1 threshold=0 effectiveWindow=1 pendingData=1 globalLimit=16 neighborOK=0 nodeOK=1 -> NO
[NWK 8] NSDP(8->1) incremented to 8
[NWK 8] CheckNwkQueue: size=7
[HOP 8] CanSendToHop dest=2 outstanding=1 threshold=0 effectiveWindow=1 pendingData=1 globalLimit=16 neighborOK=0 nodeOK=1 -> NO
[HOP 8] CanSendToHop dest=2 outstanding=1 threshold=0 effectiveWindow=1 pendingData=1 globalLimit=16 neighborOK=0 nodeOK=1 -> NO
[HOP 8] CanSendToHop dest=2 outstanding=1 threshold=0 effectiveWindow=1 pendingData=1 globalLimit=16 neighborOK=0 nodeOK=1 -> NO
[HOP 8] CanSendToHop dest=2 outstanding=1 threshold=0 effectiveWindow=1 pendingData=1 globalLimit=16 neighborOK=0 nodeOK=1 -> NO
[HOP 8] CanSendToHop dest=2 outstanding=1 threshold=0 effectiveWindow=1 pendingData=1 globalLimit=16 neighborOK=0 nodeOK=1 -> NO
[HOP 8] CanSendToHop dest=2 outstanding=1 threshold=0 effectiveWindow=1 pendingData=1 globalLimit=16 neighborOK=0 nodeOK=1 -> NO
[HOP 8] CanSendToHop dest=2 outstanding=1 threshold=0 effectiveWindow=1 pendingData=1 globalLimit=16 neighborOK=0 nodeOK=1 -> NO
[NWK 8] NSDP(8->1) incremented to 9
[NWK 8] CheckNwkQueue: size=8
[HOP 8] CanSendToHop dest=2 outstanding=1 threshold=0 effectiveWindow=1 pendingData=1 globalLimit=16 neighborOK=0 nodeOK=1 -> NO
[HOP 8] CanSendToHop dest=2 outstanding=1 threshold=0 effectiveWindow=1 pendingData=1 globalLimit=16 neighborOK=0 nodeOK=1 -> NO
[HOP 8] CanSendToHop dest=2 outstanding=1 threshold=0 effectiveWindow=1 pendingData=1 globalLimit=16 neighborOK=0 nodeOK=1 -> NO
[HOP 8] CanSendToHop dest=2 outstanding=1 threshold=0 effectiveWindow=1 pendingData=1 globalLimit=16 neighborOK=0 nodeOK=1 -> NO
[HOP 8] CanSendToHop dest=2 outstanding=1 threshold=0 effectiveWindow=1 pendingData=1 globalLimit=16 neighborOK=0 nodeOK=1 -> NO
[HOP 8] CanSendToHop dest=2 outstanding=1 threshold=0 effectiveWindow=1 pendingData=1 globalLimit=16 neighborOK=0 nodeOK=1 -> NO
[HOP 8] CanSendToHop dest=2 outstanding=1 threshold=0 effectiveWindow=1 pendingData=1 globalLimit=16 neighborOK=0 nodeOK=1 -> NO
[HOP 8] CanSendToHop dest=2 outstanding=1 threshold=0 effectiveWindow=1 pendingData=1 globalLimit=16 neighborOK=0 nodeOK=1 -> NO
[NWK 8] NSDP(8->1) incremented to 10
[NWK 8] CheckNwkQueue: size=9
[HOP 8] CanSendToHop dest=2 outstanding=1 threshold=0 effectiveWindow=1 pendingData=1 globalLimit=16 neighborOK=0 nodeOK=1 -> NO
[HOP 8] CanSendToHop dest=2 outstanding=1 threshold=0 effectiveWindow=1 pendingData=1 globalLimit=16 neighborOK=0 nodeOK=1 -> NO
[HOP 8] CanSendToHop dest=2 outstanding=1 threshold=0 effectiveWindow=1 pendingData=1 globalLimit=16 neighborOK=0 nodeOK=1 -> NO
[HOP 8] CanSendToHop dest=2 outstanding=1 threshold=0 effectiveWindow=1 pendingData=1 globalLimit=16 neighborOK=0 nodeOK=1 -> NO
[HOP 8] CanSendToHop dest=2 outstanding=1 threshold=0 effectiveWindow=1 pendingData=1 globalLimit=16 neighborOK=0 nodeOK=1 -> NO
[HOP 8] CanSendToHop dest=2 outstanding=1 threshold=0 effectiveWindow=1 pendingData=1 globalLimit=16 neighborOK=0 nodeOK=1 -> NO
[HOP 8] CanSendToHop dest=2 outstanding=1 threshold=0 effectiveWindow=1 pendingData=1 globalLimit=16 neighborOK=0 nodeOK=1 -> NO
[HOP 8] CanSendToHop dest=2 outstanding=1 threshold=0 effectiveWindow=1 pendingData=1 globalLimit=16 neighborOK=0 nodeOK=1 -> NO
[HOP 8] CanSendToHop dest=2 outstanding=1 threshold=0 effectiveWindow=1 pendingData=1 globalLimit=16 neighborOK=0 nodeOK=1 -> NO
[NWK 8] NSDP(8->1) incremented to 11
[NWK 8] CheckNwkQueue: size=10
[HOP 8] CanSendToHop dest=2 outstanding=1 threshold=0 effectiveWindow=1 pendingData=1 globalLimit=16 neighborOK=0 nodeOK=1 -> NO
[HOP 8] CanSendToHop dest=2 outstanding=1 threshold=0 effectiveWindow=1 pendingData=1 globalLimit=16 neighborOK=0 nodeOK=1 -> NO
[HOP 8] CanSendToHop dest=2 outstanding=1 threshold=0 effectiveWindow=1 pendingData=1 globalLimit=16 neighborOK=0 nodeOK=1 -> NO
[HOP 8] CanSendToHop dest=2 outstanding=1 threshold=0 effectiveWindow=1 pendingData=1 globalLimit=16 neighborOK=0 nodeOK=1 -> NO
[HOP 8] CanSendToHop dest=2 outstanding=1 threshold=0 effectiveWindow=1 pendingData=1 globalLimit=16 neighborOK=0 nodeOK=1 -> NO
[HOP 8] CanSendToHop dest=2 outstanding=1 threshold=0 effectiveWindow=1 pendingData=1 globalLimit=16 neighborOK=0 nodeOK=1 -> NO
[HOP 8] CanSendToHop dest=2 outstanding=1 threshold=0 effectiveWindow=1 pendingData=1 globalLimit=16 neighborOK=0 nodeOK=1 -> NO
[HOP 8] CanSendToHop dest=2 outstanding=1 threshold=0 effectiveWindow=1 pendingData=1 globalLimit=16 neighborOK=0 nodeOK=1 -> NO
[HOP 8] CanSendToHop dest=2 outstanding=1 threshold=0 effectiveWindow=1 pendingData=1 globalLimit=16 neighborOK=0 nodeOK=1 -> NO
[HOP 8] CanSendToHop dest=2 outstanding=1 threshold=0 effectiveWindow=1 pendingData=1 globalLimit=16 neighborOK=0 nodeOK=1 -> NO
[NWK 8] NSDP(8->1) incremented to 12
[NWK 8] CheckNwkQueue: size=11
[HOP 8] CanSendToHop dest=2 outstanding=1 threshold=0 effectiveWindow=1 pendingData=1 globalLimit=16 neighborOK=0 nodeOK=1 -> NO
[HOP 8] CanSendToHop dest=2 outstanding=1 threshold=0 effectiveWindow=1 pendingData=1 globalLimit=16 neighborOK=0 nodeOK=1 -> NO
[HOP 8] CanSendToHop dest=2 outstanding=1 threshold=0 effectiveWindow=1 pendingData=1 globalLimit=16 neighborOK=0 nodeOK=1 -> NO
[HOP 8] CanSendToHop dest=2 outstanding=1 threshold=0 effectiveWindow=1 pendingData=1 globalLimit=16 neighborOK=0 nodeOK=1 -> NO
[HOP 8] CanSendToHop dest=2 outstanding=1 threshold=0 effectiveWindow=1 pendingData=1 globalLimit=16 neighborOK=0 nodeOK=1 -> NO
[HOP 8] CanSendToHop dest=2 outstanding=1 threshold=0 effectiveWindow=1 pendingData=1 globalLimit=16 neighborOK=0 nodeOK=1 -> NO
[HOP 8] CanSendToHop dest=2 outstanding=1 threshold=0 effectiveWindow=1 pendingData=1 globalLimit=16 neighborOK=0 nodeOK=1 -> NO
[HOP 8] CanSendToHop dest=2 outstanding=1 threshold=0 effectiveWindow=1 pendingData=1 globalLimit=16 neighborOK=0 nodeOK=1 -> NO
[HOP 8] CanSendToHop dest=2 outstanding=1 threshold=0 effectiveWindow=1 pendingData=1 globalLimit=16 neighborOK=0 nodeOK=1 -> NO
[HOP 8] CanSendToHop dest=2 outstanding=1 threshold=0 effectiveWindow=1 pendingData=1 globalLimit=16 neighborOK=0 nodeOK=1 -> NO
[HOP 8] CanSendToHop dest=2 outstanding=1 threshold=0 effectiveWindow=1 pendingData=1 globalLimit=16 neighborOK=0 nodeOK=1 -> NO
[NWK 8] NSDP(8->1) incremented to 13
[NWK 8] CheckNwkQueue: size=12
[HOP 8] CanSendToHop dest=2 outstanding=1 threshold=0 effectiveWindow=1 pendingData=1 globalLimit=16 neighborOK=0 nodeOK=1 -> NO
[HOP 8] CanSendToHop dest=2 outstanding=1 threshold=0 effectiveWindow=1 pendingData=1 globalLimit=16 neighborOK=0 nodeOK=1 -> NO
[HOP 8] CanSendToHop dest=2 outstanding=1 threshold=0 effectiveWindow=1 pendingData=1 globalLimit=16 neighborOK=0 nodeOK=1 -> NO
[HOP 8] CanSendToHop dest=2 outstanding=1 threshold=0 effectiveWindow=1 pendingData=1 globalLimit=16 neighborOK=0 nodeOK=1 -> NO
[HOP 8] CanSendToHop dest=2 outstanding=1 threshold=0 effectiveWindow=1 pendingData=1 globalLimit=16 neighborOK=0 nodeOK=1 -> NO
[HOP 8] CanSendToHop dest=2 outstanding=1 threshold=0 effectiveWindow=1 pendingData=1 globalLimit=16 neighborOK=0 nodeOK=1 -> NO
[HOP 8] CanSendToHop dest=2 outstanding=1 threshold=0 effectiveWindow=1 pendingData=1 globalLimit=16 neighborOK=0 nodeOK=1 -> NO
[HOP 8] CanSendToHop dest=2 outstanding=1 threshold=0 effectiveWindow=1 pendingData=1 globalLimit=16 neighborOK=0 nodeOK=1 -> NO
[HOP 8] CanSendToHop dest=2 outstanding=1 threshold=0 effectiveWindow=1 pendingData=1 globalLimit=16 neighborOK=0 nodeOK=1 -> NO
[HOP 8] CanSendToHop dest=2 outstanding=1 threshold=0 effectiveWindow=1 pendingData=1 globalLimit=16 neighborOK=0 nodeOK=1 -> NO
[HOP 8] CanSendToHop dest=2 outstanding=1 threshold=0 effectiveWindow=1 pendingData=1 globalLimit=16 neighborOK=0 nodeOK=1 -> NO
[HOP 8] CanSendToHop dest=2 outstanding=1 threshold=0 effectiveWindow=1 pendingData=1 globalLimit=16 neighborOK=0 nodeOK=1 -> NO
[NWK 8] NSDP(8->1) incremented to 14
[NWK 8] CheckNwkQueue: size=13
[HOP 8] CanSendToHop dest=2 outstanding=1 threshold=0 effectiveWindow=1 pendingData=1 globalLimit=16 neighborOK=0 nodeOK=1 -> NO
[HOP 8] CanSendToHop dest=2 outstanding=1 threshold=0 effectiveWindow=1 pendingData=1 globalLimit=16 neighborOK=0 nodeOK=1 -> NO
[HOP 8] CanSendToHop dest=2 outstanding=1 threshold=0 effectiveWindow=1 pendingData=1 globalLimit=16 neighborOK=0 nodeOK=1 -> NO
[HOP 8] CanSendToHop dest=2 outstanding=1 threshold=0 effectiveWindow=1 pendingData=1 globalLimit=16 neighborOK=0 nodeOK=1 -> NO
[HOP 8] CanSendToHop dest=2 outstanding=1 threshold=0 effectiveWindow=1 pendingData=1 globalLimit=16 neighborOK=0 nodeOK=1 -> NO
[HOP 8] CanSendToHop dest=2 outstanding=1 threshold=0 effectiveWindow=1 pendingData=1 globalLimit=16 neighborOK=0 nodeOK=1 -> NO
[HOP 8] CanSendToHop dest=2 outstanding=1 threshold=0 effectiveWindow=1 pendingData=1 globalLimit=16 neighborOK=0 nodeOK=1 -> NO
[HOP 8] CanSendToHop dest=2 outstanding=1 threshold=0 effectiveWindow=1 pendingData=1 globalLimit=16 neighborOK=0 nodeOK=1 -> NO
[HOP 8] CanSendToHop dest=2 outstanding=1 threshold=0 effectiveWindow=1 pendingData=1 globalLimit=16 neighborOK=0 nodeOK=1 -> NO
[HOP 8] CanSendToHop dest=2 outstanding=1 threshold=0 effectiveWindow=1 pendingData=1 globalLimit=16 neighborOK=0 nodeOK=1 -> NO
[HOP 8] CanSendToHop dest=2 outstanding=1 threshold=0 effectiveWindow=1 pendingData=1 globalLimit=16 neighborOK=0 nodeOK=1 -> NO
[HOP 8] CanSendToHop dest=2 outstanding=1 threshold=0 effectiveWindow=1 pendingData=1 globalLimit=16 neighborOK=0 nodeOK=1 -> NO
[HOP 8] CanSendToHop dest=2 outstanding=1 threshold=0 effectiveWindow=1 pendingData=1 globalLimit=16 neighborOK=0 nodeOK=1 -> NO
[NWK 8] NSDP(8->1) incremented to 15
[NWK 8] CheckNwkQueue: size=14
[HOP 8] CanSendToHop dest=2 outstanding=1 threshold=0 effectiveWindow=1 pendingData=1 globalLimit=16 neighborOK=0 nodeOK=1 -> NO
[HOP 8] CanSendToHop dest=2 outstanding=1 threshold=0 effectiveWindow=1 pendingData=1 globalLimit=16 neighborOK=0 nodeOK=1 -> NO
[HOP 8] CanSendToHop dest=2 outstanding=1 threshold=0 effectiveWindow=1 pendingData=1 globalLimit=16 neighborOK=0 nodeOK=1 -> NO
[HOP 8] CanSendToHop dest=2 outstanding=1 threshold=0 effectiveWindow=1 pendingData=1 globalLimit=16 neighborOK=0 nodeOK=1 -> NO
[HOP 8] CanSendToHop dest=2 outstanding=1 threshold=0 effectiveWindow=1 pendingData=1 globalLimit=16 neighborOK=0 nodeOK=1 -> NO
[HOP 8] CanSendToHop dest=2 outstanding=1 threshold=0 effectiveWindow=1 pendingData=1 globalLimit=16 neighborOK=0 nodeOK=1 -> NO
[HOP 8] CanSendToHop dest=2 outstanding=1 threshold=0 effectiveWindow=1 pendingData=1 globalLimit=16 neighborOK=0 nodeOK=1 -> NO
[HOP 8] CanSendToHop dest=2 outstanding=1 threshold=0 effectiveWindow=1 pendingData=1 globalLimit=16 neighborOK=0 nodeOK=1 -> NO
[HOP 8] CanSendToHop dest=2 outstanding=1 threshold=0 effectiveWindow=1 pendingData=1 globalLimit=16 neighborOK=0 nodeOK=1 -> NO
[HOP 8] CanSendToHop dest=2 outstanding=1 threshold=0 effectiveWindow=1 pendingData=1 globalLimit=16 neighborOK=0 nodeOK=1 -> NO
[HOP 8] CanSendToHop dest=2 outstanding=1 threshold=0 effectiveWindow=1 pendingData=1 globalLimit=16 neighborOK=0 nodeOK=1 -> NO
[HOP 8] CanSendToHop dest=2 outstanding=1 threshold=0 effectiveWindow=1 pendingData=1 globalLimit=16 neighborOK=0 nodeOK=1 -> NO
[HOP 8] CanSendToHop dest=2 outstanding=1 threshold=0 effectiveWindow=1 pendingData=1 globalLimit=16 neighborOK=0 nodeOK=1 -> NO
[HOP 8] CanSendToHop dest=2 outstanding=1 threshold=0 effectiveWindow=1 pendingData=1 globalLimit=16 neighborOK=0 nodeOK=1 -> NO
[NWK 8] NSDP(8->1) incremented to 16
[NWK 8] CheckNwkQueue: size=15
[HOP 8] CanSendToHop dest=2 outstanding=1 threshold=0 effectiveWindow=1 pendingData=1 globalLimit=16 neighborOK=0 nodeOK=1 -> NO
[HOP 8] CanSendToHop dest=2 outstanding=1 threshold=0 effectiveWindow=1 pendingData=1 globalLimit=16 neighborOK=0 nodeOK=1 -> NO
[HOP 8] CanSendToHop dest=2 outstanding=1 threshold=0 effectiveWindow=1 pendingData=1 globalLimit=16 neighborOK=0 nodeOK=1 -> NO
[HOP 8] CanSendToHop dest=2 outstanding=1 threshold=0 effectiveWindow=1 pendingData=1 globalLimit=16 neighborOK=0 nodeOK=1 -> NO
[HOP 8] CanSendToHop dest=2 outstanding=1 threshold=0 effectiveWindow=1 pendingData=1 globalLimit=16 neighborOK=0 nodeOK=1 -> NO
[HOP 8] CanSendToHop dest=2 outstanding=1 threshold=0 effectiveWindow=1 pendingData=1 globalLimit=16 neighborOK=0 nodeOK=1 -> NO
[HOP 8] CanSendToHop dest=2 outstanding=1 threshold=0 effectiveWindow=1 pendingData=1 globalLimit=16 neighborOK=0 nodeOK=1 -> NO
[HOP 8] CanSendToHop dest=2 outstanding=1 threshold=0 effectiveWindow=1 pendingData=1 globalLimit=16 neighborOK=0 nodeOK=1 -> NO
[HOP 8] CanSendToHop dest=2 outstanding=1 threshold=0 effectiveWindow=1 pendingData=1 globalLimit=16 neighborOK=0 nodeOK=1 -> NO
[HOP 8] CanSendToHop dest=2 outstanding=1 threshold=0 effectiveWindow=1 pendingData=1 globalLimit=16 neighborOK=0 nodeOK=1 -> NO
[HOP 8] CanSendToHop dest=2 outstanding=1 threshold=0 effectiveWindow=1 pendingData=1 globalLimit=16 neighborOK=0 nodeOK=1 -> NO
[HOP 8] CanSendToHop dest=2 outstanding=1 threshold=0 effectiveWindow=1 pendingData=1 globalLimit=16 neighborOK=0 nodeOK=1 -> NO
[HOP 8] CanSendToHop dest=2 outstanding=1 threshold=0 effectiveWindow=1 pendingData=1 globalLimit=16 neighborOK=0 nodeOK=1 -> NO
[HOP 8] CanSendToHop dest=2 outstanding=1 threshold=0 effectiveWindow=1 pendingData=1 globalLimit=16 neighborOK=0 nodeOK=1 -> NO
[HOP 8] CanSendToHop dest=2 outstanding=1 threshold=0 effectiveWindow=1 pendingData=1 globalLimit=16 neighborOK=0 nodeOK=1 -> NO
[HOP 8] link_control dest=7 neighborKnown=0 speed=8 txPower=30 rxPower=-105
[NWK 8] Added reverse path netSrc=7 reverseHop=7
[MAC 8] Enqueue ACK dest=7 seq=1 window=1 ack_queue_size=1
[NWK 8] CheckNwkQueue: size=16
[HOP 8] CanSendToHop dest=2 outstanding=1 threshold=0 effectiveWindow=1 pendingData=1 globalLimit=16 neighborOK=0 nodeOK=1 -> NO
[HOP 8] CanSendToHop dest=2 outstanding=1 threshold=0 effectiveWindow=1 pendingData=1 globalLimit=16 neighborOK=0 nodeOK=1 -> NO
[HOP 8] CanSendToHop dest=2 outstanding=1 threshold=0 effectiveWindow=1 pendingData=1 globalLimit=16 neighborOK=0 nodeOK=1 -> NO
[HOP 8] CanSendToHop dest=2 outstanding=1 threshold=0 effectiveWindow=1 pendingData=1 globalLimit=16 neighborOK=0 nodeOK=1 -> NO
[HOP 8] CanSendToHop dest=2 outstanding=1 threshold=0 effectiveWindow=1 pendingData=1 globalLimit=16 neighborOK=0 nodeOK=1 -> NO
[HOP 8] CanSendToHop dest=2 outstanding=1 threshold=0 effectiveWindow=1 pendingData=1 globalLimit=16 neighborOK=0 nodeOK=1 -> NO
[HOP 8] CanSendToHop dest=2 outstanding=1 threshold=0 effectiveWindow=1 pendingData=1 globalLimit=16 neighborOK=0 nodeOK=1 -> NO
[HOP 8] CanSendToHop dest=2 outstanding=1 threshold=0 effectiveWindow=1 pendingData=1 globalLimit=16 neighborOK=0 nodeOK=1 -> NO
[HOP 8] CanSendToHop dest=2 outstanding=1 threshold=0 effectiveWindow=1 pendingData=1 globalLimit=16 neighborOK=0 nodeOK=1 -> NO
[HOP 8] CanSendToHop dest=2 outstanding=1 threshold=0 effectiveWindow=1 pendingData=1 globalLimit=16 neighborOK=0 nodeOK=1 -> NO
[HOP 8] CanSendToHop dest=2 outstanding=1 threshold=0 effectiveWindow=1 pendingData=1 globalLimit=16 neighborOK=0 nodeOK=1 -> NO
[HOP 8] CanSendToHop dest=2 outstanding=1 threshold=0 effectiveWindow=1 pendingData=1 globalLimit=16 neighborOK=0 nodeOK=1 -> NO
[HOP 8] CanSendToHop dest=2 outstanding=1 threshold=0 effectiveWindow=1 pendingData=1 globalLimit=16 neighborOK=0 nodeOK=1 -> NO
[HOP 8] CanSendToHop dest=2 outstanding=1 threshold=0 effectiveWindow=1 pendingData=1 globalLimit=16 neighborOK=0 nodeOK=1 -> NO
[HOP 8] CanSendToHop dest=2 outstanding=1 threshold=0 effectiveWindow=1 pendingData=1 globalLimit=16 neighborOK=0 nodeOK=1 -> NO
[HOP 8] CanSendToHop dest=2 outstanding=1 threshold=0 effectiveWindow=1 pendingData=1 globalLimit=16 neighborOK=0 nodeOK=1 -> NO
[HOP 8] link_control dest=7 neighborKnown=0 speed=8 txPower=30 rxPower=-105
[NWK 8] Updated reverse path netSrc=7 reverseHop=7
[MAC 8] Update cumulative ACK queue entry dest=7 baseSeq=2 txCount=0
[NWK 8] CheckNwkQueue: size=17
[HOP 8] CanSendToHop dest=2 outstanding=1 threshold=0 effectiveWindow=1 pendingData=1 globalLimit=16 neighborOK=0 nodeOK=1 -> NO
[HOP 8] CanSendToHop dest=2 outstanding=1 threshold=0 effectiveWindow=1 pendingData=1 globalLimit=16 neighborOK=0 nodeOK=1 -> NO
[HOP 8] CanSendToHop dest=2 outstanding=1 threshold=0 effectiveWindow=1 pendingData=1 globalLimit=16 neighborOK=0 nodeOK=1 -> NO
[HOP 8] CanSendToHop dest=2 outstanding=1 threshold=0 effectiveWindow=1 pendingData=1 globalLimit=16 neighborOK=0 nodeOK=1 -> NO
[HOP 8] CanSendToHop dest=2 outstanding=1 threshold=0 effectiveWindow=1 pendingData=1 globalLimit=16 neighborOK=0 nodeOK=1 -> NO
[HOP 8] CanSendToHop dest=2 outstanding=1 threshold=0 effectiveWindow=1 pendingData=1 globalLimit=16 neighborOK=0 nodeOK=1 -> NO
[HOP 8] CanSendToHop dest=2 outstanding=1 threshold=0 effectiveWindow=1 pendingData=1 globalLimit=16 neighborOK=0 nodeOK=1 -> NO
[HOP 8] CanSendToHop dest=2 outstanding=1 threshold=0 effectiveWindow=1 pendingData=1 globalLimit=16 neighborOK=0 nodeOK=1 -> NO
[HOP 8] CanSendToHop dest=2 outstanding=1 threshold=0 effectiveWindow=1 pendingData=1 globalLimit=16 neighborOK=0 nodeOK=1 -> NO
[HOP 8] CanSendToHop dest=2 outstanding=1 threshold=0 effectiveWindow=1 pendingData=1 globalLimit=16 neighborOK=0 nodeOK=1 -> NO
[HOP 8] CanSendToHop dest=2 outstanding=1 threshold=0 effectiveWindow=1 pendingData=1 globalLimit=16 neighborOK=0 nodeOK=1 -> NO
[HOP 8] CanSendToHop dest=2 outstanding=1 threshold=0 effectiveWindow=1 pendingData=1 globalLimit=16 neighborOK=0 nodeOK=1 -> NO
[HOP 8] CanSendToHop dest=2 outstanding=1 threshold=0 effectiveWindow=1 pendingData=1 globalLimit=16 neighborOK=0 nodeOK=1 -> NO
[HOP 8] CanSendToHop dest=2 outstanding=1 threshold=0 effectiveWindow=1 pendingData=1 globalLimit=16 neighborOK=0 nodeOK=1 -> NO
[HOP 8] CanSendToHop dest=2 outstanding=1 threshold=0 effectiveWindow=1 pendingData=1 globalLimit=16 neighborOK=0 nodeOK=1 -> NO
[HOP 8] CanSendToHop dest=2 outstanding=1 threshold=0 effectiveWindow=1 pendingData=1 globalLimit=16 neighborOK=0 nodeOK=1 -> NO
[HOP 8] CanSendToHop dest=2 outstanding=1 threshold=0 effectiveWindow=1 pendingData=1 globalLimit=16 neighborOK=0 nodeOK=1 -> NO
[HOP 8] link_control dest=7 neighborKnown=0 speed=8 txPower=30 rxPower=-105
[NWK 8] Updated reverse path netSrc=7 reverseHop=7
[MAC 8] Update cumulative ACK queue entry dest=7 baseSeq=3 txCount=0
[NWK 8] CheckNwkQueue: size=18
[HOP 8] CanSendToHop dest=2 outstanding=1 threshold=0 effectiveWindow=1 pendingData=1 globalLimit=16 neighborOK=0 nodeOK=1 -> NO
[HOP 8] CanSendToHop dest=2 outstanding=1 threshold=0 effectiveWindow=1 pendingData=1 globalLimit=16 neighborOK=0 nodeOK=1 -> NO
[HOP 8] CanSendToHop dest=2 outstanding=1 threshold=0 effectiveWindow=1 pendingData=1 globalLimit=16 neighborOK=0 nodeOK=1 -> NO
[HOP 8] CanSendToHop dest=2 outstanding=1 threshold=0 effectiveWindow=1 pendingData=1 globalLimit=16 neighborOK=0 nodeOK=1 -> NO
[HOP 8] CanSendToHop dest=2 outstanding=1 threshold=0 effectiveWindow=1 pendingData=1 globalLimit=16 neighborOK=0 nodeOK=1 -> NO
[HOP 8] CanSendToHop dest=2 outstanding=1 threshold=0 effectiveWindow=1 pendingData=1 globalLimit=16 neighborOK=0 nodeOK=1 -> NO
[HOP 8] CanSendToHop dest=2 outstanding=1 threshold=0 effectiveWindow=1 pendingData=1 globalLimit=16 neighborOK=0 nodeOK=1 -> NO
[HOP 8] CanSendToHop dest=2 outstanding=1 threshold=0 effectiveWindow=1 pendingData=1 globalLimit=16 neighborOK=0 nodeOK=1 -> NO
[HOP 8] CanSendToHop dest=2 outstanding=1 threshold=0 effectiveWindow=1 pendingData=1 globalLimit=16 neighborOK=0 nodeOK=1 -> NO
[HOP 8] CanSendToHop dest=2 outstanding=1 threshold=0 effectiveWindow=1 pendingData=1 globalLimit=16 neighborOK=0 nodeOK=1 -> NO
[HOP 8] CanSendToHop dest=2 outstanding=1 threshold=0 effectiveWindow=1 pendingData=1 globalLimit=16 neighborOK=0 nodeOK=1 -> NO
[HOP 8] CanSendToHop dest=2 outstanding=1 threshold=0 effectiveWindow=1 pendingData=1 globalLimit=16 neighborOK=0 nodeOK=1 -> NO
[HOP 8] CanSendToHop dest=2 outstanding=1 threshold=0 effectiveWindow=1 pendingData=1 globalLimit=16 neighborOK=0 nodeOK=1 -> NO
[HOP 8] CanSendToHop dest=2 outstanding=1 threshold=0 effectiveWindow=1 pendingData=1 globalLimit=16 neighborOK=0 nodeOK=1 -> NO
[HOP 8] CanSendToHop dest=2 outstanding=1 threshold=0 effectiveWindow=1 pendingData=1 globalLimit=16 neighborOK=0 nodeOK=1 -> NO
[HOP 8] CanSendToHop dest=2 outstanding=1 threshold=0 effectiveWindow=1 pendingData=1 globalLimit=16 neighborOK=0 nodeOK=1 -> NO
[HOP 8] CanSendToHop dest=2 outstanding=1 threshold=0 effectiveWindow=1 pendingData=1 globalLimit=16 neighborOK=0 nodeOK=1 -> NO
[HOP 8] CanSendToHop dest=2 outstanding=1 threshold=0 effectiveWindow=1 pendingData=1 globalLimit=16 neighborOK=0 nodeOK=1 -> NO
[HOP 8] link_control dest=7 neighborKnown=0 speed=8 txPower=30 rxPower=-105
[NWK 8] Updated reverse path netSrc=7 reverseHop=7
[MAC 8] Update cumulative ACK queue entry dest=7 baseSeq=4 txCount=0
[NWK 8] CheckNwkQueue: size=19
[HOP 8] CanSendToHop dest=2 outstanding=1 threshold=0 effectiveWindow=1 pendingData=1 globalLimit=16 neighborOK=0 nodeOK=1 -> NO
[HOP 8] CanSendToHop dest=2 outstanding=1 threshold=0 effectiveWindow=1 pendingData=1 globalLimit=16 neighborOK=0 nodeOK=1 -> NO
[HOP 8] CanSendToHop dest=2 outstanding=1 threshold=0 effectiveWindow=1 pendingData=1 globalLimit=16 neighborOK=0 nodeOK=1 -> NO
[HOP 8] CanSendToHop dest=2 outstanding=1 threshold=0 effectiveWindow=1 pendingData=1 globalLimit=16 neighborOK=0 nodeOK=1 -> NO
[HOP 8] CanSendToHop dest=2 outstanding=1 threshold=0 effectiveWindow=1 pendingData=1 globalLimit=16 neighborOK=0 nodeOK=1 -> NO
[HOP 8] CanSendToHop dest=2 outstanding=1 threshold=0 effectiveWindow=1 pendingData=1 globalLimit=16 neighborOK=0 nodeOK=1 -> NO
[HOP 8] CanSendToHop dest=2 outstanding=1 threshold=0 effectiveWindow=1 pendingData=1 globalLimit=16 neighborOK=0 nodeOK=1 -> NO
[HOP 8] CanSendToHop dest=2 outstanding=1 threshold=0 effectiveWindow=1 pendingData=1 globalLimit=16 neighborOK=0 nodeOK=1 -> NO
[HOP 8] CanSendToHop dest=2 outstanding=1 threshold=0 effectiveWindow=1 pendingData=1 globalLimit=16 neighborOK=0 nodeOK=1 -> NO
[HOP 8] CanSendToHop dest=2 outstanding=1 threshold=0 effectiveWindow=1 pendingData=1 globalLimit=16 neighborOK=0 nodeOK=1 -> NO
[HOP 8] CanSendToHop dest=2 outstanding=1 threshold=0 effectiveWindow=1 pendingData=1 globalLimit=16 neighborOK=0 nodeOK=1 -> NO
[HOP 8] CanSendToHop dest=2 outstanding=1 threshold=0 effectiveWindow=1 pendingData=1 globalLimit=16 neighborOK=0 nodeOK=1 -> NO
[HOP 8] CanSendToHop dest=2 outstanding=1 threshold=0 effectiveWindow=1 pendingData=1 globalLimit=16 neighborOK=0 nodeOK=1 -> NO
[HOP 8] CanSendToHop dest=2 outstanding=1 threshold=0 effectiveWindow=1 pendingData=1 globalLimit=16 neighborOK=0 nodeOK=1 -> NO
[HOP 8] CanSendToHop dest=2 outstanding=1 threshold=0 effectiveWindow=1 pendingData=1 globalLimit=16 neighborOK=0 nodeOK=1 -> NO
[HOP 8] CanSendToHop dest=2 outstanding=1 threshold=0 effectiveWindow=1 pendingData=1 globalLimit=16 neighborOK=0 nodeOK=1 -> NO
[HOP 8] CanSendToHop dest=2 outstanding=1 threshold=0 effectiveWindow=1 pendingData=1 globalLimit=16 neighborOK=0 nodeOK=1 -> NO
[HOP 8] CanSendToHop dest=2 outstanding=1 threshold=0 effectiveWindow=1 pendingData=1 globalLimit=16 neighborOK=0 nodeOK=1 -> NO
[HOP 8] CanSendToHop dest=2 outstanding=1 threshold=0 effectiveWindow=1 pendingData=1 globalLimit=16 neighborOK=0 nodeOK=1 -> NO
[HOP 8] link_control dest=7 neighborKnown=0 speed=8 txPower=30 rxPower=-105
[NWK 8] Updated reverse path netSrc=7 reverseHop=7
[MAC 8] Update cumulative ACK queue entry dest=7 baseSeq=5 txCount=0
[NWK 8] CheckNwkQueue: size=20
[HOP 8] CanSendToHop dest=2 outstanding=1 threshold=0 effectiveWindow=1 pendingData=1 globalLimit=16 neighborOK=0 nodeOK=1 -> NO
[HOP 8] CanSendToHop dest=2 outstanding=1 threshold=0 effectiveWindow=1 pendingData=1 globalLimit=16 neighborOK=0 nodeOK=1 -> NO
[HOP 8] CanSendToHop dest=2 outstanding=1 threshold=0 effectiveWindow=1 pendingData=1 globalLimit=16 neighborOK=0 nodeOK=1 -> NO
[HOP 8] CanSendToHop dest=2 outstanding=1 threshold=0 effectiveWindow=1 pendingData=1 globalLimit=16 neighborOK=0 nodeOK=1 -> NO
[HOP 8] CanSendToHop dest=2 outstanding=1 threshold=0 effectiveWindow=1 pendingData=1 globalLimit=16 neighborOK=0 nodeOK=1 -> NO
[HOP 8] CanSendToHop dest=2 outstanding=1 threshold=0 effectiveWindow=1 pendingData=1 globalLimit=16 neighborOK=0 nodeOK=1 -> NO
[HOP 8] CanSendToHop dest=2 outstanding=1 threshold=0 effectiveWindow=1 pendingData=1 globalLimit=16 neighborOK=0 nodeOK=1 -> NO
[HOP 8] CanSendToHop dest=2 outstanding=1 threshold=0 effectiveWindow=1 pendingData=1 globalLimit=16 neighborOK=0 nodeOK=1 -> NO
[HOP 8] CanSendToHop dest=2 outstanding=1 threshold=0 effectiveWindow=1 pendingData=1 globalLimit=16 neighborOK=0 nodeOK=1 -> NO
[HOP 8] CanSendToHop dest=2 outstanding=1 threshold=0 effectiveWindow=1 pendingData=1 globalLimit=16 neighborOK=0 nodeOK=1 -> NO
[HOP 8] CanSendToHop dest=2 outstanding=1 threshold=0 effectiveWindow=1 pendingData=1 globalLimit=16 neighborOK=0 nodeOK=1 -> NO
[HOP 8] CanSendToHop dest=2 outstanding=1 threshold=0 effectiveWindow=1 pendingData=1 globalLimit=16 neighborOK=0 nodeOK=1 -> NO
[HOP 8] CanSendToHop dest=2 outstanding=1 threshold=0 effectiveWindow=1 pendingData=1 globalLimit=16 neighborOK=0 nodeOK=1 -> NO
[HOP 8] CanSendToHop dest=2 outstanding=1 threshold=0 effectiveWindow=1 pendingData=1 globalLimit=16 neighborOK=0 nodeOK=1 -> NO
[HOP 8] CanSendToHop dest=2 outstanding=1 threshold=0 effectiveWindow=1 pendingData=1 globalLimit=16 neighborOK=0 nodeOK=1 -> NO
[HOP 8] CanSendToHop dest=2 outstanding=1 threshold=0 effectiveWindow=1 pendingData=1 globalLimit=16 neighborOK=0 nodeOK=1 -> NO
[HOP 8] CanSendToHop dest=2 outstanding=1 threshold=0 effectiveWindow=1 pendingData=1 globalLimit=16 neighborOK=0 nodeOK=1 -> NO
[HOP 8] CanSendToHop dest=2 outstanding=1 threshold=0 effectiveWindow=1 pendingData=1 globalLimit=16 neighborOK=0 nodeOK=1 -> NO
[HOP 8] CanSendToHop dest=2 outstanding=1 threshold=0 effectiveWindow=1 pendingData=1 globalLimit=16 neighborOK=0 nodeOK=1 -> NO
[HOP 8] CanSendToHop dest=2 outstanding=1 threshold=0 effectiveWindow=1 pendingData=1 globalLimit=16 neighborOK=0 nodeOK=1 -> NO
[HOP 8] link_control dest=7 neighborKnown=0 speed=8 txPower=30 rxPower=-105
[NWK 8] Updated reverse path netSrc=7 reverseHop=7
[MAC 8] Update cumulative ACK queue entry dest=7 baseSeq=6 txCount=0
[NWK 8] CheckNwkQueue: size=21
[HOP 8] CanSendToHop dest=2 outstanding=1 threshold=0 effectiveWindow=1 pendingData=1 globalLimit=16 neighborOK=0 nodeOK=1 -> NO
[HOP 8] CanSendToHop dest=2 outstanding=1 threshold=0 effectiveWindow=1 pendingData=1 globalLimit=16 neighborOK=0 nodeOK=1 -> NO
[HOP 8] CanSendToHop dest=2 outstanding=1 threshold=0 effectiveWindow=1 pendingData=1 globalLimit=16 neighborOK=0 nodeOK=1 -> NO
[HOP 8] CanSendToHop dest=2 outstanding=1 threshold=0 effectiveWindow=1 pendingData=1 globalLimit=16 neighborOK=0 nodeOK=1 -> NO
[HOP 8] CanSendToHop dest=2 outstanding=1 threshold=0 effectiveWindow=1 pendingData=1 globalLimit=16 neighborOK=0 nodeOK=1 -> NO
[HOP 8] CanSendToHop dest=2 outstanding=1 threshold=0 effectiveWindow=1 pendingData=1 globalLimit=16 neighborOK=0 nodeOK=1 -> NO
[HOP 8] CanSendToHop dest=2 outstanding=1 threshold=0 effectiveWindow=1 pendingData=1 globalLimit=16 neighborOK=0 nodeOK=1 -> NO
[HOP 8] CanSendToHop dest=2 outstanding=1 threshold=0 effectiveWindow=1 pendingData=1 globalLimit=16 neighborOK=0 nodeOK=1 -> NO
[HOP 8] CanSendToHop dest=2 outstanding=1 threshold=0 effectiveWindow=1 pendingData=1 globalLimit=16 neighborOK=0 nodeOK=1 -> NO
[HOP 8] CanSendToHop dest=2 outstanding=1 threshold=0 effectiveWindow=1 pendingData=1 globalLimit=16 neighborOK=0 nodeOK=1 -> NO
[HOP 8] CanSendToHop dest=2 outstanding=1 threshold=0 effectiveWindow=1 pendingData=1 globalLimit=16 neighborOK=0 nodeOK=1 -> NO
[HOP 8] CanSendToHop dest=2 outstanding=1 threshold=0 effectiveWindow=1 pendingData=1 globalLimit=16 neighborOK=0 nodeOK=1 -> NO
[HOP 8] CanSendToHop dest=2 outstanding=1 threshold=0 effectiveWindow=1 pendingData=1 globalLimit=16 neighborOK=0 nodeOK=1 -> NO
[HOP 8] CanSendToHop dest=2 outstanding=1 threshold=0 effectiveWindow=1 pendingData=1 globalLimit=16 neighborOK=0 nodeOK=1 -> NO
[HOP 8] CanSendToHop dest=2 outstanding=1 threshold=0 effectiveWindow=1 pendingData=1 globalLimit=16 neighborOK=0 nodeOK=1 -> NO
[HOP 8] CanSendToHop dest=2 outstanding=1 threshold=0 effectiveWindow=1 pendingData=1 globalLimit=16 neighborOK=0 nodeOK=1 -> NO
[HOP 8] CanSendToHop dest=2 outstanding=1 threshold=0 effectiveWindow=1 pendingData=1 globalLimit=16 neighborOK=0 nodeOK=1 -> NO
[HOP 8] CanSendToHop dest=2 outstanding=1 threshold=0 effectiveWindow=1 pendingData=1 globalLimit=16 neighborOK=0 nodeOK=1 -> NO
[HOP 8] CanSendToHop dest=2 outstanding=1 threshold=0 effectiveWindow=1 pendingData=1 globalLimit=16 neighborOK=0 nodeOK=1 -> NO
[HOP 8] CanSendToHop dest=2 outstanding=1 threshold=0 effectiveWindow=1 pendingData=1 globalLimit=16 neighborOK=0 nodeOK=1 -> NO
[HOP 8] CanSendToHop dest=2 outstanding=1 threshold=0 effectiveWindow=1 pendingData=1 globalLimit=16 neighborOK=0 nodeOK=1 -> NO
[HOP 8] link_control dest=7 neighborKnown=0 speed=8 txPower=30 rxPower=-105
[NWK 8] Updated reverse path netSrc=7 reverseHop=7
[MAC 8] Update cumulative ACK queue entry dest=7 baseSeq=7 txCount=0
[NWK 8] CheckNwkQueue: size=22
[HOP 8] CanSendToHop dest=2 outstanding=1 threshold=0 effectiveWindow=1 pendingData=1 globalLimit=16 neighborOK=0 nodeOK=1 -> NO
[HOP 8] CanSendToHop dest=2 outstanding=1 threshold=0 effectiveWindow=1 pendingData=1 globalLimit=16 neighborOK=0 nodeOK=1 -> NO
[HOP 8] CanSendToHop dest=2 outstanding=1 threshold=0 effectiveWindow=1 pendingData=1 globalLimit=16 neighborOK=0 nodeOK=1 -> NO
[HOP 8] CanSendToHop dest=2 outstanding=1 threshold=0 effectiveWindow=1 pendingData=1 globalLimit=16 neighborOK=0 nodeOK=1 -> NO
[HOP 8] CanSendToHop dest=2 outstanding=1 threshold=0 effectiveWindow=1 pendingData=1 globalLimit=16 neighborOK=0 nodeOK=1 -> NO
[HOP 8] CanSendToHop dest=2 outstanding=1 threshold=0 effectiveWindow=1 pendingData=1 globalLimit=16 neighborOK=0 nodeOK=1 -> NO
[HOP 8] CanSendToHop dest=2 outstanding=1 threshold=0 effectiveWindow=1 pendingData=1 globalLimit=16 neighborOK=0 nodeOK=1 -> NO
[HOP 8] CanSendToHop dest=2 outstanding=1 threshold=0 effectiveWindow=1 pendingData=1 globalLimit=16 neighborOK=0 nodeOK=1 -> NO
[HOP 8] CanSendToHop dest=2 outstanding=1 threshold=0 effectiveWindow=1 pendingData=1 globalLimit=16 neighborOK=0 nodeOK=1 -> NO
[HOP 8] CanSendToHop dest=2 outstanding=1 threshold=0 effectiveWindow=1 pendingData=1 globalLimit=16 neighborOK=0 nodeOK=1 -> NO
[HOP 8] CanSendToHop dest=2 outstanding=1 threshold=0 effectiveWindow=1 pendingData=1 globalLimit=16 neighborOK=0 nodeOK=1 -> NO
[HOP 8] CanSendToHop dest=2 outstanding=1 threshold=0 effectiveWindow=1 pendingData=1 globalLimit=16 neighborOK=0 nodeOK=1 -> NO
[HOP 8] CanSendToHop dest=2 outstanding=1 threshold=0 effectiveWindow=1 pendingData=1 globalLimit=16 neighborOK=0 nodeOK=1 -> NO
[HOP 8] CanSendToHop dest=2 outstanding=1 threshold=0 effectiveWindow=1 pendingData=1 globalLimit=16 neighborOK=0 nodeOK=1 -> NO
[HOP 8] CanSendToHop dest=2 outstanding=1 threshold=0 effectiveWindow=1 pendingData=1 globalLimit=16 neighborOK=0 nodeOK=1 -> NO
[HOP 8] CanSendToHop dest=2 outstanding=1 threshold=0 effectiveWindow=1 pendingData=1 globalLimit=16 neighborOK=0 nodeOK=1 -> NO
[HOP 8] CanSendToHop dest=2 outstanding=1 threshold=0 effectiveWindow=1 pendingData=1 globalLimit=16 neighborOK=0 nodeOK=1 -> NO
[HOP 8] CanSendToHop dest=2 outstanding=1 threshold=0 effectiveWindow=1 pendingData=1 globalLimit=16 neighborOK=0 nodeOK=1 -> NO
[HOP 8] CanSendToHop dest=2 outstanding=1 threshold=0 effectiveWindow=1 pendingData=1 globalLimit=16 neighborOK=0 nodeOK=1 -> NO
[HOP 8] CanSendToHop dest=2 outstanding=1 threshold=0 effectiveWindow=1 pendingData=1 globalLimit=16 neighborOK=0 nodeOK=1 -> NO
[HOP 8] CanSendToHop dest=2 outstanding=1 threshold=0 effectiveWindow=1 pendingData=1 globalLimit=16 neighborOK=0 nodeOK=1 -> NO
[HOP 8] CanSendToHop dest=2 outstanding=1 threshold=0 effectiveWindow=1 pendingData=1 globalLimit=16 neighborOK=0 nodeOK=1 -> NO
[HOP 8] link_control dest=7 neighborKnown=0 speed=8 txPower=30 rxPower=-105
[NWK 8] Updated reverse path netSrc=7 reverseHop=7
[MAC 8] Update cumulative ACK queue entry dest=7 baseSeq=8 txCount=0
[NWK 8] CheckNwkQueue: size=23
[HOP 8] CanSendToHop dest=2 outstanding=1 threshold=0 effectiveWindow=1 pendingData=1 globalLimit=16 neighborOK=0 nodeOK=1 -> NO
[HOP 8] CanSendToHop dest=2 outstanding=1 threshold=0 effectiveWindow=1 pendingData=1 globalLimit=16 neighborOK=0 nodeOK=1 -> NO
[HOP 8] CanSendToHop dest=2 outstanding=1 threshold=0 effectiveWindow=1 pendingData=1 globalLimit=16 neighborOK=0 nodeOK=1 -> NO
[HOP 8] CanSendToHop dest=2 outstanding=1 threshold=0 effectiveWindow=1 pendingData=1 globalLimit=16 neighborOK=0 nodeOK=1 -> NO
[HOP 8] CanSendToHop dest=2 outstanding=1 threshold=0 effectiveWindow=1 pendingData=1 globalLimit=16 neighborOK=0 nodeOK=1 -> NO
[HOP 8] CanSendToHop dest=2 outstanding=1 threshold=0 effectiveWindow=1 pendingData=1 globalLimit=16 neighborOK=0 nodeOK=1 -> NO
[HOP 8] CanSendToHop dest=2 outstanding=1 threshold=0 effectiveWindow=1 pendingData=1 globalLimit=16 neighborOK=0 nodeOK=1 -> NO
[HOP 8] CanSendToHop dest=2 outstanding=1 threshold=0 effectiveWindow=1 pendingData=1 globalLimit=16 neighborOK=0 nodeOK=1 -> NO
[HOP 8] CanSendToHop dest=2 outstanding=1 threshold=0 effectiveWindow=1 pendingData=1 globalLimit=16 neighborOK=0 nodeOK=1 -> NO
[HOP 8] CanSendToHop dest=2 outstanding=1 threshold=0 effectiveWindow=1 pendingData=1 globalLimit=16 neighborOK=0 nodeOK=1 -> NO
[HOP 8] CanSendToHop dest=2 outstanding=1 threshold=0 effectiveWindow=1 pendingData=1 globalLimit=16 neighborOK=0 nodeOK=1 -> NO
[HOP 8] CanSendToHop dest=2 outstanding=1 threshold=0 effectiveWindow=1 pendingData=1 globalLimit=16 neighborOK=0 nodeOK=1 -> NO
[HOP 8] CanSendToHop dest=2 outstanding=1 threshold=0 effectiveWindow=1 pendingData=1 globalLimit=16 neighborOK=0 nodeOK=1 -> NO
[HOP 8] CanSendToHop dest=2 outstanding=1 threshold=0 effectiveWindow=1 pendingData=1 globalLimit=16 neighborOK=0 nodeOK=1 -> NO
[HOP 8] CanSendToHop dest=2 outstanding=1 threshold=0 effectiveWindow=1 pendingData=1 globalLimit=16 neighborOK=0 nodeOK=1 -> NO
[HOP 8] CanSendToHop dest=2 outstanding=1 threshold=0 effectiveWindow=1 pendingData=1 globalLimit=16 neighborOK=0 nodeOK=1 -> NO
[HOP 8] CanSendToHop dest=2 outstanding=1 threshold=0 effectiveWindow=1 pendingData=1 globalLimit=16 neighborOK=0 nodeOK=1 -> NO
[HOP 8] CanSendToHop dest=2 outstanding=1 threshold=0 effectiveWindow=1 pendingData=1 globalLimit=16 neighborOK=0 nodeOK=1 -> NO
[HOP 8] CanSendToHop dest=2 outstanding=1 threshold=0 effectiveWindow=1 pendingData=1 globalLimit=16 neighborOK=0 nodeOK=1 -> NO
[HOP 8] CanSendToHop dest=2 outstanding=1 threshold=0 effectiveWindow=1 pendingData=1 globalLimit=16 neighborOK=0 nodeOK=1 -> NO
[HOP 8] CanSendToHop dest=2 outstanding=1 threshold=0 effectiveWindow=1 pendingData=1 globalLimit=16 neighborOK=0 nodeOK=1 -> NO
[HOP 8] CanSendToHop dest=2 outstanding=1 threshold=0 effectiveWindow=1 pendingData=1 globalLimit=16 neighborOK=0 nodeOK=1 -> NO
[HOP 8] CanSendToHop dest=2 outstanding=1 threshold=0 effectiveWindow=1 pendingData=1 globalLimit=16 neighborOK=0 nodeOK=1 -> NO
[HOP 8] link_control dest=7 neighborKnown=0 speed=8 txPower=30 rxPower=-105
[NWK 8] Updated reverse path netSrc=7 reverseHop=7
[MAC 8] Update cumulative ACK queue entry dest=7 baseSeq=9 txCount=0
[NWK 8] CheckNwkQueue: size=24
[HOP 8] CanSendToHop dest=2 outstanding=1 threshold=0 effectiveWindow=1 pendingData=1 globalLimit=16 neighborOK=0 nodeOK=1 -> NO
[HOP 8] CanSendToHop dest=2 outstanding=1 threshold=0 effectiveWindow=1 pendingData=1 globalLimit=16 neighborOK=0 nodeOK=1 -> NO
[HOP 8] CanSendToHop dest=2 outstanding=1 threshold=0 effectiveWindow=1 pendingData=1 globalLimit=16 neighborOK=0 nodeOK=1 -> NO
[HOP 8] CanSendToHop dest=2 outstanding=1 threshold=0 effectiveWindow=1 pendingData=1 globalLimit=16 neighborOK=0 nodeOK=1 -> NO
[HOP 8] CanSendToHop dest=2 outstanding=1 threshold=0 effectiveWindow=1 pendingData=1 globalLimit=16 neighborOK=0 nodeOK=1 -> NO
[HOP 8] CanSendToHop dest=2 outstanding=1 threshold=0 effectiveWindow=1 pendingData=1 globalLimit=16 neighborOK=0 nodeOK=1 -> NO
[HOP 8] CanSendToHop dest=2 outstanding=1 threshold=0 effectiveWindow=1 pendingData=1 globalLimit=16 neighborOK=0 nodeOK=1 -> NO
[HOP 8] CanSendToHop dest=2 outstanding=1 threshold=0 effectiveWindow=1 pendingData=1 globalLimit=16 neighborOK=0 nodeOK=1 -> NO
[HOP 8] CanSendToHop dest=2 outstanding=1 threshold=0 effectiveWindow=1 pendingData=1 globalLimit=16 neighborOK=0 nodeOK=1 -> NO
[HOP 8] CanSendToHop dest=2 outstanding=1 threshold=0 effectiveWindow=1 pendingData=1 globalLimit=16 neighborOK=0 nodeOK=1 -> NO
[HOP 8] CanSendToHop dest=2 outstanding=1 threshold=0 effectiveWindow=1 pendingData=1 globalLimit=16 neighborOK=0 nodeOK=1 -> NO
[HOP 8] CanSendToHop dest=2 outstanding=1 threshold=0 effectiveWindow=1 pendingData=1 globalLimit=16 neighborOK=0 nodeOK=1 -> NO
[HOP 8] CanSendToHop dest=2 outstanding=1 threshold=0 effectiveWindow=1 pendingData=1 globalLimit=16 neighborOK=0 nodeOK=1 -> NO
[HOP 8] CanSendToHop dest=2 outstanding=1 threshold=0 effectiveWindow=1 pendingData=1 globalLimit=16 neighborOK=0 nodeOK=1 -> NO
[HOP 8] CanSendToHop dest=2 outstanding=1 threshold=0 effectiveWindow=1 pendingData=1 globalLimit=16 neighborOK=0 nodeOK=1 -> NO
[HOP 8] CanSendToHop dest=2 outstanding=1 threshold=0 effectiveWindow=1 pendingData=1 globalLimit=16 neighborOK=0 nodeOK=1 -> NO
[HOP 8] CanSendToHop dest=2 outstanding=1 threshold=0 effectiveWindow=1 pendingData=1 globalLimit=16 neighborOK=0 nodeOK=1 -> NO
[HOP 8] CanSendToHop dest=2 outstanding=1 threshold=0 effectiveWindow=1 pendingData=1 globalLimit=16 neighborOK=0 nodeOK=1 -> NO
[HOP 8] CanSendToHop dest=2 outstanding=1 threshold=0 effectiveWindow=1 pendingData=1 globalLimit=16 neighborOK=0 nodeOK=1 -> NO
[HOP 8] CanSendToHop dest=2 outstanding=1 threshold=0 effectiveWindow=1 pendingData=1 globalLimit=16 neighborOK=0 nodeOK=1 -> NO
[HOP 8] CanSendToHop dest=2 outstanding=1 threshold=0 effectiveWindow=1 pendingData=1 globalLimit=16 neighborOK=0 nodeOK=1 -> NO
[HOP 8] CanSendToHop dest=2 outstanding=1 threshold=0 effectiveWindow=1 pendingData=1 globalLimit=16 neighborOK=0 nodeOK=1 -> NO
[HOP 8] CanSendToHop dest=2 outstanding=1 threshold=0 effectiveWindow=1 pendingData=1 globalLimit=16 neighborOK=0 nodeOK=1 -> NO
[HOP 8] CanSendToHop dest=2 outstanding=1 threshold=0 effectiveWindow=1 pendingData=1 globalLimit=16 neighborOK=0 nodeOK=1 -> NO
[HOP 8] link_control dest=7 neighborKnown=0 speed=8 txPower=30 rxPower=-105
[NWK 8] Updated reverse path netSrc=7 reverseHop=7
[MAC 8] Update cumulative ACK queue entry dest=7 baseSeq=10 txCount=0
[NWK 8] CheckNwkQueue: size=25
[HOP 8] CanSendToHop dest=2 outstanding=1 threshold=0 effectiveWindow=1 pendingData=1 globalLimit=16 neighborOK=0 nodeOK=1 -> NO
[HOP 8] CanSendToHop dest=2 outstanding=1 threshold=0 effectiveWindow=1 pendingData=1 globalLimit=16 neighborOK=0 nodeOK=1 -> NO
[HOP 8] CanSendToHop dest=2 outstanding=1 threshold=0 effectiveWindow=1 pendingData=1 globalLimit=16 neighborOK=0 nodeOK=1 -> NO
[HOP 8] CanSendToHop dest=2 outstanding=1 threshold=0 effectiveWindow=1 pendingData=1 globalLimit=16 neighborOK=0 nodeOK=1 -> NO
[HOP 8] CanSendToHop dest=2 outstanding=1 threshold=0 effectiveWindow=1 pendingData=1 globalLimit=16 neighborOK=0 nodeOK=1 -> NO
[HOP 8] CanSendToHop dest=2 outstanding=1 threshold=0 effectiveWindow=1 pendingData=1 globalLimit=16 neighborOK=0 nodeOK=1 -> NO
[HOP 8] CanSendToHop dest=2 outstanding=1 threshold=0 effectiveWindow=1 pendingData=1 globalLimit=16 neighborOK=0 nodeOK=1 -> NO
[HOP 8] CanSendToHop dest=2 outstanding=1 threshold=0 effectiveWindow=1 pendingData=1 globalLimit=16 neighborOK=0 nodeOK=1 -> NO
[HOP 8] CanSendToHop dest=2 outstanding=1 threshold=0 effectiveWindow=1 pendingData=1 globalLimit=16 neighborOK=0 nodeOK=1 -> NO
[HOP 8] CanSendToHop dest=2 outstanding=1 threshold=0 effectiveWindow=1 pendingData=1 globalLimit=16 neighborOK=0 nodeOK=1 -> NO
[HOP 8] CanSendToHop dest=2 outstanding=1 threshold=0 effectiveWindow=1 pendingData=1 globalLimit=16 neighborOK=0 nodeOK=1 -> NO
[HOP 8] CanSendToHop dest=2 outstanding=1 threshold=0 effectiveWindow=1 pendingData=1 globalLimit=16 neighborOK=0 nodeOK=1 -> NO
[HOP 8] CanSendToHop dest=2 outstanding=1 threshold=0 effectiveWindow=1 pendingData=1 globalLimit=16 neighborOK=0 nodeOK=1 -> NO
[HOP 8] CanSendToHop dest=2 outstanding=1 threshold=0 effectiveWindow=1 pendingData=1 globalLimit=16 neighborOK=0 nodeOK=1 -> NO
[HOP 8] CanSendToHop dest=2 outstanding=1 threshold=0 effectiveWindow=1 pendingData=1 globalLimit=16 neighborOK=0 nodeOK=1 -> NO
[HOP 8] CanSendToHop dest=2 outstanding=1 threshold=0 effectiveWindow=1 pendingData=1 globalLimit=16 neighborOK=0 nodeOK=1 -> NO
[HOP 8] CanSendToHop dest=2 outstanding=1 threshold=0 effectiveWindow=1 pendingData=1 globalLimit=16 neighborOK=0 nodeOK=1 -> NO
[HOP 8] CanSendToHop dest=2 outstanding=1 threshold=0 effectiveWindow=1 pendingData=1 globalLimit=16 neighborOK=0 nodeOK=1 -> NO
[HOP 8] CanSendToHop dest=2 outstanding=1 threshold=0 effectiveWindow=1 pendingData=1 globalLimit=16 neighborOK=0 nodeOK=1 -> NO
[HOP 8] CanSendToHop dest=2 outstanding=1 threshold=0 effectiveWindow=1 pendingData=1 globalLimit=16 neighborOK=0 nodeOK=1 -> NO
[HOP 8] CanSendToHop dest=2 outstanding=1 threshold=0 effectiveWindow=1 pendingData=1 globalLimit=16 neighborOK=0 nodeOK=1 -> NO
[HOP 8] CanSendToHop dest=2 outstanding=1 threshold=0 effectiveWindow=1 pendingData=1 globalLimit=16 neighborOK=0 nodeOK=1 -> NO
[HOP 8] CanSendToHop dest=2 outstanding=1 threshold=0 effectiveWindow=1 pendingData=1 globalLimit=16 neighborOK=0 nodeOK=1 -> NO
[HOP 8] CanSendToHop dest=2 outstanding=1 threshold=0 effectiveWindow=1 pendingData=1 globalLimit=16 neighborOK=0 nodeOK=1 -> NO
[HOP 8] CanSendToHop dest=2 outstanding=1 threshold=0 effectiveWindow=1 pendingData=1 globalLimit=16 neighborOK=0 nodeOK=1 -> NO
[HOP 8] link_control dest=7 neighborKnown=0 speed=8 txPower=30 rxPower=-105
[NWK 8] Updated reverse path netSrc=7 reverseHop=7
[MAC 8] Update cumulative ACK queue entry dest=7 baseSeq=11 txCount=0
[NWK 8] CheckNwkQueue: size=26
[HOP 8] CanSendToHop dest=2 outstanding=1 threshold=0 effectiveWindow=1 pendingData=1 globalLimit=16 neighborOK=0 nodeOK=1 -> NO
[HOP 8] CanSendToHop dest=2 outstanding=1 threshold=0 effectiveWindow=1 pendingData=1 globalLimit=16 neighborOK=0 nodeOK=1 -> NO
[HOP 8] CanSendToHop dest=2 outstanding=1 threshold=0 effectiveWindow=1 pendingData=1 globalLimit=16 neighborOK=0 nodeOK=1 -> NO
[HOP 8] CanSendToHop dest=2 outstanding=1 threshold=0 effectiveWindow=1 pendingData=1 globalLimit=16 neighborOK=0 nodeOK=1 -> NO
[HOP 8] CanSendToHop dest=2 outstanding=1 threshold=0 effectiveWindow=1 pendingData=1 globalLimit=16 neighborOK=0 nodeOK=1 -> NO
[HOP 8] CanSendToHop dest=2 outstanding=1 threshold=0 effectiveWindow=1 pendingData=1 globalLimit=16 neighborOK=0 nodeOK=1 -> NO
[HOP 8] CanSendToHop dest=2 outstanding=1 threshold=0 effectiveWindow=1 pendingData=1 globalLimit=16 neighborOK=0 nodeOK=1 -> NO
[HOP 8] CanSendToHop dest=2 outstanding=1 threshold=0 effectiveWindow=1 pendingData=1 globalLimit=16 neighborOK=0 nodeOK=1 -> NO
[HOP 8] CanSendToHop dest=2 outstanding=1 threshold=0 effectiveWindow=1 pendingData=1 globalLimit=16 neighborOK=0 nodeOK=1 -> NO
[HOP 8] CanSendToHop dest=2 outstanding=1 threshold=0 effectiveWindow=1 pendingData=1 globalLimit=16 neighborOK=0 nodeOK=1 -> NO
[HOP 8] CanSendToHop dest=2 outstanding=1 threshold=0 effectiveWindow=1 pendingData=1 globalLimit=16 neighborOK=0 nodeOK=1 -> NO
[HOP 8] CanSendToHop dest=2 outstanding=1 threshold=0 effectiveWindow=1 pendingData=1 globalLimit=16 neighborOK=0 nodeOK=1 -> NO
[HOP 8] CanSendToHop dest=2 outstanding=1 threshold=0 effectiveWindow=1 pendingData=1 globalLimit=16 neighborOK=0 nodeOK=1 -> NO
[HOP 8] CanSendToHop dest=2 outstanding=1 threshold=0 effectiveWindow=1 pendingData=1 globalLimit=16 neighborOK=0 nodeOK=1 -> NO
[HOP 8] CanSendToHop dest=2 outstanding=1 threshold=0 effectiveWindow=1 pendingData=1 globalLimit=16 neighborOK=0 nodeOK=1 -> NO
[HOP 8] CanSendToHop dest=2 outstanding=1 threshold=0 effectiveWindow=1 pendingData=1 globalLimit=16 neighborOK=0 nodeOK=1 -> NO
[HOP 8] CanSendToHop dest=2 outstanding=1 threshold=0 effectiveWindow=1 pendingData=1 globalLimit=16 neighborOK=0 nodeOK=1 -> NO
[HOP 8] CanSendToHop dest=2 outstanding=1 threshold=0 effectiveWindow=1 pendingData=1 globalLimit=16 neighborOK=0 nodeOK=1 -> NO
[HOP 8] CanSendToHop dest=2 outstanding=1 threshold=0 effectiveWindow=1 pendingData=1 globalLimit=16 neighborOK=0 nodeOK=1 -> NO
[HOP 8] CanSendToHop dest=2 outstanding=1 threshold=0 effectiveWindow=1 pendingData=1 globalLimit=16 neighborOK=0 nodeOK=1 -> NO
[HOP 8] CanSendToHop dest=2 outstanding=1 threshold=0 effectiveWindow=1 pendingData=1 globalLimit=16 neighborOK=0 nodeOK=1 -> NO
[HOP 8] CanSendToHop dest=2 outstanding=1 threshold=0 effectiveWindow=1 pendingData=1 globalLimit=16 neighborOK=0 nodeOK=1 -> NO
[HOP 8] CanSendToHop dest=2 outstanding=1 threshold=0 effectiveWindow=1 pendingData=1 globalLimit=16 neighborOK=0 nodeOK=1 -> NO
[HOP 8] CanSendToHop dest=2 outstanding=1 threshold=0 effectiveWindow=1 pendingData=1 globalLimit=16 neighborOK=0 nodeOK=1 -> NO
[HOP 8] CanSendToHop dest=2 outstanding=1 threshold=0 effectiveWindow=1 pendingData=1 globalLimit=16 neighborOK=0 nodeOK=1 -> NO
[HOP 8] CanSendToHop dest=2 outstanding=1 threshold=0 effectiveWindow=1 pendingData=1 globalLimit=16 neighborOK=0 nodeOK=1 -> NO
[HOP 8] link_control dest=7 neighborKnown=0 speed=8 txPower=30 rxPower=-105
[NWK 8] Updated reverse path netSrc=7 reverseHop=7
[MAC 8] Update cumulative ACK queue entry dest=7 baseSeq=12 txCount=0
[NWK 8] CheckNwkQueue: size=27
[HOP 8] CanSendToHop dest=2 outstanding=1 threshold=0 effectiveWindow=1 pendingData=1 globalLimit=16 neighborOK=0 nodeOK=1 -> NO
[HOP 8] CanSendToHop dest=2 outstanding=1 threshold=0 effectiveWindow=1 pendingData=1 globalLimit=16 neighborOK=0 nodeOK=1 -> NO
[HOP 8] CanSendToHop dest=2 outstanding=1 threshold=0 effectiveWindow=1 pendingData=1 globalLimit=16 neighborOK=0 nodeOK=1 -> NO
[HOP 8] CanSendToHop dest=2 outstanding=1 threshold=0 effectiveWindow=1 pendingData=1 globalLimit=16 neighborOK=0 nodeOK=1 -> NO
[HOP 8] CanSendToHop dest=2 outstanding=1 threshold=0 effectiveWindow=1 pendingData=1 globalLimit=16 neighborOK=0 nodeOK=1 -> NO
[HOP 8] CanSendToHop dest=2 outstanding=1 threshold=0 effectiveWindow=1 pendingData=1 globalLimit=16 neighborOK=0 nodeOK=1 -> NO
[HOP 8] CanSendToHop dest=2 outstanding=1 threshold=0 effectiveWindow=1 pendingData=1 globalLimit=16 neighborOK=0 nodeOK=1 -> NO
[HOP 8] CanSendToHop dest=2 outstanding=1 threshold=0 effectiveWindow=1 pendingData=1 globalLimit=16 neighborOK=0 nodeOK=1 -> NO
[HOP 8] CanSendToHop dest=2 outstanding=1 threshold=0 effectiveWindow=1 pendingData=1 globalLimit=16 neighborOK=0 nodeOK=1 -> NO
[HOP 8] CanSendToHop dest=2 outstanding=1 threshold=0 effectiveWindow=1 pendingData=1 globalLimit=16 neighborOK=0 nodeOK=1 -> NO
[HOP 8] CanSendToHop dest=2 outstanding=1 threshold=0 effectiveWindow=1 pendingData=1 globalLimit=16 neighborOK=0 nodeOK=1 -> NO
[HOP 8] CanSendToHop dest=2 outstanding=1 threshold=0 effectiveWindow=1 pendingData=1 globalLimit=16 neighborOK=0 nodeOK=1 -> NO
[HOP 8] CanSendToHop dest=2 outstanding=1 threshold=0 effectiveWindow=1 pendingData=1 globalLimit=16 neighborOK=0 nodeOK=1 -> NO
[HOP 8] CanSendToHop dest=2 outstanding=1 threshold=0 effectiveWindow=1 pendingData=1 globalLimit=16 neighborOK=0 nodeOK=1 -> NO
[HOP 8] CanSendToHop dest=2 outstanding=1 threshold=0 effectiveWindow=1 pendingData=1 globalLimit=16 neighborOK=0 nodeOK=1 -> NO
[HOP 8] CanSendToHop dest=2 outstanding=1 threshold=0 effectiveWindow=1 pendingData=1 globalLimit=16 neighborOK=0 nodeOK=1 -> NO
[HOP 8] CanSendToHop dest=2 outstanding=1 threshold=0 effectiveWindow=1 pendingData=1 globalLimit=16 neighborOK=0 nodeOK=1 -> NO
[HOP 8] CanSendToHop dest=2 outstanding=1 threshold=0 effectiveWindow=1 pendingData=1 globalLimit=16 neighborOK=0 nodeOK=1 -> NO
[HOP 8] CanSendToHop dest=2 outstanding=1 threshold=0 effectiveWindow=1 pendingData=1 globalLimit=16 neighborOK=0 nodeOK=1 -> NO
[HOP 8] CanSendToHop dest=2 outstanding=1 threshold=0 effectiveWindow=1 pendingData=1 globalLimit=16 neighborOK=0 nodeOK=1 -> NO
[HOP 8] CanSendToHop dest=2 outstanding=1 threshold=0 effectiveWindow=1 pendingData=1 globalLimit=16 neighborOK=0 nodeOK=1 -> NO
[HOP 8] CanSendToHop dest=2 outstanding=1 threshold=0 effectiveWindow=1 pendingData=1 globalLimit=16 neighborOK=0 nodeOK=1 -> NO
[HOP 8] CanSendToHop dest=2 outstanding=1 threshold=0 effectiveWindow=1 pendingData=1 globalLimit=16 neighborOK=0 nodeOK=1 -> NO
[HOP 8] CanSendToHop dest=2 outstanding=1 threshold=0 effectiveWindow=1 pendingData=1 globalLimit=16 neighborOK=0 nodeOK=1 -> NO
[HOP 8] CanSendToHop dest=2 outstanding=1 threshold=0 effectiveWindow=1 pendingData=1 globalLimit=16 neighborOK=0 nodeOK=1 -> NO
[HOP 8] CanSendToHop dest=2 outstanding=1 threshold=0 effectiveWindow=1 pendingData=1 globalLimit=16 neighborOK=0 nodeOK=1 -> NO
[HOP 8] CanSendToHop dest=2 outstanding=1 threshold=0 effectiveWindow=1 pendingData=1 globalLimit=16 neighborOK=0 nodeOK=1 -> NO
[HOP 8] link_control dest=7 neighborKnown=0 speed=8 txPower=30 rxPower=-105
[NWK 8] Updated reverse path netSrc=7 reverseHop=7
[MAC 8] Update cumulative ACK queue entry dest=7 baseSeq=13 txCount=0
[NWK 8] CheckNwkQueue: size=28
[HOP 8] CanSendToHop dest=2 outstanding=1 threshold=0 effectiveWindow=1 pendingData=1 globalLimit=16 neighborOK=0 nodeOK=1 -> NO
[HOP 8] CanSendToHop dest=2 outstanding=1 threshold=0 effectiveWindow=1 pendingData=1 globalLimit=16 neighborOK=0 nodeOK=1 -> NO
[HOP 8] CanSendToHop dest=2 outstanding=1 threshold=0 effectiveWindow=1 pendingData=1 globalLimit=16 neighborOK=0 nodeOK=1 -> NO
[HOP 8] CanSendToHop dest=2 outstanding=1 threshold=0 effectiveWindow=1 pendingData=1 globalLimit=16 neighborOK=0 nodeOK=1 -> NO
[HOP 8] CanSendToHop dest=2 outstanding=1 threshold=0 effectiveWindow=1 pendingData=1 globalLimit=16 neighborOK=0 nodeOK=1 -> NO
[HOP 8] CanSendToHop dest=2 outstanding=1 threshold=0 effectiveWindow=1 pendingData=1 globalLimit=16 neighborOK=0 nodeOK=1 -> NO
[HOP 8] CanSendToHop dest=2 outstanding=1 threshold=0 effectiveWindow=1 pendingData=1 globalLimit=16 neighborOK=0 nodeOK=1 -> NO
[HOP 8] CanSendToHop dest=2 outstanding=1 threshold=0 effectiveWindow=1 pendingData=1 globalLimit=16 neighborOK=0 nodeOK=1 -> NO
[HOP 8] CanSendToHop dest=2 outstanding=1 threshold=0 effectiveWindow=1 pendingData=1 globalLimit=16 neighborOK=0 nodeOK=1 -> NO
[HOP 8] CanSendToHop dest=2 outstanding=1 threshold=0 effectiveWindow=1 pendingData=1 globalLimit=16 neighborOK=0 nodeOK=1 -> NO
[HOP 8] CanSendToHop dest=2 outstanding=1 threshold=0 effectiveWindow=1 pendingData=1 globalLimit=16 neighborOK=0 nodeOK=1 -> NO
[HOP 8] CanSendToHop dest=2 outstanding=1 threshold=0 effectiveWindow=1 pendingData=1 globalLimit=16 neighborOK=0 nodeOK=1 -> NO
[HOP 8] CanSendToHop dest=2 outstanding=1 threshold=0 effectiveWindow=1 pendingData=1 globalLimit=16 neighborOK=0 nodeOK=1 -> NO
[HOP 8] CanSendToHop dest=2 outstanding=1 threshold=0 effectiveWindow=1 pendingData=1 globalLimit=16 neighborOK=0 nodeOK=1 -> NO
[HOP 8] CanSendToHop dest=2 outstanding=1 threshold=0 effectiveWindow=1 pendingData=1 globalLimit=16 neighborOK=0 nodeOK=1 -> NO
[HOP 8] CanSendToHop dest=2 outstanding=1 threshold=0 effectiveWindow=1 pendingData=1 globalLimit=16 neighborOK=0 nodeOK=1 -> NO
[HOP 8] CanSendToHop dest=2 outstanding=1 threshold=0 effectiveWindow=1 pendingData=1 globalLimit=16 neighborOK=0 nodeOK=1 -> NO
[HOP 8] CanSendToHop dest=2 outstanding=1 threshold=0 effectiveWindow=1 pendingData=1 globalLimit=16 neighborOK=0 nodeOK=1 -> NO
[HOP 8] CanSendToHop dest=2 outstanding=1 threshold=0 effectiveWindow=1 pendingData=1 globalLimit=16 neighborOK=0 nodeOK=1 -> NO
[HOP 8] CanSendToHop dest=2 outstanding=1 threshold=0 effectiveWindow=1 pendingData=1 globalLimit=16 neighborOK=0 nodeOK=1 -> NO
[HOP 8] CanSendToHop dest=2 outstanding=1 threshold=0 effectiveWindow=1 pendingData=1 globalLimit=16 neighborOK=0 nodeOK=1 -> NO
[HOP 8] CanSendToHop dest=2 outstanding=1 threshold=0 effectiveWindow=1 pendingData=1 globalLimit=16 neighborOK=0 nodeOK=1 -> NO
[HOP 8] CanSendToHop dest=2 outstanding=1 threshold=0 effectiveWindow=1 pendingData=1 globalLimit=16 neighborOK=0 nodeOK=1 -> NO
[HOP 8] CanSendToHop dest=2 outstanding=1 threshold=0 effectiveWindow=1 pendingData=1 globalLimit=16 neighborOK=0 nodeOK=1 -> NO
[HOP 8] CanSendToHop dest=2 outstanding=1 threshold=0 effectiveWindow=1 pendingData=1 globalLimit=16 neighborOK=0 nodeOK=1 -> NO
[HOP 8] CanSendToHop dest=2 outstanding=1 threshold=0 effectiveWindow=1 pendingData=1 globalLimit=16 neighborOK=0 nodeOK=1 -> NO
[HOP 8] CanSendToHop dest=2 outstanding=1 threshold=0 effectiveWindow=1 pendingData=1 globalLimit=16 neighborOK=0 nodeOK=1 -> NO
[HOP 8] CanSendToHop dest=2 outstanding=1 threshold=0 effectiveWindow=1 pendingData=1 globalLimit=16 neighborOK=0 nodeOK=1 -> NO
[HOP 8] link_control dest=7 neighborKnown=0 speed=8 txPower=30 rxPower=-105
[NWK 8] Updated reverse path netSrc=7 reverseHop=7
[MAC 8] Update cumulative ACK queue entry dest=7 baseSeq=14 txCount=0
[MAC 8] OPNET 300-ms transmit holdoff complete
[NWK 8] CheckNwkQueue: size=29
[HOP 8] CanSendToHop dest=2 outstanding=1 threshold=0 effectiveWindow=1 pendingData=1 globalLimit=16 neighborOK=0 nodeOK=1 -> NO
[HOP 8] CanSendToHop dest=2 outstanding=1 threshold=0 effectiveWindow=1 pendingData=1 globalLimit=16 neighborOK=0 nodeOK=1 -> NO
[HOP 8] CanSendToHop dest=2 outstanding=1 threshold=0 effectiveWindow=1 pendingData=1 globalLimit=16 neighborOK=0 nodeOK=1 -> NO
[HOP 8] CanSendToHop dest=2 outstanding=1 threshold=0 effectiveWindow=1 pendingData=1 globalLimit=16 neighborOK=0 nodeOK=1 -> NO
[HOP 8] CanSendToHop dest=2 outstanding=1 threshold=0 effectiveWindow=1 pendingData=1 globalLimit=16 neighborOK=0 nodeOK=1 -> NO
[HOP 8] CanSendToHop dest=2 outstanding=1 threshold=0 effectiveWindow=1 pendingData=1 globalLimit=16 neighborOK=0 nodeOK=1 -> NO
[HOP 8] CanSendToHop dest=2 outstanding=1 threshold=0 effectiveWindow=1 pendingData=1 globalLimit=16 neighborOK=0 nodeOK=1 -> NO
[HOP 8] CanSendToHop dest=2 outstanding=1 threshold=0 effectiveWindow=1 pendingData=1 globalLimit=16 neighborOK=0 nodeOK=1 -> NO
[HOP 8] CanSendToHop dest=2 outstanding=1 threshold=0 effectiveWindow=1 pendingData=1 globalLimit=16 neighborOK=0 nodeOK=1 -> NO
[HOP 8] CanSendToHop dest=2 outstanding=1 threshold=0 effectiveWindow=1 pendingData=1 globalLimit=16 neighborOK=0 nodeOK=1 -> NO
[HOP 8] CanSendToHop dest=2 outstanding=1 threshold=0 effectiveWindow=1 pendingData=1 globalLimit=16 neighborOK=0 nodeOK=1 -> NO
[HOP 8] CanSendToHop dest=2 outstanding=1 threshold=0 effectiveWindow=1 pendingData=1 globalLimit=16 neighborOK=0 nodeOK=1 -> NO
[HOP 8] CanSendToHop dest=2 outstanding=1 threshold=0 effectiveWindow=1 pendingData=1 globalLimit=16 neighborOK=0 nodeOK=1 -> NO
[HOP 8] CanSendToHop dest=2 outstanding=1 threshold=0 effectiveWindow=1 pendingData=1 globalLimit=16 neighborOK=0 nodeOK=1 -> NO
[HOP 8] CanSendToHop dest=2 outstanding=1 threshold=0 effectiveWindow=1 pendingData=1 globalLimit=16 neighborOK=0 nodeOK=1 -> NO
[HOP 8] CanSendToHop dest=2 outstanding=1 threshold=0 effectiveWindow=1 pendingData=1 globalLimit=16 neighborOK=0 nodeOK=1 -> NO
[HOP 8] CanSendToHop dest=2 outstanding=1 threshold=0 effectiveWindow=1 pendingData=1 globalLimit=16 neighborOK=0 nodeOK=1 -> NO
[HOP 8] CanSendToHop dest=2 outstanding=1 threshold=0 effectiveWindow=1 pendingData=1 globalLimit=16 neighborOK=0 nodeOK=1 -> NO
[HOP 8] CanSendToHop dest=2 outstanding=1 threshold=0 effectiveWindow=1 pendingData=1 globalLimit=16 neighborOK=0 nodeOK=1 -> NO
[HOP 8] CanSendToHop dest=2 outstanding=1 threshold=0 effectiveWindow=1 pendingData=1 globalLimit=16 neighborOK=0 nodeOK=1 -> NO
[HOP 8] CanSendToHop dest=2 outstanding=1 threshold=0 effectiveWindow=1 pendingData=1 globalLimit=16 neighborOK=0 nodeOK=1 -> NO
[HOP 8] CanSendToHop dest=2 outstanding=1 threshold=0 effectiveWindow=1 pendingData=1 globalLimit=16 neighborOK=0 nodeOK=1 -> NO
[HOP 8] CanSendToHop dest=2 outstanding=1 threshold=0 effectiveWindow=1 pendingData=1 globalLimit=16 neighborOK=0 nodeOK=1 -> NO
[HOP 8] CanSendToHop dest=2 outstanding=1 threshold=0 effectiveWindow=1 pendingData=1 globalLimit=16 neighborOK=0 nodeOK=1 -> NO
[HOP 8] CanSendToHop dest=2 outstanding=1 threshold=0 effectiveWindow=1 pendingData=1 globalLimit=16 neighborOK=0 nodeOK=1 -> NO
[HOP 8] CanSendToHop dest=2 outstanding=1 threshold=0 effectiveWindow=1 pendingData=1 globalLimit=16 neighborOK=0 nodeOK=1 -> NO
[HOP 8] CanSendToHop dest=2 outstanding=1 threshold=0 effectiveWindow=1 pendingData=1 globalLimit=16 neighborOK=0 nodeOK=1 -> NO
[HOP 8] CanSendToHop dest=2 outstanding=1 threshold=0 effectiveWindow=1 pendingData=1 globalLimit=16 neighborOK=0 nodeOK=1 -> NO
[HOP 8] CanSendToHop dest=2 outstanding=1 threshold=0 effectiveWindow=1 pendingData=1 globalLimit=16 neighborOK=0 nodeOK=1 -> NO
[HOP 8] link_control dest=7 neighborKnown=0 speed=8 txPower=30 rxPower=-105
[NWK 8] Updated reverse path netSrc=7 reverseHop=7
[MAC 8] Update cumulative ACK queue entry dest=7 baseSeq=15 txCount=0
[NWK 8] CheckNwkQueue: size=30
[HOP 8] CanSendToHop dest=2 outstanding=1 threshold=0 effectiveWindow=1 pendingData=1 globalLimit=16 neighborOK=0 nodeOK=1 -> NO
[HOP 8] CanSendToHop dest=2 outstanding=1 threshold=0 effectiveWindow=1 pendingData=1 globalLimit=16 neighborOK=0 nodeOK=1 -> NO
[HOP 8] CanSendToHop dest=2 outstanding=1 threshold=0 effectiveWindow=1 pendingData=1 globalLimit=16 neighborOK=0 nodeOK=1 -> NO
[HOP 8] CanSendToHop dest=2 outstanding=1 threshold=0 effectiveWindow=1 pendingData=1 globalLimit=16 neighborOK=0 nodeOK=1 -> NO
[HOP 8] CanSendToHop dest=2 outstanding=1 threshold=0 effectiveWindow=1 pendingData=1 globalLimit=16 neighborOK=0 nodeOK=1 -> NO
[HOP 8] CanSendToHop dest=2 outstanding=1 threshold=0 effectiveWindow=1 pendingData=1 globalLimit=16 neighborOK=0 nodeOK=1 -> NO
[HOP 8] CanSendToHop dest=2 outstanding=1 threshold=0 effectiveWindow=1 pendingData=1 globalLimit=16 neighborOK=0 nodeOK=1 -> NO
[HOP 8] CanSendToHop dest=2 outstanding=1 threshold=0 effectiveWindow=1 pendingData=1 globalLimit=16 neighborOK=0 nodeOK=1 -> NO
[HOP 8] CanSendToHop dest=2 outstanding=1 threshold=0 effectiveWindow=1 pendingData=1 globalLimit=16 neighborOK=0 nodeOK=1 -> NO
[HOP 8] CanSendToHop dest=2 outstanding=1 threshold=0 effectiveWindow=1 pendingData=1 globalLimit=16 neighborOK=0 nodeOK=1 -> NO
[HOP 8] CanSendToHop dest=2 outstanding=1 threshold=0 effectiveWindow=1 pendingData=1 globalLimit=16 neighborOK=0 nodeOK=1 -> NO
[HOP 8] CanSendToHop dest=2 outstanding=1 threshold=0 effectiveWindow=1 pendingData=1 globalLimit=16 neighborOK=0 nodeOK=1 -> NO
[HOP 8] CanSendToHop dest=2 outstanding=1 threshold=0 effectiveWindow=1 pendingData=1 globalLimit=16 neighborOK=0 nodeOK=1 -> NO
[HOP 8] CanSendToHop dest=2 outstanding=1 threshold=0 effectiveWindow=1 pendingData=1 globalLimit=16 neighborOK=0 nodeOK=1 -> NO
[HOP 8] CanSendToHop dest=2 outstanding=1 threshold=0 effectiveWindow=1 pendingData=1 globalLimit=16 neighborOK=0 nodeOK=1 -> NO
[HOP 8] CanSendToHop dest=2 outstanding=1 threshold=0 effectiveWindow=1 pendingData=1 globalLimit=16 neighborOK=0 nodeOK=1 -> NO
[HOP 8] CanSendToHop dest=2 outstanding=1 threshold=0 effectiveWindow=1 pendingData=1 globalLimit=16 neighborOK=0 nodeOK=1 -> NO
[HOP 8] CanSendToHop dest=2 outstanding=1 threshold=0 effectiveWindow=1 pendingData=1 globalLimit=16 neighborOK=0 nodeOK=1 -> NO
[HOP 8] CanSendToHop dest=2 outstanding=1 threshold=0 effectiveWindow=1 pendingData=1 globalLimit=16 neighborOK=0 nodeOK=1 -> NO
[HOP 8] CanSendToHop dest=2 outstanding=1 threshold=0 effectiveWindow=1 pendingData=1 globalLimit=16 neighborOK=0 nodeOK=1 -> NO
[HOP 8] CanSendToHop dest=2 outstanding=1 threshold=0 effectiveWindow=1 pendingData=1 globalLimit=16 neighborOK=0 nodeOK=1 -> NO
[HOP 8] CanSendToHop dest=2 outstanding=1 threshold=0 effectiveWindow=1 pendingData=1 globalLimit=16 neighborOK=0 nodeOK=1 -> NO
[HOP 8] CanSendToHop dest=2 outstanding=1 threshold=0 effectiveWindow=1 pendingData=1 globalLimit=16 neighborOK=0 nodeOK=1 -> NO
[HOP 8] CanSendToHop dest=2 outstanding=1 threshold=0 effectiveWindow=1 pendingData=1 globalLimit=16 neighborOK=0 nodeOK=1 -> NO
[HOP 8] CanSendToHop dest=2 outstanding=1 threshold=0 effectiveWindow=1 pendingData=1 globalLimit=16 neighborOK=0 nodeOK=1 -> NO
[HOP 8] CanSendToHop dest=2 outstanding=1 threshold=0 effectiveWindow=1 pendingData=1 globalLimit=16 neighborOK=0 nodeOK=1 -> NO
[HOP 8] CanSendToHop dest=2 outstanding=1 threshold=0 effectiveWindow=1 pendingData=1 globalLimit=16 neighborOK=0 nodeOK=1 -> NO
[HOP 8] CanSendToHop dest=2 outstanding=1 threshold=0 effectiveWindow=1 pendingData=1 globalLimit=16 neighborOK=0 nodeOK=1 -> NO
[HOP 8] CanSendToHop dest=2 outstanding=1 threshold=0 effectiveWindow=1 pendingData=1 globalLimit=16 neighborOK=0 nodeOK=1 -> NO
[HOP 8] CanSendToHop dest=2 outstanding=1 threshold=0 effectiveWindow=1 pendingData=1 globalLimit=16 neighborOK=0 nodeOK=1 -> NO
[HOP 8] link_control dest=7 neighborKnown=0 speed=8 txPower=30 rxPower=-105
[NWK 8] Updated reverse path netSrc=7 reverseHop=7
[MAC 8] Update cumulative ACK queue entry dest=7 baseSeq=16 txCount=0
[NWK 8] CheckNwkQueue: size=31
[HOP 8] CanSendToHop dest=2 outstanding=1 threshold=0 effectiveWindow=1 pendingData=1 globalLimit=16 neighborOK=0 nodeOK=1 -> NO
[HOP 8] CanSendToHop dest=2 outstanding=1 threshold=0 effectiveWindow=1 pendingData=1 globalLimit=16 neighborOK=0 nodeOK=1 -> NO
[HOP 8] CanSendToHop dest=2 outstanding=1 threshold=0 effectiveWindow=1 pendingData=1 globalLimit=16 neighborOK=0 nodeOK=1 -> NO
[HOP 8] CanSendToHop dest=2 outstanding=1 threshold=0 effectiveWindow=1 pendingData=1 globalLimit=16 neighborOK=0 nodeOK=1 -> NO
[HOP 8] CanSendToHop dest=2 outstanding=1 threshold=0 effectiveWindow=1 pendingData=1 globalLimit=16 neighborOK=0 nodeOK=1 -> NO
[HOP 8] CanSendToHop dest=2 outstanding=1 threshold=0 effectiveWindow=1 pendingData=1 globalLimit=16 neighborOK=0 nodeOK=1 -> NO
[HOP 8] CanSendToHop dest=2 outstanding=1 threshold=0 effectiveWindow=1 pendingData=1 globalLimit=16 neighborOK=0 nodeOK=1 -> NO
[HOP 8] CanSendToHop dest=2 outstanding=1 threshold=0 effectiveWindow=1 pendingData=1 globalLimit=16 neighborOK=0 nodeOK=1 -> NO
[HOP 8] CanSendToHop dest=2 outstanding=1 threshold=0 effectiveWindow=1 pendingData=1 globalLimit=16 neighborOK=0 nodeOK=1 -> NO
[HOP 8] CanSendToHop dest=2 outstanding=1 threshold=0 effectiveWindow=1 pendingData=1 globalLimit=16 neighborOK=0 nodeOK=1 -> NO
[HOP 8] CanSendToHop dest=2 outstanding=1 threshold=0 effectiveWindow=1 pendingData=1 globalLimit=16 neighborOK=0 nodeOK=1 -> NO
[HOP 8] CanSendToHop dest=2 outstanding=1 threshold=0 effectiveWindow=1 pendingData=1 globalLimit=16 neighborOK=0 nodeOK=1 -> NO
[HOP 8] CanSendToHop dest=2 outstanding=1 threshold=0 effectiveWindow=1 pendingData=1 globalLimit=16 neighborOK=0 nodeOK=1 -> NO
[HOP 8] CanSendToHop dest=2 outstanding=1 threshold=0 effectiveWindow=1 pendingData=1 globalLimit=16 neighborOK=0 nodeOK=1 -> NO
[HOP 8] CanSendToHop dest=2 outstanding=1 threshold=0 effectiveWindow=1 pendingData=1 globalLimit=16 neighborOK=0 nodeOK=1 -> NO
[HOP 8] CanSendToHop dest=2 outstanding=1 threshold=0 effectiveWindow=1 pendingData=1 globalLimit=16 neighborOK=0 nodeOK=1 -> NO
[HOP 8] CanSendToHop dest=2 outstanding=1 threshold=0 effectiveWindow=1 pendingData=1 globalLimit=16 neighborOK=0 nodeOK=1 -> NO
[HOP 8] CanSendToHop dest=2 outstanding=1 threshold=0 effectiveWindow=1 pendingData=1 globalLimit=16 neighborOK=0 nodeOK=1 -> NO
[HOP 8] CanSendToHop dest=2 outstanding=1 threshold=0 effectiveWindow=1 pendingData=1 globalLimit=16 neighborOK=0 nodeOK=1 -> NO
[HOP 8] CanSendToHop dest=2 outstanding=1 threshold=0 effectiveWindow=1 pendingData=1 globalLimit=16 neighborOK=0 nodeOK=1 -> NO
[HOP 8] CanSendToHop dest=2 outstanding=1 threshold=0 effectiveWindow=1 pendingData=1 globalLimit=16 neighborOK=0 nodeOK=1 -> NO
[HOP 8] CanSendToHop dest=2 outstanding=1 threshold=0 effectiveWindow=1 pendingData=1 globalLimit=16 neighborOK=0 nodeOK=1 -> NO
[HOP 8] CanSendToHop dest=2 outstanding=1 threshold=0 effectiveWindow=1 pendingData=1 globalLimit=16 neighborOK=0 nodeOK=1 -> NO
[HOP 8] CanSendToHop dest=2 outstanding=1 threshold=0 effectiveWindow=1 pendingData=1 globalLimit=16 neighborOK=0 nodeOK=1 -> NO
[HOP 8] CanSendToHop dest=2 outstanding=1 threshold=0 effectiveWindow=1 pendingData=1 globalLimit=16 neighborOK=0 nodeOK=1 -> NO
[HOP 8] CanSendToHop dest=2 outstanding=1 threshold=0 effectiveWindow=1 pendingData=1 globalLimit=16 neighborOK=0 nodeOK=1 -> NO
[HOP 8] CanSendToHop dest=2 outstanding=1 threshold=0 effectiveWindow=1 pendingData=1 globalLimit=16 neighborOK=0 nodeOK=1 -> NO
[HOP 8] CanSendToHop dest=2 outstanding=1 threshold=0 effectiveWindow=1 pendingData=1 globalLimit=16 neighborOK=0 nodeOK=1 -> NO
[HOP 8] CanSendToHop dest=2 outstanding=1 threshold=0 effectiveWindow=1 pendingData=1 globalLimit=16 neighborOK=0 nodeOK=1 -> NO
[HOP 8] CanSendToHop dest=2 outstanding=1 threshold=0 effectiveWindow=1 pendingData=1 globalLimit=16 neighborOK=0 nodeOK=1 -> NO
[HOP 8] CanSendToHop dest=2 outstanding=1 threshold=0 effectiveWindow=1 pendingData=1 globalLimit=16 neighborOK=0 nodeOK=1 -> NO
[HOP 8] link_control dest=7 neighborKnown=0 speed=8 txPower=30 rxPower=-105
[NWK 8] Updated reverse path netSrc=7 reverseHop=7
[MAC 8] Update cumulative ACK queue entry dest=7 baseSeq=17 txCount=0
[NWK 8] CheckNwkQueue: size=32
[HOP 8] CanSendToHop dest=2 outstanding=1 threshold=0 effectiveWindow=1 pendingData=1 globalLimit=16 neighborOK=0 nodeOK=1 -> NO
[HOP 8] CanSendToHop dest=2 outstanding=1 threshold=0 effectiveWindow=1 pendingData=1 globalLimit=16 neighborOK=0 nodeOK=1 -> NO
[HOP 8] CanSendToHop dest=2 outstanding=1 threshold=0 effectiveWindow=1 pendingData=1 globalLimit=16 neighborOK=0 nodeOK=1 -> NO
[HOP 8] CanSendToHop dest=2 outstanding=1 threshold=0 effectiveWindow=1 pendingData=1 globalLimit=16 neighborOK=0 nodeOK=1 -> NO
[HOP 8] CanSendToHop dest=2 outstanding=1 threshold=0 effectiveWindow=1 pendingData=1 globalLimit=16 neighborOK=0 nodeOK=1 -> NO
[HOP 8] CanSendToHop dest=2 outstanding=1 threshold=0 effectiveWindow=1 pendingData=1 globalLimit=16 neighborOK=0 nodeOK=1 -> NO
[HOP 8] CanSendToHop dest=2 outstanding=1 threshold=0 effectiveWindow=1 pendingData=1 globalLimit=16 neighborOK=0 nodeOK=1 -> NO
[HOP 8] CanSendToHop dest=2 outstanding=1 threshold=0 effectiveWindow=1 pendingData=1 globalLimit=16 neighborOK=0 nodeOK=1 -> NO
[HOP 8] CanSendToHop dest=2 outstanding=1 threshold=0 effectiveWindow=1 pendingData=1 globalLimit=16 neighborOK=0 nodeOK=1 -> NO
[HOP 8] CanSendToHop dest=2 outstanding=1 threshold=0 effectiveWindow=1 pendingData=1 globalLimit=16 neighborOK=0 nodeOK=1 -> NO
[HOP 8] CanSendToHop dest=2 outstanding=1 threshold=0 effectiveWindow=1 pendingData=1 globalLimit=16 neighborOK=0 nodeOK=1 -> NO
[HOP 8] CanSendToHop dest=2 outstanding=1 threshold=0 effectiveWindow=1 pendingData=1 globalLimit=16 neighborOK=0 nodeOK=1 -> NO
[HOP 8] CanSendToHop dest=2 outstanding=1 threshold=0 effectiveWindow=1 pendingData=1 globalLimit=16 neighborOK=0 nodeOK=1 -> NO
[HOP 8] CanSendToHop dest=2 outstanding=1 threshold=0 effectiveWindow=1 pendingData=1 globalLimit=16 neighborOK=0 nodeOK=1 -> NO
[HOP 8] CanSendToHop dest=2 outstanding=1 threshold=0 effectiveWindow=1 pendingData=1 globalLimit=16 neighborOK=0 nodeOK=1 -> NO
[HOP 8] CanSendToHop dest=2 outstanding=1 threshold=0 effectiveWindow=1 pendingData=1 globalLimit=16 neighborOK=0 nodeOK=1 -> NO
[HOP 8] CanSendToHop dest=2 outstanding=1 threshold=0 effectiveWindow=1 pendingData=1 globalLimit=16 neighborOK=0 nodeOK=1 -> NO
[HOP 8] CanSendToHop dest=2 outstanding=1 threshold=0 effectiveWindow=1 pendingData=1 globalLimit=16 neighborOK=0 nodeOK=1 -> NO
[HOP 8] CanSendToHop dest=2 outstanding=1 threshold=0 effectiveWindow=1 pendingData=1 globalLimit=16 neighborOK=0 nodeOK=1 -> NO
[HOP 8] CanSendToHop dest=2 outstanding=1 threshold=0 effectiveWindow=1 pendingData=1 globalLimit=16 neighborOK=0 nodeOK=1 -> NO
[HOP 8] CanSendToHop dest=2 outstanding=1 threshold=0 effectiveWindow=1 pendingData=1 globalLimit=16 neighborOK=0 nodeOK=1 -> NO
[HOP 8] CanSendToHop dest=2 outstanding=1 threshold=0 effectiveWindow=1 pendingData=1 globalLimit=16 neighborOK=0 nodeOK=1 -> NO
[HOP 8] CanSendToHop dest=2 outstanding=1 threshold=0 effectiveWindow=1 pendingData=1 globalLimit=16 neighborOK=0 nodeOK=1 -> NO
[HOP 8] CanSendToHop dest=2 outstanding=1 threshold=0 effectiveWindow=1 pendingData=1 globalLimit=16 neighborOK=0 nodeOK=1 -> NO
[HOP 8] CanSendToHop dest=2 outstanding=1 threshold=0 effectiveWindow=1 pendingData=1 globalLimit=16 neighborOK=0 nodeOK=1 -> NO
[HOP 8] CanSendToHop dest=2 outstanding=1 threshold=0 effectiveWindow=1 pendingData=1 globalLimit=16 neighborOK=0 nodeOK=1 -> NO
[HOP 8] CanSendToHop dest=2 outstanding=1 threshold=0 effectiveWindow=1 pendingData=1 globalLimit=16 neighborOK=0 nodeOK=1 -> NO
[HOP 8] CanSendToHop dest=2 outstanding=1 threshold=0 effectiveWindow=1 pendingData=1 globalLimit=16 neighborOK=0 nodeOK=1 -> NO
[HOP 8] CanSendToHop dest=2 outstanding=1 threshold=0 effectiveWindow=1 pendingData=1 globalLimit=16 neighborOK=0 nodeOK=1 -> NO
[HOP 8] CanSendToHop dest=2 outstanding=1 threshold=0 effectiveWindow=1 pendingData=1 globalLimit=16 neighborOK=0 nodeOK=1 -> NO
[HOP 8] CanSendToHop dest=2 outstanding=1 threshold=0 effectiveWindow=1 pendingData=1 globalLimit=16 neighborOK=0 nodeOK=1 -> NO
[HOP 8] CanSendToHop dest=2 outstanding=1 threshold=0 effectiveWindow=1 pendingData=1 globalLimit=16 neighborOK=0 nodeOK=1 -> NO
[NWK 8] ARL neighbor admission=disabled
[NWK 8] automatic_route_propagation=disabled
[NWK 8] Added route candidate dst=1 nextHop=2 hops=2 cost=1 linkCost=1 advCost=0 learnedFrom=16777215 selectionDeferred=0 selected=1
[NWK 8] Updated selected-route preference dst=1 preferredNextHop=2
[NWK 8] Selected route changed dst=1 reason=candidate update pendingDestinations=1
[NWK 8] routesProcess grouped selected-route changes count=1 infoChanged=0 time=0
[NWK 8] Best route dst=1 nextHop=2 cost=1 hops=2 learnedFrom=16777215 candidates=1 validCandidates=1
[NWK 8] Automatic route propagation disabled; reporting only
[HOP 8] link_control dest=7 neighborKnown=0 speed=8 txPower=30 rxPower=-105
[NWK 8] Added reverse path netSrc=7 reverseHop=7
[MAC 8] Enqueue ACK dest=7 seq=1 window=1 ack_queue_size=1
[NWK 8] CheckNwkQueue: size=1
[HOP 8] CanSendToHop dest=2 outstanding=0 threshold=0 effectiveWindow=1 pendingData=0 globalLimit=16 neighborOK=1 nodeOK=1 -> YES
[HOP 8] link_control dest=2 neighborKnown=0 speed=8 txPower=30 rxPower=-105
[HOP 8] Pending DATA increment dest=2 pending=1
[HOP 8] TX Pairwise16 DATA neighbor=2 hopSeq=1 securityCount=1
[MAC] Enqueue TX pkt dscp=0 insert_pos=0 queue_size_before=0
[HOP 8] link_control dest=7 neighborKnown=0 speed=8 txPower=30 rxPower=-105
[MAC 8] Update cumulative ACK queue entry dest=7 baseSeq=1 txCount=0
[NWK 8] ARL neighbor admission=disabled
[NWK 8] automatic_route_propagation=disabled
[NWK 8] Added route candidate dst=1 nextHop=2 hops=2 cost=1 linkCost=1 advCost=0 learnedFrom=16777215 selectionDeferred=0 selected=1
[NWK 8] Updated selected-route preference dst=1 preferredNextHop=2
[NWK 8] Selected route changed dst=1 reason=candidate update pendingDestinations=1
[NWK 8] routesProcess grouped selected-route changes count=1 infoChanged=0 time=0
[NWK 8] Best route dst=1 nextHop=2 cost=1 hops=2 learnedFrom=16777215 candidates=1 validCandidates=1
[NWK 8] Automatic route propagation disabled; reporting only
[HOP 8] link_control dest=7 neighborKnown=0 speed=8 txPower=30 rxPower=-105
[NWK 8] Added reverse path netSrc=7 reverseHop=7
[MAC 8] Enqueue ACK dest=7 seq=1 window=1 ack_queue_size=1
[NWK 8] CheckNwkQueue: size=1
[HOP 8] CanSendToHop dest=2 outstanding=0 threshold=0 effectiveWindow=1 pendingData=0 globalLimit=16 neighborOK=1 nodeOK=1 -> YES
[HOP 8] link_control dest=2 neighborKnown=0 speed=8 txPower=30 rxPower=-105
[HOP 8] Pending DATA increment dest=2 pending=1
[HOP 8] TX Pairwise16 DATA neighbor=2 hopSeq=1 securityCount=1
[MAC] Enqueue TX pkt dscp=0 insert_pos=0 queue_size_before=0
[HOP 8] link_control dest=7 neighborKnown=0 speed=8 txPower=30 rxPower=-105
[NWK 8] Updated reverse path netSrc=7 reverseHop=7
[MAC 8] Update cumulative ACK queue entry dest=7 baseSeq=2 txCount=0
[NWK 8] CheckNwkQueue: size=1
[HOP 8] CanSendToHop dest=2 outstanding=1 threshold=0 effectiveWindow=1 pendingData=1 globalLimit=16 neighborOK=0 nodeOK=1 -> NO
[HOP 8] link_control dest=7 neighborKnown=0 speed=8 txPower=30 rxPower=-105
[NWK 8] Updated reverse path netSrc=7 reverseHop=7
[MAC 8] Update cumulative ACK queue entry dest=7 baseSeq=3 txCount=0
[NWK 8] CheckNwkQueue: size=2
[HOP 8] CanSendToHop dest=2 outstanding=1 threshold=0 effectiveWindow=1 pendingData=1 globalLimit=16 neighborOK=0 nodeOK=1 -> NO
[HOP 8] CanSendToHop dest=2 outstanding=1 threshold=0 effectiveWindow=1 pendingData=1 globalLimit=16 neighborOK=0 nodeOK=1 -> NO
[HOP 8] link_control dest=7 neighborKnown=0 speed=8 txPower=30 rxPower=-105
[NWK 8] Updated reverse path netSrc=7 reverseHop=7
[MAC 8] Update cumulative ACK queue entry dest=7 baseSeq=4 txCount=0
[NWK 8] CheckNwkQueue: size=3
[HOP 8] CanSendToHop dest=2 outstanding=1 threshold=0 effectiveWindow=1 pendingData=1 globalLimit=16 neighborOK=0 nodeOK=1 -> NO
[HOP 8] CanSendToHop dest=2 outstanding=1 threshold=0 effectiveWindow=1 pendingData=1 globalLimit=16 neighborOK=0 nodeOK=1 -> NO
[HOP 8] CanSendToHop dest=2 outstanding=1 threshold=0 effectiveWindow=1 pendingData=1 globalLimit=16 neighborOK=0 nodeOK=1 -> NO
[HOP 8] link_control dest=7 neighborKnown=0 speed=8 txPower=30 rxPower=-105
[NWK 8] Updated reverse path netSrc=7 reverseHop=7
[MAC 8] Update cumulative ACK queue entry dest=7 baseSeq=5 txCount=0
[NWK 8] CheckNwkQueue: size=4
[HOP 8] CanSendToHop dest=2 outstanding=1 threshold=0 effectiveWindow=1 pendingData=1 globalLimit=16 neighborOK=0 nodeOK=1 -> NO
[HOP 8] CanSendToHop dest=2 outstanding=1 threshold=0 effectiveWindow=1 pendingData=1 globalLimit=16 neighborOK=0 nodeOK=1 -> NO
[HOP 8] CanSendToHop dest=2 outstanding=1 threshold=0 effectiveWindow=1 pendingData=1 globalLimit=16 neighborOK=0 nodeOK=1 -> NO
[HOP 8] CanSendToHop dest=2 outstanding=1 threshold=0 effectiveWindow=1 pendingData=1 globalLimit=16 neighborOK=0 nodeOK=1 -> NO
[HOP 8] link_control dest=7 neighborKnown=0 speed=8 txPower=30 rxPower=-105
[NWK 8] Updated reverse path netSrc=7 reverseHop=7
[MAC 8] Update cumulative ACK queue entry dest=7 baseSeq=6 txCount=0
[NWK 8] CheckNwkQueue: size=5
[HOP 8] CanSendToHop dest=2 outstanding=1 threshold=0 effectiveWindow=1 pendingData=1 globalLimit=16 neighborOK=0 nodeOK=1 -> NO
[HOP 8] CanSendToHop dest=2 outstanding=1 threshold=0 effectiveWindow=1 pendingData=1 globalLimit=16 neighborOK=0 nodeOK=1 -> NO
[HOP 8] CanSendToHop dest=2 outstanding=1 threshold=0 effectiveWindow=1 pendingData=1 globalLimit=16 neighborOK=0 nodeOK=1 -> NO
[HOP 8] CanSendToHop dest=2 outstanding=1 threshold=0 effectiveWindow=1 pendingData=1 globalLimit=16 neighborOK=0 nodeOK=1 -> NO
[HOP 8] CanSendToHop dest=2 outstanding=1 threshold=0 effectiveWindow=1 pendingData=1 globalLimit=16 neighborOK=0 nodeOK=1 -> NO
[HOP 8] link_control dest=7 neighborKnown=0 speed=8 txPower=30 rxPower=-105
[NWK 8] Updated reverse path netSrc=7 reverseHop=7
[MAC 8] Update cumulative ACK queue entry dest=7 baseSeq=7 txCount=0
[NWK 8] CheckNwkQueue: size=6
[HOP 8] CanSendToHop dest=2 outstanding=1 threshold=0 effectiveWindow=1 pendingData=1 globalLimit=16 neighborOK=0 nodeOK=1 -> NO
[HOP 8] CanSendToHop dest=2 outstanding=1 threshold=0 effectiveWindow=1 pendingData=1 globalLimit=16 neighborOK=0 nodeOK=1 -> NO
[HOP 8] CanSendToHop dest=2 outstanding=1 threshold=0 effectiveWindow=1 pendingData=1 globalLimit=16 neighborOK=0 nodeOK=1 -> NO
[HOP 8] CanSendToHop dest=2 outstanding=1 threshold=0 effectiveWindow=1 pendingData=1 globalLimit=16 neighborOK=0 nodeOK=1 -> NO
[HOP 8] CanSendToHop dest=2 outstanding=1 threshold=0 effectiveWindow=1 pendingData=1 globalLimit=16 neighborOK=0 nodeOK=1 -> NO
[HOP 8] CanSendToHop dest=2 outstanding=1 threshold=0 effectiveWindow=1 pendingData=1 globalLimit=16 neighborOK=0 nodeOK=1 -> NO
[HOP 8] link_control dest=7 neighborKnown=0 speed=8 txPower=30 rxPower=-105
[NWK 8] Updated reverse path netSrc=7 reverseHop=7
[MAC 8] Update cumulative ACK queue entry dest=7 baseSeq=8 txCount=0
[NWK 8] CheckNwkQueue: size=7
[HOP 8] CanSendToHop dest=2 outstanding=1 threshold=0 effectiveWindow=1 pendingData=1 globalLimit=16 neighborOK=0 nodeOK=1 -> NO
[HOP 8] CanSendToHop dest=2 outstanding=1 threshold=0 effectiveWindow=1 pendingData=1 globalLimit=16 neighborOK=0 nodeOK=1 -> NO
[HOP 8] CanSendToHop dest=2 outstanding=1 threshold=0 effectiveWindow=1 pendingData=1 globalLimit=16 neighborOK=0 nodeOK=1 -> NO
[HOP 8] CanSendToHop dest=2 outstanding=1 threshold=0 effectiveWindow=1 pendingData=1 globalLimit=16 neighborOK=0 nodeOK=1 -> NO
[HOP 8] CanSendToHop dest=2 outstanding=1 threshold=0 effectiveWindow=1 pendingData=1 globalLimit=16 neighborOK=0 nodeOK=1 -> NO
[HOP 8] CanSendToHop dest=2 outstanding=1 threshold=0 effectiveWindow=1 pendingData=1 globalLimit=16 neighborOK=0 nodeOK=1 -> NO
[HOP 8] CanSendToHop dest=2 outstanding=1 threshold=0 effectiveWindow=1 pendingData=1 globalLimit=16 neighborOK=0 nodeOK=1 -> NO
[HOP 8] link_control dest=7 neighborKnown=0 speed=8 txPower=30 rxPower=-105
[NWK 8] Updated reverse path netSrc=7 reverseHop=7
[MAC 8] Update cumulative ACK queue entry dest=7 baseSeq=9 txCount=0
[NWK 8] CheckNwkQueue: size=8
[HOP 8] CanSendToHop dest=2 outstanding=1 threshold=0 effectiveWindow=1 pendingData=1 globalLimit=16 neighborOK=0 nodeOK=1 -> NO
[HOP 8] CanSendToHop dest=2 outstanding=1 threshold=0 effectiveWindow=1 pendingData=1 globalLimit=16 neighborOK=0 nodeOK=1 -> NO
[HOP 8] CanSendToHop dest=2 outstanding=1 threshold=0 effectiveWindow=1 pendingData=1 globalLimit=16 neighborOK=0 nodeOK=1 -> NO
[HOP 8] CanSendToHop dest=2 outstanding=1 threshold=0 effectiveWindow=1 pendingData=1 globalLimit=16 neighborOK=0 nodeOK=1 -> NO
[HOP 8] CanSendToHop dest=2 outstanding=1 threshold=0 effectiveWindow=1 pendingData=1 globalLimit=16 neighborOK=0 nodeOK=1 -> NO
[HOP 8] CanSendToHop dest=2 outstanding=1 threshold=0 effectiveWindow=1 pendingData=1 globalLimit=16 neighborOK=0 nodeOK=1 -> NO
[HOP 8] CanSendToHop dest=2 outstanding=1 threshold=0 effectiveWindow=1 pendingData=1 globalLimit=16 neighborOK=0 nodeOK=1 -> NO
[HOP 8] CanSendToHop dest=2 outstanding=1 threshold=0 effectiveWindow=1 pendingData=1 globalLimit=16 neighborOK=0 nodeOK=1 -> NO
[HOP 8] link_control dest=7 neighborKnown=0 speed=8 txPower=30 rxPower=-105
[NWK 8] Updated reverse path netSrc=7 reverseHop=7
[MAC 8] Update cumulative ACK queue entry dest=7 baseSeq=10 txCount=0
[NWK 8] CheckNwkQueue: size=9
[HOP 8] CanSendToHop dest=2 outstanding=1 threshold=0 effectiveWindow=1 pendingData=1 globalLimit=16 neighborOK=0 nodeOK=1 -> NO
[HOP 8] CanSendToHop dest=2 outstanding=1 threshold=0 effectiveWindow=1 pendingData=1 globalLimit=16 neighborOK=0 nodeOK=1 -> NO
[HOP 8] CanSendToHop dest=2 outstanding=1 threshold=0 effectiveWindow=1 pendingData=1 globalLimit=16 neighborOK=0 nodeOK=1 -> NO
[HOP 8] CanSendToHop dest=2 outstanding=1 threshold=0 effectiveWindow=1 pendingData=1 globalLimit=16 neighborOK=0 nodeOK=1 -> NO
[HOP 8] CanSendToHop dest=2 outstanding=1 threshold=0 effectiveWindow=1 pendingData=1 globalLimit=16 neighborOK=0 nodeOK=1 -> NO
[HOP 8] CanSendToHop dest=2 outstanding=1 threshold=0 effectiveWindow=1 pendingData=1 globalLimit=16 neighborOK=0 nodeOK=1 -> NO
[HOP 8] CanSendToHop dest=2 outstanding=1 threshold=0 effectiveWindow=1 pendingData=1 globalLimit=16 neighborOK=0 nodeOK=1 -> NO
[HOP 8] CanSendToHop dest=2 outstanding=1 threshold=0 effectiveWindow=1 pendingData=1 globalLimit=16 neighborOK=0 nodeOK=1 -> NO
[HOP 8] CanSendToHop dest=2 outstanding=1 threshold=0 effectiveWindow=1 pendingData=1 globalLimit=16 neighborOK=0 nodeOK=1 -> NO
[HOP 8] link_control dest=7 neighborKnown=0 speed=8 txPower=30 rxPower=-105
[NWK 8] Updated reverse path netSrc=7 reverseHop=7
[MAC 8] Update cumulative ACK queue entry dest=7 baseSeq=11 txCount=0
[NWK 8] CheckNwkQueue: size=10
[HOP 8] CanSendToHop dest=2 outstanding=1 threshold=0 effectiveWindow=1 pendingData=1 globalLimit=16 neighborOK=0 nodeOK=1 -> NO
[HOP 8] CanSendToHop dest=2 outstanding=1 threshold=0 effectiveWindow=1 pendingData=1 globalLimit=16 neighborOK=0 nodeOK=1 -> NO
[HOP 8] CanSendToHop dest=2 outstanding=1 threshold=0 effectiveWindow=1 pendingData=1 globalLimit=16 neighborOK=0 nodeOK=1 -> NO
[HOP 8] CanSendToHop dest=2 outstanding=1 threshold=0 effectiveWindow=1 pendingData=1 globalLimit=16 neighborOK=0 nodeOK=1 -> NO
[HOP 8] CanSendToHop dest=2 outstanding=1 threshold=0 effectiveWindow=1 pendingData=1 globalLimit=16 neighborOK=0 nodeOK=1 -> NO
[HOP 8] CanSendToHop dest=2 outstanding=1 threshold=0 effectiveWindow=1 pendingData=1 globalLimit=16 neighborOK=0 nodeOK=1 -> NO
[HOP 8] CanSendToHop dest=2 outstanding=1 threshold=0 effectiveWindow=1 pendingData=1 globalLimit=16 neighborOK=0 nodeOK=1 -> NO
[HOP 8] CanSendToHop dest=2 outstanding=1 threshold=0 effectiveWindow=1 pendingData=1 globalLimit=16 neighborOK=0 nodeOK=1 -> NO
[HOP 8] CanSendToHop dest=2 outstanding=1 threshold=0 effectiveWindow=1 pendingData=1 globalLimit=16 neighborOK=0 nodeOK=1 -> NO
[HOP 8] CanSendToHop dest=2 outstanding=1 threshold=0 effectiveWindow=1 pendingData=1 globalLimit=16 neighborOK=0 nodeOK=1 -> NO
[HOP 8] link_control dest=7 neighborKnown=0 speed=8 txPower=30 rxPower=-105
[NWK 8] Updated reverse path netSrc=7 reverseHop=7
[MAC 8] Update cumulative ACK queue entry dest=7 baseSeq=12 txCount=0
[NWK 8] CheckNwkQueue: size=11
[HOP 8] CanSendToHop dest=2 outstanding=1 threshold=0 effectiveWindow=1 pendingData=1 globalLimit=16 neighborOK=0 nodeOK=1 -> NO
[HOP 8] CanSendToHop dest=2 outstanding=1 threshold=0 effectiveWindow=1 pendingData=1 globalLimit=16 neighborOK=0 nodeOK=1 -> NO
[HOP 8] CanSendToHop dest=2 outstanding=1 threshold=0 effectiveWindow=1 pendingData=1 globalLimit=16 neighborOK=0 nodeOK=1 -> NO
[HOP 8] CanSendToHop dest=2 outstanding=1 threshold=0 effectiveWindow=1 pendingData=1 globalLimit=16 neighborOK=0 nodeOK=1 -> NO
[HOP 8] CanSendToHop dest=2 outstanding=1 threshold=0 effectiveWindow=1 pendingData=1 globalLimit=16 neighborOK=0 nodeOK=1 -> NO
[HOP 8] CanSendToHop dest=2 outstanding=1 threshold=0 effectiveWindow=1 pendingData=1 globalLimit=16 neighborOK=0 nodeOK=1 -> NO
[HOP 8] CanSendToHop dest=2 outstanding=1 threshold=0 effectiveWindow=1 pendingData=1 globalLimit=16 neighborOK=0 nodeOK=1 -> NO
[HOP 8] CanSendToHop dest=2 outstanding=1 threshold=0 effectiveWindow=1 pendingData=1 globalLimit=16 neighborOK=0 nodeOK=1 -> NO
[HOP 8] CanSendToHop dest=2 outstanding=1 threshold=0 effectiveWindow=1 pendingData=1 globalLimit=16 neighborOK=0 nodeOK=1 -> NO
[HOP 8] CanSendToHop dest=2 outstanding=1 threshold=0 effectiveWindow=1 pendingData=1 globalLimit=16 neighborOK=0 nodeOK=1 -> NO
[HOP 8] CanSendToHop dest=2 outstanding=1 threshold=0 effectiveWindow=1 pendingData=1 globalLimit=16 neighborOK=0 nodeOK=1 -> NO
[HOP 8] link_control dest=7 neighborKnown=0 speed=8 txPower=30 rxPower=-105
[NWK 8] Updated reverse path netSrc=7 reverseHop=7
[MAC 8] Update cumulative ACK queue entry dest=7 baseSeq=13 txCount=0
[NWK 8] CheckNwkQueue: size=12
[HOP 8] CanSendToHop dest=2 outstanding=1 threshold=0 effectiveWindow=1 pendingData=1 globalLimit=16 neighborOK=0 nodeOK=1 -> NO
[HOP 8] CanSendToHop dest=2 outstanding=1 threshold=0 effectiveWindow=1 pendingData=1 globalLimit=16 neighborOK=0 nodeOK=1 -> NO
[HOP 8] CanSendToHop dest=2 outstanding=1 threshold=0 effectiveWindow=1 pendingData=1 globalLimit=16 neighborOK=0 nodeOK=1 -> NO
[HOP 8] CanSendToHop dest=2 outstanding=1 threshold=0 effectiveWindow=1 pendingData=1 globalLimit=16 neighborOK=0 nodeOK=1 -> NO
[HOP 8] CanSendToHop dest=2 outstanding=1 threshold=0 effectiveWindow=1 pendingData=1 globalLimit=16 neighborOK=0 nodeOK=1 -> NO
[HOP 8] CanSendToHop dest=2 outstanding=1 threshold=0 effectiveWindow=1 pendingData=1 globalLimit=16 neighborOK=0 nodeOK=1 -> NO
[HOP 8] CanSendToHop dest=2 outstanding=1 threshold=0 effectiveWindow=1 pendingData=1 globalLimit=16 neighborOK=0 nodeOK=1 -> NO
[HOP 8] CanSendToHop dest=2 outstanding=1 threshold=0 effectiveWindow=1 pendingData=1 globalLimit=16 neighborOK=0 nodeOK=1 -> NO
[HOP 8] CanSendToHop dest=2 outstanding=1 threshold=0 effectiveWindow=1 pendingData=1 globalLimit=16 neighborOK=0 nodeOK=1 -> NO
[HOP 8] CanSendToHop dest=2 outstanding=1 threshold=0 effectiveWindow=1 pendingData=1 globalLimit=16 neighborOK=0 nodeOK=1 -> NO
[HOP 8] CanSendToHop dest=2 outstanding=1 threshold=0 effectiveWindow=1 pendingData=1 globalLimit=16 neighborOK=0 nodeOK=1 -> NO
[HOP 8] CanSendToHop dest=2 outstanding=1 threshold=0 effectiveWindow=1 pendingData=1 globalLimit=16 neighborOK=0 nodeOK=1 -> NO
[HOP 8] link_control dest=7 neighborKnown=0 speed=8 txPower=30 rxPower=-105
[NWK 8] Updated reverse path netSrc=7 reverseHop=7
[MAC 8] Update cumulative ACK queue entry dest=7 baseSeq=14 txCount=0
[NWK 8] CheckNwkQueue: size=13
[HOP 8] CanSendToHop dest=2 outstanding=1 threshold=0 effectiveWindow=1 pendingData=1 globalLimit=16 neighborOK=0 nodeOK=1 -> NO
[HOP 8] CanSendToHop dest=2 outstanding=1 threshold=0 effectiveWindow=1 pendingData=1 globalLimit=16 neighborOK=0 nodeOK=1 -> NO
[HOP 8] CanSendToHop dest=2 outstanding=1 threshold=0 effectiveWindow=1 pendingData=1 globalLimit=16 neighborOK=0 nodeOK=1 -> NO
[HOP 8] CanSendToHop dest=2 outstanding=1 threshold=0 effectiveWindow=1 pendingData=1 globalLimit=16 neighborOK=0 nodeOK=1 -> NO
[HOP 8] CanSendToHop dest=2 outstanding=1 threshold=0 effectiveWindow=1 pendingData=1 globalLimit=16 neighborOK=0 nodeOK=1 -> NO
[HOP 8] CanSendToHop dest=2 outstanding=1 threshold=0 effectiveWindow=1 pendingData=1 globalLimit=16 neighborOK=0 nodeOK=1 -> NO
[HOP 8] CanSendToHop dest=2 outstanding=1 threshold=0 effectiveWindow=1 pendingData=1 globalLimit=16 neighborOK=0 nodeOK=1 -> NO
[HOP 8] CanSendToHop dest=2 outstanding=1 threshold=0 effectiveWindow=1 pendingData=1 globalLimit=16 neighborOK=0 nodeOK=1 -> NO
[HOP 8] CanSendToHop dest=2 outstanding=1 threshold=0 effectiveWindow=1 pendingData=1 globalLimit=16 neighborOK=0 nodeOK=1 -> NO
[HOP 8] CanSendToHop dest=2 outstanding=1 threshold=0 effectiveWindow=1 pendingData=1 globalLimit=16 neighborOK=0 nodeOK=1 -> NO
[HOP 8] CanSendToHop dest=2 outstanding=1 threshold=0 effectiveWindow=1 pendingData=1 globalLimit=16 neighborOK=0 nodeOK=1 -> NO
[HOP 8] CanSendToHop dest=2 outstanding=1 threshold=0 effectiveWindow=1 pendingData=1 globalLimit=16 neighborOK=0 nodeOK=1 -> NO
[HOP 8] CanSendToHop dest=2 outstanding=1 threshold=0 effectiveWindow=1 pendingData=1 globalLimit=16 neighborOK=0 nodeOK=1 -> NO
[HOP 8] link_control dest=7 neighborKnown=0 speed=8 txPower=30 rxPower=-105
[NWK 8] Updated reverse path netSrc=7 reverseHop=7
[MAC 8] Update cumulative ACK queue entry dest=7 baseSeq=15 txCount=0
[NWK 8] CheckNwkQueue: size=14
[HOP 8] CanSendToHop dest=2 outstanding=1 threshold=0 effectiveWindow=1 pendingData=1 globalLimit=16 neighborOK=0 nodeOK=1 -> NO
[HOP 8] CanSendToHop dest=2 outstanding=1 threshold=0 effectiveWindow=1 pendingData=1 globalLimit=16 neighborOK=0 nodeOK=1 -> NO
[HOP 8] CanSendToHop dest=2 outstanding=1 threshold=0 effectiveWindow=1 pendingData=1 globalLimit=16 neighborOK=0 nodeOK=1 -> NO
[HOP 8] CanSendToHop dest=2 outstanding=1 threshold=0 effectiveWindow=1 pendingData=1 globalLimit=16 neighborOK=0 nodeOK=1 -> NO
[HOP 8] CanSendToHop dest=2 outstanding=1 threshold=0 effectiveWindow=1 pendingData=1 globalLimit=16 neighborOK=0 nodeOK=1 -> NO
[HOP 8] CanSendToHop dest=2 outstanding=1 threshold=0 effectiveWindow=1 pendingData=1 globalLimit=16 neighborOK=0 nodeOK=1 -> NO
[HOP 8] CanSendToHop dest=2 outstanding=1 threshold=0 effectiveWindow=1 pendingData=1 globalLimit=16 neighborOK=0 nodeOK=1 -> NO
[HOP 8] CanSendToHop dest=2 outstanding=1 threshold=0 effectiveWindow=1 pendingData=1 globalLimit=16 neighborOK=0 nodeOK=1 -> NO
[HOP 8] CanSendToHop dest=2 outstanding=1 threshold=0 effectiveWindow=1 pendingData=1 globalLimit=16 neighborOK=0 nodeOK=1 -> NO
[HOP 8] CanSendToHop dest=2 outstanding=1 threshold=0 effectiveWindow=1 pendingData=1 globalLimit=16 neighborOK=0 nodeOK=1 -> NO
[HOP 8] CanSendToHop dest=2 outstanding=1 threshold=0 effectiveWindow=1 pendingData=1 globalLimit=16 neighborOK=0 nodeOK=1 -> NO
[HOP 8] CanSendToHop dest=2 outstanding=1 threshold=0 effectiveWindow=1 pendingData=1 globalLimit=16 neighborOK=0 nodeOK=1 -> NO
[HOP 8] CanSendToHop dest=2 outstanding=1 threshold=0 effectiveWindow=1 pendingData=1 globalLimit=16 neighborOK=0 nodeOK=1 -> NO
[HOP 8] CanSendToHop dest=2 outstanding=1 threshold=0 effectiveWindow=1 pendingData=1 globalLimit=16 neighborOK=0 nodeOK=1 -> NO
[HOP 8] link_control dest=7 neighborKnown=0 speed=8 txPower=30 rxPower=-105
[NWK 8] Updated reverse path netSrc=7 reverseHop=7
[MAC 8] Update cumulative ACK queue entry dest=7 baseSeq=16 txCount=0
[NWK 8] CheckNwkQueue: size=15
[HOP 8] CanSendToHop dest=2 outstanding=1 threshold=0 effectiveWindow=1 pendingData=1 globalLimit=16 neighborOK=0 nodeOK=1 -> NO
[HOP 8] CanSendToHop dest=2 outstanding=1 threshold=0 effectiveWindow=1 pendingData=1 globalLimit=16 neighborOK=0 nodeOK=1 -> NO
[HOP 8] CanSendToHop dest=2 outstanding=1 threshold=0 effectiveWindow=1 pendingData=1 globalLimit=16 neighborOK=0 nodeOK=1 -> NO
[HOP 8] CanSendToHop dest=2 outstanding=1 threshold=0 effectiveWindow=1 pendingData=1 globalLimit=16 neighborOK=0 nodeOK=1 -> NO
[HOP 8] CanSendToHop dest=2 outstanding=1 threshold=0 effectiveWindow=1 pendingData=1 globalLimit=16 neighborOK=0 nodeOK=1 -> NO
[HOP 8] CanSendToHop dest=2 outstanding=1 threshold=0 effectiveWindow=1 pendingData=1 globalLimit=16 neighborOK=0 nodeOK=1 -> NO
[HOP 8] CanSendToHop dest=2 outstanding=1 threshold=0 effectiveWindow=1 pendingData=1 globalLimit=16 neighborOK=0 nodeOK=1 -> NO
[HOP 8] CanSendToHop dest=2 outstanding=1 threshold=0 effectiveWindow=1 pendingData=1 globalLimit=16 neighborOK=0 nodeOK=1 -> NO
[HOP 8] CanSendToHop dest=2 outstanding=1 threshold=0 effectiveWindow=1 pendingData=1 globalLimit=16 neighborOK=0 nodeOK=1 -> NO
[HOP 8] CanSendToHop dest=2 outstanding=1 threshold=0 effectiveWindow=1 pendingData=1 globalLimit=16 neighborOK=0 nodeOK=1 -> NO
[HOP 8] CanSendToHop dest=2 outstanding=1 threshold=0 effectiveWindow=1 pendingData=1 globalLimit=16 neighborOK=0 nodeOK=1 -> NO
[HOP 8] CanSendToHop dest=2 outstanding=1 threshold=0 effectiveWindow=1 pendingData=1 globalLimit=16 neighborOK=0 nodeOK=1 -> NO
[HOP 8] CanSendToHop dest=2 outstanding=1 threshold=0 effectiveWindow=1 pendingData=1 globalLimit=16 neighborOK=0 nodeOK=1 -> NO
[HOP 8] CanSendToHop dest=2 outstanding=1 threshold=0 effectiveWindow=1 pendingData=1 globalLimit=16 neighborOK=0 nodeOK=1 -> NO
[HOP 8] CanSendToHop dest=2 outstanding=1 threshold=0 effectiveWindow=1 pendingData=1 globalLimit=16 neighborOK=0 nodeOK=1 -> NO
[HOP 8] link_control dest=7 neighborKnown=0 speed=8 txPower=30 rxPower=-105
[NWK 8] Updated reverse path netSrc=7 reverseHop=7
[MAC 8] Update cumulative ACK queue entry dest=7 baseSeq=17 txCount=0
[NWK 8] CheckNwkQueue: size=16
[HOP 8] CanSendToHop dest=2 outstanding=1 threshold=0 effectiveWindow=1 pendingData=1 globalLimit=16 neighborOK=0 nodeOK=1 -> NO
[HOP 8] CanSendToHop dest=2 outstanding=1 threshold=0 effectiveWindow=1 pendingData=1 globalLimit=16 neighborOK=0 nodeOK=1 -> NO
[HOP 8] CanSendToHop dest=2 outstanding=1 threshold=0 effectiveWindow=1 pendingData=1 globalLimit=16 neighborOK=0 nodeOK=1 -> NO
[HOP 8] CanSendToHop dest=2 outstanding=1 threshold=0 effectiveWindow=1 pendingData=1 globalLimit=16 neighborOK=0 nodeOK=1 -> NO
[HOP 8] CanSendToHop dest=2 outstanding=1 threshold=0 effectiveWindow=1 pendingData=1 globalLimit=16 neighborOK=0 nodeOK=1 -> NO
[HOP 8] CanSendToHop dest=2 outstanding=1 threshold=0 effectiveWindow=1 pendingData=1 globalLimit=16 neighborOK=0 nodeOK=1 -> NO
[HOP 8] CanSendToHop dest=2 outstanding=1 threshold=0 effectiveWindow=1 pendingData=1 globalLimit=16 neighborOK=0 nodeOK=1 -> NO
[HOP 8] CanSendToHop dest=2 outstanding=1 threshold=0 effectiveWindow=1 pendingData=1 globalLimit=16 neighborOK=0 nodeOK=1 -> NO
[HOP 8] CanSendToHop dest=2 outstanding=1 threshold=0 effectiveWindow=1 pendingData=1 globalLimit=16 neighborOK=0 nodeOK=1 -> NO
[HOP 8] CanSendToHop dest=2 outstanding=1 threshold=0 effectiveWindow=1 pendingData=1 globalLimit=16 neighborOK=0 nodeOK=1 -> NO
[HOP 8] CanSendToHop dest=2 outstanding=1 threshold=0 effectiveWindow=1 pendingData=1 globalLimit=16 neighborOK=0 nodeOK=1 -> NO
[HOP 8] CanSendToHop dest=2 outstanding=1 threshold=0 effectiveWindow=1 pendingData=1 globalLimit=16 neighborOK=0 nodeOK=1 -> NO
[HOP 8] CanSendToHop dest=2 outstanding=1 threshold=0 effectiveWindow=1 pendingData=1 globalLimit=16 neighborOK=0 nodeOK=1 -> NO
[HOP 8] CanSendToHop dest=2 outstanding=1 threshold=0 effectiveWindow=1 pendingData=1 globalLimit=16 neighborOK=0 nodeOK=1 -> NO
[HOP 8] CanSendToHop dest=2 outstanding=1 threshold=0 effectiveWindow=1 pendingData=1 globalLimit=16 neighborOK=0 nodeOK=1 -> NO
[HOP 8] CanSendToHop dest=2 outstanding=1 threshold=0 effectiveWindow=1 pendingData=1 globalLimit=16 neighborOK=0 nodeOK=1 -> NO
[HOP 8] link_control dest=7 neighborKnown=0 speed=8 txPower=30 rxPower=-105
[NWK 8] Updated reverse path netSrc=7 reverseHop=7
[MAC 8] Update cumulative ACK queue entry dest=7 baseSeq=17 txCount=0
[NWK 8] CheckNwkQueue: size=17
[HOP 8] CanSendToHop dest=2 outstanding=1 threshold=0 effectiveWindow=1 pendingData=1 globalLimit=16 neighborOK=0 nodeOK=1 -> NO
[HOP 8] CanSendToHop dest=2 outstanding=1 threshold=0 effectiveWindow=1 pendingData=1 globalLimit=16 neighborOK=0 nodeOK=1 -> NO
[HOP 8] CanSendToHop dest=2 outstanding=1 threshold=0 effectiveWindow=1 pendingData=1 globalLimit=16 neighborOK=0 nodeOK=1 -> NO
[HOP 8] CanSendToHop dest=2 outstanding=1 threshold=0 effectiveWindow=1 pendingData=1 globalLimit=16 neighborOK=0 nodeOK=1 -> NO
[HOP 8] CanSendToHop dest=2 outstanding=1 threshold=0 effectiveWindow=1 pendingData=1 globalLimit=16 neighborOK=0 nodeOK=1 -> NO
[HOP 8] CanSendToHop dest=2 outstanding=1 threshold=0 effectiveWindow=1 pendingData=1 globalLimit=16 neighborOK=0 nodeOK=1 -> NO
[HOP 8] CanSendToHop dest=2 outstanding=1 threshold=0 effectiveWindow=1 pendingData=1 globalLimit=16 neighborOK=0 nodeOK=1 -> NO
[HOP 8] CanSendToHop dest=2 outstanding=1 threshold=0 effectiveWindow=1 pendingData=1 globalLimit=16 neighborOK=0 nodeOK=1 -> NO
[HOP 8] CanSendToHop dest=2 outstanding=1 threshold=0 effectiveWindow=1 pendingData=1 globalLimit=16 neighborOK=0 nodeOK=1 -> NO
[HOP 8] CanSendToHop dest=2 outstanding=1 threshold=0 effectiveWindow=1 pendingData=1 globalLimit=16 neighborOK=0 nodeOK=1 -> NO
[HOP 8] CanSendToHop dest=2 outstanding=1 threshold=0 effectiveWindow=1 pendingData=1 globalLimit=16 neighborOK=0 nodeOK=1 -> NO
[HOP 8] CanSendToHop dest=2 outstanding=1 threshold=0 effectiveWindow=1 pendingData=1 globalLimit=16 neighborOK=0 nodeOK=1 -> NO
[HOP 8] CanSendToHop dest=2 outstanding=1 threshold=0 effectiveWindow=1 pendingData=1 globalLimit=16 neighborOK=0 nodeOK=1 -> NO
[HOP 8] CanSendToHop dest=2 outstanding=1 threshold=0 effectiveWindow=1 pendingData=1 globalLimit=16 neighborOK=0 nodeOK=1 -> NO
[HOP 8] CanSendToHop dest=2 outstanding=1 threshold=0 effectiveWindow=1 pendingData=1 globalLimit=16 neighborOK=0 nodeOK=1 -> NO
[HOP 8] CanSendToHop dest=2 outstanding=1 threshold=0 effectiveWindow=1 pendingData=1 globalLimit=16 neighborOK=0 nodeOK=1 -> NO
[HOP 8] CanSendToHop dest=2 outstanding=1 threshold=0 effectiveWindow=1 pendingData=1 globalLimit=16 neighborOK=0 nodeOK=1 -> NO
[NWK 8] ARL neighbor admission=disabled
[NWK 8] automatic_route_propagation=disabled
[NWK 8] Added route candidate dst=1 nextHop=2 hops=2 cost=1 linkCost=1 advCost=0 learnedFrom=16777215 selectionDeferred=0 selected=1
[NWK 8] Updated selected-route preference dst=1 preferredNextHop=2
[NWK 8] Selected route changed dst=1 reason=candidate update pendingDestinations=1
[NWK 8] routesProcess grouped selected-route changes count=1 infoChanged=0 time=0
[NWK 8] Best route dst=1 nextHop=2 cost=1 hops=2 learnedFrom=16777215 candidates=1 validCandidates=1
[NWK 8] Automatic route propagation disabled; reporting only
[HOP 8] link_control dest=7 neighborKnown=0 speed=8 txPower=30 rxPower=-105
[NWK 8] Added reverse path netSrc=7 reverseHop=7
[MAC 8] Enqueue ACK dest=7 seq=1 window=1 ack_queue_size=1
[NWK 8] CheckNwkQueue: size=1
[HOP 8] CanSendToHop dest=2 outstanding=0 threshold=0 effectiveWindow=1 pendingData=0 globalLimit=16 neighborOK=1 nodeOK=1 -> YES
[HOP 8] link_control dest=2 neighborKnown=0 speed=8 txPower=30 rxPower=-105
[HOP 8] Pending DATA increment dest=2 pending=1
[HOP 8] TX Pairwise16 DATA neighbor=2 hopSeq=1 securityCount=1
[MAC] Enqueue TX pkt dscp=0 insert_pos=0 queue_size_before=0
[HOP 8] link_control dest=7 neighborKnown=0 speed=8 txPower=30 rxPower=-105
[NWK 8] Updated reverse path netSrc=7 reverseHop=7
[MAC 8] Update cumulative ACK queue entry dest=7 baseSeq=2 txCount=0
[NWK 8] CheckNwkQueue: size=1
[HOP 8] CanSendToHop dest=2 outstanding=1 threshold=0 effectiveWindow=1 pendingData=1 globalLimit=16 neighborOK=0 nodeOK=1 -> NO
[HOP 8] link_control dest=7 neighborKnown=0 speed=8 txPower=30 rxPower=-105
[NWK 8] Updated reverse path netSrc=7 reverseHop=7
[MAC 8] Update cumulative ACK queue entry dest=7 baseSeq=3 txCount=0
[NWK 8] CheckNwkQueue: size=2
[HOP 8] CanSendToHop dest=2 outstanding=1 threshold=0 effectiveWindow=1 pendingData=1 globalLimit=16 neighborOK=0 nodeOK=1 -> NO
[HOP 8] CanSendToHop dest=2 outstanding=1 threshold=0 effectiveWindow=1 pendingData=1 globalLimit=16 neighborOK=0 nodeOK=1 -> NO
[HOP 8] link_control dest=7 neighborKnown=0 speed=8 txPower=30 rxPower=-105
[NWK 8] Updated reverse path netSrc=7 reverseHop=7
[MAC 8] Update cumulative ACK queue entry dest=7 baseSeq=4 txCount=0
[NWK 8] CheckNwkQueue: size=3
[HOP 8] CanSendToHop dest=2 outstanding=1 threshold=0 effectiveWindow=1 pendingData=1 globalLimit=16 neighborOK=0 nodeOK=1 -> NO
[HOP 8] CanSendToHop dest=2 outstanding=1 threshold=0 effectiveWindow=1 pendingData=1 globalLimit=16 neighborOK=0 nodeOK=1 -> NO
[HOP 8] CanSendToHop dest=2 outstanding=1 threshold=0 effectiveWindow=1 pendingData=1 globalLimit=16 neighborOK=0 nodeOK=1 -> NO
[HOP 8] link_control dest=7 neighborKnown=0 speed=8 txPower=30 rxPower=-105
[NWK 8] Updated reverse path netSrc=7 reverseHop=7
[MAC 8] Update cumulative ACK queue entry dest=7 baseSeq=5 txCount=0
[NWK 8] CheckNwkQueue: size=4
[HOP 8] CanSendToHop dest=2 outstanding=1 threshold=0 effectiveWindow=1 pendingData=1 globalLimit=16 neighborOK=0 nodeOK=1 -> NO
[HOP 8] CanSendToHop dest=2 outstanding=1 threshold=0 effectiveWindow=1 pendingData=1 globalLimit=16 neighborOK=0 nodeOK=1 -> NO
[HOP 8] CanSendToHop dest=2 outstanding=1 threshold=0 effectiveWindow=1 pendingData=1 globalLimit=16 neighborOK=0 nodeOK=1 -> NO
[HOP 8] CanSendToHop dest=2 outstanding=1 threshold=0 effectiveWindow=1 pendingData=1 globalLimit=16 neighborOK=0 nodeOK=1 -> NO
[HOP 8] link_control dest=7 neighborKnown=0 speed=8 txPower=30 rxPower=-105
[NWK 8] Updated reverse path netSrc=7 reverseHop=7
[MAC 8] Update cumulative ACK queue entry dest=7 baseSeq=6 txCount=0
[NWK 8] CheckNwkQueue: size=5
[HOP 8] CanSendToHop dest=2 outstanding=1 threshold=0 effectiveWindow=1 pendingData=1 globalLimit=16 neighborOK=0 nodeOK=1 -> NO
[HOP 8] CanSendToHop dest=2 outstanding=1 threshold=0 effectiveWindow=1 pendingData=1 globalLimit=16 neighborOK=0 nodeOK=1 -> NO
[HOP 8] CanSendToHop dest=2 outstanding=1 threshold=0 effectiveWindow=1 pendingData=1 globalLimit=16 neighborOK=0 nodeOK=1 -> NO
[HOP 8] CanSendToHop dest=2 outstanding=1 threshold=0 effectiveWindow=1 pendingData=1 globalLimit=16 neighborOK=0 nodeOK=1 -> NO
[HOP 8] CanSendToHop dest=2 outstanding=1 threshold=0 effectiveWindow=1 pendingData=1 globalLimit=16 neighborOK=0 nodeOK=1 -> NO
[HOP 8] link_control dest=7 neighborKnown=0 speed=8 txPower=30 rxPower=-105
[NWK 8] Updated reverse path netSrc=7 reverseHop=7
[MAC 8] Update cumulative ACK queue entry dest=7 baseSeq=7 txCount=0
[NWK 8] CheckNwkQueue: size=6
[HOP 8] CanSendToHop dest=2 outstanding=1 threshold=0 effectiveWindow=1 pendingData=1 globalLimit=16 neighborOK=0 nodeOK=1 -> NO
[HOP 8] CanSendToHop dest=2 outstanding=1 threshold=0 effectiveWindow=1 pendingData=1 globalLimit=16 neighborOK=0 nodeOK=1 -> NO
[HOP 8] CanSendToHop dest=2 outstanding=1 threshold=0 effectiveWindow=1 pendingData=1 globalLimit=16 neighborOK=0 nodeOK=1 -> NO
[HOP 8] CanSendToHop dest=2 outstanding=1 threshold=0 effectiveWindow=1 pendingData=1 globalLimit=16 neighborOK=0 nodeOK=1 -> NO
[HOP 8] CanSendToHop dest=2 outstanding=1 threshold=0 effectiveWindow=1 pendingData=1 globalLimit=16 neighborOK=0 nodeOK=1 -> NO
[HOP 8] CanSendToHop dest=2 outstanding=1 threshold=0 effectiveWindow=1 pendingData=1 globalLimit=16 neighborOK=0 nodeOK=1 -> NO
[HOP 8] link_control dest=7 neighborKnown=0 speed=8 txPower=30 rxPower=-105
[NWK 8] Updated reverse path netSrc=7 reverseHop=7
[MAC 8] Update cumulative ACK queue entry dest=7 baseSeq=8 txCount=0
[NWK 8] CheckNwkQueue: size=7
[HOP 8] CanSendToHop dest=2 outstanding=1 threshold=0 effectiveWindow=1 pendingData=1 globalLimit=16 neighborOK=0 nodeOK=1 -> NO
[HOP 8] CanSendToHop dest=2 outstanding=1 threshold=0 effectiveWindow=1 pendingData=1 globalLimit=16 neighborOK=0 nodeOK=1 -> NO
[HOP 8] CanSendToHop dest=2 outstanding=1 threshold=0 effectiveWindow=1 pendingData=1 globalLimit=16 neighborOK=0 nodeOK=1 -> NO
[HOP 8] CanSendToHop dest=2 outstanding=1 threshold=0 effectiveWindow=1 pendingData=1 globalLimit=16 neighborOK=0 nodeOK=1 -> NO
[HOP 8] CanSendToHop dest=2 outstanding=1 threshold=0 effectiveWindow=1 pendingData=1 globalLimit=16 neighborOK=0 nodeOK=1 -> NO
[HOP 8] CanSendToHop dest=2 outstanding=1 threshold=0 effectiveWindow=1 pendingData=1 globalLimit=16 neighborOK=0 nodeOK=1 -> NO
[HOP 8] CanSendToHop dest=2 outstanding=1 threshold=0 effectiveWindow=1 pendingData=1 globalLimit=16 neighborOK=0 nodeOK=1 -> NO
[HOP 8] link_control dest=7 neighborKnown=0 speed=8 txPower=30 rxPower=-105
[NWK 8] Updated reverse path netSrc=7 reverseHop=7
[MAC 8] Update cumulative ACK queue entry dest=7 baseSeq=9 txCount=0
[NWK 8] CheckNwkQueue: size=8
[HOP 8] CanSendToHop dest=2 outstanding=1 threshold=0 effectiveWindow=1 pendingData=1 globalLimit=16 neighborOK=0 nodeOK=1 -> NO
[HOP 8] CanSendToHop dest=2 outstanding=1 threshold=0 effectiveWindow=1 pendingData=1 globalLimit=16 neighborOK=0 nodeOK=1 -> NO
[HOP 8] CanSendToHop dest=2 outstanding=1 threshold=0 effectiveWindow=1 pendingData=1 globalLimit=16 neighborOK=0 nodeOK=1 -> NO
[HOP 8] CanSendToHop dest=2 outstanding=1 threshold=0 effectiveWindow=1 pendingData=1 globalLimit=16 neighborOK=0 nodeOK=1 -> NO
[HOP 8] CanSendToHop dest=2 outstanding=1 threshold=0 effectiveWindow=1 pendingData=1 globalLimit=16 neighborOK=0 nodeOK=1 -> NO
[HOP 8] CanSendToHop dest=2 outstanding=1 threshold=0 effectiveWindow=1 pendingData=1 globalLimit=16 neighborOK=0 nodeOK=1 -> NO
[HOP 8] CanSendToHop dest=2 outstanding=1 threshold=0 effectiveWindow=1 pendingData=1 globalLimit=16 neighborOK=0 nodeOK=1 -> NO
[HOP 8] CanSendToHop dest=2 outstanding=1 threshold=0 effectiveWindow=1 pendingData=1 globalLimit=16 neighborOK=0 nodeOK=1 -> NO
[HOP 8] link_control dest=7 neighborKnown=0 speed=8 txPower=30 rxPower=-105
[NWK 8] Updated reverse path netSrc=7 reverseHop=7
[MAC 8] Update cumulative ACK queue entry dest=7 baseSeq=10 txCount=0
[NWK 8] CheckNwkQueue: size=9
[HOP 8] CanSendToHop dest=2 outstanding=1 threshold=0 effectiveWindow=1 pendingData=1 globalLimit=16 neighborOK=0 nodeOK=1 -> NO
[HOP 8] CanSendToHop dest=2 outstanding=1 threshold=0 effectiveWindow=1 pendingData=1 globalLimit=16 neighborOK=0 nodeOK=1 -> NO
[HOP 8] CanSendToHop dest=2 outstanding=1 threshold=0 effectiveWindow=1 pendingData=1 globalLimit=16 neighborOK=0 nodeOK=1 -> NO
[HOP 8] CanSendToHop dest=2 outstanding=1 threshold=0 effectiveWindow=1 pendingData=1 globalLimit=16 neighborOK=0 nodeOK=1 -> NO
[HOP 8] CanSendToHop dest=2 outstanding=1 threshold=0 effectiveWindow=1 pendingData=1 globalLimit=16 neighborOK=0 nodeOK=1 -> NO
[HOP 8] CanSendToHop dest=2 outstanding=1 threshold=0 effectiveWindow=1 pendingData=1 globalLimit=16 neighborOK=0 nodeOK=1 -> NO
[HOP 8] CanSendToHop dest=2 outstanding=1 threshold=0 effectiveWindow=1 pendingData=1 globalLimit=16 neighborOK=0 nodeOK=1 -> NO
[HOP 8] CanSendToHop dest=2 outstanding=1 threshold=0 effectiveWindow=1 pendingData=1 globalLimit=16 neighborOK=0 nodeOK=1 -> NO
[HOP 8] CanSendToHop dest=2 outstanding=1 threshold=0 effectiveWindow=1 pendingData=1 globalLimit=16 neighborOK=0 nodeOK=1 -> NO
[HOP 8] link_control dest=7 neighborKnown=0 speed=8 txPower=30 rxPower=-105
[NWK 8] Updated reverse path netSrc=7 reverseHop=7
[MAC 8] Update cumulative ACK queue entry dest=7 baseSeq=11 txCount=0
[NWK 8] CheckNwkQueue: size=10
[HOP 8] CanSendToHop dest=2 outstanding=1 threshold=0 effectiveWindow=1 pendingData=1 globalLimit=16 neighborOK=0 nodeOK=1 -> NO
[HOP 8] CanSendToHop dest=2 outstanding=1 threshold=0 effectiveWindow=1 pendingData=1 globalLimit=16 neighborOK=0 nodeOK=1 -> NO
[HOP 8] CanSendToHop dest=2 outstanding=1 threshold=0 effectiveWindow=1 pendingData=1 globalLimit=16 neighborOK=0 nodeOK=1 -> NO
[HOP 8] CanSendToHop dest=2 outstanding=1 threshold=0 effectiveWindow=1 pendingData=1 globalLimit=16 neighborOK=0 nodeOK=1 -> NO
[HOP 8] CanSendToHop dest=2 outstanding=1 threshold=0 effectiveWindow=1 pendingData=1 globalLimit=16 neighborOK=0 nodeOK=1 -> NO
[HOP 8] CanSendToHop dest=2 outstanding=1 threshold=0 effectiveWindow=1 pendingData=1 globalLimit=16 neighborOK=0 nodeOK=1 -> NO
[HOP 8] CanSendToHop dest=2 outstanding=1 threshold=0 effectiveWindow=1 pendingData=1 globalLimit=16 neighborOK=0 nodeOK=1 -> NO
[HOP 8] CanSendToHop dest=2 outstanding=1 threshold=0 effectiveWindow=1 pendingData=1 globalLimit=16 neighborOK=0 nodeOK=1 -> NO
[HOP 8] CanSendToHop dest=2 outstanding=1 threshold=0 effectiveWindow=1 pendingData=1 globalLimit=16 neighborOK=0 nodeOK=1 -> NO
[HOP 8] CanSendToHop dest=2 outstanding=1 threshold=0 effectiveWindow=1 pendingData=1 globalLimit=16 neighborOK=0 nodeOK=1 -> NO
[HOP 8] link_control dest=7 neighborKnown=0 speed=8 txPower=30 rxPower=-105
[NWK 8] Updated reverse path netSrc=7 reverseHop=7
[MAC 8] Update cumulative ACK queue entry dest=7 baseSeq=12 txCount=0
[NWK 8] CheckNwkQueue: size=11
[HOP 8] CanSendToHop dest=2 outstanding=1 threshold=0 effectiveWindow=1 pendingData=1 globalLimit=16 neighborOK=0 nodeOK=1 -> NO
[HOP 8] CanSendToHop dest=2 outstanding=1 threshold=0 effectiveWindow=1 pendingData=1 globalLimit=16 neighborOK=0 nodeOK=1 -> NO
[HOP 8] CanSendToHop dest=2 outstanding=1 threshold=0 effectiveWindow=1 pendingData=1 globalLimit=16 neighborOK=0 nodeOK=1 -> NO
[HOP 8] CanSendToHop dest=2 outstanding=1 threshold=0 effectiveWindow=1 pendingData=1 globalLimit=16 neighborOK=0 nodeOK=1 -> NO
[HOP 8] CanSendToHop dest=2 outstanding=1 threshold=0 effectiveWindow=1 pendingData=1 globalLimit=16 neighborOK=0 nodeOK=1 -> NO
[HOP 8] CanSendToHop dest=2 outstanding=1 threshold=0 effectiveWindow=1 pendingData=1 globalLimit=16 neighborOK=0 nodeOK=1 -> NO
[HOP 8] CanSendToHop dest=2 outstanding=1 threshold=0 effectiveWindow=1 pendingData=1 globalLimit=16 neighborOK=0 nodeOK=1 -> NO
[HOP 8] CanSendToHop dest=2 outstanding=1 threshold=0 effectiveWindow=1 pendingData=1 globalLimit=16 neighborOK=0 nodeOK=1 -> NO
[HOP 8] CanSendToHop dest=2 outstanding=1 threshold=0 effectiveWindow=1 pendingData=1 globalLimit=16 neighborOK=0 nodeOK=1 -> NO
[HOP 8] CanSendToHop dest=2 outstanding=1 threshold=0 effectiveWindow=1 pendingData=1 globalLimit=16 neighborOK=0 nodeOK=1 -> NO
[HOP 8] CanSendToHop dest=2 outstanding=1 threshold=0 effectiveWindow=1 pendingData=1 globalLimit=16 neighborOK=0 nodeOK=1 -> NO
[HOP 8] link_control dest=7 neighborKnown=0 speed=8 txPower=30 rxPower=-105
[NWK 8] Updated reverse path netSrc=7 reverseHop=7
[MAC 8] Update cumulative ACK queue entry dest=7 baseSeq=13 txCount=0
[NWK 8] CheckNwkQueue: size=12
[HOP 8] CanSendToHop dest=2 outstanding=1 threshold=0 effectiveWindow=1 pendingData=1 globalLimit=16 neighborOK=0 nodeOK=1 -> NO
[HOP 8] CanSendToHop dest=2 outstanding=1 threshold=0 effectiveWindow=1 pendingData=1 globalLimit=16 neighborOK=0 nodeOK=1 -> NO
[HOP 8] CanSendToHop dest=2 outstanding=1 threshold=0 effectiveWindow=1 pendingData=1 globalLimit=16 neighborOK=0 nodeOK=1 -> NO
[HOP 8] CanSendToHop dest=2 outstanding=1 threshold=0 effectiveWindow=1 pendingData=1 globalLimit=16 neighborOK=0 nodeOK=1 -> NO
[HOP 8] CanSendToHop dest=2 outstanding=1 threshold=0 effectiveWindow=1 pendingData=1 globalLimit=16 neighborOK=0 nodeOK=1 -> NO
[HOP 8] CanSendToHop dest=2 outstanding=1 threshold=0 effectiveWindow=1 pendingData=1 globalLimit=16 neighborOK=0 nodeOK=1 -> NO
[HOP 8] CanSendToHop dest=2 outstanding=1 threshold=0 effectiveWindow=1 pendingData=1 globalLimit=16 neighborOK=0 nodeOK=1 -> NO
[HOP 8] CanSendToHop dest=2 outstanding=1 threshold=0 effectiveWindow=1 pendingData=1 globalLimit=16 neighborOK=0 nodeOK=1 -> NO
[HOP 8] CanSendToHop dest=2 outstanding=1 threshold=0 effectiveWindow=1 pendingData=1 globalLimit=16 neighborOK=0 nodeOK=1 -> NO
[HOP 8] CanSendToHop dest=2 outstanding=1 threshold=0 effectiveWindow=1 pendingData=1 globalLimit=16 neighborOK=0 nodeOK=1 -> NO
[HOP 8] CanSendToHop dest=2 outstanding=1 threshold=0 effectiveWindow=1 pendingData=1 globalLimit=16 neighborOK=0 nodeOK=1 -> NO
[HOP 8] CanSendToHop dest=2 outstanding=1 threshold=0 effectiveWindow=1 pendingData=1 globalLimit=16 neighborOK=0 nodeOK=1 -> NO
[HOP 8] link_control dest=7 neighborKnown=0 speed=8 txPower=30 rxPower=-105
[NWK 8] Updated reverse path netSrc=7 reverseHop=7
[MAC 8] Update cumulative ACK queue entry dest=7 baseSeq=14 txCount=0
[NWK 8] CheckNwkQueue: size=13
[HOP 8] CanSendToHop dest=2 outstanding=1 threshold=0 effectiveWindow=1 pendingData=1 globalLimit=16 neighborOK=0 nodeOK=1 -> NO
[HOP 8] CanSendToHop dest=2 outstanding=1 threshold=0 effectiveWindow=1 pendingData=1 globalLimit=16 neighborOK=0 nodeOK=1 -> NO
[HOP 8] CanSendToHop dest=2 outstanding=1 threshold=0 effectiveWindow=1 pendingData=1 globalLimit=16 neighborOK=0 nodeOK=1 -> NO
[HOP 8] CanSendToHop dest=2 outstanding=1 threshold=0 effectiveWindow=1 pendingData=1 globalLimit=16 neighborOK=0 nodeOK=1 -> NO
[HOP 8] CanSendToHop dest=2 outstanding=1 threshold=0 effectiveWindow=1 pendingData=1 globalLimit=16 neighborOK=0 nodeOK=1 -> NO
[HOP 8] CanSendToHop dest=2 outstanding=1 threshold=0 effectiveWindow=1 pendingData=1 globalLimit=16 neighborOK=0 nodeOK=1 -> NO
[HOP 8] CanSendToHop dest=2 outstanding=1 threshold=0 effectiveWindow=1 pendingData=1 globalLimit=16 neighborOK=0 nodeOK=1 -> NO
[HOP 8] CanSendToHop dest=2 outstanding=1 threshold=0 effectiveWindow=1 pendingData=1 globalLimit=16 neighborOK=0 nodeOK=1 -> NO
[HOP 8] CanSendToHop dest=2 outstanding=1 threshold=0 effectiveWindow=1 pendingData=1 globalLimit=16 neighborOK=0 nodeOK=1 -> NO
[HOP 8] CanSendToHop dest=2 outstanding=1 threshold=0 effectiveWindow=1 pendingData=1 globalLimit=16 neighborOK=0 nodeOK=1 -> NO
[HOP 8] CanSendToHop dest=2 outstanding=1 threshold=0 effectiveWindow=1 pendingData=1 globalLimit=16 neighborOK=0 nodeOK=1 -> NO
[HOP 8] CanSendToHop dest=2 outstanding=1 threshold=0 effectiveWindow=1 pendingData=1 globalLimit=16 neighborOK=0 nodeOK=1 -> NO
[HOP 8] CanSendToHop dest=2 outstanding=1 threshold=0 effectiveWindow=1 pendingData=1 globalLimit=16 neighborOK=0 nodeOK=1 -> NO
[HOP 8] link_control dest=7 neighborKnown=0 speed=8 txPower=30 rxPower=-105
[NWK 8] Updated reverse path netSrc=7 reverseHop=7
[MAC 8] Update cumulative ACK queue entry dest=7 baseSeq=15 txCount=0
[NWK 8] CheckNwkQueue: size=14
[HOP 8] CanSendToHop dest=2 outstanding=1 threshold=0 effectiveWindow=1 pendingData=1 globalLimit=16 neighborOK=0 nodeOK=1 -> NO
[HOP 8] CanSendToHop dest=2 outstanding=1 threshold=0 effectiveWindow=1 pendingData=1 globalLimit=16 neighborOK=0 nodeOK=1 -> NO
[HOP 8] CanSendToHop dest=2 outstanding=1 threshold=0 effectiveWindow=1 pendingData=1 globalLimit=16 neighborOK=0 nodeOK=1 -> NO
[HOP 8] CanSendToHop dest=2 outstanding=1 threshold=0 effectiveWindow=1 pendingData=1 globalLimit=16 neighborOK=0 nodeOK=1 -> NO
[HOP 8] CanSendToHop dest=2 outstanding=1 threshold=0 effectiveWindow=1 pendingData=1 globalLimit=16 neighborOK=0 nodeOK=1 -> NO
[HOP 8] CanSendToHop dest=2 outstanding=1 threshold=0 effectiveWindow=1 pendingData=1 globalLimit=16 neighborOK=0 nodeOK=1 -> NO
[HOP 8] CanSendToHop dest=2 outstanding=1 threshold=0 effectiveWindow=1 pendingData=1 globalLimit=16 neighborOK=0 nodeOK=1 -> NO
[HOP 8] CanSendToHop dest=2 outstanding=1 threshold=0 effectiveWindow=1 pendingData=1 globalLimit=16 neighborOK=0 nodeOK=1 -> NO
[HOP 8] CanSendToHop dest=2 outstanding=1 threshold=0 effectiveWindow=1 pendingData=1 globalLimit=16 neighborOK=0 nodeOK=1 -> NO
[HOP 8] CanSendToHop dest=2 outstanding=1 threshold=0 effectiveWindow=1 pendingData=1 globalLimit=16 neighborOK=0 nodeOK=1 -> NO
[HOP 8] CanSendToHop dest=2 outstanding=1 threshold=0 effectiveWindow=1 pendingData=1 globalLimit=16 neighborOK=0 nodeOK=1 -> NO
[HOP 8] CanSendToHop dest=2 outstanding=1 threshold=0 effectiveWindow=1 pendingData=1 globalLimit=16 neighborOK=0 nodeOK=1 -> NO
[HOP 8] CanSendToHop dest=2 outstanding=1 threshold=0 effectiveWindow=1 pendingData=1 globalLimit=16 neighborOK=0 nodeOK=1 -> NO
[HOP 8] CanSendToHop dest=2 outstanding=1 threshold=0 effectiveWindow=1 pendingData=1 globalLimit=16 neighborOK=0 nodeOK=1 -> NO
[HOP 8] link_control dest=7 neighborKnown=0 speed=8 txPower=30 rxPower=-105
[NWK 8] Updated reverse path netSrc=7 reverseHop=7
[MAC 8] Update cumulative ACK queue entry dest=7 baseSeq=16 txCount=0
[NWK 8] CheckNwkQueue: size=15
[HOP 8] CanSendToHop dest=2 outstanding=1 threshold=0 effectiveWindow=1 pendingData=1 globalLimit=16 neighborOK=0 nodeOK=1 -> NO
[HOP 8] CanSendToHop dest=2 outstanding=1 threshold=0 effectiveWindow=1 pendingData=1 globalLimit=16 neighborOK=0 nodeOK=1 -> NO
[HOP 8] CanSendToHop dest=2 outstanding=1 threshold=0 effectiveWindow=1 pendingData=1 globalLimit=16 neighborOK=0 nodeOK=1 -> NO
[HOP 8] CanSendToHop dest=2 outstanding=1 threshold=0 effectiveWindow=1 pendingData=1 globalLimit=16 neighborOK=0 nodeOK=1 -> NO
[HOP 8] CanSendToHop dest=2 outstanding=1 threshold=0 effectiveWindow=1 pendingData=1 globalLimit=16 neighborOK=0 nodeOK=1 -> NO
[HOP 8] CanSendToHop dest=2 outstanding=1 threshold=0 effectiveWindow=1 pendingData=1 globalLimit=16 neighborOK=0 nodeOK=1 -> NO
[HOP 8] CanSendToHop dest=2 outstanding=1 threshold=0 effectiveWindow=1 pendingData=1 globalLimit=16 neighborOK=0 nodeOK=1 -> NO
[HOP 8] CanSendToHop dest=2 outstanding=1 threshold=0 effectiveWindow=1 pendingData=1 globalLimit=16 neighborOK=0 nodeOK=1 -> NO
[HOP 8] CanSendToHop dest=2 outstanding=1 threshold=0 effectiveWindow=1 pendingData=1 globalLimit=16 neighborOK=0 nodeOK=1 -> NO
[HOP 8] CanSendToHop dest=2 outstanding=1 threshold=0 effectiveWindow=1 pendingData=1 globalLimit=16 neighborOK=0 nodeOK=1 -> NO
[HOP 8] CanSendToHop dest=2 outstanding=1 threshold=0 effectiveWindow=1 pendingData=1 globalLimit=16 neighborOK=0 nodeOK=1 -> NO
[HOP 8] CanSendToHop dest=2 outstanding=1 threshold=0 effectiveWindow=1 pendingData=1 globalLimit=16 neighborOK=0 nodeOK=1 -> NO
[HOP 8] CanSendToHop dest=2 outstanding=1 threshold=0 effectiveWindow=1 pendingData=1 globalLimit=16 neighborOK=0 nodeOK=1 -> NO
[HOP 8] CanSendToHop dest=2 outstanding=1 threshold=0 effectiveWindow=1 pendingData=1 globalLimit=16 neighborOK=0 nodeOK=1 -> NO
[HOP 8] CanSendToHop dest=2 outstanding=1 threshold=0 effectiveWindow=1 pendingData=1 globalLimit=16 neighborOK=0 nodeOK=1 -> NO
[HOP 8] link_control dest=7 neighborKnown=0 speed=8 txPower=30 rxPower=-105
[NWK 8] Updated reverse path netSrc=7 reverseHop=7
[MAC 8] Update cumulative ACK queue entry dest=7 baseSeq=17 txCount=0
[NWK 8] CheckNwkQueue: size=16
[HOP 8] CanSendToHop dest=2 outstanding=1 threshold=0 effectiveWindow=1 pendingData=1 globalLimit=16 neighborOK=0 nodeOK=1 -> NO
[HOP 8] CanSendToHop dest=2 outstanding=1 threshold=0 effectiveWindow=1 pendingData=1 globalLimit=16 neighborOK=0 nodeOK=1 -> NO
[HOP 8] CanSendToHop dest=2 outstanding=1 threshold=0 effectiveWindow=1 pendingData=1 globalLimit=16 neighborOK=0 nodeOK=1 -> NO
[HOP 8] CanSendToHop dest=2 outstanding=1 threshold=0 effectiveWindow=1 pendingData=1 globalLimit=16 neighborOK=0 nodeOK=1 -> NO
[HOP 8] CanSendToHop dest=2 outstanding=1 threshold=0 effectiveWindow=1 pendingData=1 globalLimit=16 neighborOK=0 nodeOK=1 -> NO
[HOP 8] CanSendToHop dest=2 outstanding=1 threshold=0 effectiveWindow=1 pendingData=1 globalLimit=16 neighborOK=0 nodeOK=1 -> NO
[HOP 8] CanSendToHop dest=2 outstanding=1 threshold=0 effectiveWindow=1 pendingData=1 globalLimit=16 neighborOK=0 nodeOK=1 -> NO
[HOP 8] CanSendToHop dest=2 outstanding=1 threshold=0 effectiveWindow=1 pendingData=1 globalLimit=16 neighborOK=0 nodeOK=1 -> NO
[HOP 8] CanSendToHop dest=2 outstanding=1 threshold=0 effectiveWindow=1 pendingData=1 globalLimit=16 neighborOK=0 nodeOK=1 -> NO
[HOP 8] CanSendToHop dest=2 outstanding=1 threshold=0 effectiveWindow=1 pendingData=1 globalLimit=16 neighborOK=0 nodeOK=1 -> NO
[HOP 8] CanSendToHop dest=2 outstanding=1 threshold=0 effectiveWindow=1 pendingData=1 globalLimit=16 neighborOK=0 nodeOK=1 -> NO
[HOP 8] CanSendToHop dest=2 outstanding=1 threshold=0 effectiveWindow=1 pendingData=1 globalLimit=16 neighborOK=0 nodeOK=1 -> NO
[HOP 8] CanSendToHop dest=2 outstanding=1 threshold=0 effectiveWindow=1 pendingData=1 globalLimit=16 neighborOK=0 nodeOK=1 -> NO
[HOP 8] CanSendToHop dest=2 outstanding=1 threshold=0 effectiveWindow=1 pendingData=1 globalLimit=16 neighborOK=0 nodeOK=1 -> NO
[HOP 8] CanSendToHop dest=2 outstanding=1 threshold=0 effectiveWindow=1 pendingData=1 globalLimit=16 neighborOK=0 nodeOK=1 -> NO
[HOP 8] CanSendToHop dest=2 outstanding=1 threshold=0 effectiveWindow=1 pendingData=1 globalLimit=16 neighborOK=0 nodeOK=1 -> NO
[MAC 8] Cancel queued acknowledged frame neighbor=2 seq=1 baseSeq=1 windowIndex=0
[HOP 8] MAC sent confirmation dest=2 seq=1 transmission=1 sentAt=0.27
[HOP 2] link_control dest=8 neighborKnown=0 speed=8 txPower=30 rxPower=-105
[HOP 8] New neighbor 2 heard at t=0.28s
[HOP 8] RX ACK from 2 seq=1
[HOP 8] Pending DATA decrement reason=ACK neighbor=2 pending=0
[NWK 8] NSDP(7->1) decremented to 16
[NWK 8] HOP completion released NSDP slot; awaiting HOP queue wake flow=7->1
[NWK 8] CheckNwkQueue: size=16
[HOP 8] CanSendToHop dest=2 outstanding=0 threshold=0 effectiveWindow=1 pendingData=0 globalLimit=16 neighborOK=1 nodeOK=1 -> YES
[HOP 8] link_control dest=2 neighborKnown=1 s0=-105 pathloss=70 failures=0 speed=128 txPower=0 rxPower=-105 cost=29
[HOP 8] Pending DATA increment dest=2 pending=1
[HOP 8] TX Pairwise16 DATA neighbor=2 hopSeq=2 securityCount=1
[MAC] Enqueue TX pkt dscp=0 insert_pos=0 queue_size_before=0
[HOP 8] CanSendToHop dest=2 outstanding=1 threshold=0 effectiveWindow=1 pendingData=1 globalLimit=16 neighborOK=0 nodeOK=1 -> NO
[HOP 8] CanSendToHop dest=2 outstanding=1 threshold=0 effectiveWindow=1 pendingData=1 globalLimit=16 neighborOK=0 nodeOK=1 -> NO
[HOP 8] CanSendToHop dest=2 outstanding=1 threshold=0 effectiveWindow=1 pendingData=1 globalLimit=16 neighborOK=0 nodeOK=1 -> NO
[HOP 8] CanSendToHop dest=2 outstanding=1 threshold=0 effectiveWindow=1 pendingData=1 globalLimit=16 neighborOK=0 nodeOK=1 -> NO
[HOP 8] CanSendToHop dest=2 outstanding=1 threshold=0 effectiveWindow=1 pendingData=1 globalLimit=16 neighborOK=0 nodeOK=1 -> NO
[HOP 8] CanSendToHop dest=2 outstanding=1 threshold=0 effectiveWindow=1 pendingData=1 globalLimit=16 neighborOK=0 nodeOK=1 -> NO
[HOP 8] CanSendToHop dest=2 outstanding=1 threshold=0 effectiveWindow=1 pendingData=1 globalLimit=16 neighborOK=0 nodeOK=1 -> NO
[HOP 8] CanSendToHop dest=2 outstanding=1 threshold=0 effectiveWindow=1 pendingData=1 globalLimit=16 neighborOK=0 nodeOK=1 -> NO
[HOP 8] CanSendToHop dest=2 outstanding=1 threshold=0 effectiveWindow=1 pendingData=1 globalLimit=16 neighborOK=0 nodeOK=1 -> NO
[HOP 8] CanSendToHop dest=2 outstanding=1 threshold=0 effectiveWindow=1 pendingData=1 globalLimit=16 neighborOK=0 nodeOK=1 -> NO
[HOP 8] CanSendToHop dest=2 outstanding=1 threshold=0 effectiveWindow=1 pendingData=1 globalLimit=16 neighborOK=0 nodeOK=1 -> NO
[HOP 8] CanSendToHop dest=2 outstanding=1 threshold=0 effectiveWindow=1 pendingData=1 globalLimit=16 neighborOK=0 nodeOK=1 -> NO
[HOP 8] CanSendToHop dest=2 outstanding=1 threshold=0 effectiveWindow=1 pendingData=1 globalLimit=16 neighborOK=0 nodeOK=1 -> NO
[HOP 8] CanSendToHop dest=2 outstanding=1 threshold=0 effectiveWindow=1 pendingData=1 globalLimit=16 neighborOK=0 nodeOK=1 -> NO
[HOP 8] CanSendToHop dest=2 outstanding=1 threshold=0 effectiveWindow=1 pendingData=1 globalLimit=16 neighborOK=0 nodeOK=1 -> NO
[MAC 8] Cancel queued acknowledged frame neighbor=2 seq=2 baseSeq=2 windowIndex=0
[HOP 8] MAC sent confirmation dest=2 seq=2 transmission=1 sentAt=0.29
[HOP 2] link_control dest=8 neighborKnown=0 speed=8 txPower=30 rxPower=-105
[HOP 8] RX ACK from 2 seq=2
[HOP 8] Pending DATA decrement reason=ACK neighbor=2 pending=0
[NWK 8] NSDP(7->1) decremented to 15
[NWK 8] HOP completion released NSDP slot; awaiting HOP queue wake flow=7->1
[NWK 8] CheckNwkQueue: size=15
[HOP 8] CanSendToHop dest=2 outstanding=0 threshold=0 effectiveWindow=1 pendingData=0 globalLimit=16 neighborOK=1 nodeOK=1 -> YES
[HOP 8] link_control dest=2 neighborKnown=1 s0=-105 pathloss=70 failures=0 speed=128 txPower=0 rxPower=-105 cost=29
[HOP 8] Pending DATA increment dest=2 pending=1
[HOP 8] TX Pairwise16 DATA neighbor=2 hopSeq=3 securityCount=1
[MAC] Enqueue TX pkt dscp=0 insert_pos=0 queue_size_before=0
[HOP 8] CanSendToHop dest=2 outstanding=1 threshold=0 effectiveWindow=1 pendingData=1 globalLimit=16 neighborOK=0 nodeOK=1 -> NO
[HOP 8] CanSendToHop dest=2 outstanding=1 threshold=0 effectiveWindow=1 pendingData=1 globalLimit=16 neighborOK=0 nodeOK=1 -> NO
[HOP 8] CanSendToHop dest=2 outstanding=1 threshold=0 effectiveWindow=1 pendingData=1 globalLimit=16 neighborOK=0 nodeOK=1 -> NO
[HOP 8] CanSendToHop dest=2 outstanding=1 threshold=0 effectiveWindow=1 pendingData=1 globalLimit=16 neighborOK=0 nodeOK=1 -> NO
[HOP 8] CanSendToHop dest=2 outstanding=1 threshold=0 effectiveWindow=1 pendingData=1 globalLimit=16 neighborOK=0 nodeOK=1 -> NO
[HOP 8] CanSendToHop dest=2 outstanding=1 threshold=0 effectiveWindow=1 pendingData=1 globalLimit=16 neighborOK=0 nodeOK=1 -> NO
[HOP 8] CanSendToHop dest=2 outstanding=1 threshold=0 effectiveWindow=1 pendingData=1 globalLimit=16 neighborOK=0 nodeOK=1 -> NO
[HOP 8] CanSendToHop dest=2 outstanding=1 threshold=0 effectiveWindow=1 pendingData=1 globalLimit=16 neighborOK=0 nodeOK=1 -> NO
[HOP 8] CanSendToHop dest=2 outstanding=1 threshold=0 effectiveWindow=1 pendingData=1 globalLimit=16 neighborOK=0 nodeOK=1 -> NO
[HOP 8] CanSendToHop dest=2 outstanding=1 threshold=0 effectiveWindow=1 pendingData=1 globalLimit=16 neighborOK=0 nodeOK=1 -> NO
[HOP 8] CanSendToHop dest=2 outstanding=1 threshold=0 effectiveWindow=1 pendingData=1 globalLimit=16 neighborOK=0 nodeOK=1 -> NO
[HOP 8] CanSendToHop dest=2 outstanding=1 threshold=0 effectiveWindow=1 pendingData=1 globalLimit=16 neighborOK=0 nodeOK=1 -> NO
[HOP 8] CanSendToHop dest=2 outstanding=1 threshold=0 effectiveWindow=1 pendingData=1 globalLimit=16 neighborOK=0 nodeOK=1 -> NO
[HOP 8] CanSendToHop dest=2 outstanding=1 threshold=0 effectiveWindow=1 pendingData=1 globalLimit=16 neighborOK=0 nodeOK=1 -> NO
[MAC 8] Cancel queued acknowledged frame neighbor=2 seq=3 baseSeq=3 windowIndex=0
[HOP 8] MAC sent confirmation dest=2 seq=3 transmission=1 sentAt=0.31
[HOP 2] link_control dest=8 neighborKnown=0 speed=8 txPower=30 rxPower=-105
[HOP 8] RX ACK from 2 seq=3
[HOP 8] Pending DATA decrement reason=ACK neighbor=2 pending=0
[HOP 8] Adaptive flow threshold increased neighbor=2 old=0 new=1 effectiveWindow=2
[NWK 8] NSDP(7->1) decremented to 14
[NWK 8] HOP completion released NSDP slot; awaiting HOP queue wake flow=7->1
[NWK 8] CheckNwkQueue: size=14
[HOP 8] CanSendToHop dest=2 outstanding=0 threshold=1 effectiveWindow=2 pendingData=0 globalLimit=16 neighborOK=1 nodeOK=1 -> YES
[HOP 8] link_control dest=2 neighborKnown=1 s0=-105 pathloss=70 failures=0 speed=128 txPower=0 rxPower=-105 cost=29
[HOP 8] Pending DATA increment dest=2 pending=1
[HOP 8] TX Pairwise16 DATA neighbor=2 hopSeq=4 securityCount=1
[MAC] Enqueue TX pkt dscp=0 insert_pos=0 queue_size_before=0
[HOP 8] CanSendToHop dest=2 outstanding=1 threshold=1 effectiveWindow=2 pendingData=1 globalLimit=16 neighborOK=1 nodeOK=1 -> YES
[HOP 8] link_control dest=2 neighborKnown=1 s0=-105 pathloss=70 failures=0 speed=128 txPower=0 rxPower=-105 cost=29
[HOP 8] Pending DATA increment dest=2 pending=2
[HOP 8] TX Pairwise16 DATA neighbor=2 hopSeq=5 securityCount=1
[MAC] Enqueue TX pkt dscp=0 insert_pos=1 queue_size_before=1
[HOP 8] CanSendToHop dest=2 outstanding=2 threshold=1 effectiveWindow=2 pendingData=2 globalLimit=16 neighborOK=0 nodeOK=1 -> NO
[HOP 8] CanSendToHop dest=2 outstanding=2 threshold=1 effectiveWindow=2 pendingData=2 globalLimit=16 neighborOK=0 nodeOK=1 -> NO
[HOP 8] CanSendToHop dest=2 outstanding=2 threshold=1 effectiveWindow=2 pendingData=2 globalLimit=16 neighborOK=0 nodeOK=1 -> NO
[HOP 8] CanSendToHop dest=2 outstanding=2 threshold=1 effectiveWindow=2 pendingData=2 globalLimit=16 neighborOK=0 nodeOK=1 -> NO
[HOP 8] CanSendToHop dest=2 outstanding=2 threshold=1 effectiveWindow=2 pendingData=2 globalLimit=16 neighborOK=0 nodeOK=1 -> NO
[HOP 8] CanSendToHop dest=2 outstanding=2 threshold=1 effectiveWindow=2 pendingData=2 globalLimit=16 neighborOK=0 nodeOK=1 -> NO
[HOP 8] CanSendToHop dest=2 outstanding=2 threshold=1 effectiveWindow=2 pendingData=2 globalLimit=16 neighborOK=0 nodeOK=1 -> NO
[HOP 8] CanSendToHop dest=2 outstanding=2 threshold=1 effectiveWindow=2 pendingData=2 globalLimit=16 neighborOK=0 nodeOK=1 -> NO
[HOP 8] CanSendToHop dest=2 outstanding=2 threshold=1 effectiveWindow=2 pendingData=2 globalLimit=16 neighborOK=0 nodeOK=1 -> NO
[HOP 8] CanSendToHop dest=2 outstanding=2 threshold=1 effectiveWindow=2 pendingData=2 globalLimit=16 neighborOK=0 nodeOK=1 -> NO
[HOP 8] CanSendToHop dest=2 outstanding=2 threshold=1 effectiveWindow=2 pendingData=2 globalLimit=16 neighborOK=0 nodeOK=1 -> NO
[HOP 8] CanSendToHop dest=2 outstanding=2 threshold=1 effectiveWindow=2 pendingData=2 globalLimit=16 neighborOK=0 nodeOK=1 -> NO
[HOP 8] link_control dest=7 neighborKnown=0 speed=8 txPower=30 rxPower=-105
[NWK 8] Updated reverse path netSrc=7 reverseHop=7
[MAC 8] Update cumulative ACK queue entry dest=7 baseSeq=17 txCount=0
[NWK 8] CheckNwkQueue: size=13
[HOP 8] CanSendToHop dest=2 outstanding=2 threshold=1 effectiveWindow=2 pendingData=2 globalLimit=16 neighborOK=0 nodeOK=1 -> NO
[HOP 8] CanSendToHop dest=2 outstanding=2 threshold=1 effectiveWindow=2 pendingData=2 globalLimit=16 neighborOK=0 nodeOK=1 -> NO
[HOP 8] CanSendToHop dest=2 outstanding=2 threshold=1 effectiveWindow=2 pendingData=2 globalLimit=16 neighborOK=0 nodeOK=1 -> NO
[HOP 8] CanSendToHop dest=2 outstanding=2 threshold=1 effectiveWindow=2 pendingData=2 globalLimit=16 neighborOK=0 nodeOK=1 -> NO
[HOP 8] CanSendToHop dest=2 outstanding=2 threshold=1 effectiveWindow=2 pendingData=2 globalLimit=16 neighborOK=0 nodeOK=1 -> NO
[HOP 8] CanSendToHop dest=2 outstanding=2 threshold=1 effectiveWindow=2 pendingData=2 globalLimit=16 neighborOK=0 nodeOK=1 -> NO
[HOP 8] CanSendToHop dest=2 outstanding=2 threshold=1 effectiveWindow=2 pendingData=2 globalLimit=16 neighborOK=0 nodeOK=1 -> NO
[HOP 8] CanSendToHop dest=2 outstanding=2 threshold=1 effectiveWindow=2 pendingData=2 globalLimit=16 neighborOK=0 nodeOK=1 -> NO
[HOP 8] CanSendToHop dest=2 outstanding=2 threshold=1 effectiveWindow=2 pendingData=2 globalLimit=16 neighborOK=0 nodeOK=1 -> NO
[HOP 8] CanSendToHop dest=2 outstanding=2 threshold=1 effectiveWindow=2 pendingData=2 globalLimit=16 neighborOK=0 nodeOK=1 -> NO
[HOP 8] CanSendToHop dest=2 outstanding=2 threshold=1 effectiveWindow=2 pendingData=2 globalLimit=16 neighborOK=0 nodeOK=1 -> NO
[HOP 8] CanSendToHop dest=2 outstanding=2 threshold=1 effectiveWindow=2 pendingData=2 globalLimit=16 neighborOK=0 nodeOK=1 -> NO
[HOP 8] CanSendToHop dest=2 outstanding=2 threshold=1 effectiveWindow=2 pendingData=2 globalLimit=16 neighborOK=0 nodeOK=1 -> NO
[NWK 8] ARL neighbor admission=disabled
[NWK 8] automatic_route_propagation=disabled
[NWK 8] Added route candidate dst=1 nextHop=2 hops=2 cost=1 linkCost=1 advCost=0 learnedFrom=16777215 selectionDeferred=0 selected=1
[NWK 8] Updated selected-route preference dst=1 preferredNextHop=2
[NWK 8] Selected route changed dst=1 reason=candidate update pendingDestinations=1
[NWK 8] routesProcess grouped selected-route changes count=1 infoChanged=0 time=0
[NWK 8] Best route dst=1 nextHop=2 cost=1 hops=2 learnedFrom=16777215 candidates=1 validCandidates=1
[NWK 8] Automatic route propagation disabled; reporting only
[NWK 8] NSDP(8->1) incremented to 1
[NWK 8] CheckNwkQueue: size=1
[HOP 8] CanSendToHop dest=2 outstanding=0 threshold=0 effectiveWindow=1 pendingData=0 globalLimit=16 neighborOK=1 nodeOK=1 -> YES
[HOP 8] link_control dest=2 neighborKnown=0 speed=8 txPower=30 rxPower=-105
[HOP 8] Pending DATA increment dest=2 pending=1
[HOP 8] TX Pairwise16 DATA neighbor=2 hopSeq=1 securityCount=1
[MAC] Enqueue TX pkt dscp=0 insert_pos=0 queue_size_before=0
[NWK 8] NSDP(8->1) incremented to 2
[NWK 8] CheckNwkQueue: size=1
[HOP 8] CanSendToHop dest=2 outstanding=1 threshold=0 effectiveWindow=1 pendingData=1 globalLimit=16 neighborOK=0 nodeOK=1 -> NO
[MAC 8] Cancel queued acknowledged frame neighbor=2 seq=1 baseSeq=1 windowIndex=0
[HOP 8] MAC sent confirmation dest=2 seq=1 transmission=1 sentAt=0.12
[HOP 2] link_control dest=8 neighborKnown=0 speed=8 txPower=30 rxPower=-105
[HOP 8] New neighbor 2 heard at t=0.13s
[HOP 8] RX ACK from 2 seq=1
[HOP 8] Pending DATA decrement reason=ACK neighbor=2 pending=0
[NWK 8] NSDP(8->1) decremented to 1
[NWK 8] HOP completion released NSDP slot; awaiting HOP queue wake flow=8->1
[NWK 8] CheckNwkQueue: size=1
[HOP 8] CanSendToHop dest=2 outstanding=0 threshold=0 effectiveWindow=1 pendingData=0 globalLimit=16 neighborOK=1 nodeOK=1 -> YES
[HOP 8] link_control dest=2 neighborKnown=1 s0=-105 pathloss=70 failures=0 speed=128 txPower=0 rxPower=-105 cost=29
[HOP 8] Pending DATA increment dest=2 pending=1
[HOP 8] TX Pairwise16 DATA neighbor=2 hopSeq=2 securityCount=1
[MAC] Enqueue TX pkt dscp=0 insert_pos=0 queue_size_before=0
[HOP 2] link_control dest=8 neighborKnown=0 speed=8 txPower=30 rxPower=-105
[HOP 8] RX ACK from 2 seq=1
[NWK 8] CheckNwkQueue: size=0
[MAC 8] Cancel queued acknowledged frame neighbor=2 seq=2 baseSeq=2 windowIndex=0
[HOP 8] MAC sent confirmation dest=2 seq=2 transmission=1 sentAt=0.15
[HOP 2] link_control dest=8 neighborKnown=0 speed=8 txPower=30 rxPower=-105
[HOP 8] RX ACK from 2 seq=2
[NWK 8] NSDP(8->1) decremented to 0
[NWK 8] HOP completion released NSDP slot; awaiting HOP queue wake flow=8->1
[HOP 8] DACK received neighbor=2 seq=2 resendCount=0 holdSec=20 NSDP=release-now hopFlow=hold
[NWK 8] CheckNwkQueue: size=0
[HOP 2] link_control dest=8 neighborKnown=0 speed=8 txPower=30 rxPower=-105
[HOP 8] RX ACK from 2 seq=2
[NWK 8] CheckNwkQueue: size=0
[MAC 8] OPNET 300-ms transmit holdoff complete
[HOP 8] DACK hold expired neighbor=2 seq=2 outstanding=0
[HOP 8] Pending DATA decrement reason=DACK-expiry neighbor=2 pending=0
[HOP 8] DACK release scheduling NWK queue wake neighbor=2 seq=2
[NWK 8] CheckNwkQueue: size=0
[NWK 8] ARL neighbor admission=disabled
[NWK 8] automatic_route_propagation=disabled
[NWK 8] Added route candidate dst=1 nextHop=2 hops=2 cost=1 linkCost=1 advCost=0 learnedFrom=16777215 selectionDeferred=0 selected=1
[NWK 8] Updated selected-route preference dst=1 preferredNextHop=2
[NWK 8] Selected route changed dst=1 reason=candidate update pendingDestinations=1
[NWK 8] routesProcess grouped selected-route changes count=1 infoChanged=0 time=0
[NWK 8] Best route dst=1 nextHop=2 cost=1 hops=2 learnedFrom=16777215 candidates=1 validCandidates=1
[NWK 8] Automatic route propagation disabled; reporting only
[HOP 8] link_control dest=7 neighborKnown=0 speed=8 txPower=30 rxPower=-105
[NWK 8] Added reverse path netSrc=7 reverseHop=7
[MAC 8] Enqueue ACK dest=7 seq=1 window=1 ack_queue_size=1
[NWK 8] CheckNwkQueue: size=1
[HOP 8] CanSendToHop dest=2 outstanding=0 threshold=0 effectiveWindow=1 pendingData=0 globalLimit=16 neighborOK=1 nodeOK=1 -> YES
[HOP 8] link_control dest=2 neighborKnown=0 speed=8 txPower=30 rxPower=-105
[HOP 8] Pending DATA increment dest=2 pending=1
[HOP 8] TX Pairwise16 DATA neighbor=2 hopSeq=1 securityCount=1
[MAC] Enqueue TX pkt dscp=0 insert_pos=0 queue_size_before=0
[HOP 8] link_control dest=7 neighborKnown=0 speed=8 txPower=30 rxPower=-105
[NWK 8] Updated reverse path netSrc=7 reverseHop=7
[MAC 8] Update cumulative ACK queue entry dest=7 baseSeq=2 txCount=0
[NWK 8] CheckNwkQueue: size=1
[HOP 8] CanSendToHop dest=2 outstanding=1 threshold=0 effectiveWindow=1 pendingData=1 globalLimit=16 neighborOK=0 nodeOK=1 -> NO
[HOP 8] link_control dest=7 neighborKnown=0 speed=8 txPower=30 rxPower=-105
[NWK 8] Updated reverse path netSrc=7 reverseHop=7
[MAC 8] Update cumulative ACK queue entry dest=7 baseSeq=3 txCount=0
[NWK 8] CheckNwkQueue: size=2
[HOP 8] CanSendToHop dest=2 outstanding=1 threshold=0 effectiveWindow=1 pendingData=1 globalLimit=16 neighborOK=0 nodeOK=1 -> NO
[HOP 8] CanSendToHop dest=2 outstanding=1 threshold=0 effectiveWindow=1 pendingData=1 globalLimit=16 neighborOK=0 nodeOK=1 -> NO
[HOP 8] link_control dest=7 neighborKnown=0 speed=8 txPower=30 rxPower=-105
[NWK 8] Updated reverse path netSrc=7 reverseHop=7
[MAC 8] Update cumulative ACK queue entry dest=7 baseSeq=4 txCount=0
[NWK 8] CheckNwkQueue: size=3
[HOP 8] CanSendToHop dest=2 outstanding=1 threshold=0 effectiveWindow=1 pendingData=1 globalLimit=16 neighborOK=0 nodeOK=1 -> NO
[HOP 8] CanSendToHop dest=2 outstanding=1 threshold=0 effectiveWindow=1 pendingData=1 globalLimit=16 neighborOK=0 nodeOK=1 -> NO
[HOP 8] CanSendToHop dest=2 outstanding=1 threshold=0 effectiveWindow=1 pendingData=1 globalLimit=16 neighborOK=0 nodeOK=1 -> NO
[HOP 8] link_control dest=7 neighborKnown=0 speed=8 txPower=30 rxPower=-105
[NWK 8] Updated reverse path netSrc=7 reverseHop=7
[MAC 8] Update cumulative ACK queue entry dest=7 baseSeq=5 txCount=0
[NWK 8] CheckNwkQueue: size=4
[HOP 8] CanSendToHop dest=2 outstanding=1 threshold=0 effectiveWindow=1 pendingData=1 globalLimit=16 neighborOK=0 nodeOK=1 -> NO
[HOP 8] CanSendToHop dest=2 outstanding=1 threshold=0 effectiveWindow=1 pendingData=1 globalLimit=16 neighborOK=0 nodeOK=1 -> NO
[HOP 8] CanSendToHop dest=2 outstanding=1 threshold=0 effectiveWindow=1 pendingData=1 globalLimit=16 neighborOK=0 nodeOK=1 -> NO
[HOP 8] CanSendToHop dest=2 outstanding=1 threshold=0 effectiveWindow=1 pendingData=1 globalLimit=16 neighborOK=0 nodeOK=1 -> NO
[HOP 8] link_control dest=7 neighborKnown=0 speed=8 txPower=30 rxPower=-105
[NWK 8] Updated reverse path netSrc=7 reverseHop=7
[MAC 8] Update cumulative ACK queue entry dest=7 baseSeq=6 txCount=0
[NWK 8] CheckNwkQueue: size=5
[HOP 8] CanSendToHop dest=2 outstanding=1 threshold=0 effectiveWindow=1 pendingData=1 globalLimit=16 neighborOK=0 nodeOK=1 -> NO
[HOP 8] CanSendToHop dest=2 outstanding=1 threshold=0 effectiveWindow=1 pendingData=1 globalLimit=16 neighborOK=0 nodeOK=1 -> NO
[HOP 8] CanSendToHop dest=2 outstanding=1 threshold=0 effectiveWindow=1 pendingData=1 globalLimit=16 neighborOK=0 nodeOK=1 -> NO
[HOP 8] CanSendToHop dest=2 outstanding=1 threshold=0 effectiveWindow=1 pendingData=1 globalLimit=16 neighborOK=0 nodeOK=1 -> NO
[HOP 8] CanSendToHop dest=2 outstanding=1 threshold=0 effectiveWindow=1 pendingData=1 globalLimit=16 neighborOK=0 nodeOK=1 -> NO
[HOP 8] link_control dest=7 neighborKnown=0 speed=8 txPower=30 rxPower=-105
[NWK 8] Updated reverse path netSrc=7 reverseHop=7
[MAC 8] Update cumulative ACK queue entry dest=7 baseSeq=7 txCount=0
[NWK 8] CheckNwkQueue: size=6
[HOP 8] CanSendToHop dest=2 outstanding=1 threshold=0 effectiveWindow=1 pendingData=1 globalLimit=16 neighborOK=0 nodeOK=1 -> NO
[HOP 8] CanSendToHop dest=2 outstanding=1 threshold=0 effectiveWindow=1 pendingData=1 globalLimit=16 neighborOK=0 nodeOK=1 -> NO
[HOP 8] CanSendToHop dest=2 outstanding=1 threshold=0 effectiveWindow=1 pendingData=1 globalLimit=16 neighborOK=0 nodeOK=1 -> NO
[HOP 8] CanSendToHop dest=2 outstanding=1 threshold=0 effectiveWindow=1 pendingData=1 globalLimit=16 neighborOK=0 nodeOK=1 -> NO
[HOP 8] CanSendToHop dest=2 outstanding=1 threshold=0 effectiveWindow=1 pendingData=1 globalLimit=16 neighborOK=0 nodeOK=1 -> NO
[HOP 8] CanSendToHop dest=2 outstanding=1 threshold=0 effectiveWindow=1 pendingData=1 globalLimit=16 neighborOK=0 nodeOK=1 -> NO
[HOP 8] link_control dest=7 neighborKnown=0 speed=8 txPower=30 rxPower=-105
[NWK 8] Updated reverse path netSrc=7 reverseHop=7
[MAC 8] Update cumulative ACK queue entry dest=7 baseSeq=8 txCount=0
[NWK 8] CheckNwkQueue: size=7
[HOP 8] CanSendToHop dest=2 outstanding=1 threshold=0 effectiveWindow=1 pendingData=1 globalLimit=16 neighborOK=0 nodeOK=1 -> NO
[HOP 8] CanSendToHop dest=2 outstanding=1 threshold=0 effectiveWindow=1 pendingData=1 globalLimit=16 neighborOK=0 nodeOK=1 -> NO
[HOP 8] CanSendToHop dest=2 outstanding=1 threshold=0 effectiveWindow=1 pendingData=1 globalLimit=16 neighborOK=0 nodeOK=1 -> NO
[HOP 8] CanSendToHop dest=2 outstanding=1 threshold=0 effectiveWindow=1 pendingData=1 globalLimit=16 neighborOK=0 nodeOK=1 -> NO
[HOP 8] CanSendToHop dest=2 outstanding=1 threshold=0 effectiveWindow=1 pendingData=1 globalLimit=16 neighborOK=0 nodeOK=1 -> NO
[HOP 8] CanSendToHop dest=2 outstanding=1 threshold=0 effectiveWindow=1 pendingData=1 globalLimit=16 neighborOK=0 nodeOK=1 -> NO
[HOP 8] CanSendToHop dest=2 outstanding=1 threshold=0 effectiveWindow=1 pendingData=1 globalLimit=16 neighborOK=0 nodeOK=1 -> NO
[HOP 8] link_control dest=7 neighborKnown=0 speed=8 txPower=30 rxPower=-105
[NWK 8] Updated reverse path netSrc=7 reverseHop=7
[MAC 8] Update cumulative ACK queue entry dest=7 baseSeq=9 txCount=0
[NWK 8] CheckNwkQueue: size=8
[HOP 8] CanSendToHop dest=2 outstanding=1 threshold=0 effectiveWindow=1 pendingData=1 globalLimit=16 neighborOK=0 nodeOK=1 -> NO
[HOP 8] CanSendToHop dest=2 outstanding=1 threshold=0 effectiveWindow=1 pendingData=1 globalLimit=16 neighborOK=0 nodeOK=1 -> NO
[HOP 8] CanSendToHop dest=2 outstanding=1 threshold=0 effectiveWindow=1 pendingData=1 globalLimit=16 neighborOK=0 nodeOK=1 -> NO
[HOP 8] CanSendToHop dest=2 outstanding=1 threshold=0 effectiveWindow=1 pendingData=1 globalLimit=16 neighborOK=0 nodeOK=1 -> NO
[HOP 8] CanSendToHop dest=2 outstanding=1 threshold=0 effectiveWindow=1 pendingData=1 globalLimit=16 neighborOK=0 nodeOK=1 -> NO
[HOP 8] CanSendToHop dest=2 outstanding=1 threshold=0 effectiveWindow=1 pendingData=1 globalLimit=16 neighborOK=0 nodeOK=1 -> NO
[HOP 8] CanSendToHop dest=2 outstanding=1 threshold=0 effectiveWindow=1 pendingData=1 globalLimit=16 neighborOK=0 nodeOK=1 -> NO
[HOP 8] CanSendToHop dest=2 outstanding=1 threshold=0 effectiveWindow=1 pendingData=1 globalLimit=16 neighborOK=0 nodeOK=1 -> NO
[HOP 8] link_control dest=7 neighborKnown=0 speed=8 txPower=30 rxPower=-105
[NWK 8] Updated reverse path netSrc=7 reverseHop=7
[MAC 8] Update cumulative ACK queue entry dest=7 baseSeq=10 txCount=0
[NWK 8] CheckNwkQueue: size=9
[HOP 8] CanSendToHop dest=2 outstanding=1 threshold=0 effectiveWindow=1 pendingData=1 globalLimit=16 neighborOK=0 nodeOK=1 -> NO
[HOP 8] CanSendToHop dest=2 outstanding=1 threshold=0 effectiveWindow=1 pendingData=1 globalLimit=16 neighborOK=0 nodeOK=1 -> NO
[HOP 8] CanSendToHop dest=2 outstanding=1 threshold=0 effectiveWindow=1 pendingData=1 globalLimit=16 neighborOK=0 nodeOK=1 -> NO
[HOP 8] CanSendToHop dest=2 outstanding=1 threshold=0 effectiveWindow=1 pendingData=1 globalLimit=16 neighborOK=0 nodeOK=1 -> NO
[HOP 8] CanSendToHop dest=2 outstanding=1 threshold=0 effectiveWindow=1 pendingData=1 globalLimit=16 neighborOK=0 nodeOK=1 -> NO
[HOP 8] CanSendToHop dest=2 outstanding=1 threshold=0 effectiveWindow=1 pendingData=1 globalLimit=16 neighborOK=0 nodeOK=1 -> NO
[HOP 8] CanSendToHop dest=2 outstanding=1 threshold=0 effectiveWindow=1 pendingData=1 globalLimit=16 neighborOK=0 nodeOK=1 -> NO
[HOP 8] CanSendToHop dest=2 outstanding=1 threshold=0 effectiveWindow=1 pendingData=1 globalLimit=16 neighborOK=0 nodeOK=1 -> NO
[HOP 8] CanSendToHop dest=2 outstanding=1 threshold=0 effectiveWindow=1 pendingData=1 globalLimit=16 neighborOK=0 nodeOK=1 -> NO
[HOP 8] link_control dest=7 neighborKnown=0 speed=8 txPower=30 rxPower=-105
[NWK 8] Updated reverse path netSrc=7 reverseHop=7
[MAC 8] Update cumulative ACK queue entry dest=7 baseSeq=11 txCount=0
[NWK 8] CheckNwkQueue: size=10
[HOP 8] CanSendToHop dest=2 outstanding=1 threshold=0 effectiveWindow=1 pendingData=1 globalLimit=16 neighborOK=0 nodeOK=1 -> NO
[HOP 8] CanSendToHop dest=2 outstanding=1 threshold=0 effectiveWindow=1 pendingData=1 globalLimit=16 neighborOK=0 nodeOK=1 -> NO
[HOP 8] CanSendToHop dest=2 outstanding=1 threshold=0 effectiveWindow=1 pendingData=1 globalLimit=16 neighborOK=0 nodeOK=1 -> NO
[HOP 8] CanSendToHop dest=2 outstanding=1 threshold=0 effectiveWindow=1 pendingData=1 globalLimit=16 neighborOK=0 nodeOK=1 -> NO
[HOP 8] CanSendToHop dest=2 outstanding=1 threshold=0 effectiveWindow=1 pendingData=1 globalLimit=16 neighborOK=0 nodeOK=1 -> NO
[HOP 8] CanSendToHop dest=2 outstanding=1 threshold=0 effectiveWindow=1 pendingData=1 globalLimit=16 neighborOK=0 nodeOK=1 -> NO
[HOP 8] CanSendToHop dest=2 outstanding=1 threshold=0 effectiveWindow=1 pendingData=1 globalLimit=16 neighborOK=0 nodeOK=1 -> NO
[HOP 8] CanSendToHop dest=2 outstanding=1 threshold=0 effectiveWindow=1 pendingData=1 globalLimit=16 neighborOK=0 nodeOK=1 -> NO
[HOP 8] CanSendToHop dest=2 outstanding=1 threshold=0 effectiveWindow=1 pendingData=1 globalLimit=16 neighborOK=0 nodeOK=1 -> NO
[HOP 8] CanSendToHop dest=2 outstanding=1 threshold=0 effectiveWindow=1 pendingData=1 globalLimit=16 neighborOK=0 nodeOK=1 -> NO
[HOP 8] link_control dest=7 neighborKnown=0 speed=8 txPower=30 rxPower=-105
[NWK 8] Updated reverse path netSrc=7 reverseHop=7
[MAC 8] Update cumulative ACK queue entry dest=7 baseSeq=12 txCount=0
[NWK 8] CheckNwkQueue: size=11
[HOP 8] CanSendToHop dest=2 outstanding=1 threshold=0 effectiveWindow=1 pendingData=1 globalLimit=16 neighborOK=0 nodeOK=1 -> NO
[HOP 8] CanSendToHop dest=2 outstanding=1 threshold=0 effectiveWindow=1 pendingData=1 globalLimit=16 neighborOK=0 nodeOK=1 -> NO
[HOP 8] CanSendToHop dest=2 outstanding=1 threshold=0 effectiveWindow=1 pendingData=1 globalLimit=16 neighborOK=0 nodeOK=1 -> NO
[HOP 8] CanSendToHop dest=2 outstanding=1 threshold=0 effectiveWindow=1 pendingData=1 globalLimit=16 neighborOK=0 nodeOK=1 -> NO
[HOP 8] CanSendToHop dest=2 outstanding=1 threshold=0 effectiveWindow=1 pendingData=1 globalLimit=16 neighborOK=0 nodeOK=1 -> NO
[HOP 8] CanSendToHop dest=2 outstanding=1 threshold=0 effectiveWindow=1 pendingData=1 globalLimit=16 neighborOK=0 nodeOK=1 -> NO
[HOP 8] CanSendToHop dest=2 outstanding=1 threshold=0 effectiveWindow=1 pendingData=1 globalLimit=16 neighborOK=0 nodeOK=1 -> NO
[HOP 8] CanSendToHop dest=2 outstanding=1 threshold=0 effectiveWindow=1 pendingData=1 globalLimit=16 neighborOK=0 nodeOK=1 -> NO
[HOP 8] CanSendToHop dest=2 outstanding=1 threshold=0 effectiveWindow=1 pendingData=1 globalLimit=16 neighborOK=0 nodeOK=1 -> NO
[HOP 8] CanSendToHop dest=2 outstanding=1 threshold=0 effectiveWindow=1 pendingData=1 globalLimit=16 neighborOK=0 nodeOK=1 -> NO
[HOP 8] CanSendToHop dest=2 outstanding=1 threshold=0 effectiveWindow=1 pendingData=1 globalLimit=16 neighborOK=0 nodeOK=1 -> NO
[HOP 8] link_control dest=7 neighborKnown=0 speed=8 txPower=30 rxPower=-105
[NWK 8] Updated reverse path netSrc=7 reverseHop=7
[MAC 8] Update cumulative ACK queue entry dest=7 baseSeq=13 txCount=0
[NWK 8] CheckNwkQueue: size=12
[HOP 8] CanSendToHop dest=2 outstanding=1 threshold=0 effectiveWindow=1 pendingData=1 globalLimit=16 neighborOK=0 nodeOK=1 -> NO
[HOP 8] CanSendToHop dest=2 outstanding=1 threshold=0 effectiveWindow=1 pendingData=1 globalLimit=16 neighborOK=0 nodeOK=1 -> NO
[HOP 8] CanSendToHop dest=2 outstanding=1 threshold=0 effectiveWindow=1 pendingData=1 globalLimit=16 neighborOK=0 nodeOK=1 -> NO
[HOP 8] CanSendToHop dest=2 outstanding=1 threshold=0 effectiveWindow=1 pendingData=1 globalLimit=16 neighborOK=0 nodeOK=1 -> NO
[HOP 8] CanSendToHop dest=2 outstanding=1 threshold=0 effectiveWindow=1 pendingData=1 globalLimit=16 neighborOK=0 nodeOK=1 -> NO
[HOP 8] CanSendToHop dest=2 outstanding=1 threshold=0 effectiveWindow=1 pendingData=1 globalLimit=16 neighborOK=0 nodeOK=1 -> NO
[HOP 8] CanSendToHop dest=2 outstanding=1 threshold=0 effectiveWindow=1 pendingData=1 globalLimit=16 neighborOK=0 nodeOK=1 -> NO
[HOP 8] CanSendToHop dest=2 outstanding=1 threshold=0 effectiveWindow=1 pendingData=1 globalLimit=16 neighborOK=0 nodeOK=1 -> NO
[HOP 8] CanSendToHop dest=2 outstanding=1 threshold=0 effectiveWindow=1 pendingData=1 globalLimit=16 neighborOK=0 nodeOK=1 -> NO
[HOP 8] CanSendToHop dest=2 outstanding=1 threshold=0 effectiveWindow=1 pendingData=1 globalLimit=16 neighborOK=0 nodeOK=1 -> NO
[HOP 8] CanSendToHop dest=2 outstanding=1 threshold=0 effectiveWindow=1 pendingData=1 globalLimit=16 neighborOK=0 nodeOK=1 -> NO
[HOP 8] CanSendToHop dest=2 outstanding=1 threshold=0 effectiveWindow=1 pendingData=1 globalLimit=16 neighborOK=0 nodeOK=1 -> NO
[HOP 8] link_control dest=7 neighborKnown=0 speed=8 txPower=30 rxPower=-105
[NWK 8] Updated reverse path netSrc=7 reverseHop=7
[MAC 8] Update cumulative ACK queue entry dest=7 baseSeq=14 txCount=0
[NWK 8] CheckNwkQueue: size=13
[HOP 8] CanSendToHop dest=2 outstanding=1 threshold=0 effectiveWindow=1 pendingData=1 globalLimit=16 neighborOK=0 nodeOK=1 -> NO
[HOP 8] CanSendToHop dest=2 outstanding=1 threshold=0 effectiveWindow=1 pendingData=1 globalLimit=16 neighborOK=0 nodeOK=1 -> NO
[HOP 8] CanSendToHop dest=2 outstanding=1 threshold=0 effectiveWindow=1 pendingData=1 globalLimit=16 neighborOK=0 nodeOK=1 -> NO
[HOP 8] CanSendToHop dest=2 outstanding=1 threshold=0 effectiveWindow=1 pendingData=1 globalLimit=16 neighborOK=0 nodeOK=1 -> NO
[HOP 8] CanSendToHop dest=2 outstanding=1 threshold=0 effectiveWindow=1 pendingData=1 globalLimit=16 neighborOK=0 nodeOK=1 -> NO
[HOP 8] CanSendToHop dest=2 outstanding=1 threshold=0 effectiveWindow=1 pendingData=1 globalLimit=16 neighborOK=0 nodeOK=1 -> NO
[HOP 8] CanSendToHop dest=2 outstanding=1 threshold=0 effectiveWindow=1 pendingData=1 globalLimit=16 neighborOK=0 nodeOK=1 -> NO
[HOP 8] CanSendToHop dest=2 outstanding=1 threshold=0 effectiveWindow=1 pendingData=1 globalLimit=16 neighborOK=0 nodeOK=1 -> NO
[HOP 8] CanSendToHop dest=2 outstanding=1 threshold=0 effectiveWindow=1 pendingData=1 globalLimit=16 neighborOK=0 nodeOK=1 -> NO
[HOP 8] CanSendToHop dest=2 outstanding=1 threshold=0 effectiveWindow=1 pendingData=1 globalLimit=16 neighborOK=0 nodeOK=1 -> NO
[HOP 8] CanSendToHop dest=2 outstanding=1 threshold=0 effectiveWindow=1 pendingData=1 globalLimit=16 neighborOK=0 nodeOK=1 -> NO
[HOP 8] CanSendToHop dest=2 outstanding=1 threshold=0 effectiveWindow=1 pendingData=1 globalLimit=16 neighborOK=0 nodeOK=1 -> NO
[HOP 8] CanSendToHop dest=2 outstanding=1 threshold=0 effectiveWindow=1 pendingData=1 globalLimit=16 neighborOK=0 nodeOK=1 -> NO
[HOP 8] link_control dest=7 neighborKnown=0 speed=8 txPower=30 rxPower=-105
[NWK 8] Updated reverse path netSrc=7 reverseHop=7
[MAC 8] Update cumulative ACK queue entry dest=7 baseSeq=15 txCount=0
[NWK 8] CheckNwkQueue: size=14
[HOP 8] CanSendToHop dest=2 outstanding=1 threshold=0 effectiveWindow=1 pendingData=1 globalLimit=16 neighborOK=0 nodeOK=1 -> NO
[HOP 8] CanSendToHop dest=2 outstanding=1 threshold=0 effectiveWindow=1 pendingData=1 globalLimit=16 neighborOK=0 nodeOK=1 -> NO
[HOP 8] CanSendToHop dest=2 outstanding=1 threshold=0 effectiveWindow=1 pendingData=1 globalLimit=16 neighborOK=0 nodeOK=1 -> NO
[HOP 8] CanSendToHop dest=2 outstanding=1 threshold=0 effectiveWindow=1 pendingData=1 globalLimit=16 neighborOK=0 nodeOK=1 -> NO
[HOP 8] CanSendToHop dest=2 outstanding=1 threshold=0 effectiveWindow=1 pendingData=1 globalLimit=16 neighborOK=0 nodeOK=1 -> NO
[HOP 8] CanSendToHop dest=2 outstanding=1 threshold=0 effectiveWindow=1 pendingData=1 globalLimit=16 neighborOK=0 nodeOK=1 -> NO
[HOP 8] CanSendToHop dest=2 outstanding=1 threshold=0 effectiveWindow=1 pendingData=1 globalLimit=16 neighborOK=0 nodeOK=1 -> NO
[HOP 8] CanSendToHop dest=2 outstanding=1 threshold=0 effectiveWindow=1 pendingData=1 globalLimit=16 neighborOK=0 nodeOK=1 -> NO
[HOP 8] CanSendToHop dest=2 outstanding=1 threshold=0 effectiveWindow=1 pendingData=1 globalLimit=16 neighborOK=0 nodeOK=1 -> NO
[HOP 8] CanSendToHop dest=2 outstanding=1 threshold=0 effectiveWindow=1 pendingData=1 globalLimit=16 neighborOK=0 nodeOK=1 -> NO
[HOP 8] CanSendToHop dest=2 outstanding=1 threshold=0 effectiveWindow=1 pendingData=1 globalLimit=16 neighborOK=0 nodeOK=1 -> NO
[HOP 8] CanSendToHop dest=2 outstanding=1 threshold=0 effectiveWindow=1 pendingData=1 globalLimit=16 neighborOK=0 nodeOK=1 -> NO
[HOP 8] CanSendToHop dest=2 outstanding=1 threshold=0 effectiveWindow=1 pendingData=1 globalLimit=16 neighborOK=0 nodeOK=1 -> NO
[HOP 8] CanSendToHop dest=2 outstanding=1 threshold=0 effectiveWindow=1 pendingData=1 globalLimit=16 neighborOK=0 nodeOK=1 -> NO
[HOP 8] link_control dest=7 neighborKnown=0 speed=8 txPower=30 rxPower=-105
[NWK 8] Updated reverse path netSrc=7 reverseHop=7
[MAC 8] Update cumulative ACK queue entry dest=7 baseSeq=16 txCount=0
[NWK 8] CheckNwkQueue: size=15
[HOP 8] CanSendToHop dest=2 outstanding=1 threshold=0 effectiveWindow=1 pendingData=1 globalLimit=16 neighborOK=0 nodeOK=1 -> NO
[HOP 8] CanSendToHop dest=2 outstanding=1 threshold=0 effectiveWindow=1 pendingData=1 globalLimit=16 neighborOK=0 nodeOK=1 -> NO
[HOP 8] CanSendToHop dest=2 outstanding=1 threshold=0 effectiveWindow=1 pendingData=1 globalLimit=16 neighborOK=0 nodeOK=1 -> NO
[HOP 8] CanSendToHop dest=2 outstanding=1 threshold=0 effectiveWindow=1 pendingData=1 globalLimit=16 neighborOK=0 nodeOK=1 -> NO
[HOP 8] CanSendToHop dest=2 outstanding=1 threshold=0 effectiveWindow=1 pendingData=1 globalLimit=16 neighborOK=0 nodeOK=1 -> NO
[HOP 8] CanSendToHop dest=2 outstanding=1 threshold=0 effectiveWindow=1 pendingData=1 globalLimit=16 neighborOK=0 nodeOK=1 -> NO
[HOP 8] CanSendToHop dest=2 outstanding=1 threshold=0 effectiveWindow=1 pendingData=1 globalLimit=16 neighborOK=0 nodeOK=1 -> NO
[HOP 8] CanSendToHop dest=2 outstanding=1 threshold=0 effectiveWindow=1 pendingData=1 globalLimit=16 neighborOK=0 nodeOK=1 -> NO
[HOP 8] CanSendToHop dest=2 outstanding=1 threshold=0 effectiveWindow=1 pendingData=1 globalLimit=16 neighborOK=0 nodeOK=1 -> NO
[HOP 8] CanSendToHop dest=2 outstanding=1 threshold=0 effectiveWindow=1 pendingData=1 globalLimit=16 neighborOK=0 nodeOK=1 -> NO
[HOP 8] CanSendToHop dest=2 outstanding=1 threshold=0 effectiveWindow=1 pendingData=1 globalLimit=16 neighborOK=0 nodeOK=1 -> NO
[HOP 8] CanSendToHop dest=2 outstanding=1 threshold=0 effectiveWindow=1 pendingData=1 globalLimit=16 neighborOK=0 nodeOK=1 -> NO
[HOP 8] CanSendToHop dest=2 outstanding=1 threshold=0 effectiveWindow=1 pendingData=1 globalLimit=16 neighborOK=0 nodeOK=1 -> NO
[HOP 8] CanSendToHop dest=2 outstanding=1 threshold=0 effectiveWindow=1 pendingData=1 globalLimit=16 neighborOK=0 nodeOK=1 -> NO
[HOP 8] CanSendToHop dest=2 outstanding=1 threshold=0 effectiveWindow=1 pendingData=1 globalLimit=16 neighborOK=0 nodeOK=1 -> NO
[HOP 8] link_control dest=7 neighborKnown=0 speed=8 txPower=30 rxPower=-105
[NWK 8] Updated reverse path netSrc=7 reverseHop=7
[MAC 8] Update cumulative ACK queue entry dest=7 baseSeq=17 txCount=0
[NWK 8] CheckNwkQueue: size=16
[HOP 8] CanSendToHop dest=2 outstanding=1 threshold=0 effectiveWindow=1 pendingData=1 globalLimit=16 neighborOK=0 nodeOK=1 -> NO
[HOP 8] CanSendToHop dest=2 outstanding=1 threshold=0 effectiveWindow=1 pendingData=1 globalLimit=16 neighborOK=0 nodeOK=1 -> NO
[HOP 8] CanSendToHop dest=2 outstanding=1 threshold=0 effectiveWindow=1 pendingData=1 globalLimit=16 neighborOK=0 nodeOK=1 -> NO
[HOP 8] CanSendToHop dest=2 outstanding=1 threshold=0 effectiveWindow=1 pendingData=1 globalLimit=16 neighborOK=0 nodeOK=1 -> NO
[HOP 8] CanSendToHop dest=2 outstanding=1 threshold=0 effectiveWindow=1 pendingData=1 globalLimit=16 neighborOK=0 nodeOK=1 -> NO
[HOP 8] CanSendToHop dest=2 outstanding=1 threshold=0 effectiveWindow=1 pendingData=1 globalLimit=16 neighborOK=0 nodeOK=1 -> NO
[HOP 8] CanSendToHop dest=2 outstanding=1 threshold=0 effectiveWindow=1 pendingData=1 globalLimit=16 neighborOK=0 nodeOK=1 -> NO
[HOP 8] CanSendToHop dest=2 outstanding=1 threshold=0 effectiveWindow=1 pendingData=1 globalLimit=16 neighborOK=0 nodeOK=1 -> NO
[HOP 8] CanSendToHop dest=2 outstanding=1 threshold=0 effectiveWindow=1 pendingData=1 globalLimit=16 neighborOK=0 nodeOK=1 -> NO
[HOP 8] CanSendToHop dest=2 outstanding=1 threshold=0 effectiveWindow=1 pendingData=1 globalLimit=16 neighborOK=0 nodeOK=1 -> NO
[HOP 8] CanSendToHop dest=2 outstanding=1 threshold=0 effectiveWindow=1 pendingData=1 globalLimit=16 neighborOK=0 nodeOK=1 -> NO
[HOP 8] CanSendToHop dest=2 outstanding=1 threshold=0 effectiveWindow=1 pendingData=1 globalLimit=16 neighborOK=0 nodeOK=1 -> NO
[HOP 8] CanSendToHop dest=2 outstanding=1 threshold=0 effectiveWindow=1 pendingData=1 globalLimit=16 neighborOK=0 nodeOK=1 -> NO
[HOP 8] CanSendToHop dest=2 outstanding=1 threshold=0 effectiveWindow=1 pendingData=1 globalLimit=16 neighborOK=0 nodeOK=1 -> NO
[HOP 8] CanSendToHop dest=2 outstanding=1 threshold=0 effectiveWindow=1 pendingData=1 globalLimit=16 neighborOK=0 nodeOK=1 -> NO
[HOP 8] CanSendToHop dest=2 outstanding=1 threshold=0 effectiveWindow=1 pendingData=1 globalLimit=16 neighborOK=0 nodeOK=1 -> NO
[HOP 8] link_control dest=7 neighborKnown=0 speed=8 txPower=30 rxPower=-105
[MAC 8] Update cumulative ACK queue entry dest=7 baseSeq=18 txCount=0
[NWK 8] Updated reverse path netSrc=7 reverseHop=7
[HOP 8] link_control dest=7 neighborKnown=0 speed=8 txPower=30 rxPower=-105
[MAC 8] Update cumulative ACK queue entry dest=7 baseSeq=18 txCount=0
T23_NATIVE cases=7 rows=123 uncontrolled_mac_tx=0 observer=1
