event_index,time_s,node,source,destination,event,application_sequence,count_before,count_after
21574,300,2,2,1,nwk_enqueue,879,0,1
21594,300,8,8,1,nwk_enqueue,884,0,1
21652,300.01999999999998,2,2,1,nwk_enqueue,885,1,2
21672,300.01999999999998,8,8,1,nwk_enqueue,890,1,2
21685,300.04000000000002,2,2,1,nwk_enqueue,891,2,3
21705,300.04000000000002,8,8,1,nwk_enqueue,896,2,3
21727,300.06,2,2,1,nwk_enqueue,897,3,4
21747,300.06,8,8,1,nwk_enqueue,902,3,4
21775,300.07999999999998,2,2,1,nwk_enqueue,903,4,5
21795,300.07999999999998,8,8,1,nwk_enqueue,908,4,5
21837,300.10000000000002,2,2,1,nwk_enqueue,909,5,6
21857,300.10000000000002,8,8,1,nwk_enqueue,914,5,6
21893,300.12,2,2,1,nwk_enqueue,915,6,7
21913,300.12,8,8,1,nwk_enqueue,920,6,7
21954,300.13999999999999,2,2,1,nwk_enqueue,921,7,8
21974,300.13999999999999,8,8,1,nwk_enqueue,926,7,8
22022,300.16000000000003,2,2,1,nwk_enqueue,927,8,9
22042,300.16000000000003,8,8,1,nwk_enqueue,932,8,9
22095,300.18000000000001,2,2,1,nwk_enqueue,933,9,10
22115,300.18000000000001,8,8,1,nwk_enqueue,938,9,10
22175,300.19999999999999,2,2,1,nwk_enqueue,939,10,11
22195,300.19999999999999,8,8,1,nwk_enqueue,944,10,11
22260,300.22000000000003,2,2,1,nwk_enqueue,945,11,12
22280,300.22000000000003,8,8,1,nwk_enqueue,950,11,12
22352,300.24000000000001,2,2,1,nwk_enqueue,951,12,13
22372,300.24000000000001,8,8,1,nwk_enqueue,956,12,13
22449,300.25999999999999,2,2,1,nwk_enqueue,957,13,14
22469,300.25999999999999,8,8,1,nwk_enqueue,962,13,14
22553,300.27999999999997,2,2,1,nwk_enqueue,963,14,15
22573,300.27999999999997,8,8,1,nwk_enqueue,968,14,15
22662,300.30000000000001,2,2,1,nwk_enqueue,969,15,16
22682,300.30000000000001,8,8,1,nwk_enqueue,974,15,16
22794,300.336812442,8,7,1,nwk_enqueue,883,0,1
23267,301.11681244200003,8,7,1,nwk_enqueue,889,1,2
23619,301.66281244200002,8,7,1,nwk_enqueue,895,2,3
24159,302.198293632,2,2,1,nwk_nsdp_release,,16,15
24188,302.19999999999999,2,2,1,nwk_enqueue,985,15,16
24241,302.27381244200001,8,7,1,nwk_enqueue,901,3,4
24857,302.91329363199998,2,2,1,nwk_nsdp_release,,16,15
24886,302.92000000000002,2,2,1,nwk_enqueue,991,15,16
24997,303.09281244200002,8,7,1,nwk_enqueue,913,4,5
25694,303.76881244200001,8,7,1,nwk_enqueue,919,5,6
25764,303.81029363200003,2,2,1,nwk_nsdp_release,,16,15
25799,303.81999999999999,2,2,1,nwk_enqueue,1000,15,16
26123,304.19781244199999,8,7,1,nwk_enqueue,925,6,7
26491,304.574812442,8,7,1,nwk_enqueue,931,7,8
26805,304.93881244200003,8,7,1,nwk_enqueue,907,8,9
27066,305.08429363200003,2,2,1,nwk_nsdp_release,,16,15
27097,305.10000000000002,2,2,1,nwk_enqueue,1015,15,16
27291,305.28981244200003,8,7,1,nwk_enqueue,937,9,10
27852,305.864293632,2,2,1,nwk_nsdp_release,,16,15
27883,305.88,2,2,1,nwk_enqueue,1021,15,16
28000,306.05681244200002,8,7,1,nwk_enqueue,949,10,11
28566,306.63129363199999,2,2,1,nwk_nsdp_release,,16,15
28600,306.63999999999999,2,2,1,nwk_enqueue,1027,15,16
29434,307.60381244199999,8,7,1,nwk_enqueue,967,11,12
30226,308.38381244200002,8,7,1,nwk_enqueue,943,12,13
30395,308.51629363199999,2,2,1,nwk_nsdp_release,,16,15
30398,308.51629363199999,2,2,1,nwk_nsdp_release,,15,14
30431,308.51999999999998,2,2,1,nwk_enqueue,1044,14,15
30460,308.54000000000002,2,2,1,nwk_enqueue,1045,15,16
30837,309.04681244199998,8,7,1,nwk_enqueue,973,13,14
31136,309.43929363199999,2,2,1,nwk_nsdp_release,,16,15
31169,309.44,2,2,1,nwk_enqueue,1052,15,16
32254,310.71081244200002,8,7,1,nwk_enqueue,961,14,15
32844,311.20729363200002,2,2,1,nwk_nsdp_release,,16,15
32847,311.20729363200002,2,2,1,nwk_nsdp_release,,15,14
32879,311.22000000000003,2,2,1,nwk_enqueue,1067,14,15
32918,311.24000000000001,2,2,1,nwk_enqueue,1068,15,16
33042,311.38681244200001,8,7,1,nwk_enqueue,982,15,16
33570,312.04981244200002,8,7,1,nwk_enqueue,988,16,17
33896,312.46581244200001,8,7,1,nwk_enqueue,955,17,18
33946,312.48129363200002,2,2,1,nwk_nsdp_release,,16,15
33985,312.5,2,2,1,nwk_enqueue,1078,15,16
34753,313.37829363200001,2,2,1,nwk_nsdp_release,,16,15
34756,313.37829363200001,2,2,1,nwk_nsdp_release,,15,14
34788,313.38,2,2,1,nwk_enqueue,1088,14,15
34812,313.39999999999998,2,2,1,nwk_enqueue,1089,15,16
35686,314.30129363200001,2,2,1,nwk_nsdp_release,,16,15
35689,314.30129363200001,2,2,1,nwk_nsdp_release,,15,14
35736,314.31999999999999,2,2,1,nwk_enqueue,1099,14,15
35761,314.33999999999997,2,2,1,nwk_enqueue,1100,15,16
36049,314.70429363199997,2,2,1,nwk_nsdp_release,,16,15
36082,314.72000000000003,2,2,1,nwk_enqueue,1103,15,16
36185,314.94881244200002,8,7,1,nwk_enqueue,997,18,19
36576,315.29981244200002,8,7,1,nwk_enqueue,976,19,20
37240,315.97829363199997,2,2,1,nwk_nsdp_release,,16,15
37242,315.97829363199997,2,2,1,nwk_nsdp_release,,15,14
37262,315.98000000000002,2,2,1,nwk_enqueue,1116,14,15
37298,316,2,2,1,nwk_enqueue,1117,15,16
38095,316.96381534599999,2,8,1,nwk_enqueue,884,0,1
38348,317.29129534600003,8,8,1,nwk_nsdp_release,,16,15
38404,317.30000000000001,8,8,1,nwk_enqueue,1125,15,16
40380,319.63129363199999,2,2,1,nwk_nsdp_release,,16,15
40403,319.63999999999999,2,2,1,nwk_enqueue,1135,15,16
40945,320.25281534599998,2,8,1,nwk_enqueue,890,1,2
41301,320.71029534600001,8,8,1,nwk_nsdp_release,,16,15
41354,320.72000000000003,8,8,1,nwk_enqueue,1143,15,16
41562,321.006815346,2,8,1,nwk_enqueue,896,2,3
41724,321.20429534599998,8,8,1,nwk_nsdp_release,,16,15
41783,321.22000000000003,8,8,1,nwk_enqueue,1147,15,16
43739,324.10081534599999,2,8,1,nwk_enqueue,902,3,4
43852,324.220295346,8,8,1,nwk_nsdp_release,,16,15
43909,324.24000000000001,8,8,1,nwk_enqueue,1162,15,16
44440,324.86781534599999,2,8,1,nwk_enqueue,908,4,5
44543,325.00029534599997,8,8,1,nwk_nsdp_release,,16,15
44602,325.01999999999998,8,8,1,nwk_enqueue,1170,15,16
44970,325.56981534599998,2,8,1,nwk_enqueue,914,5,6
45080,325.70229534600003,8,8,1,nwk_nsdp_release,,16,15
45139,325.72000000000003,8,8,1,nwk_enqueue,1175,15,16
45304,325.99881534600001,2,8,1,nwk_enqueue,920,6,7
45391,326.07929534599998,8,8,1,nwk_nsdp_release,,16,15
45450,326.07999999999998,8,8,1,nwk_enqueue,1178,15,16
45875,326.54481534600001,2,8,1,nwk_enqueue,926,7,8
46081,326.84629534599998,8,8,1,nwk_nsdp_release,,16,15
46135,326.86000000000001,8,8,1,nwk_enqueue,1186,15,16
46340,327.19481534599998,2,8,1,nwk_enqueue,932,8,9
46475,327.37929534599999,8,8,1,nwk_nsdp_release,,16,15
46527,327.38,8,8,1,nwk_enqueue,1190,15,16
46994,327.84481534600002,2,8,1,nwk_enqueue,938,9,10
47163,328.042295346,8,8,1,nwk_nsdp_release,,16,15
47224,328.06,8,8,1,nwk_enqueue,1197,15,16
47570,328.44281534599997,2,8,1,nwk_enqueue,944,10,11
47677,328.54929534600001,8,8,1,nwk_nsdp_release,,16,15
47728,328.56,8,8,1,nwk_enqueue,1202,15,16
47930,328.89781534600002,2,8,1,nwk_enqueue,950,11,12
48097,329.17081534599998,2,8,1,nwk_enqueue,956,12,13
48216,329.26429534599998,8,8,1,nwk_nsdp_release,,16,15
48219,329.26429534599998,8,8,1,nwk_nsdp_release,,15,14
48286,329.27999999999997,8,8,1,nwk_enqueue,1207,14,15
48328,329.30000000000001,8,8,1,nwk_enqueue,1208,15,16
48620,329.71681534599998,2,8,1,nwk_enqueue,962,13,14
48797,329.90129534599998,8,8,1,nwk_nsdp_release,,16,15
48850,329.92000000000002,8,8,1,nwk_enqueue,1212,15,16
49157,330.405815346,2,8,1,nwk_enqueue,968,14,15
50132,331.58881534599999,2,7,1,nwk_enqueue,889,0,1
50429,331.96829534599999,8,7,1,nwk_nsdp_release,,20,19
50432,331.96829534599999,8,8,1,nwk_nsdp_release,,16,15
50494,331.98000000000002,8,8,1,nwk_enqueue,1225,15,16
51154,332.68081534599997,2,7,1,nwk_enqueue,895,1,2
51423,333.09929534600002,8,7,1,nwk_nsdp_release,,19,18
51701,333.369815346,2,7,1,nwk_enqueue,901,2,3
51832,333.52829534599999,8,7,1,nwk_nsdp_release,,18,17
52121,333.941815346,2,7,1,nwk_enqueue,913,3,4
52296,334.100295346,8,7,1,nwk_nsdp_release,,17,16
52589,334.37081534599997,2,8,1,nwk_enqueue,974,15,16
52783,334.63081534600002,2,7,1,nwk_enqueue,883,4,5
53058,334.929815346,2,7,1,nwk_enqueue,919,5,6
53227,335.04929534600001,8,7,1,nwk_nsdp_release,,16,15
53230,335.04929534600001,8,7,1,nwk_nsdp_release,,15,14
53233,335.04929534600001,8,8,1,nwk_nsdp_release,,16,15
53289,335.06,8,8,1,nwk_enqueue,1250,15,16
53715,335.41081244200001,8,7,1,nwk_enqueue,1001,14,15
54218,335.94381244200002,8,7,1,nwk_enqueue,1008,15,16
56102,338.09129363199997,2,2,1,nwk_nsdp_release,,16,15
56104,338.09129363199997,2,2,1,nwk_nsdp_release,,15,14
56106,338.09129363199997,2,2,1,nwk_nsdp_release,,14,13
56148,338.10000000000002,2,2,1,nwk_enqueue,1266,13,14
56203,338.12,2,2,1,nwk_enqueue,1267,14,15
56264,338.13999999999999,2,2,1,nwk_enqueue,1268,15,16
56663,338.59581534599999,2,7,1,nwk_enqueue,925,6,7
56990,338.90781244200002,8,7,1,nwk_enqueue,1009,16,17
57080,339.01429534599998,8,7,1,nwk_nsdp_release,,17,16
57592,339.59681244199999,8,7,1,nwk_enqueue,1017,16,17
59498,341.74181534600001,2,7,1,nwk_enqueue,931,7,8
59815,342.11881534600002,2,7,1,nwk_enqueue,907,8,9
60038,342.381295346,8,7,1,nwk_nsdp_release,,17,16
60041,342.381295346,8,7,1,nwk_nsdp_release,,16,15
60444,342.89881534599999,2,7,1,nwk_enqueue,937,9,10
60527,342.96629534599998,8,7,1,nwk_nsdp_release,,15,14
61145,343.691815346,2,7,1,nwk_enqueue,949,10,11
61253,343.77229534600002,8,7,1,nwk_nsdp_release,,14,13
61497,344.21181534599998,2,7,1,nwk_enqueue,967,11,12
61869,344.614815346,2,7,1,nwk_enqueue,943,12,13
61973,344.72129534599998,8,7,1,nwk_nsdp_release,,13,12
61976,344.72129534599998,8,7,1,nwk_nsdp_release,,12,11
62504,345.381815346,2,7,1,nwk_enqueue,973,13,14
62593,345.46229534600002,8,7,1,nwk_nsdp_release,,11,10
62833,345.87581534600002,2,7,1,nwk_enqueue,961,14,15
62981,346.02129534599999,8,7,1,nwk_nsdp_release,,10,9
63337,346.51281534600002,2,7,1,nwk_enqueue,982,15,16
63548,346.85081534599999,2,7,1,nwk_enqueue,988,16,17
63669,346.95729534600002,8,7,1,nwk_nsdp_release,,9,8
63671,346.95729534600002,8,7,1,nwk_nsdp_release,,8,7
64134,347.65681534599997,2,7,1,nwk_enqueue,955,17,18
64253,347.78929534600002,8,7,1,nwk_nsdp_release,,7,6
64395,348.04681534600002,2,7,1,nwk_enqueue,997,18,19
64751,348.29629534600002,8,7,1,nwk_nsdp_release,,6,5
65150,348.76181534599999,2,7,1,nwk_enqueue,976,19,20
65316,348.946295346,8,7,1,nwk_nsdp_release,,5,4
66203,349.91881534599997,2,8,1,nwk_enqueue,1143,16,17
66315,350.02529534600001,8,8,1,nwk_nsdp_release,,16,15
66354,350.04000000000002,8,8,1,nwk_enqueue,1346,15,16
66750,350.62081534599997,2,8,1,nwk_enqueue,1147,17,18
66851,350.71429534599997,8,8,1,nwk_nsdp_release,,16,15
66878,350.72000000000003,8,8,1,nwk_enqueue,1350,15,16
67146,351.10181534600002,2,8,1,nwk_enqueue,1162,18,19
67335,351.208295346,8,8,1,nwk_nsdp_release,,16,15
67363,351.22000000000003,8,8,1,nwk_enqueue,1355,15,16
67535,351.54381534599997,2,8,1,nwk_enqueue,1170,19,20
67889,351.90781534600001,2,8,1,nwk_enqueue,1125,20,21
68087,352.14429534599998,8,8,1,nwk_nsdp_release,,16,15
68089,352.14429534599998,8,8,1,nwk_nsdp_release,,15,14
68127,352.16000000000003,8,8,1,nwk_enqueue,1361,14,15
68160,352.18000000000001,8,8,1,nwk_enqueue,1362,15,16
69776,354.15681244199999,8,7,1,nwk_enqueue,1018,4,5
70225,354.66381244199999,8,7,1,nwk_enqueue,1029,5,6
70687,355.28781244200002,8,7,1,nwk_enqueue,1035,6,7
71120,355.75581244199998,8,7,1,nwk_enqueue,1046,7,8
71348,356.04181244199998,8,7,1,nwk_enqueue,1057,8,9
71797,356.60081244200001,8,7,1,nwk_enqueue,1062,9,10
71993,356.91281244200002,8,7,1,nwk_enqueue,1072,10,11
72163,357.18581244199999,8,7,1,nwk_enqueue,1076,11,12
72540,357.653812442,8,7,1,nwk_enqueue,1091,12,13
72722,357.95281244199998,8,7,1,nwk_enqueue,1109,13,14
73428,358.61581244199999,8,7,1,nwk_enqueue,1110,14,15
73648,358.86281244200001,8,7,1,nwk_enqueue,1137,15,16
74167,359.39829363199999,2,2,1,nwk_nsdp_release,,16,15
74169,359.39829363199999,2,2,1,nwk_nsdp_release,,15,14
74230,359.39999999999998,2,2,1,nwk_enqueue,1420,14,15
74309,359.42000000000002,2,2,1,nwk_enqueue,1422,15,16
74904,360.07181244200001,8,7,1,nwk_enqueue,1276,16,17
75384,360.50081244199998,8,7,1,nwk_enqueue,1281,17,18
75628,360.87781244199999,8,7,1,nwk_enqueue,1373,18,19
75704,360.91929363200001,2,2,1,nwk_nsdp_release,,16,15
75766,360.92000000000002,2,2,1,nwk_enqueue,1437,15,16
76384,361.52781244200003,8,7,1,nwk_enqueue,1377,19,20
77237,362.41429363200001,2,2,1,nwk_nsdp_release,,16,15
77300,362.42000000000002,2,2,1,nwk_enqueue,1448,15,16
77566,362.74981244200001,8,7,1,nwk_enqueue,1253,20,21
77883,362.99681244200002,8,7,1,nwk_enqueue,1258,21,22
79240,364.54381244199999,8,7,1,nwk_enqueue,1380,22,23
80980,367.31281534599998,2,8,1,nwk_enqueue,1175,21,22
81250,367.71829534599999,8,8,1,nwk_nsdp_release,,16,15
81299,367.72000000000003,8,8,1,nwk_enqueue,1473,15,16
81757,368.19681534599999,2,8,1,nwk_enqueue,1178,22,23
82045,368.35529534599999,8,8,1,nwk_nsdp_release,,16,15
82094,368.36000000000001,8,8,1,nwk_enqueue,1480,15,16
82682,369.01581534600001,2,8,1,nwk_enqueue,1186,23,24
83184,369.54881534600003,2,8,1,nwk_enqueue,1190,24,25
83431,369.69429534599999,8,8,1,nwk_nsdp_release,,16,15
83433,369.69429534599999,8,8,1,nwk_nsdp_release,,15,14
83481,369.69999999999999,8,8,1,nwk_enqueue,1495,14,15
83543,369.72000000000003,8,8,1,nwk_enqueue,1496,15,16
84120,370.34181534599998,2,8,1,nwk_enqueue,1197,25,26
84286,370.50029534599997,8,8,1,nwk_nsdp_release,,16,15
84347,370.51999999999998,8,8,1,nwk_enqueue,1501,15,16
84799,371.05681534600001,2,8,1,nwk_enqueue,1202,26,27
85098,371.25429534599999,8,8,1,nwk_nsdp_release,,16,15
85147,371.25999999999999,8,8,1,nwk_enqueue,1506,15,16
85364,371.51181534599999,2,8,1,nwk_enqueue,1207,27,28
85545,371.70929534599998,8,8,1,nwk_nsdp_release,,16,15
85594,371.72000000000003,8,8,1,nwk_enqueue,1509,15,16
86679,372.876815346,2,8,1,nwk_enqueue,1208,28,29
87036,373.13929534599998,8,8,1,nwk_nsdp_release,,16,15
87084,373.13999999999999,8,8,1,nwk_enqueue,1518,15,16
87295,373.43581534600003,2,8,1,nwk_enqueue,1212,29,30
87487,373.65929534600002,8,8,1,nwk_nsdp_release,,16,15
87536,373.66000000000003,8,8,1,nwk_enqueue,1520,15,16
91944,380.41681244199998,8,7,1,nwk_enqueue,1387,23,24
93524,382.23681244199997,8,7,1,nwk_enqueue,1396,24,25
93844,382.43429363199999,2,2,1,nwk_nsdp_release,,16,15
93846,382.43429363199999,2,2,1,nwk_nsdp_release,,15,14
93915,382.44,2,2,1,nwk_enqueue,1563,14,15
93991,382.45999999999998,2,2,1,nwk_enqueue,1564,15,16
94231,382.70481244199999,8,7,1,nwk_enqueue,1397,25,26
94749,383.18829363200001,2,2,1,nwk_nsdp_release,,16,15
94751,383.18829363200001,2,2,1,nwk_nsdp_release,,15,14
94822,383.19999999999999,2,2,1,nwk_enqueue,1572,14,15
94908,383.22000000000003,2,2,1,nwk_enqueue,1573,15,16
95637,384.004812442,8,7,1,nwk_enqueue,1398,26,27
96089,384.49881244199997,8,7,1,nwk_enqueue,1408,27,28
96301,384.79781244200001,8,7,1,nwk_enqueue,1389,28,29
96643,385.17481244200002,8,7,1,nwk_enqueue,1409,29,30
98986,388.37281534599998,2,8,1,nwk_enqueue,1225,30,31
99165,388.55729534599999,8,8,1,nwk_nsdp_release,,16,15
99220,388.56,8,8,1,nwk_enqueue,1607,15,16
99567,389.061815346,2,8,1,nwk_enqueue,1250,31,32
99722,389.155295346,8,8,1,nwk_nsdp_release,,16,15
99778,389.16000000000003,8,8,1,nwk_enqueue,1613,15,16
100769,390.25781534599997,2,7,1,nwk_enqueue,1001,20,21
100904,390.36429534600001,8,7,1,nwk_nsdp_release,,30,29
101518,390.99881534600001,2,7,1,nwk_enqueue,1008,21,22
101703,391.14429534599998,8,7,1,nwk_nsdp_release,,29,28
101949,391.44081534600002,2,7,1,nwk_enqueue,1009,22,23
102171,391.63829534600001,8,7,1,nwk_nsdp_release,,28,27
102614,392.20781534600002,2,7,1,nwk_enqueue,1017,23,24
102788,392.36629534600002,8,7,1,nwk_nsdp_release,,27,26
104141,393.74181534600001,2,8,1,nwk_enqueue,1350,32,33
104355,393.93929534599999,8,8,1,nwk_nsdp_release,,16,15
104405,393.94,8,8,1,nwk_enqueue,1642,15,16
104579,394.20981534600003,2,8,1,nwk_enqueue,1355,33,34
104990,394.60229534600001,8,8,1,nwk_nsdp_release,,16,15
105043,394.62,8,8,1,nwk_enqueue,1647,15,16
107108,397.13481534599998,2,8,1,nwk_enqueue,1346,34,35
107969,398.29429534600001,8,8,1,nwk_nsdp_release,,16,15
108021,398.30000000000001,8,8,1,nwk_enqueue,1666,15,16
109941,401.15181244199999,8,7,1,nwk_enqueue,1427,26,27
111663,403.17981244200001,8,7,1,nwk_enqueue,1429,27,28
112141,403.68929363199999,2,2,1,nwk_nsdp_release,,16,15
112219,403.69999999999999,2,2,1,nwk_enqueue,1697,15,16
113126,404.53181244199999,8,7,1,nwk_enqueue,1439,28,29
113574,405.00229363199998,2,2,1,nwk_nsdp_release,,16,15
113576,405.00229363199998,2,2,1,nwk_nsdp_release,,15,14
113660,405.01999999999998,2,2,1,nwk_enqueue,1705,14,15
113747,405.04000000000002,2,2,1,nwk_enqueue,1706,15,16
113947,405.15581244200001,8,7,1,nwk_enqueue,1428,29,30
114597,405.67829363200002,2,2,1,nwk_nsdp_release,,16,15
114678,405.68000000000001,2,2,1,nwk_enqueue,1716,15,16
114866,405.85781244200001,8,7,1,nwk_enqueue,1440,30,31
115301,406.37781244199999,8,7,1,nwk_enqueue,1443,31,32
115674,406.754812442,8,7,1,nwk_enqueue,1455,32,33
117341,408.92581534599998,2,8,1,nwk_enqueue,1361,35,36
117670,409.17529534599998,8,8,1,nwk_nsdp_release,,16,15
117729,409.18000000000001,8,8,1,nwk_enqueue,1738,15,16
117969,409.53681534600003,2,8,1,nwk_enqueue,1362,36,37
118386,410.00729534599998,8,8,1,nwk_nsdp_release,,16,15
118445,410.01999999999998,8,8,1,nwk_enqueue,1744,15,16
119131,410.92781534599999,2,7,1,nwk_enqueue,1018,24,25
119668,411.44781534600003,2,7,1,nwk_enqueue,1029,25,26
119817,411.58029534600001,8,7,1,nwk_nsdp_release,,33,32
119819,411.58029534600001,8,7,1,nwk_nsdp_release,,32,31
120932,412.87781534599998,2,7,1,nwk_enqueue,1046,26,27
121168,413.06229534599998,8,7,1,nwk_nsdp_release,,31,30
122155,414.268815346,2,7,1,nwk_enqueue,1035,27,28
122372,414.40129534599998,8,7,1,nwk_nsdp_release,,30,29
122916,414.91881534599997,2,7,1,nwk_enqueue,1057,28,29
123255,415.36081534599998,2,7,1,nwk_enqueue,1062,29,30
123454,415.51929534599998,8,7,1,nwk_nsdp_release,,29,28
123456,415.51929534599998,8,7,1,nwk_nsdp_release,,28,27
127781,421.60081244200001,8,7,1,nwk_enqueue,1456,27,28
129797,424.13581244199997,8,7,1,nwk_enqueue,1461,28,29
130045,424.30729363199998,2,8,1,nwk_nsdp_release,,37,36
130645,424.86629363200001,2,2,1,nwk_nsdp_release,,16,15
130739,424.88,2,2,1,nwk_enqueue,1826,15,16
131886,425.90629363199997,2,8,1,nwk_nsdp_release,,36,35
132244,426.16381244199999,8,7,1,nwk_enqueue,1562,29,30
132592,426.47829363199997,2,8,1,nwk_nsdp_release,,35,34
133307,427.21929363200002,2,8,1,nwk_nsdp_release,,34,33
133310,427.21929363200002,2,8,1,nwk_nsdp_release,,33,32
133540,427.41181244199998,8,7,1,nwk_enqueue,1579,30,31
133871,427.68481244200001,8,7,1,nwk_enqueue,1590,31,32
134199,428.05129363200001,2,8,1,nwk_nsdp_release,,32,31
134202,428.05129363200001,2,8,1,nwk_nsdp_release,,31,30
134441,428.24381244199998,8,7,1,nwk_enqueue,1551,32,33
135099,428.90929363200001,2,8,1,nwk_nsdp_release,,30,29
135102,428.90929363200001,2,8,1,nwk_nsdp_release,,29,28
135656,429.46829363199998,2,8,1,nwk_nsdp_release,,28,27
136778,430.638293632,2,8,1,nwk_nsdp_release,,27,26
136781,430.638293632,2,8,1,nwk_nsdp_release,,26,25
137201,430.99981534599999,2,7,1,nwk_enqueue,1072,30,31
137380,431.17129534600002,8,7,1,nwk_nsdp_release,,33,32
137751,431.545812442,8,7,1,nwk_enqueue,1569,32,33
139948,433.46981534600002,2,7,1,nwk_enqueue,1076,31,32
140357,433.88829534600001,8,7,1,nwk_nsdp_release,,33,32
140847,434.405815346,2,7,1,nwk_enqueue,1109,32,33
141116,434.74629534600001,8,7,1,nwk_nsdp_release,,32,31
141320,435.05581534599997,2,7,1,nwk_enqueue,1110,33,34
141824,435.51081534600002,2,7,1,nwk_enqueue,1137,34,35
142165,435.838295346,8,7,1,nwk_nsdp_release,,31,30
142167,435.838295346,8,7,1,nwk_nsdp_release,,30,29
142356,436.13481534599998,2,7,1,nwk_enqueue,1276,35,36
142590,436.33229534600002,8,7,1,nwk_nsdp_release,,29,28
142941,436.74581534599997,2,7,1,nwk_enqueue,1281,36,37
143186,437.047295346,8,7,1,nwk_nsdp_release,,28,27
143536,437.44781534600003,2,7,1,nwk_enqueue,1091,37,38
143834,437.67129534600002,8,7,1,nwk_nsdp_release,,27,26
144559,438.60481534600001,2,7,1,nwk_enqueue,1373,38,39
144766,438.85429534600001,8,7,1,nwk_nsdp_release,,26,25
146237,440.84329363199998,2,8,1,nwk_nsdp_release,,25,24
146768,441.38929363199998,2,8,1,nwk_nsdp_release,,24,23
148286,443.24829363200001,2,7,1,nwk_nsdp_release,,39,38
148978,444.26229363200002,2,7,1,nwk_nsdp_release,,38,37
149199,444.45481244199999,8,7,1,nwk_enqueue,1591,25,26
149643,444.76929363199997,2,7,1,nwk_nsdp_release,,37,36
149911,444.93581244199999,8,7,1,nwk_enqueue,1592,26,27
151368,446.56081244199999,8,7,1,nwk_enqueue,1680,27,28
153234,448.90329363199999,2,2,1,nwk_nsdp_release,,16,15
153236,448.90329363199999,2,2,1,nwk_nsdp_release,,15,14
153238,448.90329363199999,2,7,1,nwk_nsdp_release,,36,35
153329,448.92000000000002,2,2,1,nwk_enqueue,1975,14,15
153407,448.94,2,2,1,nwk_enqueue,1976,15,16
154716,450.28129363199997,2,8,1,nwk_nsdp_release,,23,22
154719,450.28129363199997,2,8,1,nwk_nsdp_release,,22,21
155718,451.42281534599999,2,7,1,nwk_enqueue,1377,35,36
155918,451.58129534599999,8,7,1,nwk_nsdp_release,,28,27
156035,451.67229363199999,2,7,1,nwk_nsdp_release,,36,35
156265,451.89081244200003,8,7,1,nwk_enqueue,1712,27,28
158519,454.23081534599999,2,7,1,nwk_enqueue,1253,35,36
158647,454.33729534600002,8,7,1,nwk_nsdp_release,,28,27
158817,454.502000028,2,7,1,nwk_nsdp_release,,36,35
159511,455.34881534599998,2,7,1,nwk_enqueue,1258,35,36
159767,455.54629534600002,8,7,1,nwk_nsdp_release,,27,26
160710,456.518815346,2,7,1,nwk_enqueue,1380,36,37
160910,456.67729534599999,8,7,1,nwk_nsdp_release,,26,25
161121,456.93481534599999,2,8,1,nwk_enqueue,1473,21,22
161493,457.32481534599998,2,8,1,nwk_enqueue,1480,22,23
161765,457.62381534600001,2,8,1,nwk_enqueue,1495,23,24
161919,457.691295346,8,8,1,nwk_nsdp_release,,16,15
161921,457.691295346,8,8,1,nwk_nsdp_release,,15,14
161923,457.691295346,8,8,1,nwk_nsdp_release,,14,13
161972,457.69999999999999,8,8,1,nwk_enqueue,2026,13,14
162034,457.72000000000003,8,8,1,nwk_enqueue,2028,14,15
162087,457.74000000000001,8,8,1,nwk_enqueue,2029,15,16
162251,458.00081534600002,2,8,1,nwk_enqueue,1496,24,25
162547,458.393295346,8,8,1,nwk_nsdp_release,,16,15
162598,458.39999999999998,8,8,1,nwk_enqueue,2033,15,16
163223,459.131815346,2,8,1,nwk_enqueue,1501,25,26
163397,459.19929534599999,8,8,1,nwk_nsdp_release,,16,15
163448,459.19999999999999,8,8,1,nwk_enqueue,2043,15,16
165063,461.20129363199999,2,2,1,nwk_nsdp_release,,16,15
165155,461.22000000000003,2,2,1,nwk_enqueue,2055,15,16
165595,461.72129363200003,2,7,1,nwk_nsdp_release,,37,36
166174,462.52729363200001,2,7,1,nwk_nsdp_release,,36,35
166641,463.02129363199998,2,7,1,nwk_nsdp_release,,35,34
167312,463.72329363199998,2,7,1,nwk_nsdp_release,,34,33
167698,464.13929363199998,2,7,1,nwk_nsdp_release,,33,32
168322,464.81529363200002,2,7,1,nwk_nsdp_release,,32,31
168480,464.94281244199999,8,7,1,nwk_enqueue,1719,25,26
168843,465.30681244200002,8,7,1,nwk_enqueue,1725,26,27
169160,465.56929363199998,2,7,1,nwk_nsdp_release,,31,30
169752,466.20629363199998,2,7,1,nwk_nsdp_release,,30,29
170164,466.59629363200003,2,7,1,nwk_nsdp_release,,29,28
170607,467.03829363199998,2,7,1,nwk_nsdp_release,,28,27
171394,467.77681244199999,8,7,1,nwk_enqueue,1726,27,28
171961,468.28629363200002,2,7,1,nwk_nsdp_release,,27,26
172385,468.74129363200001,2,7,1,nwk_nsdp_release,,26,25
174202,470.65229363200001,2,8,1,nwk_nsdp_release,,26,25
174204,470.65229363200001,2,7,1,nwk_nsdp_release,,25,24
175473,472.10829363200003,2,8,1,nwk_nsdp_release,,25,24
176063,472.75581244199998,8,7,1,nwk_enqueue,1822,28,29
177962,474.497812442,8,7,1,nwk_enqueue,1809,29,30
178564,474.99429363199999,2,8,1,nwk_nsdp_release,,24,23
179638,475.96929363200002,2,8,1,nwk_nsdp_release,,23,22
180279,476.69481534599998,2,8,1,nwk_enqueue,1506,22,23
180599,477.17581534599998,2,8,1,nwk_enqueue,1509,23,24
180730,477.24329534600002,8,8,1,nwk_nsdp_release,,16,15
180732,477.24329534600002,8,8,1,nwk_nsdp_release,,15,14
180788,477.25999999999999,8,8,1,nwk_enqueue,2146,14,15
180859,477.27999999999997,8,8,1,nwk_enqueue,2147,15,16
181332,477.81281534599998,2,8,1,nwk_enqueue,1518,24,25
181684,478.01029534600002,8,8,1,nwk_nsdp_release,,16,15
181738,478.01999999999998,8,8,1,nwk_enqueue,2154,15,16
182338,478.82681534599999,2,7,1,nwk_enqueue,1387,24,25
182476,478.97229534600001,8,7,1,nwk_nsdp_release,,30,29
182597,479.08500002800002,2,7,1,nwk_nsdp_release,,25,24
182824,479.22981534600001,2,7,1,nwk_enqueue,1396,24,25
183115,479.60681534600002,2,7,1,nwk_enqueue,1397,25,26
183350,479.89529534600001,8,7,1,nwk_nsdp_release,,29,28
183352,479.89529534600001,8,7,1,nwk_nsdp_release,,28,27
183645,480.28281534600001,2,7,1,nwk_enqueue,1398,26,27
184591,481.27081534600001,2,8,1,nwk_enqueue,1520,25,26
184754,481.44229534599998,8,7,1,nwk_nsdp_release,,27,26
184756,481.44229534599998,8,8,1,nwk_nsdp_release,,16,15
184808,481.45999999999998,8,8,1,nwk_enqueue,2176,15,16
186372,482.99981534599999,2,7,1,nwk_enqueue,1408,27,28
186709,483.36629534600002,8,7,1,nwk_nsdp_release,,26,25
188332,485.43329363200002,2,8,1,nwk_nsdp_release,,26,25
188852,485.89881244200001,8,7,1,nwk_enqueue,1833,25,26
189627,486.665812442,8,7,1,nwk_enqueue,1851,26,27
190797,488.30381244199998,8,7,1,nwk_enqueue,1852,27,28
192259,489.94429363199998,2,2,1,nwk_nsdp_release,,16,15
192338,489.95999999999998,2,2,1,nwk_enqueue,2225,15,16
194650,492.97329363199998,2,2,1,nwk_nsdp_release,,16,15
194723,492.98000000000002,2,2,1,nwk_enqueue,2240,15,16
195654,494.05229363199999,2,2,1,nwk_nsdp_release,,16,15
195656,494.05229363199999,2,2,1,nwk_nsdp_release,,15,14
195730,494.06,2,2,1,nwk_enqueue,2248,14,15
195811,494.07999999999998,2,2,1,nwk_enqueue,2249,15,16
196635,495.08981244199998,8,7,1,nwk_enqueue,1874,28,29
198404,496.95129363199999,2,8,1,nwk_nsdp_release,,25,24
199059,497.61181534600001,2,7,1,nwk_enqueue,1389,28,29
199311,497.87181244200002,8,7,1,nwk_enqueue,1854,29,30
199795,498.25129534600001,8,7,1,nwk_nsdp_release,,30,29
201460,500.00381534600001,2,8,1,nwk_enqueue,1607,24,25
201778,500.37029534599998,8,8,1,nwk_nsdp_release,,16,15
201829,500.38,8,8,1,nwk_enqueue,2287,15,16
202055,500.64081534600001,2,8,1,nwk_enqueue,1613,25,26
202200,500.79929534600001,8,8,1,nwk_nsdp_release,,16,15
202252,500.80000000000001,8,8,1,nwk_enqueue,2290,15,16
202450,501.09581534599999,2,8,1,nwk_enqueue,1642,26,27
202963,501.52481534600003,2,8,1,nwk_enqueue,1647,27,28
203069,501.59229534600001,8,8,1,nwk_nsdp_release,,16,15
203071,501.59229534600001,8,8,1,nwk_nsdp_release,,15,14
203122,501.60000000000002,8,8,1,nwk_enqueue,2297,14,15
203176,501.62,8,8,1,nwk_enqueue,2298,15,16
203620,502.174815346,2,7,1,nwk_enqueue,1409,29,30
203830,502.44781534600003,2,8,1,nwk_enqueue,1666,28,29
204044,502.69729534599998,8,8,1,nwk_nsdp_release,,16,15
204046,502.69729534599998,8,7,1,nwk_nsdp_release,,29,28
204099,502.69999999999999,8,8,1,nwk_enqueue,2305,15,16
204496,503.18881534600001,2,7,1,nwk_enqueue,1427,30,31
204850,503.45129534599999,8,7,1,nwk_nsdp_release,,28,27
205031,503.70881534599999,2,7,1,nwk_enqueue,1429,31,32
205288,503.958295346,8,7,1,nwk_nsdp_release,,27,26
207234,506.60781244200001,8,7,1,nwk_enqueue,1947,26,27
207797,507.10429363200001,2,8,1,nwk_nsdp_release,,29,28
208046,507.283812442,8,7,1,nwk_enqueue,1951,27,28
209582,508.92181244199998,8,7,1,nwk_enqueue,1960,28,29
210279,509.82129363199999,2,8,1,nwk_nsdp_release,,28,27
211326,511.030293632,2,8,1,nwk_nsdp_release,,27,26
213352,513.61729363200004,2,8,1,nwk_nsdp_release,,26,25
215036,515.68181244200002,8,7,1,nwk_enqueue,1995,29,30
216759,517.51729363200002,2,8,1,nwk_nsdp_release,,25,24
216761,517.51729363200002,2,8,1,nwk_nsdp_release,,24,23
217855,518.77581534599994,2,7,1,nwk_enqueue,1439,32,33
218191,519.02529534600001,8,7,1,nwk_nsdp_release,,30,29
219722,520.84281534599995,2,7,1,nwk_enqueue,1428,33,34
219876,520.97529534600005,8,7,1,nwk_nsdp_release,,29,28
220048,521.24581534599997,2,7,1,nwk_enqueue,1440,34,35
220405,521.612295346,8,7,1,nwk_nsdp_release,,28,27
220789,522.11681534599995,2,7,1,nwk_enqueue,1443,35,36
220929,522.19729534600003,8,7,1,nwk_nsdp_release,,27,26
221402,522.54581534600004,2,7,1,nwk_enqueue,1455,36,37
221627,522.70429534599998,8,7,1,nwk_nsdp_release,,26,25
221835,522.96181534599998,2,8,1,nwk_enqueue,1738,23,24
221988,523.107295346,8,8,1,nwk_nsdp_release,,16,15
222046,523.12,8,8,1,nwk_enqueue,2428,15,16
222453,523.41681534600002,2,8,1,nwk_enqueue,1744,24,25
222931,523.83281534599996,2,7,1,nwk_enqueue,1456,37,38
223109,523.95229534600003,8,7,1,nwk_nsdp_release,,25,24
223111,523.95229534600003,8,8,1,nwk_nsdp_release,,16,15
223210,523.96000000000004,8,8,1,nwk_enqueue,2436,15,16
223708,524.46981534600002,2,7,1,nwk_enqueue,1461,38,39
223897,524.66729534599995,8,7,1,nwk_nsdp_release,,24,23
225664,526.68229363199998,2,8,1,nwk_nsdp_release,,25,24
226439,527.34281244199997,8,7,1,nwk_enqueue,2024,23,24
226905,527.68329363199996,2,2,1,nwk_nsdp_release,,16,15
226907,527.68329363199996,2,8,1,nwk_nsdp_release,,24,23
227000,527.70000000000005,2,2,1,nwk_enqueue,2460,15,16
227305,527.91481244199997,8,7,1,nwk_enqueue,2037,24,25
229150,529.85181244199998,8,7,1,nwk_enqueue,2081,25,26
230718,531.99929363199999,2,2,1,nwk_nsdp_release,,16,15
230802,532,2,2,1,nwk_enqueue,2482,15,16
234235,536.38029363199996,2,2,1,nwk_nsdp_release,,16,15
234324,536.39999999999998,2,2,1,nwk_enqueue,2507,15,16
236217,538.31729363199997,2,2,1,nwk_nsdp_release,,16,15
236300,538.32000000000005,2,2,1,nwk_enqueue,2516,15,16
236593,538.60081244200001,8,7,1,nwk_enqueue,2098,26,27
238108,540.38181534600005,2,7,1,nwk_enqueue,1562,39,40
238349,540.66781244200001,8,7,1,nwk_enqueue,2082,27,28
238602,540.86529534600004,8,7,1,nwk_nsdp_release,,28,27
240788,542.91929363199995,2,8,1,nwk_nsdp_release,,23,22
241486,543.57981534600003,2,7,1,nwk_enqueue,1590,40,41
241791,543.86581534599998,2,7,1,nwk_enqueue,1551,41,42
242005,544.011295346,8,7,1,nwk_nsdp_release,,27,26
242007,544.011295346,8,7,1,nwk_nsdp_release,,26,25
242533,544.41181534600003,2,7,1,nwk_enqueue,1569,42,43
243332,545.33481534600003,2,7,1,nwk_enqueue,1592,43,44
243481,545.42829534600003,8,7,1,nwk_nsdp_release,,25,24
243483,545.42829534600003,8,7,1,nwk_nsdp_release,,24,23
244152,546.16681534600002,2,7,1,nwk_enqueue,1680,44,45
244333,546.29929534600001,8,7,1,nwk_nsdp_release,,23,22
245149,547.32381534599995,2,7,1,nwk_enqueue,1579,45,46
245674,547.71381534600005,2,7,1,nwk_enqueue,1591,46,47
245809,547.79429534600001,8,7,1,nwk_nsdp_release,,22,21
245811,547.79429534600001,8,7,1,nwk_nsdp_release,,21,20
246101,548.129812442,8,7,1,nwk_enqueue,2124,20,21
246745,548.74081244199999,8,7,1,nwk_enqueue,2132,21,22
248147,550.13429363199998,2,8,1,nwk_nsdp_release,,22,21
248818,550.80781534599998,2,7,1,nwk_enqueue,1712,47,48
249112,551.07029363200002,2,7,1,nwk_nsdp_release,,48,47
249259,551.17429534600001,8,7,1,nwk_nsdp_release,,22,21
251080,553.09829363200004,2,7,1,nwk_nsdp_release,,47,46
252547,554.87681244199996,8,7,1,nwk_enqueue,2199,21,22
254150,556.94629363199999,2,7,1,nwk_nsdp_release,,46,45
255075,557.97329363200004,2,7,1,nwk_nsdp_release,,45,44
256444,559.29929363199994,2,8,1,nwk_nsdp_release,,21,20
258205,561.24681534599995,2,8,1,nwk_enqueue,2026,20,21
258680,561.66529534599999,8,8,1,nwk_nsdp_release,,16,15
258729,561.67999999999995,8,8,1,nwk_enqueue,2654,15,16
260195,563.44381244199997,8,7,1,nwk_enqueue,2206,22,23
261013,564.26529363199995,2,8,1,nwk_nsdp_release,,21,20
261873,565.25081534599997,2,8,1,nwk_enqueue,2028,20,21
262198,565.53681534600003,2,8,1,nwk_enqueue,2029,21,22
262377,565.708295346,8,8,1,nwk_nsdp_release,,16,15
262379,565.708295346,8,8,1,nwk_nsdp_release,,15,14
262425,565.72000000000003,8,8,1,nwk_enqueue,2677,14,15
262476,565.74000000000001,8,8,1,nwk_enqueue,2678,15,16
262772,566.17381534599997,2,8,1,nwk_enqueue,2033,22,23
263247,566.65729534599996,8,8,1,nwk_nsdp_release,,16,15
263294,566.65999999999997,8,8,1,nwk_enqueue,2686,15,16
263593,566.97981534600001,2,7,1,nwk_enqueue,1719,44,45
263847,567.16429534600002,8,7,1,nwk_nsdp_release,,23,22
264859,568.52681534600003,2,7,1,nwk_enqueue,1725,45,46
264981,568.59429534599997,8,7,1,nwk_nsdp_release,,22,21
265692,569.436815346,2,7,1,nwk_enqueue,1726,46,47
265935,569.63429534600004,8,7,1,nwk_nsdp_release,,21,20
266101,569.87881244200003,8,7,1,nwk_enqueue,2256,20,21
267957,571.50381244200003,8,7,1,nwk_enqueue,2212,21,22
268585,572.18229363199998,2,8,1,nwk_nsdp_release,,23,22
269166,572.74129363199995,2,2,1,nwk_nsdp_release,,16,15
269259,572.75999999999999,2,2,1,nwk_enqueue,2726,15,16
270569,574.12981534599999,2,8,1,nwk_enqueue,2043,22,23
270887,574.48081534599999,2,7,1,nwk_enqueue,1822,47,48
271029,574.54829363199997,2,2,1,nwk_nsdp_release,,16,15
271121,574.55999999999995,2,2,1,nwk_enqueue,2737,15,16
271633,574.99029534600004,8,7,1,nwk_nsdp_release,,22,21
271635,574.99029534600004,8,8,1,nwk_nsdp_release,,16,15
271682,575,8,8,1,nwk_enqueue,2741,15,16
274230,577.590293632,2,2,1,nwk_nsdp_release,,16,15
274325,577.60000000000002,2,2,1,nwk_enqueue,2756,15,16
276081,579.31929363200004,2,2,1,nwk_nsdp_release,,16,15
276174,579.32000000000005,2,2,1,nwk_enqueue,2762,15,16
276632,579.76129363200005,2,8,1,nwk_nsdp_release,,23,22
278072,581.37081244199999,8,7,1,nwk_enqueue,2277,21,22
279972,583.24281534600004,2,7,1,nwk_enqueue,1809,48,49
280205,583.50529534600003,8,7,1,nwk_nsdp_release,,22,21
281819,585.364293632,2,8,1,nwk_nsdp_release,,22,21
282595,586.07681534599999,2,8,1,nwk_enqueue,2146,21,22
283230,586.57081534600002,2,8,1,nwk_enqueue,2147,22,23
284416,588.04229534599995,8,8,1,nwk_nsdp_release,,16,15
284418,588.04229534599995,8,8,1,nwk_nsdp_release,,15,14
284467,588.05999999999995,8,8,1,nwk_enqueue,2810,14,15
284514,588.08000000000004,8,8,1,nwk_enqueue,2811,15,16
285238,588.84581534599999,2,7,1,nwk_enqueue,1833,49,50
285419,589.01729534599997,8,7,1,nwk_nsdp_release,,21,20
285588,589.287815346,2,8,1,nwk_enqueue,2154,23,24
285920,589.55029534599998,8,8,1,nwk_nsdp_release,,16,15
285965,589.55999999999995,8,8,1,nwk_enqueue,2820,15,16
286215,589.87281534600004,2,8,1,nwk_enqueue,2176,24,25
286543,590.14581534599995,2,7,1,nwk_enqueue,1851,50,51
286935,590.39281244200004,8,7,1,nwk_enqueue,2329,20,21
287770,591.42229534600006,8,7,1,nwk_nsdp_release,,21,20
287772,591.42229534600006,8,8,1,nwk_nsdp_release,,16,15
287821,591.44000000000005,8,8,1,nwk_enqueue,2831,15,16
288803,592.27781244200003,8,7,1,nwk_enqueue,2333,20,21
289685,592.99529363199997,2,7,1,nwk_nsdp_release,,51,50
290400,593.59329363200004,2,7,1,nwk_nsdp_release,,50,49
292636,595.46281534599996,2,7,1,nwk_enqueue,1852,49,50
292841,595.58229534600002,8,7,1,nwk_nsdp_release,,21,20
293048,595.89181244199995,8,7,1,nwk_enqueue,2343,20,21
295954,598.85829363200003,2,7,1,nwk_nsdp_release,,50,49
295956,598.85829363200003,2,7,1,nwk_nsdp_release,,49,48
295958,598.85829363200003,2,7,1,nwk_nsdp_release,,48,47
297725,600.63929363199998,2,7,1,nwk_nsdp_release,,47,46
298631,601.74181244199997,8,7,1,nwk_enqueue,2380,21,22
301061,604.44581244200003,8,7,1,nwk_enqueue,2455,22,23
303019,606.41129363200002,2,2,1,nwk_nsdp_release,,16,15
303112,606.41999999999996,2,2,1,nwk_enqueue,2913,15,16
303374,606.69481534600004,2,7,1,nwk_enqueue,1874,46,47
303609,606.905295346,8,7,1,nwk_nsdp_release,,23,22
305327,608.436815346,2,7,1,nwk_enqueue,1854,47,48
305936,608.95929534599998,8,7,1,nwk_nsdp_release,,22,21
307750,610.94581534600002,2,8,1,nwk_enqueue,2287,25,26
307970,611.05229534600005,8,8,1,nwk_nsdp_release,,16,15
308015,611.05999999999995,8,8,1,nwk_enqueue,2937,15,16
308471,611.58281244199998,8,7,1,nwk_enqueue,2462,21,22
310082,613.05181244200003,8,7,1,nwk_enqueue,2472,22,23
311652,614.715815346,2,8,1,nwk_enqueue,2298,26,27
311883,614.96281534599996,2,8,1,nwk_enqueue,2305,27,28
312303,615.18629534599995,8,8,1,nwk_nsdp_release,,16,15
312305,615.18629534599995,8,8,1,nwk_nsdp_release,,15,14
312356,615.20000000000005,8,8,1,nwk_enqueue,2964,14,15
312406,615.22000000000003,8,8,1,nwk_enqueue,2965,15,16
312748,615.52181534600004,2,8,1,nwk_enqueue,2297,28,29
313019,615.732295346,8,8,1,nwk_nsdp_release,,16,15
313065,615.74000000000001,8,8,1,nwk_enqueue,2968,15,16
313377,616.02881534599999,2,7,1,nwk_enqueue,1947,48,49
313701,616.31481534600005,2,7,1,nwk_enqueue,1951,49,50
313964,616.57481244200005,8,7,1,nwk_enqueue,2522,23,24
314100,616.66829534600004,8,7,1,nwk_nsdp_release,,24,23
314102,616.66829534600004,8,7,1,nwk_nsdp_release,,23,22
315702,618.35581534599999,2,8,1,nwk_enqueue,2290,29,30
316298,618.91729534599995,8,8,1,nwk_nsdp_release,,16,15
316346,618.91999999999996,8,8,1,nwk_enqueue,2987,15,16
319918,623.02529363199994,2,7,1,nwk_nsdp_release,,50,49
320737,623.71429363200002,2,7,1,nwk_nsdp_release,,49,48
321759,624.83229363199996,2,7,1,nwk_nsdp_release,,48,47
322182,625.076812442,8,7,1,nwk_enqueue,2583,22,23
322660,625.57329363199995,2,7,1,nwk_nsdp_release,,47,46
324174,626.84729363199995,2,7,1,nwk_nsdp_release,,46,45
324800,627.484293632,2,7,1,nwk_nsdp_release,,45,44
325198,627.92381534599997,2,7,1,nwk_enqueue,1960,44,45
325429,628.06929534599999,8,7,1,nwk_nsdp_release,,23,22
326947,629.41881534599997,2,7,1,nwk_enqueue,1995,45,46
327370,629.81129534599995,8,7,1,nwk_nsdp_release,,22,21
327490,630.02800002799995,2,7,1,nwk_nsdp_release,,46,45
329009,631.77181534600004,2,8,1,nwk_enqueue,2428,30,31
329362,632.14881244200001,8,7,1,nwk_enqueue,2584,21,22
329517,632.30729534600005,8,8,1,nwk_nsdp_release,,16,15
329565,632.32000000000005,8,8,1,nwk_enqueue,3062,15,16
331346,633.94281244199999,8,7,1,nwk_enqueue,2617,22,23
333313,636.20481534600003,2,8,1,nwk_enqueue,2436,31,32
333754,636.55581534600003,2,7,1,nwk_enqueue,2024,45,46
334247,636.94829534600001,8,7,1,nwk_nsdp_release,,23,22
334249,636.94829534600001,8,8,1,nwk_nsdp_release,,16,15
334294,636.96000000000004,8,8,1,nwk_enqueue,3093,15,16
334509,637.25781534600003,2,7,1,nwk_enqueue,2037,46,47
334792,637.504812442,8,7,1,nwk_enqueue,2667,22,23
335148,637.72829534599998,8,7,1,nwk_nsdp_release,,23,22
337336,639.84481534600002,2,7,1,nwk_enqueue,2081,47,48
337510,639.97729534600001,8,7,1,nwk_nsdp_release,,22,21
337994,640.494815346,2,7,1,nwk_enqueue,2098,48,49
338438,640.96529534599995,8,7,1,nwk_nsdp_release,,21,20
340599,643.59129363199997,2,7,1,nwk_nsdp_release,,49,48
341166,644.00729363200003,2,7,1,nwk_nsdp_release,,48,47
341819,644.61829363200002,2,2,1,nwk_nsdp_release,,16,15
341927,644.62,2,2,1,nwk_enqueue,3139,15,16
343322,645.97029363199999,2,7,1,nwk_nsdp_release,,47,46
343324,645.97029363199999,2,2,1,nwk_nsdp_release,,16,15
343502,645.98000000000002,2,2,1,nwk_enqueue,3146,15,16
343720,646.09781244199996,8,7,1,nwk_enqueue,2708,20,21
344354,646.62029363199997,2,7,1,nwk_nsdp_release,,46,45
344356,646.62029363199997,2,7,1,nwk_nsdp_release,,45,44
345171,647.28329363199998,2,7,1,nwk_nsdp_release,,44,43
346647,648.59629363199997,2,8,1,nwk_nsdp_release,,32,31
347959,650.07581534600001,2,7,1,nwk_enqueue,2124,43,44
348174,650.18229534600005,8,7,1,nwk_nsdp_release,,21,20
348510,650.64781534600002,2,7,1,nwk_enqueue,2082,44,45
348726,650.85829534599998,8,7,1,nwk_nsdp_release,,20,19
350520,652.831812442,8,7,1,nwk_enqueue,2718,19,20
351585,653.936815346,2,7,1,nwk_enqueue,2132,45,46
352084,654.35529534600005,8,7,1,nwk_nsdp_release,,20,19
352314,654.66481244199997,8,7,1,nwk_enqueue,2776,19,20
355171,657.60281534600006,2,7,1,nwk_enqueue,2199,46,47
355668,658.04481534599995,2,8,1,nwk_enqueue,2654,31,32
356120,658.54129534599997,8,8,1,nwk_nsdp_release,,16,15
356122,658.54129534599997,8,7,1,nwk_nsdp_release,,20,19
356180,658.55999999999995,8,8,1,nwk_enqueue,3214,15,16
356304,658.78581244199995,8,7,1,nwk_enqueue,2828,19,20
359155,661.67181534600002,2,8,1,nwk_enqueue,2678,32,33
359784,662.43881534599996,2,8,1,nwk_enqueue,2686,33,34
360286,662.94829534600001,8,8,1,nwk_nsdp_release,,16,15
360288,662.94829534600001,8,8,1,nwk_nsdp_release,,15,14
360331,662.96000000000004,8,8,1,nwk_enqueue,3239,14,15
360388,662.98000000000002,8,8,1,nwk_enqueue,3240,15,16
360533,663.20581534600001,2,8,1,nwk_enqueue,2677,34,35
361111,663.63729534599997,8,8,1,nwk_nsdp_release,,16,15
361156,663.63999999999999,8,8,1,nwk_enqueue,3245,15,16
363893,666.25029363199997,2,8,1,nwk_nsdp_release,,35,34
364778,667.03029363200005,2,8,1,nwk_nsdp_release,,34,33
364780,667.03029363200005,2,8,1,nwk_nsdp_release,,33,32
365599,667.62829363200001,2,2,1,nwk_nsdp_release,,16,15
365705,667.63999999999999,2,2,1,nwk_enqueue,3267,15,16
366434,668.26100002800001,8,7,1,nwk_nsdp_release,,20,19
366533,668.34329363200004,2,8,1,nwk_nsdp_release,,32,31
368242,670.085293632,2,8,1,nwk_nsdp_release,,31,30
368853,670.74581534599997,2,7,1,nwk_enqueue,2256,47,48
369349,671.03429534600002,8,7,1,nwk_nsdp_release,,19,18
369731,671.33081244200002,8,7,1,nwk_enqueue,2838,18,19
372314,674.02429363199997,2,8,1,nwk_nsdp_release,,30,29
374289,675.50381244200003,8,7,1,nwk_enqueue,2889,19,20
374597,675.932812442,8,7,1,nwk_enqueue,2857,20,21
376071,677.70329363200005,2,8,1,nwk_nsdp_release,,29,28
376397,678.03881534599998,2,7,1,nwk_enqueue,2212,48,49
377040,678.535295346,8,7,1,nwk_nsdp_release,,21,20
377350,678.87081534599997,2,7,1,nwk_enqueue,2277,49,50
377719,679.14381244200001,8,7,1,nwk_enqueue,2906,20,21
378552,679.87429534600005,8,7,1,nwk_nsdp_release,,21,20
379786,680.82081534600002,2,8,1,nwk_enqueue,2810,28,29
380065,680.953295346,8,8,1,nwk_nsdp_release,,16,15
380110,680.96000000000004,8,8,1,nwk_enqueue,3344,15,16
380562,681.45781534599996,2,8,1,nwk_enqueue,2741,29,30
380800,681.56429534599999,8,8,1,nwk_nsdp_release,,16,15
380851,681.58000000000004,8,8,1,nwk_enqueue,3350,15,16
382486,683.38181534600005,2,8,1,nwk_enqueue,2811,30,31
383064,683.95381534600006,2,8,1,nwk_enqueue,2820,31,32
383219,684.02129534599999,8,8,1,nwk_nsdp_release,,16,15
383221,684.02129534599999,8,8,1,nwk_nsdp_release,,15,14
383270,684.03999999999996,8,8,1,nwk_enqueue,3362,14,15
383318,684.05999999999995,8,8,1,nwk_enqueue,3363,15,16
383526,684.369815346,2,7,1,nwk_enqueue,2329,50,51
383806,684.61929534599994,8,7,1,nwk_nsdp_release,,20,19
386298,687.33629363199998,2,7,1,nwk_nsdp_release,,51,50
387578,688.83129363199998,2,7,1,nwk_nsdp_release,,50,49
389808,691.42881534599996,2,8,1,nwk_enqueue,2831,32,33
390138,691.61329363200002,2,7,1,nwk_nsdp_release,,49,48
390597,691.92529534599998,8,8,1,nwk_nsdp_release,,16,15
390644,691.94000000000005,8,8,1,nwk_enqueue,3398,15,16
393674,694.95429363200003,2,7,1,nwk_nsdp_release,,48,47
394743,696.05929363200005,2,8,1,nwk_nsdp_release,,33,32
394880,696.10881244200004,8,7,1,nwk_enqueue,2943,19,20
395413,696.706812442,8,7,1,nwk_enqueue,2953,20,21
397591,698.89081534599995,2,7,1,nwk_enqueue,2333,47,48
397870,699.11429534599995,8,7,1,nwk_nsdp_release,,21,20
398506,699.87881244200003,8,7,1,nwk_enqueue,2976,20,21
400589,702.14081534599995,2,7,1,nwk_enqueue,2343,48,49
400934,702.39029534600002,8,7,1,nwk_nsdp_release,,21,20
401124,702.67381534599997,2,7,1,nwk_enqueue,2380,49,50
401308,702.780295346,8,7,1,nwk_nsdp_release,,20,19
402914,704.50681534600005,2,7,1,nwk_enqueue,2455,50,51
403337,704.88381534600001,2,8,1,nwk_enqueue,2937,32,33
403520,705.05529534599998,8,8,1,nwk_nsdp_release,,16,15
403522,705.05529534599998,8,7,1,nwk_nsdp_release,,19,18
403565,705.05999999999995,8,8,1,nwk_enqueue,3461,15,16
403916,705.48181534599996,2,7,1,nwk_enqueue,2462,51,52
404080,705.61429534599995,8,7,1,nwk_nsdp_release,,18,17
407731,710.38529363199996,2,7,1,nwk_nsdp_release,,52,51
408930,711.49029363199998,2,2,1,nwk_nsdp_release,,16,15
409043,711.5,2,2,1,nwk_enqueue,3489,15,16
409888,712.05981244199995,8,7,1,nwk_enqueue,3023,17,18
410152,712.24429363199999,2,2,1,nwk_nsdp_release,,16,15
410274,712.25999999999999,2,2,1,nwk_enqueue,3496,15,16
411420,713.15429363199996,2,2,1,nwk_nsdp_release,,16,15
411532,713.15999999999997,2,2,1,nwk_enqueue,3505,15,16
412454,713.98381534600003,2,7,1,nwk_enqueue,2472,51,52
412771,714.14229534599997,8,7,1,nwk_nsdp_release,,18,17
413403,714.81829363199995,2,2,1,nwk_nsdp_release,,16,15
413521,714.82000000000005,2,2,1,nwk_enqueue,3512,15,16
415395,716.72929363200001,2,8,1,nwk_nsdp_release,,33,32
415397,716.72929363200001,2,8,1,nwk_nsdp_release,,32,31
415399,716.72929363200001,2,7,1,nwk_nsdp_release,,52,51
415764,717.15581244199996,8,7,1,nwk_enqueue,3054,17,18
416968,717.97481244200003,8,7,1,nwk_enqueue,3064,18,19
417302,718.31529363200002,2,8,1,nwk_nsdp_release,,31,30
419520,720.32781534599997,2,8,1,nwk_enqueue,2964,30,31
419713,720.46029534599995,8,8,1,nwk_nsdp_release,,16,15
419764,720.48000000000002,8,8,1,nwk_enqueue,3549,15,16
419910,720.590293632,2,7,1,nwk_nsdp_release,,51,50
419912,720.590293632,2,8,1,nwk_nsdp_release,,31,30
420371,721.04281244200001,8,7,1,nwk_enqueue,3073,19,20
422764,723.590815346,2,8,1,nwk_enqueue,2968,30,31
422943,723.69729534600003,8,8,1,nwk_nsdp_release,,16,15
422987,723.70000000000005,8,8,1,nwk_enqueue,3569,15,16
423260,723.95481534600003,2,7,1,nwk_enqueue,2522,50,51
423405,724.035295346,8,7,1,nwk_nsdp_release,,20,19
425023,725.70981534600003,2,8,1,nwk_enqueue,2987,31,32
425909,726.87981534599999,2,7,1,nwk_enqueue,2584,51,52
426207,727.03829534600004,8,7,1,nwk_nsdp_release,,19,18
426209,727.03829534600004,8,8,1,nwk_nsdp_release,,16,15
426251,727.03999999999996,8,8,1,nwk_enqueue,3588,15,16
429785,730.84729363199995,2,8,1,nwk_nsdp_release,,32,31
430197,731.33881534600005,2,7,1,nwk_enqueue,2583,52,53
430320,731.37600002800002,8,8,1,nwk_nsdp_release,,16,15
430363,731.38,8,8,1,nwk_enqueue,3605,15,16
430795,731.62729534599998,8,7,1,nwk_nsdp_release,,18,17
431959,732.93781244199999,8,7,1,nwk_enqueue,3102,17,18
433441,734.73181534599996,2,8,1,nwk_enqueue,3062,31,32
433939,735.059295346,8,8,1,nwk_nsdp_release,,16,15
433983,735.05999999999995,8,8,1,nwk_enqueue,3625,15,16
435038,736.38529363199996,2,7,1,nwk_nsdp_release,,53,52
436679,737.89081244199997,8,7,1,nwk_enqueue,3149,18,19
436953,738.07529363200001,2,7,1,nwk_nsdp_release,,52,51
437657,738.67081244200006,8,7,1,nwk_enqueue,3183,19,20
440091,741.114815346,2,7,1,nwk_enqueue,2617,51,52
440283,741.27329534600005,8,7,1,nwk_nsdp_release,,20,19
440915,742.01181244199995,8,7,1,nwk_enqueue,3194,19,20
442452,743.41829363199997,2,7,1,nwk_nsdp_release,,52,51
442454,743.41829363199997,2,7,1,nwk_nsdp_release,,51,50
442971,743.86029363199998,2,7,1,nwk_nsdp_release,,50,49
443614,744.43229363199998,2,7,1,nwk_nsdp_release,,49,48
443904,744.75481534599999,2,8,1,nwk_enqueue,3093,32,33
444131,744.97829534599998,8,8,1,nwk_nsdp_release,,16,15
444176,744.98000000000002,8,8,1,nwk_enqueue,3675,15,16
444547,745.31381534599996,2,7,1,nwk_enqueue,2667,48,49
444706,745.381295346,8,7,1,nwk_nsdp_release,,20,19
445135,745.96400002799999,2,7,1,nwk_nsdp_release,,49,48
448628,749.86381534600002,2,7,1,nwk_enqueue,2708,48,49
448786,749.97029534599994,8,7,1,nwk_nsdp_release,,19,18
449042,750.38381534600001,2,7,1,nwk_enqueue,2718,49,50
449198,750.45129534600005,8,7,1,nwk_nsdp_release,,18,17
451660,752.85629363199996,2,8,1,nwk_nsdp_release,,33,32
452479,753.56881244199997,8,7,1,nwk_enqueue,3218,17,18
454223,755.36281534600005,2,7,1,nwk_enqueue,2776,50,51
454479,755.53429534600002,8,7,1,nwk_nsdp_release,,18,17
456567,758.10829363200003,2,8,1,nwk_nsdp_release,,32,31
457233,758.87529363199997,2,7,1,nwk_nsdp_release,,51,50
457687,759.26281244200004,8,7,1,nwk_enqueue,3307,17,18
459225,760.93981244199995,8,7,1,nwk_enqueue,3287,18,19
461025,762.61681534599995,2,8,1,nwk_enqueue,3214,31,32
461336,762.90281244200003,8,7,1,nwk_enqueue,3312,19,20
461775,763.15229534599996,8,8,1,nwk_nsdp_release,,16,15
461823,763.15999999999997,8,8,1,nwk_enqueue,3760,15,16
464249,765.11529363199998,2,7,1,nwk_nsdp_release,,50,49
464890,765.609293632,2,2,1,nwk_nsdp_release,,16,15
464998,765.62,2,2,1,nwk_enqueue,3770,15,16
466445,766.98729363200005,2,2,1,nwk_nsdp_release,,16,15
466448,766.98729363200005,2,2,1,nwk_nsdp_release,,15,14
466568,767,2,2,1,nwk_enqueue,3777,14,15
466674,767.01999999999998,2,2,1,nwk_enqueue,3778,15,16
467412,767.72581534599999,2,7,1,nwk_enqueue,2828,49,50
467554,767.80629534599996,8,7,1,nwk_nsdp_release,,20,19
467761,768.06381534599996,2,8,1,nwk_enqueue,3239,32,33
467917,768.18329534600002,8,8,1,nwk_nsdp_release,,16,15
467964,768.20000000000005,8,8,1,nwk_enqueue,3785,15,16
468314,768.67729363199999,2,7,1,nwk_nsdp_release,,50,49
470323,770.79381534599997,2,8,1,nwk_enqueue,3245,33,34
470709,771.05629534599996,8,8,1,nwk_nsdp_release,,16,15
470753,771.05999999999995,8,8,1,nwk_enqueue,3799,15,16
471164,771.57629363199999,2,7,1,nwk_nsdp_release,,49,48
471876,772.15881534599998,2,7,1,nwk_enqueue,2838,48,49
472080,772.33029534599996,8,7,1,nwk_nsdp_release,,19,18
472491,772.82181534599999,2,8,1,nwk_enqueue,3240,34,35
472763,772.91529534599999,8,8,1,nwk_nsdp_release,,16,15
472807,772.91999999999996,8,8,1,nwk_enqueue,3808,15,16
473599,774.004812442,8,7,1,nwk_enqueue,3332,18,19
474849,775.37229363200004,2,7,1,nwk_nsdp_release,,49,48
475458,775.95729363199996,2,2,1,nwk_nsdp_release,,16,15
475569,775.96000000000004,2,2,1,nwk_enqueue,3826,15,16
477631,778.20381534600006,2,7,1,nwk_enqueue,2889,48,49
478131,778.62229534599999,8,7,1,nwk_nsdp_release,,19,18
481182,781.57329363199995,2,7,1,nwk_nsdp_release,,49,48
481184,781.57329363199995,2,7,1,nwk_nsdp_release,,48,47
481186,781.57329363199995,2,7,1,nwk_nsdp_release,,47,46
482057,782.50681244199995,8,7,1,nwk_enqueue,3423,18,19
483544,784.02781244200003,8,7,1,nwk_enqueue,3443,19,20
483896,784.48281244199995,8,7,1,nwk_enqueue,3424,20,21
485666,786.01929363199997,2,7,1,nwk_nsdp_release,,46,45
486499,786.79681534600002,2,7,1,nwk_enqueue,2857,45,46
486889,787.09829534599999,8,7,1,nwk_nsdp_release,,21,20
486969,787.146000028,2,7,1,nwk_nsdp_release,,46,45
489018,789.03281534600001,2,8,1,nwk_enqueue,3344,35,36
489244,789.256295346,8,8,1,nwk_nsdp_release,,16,15
489289,789.25999999999999,8,8,1,nwk_enqueue,3894,15,16
490419,790.51481534599998,2,7,1,nwk_enqueue,2906,45,46
490757,790.97229534600001,8,7,1,nwk_nsdp_release,,20,19
491602,791.74981534599999,2,8,1,nwk_enqueue,3350,36,37
491770,791.88229534599998,8,8,1,nwk_nsdp_release,,16,15
491817,791.89999999999998,8,8,1,nwk_enqueue,3909,15,16
492610,792.77681534600003,2,8,1,nwk_enqueue,3362,37,38
492773,792.857295346,8,8,1,nwk_nsdp_release,,16,15
492818,792.86000000000001,8,8,1,nwk_enqueue,3917,15,16
493392,793.43981534600005,2,8,1,nwk_enqueue,3363,38,39
493653,793.52029534600001,8,8,1,nwk_nsdp_release,,16,15
493709,793.53999999999996,8,8,1,nwk_enqueue,3922,15,16
494738,794.778812442,8,7,1,nwk_enqueue,3497,19,20
495036,795.00229363200003,2,8,1,nwk_nsdp_release,,39,38
495038,795.00229363200003,2,7,1,nwk_nsdp_release,,46,45
498437,798.95181534599999,2,8,1,nwk_enqueue,3398,38,39
498633,799.07129534600006,8,8,1,nwk_nsdp_release,,16,15
498679,799.08000000000004,8,8,1,nwk_enqueue,3951,15,16
501551,802.46429363200002,2,8,1,nwk_nsdp_release,,39,38
502471,803.24429363199999,2,7,1,nwk_nsdp_release,,45,44
502473,803.24429363199999,2,8,1,nwk_nsdp_release,,38,37
503859,804.29300002800005,2,8,1,nwk_nsdp_release,,37,36
504279,804.74981244200001,8,7,1,nwk_enqueue,3535,20,21
505320,805.56881244199997,8,7,1,nwk_enqueue,3554,21,22
505600,805.90681244200005,8,7,1,nwk_enqueue,3529,22,23
507064,807.20929363200003,2,7,1,nwk_nsdp_release,,44,43
507930,807.89581534599995,2,7,1,nwk_enqueue,2943,43,44
508593,808.43129534599996,8,7,1,nwk_nsdp_release,,23,22
511538,811.26281534600002,2,7,1,nwk_enqueue,2976,44,45
511704,811.35629534600002,8,7,1,nwk_nsdp_release,,22,21
512487,812.18581534600003,2,7,1,nwk_enqueue,2953,45,46
513273,813.00729534599998,8,7,1,nwk_nsdp_release,,21,20
513710,813.47281534599995,2,7,1,nwk_enqueue,3023,46,47
514010,813.65729534599996,8,7,1,nwk_nsdp_release,,20,19
514306,813.91481534599995,2,7,1,nwk_enqueue,3054,47,48
514899,814.32029534599997,8,7,1,nwk_nsdp_release,,19,18
516198,815.57881244199996,8,7,1,nwk_enqueue,3614,18,19
518408,817.85381534600003,2,8,1,nwk_enqueue,3461,36,37
518727,818.10329534599998,8,8,1,nwk_nsdp_release,,16,15
518773,818.12,8,8,1,nwk_enqueue,4058,15,16
519226,818.75329363200001,2,7,1,nwk_nsdp_release,,48,47
520375,819.686815346,2,7,1,nwk_enqueue,3064,47,48
520531,819.75429534600005,8,7,1,nwk_nsdp_release,,19,18
523092,822.393293632,2,2,1,nwk_nsdp_release,,16,15
523206,822.39999999999998,2,2,1,nwk_enqueue,4077,15,16
524339,823.34229363199995,2,7,1,nwk_nsdp_release,,48,47
524341,823.34229363199995,2,8,1,nwk_nsdp_release,,37,36
524766,823.73229363200005,2,2,1,nwk_nsdp_release,,16,15
524877,823.74000000000001,2,2,1,nwk_enqueue,4085,15,16
525814,824.811293632,2,2,1,nwk_nsdp_release,,16,15
525817,824.811293632,2,2,1,nwk_nsdp_release,,15,14
525940,824.82000000000005,2,2,1,nwk_enqueue,4093,14,15
526068,824.84000000000003,2,2,1,nwk_enqueue,4094,15,16
526533,825.41981244199997,8,7,1,nwk_enqueue,3643,18,19
527115,825.78629363200002,2,8,1,nwk_nsdp_release,,36,35
527895,826.41029363200005,2,8,1,nwk_nsdp_release,,35,34
528369,826.69381244199997,8,7,1,nwk_enqueue,3660,19,20
529677,827.98329363200003,2,7,1,nwk_nsdp_release,,47,46
530673,828.86481244200002,8,7,1,nwk_enqueue,3647,20,21
531921,830.19329363199995,2,7,1,nwk_nsdp_release,,46,45
532670,830.98381534600003,2,8,1,nwk_enqueue,3549,34,35
532836,831.09029534599995,8,8,1,nwk_nsdp_release,,16,15
532883,831.10000000000002,8,8,1,nwk_enqueue,4137,15,16
533563,831.62081534599997,2,7,1,nwk_enqueue,3073,45,46
533731,831.75329534599996,8,7,1,nwk_nsdp_release,,21,20
537882,836.54781244200001,8,7,1,nwk_enqueue,3709,20,21
540971,839.65481534599996,2,8,1,nwk_enqueue,3588,35,36
541217,839.78729534599995,8,8,1,nwk_nsdp_release,,16,15
541262,839.79999999999995,8,8,1,nwk_enqueue,4178,15,16
541838,840.460815346,2,8,1,nwk_enqueue,3605,36,37
542117,840.67129534599997,8,8,1,nwk_nsdp_release,,16,15
542165,840.67999999999995,8,8,1,nwk_enqueue,4185,15,16
543766,842.60400002799997,8,8,1,nwk_nsdp_release,,16,15
543919,842.62,8,8,1,nwk_enqueue,4193,15,16
545522,844.29829363199997,2,8,1,nwk_nsdp_release,,37,36
545524,844.29829363199997,2,8,1,nwk_nsdp_release,,36,35
546161,844.83129363199998,2,7,1,nwk_nsdp_release,,46,45
547890,846.22229363199995,2,7,1,nwk_nsdp_release,,45,44
548205,846.41481244199997,8,7,1,nwk_enqueue,3736,21,22
549000,847.20781244199998,8,7,1,nwk_enqueue,3745,22,23
549485,847.74329363200002,2,2,1,nwk_nsdp_release,,16,15
549614,847.75999999999999,2,2,1,nwk_enqueue,4228,15,16
550361,848.49300002799998,8,7,1,nwk_nsdp_release,,23,22
550634,848.70529363200001,2,7,1,nwk_nsdp_release,,44,43
550636,848.70529363200001,2,7,1,nwk_nsdp_release,,43,42
551608,849.69081244200004,8,7,1,nwk_enqueue,3761,22,23
553608,851.71881534600004,2,8,1,nwk_enqueue,3625,35,36
554267,852.30381534599996,2,7,1,nwk_enqueue,3149,42,43
554632,852.61829534599997,8,7,1,nwk_nsdp_release,,23,22
554634,852.61829534599997,8,8,1,nwk_nsdp_release,,16,15
554682,852.62,8,8,1,nwk_enqueue,4253,15,16
558117,857.08781244199997,8,7,1,nwk_enqueue,3816,22,23
562120,861.18281534599998,2,7,1,nwk_enqueue,3183,43,44
562479,861.44529534599997,8,7,1,nwk_nsdp_release,,23,22
565417,864.864293632,2,8,1,nwk_nsdp_release,,36,35
567826,867.15229363200001,2,8,1,nwk_nsdp_release,,35,34
568802,868.06229363199998,2,8,1,nwk_nsdp_release,,34,33
568804,868.06229363199998,2,8,1,nwk_nsdp_release,,33,32
570518,869.44029363200002,2,7,1,nwk_nsdp_release,,44,43
570774,869.69781244199999,8,7,1,nwk_enqueue,3860,22,23
571522,870.41529363200004,2,7,1,nwk_nsdp_release,,43,42
571624,870.42581244200005,8,7,1,nwk_enqueue,3871,23,24
572055,870.75329363200001,2,8,1,nwk_nsdp_release,,32,31
573483,872.40181244200005,8,7,1,nwk_enqueue,3868,24,25
575385,874.18281534599998,2,7,1,nwk_enqueue,3194,42,43
575873,874.54681534600002,2,8,1,nwk_enqueue,3675,31,32
576168,874.86129534600002,8,8,1,nwk_nsdp_release,,16,15
576170,874.86129534600002,8,7,1,nwk_nsdp_release,,25,24
576223,874.88,8,8,1,nwk_enqueue,4359,15,16
579007,878.03081244199996,8,7,1,nwk_enqueue,3933,24,25
580923,880.13681534600005,2,7,1,nwk_enqueue,3218,43,44
581399,880.607295346,8,7,1,nwk_nsdp_release,,25,24
582348,881.46281534599996,2,7,1,nwk_enqueue,3307,44,45
582478,881.530295346,8,7,1,nwk_nsdp_release,,24,23
582726,881.94381534599995,2,7,1,nwk_enqueue,3287,45,46
582923,882.07629534600005,8,7,1,nwk_nsdp_release,,23,22
585650,885.59929363200001,2,7,1,nwk_nsdp_release,,46,45
588073,887.92629363200001,2,7,1,nwk_nsdp_release,,45,44
589057,888.61529363199998,2,8,1,nwk_nsdp_release,,32,31
589684,889.27829363199999,2,8,1,nwk_nsdp_release,,31,30
590700,890.09729363199995,2,7,1,nwk_nsdp_release,,44,43
591962,891.25181244199996,8,7,1,nwk_enqueue,3991,22,23
593382,892.82481244200005,8,7,1,nwk_enqueue,3981,23,24
594618,894.16629363200002,2,7,1,nwk_nsdp_release,,43,42
595752,895.19081534600002,2,7,1,nwk_enqueue,3312,42,43
596061,895.619815346,2,8,1,nwk_enqueue,3760,30,31
596234,895.72629534600003,8,8,1,nwk_nsdp_release,,16,15
596236,895.72629534600003,8,7,1,nwk_nsdp_release,,24,23
596288,895.74000000000001,8,8,1,nwk_enqueue,4467,15,16
598190,898.01429363199998,2,7,1,nwk_nsdp_release,,43,42
599309,898.66181244200004,8,7,1,nwk_enqueue,3992,23,24
601468,901.05381534599996,2,8,1,nwk_enqueue,3785,31,32
601814,901.27729534599996,8,8,1,nwk_nsdp_release,,16,15
601864,901.27999999999997,8,8,1,nwk_enqueue,4494,15,16
603296,902.61381534600002,2,8,1,nwk_enqueue,3808,32,33
603512,902.79829534600003,8,8,1,nwk_nsdp_release,,16,15
603561,902.79999999999995,8,8,1,nwk_enqueue,4502,15,16
604703,903.99181534599995,2,8,1,nwk_enqueue,3799,33,34
604888,904.13729534599997,8,8,1,nwk_nsdp_release,,16,15
604938,904.13999999999999,8,8,1,nwk_enqueue,4509,15,16
606955,906.25629363200005,2,7,1,nwk_nsdp_release,,42,41
610498,909.61029363199998,2,2,1,nwk_nsdp_release,,16,15
610600,909.62,2,2,1,nwk_enqueue,4527,15,16
611880,911.07929363200003,2,7,1,nwk_nsdp_release,,41,40
611882,911.07929363200003,2,7,1,nwk_nsdp_release,,40,39
612697,911.778812442,8,7,1,nwk_enqueue,4045,24,25
613657,912.75629363200005,2,7,1,nwk_nsdp_release,,39,38
614067,913.11781244199994,8,7,1,nwk_enqueue,4103,25,26
614477,913.49481244200001,8,7,1,nwk_enqueue,4112,26,27
614841,913.69229363199997,2,2,1,nwk_nsdp_release,,16,15
614943,913.70000000000005,2,2,1,nwk_enqueue,4553,15,16
616512,915.30429363200005,2,8,1,nwk_nsdp_release,,34,33
617679,916.41981534599995,2,7,1,nwk_enqueue,3332,38,39
617859,916.53929534600002,8,7,1,nwk_nsdp_release,,27,26
618314,916.96829363200004,2,7,1,nwk_nsdp_release,,39,38
620227,919.27981534599996,2,7,1,nwk_enqueue,3423,38,39
620396,919.386295346,8,7,1,nwk_nsdp_release,,26,25
620634,919.69581244200003,8,7,1,nwk_enqueue,4126,25,26
624210,923.29681534600002,2,7,1,nwk_enqueue,3424,39,40
624466,923.50729534599998,8,7,1,nwk_nsdp_release,,26,25
626634,926.11781534600004,2,7,1,nwk_enqueue,3443,40,41
627072,926.47129534600003,8,7,1,nwk_nsdp_release,,25,24
627380,926.75481534599999,2,8,1,nwk_enqueue,3894,33,34
627681,927.00429534600005,8,8,1,nwk_nsdp_release,,16,15
627737,927.01999999999998,8,8,1,nwk_enqueue,4614,15,16
631444,931.82729363199996,2,8,1,nwk_nsdp_release,,34,33
631446,931.82729363199996,2,8,1,nwk_nsdp_release,,33,32
632174,932.33429363200003,2,8,1,nwk_nsdp_release,,32,31
632360,932.50081244199998,8,7,1,nwk_enqueue,4160,24,25
633569,933.36129363199996,2,2,1,nwk_nsdp_release,,16,15
633678,933.38,2,2,1,nwk_enqueue,4648,15,16
634098,933.78781244200002,8,7,1,nwk_enqueue,4225,25,26
634390,933.97229363199995,2,7,1,nwk_nsdp_release,,41,40
634798,934.37281244200005,8,7,1,nwk_enqueue,4226,26,27
636366,935.71429363200002,2,7,1,nwk_nsdp_release,,40,39
637275,936.80381534599996,2,8,1,nwk_enqueue,3909,31,32
637625,937.04029534599999,8,8,1,nwk_nsdp_release,,16,15
637680,937.05999999999995,8,8,1,nwk_enqueue,4669,15,16
640697,940.06929363200004,2,8,1,nwk_nsdp_release,,32,31
641360,940.50881244200002,8,7,1,nwk_enqueue,4239,27,28
642569,941.60329363200003,2,7,1,nwk_nsdp_release,,39,38
643325,942.30281534599999,2,8,1,nwk_enqueue,3917,31,32
643577,942.38329534599995,8,8,1,nwk_nsdp_release,,16,15
643634,942.39999999999998,8,8,1,nwk_enqueue,4698,15,16
648576,947.65881534599998,2,7,1,nwk_enqueue,3497,38,39
648948,947.804295346,8,7,1,nwk_nsdp_release,,28,27
649500,948.50381534600001,2,8,1,nwk_enqueue,3922,32,33
649760,948.61029534600004,8,8,1,nwk_nsdp_release,,16,15
649815,948.62,8,8,1,nwk_enqueue,4732,15,16
653287,952.93929363200004,2,8,1,nwk_nsdp_release,,33,32
653714,953.14481244199999,8,7,1,nwk_enqueue,4272,27,28
655388,954.65281244200003,8,7,1,nwk_enqueue,4333,28,29
656073,955.31581244200004,8,7,1,nwk_enqueue,4334,29,30
656330,955.44829363199995,2,8,1,nwk_nsdp_release,,32,31
658032,956.95629363199998,2,8,1,nwk_nsdp_release,,31,30
658034,956.95629363199998,2,7,1,nwk_nsdp_release,,39,38
658036,956.95629363199998,2,8,1,nwk_nsdp_release,,30,29
659108,957.87681534599994,2,8,1,nwk_enqueue,3951,29,30
659313,958.06129534599995,8,8,1,nwk_nsdp_release,,16,15
659372,958.08000000000004,8,8,1,nwk_enqueue,4777,15,16
661966,960.94729363199997,2,7,1,nwk_nsdp_release,,38,37
662395,961.24381244200003,8,7,1,nwk_enqueue,4343,30,31
663752,962.65029363199994,2,7,1,nwk_nsdp_release,,37,36
664105,962.90781534600001,2,7,1,nwk_enqueue,3535,36,37
664365,963.06629534599995,8,7,1,nwk_nsdp_release,,31,30
667394,966.989815346,2,7,1,nwk_enqueue,3554,37,38
667829,967.42129534599997,8,7,1,nwk_nsdp_release,,30,29
668575,968.15981534599996,2,7,1,nwk_enqueue,3529,38,39
669194,968.55229534600005,8,7,1,nwk_nsdp_release,,29,28
674066,973.879812442,8,7,1,nwk_enqueue,4377,28,29
676015,975.61129363199996,2,7,1,nwk_nsdp_release,,39,38
676188,975.72581244200001,8,7,1,nwk_enqueue,4450,29,30
676626,976.13129363200005,2,7,1,nwk_nsdp_release,,38,37
678372,977.61329363200002,2,8,1,nwk_nsdp_release,,30,29
678571,977.81881244199997,8,7,1,nwk_enqueue,4443,30,31
679054,978.09429363200002,2,7,1,nwk_nsdp_release,,37,36
679804,978.80929363200005,2,2,1,nwk_nsdp_release,,16,15
679910,978.82000000000005,2,2,1,nwk_enqueue,4883,15,16
681359,980.340815346,2,7,1,nwk_enqueue,3614,36,37
682425,981.22729534600001,8,7,1,nwk_nsdp_release,,31,30
683478,982.004812442,8,7,1,nwk_enqueue,4486,30,31
684915,983.268293632,2,2,1,nwk_nsdp_release,,16,15
684918,983.268293632,2,2,1,nwk_nsdp_release,,15,14
685023,983.27999999999997,2,2,1,nwk_enqueue,4907,14,15
685139,983.29999999999995,2,2,1,nwk_enqueue,4909,15,16
686084,984.13681534600005,2,8,1,nwk_enqueue,4058,29,30
686229,984.20429534599998,8,8,1,nwk_nsdp_release,,16,15
686295,984.22000000000003,8,8,1,nwk_enqueue,4914,15,16
686385,984.28229363200001,2,7,1,nwk_nsdp_release,,37,36
689416,987.68581534600003,2,7,1,nwk_enqueue,3643,36,37
689769,987.98729363200005,2,8,1,nwk_nsdp_release,,30,29
690064,988.18229534600005,8,7,1,nwk_nsdp_release,,31,30
691008,989.07681534599999,2,7,1,nwk_enqueue,3660,37,38
691169,989.17029534599999,8,7,1,nwk_nsdp_release,,30,29
691450,989.55781534599998,2,7,1,nwk_enqueue,3647,38,39
691772,989.71629534600004,8,7,1,nwk_nsdp_release,,29,28
693902,991.97829363200003,2,8,1,nwk_nsdp_release,,29,28
694422,992.56329363199995,2,2,1,nwk_nsdp_release,,16,15
694520,992.58000000000004,2,2,1,nwk_enqueue,4952,15,16
695094,993.17429363199994,2,7,1,nwk_nsdp_release,,39,38
696543,994.61481244200002,8,7,1,nwk_enqueue,4543,28,29
698374,996.42181244200003,8,7,1,nwk_enqueue,4549,29,30
698621,996.54129363200002,2,8,1,nwk_nsdp_release,,28,27
699342,997.191293632,2,7,1,nwk_nsdp_release,,38,37
701287,998.73829363200002,2,8,1,nwk_nsdp_release,,27,26
701289,998.73829363200002,2,7,1,nwk_nsdp_release,,37,36
702668,1000.451812442,8,7,1,nwk_enqueue,4554,30,31
704231,1002.206815346,2,8,1,nwk_enqueue,4137,26,27
704770,1002.651295346,8,8,1,nwk_nsdp_release,,16,15
704827,1002.66,8,8,1,nwk_enqueue,5004,15,16
706736,1004.5208153459999,2,7,1,nwk_enqueue,3709,36,37
706866,1004.6142953459999,8,7,1,nwk_nsdp_release,,31,30
707211,1004.9498124420001,8,7,1,nwk_enqueue,4581,30,31
710204,1008.901815346,2,8,1,nwk_enqueue,4178,27,28
710577,1009.125295346,8,8,1,nwk_nsdp_release,,16,15
710640,1009.14,8,8,1,nwk_enqueue,5040,15,16
711057,1009.668815346,2,8,1,nwk_enqueue,4185,28,29
711413,1009.8402953459999,8,8,1,nwk_nsdp_release,,16,15
711471,1009.86,8,8,1,nwk_enqueue,5044,15,16
711656,1010.048293632,2,8,1,nwk_nsdp_release,,29,28
711926,1010.292815346,2,8,1,nwk_enqueue,4193,28,29
712075,1010.386295346,8,8,1,nwk_nsdp_release,,16,15
712135,1010.4,8,8,1,nwk_enqueue,5047,15,16
714440,1012.999293632,2,7,1,nwk_nsdp_release,,37,36
715458,1013.844293632,2,7,1,nwk_nsdp_release,,36,35
715460,1013.844293632,2,7,1,nwk_nsdp_release,,35,34
716912,1015.336812442,8,7,1,nwk_enqueue,4644,31,32
719548,1018.225293632,2,7,1,nwk_nsdp_release,,34,33
720748,1019.616293632,2,8,1,nwk_nsdp_release,,29,28
721637,1020.552293632,2,2,1,nwk_nsdp_release,,16,15
721726,1020.5599999999999,2,2,1,nwk_enqueue,5092,15,16
722341,1021.124293632,2,2,1,nwk_nsdp_release,,16,15
722435,1021.14,2,2,1,nwk_enqueue,5096,15,16
722667,1021.303812442,8,7,1,nwk_enqueue,4653,32,33
723182,1021.589812442,8,7,1,nwk_enqueue,4656,33,34
723563,1021.904293632,2,2,1,nwk_nsdp_release,,16,15
723566,1021.904293632,2,7,1,nwk_nsdp_release,,33,32
723663,1021.92,2,2,1,nwk_enqueue,5104,15,16
724513,1022.580293632,2,7,1,nwk_nsdp_release,,32,31
725553,1023.659293632,2,8,1,nwk_nsdp_release,,28,27
725939,1024.1248153460001,2,7,1,nwk_enqueue,3736,31,32
726136,1024.2962953460001,8,7,1,nwk_nsdp_release,,34,33
726819,1024.9698153459999,2,7,1,nwk_enqueue,3745,32,33
727049,1025.193295346,8,7,1,nwk_nsdp_release,,33,32
727674,1025.879812442,8,7,1,nwk_enqueue,4689,32,33
730944,1029.467815346,2,7,1,nwk_enqueue,3761,33,34
731143,1029.665295346,8,7,1,nwk_nsdp_release,,33,32
731848,1030.2608153460001,2,8,1,nwk_enqueue,4253,27,28
732141,1030.5362953460001,8,8,1,nwk_nsdp_release,,16,15
732198,1030.54,8,8,1,nwk_enqueue,5147,15,16
732473,1030.9108153459999,2,7,1,nwk_enqueue,3816,34,35
732620,1031.0172953460001,8,7,1,nwk_nsdp_release,,32,31
734916,1033.3312936320001,2,8,1,nwk_nsdp_release,,28,27
736070,1034.345293632,2,7,1,nwk_nsdp_release,,35,34
736515,1034.865293632,2,8,1,nwk_nsdp_release,,27,26
737612,1036.0978124420001,8,7,1,nwk_enqueue,4751,31,32
740287,1039.181293632,2,2,1,nwk_nsdp_release,,16,15
740381,1039.2,2,2,1,nwk_enqueue,5189,15,16
741342,1040.4292936320001,2,7,1,nwk_nsdp_release,,34,33
742871,1042.0542936320001,2,7,1,nwk_nsdp_release,,33,32
743173,1042.454812442,8,7,1,nwk_enqueue,4757,32,33
745336,1044.6022936320001,2,7,1,nwk_nsdp_release,,32,31
745574,1044.9118153459999,2,7,1,nwk_enqueue,3860,31,32
745698,1044.9792953460001,8,7,1,nwk_nsdp_release,,33,32
749220,1049.006812442,8,7,1,nwk_enqueue,4763,32,33
749472,1049.2562936320001,2,8,1,nwk_nsdp_release,,26,25
750810,1050.579815346,2,7,1,nwk_enqueue,3868,32,33
751000,1050.7252953459999,8,7,1,nwk_nsdp_release,,33,32
751397,1051.1518153459999,2,7,1,nwk_enqueue,3871,33,34
752314,1052.1812953460001,8,7,1,nwk_nsdp_release,,32,31
754302,1054.1418153459999,2,7,1,nwk_enqueue,3933,34,35
754451,1054.2352953459999,8,7,1,nwk_nsdp_release,,31,30
756079,1056.013815346,2,8,1,nwk_enqueue,4359,25,26
756463,1056.211295346,8,8,1,nwk_nsdp_release,,16,15
756519,1056.22,8,8,1,nwk_enqueue,5276,15,16
757282,1057.157812442,8,7,1,nwk_enqueue,4794,30,31
758472,1057.9662936320001,2,8,1,nwk_nsdp_release,,26,25
759758,1059.2272936320001,2,8,1,nwk_nsdp_release,,25,24
759760,1059.2272936320001,2,8,1,nwk_nsdp_release,,24,23
760232,1059.682293632,2,8,1,nwk_nsdp_release,,23,22
762962,1062.5422936320001,2,7,1,nwk_nsdp_release,,35,34
763564,1063.137812442,8,7,1,nwk_enqueue,4866,31,32
764370,1063.5432936320001,2,7,1,nwk_nsdp_release,,34,33
764372,1063.5432936320001,2,7,1,nwk_nsdp_release,,33,32
765411,1064.4638124420001,8,7,1,nwk_enqueue,4854,32,33
766076,1065.038293632,2,7,1,nwk_nsdp_release,,32,31
767601,1066.5958153460001,2,7,1,nwk_enqueue,3991,31,32
767869,1066.8712953459999,8,7,1,nwk_nsdp_release,,33,32
769611,1069.4038124419999,8,7,1,nwk_enqueue,4875,32,33
771656,1071.2758153459999,2,7,1,nwk_enqueue,3981,32,33
771964,1071.5902953459999,8,7,1,nwk_nsdp_release,,33,32
776705,1077.034815346,2,8,1,nwk_enqueue,4467,22,23
776855,1077.115295346,8,8,1,nwk_nsdp_release,,16,15
776914,1077.1199999999999,8,8,1,nwk_enqueue,5377,15,16
777916,1077.9708124419999,8,7,1,nwk_enqueue,4899,32,33
780672,1081.0022936319999,2,8,1,nwk_nsdp_release,,23,22
781817,1082.172293632,2,2,1,nwk_nsdp_release,,16,15
781820,1082.172293632,2,7,1,nwk_nsdp_release,,33,32
781901,1082.1800000000001,2,2,1,nwk_enqueue,5404,15,16
782787,1083.0432936320001,2,2,1,nwk_nsdp_release,,16,15
782790,1083.0432936320001,2,7,1,nwk_nsdp_release,,32,31
782874,1083.0599999999999,2,2,1,nwk_enqueue,5409,15,16
783646,1083.758293632,2,2,1,nwk_nsdp_release,,16,15
783725,1083.76,2,2,1,nwk_enqueue,5413,15,16
784196,1084.2132936319999,2,2,1,nwk_nsdp_release,,16,15
784268,1084.22,2,2,1,nwk_enqueue,5415,15,16
785133,1085.2898124420001,8,7,1,nwk_enqueue,4976,33,34
786803,1087.0212936319999,2,8,1,nwk_nsdp_release,,22,21
786805,1087.0212936319999,2,8,1,nwk_nsdp_release,,21,20
787956,1088.1652936319999,2,8,1,nwk_nsdp_release,,20,19
787958,1088.1652936319999,2,7,1,nwk_nsdp_release,,31,30
788161,1088.3448124419999,8,7,1,nwk_enqueue,4965,34,35
789712,1090.0632936320001,2,2,1,nwk_nsdp_release,,16,15
789785,1090.0799999999999,2,2,1,nwk_enqueue,5451,15,16
790029,1090.3728153459999,2,7,1,nwk_enqueue,3992,30,31
790153,1090.4662953459999,8,7,1,nwk_nsdp_release,,35,34
791805,1092.101812442,8,7,1,nwk_enqueue,4997,34,35
793120,1093.765815346,2,8,1,nwk_enqueue,4494,19,20
793224,1093.8332953460001,8,8,1,nwk_nsdp_release,,16,15
793284,1093.8399999999999,8,8,1,nwk_enqueue,5476,15,16
793816,1094.5068153459999,2,8,1,nwk_enqueue,4502,20,21
793945,1094.5742953460001,8,8,1,nwk_nsdp_release,,16,15
794006,1094.5799999999999,8,8,1,nwk_enqueue,5481,15,16
796036,1096.534815346,2,8,1,nwk_enqueue,4509,21,22
796408,1096.7452953459999,8,8,1,nwk_nsdp_release,,16,15
796485,1096.76,8,8,1,nwk_enqueue,5493,15,16
797444,1097.821815346,2,7,1,nwk_enqueue,4045,31,32
797573,1097.9282953459999,8,7,1,nwk_nsdp_release,,35,34
798220,1098.679812442,8,7,1,nwk_enqueue,5019,34,35
801891,1103.2322936319999,2,7,1,nwk_nsdp_release,,32,31
803328,1104.883293632,2,8,1,nwk_nsdp_release,,22,21
804800,1106.726812442,8,7,1,nwk_enqueue,5072,35,36
806901,1109.2512936319999,2,7,1,nwk_nsdp_release,,31,30
808264,1110.5122936319999,2,7,1,nwk_nsdp_release,,30,29
808266,1110.5122936319999,2,7,1,nwk_nsdp_release,,29,28
808490,1110.7958153459999,2,7,1,nwk_enqueue,4103,28,29
808935,1111.1622953460001,8,7,1,nwk_nsdp_release,,36,35
810046,1112.380000028,2,7,1,nwk_nsdp_release,,29,28
810984,1113.2552936320001,2,7,1,nwk_nsdp_release,,28,27
810986,1113.2552936320001,2,7,1,nwk_nsdp_release,,27,26
810988,1113.2552936320001,2,8,1,nwk_nsdp_release,,21,20
812041,1114.474815346,2,7,1,nwk_enqueue,4112,26,27
812173,1114.5422953459999,8,7,1,nwk_nsdp_release,,35,34
812666,1114.9818153460001,2,7,1,nwk_enqueue,4126,27,28
813063,1115.475812442,8,7,1,nwk_enqueue,5105,34,35
813266,1115.712295346,8,7,1,nwk_nsdp_release,,35,34
815045,1117.919815346,2,8,1,nwk_enqueue,4614,20,21
815312,1118.117295346,8,8,1,nwk_nsdp_release,,16,15
815371,1118.1199999999999,8,8,1,nwk_enqueue,5600,15,16
815608,1118.4138153460001,2,7,1,nwk_enqueue,4160,28,29
815763,1118.598295346,8,7,1,nwk_nsdp_release,,34,33
816547,1119.167812442,8,7,1,nwk_enqueue,5106,33,34
820925,1123.798293632,2,8,1,nwk_nsdp_release,,21,20
822469,1125.410293632,2,8,1,nwk_nsdp_release,,20,19
824270,1127.513812442,8,7,1,nwk_enqueue,5130,34,35
825791,1129.2298124419999,8,7,1,nwk_enqueue,5177,35,36
826830,1129.921293632,2,8,1,nwk_nsdp_release,,19,18
828450,1131.426815346,2,7,1,nwk_enqueue,4225,29,30
828609,1131.5072953460001,8,7,1,nwk_nsdp_release,,36,35
831443,1134.5622936320001,2,8,1,nwk_nsdp_release,,18,17
831929,1135.079815346,2,7,1,nwk_enqueue,4226,30,31
832483,1135.433295346,8,7,1,nwk_nsdp_release,,35,34
832589,1135.5112936319999,2,2,1,nwk_nsdp_release,,16,15
832661,1135.52,2,2,1,nwk_enqueue,5687,15,16
833471,1136.119815346,2,8,1,nwk_enqueue,4669,17,18
833834,1136.317295346,8,8,1,nwk_nsdp_release,,16,15
833894,1136.3199999999999,8,8,1,nwk_enqueue,5691,15,16
835815,1138.5768153460001,2,7,1,nwk_enqueue,4239,31,32
836042,1138.644295346,8,7,1,nwk_nsdp_release,,34,33
836272,1138.888812442,8,7,1,nwk_enqueue,5207,33,34
837276,1139.772812442,8,7,1,nwk_enqueue,5240,34,35
839506,1141.956815346,2,8,1,nwk_enqueue,4698,18,19
840245,1142.973295346,8,8,1,nwk_nsdp_release,,16,15
840306,1142.98,8,8,1,nwk_enqueue,5728,15,16
842698,1145.5732936320001,2,2,1,nwk_nsdp_release,,16,15
842770,1145.5799999999999,2,2,1,nwk_enqueue,5742,15,16
846685,1150.224812442,8,7,1,nwk_enqueue,5317,35,36
846893,1150.4978124419999,8,7,1,nwk_enqueue,5282,36,37
848720,1152.164293632,2,7,1,nwk_nsdp_release,,32,31
848722,1152.164293632,2,7,1,nwk_nsdp_release,,31,30
848724,1152.164293632,2,7,1,nwk_nsdp_release,,30,29
849434,1152.629815346,2,8,1,nwk_enqueue,4732,19,20
849867,1153.048295346,8,8,1,nwk_nsdp_release,,16,15
849930,1153.0599999999999,8,8,1,nwk_enqueue,5786,15,16
852800,1155.8928153459999,2,7,1,nwk_enqueue,4272,29,30
852987,1156.0512936319999,2,2,1,nwk_nsdp_release,,16,15
852989,1156.0512936319999,2,8,1,nwk_nsdp_release,,20,19
852991,1156.0512936319999,2,7,1,nwk_nsdp_release,,30,29
853062,1156.0599999999999,2,2,1,nwk_enqueue,5804,15,16
853353,1156.233295346,8,7,1,nwk_nsdp_release,,37,36
853819,1156.581815346,2,7,1,nwk_enqueue,4333,29,30
854048,1156.8312953459999,8,7,1,nwk_nsdp_release,,36,35
855881,1159.012815346,2,7,1,nwk_enqueue,4334,30,31
856662,1159.909812442,8,7,1,nwk_enqueue,5320,35,36
857255,1160.3542953460001,8,7,1,nwk_nsdp_release,,36,35
857516,1160.7028124420001,8,7,1,nwk_enqueue,5342,35,36
860158,1163.240293632,2,8,1,nwk_nsdp_release,,19,18
860626,1163.523815346,2,8,1,nwk_enqueue,4777,18,19
860986,1163.760295346,8,8,1,nwk_nsdp_release,,16,15
861054,1163.78,8,8,1,nwk_enqueue,5850,15,16
866798,1170.663293632,2,8,1,nwk_nsdp_release,,19,18
867798,1171.531812442,8,7,1,nwk_enqueue,5382,36,37
868664,1172.1818124419999,8,7,1,nwk_enqueue,5429,37,38
872417,1175.6682936320001,2,8,1,nwk_nsdp_release,,18,17
873994,1176.9528153460001,2,7,1,nwk_enqueue,4343,31,32
874124,1177.0722953459999,8,7,1,nwk_nsdp_release,,38,37
874280,1177.2152936320001,2,8,1,nwk_nsdp_release,,17,16
874679,1177.5378153459999,2,7,1,nwk_enqueue,4377,32,33
874952,1177.839295346,8,7,1,nwk_nsdp_release,,37,36
875436,1178.265815346,2,7,1,nwk_enqueue,4450,33,34
875668,1178.5542953459999,8,7,1,nwk_nsdp_release,,36,35
878309,1180.735812442,8,7,1,nwk_enqueue,5446,35,36
879024,1181.320812442,8,7,1,nwk_enqueue,5466,36,37
879825,1182.038293632,2,7,1,nwk_nsdp_release,,34,33
881255,1183.2992936319999,2,7,1,nwk_nsdp_release,,33,32
881894,1184.0378153459999,2,7,1,nwk_enqueue,4443,32,33
882001,1184.118295346,8,7,1,nwk_nsdp_release,,37,36
882403,1184.466815346,2,7,1,nwk_enqueue,4486,33,34
882598,1184.664295346,8,7,1,nwk_nsdp_release,,36,35
883441,1185.587293632,2,7,1,nwk_nsdp_release,,34,33
885145,1187.940293632,2,7,1,nwk_nsdp_release,,33,32
888744,1192.3838124419999,8,7,1,nwk_enqueue,5507,35,36
889433,1192.971293632,2,2,1,nwk_nsdp_release,,16,15
889505,1192.98,2,2,1,nwk_enqueue,6009,15,16
889733,1193.1898124419999,8,7,1,nwk_enqueue,5538,36,37
892245,1196.1302936320001,2,7,1,nwk_nsdp_release,,32,31
893772,1197.4408153459999,2,8,1,nwk_enqueue,4914,16,17
894107,1197.7292953460001,8,8,1,nwk_nsdp_release,,16,15
894170,1197.74,8,8,1,nwk_enqueue,6032,15,16
894650,1198.3378153460001,2,7,1,nwk_enqueue,4543,31,32
895602,1199.1982953459999,8,7,1,nwk_nsdp_release,,37,36
897561,1200.9922936319999,2,2,1,nwk_nsdp_release,,16,15
897632,1201,2,2,1,nwk_enqueue,6048,15,16
897868,1201.2498153460001,2,7,1,nwk_enqueue,4549,32,33
898260,1201.4992953460001,8,7,1,nwk_nsdp_release,,36,35
898614,1201.8738124419999,8,7,1,nwk_enqueue,5588,35,36
899023,1202.1338124419999,8,7,1,nwk_enqueue,5609,36,37
902057,1204.967815346,2,8,1,nwk_enqueue,5004,17,18
902306,1205.243295346,8,8,1,nwk_nsdp_release,,16,15
902372,1205.26,8,8,1,nwk_enqueue,6073,15,16
903911,1206.839815346,2,7,1,nwk_enqueue,4554,33,34
904054,1206.9852953459999,8,7,1,nwk_nsdp_release,,37,36
906101,1209.325293632,2,8,1,nwk_nsdp_release,,18,17
906103,1209.325293632,2,2,1,nwk_nsdp_release,,16,15
906179,1209.3399999999999,2,2,1,nwk_enqueue,6093,15,16
908738,1212.858812442,8,7,1,nwk_enqueue,5648,36,37
910172,1214.382293632,2,7,1,nwk_nsdp_release,,34,33
911977,1216.4598124419999,8,7,1,nwk_enqueue,5658,37,38
912588,1217.0212936319999,2,7,1,nwk_nsdp_release,,33,32
912590,1217.0212936319999,2,7,1,nwk_nsdp_release,,32,31
913734,1218.1628153459999,2,7,1,nwk_enqueue,4581,31,32
913896,1218.3342953460001,8,7,1,nwk_nsdp_release,,38,37
915225,1219.8528153459999,2,8,1,nwk_enqueue,5040,17,18
915404,1220.0372953460001,8,8,1,nwk_nsdp_release,,16,15
915467,1220.04,8,8,1,nwk_enqueue,6146,15,16
916949,1221.9978153459999,2,8,1,nwk_enqueue,5044,18,19
917240,1222.3122953459999,8,8,1,nwk_nsdp_release,,16,15
917303,1222.3199999999999,8,8,1,nwk_enqueue,6156,15,16
917739,1222.881812442,8,7,1,nwk_enqueue,5707,37,38
918233,1223.323812442,8,7,1,nwk_enqueue,5713,38,39
919419,1224.5612936319999,2,8,1,nwk_nsdp_release,,19,18
919421,1224.5612936319999,2,2,1,nwk_nsdp_release,,16,15
919617,1224.5799999999999,2,2,1,nwk_enqueue,6171,15,16
920649,1225.7288153459999,2,8,1,nwk_enqueue,5047,18,19
920979,1226.186295346,8,8,1,nwk_nsdp_release,,16,15
921047,1226.2,8,8,1,nwk_enqueue,6179,15,16
922174,1227.340815346,2,7,1,nwk_enqueue,4644,32,33
922318,1227.434295346,8,7,1,nwk_nsdp_release,,39,38
923622,1228.825293632,2,7,1,nwk_nsdp_release,,33,32
924725,1230.164293632,2,8,1,nwk_nsdp_release,,19,18
926989,1233.4508124419999,8,7,1,nwk_enqueue,5775,38,39
928575,1235.3772936319999,2,8,1,nwk_nsdp_release,,18,17
930044,1237.1428124419999,8,7,1,nwk_enqueue,5776,39,40
930636,1237.574293632,2,2,1,nwk_nsdp_release,,16,15
930705,1237.5799999999999,2,2,1,nwk_enqueue,6242,15,16
931124,1237.999000028,2,8,1,nwk_nsdp_release,,17,16
931871,1238.6792936320001,2,2,1,nwk_nsdp_release,,16,15
931941,1238.6800000000001,2,2,1,nwk_enqueue,6248,15,16
933344,1240.3148153459999,2,7,1,nwk_enqueue,4656,32,33
933560,1240.5252953459999,8,7,1,nwk_nsdp_release,,40,39
936562,1243.9158124420001,8,7,1,nwk_enqueue,5828,39,40
937018,1244.3188124420001,8,7,1,nwk_enqueue,5833,40,41
937900,1245.0232936320001,2,2,1,nwk_nsdp_release,,16,15
937976,1245.04,2,2,1,nwk_enqueue,6282,15,16
939262,1246.154293632,2,7,1,nwk_nsdp_release,,33,32
939572,1246.4118153459999,2,7,1,nwk_enqueue,4653,32,33
939793,1246.658815346,2,7,1,nwk_enqueue,4689,33,34
940040,1246.8042953459999,8,7,1,nwk_nsdp_release,,41,40
940042,1246.8042953459999,8,7,1,nwk_nsdp_release,,40,39
940708,1247.3738153459999,2,8,1,nwk_enqueue,5147,16,17
941148,1247.7898153460001,2,7,1,nwk_enqueue,4751,34,35
941267,1247.8832953460001,8,7,1,nwk_nsdp_release,,39,38
941269,1247.8832953460001,8,8,1,nwk_nsdp_release,,16,15
941335,1247.9000000000001,8,8,1,nwk_enqueue,6300,15,16
943863,1250.834293632,2,7,1,nwk_nsdp_release,,35,34
943865,1250.834293632,2,7,1,nwk_nsdp_release,,34,33
946333,1254.159812442,8,7,1,nwk_enqueue,5889,38,39
948545,1256.5542936320001,2,8,1,nwk_nsdp_release,,17,16
949191,1257.4878124419999,8,7,1,nwk_enqueue,5895,39,40
950226,1258.556293632,2,7,1,nwk_nsdp_release,,33,32
951132,1259.4532936319999,2,2,1,nwk_nsdp_release,,16,15
951202,1259.46,2,2,1,nwk_enqueue,6356,15,16
952389,1260.802815346,2,7,1,nwk_enqueue,4757,32,33
953054,1261.741295346,8,7,1,nwk_nsdp_release,,40,39
955174,1264.3388124420001,8,7,1,nwk_enqueue,5950,39,40
956125,1265.0278124419999,8,7,1,nwk_enqueue,5954,40,41
957342,1266.0312936319999,2,7,1,nwk_nsdp_release,,33,32
958046,1266.616293632,2,7,1,nwk_nsdp_release,,32,31
959891,1268.9148153460001,2,7,1,nwk_enqueue,4794,31,32
960386,1269.3178153460001,2,7,1,nwk_enqueue,4763,32,33
960520,1269.385295346,8,7,1,nwk_nsdp_release,,41,40
960522,1269.385295346,8,7,1,nwk_nsdp_release,,40,39
961479,1270.4488153459999,2,8,1,nwk_enqueue,5276,16,17
961833,1270.6592953459999,8,8,1,nwk_nsdp_release,,16,15
961898,1270.6600000000001,8,8,1,nwk_enqueue,6411,15,16
963549,1272.2842936320001,2,7,1,nwk_nsdp_release,,33,32
964246,1272.960293632,2,7,1,nwk_nsdp_release,,32,31
965638,1274.9338124420001,8,7,1,nwk_enqueue,6006,39,40
968695,1278.4308124419999,8,7,1,nwk_enqueue,6012,40,41
970285,1279.8762936319999,2,7,1,nwk_nsdp_release,,31,30
971174,1280.825293632,2,7,1,nwk_nsdp_release,,30,29
971176,1280.825293632,2,8,1,nwk_nsdp_release,,17,16
972397,1282.1358153460001,2,7,1,nwk_enqueue,4866,29,30
972724,1282.580295346,8,7,1,nwk_nsdp_release,,41,40
974319,1284.9308124419999,8,7,1,nwk_enqueue,6058,40,41
974831,1285.476812442,8,7,1,nwk_enqueue,6059,41,42
976374,1287.647815346,2,7,1,nwk_enqueue,4854,30,31
976755,1288.0922953459999,8,7,1,nwk_nsdp_release,,42,41
978340,1289.7432936319999,2,8,1,nwk_nsdp_release,,16,15
978614,1290.091815346,2,7,1,nwk_enqueue,4875,31,32
978752,1290.185295346,8,7,1,nwk_nsdp_release,,41,40
979080,1290.5468153459999,2,8,1,nwk_enqueue,5377,15,16
979560,1290.913295346,8,8,1,nwk_nsdp_release,,16,15
979632,1290.9200000000001,8,8,1,nwk_enqueue,6519,15,16
980387,1291.8078153460001,2,7,1,nwk_enqueue,4976,32,33
980494,1291.8882953459999,8,7,1,nwk_nsdp_release,,40,39
983095,1295.008293632,2,2,1,nwk_nsdp_release,,16,15
983165,1295.02,2,2,1,nwk_enqueue,6539,15,16
983550,1295.4998153460001,2,7,1,nwk_enqueue,4899,33,34
983720,1295.606295346,8,7,1,nwk_nsdp_release,,39,38
983982,1295.928812442,8,7,1,nwk_enqueue,6110,38,39
986056,1298.1282936319999,2,2,1,nwk_nsdp_release,,16,15
986163,1298.1400000000001,2,2,1,nwk_enqueue,6559,15,16
987215,1299.3478124420001,8,7,1,nwk_enqueue,6127,39,40
989782,1302.093293632,2,7,1,nwk_nsdp_release,,34,33
989784,1302.093293632,2,2,1,nwk_nsdp_release,,16,15
989786,1302.093293632,2,2,1,nwk_nsdp_release,,15,14
989855,1302.0999999999999,2,2,1,nwk_enqueue,6579,14,15
989935,1302.1199999999999,2,2,1,nwk_enqueue,6580,15,16
991033,1303.1438153460001,2,7,1,nwk_enqueue,4965,33,34
991383,1303.5622953459999,8,7,1,nwk_nsdp_release,,40,39
993018,1305.5488124420001,8,7,1,nwk_enqueue,6164,39,40
993477,1306.159812442,8,7,1,nwk_enqueue,6165,40,41
994719,1307.683293632,2,2,1,nwk_nsdp_release,,16,15
994793,1307.7,2,2,1,nwk_enqueue,6608,15,16
997142,1310.6082936319999,2,8,1,nwk_nsdp_release,,16,15
997680,1311.2298153459999,2,7,1,nwk_enqueue,4997,34,35
997935,1311.5052953459999,8,7,1,nwk_nsdp_release,,41,40
998664,1312.1918153460001,2,8,1,nwk_enqueue,5481,15,16
998881,1312.415295346,8,8,1,nwk_nsdp_release,,16,15
998953,1312.4200000000001,8,8,1,nwk_enqueue,6634,15,16
999779,1313.2318153460001,2,8,1,nwk_enqueue,5476,16,17
999892,1313.3122953459999,8,8,1,nwk_nsdp_release,,16,15
999957,1313.3199999999999,8,8,1,nwk_enqueue,6638,15,16
1002484,1316.897812442,8,7,1,nwk_enqueue,6218,40,41
1003377,1318.080815346,2,8,1,nwk_enqueue,5493,17,18
1003865,1318.4082953459999,8,8,1,nwk_nsdp_release,,16,15
1003932,1318.4200000000001,8,8,1,nwk_enqueue,6664,15,16
1005296,1320.0178124419999,8,7,1,nwk_enqueue,6239,41,42
1006010,1320.5792936319999,2,8,1,nwk_nsdp_release,,18,17
1008156,1322.6202936320001,2,8,1,nwk_nsdp_release,,17,16
1008926,1323.452293632,2,7,1,nwk_nsdp_release,,35,34
1008928,1323.452293632,2,7,1,nwk_nsdp_release,,34,33
1011090,1326.504815346,2,7,1,nwk_enqueue,5019,33,34
1011351,1326.7518124420001,8,7,1,nwk_enqueue,6275,42,43
1011452,1326.819295346,8,7,1,nwk_nsdp_release,,43,42
1011797,1327.2588124419999,8,7,1,nwk_enqueue,6279,42,43
1015019,1331.564293632,2,7,1,nwk_nsdp_release,,34,33
1015310,1331.8738153459999,2,7,1,nwk_enqueue,5072,33,34
1015419,1331.9412953460001,8,7,1,nwk_nsdp_release,,43,42
1017009,1333.5768153460001,2,7,1,nwk_enqueue,5105,34,35
1017248,1333.8262953460001,8,7,1,nwk_nsdp_release,,42,41
1018932,1335.6852936319999,2,7,1,nwk_nsdp_release,,35,34
1020481,1337.5678124420001,8,7,1,nwk_enqueue,6334,41,42
1021400,1338.8548153459999,2,8,1,nwk_enqueue,5600,16,17
1021619,1339.117295346,8,8,1,nwk_nsdp_release,,16,15
1021687,1339.1199999999999,8,8,1,nwk_enqueue,6781,15,16
1022745,1340.4148124420001,8,7,1,nwk_enqueue,6348,42,43
1026442,1344.577293632,2,7,1,nwk_nsdp_release,,34,33
1026444,1344.577293632,2,8,1,nwk_nsdp_release,,17,16
1028579,1346.9952936320001,2,7,1,nwk_nsdp_release,,33,32
1029247,1347.4218153459999,2,7,1,nwk_enqueue,5106,32,33
1029457,1347.5542953459999,8,7,1,nwk_nsdp_release,,43,42
1030583,1348.6178124420001,8,7,1,nwk_enqueue,6384,42,43
1031578,1349.5042936320001,2,2,1,nwk_nsdp_release,,16,15
1031580,1349.5042936320001,2,7,1,nwk_nsdp_release,,33,32
1031653,1349.52,2,2,1,nwk_enqueue,6831,15,16
1032315,1350.333812442,8,7,1,nwk_enqueue,6381,43,44
1034122,1352.3358153459999,2,7,1,nwk_enqueue,5130,32,33
1034418,1352.5852953460001,8,7,1,nwk_nsdp_release,,44,43
1035732,1354.194815346,2,7,1,nwk_enqueue,5177,33,34
1035925,1354.405295346,8,7,1,nwk_nsdp_release,,43,42
1038131,1356.7452936320001,2,8,1,nwk_nsdp_release,,16,15
1038737,1357.343293632,2,7,1,nwk_nsdp_release,,34,33
1039512,1357.9128124419999,8,7,1,nwk_enqueue,6429,42,43
1041544,1359.849815346,2,8,1,nwk_enqueue,5691,15,16
1041831,1360.203295346,8,8,1,nwk_nsdp_release,,16,15
1041908,1360.22,8,8,1,nwk_enqueue,6883,15,16
1042151,1360.5388153460001,2,7,1,nwk_enqueue,5207,33,34
1042487,1360.866295346,8,7,1,nwk_nsdp_release,,43,42
1042697,1361.1238124419999,8,7,1,nwk_enqueue,6444,42,43
1043848,1362.3848153460001,2,7,1,nwk_enqueue,5240,34,35
1043950,1362.452295346,8,7,1,nwk_nsdp_release,,43,42
1046312,1365.585293632,2,2,1,nwk_nsdp_release,,16,15
1046314,1365.585293632,2,8,1,nwk_nsdp_release,,16,15
1046389,1365.5999999999999,2,2,1,nwk_enqueue,6910,15,16
1048429,1367.7432936319999,2,8,1,nwk_nsdp_release,,15,14
1048655,1368.013815346,2,8,1,nwk_enqueue,5728,14,15
1049021,1368.3412953459999,8,8,1,nwk_nsdp_release,,16,15
1049099,1368.3599999999999,8,8,1,nwk_enqueue,6926,15,16
1050748,1369.9508124419999,8,7,1,nwk_enqueue,6485,42,43
1051467,1370.4732936319999,2,7,1,nwk_nsdp_release,,35,34
1051916,1370.938812442,8,7,1,nwk_enqueue,6488,43,44
1053928,1372.8628153459999,2,7,1,nwk_enqueue,5317,34,35
1054064,1372.943295346,8,7,1,nwk_nsdp_release,,44,43
1054568,1373.5258153459999,2,7,1,nwk_enqueue,5282,35,36
1054672,1373.5932953460001,8,7,1,nwk_nsdp_release,,43,42
1057575,1376.840815346,2,8,1,nwk_enqueue,5786,15,16
1057959,1377.2202953460001,8,8,1,nwk_nsdp_release,,16,15
1058038,1377.24,8,8,1,nwk_enqueue,6976,15,16
1058304,1377.503815346,2,7,1,nwk_enqueue,5320,36,37
1058564,1377.740295346,8,7,1,nwk_nsdp_release,,42,41
1059253,1378.5958124419999,8,7,1,nwk_enqueue,6547,41,42
1061602,1381.4062936319999,2,7,1,nwk_nsdp_release,,37,36
1061792,1381.5988124420001,8,7,1,nwk_enqueue,6569,42,43
1062885,1382.5502936319999,2,2,1,nwk_nsdp_release,,16,15
1062959,1382.5599999999999,2,2,1,nwk_enqueue,7007,15,16
1064341,1384.0558153459999,2,7,1,nwk_enqueue,5342,36,37
1064652,1384.4978153459999,2,8,1,nwk_enqueue,5850,16,17
1064896,1384.5652953460001,8,8,1,nwk_nsdp_release,,16,15
1064898,1384.5652953460001,8,7,1,nwk_nsdp_release,,43,42
1064968,1384.5799999999999,8,8,1,nwk_enqueue,7017,15,16
1067463,1387.334293632,2,8,1,nwk_nsdp_release,,17,16
1069098,1388.491293632,2,7,1,nwk_nsdp_release,,37,36
1069636,1389.0502936319999,2,7,1,nwk_nsdp_release,,36,35
1070371,1389.9472936320001,2,7,1,nwk_nsdp_release,,35,34
1070977,1390.6728124419999,8,7,1,nwk_enqueue,6601,42,43
1071339,1390.883293632,2,7,1,nwk_nsdp_release,,34,33
1072149,1391.647812442,8,7,1,nwk_enqueue,6602,43,44
1073472,1393.389815346,2,7,1,nwk_enqueue,5382,33,34
1073886,1393.8342953460001,8,7,1,nwk_nsdp_release,,44,43
1074218,1394.1438153460001,2,7,1,nwk_enqueue,5429,34,35
1074496,1394.510295346,8,7,1,nwk_nsdp_release,,43,42
1076758,1398.1998153459999,2,7,1,nwk_enqueue,5446,35,36
1077142,1398.5662953460001,8,7,1,nwk_nsdp_release,,42,41
1077649,1399.2008124419999,8,7,1,nwk_enqueue,6657,41,42
1080095,1402.359812442,8,7,1,nwk_enqueue,6675,42,43
1081769,1404.481293632,2,7,1,nwk_nsdp_release,,36,35
1082450,1405.3628153459999,2,7,1,nwk_enqueue,5466,35,36
1082772,1405.765815346,2,7,1,nwk_enqueue,5507,36,37
1083030,1406.028295346,8,7,1,nwk_nsdp_release,,43,42
1083032,1406.028295346,8,7,1,nwk_nsdp_release,,42,41
1085033,1408.1862936319999,2,7,1,nwk_nsdp_release,,37,36
1086508,1409.7072936320001,2,7,1,nwk_nsdp_release,,36,35
1086510,1409.7072936320001,2,8,1,nwk_nsdp_release,,16,15
1087816,1411.007293632,2,2,1,nwk_nsdp_release,,16,15
1087886,1411.02,2,2,1,nwk_enqueue,7163,15,16
1088966,1411.6962936320001,2,7,1,nwk_nsdp_release,,35,34
1089549,1412.252812442,8,7,1,nwk_enqueue,6716,41,42
1090297,1413.0222936319999,2,2,1,nwk_nsdp_release,,16,15
1090371,1413.04,2,2,1,nwk_enqueue,7178,15,16
1091315,1414.0078124419999,8,7,1,nwk_enqueue,6715,42,43
1092847,1415.9708153460001,2,7,1,nwk_enqueue,5538,34,35
1093178,1416.337295346,8,7,1,nwk_nsdp_release,,43,42
1093438,1416.620815346,2,8,1,nwk_enqueue,6032,15,16
1093549,1416.7012953460001,8,8,1,nwk_nsdp_release,,16,15
1093627,1416.72,8,8,1,nwk_enqueue,7205,15,16
1093919,1417.101815346,2,7,1,nwk_enqueue,5588,35,36
1094104,1417.260295346,8,7,1,nwk_nsdp_release,,42,41
1096455,1419.1168153460001,2,7,1,nwk_enqueue,5609,36,37
1096758,1419.444295346,8,7,1,nwk_nsdp_release,,41,40
1097141,1419.8838124419999,8,7,1,nwk_enqueue,6775,40,41
1099150,1422.7308124419999,8,7,1,nwk_enqueue,6790,41,42
1101241,1425.632293632,2,8,1,nwk_nsdp_release,,16,15
1102091,1426.552815346,2,8,1,nwk_enqueue,6073,15,16
1103010,1427.4002953459999,8,8,1,nwk_nsdp_release,,16,15
1103087,1427.4200000000001,8,8,1,nwk_enqueue,7259,15,16
1104382,1429.3088153460001,2,7,1,nwk_enqueue,5648,37,38
1104838,1429.7898153460001,2,7,1,nwk_enqueue,5658,38,39
1105159,1430.1692953459999,8,7,1,nwk_nsdp_release,,42,41
1105161,1430.1692953459999,8,7,1,nwk_nsdp_release,,41,40
1106866,1431.768293632,2,7,1,nwk_nsdp_release,,39,38
1107384,1432.2622936319999,2,2,1,nwk_nsdp_release,,16,15
1107475,1432.28,2,2,1,nwk_enqueue,7284,15,16
1108150,1432.8602936320001,2,7,1,nwk_nsdp_release,,38,37
1109516,1433.991293632,2,8,1,nwk_nsdp_release,,16,15
1109518,1433.991293632,2,8,1,nwk_nsdp_release,,15,14
1110334,1434.833812442,8,7,1,nwk_enqueue,6838,40,41
1110698,1435.2238124420001,8,7,1,nwk_enqueue,6830,41,42
1112001,1436.7968153459999,2,8,1,nwk_enqueue,6146,14,15
1112341,1437.202295346,8,8,1,nwk_nsdp_release,,16,15
1112418,1437.22,8,8,1,nwk_enqueue,7318,15,16
1112742,1437.6548153460001,2,8,1,nwk_enqueue,6156,15,16
1113009,1437.9018153459999,2,7,1,nwk_enqueue,5707,37,38
1113136,1437.9692953460001,8,7,1,nwk_nsdp_release,,42,41
1113138,1437.9692953460001,8,8,1,nwk_nsdp_release,,16,15
1113212,1437.98,8,8,1,nwk_enqueue,7324,15,16
1113458,1438.291815346,2,7,1,nwk_enqueue,5713,38,39
1113594,1438.3722953460001,8,7,1,nwk_nsdp_release,,41,40
1115171,1440.072815346,2,8,1,nwk_enqueue,6179,16,17
1115672,1440.491295346,8,8,1,nwk_nsdp_release,,16,15
1115738,1440.5,8,8,1,nwk_enqueue,7334,15,16
1118112,1442.958812442,8,7,1,nwk_enqueue,6872,40,41
1118825,1443.7388124419999,8,7,1,nwk_enqueue,6888,41,42
1121024,1446.432293632,2,2,1,nwk_nsdp_release,,16,15
1121102,1446.4400000000001,2,2,1,nwk_enqueue,7367,15,16
1123131,1448.8502936320001,2,8,1,nwk_nsdp_release,,17,16
1124394,1450.6028153459999,2,7,1,nwk_enqueue,5775,39,40
1124609,1450.8758153460001,2,7,1,nwk_enqueue,5776,40,41
1125098,1451.320295346,8,7,1,nwk_nsdp_release,,42,41
1125100,1451.320295346,8,7,1,nwk_nsdp_release,,41,40
1127513,1454.141293632,2,7,1,nwk_nsdp_release,,41,40
1128526,1455.558293632,2,7,1,nwk_nsdp_release,,40,39
1128782,1455.6338124419999,8,7,1,nwk_enqueue,6933,40,41
1130056,1456.728293632,2,2,1,nwk_nsdp_release,,16,15
1130058,1456.728293632,2,2,1,nwk_nsdp_release,,15,14
1130133,1456.74,2,2,1,nwk_enqueue,7423,14,15
1130215,1456.76,2,2,1,nwk_enqueue,7424,15,16
1131230,1457.846293632,2,2,1,nwk_nsdp_release,,16,15
1131318,1457.8599999999999,2,2,1,nwk_enqueue,7433,15,16
1131807,1458.350815346,2,7,1,nwk_enqueue,5828,39,40
1132244,1458.649812442,8,7,1,nwk_enqueue,6943,41,42
1132668,1459.0162953460001,8,7,1,nwk_nsdp_release,,42,41
1134313,1460.560815346,2,7,1,nwk_enqueue,5833,40,41
1134692,1460.9898153459999,2,8,1,nwk_enqueue,6300,16,17
1134832,1461.1222953460001,8,8,1,nwk_nsdp_release,,16,15
1134834,1461.1222953460001,8,7,1,nwk_nsdp_release,,41,40
1134901,1461.1400000000001,8,8,1,nwk_enqueue,7454,15,16
1137291,1463.7198124419999,8,7,1,nwk_enqueue,6987,40,41
1138028,1464.6038124419999,8,7,1,nwk_enqueue,6999,41,42
1142322,1469.2342936319999,2,7,1,nwk_nsdp_release,,41,40
1144964,1471.9878153459999,2,7,1,nwk_enqueue,5889,40,41
1145086,1472.0552953460001,8,7,1,nwk_nsdp_release,,42,41
1145342,1472.390815346,2,7,1,nwk_enqueue,5895,41,42
1145488,1472.4972953460001,8,7,1,nwk_nsdp_release,,41,40
1147648,1474.4082936320001,2,7,1,nwk_nsdp_release,,42,41
1150179,1476.8782936319999,2,8,1,nwk_nsdp_release,,17,16
1151163,1477.9962936320001,2,2,1,nwk_nsdp_release,,16,15
1151239,1478,2,2,1,nwk_enqueue,7530,15,16
1152454,1479.410812442,8,7,1,nwk_enqueue,7060,40,41
1153843,1481.116293632,2,7,1,nwk_nsdp_release,,41,40
1155224,1482.140815346,2,7,1,nwk_enqueue,5950,40,41
1155898,1482.7128153460001,2,7,1,nwk_enqueue,5954,41,42
1156013,1482.7932953459999,8,7,1,nwk_nsdp_release,,41,40
1156015,1482.7932953459999,8,7,1,nwk_nsdp_release,,40,39
1156548,1483.271815346,2,8,1,nwk_enqueue,6411,16,17
1156733,1483.404295346,8,8,1,nwk_nsdp_release,,16,15
1156801,1483.4200000000001,8,8,1,nwk_enqueue,7562,15,16
1157503,1484.090812442,8,7,1,nwk_enqueue,7102,39,40
1158611,1485.1680000280001,2,7,1,nwk_nsdp_release,,42,41
1158770,1485.2868124419999,8,7,1,nwk_enqueue,7120,40,41
1162009,1488.795000028,2,7,1,nwk_nsdp_release,,41,40
1163815,1490.593293632,2,7,1,nwk_nsdp_release,,40,39
1165745,1492.4238153460001,2,7,1,nwk_enqueue,6006,39,40
1166348,1492.829295346,8,7,1,nwk_nsdp_release,,41,40
1171037,1498.094293632,2,8,1,nwk_nsdp_release,,17,16
1171542,1498.6792936320001,2,7,1,nwk_nsdp_release,,40,39
1172859,1500.1328124419999,8,7,1,nwk_enqueue,7174,40,41
1174276,1501.3010000280001,8,7,1,nwk_nsdp_release,,41,40
1174804,1501.8382936319999,2,7,1,nwk_nsdp_release,,39,38
1176183,1503.0578153460001,2,7,1,nwk_enqueue,6058,38,39
1176817,1503.512815346,2,7,1,nwk_enqueue,6059,39,40
1176960,1503.6582953459999,8,7,1,nwk_nsdp_release,,40,39
1176962,1503.6582953459999,8,7,1,nwk_nsdp_release,,39,38
1178001,1504.7478124419999,8,7,1,nwk_enqueue,7185,38,39
1179710,1506.216812442,8,7,1,nwk_enqueue,7224,39,40
1181405,1507.9718153460001,2,8,1,nwk_enqueue,6519,16,17
1181928,1508.3902953459999,8,8,1,nwk_nsdp_release,,16,15
1181996,1508.4000000000001,8,8,1,nwk_enqueue,7690,15,16
1186185,1513.2108153459999,2,7,1,nwk_enqueue,6110,40,41
1186482,1513.3432953460001,8,7,1,nwk_nsdp_release,,40,39
1188851,1515.904293632,2,7,1,nwk_nsdp_release,,41,40
1189909,1516.892293632,2,8,1,nwk_nsdp_release,,17,16
1192117,1518.8422936320001,2,7,1,nwk_nsdp_release,,40,39
1194146,1521.0888124420001,8,7,1,nwk_enqueue,7236,39,40
1194691,1521.5202936319999,2,2,1,nwk_nsdp_release,,16,15
1194772,1521.54,2,2,1,nwk_enqueue,7759,15,16
1196696,1523.1972936320001,2,7,1,nwk_nsdp_release,,39,38
1197712,1524.0008153460001,2,7,1,nwk_enqueue,6127,38,39
1198005,1524.1332953460001,8,7,1,nwk_nsdp_release,,40,39
1199741,1525.8728124419999,8,7,1,nwk_enqueue,7303,39,40
1201060,1527.0298124420001,8,7,1,nwk_enqueue,7304,40,41
1203384,1529.070815346,2,7,1,nwk_enqueue,6164,39,40
1203879,1529.668815346,2,7,1,nwk_enqueue,6165,40,41
1204180,1529.9702953460001,8,7,1,nwk_nsdp_release,,41,40
1204182,1529.9702953460001,8,7,1,nwk_nsdp_release,,40,39
1207166,1533.7508153460001,2,8,1,nwk_enqueue,6634,16,17
1207793,1534.4292953459999,8,8,1,nwk_nsdp_release,,16,15
1207858,1534.4400000000001,8,8,1,nwk_enqueue,7826,15,16
1210155,1536.7432936319999,2,2,1,nwk_nsdp_release,,16,15
1210240,1536.76,2,2,1,nwk_enqueue,7837,15,16
1211180,1537.497293632,2,2,1,nwk_nsdp_release,,16,15
1211260,1537.5,2,2,1,nwk_enqueue,7842,15,16
1213046,1539.343293632,2,2,1,nwk_nsdp_release,,16,15
1213128,1539.3599999999999,2,2,1,nwk_enqueue,7856,15,16
1215382,1542.1748124420001,8,7,1,nwk_enqueue,7348,39,40
1216959,1543.295293632,2,7,1,nwk_nsdp_release,,41,40
1218586,1544.4108153459999,2,8,1,nwk_enqueue,6638,17,18
1218754,1544.5432936320001,2,2,1,nwk_nsdp_release,,16,15
1218846,1544.5599999999999,2,2,1,nwk_enqueue,7883,15,16
1219176,1544.894295346,8,8,1,nwk_nsdp_release,,16,15
1219242,1544.9000000000001,8,8,1,nwk_enqueue,7885,15,16
1220680,1546.321812442,8,7,1,nwk_enqueue,7356,40,41
1222590,1548.024812442,8,7,1,nwk_enqueue,7418,41,42
1225194,1550.338815346,2,7,1,nwk_enqueue,6218,40,41
1225333,1550.406295346,8,7,1,nwk_nsdp_release,,42,41
1229372,1555.252815346,2,8,1,nwk_enqueue,6664,18,19
1229573,1555.320295346,8,8,1,nwk_nsdp_release,,16,15
1229643,1555.3399999999999,8,8,1,nwk_enqueue,7946,15,16
1231349,1557.072815346,2,7,1,nwk_enqueue,6239,41,42
1231657,1557.2832953459999,8,7,1,nwk_nsdp_release,,41,40
1233997,1559.5062936320001,2,8,1,nwk_nsdp_release,,19,18
1237748,1563.4062936319999,2,7,1,nwk_nsdp_release,,42,41
1239670,1565.0702936319999,2,7,1,nwk_nsdp_release,,41,40
1239971,1565.4318153459999,2,7,1,nwk_enqueue,6275,40,41
1240340,1565.743812442,8,7,1,nwk_enqueue,7439,40,41
1240657,1566.019295346,8,7,1,nwk_nsdp_release,,41,40
1241456,1566.7578124419999,8,7,1,nwk_enqueue,7466,40,41
1242602,1567.8002936319999,2,8,1,nwk_nsdp_release,,18,17
1243133,1568.199000028,2,8,1,nwk_nsdp_release,,17,16
1243797,1568.8248124419999,8,7,1,nwk_enqueue,7474,41,42
1245496,1570.8268153460001,2,7,1,nwk_enqueue,6279,41,42
1245883,1571.154295346,8,7,1,nwk_nsdp_release,,42,41
1251610,1577.8468153460001,2,7,1,nwk_enqueue,6334,42,43
1252299,1578.395295346,8,7,1,nwk_nsdp_release,,41,40
1256476,1583.2702936319999,2,7,1,nwk_nsdp_release,,43,42
1259384,1586.0782936319999,2,7,1,nwk_nsdp_release,,42,41
1259470,1586.0888124420001,8,7,1,nwk_enqueue,7541,40,41
1260874,1587.570812442,8,7,1,nwk_enqueue,7566,41,42
1262229,1588.912293632,2,8,1,nwk_nsdp_release,,16,15
1262672,1589.377815346,2,8,1,nwk_enqueue,6781,15,16
1263129,1589.6792953459999,8,8,1,nwk_nsdp_release,,16,15
1263204,1589.6800000000001,8,8,1,nwk_enqueue,8109,15,16
1263875,1590.378815346,2,7,1,nwk_enqueue,6348,41,42
1264053,1590.4852953459999,8,7,1,nwk_nsdp_release,,42,41
1265151,1591.6138153459999,2,7,1,nwk_enqueue,6384,42,43
1265490,1591.8632953460001,8,7,1,nwk_nsdp_release,,41,40
1265694,1592.120812442,8,7,1,nwk_enqueue,7569,40,41
1269011,1595.6048153459999,2,7,1,nwk_enqueue,6381,43,44
1269312,1595.971295346,8,7,1,nwk_nsdp_release,,41,40
1271671,1598.880815346,2,7,1,nwk_enqueue,6429,44,45
1272208,1599.2862953460001,8,7,1,nwk_nsdp_release,,40,39
1276571,1604.083293632,2,7,1,nwk_nsdp_release,,45,44
1277266,1604.616293632,2,2,1,nwk_nsdp_release,,16,15
1277348,1604.6199999999999,2,2,1,nwk_enqueue,8179,15,16
1279085,1606.5508124420001,8,7,1,nwk_enqueue,7573,39,40
1280838,1608.4228124419999,8,7,1,nwk_enqueue,7651,40,41
1282606,1609.8812936320001,2,7,1,nwk_nsdp_release,,44,43
1283851,1610.983815346,2,8,1,nwk_enqueue,6883,16,17
1284022,1611.1032953460001,8,8,1,nwk_nsdp_release,,16,15
1284094,1611.1199999999999,8,8,1,nwk_enqueue,8213,15,16
1285186,1612.283815346,2,7,1,nwk_enqueue,6444,43,44
1285635,1612.686812442,8,7,1,nwk_enqueue,7674,41,42
1286106,1613.2482953460001,8,7,1,nwk_nsdp_release,,42,41
1288077,1615.315293632,2,7,1,nwk_nsdp_release,,44,43
1288876,1616.313815346,2,8,1,nwk_enqueue,6926,17,18
1289197,1616.550295346,8,8,1,nwk_nsdp_release,,16,15
1289264,1616.5599999999999,8,8,1,nwk_enqueue,8243,15,16
1292797,1621.656815346,2,7,1,nwk_enqueue,6485,43,44
1293039,1621.789295346,8,7,1,nwk_nsdp_release,,41,40
1296367,1625.1562936319999,2,7,1,nwk_nsdp_release,,44,43
1296369,1625.1562936319999,2,8,1,nwk_nsdp_release,,18,17
1298040,1627.272812442,8,7,1,nwk_enqueue,7680,40,41
1299706,1629.118812442,8,7,1,nwk_enqueue,7760,41,42
1301657,1631.6538153460001,2,7,1,nwk_enqueue,6488,43,44
1301844,1631.7862953460001,8,7,1,nwk_nsdp_release,,42,41
1302882,1633.083812442,8,7,1,nwk_enqueue,7779,41,42
1304669,1634.516293632,2,7,1,nwk_nsdp_release,,44,43
1305409,1635.1898153459999,2,8,1,nwk_enqueue,6976,17,18
1305822,1635.3742953460001,8,8,1,nwk_nsdp_release,,16,15
1305890,1635.3800000000001,8,8,1,nwk_enqueue,8327,15,16
1307582,1636.9472936320001,2,2,1,nwk_nsdp_release,,16,15
1307665,1636.96,2,2,1,nwk_enqueue,8336,15,16
1308067,1637.2958153459999,2,7,1,nwk_enqueue,6547,43,44
1308611,1637.675295346,8,7,1,nwk_nsdp_release,,42,41
1311986,1642.3658153460001,2,7,1,nwk_enqueue,6569,44,45
1312324,1642.5372953460001,8,7,1,nwk_nsdp_release,,41,40
1315117,1646.5542936320001,2,7,1,nwk_nsdp_release,,45,44
1316742,1648.293812442,8,7,1,nwk_enqueue,7788,40,41
1317838,1649.6718124419999,8,7,1,nwk_enqueue,7874,41,42
1320860,1653.8968124420001,8,7,1,nwk_enqueue,7891,42,43
1321170,1654.0380000279999,2,8,1,nwk_nsdp_release,,18,17
1323392,1656.236815346,2,8,1,nwk_enqueue,7017,17,18
1323877,1656.8478153460001,2,7,1,nwk_enqueue,6601,44,45
1323997,1656.9282953459999,8,7,1,nwk_nsdp_release,,43,42
1323999,1656.9282953459999,8,8,1,nwk_nsdp_release,,16,15
1324067,1656.9400000000001,8,8,1,nwk_enqueue,8428,15,16
1325034,1657.9528153460001,2,7,1,nwk_enqueue,6602,45,46
1325265,1658.2152953459999,8,7,1,nwk_nsdp_release,,42,41
1327054,1660.3472936319999,2,8,1,nwk_nsdp_release,,18,17
1327056,1660.3472936319999,2,7,1,nwk_nsdp_release,,46,45
1331025,1665.310815346,2,7,1,nwk_enqueue,6657,45,46
1331597,1665.859295346,8,7,1,nwk_nsdp_release,,41,40
1334539,1668.5242936320001,2,7,1,nwk_nsdp_release,,46,45
1335110,1669.015812442,8,7,1,nwk_enqueue,7905,40,41
1336612,1670.380812442,8,7,1,nwk_enqueue,7997,41,42
1340010,1674.6448124420001,8,7,1,nwk_enqueue,8003,42,43
1342348,1677.322815346,2,7,1,nwk_enqueue,6675,45,46
1342621,1677.520295346,8,7,1,nwk_nsdp_release,,43,42
1345071,1679.9618153460001,2,7,1,nwk_enqueue,6716,46,47
1345266,1680.0812953459999,8,7,1,nwk_nsdp_release,,42,41
1348525,1683.1492936320001,2,7,1,nwk_nsdp_release,,47,46
1348527,1683.1492936320001,2,2,1,nwk_nsdp_release,,16,15
1348612,1683.1600000000001,2,2,1,nwk_enqueue,8562,15,16
1351305,1686.474815346,2,8,1,nwk_enqueue,7205,17,18
1351922,1686.867295346,8,8,1,nwk_nsdp_release,,16,15
1351988,1686.8800000000001,8,8,1,nwk_enqueue,8581,15,16
1352166,1687.084000028,8,7,1,nwk_nsdp_release,,41,40
1353926,1689.0122936319999,2,8,1,nwk_nsdp_release,,18,17
1355767,1690.9598124419999,8,7,1,nwk_enqueue,8092,40,41
1357081,1692.168812442,8,7,1,nwk_enqueue,8014,41,42
1358004,1693.0032936319999,2,7,1,nwk_nsdp_release,,46,45
1359805,1695.1458124420001,8,7,1,nwk_enqueue,8100,42,43
1361776,1698.044815346,2,7,1,nwk_enqueue,6775,45,46
1362101,1698.359295346,8,7,1,nwk_nsdp_release,,43,42
1363787,1700.436815346,2,7,1,nwk_enqueue,6790,46,47
1363978,1700.608295346,8,7,1,nwk_nsdp_release,,42,41
1366237,1703.4942936320001,2,7,1,nwk_nsdp_release,,47,46
1369765,1708.4732936319999,2,7,1,nwk_nsdp_release,,46,45
1370494,1709.2378153459999,2,8,1,nwk_enqueue,7259,17,18
1370688,1709.396295346,8,8,1,nwk_nsdp_release,,16,15
1370755,1709.4000000000001,8,8,1,nwk_enqueue,8685,15,16
1372578,1711.4738124420001,8,7,1,nwk_enqueue,8126,41,42
1374096,1713.0858124419999,8,7,1,nwk_enqueue,8190,42,43
1376603,1715.958812442,8,7,1,nwk_enqueue,8204,43,44
1377110,1716.4292936320001,2,7,1,nwk_nsdp_release,,45,44
1381456,1721.743815346,2,7,1,nwk_enqueue,6838,44,45
1381762,1721.9672953459999,8,7,1,nwk_nsdp_release,,44,43
1382709,1723.290815346,2,7,1,nwk_enqueue,6830,45,46
1382868,1723.384295346,8,7,1,nwk_nsdp_release,,43,42
1384399,1725.1002936320001,2,7,1,nwk_nsdp_release,,46,45
1387780,1729.868815346,2,8,1,nwk_enqueue,7318,18,19
1388084,1730.1962953459999,8,8,1,nwk_nsdp_release,,16,15
1388152,1730.2,8,8,1,nwk_enqueue,8782,15,16
1389774,1732.3258124419999,8,7,1,nwk_enqueue,8221,42,43
1391244,1734.041812442,8,7,1,nwk_enqueue,8291,43,44
1393618,1736.7588124419999,8,7,1,nwk_enqueue,8296,44,45
1394052,1737.1382936320001,2,2,1,nwk_nsdp_release,,16,15
1394145,1737.1400000000001,2,2,1,nwk_enqueue,8817,15,16
1396784,1740.180293632,2,2,1,nwk_nsdp_release,,16,15
1396882,1740.2,2,2,1,nwk_enqueue,8832,15,16
1397517,1740.8952936319999,2,7,1,nwk_nsdp_release,,45,44
1399207,1742.465815346,2,8,1,nwk_enqueue,7324,19,20
1399481,1742.676295346,8,8,1,nwk_nsdp_release,,16,15
1399555,1742.6800000000001,8,8,1,nwk_enqueue,8846,15,16
1400739,1743.8958153460001,2,8,1,nwk_enqueue,7334,20,21
1401116,1744.0932953460001,8,8,1,nwk_nsdp_release,,16,15
1401189,1744.0999999999999,8,8,1,nwk_enqueue,8854,15,16
1402869,1745.796293632,2,8,1,nwk_nsdp_release,,21,20
1405025,1748.3572936319999,2,7,1,nwk_nsdp_release,,44,43
1408260,1752.7618124420001,8,7,1,nwk_enqueue,8316,45,46
1409735,1754.7118124420001,8,7,1,nwk_enqueue,8388,46,47
1411856,1757.024000028,2,7,1,nwk_nsdp_release,,43,42
1411983,1757.090815346,2,7,1,nwk_enqueue,6872,42,43
1412340,1757.4182953459999,8,7,1,nwk_nsdp_release,,47,46
1412611,1757.753812442,8,7,1,nwk_enqueue,8397,46,47
1415632,1761.747293632,2,8,1,nwk_nsdp_release,,20,19
1416077,1762.1112936320001,2,7,1,nwk_nsdp_release,,43,42
1416853,1762.9798153459999,2,7,1,nwk_enqueue,6888,42,43
1417014,1763.0732953459999,8,7,1,nwk_nsdp_release,,47,46
1418597,1764.5658153459999,2,7,1,nwk_enqueue,6933,43,44
1418757,1764.685295346,8,7,1,nwk_nsdp_release,,46,45
1422192,1768.806293632,2,7,1,nwk_nsdp_release,,44,43
1425746,1773.1848124420001,8,7,1,nwk_enqueue,8416,45,46
1427519,1775.6548124420001,8,7,1,nwk_enqueue,8492,46,47
1428998,1777.7608153460001,2,7,1,nwk_enqueue,6943,43,44
1429222,1777.932295346,8,7,1,nwk_nsdp_release,,47,46
1429774,1778.514812442,8,7,1,nwk_enqueue,8497,46,47
1432900,1782.729293632,2,2,1,nwk_nsdp_release,,16,15
1432992,1782.74,2,2,1,nwk_enqueue,9025,15,16
1434081,1783.896815346,2,8,1,nwk_enqueue,7454,19,20
1434266,1784.0552953460001,8,8,1,nwk_nsdp_release,,16,15
1434339,1784.0599999999999,8,8,1,nwk_enqueue,9032,15,16
1435620,1785.2488153459999,2,7,1,nwk_enqueue,6987,44,45
1435826,1785.472295346,8,7,1,nwk_nsdp_release,,47,46
1438829,1789.6192936320001,2,8,1,nwk_nsdp_release,,20,19
1439793,1790.6072936319999,2,7,1,nwk_nsdp_release,,45,44
1439795,1790.6072936319999,2,8,1,nwk_nsdp_release,,19,18
1440255,1791.075293632,2,7,1,nwk_nsdp_release,,44,43
1442917,1794.140812442,8,7,1,nwk_enqueue,8521,46,47
1444927,1796.506812442,8,7,1,nwk_enqueue,8600,47,48
1447745,1799.3668124420001,8,7,1,nwk_enqueue,8608,48,49
1449019,1800.9138153460001,2,7,1,nwk_enqueue,6999,43,44
1449312,1801.098295346,8,7,1,nwk_nsdp_release,,49,48
1452023,1804.397815346,2,7,1,nwk_enqueue,7060,44,45
1452232,1804.5562953460001,8,7,1,nwk_nsdp_release,,48,47
1455114,1808.427815346,2,8,1,nwk_enqueue,7562,18,19
1455263,1808.521295346,8,8,1,nwk_nsdp_release,,16,15
1455348,1808.54,8,8,1,nwk_enqueue,9154,15,16
1458564,1811.9272936320001,2,2,1,nwk_nsdp_release,,16,15
1458657,1811.9400000000001,2,2,1,nwk_enqueue,9170,15,16
1459199,1812.564293632,2,7,1,nwk_nsdp_release,,45,44
1460139,1813.8512936320001,2,8,1,nwk_nsdp_release,,19,18
1460862,1814.449293632,2,7,1,nwk_nsdp_release,,44,43
1461412,1815.109812442,8,7,1,nwk_enqueue,8623,47,48
1463324,1817.397812442,8,7,1,nwk_enqueue,8697,48,49
1465145,1819.7508124420001,8,7,1,nwk_enqueue,8708,49,50
1468831,1824.417815346,2,7,1,nwk_enqueue,7102,43,44
1469297,1824.6412953460001,8,7,1,nwk_nsdp_release,,50,49
1469632,1824.937815346,2,7,1,nwk_enqueue,7120,44,45
1469921,1825.213295346,8,7,1,nwk_nsdp_release,,49,48
1473205,1829.110815346,2,7,1,nwk_enqueue,7174,45,46
1473698,1829.6722953460001,8,7,1,nwk_nsdp_release,,48,47
1476572,1833.364293632,2,2,1,nwk_nsdp_release,,16,15
1476670,1833.3800000000001,2,2,1,nwk_enqueue,9274,15,16
1477192,1833.8972936319999,2,2,1,nwk_nsdp_release,,16,15
1477285,1833.9000000000001,2,2,1,nwk_enqueue,9277,15,16
1478165,1835.0542936320001,2,7,1,nwk_nsdp_release,,46,45
1478796,1835.7018124419999,8,7,1,nwk_enqueue,8724,47,48
1480505,1837.5632936320001,2,2,1,nwk_nsdp_release,,16,15
1480604,1837.5799999999999,2,2,1,nwk_enqueue,9299,15,16
1481511,1838.356293632,2,7,1,nwk_nsdp_release,,45,44
1483423,1840.4338124420001,8,7,1,nwk_enqueue,8793,48,49
1483811,1840.849812442,8,7,1,nwk_enqueue,8803,49,50
1486993,1845.0098153460001,2,7,1,nwk_enqueue,7185,44,45
1487400,1845.3242953460001,8,7,1,nwk_nsdp_release,,50,49
1488201,1846.062815346,2,7,1,nwk_enqueue,7224,45,46
1488680,1846.637295346,8,7,1,nwk_nsdp_release,,49,48
1492924,1852.3548153459999,2,8,1,nwk_enqueue,7690,18,19
1493171,1852.617295346,8,8,1,nwk_nsdp_release,,16,15
1493245,1852.6199999999999,8,8,1,nwk_enqueue,9373,15,16
1495766,1855.5682936319999,2,8,1,nwk_nsdp_release,,19,18
1496608,1856.335293632,2,7,1,nwk_nsdp_release,,46,45
1498692,1858.620812442,8,7,1,nwk_enqueue,8819,48,49
1499424,1859.2732936320001,2,7,1,nwk_nsdp_release,,45,44
1501601,1861.493812442,8,7,1,nwk_enqueue,8891,49,50
1501829,1861.792812442,8,7,1,nwk_enqueue,8902,50,51
1504731,1865.588815346,2,7,1,nwk_enqueue,7236,44,45
1504898,1865.695295346,8,7,1,nwk_nsdp_release,,51,50
1506667,1867.291815346,2,7,1,nwk_enqueue,7303,45,46
1506987,1867.6192953459999,8,7,1,nwk_nsdp_release,,50,49
1510082,1873.011815346,2,7,1,nwk_enqueue,7304,46,47
1510338,1873.3262953460001,8,7,1,nwk_nsdp_release,,49,48
1512882,1877.057293632,2,2,1,nwk_nsdp_release,,16,15
1512976,1877.0599999999999,2,2,1,nwk_enqueue,9489,15,16
1514873,1879.4598124419999,8,7,1,nwk_enqueue,8914,48,49
1516039,1880.8792936320001,2,7,1,nwk_nsdp_release,,47,46
1517551,1882.6472936319999,2,7,1,nwk_nsdp_release,,46,45
1517645,1882.6708124419999,8,7,1,nwk_enqueue,8983,49,50
1517955,1882.9828124420001,8,7,1,nwk_enqueue,8993,50,51
1520420,1886.024815346,2,8,1,nwk_enqueue,7826,18,19
1520665,1886.2872953460001,8,8,1,nwk_nsdp_release,,16,15
1520742,1886.3,8,8,1,nwk_enqueue,9535,15,16
1522732,1888.234815346,2,7,1,nwk_enqueue,7348,45,46
1523167,1888.770295346,8,7,1,nwk_nsdp_release,,51,50
1526763,1893.811815346,2,8,1,nwk_enqueue,7885,19,20
1527117,1894.243295346,8,8,1,nwk_nsdp_release,,16,15
1527197,1894.26,8,8,1,nwk_enqueue,9562,15,16
1531321,1900.831812442,8,7,1,nwk_enqueue,9006,50,51
1532149,1901.6402936320001,2,8,1,nwk_nsdp_release,,20,19
1532992,1902.5502936319999,2,7,1,nwk_nsdp_release,,46,45
1534093,1903.5902936320001,2,7,1,nwk_nsdp_release,,45,44
1534271,1903.821812442,8,7,1,nwk_enqueue,9089,51,52
1534767,1904.198812442,8,7,1,nwk_enqueue,9101,52,53
1536790,1906.915815346,2,7,1,nwk_enqueue,7356,44,45
1537170,1907.3602953459999,8,7,1,nwk_nsdp_release,,53,52
1538595,1909.1908153459999,2,7,1,nwk_enqueue,7418,45,46
1538770,1909.310295346,8,7,1,nwk_nsdp_release,,52,51
1543500,1916.743815346,2,8,1,nwk_enqueue,7946,19,20
1543693,1916.9672953459999,8,8,1,nwk_nsdp_release,,16,15
1543778,1916.98,8,8,1,nwk_enqueue,9665,15,16
1547169,1921.514812442,8,7,1,nwk_enqueue,9116,51,52
1548856,1923.5322936319999,2,7,1,nwk_nsdp_release,,46,45
1549393,1924.0522936320001,2,8,1,nwk_nsdp_release,,20,19
1549619,1924.3098124420001,8,7,1,nwk_enqueue,9187,52,53
1550151,1924.767293632,2,7,1,nwk_nsdp_release,,45,44
1550321,1924.9208124419999,8,7,1,nwk_enqueue,9198,53,54
1552757,1927.7288153459999,2,7,1,nwk_enqueue,7439,44,45
1552976,1927.8222953459999,8,7,1,nwk_nsdp_release,,54,53
1554971,1929.821815346,2,7,1,nwk_enqueue,7466,45,46
1555124,1929.915295346,8,7,1,nwk_nsdp_release,,53,52
1560206,1937.6218153459999,2,7,1,nwk_enqueue,7474,46,47
1560446,1937.858295346,8,7,1,nwk_nsdp_release,,52,51
1563266,1942.2888124420001,8,7,1,nwk_enqueue,9210,51,52
1565638,1945.4998124419999,8,7,1,nwk_enqueue,9289,52,53
1565755,1945.5542936320001,2,7,1,nwk_nsdp_release,,47,46
1566270,1946.087293632,2,2,1,nwk_nsdp_release,,16,15
1566364,1946.0999999999999,2,2,1,nwk_enqueue,9802,15,16
1566502,1946.149812442,8,7,1,nwk_enqueue,9320,53,54
1567755,1947.452293632,2,7,1,nwk_nsdp_release,,46,45
1568661,1948.3078153460001,2,7,1,nwk_enqueue,7541,45,46
1568801,1948.375295346,8,7,1,nwk_nsdp_release,,54,53
1570915,1950.608815346,2,7,1,nwk_enqueue,7566,46,47
1571057,1950.676295346,8,7,1,nwk_nsdp_release,,53,52
1575887,1958.213815346,2,8,1,nwk_enqueue,8109,19,20
1576458,1958.7492953460001,8,8,1,nwk_nsdp_release,,16,15
1576536,1958.76,8,8,1,nwk_enqueue,9866,15,16
1579369,1962.9328124420001,8,7,1,nwk_enqueue,9322,52,53
1582461,1966.7418124420001,8,7,1,nwk_enqueue,9402,53,54
1582562,1966.796293632,2,7,1,nwk_nsdp_release,,47,46
1582971,1967.1448124420001,8,7,1,nwk_enqueue,9418,54,55
1584690,1968.6682936320001,2,8,1,nwk_nsdp_release,,20,19
1585238,1969.3938153460001,2,7,1,nwk_enqueue,7569,46,47
1585381,1969.461295346,8,7,1,nwk_nsdp_release,,55,54
1587459,1971.4998153460001,2,7,1,nwk_enqueue,7573,47,48
1587648,1971.6192936320001,2,2,1,nwk_nsdp_release,,16,15
1587744,1971.6199999999999,2,2,1,nwk_enqueue,9931,15,16
1587905,1971.7492953460001,8,7,1,nwk_nsdp_release,,54,53
1589859,1973.6082936319999,2,2,1,nwk_nsdp_release,,16,15
1589961,1973.6199999999999,2,2,1,nwk_enqueue,9941,15,16
1590809,1974.5052936320001,2,8,1,nwk_nsdp_release,,19,18
1590812,1974.5052936320001,2,2,1,nwk_nsdp_release,,16,15
1590918,1974.52,2,2,1,nwk_enqueue,9950,15,16
1591489,1975.2332936319999,2,7,1,nwk_nsdp_release,,48,47
1591491,1975.2332936319999,2,2,1,nwk_nsdp_release,,16,15
1591585,1975.24,2,2,1,nwk_enqueue,9954,15,16
1592295,1976.1302936320001,2,8,1,nwk_nsdp_release,,18,17
1594702,1979.4038153460001,2,7,1,nwk_enqueue,7651,47,48
1594980,1979.627295346,8,7,1,nwk_nsdp_release,,53,52
1596478,1981.4082936320001,2,7,1,nwk_nsdp_release,,48,47
1598122,1983.5768124419999,8,7,1,nwk_enqueue,9419,52,53
1601264,1987.882293632,2,7,1,nwk_nsdp_release,,47,46
1601361,1987.9058124420001,8,7,1,nwk_enqueue,9509,53,54
1601948,1988.542812442,8,7,1,nwk_enqueue,9521,54,55
1603951,1990.570815346,2,8,1,nwk_enqueue,8213,17,18
1604279,1990.885295346,8,8,1,nwk_nsdp_release,,16,15
1604368,1990.9000000000001,8,8,1,nwk_enqueue,10026,15,16
1605715,1992.2088153459999,2,7,1,nwk_enqueue,7674,46,47
1605970,1992.367295346,8,7,1,nwk_nsdp_release,,55,54
1609204,1996.410293632,2,7,1,nwk_nsdp_release,,47,46
1611949,2000.060815346,2,8,1,nwk_enqueue,8243,18,19
1612102,2000.2062953459999,8,8,1,nwk_nsdp_release,,16,15
1612183,2000.22,8,8,1,nwk_enqueue,10073,15,16
1614716,2004.0648124419999,8,7,1,nwk_enqueue,9522,54,55
1617651,2008.601812442,8,7,1,nwk_enqueue,9592,55,56
1618234,2009.2908124420001,8,7,1,nwk_enqueue,9607,56,57
1620021,2011.3602936320001,2,7,1,nwk_nsdp_release,,46,45
1621676,2012.9048153460001,2,7,1,nwk_enqueue,7760,45,46
1622457,2013.7002953460001,8,7,1,nwk_nsdp_release,,57,56
1623979,2015.6608153459999,2,7,1,nwk_enqueue,7680,46,47
1624415,2016.105295346,8,7,1,nwk_nsdp_release,,56,55
1626262,2018.3412936320001,2,8,1,nwk_nsdp_release,,19,18
1626846,2019.0432936320001,2,7,1,nwk_nsdp_release,,47,46
1628204,2020.6138153459999,2,7,1,nwk_enqueue,7779,46,47
1628516,2020.9672953459999,8,7,1,nwk_nsdp_release,,55,54
1630251,2022.8392936319999,2,7,1,nwk_nsdp_release,,47,46
1631753,2024.695812442,8,7,1,nwk_enqueue,9612,54,55
1635131,2029.4148124420001,8,7,1,nwk_enqueue,9692,55,56
1635421,2029.7008124419999,8,7,1,nwk_enqueue,9708,56,57
1638786,2034.185815346,2,8,1,nwk_enqueue,8327,18,19
1638912,2034.2662953460001,8,8,1,nwk_nsdp_release,,16,15
1638997,2034.28,8,8,1,nwk_enqueue,10236,15,16
1641250,2036.7622936319999,2,7,1,nwk_nsdp_release,,46,45
1644132,2040.1292936320001,2,7,1,nwk_nsdp_release,,45,44
1645272,2041.4528153460001,2,7,1,nwk_enqueue,7788,44,45
1645431,2041.5852953460001,8,7,1,nwk_nsdp_release,,57,56
1647954,2044.1592936320001,2,2,1,nwk_nsdp_release,,16,15
1648047,2044.1600000000001,2,2,1,nwk_enqueue,10288,15,16
1649460,2045.638812442,8,7,1,nwk_enqueue,9709,56,57
1652861,2049.749293632,2,8,1,nwk_nsdp_release,,19,18
1653385,2050.071812442,8,7,1,nwk_enqueue,9784,57,58
1654006,2050.656812442,8,7,1,nwk_enqueue,9804,58,59
1654117,2050.6852936320001,2,7,1,nwk_nsdp_release,,45,44
1658631,2056.4938153459998,2,7,1,nwk_enqueue,7891,44,45
1658774,2056.561295346,8,7,1,nwk_nsdp_release,,59,58
1659141,2056.8188153460001,2,7,1,nwk_enqueue,7874,45,46
1659604,2057.2372953459999,8,7,1,nwk_nsdp_release,,58,57
1661837,2059.8892936319999,2,8,1,nwk_nsdp_release,,18,17
1662929,2061.0722936319999,2,7,1,nwk_nsdp_release,,46,45
1662931,2061.0722936319999,2,7,1,nwk_nsdp_release,,45,44
1663886,2062.0968153459999,2,8,1,nwk_enqueue,8428,17,18
1664186,2062.4372953460002,8,8,1,nwk_nsdp_release,,16,15
1664269,2062.4400000000001,8,8,1,nwk_enqueue,10384,15,16
1667732,2066.464812442,8,7,1,nwk_enqueue,9805,57,58
1671237,2070.897812442,8,7,1,nwk_enqueue,9888,58,59
1671549,2071.1578124419998,8,7,1,nwk_enqueue,9907,59,60
1672126,2071.7712936319999,2,8,1,nwk_nsdp_release,,18,17
1672838,2072.3822936319998,2,2,1,nwk_nsdp_release,,16,15
1672934,2072.4000000000001,2,2,1,nwk_enqueue,10440,15,16
1673610,2073.162293632,2,7,1,nwk_nsdp_release,,44,43
1674335,2073.9942936319999,2,8,1,nwk_nsdp_release,,17,16
1674338,2073.9942936319999,2,7,1,nwk_nsdp_release,,43,42
1674841,2074.488293632,2,7,1,nwk_nsdp_release,,42,41
1677107,2077.1272936320001,2,7,1,nwk_nsdp_release,,41,40
1677440,2077.4108153460002,2,7,1,nwk_enqueue,7905,40,41
1677647,2077.657815346,2,7,1,nwk_enqueue,7997,41,42
1677859,2077.8682953460002,8,7,1,nwk_nsdp_release,,60,59
1677861,2077.8682953460002,8,7,1,nwk_nsdp_release,,59,58
1682305,2082.4442936320002,2,7,1,nwk_nsdp_release,,42,41
1682307,2082.4442936320002,2,7,1,nwk_nsdp_release,,41,40
1685699,2087.0438124420002,8,7,1,nwk_enqueue,9908,58,59
1687165,2088.811815346,2,7,1,nwk_enqueue,8003,40,41
1687435,2088.983295346,8,7,1,nwk_nsdp_release,,59,58
1689721,2091.7758124420002,8,7,1,nwk_enqueue,9991,58,59
1690292,2092.2698124419999,8,7,1,nwk_enqueue,10011,59,60
1694263,2097.5762936320002,2,7,1,nwk_nsdp_release,,41,40
1695018,2098.3798153460002,2,8,1,nwk_enqueue,8581,16,17
1695327,2098.5902953459999,8,8,1,nwk_nsdp_release,,16,15
1695412,2098.5999999999999,8,8,1,nwk_enqueue,10573,15,16
1695880,2099.0688153460001,2,7,1,nwk_enqueue,8092,40,41
1696053,2099.2012936320002,2,2,1,nwk_nsdp_release,,16,15
1696143,2099.2199999999998,2,2,1,nwk_enqueue,10576,15,16
1696353,2099.3312953459999,8,7,1,nwk_nsdp_release,,60,59
1698296,2101.6192936319999,2,8,1,nwk_nsdp_release,,17,16
1699062,2102.4772936320001,2,7,1,nwk_nsdp_release,,41,40
1701380,2105.7662936319998,2,7,1,nwk_nsdp_release,,40,39
1702879,2107.544812442,8,7,1,nwk_enqueue,10015,59,60
1704009,2108.7822936319999,2,8,1,nwk_nsdp_release,,16,15
1706413,2112.1102936319999,2,7,1,nwk_nsdp_release,,39,38
1707177,2112.861812442,8,7,1,nwk_enqueue,10095,60,61
1707746,2113.3428124420002,8,7,1,nwk_enqueue,10115,61,62
1711522,2119.088815346,2,7,1,nwk_enqueue,8014,38,39
1712109,2119.686815346,2,7,1,nwk_enqueue,8100,39,40
1712252,2119.7542953460002,8,7,1,nwk_nsdp_release,,62,61
1712254,2119.7542953460002,8,7,1,nwk_nsdp_release,,61,60
1714459,2122.3672936319999,2,7,1,nwk_nsdp_release,,40,39
1715193,2122.9652936319999,2,8,1,nwk_nsdp_release,,15,14
1715841,2123.6672936320001,2,2,1,nwk_nsdp_release,,16,15
1715925,2123.6799999999998,2,2,1,nwk_enqueue,10687,15,16
1716560,2124.3952936320002,2,2,1,nwk_nsdp_release,,16,15
1716648,2124.4000000000001,2,2,1,nwk_enqueue,10693,15,16
1717209,2125.0452936319998,2,8,1,nwk_nsdp_release,,14,13
1717752,2125.747293632,2,8,1,nwk_nsdp_release,,13,12
1718545,2126.7612936320002,2,7,1,nwk_nsdp_release,,39,38
1718547,2126.7612936320002,2,7,1,nwk_nsdp_release,,38,37
1718981,2127.1902936319998,2,7,1,nwk_nsdp_release,,37,36
1719985,2128.292812442,8,7,1,nwk_enqueue,10118,60,61
1721286,2129.8658153460001,2,8,1,nwk_enqueue,8685,12,13
1721547,2130.1412953459999,8,8,1,nwk_nsdp_release,,16,15
1721643,2130.1599999999999,8,8,1,nwk_enqueue,10729,15,16
1722161,2130.8278153460001,2,7,1,nwk_enqueue,8126,36,37
1722595,2131.2072953460001,8,7,1,nwk_nsdp_release,,61,60
1724555,2133.4148124419999,8,7,1,nwk_enqueue,10194,60,61
1724960,2133.830812442,8,7,1,nwk_enqueue,10213,61,62
1728659,2140.0578153460001,2,7,1,nwk_enqueue,8190,37,38
1728960,2140.4738153459998,2,7,1,nwk_enqueue,8204,38,39
1729232,2140.684295346,8,7,1,nwk_nsdp_release,,62,61
1729234,2140.684295346,8,7,1,nwk_nsdp_release,,61,60
1729985,2141.5770000279999,2,7,1,nwk_nsdp_release,,39,38
1731448,2143.1022936320001,2,2,1,nwk_nsdp_release,,16,15
1731533,2143.1199999999999,2,2,1,nwk_enqueue,10797,15,16
1732244,2143.8822936319998,2,8,1,nwk_nsdp_release,,13,12
1732933,2144.5712936320001,2,7,1,nwk_nsdp_release,,38,37
1735978,2148.4842936320001,2,7,1,nwk_nsdp_release,,37,36
1736427,2149.0928124420002,8,7,1,nwk_enqueue,10215,60,61
1738554,2151.523815346,2,8,1,nwk_enqueue,8782,12,13
1738754,2151.6692953460001,8,8,1,nwk_nsdp_release,,16,15
1738848,2151.6799999999998,8,8,1,nwk_enqueue,10837,15,16
1739284,2152.1608153460002,2,7,1,nwk_enqueue,8221,36,37
1739410,2152.280295346,8,7,1,nwk_nsdp_release,,61,60
1740846,2153.7102936319998,2,7,1,nwk_nsdp_release,,37,36
1741007,2153.8638124419999,8,7,1,nwk_enqueue,10296,60,61
1741563,2154.4252936319999,2,8,1,nwk_nsdp_release,,13,12
1742540,2155.3872936319999,2,2,1,nwk_nsdp_release,,16,15
1742617,2155.4000000000001,2,2,1,nwk_enqueue,10855,15,16
1743298,2156.0892936320001,2,7,1,nwk_nsdp_release,,36,35
1743855,2156.5548124420002,8,7,1,nwk_enqueue,10320,61,62
1747429,2161.2998153459998,2,7,1,nwk_enqueue,8291,35,36
1747869,2161.8068153459999,2,7,1,nwk_enqueue,8296,36,37
1748144,2162.1992953459999,8,7,1,nwk_nsdp_release,,62,61
1748146,2162.1992953459999,8,7,1,nwk_nsdp_release,,61,60
1750888,2165.7612936320002,2,7,1,nwk_nsdp_release,,37,36
1753534,2169.2322936320002,2,7,1,nwk_nsdp_release,,36,35
1754059,2169.7758124420002,8,7,1,nwk_enqueue,10326,60,61
1756463,2172.6748153459998,2,8,1,nwk_enqueue,8846,12,13
1756702,2172.9242953459998,8,8,1,nwk_nsdp_release,,16,15
1756800,2172.9400000000001,8,8,1,nwk_enqueue,10950,15,16
1758208,2174.3388124419998,8,7,1,nwk_enqueue,10407,61,62
1760187,2176.483815346,2,8,1,nwk_enqueue,8854,13,14
1760495,2176.798295346,8,8,1,nwk_nsdp_release,,16,15
1760590,2176.8000000000002,8,8,1,nwk_enqueue,10972,15,16
1761093,2177.4718124420001,8,7,1,nwk_enqueue,10433,62,63
1764937,2181.9072936319999,2,2,1,nwk_nsdp_release,,16,15
1765015,2181.9200000000001,2,2,1,nwk_enqueue,10999,15,16
1765471,2182.4248153459998,2,7,1,nwk_enqueue,8316,35,36
1765612,2182.5052936319998,2,2,1,nwk_nsdp_release,,16,15
1765697,2182.52,2,2,1,nwk_enqueue,11004,15,16
1766459,2183.3088153459998,2,7,1,nwk_enqueue,8397,36,37
1766690,2183.597295346,8,7,1,nwk_nsdp_release,,63,62
1766692,2183.597295346,8,7,1,nwk_nsdp_release,,62,61
1769648,2187.276293632,2,7,1,nwk_nsdp_release,,37,36
1770319,2188.1992936319998,2,2,1,nwk_nsdp_release,,16,15
1770398,2188.1999999999998,2,2,1,nwk_enqueue,11031,15,16
1772598,2190.6798124420002,8,7,1,nwk_enqueue,10434,61,62
1772966,2190.9942936319999,2,7,1,nwk_nsdp_release,,36,35
1773306,2191.2500000280002,8,7,1,nwk_nsdp_release,,62,61
1774756,2192.4892936320002,2,8,1,nwk_nsdp_release,,14,13
1775169,2192.9182936319999,2,7,1,nwk_nsdp_release,,35,34
1776370,2194.3482936320001,2,7,1,nwk_nsdp_release,,34,33
1777016,2195.0348124420002,8,7,1,nwk_enqueue,10516,61,62
1779367,2198.4018124419999,8,7,1,nwk_enqueue,10545,62,63
1785432,2206.617815346,2,7,1,nwk_enqueue,8416,33,34
1785747,2206.932295346,8,7,1,nwk_nsdp_release,,63,62
1789084,2211.430293632,2,2,1,nwk_nsdp_release,,16,15
1789159,2211.4400000000001,2,2,1,nwk_enqueue,11152,15,16
1789690,2212.0802936320001,2,7,1,nwk_nsdp_release,,34,33
1790470,2212.8862936320002,2,8,1,nwk_nsdp_release,,13,12
1791063,2213.4712936320002,2,7,1,nwk_nsdp_release,,33,32
1791182,2213.5468124419999,8,7,1,nwk_enqueue,10546,62,63
1791687,2213.9782936319998,2,8,1,nwk_nsdp_release,,12,11
1792280,2214.5502936319999,2,7,1,nwk_nsdp_release,,32,31
1792735,2215.0182936320002,2,7,1,nwk_nsdp_release,,31,30
1793725,2216.0818124419998,8,7,1,nwk_enqueue,10616,63,64
1795676,2218.8768124419998,8,7,1,nwk_enqueue,10638,64,65
1799003,2223.8688153459998,2,7,1,nwk_enqueue,8492,30,31
1799278,2224.222295346,8,7,1,nwk_nsdp_release,,65,64
1801342,2227.2098153460001,2,7,1,nwk_enqueue,8497,31,32
1801631,2227.5762953459998,8,7,1,nwk_nsdp_release,,64,63
1805375,2232.7372936319998,2,8,1,nwk_nsdp_release,,11,10
1805895,2233.2572936319998,2,7,1,nwk_nsdp_release,,32,31
1806650,2233.959293632,2,7,1,nwk_nsdp_release,,31,30
1806992,2234.294812442,8,7,1,nwk_enqueue,10641,63,64
1808273,2235.5582936320002,2,7,1,nwk_nsdp_release,,30,29
1809229,2236.5308124419998,8,7,1,nwk_enqueue,10719,64,65
1811350,2239.7158124419998,8,7,1,nwk_enqueue,10747,65,66
1811984,2240.3422936319998,2,2,1,nwk_nsdp_release,,16,15
1812055,2240.3600000000001,2,2,1,nwk_enqueue,11297,15,16
1813271,2241.4862936320001,2,7,1,nwk_nsdp_release,,29,28
1815280,2244.5518153459998,2,8,1,nwk_enqueue,9032,10,11
1815568,2244.9182953459999,8,8,1,nwk_nsdp_release,,16,15
1815667,2244.9200000000001,8,8,1,nwk_enqueue,11318,15,16
1817776,2247.6328153459999,2,7,1,nwk_enqueue,8521,28,29
1818076,2248.0488153460001,2,7,1,nwk_enqueue,8600,29,30
1818226,2248.1812953459998,8,7,1,nwk_nsdp_release,,66,65
1818228,2248.1812953459998,8,7,1,nwk_nsdp_release,,65,64
1823399,2255.042812442,8,7,1,nwk_enqueue,10751,64,65
1823539,2255.1102936319999,2,8,1,nwk_nsdp_release,,11,10
1824322,2255.7862936319998,2,7,1,nwk_nsdp_release,,30,29
1825289,2257.0708124419998,8,7,1,nwk_enqueue,10827,65,66
1827141,2259.2572936319998,2,7,1,nwk_nsdp_release,,29,28
1827856,2260.281812442,8,7,1,nwk_enqueue,10846,66,67
1828790,2261.2722936320001,2,7,1,nwk_nsdp_release,,28,27
1829916,2262.5202936320002,2,2,1,nwk_nsdp_release,,16,15
1829988,2262.54,2,2,1,nwk_enqueue,11414,15,16
1830400,2263.0402936320002,2,2,1,nwk_nsdp_release,,16,15
1830469,2263.0599999999999,2,2,1,nwk_enqueue,11418,15,16
1832772,2266.160293632,2,2,1,nwk_nsdp_release,,16,15
1832848,2266.1799999999998,2,2,1,nwk_enqueue,11436,15,16
1833718,2267.135293632,2,7,1,nwk_nsdp_release,,27,26
1836708,2271.0068153460002,2,7,1,nwk_enqueue,8608,26,27
1836964,2271.204295346,8,7,1,nwk_nsdp_release,,67,66
1837225,2271.5398153460001,2,8,1,nwk_enqueue,9154,10,11
1837571,2271.9842953460002,8,8,1,nwk_nsdp_release,,16,15
1837673,2272,8,8,1,nwk_enqueue,11463,15,16
1838065,2272.4628153459998,2,7,1,nwk_enqueue,8623,27,28
1838201,2272.5822953460001,8,7,1,nwk_nsdp_release,,66,65
1840596,2275.7388124419999,8,7,1,nwk_enqueue,10866,65,66
1841468,2276.5602936320001,2,8,1,nwk_nsdp_release,,11,10
1842360,2277.428812442,8,7,1,nwk_enqueue,10938,66,67
1843142,2278.0900000279998,2,2,1,nwk_nsdp_release,,16,15
1843202,2278.0999999999999,2,2,1,nwk_enqueue,11496,15,16
1844165,2279.4202936319998,2,7,1,nwk_nsdp_release,,28,27
1845588,2281.4328124419999,8,7,1,nwk_enqueue,10960,67,68
1849588,2287.8962936319999,2,8,1,nwk_nsdp_release,,10,9
1850102,2288.481293632,2,7,1,nwk_nsdp_release,,27,26
1853821,2293.1718153460001,2,7,1,nwk_enqueue,8708,26,27
1854085,2293.2652953460001,8,7,1,nwk_nsdp_release,,68,67
1855045,2294.2638153459998,2,7,1,nwk_enqueue,8697,27,28
1855226,2294.4352953460002,8,7,1,nwk_nsdp_release,,67,66
1856735,2296.3698124419998,8,7,1,nwk_enqueue,10977,66,67
1858044,2298.1508124420002,8,7,1,nwk_enqueue,11045,67,68
1859825,2300.2462936319998,2,7,1,nwk_nsdp_release,,28,27
1859827,2300.2462936319998,2,7,1,nwk_nsdp_release,,27,26
1861438,2301.8948124419999,8,7,1,nwk_enqueue,11068,68,69
1861539,2301.8972936320001,2,8,1,nwk_nsdp_release,,9,8
1864871,2306.8502936320001,2,7,1,nwk_nsdp_release,,26,25
1866798,2309.0732936320001,2,2,1,nwk_nsdp_release,,16,15
1866860,2309.0799999999999,2,2,1,nwk_enqueue,11665,15,16
1867576,2309.9572936320001,2,7,1,nwk_nsdp_release,,25,24
1869984,2313.7508153459999,2,7,1,nwk_enqueue,8724,24,25
1870447,2314.416295346,8,7,1,nwk_nsdp_release,,69,68
1872600,2316.870812442,8,7,1,nwk_enqueue,11085,68,69
1873899,2318.2878153460001,2,7,1,nwk_enqueue,8793,25,26
1874186,2318.573812442,8,7,1,nwk_enqueue,11167,69,70
1874717,2319.070295346,8,7,1,nwk_nsdp_release,,70,69
1877059,2321.6962936320001,2,8,1,nwk_nsdp_release,,8,7
1877680,2322.4112936319998,2,2,1,nwk_nsdp_release,,16,15
1877741,2322.4200000000001,2,2,1,nwk_enqueue,11733,15,16
1879027,2323.8802936319998,2,7,1,nwk_nsdp_release,,26,25
1879802,2324.774812442,8,7,1,nwk_enqueue,11182,69,70
1882541,2328.7510000279999,2,7,1,nwk_nsdp_release,,25,24
1883765,2330.510293632,2,7,1,nwk_nsdp_release,,24,23
1888098,2336.9818153460001,2,7,1,nwk_enqueue,8803,23,24
1888439,2337.332812442,8,7,1,nwk_enqueue,11195,70,71
1889006,2337.6992953459999,8,7,1,nwk_nsdp_release,,71,70
1890981,2339.4258124419998,8,7,1,nwk_enqueue,11266,70,71
1894399,2343.5078153459999,2,8,1,nwk_enqueue,9373,7,8
1894487,2343.5752953460001,8,8,1,nwk_nsdp_release,,16,15
1894591,2343.5799999999999,8,8,1,nwk_enqueue,11835,15,16
1896307,2345.457812442,8,7,1,nwk_enqueue,11280,71,72
1898669,2347.849815346,2,7,1,nwk_enqueue,8819,24,25
1898793,2347.9822936320002,2,8,1,nwk_nsdp_release,,8,7
1898796,2347.9822936320002,2,7,1,nwk_nsdp_release,,25,24
1899266,2348.4112953459999,8,7,1,nwk_nsdp_release,,72,71
1901826,2351.2192936319998,2,7,1,nwk_nsdp_release,,24,23
1902431,2351.9862936320001,2,2,1,nwk_nsdp_release,,16,15
1902492,2352,2,2,1,nwk_enqueue,11884,15,16
1903099,2352.6882936319998,2,7,1,nwk_nsdp_release,,23,22
1906729,2357.794812442,8,7,1,nwk_enqueue,11295,71,72
1908174,2359.3418153460002,2,7,1,nwk_enqueue,8891,22,23
1908748,2359.7992953459998,8,7,1,nwk_nsdp_release,,72,71
1909263,2360.3428124420002,8,7,1,nwk_enqueue,11376,71,72
1914246,2366.3098124419998,8,7,1,nwk_enqueue,11385,72,73
1916827,2369.0682936319999,2,7,1,nwk_nsdp_release,,23,22
1918188,2370.8858153460001,2,7,1,nwk_enqueue,8902,22,23
1918582,2371.278295346,8,7,1,nwk_nsdp_release,,73,72
1921709,2374.671293632,2,2,1,nwk_nsdp_release,,16,15
1921712,2374.671293632,2,2,1,nwk_nsdp_release,,15,14
1921776,2374.6799999999998,2,2,1,nwk_enqueue,12009,14,15
1921841,2374.6999999999998,2,2,1,nwk_enqueue,12010,15,16
1922931,2376.010293632,2,7,1,nwk_nsdp_release,,23,22
1924718,2378.2958124420002,8,7,1,nwk_enqueue,11405,72,73
1926382,2380.063815346,2,7,1,nwk_enqueue,8914,22,23
1926623,2380.222295346,8,7,1,nwk_nsdp_release,,73,72
1926790,2380.3392936320001,2,8,1,nwk_nsdp_release,,7,6
1927667,2381.0128124419998,8,7,1,nwk_enqueue,11482,72,73
1930710,2385.2012936320002,2,7,1,nwk_nsdp_release,,23,22
1932175,2387.252812442,8,7,1,nwk_enqueue,11494,73,74
1932731,2387.8662936320002,2,7,1,nwk_nsdp_release,,22,21
1934492,2389.9462936320001,2,2,1,nwk_nsdp_release,,16,15
1934553,2389.96,2,2,1,nwk_enqueue,12083,15,16
1934960,2390.4662936320001,2,8,1,nwk_nsdp_release,,6,5
1935794,2391.4932936320001,2,7,1,nwk_nsdp_release,,21,20
1936096,2391.9328153460001,2,7,1,nwk_enqueue,8983,20,21
1936531,2392.4422953459998,8,7,1,nwk_nsdp_release,,74,73
1940994,2398.8748124419999,8,7,1,nwk_enqueue,11517,73,74
1942757,2400.8248153459999,2,7,1,nwk_enqueue,8993,21,22
1942864,2400.9182953459999,8,7,1,nwk_nsdp_release,,74,73
1944921,2403.3232936320001,2,2,1,nwk_nsdp_release,,16,15
1945022,2403.3400000000001,2,2,1,nwk_enqueue,12148,15,16
1945561,2403.9732936320001,2,7,1,nwk_nsdp_release,,22,21
1947100,2406.1808124419999,8,7,1,nwk_enqueue,11593,73,74
1949243,2408.731293632,2,7,1,nwk_nsdp_release,,21,20
1950759,2410.7958124420002,8,7,1,nwk_enqueue,11604,74,75
1952305,2412.7328153459998,2,8,1,nwk_enqueue,9535,5,6
1952423,2412.8132936319998,2,8,1,nwk_nsdp_release,,6,5
1952639,2413.0602953460002,8,8,1,nwk_nsdp_release,,16,15
1952754,2413.0799999999999,8,8,1,nwk_enqueue,12200,15,16
1953114,2413.4218153460001,2,8,1,nwk_enqueue,9562,5,6
1953509,2413.8922953460001,8,8,1,nwk_nsdp_release,,16,15
1953617,2413.9000000000001,8,8,1,nwk_enqueue,12204,15,16
1954264,2414.5138153459998,2,7,1,nwk_enqueue,9006,20,21
1954492,2414.7502953459998,8,7,1,nwk_nsdp_release,,75,74
1956670,2416.9602936319998,2,8,1,nwk_nsdp_release,,6,5
1957191,2417.5322936319999,2,2,1,nwk_nsdp_release,,16,15
1957252,2417.54,2,2,1,nwk_enqueue,12223,15,16
1958054,2418.5722936319999,2,2,1,nwk_nsdp_release,,16,15
1958057,2418.5722936319999,2,7,1,nwk_nsdp_release,,21,20
1958110,2418.5799999999999,2,2,1,nwk_enqueue,12229,15,16
1958661,2419.2742936320001,2,7,1,nwk_nsdp_release,,20,19
1959153,2419.9218124419999,8,7,1,nwk_enqueue,11628,74,75
1960713,2421.6508153459999,2,7,1,nwk_enqueue,9089,19,20
1960909,2421.8222953459999,8,7,1,nwk_nsdp_release,,75,74
1964922,2427.1002936320001,2,2,1,nwk_nsdp_release,,16,15
1964978,2427.1199999999999,2,2,1,nwk_enqueue,12267,15,16
1965698,2428.075293632,2,7,1,nwk_nsdp_release,,20,19
1966945,2429.5442936320001,2,2,1,nwk_nsdp_release,,16,15
1967018,2429.5599999999999,2,2,1,nwk_enqueue,12284,15,16
1968429,2431.582812442,8,7,1,nwk_enqueue,11705,74,75
1969778,2433.1582936320001,2,7,1,nwk_nsdp_release,,19,18
1971292,2435.1188153459998,2,7,1,nwk_enqueue,9101,18,19
1971423,2435.2382953460001,8,7,1,nwk_nsdp_release,,75,74
1975125,2440.6438124420001,8,7,1,nwk_enqueue,11714,74,75
1976354,2441.9852936319999,2,2,1,nwk_nsdp_release,,16,15
1976357,2441.9852936319999,2,7,1,nwk_nsdp_release,,19,18
1976411,2442,2,2,1,nwk_enqueue,12342,15,16
1977384,2443.1268153460001,2,8,1,nwk_enqueue,9665,5,6
1977721,2443.532295346,8,8,1,nwk_nsdp_release,,16,15
1977829,2443.54,8,8,1,nwk_enqueue,12351,15,16
1980730,2447.2088124420002,8,7,1,nwk_enqueue,11744,75,76
1981601,2448.0302936319999,2,8,1,nwk_nsdp_release,,6,5
1982150,2448.5242936320001,2,7,1,nwk_nsdp_release,,18,17
1982662,2449.0962936320002,2,7,1,nwk_nsdp_release,,17,16
1983188,2449.6528153459999,2,7,1,nwk_enqueue,9116,16,17
1983369,2449.8372953459998,8,7,1,nwk_nsdp_release,,76,75
1985645,2452.330812442,8,7,1,nwk_enqueue,11799,75,76
1987143,2453.6462936319999,2,2,1,nwk_nsdp_release,,16,15
1987197,2453.6599999999999,2,2,1,nwk_enqueue,12401,15,16
1988006,2454.4652936319999,2,2,1,nwk_nsdp_release,,16,15
1988060,2454.48,2,2,1,nwk_enqueue,12406,15,16
1988553,2455.0892936320001,2,2,1,nwk_nsdp_release,,16,15
1988610,2455.0999999999999,2,2,1,nwk_enqueue,12411,15,16
1989555,2455.8952936320002,2,8,1,nwk_nsdp_release,,5,4
1989558,2455.8952936320002,2,7,1,nwk_nsdp_release,,17,16
1989778,2456.1528153459999,2,7,1,nwk_enqueue,9187,16,17
1990035,2456.4412953460001,8,7,1,nwk_nsdp_release,,76,75
1992145,2458.807293632,2,7,1,nwk_nsdp_release,,17,16
1994078,2461.4698124420001,8,7,1,nwk_enqueue,11813,75,76
1995394,2462.6162936320002,2,2,1,nwk_nsdp_release,,16,15
1995443,2462.6199999999999,2,2,1,nwk_enqueue,12448,15,16
1995985,2463.2922936320001,2,7,1,nwk_nsdp_release,,16,15
1999233,2467.6708124420002,8,7,1,nwk_enqueue,11847,76,77
2001083,2469.6882936319998,2,2,1,nwk_nsdp_release,,16,15
2001086,2469.6882936319998,2,7,1,nwk_nsdp_release,,15,14
2001132,2469.6999999999998,2,2,1,nwk_enqueue,12483,15,16
2001547,2470.1562936320001,2,7,1,nwk_nsdp_release,,14,13
2003971,2473.1308124420002,8,7,1,nwk_enqueue,11911,77,78
2007615,2476.8618153460002,2,7,1,nwk_enqueue,9198,13,14
2008000,2477.2542936320001,2,7,1,nwk_nsdp_release,,14,13
2008148,2477.3322953460001,8,7,1,nwk_nsdp_release,,78,77
2010730,2480.2028153460001,2,7,1,nwk_enqueue,9210,13,14
2010964,2480.452295346,8,7,1,nwk_nsdp_release,,77,76
2011273,2480.813815346,2,7,1,nwk_enqueue,9289,14,15
2011551,2481.0112953460002,8,7,1,nwk_nsdp_release,,76,75
2011725,2481.1282936319999,2,2,1,nwk_nsdp_release,,16,15
2011775,2481.1399999999999,2,2,1,nwk_enqueue,12545,15,16
2011953,2481.3728153460002,2,7,1,nwk_enqueue,9320,15,16
2012580,2481.9838124419998,8,7,1,nwk_enqueue,11929,75,76
2013339,2482.7922953460002,8,7,1,nwk_nsdp_release,,76,75
2015137,2484.5318153459998,2,8,1,nwk_enqueue,9866,4,5
2015323,2484.7682953459998,8,8,1,nwk_nsdp_release,,16,15
2015437,2484.7800000000002,8,8,1,nwk_enqueue,12563,15,16
2016159,2485.5978153460001,2,7,1,nwk_enqueue,9402,16,17
2016354,2485.704295346,8,7,1,nwk_nsdp_release,,75,74
2019147,2488.6552936319999,2,8,1,nwk_nsdp_release,,5,4
2019150,2488.6552936319999,2,7,1,nwk_nsdp_release,,17,16
2019833,2489.383293632,2,7,1,nwk_nsdp_release,,16,15
2020107,2489.744815346,2,7,1,nwk_enqueue,9322,15,16
2020404,2489.9422953459998,8,7,1,nwk_nsdp_release,,74,73
2020684,2490.1998153459999,2,7,1,nwk_enqueue,9418,16,17
2021210,2490.7068124419998,8,7,1,nwk_enqueue,11965,73,74
2021368,2490.8262953459998,8,7,1,nwk_nsdp_release,,74,73
2022544,2491.6842936319999,2,2,1,nwk_nsdp_release,,16,15
2022589,2491.6999999999998,2,2,1,nwk_enqueue,12602,15,16
2023481,2492.7088153459999,2,7,1,nwk_enqueue,9419,17,18
2023781,2493.0622953460002,8,7,1,nwk_nsdp_release,,73,72
2024771,2493.9698124420001,8,7,1,nwk_enqueue,12029,72,73
2026231,2495.519293632,2,7,1,nwk_nsdp_release,,18,17
2028264,2497.8592936320001,2,7,1,nwk_nsdp_release,,17,16
2031676,2502.7448124419998,8,7,1,nwk_enqueue,12044,73,74
2034542,2506.0858153459999,2,7,1,nwk_enqueue,9509,16,17
2035011,2506.530295346,8,7,1,nwk_nsdp_release,,74,73
2037979,2510.1312936320001,2,2,1,nwk_nsdp_release,,16,15
2037981,2510.1312936320001,2,2,1,nwk_nsdp_release,,15,14
2038023,2510.1399999999999,2,2,1,nwk_enqueue,12688,14,15
2038076,2510.1599999999999,2,2,1,nwk_enqueue,12689,15,16
2038942,2511.2858153460002,2,7,1,nwk_enqueue,9521,17,18
2039076,2511.3792953460002,8,7,1,nwk_nsdp_release,,73,72
2039397,2511.6238124420001,8,7,1,nwk_enqueue,12074,72,73
2041750,2513.7452936320001,2,7,1,nwk_nsdp_release,,18,17
2042493,2514.7828124419998,8,7,1,nwk_enqueue,12127,73,74
2044218,2516.6678153460002,2,8,1,nwk_enqueue,10026,4,5
2044756,2517.320295346,8,8,1,nwk_nsdp_release,,16,15
2044866,2517.3400000000001,8,8,1,nwk_enqueue,12727,15,16
2045302,2517.8378153459998,2,8,1,nwk_enqueue,10073,5,6
2045570,2518.048295346,8,8,1,nwk_nsdp_release,,16,15
2045677,2518.0599999999999,8,8,1,nwk_enqueue,12731,15,16
2046279,2518.7868153459999,2,7,1,nwk_enqueue,9522,17,18
2046499,2518.9972953460001,8,7,1,nwk_nsdp_release,,74,73
2048150,2520.7912936319999,2,7,1,nwk_nsdp_release,,18,17
2048612,2521.3242936319998,2,2,1,nwk_nsdp_release,,16,15
2048659,2521.3400000000001,2,2,1,nwk_enqueue,12746,15,16
2050239,2523.5708124419998,8,7,1,nwk_enqueue,12166,73,74
2052440,2526.8468153459999,2,7,1,nwk_enqueue,9592,17,18
2052709,2527.2002953460001,8,7,1,nwk_nsdp_release,,74,73
2056071,2531.2172936319998,2,2,1,nwk_nsdp_release,,16,15
2056073,2531.2172936319998,2,7,1,nwk_nsdp_release,,18,17
2056118,2531.2199999999998,2,2,1,nwk_enqueue,12790,15,16
2056653,2531.8128153460002,2,7,1,nwk_enqueue,9607,17,18
2056772,2531.9062953460002,8,7,1,nwk_nsdp_release,,73,72
2057048,2532.2158124419998,8,7,1,nwk_enqueue,12191,72,73
2059353,2534.4802936320002,2,8,1,nwk_nsdp_release,,6,5
2060008,2535.2448124419998,8,7,1,nwk_enqueue,12240,73,74
2060331,2535.4552936320001,2,8,1,nwk_nsdp_release,,5,4
2061009,2536.1962936320001,2,7,1,nwk_nsdp_release,,18,17
2063411,2539.6648153460001,2,7,1,nwk_enqueue,9612,17,18
2063743,2540.057295346,8,7,1,nwk_nsdp_release,,74,73
2065762,2542.3322936320001,2,2,1,nwk_nsdp_release,,16,15
2065764,2542.3322936320001,2,2,1,nwk_nsdp_release,,15,14
2065807,2542.3400000000001,2,2,1,nwk_enqueue,12847,14,15
2065863,2542.3600000000001,2,2,1,nwk_enqueue,12848,15,16
2067301,2544.370812442,8,7,1,nwk_enqueue,12295,73,74
2069340,2547.5688153460001,2,7,1,nwk_enqueue,9692,18,19
2069499,2547.740295346,8,7,1,nwk_nsdp_release,,74,73
2073160,2552.5478153459999,2,7,1,nwk_enqueue,9708,19,20
2073241,2552.615295346,8,7,1,nwk_nsdp_release,,73,72
2073478,2552.8232936320001,2,7,1,nwk_nsdp_release,,20,19
2073758,2553.1718124419999,8,7,1,nwk_enqueue,12334,72,73
2075372,2554.7342936320001,2,2,1,nwk_nsdp_release,,16,15
2075417,2554.7399999999998,2,2,1,nwk_enqueue,12916,15,16
2076179,2555.8498124419998,8,7,1,nwk_enqueue,12367,73,74
2078551,2558.9072936319999,2,2,1,nwk_nsdp_release,,16,15
2078596,2558.9200000000001,2,2,1,nwk_enqueue,12936,15,16
2081639,2562.9738153459998,2,8,1,nwk_enqueue,10236,4,5
2081749,2563.041295346,8,8,1,nwk_nsdp_release,,16,15
2081862,2563.0599999999999,8,8,1,nwk_enqueue,12955,15,16
2082199,2563.532815346,2,7,1,nwk_enqueue,9709,19,20
2082360,2563.6912953460001,8,7,1,nwk_nsdp_release,,74,73
2083689,2564.8458124419999,8,7,1,nwk_enqueue,12394,73,74
2084983,2566.0312936320001,2,2,1,nwk_nsdp_release,,16,15
2084985,2566.0312936320001,2,7,1,nwk_nsdp_release,,20,19
2085031,2566.04,2,2,1,nwk_enqueue,12974,15,16
2086966,2568.2908153459998,2,7,1,nwk_enqueue,9784,19,20
2087105,2568.4492953459999,8,7,1,nwk_nsdp_release,,74,73
2091720,2573.8442936319998,2,8,1,nwk_nsdp_release,,5,4
2092462,2574.6112936320001,2,7,1,nwk_nsdp_release,,20,19
2093155,2575.271815346,2,7,1,nwk_enqueue,9804,19,20
2093391,2575.5082953460001,8,7,1,nwk_nsdp_release,,73,72
2093947,2575.9608124420001,8,7,1,nwk_enqueue,12441,72,73
2094742,2576.6368124420001,8,7,1,nwk_enqueue,12473,73,74
2096082,2578.017293632,2,2,1,nwk_nsdp_release,,16,15
2096129,2578.02,2,2,1,nwk_enqueue,13039,15,16
2100282,2584.4108153460002,2,8,1,nwk_enqueue,10384,4,5
2100404,2584.5042953460002,8,8,1,nwk_nsdp_release,,16,15
2100518,2584.52,8,8,1,nwk_enqueue,13073,15,16
2100747,2584.800815346,2,7,1,nwk_enqueue,9805,20,21
2100845,2584.8682936320001,2,2,1,nwk_nsdp_release,,16,15
2100893,2584.8800000000001,2,2,1,nwk_enqueue,13076,15,16
2101227,2585.2298124419999,8,7,1,nwk_enqueue,12501,74,75
2101874,2585.856295346,8,7,1,nwk_nsdp_release,,75,74
2104601,2588.8958153459998,2,7,1,nwk_enqueue,9888,21,22
2105008,2589.4702953460001,8,7,1,nwk_nsdp_release,,74,73
2107026,2591.7322936320002,2,7,1,nwk_nsdp_release,,22,21
2108277,2593.539293632,2,2,1,nwk_nsdp_release,,16,15
2108325,2593.54,2,2,1,nwk_enqueue,13120,15,16
2109514,2595.008293632,2,2,1,nwk_nsdp_release,,16,15
2109562,2595.02,2,2,1,nwk_enqueue,13131,15,16
2110304,2595.889815346,2,7,1,nwk_enqueue,9907,21,22
2110438,2596.0092953459998,8,7,1,nwk_nsdp_release,,73,72
2111024,2596.6308124420002,8,7,1,nwk_enqueue,12552,72,73
2112985,2598.4922936319999,2,2,1,nwk_nsdp_release,,16,15
2113034,2598.5,2,2,1,nwk_enqueue,13147,15,16
2113831,2599.6078124420001,8,7,1,nwk_enqueue,12598,73,74
2117914,2605.964812442,8,7,1,nwk_enqueue,12617,74,75
2119279,2607.7978153459999,2,7,1,nwk_enqueue,9908,22,23
2119546,2608.1512953460001,8,7,1,nwk_nsdp_release,,75,74
2122120,2611.762815346,2,7,1,nwk_enqueue,9991,23,24
2122375,2612.1032953459999,8,7,1,nwk_nsdp_release,,74,73
2124145,2614.0402936320002,2,7,1,nwk_nsdp_release,,24,23
2125892,2616.4038153460001,2,7,1,nwk_enqueue,10011,23,24
2126138,2616.7182953460001,8,7,1,nwk_nsdp_release,,73,72
2126843,2617.4828124420001,8,7,1,nwk_enqueue,12657,72,73
2128235,2618.7592936320002,2,7,1,nwk_nsdp_release,,24,23
2128767,2619.4222936320002,2,7,1,nwk_nsdp_release,,23,22
2129702,2620.5118124420001,8,7,1,nwk_enqueue,12698,73,74
2133420,2625.7272936320001,2,2,1,nwk_nsdp_release,,16,15
2133469,2625.7399999999998,2,2,1,nwk_enqueue,13287,15,16
2134315,2626.5438124420002,8,7,1,nwk_enqueue,12715,74,75
2136025,2628.4938153459998,2,8,1,nwk_enqueue,10573,5,6
2136143,2628.5742953459999,8,8,1,nwk_nsdp_release,,16,15
2136251,2628.5799999999999,8,8,1,nwk_enqueue,13306,15,16
2137005,2629.1698153460002,2,7,1,nwk_enqueue,10015,22,23
2137215,2629.3282953459998,8,7,1,nwk_nsdp_release,,75,74
2139832,2632.4068153459998,2,7,1,nwk_enqueue,10095,23,24
2139999,2632.5912953460002,8,7,1,nwk_nsdp_release,,74,73
2141977,2634.606293632,2,8,1,nwk_nsdp_release,,6,5
2141980,2634.606293632,2,7,1,nwk_nsdp_release,,24,23
2143675,2637.034815346,2,7,1,nwk_enqueue,10115,23,24
2143797,2637.1542953459998,8,7,1,nwk_nsdp_release,,73,72
2144942,2638.1658124420001,8,7,1,nwk_enqueue,12759,72,73
2146313,2639.6762936320001,2,7,1,nwk_nsdp_release,,24,23
2147363,2640.8462936320002,2,7,1,nwk_nsdp_release,,23,22
2147862,2641.4808124420001,8,7,1,nwk_enqueue,12798,73,74
2149791,2644.4560000279998,2,7,1,nwk_nsdp_release,,22,21
2151353,2646.5792936319999,2,2,1,nwk_nsdp_release,,16,15
2151401,2646.5799999999999,2,2,1,nwk_enqueue,13399,15,16
2151941,2647.1228124419999,8,7,1,nwk_enqueue,12815,74,75
2154045,2649.6968153460002,2,7,1,nwk_enqueue,10118,21,22
2154193,2649.829295346,8,7,1,nwk_nsdp_release,,75,74
2158569,2655.0032936319999,2,7,1,nwk_nsdp_release,,22,21
2158847,2655.3908153460002,2,8,1,nwk_enqueue,10729,5,6
2159033,2655.4712953459998,8,8,1,nwk_nsdp_release,,16,15
2159140,2655.48,8,8,1,nwk_enqueue,13448,15,16
2161849,2658.2768153460001,2,7,1,nwk_enqueue,10194,21,22
2162395,2659.004812442,8,7,1,nwk_enqueue,12863,74,75
2162764,2659.3842953459998,8,7,1,nwk_nsdp_release,,75,74
2164139,2660.6818153459999,2,7,1,nwk_enqueue,10213,22,23
2164289,2660.7752953459999,8,7,1,nwk_nsdp_release,,74,73
2166082,2662.5668124419999,8,7,1,nwk_enqueue,12905,73,74
2167511,2664.0512936320001,2,2,1,nwk_nsdp_release,,16,15
2167513,2664.0512936320001,2,7,1,nwk_nsdp_release,,23,22
2167563,2664.0599999999999,2,2,1,nwk_enqueue,13490,15,16
2170378,2667.3662936320002,2,2,1,nwk_nsdp_release,,16,15
2170434,2667.3800000000001,2,2,1,nwk_enqueue,13504,15,16
2170904,2667.9748124419998,8,7,1,nwk_enqueue,12924,74,75
2173216,2670.4578153460002,2,7,1,nwk_enqueue,10215,22,23
2173306,2670.5382953459998,8,7,1,nwk_nsdp_release,,75,74
2177338,2675.6862936319999,2,7,1,nwk_nsdp_release,,23,22
2180068,2679.7398124420001,8,7,1,nwk_enqueue,12968,74,75
2182031,2681.8198153459998,2,8,1,nwk_enqueue,10837,6,7
2182348,2682.2488153459999,2,7,1,nwk_enqueue,10296,22,23
2182471,2682.3162953460001,8,7,1,nwk_nsdp_release,,75,74
2182473,2682.3162953460001,8,8,1,nwk_nsdp_release,,16,15
2182580,2682.3200000000002,8,8,1,nwk_enqueue,13578,15,16
2183741,2683.3928124419999,8,7,1,nwk_enqueue,13027,74,75
2185904,2685.644293632,2,8,1,nwk_nsdp_release,,7,6
2186767,2686.5648153460002,2,7,1,nwk_enqueue,10320,23,24
2187099,2686.7752953459999,8,7,1,nwk_nsdp_release,,75,74
2189123,2688.7512936319999,2,8,1,nwk_nsdp_release,,6,5
2189731,2689.3492936319999,2,2,1,nwk_nsdp_release,,16,15
2189780,2689.3600000000001,2,2,1,nwk_enqueue,13616,15,16
2190490,2690.1292936320001,2,7,1,nwk_nsdp_release,,24,23
2190492,2690.1292936320001,2,7,1,nwk_nsdp_release,,23,22
2191253,2690.906812442,8,7,1,nwk_enqueue,13031,74,75
2192587,2692.427815346,2,7,1,nwk_enqueue,10326,22,23
2193018,2692.8592953460002,8,7,1,nwk_nsdp_release,,75,74
2196080,2696.5512936320001,2,2,1,nwk_nsdp_release,,16,15
2196130,2696.5599999999999,2,2,1,nwk_enqueue,13649,15,16
2199116,2700.5788124420001,8,7,1,nwk_enqueue,13082,74,75
2200791,2702.762815346,2,8,1,nwk_enqueue,10950,5,6
2201087,2703.233295346,8,8,1,nwk_nsdp_release,,16,15
2201195,2703.2399999999998,8,8,1,nwk_enqueue,13678,15,16
2201469,2703.5688153460001,2,7,1,nwk_enqueue,10407,23,24
2201626,2703.7662953459999,8,7,1,nwk_nsdp_release,,75,74
2201945,2704.1018124420002,8,7,1,nwk_enqueue,13138,74,75
2204601,2707.2218153459999,2,8,1,nwk_enqueue,10972,6,7
2204768,2707.4192953460001,8,8,1,nwk_nsdp_release,,16,15
2204876,2707.4200000000001,8,8,1,nwk_enqueue,13701,15,16
2205511,2708.1318153460002,2,7,1,nwk_enqueue,10433,24,25
2205880,2708.5372953460001,8,7,1,nwk_nsdp_release,,75,74
2208134,2710.747293632,2,7,1,nwk_nsdp_release,,25,24
2208770,2711.524812442,8,7,1,nwk_enqueue,13154,74,75
2209139,2711.9042936320002,2,7,1,nwk_nsdp_release,,24,23
2210396,2713.2018153459999,2,7,1,nwk_enqueue,10434,23,24
2210536,2713.3082953459998,8,7,1,nwk_nsdp_release,,75,74
2212455,2715.4662936320001,2,2,1,nwk_nsdp_release,,16,15
2212510,2715.48,2,2,1,nwk_enqueue,13744,15,16
2214400,2717.5332936320001,2,2,1,nwk_nsdp_release,,16,15
2214453,2717.54,2,2,1,nwk_enqueue,13756,15,16
2217617,2721.5088124419999,8,7,1,nwk_enqueue,13181,74,75
2220158,2724.5508124419998,8,7,1,nwk_enqueue,13243,75,76
2221979,2726.6828153460001,2,7,1,nwk_enqueue,10516,24,25
2222084,2726.789295346,8,7,1,nwk_nsdp_release,,76,75
2224306,2728.8538153459999,2,7,1,nwk_enqueue,10545,25,26
2224659,2729.2852953460001,8,7,1,nwk_nsdp_release,,75,74
2227058,2731.586293632,2,7,1,nwk_nsdp_release,,26,25
2227649,2732.0908124419998,8,7,1,nwk_enqueue,13262,74,75
2229233,2733.6768153459998,2,7,1,nwk_enqueue,10546,25,26
2229731,2734.2252953460002,8,7,1,nwk_nsdp_release,,75,74
2232283,2737.0332936320001,2,7,1,nwk_nsdp_release,,26,25
2232889,2737.6312936320001,2,2,1,nwk_nsdp_release,,16,15
2232942,2737.6399999999999,2,2,1,nwk_enqueue,13855,15,16
2233930,2738.6322936319998,2,2,1,nwk_nsdp_release,,16,15
2233984,2738.6399999999999,2,2,1,nwk_enqueue,13860,15,16
2236634,2742.3608124420002,8,7,1,nwk_enqueue,13292,74,75
2239055,2745.2208124419999,8,7,1,nwk_enqueue,13358,75,76
2242548,2749.5628153460002,2,7,1,nwk_enqueue,10616,25,26
2243146,2750.1738153460001,2,7,1,nwk_enqueue,10638,26,27
2243257,2750.2412953459998,8,7,1,nwk_nsdp_release,,76,75
2243259,2750.2412953459998,8,7,1,nwk_nsdp_release,,75,74
2245498,2752.3602936319999,2,8,1,nwk_nsdp_release,,7,6
2246191,2753.0858124420001,8,7,1,nwk_enqueue,13376,74,75
2246301,2753.1012936319999,2,7,1,nwk_nsdp_release,,27,26
2247782,2754.5938153460002,2,7,1,nwk_enqueue,10641,26,27
2248062,2754.8692953459999,8,7,1,nwk_nsdp_release,,75,74
2251163,2758.093293632,2,2,1,nwk_nsdp_release,,16,15
2251217,2758.0999999999999,2,2,1,nwk_enqueue,13971,15,16
2251657,2758.535293632,2,7,1,nwk_nsdp_release,,27,26
2252263,2759.2502936320002,2,7,1,nwk_nsdp_release,,26,25
2255308,2763.1738124419999,8,7,1,nwk_enqueue,13405,74,75
2257679,2765.7998124420001,8,7,1,nwk_enqueue,13465,75,76
2261795,2770.648815346,2,7,1,nwk_enqueue,10719,25,26
2262351,2771.1948153459998,2,7,1,nwk_enqueue,10747,26,27
2262835,2771.7302953459998,8,7,1,nwk_nsdp_release,,76,75
2262837,2771.7302953459998,8,7,1,nwk_nsdp_release,,75,74
2266103,2775.4328153460001,2,8,1,nwk_enqueue,11318,6,7
2266219,2775.5002953459998,8,8,1,nwk_nsdp_release,,16,15
2266330,2775.52,8,8,1,nwk_enqueue,14062,15,16
2266590,2775.7968153460001,2,7,1,nwk_enqueue,10751,27,28
2266897,2776.059295346,8,7,1,nwk_nsdp_release,,74,73
2268626,2777.7622936319999,2,2,1,nwk_nsdp_release,,16,15
2268693,2777.7800000000002,2,2,1,nwk_enqueue,14074,15,16
2269245,2778.435812442,8,7,1,nwk_enqueue,13484,73,74
2270423,2779.6082936319999,2,7,1,nwk_nsdp_release,,28,27
2271509,2780.479293632,2,2,1,nwk_nsdp_release,,16,15
2271569,2780.48,2,2,1,nwk_enqueue,14093,15,16
2272457,2781.4282936320001,2,8,1,nwk_nsdp_release,,7,6
2273314,2782.546293632,2,2,1,nwk_nsdp_release,,16,15
2273374,2782.5599999999999,2,2,1,nwk_enqueue,14107,15,16
2274105,2783.4432936319999,2,2,1,nwk_nsdp_release,,16,15
2274172,2783.46,2,2,1,nwk_enqueue,14113,15,16
2274645,2783.950293632,2,2,1,nwk_nsdp_release,,16,15
2274703,2783.96,2,2,1,nwk_enqueue,14116,15,16
2274857,2784.1558124419998,8,7,1,nwk_enqueue,13508,74,75
2278283,2787.6682936319999,2,7,1,nwk_nsdp_release,,27,26
2278285,2787.6682936319999,2,7,1,nwk_nsdp_release,,26,25
2278288,2787.6682936319999,2,7,1,nwk_nsdp_release,,25,24
2278291,2787.6682936319999,2,7,1,nwk_nsdp_release,,24,23
2278844,2788.240293632,2,7,1,nwk_nsdp_release,,23,22
2281085,2791.3082936320002,2,8,1,nwk_nsdp_release,,6,5
2282227,2792.4498153459999,2,7,1,nwk_enqueue,10827,22,23
2282338,2792.5692953460002,8,7,1,nwk_nsdp_release,,75,74
2282660,2792.7642936319999,2,7,1,nwk_nsdp_release,,23,22
2282898,2793.021815346,2,7,1,nwk_enqueue,10846,22,23
2283053,2793.1542953459998,8,7,1,nwk_nsdp_release,,74,73
2286721,2796.7162936320001,2,2,1,nwk_nsdp_release,,16,15
2286779,2796.7199999999998,2,2,1,nwk_enqueue,14182,15,16
2287006,2796.9608153459999,2,8,1,nwk_enqueue,11463,5,6
2287107,2797.028295346,8,8,1,nwk_nsdp_release,,16,15
2287214,2797.04,8,8,1,nwk_enqueue,14185,15,16
2289060,2798.8482936320001,2,7,1,nwk_nsdp_release,,23,22
2289868,2799.7818153459998,2,7,1,nwk_enqueue,10866,22,23
2290059,2799.9532953459998,8,7,1,nwk_nsdp_release,,73,72
2290215,2800.057293632,2,7,1,nwk_nsdp_release,,23,22
2294482,2805.0728124420002,8,7,1,nwk_enqueue,13585,72,73
2297534,2808.9492936319998,2,7,1,nwk_nsdp_release,,22,21
2297536,2808.9492936319998,2,2,1,nwk_nsdp_release,,16,15
2297592,2808.96,2,2,1,nwk_enqueue,14242,15,16
2298308,2809.7682936320002,2,8,1,nwk_nsdp_release,,6,5
2299278,2811.0032936319999,2,7,1,nwk_nsdp_release,,21,20
2300794,2812.9118153459999,2,7,1,nwk_enqueue,10938,20,21
2301193,2813.3432953460001,8,7,1,nwk_nsdp_release,,73,72
2301644,2813.8218153460002,2,7,1,nwk_enqueue,10960,21,22
2301751,2813.954295346,8,7,1,nwk_nsdp_release,,72,71
2304123,2816.3982936319999,2,7,1,nwk_nsdp_release,,22,21
2306829,2819.8538124420002,8,7,1,nwk_enqueue,13628,71,72
2307317,2820.1162936320002,2,2,1,nwk_nsdp_release,,16,15
2307372,2820.1199999999999,2,2,1,nwk_enqueue,14296,15,16
2308152,2820.805293632,2,2,1,nwk_nsdp_release,,16,15
2308210,2820.8200000000002,2,2,1,nwk_enqueue,14301,15,16
2311153,2824.4062936320001,2,8,1,nwk_nsdp_release,,5,4
2311156,2824.4062936320001,2,7,1,nwk_nsdp_release,,21,20
2311825,2825.1212936319998,2,7,1,nwk_nsdp_release,,20,19
2312297,2825.6282936319999,2,7,1,nwk_nsdp_release,,19,18
2313634,2827.2768153460001,2,7,1,nwk_enqueue,10977,18,19
2314053,2827.7342953460002,8,7,1,nwk_nsdp_release,,72,71
2314568,2828.160812442,8,7,1,nwk_enqueue,13666,71,72
2316777,2830.1262936319999,2,2,1,nwk_nsdp_release,,16,15
2316837,2830.1399999999999,2,2,1,nwk_enqueue,14351,15,16
2319826,2833.740293632,2,2,1,nwk_nsdp_release,,16,15
2319829,2833.740293632,2,7,1,nwk_nsdp_release,,19,18
2319886,2833.7600000000002,2,2,1,nwk_enqueue,14363,15,16
2320268,2834.166815346,2,7,1,nwk_enqueue,11045,18,19
2320469,2834.2732953459999,8,7,1,nwk_nsdp_release,,72,71
2322860,2836.7928153460002,2,7,1,nwk_enqueue,11068,19,20
2323031,2836.9772936320001,2,8,1,nwk_nsdp_release,,4,3
2323211,2837.068295346,8,7,1,nwk_nsdp_release,,71,70
2325284,2839.0702936319999,2,7,1,nwk_nsdp_release,,20,19
2325830,2839.7722936320001,2,8,1,nwk_nsdp_release,,3,2
2326501,2840.4872936319998,2,7,1,nwk_nsdp_release,,19,18
2326856,2840.8878124419998,8,7,1,nwk_enqueue,13687,70,71
2330496,2845.2842936319998,2,7,1,nwk_nsdp_release,,18,17
2331178,2845.999293632,2,2,1,nwk_nsdp_release,,16,15
2331225,2846,2,2,1,nwk_enqueue,14422,15,16
2331528,2846.363293632,2,2,1,nwk_nsdp_release,,16,15
2331579,2846.3800000000001,2,2,1,nwk_enqueue,14425,15,16
2332013,2846.9222936320002,2,7,1,nwk_nsdp_release,,17,16
2333206,2848.7918124419998,8,7,1,nwk_enqueue,13724,71,72
2338272,2854.8368153460001,2,7,1,nwk_enqueue,11085,16,17
2338380,2854.9172953460002,8,7,1,nwk_nsdp_release,,72,71
2342919,2859.9198153460002,2,7,1,nwk_enqueue,11167,17,18
2343345,2860.416295346,8,7,1,nwk_nsdp_release,,71,70
2344769,2861.8178124420001,8,7,1,nwk_enqueue,13777,70,71
2346093,2863.1072936320002,2,2,1,nwk_nsdp_release,,16,15
2346140,2863.1199999999999,2,2,1,nwk_enqueue,14513,15,16
2347339,2864.2772936319998,2,7,1,nwk_nsdp_release,,18,17
2347341,2864.2772936319998,2,7,1,nwk_nsdp_release,,17,16
2348875,2866.0972936319999,2,2,1,nwk_nsdp_release,,16,15
2348921,2866.0999999999999,2,2,1,nwk_enqueue,14525,15,16
2349561,2866.8772936320001,2,7,1,nwk_nsdp_release,,16,15
2350620,2867.8782936319999,2,2,1,nwk_nsdp_release,,16,15
2350622,2867.8782936319999,2,7,1,nwk_nsdp_release,,15,14
2350659,2867.8800000000001,2,2,1,nwk_enqueue,14537,15,16
2351188,2868.5258153459999,2,7,1,nwk_enqueue,11182,14,15
2351422,2868.7362953460001,8,7,1,nwk_nsdp_release,,71,70
2351573,2868.814293632,2,7,1,nwk_nsdp_release,,15,14
2352534,2869.6958124419998,8,7,1,nwk_enqueue,13792,70,71
2354123,2871.5288153460001,2,7,1,nwk_enqueue,11195,14,15
2354334,2871.6612953459999,8,7,1,nwk_nsdp_release,,71,70
2357012,2874.492815346,2,7,1,nwk_enqueue,11266,15,16
2357092,2874.5602953460002,8,7,1,nwk_nsdp_release,,70,69
2359610,2877.2488153459999,2,8,1,nwk_enqueue,11835,2,3
2359781,2877.472295346,8,8,1,nwk_nsdp_release,,16,15
2359882,2877.48,8,8,1,nwk_enqueue,14585,15,16
2360237,2877.8338153459999,2,7,1,nwk_enqueue,11280,16,17
2360643,2878.2238153459998,2,7,1,nwk_enqueue,11295,17,18
2360735,2878.291295346,8,7,1,nwk_nsdp_release,,69,68
2360737,2878.291295346,8,7,1,nwk_nsdp_release,,68,67
2363115,2880.6938153460001,2,7,1,nwk_enqueue,11376,18,19
2363240,2880.7612953460002,8,7,1,nwk_nsdp_release,,67,66
2365089,2882.812812442,8,7,1,nwk_enqueue,13830,66,67
2367345,2885.2722936320001,2,7,1,nwk_nsdp_release,,19,18
2369510,2888.0412936319999,2,7,1,nwk_nsdp_release,,18,17
2370315,2888.8602936319999,2,7,1,nwk_nsdp_release,,17,16
2370317,2888.8602936319999,2,8,1,nwk_nsdp_release,,3,2
2371390,2889.952293632,2,2,1,nwk_nsdp_release,,16,15
2371392,2889.952293632,2,2,1,nwk_nsdp_release,,15,14
2371438,2889.96,2,2,1,nwk_enqueue,14649,14,15
2371485,2889.98,2,2,1,nwk_enqueue,14650,15,16
2371959,2890.5088124419999,8,7,1,nwk_enqueue,13877,67,68
2374141,2892.9422936320002,2,2,1,nwk_nsdp_release,,16,15
2374183,2892.96,2,2,1,nwk_enqueue,14663,15,16
2378541,2898.8548153460001,2,7,1,nwk_enqueue,11385,16,17
2379192,2899.4788153459999,2,7,1,nwk_enqueue,11405,17,18
2379759,2899.9882953460001,8,7,1,nwk_nsdp_release,,68,67
2379761,2899.9882953460001,8,7,1,nwk_nsdp_release,,67,66
2382878,2903.5348124420002,8,7,1,nwk_enqueue,13893,66,67
2384620,2905.601815346,2,7,1,nwk_enqueue,11482,18,19
2384793,2905.695295346,8,7,1,nwk_nsdp_release,,67,66
2386823,2908.2172936319998,2,2,1,nwk_nsdp_release,,16,15
2386871,2908.2199999999998,2,2,1,nwk_enqueue,14728,15,16
2389444,2911.1162936320002,2,8,1,nwk_nsdp_release,,2,1
2389447,2911.1162936320002,2,2,1,nwk_nsdp_release,,16,15
2389505,2911.1199999999999,2,2,1,nwk_enqueue,14748,15,16
2389613,2911.243812442,8,7,1,nwk_enqueue,13944,66,67
2390401,2911.9352936320001,2,7,1,nwk_nsdp_release,,19,18
2390883,2912.481293632,2,2,1,nwk_nsdp_release,,16,15
2390923,2912.5,2,2,1,nwk_enqueue,14758,15,16
2391692,2913.2482936319998,2,7,1,nwk_nsdp_release,,18,17
2391694,2913.2482936319998,2,7,1,nwk_nsdp_release,,17,16
2392984,2914.834293632,2,2,1,nwk_nsdp_release,,16,15
2392986,2914.834293632,2,7,1,nwk_nsdp_release,,16,15
2393023,2914.8400000000001,2,2,1,nwk_enqueue,14773,15,16
2395759,2918.682293632,2,7,1,nwk_nsdp_release,,15,14
2397192,2920.6428153460001,2,7,1,nwk_enqueue,11494,14,15
2397600,2921.0222953460002,8,7,1,nwk_nsdp_release,,67,66
2397852,2921.3058153460001,2,7,1,nwk_enqueue,11517,15,16
2398548,2921.916815346,2,7,1,nwk_enqueue,11593,16,17
2398898,2922.3352953459998,8,7,1,nwk_nsdp_release,,66,65
2398900,2922.3352953459998,8,7,1,nwk_nsdp_release,,65,64
2399469,2922.735815346,2,7,1,nwk_enqueue,11604,17,18
2400086,2923.414295346,8,7,1,nwk_nsdp_release,,64,63
2401324,2924.4518124420001,8,7,1,nwk_enqueue,14002,63,64
2403196,2926.2328153459998,2,8,1,nwk_enqueue,12200,1,2
2403318,2926.3392953460002,8,8,1,nwk_nsdp_release,,16,15
2403415,2926.3400000000001,8,8,1,nwk_enqueue,14834,15,16
2404066,2926.9608153459999,2,8,1,nwk_enqueue,12204,2,3
2404410,2927.262295346,8,8,1,nwk_nsdp_release,,16,15
2404510,2927.2800000000002,8,8,1,nwk_enqueue,14840,15,16
2404891,2927.7278153460002,2,7,1,nwk_enqueue,11628,18,19
2405057,2927.9122953460001,8,7,1,nwk_nsdp_release,,64,63
2408151,2932.1218124420002,8,7,1,nwk_enqueue,14012,63,64
2409385,2933.385293632,2,2,1,nwk_nsdp_release,,16,15
2409437,2933.4000000000001,2,2,1,nwk_enqueue,14868,15,16
2410311,2934.2952936319998,2,7,1,nwk_nsdp_release,,19,18
2410945,2935.2052936320001,2,2,1,nwk_nsdp_release,,16,15
2410988,2935.2199999999998,2,2,1,nwk_enqueue,14877,15,16
2412233,2936.557293632,2,2,1,nwk_nsdp_release,,16,15
2412274,2936.5599999999999,2,2,1,nwk_enqueue,14888,15,16
2412809,2937.2722936320001,2,2,1,nwk_nsdp_release,,16,15
2412851,2937.2800000000002,2,2,1,nwk_enqueue,14891,15,16
2415234,2940.5612936319999,2,7,1,nwk_nsdp_release,,18,17
2416801,2942.8338153459999,2,7,1,nwk_enqueue,11705,17,18
2416918,2942.9402953459999,8,7,1,nwk_nsdp_release,,64,63
2417679,2943.7698153460001,2,7,1,nwk_enqueue,11714,18,19
2417867,2944.0062953460001,8,7,1,nwk_nsdp_release,,63,62
2421164,2947.3968124419998,8,7,1,nwk_enqueue,14083,62,63
2423012,2949.4248153459998,2,8,1,nwk_enqueue,12351,3,4
2423235,2949.713295346,8,8,1,nwk_nsdp_release,,16,15
2423334,2949.7199999999998,8,8,1,nwk_enqueue,14945,15,16
2423619,2950.1138153460001,2,7,1,nwk_enqueue,11744,19,20
2423875,2950.311295346,8,7,1,nwk_nsdp_release,,63,62
2426619,2953.1688124420002,8,7,1,nwk_enqueue,14121,62,63
2428695,2955.0432936319999,2,2,1,nwk_nsdp_release,,16,15
2428746,2955.0599999999999,2,2,1,nwk_enqueue,14976,15,16
2429526,2955.8492936319999,2,2,1,nwk_nsdp_release,,16,15
2429572,2955.8600000000001,2,2,1,nwk_enqueue,14980,15,16
2430664,2957.162293632,2,7,1,nwk_nsdp_release,,20,19
2431761,2958.5272936319998,2,7,1,nwk_nsdp_release,,19,18
2432362,2959.1252936320002,2,2,1,nwk_nsdp_release,,16,15
2432416,2959.1399999999999,2,2,1,nwk_enqueue,14998,15,16
2433248,2960.4252936319999,2,7,1,nwk_nsdp_release,,18,17
2436163,2964.6738153460001,2,7,1,nwk_enqueue,11813,17,18
2436624,2965.2872953460001,8,7,1,nwk_nsdp_release,,63,62
2437015,2965.713815346,2,7,1,nwk_enqueue,11799,18,19
2437128,2965.8462953459998,8,7,1,nwk_nsdp_release,,62,61
2440635,2970.3678124419998,8,7,1,nwk_enqueue,14170,61,62
2442469,2972.2788153460001,2,7,1,nwk_enqueue,11847,19,20
2442702,2972.5932953460001,8,7,1,nwk_nsdp_release,,62,61
2444065,2973.9428124420001,8,7,1,nwk_enqueue,14227,61,62
2445812,2975.700293632,2,2,1,nwk_nsdp_release,,16,15
2445862,2975.7199999999998,2,2,1,nwk_enqueue,15073,15,16
2446326,2976.220293632,2,2,1,nwk_nsdp_release,,16,15
2446375,2976.2399999999998,2,2,1,nwk_enqueue,15077,15,16
2447752,2977.8192936320002,2,7,1,nwk_nsdp_release,,20,19
2449613,2980.1462936319999,2,7,1,nwk_nsdp_release,,19,18
2450386,2980.9782936319998,2,7,1,nwk_nsdp_release,,18,17
2450979,2981.6672936320001,2,8,1,nwk_nsdp_release,,4,3
2451436,2982.2262936319999,2,7,1,nwk_nsdp_release,,17,16
2453750,2985.811815346,2,7,1,nwk_enqueue,11911,16,17
2453987,2985.9442953460002,8,7,1,nwk_nsdp_release,,62,61
2454350,2986.396815346,2,7,1,nwk_enqueue,11929,17,18
2454568,2986.6592953459999,8,7,1,nwk_nsdp_release,,61,60
2457635,2991.2328124420001,8,7,1,nwk_enqueue,14298,60,61
2459458,2993.2608153460001,2,8,1,nwk_enqueue,12563,3,4
2459786,2993.7052953460002,8,8,1,nwk_nsdp_release,,16,15
2459886,2993.7199999999998,8,8,1,nwk_enqueue,15158,15,16
2460231,2994.157815346,2,7,1,nwk_enqueue,11965,18,19
2460466,2994.394295346,8,7,1,nwk_nsdp_release,,61,60
2462642,2996.8902936320001,2,7,1,nwk_nsdp_release,,19,18
2464975,2999.789293632,2,2,1,nwk_nsdp_release,,16,15
2464977,2999.789293632,2,7,1,nwk_nsdp_release,,18,17
2465019,2999.8000000000002,2,2,1,nwk_enqueue,15191,15,16
2466110,3000.9982936319998,2,2,1,nwk_nsdp_release,,16,15
2466112,3000.9982936319998,2,2,1,nwk_nsdp_release,,15,14
2466154,3001,2,2,1,nwk_enqueue,15199,14,15
2466203,3001.02,2,2,1,nwk_enqueue,15200,15,16
2466746,3001.6742936320002,2,7,1,nwk_nsdp_release,,17,16
2467747,3002.8962936319999,2,7,1,nwk_nsdp_release,,16,15
2469956,3006.4818153460001,2,7,1,nwk_enqueue,12029,15,16
2470360,3007.014815346,2,7,1,nwk_enqueue,12044,16,17
2470448,3007.108295346,8,7,1,nwk_nsdp_release,,60,59
2470450,3007.108295346,8,7,1,nwk_nsdp_release,,59,58
2471070,3007.677815346,2,7,1,nwk_enqueue,12074,17,18
2471401,3008.135295346,8,7,1,nwk_nsdp_release,,58,57
2474224,3011.993812442,8,7,1,nwk_enqueue,14399,57,58
2477902,3017.3238153460002,2,7,1,nwk_enqueue,12127,18,19
2478162,3017.5082953460001,8,7,1,nwk_nsdp_release,,58,57
2479854,3019.7702936320002,2,7,1,nwk_nsdp_release,,19,18
2480478,3020.394293632,2,2,1,nwk_nsdp_release,,16,15
2480521,3020.4000000000001,2,2,1,nwk_enqueue,15294,15,16
2482580,3023.2542936320001,2,7,1,nwk_nsdp_release,,18,17
2483013,3023.8132936319998,2,7,1,nwk_nsdp_release,,17,16
2483570,3024.528293632,2,2,1,nwk_nsdp_release,,16,15
2483610,3024.54,2,2,1,nwk_enqueue,15316,15,16
2484280,3025.4382936319998,2,2,1,nwk_nsdp_release,,16,15
2484321,3025.4400000000001,2,2,1,nwk_enqueue,15323,15,16
2485944,3027.6588153460002,2,8,1,nwk_enqueue,12727,4,5
2486254,3028.012295346,8,8,1,nwk_nsdp_release,,16,15
2486344,3028.02,8,8,1,nwk_enqueue,15338,15,16
2487095,3028.7378153459999,2,8,1,nwk_enqueue,12731,5,6
2487578,3029.1148153459999,2,7,1,nwk_enqueue,12166,16,17
2487628,3029.1260000279999,2,2,1,nwk_nsdp_release,,16,15
2487675,3029.1399999999999,2,2,1,nwk_enqueue,15345,15,16
2487755,3029.2082953459999,8,7,1,nwk_nsdp_release,,57,56
2487757,3029.2082953459999,8,8,1,nwk_nsdp_release,,16,15
2487846,3029.2199999999998,8,8,1,nwk_enqueue,15346,15,16
2488294,3029.829815346,2,7,1,nwk_enqueue,12191,17,18
2488400,3029.9102953460001,8,7,1,nwk_nsdp_release,,56,55
2490622,3032.9368124419998,8,7,1,nwk_enqueue,14438,55,56
2493589,3037.9418153460001,2,7,1,nwk_enqueue,12240,18,19
2493870,3038.3862953460002,8,7,1,nwk_nsdp_release,,56,55
2495857,3040.7392936320002,2,7,1,nwk_nsdp_release,,19,18
2497652,3042.845293632,2,7,1,nwk_nsdp_release,,18,17
2498760,3044.0412936319999,2,8,1,nwk_nsdp_release,,6,5
2501116,3047.3172936320002,2,7,1,nwk_nsdp_release,,17,16
2501118,3047.3172936320002,2,8,1,nwk_nsdp_release,,5,4
2501819,3048.2142936320001,2,2,1,nwk_nsdp_release,,16,15
2501821,3048.2142936320001,2,2,1,nwk_nsdp_release,,15,14
2501861,3048.2199999999998,2,2,1,nwk_enqueue,15450,14,15
2501906,3048.2399999999998,2,2,1,nwk_enqueue,15451,15,16
2502627,3049.1632936320002,2,2,1,nwk_nsdp_release,,16,15
2502672,3049.1799999999998,2,2,1,nwk_enqueue,15460,15,16
2502950,3049.4988153459999,2,7,1,nwk_enqueue,12295,16,17
2503461,3050.0342953459999,8,7,1,nwk_nsdp_release,,55,54
2503907,3050.590815346,2,7,1,nwk_enqueue,12334,17,18
2504071,3050.762295346,8,7,1,nwk_nsdp_release,,54,53
2506364,3054.1138124419999,8,7,1,nwk_enqueue,14509,53,54
2509727,3058.715815346,2,7,1,nwk_enqueue,12367,18,19
2509998,3059.0432953459999,8,7,1,nwk_nsdp_release,,54,53
2512067,3061.4482936320001,2,2,1,nwk_nsdp_release,,16,15
2512112,3061.46,2,2,1,nwk_enqueue,15518,15,16
2514208,3064.0222936320001,2,7,1,nwk_nsdp_release,,19,18
2517231,3068.1302936319998,2,7,1,nwk_nsdp_release,,18,17
2518554,3069.9762936319999,2,2,1,nwk_nsdp_release,,16,15
2518595,3069.98,2,2,1,nwk_enqueue,15555,15,16
2519050,3070.467815346,2,8,1,nwk_enqueue,12955,4,5
2519147,3070.5742953459999,8,8,1,nwk_nsdp_release,,16,15
2519233,3070.5799999999999,8,8,1,nwk_enqueue,15564,15,16
2519923,3071.2868153459999,2,7,1,nwk_enqueue,12394,17,18
2520281,3071.7418153459998,2,7,1,nwk_enqueue,12441,18,19
2520372,3071.8482953460002,8,7,1,nwk_nsdp_release,,53,52
2520374,3071.8482953460002,8,7,1,nwk_nsdp_release,,52,51
2522440,3074.526293632,2,7,1,nwk_nsdp_release,,19,18
2522791,3075.082812442,8,7,1,nwk_enqueue,14547,51,52
2525682,3079.5790000279999,2,8,1,nwk_nsdp_release,,5,4
2525752,3079.6458153459998,2,7,1,nwk_enqueue,12473,18,19
2526007,3080.0382953459998,8,7,1,nwk_nsdp_release,,52,51
2528241,3082.4042936320002,2,2,1,nwk_nsdp_release,,16,15
2528288,3082.4200000000001,2,2,1,nwk_enqueue,15625,15,16
2530334,3084.939293632,2,2,1,nwk_nsdp_release,,16,15
2530379,3084.9400000000001,2,2,1,nwk_enqueue,15638,15,16
2533325,3088.7742936320001,2,7,1,nwk_nsdp_release,,19,18
2536420,3092.5158153460002,2,8,1,nwk_enqueue,13073,4,5
2536598,3092.7522953460002,8,8,1,nwk_nsdp_release,,16,15
2536681,3092.7600000000002,8,8,1,nwk_enqueue,15673,15,16
2537085,3093.0748153459999,2,7,1,nwk_enqueue,12501,18,19
2537305,3093.3632953460001,8,7,1,nwk_nsdp_release,,51,50
2537585,3093.7118153460001,2,7,1,nwk_enqueue,12552,19,20
2537709,3093.8052953460001,8,7,1,nwk_nsdp_release,,50,49
2539655,3095.9372936320001,2,7,1,nwk_nsdp_release,,20,19
2539657,3095.9372936320001,2,7,1,nwk_nsdp_release,,19,18
2541126,3098.0408124420001,8,7,1,nwk_enqueue,14614,49,50
2543448,3100.7058153459998,2,7,1,nwk_enqueue,12598,18,19
2543967,3101.2672953460001,8,7,1,nwk_nsdp_release,,50,49
2545573,3102.970293632,2,2,1,nwk_nsdp_release,,16,15
2545619,3102.98,2,2,1,nwk_enqueue,15728,15,16
2547728,3105.5312936320001,2,2,1,nwk_nsdp_release,,16,15
2547774,3105.54,2,2,1,nwk_enqueue,15738,15,16
2552420,3113.6538153460001,2,7,1,nwk_enqueue,12617,19,20
2552667,3113.8772953460002,8,7,1,nwk_nsdp_release,,49,48
2553184,3114.2388153460001,2,7,1,nwk_enqueue,12657,20,21
2553411,3114.5402953460002,8,7,1,nwk_nsdp_release,,48,47
2555617,3117.1402936320001,2,8,1,nwk_nsdp_release,,5,4
2555620,3117.1402936320001,2,7,1,nwk_nsdp_release,,21,20
2555622,3117.1402936320001,2,7,1,nwk_nsdp_release,,20,19
2556131,3117.7902936320002,2,7,1,nwk_nsdp_release,,19,18
2557094,3119.1918124419999,8,7,1,nwk_enqueue,14655,47,48
2559107,3121.9738153459998,2,7,1,nwk_enqueue,12698,18,19
2559414,3122.2752953459999,8,7,1,nwk_nsdp_release,,48,47
2561359,3124.7842936319998,2,2,1,nwk_nsdp_release,,16,15
2561407,3124.8000000000002,2,2,1,nwk_enqueue,15844,15,16
2564004,3128.9442936320002,2,2,1,nwk_nsdp_release,,16,15
2564050,3128.96,2,2,1,nwk_enqueue,15863,15,16
2567530,3134.1548153459999,2,7,1,nwk_enqueue,12715,19,20
2568316,3134.807295346,8,7,1,nwk_nsdp_release,,47,46
2568703,3135.1818153459999,2,8,1,nwk_enqueue,13306,4,5
2568799,3135.2492953460001,8,8,1,nwk_nsdp_release,,16,15
2568878,3135.2600000000002,8,8,1,nwk_enqueue,15900,15,16
2569102,3135.532815346,2,7,1,nwk_enqueue,12759,20,21
2569540,3135.8342953460001,8,7,1,nwk_nsdp_release,,46,45
2572454,3138.9932936320001,2,7,1,nwk_nsdp_release,,21,20
2572456,3138.9932936320001,2,2,1,nwk_nsdp_release,,16,15
2572503,3139,2,2,1,nwk_enqueue,15922,15,16
2573687,3140.589812442,8,7,1,nwk_enqueue,14711,45,46
2576935,3145.6338153460001,2,7,1,nwk_enqueue,12798,20,21
2577025,3145.7142953460002,8,7,1,nwk_nsdp_release,,46,45
2577143,3145.7922936320001,2,7,1,nwk_nsdp_release,,21,20
2582996,3153.7222936319999,2,7,1,nwk_nsdp_release,,20,19
2585300,3156.3328153460002,2,8,1,nwk_enqueue,13448,5,6
2585414,3156.4262953460002,8,8,1,nwk_nsdp_release,,16,15
2585496,3156.4400000000001,8,8,1,nwk_enqueue,16008,15,16
2586167,3157.1128153459999,2,7,1,nwk_enqueue,12863,19,20
2586587,3157.6222953460001,8,7,1,nwk_nsdp_release,,45,44
2589476,3160.9762936319999,2,2,1,nwk_nsdp_release,,16,15
2589478,3160.9762936319999,2,2,1,nwk_nsdp_release,,15,14
2589480,3160.9762936319999,2,7,1,nwk_nsdp_release,,20,19
2589526,3160.98,2,2,1,nwk_enqueue,16029,14,15
2589577,3161,2,2,1,nwk_enqueue,16030,15,16
2590397,3161.9748124419998,8,7,1,nwk_enqueue,14753,44,45
2591612,3163.390000028,8,7,1,nwk_nsdp_release,,45,44
2593930,3166.329815346,2,7,1,nwk_enqueue,12905,19,20
2594137,3166.501295346,8,7,1,nwk_nsdp_release,,44,43
2596258,3168.776293632,2,2,1,nwk_nsdp_release,,16,15
2596306,3168.7800000000002,2,2,1,nwk_enqueue,16072,15,16
2602851,3178.0428153460002,2,7,1,nwk_enqueue,12924,20,21
2602985,3178.1102953459999,8,7,1,nwk_nsdp_release,,43,42
2606151,3181.6462936319999,2,8,1,nwk_nsdp_release,,6,5
2606634,3182.231293632,2,8,1,nwk_nsdp_release,,5,4
2607013,3182.5692936320002,2,7,1,nwk_nsdp_release,,21,20
2607223,3182.8138124420002,8,7,1,nwk_enqueue,14825,42,43
2608174,3183.7262936319999,2,7,1,nwk_nsdp_release,,20,19
2609542,3185.325293632,2,2,1,nwk_nsdp_release,,16,15
2609589,3185.3400000000001,2,2,1,nwk_enqueue,16160,15,16
2610811,3186.7788153460001,2,7,1,nwk_enqueue,12968,19,20
2610966,3186.9372953460002,8,7,1,nwk_nsdp_release,,43,42
2615642,3192.7742936320001,2,7,1,nwk_nsdp_release,,20,19
2617520,3195.4132936320002,2,2,1,nwk_nsdp_release,,16,15
2617565,3195.4200000000001,2,2,1,nwk_enqueue,16210,15,16
2619939,3198.4008153459999,2,8,1,nwk_enqueue,13578,4,5
2620301,3198.7542953460002,8,8,1,nwk_nsdp_release,,16,15
2620376,3198.7600000000002,8,8,1,nwk_enqueue,16230,15,16
2622758,3201.8068153459999,2,7,1,nwk_enqueue,13027,19,20
2622923,3202.030295346,8,7,1,nwk_nsdp_release,,42,41
2624933,3204.120812442,8,7,1,nwk_enqueue,14864,41,42
2625096,3204.240293632,2,2,1,nwk_nsdp_release,,16,15
2625146,3204.2600000000002,2,2,1,nwk_enqueue,16257,15,16
2626080,3205.410293632,2,2,1,nwk_nsdp_release,,16,15
2626126,3205.4200000000001,2,2,1,nwk_enqueue,16265,15,16
2627936,3207.4228153459999,2,7,1,nwk_enqueue,13031,20,21
2628121,3207.6592953459999,8,7,1,nwk_nsdp_release,,42,41
2629969,3209.9602936319998,2,7,1,nwk_nsdp_release,,21,20
2633925,3215.9272936319999,2,7,1,nwk_nsdp_release,,20,19
2633927,3215.9272936319999,2,7,1,nwk_nsdp_release,,19,18
2638134,3222.541815346,2,7,1,nwk_enqueue,13082,18,19
2638266,3222.6612953459999,8,7,1,nwk_nsdp_release,,41,40
2640998,3225.3262936320002,2,2,1,nwk_nsdp_release,,16,15
2641045,3225.3400000000001,2,2,1,nwk_enqueue,16359,15,16
2641176,3225.4278124419998,8,7,1,nwk_enqueue,14937,40,41
2641668,3225.8202936319999,2,2,1,nwk_nsdp_release,,16,15
2641720,3225.8400000000001,2,2,1,nwk_enqueue,16365,15,16
2643849,3228.313815346,2,8,1,nwk_enqueue,13678,5,6
2643987,3228.4202953459999,8,8,1,nwk_nsdp_release,,16,15
2644067,3228.4400000000001,8,8,1,nwk_enqueue,16379,15,16
2645892,3230.604293632,2,8,1,nwk_nsdp_release,,6,5
2646752,3231.563815346,2,7,1,nwk_enqueue,13138,19,20
2646921,3231.800295346,8,7,1,nwk_nsdp_release,,41,40
2649368,3234.3872936319999,2,7,1,nwk_nsdp_release,,20,19
2651078,3236.441293632,2,7,1,nwk_nsdp_release,,19,18
2651470,3236.8962936319999,2,7,1,nwk_nsdp_release,,18,17
2655708,3243.0558153460001,2,8,1,nwk_enqueue,13701,5,6
2655844,3243.240295346,8,8,1,nwk_nsdp_release,,16,15
2655920,3243.2600000000002,8,8,1,nwk_enqueue,16438,15,16
2656167,3243.588815346,2,7,1,nwk_enqueue,13154,17,18
2656337,3243.760295346,8,7,1,nwk_nsdp_release,,40,39
2658950,3246.3992936320001,2,2,1,nwk_nsdp_release,,16,15
2658995,3246.4000000000001,2,2,1,nwk_enqueue,16454,15,16
2659374,3246.7608124419999,8,7,1,nwk_enqueue,14967,39,40
2661085,3248.7652936320001,2,2,1,nwk_nsdp_release,,16,15
2661133,3248.7800000000002,2,2,1,nwk_enqueue,16465,15,16
2663498,3252.3508153460002,2,7,1,nwk_enqueue,13181,18,19
2663736,3252.626295346,8,7,1,nwk_nsdp_release,,40,39
2665614,3255.1742936320002,2,8,1,nwk_nsdp_release,,6,5
2666223,3255.8762936319999,2,7,1,nwk_nsdp_release,,19,18
2667858,3257.9172936320001,2,7,1,nwk_nsdp_release,,18,17
2671008,3261.9732936320001,2,7,1,nwk_nsdp_release,,17,16
2673952,3266.2608153460001,2,7,1,nwk_enqueue,13243,16,17
2674041,3266.3542953460001,8,7,1,nwk_nsdp_release,,39,38
2675605,3267.901293632,2,2,1,nwk_nsdp_release,,16,15
2675654,3267.9200000000001,2,2,1,nwk_enqueue,16544,15,16
2677301,3270.225812442,8,7,1,nwk_enqueue,15049,38,39
2678748,3271.9312936319998,2,2,1,nwk_nsdp_release,,16,15
2678792,3271.9400000000001,2,2,1,nwk_enqueue,16560,15,16
2679580,3272.9428153459999,2,7,1,nwk_enqueue,13262,17,18
2679962,3273.309295346,8,7,1,nwk_nsdp_release,,39,38
2684227,3278.7562936320001,2,7,1,nwk_nsdp_release,,18,17
2684229,3278.7562936320001,2,7,1,nwk_nsdp_release,,17,16
2689613,3286.9958153460002,2,7,1,nwk_enqueue,13292,16,17
2689768,3287.1412953459999,8,7,1,nwk_nsdp_release,,38,37
2691702,3289.5722936319999,2,7,1,nwk_nsdp_release,,17,16
2692749,3291.0388124420001,8,7,1,nwk_enqueue,15067,37,38
2694405,3293.1082936319999,2,2,1,nwk_nsdp_release,,16,15
2694448,3293.1199999999999,2,2,1,nwk_enqueue,16651,15,16
2695069,3293.7168153460002,2,7,1,nwk_enqueue,13358,16,17
2695169,3293.7972953459998,8,7,1,nwk_nsdp_release,,38,37
2699344,3299.4262936320001,2,2,1,nwk_nsdp_release,,16,15
2699389,3299.4400000000001,2,2,1,nwk_enqueue,16680,15,16
2699797,3299.9332936320002,2,7,1,nwk_nsdp_release,,17,16
2702294,3302.7412936320002,2,8,1,nwk_nsdp_release,,5,4
2705093,3306.4462936320001,2,7,1,nwk_nsdp_release,,16,15
2706032,3307.6788153460002,2,7,1,nwk_enqueue,13376,15,16
2706734,3308.5652953459999,8,7,1,nwk_nsdp_release,,37,36
2707350,3309.2908153459998,2,7,1,nwk_enqueue,13405,16,17
2707594,3309.5272953459998,8,7,1,nwk_nsdp_release,,36,35
2709692,3311.7998124420001,8,7,1,nwk_enqueue,15148,35,36
2710873,3312.9982936319998,2,2,1,nwk_nsdp_release,,16,15
2710916,3313,2,2,1,nwk_enqueue,16747,15,16
2712118,3314.139815346,2,7,1,nwk_enqueue,13465,17,18
2712508,3314.4672936319998,2,7,1,nwk_nsdp_release,,18,17
2712672,3314.5452953459999,8,7,1,nwk_nsdp_release,,36,35
2717720,3320.4602936319998,2,8,1,nwk_nsdp_release,,4,3
2720695,3324.1262936319999,2,2,1,nwk_nsdp_release,,16,15
2720748,3324.1399999999999,2,2,1,nwk_enqueue,16806,15,16
2722275,3325.9982936319998,2,7,1,nwk_nsdp_release,,17,16
2723310,3327.1552936319999,2,2,1,nwk_nsdp_release,,16,15
2723351,3327.1599999999999,2,2,1,nwk_enqueue,16822,15,16
2725624,3330.1428153460001,2,8,1,nwk_enqueue,14062,3,4
2725934,3330.5222953460002,8,8,1,nwk_nsdp_release,,16,15
2726006,3330.54,8,8,1,nwk_enqueue,16839,15,16
2726442,3330.9228153459999,2,7,1,nwk_enqueue,13484,16,17
2726733,3331.1852953460002,8,7,1,nwk_nsdp_release,,35,34
2727851,3332.6258124420001,8,7,1,nwk_enqueue,15212,34,35
2729649,3334.4222936320002,2,7,1,nwk_nsdp_release,,17,16
2730197,3334.981293632,2,2,1,nwk_nsdp_release,,16,15
2730241,3335,2,2,1,nwk_enqueue,16860,15,16
2730619,3335.3558153459999,2,7,1,nwk_enqueue,13508,16,17
2731263,3336.0082953460001,8,7,1,nwk_nsdp_release,,35,34
2738510,3345.4982936319998,2,7,1,nwk_nsdp_release,,17,16
2740456,3347.903293632,2,2,1,nwk_nsdp_release,,16,15
2740500,3347.9200000000001,2,2,1,nwk_enqueue,16923,15,16
2743387,3351.735815346,2,8,1,nwk_enqueue,14185,4,5
2743743,3352.193295346,8,8,1,nwk_nsdp_release,,16,15
2743810,3352.1999999999998,8,8,1,nwk_enqueue,16943,15,16
2744166,3352.541815346,2,7,1,nwk_enqueue,13585,16,17
2744573,3352.8302953460002,8,7,1,nwk_nsdp_release,,34,33
2745136,3353.399812442,8,7,1,nwk_enqueue,15256,33,34
2748655,3357.0682936319999,2,2,1,nwk_nsdp_release,,16,15
2748698,3357.0799999999999,2,2,1,nwk_enqueue,16971,15,16
2749532,3358.1082936319999,2,7,1,nwk_nsdp_release,,17,16
2749850,3358.3918153459999,2,7,1,nwk_enqueue,13628,16,17
2750110,3358.6412953459999,8,7,1,nwk_nsdp_release,,34,33
2756789,3367.1432936320002,2,8,1,nwk_nsdp_release,,5,4
2757171,3367.6502936319998,2,7,1,nwk_nsdp_release,,17,16
2757849,3368.287293632,2,2,1,nwk_nsdp_release,,16,15
2757897,3368.3000000000002,2,2,1,nwk_enqueue,17022,15,16
2758297,3368.872293632,2,2,1,nwk_nsdp_release,,16,15
2758338,3368.8800000000001,2,2,1,nwk_enqueue,17026,15,16
2760487,3371.7062936319999,2,7,1,nwk_nsdp_release,,16,15
2762012,3373.367815346,2,7,1,nwk_enqueue,13666,15,16
2762182,3373.5782953459998,8,7,1,nwk_nsdp_release,,33,32
2763353,3374.7978124420001,8,7,1,nwk_enqueue,15368,32,33
2765330,3377.072815346,2,7,1,nwk_enqueue,13687,16,17
2765615,3377.4262953460002,8,7,1,nwk_nsdp_release,,33,32
2767259,3379.1788153460002,2,7,1,nwk_enqueue,13724,17,18
2767340,3379.2462953459999,8,7,1,nwk_nsdp_release,,32,31
2767453,3379.3372936320002,2,7,1,nwk_nsdp_release,,18,17
2769020,3380.9752936320001,2,2,1,nwk_nsdp_release,,16,15
2769070,3380.98,2,2,1,nwk_enqueue,17089,15,16
2769607,3381.7032936320002,2,2,1,nwk_nsdp_release,,16,15
2769747,3381.7199999999998,2,2,1,nwk_enqueue,17094,15,16
2771986,3384.7842936319998,2,8,1,nwk_nsdp_release,,4,3
2772481,3385.2912936319999,2,7,1,nwk_nsdp_release,,17,16
2772908,3385.8892936319999,2,8,1,nwk_nsdp_release,,3,2
2773634,3386.5782936320002,2,7,1,nwk_nsdp_release,,16,15
2775002,3388.372293632,2,2,1,nwk_nsdp_release,,16,15
2775041,3388.3800000000001,2,2,1,nwk_enqueue,17126,15,16
2776316,3389.8022936319999,2,2,1,nwk_nsdp_release,,16,15
2776357,3389.8200000000002,2,2,1,nwk_enqueue,17135,15,16
2778806,3392.7142936320001,2,7,1,nwk_nsdp_release,,15,14
2781211,3395.935812442,8,7,1,nwk_enqueue,15487,31,32
2783402,3398.3148153460002,2,7,1,nwk_enqueue,13777,14,15
2783677,3398.7202953460001,8,7,1,nwk_nsdp_release,,32,31
2784444,3399.4588153459999,2,7,1,nwk_enqueue,13792,15,16
2784701,3399.7188153460002,2,8,1,nwk_enqueue,14585,2,3
2784924,3400.0072953459999,8,8,1,nwk_nsdp_release,,16,15
2784927,3400.0072953459999,8,7,1,nwk_nsdp_release,,31,30
2785002,3400.02,8,8,1,nwk_enqueue,17182,15,16
2785203,3400.3038153460002,2,7,1,nwk_enqueue,13830,16,17
2785565,3400.6962953460002,8,7,1,nwk_nsdp_release,,30,29
2785858,3400.992815346,2,7,1,nwk_enqueue,13877,17,18
2785947,3401.086295346,8,7,1,nwk_nsdp_release,,29,28
2786164,3401.4348153460001,2,7,1,nwk_enqueue,13893,18,19
2786324,3401.6322953459999,8,7,1,nwk_nsdp_release,,28,27
2787947,3403.6212936319998,2,7,1,nwk_nsdp_release,,19,18
2789937,3406.1952936319999,2,2,1,nwk_nsdp_release,,16,15
2789980,3406.1999999999998,2,2,1,nwk_enqueue,17216,15,16
2792346,3409.5232936319999,2,2,1,nwk_nsdp_release,,16,15
2792390,3409.54,2,2,1,nwk_enqueue,17231,15,16
2793453,3411.2262936319999,2,7,1,nwk_nsdp_release,,18,17
2796361,3415.035293632,2,7,1,nwk_nsdp_release,,17,16
2796919,3415.7242936319999,2,2,1,nwk_nsdp_release,,16,15
2796962,3415.7399999999998,2,2,1,nwk_enqueue,17262,15,16
2798000,3417.0218124419998,8,7,1,nwk_enqueue,15587,27,28
2801731,3421.7668153459999,2,7,1,nwk_enqueue,14002,16,17
2801982,3422.003295346,8,7,1,nwk_nsdp_release,,28,27
2802363,3422.5208153459998,2,8,1,nwk_enqueue,14834,3,4
2802694,3422.8482953460002,8,8,1,nwk_nsdp_release,,16,15
2802753,3422.8600000000001,8,8,1,nwk_enqueue,17294,15,16
2803142,3423.300815346,2,8,1,nwk_enqueue,14840,4,5
2803243,3423.4332953459998,8,8,1,nwk_nsdp_release,,16,15
2803302,3423.4400000000001,8,8,1,nwk_enqueue,17297,15,16
2803901,3423.8858153460001,2,7,1,nwk_enqueue,13944,17,18
2804088,3424.1328153459999,2,7,1,nwk_enqueue,14012,18,19
2804354,3424.4732953460002,8,7,1,nwk_nsdp_release,,27,26
2804356,3424.4732953460002,8,7,1,nwk_nsdp_release,,26,25
2806467,3426.7352936319999,2,7,1,nwk_nsdp_release,,19,18
2808071,3428.9842936320001,2,2,1,nwk_nsdp_release,,16,15
2808118,3429,2,2,1,nwk_enqueue,17328,15,16
2810653,3432.4292936319998,2,7,1,nwk_nsdp_release,,18,17
2814364,3438.2248124419998,8,7,1,nwk_enqueue,15707,25,26
2815508,3439.7830000280001,2,7,1,nwk_nsdp_release,,17,16
2815584,3439.8262936320002,2,2,1,nwk_nsdp_release,,16,15
2815631,3439.8400000000001,2,2,1,nwk_enqueue,17375,15,16
2817493,3442.5538153460002,2,7,1,nwk_enqueue,14083,16,17
2817655,3442.6992953459999,8,7,1,nwk_nsdp_release,,26,25
2819276,3444.867815346,2,8,1,nwk_enqueue,14945,5,6
2819523,3445.2082953459999,8,8,1,nwk_nsdp_release,,16,15
2819580,3445.2199999999998,8,8,1,nwk_enqueue,17399,15,16
2819948,3445.608815346,2,7,1,nwk_enqueue,14121,17,18
2820066,3445.6762953460002,8,7,1,nwk_nsdp_release,,25,24
2820389,3446.1678153460002,2,7,1,nwk_enqueue,14170,18,19
2820534,3446.3262953459998,8,7,1,nwk_nsdp_release,,24,23
2822541,3448.5492936320002,2,7,1,nwk_nsdp_release,,19,18
2823512,3449.7192936319998,2,2,1,nwk_nsdp_release,,16,15
2823558,3449.7199999999998,2,2,1,nwk_enqueue,17423,15,16
2825855,3453.1252936320002,2,2,1,nwk_nsdp_release,,16,15
2825903,3453.1399999999999,2,2,1,nwk_enqueue,17440,15,16
2827896,3455.8032936320001,2,8,1,nwk_nsdp_release,,6,5
2828537,3456.5832936319998,2,7,1,nwk_nsdp_release,,18,17
2830226,3458.9728124419998,8,7,1,nwk_enqueue,15812,23,24
2831838,3461.0812936319999,2,2,1,nwk_nsdp_release,,16,15
2831887,3461.0999999999999,2,2,1,nwk_enqueue,17476,15,16
2833498,3463.3668153459998,2,7,1,nwk_enqueue,14227,17,18
2833689,3463.6292953460002,8,7,1,nwk_nsdp_release,,24,23
2835333,3465.9538153459998,2,7,1,nwk_enqueue,14298,18,19
2835785,3466.4502953460001,8,7,1,nwk_nsdp_release,,23,22
2836153,3466.7988153460001,2,8,1,nwk_enqueue,15158,5,6
2836295,3466.9572953460001,8,8,1,nwk_nsdp_release,,16,15
2836350,3466.96,8,8,1,nwk_enqueue,17502,15,16
2836773,3467.4228153459999,2,7,1,nwk_enqueue,14399,19,20
2836889,3467.5812953459999,8,7,1,nwk_nsdp_release,,22,21
2838920,3470.4282936320001,2,7,1,nwk_nsdp_release,,20,19
2840411,3472.6772936319999,2,2,1,nwk_nsdp_release,,16,15
2840458,3472.6799999999998,2,2,1,nwk_enqueue,17529,15,16
2843207,3476.122293632,2,8,1,nwk_nsdp_release,,6,5
2844002,3477.0452936319998,2,2,1,nwk_nsdp_release,,16,15
2844004,3477.0452936319998,2,7,1,nwk_nsdp_release,,19,18
2844056,3477.0599999999999,2,2,1,nwk_enqueue,17552,15,16
2845787,3479.7468124420002,8,7,1,nwk_enqueue,15931,21,22
2847481,3481.8032936320001,2,7,1,nwk_nsdp_release,,18,17
2849450,3484.2318153460001,2,8,1,nwk_enqueue,15338,5,6
2849776,3484.6892953460001,8,8,1,nwk_nsdp_release,,16,15
2849831,3484.6999999999998,8,8,1,nwk_enqueue,17587,15,16
2850055,3485.0118153459998,2,8,1,nwk_enqueue,15346,6,7
2850142,3485.0922953459999,8,8,1,nwk_nsdp_release,,16,15
2850197,3485.0999999999999,8,8,1,nwk_enqueue,17589,15,16
2850448,3485.427815346,2,7,1,nwk_enqueue,14438,17,18
2850524,3485.4952953460001,8,7,1,nwk_nsdp_release,,22,21
2851643,3486.8578153459998,2,7,1,nwk_enqueue,14509,18,19
2851766,3486.9642953460002,8,7,1,nwk_nsdp_release,,21,20
2853641,3490.0428153460002,2,8,1,nwk_enqueue,15564,7,8
2853972,3490.474295346,8,8,1,nwk_nsdp_release,,16,15
2854025,3490.48,8,8,1,nwk_enqueue,17615,15,16
2854344,3490.887815346,2,7,1,nwk_enqueue,14547,19,20
2854622,3491.1892953460001,8,7,1,nwk_nsdp_release,,20,19
2856673,3493.9582936319998,2,2,1,nwk_nsdp_release,,16,15
2856722,3493.96,2,2,1,nwk_enqueue,17639,15,16
2858644,3496.961293632,2,2,1,nwk_nsdp_release,,16,15
2858702,3496.98,2,2,1,nwk_enqueue,17654,15,16
2859525,3497.988293632,2,7,1,nwk_nsdp_release,,20,19
2861338,3500.754812442,8,7,1,nwk_enqueue,16036,19,20
2862683,3502.421293632,2,7,1,nwk_nsdp_release,,19,18
2863261,3503.2662936319998,2,7,1,nwk_nsdp_release,,18,17
2865083,3506.0588153459998,2,8,1,nwk_enqueue,15673,8,9
2865408,3506.490295346,8,8,1,nwk_nsdp_release,,16,15
2865461,3506.5,8,8,1,nwk_enqueue,17701,15,16
2865657,3506.838815346,2,7,1,nwk_enqueue,14614,17,18
2865787,3506.9062953460002,8,7,1,nwk_nsdp_release,,20,19
2867803,3509.8938153459999,2,7,1,nwk_enqueue,14655,18,19
2868078,3510.2862953459999,8,7,1,nwk_nsdp_release,,19,18
2869171,3511.7788153460001,2,8,1,nwk_enqueue,15900,9,10
2869411,3512.1192953459999,8,8,1,nwk_nsdp_release,,16,15
2869462,3512.1199999999999,8,8,1,nwk_enqueue,17731,15,16
2869663,3512.4158153459998,2,7,1,nwk_enqueue,14711,19,20
2869946,3512.8082953459998,8,7,1,nwk_nsdp_release,,18,17
2871680,3515.0052936319998,2,2,1,nwk_nsdp_release,,16,15
2871746,3515.02,2,2,1,nwk_enqueue,17748,15,16
2874021,3518.6192936319999,2,2,1,nwk_nsdp_release,,16,15
2874073,3518.6199999999999,2,2,1,nwk_enqueue,17768,15,16
2875830,3521.4638124419998,8,7,1,nwk_enqueue,16151,17,18
2877937,3524.6902936319998,2,2,1,nwk_nsdp_release,,16,15
2877991,3524.6999999999998,2,2,1,nwk_enqueue,17802,15,16
2879926,3527.2228153460001,2,8,1,nwk_enqueue,16008,10,11
2880349,3527.5762953459998,8,8,1,nwk_nsdp_release,,16,15
2880400,3527.5799999999999,8,8,1,nwk_enqueue,17820,15,16
2880573,3527.8468153459999,2,7,1,nwk_enqueue,14753,20,21
2880699,3527.9532953459998,8,7,1,nwk_nsdp_release,,18,17
2882451,3530.6418153459999,2,7,1,nwk_enqueue,14825,21,22
2882791,3531.1122953459999,8,7,1,nwk_nsdp_release,,17,16
2884212,3533.072815346,2,8,1,nwk_enqueue,16230,11,12
2884621,3533.2962953460001,8,8,1,nwk_nsdp_release,,16,15
2884670,3533.3000000000002,8,8,1,nwk_enqueue,17856,15,16
2884862,3533.592815346,2,7,1,nwk_enqueue,14864,22,23
2885324,3534.1412953459999,8,7,1,nwk_nsdp_release,,16,15
2886625,3535.8182936319999,2,2,1,nwk_nsdp_release,,16,15
2886682,3535.8200000000002,2,2,1,nwk_enqueue,17871,15,16
2888109,3537.4822936320002,2,7,1,nwk_nsdp_release,,23,22
2891311,3541.3952936320002,2,7,1,nwk_nsdp_release,,22,21
2892017,3542.1468124419998,8,7,1,nwk_enqueue,16261,15,16
2893092,3543.1372936319999,2,8,1,nwk_nsdp_release,,12,11
2894183,3544.4762936319999,2,7,1,nwk_nsdp_release,,21,20
2894686,3545.0978124419998,8,7,1,nwk_enqueue,16366,16,17
2895392,3545.789293632,2,7,1,nwk_nsdp_release,,20,19
2898971,3550.713815346,2,7,1,nwk_enqueue,14937,19,20
2899138,3550.8462953459998,8,7,1,nwk_nsdp_release,,17,16
2899544,3551.4288153460002,2,8,1,nwk_enqueue,16379,11,12
2899731,3551.6392953459999,8,8,1,nwk_nsdp_release,,16,15
2899780,3551.6399999999999,8,8,1,nwk_enqueue,17952,15,16
2902367,3554.925815346,2,7,1,nwk_enqueue,14967,20,21
2902868,3555.474295346,8,7,1,nwk_nsdp_release,,16,15
2904006,3556.7588153460001,2,8,1,nwk_enqueue,16438,12,13
2904279,3556.9042953459998,8,8,1,nwk_nsdp_release,,16,15
2904333,3556.9200000000001,8,8,1,nwk_enqueue,17983,15,16
2904844,3557.512815346,2,7,1,nwk_enqueue,15049,21,22
2905238,3557.8402953459999,8,7,1,nwk_nsdp_release,,15,14
2906875,3559.6212936319998,2,7,1,nwk_nsdp_release,,22,21
2908507,3561.805293632,2,2,1,nwk_nsdp_release,,16,15
2908564,3561.8200000000002,2,2,1,nwk_enqueue,18002,15,16
2910208,3564.2232936320001,2,2,1,nwk_nsdp_release,,16,15
2910265,3564.2399999999998,2,2,1,nwk_enqueue,18014,15,16
2911363,3565.510293632,2,2,1,nwk_nsdp_release,,16,15
2911419,3565.52,2,2,1,nwk_enqueue,18021,15,16
2913541,3568.5108124419999,8,7,1,nwk_enqueue,16458,14,15
2914338,3569.6288124419998,8,7,1,nwk_enqueue,16552,15,16
2914952,3570.3698124419998,8,7,1,nwk_enqueue,16641,16,17
2916632,3572.6058153459999,2,7,1,nwk_enqueue,15067,21,22
2916820,3572.829295346,8,7,1,nwk_nsdp_release,,17,16
2917940,3574.4110000280002,2,7,1,nwk_nsdp_release,,22,21
2918859,3576.0768153459999,2,7,1,nwk_enqueue,15148,21,22
2919233,3576.6252953459998,8,7,1,nwk_nsdp_release,,16,15
2920799,3578.4558153459998,2,8,1,nwk_enqueue,16839,13,14
2920963,3578.6142953459998,8,8,1,nwk_nsdp_release,,16,15
2921011,3578.6199999999999,8,8,1,nwk_enqueue,18095,15,16
2921623,3579.235815346,2,7,1,nwk_enqueue,15212,22,23
2921872,3579.407295346,8,7,1,nwk_nsdp_release,,15,14
2923474,3581.4482936320001,2,8,1,nwk_nsdp_release,,14,13
2924661,3582.709293632,2,7,1,nwk_nsdp_release,,23,22
2924663,3582.709293632,2,8,1,nwk_nsdp_release,,13,12
2925090,3583.1902936319998,2,7,1,nwk_nsdp_release,,22,21
2926487,3584.711293632,2,2,1,nwk_nsdp_release,,16,15
2926544,3584.7199999999998,2,2,1,nwk_enqueue,18123,15,16
2927812,3586.2452936320001,2,2,1,nwk_nsdp_release,,16,15
2927870,3586.2600000000002,2,2,1,nwk_enqueue,18130,15,16
2931517,3591.6898124419999,8,7,1,nwk_enqueue,16741,14,15
2931871,3592.1838124420001,8,7,1,nwk_enqueue,16851,15,16
2932501,3592.9768124420002,8,7,1,nwk_enqueue,16954,16,17
2933877,3595.0958153460001,2,8,1,nwk_enqueue,16943,12,13
2934154,3595.4752953460002,8,8,1,nwk_nsdp_release,,16,15
2934204,3595.48,8,8,1,nwk_enqueue,18180,15,16
2934515,3595.8888153459998,2,7,1,nwk_enqueue,15256,21,22
2934712,3596.1252953459998,8,7,1,nwk_nsdp_release,,17,16
2935422,3597.0458153459999,2,7,1,nwk_enqueue,15368,22,23
2935527,3597.1522953459998,8,7,1,nwk_nsdp_release,,16,15
2937396,3599.7238153459998,2,7,1,nwk_enqueue,15487,23,24
2937565,3599.9082953460002,8,7,1,nwk_nsdp_release,,15,14
2940333,3603.548293632,2,7,1,nwk_nsdp_release,,24,23
2942593,3606.7332936319999,2,8,1,nwk_nsdp_release,,13,12
2943853,3608.4622936320002,2,2,1,nwk_nsdp_release,,16,15
2943855,3608.4622936320002,2,7,1,nwk_nsdp_release,,23,22
2943912,3608.48,2,2,1,nwk_enqueue,18250,15,16
2947396,3613.9458124419998,8,7,1,nwk_enqueue,17057,14,15
2947912,3614.660812442,8,7,1,nwk_enqueue,17166,15,16
2948378,3615.3220000279998,2,7,1,nwk_nsdp_release,,22,21
2948637,3615.6748124420001,8,7,1,nwk_enqueue,17269,16,17
2950138,3617.7678153460001,2,8,1,nwk_enqueue,17182,12,13
2950525,3618.3398153459998,2,7,1,nwk_enqueue,15587,21,22
2950676,3618.472295346,8,7,1,nwk_nsdp_release,,17,16
2950678,3618.472295346,8,8,1,nwk_nsdp_release,,16,15
2950727,3618.48,8,8,1,nwk_enqueue,18308,15,16
2950976,3618.8468153459999,2,8,1,nwk_enqueue,17294,13,14
2951079,3618.9402953459999,8,8,1,nwk_nsdp_release,,16,15
2951131,3618.96,8,8,1,nwk_enqueue,18312,15,16
2951398,3619.2108153459999,2,8,1,nwk_enqueue,17297,14,15
2951544,3619.3952953459998,8,8,1,nwk_nsdp_release,,16,15
2951599,3619.4000000000001,8,8,1,nwk_enqueue,18315,15,16
2951976,3619.8088153459998,2,7,1,nwk_enqueue,15707,22,23
2952190,3619.9672953459999,8,7,1,nwk_nsdp_release,,16,15
2952624,3620.3418153460002,2,8,1,nwk_enqueue,17399,15,16
2952910,3620.666815346,2,7,1,nwk_enqueue,15812,23,24
2953090,3620.8252953460001,8,7,1,nwk_nsdp_release,,15,14
2953092,3620.8252953460001,8,8,1,nwk_nsdp_release,,16,15
2953151,3620.8400000000001,8,8,1,nwk_enqueue,18327,15,16
2953624,3621.407815346,2,8,1,nwk_enqueue,17502,16,17
2953829,3621.657295346,8,8,1,nwk_nsdp_release,,16,15
2953869,3621.6599999999999,8,8,1,nwk_enqueue,18332,15,16
2955787,3624.0882936319999,2,2,1,nwk_nsdp_release,,16,15
2955850,3624.0999999999999,2,2,1,nwk_enqueue,18343,15,16
2959911,3629.2232936320001,2,7,1,nwk_nsdp_release,,24,23
2959913,3629.2232936320001,2,2,1,nwk_nsdp_release,,16,15
2959980,3629.2399999999998,2,2,1,nwk_enqueue,18364,15,16
2965339,3636.734812442,8,7,1,nwk_enqueue,17366,14,15
2965964,3637.3458124419999,8,7,1,nwk_enqueue,17466,15,16
2966374,3637.839812442,8,7,1,nwk_enqueue,17567,16,17
2968086,3639.5558153460001,2,7,1,nwk_enqueue,15931,23,24
2968800,3640.2968153460001,2,8,1,nwk_enqueue,17587,17,18
2969101,3640.6242953460001,8,8,1,nwk_nsdp_release,,16,15
2969103,3640.6242953460001,8,7,1,nwk_nsdp_release,,17,16
2969159,3640.6399999999999,8,8,1,nwk_enqueue,18427,15,16
2971639,3643.7288153459999,2,8,1,nwk_enqueue,17589,18,19
2972100,3644.2748153460002,2,8,1,nwk_enqueue,17615,19,20
2972218,3644.3422953459999,8,8,1,nwk_nsdp_release,,16,15
2972220,3644.3422953459999,8,8,1,nwk_nsdp_release,,15,14
2972266,3644.3600000000001,8,8,1,nwk_enqueue,18447,14,15
2972319,3644.3800000000001,8,8,1,nwk_enqueue,18448,15,16
2976511,3649.9712936320002,2,7,1,nwk_nsdp_release,,24,23
2977022,3650.517293632,2,8,1,nwk_nsdp_release,,20,19
2977542,3651.115293632,2,7,1,nwk_nsdp_release,,23,22
2978206,3652.0122936319999,2,2,1,nwk_nsdp_release,,16,15
2978269,3652.02,2,2,1,nwk_enqueue,18491,15,16
2982670,3658.8348124419999,8,7,1,nwk_enqueue,17675,16,17
2984301,3661.0448153460002,2,7,1,nwk_enqueue,16036,22,23
2984507,3661.3048153459999,2,8,1,nwk_enqueue,17701,19,20
2984767,3661.606295346,8,8,1,nwk_nsdp_release,,16,15
2984769,3661.606295346,8,7,1,nwk_nsdp_release,,17,16
2984812,3661.6199999999999,8,8,1,nwk_enqueue,18537,15,16
2987431,3664.762815346,2,8,1,nwk_enqueue,17731,20,21
2987740,3665.0748153459999,2,7,1,nwk_enqueue,16151,23,24
2988003,3665.3242953459999,8,7,1,nwk_nsdp_release,,16,15
2988005,3665.3242953459999,8,8,1,nwk_nsdp_release,,16,15
2988051,3665.3400000000001,8,8,1,nwk_enqueue,18557,15,16
2991507,3670.9922936319999,2,2,1,nwk_nsdp_release,,16,15
2991576,3671,2,2,1,nwk_enqueue,18587,15,16
2992708,3672.162293632,2,8,1,nwk_nsdp_release,,21,20
2993685,3673.2412936320002,2,7,1,nwk_nsdp_release,,24,23
2993687,3673.2412936320002,2,8,1,nwk_nsdp_release,,20,19
2994233,3673.8912936319998,2,7,1,nwk_nsdp_release,,23,22
2997636,3679.5438124420002,8,7,1,nwk_enqueue,17786,15,16
2998254,3680.2978124420001,8,7,1,nwk_enqueue,17905,16,17
2999818,3681.9878153459999,2,8,1,nwk_enqueue,17820,19,20
3000168,3682.2868153459999,2,8,1,nwk_enqueue,17856,20,21
3000442,3682.5752953460001,8,8,1,nwk_nsdp_release,,16,15
3000444,3682.5752953460001,8,8,1,nwk_nsdp_release,,15,14
3000486,3682.5799999999999,8,8,1,nwk_enqueue,18647,14,15
3000528,3682.5999999999999,8,8,1,nwk_enqueue,18648,15,16
3003046,3685.7188153460002,2,7,1,nwk_enqueue,16261,22,23
3003459,3686.2518153460001,2,7,1,nwk_enqueue,16366,23,24
3003699,3686.579295346,8,7,1,nwk_nsdp_release,,17,16
3003701,3686.579295346,8,7,1,nwk_nsdp_release,,16,15
3007435,3691.8442936319998,2,8,1,nwk_nsdp_release,,21,20
3009880,3694.3402936319999,2,2,1,nwk_nsdp_release,,16,15
3009960,3694.3600000000001,2,2,1,nwk_enqueue,18703,15,16
3010643,3695.1722936320002,2,2,1,nwk_nsdp_release,,16,15
3010645,3695.1722936320002,2,7,1,nwk_nsdp_release,,24,23
3010710,3695.1799999999998,2,2,1,nwk_enqueue,18708,15,16
3015364,3701.2798124420001,8,7,1,nwk_enqueue,17925,15,16
3015960,3701.877812442,8,7,1,nwk_enqueue,18040,16,17
3017772,3703.8928153460001,2,8,1,nwk_enqueue,17952,20,21
3018023,3704.1658153459998,2,8,1,nwk_enqueue,17983,21,22
3018200,3704.311295346,8,8,1,nwk_nsdp_release,,16,15
3018202,3704.311295346,8,8,1,nwk_nsdp_release,,15,14
3018244,3704.3200000000002,8,8,1,nwk_enqueue,18754,14,15
3018291,3704.3400000000001,8,8,1,nwk_enqueue,18755,15,16
3020452,3707.1818153459999,2,7,1,nwk_enqueue,16458,23,24
3020781,3707.5588153459998,2,7,1,nwk_enqueue,16552,24,25
3021374,3708.0292953459998,8,7,1,nwk_nsdp_release,,17,16
3021376,3708.0292953459998,8,7,1,nwk_nsdp_release,,16,15
3026477,3715.374293632,2,8,1,nwk_nsdp_release,,22,21
3027205,3716.3102936320001,2,7,1,nwk_nsdp_release,,25,24
3027208,3716.3102936320001,2,7,1,nwk_nsdp_release,,24,23
3028488,3717.6752936319999,2,2,1,nwk_nsdp_release,,16,15
3028491,3717.6752936319999,2,7,1,nwk_nsdp_release,,23,22
3028567,3717.6799999999998,2,2,1,nwk_enqueue,18827,15,16
3029130,3718.3382936319999,2,2,1,nwk_nsdp_release,,16,15
3029205,3718.3400000000001,2,2,1,nwk_enqueue,18831,15,16
3029752,3718.923293632,2,2,1,nwk_nsdp_release,,16,15
3029824,3718.9400000000001,2,2,1,nwk_enqueue,18836,15,16
3030850,3720.249293632,2,7,1,nwk_nsdp_release,,22,21
3030852,3720.249293632,2,7,1,nwk_nsdp_release,,21,20
3030855,3720.249293632,2,8,1,nwk_nsdp_release,,21,20
3031289,3720.6522936319998,2,8,1,nwk_nsdp_release,,20,19
3032225,3721.7702936320002,2,8,1,nwk_nsdp_release,,19,18
3033651,3723.3822936319998,2,8,1,nwk_nsdp_release,,18,17
3033654,3723.3822936319998,2,7,1,nwk_nsdp_release,,20,19
3033656,3723.3822936319998,2,2,1,nwk_nsdp_release,,16,15
3033659,3723.3822936319998,2,7,1,nwk_nsdp_release,,19,18
3033730,3723.4000000000001,2,2,1,nwk_enqueue,18864,15,16
3034280,3724.0712936320001,2,7,1,nwk_nsdp_release,,18,17
3034716,3724.4872936319998,2,8,1,nwk_nsdp_release,,17,16
3035885,3725.706815346,2,8,1,nwk_enqueue,18095,16,17
3036018,3725.8002936319999,2,2,1,nwk_nsdp_release,,16,15
3036020,3725.8002936319999,2,7,1,nwk_nsdp_release,,17,16
3036089,3725.8200000000002,2,2,1,nwk_enqueue,18878,15,16
3036187,3725.9042953459998,8,8,1,nwk_nsdp_release,,16,15
3036229,3725.9200000000001,8,8,1,nwk_enqueue,18879,15,16
3037409,3727.253815346,2,7,1,nwk_enqueue,16641,16,17
3037622,3727.4512953459998,8,7,1,nwk_nsdp_release,,15,14
3040127,3730.5168153459999,2,7,1,nwk_enqueue,16741,17,18
3040332,3730.7662953459999,8,7,1,nwk_nsdp_release,,14,13
3040734,3731.1798153459999,2,7,1,nwk_enqueue,16851,18,19
3041004,3731.4422953459998,8,7,1,nwk_nsdp_release,,13,12
3043536,3734.234812442,8,7,1,nwk_enqueue,18052,12,13
3044217,3734.910812442,8,7,1,nwk_enqueue,18159,13,14
3044872,3735.573812442,8,7,1,nwk_enqueue,18163,14,15
3045345,3736.2498124419999,8,7,1,nwk_enqueue,18169,15,16
3046013,3736.9128124419999,8,7,1,nwk_enqueue,18281,16,17
3046192,3737.1728124420001,8,7,1,nwk_enqueue,18284,17,18
3049163,3741.4132936320002,2,2,1,nwk_nsdp_release,,16,15
3049228,3741.4200000000001,2,2,1,nwk_enqueue,18957,15,16
3049890,3742.1542936320002,2,2,1,nwk_nsdp_release,,16,15
3049955,3742.1599999999999,2,2,1,nwk_enqueue,18963,15,16
3051825,3744.2082936319998,2,7,1,nwk_nsdp_release,,19,18
3052213,3744.624293632,2,8,1,nwk_nsdp_release,,17,16
3053006,3745.4692936319998,2,7,1,nwk_nsdp_release,,18,17
3053783,3746.2078153460002,2,7,1,nwk_enqueue,16954,17,18
3053870,3746.2752936319998,2,7,1,nwk_nsdp_release,,18,17
3054096,3746.561295346,8,7,1,nwk_nsdp_release,,18,17
3055385,3748.0538153460002,2,8,1,nwk_enqueue,18180,16,17
3055771,3748.472295346,8,8,1,nwk_nsdp_release,,16,15
3055814,3748.48,8,8,1,nwk_enqueue,18997,15,16
3058106,3751.2128153459998,2,7,1,nwk_enqueue,17057,17,18
3058217,3751.280295346,8,7,1,nwk_nsdp_release,,17,16
3058661,3751.7482936319998,2,2,1,nwk_nsdp_release,,16,15
3058716,3751.7600000000002,2,2,1,nwk_enqueue,19011,15,16
3059932,3753.0872936320002,2,2,1,nwk_nsdp_release,,16,15
3059988,3753.0999999999999,2,2,1,nwk_enqueue,19018,15,16
3060581,3753.7632936320001,2,8,1,nwk_nsdp_release,,17,16
3061078,3754.4498153459999,2,7,1,nwk_enqueue,17166,18,19
3061443,3754.8422953459999,8,7,1,nwk_nsdp_release,,16,15
3063045,3757.0002936320002,2,7,1,nwk_nsdp_release,,19,18
3063783,3758.024812442,8,7,1,nwk_enqueue,18293,15,16
3064117,3758.3368124419999,8,7,1,nwk_enqueue,18399,16,17
3064586,3758.8048124420002,8,7,1,nwk_enqueue,18403,17,18
3068887,3765.0472936320002,2,7,1,nwk_nsdp_release,,18,17
3069552,3765.9312936319998,2,7,1,nwk_nsdp_release,,17,16
3070400,3767.0858153459999,2,7,1,nwk_enqueue,17269,16,17
3070938,3767.4392953460001,8,7,1,nwk_nsdp_release,,18,17
3072134,3768.918815346,2,8,1,nwk_enqueue,18308,16,17
3072388,3769.233295346,8,8,1,nwk_nsdp_release,,16,15
3072431,3769.2399999999998,8,8,1,nwk_enqueue,19109,15,16
3073650,3770.8972936320001,2,2,1,nwk_nsdp_release,,16,15
3073706,3770.9000000000001,2,2,1,nwk_enqueue,19118,15,16
3074557,3771.8438153460002,2,8,1,nwk_enqueue,18312,17,18
3075164,3772.3662953459998,8,8,1,nwk_nsdp_release,,16,15
3075208,3772.3800000000001,8,8,1,nwk_enqueue,19129,15,16
3077827,3775.0442936320001,2,7,1,nwk_nsdp_release,,17,16
3077829,3775.0442936320001,2,8,1,nwk_nsdp_release,,18,17
3078860,3776.0712936320001,2,8,1,nwk_nsdp_release,,17,16
3080043,3777.5898153459998,2,8,1,nwk_enqueue,18315,16,17
3080169,3777.6832953459998,8,8,1,nwk_nsdp_release,,16,15
3080215,3777.6999999999998,8,8,1,nwk_enqueue,19160,15,16
3080449,3777.9172936320001,2,7,1,nwk_nsdp_release,,16,15
3081918,3779.4642936320001,2,8,1,nwk_nsdp_release,,17,16
3082304,3779.8258124419999,8,7,1,nwk_enqueue,18523,17,18
3082502,3779.9192936320001,2,8,1,nwk_nsdp_release,,16,15
3084027,3781.580812442,8,7,1,nwk_enqueue,18409,18,19
3087107,3785.6262936319999,2,7,1,nwk_nsdp_release,,15,14
3087998,3786.653293632,2,8,1,nwk_nsdp_release,,15,14
3090451,3790.0958153460001,2,8,1,nwk_enqueue,18327,14,15
3090725,3790.4622953459998,8,8,1,nwk_nsdp_release,,16,15
3090779,3790.48,8,8,1,nwk_enqueue,19219,15,16
3091035,3790.7588153460001,2,7,1,nwk_enqueue,17366,14,15
3091336,3791.0472953459998,8,7,1,nwk_nsdp_release,,19,18
3091778,3791.668815346,2,7,1,nwk_enqueue,17466,15,16
3091963,3791.9418153460001,2,8,1,nwk_enqueue,18332,15,16
3092116,3792.0872953459998,8,7,1,nwk_nsdp_release,,18,17
3092119,3792.0872953459998,8,8,1,nwk_nsdp_release,,16,15
3092181,3792.0999999999999,8,8,1,nwk_enqueue,19228,15,16
3092502,3792.5918153460002,2,7,1,nwk_enqueue,17567,16,17
3092877,3792.724295346,8,7,1,nwk_nsdp_release,,17,16
3093477,3793.3068153459999,2,8,1,nwk_enqueue,18427,16,17
3093605,3793.4652953459999,8,8,1,nwk_nsdp_release,,16,15
3093647,3793.48,8,8,1,nwk_enqueue,19237,15,16
3094103,3794.0738153460002,2,8,1,nwk_enqueue,18447,17,18
3094458,3794.4898153459999,2,8,1,nwk_enqueue,18448,18,19
3094564,3794.557295346,8,8,1,nwk_nsdp_release,,16,15
3094566,3794.557295346,8,8,1,nwk_nsdp_release,,15,14
3094607,3794.5599999999999,8,8,1,nwk_enqueue,19245,14,15
3094663,3794.5799999999999,8,8,1,nwk_enqueue,19246,15,16
3096535,3796.8062936319998,2,2,1,nwk_nsdp_release,,16,15
3096537,3796.8062936319998,2,2,1,nwk_nsdp_release,,15,14
3096596,3796.8200000000002,2,2,1,nwk_enqueue,19257,14,15
3096665,3796.8400000000001,2,2,1,nwk_enqueue,19258,15,16
3097986,3798.168815346,2,7,1,nwk_enqueue,17675,17,18
3098643,3798.8602953459999,8,7,1,nwk_nsdp_release,,16,15
3100176,3800.5218124419998,8,7,1,nwk_enqueue,18631,15,16
3101092,3801.200293632,2,8,1,nwk_nsdp_release,,19,18
3101094,3801.200293632,2,7,1,nwk_nsdp_release,,18,17
3102039,3802.1338124419999,8,7,1,nwk_enqueue,18736,16,17
3103534,3803.589812442,8,7,1,nwk_enqueue,18636,17,18
3105609,3806.1792936319998,2,8,1,nwk_nsdp_release,,18,17
3106725,3807.4272936319999,2,8,1,nwk_nsdp_release,,17,16
3111385,3813.755815346,2,8,1,nwk_enqueue,18557,16,17
3111552,3813.9402953459999,8,8,1,nwk_nsdp_release,,16,15
3111600,3813.96,8,8,1,nwk_enqueue,19343,15,16
3114311,3817.0448153460002,2,7,1,nwk_enqueue,17786,17,18
3114675,3817.320295346,8,7,1,nwk_nsdp_release,,18,17
3115661,3818.5268153460001,2,8,1,nwk_enqueue,18537,17,18
3115823,3818.6722953459998,8,8,1,nwk_nsdp_release,,16,15
3115865,3818.6799999999998,8,8,1,nwk_enqueue,19373,15,16
3118252,3821.3998153460002,2,8,1,nwk_enqueue,18647,18,19
3118576,3821.6492953460001,8,8,1,nwk_nsdp_release,,16,15
3118618,3821.6599999999999,8,8,1,nwk_enqueue,19389,15,16
3119897,3823.2068124419998,8,7,1,nwk_enqueue,18741,17,18
3120996,3824.1322936319998,2,2,1,nwk_nsdp_release,,16,15
3121059,3824.1399999999999,2,2,1,nwk_enqueue,19403,15,16
3121153,3824.1930000279999,8,7,1,nwk_nsdp_release,,18,17
3121374,3824.4028124420001,8,7,1,nwk_enqueue,18903,17,18
3121923,3824.8992936320001,2,7,1,nwk_nsdp_release,,18,17
3124034,3827.642293632,2,2,1,nwk_nsdp_release,,16,15
3124037,3827.642293632,2,7,1,nwk_nsdp_release,,17,16
3124039,3827.642293632,2,8,1,nwk_nsdp_release,,19,18
3124101,3827.6599999999999,2,2,1,nwk_enqueue,19422,15,16
3124847,3828.5522936319999,2,8,1,nwk_nsdp_release,,18,17
3124849,3828.5522936319999,2,8,1,nwk_nsdp_release,,17,16
3125730,3829.8392936320001,2,8,1,nwk_nsdp_release,,16,15
3130515,3836.7398153459999,2,8,1,nwk_enqueue,18648,15,16
3131021,3837.3922953460001,8,8,1,nwk_nsdp_release,,16,15
3131071,3837.4000000000001,8,8,1,nwk_enqueue,19471,15,16
3131677,3837.8838153460001,2,7,1,nwk_enqueue,17925,16,17
3131906,3838.068295346,8,7,1,nwk_nsdp_release,,18,17
3132320,3838.4558153459998,2,7,1,nwk_enqueue,18040,17,18
3132439,3838.5752953460001,8,7,1,nwk_nsdp_release,,17,16
3136871,3844.2278153460002,2,8,1,nwk_enqueue,18754,16,17
3137104,3844.4748124419998,8,7,1,nwk_enqueue,18916,16,17
3137525,3844.7868124420002,8,7,1,nwk_enqueue,18920,17,18
3137732,3844.9192953460001,8,8,1,nwk_nsdp_release,,16,15
3137776,3844.9200000000001,8,8,1,nwk_enqueue,19511,15,16
3139011,3846.115293632,2,7,1,nwk_nsdp_release,,18,17
3142426,3850.3792936320001,2,8,1,nwk_nsdp_release,,17,16
3142428,3850.3792936320001,2,2,1,nwk_nsdp_release,,16,15
3142488,3850.3800000000001,2,2,1,nwk_enqueue,19542,15,16
3144572,3852.8622936319998,2,2,1,nwk_nsdp_release,,16,15
3144635,3852.8800000000001,2,2,1,nwk_enqueue,19555,15,16
3145883,3854.3442936319998,2,7,1,nwk_nsdp_release,,17,16
3145885,3854.3442936319998,2,8,1,nwk_nsdp_release,,16,15
3145887,3854.3442936319998,2,7,1,nwk_nsdp_release,,16,15
3148842,3858.6058153459999,2,8,1,nwk_enqueue,18755,15,16
3149289,3859.0738153460002,2,8,1,nwk_enqueue,18879,16,17
3149666,3859.4118153459999,2,7,1,nwk_enqueue,18052,15,16
3149913,3859.7392953459998,8,7,1,nwk_nsdp_release,,18,17
3149916,3859.7392953459998,8,8,1,nwk_nsdp_release,,16,15
3149918,3859.7392953459998,8,8,1,nwk_nsdp_release,,15,14
3149973,3859.7399999999998,8,8,1,nwk_enqueue,19597,14,15
3150016,3859.7600000000002,8,8,1,nwk_enqueue,19598,15,16
3150316,3860.1268153460001,2,7,1,nwk_enqueue,18159,16,17
3150431,3860.2462953459999,8,7,1,nwk_nsdp_release,,17,16
3151107,3860.9848153459998,2,7,1,nwk_enqueue,18163,17,18
3151258,3861.117295346,8,7,1,nwk_nsdp_release,,16,15
3154599,3865.8338124420002,8,7,1,nwk_enqueue,18925,15,16
3154873,3866.1328124420002,8,7,1,nwk_enqueue,18931,16,17
3155577,3866.6528124420001,8,7,1,nwk_enqueue,18937,17,18
3156336,3867.4352936320001,2,7,1,nwk_nsdp_release,,18,17
3157538,3868.6938153460001,2,7,1,nwk_enqueue,18169,17,18
3157754,3868.943295346,8,7,1,nwk_nsdp_release,,18,17
3160475,3872.2192936319998,2,2,1,nwk_nsdp_release,,16,15
3160538,3872.2199999999998,2,2,1,nwk_enqueue,19668,15,16
3160919,3872.622293632,2,2,1,nwk_nsdp_release,,16,15
3160988,3872.6399999999999,2,2,1,nwk_enqueue,19672,15,16
3161805,3873.6232936319998,2,2,1,nwk_nsdp_release,,16,15
3161878,3873.6399999999999,2,2,1,nwk_enqueue,19677,15,16
3162924,3874.8192936320002,2,8,1,nwk_nsdp_release,,17,16
3163565,3875.6382936320001,2,7,1,nwk_nsdp_release,,18,17
3163567,3875.6382936320001,2,2,1,nwk_nsdp_release,,16,15
3163627,3875.6399999999999,2,2,1,nwk_enqueue,19688,15,16
3164253,3876.327293632,2,7,1,nwk_nsdp_release,,17,16
3164858,3877.276293632,2,2,1,nwk_nsdp_release,,16,15
3164918,3877.2800000000002,2,2,1,nwk_enqueue,19698,15,16
3165666,3877.9912936320002,2,2,1,nwk_nsdp_release,,16,15
3165726,3878,2,2,1,nwk_enqueue,19704,15,16
3166108,3878.4852936319999,2,2,1,nwk_nsdp_release,,16,15
3166171,3878.5,2,2,1,nwk_enqueue,19707,15,16
3168689,3881.566293632,2,7,1,nwk_nsdp_release,,16,15
3169011,3881.927815346,2,8,1,nwk_enqueue,18997,16,17
3169324,3882.2032953459998,8,8,1,nwk_nsdp_release,,16,15
3169372,3882.2199999999998,8,8,1,nwk_enqueue,19725,15,16
3169651,3882.4868153460002,2,7,1,nwk_enqueue,18281,15,16
3170061,3882.8402953459999,8,7,1,nwk_nsdp_release,,17,16
3170352,3883.2018153459999,2,7,1,nwk_enqueue,18284,16,17
3170781,3883.724295346,8,7,1,nwk_nsdp_release,,16,15
3172169,3885.635293632,2,7,1,nwk_nsdp_release,,17,16
3173800,3887.2188124419999,8,7,1,nwk_enqueue,18938,15,16
3174248,3887.6088124419998,8,7,1,nwk_enqueue,19050,16,17
3175036,3888.245812442,8,7,1,nwk_enqueue,19051,17,18
3175235,3888.4692936319998,2,8,1,nwk_nsdp_release,,17,16
3176933,3890.338815346,2,7,1,nwk_enqueue,18293,16,17
3177129,3890.6248153460001,2,7,1,nwk_enqueue,18399,17,18
3177332,3890.731295346,8,7,1,nwk_nsdp_release,,18,17
3177334,3890.731295346,8,7,1,nwk_nsdp_release,,17,16
3181734,3896.3082936320002,2,2,1,nwk_nsdp_release,,16,15
3181788,3896.3200000000002,2,2,1,nwk_enqueue,19796,15,16
3182717,3897.452293632,2,7,1,nwk_nsdp_release,,18,17
3182719,3897.452293632,2,7,1,nwk_nsdp_release,,17,16
3183577,3898.6872936320001,2,2,1,nwk_nsdp_release,,16,15
3183639,3898.6999999999998,2,2,1,nwk_enqueue,19808,15,16
3186021,3902.5718153460002,2,7,1,nwk_enqueue,18403,16,17
3186334,3903.0162953459999,8,7,1,nwk_nsdp_release,,16,15
3187457,3904.3658153460001,2,8,1,nwk_enqueue,19109,16,17
3187576,3904.4462953460002,8,8,1,nwk_nsdp_release,,16,15
3187619,3904.46,8,8,1,nwk_enqueue,19832,15,16
3190170,3908.4738124420001,8,7,1,nwk_enqueue,19054,15,16
3190515,3908.9028124420001,8,7,1,nwk_enqueue,19173,16,17
3191045,3909.412293632,2,7,1,nwk_nsdp_release,,17,16
3191164,3909.5528124419998,8,7,1,nwk_enqueue,19179,17,18
3193094,3911.8148153460002,2,8,1,nwk_enqueue,19129,17,18
3193385,3912.1162953459998,8,8,1,nwk_nsdp_release,,16,15
3193429,3912.1199999999999,8,8,1,nwk_enqueue,19872,15,16
3197166,3916.8092936319999,2,8,1,nwk_nsdp_release,,18,17
3198537,3918.3172936320002,2,8,1,nwk_nsdp_release,,17,16
3199418,3919.383293632,2,8,1,nwk_nsdp_release,,16,15
3199980,3920.1762936320001,2,2,1,nwk_nsdp_release,,16,15
3200040,3920.1799999999998,2,2,1,nwk_enqueue,19910,15,16
3200554,3920.787293632,2,8,1,nwk_nsdp_release,,15,14
3202400,3923.293815346,2,8,1,nwk_enqueue,19160,14,15
3202743,3923.7252953460002,8,8,1,nwk_nsdp_release,,16,15
3202796,3923.7399999999998,8,8,1,nwk_enqueue,19924,15,16
3203431,3924.4378153460002,2,7,1,nwk_enqueue,18523,16,17
3203576,3924.5182953459998,8,7,1,nwk_nsdp_release,,18,17
3204394,3925.282815346,2,7,1,nwk_enqueue,18409,17,18
3204497,3925.3502953460002,8,7,1,nwk_nsdp_release,,17,16
3208289,3930.3812936320001,2,7,1,nwk_nsdp_release,,18,17
3208514,3930.638812442,8,7,1,nwk_enqueue,19286,16,17
3212077,3934.7338124419998,8,7,1,nwk_enqueue,19279,17,18
3212673,3935.412293632,2,8,1,nwk_nsdp_release,,15,14
3213485,3936.162000028,2,7,1,nwk_nsdp_release,,17,16
3214474,3937.2818153459998,2,8,1,nwk_enqueue,19228,14,15
3214826,3937.6872953460002,8,8,1,nwk_nsdp_release,,16,15
3214876,3937.6999999999998,8,8,1,nwk_enqueue,19991,15,16
3215414,3938.204815346,2,8,1,nwk_enqueue,19237,15,16
3215683,3938.3892953459999,8,8,1,nwk_nsdp_release,,16,15
3215733,3938.4000000000001,8,8,1,nwk_enqueue,19997,15,16
3217241,3939.6998153459999,2,8,1,nwk_enqueue,19219,16,17
3217517,3940.0532953460001,8,8,1,nwk_nsdp_release,,16,15
3217560,3940.0599999999999,8,8,1,nwk_enqueue,20008,15,16
3220011,3942.8482936320001,2,7,1,nwk_nsdp_release,,16,15
3220493,3943.300815346,2,8,1,nwk_enqueue,19245,17,18
3220690,3943.5242953460001,8,8,1,nwk_nsdp_release,,16,15
3220736,3943.54,8,8,1,nwk_enqueue,20026,15,16
3223264,3946.5272936319998,2,8,1,nwk_nsdp_release,,18,17
3224011,3947.2398153459999,2,8,1,nwk_enqueue,19246,17,18
3224155,3947.307295346,8,8,1,nwk_nsdp_release,,16,15
3224198,3947.3200000000002,8,8,1,nwk_enqueue,20048,15,16
3224718,3947.8792936320001,2,8,1,nwk_nsdp_release,,18,17
3225891,3949.231293632,2,8,1,nwk_nsdp_release,,17,16
3226461,3950.0738153460002,2,7,1,nwk_enqueue,18631,15,16
3226600,3950.180293632,2,2,1,nwk_nsdp_release,,16,15
3226667,3950.1999999999998,2,2,1,nwk_enqueue,20060,15,16
3227269,3950.713295346,8,7,1,nwk_nsdp_release,,18,17
3227664,3951.217815346,2,7,1,nwk_enqueue,18736,16,17
3227878,3951.4152953460002,8,7,1,nwk_nsdp_release,,17,16
3229947,3953.8828124420002,8,7,1,nwk_enqueue,19299,16,17
3233753,3958.604293632,2,2,1,nwk_nsdp_release,,16,15
3233817,3958.6199999999999,2,2,1,nwk_enqueue,20097,15,16
3234334,3959.267293632,2,7,1,nwk_nsdp_release,,17,16
3237115,3962.8812936320001,2,8,1,nwk_nsdp_release,,16,15
3240886,3967.5848153460001,2,7,1,nwk_enqueue,18636,16,17
3241075,3967.7952953459999,8,7,1,nwk_nsdp_release,,17,16
3242671,3969.680293632,2,8,1,nwk_nsdp_release,,15,14
3243627,3970.9672936319998,2,7,1,nwk_nsdp_release,,17,16
3244152,3971.5522936319999,2,2,1,nwk_nsdp_release,,16,15
3244209,3971.5599999999999,2,2,1,nwk_enqueue,20158,15,16
3244483,3971.8748153460001,2,8,1,nwk_enqueue,19343,14,15
3244584,3971.9682953460001,8,8,1,nwk_nsdp_release,,16,15
3244690,3971.98,8,8,1,nwk_enqueue,20162,15,16
3245145,3972.5378153460001,2,8,1,nwk_enqueue,19373,15,16
3245495,3972.800295346,8,8,1,nwk_nsdp_release,,16,15
3245568,3972.8200000000002,8,8,1,nwk_enqueue,20166,15,16
3245842,3973.2398153459999,2,8,1,nwk_enqueue,19389,16,17
3246225,3973.7232953460002,8,8,1,nwk_nsdp_release,,16,15
3246273,3973.7399999999998,8,8,1,nwk_enqueue,20171,15,16
3246934,3974.7608124419999,8,7,1,nwk_enqueue,19402,16,17
3248162,3976.0112936320002,2,2,1,nwk_nsdp_release,,16,15
3248217,3976.02,2,2,1,nwk_enqueue,20186,15,16
3248702,3976.557293632,2,8,1,nwk_nsdp_release,,17,16
3249310,3977.2332936319999,2,8,1,nwk_nsdp_release,,16,15
3249790,3977.7118124419999,8,7,1,nwk_enqueue,19407,17,18
3250360,3978.2732936319999,2,7,1,nwk_nsdp_release,,16,15
3252075,3980.5068153460002,2,7,1,nwk_enqueue,18741,15,16
3252667,3981.1332953460001,8,7,1,nwk_nsdp_release,,18,17
3253211,3981.7548153460002,2,7,1,nwk_enqueue,18903,16,17
3253364,3981.9002953459999,8,7,1,nwk_nsdp_release,,17,16
3255284,3984.2638153459998,2,8,1,nwk_enqueue,19471,15,16
3255483,3984.5002953459998,8,8,1,nwk_nsdp_release,,16,15
3255537,3984.52,8,8,1,nwk_enqueue,20230,15,16
3255780,3984.8358153459999,2,7,1,nwk_enqueue,18916,17,18
3255955,3985.0072936319998,2,7,1,nwk_nsdp_release,,18,17
3256250,3985.3322953460001,8,7,1,nwk_nsdp_release,,16,15
3258233,3988.137815346,2,7,1,nwk_enqueue,18920,17,18
3258514,3988.5432953459999,8,7,1,nwk_nsdp_release,,15,14
3259740,3990.1292936320001,2,8,1,nwk_nsdp_release,,16,15
3262293,3994.1828153460001,2,8,1,nwk_enqueue,19511,15,16
3262574,3994.6012953459999,8,8,1,nwk_nsdp_release,,16,15
3262623,3994.6199999999999,8,8,1,nwk_enqueue,20276,15,16
3262818,3994.8848153459999,2,8,1,nwk_enqueue,19597,16,17
3263111,3995.173295346,8,8,1,nwk_nsdp_release,,16,15
3263151,3995.1799999999998,8,8,1,nwk_enqueue,20281,15,16
3264472,3996.5382936320002,2,2,1,nwk_nsdp_release,,16,15
3264529,3996.54,2,2,1,nwk_enqueue,20288,15,16
3265429,3997.4482936320001,2,2,1,nwk_nsdp_release,,16,15
3265487,3997.46,2,2,1,nwk_enqueue,20294,15,16
3266305,3998.3582936319999,2,8,1,nwk_nsdp_release,,17,16
3266848,3998.9562936319999,2,8,1,nwk_nsdp_release,,16,15
3267510,3999.8768124419998,8,7,1,nwk_enqueue,19513,14,15
3268393,4000.7868124420002,8,7,1,nwk_enqueue,19635,15,16
3269074,4001.631812442,8,7,1,nwk_enqueue,19514,16,17
3269555,4002.1648124419999,8,7,1,nwk_enqueue,19636,17,18
3271901,4004.2968153460001,2,8,1,nwk_enqueue,19598,15,16
3272230,4004.7282953459999,8,8,1,nwk_nsdp_release,,16,15
3272283,4004.7399999999998,8,8,1,nwk_enqueue,20341,15,16
3272561,4005.0378153460001,2,7,1,nwk_enqueue,18925,18,19
3272664,4005.1052953459998,8,7,1,nwk_nsdp_release,,18,17
3273314,4005.713815346,2,7,1,nwk_enqueue,18931,19,20
3273504,4005.8592953460002,8,7,1,nwk_nsdp_release,,17,16
3275294,4008.0562936319998,2,7,1,nwk_nsdp_release,,20,19
3276238,4009.0548153459999,2,7,1,nwk_enqueue,18937,19,20
3276746,4009.5902953459999,8,7,1,nwk_nsdp_release,,16,15
3279516,4012.814293632,2,7,1,nwk_nsdp_release,,20,19
3282828,4017.0652936319998,2,7,1,nwk_nsdp_release,,19,18
3283637,4017.8038153460002,2,8,1,nwk_enqueue,19725,16,17
3283902,4017.9882953460001,8,8,1,nwk_nsdp_release,,16,15
3283943,4018,8,8,1,nwk_enqueue,20413,15,16
3286918,4021.8232936320001,2,2,1,nwk_nsdp_release,,16,15
3286920,4021.8232936320001,2,7,1,nwk_nsdp_release,,18,17
3286980,4021.8400000000001,2,2,1,nwk_enqueue,20429,15,16
3287569,4022.6268124419998,8,7,1,nwk_enqueue,19643,15,16
3288261,4023.185812442,8,7,1,nwk_enqueue,19760,16,17
3288751,4023.6798124420002,8,7,1,nwk_enqueue,19761,17,18
3289941,4024.6962936320001,2,2,1,nwk_nsdp_release,,16,15
3289997,4024.6999999999998,2,2,1,nwk_enqueue,20448,15,16
3290773,4025.447815346,2,7,1,nwk_enqueue,18938,17,18
3291124,4025.8142953460001,8,7,1,nwk_nsdp_release,,18,17
3291503,4026.1628153460001,2,7,1,nwk_enqueue,19050,18,19
3291739,4026.4512953459998,8,7,1,nwk_nsdp_release,,17,16
3294774,4030.1798153459999,2,7,1,nwk_enqueue,19051,19,20
3295124,4030.5332953460002,8,7,1,nwk_nsdp_release,,16,15
3296511,4032.1192936319999,2,2,1,nwk_nsdp_release,,16,15
3296570,4032.1199999999999,2,2,1,nwk_enqueue,20482,15,16
3297752,4033.3672936319999,2,2,1,nwk_nsdp_release,,16,15
3297811,4033.3800000000001,2,2,1,nwk_enqueue,20487,15,16
3301535,4038.4632936319999,2,2,1,nwk_nsdp_release,,16,15
3301595,4038.48,2,2,1,nwk_enqueue,20505,15,16
3304003,4041.0868153460001,2,8,1,nwk_enqueue,19832,17,18
3304129,4041.193295346,8,8,1,nwk_nsdp_release,,16,15
3304170,4041.1999999999998,8,8,1,nwk_enqueue,20520,15,16
3305739,4043.260293632,2,2,1,nwk_nsdp_release,,16,15
3305803,4043.2800000000002,2,2,1,nwk_enqueue,20531,15,16
3306910,4044.5578124419999,8,7,1,nwk_enqueue,19765,15,16
3307503,4045.0388124420001,8,7,1,nwk_enqueue,19854,16,17
3308095,4045.4572936320001,2,8,1,nwk_nsdp_release,,18,17
3308266,4045.6628124419999,8,7,1,nwk_enqueue,19855,17,18
3308570,4045.8472936319999,2,2,1,nwk_nsdp_release,,16,15
3308631,4045.8600000000001,2,2,1,nwk_enqueue,20549,15,16
3310413,4047.4438153460001,2,7,1,nwk_enqueue,19054,20,21
3311007,4048.1092953460002,8,7,1,nwk_nsdp_release,,18,17
3312569,4050.1478153459998,2,7,1,nwk_enqueue,19173,21,22
3312693,4050.2542953460002,8,7,1,nwk_nsdp_release,,17,16
3313320,4050.927815346,2,7,1,nwk_enqueue,19179,22,23
3313457,4051.086295346,8,7,1,nwk_nsdp_release,,16,15
3316125,4053.9202936319998,2,7,1,nwk_nsdp_release,,23,22
3316525,4054.414293632,2,7,1,nwk_nsdp_release,,22,21
3317145,4055.064293632,2,7,1,nwk_nsdp_release,,21,20
3317742,4055.7662936319998,2,7,1,nwk_nsdp_release,,20,19
3318095,4056.2082936319998,2,2,1,nwk_nsdp_release,,16,15
3318152,4056.2199999999998,2,2,1,nwk_enqueue,20599,15,16
3318828,4056.8972936320001,2,2,1,nwk_nsdp_release,,16,15
3318886,4056.9000000000001,2,2,1,nwk_enqueue,20602,15,16
3320720,4059.1202936320001,2,7,1,nwk_nsdp_release,,19,18
3322633,4061.639815346,2,8,1,nwk_enqueue,19872,17,18
3322788,4061.7852953460001,8,8,1,nwk_nsdp_release,,16,15
3322831,4061.8000000000002,8,8,1,nwk_enqueue,20623,15,16
3324572,4064.0342936319998,2,8,1,nwk_nsdp_release,,18,17
3325880,4065.7738124419998,8,7,1,nwk_enqueue,19861,15,16
3326550,4066.3588124419998,8,7,1,nwk_enqueue,19956,16,17
3326986,4066.8658124419999,8,7,1,nwk_enqueue,19977,17,18
3328823,4069.322815346,2,8,1,nwk_enqueue,19924,17,18
3329135,4069.6892953460001,8,8,1,nwk_nsdp_release,,16,15
3329179,4069.6999999999998,8,8,1,nwk_enqueue,20669,15,16
3329855,4070.570815346,2,7,1,nwk_enqueue,19286,18,19
3330017,4070.7292953460001,8,7,1,nwk_nsdp_release,,18,17
3330775,4071.532815346,2,7,1,nwk_enqueue,19279,19,20
3330908,4071.6392953459999,8,7,1,nwk_nsdp_release,,17,16
3332654,4073.7712936319999,2,2,1,nwk_nsdp_release,,16,15
3332656,4073.7712936319999,2,8,1,nwk_nsdp_release,,18,17
3332715,4073.7800000000002,2,2,1,nwk_enqueue,20692,15,16
3335410,4077.008293632,2,7,1,nwk_nsdp_release,,20,19
3336104,4077.7102936319998,2,7,1,nwk_nsdp_release,,19,18
3338286,4080.479293632,2,8,1,nwk_nsdp_release,,17,16
3340035,4082.387815346,2,8,1,nwk_enqueue,19991,16,17
3340168,4082.481293632,2,8,1,nwk_nsdp_release,,17,16
3340406,4082.637295346,8,8,1,nwk_nsdp_release,,16,15
3340448,4082.6399999999999,8,8,1,nwk_enqueue,20733,15,16
3342321,4084.7432936320001,2,8,1,nwk_nsdp_release,,16,15
3344545,4087.2628124419998,8,7,1,nwk_enqueue,20080,16,17
3344851,4087.6398124420002,8,7,1,nwk_enqueue,20179,17,18
3347091,4090.3048153459999,2,8,1,nwk_enqueue,19997,15,16
3347406,4090.6192953459999,8,8,1,nwk_nsdp_release,,16,15
3347457,4090.6199999999999,8,8,1,nwk_enqueue,20775,15,16
3347800,4090.889815346,2,8,1,nwk_enqueue,20008,16,17
3347994,4091.1498153460002,2,8,1,nwk_enqueue,20026,17,18
3348123,4091.282295346,8,8,1,nwk_nsdp_release,,16,15
3348125,4091.282295346,8,8,1,nwk_nsdp_release,,15,14
3348171,4091.3000000000002,8,8,1,nwk_enqueue,20780,14,15
3348216,4091.3200000000002,8,8,1,nwk_enqueue,20781,15,16
3350450,4094.1268153460001,2,8,1,nwk_enqueue,20048,18,19
3350720,4094.4282953460001,8,8,1,nwk_nsdp_release,,16,15
3350764,4094.4400000000001,8,8,1,nwk_enqueue,20795,15,16
3354012,4098.3412936320001,2,8,1,nwk_nsdp_release,,19,18
3354014,4098.3412936320001,2,8,1,nwk_nsdp_release,,18,17
3357820,4103.1358153459996,2,7,1,nwk_enqueue,19299,18,19
3357917,4103.2032953460002,8,7,1,nwk_nsdp_release,,18,17
3359971,4105.7512936319999,2,7,1,nwk_nsdp_release,,19,18
3359973,4105.7512936319999,2,8,1,nwk_nsdp_release,,17,16
3361770,4108.2318124419999,8,7,1,nwk_enqueue,20199,17,18
3361995,4108.5438124419998,8,7,1,nwk_enqueue,20309,18,19
3364279,4111.8198153459998,2,8,1,nwk_enqueue,20162,16,17
3364501,4112.0562953460003,8,8,1,nwk_nsdp_release,,16,15
3364586,4112.0600000000004,8,8,1,nwk_enqueue,20876,15,16
3364747,4112.3138153460004,2,8,1,nwk_enqueue,20166,17,18
3364952,4112.5762953459998,8,8,1,nwk_nsdp_release,,16,15
3364997,4112.5799999999999,8,8,1,nwk_enqueue,20879,15,16
3366837,4114.9398153459997,2,8,1,nwk_enqueue,20171,18,19
3367010,4115.0592936319999,2,2,1,nwk_nsdp_release,,16,15
3367068,4115.0600000000004,2,2,1,nwk_enqueue,20892,15,16
3367439,4115.4622953460002,8,8,1,nwk_nsdp_release,,16,15
3367487,4115.4799999999996,8,8,1,nwk_enqueue,20894,15,16
3370724,4119.4662936320001,2,7,1,nwk_nsdp_release,,18,17
3370726,4119.4662936320001,2,2,1,nwk_nsdp_release,,16,15
3370785,4119.4799999999996,2,2,1,nwk_enqueue,20917,15,16
3372950,4122.2482936320002,2,7,1,nwk_nsdp_release,,17,16
3374229,4123.613293632,2,2,1,nwk_nsdp_release,,16,15
3374286,4123.6199999999999,2,2,1,nwk_enqueue,20938,15,16
3376542,4126.6528153460004,2,7,1,nwk_enqueue,19402,16,17
3376672,4126.7722953459997,8,7,1,nwk_nsdp_release,,19,18
3377455,4127.6952936320004,2,8,1,nwk_nsdp_release,,19,18
3377950,4128.202293632,2,8,1,nwk_nsdp_release,,18,17
3378862,4129.4738124420001,8,7,1,nwk_enqueue,20314,18,19
3379357,4129.9418124419999,8,7,1,nwk_enqueue,20321,19,20
3381499,4133.1138153459997,2,8,1,nwk_enqueue,20230,17,18
3381641,4133.233295346,8,8,1,nwk_nsdp_release,,16,15
3381686,4133.2399999999998,8,8,1,nwk_enqueue,20986,15,16
3383094,4134.7518153459996,2,7,1,nwk_enqueue,19407,17,18
3383345,4134.9102953459997,8,7,1,nwk_nsdp_release,,20,19
3384469,4136.0412936319999,2,8,1,nwk_nsdp_release,,18,17
3384650,4136.2858153460002,2,8,1,nwk_enqueue,20276,17,18
3384975,4136.7432953460002,8,8,1,nwk_nsdp_release,,16,15
3385021,4136.7600000000002,8,8,1,nwk_enqueue,21002,15,16
3388237,4140.5132936319997,2,7,1,nwk_nsdp_release,,18,17
3388239,4140.5132936319997,2,2,1,nwk_nsdp_release,,16,15
3388296,4140.5200000000004,2,2,1,nwk_enqueue,21023,15,16
3391469,4144.4912936319997,2,7,1,nwk_nsdp_release,,17,16
3393971,4147.3748153460001,2,8,1,nwk_enqueue,20281,18,19
3394204,4147.6372953460004,8,8,1,nwk_nsdp_release,,16,15
3394249,4147.6400000000003,8,8,1,nwk_enqueue,21057,15,16
3396406,4149.7952936319998,2,7,1,nwk_nsdp_release,,16,15
3396408,4149.7952936319998,2,8,1,nwk_nsdp_release,,19,18
3397647,4151.0798124419998,8,7,1,nwk_enqueue,20325,19,20
3398262,4151.6518124419999,8,7,1,nwk_enqueue,20434,20,21
3399878,4153.7708153459998,2,7,1,nwk_enqueue,19513,15,16
3400167,4154.1892953460001,8,7,1,nwk_nsdp_release,,21,20
3400648,4154.7588153460001,2,7,1,nwk_enqueue,19635,16,17
3401255,4155.4242953459998,8,7,1,nwk_nsdp_release,,20,19
3403008,4157.6212936319998,2,7,1,nwk_nsdp_release,,17,16
3405465,4160.9362936320003,2,8,1,nwk_nsdp_release,,18,17
3406103,4161.9608153460003,2,7,1,nwk_enqueue,19636,16,17
3406440,4162.2362953459997,8,7,1,nwk_nsdp_release,,19,18
3407737,4163.662000028,8,7,1,nwk_nsdp_release,,18,17
3408282,4164.3422936320003,2,2,1,nwk_nsdp_release,,16,15
3408351,4164.3599999999997,2,2,1,nwk_enqueue,21141,15,16
3408795,4164.836293632,2,8,1,nwk_nsdp_release,,17,16
3409393,4165.4992936320004,2,2,1,nwk_nsdp_release,,16,15
3409448,4165.5,2,2,1,nwk_enqueue,21149,15,16
3411347,4167.9928153459996,2,8,1,nwk_enqueue,20341,16,17
3411673,4168.2942953459997,8,8,1,nwk_nsdp_release,,16,15
3411716,4168.3000000000002,8,8,1,nwk_enqueue,21163,15,16
3413483,4170.3612936319996,2,8,1,nwk_nsdp_release,,17,16
3414019,4170.9592936319996,2,7,1,nwk_nsdp_release,,17,16
3414700,4171.9318124419997,8,7,1,nwk_enqueue,20442,17,18
3415403,4172.6728124419997,8,7,1,nwk_enqueue,20443,18,19
3417521,4175.896815346,2,8,1,nwk_enqueue,20413,16,17
3417837,4176.3152953460003,8,8,1,nwk_nsdp_release,,16,15
3417882,4176.3199999999997,8,8,1,nwk_enqueue,21199,15,16
3420752,4180.7742936320001,2,7,1,nwk_nsdp_release,,16,15
3421342,4181.4112936319998,2,7,1,nwk_nsdp_release,,15,14
3424034,4185.220293632,2,2,1,nwk_nsdp_release,,16,15
3424036,4185.220293632,2,8,1,nwk_nsdp_release,,17,16
3424101,4185.2399999999998,2,2,1,nwk_enqueue,21243,15,16
3424922,4186.1172936319999,2,2,1,nwk_nsdp_release,,16,15
3424974,4186.1199999999999,2,2,1,nwk_enqueue,21250,15,16
3426857,4188.6368153459998,2,7,1,nwk_enqueue,19643,14,15
3427156,4188.8992953460001,8,7,1,nwk_nsdp_release,,19,18
3427861,4189.6898153459997,2,7,1,nwk_enqueue,19760,15,16
3428015,4189.8742953459996,8,7,1,nwk_nsdp_release,,18,17
3428718,4190.4568153460004,2,7,1,nwk_enqueue,19761,16,17
3428867,4190.6022953459997,8,7,1,nwk_nsdp_release,,17,16
3431167,4192.7448124419998,8,7,1,nwk_enqueue,20537,16,17
3431222,4192.7732936319999,2,7,1,nwk_nsdp_release,,17,16
3431583,4193.0828124420004,8,7,1,nwk_enqueue,20545,17,18
3433258,4194.671293632,2,7,1,nwk_nsdp_release,,16,15
3436566,4199.2058153460002,2,8,1,nwk_enqueue,20520,16,17
3436692,4199.2992953459998,8,8,1,nwk_nsdp_release,,16,15
3436740,4199.3000000000002,8,8,1,nwk_enqueue,21315,15,16
3439065,4201.613293632,2,7,1,nwk_nsdp_release,,15,14
3439797,4202.4062936319997,2,2,1,nwk_nsdp_release,,16,15
3439859,4202.4200000000001,2,2,1,nwk_enqueue,21334,15,16
3441332,4204.6918153460001,2,7,1,nwk_enqueue,19765,14,15
3441723,4205.1882953459999,8,7,1,nwk_nsdp_release,,18,17
3442144,4205.744815346,2,7,1,nwk_enqueue,19854,15,16
3442424,4206.0722953459999,8,7,1,nwk_nsdp_release,,17,16
3444587,4208.409815346,2,7,1,nwk_enqueue,19855,16,17
3444717,4208.5162953460003,8,7,1,nwk_nsdp_release,,16,15
3447103,4211.3218153460002,2,8,1,nwk_enqueue,20623,17,18
3447368,4211.5582953459998,8,8,1,nwk_nsdp_release,,16,15
3447409,4211.5600000000004,8,8,1,nwk_enqueue,21384,15,16
3448774,4213.0922936320003,2,2,1,nwk_nsdp_release,,16,15
3448828,4213.1000000000004,2,2,1,nwk_enqueue,21391,15,16
3449930,4214.3012936320001,2,8,1,nwk_nsdp_release,,18,17
3451576,4215.9912936319997,2,2,1,nwk_nsdp_release,,16,15
3451578,4215.9912936319997,2,2,1,nwk_nsdp_release,,15,14
3451580,4215.9912936319997,2,2,1,nwk_nsdp_release,,14,13
3451634,4216,2,2,1,nwk_enqueue,21408,13,14
3451702,4216.0200000000004,2,2,1,nwk_enqueue,21409,14,15
3451765,4216.04,2,2,1,nwk_enqueue,21410,15,16
3452139,4216.5738124420004,8,7,1,nwk_enqueue,20646,15,16
3452796,4217.3408124420002,8,7,1,nwk_enqueue,20650,16,17
3453530,4218.0818124420002,8,7,1,nwk_enqueue,20551,17,18
3454976,4219.6548153459999,2,7,1,nwk_enqueue,19861,17,18
3455512,4220.4502953459996,8,7,1,nwk_nsdp_release,,18,17
3459131,4224.7532936320004,2,7,1,nwk_nsdp_release,,18,17
3459133,4224.7532936320004,2,7,1,nwk_nsdp_release,,17,16
3463913,4231.0818153460004,2,7,1,nwk_enqueue,19956,16,17
3464502,4231.7732953459999,8,7,1,nwk_nsdp_release,,17,16
3466312,4234.2928153459998,2,7,1,nwk_enqueue,19977,17,18
3466517,4234.3992953460001,8,7,1,nwk_nsdp_release,,16,15
3468809,4237.2852936319996,2,7,1,nwk_nsdp_release,,18,17
3469811,4238.3382936320004,2,2,1,nwk_nsdp_release,,16,15
3469871,4238.3400000000001,2,2,1,nwk_enqueue,21520,15,16
3470813,4239.4562936319999,2,8,1,nwk_nsdp_release,,17,16
3470815,4239.4562936319999,2,8,1,nwk_nsdp_release,,16,15
3471726,4240.2232936319997,2,7,1,nwk_nsdp_release,,17,16
3472040,4240.571812442,8,7,1,nwk_enqueue,20654,15,16
3473867,4242.4958153460002,2,8,1,nwk_enqueue,20669,15,16
3474024,4242.693295346,8,8,1,nwk_nsdp_release,,16,15
3474073,4242.6999999999998,8,8,1,nwk_enqueue,21549,15,16
3475004,4243.7828124420002,8,7,1,nwk_enqueue,20756,16,17
3477446,4246.3982936319999,2,7,1,nwk_nsdp_release,,16,15
3477448,4246.3982936319999,2,2,1,nwk_nsdp_release,,16,15
3477506,4246.3999999999996,2,2,1,nwk_enqueue,21568,15,16
3478456,4247.5032936320004,2,8,1,nwk_nsdp_release,,16,15
3478459,4247.5032936320004,2,8,1,nwk_nsdp_release,,15,14
3478462,4247.5032936320004,2,2,1,nwk_nsdp_release,,16,15
3478531,4247.5200000000004,2,2,1,nwk_enqueue,21575,15,16
3478857,4247.9558153460002,2,8,1,nwk_enqueue,20733,14,15
3479059,4248.0232953459999,8,8,1,nwk_nsdp_release,,16,15
3479123,4248.04,8,8,1,nwk_enqueue,21580,15,16
3480695,4249.7002936319996,2,8,1,nwk_nsdp_release,,15,14
3480697,4249.7002936319996,2,8,1,nwk_nsdp_release,,14,13
3484875,4254.7288153460004,2,8,1,nwk_enqueue,20775,13,14
3485091,4254.9262953460002,8,8,1,nwk_nsdp_release,,16,15
3485146,4254.9399999999996,8,8,1,nwk_enqueue,21614,15,16
3485583,4255.4438153459996,2,8,1,nwk_enqueue,20780,14,15
3485770,4255.550295346,8,8,1,nwk_nsdp_release,,16,15
3485818,4255.5600000000004,8,8,1,nwk_enqueue,21617,15,16
3486164,4255.9508153460001,2,8,1,nwk_enqueue,20781,15,16
3486322,4256.0962953460003,8,8,1,nwk_nsdp_release,,16,15
3486376,4256.1000000000004,8,8,1,nwk_enqueue,21621,15,16
3487171,4256.8088153460003,2,7,1,nwk_enqueue,20199,15,16
3487405,4256.9240000279997,8,7,1,nwk_nsdp_release,,17,16
3487829,4257.4352953460002,8,7,1,nwk_nsdp_release,,16,15
3489016,4258.7328153460003,2,8,1,nwk_enqueue,20795,16,17
3489485,4259.1642953459996,8,8,1,nwk_nsdp_release,,16,15
3489528,4259.1800000000003,8,8,1,nwk_enqueue,21641,15,16
3490394,4260.1628153459997,2,7,1,nwk_enqueue,20309,16,17
3490632,4260.3082953459998,8,7,1,nwk_nsdp_release,,15,14
3491345,4260.8648124419997,8,7,1,nwk_enqueue,20760,14,15
3491536,4261.0190000279999,8,7,1,nwk_nsdp_release,,15,14
3493910,4263.5452936319998,2,8,1,nwk_nsdp_release,,17,16
3493912,4263.5452936319998,2,7,1,nwk_nsdp_release,,17,16
3493914,4263.5452936319998,2,8,1,nwk_nsdp_release,,16,15
3494033,4263.6078124420001,8,7,1,nwk_enqueue,20861,14,15
3494588,4264.205812442,8,7,1,nwk_enqueue,20862,15,16
3494896,4264.4812936320004,2,8,1,nwk_nsdp_release,,15,14
3495418,4264.9728124419998,8,7,1,nwk_enqueue,20968,16,17
3495755,4265.3368124420003,8,7,1,nwk_enqueue,20969,17,18
3497628,4267.2242936319999,2,8,1,nwk_nsdp_release,,14,13
3498291,4267.9132936320002,2,2,1,nwk_nsdp_release,,16,15
3498349,4267.9200000000001,2,2,1,nwk_enqueue,21698,15,16
3501178,4271.4622936320002,2,2,1,nwk_nsdp_release,,16,15
3501239,4271.4799999999996,2,2,1,nwk_enqueue,21720,15,16
3503114,4273.5032936320004,2,2,1,nwk_nsdp_release,,16,15
3503179,4273.5200000000004,2,2,1,nwk_enqueue,21728,15,16
3504345,4274.8812936320001,2,7,1,nwk_nsdp_release,,16,15
3504347,4274.8812936320001,2,8,1,nwk_nsdp_release,,13,12
3505155,4276.064293632,2,7,1,nwk_nsdp_release,,15,14
3507580,4279.454815346,2,8,1,nwk_enqueue,20876,12,13
3508182,4280.1072953459998,8,8,1,nwk_nsdp_release,,16,15
3508233,4280.1199999999999,8,8,1,nwk_enqueue,21761,15,16
3508741,4280.5858153460003,2,8,1,nwk_enqueue,20879,13,14
3509123,4281.0148153460004,2,8,1,nwk_enqueue,20894,14,15
3509238,4281.108295346,8,8,1,nwk_nsdp_release,,16,15
3509241,4281.108295346,8,8,1,nwk_nsdp_release,,15,14
3509303,4281.1199999999999,8,8,1,nwk_enqueue,21767,14,15
3509357,4281.1400000000003,8,8,1,nwk_enqueue,21768,15,16
3510465,4282.4448153459998,2,7,1,nwk_enqueue,20321,14,15
3510605,4282.5642953460001,8,7,1,nwk_nsdp_release,,18,17
3510870,4282.8998153459997,2,8,1,nwk_enqueue,20986,15,16
3511074,4283.0452953459999,8,8,1,nwk_nsdp_release,,16,15
3511134,4283.0600000000004,8,8,1,nwk_enqueue,21780,15,16
3511340,4283.302815346,2,8,1,nwk_enqueue,21002,16,17
3511879,4283.744815346,2,8,1,nwk_enqueue,21057,17,18
3512218,4284.0048153460002,2,7,1,nwk_enqueue,20314,15,16
3512442,4284.1502953460003,8,8,1,nwk_nsdp_release,,16,15
3512444,4284.1502953460003,8,8,1,nwk_nsdp_release,,15,14
3512446,4284.1502953460003,8,7,1,nwk_nsdp_release,,17,16
3512494,4284.1599999999999,8,8,1,nwk_enqueue,21788,14,15
3512547,4284.1800000000003,8,8,1,nwk_enqueue,21789,15,16
3512705,4284.4208153460004,2,7,1,nwk_enqueue,20325,16,17
3513037,4284.644295346,8,7,1,nwk_nsdp_release,,16,15
3514301,4286.0068124420004,8,7,1,nwk_enqueue,21075,15,16
3514485,4286.113293632,2,8,1,nwk_nsdp_release,,18,17
3514895,4286.4902936320004,2,2,1,nwk_nsdp_release,,16,15
3514957,4286.5,2,2,1,nwk_enqueue,21803,15,16
3515090,4286.6308124420002,8,7,1,nwk_enqueue,21079,16,17
3515601,4287.0858124420001,8,7,1,nwk_enqueue,21179,17,18
3517051,4288.6092936320001,2,7,1,nwk_nsdp_release,,17,16
3519843,4291.9502936319996,2,8,1,nwk_nsdp_release,,17,16
3520429,4292.6262936319999,2,7,1,nwk_nsdp_release,,16,15
3523065,4295.8112936320003,2,7,1,nwk_nsdp_release,,15,14
3523779,4296.7342936320001,2,2,1,nwk_nsdp_release,,16,15
3523831,4296.7399999999998,2,2,1,nwk_enqueue,21855,15,16
3529207,4304.7918153459996,2,7,1,nwk_enqueue,20434,14,15
3529706,4305.2468153460004,2,8,1,nwk_enqueue,21163,16,17
3529966,4305.483295346,8,8,1,nwk_nsdp_release,,16,15
3529968,4305.483295346,8,7,1,nwk_nsdp_release,,18,17
3530019,4305.5,8,8,1,nwk_enqueue,21895,15,16
3530545,4306.0788153459998,2,7,1,nwk_enqueue,20442,15,16
3531344,4306.7158153460005,2,7,1,nwk_enqueue,20443,16,17
3531531,4306.8872953460004,8,7,1,nwk_nsdp_release,,17,16
3531533,4306.8872953460004,8,7,1,nwk_nsdp_release,,16,15
3532573,4307.8988124420002,8,7,1,nwk_enqueue,21183,15,16
3532899,4308.2758124419997,8,7,1,nwk_enqueue,21284,16,17
3533418,4308.8088124420001,8,7,1,nwk_enqueue,21285,17,18
3534744,4310.1372936320004,2,8,1,nwk_nsdp_release,,17,16
3534746,4310.1372936320004,2,2,1,nwk_nsdp_release,,16,15
3534803,4310.1400000000003,2,2,1,nwk_enqueue,21926,15,16
3535187,4310.5378153459997,2,8,1,nwk_enqueue,21199,16,17
3535720,4311.0212953460004,8,8,1,nwk_nsdp_release,,16,15
3535768,4311.04,8,8,1,nwk_enqueue,21930,15,16
3540237,4316.8712936319998,2,2,1,nwk_nsdp_release,,16,15
3540239,4316.8712936319998,2,8,1,nwk_nsdp_release,,17,16
3540293,4316.8800000000001,2,2,1,nwk_enqueue,21958,15,16
3540725,4317.3132936319998,2,2,1,nwk_nsdp_release,,16,15
3540780,4317.3199999999997,2,2,1,nwk_enqueue,21962,15,16
3546640,4325.9298153460004,2,7,1,nwk_enqueue,20537,17,18
3546975,4326.3872953460004,8,7,1,nwk_nsdp_release,,18,17
3547955,4327.5288153459996,2,7,1,nwk_enqueue,20545,18,19
3548095,4327.635295346,8,7,1,nwk_nsdp_release,,17,16
3549358,4329.2968124420004,8,7,1,nwk_enqueue,21416,16,17
3549606,4329.5438124419998,8,7,1,nwk_enqueue,21422,17,18
3551532,4331.8578153460003,2,8,1,nwk_enqueue,21315,16,17
3551770,4332.0812953459999,8,8,1,nwk_nsdp_release,,16,15
3551816,4332.1000000000004,8,8,1,nwk_enqueue,22023,15,16
3552146,4332.3022936320003,2,7,1,nwk_nsdp_release,,19,18
3554903,4335.0842936319996,2,8,1,nwk_nsdp_release,,17,16
3554905,4335.0842936319996,2,7,1,nwk_nsdp_release,,18,17
3557874,4338.6332936319995,2,7,1,nwk_nsdp_release,,17,16
3557876,4338.6332936319995,2,2,1,nwk_nsdp_release,,16,15
3557878,4338.6332936319995,2,7,1,nwk_nsdp_release,,16,15
3557930,4338.6400000000003,2,2,1,nwk_enqueue,22059,15,16
3560172,4341.2332936319999,2,7,1,nwk_nsdp_release,,15,14
3563693,4346.8988153460004,2,8,1,nwk_enqueue,21384,16,17
3564247,4347.5252953460003,8,8,1,nwk_nsdp_release,,16,15
3564293,4347.54,8,8,1,nwk_enqueue,22100,15,16
3566157,4350.2528153459998,2,7,1,nwk_enqueue,20646,14,15
3566464,4350.6558124419998,8,7,1,nwk_enqueue,21426,18,19
3566775,4350.9052953459995,8,7,1,nwk_nsdp_release,,19,18
3568445,4352.5668153460001,2,7,1,nwk_enqueue,20650,15,16
3568544,4352.6342953459998,8,7,1,nwk_nsdp_release,,18,17
3568735,4352.9178153459998,2,7,1,nwk_enqueue,20551,16,17
3569059,4353.2298153459997,2,7,1,nwk_enqueue,20654,17,18
3569396,4353.5052953459999,8,7,1,nwk_nsdp_release,,17,16
3569398,4353.5052953459999,8,7,1,nwk_nsdp_release,,16,15
3569654,4353.8018124419996,8,7,1,nwk_enqueue,21536,15,16
3570059,4354.2438124419996,8,7,1,nwk_enqueue,21556,16,17
3571974,4356.3392936319997,2,7,1,nwk_nsdp_release,,18,17
3573867,4358.796293632,2,8,1,nwk_nsdp_release,,17,16
3574391,4359.3162936320005,2,2,1,nwk_nsdp_release,,16,15
3574444,4359.3199999999997,2,2,1,nwk_enqueue,22160,15,16
3575136,4360.0182936319998,2,2,1,nwk_nsdp_release,,16,15
3575190,4360.0200000000004,2,2,1,nwk_enqueue,22165,15,16
3575554,4360.4862936319996,2,2,1,nwk_nsdp_release,,16,15
3575611,4360.5,2,2,1,nwk_enqueue,22168,15,16
3576958,4361.7992936319997,2,2,1,nwk_nsdp_release,,16,15
3577013,4361.8000000000002,2,2,1,nwk_enqueue,22176,15,16
3581217,4368.0238153460004,2,8,1,nwk_enqueue,21549,16,17
3581400,4368.260295346,8,8,1,nwk_nsdp_release,,16,15
3581456,4368.2799999999997,8,8,1,nwk_enqueue,22201,15,16
3584193,4371.9628124419996,8,7,1,nwk_enqueue,21653,17,18
3586425,4374.1858153459998,2,7,1,nwk_enqueue,20756,17,18
3586546,4374.3052953460001,8,7,1,nwk_nsdp_release,,18,17
3586955,4374.8098153459996,2,8,1,nwk_enqueue,21580,17,18
3587091,4374.8902953460001,8,8,1,nwk_nsdp_release,,16,15
3587134,4374.8999999999996,8,8,1,nwk_enqueue,22237,15,16
3589099,4377.3448124420001,8,7,1,nwk_enqueue,21669,17,18
3589460,4377.7242936319999,2,7,1,nwk_nsdp_release,,18,17
3591037,4379.3622936319998,2,7,1,nwk_nsdp_release,,17,16
3591346,4379.7392936320002,2,7,1,nwk_nsdp_release,,16,15
3592003,4380.3372936320002,2,2,1,nwk_nsdp_release,,16,15
3592057,4380.3400000000001,2,2,1,nwk_enqueue,22260,15,16
3592671,4380.961293632,2,8,1,nwk_nsdp_release,,18,17
3593458,4382.0402936319997,2,2,1,nwk_nsdp_release,,16,15
3593516,4382.0600000000004,2,2,1,nwk_enqueue,22269,15,16
3594377,4383.1582936320001,2,2,1,nwk_nsdp_release,,16,15
3594431,4383.1599999999999,2,2,1,nwk_enqueue,22276,15,16
3597545,4388.7068153460004,2,8,1,nwk_enqueue,21614,17,18
3597862,4389.1512953459996,8,8,1,nwk_nsdp_release,,16,15
3597906,4389.1599999999999,8,8,1,nwk_enqueue,22304,15,16
3600214,4392.6588124420005,8,7,1,nwk_enqueue,21674,18,19
3601996,4395.2458153460002,2,8,1,nwk_enqueue,21621,18,19
3602349,4395.6772953460004,8,8,1,nwk_nsdp_release,,16,15
3602393,4395.6800000000003,8,8,1,nwk_enqueue,22337,15,16
3603944,4397.7938124419998,8,7,1,nwk_enqueue,21681,19,20
3604752,4398.7062936319999,2,8,1,nwk_nsdp_release,,19,18
3605306,4399.3148153459997,2,8,1,nwk_enqueue,21617,18,19
3605817,4399.7592953459998,8,8,1,nwk_nsdp_release,,16,15
3605863,4399.7600000000002,8,8,1,nwk_enqueue,22358,15,16
3608700,4402.7752936320003,2,8,1,nwk_nsdp_release,,19,18
3608702,4402.7752936320003,2,8,1,nwk_nsdp_release,,18,17
3609250,4403.412293632,2,8,1,nwk_nsdp_release,,17,16
3610169,4404.3482936319997,2,8,1,nwk_nsdp_release,,16,15
3610171,4404.3482936319997,2,7,1,nwk_nsdp_release,,15,14
3612151,4407.2862936319998,2,7,1,nwk_nsdp_release,,14,13
3613629,4409.4808153459999,2,8,1,nwk_enqueue,21641,15,16
3613772,4409.6522953459998,8,8,1,nwk_nsdp_release,,16,15
3613825,4409.6599999999999,8,8,1,nwk_enqueue,22407,15,16
3614224,4410.0138153460002,2,7,1,nwk_enqueue,20760,13,14
3614638,4410.510295346,8,7,1,nwk_nsdp_release,,20,19
3615254,4411.1968153460002,2,7,1,nwk_enqueue,20861,14,15
3615515,4411.5372953460001,8,7,1,nwk_nsdp_release,,19,18
3615869,4411.963815346,2,7,1,nwk_enqueue,20862,15,16
3616126,4412.3148153459997,2,7,1,nwk_enqueue,20968,16,17
3616286,4412.4602953459998,8,7,1,nwk_nsdp_release,,18,17
3616288,4412.4602953459998,8,7,1,nwk_nsdp_release,,17,16
3616634,4412.7828153459996,2,7,1,nwk_enqueue,20969,17,18
3616764,4412.876295346,8,7,1,nwk_nsdp_release,,16,15
3617184,4413.3678124420003,8,7,1,nwk_enqueue,21682,15,16
3617904,4414.0698124419996,8,7,1,nwk_enqueue,21800,16,17
3621357,4418.294812442,8,7,1,nwk_enqueue,21808,17,18
3622733,4419.6752936319999,2,2,1,nwk_nsdp_release,,16,15
3622789,4419.6800000000003,2,2,1,nwk_enqueue,22467,15,16
3623209,4420.0628153460002,2,8,1,nwk_enqueue,21761,16,17
3623314,4420.1302953459999,8,8,1,nwk_nsdp_release,,16,15
3623358,4420.1400000000003,8,8,1,nwk_enqueue,22470,15,16
3625738,4423.1982936320001,2,2,1,nwk_nsdp_release,,16,15
3625794,4423.1999999999998,2,2,1,nwk_enqueue,22480,15,16
3626544,4424.0172936319996,2,2,1,nwk_nsdp_release,,16,15
3626600,4424.0200000000004,2,2,1,nwk_enqueue,22486,15,16
3627320,4424.836293632,2,8,1,nwk_nsdp_release,,17,16
3629756,4427.644293632,2,8,1,nwk_nsdp_release,,16,15
3629758,4427.644293632,2,8,1,nwk_nsdp_release,,15,14
3630307,4428.2682936319998,2,7,1,nwk_nsdp_release,,18,17
3634047,4433.3618153460002,2,8,1,nwk_enqueue,21768,14,15
3634503,4433.8192953460002,8,8,1,nwk_nsdp_release,,16,15
3634553,4433.8199999999997,8,8,1,nwk_enqueue,22532,15,16
3635124,4434.4928153459996,2,8,1,nwk_enqueue,21780,15,16
3635420,4434.7788153459996,2,8,1,nwk_enqueue,21767,16,17
3635603,4434.9502953459996,8,8,1,nwk_nsdp_release,,16,15
3635606,4434.9502953459996,8,8,1,nwk_nsdp_release,,15,14
3635655,4434.96,8,8,1,nwk_enqueue,22540,14,15
3635724,4434.9799999999996,8,8,1,nwk_enqueue,22541,15,16
3635913,4435.2078124420004,8,7,1,nwk_enqueue,21812,18,19
3637301,4436.4168153459996,2,8,1,nwk_enqueue,21788,17,18
3637602,4436.8222953459999,8,8,1,nwk_nsdp_release,,16,15
3637649,4436.8400000000001,8,8,1,nwk_enqueue,22550,15,16
3639183,4439.0558124420004,8,7,1,nwk_enqueue,21910,19,20
3640864,4440.488293632,2,8,1,nwk_nsdp_release,,18,17
3643000,4443.137815346,2,7,1,nwk_enqueue,21075,17,18
3643607,4443.7642953459999,8,7,1,nwk_nsdp_release,,20,19
3644342,4444.6848153459996,2,8,1,nwk_enqueue,21789,17,18
3644531,4444.8562953459996,8,8,1,nwk_nsdp_release,,16,15
3644576,4444.8599999999997,8,8,1,nwk_enqueue,22588,15,16
3645970,4446.5592936319999,2,8,1,nwk_nsdp_release,,18,17
3646629,4447.2482936320002,2,7,1,nwk_nsdp_release,,18,17
3646631,4447.2482936320002,2,8,1,nwk_nsdp_release,,17,16
3648322,4449.4322936320004,2,2,1,nwk_nsdp_release,,16,15
3648324,4449.4322936320004,2,7,1,nwk_nsdp_release,,17,16
3648377,4449.4399999999996,2,2,1,nwk_enqueue,22612,15,16
3650426,4452.1232936320002,2,2,1,nwk_nsdp_release,,16,15
3650511,4452.1400000000003,2,2,1,nwk_enqueue,22625,15,16
3653304,4455.6178153459996,2,7,1,nwk_enqueue,21079,16,17
3653588,4455.8152953460003,8,7,1,nwk_nsdp_release,,19,18
3653811,4456.0858124420001,8,7,1,nwk_enqueue,21913,18,19
3655825,4458.1398153460004,2,7,1,nwk_enqueue,21179,17,18
3656017,4458.3112953460004,8,7,1,nwk_nsdp_release,,19,18
3657348,4459.6738124419999,8,7,1,nwk_enqueue,21918,18,19
3658850,4461.1192936320003,2,7,1,nwk_nsdp_release,,18,17
3661667,4464.3538153460004,2,8,1,nwk_enqueue,21895,16,17
3662016,4464.7982953459996,8,8,1,nwk_nsdp_release,,16,15
3662061,4464.8000000000002,8,8,1,nwk_enqueue,22693,15,16
3665378,4468.8412936320001,2,7,1,nwk_nsdp_release,,17,16
3666094,4469.6082936319999,2,8,1,nwk_nsdp_release,,17,16
3667046,4470.8172936319997,2,8,1,nwk_nsdp_release,,16,15
3667048,4470.8172936319997,2,7,1,nwk_nsdp_release,,16,15
3668917,4473.3782936320004,2,2,1,nwk_nsdp_release,,16,15
3668968,4473.3800000000001,2,2,1,nwk_enqueue,22736,15,16
3670238,4475.1852936320001,2,2,1,nwk_nsdp_release,,16,15
3670291,4475.1999999999998,2,2,1,nwk_enqueue,22742,15,16
3671042,4476.1578153459996,2,7,1,nwk_enqueue,21183,15,16
3671286,4476.3552953460003,8,7,1,nwk_nsdp_release,,19,18
3672199,4477.1978124420002,8,7,1,nwk_enqueue,22014,18,19
3673680,4478.9138153459999,2,7,1,nwk_enqueue,21285,16,17
3673836,4479.0462953460001,8,7,1,nwk_nsdp_release,,19,18
3674247,4479.5248153459997,2,7,1,nwk_enqueue,21284,17,18
3674514,4479.800295346,8,7,1,nwk_nsdp_release,,18,17
3676686,4482.3328124420004,8,7,1,nwk_enqueue,22015,17,18
3678670,4484.5062936320001,2,2,1,nwk_nsdp_release,,16,15
3678731,4484.5200000000004,2,2,1,nwk_enqueue,22790,15,16
3679642,4485.4788153460004,2,7,1,nwk_enqueue,21416,18,19
3680160,4485.9882953460001,8,7,1,nwk_nsdp_release,,18,17
3683300,4489.820815346,2,8,1,nwk_enqueue,21930,15,16
3683441,4489.9272936320003,2,7,1,nwk_nsdp_release,,19,18
3683575,4490.0962953460003,8,8,1,nwk_nsdp_release,,16,15
3683625,4490.1000000000004,8,8,1,nwk_enqueue,22817,15,16
3685787,4492.2672936319996,2,7,1,nwk_nsdp_release,,18,17
3687027,4493.9312936320002,2,8,1,nwk_nsdp_release,,16,15
3687607,4494.6308153460004,2,7,1,nwk_enqueue,21422,17,18
3687932,4494.8932953459998,8,7,1,nwk_nsdp_release,,17,16
3690579,4497.9352936320001,2,7,1,nwk_nsdp_release,,18,17
3690987,4498.2708124419996,8,7,1,nwk_enqueue,22120,16,17
3691590,4498.9232936320004,2,8,1,nwk_nsdp_release,,15,14
3693427,4500.6368153459998,2,8,1,nwk_enqueue,22023,14,15
3693738,4500.9228153459999,2,8,1,nwk_enqueue,22100,15,16
3693961,4501.1592936320003,2,2,1,nwk_nsdp_release,,16,15
3694016,4501.1599999999999,2,2,1,nwk_enqueue,22873,15,16
3694190,4501.3542953460001,8,8,1,nwk_nsdp_release,,16,15
3694193,4501.3542953460001,8,8,1,nwk_nsdp_release,,15,14
3694248,4501.3599999999997,8,8,1,nwk_enqueue,22875,14,15
3694291,4501.3800000000001,8,8,1,nwk_enqueue,22876,15,16
3694964,4502.1578153459996,2,7,1,nwk_enqueue,21426,17,18
3695422,4502.5998153459996,2,7,1,nwk_enqueue,21536,18,19
3695677,4502.7582953459996,8,7,1,nwk_nsdp_release,,17,16
3695679,4502.7582953459996,8,7,1,nwk_nsdp_release,,16,15
3697800,4505.345293632,2,7,1,nwk_nsdp_release,,19,18
3698645,4506.2788153459996,2,7,1,nwk_enqueue,21556,18,19
3698796,4506.385295346,8,7,1,nwk_nsdp_release,,15,14
3699587,4507.3448124420001,8,7,1,nwk_enqueue,22135,14,15
3700124,4507.9298124420002,8,7,1,nwk_enqueue,22139,15,16
3700731,4508.6448124420003,8,7,1,nwk_enqueue,22221,16,17
3704205,4512.6772936320003,2,7,1,nwk_nsdp_release,,19,18
3704808,4513.3922936319996,2,7,1,nwk_nsdp_release,,18,17
3707575,4516.7982936320004,2,2,1,nwk_nsdp_release,,16,15
3707630,4516.8000000000002,2,2,1,nwk_enqueue,22956,15,16
3709240,4518.8782936320004,2,2,1,nwk_nsdp_release,,16,15
3709295,4518.8800000000001,2,2,1,nwk_enqueue,22970,15,16
3709629,4519.2788124420003,8,7,1,nwk_enqueue,22248,17,18
3709986,4519.671293632,2,2,1,nwk_nsdp_release,,16,15
3710041,4519.6800000000003,2,2,1,nwk_enqueue,22975,15,16
3712738,4523.217815346,2,8,1,nwk_enqueue,22201,16,17
3712918,4523.4152953459998,8,8,1,nwk_nsdp_release,,16,15
3712961,4523.4200000000001,8,8,1,nwk_enqueue,22994,15,16
3713199,4523.7768153460001,2,7,1,nwk_enqueue,21653,17,18
3713552,4524.0392953459996,8,7,1,nwk_nsdp_release,,18,17
3715327,4526.1322936320003,2,2,1,nwk_nsdp_release,,16,15
3715384,4526.1400000000003,2,2,1,nwk_enqueue,23008,15,16
3716149,4526.9618153459996,2,8,1,nwk_enqueue,22237,17,18
3716665,4527.3022953460004,8,8,1,nwk_nsdp_release,,16,15
3716714,4527.3199999999997,8,8,1,nwk_enqueue,23015,15,16
3718790,4529.4578124420004,8,7,1,nwk_enqueue,22323,17,18
3722646,4535.2428153459996,2,7,1,nwk_enqueue,21669,18,19
3722832,4535.3752953459998,8,7,1,nwk_nsdp_release,,18,17
3724577,4537.6632936320002,2,7,1,nwk_nsdp_release,,19,18
3724579,4537.6632936320002,2,8,1,nwk_nsdp_release,,18,17
3725098,4538.2222936320004,2,8,1,nwk_nsdp_release,,17,16
3726192,4539.5352936319996,2,2,1,nwk_nsdp_release,,16,15
3726248,4539.54,2,2,1,nwk_enqueue,23074,15,16
3726985,4540.5208124419996,8,7,1,nwk_enqueue,22347,17,18
3728063,4541.6282936320004,2,2,1,nwk_nsdp_release,,16,15
3728118,4541.6400000000003,2,2,1,nwk_enqueue,23086,15,16
3729208,4542.8112936320003,2,2,1,nwk_nsdp_release,,16,15
3729264,4542.8199999999997,2,2,1,nwk_enqueue,23093,15,16
3730060,4543.9658153460005,2,8,1,nwk_enqueue,22304,16,17
3730381,4544.3168153460001,2,7,1,nwk_enqueue,21674,18,19
3730489,4544.3842953459998,8,7,1,nwk_nsdp_release,,18,17
3730491,4544.3842953459998,8,8,1,nwk_nsdp_release,,16,15
3730536,4544.3999999999996,8,8,1,nwk_enqueue,23103,15,16
3732466,4546.8152936320002,2,8,1,nwk_nsdp_release,,17,16
3733252,4547.5668153460001,2,8,1,nwk_enqueue,22337,16,17
3733491,4547.7902953459998,8,8,1,nwk_nsdp_release,,16,15
3733535,4547.8000000000002,8,8,1,nwk_enqueue,23123,15,16
3735776,4550.5308124419998,8,7,1,nwk_enqueue,22431,17,18
3739297,4555.6528153460004,2,7,1,nwk_enqueue,21681,19,20
3739926,4556.3052953460001,8,7,1,nwk_nsdp_release,,18,17
3742192,4559.0872936320002,2,8,1,nwk_nsdp_release,,17,16
3743519,4560.6342936319998,2,7,1,nwk_nsdp_release,,20,19
3744027,4561.138812442,8,7,1,nwk_enqueue,22435,17,18
3746163,4563.6502936320003,2,8,1,nwk_nsdp_release,,16,15
3746652,4564.3262936319998,2,8,1,nwk_nsdp_release,,15,14
3747119,4564.7682936319998,2,7,1,nwk_nsdp_release,,19,18
3747361,4565.0518153459998,2,8,1,nwk_enqueue,22358,14,15
3747494,4565.1452953460002,8,8,1,nwk_nsdp_release,,16,15
3747547,4565.1599999999999,8,8,1,nwk_enqueue,23207,15,16
3747942,4565.7408153460001,2,8,1,nwk_enqueue,22407,15,16
3748053,4565.8082953459998,8,8,1,nwk_nsdp_release,,16,15
3748103,4565.8199999999997,8,8,1,nwk_enqueue,23211,15,16
3748424,4566.2218153459999,2,7,1,nwk_enqueue,21682,18,19
3748727,4566.637815346,2,7,1,nwk_enqueue,21800,19,20
3748864,4566.7312953459996,8,7,1,nwk_nsdp_release,,18,17
3748866,4566.7312953459996,8,7,1,nwk_nsdp_release,,17,16
3750134,4568.2498153460001,2,7,1,nwk_enqueue,21808,20,21
3750630,4568.6682953460004,8,7,1,nwk_nsdp_release,,16,15
3752862,4571.0082936319995,2,7,1,nwk_nsdp_release,,21,20
3752864,4571.0082936319995,2,7,1,nwk_nsdp_release,,20,19
3753176,4571.3048124420002,8,7,1,nwk_enqueue,22461,15,16
3754143,4572.2928124419996,8,7,1,nwk_enqueue,22544,16,17
3759280,4579.3128153460002,2,8,1,nwk_enqueue,22470,16,17
3759826,4580.108295346,8,8,1,nwk_nsdp_release,,16,15
3759869,4580.1199999999999,8,8,1,nwk_enqueue,23285,15,16
3761181,4581.6268124420003,8,7,1,nwk_enqueue,22562,17,18
3762004,4582.5392936320004,2,7,1,nwk_nsdp_release,,19,18
3763643,4584.2552936319998,2,8,1,nwk_nsdp_release,,17,16
3765124,4585.854293632,2,2,1,nwk_nsdp_release,,16,15
3765179,4585.8599999999997,2,2,1,nwk_enqueue,23318,15,16
3766534,4587.6068153460001,2,8,1,nwk_enqueue,22540,16,17
3766661,4587.6872953459997,8,8,1,nwk_nsdp_release,,16,15
3766704,4587.6999999999998,8,8,1,nwk_enqueue,23328,15,16
3767771,4588.9092936320003,2,2,1,nwk_nsdp_release,,16,15
3767828,4588.9200000000001,2,2,1,nwk_enqueue,23334,15,16
3768031,4589.1668153459996,2,8,1,nwk_enqueue,22541,17,18
3768216,4589.3512953460004,8,8,1,nwk_nsdp_release,,16,15
3768259,4589.3599999999997,8,8,1,nwk_enqueue,23338,15,16
3771017,4592.3412936320001,2,2,1,nwk_nsdp_release,,16,15
3771076,4592.3599999999997,2,2,1,nwk_enqueue,23357,15,16
3771825,4593.053812442,8,7,1,nwk_enqueue,22648,18,19
3773755,4595.5870000280001,8,8,1,nwk_nsdp_release,,16,15
3773800,4595.6000000000004,8,8,1,nwk_enqueue,23376,15,16
3777317,4600.6848153459996,2,7,1,nwk_enqueue,21812,18,19
3777808,4601.2982953459996,8,7,1,nwk_nsdp_release,,19,18
3778464,4602.1408124420004,8,7,1,nwk_enqueue,22669,18,19
3781359,4605.2242936319999,2,8,1,nwk_nsdp_release,,18,17
3782952,4606.7582936319995,2,8,1,nwk_nsdp_release,,17,16
3782954,4606.7582936319995,2,8,1,nwk_nsdp_release,,16,15
3784104,4608.302815346,2,8,1,nwk_enqueue,22550,15,16
3784710,4609.0722953459999,8,8,1,nwk_nsdp_release,,16,15
3784762,4609.0799999999999,8,8,1,nwk_enqueue,23441,15,16
3785277,4609.5508153459996,2,7,1,nwk_enqueue,21910,19,20
3785452,4609.7092953459996,8,7,1,nwk_nsdp_release,,19,18
3785834,4610.2398153459999,2,8,1,nwk_enqueue,22588,16,17
3785957,4610.3332953460003,8,8,1,nwk_nsdp_release,,16,15
3786001,4610.3400000000001,8,8,1,nwk_enqueue,23453,15,16
3788241,4613.0242936320001,2,2,1,nwk_nsdp_release,,16,15
3788243,4613.0242936320001,2,8,1,nwk_nsdp_release,,17,16
3788245,4613.0242936320001,2,7,1,nwk_nsdp_release,,20,19
3788247,4613.0242936320001,2,8,1,nwk_nsdp_release,,16,15
3788305,4613.04,2,2,1,nwk_enqueue,23471,15,16
3789032,4613.7888124419997,8,7,1,nwk_enqueue,22757,18,19
3794570,4621.5628153460002,2,7,1,nwk_enqueue,21913,19,20
3794709,4621.6952953460004,8,7,1,nwk_nsdp_release,,19,18
3796122,4622.8498124420003,8,7,1,nwk_enqueue,22784,18,19
3798757,4626.336293632,2,2,1,nwk_nsdp_release,,16,15
3798814,4626.3400000000001,2,2,1,nwk_enqueue,23546,15,16
3799918,4627.6492936320001,2,7,1,nwk_nsdp_release,,20,19
3802944,4631.3802936319998,2,7,1,nwk_nsdp_release,,19,18
3805578,4633.9542936320004,2,8,1,nwk_nsdp_release,,15,14
3806182,4634.5912936320001,2,7,1,nwk_nsdp_release,,18,17
3806519,4634.8748153460001,2,7,1,nwk_enqueue,21918,17,18
3806646,4634.9812953459996,8,7,1,nwk_nsdp_release,,19,18
3807108,4635.4728153460001,2,8,1,nwk_enqueue,22693,14,15
3807413,4635.7612953460002,8,8,1,nwk_nsdp_release,,16,15
3807468,4635.7799999999997,8,8,1,nwk_enqueue,23595,15,16
3807682,4636.070815346,2,7,1,nwk_enqueue,22014,18,19
3807953,4636.385295346,8,7,1,nwk_nsdp_release,,18,17
3810164,4638.9852936320003,2,2,1,nwk_nsdp_release,,16,15
3810228,4639,2,2,1,nwk_enqueue,23615,15,16
3810347,4639.1258124420001,8,7,1,nwk_enqueue,22861,17,18
3810750,4639.4272936320003,2,2,1,nwk_nsdp_release,,16,15
3810814,4639.4399999999996,2,2,1,nwk_enqueue,23623,15,16
3811320,4639.9992936320004,2,7,1,nwk_nsdp_release,,19,18
3812397,4641.2082936320003,2,7,1,nwk_nsdp_release,,18,17
3813035,4641.985815346,2,7,1,nwk_enqueue,22015,17,18
3813172,4642.0922953460004,8,7,1,nwk_nsdp_release,,18,17
3814695,4643.6498124420004,8,7,1,nwk_enqueue,22906,17,18
3817746,4647.2012936319998,2,2,1,nwk_nsdp_release,,16,15
3817812,4647.2200000000003,2,2,1,nwk_enqueue,23664,15,16
3818409,4647.8252936319996,2,7,1,nwk_nsdp_release,,18,17
3819178,4648.5922936320003,2,8,1,nwk_nsdp_release,,15,14
3819642,4649.1642936320004,2,7,1,nwk_nsdp_release,,17,16
3821899,4651.894293632,2,8,1,nwk_nsdp_release,,14,13
3822412,4652.5442936319996,2,8,1,nwk_nsdp_release,,13,12
3822938,4653.0252936320003,2,2,1,nwk_nsdp_release,,16,15
3822999,4653.04,2,2,1,nwk_enqueue,23694,15,16
3823293,4653.3502936320001,2,7,1,nwk_nsdp_release,,16,15
3824713,4655.1052936320002,2,7,1,nwk_nsdp_release,,15,14
3826176,4656.7018153460003,2,8,1,nwk_enqueue,22817,12,13
3826559,4657.1332953459996,8,8,1,nwk_nsdp_release,,16,15
3826677,4657.1400000000003,8,8,1,nwk_enqueue,23713,15,16
3828696,4659.4448153459998,2,7,1,nwk_enqueue,22120,14,15
3828889,4659.6682953460004,8,7,1,nwk_nsdp_release,,18,17
3829160,4659.9518153460003,2,8,1,nwk_enqueue,22875,13,14
3829367,4660.1232953460003,8,8,1,nwk_nsdp_release,,16,15
3829423,4660.1400000000003,8,8,1,nwk_enqueue,23728,15,16
3829851,4660.7318153460001,2,8,1,nwk_enqueue,22876,14,15
3830057,4660.9292953459999,8,8,1,nwk_nsdp_release,,16,15
3830107,4660.9399999999996,8,8,1,nwk_enqueue,23733,15,16
3830466,4661.329815346,2,7,1,nwk_enqueue,22135,15,16
3830660,4661.501295346,8,7,1,nwk_nsdp_release,,17,16
3831093,4661.784815346,2,7,1,nwk_enqueue,22139,16,17
3831177,4661.8522953459997,8,7,1,nwk_nsdp_release,,16,15
3831962,4662.7338153459996,2,7,1,nwk_enqueue,22248,17,18
3832203,4663.0482953459996,8,7,1,nwk_nsdp_release,,15,14
3833621,4664.7618124419996,8,7,1,nwk_enqueue,22910,14,15
3834891,4666.1032936319998,2,2,1,nwk_nsdp_release,,16,15
3834950,4666.1199999999999,2,2,1,nwk_enqueue,23766,15,16
3835683,4666.9978153459997,2,7,1,nwk_enqueue,22221,18,19
3835901,4667.2212953460003,8,7,1,nwk_nsdp_release,,15,14
3836095,4667.4658124420002,8,7,1,nwk_enqueue,22915,14,15
3836589,4667.9598124419999,8,7,1,nwk_enqueue,22977,15,16
3837351,4668.7788124420003,8,7,1,nwk_enqueue,23028,16,17
3837982,4669.4962936319998,2,2,1,nwk_nsdp_release,,16,15
3838036,4669.5,2,2,1,nwk_enqueue,23788,15,16
3839995,4671.836293632,2,7,1,nwk_nsdp_release,,19,18
3840592,4672.5122936320004,2,2,1,nwk_nsdp_release,,16,15
3840647,4672.5200000000004,2,2,1,nwk_enqueue,23803,15,16
3841713,4673.7082936320003,2,7,1,nwk_nsdp_release,,18,17
3841715,4673.7082936320003,2,8,1,nwk_nsdp_release,,15,14
3843335,4675.8248153459999,2,8,1,nwk_enqueue,22994,14,15
3843461,4675.9052953459995,8,8,1,nwk_nsdp_release,,16,15
3843523,4675.9200000000001,8,8,1,nwk_enqueue,23820,15,16
3843584,4675.9832936319999,2,2,1,nwk_nsdp_release,,16,15
3843641,4676,2,2,1,nwk_enqueue,23821,15,16
3843935,4676.409815346,2,8,1,nwk_enqueue,23015,15,16
3844248,4676.8022953460004,8,8,1,nwk_nsdp_release,,16,15
3844328,4676.8199999999997,8,8,1,nwk_enqueue,23827,15,16
3845955,4679.1008153459998,2,7,1,nwk_enqueue,22323,17,18
3846672,4679.9588124419997,8,7,1,nwk_enqueue,23080,17,18
3847105,4680.3642953460003,8,7,1,nwk_nsdp_release,,18,17
3848561,4682.2728153460002,2,7,1,nwk_enqueue,22347,18,19
3848832,4682.5222953459997,8,7,1,nwk_nsdp_release,,17,16
3852330,4687.046293632,2,8,1,nwk_nsdp_release,,16,15
3853147,4687.7588153460001,2,8,1,nwk_enqueue,23103,15,16
3853413,4688.0082953459996,8,8,1,nwk_nsdp_release,,16,15
3853462,4688.0200000000004,8,8,1,nwk_enqueue,23882,15,16
3853938,4688.5778153459996,2,8,1,nwk_enqueue,23123,16,17
3854307,4688.9182953460004,8,8,1,nwk_nsdp_release,,16,15
3854349,4688.9200000000001,8,8,1,nwk_enqueue,23888,15,16
3854554,4689.214812442,8,7,1,nwk_enqueue,23137,16,17
3857563,4692.1422936319996,2,7,1,nwk_nsdp_release,,19,18
3859540,4694.7162936320001,2,2,1,nwk_nsdp_release,,16,15
3859595,4694.7200000000003,2,2,1,nwk_enqueue,23919,15,16
3861057,4696.6012936320003,2,2,1,nwk_nsdp_release,,16,15
3861123,4696.6199999999999,2,2,1,nwk_enqueue,23928,15,16
3862018,4697.7712936320004,2,2,1,nwk_nsdp_release,,16,15
3862074,4697.7799999999997,2,2,1,nwk_enqueue,23934,15,16
3863497,4699.8902936320001,2,8,1,nwk_nsdp_release,,17,16
3864140,4700.4728124419998,8,7,1,nwk_enqueue,23189,17,18
3865780,4702.5788153459998,2,7,1,nwk_enqueue,22431,18,19
3866214,4703.0468153459997,2,7,1,nwk_enqueue,22435,19,20
3866326,4703.1142953460003,8,7,1,nwk_nsdp_release,,18,17
3866328,4703.1142953460003,8,7,1,nwk_nsdp_release,,17,16
3869518,4707.7008153460001,2,8,1,nwk_enqueue,23207,16,17
3870114,4708.2232953459998,8,8,1,nwk_nsdp_release,,16,15
3870161,4708.2399999999998,8,8,1,nwk_enqueue,23983,15,16
3871332,4709.5208153459998,2,8,1,nwk_enqueue,23211,17,18
3871716,4709.8588124420003,8,7,1,nwk_enqueue,23243,16,17
3872256,4710.4202953459999,8,8,1,nwk_nsdp_release,,16,15
3872302,4710.4399999999996,8,8,1,nwk_enqueue,23998,15,16
3874680,4713.0202936320002,2,8,1,nwk_nsdp_release,,18,17
3875791,4714.4112936319998,2,8,1,nwk_nsdp_release,,17,16
3875793,4714.4112936319998,2,7,1,nwk_nsdp_release,,20,19
3875795,4714.4112936319998,2,7,1,nwk_nsdp_release,,19,18
3876459,4715.2562936320001,2,8,1,nwk_nsdp_release,,16,15
3880702,4720.586293632,2,7,1,nwk_nsdp_release,,18,17
3881319,4721.3012936320001,2,7,1,nwk_nsdp_release,,17,16
3881624,4721.4678124419997,8,7,1,nwk_enqueue,23249,17,18
3885441,4726.1478153460002,2,7,1,nwk_enqueue,22544,16,17
3885707,4726.501295346,8,7,1,nwk_nsdp_release,,18,17
3889080,4730.6718124420004,8,7,1,nwk_enqueue,23297,17,18
3889955,4731.814000028,8,7,1,nwk_nsdp_release,,18,17
3890307,4732.387815346,2,7,1,nwk_enqueue,22562,17,18
3890570,4732.7778153460004,2,8,1,nwk_enqueue,23285,15,16
3890972,4733.1962953459997,8,7,1,nwk_nsdp_release,,17,16
3890974,4733.1962953459997,8,8,1,nwk_nsdp_release,,16,15
3891023,4733.1999999999998,8,8,1,nwk_enqueue,24099,15,16
3893488,4735.8482936319997,2,7,1,nwk_nsdp_release,,18,17
3893831,4736.235815346,2,8,1,nwk_enqueue,23328,16,17
3894061,4736.3812953460001,8,8,1,nwk_nsdp_release,,16,15
3894109,4736.3999999999996,8,8,1,nwk_enqueue,24112,15,16
3896514,4739.2932936320003,2,8,1,nwk_nsdp_release,,17,16
3896997,4739.8782936320004,2,2,1,nwk_nsdp_release,,16,15
3897057,4739.8800000000001,2,2,1,nwk_enqueue,24127,15,16
3898481,4741.4642936319997,2,8,1,nwk_nsdp_release,,16,15
3898483,4741.4642936319997,2,2,1,nwk_nsdp_release,,16,15
3898544,4741.4799999999996,2,2,1,nwk_enqueue,24136,15,16
3900546,4744.2178124419997,8,7,1,nwk_enqueue,23363,16,17
3902031,4745.4942936320003,2,2,1,nwk_nsdp_release,,16,15
3902084,4745.5,2,2,1,nwk_enqueue,24162,15,16
3902780,4746.2612936320002,2,8,1,nwk_nsdp_release,,15,14
3903606,4747.168815346,2,8,1,nwk_enqueue,23338,14,15
3903755,4747.3792953459997,8,8,1,nwk_nsdp_release,,16,15
3903805,4747.3800000000001,8,8,1,nwk_enqueue,24168,15,16
3904288,4747.7928153459998,2,7,1,nwk_enqueue,22648,17,18
3904385,4747.8602953460004,8,7,1,nwk_nsdp_release,,17,16
3906654,4751.1728124419997,8,7,1,nwk_enqueue,23410,16,17
3908903,4753.5908153460005,2,8,1,nwk_enqueue,23376,15,16
3909043,4753.7102953459998,8,8,1,nwk_nsdp_release,,16,15
3909093,4753.7200000000003,8,8,1,nwk_enqueue,24207,15,16
3910982,4756.3598153459998,2,7,1,nwk_enqueue,22669,18,19
3911229,4756.5832936320003,2,7,1,nwk_nsdp_release,,19,18
3911618,4756.8692953460004,8,7,1,nwk_nsdp_release,,17,16
3913411,4758.9338153460003,2,8,1,nwk_enqueue,23441,16,17
3913722,4759.2612953460002,8,8,1,nwk_nsdp_release,,16,15
3913775,4759.2799999999997,8,8,1,nwk_enqueue,24235,15,16
3915828,4761.510293632,2,8,1,nwk_nsdp_release,,17,16
3916804,4762.5892936319997,2,8,1,nwk_nsdp_release,,16,15
3917195,4763.0832936320003,2,2,1,nwk_nsdp_release,,16,15
3917254,4763.1000000000004,2,2,1,nwk_enqueue,24247,15,16
3918262,4764.4482936320001,2,7,1,nwk_nsdp_release,,18,17
3918553,4764.7188124419999,8,7,1,nwk_enqueue,23475,16,17
3921668,4768.6708153460004,2,8,1,nwk_enqueue,23453,15,16
3921782,4768.7642953459999,8,8,1,nwk_nsdp_release,,16,15
3921844,4768.7799999999997,8,8,1,nwk_enqueue,24278,15,16
3922139,4769.1022936319996,2,7,1,nwk_nsdp_release,,17,16
3922373,4769.4248153460003,2,7,1,nwk_enqueue,22757,16,17
3922492,4769.5052953459999,8,7,1,nwk_nsdp_release,,17,16
3924560,4771.8688124419996,8,7,1,nwk_enqueue,23528,16,17
3928651,4777.5368153460004,2,7,1,nwk_enqueue,22784,17,18
3928910,4777.760293632,2,2,1,nwk_nsdp_release,,16,15
3928993,4777.7799999999997,2,2,1,nwk_enqueue,24322,15,16
3929424,4778.059295346,8,7,1,nwk_nsdp_release,,17,16
3931178,4779.8638153459997,2,8,1,nwk_enqueue,23595,16,17
3931389,4780.0872953460002,8,8,1,nwk_nsdp_release,,16,15
3931431,4780.1000000000004,8,8,1,nwk_enqueue,24335,15,16
3933615,4782.4402936320002,2,7,1,nwk_nsdp_release,,18,17
3934614,4783.5972936320004,2,7,1,nwk_nsdp_release,,17,16
3935832,4785.2068124420002,8,7,1,nwk_enqueue,23622,16,17
3936160,4785.430293632,2,8,1,nwk_nsdp_release,,17,16
3937644,4787.0682936319999,2,7,1,nwk_nsdp_release,,16,15
3938189,4787.6272936320001,2,2,1,nwk_nsdp_release,,16,15
3938242,4787.6400000000003,2,2,1,nwk_enqueue,24372,15,16
3939925,4789.8998153459997,2,7,1,nwk_enqueue,22861,15,16
3940146,4790.1882953459999,8,7,1,nwk_nsdp_release,,17,16
3940479,4790.588815346,2,7,1,nwk_enqueue,22906,16,17
3940994,4790.8512953460004,8,7,1,nwk_nsdp_release,,16,15
3942655,4792.5518124419996,8,7,1,nwk_enqueue,23647,15,16
3943373,4793.3968124419998,8,7,1,nwk_enqueue,23758,16,17
3943982,4793.9582936320003,2,2,1,nwk_nsdp_release,,16,15
3944036,4793.96,2,2,1,nwk_enqueue,24410,15,16
3946755,4796.9222936320002,2,2,1,nwk_nsdp_release,,16,15
3946819,4796.9399999999996,2,2,1,nwk_enqueue,24424,15,16
3948246,4798.4668153459997,2,8,1,nwk_enqueue,23713,16,17
3948574,4798.7422936319999,2,2,1,nwk_nsdp_release,,16,15
3948635,4798.7600000000002,2,2,1,nwk_enqueue,24433,15,16
3948786,4798.8982953459999,8,8,1,nwk_nsdp_release,,16,15
3948829,4798.8999999999996,8,8,1,nwk_enqueue,24434,15,16
3951670,4802.6268153459996,2,8,1,nwk_enqueue,23728,17,18
3952308,4803.175295346,8,8,1,nwk_nsdp_release,,16,15
3952351,4803.1800000000003,8,8,1,nwk_enqueue,24455,15,16
3954191,4805.0342936320003,2,8,1,nwk_nsdp_release,,18,17
3954765,4805.5542936319998,2,7,1,nwk_nsdp_release,,17,16
3955154,4805.9028124420001,8,7,1,nwk_enqueue,23774,17,18
3956996,4807.5822936320001,2,8,1,nwk_nsdp_release,,17,16
3959741,4810.9232936320004,2,8,1,nwk_nsdp_release,,16,15
3959968,4811.2588153460001,2,8,1,nwk_enqueue,23733,15,16
3960320,4811.5342953460004,8,8,1,nwk_nsdp_release,,16,15
3960371,4811.54,8,8,1,nwk_enqueue,24497,15,16
3960550,4811.8178153460003,2,7,1,nwk_enqueue,22910,16,17
3960660,4811.9372953459997,8,7,1,nwk_nsdp_release,,18,17
3962458,4814.0148124420002,8,7,1,nwk_enqueue,23778,17,18
3967291,4819.7892936320004,2,7,1,nwk_nsdp_release,,17,16
3969166,4821.8928153460001,2,7,1,nwk_enqueue,22915,16,17
3969260,4821.9732953459998,8,7,1,nwk_nsdp_release,,18,17
3972870,4826.6402936320001,2,7,1,nwk_nsdp_release,,17,16
3972872,4826.6402936320001,2,7,1,nwk_nsdp_release,,16,15
3974179,4828.0312936319997,2,2,1,nwk_nsdp_release,,16,15
3974232,4828.04,2,2,1,nwk_enqueue,24584,15,16
3974554,4828.3798153460002,2,7,1,nwk_enqueue,22977,15,16
3975036,4828.7308124419997,8,7,1,nwk_enqueue,23784,17,18
3975606,4829.318295346,8,7,1,nwk_nsdp_release,,18,17
3978987,4832.552815346,2,8,1,nwk_enqueue,23820,16,17
3979319,4832.8282936320002,2,7,1,nwk_nsdp_release,,16,15
3979467,4832.9582953460003,8,8,1,nwk_nsdp_release,,16,15
3979509,4832.96,8,8,1,nwk_enqueue,24614,15,16
3980033,4833.4888153459997,2,7,1,nwk_enqueue,23028,15,16
3980162,4833.6342953459998,8,7,1,nwk_nsdp_release,,17,16
3980600,4834.034815346,2,8,1,nwk_enqueue,23827,17,18
3980817,4834.2062953459999,8,8,1,nwk_nsdp_release,,16,15
3980870,4834.2200000000003,8,8,1,nwk_enqueue,24621,15,16
3982499,4836.1172936319999,2,2,1,nwk_nsdp_release,,16,15
3982562,4836.1199999999999,2,2,1,nwk_enqueue,24631,15,16
3983137,4836.7672936319996,2,2,1,nwk_nsdp_release,,16,15
3983260,4836.7799999999997,2,2,1,nwk_enqueue,24634,15,16
3983362,4836.8298124419998,8,7,1,nwk_enqueue,23843,16,17
3984565,4838.0672936319997,2,8,1,nwk_nsdp_release,,18,17
3986939,4841.0962936320002,2,8,1,nwk_nsdp_release,,17,16
3986941,4841.0962936320002,2,2,1,nwk_nsdp_release,,16,15
3986995,4841.1000000000004,2,2,1,nwk_enqueue,24659,15,16
3989763,4844.6948153459998,2,7,1,nwk_enqueue,23080,16,17
3990226,4845.1392953459999,8,7,1,nwk_nsdp_release,,17,16
3992490,4847.8302936319997,2,7,1,nwk_nsdp_release,,17,16
3993125,4848.519293632,2,7,1,nwk_nsdp_release,,16,15
3993528,4849.0132936319997,2,8,1,nwk_nsdp_release,,16,15
3994038,4849.5308124419998,8,7,1,nwk_enqueue,23891,16,17
3994096,4849.546293632,2,8,1,nwk_nsdp_release,,15,14
3997473,4853.3528153460002,2,8,1,nwk_enqueue,23882,14,15
3997749,4853.5372953460001,8,8,1,nwk_nsdp_release,,16,15
3997799,4853.54,8,8,1,nwk_enqueue,24719,15,16
3998014,4853.820815346,2,8,1,nwk_enqueue,23888,15,16
3998131,4853.9662953460002,8,8,1,nwk_nsdp_release,,16,15
3998195,4853.9799999999996,8,8,1,nwk_enqueue,24722,15,16
3998558,4854.4058153460001,2,7,1,nwk_enqueue,23137,15,16
3998991,4854.7982953459996,8,7,1,nwk_nsdp_release,,17,16
3999316,4855.0558153459997,2,7,1,nwk_enqueue,23189,16,17
3999728,4855.4198153460002,2,8,1,nwk_enqueue,23983,16,17
3999880,4855.5782953460002,8,8,1,nwk_nsdp_release,,16,15
3999882,4855.5782953460002,8,7,1,nwk_nsdp_release,,16,15
3999922,4855.5799999999999,8,8,1,nwk_enqueue,24731,15,16
4002182,4857.8378124419996,8,7,1,nwk_enqueue,23948,15,16
4002260,4857.8792936319996,2,2,1,nwk_nsdp_release,,16,15
4002262,4857.8792936319996,2,2,1,nwk_nsdp_release,,15,14
4002324,4857.8800000000001,2,2,1,nwk_enqueue,24748,14,15
4002388,4857.8999999999996,2,2,1,nwk_enqueue,24749,15,16
4003083,4858.5682936319999,2,2,1,nwk_nsdp_release,,16,15
4003139,4858.5799999999999,2,2,1,nwk_enqueue,24754,15,16
4003334,4858.7738124420002,8,7,1,nwk_enqueue,23996,16,17
4005299,4860.918815346,2,7,1,nwk_enqueue,23243,17,18
4005448,4861.0382953460003,8,7,1,nwk_nsdp_release,,17,16
4008119,4864.2362936319996,2,7,1,nwk_nsdp_release,,18,17
4008121,4864.2362936319996,2,7,1,nwk_nsdp_release,,17,16
4009497,4865.637815346,2,8,1,nwk_enqueue,23998,17,18
4009763,4865.8872953460004,8,8,1,nwk_nsdp_release,,16,15
4009805,4865.8999999999996,8,8,1,nwk_enqueue,24793,15,16
4012449,4869.0072936320003,2,8,1,nwk_nsdp_release,,18,17
4013316,4870.1252936319997,2,7,1,nwk_nsdp_release,,16,15
4013538,4870.3958124419996,8,7,1,nwk_enqueue,24050,16,17
4015357,4872.439293632,2,7,1,nwk_nsdp_release,,15,14
4015359,4872.439293632,2,8,1,nwk_nsdp_release,,17,16
4018068,4875.9598153460001,2,7,1,nwk_enqueue,23249,14,15
4018178,4876.0272953459998,8,7,1,nwk_nsdp_release,,17,16
4018840,4876.8048153460004,2,7,1,nwk_enqueue,23297,15,16
4019122,4877.0542953459999,8,7,1,nwk_nsdp_release,,16,15
4019461,4877.4158153460003,2,8,1,nwk_enqueue,24099,16,17
4019677,4877.6392953459999,8,8,1,nwk_nsdp_release,,16,15
4019717,4877.6400000000003,8,8,1,nwk_enqueue,24842,15,16
4021315,4879.5218124419998,8,7,1,nwk_enqueue,24086,15,16
4021829,4879.9532936320002,2,8,1,nwk_nsdp_release,,17,16
4022305,4880.4968124420002,8,7,1,nwk_enqueue,24152,16,17
4024398,4882.8782936320004,2,8,1,nwk_nsdp_release,,16,15
4024834,4883.226815346,2,7,1,nwk_enqueue,23363,16,17
4025078,4883.4502953459996,8,7,1,nwk_nsdp_release,,17,16
4026463,4884.9298153460004,2,8,1,nwk_enqueue,24112,15,16
4026615,4885.1012953460004,8,8,1,nwk_nsdp_release,,16,15
4026669,4885.1199999999999,8,8,1,nwk_enqueue,24880,15,16
4027037,4885.6578153459996,2,8,1,nwk_enqueue,24168,16,17
4027197,4885.8292953460004,8,8,1,nwk_nsdp_release,,16,15
4027241,4885.8400000000001,8,8,1,nwk_enqueue,24884,15,16
4027896,4886.2948153460002,2,7,1,nwk_enqueue,23410,17,18
4028050,4886.4142953459996,8,7,1,nwk_nsdp_release,,16,15
4029750,4888.5852936319998,2,2,1,nwk_nsdp_release,,16,15
4029811,4888.6000000000004,2,2,1,nwk_enqueue,24900,15,16
4030159,4889.0012936319999,2,2,1,nwk_nsdp_release,,16,15
4030227,4889.0200000000004,2,2,1,nwk_enqueue,24903,15,16
4032099,4890.9488124420004,8,7,1,nwk_enqueue,24195,15,16
4032541,4891.2632936319997,2,2,1,nwk_nsdp_release,,16,15
4032604,4891.2799999999997,2,2,1,nwk_enqueue,24914,15,16
4033114,4891.7028124420003,8,7,1,nwk_enqueue,24258,16,17
4034436,4893.0182936319998,2,8,1,nwk_nsdp_release,,17,16
4036955,4896.0082936319995,2,7,1,nwk_nsdp_release,,18,17
4038814,4898.1118153460002,2,8,1,nwk_enqueue,24207,16,17
4039471,4898.7382953460001,8,8,1,nwk_nsdp_release,,16,15
4039517,4898.7399999999998,8,8,1,nwk_enqueue,24957,15,16
4040953,4900.4932936320001,2,8,1,nwk_nsdp_release,,17,16
4041406,4901.062812442,8,7,1,nwk_enqueue,24300,17,18
4044707,4904.1698153460002,2,8,1,nwk_enqueue,24235,16,17
4044874,4904.2502936319997,2,7,1,nwk_nsdp_release,,17,16
4045147,4904.5882953460005,8,8,1,nwk_nsdp_release,,16,15
4045191,4904.6000000000004,8,8,1,nwk_enqueue,24989,15,16
4047356,4906.860815346,2,8,1,nwk_enqueue,24278,17,18
4047694,4907.3312953459999,8,8,1,nwk_nsdp_release,,16,15
4047737,4907.3400000000001,8,8,1,nwk_enqueue,25000,15,16
4050626,4910.7348153459998,2,7,1,nwk_enqueue,23475,16,17
4050796,4910.8022953460004,8,7,1,nwk_nsdp_release,,18,17
4052127,4912.1128124420002,8,7,1,nwk_enqueue,24362,17,18
4053088,4913.0902936319999,2,8,1,nwk_nsdp_release,,18,17
4054084,4914.0262936319996,2,2,1,nwk_nsdp_release,,16,15
4054143,4914.04,2,2,1,nwk_enqueue,25037,15,16
4055282,4915.1572936319999,2,7,1,nwk_nsdp_release,,17,16
4055284,4915.1572936319999,2,8,1,nwk_nsdp_release,,17,16
4058314,4918.8492936319999,2,7,1,nwk_nsdp_release,,16,15
4058557,4919.0938153460002,2,7,1,nwk_enqueue,23528,15,16
4059056,4919.5902953459999,8,7,1,nwk_nsdp_release,,18,17
4061244,4921.8238124420004,8,7,1,nwk_enqueue,24403,17,18
4062900,4923.4618153459996,2,8,1,nwk_enqueue,24335,16,17
4062985,4923.5292953460003,8,8,1,nwk_nsdp_release,,16,15
4063029,4923.54,8,8,1,nwk_enqueue,25085,15,16
4064375,4924.8918153459999,2,7,1,nwk_enqueue,23622,16,17
4064548,4925.1022953459997,8,7,1,nwk_nsdp_release,,18,17
4067247,4928.3262936319998,2,2,1,nwk_nsdp_release,,16,15
4067322,4928.3400000000001,2,2,1,nwk_enqueue,25109,15,16
4067829,4928.9632936320004,2,8,1,nwk_nsdp_release,,17,16
4068523,4929.6782936319996,2,2,1,nwk_nsdp_release,,16,15
4068578,4929.6800000000003,2,2,1,nwk_enqueue,25117,15,16
4071721,4933.0428124419996,8,7,1,nwk_enqueue,24407,17,18
4073494,4934.7092936319996,2,7,1,nwk_nsdp_release,,17,16
4073496,4934.7092936319996,2,7,1,nwk_nsdp_release,,16,15
4074548,4935.8360000279999,8,7,1,nwk_nsdp_release,,18,17
4076051,4937.7512936319999,2,2,1,nwk_nsdp_release,,16,15
4076103,4937.7600000000002,2,2,1,nwk_enqueue,25157,15,16
4076928,4938.5962936320002,2,2,1,nwk_nsdp_release,,16,15
4076981,4938.6000000000004,2,2,1,nwk_enqueue,25162,15,16
4077829,4939.662293632,2,8,1,nwk_nsdp_release,,16,15
4079875,4942.3378124419996,8,7,1,nwk_enqueue,24471,17,18
4081559,4944.1058153459999,2,7,1,nwk_enqueue,23758,15,16
4081927,4944.3682953460002,8,7,1,nwk_nsdp_release,,18,17
4082306,4944.8858153459996,2,8,1,nwk_enqueue,24434,15,16
4082561,4945.0442953459997,8,8,1,nwk_nsdp_release,,16,15
4082614,4945.0600000000004,8,8,1,nwk_enqueue,25193,15,16
4082815,4945.3278153459996,2,8,1,nwk_enqueue,24455,16,17
4083246,4945.9932953460002,8,8,1,nwk_nsdp_release,,16,15
4083288,4946,8,8,1,nwk_enqueue,25198,15,16
4084858,4948.0318153460003,2,7,1,nwk_enqueue,23774,16,17
4084979,4948.1382953459997,8,7,1,nwk_nsdp_release,,17,16
4086982,4950.452293632,2,8,1,nwk_nsdp_release,,17,16
4086984,4950.452293632,2,2,1,nwk_nsdp_release,,16,15
4087040,4950.46,2,2,1,nwk_enqueue,25220,15,16
4087577,4951.0608153459998,2,8,1,nwk_enqueue,24497,16,17
4087804,4951.2322953459998,8,8,1,nwk_nsdp_release,,16,15
4087846,4951.2399999999998,8,8,1,nwk_enqueue,25226,15,16
4089632,4953.4918124420001,8,7,1,nwk_enqueue,24509,16,17
4091504,4955.7952936319998,2,7,1,nwk_nsdp_release,,17,16
4091506,4955.7952936319998,2,8,1,nwk_nsdp_release,,17,16
4093877,4958.5902936319999,2,7,1,nwk_nsdp_release,,16,15
4094320,4959.0842936319996,2,2,1,nwk_nsdp_release,,16,15
4094375,4959.1000000000004,2,2,1,nwk_enqueue,25266,15,16
4095611,4960.202293632,2,7,1,nwk_nsdp_release,,15,14
4097577,4963.0728124420002,8,7,1,nwk_enqueue,24591,17,18
4102448,4968.7408153460001,2,7,1,nwk_enqueue,23784,14,15
4102758,4969.0162953460003,8,7,1,nwk_nsdp_release,,18,17
4103099,4969.3648153459999,2,7,1,nwk_enqueue,23778,15,16
4103353,4969.6402953460001,8,7,1,nwk_nsdp_release,,17,16
4104088,4970.521815346,2,8,1,nwk_enqueue,24621,16,17
4104187,4970.5892953459997,8,8,1,nwk_nsdp_release,,16,15
4104228,4970.6000000000004,8,8,1,nwk_enqueue,25323,15,16
4105071,4971.6658153460003,2,7,1,nwk_enqueue,23843,16,17
4105280,4971.8502953460002,8,7,1,nwk_nsdp_release,,16,15
4105856,4972.4198153460002,2,8,1,nwk_enqueue,24614,17,18
4106286,4972.8382953460005,8,8,1,nwk_nsdp_release,,16,15
4106327,4972.8400000000001,8,8,1,nwk_enqueue,25336,15,16
4107470,4974.4088124420005,8,7,1,nwk_enqueue,24638,15,16
4108376,4975.2018124420001,8,7,1,nwk_enqueue,24699,16,17
4110940,4978.2592936319998,2,8,1,nwk_nsdp_release,,18,17
4112583,4979.9362936320003,2,2,1,nwk_nsdp_release,,16,15
4112585,4979.9362936320003,2,2,1,nwk_nsdp_release,,15,14
4112587,4979.9362936320003,2,7,1,nwk_nsdp_release,,17,16
4112589,4979.9362936320003,2,8,1,nwk_nsdp_release,,17,16
4112641,4979.9399999999996,2,2,1,nwk_enqueue,25375,14,15
4112699,4979.96,2,2,1,nwk_enqueue,25376,15,16
4113456,4980.6902936320002,2,2,1,nwk_nsdp_release,,16,15
4113509,4980.6999999999998,2,2,1,nwk_enqueue,25382,15,16
4114170,4981.3402936319999,2,7,1,nwk_nsdp_release,,16,15
4116039,4983.7298124420004,8,7,1,nwk_enqueue,24752,17,18
4122190,4991.1268153459996,2,7,1,nwk_enqueue,23891,15,16
4122442,4991.4802953460003,8,7,1,nwk_nsdp_release,,18,17
4124219,4993.3108153459998,2,8,1,nwk_enqueue,24731,16,17
4124458,4993.6122953459999,8,8,1,nwk_nsdp_release,,16,15
4124499,4993.6199999999999,8,8,1,nwk_enqueue,25445,15,16
4125084,4994.168815346,2,8,1,nwk_enqueue,24719,17,18
4125239,4994.327295346,8,8,1,nwk_nsdp_release,,16,15
4125281,4994.3400000000001,8,8,1,nwk_enqueue,25449,15,16
4126368,4995.6508124419997,8,7,1,nwk_enqueue,24758,17,18
4129502,4999.0332936320001,2,8,1,nwk_nsdp_release,,18,17
4130031,4999.6312936320001,2,8,1,nwk_nsdp_release,,17,16
4130645,5000.2552936319998,2,7,1,nwk_nsdp_release,,16,15
4131305,5000.9920000279999,8,8,1,nwk_nsdp_release,,16,15
4131350,5001,8,8,1,nwk_enqueue,25487,15,16
4131582,5001.2042936320004,2,7,1,nwk_nsdp_release,,15,14
4132199,5002.0232936319999,2,8,1,nwk_nsdp_release,,16,15
4132832,5002.8162936320005,2,2,1,nwk_nsdp_release,,16,15
4132885,5002.8199999999997,2,2,1,nwk_enqueue,25496,15,16
4133976,5004.1552936320004,2,8,1,nwk_nsdp_release,,15,14
4133978,5004.1552936320004,2,7,1,nwk_nsdp_release,,14,13
4133980,5004.1552936320004,2,2,1,nwk_nsdp_release,,16,15
4134026,5004.1599999999999,2,2,1,nwk_enqueue,25506,15,16
4134660,5004.7012936319998,2,7,1,nwk_nsdp_release,,13,12
4134716,5004.7248124420003,8,7,1,nwk_enqueue,24812,18,19
4137539,5008.0162936320003,2,7,1,nwk_nsdp_release,,12,11
4138349,5008.8612936319996,2,2,1,nwk_nsdp_release,,16,15
4138400,5008.8800000000001,2,2,1,nwk_enqueue,25533,15,16
4142473,5014.0978153460001,2,7,1,nwk_enqueue,23948,11,12
4142665,5014.2042953460004,8,7,1,nwk_nsdp_release,,19,18
4143219,5014.7478153459997,2,7,1,nwk_enqueue,23996,12,13
4143395,5014.8152953460003,8,7,1,nwk_nsdp_release,,18,17
4143950,5015.436815346,2,8,1,nwk_enqueue,24793,14,15
4144143,5015.5692953460002,8,8,1,nwk_nsdp_release,,16,15
4144205,5015.5799999999999,8,8,1,nwk_enqueue,25566,15,16
4144574,5015.9568153460004,2,7,1,nwk_enqueue,24050,13,14
4144664,5016.0372953460001,8,7,1,nwk_nsdp_release,,17,16
4144946,5016.3988124420002,8,7,1,nwk_enqueue,24854,16,17
4146925,5018.6608153460002,2,8,1,nwk_enqueue,24842,15,16
4147010,5018.7282953459999,8,8,1,nwk_nsdp_release,,16,15
4147058,5018.7399999999998,8,8,1,nwk_enqueue,25582,15,16
4147545,5019.3628153460004,2,7,1,nwk_enqueue,24086,14,15
4147661,5019.4692953459999,8,7,1,nwk_nsdp_release,,17,16
4147829,5019.726815346,2,7,1,nwk_enqueue,24152,15,16
4147914,5019.7942953459997,8,7,1,nwk_nsdp_release,,16,15
4148188,5020.1818153459999,2,8,1,nwk_enqueue,24880,16,17
4148748,5020.467815346,2,8,1,nwk_enqueue,24884,17,18
4149028,5020.6912953459996,8,8,1,nwk_nsdp_release,,16,15
4149030,5020.6912953459996,8,8,1,nwk_nsdp_release,,15,14
4149068,5020.6999999999998,8,8,1,nwk_enqueue,25598,14,15
4149109,5020.7200000000003,8,8,1,nwk_enqueue,25599,15,16
4149403,5021.1828153460001,2,7,1,nwk_enqueue,24195,16,17
4149841,5021.4818153460001,2,7,1,nwk_enqueue,24258,17,18
4150102,5021.6922953459998,8,7,1,nwk_nsdp_release,,15,14
4150104,5021.6922953459998,8,7,1,nwk_nsdp_release,,14,13
4151983,5023.7332936319999,2,7,1,nwk_nsdp_release,,18,17
4153093,5024.9292936319998,2,8,1,nwk_nsdp_release,,18,17
4154693,5026.5542936319998,2,2,1,nwk_nsdp_release,,16,15
4154695,5026.5542936319998,2,7,1,nwk_nsdp_release,,17,16
4154697,5026.5542936319998,2,8,1,nwk_nsdp_release,,17,16
4154699,5026.5542936319998,2,8,1,nwk_nsdp_release,,16,15
4154752,5026.5600000000004,2,2,1,nwk_enqueue,25628,15,16
4155720,5027.9298124420002,8,7,1,nwk_enqueue,24859,13,14
4156474,5028.852812442,8,7,1,nwk_enqueue,24915,14,15
4157135,5029.5028124419996,8,7,1,nwk_enqueue,24919,15,16
4157517,5030.022812442,8,7,1,nwk_enqueue,24967,16,17
4158809,5031.3252936319996,2,2,1,nwk_nsdp_release,,16,15
4158865,5031.3400000000001,2,2,1,nwk_enqueue,25660,15,16
4162832,5036.9258124420003,8,7,1,nwk_enqueue,25027,17,18
4166102,5041.0988153460003,2,8,1,nwk_enqueue,24957,15,16
4166237,5041.1922953459998,8,8,1,nwk_nsdp_release,,16,15
4166289,5041.1999999999998,8,8,1,nwk_enqueue,25705,15,16
4166613,5041.5538153460002,2,7,1,nwk_enqueue,24300,16,17
4166721,5041.6212953459999,8,7,1,nwk_nsdp_release,,18,17
4167225,5042.2558153460004,2,8,1,nwk_enqueue,24989,16,17
4167347,5042.3232953460001,8,8,1,nwk_nsdp_release,,16,15
4167392,5042.3400000000001,8,8,1,nwk_enqueue,25711,15,16
4167775,5042.8148153459997,2,8,1,nwk_enqueue,25000,17,18
4168076,5043.1138153459997,2,7,1,nwk_enqueue,24362,17,18
4168291,5043.2202953460001,8,7,1,nwk_nsdp_release,,17,16
4168293,5043.2202953460001,8,8,1,nwk_nsdp_release,,16,15
4168338,5043.2399999999998,8,8,1,nwk_enqueue,25717,15,16
4171566,5046.912293632,2,8,1,nwk_nsdp_release,,18,17
4171568,5046.912293632,2,2,1,nwk_nsdp_release,,16,15
4171628,5046.9200000000001,2,2,1,nwk_enqueue,25737,15,16
4172624,5048.0172936319996,2,7,1,nwk_nsdp_release,,18,17
4173037,5048.537293632,2,2,1,nwk_nsdp_release,,16,15
4173090,5048.54,2,2,1,nwk_enqueue,25746,15,16
4174854,5050.5652936320002,2,8,1,nwk_nsdp_release,,17,16
4176126,5051.9952936319996,2,7,1,nwk_nsdp_release,,17,16
4176128,5051.9952936319996,2,8,1,nwk_nsdp_release,,16,15
4176545,5052.4892936320002,2,8,1,nwk_nsdp_release,,15,14
4177642,5053.7892936320004,2,7,1,nwk_nsdp_release,,16,15
4178233,5054.6708124420002,8,7,1,nwk_enqueue,25075,16,17
4180494,5057.4268124419996,8,7,1,nwk_enqueue,25134,17,18
4184409,5061.9898153459999,2,7,1,nwk_enqueue,24403,15,16
4184588,5062.0832953460003,8,7,1,nwk_nsdp_release,,18,17
4185359,5062.8738153459999,2,7,1,nwk_enqueue,24407,16,17
4186013,5063.6432953459998,8,7,1,nwk_nsdp_release,,17,16
4186252,5063.9268153459998,2,7,1,nwk_enqueue,24471,17,18
4186757,5064.329815346,2,8,1,nwk_enqueue,25193,14,15
4186917,5064.4492953460003,8,8,1,nwk_nsdp_release,,16,15
4186920,5064.4492953460003,8,7,1,nwk_nsdp_release,,16,15
4186966,5064.46,8,8,1,nwk_enqueue,25834,15,16
4187188,5064.784815346,2,8,1,nwk_enqueue,25085,15,16
4187289,5064.8652953459996,8,8,1,nwk_nsdp_release,,16,15
4187339,5064.8800000000001,8,8,1,nwk_enqueue,25837,15,16
4189522,5067.3458153459997,2,8,1,nwk_enqueue,25198,16,17
4189832,5067.5822953460001,8,8,1,nwk_nsdp_release,,16,15
4189875,5067.6000000000004,8,8,1,nwk_enqueue,25855,15,16
4190157,5067.9958153460002,2,8,1,nwk_enqueue,25226,17,18
4190352,5068.1022953459997,8,8,1,nwk_nsdp_release,,16,15
4190404,5068.1199999999999,8,8,1,nwk_enqueue,25859,15,16
4192426,5070.6112936319996,2,2,1,nwk_nsdp_release,,16,15
4192488,5070.6199999999999,2,2,1,nwk_enqueue,25871,15,16
4193238,5071.4952936319996,2,2,1,nwk_nsdp_release,,16,15
4193240,5071.4952936319996,2,2,1,nwk_nsdp_release,,15,14
4193302,5071.5,2,2,1,nwk_enqueue,25877,14,15
4193364,5071.5200000000004,2,2,1,nwk_enqueue,25878,15,16
4193684,5071.8982936319999,2,7,1,nwk_nsdp_release,,18,17
4194394,5072.6002936320001,2,8,1,nwk_nsdp_release,,18,17
4195610,5074.1212936319998,2,7,1,nwk_nsdp_release,,17,16
4195612,5074.1212936319998,2,8,1,nwk_nsdp_release,,17,16
4195614,5074.1212936319998,2,2,1,nwk_nsdp_release,,16,15
4195669,5074.1400000000003,2,2,1,nwk_enqueue,25894,15,16
4196287,5074.9662936320001,2,2,1,nwk_nsdp_release,,16,15
4196344,5074.9799999999996,2,2,1,nwk_enqueue,25900,15,16
4198493,5078.2788124420003,8,7,1,nwk_enqueue,25179,15,16
4199328,5079.4618124420003,8,7,1,nwk_enqueue,25238,16,17
4202963,5083.9988153459999,2,7,1,nwk_enqueue,24509,16,17
4203057,5084.0792953460004,8,7,1,nwk_nsdp_release,,17,16
4203766,5084.7658153459997,2,7,1,nwk_enqueue,24591,17,18
4204035,5084.9762953460004,8,7,1,nwk_nsdp_release,,16,15
4206640,5088.1978153460004,2,8,1,nwk_enqueue,25323,16,17
4206934,5088.4968153460004,2,8,1,nwk_enqueue,25336,17,18
4207495,5089.2532953460004,8,8,1,nwk_nsdp_release,,16,15
4207497,5089.2532953460004,8,8,1,nwk_nsdp_release,,15,14
4207537,5089.2600000000002,8,8,1,nwk_enqueue,25970,14,15
4207580,5089.2799999999997,8,8,1,nwk_enqueue,25971,15,16
4210186,5092.4642936319997,2,8,1,nwk_nsdp_release,,18,17
4211244,5093.5042936319996,2,7,1,nwk_nsdp_release,,18,17
4212606,5094.8692936320003,2,8,1,nwk_nsdp_release,,17,16
4212608,5094.8692936320003,2,7,1,nwk_nsdp_release,,17,16
4213040,5095.2698124420003,8,7,1,nwk_enqueue,25285,15,16
4213840,5096.0782936320002,2,8,1,nwk_nsdp_release,,16,15
4213842,5096.0782936320002,2,7,1,nwk_nsdp_release,,16,15
4213844,5096.0782936320002,2,2,1,nwk_nsdp_release,,16,15
4213895,5096.0799999999999,2,2,1,nwk_enqueue,26006,15,16
4214340,5096.5202936320002,2,2,1,nwk_nsdp_release,,16,15
4214398,5096.54,2,2,1,nwk_enqueue,26011,15,16
4216492,5099.0008124420001,8,7,1,nwk_enqueue,25346,16,17
4217501,5100.352812442,8,7,1,nwk_enqueue,25351,17,18
4220266,5104.4608153460003,2,7,1,nwk_enqueue,24638,15,16
4220408,5104.6192953460004,8,7,1,nwk_nsdp_release,,18,17
4221007,5105.253815346,2,7,1,nwk_enqueue,24699,16,17
4221290,5105.6202953459997,8,7,1,nwk_nsdp_release,,17,16
4221603,5105.9688153460002,2,7,1,nwk_enqueue,24752,17,18
4221827,5106.1402953460001,8,7,1,nwk_nsdp_release,,16,15
4224747,5109.7908153460003,2,8,1,nwk_enqueue,25445,15,16
4225091,5110.2068153460004,2,8,1,nwk_enqueue,25449,16,17
4225418,5110.443295346,8,8,1,nwk_nsdp_release,,16,15
4225420,5110.443295346,8,8,1,nwk_nsdp_release,,15,14
4225473,5110.46,8,8,1,nwk_enqueue,26077,14,15
4225513,5110.4799999999996,8,8,1,nwk_enqueue,26078,15,16
4225877,5110.7788153459996,2,7,1,nwk_enqueue,24758,18,19
4225970,5110.8462953460003,8,7,1,nwk_nsdp_release,,15,14
4229531,5115.9422936319997,2,7,1,nwk_nsdp_release,,19,18
4230702,5117.3202936320004,2,2,1,nwk_nsdp_release,,16,15
4230704,5117.3202936320004,2,8,1,nwk_nsdp_release,,17,16
4230760,5117.3400000000001,2,2,1,nwk_enqueue,26105,15,16
4231413,5118.2432936320001,2,2,1,nwk_nsdp_release,,16,15
4231470,5118.2600000000002,2,2,1,nwk_enqueue,26109,15,16
4232197,5119.1922936319997,2,2,1,nwk_nsdp_release,,16,15
4232250,5119.1999999999998,2,2,1,nwk_enqueue,26115,15,16
4232801,5119.7902936319997,2,8,1,nwk_nsdp_release,,16,15
4232948,5119.9568124420002,8,7,1,nwk_enqueue,25397,14,15
4233602,5120.635293632,2,2,1,nwk_nsdp_release,,16,15
4233604,5120.635293632,2,2,1,nwk_nsdp_release,,15,14
4233658,5120.6400000000003,2,2,1,nwk_enqueue,26125,14,15
4233768,5120.6599999999999,2,2,1,nwk_enqueue,26127,15,16
4234295,5121.2568124420004,8,7,1,nwk_enqueue,25460,15,16
4234508,5121.5428124419996,8,7,1,nwk_enqueue,25514,16,17
4235331,5122.3228124420002,8,7,1,nwk_enqueue,25572,17,18
4237729,5126.079815346,2,8,1,nwk_enqueue,25487,15,16
4238145,5126.3292953460004,8,8,1,nwk_nsdp_release,,16,15
4238195,5126.3400000000001,8,8,1,nwk_enqueue,26167,15,16
4238466,5126.6258153460003,2,7,1,nwk_enqueue,24812,18,19
4238596,5126.7322953459998,8,7,1,nwk_nsdp_release,,18,17
4238901,5127.0678153460003,2,8,1,nwk_enqueue,25566,16,17
4239076,5127.2652953460001,8,8,1,nwk_nsdp_release,,16,15
4239125,5127.2799999999997,8,8,1,nwk_enqueue,26175,15,16
4241540,5130.8768153459996,2,7,1,nwk_enqueue,24854,19,20
4241877,5131.3838153460001,2,8,1,nwk_enqueue,25582,17,18
4242013,5131.5162953460003,8,8,1,nwk_nsdp_release,,16,15
4242015,5131.5162953460003,8,7,1,nwk_nsdp_release,,17,16
4242057,5131.5200000000004,8,8,1,nwk_enqueue,26200,15,16
4246507,5138.2892936320004,2,8,1,nwk_nsdp_release,,18,17
4246509,5138.2892936320004,2,7,1,nwk_nsdp_release,,20,19
4247039,5138.952293632,2,7,1,nwk_nsdp_release,,19,18
4247482,5139.3422936320003,2,7,1,nwk_nsdp_release,,18,17
4248739,5141.0452936319998,2,7,1,nwk_nsdp_release,,17,16
4250056,5142.8628124420002,8,7,1,nwk_enqueue,25643,16,17
4251594,5144.7242936319999,2,8,1,nwk_nsdp_release,,17,16
4251755,5144.9428124420001,8,7,1,nwk_enqueue,25638,17,18
4253647,5147.0228153460002,2,8,1,nwk_enqueue,25598,16,17
4253763,5147.1552953459995,8,8,1,nwk_nsdp_release,,16,15
4253807,5147.1599999999999,8,8,1,nwk_enqueue,26269,15,16
4254308,5147.6858153459998,2,8,1,nwk_enqueue,25599,17,18
4254395,5147.7532953460004,8,8,1,nwk_nsdp_release,,16,15
4254439,5147.7600000000002,8,8,1,nwk_enqueue,26273,15,16
4257682,5151.8328153459997,2,7,1,nwk_enqueue,24859,16,17
4258328,5152.5242953460001,8,7,1,nwk_nsdp_release,,18,17
4260278,5154.6798153460004,2,7,1,nwk_enqueue,24915,17,18
4260639,5155.1372953460004,8,7,1,nwk_nsdp_release,,17,16
4263755,5158.9722936320004,2,7,1,nwk_nsdp_release,,18,17
4264437,5159.6092936320001,2,8,1,nwk_nsdp_release,,18,17
4264937,5160.220293632,2,8,1,nwk_nsdp_release,,17,16
4265743,5160.9482936320001,2,7,1,nwk_nsdp_release,,17,16
4267318,5163.0672936319997,2,2,1,nwk_nsdp_release,,16,15
4267370,5163.0799999999999,2,2,1,nwk_enqueue,26351,15,16
4267789,5163.5068124420004,8,7,1,nwk_enqueue,25648,16,17
4268310,5164.1592936320003,2,2,1,nwk_nsdp_release,,16,15
4268363,5164.1599999999999,2,2,1,nwk_enqueue,26361,15,16
4269692,5165.6518124419999,8,7,1,nwk_enqueue,25653,17,18
4270179,5166.2002936319996,2,7,1,nwk_nsdp_release,,16,15
4271432,5167.5108153459996,2,7,1,nwk_enqueue,24919,15,16
4271915,5168.0568153459999,2,7,1,nwk_enqueue,24967,16,17
4272037,5168.1372953460004,8,7,1,nwk_nsdp_release,,18,17
4272039,5168.1372953460004,8,7,1,nwk_nsdp_release,,17,16
4275481,5172.9058153460001,2,7,1,nwk_enqueue,25027,17,18
4275812,5173.0382953460003,8,7,1,nwk_nsdp_release,,16,15
4277835,5175.726815346,2,8,1,nwk_enqueue,25711,16,17
4278024,5175.9502953459996,8,8,1,nwk_nsdp_release,,16,15
4278064,5175.96,8,8,1,nwk_enqueue,26421,15,16
4278258,5176.2078153459997,2,8,1,nwk_enqueue,25705,17,18
4278593,5176.4572953460001,8,8,1,nwk_nsdp_release,,16,15
4278634,5176.46,8,8,1,nwk_enqueue,26425,15,16
4281896,5180.2012936319998,2,7,1,nwk_nsdp_release,,18,17
4281898,5180.2012936319998,2,8,1,nwk_nsdp_release,,18,17
4283540,5182.0472936320002,2,8,1,nwk_nsdp_release,,17,16
4285014,5183.9712936320002,2,8,1,nwk_nsdp_release,,16,15
4285673,5184.6082936319999,2,2,1,nwk_nsdp_release,,16,15
4285726,5184.6199999999999,2,2,1,nwk_enqueue,26466,15,16
4287069,5186.5948124420001,8,7,1,nwk_enqueue,25778,15,16
4287598,5187.062812442,8,7,1,nwk_enqueue,25686,16,17
4287992,5187.4292936319998,2,2,1,nwk_nsdp_release,,16,15
4288047,5187.4399999999996,2,2,1,nwk_enqueue,26483,15,16
4288707,5188.0638124420002,8,7,1,nwk_enqueue,25792,17,18
4291240,5191.8580000279999,2,7,1,nwk_nsdp_release,,17,16
4292714,5194.2908153460003,2,8,1,nwk_enqueue,25717,15,16
4293022,5194.7222953459996,8,8,1,nwk_nsdp_release,,16,15
4293076,5194.7399999999998,8,8,1,nwk_enqueue,26517,15,16
4293684,5195.4608153460003,2,7,1,nwk_enqueue,25075,16,17
4294009,5195.7492953459996,8,7,1,nwk_nsdp_release,,18,17
4296048,5198.7888153459999,2,7,1,nwk_enqueue,25134,17,18
4296399,5199.3088153460003,2,8,1,nwk_enqueue,25834,16,17
4296522,5199.376295346,8,8,1,nwk_nsdp_release,,16,15
4296524,5199.376295346,8,7,1,nwk_nsdp_release,,17,16
4296566,5199.3800000000001,8,8,1,nwk_enqueue,26543,15,16
4297915,5200.9492936320003,2,7,1,nwk_nsdp_release,,18,17
4298583,5201.5992936319999,2,7,1,nwk_nsdp_release,,17,16
4300136,5203.2892936320004,2,7,1,nwk_nsdp_release,,16,15
4301123,5204.537293632,2,8,1,nwk_nsdp_release,,17,16
4302716,5206.6952936320004,2,8,1,nwk_nsdp_release,,16,15
4303635,5207.8912936320003,2,8,1,nwk_nsdp_release,,15,14
4303943,5208.2788124420003,8,7,1,nwk_enqueue,25917,16,17
4304462,5208.7338124420003,8,7,1,nwk_enqueue,25924,17,18
4307470,5213.5308153460001,2,8,1,nwk_enqueue,25837,14,15
4307598,5213.6242953459996,8,8,1,nwk_nsdp_release,,16,15
4307641,5213.6330000280004,2,8,1,nwk_nsdp_release,,15,14
4307700,5213.6400000000003,8,8,1,nwk_enqueue,26618,15,16
4308086,5214.1678153459998,2,8,1,nwk_enqueue,25855,14,15
4308307,5214.443295346,8,8,1,nwk_nsdp_release,,16,15
4308361,5214.46,8,8,1,nwk_enqueue,26623,15,16
4308655,5214.8438153460002,2,8,1,nwk_enqueue,25859,15,16
4308858,5215.0932953459996,8,8,1,nwk_nsdp_release,,16,15
4308915,5215.1000000000004,8,8,1,nwk_enqueue,26628,15,16
4310081,5216.5338153459998,2,8,1,nwk_enqueue,25970,16,17
4310442,5216.8742953459996,8,8,1,nwk_nsdp_release,,16,15
4310484,5216.8800000000001,8,8,1,nwk_enqueue,26640,15,16
4311679,5218.2238153460003,2,7,1,nwk_enqueue,25179,15,16
4311879,5218.4968153460004,2,7,1,nwk_enqueue,25238,16,17
4312128,5218.7072953460001,8,7,1,nwk_nsdp_release,,18,17
4312130,5218.7072953460001,8,7,1,nwk_nsdp_release,,17,16
4312851,5219.7058153460002,2,7,1,nwk_enqueue,25285,17,18
4313103,5220.0048153460002,2,7,1,nwk_enqueue,25346,18,19
4313398,5220.2152953459999,8,7,1,nwk_nsdp_release,,16,15
4313400,5220.2152953459999,8,7,1,nwk_nsdp_release,,15,14
4314587,5221.5648153459997,2,8,1,nwk_enqueue,25971,17,18
4314897,5221.7102953459998,8,8,1,nwk_nsdp_release,,16,15
4314937,5221.7200000000003,8,8,1,nwk_enqueue,26667,15,16
4317027,5224.6612936319998,2,2,1,nwk_nsdp_release,,16,15
4317094,5224.6800000000003,2,2,1,nwk_enqueue,26679,15,16
4317650,5225.2722936319997,2,2,1,nwk_nsdp_release,,16,15
4317707,5225.2799999999997,2,2,1,nwk_enqueue,26687,15,16
4318102,5225.7012936319998,2,2,1,nwk_nsdp_release,,16,15
4318171,5225.7200000000003,2,2,1,nwk_enqueue,26689,15,16
4318699,5226.3382936320004,2,2,1,nwk_nsdp_release,,16,15
4318758,5226.3400000000001,2,2,1,nwk_enqueue,26695,15,16
4319593,5227.287293632,2,2,1,nwk_nsdp_release,,16,15
4319652,5227.3000000000002,2,2,1,nwk_enqueue,26699,15,16
4321569,5229.6378124419998,8,7,1,nwk_enqueue,26007,14,15
4321986,5230.196812442,8,7,1,nwk_enqueue,26023,15,16
4322157,5230.4698124420001,8,7,1,nwk_enqueue,26030,16,17
4322519,5230.8728124420004,8,7,1,nwk_enqueue,26129,17,18
4326235,5236.3830000280004,2,7,1,nwk_nsdp_release,,19,18
4326892,5237.320815346,2,7,1,nwk_enqueue,25351,18,19
4327121,5237.5312953459998,8,7,1,nwk_nsdp_release,,18,17
4329918,5240.726815346,2,8,1,nwk_enqueue,26078,18,19
4330596,5241.5068153459997,2,8,1,nwk_enqueue,26077,19,20
4330732,5241.6002953460002,8,8,1,nwk_nsdp_release,,16,15
4330734,5241.6002953460002,8,8,1,nwk_nsdp_release,,15,14
4330779,5241.6199999999999,8,8,1,nwk_enqueue,26783,14,15
4330827,5241.6400000000003,8,8,1,nwk_enqueue,26784,15,16
4331432,5242.1048153459997,2,7,1,nwk_enqueue,25460,19,20
4332006,5242.7962953460001,8,7,1,nwk_nsdp_release,,17,16
4332601,5243.4308153459997,2,7,1,nwk_enqueue,25397,20,21
4332786,5243.5892953459997,8,7,1,nwk_nsdp_release,,16,15
4335028,5246.4232936320004,2,7,1,nwk_nsdp_release,,21,20
4335751,5247.086293632,2,8,1,nwk_nsdp_release,,20,19
4336596,5248.0352936319996,2,2,1,nwk_nsdp_release,,16,15
4336598,5248.0352936319996,2,8,1,nwk_nsdp_release,,19,18
4336657,5248.04,2,2,1,nwk_enqueue,26818,15,16
4337244,5248.8282936320002,2,2,1,nwk_nsdp_release,,16,15
4337304,5248.8400000000001,2,2,1,nwk_enqueue,26822,15,16
4339227,5251.3868124419996,8,7,1,nwk_enqueue,26134,15,16
4339582,5251.8808124420002,8,7,1,nwk_enqueue,26136,16,17
4339996,5252.3228124420002,8,7,1,nwk_enqueue,26140,17,18
4344253,5258.0298153459999,2,7,1,nwk_enqueue,25514,20,21
4344486,5258.3052953460001,8,7,1,nwk_nsdp_release,,18,17
4347501,5261.9818153460001,2,7,1,nwk_enqueue,25572,21,22
4347971,5262.6602953459997,8,7,1,nwk_nsdp_release,,17,16
4348636,5263.3858153459996,2,8,1,nwk_enqueue,26175,18,19
4348900,5263.6742953459998,8,8,1,nwk_nsdp_release,,16,15
4348940,5263.6800000000003,8,8,1,nwk_enqueue,26893,15,16
4349702,5264.6078153460003,2,8,1,nwk_enqueue,26167,19,20
4350088,5264.9872953459999,8,8,1,nwk_nsdp_release,,16,15
4350129,5265,8,8,1,nwk_enqueue,26901,15,16
4351542,5266.6098153459998,2,8,1,nwk_enqueue,26200,20,21
4351816,5266.8462953460003,8,8,1,nwk_nsdp_release,,16,15
4351860,5266.8599999999997,8,8,1,nwk_enqueue,26910,15,16
4353627,5268.9782936319998,2,7,1,nwk_nsdp_release,,22,21
4355060,5270.577293632,2,7,1,nwk_nsdp_release,,21,20
4355661,5271.2532936320004,2,8,1,nwk_nsdp_release,,21,20
4356861,5272.6548124419996,8,7,1,nwk_enqueue,26248,16,17
4357263,5273.0188124420001,8,7,1,nwk_enqueue,26258,17,18
4357934,5273.5932936319996,2,8,1,nwk_nsdp_release,,20,19
4357936,5273.5932936319996,2,7,1,nwk_nsdp_release,,20,19
4361910,5278.842815346,2,7,1,nwk_enqueue,25643,19,20
4362353,5279.3912953460003,8,7,1,nwk_nsdp_release,,18,17
4364663,5283.0938153460002,2,7,1,nwk_enqueue,25638,20,21
4364975,5283.5512953460002,8,7,1,nwk_nsdp_release,,17,16
4365485,5284.302815346,2,8,1,nwk_enqueue,26269,19,20
4365811,5284.5652953460003,8,8,1,nwk_nsdp_release,,16,15
4365858,5284.5799999999999,8,8,1,nwk_enqueue,27003,15,16
4368461,5287.6698153460002,2,8,1,nwk_enqueue,26273,20,21
4368714,5287.9842953460002,8,8,1,nwk_nsdp_release,,16,15
4368760,5288,8,8,1,nwk_enqueue,27020,15,16
4369851,5289.2428153459996,2,7,1,nwk_enqueue,25648,21,22
4370188,5289.492295346,8,7,1,nwk_nsdp_release,,16,15
4372121,5291.3252936319996,2,7,1,nwk_nsdp_release,,22,21
4372682,5291.9492936320003,2,2,1,nwk_nsdp_release,,16,15
4372745,5291.96,2,2,1,nwk_enqueue,27039,15,16
4373624,5292.7942936319996,2,2,1,nwk_nsdp_release,,16,15
4373688,5292.8000000000002,2,2,1,nwk_enqueue,27043,15,16
4374521,5293.714812442,8,7,1,nwk_enqueue,26359,15,16
4375503,5294.7938124419998,8,7,1,nwk_enqueue,26484,16,17
4375760,5294.9652936319999,2,2,1,nwk_nsdp_release,,16,15
4375827,5294.9799999999996,2,2,1,nwk_enqueue,27055,15,16
4377295,5296.6422936319996,2,2,1,nwk_nsdp_release,,16,15
4377365,5296.6599999999999,2,2,1,nwk_enqueue,27064,15,16
4378983,5298.8758124420001,8,7,1,nwk_enqueue,26373,17,18
4380843,5300.6698153460002,2,7,1,nwk_enqueue,25653,21,22
4381268,5301.2052953459997,8,7,1,nwk_nsdp_release,,18,17
4384712,5305.0378153459997,2,8,1,nwk_enqueue,26425,21,22
4384921,5305.2092953459996,8,8,1,nwk_nsdp_release,,16,15
4384963,5305.2200000000003,8,8,1,nwk_enqueue,27107,15,16
4390782,5312.6948153459998,2,7,1,nwk_enqueue,25686,22,23
4391095,5312.8360000279999,8,8,1,nwk_nsdp_release,,16,15
4391139,5312.8400000000001,8,8,1,nwk_enqueue,27141,15,16
4391327,5313.0352953459997,8,7,1,nwk_nsdp_release,,17,16
4393698,5315.8278124420003,8,7,1,nwk_enqueue,26486,16,17
4394023,5316.077293632,2,7,1,nwk_nsdp_release,,23,22
4394025,5316.077293632,2,2,1,nwk_nsdp_release,,16,15
4394089,5316.0799999999999,2,2,1,nwk_enqueue,27159,15,16
4394903,5316.8442936319998,2,8,1,nwk_nsdp_release,,22,21
4395239,5317.1260000279999,8,7,1,nwk_nsdp_release,,17,16
4396500,5318.586293632,2,7,1,nwk_nsdp_release,,22,21
4396502,5318.586293632,2,8,1,nwk_nsdp_release,,21,20
4400009,5323.6668153459996,2,7,1,nwk_enqueue,25792,21,22
4400365,5323.9682953459996,8,7,1,nwk_nsdp_release,,16,15
4404239,5329.8288153459998,2,8,1,nwk_enqueue,26517,20,21
4404730,5330.416295346,8,8,1,nwk_nsdp_release,,16,15
4404771,5330.4200000000001,8,8,1,nwk_enqueue,27232,15,16
4407313,5333.4428153460003,2,8,1,nwk_enqueue,26543,21,22
4407583,5333.7442953460004,8,8,1,nwk_nsdp_release,,16,15
4407632,5333.7600000000002,8,8,1,nwk_enqueue,27247,15,16
4409762,5336.6432936319998,2,8,1,nwk_nsdp_release,,22,21
4409944,5336.8228124420002,8,7,1,nwk_enqueue,26491,15,16
4410458,5337.1868124419998,8,7,1,nwk_enqueue,26597,16,17
4411136,5337.930293632,2,8,1,nwk_nsdp_release,,21,20
4412620,5339.6438124420001,8,7,1,nwk_enqueue,26598,17,18
4414930,5342.1292936319996,2,7,1,nwk_nsdp_release,,22,21
4414932,5342.1292936319996,2,7,1,nwk_nsdp_release,,21,20
4418123,5346.1810000280002,2,8,1,nwk_nsdp_release,,20,19
4418441,5346.6768153459998,2,7,1,nwk_enqueue,25917,20,21
4418646,5346.7702953460002,8,7,1,nwk_nsdp_release,,18,17
4423547,5354.0608153459998,2,7,1,nwk_enqueue,25924,21,22
4423885,5354.4142953459996,8,7,1,nwk_nsdp_release,,17,16
4426557,5357.3392936319997,2,2,1,nwk_nsdp_release,,16,15
4426620,5357.3400000000001,2,2,1,nwk_enqueue,27364,15,16
4427342,5357.9738124420001,8,7,1,nwk_enqueue,26715,16,17
4428320,5359.0292936320002,2,2,1,nwk_nsdp_release,,16,15
4428385,5359.04,2,2,1,nwk_enqueue,27374,15,16
4429450,5360.4438124420003,8,7,1,nwk_enqueue,26721,17,18
4431795,5362.9812936320004,2,7,1,nwk_nsdp_release,,22,21
4432359,5363.5272936319998,2,7,1,nwk_nsdp_release,,21,20
4432950,5364.3462936320002,2,7,1,nwk_nsdp_release,,20,19
4435149,5367.3078153460001,2,8,1,nwk_enqueue,26618,19,20
4435455,5367.7002953459996,8,8,1,nwk_nsdp_release,,16,15
4435501,5367.7200000000003,8,8,1,nwk_enqueue,27416,15,16
4439686,5373.1708153460004,2,8,1,nwk_enqueue,26623,20,21
4439839,5373.2902953459998,8,8,1,nwk_nsdp_release,,16,15
4439883,5373.3000000000002,8,8,1,nwk_enqueue,27439,15,16
4444051,5378.2822936319999,2,8,1,nwk_nsdp_release,,21,20
4444512,5378.6828124419999,8,7,1,nwk_enqueue,26722,18,19
4446197,5380.4142936320004,2,2,1,nwk_nsdp_release,,16,15
4446257,5380.4200000000001,2,2,1,nwk_enqueue,27469,15,16
4446979,5380.9188124419998,8,7,1,nwk_enqueue,26727,19,20
4448854,5382.9598153460001,2,8,1,nwk_enqueue,26628,20,21
4448987,5383.1052953460003,8,8,1,nwk_nsdp_release,,16,15
4449034,5383.1199999999999,8,8,1,nwk_enqueue,27483,15,16
4451057,5385.0292936320002,2,2,1,nwk_nsdp_release,,16,15
4451117,5385.04,2,2,1,nwk_enqueue,27492,15,16
4451450,5385.4062936319997,2,8,1,nwk_nsdp_release,,21,20
4452489,5386.4332936319997,2,8,1,nwk_nsdp_release,,20,19
4453144,5387.278293632,2,7,1,nwk_nsdp_release,,19,18
4453146,5387.278293632,2,7,1,nwk_nsdp_release,,18,17
4453861,5387.9672936320003,2,8,1,nwk_nsdp_release,,19,18
4454255,5388.4352936320001,2,8,1,nwk_nsdp_release,,18,17
4455950,5390.5388153459999,2,8,1,nwk_enqueue,26640,17,18
4456141,5390.6972953459999,8,8,1,nwk_nsdp_release,,16,15
4456187,5390.6999999999998,8,8,1,nwk_enqueue,27523,15,16
4460170,5395.8688153459998,2,8,1,nwk_enqueue,26667,18,19
4460343,5396.0662953459996,8,8,1,nwk_nsdp_release,,16,15
4460390,5396.0799999999999,8,8,1,nwk_enqueue,27550,15,16
4463222,5399.5738124420004,8,7,1,nwk_enqueue,26840,20,21
4465177,5401.7448124419998,8,7,1,nwk_enqueue,26841,21,22
4466873,5403.5542936319998,2,8,1,nwk_nsdp_release,,19,18
4467252,5404.0352936319996,2,8,1,nwk_nsdp_release,,18,17
4468009,5404.7762936319996,2,8,1,nwk_nsdp_release,,17,16
4468899,5405.8162936320005,2,7,1,nwk_nsdp_release,,17,16
4469848,5407.1422936319996,2,7,1,nwk_nsdp_release,,16,15
4470603,5407.9222936320002,2,8,1,nwk_nsdp_release,,16,15
4470605,5407.9222936320002,2,7,1,nwk_nsdp_release,,15,14
4471636,5409.0532936319996,2,2,1,nwk_nsdp_release,,16,15
4471692,5409.0600000000004,2,2,1,nwk_enqueue,27617,15,16
4472073,5409.5212936320004,2,7,1,nwk_nsdp_release,,14,13
4472493,5410.0802936319997,2,2,1,nwk_nsdp_release,,16,15
4472555,5410.1000000000004,2,2,1,nwk_enqueue,27624,15,16
4473351,5411.0138153460002,2,7,1,nwk_enqueue,26007,13,14
4473549,5411.0942953459999,8,7,1,nwk_nsdp_release,,22,21
4473683,5411.2502936319997,2,2,1,nwk_nsdp_release,,16,15
4473740,5411.2600000000002,2,2,1,nwk_enqueue,27631,15,16
4473938,5411.5078153459999,2,7,1,nwk_enqueue,26023,14,15
4474179,5411.7312953459996,8,7,1,nwk_nsdp_release,,21,20
4477163,5415.0072936320003,2,2,1,nwk_nsdp_release,,16,15
4477166,5415.0072936320003,2,2,1,nwk_nsdp_release,,15,14
4477236,5415.0200000000004,2,2,1,nwk_enqueue,27650,14,15
4477304,5415.04,2,2,1,nwk_enqueue,27651,15,16
4478334,5416.0082936319995,2,7,1,nwk_nsdp_release,,15,14
4478939,5416.671293632,2,8,1,nwk_nsdp_release,,15,14
4478941,5416.671293632,2,8,1,nwk_nsdp_release,,14,13
4479243,5417.1238153459999,2,7,1,nwk_enqueue,26129,14,15
4479573,5417.4902953459996,8,7,1,nwk_nsdp_release,,20,19
4479808,5417.7998153460003,2,7,1,nwk_enqueue,26030,15,16
4479991,5418.0598153459996,2,8,1,nwk_enqueue,26783,13,14
4480226,5418.3068153459999,2,8,1,nwk_enqueue,26784,14,15
4480346,5418.4002953460003,8,8,1,nwk_nsdp_release,,16,15
4480349,5418.4002953460003,8,8,1,nwk_nsdp_release,,15,14
4480352,5418.4002953460003,8,7,1,nwk_nsdp_release,,19,18
4480424,5418.4200000000001,8,8,1,nwk_enqueue,27671,14,15
4480468,5418.4399999999996,8,8,1,nwk_enqueue,27672,15,16
4481518,5419.5808153460002,2,7,1,nwk_enqueue,26136,16,17
4481712,5419.7132953460005,8,7,1,nwk_nsdp_release,,18,17
4481932,5420.0098153460003,2,7,1,nwk_enqueue,26140,17,18
4482079,5420.1032953459999,8,7,1,nwk_nsdp_release,,17,16
4482259,5420.3868124419996,8,7,1,nwk_enqueue,26846,16,17
4484205,5422.4018124419999,8,7,1,nwk_enqueue,26941,17,18
4485625,5424.1438153460003,2,8,1,nwk_enqueue,26893,15,16
4485742,5424.2372953459999,8,8,1,nwk_nsdp_release,,16,15
4485791,5424.2399999999998,8,8,1,nwk_enqueue,27703,15,16
4486039,5424.6118153460002,2,7,1,nwk_enqueue,26134,18,19
4486306,5425.0278153460004,2,8,1,nwk_enqueue,26901,16,17
4486439,5425.1212953459999,8,8,1,nwk_nsdp_release,,16,15
4486441,5425.1212953459999,8,7,1,nwk_nsdp_release,,18,17
4486488,5425.1400000000003,8,8,1,nwk_enqueue,27709,15,16
4490524,5429.671293632,2,7,1,nwk_nsdp_release,,19,18
4490526,5429.671293632,2,7,1,nwk_nsdp_release,,18,17
4491018,5430.3838153460001,2,8,1,nwk_enqueue,26910,17,18
4491155,5430.5162953460003,8,8,1,nwk_nsdp_release,,16,15
4491198,5430.5200000000004,8,8,1,nwk_enqueue,27738,15,16
4494525,5434.5592936319999,2,2,1,nwk_nsdp_release,,16,15
4494589,5434.5600000000004,2,2,1,nwk_enqueue,27756,15,16
4495241,5435.2222936320004,2,2,1,nwk_nsdp_release,,16,15
4495310,5435.2399999999998,2,2,1,nwk_enqueue,27761,15,16
4495879,5435.7552936319998,2,7,1,nwk_nsdp_release,,17,16
4497871,5438.0562936320002,2,8,1,nwk_nsdp_release,,18,17
4498615,5438.8882936319997,2,7,1,nwk_nsdp_release,,16,15
4500191,5440.6928153460003,2,7,1,nwk_enqueue,26258,15,16
4500320,5440.7732953459999,8,7,1,nwk_nsdp_release,,17,16
4501056,5441.4728153460001,2,8,1,nwk_enqueue,27003,17,18
4501369,5441.888812442,8,7,1,nwk_enqueue,26946,16,17
4501906,5442.1382953459997,8,8,1,nwk_nsdp_release,,16,15
4501951,5442.1400000000003,8,8,1,nwk_enqueue,27798,15,16
4503107,5443.3318124420002,8,7,1,nwk_enqueue,27050,17,18
4504325,5444.5432936320003,2,8,1,nwk_nsdp_release,,18,17
4504973,5445.2298153459997,2,7,1,nwk_enqueue,26248,16,17
4505631,5445.8018153459998,2,8,1,nwk_enqueue,27020,17,18
4505749,5445.8822953460003,8,8,1,nwk_nsdp_release,,16,15
4505751,5445.8822953460003,8,7,1,nwk_nsdp_release,,18,17
4505795,5445.8999999999996,8,8,1,nwk_enqueue,27820,15,16
4507950,5448.7658153459997,2,7,1,nwk_enqueue,26359,17,18
4508255,5449.2232953459998,8,7,1,nwk_nsdp_release,,17,16
4510527,5451.7322936319997,2,7,1,nwk_nsdp_release,,18,17
4510529,5451.7322936319997,2,8,1,nwk_nsdp_release,,18,17
4516661,5459.220293632,2,8,1,nwk_nsdp_release,,17,16
4516663,5459.220293632,2,7,1,nwk_nsdp_release,,17,16
4517148,5459.7402936320004,2,8,1,nwk_nsdp_release,,16,15
4519943,5463.1178124420003,8,7,1,nwk_enqueue,27057,16,17
4520698,5463.9368124419998,8,7,1,nwk_enqueue,27076,17,18
4521986,5465.4448153459998,2,7,1,nwk_enqueue,26484,16,17
4522073,5465.5122953460004,8,7,1,nwk_nsdp_release,,18,17
4522770,5466.146815346,2,7,1,nwk_enqueue,26373,17,18
4523215,5466.8252953459996,8,7,1,nwk_nsdp_release,,17,16
4524877,5468.9158153460003,2,8,1,nwk_enqueue,27107,15,16
4525177,5469.269295346,8,8,1,nwk_nsdp_release,,16,15
4525226,5469.2799999999997,8,8,1,nwk_enqueue,27932,15,16
4525569,5469.7218153459999,2,8,1,nwk_enqueue,27141,16,17
4525759,5469.9582953460003,8,8,1,nwk_nsdp_release,,16,15
4525800,5469.96,8,8,1,nwk_enqueue,27937,15,16
4526052,5470.3328153459997,2,7,1,nwk_enqueue,26486,18,19
4526157,5470.4002953460003,8,7,1,nwk_nsdp_release,,16,15
4526594,5470.9438153459996,2,8,1,nwk_enqueue,27232,17,18
4526710,5471.0762953459998,8,8,1,nwk_nsdp_release,,16,15
4526751,5471.0799999999999,8,8,1,nwk_enqueue,27944,15,16
4528571,5473.0522936320003,2,7,1,nwk_nsdp_release,,19,18
4531848,5477.9662936320001,2,2,1,nwk_nsdp_release,,16,15
4531915,5477.9799999999996,2,2,1,nwk_enqueue,27973,15,16
4532736,5478.7722936319997,2,2,1,nwk_nsdp_release,,16,15
4532801,5478.7799999999997,2,2,1,nwk_enqueue,27978,15,16
4534407,5480.9172936320001,2,8,1,nwk_nsdp_release,,18,17
4534409,5480.9172936320001,2,2,1,nwk_nsdp_release,,16,15
4534471,5480.9200000000001,2,2,1,nwk_enqueue,27987,15,16
4535023,5481.4372936319996,2,7,1,nwk_nsdp_release,,18,17
4537016,5484.0762936319998,2,2,1,nwk_nsdp_release,,16,15
4537078,5484.0799999999999,2,2,1,nwk_enqueue,28004,15,16
4537437,5484.3728124420004,8,7,1,nwk_enqueue,27158,15,16
4537676,5484.5312936319997,2,2,1,nwk_nsdp_release,,16,15
4537738,5484.54,2,2,1,nwk_enqueue,28008,15,16
4538232,5484.9578124420004,8,7,1,nwk_enqueue,27261,16,17
4538401,5485.0382936320002,2,7,1,nwk_nsdp_release,,17,16
4539173,5485.7012936319998,2,7,1,nwk_nsdp_release,,16,15
4539676,5486.2212936320002,2,8,1,nwk_nsdp_release,,17,16
4540783,5487.4538153459998,2,8,1,nwk_enqueue,27247,16,17
4540901,5487.5602953460002,8,8,1,nwk_nsdp_release,,16,15
4540946,5487.5799999999999,8,8,1,nwk_enqueue,28027,15,16
4541160,5487.8958153459998,2,7,1,nwk_enqueue,26491,15,16
4541362,5488.1428124419999,8,7,1,nwk_enqueue,27269,17,18
4541867,5488.5352953459997,8,7,1,nwk_nsdp_release,,18,17
4543360,5490.2618153459998,2,7,1,nwk_enqueue,26598,16,17
4543560,5490.407295346,8,7,1,nwk_nsdp_release,,17,16
4543864,5490.8338153459999,2,7,1,nwk_enqueue,26715,17,18
4544102,5491.0962953460003,8,7,1,nwk_nsdp_release,,16,15
4545155,5492.1858153459998,2,7,1,nwk_enqueue,26597,18,19
4545800,5492.7732953459999,8,7,1,nwk_nsdp_release,,15,14
4547154,5494.2788153459996,2,7,1,nwk_enqueue,26721,19,20
4547478,5494.6062953459996,8,7,1,nwk_nsdp_release,,14,13
4549758,5497.2712936320004,2,8,1,nwk_nsdp_release,,17,16
4553548,5502.0682936319999,2,7,1,nwk_nsdp_release,,20,19
4553550,5502.0682936319999,2,7,1,nwk_nsdp_release,,19,18
4555936,5505.4588124419997,8,7,1,nwk_enqueue,27283,13,14
4557058,5506.6158124419999,8,7,1,nwk_enqueue,27371,14,15
4557911,5507.2682936319998,2,2,1,nwk_nsdp_release,,16,15
4557913,5507.2682936319998,2,2,1,nwk_nsdp_release,,15,14
4557968,5507.2799999999997,2,2,1,nwk_enqueue,28124,14,15
4558032,5507.3000000000002,2,2,1,nwk_enqueue,28125,15,16
4558331,5507.5648124420004,8,7,1,nwk_enqueue,27383,15,16
4559001,5508.1238124419997,8,7,1,nwk_enqueue,27462,16,17
4559433,5508.5268124419999,8,7,1,nwk_enqueue,27474,17,18
4560082,5509.2418124420001,8,7,1,nwk_enqueue,27566,18,19
4562215,5511.1008153459998,2,8,1,nwk_enqueue,27416,16,17
4562770,5511.7532953460004,8,8,1,nwk_nsdp_release,,16,15
4562813,5511.7600000000002,8,8,1,nwk_enqueue,28157,15,16
4564092,5513.1548153459999,2,7,1,nwk_enqueue,26727,18,19
4564884,5514.1062953459996,8,7,1,nwk_nsdp_release,,19,18
4565243,5514.5588153460003,2,7,1,nwk_enqueue,26722,19,20
4565436,5514.6782953459997,8,7,1,nwk_nsdp_release,,18,17
4565651,5515.0268153460001,2,8,1,nwk_enqueue,27483,17,18
4565953,5515.3282953460002,8,8,1,nwk_nsdp_release,,16,15
4565995,5515.3400000000001,8,8,1,nwk_enqueue,28175,15,16
4569372,5519.4450000280003,8,8,1,nwk_nsdp_release,,16,15
4569415,5519.46,8,8,1,nwk_enqueue,28194,15,16
4570374,5520.6452936320002,2,8,1,nwk_nsdp_release,,18,17
4573050,5524.220293632,2,2,1,nwk_nsdp_release,,16,15
4573120,5524.2399999999998,2,2,1,nwk_enqueue,28219,15,16
4573982,5525.2732936319999,2,8,1,nwk_nsdp_release,,17,16
4574336,5525.7152936319999,2,2,1,nwk_nsdp_release,,16,15
4574393,5525.7200000000003,2,2,1,nwk_enqueue,28228,15,16
4576444,5528.1982936320001,2,8,1,nwk_nsdp_release,,16,15
4577408,5529.0432936320003,2,8,1,nwk_nsdp_release,,15,14
4577968,5529.5478124419997,8,7,1,nwk_enqueue,27579,17,18
4578276,5529.9118124420002,8,7,1,nwk_enqueue,27685,18,19
4578761,5530.2888124419997,8,7,1,nwk_enqueue,27695,19,20
4579509,5531.2142936319997,2,8,1,nwk_nsdp_release,,14,13
4580423,5532.1738153460001,2,8,1,nwk_enqueue,27523,13,14
4580630,5532.4362953460004,8,8,1,nwk_nsdp_release,,16,15
4580683,5532.4399999999996,8,8,1,nwk_enqueue,28269,15,16
4583131,5535.5018153459996,2,8,1,nwk_enqueue,27550,14,15
4583219,5535.5692953460002,8,8,1,nwk_nsdp_release,,16,15
4583269,5535.5799999999999,8,8,1,nwk_enqueue,28283,15,16
4585674,5538.2058153460002,2,8,1,nwk_enqueue,27671,15,16
4585849,5538.3122953459997,8,8,1,nwk_nsdp_release,,16,15
4585901,5538.3199999999997,8,8,1,nwk_enqueue,28299,15,16
4586729,5539.128815346,2,7,1,nwk_enqueue,26846,20,21
4587333,5539.7658153459997,2,7,1,nwk_enqueue,26840,21,22
4587454,5539.8592953460002,8,7,1,nwk_nsdp_release,,20,19
4587456,5539.8592953460002,8,7,1,nwk_nsdp_release,,19,18
4587777,5540.1818153459999,2,7,1,nwk_enqueue,26841,22,23
4588303,5540.7042953460004,8,7,1,nwk_nsdp_release,,18,17
4589152,5541.5468153459997,2,8,1,nwk_enqueue,27672,16,17
4589308,5541.6792953459999,8,8,1,nwk_nsdp_release,,16,15
4589351,5541.6800000000003,8,8,1,nwk_enqueue,28317,15,16
4591235,5544.1882936319998,2,2,1,nwk_nsdp_release,,16,15
4591297,5544.1999999999998,2,2,1,nwk_enqueue,28329,15,16
4592963,5546.0342936320003,2,2,1,nwk_nsdp_release,,16,15
4593024,5546.04,2,2,1,nwk_enqueue,28337,15,16
4593618,5546.6452936320002,2,7,1,nwk_nsdp_release,,23,22
4595782,5549.622293632,2,2,1,nwk_nsdp_release,,16,15
4595845,5549.6400000000003,2,2,1,nwk_enqueue,28354,15,16
4596864,5550.9458124419998,8,7,1,nwk_enqueue,27794,17,18
4597316,5551.4008124419997,8,7,1,nwk_enqueue,27807,18,19
4597642,5551.9208124420002,8,7,1,nwk_enqueue,27904,19,20
4599402,5553.9902936320004,2,7,1,nwk_nsdp_release,,22,21
4603936,5560.3708153460002,2,7,1,nwk_enqueue,26941,21,22
4604262,5560.6592953460004,8,7,1,nwk_nsdp_release,,20,19
4607589,5564.9492936320003,2,2,1,nwk_nsdp_release,,16,15
4607650,5564.96,2,2,1,nwk_enqueue,28434,15,16
4609013,5566.4312936320002,2,2,1,nwk_nsdp_release,,16,15
4609074,5566.4399999999996,2,2,1,nwk_enqueue,28440,15,16
4610914,5568.5762936319998,2,7,1,nwk_nsdp_release,,22,21
4612293,5570.4742936319999,2,8,1,nwk_nsdp_release,,17,16
4614218,5572.9938124419996,8,7,1,nwk_enqueue,27910,19,20
4614742,5573.6438124420001,8,7,1,nwk_enqueue,28009,20,21
4615413,5574.4888124420004,8,7,1,nwk_enqueue,28016,21,22
4616062,5575.1760000280001,2,7,1,nwk_nsdp_release,,21,20
4617236,5576.8182936319999,2,8,1,nwk_nsdp_release,,16,15
4619960,5580.4428153460003,2,8,1,nwk_enqueue,27703,15,16
4620124,5580.6142953460003,8,8,1,nwk_nsdp_release,,16,15
4620181,5580.6199999999999,8,8,1,nwk_enqueue,28510,15,16
4620585,5581.0278153460004,2,8,1,nwk_enqueue,27709,16,17
4620779,5581.3008153459996,2,8,1,nwk_enqueue,27738,17,18
4620955,5581.5478153459999,2,7,1,nwk_enqueue,26946,20,21
4621229,5581.7062953459999,8,7,1,nwk_nsdp_release,,22,21
4621231,5581.7062953459999,8,8,1,nwk_nsdp_release,,16,15
4621233,5581.7062953459999,8,8,1,nwk_nsdp_release,,15,14
4621281,5581.7200000000003,8,8,1,nwk_enqueue,28517,14,15
4621327,5581.7399999999998,8,8,1,nwk_enqueue,28518,15,16
4621624,5582.1328153459999,2,8,1,nwk_enqueue,27798,18,19
4621935,5582.4082953460002,8,8,1,nwk_nsdp_release,,16,15
4621982,5582.4200000000001,8,8,1,nwk_enqueue,28525,15,16
4625477,5586.9192936319996,2,7,1,nwk_nsdp_release,,21,20
4627578,5589.5582936319997,2,8,1,nwk_nsdp_release,,19,18
4628793,5590.9752936320001,2,7,1,nwk_nsdp_release,,20,19
4630653,5593.7140000279996,2,7,1,nwk_nsdp_release,,19,18
4630942,5594.1448124420003,8,7,1,nwk_enqueue,28035,21,22
4631340,5594.6648124419999,8,7,1,nwk_enqueue,28113,22,23
4631695,5595.1198124419998,8,7,1,nwk_enqueue,28123,23,24
4635237,5599.7372936319998,2,8,1,nwk_nsdp_release,,18,17
4637534,5602.2438153459998,2,7,1,nwk_enqueue,27050,18,19
4638052,5602.6988153459997,2,8,1,nwk_enqueue,27820,17,18
4638284,5602.8442953459999,8,8,1,nwk_nsdp_release,,16,15
4638286,5602.8442953459999,8,7,1,nwk_nsdp_release,,24,23
4638339,5602.8599999999997,8,8,1,nwk_enqueue,28621,15,16
4638804,5603.4788153460004,2,7,1,nwk_enqueue,27057,19,20
4639147,5603.9208153460004,2,7,1,nwk_enqueue,27076,20,21
4639304,5604.0922953460004,8,7,1,nwk_nsdp_release,,23,22
4639306,5604.0922953460004,8,7,1,nwk_nsdp_release,,22,21
4641830,5607.5112936320002,2,8,1,nwk_nsdp_release,,18,17
4644134,5610.3582936319999,2,2,1,nwk_nsdp_release,,16,15
4644201,5610.3599999999997,2,2,1,nwk_enqueue,28654,15,16
4644971,5611.0992936319999,2,2,1,nwk_nsdp_release,,16,15
4645030,5611.1000000000004,2,2,1,nwk_enqueue,28659,15,16
4645475,5611.6582936320001,2,7,1,nwk_nsdp_release,,21,20
4646035,5612.2302936320002,2,8,1,nwk_nsdp_release,,17,16
4648956,5616.0368124420002,8,7,1,nwk_enqueue,28127,21,22
4649499,5616.5828124420004,8,7,1,nwk_enqueue,28134,22,23
4649973,5616.9598124419999,8,7,1,nwk_enqueue,28135,23,24
4652822,5620.6542936320002,2,7,1,nwk_nsdp_release,,20,19
4655028,5623.3582936319999,2,8,1,nwk_nsdp_release,,16,15
4657633,5626.9308153459997,2,8,1,nwk_enqueue,27944,15,16
4658181,5627.635295346,8,8,1,nwk_nsdp_release,,16,15
4658236,5627.6400000000003,8,8,1,nwk_enqueue,28741,15,16
4658990,5628.6078153460003,2,7,1,nwk_enqueue,27261,19,20
4659121,5628.7272953459997,8,7,1,nwk_nsdp_release,,24,23
4659615,5629.101815346,2,8,1,nwk_enqueue,27937,16,17
4660031,5629.6478153460002,2,7,1,nwk_enqueue,27158,20,21
4660196,5629.7802953459995,8,7,1,nwk_nsdp_release,,23,22
4660198,5629.7802953459995,8,8,1,nwk_nsdp_release,,16,15
4660248,5629.8000000000002,8,8,1,nwk_enqueue,28756,15,16
4662076,5631.8690000280003,8,8,1,nwk_nsdp_release,,16,15
4662127,5631.8800000000001,8,8,1,nwk_enqueue,28765,15,16
4662850,5632.5362936319998,2,7,1,nwk_nsdp_release,,21,20
4663683,5633.5502936319999,2,8,1,nwk_nsdp_release,,17,16
4663686,5633.5502936319999,2,7,1,nwk_nsdp_release,,20,19
4665073,5635.2142936319997,2,7,1,nwk_nsdp_release,,19,18
4665467,5635.6692936319996,2,7,1,nwk_nsdp_release,,18,17
4666077,5636.488293632,2,8,1,nwk_nsdp_release,,16,15
4666458,5636.9148124419999,8,7,1,nwk_enqueue,28140,22,23
4666860,5637.3048124420002,8,7,1,nwk_enqueue,28250,23,24
4667283,5637.6842936319999,2,8,1,nwk_nsdp_release,,15,14
4668179,5638.6072936319997,2,2,1,nwk_nsdp_release,,16,15
4668232,5638.6199999999999,2,2,1,nwk_enqueue,28803,15,16
4669256,5640.0738124420004,8,7,1,nwk_enqueue,28251,24,25
4672327,5644.2622936320004,2,2,1,nwk_nsdp_release,,16,15
4672384,5644.2799999999997,2,2,1,nwk_enqueue,28832,15,16
4677531,5651.396815346,2,8,1,nwk_enqueue,28027,14,15
4677777,5651.6462953460004,8,8,1,nwk_nsdp_release,,16,15
4677838,5651.6599999999999,8,8,1,nwk_enqueue,28869,15,16
4680122,5654.7248153459996,2,7,1,nwk_enqueue,27269,17,18
4680498,5655.0782953460002,8,7,1,nwk_nsdp_release,,25,24
4683039,5658.0292936320002,2,2,1,nwk_nsdp_release,,16,15
4683042,5658.0292936320002,2,2,1,nwk_nsdp_release,,15,14
4683108,5658.04,2,2,1,nwk_enqueue,28902,14,15
4683168,5658.0600000000004,2,2,1,nwk_enqueue,28903,15,16
4683461,5658.455812442,8,7,1,nwk_enqueue,28257,24,25
4683824,5658.6662936319999,2,2,1,nwk_nsdp_release,,16,15
4683894,5658.6800000000003,2,2,1,nwk_enqueue,28910,15,16
4684066,5658.7808124419998,8,7,1,nwk_enqueue,28369,25,26
4685628,5660.5618124419998,8,7,1,nwk_enqueue,28370,26,27
4686173,5661.0972936320004,2,7,1,nwk_nsdp_release,,18,17
4686176,5661.0972936320004,2,7,1,nwk_nsdp_release,,17,16
4686179,5661.0972936320004,2,8,1,nwk_nsdp_release,,15,14
4686676,5661.6172936319999,2,7,1,nwk_nsdp_release,,16,15
4687186,5662.046293632,2,7,1,nwk_nsdp_release,,15,14
4689406,5664.8412936320001,2,2,1,nwk_nsdp_release,,16,15
4689408,5664.8412936320001,2,2,1,nwk_nsdp_release,,15,14
4689411,5664.8412936320001,2,7,1,nwk_nsdp_release,,14,13
4689476,5664.8599999999997,2,2,1,nwk_enqueue,28951,14,15
4689528,5664.8800000000001,2,2,1,nwk_enqueue,28952,15,16
4690581,5666.3882936319997,2,7,1,nwk_nsdp_release,,13,12
4690583,5666.3882936319997,2,8,1,nwk_nsdp_release,,14,13
4692391,5669.0662936320005,2,7,1,nwk_nsdp_release,,12,11
4694045,5670.5482936320004,2,8,1,nwk_nsdp_release,,13,12
4695324,5672.2878153459997,2,7,1,nwk_enqueue,27283,11,12
4695450,5672.407295346,8,7,1,nwk_nsdp_release,,27,26
4699499,5677.838815346,2,7,1,nwk_enqueue,27462,12,13
4699634,5677.9322953459996,8,7,1,nwk_nsdp_release,,26,25
4700509,5679.0980000279997,8,7,1,nwk_nsdp_release,,25,24
4701446,5679.8018124419996,8,7,1,nwk_enqueue,28371,24,25
4702066,5680.3088124420001,8,7,1,nwk_enqueue,28474,25,26
4702666,5680.9978124420004,8,7,1,nwk_enqueue,28478,26,27
4703903,5682.2458153460002,2,7,1,nwk_enqueue,27474,13,14
4703987,5682.3132953459999,8,7,1,nwk_nsdp_release,,27,26
4704570,5682.738000028,8,7,1,nwk_nsdp_release,,26,25
4707011,5685.534815346,2,7,1,nwk_enqueue,27566,14,15
4707246,5685.7192953459999,8,7,1,nwk_nsdp_release,,25,24
4708678,5687.2272936319996,2,8,1,nwk_nsdp_release,,12,11
4709217,5687.903293632,2,8,1,nwk_nsdp_release,,11,10
4709840,5688.6678153459998,2,8,1,nwk_enqueue,28157,10,11
4710103,5688.8522953459997,8,8,1,nwk_nsdp_release,,16,15
4710160,5688.8599999999997,8,8,1,nwk_enqueue,29069,15,16
4710384,5689.1618153460004,2,8,1,nwk_enqueue,28175,11,12
4710564,5689.2682953459998,8,8,1,nwk_nsdp_release,,16,15
4710621,5689.2799999999997,8,8,1,nwk_enqueue,29072,15,16
4710736,5689.3462936320002,2,2,1,nwk_nsdp_release,,16,15
4710800,5689.3599999999997,2,2,1,nwk_enqueue,29074,15,16
4713020,5691.9308153459997,2,8,1,nwk_enqueue,28194,12,13
4713132,5692.0372953460001,8,8,1,nwk_nsdp_release,,16,15
4713189,5692.04,8,8,1,nwk_enqueue,29086,15,16
4716506,5696.028293632,2,2,1,nwk_nsdp_release,,16,15
4716559,5696.04,2,2,1,nwk_enqueue,29106,15,16
4716899,5696.4572936320001,2,8,1,nwk_nsdp_release,,13,12
4718079,5697.7288153460004,2,7,1,nwk_enqueue,27579,15,16
4718355,5697.9782953459999,8,7,1,nwk_nsdp_release,,24,23
4718581,5698.2488153459999,2,7,1,nwk_enqueue,27685,16,17
4718679,5698.3162953459996,8,7,1,nwk_nsdp_release,,23,22
4718881,5698.537293632,2,7,1,nwk_nsdp_release,,17,16
4718883,5698.537293632,2,7,1,nwk_nsdp_release,,16,15
4720475,5700.2532936320004,2,7,1,nwk_nsdp_release,,15,14
4720945,5700.7992936319997,2,8,1,nwk_nsdp_release,,12,11
4721652,5701.4208124420002,8,7,1,nwk_enqueue,28579,22,23
4722024,5701.8522936319996,2,2,1,nwk_nsdp_release,,16,15
4722078,5701.8599999999997,2,2,1,nwk_enqueue,29137,15,16
4722130,5701.8758124420001,8,7,1,nwk_enqueue,28580,23,24
4722571,5702.229293632,2,2,1,nwk_nsdp_release,,16,15
4722625,5702.2399999999998,2,2,1,nwk_enqueue,29142,15,16
4723708,5703.3838124419999,8,7,1,nwk_enqueue,28483,24,25
4723902,5703.5812936319999,2,2,1,nwk_nsdp_release,,16,15
4723961,5703.6000000000004,2,2,1,nwk_enqueue,29151,15,16
4727490,5708.0792936320004,2,7,1,nwk_nsdp_release,,14,13
4730044,5711.4202936319998,2,2,1,nwk_nsdp_release,,16,15
4730112,5711.4399999999996,2,2,1,nwk_enqueue,29186,15,16
4730653,5712.2132936320004,2,8,1,nwk_nsdp_release,,11,10
4732226,5714.3322936320001,2,2,1,nwk_nsdp_release,,16,15
4732278,5714.3400000000001,2,2,1,nwk_enqueue,29201,15,16
4733018,5715.1122936319998,2,8,1,nwk_nsdp_release,,10,9
4735822,5718.7888153459999,2,7,1,nwk_enqueue,27695,13,14
4736148,5719.1032953459999,8,7,1,nwk_nsdp_release,,25,24
4738371,5721.6228153459997,2,8,1,nwk_enqueue,28269,9,10
4738477,5721.7292953460001,8,8,1,nwk_nsdp_release,,16,15
4738534,5721.7399999999998,8,8,1,nwk_enqueue,29235,15,16
4738934,5722.2078153459997,2,8,1,nwk_enqueue,28283,10,11
4739121,5722.3792936319996,2,8,1,nwk_nsdp_release,,11,10
4739522,5722.782295346,8,8,1,nwk_nsdp_release,,16,15
4739583,5722.8000000000002,8,8,1,nwk_enqueue,29240,15,16
4739884,5723.156812442,8,7,1,nwk_enqueue,28583,24,25
4740899,5724.0148124420002,8,7,1,nwk_enqueue,28687,25,26
4742792,5725.9258124420003,8,7,1,nwk_enqueue,28682,26,27
4743067,5726.1102936320003,2,8,1,nwk_nsdp_release,,10,9
4743069,5726.1102936320003,2,7,1,nwk_nsdp_release,,14,13
4744062,5727.3712936319998,2,7,1,nwk_nsdp_release,,13,12
4745052,5728.3178153460003,2,8,1,nwk_enqueue,28299,9,10
4745227,5728.5542953459999,8,8,1,nwk_nsdp_release,,16,15
4745287,5728.5600000000004,8,8,1,nwk_enqueue,29273,15,16
4745592,5728.9158153460003,2,8,1,nwk_enqueue,28317,10,11
4745882,5729.3082953459998,8,8,1,nwk_nsdp_release,,16,15
4745942,5729.3199999999997,8,8,1,nwk_enqueue,29277,15,16
4746200,5729.695815346,2,7,1,nwk_enqueue,27794,12,13
4746433,5729.9062953459998,8,7,1,nwk_nsdp_release,,27,26
4749079,5732.8418153459997,2,7,1,nwk_enqueue,27807,13,14
4749260,5733.0522953460004,8,7,1,nwk_nsdp_release,,26,25
4749704,5733.5048153460002,2,7,1,nwk_enqueue,27904,14,15
4749812,5733.5852953459998,8,7,1,nwk_nsdp_release,,25,24
4750411,5734.2198153460004,2,7,1,nwk_enqueue,27910,15,16
4750739,5734.5732936320001,2,7,1,nwk_nsdp_release,,16,15
4750741,5734.5732936320001,2,8,1,nwk_nsdp_release,,11,10
4751499,5735.4962953459999,8,7,1,nwk_nsdp_release,,24,23
4753419,5737.3008153459996,2,7,1,nwk_enqueue,28009,15,16
4753514,5737.3682936320001,2,7,1,nwk_nsdp_release,,16,15
4753629,5737.4592953459996,8,7,1,nwk_nsdp_release,,23,22
4754860,5738.6398153460004,2,8,1,nwk_enqueue,28517,10,11
4755078,5738.9388153460004,2,7,1,nwk_enqueue,28016,15,16
4755239,5739.0972953459996,8,8,1,nwk_nsdp_release,,16,15
4755242,5739.0972953459996,8,7,1,nwk_nsdp_release,,22,21
4755301,5739.1000000000004,8,8,1,nwk_enqueue,29324,15,16
4755656,5739.6668153459996,2,8,1,nwk_enqueue,28518,11,12
4756556,5740.7612953460002,8,8,1,nwk_nsdp_release,,16,15
4756611,5740.7799999999997,8,8,1,nwk_enqueue,29331,15,16
4757014,5741.2398153459999,2,7,1,nwk_enqueue,28035,16,17
4757141,5741.3982953459999,8,7,1,nwk_nsdp_release,,21,20
4759937,5744.6198124419998,8,7,1,nwk_enqueue,28693,20,21
4760458,5745.1292936319996,2,2,1,nwk_nsdp_release,,16,15
4760460,5745.1292936319996,2,2,1,nwk_nsdp_release,,15,14
4760517,5745.1400000000003,2,2,1,nwk_enqueue,29358,14,15
4760580,5745.1599999999999,2,2,1,nwk_enqueue,29359,15,16
4761221,5745.7532936320004,2,8,1,nwk_nsdp_release,,12,11
4762290,5746.8410000280001,8,8,1,nwk_nsdp_release,,16,15
4762336,5746.8599999999997,8,8,1,nwk_enqueue,29369,15,16
4762555,5747.0768124420001,8,7,1,nwk_enqueue,28797,21,22
4762784,5747.3498124420003,8,7,1,nwk_enqueue,28796,22,23
4764009,5748.7432936320001,2,7,1,nwk_nsdp_release,,17,16
4764812,5749.6402936320001,2,8,1,nwk_nsdp_release,,11,10
4764814,5749.6402936320001,2,7,1,nwk_nsdp_release,,16,15
4765485,5750.5720000279998,8,8,1,nwk_nsdp_release,,16,15
4765544,5750.5799999999999,8,8,1,nwk_enqueue,29393,15,16
4768792,5755.0222936319997,2,2,1,nwk_nsdp_release,,16,15
4768843,5755.04,2,2,1,nwk_enqueue,29414,15,16
4773643,5760.4562936319999,2,2,1,nwk_nsdp_release,,16,15
4773690,5760.46,2,2,1,nwk_enqueue,29447,15,16
4775170,5762.0658153459999,2,7,1,nwk_enqueue,28113,15,16
4775498,5762.2372953459999,8,7,1,nwk_nsdp_release,,23,22
4778587,5765.9138124419997,8,7,1,nwk_enqueue,28811,22,23
4779472,5766.8522936319996,2,8,1,nwk_nsdp_release,,10,9
4780496,5767.9158124420001,8,7,1,nwk_enqueue,28915,23,24
4780573,5767.9442936320002,2,7,1,nwk_nsdp_release,,16,15
4780795,5768.1888124420002,8,7,1,nwk_enqueue,28916,24,25
4782545,5770.0112936320002,2,2,1,nwk_nsdp_release,,16,15
4782547,5770.0112936320002,2,2,1,nwk_nsdp_release,,15,14
4782591,5770.0200000000004,2,2,1,nwk_enqueue,29499,14,15
4782644,5770.04,2,2,1,nwk_enqueue,29500,15,16
4783436,5771.0098153460003,2,7,1,nwk_enqueue,28123,15,16
4783531,5771.1162953459998,8,7,1,nwk_nsdp_release,,25,24
4783730,5771.3502936320001,2,2,1,nwk_nsdp_release,,16,15
4783814,5771.3599999999997,2,2,1,nwk_enqueue,29508,15,16
4783979,5771.5948153460004,2,8,1,nwk_enqueue,28621,9,10
4784141,5771.7792953460003,8,8,1,nwk_nsdp_release,,16,15
4784198,5771.7799999999997,8,8,1,nwk_enqueue,29513,15,16
4784502,5772.2318153460001,2,7,1,nwk_enqueue,28127,16,17
4784662,5772.4292953459999,8,7,1,nwk_nsdp_release,,24,23
4786921,5775.0032936320004,2,2,1,nwk_nsdp_release,,16,15
4786972,5775.0200000000004,2,2,1,nwk_enqueue,29531,15,16
4787444,5775.5362936319998,2,2,1,nwk_nsdp_release,,16,15
4787493,5775.54,2,2,1,nwk_enqueue,29535,15,16
4793921,5784.363293632,2,7,1,nwk_nsdp_release,,17,16
4795860,5786.8438124419999,8,7,1,nwk_enqueue,28924,23,24
4796838,5787.8342936319996,2,7,1,nwk_nsdp_release,,16,15
4796840,5787.8342936319996,2,7,1,nwk_nsdp_release,,15,14
4797744,5788.754812442,8,7,1,nwk_enqueue,29018,24,25
4798079,5789.1058124419997,8,7,1,nwk_enqueue,29023,25,26
4798383,5789.3292936320004,2,8,1,nwk_nsdp_release,,10,9
4799171,5790.1612936319998,2,8,1,nwk_nsdp_release,,9,8
4800043,5791.0842936319996,2,2,1,nwk_nsdp_release,,16,15
4800091,5791.1000000000004,2,2,1,nwk_enqueue,29624,15,16
4801214,5792.5922936320003,2,2,1,nwk_nsdp_release,,16,15
4801256,5792.6000000000004,2,2,1,nwk_enqueue,29632,15,16
4801445,5792.8758153460003,2,7,1,nwk_enqueue,28134,14,15
4801827,5793.2552953459999,8,7,1,nwk_nsdp_release,,26,25
4802076,5793.5908153460005,2,7,1,nwk_enqueue,28135,15,16
4802390,5793.983295346,8,7,1,nwk_nsdp_release,,25,24
4802847,5794.4878153460004,2,8,1,nwk_enqueue,28741,8,9
4802948,5794.5942953459999,8,8,1,nwk_nsdp_release,,16,15
4803011,5794.6000000000004,8,8,1,nwk_enqueue,29645,15,16
4803491,5795.1898153459997,2,8,1,nwk_enqueue,28756,9,10
4803565,5795.2572953460003,8,8,1,nwk_nsdp_release,,16,15
4803621,5795.2600000000002,8,8,1,nwk_enqueue,29649,15,16
4804137,5795.7488153459999,2,8,1,nwk_enqueue,28765,10,11
4804230,5795.8292953460004,8,8,1,nwk_nsdp_release,,16,15
4804286,5795.8400000000001,8,8,1,nwk_enqueue,29654,15,16
4804735,5796.3338153459999,2,7,1,nwk_enqueue,28140,16,17
4804884,5796.4532953460002,8,7,1,nwk_nsdp_release,,24,23
4805332,5796.9318153459999,2,7,1,nwk_enqueue,28250,17,18
4805408,5796.9992953459996,8,7,1,nwk_nsdp_release,,23,22
4808053,5799.7812936319997,2,8,1,nwk_nsdp_release,,11,10
4808056,5799.7812936319997,2,7,1,nwk_nsdp_release,,18,17
4808584,5800.4572936320001,2,7,1,nwk_nsdp_release,,17,16
4809236,5801.2372936319998,2,2,1,nwk_nsdp_release,,16,15
4809238,5801.2372936319998,2,7,1,nwk_nsdp_release,,16,15
4809284,5801.2399999999998,2,2,1,nwk_enqueue,29690,15,16
4809804,5801.796293632,2,2,1,nwk_nsdp_release,,16,15
4809851,5801.8000000000002,2,2,1,nwk_enqueue,29694,15,16
4815272,5808.1248124419999,8,7,1,nwk_enqueue,29027,22,23
4816386,5809.4012936319996,2,2,1,nwk_nsdp_release,,16,15
4816475,5809.4200000000001,2,2,1,nwk_enqueue,29740,15,16
4817312,5810.178812442,8,7,1,nwk_enqueue,29143,23,24
4817821,5810.7508124420001,8,7,1,nwk_enqueue,29144,24,25
4818940,5812.1052936320002,2,2,1,nwk_nsdp_release,,16,15
4818989,5812.1199999999999,2,2,1,nwk_enqueue,29754,15,16
4820232,5813.5482936320004,2,2,1,nwk_nsdp_release,,16,15
4820278,5813.5600000000004,2,2,1,nwk_enqueue,29762,15,16
4821498,5815.394293632,2,7,1,nwk_nsdp_release,,15,14
4823241,5817.5758153460001,2,8,1,nwk_enqueue,28869,10,11
4823565,5817.916295346,8,8,1,nwk_nsdp_release,,16,15
4823622,5817.9200000000001,8,8,1,nwk_enqueue,29780,15,16
4824202,5818.5248153459997,2,7,1,nwk_enqueue,28257,14,15
4824588,5819.0342953460004,8,7,1,nwk_nsdp_release,,25,24
4824942,5819.4218153459997,2,7,1,nwk_enqueue,28251,15,16
4825263,5819.8248153459999,2,7,1,nwk_enqueue,28369,16,17
4825345,5819.8922953459996,8,7,1,nwk_nsdp_release,,24,23
4825347,5819.8922953459996,8,7,1,nwk_nsdp_release,,23,22
4827439,5822.2192936319998,2,8,1,nwk_nsdp_release,,11,10
4827881,5822.619815346,2,7,1,nwk_enqueue,28370,17,18
4828171,5822.8562953459996,8,7,1,nwk_nsdp_release,,22,21
4829904,5824.8062936320002,2,8,1,nwk_nsdp_release,,10,9
4830260,5825.2482936320002,2,8,1,nwk_nsdp_release,,9,8
4830895,5825.9632936320004,2,8,1,nwk_nsdp_release,,8,7
4831328,5826.4832936319999,2,7,1,nwk_nsdp_release,,18,17
4832537,5827.952293632,2,7,1,nwk_nsdp_release,,17,16
4833065,5828.5762936319998,2,7,1,nwk_nsdp_release,,16,15
4833526,5829.1482936319999,2,7,1,nwk_nsdp_release,,15,14
4834486,5830.5002936319997,2,8,1,nwk_nsdp_release,,7,6
4834689,5830.7578124419997,8,7,1,nwk_enqueue,29251,21,22
4835070,5831.1348124420001,8,7,1,nwk_enqueue,29152,22,23
4835126,5831.1502936320003,2,7,1,nwk_nsdp_release,,14,13
4835503,5831.5118124419996,8,7,1,nwk_enqueue,29252,23,24
4837802,5834.3352936319998,2,8,1,nwk_nsdp_release,,6,5
4838411,5835.037293632,2,7,1,nwk_nsdp_release,,13,12
4839260,5835.9472936319999,2,7,1,nwk_nsdp_release,,12,11
4843809,5842.5358153460002,2,7,1,nwk_enqueue,28371,11,12
4843973,5842.6292953459997,8,7,1,nwk_nsdp_release,,24,23
4844981,5843.3678153459996,2,7,1,nwk_enqueue,28474,12,13
4845288,5843.6432953459998,8,7,1,nwk_nsdp_release,,23,22
4845648,5843.9268153459998,2,7,1,nwk_enqueue,28478,13,14
4846080,5844.6182953460002,8,7,1,nwk_nsdp_release,,22,21
4846655,5845.1748153460003,2,8,1,nwk_enqueue,29072,5,6
4846757,5845.242295346,8,8,1,nwk_nsdp_release,,16,15
4846819,5845.2600000000002,8,8,1,nwk_enqueue,29916,15,16
4847564,5846.253815346,2,7,1,nwk_enqueue,28579,14,15
4847896,5846.5788153459998,2,8,1,nwk_enqueue,29069,6,7
4848163,5846.7892953459996,8,7,1,nwk_nsdp_release,,21,20
4848166,5846.7892953459996,8,8,1,nwk_nsdp_release,,16,15
4848224,5846.8000000000002,8,8,1,nwk_enqueue,29926,15,16
4848583,5847.2288153460004,2,7,1,nwk_enqueue,28580,15,16
4848867,5847.5042953459997,8,7,1,nwk_nsdp_release,,20,19
4849173,5847.7618153459998,2,7,1,nwk_enqueue,28483,16,17
4850015,5848.5962953460003,8,7,1,nwk_nsdp_release,,19,18
4851805,5850.6762936320001,2,2,1,nwk_nsdp_release,,16,15
4851847,5850.6800000000003,2,2,1,nwk_enqueue,29946,15,16
4853151,5851.8332936320003,2,2,1,nwk_nsdp_release,,16,15
4853153,5851.8332936320003,2,2,1,nwk_nsdp_release,,15,14
4853195,5851.8400000000001,2,2,1,nwk_enqueue,29954,14,15
4853246,5851.8599999999997,2,2,1,nwk_enqueue,29955,15,16
4853355,5851.9738124420001,8,7,1,nwk_enqueue,29262,18,19
4853781,5852.3922936319996,2,2,1,nwk_nsdp_release,,16,15
4853825,5852.3999999999996,2,2,1,nwk_enqueue,29960,15,16
4853954,5852.5328124420002,8,7,1,nwk_enqueue,29362,19,20
4854564,5852.9878124420002,8,7,1,nwk_enqueue,29374,20,21
4855332,5853.7572936320003,2,2,1,nwk_nsdp_release,,16,15
4855334,5853.7572936320003,2,7,1,nwk_nsdp_release,,17,16
4855379,5853.7600000000002,2,2,1,nwk_enqueue,29974,15,16
4856391,5854.6630000280002,8,8,1,nwk_nsdp_release,,16,15
4856451,5854.6800000000003,8,8,1,nwk_enqueue,29981,15,16
4856525,5854.7322936319997,2,2,1,nwk_nsdp_release,,16,15
4856570,5854.7399999999998,2,2,1,nwk_enqueue,29982,15,16
4856760,5855.0028153459998,2,8,1,nwk_enqueue,29235,7,8
4857132,5855.3822953460003,8,8,1,nwk_nsdp_release,,16,15
4857196,5855.3999999999996,8,8,1,nwk_enqueue,29986,15,16
4857476,5855.7568153459997,2,8,1,nwk_enqueue,29240,8,9
4857781,5856.1492953460001,8,8,1,nwk_nsdp_release,,16,15
4857928,5856.1599999999999,8,8,1,nwk_enqueue,29991,15,16
4858198,5856.5108153459996,2,7,1,nwk_enqueue,28583,16,17
4858719,5857.0462953460001,8,7,1,nwk_nsdp_release,,21,20
4861374,5860.0882936320004,2,2,1,nwk_nsdp_release,,16,15
4861376,5860.0882936320004,2,7,1,nwk_nsdp_release,,17,16
4861423,5860.1000000000004,2,2,1,nwk_enqueue,30012,15,16
4867723,5868.860815346,2,7,1,nwk_enqueue,28687,16,17
4867987,5869.2402953459996,8,7,1,nwk_nsdp_release,,20,19
4869929,5871.5802936319997,2,8,1,nwk_nsdp_release,,9,8
4871524,5872.997293632,2,2,1,nwk_nsdp_release,,16,15
4871526,5872.997293632,2,2,1,nwk_nsdp_release,,15,14
4871570,5873,2,2,1,nwk_enqueue,30068,14,15
4871621,5873.0200000000004,2,2,1,nwk_enqueue,30069,15,16
4872681,5874.2168124420004,8,7,1,nwk_enqueue,29490,19,20
4874035,5875.7118124420003,8,7,1,nwk_enqueue,29479,20,21
4874827,5876.546293632,2,7,1,nwk_nsdp_release,,17,16
4874829,5876.546293632,2,2,1,nwk_nsdp_release,,16,15
4874831,5876.546293632,2,2,1,nwk_nsdp_release,,15,14
4874877,5876.5600000000004,2,2,1,nwk_enqueue,30087,14,15
4874938,5876.5799999999999,2,2,1,nwk_enqueue,30089,15,16
4875572,5877.1158124419999,8,7,1,nwk_enqueue,29375,21,22
4876327,5877.8332936320003,2,7,1,nwk_nsdp_release,,16,15
4876329,5877.8332936320003,2,7,1,nwk_nsdp_release,,15,14
4877765,5879.5468153459997,2,7,1,nwk_enqueue,28682,14,15
4877931,5879.7572953460003,8,7,1,nwk_nsdp_release,,22,21
4878243,5880.0668153460001,2,8,1,nwk_enqueue,29273,8,9
4878461,5880.3162953459996,8,8,1,nwk_nsdp_release,,16,15
4878515,5880.3199999999997,8,8,1,nwk_enqueue,30114,15,16
4878694,5880.6128153460004,2,8,1,nwk_enqueue,29277,9,10
4878989,5880.992295346,8,8,1,nwk_nsdp_release,,16,15
4879049,5881,8,8,1,nwk_enqueue,30118,15,16
4879520,5881.6788153460002,2,8,1,nwk_enqueue,29324,10,11
4880519,5882.9682953459996,8,8,1,nwk_nsdp_release,,16,15
4880572,5882.9799999999996,8,8,1,nwk_enqueue,30127,15,16
4882302,5884.7858153460002,2,8,1,nwk_enqueue,29331,11,12
4882635,5885.0612936320003,2,8,1,nwk_nsdp_release,,12,11
4882793,5885.2042953460004,8,8,1,nwk_nsdp_release,,16,15
4882850,5885.2200000000003,8,8,1,nwk_enqueue,30141,15,16
4883141,5885.4878153460004,2,8,1,nwk_enqueue,29369,11,12
4883522,5885.8932953459998,8,8,1,nwk_nsdp_release,,16,15
4883575,5885.8999999999996,8,8,1,nwk_enqueue,30145,15,16
4884024,5886.5018153459996,2,7,1,nwk_enqueue,28797,15,16
4884341,5886.8422953460004,8,7,1,nwk_nsdp_release,,21,20
4884605,5887.1648153460001,2,7,1,nwk_enqueue,28796,16,17
4884981,5887.6222953460001,8,7,1,nwk_nsdp_release,,20,19
4887114,5889.8582936319999,2,8,1,nwk_nsdp_release,,12,11
4887611,5890.3782936320004,2,8,1,nwk_nsdp_release,,11,10
4888416,5891.2882936320002,2,7,1,nwk_nsdp_release,,17,16
4888418,5891.2882936320002,2,7,1,nwk_nsdp_release,,16,15
4888874,5891.6652936319997,2,2,1,nwk_nsdp_release,,16,15
4888923,5891.6800000000003,2,2,1,nwk_enqueue,30176,15,16
4889358,5892.1810000280002,8,7,1,nwk_nsdp_release,,19,18
4889535,5892.4558153460002,2,8,1,nwk_enqueue,29393,10,11
4889764,5892.653295346,8,8,1,nwk_nsdp_release,,16,15
4889815,5892.6599999999999,8,8,1,nwk_enqueue,30181,15,16
4890257,5893.1838153460003,2,7,1,nwk_enqueue,28811,15,16
4890423,5893.3292953460004,8,7,1,nwk_nsdp_release,,18,17
4890853,5893.9378153460002,2,7,1,nwk_enqueue,28915,16,17
4890967,5894.0312953459998,8,7,1,nwk_nsdp_release,,17,16
4891740,5894.9518124420001,8,7,1,nwk_enqueue,29491,16,17
4894165,5897.3072936320004,2,2,1,nwk_nsdp_release,,16,15
4894211,5897.3199999999997,2,2,1,nwk_enqueue,30207,15,16
4894982,5898.0092936319998,2,2,1,nwk_nsdp_release,,16,15
4894984,5898.0092936319998,2,2,1,nwk_nsdp_release,,15,14
4895030,5898.0200000000004,2,2,1,nwk_enqueue,30214,14,15
4895091,5898.04,2,2,1,nwk_enqueue,30215,15,16
4895519,5898.4618124420003,8,7,1,nwk_enqueue,29602,17,18
4896285,5899.0492936319997,2,8,1,nwk_nsdp_release,,11,10
4896288,5899.0492936319997,2,2,1,nwk_nsdp_release,,16,15
4896342,5899.0600000000004,2,2,1,nwk_enqueue,30224,15,16
4897329,5900.1282936320004,2,7,1,nwk_nsdp_release,,17,16
4897331,5900.1282936320004,2,7,1,nwk_nsdp_release,,16,15
4902816,5908.2508153460003,2,7,1,nwk_enqueue,28916,15,16
4902983,5908.461295346,8,7,1,nwk_nsdp_release,,18,17
4905351,5911.2148153460003,2,8,1,nwk_enqueue,29513,10,11
4905621,5911.3212953459997,8,8,1,nwk_nsdp_release,,16,15
4905685,5911.3400000000001,8,8,1,nwk_enqueue,30276,15,16
4905970,5911.6048153459997,2,7,1,nwk_enqueue,28924,16,17
4906447,5912.2702953460002,8,7,1,nwk_nsdp_release,,17,16
4907783,5913.7522936320001,2,7,1,nwk_nsdp_release,,17,16
4907785,5913.7522936320001,2,7,1,nwk_nsdp_release,,16,15
4908926,5914.8808153460004,2,7,1,nwk_enqueue,29018,15,16
4909105,5915.0132953459997,8,7,1,nwk_nsdp_release,,16,15
4909318,5915.2862936319998,2,7,1,nwk_nsdp_release,,16,15
4909541,5915.5568153459999,2,7,1,nwk_enqueue,29023,15,16
4909741,5915.7672953459996,8,7,1,nwk_nsdp_release,,15,14
4910018,5916.0378124420004,8,7,1,nwk_enqueue,29610,14,15
4910813,5916.6618124420002,8,7,1,nwk_enqueue,29611,15,16
4911842,5917.6498124420004,8,7,1,nwk_enqueue,29733,16,17
4912150,5917.8968124419998,8,7,1,nwk_enqueue,29744,17,18
4913501,5919.1472936319997,2,8,1,nwk_nsdp_release,,11,10
4913504,5919.1472936319997,2,7,1,nwk_nsdp_release,,16,15
4913880,5919.4308124420004,8,7,1,nwk_enqueue,29750,18,19
4915141,5920.6292936319996,2,7,1,nwk_nsdp_release,,15,14
4915789,5921.305293632,2,7,1,nwk_nsdp_release,,14,13
4916730,5922.485815346,2,8,1,nwk_enqueue,29645,10,11
4916933,5922.7352936320003,2,7,1,nwk_nsdp_release,,13,12
4917039,5922.8262953459998,8,8,1,nwk_nsdp_release,,16,15
4917100,5922.8400000000001,8,8,1,nwk_enqueue,30339,15,16
4917313,5923.1488153460004,2,8,1,nwk_enqueue,29649,11,12
4917406,5923.242295346,8,8,1,nwk_nsdp_release,,16,15
4917460,5923.2600000000002,8,8,1,nwk_enqueue,30342,15,16
4917961,5923.7728153460002,2,8,1,nwk_enqueue,29654,12,13
4918168,5924.0588153460003,2,7,1,nwk_enqueue,29027,12,13
4918319,5924.2562953460001,8,7,1,nwk_nsdp_release,,19,18
4918322,5924.2562953460001,8,8,1,nwk_nsdp_release,,16,15
4918385,5924.2600000000002,8,8,1,nwk_enqueue,30349,15,16
4918733,5924.7218153459999,2,7,1,nwk_enqueue,29143,13,14
4918892,5924.8932953459998,8,7,1,nwk_nsdp_release,,18,17
4919645,5925.436815346,2,7,1,nwk_enqueue,29144,14,15
4919775,5925.5952953460001,8,7,1,nwk_nsdp_release,,17,16
4920103,5925.8918153459999,2,8,1,nwk_enqueue,29780,13,14
4920584,5926.2038153459998,2,7,1,nwk_enqueue,29251,15,16
4921339,5927.0382953460003,8,7,1,nwk_nsdp_release,,16,15
4921342,5927.0382953460003,8,8,1,nwk_nsdp_release,,16,15
4921401,5927.04,8,8,1,nwk_enqueue,30370,15,16
4921656,5927.360815346,2,7,1,nwk_enqueue,29252,16,17
4922126,5927.8418153459997,2,8,1,nwk_enqueue,29916,14,15
4922255,5927.961295346,8,8,1,nwk_nsdp_release,,16,15
4922258,5927.961295346,8,7,1,nwk_nsdp_release,,15,14
4922306,5927.9799999999996,8,8,1,nwk_enqueue,30375,15,16
4922880,5928.4528153459996,2,8,1,nwk_enqueue,29926,15,16
4923042,5928.6372953460004,8,8,1,nwk_nsdp_release,,16,15
4923087,5928.6400000000003,8,8,1,nwk_enqueue,30380,15,16
4923555,5928.9468153460002,2,7,1,nwk_enqueue,29262,17,18
4924145,5929.6902953460003,8,7,1,nwk_nsdp_release,,14,13
4926157,5932.1318153459997,2,7,1,nwk_enqueue,29152,18,19
4926358,5932.3292953460004,8,7,1,nwk_nsdp_release,,13,12
4926481,5932.4592936319996,2,8,1,nwk_nsdp_release,,16,15
4926483,5932.4592936319996,2,7,1,nwk_nsdp_release,,19,18
4926769,5932.7298153459997,2,7,1,nwk_enqueue,29362,18,19
4927349,5933.2108153460003,2,7,1,nwk_enqueue,29374,19,20
4927507,5933.3692953460004,8,7,1,nwk_nsdp_release,,12,11
4927509,5933.3692953460004,8,7,1,nwk_nsdp_release,,11,10
4929641,5935.6182936320001,2,2,1,nwk_nsdp_release,,16,15
4929695,5935.6199999999999,2,2,1,nwk_enqueue,30418,15,16
4932262,5938.4132936320002,2,2,1,nwk_nsdp_release,,16,15
4932264,5938.4132936320002,2,2,1,nwk_nsdp_release,,15,14
4932321,5938.4200000000001,2,2,1,nwk_enqueue,30433,14,15
4932391,5938.4399999999996,2,2,1,nwk_enqueue,30434,15,16
4932934,5939.0112936320002,2,2,1,nwk_nsdp_release,,16,15
4932991,5939.0200000000004,2,2,1,nwk_enqueue,30438,15,16
4933759,5939.7652936320001,2,2,1,nwk_nsdp_release,,16,15
4933818,5939.7799999999997,2,2,1,nwk_enqueue,30443,15,16
4934551,5940.477812442,8,7,1,nwk_enqueue,29853,10,11
4935631,5941.4918124420001,8,7,1,nwk_enqueue,29959,11,12
4935686,5941.5332936320001,2,2,1,nwk_nsdp_release,,16,15
4935805,5941.54,2,2,1,nwk_enqueue,30454,15,16
4936497,5942.1962936319997,2,8,1,nwk_nsdp_release,,15,14
4937405,5943.0128124419998,8,7,1,nwk_enqueue,29968,12,13
4937661,5943.2232936319997,2,8,1,nwk_nsdp_release,,14,13
4937737,5943.272812442,8,7,1,nwk_enqueue,29849,13,14
4938396,5943.9618124420003,8,7,1,nwk_enqueue,29971,14,15
4938789,5944.3258124419999,8,7,1,nwk_enqueue,30075,15,16
4939374,5945.0278124420001,8,7,1,nwk_enqueue,30083,16,17
4939596,5945.3268124420001,8,7,1,nwk_enqueue,29850,17,18
4940184,5945.9248124420001,8,7,1,nwk_enqueue,30095,18,19
4940476,5946.3278124420003,8,7,1,nwk_enqueue,30195,19,20
4942785,5948.4468153460002,2,8,1,nwk_enqueue,29981,13,14
4943110,5948.7872953460001,8,8,1,nwk_nsdp_release,,16,15
4943166,5948.8000000000002,8,8,1,nwk_enqueue,30509,15,16
4944705,5950.1368153459998,2,8,1,nwk_enqueue,29991,14,15
4944842,5950.2302953460003,8,8,1,nwk_nsdp_release,,16,15
4944897,5950.2399999999998,8,8,1,nwk_enqueue,30518,15,16
4945321,5950.5398153460001,2,7,1,nwk_enqueue,29490,20,21
4945639,5950.867295346,8,7,1,nwk_nsdp_release,,20,19
4946838,5951.8528153460002,2,8,1,nwk_enqueue,29986,15,16
4946950,5951.9592953459996,8,8,1,nwk_nsdp_release,,16,15
4947002,5951.96,8,8,1,nwk_enqueue,30530,15,16
4947217,5952.2428153459996,2,7,1,nwk_enqueue,29479,21,22
4947358,5952.349295346,8,7,1,nwk_nsdp_release,,19,18
4949051,5953.9198153460002,2,7,1,nwk_enqueue,29375,22,23
4949406,5954.2838153459998,2,8,1,nwk_enqueue,30114,16,17
4949884,5954.8192953460002,8,8,1,nwk_nsdp_release,,16,15
4949886,5954.8192953460002,8,7,1,nwk_nsdp_release,,18,17
4949929,5954.8199999999997,8,8,1,nwk_enqueue,30549,15,16
4953100,5958.979293632,2,2,1,nwk_nsdp_release,,16,15
4953160,5958.9799999999996,2,2,1,nwk_enqueue,30563,15,16
4954391,5960.4352936320001,2,7,1,nwk_nsdp_release,,23,22
4955117,5961.3192936320002,2,2,1,nwk_nsdp_release,,16,15
4955176,5961.3199999999997,2,2,1,nwk_enqueue,30573,15,16
4955958,5962.0212936320004,2,7,1,nwk_nsdp_release,,22,21
4956872,5962.8792936319996,2,2,1,nwk_nsdp_release,,16,15
4956874,5962.8792936319996,2,2,1,nwk_nsdp_release,,15,14
4956932,5962.8800000000001,2,2,1,nwk_enqueue,30586,14,15
4957008,5962.8999999999996,2,2,1,nwk_enqueue,30588,15,16
4957834,5964.010293632,2,7,1,nwk_nsdp_release,,21,20
4959640,5966.4388124420002,8,7,1,nwk_enqueue,30222,17,18
4960146,5966.9458124419998,8,7,1,nwk_enqueue,30300,18,19
4960593,5967.3748124419999,8,7,1,nwk_enqueue,30306,19,20
4962651,5969.4400000280002,2,2,1,nwk_nsdp_release,,16,15
4962718,5969.46,2,2,1,nwk_enqueue,30624,15,16
4965451,5972.6398153460004,2,8,1,nwk_enqueue,30127,17,18
4965798,5973.0062953460001,8,8,1,nwk_nsdp_release,,16,15
4965850,5973.0200000000004,8,8,1,nwk_enqueue,30639,15,16
4966326,5973.2898153460001,2,8,1,nwk_enqueue,30141,18,19
4966847,5973.887815346,2,8,1,nwk_enqueue,30118,19,20
4966937,5973.9552953459997,8,8,1,nwk_nsdp_release,,16,15
4966939,5973.9552953459997,8,8,1,nwk_nsdp_release,,15,14
4966984,5973.96,8,8,1,nwk_enqueue,30647,14,15
4967098,5973.9799999999996,8,8,1,nwk_enqueue,30649,15,16
4968911,5975.6038153460004,2,8,1,nwk_enqueue,30181,20,21
4969229,5975.8662953459998,8,8,1,nwk_nsdp_release,,16,15
4969279,5975.8800000000001,8,8,1,nwk_enqueue,30664,15,16
4970385,5977.4108153460002,2,8,1,nwk_enqueue,30145,21,22
4970592,5977.6602953459997,8,8,1,nwk_nsdp_release,,16,15
4970652,5977.6800000000003,8,8,1,nwk_enqueue,30673,15,16
4972930,5980.4552936319997,2,8,1,nwk_nsdp_release,,22,21
4973306,5980.8582936319999,2,8,1,nwk_nsdp_release,,21,20
4974368,5981.9502936319996,2,8,1,nwk_nsdp_release,,20,19
4974370,5981.9502936319996,2,8,1,nwk_nsdp_release,,19,18
4975687,5983.211293632,2,7,1,nwk_nsdp_release,,20,19
4977045,5984.5892936319997,2,2,1,nwk_nsdp_release,,16,15
4977100,5984.6000000000004,2,2,1,nwk_enqueue,30713,15,16
4978102,5985.720293632,2,7,1,nwk_nsdp_release,,19,18
4978609,5986.263812442,8,7,1,nwk_enqueue,30310,20,21
4979429,5986.9292936319998,2,8,1,nwk_nsdp_release,,18,17
4979691,5987.2518124420003,8,7,1,nwk_enqueue,30311,21,22
4980552,5987.9928124420003,8,7,1,nwk_enqueue,30323,22,23
4980693,5988.086293632,2,7,1,nwk_nsdp_release,,18,17
4980695,5988.086293632,2,8,1,nwk_nsdp_release,,17,16
4980836,5988.3178124420001,8,7,1,nwk_enqueue,30451,23,24
4985307,5993.6218153460004,2,7,1,nwk_enqueue,29491,17,18
4985549,5993.7932953460004,8,7,1,nwk_nsdp_release,,24,23
4986011,5994.2588153460001,2,7,1,nwk_enqueue,29602,18,19
4986190,5994.5058153460004,2,8,1,nwk_enqueue,30276,16,17
4986314,5994.6122953459999,8,8,1,nwk_nsdp_release,,16,15
4986316,5994.6122953459999,8,7,1,nwk_nsdp_release,,23,22
4986364,5994.6199999999999,8,8,1,nwk_enqueue,30769,15,16
4988067,5996.3648153459999,2,7,1,nwk_enqueue,29610,19,20
4988942,5997.0042953459997,8,7,1,nwk_nsdp_release,,22,21
4989937,5998.1588153459998,2,7,1,nwk_enqueue,29611,20,21
4990073,5998.2522953460002,8,7,1,nwk_nsdp_release,,21,20
