case,order,time_ns,event,node,peer,app_source,app_id,hop_seq,ack_bits,dack_bits,mac_state,ack_queue,data_queue,prep,counter,opportunity,advertised,hop_pending,neighbor_outstanding,neighbor_threshold,resend_queue,admitted,rate_kbps,power_dbm,nwk_waiting,nwk_custody,nsdp4,nsdp5,dack_holds
out,1,0,generate,4,5,4,1,0,0,0,1,0,0,0,-1,-1,-1,0,0,0,0,0,0,0,0,0,0,0,0
out,2,0,generate,5,1,5,1,0,0,0,1,0,0,0,-1,-1,-1,0,0,0,0,0,0,0,0,0,0,0,0
out,3,0,generate,4,5,4,2,0,0,0,1,0,0,0,-1,-1,-1,0,0,0,0,0,0,0,0,0,0,0,0
out,4,0,generate,5,1,5,2,0,0,0,1,0,0,0,-1,-1,-1,0,0,0,0,0,0,0,0,0,0,0,0
out,5,0,generate,4,5,4,3,0,0,0,1,0,0,0,-1,-1,-1,0,0,0,0,0,0,0,0,0,0,0,0
out,6,0,generate,5,1,5,3,0,0,0,1,0,0,0,-1,-1,-1,0,0,0,0,0,0,0,0,0,0,0,0
out,7,0,generate,4,5,4,4,0,0,0,1,0,0,0,-1,-1,-1,0,0,0,0,0,0,0,0,0,0,0,0
out,8,0,generate,5,1,5,4,0,0,0,1,0,0,0,-1,-1,-1,0,0,0,0,0,0,0,0,0,0,0,0
out,9,0,generate,4,5,4,5,0,0,0,1,0,0,0,-1,-1,-1,0,0,0,0,0,0,0,0,0,0,0,0
out,10,0,generate,5,1,5,5,0,0,0,1,0,0,0,-1,-1,-1,0,0,0,0,0,0,0,0,0,0,0,0
out,11,0,generate,4,5,4,6,0,0,0,1,0,0,0,-1,-1,-1,0,0,0,0,0,0,0,0,0,0,0,0
out,12,0,generate,5,1,5,6,0,0,0,1,0,0,0,-1,-1,-1,0,0,0,0,0,0,0,0,0,0,0,0
out,13,0,generate,4,5,4,7,0,0,0,1,0,0,0,-1,-1,-1,0,0,0,0,0,0,0,0,0,0,0,0
out,14,0,generate,5,1,5,7,0,0,0,1,0,0,0,-1,-1,-1,0,0,0,0,0,0,0,0,0,0,0,0
out,15,0,generate,4,5,4,8,0,0,0,1,0,0,0,-1,-1,-1,0,0,0,0,0,0,0,0,0,0,0,0
out,16,0,generate,5,1,5,8,0,0,0,1,0,0,0,-1,-1,-1,0,0,0,0,0,0,0,0,0,0,0,0
out,17,0,generate,4,5,4,9,0,0,0,1,0,0,0,-1,-1,-1,0,0,0,0,0,0,0,0,0,0,0,0
out,18,0,generate,5,1,5,9,0,0,0,1,0,0,0,-1,-1,-1,0,0,0,0,0,0,0,0,0,0,0,0
out,19,0,generate,4,5,4,10,0,0,0,1,0,0,0,-1,-1,-1,0,0,0,0,0,0,0,0,0,0,0,0
out,20,0,generate,5,1,5,10,0,0,0,1,0,0,0,-1,-1,-1,0,0,0,0,0,0,0,0,0,0,0,0
out,21,0,generate,4,5,4,11,0,0,0,1,0,0,0,-1,-1,-1,0,0,0,0,0,0,0,0,0,0,0,0
out,22,0,generate,5,1,5,11,0,0,0,1,0,0,0,-1,-1,-1,0,0,0,0,0,0,0,0,0,0,0,0
out,23,0,generate,4,5,4,12,0,0,0,1,0,0,0,-1,-1,-1,0,0,0,0,0,0,0,0,0,0,0,0
out,24,0,generate,5,1,5,12,0,0,0,1,0,0,0,-1,-1,-1,0,0,0,0,0,0,0,0,0,0,0,0
out,25,0,generate,4,5,4,13,0,0,0,1,0,0,0,-1,-1,-1,0,0,0,0,0,0,0,0,0,0,0,0
out,26,0,generate,5,1,5,13,0,0,0,1,0,0,0,-1,-1,-1,0,0,0,0,0,0,0,0,0,0,0,0
out,27,0,generate,4,5,4,14,0,0,0,1,0,0,0,-1,-1,-1,0,0,0,0,0,0,0,0,0,0,0,0
out,28,0,generate,5,1,5,14,0,0,0,1,0,0,0,-1,-1,-1,0,0,0,0,0,0,0,0,0,0,0,0
out,29,0,generate,4,5,4,15,0,0,0,1,0,0,0,-1,-1,-1,0,0,0,0,0,0,0,0,0,0,0,0
out,30,0,generate,5,1,5,15,0,0,0,1,0,0,0,-1,-1,-1,0,0,0,0,0,0,0,0,0,0,0,0
out,31,0,generate,4,5,4,16,0,0,0,1,0,0,0,-1,-1,-1,0,0,0,0,0,0,0,0,0,0,0,0
out,32,0,generate,5,1,5,16,0,0,0,1,0,0,0,-1,-1,-1,0,0,0,0,0,0,0,0,0,0,0,0
out,33,0,generate,4,5,4,17,0,0,0,1,0,0,0,-1,-1,-1,0,0,0,0,0,0,0,0,0,0,0,0
out,34,0,generate,5,1,5,17,0,0,0,1,0,0,0,-1,-1,-1,0,0,0,0,0,0,0,0,0,0,0,0
out,35,0,generate,4,5,4,18,0,0,0,1,0,0,0,-1,-1,-1,0,0,0,0,0,0,0,0,0,0,0,0
out,36,0,generate,5,1,5,18,0,0,0,1,0,0,0,-1,-1,-1,0,0,0,0,0,0,0,0,0,0,0,0
out,37,0,generate,4,5,4,19,0,0,0,1,0,0,0,-1,-1,-1,0,0,0,0,0,0,0,0,0,0,0,0
out,38,0,generate,5,1,5,19,0,0,0,1,0,0,0,-1,-1,-1,0,0,0,0,0,0,0,0,0,0,0,0
out,39,0,generate,4,5,4,20,0,0,0,1,0,0,0,-1,-1,-1,0,0,0,0,0,0,0,0,0,0,0,0
out,40,0,generate,5,1,5,20,0,0,0,1,0,0,0,-1,-1,-1,0,0,0,0,0,0,0,0,0,0,0,0
out,41,0,offer,4,5,4,1,0,0,0,1,0,0,0,-1,-1,-1,0,0,0,0,0,0,0,0,0,0,0,0
out,42,0,admit,4,5,4,1,0,0,0,1,0,0,0,-1,-1,-1,0,0,0,0,1,0,0,1,1,1,0,0
out,43,0,offer,5,1,5,1,0,0,0,1,0,0,0,-1,-1,-1,0,0,0,0,0,0,0,0,0,0,0,0
out,44,0,admit,5,1,5,1,0,0,0,1,0,0,0,-1,-1,-1,0,0,0,0,1,0,0,1,1,0,1,0
out,45,20000000,offer,4,5,4,2,0,0,0,1,0,1,1,3,-1,-1,1,1,0,1,1,0,0,0,1,1,0,0
out,46,20000000,admit,4,5,4,2,0,0,0,1,0,1,1,3,-1,-1,1,1,0,1,2,0,0,1,2,2,0,0
out,47,20000000,offer,5,1,5,2,0,0,0,1,0,1,1,9,-1,-1,1,1,0,1,1,0,0,0,1,0,1,0
out,48,20000000,admit,5,1,5,2,0,0,0,1,0,1,1,9,-1,-1,1,1,0,1,2,0,0,1,2,0,2,0
out,49,40000000,offer,4,5,4,3,0,0,0,1,0,1,1,3,-1,-1,1,1,0,1,2,0,0,1,2,2,0,0
out,50,40000000,admit,4,5,4,3,0,0,0,1,0,1,1,3,-1,-1,1,1,0,1,3,0,0,2,3,3,0,0
out,51,40000000,offer,5,1,5,3,0,0,0,1,0,1,1,9,-1,-1,1,1,0,1,2,0,0,1,2,0,2,0
out,52,40000000,admit,5,1,5,3,0,0,0,1,0,1,1,9,-1,-1,1,1,0,1,3,0,0,2,3,0,3,0
out,53,60000000,offer,4,5,4,4,0,0,0,1,0,1,1,3,-1,-1,1,1,0,1,3,0,0,2,3,3,0,0
out,54,60000000,admit,4,5,4,4,0,0,0,1,0,1,1,3,-1,-1,1,1,0,1,4,0,0,3,4,4,0,0
out,55,60000000,offer,5,1,5,4,0,0,0,1,0,1,1,9,-1,-1,1,1,0,1,3,0,0,2,3,0,3,0
out,56,60000000,admit,5,1,5,4,0,0,0,1,0,1,1,9,-1,-1,1,1,0,1,4,0,0,3,4,0,4,0
out,57,80000000,offer,4,5,4,5,0,0,0,1,0,1,1,3,-1,-1,1,1,0,1,4,0,0,3,4,4,0,0
out,58,80000000,admit,4,5,4,5,0,0,0,1,0,1,1,3,-1,-1,1,1,0,1,5,0,0,4,5,5,0,0
out,59,80000000,offer,5,1,5,5,0,0,0,1,0,1,1,9,-1,-1,1,1,0,1,4,0,0,3,4,0,4,0
out,60,80000000,admit,5,1,5,5,0,0,0,1,0,1,1,9,-1,-1,1,1,0,1,5,0,0,4,5,0,5,0
out,61,100000000,offer,4,5,4,6,0,0,0,1,0,1,1,3,-1,-1,1,1,0,1,5,0,0,4,5,5,0,0
out,62,100000000,admit,4,5,4,6,0,0,0,1,0,1,1,3,-1,-1,1,1,0,1,6,0,0,5,6,6,0,0
out,63,100000000,offer,5,1,5,6,0,0,0,1,0,1,1,9,-1,-1,1,1,0,1,5,0,0,4,5,0,5,0
out,64,100000000,admit,5,1,5,6,0,0,0,1,0,1,1,9,-1,-1,1,1,0,1,6,0,0,5,6,0,6,0
out,65,120000000,offer,4,5,4,7,0,0,0,1,0,1,1,3,-1,-1,1,1,0,1,6,0,0,5,6,6,0,0
out,66,120000000,admit,4,5,4,7,0,0,0,1,0,1,1,3,-1,-1,1,1,0,1,7,0,0,6,7,7,0,0
out,67,120000000,offer,5,1,5,7,0,0,0,1,0,1,1,9,-1,-1,1,1,0,1,6,0,0,5,6,0,6,0
out,68,120000000,admit,5,1,5,7,0,0,0,1,0,1,1,9,-1,-1,1,1,0,1,7,0,0,6,7,0,7,0
out,69,140000000,offer,4,5,4,8,0,0,0,1,0,1,1,3,-1,-1,1,1,0,1,7,0,0,6,7,7,0,0
out,70,140000000,admit,4,5,4,8,0,0,0,1,0,1,1,3,-1,-1,1,1,0,1,8,0,0,7,8,8,0,0
out,71,140000000,offer,5,1,5,8,0,0,0,1,0,1,1,9,-1,-1,1,1,0,1,7,0,0,6,7,0,7,0
out,72,140000000,admit,5,1,5,8,0,0,0,1,0,1,1,9,-1,-1,1,1,0,1,8,0,0,7,8,0,8,0
out,73,160000000,offer,4,5,4,9,0,0,0,1,0,1,1,3,-1,-1,1,1,0,1,8,0,0,7,8,8,0,0
out,74,160000000,admit,4,5,4,9,0,0,0,1,0,1,1,3,-1,-1,1,1,0,1,9,0,0,8,9,9,0,0
out,75,160000000,offer,5,1,5,9,0,0,0,1,0,1,1,9,-1,-1,1,1,0,1,8,0,0,7,8,0,8,0
out,76,160000000,admit,5,1,5,9,0,0,0,1,0,1,1,9,-1,-1,1,1,0,1,9,0,0,8,9,0,9,0
out,77,180000000,offer,4,5,4,10,0,0,0,1,0,1,1,3,-1,-1,1,1,0,1,9,0,0,8,9,9,0,0
out,78,180000000,admit,4,5,4,10,0,0,0,1,0,1,1,3,-1,-1,1,1,0,1,10,0,0,9,10,10,0,0
out,79,180000000,offer,5,1,5,10,0,0,0,1,0,1,1,9,-1,-1,1,1,0,1,9,0,0,8,9,0,9,0
out,80,180000000,admit,5,1,5,10,0,0,0,1,0,1,1,9,-1,-1,1,1,0,1,10,0,0,9,10,0,10,0
out,81,200000000,offer,4,5,4,11,0,0,0,1,0,1,1,3,-1,-1,1,1,0,1,10,0,0,9,10,10,0,0
out,82,200000000,admit,4,5,4,11,0,0,0,1,0,1,1,3,-1,-1,1,1,0,1,11,0,0,10,11,11,0,0
out,83,200000000,offer,5,1,5,11,0,0,0,1,0,1,1,9,-1,-1,1,1,0,1,10,0,0,9,10,0,10,0
out,84,200000000,admit,5,1,5,11,0,0,0,1,0,1,1,9,-1,-1,1,1,0,1,11,0,0,10,11,0,11,0
out,85,220000000,offer,4,5,4,12,0,0,0,1,0,1,1,3,-1,-1,1,1,0,1,11,0,0,10,11,11,0,0
out,86,220000000,admit,4,5,4,12,0,0,0,1,0,1,1,3,-1,-1,1,1,0,1,12,0,0,11,12,12,0,0
out,87,220000000,offer,5,1,5,12,0,0,0,1,0,1,1,9,-1,-1,1,1,0,1,11,0,0,10,11,0,11,0
out,88,220000000,admit,5,1,5,12,0,0,0,1,0,1,1,9,-1,-1,1,1,0,1,12,0,0,11,12,0,12,0
out,89,240000000,offer,4,5,4,13,0,0,0,1,0,1,1,3,-1,-1,1,1,0,1,12,0,0,11,12,12,0,0
out,90,240000000,admit,4,5,4,13,0,0,0,1,0,1,1,3,-1,-1,1,1,0,1,13,0,0,12,13,13,0,0
out,91,240000000,offer,5,1,5,13,0,0,0,1,0,1,1,9,-1,-1,1,1,0,1,12,0,0,11,12,0,12,0
out,92,240000000,admit,5,1,5,13,0,0,0,1,0,1,1,9,-1,-1,1,1,0,1,13,0,0,12,13,0,13,0
out,93,260000000,offer,4,5,4,14,0,0,0,1,0,1,1,3,-1,-1,1,1,0,1,13,0,0,12,13,13,0,0
out,94,260000000,admit,4,5,4,14,0,0,0,1,0,1,1,3,-1,-1,1,1,0,1,14,0,0,13,14,14,0,0
out,95,260000000,offer,5,1,5,14,0,0,0,1,0,1,1,9,-1,-1,1,1,0,1,13,0,0,12,13,0,13,0
out,96,260000000,admit,5,1,5,14,0,0,0,1,0,1,1,9,-1,-1,1,1,0,1,14,0,0,13,14,0,14,0
out,97,280000000,offer,4,5,4,15,0,0,0,1,0,1,1,3,-1,-1,1,1,0,1,14,0,0,13,14,14,0,0
out,98,280000000,admit,4,5,4,15,0,0,0,1,0,1,1,3,-1,-1,1,1,0,1,15,0,0,14,15,15,0,0
out,99,280000000,offer,5,1,5,15,0,0,0,1,0,1,1,9,-1,-1,1,1,0,1,14,0,0,13,14,0,14,0
out,100,280000000,admit,5,1,5,15,0,0,0,1,0,1,1,9,-1,-1,1,1,0,1,15,0,0,14,15,0,15,0
out,101,300000000,offer,4,5,4,16,0,0,0,1,0,1,1,3,-1,-1,1,1,0,1,15,0,0,14,15,15,0,0
out,102,300000000,admit,4,5,4,16,0,0,0,1,0,1,1,3,-1,-1,1,1,0,1,16,0,0,15,16,16,0,0
out,103,300000000,offer,5,1,5,16,0,0,0,1,0,1,1,9,-1,-1,1,1,0,1,15,0,0,14,15,0,15,0
out,104,300000000,admit,5,1,5,16,0,0,0,1,0,1,1,9,-1,-1,1,1,0,1,16,0,0,15,16,0,16,0
out,105,320000000,offer,4,5,4,17,0,0,0,1,0,1,1,2,-1,-1,1,1,0,1,16,0,0,15,16,16,0,0
out,106,320000000,blocked,4,5,4,17,0,0,0,1,0,1,1,2,-1,-1,1,1,0,1,16,0,0,15,16,16,0,0
out,107,320000000,offer,5,1,5,17,0,0,0,1,0,1,1,8,-1,-1,1,1,0,1,16,0,0,15,16,0,16,0
out,108,320000000,blocked,5,1,5,17,0,0,0,1,0,1,1,8,-1,-1,1,1,0,1,16,0,0,15,16,0,16,0
out,109,340000000,offer,4,5,4,17,0,0,0,1,0,1,1,0,-1,-1,1,1,0,1,16,0,0,15,16,16,0,0
out,110,340000000,blocked,4,5,4,17,0,0,0,1,0,1,1,0,-1,-1,1,1,0,1,16,0,0,15,16,16,0,0
out,111,340000000,offer,5,1,5,17,0,0,0,1,0,1,1,6,-1,-1,1,1,0,1,16,0,0,15,16,0,16,0
out,112,340000000,blocked,5,1,5,17,0,0,0,1,0,1,1,6,-1,-1,1,1,0,1,16,0,0,15,16,0,16,0
out,113,351000028,tx_start,4,5,4,1,1,0,0,3,0,1,0,7,3,7,1,1,0,1,16,128,33,15,16,16,0,0
out,114,360000000,offer,4,5,4,17,0,0,0,3,0,0,0,7,3,7,1,1,0,1,16,0,0,15,16,16,0,0
out,115,360000000,blocked,4,5,4,17,0,0,0,3,0,0,0,7,3,7,1,1,0,1,16,0,0,15,16,16,0,0
out,116,360000000,offer,5,1,5,17,0,0,0,1,0,1,1,5,-1,-1,1,1,0,1,16,0,0,15,16,0,16,0
out,117,360000000,blocked,5,1,5,17,0,0,0,1,0,1,1,5,-1,-1,1,1,0,1,16,0,0,15,16,0,16,0
out,118,373501028,ingress_before,5,4,4,1,1,0,0,1,0,1,1,4,-1,-1,1,0,0,1,16,128,33,15,16,0,16,0
out,119,373501028,ingress_after,5,4,4,1,1,0,0,1,1,1,1,4,-1,-1,1,0,0,1,16,128,33,16,17,1,16,0
out,120,380000000,offer,4,5,4,17,0,0,0,1,0,0,0,6,3,7,1,1,0,1,16,0,0,15,16,16,0,0
out,121,380000000,blocked,4,5,4,17,0,0,0,1,0,0,0,6,3,7,1,1,0,1,16,0,0,15,16,16,0,0
out,122,380000000,offer,5,1,5,17,0,0,0,1,1,1,1,3,-1,-1,1,1,0,1,16,0,0,16,17,1,16,0
out,123,380000000,blocked,5,1,5,17,0,0,0,1,1,1,1,3,-1,-1,1,1,0,1,16,0,0,16,17,1,16,0
out,124,400000000,offer,4,5,4,17,0,0,0,1,0,0,0,5,3,7,1,1,0,1,16,0,0,15,16,16,0,0
out,125,400000000,blocked,4,5,4,17,0,0,0,1,0,0,0,5,3,7,1,1,0,1,16,0,0,15,16,16,0,0
out,126,400000000,offer,5,1,5,17,0,0,0,1,1,1,1,2,-1,-1,1,1,0,1,16,0,0,16,17,1,16,0
out,127,400000000,blocked,5,1,5,17,0,0,0,1,1,1,1,2,-1,-1,1,1,0,1,16,0,0,16,17,1,16,0
out,128,420000000,offer,4,5,4,17,0,0,0,1,0,0,0,3,3,7,1,1,0,1,16,0,0,15,16,16,0,0
out,129,420000000,blocked,4,5,4,17,0,0,0,1,0,0,0,3,3,7,1,1,0,1,16,0,0,15,16,16,0,0
out,130,420000000,offer,5,1,5,17,0,0,0,1,1,1,1,0,-1,-1,1,1,0,1,16,0,0,16,17,1,16,0
out,131,420000000,blocked,5,1,5,17,0,0,0,1,1,1,1,0,-1,-1,1,1,0,1,16,0,0,16,17,1,16,0
out,132,429000028,tx_start,5,4,0,0,1,1,0,3,1,1,0,1,9,1,1,0,0,1,16,128,33,16,17,1,16,0
out,133,429000028,tx_start,5,1,5,1,1,0,0,3,1,1,0,1,9,1,1,1,0,1,16,128,33,16,17,1,16,0
out,134,440000000,offer,4,5,4,17,0,0,0,1,0,0,0,2,3,7,1,1,0,1,16,0,0,15,16,16,0,0
out,135,440000000,blocked,4,5,4,17,0,0,0,1,0,0,0,2,3,7,1,1,0,1,16,0,0,15,16,16,0,0
out,136,440000000,offer,5,1,5,17,0,0,0,3,1,0,0,1,9,1,1,1,0,1,16,0,0,16,17,1,16,0
out,137,440000000,blocked,5,1,5,17,0,0,0,3,1,0,0,1,9,1,1,1,0,1,16,0,0,16,17,1,16,0
out,138,453961028,ingress_before,4,5,0,0,1,1,0,1,0,0,0,1,3,7,1,1,0,1,16,128,33,15,16,16,0,0
out,139,453961028,release,4,5,4,0,0,0,0,1,0,0,0,1,3,7,0,0,0,1,16,0,0,15,15,15,0,0
out,140,453961028,ingress_after,4,5,0,0,1,1,0,1,0,0,0,1,3,7,0,0,0,0,16,128,33,15,15,15,0,0
out,141,453961028,ingress_before,1,5,5,1,1,0,0,1,0,0,0,-1,-1,-1,0,0,0,0,0,128,33,0,0,0,0,0
out,142,453961028,deliver,1,5,5,1,0,0,0,1,1,0,0,-1,-1,-1,0,0,0,0,0,0,0,0,0,0,0,0
out,143,453961028,ingress_after,1,5,5,1,1,0,0,1,1,0,0,-1,-1,-1,0,0,0,0,0,128,33,0,0,0,0,0
out,144,460000000,offer,4,5,4,17,0,0,0,1,0,1,1,0,3,7,1,1,0,1,16,0,0,14,15,15,0,0
out,145,460000000,admit,4,5,4,17,0,0,0,1,0,1,1,0,3,7,1,1,0,1,17,0,0,15,16,16,0,0
out,146,460000000,offer,5,1,5,17,0,0,0,1,1,0,1,0,9,1,1,1,0,1,16,0,0,16,17,1,16,0
out,147,460000000,blocked,5,1,5,17,0,0,0,1,1,0,1,0,9,1,1,1,0,1,16,0,0,16,17,1,16,0
out,148,468000028,tx_start,4,5,4,2,2,0,0,3,0,1,0,3,7,3,1,1,0,1,17,128,33,15,16,16,0,0
out,149,468000028,tx_start,5,4,0,0,1,1,0,3,1,0,0,9,1,9,1,0,0,1,16,128,33,16,17,1,16,0
out,150,480000000,offer,4,5,4,18,0,0,0,3,0,0,0,3,7,3,1,1,0,1,17,0,0,15,16,16,0,0
out,151,480000000,blocked,4,5,4,18,0,0,0,3,0,0,0,3,7,3,1,1,0,1,17,0,0,15,16,16,0,0
out,152,480000000,offer,5,1,5,17,0,0,0,3,1,0,0,9,1,9,1,1,0,1,16,0,0,16,17,1,16,0
out,153,480000000,blocked,5,1,5,17,0,0,0,3,1,0,0,9,1,9,1,1,0,1,16,0,0,16,17,1,16,0
out,154,490081028,ingress_before,4,5,0,0,1,1,0,3,0,0,0,3,7,3,1,1,0,1,17,128,33,15,16,16,0,0
out,155,490081028,ingress_after,4,5,0,0,1,1,0,3,0,0,0,3,7,3,1,1,0,1,17,128,33,15,16,16,0,0
out,156,490501028,ingress_before,5,4,4,2,2,0,0,1,1,0,1,9,1,9,1,0,0,1,16,128,33,16,17,1,16,0
out,157,490501028,ingress_after,5,4,4,2,2,0,0,1,1,0,1,9,1,9,1,0,0,1,16,128,33,17,18,2,16,0
out,158,500000000,offer,4,5,4,18,0,0,0,1,0,0,0,2,7,3,1,1,0,1,17,0,0,15,16,16,0,0
out,159,500000000,blocked,4,5,4,18,0,0,0,1,0,0,0,2,7,3,1,1,0,1,17,0,0,15,16,16,0,0
out,160,500000000,offer,5,1,5,17,0,0,0,1,1,0,1,8,1,9,1,1,0,1,16,0,0,17,18,2,16,0
out,161,500000000,blocked,5,1,5,17,0,0,0,1,1,0,1,8,1,9,1,1,0,1,16,0,0,17,18,2,16,0
out,162,520000000,offer,4,5,4,18,0,0,0,1,0,0,0,1,7,3,1,1,0,1,17,0,0,15,16,16,0,0
out,163,520000000,blocked,4,5,4,18,0,0,0,1,0,0,0,1,7,3,1,1,0,1,17,0,0,15,16,16,0,0
out,164,520000000,offer,5,1,5,17,0,0,0,1,1,0,1,7,1,9,1,1,0,1,16,0,0,17,18,2,16,0
out,165,520000000,blocked,5,1,5,17,0,0,0,1,1,0,1,7,1,9,1,1,0,1,16,0,0,17,18,2,16,0
out,166,540000000,offer,4,5,4,18,0,0,0,1,0,0,0,-1,7,3,1,1,0,1,17,0,0,15,16,16,0,0
out,167,540000000,blocked,4,5,4,18,0,0,0,1,0,0,0,-1,7,3,1,1,0,1,17,0,0,15,16,16,0,0
out,168,540000000,offer,5,1,5,17,0,0,0,1,1,0,1,5,1,9,1,1,0,1,16,0,0,17,18,2,16,0
out,169,540000000,blocked,5,1,5,17,0,0,0,1,1,0,1,5,1,9,1,1,0,1,16,0,0,17,18,2,16,0
out,170,560000000,offer,4,5,4,18,0,0,0,1,0,0,0,-1,7,3,1,1,0,1,17,0,0,15,16,16,0,0
out,171,560000000,blocked,4,5,4,18,0,0,0,1,0,0,0,-1,7,3,1,1,0,1,17,0,0,15,16,16,0,0
out,172,560000000,offer,5,1,5,17,0,0,0,1,1,0,1,3,1,9,1,1,0,1,16,0,0,17,18,2,16,0
out,173,560000000,blocked,5,1,5,17,0,0,0,1,1,0,1,3,1,9,1,1,0,1,16,0,0,17,18,2,16,0
out,174,580000000,offer,4,5,4,18,0,0,0,1,0,0,0,-1,7,3,1,1,0,1,17,0,0,15,16,16,0,0
out,175,580000000,blocked,4,5,4,18,0,0,0,1,0,0,0,-1,7,3,1,1,0,1,17,0,0,15,16,16,0,0
out,176,580000000,offer,5,1,5,17,0,0,0,1,1,0,1,2,1,9,1,1,0,1,16,0,0,17,18,2,16,0
out,177,580000000,blocked,5,1,5,17,0,0,0,1,1,0,1,2,1,9,1,1,0,1,16,0,0,17,18,2,16,0
out,178,600000000,offer,4,5,4,18,0,0,0,1,0,0,0,-1,7,3,1,1,0,1,17,0,0,15,16,16,0,0
out,179,600000000,blocked,4,5,4,18,0,0,0,1,0,0,0,-1,7,3,1,1,0,1,17,0,0,15,16,16,0,0
out,180,600000000,offer,5,1,5,17,0,0,0,1,1,0,1,0,1,9,1,1,0,1,16,0,0,17,18,2,16,0
out,181,600000000,blocked,5,1,5,17,0,0,0,1,1,0,1,0,1,9,1,1,0,1,16,0,0,17,18,2,16,0
out,182,611000028,tx_start,5,4,0,0,2,3,0,3,1,0,0,1,9,1,1,0,0,1,16,128,33,17,18,2,16,0
out,183,620000000,offer,4,5,4,18,0,0,0,1,0,0,0,-1,7,3,1,1,0,1,17,0,0,15,16,16,0,0
out,184,620000000,blocked,4,5,4,18,0,0,0,1,0,0,0,-1,7,3,1,1,0,1,17,0,0,15,16,16,0,0
out,185,620000000,offer,5,1,5,17,0,0,0,3,1,0,0,1,9,1,1,1,0,1,16,0,0,17,18,2,16,0
out,186,620000000,blocked,5,1,5,17,0,0,0,3,1,0,0,1,9,1,1,1,0,1,16,0,0,17,18,2,16,0
out,187,633081028,ingress_before,4,5,0,0,2,3,0,1,0,0,0,-1,7,3,1,1,0,1,17,128,33,15,16,16,0,0
out,188,633081028,release,4,5,4,0,0,0,0,1,0,0,0,-1,7,3,0,0,0,1,17,0,0,15,15,15,0,0
out,189,633081028,ingress_after,4,5,0,0,2,3,0,1,0,0,0,-1,7,3,0,0,0,0,17,128,33,15,15,15,0,0
out,190,640000000,offer,4,5,4,18,0,0,0,1,0,1,1,7,7,3,1,1,0,1,17,0,0,14,15,15,0,0
out,191,640000000,admit,4,5,4,18,0,0,0,1,0,1,1,7,7,3,1,1,0,1,18,0,0,15,16,16,0,0
out,192,640000000,offer,5,1,5,17,0,0,0,1,1,0,1,0,9,1,1,1,0,1,16,0,0,17,18,2,16,0
out,193,640000000,blocked,5,1,5,17,0,0,0,1,1,0,1,0,9,1,1,1,0,1,16,0,0,17,18,2,16,0
out,194,650000028,tx_start,5,4,0,0,2,3,0,3,1,0,0,9,1,9,1,0,0,1,16,128,33,17,18,2,16,0
out,195,660000000,offer,4,5,4,19,0,0,0,1,0,1,1,6,7,3,1,1,0,1,18,0,0,15,16,16,0,0
out,196,660000000,blocked,4,5,4,19,0,0,0,1,0,1,1,6,7,3,1,1,0,1,18,0,0,15,16,16,0,0
out,197,660000000,offer,5,1,5,17,0,0,0,3,1,0,0,9,1,9,1,1,0,1,16,0,0,17,18,2,16,0
out,198,660000000,blocked,5,1,5,17,0,0,0,3,1,0,0,9,1,9,1,1,0,1,16,0,0,17,18,2,16,0
out,199,672081028,ingress_before,4,5,0,0,2,3,0,1,0,1,1,5,7,3,1,1,0,1,18,128,33,15,16,16,0,0
out,200,672081028,ingress_after,4,5,0,0,2,3,0,1,0,1,1,5,7,3,1,1,0,1,18,128,33,15,16,16,0,0
out,201,680000000,offer,4,5,4,19,0,0,0,1,0,1,1,4,7,3,1,1,0,1,18,0,0,15,16,16,0,0
out,202,680000000,blocked,4,5,4,19,0,0,0,1,0,1,1,4,7,3,1,1,0,1,18,0,0,15,16,16,0,0
out,203,680000000,offer,5,1,5,17,0,0,0,1,1,0,1,8,1,9,1,1,0,1,16,0,0,17,18,2,16,0
out,204,680000000,blocked,5,1,5,17,0,0,0,1,1,0,1,8,1,9,1,1,0,1,16,0,0,17,18,2,16,0
out,205,700000000,offer,4,5,4,19,0,0,0,1,0,1,1,3,7,3,1,1,0,1,18,0,0,15,16,16,0,0
out,206,700000000,blocked,4,5,4,19,0,0,0,1,0,1,1,3,7,3,1,1,0,1,18,0,0,15,16,16,0,0
out,207,700000000,offer,5,1,5,17,0,0,0,1,1,0,1,7,1,9,1,1,0,1,16,0,0,17,18,2,16,0
out,208,700000000,blocked,5,1,5,17,0,0,0,1,1,0,1,7,1,9,1,1,0,1,16,0,0,17,18,2,16,0
out,209,720000000,offer,4,5,4,19,0,0,0,1,0,1,1,1,7,3,1,1,0,1,18,0,0,15,16,16,0,0
out,210,720000000,blocked,4,5,4,19,0,0,0,1,0,1,1,1,7,3,1,1,0,1,18,0,0,15,16,16,0,0
out,211,720000000,offer,5,1,5,17,0,0,0,1,1,0,1,5,1,9,1,1,0,1,16,0,0,17,18,2,16,0
out,212,720000000,blocked,5,1,5,17,0,0,0,1,1,0,1,5,1,9,1,1,0,1,16,0,0,17,18,2,16,0
out,213,740000000,offer,4,5,4,19,0,0,0,1,0,1,1,0,7,3,1,1,0,1,18,0,0,15,16,16,0,0
out,214,740000000,blocked,4,5,4,19,0,0,0,1,0,1,1,0,7,3,1,1,0,1,18,0,0,15,16,16,0,0
out,215,740000000,offer,5,1,5,17,0,0,0,1,1,0,1,4,1,9,1,1,0,1,16,0,0,17,18,2,16,0
out,216,740000000,blocked,5,1,5,17,0,0,0,1,1,0,1,4,1,9,1,1,0,1,16,0,0,17,18,2,16,0
out,217,741000028,tx_start,4,5,4,3,3,0,0,3,0,1,0,4,7,4,1,1,0,1,18,128,33,15,16,16,0,0
out,218,760000000,offer,4,5,4,19,0,0,0,3,0,0,0,4,7,4,1,1,0,1,18,0,0,15,16,16,0,0
out,219,760000000,blocked,4,5,4,19,0,0,0,3,0,0,0,4,7,4,1,1,0,1,18,0,0,15,16,16,0,0
out,220,760000000,offer,5,1,5,17,0,0,0,1,1,0,1,2,1,9,1,1,0,1,16,0,0,17,18,2,16,0
out,221,760000000,blocked,5,1,5,17,0,0,0,1,1,0,1,2,1,9,1,1,0,1,16,0,0,17,18,2,16,0
out,222,763501028,ingress_before,5,4,4,3,3,0,0,1,1,0,1,2,1,9,1,0,0,1,16,128,33,17,18,2,16,0
out,223,763501028,ingress_after,5,4,4,3,3,0,0,1,1,0,1,2,1,9,1,0,0,1,16,128,33,18,19,3,16,0
out,224,778961028,tx_start,1,5,0,0,1,1,0,3,1,0,0,1,1,1,0,0,0,0,0,128,33,0,0,0,0,0
out,225,780000000,offer,4,5,4,19,0,0,0,1,0,0,0,3,7,4,1,1,0,1,18,0,0,15,16,16,0,0
out,226,780000000,blocked,4,5,4,19,0,0,0,1,0,0,0,3,7,4,1,1,0,1,18,0,0,15,16,16,0,0
out,227,780000000,offer,5,1,5,17,0,0,0,1,1,0,1,1,1,9,1,1,0,1,16,0,0,18,19,3,16,0
out,228,780000000,blocked,5,1,5,17,0,0,0,1,1,0,1,1,1,9,1,1,0,1,16,0,0,18,19,3,16,0
out,229,793000028,tx_start,5,4,0,0,3,7,0,3,1,0,0,2,9,2,1,0,0,1,16,128,33,18,19,3,16,0
out,230,800000000,offer,4,5,4,19,0,0,0,1,0,0,0,1,7,4,1,1,0,1,18,0,0,15,16,16,0,0
out,231,800000000,blocked,4,5,4,19,0,0,0,1,0,0,0,1,7,4,1,1,0,1,18,0,0,15,16,16,0,0
out,232,800000000,offer,5,1,5,17,0,0,0,3,1,0,0,2,9,2,1,1,0,1,16,0,0,18,19,3,16,0
out,233,800000000,blocked,5,1,5,17,0,0,0,3,1,0,0,2,9,2,1,1,0,1,16,0,0,18,19,3,16,0
out,234,801042028,ingress_before,5,1,0,0,1,1,0,3,1,0,0,2,9,2,1,1,0,1,16,128,33,18,19,3,16,0
out,235,801042028,release,5,1,5,0,0,0,0,3,1,0,0,2,9,2,0,0,0,1,16,0,0,18,18,3,15,0
out,236,801042028,ingress_after,5,1,0,0,1,1,0,3,1,0,0,2,9,2,0,0,0,0,16,128,33,18,18,3,15,0
out,237,815081028,ingress_before,4,5,0,0,3,7,0,1,0,0,0,0,7,4,1,1,0,1,18,128,33,15,16,16,0,0
out,238,815081028,release,4,5,4,0,0,0,0,1,0,0,0,0,7,4,0,0,1,1,18,0,0,15,15,15,0,0
out,239,815081028,ingress_after,4,5,0,0,3,7,0,1,0,0,0,0,7,4,0,0,1,0,18,128,33,15,15,15,0,0
out,240,817961028,tx_start,1,5,0,0,1,1,0,3,1,0,0,1,1,1,0,0,0,0,0,128,33,0,0,0,0,0
out,241,820000000,offer,4,5,4,19,0,0,0,1,0,2,1,7,7,4,2,2,1,2,18,0,0,13,15,15,0,0
out,242,820000000,admit,4,5,4,19,0,0,0,1,0,2,1,7,7,4,2,2,1,2,19,0,0,14,16,16,0,0
out,243,820000000,offer,5,1,5,17,0,0,0,1,1,1,1,1,9,2,1,1,0,1,16,0,0,17,18,3,15,0
out,244,820000000,admit,5,1,5,17,0,0,0,1,1,1,1,1,9,2,1,1,0,1,17,0,0,18,19,3,16,0
out,245,840000000,offer,4,5,4,20,0,0,0,1,0,2,1,6,7,4,2,2,1,2,19,0,0,14,16,16,0,0
out,246,840000000,blocked,4,5,4,20,0,0,0,1,0,2,1,6,7,4,2,2,1,2,19,0,0,14,16,16,0,0
out,247,840000000,offer,5,1,5,18,0,0,0,1,1,1,1,0,9,2,1,1,0,1,17,0,0,18,19,3,16,0
out,248,840000000,blocked,5,1,5,18,0,0,0,1,1,1,1,0,9,2,1,1,0,1,17,0,0,18,19,3,16,0
out,249,840042028,ingress_before,5,1,0,0,1,1,0,1,1,1,1,0,9,2,1,1,0,1,17,128,33,18,19,3,16,0
out,250,840042028,ingress_after,5,1,0,0,1,1,0,1,1,1,1,0,9,2,1,1,0,1,17,128,33,18,19,3,16,0
out,251,845000028,tx_start,5,4,0,0,3,7,0,3,1,1,0,9,2,9,1,0,0,1,17,128,33,18,19,3,16,0
out,252,845000028,tx_start,5,1,5,2,2,0,0,3,1,1,0,9,2,9,1,1,0,1,17,128,33,18,19,3,16,0
out,253,856961028,tx_start,1,5,0,0,1,1,0,3,1,0,0,1,1,1,0,0,0,0,0,128,33,0,0,0,0,0
out,254,860000000,offer,4,5,4,20,0,0,0,1,0,2,1,4,7,4,2,2,1,2,19,0,0,14,16,16,0,0
out,255,860000000,blocked,4,5,4,20,0,0,0,1,0,2,1,4,7,4,2,2,1,2,19,0,0,14,16,16,0,0
out,256,860000000,offer,5,1,5,18,0,0,0,3,1,0,0,9,2,9,1,1,0,1,17,0,0,18,19,3,16,0
out,257,860000000,blocked,5,1,5,18,0,0,0,3,1,0,0,9,2,9,1,1,0,1,17,0,0,18,19,3,16,0
out,258,869961028,ingress_before,4,5,0,0,3,7,0,1,0,2,1,4,7,4,2,2,1,2,19,128,33,14,16,16,0,0
out,259,869961028,ingress_after,4,5,0,0,3,7,0,1,0,2,1,4,7,4,2,2,1,2,19,128,33,14,16,16,0,0
out,260,869961028,ingress_before,1,5,5,2,2,0,0,3,1,0,0,1,1,1,0,0,0,0,0,128,33,0,0,0,0,0
out,261,869961028,deliver,1,5,5,2,0,0,0,3,1,0,0,1,1,1,0,0,0,0,0,0,0,0,0,0,0,0
out,262,869961028,ingress_after,1,5,5,2,2,0,0,3,1,0,0,1,1,1,0,0,0,0,0,128,33,0,0,0,0,0
out,263,879042028,ingress_before,5,1,0,0,1,1,0,1,1,0,1,8,2,9,1,1,0,1,17,128,33,18,19,3,16,0
out,264,879042028,ingress_after,5,1,0,0,1,1,0,1,1,0,1,8,2,9,1,1,0,1,17,128,33,18,19,3,16,0
out,265,880000000,offer,4,5,4,20,0,0,0,1,0,2,1,3,7,4,2,2,1,2,19,0,0,14,16,16,0,0
out,266,880000000,blocked,4,5,4,20,0,0,0,1,0,2,1,3,7,4,2,2,1,2,19,0,0,14,16,16,0,0
out,267,880000000,offer,5,1,5,18,0,0,0,1,1,0,1,8,2,9,1,1,0,1,17,0,0,18,19,3,16,0
out,268,880000000,blocked,5,1,5,18,0,0,0,1,1,0,1,8,2,9,1,1,0,1,17,0,0,18,19,3,16,0
out,269,895961028,tx_start,1,5,0,0,2,3,0,3,1,0,0,1,1,1,0,0,0,0,0,128,33,0,0,0,0,0
out,270,900000000,offer,4,5,4,20,0,0,0,1,0,2,1,1,7,4,2,2,1,2,19,0,0,14,16,16,0,0
out,271,900000000,blocked,4,5,4,20,0,0,0,1,0,2,1,1,7,4,2,2,1,2,19,0,0,14,16,16,0,0
out,272,900000000,offer,5,1,5,18,0,0,0,1,1,0,1,6,2,9,1,1,0,1,17,0,0,18,19,3,16,0
out,273,900000000,blocked,5,1,5,18,0,0,0,1,1,0,1,6,2,9,1,1,0,1,17,0,0,18,19,3,16,0
out,274,918042028,ingress_before,5,1,0,0,2,3,0,1,1,0,1,5,2,9,1,1,0,1,17,128,33,18,19,3,16,0
out,275,918042028,release,5,1,5,0,0,0,0,1,1,0,1,5,2,9,0,0,0,1,17,0,0,18,18,3,15,0
out,276,918042028,ingress_after,5,1,0,0,2,3,0,1,1,0,1,5,2,9,0,0,0,0,17,128,33,18,18,3,15,0
out,277,920000000,offer,4,5,4,20,0,0,0,1,0,2,1,0,7,4,2,2,1,2,19,0,0,14,16,16,0,0
out,278,920000000,blocked,4,5,4,20,0,0,0,1,0,2,1,0,7,4,2,2,1,2,19,0,0,14,16,16,0,0
out,279,920000000,offer,5,1,5,18,0,0,0,1,1,1,1,5,2,9,1,1,0,1,17,0,0,17,18,3,15,0
out,280,920000000,admit,5,1,5,18,0,0,0,1,1,1,1,5,2,9,1,1,0,1,18,0,0,18,19,3,16,0
out,281,923000028,tx_start,4,5,4,4,4,0,0,3,0,2,0,3,7,3,2,2,1,2,19,128,33,14,16,16,0,0
out,282,923000028,tx_start,4,5,4,5,5,0,0,3,0,2,0,3,7,3,2,2,1,2,19,128,33,14,16,16,0,0
out,283,934961028,tx_start,1,5,0,0,2,3,0,3,1,0,0,1,1,1,0,0,0,0,0,128,33,0,0,0,0,0
out,284,940000000,offer,4,5,4,20,0,0,0,3,0,0,0,3,7,3,2,2,1,2,19,0,0,14,16,16,0,0
out,285,940000000,blocked,4,5,4,20,0,0,0,3,0,0,0,3,7,3,2,2,1,2,19,0,0,14,16,16,0,0
out,286,940000000,offer,5,1,5,19,0,0,0,1,1,1,1,3,2,9,1,1,0,1,18,0,0,18,19,3,16,0
out,287,940000000,blocked,5,1,5,19,0,0,0,1,1,1,1,3,2,9,1,1,0,1,18,0,0,18,19,3,16,0
out,288,948381028,ingress_before,5,4,4,4,4,0,0,1,1,1,1,3,2,9,1,0,0,1,18,128,33,18,19,3,16,0
out,289,948381028,ingress_after,5,4,4,4,4,0,0,1,1,1,1,3,2,9,1,0,0,1,18,128,33,19,20,4,16,0
out,290,948381028,ingress_before,5,4,4,5,5,0,0,1,1,1,1,3,2,9,1,0,0,1,18,128,33,19,20,4,16,0
out,291,948381028,ingress_after,5,4,4,5,5,0,0,1,1,1,1,3,2,9,1,0,0,1,18,128,33,20,21,5,16,0
out,292,957042028,ingress_before,5,1,0,0,2,3,0,1,1,1,1,2,2,9,1,1,0,1,18,128,33,20,21,5,16,0
out,293,957042028,ingress_after,5,1,0,0,2,3,0,1,1,1,1,2,2,9,1,1,0,1,18,128,33,20,21,5,16,0
out,294,960000000,offer,4,5,4,20,0,0,0,1,0,0,0,2,7,3,2,2,1,2,19,0,0,14,16,16,0,0
out,295,960000000,blocked,4,5,4,20,0,0,0,1,0,0,0,2,7,3,2,2,1,2,19,0,0,14,16,16,0,0
out,296,960000000,offer,5,1,5,19,0,0,0,1,1,1,1,2,2,9,1,1,0,1,18,0,0,20,21,5,16,0
out,297,960000000,blocked,5,1,5,19,0,0,0,1,1,1,1,2,2,9,1,1,0,1,18,0,0,20,21,5,16,0
out,298,973961028,tx_start,1,5,0,0,2,3,0,3,1,0,0,1,1,1,0,0,0,0,0,128,33,0,0,0,0,0
out,299,980000000,offer,4,5,4,20,0,0,0,1,0,0,0,0,7,3,2,2,1,2,19,0,0,14,16,16,0,0
out,300,980000000,blocked,4,5,4,20,0,0,0,1,0,0,0,0,7,3,2,2,1,2,19,0,0,14,16,16,0,0
out,301,980000000,offer,5,1,5,19,0,0,0,1,1,1,1,0,2,9,1,1,0,1,18,0,0,20,21,5,16,0
out,302,980000000,blocked,5,1,5,19,0,0,0,1,1,1,1,0,2,9,1,1,0,1,18,0,0,20,21,5,16,0
out,303,988000028,tx_start,5,4,0,0,5,31,0,3,1,1,0,1,9,1,1,0,0,1,18,128,33,20,21,5,16,0
out,304,988000028,tx_start,5,1,5,3,3,0,0,3,1,1,0,1,9,1,1,1,0,1,18,128,33,20,21,5,16,0
out,305,996042028,ingress_before,5,1,0,0,2,3,0,3,1,0,0,1,9,1,1,1,0,1,18,128,33,20,21,5,16,0
out,306,996042028,ingress_after,5,1,0,0,2,3,0,3,1,0,0,1,9,1,1,1,0,1,18,128,33,20,21,5,16,0
out,307,1000000000,generate,4,5,4,21,0,0,0,1,0,0,0,-1,7,3,2,2,1,2,19,0,0,14,16,16,0,0
out,308,1000000000,generate,5,1,5,21,0,0,0,3,1,0,0,1,9,1,1,1,0,1,18,0,0,20,21,5,16,0
out,309,1000000000,offer,4,5,4,20,0,0,0,1,0,0,0,-1,7,3,2,2,1,2,19,0,0,14,16,16,0,0
out,310,1000000000,blocked,4,5,4,20,0,0,0,1,0,0,0,-1,7,3,2,2,1,2,19,0,0,14,16,16,0,0
out,311,1000000000,offer,5,1,5,19,0,0,0,3,1,0,0,1,9,1,1,1,0,1,18,0,0,20,21,5,16,0
out,312,1000000000,blocked,5,1,5,19,0,0,0,3,1,0,0,1,9,1,1,1,0,1,18,0,0,20,21,5,16,0
out,313,1012961028,ingress_before,4,5,0,0,5,31,0,1,0,0,0,-1,7,3,2,2,1,2,19,128,33,14,16,16,0,0
out,314,1012961028,release,4,5,4,0,0,0,0,1,0,0,0,-1,7,3,1,1,1,2,19,0,0,14,15,15,0,0
out,315,1012961028,release,4,5,4,0,0,0,0,1,0,0,0,-1,7,3,0,0,1,1,19,0,0,14,14,14,0,0
out,316,1012961028,ingress_after,4,5,0,0,5,31,0,1,0,0,0,-1,7,3,0,0,1,0,19,128,33,14,14,14,0,0
out,317,1012961028,ingress_before,1,5,5,3,3,0,0,1,1,0,1,0,1,1,0,0,0,0,0,128,33,0,0,0,0,0
out,318,1012961028,deliver,1,5,5,3,0,0,0,1,1,0,1,0,1,1,0,0,0,0,0,0,0,0,0,0,0,0
out,319,1012961028,ingress_after,1,5,5,3,3,0,0,1,1,0,1,0,1,1,0,0,0,0,0,128,33,0,0,0,0,0
out,320,1012961028,tx_start,1,5,0,0,3,7,0,3,1,0,0,1,1,1,0,0,0,0,0,128,33,0,0,0,0,0
out,321,1020000000,offer,4,5,4,20,0,0,0,1,0,2,1,7,7,3,2,2,1,2,19,0,0,12,14,14,0,0
out,322,1020000000,admit,4,5,4,20,0,0,0,1,0,2,1,7,7,3,2,2,1,2,20,0,0,13,15,15,0,0
out,323,1020000000,offer,5,1,5,19,0,0,0,1,1,0,1,0,9,1,1,1,0,1,18,0,0,20,21,5,16,0
out,324,1020000000,blocked,5,1,5,19,0,0,0,1,1,0,1,0,9,1,1,1,0,1,18,0,0,20,21,5,16,0
out,325,1027000028,tx_start,5,4,0,0,5,31,0,3,1,0,0,9,1,9,1,0,0,1,18,128,33,20,21,5,16,0
out,326,1035042028,ingress_before,5,1,0,0,3,7,0,3,1,0,0,9,1,9,1,1,0,1,18,128,33,20,21,5,16,0
out,327,1035042028,release,5,1,5,0,0,0,0,3,1,0,0,9,1,9,0,0,1,1,18,0,0,20,20,5,15,0
out,328,1035042028,ingress_after,5,1,0,0,3,7,0,3,1,0,0,9,1,9,0,0,1,0,18,128,33,20,20,5,15,0
out,329,1040000000,offer,4,5,4,21,0,0,0,1,0,2,1,6,7,3,2,2,1,2,20,0,0,13,15,15,0,0
out,330,1040000000,admit,4,5,4,21,0,0,0,1,0,2,1,6,7,3,2,2,1,2,21,0,0,14,16,16,0,0
out,331,1040000000,offer,5,1,5,19,0,0,0,3,1,2,0,9,1,9,2,2,1,2,18,0,0,18,20,5,15,0
out,332,1040000000,admit,5,1,5,19,0,0,0,3,1,2,0,9,1,9,2,2,1,2,19,0,0,19,21,5,16,0
out,333,1049081028,ingress_before,4,5,0,0,5,31,0,1,0,2,1,5,7,3,2,2,1,2,21,128,33,14,16,16,0,0
out,334,1049081028,ingress_after,4,5,0,0,5,31,0,1,0,2,1,5,7,3,2,2,1,2,21,128,33,14,16,16,0,0
out,335,1051961028,tx_start,1,5,0,0,3,7,0,3,1,0,0,1,1,1,0,0,0,0,0,128,33,0,0,0,0,0
out,336,1060000000,offer,5,1,5,20,0,0,0,1,1,2,1,8,1,9,2,2,1,2,19,0,0,19,21,5,16,0
out,337,1060000000,blocked,5,1,5,20,0,0,0,1,1,2,1,8,1,9,2,2,1,2,19,0,0,19,21,5,16,0
out,338,1074042028,ingress_before,5,1,0,0,3,7,0,1,1,2,1,7,1,9,2,2,1,2,19,128,33,19,21,5,16,0
out,339,1074042028,ingress_after,5,1,0,0,3,7,0,1,1,2,1,7,1,9,2,2,1,2,19,128,33,19,21,5,16,0
out,340,1080000000,offer,5,1,5,20,0,0,0,1,1,2,1,6,1,9,2,2,1,2,19,0,0,19,21,5,16,0
out,341,1080000000,blocked,5,1,5,20,0,0,0,1,1,2,1,6,1,9,2,2,1,2,19,0,0,19,21,5,16,0
out,342,1090961028,tx_start,1,5,0,0,3,7,0,3,1,0,0,1,1,1,0,0,0,0,0,128,33,0,0,0,0,0
out,343,1100000000,offer,5,1,5,20,0,0,0,1,1,2,1,5,1,9,2,2,1,2,19,0,0,19,21,5,16,0
out,344,1100000000,blocked,5,1,5,20,0,0,0,1,1,2,1,5,1,9,2,2,1,2,19,0,0,19,21,5,16,0
out,345,1113042028,ingress_before,5,1,0,0,3,7,0,1,1,2,1,4,1,9,2,2,1,2,19,128,33,19,21,5,16,0
out,346,1113042028,ingress_after,5,1,0,0,3,7,0,1,1,2,1,4,1,9,2,2,1,2,19,128,33,19,21,5,16,0
out,347,1118000028,tx_start,4,5,4,6,6,0,0,3,0,2,0,4,7,4,2,2,1,2,21,128,33,14,16,16,0,0
out,348,1118000028,tx_start,4,5,4,7,7,0,0,3,0,2,0,4,7,4,2,2,1,2,21,128,33,14,16,16,0,0
out,349,1120000000,offer,5,1,5,20,0,0,0,1,1,2,1,3,1,9,2,2,1,2,19,0,0,19,21,5,16,0
out,350,1120000000,blocked,5,1,5,20,0,0,0,1,1,2,1,3,1,9,2,2,1,2,19,0,0,19,21,5,16,0
out,351,1129961028,tx_start,1,5,0,0,3,7,0,3,1,0,0,1,1,1,0,0,0,0,0,128,33,0,0,0,0,0
out,352,1140000000,offer,5,1,5,20,0,0,0,1,1,2,1,2,1,9,2,2,1,2,19,0,0,19,21,5,16,0
out,353,1140000000,blocked,5,1,5,20,0,0,0,1,1,2,1,2,1,9,2,2,1,2,19,0,0,19,21,5,16,0
out,354,1143381028,ingress_before,5,4,4,6,6,0,0,1,1,2,1,2,1,9,2,0,0,2,19,128,33,19,21,5,16,0
out,355,1143381028,ingress_after,5,4,4,6,6,0,0,1,1,2,1,2,1,9,2,0,0,2,19,128,33,20,22,6,16,0
out,356,1143381028,ingress_before,5,4,4,7,7,0,0,1,1,2,1,2,1,9,2,0,0,2,19,128,33,20,22,6,16,0
out,357,1143381028,ingress_after,5,4,4,7,7,0,0,1,1,2,1,2,1,9,2,0,0,2,19,128,33,21,23,7,16,0
out,358,1152042028,ingress_before,5,1,0,0,3,7,0,1,1,2,1,1,1,9,2,2,1,2,19,128,33,21,23,7,16,0
out,359,1152042028,ingress_after,5,1,0,0,3,7,0,1,1,2,1,1,1,9,2,2,1,2,19,128,33,21,23,7,16,0
out,360,1160000000,offer,5,1,5,20,0,0,0,1,1,2,1,0,1,9,2,2,1,2,19,0,0,21,23,7,16,0
out,361,1160000000,blocked,5,1,5,20,0,0,0,1,1,2,1,0,1,9,2,2,1,2,19,0,0,21,23,7,16,0
out,362,1168961028,tx_start,1,5,0,0,3,7,0,3,1,0,0,1,1,1,0,0,0,0,0,128,33,0,0,0,0,0
out,363,1170000028,tx_start,5,4,0,0,7,127,0,3,1,2,0,2,9,2,2,0,0,2,19,128,33,21,23,7,16,0
out,364,1170000028,tx_start,5,1,5,4,4,0,0,3,1,2,0,2,9,2,2,2,1,2,19,128,33,21,23,7,16,0
out,365,1170000028,tx_start,5,1,5,5,5,0,0,3,1,2,0,2,9,2,2,2,1,2,19,128,33,21,23,7,16,0
out,366,1180000000,offer,5,1,5,20,0,0,0,3,1,0,0,2,9,2,2,2,1,2,19,0,0,21,23,7,16,0
out,367,1180000000,blocked,5,1,5,20,0,0,0,3,1,0,0,2,9,2,2,2,1,2,19,0,0,21,23,7,16,0
out,368,1191042028,ingress_before,5,1,0,0,3,7,0,3,1,0,0,2,9,2,2,2,1,2,19,128,33,21,23,7,16,0
out,369,1191042028,ingress_after,5,1,0,0,3,7,0,3,1,0,0,2,9,2,2,2,1,2,19,128,33,21,23,7,16,0
out,370,1197841028,ingress_before,4,5,0,0,7,127,0,1,0,0,0,-1,7,4,2,2,1,2,21,128,33,14,16,16,0,0
out,371,1197841028,release,4,5,4,0,0,0,0,1,0,0,0,-1,7,4,1,1,2,2,21,0,0,14,15,15,0,0
out,372,1197841028,release,4,5,4,0,0,0,0,1,0,0,0,-1,7,4,0,0,2,1,21,0,0,14,14,14,0,0
out,373,1197841028,ingress_after,4,5,0,0,7,127,0,1,0,0,0,-1,7,4,0,0,2,0,21,128,33,14,14,14,0,0
out,374,1197841028,ingress_before,1,5,5,4,4,0,0,1,0,0,0,0,1,1,0,0,0,0,0,128,33,0,0,0,0,0
out,375,1197841028,deliver,1,5,5,4,0,0,0,1,1,0,0,0,1,1,0,0,0,0,0,0,0,0,0,0,0,0
out,376,1197841028,ingress_after,1,5,5,4,4,0,0,1,1,0,0,0,1,1,0,0,0,0,0,128,33,0,0,0,0,0
out,377,1197841028,ingress_before,1,5,5,5,5,0,0,1,1,0,0,0,1,1,0,0,0,0,0,128,33,0,0,0,0,0
out,378,1197841028,deliver,1,5,5,5,0,0,0,1,1,0,0,0,1,1,0,0,0,0,0,0,0,0,0,0,0,0
out,379,1197841028,ingress_after,1,5,5,5,5,0,0,1,1,0,0,0,1,1,0,0,0,0,0,128,33,0,0,0,0,0
out,380,1200000000,offer,5,1,5,20,0,0,0,1,1,0,1,2,9,2,2,2,1,2,19,0,0,21,23,7,16,0
out,381,1200000000,blocked,5,1,5,20,0,0,0,1,1,0,1,2,9,2,2,2,1,2,19,0,0,21,23,7,16,0
out,382,1220000000,offer,5,1,5,20,0,0,0,1,1,0,1,1,9,2,2,2,1,2,19,0,0,21,23,7,16,0
out,383,1220000000,blocked,5,1,5,20,0,0,0,1,1,0,1,1,9,2,2,2,1,2,19,0,0,21,23,7,16,0
out,384,1235000028,tx_start,5,4,0,0,7,127,0,3,1,0,0,9,2,9,2,0,0,2,19,128,33,21,23,7,16,0
out,385,1240000000,offer,5,1,5,20,0,0,0,3,1,0,0,9,2,9,2,2,1,2,19,0,0,21,23,7,16,0
out,386,1240000000,blocked,5,1,5,20,0,0,0,3,1,0,0,9,2,9,2,2,1,2,19,0,0,21,23,7,16,0
out,387,1246961028,tx_start,1,5,0,0,5,31,0,3,1,0,0,1,2,1,0,0,0,0,0,128,33,0,0,0,0,0
out,388,1257081028,ingress_before,4,5,0,0,7,127,0,1,0,3,1,4,7,4,3,3,2,3,21,128,33,11,14,14,0,0
out,389,1257081028,ingress_after,4,5,0,0,7,127,0,1,0,3,1,4,7,4,3,3,2,3,21,128,33,11,14,14,0,0
out,390,1260000000,offer,5,1,5,20,0,0,0,1,1,0,1,9,2,9,2,2,1,2,19,0,0,21,23,7,16,0
out,391,1260000000,blocked,5,1,5,20,0,0,0,1,1,0,1,9,2,9,2,2,1,2,19,0,0,21,23,7,16,0
out,392,1269042028,ingress_before,5,1,0,0,5,31,0,1,1,0,1,8,2,9,2,2,1,2,19,128,33,21,23,7,16,0
out,393,1269042028,release,5,1,5,0,0,0,0,1,1,0,1,8,2,9,1,1,1,2,19,0,0,21,22,7,15,0
out,394,1269042028,release,5,1,5,0,0,0,0,1,1,0,1,8,2,9,0,0,1,1,19,0,0,21,21,7,14,0
out,395,1269042028,ingress_after,5,1,0,0,5,31,0,1,1,0,1,8,2,9,0,0,1,0,19,128,33,21,21,7,14,0
out,396,1280000000,offer,5,1,5,20,0,0,0,1,1,2,1,7,2,9,2,2,1,2,19,0,0,19,21,7,14,0
out,397,1280000000,admit,5,1,5,20,0,0,0,1,1,2,1,7,2,9,2,2,1,2,20,0,0,20,22,7,15,0
out,398,1285961028,tx_start,1,5,0,0,5,31,0,3,1,0,0,1,1,1,0,0,0,0,0,128,33,0,0,0,0,0
out,399,1300000000,offer,5,1,5,21,0,0,0,1,1,2,1,6,2,9,2,2,1,2,20,0,0,20,22,7,15,0
out,400,1300000000,admit,5,1,5,21,0,0,0,1,1,2,1,6,2,9,2,2,1,2,21,0,0,21,23,7,16,0
out,401,1308042028,ingress_before,5,1,0,0,5,31,0,1,1,2,1,5,2,9,2,2,1,2,21,128,33,21,23,7,16,0
out,402,1308042028,ingress_after,5,1,0,0,5,31,0,1,1,2,1,5,2,9,2,2,1,2,21,128,33,21,23,7,16,0
out,403,1313000028,tx_start,4,5,4,8,8,0,0,3,0,3,0,3,7,3,3,3,2,3,21,128,33,11,14,14,0,0
out,404,1313000028,tx_start,4,5,4,9,9,0,0,3,0,3,0,3,7,3,3,3,2,3,21,128,33,11,14,14,0,0
out,405,1313000028,tx_start,4,5,4,10,10,0,0,3,0,3,0,3,7,3,3,3,2,3,21,128,33,11,14,14,0,0
out,406,1324961028,tx_start,1,5,0,0,5,31,0,3,1,0,0,1,1,1,0,0,0,0,0,128,33,0,0,0,0,0
out,407,1341261028,ingress_before,5,4,4,8,8,0,0,1,1,2,1,2,2,9,2,0,0,2,21,128,33,21,23,7,16,0
out,408,1341261028,ingress_after,5,4,4,8,8,0,0,1,1,2,1,2,2,9,2,0,0,2,21,128,33,22,24,8,16,0
out,409,1341261028,ingress_before,5,4,4,9,9,0,0,1,1,2,1,2,2,9,2,0,0,2,21,128,33,22,24,8,16,0
out,410,1341261028,ingress_after,5,4,4,9,9,0,0,1,1,2,1,2,2,9,2,0,0,2,21,128,33,23,25,9,16,0
out,411,1341261028,ingress_before,5,4,4,10,10,0,0,1,1,2,1,2,2,9,2,0,0,2,21,128,33,23,25,9,16,0
out,412,1341261028,ingress_after,5,4,4,10,10,0,0,1,1,2,1,2,2,9,2,0,0,2,21,128,33,24,26,10,16,0
out,413,1347042028,ingress_before,5,1,0,0,5,31,0,1,1,2,1,2,2,9,2,2,1,2,21,128,33,24,26,10,16,0
out,414,1347042028,ingress_after,5,1,0,0,5,31,0,1,1,2,1,2,2,9,2,2,1,2,21,128,33,24,26,10,16,0
out,415,1363961028,tx_start,1,5,0,0,5,31,0,3,1,0,0,1,1,1,0,0,0,0,0,128,33,0,0,0,0,0
out,416,1378000028,tx_start,5,4,0,0,10,1023,0,3,1,2,0,1,9,1,2,0,0,2,21,128,33,24,26,10,16,0
out,417,1378000028,tx_start,5,1,5,6,6,0,0,3,1,2,0,1,9,1,2,2,1,2,21,128,33,24,26,10,16,0
out,418,1378000028,tx_start,5,1,5,7,7,0,0,3,1,2,0,1,9,1,2,2,1,2,21,128,33,24,26,10,16,0
out,419,1386042028,ingress_before,5,1,0,0,5,31,0,3,1,0,0,1,9,1,2,2,1,2,21,128,33,24,26,10,16,0
out,420,1386042028,ingress_after,5,1,0,0,5,31,0,3,1,0,0,1,9,1,2,2,1,2,21,128,33,24,26,10,16,0
out,421,1402961028,tx_start,1,5,0,0,5,31,0,3,1,0,0,1,1,1,0,0,0,0,0,128,33,0,0,0,0,0
out,422,1405841028,ingress_before,4,5,0,0,10,1023,0,1,0,0,0,-1,7,3,3,3,2,3,21,128,33,11,14,14,0,0
out,423,1405841028,release,4,5,4,0,0,0,0,1,0,0,0,-1,7,3,2,2,2,3,21,0,0,11,13,13,0,0
out,424,1405841028,release,4,5,4,0,0,0,0,1,0,0,0,-1,7,3,1,1,3,2,21,0,0,11,12,12,0,0
out,425,1405841028,release,4,5,4,0,0,0,0,1,0,0,0,-1,7,3,0,0,3,1,21,0,0,11,11,11,0,0
out,426,1405841028,ingress_after,4,5,0,0,10,1023,0,1,0,0,0,-1,7,3,0,0,3,0,21,128,33,11,11,11,0,0
out,427,1405841028,ingress_before,1,5,5,6,6,0,0,3,0,0,0,1,1,1,0,0,0,0,0,128,33,0,0,0,0,0
out,428,1405841028,deliver,1,5,5,6,0,0,0,3,1,0,0,1,1,1,0,0,0,0,0,0,0,0,0,0,0,0
out,429,1405841028,ingress_after,1,5,5,6,6,0,0,3,1,0,0,1,1,1,0,0,0,0,0,128,33,0,0,0,0,0
out,430,1405841028,ingress_before,1,5,5,7,7,0,0,3,1,0,0,1,1,1,0,0,0,0,0,128,33,0,0,0,0,0
out,431,1405841028,deliver,1,5,5,7,0,0,0,3,1,0,0,1,1,1,0,0,0,0,0,0,0,0,0,0,0,0
out,432,1405841028,ingress_after,1,5,5,7,7,0,0,3,1,0,0,1,1,1,0,0,0,0,0,128,33,0,0,0,0,0
out,433,1425042028,ingress_before,5,1,0,0,5,31,0,1,1,0,1,0,9,1,2,2,1,2,21,128,33,24,26,10,16,0
out,434,1425042028,ingress_after,5,1,0,0,5,31,0,1,1,0,1,0,9,1,2,2,1,2,21,128,33,24,26,10,16,0
out,435,1430000028,tx_start,5,4,0,0,10,1023,0,3,1,0,0,9,1,9,2,0,0,2,21,128,33,24,26,10,16,0
out,436,1441961028,tx_start,1,5,0,0,7,127,0,3,1,0,0,1,1,1,0,0,0,0,0,128,33,0,0,0,0,0
out,437,1452081028,ingress_before,4,5,0,0,10,1023,0,1,0,4,1,5,7,3,4,4,3,4,21,128,33,7,11,11,0,0
out,438,1452081028,ingress_after,4,5,0,0,10,1023,0,1,0,4,1,5,7,3,4,4,3,4,21,128,33,7,11,11,0,0
out,439,1464042028,ingress_before,5,1,0,0,7,127,0,1,1,0,1,8,1,9,2,2,1,2,21,128,33,24,26,10,16,0
out,440,1464042028,release,5,1,5,0,0,0,0,1,1,0,1,8,1,9,1,1,2,2,21,0,0,24,25,10,15,0
out,441,1464042028,release,5,1,5,0,0,0,0,1,1,0,1,8,1,9,0,0,2,1,21,0,0,24,24,10,14,0
out,442,1464042028,ingress_after,5,1,0,0,7,127,0,1,1,0,1,8,1,9,0,0,2,0,21,128,33,24,24,10,14,0
out,443,1480961028,tx_start,1,5,0,0,7,127,0,3,1,0,0,1,1,1,0,0,0,0,0,128,33,0,0,0,0,0
out,444,1503042028,ingress_before,5,1,0,0,7,127,0,1,1,3,1,5,1,9,3,3,2,3,21,128,33,21,24,10,14,0
out,445,1503042028,ingress_after,5,1,0,0,7,127,0,1,1,3,1,5,1,9,3,3,2,3,21,128,33,21,24,10,14,0
out,446,1519961028,tx_start,1,5,0,0,7,127,0,3,1,0,0,1,1,1,0,0,0,0,0,128,33,0,0,0,0,0
out,447,1521000028,tx_start,4,5,4,11,11,0,0,3,0,4,0,4,7,4,4,4,3,4,21,128,33,7,11,11,0,0
out,448,1521000028,tx_start,4,5,4,12,12,0,0,3,0,4,0,4,7,4,4,4,3,4,21,128,33,7,11,11,0,0
out,449,1521000028,tx_start,4,5,4,13,13,0,0,3,0,4,0,4,7,4,4,4,3,4,21,128,33,7,11,11,0,0
out,450,1521000028,tx_start,4,5,4,14,14,0,0,3,0,4,0,4,7,4,4,4,3,4,21,128,33,7,11,11,0,0
out,451,1542042028,ingress_before,5,1,0,0,7,127,0,1,1,3,1,2,1,9,3,3,2,3,21,128,33,21,24,10,14,0
out,452,1542042028,ingress_after,5,1,0,0,7,127,0,1,1,3,1,2,1,9,3,3,2,3,21,128,33,21,24,10,14,0
out,453,1552141028,ingress_before,5,4,4,11,11,0,0,1,1,3,1,1,1,9,3,0,0,3,21,128,33,21,24,10,14,0
out,454,1552141028,ingress_after,5,4,4,11,11,0,0,1,1,3,1,1,1,9,3,0,0,3,21,128,33,22,25,11,14,0
out,455,1552141028,ingress_before,5,4,4,12,12,0,0,1,1,3,1,1,1,9,3,0,0,3,21,128,33,22,25,11,14,0
out,456,1552141028,ingress_after,5,4,4,12,12,0,0,1,1,3,1,1,1,9,3,0,0,3,21,128,33,23,26,12,14,0
out,457,1552141028,ingress_before,5,4,4,13,13,0,0,1,1,3,1,1,1,9,3,0,0,3,21,128,33,23,26,12,14,0
out,458,1552141028,ingress_after,5,4,4,13,13,0,0,1,1,3,1,1,1,9,3,0,0,3,21,128,33,24,27,13,14,0
out,459,1552141028,ingress_before,5,4,4,14,14,0,0,1,1,3,1,1,1,9,3,0,0,3,21,128,33,24,27,13,14,0
out,460,1552141028,ingress_after,5,4,4,14,14,0,0,1,1,3,1,1,1,9,3,0,0,3,21,128,33,25,28,14,14,0
out,461,1558961028,tx_start,1,5,0,0,7,127,0,3,1,0,0,1,1,1,0,0,0,0,0,128,33,0,0,0,0,0
out,462,1573000028,tx_start,5,4,0,0,14,16383,0,3,1,3,0,1,9,1,3,0,0,3,21,128,33,25,28,14,14,0
out,463,1573000028,tx_start,5,1,5,8,8,0,0,3,1,3,0,1,9,1,3,3,2,3,21,128,33,25,28,14,14,0
out,464,1573000028,tx_start,5,1,5,9,9,0,0,3,1,3,0,1,9,1,3,3,2,3,21,128,33,25,28,14,14,0
out,465,1573000028,tx_start,5,1,5,10,10,0,0,3,1,3,0,1,9,1,3,3,2,3,21,128,33,25,28,14,14,0
out,466,1581042028,ingress_before,5,1,0,0,7,127,0,3,1,0,0,1,9,1,3,3,2,3,21,128,33,25,28,14,14,0
out,467,1581042028,ingress_after,5,1,0,0,7,127,0,3,1,0,0,1,9,1,3,3,2,3,21,128,33,25,28,14,14,0
out,468,1597961028,tx_start,1,5,0,0,7,127,0,3,1,0,0,1,1,1,0,0,0,0,0,128,33,0,0,0,0,0
out,469,1603721028,ingress_before,4,5,0,0,14,16383,0,1,0,0,0,0,7,4,4,4,3,4,21,128,33,7,11,11,0,0
out,470,1603721028,release,4,5,4,0,0,0,0,1,0,0,0,0,7,4,3,3,3,4,21,0,0,7,10,10,0,0
out,471,1603721028,release,4,5,4,0,0,0,0,1,0,0,0,0,7,4,2,2,4,3,21,0,0,7,9,9,0,0
out,472,1603721028,release,4,5,4,0,0,0,0,1,0,0,0,0,7,4,1,1,4,2,21,0,0,7,8,8,0,0
out,473,1603721028,release,4,5,4,0,0,0,0,1,0,0,0,0,7,4,0,0,4,1,21,0,0,7,7,7,0,0
out,474,1603721028,ingress_after,4,5,0,0,14,16383,0,1,0,0,0,0,7,4,0,0,4,0,21,128,33,7,7,7,0,0
out,475,1603721028,ingress_before,1,5,5,8,8,0,0,3,0,0,0,1,1,1,0,0,0,0,0,128,33,0,0,0,0,0
out,476,1603721028,deliver,1,5,5,8,0,0,0,3,1,0,0,1,1,1,0,0,0,0,0,0,0,0,0,0,0,0
out,477,1603721028,ingress_after,1,5,5,8,8,0,0,3,1,0,0,1,1,1,0,0,0,0,0,128,33,0,0,0,0,0
out,478,1603721028,ingress_before,1,5,5,9,9,0,0,3,1,0,0,1,1,1,0,0,0,0,0,128,33,0,0,0,0,0
out,479,1603721028,deliver,1,5,5,9,0,0,0,3,1,0,0,1,1,1,0,0,0,0,0,0,0,0,0,0,0,0
out,480,1603721028,ingress_after,1,5,5,9,9,0,0,3,1,0,0,1,1,1,0,0,0,0,0,128,33,0,0,0,0,0
out,481,1603721028,ingress_before,1,5,5,10,10,0,0,3,1,0,0,1,1,1,0,0,0,0,0,128,33,0,0,0,0,0
out,482,1603721028,deliver,1,5,5,10,0,0,0,3,1,0,0,1,1,1,0,0,0,0,0,0,0,0,0,0,0,0
out,483,1603721028,ingress_after,1,5,5,10,10,0,0,3,1,0,0,1,1,1,0,0,0,0,0,128,33,0,0,0,0,0
out,484,1620042028,ingress_before,5,1,0,0,7,127,0,1,1,0,1,0,9,1,3,3,2,3,21,128,33,25,28,14,14,0
out,485,1620042028,ingress_after,5,1,0,0,7,127,0,1,1,0,1,0,9,1,3,3,2,3,21,128,33,25,28,14,14,0
out,486,1625000028,tx_start,5,4,0,0,14,16383,0,3,1,0,0,9,1,9,3,0,0,3,21,128,33,25,28,14,14,0
out,487,1636961028,tx_start,1,5,0,0,10,1023,0,3,1,0,0,1,1,1,0,0,0,0,0,128,33,0,0,0,0,0
out,488,1647081028,ingress_before,4,5,0,0,14,16383,0,1,0,5,1,5,7,4,5,5,4,5,21,128,33,2,7,7,0,0
out,489,1647081028,ingress_after,4,5,0,0,14,16383,0,1,0,5,1,5,7,4,5,5,4,5,21,128,33,2,7,7,0,0
out,490,1659042028,ingress_before,5,1,0,0,10,1023,0,1,1,0,1,8,1,9,3,3,2,3,21,128,33,25,28,14,14,0
out,491,1659042028,release,5,1,5,0,0,0,0,1,1,0,1,8,1,9,2,2,2,3,21,0,0,25,27,14,13,0
out,492,1659042028,release,5,1,5,0,0,0,0,1,1,0,1,8,1,9,1,1,3,2,21,0,0,25,26,14,12,0
out,493,1659042028,release,5,1,5,0,0,0,0,1,1,0,1,8,1,9,0,0,3,1,21,0,0,25,25,14,11,0
out,494,1659042028,ingress_after,5,1,0,0,10,1023,0,1,1,0,1,8,1,9,0,0,3,0,21,128,33,25,25,14,11,0
out,495,1675961028,tx_start,1,5,0,0,10,1023,0,3,1,0,0,1,1,1,0,0,0,0,0,128,33,0,0,0,0,0
out,496,1698042028,ingress_before,5,1,0,0,10,1023,0,1,1,4,1,5,1,9,4,4,3,4,21,128,33,21,25,14,11,0
out,497,1698042028,ingress_after,5,1,0,0,10,1023,0,1,1,4,1,5,1,9,4,4,3,4,21,128,33,21,25,14,11,0
out,498,1714961028,tx_start,1,5,0,0,10,1023,0,3,1,0,0,1,1,1,0,0,0,0,0,128,33,0,0,0,0,0
out,499,1716000028,tx_start,4,5,4,15,15,0,0,3,0,5,0,4,7,4,5,5,4,5,21,128,33,2,7,7,0,0
out,500,1716000028,tx_start,4,5,4,16,16,0,0,3,0,5,0,4,7,4,5,5,4,5,21,128,33,2,7,7,0,0
out,501,1716000028,tx_start,4,5,4,17,17,0,0,3,0,5,0,4,7,4,5,5,4,5,21,128,33,2,7,7,0,0
out,502,1716000028,tx_start,4,5,4,18,18,0,0,3,0,5,0,4,7,4,5,5,4,5,21,128,33,2,7,7,0,0
out,503,1716000028,tx_start,4,5,4,19,19,0,0,3,0,5,0,4,7,4,5,5,4,5,21,128,33,2,7,7,0,0
out,504,1737042028,ingress_before,5,1,0,0,10,1023,0,1,1,4,1,2,1,9,4,4,3,4,21,128,33,21,25,14,11,0
out,505,1737042028,ingress_after,5,1,0,0,10,1023,0,1,1,4,1,2,1,9,4,4,3,4,21,128,33,21,25,14,11,0
out,506,1750021028,ingress_before,5,4,4,15,15,0,0,1,1,4,1,1,1,9,4,0,0,4,21,128,33,21,25,14,11,0
out,507,1750021028,ingress_after,5,4,4,15,15,0,0,1,1,4,1,1,1,9,4,0,0,4,21,128,33,22,26,15,11,0
out,508,1750021028,ingress_before,5,4,4,16,16,0,0,1,1,4,1,1,1,9,4,0,0,4,21,128,33,22,26,15,11,0
out,509,1750021028,ingress_after,5,4,4,16,16,0,0,1,1,4,1,1,1,9,4,0,0,4,21,128,33,23,27,16,11,0
out,510,1750021028,ingress_before,5,4,4,17,17,0,0,1,1,4,1,1,1,9,4,0,0,4,21,128,33,23,27,16,11,0
out,511,1750021028,ingress_after,5,4,4,17,17,0,0,1,1,4,1,1,1,9,4,0,0,4,21,128,33,24,28,17,11,0
out,512,1750021028,ingress_before,5,4,4,18,18,0,0,1,1,4,1,1,1,9,4,0,0,4,21,128,33,24,28,17,11,0
out,513,1750021028,ingress_after,5,4,4,18,18,0,0,1,1,4,1,1,1,9,4,0,0,4,21,128,33,25,29,18,11,0
out,514,1750021028,ingress_before,5,4,4,19,19,0,0,1,1,4,1,1,1,9,4,0,0,4,21,128,33,25,29,18,11,0
out,515,1750021028,ingress_after,5,4,4,19,19,0,0,1,1,4,1,1,1,9,4,0,0,4,21,128,33,26,30,19,11,0
out,516,1753961028,tx_start,1,5,0,0,10,1023,0,3,1,0,0,1,1,1,0,0,0,0,0,128,33,0,0,0,0,0
out,517,1768000028,tx_start,5,4,0,0,19,524280,7,3,1,4,0,1,9,1,4,0,0,4,21,128,33,26,30,19,11,0
out,518,1768000028,tx_start,5,1,5,11,11,0,0,3,1,4,0,1,9,1,4,4,3,4,21,128,33,26,30,19,11,0
out,519,1768000028,tx_start,5,1,5,12,12,0,0,3,1,4,0,1,9,1,4,4,3,4,21,128,33,26,30,19,11,0
out,520,1768000028,tx_start,5,1,5,13,13,0,0,3,1,4,0,1,9,1,4,4,3,4,21,128,33,26,30,19,11,0
out,521,1768000028,tx_start,5,1,5,14,14,0,0,3,1,4,0,1,9,1,4,4,3,4,21,128,33,26,30,19,11,0
out,522,1776042028,ingress_before,5,1,0,0,10,1023,0,3,1,0,0,1,9,1,4,4,3,4,21,128,33,26,30,19,11,0
out,523,1776042028,ingress_after,5,1,0,0,10,1023,0,3,1,0,0,1,9,1,4,4,3,4,21,128,33,26,30,19,11,0
out,524,1792961028,tx_start,1,5,0,0,10,1023,0,3,1,0,0,1,1,1,0,0,0,0,0,128,33,0,0,0,0,0
out,525,1801601028,ingress_before,4,5,0,0,19,524280,7,1,0,0,0,0,7,4,5,5,4,5,21,128,33,2,7,7,0,0
out,526,1801601028,release,4,5,4,0,0,0,0,1,0,0,0,0,7,4,5,5,4,5,21,0,0,2,6,6,0,0
out,527,1801601028,release,4,5,4,0,0,0,0,1,0,0,0,0,7,4,5,5,4,4,21,0,0,2,5,5,0,1
out,528,1801601028,release,4,5,4,0,0,0,0,1,0,0,0,0,7,4,5,5,4,3,21,0,0,2,4,4,0,2
out,529,1801601028,release,4,5,4,0,0,0,0,1,0,0,0,0,7,4,4,4,4,2,21,0,0,2,3,3,0,3
out,530,1801601028,release,4,5,4,0,0,0,0,1,0,0,0,0,7,4,3,3,4,1,21,0,0,2,2,2,0,3
out,531,1801601028,ingress_after,4,5,0,0,19,524280,7,1,0,0,0,0,7,4,3,3,4,0,21,128,33,2,2,2,0,3
out,532,1801601028,ingress_before,1,5,5,11,11,0,0,3,0,0,0,1,1,1,0,0,0,0,0,128,33,0,0,0,0,0
out,533,1801601028,deliver,1,5,5,11,0,0,0,3,1,0,0,1,1,1,0,0,0,0,0,0,0,0,0,0,0,0
out,534,1801601028,ingress_after,1,5,5,11,11,0,0,3,1,0,0,1,1,1,0,0,0,0,0,128,33,0,0,0,0,0
out,535,1801601028,ingress_before,1,5,5,12,12,0,0,3,1,0,0,1,1,1,0,0,0,0,0,128,33,0,0,0,0,0
out,536,1801601028,deliver,1,5,5,12,0,0,0,3,1,0,0,1,1,1,0,0,0,0,0,0,0,0,0,0,0,0
out,537,1801601028,ingress_after,1,5,5,12,12,0,0,3,1,0,0,1,1,1,0,0,0,0,0,128,33,0,0,0,0,0
out,538,1801601028,ingress_before,1,5,5,13,13,0,0,3,1,0,0,1,1,1,0,0,0,0,0,128,33,0,0,0,0,0
out,539,1801601028,deliver,1,5,5,13,0,0,0,3,1,0,0,1,1,1,0,0,0,0,0,0,0,0,0,0,0,0
out,540,1801601028,ingress_after,1,5,5,13,13,0,0,3,1,0,0,1,1,1,0,0,0,0,0,128,33,0,0,0,0,0
out,541,1801601028,ingress_before,1,5,5,14,14,0,0,3,1,0,0,1,1,1,0,0,0,0,0,128,33,0,0,0,0,0
out,542,1801601028,deliver,1,5,5,14,0,0,0,3,1,0,0,1,1,1,0,0,0,0,0,0,0,0,0,0,0,0
out,543,1801601028,ingress_after,1,5,5,14,14,0,0,3,1,0,0,1,1,1,0,0,0,0,0,128,33,0,0,0,0,0
out,544,1815042028,ingress_before,5,1,0,0,10,1023,0,1,1,0,1,0,9,1,4,4,3,4,21,128,33,26,30,19,11,0
out,545,1815042028,ingress_after,5,1,0,0,10,1023,0,1,1,0,1,0,9,1,4,4,3,4,21,128,33,26,30,19,11,0
out,546,1820000028,tx_start,5,4,0,0,19,524280,7,3,1,0,0,9,1,9,4,0,0,4,21,128,33,26,30,19,11,0
out,547,1831961028,tx_start,1,5,0,0,14,16383,0,3,1,0,0,1,1,1,0,0,0,0,0,128,33,0,0,0,0,0
out,548,1842081028,ingress_before,4,5,0,0,19,524280,7,1,0,2,1,5,7,4,5,5,4,2,21,128,33,0,2,2,0,3
out,549,1842081028,ingress_after,4,5,0,0,19,524280,7,1,0,2,1,5,7,4,5,5,4,2,21,128,33,0,2,2,0,3
out,550,1854042028,ingress_before,5,1,0,0,14,16383,0,1,1,0,1,8,1,9,4,4,3,4,21,128,33,26,30,19,11,0
out,551,1854042028,release,5,1,5,0,0,0,0,1,1,0,1,8,1,9,3,3,3,4,21,0,0,26,29,19,10,0
out,552,1854042028,release,5,1,5,0,0,0,0,1,1,0,1,8,1,9,2,2,4,3,21,0,0,26,28,19,9,0
out,553,1854042028,release,5,1,5,0,0,0,0,1,1,0,1,8,1,9,1,1,4,2,21,0,0,26,27,19,8,0
out,554,1854042028,release,5,1,5,0,0,0,0,1,1,0,1,8,1,9,0,0,4,1,21,0,0,26,26,19,7,0
out,555,1854042028,ingress_after,5,1,0,0,14,16383,0,1,1,0,1,8,1,9,0,0,4,0,21,128,33,26,26,19,7,0
out,556,1870961028,tx_start,1,5,0,0,14,16383,0,3,1,0,0,1,1,1,0,0,0,0,0,128,33,0,0,0,0,0
out,557,1893042028,ingress_before,5,1,0,0,14,16383,0,1,1,5,1,5,1,9,5,5,4,5,21,128,33,21,26,19,7,0
out,558,1893042028,ingress_after,5,1,0,0,14,16383,0,1,1,5,1,5,1,9,5,5,4,5,21,128,33,21,26,19,7,0
out,559,1909961028,tx_start,1,5,0,0,14,16383,0,3,1,0,0,1,1,1,0,0,0,0,0,128,33,0,0,0,0,0
out,560,1911000028,tx_start,4,5,4,20,20,0,0,3,0,2,0,4,7,4,5,5,4,2,21,128,33,0,2,2,0,3
out,561,1911000028,tx_start,4,5,4,21,21,0,0,3,0,2,0,4,7,4,5,5,4,2,21,128,33,0,2,2,0,3
out,562,1932042028,ingress_before,5,1,0,0,14,16383,0,1,1,5,1,2,1,9,5,5,4,5,21,128,33,21,26,19,7,0
out,563,1932042028,ingress_after,5,1,0,0,14,16383,0,1,1,5,1,2,1,9,5,5,4,5,21,128,33,21,26,19,7,0
out,564,1936381028,ingress_before,5,4,4,20,20,0,0,1,1,5,1,2,1,9,5,0,0,5,21,128,33,21,26,19,7,0
out,565,1936381028,ingress_after,5,4,4,20,20,0,0,1,1,5,1,2,1,9,5,0,0,5,21,128,33,22,27,20,7,0
out,566,1936381028,ingress_before,5,4,4,21,21,0,0,1,1,5,1,2,1,9,5,0,0,5,21,128,33,22,27,20,7,0
out,567,1936381028,ingress_after,5,4,4,21,21,0,0,1,1,5,1,2,1,9,5,0,0,5,21,128,33,23,28,21,7,0
out,568,1948961028,tx_start,1,5,0,0,14,16383,0,3,1,0,0,1,1,1,0,0,0,0,0,128,33,0,0,0,0,0
out,569,1963000028,tx_start,5,4,0,0,21,2097120,31,3,1,5,0,2,9,2,5,0,0,5,21,128,33,23,28,21,7,0
out,570,1963000028,tx_start,5,1,5,15,15,0,0,3,1,5,0,2,9,2,5,5,4,5,21,128,33,23,28,21,7,0
out,571,1963000028,tx_start,5,1,5,16,16,0,0,3,1,5,0,2,9,2,5,5,4,5,21,128,33,23,28,21,7,0
out,572,1963000028,tx_start,5,1,4,1,17,0,0,3,1,5,0,2,9,2,5,5,4,5,21,128,33,23,28,21,7,0
out,573,1963000028,tx_start,5,1,4,2,18,0,0,3,1,5,0,2,9,2,5,5,4,5,21,128,33,23,28,21,7,0
out,574,1963000028,tx_start,5,1,4,3,19,0,0,3,1,5,0,2,9,2,5,5,4,5,21,128,33,23,28,21,7,0
out,575,1971042028,ingress_before,5,1,0,0,14,16383,0,3,1,0,0,2,9,2,5,5,4,5,21,128,33,23,28,21,7,0
out,576,1971042028,ingress_after,5,1,0,0,14,16383,0,3,1,0,0,2,9,2,5,5,4,5,21,128,33,23,28,21,7,0
out,577,1987961028,tx_start,1,5,0,0,14,16383,0,3,1,0,0,1,1,1,0,0,0,0,0,128,33,0,0,0,0,0
out,578,1999481028,ingress_before,4,5,0,0,21,2097120,31,1,0,0,0,-1,7,4,5,5,4,2,21,128,33,0,2,2,0,3
out,579,1999481028,release,4,5,4,0,0,0,0,1,0,0,0,-1,7,4,5,5,4,2,21,0,0,0,1,1,0,3
out,580,1999481028,release,4,5,4,0,0,0,0,1,0,0,0,-1,7,4,5,5,4,1,21,0,0,0,0,0,0,4
out,581,1999481028,ingress_after,4,5,0,0,21,2097120,31,1,0,0,0,-1,7,4,5,5,4,0,21,128,33,0,0,0,0,5
out,582,1999481028,ingress_before,1,5,5,15,15,0,0,3,0,0,0,1,1,1,0,0,0,0,0,128,33,0,0,0,0,0
out,583,1999481028,deliver,1,5,5,15,0,0,0,3,1,0,0,1,1,1,0,0,0,0,0,0,0,0,0,0,0,0
out,584,1999481028,ingress_after,1,5,5,15,15,0,0,3,1,0,0,1,1,1,0,0,0,0,0,128,33,0,0,0,0,0
out,585,1999481028,ingress_before,1,5,5,16,16,0,0,3,1,0,0,1,1,1,0,0,0,0,0,128,33,0,0,0,0,0
out,586,1999481028,deliver,1,5,5,16,0,0,0,3,1,0,0,1,1,1,0,0,0,0,0,0,0,0,0,0,0,0
out,587,1999481028,ingress_after,1,5,5,16,16,0,0,3,1,0,0,1,1,1,0,0,0,0,0,128,33,0,0,0,0,0
out,588,1999481028,ingress_before,1,5,4,1,17,0,0,3,1,0,0,1,1,1,0,0,0,0,0,128,33,0,0,0,0,0
out,589,1999481028,deliver,1,5,4,1,0,0,0,3,1,0,0,1,1,1,0,0,0,0,0,0,0,0,0,0,0,0
out,590,1999481028,ingress_after,1,5,4,1,17,0,0,3,1,0,0,1,1,1,0,0,0,0,0,128,33,0,0,0,0,0
out,591,1999481028,ingress_before,1,5,4,2,18,0,0,3,1,0,0,1,1,1,0,0,0,0,0,128,33,0,0,0,0,0
out,592,1999481028,deliver,1,5,4,2,0,0,0,3,1,0,0,1,1,1,0,0,0,0,0,0,0,0,0,0,0,0
out,593,1999481028,ingress_after,1,5,4,2,18,0,0,3,1,0,0,1,1,1,0,0,0,0,0,128,33,0,0,0,0,0
out,594,1999481028,ingress_before,1,5,4,3,19,0,0,3,1,0,0,1,1,1,0,0,0,0,0,128,33,0,0,0,0,0
out,595,1999481028,deliver,1,5,4,3,0,0,0,3,1,0,0,1,1,1,0,0,0,0,0,0,0,0,0,0,0,0
out,596,1999481028,ingress_after,1,5,4,3,19,0,0,3,1,0,0,1,1,1,0,0,0,0,0,128,33,0,0,0,0,0
out,597,2000000000,generate,4,5,4,22,0,0,0,1,0,0,0,-1,7,4,5,5,4,0,21,0,0,0,0,0,0,5
out,598,2000000000,generate,5,1,5,22,0,0,0,1,1,0,1,2,9,2,5,5,4,5,21,0,0,23,28,21,7,0
out,599,2000000000,offer,4,5,4,22,0,0,0,1,0,0,0,-1,7,4,5,5,4,0,21,0,0,0,0,0,0,5
out,600,2000000000,admit,4,5,4,22,0,0,0,1,0,0,0,-1,7,4,5,5,4,0,22,0,0,1,1,1,0,5
out,601,2000000000,offer,5,1,5,22,0,0,0,1,1,0,1,2,9,2,5,5,4,5,21,0,0,23,28,21,7,0
out,602,2000000000,admit,5,1,5,22,0,0,0,1,1,0,1,2,9,2,5,5,4,5,22,0,0,24,29,21,8,0
out,603,2010042028,ingress_before,5,1,0,0,14,16383,0,1,1,0,1,1,9,2,5,5,4,5,22,128,33,24,29,21,8,0
out,604,2010042028,ingress_after,5,1,0,0,14,16383,0,1,1,0,1,1,9,2,5,5,4,5,22,128,33,24,29,21,8,0
out,605,2026961028,tx_start,1,5,0,0,19,524287,0,3,1,0,0,1,1,1,0,0,0,0,0,128,33,0,0,0,0,0
out,606,2028000028,tx_start,5,4,0,0,21,2097120,31,3,1,0,0,9,2,9,5,0,0,5,22,128,33,24,29,21,8,0
out,607,2049042028,ingress_before,5,1,0,0,19,524287,0,3,1,0,0,9,2,9,5,5,4,5,22,128,33,24,29,21,8,0
out,608,2049042028,release,5,1,4,0,0,0,0,3,1,0,0,9,2,9,4,4,5,5,22,0,0,24,28,20,8,0
out,609,2049042028,release,5,1,4,0,0,0,0,3,1,0,0,9,2,9,3,3,5,4,22,0,0,24,27,19,8,0
out,610,2049042028,release,5,1,4,0,0,0,0,3,1,0,0,9,2,9,2,2,5,3,22,0,0,24,26,18,8,0
out,611,2049042028,release,5,1,5,0,0,0,0,3,1,0,0,9,2,9,1,1,6,2,22,0,0,24,25,18,7,0
out,612,2049042028,release,5,1,5,0,0,0,0,3,1,0,0,9,2,9,0,0,6,1,22,0,0,24,24,18,6,0
out,613,2049042028,ingress_after,5,1,0,0,19,524287,0,3,1,0,0,9,2,9,0,0,6,0,22,128,33,24,24,18,6,0
out,614,2050081028,ingress_before,4,5,0,0,21,2097120,31,1,0,0,0,-1,7,4,5,5,4,0,22,128,33,1,1,1,0,5
out,615,2050081028,ingress_after,4,5,0,0,21,2097120,31,1,0,0,0,-1,7,4,5,5,4,0,22,128,33,1,1,1,0,5
out,616,2065961028,tx_start,1,5,0,0,19,524287,0,3,1,0,0,1,1,1,0,0,0,0,0,128,33,0,0,0,0,0
out,617,2088042028,ingress_before,5,1,0,0,19,524287,0,1,1,7,1,6,2,9,7,7,6,7,22,128,33,17,24,18,6,0
out,618,2088042028,ingress_after,5,1,0,0,19,524287,0,1,1,7,1,6,2,9,7,7,6,7,22,128,33,17,24,18,6,0
out,619,2104961028,tx_start,1,5,0,0,19,524287,0,3,1,0,0,1,1,1,0,0,0,0,0,128,33,0,0,0,0,0
out,620,2127042028,ingress_before,5,1,0,0,19,524287,0,1,1,7,1,3,2,9,7,7,6,7,22,128,33,17,24,18,6,0
out,621,2127042028,ingress_after,5,1,0,0,19,524287,0,1,1,7,1,3,2,9,7,7,6,7,22,128,33,17,24,18,6,0
out,622,2143961028,tx_start,1,5,0,0,19,524287,0,3,1,0,0,1,1,1,0,0,0,0,0,128,33,0,0,0,0,0
out,623,2166042028,ingress_before,5,1,0,0,19,524287,0,1,1,7,1,0,2,9,7,7,6,7,22,128,33,17,24,18,6,0
out,624,2166042028,ingress_after,5,1,0,0,19,524287,0,1,1,7,1,0,2,9,7,7,6,7,22,128,33,17,24,18,6,0
out,625,2171000028,tx_start,5,4,0,0,21,2097120,31,3,1,7,0,1,9,1,7,0,0,7,22,128,33,17,24,18,6,0
out,626,2171000028,tx_start,5,1,5,17,20,0,0,3,1,7,0,1,9,1,7,7,6,7,22,128,33,17,24,18,6,0
out,627,2171000028,tx_start,5,1,5,18,21,0,0,3,1,7,0,1,9,1,7,7,6,7,22,128,33,17,24,18,6,0
out,628,2171000028,tx_start,5,1,4,4,22,0,0,3,1,7,0,1,9,1,7,7,6,7,22,128,33,17,24,18,6,0
out,629,2171000028,tx_start,5,1,4,5,23,0,0,3,1,7,0,1,9,1,7,7,6,7,22,128,33,17,24,18,6,0
out,630,2171000028,tx_start,5,1,5,19,24,0,0,3,1,7,0,1,9,1,7,7,6,7,22,128,33,17,24,18,6,0
out,631,2171000028,tx_start,5,1,4,6,25,0,0,3,1,7,0,1,9,1,7,7,6,7,22,128,33,17,24,18,6,0
out,632,2171000028,tx_start,5,1,4,7,26,0,0,3,1,7,0,1,9,1,7,7,6,7,22,128,33,17,24,18,6,0
out,633,2182961028,tx_start,1,5,0,0,19,524287,0,3,1,0,0,1,1,1,0,0,0,0,0,128,33,0,0,0,0,0
out,634,2205042028,ingress_before,5,1,0,0,19,524287,0,3,1,0,0,1,9,1,7,7,6,7,22,128,33,17,24,18,6,0
out,635,2205042028,ingress_after,5,1,0,0,19,524287,0,3,1,0,0,1,9,1,7,7,6,7,22,128,33,17,24,18,6,0
out,636,2213241028,ingress_before,4,5,0,0,21,2097120,31,1,0,0,0,-1,7,4,5,5,4,0,22,128,33,1,1,1,0,5
out,637,2213241028,ingress_after,4,5,0,0,21,2097120,31,1,0,0,0,-1,7,4,5,5,4,0,22,128,33,1,1,1,0,5
out,638,2213241028,ingress_before,1,5,5,17,20,0,0,1,0,0,0,0,1,1,0,0,0,0,0,128,33,0,0,0,0,0
out,639,2213241028,deliver,1,5,5,17,0,0,0,1,1,0,0,0,1,1,0,0,0,0,0,0,0,0,0,0,0,0
out,640,2213241028,ingress_after,1,5,5,17,20,0,0,1,1,0,0,0,1,1,0,0,0,0,0,128,33,0,0,0,0,0
out,641,2213241028,ingress_before,1,5,5,18,21,0,0,1,1,0,0,0,1,1,0,0,0,0,0,128,33,0,0,0,0,0
out,642,2213241028,deliver,1,5,5,18,0,0,0,1,1,0,0,0,1,1,0,0,0,0,0,0,0,0,0,0,0,0
out,643,2213241028,ingress_after,1,5,5,18,21,0,0,1,1,0,0,0,1,1,0,0,0,0,0,128,33,0,0,0,0,0
out,644,2213241028,ingress_before,1,5,4,4,22,0,0,1,1,0,0,0,1,1,0,0,0,0,0,128,33,0,0,0,0,0
out,645,2213241028,deliver,1,5,4,4,0,0,0,1,1,0,0,0,1,1,0,0,0,0,0,0,0,0,0,0,0,0
out,646,2213241028,ingress_after,1,5,4,4,22,0,0,1,1,0,0,0,1,1,0,0,0,0,0,128,33,0,0,0,0,0
out,647,2213241028,ingress_before,1,5,4,5,23,0,0,1,1,0,0,0,1,1,0,0,0,0,0,128,33,0,0,0,0,0
out,648,2213241028,deliver,1,5,4,5,0,0,0,1,1,0,0,0,1,1,0,0,0,0,0,0,0,0,0,0,0,0
out,649,2213241028,ingress_after,1,5,4,5,23,0,0,1,1,0,0,0,1,1,0,0,0,0,0,128,33,0,0,0,0,0
out,650,2213241028,ingress_before,1,5,5,19,24,0,0,1,1,0,0,0,1,1,0,0,0,0,0,128,33,0,0,0,0,0
out,651,2213241028,deliver,1,5,5,19,0,0,0,1,1,0,0,0,1,1,0,0,0,0,0,0,0,0,0,0,0,0
out,652,2213241028,ingress_after,1,5,5,19,24,0,0,1,1,0,0,0,1,1,0,0,0,0,0,128,33,0,0,0,0,0
out,653,2213241028,ingress_before,1,5,4,6,25,0,0,1,1,0,0,0,1,1,0,0,0,0,0,128,33,0,0,0,0,0
out,654,2213241028,deliver,1,5,4,6,0,0,0,1,1,0,0,0,1,1,0,0,0,0,0,0,0,0,0,0,0,0
out,655,2213241028,ingress_after,1,5,4,6,25,0,0,1,1,0,0,0,1,1,0,0,0,0,0,128,33,0,0,0,0,0
out,656,2213241028,ingress_before,1,5,4,7,26,0,0,1,1,0,0,0,1,1,0,0,0,0,0,128,33,0,0,0,0,0
out,657,2213241028,deliver,1,5,4,7,0,0,0,1,1,0,0,0,1,1,0,0,0,0,0,0,0,0,0,0,0,0
out,658,2213241028,ingress_after,1,5,4,7,26,0,0,1,1,0,0,0,1,1,0,0,0,0,0,128,33,0,0,0,0,0
out,659,2236000028,tx_start,5,4,0,0,21,2097120,31,3,1,0,0,9,1,9,7,0,0,7,22,128,33,17,24,18,6,0
out,660,2247961028,tx_start,1,5,0,0,26,67108863,0,3,1,0,0,1,1,1,0,0,0,0,0,128,33,0,0,0,0,0
out,661,2258081028,ingress_before,4,5,0,0,21,2097120,31,1,0,0,0,-1,7,4,5,5,4,0,22,128,33,1,1,1,0,5
out,662,2258081028,ingress_after,4,5,0,0,21,2097120,31,1,0,0,0,-1,7,4,5,5,4,0,22,128,33,1,1,1,0,5
out,663,2270042028,ingress_before,5,1,0,0,26,67108863,0,1,1,0,1,8,1,9,7,7,6,7,22,128,33,17,24,18,6,0
out,664,2270042028,release,5,1,4,0,0,0,0,1,1,0,1,8,1,9,6,6,6,7,22,0,0,17,23,17,6,0
out,665,2270042028,release,5,1,4,0,0,0,0,1,1,0,1,8,1,9,5,5,7,6,22,0,0,17,22,16,6,0
out,666,2270042028,release,5,1,5,0,0,0,0,1,1,0,1,8,1,9,4,4,7,5,22,0,0,17,21,16,5,0
out,667,2270042028,release,5,1,4,0,0,0,0,1,1,0,1,8,1,9,3,3,7,4,22,0,0,17,20,15,5,0
out,668,2270042028,release,5,1,4,0,0,0,0,1,1,0,1,8,1,9,2,2,8,3,22,0,0,17,19,14,5,0
out,669,2270042028,release,5,1,5,0,0,0,0,1,1,0,1,8,1,9,1,1,8,2,22,0,0,17,18,14,4,0
out,670,2270042028,release,5,1,5,0,0,0,0,1,1,0,1,8,1,9,0,0,8,1,22,0,0,17,17,14,3,0
out,671,2270042028,ingress_after,5,1,0,0,26,67108863,0,1,1,0,1,8,1,9,0,0,8,0,22,128,33,17,17,14,3,0
out,672,2286961028,tx_start,1,5,0,0,26,67108863,0,3,1,0,0,1,1,1,0,0,0,0,0,128,33,0,0,0,0,0
out,673,2309042028,ingress_before,5,1,0,0,26,67108863,0,1,1,9,1,5,1,9,9,9,8,9,22,128,33,8,17,14,3,0
out,674,2309042028,ingress_after,5,1,0,0,26,67108863,0,1,1,9,1,5,1,9,9,9,8,9,22,128,33,8,17,14,3,0
out,675,2325961028,tx_start,1,5,0,0,26,67108863,0,3,1,0,0,1,1,1,0,0,0,0,0,128,33,0,0,0,0,0
out,676,2348042028,ingress_before,5,1,0,0,26,67108863,0,1,1,9,1,2,1,9,9,9,8,9,22,128,33,8,17,14,3,0
out,677,2348042028,ingress_after,5,1,0,0,26,67108863,0,1,1,9,1,2,1,9,9,9,8,9,22,128,33,8,17,14,3,0
out,678,2364961028,tx_start,1,5,0,0,26,67108863,0,3,1,0,0,1,1,1,0,0,0,0,0,128,33,0,0,0,0,0
out,679,2379000028,tx_start,5,4,0,0,21,2097120,31,3,1,9,0,1,9,1,9,0,0,9,22,128,33,8,17,14,3,0
out,680,2379000028,tx_start,5,1,5,20,27,0,0,3,1,9,0,1,9,1,9,9,8,9,22,128,33,8,17,14,3,0
out,681,2379000028,tx_start,5,1,5,21,28,0,0,3,1,9,0,1,9,1,9,9,8,9,22,128,33,8,17,14,3,0
out,682,2379000028,tx_start,5,1,4,8,29,0,0,3,1,9,0,1,9,1,9,9,8,9,22,128,33,8,17,14,3,0
out,683,2379000028,tx_start,5,1,4,9,30,0,0,3,1,9,0,1,9,1,9,9,8,9,22,128,33,8,17,14,3,0
out,684,2379000028,tx_start,5,1,4,10,31,0,0,3,1,9,0,1,9,1,9,9,8,9,22,128,33,8,17,14,3,0
out,685,2379000028,tx_start,5,1,4,11,32,0,0,3,1,9,0,1,9,1,9,9,8,9,22,128,33,8,17,14,3,0
out,686,2379000028,tx_start,5,1,4,12,33,0,0,3,1,9,0,1,9,1,9,9,8,9,22,128,33,8,17,14,3,0
out,687,2379000028,tx_start,5,1,4,13,34,0,0,3,1,9,0,1,9,1,9,9,8,9,22,128,33,8,17,14,3,0
out,688,2379000028,tx_start,5,1,4,14,35,0,0,3,1,9,0,1,9,1,9,9,8,9,22,128,33,8,17,14,3,0
out,689,2387042028,ingress_before,5,1,0,0,26,67108863,0,3,0,0,0,1,9,1,9,9,8,9,22,128,33,8,17,14,3,0
out,690,2387042028,ingress_after,5,1,0,0,26,67108863,0,3,0,0,0,1,9,1,9,9,8,9,22,128,33,8,17,14,3,0
out,691,2403961028,tx_start,1,5,0,0,26,67108863,0,3,1,0,0,1,1,1,0,0,0,0,0,128,33,0,0,0,0,0
out,692,2426042028,ingress_before,5,1,0,0,26,67108863,0,3,0,0,0,1,9,1,9,9,8,9,22,128,33,8,17,14,3,0
out,693,2426042028,ingress_after,5,1,0,0,26,67108863,0,3,0,0,0,1,9,1,9,9,8,9,22,128,33,8,17,14,3,0
out,694,2427001028,ingress_before,4,5,0,0,21,2097120,31,1,0,0,0,-1,7,4,5,5,4,0,22,128,33,1,1,1,0,5
out,695,2427001028,ingress_after,4,5,0,0,21,2097120,31,1,0,0,0,-1,7,4,5,5,4,0,22,128,33,1,1,1,0,5
out,696,2427001028,ingress_before,1,5,5,20,27,0,0,1,0,0,0,1,1,1,0,0,0,0,0,128,33,0,0,0,0,0
out,697,2427001028,deliver,1,5,5,20,0,0,0,1,1,0,0,1,1,1,0,0,0,0,0,0,0,0,0,0,0,0
out,698,2427001028,ingress_after,1,5,5,20,27,0,0,1,1,0,0,1,1,1,0,0,0,0,0,128,33,0,0,0,0,0
out,699,2427001028,ingress_before,1,5,5,21,28,0,0,1,1,0,0,1,1,1,0,0,0,0,0,128,33,0,0,0,0,0
out,700,2427001028,deliver,1,5,5,21,0,0,0,1,1,0,0,1,1,1,0,0,0,0,0,0,0,0,0,0,0,0
out,701,2427001028,ingress_after,1,5,5,21,28,0,0,1,1,0,0,1,1,1,0,0,0,0,0,128,33,0,0,0,0,0
out,702,2427001028,ingress_before,1,5,4,8,29,0,0,1,1,0,0,1,1,1,0,0,0,0,0,128,33,0,0,0,0,0
out,703,2427001028,deliver,1,5,4,8,0,0,0,1,1,0,0,1,1,1,0,0,0,0,0,0,0,0,0,0,0,0
out,704,2427001028,ingress_after,1,5,4,8,29,0,0,1,1,0,0,1,1,1,0,0,0,0,0,128,33,0,0,0,0,0
out,705,2427001028,ingress_before,1,5,4,9,30,0,0,1,1,0,0,1,1,1,0,0,0,0,0,128,33,0,0,0,0,0
out,706,2427001028,deliver,1,5,4,9,0,0,0,1,1,0,0,1,1,1,0,0,0,0,0,0,0,0,0,0,0,0
out,707,2427001028,ingress_after,1,5,4,9,30,0,0,1,1,0,0,1,1,1,0,0,0,0,0,128,33,0,0,0,0,0
out,708,2427001028,ingress_before,1,5,4,10,31,0,0,1,1,0,0,1,1,1,0,0,0,0,0,128,33,0,0,0,0,0
out,709,2427001028,deliver,1,5,4,10,0,0,0,1,1,0,0,1,1,1,0,0,0,0,0,0,0,0,0,0,0,0
out,710,2427001028,ingress_after,1,5,4,10,31,0,0,1,1,0,0,1,1,1,0,0,0,0,0,128,33,0,0,0,0,0
out,711,2427001028,ingress_before,1,5,4,11,32,0,0,1,1,0,0,1,1,1,0,0,0,0,0,128,33,0,0,0,0,0
out,712,2427001028,deliver,1,5,4,11,0,0,0,1,1,0,0,1,1,1,0,0,0,0,0,0,0,0,0,0,0,0
out,713,2427001028,ingress_after,1,5,4,11,32,0,0,1,1,0,0,1,1,1,0,0,0,0,0,128,33,0,0,0,0,0
out,714,2427001028,ingress_before,1,5,4,12,33,0,0,1,1,0,0,1,1,1,0,0,0,0,0,128,33,0,0,0,0,0
out,715,2427001028,deliver,1,5,4,12,0,0,0,1,1,0,0,1,1,1,0,0,0,0,0,0,0,0,0,0,0,0
out,716,2427001028,ingress_after,1,5,4,12,33,0,0,1,1,0,0,1,1,1,0,0,0,0,0,128,33,0,0,0,0,0
out,717,2427001028,ingress_before,1,5,4,13,34,0,0,1,1,0,0,1,1,1,0,0,0,0,0,128,33,0,0,0,0,0
out,718,2427001028,deliver,1,5,4,13,0,0,0,1,1,0,0,1,1,1,0,0,0,0,0,0,0,0,0,0,0,0
out,719,2427001028,ingress_after,1,5,4,13,34,0,0,1,1,0,0,1,1,1,0,0,0,0,0,128,33,0,0,0,0,0
out,720,2427001028,ingress_before,1,5,4,14,35,0,0,1,1,0,0,1,1,1,0,0,0,0,0,128,33,0,0,0,0,0
out,721,2427001028,deliver,1,5,4,14,0,0,0,1,1,0,0,1,1,1,0,0,0,0,0,0,0,0,0,0,0,0
out,722,2427001028,ingress_after,1,5,4,14,35,0,0,1,1,0,0,1,1,1,0,0,0,0,0,128,33,0,0,0,0,0
out,723,2442961028,tx_start,1,5,0,0,35,34359738367,0,3,1,0,0,1,1,1,0,0,0,0,0,128,33,0,0,0,0,0
out,724,2465042028,ingress_before,5,1,0,0,35,34359738367,0,1,0,0,0,-1,9,1,9,9,8,9,22,128,33,8,17,14,3,0
out,725,2465042028,release,5,1,4,0,0,0,0,1,0,0,0,-1,9,1,8,8,9,9,22,0,0,8,16,13,3,0
out,726,2465042028,release,5,1,4,0,0,0,0,1,0,0,0,-1,9,1,7,7,9,8,22,0,0,8,15,12,3,0
out,727,2465042028,release,5,1,4,0,0,0,0,1,0,0,0,-1,9,1,6,6,9,7,22,0,0,8,14,11,3,0
out,728,2465042028,release,5,1,4,0,0,0,0,1,0,0,0,-1,9,1,5,5,10,6,22,0,0,8,13,10,3,0
out,729,2465042028,release,5,1,4,0,0,0,0,1,0,0,0,-1,9,1,4,4,10,5,22,0,0,8,12,9,3,0
out,730,2465042028,release,5,1,4,0,0,0,0,1,0,0,0,-1,9,1,3,3,10,4,22,0,0,8,11,8,3,0
out,731,2465042028,release,5,1,4,0,0,0,0,1,0,0,0,-1,9,1,2,2,11,3,22,0,0,8,10,7,3,0
out,732,2465042028,release,5,1,5,0,0,0,0,1,0,0,0,-1,9,1,1,1,11,2,22,0,0,8,9,7,2,0
out,733,2465042028,release,5,1,5,0,0,0,0,1,0,0,0,-1,9,1,0,0,11,1,22,0,0,8,8,7,1,0
out,734,2465042028,ingress_after,5,1,0,0,35,34359738367,0,1,0,0,0,-1,9,1,0,0,11,0,22,128,33,8,8,7,1,0
out,735,2481961028,tx_start,1,5,0,0,35,34359738367,0,3,1,0,0,1,1,1,0,0,0,0,0,128,33,0,0,0,0,0
out,736,2504042028,ingress_before,5,1,0,0,35,34359738367,0,1,0,8,1,7,9,1,8,8,11,8,22,128,33,0,8,7,1,0
out,737,2504042028,ingress_after,5,1,0,0,35,34359738367,0,1,0,8,1,7,9,1,8,8,11,8,22,128,33,0,8,7,1,0
out,738,2520961028,tx_start,1,5,0,0,35,34359738367,0,3,1,0,0,1,1,1,0,0,0,0,0,128,33,0,0,0,0,0
out,739,2543042028,ingress_before,5,1,0,0,35,34359738367,0,1,0,8,1,4,9,1,8,8,11,8,22,128,33,0,8,7,1,0
out,740,2543042028,ingress_after,5,1,0,0,35,34359738367,0,1,0,8,1,4,9,1,8,8,11,8,22,128,33,0,8,7,1,0
out,741,2559961028,tx_start,1,5,0,0,35,34359738367,0,3,1,0,0,1,1,1,0,0,0,0,0,128,33,0,0,0,0,0
out,742,2582042028,ingress_before,5,1,0,0,35,34359738367,0,1,0,8,1,1,9,1,8,8,11,8,22,128,33,0,8,7,1,0
out,743,2582042028,ingress_after,5,1,0,0,35,34359738367,0,1,0,8,1,1,9,1,8,8,11,8,22,128,33,0,8,7,1,0
out,744,2598961028,tx_start,1,5,0,0,35,34359738367,0,3,1,0,0,1,1,1,0,0,0,0,0,128,33,0,0,0,0,0
out,745,2600000028,tx_start,5,1,4,15,36,0,0,3,0,8,0,1,9,1,8,8,11,8,22,128,33,0,8,7,1,0
out,746,2600000028,tx_start,5,1,4,16,37,0,0,3,0,8,0,1,9,1,8,8,11,8,22,128,33,0,8,7,1,0
out,747,2600000028,tx_start,5,1,4,17,38,0,0,3,0,8,0,1,9,1,8,8,11,8,22,128,33,0,8,7,1,0
out,748,2600000028,tx_start,5,1,4,18,39,0,0,3,0,8,0,1,9,1,8,8,11,8,22,128,33,0,8,7,1,0
out,749,2600000028,tx_start,5,1,4,19,40,0,0,3,0,8,0,1,9,1,8,8,11,8,22,128,33,0,8,7,1,0
out,750,2600000028,tx_start,5,1,4,20,41,0,0,3,0,8,0,1,9,1,8,8,11,8,22,128,33,0,8,7,1,0
out,751,2600000028,tx_start,5,1,4,21,42,0,0,3,0,8,0,1,9,1,8,8,11,8,22,128,33,0,8,7,1,0
out,752,2600000028,tx_start,5,1,5,22,43,0,0,3,0,8,0,1,9,1,8,8,11,8,22,128,33,0,8,7,1,0
out,753,2621042028,ingress_before,5,1,0,0,35,34359738367,0,3,0,0,0,1,9,1,8,8,11,8,22,128,33,0,8,7,1,0
out,754,2621042028,ingress_after,5,1,0,0,35,34359738367,0,3,0,0,0,1,9,1,8,8,11,8,22,128,33,0,8,7,1,0
out,755,2642661028,ingress_before,1,5,4,15,36,0,0,1,0,0,0,-1,1,1,0,0,0,0,0,128,33,0,0,0,0,0
out,756,2642661028,deliver,1,5,4,15,0,0,0,1,1,0,0,-1,1,1,0,0,0,0,0,0,0,0,0,0,0,0
out,757,2642661028,ingress_after,1,5,4,15,36,0,0,1,1,0,0,-1,1,1,0,0,0,0,0,128,33,0,0,0,0,0
out,758,2642661028,ingress_before,1,5,4,16,37,0,0,1,1,0,0,-1,1,1,0,0,0,0,0,128,33,0,0,0,0,0
out,759,2642661028,deliver,1,5,4,16,0,0,0,1,1,0,0,-1,1,1,0,0,0,0,0,0,0,0,0,0,0,0
out,760,2642661028,ingress_after,1,5,4,16,37,0,0,1,1,0,0,-1,1,1,0,0,0,0,0,128,33,0,0,0,0,0
out,761,2642661028,ingress_before,1,5,4,17,38,0,0,1,1,0,0,-1,1,1,0,0,0,0,0,128,33,0,0,0,0,0
out,762,2642661028,deliver,1,5,4,17,0,0,0,1,1,0,0,-1,1,1,0,0,0,0,0,0,0,0,0,0,0,0
out,763,2642661028,ingress_after,1,5,4,17,38,0,0,1,1,0,0,-1,1,1,0,0,0,0,0,128,33,0,0,0,0,0
out,764,2642661028,ingress_before,1,5,4,18,39,0,0,1,1,0,0,-1,1,1,0,0,0,0,0,128,33,0,0,0,0,0
out,765,2642661028,deliver,1,5,4,18,0,0,0,1,1,0,0,-1,1,1,0,0,0,0,0,0,0,0,0,0,0,0
out,766,2642661028,ingress_after,1,5,4,18,39,0,0,1,1,0,0,-1,1,1,0,0,0,0,0,128,33,0,0,0,0,0
out,767,2642661028,ingress_before,1,5,4,19,40,0,0,1,1,0,0,-1,1,1,0,0,0,0,0,128,33,0,0,0,0,0
out,768,2642661028,deliver,1,5,4,19,0,0,0,1,1,0,0,-1,1,1,0,0,0,0,0,0,0,0,0,0,0,0
out,769,2642661028,ingress_after,1,5,4,19,40,0,0,1,1,0,0,-1,1,1,0,0,0,0,0,128,33,0,0,0,0,0
out,770,2642661028,ingress_before,1,5,4,20,41,0,0,1,1,0,0,-1,1,1,0,0,0,0,0,128,33,0,0,0,0,0
out,771,2642661028,deliver,1,5,4,20,0,0,0,1,1,0,0,-1,1,1,0,0,0,0,0,0,0,0,0,0,0,0
out,772,2642661028,ingress_after,1,5,4,20,41,0,0,1,1,0,0,-1,1,1,0,0,0,0,0,128,33,0,0,0,0,0
out,773,2642661028,ingress_before,1,5,4,21,42,0,0,1,1,0,0,-1,1,1,0,0,0,0,0,128,33,0,0,0,0,0
out,774,2642661028,deliver,1,5,4,21,0,0,0,1,1,0,0,-1,1,1,0,0,0,0,0,0,0,0,0,0,0,0
out,775,2642661028,ingress_after,1,5,4,21,42,0,0,1,1,0,0,-1,1,1,0,0,0,0,0,128,33,0,0,0,0,0
out,776,2642661028,ingress_before,1,5,5,22,43,0,0,1,1,0,0,-1,1,1,0,0,0,0,0,128,33,0,0,0,0,0
out,777,2642661028,deliver,1,5,5,22,0,0,0,1,1,0,0,-1,1,1,0,0,0,0,0,0,0,0,0,0,0,0
out,778,2642661028,ingress_after,1,5,5,22,43,0,0,1,1,0,0,-1,1,1,0,0,0,0,0,128,33,0,0,0,0,0
out,779,2676961028,tx_start,1,5,0,0,43,8796093022207,0,3,1,0,0,1,1,1,0,0,0,0,0,128,33,0,0,0,0,0
out,780,2699042028,ingress_before,5,1,0,0,43,8796093022207,0,1,0,0,0,-1,9,1,8,8,11,8,22,128,33,0,8,7,1,0
out,781,2699042028,release,5,1,5,0,0,0,0,1,0,0,0,-1,9,1,7,7,12,8,22,0,0,0,7,7,0,0
out,782,2699042028,release,5,1,4,0,0,0,0,1,0,0,0,-1,9,1,6,6,12,7,22,0,0,0,6,6,0,0
out,783,2699042028,release,5,1,4,0,0,0,0,1,0,0,0,-1,9,1,5,5,12,6,22,0,0,0,5,5,0,0
out,784,2699042028,release,5,1,4,0,0,0,0,1,0,0,0,-1,9,1,4,4,13,5,22,0,0,0,4,4,0,0
out,785,2699042028,release,5,1,4,0,0,0,0,1,0,0,0,-1,9,1,3,3,13,4,22,0,0,0,3,3,0,0
out,786,2699042028,release,5,1,4,0,0,0,0,1,0,0,0,-1,9,1,2,2,13,3,22,0,0,0,2,2,0,0
out,787,2699042028,release,5,1,4,0,0,0,0,1,0,0,0,-1,9,1,1,1,14,2,22,0,0,0,1,1,0,0
out,788,2699042028,release,5,1,4,0,0,0,0,1,0,0,0,-1,9,1,0,0,14,1,22,0,0,0,0,0,0,0
out,789,2699042028,ingress_after,5,1,0,0,43,8796093022207,0,1,0,0,0,-1,9,1,0,0,14,0,22,128,33,0,0,0,0,0
out,790,2715961028,tx_start,1,5,0,0,43,8796093022207,0,3,1,0,0,1,1,1,0,0,0,0,0,128,33,0,0,0,0,0
out,791,2738042028,ingress_before,5,1,0,0,43,8796093022207,0,1,0,0,0,-1,9,1,0,0,14,0,22,128,33,0,0,0,0,0
out,792,2738042028,ingress_after,5,1,0,0,43,8796093022207,0,1,0,0,0,-1,9,1,0,0,14,0,22,128,33,0,0,0,0,0
out,793,2754961028,tx_start,1,5,0,0,43,8796093022207,0,3,1,0,0,1,1,1,0,0,0,0,0,128,33,0,0,0,0,0
out,794,2777042028,ingress_before,5,1,0,0,43,8796093022207,0,1,0,0,0,-1,9,1,0,0,14,0,22,128,33,0,0,0,0,0
out,795,2777042028,ingress_after,5,1,0,0,43,8796093022207,0,1,0,0,0,-1,9,1,0,0,14,0,22,128,33,0,0,0,0,0
out,796,2793961028,tx_start,1,5,0,0,43,8796093022207,0,3,1,0,0,1,1,1,0,0,0,0,0,128,33,0,0,0,0,0
out,797,2816042028,ingress_before,5,1,0,0,43,8796093022207,0,1,0,0,0,-1,9,1,0,0,14,0,22,128,33,0,0,0,0,0
out,798,2816042028,ingress_after,5,1,0,0,43,8796093022207,0,1,0,0,0,-1,9,1,0,0,14,0,22,128,33,0,0,0,0,0
out,799,2832961028,tx_start,1,5,0,0,43,8796093022207,0,3,1,0,0,1,1,1,0,0,0,0,0,128,33,0,0,0,0,0
out,800,2855042028,ingress_before,5,1,0,0,43,8796093022207,0,1,0,0,0,-1,9,1,0,0,14,0,22,128,33,0,0,0,0,0
out,801,2855042028,ingress_after,5,1,0,0,43,8796093022207,0,1,0,0,0,-1,9,1,0,0,14,0,22,128,33,0,0,0,0,0
out,802,3000000000,generate,4,5,4,23,0,0,0,1,0,0,0,-1,7,4,5,5,4,0,22,0,0,1,1,1,0,5
out,803,3000000000,generate,5,1,5,23,0,0,0,1,0,0,0,-1,9,1,0,0,14,0,22,0,0,0,0,0,0,0
out,804,3000000000,offer,4,5,4,23,0,0,0,1,0,0,0,-1,7,4,5,5,4,0,22,0,0,1,1,1,0,5
out,805,3000000000,admit,4,5,4,23,0,0,0,1,0,0,0,-1,7,4,5,5,4,0,23,0,0,2,2,2,0,5
out,806,3000000000,offer,5,1,5,23,0,0,0,1,0,0,0,-1,9,1,0,0,14,0,22,0,0,0,0,0,0,0
out,807,3000000000,admit,5,1,5,23,0,0,0,1,0,0,0,-1,9,1,0,0,14,0,23,0,0,1,1,0,1,0
out,808,3133000028,tx_start,5,1,5,23,44,0,0,3,0,1,0,1,9,1,1,1,14,1,23,128,33,0,1,0,1,0
out,809,3155501028,ingress_before,1,5,5,23,44,0,0,1,0,0,0,-1,1,1,0,0,0,0,0,128,33,0,0,0,0,0
out,810,3155501028,deliver,1,5,5,23,0,0,0,1,1,0,0,-1,1,1,0,0,0,0,0,0,0,0,0,0,0,0
out,811,3155501028,ingress_after,1,5,5,23,44,0,0,1,1,0,0,-1,1,1,0,0,0,0,0,128,33,0,0,0,0,0
out,812,3183961028,tx_start,1,5,0,0,44,17592186044415,0,3,1,0,0,1,1,1,0,0,0,0,0,128,33,0,0,0,0,0
out,813,3206042028,ingress_before,5,1,0,0,44,17592186044415,0,1,0,0,0,-1,9,1,1,1,14,1,23,128,33,0,1,0,1,0
out,814,3206042028,release,5,1,5,0,0,0,0,1,0,0,0,-1,9,1,0,0,14,1,23,0,0,0,0,0,0,0
out,815,3206042028,ingress_after,5,1,0,0,44,17592186044415,0,1,0,0,0,-1,9,1,0,0,14,0,23,128,33,0,0,0,0,0
out,816,3222961028,tx_start,1,5,0,0,44,17592186044415,0,3,1,0,0,1,1,1,0,0,0,0,0,128,33,0,0,0,0,0
out,817,3245042028,ingress_before,5,1,0,0,44,17592186044415,0,1,0,0,0,-1,9,1,0,0,14,0,23,128,33,0,0,0,0,0
out,818,3245042028,ingress_after,5,1,0,0,44,17592186044415,0,1,0,0,0,-1,9,1,0,0,14,0,23,128,33,0,0,0,0,0
out,819,3261961028,tx_start,1,5,0,0,44,17592186044415,0,3,1,0,0,1,1,1,0,0,0,0,0,128,33,0,0,0,0,0
out,820,3284042028,ingress_before,5,1,0,0,44,17592186044415,0,1,0,0,0,-1,9,1,0,0,14,0,23,128,33,0,0,0,0,0
out,821,3284042028,ingress_after,5,1,0,0,44,17592186044415,0,1,0,0,0,-1,9,1,0,0,14,0,23,128,33,0,0,0,0,0
out,822,3300961028,tx_start,1,5,0,0,44,17592186044415,0,3,1,0,0,1,1,1,0,0,0,0,0,128,33,0,0,0,0,0
out,823,3323042028,ingress_before,5,1,0,0,44,17592186044415,0,1,0,0,0,-1,9,1,0,0,14,0,23,128,33,0,0,0,0,0
out,824,3323042028,ingress_after,5,1,0,0,44,17592186044415,0,1,0,0,0,-1,9,1,0,0,14,0,23,128,33,0,0,0,0,0
out,825,3339961028,tx_start,1,5,0,0,44,17592186044415,0,3,1,0,0,1,1,1,0,0,0,0,0,128,33,0,0,0,0,0
out,826,3362042028,ingress_before,5,1,0,0,44,17592186044415,0,1,0,0,0,-1,9,1,0,0,14,0,23,128,33,0,0,0,0,0
out,827,3362042028,ingress_after,5,1,0,0,44,17592186044415,0,1,0,0,0,-1,9,1,0,0,14,0,23,128,33,0,0,0,0,0
out,828,4000000000,generate,4,5,4,24,0,0,0,1,0,0,0,-1,7,4,5,5,4,0,23,0,0,2,2,2,0,5
out,829,4000000000,generate,5,1,5,24,0,0,0,1,0,0,0,-1,9,1,0,0,14,0,23,0,0,0,0,0,0,0
out,830,4000000000,offer,4,5,4,24,0,0,0,1,0,0,0,-1,7,4,5,5,4,0,23,0,0,2,2,2,0,5
out,831,4000000000,admit,4,5,4,24,0,0,0,1,0,0,0,-1,7,4,5,5,4,0,24,0,0,3,3,3,0,5
out,832,4000000000,offer,5,1,5,24,0,0,0,1,0,0,0,-1,9,1,0,0,14,0,23,0,0,0,0,0,0,0
out,833,4000000000,admit,5,1,5,24,0,0,0,1,0,0,0,-1,9,1,0,0,14,0,24,0,0,1,1,0,1,0
out,834,4134000028,tx_start,5,1,5,24,45,0,0,3,0,1,0,1,9,1,1,1,14,1,24,128,33,0,1,0,1,0
out,835,4156501028,ingress_before,1,5,5,24,45,0,0,1,0,0,0,-1,1,1,0,0,0,0,0,128,33,0,0,0,0,0
out,836,4156501028,deliver,1,5,5,24,0,0,0,1,1,0,0,-1,1,1,0,0,0,0,0,0,0,0,0,0,0,0
out,837,4156501028,ingress_after,1,5,5,24,45,0,0,1,1,0,0,-1,1,1,0,0,0,0,0,128,33,0,0,0,0,0
out,838,4184961028,tx_start,1,5,0,0,45,35184372088831,0,3,1,0,0,1,1,1,0,0,0,0,0,128,33,0,0,0,0,0
out,839,4207042028,ingress_before,5,1,0,0,45,35184372088831,0,1,0,0,0,-1,9,1,1,1,14,1,24,128,33,0,1,0,1,0
out,840,4207042028,release,5,1,5,0,0,0,0,1,0,0,0,-1,9,1,0,0,15,1,24,0,0,0,0,0,0,0
out,841,4207042028,ingress_after,5,1,0,0,45,35184372088831,0,1,0,0,0,-1,9,1,0,0,15,0,24,128,33,0,0,0,0,0
out,842,4223961028,tx_start,1,5,0,0,45,35184372088831,0,3,1,0,0,1,1,1,0,0,0,0,0,128,33,0,0,0,0,0
out,843,4246042028,ingress_before,5,1,0,0,45,35184372088831,0,1,0,0,0,-1,9,1,0,0,15,0,24,128,33,0,0,0,0,0
out,844,4246042028,ingress_after,5,1,0,0,45,35184372088831,0,1,0,0,0,-1,9,1,0,0,15,0,24,128,33,0,0,0,0,0
out,845,4262961028,tx_start,1,5,0,0,45,35184372088831,0,3,1,0,0,1,1,1,0,0,0,0,0,128,33,0,0,0,0,0
out,846,4285042028,ingress_before,5,1,0,0,45,35184372088831,0,1,0,0,0,-1,9,1,0,0,15,0,24,128,33,0,0,0,0,0
out,847,4285042028,ingress_after,5,1,0,0,45,35184372088831,0,1,0,0,0,-1,9,1,0,0,15,0,24,128,33,0,0,0,0,0
out,848,4301961028,tx_start,1,5,0,0,45,35184372088831,0,3,1,0,0,1,1,1,0,0,0,0,0,128,33,0,0,0,0,0
out,849,4324042028,ingress_before,5,1,0,0,45,35184372088831,0,1,0,0,0,-1,9,1,0,0,15,0,24,128,33,0,0,0,0,0
out,850,4324042028,ingress_after,5,1,0,0,45,35184372088831,0,1,0,0,0,-1,9,1,0,0,15,0,24,128,33,0,0,0,0,0
out,851,4340961028,tx_start,1,5,0,0,45,35184372088831,0,3,1,0,0,1,1,1,0,0,0,0,0,128,33,0,0,0,0,0
out,852,4363042028,ingress_before,5,1,0,0,45,35184372088831,0,1,0,0,0,-1,9,1,0,0,15,0,24,128,33,0,0,0,0,0
out,853,4363042028,ingress_after,5,1,0,0,45,35184372088831,0,1,0,0,0,-1,9,1,0,0,15,0,24,128,33,0,0,0,0,0
out,854,5000000000,generate,4,5,4,25,0,0,0,1,0,0,0,-1,7,4,5,5,4,0,24,0,0,3,3,3,0,5
out,855,5000000000,generate,5,1,5,25,0,0,0,1,0,0,0,-1,9,1,0,0,15,0,24,0,0,0,0,0,0,0
out,856,5000000000,offer,4,5,4,25,0,0,0,1,0,0,0,-1,7,4,5,5,4,0,24,0,0,3,3,3,0,5
out,857,5000000000,admit,4,5,4,25,0,0,0,1,0,0,0,-1,7,4,5,5,4,0,25,0,0,4,4,4,0,5
out,858,5000000000,offer,5,1,5,25,0,0,0,1,0,0,0,-1,9,1,0,0,15,0,24,0,0,0,0,0,0,0
out,859,5000000000,admit,5,1,5,25,0,0,0,1,0,0,0,-1,9,1,0,0,15,0,25,0,0,1,1,0,1,0
out,860,5135000028,tx_start,5,1,5,25,46,0,0,3,0,1,0,1,9,1,1,1,15,1,25,128,33,0,1,0,1,0
out,861,5157501028,ingress_before,1,5,5,25,46,0,0,1,0,0,0,-1,1,1,0,0,0,0,0,128,33,0,0,0,0,0
out,862,5157501028,deliver,1,5,5,25,0,0,0,1,1,0,0,-1,1,1,0,0,0,0,0,0,0,0,0,0,0,0
out,863,5157501028,ingress_after,1,5,5,25,46,0,0,1,1,0,0,-1,1,1,0,0,0,0,0,128,33,0,0,0,0,0
out,864,5185961028,tx_start,1,5,0,0,46,70368744177663,0,3,1,0,0,1,1,1,0,0,0,0,0,128,33,0,0,0,0,0
out,865,5208042028,ingress_before,5,1,0,0,46,70368744177663,0,1,0,0,0,-1,9,1,1,1,15,1,25,128,33,0,1,0,1,0
out,866,5208042028,release,5,1,5,0,0,0,0,1,0,0,0,-1,9,1,0,0,15,1,25,0,0,0,0,0,0,0
out,867,5208042028,ingress_after,5,1,0,0,46,70368744177663,0,1,0,0,0,-1,9,1,0,0,15,0,25,128,33,0,0,0,0,0
out,868,5224961028,tx_start,1,5,0,0,46,70368744177663,0,3,1,0,0,1,1,1,0,0,0,0,0,128,33,0,0,0,0,0
out,869,5247042028,ingress_before,5,1,0,0,46,70368744177663,0,1,0,0,0,-1,9,1,0,0,15,0,25,128,33,0,0,0,0,0
out,870,5247042028,ingress_after,5,1,0,0,46,70368744177663,0,1,0,0,0,-1,9,1,0,0,15,0,25,128,33,0,0,0,0,0
out,871,5263961028,tx_start,1,5,0,0,46,70368744177663,0,3,1,0,0,1,1,1,0,0,0,0,0,128,33,0,0,0,0,0
out,872,5286042028,ingress_before,5,1,0,0,46,70368744177663,0,1,0,0,0,-1,9,1,0,0,15,0,25,128,33,0,0,0,0,0
out,873,5286042028,ingress_after,5,1,0,0,46,70368744177663,0,1,0,0,0,-1,9,1,0,0,15,0,25,128,33,0,0,0,0,0
out,874,5302961028,tx_start,1,5,0,0,46,70368744177663,0,3,1,0,0,1,1,1,0,0,0,0,0,128,33,0,0,0,0,0
out,875,5325042028,ingress_before,5,1,0,0,46,70368744177663,0,1,0,0,0,-1,9,1,0,0,15,0,25,128,33,0,0,0,0,0
out,876,5325042028,ingress_after,5,1,0,0,46,70368744177663,0,1,0,0,0,-1,9,1,0,0,15,0,25,128,33,0,0,0,0,0
out,877,5341961028,tx_start,1,5,0,0,46,70368744177663,0,3,1,0,0,1,1,1,0,0,0,0,0,128,33,0,0,0,0,0
out,878,5364042028,ingress_before,5,1,0,0,46,70368744177663,0,1,0,0,0,-1,9,1,0,0,15,0,25,128,33,0,0,0,0,0
out,879,5364042028,ingress_after,5,1,0,0,46,70368744177663,0,1,0,0,0,-1,9,1,0,0,15,0,25,128,33,0,0,0,0,0
out,880,6000000000,generate,4,5,4,26,0,0,0,1,0,0,0,-1,7,4,5,5,4,0,25,0,0,4,4,4,0,5
out,881,6000000000,generate,5,1,5,26,0,0,0,1,0,0,0,-1,9,1,0,0,15,0,25,0,0,0,0,0,0,0
out,882,6000000000,offer,4,5,4,26,0,0,0,1,0,0,0,-1,7,4,5,5,4,0,25,0,0,4,4,4,0,5
out,883,6000000000,admit,4,5,4,26,0,0,0,1,0,0,0,-1,7,4,5,5,4,0,26,0,0,5,5,5,0,5
out,884,6000000000,offer,5,1,5,26,0,0,0,1,0,0,0,-1,9,1,0,0,15,0,25,0,0,0,0,0,0,0
out,885,6000000000,admit,5,1,5,26,0,0,0,1,0,0,0,-1,9,1,0,0,15,0,26,0,0,1,1,0,1,0
out,886,6136000028,tx_start,5,1,5,26,47,0,0,3,0,1,0,1,9,1,1,1,15,1,26,128,33,0,1,0,1,0
out,887,6158501028,ingress_before,1,5,5,26,47,0,0,1,0,0,0,-1,1,1,0,0,0,0,0,128,33,0,0,0,0,0
out,888,6158501028,deliver,1,5,5,26,0,0,0,1,1,0,0,-1,1,1,0,0,0,0,0,0,0,0,0,0,0,0
out,889,6158501028,ingress_after,1,5,5,26,47,0,0,1,1,0,0,-1,1,1,0,0,0,0,0,128,33,0,0,0,0,0
out,890,6186961028,tx_start,1,5,0,0,47,140737488355327,0,3,1,0,0,1,1,1,0,0,0,0,0,128,33,0,0,0,0,0
out,891,6209042028,ingress_before,5,1,0,0,47,140737488355327,0,1,0,0,0,-1,9,1,1,1,15,1,26,128,33,0,1,0,1,0
out,892,6209042028,release,5,1,5,0,0,0,0,1,0,0,0,-1,9,1,0,0,15,1,26,0,0,0,0,0,0,0
out,893,6209042028,ingress_after,5,1,0,0,47,140737488355327,0,1,0,0,0,-1,9,1,0,0,15,0,26,128,33,0,0,0,0,0
out,894,6225961028,tx_start,1,5,0,0,47,140737488355327,0,3,1,0,0,1,1,1,0,0,0,0,0,128,33,0,0,0,0,0
out,895,6248042028,ingress_before,5,1,0,0,47,140737488355327,0,1,0,0,0,-1,9,1,0,0,15,0,26,128,33,0,0,0,0,0
out,896,6248042028,ingress_after,5,1,0,0,47,140737488355327,0,1,0,0,0,-1,9,1,0,0,15,0,26,128,33,0,0,0,0,0
out,897,6264961028,tx_start,1,5,0,0,47,140737488355327,0,3,1,0,0,1,1,1,0,0,0,0,0,128,33,0,0,0,0,0
out,898,6287042028,ingress_before,5,1,0,0,47,140737488355327,0,1,0,0,0,-1,9,1,0,0,15,0,26,128,33,0,0,0,0,0
out,899,6287042028,ingress_after,5,1,0,0,47,140737488355327,0,1,0,0,0,-1,9,1,0,0,15,0,26,128,33,0,0,0,0,0
out,900,6303961028,tx_start,1,5,0,0,47,140737488355327,0,3,1,0,0,1,1,1,0,0,0,0,0,128,33,0,0,0,0,0
out,901,6326042028,ingress_before,5,1,0,0,47,140737488355327,0,1,0,0,0,-1,9,1,0,0,15,0,26,128,33,0,0,0,0,0
out,902,6326042028,ingress_after,5,1,0,0,47,140737488355327,0,1,0,0,0,-1,9,1,0,0,15,0,26,128,33,0,0,0,0,0
out,903,6342961028,tx_start,1,5,0,0,47,140737488355327,0,3,1,0,0,1,1,1,0,0,0,0,0,128,33,0,0,0,0,0
out,904,6365042028,ingress_before,5,1,0,0,47,140737488355327,0,1,0,0,0,-1,9,1,0,0,15,0,26,128,33,0,0,0,0,0
out,905,6365042028,ingress_after,5,1,0,0,47,140737488355327,0,1,0,0,0,-1,9,1,0,0,15,0,26,128,33,0,0,0,0,0
out,906,7000000000,generate,4,5,4,27,0,0,0,1,0,0,0,-1,7,4,5,5,4,0,26,0,0,5,5,5,0,5
out,907,7000000000,generate,5,1,5,27,0,0,0,1,0,0,0,-1,9,1,0,0,15,0,26,0,0,0,0,0,0,0
out,908,7000000000,offer,4,5,4,27,0,0,0,1,0,0,0,-1,7,4,5,5,4,0,26,0,0,5,5,5,0,5
out,909,7000000000,admit,4,5,4,27,0,0,0,1,0,0,0,-1,7,4,5,5,4,0,27,0,0,6,6,6,0,5
out,910,7000000000,offer,5,1,5,27,0,0,0,1,0,0,0,-1,9,1,0,0,15,0,26,0,0,0,0,0,0,0
out,911,7000000000,admit,5,1,5,27,0,0,0,1,0,0,0,-1,9,1,0,0,15,0,27,0,0,1,1,0,1,0
out,912,7137000028,tx_start,5,1,5,27,48,0,0,3,0,1,0,1,9,1,1,1,15,1,27,128,33,0,1,0,1,0
out,913,7159501028,ingress_before,1,5,5,27,48,0,0,1,0,0,0,-1,1,1,0,0,0,0,0,128,33,0,0,0,0,0
out,914,7159501028,deliver,1,5,5,27,0,0,0,1,1,0,0,-1,1,1,0,0,0,0,0,0,0,0,0,0,0,0
out,915,7159501028,ingress_after,1,5,5,27,48,0,0,1,1,0,0,-1,1,1,0,0,0,0,0,128,33,0,0,0,0,0
out,916,7187961028,tx_start,1,5,0,0,48,281474976710655,0,3,1,0,0,1,1,1,0,0,0,0,0,128,33,0,0,0,0,0
out,917,7210042028,ingress_before,5,1,0,0,48,281474976710655,0,1,0,0,0,-1,9,1,1,1,15,1,27,128,33,0,1,0,1,0
out,918,7210042028,release,5,1,5,0,0,0,0,1,0,0,0,-1,9,1,0,0,16,1,27,0,0,0,0,0,0,0
out,919,7210042028,ingress_after,5,1,0,0,48,281474976710655,0,1,0,0,0,-1,9,1,0,0,16,0,27,128,33,0,0,0,0,0
out,920,7226961028,tx_start,1,5,0,0,48,281474976710655,0,3,1,0,0,1,1,1,0,0,0,0,0,128,33,0,0,0,0,0
out,921,7249042028,ingress_before,5,1,0,0,48,281474976710655,0,1,0,0,0,-1,9,1,0,0,16,0,27,128,33,0,0,0,0,0
out,922,7249042028,ingress_after,5,1,0,0,48,281474976710655,0,1,0,0,0,-1,9,1,0,0,16,0,27,128,33,0,0,0,0,0
out,923,7265961028,tx_start,1,5,0,0,48,281474976710655,0,3,1,0,0,1,1,1,0,0,0,0,0,128,33,0,0,0,0,0
out,924,7288042028,ingress_before,5,1,0,0,48,281474976710655,0,1,0,0,0,-1,9,1,0,0,16,0,27,128,33,0,0,0,0,0
out,925,7288042028,ingress_after,5,1,0,0,48,281474976710655,0,1,0,0,0,-1,9,1,0,0,16,0,27,128,33,0,0,0,0,0
out,926,7304961028,tx_start,1,5,0,0,48,281474976710655,0,3,1,0,0,1,1,1,0,0,0,0,0,128,33,0,0,0,0,0
out,927,7327042028,ingress_before,5,1,0,0,48,281474976710655,0,1,0,0,0,-1,9,1,0,0,16,0,27,128,33,0,0,0,0,0
out,928,7327042028,ingress_after,5,1,0,0,48,281474976710655,0,1,0,0,0,-1,9,1,0,0,16,0,27,128,33,0,0,0,0,0
out,929,7343961028,tx_start,1,5,0,0,48,281474976710655,0,3,1,0,0,1,1,1,0,0,0,0,0,128,33,0,0,0,0,0
out,930,7366042028,ingress_before,5,1,0,0,48,281474976710655,0,1,0,0,0,-1,9,1,0,0,16,0,27,128,33,0,0,0,0,0
out,931,7366042028,ingress_after,5,1,0,0,48,281474976710655,0,1,0,0,0,-1,9,1,0,0,16,0,27,128,33,0,0,0,0,0
out,932,8000000000,generate,4,5,4,28,0,0,0,1,0,0,0,-1,7,4,5,5,4,0,27,0,0,6,6,6,0,5
out,933,8000000000,generate,5,1,5,28,0,0,0,1,0,0,0,-1,9,1,0,0,16,0,27,0,0,0,0,0,0,0
out,934,8000000000,offer,4,5,4,28,0,0,0,1,0,0,0,-1,7,4,5,5,4,0,27,0,0,6,6,6,0,5
out,935,8000000000,admit,4,5,4,28,0,0,0,1,0,0,0,-1,7,4,5,5,4,0,28,0,0,7,7,7,0,5
out,936,8000000000,offer,5,1,5,28,0,0,0,1,0,0,0,-1,9,1,0,0,16,0,27,0,0,0,0,0,0,0
out,937,8000000000,admit,5,1,5,28,0,0,0,1,0,0,0,-1,9,1,0,0,16,0,28,0,0,1,1,0,1,0
out,938,8000000000,checkpoint,1,0,0,0,0,0,0,1,0,0,0,-1,1,1,0,0,0,0,0,0,0,0,0,0,0,0
out,939,8000000000,checkpoint,4,5,0,0,0,0,0,1,0,0,0,-1,7,4,5,5,4,0,28,0,0,7,7,7,0,5
out,940,8000000000,checkpoint,5,1,0,0,0,0,0,1,0,0,0,-1,9,1,0,0,16,0,28,0,0,1,1,0,1,0
out,941,8138000028,tx_start,5,1,5,28,49,0,0,3,0,1,0,1,9,1,1,1,16,1,28,128,33,0,1,0,1,0
out,942,8160501028,loss,1,5,5,28,49,0,0,1,0,0,0,-1,1,1,0,0,0,0,0,128,33,0,0,0,0,0
out,943,9000000000,generate,4,5,4,29,0,0,0,1,0,0,0,-1,7,4,5,5,4,0,28,0,0,7,7,7,0,5
out,944,9000000000,generate,5,1,5,29,0,0,0,1,0,0,0,-1,9,1,1,1,16,1,28,0,0,0,1,0,1,0
out,945,9000000000,offer,4,5,4,29,0,0,0,1,0,0,0,-1,7,4,5,5,4,0,28,0,0,7,7,7,0,5
out,946,9000000000,admit,4,5,4,29,0,0,0,1,0,0,0,-1,7,4,5,5,4,0,29,0,0,8,8,8,0,5
out,947,9000000000,offer,5,1,5,29,0,0,0,1,0,0,0,-1,9,1,1,1,16,1,28,0,0,0,1,0,1,0
out,948,9000000000,admit,5,1,5,29,0,0,0,1,0,0,0,-1,9,1,1,1,16,1,29,0,0,1,2,0,2,0
out,949,9139000028,tx_start,5,1,5,29,50,0,0,3,0,1,0,1,9,1,2,2,16,2,29,128,33,0,2,0,2,0
out,950,9161501028,loss,1,5,5,29,50,0,0,1,0,0,0,-1,1,1,0,0,0,0,0,128,33,0,0,0,0,0
out,951,9500000000,checkpoint,1,0,0,0,0,0,0,1,0,0,0,-1,1,1,0,0,0,0,0,0,0,0,0,0,0,0
out,952,9500000000,checkpoint,4,5,0,0,0,0,0,1,0,0,0,-1,7,4,5,5,4,0,29,0,0,8,8,8,0,5
out,953,9500000000,checkpoint,5,1,0,0,0,0,0,1,0,0,0,-1,9,1,2,2,16,2,29,0,0,0,2,0,2,0
out,954,10000000000,generate,4,5,4,30,0,0,0,1,0,0,0,-1,7,4,5,5,4,0,29,0,0,8,8,8,0,5
out,955,10000000000,generate,5,1,5,30,0,0,0,1,0,0,0,-1,9,1,2,2,16,2,29,0,0,0,2,0,2,0
out,956,10000000000,offer,4,5,4,30,0,0,0,1,0,0,0,-1,7,4,5,5,4,0,29,0,0,8,8,8,0,5
out,957,10000000000,admit,4,5,4,30,0,0,0,1,0,0,0,-1,7,4,5,5,4,0,30,0,0,9,9,9,0,5
out,958,10000000000,offer,5,1,5,30,0,0,0,1,0,0,0,-1,9,1,2,2,16,2,29,0,0,0,2,0,2,0
out,959,10000000000,admit,5,1,5,30,0,0,0,1,0,0,0,-1,9,1,2,2,16,2,30,0,0,1,3,0,3,0
out,960,10140000028,tx_start,5,1,5,30,51,0,0,3,0,2,0,1,9,1,3,3,16,3,30,128,33,0,3,0,3,0
out,961,10140000028,tx_start,5,1,5,28,49,0,0,3,0,2,0,1,9,1,3,3,16,3,30,128,33,0,3,0,3,0
out,962,10165381028,ingress_before,1,5,5,30,51,0,0,1,0,0,0,-1,1,1,0,0,0,0,0,128,33,0,0,0,0,0
out,963,10165381028,deliver,1,5,5,30,0,0,0,1,1,0,0,-1,1,1,0,0,0,0,0,0,0,0,0,0,0,0
out,964,10165381028,ingress_after,1,5,5,30,51,0,0,1,1,0,0,-1,1,1,0,0,0,0,0,128,33,0,0,0,0,0
out,965,10165381028,ingress_before,1,5,5,28,49,0,0,1,1,0,0,-1,1,1,0,0,0,0,0,128,33,0,0,0,0,0
out,966,10165381028,deliver,1,5,5,28,0,0,0,1,1,0,0,-1,1,1,0,0,0,0,0,0,0,0,0,0,0,0
out,967,10165381028,ingress_after,1,5,5,28,49,0,0,1,1,0,0,-1,1,1,0,0,0,0,0,128,33,0,0,0,0,0
out,968,10203961028,tx_start,1,5,0,0,51,2251799813685245,0,3,1,0,0,1,1,1,0,0,0,0,0,128,33,0,0,0,0,0
out,969,10226042028,ingress_before,5,1,0,0,51,2251799813685245,0,1,0,0,0,-1,9,1,3,3,16,3,30,128,33,0,3,0,3,0
out,970,10226042028,release,5,1,5,0,0,0,0,1,0,0,0,-1,9,1,2,2,16,3,30,0,0,0,2,0,2,0
out,971,10226042028,release,5,1,5,0,0,0,0,1,0,0,0,-1,9,1,1,1,16,2,30,0,0,0,1,0,1,0
out,972,10226042028,ingress_after,5,1,0,0,51,2251799813685245,0,1,0,0,0,-1,9,1,1,1,16,1,30,128,33,0,1,0,1,0
out,973,10242961028,tx_start,1,5,0,0,51,2251799813685245,0,3,1,0,0,1,1,1,0,0,0,0,0,128,33,0,0,0,0,0
out,974,10265042028,ingress_before,5,1,0,0,51,2251799813685245,0,1,0,0,0,-1,9,1,1,1,16,1,30,128,33,0,1,0,1,0
out,975,10265042028,ingress_after,5,1,0,0,51,2251799813685245,0,1,0,0,0,-1,9,1,1,1,16,1,30,128,33,0,1,0,1,0
out,976,10281961028,tx_start,1,5,0,0,51,2251799813685245,0,3,1,0,0,1,1,1,0,0,0,0,0,128,33,0,0,0,0,0
out,977,10304042028,ingress_before,5,1,0,0,51,2251799813685245,0,1,0,0,0,-1,9,1,1,1,16,1,30,128,33,0,1,0,1,0
out,978,10304042028,ingress_after,5,1,0,0,51,2251799813685245,0,1,0,0,0,-1,9,1,1,1,16,1,30,128,33,0,1,0,1,0
out,979,10320961028,tx_start,1,5,0,0,51,2251799813685245,0,3,1,0,0,1,1,1,0,0,0,0,0,128,33,0,0,0,0,0
out,980,10343042028,ingress_before,5,1,0,0,51,2251799813685245,0,1,0,0,0,-1,9,1,1,1,16,1,30,128,33,0,1,0,1,0
out,981,10343042028,ingress_after,5,1,0,0,51,2251799813685245,0,1,0,0,0,-1,9,1,1,1,16,1,30,128,33,0,1,0,1,0
out,982,10359961028,tx_start,1,5,0,0,51,2251799813685245,0,3,1,0,0,1,1,1,0,0,0,0,0,128,33,0,0,0,0,0
out,983,10382042028,ingress_before,5,1,0,0,51,2251799813685245,0,1,0,0,0,-1,9,1,1,1,16,1,30,128,33,0,1,0,1,0
out,984,10382042028,ingress_after,5,1,0,0,51,2251799813685245,0,1,0,0,0,-1,9,1,1,1,16,1,30,128,33,0,1,0,1,0
out,985,11000000000,generate,4,5,4,31,0,0,0,1,0,0,0,-1,7,4,5,5,4,0,30,0,0,9,9,9,0,5
out,986,11000000000,generate,5,1,5,31,0,0,0,1,0,0,0,-1,9,1,1,1,16,1,30,0,0,0,1,0,1,0
out,987,11000000000,offer,4,5,4,31,0,0,0,1,0,0,0,-1,7,4,5,5,4,0,30,0,0,9,9,9,0,5
out,988,11000000000,admit,4,5,4,31,0,0,0,1,0,0,0,-1,7,4,5,5,4,0,31,0,0,10,10,10,0,5
out,989,11000000000,offer,5,1,5,31,0,0,0,1,0,0,0,-1,9,1,1,1,16,1,30,0,0,0,1,0,1,0
out,990,11000000000,admit,5,1,5,31,0,0,0,1,0,0,0,-1,9,1,1,1,16,1,31,0,0,1,2,0,2,0
out,991,11141000028,tx_start,5,1,5,31,52,0,0,3,0,2,0,1,9,1,2,2,16,2,31,128,33,0,2,0,2,0
out,992,11141000028,tx_start,5,1,5,29,50,0,0,3,0,2,0,1,9,1,2,2,16,2,31,128,33,0,2,0,2,0
out,993,11166381028,ingress_before,1,5,5,31,52,0,0,1,0,0,0,-1,1,1,0,0,0,0,0,128,33,0,0,0,0,0
out,994,11166381028,deliver,1,5,5,31,0,0,0,1,1,0,0,-1,1,1,0,0,0,0,0,0,0,0,0,0,0,0
out,995,11166381028,ingress_after,1,5,5,31,52,0,0,1,1,0,0,-1,1,1,0,0,0,0,0,128,33,0,0,0,0,0
out,996,11166381028,ingress_before,1,5,5,29,50,0,0,1,1,0,0,-1,1,1,0,0,0,0,0,128,33,0,0,0,0,0
out,997,11166381028,deliver,1,5,5,29,0,0,0,1,1,0,0,-1,1,1,0,0,0,0,0,0,0,0,0,0,0,0
out,998,11166381028,ingress_after,1,5,5,29,50,0,0,1,1,0,0,-1,1,1,0,0,0,0,0,128,33,0,0,0,0,0
out,999,11204961028,tx_start,1,5,0,0,52,4503599627370495,0,3,1,0,0,1,1,1,0,0,0,0,0,128,33,0,0,0,0,0
out,1000,11227042028,ingress_before,5,1,0,0,52,4503599627370495,0,1,0,0,0,-1,9,1,2,2,16,2,31,128,33,0,2,0,2,0
out,1001,11227042028,release,5,1,5,0,0,0,0,1,0,0,0,-1,9,1,1,1,16,2,31,0,0,0,1,0,1,0
out,1002,11227042028,release,5,1,5,0,0,0,0,1,0,0,0,-1,9,1,0,0,16,1,31,0,0,0,0,0,0,0
out,1003,11227042028,ingress_after,5,1,0,0,52,4503599627370495,0,1,0,0,0,-1,9,1,0,0,16,0,31,128,33,0,0,0,0,0
out,1004,11243961028,tx_start,1,5,0,0,52,4503599627370495,0,3,1,0,0,1,1,1,0,0,0,0,0,128,33,0,0,0,0,0
out,1005,11266042028,ingress_before,5,1,0,0,52,4503599627370495,0,1,0,0,0,-1,9,1,0,0,16,0,31,128,33,0,0,0,0,0
out,1006,11266042028,ingress_after,5,1,0,0,52,4503599627370495,0,1,0,0,0,-1,9,1,0,0,16,0,31,128,33,0,0,0,0,0
out,1007,11282961028,tx_start,1,5,0,0,52,4503599627370495,0,3,1,0,0,1,1,1,0,0,0,0,0,128,33,0,0,0,0,0
out,1008,11305042028,ingress_before,5,1,0,0,52,4503599627370495,0,1,0,0,0,-1,9,1,0,0,16,0,31,128,33,0,0,0,0,0
out,1009,11305042028,ingress_after,5,1,0,0,52,4503599627370495,0,1,0,0,0,-1,9,1,0,0,16,0,31,128,33,0,0,0,0,0
out,1010,11321961028,tx_start,1,5,0,0,52,4503599627370495,0,3,1,0,0,1,1,1,0,0,0,0,0,128,33,0,0,0,0,0
out,1011,11344042028,ingress_before,5,1,0,0,52,4503599627370495,0,1,0,0,0,-1,9,1,0,0,16,0,31,128,33,0,0,0,0,0
out,1012,11344042028,ingress_after,5,1,0,0,52,4503599627370495,0,1,0,0,0,-1,9,1,0,0,16,0,31,128,33,0,0,0,0,0
out,1013,11360961028,tx_start,1,5,0,0,52,4503599627370495,0,3,1,0,0,1,1,1,0,0,0,0,0,128,33,0,0,0,0,0
out,1014,11383042028,ingress_before,5,1,0,0,52,4503599627370495,0,1,0,0,0,-1,9,1,0,0,16,0,31,128,33,0,0,0,0,0
out,1015,11383042028,ingress_after,5,1,0,0,52,4503599627370495,0,1,0,0,0,-1,9,1,0,0,16,0,31,128,33,0,0,0,0,0
out,1016,12000000000,generate,4,5,4,32,0,0,0,1,0,0,0,-1,7,4,5,5,4,0,31,0,0,10,10,10,0,5
out,1017,12000000000,generate,5,1,5,32,0,0,0,1,0,0,0,-1,9,1,0,0,16,0,31,0,0,0,0,0,0,0
out,1018,12000000000,offer,4,5,4,32,0,0,0,1,0,0,0,-1,7,4,5,5,4,0,31,0,0,10,10,10,0,5
out,1019,12000000000,admit,4,5,4,32,0,0,0,1,0,0,0,-1,7,4,5,5,4,0,32,0,0,11,11,11,0,5
out,1020,12000000000,offer,5,1,5,32,0,0,0,1,0,0,0,-1,9,1,0,0,16,0,31,0,0,0,0,0,0,0
out,1021,12000000000,admit,5,1,5,32,0,0,0,1,0,0,0,-1,9,1,0,0,16,0,32,0,0,1,1,0,1,0
out,1022,12142000028,tx_start,5,1,5,32,53,0,0,3,0,1,0,1,9,1,1,1,16,1,32,128,33,0,1,0,1,0
out,1023,12164501028,ingress_before,1,5,5,32,53,0,0,1,0,0,0,-1,1,1,0,0,0,0,0,128,33,0,0,0,0,0
out,1024,12164501028,deliver,1,5,5,32,0,0,0,1,1,0,0,-1,1,1,0,0,0,0,0,0,0,0,0,0,0,0
out,1025,12164501028,ingress_after,1,5,5,32,53,0,0,1,1,0,0,-1,1,1,0,0,0,0,0,128,33,0,0,0,0,0
out,1026,12192961028,tx_start,1,5,0,0,53,9007199254740991,0,3,1,0,0,1,1,1,0,0,0,0,0,128,33,0,0,0,0,0
out,1027,12215042028,ingress_before,5,1,0,0,53,9007199254740991,0,1,0,0,0,-1,9,1,1,1,16,1,32,128,33,0,1,0,1,0
out,1028,12215042028,release,5,1,5,0,0,0,0,1,0,0,0,-1,9,1,0,0,16,1,32,0,0,0,0,0,0,0
out,1029,12215042028,ingress_after,5,1,0,0,53,9007199254740991,0,1,0,0,0,-1,9,1,0,0,16,0,32,128,33,0,0,0,0,0
out,1030,12231961028,tx_start,1,5,0,0,53,9007199254740991,0,3,1,0,0,1,1,1,0,0,0,0,0,128,33,0,0,0,0,0
out,1031,12254042028,ingress_before,5,1,0,0,53,9007199254740991,0,1,0,0,0,-1,9,1,0,0,16,0,32,128,33,0,0,0,0,0
out,1032,12254042028,ingress_after,5,1,0,0,53,9007199254740991,0,1,0,0,0,-1,9,1,0,0,16,0,32,128,33,0,0,0,0,0
out,1033,12270961028,tx_start,1,5,0,0,53,9007199254740991,0,3,1,0,0,1,1,1,0,0,0,0,0,128,33,0,0,0,0,0
out,1034,12293042028,ingress_before,5,1,0,0,53,9007199254740991,0,1,0,0,0,-1,9,1,0,0,16,0,32,128,33,0,0,0,0,0
out,1035,12293042028,ingress_after,5,1,0,0,53,9007199254740991,0,1,0,0,0,-1,9,1,0,0,16,0,32,128,33,0,0,0,0,0
out,1036,12309961028,tx_start,1,5,0,0,53,9007199254740991,0,3,1,0,0,1,1,1,0,0,0,0,0,128,33,0,0,0,0,0
out,1037,12332042028,ingress_before,5,1,0,0,53,9007199254740991,0,1,0,0,0,-1,9,1,0,0,16,0,32,128,33,0,0,0,0,0
out,1038,12332042028,ingress_after,5,1,0,0,53,9007199254740991,0,1,0,0,0,-1,9,1,0,0,16,0,32,128,33,0,0,0,0,0
out,1039,12348961028,tx_start,1,5,0,0,53,9007199254740991,0,3,1,0,0,1,1,1,0,0,0,0,0,128,33,0,0,0,0,0
out,1040,12371042028,ingress_before,5,1,0,0,53,9007199254740991,0,1,0,0,0,-1,9,1,0,0,16,0,32,128,33,0,0,0,0,0
out,1041,12371042028,ingress_after,5,1,0,0,53,9007199254740991,0,1,0,0,0,-1,9,1,0,0,16,0,32,128,33,0,0,0,0,0
out,1042,13000000000,generate,4,5,4,33,0,0,0,1,0,0,0,-1,7,4,5,5,4,0,32,0,0,11,11,11,0,5
out,1043,13000000000,generate,5,1,5,33,0,0,0,1,0,0,0,-1,9,1,0,0,16,0,32,0,0,0,0,0,0,0
out,1044,13000000000,offer,4,5,4,33,0,0,0,1,0,0,0,-1,7,4,5,5,4,0,32,0,0,11,11,11,0,5
out,1045,13000000000,admit,4,5,4,33,0,0,0,1,0,0,0,-1,7,4,5,5,4,0,33,0,0,12,12,12,0,5
out,1046,13000000000,offer,5,1,5,33,0,0,0,1,0,0,0,-1,9,1,0,0,16,0,32,0,0,0,0,0,0,0
out,1047,13000000000,admit,5,1,5,33,0,0,0,1,0,0,0,-1,9,1,0,0,16,0,33,0,0,1,1,0,1,0
out,1048,13143000028,tx_start,5,1,5,33,54,0,0,3,0,1,0,1,9,1,1,1,16,1,33,128,33,0,1,0,1,0
out,1049,13165501028,ingress_before,1,5,5,33,54,0,0,1,0,0,0,-1,1,1,0,0,0,0,0,128,33,0,0,0,0,0
out,1050,13165501028,deliver,1,5,5,33,0,0,0,1,1,0,0,-1,1,1,0,0,0,0,0,0,0,0,0,0,0,0
out,1051,13165501028,ingress_after,1,5,5,33,54,0,0,1,1,0,0,-1,1,1,0,0,0,0,0,128,33,0,0,0,0,0
out,1052,13193961028,tx_start,1,5,0,0,54,18014398509481983,0,3,1,0,0,1,1,1,0,0,0,0,0,128,33,0,0,0,0,0
out,1053,13216042028,ingress_before,5,1,0,0,54,18014398509481983,0,1,0,0,0,-1,9,1,1,1,16,1,33,128,33,0,1,0,1,0
out,1054,13216042028,release,5,1,5,0,0,0,0,1,0,0,0,-1,9,1,0,0,16,1,33,0,0,0,0,0,0,0
out,1055,13216042028,ingress_after,5,1,0,0,54,18014398509481983,0,1,0,0,0,-1,9,1,0,0,16,0,33,128,33,0,0,0,0,0
out,1056,13232961028,tx_start,1,5,0,0,54,18014398509481983,0,3,1,0,0,1,1,1,0,0,0,0,0,128,33,0,0,0,0,0
out,1057,13255042028,ingress_before,5,1,0,0,54,18014398509481983,0,1,0,0,0,-1,9,1,0,0,16,0,33,128,33,0,0,0,0,0
out,1058,13255042028,ingress_after,5,1,0,0,54,18014398509481983,0,1,0,0,0,-1,9,1,0,0,16,0,33,128,33,0,0,0,0,0
out,1059,13271961028,tx_start,1,5,0,0,54,18014398509481983,0,3,1,0,0,1,1,1,0,0,0,0,0,128,33,0,0,0,0,0
out,1060,13294042028,ingress_before,5,1,0,0,54,18014398509481983,0,1,0,0,0,-1,9,1,0,0,16,0,33,128,33,0,0,0,0,0
out,1061,13294042028,ingress_after,5,1,0,0,54,18014398509481983,0,1,0,0,0,-1,9,1,0,0,16,0,33,128,33,0,0,0,0,0
out,1062,13310961028,tx_start,1,5,0,0,54,18014398509481983,0,3,1,0,0,1,1,1,0,0,0,0,0,128,33,0,0,0,0,0
out,1063,13333042028,ingress_before,5,1,0,0,54,18014398509481983,0,1,0,0,0,-1,9,1,0,0,16,0,33,128,33,0,0,0,0,0
out,1064,13333042028,ingress_after,5,1,0,0,54,18014398509481983,0,1,0,0,0,-1,9,1,0,0,16,0,33,128,33,0,0,0,0,0
out,1065,13349961028,tx_start,1,5,0,0,54,18014398509481983,0,3,1,0,0,1,1,1,0,0,0,0,0,128,33,0,0,0,0,0
out,1066,13372042028,ingress_before,5,1,0,0,54,18014398509481983,0,1,0,0,0,-1,9,1,0,0,16,0,33,128,33,0,0,0,0,0
out,1067,13372042028,ingress_after,5,1,0,0,54,18014398509481983,0,1,0,0,0,-1,9,1,0,0,16,0,33,128,33,0,0,0,0,0
out,1068,14000000000,generate,4,5,4,34,0,0,0,1,0,0,0,-1,7,4,5,5,4,0,33,0,0,12,12,12,0,5
out,1069,14000000000,generate,5,1,5,34,0,0,0,1,0,0,0,-1,9,1,0,0,16,0,33,0,0,0,0,0,0,0
out,1070,14000000000,offer,4,5,4,34,0,0,0,1,0,0,0,-1,7,4,5,5,4,0,33,0,0,12,12,12,0,5
out,1071,14000000000,admit,4,5,4,34,0,0,0,1,0,0,0,-1,7,4,5,5,4,0,34,0,0,13,13,13,0,5
out,1072,14000000000,offer,5,1,5,34,0,0,0,1,0,0,0,-1,9,1,0,0,16,0,33,0,0,0,0,0,0,0
out,1073,14000000000,admit,5,1,5,34,0,0,0,1,0,0,0,-1,9,1,0,0,16,0,34,0,0,1,1,0,1,0
out,1074,14131000028,tx_start,5,1,5,34,55,0,0,3,0,1,0,1,9,1,1,1,16,1,34,128,33,0,1,0,1,0
out,1075,14153501028,ingress_before,1,5,5,34,55,0,0,1,0,0,0,-1,1,1,0,0,0,0,0,128,33,0,0,0,0,0
out,1076,14153501028,deliver,1,5,5,34,0,0,0,1,1,0,0,-1,1,1,0,0,0,0,0,0,0,0,0,0,0,0
out,1077,14153501028,ingress_after,1,5,5,34,55,0,0,1,1,0,0,-1,1,1,0,0,0,0,0,128,33,0,0,0,0,0
out,1078,14181961028,tx_start,1,5,0,0,55,36028797018963967,0,3,1,0,0,1,1,1,0,0,0,0,0,128,33,0,0,0,0,0
out,1079,14204042028,ingress_before,5,1,0,0,55,36028797018963967,0,1,0,0,0,-1,9,1,1,1,16,1,34,128,33,0,1,0,1,0
out,1080,14204042028,release,5,1,5,0,0,0,0,1,0,0,0,-1,9,1,0,0,16,1,34,0,0,0,0,0,0,0
out,1081,14204042028,ingress_after,5,1,0,0,55,36028797018963967,0,1,0,0,0,-1,9,1,0,0,16,0,34,128,33,0,0,0,0,0
out,1082,14220961028,tx_start,1,5,0,0,55,36028797018963967,0,3,1,0,0,1,1,1,0,0,0,0,0,128,33,0,0,0,0,0
out,1083,14243042028,ingress_before,5,1,0,0,55,36028797018963967,0,1,0,0,0,-1,9,1,0,0,16,0,34,128,33,0,0,0,0,0
out,1084,14243042028,ingress_after,5,1,0,0,55,36028797018963967,0,1,0,0,0,-1,9,1,0,0,16,0,34,128,33,0,0,0,0,0
out,1085,14259961028,tx_start,1,5,0,0,55,36028797018963967,0,3,1,0,0,1,1,1,0,0,0,0,0,128,33,0,0,0,0,0
out,1086,14282042028,ingress_before,5,1,0,0,55,36028797018963967,0,1,0,0,0,-1,9,1,0,0,16,0,34,128,33,0,0,0,0,0
out,1087,14282042028,ingress_after,5,1,0,0,55,36028797018963967,0,1,0,0,0,-1,9,1,0,0,16,0,34,128,33,0,0,0,0,0
out,1088,14298961028,tx_start,1,5,0,0,55,36028797018963967,0,3,1,0,0,1,1,1,0,0,0,0,0,128,33,0,0,0,0,0
out,1089,14321042028,ingress_before,5,1,0,0,55,36028797018963967,0,1,0,0,0,-1,9,1,0,0,16,0,34,128,33,0,0,0,0,0
out,1090,14321042028,ingress_after,5,1,0,0,55,36028797018963967,0,1,0,0,0,-1,9,1,0,0,16,0,34,128,33,0,0,0,0,0
out,1091,14337961028,tx_start,1,5,0,0,55,36028797018963967,0,3,1,0,0,1,1,1,0,0,0,0,0,128,33,0,0,0,0,0
out,1092,14360042028,ingress_before,5,1,0,0,55,36028797018963967,0,1,0,0,0,-1,9,1,0,0,16,0,34,128,33,0,0,0,0,0
out,1093,14360042028,ingress_after,5,1,0,0,55,36028797018963967,0,1,0,0,0,-1,9,1,0,0,16,0,34,128,33,0,0,0,0,0
out,1094,15000000000,generate,4,5,4,35,0,0,0,1,0,0,0,-1,7,4,5,5,4,0,34,0,0,13,13,13,0,5
out,1095,15000000000,generate,5,1,5,35,0,0,0,1,0,0,0,-1,9,1,0,0,16,0,34,0,0,0,0,0,0,0
out,1096,15000000000,offer,4,5,4,35,0,0,0,1,0,0,0,-1,7,4,5,5,4,0,34,0,0,13,13,13,0,5
out,1097,15000000000,admit,4,5,4,35,0,0,0,1,0,0,0,-1,7,4,5,5,4,0,35,0,0,14,14,14,0,5
out,1098,15000000000,offer,5,1,5,35,0,0,0,1,0,0,0,-1,9,1,0,0,16,0,34,0,0,0,0,0,0,0
out,1099,15000000000,admit,5,1,5,35,0,0,0,1,0,0,0,-1,9,1,0,0,16,0,35,0,0,1,1,0,1,0
out,1100,15132000028,tx_start,5,1,5,35,56,0,0,3,0,1,0,1,9,1,1,1,16,1,35,128,33,0,1,0,1,0
out,1101,15154501028,ingress_before,1,5,5,35,56,0,0,1,0,0,0,-1,1,1,0,0,0,0,0,128,33,0,0,0,0,0
out,1102,15154501028,deliver,1,5,5,35,0,0,0,1,1,0,0,-1,1,1,0,0,0,0,0,0,0,0,0,0,0,0
out,1103,15154501028,ingress_after,1,5,5,35,56,0,0,1,1,0,0,-1,1,1,0,0,0,0,0,128,33,0,0,0,0,0
out,1104,15182961028,tx_start,1,5,0,0,56,72057594037927935,0,3,1,0,0,1,1,1,0,0,0,0,0,128,33,0,0,0,0,0
out,1105,15205042028,ingress_before,5,1,0,0,56,72057594037927935,0,1,0,0,0,-1,9,1,1,1,16,1,35,128,33,0,1,0,1,0
out,1106,15205042028,release,5,1,5,0,0,0,0,1,0,0,0,-1,9,1,0,0,16,1,35,0,0,0,0,0,0,0
out,1107,15205042028,ingress_after,5,1,0,0,56,72057594037927935,0,1,0,0,0,-1,9,1,0,0,16,0,35,128,33,0,0,0,0,0
out,1108,15221961028,tx_start,1,5,0,0,56,72057594037927935,0,3,1,0,0,1,1,1,0,0,0,0,0,128,33,0,0,0,0,0
out,1109,15244042028,ingress_before,5,1,0,0,56,72057594037927935,0,1,0,0,0,-1,9,1,0,0,16,0,35,128,33,0,0,0,0,0
out,1110,15244042028,ingress_after,5,1,0,0,56,72057594037927935,0,1,0,0,0,-1,9,1,0,0,16,0,35,128,33,0,0,0,0,0
out,1111,15260961028,tx_start,1,5,0,0,56,72057594037927935,0,3,1,0,0,1,1,1,0,0,0,0,0,128,33,0,0,0,0,0
out,1112,15283042028,ingress_before,5,1,0,0,56,72057594037927935,0,1,0,0,0,-1,9,1,0,0,16,0,35,128,33,0,0,0,0,0
out,1113,15283042028,ingress_after,5,1,0,0,56,72057594037927935,0,1,0,0,0,-1,9,1,0,0,16,0,35,128,33,0,0,0,0,0
out,1114,15299961028,tx_start,1,5,0,0,56,72057594037927935,0,3,1,0,0,1,1,1,0,0,0,0,0,128,33,0,0,0,0,0
out,1115,15322042028,ingress_before,5,1,0,0,56,72057594037927935,0,1,0,0,0,-1,9,1,0,0,16,0,35,128,33,0,0,0,0,0
out,1116,15322042028,ingress_after,5,1,0,0,56,72057594037927935,0,1,0,0,0,-1,9,1,0,0,16,0,35,128,33,0,0,0,0,0
out,1117,15338961028,tx_start,1,5,0,0,56,72057594037927935,0,3,1,0,0,1,1,1,0,0,0,0,0,128,33,0,0,0,0,0
out,1118,15361042028,ingress_before,5,1,0,0,56,72057594037927935,0,1,0,0,0,-1,9,1,0,0,16,0,35,128,33,0,0,0,0,0
out,1119,15361042028,ingress_after,5,1,0,0,56,72057594037927935,0,1,0,0,0,-1,9,1,0,0,16,0,35,128,33,0,0,0,0,0
out,1120,16000000000,generate,4,5,4,36,0,0,0,1,0,0,0,-1,7,4,5,5,4,0,35,0,0,14,14,14,0,5
out,1121,16000000000,generate,5,1,5,36,0,0,0,1,0,0,0,-1,9,1,0,0,16,0,35,0,0,0,0,0,0,0
out,1122,16000000000,offer,4,5,4,36,0,0,0,1,0,0,0,-1,7,4,5,5,4,0,35,0,0,14,14,14,0,5
out,1123,16000000000,admit,4,5,4,36,0,0,0,1,0,0,0,-1,7,4,5,5,4,0,36,0,0,15,15,15,0,5
out,1124,16000000000,offer,5,1,5,36,0,0,0,1,0,0,0,-1,9,1,0,0,16,0,35,0,0,0,0,0,0,0
out,1125,16000000000,admit,5,1,5,36,0,0,0,1,0,0,0,-1,9,1,0,0,16,0,36,0,0,1,1,0,1,0
out,1126,16133000028,tx_start,5,1,5,36,57,0,0,3,0,1,0,1,9,1,1,1,16,1,36,128,33,0,1,0,1,0
out,1127,16155501028,ingress_before,1,5,5,36,57,0,0,1,0,0,0,-1,1,1,0,0,0,0,0,128,33,0,0,0,0,0
out,1128,16155501028,deliver,1,5,5,36,0,0,0,1,1,0,0,-1,1,1,0,0,0,0,0,0,0,0,0,0,0,0
out,1129,16155501028,ingress_after,1,5,5,36,57,0,0,1,1,0,0,-1,1,1,0,0,0,0,0,128,33,0,0,0,0,0
out,1130,16183961028,tx_start,1,5,0,0,57,144115188075855871,0,3,1,0,0,1,1,1,0,0,0,0,0,128,33,0,0,0,0,0
out,1131,16206042028,ingress_before,5,1,0,0,57,144115188075855871,0,1,0,0,0,-1,9,1,1,1,16,1,36,128,33,0,1,0,1,0
out,1132,16206042028,release,5,1,5,0,0,0,0,1,0,0,0,-1,9,1,0,0,16,1,36,0,0,0,0,0,0,0
out,1133,16206042028,ingress_after,5,1,0,0,57,144115188075855871,0,1,0,0,0,-1,9,1,0,0,16,0,36,128,33,0,0,0,0,0
out,1134,16222961028,tx_start,1,5,0,0,57,144115188075855871,0,3,1,0,0,1,1,1,0,0,0,0,0,128,33,0,0,0,0,0
out,1135,16245042028,ingress_before,5,1,0,0,57,144115188075855871,0,1,0,0,0,-1,9,1,0,0,16,0,36,128,33,0,0,0,0,0
out,1136,16245042028,ingress_after,5,1,0,0,57,144115188075855871,0,1,0,0,0,-1,9,1,0,0,16,0,36,128,33,0,0,0,0,0
out,1137,16261961028,tx_start,1,5,0,0,57,144115188075855871,0,3,1,0,0,1,1,1,0,0,0,0,0,128,33,0,0,0,0,0
out,1138,16284042028,ingress_before,5,1,0,0,57,144115188075855871,0,1,0,0,0,-1,9,1,0,0,16,0,36,128,33,0,0,0,0,0
out,1139,16284042028,ingress_after,5,1,0,0,57,144115188075855871,0,1,0,0,0,-1,9,1,0,0,16,0,36,128,33,0,0,0,0,0
out,1140,16300961028,tx_start,1,5,0,0,57,144115188075855871,0,3,1,0,0,1,1,1,0,0,0,0,0,128,33,0,0,0,0,0
out,1141,16323042028,ingress_before,5,1,0,0,57,144115188075855871,0,1,0,0,0,-1,9,1,0,0,16,0,36,128,33,0,0,0,0,0
out,1142,16323042028,ingress_after,5,1,0,0,57,144115188075855871,0,1,0,0,0,-1,9,1,0,0,16,0,36,128,33,0,0,0,0,0
out,1143,16339961028,tx_start,1,5,0,0,57,144115188075855871,0,3,1,0,0,1,1,1,0,0,0,0,0,128,33,0,0,0,0,0
out,1144,16362042028,ingress_before,5,1,0,0,57,144115188075855871,0,1,0,0,0,-1,9,1,0,0,16,0,36,128,33,0,0,0,0,0
out,1145,16362042028,ingress_after,5,1,0,0,57,144115188075855871,0,1,0,0,0,-1,9,1,0,0,16,0,36,128,33,0,0,0,0,0
out,1146,17000000000,generate,4,5,4,37,0,0,0,1,0,0,0,-1,7,4,5,5,4,0,36,0,0,15,15,15,0,5
out,1147,17000000000,generate,5,1,5,37,0,0,0,1,0,0,0,-1,9,1,0,0,16,0,36,0,0,0,0,0,0,0
out,1148,17000000000,offer,4,5,4,37,0,0,0,1,0,0,0,-1,7,4,5,5,4,0,36,0,0,15,15,15,0,5
out,1149,17000000000,admit,4,5,4,37,0,0,0,1,0,0,0,-1,7,4,5,5,4,0,37,0,0,16,16,16,0,5
out,1150,17000000000,offer,5,1,5,37,0,0,0,1,0,0,0,-1,9,1,0,0,16,0,36,0,0,0,0,0,0,0
out,1151,17000000000,admit,5,1,5,37,0,0,0,1,0,0,0,-1,9,1,0,0,16,0,37,0,0,1,1,0,1,0
out,1152,17134000028,tx_start,5,1,5,37,58,0,0,3,0,1,0,1,9,1,1,1,16,1,37,128,33,0,1,0,1,0
out,1153,17156501028,ingress_before,1,5,5,37,58,0,0,1,0,0,0,-1,1,1,0,0,0,0,0,128,33,0,0,0,0,0
out,1154,17156501028,deliver,1,5,5,37,0,0,0,1,1,0,0,-1,1,1,0,0,0,0,0,0,0,0,0,0,0,0
out,1155,17156501028,ingress_after,1,5,5,37,58,0,0,1,1,0,0,-1,1,1,0,0,0,0,0,128,33,0,0,0,0,0
out,1156,17184961028,tx_start,1,5,0,0,58,288230376151711743,0,3,1,0,0,1,1,1,0,0,0,0,0,128,33,0,0,0,0,0
out,1157,17207042028,ingress_before,5,1,0,0,58,288230376151711743,0,1,0,0,0,-1,9,1,1,1,16,1,37,128,33,0,1,0,1,0
out,1158,17207042028,release,5,1,5,0,0,0,0,1,0,0,0,-1,9,1,0,0,16,1,37,0,0,0,0,0,0,0
out,1159,17207042028,ingress_after,5,1,0,0,58,288230376151711743,0,1,0,0,0,-1,9,1,0,0,16,0,37,128,33,0,0,0,0,0
out,1160,17223961028,tx_start,1,5,0,0,58,288230376151711743,0,3,1,0,0,1,1,1,0,0,0,0,0,128,33,0,0,0,0,0
out,1161,17246042028,ingress_before,5,1,0,0,58,288230376151711743,0,1,0,0,0,-1,9,1,0,0,16,0,37,128,33,0,0,0,0,0
out,1162,17246042028,ingress_after,5,1,0,0,58,288230376151711743,0,1,0,0,0,-1,9,1,0,0,16,0,37,128,33,0,0,0,0,0
out,1163,17262961028,tx_start,1,5,0,0,58,288230376151711743,0,3,1,0,0,1,1,1,0,0,0,0,0,128,33,0,0,0,0,0
out,1164,17285042028,ingress_before,5,1,0,0,58,288230376151711743,0,1,0,0,0,-1,9,1,0,0,16,0,37,128,33,0,0,0,0,0
out,1165,17285042028,ingress_after,5,1,0,0,58,288230376151711743,0,1,0,0,0,-1,9,1,0,0,16,0,37,128,33,0,0,0,0,0
out,1166,17301961028,tx_start,1,5,0,0,58,288230376151711743,0,3,1,0,0,1,1,1,0,0,0,0,0,128,33,0,0,0,0,0
out,1167,17324042028,ingress_before,5,1,0,0,58,288230376151711743,0,1,0,0,0,-1,9,1,0,0,16,0,37,128,33,0,0,0,0,0
out,1168,17324042028,ingress_after,5,1,0,0,58,288230376151711743,0,1,0,0,0,-1,9,1,0,0,16,0,37,128,33,0,0,0,0,0
out,1169,17340961028,tx_start,1,5,0,0,58,288230376151711743,0,3,1,0,0,1,1,1,0,0,0,0,0,128,33,0,0,0,0,0
out,1170,17363042028,ingress_before,5,1,0,0,58,288230376151711743,0,1,0,0,0,-1,9,1,0,0,16,0,37,128,33,0,0,0,0,0
out,1171,17363042028,ingress_after,5,1,0,0,58,288230376151711743,0,1,0,0,0,-1,9,1,0,0,16,0,37,128,33,0,0,0,0,0
out,1172,18000000000,generate,4,5,4,38,0,0,0,1,0,0,0,-1,7,4,5,5,4,0,37,0,0,16,16,16,0,5
out,1173,18000000000,generate,5,1,5,38,0,0,0,1,0,0,0,-1,9,1,0,0,16,0,37,0,0,0,0,0,0,0
out,1174,18000000000,offer,4,5,4,38,0,0,0,1,0,0,0,-1,7,4,5,5,4,0,37,0,0,16,16,16,0,5
out,1175,18000000000,blocked,4,5,4,38,0,0,0,1,0,0,0,-1,7,4,5,5,4,0,37,0,0,16,16,16,0,5
out,1176,18000000000,offer,5,1,5,38,0,0,0,1,0,0,0,-1,9,1,0,0,16,0,37,0,0,0,0,0,0,0
out,1177,18000000000,admit,5,1,5,38,0,0,0,1,0,0,0,-1,9,1,0,0,16,0,38,0,0,1,1,0,1,0
out,1178,18020000000,offer,4,5,4,38,0,0,0,1,0,0,0,-1,7,4,5,5,4,0,37,0,0,16,16,16,0,5
out,1179,18020000000,blocked,4,5,4,38,0,0,0,1,0,0,0,-1,7,4,5,5,4,0,37,0,0,16,16,16,0,5
out,1180,18040000000,offer,4,5,4,38,0,0,0,1,0,0,0,-1,7,4,5,5,4,0,37,0,0,16,16,16,0,5
out,1181,18040000000,blocked,4,5,4,38,0,0,0,1,0,0,0,-1,7,4,5,5,4,0,37,0,0,16,16,16,0,5
out,1182,18060000000,offer,4,5,4,38,0,0,0,1,0,0,0,-1,7,4,5,5,4,0,37,0,0,16,16,16,0,5
out,1183,18060000000,blocked,4,5,4,38,0,0,0,1,0,0,0,-1,7,4,5,5,4,0,37,0,0,16,16,16,0,5
out,1184,18080000000,offer,4,5,4,38,0,0,0,1,0,0,0,-1,7,4,5,5,4,0,37,0,0,16,16,16,0,5
out,1185,18080000000,blocked,4,5,4,38,0,0,0,1,0,0,0,-1,7,4,5,5,4,0,37,0,0,16,16,16,0,5
out,1186,18100000000,offer,4,5,4,38,0,0,0,1,0,0,0,-1,7,4,5,5,4,0,37,0,0,16,16,16,0,5
out,1187,18100000000,blocked,4,5,4,38,0,0,0,1,0,0,0,-1,7,4,5,5,4,0,37,0,0,16,16,16,0,5
out,1188,18120000000,offer,4,5,4,38,0,0,0,1,0,0,0,-1,7,4,5,5,4,0,37,0,0,16,16,16,0,5
out,1189,18120000000,blocked,4,5,4,38,0,0,0,1,0,0,0,-1,7,4,5,5,4,0,37,0,0,16,16,16,0,5
out,1190,18135000028,tx_start,5,1,5,38,59,0,0,3,0,1,0,1,9,1,1,1,16,1,38,128,33,0,1,0,1,0
out,1191,18140000000,offer,4,5,4,38,0,0,0,1,0,0,0,-1,7,4,5,5,4,0,37,0,0,16,16,16,0,5
out,1192,18140000000,blocked,4,5,4,38,0,0,0,1,0,0,0,-1,7,4,5,5,4,0,37,0,0,16,16,16,0,5
out,1193,18157501028,ingress_before,1,5,5,38,59,0,0,1,0,0,0,-1,1,1,0,0,0,0,0,128,33,0,0,0,0,0
out,1194,18157501028,deliver,1,5,5,38,0,0,0,1,1,0,0,-1,1,1,0,0,0,0,0,0,0,0,0,0,0,0
out,1195,18157501028,ingress_after,1,5,5,38,59,0,0,1,1,0,0,-1,1,1,0,0,0,0,0,128,33,0,0,0,0,0
out,1196,18160000000,offer,4,5,4,38,0,0,0,1,0,0,0,-1,7,4,5,5,4,0,37,0,0,16,16,16,0,5
out,1197,18160000000,blocked,4,5,4,38,0,0,0,1,0,0,0,-1,7,4,5,5,4,0,37,0,0,16,16,16,0,5
out,1198,18180000000,offer,4,5,4,38,0,0,0,1,0,0,0,-1,7,4,5,5,4,0,37,0,0,16,16,16,0,5
out,1199,18180000000,blocked,4,5,4,38,0,0,0,1,0,0,0,-1,7,4,5,5,4,0,37,0,0,16,16,16,0,5
out,1200,18185961028,tx_start,1,5,0,0,59,576460752303423487,0,3,1,0,0,1,1,1,0,0,0,0,0,128,33,0,0,0,0,0
out,1201,18200000000,offer,4,5,4,38,0,0,0,1,0,0,0,-1,7,4,5,5,4,0,37,0,0,16,16,16,0,5
out,1202,18200000000,blocked,4,5,4,38,0,0,0,1,0,0,0,-1,7,4,5,5,4,0,37,0,0,16,16,16,0,5
out,1203,18208042028,ingress_before,5,1,0,0,59,576460752303423487,0,1,0,0,0,-1,9,1,1,1,16,1,38,128,33,0,1,0,1,0
out,1204,18208042028,release,5,1,5,0,0,0,0,1,0,0,0,-1,9,1,0,0,16,1,38,0,0,0,0,0,0,0
out,1205,18208042028,ingress_after,5,1,0,0,59,576460752303423487,0,1,0,0,0,-1,9,1,0,0,16,0,38,128,33,0,0,0,0,0
out,1206,18220000000,offer,4,5,4,38,0,0,0,1,0,0,0,-1,7,4,5,5,4,0,37,0,0,16,16,16,0,5
out,1207,18220000000,blocked,4,5,4,38,0,0,0,1,0,0,0,-1,7,4,5,5,4,0,37,0,0,16,16,16,0,5
out,1208,18224961028,tx_start,1,5,0,0,59,576460752303423487,0,3,1,0,0,1,1,1,0,0,0,0,0,128,33,0,0,0,0,0
out,1209,18240000000,offer,4,5,4,38,0,0,0,1,0,0,0,-1,7,4,5,5,4,0,37,0,0,16,16,16,0,5
out,1210,18240000000,blocked,4,5,4,38,0,0,0,1,0,0,0,-1,7,4,5,5,4,0,37,0,0,16,16,16,0,5
out,1211,18247042028,ingress_before,5,1,0,0,59,576460752303423487,0,1,0,0,0,-1,9,1,0,0,16,0,38,128,33,0,0,0,0,0
out,1212,18247042028,ingress_after,5,1,0,0,59,576460752303423487,0,1,0,0,0,-1,9,1,0,0,16,0,38,128,33,0,0,0,0,0
out,1213,18260000000,offer,4,5,4,38,0,0,0,1,0,0,0,-1,7,4,5,5,4,0,37,0,0,16,16,16,0,5
out,1214,18260000000,blocked,4,5,4,38,0,0,0,1,0,0,0,-1,7,4,5,5,4,0,37,0,0,16,16,16,0,5
out,1215,18263961028,tx_start,1,5,0,0,59,576460752303423487,0,3,1,0,0,1,1,1,0,0,0,0,0,128,33,0,0,0,0,0
out,1216,18280000000,offer,4,5,4,38,0,0,0,1,0,0,0,-1,7,4,5,5,4,0,37,0,0,16,16,16,0,5
out,1217,18280000000,blocked,4,5,4,38,0,0,0,1,0,0,0,-1,7,4,5,5,4,0,37,0,0,16,16,16,0,5
out,1218,18286042028,ingress_before,5,1,0,0,59,576460752303423487,0,1,0,0,0,-1,9,1,0,0,16,0,38,128,33,0,0,0,0,0
out,1219,18286042028,ingress_after,5,1,0,0,59,576460752303423487,0,1,0,0,0,-1,9,1,0,0,16,0,38,128,33,0,0,0,0,0
out,1220,18300000000,offer,4,5,4,38,0,0,0,1,0,0,0,-1,7,4,5,5,4,0,37,0,0,16,16,16,0,5
out,1221,18300000000,blocked,4,5,4,38,0,0,0,1,0,0,0,-1,7,4,5,5,4,0,37,0,0,16,16,16,0,5
out,1222,18302961028,tx_start,1,5,0,0,59,576460752303423487,0,3,1,0,0,1,1,1,0,0,0,0,0,128,33,0,0,0,0,0
out,1223,18320000000,offer,4,5,4,38,0,0,0,1,0,0,0,-1,7,4,5,5,4,0,37,0,0,16,16,16,0,5
out,1224,18320000000,blocked,4,5,4,38,0,0,0,1,0,0,0,-1,7,4,5,5,4,0,37,0,0,16,16,16,0,5
out,1225,18325042028,ingress_before,5,1,0,0,59,576460752303423487,0,1,0,0,0,-1,9,1,0,0,16,0,38,128,33,0,0,0,0,0
out,1226,18325042028,ingress_after,5,1,0,0,59,576460752303423487,0,1,0,0,0,-1,9,1,0,0,16,0,38,128,33,0,0,0,0,0
out,1227,18340000000,offer,4,5,4,38,0,0,0,1,0,0,0,-1,7,4,5,5,4,0,37,0,0,16,16,16,0,5
out,1228,18340000000,blocked,4,5,4,38,0,0,0,1,0,0,0,-1,7,4,5,5,4,0,37,0,0,16,16,16,0,5
out,1229,18341961028,tx_start,1,5,0,0,59,576460752303423487,0,3,1,0,0,1,1,1,0,0,0,0,0,128,33,0,0,0,0,0
out,1230,18360000000,offer,4,5,4,38,0,0,0,1,0,0,0,-1,7,4,5,5,4,0,37,0,0,16,16,16,0,5
out,1231,18360000000,blocked,4,5,4,38,0,0,0,1,0,0,0,-1,7,4,5,5,4,0,37,0,0,16,16,16,0,5
out,1232,18364042028,ingress_before,5,1,0,0,59,576460752303423487,0,1,0,0,0,-1,9,1,0,0,16,0,38,128,33,0,0,0,0,0
out,1233,18364042028,ingress_after,5,1,0,0,59,576460752303423487,0,1,0,0,0,-1,9,1,0,0,16,0,38,128,33,0,0,0,0,0
out,1234,18380000000,offer,4,5,4,38,0,0,0,1,0,0,0,-1,7,4,5,5,4,0,37,0,0,16,16,16,0,5
out,1235,18380000000,blocked,4,5,4,38,0,0,0,1,0,0,0,-1,7,4,5,5,4,0,37,0,0,16,16,16,0,5
out,1236,18400000000,offer,4,5,4,38,0,0,0,1,0,0,0,-1,7,4,5,5,4,0,37,0,0,16,16,16,0,5
out,1237,18400000000,blocked,4,5,4,38,0,0,0,1,0,0,0,-1,7,4,5,5,4,0,37,0,0,16,16,16,0,5
out,1238,18420000000,offer,4,5,4,38,0,0,0,1,0,0,0,-1,7,4,5,5,4,0,37,0,0,16,16,16,0,5
out,1239,18420000000,blocked,4,5,4,38,0,0,0,1,0,0,0,-1,7,4,5,5,4,0,37,0,0,16,16,16,0,5
out,1240,18440000000,offer,4,5,4,38,0,0,0,1,0,0,0,-1,7,4,5,5,4,0,37,0,0,16,16,16,0,5
out,1241,18440000000,blocked,4,5,4,38,0,0,0,1,0,0,0,-1,7,4,5,5,4,0,37,0,0,16,16,16,0,5
out,1242,18460000000,offer,4,5,4,38,0,0,0,1,0,0,0,-1,7,4,5,5,4,0,37,0,0,16,16,16,0,5
out,1243,18460000000,blocked,4,5,4,38,0,0,0,1,0,0,0,-1,7,4,5,5,4,0,37,0,0,16,16,16,0,5
out,1244,18480000000,offer,4,5,4,38,0,0,0,1,0,0,0,-1,7,4,5,5,4,0,37,0,0,16,16,16,0,5
out,1245,18480000000,blocked,4,5,4,38,0,0,0,1,0,0,0,-1,7,4,5,5,4,0,37,0,0,16,16,16,0,5
out,1246,18500000000,offer,4,5,4,38,0,0,0,1,0,0,0,-1,7,4,5,5,4,0,37,0,0,16,16,16,0,5
out,1247,18500000000,blocked,4,5,4,38,0,0,0,1,0,0,0,-1,7,4,5,5,4,0,37,0,0,16,16,16,0,5
out,1248,18520000000,offer,4,5,4,38,0,0,0,1,0,0,0,-1,7,4,5,5,4,0,37,0,0,16,16,16,0,5
out,1249,18520000000,blocked,4,5,4,38,0,0,0,1,0,0,0,-1,7,4,5,5,4,0,37,0,0,16,16,16,0,5
out,1250,18540000000,offer,4,5,4,38,0,0,0,1,0,0,0,-1,7,4,5,5,4,0,37,0,0,16,16,16,0,5
out,1251,18540000000,blocked,4,5,4,38,0,0,0,1,0,0,0,-1,7,4,5,5,4,0,37,0,0,16,16,16,0,5
out,1252,18560000000,offer,4,5,4,38,0,0,0,1,0,0,0,-1,7,4,5,5,4,0,37,0,0,16,16,16,0,5
out,1253,18560000000,blocked,4,5,4,38,0,0,0,1,0,0,0,-1,7,4,5,5,4,0,37,0,0,16,16,16,0,5
out,1254,18580000000,offer,4,5,4,38,0,0,0,1,0,0,0,-1,7,4,5,5,4,0,37,0,0,16,16,16,0,5
out,1255,18580000000,blocked,4,5,4,38,0,0,0,1,0,0,0,-1,7,4,5,5,4,0,37,0,0,16,16,16,0,5
out,1256,18600000000,offer,4,5,4,38,0,0,0,1,0,0,0,-1,7,4,5,5,4,0,37,0,0,16,16,16,0,5
out,1257,18600000000,blocked,4,5,4,38,0,0,0,1,0,0,0,-1,7,4,5,5,4,0,37,0,0,16,16,16,0,5
out,1258,18620000000,offer,4,5,4,38,0,0,0,1,0,0,0,-1,7,4,5,5,4,0,37,0,0,16,16,16,0,5
out,1259,18620000000,blocked,4,5,4,38,0,0,0,1,0,0,0,-1,7,4,5,5,4,0,37,0,0,16,16,16,0,5
out,1260,18640000000,offer,4,5,4,38,0,0,0,1,0,0,0,-1,7,4,5,5,4,0,37,0,0,16,16,16,0,5
out,1261,18640000000,blocked,4,5,4,38,0,0,0,1,0,0,0,-1,7,4,5,5,4,0,37,0,0,16,16,16,0,5
out,1262,18660000000,offer,4,5,4,38,0,0,0,1,0,0,0,-1,7,4,5,5,4,0,37,0,0,16,16,16,0,5
out,1263,18660000000,blocked,4,5,4,38,0,0,0,1,0,0,0,-1,7,4,5,5,4,0,37,0,0,16,16,16,0,5
out,1264,18680000000,offer,4,5,4,38,0,0,0,1,0,0,0,-1,7,4,5,5,4,0,37,0,0,16,16,16,0,5
out,1265,18680000000,blocked,4,5,4,38,0,0,0,1,0,0,0,-1,7,4,5,5,4,0,37,0,0,16,16,16,0,5
out,1266,18700000000,offer,4,5,4,38,0,0,0,1,0,0,0,-1,7,4,5,5,4,0,37,0,0,16,16,16,0,5
out,1267,18700000000,blocked,4,5,4,38,0,0,0,1,0,0,0,-1,7,4,5,5,4,0,37,0,0,16,16,16,0,5
out,1268,18720000000,offer,4,5,4,38,0,0,0,1,0,0,0,-1,7,4,5,5,4,0,37,0,0,16,16,16,0,5
out,1269,18720000000,blocked,4,5,4,38,0,0,0,1,0,0,0,-1,7,4,5,5,4,0,37,0,0,16,16,16,0,5
out,1270,18740000000,offer,4,5,4,38,0,0,0,1,0,0,0,-1,7,4,5,5,4,0,37,0,0,16,16,16,0,5
out,1271,18740000000,blocked,4,5,4,38,0,0,0,1,0,0,0,-1,7,4,5,5,4,0,37,0,0,16,16,16,0,5
out,1272,18760000000,offer,4,5,4,38,0,0,0,1,0,0,0,-1,7,4,5,5,4,0,37,0,0,16,16,16,0,5
out,1273,18760000000,blocked,4,5,4,38,0,0,0,1,0,0,0,-1,7,4,5,5,4,0,37,0,0,16,16,16,0,5
out,1274,18780000000,offer,4,5,4,38,0,0,0,1,0,0,0,-1,7,4,5,5,4,0,37,0,0,16,16,16,0,5
out,1275,18780000000,blocked,4,5,4,38,0,0,0,1,0,0,0,-1,7,4,5,5,4,0,37,0,0,16,16,16,0,5
out,1276,18800000000,offer,4,5,4,38,0,0,0,1,0,0,0,-1,7,4,5,5,4,0,37,0,0,16,16,16,0,5
out,1277,18800000000,blocked,4,5,4,38,0,0,0,1,0,0,0,-1,7,4,5,5,4,0,37,0,0,16,16,16,0,5
out,1278,18820000000,offer,4,5,4,38,0,0,0,1,0,0,0,-1,7,4,5,5,4,0,37,0,0,16,16,16,0,5
out,1279,18820000000,blocked,4,5,4,38,0,0,0,1,0,0,0,-1,7,4,5,5,4,0,37,0,0,16,16,16,0,5
out,1280,18840000000,offer,4,5,4,38,0,0,0,1,0,0,0,-1,7,4,5,5,4,0,37,0,0,16,16,16,0,5
out,1281,18840000000,blocked,4,5,4,38,0,0,0,1,0,0,0,-1,7,4,5,5,4,0,37,0,0,16,16,16,0,5
out,1282,18860000000,offer,4,5,4,38,0,0,0,1,0,0,0,-1,7,4,5,5,4,0,37,0,0,16,16,16,0,5
out,1283,18860000000,blocked,4,5,4,38,0,0,0,1,0,0,0,-1,7,4,5,5,4,0,37,0,0,16,16,16,0,5
out,1284,18880000000,offer,4,5,4,38,0,0,0,1,0,0,0,-1,7,4,5,5,4,0,37,0,0,16,16,16,0,5
out,1285,18880000000,blocked,4,5,4,38,0,0,0,1,0,0,0,-1,7,4,5,5,4,0,37,0,0,16,16,16,0,5
out,1286,18900000000,offer,4,5,4,38,0,0,0,1,0,0,0,-1,7,4,5,5,4,0,37,0,0,16,16,16,0,5
out,1287,18900000000,blocked,4,5,4,38,0,0,0,1,0,0,0,-1,7,4,5,5,4,0,37,0,0,16,16,16,0,5
out,1288,18920000000,offer,4,5,4,38,0,0,0,1,0,0,0,-1,7,4,5,5,4,0,37,0,0,16,16,16,0,5
out,1289,18920000000,blocked,4,5,4,38,0,0,0,1,0,0,0,-1,7,4,5,5,4,0,37,0,0,16,16,16,0,5
out,1290,18940000000,offer,4,5,4,38,0,0,0,1,0,0,0,-1,7,4,5,5,4,0,37,0,0,16,16,16,0,5
out,1291,18940000000,blocked,4,5,4,38,0,0,0,1,0,0,0,-1,7,4,5,5,4,0,37,0,0,16,16,16,0,5
out,1292,18960000000,offer,4,5,4,38,0,0,0,1,0,0,0,-1,7,4,5,5,4,0,37,0,0,16,16,16,0,5
out,1293,18960000000,blocked,4,5,4,38,0,0,0,1,0,0,0,-1,7,4,5,5,4,0,37,0,0,16,16,16,0,5
out,1294,18980000000,offer,4,5,4,38,0,0,0,1,0,0,0,-1,7,4,5,5,4,0,37,0,0,16,16,16,0,5
out,1295,18980000000,blocked,4,5,4,38,0,0,0,1,0,0,0,-1,7,4,5,5,4,0,37,0,0,16,16,16,0,5
out,1296,19000000000,generate,4,5,4,39,0,0,0,1,0,0,0,-1,7,4,5,5,4,0,37,0,0,16,16,16,0,5
out,1297,19000000000,generate,5,1,5,39,0,0,0,1,0,0,0,-1,9,1,0,0,16,0,38,0,0,0,0,0,0,0
out,1298,19000000000,offer,4,5,4,38,0,0,0,1,0,0,0,-1,7,4,5,5,4,0,37,0,0,16,16,16,0,5
out,1299,19000000000,blocked,4,5,4,38,0,0,0,1,0,0,0,-1,7,4,5,5,4,0,37,0,0,16,16,16,0,5
out,1300,19000000000,offer,5,1,5,39,0,0,0,1,0,0,0,-1,9,1,0,0,16,0,38,0,0,0,0,0,0,0
out,1301,19000000000,admit,5,1,5,39,0,0,0,1,0,0,0,-1,9,1,0,0,16,0,39,0,0,1,1,0,1,0
out,1302,19020000000,offer,4,5,4,38,0,0,0,1,0,0,0,-1,7,4,5,5,4,0,37,0,0,16,16,16,0,5
out,1303,19020000000,blocked,4,5,4,38,0,0,0,1,0,0,0,-1,7,4,5,5,4,0,37,0,0,16,16,16,0,5
out,1304,19040000000,offer,4,5,4,38,0,0,0,1,0,0,0,-1,7,4,5,5,4,0,37,0,0,16,16,16,0,5
out,1305,19040000000,blocked,4,5,4,38,0,0,0,1,0,0,0,-1,7,4,5,5,4,0,37,0,0,16,16,16,0,5
out,1306,19060000000,offer,4,5,4,38,0,0,0,1,0,0,0,-1,7,4,5,5,4,0,37,0,0,16,16,16,0,5
out,1307,19060000000,blocked,4,5,4,38,0,0,0,1,0,0,0,-1,7,4,5,5,4,0,37,0,0,16,16,16,0,5
out,1308,19080000000,offer,4,5,4,38,0,0,0,1,0,0,0,-1,7,4,5,5,4,0,37,0,0,16,16,16,0,5
out,1309,19080000000,blocked,4,5,4,38,0,0,0,1,0,0,0,-1,7,4,5,5,4,0,37,0,0,16,16,16,0,5
out,1310,19100000000,offer,4,5,4,38,0,0,0,1,0,0,0,-1,7,4,5,5,4,0,37,0,0,16,16,16,0,5
out,1311,19100000000,blocked,4,5,4,38,0,0,0,1,0,0,0,-1,7,4,5,5,4,0,37,0,0,16,16,16,0,5
out,1312,19120000000,offer,4,5,4,38,0,0,0,1,0,0,0,-1,7,4,5,5,4,0,37,0,0,16,16,16,0,5
out,1313,19120000000,blocked,4,5,4,38,0,0,0,1,0,0,0,-1,7,4,5,5,4,0,37,0,0,16,16,16,0,5
out,1314,19136000028,tx_start,5,1,5,39,60,0,0,3,0,1,0,1,9,1,1,1,16,1,39,128,33,0,1,0,1,0
out,1315,19140000000,offer,4,5,4,38,0,0,0,1,0,0,0,-1,7,4,5,5,4,0,37,0,0,16,16,16,0,5
out,1316,19140000000,blocked,4,5,4,38,0,0,0,1,0,0,0,-1,7,4,5,5,4,0,37,0,0,16,16,16,0,5
out,1317,19158501028,ingress_before,1,5,5,39,60,0,0,1,0,0,0,-1,1,1,0,0,0,0,0,128,33,0,0,0,0,0
out,1318,19158501028,deliver,1,5,5,39,0,0,0,1,1,0,0,-1,1,1,0,0,0,0,0,0,0,0,0,0,0,0
out,1319,19158501028,ingress_after,1,5,5,39,60,0,0,1,1,0,0,-1,1,1,0,0,0,0,0,128,33,0,0,0,0,0
out,1320,19160000000,offer,4,5,4,38,0,0,0,1,0,0,0,-1,7,4,5,5,4,0,37,0,0,16,16,16,0,5
out,1321,19160000000,blocked,4,5,4,38,0,0,0,1,0,0,0,-1,7,4,5,5,4,0,37,0,0,16,16,16,0,5
out,1322,19180000000,offer,4,5,4,38,0,0,0,1,0,0,0,-1,7,4,5,5,4,0,37,0,0,16,16,16,0,5
out,1323,19180000000,blocked,4,5,4,38,0,0,0,1,0,0,0,-1,7,4,5,5,4,0,37,0,0,16,16,16,0,5
out,1324,19186961028,tx_start,1,5,0,0,60,1152921504606846975,0,3,1,0,0,1,1,1,0,0,0,0,0,128,33,0,0,0,0,0
out,1325,19200000000,offer,4,5,4,38,0,0,0,1,0,0,0,-1,7,4,5,5,4,0,37,0,0,16,16,16,0,5
out,1326,19200000000,blocked,4,5,4,38,0,0,0,1,0,0,0,-1,7,4,5,5,4,0,37,0,0,16,16,16,0,5
out,1327,19209042028,ingress_before,5,1,0,0,60,1152921504606846975,0,1,0,0,0,-1,9,1,1,1,16,1,39,128,33,0,1,0,1,0
out,1328,19209042028,release,5,1,5,0,0,0,0,1,0,0,0,-1,9,1,0,0,16,1,39,0,0,0,0,0,0,0
out,1329,19209042028,ingress_after,5,1,0,0,60,1152921504606846975,0,1,0,0,0,-1,9,1,0,0,16,0,39,128,33,0,0,0,0,0
out,1330,19220000000,offer,4,5,4,38,0,0,0,1,0,0,0,-1,7,4,5,5,4,0,37,0,0,16,16,16,0,5
out,1331,19220000000,blocked,4,5,4,38,0,0,0,1,0,0,0,-1,7,4,5,5,4,0,37,0,0,16,16,16,0,5
out,1332,19225961028,tx_start,1,5,0,0,60,1152921504606846975,0,3,1,0,0,1,1,1,0,0,0,0,0,128,33,0,0,0,0,0
out,1333,19240000000,offer,4,5,4,38,0,0,0,1,0,0,0,-1,7,4,5,5,4,0,37,0,0,16,16,16,0,5
out,1334,19240000000,blocked,4,5,4,38,0,0,0,1,0,0,0,-1,7,4,5,5,4,0,37,0,0,16,16,16,0,5
out,1335,19248042028,ingress_before,5,1,0,0,60,1152921504606846975,0,1,0,0,0,-1,9,1,0,0,16,0,39,128,33,0,0,0,0,0
out,1336,19248042028,ingress_after,5,1,0,0,60,1152921504606846975,0,1,0,0,0,-1,9,1,0,0,16,0,39,128,33,0,0,0,0,0
out,1337,19260000000,offer,4,5,4,38,0,0,0,1,0,0,0,-1,7,4,5,5,4,0,37,0,0,16,16,16,0,5
out,1338,19260000000,blocked,4,5,4,38,0,0,0,1,0,0,0,-1,7,4,5,5,4,0,37,0,0,16,16,16,0,5
out,1339,19264961028,tx_start,1,5,0,0,60,1152921504606846975,0,3,1,0,0,1,1,1,0,0,0,0,0,128,33,0,0,0,0,0
out,1340,19280000000,offer,4,5,4,38,0,0,0,1,0,0,0,-1,7,4,5,5,4,0,37,0,0,16,16,16,0,5
out,1341,19280000000,blocked,4,5,4,38,0,0,0,1,0,0,0,-1,7,4,5,5,4,0,37,0,0,16,16,16,0,5
out,1342,19287042028,ingress_before,5,1,0,0,60,1152921504606846975,0,1,0,0,0,-1,9,1,0,0,16,0,39,128,33,0,0,0,0,0
out,1343,19287042028,ingress_after,5,1,0,0,60,1152921504606846975,0,1,0,0,0,-1,9,1,0,0,16,0,39,128,33,0,0,0,0,0
out,1344,19300000000,offer,4,5,4,38,0,0,0,1,0,0,0,-1,7,4,5,5,4,0,37,0,0,16,16,16,0,5
out,1345,19300000000,blocked,4,5,4,38,0,0,0,1,0,0,0,-1,7,4,5,5,4,0,37,0,0,16,16,16,0,5
out,1346,19303961028,tx_start,1,5,0,0,60,1152921504606846975,0,3,1,0,0,1,1,1,0,0,0,0,0,128,33,0,0,0,0,0
out,1347,19320000000,offer,4,5,4,38,0,0,0,1,0,0,0,-1,7,4,5,5,4,0,37,0,0,16,16,16,0,5
out,1348,19320000000,blocked,4,5,4,38,0,0,0,1,0,0,0,-1,7,4,5,5,4,0,37,0,0,16,16,16,0,5
out,1349,19326042028,ingress_before,5,1,0,0,60,1152921504606846975,0,1,0,0,0,-1,9,1,0,0,16,0,39,128,33,0,0,0,0,0
out,1350,19326042028,ingress_after,5,1,0,0,60,1152921504606846975,0,1,0,0,0,-1,9,1,0,0,16,0,39,128,33,0,0,0,0,0
out,1351,19340000000,offer,4,5,4,38,0,0,0,1,0,0,0,-1,7,4,5,5,4,0,37,0,0,16,16,16,0,5
out,1352,19340000000,blocked,4,5,4,38,0,0,0,1,0,0,0,-1,7,4,5,5,4,0,37,0,0,16,16,16,0,5
out,1353,19342961028,tx_start,1,5,0,0,60,1152921504606846975,0,3,1,0,0,1,1,1,0,0,0,0,0,128,33,0,0,0,0,0
out,1354,19360000000,offer,4,5,4,38,0,0,0,1,0,0,0,-1,7,4,5,5,4,0,37,0,0,16,16,16,0,5
out,1355,19360000000,blocked,4,5,4,38,0,0,0,1,0,0,0,-1,7,4,5,5,4,0,37,0,0,16,16,16,0,5
out,1356,19365042028,ingress_before,5,1,0,0,60,1152921504606846975,0,1,0,0,0,-1,9,1,0,0,16,0,39,128,33,0,0,0,0,0
out,1357,19365042028,ingress_after,5,1,0,0,60,1152921504606846975,0,1,0,0,0,-1,9,1,0,0,16,0,39,128,33,0,0,0,0,0
out,1358,19380000000,offer,4,5,4,38,0,0,0,1,0,0,0,-1,7,4,5,5,4,0,37,0,0,16,16,16,0,5
out,1359,19380000000,blocked,4,5,4,38,0,0,0,1,0,0,0,-1,7,4,5,5,4,0,37,0,0,16,16,16,0,5
out,1360,19400000000,offer,4,5,4,38,0,0,0,1,0,0,0,-1,7,4,5,5,4,0,37,0,0,16,16,16,0,5
out,1361,19400000000,blocked,4,5,4,38,0,0,0,1,0,0,0,-1,7,4,5,5,4,0,37,0,0,16,16,16,0,5
out,1362,19420000000,offer,4,5,4,38,0,0,0,1,0,0,0,-1,7,4,5,5,4,0,37,0,0,16,16,16,0,5
out,1363,19420000000,blocked,4,5,4,38,0,0,0,1,0,0,0,-1,7,4,5,5,4,0,37,0,0,16,16,16,0,5
out,1364,19440000000,offer,4,5,4,38,0,0,0,1,0,0,0,-1,7,4,5,5,4,0,37,0,0,16,16,16,0,5
out,1365,19440000000,blocked,4,5,4,38,0,0,0,1,0,0,0,-1,7,4,5,5,4,0,37,0,0,16,16,16,0,5
out,1366,19460000000,offer,4,5,4,38,0,0,0,1,0,0,0,-1,7,4,5,5,4,0,37,0,0,16,16,16,0,5
out,1367,19460000000,blocked,4,5,4,38,0,0,0,1,0,0,0,-1,7,4,5,5,4,0,37,0,0,16,16,16,0,5
out,1368,19480000000,offer,4,5,4,38,0,0,0,1,0,0,0,-1,7,4,5,5,4,0,37,0,0,16,16,16,0,5
out,1369,19480000000,blocked,4,5,4,38,0,0,0,1,0,0,0,-1,7,4,5,5,4,0,37,0,0,16,16,16,0,5
out,1370,19500000000,offer,4,5,4,38,0,0,0,1,0,0,0,-1,7,4,5,5,4,0,37,0,0,16,16,16,0,5
out,1371,19500000000,blocked,4,5,4,38,0,0,0,1,0,0,0,-1,7,4,5,5,4,0,37,0,0,16,16,16,0,5
out,1372,19520000000,offer,4,5,4,38,0,0,0,1,0,0,0,-1,7,4,5,5,4,0,37,0,0,16,16,16,0,5
out,1373,19520000000,blocked,4,5,4,38,0,0,0,1,0,0,0,-1,7,4,5,5,4,0,37,0,0,16,16,16,0,5
out,1374,19540000000,offer,4,5,4,38,0,0,0,1,0,0,0,-1,7,4,5,5,4,0,37,0,0,16,16,16,0,5
out,1375,19540000000,blocked,4,5,4,38,0,0,0,1,0,0,0,-1,7,4,5,5,4,0,37,0,0,16,16,16,0,5
out,1376,19560000000,offer,4,5,4,38,0,0,0,1,0,0,0,-1,7,4,5,5,4,0,37,0,0,16,16,16,0,5
out,1377,19560000000,blocked,4,5,4,38,0,0,0,1,0,0,0,-1,7,4,5,5,4,0,37,0,0,16,16,16,0,5
out,1378,19580000000,offer,4,5,4,38,0,0,0,1,0,0,0,-1,7,4,5,5,4,0,37,0,0,16,16,16,0,5
out,1379,19580000000,blocked,4,5,4,38,0,0,0,1,0,0,0,-1,7,4,5,5,4,0,37,0,0,16,16,16,0,5
out,1380,19600000000,offer,4,5,4,38,0,0,0,1,0,0,0,-1,7,4,5,5,4,0,37,0,0,16,16,16,0,5
out,1381,19600000000,blocked,4,5,4,38,0,0,0,1,0,0,0,-1,7,4,5,5,4,0,37,0,0,16,16,16,0,5
out,1382,19620000000,offer,4,5,4,38,0,0,0,1,0,0,0,-1,7,4,5,5,4,0,37,0,0,16,16,16,0,5
out,1383,19620000000,blocked,4,5,4,38,0,0,0,1,0,0,0,-1,7,4,5,5,4,0,37,0,0,16,16,16,0,5
out,1384,19640000000,offer,4,5,4,38,0,0,0,1,0,0,0,-1,7,4,5,5,4,0,37,0,0,16,16,16,0,5
out,1385,19640000000,blocked,4,5,4,38,0,0,0,1,0,0,0,-1,7,4,5,5,4,0,37,0,0,16,16,16,0,5
out,1386,19660000000,offer,4,5,4,38,0,0,0,1,0,0,0,-1,7,4,5,5,4,0,37,0,0,16,16,16,0,5
out,1387,19660000000,blocked,4,5,4,38,0,0,0,1,0,0,0,-1,7,4,5,5,4,0,37,0,0,16,16,16,0,5
out,1388,19680000000,offer,4,5,4,38,0,0,0,1,0,0,0,-1,7,4,5,5,4,0,37,0,0,16,16,16,0,5
out,1389,19680000000,blocked,4,5,4,38,0,0,0,1,0,0,0,-1,7,4,5,5,4,0,37,0,0,16,16,16,0,5
out,1390,19700000000,offer,4,5,4,38,0,0,0,1,0,0,0,-1,7,4,5,5,4,0,37,0,0,16,16,16,0,5
out,1391,19700000000,blocked,4,5,4,38,0,0,0,1,0,0,0,-1,7,4,5,5,4,0,37,0,0,16,16,16,0,5
out,1392,19720000000,offer,4,5,4,38,0,0,0,1,0,0,0,-1,7,4,5,5,4,0,37,0,0,16,16,16,0,5
out,1393,19720000000,blocked,4,5,4,38,0,0,0,1,0,0,0,-1,7,4,5,5,4,0,37,0,0,16,16,16,0,5
out,1394,19740000000,offer,4,5,4,38,0,0,0,1,0,0,0,-1,7,4,5,5,4,0,37,0,0,16,16,16,0,5
out,1395,19740000000,blocked,4,5,4,38,0,0,0,1,0,0,0,-1,7,4,5,5,4,0,37,0,0,16,16,16,0,5
out,1396,19760000000,offer,4,5,4,38,0,0,0,1,0,0,0,-1,7,4,5,5,4,0,37,0,0,16,16,16,0,5
out,1397,19760000000,blocked,4,5,4,38,0,0,0,1,0,0,0,-1,7,4,5,5,4,0,37,0,0,16,16,16,0,5
out,1398,19780000000,offer,4,5,4,38,0,0,0,1,0,0,0,-1,7,4,5,5,4,0,37,0,0,16,16,16,0,5
out,1399,19780000000,blocked,4,5,4,38,0,0,0,1,0,0,0,-1,7,4,5,5,4,0,37,0,0,16,16,16,0,5
out,1400,19800000000,offer,4,5,4,38,0,0,0,1,0,0,0,-1,7,4,5,5,4,0,37,0,0,16,16,16,0,5
out,1401,19800000000,blocked,4,5,4,38,0,0,0,1,0,0,0,-1,7,4,5,5,4,0,37,0,0,16,16,16,0,5
out,1402,19820000000,offer,4,5,4,38,0,0,0,1,0,0,0,-1,7,4,5,5,4,0,37,0,0,16,16,16,0,5
out,1403,19820000000,blocked,4,5,4,38,0,0,0,1,0,0,0,-1,7,4,5,5,4,0,37,0,0,16,16,16,0,5
out,1404,19840000000,offer,4,5,4,38,0,0,0,1,0,0,0,-1,7,4,5,5,4,0,37,0,0,16,16,16,0,5
out,1405,19840000000,blocked,4,5,4,38,0,0,0,1,0,0,0,-1,7,4,5,5,4,0,37,0,0,16,16,16,0,5
out,1406,19860000000,offer,4,5,4,38,0,0,0,1,0,0,0,-1,7,4,5,5,4,0,37,0,0,16,16,16,0,5
out,1407,19860000000,blocked,4,5,4,38,0,0,0,1,0,0,0,-1,7,4,5,5,4,0,37,0,0,16,16,16,0,5
out,1408,19880000000,offer,4,5,4,38,0,0,0,1,0,0,0,-1,7,4,5,5,4,0,37,0,0,16,16,16,0,5
out,1409,19880000000,blocked,4,5,4,38,0,0,0,1,0,0,0,-1,7,4,5,5,4,0,37,0,0,16,16,16,0,5
out,1410,19900000000,offer,4,5,4,38,0,0,0,1,0,0,0,-1,7,4,5,5,4,0,37,0,0,16,16,16,0,5
out,1411,19900000000,blocked,4,5,4,38,0,0,0,1,0,0,0,-1,7,4,5,5,4,0,37,0,0,16,16,16,0,5
out,1412,19920000000,offer,4,5,4,38,0,0,0,1,0,0,0,-1,7,4,5,5,4,0,37,0,0,16,16,16,0,5
out,1413,19920000000,blocked,4,5,4,38,0,0,0,1,0,0,0,-1,7,4,5,5,4,0,37,0,0,16,16,16,0,5
out,1414,19940000000,offer,4,5,4,38,0,0,0,1,0,0,0,-1,7,4,5,5,4,0,37,0,0,16,16,16,0,5
out,1415,19940000000,blocked,4,5,4,38,0,0,0,1,0,0,0,-1,7,4,5,5,4,0,37,0,0,16,16,16,0,5
out,1416,19960000000,offer,4,5,4,38,0,0,0,1,0,0,0,-1,7,4,5,5,4,0,37,0,0,16,16,16,0,5
out,1417,19960000000,blocked,4,5,4,38,0,0,0,1,0,0,0,-1,7,4,5,5,4,0,37,0,0,16,16,16,0,5
out,1418,19980000000,offer,4,5,4,38,0,0,0,1,0,0,0,-1,7,4,5,5,4,0,37,0,0,16,16,16,0,5
out,1419,19980000000,blocked,4,5,4,38,0,0,0,1,0,0,0,-1,7,4,5,5,4,0,37,0,0,16,16,16,0,5
out,1420,20000000000,generate,4,5,4,40,0,0,0,1,0,0,0,-1,7,4,5,5,4,0,37,0,0,16,16,16,0,5
out,1421,20000000000,generate,5,1,5,40,0,0,0,1,0,0,0,-1,9,1,0,0,16,0,39,0,0,0,0,0,0,0
out,1422,20000000000,offer,4,5,4,38,0,0,0,1,0,0,0,-1,7,4,5,5,4,0,37,0,0,16,16,16,0,5
out,1423,20000000000,blocked,4,5,4,38,0,0,0,1,0,0,0,-1,7,4,5,5,4,0,37,0,0,16,16,16,0,5
out,1424,20000000000,offer,5,1,5,40,0,0,0,1,0,0,0,-1,9,1,0,0,16,0,39,0,0,0,0,0,0,0
out,1425,20000000000,admit,5,1,5,40,0,0,0,1,0,0,0,-1,9,1,0,0,16,0,40,0,0,1,1,0,1,0
out,1426,20000000000,checkpoint,1,0,0,0,0,0,0,1,0,0,0,-1,1,1,0,0,0,0,0,0,0,0,0,0,0,0
out,1427,20000000000,checkpoint,4,5,0,0,0,0,0,1,0,0,0,-1,7,4,5,5,4,0,37,0,0,16,16,16,0,5
out,1428,20000000000,checkpoint,5,1,0,0,0,0,0,1,0,0,0,-1,9,1,0,0,16,0,40,0,0,1,1,0,1,0
out,1429,20020000000,offer,4,5,4,38,0,0,0,1,0,0,0,-1,7,4,5,5,4,0,37,0,0,16,16,16,0,5
out,1430,20020000000,blocked,4,5,4,38,0,0,0,1,0,0,0,-1,7,4,5,5,4,0,37,0,0,16,16,16,0,5
out,1431,20040000000,offer,4,5,4,38,0,0,0,1,0,0,0,-1,7,4,5,5,4,0,37,0,0,16,16,16,0,5
out,1432,20040000000,blocked,4,5,4,38,0,0,0,1,0,0,0,-1,7,4,5,5,4,0,37,0,0,16,16,16,0,5
out,1433,20060000000,offer,4,5,4,38,0,0,0,1,0,0,0,-1,7,4,5,5,4,0,37,0,0,16,16,16,0,5
out,1434,20060000000,blocked,4,5,4,38,0,0,0,1,0,0,0,-1,7,4,5,5,4,0,37,0,0,16,16,16,0,5
out,1435,20080000000,offer,4,5,4,38,0,0,0,1,0,0,0,-1,7,4,5,5,4,0,37,0,0,16,16,16,0,5
out,1436,20080000000,blocked,4,5,4,38,0,0,0,1,0,0,0,-1,7,4,5,5,4,0,37,0,0,16,16,16,0,5
out,1437,20100000000,offer,4,5,4,38,0,0,0,1,0,0,0,-1,7,4,5,5,4,0,37,0,0,16,16,16,0,5
out,1438,20100000000,blocked,4,5,4,38,0,0,0,1,0,0,0,-1,7,4,5,5,4,0,37,0,0,16,16,16,0,5
out,1439,20120000000,offer,4,5,4,38,0,0,0,1,0,0,0,-1,7,4,5,5,4,0,37,0,0,16,16,16,0,5
out,1440,20120000000,blocked,4,5,4,38,0,0,0,1,0,0,0,-1,7,4,5,5,4,0,37,0,0,16,16,16,0,5
out,1441,20137000028,tx_start,5,1,5,40,61,0,0,3,0,1,0,1,9,1,1,1,16,1,40,128,33,0,1,0,1,0
out,1442,20140000000,offer,4,5,4,38,0,0,0,1,0,0,0,-1,7,4,5,5,4,0,37,0,0,16,16,16,0,5
out,1443,20140000000,blocked,4,5,4,38,0,0,0,1,0,0,0,-1,7,4,5,5,4,0,37,0,0,16,16,16,0,5
out,1444,20159501028,ingress_before,1,5,5,40,61,0,0,1,0,0,0,-1,1,1,0,0,0,0,0,128,33,0,0,0,0,0
out,1445,20159501028,deliver,1,5,5,40,0,0,0,1,1,0,0,-1,1,1,0,0,0,0,0,0,0,0,0,0,0,0
out,1446,20159501028,ingress_after,1,5,5,40,61,0,0,1,1,0,0,-1,1,1,0,0,0,0,0,128,33,0,0,0,0,0
out,1447,20160000000,offer,4,5,4,38,0,0,0,1,0,0,0,-1,7,4,5,5,4,0,37,0,0,16,16,16,0,5
out,1448,20160000000,blocked,4,5,4,38,0,0,0,1,0,0,0,-1,7,4,5,5,4,0,37,0,0,16,16,16,0,5
out,1449,20180000000,offer,4,5,4,38,0,0,0,1,0,0,0,-1,7,4,5,5,4,0,37,0,0,16,16,16,0,5
out,1450,20180000000,blocked,4,5,4,38,0,0,0,1,0,0,0,-1,7,4,5,5,4,0,37,0,0,16,16,16,0,5
out,1451,20187961028,tx_start,1,5,0,0,61,2305843009213693951,0,3,1,0,0,1,1,1,0,0,0,0,0,128,33,0,0,0,0,0
out,1452,20200000000,offer,4,5,4,38,0,0,0,1,0,0,0,-1,7,4,5,5,4,0,37,0,0,16,16,16,0,5
out,1453,20200000000,blocked,4,5,4,38,0,0,0,1,0,0,0,-1,7,4,5,5,4,0,37,0,0,16,16,16,0,5
out,1454,20210042028,ingress_before,5,1,0,0,61,2305843009213693951,0,1,0,0,0,-1,9,1,1,1,16,1,40,128,33,0,1,0,1,0
out,1455,20210042028,release,5,1,5,0,0,0,0,1,0,0,0,-1,9,1,0,0,16,1,40,0,0,0,0,0,0,0
out,1456,20210042028,ingress_after,5,1,0,0,61,2305843009213693951,0,1,0,0,0,-1,9,1,0,0,16,0,40,128,33,0,0,0,0,0
out,1457,20220000000,offer,4,5,4,38,0,0,0,1,0,0,0,-1,7,4,5,5,4,0,37,0,0,16,16,16,0,5
out,1458,20220000000,blocked,4,5,4,38,0,0,0,1,0,0,0,-1,7,4,5,5,4,0,37,0,0,16,16,16,0,5
out,1459,20226961028,tx_start,1,5,0,0,61,2305843009213693951,0,3,1,0,0,1,1,1,0,0,0,0,0,128,33,0,0,0,0,0
out,1460,20240000000,offer,4,5,4,38,0,0,0,1,0,0,0,-1,7,4,5,5,4,0,37,0,0,16,16,16,0,5
out,1461,20240000000,blocked,4,5,4,38,0,0,0,1,0,0,0,-1,7,4,5,5,4,0,37,0,0,16,16,16,0,5
out,1462,20249042028,ingress_before,5,1,0,0,61,2305843009213693951,0,1,0,0,0,-1,9,1,0,0,16,0,40,128,33,0,0,0,0,0
out,1463,20249042028,ingress_after,5,1,0,0,61,2305843009213693951,0,1,0,0,0,-1,9,1,0,0,16,0,40,128,33,0,0,0,0,0
out,1464,20260000000,offer,4,5,4,38,0,0,0,1,0,0,0,-1,7,4,5,5,4,0,37,0,0,16,16,16,0,5
out,1465,20260000000,blocked,4,5,4,38,0,0,0,1,0,0,0,-1,7,4,5,5,4,0,37,0,0,16,16,16,0,5
out,1466,20265961028,tx_start,1,5,0,0,61,2305843009213693951,0,3,1,0,0,1,1,1,0,0,0,0,0,128,33,0,0,0,0,0
out,1467,20280000000,offer,4,5,4,38,0,0,0,1,0,0,0,-1,7,4,5,5,4,0,37,0,0,16,16,16,0,5
out,1468,20280000000,blocked,4,5,4,38,0,0,0,1,0,0,0,-1,7,4,5,5,4,0,37,0,0,16,16,16,0,5
out,1469,20288042028,ingress_before,5,1,0,0,61,2305843009213693951,0,1,0,0,0,-1,9,1,0,0,16,0,40,128,33,0,0,0,0,0
out,1470,20288042028,ingress_after,5,1,0,0,61,2305843009213693951,0,1,0,0,0,-1,9,1,0,0,16,0,40,128,33,0,0,0,0,0
out,1471,20300000000,offer,4,5,4,38,0,0,0,1,0,0,0,-1,7,4,5,5,4,0,37,0,0,16,16,16,0,5
out,1472,20300000000,blocked,4,5,4,38,0,0,0,1,0,0,0,-1,7,4,5,5,4,0,37,0,0,16,16,16,0,5
out,1473,20304961028,tx_start,1,5,0,0,61,2305843009213693951,0,3,1,0,0,1,1,1,0,0,0,0,0,128,33,0,0,0,0,0
out,1474,20320000000,offer,4,5,4,38,0,0,0,1,0,0,0,-1,7,4,5,5,4,0,37,0,0,16,16,16,0,5
out,1475,20320000000,blocked,4,5,4,38,0,0,0,1,0,0,0,-1,7,4,5,5,4,0,37,0,0,16,16,16,0,5
out,1476,20327042028,ingress_before,5,1,0,0,61,2305843009213693951,0,1,0,0,0,-1,9,1,0,0,16,0,40,128,33,0,0,0,0,0
out,1477,20327042028,ingress_after,5,1,0,0,61,2305843009213693951,0,1,0,0,0,-1,9,1,0,0,16,0,40,128,33,0,0,0,0,0
out,1478,20340000000,offer,4,5,4,38,0,0,0,1,0,0,0,-1,7,4,5,5,4,0,37,0,0,16,16,16,0,5
out,1479,20340000000,blocked,4,5,4,38,0,0,0,1,0,0,0,-1,7,4,5,5,4,0,37,0,0,16,16,16,0,5
out,1480,20343961028,tx_start,1,5,0,0,61,2305843009213693951,0,3,1,0,0,1,1,1,0,0,0,0,0,128,33,0,0,0,0,0
out,1481,20360000000,offer,4,5,4,38,0,0,0,1,0,0,0,-1,7,4,5,5,4,0,37,0,0,16,16,16,0,5
out,1482,20360000000,blocked,4,5,4,38,0,0,0,1,0,0,0,-1,7,4,5,5,4,0,37,0,0,16,16,16,0,5
out,1483,20366042028,ingress_before,5,1,0,0,61,2305843009213693951,0,1,0,0,0,-1,9,1,0,0,16,0,40,128,33,0,0,0,0,0
out,1484,20366042028,ingress_after,5,1,0,0,61,2305843009213693951,0,1,0,0,0,-1,9,1,0,0,16,0,40,128,33,0,0,0,0,0
out,1485,20380000000,offer,4,5,4,38,0,0,0,1,0,0,0,-1,7,4,5,5,4,0,37,0,0,16,16,16,0,5
out,1486,20380000000,blocked,4,5,4,38,0,0,0,1,0,0,0,-1,7,4,5,5,4,0,37,0,0,16,16,16,0,5
out,1487,20400000000,offer,4,5,4,38,0,0,0,1,0,0,0,-1,7,4,5,5,4,0,37,0,0,16,16,16,0,5
out,1488,20400000000,blocked,4,5,4,38,0,0,0,1,0,0,0,-1,7,4,5,5,4,0,37,0,0,16,16,16,0,5
out,1489,20420000000,offer,4,5,4,38,0,0,0,1,0,0,0,-1,7,4,5,5,4,0,37,0,0,16,16,16,0,5
out,1490,20420000000,blocked,4,5,4,38,0,0,0,1,0,0,0,-1,7,4,5,5,4,0,37,0,0,16,16,16,0,5
out,1491,20440000000,offer,4,5,4,38,0,0,0,1,0,0,0,-1,7,4,5,5,4,0,37,0,0,16,16,16,0,5
out,1492,20440000000,blocked,4,5,4,38,0,0,0,1,0,0,0,-1,7,4,5,5,4,0,37,0,0,16,16,16,0,5
out,1493,20460000000,offer,4,5,4,38,0,0,0,1,0,0,0,-1,7,4,5,5,4,0,37,0,0,16,16,16,0,5
out,1494,20460000000,blocked,4,5,4,38,0,0,0,1,0,0,0,-1,7,4,5,5,4,0,37,0,0,16,16,16,0,5
out,1495,20480000000,offer,4,5,4,38,0,0,0,1,0,0,0,-1,7,4,5,5,4,0,37,0,0,16,16,16,0,5
out,1496,20480000000,blocked,4,5,4,38,0,0,0,1,0,0,0,-1,7,4,5,5,4,0,37,0,0,16,16,16,0,5
out,1497,20500000000,offer,4,5,4,38,0,0,0,1,0,0,0,-1,7,4,5,5,4,0,37,0,0,16,16,16,0,5
out,1498,20500000000,blocked,4,5,4,38,0,0,0,1,0,0,0,-1,7,4,5,5,4,0,37,0,0,16,16,16,0,5
out,1499,20520000000,offer,4,5,4,38,0,0,0,1,0,0,0,-1,7,4,5,5,4,0,37,0,0,16,16,16,0,5
out,1500,20520000000,blocked,4,5,4,38,0,0,0,1,0,0,0,-1,7,4,5,5,4,0,37,0,0,16,16,16,0,5
out,1501,20540000000,offer,4,5,4,38,0,0,0,1,0,0,0,-1,7,4,5,5,4,0,37,0,0,16,16,16,0,5
out,1502,20540000000,blocked,4,5,4,38,0,0,0,1,0,0,0,-1,7,4,5,5,4,0,37,0,0,16,16,16,0,5
out,1503,20560000000,offer,4,5,4,38,0,0,0,1,0,0,0,-1,7,4,5,5,4,0,37,0,0,16,16,16,0,5
out,1504,20560000000,blocked,4,5,4,38,0,0,0,1,0,0,0,-1,7,4,5,5,4,0,37,0,0,16,16,16,0,5
out,1505,20580000000,offer,4,5,4,38,0,0,0,1,0,0,0,-1,7,4,5,5,4,0,37,0,0,16,16,16,0,5
out,1506,20580000000,blocked,4,5,4,38,0,0,0,1,0,0,0,-1,7,4,5,5,4,0,37,0,0,16,16,16,0,5
out,1507,20600000000,offer,4,5,4,38,0,0,0,1,0,0,0,-1,7,4,5,5,4,0,37,0,0,16,16,16,0,5
out,1508,20600000000,blocked,4,5,4,38,0,0,0,1,0,0,0,-1,7,4,5,5,4,0,37,0,0,16,16,16,0,5
out,1509,20620000000,offer,4,5,4,38,0,0,0,1,0,0,0,-1,7,4,5,5,4,0,37,0,0,16,16,16,0,5
out,1510,20620000000,blocked,4,5,4,38,0,0,0,1,0,0,0,-1,7,4,5,5,4,0,37,0,0,16,16,16,0,5
out,1511,20640000000,offer,4,5,4,38,0,0,0,1,0,0,0,-1,7,4,5,5,4,0,37,0,0,16,16,16,0,5
out,1512,20640000000,blocked,4,5,4,38,0,0,0,1,0,0,0,-1,7,4,5,5,4,0,37,0,0,16,16,16,0,5
out,1513,20660000000,offer,4,5,4,38,0,0,0,1,0,0,0,-1,7,4,5,5,4,0,37,0,0,16,16,16,0,5
out,1514,20660000000,blocked,4,5,4,38,0,0,0,1,0,0,0,-1,7,4,5,5,4,0,37,0,0,16,16,16,0,5
out,1515,20680000000,offer,4,5,4,38,0,0,0,1,0,0,0,-1,7,4,5,5,4,0,37,0,0,16,16,16,0,5
out,1516,20680000000,blocked,4,5,4,38,0,0,0,1,0,0,0,-1,7,4,5,5,4,0,37,0,0,16,16,16,0,5
out,1517,20700000000,offer,4,5,4,38,0,0,0,1,0,0,0,-1,7,4,5,5,4,0,37,0,0,16,16,16,0,5
out,1518,20700000000,blocked,4,5,4,38,0,0,0,1,0,0,0,-1,7,4,5,5,4,0,37,0,0,16,16,16,0,5
out,1519,20720000000,offer,4,5,4,38,0,0,0,1,0,0,0,-1,7,4,5,5,4,0,37,0,0,16,16,16,0,5
out,1520,20720000000,blocked,4,5,4,38,0,0,0,1,0,0,0,-1,7,4,5,5,4,0,37,0,0,16,16,16,0,5
out,1521,20740000000,offer,4,5,4,38,0,0,0,1,0,0,0,-1,7,4,5,5,4,0,37,0,0,16,16,16,0,5
out,1522,20740000000,blocked,4,5,4,38,0,0,0,1,0,0,0,-1,7,4,5,5,4,0,37,0,0,16,16,16,0,5
out,1523,20760000000,offer,4,5,4,38,0,0,0,1,0,0,0,-1,7,4,5,5,4,0,37,0,0,16,16,16,0,5
out,1524,20760000000,blocked,4,5,4,38,0,0,0,1,0,0,0,-1,7,4,5,5,4,0,37,0,0,16,16,16,0,5
out,1525,20780000000,offer,4,5,4,38,0,0,0,1,0,0,0,-1,7,4,5,5,4,0,37,0,0,16,16,16,0,5
out,1526,20780000000,blocked,4,5,4,38,0,0,0,1,0,0,0,-1,7,4,5,5,4,0,37,0,0,16,16,16,0,5
out,1527,20800000000,offer,4,5,4,38,0,0,0,1,0,0,0,-1,7,4,5,5,4,0,37,0,0,16,16,16,0,5
out,1528,20800000000,blocked,4,5,4,38,0,0,0,1,0,0,0,-1,7,4,5,5,4,0,37,0,0,16,16,16,0,5
out,1529,20820000000,offer,4,5,4,38,0,0,0,1,0,0,0,-1,7,4,5,5,4,0,37,0,0,16,16,16,0,5
out,1530,20820000000,blocked,4,5,4,38,0,0,0,1,0,0,0,-1,7,4,5,5,4,0,37,0,0,16,16,16,0,5
out,1531,20840000000,offer,4,5,4,38,0,0,0,1,0,0,0,-1,7,4,5,5,4,0,37,0,0,16,16,16,0,5
out,1532,20840000000,blocked,4,5,4,38,0,0,0,1,0,0,0,-1,7,4,5,5,4,0,37,0,0,16,16,16,0,5
out,1533,20860000000,offer,4,5,4,38,0,0,0,1,0,0,0,-1,7,4,5,5,4,0,37,0,0,16,16,16,0,5
out,1534,20860000000,blocked,4,5,4,38,0,0,0,1,0,0,0,-1,7,4,5,5,4,0,37,0,0,16,16,16,0,5
out,1535,20880000000,offer,4,5,4,38,0,0,0,1,0,0,0,-1,7,4,5,5,4,0,37,0,0,16,16,16,0,5
out,1536,20880000000,blocked,4,5,4,38,0,0,0,1,0,0,0,-1,7,4,5,5,4,0,37,0,0,16,16,16,0,5
out,1537,20900000000,offer,4,5,4,38,0,0,0,1,0,0,0,-1,7,4,5,5,4,0,37,0,0,16,16,16,0,5
out,1538,20900000000,blocked,4,5,4,38,0,0,0,1,0,0,0,-1,7,4,5,5,4,0,37,0,0,16,16,16,0,5
out,1539,20920000000,offer,4,5,4,38,0,0,0,1,0,0,0,-1,7,4,5,5,4,0,37,0,0,16,16,16,0,5
out,1540,20920000000,blocked,4,5,4,38,0,0,0,1,0,0,0,-1,7,4,5,5,4,0,37,0,0,16,16,16,0,5
out,1541,20940000000,offer,4,5,4,38,0,0,0,1,0,0,0,-1,7,4,5,5,4,0,37,0,0,16,16,16,0,5
out,1542,20940000000,blocked,4,5,4,38,0,0,0,1,0,0,0,-1,7,4,5,5,4,0,37,0,0,16,16,16,0,5
out,1543,20960000000,offer,4,5,4,38,0,0,0,1,0,0,0,-1,7,4,5,5,4,0,37,0,0,16,16,16,0,5
out,1544,20960000000,blocked,4,5,4,38,0,0,0,1,0,0,0,-1,7,4,5,5,4,0,37,0,0,16,16,16,0,5
out,1545,20980000000,offer,4,5,4,38,0,0,0,1,0,0,0,-1,7,4,5,5,4,0,37,0,0,16,16,16,0,5
out,1546,20980000000,blocked,4,5,4,38,0,0,0,1,0,0,0,-1,7,4,5,5,4,0,37,0,0,16,16,16,0,5
out,1547,21000000000,generate,4,5,4,41,0,0,0,1,0,0,0,-1,7,4,5,5,4,0,37,0,0,16,16,16,0,5
out,1548,21000000000,generate,5,1,5,41,0,0,0,1,0,0,0,-1,9,1,0,0,16,0,40,0,0,0,0,0,0,0
out,1549,21000000000,offer,4,5,4,38,0,0,0,1,0,0,0,-1,7,4,5,5,4,0,37,0,0,16,16,16,0,5
out,1550,21000000000,blocked,4,5,4,38,0,0,0,1,0,0,0,-1,7,4,5,5,4,0,37,0,0,16,16,16,0,5
out,1551,21000000000,offer,5,1,5,41,0,0,0,1,0,0,0,-1,9,1,0,0,16,0,40,0,0,0,0,0,0,0
out,1552,21000000000,admit,5,1,5,41,0,0,0,1,0,0,0,-1,9,1,0,0,16,0,41,0,0,1,1,0,1,0
out,1553,21020000000,offer,4,5,4,38,0,0,0,1,0,0,0,-1,7,4,5,5,4,0,37,0,0,16,16,16,0,5
out,1554,21020000000,blocked,4,5,4,38,0,0,0,1,0,0,0,-1,7,4,5,5,4,0,37,0,0,16,16,16,0,5
out,1555,21040000000,offer,4,5,4,38,0,0,0,1,0,0,0,-1,7,4,5,5,4,0,37,0,0,16,16,16,0,5
out,1556,21040000000,blocked,4,5,4,38,0,0,0,1,0,0,0,-1,7,4,5,5,4,0,37,0,0,16,16,16,0,5
out,1557,21060000000,offer,4,5,4,38,0,0,0,1,0,0,0,-1,7,4,5,5,4,0,37,0,0,16,16,16,0,5
out,1558,21060000000,blocked,4,5,4,38,0,0,0,1,0,0,0,-1,7,4,5,5,4,0,37,0,0,16,16,16,0,5
out,1559,21080000000,offer,4,5,4,38,0,0,0,1,0,0,0,-1,7,4,5,5,4,0,37,0,0,16,16,16,0,5
out,1560,21080000000,blocked,4,5,4,38,0,0,0,1,0,0,0,-1,7,4,5,5,4,0,37,0,0,16,16,16,0,5
out,1561,21100000000,offer,4,5,4,38,0,0,0,1,0,0,0,-1,7,4,5,5,4,0,37,0,0,16,16,16,0,5
out,1562,21100000000,blocked,4,5,4,38,0,0,0,1,0,0,0,-1,7,4,5,5,4,0,37,0,0,16,16,16,0,5
out,1563,21120000000,offer,4,5,4,38,0,0,0,1,0,0,0,-1,7,4,5,5,4,0,37,0,0,16,16,16,0,5
out,1564,21120000000,blocked,4,5,4,38,0,0,0,1,0,0,0,-1,7,4,5,5,4,0,37,0,0,16,16,16,0,5
out,1565,21138000028,tx_start,5,1,5,41,62,0,0,3,0,1,0,1,9,1,1,1,16,1,41,128,33,0,1,0,1,0
out,1566,21140000000,offer,4,5,4,38,0,0,0,1,0,0,0,-1,7,4,5,5,4,0,37,0,0,16,16,16,0,5
out,1567,21140000000,blocked,4,5,4,38,0,0,0,1,0,0,0,-1,7,4,5,5,4,0,37,0,0,16,16,16,0,5
out,1568,21160000000,offer,4,5,4,38,0,0,0,1,0,0,0,-1,7,4,5,5,4,0,37,0,0,16,16,16,0,5
out,1569,21160000000,blocked,4,5,4,38,0,0,0,1,0,0,0,-1,7,4,5,5,4,0,37,0,0,16,16,16,0,5
out,1570,21160501028,ingress_before,1,5,5,41,62,0,0,1,0,0,0,-1,1,1,0,0,0,0,0,128,33,0,0,0,0,0
out,1571,21160501028,deliver,1,5,5,41,0,0,0,1,1,0,0,-1,1,1,0,0,0,0,0,0,0,0,0,0,0,0
out,1572,21160501028,ingress_after,1,5,5,41,62,0,0,1,1,0,0,-1,1,1,0,0,0,0,0,128,33,0,0,0,0,0
out,1573,21180000000,offer,4,5,4,38,0,0,0,1,0,0,0,-1,7,4,5,5,4,0,37,0,0,16,16,16,0,5
out,1574,21180000000,blocked,4,5,4,38,0,0,0,1,0,0,0,-1,7,4,5,5,4,0,37,0,0,16,16,16,0,5
out,1575,21188961028,tx_start,1,5,0,0,62,4611686018427387903,0,3,1,0,0,1,1,1,0,0,0,0,0,128,33,0,0,0,0,0
out,1576,21200000000,offer,4,5,4,38,0,0,0,1,0,0,0,-1,7,4,5,5,4,0,37,0,0,16,16,16,0,5
out,1577,21200000000,blocked,4,5,4,38,0,0,0,1,0,0,0,-1,7,4,5,5,4,0,37,0,0,16,16,16,0,5
out,1578,21211042028,ingress_before,5,1,0,0,62,4611686018427387903,0,1,0,0,0,-1,9,1,1,1,16,1,41,128,33,0,1,0,1,0
out,1579,21211042028,release,5,1,5,0,0,0,0,1,0,0,0,-1,9,1,0,0,16,1,41,0,0,0,0,0,0,0
out,1580,21211042028,ingress_after,5,1,0,0,62,4611686018427387903,0,1,0,0,0,-1,9,1,0,0,16,0,41,128,33,0,0,0,0,0
out,1581,21220000000,offer,4,5,4,38,0,0,0,1,0,0,0,-1,7,4,5,5,4,0,37,0,0,16,16,16,0,5
out,1582,21220000000,blocked,4,5,4,38,0,0,0,1,0,0,0,-1,7,4,5,5,4,0,37,0,0,16,16,16,0,5
out,1583,21227961028,tx_start,1,5,0,0,62,4611686018427387903,0,3,1,0,0,1,1,1,0,0,0,0,0,128,33,0,0,0,0,0
out,1584,21240000000,offer,4,5,4,38,0,0,0,1,0,0,0,-1,7,4,5,5,4,0,37,0,0,16,16,16,0,5
out,1585,21240000000,blocked,4,5,4,38,0,0,0,1,0,0,0,-1,7,4,5,5,4,0,37,0,0,16,16,16,0,5
out,1586,21250042028,ingress_before,5,1,0,0,62,4611686018427387903,0,1,0,0,0,-1,9,1,0,0,16,0,41,128,33,0,0,0,0,0
out,1587,21250042028,ingress_after,5,1,0,0,62,4611686018427387903,0,1,0,0,0,-1,9,1,0,0,16,0,41,128,33,0,0,0,0,0
out,1588,21260000000,offer,4,5,4,38,0,0,0,1,0,0,0,-1,7,4,5,5,4,0,37,0,0,16,16,16,0,5
out,1589,21260000000,blocked,4,5,4,38,0,0,0,1,0,0,0,-1,7,4,5,5,4,0,37,0,0,16,16,16,0,5
out,1590,21266961028,tx_start,1,5,0,0,62,4611686018427387903,0,3,1,0,0,1,1,1,0,0,0,0,0,128,33,0,0,0,0,0
out,1591,21280000000,offer,4,5,4,38,0,0,0,1,0,0,0,-1,7,4,5,5,4,0,37,0,0,16,16,16,0,5
out,1592,21280000000,blocked,4,5,4,38,0,0,0,1,0,0,0,-1,7,4,5,5,4,0,37,0,0,16,16,16,0,5
out,1593,21289042028,ingress_before,5,1,0,0,62,4611686018427387903,0,1,0,0,0,-1,9,1,0,0,16,0,41,128,33,0,0,0,0,0
out,1594,21289042028,ingress_after,5,1,0,0,62,4611686018427387903,0,1,0,0,0,-1,9,1,0,0,16,0,41,128,33,0,0,0,0,0
out,1595,21300000000,offer,4,5,4,38,0,0,0,1,0,0,0,-1,7,4,5,5,4,0,37,0,0,16,16,16,0,5
out,1596,21300000000,blocked,4,5,4,38,0,0,0,1,0,0,0,-1,7,4,5,5,4,0,37,0,0,16,16,16,0,5
out,1597,21305961028,tx_start,1,5,0,0,62,4611686018427387903,0,3,1,0,0,1,1,1,0,0,0,0,0,128,33,0,0,0,0,0
out,1598,21320000000,offer,4,5,4,38,0,0,0,1,0,0,0,-1,7,4,5,5,4,0,37,0,0,16,16,16,0,5
out,1599,21320000000,blocked,4,5,4,38,0,0,0,1,0,0,0,-1,7,4,5,5,4,0,37,0,0,16,16,16,0,5
out,1600,21328042028,ingress_before,5,1,0,0,62,4611686018427387903,0,1,0,0,0,-1,9,1,0,0,16,0,41,128,33,0,0,0,0,0
out,1601,21328042028,ingress_after,5,1,0,0,62,4611686018427387903,0,1,0,0,0,-1,9,1,0,0,16,0,41,128,33,0,0,0,0,0
out,1602,21340000000,offer,4,5,4,38,0,0,0,1,0,0,0,-1,7,4,5,5,4,0,37,0,0,16,16,16,0,5
out,1603,21340000000,blocked,4,5,4,38,0,0,0,1,0,0,0,-1,7,4,5,5,4,0,37,0,0,16,16,16,0,5
out,1604,21344961028,tx_start,1,5,0,0,62,4611686018427387903,0,3,1,0,0,1,1,1,0,0,0,0,0,128,33,0,0,0,0,0
out,1605,21360000000,offer,4,5,4,38,0,0,0,1,0,0,0,-1,7,4,5,5,4,0,37,0,0,16,16,16,0,5
out,1606,21360000000,blocked,4,5,4,38,0,0,0,1,0,0,0,-1,7,4,5,5,4,0,37,0,0,16,16,16,0,5
out,1607,21367042028,ingress_before,5,1,0,0,62,4611686018427387903,0,1,0,0,0,-1,9,1,0,0,16,0,41,128,33,0,0,0,0,0
out,1608,21367042028,ingress_after,5,1,0,0,62,4611686018427387903,0,1,0,0,0,-1,9,1,0,0,16,0,41,128,33,0,0,0,0,0
out,1609,21380000000,offer,4,5,4,38,0,0,0,1,0,0,0,-1,7,4,5,5,4,0,37,0,0,16,16,16,0,5
out,1610,21380000000,blocked,4,5,4,38,0,0,0,1,0,0,0,-1,7,4,5,5,4,0,37,0,0,16,16,16,0,5
out,1611,21400000000,offer,4,5,4,38,0,0,0,1,0,0,0,-1,7,4,5,5,4,0,37,0,0,16,16,16,0,5
out,1612,21400000000,blocked,4,5,4,38,0,0,0,1,0,0,0,-1,7,4,5,5,4,0,37,0,0,16,16,16,0,5
out,1613,21420000000,offer,4,5,4,38,0,0,0,1,0,0,0,-1,7,4,5,5,4,0,37,0,0,16,16,16,0,5
out,1614,21420000000,blocked,4,5,4,38,0,0,0,1,0,0,0,-1,7,4,5,5,4,0,37,0,0,16,16,16,0,5
out,1615,21440000000,offer,4,5,4,38,0,0,0,1,0,0,0,-1,7,4,5,5,4,0,37,0,0,16,16,16,0,5
out,1616,21440000000,blocked,4,5,4,38,0,0,0,1,0,0,0,-1,7,4,5,5,4,0,37,0,0,16,16,16,0,5
out,1617,21460000000,offer,4,5,4,38,0,0,0,1,0,0,0,-1,7,4,5,5,4,0,37,0,0,16,16,16,0,5
out,1618,21460000000,blocked,4,5,4,38,0,0,0,1,0,0,0,-1,7,4,5,5,4,0,37,0,0,16,16,16,0,5
out,1619,21480000000,offer,4,5,4,38,0,0,0,1,0,0,0,-1,7,4,5,5,4,0,37,0,0,16,16,16,0,5
out,1620,21480000000,blocked,4,5,4,38,0,0,0,1,0,0,0,-1,7,4,5,5,4,0,37,0,0,16,16,16,0,5
out,1621,21500000000,offer,4,5,4,38,0,0,0,1,0,0,0,-1,7,4,5,5,4,0,37,0,0,16,16,16,0,5
out,1622,21500000000,blocked,4,5,4,38,0,0,0,1,0,0,0,-1,7,4,5,5,4,0,37,0,0,16,16,16,0,5
out,1623,21520000000,offer,4,5,4,38,0,0,0,1,0,0,0,-1,7,4,5,5,4,0,37,0,0,16,16,16,0,5
out,1624,21520000000,blocked,4,5,4,38,0,0,0,1,0,0,0,-1,7,4,5,5,4,0,37,0,0,16,16,16,0,5
out,1625,21540000000,offer,4,5,4,38,0,0,0,1,0,0,0,-1,7,4,5,5,4,0,37,0,0,16,16,16,0,5
out,1626,21540000000,blocked,4,5,4,38,0,0,0,1,0,0,0,-1,7,4,5,5,4,0,37,0,0,16,16,16,0,5
out,1627,21560000000,offer,4,5,4,38,0,0,0,1,0,0,0,-1,7,4,5,5,4,0,37,0,0,16,16,16,0,5
out,1628,21560000000,blocked,4,5,4,38,0,0,0,1,0,0,0,-1,7,4,5,5,4,0,37,0,0,16,16,16,0,5
out,1629,21580000000,offer,4,5,4,38,0,0,0,1,0,0,0,-1,7,4,5,5,4,0,37,0,0,16,16,16,0,5
out,1630,21580000000,blocked,4,5,4,38,0,0,0,1,0,0,0,-1,7,4,5,5,4,0,37,0,0,16,16,16,0,5
out,1631,21600000000,offer,4,5,4,38,0,0,0,1,0,0,0,-1,7,4,5,5,4,0,37,0,0,16,16,16,0,5
out,1632,21600000000,blocked,4,5,4,38,0,0,0,1,0,0,0,-1,7,4,5,5,4,0,37,0,0,16,16,16,0,5
out,1633,21620000000,offer,4,5,4,38,0,0,0,1,0,0,0,-1,7,4,5,5,4,0,37,0,0,16,16,16,0,5
out,1634,21620000000,blocked,4,5,4,38,0,0,0,1,0,0,0,-1,7,4,5,5,4,0,37,0,0,16,16,16,0,5
out,1635,21640000000,offer,4,5,4,38,0,0,0,1,0,0,0,-1,7,4,5,5,4,0,37,0,0,16,16,16,0,5
out,1636,21640000000,blocked,4,5,4,38,0,0,0,1,0,0,0,-1,7,4,5,5,4,0,37,0,0,16,16,16,0,5
out,1637,21660000000,offer,4,5,4,38,0,0,0,1,0,0,0,-1,7,4,5,5,4,0,37,0,0,16,16,16,0,5
out,1638,21660000000,blocked,4,5,4,38,0,0,0,1,0,0,0,-1,7,4,5,5,4,0,37,0,0,16,16,16,0,5
out,1639,21680000000,offer,4,5,4,38,0,0,0,1,0,0,0,-1,7,4,5,5,4,0,37,0,0,16,16,16,0,5
out,1640,21680000000,blocked,4,5,4,38,0,0,0,1,0,0,0,-1,7,4,5,5,4,0,37,0,0,16,16,16,0,5
out,1641,21700000000,offer,4,5,4,38,0,0,0,1,0,0,0,-1,7,4,5,5,4,0,37,0,0,16,16,16,0,5
out,1642,21700000000,blocked,4,5,4,38,0,0,0,1,0,0,0,-1,7,4,5,5,4,0,37,0,0,16,16,16,0,5
out,1643,21720000000,offer,4,5,4,38,0,0,0,1,0,0,0,-1,7,4,5,5,4,0,37,0,0,16,16,16,0,5
out,1644,21720000000,blocked,4,5,4,38,0,0,0,1,0,0,0,-1,7,4,5,5,4,0,37,0,0,16,16,16,0,5
out,1645,21740000000,offer,4,5,4,38,0,0,0,1,0,0,0,-1,7,4,5,5,4,0,37,0,0,16,16,16,0,5
out,1646,21740000000,blocked,4,5,4,38,0,0,0,1,0,0,0,-1,7,4,5,5,4,0,37,0,0,16,16,16,0,5
out,1647,21760000000,offer,4,5,4,38,0,0,0,1,0,0,0,-1,7,4,5,5,4,0,37,0,0,16,16,16,0,5
out,1648,21760000000,blocked,4,5,4,38,0,0,0,1,0,0,0,-1,7,4,5,5,4,0,37,0,0,16,16,16,0,5
out,1649,21780000000,offer,4,5,4,38,0,0,0,1,0,0,0,-1,7,4,5,5,4,0,37,0,0,16,16,16,0,5
out,1650,21780000000,blocked,4,5,4,38,0,0,0,1,0,0,0,-1,7,4,5,5,4,0,37,0,0,16,16,16,0,5
out,1651,21800000000,offer,4,5,4,38,0,0,0,1,0,0,0,-1,7,4,5,5,4,0,37,0,0,16,16,16,0,5
out,1652,21800000000,blocked,4,5,4,38,0,0,0,1,0,0,0,-1,7,4,5,5,4,0,37,0,0,16,16,16,0,5
out,1653,21820000000,offer,4,5,4,38,0,0,0,1,0,3,1,7,7,4,5,5,4,3,37,0,0,13,16,16,0,2
out,1654,21820000000,blocked,4,5,4,38,0,0,0,1,0,3,1,7,7,4,5,5,4,3,37,0,0,13,16,16,0,2
out,1655,21840000000,offer,4,5,4,38,0,0,0,1,0,3,1,6,7,4,5,5,4,3,37,0,0,13,16,16,0,2
out,1656,21840000000,blocked,4,5,4,38,0,0,0,1,0,3,1,6,7,4,5,5,4,3,37,0,0,13,16,16,0,2
out,1657,21860000000,offer,4,5,4,38,0,0,0,1,0,3,1,4,7,4,5,5,4,3,37,0,0,13,16,16,0,2
out,1658,21860000000,blocked,4,5,4,38,0,0,0,1,0,3,1,4,7,4,5,5,4,3,37,0,0,13,16,16,0,2
out,1659,21880000000,offer,4,5,4,38,0,0,0,1,0,3,1,2,7,4,5,5,4,3,37,0,0,13,16,16,0,2
out,1660,21880000000,blocked,4,5,4,38,0,0,0,1,0,3,1,2,7,4,5,5,4,3,37,0,0,13,16,16,0,2
out,1661,21900000000,offer,4,5,4,38,0,0,0,1,0,3,1,1,7,4,5,5,4,3,37,0,0,13,16,16,0,2
out,1662,21900000000,blocked,4,5,4,38,0,0,0,1,0,3,1,1,7,4,5,5,4,3,37,0,0,13,16,16,0,2
out,1663,21918000028,tx_start,4,5,4,22,22,0,0,3,0,3,0,3,7,3,5,5,4,3,37,128,33,13,16,16,0,2
out,1664,21918000028,tx_start,4,5,4,23,23,0,0,3,0,3,0,3,7,3,5,5,4,3,37,128,33,13,16,16,0,2
out,1665,21918000028,tx_start,4,5,4,24,24,0,0,3,0,3,0,3,7,3,5,5,4,3,37,128,33,13,16,16,0,2
out,1666,21920000000,offer,4,5,4,38,0,0,0,3,0,0,0,3,7,3,5,5,4,3,37,0,0,13,16,16,0,2
out,1667,21920000000,blocked,4,5,4,38,0,0,0,3,0,0,0,3,7,3,5,5,4,3,37,0,0,13,16,16,0,2
out,1668,21940000000,offer,4,5,4,38,0,0,0,3,0,0,0,3,7,3,5,5,4,3,37,0,0,13,16,16,0,2
out,1669,21940000000,blocked,4,5,4,38,0,0,0,3,0,0,0,3,7,3,5,5,4,3,37,0,0,13,16,16,0,2
out,1670,21946261028,ingress_before,5,4,4,22,22,0,0,1,0,0,0,-1,9,1,0,0,0,0,41,128,33,0,0,0,0,0
out,1671,21946261028,ingress_after,5,4,4,22,22,0,0,1,1,0,0,-1,9,1,0,0,0,0,41,128,33,1,1,1,0,0
out,1672,21946261028,ingress_before,5,4,4,23,23,0,0,1,1,0,0,-1,9,1,0,0,0,0,41,128,33,1,1,1,0,0
out,1673,21946261028,ingress_after,5,4,4,23,23,0,0,1,1,0,0,-1,9,1,0,0,0,0,41,128,33,2,2,2,0,0
out,1674,21946261028,ingress_before,5,4,4,24,24,0,0,1,1,0,0,-1,9,1,0,0,0,0,41,128,33,2,2,2,0,0
out,1675,21946261028,ingress_after,5,4,4,24,24,0,0,1,1,0,0,-1,9,1,0,0,0,0,41,128,33,3,3,3,0,0
out,1676,21960000000,offer,4,5,4,38,0,0,0,1,0,0,0,2,7,3,5,5,4,3,37,0,0,13,16,16,0,2
out,1677,21960000000,blocked,4,5,4,38,0,0,0,1,0,0,0,2,7,3,5,5,4,3,37,0,0,13,16,16,0,2
out,1678,21980000000,offer,4,5,4,38,0,0,0,1,0,0,0,1,7,3,5,5,4,3,37,0,0,13,16,16,0,2
out,1679,21980000000,blocked,4,5,4,38,0,0,0,1,0,0,0,1,7,3,5,5,4,3,37,0,0,13,16,16,0,2
out,1680,22000000000,generate,4,5,4,42,0,0,0,1,0,2,0,-1,7,3,5,5,4,5,37,0,0,11,16,16,0,0
out,1681,22000000000,generate,5,1,5,42,0,0,0,1,1,3,1,6,9,1,3,3,16,3,41,0,0,0,3,3,0,0
out,1682,22000000000,offer,4,5,4,38,0,0,0,1,0,2,0,-1,7,3,5,5,4,5,37,0,0,11,16,16,0,0
out,1683,22000000000,blocked,4,5,4,38,0,0,0,1,0,2,0,-1,7,3,5,5,4,5,37,0,0,11,16,16,0,0
out,1684,22000000000,offer,5,1,5,42,0,0,0,1,1,3,1,6,9,1,3,3,16,3,41,0,0,0,3,3,0,0
out,1685,22000000000,admit,5,1,5,42,0,0,0,1,1,3,1,6,9,1,3,3,16,3,42,0,0,1,4,3,1,0
out,1686,22020000000,offer,4,5,4,38,0,0,0,1,0,2,1,7,7,3,5,5,4,5,37,0,0,11,16,16,0,0
out,1687,22020000000,blocked,4,5,4,38,0,0,0,1,0,2,1,7,7,3,5,5,4,5,37,0,0,11,16,16,0,0
out,1688,22040000000,offer,4,5,4,38,0,0,0,1,0,2,1,5,7,3,5,5,4,5,37,0,0,11,16,16,0,0
out,1689,22040000000,blocked,4,5,4,38,0,0,0,1,0,2,1,5,7,3,5,5,4,5,37,0,0,11,16,16,0,0
out,1690,22060000000,offer,4,5,4,38,0,0,0,1,0,2,1,4,7,3,5,5,4,5,37,0,0,11,16,16,0,0
out,1691,22060000000,blocked,4,5,4,38,0,0,0,1,0,2,1,4,7,3,5,5,4,5,37,0,0,11,16,16,0,0
out,1692,22080000000,offer,4,5,4,38,0,0,0,1,0,2,1,2,7,3,5,5,4,5,37,0,0,11,16,16,0,0
out,1693,22080000000,blocked,4,5,4,38,0,0,0,1,0,2,1,2,7,3,5,5,4,5,37,0,0,11,16,16,0,0
out,1694,22087000028,tx_start,5,4,0,0,24,16776967,248,3,1,4,0,1,9,1,4,0,0,4,42,128,33,0,4,3,1,0
out,1695,22087000028,tx_start,5,1,4,22,63,0,0,3,1,4,0,1,9,1,4,4,16,4,42,128,33,0,4,3,1,0
out,1696,22087000028,tx_start,5,1,4,23,64,0,0,3,1,4,0,1,9,1,4,4,16,4,42,128,33,0,4,3,1,0
out,1697,22087000028,tx_start,5,1,4,24,65,0,0,3,1,4,0,1,9,1,4,4,16,4,42,128,33,0,4,3,1,0
out,1698,22087000028,tx_start,5,1,5,42,66,0,0,3,1,4,0,1,9,1,4,4,16,4,42,128,33,0,4,3,1,0
out,1699,22100000000,offer,4,5,4,38,0,0,0,1,0,2,1,1,7,3,5,5,4,5,37,0,0,11,16,16,0,0
out,1700,22100000000,blocked,4,5,4,38,0,0,0,1,0,2,1,1,7,3,5,5,4,5,37,0,0,11,16,16,0,0
out,1701,22113000028,tx_start,4,5,4,25,25,0,0,3,0,2,0,3,7,3,5,5,4,5,37,128,33,11,16,16,0,0
out,1702,22113000028,tx_start,4,5,4,26,26,0,0,3,0,2,0,3,7,3,5,5,4,5,37,128,33,11,16,16,0,0
out,1703,22120000000,offer,4,5,4,38,0,0,0,3,0,0,0,3,7,3,5,5,4,5,37,0,0,11,16,16,0,0
out,1704,22120000000,blocked,4,5,4,38,0,0,0,3,0,0,0,3,7,3,5,5,4,5,37,0,0,11,16,16,0,0
out,1705,22120601028,ingress_before,4,5,0,0,24,16776967,248,3,0,0,0,3,7,3,5,5,4,5,37,128,33,11,16,16,0,0
out,1706,22120601028,release,4,5,4,0,0,0,0,3,0,0,0,3,7,3,4,4,4,5,37,0,0,11,15,15,0,0
out,1707,22120601028,release,4,5,4,0,0,0,0,3,0,0,0,3,7,3,3,3,4,4,37,0,0,11,14,14,0,0
out,1708,22120601028,release,4,5,4,0,0,0,0,3,0,0,0,3,7,3,2,2,5,3,37,0,0,11,13,13,0,0
out,1709,22120601028,ingress_after,4,5,0,0,24,16776967,248,3,0,0,0,3,7,3,2,2,5,2,37,128,33,11,13,13,0,0
out,1710,22120601028,ingress_before,1,5,4,22,63,0,0,1,0,0,0,-1,1,1,0,0,0,0,0,128,33,0,0,0,0,0
out,1711,22120601028,deliver,1,5,4,22,0,0,0,1,1,0,0,-1,1,1,0,0,0,0,0,0,0,0,0,0,0,0
out,1712,22120601028,ingress_after,1,5,4,22,63,0,0,1,1,0,0,-1,1,1,0,0,0,0,0,128,33,0,0,0,0,0
out,1713,22120601028,ingress_before,1,5,4,23,64,0,0,1,1,0,0,-1,1,1,0,0,0,0,0,128,33,0,0,0,0,0
out,1714,22120601028,deliver,1,5,4,23,0,0,0,1,1,0,0,-1,1,1,0,0,0,0,0,0,0,0,0,0,0,0
out,1715,22120601028,ingress_after,1,5,4,23,64,0,0,1,1,0,0,-1,1,1,0,0,0,0,0,128,33,0,0,0,0,0
out,1716,22120601028,ingress_before,1,5,4,24,65,0,0,1,1,0,0,-1,1,1,0,0,0,0,0,128,33,0,0,0,0,0
out,1717,22120601028,deliver,1,5,4,24,0,0,0,1,1,0,0,-1,1,1,0,0,0,0,0,0,0,0,0,0,0,0
out,1718,22120601028,ingress_after,1,5,4,24,65,0,0,1,1,0,0,-1,1,1,0,0,0,0,0,128,33,0,0,0,0,0
out,1719,22120601028,ingress_before,1,5,5,42,66,0,0,1,1,0,0,-1,1,1,0,0,0,0,0,128,33,0,0,0,0,0
out,1720,22120601028,deliver,1,5,5,42,0,0,0,1,1,0,0,-1,1,1,0,0,0,0,0,0,0,0,0,0,0,0
out,1721,22120601028,ingress_after,1,5,5,42,66,0,0,1,1,0,0,-1,1,1,0,0,0,0,0,128,33,0,0,0,0,0
out,1722,22138381028,ingress_before,5,4,4,25,25,0,0,1,1,0,1,0,9,1,4,0,0,4,42,128,33,0,4,3,1,0
out,1723,22138381028,ingress_after,5,4,4,25,25,0,0,1,1,0,1,0,9,1,4,0,0,4,42,128,33,1,5,4,1,0
out,1724,22138381028,ingress_before,5,4,4,26,26,0,0,1,1,0,1,0,9,1,4,0,0,4,42,128,33,1,5,4,1,0
out,1725,22138381028,ingress_after,5,4,4,26,26,0,0,1,1,0,1,0,9,1,4,0,0,4,42,128,33,2,6,5,1,0
out,1726,22139000028,tx_start,5,4,0,0,26,67107871,992,3,1,2,0,9,1,9,6,0,0,6,42,128,33,0,6,5,1,0
out,1727,22139000028,tx_start,5,1,4,25,67,0,0,3,1,2,0,9,1,9,6,6,16,6,42,128,33,0,6,5,1,0
out,1728,22139000028,tx_start,5,1,4,26,68,0,0,3,1,2,0,9,1,9,6,6,16,6,42,128,33,0,6,5,1,0
out,1729,22140000000,offer,4,5,4,38,0,0,0,1,0,4,1,2,7,3,6,6,5,6,37,0,0,7,13,13,0,0
out,1730,22140000000,admit,4,5,4,38,0,0,0,1,0,4,1,2,7,3,6,6,5,6,38,0,0,8,14,14,0,0
out,1731,22150961028,tx_start,1,5,0,0,66,18446744073709551615,0,3,1,0,0,1,1,1,0,0,0,0,0,128,33,0,0,0,0,0
out,1732,22160000000,offer,4,5,4,39,0,0,0,1,0,4,1,1,7,3,6,6,5,6,38,0,0,8,14,14,0,0
out,1733,22160000000,admit,4,5,4,39,0,0,0,1,0,4,1,1,7,3,6,6,5,6,39,0,0,9,15,15,0,0
out,1734,22166841028,ingress_before,4,5,0,0,26,67107871,992,1,0,4,1,0,7,3,6,6,5,6,39,128,33,9,15,15,0,0
out,1735,22166841028,release,4,5,4,0,0,0,0,1,0,4,1,0,7,3,5,5,5,6,39,0,0,9,14,14,0,0
out,1736,22166841028,release,4,5,4,0,0,0,0,1,0,4,1,0,7,3,4,4,5,5,39,0,0,9,13,13,0,0
out,1737,22166841028,ingress_after,4,5,0,0,26,67107871,992,1,0,4,1,0,7,3,4,4,5,4,39,128,33,9,13,13,0,0
out,1738,22166841028,ingress_before,1,5,4,25,67,0,0,3,1,0,0,1,1,1,0,0,0,0,0,128,33,0,0,0,0,0
out,1739,22166841028,deliver,1,5,4,25,0,0,0,3,1,0,0,1,1,1,0,0,0,0,0,0,0,0,0,0,0,0
out,1740,22166841028,ingress_after,1,5,4,25,67,0,0,3,1,0,0,1,1,1,0,0,0,0,0,128,33,0,0,0,0,0
out,1741,22166841028,ingress_before,1,5,4,26,68,0,0,3,1,0,0,1,1,1,0,0,0,0,0,128,33,0,0,0,0,0
out,1742,22166841028,deliver,1,5,4,26,0,0,0,3,1,0,0,1,1,1,0,0,0,0,0,0,0,0,0,0,0,0
out,1743,22166841028,ingress_after,1,5,4,26,68,0,0,3,1,0,0,1,1,1,0,0,0,0,0,128,33,0,0,0,0,0
out,1744,22173042028,ingress_before,5,1,0,0,66,18446744073709551615,0,1,1,0,1,9,1,9,6,6,16,6,42,128,33,0,6,5,1,0
out,1745,22173042028,release,5,1,5,0,0,0,0,1,1,0,1,9,1,9,5,5,16,6,42,0,0,0,5,5,0,0
out,1746,22173042028,release,5,1,4,0,0,0,0,1,1,0,1,9,1,9,4,4,16,5,42,0,0,0,4,4,0,0
out,1747,22173042028,release,5,1,4,0,0,0,0,1,1,0,1,9,1,9,3,3,16,4,42,0,0,0,3,3,0,0
out,1748,22173042028,release,5,1,4,0,0,0,0,1,1,0,1,9,1,9,2,2,16,3,42,0,0,0,2,2,0,0
out,1749,22173042028,ingress_after,5,1,0,0,66,18446744073709551615,0,1,1,0,1,9,1,9,2,2,16,2,42,128,33,0,2,2,0,0
out,1750,22178000028,tx_start,4,5,4,27,27,0,0,3,0,6,0,7,3,7,6,6,5,6,39,128,33,7,13,13,0,0
out,1751,22178000028,tx_start,4,5,4,28,28,0,0,3,0,6,0,7,3,7,6,6,5,6,39,128,33,7,13,13,0,0
out,1752,22178000028,tx_start,4,5,4,29,29,0,0,3,0,6,0,7,3,7,6,6,5,6,39,128,33,7,13,13,0,0
out,1753,22178000028,tx_start,4,5,4,30,30,0,0,3,0,6,0,7,3,7,6,6,5,6,39,128,33,7,13,13,0,0
out,1754,22178000028,tx_start,4,5,4,31,31,0,0,3,0,6,0,7,3,7,6,6,5,6,39,128,33,7,13,13,0,0
out,1755,22178000028,tx_start,4,5,4,32,32,0,0,3,0,6,0,7,3,7,6,6,5,6,39,128,33,7,13,13,0,0
out,1756,22180000000,offer,4,5,4,40,0,0,0,3,0,0,0,7,3,7,6,6,5,6,39,0,0,7,13,13,0,0
out,1757,22180000000,admit,4,5,4,40,0,0,0,3,0,0,0,7,3,7,6,6,5,6,40,0,0,8,14,14,0,0
out,1758,22189961028,tx_start,1,5,0,0,68,18446744073709551615,0,3,1,0,0,1,1,1,0,0,0,0,0,128,33,0,0,0,0,0
out,1759,22200000000,offer,4,5,4,41,0,0,0,3,0,0,0,7,3,7,6,6,5,6,40,0,0,8,14,14,0,0
out,1760,22200000000,admit,4,5,4,41,0,0,0,3,0,0,0,7,3,7,6,6,5,6,41,0,0,9,15,15,0,0
out,1761,22212042028,ingress_before,5,1,0,0,68,18446744073709551615,0,1,1,0,1,6,1,9,2,2,16,2,42,128,33,0,2,2,0,0
out,1762,22212042028,release,5,1,4,0,0,0,0,1,1,0,1,6,1,9,1,1,16,2,42,0,0,0,1,1,0,0
out,1763,22212042028,release,5,1,4,0,0,0,0,1,1,0,1,6,1,9,0,0,16,1,42,0,0,0,0,0,0,0
out,1764,22212042028,ingress_after,5,1,0,0,68,18446744073709551615,0,1,1,0,1,6,1,9,0,0,16,0,42,128,33,0,0,0,0,0
out,1765,22214901028,ingress_before,5,4,4,27,27,0,0,1,1,0,1,6,1,9,0,0,0,0,42,128,33,0,0,0,0,0
out,1766,22214901028,ingress_after,5,4,4,27,27,0,0,1,1,0,1,6,1,9,0,0,0,0,42,128,33,1,1,1,0,0
out,1767,22214901028,ingress_before,5,4,4,28,28,0,0,1,1,0,1,6,1,9,0,0,0,0,42,128,33,1,1,1,0,0
out,1768,22214901028,ingress_after,5,4,4,28,28,0,0,1,1,0,1,6,1,9,0,0,0,0,42,128,33,2,2,2,0,0
out,1769,22214901028,ingress_before,5,4,4,29,29,0,0,1,1,0,1,6,1,9,0,0,0,0,42,128,33,2,2,2,0,0
out,1770,22214901028,ingress_after,5,4,4,29,29,0,0,1,1,0,1,6,1,9,0,0,0,0,42,128,33,3,3,3,0,0
out,1771,22214901028,ingress_before,5,4,4,30,30,0,0,1,1,0,1,6,1,9,0,0,0,0,42,128,33,3,3,3,0,0
out,1772,22214901028,ingress_after,5,4,4,30,30,0,0,1,1,0,1,6,1,9,0,0,0,0,42,128,33,4,4,4,0,0
out,1773,22214901028,ingress_before,5,4,4,31,31,0,0,1,1,0,1,6,1,9,0,0,0,0,42,128,33,4,4,4,0,0
out,1774,22214901028,ingress_after,5,4,4,31,31,0,0,1,1,0,1,6,1,9,0,0,0,0,42,128,33,5,5,5,0,0
out,1775,22214901028,ingress_before,5,4,4,32,32,0,0,1,1,0,1,6,1,9,0,0,0,0,42,128,33,5,5,5,0,0
out,1776,22214901028,ingress_after,5,4,4,32,32,0,0,1,1,0,1,6,1,9,0,0,0,0,42,128,33,6,6,6,0,0
out,1777,22220000000,offer,4,5,4,42,0,0,0,1,0,0,0,6,3,7,6,6,5,6,41,0,0,9,15,15,0,0
out,1778,22220000000,admit,4,5,4,42,0,0,0,1,0,0,0,6,3,7,6,6,5,6,42,0,0,10,16,16,0,0
out,1779,22228961028,tx_start,1,5,0,0,68,18446744073709551615,0,3,1,0,0,1,1,1,0,0,0,0,0,128,33,0,0,0,0,0
out,1780,22251042028,ingress_before,5,1,0,0,68,18446744073709551615,0,1,1,6,1,3,1,9,6,6,16,6,42,128,33,0,6,6,0,0
out,1781,22251042028,ingress_after,5,1,0,0,68,18446744073709551615,0,1,1,6,1,3,1,9,6,6,16,6,42,128,33,0,6,6,0,0
out,1782,22267961028,tx_start,1,5,0,0,68,18446744073709551615,0,3,1,0,0,1,1,1,0,0,0,0,0,128,33,0,0,0,0,0
out,1783,22290042028,ingress_before,5,1,0,0,68,18446744073709551615,0,1,1,6,1,0,1,9,6,6,16,6,42,128,33,0,6,6,0,0
out,1784,22290042028,ingress_after,5,1,0,0,68,18446744073709551615,0,1,1,6,1,0,1,9,6,6,16,6,42,128,33,0,6,6,0,0
out,1785,22295000028,tx_start,5,4,0,0,32,4294903807,63488,3,1,6,0,1,9,1,6,0,0,6,42,128,33,0,6,6,0,0
out,1786,22295000028,tx_start,5,1,4,27,69,0,0,3,1,6,0,1,9,1,6,6,16,6,42,128,33,0,6,6,0,0
out,1787,22295000028,tx_start,5,1,4,28,70,0,0,3,1,6,0,1,9,1,6,6,16,6,42,128,33,0,6,6,0,0
out,1788,22295000028,tx_start,5,1,4,29,71,0,0,3,1,6,0,1,9,1,6,6,16,6,42,128,33,0,6,6,0,0
out,1789,22295000028,tx_start,5,1,4,30,72,0,0,3,1,6,0,1,9,1,6,6,16,6,42,128,33,0,6,6,0,0
out,1790,22295000028,tx_start,5,1,4,31,73,0,0,3,1,6,0,1,9,1,6,6,16,6,42,128,33,0,6,6,0,0
out,1791,22295000028,tx_start,5,1,4,32,74,0,0,3,1,6,0,1,9,1,6,6,16,6,42,128,33,0,6,6,0,0
out,1792,22306961028,tx_start,1,5,0,0,68,18446744073709551615,0,3,1,0,0,2,1,2,0,0,0,0,0,128,33,0,0,0,0,0
out,1793,22329042028,ingress_before,5,1,0,0,68,18446744073709551615,0,3,1,0,0,1,9,1,6,6,16,6,42,128,33,0,6,6,0,0
out,1794,22329042028,ingress_after,5,1,0,0,68,18446744073709551615,0,3,1,0,0,1,9,1,6,6,16,6,42,128,33,0,6,6,0,0
out,1795,22334361028,ingress_before,4,5,0,0,32,4294903807,63488,1,0,0,0,-1,3,7,6,6,5,6,42,128,33,10,16,16,0,0
out,1796,22334361028,release,4,5,4,0,0,0,0,1,0,0,0,-1,3,7,5,5,6,6,42,0,0,10,15,15,0,0
out,1797,22334361028,release,4,5,4,0,0,0,0,1,0,0,0,-1,3,7,4,4,6,5,42,0,0,10,14,14,0,0
out,1798,22334361028,release,4,5,4,0,0,0,0,1,0,0,0,-1,3,7,3,3,6,4,42,0,0,10,13,13,0,0
out,1799,22334361028,release,4,5,4,0,0,0,0,1,0,0,0,-1,3,7,2,2,7,3,42,0,0,10,12,12,0,0
out,1800,22334361028,release,4,5,4,0,0,0,0,1,0,0,0,-1,3,7,1,1,7,2,42,0,0,10,11,11,0,0
out,1801,22334361028,release,4,5,4,0,0,0,0,1,0,0,0,-1,3,7,0,0,7,1,42,0,0,10,10,10,0,0
out,1802,22334361028,ingress_after,4,5,0,0,32,4294903807,63488,1,0,0,0,-1,3,7,0,0,7,0,42,128,33,10,10,10,0,0
out,1803,22334361028,ingress_before,1,5,4,27,69,0,0,1,1,0,1,1,1,2,0,0,0,0,0,128,33,0,0,0,0,0
out,1804,22334361028,deliver,1,5,4,27,0,0,0,1,1,0,1,1,1,2,0,0,0,0,0,0,0,0,0,0,0,0
out,1805,22334361028,ingress_after,1,5,4,27,69,0,0,1,1,0,1,1,1,2,0,0,0,0,0,128,33,0,0,0,0,0
out,1806,22334361028,ingress_before,1,5,4,28,70,0,0,1,1,0,1,1,1,2,0,0,0,0,0,128,33,0,0,0,0,0
out,1807,22334361028,deliver,1,5,4,28,0,0,0,1,1,0,1,1,1,2,0,0,0,0,0,0,0,0,0,0,0,0
out,1808,22334361028,ingress_after,1,5,4,28,70,0,0,1,1,0,1,1,1,2,0,0,0,0,0,128,33,0,0,0,0,0
out,1809,22334361028,ingress_before,1,5,4,29,71,0,0,1,1,0,1,1,1,2,0,0,0,0,0,128,33,0,0,0,0,0
out,1810,22334361028,deliver,1,5,4,29,0,0,0,1,1,0,1,1,1,2,0,0,0,0,0,0,0,0,0,0,0,0
out,1811,22334361028,ingress_after,1,5,4,29,71,0,0,1,1,0,1,1,1,2,0,0,0,0,0,128,33,0,0,0,0,0
out,1812,22334361028,ingress_before,1,5,4,30,72,0,0,1,1,0,1,1,1,2,0,0,0,0,0,128,33,0,0,0,0,0
out,1813,22334361028,deliver,1,5,4,30,0,0,0,1,1,0,1,1,1,2,0,0,0,0,0,0,0,0,0,0,0,0
out,1814,22334361028,ingress_after,1,5,4,30,72,0,0,1,1,0,1,1,1,2,0,0,0,0,0,128,33,0,0,0,0,0
out,1815,22334361028,ingress_before,1,5,4,31,73,0,0,1,1,0,1,1,1,2,0,0,0,0,0,128,33,0,0,0,0,0
out,1816,22334361028,deliver,1,5,4,31,0,0,0,1,1,0,1,1,1,2,0,0,0,0,0,0,0,0,0,0,0,0
out,1817,22334361028,ingress_after,1,5,4,31,73,0,0,1,1,0,1,1,1,2,0,0,0,0,0,128,33,0,0,0,0,0
out,1818,22334361028,ingress_before,1,5,4,32,74,0,0,1,1,0,1,1,1,2,0,0,0,0,0,128,33,0,0,0,0,0
out,1819,22334361028,deliver,1,5,4,32,0,0,0,1,1,0,1,1,1,2,0,0,0,0,0,0,0,0,0,0,0,0
out,1820,22334361028,ingress_after,1,5,4,32,74,0,0,1,1,0,1,1,1,2,0,0,0,0,0,128,33,0,0,0,0,0
out,1821,22358961028,tx_start,1,5,0,0,74,18446744073709551615,0,3,1,0,0,1,2,1,0,0,0,0,0,128,33,0,0,0,0,0
out,1822,22360000028,tx_start,5,4,0,0,32,4294903807,63488,3,1,0,0,9,1,9,6,0,0,6,42,128,33,0,6,6,0,0
out,1823,22381042028,ingress_before,5,1,0,0,74,18446744073709551615,0,3,1,0,0,9,1,9,6,6,16,6,42,128,33,0,6,6,0,0
out,1824,22381042028,release,5,1,4,0,0,0,0,3,1,0,0,9,1,9,5,5,16,6,42,0,0,0,5,5,0,0
out,1825,22381042028,release,5,1,4,0,0,0,0,3,1,0,0,9,1,9,4,4,16,5,42,0,0,0,4,4,0,0
out,1826,22381042028,release,5,1,4,0,0,0,0,3,1,0,0,9,1,9,3,3,16,4,42,0,0,0,3,3,0,0
out,1827,22381042028,release,5,1,4,0,0,0,0,3,1,0,0,9,1,9,2,2,16,3,42,0,0,0,2,2,0,0
out,1828,22381042028,release,5,1,4,0,0,0,0,3,1,0,0,9,1,9,1,1,16,2,42,0,0,0,1,1,0,0
out,1829,22381042028,release,5,1,4,0,0,0,0,3,1,0,0,9,1,9,0,0,16,1,42,0,0,0,0,0,0,0
out,1830,22381042028,ingress_after,5,1,0,0,74,18446744073709551615,0,3,1,0,0,9,1,9,0,0,16,0,42,128,33,0,0,0,0,0
out,1831,22382081028,ingress_before,4,5,0,0,32,4294903807,63488,1,0,8,1,1,3,7,8,8,7,8,42,128,33,2,10,10,0,0
out,1832,22382081028,ingress_after,4,5,0,0,32,4294903807,63488,1,0,8,1,1,3,7,8,8,7,8,42,128,33,2,10,10,0,0
out,1833,22397961028,tx_start,1,5,0,0,74,18446744073709551615,0,3,1,0,0,1,1,1,0,0,0,0,0,128,33,0,0,0,0,0
out,1834,22399000028,tx_start,4,5,4,33,33,0,0,3,0,8,0,8,3,8,8,8,7,8,42,128,33,2,10,10,0,0
out,1835,22399000028,tx_start,4,5,4,34,34,0,0,3,0,8,0,8,3,8,8,8,7,8,42,128,33,2,10,10,0,0
out,1836,22399000028,tx_start,4,5,4,35,35,0,0,3,0,8,0,8,3,8,8,8,7,8,42,128,33,2,10,10,0,0
out,1837,22399000028,tx_start,4,5,4,36,36,0,0,3,0,8,0,8,3,8,8,8,7,8,42,128,33,2,10,10,0,0
out,1838,22399000028,tx_start,4,5,4,37,37,0,0,3,0,8,0,8,3,8,8,8,7,8,42,128,33,2,10,10,0,0
out,1839,22399000028,tx_start,4,5,4,38,38,0,0,3,0,8,0,8,3,8,8,8,7,8,42,128,33,2,10,10,0,0
out,1840,22399000028,tx_start,4,5,4,39,39,0,0,3,0,8,0,8,3,8,8,8,7,8,42,128,33,2,10,10,0,0
out,1841,22399000028,tx_start,4,5,4,40,40,0,0,3,0,8,0,8,3,8,8,8,7,8,42,128,33,2,10,10,0,0
out,1842,22420042028,ingress_before,5,1,0,0,74,18446744073709551615,0,1,1,0,1,6,1,9,0,0,16,0,42,128,33,0,0,0,0,0
out,1843,22420042028,ingress_after,5,1,0,0,74,18446744073709551615,0,1,1,0,1,6,1,9,0,0,16,0,42,128,33,0,0,0,0,0
out,1844,22436961028,tx_start,1,5,0,0,74,18446744073709551615,0,3,1,0,0,1,1,1,0,0,0,0,0,128,33,0,0,0,0,0
out,1845,22441661028,ingress_before,5,4,4,33,33,0,0,1,1,0,1,4,1,9,0,0,0,0,42,128,33,0,0,0,0,0
out,1846,22441661028,ingress_after,5,4,4,33,33,0,0,1,1,0,1,4,1,9,0,0,0,0,42,128,33,1,1,1,0,0
out,1847,22441661028,ingress_before,5,4,4,34,34,0,0,1,1,0,1,4,1,9,0,0,0,0,42,128,33,1,1,1,0,0
out,1848,22441661028,ingress_after,5,4,4,34,34,0,0,1,1,0,1,4,1,9,0,0,0,0,42,128,33,2,2,2,0,0
out,1849,22441661028,ingress_before,5,4,4,35,35,0,0,1,1,0,1,4,1,9,0,0,0,0,42,128,33,2,2,2,0,0
out,1850,22441661028,ingress_after,5,4,4,35,35,0,0,1,1,0,1,4,1,9,0,0,0,0,42,128,33,3,3,3,0,0
out,1851,22441661028,ingress_before,5,4,4,36,36,0,0,1,1,0,1,4,1,9,0,0,0,0,42,128,33,3,3,3,0,0
out,1852,22441661028,ingress_after,5,4,4,36,36,0,0,1,1,0,1,4,1,9,0,0,0,0,42,128,33,4,4,4,0,0
out,1853,22441661028,ingress_before,5,4,4,37,37,0,0,1,1,0,1,4,1,9,0,0,0,0,42,128,33,4,4,4,0,0
out,1854,22441661028,ingress_after,5,4,4,37,37,0,0,1,1,0,1,4,1,9,0,0,0,0,42,128,33,5,5,5,0,0
out,1855,22441661028,ingress_before,5,4,4,38,38,0,0,1,1,0,1,4,1,9,0,0,0,0,42,128,33,5,5,5,0,0
out,1856,22441661028,ingress_after,5,4,4,38,38,0,0,1,1,0,1,4,1,9,0,0,0,0,42,128,33,6,6,6,0,0
out,1857,22441661028,ingress_before,5,4,4,39,39,0,0,1,1,0,1,4,1,9,0,0,0,0,42,128,33,6,6,6,0,0
out,1858,22441661028,ingress_after,5,4,4,39,39,0,0,1,1,0,1,4,1,9,0,0,0,0,42,128,33,7,7,7,0,0
out,1859,22441661028,ingress_before,5,4,4,40,40,0,0,1,1,0,1,4,1,9,0,0,0,0,42,128,33,7,7,7,0,0
out,1860,22441661028,ingress_after,5,4,4,40,40,0,0,1,1,0,1,4,1,9,0,0,0,0,42,128,33,8,8,8,0,0
out,1861,22459042028,ingress_before,5,1,0,0,74,18446744073709551615,0,1,1,8,1,3,1,9,8,8,16,8,42,128,33,0,8,8,0,0
out,1862,22459042028,ingress_after,5,1,0,0,74,18446744073709551615,0,1,1,8,1,3,1,9,8,8,16,8,42,128,33,0,8,8,0,0
out,1863,22475961028,tx_start,1,5,0,0,74,18446744073709551615,0,3,1,0,0,1,1,1,0,0,0,0,0,128,33,0,0,0,0,0
out,1864,22498042028,ingress_before,5,1,0,0,74,18446744073709551615,0,1,1,8,1,0,1,9,8,8,16,8,42,128,33,0,8,8,0,0
out,1865,22498042028,ingress_after,5,1,0,0,74,18446744073709551615,0,1,1,8,1,0,1,9,8,8,16,8,42,128,33,0,8,8,0,0
out,1866,22503000028,tx_start,5,4,0,0,40,1099495374847,16252928,3,1,8,0,1,9,1,8,0,0,8,42,128,33,0,8,8,0,0
out,1867,22503000028,tx_start,5,1,4,33,75,0,0,3,1,8,0,1,9,1,8,8,16,8,42,128,33,0,8,8,0,0
out,1868,22503000028,tx_start,5,1,4,34,76,0,0,3,1,8,0,1,9,1,8,8,16,8,42,128,33,0,8,8,0,0
out,1869,22503000028,tx_start,5,1,4,35,77,0,0,3,1,8,0,1,9,1,8,8,16,8,42,128,33,0,8,8,0,0
out,1870,22503000028,tx_start,5,1,4,36,78,0,0,3,1,8,0,1,9,1,8,8,16,8,42,128,33,0,8,8,0,0
out,1871,22503000028,tx_start,5,1,4,37,79,0,0,3,1,8,0,1,9,1,8,8,16,8,42,128,33,0,8,8,0,0
out,1872,22503000028,tx_start,5,1,4,38,80,0,0,3,1,8,0,1,9,1,8,8,16,8,42,128,33,0,8,8,0,0
out,1873,22503000028,tx_start,5,1,4,39,81,0,0,3,1,8,0,1,9,1,8,8,16,8,42,128,33,0,8,8,0,0
out,1874,22503000028,tx_start,5,1,4,40,82,0,0,3,1,8,0,1,9,1,8,8,16,8,42,128,33,0,8,8,0,0
out,1875,22514961028,tx_start,1,5,0,0,74,18446744073709551615,0,3,1,0,0,1,1,1,0,0,0,0,0,128,33,0,0,0,0,0
out,1876,22537042028,ingress_before,5,1,0,0,74,18446744073709551615,0,3,1,0,0,1,9,1,8,8,16,8,42,128,33,0,8,8,0,0
out,1877,22537042028,ingress_after,5,1,0,0,74,18446744073709551615,0,3,1,0,0,1,9,1,8,8,16,8,42,128,33,0,8,8,0,0
out,1878,22548121028,ingress_before,4,5,0,0,40,1099495374847,16252928,1,0,0,0,0,3,8,8,8,7,8,42,128,33,2,10,10,0,0
out,1879,22548121028,release,4,5,4,0,0,0,0,1,0,0,0,0,3,8,7,7,8,8,42,0,0,2,9,9,0,0
out,1880,22548121028,release,4,5,4,0,0,0,0,1,0,0,0,0,3,8,6,6,8,7,42,0,0,2,8,8,0,0
out,1881,22548121028,release,4,5,4,0,0,0,0,1,0,0,0,0,3,8,5,5,8,6,42,0,0,2,7,7,0,0
out,1882,22548121028,release,4,5,4,0,0,0,0,1,0,0,0,0,3,8,4,4,9,5,42,0,0,2,6,6,0,0
out,1883,22548121028,release,4,5,4,0,0,0,0,1,0,0,0,0,3,8,3,3,9,4,42,0,0,2,5,5,0,0
out,1884,22548121028,release,4,5,4,0,0,0,0,1,0,0,0,0,3,8,2,2,9,3,42,0,0,2,4,4,0,0
out,1885,22548121028,release,4,5,4,0,0,0,0,1,0,0,0,0,3,8,1,1,10,2,42,0,0,2,3,3,0,0
out,1886,22548121028,release,4,5,4,0,0,0,0,1,0,0,0,0,3,8,0,0,10,1,42,0,0,2,2,2,0,0
out,1887,22548121028,ingress_after,4,5,0,0,40,1099495374847,16252928,1,0,0,0,0,3,8,0,0,10,0,42,128,33,2,2,2,0,0
out,1888,22548121028,ingress_before,1,5,4,33,75,0,0,1,0,0,0,0,1,1,0,0,0,0,0,128,33,0,0,0,0,0
out,1889,22548121028,deliver,1,5,4,33,0,0,0,1,1,0,0,0,1,1,0,0,0,0,0,0,0,0,0,0,0,0
out,1890,22548121028,ingress_after,1,5,4,33,75,0,0,1,1,0,0,0,1,1,0,0,0,0,0,128,33,0,0,0,0,0
out,1891,22548121028,ingress_before,1,5,4,34,76,0,0,1,1,0,0,0,1,1,0,0,0,0,0,128,33,0,0,0,0,0
out,1892,22548121028,deliver,1,5,4,34,0,0,0,1,1,0,0,0,1,1,0,0,0,0,0,0,0,0,0,0,0,0
out,1893,22548121028,ingress_after,1,5,4,34,76,0,0,1,1,0,0,0,1,1,0,0,0,0,0,128,33,0,0,0,0,0
out,1894,22548121028,ingress_before,1,5,4,35,77,0,0,1,1,0,0,0,1,1,0,0,0,0,0,128,33,0,0,0,0,0
out,1895,22548121028,deliver,1,5,4,35,0,0,0,1,1,0,0,0,1,1,0,0,0,0,0,0,0,0,0,0,0,0
out,1896,22548121028,ingress_after,1,5,4,35,77,0,0,1,1,0,0,0,1,1,0,0,0,0,0,128,33,0,0,0,0,0
out,1897,22548121028,ingress_before,1,5,4,36,78,0,0,1,1,0,0,0,1,1,0,0,0,0,0,128,33,0,0,0,0,0
out,1898,22548121028,deliver,1,5,4,36,0,0,0,1,1,0,0,0,1,1,0,0,0,0,0,0,0,0,0,0,0,0
out,1899,22548121028,ingress_after,1,5,4,36,78,0,0,1,1,0,0,0,1,1,0,0,0,0,0,128,33,0,0,0,0,0
out,1900,22548121028,ingress_before,1,5,4,37,79,0,0,1,1,0,0,0,1,1,0,0,0,0,0,128,33,0,0,0,0,0
out,1901,22548121028,deliver,1,5,4,37,0,0,0,1,1,0,0,0,1,1,0,0,0,0,0,0,0,0,0,0,0,0
out,1902,22548121028,ingress_after,1,5,4,37,79,0,0,1,1,0,0,0,1,1,0,0,0,0,0,128,33,0,0,0,0,0
out,1903,22548121028,ingress_before,1,5,4,38,80,0,0,1,1,0,0,0,1,1,0,0,0,0,0,128,33,0,0,0,0,0
out,1904,22548121028,deliver,1,5,4,38,0,0,0,1,1,0,0,0,1,1,0,0,0,0,0,0,0,0,0,0,0,0
out,1905,22548121028,ingress_after,1,5,4,38,80,0,0,1,1,0,0,0,1,1,0,0,0,0,0,128,33,0,0,0,0,0
out,1906,22548121028,ingress_before,1,5,4,39,81,0,0,1,1,0,0,0,1,1,0,0,0,0,0,128,33,0,0,0,0,0
out,1907,22548121028,deliver,1,5,4,39,0,0,0,1,1,0,0,0,1,1,0,0,0,0,0,0,0,0,0,0,0,0
out,1908,22548121028,ingress_after,1,5,4,39,81,0,0,1,1,0,0,0,1,1,0,0,0,0,0,128,33,0,0,0,0,0
out,1909,22548121028,ingress_before,1,5,4,40,82,0,0,1,1,0,0,0,1,1,0,0,0,0,0,128,33,0,0,0,0,0
out,1910,22548121028,deliver,1,5,4,40,0,0,0,1,1,0,0,0,1,1,0,0,0,0,0,0,0,0,0,0,0,0
out,1911,22548121028,ingress_after,1,5,4,40,82,0,0,1,1,0,0,0,1,1,0,0,0,0,0,128,33,0,0,0,0,0
out,1912,22568000028,tx_start,5,4,0,0,40,1099495374847,16252928,3,1,0,0,9,1,9,8,0,0,8,42,128,33,0,8,8,0,0
out,1913,22579961028,tx_start,1,5,0,0,82,18446744073709551615,0,3,1,0,0,1,1,1,0,0,0,0,0,128,33,0,0,0,0,0
out,1914,22590081028,ingress_before,4,5,0,0,40,1099495374847,16252928,1,0,2,1,1,3,8,2,2,10,2,42,128,33,0,2,2,0,0
out,1915,22590081028,ingress_after,4,5,0,0,40,1099495374847,16252928,1,0,2,1,1,3,8,2,2,10,2,42,128,33,0,2,2,0,0
out,1916,22602042028,ingress_before,5,1,0,0,82,18446744073709551615,0,1,1,0,1,8,1,9,8,8,16,8,42,128,33,0,8,8,0,0
out,1917,22602042028,release,5,1,4,0,0,0,0,1,1,0,1,8,1,9,7,7,16,8,42,0,0,0,7,7,0,0
out,1918,22602042028,release,5,1,4,0,0,0,0,1,1,0,1,8,1,9,6,6,16,7,42,0,0,0,6,6,0,0
out,1919,22602042028,release,5,1,4,0,0,0,0,1,1,0,1,8,1,9,5,5,16,6,42,0,0,0,5,5,0,0
out,1920,22602042028,release,5,1,4,0,0,0,0,1,1,0,1,8,1,9,4,4,16,5,42,0,0,0,4,4,0,0
out,1921,22602042028,release,5,1,4,0,0,0,0,1,1,0,1,8,1,9,3,3,16,4,42,0,0,0,3,3,0,0
out,1922,22602042028,release,5,1,4,0,0,0,0,1,1,0,1,8,1,9,2,2,16,3,42,0,0,0,2,2,0,0
out,1923,22602042028,release,5,1,4,0,0,0,0,1,1,0,1,8,1,9,1,1,16,2,42,0,0,0,1,1,0,0
out,1924,22602042028,release,5,1,4,0,0,0,0,1,1,0,1,8,1,9,0,0,16,1,42,0,0,0,0,0,0,0
out,1925,22602042028,ingress_after,5,1,0,0,82,18446744073709551615,0,1,1,0,1,8,1,9,0,0,16,0,42,128,33,0,0,0,0,0
out,1926,22607000028,tx_start,4,5,4,41,41,0,0,3,0,2,0,8,3,8,2,2,10,2,42,128,33,0,2,2,0,0
out,1927,22607000028,tx_start,4,5,4,42,42,0,0,3,0,2,0,8,3,8,2,2,10,2,42,128,33,0,2,2,0,0
out,1928,22618961028,tx_start,1,5,0,0,82,18446744073709551615,0,3,1,0,0,1,1,1,0,0,0,0,0,128,33,0,0,0,0,0
out,1929,22632381028,ingress_before,5,4,4,41,41,0,0,1,1,0,1,6,1,9,0,0,0,0,42,128,33,0,0,0,0,0
out,1930,22632381028,ingress_after,5,4,4,41,41,0,0,1,1,0,1,6,1,9,0,0,0,0,42,128,33,1,1,1,0,0
out,1931,22632381028,ingress_before,5,4,4,42,42,0,0,1,1,0,1,6,1,9,0,0,0,0,42,128,33,1,1,1,0,0
out,1932,22632381028,ingress_after,5,4,4,42,42,0,0,1,1,0,1,6,1,9,0,0,0,0,42,128,33,2,2,2,0,0
out,1933,22641042028,ingress_before,5,1,0,0,82,18446744073709551615,0,1,1,2,1,5,1,9,2,2,16,2,42,128,33,0,2,2,0,0
out,1934,22641042028,ingress_after,5,1,0,0,82,18446744073709551615,0,1,1,2,1,5,1,9,2,2,16,2,42,128,33,0,2,2,0,0
out,1935,22657961028,tx_start,1,5,0,0,82,18446744073709551615,0,3,1,0,0,1,1,1,0,0,0,0,0,128,33,0,0,0,0,0
out,1936,22680042028,ingress_before,5,1,0,0,82,18446744073709551615,0,1,1,2,1,2,1,9,2,2,16,2,42,128,33,0,2,2,0,0
out,1937,22680042028,ingress_after,5,1,0,0,82,18446744073709551615,0,1,1,2,1,2,1,9,2,2,16,2,42,128,33,0,2,2,0,0
out,1938,22696961028,tx_start,1,5,0,0,82,18446744073709551615,0,3,1,0,0,1,1,1,0,0,0,0,0,128,33,0,0,0,0,0
out,1939,22711000028,tx_start,5,4,0,0,42,4397981499391,65011712,3,1,2,0,2,9,2,2,0,0,2,42,128,33,0,2,2,0,0
out,1940,22711000028,tx_start,5,1,4,41,83,0,0,3,1,2,0,2,9,2,2,2,16,2,42,128,33,0,2,2,0,0
out,1941,22711000028,tx_start,5,1,4,42,84,0,0,3,1,2,0,2,9,2,2,2,16,2,42,128,33,0,2,2,0,0
out,1942,22719042028,ingress_before,5,1,0,0,82,18446744073709551615,0,3,1,0,0,2,9,2,2,2,16,2,42,128,33,0,2,2,0,0
out,1943,22719042028,ingress_after,5,1,0,0,82,18446744073709551615,0,3,1,0,0,2,9,2,2,2,16,2,42,128,33,0,2,2,0,0
out,1944,22735961028,tx_start,1,5,0,0,82,18446744073709551615,0,3,1,0,0,1,1,1,0,0,0,0,0,128,33,0,0,0,0,0
out,1945,22738841028,ingress_before,4,5,0,0,42,4397981499391,65011712,1,0,0,0,-1,3,8,2,2,10,2,42,128,33,0,2,2,0,0
out,1946,22738841028,release,4,5,4,0,0,0,0,1,0,0,0,-1,3,8,1,1,10,2,42,0,0,0,1,1,0,0
out,1947,22738841028,release,4,5,4,0,0,0,0,1,0,0,0,-1,3,8,0,0,11,1,42,0,0,0,0,0,0,0
out,1948,22738841028,ingress_after,4,5,0,0,42,4397981499391,65011712,1,0,0,0,-1,3,8,0,0,11,0,42,128,33,0,0,0,0,0
out,1949,22738841028,ingress_before,1,5,4,41,83,0,0,3,0,0,0,1,1,1,0,0,0,0,0,128,33,0,0,0,0,0
out,1950,22738841028,deliver,1,5,4,41,0,0,0,3,1,0,0,1,1,1,0,0,0,0,0,0,0,0,0,0,0,0
out,1951,22738841028,ingress_after,1,5,4,41,83,0,0,3,1,0,0,1,1,1,0,0,0,0,0,128,33,0,0,0,0,0
out,1952,22738841028,ingress_before,1,5,4,42,84,0,0,3,1,0,0,1,1,1,0,0,0,0,0,128,33,0,0,0,0,0
out,1953,22738841028,deliver,1,5,4,42,0,0,0,3,1,0,0,1,1,1,0,0,0,0,0,0,0,0,0,0,0,0
out,1954,22738841028,ingress_after,1,5,4,42,84,0,0,3,1,0,0,1,1,1,0,0,0,0,0,128,33,0,0,0,0,0
out,1955,22758042028,ingress_before,5,1,0,0,82,18446744073709551615,0,1,1,0,1,1,9,2,2,2,16,2,42,128,33,0,2,2,0,0
out,1956,22758042028,ingress_after,5,1,0,0,82,18446744073709551615,0,1,1,0,1,1,9,2,2,2,16,2,42,128,33,0,2,2,0,0
out,1957,22774961028,tx_start,1,5,0,0,84,18446744073709551615,0,3,1,0,0,1,1,1,0,0,0,0,0,128,33,0,0,0,0,0
out,1958,22776000028,tx_start,5,4,0,0,42,4397981499391,65011712,3,1,0,0,9,2,9,2,0,0,2,42,128,33,0,2,2,0,0
out,1959,22797042028,ingress_before,5,1,0,0,84,18446744073709551615,0,3,1,0,0,9,2,9,2,2,16,2,42,128,33,0,2,2,0,0
out,1960,22797042028,release,5,1,4,0,0,0,0,3,1,0,0,9,2,9,1,1,16,2,42,0,0,0,1,1,0,0
out,1961,22797042028,release,5,1,4,0,0,0,0,3,1,0,0,9,2,9,0,0,16,1,42,0,0,0,0,0,0,0
out,1962,22797042028,ingress_after,5,1,0,0,84,18446744073709551615,0,3,1,0,0,9,2,9,0,0,16,0,42,128,33,0,0,0,0,0
out,1963,22798081028,ingress_before,4,5,0,0,42,4397981499391,65011712,1,0,0,0,-1,3,8,0,0,11,0,42,128,33,0,0,0,0,0
out,1964,22798081028,ingress_after,4,5,0,0,42,4397981499391,65011712,1,0,0,0,-1,3,8,0,0,11,0,42,128,33,0,0,0,0,0
out,1965,22813961028,tx_start,1,5,0,0,84,18446744073709551615,0,3,1,0,0,1,1,1,0,0,0,0,0,128,33,0,0,0,0,0
out,1966,22836042028,ingress_before,5,1,0,0,84,18446744073709551615,0,1,1,0,1,6,2,9,0,0,16,0,42,128,33,0,0,0,0,0
out,1967,22836042028,ingress_after,5,1,0,0,84,18446744073709551615,0,1,1,0,1,6,2,9,0,0,16,0,42,128,33,0,0,0,0,0
out,1968,22852961028,tx_start,1,5,0,0,84,18446744073709551615,0,3,1,0,0,1,1,1,0,0,0,0,0,128,33,0,0,0,0,0
out,1969,22875042028,ingress_before,5,1,0,0,84,18446744073709551615,0,1,1,0,1,3,2,9,0,0,16,0,42,128,33,0,0,0,0,0
out,1970,22875042028,ingress_after,5,1,0,0,84,18446744073709551615,0,1,1,0,1,3,2,9,0,0,16,0,42,128,33,0,0,0,0,0
out,1971,22891961028,tx_start,1,5,0,0,84,18446744073709551615,0,3,1,0,0,1,1,1,0,0,0,0,0,128,33,0,0,0,0,0
out,1972,22914042028,ingress_before,5,1,0,0,84,18446744073709551615,0,1,1,0,1,0,2,9,0,0,16,0,42,128,33,0,0,0,0,0
out,1973,22914042028,ingress_after,5,1,0,0,84,18446744073709551615,0,1,1,0,1,0,2,9,0,0,16,0,42,128,33,0,0,0,0,0
out,1974,22919000028,tx_start,5,4,0,0,42,4397981499391,65011712,3,1,0,0,1,9,1,0,0,0,0,42,128,33,0,0,0,0,0
out,1975,22930961028,tx_start,1,5,0,0,84,18446744073709551615,0,3,1,0,0,1,1,1,0,0,0,0,0,128,33,0,0,0,0,0
out,1976,22941081028,ingress_before,4,5,0,0,42,4397981499391,65011712,1,0,0,0,-1,3,8,0,0,11,0,42,128,33,0,0,0,0,0
out,1977,22941081028,ingress_after,4,5,0,0,42,4397981499391,65011712,1,0,0,0,-1,3,8,0,0,11,0,42,128,33,0,0,0,0,0
out,1978,22953042028,ingress_before,5,1,0,0,84,18446744073709551615,0,1,1,0,1,0,9,1,0,0,16,0,42,128,33,0,0,0,0,0
out,1979,22953042028,ingress_after,5,1,0,0,84,18446744073709551615,0,1,1,0,1,0,9,1,0,0,16,0,42,128,33,0,0,0,0,0
out,1980,22958000028,tx_start,5,4,0,0,42,4397981499391,65011712,3,1,0,0,9,1,9,0,0,0,0,42,128,33,0,0,0,0,0
out,1981,22980081028,ingress_before,4,5,0,0,42,4397981499391,65011712,1,0,0,0,-1,3,8,0,0,11,0,42,128,33,0,0,0,0,0
out,1982,22980081028,ingress_after,4,5,0,0,42,4397981499391,65011712,1,0,0,0,-1,3,8,0,0,11,0,42,128,33,0,0,0,0,0
out,1983,23000000000,generate,4,5,4,43,0,0,0,1,0,0,0,-1,3,8,0,0,11,0,42,0,0,0,0,0,0,0
out,1984,23000000000,generate,5,1,5,43,0,0,0,1,1,0,1,7,1,9,0,0,16,0,42,0,0,0,0,0,0,0
out,1985,23000000000,offer,4,5,4,43,0,0,0,1,0,0,0,-1,3,8,0,0,11,0,42,0,0,0,0,0,0,0
out,1986,23000000000,admit,4,5,4,43,0,0,0,1,0,0,0,-1,3,8,0,0,11,0,43,0,0,1,1,1,0,0
out,1987,23000000000,offer,5,1,5,43,0,0,0,1,1,0,1,7,1,9,0,0,16,0,42,0,0,0,0,0,0,0
out,1988,23000000000,admit,5,1,5,43,0,0,0,1,1,0,1,7,1,9,0,0,16,0,43,0,0,1,1,0,1,0
out,1989,23062000028,tx_start,4,5,4,43,43,0,0,3,0,1,0,7,3,7,1,1,11,1,43,128,33,0,1,1,0,0
out,1990,23084501028,ingress_before,5,4,4,43,43,0,0,1,1,1,1,1,1,9,1,0,0,1,43,128,33,0,1,0,1,0
out,1991,23084501028,ingress_after,5,4,4,43,43,0,0,1,1,1,1,1,1,9,1,0,0,1,43,128,33,1,2,1,1,0
out,1992,23101000028,tx_start,5,4,0,0,43,8795962998783,130023424,3,1,2,0,1,9,1,2,0,0,2,43,128,33,0,2,1,1,0
out,1993,23101000028,tx_start,5,1,5,43,85,0,0,3,1,2,0,1,9,1,2,2,16,2,43,128,33,0,2,1,1,0
out,1994,23101000028,tx_start,5,1,4,43,86,0,0,3,1,2,0,1,9,1,2,2,16,2,43,128,33,0,2,1,1,0
out,1995,23128841028,ingress_before,4,5,0,0,43,8795962998783,130023424,1,0,0,0,3,3,7,1,1,11,1,43,128,33,0,1,1,0,0
out,1996,23128841028,release,4,5,4,0,0,0,0,1,0,0,0,3,3,7,0,0,11,1,43,0,0,0,0,0,0,0
out,1997,23128841028,ingress_after,4,5,0,0,43,8795962998783,130023424,1,0,0,0,3,3,7,0,0,11,0,43,128,33,0,0,0,0,0
out,1998,23128841028,ingress_before,1,5,5,43,85,0,0,1,0,0,0,-1,1,1,0,0,0,0,0,128,33,0,0,0,0,0
out,1999,23128841028,deliver,1,5,5,43,0,0,0,1,1,0,0,-1,1,1,0,0,0,0,0,0,0,0,0,0,0,0
out,2000,23128841028,ingress_after,1,5,5,43,85,0,0,1,1,0,0,-1,1,1,0,0,0,0,0,128,33,0,0,0,0,0
out,2001,23128841028,ingress_before,1,5,4,43,86,0,0,1,1,0,0,-1,1,1,0,0,0,0,0,128,33,0,0,0,0,0
out,2002,23128841028,deliver,1,5,4,43,0,0,0,1,1,0,0,-1,1,1,0,0,0,0,0,0,0,0,0,0,0,0
out,2003,23128841028,ingress_after,1,5,4,43,86,0,0,1,1,0,0,-1,1,1,0,0,0,0,0,128,33,0,0,0,0,0
out,2004,23153000028,tx_start,5,4,0,0,43,8795962998783,130023424,3,1,0,0,9,1,9,2,0,0,2,43,128,33,0,2,1,1,0
out,2005,23164961028,tx_start,1,5,0,0,86,18446744073709551615,0,3,1,0,0,1,1,1,0,0,0,0,0,128,33,0,0,0,0,0
out,2006,23175081028,ingress_before,4,5,0,0,43,8795962998783,130023424,1,0,0,0,0,3,7,0,0,11,0,43,128,33,0,0,0,0,0
out,2007,23175081028,ingress_after,4,5,0,0,43,8795962998783,130023424,1,0,0,0,0,3,7,0,0,11,0,43,128,33,0,0,0,0,0
out,2008,23187042028,ingress_before,5,1,0,0,86,18446744073709551615,0,1,1,0,1,8,1,9,2,2,16,2,43,128,33,0,2,1,1,0
out,2009,23187042028,release,5,1,4,0,0,0,0,1,1,0,1,8,1,9,1,1,16,2,43,0,0,0,1,0,1,0
out,2010,23187042028,release,5,1,5,0,0,0,0,1,1,0,1,8,1,9,0,0,16,1,43,0,0,0,0,0,0,0
out,2011,23187042028,ingress_after,5,1,0,0,86,18446744073709551615,0,1,1,0,1,8,1,9,0,0,16,0,43,128,33,0,0,0,0,0
out,2012,23203961028,tx_start,1,5,0,0,86,18446744073709551615,0,3,1,0,0,1,1,1,0,0,0,0,0,128,33,0,0,0,0,0
out,2013,23226042028,ingress_before,5,1,0,0,86,18446744073709551615,0,1,1,0,1,5,1,9,0,0,16,0,43,128,33,0,0,0,0,0
out,2014,23226042028,ingress_after,5,1,0,0,86,18446744073709551615,0,1,1,0,1,5,1,9,0,0,16,0,43,128,33,0,0,0,0,0
out,2015,23242961028,tx_start,1,5,0,0,86,18446744073709551615,0,3,1,0,0,1,1,1,0,0,0,0,0,128,33,0,0,0,0,0
out,2016,23265042028,ingress_before,5,1,0,0,86,18446744073709551615,0,1,1,0,1,2,1,9,0,0,16,0,43,128,33,0,0,0,0,0
out,2017,23265042028,ingress_after,5,1,0,0,86,18446744073709551615,0,1,1,0,1,2,1,9,0,0,16,0,43,128,33,0,0,0,0,0
out,2018,23281961028,tx_start,1,5,0,0,86,18446744073709551615,0,3,1,0,0,1,1,1,0,0,0,0,0,128,33,0,0,0,0,0
out,2019,23296000028,tx_start,5,4,0,0,43,8795962998783,130023424,3,1,0,0,1,9,1,0,0,0,0,43,128,33,0,0,0,0,0
out,2020,23304042028,ingress_before,5,1,0,0,86,18446744073709551615,0,3,1,0,0,1,9,1,0,0,16,0,43,128,33,0,0,0,0,0
out,2021,23304042028,ingress_after,5,1,0,0,86,18446744073709551615,0,3,1,0,0,1,9,1,0,0,16,0,43,128,33,0,0,0,0,0
out,2022,23318081028,ingress_before,4,5,0,0,43,8795962998783,130023424,1,0,0,0,-1,3,7,0,0,11,0,43,128,33,0,0,0,0,0
out,2023,23318081028,ingress_after,4,5,0,0,43,8795962998783,130023424,1,0,0,0,-1,3,7,0,0,11,0,43,128,33,0,0,0,0,0
out,2024,23320961028,tx_start,1,5,0,0,86,18446744073709551615,0,3,1,0,0,1,1,1,0,0,0,0,0,128,33,0,0,0,0,0
out,2025,23335000028,tx_start,5,4,0,0,43,8795962998783,130023424,3,1,0,0,9,1,9,0,0,0,0,43,128,33,0,0,0,0,0
out,2026,23343042028,ingress_before,5,1,0,0,86,18446744073709551615,0,3,1,0,0,9,1,9,0,0,16,0,43,128,33,0,0,0,0,0
out,2027,23343042028,ingress_after,5,1,0,0,86,18446744073709551615,0,3,1,0,0,9,1,9,0,0,16,0,43,128,33,0,0,0,0,0
out,2028,23357081028,ingress_before,4,5,0,0,43,8795962998783,130023424,1,0,0,0,-1,3,7,0,0,11,0,43,128,33,0,0,0,0,0
out,2029,23357081028,ingress_after,4,5,0,0,43,8795962998783,130023424,1,0,0,0,-1,3,7,0,0,11,0,43,128,33,0,0,0,0,0
out,2030,23478000028,tx_start,5,4,0,0,43,8795962998783,130023424,3,1,0,0,1,9,1,0,0,0,0,43,128,33,0,0,0,0,0
out,2031,23500081028,ingress_before,4,5,0,0,43,8795962998783,130023424,1,0,0,0,-1,3,7,0,0,11,0,43,128,33,0,0,0,0,0
out,2032,23500081028,ingress_after,4,5,0,0,43,8795962998783,130023424,1,0,0,0,-1,3,7,0,0,11,0,43,128,33,0,0,0,0,0
out,2033,24000000000,generate,4,5,4,44,0,0,0,1,0,0,0,-1,3,7,0,0,11,0,43,0,0,0,0,0,0,0
out,2034,24000000000,generate,5,1,5,44,0,0,0,1,0,0,0,-1,9,1,0,0,16,0,43,0,0,0,0,0,0,0
out,2035,24000000000,offer,4,5,4,44,0,0,0,1,0,0,0,-1,3,7,0,0,11,0,43,0,0,0,0,0,0,0
out,2036,24000000000,admit,4,5,4,44,0,0,0,1,0,0,0,-1,3,7,0,0,11,0,44,0,0,1,1,1,0,0
out,2037,24000000000,offer,5,1,5,44,0,0,0,1,0,0,0,-1,9,1,0,0,16,0,43,0,0,0,0,0,0,0
out,2038,24000000000,admit,5,1,5,44,0,0,0,1,0,0,0,-1,9,1,0,0,16,0,44,0,0,1,1,0,1,0
out,2039,24000000000,checkpoint,1,0,0,0,0,0,0,1,0,0,0,-1,1,1,0,0,0,0,0,0,0,0,0,0,0,0
out,2040,24000000000,checkpoint,4,5,0,0,0,0,0,1,0,0,0,-1,3,7,0,0,11,0,44,0,0,1,1,1,0,0
out,2041,24000000000,checkpoint,5,1,0,0,0,0,0,1,0,0,0,-1,9,1,0,0,16,0,44,0,0,1,1,0,1,0
out,2042,24063000028,tx_start,4,5,4,44,44,0,0,3,0,1,0,7,3,7,1,1,11,1,44,128,33,0,1,1,0,0
out,2043,24085501028,ingress_before,5,4,4,44,44,0,0,1,0,1,1,4,9,1,1,0,0,1,44,128,33,0,1,0,1,0
out,2044,24085501028,ingress_after,5,4,4,44,44,0,0,1,1,1,1,4,9,1,1,0,0,1,44,128,33,1,2,1,1,0
out,2045,24141000028,tx_start,5,4,0,0,44,17591925997567,260046848,3,1,2,0,1,9,1,2,0,0,2,44,128,33,0,2,1,1,0
out,2046,24141000028,tx_start,5,1,5,44,87,0,0,3,1,2,0,1,9,1,2,2,16,2,44,128,33,0,2,1,1,0
out,2047,24141000028,tx_start,5,1,4,44,88,0,0,3,1,2,0,1,9,1,2,2,16,2,44,128,33,0,2,1,1,0
out,2048,24168841028,ingress_before,4,5,0,0,44,17591925997567,260046848,1,0,0,0,0,3,7,1,1,11,1,44,128,33,0,1,1,0,0
out,2049,24168841028,release,4,5,4,0,0,0,0,1,0,0,0,0,3,7,0,0,11,1,44,0,0,0,0,0,0,0
out,2050,24168841028,ingress_after,4,5,0,0,44,17591925997567,260046848,1,0,0,0,0,3,7,0,0,11,0,44,128,33,0,0,0,0,0
out,2051,24168841028,ingress_before,1,5,5,44,87,0,0,1,0,0,0,-1,1,1,0,0,0,0,0,128,33,0,0,0,0,0
out,2052,24168841028,deliver,1,5,5,44,0,0,0,1,1,0,0,-1,1,1,0,0,0,0,0,0,0,0,0,0,0,0
out,2053,24168841028,ingress_after,1,5,5,44,87,0,0,1,1,0,0,-1,1,1,0,0,0,0,0,128,33,0,0,0,0,0
out,2054,24168841028,ingress_before,1,5,4,44,88,0,0,1,1,0,0,-1,1,1,0,0,0,0,0,128,33,0,0,0,0,0
out,2055,24168841028,deliver,1,5,4,44,0,0,0,1,1,0,0,-1,1,1,0,0,0,0,0,0,0,0,0,0,0,0
out,2056,24168841028,ingress_after,1,5,4,44,88,0,0,1,1,0,0,-1,1,1,0,0,0,0,0,128,33,0,0,0,0,0
out,2057,24193000028,tx_start,5,4,0,0,44,17591925997567,260046848,3,1,0,0,9,1,9,2,0,0,2,44,128,33,0,2,1,1,0
out,2058,24204961028,tx_start,1,5,0,0,88,18446744073709551615,0,3,1,0,0,1,1,1,0,0,0,0,0,128,33,0,0,0,0,0
out,2059,24215081028,ingress_before,4,5,0,0,44,17591925997567,260046848,1,0,0,0,-1,3,7,0,0,11,0,44,128,33,0,0,0,0,0
out,2060,24215081028,ingress_after,4,5,0,0,44,17591925997567,260046848,1,0,0,0,-1,3,7,0,0,11,0,44,128,33,0,0,0,0,0
out,2061,24227042028,ingress_before,5,1,0,0,88,18446744073709551615,0,1,1,0,1,8,1,9,2,2,16,2,44,128,33,0,2,1,1,0
out,2062,24227042028,release,5,1,4,0,0,0,0,1,1,0,1,8,1,9,1,1,16,2,44,0,0,0,1,0,1,0
out,2063,24227042028,release,5,1,5,0,0,0,0,1,1,0,1,8,1,9,0,0,16,1,44,0,0,0,0,0,0,0
out,2064,24227042028,ingress_after,5,1,0,0,88,18446744073709551615,0,1,1,0,1,8,1,9,0,0,16,0,44,128,33,0,0,0,0,0
out,2065,24243961028,tx_start,1,5,0,0,88,18446744073709551615,0,3,1,0,0,1,1,1,0,0,0,0,0,128,33,0,0,0,0,0
out,2066,24266042028,ingress_before,5,1,0,0,88,18446744073709551615,0,1,1,0,1,5,1,9,0,0,16,0,44,128,33,0,0,0,0,0
out,2067,24266042028,ingress_after,5,1,0,0,88,18446744073709551615,0,1,1,0,1,5,1,9,0,0,16,0,44,128,33,0,0,0,0,0
out,2068,24282961028,tx_start,1,5,0,0,88,18446744073709551615,0,3,1,0,0,1,1,1,0,0,0,0,0,128,33,0,0,0,0,0
out,2069,24305042028,ingress_before,5,1,0,0,88,18446744073709551615,0,1,1,0,1,2,1,9,0,0,16,0,44,128,33,0,0,0,0,0
out,2070,24305042028,ingress_after,5,1,0,0,88,18446744073709551615,0,1,1,0,1,2,1,9,0,0,16,0,44,128,33,0,0,0,0,0
out,2071,24321961028,tx_start,1,5,0,0,88,18446744073709551615,0,3,1,0,0,1,1,1,0,0,0,0,0,128,33,0,0,0,0,0
out,2072,24336000028,tx_start,5,4,0,0,44,17591925997567,260046848,3,1,0,0,1,9,1,0,0,0,0,44,128,33,0,0,0,0,0
out,2073,24344042028,ingress_before,5,1,0,0,88,18446744073709551615,0,3,1,0,0,1,9,1,0,0,16,0,44,128,33,0,0,0,0,0
out,2074,24344042028,ingress_after,5,1,0,0,88,18446744073709551615,0,3,1,0,0,1,9,1,0,0,16,0,44,128,33,0,0,0,0,0
out,2075,24358081028,ingress_before,4,5,0,0,44,17591925997567,260046848,1,0,0,0,-1,3,7,0,0,11,0,44,128,33,0,0,0,0,0
out,2076,24358081028,ingress_after,4,5,0,0,44,17591925997567,260046848,1,0,0,0,-1,3,7,0,0,11,0,44,128,33,0,0,0,0,0
out,2077,24360961028,tx_start,1,5,0,0,88,18446744073709551615,0,3,1,0,0,1,1,1,0,0,0,0,0,128,33,0,0,0,0,0
out,2078,24375000028,tx_start,5,4,0,0,44,17591925997567,260046848,3,1,0,0,9,1,9,0,0,0,0,44,128,33,0,0,0,0,0
out,2079,24383042028,ingress_before,5,1,0,0,88,18446744073709551615,0,3,1,0,0,9,1,9,0,0,16,0,44,128,33,0,0,0,0,0
out,2080,24383042028,ingress_after,5,1,0,0,88,18446744073709551615,0,3,1,0,0,9,1,9,0,0,16,0,44,128,33,0,0,0,0,0
out,2081,24397081028,ingress_before,4,5,0,0,44,17591925997567,260046848,1,0,0,0,-1,3,7,0,0,11,0,44,128,33,0,0,0,0,0
out,2082,24397081028,ingress_after,4,5,0,0,44,17591925997567,260046848,1,0,0,0,-1,3,7,0,0,11,0,44,128,33,0,0,0,0,0
out,2083,24518000028,tx_start,5,4,0,0,44,17591925997567,260046848,3,1,0,0,1,9,1,0,0,0,0,44,128,33,0,0,0,0,0
out,2084,24540081028,ingress_before,4,5,0,0,44,17591925997567,260046848,1,0,0,0,-1,3,7,0,0,11,0,44,128,33,0,0,0,0,0
out,2085,24540081028,ingress_after,4,5,0,0,44,17591925997567,260046848,1,0,0,0,-1,3,7,0,0,11,0,44,128,33,0,0,0,0,0
out,2086,25000000000,generate,4,5,4,45,0,0,0,1,0,0,0,-1,3,7,0,0,11,0,44,0,0,0,0,0,0,0
out,2087,25000000000,generate,5,1,5,45,0,0,0,1,0,0,0,-1,9,1,0,0,16,0,44,0,0,0,0,0,0,0
out,2088,25000000000,offer,4,5,4,45,0,0,0,1,0,0,0,-1,3,7,0,0,11,0,44,0,0,0,0,0,0,0
out,2089,25000000000,admit,4,5,4,45,0,0,0,1,0,0,0,-1,3,7,0,0,11,0,45,0,0,1,1,1,0,0
out,2090,25000000000,offer,5,1,5,45,0,0,0,1,0,0,0,-1,9,1,0,0,16,0,44,0,0,0,0,0,0,0
out,2091,25000000000,admit,5,1,5,45,0,0,0,1,0,0,0,-1,9,1,0,0,16,0,45,0,0,1,1,0,1,0
out,2092,25064000028,tx_start,4,5,4,45,45,0,0,3,0,1,0,7,3,7,1,1,11,1,45,128,33,0,1,1,0,0
out,2093,25086501028,ingress_before,5,4,4,45,45,0,0,1,0,1,1,4,9,1,1,0,0,1,45,128,33,0,1,0,1,0
out,2094,25086501028,ingress_after,5,4,4,45,45,0,0,1,1,1,1,4,9,1,1,0,0,1,45,128,33,1,2,1,1,0
out,2095,25142000028,tx_start,5,4,0,0,45,35183851995135,520093696,3,1,2,0,1,9,1,2,0,0,2,45,128,33,0,2,1,1,0
out,2096,25142000028,tx_start,5,1,5,45,89,0,0,3,1,2,0,1,9,1,2,2,16,2,45,128,33,0,2,1,1,0
out,2097,25142000028,tx_start,5,1,4,45,90,0,0,3,1,2,0,1,9,1,2,2,16,2,45,128,33,0,2,1,1,0
out,2098,25169841028,ingress_before,4,5,0,0,45,35183851995135,520093696,1,0,0,0,0,3,7,1,1,11,1,45,128,33,0,1,1,0,0
out,2099,25169841028,release,4,5,4,0,0,0,0,1,0,0,0,0,3,7,0,0,12,1,45,0,0,0,0,0,0,0
out,2100,25169841028,ingress_after,4,5,0,0,45,35183851995135,520093696,1,0,0,0,0,3,7,0,0,12,0,45,128,33,0,0,0,0,0
out,2101,25169841028,ingress_before,1,5,5,45,89,0,0,1,0,0,0,-1,1,1,0,0,0,0,0,128,33,0,0,0,0,0
out,2102,25169841028,deliver,1,5,5,45,0,0,0,1,1,0,0,-1,1,1,0,0,0,0,0,0,0,0,0,0,0,0
out,2103,25169841028,ingress_after,1,5,5,45,89,0,0,1,1,0,0,-1,1,1,0,0,0,0,0,128,33,0,0,0,0,0
out,2104,25169841028,ingress_before,1,5,4,45,90,0,0,1,1,0,0,-1,1,1,0,0,0,0,0,128,33,0,0,0,0,0
out,2105,25169841028,deliver,1,5,4,45,0,0,0,1,1,0,0,-1,1,1,0,0,0,0,0,0,0,0,0,0,0,0
out,2106,25169841028,ingress_after,1,5,4,45,90,0,0,1,1,0,0,-1,1,1,0,0,0,0,0,128,33,0,0,0,0,0
out,2107,25194000028,tx_start,5,4,0,0,45,35183851995135,520093696,3,1,0,0,9,1,9,2,0,0,2,45,128,33,0,2,1,1,0
out,2108,25205961028,tx_start,1,5,0,0,90,18446744073709551615,0,3,1,0,0,1,1,1,0,0,0,0,0,128,33,0,0,0,0,0
out,2109,25216081028,ingress_before,4,5,0,0,45,35183851995135,520093696,1,0,0,0,-1,3,7,0,0,12,0,45,128,33,0,0,0,0,0
out,2110,25216081028,ingress_after,4,5,0,0,45,35183851995135,520093696,1,0,0,0,-1,3,7,0,0,12,0,45,128,33,0,0,0,0,0
out,2111,25228042028,ingress_before,5,1,0,0,90,18446744073709551615,0,1,1,0,1,8,1,9,2,2,16,2,45,128,33,0,2,1,1,0
out,2112,25228042028,release,5,1,4,0,0,0,0,1,1,0,1,8,1,9,1,1,16,2,45,0,0,0,1,0,1,0
out,2113,25228042028,release,5,1,5,0,0,0,0,1,1,0,1,8,1,9,0,0,16,1,45,0,0,0,0,0,0,0
out,2114,25228042028,ingress_after,5,1,0,0,90,18446744073709551615,0,1,1,0,1,8,1,9,0,0,16,0,45,128,33,0,0,0,0,0
out,2115,25244961028,tx_start,1,5,0,0,90,18446744073709551615,0,3,1,0,0,1,1,1,0,0,0,0,0,128,33,0,0,0,0,0
out,2116,25267042028,ingress_before,5,1,0,0,90,18446744073709551615,0,1,1,0,1,5,1,9,0,0,16,0,45,128,33,0,0,0,0,0
out,2117,25267042028,ingress_after,5,1,0,0,90,18446744073709551615,0,1,1,0,1,5,1,9,0,0,16,0,45,128,33,0,0,0,0,0
out,2118,25283961028,tx_start,1,5,0,0,90,18446744073709551615,0,3,1,0,0,1,1,1,0,0,0,0,0,128,33,0,0,0,0,0
out,2119,25306042028,ingress_before,5,1,0,0,90,18446744073709551615,0,1,1,0,1,2,1,9,0,0,16,0,45,128,33,0,0,0,0,0
out,2120,25306042028,ingress_after,5,1,0,0,90,18446744073709551615,0,1,1,0,1,2,1,9,0,0,16,0,45,128,33,0,0,0,0,0
out,2121,25322961028,tx_start,1,5,0,0,90,18446744073709551615,0,3,1,0,0,1,1,1,0,0,0,0,0,128,33,0,0,0,0,0
out,2122,25337000028,tx_start,5,4,0,0,45,35183851995135,520093696,3,1,0,0,1,9,1,0,0,0,0,45,128,33,0,0,0,0,0
out,2123,25345042028,ingress_before,5,1,0,0,90,18446744073709551615,0,3,1,0,0,1,9,1,0,0,16,0,45,128,33,0,0,0,0,0
out,2124,25345042028,ingress_after,5,1,0,0,90,18446744073709551615,0,3,1,0,0,1,9,1,0,0,16,0,45,128,33,0,0,0,0,0
out,2125,25359081028,ingress_before,4,5,0,0,45,35183851995135,520093696,1,0,0,0,-1,3,7,0,0,12,0,45,128,33,0,0,0,0,0
out,2126,25359081028,ingress_after,4,5,0,0,45,35183851995135,520093696,1,0,0,0,-1,3,7,0,0,12,0,45,128,33,0,0,0,0,0
out,2127,25361961028,tx_start,1,5,0,0,90,18446744073709551615,0,3,1,0,0,1,1,1,0,0,0,0,0,128,33,0,0,0,0,0
out,2128,25376000028,tx_start,5,4,0,0,45,35183851995135,520093696,3,1,0,0,9,1,9,0,0,0,0,45,128,33,0,0,0,0,0
out,2129,25384042028,ingress_before,5,1,0,0,90,18446744073709551615,0,3,1,0,0,9,1,9,0,0,16,0,45,128,33,0,0,0,0,0
out,2130,25384042028,ingress_after,5,1,0,0,90,18446744073709551615,0,3,1,0,0,9,1,9,0,0,16,0,45,128,33,0,0,0,0,0
out,2131,25398081028,ingress_before,4,5,0,0,45,35183851995135,520093696,1,0,0,0,-1,3,7,0,0,12,0,45,128,33,0,0,0,0,0
out,2132,25398081028,ingress_after,4,5,0,0,45,35183851995135,520093696,1,0,0,0,-1,3,7,0,0,12,0,45,128,33,0,0,0,0,0
out,2133,25519000028,tx_start,5,4,0,0,45,35183851995135,520093696,3,1,0,0,1,9,1,0,0,0,0,45,128,33,0,0,0,0,0
out,2134,25541081028,ingress_before,4,5,0,0,45,35183851995135,520093696,1,0,0,0,-1,3,7,0,0,12,0,45,128,33,0,0,0,0,0
out,2135,25541081028,ingress_after,4,5,0,0,45,35183851995135,520093696,1,0,0,0,-1,3,7,0,0,12,0,45,128,33,0,0,0,0,0
out,2136,26000000000,generate,4,5,4,46,0,0,0,1,0,0,0,-1,3,7,0,0,12,0,45,0,0,0,0,0,0,0
out,2137,26000000000,generate,5,1,5,46,0,0,0,1,0,0,0,-1,9,1,0,0,16,0,45,0,0,0,0,0,0,0
out,2138,26000000000,offer,4,5,4,46,0,0,0,1,0,0,0,-1,3,7,0,0,12,0,45,0,0,0,0,0,0,0
out,2139,26000000000,admit,4,5,4,46,0,0,0,1,0,0,0,-1,3,7,0,0,12,0,46,0,0,1,1,1,0,0
out,2140,26000000000,offer,5,1,5,46,0,0,0,1,0,0,0,-1,9,1,0,0,16,0,45,0,0,0,0,0,0,0
out,2141,26000000000,admit,5,1,5,46,0,0,0,1,0,0,0,-1,9,1,0,0,16,0,46,0,0,1,1,0,1,0
out,2142,26065000028,tx_start,4,5,4,46,46,0,0,3,0,1,0,7,3,7,1,1,12,1,46,128,33,0,1,1,0,0
out,2143,26087501028,ingress_before,5,4,4,46,46,0,0,1,0,1,1,4,9,1,1,0,0,1,46,128,33,0,1,0,1,0
out,2144,26087501028,ingress_after,5,4,4,46,46,0,0,1,1,1,1,4,9,1,1,0,0,1,46,128,33,1,2,1,1,0
out,2145,26143000028,tx_start,5,4,0,0,46,70367703990271,1040187392,3,1,2,0,1,9,1,2,0,0,2,46,128,33,0,2,1,1,0
out,2146,26143000028,tx_start,5,1,5,46,91,0,0,3,1,2,0,1,9,1,2,2,16,2,46,128,33,0,2,1,1,0
out,2147,26143000028,tx_start,5,1,4,46,92,0,0,3,1,2,0,1,9,1,2,2,16,2,46,128,33,0,2,1,1,0
out,2148,26170841028,ingress_before,4,5,0,0,46,70367703990271,1040187392,1,0,0,0,0,3,7,1,1,12,1,46,128,33,0,1,1,0,0
out,2149,26170841028,release,4,5,4,0,0,0,0,1,0,0,0,0,3,7,0,0,12,1,46,0,0,0,0,0,0,0
out,2150,26170841028,ingress_after,4,5,0,0,46,70367703990271,1040187392,1,0,0,0,0,3,7,0,0,12,0,46,128,33,0,0,0,0,0
out,2151,26170841028,ingress_before,1,5,5,46,91,0,0,1,0,0,0,-1,1,1,0,0,0,0,0,128,33,0,0,0,0,0
out,2152,26170841028,deliver,1,5,5,46,0,0,0,1,1,0,0,-1,1,1,0,0,0,0,0,0,0,0,0,0,0,0
out,2153,26170841028,ingress_after,1,5,5,46,91,0,0,1,1,0,0,-1,1,1,0,0,0,0,0,128,33,0,0,0,0,0
out,2154,26170841028,ingress_before,1,5,4,46,92,0,0,1,1,0,0,-1,1,1,0,0,0,0,0,128,33,0,0,0,0,0
out,2155,26170841028,deliver,1,5,4,46,0,0,0,1,1,0,0,-1,1,1,0,0,0,0,0,0,0,0,0,0,0,0
out,2156,26170841028,ingress_after,1,5,4,46,92,0,0,1,1,0,0,-1,1,1,0,0,0,0,0,128,33,0,0,0,0,0
out,2157,26195000028,tx_start,5,4,0,0,46,70367703990271,1040187392,3,1,0,0,9,1,9,2,0,0,2,46,128,33,0,2,1,1,0
out,2158,26206961028,tx_start,1,5,0,0,92,18446744073709551615,0,3,1,0,0,1,1,1,0,0,0,0,0,128,33,0,0,0,0,0
out,2159,26217081028,ingress_before,4,5,0,0,46,70367703990271,1040187392,1,0,0,0,-1,3,7,0,0,12,0,46,128,33,0,0,0,0,0
out,2160,26217081028,ingress_after,4,5,0,0,46,70367703990271,1040187392,1,0,0,0,-1,3,7,0,0,12,0,46,128,33,0,0,0,0,0
out,2161,26229042028,ingress_before,5,1,0,0,92,18446744073709551615,0,1,1,0,1,8,1,9,2,2,16,2,46,128,33,0,2,1,1,0
out,2162,26229042028,release,5,1,4,0,0,0,0,1,1,0,1,8,1,9,1,1,16,2,46,0,0,0,1,0,1,0
out,2163,26229042028,release,5,1,5,0,0,0,0,1,1,0,1,8,1,9,0,0,16,1,46,0,0,0,0,0,0,0
out,2164,26229042028,ingress_after,5,1,0,0,92,18446744073709551615,0,1,1,0,1,8,1,9,0,0,16,0,46,128,33,0,0,0,0,0
out,2165,26245961028,tx_start,1,5,0,0,92,18446744073709551615,0,3,1,0,0,1,1,1,0,0,0,0,0,128,33,0,0,0,0,0
out,2166,26268042028,ingress_before,5,1,0,0,92,18446744073709551615,0,1,1,0,1,5,1,9,0,0,16,0,46,128,33,0,0,0,0,0
out,2167,26268042028,ingress_after,5,1,0,0,92,18446744073709551615,0,1,1,0,1,5,1,9,0,0,16,0,46,128,33,0,0,0,0,0
out,2168,26284961028,tx_start,1,5,0,0,92,18446744073709551615,0,3,1,0,0,1,1,1,0,0,0,0,0,128,33,0,0,0,0,0
out,2169,26307042028,ingress_before,5,1,0,0,92,18446744073709551615,0,1,1,0,1,2,1,9,0,0,16,0,46,128,33,0,0,0,0,0
out,2170,26307042028,ingress_after,5,1,0,0,92,18446744073709551615,0,1,1,0,1,2,1,9,0,0,16,0,46,128,33,0,0,0,0,0
out,2171,26323961028,tx_start,1,5,0,0,92,18446744073709551615,0,3,1,0,0,1,1,1,0,0,0,0,0,128,33,0,0,0,0,0
out,2172,26338000028,tx_start,5,4,0,0,46,70367703990271,1040187392,3,1,0,0,1,9,1,0,0,0,0,46,128,33,0,0,0,0,0
out,2173,26346042028,ingress_before,5,1,0,0,92,18446744073709551615,0,3,1,0,0,1,9,1,0,0,16,0,46,128,33,0,0,0,0,0
out,2174,26346042028,ingress_after,5,1,0,0,92,18446744073709551615,0,3,1,0,0,1,9,1,0,0,16,0,46,128,33,0,0,0,0,0
out,2175,26360081028,ingress_before,4,5,0,0,46,70367703990271,1040187392,1,0,0,0,-1,3,7,0,0,12,0,46,128,33,0,0,0,0,0
out,2176,26360081028,ingress_after,4,5,0,0,46,70367703990271,1040187392,1,0,0,0,-1,3,7,0,0,12,0,46,128,33,0,0,0,0,0
out,2177,26362961028,tx_start,1,5,0,0,92,18446744073709551615,0,3,1,0,0,1,1,1,0,0,0,0,0,128,33,0,0,0,0,0
out,2178,26377000028,tx_start,5,4,0,0,46,70367703990271,1040187392,3,1,0,0,9,1,9,0,0,0,0,46,128,33,0,0,0,0,0
out,2179,26385042028,ingress_before,5,1,0,0,92,18446744073709551615,0,3,1,0,0,9,1,9,0,0,16,0,46,128,33,0,0,0,0,0
out,2180,26385042028,ingress_after,5,1,0,0,92,18446744073709551615,0,3,1,0,0,9,1,9,0,0,16,0,46,128,33,0,0,0,0,0
out,2181,26399081028,ingress_before,4,5,0,0,46,70367703990271,1040187392,1,0,0,0,-1,3,7,0,0,12,0,46,128,33,0,0,0,0,0
out,2182,26399081028,ingress_after,4,5,0,0,46,70367703990271,1040187392,1,0,0,0,-1,3,7,0,0,12,0,46,128,33,0,0,0,0,0
out,2183,26520000028,tx_start,5,4,0,0,46,70367703990271,1040187392,3,1,0,0,1,9,1,0,0,0,0,46,128,33,0,0,0,0,0
out,2184,26542081028,ingress_before,4,5,0,0,46,70367703990271,1040187392,1,0,0,0,-1,3,7,0,0,12,0,46,128,33,0,0,0,0,0
out,2185,26542081028,ingress_after,4,5,0,0,46,70367703990271,1040187392,1,0,0,0,-1,3,7,0,0,12,0,46,128,33,0,0,0,0,0
out,2186,27000000000,generate,4,5,4,47,0,0,0,1,0,0,0,-1,3,7,0,0,12,0,46,0,0,0,0,0,0,0
out,2187,27000000000,generate,5,1,5,47,0,0,0,1,0,0,0,-1,9,1,0,0,16,0,46,0,0,0,0,0,0,0
out,2188,27000000000,offer,4,5,4,47,0,0,0,1,0,0,0,-1,3,7,0,0,12,0,46,0,0,0,0,0,0,0
out,2189,27000000000,admit,4,5,4,47,0,0,0,1,0,0,0,-1,3,7,0,0,12,0,47,0,0,1,1,1,0,0
out,2190,27000000000,offer,5,1,5,47,0,0,0,1,0,0,0,-1,9,1,0,0,16,0,46,0,0,0,0,0,0,0
out,2191,27000000000,admit,5,1,5,47,0,0,0,1,0,0,0,-1,9,1,0,0,16,0,47,0,0,1,1,0,1,0
out,2192,27053000028,tx_start,4,5,4,47,47,0,0,3,0,1,0,7,3,7,1,1,12,1,47,128,33,0,1,1,0,0
out,2193,27075501028,ingress_before,5,4,4,47,47,0,0,1,0,1,1,4,9,1,1,0,0,1,47,128,33,0,1,0,1,0
out,2194,27075501028,ingress_after,5,4,4,47,47,0,0,1,1,1,1,4,9,1,1,0,0,1,47,128,33,1,2,1,1,0
out,2195,27131000028,tx_start,5,4,0,0,47,140735407980543,2080374784,3,1,2,0,1,9,1,2,0,0,2,47,128,33,0,2,1,1,0
out,2196,27131000028,tx_start,5,1,5,47,93,0,0,3,1,2,0,1,9,1,2,2,16,2,47,128,33,0,2,1,1,0
out,2197,27131000028,tx_start,5,1,4,47,94,0,0,3,1,2,0,1,9,1,2,2,16,2,47,128,33,0,2,1,1,0
out,2198,27158841028,ingress_before,4,5,0,0,47,140735407980543,2080374784,1,0,0,0,0,3,7,1,1,12,1,47,128,33,0,1,1,0,0
out,2199,27158841028,release,4,5,4,0,0,0,0,1,0,0,0,0,3,7,0,0,12,1,47,0,0,0,0,0,0,0
out,2200,27158841028,ingress_after,4,5,0,0,47,140735407980543,2080374784,1,0,0,0,0,3,7,0,0,12,0,47,128,33,0,0,0,0,0
out,2201,27158841028,ingress_before,1,5,5,47,93,0,0,1,0,0,0,-1,1,1,0,0,0,0,0,128,33,0,0,0,0,0
out,2202,27158841028,deliver,1,5,5,47,0,0,0,1,1,0,0,-1,1,1,0,0,0,0,0,0,0,0,0,0,0,0
out,2203,27158841028,ingress_after,1,5,5,47,93,0,0,1,1,0,0,-1,1,1,0,0,0,0,0,128,33,0,0,0,0,0
out,2204,27158841028,ingress_before,1,5,4,47,94,0,0,1,1,0,0,-1,1,1,0,0,0,0,0,128,33,0,0,0,0,0
out,2205,27158841028,deliver,1,5,4,47,0,0,0,1,1,0,0,-1,1,1,0,0,0,0,0,0,0,0,0,0,0,0
out,2206,27158841028,ingress_after,1,5,4,47,94,0,0,1,1,0,0,-1,1,1,0,0,0,0,0,128,33,0,0,0,0,0
out,2207,27183000028,tx_start,5,4,0,0,47,140735407980543,2080374784,3,1,0,0,9,1,9,2,0,0,2,47,128,33,0,2,1,1,0
out,2208,27194961028,tx_start,1,5,0,0,94,18446744073709551615,0,3,1,0,0,1,1,1,0,0,0,0,0,128,33,0,0,0,0,0
out,2209,27205081028,ingress_before,4,5,0,0,47,140735407980543,2080374784,1,0,0,0,-1,3,7,0,0,12,0,47,128,33,0,0,0,0,0
out,2210,27205081028,ingress_after,4,5,0,0,47,140735407980543,2080374784,1,0,0,0,-1,3,7,0,0,12,0,47,128,33,0,0,0,0,0
out,2211,27217042028,ingress_before,5,1,0,0,94,18446744073709551615,0,1,1,0,1,8,1,9,2,2,16,2,47,128,33,0,2,1,1,0
out,2212,27217042028,release,5,1,4,0,0,0,0,1,1,0,1,8,1,9,1,1,16,2,47,0,0,0,1,0,1,0
out,2213,27217042028,release,5,1,5,0,0,0,0,1,1,0,1,8,1,9,0,0,16,1,47,0,0,0,0,0,0,0
out,2214,27217042028,ingress_after,5,1,0,0,94,18446744073709551615,0,1,1,0,1,8,1,9,0,0,16,0,47,128,33,0,0,0,0,0
out,2215,27233961028,tx_start,1,5,0,0,94,18446744073709551615,0,3,1,0,0,1,1,1,0,0,0,0,0,128,33,0,0,0,0,0
out,2216,27256042028,ingress_before,5,1,0,0,94,18446744073709551615,0,1,1,0,1,5,1,9,0,0,16,0,47,128,33,0,0,0,0,0
out,2217,27256042028,ingress_after,5,1,0,0,94,18446744073709551615,0,1,1,0,1,5,1,9,0,0,16,0,47,128,33,0,0,0,0,0
out,2218,27272961028,tx_start,1,5,0,0,94,18446744073709551615,0,3,1,0,0,1,1,1,0,0,0,0,0,128,33,0,0,0,0,0
out,2219,27295042028,ingress_before,5,1,0,0,94,18446744073709551615,0,1,1,0,1,2,1,9,0,0,16,0,47,128,33,0,0,0,0,0
out,2220,27295042028,ingress_after,5,1,0,0,94,18446744073709551615,0,1,1,0,1,2,1,9,0,0,16,0,47,128,33,0,0,0,0,0
out,2221,27311961028,tx_start,1,5,0,0,94,18446744073709551615,0,3,1,0,0,1,1,1,0,0,0,0,0,128,33,0,0,0,0,0
out,2222,27326000028,tx_start,5,4,0,0,47,140735407980543,2080374784,3,1,0,0,1,9,1,0,0,0,0,47,128,33,0,0,0,0,0
out,2223,27334042028,ingress_before,5,1,0,0,94,18446744073709551615,0,3,1,0,0,1,9,1,0,0,16,0,47,128,33,0,0,0,0,0
out,2224,27334042028,ingress_after,5,1,0,0,94,18446744073709551615,0,3,1,0,0,1,9,1,0,0,16,0,47,128,33,0,0,0,0,0
out,2225,27348081028,ingress_before,4,5,0,0,47,140735407980543,2080374784,1,0,0,0,-1,3,7,0,0,12,0,47,128,33,0,0,0,0,0
out,2226,27348081028,ingress_after,4,5,0,0,47,140735407980543,2080374784,1,0,0,0,-1,3,7,0,0,12,0,47,128,33,0,0,0,0,0
out,2227,27350961028,tx_start,1,5,0,0,94,18446744073709551615,0,3,1,0,0,1,1,1,0,0,0,0,0,128,33,0,0,0,0,0
out,2228,27365000028,tx_start,5,4,0,0,47,140735407980543,2080374784,3,1,0,0,9,1,9,0,0,0,0,47,128,33,0,0,0,0,0
out,2229,27373042028,ingress_before,5,1,0,0,94,18446744073709551615,0,3,1,0,0,9,1,9,0,0,16,0,47,128,33,0,0,0,0,0
out,2230,27373042028,ingress_after,5,1,0,0,94,18446744073709551615,0,3,1,0,0,9,1,9,0,0,16,0,47,128,33,0,0,0,0,0
out,2231,27387081028,ingress_before,4,5,0,0,47,140735407980543,2080374784,1,0,0,0,-1,3,7,0,0,12,0,47,128,33,0,0,0,0,0
out,2232,27387081028,ingress_after,4,5,0,0,47,140735407980543,2080374784,1,0,0,0,-1,3,7,0,0,12,0,47,128,33,0,0,0,0,0
out,2233,27508000028,tx_start,5,4,0,0,47,140735407980543,2080374784,3,1,0,0,1,9,1,0,0,0,0,47,128,33,0,0,0,0,0
out,2234,27530081028,ingress_before,4,5,0,0,47,140735407980543,2080374784,1,0,0,0,-1,3,7,0,0,12,0,47,128,33,0,0,0,0,0
out,2235,27530081028,ingress_after,4,5,0,0,47,140735407980543,2080374784,1,0,0,0,-1,3,7,0,0,12,0,47,128,33,0,0,0,0,0
out,2236,28000000000,generate,4,5,4,48,0,0,0,1,0,0,0,-1,3,7,0,0,12,0,47,0,0,0,0,0,0,0
out,2237,28000000000,generate,5,1,5,48,0,0,0,1,0,0,0,-1,9,1,0,0,16,0,47,0,0,0,0,0,0,0
out,2238,28000000000,offer,4,5,4,48,0,0,0,1,0,0,0,-1,3,7,0,0,12,0,47,0,0,0,0,0,0,0
out,2239,28000000000,admit,4,5,4,48,0,0,0,1,0,0,0,-1,3,7,0,0,12,0,48,0,0,1,1,1,0,0
out,2240,28000000000,offer,5,1,5,48,0,0,0,1,0,0,0,-1,9,1,0,0,16,0,47,0,0,0,0,0,0,0
out,2241,28000000000,admit,5,1,5,48,0,0,0,1,0,0,0,-1,9,1,0,0,16,0,48,0,0,1,1,0,1,0
out,2242,28054000028,tx_start,4,5,4,48,48,0,0,3,0,1,0,7,3,7,1,1,12,1,48,128,33,0,1,1,0,0
out,2243,28076501028,ingress_before,5,4,4,48,48,0,0,1,0,1,1,4,9,1,1,0,0,1,48,128,33,0,1,0,1,0
out,2244,28076501028,ingress_after,5,4,4,48,48,0,0,1,1,1,1,4,9,1,1,0,0,1,48,128,33,1,2,1,1,0
out,2245,28132000028,tx_start,5,4,0,0,48,281470815961087,4160749568,3,1,2,0,1,9,1,2,0,0,2,48,128,33,0,2,1,1,0
out,2246,28132000028,tx_start,5,1,5,48,95,0,0,3,1,2,0,1,9,1,2,2,16,2,48,128,33,0,2,1,1,0
out,2247,28132000028,tx_start,5,1,4,48,96,0,0,3,1,2,0,1,9,1,2,2,16,2,48,128,33,0,2,1,1,0
out,2248,28159841028,ingress_before,4,5,0,0,48,281470815961087,4160749568,1,0,0,0,0,3,7,1,1,12,1,48,128,33,0,1,1,0,0
out,2249,28159841028,release,4,5,4,0,0,0,0,1,0,0,0,0,3,7,0,0,13,1,48,0,0,0,0,0,0,0
out,2250,28159841028,ingress_after,4,5,0,0,48,281470815961087,4160749568,1,0,0,0,0,3,7,0,0,13,0,48,128,33,0,0,0,0,0
out,2251,28159841028,ingress_before,1,5,5,48,95,0,0,1,0,0,0,-1,1,1,0,0,0,0,0,128,33,0,0,0,0,0
out,2252,28159841028,deliver,1,5,5,48,0,0,0,1,1,0,0,-1,1,1,0,0,0,0,0,0,0,0,0,0,0,0
out,2253,28159841028,ingress_after,1,5,5,48,95,0,0,1,1,0,0,-1,1,1,0,0,0,0,0,128,33,0,0,0,0,0
out,2254,28159841028,ingress_before,1,5,4,48,96,0,0,1,1,0,0,-1,1,1,0,0,0,0,0,128,33,0,0,0,0,0
out,2255,28159841028,deliver,1,5,4,48,0,0,0,1,1,0,0,-1,1,1,0,0,0,0,0,0,0,0,0,0,0,0
out,2256,28159841028,ingress_after,1,5,4,48,96,0,0,1,1,0,0,-1,1,1,0,0,0,0,0,128,33,0,0,0,0,0
out,2257,28184000028,tx_start,5,4,0,0,48,281470815961087,4160749568,3,1,0,0,9,1,9,2,0,0,2,48,128,33,0,2,1,1,0
out,2258,28195961028,tx_start,1,5,0,0,96,18446744073709551615,0,3,1,0,0,1,1,1,0,0,0,0,0,128,33,0,0,0,0,0
out,2259,28206081028,ingress_before,4,5,0,0,48,281470815961087,4160749568,1,0,0,0,-1,3,7,0,0,13,0,48,128,33,0,0,0,0,0
out,2260,28206081028,ingress_after,4,5,0,0,48,281470815961087,4160749568,1,0,0,0,-1,3,7,0,0,13,0,48,128,33,0,0,0,0,0
out,2261,28218042028,ingress_before,5,1,0,0,96,18446744073709551615,0,1,1,0,1,8,1,9,2,2,16,2,48,128,33,0,2,1,1,0
out,2262,28218042028,release,5,1,4,0,0,0,0,1,1,0,1,8,1,9,1,1,16,2,48,0,0,0,1,0,1,0
out,2263,28218042028,release,5,1,5,0,0,0,0,1,1,0,1,8,1,9,0,0,16,1,48,0,0,0,0,0,0,0
out,2264,28218042028,ingress_after,5,1,0,0,96,18446744073709551615,0,1,1,0,1,8,1,9,0,0,16,0,48,128,33,0,0,0,0,0
out,2265,28234961028,tx_start,1,5,0,0,96,18446744073709551615,0,3,1,0,0,1,1,1,0,0,0,0,0,128,33,0,0,0,0,0
out,2266,28257042028,ingress_before,5,1,0,0,96,18446744073709551615,0,1,1,0,1,5,1,9,0,0,16,0,48,128,33,0,0,0,0,0
out,2267,28257042028,ingress_after,5,1,0,0,96,18446744073709551615,0,1,1,0,1,5,1,9,0,0,16,0,48,128,33,0,0,0,0,0
out,2268,28273961028,tx_start,1,5,0,0,96,18446744073709551615,0,3,1,0,0,1,1,1,0,0,0,0,0,128,33,0,0,0,0,0
out,2269,28296042028,ingress_before,5,1,0,0,96,18446744073709551615,0,1,1,0,1,2,1,9,0,0,16,0,48,128,33,0,0,0,0,0
out,2270,28296042028,ingress_after,5,1,0,0,96,18446744073709551615,0,1,1,0,1,2,1,9,0,0,16,0,48,128,33,0,0,0,0,0
out,2271,28312961028,tx_start,1,5,0,0,96,18446744073709551615,0,3,1,0,0,1,1,1,0,0,0,0,0,128,33,0,0,0,0,0
out,2272,28327000028,tx_start,5,4,0,0,48,281470815961087,4160749568,3,1,0,0,1,9,1,0,0,0,0,48,128,33,0,0,0,0,0
out,2273,28335042028,ingress_before,5,1,0,0,96,18446744073709551615,0,3,1,0,0,1,9,1,0,0,16,0,48,128,33,0,0,0,0,0
out,2274,28335042028,ingress_after,5,1,0,0,96,18446744073709551615,0,3,1,0,0,1,9,1,0,0,16,0,48,128,33,0,0,0,0,0
out,2275,28349081028,ingress_before,4,5,0,0,48,281470815961087,4160749568,1,0,0,0,-1,3,7,0,0,13,0,48,128,33,0,0,0,0,0
out,2276,28349081028,ingress_after,4,5,0,0,48,281470815961087,4160749568,1,0,0,0,-1,3,7,0,0,13,0,48,128,33,0,0,0,0,0
out,2277,28351961028,tx_start,1,5,0,0,96,18446744073709551615,0,3,1,0,0,1,1,1,0,0,0,0,0,128,33,0,0,0,0,0
out,2278,28366000028,tx_start,5,4,0,0,48,281470815961087,4160749568,3,1,0,0,9,1,9,0,0,0,0,48,128,33,0,0,0,0,0
out,2279,28374042028,ingress_before,5,1,0,0,96,18446744073709551615,0,3,1,0,0,9,1,9,0,0,16,0,48,128,33,0,0,0,0,0
out,2280,28374042028,ingress_after,5,1,0,0,96,18446744073709551615,0,3,1,0,0,9,1,9,0,0,16,0,48,128,33,0,0,0,0,0
out,2281,28388081028,ingress_before,4,5,0,0,48,281470815961087,4160749568,1,0,0,0,-1,3,7,0,0,13,0,48,128,33,0,0,0,0,0
out,2282,28388081028,ingress_after,4,5,0,0,48,281470815961087,4160749568,1,0,0,0,-1,3,7,0,0,13,0,48,128,33,0,0,0,0,0
out,2283,28509000028,tx_start,5,4,0,0,48,281470815961087,4160749568,3,1,0,0,1,9,1,0,0,0,0,48,128,33,0,0,0,0,0
out,2284,28531081028,ingress_before,4,5,0,0,48,281470815961087,4160749568,1,0,0,0,-1,3,7,0,0,13,0,48,128,33,0,0,0,0,0
out,2285,28531081028,ingress_after,4,5,0,0,48,281470815961087,4160749568,1,0,0,0,-1,3,7,0,0,13,0,48,128,33,0,0,0,0,0
out,2286,40000000000,checkpoint,1,0,0,0,0,0,0,1,0,0,0,-1,1,1,0,0,0,0,0,0,0,0,0,0,0,0
out,2287,40000000000,checkpoint,4,5,0,0,0,0,0,1,0,0,0,-1,3,7,0,0,13,0,48,0,0,0,0,0,0,0
out,2288,40000000000,checkpoint,5,1,0,0,0,0,0,1,0,0,0,-1,9,1,0,0,16,0,48,0,0,0,0,0,0,0
out,2289,64000000000,final,1,0,0,0,0,0,0,1,0,0,0,-1,1,1,0,0,0,0,0,0,0,0,0,0,0,0
out,2290,64000000000,final,4,5,0,0,0,0,0,1,0,0,0,-1,3,7,0,0,13,0,48,0,0,0,0,0,0,0
out,2291,64000000000,final,5,1,0,0,0,0,0,1,0,0,0,-1,9,1,0,0,16,0,48,0,0,0,0,0,0,0
