source,attempt_1based,time_s,matlab_accepted,matlab_reason,matlab_nsdp,matlab_nwk_queue,matlab_packet_id,ns3_accepted,ns3_reason,ns3_nsdp,ns3_nwk_queue,ns3_packet_id,same_admission_outcome
2,1,300,True,admitted,0,0,1,True,admitted,0,0,879,True
3,1,300,True,admitted,0,0,2,True,admitted,0,0,880,True
4,1,300,True,admitted,0,0,3,True,admitted,0,0,881,True
5,1,300,True,admitted,0,0,4,True,admitted,0,0,882,True
7,1,300,True,admitted,0,0,5,True,admitted,0,0,883,True
8,1,300,True,admitted,0,0,6,True,admitted,0,0,884,True
2,2,300.02,True,admitted,1,0,7,True,admitted,1,0,885,True
3,2,300.02,True,admitted,1,0,8,True,admitted,1,0,886,True
4,2,300.02,True,admitted,1,0,9,True,admitted,1,0,887,True
5,2,300.02,True,admitted,1,0,10,True,admitted,1,0,888,True
7,2,300.02,True,admitted,1,0,11,True,admitted,1,0,889,True
8,2,300.02,True,admitted,1,0,12,True,admitted,1,0,890,True
2,3,300.04,True,admitted,2,1,13,True,admitted,2,1,891,True
3,3,300.04,True,admitted,2,1,14,True,admitted,2,1,892,True
4,3,300.04,True,admitted,2,1,15,True,admitted,2,1,893,True
5,3,300.04,True,admitted,2,1,16,True,admitted,2,1,894,True
7,3,300.04,True,admitted,2,1,17,True,admitted,2,1,895,True
8,3,300.04,True,admitted,2,1,18,True,admitted,2,1,896,True
2,4,300.06,True,admitted,3,2,19,True,admitted,3,2,897,True
3,4,300.06,True,admitted,3,2,20,True,admitted,3,2,898,True
4,4,300.06,True,admitted,3,2,21,True,admitted,3,2,899,True
5,4,300.06,True,admitted,3,2,22,True,admitted,3,2,900,True
7,4,300.06,True,admitted,3,2,23,True,admitted,3,2,901,True
8,4,300.06,True,admitted,3,2,24,True,admitted,3,2,902,True
2,5,300.08,True,admitted,4,3,25,True,admitted,4,3,903,True
3,5,300.08,True,admitted,4,3,26,True,admitted,4,3,904,True
4,5,300.08,True,admitted,4,3,27,True,admitted,4,3,905,True
5,5,300.08,True,admitted,4,3,28,True,admitted,4,3,906,True
7,5,300.08,True,admitted,4,3,29,True,admitted,4,3,907,True
8,5,300.08,True,admitted,4,3,30,True,admitted,4,3,908,True
2,6,300.1,True,admitted,5,4,31,True,admitted,5,4,909,True
3,6,300.1,True,admitted,5,4,32,True,admitted,5,4,910,True
4,6,300.1,True,admitted,5,4,33,True,admitted,5,4,911,True
5,6,300.1,True,admitted,5,4,34,True,admitted,5,4,912,True
7,6,300.1,True,admitted,5,4,35,True,admitted,5,4,913,True
8,6,300.1,True,admitted,5,4,36,True,admitted,5,4,914,True
2,7,300.12,True,admitted,6,5,37,True,admitted,6,5,915,True
3,7,300.12,True,admitted,6,5,38,True,admitted,6,5,916,True
4,7,300.12,True,admitted,6,5,39,True,admitted,6,5,917,True
5,7,300.12,True,admitted,6,5,40,True,admitted,6,5,918,True
7,7,300.12,True,admitted,6,5,41,True,admitted,6,5,919,True
8,7,300.12,True,admitted,6,5,42,True,admitted,6,5,920,True
2,8,300.14,True,admitted,7,6,43,True,admitted,7,6,921,True
3,8,300.14,True,admitted,7,6,44,True,admitted,7,6,922,True
4,8,300.14,True,admitted,7,6,45,True,admitted,7,6,923,True
5,8,300.14,True,admitted,7,6,46,True,admitted,7,6,924,True
7,8,300.14,True,admitted,7,6,47,True,admitted,7,6,925,True
8,8,300.14,True,admitted,7,6,48,True,admitted,7,6,926,True
2,9,300.16,True,admitted,8,7,49,True,admitted,8,7,927,True
3,9,300.16,True,admitted,8,7,50,True,admitted,8,7,928,True
4,9,300.16,True,admitted,8,7,51,True,admitted,8,7,929,True
5,9,300.16,True,admitted,8,7,52,True,admitted,8,7,930,True
7,9,300.16,True,admitted,8,7,53,True,admitted,8,7,931,True
8,9,300.16,True,admitted,8,7,54,True,admitted,8,7,932,True
2,10,300.18,True,admitted,9,8,55,True,admitted,9,8,933,True
3,10,300.18,True,admitted,9,8,56,True,admitted,9,8,934,True
4,10,300.18,True,admitted,9,8,57,True,admitted,9,8,935,True
5,10,300.18,True,admitted,9,8,58,True,admitted,9,8,936,True
7,10,300.18,True,admitted,9,8,59,True,admitted,9,8,937,True
8,10,300.18,True,admitted,9,8,60,True,admitted,9,8,938,True
2,11,300.2,True,admitted,10,9,61,True,admitted,10,9,939,True
3,11,300.2,True,admitted,10,9,62,True,admitted,10,9,940,True
4,11,300.2,True,admitted,10,9,63,True,admitted,10,9,941,True
5,11,300.2,True,admitted,10,9,64,True,admitted,10,9,942,True
7,11,300.2,True,admitted,10,9,65,True,admitted,10,9,943,True
8,11,300.2,True,admitted,10,9,66,True,admitted,10,9,944,True
2,12,300.22,True,admitted,11,10,67,True,admitted,11,10,945,True
3,12,300.22,True,admitted,11,10,68,True,admitted,11,10,946,True
4,12,300.22,True,admitted,11,10,69,True,admitted,11,10,947,True
5,12,300.22,True,admitted,11,10,70,True,admitted,11,10,948,True
7,12,300.22,True,admitted,11,10,71,True,admitted,11,10,949,True
8,12,300.22,True,admitted,11,10,72,True,admitted,11,10,950,True
2,13,300.24,True,admitted,12,11,73,True,admitted,12,11,951,True
3,13,300.24,True,admitted,12,11,74,True,admitted,12,11,952,True
4,13,300.24,True,admitted,12,11,75,True,admitted,12,11,953,True
5,13,300.24,True,admitted,12,11,76,True,admitted,12,11,954,True
7,13,300.24,True,admitted,12,11,77,True,admitted,12,11,955,True
8,13,300.24,True,admitted,12,11,78,True,admitted,12,11,956,True
2,14,300.26,True,admitted,13,12,79,True,admitted,13,12,957,True
3,14,300.26,True,admitted,13,12,80,True,admitted,13,12,958,True
4,14,300.26,True,admitted,13,12,81,True,admitted,13,12,959,True
5,14,300.26,True,admitted,13,12,82,True,admitted,13,12,960,True
7,14,300.26,True,admitted,13,12,83,True,admitted,13,12,961,True
8,14,300.26,True,admitted,13,12,84,True,admitted,13,12,962,True
2,15,300.28,True,admitted,14,13,85,True,admitted,14,13,963,True
3,15,300.28,True,admitted,14,13,86,True,admitted,14,13,964,True
4,15,300.28,True,admitted,14,13,87,True,admitted,14,13,965,True
5,15,300.28,True,admitted,14,13,88,True,admitted,14,13,966,True
7,15,300.28,True,admitted,14,13,89,True,admitted,14,13,967,True
8,15,300.28,True,admitted,14,13,90,True,admitted,14,13,968,True
2,16,300.3,True,admitted,15,14,91,True,admitted,15,14,969,True
3,16,300.3,True,admitted,15,14,92,True,admitted,15,14,970,True
4,16,300.3,True,admitted,15,14,93,True,admitted,15,14,971,True
5,16,300.3,True,admitted,15,14,94,True,admitted,15,14,972,True
7,16,300.3,True,admitted,15,14,95,True,admitted,15,14,973,True
8,16,300.3,True,admitted,15,14,96,True,admitted,15,14,974,True
2,17,300.32,False,nsdp_full,16,15,0,False,nsdp_full,16,15,,True
3,17,300.32,False,nsdp_full,16,15,0,False,nsdp_full,16,15,,True
4,17,300.32,False,nsdp_full,16,15,0,False,nsdp_full,16,15,,True
5,17,300.32,False,nsdp_full,16,15,0,False,nsdp_full,16,15,,True
7,17,300.32,False,nsdp_full,16,15,0,False,nsdp_full,16,15,,True
8,17,300.32,False,nsdp_full,16,15,0,False,nsdp_full,16,15,,True
2,18,300.34,False,nsdp_full,16,15,0,False,nsdp_full,16,15,,True
3,18,300.34,False,nsdp_full,16,15,0,False,nsdp_full,16,15,,True
4,18,300.34,False,nsdp_full,16,15,0,False,nsdp_full,16,15,,True
5,18,300.34,False,nsdp_full,16,15,0,False,nsdp_full,16,15,,True
7,18,300.34,False,nsdp_full,16,15,0,False,nsdp_full,16,15,,True
8,18,300.34,False,nsdp_full,16,15,0,False,nsdp_full,16,16,,True
2,19,300.36,False,nsdp_full,16,15,0,False,nsdp_full,16,15,,True
3,19,300.36,False,nsdp_full,16,15,0,False,nsdp_full,16,15,,True
4,19,300.36,False,nsdp_full,16,15,0,False,nsdp_full,16,15,,True
5,19,300.36,False,nsdp_full,16,15,0,False,nsdp_full,16,15,,True
7,19,300.36,False,nsdp_full,16,15,0,False,nsdp_full,16,15,,True
8,19,300.36,False,nsdp_full,16,15,0,False,nsdp_full,16,16,,True
2,20,300.38,False,nsdp_full,16,15,0,False,nsdp_full,16,15,,True
3,20,300.38,False,nsdp_full,16,15,0,False,nsdp_full,16,15,,True
4,20,300.38,False,nsdp_full,16,15,0,False,nsdp_full,16,15,,True
5,20,300.38,False,nsdp_full,16,15,0,False,nsdp_full,16,15,,True
7,20,300.38,False,nsdp_full,16,15,0,False,nsdp_full,16,15,,True
8,20,300.38,False,nsdp_full,16,15,0,False,nsdp_full,16,16,,True
2,21,300.4,False,nsdp_full,16,15,0,False,nsdp_full,16,15,,True
3,21,300.4,False,nsdp_full,16,15,0,False,nsdp_full,16,15,,True
4,21,300.4,False,nsdp_full,16,15,0,False,nsdp_full,16,15,,True
5,21,300.4,False,nsdp_full,16,15,0,False,nsdp_full,16,15,,True
7,21,300.4,False,nsdp_full,16,15,0,False,nsdp_full,16,15,,True
8,21,300.4,False,nsdp_full,16,15,0,False,nsdp_full,16,16,,True
2,22,300.42,False,nsdp_full,16,15,0,False,nsdp_full,16,15,,True
3,22,300.42,False,nsdp_full,16,15,0,False,nsdp_full,16,15,,True
4,22,300.42,False,nsdp_full,16,15,0,False,nsdp_full,16,15,,True
5,22,300.42,False,nsdp_full,16,15,0,False,nsdp_full,16,15,,True
7,22,300.42,False,nsdp_full,16,15,0,False,nsdp_full,16,15,,True
8,22,300.42,False,nsdp_full,16,15,0,False,nsdp_full,16,16,,True
2,23,300.44,False,nsdp_full,16,15,0,False,nsdp_full,16,15,,True
3,23,300.44,False,nsdp_full,16,15,0,False,nsdp_full,16,15,,True
4,23,300.44,False,nsdp_full,16,15,0,False,nsdp_full,16,15,,True
5,23,300.44,False,nsdp_full,16,15,0,False,nsdp_full,16,15,,True
7,23,300.44,False,nsdp_full,16,15,0,False,nsdp_full,16,15,,True
8,23,300.44,False,nsdp_full,16,15,0,False,nsdp_full,16,16,,True
2,24,300.46,False,nsdp_full,16,15,0,False,nsdp_full,16,15,,True
3,24,300.46,False,nsdp_full,16,15,0,False,nsdp_full,16,15,,True
4,24,300.46,False,nsdp_full,16,15,0,False,nsdp_full,16,15,,True
5,24,300.46,False,nsdp_full,16,15,0,False,nsdp_full,16,15,,True
7,24,300.46,False,nsdp_full,16,15,0,False,nsdp_full,16,15,,True
8,24,300.46,False,nsdp_full,16,15,0,False,nsdp_full,16,16,,True
2,25,300.48,False,nsdp_full,16,15,0,False,nsdp_full,16,15,,True
3,25,300.48,False,nsdp_full,16,15,0,False,nsdp_full,16,15,,True
4,25,300.48,False,nsdp_full,16,15,0,False,nsdp_full,16,15,,True
5,25,300.48,False,nsdp_full,16,15,0,False,nsdp_full,16,15,,True
7,25,300.48,False,nsdp_full,16,15,0,False,nsdp_full,16,15,,True
8,25,300.48,False,nsdp_full,16,15,0,False,nsdp_full,16,16,,True
2,26,300.5,False,nsdp_full,16,15,0,False,nsdp_full,16,15,,True
3,26,300.5,False,nsdp_full,16,15,0,False,nsdp_full,16,15,,True
4,26,300.5,False,nsdp_full,16,15,0,False,nsdp_full,16,15,,True
5,26,300.5,False,nsdp_full,16,15,0,False,nsdp_full,16,15,,True
7,26,300.5,False,nsdp_full,16,15,0,False,nsdp_full,16,15,,True
8,26,300.5,False,nsdp_full,16,15,0,False,nsdp_full,16,16,,True
2,27,300.52,False,nsdp_full,16,15,0,False,nsdp_full,16,15,,True
3,27,300.52,False,nsdp_full,16,15,0,False,nsdp_full,16,15,,True
4,27,300.52,False,nsdp_full,16,15,0,False,nsdp_full,16,15,,True
5,27,300.52,False,nsdp_full,16,15,0,False,nsdp_full,16,15,,True
7,27,300.52,False,nsdp_full,16,15,0,False,nsdp_full,16,15,,True
8,27,300.52,False,nsdp_full,16,15,0,False,nsdp_full,16,16,,True
2,28,300.54,False,nsdp_full,16,15,0,False,nsdp_full,16,15,,True
3,28,300.54,False,nsdp_full,16,15,0,False,nsdp_full,16,15,,True
4,28,300.54,False,nsdp_full,16,15,0,False,nsdp_full,16,15,,True
5,28,300.54,False,nsdp_full,16,15,0,False,nsdp_full,16,15,,True
7,28,300.54,False,nsdp_full,16,15,0,False,nsdp_full,16,15,,True
8,28,300.54,False,nsdp_full,16,15,0,False,nsdp_full,16,16,,True
2,29,300.56,False,nsdp_full,16,15,0,False,nsdp_full,16,15,,True
3,29,300.56,False,nsdp_full,16,15,0,False,nsdp_full,16,15,,True
4,29,300.56,False,nsdp_full,16,15,0,False,nsdp_full,16,15,,True
5,29,300.56,False,nsdp_full,16,15,0,False,nsdp_full,16,15,,True
7,29,300.56,False,nsdp_full,16,15,0,True,admitted,15,14,976,False
8,29,300.56,False,nsdp_full,16,15,0,False,nsdp_full,16,16,,True
2,30,300.58,False,nsdp_full,16,15,0,False,nsdp_full,16,15,,True
3,30,300.58,False,nsdp_full,16,15,0,False,nsdp_full,16,15,,True
4,30,300.58,False,nsdp_full,16,15,0,False,nsdp_full,16,15,,True
5,30,300.58,False,nsdp_full,16,15,0,False,nsdp_full,16,15,,True
7,30,300.58,False,nsdp_full,16,15,0,False,nsdp_full,16,15,,True
8,30,300.58,False,nsdp_full,16,15,0,False,nsdp_full,16,16,,True
2,31,300.6,False,nsdp_full,16,15,0,False,nsdp_full,16,15,,True
3,31,300.6,False,nsdp_full,16,15,0,False,nsdp_full,16,15,,True
4,31,300.6,False,nsdp_full,16,15,0,False,nsdp_full,16,15,,True
5,31,300.6,False,nsdp_full,16,15,0,False,nsdp_full,16,15,,True
7,31,300.6,False,nsdp_full,16,15,0,False,nsdp_full,16,15,,True
8,31,300.6,False,nsdp_full,16,15,0,False,nsdp_full,16,16,,True
2,32,300.62,False,nsdp_full,16,15,0,False,nsdp_full,16,15,,True
3,32,300.62,False,nsdp_full,16,15,0,False,nsdp_full,16,15,,True
4,32,300.62,False,nsdp_full,16,15,0,False,nsdp_full,16,15,,True
5,32,300.62,False,nsdp_full,16,15,0,False,nsdp_full,16,15,,True
7,32,300.62,False,nsdp_full,16,15,0,False,nsdp_full,16,15,,True
8,32,300.62,False,nsdp_full,16,15,0,False,nsdp_full,16,16,,True
2,33,300.64,False,nsdp_full,16,15,0,False,nsdp_full,16,15,,True
3,33,300.64,False,nsdp_full,16,15,0,False,nsdp_full,16,15,,True
4,33,300.64,False,nsdp_full,16,15,0,False,nsdp_full,16,15,,True
5,33,300.64,False,nsdp_full,16,15,0,False,nsdp_full,16,15,,True
7,33,300.64,False,nsdp_full,16,15,0,False,nsdp_full,16,15,,True
8,33,300.64,False,nsdp_full,16,15,0,False,nsdp_full,16,16,,True
2,34,300.66,False,nsdp_full,16,15,0,False,nsdp_full,16,15,,True
3,34,300.66,False,nsdp_full,16,15,0,False,nsdp_full,16,15,,True
4,34,300.66,False,nsdp_full,16,15,0,False,nsdp_full,16,15,,True
5,34,300.66,False,nsdp_full,16,15,0,False,nsdp_full,16,15,,True
7,34,300.66,False,nsdp_full,16,15,0,False,nsdp_full,16,15,,True
8,34,300.66,False,nsdp_full,16,15,0,False,nsdp_full,16,16,,True
2,35,300.68,False,nsdp_full,16,15,0,False,nsdp_full,16,15,,True
3,35,300.68,False,nsdp_full,16,15,0,False,nsdp_full,16,15,,True
4,35,300.68,False,nsdp_full,16,15,0,False,nsdp_full,16,15,,True
5,35,300.68,False,nsdp_full,16,15,0,False,nsdp_full,16,15,,True
7,35,300.68,False,nsdp_full,16,15,0,False,nsdp_full,16,15,,True
8,35,300.68,False,nsdp_full,16,15,0,False,nsdp_full,16,16,,True
2,36,300.7,False,nsdp_full,16,15,0,False,nsdp_full,16,15,,True
3,36,300.7,False,nsdp_full,16,15,0,False,nsdp_full,16,15,,True
4,36,300.7,False,nsdp_full,16,15,0,False,nsdp_full,16,15,,True
5,36,300.7,False,nsdp_full,16,15,0,False,nsdp_full,16,15,,True
7,36,300.7,False,nsdp_full,16,15,0,False,nsdp_full,16,15,,True
8,36,300.7,False,nsdp_full,16,15,0,False,nsdp_full,16,16,,True
2,37,300.72,False,nsdp_full,16,15,0,False,nsdp_full,16,15,,True
3,37,300.72,False,nsdp_full,16,15,0,False,nsdp_full,16,15,,True
4,37,300.72,False,nsdp_full,16,15,0,False,nsdp_full,16,15,,True
5,37,300.72,False,nsdp_full,16,15,0,False,nsdp_full,16,15,,True
7,37,300.72,False,nsdp_full,16,15,0,False,nsdp_full,16,15,,True
8,37,300.72,False,nsdp_full,16,15,0,False,nsdp_full,16,16,,True
2,38,300.74,False,nsdp_full,16,15,0,False,nsdp_full,16,15,,True
3,38,300.74,False,nsdp_full,16,15,0,False,nsdp_full,16,15,,True
4,38,300.74,False,nsdp_full,16,15,0,False,nsdp_full,16,15,,True
5,38,300.74,False,nsdp_full,16,15,0,False,nsdp_full,16,15,,True
7,38,300.74,False,nsdp_full,16,15,0,False,nsdp_full,16,15,,True
8,38,300.74,False,nsdp_full,16,15,0,False,nsdp_full,16,16,,True
2,39,300.76,False,nsdp_full,16,15,0,False,nsdp_full,16,15,,True
3,39,300.76,False,nsdp_full,16,15,0,False,nsdp_full,16,15,,True
4,39,300.76,False,nsdp_full,16,15,0,False,nsdp_full,16,15,,True
5,39,300.76,False,nsdp_full,16,15,0,False,nsdp_full,16,15,,True
7,39,300.76,False,nsdp_full,16,15,0,False,nsdp_full,16,15,,True
8,39,300.76,False,nsdp_full,16,15,0,False,nsdp_full,16,16,,True
2,40,300.78,False,nsdp_full,16,15,0,False,nsdp_full,16,15,,True
3,40,300.78,False,nsdp_full,16,15,0,False,nsdp_full,16,15,,True
4,40,300.78,False,nsdp_full,16,15,0,False,nsdp_full,16,15,,True
5,40,300.78,False,nsdp_full,16,15,0,False,nsdp_full,16,15,,True
7,40,300.78,False,nsdp_full,16,15,0,False,nsdp_full,16,15,,True
8,40,300.78,False,nsdp_full,16,15,0,False,nsdp_full,16,16,,True
2,41,300.8,False,nsdp_full,16,15,0,False,nsdp_full,16,15,,True
3,41,300.8,False,nsdp_full,16,15,0,False,nsdp_full,16,15,,True
4,41,300.8,False,nsdp_full,16,15,0,False,nsdp_full,16,15,,True
5,41,300.8,False,nsdp_full,16,15,0,False,nsdp_full,16,15,,True
7,41,300.8,False,nsdp_full,16,15,0,False,nsdp_full,16,15,,True
8,41,300.8,False,nsdp_full,16,15,0,False,nsdp_full,16,16,,True
2,42,300.82,False,nsdp_full,16,15,0,False,nsdp_full,16,15,,True
3,42,300.82,False,nsdp_full,16,15,0,False,nsdp_full,16,15,,True
4,42,300.82,False,nsdp_full,16,15,0,False,nsdp_full,16,15,,True
5,42,300.82,False,nsdp_full,16,15,0,False,nsdp_full,16,15,,True
7,42,300.82,False,nsdp_full,16,15,0,False,nsdp_full,16,15,,True
8,42,300.82,False,nsdp_full,16,15,0,False,nsdp_full,16,16,,True
2,43,300.84,False,nsdp_full,16,15,0,False,nsdp_full,16,15,,True
3,43,300.84,False,nsdp_full,16,15,0,False,nsdp_full,16,15,,True
4,43,300.84,False,nsdp_full,16,15,0,False,nsdp_full,16,15,,True
5,43,300.84,False,nsdp_full,16,15,0,False,nsdp_full,16,15,,True
7,43,300.84,False,nsdp_full,16,15,0,False,nsdp_full,16,15,,True
8,43,300.84,False,nsdp_full,16,15,0,False,nsdp_full,16,16,,True
2,44,300.86,False,nsdp_full,16,15,0,False,nsdp_full,16,15,,True
3,44,300.86,False,nsdp_full,16,15,0,False,nsdp_full,16,15,,True
4,44,300.86,False,nsdp_full,16,15,0,False,nsdp_full,16,15,,True
5,44,300.86,False,nsdp_full,16,15,0,False,nsdp_full,16,15,,True
7,44,300.86,False,nsdp_full,16,15,0,False,nsdp_full,16,15,,True
8,44,300.86,False,nsdp_full,16,15,0,False,nsdp_full,16,16,,True
2,45,300.88,False,nsdp_full,16,15,0,False,nsdp_full,16,15,,True
3,45,300.88,False,nsdp_full,16,15,0,False,nsdp_full,16,15,,True
4,45,300.88,False,nsdp_full,16,15,0,False,nsdp_full,16,15,,True
5,45,300.88,False,nsdp_full,16,15,0,False,nsdp_full,16,15,,True
7,45,300.88,False,nsdp_full,16,15,0,False,nsdp_full,16,15,,True
8,45,300.88,False,nsdp_full,16,15,0,False,nsdp_full,16,16,,True
2,46,300.9,False,nsdp_full,16,15,0,False,nsdp_full,16,15,,True
3,46,300.9,False,nsdp_full,16,15,0,False,nsdp_full,16,15,,True
4,46,300.9,False,nsdp_full,16,15,0,False,nsdp_full,16,15,,True
5,46,300.9,False,nsdp_full,16,15,0,False,nsdp_full,16,15,,True
7,46,300.9,False,nsdp_full,16,15,0,False,nsdp_full,16,15,,True
8,46,300.9,False,nsdp_full,16,15,0,False,nsdp_full,16,16,,True
2,47,300.92,False,nsdp_full,16,15,0,False,nsdp_full,16,15,,True
3,47,300.92,False,nsdp_full,16,15,0,False,nsdp_full,16,15,,True
4,47,300.92,False,nsdp_full,16,15,0,False,nsdp_full,16,15,,True
5,47,300.92,False,nsdp_full,16,15,0,False,nsdp_full,16,15,,True
7,47,300.92,False,nsdp_full,16,15,0,False,nsdp_full,16,15,,True
8,47,300.92,False,nsdp_full,16,15,0,False,nsdp_full,16,16,,True
2,48,300.94,False,nsdp_full,16,15,0,False,nsdp_full,16,15,,True
3,48,300.94,False,nsdp_full,16,15,0,False,nsdp_full,16,15,,True
4,48,300.94,False,nsdp_full,16,15,0,False,nsdp_full,16,15,,True
5,48,300.94,False,nsdp_full,16,15,0,False,nsdp_full,16,15,,True
7,48,300.94,False,nsdp_full,16,15,0,False,nsdp_full,16,15,,True
8,48,300.94,False,nsdp_full,16,15,0,False,nsdp_full,16,16,,True
2,49,300.96,False,nsdp_full,16,15,0,False,nsdp_full,16,15,,True
3,49,300.96,False,nsdp_full,16,15,0,False,nsdp_full,16,15,,True
4,49,300.96,False,nsdp_full,16,15,0,False,nsdp_full,16,15,,True
5,49,300.96,False,nsdp_full,16,15,0,False,nsdp_full,16,15,,True
7,49,300.96,False,nsdp_full,16,15,0,False,nsdp_full,16,15,,True
8,49,300.96,False,nsdp_full,16,15,0,False,nsdp_full,16,16,,True
2,50,300.98,False,nsdp_full,16,15,0,False,nsdp_full,16,15,,True
3,50,300.98,False,nsdp_full,16,15,0,False,nsdp_full,16,15,,True
4,50,300.98,False,nsdp_full,16,15,0,False,nsdp_full,16,15,,True
5,50,300.98,False,nsdp_full,16,15,0,False,nsdp_full,16,15,,True
7,50,300.98,False,nsdp_full,16,15,0,False,nsdp_full,16,15,,True
8,50,300.98,False,nsdp_full,16,15,0,False,nsdp_full,16,16,,True
2,51,301,False,nsdp_full,16,15,0,False,nsdp_full,16,15,,True
3,51,301,False,nsdp_full,16,15,0,False,nsdp_full,16,15,,True
4,51,301,False,nsdp_full,16,15,0,False,nsdp_full,16,15,,True
5,51,301,False,nsdp_full,16,15,0,False,nsdp_full,16,15,,True
7,51,301,False,nsdp_full,16,15,0,False,nsdp_full,16,15,,True
8,51,301,False,nsdp_full,16,15,0,False,nsdp_full,16,16,,True
2,52,301.02,False,nsdp_full,16,15,0,False,nsdp_full,16,15,,True
3,52,301.02,False,nsdp_full,16,15,0,False,nsdp_full,16,15,,True
4,52,301.02,False,nsdp_full,16,15,0,False,nsdp_full,16,15,,True
5,52,301.02,False,nsdp_full,16,15,0,False,nsdp_full,16,15,,True
7,52,301.02,False,nsdp_full,16,15,0,False,nsdp_full,16,15,,True
8,52,301.02,False,nsdp_full,16,15,0,False,nsdp_full,16,16,,True
2,53,301.04,False,nsdp_full,16,15,0,False,nsdp_full,16,15,,True
3,53,301.04,False,nsdp_full,16,15,0,False,nsdp_full,16,15,,True
4,53,301.04,False,nsdp_full,16,15,0,False,nsdp_full,16,15,,True
5,53,301.04,False,nsdp_full,16,15,0,False,nsdp_full,16,15,,True
7,53,301.04,False,nsdp_full,16,15,0,False,nsdp_full,16,15,,True
8,53,301.04,False,nsdp_full,16,15,0,False,nsdp_full,16,16,,True
2,54,301.06,False,nsdp_full,16,15,0,False,nsdp_full,16,15,,True
3,54,301.06,False,nsdp_full,16,15,0,False,nsdp_full,16,15,,True
4,54,301.06,False,nsdp_full,16,15,0,False,nsdp_full,16,15,,True
5,54,301.06,False,nsdp_full,16,15,0,False,nsdp_full,16,15,,True
7,54,301.06,False,nsdp_full,16,15,0,False,nsdp_full,16,15,,True
8,54,301.06,False,nsdp_full,16,15,0,False,nsdp_full,16,16,,True
2,55,301.08,False,nsdp_full,16,15,0,False,nsdp_full,16,15,,True
3,55,301.08,False,nsdp_full,16,15,0,False,nsdp_full,16,15,,True
4,55,301.08,False,nsdp_full,16,15,0,False,nsdp_full,16,15,,True
5,55,301.08,False,nsdp_full,16,15,0,False,nsdp_full,16,15,,True
7,55,301.08,False,nsdp_full,16,15,0,False,nsdp_full,16,15,,True
8,55,301.08,False,nsdp_full,16,15,0,False,nsdp_full,16,16,,True
2,56,301.1,False,nsdp_full,16,15,0,False,nsdp_full,16,15,,True
3,56,301.1,False,nsdp_full,16,15,0,False,nsdp_full,16,15,,True
4,56,301.1,False,nsdp_full,16,15,0,False,nsdp_full,16,15,,True
5,56,301.1,False,nsdp_full,16,15,0,False,nsdp_full,16,15,,True
7,56,301.1,False,nsdp_full,16,15,0,False,nsdp_full,16,15,,True
8,56,301.1,False,nsdp_full,16,15,0,False,nsdp_full,16,16,,True
2,57,301.12,False,nsdp_full,16,15,0,False,nsdp_full,16,15,,True
3,57,301.12,False,nsdp_full,16,15,0,False,nsdp_full,16,15,,True
4,57,301.12,False,nsdp_full,16,15,0,False,nsdp_full,16,15,,True
5,57,301.12,False,nsdp_full,16,15,0,False,nsdp_full,16,15,,True
7,57,301.12,False,nsdp_full,16,15,0,False,nsdp_full,16,15,,True
8,57,301.12,False,nsdp_full,16,15,0,False,nsdp_full,16,17,,True
2,58,301.14,False,nsdp_full,16,15,0,False,nsdp_full,16,15,,True
3,58,301.14,False,nsdp_full,16,15,0,False,nsdp_full,16,15,,True
4,58,301.14,False,nsdp_full,16,15,0,False,nsdp_full,16,15,,True
5,58,301.14,False,nsdp_full,16,15,0,False,nsdp_full,16,15,,True
7,58,301.14,False,nsdp_full,16,15,0,False,nsdp_full,16,15,,True
8,58,301.14,False,nsdp_full,16,15,0,False,nsdp_full,16,17,,True
2,59,301.16,False,nsdp_full,16,15,0,False,nsdp_full,16,15,,True
3,59,301.16,False,nsdp_full,16,15,0,False,nsdp_full,16,15,,True
4,59,301.16,False,nsdp_full,16,15,0,False,nsdp_full,16,15,,True
5,59,301.16,False,nsdp_full,16,15,0,False,nsdp_full,16,15,,True
7,59,301.16,False,nsdp_full,16,15,0,False,nsdp_full,16,15,,True
8,59,301.16,False,nsdp_full,16,15,0,False,nsdp_full,16,17,,True
2,60,301.18,False,nsdp_full,16,15,0,False,nsdp_full,16,15,,True
3,60,301.18,False,nsdp_full,16,15,0,False,nsdp_full,16,15,,True
4,60,301.18,False,nsdp_full,16,15,0,False,nsdp_full,16,15,,True
5,60,301.18,False,nsdp_full,16,15,0,False,nsdp_full,16,15,,True
7,60,301.18,False,nsdp_full,16,15,0,False,nsdp_full,16,15,,True
8,60,301.18,False,nsdp_full,16,15,0,False,nsdp_full,16,17,,True
2,61,301.2,False,nsdp_full,16,15,0,False,nsdp_full,16,15,,True
3,61,301.2,False,nsdp_full,16,15,0,False,nsdp_full,16,15,,True
4,61,301.2,False,nsdp_full,16,15,0,False,nsdp_full,16,15,,True
5,61,301.2,False,nsdp_full,16,15,0,False,nsdp_full,16,15,,True
7,61,301.2,False,nsdp_full,16,15,0,False,nsdp_full,16,15,,True
8,61,301.2,False,nsdp_full,16,15,0,False,nsdp_full,16,17,,True
2,62,301.22,False,nsdp_full,16,15,0,False,nsdp_full,16,15,,True
3,62,301.22,False,nsdp_full,16,15,0,False,nsdp_full,16,15,,True
4,62,301.22,False,nsdp_full,16,15,0,False,nsdp_full,16,15,,True
5,62,301.22,False,nsdp_full,16,15,0,False,nsdp_full,16,15,,True
7,62,301.22,False,nsdp_full,16,15,0,False,nsdp_full,16,15,,True
8,62,301.22,False,nsdp_full,16,15,0,False,nsdp_full,16,17,,True
2,63,301.24,False,nsdp_full,16,15,0,False,nsdp_full,16,15,,True
3,63,301.24,False,nsdp_full,16,15,0,False,nsdp_full,16,15,,True
4,63,301.24,False,nsdp_full,16,15,0,False,nsdp_full,16,15,,True
5,63,301.24,False,nsdp_full,16,15,0,False,nsdp_full,16,15,,True
7,63,301.24,False,nsdp_full,16,15,0,False,nsdp_full,16,15,,True
8,63,301.24,False,nsdp_full,16,15,0,False,nsdp_full,16,17,,True
2,64,301.26,False,nsdp_full,16,15,0,False,nsdp_full,16,15,,True
3,64,301.26,False,nsdp_full,16,15,0,False,nsdp_full,16,15,,True
4,64,301.26,False,nsdp_full,16,15,0,False,nsdp_full,16,15,,True
5,64,301.26,False,nsdp_full,16,15,0,False,nsdp_full,16,15,,True
7,64,301.26,False,nsdp_full,16,15,0,False,nsdp_full,16,15,,True
8,64,301.26,False,nsdp_full,16,15,0,False,nsdp_full,16,17,,True
2,65,301.28,False,nsdp_full,16,15,0,False,nsdp_full,16,15,,True
3,65,301.28,False,nsdp_full,16,15,0,False,nsdp_full,16,15,,True
4,65,301.28,False,nsdp_full,16,15,0,False,nsdp_full,16,15,,True
5,65,301.28,False,nsdp_full,16,15,0,False,nsdp_full,16,15,,True
7,65,301.28,False,nsdp_full,16,15,0,False,nsdp_full,16,15,,True
8,65,301.28,False,nsdp_full,16,15,0,False,nsdp_full,16,17,,True
2,66,301.3,False,nsdp_full,16,15,0,False,nsdp_full,16,15,,True
3,66,301.3,False,nsdp_full,16,15,0,False,nsdp_full,16,15,,True
4,66,301.3,False,nsdp_full,16,15,0,False,nsdp_full,16,15,,True
5,66,301.3,False,nsdp_full,16,15,0,False,nsdp_full,16,15,,True
7,66,301.3,False,nsdp_full,16,15,0,False,nsdp_full,16,15,,True
8,66,301.3,False,nsdp_full,16,15,0,False,nsdp_full,16,17,,True
2,67,301.32,False,nsdp_full,16,15,0,False,nsdp_full,16,15,,True
3,67,301.32,False,nsdp_full,16,15,0,False,nsdp_full,16,15,,True
4,67,301.32,False,nsdp_full,16,15,0,False,nsdp_full,16,15,,True
5,67,301.32,False,nsdp_full,16,15,0,False,nsdp_full,16,15,,True
7,67,301.32,False,nsdp_full,16,15,0,True,admitted,15,14,978,False
8,67,301.32,False,nsdp_full,16,15,0,False,nsdp_full,16,17,,True
2,68,301.34,False,nsdp_full,16,15,0,False,nsdp_full,16,15,,True
3,68,301.34,False,nsdp_full,16,15,0,False,nsdp_full,16,15,,True
4,68,301.34,False,nsdp_full,16,15,0,False,nsdp_full,16,15,,True
5,68,301.34,False,nsdp_full,16,15,0,False,nsdp_full,16,15,,True
7,68,301.34,False,nsdp_full,16,15,0,False,nsdp_full,16,15,,True
8,68,301.34,False,nsdp_full,16,15,0,False,nsdp_full,16,17,,True
2,69,301.36,False,nsdp_full,16,15,0,False,nsdp_full,16,15,,True
3,69,301.36,False,nsdp_full,16,15,0,False,nsdp_full,16,15,,True
4,69,301.36,False,nsdp_full,16,15,0,False,nsdp_full,16,15,,True
5,69,301.36,False,nsdp_full,16,15,0,False,nsdp_full,16,15,,True
7,69,301.36,False,nsdp_full,16,15,0,False,nsdp_full,16,15,,True
8,69,301.36,False,nsdp_full,16,15,0,False,nsdp_full,16,17,,True
2,70,301.38,False,nsdp_full,16,15,0,False,nsdp_full,16,15,,True
3,70,301.38,False,nsdp_full,16,15,0,False,nsdp_full,16,15,,True
4,70,301.38,False,nsdp_full,16,15,0,False,nsdp_full,16,15,,True
5,70,301.38,False,nsdp_full,16,15,0,False,nsdp_full,16,15,,True
7,70,301.38,False,nsdp_full,16,15,0,False,nsdp_full,16,15,,True
8,70,301.38,False,nsdp_full,16,15,0,False,nsdp_full,16,17,,True
2,71,301.4,False,nsdp_full,16,16,0,False,nsdp_full,16,15,,True
3,71,301.4,False,nsdp_full,16,15,0,False,nsdp_full,16,15,,True
4,71,301.4,False,nsdp_full,16,15,0,False,nsdp_full,16,15,,True
5,71,301.4,False,nsdp_full,16,15,0,False,nsdp_full,16,15,,True
7,71,301.4,False,nsdp_full,16,15,0,False,nsdp_full,16,15,,True
8,71,301.4,False,nsdp_full,16,15,0,False,nsdp_full,16,17,,True
2,72,301.42,False,nsdp_full,16,16,0,False,nsdp_full,16,15,,True
3,72,301.42,False,nsdp_full,16,15,0,False,nsdp_full,16,15,,True
4,72,301.42,False,nsdp_full,16,15,0,False,nsdp_full,16,15,,True
5,72,301.42,False,nsdp_full,16,15,0,False,nsdp_full,16,15,,True
7,72,301.42,False,nsdp_full,16,15,0,False,nsdp_full,16,15,,True
8,72,301.42,False,nsdp_full,16,15,0,False,nsdp_full,16,17,,True
2,73,301.44,False,nsdp_full,16,16,0,False,nsdp_full,16,15,,True
3,73,301.44,False,nsdp_full,16,15,0,False,nsdp_full,16,15,,True
4,73,301.44,False,nsdp_full,16,15,0,False,nsdp_full,16,15,,True
5,73,301.44,False,nsdp_full,16,16,0,False,nsdp_full,16,15,,True
7,73,301.44,False,nsdp_full,16,15,0,False,nsdp_full,16,15,,True
8,73,301.44,False,nsdp_full,16,15,0,False,nsdp_full,16,17,,True
2,74,301.46,False,nsdp_full,16,16,0,False,nsdp_full,16,15,,True
3,74,301.46,False,nsdp_full,16,15,0,False,nsdp_full,16,15,,True
4,74,301.46,False,nsdp_full,16,15,0,False,nsdp_full,16,15,,True
5,74,301.46,False,nsdp_full,16,16,0,False,nsdp_full,16,15,,True
7,74,301.46,False,nsdp_full,16,15,0,False,nsdp_full,16,15,,True
8,74,301.46,False,nsdp_full,16,15,0,False,nsdp_full,16,17,,True
2,75,301.48,False,nsdp_full,16,16,0,False,nsdp_full,16,15,,True
3,75,301.48,False,nsdp_full,16,15,0,False,nsdp_full,16,15,,True
4,75,301.48,False,nsdp_full,16,15,0,False,nsdp_full,16,15,,True
5,75,301.48,False,nsdp_full,16,16,0,False,nsdp_full,16,15,,True
7,75,301.48,False,nsdp_full,16,15,0,False,nsdp_full,16,15,,True
8,75,301.48,False,nsdp_full,16,15,0,False,nsdp_full,16,17,,True
2,76,301.5,False,nsdp_full,16,16,0,False,nsdp_full,16,15,,True
3,76,301.5,False,nsdp_full,16,15,0,False,nsdp_full,16,15,,True
4,76,301.5,False,nsdp_full,16,15,0,False,nsdp_full,16,15,,True
5,76,301.5,False,nsdp_full,16,16,0,False,nsdp_full,16,15,,True
7,76,301.5,False,nsdp_full,16,15,0,False,nsdp_full,16,15,,True
8,76,301.5,False,nsdp_full,16,15,0,False,nsdp_full,16,17,,True
2,77,301.52,False,nsdp_full,16,16,0,False,nsdp_full,16,15,,True
3,77,301.52,False,nsdp_full,16,15,0,False,nsdp_full,16,15,,True
4,77,301.52,False,nsdp_full,16,15,0,False,nsdp_full,16,15,,True
5,77,301.52,False,nsdp_full,16,16,0,False,nsdp_full,16,15,,True
7,77,301.52,False,nsdp_full,16,15,0,False,nsdp_full,16,15,,True
8,77,301.52,False,nsdp_full,16,15,0,False,nsdp_full,16,17,,True
2,78,301.54,False,nsdp_full,16,16,0,False,nsdp_full,16,15,,True
3,78,301.54,False,nsdp_full,16,15,0,False,nsdp_full,16,15,,True
4,78,301.54,False,nsdp_full,16,15,0,False,nsdp_full,16,15,,True
5,78,301.54,False,nsdp_full,16,16,0,False,nsdp_full,16,15,,True
7,78,301.54,False,nsdp_full,16,15,0,False,nsdp_full,16,15,,True
8,78,301.54,False,nsdp_full,16,15,0,False,nsdp_full,16,17,,True
2,79,301.56,False,nsdp_full,16,16,0,False,nsdp_full,16,15,,True
3,79,301.56,False,nsdp_full,16,15,0,False,nsdp_full,16,15,,True
4,79,301.56,False,nsdp_full,16,15,0,False,nsdp_full,16,15,,True
5,79,301.56,False,nsdp_full,16,16,0,False,nsdp_full,16,15,,True
7,79,301.56,False,nsdp_full,16,15,0,False,nsdp_full,16,15,,True
8,79,301.56,False,nsdp_full,16,15,0,False,nsdp_full,16,17,,True
2,80,301.58,False,nsdp_full,16,16,0,False,nsdp_full,16,15,,True
3,80,301.58,False,nsdp_full,16,15,0,False,nsdp_full,16,15,,True
4,80,301.58,False,nsdp_full,16,15,0,False,nsdp_full,16,15,,True
5,80,301.58,False,nsdp_full,16,16,0,False,nsdp_full,16,15,,True
7,80,301.58,False,nsdp_full,16,15,0,False,nsdp_full,16,15,,True
8,80,301.58,False,nsdp_full,16,15,0,False,nsdp_full,16,17,,True
2,81,301.6,False,nsdp_full,16,16,0,False,nsdp_full,16,15,,True
3,81,301.6,False,nsdp_full,16,15,0,False,nsdp_full,16,15,,True
4,81,301.6,False,nsdp_full,16,15,0,False,nsdp_full,16,15,,True
5,81,301.6,False,nsdp_full,16,16,0,False,nsdp_full,16,15,,True
7,81,301.6,False,nsdp_full,16,15,0,False,nsdp_full,16,15,,True
8,81,301.6,False,nsdp_full,16,15,0,False,nsdp_full,16,17,,True
2,82,301.62,False,nsdp_full,16,16,0,False,nsdp_full,16,15,,True
3,82,301.62,False,nsdp_full,16,15,0,False,nsdp_full,16,15,,True
4,82,301.62,True,admitted,15,14,97,False,nsdp_full,16,15,,False
5,82,301.62,False,nsdp_full,16,16,0,False,nsdp_full,16,15,,True
7,82,301.62,False,nsdp_full,16,15,0,False,nsdp_full,16,15,,True
8,82,301.62,False,nsdp_full,16,15,0,False,nsdp_full,16,17,,True
2,83,301.64,False,nsdp_full,16,16,0,False,nsdp_full,16,15,,True
3,83,301.64,False,nsdp_full,16,15,0,False,nsdp_full,16,15,,True
4,83,301.64,False,nsdp_full,16,15,0,False,nsdp_full,16,15,,True
5,83,301.64,False,nsdp_full,16,16,0,False,nsdp_full,16,16,,True
7,83,301.64,False,nsdp_full,16,15,0,False,nsdp_full,16,15,,True
8,83,301.64,False,nsdp_full,16,15,0,False,nsdp_full,16,17,,True
2,84,301.66,False,nsdp_full,16,16,0,False,nsdp_full,16,15,,True
3,84,301.66,False,nsdp_full,16,15,0,False,nsdp_full,16,15,,True
4,84,301.66,False,nsdp_full,16,15,0,False,nsdp_full,16,15,,True
5,84,301.66,False,nsdp_full,16,16,0,False,nsdp_full,16,16,,True
7,84,301.66,False,nsdp_full,16,15,0,False,nsdp_full,16,15,,True
8,84,301.66,False,nsdp_full,16,15,0,False,nsdp_full,16,17,,True
2,85,301.68,False,nsdp_full,16,16,0,False,nsdp_full,16,15,,True
3,85,301.68,False,nsdp_full,16,15,0,False,nsdp_full,16,15,,True
4,85,301.68,False,nsdp_full,16,15,0,False,nsdp_full,16,15,,True
5,85,301.68,False,nsdp_full,16,16,0,False,nsdp_full,16,16,,True
7,85,301.68,False,nsdp_full,16,15,0,False,nsdp_full,16,15,,True
8,85,301.68,False,nsdp_full,16,15,0,False,nsdp_full,16,18,,True
2,86,301.7,False,nsdp_full,16,16,0,False,nsdp_full,16,15,,True
3,86,301.7,False,nsdp_full,16,15,0,False,nsdp_full,16,15,,True
4,86,301.7,False,nsdp_full,16,15,0,False,nsdp_full,16,15,,True
5,86,301.7,False,nsdp_full,16,16,0,False,nsdp_full,16,16,,True
7,86,301.7,False,nsdp_full,16,15,0,False,nsdp_full,16,15,,True
8,86,301.7,False,nsdp_full,16,15,0,False,nsdp_full,16,18,,True
2,87,301.72,False,nsdp_full,16,16,0,False,nsdp_full,16,15,,True
3,87,301.72,False,nsdp_full,16,15,0,False,nsdp_full,16,15,,True
4,87,301.72,False,nsdp_full,16,15,0,False,nsdp_full,16,15,,True
5,87,301.72,False,nsdp_full,16,16,0,False,nsdp_full,16,16,,True
7,87,301.72,False,nsdp_full,16,15,0,False,nsdp_full,16,15,,True
8,87,301.72,False,nsdp_full,16,15,0,False,nsdp_full,16,18,,True
2,88,301.74,False,nsdp_full,16,16,0,False,nsdp_full,16,15,,True
3,88,301.74,False,nsdp_full,16,15,0,False,nsdp_full,16,15,,True
4,88,301.74,False,nsdp_full,16,15,0,False,nsdp_full,16,15,,True
5,88,301.74,False,nsdp_full,16,16,0,False,nsdp_full,16,16,,True
7,88,301.74,False,nsdp_full,16,15,0,False,nsdp_full,16,15,,True
8,88,301.74,False,nsdp_full,16,15,0,False,nsdp_full,16,18,,True
2,89,301.76,False,nsdp_full,16,16,0,False,nsdp_full,16,15,,True
3,89,301.76,False,nsdp_full,16,15,0,False,nsdp_full,16,15,,True
4,89,301.76,False,nsdp_full,16,15,0,False,nsdp_full,16,15,,True
5,89,301.76,False,nsdp_full,16,16,0,False,nsdp_full,16,16,,True
7,89,301.76,False,nsdp_full,16,15,0,False,nsdp_full,16,15,,True
8,89,301.76,False,nsdp_full,16,16,0,False,nsdp_full,16,18,,True
2,90,301.78,False,nsdp_full,16,16,0,False,nsdp_full,16,15,,True
3,90,301.78,False,nsdp_full,16,15,0,False,nsdp_full,16,15,,True
4,90,301.78,False,nsdp_full,16,15,0,False,nsdp_full,16,15,,True
5,90,301.78,False,nsdp_full,16,16,0,False,nsdp_full,16,16,,True
7,90,301.78,False,nsdp_full,16,15,0,True,admitted,15,13,982,False
8,90,301.78,False,nsdp_full,16,16,0,False,nsdp_full,16,18,,True
2,91,301.8,False,nsdp_full,16,16,0,False,nsdp_full,16,15,,True
3,91,301.8,False,nsdp_full,16,15,0,False,nsdp_full,16,15,,True
4,91,301.8,False,nsdp_full,16,15,0,False,nsdp_full,16,15,,True
5,91,301.8,False,nsdp_full,16,16,0,False,nsdp_full,16,16,,True
7,91,301.8,False,nsdp_full,16,15,0,False,nsdp_full,16,14,,True
8,91,301.8,False,nsdp_full,16,16,0,False,nsdp_full,16,18,,True
2,92,301.82,False,nsdp_full,16,16,0,False,nsdp_full,16,15,,True
3,92,301.82,False,nsdp_full,16,15,0,False,nsdp_full,16,15,,True
4,92,301.82,False,nsdp_full,16,15,0,False,nsdp_full,16,15,,True
5,92,301.82,False,nsdp_full,16,16,0,False,nsdp_full,16,16,,True
7,92,301.82,False,nsdp_full,16,15,0,False,nsdp_full,16,14,,True
8,92,301.82,False,nsdp_full,16,16,0,False,nsdp_full,16,18,,True
2,93,301.84,False,nsdp_full,16,16,0,False,nsdp_full,16,15,,True
3,93,301.84,False,nsdp_full,16,15,0,False,nsdp_full,16,15,,True
4,93,301.84,False,nsdp_full,16,15,0,False,nsdp_full,16,15,,True
5,93,301.84,False,nsdp_full,16,16,0,False,nsdp_full,16,16,,True
7,93,301.84,False,nsdp_full,16,15,0,False,nsdp_full,16,14,,True
8,93,301.84,False,nsdp_full,16,16,0,False,nsdp_full,16,18,,True
2,94,301.86,False,nsdp_full,16,16,0,False,nsdp_full,16,15,,True
3,94,301.86,False,nsdp_full,16,15,0,False,nsdp_full,16,15,,True
4,94,301.86,False,nsdp_full,16,15,0,False,nsdp_full,16,15,,True
5,94,301.86,False,nsdp_full,16,16,0,False,nsdp_full,16,16,,True
7,94,301.86,False,nsdp_full,16,15,0,False,nsdp_full,16,14,,True
8,94,301.86,False,nsdp_full,16,16,0,False,nsdp_full,16,18,,True
2,95,301.88,False,nsdp_full,16,16,0,False,nsdp_full,16,15,,True
3,95,301.88,False,nsdp_full,16,15,0,False,nsdp_full,16,15,,True
4,95,301.88,False,nsdp_full,16,15,0,False,nsdp_full,16,15,,True
5,95,301.88,False,nsdp_full,16,16,0,False,nsdp_full,16,16,,True
7,95,301.88,False,nsdp_full,16,15,0,False,nsdp_full,16,14,,True
8,95,301.88,False,nsdp_full,16,16,0,False,nsdp_full,16,18,,True
2,96,301.9,False,nsdp_full,16,16,0,False,nsdp_full,16,15,,True
3,96,301.9,False,nsdp_full,16,15,0,False,nsdp_full,16,15,,True
4,96,301.9,False,nsdp_full,16,15,0,False,nsdp_full,16,16,,True
5,96,301.9,False,nsdp_full,16,16,0,False,nsdp_full,16,16,,True
7,96,301.9,False,nsdp_full,16,15,0,False,nsdp_full,16,14,,True
8,96,301.9,False,nsdp_full,16,16,0,False,nsdp_full,16,18,,True
2,97,301.92,False,nsdp_full,16,16,0,False,nsdp_full,16,15,,True
3,97,301.92,False,nsdp_full,16,15,0,False,nsdp_full,16,15,,True
4,97,301.92,False,nsdp_full,16,15,0,False,nsdp_full,16,16,,True
5,97,301.92,False,nsdp_full,16,16,0,False,nsdp_full,16,16,,True
7,97,301.92,False,nsdp_full,16,15,0,False,nsdp_full,16,14,,True
8,97,301.92,False,nsdp_full,16,16,0,False,nsdp_full,16,18,,True
2,98,301.94,False,nsdp_full,16,16,0,False,nsdp_full,16,15,,True
3,98,301.94,False,nsdp_full,16,15,0,False,nsdp_full,16,15,,True
4,98,301.94,False,nsdp_full,16,15,0,False,nsdp_full,16,16,,True
5,98,301.94,False,nsdp_full,16,16,0,False,nsdp_full,16,16,,True
7,98,301.94,False,nsdp_full,16,15,0,False,nsdp_full,16,14,,True
8,98,301.94,False,nsdp_full,16,16,0,False,nsdp_full,16,18,,True
2,99,301.96,False,nsdp_full,16,16,0,False,nsdp_full,16,15,,True
3,99,301.96,False,nsdp_full,16,15,0,False,nsdp_full,16,15,,True
4,99,301.96,False,nsdp_full,16,15,0,False,nsdp_full,16,16,,True
5,99,301.96,False,nsdp_full,16,16,0,False,nsdp_full,16,16,,True
7,99,301.96,False,nsdp_full,16,15,0,False,nsdp_full,16,14,,True
8,99,301.96,False,nsdp_full,16,16,0,False,nsdp_full,16,18,,True
2,100,301.98,False,nsdp_full,16,16,0,False,nsdp_full,16,15,,True
3,100,301.98,False,nsdp_full,16,15,0,False,nsdp_full,16,15,,True
4,100,301.98,False,nsdp_full,16,15,0,False,nsdp_full,16,16,,True
5,100,301.98,False,nsdp_full,16,16,0,False,nsdp_full,16,16,,True
7,100,301.98,False,nsdp_full,16,15,0,False,nsdp_full,16,14,,True
8,100,301.98,False,nsdp_full,16,16,0,False,nsdp_full,16,18,,True
2,101,302,False,nsdp_full,16,16,0,False,nsdp_full,16,15,,True
3,101,302,False,nsdp_full,16,15,0,False,nsdp_full,16,15,,True
4,101,302,False,nsdp_full,16,15,0,False,nsdp_full,16,16,,True
5,101,302,False,nsdp_full,16,16,0,False,nsdp_full,16,16,,True
7,101,302,False,nsdp_full,16,15,0,False,nsdp_full,16,14,,True
8,101,302,False,nsdp_full,16,16,0,False,nsdp_full,16,18,,True
2,102,302.02,False,nsdp_full,16,16,0,False,nsdp_full,16,15,,True
3,102,302.02,False,nsdp_full,16,15,0,False,nsdp_full,16,15,,True
4,102,302.02,False,nsdp_full,16,15,0,False,nsdp_full,16,16,,True
5,102,302.02,False,nsdp_full,16,16,0,False,nsdp_full,16,16,,True
7,102,302.02,False,nsdp_full,16,15,0,False,nsdp_full,16,14,,True
8,102,302.02,False,nsdp_full,16,16,0,False,nsdp_full,16,18,,True
2,103,302.04,False,nsdp_full,16,16,0,False,nsdp_full,16,15,,True
3,103,302.04,False,nsdp_full,16,15,0,False,nsdp_full,16,15,,True
4,103,302.04,False,nsdp_full,16,15,0,False,nsdp_full,16,16,,True
5,103,302.04,False,nsdp_full,16,16,0,False,nsdp_full,16,16,,True
7,103,302.04,True,admitted,15,14,98,False,nsdp_full,16,14,,False
8,103,302.04,False,nsdp_full,16,16,0,False,nsdp_full,16,18,,True
2,104,302.06,False,nsdp_full,16,16,0,False,nsdp_full,16,15,,True
3,104,302.06,True,admitted,15,14,99,False,nsdp_full,16,15,,False
4,104,302.06,False,nsdp_full,16,15,0,False,nsdp_full,16,16,,True
5,104,302.06,False,nsdp_full,16,16,0,False,nsdp_full,16,16,,True
7,104,302.06,False,nsdp_full,16,15,0,False,nsdp_full,16,14,,True
8,104,302.06,False,nsdp_full,16,16,0,False,nsdp_full,16,18,,True
2,105,302.08,False,nsdp_full,16,16,0,False,nsdp_full,16,15,,True
3,105,302.08,False,nsdp_full,16,15,0,False,nsdp_full,16,15,,True
4,105,302.08,False,nsdp_full,16,15,0,False,nsdp_full,16,16,,True
5,105,302.08,False,nsdp_full,16,16,0,False,nsdp_full,16,16,,True
7,105,302.08,False,nsdp_full,16,15,0,False,nsdp_full,16,14,,True
8,105,302.08,False,nsdp_full,16,16,0,False,nsdp_full,16,18,,True
2,106,302.1,False,nsdp_full,16,16,0,False,nsdp_full,16,15,,True
3,106,302.1,False,nsdp_full,16,15,0,True,admitted,15,14,984,False
4,106,302.1,False,nsdp_full,16,15,0,False,nsdp_full,16,16,,True
5,106,302.1,False,nsdp_full,16,16,0,False,nsdp_full,16,16,,True
7,106,302.1,False,nsdp_full,16,15,0,False,nsdp_full,16,14,,True
8,106,302.1,False,nsdp_full,16,16,0,False,nsdp_full,16,18,,True
2,107,302.12,False,nsdp_full,16,16,0,False,nsdp_full,16,15,,True
3,107,302.12,False,nsdp_full,16,15,0,False,nsdp_full,16,15,,True
4,107,302.12,False,nsdp_full,16,15,0,False,nsdp_full,16,16,,True
5,107,302.12,False,nsdp_full,16,16,0,False,nsdp_full,16,16,,True
7,107,302.12,False,nsdp_full,16,15,0,False,nsdp_full,16,14,,True
8,107,302.12,False,nsdp_full,16,16,0,False,nsdp_full,16,18,,True
2,108,302.14,False,nsdp_full,16,16,0,False,nsdp_full,16,15,,True
3,108,302.14,False,nsdp_full,16,15,0,False,nsdp_full,16,15,,True
4,108,302.14,False,nsdp_full,16,15,0,False,nsdp_full,16,16,,True
5,108,302.14,False,nsdp_full,16,16,0,False,nsdp_full,16,16,,True
7,108,302.14,False,nsdp_full,16,15,0,False,nsdp_full,16,14,,True
8,108,302.14,False,nsdp_full,16,16,0,False,nsdp_full,16,18,,True
2,109,302.16,False,nsdp_full,16,16,0,False,nsdp_full,16,15,,True
3,109,302.16,False,nsdp_full,16,15,0,False,nsdp_full,16,15,,True
4,109,302.16,False,nsdp_full,16,15,0,False,nsdp_full,16,16,,True
5,109,302.16,False,nsdp_full,16,16,0,False,nsdp_full,16,16,,True
7,109,302.16,False,nsdp_full,16,15,0,False,nsdp_full,16,14,,True
8,109,302.16,False,nsdp_full,16,16,0,False,nsdp_full,16,18,,True
2,110,302.18,False,nsdp_full,16,16,0,False,nsdp_full,16,15,,True
3,110,302.18,False,nsdp_full,16,15,0,False,nsdp_full,16,15,,True
4,110,302.18,False,nsdp_full,16,15,0,False,nsdp_full,16,16,,True
5,110,302.18,False,nsdp_full,16,16,0,False,nsdp_full,16,16,,True
7,110,302.18,False,nsdp_full,16,15,0,False,nsdp_full,16,14,,True
8,110,302.18,False,nsdp_full,16,16,0,False,nsdp_full,16,18,,True
2,111,302.2,False,nsdp_full,16,16,0,True,admitted,15,14,985,False
3,111,302.2,False,nsdp_full,16,15,0,False,nsdp_full,16,15,,True
4,111,302.2,False,nsdp_full,16,15,0,False,nsdp_full,16,16,,True
5,111,302.2,False,nsdp_full,16,16,0,False,nsdp_full,16,16,,True
7,111,302.2,False,nsdp_full,16,15,0,False,nsdp_full,16,14,,True
8,111,302.2,False,nsdp_full,16,16,0,False,nsdp_full,16,18,,True
2,112,302.22,False,nsdp_full,16,16,0,False,nsdp_full,16,15,,True
3,112,302.22,False,nsdp_full,16,15,0,False,nsdp_full,16,15,,True
4,112,302.22,False,nsdp_full,16,15,0,False,nsdp_full,16,16,,True
5,112,302.22,False,nsdp_full,16,16,0,False,nsdp_full,16,16,,True
7,112,302.22,False,nsdp_full,16,15,0,False,nsdp_full,16,14,,True
8,112,302.22,False,nsdp_full,16,16,0,False,nsdp_full,16,18,,True
2,113,302.24,False,nsdp_full,16,16,0,False,nsdp_full,16,15,,True
3,113,302.24,False,nsdp_full,16,15,0,False,nsdp_full,16,15,,True
4,113,302.24,False,nsdp_full,16,15,0,False,nsdp_full,16,16,,True
5,113,302.24,False,nsdp_full,16,16,0,False,nsdp_full,16,16,,True
7,113,302.24,False,nsdp_full,16,15,0,False,nsdp_full,16,14,,True
8,113,302.24,False,nsdp_full,16,16,0,False,nsdp_full,16,18,,True
2,114,302.26,False,nsdp_full,16,16,0,False,nsdp_full,16,15,,True
3,114,302.26,False,nsdp_full,16,15,0,False,nsdp_full,16,15,,True
4,114,302.26,False,nsdp_full,16,15,0,False,nsdp_full,16,16,,True
5,114,302.26,False,nsdp_full,16,16,0,False,nsdp_full,16,16,,True
7,114,302.26,False,nsdp_full,16,15,0,False,nsdp_full,16,14,,True
8,114,302.26,False,nsdp_full,16,16,0,False,nsdp_full,16,18,,True
2,115,302.28,False,nsdp_full,16,16,0,False,nsdp_full,16,15,,True
3,115,302.28,False,nsdp_full,16,15,0,False,nsdp_full,16,15,,True
4,115,302.28,False,nsdp_full,16,15,0,False,nsdp_full,16,16,,True
5,115,302.28,False,nsdp_full,16,16,0,False,nsdp_full,16,16,,True
7,115,302.28,False,nsdp_full,16,15,0,False,nsdp_full,16,14,,True
8,115,302.28,False,nsdp_full,16,16,0,False,nsdp_full,16,19,,True
2,116,302.3,False,nsdp_full,16,16,0,False,nsdp_full,16,15,,True
3,116,302.3,False,nsdp_full,16,15,0,False,nsdp_full,16,15,,True
4,116,302.3,False,nsdp_full,16,15,0,False,nsdp_full,16,16,,True
5,116,302.3,False,nsdp_full,16,17,0,False,nsdp_full,16,16,,True
7,116,302.3,False,nsdp_full,16,15,0,False,nsdp_full,16,14,,True
8,116,302.3,False,nsdp_full,16,16,0,False,nsdp_full,16,19,,True
2,117,302.32,False,nsdp_full,16,16,0,False,nsdp_full,16,15,,True
3,117,302.32,False,nsdp_full,16,15,0,False,nsdp_full,16,15,,True
4,117,302.32,False,nsdp_full,16,15,0,False,nsdp_full,16,16,,True
5,117,302.32,False,nsdp_full,16,17,0,False,nsdp_full,16,16,,True
7,117,302.32,False,nsdp_full,16,15,0,False,nsdp_full,16,14,,True
8,117,302.32,False,nsdp_full,16,16,0,False,nsdp_full,16,19,,True
2,118,302.34,False,nsdp_full,16,16,0,False,nsdp_full,16,15,,True
3,118,302.34,False,nsdp_full,16,15,0,False,nsdp_full,16,15,,True
4,118,302.34,False,nsdp_full,16,15,0,False,nsdp_full,16,16,,True
5,118,302.34,False,nsdp_full,16,17,0,False,nsdp_full,16,16,,True
7,118,302.34,False,nsdp_full,16,15,0,False,nsdp_full,16,14,,True
8,118,302.34,False,nsdp_full,16,16,0,False,nsdp_full,16,19,,True
2,119,302.36,False,nsdp_full,16,16,0,False,nsdp_full,16,15,,True
3,119,302.36,False,nsdp_full,16,15,0,False,nsdp_full,16,15,,True
4,119,302.36,False,nsdp_full,16,15,0,False,nsdp_full,16,16,,True
5,119,302.36,False,nsdp_full,16,17,0,False,nsdp_full,16,16,,True
7,119,302.36,False,nsdp_full,16,15,0,True,admitted,15,13,988,False
8,119,302.36,False,nsdp_full,16,16,0,False,nsdp_full,16,19,,True
2,120,302.38,False,nsdp_full,16,16,0,False,nsdp_full,16,15,,True
3,120,302.38,False,nsdp_full,16,15,0,False,nsdp_full,16,15,,True
4,120,302.38,False,nsdp_full,16,15,0,False,nsdp_full,16,16,,True
5,120,302.38,False,nsdp_full,16,17,0,False,nsdp_full,16,16,,True
7,120,302.38,False,nsdp_full,16,15,0,False,nsdp_full,16,14,,True
8,120,302.38,False,nsdp_full,16,16,0,False,nsdp_full,16,19,,True
2,121,302.4,False,nsdp_full,16,16,0,False,nsdp_full,16,15,,True
3,121,302.4,False,nsdp_full,16,15,0,False,nsdp_full,16,15,,True
4,121,302.4,False,nsdp_full,16,15,0,False,nsdp_full,16,16,,True
5,121,302.4,False,nsdp_full,16,17,0,False,nsdp_full,16,16,,True
7,121,302.4,False,nsdp_full,16,15,0,False,nsdp_full,16,14,,True
8,121,302.4,False,nsdp_full,16,16,0,False,nsdp_full,16,19,,True
2,122,302.42,False,nsdp_full,16,16,0,False,nsdp_full,16,15,,True
3,122,302.42,False,nsdp_full,16,15,0,False,nsdp_full,16,15,,True
4,122,302.42,False,nsdp_full,16,15,0,False,nsdp_full,16,16,,True
5,122,302.42,False,nsdp_full,16,17,0,False,nsdp_full,16,16,,True
7,122,302.42,False,nsdp_full,16,15,0,False,nsdp_full,16,14,,True
8,122,302.42,False,nsdp_full,16,16,0,False,nsdp_full,16,19,,True
2,123,302.44,False,nsdp_full,16,16,0,False,nsdp_full,16,15,,True
3,123,302.44,False,nsdp_full,16,15,0,False,nsdp_full,16,15,,True
4,123,302.44,False,nsdp_full,16,15,0,False,nsdp_full,16,16,,True
5,123,302.44,False,nsdp_full,16,17,0,False,nsdp_full,16,16,,True
7,123,302.44,False,nsdp_full,16,15,0,False,nsdp_full,16,14,,True
8,123,302.44,False,nsdp_full,16,16,0,False,nsdp_full,16,19,,True
2,124,302.46,False,nsdp_full,16,16,0,False,nsdp_full,16,15,,True
3,124,302.46,False,nsdp_full,16,15,0,False,nsdp_full,16,15,,True
4,124,302.46,True,admitted,15,14,100,False,nsdp_full,16,16,,False
5,124,302.46,False,nsdp_full,16,17,0,False,nsdp_full,16,16,,True
7,124,302.46,False,nsdp_full,16,15,0,False,nsdp_full,16,14,,True
8,124,302.46,False,nsdp_full,16,16,0,False,nsdp_full,16,19,,True
2,125,302.48,False,nsdp_full,16,16,0,False,nsdp_full,16,15,,True
3,125,302.48,False,nsdp_full,16,15,0,False,nsdp_full,16,15,,True
4,125,302.48,False,nsdp_full,16,15,0,False,nsdp_full,16,16,,True
5,125,302.48,False,nsdp_full,16,17,0,False,nsdp_full,16,16,,True
7,125,302.48,False,nsdp_full,16,15,0,False,nsdp_full,16,14,,True
8,125,302.48,False,nsdp_full,16,16,0,False,nsdp_full,16,19,,True
2,126,302.5,False,nsdp_full,16,16,0,False,nsdp_full,16,15,,True
3,126,302.5,False,nsdp_full,16,15,0,True,admitted,15,14,989,False
4,126,302.5,False,nsdp_full,16,15,0,False,nsdp_full,16,16,,True
5,126,302.5,False,nsdp_full,16,17,0,False,nsdp_full,16,16,,True
7,126,302.5,False,nsdp_full,16,15,0,False,nsdp_full,16,14,,True
8,126,302.5,False,nsdp_full,16,16,0,False,nsdp_full,16,19,,True
2,127,302.52,False,nsdp_full,16,16,0,False,nsdp_full,16,15,,True
3,127,302.52,False,nsdp_full,16,15,0,False,nsdp_full,16,15,,True
4,127,302.52,False,nsdp_full,16,15,0,False,nsdp_full,16,16,,True
5,127,302.52,False,nsdp_full,16,17,0,False,nsdp_full,16,16,,True
7,127,302.52,False,nsdp_full,16,15,0,False,nsdp_full,16,14,,True
8,127,302.52,False,nsdp_full,16,16,0,False,nsdp_full,16,19,,True
2,128,302.54,False,nsdp_full,16,16,0,False,nsdp_full,16,15,,True
3,128,302.54,False,nsdp_full,16,15,0,False,nsdp_full,16,15,,True
4,128,302.54,False,nsdp_full,16,15,0,False,nsdp_full,16,16,,True
5,128,302.54,False,nsdp_full,16,17,0,False,nsdp_full,16,16,,True
7,128,302.54,False,nsdp_full,16,15,0,False,nsdp_full,16,14,,True
8,128,302.54,False,nsdp_full,16,17,0,False,nsdp_full,16,19,,True
2,129,302.56,False,nsdp_full,16,16,0,False,nsdp_full,16,15,,True
3,129,302.56,False,nsdp_full,16,15,0,False,nsdp_full,16,15,,True
4,129,302.56,False,nsdp_full,16,15,0,False,nsdp_full,16,16,,True
5,129,302.56,False,nsdp_full,16,17,0,False,nsdp_full,16,16,,True
7,129,302.56,False,nsdp_full,16,15,0,False,nsdp_full,16,14,,True
8,129,302.56,False,nsdp_full,16,17,0,False,nsdp_full,16,19,,True
2,130,302.58,False,nsdp_full,16,16,0,False,nsdp_full,16,15,,True
3,130,302.58,False,nsdp_full,16,15,0,False,nsdp_full,16,15,,True
4,130,302.58,False,nsdp_full,16,15,0,False,nsdp_full,16,16,,True
5,130,302.58,False,nsdp_full,16,17,0,False,nsdp_full,16,16,,True
7,130,302.58,False,nsdp_full,16,15,0,False,nsdp_full,16,14,,True
8,130,302.58,False,nsdp_full,16,17,0,False,nsdp_full,16,19,,True
2,131,302.6,False,nsdp_full,16,16,0,False,nsdp_full,16,15,,True
3,131,302.6,False,nsdp_full,16,15,0,False,nsdp_full,16,15,,True
4,131,302.6,False,nsdp_full,16,15,0,False,nsdp_full,16,16,,True
5,131,302.6,False,nsdp_full,16,17,0,False,nsdp_full,16,16,,True
7,131,302.6,False,nsdp_full,16,15,0,False,nsdp_full,16,14,,True
8,131,302.6,False,nsdp_full,16,17,0,False,nsdp_full,16,19,,True
2,132,302.62,False,nsdp_full,16,16,0,False,nsdp_full,16,15,,True
3,132,302.62,False,nsdp_full,16,15,0,False,nsdp_full,16,15,,True
4,132,302.62,False,nsdp_full,16,15,0,False,nsdp_full,16,16,,True
5,132,302.62,False,nsdp_full,16,17,0,False,nsdp_full,16,16,,True
7,132,302.62,False,nsdp_full,16,15,0,False,nsdp_full,16,14,,True
8,132,302.62,False,nsdp_full,16,17,0,False,nsdp_full,16,19,,True
2,133,302.64,False,nsdp_full,16,16,0,False,nsdp_full,16,15,,True
3,133,302.64,False,nsdp_full,16,15,0,False,nsdp_full,16,15,,True
4,133,302.64,False,nsdp_full,16,15,0,False,nsdp_full,16,16,,True
5,133,302.64,False,nsdp_full,16,17,0,False,nsdp_full,16,16,,True
7,133,302.64,False,nsdp_full,16,15,0,False,nsdp_full,16,14,,True
8,133,302.64,False,nsdp_full,16,17,0,False,nsdp_full,16,19,,True
2,134,302.66,False,nsdp_full,16,16,0,False,nsdp_full,16,15,,True
3,134,302.66,False,nsdp_full,16,15,0,False,nsdp_full,16,15,,True
4,134,302.66,False,nsdp_full,16,15,0,False,nsdp_full,16,17,,True
5,134,302.66,False,nsdp_full,16,17,0,False,nsdp_full,16,16,,True
7,134,302.66,False,nsdp_full,16,15,0,False,nsdp_full,16,14,,True
8,134,302.66,False,nsdp_full,16,17,0,False,nsdp_full,16,19,,True
2,135,302.68,False,nsdp_full,16,16,0,False,nsdp_full,16,15,,True
3,135,302.68,True,admitted,15,14,101,False,nsdp_full,16,15,,False
4,135,302.68,False,nsdp_full,16,15,0,False,nsdp_full,16,17,,True
5,135,302.68,False,nsdp_full,16,17,0,False,nsdp_full,16,16,,True
7,135,302.68,False,nsdp_full,16,15,0,False,nsdp_full,16,14,,True
8,135,302.68,True,admitted,15,16,102,False,nsdp_full,16,19,,False
2,136,302.7,False,nsdp_full,16,16,0,False,nsdp_full,16,15,,True
3,136,302.7,False,nsdp_full,16,15,0,False,nsdp_full,16,15,,True
4,136,302.7,False,nsdp_full,16,15,0,False,nsdp_full,16,17,,True
5,136,302.7,False,nsdp_full,16,17,0,False,nsdp_full,16,16,,True
7,136,302.7,False,nsdp_full,16,15,0,False,nsdp_full,16,14,,True
8,136,302.7,False,nsdp_full,16,17,0,False,nsdp_full,16,19,,True
2,137,302.72,False,nsdp_full,16,16,0,False,nsdp_full,16,15,,True
3,137,302.72,False,nsdp_full,16,15,0,False,nsdp_full,16,15,,True
4,137,302.72,False,nsdp_full,16,15,0,False,nsdp_full,16,17,,True
5,137,302.72,False,nsdp_full,16,17,0,False,nsdp_full,16,16,,True
7,137,302.72,False,nsdp_full,16,15,0,False,nsdp_full,16,14,,True
8,137,302.72,False,nsdp_full,16,17,0,False,nsdp_full,16,19,,True
2,138,302.74,False,nsdp_full,16,16,0,False,nsdp_full,16,15,,True
3,138,302.74,False,nsdp_full,16,15,0,False,nsdp_full,16,15,,True
4,138,302.74,False,nsdp_full,16,15,0,False,nsdp_full,16,17,,True
5,138,302.74,False,nsdp_full,16,17,0,False,nsdp_full,16,16,,True
7,138,302.74,False,nsdp_full,16,15,0,False,nsdp_full,16,14,,True
8,138,302.74,False,nsdp_full,16,17,0,False,nsdp_full,16,19,,True
2,139,302.76,False,nsdp_full,16,16,0,False,nsdp_full,16,15,,True
3,139,302.76,False,nsdp_full,16,15,0,False,nsdp_full,16,15,,True
4,139,302.76,False,nsdp_full,16,15,0,False,nsdp_full,16,17,,True
5,139,302.76,False,nsdp_full,16,17,0,False,nsdp_full,16,16,,True
7,139,302.76,False,nsdp_full,16,15,0,False,nsdp_full,16,14,,True
8,139,302.76,False,nsdp_full,16,17,0,False,nsdp_full,16,19,,True
2,140,302.78,False,nsdp_full,16,16,0,False,nsdp_full,16,15,,True
3,140,302.78,False,nsdp_full,16,15,0,False,nsdp_full,16,15,,True
4,140,302.78,False,nsdp_full,16,15,0,False,nsdp_full,16,17,,True
5,140,302.78,False,nsdp_full,16,17,0,False,nsdp_full,16,16,,True
7,140,302.78,False,nsdp_full,16,15,0,False,nsdp_full,16,14,,True
8,140,302.78,False,nsdp_full,16,17,0,False,nsdp_full,16,19,,True
2,141,302.8,False,nsdp_full,16,16,0,False,nsdp_full,16,15,,True
3,141,302.8,False,nsdp_full,16,15,0,False,nsdp_full,16,15,,True
4,141,302.8,False,nsdp_full,16,15,0,False,nsdp_full,16,17,,True
5,141,302.8,False,nsdp_full,16,17,0,False,nsdp_full,16,16,,True
7,141,302.8,False,nsdp_full,16,15,0,False,nsdp_full,16,14,,True
8,141,302.8,False,nsdp_full,16,17,0,False,nsdp_full,16,19,,True
2,142,302.82,False,nsdp_full,16,16,0,False,nsdp_full,16,15,,True
3,142,302.82,False,nsdp_full,16,15,0,False,nsdp_full,16,15,,True
4,142,302.82,False,nsdp_full,16,15,0,False,nsdp_full,16,17,,True
5,142,302.82,False,nsdp_full,16,17,0,False,nsdp_full,16,16,,True
7,142,302.82,False,nsdp_full,16,15,0,False,nsdp_full,16,14,,True
8,142,302.82,False,nsdp_full,16,17,0,False,nsdp_full,16,19,,True
2,143,302.84,False,nsdp_full,16,16,0,False,nsdp_full,16,15,,True
3,143,302.84,False,nsdp_full,16,15,0,False,nsdp_full,16,15,,True
4,143,302.84,False,nsdp_full,16,15,0,False,nsdp_full,16,17,,True
5,143,302.84,False,nsdp_full,16,17,0,False,nsdp_full,16,16,,True
7,143,302.84,False,nsdp_full,16,15,0,False,nsdp_full,16,14,,True
8,143,302.84,False,nsdp_full,16,17,0,False,nsdp_full,16,19,,True
2,144,302.86,False,nsdp_full,16,16,0,False,nsdp_full,16,15,,True
3,144,302.86,False,nsdp_full,16,15,0,False,nsdp_full,16,15,,True
4,144,302.86,False,nsdp_full,16,15,0,False,nsdp_full,16,17,,True
5,144,302.86,False,nsdp_full,16,17,0,False,nsdp_full,16,16,,True
7,144,302.86,False,nsdp_full,16,15,0,False,nsdp_full,16,14,,True
8,144,302.86,False,nsdp_full,16,17,0,False,nsdp_full,16,19,,True
2,145,302.88,False,nsdp_full,16,16,0,False,nsdp_full,16,15,,True
3,145,302.88,False,nsdp_full,16,15,0,False,nsdp_full,16,15,,True
4,145,302.88,False,nsdp_full,16,15,0,False,nsdp_full,16,17,,True
5,145,302.88,False,nsdp_full,16,17,0,False,nsdp_full,16,16,,True
7,145,302.88,True,admitted,15,14,103,False,nsdp_full,16,14,,False
8,145,302.88,False,nsdp_full,16,17,0,False,nsdp_full,16,19,,True
2,146,302.9,False,nsdp_full,16,16,0,False,nsdp_full,16,15,,True
3,146,302.9,False,nsdp_full,16,15,0,False,nsdp_full,16,15,,True
4,146,302.9,False,nsdp_full,16,15,0,False,nsdp_full,16,17,,True
5,146,302.9,False,nsdp_full,16,17,0,False,nsdp_full,16,16,,True
7,146,302.9,False,nsdp_full,16,15,0,False,nsdp_full,16,14,,True
8,146,302.9,False,nsdp_full,16,17,0,False,nsdp_full,16,19,,True
2,147,302.92,False,nsdp_full,16,16,0,True,admitted,15,14,991,False
3,147,302.92,False,nsdp_full,16,15,0,False,nsdp_full,16,15,,True
4,147,302.92,False,nsdp_full,16,15,0,False,nsdp_full,16,17,,True
5,147,302.92,False,nsdp_full,16,17,0,False,nsdp_full,16,16,,True
7,147,302.92,False,nsdp_full,16,15,0,False,nsdp_full,16,14,,True
8,147,302.92,False,nsdp_full,16,17,0,False,nsdp_full,16,19,,True
2,148,302.94,False,nsdp_full,16,16,0,False,nsdp_full,16,15,,True
3,148,302.94,False,nsdp_full,16,15,0,False,nsdp_full,16,15,,True
4,148,302.94,False,nsdp_full,16,15,0,False,nsdp_full,16,17,,True
5,148,302.94,False,nsdp_full,16,17,0,False,nsdp_full,16,16,,True
7,148,302.94,False,nsdp_full,16,15,0,False,nsdp_full,16,14,,True
8,148,302.94,False,nsdp_full,16,17,0,False,nsdp_full,16,19,,True
2,149,302.96,False,nsdp_full,16,16,0,False,nsdp_full,16,15,,True
3,149,302.96,False,nsdp_full,16,15,0,False,nsdp_full,16,15,,True
4,149,302.96,False,nsdp_full,16,15,0,False,nsdp_full,16,17,,True
5,149,302.96,False,nsdp_full,16,17,0,False,nsdp_full,16,16,,True
7,149,302.96,False,nsdp_full,16,15,0,False,nsdp_full,16,14,,True
8,149,302.96,False,nsdp_full,16,17,0,False,nsdp_full,16,19,,True
2,150,302.98,False,nsdp_full,16,16,0,False,nsdp_full,16,15,,True
3,150,302.98,False,nsdp_full,16,15,0,False,nsdp_full,16,15,,True
4,150,302.98,False,nsdp_full,16,15,0,False,nsdp_full,16,17,,True
5,150,302.98,False,nsdp_full,16,17,0,False,nsdp_full,16,16,,True
7,150,302.98,False,nsdp_full,16,15,0,False,nsdp_full,16,14,,True
8,150,302.98,False,nsdp_full,16,17,0,False,nsdp_full,16,19,,True
2,151,303,False,nsdp_full,16,16,0,False,nsdp_full,16,15,,True
3,151,303,False,nsdp_full,16,15,0,False,nsdp_full,16,15,,True
4,151,303,False,nsdp_full,16,15,0,False,nsdp_full,16,17,,True
5,151,303,False,nsdp_full,16,17,0,False,nsdp_full,16,16,,True
7,151,303,False,nsdp_full,16,15,0,False,nsdp_full,16,14,,True
8,151,303,False,nsdp_full,16,17,0,False,nsdp_full,16,19,,True
2,152,303.02,False,nsdp_full,16,16,0,False,nsdp_full,16,15,,True
3,152,303.02,False,nsdp_full,16,15,0,False,nsdp_full,16,15,,True
4,152,303.02,False,nsdp_full,16,15,0,False,nsdp_full,16,17,,True
5,152,303.02,False,nsdp_full,16,17,0,False,nsdp_full,16,16,,True
7,152,303.02,False,nsdp_full,16,15,0,False,nsdp_full,16,14,,True
8,152,303.02,False,nsdp_full,16,17,0,False,nsdp_full,16,19,,True
2,153,303.04,False,nsdp_full,16,16,0,False,nsdp_full,16,15,,True
3,153,303.04,False,nsdp_full,16,15,0,False,nsdp_full,16,15,,True
4,153,303.04,False,nsdp_full,16,15,0,False,nsdp_full,16,17,,True
5,153,303.04,False,nsdp_full,16,17,0,False,nsdp_full,16,16,,True
7,153,303.04,False,nsdp_full,16,15,0,False,nsdp_full,16,14,,True
8,153,303.04,False,nsdp_full,16,17,0,False,nsdp_full,16,19,,True
2,154,303.06,False,nsdp_full,16,16,0,False,nsdp_full,16,15,,True
3,154,303.06,False,nsdp_full,16,15,0,False,nsdp_full,16,15,,True
4,154,303.06,False,nsdp_full,16,15,0,False,nsdp_full,16,17,,True
5,154,303.06,False,nsdp_full,16,18,0,False,nsdp_full,16,16,,True
7,154,303.06,False,nsdp_full,16,15,0,False,nsdp_full,16,14,,True
8,154,303.06,False,nsdp_full,16,17,0,False,nsdp_full,16,19,,True
2,155,303.08,False,nsdp_full,16,16,0,False,nsdp_full,16,15,,True
3,155,303.08,False,nsdp_full,16,15,0,False,nsdp_full,16,15,,True
4,155,303.08,False,nsdp_full,16,15,0,False,nsdp_full,16,17,,True
5,155,303.08,False,nsdp_full,16,18,0,False,nsdp_full,16,16,,True
7,155,303.08,False,nsdp_full,16,15,0,False,nsdp_full,16,14,,True
8,155,303.08,False,nsdp_full,16,17,0,False,nsdp_full,16,19,,True
2,156,303.1,False,nsdp_full,16,16,0,False,nsdp_full,16,15,,True
3,156,303.1,False,nsdp_full,16,15,0,False,nsdp_full,16,15,,True
4,156,303.1,False,nsdp_full,16,15,0,False,nsdp_full,16,17,,True
5,156,303.1,False,nsdp_full,16,18,0,False,nsdp_full,16,16,,True
7,156,303.1,False,nsdp_full,16,15,0,False,nsdp_full,16,14,,True
8,156,303.1,False,nsdp_full,16,17,0,False,nsdp_full,16,20,,True
2,157,303.12,False,nsdp_full,16,16,0,False,nsdp_full,16,15,,True
3,157,303.12,False,nsdp_full,16,15,0,False,nsdp_full,16,15,,True
4,157,303.12,False,nsdp_full,16,15,0,False,nsdp_full,16,17,,True
5,157,303.12,False,nsdp_full,16,18,0,False,nsdp_full,16,16,,True
7,157,303.12,False,nsdp_full,16,15,0,False,nsdp_full,16,14,,True
8,157,303.12,False,nsdp_full,16,17,0,False,nsdp_full,16,20,,True
2,158,303.14,False,nsdp_full,16,16,0,False,nsdp_full,16,15,,True
3,158,303.14,False,nsdp_full,16,15,0,False,nsdp_full,16,15,,True
4,158,303.14,False,nsdp_full,16,15,0,False,nsdp_full,16,17,,True
5,158,303.14,False,nsdp_full,16,18,0,False,nsdp_full,16,16,,True
7,158,303.14,False,nsdp_full,16,15,0,False,nsdp_full,16,14,,True
8,158,303.14,False,nsdp_full,16,17,0,False,nsdp_full,16,20,,True
2,159,303.16,False,nsdp_full,16,16,0,False,nsdp_full,16,15,,True
3,159,303.16,False,nsdp_full,16,15,0,False,nsdp_full,16,15,,True
4,159,303.16,False,nsdp_full,16,15,0,False,nsdp_full,16,17,,True
5,159,303.16,False,nsdp_full,16,18,0,False,nsdp_full,16,16,,True
7,159,303.16,False,nsdp_full,16,15,0,False,nsdp_full,16,14,,True
8,159,303.16,False,nsdp_full,16,17,0,False,nsdp_full,16,20,,True
2,160,303.18,False,nsdp_full,16,16,0,False,nsdp_full,16,15,,True
3,160,303.18,False,nsdp_full,16,15,0,True,admitted,15,13,994,False
4,160,303.18,False,nsdp_full,16,15,0,False,nsdp_full,16,17,,True
5,160,303.18,False,nsdp_full,16,18,0,False,nsdp_full,16,16,,True
7,160,303.18,False,nsdp_full,16,15,0,False,nsdp_full,16,14,,True
8,160,303.18,False,nsdp_full,16,17,0,False,nsdp_full,16,20,,True
2,161,303.2,False,nsdp_full,16,16,0,False,nsdp_full,16,15,,True
3,161,303.2,False,nsdp_full,16,15,0,False,nsdp_full,16,14,,True
4,161,303.2,False,nsdp_full,16,15,0,False,nsdp_full,16,18,,True
5,161,303.2,False,nsdp_full,16,18,0,False,nsdp_full,16,16,,True
7,161,303.2,False,nsdp_full,16,15,0,False,nsdp_full,16,14,,True
8,161,303.2,False,nsdp_full,16,17,0,False,nsdp_full,16,20,,True
2,162,303.22,False,nsdp_full,16,16,0,False,nsdp_full,16,15,,True
3,162,303.22,False,nsdp_full,16,15,0,False,nsdp_full,16,14,,True
4,162,303.22,False,nsdp_full,16,15,0,False,nsdp_full,16,18,,True
5,162,303.22,False,nsdp_full,16,18,0,False,nsdp_full,16,16,,True
7,162,303.22,False,nsdp_full,16,15,0,False,nsdp_full,16,14,,True
8,162,303.22,False,nsdp_full,16,17,0,False,nsdp_full,16,20,,True
2,163,303.24,False,nsdp_full,16,16,0,False,nsdp_full,16,15,,True
3,163,303.24,False,nsdp_full,16,15,0,False,nsdp_full,16,14,,True
4,163,303.24,False,nsdp_full,16,15,0,False,nsdp_full,16,18,,True
5,163,303.24,False,nsdp_full,16,18,0,False,nsdp_full,16,16,,True
7,163,303.24,False,nsdp_full,16,15,0,False,nsdp_full,16,14,,True
8,163,303.24,False,nsdp_full,16,17,0,False,nsdp_full,16,20,,True
2,164,303.26,False,nsdp_full,16,16,0,False,nsdp_full,16,15,,True
3,164,303.26,False,nsdp_full,16,15,0,False,nsdp_full,16,14,,True
4,164,303.26,False,nsdp_full,16,15,0,True,admitted,15,17,996,False
5,164,303.26,False,nsdp_full,16,18,0,False,nsdp_full,16,16,,True
7,164,303.26,False,nsdp_full,16,15,0,False,nsdp_full,16,14,,True
8,164,303.26,False,nsdp_full,16,17,0,False,nsdp_full,16,20,,True
2,165,303.28,False,nsdp_full,16,16,0,False,nsdp_full,16,15,,True
3,165,303.28,False,nsdp_full,16,15,0,False,nsdp_full,16,14,,True
4,165,303.28,False,nsdp_full,16,15,0,False,nsdp_full,16,18,,True
5,165,303.28,False,nsdp_full,16,18,0,False,nsdp_full,16,16,,True
7,165,303.28,False,nsdp_full,16,15,0,False,nsdp_full,16,14,,True
8,165,303.28,False,nsdp_full,16,17,0,False,nsdp_full,16,20,,True
2,166,303.3,False,nsdp_full,16,16,0,False,nsdp_full,16,15,,True
3,166,303.3,False,nsdp_full,16,15,0,False,nsdp_full,16,14,,True
4,166,303.3,False,nsdp_full,16,15,0,False,nsdp_full,16,18,,True
5,166,303.3,False,nsdp_full,16,18,0,False,nsdp_full,16,16,,True
7,166,303.3,False,nsdp_full,16,15,0,False,nsdp_full,16,14,,True
8,166,303.3,False,nsdp_full,16,17,0,False,nsdp_full,16,20,,True
2,167,303.32,False,nsdp_full,16,16,0,False,nsdp_full,16,15,,True
3,167,303.32,False,nsdp_full,16,15,0,False,nsdp_full,16,14,,True
4,167,303.32,False,nsdp_full,16,15,0,False,nsdp_full,16,18,,True
5,167,303.32,False,nsdp_full,16,18,0,False,nsdp_full,16,16,,True
7,167,303.32,False,nsdp_full,16,15,0,False,nsdp_full,16,14,,True
8,167,303.32,False,nsdp_full,16,17,0,False,nsdp_full,16,20,,True
2,168,303.34,False,nsdp_full,16,16,0,False,nsdp_full,16,15,,True
3,168,303.34,False,nsdp_full,16,15,0,False,nsdp_full,16,14,,True
4,168,303.34,False,nsdp_full,16,15,0,False,nsdp_full,16,18,,True
5,168,303.34,False,nsdp_full,16,18,0,False,nsdp_full,16,16,,True
7,168,303.34,False,nsdp_full,16,15,0,False,nsdp_full,16,14,,True
8,168,303.34,False,nsdp_full,16,17,0,False,nsdp_full,16,20,,True
2,169,303.36,False,nsdp_full,16,16,0,False,nsdp_full,16,15,,True
3,169,303.36,False,nsdp_full,16,15,0,False,nsdp_full,16,14,,True
4,169,303.36,False,nsdp_full,16,15,0,False,nsdp_full,16,18,,True
5,169,303.36,False,nsdp_full,16,18,0,False,nsdp_full,16,16,,True
7,169,303.36,False,nsdp_full,16,15,0,True,admitted,15,13,997,False
8,169,303.36,False,nsdp_full,16,17,0,False,nsdp_full,16,20,,True
2,170,303.38,False,nsdp_full,16,16,0,False,nsdp_full,16,15,,True
3,170,303.38,False,nsdp_full,16,15,0,False,nsdp_full,16,14,,True
4,170,303.38,False,nsdp_full,16,15,0,False,nsdp_full,16,18,,True
5,170,303.38,False,nsdp_full,16,18,0,False,nsdp_full,16,16,,True
7,170,303.38,False,nsdp_full,16,15,0,False,nsdp_full,16,14,,True
8,170,303.38,False,nsdp_full,16,17,0,False,nsdp_full,16,20,,True
2,171,303.4,False,nsdp_full,16,16,0,False,nsdp_full,16,15,,True
3,171,303.4,False,nsdp_full,16,15,0,False,nsdp_full,16,14,,True
4,171,303.4,False,nsdp_full,16,15,0,False,nsdp_full,16,18,,True
5,171,303.4,False,nsdp_full,16,18,0,False,nsdp_full,16,16,,True
7,171,303.4,False,nsdp_full,16,15,0,False,nsdp_full,16,14,,True
8,171,303.4,False,nsdp_full,16,17,0,False,nsdp_full,16,20,,True
2,172,303.42,False,nsdp_full,16,16,0,False,nsdp_full,16,15,,True
3,172,303.42,False,nsdp_full,16,15,0,False,nsdp_full,16,14,,True
4,172,303.42,False,nsdp_full,16,15,0,False,nsdp_full,16,18,,True
5,172,303.42,False,nsdp_full,16,18,0,False,nsdp_full,16,16,,True
7,172,303.42,False,nsdp_full,16,15,0,False,nsdp_full,16,14,,True
8,172,303.42,False,nsdp_full,16,17,0,False,nsdp_full,16,20,,True
2,173,303.44,False,nsdp_full,16,16,0,False,nsdp_full,16,15,,True
3,173,303.44,False,nsdp_full,16,15,0,False,nsdp_full,16,14,,True
4,173,303.44,False,nsdp_full,16,15,0,False,nsdp_full,16,18,,True
5,173,303.44,False,nsdp_full,16,18,0,False,nsdp_full,16,16,,True
7,173,303.44,False,nsdp_full,16,15,0,False,nsdp_full,16,14,,True
8,173,303.44,False,nsdp_full,16,17,0,False,nsdp_full,16,20,,True
2,174,303.46,False,nsdp_full,16,16,0,False,nsdp_full,16,15,,True
3,174,303.46,False,nsdp_full,16,15,0,False,nsdp_full,16,14,,True
4,174,303.46,False,nsdp_full,16,15,0,False,nsdp_full,16,18,,True
5,174,303.46,False,nsdp_full,16,18,0,False,nsdp_full,16,16,,True
7,174,303.46,False,nsdp_full,16,15,0,False,nsdp_full,16,14,,True
8,174,303.46,False,nsdp_full,16,17,0,False,nsdp_full,16,20,,True
2,175,303.48,False,nsdp_full,16,16,0,False,nsdp_full,16,15,,True
3,175,303.48,False,nsdp_full,16,15,0,False,nsdp_full,16,14,,True
4,175,303.48,False,nsdp_full,16,15,0,False,nsdp_full,16,18,,True
5,175,303.48,False,nsdp_full,16,18,0,False,nsdp_full,16,16,,True
7,175,303.48,False,nsdp_full,16,15,0,False,nsdp_full,16,14,,True
8,175,303.48,False,nsdp_full,16,17,0,False,nsdp_full,16,20,,True
2,176,303.5,False,nsdp_full,16,16,0,False,nsdp_full,16,15,,True
3,176,303.5,False,nsdp_full,16,15,0,False,nsdp_full,16,14,,True
4,176,303.5,False,nsdp_full,16,15,0,False,nsdp_full,16,18,,True
5,176,303.5,False,nsdp_full,16,18,0,False,nsdp_full,16,16,,True
7,176,303.5,False,nsdp_full,16,15,0,False,nsdp_full,16,14,,True
8,176,303.5,False,nsdp_full,16,17,0,False,nsdp_full,16,20,,True
2,177,303.52,False,nsdp_full,16,16,0,False,nsdp_full,16,15,,True
3,177,303.52,False,nsdp_full,16,15,0,False,nsdp_full,16,14,,True
4,177,303.52,False,nsdp_full,16,15,0,False,nsdp_full,16,18,,True
5,177,303.52,False,nsdp_full,16,18,0,False,nsdp_full,16,16,,True
7,177,303.52,False,nsdp_full,16,15,0,False,nsdp_full,16,14,,True
8,177,303.52,False,nsdp_full,16,17,0,False,nsdp_full,16,20,,True
2,178,303.54,False,nsdp_full,16,16,0,False,nsdp_full,16,15,,True
3,178,303.54,False,nsdp_full,16,15,0,False,nsdp_full,16,14,,True
4,178,303.54,False,nsdp_full,16,15,0,False,nsdp_full,16,18,,True
5,178,303.54,False,nsdp_full,16,18,0,False,nsdp_full,16,16,,True
7,178,303.54,False,nsdp_full,16,15,0,False,nsdp_full,16,14,,True
8,178,303.54,False,nsdp_full,16,18,0,False,nsdp_full,16,20,,True
2,179,303.56,False,nsdp_full,16,16,0,False,nsdp_full,16,15,,True
3,179,303.56,False,nsdp_full,16,15,0,False,nsdp_full,16,14,,True
4,179,303.56,False,nsdp_full,16,15,0,False,nsdp_full,16,18,,True
5,179,303.56,False,nsdp_full,16,18,0,False,nsdp_full,16,16,,True
7,179,303.56,False,nsdp_full,16,15,0,False,nsdp_full,16,14,,True
8,179,303.56,False,nsdp_full,16,18,0,False,nsdp_full,16,20,,True
2,180,303.58,False,nsdp_full,16,16,0,False,nsdp_full,16,15,,True
3,180,303.58,True,admitted,15,13,104,False,nsdp_full,16,14,,False
4,180,303.58,False,nsdp_full,16,15,0,False,nsdp_full,16,18,,True
5,180,303.58,False,nsdp_full,16,18,0,False,nsdp_full,16,16,,True
7,180,303.58,False,nsdp_full,16,15,0,False,nsdp_full,16,14,,True
8,180,303.58,False,nsdp_full,16,18,0,False,nsdp_full,16,20,,True
2,181,303.6,False,nsdp_full,16,16,0,False,nsdp_full,16,15,,True
3,181,303.6,False,nsdp_full,16,14,0,False,nsdp_full,16,14,,True
4,181,303.6,False,nsdp_full,16,15,0,False,nsdp_full,16,18,,True
5,181,303.6,False,nsdp_full,16,18,0,False,nsdp_full,16,16,,True
7,181,303.6,False,nsdp_full,16,15,0,False,nsdp_full,16,14,,True
8,181,303.6,False,nsdp_full,16,18,0,False,nsdp_full,16,20,,True
2,182,303.62,False,nsdp_full,16,16,0,False,nsdp_full,16,15,,True
3,182,303.62,False,nsdp_full,16,14,0,False,nsdp_full,16,14,,True
4,182,303.62,False,nsdp_full,16,15,0,False,nsdp_full,16,18,,True
5,182,303.62,False,nsdp_full,16,18,0,False,nsdp_full,16,16,,True
7,182,303.62,False,nsdp_full,16,15,0,False,nsdp_full,16,14,,True
8,182,303.62,False,nsdp_full,16,18,0,False,nsdp_full,16,20,,True
2,183,303.64,False,nsdp_full,16,16,0,False,nsdp_full,16,15,,True
3,183,303.64,False,nsdp_full,16,14,0,False,nsdp_full,16,14,,True
4,183,303.64,False,nsdp_full,16,15,0,False,nsdp_full,16,18,,True
5,183,303.64,False,nsdp_full,16,18,0,False,nsdp_full,16,16,,True
7,183,303.64,True,admitted,15,13,105,False,nsdp_full,16,14,,False
8,183,303.64,False,nsdp_full,16,18,0,False,nsdp_full,16,20,,True
2,184,303.66,False,nsdp_full,16,16,0,False,nsdp_full,16,15,,True
3,184,303.66,False,nsdp_full,16,14,0,False,nsdp_full,16,14,,True
4,184,303.66,False,nsdp_full,16,15,0,False,nsdp_full,16,18,,True
5,184,303.66,False,nsdp_full,16,18,0,False,nsdp_full,16,16,,True
7,184,303.66,False,nsdp_full,16,14,0,False,nsdp_full,16,14,,True
8,184,303.66,False,nsdp_full,16,18,0,False,nsdp_full,16,20,,True
2,185,303.68,False,nsdp_full,16,16,0,False,nsdp_full,16,15,,True
3,185,303.68,False,nsdp_full,16,14,0,False,nsdp_full,16,14,,True
4,185,303.68,False,nsdp_full,16,15,0,False,nsdp_full,16,18,,True
5,185,303.68,False,nsdp_full,16,18,0,False,nsdp_full,16,16,,True
7,185,303.68,False,nsdp_full,16,14,0,False,nsdp_full,16,14,,True
8,185,303.68,False,nsdp_full,16,18,0,False,nsdp_full,16,20,,True
2,186,303.7,False,nsdp_full,16,16,0,False,nsdp_full,16,15,,True
3,186,303.7,False,nsdp_full,16,14,0,False,nsdp_full,16,14,,True
4,186,303.7,False,nsdp_full,16,15,0,False,nsdp_full,16,18,,True
5,186,303.7,False,nsdp_full,16,18,0,False,nsdp_full,16,16,,True
7,186,303.7,False,nsdp_full,16,14,0,False,nsdp_full,16,14,,True
8,186,303.7,False,nsdp_full,16,18,0,False,nsdp_full,16,20,,True
2,187,303.72,False,nsdp_full,16,16,0,False,nsdp_full,16,15,,True
3,187,303.72,False,nsdp_full,16,14,0,False,nsdp_full,16,14,,True
4,187,303.72,False,nsdp_full,16,15,0,False,nsdp_full,16,18,,True
5,187,303.72,False,nsdp_full,16,18,0,False,nsdp_full,16,16,,True
7,187,303.72,False,nsdp_full,16,14,0,False,nsdp_full,16,14,,True
8,187,303.72,False,nsdp_full,16,18,0,False,nsdp_full,16,20,,True
2,188,303.74,False,nsdp_full,16,16,0,False,nsdp_full,16,15,,True
3,188,303.74,False,nsdp_full,16,14,0,False,nsdp_full,16,14,,True
4,188,303.74,False,nsdp_full,16,15,0,False,nsdp_full,16,18,,True
5,188,303.74,False,nsdp_full,16,18,0,False,nsdp_full,16,16,,True
7,188,303.74,False,nsdp_full,16,14,0,False,nsdp_full,16,14,,True
8,188,303.74,False,nsdp_full,16,18,0,False,nsdp_full,16,20,,True
2,189,303.76,False,nsdp_full,16,16,0,False,nsdp_full,16,15,,True
3,189,303.76,False,nsdp_full,16,14,0,False,nsdp_full,16,14,,True
4,189,303.76,False,nsdp_full,16,15,0,False,nsdp_full,16,18,,True
5,189,303.76,False,nsdp_full,16,18,0,False,nsdp_full,16,16,,True
7,189,303.76,False,nsdp_full,16,14,0,False,nsdp_full,16,14,,True
8,189,303.76,False,nsdp_full,16,18,0,False,nsdp_full,16,20,,True
2,190,303.78,False,nsdp_full,16,16,0,False,nsdp_full,16,15,,True
3,190,303.78,False,nsdp_full,16,14,0,False,nsdp_full,16,14,,True
4,190,303.78,False,nsdp_full,16,15,0,False,nsdp_full,16,18,,True
5,190,303.78,False,nsdp_full,16,18,0,False,nsdp_full,16,16,,True
7,190,303.78,False,nsdp_full,16,14,0,False,nsdp_full,16,14,,True
8,190,303.78,False,nsdp_full,16,18,0,False,nsdp_full,16,21,,True
2,191,303.8,False,nsdp_full,16,16,0,False,nsdp_full,16,15,,True
3,191,303.8,False,nsdp_full,16,14,0,False,nsdp_full,16,14,,True
4,191,303.8,False,nsdp_full,16,15,0,False,nsdp_full,16,18,,True
5,191,303.8,False,nsdp_full,16,18,0,False,nsdp_full,16,16,,True
7,191,303.8,False,nsdp_full,16,14,0,False,nsdp_full,16,14,,True
8,191,303.8,False,nsdp_full,16,18,0,False,nsdp_full,16,21,,True
2,192,303.82,False,nsdp_full,16,16,0,True,admitted,15,13,1000,False
3,192,303.82,False,nsdp_full,16,14,0,False,nsdp_full,16,14,,True
4,192,303.82,False,nsdp_full,16,15,0,False,nsdp_full,16,18,,True
5,192,303.82,False,nsdp_full,16,18,0,False,nsdp_full,16,16,,True
7,192,303.82,False,nsdp_full,16,14,0,False,nsdp_full,16,14,,True
8,192,303.82,False,nsdp_full,16,18,0,False,nsdp_full,16,21,,True
2,193,303.84,False,nsdp_full,16,16,0,False,nsdp_full,16,14,,True
3,193,303.84,False,nsdp_full,16,14,0,False,nsdp_full,16,14,,True
4,193,303.84,False,nsdp_full,16,15,0,False,nsdp_full,16,18,,True
5,193,303.84,False,nsdp_full,16,18,0,False,nsdp_full,16,16,,True
7,193,303.84,False,nsdp_full,16,14,0,False,nsdp_full,16,14,,True
8,193,303.84,False,nsdp_full,16,18,0,False,nsdp_full,16,21,,True
2,194,303.86,False,nsdp_full,16,16,0,False,nsdp_full,16,14,,True
3,194,303.86,False,nsdp_full,16,14,0,False,nsdp_full,16,14,,True
4,194,303.86,False,nsdp_full,16,15,0,False,nsdp_full,16,18,,True
5,194,303.86,False,nsdp_full,16,18,0,False,nsdp_full,16,16,,True
7,194,303.86,False,nsdp_full,16,14,0,False,nsdp_full,16,14,,True
8,194,303.86,False,nsdp_full,16,18,0,False,nsdp_full,16,21,,True
2,195,303.88,False,nsdp_full,16,16,0,False,nsdp_full,16,14,,True
3,195,303.88,False,nsdp_full,16,14,0,False,nsdp_full,16,14,,True
4,195,303.88,False,nsdp_full,16,15,0,False,nsdp_full,16,18,,True
5,195,303.88,False,nsdp_full,16,18,0,False,nsdp_full,16,16,,True
7,195,303.88,False,nsdp_full,16,14,0,False,nsdp_full,16,14,,True
8,195,303.88,False,nsdp_full,16,18,0,False,nsdp_full,16,21,,True
2,196,303.9,False,nsdp_full,16,16,0,False,nsdp_full,16,14,,True
3,196,303.9,False,nsdp_full,16,14,0,False,nsdp_full,16,14,,True
4,196,303.9,False,nsdp_full,16,15,0,False,nsdp_full,16,18,,True
5,196,303.9,False,nsdp_full,16,18,0,False,nsdp_full,16,16,,True
7,196,303.9,False,nsdp_full,16,14,0,False,nsdp_full,16,14,,True
8,196,303.9,False,nsdp_full,16,18,0,False,nsdp_full,16,21,,True
2,197,303.92,False,nsdp_full,16,16,0,False,nsdp_full,16,14,,True
3,197,303.92,False,nsdp_full,16,14,0,False,nsdp_full,16,14,,True
4,197,303.92,True,admitted,15,13,106,False,nsdp_full,16,18,,False
5,197,303.92,False,nsdp_full,16,18,0,False,nsdp_full,16,16,,True
7,197,303.92,False,nsdp_full,16,14,0,True,admitted,15,12,1001,False
8,197,303.92,False,nsdp_full,16,18,0,False,nsdp_full,16,21,,True
2,198,303.94,False,nsdp_full,16,16,0,False,nsdp_full,16,14,,True
3,198,303.94,False,nsdp_full,16,14,0,False,nsdp_full,16,14,,True
4,198,303.94,False,nsdp_full,16,14,0,False,nsdp_full,16,18,,True
5,198,303.94,False,nsdp_full,16,18,0,False,nsdp_full,16,16,,True
7,198,303.94,False,nsdp_full,16,14,0,False,nsdp_full,16,13,,True
8,198,303.94,False,nsdp_full,16,18,0,False,nsdp_full,16,21,,True
2,199,303.96,False,nsdp_full,16,16,0,False,nsdp_full,16,14,,True
3,199,303.96,False,nsdp_full,16,14,0,False,nsdp_full,16,14,,True
4,199,303.96,False,nsdp_full,16,14,0,False,nsdp_full,16,18,,True
5,199,303.96,False,nsdp_full,16,18,0,False,nsdp_full,16,16,,True
7,199,303.96,False,nsdp_full,16,14,0,False,nsdp_full,16,13,,True
8,199,303.96,False,nsdp_full,16,18,0,False,nsdp_full,16,21,,True
2,200,303.98,False,nsdp_full,16,16,0,False,nsdp_full,16,14,,True
3,200,303.98,False,nsdp_full,16,14,0,False,nsdp_full,16,14,,True
4,200,303.98,False,nsdp_full,16,14,0,False,nsdp_full,16,18,,True
5,200,303.98,False,nsdp_full,16,18,0,False,nsdp_full,16,16,,True
7,200,303.98,False,nsdp_full,16,14,0,False,nsdp_full,16,13,,True
8,200,303.98,False,nsdp_full,16,18,0,False,nsdp_full,16,21,,True
2,201,304,False,nsdp_full,16,16,0,False,nsdp_full,16,14,,True
3,201,304,False,nsdp_full,16,14,0,False,nsdp_full,16,14,,True
4,201,304,False,nsdp_full,16,14,0,False,nsdp_full,16,18,,True
5,201,304,False,nsdp_full,16,18,0,False,nsdp_full,16,16,,True
7,201,304,False,nsdp_full,16,14,0,False,nsdp_full,16,13,,True
8,201,304,False,nsdp_full,16,18,0,False,nsdp_full,16,21,,True
2,202,304.02,False,nsdp_full,16,16,0,False,nsdp_full,16,14,,True
3,202,304.02,False,nsdp_full,16,14,0,False,nsdp_full,16,14,,True
4,202,304.02,False,nsdp_full,16,14,0,False,nsdp_full,16,18,,True
5,202,304.02,False,nsdp_full,16,18,0,False,nsdp_full,16,16,,True
7,202,304.02,False,nsdp_full,16,14,0,False,nsdp_full,16,13,,True
8,202,304.02,False,nsdp_full,16,18,0,False,nsdp_full,16,21,,True
2,203,304.04,False,nsdp_full,16,16,0,False,nsdp_full,16,14,,True
3,203,304.04,False,nsdp_full,16,14,0,False,nsdp_full,16,14,,True
4,203,304.04,False,nsdp_full,16,14,0,False,nsdp_full,16,18,,True
5,203,304.04,False,nsdp_full,16,18,0,False,nsdp_full,16,16,,True
7,203,304.04,False,nsdp_full,16,14,0,False,nsdp_full,16,13,,True
8,203,304.04,False,nsdp_full,16,18,0,False,nsdp_full,16,21,,True
2,204,304.06,False,nsdp_full,16,16,0,False,nsdp_full,16,14,,True
3,204,304.06,True,admitted,15,13,107,False,nsdp_full,16,14,,False
4,204,304.06,False,nsdp_full,16,14,0,False,nsdp_full,16,18,,True
5,204,304.06,False,nsdp_full,16,18,0,False,nsdp_full,16,16,,True
7,204,304.06,False,nsdp_full,16,14,0,False,nsdp_full,16,13,,True
8,204,304.06,False,nsdp_full,16,18,0,False,nsdp_full,16,21,,True
2,205,304.08,False,nsdp_full,16,16,0,False,nsdp_full,16,14,,True
3,205,304.08,False,nsdp_full,16,14,0,False,nsdp_full,16,14,,True
4,205,304.08,False,nsdp_full,16,14,0,False,nsdp_full,16,18,,True
5,205,304.08,False,nsdp_full,16,18,0,False,nsdp_full,16,16,,True
7,205,304.08,False,nsdp_full,16,14,0,False,nsdp_full,16,13,,True
8,205,304.08,False,nsdp_full,16,18,0,False,nsdp_full,16,21,,True
2,206,304.1,False,nsdp_full,16,16,0,False,nsdp_full,16,14,,True
3,206,304.1,False,nsdp_full,16,14,0,False,nsdp_full,16,14,,True
4,206,304.1,False,nsdp_full,16,14,0,False,nsdp_full,16,18,,True
5,206,304.1,False,nsdp_full,16,18,0,False,nsdp_full,16,16,,True
7,206,304.1,False,nsdp_full,16,14,0,False,nsdp_full,16,13,,True
8,206,304.1,False,nsdp_full,16,18,0,False,nsdp_full,16,21,,True
2,207,304.12,False,nsdp_full,16,16,0,False,nsdp_full,16,14,,True
3,207,304.12,False,nsdp_full,16,14,0,False,nsdp_full,16,14,,True
4,207,304.12,False,nsdp_full,16,14,0,False,nsdp_full,16,18,,True
5,207,304.12,False,nsdp_full,16,18,0,False,nsdp_full,16,16,,True
7,207,304.12,False,nsdp_full,16,14,0,False,nsdp_full,16,13,,True
8,207,304.12,False,nsdp_full,16,19,0,False,nsdp_full,16,21,,True
2,208,304.14,False,nsdp_full,16,16,0,False,nsdp_full,16,14,,True
3,208,304.14,False,nsdp_full,16,14,0,False,nsdp_full,16,14,,True
4,208,304.14,False,nsdp_full,16,14,0,False,nsdp_full,16,18,,True
5,208,304.14,False,nsdp_full,16,18,0,False,nsdp_full,16,16,,True
7,208,304.14,False,nsdp_full,16,14,0,False,nsdp_full,16,13,,True
8,208,304.14,False,nsdp_full,16,19,0,False,nsdp_full,16,21,,True
2,209,304.16,False,nsdp_full,16,16,0,False,nsdp_full,16,14,,True
3,209,304.16,False,nsdp_full,16,14,0,False,nsdp_full,16,14,,True
4,209,304.16,False,nsdp_full,16,14,0,False,nsdp_full,16,18,,True
5,209,304.16,False,nsdp_full,16,18,0,False,nsdp_full,16,16,,True
7,209,304.16,False,nsdp_full,16,14,0,False,nsdp_full,16,13,,True
8,209,304.16,False,nsdp_full,16,19,0,False,nsdp_full,16,21,,True
2,210,304.18,False,nsdp_full,16,16,0,False,nsdp_full,16,14,,True
3,210,304.18,False,nsdp_full,16,14,0,False,nsdp_full,16,14,,True
4,210,304.18,False,nsdp_full,16,14,0,False,nsdp_full,16,18,,True
5,210,304.18,False,nsdp_full,16,18,0,False,nsdp_full,16,16,,True
7,210,304.18,False,nsdp_full,16,14,0,False,nsdp_full,16,13,,True
8,210,304.18,False,nsdp_full,16,19,0,False,nsdp_full,16,21,,True
2,211,304.2,False,nsdp_full,16,16,0,False,nsdp_full,16,14,,True
3,211,304.2,False,nsdp_full,16,14,0,False,nsdp_full,16,14,,True
4,211,304.2,False,nsdp_full,16,15,0,False,nsdp_full,16,18,,True
5,211,304.2,False,nsdp_full,16,18,0,False,nsdp_full,16,16,,True
7,211,304.2,False,nsdp_full,16,14,0,False,nsdp_full,16,13,,True
8,211,304.2,False,nsdp_full,16,19,0,False,nsdp_full,16,22,,True
2,212,304.22,False,nsdp_full,16,16,0,False,nsdp_full,16,14,,True
3,212,304.22,False,nsdp_full,16,14,0,False,nsdp_full,16,14,,True
4,212,304.22,False,nsdp_full,16,15,0,False,nsdp_full,16,18,,True
5,212,304.22,False,nsdp_full,16,18,0,False,nsdp_full,16,16,,True
7,212,304.22,False,nsdp_full,16,14,0,False,nsdp_full,16,13,,True
8,212,304.22,False,nsdp_full,16,19,0,False,nsdp_full,16,22,,True
2,213,304.24,False,nsdp_full,16,16,0,False,nsdp_full,16,14,,True
3,213,304.24,False,nsdp_full,16,14,0,False,nsdp_full,16,14,,True
4,213,304.24,False,nsdp_full,16,15,0,False,nsdp_full,16,18,,True
5,213,304.24,False,nsdp_full,16,18,0,False,nsdp_full,16,16,,True
7,213,304.24,True,admitted,15,13,108,False,nsdp_full,16,13,,False
8,213,304.24,False,nsdp_full,16,19,0,False,nsdp_full,16,22,,True
2,214,304.26,False,nsdp_full,16,16,0,False,nsdp_full,16,14,,True
3,214,304.26,False,nsdp_full,16,14,0,False,nsdp_full,16,14,,True
4,214,304.26,False,nsdp_full,16,15,0,False,nsdp_full,16,18,,True
5,214,304.26,False,nsdp_full,16,18,0,False,nsdp_full,16,16,,True
7,214,304.26,False,nsdp_full,16,14,0,False,nsdp_full,16,13,,True
8,214,304.26,False,nsdp_full,16,19,0,False,nsdp_full,16,22,,True
2,215,304.28,False,nsdp_full,16,16,0,False,nsdp_full,16,14,,True
3,215,304.28,False,nsdp_full,16,14,0,False,nsdp_full,16,14,,True
4,215,304.28,False,nsdp_full,16,15,0,False,nsdp_full,16,18,,True
5,215,304.28,False,nsdp_full,16,18,0,False,nsdp_full,16,16,,True
7,215,304.28,False,nsdp_full,16,14,0,False,nsdp_full,16,13,,True
8,215,304.28,False,nsdp_full,16,19,0,False,nsdp_full,16,22,,True
2,216,304.3,False,nsdp_full,16,16,0,False,nsdp_full,16,14,,True
3,216,304.3,False,nsdp_full,16,14,0,True,admitted,14,12,1004,False
4,216,304.3,False,nsdp_full,16,15,0,False,nsdp_full,16,18,,True
5,216,304.3,False,nsdp_full,16,18,0,False,nsdp_full,16,16,,True
7,216,304.3,False,nsdp_full,16,14,0,False,nsdp_full,16,13,,True
8,216,304.3,False,nsdp_full,16,19,0,False,nsdp_full,16,22,,True
2,217,304.32,False,nsdp_full,16,16,0,False,nsdp_full,16,14,,True
3,217,304.32,False,nsdp_full,16,14,0,True,admitted,15,13,1005,False
4,217,304.32,False,nsdp_full,16,15,0,False,nsdp_full,16,18,,True
5,217,304.32,False,nsdp_full,16,18,0,False,nsdp_full,16,16,,True
7,217,304.32,False,nsdp_full,16,14,0,False,nsdp_full,16,13,,True
8,217,304.32,False,nsdp_full,16,19,0,False,nsdp_full,16,22,,True
2,218,304.34,False,nsdp_full,16,16,0,False,nsdp_full,16,14,,True
3,218,304.34,False,nsdp_full,16,14,0,False,nsdp_full,16,14,,True
4,218,304.34,False,nsdp_full,16,15,0,False,nsdp_full,16,18,,True
5,218,304.34,False,nsdp_full,16,18,0,False,nsdp_full,16,16,,True
7,218,304.34,False,nsdp_full,16,14,0,False,nsdp_full,16,13,,True
8,218,304.34,False,nsdp_full,16,19,0,False,nsdp_full,16,22,,True
2,219,304.36,False,nsdp_full,16,16,0,False,nsdp_full,16,14,,True
3,219,304.36,False,nsdp_full,16,14,0,False,nsdp_full,16,14,,True
4,219,304.36,False,nsdp_full,16,15,0,False,nsdp_full,16,18,,True
5,219,304.36,False,nsdp_full,16,18,0,False,nsdp_full,16,16,,True
7,219,304.36,False,nsdp_full,16,14,0,False,nsdp_full,16,13,,True
8,219,304.36,False,nsdp_full,16,19,0,False,nsdp_full,16,22,,True
2,220,304.38,False,nsdp_full,16,16,0,False,nsdp_full,16,14,,True
3,220,304.38,False,nsdp_full,16,14,0,False,nsdp_full,16,14,,True
4,220,304.38,False,nsdp_full,16,15,0,False,nsdp_full,16,18,,True
5,220,304.38,False,nsdp_full,16,18,0,False,nsdp_full,16,16,,True
7,220,304.38,False,nsdp_full,16,14,0,False,nsdp_full,16,13,,True
8,220,304.38,False,nsdp_full,16,19,0,False,nsdp_full,16,22,,True
2,221,304.4,False,nsdp_full,16,16,0,False,nsdp_full,16,14,,True
3,221,304.4,False,nsdp_full,16,14,0,False,nsdp_full,16,14,,True
4,221,304.4,False,nsdp_full,16,15,0,False,nsdp_full,16,18,,True
5,221,304.4,False,nsdp_full,16,18,0,False,nsdp_full,16,16,,True
7,221,304.4,False,nsdp_full,16,14,0,False,nsdp_full,16,13,,True
8,221,304.4,False,nsdp_full,16,19,0,False,nsdp_full,16,22,,True
2,222,304.42,False,nsdp_full,16,16,0,False,nsdp_full,16,14,,True
3,222,304.42,False,nsdp_full,16,14,0,False,nsdp_full,16,14,,True
4,222,304.42,False,nsdp_full,16,15,0,False,nsdp_full,16,18,,True
5,222,304.42,False,nsdp_full,16,18,0,False,nsdp_full,16,16,,True
7,222,304.42,False,nsdp_full,16,14,0,False,nsdp_full,16,13,,True
8,222,304.42,False,nsdp_full,16,19,0,False,nsdp_full,16,22,,True
2,223,304.44,False,nsdp_full,16,16,0,False,nsdp_full,16,14,,True
3,223,304.44,False,nsdp_full,16,14,0,False,nsdp_full,16,14,,True
4,223,304.44,False,nsdp_full,16,15,0,False,nsdp_full,16,18,,True
5,223,304.44,False,nsdp_full,16,18,0,False,nsdp_full,16,16,,True
7,223,304.44,False,nsdp_full,16,14,0,False,nsdp_full,16,13,,True
8,223,304.44,False,nsdp_full,16,19,0,False,nsdp_full,16,22,,True
2,224,304.46,False,nsdp_full,16,16,0,False,nsdp_full,16,14,,True
3,224,304.46,False,nsdp_full,16,14,0,False,nsdp_full,16,14,,True
4,224,304.46,False,nsdp_full,16,15,0,False,nsdp_full,16,18,,True
5,224,304.46,False,nsdp_full,16,18,0,False,nsdp_full,16,16,,True
7,224,304.46,False,nsdp_full,16,14,0,False,nsdp_full,16,13,,True
8,224,304.46,False,nsdp_full,16,19,0,False,nsdp_full,16,22,,True
2,225,304.48,False,nsdp_full,16,16,0,False,nsdp_full,16,14,,True
3,225,304.48,False,nsdp_full,16,14,0,False,nsdp_full,16,14,,True
4,225,304.48,False,nsdp_full,16,15,0,False,nsdp_full,16,18,,True
5,225,304.48,False,nsdp_full,16,18,0,False,nsdp_full,16,16,,True
7,225,304.48,False,nsdp_full,16,14,0,False,nsdp_full,16,13,,True
8,225,304.48,False,nsdp_full,16,19,0,False,nsdp_full,16,22,,True
2,226,304.5,False,nsdp_full,16,16,0,False,nsdp_full,16,14,,True
3,226,304.5,False,nsdp_full,16,14,0,False,nsdp_full,16,14,,True
4,226,304.5,False,nsdp_full,16,15,0,False,nsdp_full,16,18,,True
5,226,304.5,False,nsdp_full,16,18,0,False,nsdp_full,16,16,,True
7,226,304.5,False,nsdp_full,16,14,0,False,nsdp_full,16,13,,True
8,226,304.5,False,nsdp_full,16,19,0,False,nsdp_full,16,22,,True
2,227,304.52,False,nsdp_full,16,16,0,False,nsdp_full,16,14,,True
3,227,304.52,False,nsdp_full,16,14,0,False,nsdp_full,16,14,,True
4,227,304.52,False,nsdp_full,16,15,0,False,nsdp_full,16,18,,True
5,227,304.52,False,nsdp_full,16,18,0,False,nsdp_full,16,16,,True
7,227,304.52,False,nsdp_full,16,14,0,False,nsdp_full,16,13,,True
8,227,304.52,False,nsdp_full,16,19,0,False,nsdp_full,16,22,,True
2,228,304.54,False,nsdp_full,16,16,0,False,nsdp_full,16,14,,True
3,228,304.54,False,nsdp_full,16,14,0,False,nsdp_full,16,14,,True
4,228,304.54,False,nsdp_full,16,15,0,False,nsdp_full,16,18,,True
5,228,304.54,False,nsdp_full,16,18,0,False,nsdp_full,16,16,,True
7,228,304.54,False,nsdp_full,16,14,0,False,nsdp_full,16,13,,True
8,228,304.54,False,nsdp_full,16,19,0,False,nsdp_full,16,22,,True
2,229,304.56,False,nsdp_full,16,16,0,False,nsdp_full,16,14,,True
3,229,304.56,False,nsdp_full,16,14,0,False,nsdp_full,16,14,,True
4,229,304.56,False,nsdp_full,16,15,0,False,nsdp_full,16,18,,True
5,229,304.56,False,nsdp_full,16,18,0,False,nsdp_full,16,16,,True
7,229,304.56,False,nsdp_full,16,14,0,False,nsdp_full,16,13,,True
8,229,304.56,False,nsdp_full,16,19,0,False,nsdp_full,16,22,,True
2,230,304.58,False,nsdp_full,16,16,0,False,nsdp_full,16,14,,True
3,230,304.58,False,nsdp_full,16,14,0,False,nsdp_full,16,14,,True
4,230,304.58,False,nsdp_full,16,15,0,False,nsdp_full,16,18,,True
5,230,304.58,False,nsdp_full,16,18,0,False,nsdp_full,16,16,,True
7,230,304.58,False,nsdp_full,16,14,0,False,nsdp_full,16,13,,True
8,230,304.58,False,nsdp_full,16,20,0,False,nsdp_full,16,23,,True
2,231,304.6,False,nsdp_full,16,16,0,False,nsdp_full,16,14,,True
3,231,304.6,False,nsdp_full,16,14,0,False,nsdp_full,16,14,,True
4,231,304.6,False,nsdp_full,16,15,0,False,nsdp_full,16,18,,True
5,231,304.6,False,nsdp_full,16,18,0,False,nsdp_full,16,16,,True
7,231,304.6,False,nsdp_full,16,14,0,False,nsdp_full,16,13,,True
8,231,304.6,False,nsdp_full,16,20,0,False,nsdp_full,16,23,,True
2,232,304.62,False,nsdp_full,16,16,0,False,nsdp_full,16,14,,True
3,232,304.62,False,nsdp_full,16,14,0,False,nsdp_full,16,14,,True
4,232,304.62,False,nsdp_full,16,15,0,False,nsdp_full,16,18,,True
5,232,304.62,False,nsdp_full,16,18,0,False,nsdp_full,16,16,,True
7,232,304.62,False,nsdp_full,16,14,0,False,nsdp_full,16,13,,True
8,232,304.62,False,nsdp_full,16,20,0,False,nsdp_full,16,23,,True
2,233,304.64,False,nsdp_full,16,16,0,False,nsdp_full,16,14,,True
3,233,304.64,False,nsdp_full,16,14,0,False,nsdp_full,16,14,,True
4,233,304.64,False,nsdp_full,16,15,0,False,nsdp_full,16,18,,True
5,233,304.64,False,nsdp_full,16,18,0,False,nsdp_full,16,16,,True
7,233,304.64,False,nsdp_full,16,14,0,False,nsdp_full,16,13,,True
8,233,304.64,False,nsdp_full,16,20,0,False,nsdp_full,16,23,,True
2,234,304.66,False,nsdp_full,16,16,0,False,nsdp_full,16,14,,True
3,234,304.66,False,nsdp_full,16,14,0,False,nsdp_full,16,14,,True
4,234,304.66,False,nsdp_full,16,15,0,False,nsdp_full,16,18,,True
5,234,304.66,False,nsdp_full,16,18,0,False,nsdp_full,16,16,,True
7,234,304.66,False,nsdp_full,16,14,0,True,admitted,14,11,1008,False
8,234,304.66,False,nsdp_full,16,20,0,False,nsdp_full,16,23,,True
2,235,304.68,False,nsdp_full,16,16,0,False,nsdp_full,16,14,,True
3,235,304.68,False,nsdp_full,16,14,0,False,nsdp_full,16,14,,True
4,235,304.68,False,nsdp_full,16,15,0,False,nsdp_full,16,18,,True
5,235,304.68,False,nsdp_full,16,18,0,False,nsdp_full,16,16,,True
7,235,304.68,False,nsdp_full,16,14,0,True,admitted,15,12,1009,False
8,235,304.68,False,nsdp_full,16,20,0,False,nsdp_full,16,23,,True
2,236,304.7,False,nsdp_full,16,16,0,False,nsdp_full,16,14,,True
3,236,304.7,False,nsdp_full,16,14,0,False,nsdp_full,16,14,,True
4,236,304.7,False,nsdp_full,16,15,0,False,nsdp_full,16,18,,True
5,236,304.7,False,nsdp_full,16,18,0,False,nsdp_full,16,16,,True
7,236,304.7,False,nsdp_full,16,14,0,False,nsdp_full,16,13,,True
8,236,304.7,False,nsdp_full,16,20,0,False,nsdp_full,16,23,,True
2,237,304.72,False,nsdp_full,16,16,0,False,nsdp_full,16,14,,True
3,237,304.72,False,nsdp_full,16,14,0,False,nsdp_full,16,14,,True
4,237,304.72,False,nsdp_full,16,15,0,False,nsdp_full,16,18,,True
5,237,304.72,False,nsdp_full,16,18,0,False,nsdp_full,16,16,,True
7,237,304.72,False,nsdp_full,16,14,0,False,nsdp_full,16,13,,True
8,237,304.72,False,nsdp_full,16,20,0,False,nsdp_full,16,23,,True
2,238,304.74,False,nsdp_full,16,16,0,False,nsdp_full,16,14,,True
3,238,304.74,False,nsdp_full,16,14,0,False,nsdp_full,16,14,,True
4,238,304.74,False,nsdp_full,16,15,0,False,nsdp_full,16,18,,True
5,238,304.74,False,nsdp_full,16,18,0,False,nsdp_full,16,16,,True
7,238,304.74,False,nsdp_full,16,14,0,False,nsdp_full,16,13,,True
8,238,304.74,False,nsdp_full,16,20,0,False,nsdp_full,16,23,,True
2,239,304.76,False,nsdp_full,16,16,0,False,nsdp_full,16,14,,True
3,239,304.76,False,nsdp_full,16,14,0,False,nsdp_full,16,14,,True
4,239,304.76,False,nsdp_full,16,15,0,False,nsdp_full,16,18,,True
5,239,304.76,False,nsdp_full,16,18,0,False,nsdp_full,16,16,,True
7,239,304.76,True,admitted,15,13,109,False,nsdp_full,16,13,,False
8,239,304.76,False,nsdp_full,16,20,0,False,nsdp_full,16,23,,True
2,240,304.78,False,nsdp_full,16,16,0,False,nsdp_full,16,14,,True
3,240,304.78,False,nsdp_full,16,14,0,False,nsdp_full,16,14,,True
4,240,304.78,False,nsdp_full,16,15,0,False,nsdp_full,16,18,,True
5,240,304.78,False,nsdp_full,16,18,0,False,nsdp_full,16,16,,True
7,240,304.78,False,nsdp_full,16,14,0,False,nsdp_full,16,13,,True
8,240,304.78,False,nsdp_full,16,20,0,False,nsdp_full,16,23,,True
2,241,304.8,False,nsdp_full,16,16,0,False,nsdp_full,16,14,,True
3,241,304.8,True,admitted,15,13,110,False,nsdp_full,16,14,,False
4,241,304.8,False,nsdp_full,16,15,0,False,nsdp_full,16,18,,True
5,241,304.8,False,nsdp_full,16,18,0,False,nsdp_full,16,16,,True
7,241,304.8,False,nsdp_full,16,14,0,False,nsdp_full,16,13,,True
8,241,304.8,False,nsdp_full,16,20,0,False,nsdp_full,16,23,,True
2,242,304.82,False,nsdp_full,16,16,0,False,nsdp_full,16,14,,True
3,242,304.82,False,nsdp_full,16,14,0,False,nsdp_full,16,14,,True
4,242,304.82,False,nsdp_full,16,15,0,False,nsdp_full,16,18,,True
5,242,304.82,False,nsdp_full,16,18,0,False,nsdp_full,16,16,,True
7,242,304.82,False,nsdp_full,16,14,0,False,nsdp_full,16,13,,True
8,242,304.82,False,nsdp_full,16,20,0,False,nsdp_full,16,23,,True
2,243,304.84,False,nsdp_full,16,16,0,False,nsdp_full,16,14,,True
3,243,304.84,False,nsdp_full,16,14,0,False,nsdp_full,16,14,,True
4,243,304.84,False,nsdp_full,16,15,0,False,nsdp_full,16,18,,True
5,243,304.84,False,nsdp_full,16,18,0,False,nsdp_full,16,16,,True
7,243,304.84,False,nsdp_full,16,14,0,False,nsdp_full,16,13,,True
8,243,304.84,False,nsdp_full,16,20,0,False,nsdp_full,16,23,,True
2,244,304.86,False,nsdp_full,16,16,0,False,nsdp_full,16,14,,True
3,244,304.86,False,nsdp_full,16,14,0,False,nsdp_full,16,14,,True
4,244,304.86,False,nsdp_full,16,15,0,False,nsdp_full,16,18,,True
5,244,304.86,False,nsdp_full,16,18,0,False,nsdp_full,16,16,,True
7,244,304.86,False,nsdp_full,16,14,0,False,nsdp_full,16,13,,True
8,244,304.86,False,nsdp_full,16,20,0,False,nsdp_full,16,23,,True
2,245,304.88,False,nsdp_full,16,16,0,False,nsdp_full,16,14,,True
3,245,304.88,False,nsdp_full,16,14,0,False,nsdp_full,16,14,,True
4,245,304.88,False,nsdp_full,16,15,0,False,nsdp_full,16,18,,True
5,245,304.88,False,nsdp_full,16,18,0,False,nsdp_full,16,16,,True
7,245,304.88,False,nsdp_full,16,14,0,False,nsdp_full,16,13,,True
8,245,304.88,False,nsdp_full,16,20,0,False,nsdp_full,16,23,,True
2,246,304.9,False,nsdp_full,16,16,0,False,nsdp_full,16,14,,True
3,246,304.9,False,nsdp_full,16,14,0,False,nsdp_full,16,14,,True
4,246,304.9,False,nsdp_full,16,15,0,False,nsdp_full,16,18,,True
5,246,304.9,False,nsdp_full,16,18,0,False,nsdp_full,16,16,,True
7,246,304.9,False,nsdp_full,16,14,0,False,nsdp_full,16,13,,True
8,246,304.9,False,nsdp_full,16,20,0,False,nsdp_full,16,23,,True
2,247,304.92,False,nsdp_full,16,16,0,False,nsdp_full,16,14,,True
3,247,304.92,False,nsdp_full,16,14,0,False,nsdp_full,16,14,,True
4,247,304.92,False,nsdp_full,16,15,0,False,nsdp_full,16,18,,True
5,247,304.92,False,nsdp_full,16,18,0,False,nsdp_full,16,16,,True
7,247,304.92,False,nsdp_full,16,14,0,False,nsdp_full,16,13,,True
8,247,304.92,False,nsdp_full,16,20,0,False,nsdp_full,16,23,,True
2,248,304.94,False,nsdp_full,16,16,0,False,nsdp_full,16,14,,True
3,248,304.94,False,nsdp_full,16,14,0,False,nsdp_full,16,14,,True
4,248,304.94,False,nsdp_full,16,15,0,False,nsdp_full,16,18,,True
5,248,304.94,False,nsdp_full,16,18,0,False,nsdp_full,16,16,,True
7,248,304.94,False,nsdp_full,16,14,0,False,nsdp_full,16,13,,True
8,248,304.94,False,nsdp_full,16,20,0,False,nsdp_full,16,24,,True
2,249,304.96,False,nsdp_full,16,16,0,False,nsdp_full,16,14,,True
3,249,304.96,False,nsdp_full,16,14,0,False,nsdp_full,16,14,,True
4,249,304.96,False,nsdp_full,16,15,0,False,nsdp_full,16,18,,True
5,249,304.96,False,nsdp_full,16,18,0,False,nsdp_full,16,16,,True
7,249,304.96,False,nsdp_full,16,14,0,False,nsdp_full,16,13,,True
8,249,304.96,False,nsdp_full,16,20,0,False,nsdp_full,16,24,,True
2,250,304.98,False,nsdp_full,16,16,0,False,nsdp_full,16,14,,True
3,250,304.98,False,nsdp_full,16,14,0,True,admitted,15,12,1012,False
4,250,304.98,False,nsdp_full,16,15,0,False,nsdp_full,16,18,,True
5,250,304.98,False,nsdp_full,16,18,0,True,admitted,15,15,1013,False
7,250,304.98,False,nsdp_full,16,14,0,False,nsdp_full,16,13,,True
8,250,304.98,False,nsdp_full,16,20,0,False,nsdp_full,16,24,,True
2,251,305,True,admitted,15,15,111,False,nsdp_full,16,14,,False
3,251,305,False,nsdp_full,16,14,0,False,nsdp_full,16,13,,True
4,251,305,False,nsdp_full,16,15,0,False,nsdp_full,16,19,,True
5,251,305,False,nsdp_full,16,18,0,False,nsdp_full,16,16,,True
7,251,305,False,nsdp_full,16,14,0,False,nsdp_full,16,13,,True
8,251,305,False,nsdp_full,16,20,0,False,nsdp_full,16,24,,True
2,252,305.02,False,nsdp_full,16,16,0,False,nsdp_full,16,14,,True
3,252,305.02,False,nsdp_full,16,14,0,False,nsdp_full,16,13,,True
4,252,305.02,False,nsdp_full,16,15,0,False,nsdp_full,16,19,,True
5,252,305.02,False,nsdp_full,16,18,0,False,nsdp_full,16,16,,True
7,252,305.02,False,nsdp_full,16,14,0,False,nsdp_full,16,13,,True
8,252,305.02,False,nsdp_full,16,20,0,False,nsdp_full,16,24,,True
2,253,305.04,False,nsdp_full,16,16,0,False,nsdp_full,16,14,,True
3,253,305.04,False,nsdp_full,16,14,0,False,nsdp_full,16,13,,True
4,253,305.04,False,nsdp_full,16,15,0,False,nsdp_full,16,19,,True
5,253,305.04,False,nsdp_full,16,18,0,False,nsdp_full,16,16,,True
7,253,305.04,False,nsdp_full,16,14,0,False,nsdp_full,16,13,,True
8,253,305.04,False,nsdp_full,16,20,0,False,nsdp_full,16,24,,True
2,254,305.06,False,nsdp_full,16,16,0,False,nsdp_full,16,14,,True
3,254,305.06,False,nsdp_full,16,14,0,False,nsdp_full,16,13,,True
4,254,305.06,False,nsdp_full,16,15,0,False,nsdp_full,16,19,,True
5,254,305.06,False,nsdp_full,16,18,0,False,nsdp_full,16,16,,True
7,254,305.06,False,nsdp_full,16,14,0,False,nsdp_full,16,13,,True
8,254,305.06,False,nsdp_full,16,20,0,False,nsdp_full,16,24,,True
2,255,305.08,False,nsdp_full,16,16,0,False,nsdp_full,16,14,,True
3,255,305.08,False,nsdp_full,16,14,0,False,nsdp_full,16,13,,True
4,255,305.08,False,nsdp_full,16,15,0,False,nsdp_full,16,19,,True
5,255,305.08,False,nsdp_full,16,18,0,False,nsdp_full,16,16,,True
7,255,305.08,False,nsdp_full,16,14,0,False,nsdp_full,16,13,,True
8,255,305.08,False,nsdp_full,16,20,0,False,nsdp_full,16,24,,True
2,256,305.1,False,nsdp_full,16,16,0,True,admitted,15,13,1015,False
3,256,305.1,False,nsdp_full,16,14,0,False,nsdp_full,16,13,,True
4,256,305.1,False,nsdp_full,16,15,0,False,nsdp_full,16,19,,True
5,256,305.1,False,nsdp_full,16,18,0,False,nsdp_full,16,16,,True
7,256,305.1,False,nsdp_full,16,14,0,False,nsdp_full,16,13,,True
8,256,305.1,False,nsdp_full,16,20,0,False,nsdp_full,16,24,,True
2,257,305.12,False,nsdp_full,16,16,0,False,nsdp_full,16,14,,True
3,257,305.12,False,nsdp_full,16,14,0,False,nsdp_full,16,13,,True
4,257,305.12,False,nsdp_full,16,15,0,False,nsdp_full,16,19,,True
5,257,305.12,False,nsdp_full,16,18,0,False,nsdp_full,16,16,,True
7,257,305.12,False,nsdp_full,16,14,0,False,nsdp_full,16,13,,True
8,257,305.12,False,nsdp_full,16,20,0,False,nsdp_full,16,24,,True
2,258,305.14,False,nsdp_full,16,16,0,False,nsdp_full,16,14,,True
3,258,305.14,False,nsdp_full,16,14,0,False,nsdp_full,16,13,,True
4,258,305.14,False,nsdp_full,16,15,0,False,nsdp_full,16,19,,True
5,258,305.14,False,nsdp_full,16,18,0,False,nsdp_full,16,16,,True
7,258,305.14,False,nsdp_full,16,14,0,False,nsdp_full,16,13,,True
8,258,305.14,False,nsdp_full,16,20,0,False,nsdp_full,16,24,,True
2,259,305.16,False,nsdp_full,16,16,0,False,nsdp_full,16,14,,True
3,259,305.16,False,nsdp_full,16,14,0,False,nsdp_full,16,13,,True
4,259,305.16,False,nsdp_full,16,15,0,False,nsdp_full,16,19,,True
5,259,305.16,False,nsdp_full,16,18,0,False,nsdp_full,16,16,,True
7,259,305.16,False,nsdp_full,16,14,0,False,nsdp_full,16,13,,True
8,259,305.16,False,nsdp_full,16,20,0,False,nsdp_full,16,24,,True
2,260,305.18,False,nsdp_full,16,16,0,False,nsdp_full,16,14,,True
3,260,305.18,False,nsdp_full,16,14,0,False,nsdp_full,16,13,,True
4,260,305.18,False,nsdp_full,16,15,0,False,nsdp_full,16,19,,True
5,260,305.18,False,nsdp_full,16,18,0,False,nsdp_full,16,16,,True
7,260,305.18,False,nsdp_full,16,14,0,False,nsdp_full,16,13,,True
8,260,305.18,False,nsdp_full,16,20,0,False,nsdp_full,16,24,,True
2,261,305.2,False,nsdp_full,16,16,0,False,nsdp_full,16,14,,True
3,261,305.2,False,nsdp_full,16,14,0,False,nsdp_full,16,13,,True
4,261,305.2,False,nsdp_full,16,15,0,False,nsdp_full,16,19,,True
5,261,305.2,False,nsdp_full,16,18,0,False,nsdp_full,16,16,,True
7,261,305.2,False,nsdp_full,16,14,0,False,nsdp_full,16,13,,True
8,261,305.2,False,nsdp_full,16,21,0,False,nsdp_full,16,24,,True
2,262,305.22,False,nsdp_full,16,16,0,False,nsdp_full,16,14,,True
3,262,305.22,False,nsdp_full,16,14,0,False,nsdp_full,16,13,,True
4,262,305.22,False,nsdp_full,16,15,0,False,nsdp_full,16,19,,True
5,262,305.22,False,nsdp_full,16,18,0,False,nsdp_full,16,16,,True
7,262,305.22,False,nsdp_full,16,14,0,False,nsdp_full,16,13,,True
8,262,305.22,False,nsdp_full,16,21,0,False,nsdp_full,16,24,,True
2,263,305.24,False,nsdp_full,16,16,0,False,nsdp_full,16,14,,True
3,263,305.24,False,nsdp_full,16,14,0,False,nsdp_full,16,13,,True
4,263,305.24,False,nsdp_full,16,15,0,False,nsdp_full,16,19,,True
5,263,305.24,False,nsdp_full,16,18,0,False,nsdp_full,16,16,,True
7,263,305.24,False,nsdp_full,16,14,0,False,nsdp_full,16,13,,True
8,263,305.24,False,nsdp_full,16,21,0,False,nsdp_full,16,24,,True
2,264,305.26,False,nsdp_full,16,16,0,False,nsdp_full,16,14,,True
3,264,305.26,False,nsdp_full,16,14,0,False,nsdp_full,16,13,,True
4,264,305.26,False,nsdp_full,16,15,0,False,nsdp_full,16,19,,True
5,264,305.26,False,nsdp_full,16,18,0,False,nsdp_full,16,16,,True
7,264,305.26,False,nsdp_full,16,14,0,False,nsdp_full,16,13,,True
8,264,305.26,False,nsdp_full,16,21,0,False,nsdp_full,16,24,,True
2,265,305.28,False,nsdp_full,16,16,0,False,nsdp_full,16,14,,True
3,265,305.28,False,nsdp_full,16,14,0,False,nsdp_full,16,13,,True
4,265,305.28,False,nsdp_full,16,15,0,False,nsdp_full,16,19,,True
5,265,305.28,False,nsdp_full,16,18,0,False,nsdp_full,16,16,,True
7,265,305.28,False,nsdp_full,16,14,0,False,nsdp_full,16,13,,True
8,265,305.28,False,nsdp_full,16,21,0,False,nsdp_full,16,24,,True
2,266,305.3,False,nsdp_full,16,16,0,False,nsdp_full,16,14,,True
3,266,305.3,False,nsdp_full,16,14,0,False,nsdp_full,16,13,,True
4,266,305.3,False,nsdp_full,16,15,0,False,nsdp_full,16,19,,True
5,266,305.3,False,nsdp_full,16,18,0,False,nsdp_full,16,16,,True
7,266,305.3,False,nsdp_full,16,14,0,False,nsdp_full,16,13,,True
8,266,305.3,False,nsdp_full,16,21,0,False,nsdp_full,16,25,,True
2,267,305.32,False,nsdp_full,16,16,0,False,nsdp_full,16,14,,True
3,267,305.32,False,nsdp_full,16,14,0,False,nsdp_full,16,13,,True
4,267,305.32,False,nsdp_full,16,15,0,False,nsdp_full,16,19,,True
5,267,305.32,False,nsdp_full,16,18,0,False,nsdp_full,16,16,,True
7,267,305.32,False,nsdp_full,16,14,0,False,nsdp_full,16,13,,True
8,267,305.32,False,nsdp_full,16,21,0,False,nsdp_full,16,25,,True
2,268,305.34,False,nsdp_full,16,16,0,False,nsdp_full,16,14,,True
3,268,305.34,False,nsdp_full,16,14,0,False,nsdp_full,16,13,,True
4,268,305.34,False,nsdp_full,16,15,0,False,nsdp_full,16,19,,True
5,268,305.34,False,nsdp_full,16,18,0,False,nsdp_full,16,16,,True
7,268,305.34,False,nsdp_full,16,14,0,False,nsdp_full,16,13,,True
8,268,305.34,False,nsdp_full,16,21,0,False,nsdp_full,16,25,,True
2,269,305.36,False,nsdp_full,16,16,0,False,nsdp_full,16,14,,True
3,269,305.36,False,nsdp_full,16,14,0,False,nsdp_full,16,13,,True
4,269,305.36,False,nsdp_full,16,15,0,False,nsdp_full,16,19,,True
5,269,305.36,False,nsdp_full,16,18,0,False,nsdp_full,16,16,,True
7,269,305.36,False,nsdp_full,16,14,0,True,admitted,14,10,1017,False
8,269,305.36,False,nsdp_full,16,21,0,False,nsdp_full,16,25,,True
2,270,305.38,False,nsdp_full,16,16,0,False,nsdp_full,16,14,,True
3,270,305.38,False,nsdp_full,16,14,0,False,nsdp_full,16,13,,True
4,270,305.38,False,nsdp_full,16,15,0,False,nsdp_full,16,19,,True
5,270,305.38,False,nsdp_full,16,18,0,False,nsdp_full,16,16,,True
7,270,305.38,False,nsdp_full,16,14,0,True,admitted,15,11,1018,False
8,270,305.38,False,nsdp_full,16,21,0,False,nsdp_full,16,25,,True
2,271,305.4,False,nsdp_full,16,16,0,False,nsdp_full,16,14,,True
3,271,305.4,False,nsdp_full,16,14,0,False,nsdp_full,16,13,,True
4,271,305.4,False,nsdp_full,16,15,0,False,nsdp_full,16,19,,True
5,271,305.4,False,nsdp_full,16,18,0,False,nsdp_full,16,16,,True
7,271,305.4,False,nsdp_full,16,14,0,False,nsdp_full,16,12,,True
8,271,305.4,False,nsdp_full,16,21,0,False,nsdp_full,16,25,,True
2,272,305.42,False,nsdp_full,16,16,0,False,nsdp_full,16,14,,True
3,272,305.42,False,nsdp_full,16,14,0,False,nsdp_full,16,13,,True
4,272,305.42,False,nsdp_full,16,15,0,False,nsdp_full,16,19,,True
5,272,305.42,False,nsdp_full,16,18,0,False,nsdp_full,16,16,,True
7,272,305.42,False,nsdp_full,16,14,0,False,nsdp_full,16,12,,True
8,272,305.42,False,nsdp_full,16,21,0,False,nsdp_full,16,25,,True
2,273,305.44,False,nsdp_full,16,16,0,False,nsdp_full,16,14,,True
3,273,305.44,False,nsdp_full,16,14,0,False,nsdp_full,16,13,,True
4,273,305.44,False,nsdp_full,16,15,0,False,nsdp_full,16,19,,True
5,273,305.44,False,nsdp_full,16,18,0,False,nsdp_full,16,16,,True
7,273,305.44,False,nsdp_full,16,14,0,False,nsdp_full,16,12,,True
8,273,305.44,False,nsdp_full,16,21,0,False,nsdp_full,16,25,,True
2,274,305.46,False,nsdp_full,16,16,0,False,nsdp_full,16,14,,True
3,274,305.46,False,nsdp_full,16,14,0,False,nsdp_full,16,13,,True
4,274,305.46,False,nsdp_full,16,15,0,False,nsdp_full,16,19,,True
5,274,305.46,False,nsdp_full,16,18,0,False,nsdp_full,16,16,,True
7,274,305.46,False,nsdp_full,16,14,0,False,nsdp_full,16,12,,True
8,274,305.46,False,nsdp_full,16,21,0,False,nsdp_full,16,25,,True
2,275,305.48,False,nsdp_full,16,16,0,False,nsdp_full,16,14,,True
3,275,305.48,False,nsdp_full,16,14,0,False,nsdp_full,16,13,,True
4,275,305.48,False,nsdp_full,16,15,0,False,nsdp_full,16,19,,True
5,275,305.48,False,nsdp_full,16,18,0,False,nsdp_full,16,16,,True
7,275,305.48,False,nsdp_full,16,14,0,False,nsdp_full,16,12,,True
8,275,305.48,False,nsdp_full,16,21,0,False,nsdp_full,16,25,,True
2,276,305.5,False,nsdp_full,16,16,0,False,nsdp_full,16,14,,True
3,276,305.5,False,nsdp_full,16,14,0,False,nsdp_full,16,13,,True
4,276,305.5,False,nsdp_full,16,15,0,False,nsdp_full,16,19,,True
5,276,305.5,False,nsdp_full,16,18,0,False,nsdp_full,16,16,,True
7,276,305.5,False,nsdp_full,16,14,0,False,nsdp_full,16,12,,True
8,276,305.5,False,nsdp_full,16,21,0,False,nsdp_full,16,25,,True
2,277,305.52,False,nsdp_full,16,16,0,False,nsdp_full,16,14,,True
3,277,305.52,False,nsdp_full,16,14,0,False,nsdp_full,16,13,,True
4,277,305.52,False,nsdp_full,16,15,0,False,nsdp_full,16,19,,True
5,277,305.52,False,nsdp_full,16,18,0,False,nsdp_full,16,16,,True
7,277,305.52,False,nsdp_full,16,14,0,False,nsdp_full,16,12,,True
8,277,305.52,False,nsdp_full,16,21,0,False,nsdp_full,16,25,,True
2,278,305.54,False,nsdp_full,16,16,0,False,nsdp_full,16,14,,True
3,278,305.54,False,nsdp_full,16,14,0,False,nsdp_full,16,13,,True
4,278,305.54,False,nsdp_full,16,15,0,False,nsdp_full,16,19,,True
5,278,305.54,False,nsdp_full,16,18,0,False,nsdp_full,16,16,,True
7,278,305.54,False,nsdp_full,16,14,0,False,nsdp_full,16,12,,True
8,278,305.54,False,nsdp_full,16,21,0,False,nsdp_full,16,25,,True
2,279,305.56,False,nsdp_full,16,16,0,False,nsdp_full,16,14,,True
3,279,305.56,False,nsdp_full,16,14,0,False,nsdp_full,16,13,,True
4,279,305.56,False,nsdp_full,16,15,0,False,nsdp_full,16,19,,True
5,279,305.56,False,nsdp_full,16,18,0,False,nsdp_full,16,16,,True
7,279,305.56,False,nsdp_full,16,14,0,False,nsdp_full,16,12,,True
8,279,305.56,False,nsdp_full,16,21,0,False,nsdp_full,16,25,,True
2,280,305.58,False,nsdp_full,16,16,0,False,nsdp_full,16,14,,True
3,280,305.58,False,nsdp_full,16,14,0,False,nsdp_full,16,13,,True
4,280,305.58,False,nsdp_full,16,15,0,False,nsdp_full,16,19,,True
5,280,305.58,False,nsdp_full,16,18,0,False,nsdp_full,16,16,,True
7,280,305.58,False,nsdp_full,16,14,0,False,nsdp_full,16,12,,True
8,280,305.58,False,nsdp_full,16,21,0,False,nsdp_full,16,25,,True
2,281,305.6,False,nsdp_full,16,16,0,False,nsdp_full,16,14,,True
3,281,305.6,False,nsdp_full,16,14,0,False,nsdp_full,16,13,,True
4,281,305.6,False,nsdp_full,16,15,0,False,nsdp_full,16,19,,True
5,281,305.6,False,nsdp_full,16,18,0,False,nsdp_full,16,16,,True
7,281,305.6,False,nsdp_full,16,14,0,False,nsdp_full,16,12,,True
8,281,305.6,False,nsdp_full,16,21,0,False,nsdp_full,16,25,,True
2,282,305.62,False,nsdp_full,16,16,0,False,nsdp_full,16,14,,True
3,282,305.62,False,nsdp_full,16,14,0,False,nsdp_full,16,13,,True
4,282,305.62,False,nsdp_full,16,15,0,False,nsdp_full,16,20,,True
5,282,305.62,False,nsdp_full,16,18,0,False,nsdp_full,16,16,,True
7,282,305.62,False,nsdp_full,16,14,0,False,nsdp_full,16,12,,True
8,282,305.62,False,nsdp_full,16,21,0,False,nsdp_full,16,25,,True
2,283,305.64,False,nsdp_full,16,16,0,False,nsdp_full,16,14,,True
3,283,305.64,False,nsdp_full,16,14,0,False,nsdp_full,16,13,,True
4,283,305.64,False,nsdp_full,16,15,0,False,nsdp_full,16,20,,True
5,283,305.64,False,nsdp_full,16,18,0,False,nsdp_full,16,16,,True
7,283,305.64,False,nsdp_full,16,14,0,False,nsdp_full,16,12,,True
8,283,305.64,False,nsdp_full,16,21,0,False,nsdp_full,16,25,,True
2,284,305.66,False,nsdp_full,16,16,0,False,nsdp_full,16,14,,True
3,284,305.66,False,nsdp_full,16,14,0,False,nsdp_full,16,13,,True
4,284,305.66,False,nsdp_full,16,15,0,False,nsdp_full,16,20,,True
5,284,305.66,False,nsdp_full,16,18,0,False,nsdp_full,16,16,,True
7,284,305.66,False,nsdp_full,16,14,0,False,nsdp_full,16,12,,True
8,284,305.66,False,nsdp_full,16,21,0,False,nsdp_full,16,25,,True
2,285,305.68,False,nsdp_full,16,16,0,False,nsdp_full,16,14,,True
3,285,305.68,False,nsdp_full,16,14,0,False,nsdp_full,16,13,,True
4,285,305.68,False,nsdp_full,16,15,0,False,nsdp_full,16,20,,True
5,285,305.68,False,nsdp_full,16,18,0,False,nsdp_full,16,16,,True
7,285,305.68,False,nsdp_full,16,14,0,False,nsdp_full,16,12,,True
8,285,305.68,False,nsdp_full,16,21,0,False,nsdp_full,16,25,,True
2,286,305.7,False,nsdp_full,16,16,0,False,nsdp_full,16,14,,True
3,286,305.7,True,admitted,14,11,112,False,nsdp_full,16,13,,False
4,286,305.7,False,nsdp_full,16,15,0,False,nsdp_full,16,20,,True
5,286,305.7,False,nsdp_full,16,18,0,False,nsdp_full,16,16,,True
7,286,305.7,False,nsdp_full,16,14,0,False,nsdp_full,16,12,,True
8,286,305.7,False,nsdp_full,16,21,0,False,nsdp_full,16,25,,True
2,287,305.72,False,nsdp_full,16,16,0,False,nsdp_full,16,14,,True
3,287,305.72,True,admitted,15,12,113,False,nsdp_full,16,13,,False
4,287,305.72,False,nsdp_full,16,15,0,False,nsdp_full,16,20,,True
5,287,305.72,False,nsdp_full,16,18,0,False,nsdp_full,16,16,,True
7,287,305.72,False,nsdp_full,16,14,0,False,nsdp_full,16,12,,True
8,287,305.72,False,nsdp_full,16,21,0,False,nsdp_full,16,25,,True
2,288,305.74,False,nsdp_full,16,16,0,False,nsdp_full,16,14,,True
3,288,305.74,False,nsdp_full,16,13,0,False,nsdp_full,16,13,,True
4,288,305.74,False,nsdp_full,16,15,0,False,nsdp_full,16,20,,True
5,288,305.74,False,nsdp_full,16,18,0,False,nsdp_full,16,16,,True
7,288,305.74,False,nsdp_full,16,14,0,False,nsdp_full,16,12,,True
8,288,305.74,False,nsdp_full,16,21,0,False,nsdp_full,16,25,,True
2,289,305.76,False,nsdp_full,16,16,0,False,nsdp_full,16,14,,True
3,289,305.76,False,nsdp_full,16,13,0,False,nsdp_full,16,13,,True
4,289,305.76,False,nsdp_full,16,15,0,False,nsdp_full,16,20,,True
5,289,305.76,False,nsdp_full,16,18,0,False,nsdp_full,16,16,,True
7,289,305.76,False,nsdp_full,16,14,0,False,nsdp_full,16,12,,True
8,289,305.76,False,nsdp_full,16,21,0,False,nsdp_full,16,25,,True
2,290,305.78,False,nsdp_full,16,16,0,False,nsdp_full,16,14,,True
3,290,305.78,False,nsdp_full,16,13,0,False,nsdp_full,16,13,,True
4,290,305.78,False,nsdp_full,16,15,0,False,nsdp_full,16,20,,True
5,290,305.78,False,nsdp_full,16,18,0,False,nsdp_full,16,16,,True
7,290,305.78,True,admitted,15,12,114,False,nsdp_full,16,12,,False
8,290,305.78,False,nsdp_full,16,21,0,False,nsdp_full,16,25,,True
2,291,305.8,False,nsdp_full,16,16,0,False,nsdp_full,16,14,,True
3,291,305.8,False,nsdp_full,16,13,0,False,nsdp_full,16,13,,True
4,291,305.8,False,nsdp_full,16,15,0,False,nsdp_full,16,20,,True
5,291,305.8,False,nsdp_full,16,18,0,False,nsdp_full,16,16,,True
7,291,305.8,False,nsdp_full,16,13,0,False,nsdp_full,16,12,,True
8,291,305.8,False,nsdp_full,16,21,0,False,nsdp_full,16,25,,True
2,292,305.82,False,nsdp_full,16,16,0,False,nsdp_full,16,14,,True
3,292,305.82,False,nsdp_full,16,13,0,False,nsdp_full,16,13,,True
4,292,305.82,False,nsdp_full,16,15,0,False,nsdp_full,16,20,,True
5,292,305.82,False,nsdp_full,16,18,0,False,nsdp_full,16,16,,True
7,292,305.82,False,nsdp_full,16,13,0,False,nsdp_full,16,12,,True
8,292,305.82,False,nsdp_full,16,21,0,False,nsdp_full,16,25,,True
2,293,305.84,False,nsdp_full,16,16,0,False,nsdp_full,16,14,,True
3,293,305.84,False,nsdp_full,16,13,0,False,nsdp_full,16,13,,True
4,293,305.84,False,nsdp_full,16,15,0,False,nsdp_full,16,20,,True
5,293,305.84,False,nsdp_full,16,18,0,False,nsdp_full,16,16,,True
7,293,305.84,False,nsdp_full,16,13,0,False,nsdp_full,16,12,,True
8,293,305.84,False,nsdp_full,16,21,0,False,nsdp_full,16,25,,True
2,294,305.86,False,nsdp_full,16,16,0,False,nsdp_full,16,14,,True
3,294,305.86,False,nsdp_full,16,13,0,False,nsdp_full,16,13,,True
4,294,305.86,False,nsdp_full,16,15,0,False,nsdp_full,16,20,,True
5,294,305.86,False,nsdp_full,16,18,0,False,nsdp_full,16,16,,True
7,294,305.86,False,nsdp_full,16,13,0,False,nsdp_full,16,12,,True
8,294,305.86,False,nsdp_full,16,21,0,False,nsdp_full,16,25,,True
2,295,305.88,False,nsdp_full,16,16,0,True,admitted,15,13,1021,False
3,295,305.88,False,nsdp_full,16,13,0,False,nsdp_full,16,13,,True
4,295,305.88,False,nsdp_full,16,15,0,False,nsdp_full,16,20,,True
5,295,305.88,False,nsdp_full,16,18,0,False,nsdp_full,16,16,,True
7,295,305.88,False,nsdp_full,16,13,0,False,nsdp_full,16,12,,True
8,295,305.88,False,nsdp_full,16,21,0,False,nsdp_full,16,25,,True
2,296,305.9,False,nsdp_full,16,16,0,False,nsdp_full,16,14,,True
3,296,305.9,False,nsdp_full,16,13,0,False,nsdp_full,16,13,,True
4,296,305.9,False,nsdp_full,16,15,0,False,nsdp_full,16,20,,True
5,296,305.9,False,nsdp_full,16,18,0,False,nsdp_full,16,16,,True
7,296,305.9,False,nsdp_full,16,13,0,False,nsdp_full,16,12,,True
8,296,305.9,False,nsdp_full,16,21,0,False,nsdp_full,16,25,,True
2,297,305.92,False,nsdp_full,16,16,0,False,nsdp_full,16,14,,True
3,297,305.92,False,nsdp_full,16,13,0,False,nsdp_full,16,13,,True
4,297,305.92,False,nsdp_full,16,15,0,False,nsdp_full,16,20,,True
5,297,305.92,False,nsdp_full,16,18,0,False,nsdp_full,16,16,,True
7,297,305.92,False,nsdp_full,16,13,0,False,nsdp_full,16,12,,True
8,297,305.92,False,nsdp_full,16,21,0,False,nsdp_full,16,25,,True
2,298,305.94,False,nsdp_full,16,16,0,False,nsdp_full,16,14,,True
3,298,305.94,False,nsdp_full,16,13,0,False,nsdp_full,16,13,,True
4,298,305.94,False,nsdp_full,16,15,0,False,nsdp_full,16,20,,True
5,298,305.94,False,nsdp_full,16,18,0,False,nsdp_full,16,16,,True
7,298,305.94,False,nsdp_full,16,13,0,False,nsdp_full,16,12,,True
8,298,305.94,False,nsdp_full,16,21,0,False,nsdp_full,16,25,,True
2,299,305.96,False,nsdp_full,16,16,0,False,nsdp_full,16,14,,True
3,299,305.96,False,nsdp_full,16,13,0,False,nsdp_full,16,13,,True
4,299,305.96,False,nsdp_full,16,15,0,False,nsdp_full,16,20,,True
5,299,305.96,False,nsdp_full,16,18,0,False,nsdp_full,16,16,,True
7,299,305.96,False,nsdp_full,16,13,0,False,nsdp_full,16,12,,True
8,299,305.96,False,nsdp_full,16,21,0,False,nsdp_full,16,25,,True
2,300,305.98,False,nsdp_full,16,16,0,False,nsdp_full,16,14,,True
3,300,305.98,False,nsdp_full,16,13,0,False,nsdp_full,16,13,,True
4,300,305.98,False,nsdp_full,16,15,0,False,nsdp_full,16,20,,True
5,300,305.98,False,nsdp_full,16,18,0,False,nsdp_full,16,16,,True
7,300,305.98,False,nsdp_full,16,13,0,False,nsdp_full,16,12,,True
8,300,305.98,False,nsdp_full,16,21,0,False,nsdp_full,16,25,,True
2,301,306,False,nsdp_full,16,16,0,False,nsdp_full,16,14,,True
3,301,306,False,nsdp_full,16,13,0,False,nsdp_full,16,13,,True
4,301,306,False,nsdp_full,16,15,0,False,nsdp_full,16,20,,True
5,301,306,False,nsdp_full,16,18,0,False,nsdp_full,16,16,,True
7,301,306,False,nsdp_full,16,13,0,False,nsdp_full,16,12,,True
8,301,306,False,nsdp_full,16,21,0,False,nsdp_full,16,25,,True
2,302,306.02,False,nsdp_full,16,16,0,False,nsdp_full,16,14,,True
3,302,306.02,False,nsdp_full,16,13,0,False,nsdp_full,16,13,,True
4,302,306.02,False,nsdp_full,16,15,0,False,nsdp_full,16,20,,True
5,302,306.02,False,nsdp_full,16,18,0,False,nsdp_full,16,16,,True
7,302,306.02,False,nsdp_full,16,13,0,False,nsdp_full,16,12,,True
8,302,306.02,False,nsdp_full,16,21,0,False,nsdp_full,16,25,,True
2,303,306.04,False,nsdp_full,16,16,0,False,nsdp_full,16,14,,True
3,303,306.04,False,nsdp_full,16,13,0,False,nsdp_full,16,13,,True
4,303,306.04,False,nsdp_full,16,15,0,False,nsdp_full,16,20,,True
5,303,306.04,False,nsdp_full,16,18,0,False,nsdp_full,16,16,,True
7,303,306.04,False,nsdp_full,16,13,0,False,nsdp_full,16,12,,True
8,303,306.04,False,nsdp_full,16,21,0,False,nsdp_full,16,25,,True
2,304,306.06,False,nsdp_full,16,16,0,False,nsdp_full,16,14,,True
3,304,306.06,False,nsdp_full,16,13,0,False,nsdp_full,16,13,,True
4,304,306.06,False,nsdp_full,16,15,0,False,nsdp_full,16,20,,True
5,304,306.06,False,nsdp_full,16,18,0,False,nsdp_full,16,16,,True
7,304,306.06,False,nsdp_full,16,13,0,False,nsdp_full,16,12,,True
8,304,306.06,False,nsdp_full,16,21,0,False,nsdp_full,16,26,,True
2,305,306.08,False,nsdp_full,16,16,0,False,nsdp_full,16,14,,True
3,305,306.08,False,nsdp_full,16,13,0,False,nsdp_full,16,13,,True
4,305,306.08,False,nsdp_full,16,15,0,False,nsdp_full,16,20,,True
5,305,306.08,False,nsdp_full,16,18,0,False,nsdp_full,16,16,,True
7,305,306.08,False,nsdp_full,16,13,0,False,nsdp_full,16,12,,True
8,305,306.08,False,nsdp_full,16,21,0,False,nsdp_full,16,26,,True
2,306,306.1,False,nsdp_full,16,16,0,False,nsdp_full,16,14,,True
3,306,306.1,False,nsdp_full,16,13,0,False,nsdp_full,16,13,,True
4,306,306.1,False,nsdp_full,16,15,0,False,nsdp_full,16,20,,True
5,306,306.1,False,nsdp_full,16,18,0,False,nsdp_full,16,16,,True
7,306,306.1,False,nsdp_full,16,13,0,False,nsdp_full,16,12,,True
8,306,306.1,False,nsdp_full,16,21,0,False,nsdp_full,16,26,,True
2,307,306.12,False,nsdp_full,16,16,0,False,nsdp_full,16,14,,True
3,307,306.12,False,nsdp_full,16,13,0,False,nsdp_full,16,13,,True
4,307,306.12,False,nsdp_full,16,15,0,False,nsdp_full,16,20,,True
5,307,306.12,False,nsdp_full,16,18,0,False,nsdp_full,16,16,,True
7,307,306.12,False,nsdp_full,16,13,0,False,nsdp_full,16,12,,True
8,307,306.12,False,nsdp_full,16,21,0,False,nsdp_full,16,26,,True
2,308,306.14,False,nsdp_full,16,16,0,False,nsdp_full,16,14,,True
3,308,306.14,False,nsdp_full,16,13,0,False,nsdp_full,16,13,,True
4,308,306.14,False,nsdp_full,16,15,0,False,nsdp_full,16,20,,True
5,308,306.14,False,nsdp_full,16,18,0,False,nsdp_full,16,16,,True
7,308,306.14,False,nsdp_full,16,13,0,False,nsdp_full,16,12,,True
8,308,306.14,False,nsdp_full,16,21,0,False,nsdp_full,16,26,,True
2,309,306.16,False,nsdp_full,16,16,0,False,nsdp_full,16,14,,True
3,309,306.16,False,nsdp_full,16,13,0,False,nsdp_full,16,13,,True
4,309,306.16,False,nsdp_full,16,15,0,False,nsdp_full,16,20,,True
5,309,306.16,False,nsdp_full,16,18,0,False,nsdp_full,16,16,,True
7,309,306.16,False,nsdp_full,16,13,0,False,nsdp_full,16,12,,True
8,309,306.16,False,nsdp_full,16,21,0,False,nsdp_full,16,26,,True
2,310,306.18,False,nsdp_full,16,16,0,False,nsdp_full,16,14,,True
3,310,306.18,False,nsdp_full,16,13,0,True,admitted,15,12,1024,False
4,310,306.18,False,nsdp_full,16,15,0,False,nsdp_full,16,20,,True
5,310,306.18,False,nsdp_full,16,18,0,True,admitted,15,15,1025,False
7,310,306.18,False,nsdp_full,16,13,0,False,nsdp_full,16,12,,True
8,310,306.18,False,nsdp_full,16,22,0,False,nsdp_full,16,26,,True
2,311,306.2,False,nsdp_full,16,16,0,False,nsdp_full,16,14,,True
3,311,306.2,False,nsdp_full,16,13,0,False,nsdp_full,16,13,,True
4,311,306.2,False,nsdp_full,16,15,0,False,nsdp_full,16,20,,True
5,311,306.2,False,nsdp_full,16,18,0,False,nsdp_full,16,16,,True
7,311,306.2,False,nsdp_full,16,13,0,False,nsdp_full,16,12,,True
8,311,306.2,False,nsdp_full,16,22,0,False,nsdp_full,16,26,,True
2,312,306.22,False,nsdp_full,16,16,0,False,nsdp_full,16,14,,True
3,312,306.22,False,nsdp_full,16,13,0,False,nsdp_full,16,13,,True
4,312,306.22,False,nsdp_full,16,15,0,False,nsdp_full,16,20,,True
5,312,306.22,False,nsdp_full,16,18,0,False,nsdp_full,16,16,,True
7,312,306.22,False,nsdp_full,16,13,0,False,nsdp_full,16,12,,True
8,312,306.22,False,nsdp_full,16,22,0,False,nsdp_full,16,26,,True
2,313,306.24,False,nsdp_full,16,16,0,False,nsdp_full,16,14,,True
3,313,306.24,False,nsdp_full,16,13,0,False,nsdp_full,16,13,,True
4,313,306.24,False,nsdp_full,16,15,0,False,nsdp_full,16,20,,True
5,313,306.24,False,nsdp_full,16,18,0,False,nsdp_full,16,16,,True
7,313,306.24,False,nsdp_full,16,13,0,False,nsdp_full,16,12,,True
8,313,306.24,False,nsdp_full,16,22,0,False,nsdp_full,16,26,,True
2,314,306.26,False,nsdp_full,16,16,0,False,nsdp_full,16,14,,True
3,314,306.26,False,nsdp_full,16,13,0,False,nsdp_full,16,13,,True
4,314,306.26,False,nsdp_full,16,15,0,False,nsdp_full,16,20,,True
5,314,306.26,False,nsdp_full,16,18,0,False,nsdp_full,16,16,,True
7,314,306.26,False,nsdp_full,16,13,0,False,nsdp_full,16,12,,True
8,314,306.26,False,nsdp_full,16,22,0,False,nsdp_full,16,26,,True
2,315,306.28,False,nsdp_full,16,16,0,False,nsdp_full,16,14,,True
3,315,306.28,False,nsdp_full,16,13,0,False,nsdp_full,16,13,,True
4,315,306.28,False,nsdp_full,16,15,0,False,nsdp_full,16,20,,True
5,315,306.28,False,nsdp_full,16,18,0,False,nsdp_full,16,16,,True
7,315,306.28,False,nsdp_full,16,13,0,False,nsdp_full,16,12,,True
8,315,306.28,False,nsdp_full,16,22,0,False,nsdp_full,16,26,,True
2,316,306.3,False,nsdp_full,16,16,0,False,nsdp_full,16,14,,True
3,316,306.3,False,nsdp_full,16,13,0,False,nsdp_full,16,13,,True
4,316,306.3,False,nsdp_full,16,15,0,False,nsdp_full,16,20,,True
5,316,306.3,False,nsdp_full,16,18,0,False,nsdp_full,16,16,,True
7,316,306.3,False,nsdp_full,16,13,0,False,nsdp_full,16,12,,True
8,316,306.3,False,nsdp_full,16,22,0,False,nsdp_full,16,26,,True
2,317,306.32,False,nsdp_full,16,16,0,False,nsdp_full,16,14,,True
3,317,306.32,False,nsdp_full,16,13,0,False,nsdp_full,16,13,,True
4,317,306.32,False,nsdp_full,16,15,0,False,nsdp_full,16,20,,True
5,317,306.32,False,nsdp_full,16,18,0,False,nsdp_full,16,16,,True
7,317,306.32,False,nsdp_full,16,13,0,False,nsdp_full,16,12,,True
8,317,306.32,False,nsdp_full,16,22,0,False,nsdp_full,16,26,,True
2,318,306.34,False,nsdp_full,16,16,0,False,nsdp_full,16,14,,True
3,318,306.34,False,nsdp_full,16,13,0,False,nsdp_full,16,13,,True
4,318,306.34,False,nsdp_full,16,15,0,False,nsdp_full,16,20,,True
5,318,306.34,False,nsdp_full,16,18,0,False,nsdp_full,16,16,,True
7,318,306.34,False,nsdp_full,16,13,0,False,nsdp_full,16,12,,True
8,318,306.34,False,nsdp_full,16,22,0,False,nsdp_full,16,26,,True
2,319,306.36,False,nsdp_full,16,16,0,False,nsdp_full,16,14,,True
3,319,306.36,False,nsdp_full,16,13,0,False,nsdp_full,16,13,,True
4,319,306.36,False,nsdp_full,16,15,0,False,nsdp_full,16,20,,True
5,319,306.36,False,nsdp_full,16,19,0,False,nsdp_full,16,16,,True
7,319,306.36,False,nsdp_full,16,13,0,False,nsdp_full,16,12,,True
8,319,306.36,False,nsdp_full,16,22,0,False,nsdp_full,16,26,,True
2,320,306.38,False,nsdp_full,16,16,0,False,nsdp_full,16,14,,True
3,320,306.38,False,nsdp_full,16,13,0,False,nsdp_full,16,13,,True
4,320,306.38,False,nsdp_full,16,15,0,False,nsdp_full,16,20,,True
5,320,306.38,False,nsdp_full,16,19,0,False,nsdp_full,16,16,,True
7,320,306.38,True,admitted,15,12,115,False,nsdp_full,16,12,,False
8,320,306.38,False,nsdp_full,16,22,0,False,nsdp_full,16,26,,True
2,321,306.4,False,nsdp_full,16,16,0,False,nsdp_full,16,14,,True
3,321,306.4,False,nsdp_full,16,13,0,False,nsdp_full,16,13,,True
4,321,306.4,False,nsdp_full,16,15,0,False,nsdp_full,16,20,,True
5,321,306.4,False,nsdp_full,16,19,0,False,nsdp_full,16,16,,True
7,321,306.4,False,nsdp_full,16,13,0,False,nsdp_full,16,12,,True
8,321,306.4,False,nsdp_full,16,22,0,False,nsdp_full,16,26,,True
2,322,306.42,False,nsdp_full,16,16,0,False,nsdp_full,16,14,,True
3,322,306.42,False,nsdp_full,16,13,0,False,nsdp_full,16,13,,True
4,322,306.42,False,nsdp_full,16,15,0,False,nsdp_full,16,20,,True
5,322,306.42,False,nsdp_full,16,19,0,False,nsdp_full,16,16,,True
7,322,306.42,False,nsdp_full,16,13,0,False,nsdp_full,16,12,,True
8,322,306.42,False,nsdp_full,16,22,0,False,nsdp_full,16,26,,True
2,323,306.44,False,nsdp_full,16,16,0,False,nsdp_full,16,14,,True
3,323,306.44,False,nsdp_full,16,13,0,False,nsdp_full,16,13,,True
4,323,306.44,True,admitted,15,14,116,False,nsdp_full,16,20,,False
5,323,306.44,False,nsdp_full,16,19,0,False,nsdp_full,16,16,,True
7,323,306.44,False,nsdp_full,16,13,0,False,nsdp_full,16,12,,True
8,323,306.44,False,nsdp_full,16,22,0,False,nsdp_full,16,26,,True
2,324,306.46,False,nsdp_full,16,16,0,False,nsdp_full,16,14,,True
3,324,306.46,False,nsdp_full,16,13,0,False,nsdp_full,16,13,,True
4,324,306.46,False,nsdp_full,16,15,0,False,nsdp_full,16,21,,True
5,324,306.46,False,nsdp_full,16,19,0,False,nsdp_full,16,16,,True
7,324,306.46,False,nsdp_full,16,13,0,False,nsdp_full,16,12,,True
8,324,306.46,False,nsdp_full,16,22,0,False,nsdp_full,16,26,,True
2,325,306.48,False,nsdp_full,16,16,0,False,nsdp_full,16,14,,True
3,325,306.48,False,nsdp_full,16,13,0,False,nsdp_full,16,13,,True
4,325,306.48,False,nsdp_full,16,15,0,False,nsdp_full,16,21,,True
5,325,306.48,False,nsdp_full,16,19,0,False,nsdp_full,16,16,,True
7,325,306.48,False,nsdp_full,16,13,0,False,nsdp_full,16,12,,True
8,325,306.48,False,nsdp_full,16,22,0,False,nsdp_full,16,26,,True
2,326,306.5,False,nsdp_full,16,16,0,False,nsdp_full,16,14,,True
3,326,306.5,False,nsdp_full,16,13,0,False,nsdp_full,16,13,,True
4,326,306.5,False,nsdp_full,16,15,0,False,nsdp_full,16,21,,True
5,326,306.5,False,nsdp_full,16,19,0,False,nsdp_full,16,16,,True
7,326,306.5,False,nsdp_full,16,13,0,False,nsdp_full,16,12,,True
8,326,306.5,False,nsdp_full,16,22,0,False,nsdp_full,16,26,,True
2,327,306.52,False,nsdp_full,16,16,0,False,nsdp_full,16,14,,True
3,327,306.52,False,nsdp_full,16,13,0,False,nsdp_full,16,13,,True
4,327,306.52,False,nsdp_full,16,15,0,False,nsdp_full,16,21,,True
5,327,306.52,False,nsdp_full,16,19,0,False,nsdp_full,16,16,,True
7,327,306.52,False,nsdp_full,16,13,0,False,nsdp_full,16,12,,True
8,327,306.52,False,nsdp_full,16,22,0,False,nsdp_full,16,26,,True
2,328,306.54,False,nsdp_full,16,16,0,False,nsdp_full,16,14,,True
3,328,306.54,False,nsdp_full,16,13,0,False,nsdp_full,16,13,,True
4,328,306.54,False,nsdp_full,16,15,0,False,nsdp_full,16,21,,True
5,328,306.54,False,nsdp_full,16,19,0,False,nsdp_full,16,16,,True
7,328,306.54,False,nsdp_full,16,13,0,False,nsdp_full,16,12,,True
8,328,306.54,False,nsdp_full,16,22,0,False,nsdp_full,16,26,,True
2,329,306.56,False,nsdp_full,16,16,0,False,nsdp_full,16,14,,True
3,329,306.56,False,nsdp_full,16,13,0,False,nsdp_full,16,13,,True
4,329,306.56,False,nsdp_full,16,15,0,False,nsdp_full,16,21,,True
5,329,306.56,False,nsdp_full,16,19,0,False,nsdp_full,16,16,,True
7,329,306.56,False,nsdp_full,16,13,0,False,nsdp_full,16,12,,True
8,329,306.56,False,nsdp_full,16,22,0,False,nsdp_full,16,26,,True
2,330,306.58,False,nsdp_full,16,16,0,False,nsdp_full,16,14,,True
3,330,306.58,False,nsdp_full,16,13,0,False,nsdp_full,16,13,,True
4,330,306.58,False,nsdp_full,16,15,0,False,nsdp_full,16,21,,True
5,330,306.58,False,nsdp_full,16,19,0,False,nsdp_full,16,16,,True
7,330,306.58,False,nsdp_full,16,13,0,False,nsdp_full,16,12,,True
8,330,306.58,False,nsdp_full,16,22,0,False,nsdp_full,16,26,,True
2,331,306.6,False,nsdp_full,16,16,0,False,nsdp_full,16,14,,True
3,331,306.6,False,nsdp_full,16,13,0,False,nsdp_full,16,13,,True
4,331,306.6,False,nsdp_full,16,15,0,False,nsdp_full,16,21,,True
5,331,306.6,False,nsdp_full,16,19,0,False,nsdp_full,16,16,,True
7,331,306.6,False,nsdp_full,16,13,0,False,nsdp_full,16,12,,True
8,331,306.6,False,nsdp_full,16,22,0,False,nsdp_full,16,26,,True
2,332,306.62,False,nsdp_full,16,16,0,False,nsdp_full,16,14,,True
3,332,306.62,False,nsdp_full,16,13,0,False,nsdp_full,16,13,,True
4,332,306.62,False,nsdp_full,16,15,0,False,nsdp_full,16,21,,True
5,332,306.62,False,nsdp_full,16,19,0,False,nsdp_full,16,16,,True
7,332,306.62,False,nsdp_full,16,13,0,False,nsdp_full,16,12,,True
8,332,306.62,False,nsdp_full,16,22,0,False,nsdp_full,16,26,,True
2,333,306.64,False,nsdp_full,16,16,0,True,admitted,15,12,1027,False
3,333,306.64,False,nsdp_full,16,13,0,False,nsdp_full,16,13,,True
4,333,306.64,False,nsdp_full,16,15,0,False,nsdp_full,16,21,,True
5,333,306.64,False,nsdp_full,16,19,0,False,nsdp_full,16,16,,True
7,333,306.64,False,nsdp_full,16,13,0,False,nsdp_full,16,12,,True
8,333,306.64,False,nsdp_full,16,22,0,False,nsdp_full,16,26,,True
2,334,306.66,False,nsdp_full,16,16,0,False,nsdp_full,16,13,,True
3,334,306.66,False,nsdp_full,16,13,0,False,nsdp_full,16,13,,True
4,334,306.66,False,nsdp_full,16,15,0,False,nsdp_full,16,21,,True
5,334,306.66,False,nsdp_full,16,19,0,False,nsdp_full,16,16,,True
7,334,306.66,False,nsdp_full,16,13,0,False,nsdp_full,16,12,,True
8,334,306.66,False,nsdp_full,16,22,0,False,nsdp_full,16,26,,True
2,335,306.68,False,nsdp_full,16,16,0,False,nsdp_full,16,13,,True
3,335,306.68,False,nsdp_full,16,13,0,False,nsdp_full,16,13,,True
4,335,306.68,False,nsdp_full,16,15,0,False,nsdp_full,16,21,,True
5,335,306.68,False,nsdp_full,16,19,0,False,nsdp_full,16,16,,True
7,335,306.68,False,nsdp_full,16,13,0,False,nsdp_full,16,12,,True
8,335,306.68,False,nsdp_full,16,22,0,False,nsdp_full,16,26,,True
2,336,306.7,False,nsdp_full,16,16,0,False,nsdp_full,16,13,,True
3,336,306.7,True,admitted,15,12,117,False,nsdp_full,16,13,,False
4,336,306.7,False,nsdp_full,16,15,0,False,nsdp_full,16,21,,True
5,336,306.7,False,nsdp_full,16,19,0,False,nsdp_full,16,16,,True
7,336,306.7,False,nsdp_full,16,13,0,False,nsdp_full,16,12,,True
8,336,306.7,False,nsdp_full,16,23,0,False,nsdp_full,16,26,,True
2,337,306.72,False,nsdp_full,16,16,0,False,nsdp_full,16,13,,True
3,337,306.72,False,nsdp_full,16,13,0,False,nsdp_full,16,13,,True
4,337,306.72,False,nsdp_full,16,15,0,False,nsdp_full,16,21,,True
5,337,306.72,False,nsdp_full,16,19,0,False,nsdp_full,16,16,,True
7,337,306.72,False,nsdp_full,16,13,0,False,nsdp_full,16,12,,True
8,337,306.72,False,nsdp_full,16,23,0,False,nsdp_full,16,26,,True
2,338,306.74,False,nsdp_full,16,16,0,False,nsdp_full,16,13,,True
3,338,306.74,False,nsdp_full,16,13,0,False,nsdp_full,16,13,,True
4,338,306.74,False,nsdp_full,16,15,0,False,nsdp_full,16,21,,True
5,338,306.74,False,nsdp_full,16,19,0,False,nsdp_full,16,16,,True
7,338,306.74,False,nsdp_full,16,13,0,False,nsdp_full,16,12,,True
8,338,306.74,False,nsdp_full,16,23,0,False,nsdp_full,16,26,,True
2,339,306.76,False,nsdp_full,16,16,0,False,nsdp_full,16,13,,True
3,339,306.76,False,nsdp_full,16,13,0,False,nsdp_full,16,13,,True
4,339,306.76,False,nsdp_full,16,15,0,False,nsdp_full,16,21,,True
5,339,306.76,False,nsdp_full,16,19,0,False,nsdp_full,16,16,,True
7,339,306.76,True,admitted,15,12,118,False,nsdp_full,16,12,,False
8,339,306.76,False,nsdp_full,16,23,0,False,nsdp_full,16,26,,True
2,340,306.78,False,nsdp_full,16,16,0,False,nsdp_full,16,13,,True
3,340,306.78,False,nsdp_full,16,13,0,False,nsdp_full,16,13,,True
4,340,306.78,False,nsdp_full,16,15,0,False,nsdp_full,16,21,,True
5,340,306.78,False,nsdp_full,16,19,0,False,nsdp_full,16,16,,True
7,340,306.78,False,nsdp_full,16,13,0,False,nsdp_full,16,12,,True
8,340,306.78,False,nsdp_full,16,23,0,False,nsdp_full,16,26,,True
2,341,306.8,False,nsdp_full,16,16,0,False,nsdp_full,16,13,,True
3,341,306.8,False,nsdp_full,16,13,0,False,nsdp_full,16,13,,True
4,341,306.8,False,nsdp_full,16,15,0,False,nsdp_full,16,21,,True
5,341,306.8,False,nsdp_full,16,19,0,False,nsdp_full,16,16,,True
7,341,306.8,False,nsdp_full,16,13,0,False,nsdp_full,16,12,,True
8,341,306.8,False,nsdp_full,16,23,0,False,nsdp_full,16,26,,True
2,342,306.82,False,nsdp_full,16,16,0,False,nsdp_full,16,13,,True
3,342,306.82,False,nsdp_full,16,13,0,False,nsdp_full,16,13,,True
4,342,306.82,False,nsdp_full,16,15,0,False,nsdp_full,16,21,,True
5,342,306.82,False,nsdp_full,16,19,0,False,nsdp_full,16,16,,True
7,342,306.82,False,nsdp_full,16,13,0,False,nsdp_full,16,12,,True
8,342,306.82,False,nsdp_full,16,23,0,False,nsdp_full,16,26,,True
2,343,306.84,False,nsdp_full,16,16,0,False,nsdp_full,16,13,,True
3,343,306.84,False,nsdp_full,16,13,0,False,nsdp_full,16,13,,True
4,343,306.84,False,nsdp_full,16,15,0,False,nsdp_full,16,21,,True
5,343,306.84,False,nsdp_full,16,19,0,False,nsdp_full,16,16,,True
7,343,306.84,False,nsdp_full,16,13,0,True,admitted,15,11,1029,False
8,343,306.84,False,nsdp_full,16,23,0,False,nsdp_full,16,26,,True
2,344,306.86,False,nsdp_full,16,16,0,False,nsdp_full,16,13,,True
3,344,306.86,False,nsdp_full,16,13,0,False,nsdp_full,16,13,,True
4,344,306.86,False,nsdp_full,16,15,0,False,nsdp_full,16,21,,True
5,344,306.86,False,nsdp_full,16,19,0,False,nsdp_full,16,16,,True
7,344,306.86,False,nsdp_full,16,13,0,False,nsdp_full,16,12,,True
8,344,306.86,False,nsdp_full,16,23,0,False,nsdp_full,16,26,,True
2,345,306.88,False,nsdp_full,16,16,0,False,nsdp_full,16,13,,True
3,345,306.88,False,nsdp_full,16,13,0,False,nsdp_full,16,13,,True
4,345,306.88,False,nsdp_full,16,15,0,False,nsdp_full,16,21,,True
5,345,306.88,False,nsdp_full,16,19,0,False,nsdp_full,16,16,,True
7,345,306.88,False,nsdp_full,16,13,0,False,nsdp_full,16,12,,True
8,345,306.88,False,nsdp_full,16,23,0,False,nsdp_full,16,26,,True
2,346,306.9,False,nsdp_full,16,16,0,False,nsdp_full,16,13,,True
3,346,306.9,False,nsdp_full,16,13,0,False,nsdp_full,16,13,,True
4,346,306.9,False,nsdp_full,16,15,0,False,nsdp_full,16,21,,True
5,346,306.9,False,nsdp_full,16,19,0,False,nsdp_full,16,16,,True
7,346,306.9,False,nsdp_full,16,13,0,False,nsdp_full,16,12,,True
8,346,306.9,False,nsdp_full,16,23,0,False,nsdp_full,16,26,,True
2,347,306.92,False,nsdp_full,16,16,0,False,nsdp_full,16,13,,True
3,347,306.92,False,nsdp_full,16,13,0,False,nsdp_full,16,13,,True
4,347,306.92,False,nsdp_full,16,15,0,False,nsdp_full,16,21,,True
5,347,306.92,False,nsdp_full,16,19,0,False,nsdp_full,16,16,,True
7,347,306.92,False,nsdp_full,16,13,0,False,nsdp_full,16,12,,True
8,347,306.92,False,nsdp_full,16,23,0,False,nsdp_full,16,26,,True
2,348,306.94,False,nsdp_full,16,16,0,False,nsdp_full,16,13,,True
3,348,306.94,False,nsdp_full,16,13,0,False,nsdp_full,16,13,,True
4,348,306.94,False,nsdp_full,16,15,0,False,nsdp_full,16,21,,True
5,348,306.94,False,nsdp_full,16,19,0,False,nsdp_full,16,16,,True
7,348,306.94,False,nsdp_full,16,13,0,False,nsdp_full,16,12,,True
8,348,306.94,False,nsdp_full,16,23,0,False,nsdp_full,16,26,,True
2,349,306.96,False,nsdp_full,16,16,0,False,nsdp_full,16,13,,True
3,349,306.96,False,nsdp_full,16,13,0,False,nsdp_full,16,13,,True
4,349,306.96,False,nsdp_full,16,15,0,False,nsdp_full,16,21,,True
5,349,306.96,False,nsdp_full,16,19,0,False,nsdp_full,16,16,,True
7,349,306.96,False,nsdp_full,16,13,0,False,nsdp_full,16,12,,True
8,349,306.96,False,nsdp_full,16,23,0,False,nsdp_full,16,26,,True
2,350,306.98,False,nsdp_full,16,16,0,False,nsdp_full,16,13,,True
3,350,306.98,False,nsdp_full,16,13,0,False,nsdp_full,16,13,,True
4,350,306.98,False,nsdp_full,16,15,0,False,nsdp_full,16,21,,True
5,350,306.98,False,nsdp_full,16,19,0,False,nsdp_full,16,16,,True
7,350,306.98,False,nsdp_full,16,13,0,False,nsdp_full,16,12,,True
8,350,306.98,False,nsdp_full,16,23,0,False,nsdp_full,16,26,,True
2,351,307,False,nsdp_full,16,16,0,False,nsdp_full,16,13,,True
3,351,307,False,nsdp_full,16,13,0,False,nsdp_full,16,13,,True
4,351,307,False,nsdp_full,16,15,0,False,nsdp_full,16,21,,True
5,351,307,False,nsdp_full,16,19,0,False,nsdp_full,16,16,,True
7,351,307,False,nsdp_full,16,13,0,False,nsdp_full,16,12,,True
8,351,307,False,nsdp_full,16,23,0,False,nsdp_full,16,26,,True
2,352,307.02,False,nsdp_full,16,16,0,False,nsdp_full,16,13,,True
3,352,307.02,False,nsdp_full,16,13,0,False,nsdp_full,16,13,,True
4,352,307.02,False,nsdp_full,16,15,0,False,nsdp_full,16,21,,True
5,352,307.02,False,nsdp_full,16,19,0,False,nsdp_full,16,16,,True
7,352,307.02,False,nsdp_full,16,13,0,False,nsdp_full,16,12,,True
8,352,307.02,False,nsdp_full,16,23,0,False,nsdp_full,16,26,,True
2,353,307.04,False,nsdp_full,16,16,0,False,nsdp_full,16,13,,True
3,353,307.04,False,nsdp_full,16,13,0,False,nsdp_full,16,13,,True
4,353,307.04,False,nsdp_full,16,15,0,False,nsdp_full,16,21,,True
5,353,307.04,False,nsdp_full,16,19,0,False,nsdp_full,16,16,,True
7,353,307.04,False,nsdp_full,16,13,0,False,nsdp_full,16,12,,True
8,353,307.04,False,nsdp_full,16,23,0,False,nsdp_full,16,26,,True
2,354,307.06,False,nsdp_full,16,16,0,False,nsdp_full,16,13,,True
3,354,307.06,False,nsdp_full,16,13,0,False,nsdp_full,16,13,,True
4,354,307.06,False,nsdp_full,16,15,0,False,nsdp_full,16,21,,True
5,354,307.06,False,nsdp_full,16,19,0,False,nsdp_full,16,16,,True
7,354,307.06,False,nsdp_full,16,13,0,False,nsdp_full,16,12,,True
8,354,307.06,False,nsdp_full,16,23,0,False,nsdp_full,16,26,,True
2,355,307.08,False,nsdp_full,16,16,0,False,nsdp_full,16,13,,True
3,355,307.08,False,nsdp_full,16,13,0,False,nsdp_full,16,13,,True
4,355,307.08,False,nsdp_full,16,15,0,False,nsdp_full,16,21,,True
5,355,307.08,False,nsdp_full,16,19,0,False,nsdp_full,16,16,,True
7,355,307.08,False,nsdp_full,16,13,0,False,nsdp_full,16,12,,True
8,355,307.08,False,nsdp_full,16,23,0,False,nsdp_full,16,26,,True
2,356,307.1,False,nsdp_full,16,16,0,False,nsdp_full,16,13,,True
3,356,307.1,False,nsdp_full,16,13,0,False,nsdp_full,16,13,,True
4,356,307.1,False,nsdp_full,16,15,0,False,nsdp_full,16,21,,True
5,356,307.1,False,nsdp_full,16,19,0,False,nsdp_full,16,16,,True
7,356,307.1,False,nsdp_full,16,13,0,False,nsdp_full,16,12,,True
8,356,307.1,False,nsdp_full,16,23,0,False,nsdp_full,16,26,,True
2,357,307.12,False,nsdp_full,16,16,0,False,nsdp_full,16,13,,True
3,357,307.12,False,nsdp_full,16,13,0,False,nsdp_full,16,13,,True
4,357,307.12,False,nsdp_full,16,15,0,False,nsdp_full,16,21,,True
5,357,307.12,False,nsdp_full,16,19,0,False,nsdp_full,16,16,,True
7,357,307.12,False,nsdp_full,16,13,0,False,nsdp_full,16,12,,True
8,357,307.12,False,nsdp_full,16,23,0,False,nsdp_full,16,26,,True
2,358,307.14,False,nsdp_full,16,16,0,False,nsdp_full,16,13,,True
3,358,307.14,False,nsdp_full,16,13,0,False,nsdp_full,16,13,,True
4,358,307.14,False,nsdp_full,16,15,0,False,nsdp_full,16,21,,True
5,358,307.14,False,nsdp_full,16,19,0,False,nsdp_full,16,16,,True
7,358,307.14,False,nsdp_full,16,13,0,False,nsdp_full,16,12,,True
8,358,307.14,False,nsdp_full,16,23,0,False,nsdp_full,16,26,,True
2,359,307.16,False,nsdp_full,16,16,0,False,nsdp_full,16,13,,True
3,359,307.16,True,admitted,15,11,119,False,nsdp_full,16,13,,False
4,359,307.16,False,nsdp_full,16,15,0,False,nsdp_full,16,21,,True
5,359,307.16,False,nsdp_full,16,19,0,False,nsdp_full,16,16,,True
7,359,307.16,False,nsdp_full,16,13,0,False,nsdp_full,16,12,,True
8,359,307.16,False,nsdp_full,16,23,0,False,nsdp_full,16,26,,True
2,360,307.18,False,nsdp_full,16,16,0,False,nsdp_full,16,13,,True
3,360,307.18,False,nsdp_full,16,12,0,False,nsdp_full,16,13,,True
4,360,307.18,False,nsdp_full,16,15,0,False,nsdp_full,16,21,,True
5,360,307.18,False,nsdp_full,16,19,0,False,nsdp_full,16,16,,True
7,360,307.18,False,nsdp_full,16,13,0,False,nsdp_full,16,12,,True
8,360,307.18,False,nsdp_full,16,23,0,False,nsdp_full,16,26,,True
2,361,307.2,False,nsdp_full,16,16,0,False,nsdp_full,16,13,,True
3,361,307.2,False,nsdp_full,16,12,0,False,nsdp_full,16,13,,True
4,361,307.2,False,nsdp_full,16,15,0,False,nsdp_full,16,21,,True
5,361,307.2,False,nsdp_full,16,19,0,False,nsdp_full,16,16,,True
7,361,307.2,False,nsdp_full,16,13,0,False,nsdp_full,16,12,,True
8,361,307.2,False,nsdp_full,16,23,0,False,nsdp_full,16,26,,True
2,362,307.22,False,nsdp_full,16,16,0,False,nsdp_full,16,13,,True
3,362,307.22,False,nsdp_full,16,12,0,False,nsdp_full,16,13,,True
4,362,307.22,False,nsdp_full,16,15,0,False,nsdp_full,16,21,,True
5,362,307.22,False,nsdp_full,16,19,0,False,nsdp_full,16,16,,True
7,362,307.22,False,nsdp_full,16,13,0,False,nsdp_full,16,12,,True
8,362,307.22,False,nsdp_full,16,23,0,False,nsdp_full,16,26,,True
2,363,307.24,False,nsdp_full,16,16,0,False,nsdp_full,16,13,,True
3,363,307.24,False,nsdp_full,16,12,0,False,nsdp_full,16,13,,True
4,363,307.24,False,nsdp_full,16,15,0,False,nsdp_full,16,21,,True
5,363,307.24,False,nsdp_full,16,19,0,False,nsdp_full,16,16,,True
7,363,307.24,False,nsdp_full,16,13,0,False,nsdp_full,16,12,,True
8,363,307.24,False,nsdp_full,16,23,0,False,nsdp_full,16,26,,True
2,364,307.26,False,nsdp_full,16,16,0,False,nsdp_full,16,13,,True
3,364,307.26,False,nsdp_full,16,12,0,False,nsdp_full,16,13,,True
4,364,307.26,False,nsdp_full,16,15,0,False,nsdp_full,16,21,,True
5,364,307.26,False,nsdp_full,16,19,0,False,nsdp_full,16,16,,True
7,364,307.26,False,nsdp_full,16,13,0,False,nsdp_full,16,12,,True
8,364,307.26,False,nsdp_full,16,23,0,False,nsdp_full,16,26,,True
2,365,307.28,False,nsdp_full,16,16,0,False,nsdp_full,16,13,,True
3,365,307.28,False,nsdp_full,16,12,0,False,nsdp_full,16,13,,True
4,365,307.28,False,nsdp_full,16,15,0,False,nsdp_full,16,21,,True
5,365,307.28,False,nsdp_full,16,19,0,False,nsdp_full,16,16,,True
7,365,307.28,False,nsdp_full,16,13,0,False,nsdp_full,16,12,,True
8,365,307.28,False,nsdp_full,16,23,0,False,nsdp_full,16,26,,True
2,366,307.3,False,nsdp_full,16,16,0,False,nsdp_full,16,13,,True
3,366,307.3,False,nsdp_full,16,12,0,True,admitted,15,12,1031,False
4,366,307.3,False,nsdp_full,16,15,0,False,nsdp_full,16,21,,True
5,366,307.3,False,nsdp_full,16,19,0,True,admitted,15,14,1032,False
7,366,307.3,False,nsdp_full,16,13,0,False,nsdp_full,16,12,,True
8,366,307.3,False,nsdp_full,16,23,0,False,nsdp_full,16,26,,True
2,367,307.32,False,nsdp_full,16,16,0,False,nsdp_full,16,13,,True
3,367,307.32,False,nsdp_full,16,12,0,False,nsdp_full,16,13,,True
4,367,307.32,False,nsdp_full,16,15,0,False,nsdp_full,16,21,,True
5,367,307.32,False,nsdp_full,16,19,0,False,nsdp_full,16,15,,True
7,367,307.32,False,nsdp_full,16,13,0,False,nsdp_full,16,12,,True
8,367,307.32,False,nsdp_full,16,23,0,False,nsdp_full,16,26,,True
2,368,307.34,False,nsdp_full,16,16,0,False,nsdp_full,16,13,,True
3,368,307.34,False,nsdp_full,16,12,0,False,nsdp_full,16,13,,True
4,368,307.34,False,nsdp_full,16,15,0,False,nsdp_full,16,21,,True
5,368,307.34,False,nsdp_full,16,19,0,False,nsdp_full,16,15,,True
7,368,307.34,False,nsdp_full,16,13,0,False,nsdp_full,16,12,,True
8,368,307.34,False,nsdp_full,16,23,0,False,nsdp_full,16,26,,True
2,369,307.36,False,nsdp_full,16,16,0,False,nsdp_full,16,13,,True
3,369,307.36,False,nsdp_full,16,12,0,False,nsdp_full,16,13,,True
4,369,307.36,False,nsdp_full,16,15,0,False,nsdp_full,16,21,,True
5,369,307.36,False,nsdp_full,16,19,0,False,nsdp_full,16,15,,True
7,369,307.36,False,nsdp_full,16,13,0,False,nsdp_full,16,12,,True
8,369,307.36,False,nsdp_full,16,23,0,False,nsdp_full,16,26,,True
2,370,307.38,False,nsdp_full,16,16,0,False,nsdp_full,16,13,,True
3,370,307.38,False,nsdp_full,16,12,0,False,nsdp_full,16,13,,True
4,370,307.38,False,nsdp_full,16,15,0,False,nsdp_full,16,21,,True
5,370,307.38,False,nsdp_full,16,19,0,False,nsdp_full,16,15,,True
7,370,307.38,False,nsdp_full,16,13,0,False,nsdp_full,16,12,,True
8,370,307.38,False,nsdp_full,16,24,0,False,nsdp_full,16,26,,True
2,371,307.4,False,nsdp_full,16,16,0,False,nsdp_full,16,13,,True
3,371,307.4,False,nsdp_full,16,12,0,False,nsdp_full,16,13,,True
4,371,307.4,False,nsdp_full,16,15,0,False,nsdp_full,16,21,,True
5,371,307.4,False,nsdp_full,16,19,0,False,nsdp_full,16,15,,True
7,371,307.4,False,nsdp_full,16,13,0,False,nsdp_full,16,12,,True
8,371,307.4,False,nsdp_full,16,24,0,False,nsdp_full,16,26,,True
2,372,307.42,False,nsdp_full,16,16,0,False,nsdp_full,16,13,,True
3,372,307.42,False,nsdp_full,16,12,0,False,nsdp_full,16,13,,True
4,372,307.42,False,nsdp_full,16,15,0,False,nsdp_full,16,21,,True
5,372,307.42,False,nsdp_full,16,19,0,False,nsdp_full,16,15,,True
7,372,307.42,False,nsdp_full,16,13,0,False,nsdp_full,16,12,,True
8,372,307.42,False,nsdp_full,16,24,0,False,nsdp_full,16,26,,True
2,373,307.44,False,nsdp_full,16,16,0,False,nsdp_full,16,13,,True
3,373,307.44,False,nsdp_full,16,12,0,False,nsdp_full,16,13,,True
4,373,307.44,False,nsdp_full,16,15,0,False,nsdp_full,16,21,,True
5,373,307.44,False,nsdp_full,16,19,0,False,nsdp_full,16,15,,True
7,373,307.44,True,admitted,15,11,120,False,nsdp_full,16,12,,False
8,373,307.44,False,nsdp_full,16,24,0,False,nsdp_full,16,26,,True
2,374,307.46,False,nsdp_full,16,16,0,False,nsdp_full,16,13,,True
3,374,307.46,False,nsdp_full,16,12,0,False,nsdp_full,16,13,,True
4,374,307.46,False,nsdp_full,16,15,0,False,nsdp_full,16,21,,True
5,374,307.46,False,nsdp_full,16,19,0,False,nsdp_full,16,15,,True
7,374,307.46,False,nsdp_full,16,12,0,False,nsdp_full,16,12,,True
8,374,307.46,False,nsdp_full,16,24,0,False,nsdp_full,16,26,,True
2,375,307.48,False,nsdp_full,16,16,0,False,nsdp_full,16,13,,True
3,375,307.48,False,nsdp_full,16,12,0,False,nsdp_full,16,13,,True
4,375,307.48,False,nsdp_full,16,15,0,False,nsdp_full,16,21,,True
5,375,307.48,False,nsdp_full,16,19,0,False,nsdp_full,16,15,,True
7,375,307.48,False,nsdp_full,16,12,0,False,nsdp_full,16,12,,True
8,375,307.48,False,nsdp_full,16,24,0,False,nsdp_full,16,26,,True
2,376,307.5,False,nsdp_full,16,16,0,False,nsdp_full,16,13,,True
3,376,307.5,False,nsdp_full,16,12,0,False,nsdp_full,16,13,,True
4,376,307.5,False,nsdp_full,16,15,0,False,nsdp_full,16,21,,True
5,376,307.5,False,nsdp_full,16,19,0,False,nsdp_full,16,15,,True
7,376,307.5,False,nsdp_full,16,12,0,False,nsdp_full,16,12,,True
8,376,307.5,False,nsdp_full,16,24,0,False,nsdp_full,16,26,,True
2,377,307.52,False,nsdp_full,16,16,0,False,nsdp_full,16,13,,True
3,377,307.52,False,nsdp_full,16,12,0,False,nsdp_full,16,13,,True
4,377,307.52,False,nsdp_full,16,15,0,False,nsdp_full,16,21,,True
5,377,307.52,False,nsdp_full,16,19,0,False,nsdp_full,16,15,,True
7,377,307.52,False,nsdp_full,16,12,0,False,nsdp_full,16,12,,True
8,377,307.52,False,nsdp_full,16,24,0,False,nsdp_full,16,26,,True
2,378,307.54,False,nsdp_full,16,16,0,False,nsdp_full,16,13,,True
3,378,307.54,False,nsdp_full,16,12,0,False,nsdp_full,16,13,,True
4,378,307.54,False,nsdp_full,16,15,0,False,nsdp_full,16,21,,True
5,378,307.54,False,nsdp_full,16,19,0,False,nsdp_full,16,15,,True
7,378,307.54,False,nsdp_full,16,12,0,False,nsdp_full,16,12,,True
8,378,307.54,False,nsdp_full,16,24,0,False,nsdp_full,16,26,,True
2,379,307.56,False,nsdp_full,16,16,0,False,nsdp_full,16,13,,True
3,379,307.56,False,nsdp_full,16,12,0,False,nsdp_full,16,13,,True
4,379,307.56,False,nsdp_full,16,15,0,False,nsdp_full,16,21,,True
5,379,307.56,False,nsdp_full,16,19,0,False,nsdp_full,16,15,,True
7,379,307.56,False,nsdp_full,16,12,0,False,nsdp_full,16,12,,True
8,379,307.56,False,nsdp_full,16,24,0,False,nsdp_full,16,26,,True
2,380,307.58,False,nsdp_full,16,16,0,False,nsdp_full,16,13,,True
3,380,307.58,False,nsdp_full,16,12,0,False,nsdp_full,16,13,,True
4,380,307.58,False,nsdp_full,16,15,0,False,nsdp_full,16,21,,True
5,380,307.58,False,nsdp_full,16,19,0,False,nsdp_full,16,15,,True
7,380,307.58,False,nsdp_full,16,12,0,False,nsdp_full,16,12,,True
8,380,307.58,False,nsdp_full,16,24,0,False,nsdp_full,16,26,,True
2,381,307.6,False,nsdp_full,16,16,0,False,nsdp_full,16,13,,True
3,381,307.6,False,nsdp_full,16,12,0,False,nsdp_full,16,13,,True
4,381,307.6,False,nsdp_full,16,15,0,False,nsdp_full,16,21,,True
5,381,307.6,False,nsdp_full,16,19,0,False,nsdp_full,16,15,,True
7,381,307.6,False,nsdp_full,16,12,0,False,nsdp_full,16,12,,True
8,381,307.6,False,nsdp_full,16,24,0,False,nsdp_full,16,26,,True
2,382,307.62,False,nsdp_full,16,16,0,False,nsdp_full,16,13,,True
3,382,307.62,False,nsdp_full,16,12,0,False,nsdp_full,16,13,,True
4,382,307.62,False,nsdp_full,16,15,0,False,nsdp_full,16,21,,True
5,382,307.62,False,nsdp_full,16,19,0,False,nsdp_full,16,15,,True
7,382,307.62,False,nsdp_full,16,12,0,False,nsdp_full,16,12,,True
8,382,307.62,False,nsdp_full,16,24,0,False,nsdp_full,16,27,,True
2,383,307.64,False,nsdp_full,16,16,0,False,nsdp_full,16,13,,True
3,383,307.64,False,nsdp_full,16,12,0,False,nsdp_full,16,13,,True
4,383,307.64,False,nsdp_full,16,15,0,False,nsdp_full,16,21,,True
5,383,307.64,False,nsdp_full,16,19,0,False,nsdp_full,16,15,,True
7,383,307.64,False,nsdp_full,16,12,0,False,nsdp_full,16,12,,True
8,383,307.64,False,nsdp_full,16,24,0,False,nsdp_full,16,27,,True
2,384,307.66,False,nsdp_full,16,16,0,False,nsdp_full,16,13,,True
3,384,307.66,False,nsdp_full,16,12,0,False,nsdp_full,16,13,,True
4,384,307.66,False,nsdp_full,16,15,0,False,nsdp_full,16,21,,True
5,384,307.66,False,nsdp_full,16,19,0,False,nsdp_full,16,15,,True
7,384,307.66,False,nsdp_full,16,12,0,False,nsdp_full,16,12,,True
8,384,307.66,False,nsdp_full,16,24,0,False,nsdp_full,16,27,,True
2,385,307.68,False,nsdp_full,16,16,0,False,nsdp_full,16,13,,True
3,385,307.68,False,nsdp_full,16,12,0,False,nsdp_full,16,13,,True
4,385,307.68,False,nsdp_full,16,15,0,False,nsdp_full,16,21,,True
5,385,307.68,False,nsdp_full,16,19,0,False,nsdp_full,16,15,,True
7,385,307.68,False,nsdp_full,16,12,0,False,nsdp_full,16,12,,True
8,385,307.68,False,nsdp_full,16,24,0,False,nsdp_full,16,27,,True
2,386,307.7,False,nsdp_full,16,16,0,False,nsdp_full,16,13,,True
3,386,307.7,False,nsdp_full,16,12,0,False,nsdp_full,16,13,,True
4,386,307.7,False,nsdp_full,16,15,0,False,nsdp_full,16,21,,True
5,386,307.7,False,nsdp_full,16,19,0,False,nsdp_full,16,15,,True
7,386,307.7,False,nsdp_full,16,12,0,False,nsdp_full,16,12,,True
8,386,307.7,False,nsdp_full,16,24,0,False,nsdp_full,16,27,,True
2,387,307.72,False,nsdp_full,16,16,0,False,nsdp_full,16,13,,True
3,387,307.72,False,nsdp_full,16,12,0,False,nsdp_full,16,13,,True
4,387,307.72,False,nsdp_full,16,15,0,False,nsdp_full,16,21,,True
5,387,307.72,False,nsdp_full,16,19,0,False,nsdp_full,16,15,,True
7,387,307.72,False,nsdp_full,16,12,0,False,nsdp_full,16,12,,True
8,387,307.72,False,nsdp_full,16,24,0,False,nsdp_full,16,27,,True
2,388,307.74,False,nsdp_full,16,16,0,False,nsdp_full,16,13,,True
3,388,307.74,False,nsdp_full,16,12,0,False,nsdp_full,16,13,,True
4,388,307.74,False,nsdp_full,16,15,0,False,nsdp_full,16,21,,True
5,388,307.74,False,nsdp_full,16,19,0,False,nsdp_full,16,15,,True
7,388,307.74,False,nsdp_full,16,12,0,False,nsdp_full,16,12,,True
8,388,307.74,False,nsdp_full,16,24,0,False,nsdp_full,16,27,,True
2,389,307.76,False,nsdp_full,16,16,0,False,nsdp_full,16,13,,True
3,389,307.76,False,nsdp_full,16,12,0,False,nsdp_full,16,13,,True
4,389,307.76,False,nsdp_full,16,15,0,False,nsdp_full,16,21,,True
5,389,307.76,False,nsdp_full,16,19,0,False,nsdp_full,16,15,,True
7,389,307.76,False,nsdp_full,16,12,0,False,nsdp_full,16,12,,True
8,389,307.76,False,nsdp_full,16,24,0,False,nsdp_full,16,27,,True
2,390,307.78,False,nsdp_full,16,16,0,False,nsdp_full,16,13,,True
3,390,307.78,False,nsdp_full,16,12,0,False,nsdp_full,16,13,,True
4,390,307.78,False,nsdp_full,16,15,0,False,nsdp_full,16,21,,True
5,390,307.78,False,nsdp_full,16,19,0,False,nsdp_full,16,15,,True
7,390,307.78,False,nsdp_full,16,12,0,True,admitted,15,11,1035,False
8,390,307.78,False,nsdp_full,16,24,0,False,nsdp_full,16,27,,True
2,391,307.8,False,nsdp_full,16,16,0,False,nsdp_full,16,13,,True
3,391,307.8,False,nsdp_full,16,12,0,False,nsdp_full,16,13,,True
4,391,307.8,False,nsdp_full,16,15,0,False,nsdp_full,16,21,,True
5,391,307.8,False,nsdp_full,16,19,0,False,nsdp_full,16,15,,True
7,391,307.8,False,nsdp_full,16,12,0,False,nsdp_full,16,12,,True
8,391,307.8,False,nsdp_full,16,24,0,False,nsdp_full,16,27,,True
2,392,307.82,False,nsdp_full,16,16,0,False,nsdp_full,16,13,,True
3,392,307.82,False,nsdp_full,16,12,0,False,nsdp_full,16,13,,True
4,392,307.82,False,nsdp_full,16,15,0,False,nsdp_full,16,21,,True
5,392,307.82,False,nsdp_full,16,19,0,False,nsdp_full,16,15,,True
7,392,307.82,False,nsdp_full,16,12,0,False,nsdp_full,16,12,,True
8,392,307.82,False,nsdp_full,16,24,0,False,nsdp_full,16,27,,True
2,393,307.84,False,nsdp_full,16,16,0,False,nsdp_full,16,13,,True
3,393,307.84,False,nsdp_full,16,12,0,False,nsdp_full,16,13,,True
4,393,307.84,False,nsdp_full,16,15,0,False,nsdp_full,16,21,,True
5,393,307.84,False,nsdp_full,16,19,0,False,nsdp_full,16,15,,True
7,393,307.84,False,nsdp_full,16,12,0,False,nsdp_full,16,12,,True
8,393,307.84,False,nsdp_full,16,24,0,False,nsdp_full,16,27,,True
2,394,307.86,False,nsdp_full,16,16,0,False,nsdp_full,16,13,,True
3,394,307.86,False,nsdp_full,16,12,0,False,nsdp_full,16,13,,True
4,394,307.86,False,nsdp_full,16,15,0,False,nsdp_full,16,21,,True
5,394,307.86,False,nsdp_full,16,19,0,False,nsdp_full,16,15,,True
7,394,307.86,False,nsdp_full,16,12,0,False,nsdp_full,16,12,,True
8,394,307.86,False,nsdp_full,16,24,0,False,nsdp_full,16,27,,True
2,395,307.88,False,nsdp_full,16,16,0,False,nsdp_full,16,13,,True
3,395,307.88,False,nsdp_full,16,12,0,False,nsdp_full,16,13,,True
4,395,307.88,False,nsdp_full,16,15,0,False,nsdp_full,16,21,,True
5,395,307.88,False,nsdp_full,16,19,0,False,nsdp_full,16,15,,True
7,395,307.88,False,nsdp_full,16,12,0,False,nsdp_full,16,12,,True
8,395,307.88,False,nsdp_full,16,24,0,False,nsdp_full,16,27,,True
2,396,307.9,False,nsdp_full,16,16,0,False,nsdp_full,16,13,,True
3,396,307.9,False,nsdp_full,16,12,0,False,nsdp_full,16,13,,True
4,396,307.9,False,nsdp_full,16,15,0,False,nsdp_full,16,21,,True
5,396,307.9,False,nsdp_full,16,19,0,False,nsdp_full,16,15,,True
7,396,307.9,False,nsdp_full,16,12,0,False,nsdp_full,16,12,,True
8,396,307.9,False,nsdp_full,16,24,0,False,nsdp_full,16,27,,True
2,397,307.92,False,nsdp_full,16,16,0,False,nsdp_full,16,13,,True
3,397,307.92,False,nsdp_full,16,12,0,False,nsdp_full,16,13,,True
4,397,307.92,False,nsdp_full,16,15,0,False,nsdp_full,16,21,,True
5,397,307.92,False,nsdp_full,16,19,0,False,nsdp_full,16,15,,True
7,397,307.92,False,nsdp_full,16,12,0,False,nsdp_full,16,12,,True
8,397,307.92,False,nsdp_full,16,24,0,False,nsdp_full,16,27,,True
2,398,307.94,False,nsdp_full,16,16,0,False,nsdp_full,16,13,,True
3,398,307.94,False,nsdp_full,16,12,0,False,nsdp_full,16,13,,True
4,398,307.94,False,nsdp_full,16,15,0,False,nsdp_full,16,21,,True
5,398,307.94,False,nsdp_full,16,19,0,False,nsdp_full,16,15,,True
7,398,307.94,False,nsdp_full,16,12,0,False,nsdp_full,16,12,,True
8,398,307.94,False,nsdp_full,16,24,0,False,nsdp_full,16,27,,True
2,399,307.96,False,nsdp_full,16,16,0,False,nsdp_full,16,13,,True
3,399,307.96,False,nsdp_full,16,12,0,False,nsdp_full,16,13,,True
4,399,307.96,False,nsdp_full,16,15,0,False,nsdp_full,16,21,,True
5,399,307.96,False,nsdp_full,16,19,0,False,nsdp_full,16,15,,True
7,399,307.96,False,nsdp_full,16,12,0,False,nsdp_full,16,12,,True
8,399,307.96,False,nsdp_full,16,24,0,False,nsdp_full,16,27,,True
2,400,307.98,False,nsdp_full,16,16,0,False,nsdp_full,16,13,,True
3,400,307.98,False,nsdp_full,16,12,0,False,nsdp_full,16,13,,True
4,400,307.98,False,nsdp_full,16,15,0,False,nsdp_full,16,21,,True
5,400,307.98,False,nsdp_full,16,19,0,False,nsdp_full,16,15,,True
7,400,307.98,False,nsdp_full,16,12,0,False,nsdp_full,16,12,,True
8,400,307.98,False,nsdp_full,16,24,0,False,nsdp_full,16,27,,True
2,401,308,False,nsdp_full,16,16,0,False,nsdp_full,16,13,,True
3,401,308,False,nsdp_full,16,12,0,False,nsdp_full,16,13,,True
4,401,308,False,nsdp_full,16,15,0,False,nsdp_full,16,21,,True
5,401,308,False,nsdp_full,16,19,0,False,nsdp_full,16,15,,True
7,401,308,False,nsdp_full,16,12,0,False,nsdp_full,16,12,,True
8,401,308,False,nsdp_full,16,24,0,False,nsdp_full,16,27,,True
2,402,308.02,False,nsdp_full,16,16,0,False,nsdp_full,16,13,,True
3,402,308.02,False,nsdp_full,16,12,0,False,nsdp_full,16,13,,True
4,402,308.02,False,nsdp_full,16,15,0,False,nsdp_full,16,21,,True
5,402,308.02,False,nsdp_full,16,19,0,False,nsdp_full,16,15,,True
7,402,308.02,False,nsdp_full,16,12,0,False,nsdp_full,16,12,,True
8,402,308.02,False,nsdp_full,16,24,0,False,nsdp_full,16,27,,True
2,403,308.04,False,nsdp_full,16,16,0,False,nsdp_full,16,13,,True
3,403,308.04,True,admitted,15,11,121,False,nsdp_full,16,13,,False
4,403,308.04,False,nsdp_full,16,15,0,False,nsdp_full,16,21,,True
5,403,308.04,False,nsdp_full,16,19,0,False,nsdp_full,16,15,,True
7,403,308.04,False,nsdp_full,16,12,0,False,nsdp_full,16,12,,True
8,403,308.04,False,nsdp_full,16,25,0,False,nsdp_full,16,27,,True
2,404,308.06,False,nsdp_full,16,16,0,False,nsdp_full,16,13,,True
3,404,308.06,False,nsdp_full,16,12,0,False,nsdp_full,16,13,,True
4,404,308.06,False,nsdp_full,16,15,0,False,nsdp_full,16,21,,True
5,404,308.06,False,nsdp_full,16,19,0,False,nsdp_full,16,15,,True
7,404,308.06,False,nsdp_full,16,12,0,False,nsdp_full,16,12,,True
8,404,308.06,False,nsdp_full,16,25,0,False,nsdp_full,16,27,,True
2,405,308.08,False,nsdp_full,16,16,0,False,nsdp_full,16,13,,True
3,405,308.08,False,nsdp_full,16,12,0,False,nsdp_full,16,13,,True
4,405,308.08,False,nsdp_full,16,15,0,False,nsdp_full,16,21,,True
5,405,308.08,False,nsdp_full,16,19,0,False,nsdp_full,16,15,,True
7,405,308.08,False,nsdp_full,16,12,0,False,nsdp_full,16,12,,True
8,405,308.08,False,nsdp_full,16,25,0,False,nsdp_full,16,27,,True
2,406,308.1,False,nsdp_full,16,16,0,False,nsdp_full,16,13,,True
3,406,308.1,False,nsdp_full,16,12,0,False,nsdp_full,16,13,,True
4,406,308.1,False,nsdp_full,16,15,0,False,nsdp_full,16,22,,True
5,406,308.1,False,nsdp_full,16,19,0,False,nsdp_full,16,15,,True
7,406,308.1,False,nsdp_full,16,12,0,False,nsdp_full,16,12,,True
8,406,308.1,False,nsdp_full,16,25,0,False,nsdp_full,16,27,,True
2,407,308.12,False,nsdp_full,16,16,0,False,nsdp_full,16,13,,True
3,407,308.12,False,nsdp_full,16,12,0,False,nsdp_full,16,13,,True
4,407,308.12,False,nsdp_full,16,16,0,False,nsdp_full,16,22,,True
5,407,308.12,False,nsdp_full,16,19,0,False,nsdp_full,16,15,,True
7,407,308.12,True,admitted,15,11,122,False,nsdp_full,16,12,,False
8,407,308.12,False,nsdp_full,16,25,0,False,nsdp_full,16,27,,True
2,408,308.14,False,nsdp_full,16,16,0,False,nsdp_full,16,13,,True
3,408,308.14,False,nsdp_full,16,12,0,False,nsdp_full,16,13,,True
4,408,308.14,False,nsdp_full,16,16,0,False,nsdp_full,16,22,,True
5,408,308.14,False,nsdp_full,16,19,0,False,nsdp_full,16,15,,True
7,408,308.14,False,nsdp_full,16,12,0,False,nsdp_full,16,12,,True
8,408,308.14,False,nsdp_full,16,25,0,False,nsdp_full,16,27,,True
2,409,308.16,False,nsdp_full,16,16,0,False,nsdp_full,16,13,,True
3,409,308.16,False,nsdp_full,16,12,0,False,nsdp_full,16,13,,True
4,409,308.16,False,nsdp_full,16,16,0,False,nsdp_full,16,22,,True
5,409,308.16,False,nsdp_full,16,19,0,False,nsdp_full,16,15,,True
7,409,308.16,False,nsdp_full,16,12,0,False,nsdp_full,16,12,,True
8,409,308.16,False,nsdp_full,16,25,0,False,nsdp_full,16,27,,True
2,410,308.18,False,nsdp_full,16,16,0,False,nsdp_full,16,13,,True
3,410,308.18,False,nsdp_full,16,12,0,False,nsdp_full,16,13,,True
4,410,308.18,False,nsdp_full,16,16,0,False,nsdp_full,16,22,,True
5,410,308.18,False,nsdp_full,16,19,0,False,nsdp_full,16,15,,True
7,410,308.18,False,nsdp_full,16,12,0,False,nsdp_full,16,12,,True
8,410,308.18,False,nsdp_full,16,25,0,False,nsdp_full,16,27,,True
2,411,308.2,False,nsdp_full,16,16,0,False,nsdp_full,16,13,,True
3,411,308.2,False,nsdp_full,16,12,0,False,nsdp_full,16,13,,True
4,411,308.2,False,nsdp_full,16,16,0,False,nsdp_full,16,22,,True
5,411,308.2,False,nsdp_full,16,19,0,False,nsdp_full,16,15,,True
7,411,308.2,False,nsdp_full,16,12,0,False,nsdp_full,16,12,,True
8,411,308.2,False,nsdp_full,16,25,0,False,nsdp_full,16,27,,True
2,412,308.22,False,nsdp_full,16,16,0,False,nsdp_full,16,13,,True
3,412,308.22,False,nsdp_full,16,12,0,False,nsdp_full,16,13,,True
4,412,308.22,False,nsdp_full,16,16,0,False,nsdp_full,16,22,,True
5,412,308.22,False,nsdp_full,16,19,0,False,nsdp_full,16,15,,True
7,412,308.22,False,nsdp_full,16,12,0,False,nsdp_full,16,12,,True
8,412,308.22,False,nsdp_full,16,25,0,False,nsdp_full,16,27,,True
2,413,308.24,False,nsdp_full,16,16,0,False,nsdp_full,16,13,,True
3,413,308.24,False,nsdp_full,16,12,0,False,nsdp_full,16,13,,True
4,413,308.24,False,nsdp_full,16,16,0,False,nsdp_full,16,22,,True
5,413,308.24,False,nsdp_full,16,19,0,False,nsdp_full,16,15,,True
7,413,308.24,False,nsdp_full,16,12,0,False,nsdp_full,16,12,,True
8,413,308.24,False,nsdp_full,16,25,0,False,nsdp_full,16,27,,True
2,414,308.26,False,nsdp_full,16,16,0,False,nsdp_full,16,13,,True
3,414,308.26,False,nsdp_full,16,12,0,False,nsdp_full,16,13,,True
4,414,308.26,False,nsdp_full,16,16,0,False,nsdp_full,16,22,,True
5,414,308.26,False,nsdp_full,16,19,0,False,nsdp_full,16,15,,True
7,414,308.26,False,nsdp_full,16,12,0,False,nsdp_full,16,12,,True
8,414,308.26,False,nsdp_full,16,25,0,False,nsdp_full,16,27,,True
2,415,308.28,False,nsdp_full,16,16,0,False,nsdp_full,16,13,,True
3,415,308.28,False,nsdp_full,16,12,0,False,nsdp_full,16,13,,True
4,415,308.28,False,nsdp_full,16,16,0,False,nsdp_full,16,22,,True
5,415,308.28,False,nsdp_full,16,19,0,False,nsdp_full,16,15,,True
7,415,308.28,False,nsdp_full,16,12,0,False,nsdp_full,16,12,,True
8,415,308.28,False,nsdp_full,16,25,0,False,nsdp_full,16,27,,True
2,416,308.3,False,nsdp_full,16,16,0,False,nsdp_full,16,13,,True
3,416,308.3,False,nsdp_full,16,12,0,False,nsdp_full,16,13,,True
4,416,308.3,False,nsdp_full,16,16,0,False,nsdp_full,16,22,,True
5,416,308.3,False,nsdp_full,16,19,0,False,nsdp_full,16,15,,True
7,416,308.3,False,nsdp_full,16,12,0,False,nsdp_full,16,12,,True
8,416,308.3,False,nsdp_full,16,25,0,False,nsdp_full,16,27,,True
2,417,308.32,False,nsdp_full,16,16,0,False,nsdp_full,16,13,,True
3,417,308.32,False,nsdp_full,16,12,0,False,nsdp_full,16,13,,True
4,417,308.32,False,nsdp_full,16,16,0,False,nsdp_full,16,22,,True
5,417,308.32,False,nsdp_full,16,19,0,False,nsdp_full,16,15,,True
7,417,308.32,False,nsdp_full,16,12,0,False,nsdp_full,16,12,,True
8,417,308.32,False,nsdp_full,16,25,0,False,nsdp_full,16,27,,True
2,418,308.34,False,nsdp_full,16,16,0,False,nsdp_full,16,13,,True
3,418,308.34,False,nsdp_full,16,12,0,True,admitted,14,10,1039,False
4,418,308.34,False,nsdp_full,16,16,0,False,nsdp_full,16,22,,True
5,418,308.34,False,nsdp_full,16,19,0,True,admitted,15,14,1040,False
7,418,308.34,False,nsdp_full,16,12,0,False,nsdp_full,16,12,,True
8,418,308.34,False,nsdp_full,16,25,0,False,nsdp_full,16,27,,True
2,419,308.36,False,nsdp_full,16,16,0,False,nsdp_full,16,13,,True
3,419,308.36,False,nsdp_full,16,12,0,True,admitted,15,11,1041,False
4,419,308.36,False,nsdp_full,16,16,0,False,nsdp_full,16,22,,True
5,419,308.36,False,nsdp_full,16,19,0,False,nsdp_full,16,15,,True
7,419,308.36,False,nsdp_full,16,12,0,False,nsdp_full,16,12,,True
8,419,308.36,False,nsdp_full,16,25,0,False,nsdp_full,16,27,,True
2,420,308.38,False,nsdp_full,16,16,0,False,nsdp_full,16,13,,True
3,420,308.38,False,nsdp_full,16,12,0,False,nsdp_full,16,12,,True
4,420,308.38,False,nsdp_full,16,16,0,False,nsdp_full,16,22,,True
5,420,308.38,False,nsdp_full,16,19,0,False,nsdp_full,16,15,,True
7,420,308.38,False,nsdp_full,16,12,0,False,nsdp_full,16,12,,True
8,420,308.38,False,nsdp_full,16,25,0,False,nsdp_full,16,27,,True
2,421,308.4,False,nsdp_full,16,16,0,False,nsdp_full,16,13,,True
3,421,308.4,False,nsdp_full,16,12,0,False,nsdp_full,16,12,,True
4,421,308.4,False,nsdp_full,16,16,0,False,nsdp_full,16,22,,True
5,421,308.4,False,nsdp_full,16,19,0,False,nsdp_full,16,15,,True
7,421,308.4,False,nsdp_full,16,12,0,False,nsdp_full,16,12,,True
8,421,308.4,False,nsdp_full,16,25,0,False,nsdp_full,16,28,,True
2,422,308.42,False,nsdp_full,16,16,0,False,nsdp_full,16,13,,True
3,422,308.42,False,nsdp_full,16,12,0,False,nsdp_full,16,12,,True
4,422,308.42,False,nsdp_full,16,16,0,False,nsdp_full,16,23,,True
5,422,308.42,False,nsdp_full,16,19,0,False,nsdp_full,16,15,,True
7,422,308.42,False,nsdp_full,16,12,0,False,nsdp_full,16,12,,True
8,422,308.42,False,nsdp_full,16,25,0,False,nsdp_full,16,28,,True
2,423,308.44,True,admitted,15,15,123,False,nsdp_full,16,13,,False
3,423,308.44,False,nsdp_full,16,12,0,False,nsdp_full,16,12,,True
4,423,308.44,False,nsdp_full,16,16,0,False,nsdp_full,16,23,,True
5,423,308.44,False,nsdp_full,16,19,0,False,nsdp_full,16,15,,True
7,423,308.44,False,nsdp_full,16,12,0,False,nsdp_full,16,12,,True
8,423,308.44,False,nsdp_full,16,25,0,False,nsdp_full,16,28,,True
2,424,308.46,False,nsdp_full,16,16,0,False,nsdp_full,16,13,,True
3,424,308.46,False,nsdp_full,16,12,0,False,nsdp_full,16,12,,True
4,424,308.46,False,nsdp_full,16,16,0,False,nsdp_full,16,23,,True
5,424,308.46,False,nsdp_full,16,19,0,False,nsdp_full,16,15,,True
7,424,308.46,False,nsdp_full,16,12,0,False,nsdp_full,16,12,,True
8,424,308.46,False,nsdp_full,16,25,0,False,nsdp_full,16,28,,True
2,425,308.48,False,nsdp_full,16,16,0,False,nsdp_full,16,13,,True
3,425,308.48,False,nsdp_full,16,12,0,False,nsdp_full,16,12,,True
4,425,308.48,False,nsdp_full,16,16,0,False,nsdp_full,16,23,,True
5,425,308.48,False,nsdp_full,16,19,0,False,nsdp_full,16,15,,True
7,425,308.48,False,nsdp_full,16,12,0,False,nsdp_full,16,12,,True
8,425,308.48,False,nsdp_full,16,26,0,False,nsdp_full,16,28,,True
2,426,308.5,False,nsdp_full,16,16,0,False,nsdp_full,16,13,,True
3,426,308.5,False,nsdp_full,16,12,0,False,nsdp_full,16,12,,True
4,426,308.5,False,nsdp_full,16,16,0,False,nsdp_full,16,23,,True
5,426,308.5,False,nsdp_full,16,19,0,False,nsdp_full,16,15,,True
7,426,308.5,False,nsdp_full,16,12,0,False,nsdp_full,16,12,,True
8,426,308.5,False,nsdp_full,16,26,0,False,nsdp_full,16,28,,True
2,427,308.52,False,nsdp_full,16,16,0,True,admitted,14,11,1044,False
3,427,308.52,False,nsdp_full,16,12,0,False,nsdp_full,16,12,,True
4,427,308.52,False,nsdp_full,16,16,0,False,nsdp_full,16,23,,True
5,427,308.52,False,nsdp_full,16,19,0,False,nsdp_full,16,15,,True
7,427,308.52,False,nsdp_full,16,12,0,False,nsdp_full,16,12,,True
8,427,308.52,False,nsdp_full,16,26,0,False,nsdp_full,16,28,,True
2,428,308.54,False,nsdp_full,16,16,0,True,admitted,15,12,1045,False
3,428,308.54,False,nsdp_full,16,12,0,False,nsdp_full,16,12,,True
4,428,308.54,False,nsdp_full,16,16,0,False,nsdp_full,16,23,,True
5,428,308.54,False,nsdp_full,16,19,0,False,nsdp_full,16,15,,True
7,428,308.54,False,nsdp_full,16,12,0,False,nsdp_full,16,12,,True
8,428,308.54,False,nsdp_full,16,26,0,False,nsdp_full,16,28,,True
2,429,308.56,False,nsdp_full,16,16,0,False,nsdp_full,16,13,,True
3,429,308.56,False,nsdp_full,16,12,0,False,nsdp_full,16,12,,True
4,429,308.56,False,nsdp_full,16,16,0,False,nsdp_full,16,23,,True
5,429,308.56,False,nsdp_full,16,19,0,False,nsdp_full,16,15,,True
7,429,308.56,False,nsdp_full,16,12,0,False,nsdp_full,16,12,,True
8,429,308.56,False,nsdp_full,16,26,0,False,nsdp_full,16,28,,True
2,430,308.58,False,nsdp_full,16,16,0,False,nsdp_full,16,13,,True
3,430,308.58,False,nsdp_full,16,12,0,False,nsdp_full,16,12,,True
4,430,308.58,False,nsdp_full,16,16,0,False,nsdp_full,16,23,,True
5,430,308.58,False,nsdp_full,16,19,0,False,nsdp_full,16,15,,True
7,430,308.58,False,nsdp_full,16,12,0,False,nsdp_full,16,12,,True
8,430,308.58,False,nsdp_full,16,26,0,False,nsdp_full,16,28,,True
2,431,308.6,False,nsdp_full,16,16,0,False,nsdp_full,16,13,,True
3,431,308.6,False,nsdp_full,16,12,0,False,nsdp_full,16,12,,True
4,431,308.6,False,nsdp_full,16,16,0,False,nsdp_full,16,23,,True
5,431,308.6,False,nsdp_full,16,19,0,False,nsdp_full,16,15,,True
7,431,308.6,False,nsdp_full,16,12,0,False,nsdp_full,16,12,,True
8,431,308.6,False,nsdp_full,16,26,0,False,nsdp_full,16,28,,True
2,432,308.62,False,nsdp_full,16,16,0,False,nsdp_full,16,13,,True
3,432,308.62,False,nsdp_full,16,12,0,False,nsdp_full,16,12,,True
4,432,308.62,False,nsdp_full,16,16,0,False,nsdp_full,16,23,,True
5,432,308.62,False,nsdp_full,16,19,0,False,nsdp_full,16,15,,True
7,432,308.62,False,nsdp_full,16,12,0,False,nsdp_full,16,12,,True
8,432,308.62,False,nsdp_full,16,26,0,False,nsdp_full,16,28,,True
2,433,308.64,False,nsdp_full,16,16,0,False,nsdp_full,16,13,,True
3,433,308.64,False,nsdp_full,16,12,0,False,nsdp_full,16,12,,True
4,433,308.64,False,nsdp_full,16,16,0,False,nsdp_full,16,23,,True
5,433,308.64,False,nsdp_full,16,19,0,False,nsdp_full,16,15,,True
7,433,308.64,False,nsdp_full,16,12,0,False,nsdp_full,16,12,,True
8,433,308.64,False,nsdp_full,16,26,0,False,nsdp_full,16,28,,True
2,434,308.66,False,nsdp_full,16,16,0,False,nsdp_full,16,13,,True
3,434,308.66,False,nsdp_full,16,12,0,False,nsdp_full,16,12,,True
4,434,308.66,False,nsdp_full,16,16,0,False,nsdp_full,16,23,,True
5,434,308.66,False,nsdp_full,16,19,0,False,nsdp_full,16,15,,True
7,434,308.66,False,nsdp_full,16,12,0,False,nsdp_full,16,12,,True
8,434,308.66,False,nsdp_full,16,26,0,False,nsdp_full,16,28,,True
2,435,308.68,False,nsdp_full,16,16,0,False,nsdp_full,16,13,,True
3,435,308.68,False,nsdp_full,16,12,0,False,nsdp_full,16,12,,True
4,435,308.68,False,nsdp_full,16,16,0,False,nsdp_full,16,23,,True
5,435,308.68,False,nsdp_full,16,19,0,False,nsdp_full,16,15,,True
7,435,308.68,False,nsdp_full,16,12,0,False,nsdp_full,16,12,,True
8,435,308.68,False,nsdp_full,16,26,0,False,nsdp_full,16,28,,True
2,436,308.7,False,nsdp_full,16,16,0,False,nsdp_full,16,13,,True
3,436,308.7,False,nsdp_full,16,12,0,False,nsdp_full,16,12,,True
4,436,308.7,False,nsdp_full,16,16,0,False,nsdp_full,16,23,,True
5,436,308.7,False,nsdp_full,16,19,0,False,nsdp_full,16,15,,True
7,436,308.7,False,nsdp_full,16,12,0,False,nsdp_full,16,12,,True
8,436,308.7,False,nsdp_full,16,26,0,False,nsdp_full,16,28,,True
2,437,308.72,False,nsdp_full,16,16,0,False,nsdp_full,16,13,,True
3,437,308.72,False,nsdp_full,16,12,0,False,nsdp_full,16,12,,True
4,437,308.72,False,nsdp_full,16,16,0,False,nsdp_full,16,23,,True
5,437,308.72,False,nsdp_full,16,19,0,False,nsdp_full,16,15,,True
7,437,308.72,False,nsdp_full,16,12,0,False,nsdp_full,16,12,,True
8,437,308.72,False,nsdp_full,16,26,0,False,nsdp_full,16,28,,True
2,438,308.74,False,nsdp_full,16,16,0,False,nsdp_full,16,13,,True
3,438,308.74,False,nsdp_full,16,12,0,False,nsdp_full,16,12,,True
4,438,308.74,False,nsdp_full,16,16,0,False,nsdp_full,16,23,,True
5,438,308.74,False,nsdp_full,16,19,0,False,nsdp_full,16,15,,True
7,438,308.74,False,nsdp_full,16,12,0,False,nsdp_full,16,12,,True
8,438,308.74,False,nsdp_full,16,26,0,False,nsdp_full,16,28,,True
2,439,308.76,False,nsdp_full,16,16,0,False,nsdp_full,16,13,,True
3,439,308.76,True,admitted,15,11,124,False,nsdp_full,16,12,,False
4,439,308.76,False,nsdp_full,16,17,0,False,nsdp_full,16,23,,True
5,439,308.76,False,nsdp_full,16,19,0,False,nsdp_full,16,15,,True
7,439,308.76,False,nsdp_full,16,12,0,False,nsdp_full,16,12,,True
8,439,308.76,False,nsdp_full,16,26,0,False,nsdp_full,16,28,,True
2,440,308.78,False,nsdp_full,16,16,0,False,nsdp_full,16,13,,True
3,440,308.78,False,nsdp_full,16,12,0,False,nsdp_full,16,12,,True
4,440,308.78,False,nsdp_full,16,17,0,False,nsdp_full,16,23,,True
5,440,308.78,False,nsdp_full,16,19,0,False,nsdp_full,16,15,,True
7,440,308.78,False,nsdp_full,16,12,0,False,nsdp_full,16,12,,True
8,440,308.78,False,nsdp_full,16,26,0,False,nsdp_full,16,28,,True
2,441,308.8,False,nsdp_full,16,16,0,False,nsdp_full,16,13,,True
3,441,308.8,False,nsdp_full,16,12,0,False,nsdp_full,16,12,,True
4,441,308.8,False,nsdp_full,16,17,0,False,nsdp_full,16,23,,True
5,441,308.8,False,nsdp_full,16,19,0,False,nsdp_full,16,15,,True
7,441,308.8,False,nsdp_full,16,12,0,True,admitted,15,10,1046,False
8,441,308.8,False,nsdp_full,16,26,0,False,nsdp_full,16,28,,True
2,442,308.82,False,nsdp_full,16,16,0,False,nsdp_full,16,13,,True
3,442,308.82,False,nsdp_full,16,12,0,False,nsdp_full,16,12,,True
4,442,308.82,False,nsdp_full,16,17,0,False,nsdp_full,16,23,,True
5,442,308.82,False,nsdp_full,16,19,0,False,nsdp_full,16,15,,True
7,442,308.82,False,nsdp_full,16,12,0,False,nsdp_full,16,11,,True
8,442,308.82,False,nsdp_full,16,26,0,False,nsdp_full,16,28,,True
2,443,308.84,False,nsdp_full,16,16,0,False,nsdp_full,16,13,,True
3,443,308.84,False,nsdp_full,16,12,0,False,nsdp_full,16,12,,True
4,443,308.84,False,nsdp_full,16,17,0,False,nsdp_full,16,23,,True
5,443,308.84,False,nsdp_full,16,19,0,False,nsdp_full,16,15,,True
7,443,308.84,False,nsdp_full,16,12,0,False,nsdp_full,16,11,,True
8,443,308.84,False,nsdp_full,16,26,0,False,nsdp_full,16,28,,True
2,444,308.86,False,nsdp_full,16,16,0,False,nsdp_full,16,13,,True
3,444,308.86,False,nsdp_full,16,12,0,False,nsdp_full,16,12,,True
4,444,308.86,False,nsdp_full,16,17,0,False,nsdp_full,16,23,,True
5,444,308.86,False,nsdp_full,16,19,0,False,nsdp_full,16,15,,True
7,444,308.86,False,nsdp_full,16,12,0,False,nsdp_full,16,11,,True
8,444,308.86,False,nsdp_full,16,26,0,False,nsdp_full,16,28,,True
2,445,308.88,False,nsdp_full,16,16,0,False,nsdp_full,16,13,,True
3,445,308.88,False,nsdp_full,16,12,0,False,nsdp_full,16,12,,True
4,445,308.88,False,nsdp_full,16,17,0,False,nsdp_full,16,23,,True
5,445,308.88,False,nsdp_full,16,19,0,False,nsdp_full,16,15,,True
7,445,308.88,False,nsdp_full,16,12,0,False,nsdp_full,16,11,,True
8,445,308.88,False,nsdp_full,16,26,0,False,nsdp_full,16,28,,True
2,446,308.9,False,nsdp_full,16,16,0,False,nsdp_full,16,13,,True
3,446,308.9,False,nsdp_full,16,12,0,False,nsdp_full,16,12,,True
4,446,308.9,False,nsdp_full,16,17,0,False,nsdp_full,16,23,,True
5,446,308.9,False,nsdp_full,16,19,0,False,nsdp_full,16,15,,True
7,446,308.9,False,nsdp_full,16,12,0,False,nsdp_full,16,11,,True
8,446,308.9,False,nsdp_full,16,26,0,False,nsdp_full,16,28,,True
2,447,308.92,False,nsdp_full,16,16,0,False,nsdp_full,16,13,,True
3,447,308.92,False,nsdp_full,16,12,0,False,nsdp_full,16,12,,True
4,447,308.92,False,nsdp_full,16,17,0,False,nsdp_full,16,23,,True
5,447,308.92,False,nsdp_full,16,19,0,False,nsdp_full,16,15,,True
7,447,308.92,False,nsdp_full,16,12,0,False,nsdp_full,16,11,,True
8,447,308.92,False,nsdp_full,16,26,0,False,nsdp_full,16,28,,True
2,448,308.94,False,nsdp_full,16,16,0,False,nsdp_full,16,13,,True
3,448,308.94,False,nsdp_full,16,12,0,False,nsdp_full,16,12,,True
4,448,308.94,False,nsdp_full,16,17,0,False,nsdp_full,16,23,,True
5,448,308.94,False,nsdp_full,16,19,0,False,nsdp_full,16,15,,True
7,448,308.94,False,nsdp_full,16,12,0,False,nsdp_full,16,11,,True
8,448,308.94,False,nsdp_full,16,26,0,False,nsdp_full,16,28,,True
2,449,308.96,False,nsdp_full,16,16,0,False,nsdp_full,16,13,,True
3,449,308.96,False,nsdp_full,16,12,0,False,nsdp_full,16,12,,True
4,449,308.96,False,nsdp_full,16,17,0,False,nsdp_full,16,23,,True
5,449,308.96,False,nsdp_full,16,19,0,False,nsdp_full,16,15,,True
7,449,308.96,False,nsdp_full,16,12,0,False,nsdp_full,16,11,,True
8,449,308.96,False,nsdp_full,16,26,0,False,nsdp_full,16,28,,True
2,450,308.98,False,nsdp_full,16,16,0,False,nsdp_full,16,13,,True
3,450,308.98,False,nsdp_full,16,12,0,False,nsdp_full,16,12,,True
4,450,308.98,False,nsdp_full,16,17,0,False,nsdp_full,16,23,,True
5,450,308.98,False,nsdp_full,16,19,0,False,nsdp_full,16,15,,True
7,450,308.98,False,nsdp_full,16,12,0,False,nsdp_full,16,11,,True
8,450,308.98,False,nsdp_full,16,26,0,False,nsdp_full,16,28,,True
2,451,309,False,nsdp_full,16,16,0,False,nsdp_full,16,13,,True
3,451,309,False,nsdp_full,16,12,0,False,nsdp_full,16,12,,True
4,451,309,False,nsdp_full,16,17,0,False,nsdp_full,16,23,,True
5,451,309,False,nsdp_full,16,19,0,False,nsdp_full,16,15,,True
7,451,309,True,admitted,15,11,125,False,nsdp_full,16,11,,False
8,451,309,False,nsdp_full,16,26,0,False,nsdp_full,16,28,,True
2,452,309.02,False,nsdp_full,16,16,0,False,nsdp_full,16,13,,True
3,452,309.02,False,nsdp_full,16,12,0,False,nsdp_full,16,12,,True
4,452,309.02,False,nsdp_full,16,17,0,False,nsdp_full,16,23,,True
5,452,309.02,False,nsdp_full,16,19,0,False,nsdp_full,16,15,,True
7,452,309.02,False,nsdp_full,16,12,0,False,nsdp_full,16,11,,True
8,452,309.02,False,nsdp_full,16,26,0,False,nsdp_full,16,28,,True
2,453,309.04,False,nsdp_full,16,16,0,False,nsdp_full,16,13,,True
3,453,309.04,False,nsdp_full,16,12,0,False,nsdp_full,16,12,,True
4,453,309.04,False,nsdp_full,16,17,0,False,nsdp_full,16,23,,True
5,453,309.04,False,nsdp_full,16,19,0,False,nsdp_full,16,15,,True
7,453,309.04,False,nsdp_full,16,12,0,False,nsdp_full,16,11,,True
8,453,309.04,False,nsdp_full,16,26,0,False,nsdp_full,16,28,,True
2,454,309.06,False,nsdp_full,16,16,0,False,nsdp_full,16,13,,True
3,454,309.06,False,nsdp_full,16,12,0,False,nsdp_full,16,12,,True
4,454,309.06,False,nsdp_full,16,17,0,False,nsdp_full,16,23,,True
5,454,309.06,False,nsdp_full,16,19,0,False,nsdp_full,16,15,,True
7,454,309.06,False,nsdp_full,16,12,0,False,nsdp_full,16,11,,True
8,454,309.06,False,nsdp_full,16,26,0,False,nsdp_full,16,29,,True
2,455,309.08,False,nsdp_full,16,16,0,False,nsdp_full,16,13,,True
3,455,309.08,False,nsdp_full,16,12,0,False,nsdp_full,16,12,,True
4,455,309.08,False,nsdp_full,16,17,0,False,nsdp_full,16,23,,True
5,455,309.08,False,nsdp_full,16,19,0,False,nsdp_full,16,15,,True
7,455,309.08,False,nsdp_full,16,12,0,False,nsdp_full,16,11,,True
8,455,309.08,False,nsdp_full,16,26,0,False,nsdp_full,16,29,,True
2,456,309.1,False,nsdp_full,16,16,0,False,nsdp_full,16,13,,True
3,456,309.1,False,nsdp_full,16,12,0,False,nsdp_full,16,12,,True
4,456,309.1,False,nsdp_full,16,17,0,False,nsdp_full,16,24,,True
5,456,309.1,False,nsdp_full,16,19,0,False,nsdp_full,16,15,,True
7,456,309.1,False,nsdp_full,16,12,0,False,nsdp_full,16,11,,True
8,456,309.1,False,nsdp_full,16,26,0,False,nsdp_full,16,29,,True
2,457,309.12,False,nsdp_full,16,16,0,False,nsdp_full,16,13,,True
3,457,309.12,False,nsdp_full,16,12,0,False,nsdp_full,16,12,,True
4,457,309.12,False,nsdp_full,16,17,0,False,nsdp_full,16,24,,True
5,457,309.12,False,nsdp_full,16,19,0,False,nsdp_full,16,15,,True
7,457,309.12,False,nsdp_full,16,12,0,False,nsdp_full,16,11,,True
8,457,309.12,False,nsdp_full,16,26,0,False,nsdp_full,16,29,,True
2,458,309.14,True,admitted,15,15,126,False,nsdp_full,16,13,,False
3,458,309.14,False,nsdp_full,16,12,0,False,nsdp_full,16,12,,True
4,458,309.14,False,nsdp_full,16,17,0,False,nsdp_full,16,24,,True
5,458,309.14,False,nsdp_full,16,19,0,False,nsdp_full,16,15,,True
7,458,309.14,False,nsdp_full,16,12,0,False,nsdp_full,16,11,,True
8,458,309.14,False,nsdp_full,16,26,0,False,nsdp_full,16,29,,True
2,459,309.16,False,nsdp_full,16,16,0,False,nsdp_full,16,13,,True
3,459,309.16,False,nsdp_full,16,12,0,False,nsdp_full,16,12,,True
4,459,309.16,False,nsdp_full,16,17,0,False,nsdp_full,16,24,,True
5,459,309.16,False,nsdp_full,16,19,0,False,nsdp_full,16,15,,True
7,459,309.16,False,nsdp_full,16,12,0,False,nsdp_full,16,11,,True
8,459,309.16,False,nsdp_full,16,26,0,False,nsdp_full,16,29,,True
2,460,309.18,False,nsdp_full,16,16,0,False,nsdp_full,16,13,,True
3,460,309.18,False,nsdp_full,16,12,0,False,nsdp_full,16,12,,True
4,460,309.18,False,nsdp_full,16,17,0,False,nsdp_full,16,24,,True
5,460,309.18,False,nsdp_full,16,19,0,False,nsdp_full,16,15,,True
7,460,309.18,False,nsdp_full,16,12,0,False,nsdp_full,16,11,,True
8,460,309.18,False,nsdp_full,16,26,0,False,nsdp_full,16,29,,True
2,461,309.2,False,nsdp_full,16,16,0,False,nsdp_full,16,13,,True
3,461,309.2,False,nsdp_full,16,12,0,False,nsdp_full,16,12,,True
4,461,309.2,False,nsdp_full,16,17,0,False,nsdp_full,16,24,,True
5,461,309.2,False,nsdp_full,16,19,0,False,nsdp_full,16,15,,True
7,461,309.2,False,nsdp_full,16,12,0,False,nsdp_full,16,11,,True
8,461,309.2,False,nsdp_full,16,26,0,False,nsdp_full,16,29,,True
2,462,309.22,False,nsdp_full,16,16,0,False,nsdp_full,16,13,,True
3,462,309.22,False,nsdp_full,16,12,0,False,nsdp_full,16,12,,True
4,462,309.22,False,nsdp_full,16,17,0,False,nsdp_full,16,24,,True
5,462,309.22,False,nsdp_full,16,19,0,False,nsdp_full,16,15,,True
7,462,309.22,False,nsdp_full,16,12,0,False,nsdp_full,16,11,,True
8,462,309.22,False,nsdp_full,16,26,0,False,nsdp_full,16,29,,True
2,463,309.24,False,nsdp_full,16,16,0,False,nsdp_full,16,13,,True
3,463,309.24,False,nsdp_full,16,12,0,False,nsdp_full,16,12,,True
4,463,309.24,False,nsdp_full,16,17,0,False,nsdp_full,16,24,,True
5,463,309.24,False,nsdp_full,16,19,0,False,nsdp_full,16,15,,True
7,463,309.24,False,nsdp_full,16,12,0,False,nsdp_full,16,11,,True
8,463,309.24,False,nsdp_full,16,26,0,False,nsdp_full,16,29,,True
2,464,309.26,False,nsdp_full,16,16,0,False,nsdp_full,16,13,,True
3,464,309.26,False,nsdp_full,16,12,0,False,nsdp_full,16,12,,True
4,464,309.26,False,nsdp_full,16,17,0,False,nsdp_full,16,24,,True
5,464,309.26,False,nsdp_full,16,19,0,False,nsdp_full,16,15,,True
7,464,309.26,False,nsdp_full,16,12,0,False,nsdp_full,16,11,,True
8,464,309.26,False,nsdp_full,16,26,0,False,nsdp_full,16,29,,True
2,465,309.28,False,nsdp_full,16,16,0,False,nsdp_full,16,13,,True
3,465,309.28,False,nsdp_full,16,12,0,False,nsdp_full,16,12,,True
4,465,309.28,False,nsdp_full,16,17,0,False,nsdp_full,16,24,,True
5,465,309.28,False,nsdp_full,16,19,0,False,nsdp_full,16,15,,True
7,465,309.28,False,nsdp_full,16,12,0,False,nsdp_full,16,11,,True
8,465,309.28,False,nsdp_full,16,26,0,False,nsdp_full,16,29,,True
2,466,309.3,False,nsdp_full,16,16,0,False,nsdp_full,16,13,,True
3,466,309.3,False,nsdp_full,16,12,0,False,nsdp_full,16,12,,True
4,466,309.3,False,nsdp_full,16,17,0,False,nsdp_full,16,24,,True
5,466,309.3,False,nsdp_full,16,19,0,False,nsdp_full,16,15,,True
7,466,309.3,False,nsdp_full,16,12,0,False,nsdp_full,16,11,,True
8,466,309.3,False,nsdp_full,16,26,0,False,nsdp_full,16,29,,True
2,467,309.32,False,nsdp_full,16,16,0,False,nsdp_full,16,13,,True
3,467,309.32,False,nsdp_full,16,12,0,False,nsdp_full,16,12,,True
4,467,309.32,False,nsdp_full,16,17,0,False,nsdp_full,16,24,,True
5,467,309.32,False,nsdp_full,16,19,0,False,nsdp_full,16,15,,True
7,467,309.32,False,nsdp_full,16,12,0,False,nsdp_full,16,11,,True
8,467,309.32,False,nsdp_full,16,26,0,False,nsdp_full,16,29,,True
2,468,309.34,False,nsdp_full,16,16,0,False,nsdp_full,16,13,,True
3,468,309.34,False,nsdp_full,16,12,0,False,nsdp_full,16,12,,True
4,468,309.34,False,nsdp_full,16,17,0,False,nsdp_full,16,24,,True
5,468,309.34,False,nsdp_full,16,19,0,False,nsdp_full,16,15,,True
7,468,309.34,False,nsdp_full,16,12,0,False,nsdp_full,16,11,,True
8,468,309.34,False,nsdp_full,16,26,0,False,nsdp_full,16,29,,True
2,469,309.36,False,nsdp_full,16,16,0,False,nsdp_full,16,13,,True
3,469,309.36,False,nsdp_full,16,12,0,False,nsdp_full,16,12,,True
4,469,309.36,False,nsdp_full,16,17,0,False,nsdp_full,16,24,,True
5,469,309.36,False,nsdp_full,16,19,0,False,nsdp_full,16,15,,True
7,469,309.36,False,nsdp_full,16,12,0,False,nsdp_full,16,11,,True
8,469,309.36,False,nsdp_full,16,26,0,False,nsdp_full,16,29,,True
2,470,309.38,False,nsdp_full,16,16,0,False,nsdp_full,16,13,,True
3,470,309.38,False,nsdp_full,16,12,0,False,nsdp_full,16,12,,True
4,470,309.38,False,nsdp_full,16,17,0,False,nsdp_full,16,24,,True
5,470,309.38,False,nsdp_full,16,19,0,False,nsdp_full,16,15,,True
7,470,309.38,False,nsdp_full,16,12,0,False,nsdp_full,16,11,,True
8,470,309.38,False,nsdp_full,16,26,0,False,nsdp_full,16,29,,True
2,471,309.4,False,nsdp_full,16,16,0,False,nsdp_full,16,13,,True
3,471,309.4,False,nsdp_full,16,12,0,False,nsdp_full,16,12,,True
4,471,309.4,False,nsdp_full,16,17,0,False,nsdp_full,16,24,,True
5,471,309.4,False,nsdp_full,16,19,0,False,nsdp_full,16,15,,True
7,471,309.4,False,nsdp_full,16,12,0,False,nsdp_full,16,11,,True
8,471,309.4,False,nsdp_full,16,26,0,False,nsdp_full,16,29,,True
2,472,309.42,False,nsdp_full,16,16,0,False,nsdp_full,16,13,,True
3,472,309.42,False,nsdp_full,16,12,0,False,nsdp_full,16,12,,True
4,472,309.42,False,nsdp_full,16,17,0,False,nsdp_full,16,24,,True
5,472,309.42,False,nsdp_full,16,19,0,False,nsdp_full,16,15,,True
7,472,309.42,False,nsdp_full,16,12,0,False,nsdp_full,16,11,,True
8,472,309.42,False,nsdp_full,16,26,0,False,nsdp_full,16,29,,True
2,473,309.44,False,nsdp_full,16,16,0,True,admitted,15,11,1052,False
3,473,309.44,False,nsdp_full,16,12,0,False,nsdp_full,16,12,,True
4,473,309.44,False,nsdp_full,16,18,0,False,nsdp_full,16,24,,True
5,473,309.44,False,nsdp_full,16,19,0,False,nsdp_full,16,15,,True
7,473,309.44,False,nsdp_full,16,12,0,False,nsdp_full,16,11,,True
8,473,309.44,False,nsdp_full,16,26,0,False,nsdp_full,16,29,,True
2,474,309.46,False,nsdp_full,16,16,0,False,nsdp_full,16,12,,True
3,474,309.46,False,nsdp_full,16,12,0,False,nsdp_full,16,12,,True
4,474,309.46,False,nsdp_full,16,18,0,False,nsdp_full,16,24,,True
5,474,309.46,False,nsdp_full,16,19,0,False,nsdp_full,16,15,,True
7,474,309.46,False,nsdp_full,16,12,0,False,nsdp_full,16,11,,True
8,474,309.46,False,nsdp_full,16,26,0,False,nsdp_full,16,29,,True
2,475,309.48,False,nsdp_full,16,16,0,False,nsdp_full,16,12,,True
3,475,309.48,False,nsdp_full,16,12,0,True,admitted,14,9,1053,False
4,475,309.48,False,nsdp_full,16,18,0,False,nsdp_full,16,24,,True
5,475,309.48,False,nsdp_full,16,19,0,True,admitted,15,14,1054,False
7,475,309.48,False,nsdp_full,16,12,0,False,nsdp_full,16,11,,True
8,475,309.48,False,nsdp_full,16,26,0,False,nsdp_full,16,29,,True
2,476,309.5,False,nsdp_full,16,16,0,False,nsdp_full,16,12,,True
3,476,309.5,False,nsdp_full,16,12,0,True,admitted,15,10,1055,False
4,476,309.5,False,nsdp_full,16,18,0,False,nsdp_full,16,24,,True
5,476,309.5,False,nsdp_full,16,19,0,False,nsdp_full,16,15,,True
7,476,309.5,False,nsdp_full,16,12,0,False,nsdp_full,16,11,,True
8,476,309.5,False,nsdp_full,16,26,0,False,nsdp_full,16,29,,True
2,477,309.52,False,nsdp_full,16,16,0,False,nsdp_full,16,12,,True
3,477,309.52,False,nsdp_full,16,12,0,False,nsdp_full,16,11,,True
4,477,309.52,False,nsdp_full,16,18,0,False,nsdp_full,16,24,,True
5,477,309.52,False,nsdp_full,16,19,0,False,nsdp_full,16,15,,True
7,477,309.52,False,nsdp_full,16,12,0,False,nsdp_full,16,11,,True
8,477,309.52,False,nsdp_full,16,26,0,False,nsdp_full,16,29,,True
2,478,309.54,False,nsdp_full,16,16,0,False,nsdp_full,16,12,,True
3,478,309.54,False,nsdp_full,16,12,0,False,nsdp_full,16,11,,True
4,478,309.54,False,nsdp_full,16,18,0,False,nsdp_full,16,24,,True
5,478,309.54,False,nsdp_full,16,19,0,False,nsdp_full,16,15,,True
7,478,309.54,False,nsdp_full,16,12,0,False,nsdp_full,16,11,,True
8,478,309.54,False,nsdp_full,16,26,0,False,nsdp_full,16,29,,True
2,479,309.56,False,nsdp_full,16,16,0,False,nsdp_full,16,12,,True
3,479,309.56,True,admitted,15,10,127,False,nsdp_full,16,11,,False
4,479,309.56,False,nsdp_full,16,18,0,False,nsdp_full,16,24,,True
5,479,309.56,True,admitted,15,18,128,False,nsdp_full,16,15,,False
7,479,309.56,False,nsdp_full,16,12,0,False,nsdp_full,16,11,,True
8,479,309.56,False,nsdp_full,16,26,0,False,nsdp_full,16,29,,True
2,480,309.58,False,nsdp_full,16,16,0,False,nsdp_full,16,12,,True
3,480,309.58,False,nsdp_full,16,11,0,False,nsdp_full,16,11,,True
4,480,309.58,False,nsdp_full,16,18,0,False,nsdp_full,16,24,,True
5,480,309.58,False,nsdp_full,16,19,0,False,nsdp_full,16,15,,True
7,480,309.58,False,nsdp_full,16,12,0,False,nsdp_full,16,11,,True
8,480,309.58,False,nsdp_full,16,26,0,False,nsdp_full,16,29,,True
2,481,309.6,False,nsdp_full,16,16,0,False,nsdp_full,16,12,,True
3,481,309.6,False,nsdp_full,16,11,0,False,nsdp_full,16,11,,True
4,481,309.6,False,nsdp_full,16,18,0,False,nsdp_full,16,24,,True
5,481,309.6,False,nsdp_full,16,19,0,False,nsdp_full,16,15,,True
7,481,309.6,False,nsdp_full,16,12,0,False,nsdp_full,16,11,,True
8,481,309.6,False,nsdp_full,16,26,0,False,nsdp_full,16,29,,True
2,482,309.62,False,nsdp_full,16,16,0,False,nsdp_full,16,12,,True
3,482,309.62,False,nsdp_full,16,11,0,False,nsdp_full,16,11,,True
4,482,309.62,False,nsdp_full,16,18,0,False,nsdp_full,16,24,,True
5,482,309.62,False,nsdp_full,16,19,0,False,nsdp_full,16,15,,True
7,482,309.62,False,nsdp_full,16,12,0,False,nsdp_full,16,11,,True
8,482,309.62,False,nsdp_full,16,26,0,False,nsdp_full,16,29,,True
2,483,309.64,False,nsdp_full,16,16,0,False,nsdp_full,16,12,,True
3,483,309.64,False,nsdp_full,16,11,0,False,nsdp_full,16,11,,True
4,483,309.64,False,nsdp_full,16,18,0,False,nsdp_full,16,24,,True
5,483,309.64,False,nsdp_full,16,19,0,False,nsdp_full,16,15,,True
7,483,309.64,False,nsdp_full,16,12,0,False,nsdp_full,16,11,,True
8,483,309.64,False,nsdp_full,16,26,0,False,nsdp_full,16,29,,True
2,484,309.66,False,nsdp_full,16,16,0,False,nsdp_full,16,12,,True
3,484,309.66,False,nsdp_full,16,11,0,False,nsdp_full,16,11,,True
4,484,309.66,False,nsdp_full,16,18,0,False,nsdp_full,16,24,,True
5,484,309.66,False,nsdp_full,16,19,0,False,nsdp_full,16,15,,True
7,484,309.66,False,nsdp_full,16,12,0,False,nsdp_full,16,11,,True
8,484,309.66,False,nsdp_full,16,26,0,False,nsdp_full,16,29,,True
2,485,309.68,False,nsdp_full,16,16,0,False,nsdp_full,16,12,,True
3,485,309.68,False,nsdp_full,16,11,0,False,nsdp_full,16,11,,True
4,485,309.68,False,nsdp_full,16,18,0,False,nsdp_full,16,24,,True
5,485,309.68,False,nsdp_full,16,19,0,False,nsdp_full,16,15,,True
7,485,309.68,False,nsdp_full,16,12,0,False,nsdp_full,16,11,,True
8,485,309.68,False,nsdp_full,16,26,0,False,nsdp_full,16,29,,True
2,486,309.7,False,nsdp_full,16,16,0,False,nsdp_full,16,12,,True
3,486,309.7,False,nsdp_full,16,11,0,False,nsdp_full,16,11,,True
4,486,309.7,False,nsdp_full,16,18,0,False,nsdp_full,16,24,,True
5,486,309.7,False,nsdp_full,16,19,0,False,nsdp_full,16,15,,True
7,486,309.7,False,nsdp_full,16,12,0,False,nsdp_full,16,11,,True
8,486,309.7,False,nsdp_full,16,26,0,False,nsdp_full,16,29,,True
2,487,309.72,False,nsdp_full,16,16,0,False,nsdp_full,16,12,,True
3,487,309.72,False,nsdp_full,16,11,0,False,nsdp_full,16,11,,True
4,487,309.72,False,nsdp_full,16,18,0,False,nsdp_full,16,24,,True
5,487,309.72,False,nsdp_full,16,19,0,False,nsdp_full,16,15,,True
7,487,309.72,False,nsdp_full,16,12,0,False,nsdp_full,16,11,,True
8,487,309.72,False,nsdp_full,16,26,0,False,nsdp_full,16,29,,True
2,488,309.74,False,nsdp_full,16,16,0,False,nsdp_full,16,12,,True
3,488,309.74,False,nsdp_full,16,11,0,False,nsdp_full,16,11,,True
4,488,309.74,False,nsdp_full,16,18,0,False,nsdp_full,16,24,,True
5,488,309.74,False,nsdp_full,16,19,0,False,nsdp_full,16,15,,True
7,488,309.74,False,nsdp_full,16,12,0,False,nsdp_full,16,11,,True
8,488,309.74,False,nsdp_full,16,26,0,False,nsdp_full,16,29,,True
2,489,309.76,False,nsdp_full,16,16,0,False,nsdp_full,16,12,,True
3,489,309.76,False,nsdp_full,16,11,0,False,nsdp_full,16,11,,True
4,489,309.76,False,nsdp_full,16,18,0,False,nsdp_full,16,24,,True
5,489,309.76,False,nsdp_full,16,19,0,False,nsdp_full,16,15,,True
7,489,309.76,False,nsdp_full,16,12,0,False,nsdp_full,16,11,,True
8,489,309.76,False,nsdp_full,16,26,0,False,nsdp_full,16,29,,True
2,490,309.78,False,nsdp_full,16,16,0,False,nsdp_full,16,12,,True
3,490,309.78,False,nsdp_full,16,11,0,False,nsdp_full,16,11,,True
4,490,309.78,False,nsdp_full,16,18,0,False,nsdp_full,16,24,,True
5,490,309.78,False,nsdp_full,16,19,0,False,nsdp_full,16,15,,True
7,490,309.78,False,nsdp_full,16,12,0,False,nsdp_full,16,11,,True
8,490,309.78,False,nsdp_full,16,26,0,False,nsdp_full,16,29,,True
2,491,309.8,False,nsdp_full,16,16,0,False,nsdp_full,16,12,,True
3,491,309.8,False,nsdp_full,16,11,0,False,nsdp_full,16,11,,True
4,491,309.8,False,nsdp_full,16,18,0,False,nsdp_full,16,24,,True
5,491,309.8,False,nsdp_full,16,19,0,False,nsdp_full,16,15,,True
7,491,309.8,False,nsdp_full,16,12,0,False,nsdp_full,16,11,,True
8,491,309.8,False,nsdp_full,16,26,0,False,nsdp_full,16,29,,True
2,492,309.82,True,admitted,15,15,129,False,nsdp_full,16,12,,False
3,492,309.82,False,nsdp_full,16,11,0,False,nsdp_full,16,11,,True
4,492,309.82,False,nsdp_full,16,18,0,False,nsdp_full,16,24,,True
5,492,309.82,False,nsdp_full,16,19,0,False,nsdp_full,16,15,,True
7,492,309.82,False,nsdp_full,16,12,0,False,nsdp_full,16,11,,True
8,492,309.82,False,nsdp_full,16,26,0,False,nsdp_full,16,29,,True
2,493,309.84,False,nsdp_full,16,16,0,False,nsdp_full,16,12,,True
3,493,309.84,False,nsdp_full,16,11,0,False,nsdp_full,16,11,,True
4,493,309.84,False,nsdp_full,16,18,0,False,nsdp_full,16,24,,True
5,493,309.84,False,nsdp_full,16,19,0,False,nsdp_full,16,15,,True
7,493,309.84,False,nsdp_full,16,12,0,False,nsdp_full,16,11,,True
8,493,309.84,False,nsdp_full,16,26,0,False,nsdp_full,16,29,,True
2,494,309.86,False,nsdp_full,16,16,0,False,nsdp_full,16,12,,True
3,494,309.86,False,nsdp_full,16,11,0,False,nsdp_full,16,11,,True
4,494,309.86,False,nsdp_full,16,18,0,False,nsdp_full,16,24,,True
5,494,309.86,False,nsdp_full,16,19,0,False,nsdp_full,16,15,,True
7,494,309.86,False,nsdp_full,16,12,0,False,nsdp_full,16,11,,True
8,494,309.86,False,nsdp_full,16,26,0,False,nsdp_full,16,29,,True
2,495,309.88,False,nsdp_full,16,16,0,False,nsdp_full,16,12,,True
3,495,309.88,False,nsdp_full,16,11,0,False,nsdp_full,16,11,,True
4,495,309.88,False,nsdp_full,16,18,0,False,nsdp_full,16,24,,True
5,495,309.88,False,nsdp_full,16,19,0,False,nsdp_full,16,15,,True
7,495,309.88,False,nsdp_full,16,12,0,False,nsdp_full,16,11,,True
8,495,309.88,False,nsdp_full,16,26,0,False,nsdp_full,16,29,,True
2,496,309.9,False,nsdp_full,16,16,0,False,nsdp_full,16,12,,True
3,496,309.9,False,nsdp_full,16,11,0,False,nsdp_full,16,11,,True
4,496,309.9,False,nsdp_full,16,18,0,False,nsdp_full,16,24,,True
5,496,309.9,False,nsdp_full,16,19,0,False,nsdp_full,16,15,,True
7,496,309.9,False,nsdp_full,16,12,0,False,nsdp_full,16,11,,True
8,496,309.9,False,nsdp_full,16,26,0,False,nsdp_full,16,29,,True
2,497,309.92,False,nsdp_full,16,16,0,False,nsdp_full,16,12,,True
3,497,309.92,False,nsdp_full,16,11,0,False,nsdp_full,16,11,,True
4,497,309.92,False,nsdp_full,16,18,0,False,nsdp_full,16,25,,True
5,497,309.92,False,nsdp_full,16,19,0,False,nsdp_full,16,15,,True
7,497,309.92,False,nsdp_full,16,12,0,False,nsdp_full,16,11,,True
8,497,309.92,False,nsdp_full,16,26,0,False,nsdp_full,16,29,,True
2,498,309.94,False,nsdp_full,16,16,0,False,nsdp_full,16,12,,True
3,498,309.94,False,nsdp_full,16,11,0,False,nsdp_full,16,11,,True
4,498,309.94,False,nsdp_full,16,18,0,False,nsdp_full,16,25,,True
5,498,309.94,False,nsdp_full,16,19,0,False,nsdp_full,16,15,,True
7,498,309.94,False,nsdp_full,16,12,0,False,nsdp_full,16,11,,True
8,498,309.94,False,nsdp_full,16,26,0,False,nsdp_full,16,29,,True
2,499,309.96,False,nsdp_full,16,16,0,False,nsdp_full,16,12,,True
3,499,309.96,False,nsdp_full,16,11,0,False,nsdp_full,16,11,,True
4,499,309.96,False,nsdp_full,16,18,0,False,nsdp_full,16,25,,True
5,499,309.96,False,nsdp_full,16,19,0,False,nsdp_full,16,15,,True
7,499,309.96,False,nsdp_full,16,12,0,False,nsdp_full,16,11,,True
8,499,309.96,False,nsdp_full,16,26,0,False,nsdp_full,16,29,,True
2,500,309.98,False,nsdp_full,16,16,0,False,nsdp_full,16,12,,True
3,500,309.98,False,nsdp_full,16,11,0,False,nsdp_full,16,11,,True
4,500,309.98,False,nsdp_full,16,18,0,False,nsdp_full,16,25,,True
5,500,309.98,False,nsdp_full,16,19,0,False,nsdp_full,16,15,,True
7,500,309.98,False,nsdp_full,16,12,0,False,nsdp_full,16,11,,True
8,500,309.98,False,nsdp_full,16,27,0,False,nsdp_full,16,29,,True
2,501,310,False,nsdp_full,16,16,0,False,nsdp_full,16,12,,True
3,501,310,False,nsdp_full,16,11,0,False,nsdp_full,16,11,,True
4,501,310,False,nsdp_full,16,18,0,False,nsdp_full,16,25,,True
5,501,310,False,nsdp_full,16,19,0,False,nsdp_full,16,15,,True
7,501,310,False,nsdp_full,16,12,0,False,nsdp_full,16,11,,True
8,501,310,False,nsdp_full,16,27,0,False,nsdp_full,16,29,,True
2,502,310.02,False,nsdp_full,16,16,0,False,nsdp_full,16,12,,True
3,502,310.02,False,nsdp_full,16,11,0,False,nsdp_full,16,11,,True
4,502,310.02,False,nsdp_full,16,18,0,False,nsdp_full,16,25,,True
5,502,310.02,False,nsdp_full,16,19,0,False,nsdp_full,16,15,,True
7,502,310.02,False,nsdp_full,16,12,0,False,nsdp_full,16,11,,True
8,502,310.02,False,nsdp_full,16,27,0,False,nsdp_full,16,29,,True
2,503,310.04,False,nsdp_full,16,16,0,False,nsdp_full,16,12,,True
3,503,310.04,False,nsdp_full,16,11,0,False,nsdp_full,16,11,,True
4,503,310.04,False,nsdp_full,16,18,0,False,nsdp_full,16,25,,True
5,503,310.04,False,nsdp_full,16,19,0,False,nsdp_full,16,15,,True
7,503,310.04,False,nsdp_full,16,12,0,False,nsdp_full,16,11,,True
8,503,310.04,False,nsdp_full,16,27,0,False,nsdp_full,16,29,,True
2,504,310.06,False,nsdp_full,16,16,0,False,nsdp_full,16,12,,True
3,504,310.06,False,nsdp_full,16,11,0,False,nsdp_full,16,11,,True
4,504,310.06,False,nsdp_full,16,18,0,False,nsdp_full,16,25,,True
5,504,310.06,False,nsdp_full,16,19,0,False,nsdp_full,16,15,,True
7,504,310.06,False,nsdp_full,16,12,0,False,nsdp_full,16,11,,True
8,504,310.06,False,nsdp_full,16,27,0,False,nsdp_full,16,29,,True
2,505,310.08,False,nsdp_full,16,16,0,False,nsdp_full,16,12,,True
3,505,310.08,False,nsdp_full,16,11,0,False,nsdp_full,16,11,,True
4,505,310.08,False,nsdp_full,16,18,0,False,nsdp_full,16,25,,True
5,505,310.08,False,nsdp_full,16,19,0,False,nsdp_full,16,15,,True
7,505,310.08,False,nsdp_full,16,12,0,False,nsdp_full,16,11,,True
8,505,310.08,False,nsdp_full,16,27,0,False,nsdp_full,16,29,,True
2,506,310.1,False,nsdp_full,16,16,0,False,nsdp_full,16,12,,True
3,506,310.1,False,nsdp_full,16,11,0,False,nsdp_full,16,11,,True
4,506,310.1,False,nsdp_full,16,18,0,False,nsdp_full,16,25,,True
5,506,310.1,False,nsdp_full,16,19,0,False,nsdp_full,16,15,,True
7,506,310.1,False,nsdp_full,16,12,0,False,nsdp_full,16,11,,True
8,506,310.1,False,nsdp_full,16,27,0,False,nsdp_full,16,29,,True
2,507,310.12,False,nsdp_full,16,16,0,False,nsdp_full,16,12,,True
3,507,310.12,False,nsdp_full,16,11,0,False,nsdp_full,16,11,,True
4,507,310.12,False,nsdp_full,16,18,0,False,nsdp_full,16,25,,True
5,507,310.12,False,nsdp_full,16,19,0,False,nsdp_full,16,15,,True
7,507,310.12,False,nsdp_full,16,12,0,True,admitted,15,10,1057,False
8,507,310.12,False,nsdp_full,16,27,0,False,nsdp_full,16,29,,True
2,508,310.14,False,nsdp_full,16,16,0,False,nsdp_full,16,12,,True
3,508,310.14,False,nsdp_full,16,11,0,False,nsdp_full,16,11,,True
4,508,310.14,False,nsdp_full,16,18,0,False,nsdp_full,16,25,,True
5,508,310.14,False,nsdp_full,16,19,0,False,nsdp_full,16,15,,True
7,508,310.14,False,nsdp_full,16,12,0,False,nsdp_full,16,11,,True
8,508,310.14,False,nsdp_full,16,27,0,False,nsdp_full,16,29,,True
2,509,310.16,False,nsdp_full,16,16,0,False,nsdp_full,16,12,,True
3,509,310.16,False,nsdp_full,16,11,0,False,nsdp_full,16,11,,True
4,509,310.16,False,nsdp_full,16,18,0,False,nsdp_full,16,25,,True
5,509,310.16,False,nsdp_full,16,19,0,False,nsdp_full,16,15,,True
7,509,310.16,False,nsdp_full,16,12,0,False,nsdp_full,16,11,,True
8,509,310.16,False,nsdp_full,16,27,0,False,nsdp_full,16,29,,True
2,510,310.18,False,nsdp_full,16,16,0,False,nsdp_full,16,12,,True
3,510,310.18,False,nsdp_full,16,11,0,False,nsdp_full,16,11,,True
4,510,310.18,False,nsdp_full,16,18,0,False,nsdp_full,16,25,,True
5,510,310.18,False,nsdp_full,16,19,0,False,nsdp_full,16,15,,True
7,510,310.18,False,nsdp_full,16,12,0,False,nsdp_full,16,11,,True
8,510,310.18,False,nsdp_full,16,27,0,False,nsdp_full,16,29,,True
2,511,310.2,False,nsdp_full,16,16,0,False,nsdp_full,16,12,,True
3,511,310.2,False,nsdp_full,16,11,0,False,nsdp_full,16,11,,True
4,511,310.2,False,nsdp_full,16,18,0,False,nsdp_full,16,25,,True
5,511,310.2,False,nsdp_full,16,19,0,False,nsdp_full,16,15,,True
7,511,310.2,False,nsdp_full,16,12,0,False,nsdp_full,16,11,,True
8,511,310.2,False,nsdp_full,16,27,0,False,nsdp_full,16,29,,True
2,512,310.22,False,nsdp_full,16,16,0,False,nsdp_full,16,12,,True
3,512,310.22,False,nsdp_full,16,11,0,False,nsdp_full,16,11,,True
4,512,310.22,False,nsdp_full,16,18,0,False,nsdp_full,16,25,,True
5,512,310.22,False,nsdp_full,16,19,0,False,nsdp_full,16,15,,True
7,512,310.22,False,nsdp_full,16,12,0,False,nsdp_full,16,11,,True
8,512,310.22,False,nsdp_full,16,27,0,False,nsdp_full,16,29,,True
2,513,310.24,False,nsdp_full,16,16,0,False,nsdp_full,16,12,,True
3,513,310.24,False,nsdp_full,16,11,0,False,nsdp_full,16,11,,True
4,513,310.24,False,nsdp_full,16,18,0,False,nsdp_full,16,25,,True
5,513,310.24,False,nsdp_full,16,19,0,False,nsdp_full,16,15,,True
7,513,310.24,False,nsdp_full,16,12,0,False,nsdp_full,16,11,,True
8,513,310.24,False,nsdp_full,16,27,0,False,nsdp_full,16,29,,True
2,514,310.26,False,nsdp_full,16,16,0,False,nsdp_full,16,12,,True
3,514,310.26,False,nsdp_full,16,11,0,False,nsdp_full,16,11,,True
4,514,310.26,False,nsdp_full,16,18,0,False,nsdp_full,16,25,,True
5,514,310.26,False,nsdp_full,16,19,0,False,nsdp_full,16,15,,True
7,514,310.26,False,nsdp_full,16,12,0,False,nsdp_full,16,11,,True
8,514,310.26,False,nsdp_full,16,27,0,False,nsdp_full,16,29,,True
2,515,310.28,False,nsdp_full,16,16,0,False,nsdp_full,16,12,,True
3,515,310.28,False,nsdp_full,16,11,0,False,nsdp_full,16,11,,True
4,515,310.28,False,nsdp_full,16,18,0,False,nsdp_full,16,25,,True
5,515,310.28,False,nsdp_full,16,19,0,False,nsdp_full,16,15,,True
7,515,310.28,False,nsdp_full,16,12,0,False,nsdp_full,16,11,,True
8,515,310.28,False,nsdp_full,16,27,0,False,nsdp_full,16,29,,True
2,516,310.3,False,nsdp_full,16,16,0,False,nsdp_full,16,12,,True
3,516,310.3,False,nsdp_full,16,11,0,False,nsdp_full,16,11,,True
4,516,310.3,False,nsdp_full,16,18,0,False,nsdp_full,16,25,,True
5,516,310.3,False,nsdp_full,16,19,0,False,nsdp_full,16,15,,True
7,516,310.3,False,nsdp_full,16,12,0,False,nsdp_full,16,11,,True
8,516,310.3,False,nsdp_full,16,27,0,False,nsdp_full,16,29,,True
2,517,310.32,False,nsdp_full,16,16,0,False,nsdp_full,16,12,,True
3,517,310.32,False,nsdp_full,16,11,0,False,nsdp_full,16,11,,True
4,517,310.32,False,nsdp_full,16,18,0,False,nsdp_full,16,25,,True
5,517,310.32,True,admitted,15,18,130,False,nsdp_full,16,15,,False
7,517,310.32,False,nsdp_full,16,12,0,False,nsdp_full,16,11,,True
8,517,310.32,False,nsdp_full,16,27,0,False,nsdp_full,16,29,,True
2,518,310.34,False,nsdp_full,16,16,0,False,nsdp_full,16,12,,True
3,518,310.34,False,nsdp_full,16,11,0,False,nsdp_full,16,11,,True
4,518,310.34,False,nsdp_full,16,18,0,False,nsdp_full,16,25,,True
5,518,310.34,False,nsdp_full,16,19,0,False,nsdp_full,16,15,,True
7,518,310.34,False,nsdp_full,16,12,0,False,nsdp_full,16,11,,True
8,518,310.34,False,nsdp_full,16,27,0,False,nsdp_full,16,29,,True
2,519,310.36,False,nsdp_full,16,16,0,False,nsdp_full,16,12,,True
3,519,310.36,False,nsdp_full,16,11,0,False,nsdp_full,16,11,,True
4,519,310.36,False,nsdp_full,16,18,0,False,nsdp_full,16,25,,True
5,519,310.36,False,nsdp_full,16,19,0,False,nsdp_full,16,15,,True
7,519,310.36,False,nsdp_full,16,12,0,False,nsdp_full,16,11,,True
8,519,310.36,False,nsdp_full,16,27,0,False,nsdp_full,16,29,,True
2,520,310.38,False,nsdp_full,16,16,0,False,nsdp_full,16,12,,True
3,520,310.38,False,nsdp_full,16,11,0,False,nsdp_full,16,11,,True
4,520,310.38,False,nsdp_full,16,18,0,False,nsdp_full,16,25,,True
5,520,310.38,False,nsdp_full,16,19,0,False,nsdp_full,16,15,,True
7,520,310.38,False,nsdp_full,16,12,0,False,nsdp_full,16,11,,True
8,520,310.38,False,nsdp_full,16,27,0,False,nsdp_full,16,29,,True
2,521,310.4,False,nsdp_full,16,16,0,False,nsdp_full,16,12,,True
3,521,310.4,False,nsdp_full,16,11,0,False,nsdp_full,16,11,,True
4,521,310.4,False,nsdp_full,16,18,0,False,nsdp_full,16,25,,True
5,521,310.4,False,nsdp_full,16,19,0,False,nsdp_full,16,15,,True
7,521,310.4,False,nsdp_full,16,12,0,False,nsdp_full,16,11,,True
8,521,310.4,False,nsdp_full,16,27,0,False,nsdp_full,16,29,,True
2,522,310.42,False,nsdp_full,16,16,0,False,nsdp_full,16,12,,True
3,522,310.42,False,nsdp_full,16,11,0,False,nsdp_full,16,11,,True
4,522,310.42,False,nsdp_full,16,18,0,False,nsdp_full,16,25,,True
5,522,310.42,False,nsdp_full,16,19,0,False,nsdp_full,16,15,,True
7,522,310.42,False,nsdp_full,16,12,0,False,nsdp_full,16,11,,True
8,522,310.42,False,nsdp_full,16,27,0,False,nsdp_full,16,29,,True
2,523,310.44,False,nsdp_full,16,16,0,False,nsdp_full,16,12,,True
3,523,310.44,False,nsdp_full,16,11,0,False,nsdp_full,16,11,,True
4,523,310.44,False,nsdp_full,16,18,0,False,nsdp_full,16,25,,True
5,523,310.44,False,nsdp_full,16,19,0,False,nsdp_full,16,15,,True
7,523,310.44,False,nsdp_full,16,12,0,False,nsdp_full,16,11,,True
8,523,310.44,False,nsdp_full,16,27,0,False,nsdp_full,16,29,,True
2,524,310.46,False,nsdp_full,16,16,0,False,nsdp_full,16,12,,True
3,524,310.46,False,nsdp_full,16,11,0,False,nsdp_full,16,11,,True
4,524,310.46,False,nsdp_full,16,18,0,False,nsdp_full,16,25,,True
5,524,310.46,False,nsdp_full,16,19,0,False,nsdp_full,16,15,,True
7,524,310.46,False,nsdp_full,16,12,0,False,nsdp_full,16,11,,True
8,524,310.46,False,nsdp_full,16,27,0,False,nsdp_full,16,29,,True
2,525,310.48,False,nsdp_full,16,16,0,False,nsdp_full,16,12,,True
3,525,310.48,False,nsdp_full,16,11,0,False,nsdp_full,16,11,,True
4,525,310.48,False,nsdp_full,16,18,0,False,nsdp_full,16,25,,True
5,525,310.48,False,nsdp_full,16,19,0,False,nsdp_full,16,15,,True
7,525,310.48,False,nsdp_full,16,12,0,False,nsdp_full,16,11,,True
8,525,310.48,False,nsdp_full,16,27,0,False,nsdp_full,16,29,,True
2,526,310.5,False,nsdp_full,16,16,0,False,nsdp_full,16,12,,True
3,526,310.5,False,nsdp_full,16,11,0,False,nsdp_full,16,11,,True
4,526,310.5,False,nsdp_full,16,18,0,False,nsdp_full,16,25,,True
5,526,310.5,False,nsdp_full,16,19,0,False,nsdp_full,16,15,,True
7,526,310.5,False,nsdp_full,16,12,0,False,nsdp_full,16,11,,True
8,526,310.5,False,nsdp_full,16,28,0,False,nsdp_full,16,29,,True
2,527,310.52,False,nsdp_full,16,16,0,False,nsdp_full,16,12,,True
3,527,310.52,False,nsdp_full,16,11,0,False,nsdp_full,16,11,,True
4,527,310.52,False,nsdp_full,16,18,0,False,nsdp_full,16,25,,True
5,527,310.52,False,nsdp_full,16,19,0,False,nsdp_full,16,15,,True
7,527,310.52,False,nsdp_full,16,12,0,False,nsdp_full,16,11,,True
8,527,310.52,False,nsdp_full,16,28,0,False,nsdp_full,16,29,,True
2,528,310.54,False,nsdp_full,16,16,0,False,nsdp_full,16,12,,True
3,528,310.54,False,nsdp_full,16,11,0,False,nsdp_full,16,11,,True
4,528,310.54,False,nsdp_full,16,18,0,False,nsdp_full,16,25,,True
5,528,310.54,False,nsdp_full,16,19,0,False,nsdp_full,16,15,,True
7,528,310.54,False,nsdp_full,16,12,0,False,nsdp_full,16,11,,True
8,528,310.54,False,nsdp_full,16,28,0,False,nsdp_full,16,29,,True
2,529,310.56,False,nsdp_full,16,16,0,False,nsdp_full,16,12,,True
3,529,310.56,False,nsdp_full,16,11,0,False,nsdp_full,16,11,,True
4,529,310.56,False,nsdp_full,16,18,0,False,nsdp_full,16,25,,True
5,529,310.56,False,nsdp_full,16,19,0,False,nsdp_full,16,15,,True
7,529,310.56,False,nsdp_full,16,12,0,False,nsdp_full,16,11,,True
8,529,310.56,False,nsdp_full,16,28,0,False,nsdp_full,16,29,,True
2,530,310.58,False,nsdp_full,16,16,0,False,nsdp_full,16,12,,True
3,530,310.58,False,nsdp_full,16,11,0,False,nsdp_full,16,11,,True
4,530,310.58,False,nsdp_full,16,18,0,False,nsdp_full,16,25,,True
5,530,310.58,False,nsdp_full,16,19,0,False,nsdp_full,16,15,,True
7,530,310.58,False,nsdp_full,16,12,0,False,nsdp_full,16,11,,True
8,530,310.58,False,nsdp_full,16,28,0,False,nsdp_full,16,29,,True
2,531,310.6,False,nsdp_full,16,16,0,False,nsdp_full,16,12,,True
3,531,310.6,False,nsdp_full,16,11,0,False,nsdp_full,16,11,,True
4,531,310.6,False,nsdp_full,16,18,0,False,nsdp_full,16,25,,True
5,531,310.6,False,nsdp_full,16,19,0,False,nsdp_full,16,15,,True
7,531,310.6,False,nsdp_full,16,12,0,False,nsdp_full,16,11,,True
8,531,310.6,False,nsdp_full,16,28,0,False,nsdp_full,16,29,,True
2,532,310.62,False,nsdp_full,16,16,0,False,nsdp_full,16,12,,True
3,532,310.62,False,nsdp_full,16,11,0,False,nsdp_full,16,11,,True
4,532,310.62,False,nsdp_full,16,18,0,False,nsdp_full,16,25,,True
5,532,310.62,False,nsdp_full,16,19,0,False,nsdp_full,16,15,,True
7,532,310.62,False,nsdp_full,16,12,0,False,nsdp_full,16,11,,True
8,532,310.62,False,nsdp_full,16,28,0,False,nsdp_full,16,29,,True
2,533,310.64,False,nsdp_full,16,16,0,False,nsdp_full,16,12,,True
3,533,310.64,False,nsdp_full,16,11,0,False,nsdp_full,16,11,,True
4,533,310.64,False,nsdp_full,16,18,0,False,nsdp_full,16,25,,True
5,533,310.64,False,nsdp_full,16,19,0,False,nsdp_full,16,15,,True
7,533,310.64,False,nsdp_full,16,12,0,False,nsdp_full,16,11,,True
8,533,310.64,False,nsdp_full,16,28,0,False,nsdp_full,16,29,,True
2,534,310.66,False,nsdp_full,16,16,0,False,nsdp_full,16,12,,True
3,534,310.66,False,nsdp_full,16,11,0,False,nsdp_full,16,11,,True
4,534,310.66,False,nsdp_full,16,18,0,False,nsdp_full,16,25,,True
5,534,310.66,False,nsdp_full,16,19,0,False,nsdp_full,16,15,,True
7,534,310.66,False,nsdp_full,16,12,0,False,nsdp_full,16,11,,True
8,534,310.66,False,nsdp_full,16,28,0,False,nsdp_full,16,29,,True
2,535,310.68,False,nsdp_full,16,16,0,False,nsdp_full,16,12,,True
3,535,310.68,False,nsdp_full,16,11,0,False,nsdp_full,16,11,,True
4,535,310.68,False,nsdp_full,16,18,0,False,nsdp_full,16,25,,True
5,535,310.68,False,nsdp_full,16,19,0,False,nsdp_full,16,15,,True
7,535,310.68,True,admitted,14,10,131,False,nsdp_full,16,11,,False
8,535,310.68,False,nsdp_full,16,28,0,False,nsdp_full,16,29,,True
2,536,310.7,False,nsdp_full,16,16,0,False,nsdp_full,16,12,,True
3,536,310.7,False,nsdp_full,16,11,0,False,nsdp_full,16,11,,True
4,536,310.7,False,nsdp_full,16,18,0,False,nsdp_full,16,25,,True
5,536,310.7,False,nsdp_full,16,19,0,False,nsdp_full,16,15,,True
7,536,310.7,True,admitted,15,11,132,False,nsdp_full,16,11,,False
8,536,310.7,False,nsdp_full,16,28,0,False,nsdp_full,16,29,,True
2,537,310.72,False,nsdp_full,16,16,0,False,nsdp_full,16,12,,True
3,537,310.72,False,nsdp_full,16,11,0,False,nsdp_full,16,11,,True
4,537,310.72,False,nsdp_full,16,18,0,False,nsdp_full,16,25,,True
5,537,310.72,False,nsdp_full,16,19,0,False,nsdp_full,16,15,,True
7,537,310.72,False,nsdp_full,16,12,0,False,nsdp_full,16,11,,True
8,537,310.72,False,nsdp_full,16,28,0,False,nsdp_full,16,30,,True
2,538,310.74,False,nsdp_full,16,16,0,False,nsdp_full,16,12,,True
3,538,310.74,False,nsdp_full,16,11,0,False,nsdp_full,16,11,,True
4,538,310.74,False,nsdp_full,16,18,0,False,nsdp_full,16,26,,True
5,538,310.74,False,nsdp_full,16,19,0,False,nsdp_full,16,15,,True
7,538,310.74,False,nsdp_full,16,12,0,False,nsdp_full,16,11,,True
8,538,310.74,False,nsdp_full,16,28,0,False,nsdp_full,16,30,,True
2,539,310.76,False,nsdp_full,16,16,0,False,nsdp_full,16,12,,True
3,539,310.76,False,nsdp_full,16,11,0,False,nsdp_full,16,11,,True
4,539,310.76,False,nsdp_full,16,18,0,False,nsdp_full,16,26,,True
5,539,310.76,False,nsdp_full,16,19,0,False,nsdp_full,16,15,,True
7,539,310.76,False,nsdp_full,16,12,0,False,nsdp_full,16,11,,True
8,539,310.76,False,nsdp_full,16,28,0,False,nsdp_full,16,30,,True
2,540,310.78,False,nsdp_full,16,16,0,False,nsdp_full,16,12,,True
3,540,310.78,False,nsdp_full,16,11,0,False,nsdp_full,16,11,,True
4,540,310.78,False,nsdp_full,16,18,0,False,nsdp_full,16,26,,True
5,540,310.78,False,nsdp_full,16,19,0,False,nsdp_full,16,15,,True
7,540,310.78,False,nsdp_full,16,12,0,True,admitted,15,10,1062,False
8,540,310.78,False,nsdp_full,16,28,0,False,nsdp_full,16,30,,True
2,541,310.8,False,nsdp_full,16,16,0,False,nsdp_full,16,12,,True
3,541,310.8,False,nsdp_full,16,11,0,False,nsdp_full,16,11,,True
4,541,310.8,False,nsdp_full,16,18,0,False,nsdp_full,16,26,,True
5,541,310.8,False,nsdp_full,16,19,0,False,nsdp_full,16,15,,True
7,541,310.8,False,nsdp_full,16,12,0,False,nsdp_full,16,11,,True
8,541,310.8,False,nsdp_full,16,28,0,False,nsdp_full,16,30,,True
2,542,310.82,False,nsdp_full,16,16,0,False,nsdp_full,16,12,,True
3,542,310.82,False,nsdp_full,16,11,0,False,nsdp_full,16,11,,True
4,542,310.82,False,nsdp_full,16,18,0,False,nsdp_full,16,26,,True
5,542,310.82,False,nsdp_full,16,19,0,False,nsdp_full,16,15,,True
7,542,310.82,False,nsdp_full,16,12,0,False,nsdp_full,16,11,,True
8,542,310.82,False,nsdp_full,16,28,0,False,nsdp_full,16,30,,True
2,543,310.84,False,nsdp_full,16,16,0,False,nsdp_full,16,12,,True
3,543,310.84,False,nsdp_full,16,11,0,False,nsdp_full,16,11,,True
4,543,310.84,False,nsdp_full,16,18,0,False,nsdp_full,16,26,,True
5,543,310.84,False,nsdp_full,16,19,0,False,nsdp_full,16,15,,True
7,543,310.84,False,nsdp_full,16,12,0,False,nsdp_full,16,11,,True
8,543,310.84,False,nsdp_full,16,28,0,False,nsdp_full,16,30,,True
2,544,310.86,False,nsdp_full,16,16,0,False,nsdp_full,16,12,,True
3,544,310.86,False,nsdp_full,16,11,0,False,nsdp_full,16,11,,True
4,544,310.86,False,nsdp_full,16,18,0,False,nsdp_full,16,26,,True
5,544,310.86,False,nsdp_full,16,19,0,False,nsdp_full,16,15,,True
7,544,310.86,False,nsdp_full,16,12,0,False,nsdp_full,16,11,,True
8,544,310.86,False,nsdp_full,16,28,0,False,nsdp_full,16,30,,True
2,545,310.88,False,nsdp_full,16,16,0,False,nsdp_full,16,12,,True
3,545,310.88,False,nsdp_full,16,11,0,False,nsdp_full,16,11,,True
4,545,310.88,False,nsdp_full,16,18,0,False,nsdp_full,16,26,,True
5,545,310.88,False,nsdp_full,16,19,0,False,nsdp_full,16,15,,True
7,545,310.88,False,nsdp_full,16,12,0,False,nsdp_full,16,11,,True
8,545,310.88,False,nsdp_full,16,28,0,False,nsdp_full,16,30,,True
2,546,310.9,False,nsdp_full,16,16,0,False,nsdp_full,16,12,,True
3,546,310.9,False,nsdp_full,16,11,0,False,nsdp_full,16,11,,True
4,546,310.9,False,nsdp_full,16,18,0,False,nsdp_full,16,26,,True
5,546,310.9,False,nsdp_full,16,19,0,False,nsdp_full,16,15,,True
7,546,310.9,False,nsdp_full,16,12,0,False,nsdp_full,16,11,,True
8,546,310.9,False,nsdp_full,16,28,0,False,nsdp_full,16,30,,True
2,547,310.92,False,nsdp_full,16,16,0,False,nsdp_full,16,12,,True
3,547,310.92,False,nsdp_full,16,11,0,False,nsdp_full,16,11,,True
4,547,310.92,False,nsdp_full,16,18,0,False,nsdp_full,16,26,,True
5,547,310.92,False,nsdp_full,16,19,0,False,nsdp_full,16,15,,True
7,547,310.92,False,nsdp_full,16,12,0,False,nsdp_full,16,11,,True
8,547,310.92,False,nsdp_full,16,28,0,False,nsdp_full,16,30,,True
2,548,310.94,False,nsdp_full,16,16,0,False,nsdp_full,16,12,,True
3,548,310.94,False,nsdp_full,16,11,0,False,nsdp_full,16,11,,True
4,548,310.94,False,nsdp_full,16,18,0,False,nsdp_full,16,26,,True
5,548,310.94,False,nsdp_full,16,19,0,False,nsdp_full,16,15,,True
7,548,310.94,False,nsdp_full,16,12,0,False,nsdp_full,16,11,,True
8,548,310.94,False,nsdp_full,16,28,0,False,nsdp_full,16,30,,True
2,549,310.96,False,nsdp_full,16,16,0,False,nsdp_full,16,12,,True
3,549,310.96,False,nsdp_full,16,11,0,False,nsdp_full,16,11,,True
4,549,310.96,False,nsdp_full,16,18,0,False,nsdp_full,16,26,,True
5,549,310.96,False,nsdp_full,16,19,0,False,nsdp_full,16,15,,True
7,549,310.96,False,nsdp_full,16,12,0,False,nsdp_full,16,11,,True
8,549,310.96,False,nsdp_full,16,29,0,False,nsdp_full,16,30,,True
2,550,310.98,False,nsdp_full,16,16,0,False,nsdp_full,16,12,,True
3,550,310.98,False,nsdp_full,16,11,0,False,nsdp_full,16,11,,True
4,550,310.98,False,nsdp_full,16,18,0,False,nsdp_full,16,26,,True
5,550,310.98,False,nsdp_full,16,19,0,False,nsdp_full,16,15,,True
7,550,310.98,False,nsdp_full,16,12,0,False,nsdp_full,16,11,,True
8,550,310.98,False,nsdp_full,16,29,0,False,nsdp_full,16,30,,True
2,551,311,False,nsdp_full,16,16,0,False,nsdp_full,16,12,,True
3,551,311,False,nsdp_full,16,11,0,False,nsdp_full,16,11,,True
4,551,311,False,nsdp_full,16,18,0,False,nsdp_full,16,26,,True
5,551,311,False,nsdp_full,16,19,0,False,nsdp_full,16,15,,True
7,551,311,False,nsdp_full,16,12,0,False,nsdp_full,16,11,,True
8,551,311,False,nsdp_full,16,29,0,False,nsdp_full,16,30,,True
2,552,311.02,False,nsdp_full,16,16,0,False,nsdp_full,16,12,,True
3,552,311.02,False,nsdp_full,16,11,0,False,nsdp_full,16,11,,True
4,552,311.02,False,nsdp_full,16,18,0,False,nsdp_full,16,26,,True
5,552,311.02,False,nsdp_full,16,19,0,False,nsdp_full,16,15,,True
7,552,311.02,False,nsdp_full,16,12,0,False,nsdp_full,16,11,,True
8,552,311.02,False,nsdp_full,16,29,0,False,nsdp_full,16,30,,True
2,553,311.04,False,nsdp_full,16,16,0,False,nsdp_full,16,12,,True
3,553,311.04,False,nsdp_full,16,11,0,False,nsdp_full,16,11,,True
4,553,311.04,False,nsdp_full,16,18,0,False,nsdp_full,16,26,,True
5,553,311.04,False,nsdp_full,16,19,0,False,nsdp_full,16,15,,True
7,553,311.04,False,nsdp_full,16,12,0,False,nsdp_full,16,11,,True
8,553,311.04,False,nsdp_full,16,29,0,False,nsdp_full,16,30,,True
2,554,311.06,False,nsdp_full,16,16,0,False,nsdp_full,16,12,,True
3,554,311.06,False,nsdp_full,16,11,0,False,nsdp_full,16,11,,True
4,554,311.06,False,nsdp_full,16,18,0,False,nsdp_full,16,26,,True
5,554,311.06,False,nsdp_full,16,19,0,False,nsdp_full,16,15,,True
7,554,311.06,False,nsdp_full,16,12,0,False,nsdp_full,16,11,,True
8,554,311.06,False,nsdp_full,16,29,0,False,nsdp_full,16,30,,True
2,555,311.08,False,nsdp_full,16,16,0,False,nsdp_full,16,12,,True
3,555,311.08,False,nsdp_full,16,11,0,False,nsdp_full,16,11,,True
4,555,311.08,False,nsdp_full,16,18,0,False,nsdp_full,16,26,,True
5,555,311.08,False,nsdp_full,16,19,0,False,nsdp_full,16,15,,True
7,555,311.08,False,nsdp_full,16,12,0,False,nsdp_full,16,11,,True
8,555,311.08,False,nsdp_full,16,29,0,False,nsdp_full,16,30,,True
2,556,311.1,False,nsdp_full,16,16,0,False,nsdp_full,16,12,,True
3,556,311.1,False,nsdp_full,16,11,0,False,nsdp_full,16,11,,True
4,556,311.1,False,nsdp_full,16,18,0,False,nsdp_full,16,26,,True
5,556,311.1,False,nsdp_full,16,19,0,False,nsdp_full,16,15,,True
7,556,311.1,False,nsdp_full,16,12,0,False,nsdp_full,16,11,,True
8,556,311.1,False,nsdp_full,16,29,0,False,nsdp_full,16,30,,True
2,557,311.12,False,nsdp_full,16,16,0,False,nsdp_full,16,12,,True
3,557,311.12,False,nsdp_full,16,11,0,False,nsdp_full,16,11,,True
4,557,311.12,False,nsdp_full,16,18,0,False,nsdp_full,16,26,,True
5,557,311.12,False,nsdp_full,16,19,0,False,nsdp_full,16,15,,True
7,557,311.12,False,nsdp_full,16,12,0,False,nsdp_full,16,11,,True
8,557,311.12,False,nsdp_full,16,29,0,False,nsdp_full,16,30,,True
2,558,311.14,False,nsdp_full,16,16,0,False,nsdp_full,16,12,,True
3,558,311.14,False,nsdp_full,16,11,0,False,nsdp_full,16,11,,True
4,558,311.14,False,nsdp_full,16,18,0,False,nsdp_full,16,26,,True
5,558,311.14,False,nsdp_full,16,19,0,False,nsdp_full,16,15,,True
7,558,311.14,False,nsdp_full,16,12,0,False,nsdp_full,16,11,,True
8,558,311.14,False,nsdp_full,16,29,0,False,nsdp_full,16,30,,True
2,559,311.16,False,nsdp_full,16,16,0,False,nsdp_full,16,12,,True
3,559,311.16,False,nsdp_full,16,11,0,False,nsdp_full,16,11,,True
4,559,311.16,False,nsdp_full,16,18,0,False,nsdp_full,16,26,,True
5,559,311.16,False,nsdp_full,16,19,0,False,nsdp_full,16,15,,True
7,559,311.16,False,nsdp_full,16,12,0,False,nsdp_full,16,11,,True
8,559,311.16,False,nsdp_full,16,29,0,False,nsdp_full,16,30,,True
2,560,311.18,False,nsdp_full,16,16,0,False,nsdp_full,16,12,,True
3,560,311.18,False,nsdp_full,16,11,0,True,admitted,15,10,1064,False
4,560,311.18,False,nsdp_full,16,18,0,False,nsdp_full,16,26,,True
5,560,311.18,False,nsdp_full,16,19,0,True,admitted,14,12,1065,False
7,560,311.18,False,nsdp_full,16,12,0,False,nsdp_full,16,11,,True
8,560,311.18,False,nsdp_full,16,29,0,False,nsdp_full,16,30,,True
2,561,311.2,False,nsdp_full,16,16,0,False,nsdp_full,16,12,,True
3,561,311.2,False,nsdp_full,16,11,0,False,nsdp_full,16,11,,True
4,561,311.2,False,nsdp_full,16,18,0,False,nsdp_full,16,26,,True
5,561,311.2,False,nsdp_full,16,19,0,True,admitted,15,13,1066,False
7,561,311.2,False,nsdp_full,16,12,0,False,nsdp_full,16,11,,True
8,561,311.2,False,nsdp_full,16,29,0,False,nsdp_full,16,30,,True
2,562,311.22,False,nsdp_full,16,16,0,True,admitted,14,10,1067,False
3,562,311.22,False,nsdp_full,16,11,0,False,nsdp_full,16,11,,True
4,562,311.22,False,nsdp_full,16,18,0,False,nsdp_full,16,26,,True
5,562,311.22,False,nsdp_full,16,19,0,False,nsdp_full,16,14,,True
7,562,311.22,False,nsdp_full,16,12,0,False,nsdp_full,16,11,,True
8,562,311.22,False,nsdp_full,16,29,0,False,nsdp_full,16,30,,True
2,563,311.24,False,nsdp_full,16,16,0,True,admitted,15,11,1068,False
3,563,311.24,False,nsdp_full,16,11,0,False,nsdp_full,16,11,,True
4,563,311.24,False,nsdp_full,16,18,0,False,nsdp_full,16,26,,True
5,563,311.24,False,nsdp_full,16,19,0,False,nsdp_full,16,14,,True
7,563,311.24,False,nsdp_full,16,12,0,False,nsdp_full,16,11,,True
8,563,311.24,False,nsdp_full,16,29,0,False,nsdp_full,16,30,,True
2,564,311.26,False,nsdp_full,16,16,0,False,nsdp_full,16,12,,True
3,564,311.26,False,nsdp_full,16,11,0,False,nsdp_full,16,11,,True
4,564,311.26,False,nsdp_full,16,18,0,False,nsdp_full,16,26,,True
5,564,311.26,False,nsdp_full,16,19,0,False,nsdp_full,16,14,,True
7,564,311.26,False,nsdp_full,16,12,0,False,nsdp_full,16,11,,True
8,564,311.26,False,nsdp_full,16,29,0,False,nsdp_full,16,30,,True
2,565,311.28,False,nsdp_full,16,16,0,False,nsdp_full,16,12,,True
3,565,311.28,False,nsdp_full,16,11,0,False,nsdp_full,16,11,,True
4,565,311.28,False,nsdp_full,16,18,0,False,nsdp_full,16,26,,True
5,565,311.28,False,nsdp_full,16,19,0,False,nsdp_full,16,14,,True
7,565,311.28,False,nsdp_full,16,12,0,False,nsdp_full,16,11,,True
8,565,311.28,False,nsdp_full,16,29,0,False,nsdp_full,16,30,,True
2,566,311.3,False,nsdp_full,16,16,0,False,nsdp_full,16,12,,True
3,566,311.3,False,nsdp_full,16,11,0,False,nsdp_full,16,11,,True
4,566,311.3,False,nsdp_full,16,18,0,False,nsdp_full,16,26,,True
5,566,311.3,False,nsdp_full,16,19,0,False,nsdp_full,16,14,,True
7,566,311.3,False,nsdp_full,16,12,0,False,nsdp_full,16,11,,True
8,566,311.3,False,nsdp_full,16,29,0,False,nsdp_full,16,30,,True
2,567,311.32,False,nsdp_full,16,16,0,False,nsdp_full,16,12,,True
3,567,311.32,False,nsdp_full,16,11,0,False,nsdp_full,16,11,,True
4,567,311.32,False,nsdp_full,16,18,0,False,nsdp_full,16,26,,True
5,567,311.32,False,nsdp_full,16,19,0,False,nsdp_full,16,14,,True
7,567,311.32,False,nsdp_full,16,12,0,False,nsdp_full,16,11,,True
8,567,311.32,False,nsdp_full,16,30,0,False,nsdp_full,16,30,,True
2,568,311.34,False,nsdp_full,16,16,0,False,nsdp_full,16,12,,True
3,568,311.34,False,nsdp_full,16,11,0,False,nsdp_full,16,11,,True
4,568,311.34,False,nsdp_full,16,18,0,False,nsdp_full,16,26,,True
5,568,311.34,False,nsdp_full,16,19,0,False,nsdp_full,16,14,,True
7,568,311.34,False,nsdp_full,16,12,0,False,nsdp_full,16,11,,True
8,568,311.34,False,nsdp_full,16,30,0,False,nsdp_full,16,30,,True
2,569,311.36,False,nsdp_full,16,16,0,False,nsdp_full,16,12,,True
3,569,311.36,True,admitted,14,9,133,False,nsdp_full,16,11,,False
4,569,311.36,False,nsdp_full,16,18,0,False,nsdp_full,16,26,,True
5,569,311.36,False,nsdp_full,16,19,0,False,nsdp_full,16,14,,True
7,569,311.36,False,nsdp_full,16,12,0,False,nsdp_full,16,11,,True
8,569,311.36,False,nsdp_full,16,30,0,False,nsdp_full,16,30,,True
2,570,311.38,False,nsdp_full,16,16,0,False,nsdp_full,16,12,,True
3,570,311.38,True,admitted,15,10,134,False,nsdp_full,16,11,,False
4,570,311.38,False,nsdp_full,16,18,0,False,nsdp_full,16,26,,True
5,570,311.38,False,nsdp_full,16,19,0,False,nsdp_full,16,14,,True
7,570,311.38,False,nsdp_full,16,12,0,False,nsdp_full,16,11,,True
8,570,311.38,False,nsdp_full,16,30,0,False,nsdp_full,16,30,,True
2,571,311.4,False,nsdp_full,16,16,0,False,nsdp_full,16,12,,True
3,571,311.4,False,nsdp_full,16,11,0,False,nsdp_full,16,11,,True
4,571,311.4,False,nsdp_full,16,18,0,False,nsdp_full,16,26,,True
5,571,311.4,False,nsdp_full,16,19,0,False,nsdp_full,16,14,,True
7,571,311.4,False,nsdp_full,16,12,0,False,nsdp_full,16,11,,True
8,571,311.4,False,nsdp_full,16,30,0,False,nsdp_full,16,31,,True
2,572,311.42,False,nsdp_full,16,16,0,False,nsdp_full,16,12,,True
3,572,311.42,False,nsdp_full,16,11,0,False,nsdp_full,16,11,,True
4,572,311.42,False,nsdp_full,16,18,0,False,nsdp_full,16,26,,True
5,572,311.42,False,nsdp_full,16,19,0,False,nsdp_full,16,14,,True
7,572,311.42,False,nsdp_full,16,12,0,False,nsdp_full,16,11,,True
8,572,311.42,False,nsdp_full,16,30,0,False,nsdp_full,16,31,,True
2,573,311.44,False,nsdp_full,16,16,0,False,nsdp_full,16,12,,True
3,573,311.44,False,nsdp_full,16,11,0,False,nsdp_full,16,11,,True
4,573,311.44,False,nsdp_full,16,18,0,False,nsdp_full,16,26,,True
5,573,311.44,False,nsdp_full,16,19,0,False,nsdp_full,16,14,,True
7,573,311.44,False,nsdp_full,16,12,0,False,nsdp_full,16,11,,True
8,573,311.44,False,nsdp_full,16,30,0,False,nsdp_full,16,31,,True
2,574,311.46,False,nsdp_full,16,16,0,False,nsdp_full,16,12,,True
3,574,311.46,False,nsdp_full,16,11,0,False,nsdp_full,16,11,,True
4,574,311.46,False,nsdp_full,16,18,0,False,nsdp_full,16,26,,True
5,574,311.46,False,nsdp_full,16,19,0,False,nsdp_full,16,14,,True
7,574,311.46,False,nsdp_full,16,12,0,False,nsdp_full,16,11,,True
8,574,311.46,False,nsdp_full,16,30,0,False,nsdp_full,16,31,,True
2,575,311.48,False,nsdp_full,16,16,0,False,nsdp_full,16,12,,True
3,575,311.48,False,nsdp_full,16,11,0,False,nsdp_full,16,11,,True
4,575,311.48,False,nsdp_full,16,18,0,False,nsdp_full,16,26,,True
5,575,311.48,False,nsdp_full,16,20,0,False,nsdp_full,16,14,,True
7,575,311.48,False,nsdp_full,16,12,0,False,nsdp_full,16,11,,True
8,575,311.48,False,nsdp_full,16,30,0,False,nsdp_full,16,31,,True
2,576,311.5,False,nsdp_full,16,16,0,False,nsdp_full,16,12,,True
3,576,311.5,False,nsdp_full,16,11,0,False,nsdp_full,16,11,,True
4,576,311.5,False,nsdp_full,16,18,0,False,nsdp_full,16,26,,True
5,576,311.5,False,nsdp_full,16,20,0,False,nsdp_full,16,14,,True
7,576,311.5,False,nsdp_full,16,12,0,False,nsdp_full,16,11,,True
8,576,311.5,False,nsdp_full,16,30,0,False,nsdp_full,16,31,,True
2,577,311.52,False,nsdp_full,16,16,0,False,nsdp_full,16,12,,True
3,577,311.52,False,nsdp_full,16,11,0,False,nsdp_full,16,11,,True
4,577,311.52,False,nsdp_full,16,18,0,False,nsdp_full,16,27,,True
5,577,311.52,False,nsdp_full,16,20,0,False,nsdp_full,16,14,,True
7,577,311.52,False,nsdp_full,16,12,0,False,nsdp_full,16,11,,True
8,577,311.52,False,nsdp_full,16,30,0,False,nsdp_full,16,31,,True
2,578,311.54,False,nsdp_full,16,16,0,False,nsdp_full,16,12,,True
3,578,311.54,False,nsdp_full,16,11,0,False,nsdp_full,16,11,,True
4,578,311.54,False,nsdp_full,16,18,0,False,nsdp_full,16,27,,True
5,578,311.54,False,nsdp_full,16,20,0,False,nsdp_full,16,14,,True
7,578,311.54,False,nsdp_full,16,12,0,False,nsdp_full,16,11,,True
8,578,311.54,False,nsdp_full,16,30,0,False,nsdp_full,16,31,,True
2,579,311.56,False,nsdp_full,16,16,0,False,nsdp_full,16,12,,True
3,579,311.56,False,nsdp_full,16,11,0,False,nsdp_full,16,11,,True
4,579,311.56,False,nsdp_full,16,18,0,False,nsdp_full,16,27,,True
5,579,311.56,False,nsdp_full,16,20,0,False,nsdp_full,16,14,,True
7,579,311.56,False,nsdp_full,16,12,0,False,nsdp_full,16,11,,True
8,579,311.56,False,nsdp_full,16,31,0,False,nsdp_full,16,31,,True
2,580,311.58,False,nsdp_full,16,16,0,False,nsdp_full,16,12,,True
3,580,311.58,False,nsdp_full,16,11,0,False,nsdp_full,16,11,,True
4,580,311.58,False,nsdp_full,16,18,0,False,nsdp_full,16,27,,True
5,580,311.58,False,nsdp_full,16,20,0,False,nsdp_full,16,14,,True
7,580,311.58,False,nsdp_full,16,12,0,False,nsdp_full,16,11,,True
8,580,311.58,False,nsdp_full,16,31,0,False,nsdp_full,16,31,,True
2,581,311.6,False,nsdp_full,16,16,0,False,nsdp_full,16,12,,True
3,581,311.6,False,nsdp_full,16,11,0,False,nsdp_full,16,11,,True
4,581,311.6,False,nsdp_full,16,18,0,False,nsdp_full,16,27,,True
5,581,311.6,False,nsdp_full,16,20,0,False,nsdp_full,16,14,,True
7,581,311.6,False,nsdp_full,16,12,0,True,admitted,15,10,1072,False
8,581,311.6,False,nsdp_full,16,31,0,False,nsdp_full,16,31,,True
2,582,311.62,False,nsdp_full,16,16,0,False,nsdp_full,16,12,,True
3,582,311.62,False,nsdp_full,16,11,0,False,nsdp_full,16,11,,True
4,582,311.62,False,nsdp_full,16,18,0,False,nsdp_full,16,27,,True
5,582,311.62,False,nsdp_full,16,20,0,False,nsdp_full,16,14,,True
7,582,311.62,False,nsdp_full,16,12,0,False,nsdp_full,16,11,,True
8,582,311.62,False,nsdp_full,16,31,0,False,nsdp_full,16,31,,True
2,583,311.64,False,nsdp_full,16,16,0,False,nsdp_full,16,12,,True
3,583,311.64,False,nsdp_full,16,11,0,False,nsdp_full,16,11,,True
4,583,311.64,False,nsdp_full,16,18,0,False,nsdp_full,16,27,,True
5,583,311.64,False,nsdp_full,16,20,0,False,nsdp_full,16,14,,True
7,583,311.64,False,nsdp_full,16,12,0,False,nsdp_full,16,11,,True
8,583,311.64,False,nsdp_full,16,31,0,False,nsdp_full,16,31,,True
2,584,311.66,False,nsdp_full,16,16,0,False,nsdp_full,16,12,,True
3,584,311.66,False,nsdp_full,16,11,0,False,nsdp_full,16,11,,True
4,584,311.66,False,nsdp_full,16,18,0,False,nsdp_full,16,27,,True
5,584,311.66,False,nsdp_full,16,20,0,False,nsdp_full,16,14,,True
7,584,311.66,False,nsdp_full,16,12,0,False,nsdp_full,16,11,,True
8,584,311.66,False,nsdp_full,16,31,0,False,nsdp_full,16,31,,True
2,585,311.68,False,nsdp_full,16,16,0,False,nsdp_full,16,12,,True
3,585,311.68,False,nsdp_full,16,11,0,False,nsdp_full,16,11,,True
4,585,311.68,False,nsdp_full,16,18,0,False,nsdp_full,16,27,,True
5,585,311.68,False,nsdp_full,16,20,0,False,nsdp_full,16,14,,True
7,585,311.68,False,nsdp_full,16,12,0,False,nsdp_full,16,11,,True
8,585,311.68,False,nsdp_full,16,31,0,False,nsdp_full,16,31,,True
2,586,311.7,False,nsdp_full,16,16,0,False,nsdp_full,16,12,,True
3,586,311.7,False,nsdp_full,16,11,0,False,nsdp_full,16,11,,True
4,586,311.7,False,nsdp_full,16,18,0,False,nsdp_full,16,27,,True
5,586,311.7,False,nsdp_full,16,20,0,False,nsdp_full,16,14,,True
7,586,311.7,False,nsdp_full,16,12,0,False,nsdp_full,16,11,,True
8,586,311.7,False,nsdp_full,16,31,0,False,nsdp_full,16,31,,True
2,587,311.72,False,nsdp_full,16,16,0,False,nsdp_full,16,12,,True
3,587,311.72,False,nsdp_full,16,11,0,False,nsdp_full,16,11,,True
4,587,311.72,False,nsdp_full,16,18,0,False,nsdp_full,16,27,,True
5,587,311.72,False,nsdp_full,16,20,0,False,nsdp_full,16,14,,True
7,587,311.72,False,nsdp_full,16,12,0,False,nsdp_full,16,11,,True
8,587,311.72,False,nsdp_full,16,31,0,False,nsdp_full,16,31,,True
2,588,311.74,False,nsdp_full,16,16,0,False,nsdp_full,16,12,,True
3,588,311.74,False,nsdp_full,16,11,0,False,nsdp_full,16,11,,True
4,588,311.74,False,nsdp_full,16,18,0,False,nsdp_full,16,27,,True
5,588,311.74,False,nsdp_full,16,20,0,False,nsdp_full,16,14,,True
7,588,311.74,False,nsdp_full,16,12,0,False,nsdp_full,16,11,,True
8,588,311.74,False,nsdp_full,16,31,0,False,nsdp_full,16,31,,True
2,589,311.76,False,nsdp_full,16,16,0,False,nsdp_full,16,12,,True
3,589,311.76,False,nsdp_full,16,11,0,False,nsdp_full,16,11,,True
4,589,311.76,False,nsdp_full,16,18,0,False,nsdp_full,16,27,,True
5,589,311.76,False,nsdp_full,16,20,0,False,nsdp_full,16,14,,True
7,589,311.76,False,nsdp_full,16,12,0,False,nsdp_full,16,11,,True
8,589,311.76,False,nsdp_full,16,31,0,False,nsdp_full,16,31,,True
2,590,311.78,False,nsdp_full,16,16,0,False,nsdp_full,16,12,,True
3,590,311.78,False,nsdp_full,16,11,0,False,nsdp_full,16,11,,True
4,590,311.78,False,nsdp_full,16,18,0,False,nsdp_full,16,27,,True
5,590,311.78,False,nsdp_full,16,20,0,False,nsdp_full,16,14,,True
7,590,311.78,False,nsdp_full,16,12,0,False,nsdp_full,16,11,,True
8,590,311.78,False,nsdp_full,16,31,0,False,nsdp_full,16,31,,True
2,591,311.8,False,nsdp_full,16,16,0,False,nsdp_full,16,12,,True
3,591,311.8,False,nsdp_full,16,11,0,False,nsdp_full,16,11,,True
4,591,311.8,False,nsdp_full,16,18,0,False,nsdp_full,16,27,,True
5,591,311.8,False,nsdp_full,16,20,0,False,nsdp_full,16,14,,True
7,591,311.8,True,admitted,13,8,135,False,nsdp_full,16,11,,False
8,591,311.8,False,nsdp_full,16,31,0,False,nsdp_full,16,31,,True
2,592,311.82,False,nsdp_full,16,16,0,False,nsdp_full,16,12,,True
3,592,311.82,False,nsdp_full,16,11,0,False,nsdp_full,16,11,,True
4,592,311.82,False,nsdp_full,16,18,0,False,nsdp_full,16,27,,True
5,592,311.82,False,nsdp_full,16,20,0,False,nsdp_full,16,14,,True
7,592,311.82,True,admitted,14,9,136,False,nsdp_full,16,11,,False
8,592,311.82,False,nsdp_full,16,31,0,False,nsdp_full,16,31,,True
2,593,311.84,False,nsdp_full,16,16,0,False,nsdp_full,16,12,,True
3,593,311.84,False,nsdp_full,16,11,0,False,nsdp_full,16,11,,True
4,593,311.84,False,nsdp_full,16,18,0,False,nsdp_full,16,27,,True
5,593,311.84,False,nsdp_full,16,20,0,False,nsdp_full,16,14,,True
7,593,311.84,True,admitted,15,10,137,False,nsdp_full,16,11,,False
8,593,311.84,False,nsdp_full,16,31,0,False,nsdp_full,16,31,,True
2,594,311.86,False,nsdp_full,16,16,0,False,nsdp_full,16,12,,True
3,594,311.86,False,nsdp_full,16,11,0,False,nsdp_full,16,11,,True
4,594,311.86,False,nsdp_full,16,18,0,False,nsdp_full,16,27,,True
5,594,311.86,False,nsdp_full,16,20,0,False,nsdp_full,16,14,,True
7,594,311.86,False,nsdp_full,16,11,0,False,nsdp_full,16,11,,True
8,594,311.86,False,nsdp_full,16,31,0,False,nsdp_full,16,31,,True
2,595,311.88,False,nsdp_full,16,16,0,False,nsdp_full,16,12,,True
3,595,311.88,False,nsdp_full,16,11,0,False,nsdp_full,16,11,,True
4,595,311.88,False,nsdp_full,16,18,0,False,nsdp_full,16,27,,True
5,595,311.88,False,nsdp_full,16,20,0,False,nsdp_full,16,14,,True
7,595,311.88,False,nsdp_full,16,11,0,False,nsdp_full,16,11,,True
8,595,311.88,False,nsdp_full,16,31,0,False,nsdp_full,16,31,,True
2,596,311.9,False,nsdp_full,16,16,0,False,nsdp_full,16,12,,True
3,596,311.9,False,nsdp_full,16,11,0,False,nsdp_full,16,11,,True
4,596,311.9,False,nsdp_full,16,18,0,False,nsdp_full,16,27,,True
5,596,311.9,False,nsdp_full,16,20,0,False,nsdp_full,16,14,,True
7,596,311.9,False,nsdp_full,16,11,0,False,nsdp_full,16,11,,True
8,596,311.9,False,nsdp_full,16,31,0,False,nsdp_full,16,31,,True
2,597,311.92,False,nsdp_full,16,16,0,False,nsdp_full,16,12,,True
3,597,311.92,False,nsdp_full,16,11,0,False,nsdp_full,16,11,,True
4,597,311.92,False,nsdp_full,16,18,0,False,nsdp_full,16,27,,True
5,597,311.92,False,nsdp_full,16,20,0,False,nsdp_full,16,14,,True
7,597,311.92,False,nsdp_full,16,11,0,False,nsdp_full,16,11,,True
8,597,311.92,False,nsdp_full,16,31,0,False,nsdp_full,16,31,,True
2,598,311.94,False,nsdp_full,16,16,0,False,nsdp_full,16,12,,True
3,598,311.94,False,nsdp_full,16,11,0,False,nsdp_full,16,11,,True
4,598,311.94,False,nsdp_full,16,18,0,False,nsdp_full,16,27,,True
5,598,311.94,False,nsdp_full,16,20,0,False,nsdp_full,16,14,,True
7,598,311.94,False,nsdp_full,16,11,0,False,nsdp_full,16,11,,True
8,598,311.94,False,nsdp_full,16,31,0,False,nsdp_full,16,31,,True
2,599,311.96,False,nsdp_full,16,16,0,False,nsdp_full,16,12,,True
3,599,311.96,False,nsdp_full,16,11,0,False,nsdp_full,16,11,,True
4,599,311.96,False,nsdp_full,16,18,0,False,nsdp_full,16,27,,True
5,599,311.96,False,nsdp_full,16,20,0,False,nsdp_full,16,14,,True
7,599,311.96,False,nsdp_full,16,11,0,False,nsdp_full,16,11,,True
8,599,311.96,False,nsdp_full,16,31,0,False,nsdp_full,16,31,,True
2,600,311.98,False,nsdp_full,16,16,0,False,nsdp_full,16,12,,True
3,600,311.98,False,nsdp_full,16,11,0,False,nsdp_full,16,11,,True
4,600,311.98,False,nsdp_full,16,18,0,False,nsdp_full,16,27,,True
5,600,311.98,False,nsdp_full,16,20,0,False,nsdp_full,16,14,,True
7,600,311.98,False,nsdp_full,16,11,0,False,nsdp_full,16,11,,True
8,600,311.98,False,nsdp_full,16,31,0,False,nsdp_full,16,31,,True
2,601,312,False,nsdp_full,16,16,0,False,nsdp_full,16,12,,True
3,601,312,False,nsdp_full,16,11,0,False,nsdp_full,16,11,,True
4,601,312,False,nsdp_full,16,18,0,False,nsdp_full,16,27,,True
5,601,312,False,nsdp_full,16,20,0,False,nsdp_full,16,14,,True
7,601,312,False,nsdp_full,16,11,0,False,nsdp_full,16,11,,True
8,601,312,False,nsdp_full,16,31,0,False,nsdp_full,16,31,,True
2,602,312.02,False,nsdp_full,16,16,0,False,nsdp_full,16,12,,True
3,602,312.02,False,nsdp_full,16,11,0,False,nsdp_full,16,11,,True
4,602,312.02,False,nsdp_full,16,18,0,False,nsdp_full,16,27,,True
5,602,312.02,False,nsdp_full,16,20,0,False,nsdp_full,16,14,,True
7,602,312.02,False,nsdp_full,16,11,0,False,nsdp_full,16,11,,True
8,602,312.02,False,nsdp_full,16,31,0,False,nsdp_full,16,31,,True
2,603,312.04,False,nsdp_full,16,16,0,False,nsdp_full,16,12,,True
3,603,312.04,True,admitted,15,9,138,False,nsdp_full,16,11,,False
4,603,312.04,False,nsdp_full,16,18,0,False,nsdp_full,16,27,,True
5,603,312.04,False,nsdp_full,16,20,0,False,nsdp_full,16,14,,True
7,603,312.04,False,nsdp_full,16,11,0,False,nsdp_full,16,11,,True
8,603,312.04,False,nsdp_full,16,31,0,False,nsdp_full,16,31,,True
2,604,312.06,False,nsdp_full,16,16,0,False,nsdp_full,16,12,,True
3,604,312.06,False,nsdp_full,16,10,0,False,nsdp_full,16,11,,True
4,604,312.06,False,nsdp_full,16,18,0,False,nsdp_full,16,27,,True
5,604,312.06,False,nsdp_full,16,20,0,False,nsdp_full,16,14,,True
7,604,312.06,False,nsdp_full,16,11,0,False,nsdp_full,16,11,,True
8,604,312.06,False,nsdp_full,16,31,0,False,nsdp_full,16,32,,True
2,605,312.08,False,nsdp_full,16,16,0,False,nsdp_full,16,12,,True
3,605,312.08,False,nsdp_full,16,10,0,False,nsdp_full,16,11,,True
4,605,312.08,False,nsdp_full,16,18,0,False,nsdp_full,16,27,,True
5,605,312.08,False,nsdp_full,16,20,0,False,nsdp_full,16,14,,True
7,605,312.08,False,nsdp_full,16,11,0,False,nsdp_full,16,11,,True
8,605,312.08,False,nsdp_full,16,31,0,False,nsdp_full,16,32,,True
2,606,312.1,False,nsdp_full,16,16,0,False,nsdp_full,16,12,,True
3,606,312.1,False,nsdp_full,16,10,0,False,nsdp_full,16,11,,True
4,606,312.1,False,nsdp_full,16,18,0,False,nsdp_full,16,27,,True
5,606,312.1,False,nsdp_full,16,20,0,False,nsdp_full,16,14,,True
7,606,312.1,False,nsdp_full,16,11,0,False,nsdp_full,16,11,,True
8,606,312.1,False,nsdp_full,16,31,0,False,nsdp_full,16,32,,True
2,607,312.12,False,nsdp_full,16,16,0,False,nsdp_full,16,12,,True
3,607,312.12,False,nsdp_full,16,10,0,False,nsdp_full,16,11,,True
4,607,312.12,False,nsdp_full,16,18,0,False,nsdp_full,16,27,,True
5,607,312.12,False,nsdp_full,16,20,0,False,nsdp_full,16,14,,True
7,607,312.12,False,nsdp_full,16,11,0,False,nsdp_full,16,11,,True
8,607,312.12,False,nsdp_full,16,31,0,False,nsdp_full,16,32,,True
2,608,312.14,False,nsdp_full,16,16,0,False,nsdp_full,16,12,,True
3,608,312.14,False,nsdp_full,16,10,0,False,nsdp_full,16,11,,True
4,608,312.14,False,nsdp_full,16,18,0,False,nsdp_full,16,27,,True
5,608,312.14,False,nsdp_full,16,20,0,False,nsdp_full,16,14,,True
7,608,312.14,False,nsdp_full,16,11,0,False,nsdp_full,16,11,,True
8,608,312.14,False,nsdp_full,16,31,0,False,nsdp_full,16,32,,True
2,609,312.16,False,nsdp_full,16,16,0,False,nsdp_full,16,12,,True
3,609,312.16,False,nsdp_full,16,10,0,False,nsdp_full,16,11,,True
4,609,312.16,False,nsdp_full,16,18,0,False,nsdp_full,16,27,,True
5,609,312.16,False,nsdp_full,16,20,0,False,nsdp_full,16,14,,True
7,609,312.16,False,nsdp_full,16,11,0,False,nsdp_full,16,11,,True
8,609,312.16,False,nsdp_full,16,31,0,False,nsdp_full,16,32,,True
2,610,312.18,False,nsdp_full,16,16,0,False,nsdp_full,16,12,,True
3,610,312.18,False,nsdp_full,16,10,0,False,nsdp_full,16,11,,True
4,610,312.18,False,nsdp_full,16,18,0,False,nsdp_full,16,27,,True
5,610,312.18,False,nsdp_full,16,20,0,False,nsdp_full,16,14,,True
7,610,312.18,False,nsdp_full,16,11,0,False,nsdp_full,16,11,,True
8,610,312.18,False,nsdp_full,16,31,0,False,nsdp_full,16,32,,True
2,611,312.2,False,nsdp_full,16,16,0,False,nsdp_full,16,12,,True
3,611,312.2,False,nsdp_full,16,10,0,False,nsdp_full,16,11,,True
4,611,312.2,False,nsdp_full,16,18,0,False,nsdp_full,16,27,,True
5,611,312.2,False,nsdp_full,16,20,0,False,nsdp_full,16,14,,True
7,611,312.2,False,nsdp_full,16,11,0,False,nsdp_full,16,11,,True
8,611,312.2,False,nsdp_full,16,31,0,False,nsdp_full,16,32,,True
2,612,312.22,False,nsdp_full,16,16,0,False,nsdp_full,16,12,,True
3,612,312.22,False,nsdp_full,16,10,0,False,nsdp_full,16,11,,True
4,612,312.22,False,nsdp_full,16,18,0,False,nsdp_full,16,27,,True
5,612,312.22,False,nsdp_full,16,20,0,False,nsdp_full,16,14,,True
7,612,312.22,False,nsdp_full,16,11,0,True,admitted,15,11,1076,False
8,612,312.22,False,nsdp_full,16,31,0,False,nsdp_full,16,32,,True
2,613,312.24,False,nsdp_full,16,16,0,False,nsdp_full,16,12,,True
3,613,312.24,False,nsdp_full,16,10,0,False,nsdp_full,16,11,,True
4,613,312.24,False,nsdp_full,16,18,0,False,nsdp_full,16,27,,True
5,613,312.24,False,nsdp_full,16,20,0,False,nsdp_full,16,14,,True
7,613,312.24,False,nsdp_full,16,11,0,False,nsdp_full,16,12,,True
8,613,312.24,False,nsdp_full,16,31,0,False,nsdp_full,16,32,,True
2,614,312.26,False,nsdp_full,16,16,0,False,nsdp_full,16,12,,True
3,614,312.26,False,nsdp_full,16,10,0,False,nsdp_full,16,11,,True
4,614,312.26,False,nsdp_full,16,18,0,False,nsdp_full,16,27,,True
5,614,312.26,False,nsdp_full,16,20,0,False,nsdp_full,16,14,,True
7,614,312.26,False,nsdp_full,16,11,0,False,nsdp_full,16,12,,True
8,614,312.26,False,nsdp_full,16,31,0,False,nsdp_full,16,32,,True
2,615,312.28,False,nsdp_full,16,16,0,False,nsdp_full,16,12,,True
3,615,312.28,False,nsdp_full,16,10,0,False,nsdp_full,16,11,,True
4,615,312.28,False,nsdp_full,16,18,0,False,nsdp_full,16,27,,True
5,615,312.28,False,nsdp_full,16,20,0,False,nsdp_full,16,14,,True
7,615,312.28,False,nsdp_full,16,11,0,False,nsdp_full,16,12,,True
8,615,312.28,False,nsdp_full,16,31,0,False,nsdp_full,16,32,,True
2,616,312.3,False,nsdp_full,16,16,0,False,nsdp_full,16,12,,True
3,616,312.3,False,nsdp_full,16,10,0,False,nsdp_full,16,11,,True
4,616,312.3,False,nsdp_full,16,18,0,False,nsdp_full,16,27,,True
5,616,312.3,False,nsdp_full,16,20,0,False,nsdp_full,16,14,,True
7,616,312.3,False,nsdp_full,16,11,0,False,nsdp_full,16,12,,True
8,616,312.3,False,nsdp_full,16,32,0,False,nsdp_full,16,32,,True
2,617,312.32,False,nsdp_full,16,16,0,False,nsdp_full,16,12,,True
3,617,312.32,False,nsdp_full,16,10,0,False,nsdp_full,16,11,,True
4,617,312.32,False,nsdp_full,16,18,0,False,nsdp_full,16,27,,True
5,617,312.32,False,nsdp_full,16,20,0,False,nsdp_full,16,14,,True
7,617,312.32,False,nsdp_full,16,11,0,False,nsdp_full,16,12,,True
8,617,312.32,False,nsdp_full,16,32,0,False,nsdp_full,16,32,,True
2,618,312.34,False,nsdp_full,16,16,0,False,nsdp_full,16,12,,True
3,618,312.34,False,nsdp_full,16,10,0,False,nsdp_full,16,11,,True
4,618,312.34,False,nsdp_full,16,19,0,False,nsdp_full,16,27,,True
5,618,312.34,False,nsdp_full,16,20,0,False,nsdp_full,16,14,,True
7,618,312.34,False,nsdp_full,16,11,0,False,nsdp_full,16,12,,True
8,618,312.34,False,nsdp_full,16,32,0,False,nsdp_full,16,32,,True
2,619,312.36,False,nsdp_full,16,16,0,False,nsdp_full,16,12,,True
3,619,312.36,False,nsdp_full,16,10,0,False,nsdp_full,16,11,,True
4,619,312.36,False,nsdp_full,16,19,0,False,nsdp_full,16,27,,True
5,619,312.36,False,nsdp_full,16,20,0,False,nsdp_full,16,14,,True
7,619,312.36,False,nsdp_full,16,11,0,False,nsdp_full,16,12,,True
8,619,312.36,False,nsdp_full,16,32,0,False,nsdp_full,16,32,,True
2,620,312.38,False,nsdp_full,16,16,0,False,nsdp_full,16,12,,True
3,620,312.38,False,nsdp_full,16,10,0,False,nsdp_full,16,11,,True
4,620,312.38,False,nsdp_full,16,19,0,False,nsdp_full,16,27,,True
5,620,312.38,False,nsdp_full,16,20,0,False,nsdp_full,16,14,,True
7,620,312.38,False,nsdp_full,16,11,0,False,nsdp_full,16,12,,True
8,620,312.38,False,nsdp_full,16,32,0,False,nsdp_full,16,32,,True
2,621,312.4,False,nsdp_full,16,16,0,False,nsdp_full,16,12,,True
3,621,312.4,False,nsdp_full,16,10,0,False,nsdp_full,16,11,,True
4,621,312.4,False,nsdp_full,16,19,0,False,nsdp_full,16,27,,True
5,621,312.4,False,nsdp_full,16,20,0,False,nsdp_full,16,14,,True
7,621,312.4,False,nsdp_full,16,11,0,False,nsdp_full,16,12,,True
8,621,312.4,False,nsdp_full,16,32,0,False,nsdp_full,16,32,,True
2,622,312.42,False,nsdp_full,16,16,0,False,nsdp_full,16,12,,True
3,622,312.42,False,nsdp_full,16,10,0,False,nsdp_full,16,11,,True
4,622,312.42,False,nsdp_full,16,19,0,False,nsdp_full,16,27,,True
5,622,312.42,False,nsdp_full,16,20,0,False,nsdp_full,16,14,,True
7,622,312.42,False,nsdp_full,16,11,0,False,nsdp_full,16,12,,True
8,622,312.42,False,nsdp_full,16,32,0,False,nsdp_full,16,32,,True
2,623,312.44,True,admitted,15,14,139,False,nsdp_full,16,12,,False
3,623,312.44,False,nsdp_full,16,10,0,False,nsdp_full,16,11,,True
4,623,312.44,False,nsdp_full,16,19,0,False,nsdp_full,16,27,,True
5,623,312.44,False,nsdp_full,16,20,0,False,nsdp_full,16,14,,True
7,623,312.44,False,nsdp_full,16,11,0,False,nsdp_full,16,12,,True
8,623,312.44,False,nsdp_full,16,32,0,False,nsdp_full,16,32,,True
2,624,312.46,False,nsdp_full,16,15,0,False,nsdp_full,16,12,,True
3,624,312.46,False,nsdp_full,16,10,0,False,nsdp_full,16,11,,True
4,624,312.46,False,nsdp_full,16,19,0,False,nsdp_full,16,27,,True
5,624,312.46,False,nsdp_full,16,20,0,False,nsdp_full,16,14,,True
7,624,312.46,False,nsdp_full,16,11,0,False,nsdp_full,16,12,,True
8,624,312.46,False,nsdp_full,16,32,0,False,nsdp_full,16,32,,True
2,625,312.48,False,nsdp_full,16,15,0,False,nsdp_full,16,12,,True
3,625,312.48,False,nsdp_full,16,10,0,False,nsdp_full,16,11,,True
4,625,312.48,False,nsdp_full,16,19,0,False,nsdp_full,16,27,,True
5,625,312.48,False,nsdp_full,16,20,0,False,nsdp_full,16,14,,True
7,625,312.48,False,nsdp_full,16,11,0,False,nsdp_full,16,12,,True
8,625,312.48,False,nsdp_full,16,32,0,False,nsdp_full,16,33,,True
2,626,312.5,False,nsdp_full,16,15,0,True,admitted,15,11,1078,False
3,626,312.5,False,nsdp_full,16,10,0,False,nsdp_full,16,11,,True
4,626,312.5,False,nsdp_full,16,19,0,False,nsdp_full,16,27,,True
5,626,312.5,False,nsdp_full,16,20,0,False,nsdp_full,16,14,,True
7,626,312.5,False,nsdp_full,16,11,0,False,nsdp_full,16,12,,True
8,626,312.5,False,nsdp_full,16,32,0,False,nsdp_full,16,33,,True
2,627,312.52,False,nsdp_full,16,15,0,False,nsdp_full,16,12,,True
3,627,312.52,False,nsdp_full,16,10,0,False,nsdp_full,16,11,,True
4,627,312.52,False,nsdp_full,16,19,0,False,nsdp_full,16,27,,True
5,627,312.52,False,nsdp_full,16,20,0,False,nsdp_full,16,14,,True
7,627,312.52,False,nsdp_full,16,11,0,False,nsdp_full,16,12,,True
8,627,312.52,False,nsdp_full,16,32,0,False,nsdp_full,16,33,,True
2,628,312.54,False,nsdp_full,16,15,0,False,nsdp_full,16,12,,True
3,628,312.54,False,nsdp_full,16,10,0,False,nsdp_full,16,11,,True
4,628,312.54,False,nsdp_full,16,19,0,False,nsdp_full,16,27,,True
5,628,312.54,False,nsdp_full,16,20,0,False,nsdp_full,16,14,,True
7,628,312.54,False,nsdp_full,16,11,0,False,nsdp_full,16,12,,True
8,628,312.54,False,nsdp_full,16,32,0,False,nsdp_full,16,33,,True
2,629,312.56,False,nsdp_full,16,15,0,False,nsdp_full,16,12,,True
3,629,312.56,False,nsdp_full,16,10,0,False,nsdp_full,16,11,,True
4,629,312.56,False,nsdp_full,16,19,0,False,nsdp_full,16,27,,True
5,629,312.56,False,nsdp_full,16,20,0,False,nsdp_full,16,14,,True
7,629,312.56,False,nsdp_full,16,11,0,False,nsdp_full,16,12,,True
8,629,312.56,False,nsdp_full,16,32,0,False,nsdp_full,16,33,,True
2,630,312.58,False,nsdp_full,16,15,0,False,nsdp_full,16,12,,True
3,630,312.58,False,nsdp_full,16,10,0,False,nsdp_full,16,11,,True
4,630,312.58,False,nsdp_full,16,19,0,False,nsdp_full,16,27,,True
5,630,312.58,False,nsdp_full,16,20,0,False,nsdp_full,16,14,,True
7,630,312.58,False,nsdp_full,16,11,0,False,nsdp_full,16,12,,True
8,630,312.58,False,nsdp_full,16,32,0,False,nsdp_full,16,33,,True
2,631,312.6,False,nsdp_full,16,15,0,False,nsdp_full,16,12,,True
3,631,312.6,False,nsdp_full,16,10,0,False,nsdp_full,16,11,,True
4,631,312.6,False,nsdp_full,16,19,0,False,nsdp_full,16,27,,True
5,631,312.6,False,nsdp_full,16,20,0,False,nsdp_full,16,14,,True
7,631,312.6,False,nsdp_full,16,11,0,False,nsdp_full,16,12,,True
8,631,312.6,False,nsdp_full,16,32,0,False,nsdp_full,16,33,,True
2,632,312.62,False,nsdp_full,16,15,0,False,nsdp_full,16,12,,True
3,632,312.62,False,nsdp_full,16,10,0,False,nsdp_full,16,11,,True
4,632,312.62,False,nsdp_full,16,19,0,False,nsdp_full,16,27,,True
5,632,312.62,False,nsdp_full,16,20,0,False,nsdp_full,16,14,,True
7,632,312.62,False,nsdp_full,16,11,0,False,nsdp_full,16,12,,True
8,632,312.62,False,nsdp_full,16,32,0,False,nsdp_full,16,33,,True
2,633,312.64,False,nsdp_full,16,15,0,False,nsdp_full,16,12,,True
3,633,312.64,False,nsdp_full,16,10,0,False,nsdp_full,16,11,,True
4,633,312.64,False,nsdp_full,16,19,0,False,nsdp_full,16,27,,True
5,633,312.64,False,nsdp_full,16,20,0,False,nsdp_full,16,14,,True
7,633,312.64,False,nsdp_full,16,11,0,False,nsdp_full,16,12,,True
8,633,312.64,False,nsdp_full,16,33,0,False,nsdp_full,16,33,,True
2,634,312.66,False,nsdp_full,16,15,0,False,nsdp_full,16,12,,True
3,634,312.66,False,nsdp_full,16,10,0,True,admitted,14,8,1080,False
4,634,312.66,False,nsdp_full,16,19,0,False,nsdp_full,16,27,,True
5,634,312.66,False,nsdp_full,16,20,0,True,admitted,14,11,1081,False
7,634,312.66,False,nsdp_full,16,11,0,False,nsdp_full,16,12,,True
8,634,312.66,False,nsdp_full,16,33,0,False,nsdp_full,16,33,,True
2,635,312.68,False,nsdp_full,16,15,0,False,nsdp_full,16,12,,True
3,635,312.68,False,nsdp_full,16,10,0,True,admitted,15,9,1082,False
4,635,312.68,False,nsdp_full,16,19,0,False,nsdp_full,16,27,,True
5,635,312.68,False,nsdp_full,16,20,0,True,admitted,15,12,1083,False
7,635,312.68,False,nsdp_full,16,11,0,False,nsdp_full,16,12,,True
8,635,312.68,False,nsdp_full,16,33,0,False,nsdp_full,16,33,,True
2,636,312.7,False,nsdp_full,16,15,0,False,nsdp_full,16,12,,True
3,636,312.7,False,nsdp_full,16,10,0,False,nsdp_full,16,10,,True
4,636,312.7,False,nsdp_full,16,19,0,False,nsdp_full,16,27,,True
5,636,312.7,False,nsdp_full,16,20,0,False,nsdp_full,16,13,,True
7,636,312.7,False,nsdp_full,16,11,0,False,nsdp_full,16,12,,True
8,636,312.7,False,nsdp_full,16,33,0,False,nsdp_full,16,33,,True
2,637,312.72,False,nsdp_full,16,15,0,False,nsdp_full,16,12,,True
3,637,312.72,False,nsdp_full,16,10,0,False,nsdp_full,16,10,,True
4,637,312.72,False,nsdp_full,16,19,0,False,nsdp_full,16,27,,True
5,637,312.72,False,nsdp_full,16,20,0,False,nsdp_full,16,13,,True
7,637,312.72,True,admitted,14,11,140,False,nsdp_full,16,12,,False
8,637,312.72,False,nsdp_full,16,33,0,False,nsdp_full,16,33,,True
2,638,312.74,False,nsdp_full,16,15,0,False,nsdp_full,16,12,,True
3,638,312.74,False,nsdp_full,16,10,0,False,nsdp_full,16,10,,True
4,638,312.74,False,nsdp_full,16,19,0,False,nsdp_full,16,28,,True
5,638,312.74,False,nsdp_full,16,20,0,False,nsdp_full,16,13,,True
7,638,312.74,True,admitted,15,12,141,False,nsdp_full,16,12,,False
8,638,312.74,False,nsdp_full,16,33,0,False,nsdp_full,16,33,,True
2,639,312.76,False,nsdp_full,16,15,0,False,nsdp_full,16,12,,True
3,639,312.76,False,nsdp_full,16,10,0,False,nsdp_full,16,10,,True
4,639,312.76,False,nsdp_full,16,19,0,False,nsdp_full,16,28,,True
5,639,312.76,False,nsdp_full,16,20,0,False,nsdp_full,16,13,,True
7,639,312.76,False,nsdp_full,16,13,0,False,nsdp_full,16,12,,True
8,639,312.76,False,nsdp_full,16,33,0,False,nsdp_full,16,33,,True
2,640,312.78,False,nsdp_full,16,15,0,False,nsdp_full,16,12,,True
3,640,312.78,False,nsdp_full,16,10,0,False,nsdp_full,16,10,,True
4,640,312.78,False,nsdp_full,16,19,0,False,nsdp_full,16,28,,True
5,640,312.78,False,nsdp_full,16,20,0,False,nsdp_full,16,13,,True
7,640,312.78,False,nsdp_full,16,13,0,False,nsdp_full,16,12,,True
8,640,312.78,False,nsdp_full,16,33,0,False,nsdp_full,16,33,,True
2,641,312.8,False,nsdp_full,16,15,0,False,nsdp_full,16,12,,True
3,641,312.8,False,nsdp_full,16,10,0,False,nsdp_full,16,10,,True
4,641,312.8,False,nsdp_full,16,19,0,False,nsdp_full,16,28,,True
5,641,312.8,False,nsdp_full,16,20,0,False,nsdp_full,16,13,,True
7,641,312.8,False,nsdp_full,16,13,0,False,nsdp_full,16,12,,True
8,641,312.8,False,nsdp_full,16,33,0,False,nsdp_full,16,33,,True
2,642,312.82,False,nsdp_full,16,15,0,False,nsdp_full,16,12,,True
3,642,312.82,False,nsdp_full,16,10,0,False,nsdp_full,16,10,,True
4,642,312.82,False,nsdp_full,16,19,0,False,nsdp_full,16,28,,True
5,642,312.82,False,nsdp_full,16,20,0,False,nsdp_full,16,13,,True
7,642,312.82,False,nsdp_full,16,13,0,False,nsdp_full,16,12,,True
8,642,312.82,False,nsdp_full,16,33,0,False,nsdp_full,16,33,,True
2,643,312.84,False,nsdp_full,16,15,0,False,nsdp_full,16,12,,True
3,643,312.84,False,nsdp_full,16,10,0,False,nsdp_full,16,10,,True
4,643,312.84,False,nsdp_full,16,19,0,False,nsdp_full,16,28,,True
5,643,312.84,False,nsdp_full,16,20,0,False,nsdp_full,16,13,,True
7,643,312.84,False,nsdp_full,16,13,0,False,nsdp_full,16,12,,True
8,643,312.84,False,nsdp_full,16,33,0,False,nsdp_full,16,33,,True
2,644,312.86,False,nsdp_full,16,15,0,False,nsdp_full,16,12,,True
3,644,312.86,False,nsdp_full,16,10,0,False,nsdp_full,16,10,,True
4,644,312.86,False,nsdp_full,16,20,0,False,nsdp_full,16,28,,True
5,644,312.86,False,nsdp_full,16,20,0,False,nsdp_full,16,13,,True
7,644,312.86,False,nsdp_full,16,13,0,False,nsdp_full,16,12,,True
8,644,312.86,False,nsdp_full,16,33,0,False,nsdp_full,16,33,,True
2,645,312.88,False,nsdp_full,16,15,0,False,nsdp_full,16,12,,True
3,645,312.88,False,nsdp_full,16,10,0,False,nsdp_full,16,10,,True
4,645,312.88,False,nsdp_full,16,20,0,False,nsdp_full,16,28,,True
5,645,312.88,False,nsdp_full,16,20,0,False,nsdp_full,16,13,,True
7,645,312.88,False,nsdp_full,16,13,0,False,nsdp_full,16,12,,True
8,645,312.88,False,nsdp_full,16,33,0,False,nsdp_full,16,33,,True
2,646,312.9,False,nsdp_full,16,15,0,False,nsdp_full,16,12,,True
3,646,312.9,False,nsdp_full,16,10,0,False,nsdp_full,16,10,,True
4,646,312.9,False,nsdp_full,16,20,0,False,nsdp_full,16,28,,True
5,646,312.9,False,nsdp_full,16,20,0,False,nsdp_full,16,13,,True
7,646,312.9,False,nsdp_full,16,13,0,False,nsdp_full,16,12,,True
8,646,312.9,False,nsdp_full,16,33,0,False,nsdp_full,16,33,,True
2,647,312.92,False,nsdp_full,16,15,0,False,nsdp_full,16,12,,True
3,647,312.92,False,nsdp_full,16,10,0,False,nsdp_full,16,10,,True
4,647,312.92,False,nsdp_full,16,20,0,False,nsdp_full,16,28,,True
5,647,312.92,False,nsdp_full,16,20,0,False,nsdp_full,16,13,,True
7,647,312.92,False,nsdp_full,16,13,0,False,nsdp_full,16,12,,True
8,647,312.92,False,nsdp_full,16,33,0,False,nsdp_full,16,33,,True
2,648,312.94,False,nsdp_full,16,15,0,False,nsdp_full,16,12,,True
3,648,312.94,False,nsdp_full,16,10,0,False,nsdp_full,16,10,,True
4,648,312.94,False,nsdp_full,16,20,0,False,nsdp_full,16,28,,True
5,648,312.94,False,nsdp_full,16,20,0,False,nsdp_full,16,13,,True
7,648,312.94,False,nsdp_full,16,13,0,False,nsdp_full,16,12,,True
8,648,312.94,False,nsdp_full,16,33,0,False,nsdp_full,16,33,,True
2,649,312.96,False,nsdp_full,16,15,0,False,nsdp_full,16,12,,True
3,649,312.96,False,nsdp_full,16,10,0,False,nsdp_full,16,10,,True
4,649,312.96,False,nsdp_full,16,20,0,False,nsdp_full,16,28,,True
5,649,312.96,False,nsdp_full,16,20,0,False,nsdp_full,16,13,,True
7,649,312.96,False,nsdp_full,16,13,0,False,nsdp_full,16,12,,True
8,649,312.96,False,nsdp_full,16,33,0,False,nsdp_full,16,33,,True
2,650,312.98,False,nsdp_full,16,15,0,False,nsdp_full,16,12,,True
3,650,312.98,False,nsdp_full,16,10,0,False,nsdp_full,16,10,,True
4,650,312.98,False,nsdp_full,16,20,0,False,nsdp_full,16,28,,True
5,650,312.98,False,nsdp_full,16,20,0,False,nsdp_full,16,13,,True
7,650,312.98,False,nsdp_full,16,13,0,False,nsdp_full,16,12,,True
8,650,312.98,False,nsdp_full,16,33,0,False,nsdp_full,16,33,,True
2,651,313,False,nsdp_full,16,15,0,False,nsdp_full,16,12,,True
3,651,313,False,nsdp_full,16,10,0,False,nsdp_full,16,10,,True
4,651,313,False,nsdp_full,16,20,0,False,nsdp_full,16,28,,True
5,651,313,False,nsdp_full,16,20,0,False,nsdp_full,16,13,,True
7,651,313,False,nsdp_full,16,13,0,False,nsdp_full,16,12,,True
8,651,313,False,nsdp_full,16,33,0,False,nsdp_full,16,33,,True
2,652,313.02,False,nsdp_full,16,15,0,False,nsdp_full,16,12,,True
3,652,313.02,False,nsdp_full,16,10,0,False,nsdp_full,16,10,,True
4,652,313.02,False,nsdp_full,16,20,0,False,nsdp_full,16,28,,True
5,652,313.02,False,nsdp_full,16,20,0,False,nsdp_full,16,13,,True
7,652,313.02,False,nsdp_full,16,13,0,False,nsdp_full,16,12,,True
8,652,313.02,False,nsdp_full,16,33,0,False,nsdp_full,16,33,,True
2,653,313.04,False,nsdp_full,16,15,0,False,nsdp_full,16,12,,True
3,653,313.04,False,nsdp_full,16,10,0,False,nsdp_full,16,10,,True
4,653,313.04,False,nsdp_full,16,20,0,False,nsdp_full,16,28,,True
5,653,313.04,False,nsdp_full,16,20,0,False,nsdp_full,16,13,,True
7,653,313.04,False,nsdp_full,16,13,0,False,nsdp_full,16,12,,True
8,653,313.04,False,nsdp_full,16,33,0,False,nsdp_full,16,33,,True
2,654,313.06,False,nsdp_full,16,15,0,False,nsdp_full,16,12,,True
3,654,313.06,False,nsdp_full,16,10,0,False,nsdp_full,16,10,,True
4,654,313.06,False,nsdp_full,16,20,0,False,nsdp_full,16,28,,True
5,654,313.06,False,nsdp_full,16,20,0,False,nsdp_full,16,13,,True
7,654,313.06,False,nsdp_full,16,13,0,False,nsdp_full,16,12,,True
8,654,313.06,False,nsdp_full,16,33,0,False,nsdp_full,16,33,,True
2,655,313.08,False,nsdp_full,16,15,0,False,nsdp_full,16,12,,True
3,655,313.08,False,nsdp_full,16,10,0,False,nsdp_full,16,10,,True
4,655,313.08,False,nsdp_full,16,20,0,False,nsdp_full,16,28,,True
5,655,313.08,False,nsdp_full,16,20,0,False,nsdp_full,16,13,,True
7,655,313.08,False,nsdp_full,16,13,0,False,nsdp_full,16,12,,True
8,655,313.08,False,nsdp_full,16,33,0,False,nsdp_full,16,33,,True
2,656,313.1,False,nsdp_full,16,15,0,False,nsdp_full,16,12,,True
3,656,313.1,False,nsdp_full,16,10,0,False,nsdp_full,16,10,,True
4,656,313.1,False,nsdp_full,16,20,0,False,nsdp_full,16,28,,True
5,656,313.1,False,nsdp_full,16,20,0,False,nsdp_full,16,13,,True
7,656,313.1,False,nsdp_full,16,13,0,False,nsdp_full,16,12,,True
8,656,313.1,False,nsdp_full,16,33,0,False,nsdp_full,16,33,,True
2,657,313.12,False,nsdp_full,16,15,0,False,nsdp_full,16,12,,True
3,657,313.12,False,nsdp_full,16,10,0,False,nsdp_full,16,10,,True
4,657,313.12,False,nsdp_full,16,21,0,False,nsdp_full,16,29,,True
5,657,313.12,False,nsdp_full,16,20,0,False,nsdp_full,16,13,,True
7,657,313.12,False,nsdp_full,16,13,0,False,nsdp_full,16,12,,True
8,657,313.12,False,nsdp_full,16,33,0,False,nsdp_full,16,33,,True
2,658,313.14,False,nsdp_full,16,15,0,False,nsdp_full,16,12,,True
3,658,313.14,False,nsdp_full,16,10,0,False,nsdp_full,16,10,,True
4,658,313.14,False,nsdp_full,16,21,0,False,nsdp_full,16,29,,True
5,658,313.14,False,nsdp_full,16,20,0,False,nsdp_full,16,13,,True
7,658,313.14,False,nsdp_full,16,13,0,False,nsdp_full,16,12,,True
8,658,313.14,False,nsdp_full,16,33,0,False,nsdp_full,16,33,,True
2,659,313.16,False,nsdp_full,16,15,0,False,nsdp_full,16,12,,True
3,659,313.16,False,nsdp_full,16,10,0,False,nsdp_full,16,10,,True
4,659,313.16,False,nsdp_full,16,21,0,False,nsdp_full,16,29,,True
5,659,313.16,False,nsdp_full,16,20,0,False,nsdp_full,16,13,,True
7,659,313.16,False,nsdp_full,16,13,0,False,nsdp_full,16,12,,True
8,659,313.16,False,nsdp_full,16,33,0,False,nsdp_full,16,33,,True
2,660,313.18,False,nsdp_full,16,15,0,False,nsdp_full,16,12,,True
3,660,313.18,False,nsdp_full,16,10,0,False,nsdp_full,16,10,,True
4,660,313.18,False,nsdp_full,16,21,0,False,nsdp_full,16,29,,True
5,660,313.18,False,nsdp_full,16,20,0,False,nsdp_full,16,13,,True
7,660,313.18,False,nsdp_full,16,13,0,False,nsdp_full,16,12,,True
8,660,313.18,False,nsdp_full,16,33,0,False,nsdp_full,16,33,,True
2,661,313.2,False,nsdp_full,16,15,0,False,nsdp_full,16,12,,True
3,661,313.2,False,nsdp_full,16,10,0,False,nsdp_full,16,10,,True
4,661,313.2,False,nsdp_full,16,21,0,False,nsdp_full,16,29,,True
5,661,313.2,False,nsdp_full,16,20,0,False,nsdp_full,16,13,,True
7,661,313.2,False,nsdp_full,16,13,0,False,nsdp_full,16,12,,True
8,661,313.2,False,nsdp_full,16,33,0,False,nsdp_full,16,33,,True
2,662,313.22,False,nsdp_full,16,15,0,False,nsdp_full,16,12,,True
3,662,313.22,False,nsdp_full,16,10,0,False,nsdp_full,16,10,,True
4,662,313.22,False,nsdp_full,16,21,0,False,nsdp_full,16,29,,True
5,662,313.22,False,nsdp_full,16,20,0,False,nsdp_full,16,13,,True
7,662,313.22,False,nsdp_full,16,13,0,False,nsdp_full,16,12,,True
8,662,313.22,False,nsdp_full,16,33,0,False,nsdp_full,16,33,,True
2,663,313.24,False,nsdp_full,16,15,0,False,nsdp_full,16,12,,True
3,663,313.24,False,nsdp_full,16,10,0,False,nsdp_full,16,10,,True
4,663,313.24,False,nsdp_full,16,21,0,False,nsdp_full,16,29,,True
5,663,313.24,False,nsdp_full,16,20,0,False,nsdp_full,16,13,,True
7,663,313.24,False,nsdp_full,16,13,0,False,nsdp_full,16,12,,True
8,663,313.24,False,nsdp_full,16,33,0,False,nsdp_full,16,33,,True
2,664,313.26,False,nsdp_full,16,15,0,False,nsdp_full,16,12,,True
3,664,313.26,True,admitted,13,6,142,False,nsdp_full,16,10,,False
4,664,313.26,False,nsdp_full,16,21,0,False,nsdp_full,16,29,,True
5,664,313.26,False,nsdp_full,16,20,0,False,nsdp_full,16,13,,True
7,664,313.26,False,nsdp_full,16,13,0,False,nsdp_full,16,12,,True
8,664,313.26,False,nsdp_full,16,33,0,False,nsdp_full,16,33,,True
2,665,313.28,False,nsdp_full,16,15,0,False,nsdp_full,16,12,,True
3,665,313.28,True,admitted,14,7,143,False,nsdp_full,16,10,,False
4,665,313.28,False,nsdp_full,16,21,0,False,nsdp_full,16,29,,True
5,665,313.28,False,nsdp_full,16,20,0,False,nsdp_full,16,13,,True
7,665,313.28,False,nsdp_full,16,13,0,False,nsdp_full,16,12,,True
8,665,313.28,False,nsdp_full,16,33,0,False,nsdp_full,16,33,,True
2,666,313.3,False,nsdp_full,16,15,0,False,nsdp_full,16,12,,True
3,666,313.3,True,admitted,15,8,144,False,nsdp_full,16,10,,False
4,666,313.3,False,nsdp_full,16,21,0,False,nsdp_full,16,29,,True
5,666,313.3,False,nsdp_full,16,20,0,False,nsdp_full,16,13,,True
7,666,313.3,False,nsdp_full,16,13,0,False,nsdp_full,16,12,,True
8,666,313.3,False,nsdp_full,16,33,0,False,nsdp_full,16,33,,True
2,667,313.32,False,nsdp_full,16,15,0,False,nsdp_full,16,12,,True
3,667,313.32,False,nsdp_full,16,9,0,False,nsdp_full,16,10,,True
4,667,313.32,False,nsdp_full,16,21,0,False,nsdp_full,16,29,,True
5,667,313.32,False,nsdp_full,16,20,0,False,nsdp_full,16,13,,True
7,667,313.32,False,nsdp_full,16,13,0,False,nsdp_full,16,12,,True
8,667,313.32,False,nsdp_full,16,33,0,False,nsdp_full,16,33,,True
2,668,313.34,False,nsdp_full,16,15,0,False,nsdp_full,16,12,,True
3,668,313.34,False,nsdp_full,16,9,0,False,nsdp_full,16,10,,True
4,668,313.34,False,nsdp_full,16,21,0,False,nsdp_full,16,29,,True
5,668,313.34,False,nsdp_full,16,20,0,False,nsdp_full,16,13,,True
7,668,313.34,False,nsdp_full,16,13,0,False,nsdp_full,16,12,,True
8,668,313.34,False,nsdp_full,16,33,0,False,nsdp_full,16,33,,True
2,669,313.36,False,nsdp_full,16,15,0,False,nsdp_full,16,12,,True
3,669,313.36,False,nsdp_full,16,9,0,False,nsdp_full,16,10,,True
4,669,313.36,False,nsdp_full,16,21,0,False,nsdp_full,16,29,,True
5,669,313.36,False,nsdp_full,16,20,0,False,nsdp_full,16,13,,True
7,669,313.36,False,nsdp_full,16,13,0,False,nsdp_full,16,12,,True
8,669,313.36,False,nsdp_full,16,33,0,False,nsdp_full,16,33,,True
2,670,313.38,True,admitted,14,13,145,True,admitted,14,10,1088,True
3,670,313.38,False,nsdp_full,16,9,0,False,nsdp_full,16,10,,True
4,670,313.38,False,nsdp_full,16,21,0,False,nsdp_full,16,29,,True
5,670,313.38,False,nsdp_full,16,20,0,False,nsdp_full,16,13,,True
7,670,313.38,False,nsdp_full,16,13,0,False,nsdp_full,16,12,,True
8,670,313.38,False,nsdp_full,16,33,0,False,nsdp_full,16,33,,True
2,671,313.4,True,admitted,15,14,146,True,admitted,15,11,1089,True
3,671,313.4,False,nsdp_full,16,9,0,False,nsdp_full,16,10,,True
4,671,313.4,False,nsdp_full,16,21,0,False,nsdp_full,16,29,,True
5,671,313.4,False,nsdp_full,16,20,0,False,nsdp_full,16,13,,True
7,671,313.4,False,nsdp_full,16,13,0,False,nsdp_full,16,12,,True
8,671,313.4,False,nsdp_full,16,33,0,False,nsdp_full,16,33,,True
2,672,313.42,False,nsdp_full,16,15,0,False,nsdp_full,16,12,,True
3,672,313.42,False,nsdp_full,16,9,0,False,nsdp_full,16,10,,True
4,672,313.42,False,nsdp_full,16,21,0,False,nsdp_full,16,29,,True
5,672,313.42,False,nsdp_full,16,20,0,False,nsdp_full,16,13,,True
7,672,313.42,False,nsdp_full,16,13,0,False,nsdp_full,16,12,,True
8,672,313.42,False,nsdp_full,16,33,0,False,nsdp_full,16,33,,True
2,673,313.44,False,nsdp_full,16,15,0,False,nsdp_full,16,12,,True
3,673,313.44,False,nsdp_full,16,9,0,False,nsdp_full,16,10,,True
4,673,313.44,False,nsdp_full,16,21,0,False,nsdp_full,16,29,,True
5,673,313.44,False,nsdp_full,16,20,0,False,nsdp_full,16,13,,True
7,673,313.44,False,nsdp_full,16,13,0,False,nsdp_full,16,12,,True
8,673,313.44,False,nsdp_full,16,33,0,False,nsdp_full,16,33,,True
2,674,313.46,False,nsdp_full,16,15,0,False,nsdp_full,16,12,,True
3,674,313.46,False,nsdp_full,16,9,0,False,nsdp_full,16,10,,True
4,674,313.46,False,nsdp_full,16,21,0,False,nsdp_full,16,29,,True
5,674,313.46,False,nsdp_full,16,20,0,False,nsdp_full,16,13,,True
7,674,313.46,False,nsdp_full,16,13,0,False,nsdp_full,16,12,,True
8,674,313.46,False,nsdp_full,16,33,0,False,nsdp_full,16,33,,True
2,675,313.48,False,nsdp_full,16,15,0,False,nsdp_full,16,12,,True
3,675,313.48,False,nsdp_full,16,9,0,False,nsdp_full,16,10,,True
4,675,313.48,False,nsdp_full,16,21,0,False,nsdp_full,16,29,,True
5,675,313.48,False,nsdp_full,16,20,0,False,nsdp_full,16,13,,True
7,675,313.48,False,nsdp_full,16,13,0,False,nsdp_full,16,12,,True
8,675,313.48,False,nsdp_full,16,33,0,False,nsdp_full,16,33,,True
2,676,313.5,False,nsdp_full,16,15,0,False,nsdp_full,16,12,,True
3,676,313.5,False,nsdp_full,16,9,0,False,nsdp_full,16,10,,True
4,676,313.5,False,nsdp_full,16,21,0,False,nsdp_full,16,29,,True
5,676,313.5,False,nsdp_full,16,20,0,False,nsdp_full,16,13,,True
7,676,313.5,False,nsdp_full,16,13,0,False,nsdp_full,16,12,,True
8,676,313.5,False,nsdp_full,16,33,0,False,nsdp_full,16,33,,True
2,677,313.52,False,nsdp_full,16,15,0,False,nsdp_full,16,12,,True
3,677,313.52,False,nsdp_full,16,9,0,False,nsdp_full,16,10,,True
4,677,313.52,False,nsdp_full,16,21,0,False,nsdp_full,16,29,,True
5,677,313.52,False,nsdp_full,16,20,0,False,nsdp_full,16,13,,True
7,677,313.52,False,nsdp_full,16,13,0,False,nsdp_full,16,12,,True
8,677,313.52,False,nsdp_full,16,33,0,False,nsdp_full,16,33,,True
2,678,313.54,False,nsdp_full,16,15,0,False,nsdp_full,16,12,,True
3,678,313.54,False,nsdp_full,16,9,0,False,nsdp_full,16,10,,True
4,678,313.54,False,nsdp_full,16,21,0,False,nsdp_full,16,29,,True
5,678,313.54,False,nsdp_full,16,20,0,False,nsdp_full,16,13,,True
7,678,313.54,False,nsdp_full,16,13,0,False,nsdp_full,16,12,,True
8,678,313.54,False,nsdp_full,16,33,0,False,nsdp_full,16,33,,True
2,679,313.56,False,nsdp_full,16,15,0,False,nsdp_full,16,12,,True
3,679,313.56,False,nsdp_full,16,9,0,False,nsdp_full,16,10,,True
4,679,313.56,False,nsdp_full,16,21,0,False,nsdp_full,16,29,,True
5,679,313.56,False,nsdp_full,16,20,0,False,nsdp_full,16,13,,True
7,679,313.56,False,nsdp_full,16,13,0,False,nsdp_full,16,12,,True
8,679,313.56,False,nsdp_full,16,33,0,False,nsdp_full,16,33,,True
2,680,313.58,False,nsdp_full,16,15,0,False,nsdp_full,16,12,,True
3,680,313.58,False,nsdp_full,16,9,0,False,nsdp_full,16,10,,True
4,680,313.58,False,nsdp_full,16,21,0,False,nsdp_full,16,29,,True
5,680,313.58,False,nsdp_full,16,20,0,False,nsdp_full,16,13,,True
7,680,313.58,False,nsdp_full,16,13,0,False,nsdp_full,16,12,,True
8,680,313.58,False,nsdp_full,16,33,0,False,nsdp_full,16,33,,True
2,681,313.6,False,nsdp_full,16,15,0,False,nsdp_full,16,12,,True
3,681,313.6,False,nsdp_full,16,9,0,False,nsdp_full,16,10,,True
4,681,313.6,False,nsdp_full,16,21,0,False,nsdp_full,16,29,,True
5,681,313.6,False,nsdp_full,16,20,0,False,nsdp_full,16,13,,True
7,681,313.6,False,nsdp_full,16,13,0,True,admitted,15,12,1091,False
8,681,313.6,False,nsdp_full,16,33,0,False,nsdp_full,16,33,,True
2,682,313.62,False,nsdp_full,16,15,0,False,nsdp_full,16,12,,True
3,682,313.62,False,nsdp_full,16,9,0,False,nsdp_full,16,10,,True
4,682,313.62,False,nsdp_full,16,21,0,False,nsdp_full,16,29,,True
5,682,313.62,False,nsdp_full,16,20,0,False,nsdp_full,16,13,,True
7,682,313.62,False,nsdp_full,16,13,0,False,nsdp_full,16,13,,True
8,682,313.62,False,nsdp_full,16,33,0,False,nsdp_full,16,33,,True
2,683,313.64,False,nsdp_full,16,15,0,False,nsdp_full,16,12,,True
3,683,313.64,False,nsdp_full,16,9,0,False,nsdp_full,16,10,,True
4,683,313.64,False,nsdp_full,16,21,0,False,nsdp_full,16,29,,True
5,683,313.64,False,nsdp_full,16,20,0,False,nsdp_full,16,13,,True
7,683,313.64,False,nsdp_full,16,13,0,False,nsdp_full,16,13,,True
8,683,313.64,False,nsdp_full,16,33,0,False,nsdp_full,16,33,,True
2,684,313.66,False,nsdp_full,16,15,0,False,nsdp_full,16,12,,True
3,684,313.66,False,nsdp_full,16,9,0,False,nsdp_full,16,10,,True
4,684,313.66,True,admitted,15,20,147,False,nsdp_full,16,29,,False
5,684,313.66,False,nsdp_full,16,20,0,False,nsdp_full,16,13,,True
7,684,313.66,False,nsdp_full,16,13,0,False,nsdp_full,16,13,,True
8,684,313.66,False,nsdp_full,16,33,0,False,nsdp_full,16,33,,True
2,685,313.68,False,nsdp_full,16,15,0,False,nsdp_full,16,12,,True
3,685,313.68,False,nsdp_full,16,9,0,False,nsdp_full,16,10,,True
4,685,313.68,False,nsdp_full,16,21,0,False,nsdp_full,16,29,,True
5,685,313.68,False,nsdp_full,16,20,0,False,nsdp_full,16,13,,True
7,685,313.68,False,nsdp_full,16,13,0,False,nsdp_full,16,13,,True
8,685,313.68,False,nsdp_full,16,33,0,False,nsdp_full,16,33,,True
2,686,313.7,False,nsdp_full,16,15,0,False,nsdp_full,16,12,,True
3,686,313.7,False,nsdp_full,16,9,0,False,nsdp_full,16,10,,True
4,686,313.7,False,nsdp_full,16,21,0,False,nsdp_full,16,29,,True
5,686,313.7,False,nsdp_full,16,20,0,False,nsdp_full,16,13,,True
7,686,313.7,False,nsdp_full,16,13,0,False,nsdp_full,16,13,,True
8,686,313.7,False,nsdp_full,16,33,0,False,nsdp_full,16,33,,True
2,687,313.72,False,nsdp_full,16,15,0,False,nsdp_full,16,12,,True
3,687,313.72,False,nsdp_full,16,9,0,False,nsdp_full,16,10,,True
4,687,313.72,False,nsdp_full,16,21,0,False,nsdp_full,16,29,,True
5,687,313.72,False,nsdp_full,16,20,0,False,nsdp_full,16,13,,True
7,687,313.72,False,nsdp_full,16,13,0,False,nsdp_full,16,13,,True
8,687,313.72,False,nsdp_full,16,33,0,False,nsdp_full,16,33,,True
2,688,313.74,False,nsdp_full,16,15,0,False,nsdp_full,16,12,,True
3,688,313.74,False,nsdp_full,16,9,0,False,nsdp_full,16,10,,True
4,688,313.74,False,nsdp_full,16,21,0,False,nsdp_full,16,29,,True
5,688,313.74,False,nsdp_full,16,20,0,False,nsdp_full,16,13,,True
7,688,313.74,False,nsdp_full,16,13,0,False,nsdp_full,16,13,,True
8,688,313.74,False,nsdp_full,16,33,0,False,nsdp_full,16,33,,True
2,689,313.76,False,nsdp_full,16,15,0,False,nsdp_full,16,12,,True
3,689,313.76,False,nsdp_full,16,9,0,False,nsdp_full,16,10,,True
4,689,313.76,False,nsdp_full,16,21,0,False,nsdp_full,16,29,,True
5,689,313.76,False,nsdp_full,16,20,0,False,nsdp_full,16,13,,True
7,689,313.76,False,nsdp_full,16,13,0,False,nsdp_full,16,13,,True
8,689,313.76,False,nsdp_full,16,33,0,False,nsdp_full,16,33,,True
2,690,313.78,False,nsdp_full,16,15,0,False,nsdp_full,16,12,,True
3,690,313.78,False,nsdp_full,16,9,0,True,admitted,14,8,1092,False
4,690,313.78,False,nsdp_full,16,21,0,False,nsdp_full,16,29,,True
5,690,313.78,False,nsdp_full,16,20,0,True,admitted,15,12,1093,False
7,690,313.78,False,nsdp_full,16,13,0,False,nsdp_full,16,13,,True
8,690,313.78,False,nsdp_full,16,33,0,False,nsdp_full,16,33,,True
2,691,313.8,False,nsdp_full,16,15,0,False,nsdp_full,16,12,,True
3,691,313.8,False,nsdp_full,16,9,0,True,admitted,15,9,1094,False
4,691,313.8,False,nsdp_full,16,21,0,False,nsdp_full,16,29,,True
5,691,313.8,False,nsdp_full,16,20,0,False,nsdp_full,16,13,,True
7,691,313.8,False,nsdp_full,16,13,0,False,nsdp_full,16,13,,True
8,691,313.8,False,nsdp_full,16,33,0,False,nsdp_full,16,33,,True
2,692,313.82,False,nsdp_full,16,15,0,False,nsdp_full,16,12,,True
3,692,313.82,False,nsdp_full,16,9,0,False,nsdp_full,16,10,,True
4,692,313.82,False,nsdp_full,16,21,0,False,nsdp_full,16,29,,True
5,692,313.82,False,nsdp_full,16,20,0,False,nsdp_full,16,13,,True
7,692,313.82,False,nsdp_full,16,13,0,False,nsdp_full,16,13,,True
8,692,313.82,False,nsdp_full,16,33,0,False,nsdp_full,16,33,,True
2,693,313.84,False,nsdp_full,16,15,0,False,nsdp_full,16,12,,True
3,693,313.84,False,nsdp_full,16,9,0,False,nsdp_full,16,10,,True
4,693,313.84,False,nsdp_full,16,21,0,False,nsdp_full,16,29,,True
5,693,313.84,False,nsdp_full,16,20,0,False,nsdp_full,16,13,,True
7,693,313.84,False,nsdp_full,16,13,0,False,nsdp_full,16,13,,True
8,693,313.84,False,nsdp_full,16,33,0,False,nsdp_full,16,33,,True
2,694,313.86,False,nsdp_full,16,15,0,False,nsdp_full,16,12,,True
3,694,313.86,False,nsdp_full,16,9,0,False,nsdp_full,16,10,,True
4,694,313.86,False,nsdp_full,16,21,0,False,nsdp_full,16,30,,True
5,694,313.86,False,nsdp_full,16,20,0,False,nsdp_full,16,13,,True
7,694,313.86,False,nsdp_full,16,13,0,False,nsdp_full,16,13,,True
8,694,313.86,False,nsdp_full,16,34,0,False,nsdp_full,16,33,,True
2,695,313.88,False,nsdp_full,16,15,0,False,nsdp_full,16,12,,True
3,695,313.88,False,nsdp_full,16,9,0,False,nsdp_full,16,10,,True
4,695,313.88,False,nsdp_full,16,21,0,False,nsdp_full,16,30,,True
5,695,313.88,False,nsdp_full,16,20,0,False,nsdp_full,16,13,,True
7,695,313.88,False,nsdp_full,16,13,0,False,nsdp_full,16,13,,True
8,695,313.88,False,nsdp_full,16,34,0,False,nsdp_full,16,33,,True
2,696,313.9,False,nsdp_full,16,15,0,False,nsdp_full,16,12,,True
3,696,313.9,False,nsdp_full,16,9,0,False,nsdp_full,16,10,,True
4,696,313.9,False,nsdp_full,16,21,0,False,nsdp_full,16,30,,True
5,696,313.9,False,nsdp_full,16,20,0,False,nsdp_full,16,13,,True
7,696,313.9,False,nsdp_full,16,13,0,False,nsdp_full,16,13,,True
8,696,313.9,False,nsdp_full,16,34,0,False,nsdp_full,16,33,,True
2,697,313.92,False,nsdp_full,16,15,0,False,nsdp_full,16,12,,True
3,697,313.92,False,nsdp_full,16,9,0,False,nsdp_full,16,10,,True
4,697,313.92,False,nsdp_full,16,21,0,False,nsdp_full,16,30,,True
5,697,313.92,False,nsdp_full,16,20,0,False,nsdp_full,16,13,,True
7,697,313.92,False,nsdp_full,16,13,0,False,nsdp_full,16,13,,True
8,697,313.92,False,nsdp_full,16,34,0,False,nsdp_full,16,33,,True
2,698,313.94,False,nsdp_full,16,15,0,False,nsdp_full,16,12,,True
3,698,313.94,False,nsdp_full,16,9,0,False,nsdp_full,16,10,,True
4,698,313.94,False,nsdp_full,16,21,0,False,nsdp_full,16,30,,True
5,698,313.94,False,nsdp_full,16,20,0,False,nsdp_full,16,13,,True
7,698,313.94,False,nsdp_full,16,13,0,False,nsdp_full,16,13,,True
8,698,313.94,False,nsdp_full,16,34,0,False,nsdp_full,16,33,,True
2,699,313.96,False,nsdp_full,16,15,0,False,nsdp_full,16,12,,True
3,699,313.96,False,nsdp_full,16,9,0,False,nsdp_full,16,10,,True
4,699,313.96,False,nsdp_full,16,21,0,False,nsdp_full,16,30,,True
5,699,313.96,False,nsdp_full,16,20,0,False,nsdp_full,16,13,,True
7,699,313.96,False,nsdp_full,16,13,0,False,nsdp_full,16,13,,True
8,699,313.96,False,nsdp_full,16,34,0,False,nsdp_full,16,33,,True
2,700,313.98,False,nsdp_full,16,15,0,False,nsdp_full,16,12,,True
3,700,313.98,False,nsdp_full,16,9,0,False,nsdp_full,16,10,,True
4,700,313.98,False,nsdp_full,16,21,0,False,nsdp_full,16,30,,True
5,700,313.98,False,nsdp_full,16,20,0,False,nsdp_full,16,13,,True
7,700,313.98,False,nsdp_full,16,13,0,False,nsdp_full,16,13,,True
8,700,313.98,False,nsdp_full,16,34,0,False,nsdp_full,16,33,,True
2,701,314,False,nsdp_full,16,15,0,False,nsdp_full,16,12,,True
3,701,314,False,nsdp_full,16,9,0,False,nsdp_full,16,10,,True
4,701,314,False,nsdp_full,16,21,0,False,nsdp_full,16,30,,True
5,701,314,False,nsdp_full,16,20,0,False,nsdp_full,16,13,,True
7,701,314,False,nsdp_full,16,13,0,False,nsdp_full,16,13,,True
8,701,314,False,nsdp_full,16,34,0,False,nsdp_full,16,33,,True
2,702,314.02,False,nsdp_full,16,15,0,False,nsdp_full,16,12,,True
3,702,314.02,True,admitted,14,7,148,False,nsdp_full,16,10,,False
4,702,314.02,False,nsdp_full,16,21,0,False,nsdp_full,16,30,,True
5,702,314.02,False,nsdp_full,16,20,0,False,nsdp_full,16,13,,True
7,702,314.02,False,nsdp_full,16,13,0,False,nsdp_full,16,13,,True
8,702,314.02,False,nsdp_full,16,34,0,False,nsdp_full,16,33,,True
2,703,314.04,False,nsdp_full,16,15,0,False,nsdp_full,16,12,,True
3,703,314.04,True,admitted,15,8,149,False,nsdp_full,16,10,,False
4,703,314.04,False,nsdp_full,16,21,0,False,nsdp_full,16,30,,True
5,703,314.04,False,nsdp_full,16,20,0,False,nsdp_full,16,13,,True
7,703,314.04,False,nsdp_full,16,13,0,False,nsdp_full,16,13,,True
8,703,314.04,False,nsdp_full,16,34,0,False,nsdp_full,16,33,,True
2,704,314.06,False,nsdp_full,16,15,0,False,nsdp_full,16,12,,True
3,704,314.06,False,nsdp_full,16,9,0,False,nsdp_full,16,10,,True
4,704,314.06,False,nsdp_full,16,21,0,False,nsdp_full,16,30,,True
5,704,314.06,False,nsdp_full,16,20,0,False,nsdp_full,16,13,,True
7,704,314.06,False,nsdp_full,16,13,0,False,nsdp_full,16,13,,True
8,704,314.06,False,nsdp_full,16,34,0,False,nsdp_full,16,33,,True
2,705,314.08,False,nsdp_full,16,15,0,False,nsdp_full,16,12,,True
3,705,314.08,False,nsdp_full,16,9,0,False,nsdp_full,16,10,,True
4,705,314.08,False,nsdp_full,16,21,0,False,nsdp_full,16,30,,True
5,705,314.08,False,nsdp_full,16,20,0,False,nsdp_full,16,13,,True
7,705,314.08,False,nsdp_full,16,13,0,False,nsdp_full,16,13,,True
8,705,314.08,False,nsdp_full,16,34,0,False,nsdp_full,16,33,,True
2,706,314.1,False,nsdp_full,16,15,0,False,nsdp_full,16,12,,True
3,706,314.1,False,nsdp_full,16,9,0,False,nsdp_full,16,10,,True
4,706,314.1,False,nsdp_full,16,21,0,False,nsdp_full,16,30,,True
5,706,314.1,False,nsdp_full,16,20,0,False,nsdp_full,16,13,,True
7,706,314.1,False,nsdp_full,16,13,0,False,nsdp_full,16,13,,True
8,706,314.1,False,nsdp_full,16,34,0,False,nsdp_full,16,33,,True
2,707,314.12,False,nsdp_full,16,15,0,False,nsdp_full,16,12,,True
3,707,314.12,False,nsdp_full,16,9,0,False,nsdp_full,16,10,,True
4,707,314.12,False,nsdp_full,16,21,0,False,nsdp_full,16,30,,True
5,707,314.12,False,nsdp_full,16,20,0,False,nsdp_full,16,13,,True
7,707,314.12,False,nsdp_full,16,13,0,False,nsdp_full,16,13,,True
8,707,314.12,False,nsdp_full,16,34,0,False,nsdp_full,16,33,,True
2,708,314.14,False,nsdp_full,16,15,0,False,nsdp_full,16,12,,True
3,708,314.14,False,nsdp_full,16,9,0,False,nsdp_full,16,10,,True
4,708,314.14,False,nsdp_full,16,21,0,False,nsdp_full,16,30,,True
5,708,314.14,False,nsdp_full,16,20,0,False,nsdp_full,16,13,,True
7,708,314.14,False,nsdp_full,16,13,0,False,nsdp_full,16,13,,True
8,708,314.14,False,nsdp_full,16,34,0,False,nsdp_full,16,33,,True
2,709,314.16,False,nsdp_full,16,15,0,False,nsdp_full,16,12,,True
3,709,314.16,False,nsdp_full,16,9,0,False,nsdp_full,16,10,,True
4,709,314.16,False,nsdp_full,16,21,0,False,nsdp_full,16,30,,True
5,709,314.16,False,nsdp_full,16,20,0,False,nsdp_full,16,13,,True
7,709,314.16,False,nsdp_full,16,13,0,False,nsdp_full,16,13,,True
8,709,314.16,False,nsdp_full,16,35,0,False,nsdp_full,16,33,,True
2,710,314.18,False,nsdp_full,16,15,0,False,nsdp_full,16,12,,True
3,710,314.18,False,nsdp_full,16,9,0,False,nsdp_full,16,10,,True
4,710,314.18,False,nsdp_full,16,21,0,False,nsdp_full,16,31,,True
5,710,314.18,False,nsdp_full,16,20,0,False,nsdp_full,16,13,,True
7,710,314.18,False,nsdp_full,16,13,0,False,nsdp_full,16,13,,True
8,710,314.18,False,nsdp_full,16,35,0,False,nsdp_full,16,33,,True
2,711,314.2,False,nsdp_full,16,15,0,False,nsdp_full,16,12,,True
3,711,314.2,False,nsdp_full,16,9,0,False,nsdp_full,16,10,,True
4,711,314.2,False,nsdp_full,16,22,0,False,nsdp_full,16,31,,True
5,711,314.2,False,nsdp_full,16,20,0,False,nsdp_full,16,13,,True
7,711,314.2,False,nsdp_full,16,13,0,False,nsdp_full,16,13,,True
8,711,314.2,False,nsdp_full,16,35,0,False,nsdp_full,16,33,,True
2,712,314.22,False,nsdp_full,16,15,0,False,nsdp_full,16,12,,True
3,712,314.22,False,nsdp_full,16,9,0,False,nsdp_full,16,10,,True
4,712,314.22,False,nsdp_full,16,22,0,False,nsdp_full,16,31,,True
5,712,314.22,False,nsdp_full,16,20,0,False,nsdp_full,16,13,,True
7,712,314.22,False,nsdp_full,16,13,0,False,nsdp_full,16,13,,True
8,712,314.22,False,nsdp_full,16,35,0,False,nsdp_full,16,33,,True
2,713,314.24,False,nsdp_full,16,15,0,False,nsdp_full,16,12,,True
3,713,314.24,False,nsdp_full,16,9,0,True,admitted,15,8,1098,False
4,713,314.24,False,nsdp_full,16,22,0,False,nsdp_full,16,31,,True
5,713,314.24,False,nsdp_full,16,20,0,False,nsdp_full,16,13,,True
7,713,314.24,False,nsdp_full,16,13,0,False,nsdp_full,16,13,,True
8,713,314.24,False,nsdp_full,16,35,0,False,nsdp_full,16,33,,True
2,714,314.26,False,nsdp_full,16,15,0,False,nsdp_full,16,12,,True
3,714,314.26,False,nsdp_full,16,9,0,False,nsdp_full,16,9,,True
4,714,314.26,False,nsdp_full,16,22,0,False,nsdp_full,16,31,,True
5,714,314.26,False,nsdp_full,16,20,0,False,nsdp_full,16,13,,True
7,714,314.26,False,nsdp_full,16,13,0,False,nsdp_full,16,13,,True
8,714,314.26,False,nsdp_full,16,35,0,False,nsdp_full,16,33,,True
2,715,314.28,True,admitted,15,13,150,False,nsdp_full,16,12,,False
3,715,314.28,False,nsdp_full,16,9,0,False,nsdp_full,16,9,,True
4,715,314.28,False,nsdp_full,16,22,0,False,nsdp_full,16,31,,True
5,715,314.28,False,nsdp_full,16,20,0,False,nsdp_full,16,13,,True
7,715,314.28,False,nsdp_full,16,13,0,False,nsdp_full,16,13,,True
8,715,314.28,False,nsdp_full,16,35,0,False,nsdp_full,16,33,,True
2,716,314.3,False,nsdp_full,16,14,0,False,nsdp_full,16,12,,True
3,716,314.3,False,nsdp_full,16,9,0,False,nsdp_full,16,9,,True
4,716,314.3,False,nsdp_full,16,22,0,False,nsdp_full,16,31,,True
5,716,314.3,False,nsdp_full,16,20,0,False,nsdp_full,16,13,,True
7,716,314.3,True,admitted,14,13,151,False,nsdp_full,16,13,,False
8,716,314.3,False,nsdp_full,16,35,0,False,nsdp_full,16,33,,True
2,717,314.32,False,nsdp_full,16,14,0,True,admitted,14,10,1099,False
3,717,314.32,False,nsdp_full,16,9,0,False,nsdp_full,16,9,,True
4,717,314.32,False,nsdp_full,16,22,0,False,nsdp_full,16,31,,True
5,717,314.32,False,nsdp_full,16,20,0,False,nsdp_full,16,13,,True
7,717,314.32,True,admitted,15,14,152,False,nsdp_full,16,13,,False
8,717,314.32,False,nsdp_full,16,35,0,False,nsdp_full,16,33,,True
2,718,314.34,False,nsdp_full,16,14,0,True,admitted,15,11,1100,False
3,718,314.34,False,nsdp_full,16,9,0,False,nsdp_full,16,9,,True
4,718,314.34,False,nsdp_full,16,22,0,False,nsdp_full,16,31,,True
5,718,314.34,False,nsdp_full,16,20,0,False,nsdp_full,16,13,,True
7,718,314.34,False,nsdp_full,16,15,0,False,nsdp_full,16,13,,True
8,718,314.34,False,nsdp_full,16,35,0,False,nsdp_full,16,33,,True
2,719,314.36,False,nsdp_full,16,14,0,False,nsdp_full,16,12,,True
3,719,314.36,False,nsdp_full,16,9,0,False,nsdp_full,16,9,,True
4,719,314.36,False,nsdp_full,16,22,0,False,nsdp_full,16,31,,True
5,719,314.36,False,nsdp_full,16,20,0,False,nsdp_full,16,13,,True
7,719,314.36,False,nsdp_full,16,15,0,False,nsdp_full,16,13,,True
8,719,314.36,False,nsdp_full,16,35,0,False,nsdp_full,16,33,,True
2,720,314.38,False,nsdp_full,16,14,0,False,nsdp_full,16,12,,True
3,720,314.38,False,nsdp_full,16,9,0,False,nsdp_full,16,9,,True
4,720,314.38,False,nsdp_full,16,22,0,False,nsdp_full,16,31,,True
5,720,314.38,False,nsdp_full,16,20,0,False,nsdp_full,16,13,,True
7,720,314.38,False,nsdp_full,16,15,0,False,nsdp_full,16,13,,True
8,720,314.38,False,nsdp_full,16,35,0,False,nsdp_full,16,33,,True
2,721,314.4,False,nsdp_full,16,14,0,False,nsdp_full,16,12,,True
3,721,314.4,False,nsdp_full,16,9,0,False,nsdp_full,16,9,,True
4,721,314.4,False,nsdp_full,16,22,0,False,nsdp_full,16,31,,True
5,721,314.4,False,nsdp_full,16,20,0,False,nsdp_full,16,13,,True
7,721,314.4,False,nsdp_full,16,15,0,False,nsdp_full,16,13,,True
8,721,314.4,False,nsdp_full,16,35,0,False,nsdp_full,16,33,,True
2,722,314.42,False,nsdp_full,16,14,0,False,nsdp_full,16,12,,True
3,722,314.42,False,nsdp_full,16,9,0,False,nsdp_full,16,9,,True
4,722,314.42,False,nsdp_full,16,22,0,False,nsdp_full,16,31,,True
5,722,314.42,False,nsdp_full,16,20,0,False,nsdp_full,16,13,,True
7,722,314.42,False,nsdp_full,16,15,0,False,nsdp_full,16,13,,True
8,722,314.42,False,nsdp_full,16,35,0,False,nsdp_full,16,33,,True
2,723,314.44,False,nsdp_full,16,14,0,False,nsdp_full,16,12,,True
3,723,314.44,False,nsdp_full,16,9,0,False,nsdp_full,16,9,,True
4,723,314.44,False,nsdp_full,16,22,0,False,nsdp_full,16,31,,True
5,723,314.44,False,nsdp_full,16,20,0,False,nsdp_full,16,13,,True
7,723,314.44,False,nsdp_full,16,15,0,False,nsdp_full,16,13,,True
8,723,314.44,False,nsdp_full,16,35,0,False,nsdp_full,16,33,,True
2,724,314.46,False,nsdp_full,16,14,0,False,nsdp_full,16,12,,True
3,724,314.46,False,nsdp_full,16,9,0,False,nsdp_full,16,9,,True
4,724,314.46,False,nsdp_full,16,22,0,False,nsdp_full,16,31,,True
5,724,314.46,False,nsdp_full,16,20,0,False,nsdp_full,16,13,,True
7,724,314.46,False,nsdp_full,16,15,0,False,nsdp_full,16,13,,True
8,724,314.46,False,nsdp_full,16,35,0,False,nsdp_full,16,33,,True
2,725,314.48,False,nsdp_full,16,14,0,False,nsdp_full,16,12,,True
3,725,314.48,False,nsdp_full,16,9,0,False,nsdp_full,16,9,,True
4,725,314.48,False,nsdp_full,16,22,0,False,nsdp_full,16,31,,True
5,725,314.48,False,nsdp_full,16,20,0,False,nsdp_full,16,13,,True
7,725,314.48,False,nsdp_full,16,15,0,False,nsdp_full,16,13,,True
8,725,314.48,False,nsdp_full,16,35,0,False,nsdp_full,16,33,,True
2,726,314.5,False,nsdp_full,16,14,0,False,nsdp_full,16,12,,True
3,726,314.5,False,nsdp_full,16,9,0,False,nsdp_full,16,9,,True
4,726,314.5,False,nsdp_full,16,22,0,False,nsdp_full,16,31,,True
5,726,314.5,False,nsdp_full,16,20,0,False,nsdp_full,16,13,,True
7,726,314.5,False,nsdp_full,16,15,0,False,nsdp_full,16,13,,True
8,726,314.5,False,nsdp_full,16,35,0,False,nsdp_full,16,33,,True
2,727,314.52,False,nsdp_full,16,14,0,False,nsdp_full,16,12,,True
3,727,314.52,False,nsdp_full,16,9,0,False,nsdp_full,16,9,,True
4,727,314.52,False,nsdp_full,16,22,0,False,nsdp_full,16,31,,True
5,727,314.52,False,nsdp_full,16,20,0,False,nsdp_full,16,13,,True
7,727,314.52,False,nsdp_full,16,15,0,False,nsdp_full,16,13,,True
8,727,314.52,False,nsdp_full,16,35,0,False,nsdp_full,16,33,,True
2,728,314.54,False,nsdp_full,16,14,0,False,nsdp_full,16,12,,True
3,728,314.54,False,nsdp_full,16,9,0,False,nsdp_full,16,9,,True
4,728,314.54,False,nsdp_full,16,22,0,False,nsdp_full,16,31,,True
5,728,314.54,False,nsdp_full,16,20,0,False,nsdp_full,16,13,,True
7,728,314.54,False,nsdp_full,16,15,0,False,nsdp_full,16,13,,True
8,728,314.54,False,nsdp_full,16,35,0,False,nsdp_full,16,33,,True
2,729,314.56,False,nsdp_full,16,14,0,False,nsdp_full,16,12,,True
3,729,314.56,False,nsdp_full,16,9,0,False,nsdp_full,16,9,,True
4,729,314.56,False,nsdp_full,16,22,0,False,nsdp_full,16,32,,True
5,729,314.56,False,nsdp_full,16,20,0,False,nsdp_full,16,13,,True
7,729,314.56,False,nsdp_full,16,15,0,False,nsdp_full,16,13,,True
8,729,314.56,False,nsdp_full,16,35,0,False,nsdp_full,16,33,,True
2,730,314.58,False,nsdp_full,16,14,0,False,nsdp_full,16,12,,True
3,730,314.58,False,nsdp_full,16,9,0,False,nsdp_full,16,9,,True
4,730,314.58,False,nsdp_full,16,22,0,False,nsdp_full,16,32,,True
5,730,314.58,False,nsdp_full,16,20,0,False,nsdp_full,16,13,,True
7,730,314.58,False,nsdp_full,16,15,0,False,nsdp_full,16,13,,True
8,730,314.58,False,nsdp_full,16,35,0,False,nsdp_full,16,33,,True
2,731,314.6,False,nsdp_full,16,14,0,False,nsdp_full,16,12,,True
3,731,314.6,False,nsdp_full,16,9,0,False,nsdp_full,16,9,,True
4,731,314.6,False,nsdp_full,16,22,0,False,nsdp_full,16,32,,True
5,731,314.6,False,nsdp_full,16,20,0,False,nsdp_full,16,13,,True
7,731,314.6,False,nsdp_full,16,15,0,False,nsdp_full,16,13,,True
8,731,314.6,False,nsdp_full,16,35,0,False,nsdp_full,16,33,,True
2,732,314.62,False,nsdp_full,16,14,0,False,nsdp_full,16,12,,True
3,732,314.62,False,nsdp_full,16,9,0,False,nsdp_full,16,9,,True
4,732,314.62,False,nsdp_full,16,22,0,False,nsdp_full,16,32,,True
5,732,314.62,False,nsdp_full,16,20,0,False,nsdp_full,16,13,,True
7,732,314.62,False,nsdp_full,16,15,0,False,nsdp_full,16,13,,True
8,732,314.62,False,nsdp_full,16,35,0,False,nsdp_full,16,33,,True
2,733,314.64,False,nsdp_full,16,14,0,False,nsdp_full,16,12,,True
3,733,314.64,False,nsdp_full,16,9,0,False,nsdp_full,16,9,,True
4,733,314.64,False,nsdp_full,16,22,0,False,nsdp_full,16,32,,True
5,733,314.64,False,nsdp_full,16,20,0,False,nsdp_full,16,13,,True
7,733,314.64,False,nsdp_full,16,15,0,False,nsdp_full,16,13,,True
8,733,314.64,False,nsdp_full,16,35,0,False,nsdp_full,16,33,,True
2,734,314.66,False,nsdp_full,16,14,0,False,nsdp_full,16,12,,True
3,734,314.66,False,nsdp_full,16,9,0,False,nsdp_full,16,9,,True
4,734,314.66,False,nsdp_full,16,22,0,False,nsdp_full,16,32,,True
5,734,314.66,False,nsdp_full,16,20,0,False,nsdp_full,16,13,,True
7,734,314.66,False,nsdp_full,16,15,0,False,nsdp_full,16,13,,True
8,734,314.66,False,nsdp_full,16,35,0,False,nsdp_full,16,33,,True
2,735,314.68,False,nsdp_full,16,14,0,False,nsdp_full,16,12,,True
3,735,314.68,False,nsdp_full,16,9,0,False,nsdp_full,16,9,,True
4,735,314.68,False,nsdp_full,16,23,0,False,nsdp_full,16,32,,True
5,735,314.68,False,nsdp_full,16,20,0,False,nsdp_full,16,13,,True
7,735,314.68,False,nsdp_full,16,15,0,False,nsdp_full,16,13,,True
8,735,314.68,False,nsdp_full,16,35,0,False,nsdp_full,16,33,,True
2,736,314.7,False,nsdp_full,16,14,0,False,nsdp_full,16,12,,True
3,736,314.7,False,nsdp_full,16,9,0,False,nsdp_full,16,9,,True
4,736,314.7,False,nsdp_full,16,23,0,False,nsdp_full,16,32,,True
5,736,314.7,False,nsdp_full,16,20,0,False,nsdp_full,16,13,,True
7,736,314.7,False,nsdp_full,16,15,0,False,nsdp_full,16,13,,True
8,736,314.7,False,nsdp_full,16,35,0,False,nsdp_full,16,33,,True
2,737,314.72,False,nsdp_full,16,14,0,True,admitted,15,12,1103,False
3,737,314.72,False,nsdp_full,16,9,0,False,nsdp_full,16,9,,True
4,737,314.72,False,nsdp_full,16,23,0,False,nsdp_full,16,32,,True
5,737,314.72,False,nsdp_full,16,20,0,False,nsdp_full,16,13,,True
7,737,314.72,False,nsdp_full,16,15,0,False,nsdp_full,16,13,,True
8,737,314.72,False,nsdp_full,16,35,0,False,nsdp_full,16,33,,True
2,738,314.74,False,nsdp_full,16,14,0,False,nsdp_full,16,13,,True
3,738,314.74,False,nsdp_full,16,9,0,False,nsdp_full,16,9,,True
4,738,314.74,False,nsdp_full,16,23,0,False,nsdp_full,16,32,,True
5,738,314.74,False,nsdp_full,16,20,0,False,nsdp_full,16,13,,True
7,738,314.74,False,nsdp_full,16,15,0,False,nsdp_full,16,13,,True
8,738,314.74,False,nsdp_full,16,35,0,False,nsdp_full,16,33,,True
2,739,314.76,False,nsdp_full,16,14,0,False,nsdp_full,16,13,,True
3,739,314.76,False,nsdp_full,16,9,0,False,nsdp_full,16,9,,True
4,739,314.76,False,nsdp_full,16,23,0,False,nsdp_full,16,32,,True
5,739,314.76,False,nsdp_full,16,20,0,False,nsdp_full,16,13,,True
7,739,314.76,False,nsdp_full,16,15,0,False,nsdp_full,16,13,,True
8,739,314.76,False,nsdp_full,16,35,0,False,nsdp_full,16,33,,True
2,740,314.78,False,nsdp_full,16,14,0,False,nsdp_full,16,13,,True
3,740,314.78,False,nsdp_full,16,9,0,False,nsdp_full,16,9,,True
4,740,314.78,False,nsdp_full,16,23,0,False,nsdp_full,16,32,,True
5,740,314.78,False,nsdp_full,16,20,0,False,nsdp_full,16,13,,True
7,740,314.78,False,nsdp_full,16,15,0,False,nsdp_full,16,13,,True
8,740,314.78,False,nsdp_full,16,35,0,False,nsdp_full,16,33,,True
2,741,314.8,False,nsdp_full,16,14,0,False,nsdp_full,16,13,,True
3,741,314.8,False,nsdp_full,16,9,0,False,nsdp_full,16,9,,True
4,741,314.8,False,nsdp_full,16,23,0,False,nsdp_full,16,32,,True
5,741,314.8,False,nsdp_full,16,20,0,False,nsdp_full,16,13,,True
7,741,314.8,False,nsdp_full,16,15,0,False,nsdp_full,16,13,,True
8,741,314.8,False,nsdp_full,16,35,0,False,nsdp_full,16,33,,True
2,742,314.82,False,nsdp_full,16,14,0,False,nsdp_full,16,13,,True
3,742,314.82,False,nsdp_full,16,9,0,False,nsdp_full,16,9,,True
4,742,314.82,False,nsdp_full,16,23,0,False,nsdp_full,16,32,,True
5,742,314.82,False,nsdp_full,16,20,0,False,nsdp_full,16,13,,True
7,742,314.82,False,nsdp_full,16,15,0,False,nsdp_full,16,13,,True
8,742,314.82,False,nsdp_full,16,35,0,False,nsdp_full,16,33,,True
2,743,314.84,False,nsdp_full,16,14,0,False,nsdp_full,16,13,,True
3,743,314.84,False,nsdp_full,16,9,0,False,nsdp_full,16,9,,True
4,743,314.84,False,nsdp_full,16,23,0,False,nsdp_full,16,32,,True
5,743,314.84,False,nsdp_full,16,20,0,False,nsdp_full,16,13,,True
7,743,314.84,False,nsdp_full,16,15,0,False,nsdp_full,16,13,,True
8,743,314.84,False,nsdp_full,16,35,0,False,nsdp_full,16,33,,True
2,744,314.86,False,nsdp_full,16,14,0,False,nsdp_full,16,13,,True
3,744,314.86,False,nsdp_full,16,9,0,False,nsdp_full,16,9,,True
4,744,314.86,False,nsdp_full,16,23,0,False,nsdp_full,16,32,,True
5,744,314.86,False,nsdp_full,16,20,0,False,nsdp_full,16,13,,True
7,744,314.86,False,nsdp_full,16,15,0,False,nsdp_full,16,13,,True
8,744,314.86,False,nsdp_full,16,35,0,False,nsdp_full,16,33,,True
2,745,314.88,False,nsdp_full,16,14,0,False,nsdp_full,16,13,,True
3,745,314.88,False,nsdp_full,16,9,0,False,nsdp_full,16,9,,True
4,745,314.88,False,nsdp_full,16,23,0,False,nsdp_full,16,32,,True
5,745,314.88,False,nsdp_full,16,20,0,False,nsdp_full,16,13,,True
7,745,314.88,False,nsdp_full,16,15,0,False,nsdp_full,16,13,,True
8,745,314.88,False,nsdp_full,16,35,0,False,nsdp_full,16,33,,True
2,746,314.9,False,nsdp_full,16,14,0,False,nsdp_full,16,13,,True
3,746,314.9,False,nsdp_full,16,9,0,False,nsdp_full,16,9,,True
4,746,314.9,False,nsdp_full,16,23,0,False,nsdp_full,16,32,,True
5,746,314.9,False,nsdp_full,16,20,0,False,nsdp_full,16,13,,True
7,746,314.9,False,nsdp_full,16,15,0,False,nsdp_full,16,13,,True
8,746,314.9,False,nsdp_full,16,35,0,False,nsdp_full,16,33,,True
2,747,314.92,False,nsdp_full,16,14,0,False,nsdp_full,16,13,,True
3,747,314.92,False,nsdp_full,16,9,0,False,nsdp_full,16,9,,True
4,747,314.92,False,nsdp_full,16,23,0,False,nsdp_full,16,32,,True
5,747,314.92,False,nsdp_full,16,20,0,False,nsdp_full,16,13,,True
7,747,314.92,False,nsdp_full,16,15,0,False,nsdp_full,16,13,,True
8,747,314.92,False,nsdp_full,16,35,0,False,nsdp_full,16,33,,True
2,748,314.94,False,nsdp_full,16,14,0,False,nsdp_full,16,13,,True
3,748,314.94,False,nsdp_full,16,9,0,False,nsdp_full,16,9,,True
4,748,314.94,False,nsdp_full,16,24,0,False,nsdp_full,16,32,,True
5,748,314.94,False,nsdp_full,16,20,0,False,nsdp_full,16,13,,True
7,748,314.94,False,nsdp_full,16,15,0,False,nsdp_full,16,13,,True
8,748,314.94,False,nsdp_full,16,35,0,False,nsdp_full,16,33,,True
2,749,314.96,False,nsdp_full,16,14,0,False,nsdp_full,16,13,,True
3,749,314.96,False,nsdp_full,16,9,0,False,nsdp_full,16,9,,True
4,749,314.96,False,nsdp_full,16,24,0,False,nsdp_full,16,32,,True
5,749,314.96,False,nsdp_full,16,20,0,False,nsdp_full,16,13,,True
7,749,314.96,False,nsdp_full,16,15,0,False,nsdp_full,16,13,,True
8,749,314.96,False,nsdp_full,16,35,0,False,nsdp_full,16,34,,True
2,750,314.98,False,nsdp_full,16,14,0,False,nsdp_full,16,13,,True
3,750,314.98,False,nsdp_full,16,9,0,False,nsdp_full,16,9,,True
4,750,314.98,False,nsdp_full,16,24,0,False,nsdp_full,16,32,,True
5,750,314.98,False,nsdp_full,16,20,0,False,nsdp_full,16,13,,True
7,750,314.98,False,nsdp_full,16,15,0,False,nsdp_full,16,13,,True
8,750,314.98,False,nsdp_full,16,35,0,False,nsdp_full,16,34,,True
2,751,315,False,nsdp_full,16,14,0,False,nsdp_full,16,13,,True
3,751,315,False,nsdp_full,16,9,0,False,nsdp_full,16,9,,True
4,751,315,False,nsdp_full,16,24,0,False,nsdp_full,16,32,,True
5,751,315,False,nsdp_full,16,20,0,False,nsdp_full,16,13,,True
7,751,315,False,nsdp_full,16,15,0,False,nsdp_full,16,13,,True
8,751,315,False,nsdp_full,16,35,0,False,nsdp_full,16,34,,True
2,752,315.02,False,nsdp_full,16,14,0,False,nsdp_full,16,13,,True
3,752,315.02,False,nsdp_full,16,9,0,False,nsdp_full,16,9,,True
4,752,315.02,False,nsdp_full,16,24,0,False,nsdp_full,16,32,,True
5,752,315.02,False,nsdp_full,16,20,0,False,nsdp_full,16,13,,True
7,752,315.02,False,nsdp_full,16,15,0,False,nsdp_full,16,13,,True
8,752,315.02,False,nsdp_full,16,35,0,False,nsdp_full,16,34,,True
2,753,315.04,False,nsdp_full,16,14,0,False,nsdp_full,16,13,,True
3,753,315.04,False,nsdp_full,16,9,0,False,nsdp_full,16,9,,True
4,753,315.04,False,nsdp_full,16,24,0,False,nsdp_full,16,32,,True
5,753,315.04,False,nsdp_full,16,20,0,False,nsdp_full,16,13,,True
7,753,315.04,False,nsdp_full,16,15,0,False,nsdp_full,16,13,,True
8,753,315.04,False,nsdp_full,16,35,0,False,nsdp_full,16,34,,True
2,754,315.06,False,nsdp_full,16,14,0,False,nsdp_full,16,13,,True
3,754,315.06,False,nsdp_full,16,9,0,False,nsdp_full,16,9,,True
4,754,315.06,False,nsdp_full,16,24,0,False,nsdp_full,16,32,,True
5,754,315.06,False,nsdp_full,16,20,0,False,nsdp_full,16,13,,True
7,754,315.06,False,nsdp_full,16,15,0,False,nsdp_full,16,13,,True
8,754,315.06,False,nsdp_full,16,35,0,False,nsdp_full,16,34,,True
2,755,315.08,False,nsdp_full,16,14,0,False,nsdp_full,16,13,,True
3,755,315.08,False,nsdp_full,16,9,0,False,nsdp_full,16,9,,True
4,755,315.08,False,nsdp_full,16,24,0,False,nsdp_full,16,32,,True
5,755,315.08,False,nsdp_full,16,20,0,False,nsdp_full,16,13,,True
7,755,315.08,False,nsdp_full,16,15,0,False,nsdp_full,16,13,,True
8,755,315.08,False,nsdp_full,16,35,0,False,nsdp_full,16,34,,True
2,756,315.1,False,nsdp_full,16,14,0,False,nsdp_full,16,13,,True
3,756,315.1,False,nsdp_full,16,9,0,False,nsdp_full,16,9,,True
4,756,315.1,False,nsdp_full,16,24,0,False,nsdp_full,16,32,,True
5,756,315.1,False,nsdp_full,16,20,0,False,nsdp_full,16,13,,True
7,756,315.1,False,nsdp_full,16,15,0,False,nsdp_full,16,13,,True
8,756,315.1,False,nsdp_full,16,35,0,False,nsdp_full,16,34,,True
2,757,315.12,False,nsdp_full,16,14,0,False,nsdp_full,16,13,,True
3,757,315.12,False,nsdp_full,16,9,0,False,nsdp_full,16,9,,True
4,757,315.12,False,nsdp_full,16,24,0,False,nsdp_full,16,32,,True
5,757,315.12,False,nsdp_full,16,20,0,False,nsdp_full,16,13,,True
7,757,315.12,False,nsdp_full,16,15,0,False,nsdp_full,16,13,,True
8,757,315.12,False,nsdp_full,16,35,0,False,nsdp_full,16,34,,True
2,758,315.14,False,nsdp_full,16,14,0,False,nsdp_full,16,13,,True
3,758,315.14,False,nsdp_full,16,9,0,False,nsdp_full,16,9,,True
4,758,315.14,False,nsdp_full,16,24,0,False,nsdp_full,16,32,,True
5,758,315.14,False,nsdp_full,16,20,0,False,nsdp_full,16,13,,True
7,758,315.14,False,nsdp_full,16,15,0,False,nsdp_full,16,13,,True
8,758,315.14,False,nsdp_full,16,35,0,False,nsdp_full,16,34,,True
2,759,315.16,False,nsdp_full,16,14,0,False,nsdp_full,16,13,,True
3,759,315.16,False,nsdp_full,16,9,0,False,nsdp_full,16,9,,True
4,759,315.16,False,nsdp_full,16,24,0,False,nsdp_full,16,32,,True
5,759,315.16,False,nsdp_full,16,20,0,False,nsdp_full,16,13,,True
7,759,315.16,False,nsdp_full,16,15,0,False,nsdp_full,16,13,,True
8,759,315.16,False,nsdp_full,16,35,0,False,nsdp_full,16,34,,True
2,760,315.18,False,nsdp_full,16,14,0,False,nsdp_full,16,13,,True
3,760,315.18,False,nsdp_full,16,9,0,False,nsdp_full,16,9,,True
4,760,315.18,False,nsdp_full,16,24,0,False,nsdp_full,16,32,,True
5,760,315.18,False,nsdp_full,16,20,0,False,nsdp_full,16,13,,True
7,760,315.18,False,nsdp_full,16,15,0,False,nsdp_full,16,13,,True
8,760,315.18,False,nsdp_full,16,35,0,False,nsdp_full,16,34,,True
2,761,315.2,False,nsdp_full,16,14,0,False,nsdp_full,16,13,,True
3,761,315.2,False,nsdp_full,16,9,0,False,nsdp_full,16,9,,True
4,761,315.2,False,nsdp_full,16,24,0,False,nsdp_full,16,32,,True
5,761,315.2,False,nsdp_full,16,20,0,False,nsdp_full,16,13,,True
7,761,315.2,False,nsdp_full,16,15,0,False,nsdp_full,16,13,,True
8,761,315.2,False,nsdp_full,16,35,0,False,nsdp_full,16,34,,True
2,762,315.22,False,nsdp_full,16,14,0,False,nsdp_full,16,13,,True
3,762,315.22,False,nsdp_full,16,9,0,True,admitted,15,8,1106,False
4,762,315.22,False,nsdp_full,16,24,0,False,nsdp_full,16,32,,True
5,762,315.22,False,nsdp_full,16,20,0,True,admitted,15,12,1107,False
7,762,315.22,False,nsdp_full,16,15,0,False,nsdp_full,16,13,,True
8,762,315.22,False,nsdp_full,16,35,0,False,nsdp_full,16,34,,True
2,763,315.24,False,nsdp_full,16,14,0,False,nsdp_full,16,13,,True
3,763,315.24,False,nsdp_full,16,9,0,False,nsdp_full,16,9,,True
4,763,315.24,False,nsdp_full,16,24,0,False,nsdp_full,16,32,,True
5,763,315.24,False,nsdp_full,16,20,0,False,nsdp_full,16,13,,True
7,763,315.24,False,nsdp_full,16,15,0,False,nsdp_full,16,13,,True
8,763,315.24,False,nsdp_full,16,35,0,False,nsdp_full,16,34,,True
2,764,315.26,False,nsdp_full,16,14,0,False,nsdp_full,16,13,,True
3,764,315.26,True,admitted,15,7,153,False,nsdp_full,16,9,,False
4,764,315.26,False,nsdp_full,16,24,0,False,nsdp_full,16,32,,True
5,764,315.26,False,nsdp_full,16,20,0,False,nsdp_full,16,13,,True
7,764,315.26,False,nsdp_full,16,15,0,False,nsdp_full,16,13,,True
8,764,315.26,False,nsdp_full,16,35,0,False,nsdp_full,16,34,,True
2,765,315.28,False,nsdp_full,16,14,0,False,nsdp_full,16,13,,True
3,765,315.28,False,nsdp_full,16,8,0,False,nsdp_full,16,9,,True
4,765,315.28,False,nsdp_full,16,24,0,False,nsdp_full,16,32,,True
5,765,315.28,False,nsdp_full,16,20,0,False,nsdp_full,16,13,,True
7,765,315.28,False,nsdp_full,16,15,0,False,nsdp_full,16,13,,True
8,765,315.28,False,nsdp_full,16,35,0,False,nsdp_full,16,34,,True
2,766,315.3,False,nsdp_full,16,14,0,False,nsdp_full,16,13,,True
3,766,315.3,False,nsdp_full,16,8,0,False,nsdp_full,16,9,,True
4,766,315.3,False,nsdp_full,16,24,0,False,nsdp_full,16,32,,True
5,766,315.3,False,nsdp_full,16,20,0,False,nsdp_full,16,13,,True
7,766,315.3,False,nsdp_full,16,15,0,False,nsdp_full,16,13,,True
8,766,315.3,False,nsdp_full,16,35,0,False,nsdp_full,16,35,,True
2,767,315.32,False,nsdp_full,16,14,0,False,nsdp_full,16,13,,True
3,767,315.32,False,nsdp_full,16,8,0,False,nsdp_full,16,9,,True
4,767,315.32,False,nsdp_full,16,24,0,False,nsdp_full,16,32,,True
5,767,315.32,False,nsdp_full,16,20,0,False,nsdp_full,16,13,,True
7,767,315.32,False,nsdp_full,16,15,0,False,nsdp_full,16,13,,True
8,767,315.32,False,nsdp_full,16,35,0,False,nsdp_full,16,35,,True
2,768,315.34,False,nsdp_full,16,14,0,False,nsdp_full,16,13,,True
3,768,315.34,False,nsdp_full,16,8,0,False,nsdp_full,16,9,,True
4,768,315.34,False,nsdp_full,16,24,0,False,nsdp_full,16,32,,True
5,768,315.34,False,nsdp_full,16,20,0,False,nsdp_full,16,13,,True
7,768,315.34,False,nsdp_full,16,15,0,False,nsdp_full,16,13,,True
8,768,315.34,False,nsdp_full,16,35,0,False,nsdp_full,16,35,,True
2,769,315.36,False,nsdp_full,16,14,0,False,nsdp_full,16,13,,True
3,769,315.36,False,nsdp_full,16,8,0,False,nsdp_full,16,9,,True
4,769,315.36,False,nsdp_full,16,24,0,False,nsdp_full,16,32,,True
5,769,315.36,False,nsdp_full,16,20,0,False,nsdp_full,16,13,,True
7,769,315.36,False,nsdp_full,16,15,0,False,nsdp_full,16,13,,True
8,769,315.36,False,nsdp_full,16,35,0,False,nsdp_full,16,35,,True
2,770,315.38,False,nsdp_full,16,14,0,False,nsdp_full,16,13,,True
3,770,315.38,False,nsdp_full,16,8,0,False,nsdp_full,16,9,,True
4,770,315.38,False,nsdp_full,16,24,0,False,nsdp_full,16,32,,True
5,770,315.38,False,nsdp_full,16,20,0,False,nsdp_full,16,13,,True
7,770,315.38,False,nsdp_full,16,15,0,False,nsdp_full,16,13,,True
8,770,315.38,False,nsdp_full,16,35,0,False,nsdp_full,16,35,,True
2,771,315.4,False,nsdp_full,16,14,0,False,nsdp_full,16,13,,True
3,771,315.4,False,nsdp_full,16,8,0,False,nsdp_full,16,9,,True
4,771,315.4,False,nsdp_full,16,24,0,False,nsdp_full,16,32,,True
5,771,315.4,False,nsdp_full,16,20,0,False,nsdp_full,16,13,,True
7,771,315.4,False,nsdp_full,16,15,0,False,nsdp_full,16,13,,True
8,771,315.4,False,nsdp_full,16,35,0,False,nsdp_full,16,35,,True
2,772,315.42,False,nsdp_full,16,14,0,False,nsdp_full,16,13,,True
3,772,315.42,False,nsdp_full,16,8,0,False,nsdp_full,16,9,,True
4,772,315.42,False,nsdp_full,16,24,0,False,nsdp_full,16,32,,True
5,772,315.42,False,nsdp_full,16,20,0,False,nsdp_full,16,13,,True
7,772,315.42,False,nsdp_full,16,15,0,True,admitted,14,13,1109,False
8,772,315.42,False,nsdp_full,16,35,0,False,nsdp_full,16,35,,True
2,773,315.44,False,nsdp_full,16,14,0,False,nsdp_full,16,13,,True
3,773,315.44,False,nsdp_full,16,8,0,False,nsdp_full,16,9,,True
4,773,315.44,False,nsdp_full,16,24,0,False,nsdp_full,16,32,,True
5,773,315.44,False,nsdp_full,16,20,0,False,nsdp_full,16,13,,True
7,773,315.44,False,nsdp_full,16,15,0,True,admitted,15,14,1110,False
8,773,315.44,False,nsdp_full,16,35,0,False,nsdp_full,16,35,,True
2,774,315.46,False,nsdp_full,16,14,0,False,nsdp_full,16,13,,True
3,774,315.46,False,nsdp_full,16,8,0,False,nsdp_full,16,9,,True
4,774,315.46,False,nsdp_full,16,24,0,False,nsdp_full,16,32,,True
5,774,315.46,False,nsdp_full,16,20,0,False,nsdp_full,16,13,,True
7,774,315.46,False,nsdp_full,16,15,0,False,nsdp_full,16,15,,True
8,774,315.46,False,nsdp_full,16,35,0,False,nsdp_full,16,35,,True
2,775,315.48,False,nsdp_full,16,14,0,False,nsdp_full,16,13,,True
3,775,315.48,False,nsdp_full,16,8,0,False,nsdp_full,16,9,,True
4,775,315.48,False,nsdp_full,16,24,0,False,nsdp_full,16,32,,True
5,775,315.48,False,nsdp_full,16,20,0,False,nsdp_full,16,13,,True
7,775,315.48,False,nsdp_full,16,15,0,False,nsdp_full,16,15,,True
8,775,315.48,False,nsdp_full,16,35,0,False,nsdp_full,16,35,,True
2,776,315.5,False,nsdp_full,16,14,0,False,nsdp_full,16,13,,True
3,776,315.5,False,nsdp_full,16,8,0,False,nsdp_full,16,9,,True
4,776,315.5,False,nsdp_full,16,24,0,False,nsdp_full,16,32,,True
5,776,315.5,False,nsdp_full,16,20,0,False,nsdp_full,16,13,,True
7,776,315.5,False,nsdp_full,16,15,0,False,nsdp_full,16,15,,True
8,776,315.5,False,nsdp_full,16,35,0,False,nsdp_full,16,35,,True
2,777,315.52,False,nsdp_full,16,14,0,False,nsdp_full,16,13,,True
3,777,315.52,False,nsdp_full,16,8,0,False,nsdp_full,16,9,,True
4,777,315.52,False,nsdp_full,16,24,0,False,nsdp_full,16,32,,True
5,777,315.52,False,nsdp_full,16,20,0,False,nsdp_full,16,13,,True
7,777,315.52,False,nsdp_full,16,15,0,False,nsdp_full,16,15,,True
8,777,315.52,False,nsdp_full,16,35,0,False,nsdp_full,16,35,,True
2,778,315.54,False,nsdp_full,16,14,0,False,nsdp_full,16,13,,True
3,778,315.54,False,nsdp_full,16,8,0,False,nsdp_full,16,9,,True
4,778,315.54,False,nsdp_full,16,24,0,False,nsdp_full,16,32,,True
5,778,315.54,False,nsdp_full,16,20,0,False,nsdp_full,16,13,,True
7,778,315.54,False,nsdp_full,16,15,0,False,nsdp_full,16,15,,True
8,778,315.54,False,nsdp_full,16,35,0,False,nsdp_full,16,35,,True
2,779,315.56,False,nsdp_full,16,14,0,False,nsdp_full,16,13,,True
3,779,315.56,False,nsdp_full,16,8,0,False,nsdp_full,16,9,,True
4,779,315.56,False,nsdp_full,16,24,0,False,nsdp_full,16,32,,True
5,779,315.56,False,nsdp_full,16,20,0,False,nsdp_full,16,13,,True
7,779,315.56,False,nsdp_full,16,15,0,False,nsdp_full,16,15,,True
8,779,315.56,False,nsdp_full,16,35,0,False,nsdp_full,16,35,,True
2,780,315.58,False,nsdp_full,16,14,0,False,nsdp_full,16,13,,True
3,780,315.58,False,nsdp_full,16,8,0,False,nsdp_full,16,9,,True
4,780,315.58,False,nsdp_full,16,24,0,False,nsdp_full,16,32,,True
5,780,315.58,False,nsdp_full,16,20,0,False,nsdp_full,16,13,,True
7,780,315.58,False,nsdp_full,16,15,0,False,nsdp_full,16,15,,True
8,780,315.58,False,nsdp_full,16,35,0,False,nsdp_full,16,35,,True
2,781,315.6,False,nsdp_full,16,14,0,False,nsdp_full,16,13,,True
3,781,315.6,False,nsdp_full,16,8,0,False,nsdp_full,16,9,,True
4,781,315.6,False,nsdp_full,16,24,0,False,nsdp_full,16,33,,True
5,781,315.6,False,nsdp_full,16,20,0,False,nsdp_full,16,13,,True
7,781,315.6,False,nsdp_full,16,15,0,False,nsdp_full,16,15,,True
8,781,315.6,False,nsdp_full,16,35,0,False,nsdp_full,16,35,,True
2,782,315.62,False,nsdp_full,16,14,0,False,nsdp_full,16,13,,True
3,782,315.62,False,nsdp_full,16,8,0,False,nsdp_full,16,9,,True
4,782,315.62,False,nsdp_full,16,24,0,False,nsdp_full,16,33,,True
5,782,315.62,False,nsdp_full,16,20,0,False,nsdp_full,16,13,,True
7,782,315.62,False,nsdp_full,16,15,0,False,nsdp_full,16,15,,True
8,782,315.62,False,nsdp_full,16,35,0,False,nsdp_full,16,35,,True
2,783,315.64,False,nsdp_full,16,14,0,False,nsdp_full,16,13,,True
3,783,315.64,False,nsdp_full,16,8,0,True,admitted,15,8,1113,False
4,783,315.64,False,nsdp_full,16,24,0,False,nsdp_full,16,33,,True
5,783,315.64,False,nsdp_full,16,20,0,False,nsdp_full,16,13,,True
7,783,315.64,False,nsdp_full,16,15,0,False,nsdp_full,16,15,,True
8,783,315.64,False,nsdp_full,16,35,0,False,nsdp_full,16,35,,True
2,784,315.66,True,admitted,14,12,154,False,nsdp_full,16,13,,False
3,784,315.66,False,nsdp_full,16,8,0,False,nsdp_full,16,9,,True
4,784,315.66,False,nsdp_full,16,24,0,False,nsdp_full,16,33,,True
5,784,315.66,False,nsdp_full,16,20,0,False,nsdp_full,16,13,,True
7,784,315.66,False,nsdp_full,16,15,0,False,nsdp_full,16,15,,True
8,784,315.66,False,nsdp_full,16,35,0,False,nsdp_full,16,35,,True
2,785,315.68,True,admitted,15,13,155,False,nsdp_full,16,13,,False
3,785,315.68,False,nsdp_full,16,8,0,False,nsdp_full,16,9,,True
4,785,315.68,False,nsdp_full,16,24,0,False,nsdp_full,16,33,,True
5,785,315.68,False,nsdp_full,16,20,0,False,nsdp_full,16,13,,True
7,785,315.68,False,nsdp_full,16,15,0,False,nsdp_full,16,15,,True
8,785,315.68,False,nsdp_full,16,35,0,False,nsdp_full,16,35,,True
2,786,315.7,False,nsdp_full,16,14,0,False,nsdp_full,16,13,,True
3,786,315.7,False,nsdp_full,16,8,0,False,nsdp_full,16,9,,True
4,786,315.7,False,nsdp_full,16,24,0,False,nsdp_full,16,33,,True
5,786,315.7,False,nsdp_full,16,20,0,False,nsdp_full,16,13,,True
7,786,315.7,False,nsdp_full,16,15,0,False,nsdp_full,16,15,,True
8,786,315.7,False,nsdp_full,16,35,0,False,nsdp_full,16,35,,True
2,787,315.72,False,nsdp_full,16,14,0,False,nsdp_full,16,13,,True
3,787,315.72,False,nsdp_full,16,8,0,False,nsdp_full,16,9,,True
4,787,315.72,False,nsdp_full,16,24,0,False,nsdp_full,16,33,,True
5,787,315.72,False,nsdp_full,16,20,0,False,nsdp_full,16,13,,True
7,787,315.72,False,nsdp_full,16,15,0,False,nsdp_full,16,15,,True
8,787,315.72,False,nsdp_full,16,35,0,False,nsdp_full,16,35,,True
2,788,315.74,False,nsdp_full,16,14,0,False,nsdp_full,16,13,,True
3,788,315.74,False,nsdp_full,16,8,0,False,nsdp_full,16,9,,True
4,788,315.74,False,nsdp_full,16,24,0,False,nsdp_full,16,33,,True
5,788,315.74,False,nsdp_full,16,20,0,False,nsdp_full,16,13,,True
7,788,315.74,False,nsdp_full,16,15,0,False,nsdp_full,16,15,,True
8,788,315.74,False,nsdp_full,16,35,0,False,nsdp_full,16,35,,True
2,789,315.76,False,nsdp_full,16,14,0,False,nsdp_full,16,13,,True
3,789,315.76,False,nsdp_full,16,8,0,False,nsdp_full,16,9,,True
4,789,315.76,False,nsdp_full,16,24,0,False,nsdp_full,16,33,,True
5,789,315.76,False,nsdp_full,16,20,0,False,nsdp_full,16,13,,True
7,789,315.76,False,nsdp_full,16,15,0,False,nsdp_full,16,15,,True
8,789,315.76,False,nsdp_full,16,35,0,False,nsdp_full,16,35,,True
2,790,315.78,False,nsdp_full,16,14,0,False,nsdp_full,16,13,,True
3,790,315.78,False,nsdp_full,16,8,0,False,nsdp_full,16,9,,True
4,790,315.78,False,nsdp_full,16,24,0,False,nsdp_full,16,33,,True
5,790,315.78,False,nsdp_full,16,20,0,False,nsdp_full,16,13,,True
7,790,315.78,False,nsdp_full,16,15,0,False,nsdp_full,16,15,,True
8,790,315.78,False,nsdp_full,16,35,0,False,nsdp_full,16,35,,True
2,791,315.8,False,nsdp_full,16,14,0,False,nsdp_full,16,13,,True
3,791,315.8,False,nsdp_full,16,8,0,False,nsdp_full,16,9,,True
4,791,315.8,False,nsdp_full,16,24,0,False,nsdp_full,16,33,,True
5,791,315.8,False,nsdp_full,16,20,0,False,nsdp_full,16,13,,True
7,791,315.8,False,nsdp_full,16,15,0,False,nsdp_full,16,15,,True
8,791,315.8,False,nsdp_full,16,35,0,False,nsdp_full,16,35,,True
2,792,315.82,False,nsdp_full,16,14,0,False,nsdp_full,16,13,,True
3,792,315.82,False,nsdp_full,16,8,0,False,nsdp_full,16,9,,True
4,792,315.82,False,nsdp_full,16,24,0,False,nsdp_full,16,33,,True
5,792,315.82,False,nsdp_full,16,20,0,False,nsdp_full,16,13,,True
7,792,315.82,False,nsdp_full,16,15,0,False,nsdp_full,16,15,,True
8,792,315.82,False,nsdp_full,16,35,0,False,nsdp_full,16,35,,True
2,793,315.84,False,nsdp_full,16,14,0,False,nsdp_full,16,13,,True
3,793,315.84,False,nsdp_full,16,8,0,False,nsdp_full,16,9,,True
4,793,315.84,False,nsdp_full,16,24,0,False,nsdp_full,16,33,,True
5,793,315.84,False,nsdp_full,16,20,0,False,nsdp_full,16,13,,True
7,793,315.84,False,nsdp_full,16,15,0,False,nsdp_full,16,15,,True
8,793,315.84,False,nsdp_full,16,35,0,False,nsdp_full,16,35,,True
2,794,315.86,False,nsdp_full,16,14,0,False,nsdp_full,16,13,,True
3,794,315.86,False,nsdp_full,16,8,0,False,nsdp_full,16,9,,True
4,794,315.86,False,nsdp_full,16,24,0,False,nsdp_full,16,33,,True
5,794,315.86,False,nsdp_full,16,20,0,False,nsdp_full,16,13,,True
7,794,315.86,False,nsdp_full,16,15,0,False,nsdp_full,16,15,,True
8,794,315.86,False,nsdp_full,16,35,0,False,nsdp_full,16,35,,True
2,795,315.88,False,nsdp_full,16,14,0,False,nsdp_full,16,13,,True
3,795,315.88,False,nsdp_full,16,8,0,False,nsdp_full,16,9,,True
4,795,315.88,False,nsdp_full,16,24,0,False,nsdp_full,16,33,,True
5,795,315.88,False,nsdp_full,16,20,0,False,nsdp_full,16,13,,True
7,795,315.88,False,nsdp_full,16,15,0,False,nsdp_full,16,15,,True
8,795,315.88,False,nsdp_full,16,35,0,False,nsdp_full,16,35,,True
2,796,315.9,False,nsdp_full,16,14,0,False,nsdp_full,16,13,,True
3,796,315.9,False,nsdp_full,16,8,0,False,nsdp_full,16,9,,True
4,796,315.9,False,nsdp_full,16,24,0,False,nsdp_full,16,34,,True
5,796,315.9,False,nsdp_full,16,20,0,False,nsdp_full,16,13,,True
7,796,315.9,False,nsdp_full,16,15,0,False,nsdp_full,16,15,,True
8,796,315.9,False,nsdp_full,16,35,0,False,nsdp_full,16,35,,True
2,797,315.92,False,nsdp_full,16,14,0,False,nsdp_full,16,13,,True
3,797,315.92,False,nsdp_full,16,8,0,False,nsdp_full,16,9,,True
4,797,315.92,False,nsdp_full,16,24,0,False,nsdp_full,16,34,,True
5,797,315.92,False,nsdp_full,16,20,0,False,nsdp_full,16,13,,True
7,797,315.92,False,nsdp_full,16,15,0,False,nsdp_full,16,15,,True
8,797,315.92,False,nsdp_full,16,35,0,False,nsdp_full,16,35,,True
2,798,315.94,False,nsdp_full,16,14,0,False,nsdp_full,16,13,,True
3,798,315.94,False,nsdp_full,16,8,0,False,nsdp_full,16,9,,True
4,798,315.94,False,nsdp_full,16,24,0,False,nsdp_full,16,34,,True
5,798,315.94,False,nsdp_full,16,20,0,False,nsdp_full,16,13,,True
7,798,315.94,False,nsdp_full,16,15,0,False,nsdp_full,16,15,,True
8,798,315.94,False,nsdp_full,16,35,0,False,nsdp_full,16,35,,True
2,799,315.96,False,nsdp_full,16,14,0,False,nsdp_full,16,13,,True
3,799,315.96,False,nsdp_full,16,8,0,False,nsdp_full,16,9,,True
4,799,315.96,False,nsdp_full,16,24,0,False,nsdp_full,16,34,,True
5,799,315.96,False,nsdp_full,16,20,0,False,nsdp_full,16,13,,True
7,799,315.96,False,nsdp_full,16,15,0,False,nsdp_full,16,15,,True
8,799,315.96,False,nsdp_full,16,35,0,False,nsdp_full,16,35,,True
2,800,315.98,False,nsdp_full,16,14,0,True,admitted,14,13,1116,False
3,800,315.98,False,nsdp_full,16,8,0,False,nsdp_full,16,9,,True
4,800,315.98,False,nsdp_full,16,24,0,False,nsdp_full,16,34,,True
5,800,315.98,False,nsdp_full,16,20,0,False,nsdp_full,16,13,,True
7,800,315.98,False,nsdp_full,16,15,0,False,nsdp_full,16,15,,True
8,800,315.98,False,nsdp_full,16,35,0,False,nsdp_full,16,35,,True
2,801,316,False,nsdp_full,16,14,0,True,admitted,15,14,1117,False
3,801,316,False,nsdp_full,16,8,0,False,nsdp_full,16,9,,True
4,801,316,False,nsdp_full,16,24,0,False,nsdp_full,16,34,,True
5,801,316,False,nsdp_full,16,20,0,False,nsdp_full,16,13,,True
7,801,316,False,nsdp_full,16,15,0,False,nsdp_full,16,15,,True
8,801,316,False,nsdp_full,16,35,0,False,nsdp_full,16,35,,True
2,802,316.02,False,nsdp_full,16,14,0,False,nsdp_full,16,15,,True
3,802,316.02,False,nsdp_full,16,8,0,False,nsdp_full,16,9,,True
4,802,316.02,False,nsdp_full,16,24,0,False,nsdp_full,16,34,,True
5,802,316.02,False,nsdp_full,16,20,0,False,nsdp_full,16,13,,True
7,802,316.02,False,nsdp_full,16,15,0,False,nsdp_full,16,15,,True
8,802,316.02,False,nsdp_full,16,35,0,False,nsdp_full,16,35,,True
2,803,316.04,False,nsdp_full,16,14,0,False,nsdp_full,16,15,,True
3,803,316.04,False,nsdp_full,16,8,0,False,nsdp_full,16,9,,True
4,803,316.04,False,nsdp_full,16,24,0,False,nsdp_full,16,34,,True
5,803,316.04,False,nsdp_full,16,20,0,False,nsdp_full,16,13,,True
7,803,316.04,False,nsdp_full,16,15,0,False,nsdp_full,16,15,,True
8,803,316.04,False,nsdp_full,16,35,0,False,nsdp_full,16,35,,True
2,804,316.06,False,nsdp_full,16,14,0,False,nsdp_full,16,15,,True
3,804,316.06,False,nsdp_full,16,8,0,False,nsdp_full,16,9,,True
4,804,316.06,False,nsdp_full,16,24,0,False,nsdp_full,16,34,,True
5,804,316.06,False,nsdp_full,16,20,0,False,nsdp_full,16,13,,True
7,804,316.06,False,nsdp_full,16,15,0,False,nsdp_full,16,15,,True
8,804,316.06,False,nsdp_full,16,35,0,False,nsdp_full,16,35,,True
2,805,316.08,False,nsdp_full,16,14,0,False,nsdp_full,16,15,,True
3,805,316.08,False,nsdp_full,16,8,0,False,nsdp_full,16,9,,True
4,805,316.08,False,nsdp_full,16,24,0,False,nsdp_full,16,34,,True
5,805,316.08,False,nsdp_full,16,20,0,False,nsdp_full,16,13,,True
7,805,316.08,False,nsdp_full,16,15,0,False,nsdp_full,16,15,,True
8,805,316.08,False,nsdp_full,16,35,0,False,nsdp_full,16,35,,True
2,806,316.1,False,nsdp_full,16,14,0,False,nsdp_full,16,15,,True
3,806,316.1,False,nsdp_full,16,8,0,True,admitted,15,7,1118,False
4,806,316.1,False,nsdp_full,16,24,0,False,nsdp_full,16,34,,True
5,806,316.1,False,nsdp_full,16,20,0,False,nsdp_full,16,13,,True
7,806,316.1,False,nsdp_full,16,15,0,False,nsdp_full,16,15,,True
8,806,316.1,False,nsdp_full,16,35,0,False,nsdp_full,16,35,,True
2,807,316.12,False,nsdp_full,16,14,0,False,nsdp_full,16,15,,True
3,807,316.12,False,nsdp_full,16,8,0,False,nsdp_full,16,8,,True
4,807,316.12,False,nsdp_full,16,24,0,False,nsdp_full,16,34,,True
5,807,316.12,False,nsdp_full,16,20,0,False,nsdp_full,16,13,,True
7,807,316.12,False,nsdp_full,16,15,0,False,nsdp_full,16,15,,True
8,807,316.12,False,nsdp_full,16,35,0,False,nsdp_full,16,35,,True
2,808,316.14,False,nsdp_full,16,14,0,False,nsdp_full,16,15,,True
3,808,316.14,False,nsdp_full,16,8,0,False,nsdp_full,16,8,,True
4,808,316.14,False,nsdp_full,16,24,0,False,nsdp_full,16,34,,True
5,808,316.14,False,nsdp_full,16,20,0,False,nsdp_full,16,13,,True
7,808,316.14,False,nsdp_full,16,15,0,False,nsdp_full,16,15,,True
8,808,316.14,False,nsdp_full,16,35,0,False,nsdp_full,16,35,,True
2,809,316.16,False,nsdp_full,16,14,0,False,nsdp_full,16,15,,True
3,809,316.16,False,nsdp_full,16,8,0,False,nsdp_full,16,8,,True
4,809,316.16,False,nsdp_full,16,24,0,False,nsdp_full,16,34,,True
5,809,316.16,False,nsdp_full,16,20,0,False,nsdp_full,16,13,,True
7,809,316.16,False,nsdp_full,16,15,0,False,nsdp_full,16,15,,True
8,809,316.16,False,nsdp_full,16,35,0,False,nsdp_full,16,35,,True
2,810,316.18,False,nsdp_full,16,14,0,False,nsdp_full,16,15,,True
3,810,316.18,False,nsdp_full,16,8,0,False,nsdp_full,16,8,,True
4,810,316.18,False,nsdp_full,16,24,0,False,nsdp_full,16,34,,True
5,810,316.18,False,nsdp_full,16,20,0,False,nsdp_full,16,13,,True
7,810,316.18,False,nsdp_full,16,15,0,False,nsdp_full,16,15,,True
8,810,316.18,False,nsdp_full,16,35,0,False,nsdp_full,16,35,,True
2,811,316.2,False,nsdp_full,16,14,0,False,nsdp_full,16,15,,True
3,811,316.2,False,nsdp_full,16,8,0,False,nsdp_full,16,8,,True
4,811,316.2,False,nsdp_full,16,24,0,False,nsdp_full,16,34,,True
5,811,316.2,False,nsdp_full,16,20,0,False,nsdp_full,16,13,,True
7,811,316.2,False,nsdp_full,16,15,0,False,nsdp_full,16,15,,True
8,811,316.2,False,nsdp_full,16,35,0,False,nsdp_full,16,35,,True
2,812,316.22,False,nsdp_full,16,14,0,False,nsdp_full,16,15,,True
3,812,316.22,False,nsdp_full,16,8,0,False,nsdp_full,16,8,,True
4,812,316.22,False,nsdp_full,16,24,0,False,nsdp_full,16,34,,True
5,812,316.22,False,nsdp_full,16,20,0,False,nsdp_full,16,13,,True
7,812,316.22,False,nsdp_full,16,15,0,False,nsdp_full,16,15,,True
8,812,316.22,False,nsdp_full,16,35,0,False,nsdp_full,16,35,,True
2,813,316.24,False,nsdp_full,16,14,0,False,nsdp_full,16,15,,True
3,813,316.24,False,nsdp_full,16,8,0,False,nsdp_full,16,8,,True
4,813,316.24,False,nsdp_full,16,24,0,False,nsdp_full,16,34,,True
5,813,316.24,False,nsdp_full,16,20,0,False,nsdp_full,16,13,,True
7,813,316.24,False,nsdp_full,16,15,0,False,nsdp_full,16,15,,True
8,813,316.24,False,nsdp_full,16,35,0,False,nsdp_full,16,35,,True
2,814,316.26,False,nsdp_full,16,14,0,False,nsdp_full,16,15,,True
3,814,316.26,False,nsdp_full,16,8,0,False,nsdp_full,16,8,,True
4,814,316.26,False,nsdp_full,16,24,0,False,nsdp_full,16,34,,True
5,814,316.26,False,nsdp_full,16,20,0,False,nsdp_full,16,13,,True
7,814,316.26,False,nsdp_full,16,15,0,False,nsdp_full,16,15,,True
8,814,316.26,False,nsdp_full,16,35,0,False,nsdp_full,16,35,,True
2,815,316.28,False,nsdp_full,16,15,0,False,nsdp_full,16,15,,True
3,815,316.28,False,nsdp_full,16,8,0,False,nsdp_full,16,8,,True
4,815,316.28,False,nsdp_full,16,24,0,False,nsdp_full,16,34,,True
5,815,316.28,False,nsdp_full,16,20,0,False,nsdp_full,16,13,,True
7,815,316.28,False,nsdp_full,16,15,0,False,nsdp_full,16,15,,True
8,815,316.28,False,nsdp_full,16,35,0,False,nsdp_full,16,35,,True
2,816,316.3,False,nsdp_full,16,15,0,False,nsdp_full,16,15,,True
3,816,316.3,False,nsdp_full,16,8,0,False,nsdp_full,16,8,,True
4,816,316.3,False,nsdp_full,16,24,0,False,nsdp_full,16,34,,True
5,816,316.3,False,nsdp_full,16,20,0,False,nsdp_full,16,13,,True
7,816,316.3,False,nsdp_full,16,15,0,False,nsdp_full,16,15,,True
8,816,316.3,False,nsdp_full,16,35,0,False,nsdp_full,16,35,,True
2,817,316.32,False,nsdp_full,16,15,0,False,nsdp_full,16,15,,True
3,817,316.32,False,nsdp_full,16,8,0,False,nsdp_full,16,8,,True
4,817,316.32,False,nsdp_full,16,24,0,False,nsdp_full,16,34,,True
5,817,316.32,False,nsdp_full,16,20,0,False,nsdp_full,16,13,,True
7,817,316.32,False,nsdp_full,16,15,0,False,nsdp_full,16,15,,True
8,817,316.32,False,nsdp_full,16,35,0,False,nsdp_full,16,35,,True
2,818,316.34,False,nsdp_full,16,15,0,False,nsdp_full,16,15,,True
3,818,316.34,False,nsdp_full,16,8,0,False,nsdp_full,16,8,,True
4,818,316.34,False,nsdp_full,16,24,0,False,nsdp_full,16,34,,True
5,818,316.34,False,nsdp_full,16,20,0,False,nsdp_full,16,13,,True
7,818,316.34,False,nsdp_full,16,15,0,False,nsdp_full,16,15,,True
8,818,316.34,False,nsdp_full,16,35,0,False,nsdp_full,16,35,,True
2,819,316.36,False,nsdp_full,16,15,0,False,nsdp_full,16,15,,True
3,819,316.36,False,nsdp_full,16,8,0,False,nsdp_full,16,8,,True
4,819,316.36,False,nsdp_full,16,24,0,False,nsdp_full,16,34,,True
5,819,316.36,False,nsdp_full,16,20,0,False,nsdp_full,16,13,,True
7,819,316.36,False,nsdp_full,16,15,0,False,nsdp_full,16,15,,True
8,819,316.36,False,nsdp_full,16,35,0,False,nsdp_full,16,35,,True
2,820,316.38,False,nsdp_full,16,15,0,False,nsdp_full,16,15,,True
3,820,316.38,False,nsdp_full,16,8,0,False,nsdp_full,16,8,,True
4,820,316.38,False,nsdp_full,16,24,0,False,nsdp_full,16,34,,True
5,820,316.38,False,nsdp_full,16,20,0,False,nsdp_full,16,13,,True
7,820,316.38,False,nsdp_full,16,15,0,False,nsdp_full,16,15,,True
8,820,316.38,True,admitted,15,34,156,False,nsdp_full,16,35,,False
2,821,316.4,False,nsdp_full,16,15,0,False,nsdp_full,16,15,,True
3,821,316.4,False,nsdp_full,16,8,0,False,nsdp_full,16,8,,True
4,821,316.4,False,nsdp_full,16,24,0,False,nsdp_full,16,34,,True
5,821,316.4,False,nsdp_full,16,20,0,False,nsdp_full,16,13,,True
7,821,316.4,False,nsdp_full,16,15,0,False,nsdp_full,16,15,,True
8,821,316.4,False,nsdp_full,16,35,0,False,nsdp_full,16,35,,True
2,822,316.42,False,nsdp_full,16,15,0,False,nsdp_full,16,15,,True
3,822,316.42,False,nsdp_full,16,8,0,False,nsdp_full,16,8,,True
4,822,316.42,False,nsdp_full,16,24,0,False,nsdp_full,16,34,,True
5,822,316.42,False,nsdp_full,16,20,0,False,nsdp_full,16,13,,True
7,822,316.42,False,nsdp_full,16,15,0,False,nsdp_full,16,15,,True
8,822,316.42,False,nsdp_full,16,35,0,False,nsdp_full,16,35,,True
2,823,316.44,False,nsdp_full,16,15,0,False,nsdp_full,16,15,,True
3,823,316.44,False,nsdp_full,16,8,0,False,nsdp_full,16,8,,True
4,823,316.44,False,nsdp_full,16,24,0,False,nsdp_full,16,34,,True
5,823,316.44,False,nsdp_full,16,20,0,False,nsdp_full,16,13,,True
7,823,316.44,False,nsdp_full,16,15,0,False,nsdp_full,16,15,,True
8,823,316.44,False,nsdp_full,16,35,0,False,nsdp_full,16,35,,True
2,824,316.46,False,nsdp_full,16,15,0,False,nsdp_full,16,15,,True
3,824,316.46,False,nsdp_full,16,8,0,False,nsdp_full,16,8,,True
4,824,316.46,False,nsdp_full,16,24,0,False,nsdp_full,16,34,,True
5,824,316.46,False,nsdp_full,16,20,0,False,nsdp_full,16,13,,True
7,824,316.46,False,nsdp_full,16,15,0,False,nsdp_full,16,15,,True
8,824,316.46,False,nsdp_full,16,35,0,False,nsdp_full,16,35,,True
2,825,316.48,False,nsdp_full,16,15,0,False,nsdp_full,16,15,,True
3,825,316.48,True,admitted,14,6,157,False,nsdp_full,16,8,,False
4,825,316.48,False,nsdp_full,16,24,0,False,nsdp_full,16,34,,True
5,825,316.48,True,admitted,15,18,158,False,nsdp_full,16,13,,False
7,825,316.48,False,nsdp_full,16,15,0,False,nsdp_full,16,15,,True
8,825,316.48,False,nsdp_full,16,35,0,False,nsdp_full,16,35,,True
2,826,316.5,False,nsdp_full,16,15,0,False,nsdp_full,16,15,,True
3,826,316.5,True,admitted,15,7,159,False,nsdp_full,16,8,,False
4,826,316.5,False,nsdp_full,16,24,0,False,nsdp_full,16,34,,True
5,826,316.5,False,nsdp_full,16,19,0,False,nsdp_full,16,13,,True
7,826,316.5,False,nsdp_full,16,15,0,False,nsdp_full,16,15,,True
8,826,316.5,False,nsdp_full,16,35,0,False,nsdp_full,16,35,,True
2,827,316.52,False,nsdp_full,16,15,0,False,nsdp_full,16,15,,True
3,827,316.52,False,nsdp_full,16,8,0,False,nsdp_full,16,8,,True
4,827,316.52,False,nsdp_full,16,24,0,False,nsdp_full,16,34,,True
5,827,316.52,False,nsdp_full,16,19,0,False,nsdp_full,16,13,,True
7,827,316.52,False,nsdp_full,16,15,0,False,nsdp_full,16,15,,True
8,827,316.52,False,nsdp_full,16,35,0,False,nsdp_full,16,35,,True
2,828,316.54,False,nsdp_full,16,15,0,False,nsdp_full,16,15,,True
3,828,316.54,False,nsdp_full,16,8,0,False,nsdp_full,16,8,,True
4,828,316.54,False,nsdp_full,16,24,0,False,nsdp_full,16,34,,True
5,828,316.54,False,nsdp_full,16,19,0,False,nsdp_full,16,13,,True
7,828,316.54,False,nsdp_full,16,15,0,False,nsdp_full,16,15,,True
8,828,316.54,False,nsdp_full,16,35,0,False,nsdp_full,16,35,,True
2,829,316.56,False,nsdp_full,16,15,0,False,nsdp_full,16,15,,True
3,829,316.56,False,nsdp_full,16,8,0,False,nsdp_full,16,8,,True
4,829,316.56,False,nsdp_full,16,24,0,False,nsdp_full,16,34,,True
5,829,316.56,False,nsdp_full,16,19,0,False,nsdp_full,16,13,,True
7,829,316.56,False,nsdp_full,16,15,0,False,nsdp_full,16,15,,True
8,829,316.56,False,nsdp_full,16,35,0,False,nsdp_full,16,35,,True
2,830,316.58,False,nsdp_full,16,15,0,False,nsdp_full,16,15,,True
3,830,316.58,False,nsdp_full,16,8,0,False,nsdp_full,16,8,,True
4,830,316.58,False,nsdp_full,16,24,0,False,nsdp_full,16,34,,True
5,830,316.58,False,nsdp_full,16,19,0,False,nsdp_full,16,13,,True
7,830,316.58,False,nsdp_full,16,15,0,False,nsdp_full,16,15,,True
8,830,316.58,False,nsdp_full,16,35,0,False,nsdp_full,16,35,,True
2,831,316.6,False,nsdp_full,16,15,0,False,nsdp_full,16,15,,True
3,831,316.6,False,nsdp_full,16,8,0,False,nsdp_full,16,8,,True
4,831,316.6,False,nsdp_full,16,24,0,False,nsdp_full,16,34,,True
5,831,316.6,False,nsdp_full,16,19,0,False,nsdp_full,16,13,,True
7,831,316.6,False,nsdp_full,16,15,0,False,nsdp_full,16,15,,True
8,831,316.6,False,nsdp_full,16,35,0,False,nsdp_full,16,35,,True
2,832,316.62,False,nsdp_full,16,15,0,False,nsdp_full,16,15,,True
3,832,316.62,False,nsdp_full,16,8,0,False,nsdp_full,16,8,,True
4,832,316.62,False,nsdp_full,16,24,0,False,nsdp_full,16,34,,True
5,832,316.62,False,nsdp_full,16,19,0,False,nsdp_full,16,13,,True
7,832,316.62,False,nsdp_full,16,15,0,False,nsdp_full,16,15,,True
8,832,316.62,False,nsdp_full,16,35,0,False,nsdp_full,16,35,,True
2,833,316.64,False,nsdp_full,16,15,0,False,nsdp_full,16,15,,True
3,833,316.64,False,nsdp_full,16,8,0,False,nsdp_full,16,8,,True
4,833,316.64,False,nsdp_full,16,24,0,False,nsdp_full,16,34,,True
5,833,316.64,False,nsdp_full,16,19,0,False,nsdp_full,16,13,,True
7,833,316.64,False,nsdp_full,16,15,0,False,nsdp_full,16,15,,True
8,833,316.64,False,nsdp_full,16,35,0,False,nsdp_full,16,35,,True
2,834,316.66,False,nsdp_full,16,15,0,False,nsdp_full,16,15,,True
3,834,316.66,False,nsdp_full,16,8,0,False,nsdp_full,16,8,,True
4,834,316.66,False,nsdp_full,16,24,0,False,nsdp_full,16,34,,True
5,834,316.66,False,nsdp_full,16,19,0,False,nsdp_full,16,13,,True
7,834,316.66,False,nsdp_full,16,15,0,False,nsdp_full,16,15,,True
8,834,316.66,False,nsdp_full,16,35,0,False,nsdp_full,16,35,,True
2,835,316.68,False,nsdp_full,16,15,0,False,nsdp_full,16,15,,True
3,835,316.68,False,nsdp_full,16,8,0,False,nsdp_full,16,8,,True
4,835,316.68,False,nsdp_full,16,24,0,False,nsdp_full,16,34,,True
5,835,316.68,False,nsdp_full,16,19,0,False,nsdp_full,16,13,,True
7,835,316.68,False,nsdp_full,16,15,0,False,nsdp_full,16,15,,True
8,835,316.68,False,nsdp_full,16,35,0,False,nsdp_full,16,35,,True
2,836,316.7,False,nsdp_full,16,15,0,False,nsdp_full,16,15,,True
3,836,316.7,False,nsdp_full,16,8,0,False,nsdp_full,16,8,,True
4,836,316.7,False,nsdp_full,16,24,0,False,nsdp_full,16,34,,True
5,836,316.7,False,nsdp_full,16,19,0,False,nsdp_full,16,13,,True
7,836,316.7,False,nsdp_full,16,15,0,False,nsdp_full,16,15,,True
8,836,316.7,False,nsdp_full,16,35,0,False,nsdp_full,16,35,,True
2,837,316.72,False,nsdp_full,16,15,0,False,nsdp_full,16,15,,True
3,837,316.72,False,nsdp_full,16,8,0,False,nsdp_full,16,8,,True
4,837,316.72,False,nsdp_full,16,24,0,False,nsdp_full,16,34,,True
5,837,316.72,False,nsdp_full,16,19,0,False,nsdp_full,16,13,,True
7,837,316.72,False,nsdp_full,16,15,0,False,nsdp_full,16,15,,True
8,837,316.72,False,nsdp_full,16,35,0,False,nsdp_full,16,35,,True
2,838,316.74,False,nsdp_full,16,15,0,False,nsdp_full,16,15,,True
3,838,316.74,False,nsdp_full,16,8,0,False,nsdp_full,16,8,,True
4,838,316.74,False,nsdp_full,16,24,0,False,nsdp_full,16,34,,True
5,838,316.74,False,nsdp_full,16,19,0,False,nsdp_full,16,13,,True
7,838,316.74,False,nsdp_full,16,15,0,False,nsdp_full,16,15,,True
8,838,316.74,False,nsdp_full,16,35,0,False,nsdp_full,16,35,,True
2,839,316.76,False,nsdp_full,16,15,0,False,nsdp_full,16,15,,True
3,839,316.76,False,nsdp_full,16,8,0,False,nsdp_full,16,8,,True
4,839,316.76,False,nsdp_full,16,24,0,False,nsdp_full,16,34,,True
5,839,316.76,False,nsdp_full,16,19,0,False,nsdp_full,16,13,,True
7,839,316.76,False,nsdp_full,16,15,0,False,nsdp_full,16,15,,True
8,839,316.76,False,nsdp_full,16,35,0,False,nsdp_full,16,35,,True
2,840,316.78,False,nsdp_full,16,15,0,False,nsdp_full,16,15,,True
3,840,316.78,False,nsdp_full,16,8,0,False,nsdp_full,16,8,,True
4,840,316.78,False,nsdp_full,16,24,0,False,nsdp_full,16,34,,True
5,840,316.78,False,nsdp_full,16,19,0,False,nsdp_full,16,13,,True
7,840,316.78,False,nsdp_full,16,15,0,False,nsdp_full,16,15,,True
8,840,316.78,False,nsdp_full,16,35,0,False,nsdp_full,16,35,,True
2,841,316.8,False,nsdp_full,16,15,0,False,nsdp_full,16,15,,True
3,841,316.8,False,nsdp_full,16,8,0,False,nsdp_full,16,8,,True
4,841,316.8,False,nsdp_full,16,24,0,False,nsdp_full,16,34,,True
5,841,316.8,False,nsdp_full,16,19,0,False,nsdp_full,16,13,,True
7,841,316.8,False,nsdp_full,16,15,0,False,nsdp_full,16,15,,True
8,841,316.8,False,nsdp_full,16,35,0,False,nsdp_full,16,35,,True
2,842,316.82,False,nsdp_full,16,15,0,False,nsdp_full,16,15,,True
3,842,316.82,False,nsdp_full,16,8,0,False,nsdp_full,16,8,,True
4,842,316.82,False,nsdp_full,16,24,0,False,nsdp_full,16,34,,True
5,842,316.82,False,nsdp_full,16,19,0,False,nsdp_full,16,13,,True
7,842,316.82,False,nsdp_full,16,15,0,False,nsdp_full,16,15,,True
8,842,316.82,False,nsdp_full,16,35,0,False,nsdp_full,16,35,,True
2,843,316.84,False,nsdp_full,16,15,0,False,nsdp_full,16,15,,True
3,843,316.84,False,nsdp_full,16,8,0,False,nsdp_full,16,8,,True
4,843,316.84,False,nsdp_full,16,24,0,False,nsdp_full,16,34,,True
5,843,316.84,False,nsdp_full,16,19,0,False,nsdp_full,16,13,,True
7,843,316.84,False,nsdp_full,16,15,0,False,nsdp_full,16,15,,True
8,843,316.84,False,nsdp_full,16,35,0,False,nsdp_full,16,35,,True
2,844,316.86,False,nsdp_full,16,16,0,False,nsdp_full,16,15,,True
3,844,316.86,False,nsdp_full,16,8,0,False,nsdp_full,16,8,,True
4,844,316.86,False,nsdp_full,16,24,0,False,nsdp_full,16,34,,True
5,844,316.86,False,nsdp_full,16,19,0,False,nsdp_full,16,13,,True
7,844,316.86,False,nsdp_full,16,15,0,False,nsdp_full,16,15,,True
8,844,316.86,False,nsdp_full,16,35,0,False,nsdp_full,16,35,,True
2,845,316.88,False,nsdp_full,16,16,0,False,nsdp_full,16,15,,True
3,845,316.88,False,nsdp_full,16,8,0,False,nsdp_full,16,8,,True
4,845,316.88,False,nsdp_full,16,24,0,False,nsdp_full,16,34,,True
5,845,316.88,False,nsdp_full,16,19,0,False,nsdp_full,16,13,,True
7,845,316.88,False,nsdp_full,16,15,0,False,nsdp_full,16,15,,True
8,845,316.88,False,nsdp_full,16,35,0,False,nsdp_full,16,35,,True
2,846,316.9,False,nsdp_full,16,16,0,False,nsdp_full,16,15,,True
3,846,316.9,False,nsdp_full,16,8,0,False,nsdp_full,16,8,,True
4,846,316.9,False,nsdp_full,16,24,0,False,nsdp_full,16,34,,True
5,846,316.9,False,nsdp_full,16,19,0,False,nsdp_full,16,13,,True
7,846,316.9,False,nsdp_full,16,15,0,False,nsdp_full,16,15,,True
8,846,316.9,False,nsdp_full,16,35,0,False,nsdp_full,16,35,,True
2,847,316.92,False,nsdp_full,16,16,0,False,nsdp_full,16,15,,True
3,847,316.92,False,nsdp_full,16,8,0,False,nsdp_full,16,8,,True
4,847,316.92,False,nsdp_full,16,24,0,False,nsdp_full,16,34,,True
5,847,316.92,False,nsdp_full,16,19,0,False,nsdp_full,16,13,,True
7,847,316.92,False,nsdp_full,16,15,0,False,nsdp_full,16,15,,True
8,847,316.92,False,nsdp_full,16,35,0,False,nsdp_full,16,35,,True
2,848,316.94,False,nsdp_full,16,16,0,False,nsdp_full,16,15,,True
3,848,316.94,False,nsdp_full,16,8,0,False,nsdp_full,16,8,,True
4,848,316.94,False,nsdp_full,16,24,0,False,nsdp_full,16,34,,True
5,848,316.94,False,nsdp_full,16,19,0,False,nsdp_full,16,13,,True
7,848,316.94,False,nsdp_full,16,15,0,False,nsdp_full,16,15,,True
8,848,316.94,False,nsdp_full,16,35,0,False,nsdp_full,16,35,,True
2,849,316.96,False,nsdp_full,16,16,0,False,nsdp_full,16,15,,True
3,849,316.96,False,nsdp_full,16,8,0,False,nsdp_full,16,8,,True
4,849,316.96,False,nsdp_full,16,24,0,False,nsdp_full,16,34,,True
5,849,316.96,False,nsdp_full,16,19,0,False,nsdp_full,16,13,,True
7,849,316.96,False,nsdp_full,16,15,0,False,nsdp_full,16,15,,True
8,849,316.96,False,nsdp_full,16,35,0,False,nsdp_full,16,35,,True
2,850,316.98,False,nsdp_full,16,16,0,False,nsdp_full,16,16,,True
3,850,316.98,False,nsdp_full,16,8,0,False,nsdp_full,16,8,,True
4,850,316.98,False,nsdp_full,16,24,0,False,nsdp_full,16,34,,True
5,850,316.98,False,nsdp_full,16,19,0,False,nsdp_full,16,13,,True
7,850,316.98,False,nsdp_full,16,15,0,False,nsdp_full,16,15,,True
8,850,316.98,False,nsdp_full,16,35,0,False,nsdp_full,16,35,,True
2,851,317,False,nsdp_full,16,16,0,False,nsdp_full,16,16,,True
3,851,317,False,nsdp_full,16,8,0,False,nsdp_full,16,8,,True
4,851,317,False,nsdp_full,16,24,0,False,nsdp_full,16,34,,True
5,851,317,False,nsdp_full,16,19,0,False,nsdp_full,16,13,,True
7,851,317,False,nsdp_full,16,15,0,False,nsdp_full,16,15,,True
8,851,317,False,nsdp_full,16,35,0,False,nsdp_full,16,35,,True
2,852,317.02,False,nsdp_full,16,16,0,False,nsdp_full,16,16,,True
3,852,317.02,False,nsdp_full,16,8,0,False,nsdp_full,16,8,,True
4,852,317.02,False,nsdp_full,16,24,0,False,nsdp_full,16,34,,True
5,852,317.02,False,nsdp_full,16,19,0,False,nsdp_full,16,13,,True
7,852,317.02,False,nsdp_full,16,15,0,False,nsdp_full,16,15,,True
8,852,317.02,False,nsdp_full,16,35,0,False,nsdp_full,16,35,,True
2,853,317.04,False,nsdp_full,16,16,0,False,nsdp_full,16,16,,True
3,853,317.04,False,nsdp_full,16,8,0,False,nsdp_full,16,8,,True
4,853,317.04,False,nsdp_full,16,24,0,False,nsdp_full,16,34,,True
5,853,317.04,False,nsdp_full,16,19,0,False,nsdp_full,16,13,,True
7,853,317.04,False,nsdp_full,16,15,0,False,nsdp_full,16,15,,True
8,853,317.04,False,nsdp_full,16,35,0,False,nsdp_full,16,35,,True
2,854,317.06,False,nsdp_full,16,16,0,False,nsdp_full,16,16,,True
3,854,317.06,False,nsdp_full,16,8,0,False,nsdp_full,16,8,,True
4,854,317.06,False,nsdp_full,16,24,0,False,nsdp_full,16,34,,True
5,854,317.06,False,nsdp_full,16,19,0,False,nsdp_full,16,13,,True
7,854,317.06,False,nsdp_full,16,15,0,False,nsdp_full,16,15,,True
8,854,317.06,False,nsdp_full,16,35,0,False,nsdp_full,16,35,,True
2,855,317.08,False,nsdp_full,16,16,0,False,nsdp_full,16,16,,True
3,855,317.08,False,nsdp_full,16,8,0,False,nsdp_full,16,8,,True
4,855,317.08,False,nsdp_full,16,24,0,False,nsdp_full,16,34,,True
5,855,317.08,False,nsdp_full,16,19,0,False,nsdp_full,16,13,,True
7,855,317.08,False,nsdp_full,16,15,0,False,nsdp_full,16,15,,True
8,855,317.08,False,nsdp_full,16,35,0,False,nsdp_full,16,35,,True
2,856,317.1,False,nsdp_full,16,16,0,False,nsdp_full,16,16,,True
3,856,317.1,True,admitted,15,6,160,False,nsdp_full,16,8,,False
4,856,317.1,False,nsdp_full,16,24,0,False,nsdp_full,16,34,,True
5,856,317.1,False,nsdp_full,16,19,0,False,nsdp_full,16,13,,True
7,856,317.1,False,nsdp_full,16,15,0,False,nsdp_full,16,15,,True
8,856,317.1,False,nsdp_full,16,35,0,False,nsdp_full,16,35,,True
2,857,317.12,False,nsdp_full,16,16,0,False,nsdp_full,16,16,,True
3,857,317.12,False,nsdp_full,16,7,0,False,nsdp_full,16,8,,True
4,857,317.12,False,nsdp_full,16,24,0,False,nsdp_full,16,34,,True
5,857,317.12,False,nsdp_full,16,19,0,False,nsdp_full,16,13,,True
7,857,317.12,False,nsdp_full,16,15,0,False,nsdp_full,16,15,,True
8,857,317.12,False,nsdp_full,16,35,0,False,nsdp_full,16,35,,True
2,858,317.14,False,nsdp_full,16,16,0,False,nsdp_full,16,16,,True
3,858,317.14,False,nsdp_full,16,7,0,False,nsdp_full,16,8,,True
4,858,317.14,False,nsdp_full,16,24,0,False,nsdp_full,16,34,,True
5,858,317.14,False,nsdp_full,16,20,0,False,nsdp_full,16,13,,True
7,858,317.14,False,nsdp_full,16,15,0,False,nsdp_full,16,15,,True
8,858,317.14,False,nsdp_full,16,35,0,False,nsdp_full,16,35,,True
2,859,317.16,False,nsdp_full,16,16,0,False,nsdp_full,16,16,,True
3,859,317.16,False,nsdp_full,16,7,0,False,nsdp_full,16,8,,True
4,859,317.16,False,nsdp_full,16,24,0,False,nsdp_full,16,34,,True
5,859,317.16,False,nsdp_full,16,20,0,False,nsdp_full,16,13,,True
7,859,317.16,False,nsdp_full,16,15,0,False,nsdp_full,16,15,,True
8,859,317.16,False,nsdp_full,16,35,0,False,nsdp_full,16,35,,True
2,860,317.18,False,nsdp_full,16,16,0,False,nsdp_full,16,16,,True
3,860,317.18,False,nsdp_full,16,7,0,False,nsdp_full,16,8,,True
4,860,317.18,False,nsdp_full,16,24,0,False,nsdp_full,16,34,,True
5,860,317.18,False,nsdp_full,16,20,0,False,nsdp_full,16,13,,True
7,860,317.18,False,nsdp_full,16,15,0,False,nsdp_full,16,15,,True
8,860,317.18,False,nsdp_full,16,35,0,False,nsdp_full,16,35,,True
2,861,317.2,False,nsdp_full,16,16,0,False,nsdp_full,16,16,,True
3,861,317.2,False,nsdp_full,16,7,0,False,nsdp_full,16,8,,True
4,861,317.2,False,nsdp_full,16,24,0,False,nsdp_full,16,34,,True
5,861,317.2,False,nsdp_full,16,20,0,False,nsdp_full,16,14,,True
7,861,317.2,False,nsdp_full,16,15,0,False,nsdp_full,16,15,,True
8,861,317.2,False,nsdp_full,16,35,0,False,nsdp_full,16,35,,True
2,862,317.22,False,nsdp_full,16,16,0,False,nsdp_full,16,16,,True
3,862,317.22,False,nsdp_full,16,7,0,False,nsdp_full,16,8,,True
4,862,317.22,False,nsdp_full,16,24,0,False,nsdp_full,16,34,,True
5,862,317.22,False,nsdp_full,16,20,0,False,nsdp_full,16,14,,True
7,862,317.22,False,nsdp_full,16,15,0,False,nsdp_full,16,15,,True
8,862,317.22,False,nsdp_full,16,35,0,False,nsdp_full,16,35,,True
2,863,317.24,False,nsdp_full,16,16,0,False,nsdp_full,16,16,,True
3,863,317.24,False,nsdp_full,16,7,0,False,nsdp_full,16,8,,True
4,863,317.24,False,nsdp_full,16,24,0,False,nsdp_full,16,34,,True
5,863,317.24,False,nsdp_full,16,20,0,False,nsdp_full,16,14,,True
7,863,317.24,False,nsdp_full,16,15,0,False,nsdp_full,16,15,,True
8,863,317.24,False,nsdp_full,16,35,0,False,nsdp_full,16,35,,True
2,864,317.26,False,nsdp_full,16,16,0,False,nsdp_full,16,16,,True
3,864,317.26,False,nsdp_full,16,7,0,False,nsdp_full,16,8,,True
4,864,317.26,False,nsdp_full,16,24,0,False,nsdp_full,16,34,,True
5,864,317.26,False,nsdp_full,16,20,0,False,nsdp_full,16,14,,True
7,864,317.26,False,nsdp_full,16,15,0,False,nsdp_full,16,15,,True
8,864,317.26,False,nsdp_full,16,35,0,False,nsdp_full,16,35,,True
2,865,317.28,False,nsdp_full,16,16,0,False,nsdp_full,16,16,,True
3,865,317.28,False,nsdp_full,16,7,0,False,nsdp_full,16,8,,True
4,865,317.28,False,nsdp_full,16,24,0,False,nsdp_full,16,34,,True
5,865,317.28,False,nsdp_full,16,20,0,False,nsdp_full,16,14,,True
7,865,317.28,False,nsdp_full,16,15,0,False,nsdp_full,16,15,,True
8,865,317.28,False,nsdp_full,16,35,0,False,nsdp_full,16,35,,True
2,866,317.3,False,nsdp_full,16,16,0,False,nsdp_full,16,16,,True
3,866,317.3,False,nsdp_full,16,7,0,True,admitted,14,6,1124,False
4,866,317.3,False,nsdp_full,16,24,0,False,nsdp_full,16,34,,True
5,866,317.3,False,nsdp_full,16,20,0,False,nsdp_full,16,14,,True
7,866,317.3,False,nsdp_full,16,15,0,False,nsdp_full,16,15,,True
8,866,317.3,False,nsdp_full,16,35,0,True,admitted,15,34,1125,False
2,867,317.32,False,nsdp_full,16,16,0,False,nsdp_full,16,16,,True
3,867,317.32,False,nsdp_full,16,7,0,True,admitted,15,7,1126,False
4,867,317.32,False,nsdp_full,16,24,0,False,nsdp_full,16,34,,True
5,867,317.32,False,nsdp_full,16,20,0,False,nsdp_full,16,14,,True
7,867,317.32,False,nsdp_full,16,15,0,False,nsdp_full,16,15,,True
8,867,317.32,False,nsdp_full,16,35,0,False,nsdp_full,16,35,,True
2,868,317.34,False,nsdp_full,16,16,0,False,nsdp_full,16,16,,True
3,868,317.34,False,nsdp_full,16,7,0,False,nsdp_full,16,8,,True
4,868,317.34,False,nsdp_full,16,24,0,False,nsdp_full,16,34,,True
5,868,317.34,False,nsdp_full,16,20,0,False,nsdp_full,16,14,,True
7,868,317.34,False,nsdp_full,16,15,0,False,nsdp_full,16,15,,True
8,868,317.34,False,nsdp_full,16,36,0,False,nsdp_full,16,35,,True
2,869,317.36,False,nsdp_full,16,16,0,False,nsdp_full,16,16,,True
3,869,317.36,False,nsdp_full,16,7,0,False,nsdp_full,16,8,,True
4,869,317.36,False,nsdp_full,16,24,0,False,nsdp_full,16,34,,True
5,869,317.36,False,nsdp_full,16,20,0,False,nsdp_full,16,14,,True
7,869,317.36,False,nsdp_full,16,15,0,False,nsdp_full,16,15,,True
8,869,317.36,False,nsdp_full,16,36,0,False,nsdp_full,16,35,,True
2,870,317.38,False,nsdp_full,16,16,0,False,nsdp_full,16,16,,True
3,870,317.38,False,nsdp_full,16,7,0,False,nsdp_full,16,8,,True
4,870,317.38,False,nsdp_full,16,24,0,False,nsdp_full,16,34,,True
5,870,317.38,False,nsdp_full,16,20,0,False,nsdp_full,16,14,,True
7,870,317.38,False,nsdp_full,16,15,0,False,nsdp_full,16,15,,True
8,870,317.38,False,nsdp_full,16,36,0,False,nsdp_full,16,35,,True
2,871,317.4,False,nsdp_full,16,16,0,False,nsdp_full,16,16,,True
3,871,317.4,False,nsdp_full,16,7,0,False,nsdp_full,16,8,,True
4,871,317.4,False,nsdp_full,16,24,0,False,nsdp_full,16,34,,True
5,871,317.4,False,nsdp_full,16,20,0,False,nsdp_full,16,14,,True
7,871,317.4,False,nsdp_full,16,15,0,False,nsdp_full,16,15,,True
8,871,317.4,False,nsdp_full,16,36,0,False,nsdp_full,16,35,,True
2,872,317.42,False,nsdp_full,16,16,0,False,nsdp_full,16,16,,True
3,872,317.42,False,nsdp_full,16,7,0,False,nsdp_full,16,8,,True
4,872,317.42,False,nsdp_full,16,24,0,False,nsdp_full,16,34,,True
5,872,317.42,False,nsdp_full,16,20,0,False,nsdp_full,16,14,,True
7,872,317.42,False,nsdp_full,16,15,0,False,nsdp_full,16,15,,True
8,872,317.42,False,nsdp_full,16,36,0,False,nsdp_full,16,35,,True
2,873,317.44,False,nsdp_full,16,16,0,False,nsdp_full,16,16,,True
3,873,317.44,False,nsdp_full,16,7,0,False,nsdp_full,16,8,,True
4,873,317.44,False,nsdp_full,16,24,0,False,nsdp_full,16,34,,True
5,873,317.44,False,nsdp_full,16,20,0,False,nsdp_full,16,14,,True
7,873,317.44,False,nsdp_full,16,15,0,False,nsdp_full,16,15,,True
8,873,317.44,False,nsdp_full,16,36,0,False,nsdp_full,16,35,,True
2,874,317.46,False,nsdp_full,16,16,0,False,nsdp_full,16,16,,True
3,874,317.46,False,nsdp_full,16,7,0,False,nsdp_full,16,8,,True
4,874,317.46,False,nsdp_full,16,24,0,False,nsdp_full,16,34,,True
5,874,317.46,False,nsdp_full,16,20,0,False,nsdp_full,16,14,,True
7,874,317.46,False,nsdp_full,16,15,0,False,nsdp_full,16,15,,True
8,874,317.46,False,nsdp_full,16,36,0,False,nsdp_full,16,35,,True
2,875,317.48,False,nsdp_full,16,16,0,False,nsdp_full,16,16,,True
3,875,317.48,False,nsdp_full,16,7,0,False,nsdp_full,16,8,,True
4,875,317.48,False,nsdp_full,16,24,0,False,nsdp_full,16,34,,True
5,875,317.48,False,nsdp_full,16,20,0,False,nsdp_full,16,14,,True
7,875,317.48,False,nsdp_full,16,15,0,False,nsdp_full,16,15,,True
8,875,317.48,False,nsdp_full,16,36,0,False,nsdp_full,16,35,,True
2,876,317.5,False,nsdp_full,16,16,0,False,nsdp_full,16,16,,True
3,876,317.5,False,nsdp_full,16,7,0,False,nsdp_full,16,8,,True
4,876,317.5,False,nsdp_full,16,24,0,True,admitted,15,33,1127,False
5,876,317.5,False,nsdp_full,16,20,0,False,nsdp_full,16,14,,True
7,876,317.5,True,admitted,15,15,161,False,nsdp_full,16,15,,False
8,876,317.5,False,nsdp_full,16,36,0,False,nsdp_full,16,35,,True
2,877,317.52,False,nsdp_full,16,16,0,False,nsdp_full,16,16,,True
3,877,317.52,False,nsdp_full,16,7,0,False,nsdp_full,16,8,,True
4,877,317.52,False,nsdp_full,16,24,0,False,nsdp_full,16,34,,True
5,877,317.52,False,nsdp_full,16,20,0,False,nsdp_full,16,14,,True
7,877,317.52,False,nsdp_full,16,16,0,False,nsdp_full,16,15,,True
8,877,317.52,False,nsdp_full,16,36,0,False,nsdp_full,16,35,,True
2,878,317.54,False,nsdp_full,16,16,0,False,nsdp_full,16,16,,True
3,878,317.54,False,nsdp_full,16,7,0,False,nsdp_full,16,8,,True
4,878,317.54,False,nsdp_full,16,24,0,False,nsdp_full,16,34,,True
5,878,317.54,False,nsdp_full,16,20,0,False,nsdp_full,16,14,,True
7,878,317.54,False,nsdp_full,16,16,0,False,nsdp_full,16,15,,True
8,878,317.54,False,nsdp_full,16,36,0,False,nsdp_full,16,35,,True
2,879,317.56,False,nsdp_full,16,16,0,False,nsdp_full,16,16,,True
3,879,317.56,False,nsdp_full,16,7,0,False,nsdp_full,16,8,,True
4,879,317.56,False,nsdp_full,16,24,0,False,nsdp_full,16,34,,True
5,879,317.56,False,nsdp_full,16,20,0,False,nsdp_full,16,14,,True
7,879,317.56,False,nsdp_full,16,16,0,False,nsdp_full,16,15,,True
8,879,317.56,False,nsdp_full,16,36,0,False,nsdp_full,16,35,,True
2,880,317.58,False,nsdp_full,16,16,0,False,nsdp_full,16,16,,True
3,880,317.58,False,nsdp_full,16,7,0,False,nsdp_full,16,8,,True
4,880,317.58,False,nsdp_full,16,24,0,False,nsdp_full,16,34,,True
5,880,317.58,False,nsdp_full,16,20,0,False,nsdp_full,16,14,,True
7,880,317.58,False,nsdp_full,16,16,0,False,nsdp_full,16,15,,True
8,880,317.58,False,nsdp_full,16,36,0,False,nsdp_full,16,35,,True
2,881,317.6,False,nsdp_full,16,16,0,False,nsdp_full,16,16,,True
3,881,317.6,False,nsdp_full,16,7,0,False,nsdp_full,16,8,,True
4,881,317.6,False,nsdp_full,16,24,0,False,nsdp_full,16,34,,True
5,881,317.6,False,nsdp_full,16,20,0,False,nsdp_full,16,14,,True
7,881,317.6,False,nsdp_full,16,16,0,False,nsdp_full,16,15,,True
8,881,317.6,False,nsdp_full,16,36,0,False,nsdp_full,16,35,,True
2,882,317.62,False,nsdp_full,16,16,0,False,nsdp_full,16,16,,True
3,882,317.62,False,nsdp_full,16,7,0,False,nsdp_full,16,8,,True
4,882,317.62,False,nsdp_full,16,24,0,False,nsdp_full,16,34,,True
5,882,317.62,False,nsdp_full,16,20,0,False,nsdp_full,16,14,,True
7,882,317.62,False,nsdp_full,16,16,0,False,nsdp_full,16,15,,True
8,882,317.62,False,nsdp_full,16,36,0,False,nsdp_full,16,35,,True
2,883,317.64,False,nsdp_full,16,16,0,False,nsdp_full,16,16,,True
3,883,317.64,False,nsdp_full,16,7,0,False,nsdp_full,16,8,,True
4,883,317.64,False,nsdp_full,16,24,0,False,nsdp_full,16,34,,True
5,883,317.64,False,nsdp_full,16,20,0,False,nsdp_full,16,14,,True
7,883,317.64,False,nsdp_full,16,16,0,False,nsdp_full,16,15,,True
8,883,317.64,False,nsdp_full,16,36,0,False,nsdp_full,16,35,,True
2,884,317.66,False,nsdp_full,16,16,0,False,nsdp_full,16,16,,True
3,884,317.66,False,nsdp_full,16,7,0,False,nsdp_full,16,8,,True
4,884,317.66,False,nsdp_full,16,24,0,False,nsdp_full,16,34,,True
5,884,317.66,False,nsdp_full,16,20,0,False,nsdp_full,16,14,,True
7,884,317.66,False,nsdp_full,16,16,0,False,nsdp_full,16,15,,True
8,884,317.66,False,nsdp_full,16,36,0,False,nsdp_full,16,35,,True
2,885,317.68,False,nsdp_full,16,16,0,False,nsdp_full,16,16,,True
3,885,317.68,False,nsdp_full,16,7,0,False,nsdp_full,16,8,,True
4,885,317.68,False,nsdp_full,16,24,0,False,nsdp_full,16,34,,True
5,885,317.68,False,nsdp_full,16,20,0,False,nsdp_full,16,14,,True
7,885,317.68,False,nsdp_full,16,16,0,False,nsdp_full,16,15,,True
8,885,317.68,False,nsdp_full,16,36,0,False,nsdp_full,16,35,,True
2,886,317.7,False,nsdp_full,16,16,0,False,nsdp_full,16,16,,True
3,886,317.7,False,nsdp_full,16,7,0,False,nsdp_full,16,8,,True
4,886,317.7,False,nsdp_full,16,24,0,False,nsdp_full,16,34,,True
5,886,317.7,False,nsdp_full,16,20,0,False,nsdp_full,16,14,,True
7,886,317.7,False,nsdp_full,16,16,0,False,nsdp_full,16,15,,True
8,886,317.7,False,nsdp_full,16,36,0,False,nsdp_full,16,35,,True
2,887,317.72,False,nsdp_full,16,16,0,False,nsdp_full,16,16,,True
3,887,317.72,False,nsdp_full,16,7,0,False,nsdp_full,16,8,,True
4,887,317.72,False,nsdp_full,16,24,0,False,nsdp_full,16,34,,True
5,887,317.72,False,nsdp_full,16,20,0,False,nsdp_full,16,14,,True
7,887,317.72,False,nsdp_full,16,16,0,False,nsdp_full,16,15,,True
8,887,317.72,False,nsdp_full,16,36,0,False,nsdp_full,16,35,,True
2,888,317.74,False,nsdp_full,16,16,0,False,nsdp_full,16,16,,True
3,888,317.74,False,nsdp_full,16,7,0,False,nsdp_full,16,8,,True
4,888,317.74,False,nsdp_full,16,24,0,False,nsdp_full,16,34,,True
5,888,317.74,False,nsdp_full,16,20,0,False,nsdp_full,16,14,,True
7,888,317.74,False,nsdp_full,16,16,0,False,nsdp_full,16,15,,True
8,888,317.74,False,nsdp_full,16,36,0,False,nsdp_full,16,35,,True
2,889,317.76,False,nsdp_full,16,16,0,False,nsdp_full,16,16,,True
3,889,317.76,False,nsdp_full,16,7,0,False,nsdp_full,16,8,,True
4,889,317.76,False,nsdp_full,16,24,0,False,nsdp_full,16,34,,True
5,889,317.76,False,nsdp_full,16,20,0,False,nsdp_full,16,14,,True
7,889,317.76,False,nsdp_full,16,16,0,False,nsdp_full,16,15,,True
8,889,317.76,False,nsdp_full,16,36,0,False,nsdp_full,16,35,,True
2,890,317.78,False,nsdp_full,16,16,0,False,nsdp_full,16,16,,True
3,890,317.78,False,nsdp_full,16,7,0,False,nsdp_full,16,8,,True
4,890,317.78,False,nsdp_full,16,24,0,False,nsdp_full,16,34,,True
5,890,317.78,False,nsdp_full,16,20,0,False,nsdp_full,16,14,,True
7,890,317.78,False,nsdp_full,16,16,0,False,nsdp_full,16,15,,True
8,890,317.78,False,nsdp_full,16,36,0,False,nsdp_full,16,35,,True
2,891,317.8,False,nsdp_full,16,16,0,False,nsdp_full,16,16,,True
3,891,317.8,False,nsdp_full,16,7,0,False,nsdp_full,16,8,,True
4,891,317.8,False,nsdp_full,16,24,0,False,nsdp_full,16,34,,True
5,891,317.8,False,nsdp_full,16,20,0,False,nsdp_full,16,14,,True
7,891,317.8,False,nsdp_full,16,16,0,False,nsdp_full,16,15,,True
8,891,317.8,False,nsdp_full,16,36,0,False,nsdp_full,16,35,,True
2,892,317.82,False,nsdp_full,16,16,0,False,nsdp_full,16,16,,True
3,892,317.82,True,admitted,14,5,162,False,nsdp_full,16,8,,False
4,892,317.82,False,nsdp_full,16,24,0,False,nsdp_full,16,34,,True
5,892,317.82,False,nsdp_full,16,20,0,False,nsdp_full,16,14,,True
7,892,317.82,False,nsdp_full,16,16,0,False,nsdp_full,16,15,,True
8,892,317.82,False,nsdp_full,16,36,0,False,nsdp_full,16,35,,True
2,893,317.84,False,nsdp_full,16,16,0,False,nsdp_full,16,16,,True
3,893,317.84,True,admitted,15,6,163,False,nsdp_full,16,8,,False
4,893,317.84,False,nsdp_full,16,24,0,False,nsdp_full,16,34,,True
5,893,317.84,False,nsdp_full,16,20,0,False,nsdp_full,16,14,,True
7,893,317.84,False,nsdp_full,16,16,0,False,nsdp_full,16,15,,True
8,893,317.84,False,nsdp_full,16,36,0,False,nsdp_full,16,35,,True
2,894,317.86,False,nsdp_full,16,16,0,False,nsdp_full,16,16,,True
3,894,317.86,False,nsdp_full,16,7,0,False,nsdp_full,16,8,,True
4,894,317.86,False,nsdp_full,16,24,0,False,nsdp_full,16,34,,True
5,894,317.86,False,nsdp_full,16,20,0,False,nsdp_full,16,14,,True
7,894,317.86,False,nsdp_full,16,16,0,False,nsdp_full,16,15,,True
8,894,317.86,False,nsdp_full,16,36,0,False,nsdp_full,16,35,,True
2,895,317.88,False,nsdp_full,16,16,0,False,nsdp_full,16,16,,True
3,895,317.88,False,nsdp_full,16,7,0,False,nsdp_full,16,8,,True
4,895,317.88,False,nsdp_full,16,24,0,False,nsdp_full,16,34,,True
5,895,317.88,False,nsdp_full,16,20,0,False,nsdp_full,16,14,,True
7,895,317.88,False,nsdp_full,16,16,0,False,nsdp_full,16,15,,True
8,895,317.88,False,nsdp_full,16,36,0,False,nsdp_full,16,35,,True
2,896,317.9,False,nsdp_full,16,16,0,False,nsdp_full,16,16,,True
3,896,317.9,False,nsdp_full,16,7,0,False,nsdp_full,16,8,,True
4,896,317.9,False,nsdp_full,16,24,0,False,nsdp_full,16,34,,True
5,896,317.9,False,nsdp_full,16,20,0,False,nsdp_full,16,14,,True
7,896,317.9,False,nsdp_full,16,16,0,False,nsdp_full,16,15,,True
8,896,317.9,False,nsdp_full,16,36,0,False,nsdp_full,16,35,,True
2,897,317.92,False,nsdp_full,16,16,0,False,nsdp_full,16,16,,True
3,897,317.92,False,nsdp_full,16,7,0,False,nsdp_full,16,8,,True
4,897,317.92,True,admitted,15,23,164,False,nsdp_full,16,34,,False
5,897,317.92,False,nsdp_full,16,20,0,False,nsdp_full,16,14,,True
7,897,317.92,False,nsdp_full,16,16,0,False,nsdp_full,16,15,,True
8,897,317.92,False,nsdp_full,16,36,0,False,nsdp_full,16,35,,True
2,898,317.94,False,nsdp_full,16,16,0,False,nsdp_full,16,16,,True
3,898,317.94,False,nsdp_full,16,7,0,False,nsdp_full,16,8,,True
4,898,317.94,False,nsdp_full,16,24,0,False,nsdp_full,16,34,,True
5,898,317.94,False,nsdp_full,16,20,0,False,nsdp_full,16,14,,True
7,898,317.94,False,nsdp_full,16,16,0,False,nsdp_full,16,15,,True
8,898,317.94,False,nsdp_full,16,36,0,False,nsdp_full,16,35,,True
2,899,317.96,False,nsdp_full,16,16,0,False,nsdp_full,16,16,,True
3,899,317.96,False,nsdp_full,16,7,0,False,nsdp_full,16,8,,True
4,899,317.96,False,nsdp_full,16,24,0,False,nsdp_full,16,34,,True
5,899,317.96,False,nsdp_full,16,20,0,False,nsdp_full,16,14,,True
7,899,317.96,False,nsdp_full,16,16,0,False,nsdp_full,16,15,,True
8,899,317.96,False,nsdp_full,16,36,0,False,nsdp_full,16,35,,True
2,900,317.98,False,nsdp_full,16,16,0,False,nsdp_full,16,16,,True
3,900,317.98,False,nsdp_full,16,7,0,False,nsdp_full,16,8,,True
4,900,317.98,False,nsdp_full,16,24,0,False,nsdp_full,16,34,,True
5,900,317.98,False,nsdp_full,16,20,0,False,nsdp_full,16,14,,True
7,900,317.98,False,nsdp_full,16,16,0,False,nsdp_full,16,15,,True
8,900,317.98,False,nsdp_full,16,36,0,False,nsdp_full,16,35,,True
2,901,318,False,nsdp_full,16,16,0,False,nsdp_full,16,16,,True
3,901,318,False,nsdp_full,16,7,0,False,nsdp_full,16,8,,True
4,901,318,False,nsdp_full,16,24,0,False,nsdp_full,16,34,,True
5,901,318,False,nsdp_full,16,20,0,False,nsdp_full,16,14,,True
7,901,318,False,nsdp_full,16,16,0,False,nsdp_full,16,15,,True
8,901,318,False,nsdp_full,16,36,0,False,nsdp_full,16,35,,True
2,902,318.02,False,nsdp_full,16,16,0,False,nsdp_full,16,16,,True
3,902,318.02,False,nsdp_full,16,7,0,False,nsdp_full,16,8,,True
4,902,318.02,False,nsdp_full,16,24,0,False,nsdp_full,16,34,,True
5,902,318.02,False,nsdp_full,16,20,0,False,nsdp_full,16,14,,True
7,902,318.02,False,nsdp_full,16,16,0,False,nsdp_full,16,15,,True
8,902,318.02,False,nsdp_full,16,36,0,False,nsdp_full,16,35,,True
2,903,318.04,False,nsdp_full,16,16,0,False,nsdp_full,16,16,,True
3,903,318.04,False,nsdp_full,16,7,0,False,nsdp_full,16,8,,True
4,903,318.04,False,nsdp_full,16,24,0,False,nsdp_full,16,34,,True
5,903,318.04,False,nsdp_full,16,20,0,False,nsdp_full,16,14,,True
7,903,318.04,False,nsdp_full,16,16,0,False,nsdp_full,16,15,,True
8,903,318.04,False,nsdp_full,16,36,0,False,nsdp_full,16,35,,True
2,904,318.06,False,nsdp_full,16,16,0,False,nsdp_full,16,16,,True
3,904,318.06,False,nsdp_full,16,7,0,False,nsdp_full,16,8,,True
4,904,318.06,False,nsdp_full,16,24,0,False,nsdp_full,16,34,,True
5,904,318.06,False,nsdp_full,16,20,0,False,nsdp_full,16,14,,True
7,904,318.06,False,nsdp_full,16,16,0,False,nsdp_full,16,15,,True
8,904,318.06,False,nsdp_full,16,36,0,False,nsdp_full,16,35,,True
2,905,318.08,False,nsdp_full,16,16,0,False,nsdp_full,16,16,,True
3,905,318.08,False,nsdp_full,16,7,0,True,admitted,15,6,1129,False
4,905,318.08,False,nsdp_full,16,24,0,False,nsdp_full,16,34,,True
5,905,318.08,False,nsdp_full,16,20,0,True,admitted,15,12,1130,False
7,905,318.08,False,nsdp_full,16,16,0,False,nsdp_full,16,15,,True
8,905,318.08,True,admitted,15,35,165,False,nsdp_full,16,35,,False
2,906,318.1,False,nsdp_full,16,16,0,False,nsdp_full,16,16,,True
3,906,318.1,False,nsdp_full,16,7,0,False,nsdp_full,16,7,,True
4,906,318.1,False,nsdp_full,16,24,0,False,nsdp_full,16,34,,True
5,906,318.1,False,nsdp_full,16,20,0,False,nsdp_full,16,13,,True
7,906,318.1,False,nsdp_full,16,16,0,False,nsdp_full,16,15,,True
8,906,318.1,False,nsdp_full,16,36,0,False,nsdp_full,16,35,,True
2,907,318.12,False,nsdp_full,16,16,0,False,nsdp_full,16,16,,True
3,907,318.12,False,nsdp_full,16,7,0,False,nsdp_full,16,7,,True
4,907,318.12,False,nsdp_full,16,24,0,False,nsdp_full,16,34,,True
5,907,318.12,False,nsdp_full,16,20,0,False,nsdp_full,16,13,,True
7,907,318.12,False,nsdp_full,16,16,0,False,nsdp_full,16,15,,True
8,907,318.12,False,nsdp_full,16,36,0,False,nsdp_full,16,35,,True
2,908,318.14,False,nsdp_full,16,16,0,False,nsdp_full,16,16,,True
3,908,318.14,False,nsdp_full,16,7,0,False,nsdp_full,16,7,,True
4,908,318.14,False,nsdp_full,16,24,0,False,nsdp_full,16,34,,True
5,908,318.14,False,nsdp_full,16,20,0,False,nsdp_full,16,13,,True
7,908,318.14,False,nsdp_full,16,16,0,False,nsdp_full,16,15,,True
8,908,318.14,False,nsdp_full,16,36,0,False,nsdp_full,16,35,,True
2,909,318.16,False,nsdp_full,16,16,0,False,nsdp_full,16,16,,True
3,909,318.16,False,nsdp_full,16,7,0,False,nsdp_full,16,7,,True
4,909,318.16,False,nsdp_full,16,24,0,False,nsdp_full,16,34,,True
5,909,318.16,False,nsdp_full,16,20,0,False,nsdp_full,16,13,,True
7,909,318.16,False,nsdp_full,16,16,0,False,nsdp_full,16,15,,True
8,909,318.16,False,nsdp_full,16,36,0,False,nsdp_full,16,35,,True
2,910,318.18,False,nsdp_full,16,16,0,False,nsdp_full,16,16,,True
3,910,318.18,False,nsdp_full,16,7,0,False,nsdp_full,16,7,,True
4,910,318.18,False,nsdp_full,16,24,0,False,nsdp_full,16,34,,True
5,910,318.18,False,nsdp_full,16,20,0,False,nsdp_full,16,13,,True
7,910,318.18,False,nsdp_full,16,16,0,False,nsdp_full,16,15,,True
8,910,318.18,False,nsdp_full,16,36,0,False,nsdp_full,16,35,,True
2,911,318.2,False,nsdp_full,16,16,0,False,nsdp_full,16,16,,True
3,911,318.2,False,nsdp_full,16,7,0,False,nsdp_full,16,7,,True
4,911,318.2,False,nsdp_full,16,24,0,False,nsdp_full,16,34,,True
5,911,318.2,False,nsdp_full,16,20,0,False,nsdp_full,16,13,,True
7,911,318.2,False,nsdp_full,16,16,0,False,nsdp_full,16,15,,True
8,911,318.2,False,nsdp_full,16,36,0,False,nsdp_full,16,35,,True
2,912,318.22,False,nsdp_full,16,16,0,False,nsdp_full,16,16,,True
3,912,318.22,False,nsdp_full,16,7,0,False,nsdp_full,16,7,,True
4,912,318.22,False,nsdp_full,16,24,0,False,nsdp_full,16,34,,True
5,912,318.22,False,nsdp_full,16,20,0,False,nsdp_full,16,13,,True
7,912,318.22,False,nsdp_full,16,16,0,False,nsdp_full,16,15,,True
8,912,318.22,False,nsdp_full,16,36,0,False,nsdp_full,16,35,,True
2,913,318.24,False,nsdp_full,16,16,0,False,nsdp_full,16,16,,True
3,913,318.24,False,nsdp_full,16,7,0,False,nsdp_full,16,7,,True
4,913,318.24,False,nsdp_full,16,24,0,False,nsdp_full,16,34,,True
5,913,318.24,False,nsdp_full,16,20,0,False,nsdp_full,16,13,,True
7,913,318.24,False,nsdp_full,16,16,0,False,nsdp_full,16,15,,True
8,913,318.24,False,nsdp_full,16,36,0,False,nsdp_full,16,35,,True
2,914,318.26,False,nsdp_full,16,16,0,False,nsdp_full,16,16,,True
3,914,318.26,False,nsdp_full,16,7,0,False,nsdp_full,16,7,,True
4,914,318.26,False,nsdp_full,16,24,0,False,nsdp_full,16,34,,True
5,914,318.26,False,nsdp_full,16,20,0,False,nsdp_full,16,13,,True
7,914,318.26,False,nsdp_full,16,16,0,False,nsdp_full,16,15,,True
8,914,318.26,False,nsdp_full,16,36,0,False,nsdp_full,16,35,,True
2,915,318.28,False,nsdp_full,16,16,0,False,nsdp_full,16,16,,True
3,915,318.28,False,nsdp_full,16,7,0,False,nsdp_full,16,7,,True
4,915,318.28,False,nsdp_full,16,24,0,False,nsdp_full,16,34,,True
5,915,318.28,False,nsdp_full,16,20,0,False,nsdp_full,16,13,,True
7,915,318.28,False,nsdp_full,16,16,0,False,nsdp_full,16,15,,True
8,915,318.28,False,nsdp_full,16,36,0,False,nsdp_full,16,35,,True
2,916,318.3,False,nsdp_full,16,16,0,False,nsdp_full,16,16,,True
3,916,318.3,False,nsdp_full,16,7,0,False,nsdp_full,16,7,,True
4,916,318.3,False,nsdp_full,16,24,0,False,nsdp_full,16,34,,True
5,916,318.3,False,nsdp_full,16,20,0,False,nsdp_full,16,13,,True
7,916,318.3,False,nsdp_full,16,16,0,False,nsdp_full,16,15,,True
8,916,318.3,False,nsdp_full,16,36,0,False,nsdp_full,16,35,,True
2,917,318.32,False,nsdp_full,16,16,0,False,nsdp_full,16,16,,True
3,917,318.32,False,nsdp_full,16,7,0,False,nsdp_full,16,7,,True
4,917,318.32,False,nsdp_full,16,24,0,False,nsdp_full,16,34,,True
5,917,318.32,False,nsdp_full,16,20,0,False,nsdp_full,16,13,,True
7,917,318.32,False,nsdp_full,16,16,0,False,nsdp_full,16,15,,True
8,917,318.32,False,nsdp_full,16,36,0,False,nsdp_full,16,35,,True
2,918,318.34,False,nsdp_full,16,16,0,False,nsdp_full,16,16,,True
3,918,318.34,False,nsdp_full,16,7,0,False,nsdp_full,16,7,,True
4,918,318.34,False,nsdp_full,16,24,0,False,nsdp_full,16,34,,True
5,918,318.34,False,nsdp_full,16,20,0,False,nsdp_full,16,13,,True
7,918,318.34,False,nsdp_full,16,16,0,False,nsdp_full,16,15,,True
8,918,318.34,False,nsdp_full,16,36,0,False,nsdp_full,16,35,,True
2,919,318.36,False,nsdp_full,16,16,0,False,nsdp_full,16,16,,True
3,919,318.36,False,nsdp_full,16,7,0,False,nsdp_full,16,7,,True
4,919,318.36,False,nsdp_full,16,24,0,False,nsdp_full,16,34,,True
5,919,318.36,False,nsdp_full,16,20,0,False,nsdp_full,16,13,,True
7,919,318.36,False,nsdp_full,16,16,0,False,nsdp_full,16,15,,True
8,919,318.36,False,nsdp_full,16,36,0,False,nsdp_full,16,35,,True
2,920,318.38,False,nsdp_full,16,16,0,False,nsdp_full,16,16,,True
3,920,318.38,False,nsdp_full,16,7,0,False,nsdp_full,16,7,,True
4,920,318.38,False,nsdp_full,16,24,0,False,nsdp_full,16,34,,True
5,920,318.38,False,nsdp_full,16,20,0,False,nsdp_full,16,13,,True
7,920,318.38,False,nsdp_full,16,16,0,False,nsdp_full,16,15,,True
8,920,318.38,False,nsdp_full,16,36,0,False,nsdp_full,16,35,,True
2,921,318.4,False,nsdp_full,16,16,0,False,nsdp_full,16,16,,True
3,921,318.4,False,nsdp_full,16,7,0,False,nsdp_full,16,7,,True
4,921,318.4,False,nsdp_full,16,24,0,False,nsdp_full,16,34,,True
5,921,318.4,False,nsdp_full,16,20,0,False,nsdp_full,16,13,,True
7,921,318.4,False,nsdp_full,16,16,0,False,nsdp_full,16,15,,True
8,921,318.4,False,nsdp_full,16,36,0,False,nsdp_full,16,35,,True
2,922,318.42,False,nsdp_full,16,16,0,False,nsdp_full,16,16,,True
3,922,318.42,False,nsdp_full,16,7,0,False,nsdp_full,16,7,,True
4,922,318.42,False,nsdp_full,16,24,0,False,nsdp_full,16,34,,True
5,922,318.42,False,nsdp_full,16,20,0,False,nsdp_full,16,13,,True
7,922,318.42,False,nsdp_full,16,16,0,False,nsdp_full,16,15,,True
8,922,318.42,False,nsdp_full,16,36,0,False,nsdp_full,16,35,,True
2,923,318.44,False,nsdp_full,16,16,0,False,nsdp_full,16,16,,True
3,923,318.44,False,nsdp_full,16,7,0,False,nsdp_full,16,7,,True
4,923,318.44,False,nsdp_full,16,24,0,False,nsdp_full,16,34,,True
5,923,318.44,False,nsdp_full,16,20,0,False,nsdp_full,16,13,,True
7,923,318.44,False,nsdp_full,16,16,0,False,nsdp_full,16,15,,True
8,923,318.44,False,nsdp_full,16,36,0,False,nsdp_full,16,35,,True
2,924,318.46,False,nsdp_full,16,16,0,False,nsdp_full,16,16,,True
3,924,318.46,False,nsdp_full,16,7,0,False,nsdp_full,16,7,,True
4,924,318.46,False,nsdp_full,16,24,0,False,nsdp_full,16,34,,True
5,924,318.46,False,nsdp_full,16,20,0,False,nsdp_full,16,13,,True
7,924,318.46,False,nsdp_full,16,16,0,False,nsdp_full,16,15,,True
8,924,318.46,False,nsdp_full,16,36,0,False,nsdp_full,16,35,,True
2,925,318.48,False,nsdp_full,16,16,0,False,nsdp_full,16,16,,True
3,925,318.48,False,nsdp_full,16,7,0,False,nsdp_full,16,7,,True
4,925,318.48,False,nsdp_full,16,24,0,False,nsdp_full,16,34,,True
5,925,318.48,False,nsdp_full,16,20,0,False,nsdp_full,16,13,,True
7,925,318.48,False,nsdp_full,16,16,0,False,nsdp_full,16,15,,True
8,925,318.48,False,nsdp_full,16,36,0,False,nsdp_full,16,35,,True
2,926,318.5,False,nsdp_full,16,16,0,False,nsdp_full,16,16,,True
3,926,318.5,False,nsdp_full,16,7,0,False,nsdp_full,16,7,,True
4,926,318.5,False,nsdp_full,16,24,0,False,nsdp_full,16,34,,True
5,926,318.5,False,nsdp_full,16,20,0,False,nsdp_full,16,13,,True
7,926,318.5,False,nsdp_full,16,16,0,False,nsdp_full,16,15,,True
8,926,318.5,False,nsdp_full,16,36,0,False,nsdp_full,16,35,,True
2,927,318.52,False,nsdp_full,16,16,0,False,nsdp_full,16,16,,True
3,927,318.52,True,admitted,15,5,166,False,nsdp_full,16,7,,False
4,927,318.52,False,nsdp_full,16,24,0,False,nsdp_full,16,34,,True
5,927,318.52,False,nsdp_full,16,20,0,False,nsdp_full,16,13,,True
7,927,318.52,False,nsdp_full,16,16,0,False,nsdp_full,16,15,,True
8,927,318.52,False,nsdp_full,16,36,0,False,nsdp_full,16,35,,True
2,928,318.54,False,nsdp_full,16,16,0,False,nsdp_full,16,16,,True
3,928,318.54,False,nsdp_full,16,6,0,False,nsdp_full,16,7,,True
4,928,318.54,False,nsdp_full,16,24,0,False,nsdp_full,16,34,,True
5,928,318.54,False,nsdp_full,16,20,0,False,nsdp_full,16,13,,True
7,928,318.54,False,nsdp_full,16,16,0,False,nsdp_full,16,15,,True
8,928,318.54,False,nsdp_full,16,36,0,False,nsdp_full,16,35,,True
2,929,318.56,False,nsdp_full,16,16,0,False,nsdp_full,16,16,,True
3,929,318.56,False,nsdp_full,16,6,0,False,nsdp_full,16,7,,True
4,929,318.56,False,nsdp_full,16,24,0,False,nsdp_full,16,34,,True
5,929,318.56,False,nsdp_full,16,20,0,False,nsdp_full,16,13,,True
7,929,318.56,False,nsdp_full,16,16,0,False,nsdp_full,16,15,,True
8,929,318.56,False,nsdp_full,16,36,0,False,nsdp_full,16,35,,True
2,930,318.58,False,nsdp_full,16,16,0,False,nsdp_full,16,16,,True
3,930,318.58,False,nsdp_full,16,6,0,False,nsdp_full,16,7,,True
4,930,318.58,False,nsdp_full,16,24,0,False,nsdp_full,16,34,,True
5,930,318.58,False,nsdp_full,16,20,0,False,nsdp_full,16,13,,True
7,930,318.58,False,nsdp_full,16,16,0,False,nsdp_full,16,15,,True
8,930,318.58,False,nsdp_full,16,36,0,False,nsdp_full,16,35,,True
2,931,318.6,False,nsdp_full,16,16,0,False,nsdp_full,16,16,,True
3,931,318.6,False,nsdp_full,16,6,0,False,nsdp_full,16,7,,True
4,931,318.6,False,nsdp_full,16,24,0,False,nsdp_full,16,34,,True
5,931,318.6,False,nsdp_full,16,20,0,False,nsdp_full,16,13,,True
7,931,318.6,False,nsdp_full,16,16,0,False,nsdp_full,16,15,,True
8,931,318.6,False,nsdp_full,16,36,0,False,nsdp_full,16,35,,True
2,932,318.62,False,nsdp_full,16,16,0,False,nsdp_full,16,16,,True
3,932,318.62,False,nsdp_full,16,6,0,False,nsdp_full,16,7,,True
4,932,318.62,False,nsdp_full,16,24,0,False,nsdp_full,16,34,,True
5,932,318.62,False,nsdp_full,16,20,0,False,nsdp_full,16,13,,True
7,932,318.62,False,nsdp_full,16,16,0,False,nsdp_full,16,15,,True
8,932,318.62,False,nsdp_full,16,36,0,False,nsdp_full,16,35,,True
2,933,318.64,False,nsdp_full,16,16,0,False,nsdp_full,16,16,,True
3,933,318.64,False,nsdp_full,16,6,0,False,nsdp_full,16,7,,True
4,933,318.64,False,nsdp_full,16,24,0,False,nsdp_full,16,34,,True
5,933,318.64,False,nsdp_full,16,20,0,False,nsdp_full,16,13,,True
7,933,318.64,False,nsdp_full,16,16,0,False,nsdp_full,16,15,,True
8,933,318.64,False,nsdp_full,16,36,0,False,nsdp_full,16,35,,True
2,934,318.66,False,nsdp_full,16,16,0,False,nsdp_full,16,16,,True
3,934,318.66,False,nsdp_full,16,6,0,False,nsdp_full,16,7,,True
4,934,318.66,False,nsdp_full,16,24,0,False,nsdp_full,16,34,,True
5,934,318.66,False,nsdp_full,16,20,0,False,nsdp_full,16,13,,True
7,934,318.66,False,nsdp_full,16,16,0,False,nsdp_full,16,15,,True
8,934,318.66,False,nsdp_full,16,36,0,False,nsdp_full,16,35,,True
2,935,318.68,False,nsdp_full,16,16,0,False,nsdp_full,16,16,,True
3,935,318.68,False,nsdp_full,16,6,0,False,nsdp_full,16,7,,True
4,935,318.68,False,nsdp_full,16,24,0,False,nsdp_full,16,34,,True
5,935,318.68,False,nsdp_full,16,20,0,False,nsdp_full,16,13,,True
7,935,318.68,False,nsdp_full,16,16,0,False,nsdp_full,16,15,,True
8,935,318.68,False,nsdp_full,16,36,0,False,nsdp_full,16,35,,True
2,936,318.7,False,nsdp_full,16,16,0,False,nsdp_full,16,16,,True
3,936,318.7,False,nsdp_full,16,6,0,False,nsdp_full,16,7,,True
4,936,318.7,False,nsdp_full,16,24,0,False,nsdp_full,16,34,,True
5,936,318.7,False,nsdp_full,16,20,0,False,nsdp_full,16,13,,True
7,936,318.7,False,nsdp_full,16,16,0,False,nsdp_full,16,15,,True
8,936,318.7,False,nsdp_full,16,36,0,False,nsdp_full,16,35,,True
2,937,318.72,False,nsdp_full,16,16,0,False,nsdp_full,16,16,,True
3,937,318.72,False,nsdp_full,16,6,0,False,nsdp_full,16,7,,True
4,937,318.72,False,nsdp_full,16,24,0,False,nsdp_full,16,34,,True
5,937,318.72,False,nsdp_full,16,20,0,False,nsdp_full,16,13,,True
7,937,318.72,False,nsdp_full,16,16,0,False,nsdp_full,16,15,,True
8,937,318.72,False,nsdp_full,16,36,0,False,nsdp_full,16,35,,True
2,938,318.74,False,nsdp_full,16,16,0,False,nsdp_full,16,16,,True
3,938,318.74,False,nsdp_full,16,6,0,False,nsdp_full,16,7,,True
4,938,318.74,False,nsdp_full,16,24,0,False,nsdp_full,16,34,,True
5,938,318.74,False,nsdp_full,16,20,0,False,nsdp_full,16,13,,True
7,938,318.74,False,nsdp_full,16,16,0,False,nsdp_full,16,15,,True
8,938,318.74,False,nsdp_full,16,36,0,False,nsdp_full,16,35,,True
2,939,318.76,False,nsdp_full,16,16,0,False,nsdp_full,16,16,,True
3,939,318.76,False,nsdp_full,16,6,0,False,nsdp_full,16,7,,True
4,939,318.76,False,nsdp_full,16,24,0,False,nsdp_full,16,34,,True
5,939,318.76,False,nsdp_full,16,20,0,False,nsdp_full,16,13,,True
7,939,318.76,False,nsdp_full,16,16,0,False,nsdp_full,16,15,,True
8,939,318.76,False,nsdp_full,16,36,0,False,nsdp_full,16,35,,True
2,940,318.78,False,nsdp_full,16,16,0,False,nsdp_full,16,16,,True
3,940,318.78,False,nsdp_full,16,6,0,False,nsdp_full,16,7,,True
4,940,318.78,False,nsdp_full,16,24,0,False,nsdp_full,16,34,,True
5,940,318.78,False,nsdp_full,16,20,0,False,nsdp_full,16,13,,True
7,940,318.78,False,nsdp_full,16,16,0,False,nsdp_full,16,15,,True
8,940,318.78,False,nsdp_full,16,36,0,False,nsdp_full,16,35,,True
2,941,318.8,False,nsdp_full,16,16,0,False,nsdp_full,16,16,,True
3,941,318.8,False,nsdp_full,16,6,0,False,nsdp_full,16,7,,True
4,941,318.8,False,nsdp_full,16,24,0,False,nsdp_full,16,34,,True
5,941,318.8,False,nsdp_full,16,20,0,False,nsdp_full,16,13,,True
7,941,318.8,False,nsdp_full,16,16,0,False,nsdp_full,16,15,,True
8,941,318.8,False,nsdp_full,16,36,0,False,nsdp_full,16,35,,True
2,942,318.82,False,nsdp_full,16,16,0,False,nsdp_full,16,16,,True
3,942,318.82,False,nsdp_full,16,6,0,False,nsdp_full,16,7,,True
4,942,318.82,False,nsdp_full,16,24,0,False,nsdp_full,16,34,,True
5,942,318.82,False,nsdp_full,16,20,0,False,nsdp_full,16,13,,True
7,942,318.82,False,nsdp_full,16,16,0,False,nsdp_full,16,15,,True
8,942,318.82,False,nsdp_full,16,36,0,False,nsdp_full,16,35,,True
2,943,318.84,False,nsdp_full,16,16,0,False,nsdp_full,16,16,,True
3,943,318.84,False,nsdp_full,16,6,0,False,nsdp_full,16,7,,True
4,943,318.84,False,nsdp_full,16,24,0,False,nsdp_full,16,34,,True
5,943,318.84,False,nsdp_full,16,20,0,False,nsdp_full,16,13,,True
7,943,318.84,False,nsdp_full,16,16,0,False,nsdp_full,16,15,,True
8,943,318.84,False,nsdp_full,16,36,0,False,nsdp_full,16,35,,True
2,944,318.86,False,nsdp_full,16,16,0,False,nsdp_full,16,16,,True
3,944,318.86,False,nsdp_full,16,6,0,False,nsdp_full,16,7,,True
4,944,318.86,False,nsdp_full,16,24,0,False,nsdp_full,16,34,,True
5,944,318.86,False,nsdp_full,16,20,0,False,nsdp_full,16,13,,True
7,944,318.86,False,nsdp_full,16,16,0,False,nsdp_full,16,15,,True
8,944,318.86,False,nsdp_full,16,36,0,False,nsdp_full,16,35,,True
2,945,318.88,False,nsdp_full,16,16,0,False,nsdp_full,16,16,,True
3,945,318.88,False,nsdp_full,16,6,0,False,nsdp_full,16,7,,True
4,945,318.88,False,nsdp_full,16,24,0,False,nsdp_full,16,34,,True
5,945,318.88,False,nsdp_full,16,20,0,False,nsdp_full,16,13,,True
7,945,318.88,False,nsdp_full,16,16,0,False,nsdp_full,16,15,,True
8,945,318.88,False,nsdp_full,16,36,0,False,nsdp_full,16,35,,True
2,946,318.9,False,nsdp_full,16,16,0,False,nsdp_full,16,16,,True
3,946,318.9,False,nsdp_full,16,6,0,False,nsdp_full,16,7,,True
4,946,318.9,False,nsdp_full,16,24,0,False,nsdp_full,16,34,,True
5,946,318.9,False,nsdp_full,16,20,0,False,nsdp_full,16,13,,True
7,946,318.9,False,nsdp_full,16,16,0,False,nsdp_full,16,15,,True
8,946,318.9,False,nsdp_full,16,36,0,False,nsdp_full,16,35,,True
2,947,318.92,False,nsdp_full,16,16,0,False,nsdp_full,16,16,,True
3,947,318.92,False,nsdp_full,16,6,0,False,nsdp_full,16,7,,True
4,947,318.92,False,nsdp_full,16,24,0,False,nsdp_full,16,34,,True
5,947,318.92,False,nsdp_full,16,20,0,False,nsdp_full,16,13,,True
7,947,318.92,False,nsdp_full,16,16,0,False,nsdp_full,16,15,,True
8,947,318.92,False,nsdp_full,16,36,0,False,nsdp_full,16,35,,True
2,948,318.94,False,nsdp_full,16,16,0,False,nsdp_full,16,16,,True
3,948,318.94,False,nsdp_full,16,6,0,False,nsdp_full,16,7,,True
4,948,318.94,False,nsdp_full,16,24,0,False,nsdp_full,16,34,,True
5,948,318.94,False,nsdp_full,16,20,0,False,nsdp_full,16,13,,True
7,948,318.94,False,nsdp_full,16,16,0,False,nsdp_full,16,15,,True
8,948,318.94,False,nsdp_full,16,36,0,False,nsdp_full,16,35,,True
2,949,318.96,False,nsdp_full,16,16,0,False,nsdp_full,16,16,,True
3,949,318.96,False,nsdp_full,16,6,0,False,nsdp_full,16,7,,True
4,949,318.96,False,nsdp_full,16,24,0,False,nsdp_full,16,34,,True
5,949,318.96,False,nsdp_full,16,20,0,False,nsdp_full,16,13,,True
7,949,318.96,False,nsdp_full,16,16,0,False,nsdp_full,16,15,,True
8,949,318.96,False,nsdp_full,16,36,0,False,nsdp_full,16,35,,True
2,950,318.98,False,nsdp_full,16,16,0,False,nsdp_full,16,16,,True
3,950,318.98,False,nsdp_full,16,6,0,False,nsdp_full,16,7,,True
4,950,318.98,False,nsdp_full,16,24,0,False,nsdp_full,16,34,,True
5,950,318.98,False,nsdp_full,16,20,0,False,nsdp_full,16,13,,True
7,950,318.98,False,nsdp_full,16,16,0,False,nsdp_full,16,15,,True
8,950,318.98,False,nsdp_full,16,36,0,False,nsdp_full,16,35,,True
2,951,319,False,nsdp_full,16,16,0,False,nsdp_full,16,16,,True
3,951,319,False,nsdp_full,16,6,0,False,nsdp_full,16,7,,True
4,951,319,False,nsdp_full,16,24,0,False,nsdp_full,16,34,,True
5,951,319,False,nsdp_full,16,20,0,False,nsdp_full,16,13,,True
7,951,319,False,nsdp_full,16,16,0,False,nsdp_full,16,15,,True
8,951,319,False,nsdp_full,16,36,0,False,nsdp_full,16,35,,True
2,952,319.02,False,nsdp_full,16,16,0,False,nsdp_full,16,16,,True
3,952,319.02,False,nsdp_full,16,6,0,False,nsdp_full,16,7,,True
4,952,319.02,False,nsdp_full,16,24,0,False,nsdp_full,16,34,,True
5,952,319.02,False,nsdp_full,16,20,0,False,nsdp_full,16,13,,True
7,952,319.02,False,nsdp_full,16,16,0,False,nsdp_full,16,15,,True
8,952,319.02,False,nsdp_full,16,36,0,False,nsdp_full,16,35,,True
2,953,319.04,False,nsdp_full,16,16,0,False,nsdp_full,16,16,,True
3,953,319.04,False,nsdp_full,16,6,0,False,nsdp_full,16,7,,True
4,953,319.04,False,nsdp_full,16,24,0,False,nsdp_full,16,34,,True
5,953,319.04,False,nsdp_full,16,20,0,False,nsdp_full,16,13,,True
7,953,319.04,False,nsdp_full,16,16,0,False,nsdp_full,16,15,,True
8,953,319.04,False,nsdp_full,16,36,0,False,nsdp_full,16,35,,True
2,954,319.06,False,nsdp_full,16,16,0,False,nsdp_full,16,16,,True
3,954,319.06,False,nsdp_full,16,6,0,False,nsdp_full,16,7,,True
4,954,319.06,False,nsdp_full,16,24,0,False,nsdp_full,16,34,,True
5,954,319.06,False,nsdp_full,16,20,0,False,nsdp_full,16,13,,True
7,954,319.06,False,nsdp_full,16,16,0,False,nsdp_full,16,15,,True
8,954,319.06,False,nsdp_full,16,36,0,False,nsdp_full,16,35,,True
2,955,319.08,False,nsdp_full,16,16,0,False,nsdp_full,16,16,,True
3,955,319.08,False,nsdp_full,16,6,0,False,nsdp_full,16,7,,True
4,955,319.08,False,nsdp_full,16,24,0,False,nsdp_full,16,34,,True
5,955,319.08,False,nsdp_full,16,20,0,False,nsdp_full,16,13,,True
7,955,319.08,False,nsdp_full,16,16,0,False,nsdp_full,16,15,,True
8,955,319.08,False,nsdp_full,16,36,0,False,nsdp_full,16,35,,True
2,956,319.1,False,nsdp_full,16,16,0,False,nsdp_full,16,16,,True
3,956,319.1,False,nsdp_full,16,6,0,False,nsdp_full,16,7,,True
4,956,319.1,False,nsdp_full,16,24,0,False,nsdp_full,16,34,,True
5,956,319.1,False,nsdp_full,16,20,0,False,nsdp_full,16,13,,True
7,956,319.1,False,nsdp_full,16,16,0,False,nsdp_full,16,15,,True
8,956,319.1,False,nsdp_full,16,36,0,False,nsdp_full,16,35,,True
2,957,319.12,False,nsdp_full,16,16,0,False,nsdp_full,16,16,,True
3,957,319.12,False,nsdp_full,16,6,0,False,nsdp_full,16,7,,True
4,957,319.12,False,nsdp_full,16,24,0,False,nsdp_full,16,34,,True
5,957,319.12,False,nsdp_full,16,20,0,False,nsdp_full,16,13,,True
7,957,319.12,False,nsdp_full,16,16,0,False,nsdp_full,16,15,,True
8,957,319.12,False,nsdp_full,16,36,0,False,nsdp_full,16,35,,True
2,958,319.14,False,nsdp_full,16,16,0,False,nsdp_full,16,16,,True
3,958,319.14,False,nsdp_full,16,6,0,False,nsdp_full,16,7,,True
4,958,319.14,False,nsdp_full,16,24,0,False,nsdp_full,16,34,,True
5,958,319.14,False,nsdp_full,16,20,0,False,nsdp_full,16,13,,True
7,958,319.14,False,nsdp_full,16,16,0,False,nsdp_full,16,15,,True
8,958,319.14,False,nsdp_full,16,36,0,False,nsdp_full,16,35,,True
2,959,319.16,False,nsdp_full,16,16,0,False,nsdp_full,16,16,,True
3,959,319.16,False,nsdp_full,16,6,0,False,nsdp_full,16,7,,True
4,959,319.16,False,nsdp_full,16,24,0,False,nsdp_full,16,34,,True
5,959,319.16,False,nsdp_full,16,20,0,False,nsdp_full,16,13,,True
7,959,319.16,False,nsdp_full,16,16,0,False,nsdp_full,16,15,,True
8,959,319.16,False,nsdp_full,16,36,0,False,nsdp_full,16,35,,True
2,960,319.18,False,nsdp_full,16,16,0,False,nsdp_full,16,16,,True
3,960,319.18,False,nsdp_full,16,6,0,False,nsdp_full,16,7,,True
4,960,319.18,False,nsdp_full,16,24,0,False,nsdp_full,16,34,,True
5,960,319.18,False,nsdp_full,16,20,0,False,nsdp_full,16,13,,True
7,960,319.18,False,nsdp_full,16,16,0,False,nsdp_full,16,15,,True
8,960,319.18,False,nsdp_full,16,36,0,False,nsdp_full,16,35,,True
2,961,319.2,False,nsdp_full,16,16,0,False,nsdp_full,16,16,,True
3,961,319.2,False,nsdp_full,16,6,0,False,nsdp_full,16,7,,True
4,961,319.2,False,nsdp_full,16,24,0,False,nsdp_full,16,34,,True
5,961,319.2,False,nsdp_full,16,20,0,False,nsdp_full,16,13,,True
7,961,319.2,False,nsdp_full,16,16,0,False,nsdp_full,16,15,,True
8,961,319.2,False,nsdp_full,16,36,0,False,nsdp_full,16,35,,True
2,962,319.22,False,nsdp_full,16,16,0,False,nsdp_full,16,16,,True
3,962,319.22,False,nsdp_full,16,6,0,True,admitted,15,6,1132,False
4,962,319.22,False,nsdp_full,16,24,0,False,nsdp_full,16,34,,True
5,962,319.22,False,nsdp_full,16,20,0,False,nsdp_full,16,13,,True
7,962,319.22,False,nsdp_full,16,16,0,False,nsdp_full,16,15,,True
8,962,319.22,False,nsdp_full,16,36,0,False,nsdp_full,16,35,,True
2,963,319.24,False,nsdp_full,16,16,0,False,nsdp_full,16,16,,True
3,963,319.24,False,nsdp_full,16,6,0,False,nsdp_full,16,7,,True
4,963,319.24,False,nsdp_full,16,24,0,False,nsdp_full,16,34,,True
5,963,319.24,False,nsdp_full,16,20,0,False,nsdp_full,16,13,,True
7,963,319.24,False,nsdp_full,16,16,0,False,nsdp_full,16,15,,True
8,963,319.24,False,nsdp_full,16,36,0,False,nsdp_full,16,35,,True
2,964,319.26,False,nsdp_full,16,16,0,False,nsdp_full,16,16,,True
3,964,319.26,False,nsdp_full,16,6,0,False,nsdp_full,16,7,,True
4,964,319.26,False,nsdp_full,16,24,0,False,nsdp_full,16,34,,True
5,964,319.26,False,nsdp_full,16,20,0,False,nsdp_full,16,13,,True
7,964,319.26,False,nsdp_full,16,16,0,False,nsdp_full,16,15,,True
8,964,319.26,False,nsdp_full,16,36,0,False,nsdp_full,16,35,,True
2,965,319.28,False,nsdp_full,16,16,0,False,nsdp_full,16,16,,True
3,965,319.28,False,nsdp_full,16,6,0,False,nsdp_full,16,7,,True
4,965,319.28,False,nsdp_full,16,24,0,False,nsdp_full,16,34,,True
5,965,319.28,False,nsdp_full,16,20,0,False,nsdp_full,16,13,,True
7,965,319.28,False,nsdp_full,16,16,0,False,nsdp_full,16,15,,True
8,965,319.28,False,nsdp_full,16,36,0,False,nsdp_full,16,35,,True
2,966,319.3,False,nsdp_full,16,16,0,False,nsdp_full,16,16,,True
3,966,319.3,False,nsdp_full,16,6,0,False,nsdp_full,16,7,,True
4,966,319.3,False,nsdp_full,16,24,0,False,nsdp_full,16,34,,True
5,966,319.3,False,nsdp_full,16,20,0,False,nsdp_full,16,13,,True
7,966,319.3,False,nsdp_full,16,16,0,False,nsdp_full,16,15,,True
8,966,319.3,False,nsdp_full,16,36,0,False,nsdp_full,16,35,,True
2,967,319.32,False,nsdp_full,16,16,0,False,nsdp_full,16,16,,True
3,967,319.32,False,nsdp_full,16,6,0,False,nsdp_full,16,7,,True
4,967,319.32,False,nsdp_full,16,24,0,False,nsdp_full,16,34,,True
5,967,319.32,False,nsdp_full,16,20,0,False,nsdp_full,16,13,,True
7,967,319.32,False,nsdp_full,16,16,0,False,nsdp_full,16,15,,True
8,967,319.32,False,nsdp_full,16,36,0,False,nsdp_full,16,35,,True
2,968,319.34,False,nsdp_full,16,16,0,False,nsdp_full,16,16,,True
3,968,319.34,False,nsdp_full,16,6,0,False,nsdp_full,16,7,,True
4,968,319.34,False,nsdp_full,16,24,0,False,nsdp_full,16,34,,True
5,968,319.34,False,nsdp_full,16,20,0,False,nsdp_full,16,13,,True
7,968,319.34,False,nsdp_full,16,16,0,False,nsdp_full,16,15,,True
8,968,319.34,False,nsdp_full,16,36,0,False,nsdp_full,16,35,,True
2,969,319.36,False,nsdp_full,16,16,0,False,nsdp_full,16,16,,True
3,969,319.36,False,nsdp_full,16,6,0,False,nsdp_full,16,7,,True
4,969,319.36,False,nsdp_full,16,24,0,False,nsdp_full,16,34,,True
5,969,319.36,False,nsdp_full,16,20,0,False,nsdp_full,16,13,,True
7,969,319.36,False,nsdp_full,16,16,0,False,nsdp_full,16,15,,True
8,969,319.36,False,nsdp_full,16,36,0,False,nsdp_full,16,35,,True
2,970,319.38,False,nsdp_full,16,16,0,False,nsdp_full,16,16,,True
3,970,319.38,False,nsdp_full,16,6,0,False,nsdp_full,16,7,,True
4,970,319.38,False,nsdp_full,16,24,0,False,nsdp_full,16,34,,True
5,970,319.38,False,nsdp_full,16,20,0,False,nsdp_full,16,13,,True
7,970,319.38,False,nsdp_full,16,16,0,False,nsdp_full,16,15,,True
8,970,319.38,False,nsdp_full,16,36,0,False,nsdp_full,16,35,,True
2,971,319.4,False,nsdp_full,16,16,0,False,nsdp_full,16,16,,True
3,971,319.4,False,nsdp_full,16,6,0,False,nsdp_full,16,7,,True
4,971,319.4,False,nsdp_full,16,24,0,False,nsdp_full,16,34,,True
5,971,319.4,False,nsdp_full,16,20,0,False,nsdp_full,16,13,,True
7,971,319.4,False,nsdp_full,16,16,0,False,nsdp_full,16,15,,True
8,971,319.4,False,nsdp_full,16,36,0,False,nsdp_full,16,35,,True
2,972,319.42,False,nsdp_full,16,16,0,False,nsdp_full,16,16,,True
3,972,319.42,False,nsdp_full,16,6,0,False,nsdp_full,16,7,,True
4,972,319.42,False,nsdp_full,16,24,0,False,nsdp_full,16,34,,True
5,972,319.42,False,nsdp_full,16,20,0,False,nsdp_full,16,13,,True
7,972,319.42,False,nsdp_full,16,16,0,False,nsdp_full,16,15,,True
8,972,319.42,False,nsdp_full,16,36,0,False,nsdp_full,16,35,,True
2,973,319.44,False,nsdp_full,16,16,0,False,nsdp_full,16,16,,True
3,973,319.44,False,nsdp_full,16,6,0,False,nsdp_full,16,7,,True
4,973,319.44,False,nsdp_full,16,24,0,False,nsdp_full,16,34,,True
5,973,319.44,False,nsdp_full,16,20,0,False,nsdp_full,16,13,,True
7,973,319.44,False,nsdp_full,16,16,0,False,nsdp_full,16,15,,True
8,973,319.44,False,nsdp_full,16,36,0,False,nsdp_full,16,35,,True
2,974,319.46,False,nsdp_full,16,16,0,False,nsdp_full,16,16,,True
3,974,319.46,False,nsdp_full,16,6,0,False,nsdp_full,16,7,,True
4,974,319.46,False,nsdp_full,16,25,0,False,nsdp_full,16,35,,True
5,974,319.46,False,nsdp_full,16,20,0,False,nsdp_full,16,13,,True
7,974,319.46,False,nsdp_full,16,16,0,False,nsdp_full,16,15,,True
8,974,319.46,False,nsdp_full,16,36,0,False,nsdp_full,16,35,,True
2,975,319.48,False,nsdp_full,16,16,0,False,nsdp_full,16,16,,True
3,975,319.48,False,nsdp_full,16,6,0,False,nsdp_full,16,7,,True
4,975,319.48,False,nsdp_full,16,25,0,False,nsdp_full,16,35,,True
5,975,319.48,False,nsdp_full,16,20,0,False,nsdp_full,16,13,,True
7,975,319.48,False,nsdp_full,16,16,0,False,nsdp_full,16,15,,True
8,975,319.48,False,nsdp_full,16,36,0,False,nsdp_full,16,35,,True
2,976,319.5,False,nsdp_full,16,16,0,False,nsdp_full,16,16,,True
3,976,319.5,False,nsdp_full,16,6,0,False,nsdp_full,16,7,,True
4,976,319.5,False,nsdp_full,16,25,0,False,nsdp_full,16,35,,True
5,976,319.5,False,nsdp_full,16,20,0,False,nsdp_full,16,13,,True
7,976,319.5,False,nsdp_full,16,16,0,False,nsdp_full,16,15,,True
8,976,319.5,False,nsdp_full,16,36,0,False,nsdp_full,16,35,,True
2,977,319.52,True,admitted,15,14,167,False,nsdp_full,16,16,,False
3,977,319.52,False,nsdp_full,16,6,0,False,nsdp_full,16,7,,True
4,977,319.52,False,nsdp_full,16,25,0,False,nsdp_full,16,35,,True
5,977,319.52,False,nsdp_full,16,20,0,False,nsdp_full,16,13,,True
7,977,319.52,False,nsdp_full,16,16,0,False,nsdp_full,16,15,,True
8,977,319.52,False,nsdp_full,16,36,0,False,nsdp_full,16,35,,True
2,978,319.54,False,nsdp_full,16,15,0,False,nsdp_full,16,16,,True
3,978,319.54,False,nsdp_full,16,6,0,False,nsdp_full,16,7,,True
4,978,319.54,False,nsdp_full,16,25,0,False,nsdp_full,16,35,,True
5,978,319.54,False,nsdp_full,16,20,0,False,nsdp_full,16,13,,True
7,978,319.54,False,nsdp_full,16,16,0,False,nsdp_full,16,15,,True
8,978,319.54,False,nsdp_full,16,36,0,False,nsdp_full,16,35,,True
2,979,319.56,False,nsdp_full,16,15,0,False,nsdp_full,16,16,,True
3,979,319.56,False,nsdp_full,16,6,0,False,nsdp_full,16,7,,True
4,979,319.56,False,nsdp_full,16,25,0,False,nsdp_full,16,35,,True
5,979,319.56,False,nsdp_full,16,20,0,False,nsdp_full,16,13,,True
7,979,319.56,False,nsdp_full,16,16,0,False,nsdp_full,16,15,,True
8,979,319.56,False,nsdp_full,16,36,0,False,nsdp_full,16,35,,True
2,980,319.58,False,nsdp_full,16,15,0,False,nsdp_full,16,16,,True
3,980,319.58,False,nsdp_full,16,6,0,False,nsdp_full,16,7,,True
4,980,319.58,False,nsdp_full,16,25,0,False,nsdp_full,16,35,,True
5,980,319.58,False,nsdp_full,16,20,0,False,nsdp_full,16,13,,True
7,980,319.58,False,nsdp_full,16,16,0,False,nsdp_full,16,15,,True
8,980,319.58,False,nsdp_full,16,36,0,False,nsdp_full,16,35,,True
2,981,319.6,False,nsdp_full,16,15,0,False,nsdp_full,16,16,,True
3,981,319.6,False,nsdp_full,16,6,0,False,nsdp_full,16,7,,True
4,981,319.6,False,nsdp_full,16,25,0,False,nsdp_full,16,35,,True
5,981,319.6,False,nsdp_full,16,20,0,False,nsdp_full,16,13,,True
7,981,319.6,False,nsdp_full,16,16,0,False,nsdp_full,16,15,,True
8,981,319.6,False,nsdp_full,16,36,0,False,nsdp_full,16,35,,True
2,982,319.62,False,nsdp_full,16,15,0,False,nsdp_full,16,16,,True
3,982,319.62,False,nsdp_full,16,6,0,False,nsdp_full,16,7,,True
4,982,319.62,False,nsdp_full,16,25,0,False,nsdp_full,16,35,,True
5,982,319.62,False,nsdp_full,16,20,0,False,nsdp_full,16,13,,True
7,982,319.62,False,nsdp_full,16,16,0,False,nsdp_full,16,15,,True
8,982,319.62,False,nsdp_full,16,36,0,False,nsdp_full,16,35,,True
2,983,319.64,False,nsdp_full,16,15,0,True,admitted,15,16,1135,False
3,983,319.64,False,nsdp_full,16,6,0,False,nsdp_full,16,7,,True
4,983,319.64,False,nsdp_full,16,25,0,False,nsdp_full,16,35,,True
5,983,319.64,False,nsdp_full,16,20,0,False,nsdp_full,16,13,,True
7,983,319.64,False,nsdp_full,16,16,0,False,nsdp_full,16,15,,True
8,983,319.64,False,nsdp_full,16,36,0,False,nsdp_full,16,35,,True
2,984,319.66,False,nsdp_full,16,15,0,False,nsdp_full,16,17,,True
3,984,319.66,False,nsdp_full,16,6,0,False,nsdp_full,16,7,,True
4,984,319.66,False,nsdp_full,16,25,0,False,nsdp_full,16,35,,True
5,984,319.66,False,nsdp_full,16,20,0,False,nsdp_full,16,13,,True
7,984,319.66,False,nsdp_full,16,16,0,False,nsdp_full,16,15,,True
8,984,319.66,False,nsdp_full,16,36,0,False,nsdp_full,16,35,,True
2,985,319.68,False,nsdp_full,16,15,0,False,nsdp_full,16,17,,True
3,985,319.68,False,nsdp_full,16,6,0,False,nsdp_full,16,7,,True
4,985,319.68,False,nsdp_full,16,25,0,False,nsdp_full,16,35,,True
5,985,319.68,False,nsdp_full,16,20,0,False,nsdp_full,16,13,,True
7,985,319.68,False,nsdp_full,16,16,0,False,nsdp_full,16,15,,True
8,985,319.68,False,nsdp_full,16,36,0,False,nsdp_full,16,35,,True
2,986,319.7,False,nsdp_full,16,15,0,False,nsdp_full,16,17,,True
3,986,319.7,False,nsdp_full,16,6,0,False,nsdp_full,16,7,,True
4,986,319.7,False,nsdp_full,16,25,0,False,nsdp_full,16,35,,True
5,986,319.7,False,nsdp_full,16,20,0,False,nsdp_full,16,13,,True
7,986,319.7,False,nsdp_full,16,16,0,False,nsdp_full,16,15,,True
8,986,319.7,False,nsdp_full,16,36,0,False,nsdp_full,16,35,,True
2,987,319.72,False,nsdp_full,16,15,0,False,nsdp_full,16,17,,True
3,987,319.72,False,nsdp_full,16,6,0,False,nsdp_full,16,7,,True
4,987,319.72,False,nsdp_full,16,25,0,False,nsdp_full,16,35,,True
5,987,319.72,False,nsdp_full,16,20,0,False,nsdp_full,16,13,,True
7,987,319.72,False,nsdp_full,16,16,0,False,nsdp_full,16,15,,True
8,987,319.72,False,nsdp_full,16,36,0,False,nsdp_full,16,35,,True
2,988,319.74,False,nsdp_full,16,15,0,False,nsdp_full,16,17,,True
3,988,319.74,True,admitted,14,4,168,False,nsdp_full,16,7,,False
4,988,319.74,False,nsdp_full,16,25,0,False,nsdp_full,16,35,,True
5,988,319.74,False,nsdp_full,16,20,0,False,nsdp_full,16,13,,True
7,988,319.74,False,nsdp_full,16,16,0,False,nsdp_full,16,15,,True
8,988,319.74,False,nsdp_full,16,36,0,False,nsdp_full,16,35,,True
2,989,319.76,False,nsdp_full,16,15,0,False,nsdp_full,16,17,,True
3,989,319.76,True,admitted,15,5,169,False,nsdp_full,16,7,,False
4,989,319.76,False,nsdp_full,16,25,0,False,nsdp_full,16,35,,True
5,989,319.76,False,nsdp_full,16,20,0,False,nsdp_full,16,13,,True
7,989,319.76,False,nsdp_full,16,16,0,False,nsdp_full,16,15,,True
8,989,319.76,False,nsdp_full,16,36,0,False,nsdp_full,16,35,,True
2,990,319.78,False,nsdp_full,16,15,0,False,nsdp_full,16,17,,True
3,990,319.78,False,nsdp_full,16,6,0,False,nsdp_full,16,7,,True
4,990,319.78,False,nsdp_full,16,25,0,False,nsdp_full,16,35,,True
5,990,319.78,False,nsdp_full,16,20,0,False,nsdp_full,16,13,,True
7,990,319.78,False,nsdp_full,16,16,0,False,nsdp_full,16,15,,True
8,990,319.78,False,nsdp_full,16,36,0,False,nsdp_full,16,35,,True
2,991,319.8,False,nsdp_full,16,15,0,False,nsdp_full,16,17,,True
3,991,319.8,False,nsdp_full,16,6,0,False,nsdp_full,16,7,,True
4,991,319.8,False,nsdp_full,16,25,0,False,nsdp_full,16,35,,True
5,991,319.8,False,nsdp_full,16,20,0,False,nsdp_full,16,13,,True
7,991,319.8,False,nsdp_full,16,16,0,False,nsdp_full,16,15,,True
8,991,319.8,False,nsdp_full,16,36,0,False,nsdp_full,16,35,,True
2,992,319.82,False,nsdp_full,16,15,0,False,nsdp_full,16,17,,True
3,992,319.82,False,nsdp_full,16,6,0,False,nsdp_full,16,7,,True
4,992,319.82,False,nsdp_full,16,25,0,False,nsdp_full,16,35,,True
5,992,319.82,False,nsdp_full,16,20,0,False,nsdp_full,16,13,,True
7,992,319.82,False,nsdp_full,16,16,0,False,nsdp_full,16,15,,True
8,992,319.82,False,nsdp_full,16,36,0,False,nsdp_full,16,35,,True
2,993,319.84,False,nsdp_full,16,15,0,False,nsdp_full,16,17,,True
3,993,319.84,False,nsdp_full,16,6,0,False,nsdp_full,16,7,,True
4,993,319.84,False,nsdp_full,16,25,0,False,nsdp_full,16,35,,True
5,993,319.84,False,nsdp_full,16,20,0,False,nsdp_full,16,13,,True
7,993,319.84,False,nsdp_full,16,16,0,True,admitted,15,15,1137,False
8,993,319.84,False,nsdp_full,16,36,0,False,nsdp_full,16,35,,True
2,994,319.86,False,nsdp_full,16,15,0,False,nsdp_full,16,17,,True
3,994,319.86,False,nsdp_full,16,6,0,False,nsdp_full,16,7,,True
4,994,319.86,False,nsdp_full,16,25,0,False,nsdp_full,16,35,,True
5,994,319.86,False,nsdp_full,16,20,0,False,nsdp_full,16,13,,True
7,994,319.86,False,nsdp_full,16,16,0,False,nsdp_full,16,16,,True
8,994,319.86,False,nsdp_full,16,36,0,False,nsdp_full,16,35,,True
2,995,319.88,False,nsdp_full,16,15,0,False,nsdp_full,16,17,,True
3,995,319.88,False,nsdp_full,16,6,0,False,nsdp_full,16,7,,True
4,995,319.88,False,nsdp_full,16,25,0,False,nsdp_full,16,35,,True
5,995,319.88,False,nsdp_full,16,20,0,False,nsdp_full,16,13,,True
7,995,319.88,False,nsdp_full,16,16,0,False,nsdp_full,16,16,,True
8,995,319.88,False,nsdp_full,16,36,0,False,nsdp_full,16,35,,True
2,996,319.9,False,nsdp_full,16,15,0,False,nsdp_full,16,17,,True
3,996,319.9,False,nsdp_full,16,6,0,False,nsdp_full,16,7,,True
4,996,319.9,False,nsdp_full,16,25,0,False,nsdp_full,16,35,,True
5,996,319.9,False,nsdp_full,16,20,0,False,nsdp_full,16,13,,True
7,996,319.9,False,nsdp_full,16,16,0,False,nsdp_full,16,16,,True
8,996,319.9,False,nsdp_full,16,36,0,False,nsdp_full,16,35,,True
2,997,319.92,False,nsdp_full,16,15,0,False,nsdp_full,16,17,,True
3,997,319.92,False,nsdp_full,16,6,0,True,admitted,14,4,1138,False
4,997,319.92,False,nsdp_full,16,25,0,False,nsdp_full,16,35,,True
5,997,319.92,False,nsdp_full,16,20,0,False,nsdp_full,16,13,,True
7,997,319.92,False,nsdp_full,16,16,0,False,nsdp_full,16,16,,True
8,997,319.92,False,nsdp_full,16,36,0,False,nsdp_full,16,35,,True
2,998,319.94,False,nsdp_full,16,15,0,False,nsdp_full,16,17,,True
3,998,319.94,False,nsdp_full,16,6,0,True,admitted,15,5,1139,False
4,998,319.94,False,nsdp_full,16,25,0,False,nsdp_full,16,35,,True
5,998,319.94,False,nsdp_full,16,20,0,False,nsdp_full,16,13,,True
7,998,319.94,False,nsdp_full,16,16,0,False,nsdp_full,16,16,,True
8,998,319.94,False,nsdp_full,16,36,0,False,nsdp_full,16,35,,True
2,999,319.96,False,nsdp_full,16,15,0,False,nsdp_full,16,17,,True
3,999,319.96,False,nsdp_full,16,6,0,False,nsdp_full,16,6,,True
4,999,319.96,False,nsdp_full,16,25,0,False,nsdp_full,16,35,,True
5,999,319.96,False,nsdp_full,16,20,0,False,nsdp_full,16,13,,True
7,999,319.96,False,nsdp_full,16,16,0,False,nsdp_full,16,16,,True
8,999,319.96,False,nsdp_full,16,36,0,False,nsdp_full,16,35,,True
2,1000,319.98,False,nsdp_full,16,15,0,False,nsdp_full,16,17,,True
3,1000,319.98,False,nsdp_full,16,6,0,False,nsdp_full,16,6,,True
4,1000,319.98,False,nsdp_full,16,25,0,False,nsdp_full,16,35,,True
5,1000,319.98,False,nsdp_full,16,20,0,False,nsdp_full,16,13,,True
7,1000,319.98,False,nsdp_full,16,16,0,False,nsdp_full,16,16,,True
8,1000,319.98,False,nsdp_full,16,36,0,False,nsdp_full,16,35,,True
2,1001,320,False,nsdp_full,16,15,0,False,nsdp_full,16,17,,True
3,1001,320,False,nsdp_full,16,6,0,False,nsdp_full,16,6,,True
4,1001,320,False,nsdp_full,16,25,0,False,nsdp_full,16,35,,True
5,1001,320,False,nsdp_full,16,20,0,False,nsdp_full,16,13,,True
7,1001,320,False,nsdp_full,16,16,0,False,nsdp_full,16,16,,True
8,1001,320,False,nsdp_full,16,36,0,False,nsdp_full,16,35,,True
2,1002,320.02,False,nsdp_full,16,15,0,False,nsdp_full,16,17,,True
3,1002,320.02,False,nsdp_full,16,6,0,False,nsdp_full,16,6,,True
4,1002,320.02,False,nsdp_full,16,25,0,False,nsdp_full,16,35,,True
5,1002,320.02,False,nsdp_full,16,20,0,False,nsdp_full,16,13,,True
7,1002,320.02,False,nsdp_full,16,16,0,False,nsdp_full,16,16,,True
8,1002,320.02,False,nsdp_full,16,36,0,False,nsdp_full,16,35,,True
2,1003,320.04,False,nsdp_full,16,15,0,False,nsdp_full,16,17,,True
3,1003,320.04,False,nsdp_full,16,6,0,False,nsdp_full,16,6,,True
4,1003,320.04,False,nsdp_full,16,25,0,False,nsdp_full,16,35,,True
5,1003,320.04,False,nsdp_full,16,20,0,False,nsdp_full,16,13,,True
7,1003,320.04,False,nsdp_full,16,16,0,False,nsdp_full,16,16,,True
8,1003,320.04,False,nsdp_full,16,36,0,False,nsdp_full,16,35,,True
2,1004,320.06,False,nsdp_full,16,15,0,False,nsdp_full,16,17,,True
3,1004,320.06,False,nsdp_full,16,6,0,False,nsdp_full,16,6,,True
4,1004,320.06,False,nsdp_full,16,25,0,False,nsdp_full,16,35,,True
5,1004,320.06,False,nsdp_full,16,20,0,False,nsdp_full,16,13,,True
7,1004,320.06,False,nsdp_full,16,16,0,False,nsdp_full,16,16,,True
8,1004,320.06,False,nsdp_full,16,36,0,False,nsdp_full,16,35,,True
2,1005,320.08,False,nsdp_full,16,15,0,False,nsdp_full,16,17,,True
3,1005,320.08,False,nsdp_full,16,6,0,False,nsdp_full,16,6,,True
4,1005,320.08,False,nsdp_full,16,25,0,False,nsdp_full,16,35,,True
5,1005,320.08,False,nsdp_full,16,20,0,False,nsdp_full,16,13,,True
7,1005,320.08,False,nsdp_full,16,16,0,False,nsdp_full,16,16,,True
8,1005,320.08,False,nsdp_full,16,36,0,False,nsdp_full,16,35,,True
2,1006,320.1,False,nsdp_full,16,15,0,False,nsdp_full,16,17,,True
3,1006,320.1,False,nsdp_full,16,6,0,False,nsdp_full,16,6,,True
4,1006,320.1,False,nsdp_full,16,25,0,False,nsdp_full,16,35,,True
5,1006,320.1,False,nsdp_full,16,20,0,False,nsdp_full,16,13,,True
7,1006,320.1,False,nsdp_full,16,16,0,False,nsdp_full,16,16,,True
8,1006,320.1,False,nsdp_full,16,36,0,False,nsdp_full,16,35,,True
2,1007,320.12,False,nsdp_full,16,15,0,False,nsdp_full,16,17,,True
3,1007,320.12,False,nsdp_full,16,6,0,False,nsdp_full,16,6,,True
4,1007,320.12,False,nsdp_full,16,25,0,False,nsdp_full,16,35,,True
5,1007,320.12,False,nsdp_full,16,20,0,False,nsdp_full,16,13,,True
7,1007,320.12,False,nsdp_full,16,16,0,False,nsdp_full,16,16,,True
8,1007,320.12,False,nsdp_full,16,36,0,False,nsdp_full,16,35,,True
2,1008,320.14,False,nsdp_full,16,15,0,False,nsdp_full,16,17,,True
3,1008,320.14,False,nsdp_full,16,6,0,False,nsdp_full,16,6,,True
4,1008,320.14,False,nsdp_full,16,25,0,False,nsdp_full,16,35,,True
5,1008,320.14,False,nsdp_full,16,20,0,False,nsdp_full,16,13,,True
7,1008,320.14,False,nsdp_full,16,16,0,False,nsdp_full,16,16,,True
8,1008,320.14,False,nsdp_full,16,36,0,False,nsdp_full,16,35,,True
2,1009,320.16,False,nsdp_full,16,15,0,False,nsdp_full,16,17,,True
3,1009,320.16,False,nsdp_full,16,6,0,False,nsdp_full,16,6,,True
4,1009,320.16,False,nsdp_full,16,25,0,False,nsdp_full,16,35,,True
5,1009,320.16,False,nsdp_full,16,20,0,False,nsdp_full,16,13,,True
7,1009,320.16,False,nsdp_full,16,16,0,False,nsdp_full,16,16,,True
8,1009,320.16,False,nsdp_full,16,36,0,False,nsdp_full,16,35,,True
2,1010,320.18,False,nsdp_full,16,15,0,False,nsdp_full,16,17,,True
3,1010,320.18,False,nsdp_full,16,6,0,False,nsdp_full,16,6,,True
4,1010,320.18,False,nsdp_full,16,25,0,False,nsdp_full,16,35,,True
5,1010,320.18,False,nsdp_full,16,20,0,False,nsdp_full,16,13,,True
7,1010,320.18,False,nsdp_full,16,16,0,False,nsdp_full,16,16,,True
8,1010,320.18,False,nsdp_full,16,36,0,False,nsdp_full,16,35,,True
2,1011,320.2,False,nsdp_full,16,15,0,False,nsdp_full,16,17,,True
3,1011,320.2,False,nsdp_full,16,6,0,False,nsdp_full,16,6,,True
4,1011,320.2,False,nsdp_full,16,25,0,False,nsdp_full,16,35,,True
5,1011,320.2,False,nsdp_full,16,20,0,False,nsdp_full,16,13,,True
7,1011,320.2,False,nsdp_full,16,16,0,False,nsdp_full,16,16,,True
8,1011,320.2,False,nsdp_full,16,36,0,False,nsdp_full,16,35,,True
2,1012,320.22,False,nsdp_full,16,15,0,False,nsdp_full,16,17,,True
3,1012,320.22,False,nsdp_full,16,6,0,False,nsdp_full,16,6,,True
4,1012,320.22,False,nsdp_full,16,26,0,False,nsdp_full,16,35,,True
5,1012,320.22,False,nsdp_full,16,20,0,False,nsdp_full,16,13,,True
7,1012,320.22,False,nsdp_full,16,16,0,False,nsdp_full,16,16,,True
8,1012,320.22,False,nsdp_full,16,36,0,False,nsdp_full,16,35,,True
2,1013,320.24,False,nsdp_full,16,15,0,False,nsdp_full,16,17,,True
3,1013,320.24,False,nsdp_full,16,6,0,False,nsdp_full,16,6,,True
4,1013,320.24,False,nsdp_full,16,26,0,False,nsdp_full,16,35,,True
5,1013,320.24,False,nsdp_full,16,20,0,False,nsdp_full,16,13,,True
7,1013,320.24,False,nsdp_full,16,16,0,False,nsdp_full,16,16,,True
8,1013,320.24,False,nsdp_full,16,36,0,False,nsdp_full,16,35,,True
2,1014,320.26,False,nsdp_full,16,15,0,False,nsdp_full,16,18,,True
3,1014,320.26,False,nsdp_full,16,6,0,False,nsdp_full,16,6,,True
4,1014,320.26,False,nsdp_full,16,26,0,False,nsdp_full,16,35,,True
5,1014,320.26,False,nsdp_full,16,20,0,False,nsdp_full,16,13,,True
7,1014,320.26,False,nsdp_full,16,16,0,False,nsdp_full,16,16,,True
8,1014,320.26,False,nsdp_full,16,36,0,False,nsdp_full,16,35,,True
2,1015,320.28,False,nsdp_full,16,15,0,False,nsdp_full,16,18,,True
3,1015,320.28,False,nsdp_full,16,6,0,False,nsdp_full,16,6,,True
4,1015,320.28,False,nsdp_full,16,26,0,False,nsdp_full,16,35,,True
5,1015,320.28,False,nsdp_full,16,20,0,False,nsdp_full,16,13,,True
7,1015,320.28,False,nsdp_full,16,16,0,False,nsdp_full,16,16,,True
8,1015,320.28,False,nsdp_full,16,36,0,False,nsdp_full,16,35,,True
2,1016,320.3,False,nsdp_full,16,15,0,False,nsdp_full,16,18,,True
3,1016,320.3,False,nsdp_full,16,6,0,False,nsdp_full,16,6,,True
4,1016,320.3,False,nsdp_full,16,26,0,False,nsdp_full,16,35,,True
5,1016,320.3,False,nsdp_full,16,20,0,False,nsdp_full,16,13,,True
7,1016,320.3,False,nsdp_full,16,16,0,False,nsdp_full,16,16,,True
8,1016,320.3,False,nsdp_full,16,36,0,False,nsdp_full,16,35,,True
2,1017,320.32,False,nsdp_full,16,15,0,False,nsdp_full,16,18,,True
3,1017,320.32,False,nsdp_full,16,6,0,False,nsdp_full,16,6,,True
4,1017,320.32,False,nsdp_full,16,26,0,False,nsdp_full,16,35,,True
5,1017,320.32,False,nsdp_full,16,20,0,False,nsdp_full,16,13,,True
7,1017,320.32,False,nsdp_full,16,16,0,False,nsdp_full,16,16,,True
8,1017,320.32,False,nsdp_full,16,36,0,False,nsdp_full,16,35,,True
2,1018,320.34,False,nsdp_full,16,15,0,False,nsdp_full,16,18,,True
3,1018,320.34,False,nsdp_full,16,6,0,False,nsdp_full,16,6,,True
4,1018,320.34,False,nsdp_full,16,26,0,False,nsdp_full,16,35,,True
5,1018,320.34,False,nsdp_full,16,20,0,False,nsdp_full,16,13,,True
7,1018,320.34,False,nsdp_full,16,16,0,False,nsdp_full,16,16,,True
8,1018,320.34,False,nsdp_full,16,36,0,False,nsdp_full,16,35,,True
2,1019,320.36,False,nsdp_full,16,15,0,False,nsdp_full,16,18,,True
3,1019,320.36,False,nsdp_full,16,6,0,False,nsdp_full,16,6,,True
4,1019,320.36,False,nsdp_full,16,26,0,False,nsdp_full,16,35,,True
5,1019,320.36,False,nsdp_full,16,20,0,False,nsdp_full,16,13,,True
7,1019,320.36,False,nsdp_full,16,16,0,False,nsdp_full,16,16,,True
8,1019,320.36,False,nsdp_full,16,36,0,False,nsdp_full,16,35,,True
2,1020,320.38,False,nsdp_full,16,15,0,False,nsdp_full,16,18,,True
3,1020,320.38,True,admitted,15,4,170,False,nsdp_full,16,6,,False
4,1020,320.38,False,nsdp_full,16,26,0,False,nsdp_full,16,35,,True
5,1020,320.38,False,nsdp_full,16,20,0,False,nsdp_full,16,13,,True
7,1020,320.38,False,nsdp_full,16,16,0,False,nsdp_full,16,16,,True
8,1020,320.38,False,nsdp_full,16,36,0,False,nsdp_full,16,35,,True
2,1021,320.4,False,nsdp_full,16,15,0,False,nsdp_full,16,18,,True
3,1021,320.4,False,nsdp_full,16,5,0,False,nsdp_full,16,6,,True
4,1021,320.4,False,nsdp_full,16,26,0,False,nsdp_full,16,35,,True
5,1021,320.4,False,nsdp_full,16,20,0,False,nsdp_full,16,13,,True
7,1021,320.4,False,nsdp_full,16,16,0,False,nsdp_full,16,16,,True
8,1021,320.4,False,nsdp_full,16,36,0,False,nsdp_full,16,35,,True
2,1022,320.42,False,nsdp_full,16,15,0,False,nsdp_full,16,18,,True
3,1022,320.42,False,nsdp_full,16,5,0,False,nsdp_full,16,6,,True
4,1022,320.42,False,nsdp_full,16,26,0,False,nsdp_full,16,35,,True
5,1022,320.42,False,nsdp_full,16,20,0,False,nsdp_full,16,13,,True
7,1022,320.42,False,nsdp_full,16,16,0,False,nsdp_full,16,16,,True
8,1022,320.42,False,nsdp_full,16,36,0,False,nsdp_full,16,35,,True
2,1023,320.44,False,nsdp_full,16,15,0,False,nsdp_full,16,18,,True
3,1023,320.44,False,nsdp_full,16,5,0,False,nsdp_full,16,6,,True
4,1023,320.44,False,nsdp_full,16,26,0,False,nsdp_full,16,35,,True
5,1023,320.44,False,nsdp_full,16,20,0,False,nsdp_full,16,13,,True
7,1023,320.44,False,nsdp_full,16,16,0,False,nsdp_full,16,16,,True
8,1023,320.44,False,nsdp_full,16,36,0,False,nsdp_full,16,35,,True
2,1024,320.46,False,nsdp_full,16,15,0,False,nsdp_full,16,18,,True
3,1024,320.46,False,nsdp_full,16,5,0,False,nsdp_full,16,6,,True
4,1024,320.46,False,nsdp_full,16,26,0,False,nsdp_full,16,35,,True
5,1024,320.46,False,nsdp_full,16,20,0,False,nsdp_full,16,13,,True
7,1024,320.46,False,nsdp_full,16,16,0,False,nsdp_full,16,16,,True
8,1024,320.46,False,nsdp_full,16,36,0,False,nsdp_full,16,35,,True
2,1025,320.48,True,admitted,15,14,171,False,nsdp_full,16,18,,False
3,1025,320.48,False,nsdp_full,16,5,0,True,admitted,15,5,1142,False
4,1025,320.48,False,nsdp_full,16,26,0,False,nsdp_full,16,35,,True
5,1025,320.48,False,nsdp_full,16,20,0,False,nsdp_full,16,13,,True
7,1025,320.48,False,nsdp_full,16,16,0,False,nsdp_full,16,16,,True
8,1025,320.48,False,nsdp_full,16,36,0,False,nsdp_full,16,35,,True
2,1026,320.5,False,nsdp_full,16,15,0,False,nsdp_full,16,18,,True
3,1026,320.5,False,nsdp_full,16,5,0,False,nsdp_full,16,6,,True
4,1026,320.5,False,nsdp_full,16,26,0,False,nsdp_full,16,35,,True
5,1026,320.5,False,nsdp_full,16,20,0,False,nsdp_full,16,13,,True
7,1026,320.5,False,nsdp_full,16,16,0,False,nsdp_full,16,16,,True
8,1026,320.5,False,nsdp_full,16,36,0,False,nsdp_full,16,35,,True
2,1027,320.52,False,nsdp_full,16,15,0,False,nsdp_full,16,18,,True
3,1027,320.52,False,nsdp_full,16,5,0,False,nsdp_full,16,6,,True
4,1027,320.52,False,nsdp_full,16,26,0,False,nsdp_full,16,35,,True
5,1027,320.52,False,nsdp_full,16,20,0,False,nsdp_full,16,13,,True
7,1027,320.52,False,nsdp_full,16,16,0,False,nsdp_full,16,16,,True
8,1027,320.52,False,nsdp_full,16,36,0,False,nsdp_full,16,35,,True
2,1028,320.54,False,nsdp_full,16,15,0,False,nsdp_full,16,18,,True
3,1028,320.54,False,nsdp_full,16,5,0,False,nsdp_full,16,6,,True
4,1028,320.54,False,nsdp_full,16,26,0,False,nsdp_full,16,35,,True
5,1028,320.54,False,nsdp_full,16,20,0,False,nsdp_full,16,13,,True
7,1028,320.54,False,nsdp_full,16,16,0,False,nsdp_full,16,16,,True
8,1028,320.54,False,nsdp_full,16,36,0,False,nsdp_full,16,35,,True
2,1029,320.56,False,nsdp_full,16,15,0,False,nsdp_full,16,18,,True
3,1029,320.56,False,nsdp_full,16,5,0,False,nsdp_full,16,6,,True
4,1029,320.56,False,nsdp_full,16,26,0,False,nsdp_full,16,35,,True
5,1029,320.56,False,nsdp_full,16,20,0,False,nsdp_full,16,13,,True
7,1029,320.56,False,nsdp_full,16,16,0,False,nsdp_full,16,16,,True
8,1029,320.56,False,nsdp_full,16,36,0,False,nsdp_full,16,35,,True
2,1030,320.58,False,nsdp_full,16,15,0,False,nsdp_full,16,18,,True
3,1030,320.58,False,nsdp_full,16,5,0,False,nsdp_full,16,6,,True
4,1030,320.58,False,nsdp_full,16,26,0,False,nsdp_full,16,35,,True
5,1030,320.58,False,nsdp_full,16,20,0,False,nsdp_full,16,13,,True
7,1030,320.58,False,nsdp_full,16,16,0,False,nsdp_full,16,16,,True
8,1030,320.58,False,nsdp_full,16,36,0,False,nsdp_full,16,35,,True
2,1031,320.6,False,nsdp_full,16,15,0,False,nsdp_full,16,18,,True
3,1031,320.6,False,nsdp_full,16,5,0,False,nsdp_full,16,6,,True
4,1031,320.6,False,nsdp_full,16,26,0,False,nsdp_full,16,35,,True
5,1031,320.6,False,nsdp_full,16,20,0,False,nsdp_full,16,13,,True
7,1031,320.6,False,nsdp_full,16,16,0,False,nsdp_full,16,16,,True
8,1031,320.6,False,nsdp_full,16,36,0,False,nsdp_full,16,35,,True
2,1032,320.62,False,nsdp_full,16,15,0,False,nsdp_full,16,18,,True
3,1032,320.62,False,nsdp_full,16,5,0,False,nsdp_full,16,6,,True
4,1032,320.62,False,nsdp_full,16,26,0,False,nsdp_full,16,35,,True
5,1032,320.62,False,nsdp_full,16,20,0,False,nsdp_full,16,13,,True
7,1032,320.62,False,nsdp_full,16,16,0,False,nsdp_full,16,16,,True
8,1032,320.62,False,nsdp_full,16,36,0,False,nsdp_full,16,35,,True
2,1033,320.64,False,nsdp_full,16,15,0,False,nsdp_full,16,18,,True
3,1033,320.64,False,nsdp_full,16,5,0,False,nsdp_full,16,6,,True
4,1033,320.64,False,nsdp_full,16,26,0,False,nsdp_full,16,35,,True
5,1033,320.64,False,nsdp_full,16,20,0,False,nsdp_full,16,13,,True
7,1033,320.64,False,nsdp_full,16,16,0,False,nsdp_full,16,16,,True
8,1033,320.64,False,nsdp_full,16,36,0,False,nsdp_full,16,35,,True
2,1034,320.66,False,nsdp_full,16,15,0,False,nsdp_full,16,18,,True
3,1034,320.66,False,nsdp_full,16,5,0,False,nsdp_full,16,6,,True
4,1034,320.66,False,nsdp_full,16,26,0,False,nsdp_full,16,35,,True
5,1034,320.66,False,nsdp_full,16,20,0,False,nsdp_full,16,13,,True
7,1034,320.66,False,nsdp_full,16,16,0,False,nsdp_full,16,16,,True
8,1034,320.66,False,nsdp_full,16,36,0,False,nsdp_full,16,35,,True
2,1035,320.68,False,nsdp_full,16,15,0,False,nsdp_full,16,18,,True
3,1035,320.68,False,nsdp_full,16,5,0,False,nsdp_full,16,6,,True
4,1035,320.68,False,nsdp_full,16,26,0,False,nsdp_full,16,35,,True
5,1035,320.68,False,nsdp_full,16,20,0,False,nsdp_full,16,13,,True
7,1035,320.68,False,nsdp_full,16,16,0,False,nsdp_full,16,16,,True
8,1035,320.68,False,nsdp_full,16,36,0,False,nsdp_full,16,35,,True
2,1036,320.7,False,nsdp_full,16,15,0,False,nsdp_full,16,18,,True
3,1036,320.7,False,nsdp_full,16,5,0,False,nsdp_full,16,6,,True
4,1036,320.7,False,nsdp_full,16,26,0,False,nsdp_full,16,35,,True
5,1036,320.7,False,nsdp_full,16,20,0,False,nsdp_full,16,13,,True
7,1036,320.7,False,nsdp_full,16,16,0,False,nsdp_full,16,16,,True
8,1036,320.7,False,nsdp_full,16,36,0,False,nsdp_full,16,35,,True
2,1037,320.72,False,nsdp_full,16,15,0,False,nsdp_full,16,18,,True
3,1037,320.72,False,nsdp_full,16,5,0,False,nsdp_full,16,6,,True
4,1037,320.72,False,nsdp_full,16,26,0,False,nsdp_full,16,35,,True
5,1037,320.72,False,nsdp_full,16,20,0,False,nsdp_full,16,13,,True
7,1037,320.72,False,nsdp_full,16,16,0,False,nsdp_full,16,16,,True
8,1037,320.72,False,nsdp_full,16,36,0,True,admitted,15,34,1143,False
2,1038,320.74,False,nsdp_full,16,15,0,False,nsdp_full,16,18,,True
3,1038,320.74,False,nsdp_full,16,5,0,False,nsdp_full,16,6,,True
4,1038,320.74,False,nsdp_full,16,26,0,False,nsdp_full,16,35,,True
5,1038,320.74,False,nsdp_full,16,20,0,False,nsdp_full,16,13,,True
7,1038,320.74,False,nsdp_full,16,16,0,False,nsdp_full,16,16,,True
8,1038,320.74,False,nsdp_full,16,36,0,False,nsdp_full,16,35,,True
2,1039,320.76,False,nsdp_full,16,15,0,False,nsdp_full,16,18,,True
3,1039,320.76,False,nsdp_full,16,5,0,False,nsdp_full,16,6,,True
4,1039,320.76,False,nsdp_full,16,26,0,False,nsdp_full,16,35,,True
5,1039,320.76,False,nsdp_full,16,20,0,False,nsdp_full,16,13,,True
7,1039,320.76,False,nsdp_full,16,16,0,False,nsdp_full,16,16,,True
8,1039,320.76,False,nsdp_full,16,36,0,False,nsdp_full,16,35,,True
2,1040,320.78,False,nsdp_full,16,15,0,False,nsdp_full,16,18,,True
3,1040,320.78,False,nsdp_full,16,5,0,False,nsdp_full,16,6,,True
4,1040,320.78,False,nsdp_full,16,26,0,False,nsdp_full,16,35,,True
5,1040,320.78,False,nsdp_full,16,20,0,False,nsdp_full,16,13,,True
7,1040,320.78,False,nsdp_full,16,16,0,False,nsdp_full,16,16,,True
8,1040,320.78,False,nsdp_full,16,36,0,False,nsdp_full,16,35,,True
2,1041,320.8,False,nsdp_full,16,15,0,False,nsdp_full,16,18,,True
3,1041,320.8,False,nsdp_full,16,5,0,False,nsdp_full,16,6,,True
4,1041,320.8,False,nsdp_full,16,27,0,False,nsdp_full,16,35,,True
5,1041,320.8,False,nsdp_full,16,20,0,False,nsdp_full,16,13,,True
7,1041,320.8,False,nsdp_full,16,16,0,False,nsdp_full,16,16,,True
8,1041,320.8,False,nsdp_full,16,36,0,False,nsdp_full,16,35,,True
2,1042,320.82,False,nsdp_full,16,15,0,False,nsdp_full,16,18,,True
3,1042,320.82,False,nsdp_full,16,5,0,False,nsdp_full,16,6,,True
4,1042,320.82,False,nsdp_full,16,27,0,False,nsdp_full,16,35,,True
5,1042,320.82,False,nsdp_full,16,20,0,False,nsdp_full,16,13,,True
7,1042,320.82,False,nsdp_full,16,16,0,False,nsdp_full,16,16,,True
8,1042,320.82,False,nsdp_full,16,36,0,False,nsdp_full,16,35,,True
2,1043,320.84,False,nsdp_full,16,15,0,False,nsdp_full,16,18,,True
3,1043,320.84,False,nsdp_full,16,5,0,False,nsdp_full,16,6,,True
4,1043,320.84,False,nsdp_full,16,27,0,False,nsdp_full,16,35,,True
5,1043,320.84,False,nsdp_full,16,20,0,False,nsdp_full,16,13,,True
7,1043,320.84,False,nsdp_full,16,16,0,False,nsdp_full,16,16,,True
8,1043,320.84,False,nsdp_full,16,36,0,False,nsdp_full,16,35,,True
2,1044,320.86,False,nsdp_full,16,15,0,False,nsdp_full,16,18,,True
3,1044,320.86,False,nsdp_full,16,5,0,False,nsdp_full,16,6,,True
4,1044,320.86,False,nsdp_full,16,27,0,False,nsdp_full,16,35,,True
5,1044,320.86,False,nsdp_full,16,20,0,False,nsdp_full,16,13,,True
7,1044,320.86,False,nsdp_full,16,16,0,False,nsdp_full,16,16,,True
8,1044,320.86,False,nsdp_full,16,36,0,False,nsdp_full,16,35,,True
2,1045,320.88,False,nsdp_full,16,15,0,False,nsdp_full,16,18,,True
3,1045,320.88,False,nsdp_full,16,5,0,False,nsdp_full,16,6,,True
4,1045,320.88,False,nsdp_full,16,27,0,False,nsdp_full,16,35,,True
5,1045,320.88,False,nsdp_full,16,20,0,False,nsdp_full,16,13,,True
7,1045,320.88,False,nsdp_full,16,16,0,False,nsdp_full,16,16,,True
8,1045,320.88,False,nsdp_full,16,36,0,False,nsdp_full,16,35,,True
2,1046,320.9,False,nsdp_full,16,15,0,False,nsdp_full,16,18,,True
3,1046,320.9,False,nsdp_full,16,5,0,False,nsdp_full,16,6,,True
4,1046,320.9,False,nsdp_full,16,27,0,False,nsdp_full,16,35,,True
5,1046,320.9,False,nsdp_full,16,20,0,False,nsdp_full,16,13,,True
7,1046,320.9,False,nsdp_full,16,16,0,False,nsdp_full,16,16,,True
8,1046,320.9,False,nsdp_full,16,36,0,False,nsdp_full,16,35,,True
2,1047,320.92,True,admitted,15,14,172,False,nsdp_full,16,18,,False
3,1047,320.92,False,nsdp_full,16,5,0,False,nsdp_full,16,6,,True
4,1047,320.92,False,nsdp_full,16,27,0,False,nsdp_full,16,35,,True
5,1047,320.92,False,nsdp_full,16,20,0,False,nsdp_full,16,13,,True
7,1047,320.92,False,nsdp_full,16,16,0,False,nsdp_full,16,16,,True
8,1047,320.92,False,nsdp_full,16,36,0,False,nsdp_full,16,35,,True
2,1048,320.94,False,nsdp_full,16,15,0,False,nsdp_full,16,18,,True
3,1048,320.94,False,nsdp_full,16,5,0,False,nsdp_full,16,6,,True
4,1048,320.94,False,nsdp_full,16,27,0,False,nsdp_full,16,35,,True
5,1048,320.94,False,nsdp_full,16,20,0,False,nsdp_full,16,13,,True
7,1048,320.94,False,nsdp_full,16,16,0,False,nsdp_full,16,16,,True
8,1048,320.94,False,nsdp_full,16,36,0,False,nsdp_full,16,35,,True
2,1049,320.96,False,nsdp_full,16,15,0,False,nsdp_full,16,18,,True
3,1049,320.96,True,admitted,15,4,173,False,nsdp_full,16,6,,False
4,1049,320.96,False,nsdp_full,16,27,0,False,nsdp_full,16,35,,True
5,1049,320.96,False,nsdp_full,16,20,0,False,nsdp_full,16,13,,True
7,1049,320.96,False,nsdp_full,16,16,0,False,nsdp_full,16,16,,True
8,1049,320.96,False,nsdp_full,16,36,0,False,nsdp_full,16,35,,True
2,1050,320.98,False,nsdp_full,16,15,0,False,nsdp_full,16,18,,True
3,1050,320.98,False,nsdp_full,16,5,0,False,nsdp_full,16,6,,True
4,1050,320.98,False,nsdp_full,16,27,0,False,nsdp_full,16,35,,True
5,1050,320.98,False,nsdp_full,16,20,0,False,nsdp_full,16,13,,True
7,1050,320.98,False,nsdp_full,16,16,0,False,nsdp_full,16,16,,True
8,1050,320.98,False,nsdp_full,16,36,0,False,nsdp_full,16,35,,True
2,1051,321,False,nsdp_full,16,15,0,False,nsdp_full,16,18,,True
3,1051,321,False,nsdp_full,16,5,0,False,nsdp_full,16,6,,True
4,1051,321,False,nsdp_full,16,27,0,False,nsdp_full,16,35,,True
5,1051,321,False,nsdp_full,16,20,0,False,nsdp_full,16,13,,True
7,1051,321,False,nsdp_full,16,16,0,False,nsdp_full,16,16,,True
8,1051,321,False,nsdp_full,16,36,0,False,nsdp_full,16,35,,True
2,1052,321.02,False,nsdp_full,16,15,0,False,nsdp_full,16,19,,True
3,1052,321.02,False,nsdp_full,16,5,0,False,nsdp_full,16,6,,True
4,1052,321.02,False,nsdp_full,16,27,0,False,nsdp_full,16,35,,True
5,1052,321.02,False,nsdp_full,16,20,0,False,nsdp_full,16,13,,True
7,1052,321.02,False,nsdp_full,16,16,0,False,nsdp_full,16,16,,True
8,1052,321.02,False,nsdp_full,16,36,0,False,nsdp_full,16,35,,True
2,1053,321.04,False,nsdp_full,16,15,0,False,nsdp_full,16,19,,True
3,1053,321.04,False,nsdp_full,16,5,0,False,nsdp_full,16,6,,True
4,1053,321.04,False,nsdp_full,16,27,0,False,nsdp_full,16,35,,True
5,1053,321.04,False,nsdp_full,16,20,0,False,nsdp_full,16,13,,True
7,1053,321.04,False,nsdp_full,16,16,0,False,nsdp_full,16,16,,True
8,1053,321.04,False,nsdp_full,16,36,0,False,nsdp_full,16,35,,True
2,1054,321.06,False,nsdp_full,16,15,0,False,nsdp_full,16,19,,True
3,1054,321.06,False,nsdp_full,16,5,0,False,nsdp_full,16,6,,True
4,1054,321.06,False,nsdp_full,16,27,0,False,nsdp_full,16,35,,True
5,1054,321.06,False,nsdp_full,16,20,0,False,nsdp_full,16,13,,True
7,1054,321.06,False,nsdp_full,16,16,0,False,nsdp_full,16,16,,True
8,1054,321.06,False,nsdp_full,16,36,0,False,nsdp_full,16,35,,True
2,1055,321.08,False,nsdp_full,16,15,0,False,nsdp_full,16,19,,True
3,1055,321.08,False,nsdp_full,16,5,0,False,nsdp_full,16,6,,True
4,1055,321.08,False,nsdp_full,16,27,0,False,nsdp_full,16,35,,True
5,1055,321.08,False,nsdp_full,16,20,0,False,nsdp_full,16,13,,True
7,1055,321.08,False,nsdp_full,16,16,0,False,nsdp_full,16,16,,True
8,1055,321.08,False,nsdp_full,16,36,0,False,nsdp_full,16,35,,True
2,1056,321.1,False,nsdp_full,16,15,0,False,nsdp_full,16,19,,True
3,1056,321.1,False,nsdp_full,16,5,0,False,nsdp_full,16,6,,True
4,1056,321.1,False,nsdp_full,16,27,0,False,nsdp_full,16,35,,True
5,1056,321.1,False,nsdp_full,16,20,0,False,nsdp_full,16,13,,True
7,1056,321.1,False,nsdp_full,16,16,0,False,nsdp_full,16,16,,True
8,1056,321.1,False,nsdp_full,16,36,0,False,nsdp_full,16,35,,True
2,1057,321.12,False,nsdp_full,16,15,0,False,nsdp_full,16,19,,True
3,1057,321.12,False,nsdp_full,16,5,0,False,nsdp_full,16,6,,True
4,1057,321.12,False,nsdp_full,16,27,0,False,nsdp_full,16,35,,True
5,1057,321.12,False,nsdp_full,16,20,0,False,nsdp_full,16,13,,True
7,1057,321.12,False,nsdp_full,16,16,0,False,nsdp_full,16,16,,True
8,1057,321.12,False,nsdp_full,16,36,0,False,nsdp_full,16,35,,True
2,1058,321.14,False,nsdp_full,16,15,0,False,nsdp_full,16,19,,True
3,1058,321.14,False,nsdp_full,16,5,0,False,nsdp_full,16,6,,True
4,1058,321.14,False,nsdp_full,16,27,0,False,nsdp_full,16,35,,True
5,1058,321.14,False,nsdp_full,16,20,0,False,nsdp_full,16,13,,True
7,1058,321.14,False,nsdp_full,16,16,0,False,nsdp_full,16,16,,True
8,1058,321.14,False,nsdp_full,16,36,0,False,nsdp_full,16,35,,True
2,1059,321.16,False,nsdp_full,16,15,0,False,nsdp_full,16,19,,True
3,1059,321.16,False,nsdp_full,16,5,0,False,nsdp_full,16,6,,True
4,1059,321.16,False,nsdp_full,16,27,0,False,nsdp_full,16,35,,True
5,1059,321.16,False,nsdp_full,16,20,0,False,nsdp_full,16,13,,True
7,1059,321.16,False,nsdp_full,16,16,0,False,nsdp_full,16,16,,True
8,1059,321.16,False,nsdp_full,16,36,0,False,nsdp_full,16,35,,True
2,1060,321.18,False,nsdp_full,16,15,0,False,nsdp_full,16,19,,True
3,1060,321.18,False,nsdp_full,16,5,0,False,nsdp_full,16,6,,True
4,1060,321.18,False,nsdp_full,16,27,0,False,nsdp_full,16,35,,True
5,1060,321.18,False,nsdp_full,16,20,0,False,nsdp_full,16,13,,True
7,1060,321.18,False,nsdp_full,16,16,0,False,nsdp_full,16,16,,True
8,1060,321.18,False,nsdp_full,16,36,0,False,nsdp_full,16,35,,True
2,1061,321.2,False,nsdp_full,16,15,0,False,nsdp_full,16,19,,True
3,1061,321.2,False,nsdp_full,16,5,0,False,nsdp_full,16,6,,True
4,1061,321.2,False,nsdp_full,16,27,0,False,nsdp_full,16,35,,True
5,1061,321.2,False,nsdp_full,16,20,0,False,nsdp_full,16,13,,True
7,1061,321.2,False,nsdp_full,16,16,0,False,nsdp_full,16,16,,True
8,1061,321.2,False,nsdp_full,16,36,0,False,nsdp_full,16,35,,True
2,1062,321.22,False,nsdp_full,16,15,0,False,nsdp_full,16,19,,True
3,1062,321.22,False,nsdp_full,16,5,0,False,nsdp_full,16,6,,True
4,1062,321.22,False,nsdp_full,16,27,0,False,nsdp_full,16,35,,True
5,1062,321.22,False,nsdp_full,16,20,0,False,nsdp_full,16,13,,True
7,1062,321.22,False,nsdp_full,16,16,0,False,nsdp_full,16,16,,True
8,1062,321.22,False,nsdp_full,16,36,0,True,admitted,15,34,1147,False
2,1063,321.24,False,nsdp_full,16,15,0,False,nsdp_full,16,19,,True
3,1063,321.24,False,nsdp_full,16,5,0,False,nsdp_full,16,6,,True
4,1063,321.24,False,nsdp_full,16,27,0,False,nsdp_full,16,35,,True
5,1063,321.24,False,nsdp_full,16,20,0,False,nsdp_full,16,13,,True
7,1063,321.24,False,nsdp_full,16,16,0,False,nsdp_full,16,16,,True
8,1063,321.24,False,nsdp_full,16,36,0,False,nsdp_full,16,35,,True
2,1064,321.26,False,nsdp_full,16,15,0,False,nsdp_full,16,19,,True
3,1064,321.26,False,nsdp_full,16,5,0,False,nsdp_full,16,6,,True
4,1064,321.26,False,nsdp_full,16,27,0,False,nsdp_full,16,35,,True
5,1064,321.26,False,nsdp_full,16,20,0,False,nsdp_full,16,13,,True
7,1064,321.26,False,nsdp_full,16,16,0,False,nsdp_full,16,16,,True
8,1064,321.26,False,nsdp_full,16,36,0,False,nsdp_full,16,35,,True
2,1065,321.28,False,nsdp_full,16,15,0,False,nsdp_full,16,19,,True
3,1065,321.28,False,nsdp_full,16,5,0,False,nsdp_full,16,6,,True
4,1065,321.28,False,nsdp_full,16,27,0,False,nsdp_full,16,35,,True
5,1065,321.28,False,nsdp_full,16,20,0,False,nsdp_full,16,13,,True
7,1065,321.28,False,nsdp_full,16,16,0,False,nsdp_full,16,16,,True
8,1065,321.28,False,nsdp_full,16,36,0,False,nsdp_full,16,35,,True
2,1066,321.3,False,nsdp_full,16,15,0,False,nsdp_full,16,19,,True
3,1066,321.3,False,nsdp_full,16,5,0,False,nsdp_full,16,6,,True
4,1066,321.3,False,nsdp_full,16,27,0,False,nsdp_full,16,35,,True
5,1066,321.3,False,nsdp_full,16,20,0,False,nsdp_full,16,13,,True
7,1066,321.3,False,nsdp_full,16,16,0,False,nsdp_full,16,16,,True
8,1066,321.3,False,nsdp_full,16,36,0,False,nsdp_full,16,35,,True
2,1067,321.32,False,nsdp_full,16,15,0,False,nsdp_full,16,19,,True
3,1067,321.32,False,nsdp_full,16,5,0,False,nsdp_full,16,6,,True
4,1067,321.32,False,nsdp_full,16,27,0,False,nsdp_full,16,35,,True
5,1067,321.32,False,nsdp_full,16,20,0,False,nsdp_full,16,13,,True
7,1067,321.32,False,nsdp_full,16,16,0,False,nsdp_full,16,16,,True
8,1067,321.32,False,nsdp_full,16,36,0,False,nsdp_full,16,35,,True
2,1068,321.34,False,nsdp_full,16,15,0,False,nsdp_full,16,19,,True
3,1068,321.34,False,nsdp_full,16,5,0,False,nsdp_full,16,6,,True
4,1068,321.34,False,nsdp_full,16,27,0,False,nsdp_full,16,35,,True
5,1068,321.34,False,nsdp_full,16,20,0,False,nsdp_full,16,13,,True
7,1068,321.34,False,nsdp_full,16,16,0,False,nsdp_full,16,16,,True
8,1068,321.34,False,nsdp_full,16,36,0,False,nsdp_full,16,35,,True
2,1069,321.36,False,nsdp_full,16,15,0,False,nsdp_full,16,19,,True
3,1069,321.36,False,nsdp_full,16,5,0,False,nsdp_full,16,6,,True
4,1069,321.36,False,nsdp_full,16,27,0,False,nsdp_full,16,35,,True
5,1069,321.36,False,nsdp_full,16,20,0,False,nsdp_full,16,13,,True
7,1069,321.36,False,nsdp_full,16,16,0,False,nsdp_full,16,16,,True
8,1069,321.36,False,nsdp_full,16,36,0,False,nsdp_full,16,35,,True
2,1070,321.38,False,nsdp_full,16,15,0,False,nsdp_full,16,19,,True
3,1070,321.38,False,nsdp_full,16,5,0,False,nsdp_full,16,6,,True
4,1070,321.38,False,nsdp_full,16,27,0,False,nsdp_full,16,35,,True
5,1070,321.38,True,admitted,15,19,174,False,nsdp_full,16,13,,False
7,1070,321.38,False,nsdp_full,16,16,0,False,nsdp_full,16,16,,True
8,1070,321.38,False,nsdp_full,16,36,0,False,nsdp_full,16,35,,True
2,1071,321.4,False,nsdp_full,16,15,0,False,nsdp_full,16,19,,True
3,1071,321.4,False,nsdp_full,16,5,0,False,nsdp_full,16,6,,True
4,1071,321.4,False,nsdp_full,16,27,0,False,nsdp_full,16,35,,True
5,1071,321.4,False,nsdp_full,16,20,0,False,nsdp_full,16,13,,True
7,1071,321.4,False,nsdp_full,16,16,0,False,nsdp_full,16,16,,True
8,1071,321.4,False,nsdp_full,16,36,0,False,nsdp_full,16,35,,True
2,1072,321.42,False,nsdp_full,16,15,0,False,nsdp_full,16,19,,True
3,1072,321.42,False,nsdp_full,16,5,0,True,admitted,14,3,1148,False
4,1072,321.42,False,nsdp_full,16,27,0,False,nsdp_full,16,35,,True
5,1072,321.42,False,nsdp_full,16,20,0,False,nsdp_full,16,13,,True
7,1072,321.42,False,nsdp_full,16,16,0,False,nsdp_full,16,16,,True
8,1072,321.42,False,nsdp_full,16,36,0,False,nsdp_full,16,35,,True
2,1073,321.44,False,nsdp_full,16,15,0,False,nsdp_full,16,19,,True
3,1073,321.44,False,nsdp_full,16,5,0,True,admitted,15,4,1149,False
4,1073,321.44,False,nsdp_full,16,27,0,False,nsdp_full,16,35,,True
5,1073,321.44,False,nsdp_full,16,20,0,False,nsdp_full,16,13,,True
7,1073,321.44,False,nsdp_full,16,16,0,False,nsdp_full,16,16,,True
8,1073,321.44,False,nsdp_full,16,36,0,False,nsdp_full,16,35,,True
2,1074,321.46,False,nsdp_full,16,15,0,False,nsdp_full,16,19,,True
3,1074,321.46,False,nsdp_full,16,5,0,False,nsdp_full,16,5,,True
4,1074,321.46,False,nsdp_full,16,27,0,False,nsdp_full,16,35,,True
5,1074,321.46,False,nsdp_full,16,20,0,False,nsdp_full,16,13,,True
7,1074,321.46,False,nsdp_full,16,16,0,False,nsdp_full,16,16,,True
8,1074,321.46,False,nsdp_full,16,36,0,False,nsdp_full,16,35,,True
2,1075,321.48,False,nsdp_full,16,15,0,False,nsdp_full,16,19,,True
3,1075,321.48,False,nsdp_full,16,5,0,False,nsdp_full,16,5,,True
4,1075,321.48,False,nsdp_full,16,27,0,False,nsdp_full,16,35,,True
5,1075,321.48,False,nsdp_full,16,20,0,False,nsdp_full,16,13,,True
7,1075,321.48,False,nsdp_full,16,16,0,False,nsdp_full,16,16,,True
8,1075,321.48,False,nsdp_full,16,36,0,False,nsdp_full,16,35,,True
2,1076,321.5,False,nsdp_full,16,15,0,False,nsdp_full,16,19,,True
3,1076,321.5,False,nsdp_full,16,5,0,False,nsdp_full,16,5,,True
4,1076,321.5,False,nsdp_full,16,27,0,False,nsdp_full,16,35,,True
5,1076,321.5,False,nsdp_full,16,20,0,False,nsdp_full,16,13,,True
7,1076,321.5,False,nsdp_full,16,16,0,False,nsdp_full,16,16,,True
8,1076,321.5,False,nsdp_full,16,36,0,False,nsdp_full,16,35,,True
2,1077,321.52,False,nsdp_full,16,15,0,False,nsdp_full,16,19,,True
3,1077,321.52,False,nsdp_full,16,5,0,False,nsdp_full,16,5,,True
4,1077,321.52,False,nsdp_full,16,27,0,False,nsdp_full,16,35,,True
5,1077,321.52,False,nsdp_full,16,20,0,False,nsdp_full,16,13,,True
7,1077,321.52,False,nsdp_full,16,16,0,False,nsdp_full,16,16,,True
8,1077,321.52,False,nsdp_full,16,36,0,False,nsdp_full,16,35,,True
2,1078,321.54,False,nsdp_full,16,15,0,False,nsdp_full,16,19,,True
3,1078,321.54,False,nsdp_full,16,5,0,False,nsdp_full,16,5,,True
4,1078,321.54,False,nsdp_full,16,27,0,False,nsdp_full,16,35,,True
5,1078,321.54,False,nsdp_full,16,20,0,False,nsdp_full,16,13,,True
7,1078,321.54,False,nsdp_full,16,16,0,False,nsdp_full,16,16,,True
8,1078,321.54,False,nsdp_full,16,36,0,False,nsdp_full,16,35,,True
2,1079,321.56,False,nsdp_full,16,15,0,False,nsdp_full,16,19,,True
3,1079,321.56,False,nsdp_full,16,5,0,False,nsdp_full,16,5,,True
4,1079,321.56,False,nsdp_full,16,27,0,False,nsdp_full,16,35,,True
5,1079,321.56,False,nsdp_full,16,20,0,False,nsdp_full,16,13,,True
7,1079,321.56,False,nsdp_full,16,16,0,False,nsdp_full,16,16,,True
8,1079,321.56,False,nsdp_full,16,36,0,False,nsdp_full,16,35,,True
2,1080,321.58,False,nsdp_full,16,16,0,False,nsdp_full,16,19,,True
3,1080,321.58,False,nsdp_full,16,5,0,False,nsdp_full,16,5,,True
4,1080,321.58,False,nsdp_full,16,27,0,False,nsdp_full,16,35,,True
5,1080,321.58,False,nsdp_full,16,20,0,False,nsdp_full,16,13,,True
7,1080,321.58,False,nsdp_full,16,16,0,False,nsdp_full,16,16,,True
8,1080,321.58,False,nsdp_full,16,36,0,False,nsdp_full,16,35,,True
2,1081,321.6,False,nsdp_full,16,16,0,False,nsdp_full,16,19,,True
3,1081,321.6,False,nsdp_full,16,5,0,False,nsdp_full,16,5,,True
4,1081,321.6,False,nsdp_full,16,27,0,False,nsdp_full,16,35,,True
5,1081,321.6,False,nsdp_full,16,20,0,False,nsdp_full,16,13,,True
7,1081,321.6,False,nsdp_full,16,16,0,False,nsdp_full,16,16,,True
8,1081,321.6,False,nsdp_full,16,36,0,False,nsdp_full,16,35,,True
2,1082,321.62,False,nsdp_full,16,16,0,False,nsdp_full,16,19,,True
3,1082,321.62,False,nsdp_full,16,5,0,False,nsdp_full,16,5,,True
4,1082,321.62,False,nsdp_full,16,27,0,False,nsdp_full,16,35,,True
5,1082,321.62,False,nsdp_full,16,20,0,False,nsdp_full,16,13,,True
7,1082,321.62,False,nsdp_full,16,16,0,False,nsdp_full,16,16,,True
8,1082,321.62,False,nsdp_full,16,36,0,False,nsdp_full,16,35,,True
2,1083,321.64,False,nsdp_full,16,16,0,False,nsdp_full,16,19,,True
3,1083,321.64,False,nsdp_full,16,5,0,False,nsdp_full,16,5,,True
4,1083,321.64,False,nsdp_full,16,27,0,False,nsdp_full,16,35,,True
5,1083,321.64,False,nsdp_full,16,20,0,False,nsdp_full,16,13,,True
7,1083,321.64,False,nsdp_full,16,16,0,False,nsdp_full,16,16,,True
8,1083,321.64,False,nsdp_full,16,36,0,False,nsdp_full,16,35,,True
2,1084,321.66,False,nsdp_full,16,16,0,False,nsdp_full,16,19,,True
3,1084,321.66,False,nsdp_full,16,5,0,False,nsdp_full,16,5,,True
4,1084,321.66,False,nsdp_full,16,27,0,False,nsdp_full,16,35,,True
5,1084,321.66,False,nsdp_full,16,20,0,False,nsdp_full,16,13,,True
7,1084,321.66,False,nsdp_full,16,16,0,False,nsdp_full,16,16,,True
8,1084,321.66,False,nsdp_full,16,36,0,False,nsdp_full,16,35,,True
2,1085,321.68,False,nsdp_full,16,16,0,False,nsdp_full,16,19,,True
3,1085,321.68,False,nsdp_full,16,5,0,False,nsdp_full,16,5,,True
4,1085,321.68,False,nsdp_full,16,27,0,False,nsdp_full,16,35,,True
5,1085,321.68,False,nsdp_full,16,20,0,False,nsdp_full,16,13,,True
7,1085,321.68,False,nsdp_full,16,16,0,False,nsdp_full,16,16,,True
8,1085,321.68,False,nsdp_full,16,36,0,False,nsdp_full,16,35,,True
2,1086,321.7,False,nsdp_full,16,16,0,False,nsdp_full,16,19,,True
3,1086,321.7,False,nsdp_full,16,5,0,False,nsdp_full,16,5,,True
4,1086,321.7,False,nsdp_full,16,27,0,False,nsdp_full,16,35,,True
5,1086,321.7,False,nsdp_full,16,20,0,False,nsdp_full,16,13,,True
7,1086,321.7,False,nsdp_full,16,16,0,False,nsdp_full,16,16,,True
8,1086,321.7,False,nsdp_full,16,36,0,False,nsdp_full,16,35,,True
2,1087,321.72,False,nsdp_full,16,16,0,False,nsdp_full,16,19,,True
3,1087,321.72,False,nsdp_full,16,5,0,False,nsdp_full,16,5,,True
4,1087,321.72,False,nsdp_full,16,27,0,False,nsdp_full,16,35,,True
5,1087,321.72,False,nsdp_full,16,20,0,False,nsdp_full,16,13,,True
7,1087,321.72,False,nsdp_full,16,16,0,False,nsdp_full,16,16,,True
8,1087,321.72,False,nsdp_full,16,36,0,False,nsdp_full,16,35,,True
2,1088,321.74,False,nsdp_full,16,16,0,False,nsdp_full,16,19,,True
3,1088,321.74,False,nsdp_full,16,5,0,False,nsdp_full,16,5,,True
4,1088,321.74,False,nsdp_full,16,27,0,False,nsdp_full,16,35,,True
5,1088,321.74,False,nsdp_full,16,20,0,False,nsdp_full,16,13,,True
7,1088,321.74,False,nsdp_full,16,16,0,False,nsdp_full,16,16,,True
8,1088,321.74,False,nsdp_full,16,36,0,False,nsdp_full,16,35,,True
2,1089,321.76,False,nsdp_full,16,16,0,False,nsdp_full,16,19,,True
3,1089,321.76,False,nsdp_full,16,5,0,False,nsdp_full,16,5,,True
4,1089,321.76,False,nsdp_full,16,27,0,False,nsdp_full,16,35,,True
5,1089,321.76,False,nsdp_full,16,20,0,False,nsdp_full,16,13,,True
7,1089,321.76,False,nsdp_full,16,16,0,False,nsdp_full,16,16,,True
8,1089,321.76,False,nsdp_full,16,36,0,False,nsdp_full,16,35,,True
2,1090,321.78,False,nsdp_full,16,16,0,False,nsdp_full,16,19,,True
3,1090,321.78,False,nsdp_full,16,5,0,True,admitted,15,4,1151,False
4,1090,321.78,False,nsdp_full,16,27,0,False,nsdp_full,16,35,,True
5,1090,321.78,False,nsdp_full,16,20,0,False,nsdp_full,16,13,,True
7,1090,321.78,False,nsdp_full,16,16,0,False,nsdp_full,16,16,,True
8,1090,321.78,False,nsdp_full,16,36,0,False,nsdp_full,16,35,,True
2,1091,321.8,False,nsdp_full,16,16,0,False,nsdp_full,16,19,,True
3,1091,321.8,False,nsdp_full,16,5,0,False,nsdp_full,16,5,,True
4,1091,321.8,False,nsdp_full,16,27,0,False,nsdp_full,16,35,,True
5,1091,321.8,False,nsdp_full,16,20,0,False,nsdp_full,16,13,,True
7,1091,321.8,False,nsdp_full,16,16,0,False,nsdp_full,16,16,,True
8,1091,321.8,False,nsdp_full,16,36,0,False,nsdp_full,16,35,,True
2,1092,321.82,False,nsdp_full,16,16,0,False,nsdp_full,16,19,,True
3,1092,321.82,False,nsdp_full,16,5,0,False,nsdp_full,16,5,,True
4,1092,321.82,False,nsdp_full,16,27,0,False,nsdp_full,16,35,,True
5,1092,321.82,False,nsdp_full,16,20,0,False,nsdp_full,16,13,,True
7,1092,321.82,False,nsdp_full,16,16,0,False,nsdp_full,16,16,,True
8,1092,321.82,False,nsdp_full,16,36,0,False,nsdp_full,16,35,,True
2,1093,321.84,False,nsdp_full,16,16,0,False,nsdp_full,16,19,,True
3,1093,321.84,False,nsdp_full,16,5,0,False,nsdp_full,16,5,,True
4,1093,321.84,False,nsdp_full,16,27,0,False,nsdp_full,16,35,,True
5,1093,321.84,False,nsdp_full,16,20,0,False,nsdp_full,16,13,,True
7,1093,321.84,False,nsdp_full,16,16,0,False,nsdp_full,16,16,,True
8,1093,321.84,False,nsdp_full,16,36,0,False,nsdp_full,16,35,,True
2,1094,321.86,False,nsdp_full,16,16,0,False,nsdp_full,16,19,,True
3,1094,321.86,False,nsdp_full,16,5,0,False,nsdp_full,16,5,,True
4,1094,321.86,False,nsdp_full,16,27,0,False,nsdp_full,16,35,,True
5,1094,321.86,False,nsdp_full,16,20,0,False,nsdp_full,16,13,,True
7,1094,321.86,False,nsdp_full,16,16,0,False,nsdp_full,16,16,,True
8,1094,321.86,False,nsdp_full,16,36,0,False,nsdp_full,16,35,,True
2,1095,321.88,False,nsdp_full,16,16,0,False,nsdp_full,16,19,,True
3,1095,321.88,False,nsdp_full,16,5,0,False,nsdp_full,16,5,,True
4,1095,321.88,False,nsdp_full,16,27,0,False,nsdp_full,16,35,,True
5,1095,321.88,False,nsdp_full,16,20,0,False,nsdp_full,16,13,,True
7,1095,321.88,False,nsdp_full,16,16,0,False,nsdp_full,16,16,,True
8,1095,321.88,False,nsdp_full,16,36,0,False,nsdp_full,16,35,,True
2,1096,321.9,False,nsdp_full,16,16,0,False,nsdp_full,16,19,,True
3,1096,321.9,False,nsdp_full,16,5,0,False,nsdp_full,16,5,,True
4,1096,321.9,False,nsdp_full,16,27,0,False,nsdp_full,16,35,,True
5,1096,321.9,False,nsdp_full,16,20,0,False,nsdp_full,16,13,,True
7,1096,321.9,False,nsdp_full,16,16,0,False,nsdp_full,16,16,,True
8,1096,321.9,False,nsdp_full,16,36,0,False,nsdp_full,16,35,,True
2,1097,321.92,False,nsdp_full,16,16,0,False,nsdp_full,16,19,,True
3,1097,321.92,False,nsdp_full,16,5,0,False,nsdp_full,16,5,,True
4,1097,321.92,False,nsdp_full,16,27,0,False,nsdp_full,16,35,,True
5,1097,321.92,False,nsdp_full,16,20,0,False,nsdp_full,16,13,,True
7,1097,321.92,False,nsdp_full,16,16,0,False,nsdp_full,16,16,,True
8,1097,321.92,False,nsdp_full,16,36,0,False,nsdp_full,16,35,,True
2,1098,321.94,False,nsdp_full,16,16,0,False,nsdp_full,16,19,,True
3,1098,321.94,False,nsdp_full,16,5,0,False,nsdp_full,16,5,,True
4,1098,321.94,False,nsdp_full,16,27,0,False,nsdp_full,16,35,,True
5,1098,321.94,False,nsdp_full,16,20,0,False,nsdp_full,16,13,,True
7,1098,321.94,False,nsdp_full,16,16,0,False,nsdp_full,16,16,,True
8,1098,321.94,False,nsdp_full,16,36,0,False,nsdp_full,16,35,,True
2,1099,321.96,False,nsdp_full,16,16,0,False,nsdp_full,16,19,,True
3,1099,321.96,False,nsdp_full,16,5,0,False,nsdp_full,16,5,,True
4,1099,321.96,False,nsdp_full,16,27,0,False,nsdp_full,16,35,,True
5,1099,321.96,False,nsdp_full,16,20,0,False,nsdp_full,16,13,,True
7,1099,321.96,False,nsdp_full,16,16,0,False,nsdp_full,16,16,,True
8,1099,321.96,False,nsdp_full,16,36,0,False,nsdp_full,16,35,,True
2,1100,321.98,False,nsdp_full,16,16,0,False,nsdp_full,16,19,,True
3,1100,321.98,False,nsdp_full,16,5,0,False,nsdp_full,16,5,,True
4,1100,321.98,False,nsdp_full,16,27,0,False,nsdp_full,16,35,,True
5,1100,321.98,False,nsdp_full,16,20,0,False,nsdp_full,16,13,,True
7,1100,321.98,False,nsdp_full,16,16,0,False,nsdp_full,16,16,,True
8,1100,321.98,False,nsdp_full,16,36,0,False,nsdp_full,16,35,,True
2,1101,322,False,nsdp_full,16,16,0,False,nsdp_full,16,19,,True
3,1101,322,False,nsdp_full,16,5,0,False,nsdp_full,16,5,,True
4,1101,322,False,nsdp_full,16,27,0,False,nsdp_full,16,35,,True
5,1101,322,False,nsdp_full,16,20,0,False,nsdp_full,16,13,,True
7,1101,322,False,nsdp_full,16,16,0,False,nsdp_full,16,16,,True
8,1101,322,False,nsdp_full,16,36,0,False,nsdp_full,16,35,,True
2,1102,322.02,False,nsdp_full,16,16,0,False,nsdp_full,16,19,,True
3,1102,322.02,False,nsdp_full,16,5,0,False,nsdp_full,16,5,,True
4,1102,322.02,False,nsdp_full,16,27,0,False,nsdp_full,16,35,,True
5,1102,322.02,False,nsdp_full,16,20,0,False,nsdp_full,16,13,,True
7,1102,322.02,False,nsdp_full,16,16,0,False,nsdp_full,16,16,,True
8,1102,322.02,False,nsdp_full,16,36,0,False,nsdp_full,16,35,,True
2,1103,322.04,False,nsdp_full,16,16,0,False,nsdp_full,16,19,,True
3,1103,322.04,False,nsdp_full,16,5,0,False,nsdp_full,16,5,,True
4,1103,322.04,False,nsdp_full,16,27,0,False,nsdp_full,16,35,,True
5,1103,322.04,False,nsdp_full,16,20,0,False,nsdp_full,16,13,,True
7,1103,322.04,False,nsdp_full,16,16,0,False,nsdp_full,16,16,,True
8,1103,322.04,False,nsdp_full,16,36,0,False,nsdp_full,16,35,,True
2,1104,322.06,False,nsdp_full,16,16,0,False,nsdp_full,16,19,,True
3,1104,322.06,False,nsdp_full,16,5,0,False,nsdp_full,16,5,,True
4,1104,322.06,False,nsdp_full,16,27,0,False,nsdp_full,16,35,,True
5,1104,322.06,False,nsdp_full,16,20,0,False,nsdp_full,16,13,,True
7,1104,322.06,False,nsdp_full,16,16,0,False,nsdp_full,16,16,,True
8,1104,322.06,False,nsdp_full,16,36,0,False,nsdp_full,16,35,,True
2,1105,322.08,False,nsdp_full,16,16,0,False,nsdp_full,16,19,,True
3,1105,322.08,False,nsdp_full,16,5,0,False,nsdp_full,16,5,,True
4,1105,322.08,False,nsdp_full,16,27,0,False,nsdp_full,16,35,,True
5,1105,322.08,False,nsdp_full,16,20,0,False,nsdp_full,16,13,,True
7,1105,322.08,False,nsdp_full,16,16,0,False,nsdp_full,16,16,,True
8,1105,322.08,False,nsdp_full,16,36,0,False,nsdp_full,16,35,,True
2,1106,322.1,False,nsdp_full,16,16,0,False,nsdp_full,16,19,,True
3,1106,322.1,False,nsdp_full,16,5,0,False,nsdp_full,16,5,,True
4,1106,322.1,False,nsdp_full,16,27,0,False,nsdp_full,16,35,,True
5,1106,322.1,False,nsdp_full,16,20,0,False,nsdp_full,16,13,,True
7,1106,322.1,False,nsdp_full,16,16,0,False,nsdp_full,16,16,,True
8,1106,322.1,False,nsdp_full,16,36,0,False,nsdp_full,16,35,,True
2,1107,322.12,False,nsdp_full,16,16,0,False,nsdp_full,16,19,,True
3,1107,322.12,False,nsdp_full,16,5,0,False,nsdp_full,16,5,,True
4,1107,322.12,False,nsdp_full,16,27,0,False,nsdp_full,16,35,,True
5,1107,322.12,False,nsdp_full,16,20,0,False,nsdp_full,16,13,,True
7,1107,322.12,False,nsdp_full,16,16,0,False,nsdp_full,16,16,,True
8,1107,322.12,True,admitted,15,34,175,False,nsdp_full,16,35,,False
2,1108,322.14,False,nsdp_full,16,16,0,False,nsdp_full,16,19,,True
3,1108,322.14,False,nsdp_full,16,5,0,False,nsdp_full,16,5,,True
4,1108,322.14,False,nsdp_full,16,27,0,False,nsdp_full,16,35,,True
5,1108,322.14,False,nsdp_full,16,20,0,False,nsdp_full,16,13,,True
7,1108,322.14,False,nsdp_full,16,16,0,False,nsdp_full,16,16,,True
8,1108,322.14,False,nsdp_full,16,35,0,False,nsdp_full,16,35,,True
2,1109,322.16,False,nsdp_full,16,16,0,False,nsdp_full,16,19,,True
3,1109,322.16,False,nsdp_full,16,5,0,False,nsdp_full,16,5,,True
4,1109,322.16,False,nsdp_full,16,27,0,False,nsdp_full,16,35,,True
5,1109,322.16,False,nsdp_full,16,20,0,False,nsdp_full,16,13,,True
7,1109,322.16,False,nsdp_full,16,16,0,False,nsdp_full,16,16,,True
8,1109,322.16,False,nsdp_full,16,35,0,False,nsdp_full,16,35,,True
2,1110,322.18,False,nsdp_full,16,16,0,False,nsdp_full,16,19,,True
3,1110,322.18,False,nsdp_full,16,5,0,False,nsdp_full,16,5,,True
4,1110,322.18,False,nsdp_full,16,27,0,False,nsdp_full,16,35,,True
5,1110,322.18,False,nsdp_full,16,20,0,False,nsdp_full,16,13,,True
7,1110,322.18,False,nsdp_full,16,16,0,False,nsdp_full,16,16,,True
8,1110,322.18,False,nsdp_full,16,35,0,False,nsdp_full,16,35,,True
2,1111,322.2,False,nsdp_full,16,16,0,False,nsdp_full,16,19,,True
3,1111,322.2,False,nsdp_full,16,5,0,False,nsdp_full,16,5,,True
4,1111,322.2,False,nsdp_full,16,27,0,False,nsdp_full,16,35,,True
5,1111,322.2,False,nsdp_full,16,20,0,False,nsdp_full,16,13,,True
7,1111,322.2,False,nsdp_full,16,16,0,False,nsdp_full,16,16,,True
8,1111,322.2,False,nsdp_full,16,35,0,False,nsdp_full,16,35,,True
2,1112,322.22,False,nsdp_full,16,16,0,False,nsdp_full,16,19,,True
3,1112,322.22,False,nsdp_full,16,5,0,False,nsdp_full,16,5,,True
4,1112,322.22,False,nsdp_full,16,27,0,False,nsdp_full,16,35,,True
5,1112,322.22,False,nsdp_full,16,20,0,False,nsdp_full,16,13,,True
7,1112,322.22,False,nsdp_full,16,16,0,False,nsdp_full,16,16,,True
8,1112,322.22,False,nsdp_full,16,35,0,False,nsdp_full,16,35,,True
2,1113,322.24,False,nsdp_full,16,16,0,False,nsdp_full,16,19,,True
3,1113,322.24,False,nsdp_full,16,5,0,False,nsdp_full,16,5,,True
4,1113,322.24,False,nsdp_full,16,27,0,False,nsdp_full,16,35,,True
5,1113,322.24,False,nsdp_full,16,20,0,False,nsdp_full,16,13,,True
7,1113,322.24,False,nsdp_full,16,16,0,False,nsdp_full,16,16,,True
8,1113,322.24,False,nsdp_full,16,35,0,False,nsdp_full,16,35,,True
2,1114,322.26,False,nsdp_full,16,16,0,False,nsdp_full,16,19,,True
3,1114,322.26,False,nsdp_full,16,5,0,False,nsdp_full,16,5,,True
4,1114,322.26,False,nsdp_full,16,27,0,False,nsdp_full,16,35,,True
5,1114,322.26,False,nsdp_full,16,20,0,False,nsdp_full,16,13,,True
7,1114,322.26,False,nsdp_full,16,16,0,False,nsdp_full,16,16,,True
8,1114,322.26,False,nsdp_full,16,35,0,False,nsdp_full,16,35,,True
2,1115,322.28,False,nsdp_full,16,16,0,False,nsdp_full,16,19,,True
3,1115,322.28,False,nsdp_full,16,5,0,False,nsdp_full,16,5,,True
4,1115,322.28,False,nsdp_full,16,27,0,False,nsdp_full,16,35,,True
5,1115,322.28,False,nsdp_full,16,20,0,True,admitted,15,12,1153,False
7,1115,322.28,False,nsdp_full,16,16,0,False,nsdp_full,16,16,,True
8,1115,322.28,False,nsdp_full,16,35,0,False,nsdp_full,16,35,,True
2,1116,322.3,False,nsdp_full,16,16,0,False,nsdp_full,16,19,,True
3,1116,322.3,False,nsdp_full,16,5,0,False,nsdp_full,16,5,,True
4,1116,322.3,False,nsdp_full,16,27,0,False,nsdp_full,16,35,,True
5,1116,322.3,False,nsdp_full,16,20,0,False,nsdp_full,16,13,,True
7,1116,322.3,False,nsdp_full,16,16,0,False,nsdp_full,16,16,,True
8,1116,322.3,False,nsdp_full,16,35,0,False,nsdp_full,16,35,,True
2,1117,322.32,False,nsdp_full,16,16,0,False,nsdp_full,16,19,,True
3,1117,322.32,False,nsdp_full,16,5,0,False,nsdp_full,16,5,,True
4,1117,322.32,False,nsdp_full,16,27,0,False,nsdp_full,16,35,,True
5,1117,322.32,False,nsdp_full,16,20,0,False,nsdp_full,16,13,,True
7,1117,322.32,False,nsdp_full,16,16,0,False,nsdp_full,16,16,,True
8,1117,322.32,False,nsdp_full,16,35,0,False,nsdp_full,16,35,,True
2,1118,322.34,False,nsdp_full,16,16,0,False,nsdp_full,16,19,,True
3,1118,322.34,True,admitted,14,2,176,False,nsdp_full,16,5,,False
4,1118,322.34,False,nsdp_full,16,27,0,False,nsdp_full,16,35,,True
5,1118,322.34,False,nsdp_full,16,20,0,False,nsdp_full,16,13,,True
7,1118,322.34,False,nsdp_full,16,16,0,False,nsdp_full,16,16,,True
8,1118,322.34,False,nsdp_full,16,35,0,False,nsdp_full,16,35,,True
2,1119,322.36,False,nsdp_full,16,16,0,False,nsdp_full,16,19,,True
3,1119,322.36,True,admitted,15,3,177,False,nsdp_full,16,5,,False
4,1119,322.36,False,nsdp_full,16,27,0,False,nsdp_full,16,35,,True
5,1119,322.36,False,nsdp_full,16,20,0,False,nsdp_full,16,13,,True
7,1119,322.36,False,nsdp_full,16,16,0,False,nsdp_full,16,16,,True
8,1119,322.36,False,nsdp_full,16,35,0,False,nsdp_full,16,35,,True
2,1120,322.38,False,nsdp_full,16,16,0,False,nsdp_full,16,19,,True
3,1120,322.38,False,nsdp_full,16,4,0,False,nsdp_full,16,5,,True
4,1120,322.38,False,nsdp_full,16,27,0,False,nsdp_full,16,35,,True
5,1120,322.38,False,nsdp_full,16,20,0,False,nsdp_full,16,13,,True
7,1120,322.38,False,nsdp_full,16,16,0,False,nsdp_full,16,16,,True
8,1120,322.38,False,nsdp_full,16,35,0,False,nsdp_full,16,35,,True
2,1121,322.4,False,nsdp_full,16,16,0,False,nsdp_full,16,19,,True
3,1121,322.4,False,nsdp_full,16,4,0,False,nsdp_full,16,5,,True
4,1121,322.4,False,nsdp_full,16,27,0,False,nsdp_full,16,35,,True
5,1121,322.4,False,nsdp_full,16,20,0,False,nsdp_full,16,13,,True
7,1121,322.4,False,nsdp_full,16,16,0,False,nsdp_full,16,16,,True
8,1121,322.4,False,nsdp_full,16,35,0,False,nsdp_full,16,35,,True
2,1122,322.42,False,nsdp_full,16,16,0,False,nsdp_full,16,19,,True
3,1122,322.42,False,nsdp_full,16,4,0,False,nsdp_full,16,5,,True
4,1122,322.42,False,nsdp_full,16,27,0,False,nsdp_full,16,35,,True
5,1122,322.42,False,nsdp_full,16,20,0,False,nsdp_full,16,13,,True
7,1122,322.42,False,nsdp_full,16,16,0,False,nsdp_full,16,16,,True
8,1122,322.42,False,nsdp_full,16,35,0,False,nsdp_full,16,35,,True
2,1123,322.44,False,nsdp_full,16,16,0,False,nsdp_full,16,19,,True
3,1123,322.44,False,nsdp_full,16,4,0,False,nsdp_full,16,5,,True
4,1123,322.44,False,nsdp_full,16,27,0,False,nsdp_full,16,35,,True
5,1123,322.44,False,nsdp_full,16,20,0,False,nsdp_full,16,13,,True
7,1123,322.44,False,nsdp_full,16,16,0,False,nsdp_full,16,16,,True
8,1123,322.44,False,nsdp_full,16,35,0,False,nsdp_full,16,35,,True
2,1124,322.46,False,nsdp_full,16,16,0,False,nsdp_full,16,19,,True
3,1124,322.46,False,nsdp_full,16,4,0,False,nsdp_full,16,5,,True
4,1124,322.46,False,nsdp_full,16,27,0,False,nsdp_full,16,35,,True
5,1124,322.46,False,nsdp_full,16,20,0,False,nsdp_full,16,13,,True
7,1124,322.46,False,nsdp_full,16,16,0,False,nsdp_full,16,16,,True
8,1124,322.46,False,nsdp_full,16,35,0,False,nsdp_full,16,35,,True
2,1125,322.48,False,nsdp_full,16,16,0,False,nsdp_full,16,19,,True
3,1125,322.48,False,nsdp_full,16,4,0,False,nsdp_full,16,5,,True
4,1125,322.48,False,nsdp_full,16,27,0,False,nsdp_full,16,35,,True
5,1125,322.48,False,nsdp_full,16,20,0,False,nsdp_full,16,13,,True
7,1125,322.48,False,nsdp_full,16,16,0,False,nsdp_full,16,16,,True
8,1125,322.48,False,nsdp_full,16,35,0,False,nsdp_full,16,35,,True
2,1126,322.5,False,nsdp_full,16,16,0,False,nsdp_full,16,19,,True
3,1126,322.5,False,nsdp_full,16,4,0,False,nsdp_full,16,5,,True
4,1126,322.5,False,nsdp_full,16,27,0,False,nsdp_full,16,35,,True
5,1126,322.5,False,nsdp_full,16,20,0,False,nsdp_full,16,13,,True
7,1126,322.5,False,nsdp_full,16,16,0,False,nsdp_full,16,16,,True
8,1126,322.5,False,nsdp_full,16,35,0,False,nsdp_full,16,35,,True
2,1127,322.52,False,nsdp_full,16,16,0,False,nsdp_full,16,19,,True
3,1127,322.52,False,nsdp_full,16,4,0,False,nsdp_full,16,5,,True
4,1127,322.52,False,nsdp_full,16,27,0,False,nsdp_full,16,35,,True
5,1127,322.52,False,nsdp_full,16,20,0,False,nsdp_full,16,13,,True
7,1127,322.52,False,nsdp_full,16,16,0,False,nsdp_full,16,16,,True
8,1127,322.52,False,nsdp_full,16,35,0,False,nsdp_full,16,35,,True
2,1128,322.54,False,nsdp_full,16,16,0,False,nsdp_full,16,19,,True
3,1128,322.54,False,nsdp_full,16,4,0,False,nsdp_full,16,5,,True
4,1128,322.54,False,nsdp_full,16,27,0,False,nsdp_full,16,35,,True
5,1128,322.54,False,nsdp_full,16,20,0,False,nsdp_full,16,13,,True
7,1128,322.54,False,nsdp_full,16,16,0,False,nsdp_full,16,16,,True
8,1128,322.54,False,nsdp_full,16,35,0,False,nsdp_full,16,35,,True
2,1129,322.56,False,nsdp_full,16,16,0,False,nsdp_full,16,19,,True
3,1129,322.56,False,nsdp_full,16,4,0,False,nsdp_full,16,5,,True
4,1129,322.56,False,nsdp_full,16,27,0,False,nsdp_full,16,35,,True
5,1129,322.56,False,nsdp_full,16,20,0,False,nsdp_full,16,13,,True
7,1129,322.56,False,nsdp_full,16,16,0,False,nsdp_full,16,16,,True
8,1129,322.56,False,nsdp_full,16,35,0,False,nsdp_full,16,35,,True
2,1130,322.58,False,nsdp_full,16,16,0,False,nsdp_full,16,19,,True
3,1130,322.58,False,nsdp_full,16,4,0,False,nsdp_full,16,5,,True
4,1130,322.58,False,nsdp_full,16,27,0,False,nsdp_full,16,35,,True
5,1130,322.58,False,nsdp_full,16,20,0,False,nsdp_full,16,13,,True
7,1130,322.58,False,nsdp_full,16,16,0,False,nsdp_full,16,16,,True
8,1130,322.58,False,nsdp_full,16,35,0,False,nsdp_full,16,35,,True
2,1131,322.6,False,nsdp_full,16,16,0,False,nsdp_full,16,19,,True
3,1131,322.6,False,nsdp_full,16,4,0,False,nsdp_full,16,5,,True
4,1131,322.6,False,nsdp_full,16,27,0,False,nsdp_full,16,35,,True
5,1131,322.6,False,nsdp_full,16,20,0,False,nsdp_full,16,13,,True
7,1131,322.6,False,nsdp_full,16,16,0,False,nsdp_full,16,16,,True
8,1131,322.6,False,nsdp_full,16,35,0,False,nsdp_full,16,35,,True
2,1132,322.62,False,nsdp_full,16,16,0,False,nsdp_full,16,19,,True
3,1132,322.62,False,nsdp_full,16,4,0,False,nsdp_full,16,5,,True
4,1132,322.62,False,nsdp_full,16,27,0,False,nsdp_full,16,35,,True
5,1132,322.62,False,nsdp_full,16,20,0,False,nsdp_full,16,13,,True
7,1132,322.62,False,nsdp_full,16,16,0,False,nsdp_full,16,16,,True
8,1132,322.62,False,nsdp_full,16,35,0,False,nsdp_full,16,35,,True
2,1133,322.64,False,nsdp_full,16,16,0,False,nsdp_full,16,19,,True
3,1133,322.64,False,nsdp_full,16,4,0,False,nsdp_full,16,5,,True
4,1133,322.64,False,nsdp_full,16,27,0,False,nsdp_full,16,35,,True
5,1133,322.64,False,nsdp_full,16,20,0,False,nsdp_full,16,13,,True
7,1133,322.64,False,nsdp_full,16,16,0,False,nsdp_full,16,16,,True
8,1133,322.64,False,nsdp_full,16,35,0,False,nsdp_full,16,35,,True
2,1134,322.66,False,nsdp_full,16,16,0,False,nsdp_full,16,19,,True
3,1134,322.66,False,nsdp_full,16,4,0,False,nsdp_full,16,5,,True
4,1134,322.66,False,nsdp_full,16,27,0,False,nsdp_full,16,35,,True
5,1134,322.66,False,nsdp_full,16,20,0,False,nsdp_full,16,13,,True
7,1134,322.66,False,nsdp_full,16,16,0,False,nsdp_full,16,16,,True
8,1134,322.66,False,nsdp_full,16,35,0,False,nsdp_full,16,35,,True
2,1135,322.68,False,nsdp_full,16,16,0,False,nsdp_full,16,19,,True
3,1135,322.68,False,nsdp_full,16,4,0,False,nsdp_full,16,5,,True
4,1135,322.68,False,nsdp_full,16,27,0,False,nsdp_full,16,35,,True
5,1135,322.68,False,nsdp_full,16,20,0,False,nsdp_full,16,13,,True
7,1135,322.68,False,nsdp_full,16,16,0,False,nsdp_full,16,16,,True
8,1135,322.68,False,nsdp_full,16,35,0,False,nsdp_full,16,35,,True
2,1136,322.7,False,nsdp_full,16,16,0,False,nsdp_full,16,19,,True
3,1136,322.7,False,nsdp_full,16,4,0,False,nsdp_full,16,5,,True
4,1136,322.7,False,nsdp_full,16,27,0,False,nsdp_full,16,35,,True
5,1136,322.7,False,nsdp_full,16,20,0,False,nsdp_full,16,13,,True
7,1136,322.7,False,nsdp_full,16,16,0,False,nsdp_full,16,16,,True
8,1136,322.7,False,nsdp_full,16,35,0,False,nsdp_full,16,35,,True
2,1137,322.72,False,nsdp_full,16,16,0,False,nsdp_full,16,19,,True
3,1137,322.72,False,nsdp_full,16,4,0,False,nsdp_full,16,5,,True
4,1137,322.72,False,nsdp_full,16,27,0,False,nsdp_full,16,35,,True
5,1137,322.72,False,nsdp_full,16,20,0,False,nsdp_full,16,13,,True
7,1137,322.72,False,nsdp_full,16,16,0,False,nsdp_full,16,16,,True
8,1137,322.72,False,nsdp_full,16,35,0,False,nsdp_full,16,35,,True
2,1138,322.74,False,nsdp_full,16,16,0,False,nsdp_full,16,19,,True
3,1138,322.74,False,nsdp_full,16,4,0,False,nsdp_full,16,5,,True
4,1138,322.74,False,nsdp_full,16,27,0,False,nsdp_full,16,35,,True
5,1138,322.74,False,nsdp_full,16,20,0,False,nsdp_full,16,13,,True
7,1138,322.74,False,nsdp_full,16,16,0,False,nsdp_full,16,16,,True
8,1138,322.74,False,nsdp_full,16,35,0,False,nsdp_full,16,35,,True
2,1139,322.76,False,nsdp_full,16,16,0,False,nsdp_full,16,19,,True
3,1139,322.76,False,nsdp_full,16,4,0,False,nsdp_full,16,5,,True
4,1139,322.76,False,nsdp_full,16,27,0,False,nsdp_full,16,35,,True
5,1139,322.76,False,nsdp_full,16,20,0,False,nsdp_full,16,13,,True
7,1139,322.76,False,nsdp_full,16,16,0,False,nsdp_full,16,16,,True
8,1139,322.76,False,nsdp_full,16,35,0,False,nsdp_full,16,35,,True
2,1140,322.78,False,nsdp_full,16,16,0,False,nsdp_full,16,19,,True
3,1140,322.78,False,nsdp_full,16,4,0,False,nsdp_full,16,5,,True
4,1140,322.78,False,nsdp_full,16,27,0,False,nsdp_full,16,35,,True
5,1140,322.78,False,nsdp_full,16,20,0,False,nsdp_full,16,13,,True
7,1140,322.78,False,nsdp_full,16,16,0,False,nsdp_full,16,16,,True
8,1140,322.78,False,nsdp_full,16,35,0,False,nsdp_full,16,35,,True
2,1141,322.8,False,nsdp_full,16,16,0,False,nsdp_full,16,19,,True
3,1141,322.8,False,nsdp_full,16,4,0,False,nsdp_full,16,5,,True
4,1141,322.8,False,nsdp_full,16,27,0,False,nsdp_full,16,35,,True
5,1141,322.8,False,nsdp_full,16,20,0,False,nsdp_full,16,13,,True
7,1141,322.8,False,nsdp_full,16,16,0,False,nsdp_full,16,16,,True
8,1141,322.8,False,nsdp_full,16,35,0,False,nsdp_full,16,35,,True
2,1142,322.82,False,nsdp_full,16,16,0,False,nsdp_full,16,19,,True
3,1142,322.82,False,nsdp_full,16,4,0,False,nsdp_full,16,5,,True
4,1142,322.82,False,nsdp_full,16,27,0,False,nsdp_full,16,35,,True
5,1142,322.82,False,nsdp_full,16,20,0,False,nsdp_full,16,13,,True
7,1142,322.82,False,nsdp_full,16,16,0,False,nsdp_full,16,16,,True
8,1142,322.82,False,nsdp_full,16,35,0,False,nsdp_full,16,35,,True
2,1143,322.84,False,nsdp_full,16,16,0,False,nsdp_full,16,19,,True
3,1143,322.84,False,nsdp_full,16,4,0,False,nsdp_full,16,5,,True
4,1143,322.84,False,nsdp_full,16,27,0,False,nsdp_full,16,35,,True
5,1143,322.84,False,nsdp_full,16,20,0,False,nsdp_full,16,13,,True
7,1143,322.84,False,nsdp_full,16,16,0,False,nsdp_full,16,16,,True
8,1143,322.84,False,nsdp_full,16,35,0,False,nsdp_full,16,35,,True
2,1144,322.86,False,nsdp_full,16,16,0,False,nsdp_full,16,19,,True
3,1144,322.86,False,nsdp_full,16,4,0,False,nsdp_full,16,5,,True
4,1144,322.86,False,nsdp_full,16,27,0,False,nsdp_full,16,35,,True
5,1144,322.86,False,nsdp_full,16,20,0,False,nsdp_full,16,13,,True
7,1144,322.86,False,nsdp_full,16,16,0,False,nsdp_full,16,16,,True
8,1144,322.86,False,nsdp_full,16,35,0,False,nsdp_full,16,35,,True
2,1145,322.88,False,nsdp_full,16,16,0,False,nsdp_full,16,19,,True
3,1145,322.88,False,nsdp_full,16,4,0,False,nsdp_full,16,5,,True
4,1145,322.88,False,nsdp_full,16,27,0,False,nsdp_full,16,35,,True
5,1145,322.88,False,nsdp_full,16,20,0,False,nsdp_full,16,13,,True
7,1145,322.88,False,nsdp_full,16,16,0,False,nsdp_full,16,16,,True
8,1145,322.88,False,nsdp_full,16,35,0,False,nsdp_full,16,35,,True
2,1146,322.9,False,nsdp_full,16,16,0,False,nsdp_full,16,19,,True
3,1146,322.9,False,nsdp_full,16,4,0,False,nsdp_full,16,5,,True
4,1146,322.9,False,nsdp_full,16,27,0,False,nsdp_full,16,35,,True
5,1146,322.9,False,nsdp_full,16,20,0,False,nsdp_full,16,13,,True
7,1146,322.9,False,nsdp_full,16,16,0,False,nsdp_full,16,16,,True
8,1146,322.9,False,nsdp_full,16,35,0,False,nsdp_full,16,35,,True
2,1147,322.92,False,nsdp_full,16,16,0,False,nsdp_full,16,19,,True
3,1147,322.92,False,nsdp_full,16,4,0,False,nsdp_full,16,5,,True
4,1147,322.92,False,nsdp_full,16,27,0,False,nsdp_full,16,35,,True
5,1147,322.92,False,nsdp_full,16,20,0,False,nsdp_full,16,13,,True
7,1147,322.92,False,nsdp_full,16,16,0,False,nsdp_full,16,16,,True
8,1147,322.92,False,nsdp_full,16,35,0,False,nsdp_full,16,35,,True
2,1148,322.94,False,nsdp_full,16,16,0,False,nsdp_full,16,19,,True
3,1148,322.94,False,nsdp_full,16,4,0,False,nsdp_full,16,5,,True
4,1148,322.94,False,nsdp_full,16,27,0,False,nsdp_full,16,35,,True
5,1148,322.94,False,nsdp_full,16,20,0,False,nsdp_full,16,13,,True
7,1148,322.94,False,nsdp_full,16,16,0,False,nsdp_full,16,16,,True
8,1148,322.94,False,nsdp_full,16,35,0,False,nsdp_full,16,35,,True
2,1149,322.96,False,nsdp_full,16,16,0,False,nsdp_full,16,19,,True
3,1149,322.96,False,nsdp_full,16,4,0,False,nsdp_full,16,5,,True
4,1149,322.96,False,nsdp_full,16,27,0,False,nsdp_full,16,35,,True
5,1149,322.96,False,nsdp_full,16,20,0,False,nsdp_full,16,13,,True
7,1149,322.96,False,nsdp_full,16,16,0,False,nsdp_full,16,16,,True
8,1149,322.96,False,nsdp_full,16,35,0,False,nsdp_full,16,35,,True
2,1150,322.98,False,nsdp_full,16,16,0,False,nsdp_full,16,19,,True
3,1150,322.98,False,nsdp_full,16,4,0,False,nsdp_full,16,5,,True
4,1150,322.98,False,nsdp_full,16,27,0,False,nsdp_full,16,35,,True
5,1150,322.98,False,nsdp_full,16,20,0,False,nsdp_full,16,13,,True
7,1150,322.98,False,nsdp_full,16,16,0,False,nsdp_full,16,16,,True
8,1150,322.98,False,nsdp_full,16,35,0,False,nsdp_full,16,35,,True
2,1151,323,False,nsdp_full,16,16,0,False,nsdp_full,16,19,,True
3,1151,323,False,nsdp_full,16,4,0,False,nsdp_full,16,5,,True
4,1151,323,False,nsdp_full,16,27,0,False,nsdp_full,16,35,,True
5,1151,323,False,nsdp_full,16,20,0,False,nsdp_full,16,13,,True
7,1151,323,False,nsdp_full,16,16,0,False,nsdp_full,16,16,,True
8,1151,323,False,nsdp_full,16,35,0,False,nsdp_full,16,35,,True
2,1152,323.02,False,nsdp_full,16,16,0,False,nsdp_full,16,19,,True
3,1152,323.02,False,nsdp_full,16,4,0,False,nsdp_full,16,5,,True
4,1152,323.02,False,nsdp_full,16,27,0,False,nsdp_full,16,35,,True
5,1152,323.02,False,nsdp_full,16,20,0,False,nsdp_full,16,13,,True
7,1152,323.02,False,nsdp_full,16,16,0,False,nsdp_full,16,16,,True
8,1152,323.02,False,nsdp_full,16,35,0,False,nsdp_full,16,35,,True
2,1153,323.04,False,nsdp_full,16,16,0,False,nsdp_full,16,19,,True
3,1153,323.04,False,nsdp_full,16,4,0,False,nsdp_full,16,5,,True
4,1153,323.04,False,nsdp_full,16,27,0,False,nsdp_full,16,35,,True
5,1153,323.04,False,nsdp_full,16,20,0,False,nsdp_full,16,13,,True
7,1153,323.04,False,nsdp_full,16,16,0,False,nsdp_full,16,16,,True
8,1153,323.04,False,nsdp_full,16,35,0,False,nsdp_full,16,35,,True
2,1154,323.06,False,nsdp_full,16,16,0,False,nsdp_full,16,19,,True
3,1154,323.06,False,nsdp_full,16,4,0,False,nsdp_full,16,5,,True
4,1154,323.06,False,nsdp_full,16,27,0,False,nsdp_full,16,35,,True
5,1154,323.06,False,nsdp_full,16,20,0,False,nsdp_full,16,13,,True
7,1154,323.06,False,nsdp_full,16,16,0,False,nsdp_full,16,16,,True
8,1154,323.06,False,nsdp_full,16,35,0,False,nsdp_full,16,35,,True
2,1155,323.08,False,nsdp_full,16,16,0,False,nsdp_full,16,19,,True
3,1155,323.08,False,nsdp_full,16,4,0,False,nsdp_full,16,5,,True
4,1155,323.08,False,nsdp_full,16,27,0,False,nsdp_full,16,35,,True
5,1155,323.08,False,nsdp_full,16,20,0,False,nsdp_full,16,13,,True
7,1155,323.08,False,nsdp_full,16,16,0,False,nsdp_full,16,16,,True
8,1155,323.08,False,nsdp_full,16,35,0,False,nsdp_full,16,35,,True
2,1156,323.1,False,nsdp_full,16,16,0,False,nsdp_full,16,19,,True
3,1156,323.1,False,nsdp_full,16,4,0,False,nsdp_full,16,5,,True
4,1156,323.1,False,nsdp_full,16,27,0,False,nsdp_full,16,35,,True
5,1156,323.1,False,nsdp_full,16,20,0,False,nsdp_full,16,13,,True
7,1156,323.1,False,nsdp_full,16,16,0,False,nsdp_full,16,16,,True
8,1156,323.1,False,nsdp_full,16,35,0,False,nsdp_full,16,35,,True
2,1157,323.12,False,nsdp_full,16,16,0,False,nsdp_full,16,19,,True
3,1157,323.12,False,nsdp_full,16,4,0,False,nsdp_full,16,5,,True
4,1157,323.12,False,nsdp_full,16,27,0,False,nsdp_full,16,35,,True
5,1157,323.12,False,nsdp_full,16,20,0,False,nsdp_full,16,13,,True
7,1157,323.12,False,nsdp_full,16,16,0,False,nsdp_full,16,16,,True
8,1157,323.12,False,nsdp_full,16,35,0,False,nsdp_full,16,35,,True
2,1158,323.14,False,nsdp_full,16,16,0,False,nsdp_full,16,19,,True
3,1158,323.14,False,nsdp_full,16,4,0,False,nsdp_full,16,5,,True
4,1158,323.14,False,nsdp_full,16,27,0,False,nsdp_full,16,35,,True
5,1158,323.14,False,nsdp_full,16,20,0,False,nsdp_full,16,13,,True
7,1158,323.14,False,nsdp_full,16,16,0,False,nsdp_full,16,16,,True
8,1158,323.14,False,nsdp_full,16,35,0,False,nsdp_full,16,35,,True
2,1159,323.16,False,nsdp_full,16,16,0,False,nsdp_full,16,19,,True
3,1159,323.16,False,nsdp_full,16,4,0,False,nsdp_full,16,5,,True
4,1159,323.16,False,nsdp_full,16,27,0,False,nsdp_full,16,35,,True
5,1159,323.16,False,nsdp_full,16,20,0,False,nsdp_full,16,13,,True
7,1159,323.16,False,nsdp_full,16,16,0,False,nsdp_full,16,16,,True
8,1159,323.16,False,nsdp_full,16,35,0,False,nsdp_full,16,35,,True
2,1160,323.18,False,nsdp_full,16,16,0,False,nsdp_full,16,19,,True
3,1160,323.18,False,nsdp_full,16,4,0,False,nsdp_full,16,5,,True
4,1160,323.18,False,nsdp_full,16,27,0,False,nsdp_full,16,35,,True
5,1160,323.18,False,nsdp_full,16,20,0,False,nsdp_full,16,13,,True
7,1160,323.18,False,nsdp_full,16,16,0,False,nsdp_full,16,16,,True
8,1160,323.18,False,nsdp_full,16,35,0,False,nsdp_full,16,35,,True
2,1161,323.2,False,nsdp_full,16,16,0,False,nsdp_full,16,19,,True
3,1161,323.2,False,nsdp_full,16,4,0,False,nsdp_full,16,5,,True
4,1161,323.2,False,nsdp_full,16,27,0,False,nsdp_full,16,35,,True
5,1161,323.2,False,nsdp_full,16,20,0,False,nsdp_full,16,13,,True
7,1161,323.2,False,nsdp_full,16,16,0,False,nsdp_full,16,16,,True
8,1161,323.2,False,nsdp_full,16,35,0,False,nsdp_full,16,35,,True
2,1162,323.22,False,nsdp_full,16,16,0,False,nsdp_full,16,19,,True
3,1162,323.22,False,nsdp_full,16,4,0,False,nsdp_full,16,5,,True
4,1162,323.22,False,nsdp_full,16,27,0,False,nsdp_full,16,35,,True
5,1162,323.22,False,nsdp_full,16,20,0,False,nsdp_full,16,13,,True
7,1162,323.22,False,nsdp_full,16,16,0,False,nsdp_full,16,16,,True
8,1162,323.22,False,nsdp_full,16,35,0,False,nsdp_full,16,35,,True
2,1163,323.24,False,nsdp_full,16,16,0,False,nsdp_full,16,19,,True
3,1163,323.24,False,nsdp_full,16,4,0,True,admitted,15,4,1156,False
4,1163,323.24,False,nsdp_full,16,27,0,False,nsdp_full,16,35,,True
5,1163,323.24,False,nsdp_full,16,20,0,True,admitted,15,12,1157,False
7,1163,323.24,False,nsdp_full,16,16,0,False,nsdp_full,16,16,,True
8,1163,323.24,False,nsdp_full,16,35,0,False,nsdp_full,16,35,,True
2,1164,323.26,False,nsdp_full,16,16,0,False,nsdp_full,16,19,,True
3,1164,323.26,False,nsdp_full,16,4,0,False,nsdp_full,16,5,,True
4,1164,323.26,False,nsdp_full,16,27,0,False,nsdp_full,16,35,,True
5,1164,323.26,False,nsdp_full,16,20,0,False,nsdp_full,16,13,,True
7,1164,323.26,False,nsdp_full,16,16,0,False,nsdp_full,16,16,,True
8,1164,323.26,False,nsdp_full,16,35,0,False,nsdp_full,16,35,,True
2,1165,323.28,False,nsdp_full,16,16,0,False,nsdp_full,16,19,,True
3,1165,323.28,False,nsdp_full,16,4,0,False,nsdp_full,16,5,,True
4,1165,323.28,False,nsdp_full,16,27,0,False,nsdp_full,16,35,,True
5,1165,323.28,False,nsdp_full,16,20,0,False,nsdp_full,16,13,,True
7,1165,323.28,False,nsdp_full,16,16,0,False,nsdp_full,16,16,,True
8,1165,323.28,False,nsdp_full,16,35,0,False,nsdp_full,16,35,,True
2,1166,323.3,False,nsdp_full,16,17,0,False,nsdp_full,16,19,,True
3,1166,323.3,False,nsdp_full,16,4,0,False,nsdp_full,16,5,,True
4,1166,323.3,False,nsdp_full,16,27,0,False,nsdp_full,16,35,,True
5,1166,323.3,False,nsdp_full,16,20,0,False,nsdp_full,16,13,,True
7,1166,323.3,False,nsdp_full,16,16,0,False,nsdp_full,16,16,,True
8,1166,323.3,False,nsdp_full,16,35,0,False,nsdp_full,16,35,,True
2,1167,323.32,False,nsdp_full,16,17,0,False,nsdp_full,16,19,,True
3,1167,323.32,False,nsdp_full,16,4,0,False,nsdp_full,16,5,,True
4,1167,323.32,False,nsdp_full,16,27,0,False,nsdp_full,16,35,,True
5,1167,323.32,False,nsdp_full,16,20,0,False,nsdp_full,16,13,,True
7,1167,323.32,False,nsdp_full,16,16,0,False,nsdp_full,16,16,,True
8,1167,323.32,False,nsdp_full,16,35,0,False,nsdp_full,16,35,,True
2,1168,323.34,False,nsdp_full,16,17,0,False,nsdp_full,16,19,,True
3,1168,323.34,False,nsdp_full,16,4,0,False,nsdp_full,16,5,,True
4,1168,323.34,False,nsdp_full,16,27,0,False,nsdp_full,16,35,,True
5,1168,323.34,False,nsdp_full,16,20,0,False,nsdp_full,16,13,,True
7,1168,323.34,False,nsdp_full,16,16,0,False,nsdp_full,16,16,,True
8,1168,323.34,False,nsdp_full,16,35,0,False,nsdp_full,16,35,,True
2,1169,323.36,False,nsdp_full,16,17,0,False,nsdp_full,16,19,,True
3,1169,323.36,False,nsdp_full,16,4,0,False,nsdp_full,16,5,,True
4,1169,323.36,False,nsdp_full,16,27,0,False,nsdp_full,16,35,,True
5,1169,323.36,False,nsdp_full,16,20,0,False,nsdp_full,16,13,,True
7,1169,323.36,False,nsdp_full,16,16,0,False,nsdp_full,16,16,,True
8,1169,323.36,False,nsdp_full,16,35,0,False,nsdp_full,16,35,,True
2,1170,323.38,False,nsdp_full,16,17,0,False,nsdp_full,16,19,,True
3,1170,323.38,False,nsdp_full,16,4,0,False,nsdp_full,16,5,,True
4,1170,323.38,False,nsdp_full,16,27,0,False,nsdp_full,16,35,,True
5,1170,323.38,False,nsdp_full,16,20,0,False,nsdp_full,16,13,,True
7,1170,323.38,False,nsdp_full,16,16,0,False,nsdp_full,16,16,,True
8,1170,323.38,False,nsdp_full,16,35,0,False,nsdp_full,16,35,,True
2,1171,323.4,False,nsdp_full,16,17,0,False,nsdp_full,16,19,,True
3,1171,323.4,False,nsdp_full,16,4,0,False,nsdp_full,16,5,,True
4,1171,323.4,False,nsdp_full,16,27,0,False,nsdp_full,16,35,,True
5,1171,323.4,False,nsdp_full,16,20,0,False,nsdp_full,16,13,,True
7,1171,323.4,False,nsdp_full,16,16,0,False,nsdp_full,16,16,,True
8,1171,323.4,False,nsdp_full,16,35,0,False,nsdp_full,16,35,,True
2,1172,323.42,False,nsdp_full,16,17,0,False,nsdp_full,16,19,,True
3,1172,323.42,False,nsdp_full,16,4,0,False,nsdp_full,16,5,,True
4,1172,323.42,False,nsdp_full,16,27,0,False,nsdp_full,16,35,,True
5,1172,323.42,False,nsdp_full,16,20,0,False,nsdp_full,16,13,,True
7,1172,323.42,False,nsdp_full,16,16,0,False,nsdp_full,16,16,,True
8,1172,323.42,False,nsdp_full,16,35,0,False,nsdp_full,16,35,,True
2,1173,323.44,False,nsdp_full,16,17,0,False,nsdp_full,16,19,,True
3,1173,323.44,False,nsdp_full,16,4,0,False,nsdp_full,16,5,,True
4,1173,323.44,False,nsdp_full,16,27,0,False,nsdp_full,16,35,,True
5,1173,323.44,False,nsdp_full,16,20,0,False,nsdp_full,16,13,,True
7,1173,323.44,False,nsdp_full,16,16,0,False,nsdp_full,16,16,,True
8,1173,323.44,False,nsdp_full,16,35,0,False,nsdp_full,16,35,,True
2,1174,323.46,False,nsdp_full,16,17,0,False,nsdp_full,16,19,,True
3,1174,323.46,False,nsdp_full,16,4,0,False,nsdp_full,16,5,,True
4,1174,323.46,False,nsdp_full,16,27,0,False,nsdp_full,16,35,,True
5,1174,323.46,False,nsdp_full,16,20,0,False,nsdp_full,16,13,,True
7,1174,323.46,False,nsdp_full,16,16,0,False,nsdp_full,16,16,,True
8,1174,323.46,False,nsdp_full,16,35,0,False,nsdp_full,16,35,,True
2,1175,323.48,False,nsdp_full,16,17,0,False,nsdp_full,16,19,,True
3,1175,323.48,True,admitted,14,2,178,False,nsdp_full,16,5,,False
4,1175,323.48,False,nsdp_full,16,27,0,False,nsdp_full,16,35,,True
5,1175,323.48,True,admitted,15,19,179,False,nsdp_full,16,13,,False
7,1175,323.48,False,nsdp_full,16,16,0,False,nsdp_full,16,16,,True
8,1175,323.48,False,nsdp_full,16,35,0,False,nsdp_full,16,35,,True
2,1176,323.5,False,nsdp_full,16,17,0,False,nsdp_full,16,19,,True
3,1176,323.5,True,admitted,15,3,180,False,nsdp_full,16,5,,False
4,1176,323.5,False,nsdp_full,16,27,0,False,nsdp_full,16,35,,True
5,1176,323.5,False,nsdp_full,16,20,0,False,nsdp_full,16,13,,True
7,1176,323.5,False,nsdp_full,16,16,0,False,nsdp_full,16,16,,True
8,1176,323.5,False,nsdp_full,16,35,0,False,nsdp_full,16,35,,True
2,1177,323.52,False,nsdp_full,16,17,0,False,nsdp_full,16,19,,True
3,1177,323.52,False,nsdp_full,16,4,0,False,nsdp_full,16,5,,True
4,1177,323.52,False,nsdp_full,16,27,0,False,nsdp_full,16,35,,True
5,1177,323.52,False,nsdp_full,16,20,0,False,nsdp_full,16,13,,True
7,1177,323.52,False,nsdp_full,16,16,0,False,nsdp_full,16,16,,True
8,1177,323.52,False,nsdp_full,16,35,0,False,nsdp_full,16,35,,True
2,1178,323.54,False,nsdp_full,16,17,0,False,nsdp_full,16,19,,True
3,1178,323.54,False,nsdp_full,16,4,0,False,nsdp_full,16,5,,True
4,1178,323.54,False,nsdp_full,16,27,0,False,nsdp_full,16,35,,True
5,1178,323.54,False,nsdp_full,16,20,0,False,nsdp_full,16,13,,True
7,1178,323.54,False,nsdp_full,16,16,0,False,nsdp_full,16,16,,True
8,1178,323.54,False,nsdp_full,16,35,0,False,nsdp_full,16,35,,True
2,1179,323.56,False,nsdp_full,16,17,0,False,nsdp_full,16,19,,True
3,1179,323.56,False,nsdp_full,16,4,0,False,nsdp_full,16,5,,True
4,1179,323.56,False,nsdp_full,16,27,0,False,nsdp_full,16,35,,True
5,1179,323.56,False,nsdp_full,16,20,0,False,nsdp_full,16,13,,True
7,1179,323.56,False,nsdp_full,16,16,0,False,nsdp_full,16,16,,True
8,1179,323.56,False,nsdp_full,16,35,0,False,nsdp_full,16,35,,True
2,1180,323.58,False,nsdp_full,16,17,0,False,nsdp_full,16,19,,True
3,1180,323.58,False,nsdp_full,16,4,0,False,nsdp_full,16,5,,True
4,1180,323.58,False,nsdp_full,16,27,0,False,nsdp_full,16,35,,True
5,1180,323.58,False,nsdp_full,16,20,0,False,nsdp_full,16,13,,True
7,1180,323.58,False,nsdp_full,16,16,0,False,nsdp_full,16,16,,True
8,1180,323.58,False,nsdp_full,16,35,0,False,nsdp_full,16,35,,True
2,1181,323.6,False,nsdp_full,16,17,0,False,nsdp_full,16,19,,True
3,1181,323.6,False,nsdp_full,16,4,0,False,nsdp_full,16,5,,True
4,1181,323.6,False,nsdp_full,16,27,0,False,nsdp_full,16,35,,True
5,1181,323.6,False,nsdp_full,16,20,0,False,nsdp_full,16,13,,True
7,1181,323.6,False,nsdp_full,16,16,0,False,nsdp_full,16,16,,True
8,1181,323.6,True,admitted,15,34,181,False,nsdp_full,16,35,,False
2,1182,323.62,False,nsdp_full,16,17,0,False,nsdp_full,16,19,,True
3,1182,323.62,False,nsdp_full,16,4,0,False,nsdp_full,16,5,,True
4,1182,323.62,False,nsdp_full,16,27,0,False,nsdp_full,16,35,,True
5,1182,323.62,False,nsdp_full,16,20,0,False,nsdp_full,16,13,,True
7,1182,323.62,False,nsdp_full,16,16,0,False,nsdp_full,16,16,,True
8,1182,323.62,False,nsdp_full,16,35,0,False,nsdp_full,16,35,,True
2,1183,323.64,False,nsdp_full,16,17,0,False,nsdp_full,16,19,,True
3,1183,323.64,False,nsdp_full,16,4,0,False,nsdp_full,16,5,,True
4,1183,323.64,False,nsdp_full,16,27,0,False,nsdp_full,16,35,,True
5,1183,323.64,False,nsdp_full,16,20,0,False,nsdp_full,16,13,,True
7,1183,323.64,False,nsdp_full,16,16,0,False,nsdp_full,16,16,,True
8,1183,323.64,False,nsdp_full,16,35,0,False,nsdp_full,16,35,,True
2,1184,323.66,False,nsdp_full,16,17,0,False,nsdp_full,16,19,,True
3,1184,323.66,False,nsdp_full,16,4,0,False,nsdp_full,16,5,,True
4,1184,323.66,False,nsdp_full,16,27,0,False,nsdp_full,16,35,,True
5,1184,323.66,False,nsdp_full,16,20,0,False,nsdp_full,16,13,,True
7,1184,323.66,False,nsdp_full,16,16,0,False,nsdp_full,16,16,,True
8,1184,323.66,False,nsdp_full,16,35,0,False,nsdp_full,16,35,,True
2,1185,323.68,False,nsdp_full,16,17,0,False,nsdp_full,16,19,,True
3,1185,323.68,False,nsdp_full,16,4,0,False,nsdp_full,16,5,,True
4,1185,323.68,False,nsdp_full,16,27,0,False,nsdp_full,16,35,,True
5,1185,323.68,False,nsdp_full,16,20,0,False,nsdp_full,16,13,,True
7,1185,323.68,False,nsdp_full,16,16,0,False,nsdp_full,16,16,,True
8,1185,323.68,False,nsdp_full,16,35,0,False,nsdp_full,16,35,,True
2,1186,323.7,False,nsdp_full,16,17,0,False,nsdp_full,16,19,,True
3,1186,323.7,False,nsdp_full,16,4,0,False,nsdp_full,16,5,,True
4,1186,323.7,False,nsdp_full,16,27,0,False,nsdp_full,16,35,,True
5,1186,323.7,False,nsdp_full,16,20,0,False,nsdp_full,16,13,,True
7,1186,323.7,False,nsdp_full,16,16,0,False,nsdp_full,16,16,,True
8,1186,323.7,False,nsdp_full,16,35,0,False,nsdp_full,16,35,,True
2,1187,323.72,False,nsdp_full,16,17,0,False,nsdp_full,16,19,,True
3,1187,323.72,False,nsdp_full,16,4,0,False,nsdp_full,16,5,,True
4,1187,323.72,False,nsdp_full,16,27,0,False,nsdp_full,16,35,,True
5,1187,323.72,False,nsdp_full,16,20,0,False,nsdp_full,16,13,,True
7,1187,323.72,False,nsdp_full,16,16,0,False,nsdp_full,16,16,,True
8,1187,323.72,False,nsdp_full,16,35,0,False,nsdp_full,16,35,,True
2,1188,323.74,False,nsdp_full,16,17,0,False,nsdp_full,16,19,,True
3,1188,323.74,False,nsdp_full,16,4,0,False,nsdp_full,16,5,,True
4,1188,323.74,False,nsdp_full,16,27,0,False,nsdp_full,16,35,,True
5,1188,323.74,False,nsdp_full,16,20,0,False,nsdp_full,16,13,,True
7,1188,323.74,False,nsdp_full,16,16,0,False,nsdp_full,16,16,,True
8,1188,323.74,False,nsdp_full,16,35,0,False,nsdp_full,16,35,,True
2,1189,323.76,False,nsdp_full,16,17,0,False,nsdp_full,16,19,,True
3,1189,323.76,False,nsdp_full,16,4,0,False,nsdp_full,16,5,,True
4,1189,323.76,False,nsdp_full,16,27,0,False,nsdp_full,16,35,,True
5,1189,323.76,False,nsdp_full,16,20,0,False,nsdp_full,16,13,,True
7,1189,323.76,False,nsdp_full,16,16,0,False,nsdp_full,16,16,,True
8,1189,323.76,False,nsdp_full,16,35,0,False,nsdp_full,16,35,,True
2,1190,323.78,False,nsdp_full,16,17,0,False,nsdp_full,16,19,,True
3,1190,323.78,False,nsdp_full,16,4,0,False,nsdp_full,16,5,,True
4,1190,323.78,False,nsdp_full,16,27,0,False,nsdp_full,16,35,,True
5,1190,323.78,False,nsdp_full,16,20,0,False,nsdp_full,16,13,,True
7,1190,323.78,False,nsdp_full,16,16,0,False,nsdp_full,16,16,,True
8,1190,323.78,False,nsdp_full,16,35,0,False,nsdp_full,16,35,,True
2,1191,323.8,False,nsdp_full,16,17,0,False,nsdp_full,16,19,,True
3,1191,323.8,False,nsdp_full,16,4,0,False,nsdp_full,16,5,,True
4,1191,323.8,False,nsdp_full,16,27,0,False,nsdp_full,16,35,,True
5,1191,323.8,False,nsdp_full,16,20,0,False,nsdp_full,16,13,,True
7,1191,323.8,False,nsdp_full,16,16,0,False,nsdp_full,16,16,,True
8,1191,323.8,False,nsdp_full,16,35,0,False,nsdp_full,16,35,,True
2,1192,323.82,False,nsdp_full,16,17,0,False,nsdp_full,16,19,,True
3,1192,323.82,False,nsdp_full,16,4,0,False,nsdp_full,16,5,,True
4,1192,323.82,False,nsdp_full,16,27,0,False,nsdp_full,16,35,,True
5,1192,323.82,False,nsdp_full,16,20,0,False,nsdp_full,16,13,,True
7,1192,323.82,False,nsdp_full,16,16,0,False,nsdp_full,16,16,,True
8,1192,323.82,False,nsdp_full,16,35,0,False,nsdp_full,16,35,,True
2,1193,323.84,False,nsdp_full,16,17,0,False,nsdp_full,16,19,,True
3,1193,323.84,False,nsdp_full,16,4,0,False,nsdp_full,16,5,,True
4,1193,323.84,False,nsdp_full,16,27,0,False,nsdp_full,16,35,,True
5,1193,323.84,False,nsdp_full,16,20,0,False,nsdp_full,16,13,,True
7,1193,323.84,False,nsdp_full,16,16,0,False,nsdp_full,16,16,,True
8,1193,323.84,False,nsdp_full,16,35,0,False,nsdp_full,16,35,,True
2,1194,323.86,False,nsdp_full,16,17,0,False,nsdp_full,16,19,,True
3,1194,323.86,False,nsdp_full,16,4,0,False,nsdp_full,16,5,,True
4,1194,323.86,False,nsdp_full,16,27,0,False,nsdp_full,16,35,,True
5,1194,323.86,False,nsdp_full,16,20,0,False,nsdp_full,16,13,,True
7,1194,323.86,False,nsdp_full,16,16,0,False,nsdp_full,16,16,,True
8,1194,323.86,False,nsdp_full,16,35,0,False,nsdp_full,16,35,,True
2,1195,323.88,False,nsdp_full,16,17,0,False,nsdp_full,16,19,,True
3,1195,323.88,False,nsdp_full,16,4,0,False,nsdp_full,16,5,,True
4,1195,323.88,False,nsdp_full,16,27,0,False,nsdp_full,16,35,,True
5,1195,323.88,False,nsdp_full,16,20,0,False,nsdp_full,16,13,,True
7,1195,323.88,False,nsdp_full,16,16,0,False,nsdp_full,16,16,,True
8,1195,323.88,False,nsdp_full,16,35,0,False,nsdp_full,16,35,,True
2,1196,323.9,False,nsdp_full,16,17,0,False,nsdp_full,16,19,,True
3,1196,323.9,False,nsdp_full,16,4,0,False,nsdp_full,16,5,,True
4,1196,323.9,False,nsdp_full,16,27,0,False,nsdp_full,16,35,,True
5,1196,323.9,False,nsdp_full,16,20,0,False,nsdp_full,16,13,,True
7,1196,323.9,False,nsdp_full,16,16,0,False,nsdp_full,16,16,,True
8,1196,323.9,False,nsdp_full,16,35,0,False,nsdp_full,16,35,,True
2,1197,323.92,False,nsdp_full,16,17,0,False,nsdp_full,16,19,,True
3,1197,323.92,False,nsdp_full,16,4,0,False,nsdp_full,16,5,,True
4,1197,323.92,False,nsdp_full,16,27,0,False,nsdp_full,16,35,,True
5,1197,323.92,False,nsdp_full,16,20,0,False,nsdp_full,16,13,,True
7,1197,323.92,False,nsdp_full,16,16,0,False,nsdp_full,16,16,,True
8,1197,323.92,False,nsdp_full,16,35,0,False,nsdp_full,16,35,,True
2,1198,323.94,False,nsdp_full,16,17,0,False,nsdp_full,16,19,,True
3,1198,323.94,False,nsdp_full,16,4,0,False,nsdp_full,16,5,,True
4,1198,323.94,False,nsdp_full,16,27,0,False,nsdp_full,16,35,,True
5,1198,323.94,False,nsdp_full,16,20,0,False,nsdp_full,16,13,,True
7,1198,323.94,False,nsdp_full,16,16,0,False,nsdp_full,16,16,,True
8,1198,323.94,False,nsdp_full,16,35,0,False,nsdp_full,16,35,,True
2,1199,323.96,False,nsdp_full,16,17,0,False,nsdp_full,16,19,,True
3,1199,323.96,False,nsdp_full,16,4,0,False,nsdp_full,16,5,,True
4,1199,323.96,False,nsdp_full,16,27,0,False,nsdp_full,16,35,,True
5,1199,323.96,False,nsdp_full,16,20,0,False,nsdp_full,16,13,,True
7,1199,323.96,False,nsdp_full,16,16,0,False,nsdp_full,16,16,,True
8,1199,323.96,False,nsdp_full,16,35,0,False,nsdp_full,16,35,,True
2,1200,323.98,False,nsdp_full,16,17,0,False,nsdp_full,16,19,,True
3,1200,323.98,False,nsdp_full,16,4,0,False,nsdp_full,16,5,,True
4,1200,323.98,False,nsdp_full,16,27,0,False,nsdp_full,16,35,,True
5,1200,323.98,False,nsdp_full,16,20,0,False,nsdp_full,16,13,,True
7,1200,323.98,False,nsdp_full,16,16,0,False,nsdp_full,16,16,,True
8,1200,323.98,False,nsdp_full,16,35,0,False,nsdp_full,16,35,,True
2,1201,324,False,nsdp_full,16,17,0,False,nsdp_full,16,19,,True
3,1201,324,False,nsdp_full,16,4,0,False,nsdp_full,16,5,,True
4,1201,324,False,nsdp_full,16,27,0,False,nsdp_full,16,35,,True
5,1201,324,False,nsdp_full,16,20,0,False,nsdp_full,16,13,,True
7,1201,324,False,nsdp_full,16,16,0,False,nsdp_full,16,16,,True
8,1201,324,False,nsdp_full,16,35,0,False,nsdp_full,16,35,,True
2,1202,324.02,False,nsdp_full,16,17,0,False,nsdp_full,16,19,,True
3,1202,324.02,False,nsdp_full,16,4,0,False,nsdp_full,16,5,,True
4,1202,324.02,False,nsdp_full,16,27,0,False,nsdp_full,16,35,,True
5,1202,324.02,False,nsdp_full,16,20,0,False,nsdp_full,16,13,,True
7,1202,324.02,False,nsdp_full,16,16,0,False,nsdp_full,16,16,,True
8,1202,324.02,False,nsdp_full,16,35,0,False,nsdp_full,16,35,,True
2,1203,324.04,False,nsdp_full,16,18,0,False,nsdp_full,16,19,,True
3,1203,324.04,False,nsdp_full,16,4,0,False,nsdp_full,16,5,,True
4,1203,324.04,False,nsdp_full,16,27,0,False,nsdp_full,16,35,,True
5,1203,324.04,False,nsdp_full,16,20,0,False,nsdp_full,16,13,,True
7,1203,324.04,False,nsdp_full,16,16,0,False,nsdp_full,16,16,,True
8,1203,324.04,False,nsdp_full,16,35,0,False,nsdp_full,16,35,,True
2,1204,324.06,False,nsdp_full,16,18,0,False,nsdp_full,16,19,,True
3,1204,324.06,False,nsdp_full,16,4,0,False,nsdp_full,16,5,,True
4,1204,324.06,False,nsdp_full,16,27,0,False,nsdp_full,16,35,,True
5,1204,324.06,False,nsdp_full,16,20,0,False,nsdp_full,16,13,,True
7,1204,324.06,False,nsdp_full,16,16,0,False,nsdp_full,16,16,,True
8,1204,324.06,False,nsdp_full,16,35,0,False,nsdp_full,16,35,,True
2,1205,324.08,False,nsdp_full,16,18,0,False,nsdp_full,16,19,,True
3,1205,324.08,False,nsdp_full,16,4,0,False,nsdp_full,16,5,,True
4,1205,324.08,False,nsdp_full,16,27,0,False,nsdp_full,16,35,,True
5,1205,324.08,False,nsdp_full,16,20,0,False,nsdp_full,16,13,,True
7,1205,324.08,False,nsdp_full,16,16,0,False,nsdp_full,16,16,,True
8,1205,324.08,False,nsdp_full,16,35,0,False,nsdp_full,16,35,,True
2,1206,324.1,False,nsdp_full,16,18,0,False,nsdp_full,16,19,,True
3,1206,324.1,False,nsdp_full,16,4,0,False,nsdp_full,16,5,,True
4,1206,324.1,False,nsdp_full,16,27,0,False,nsdp_full,16,35,,True
5,1206,324.1,False,nsdp_full,16,20,0,False,nsdp_full,16,13,,True
7,1206,324.1,False,nsdp_full,16,16,0,False,nsdp_full,16,16,,True
8,1206,324.1,False,nsdp_full,16,35,0,False,nsdp_full,16,35,,True
2,1207,324.12,False,nsdp_full,16,18,0,False,nsdp_full,16,20,,True
3,1207,324.12,False,nsdp_full,16,4,0,False,nsdp_full,16,5,,True
4,1207,324.12,False,nsdp_full,16,27,0,False,nsdp_full,16,35,,True
5,1207,324.12,False,nsdp_full,16,20,0,False,nsdp_full,16,13,,True
7,1207,324.12,False,nsdp_full,16,16,0,False,nsdp_full,16,16,,True
8,1207,324.12,False,nsdp_full,16,35,0,False,nsdp_full,16,35,,True
2,1208,324.14,False,nsdp_full,16,18,0,False,nsdp_full,16,20,,True
3,1208,324.14,False,nsdp_full,16,4,0,False,nsdp_full,16,5,,True
4,1208,324.14,False,nsdp_full,16,27,0,False,nsdp_full,16,35,,True
5,1208,324.14,False,nsdp_full,16,20,0,False,nsdp_full,16,13,,True
7,1208,324.14,False,nsdp_full,16,16,0,False,nsdp_full,16,16,,True
8,1208,324.14,False,nsdp_full,16,35,0,False,nsdp_full,16,35,,True
2,1209,324.16,False,nsdp_full,16,18,0,False,nsdp_full,16,20,,True
3,1209,324.16,False,nsdp_full,16,4,0,False,nsdp_full,16,5,,True
4,1209,324.16,False,nsdp_full,16,27,0,False,nsdp_full,16,35,,True
5,1209,324.16,False,nsdp_full,16,20,0,False,nsdp_full,16,13,,True
7,1209,324.16,False,nsdp_full,16,16,0,False,nsdp_full,16,16,,True
8,1209,324.16,False,nsdp_full,16,35,0,False,nsdp_full,16,35,,True
2,1210,324.18,False,nsdp_full,16,18,0,False,nsdp_full,16,20,,True
3,1210,324.18,False,nsdp_full,16,4,0,False,nsdp_full,16,5,,True
4,1210,324.18,False,nsdp_full,16,27,0,False,nsdp_full,16,35,,True
5,1210,324.18,False,nsdp_full,16,20,0,False,nsdp_full,16,13,,True
7,1210,324.18,False,nsdp_full,16,16,0,False,nsdp_full,16,16,,True
8,1210,324.18,False,nsdp_full,16,35,0,False,nsdp_full,16,35,,True
2,1211,324.2,False,nsdp_full,16,18,0,False,nsdp_full,16,20,,True
3,1211,324.2,False,nsdp_full,16,4,0,False,nsdp_full,16,5,,True
4,1211,324.2,False,nsdp_full,16,27,0,False,nsdp_full,16,35,,True
5,1211,324.2,False,nsdp_full,16,20,0,False,nsdp_full,16,13,,True
7,1211,324.2,False,nsdp_full,16,16,0,False,nsdp_full,16,16,,True
8,1211,324.2,False,nsdp_full,16,35,0,False,nsdp_full,16,35,,True
2,1212,324.22,False,nsdp_full,16,18,0,False,nsdp_full,16,20,,True
3,1212,324.22,False,nsdp_full,16,4,0,False,nsdp_full,16,5,,True
4,1212,324.22,False,nsdp_full,16,27,0,False,nsdp_full,16,35,,True
5,1212,324.22,False,nsdp_full,16,20,0,False,nsdp_full,16,13,,True
7,1212,324.22,False,nsdp_full,16,16,0,False,nsdp_full,16,16,,True
8,1212,324.22,False,nsdp_full,16,35,0,False,nsdp_full,16,35,,True
2,1213,324.24,False,nsdp_full,16,18,0,False,nsdp_full,16,20,,True
3,1213,324.24,False,nsdp_full,16,4,0,False,nsdp_full,16,5,,True
4,1213,324.24,False,nsdp_full,16,27,0,False,nsdp_full,16,35,,True
5,1213,324.24,False,nsdp_full,16,20,0,False,nsdp_full,16,13,,True
7,1213,324.24,False,nsdp_full,16,16,0,False,nsdp_full,16,16,,True
8,1213,324.24,False,nsdp_full,16,35,0,True,admitted,15,34,1162,False
2,1214,324.26,False,nsdp_full,16,18,0,False,nsdp_full,16,20,,True
3,1214,324.26,False,nsdp_full,16,4,0,False,nsdp_full,16,5,,True
4,1214,324.26,False,nsdp_full,16,27,0,False,nsdp_full,16,35,,True
5,1214,324.26,False,nsdp_full,16,20,0,False,nsdp_full,16,13,,True
7,1214,324.26,False,nsdp_full,16,16,0,False,nsdp_full,16,16,,True
8,1214,324.26,False,nsdp_full,16,35,0,False,nsdp_full,16,35,,True
2,1215,324.28,False,nsdp_full,16,18,0,False,nsdp_full,16,20,,True
3,1215,324.28,False,nsdp_full,16,4,0,True,admitted,13,1,1163,False
4,1215,324.28,False,nsdp_full,16,27,0,False,nsdp_full,16,35,,True
5,1215,324.28,False,nsdp_full,16,20,0,False,nsdp_full,16,13,,True
7,1215,324.28,False,nsdp_full,16,16,0,False,nsdp_full,16,16,,True
8,1215,324.28,False,nsdp_full,16,35,0,False,nsdp_full,16,35,,True
2,1216,324.3,False,nsdp_full,16,18,0,False,nsdp_full,16,20,,True
3,1216,324.3,False,nsdp_full,16,4,0,True,admitted,14,2,1164,False
4,1216,324.3,False,nsdp_full,16,27,0,False,nsdp_full,16,35,,True
5,1216,324.3,False,nsdp_full,16,20,0,False,nsdp_full,16,13,,True
7,1216,324.3,False,nsdp_full,16,16,0,False,nsdp_full,16,16,,True
8,1216,324.3,True,admitted,15,34,182,False,nsdp_full,16,35,,False
2,1217,324.32,False,nsdp_full,16,18,0,False,nsdp_full,16,20,,True
3,1217,324.32,False,nsdp_full,16,4,0,True,admitted,15,3,1165,False
4,1217,324.32,False,nsdp_full,16,27,0,False,nsdp_full,16,35,,True
5,1217,324.32,False,nsdp_full,16,20,0,False,nsdp_full,16,13,,True
7,1217,324.32,False,nsdp_full,16,16,0,False,nsdp_full,16,16,,True
8,1217,324.32,False,nsdp_full,16,35,0,False,nsdp_full,16,35,,True
2,1218,324.34,False,nsdp_full,16,18,0,False,nsdp_full,16,20,,True
3,1218,324.34,False,nsdp_full,16,4,0,False,nsdp_full,16,4,,True
4,1218,324.34,False,nsdp_full,16,27,0,False,nsdp_full,16,35,,True
5,1218,324.34,False,nsdp_full,16,20,0,False,nsdp_full,16,13,,True
7,1218,324.34,False,nsdp_full,16,16,0,False,nsdp_full,16,16,,True
8,1218,324.34,False,nsdp_full,16,35,0,False,nsdp_full,16,35,,True
2,1219,324.36,False,nsdp_full,16,18,0,False,nsdp_full,16,20,,True
3,1219,324.36,False,nsdp_full,16,4,0,False,nsdp_full,16,4,,True
4,1219,324.36,False,nsdp_full,16,27,0,False,nsdp_full,16,35,,True
5,1219,324.36,False,nsdp_full,16,20,0,False,nsdp_full,16,13,,True
7,1219,324.36,False,nsdp_full,16,16,0,False,nsdp_full,16,16,,True
8,1219,324.36,False,nsdp_full,16,35,0,False,nsdp_full,16,35,,True
2,1220,324.38,False,nsdp_full,16,18,0,False,nsdp_full,16,20,,True
3,1220,324.38,False,nsdp_full,16,4,0,False,nsdp_full,16,4,,True
4,1220,324.38,False,nsdp_full,16,27,0,False,nsdp_full,16,35,,True
5,1220,324.38,False,nsdp_full,16,20,0,False,nsdp_full,16,13,,True
7,1220,324.38,False,nsdp_full,16,16,0,False,nsdp_full,16,16,,True
8,1220,324.38,False,nsdp_full,16,35,0,False,nsdp_full,16,35,,True
2,1221,324.4,False,nsdp_full,16,18,0,False,nsdp_full,16,20,,True
3,1221,324.4,False,nsdp_full,16,4,0,False,nsdp_full,16,4,,True
4,1221,324.4,False,nsdp_full,16,27,0,False,nsdp_full,16,35,,True
5,1221,324.4,False,nsdp_full,16,20,0,False,nsdp_full,16,13,,True
7,1221,324.4,False,nsdp_full,16,16,0,False,nsdp_full,16,16,,True
8,1221,324.4,False,nsdp_full,16,35,0,False,nsdp_full,16,35,,True
2,1222,324.42,False,nsdp_full,16,18,0,False,nsdp_full,16,20,,True
3,1222,324.42,False,nsdp_full,16,4,0,False,nsdp_full,16,4,,True
4,1222,324.42,False,nsdp_full,16,27,0,False,nsdp_full,16,35,,True
5,1222,324.42,False,nsdp_full,16,20,0,False,nsdp_full,16,13,,True
7,1222,324.42,False,nsdp_full,16,16,0,False,nsdp_full,16,16,,True
8,1222,324.42,False,nsdp_full,16,35,0,False,nsdp_full,16,35,,True
2,1223,324.44,False,nsdp_full,16,18,0,False,nsdp_full,16,20,,True
3,1223,324.44,False,nsdp_full,16,4,0,False,nsdp_full,16,4,,True
4,1223,324.44,False,nsdp_full,16,27,0,False,nsdp_full,16,35,,True
5,1223,324.44,False,nsdp_full,16,20,0,False,nsdp_full,16,13,,True
7,1223,324.44,False,nsdp_full,16,16,0,False,nsdp_full,16,16,,True
8,1223,324.44,False,nsdp_full,16,35,0,False,nsdp_full,16,35,,True
2,1224,324.46,False,nsdp_full,16,18,0,False,nsdp_full,16,20,,True
3,1224,324.46,False,nsdp_full,16,4,0,False,nsdp_full,16,4,,True
4,1224,324.46,False,nsdp_full,16,27,0,False,nsdp_full,16,35,,True
5,1224,324.46,False,nsdp_full,16,20,0,False,nsdp_full,16,13,,True
7,1224,324.46,False,nsdp_full,16,16,0,False,nsdp_full,16,16,,True
8,1224,324.46,False,nsdp_full,16,35,0,False,nsdp_full,16,35,,True
2,1225,324.48,False,nsdp_full,16,18,0,False,nsdp_full,16,20,,True
3,1225,324.48,False,nsdp_full,16,4,0,False,nsdp_full,16,4,,True
4,1225,324.48,False,nsdp_full,16,27,0,False,nsdp_full,16,35,,True
5,1225,324.48,False,nsdp_full,16,20,0,False,nsdp_full,16,13,,True
7,1225,324.48,False,nsdp_full,16,16,0,False,nsdp_full,16,16,,True
8,1225,324.48,False,nsdp_full,16,35,0,False,nsdp_full,16,35,,True
2,1226,324.5,False,nsdp_full,16,18,0,False,nsdp_full,16,20,,True
3,1226,324.5,False,nsdp_full,16,4,0,False,nsdp_full,16,4,,True
4,1226,324.5,False,nsdp_full,16,27,0,False,nsdp_full,16,35,,True
5,1226,324.5,False,nsdp_full,16,20,0,False,nsdp_full,16,13,,True
7,1226,324.5,False,nsdp_full,16,16,0,False,nsdp_full,16,16,,True
8,1226,324.5,False,nsdp_full,16,35,0,False,nsdp_full,16,35,,True
2,1227,324.52,False,nsdp_full,16,18,0,False,nsdp_full,16,20,,True
3,1227,324.52,False,nsdp_full,16,4,0,False,nsdp_full,16,4,,True
4,1227,324.52,False,nsdp_full,16,27,0,False,nsdp_full,16,35,,True
5,1227,324.52,False,nsdp_full,16,20,0,False,nsdp_full,16,13,,True
7,1227,324.52,False,nsdp_full,16,16,0,False,nsdp_full,16,16,,True
8,1227,324.52,False,nsdp_full,16,35,0,False,nsdp_full,16,35,,True
2,1228,324.54,False,nsdp_full,16,18,0,False,nsdp_full,16,20,,True
3,1228,324.54,False,nsdp_full,16,4,0,False,nsdp_full,16,4,,True
4,1228,324.54,False,nsdp_full,16,27,0,False,nsdp_full,16,35,,True
5,1228,324.54,False,nsdp_full,16,20,0,False,nsdp_full,16,13,,True
7,1228,324.54,False,nsdp_full,16,16,0,False,nsdp_full,16,16,,True
8,1228,324.54,False,nsdp_full,16,35,0,False,nsdp_full,16,35,,True
2,1229,324.56,False,nsdp_full,16,18,0,False,nsdp_full,16,20,,True
3,1229,324.56,False,nsdp_full,16,4,0,False,nsdp_full,16,4,,True
4,1229,324.56,False,nsdp_full,16,27,0,False,nsdp_full,16,35,,True
5,1229,324.56,False,nsdp_full,16,20,0,False,nsdp_full,16,13,,True
7,1229,324.56,False,nsdp_full,16,16,0,False,nsdp_full,16,16,,True
8,1229,324.56,False,nsdp_full,16,35,0,False,nsdp_full,16,35,,True
2,1230,324.58,False,nsdp_full,16,18,0,False,nsdp_full,16,20,,True
3,1230,324.58,False,nsdp_full,16,4,0,False,nsdp_full,16,4,,True
4,1230,324.58,False,nsdp_full,16,27,0,False,nsdp_full,16,35,,True
5,1230,324.58,False,nsdp_full,16,20,0,False,nsdp_full,16,13,,True
7,1230,324.58,False,nsdp_full,16,16,0,False,nsdp_full,16,16,,True
8,1230,324.58,False,nsdp_full,16,35,0,False,nsdp_full,16,35,,True
2,1231,324.6,False,nsdp_full,16,18,0,False,nsdp_full,16,20,,True
3,1231,324.6,False,nsdp_full,16,4,0,False,nsdp_full,16,4,,True
4,1231,324.6,False,nsdp_full,16,27,0,False,nsdp_full,16,35,,True
5,1231,324.6,False,nsdp_full,16,20,0,False,nsdp_full,16,13,,True
7,1231,324.6,False,nsdp_full,16,16,0,False,nsdp_full,16,16,,True
8,1231,324.6,False,nsdp_full,16,35,0,False,nsdp_full,16,35,,True
2,1232,324.62,False,nsdp_full,16,18,0,False,nsdp_full,16,20,,True
3,1232,324.62,False,nsdp_full,16,4,0,False,nsdp_full,16,4,,True
4,1232,324.62,False,nsdp_full,16,27,0,False,nsdp_full,16,35,,True
5,1232,324.62,False,nsdp_full,16,20,0,False,nsdp_full,16,13,,True
7,1232,324.62,False,nsdp_full,16,16,0,False,nsdp_full,16,16,,True
8,1232,324.62,False,nsdp_full,16,35,0,False,nsdp_full,16,35,,True
2,1233,324.64,False,nsdp_full,16,18,0,False,nsdp_full,16,20,,True
3,1233,324.64,False,nsdp_full,16,4,0,False,nsdp_full,16,4,,True
4,1233,324.64,False,nsdp_full,16,27,0,False,nsdp_full,16,35,,True
5,1233,324.64,False,nsdp_full,16,20,0,False,nsdp_full,16,13,,True
7,1233,324.64,False,nsdp_full,16,16,0,False,nsdp_full,16,16,,True
8,1233,324.64,False,nsdp_full,16,35,0,False,nsdp_full,16,35,,True
2,1234,324.66,False,nsdp_full,16,18,0,False,nsdp_full,16,20,,True
3,1234,324.66,False,nsdp_full,16,4,0,False,nsdp_full,16,4,,True
4,1234,324.66,False,nsdp_full,16,27,0,False,nsdp_full,16,35,,True
5,1234,324.66,False,nsdp_full,16,20,0,False,nsdp_full,16,13,,True
7,1234,324.66,False,nsdp_full,16,16,0,False,nsdp_full,16,16,,True
8,1234,324.66,False,nsdp_full,16,35,0,False,nsdp_full,16,35,,True
2,1235,324.68,False,nsdp_full,16,18,0,False,nsdp_full,16,20,,True
3,1235,324.68,False,nsdp_full,16,4,0,False,nsdp_full,16,4,,True
4,1235,324.68,False,nsdp_full,16,27,0,False,nsdp_full,16,35,,True
5,1235,324.68,False,nsdp_full,16,20,0,False,nsdp_full,16,13,,True
7,1235,324.68,False,nsdp_full,16,16,0,False,nsdp_full,16,16,,True
8,1235,324.68,False,nsdp_full,16,35,0,False,nsdp_full,16,35,,True
2,1236,324.7,False,nsdp_full,16,18,0,False,nsdp_full,16,20,,True
3,1236,324.7,False,nsdp_full,16,4,0,False,nsdp_full,16,4,,True
4,1236,324.7,False,nsdp_full,16,27,0,False,nsdp_full,16,35,,True
5,1236,324.7,False,nsdp_full,16,20,0,False,nsdp_full,16,13,,True
7,1236,324.7,False,nsdp_full,16,16,0,False,nsdp_full,16,16,,True
8,1236,324.7,False,nsdp_full,16,35,0,False,nsdp_full,16,35,,True
2,1237,324.72,False,nsdp_full,16,18,0,False,nsdp_full,16,20,,True
3,1237,324.72,False,nsdp_full,16,4,0,False,nsdp_full,16,4,,True
4,1237,324.72,False,nsdp_full,16,27,0,False,nsdp_full,16,35,,True
5,1237,324.72,False,nsdp_full,16,20,0,False,nsdp_full,16,13,,True
7,1237,324.72,False,nsdp_full,16,16,0,False,nsdp_full,16,16,,True
8,1237,324.72,False,nsdp_full,16,35,0,False,nsdp_full,16,35,,True
2,1238,324.74,False,nsdp_full,16,18,0,False,nsdp_full,16,20,,True
3,1238,324.74,False,nsdp_full,16,4,0,False,nsdp_full,16,4,,True
4,1238,324.74,False,nsdp_full,16,27,0,False,nsdp_full,16,35,,True
5,1238,324.74,False,nsdp_full,16,20,0,False,nsdp_full,16,13,,True
7,1238,324.74,False,nsdp_full,16,16,0,False,nsdp_full,16,16,,True
8,1238,324.74,False,nsdp_full,16,35,0,False,nsdp_full,16,35,,True
2,1239,324.76,False,nsdp_full,16,19,0,False,nsdp_full,16,20,,True
3,1239,324.76,False,nsdp_full,16,4,0,True,admitted,15,2,1167,False
4,1239,324.76,False,nsdp_full,16,27,0,False,nsdp_full,16,35,,True
5,1239,324.76,False,nsdp_full,16,20,0,False,nsdp_full,16,13,,True
7,1239,324.76,False,nsdp_full,16,16,0,False,nsdp_full,16,16,,True
8,1239,324.76,False,nsdp_full,16,35,0,False,nsdp_full,16,35,,True
2,1240,324.78,False,nsdp_full,16,19,0,False,nsdp_full,16,20,,True
3,1240,324.78,False,nsdp_full,16,4,0,False,nsdp_full,16,3,,True
4,1240,324.78,False,nsdp_full,16,27,0,False,nsdp_full,16,35,,True
5,1240,324.78,False,nsdp_full,16,20,0,False,nsdp_full,16,13,,True
7,1240,324.78,False,nsdp_full,16,16,0,False,nsdp_full,16,16,,True
8,1240,324.78,False,nsdp_full,16,35,0,False,nsdp_full,16,35,,True
2,1241,324.8,False,nsdp_full,16,19,0,False,nsdp_full,16,20,,True
3,1241,324.8,False,nsdp_full,16,4,0,False,nsdp_full,16,3,,True
4,1241,324.8,False,nsdp_full,16,27,0,False,nsdp_full,16,35,,True
5,1241,324.8,False,nsdp_full,16,20,0,False,nsdp_full,16,13,,True
7,1241,324.8,False,nsdp_full,16,16,0,False,nsdp_full,16,16,,True
8,1241,324.8,False,nsdp_full,16,35,0,False,nsdp_full,16,35,,True
2,1242,324.82,False,nsdp_full,16,19,0,False,nsdp_full,16,20,,True
3,1242,324.82,False,nsdp_full,16,4,0,False,nsdp_full,16,3,,True
4,1242,324.82,False,nsdp_full,16,27,0,False,nsdp_full,16,35,,True
5,1242,324.82,False,nsdp_full,16,20,0,False,nsdp_full,16,13,,True
7,1242,324.82,False,nsdp_full,16,16,0,False,nsdp_full,16,16,,True
8,1242,324.82,False,nsdp_full,16,35,0,False,nsdp_full,16,35,,True
2,1243,324.84,False,nsdp_full,16,19,0,False,nsdp_full,16,20,,True
3,1243,324.84,False,nsdp_full,16,4,0,False,nsdp_full,16,3,,True
4,1243,324.84,False,nsdp_full,16,27,0,False,nsdp_full,16,35,,True
5,1243,324.84,False,nsdp_full,16,20,0,False,nsdp_full,16,13,,True
7,1243,324.84,False,nsdp_full,16,16,0,False,nsdp_full,16,16,,True
8,1243,324.84,False,nsdp_full,16,35,0,False,nsdp_full,16,35,,True
2,1244,324.86,False,nsdp_full,16,19,0,False,nsdp_full,16,20,,True
3,1244,324.86,False,nsdp_full,16,4,0,False,nsdp_full,16,3,,True
4,1244,324.86,False,nsdp_full,16,27,0,False,nsdp_full,16,35,,True
5,1244,324.86,False,nsdp_full,16,20,0,False,nsdp_full,16,13,,True
7,1244,324.86,False,nsdp_full,16,16,0,False,nsdp_full,16,16,,True
8,1244,324.86,False,nsdp_full,16,35,0,False,nsdp_full,16,35,,True
2,1245,324.88,False,nsdp_full,16,19,0,False,nsdp_full,16,21,,True
3,1245,324.88,False,nsdp_full,16,4,0,False,nsdp_full,16,3,,True
4,1245,324.88,False,nsdp_full,16,27,0,False,nsdp_full,16,35,,True
5,1245,324.88,False,nsdp_full,16,20,0,False,nsdp_full,16,13,,True
7,1245,324.88,False,nsdp_full,16,16,0,False,nsdp_full,16,16,,True
8,1245,324.88,False,nsdp_full,16,35,0,False,nsdp_full,16,35,,True
2,1246,324.9,False,nsdp_full,16,19,0,False,nsdp_full,16,21,,True
3,1246,324.9,False,nsdp_full,16,4,0,False,nsdp_full,16,3,,True
4,1246,324.9,False,nsdp_full,16,27,0,False,nsdp_full,16,35,,True
5,1246,324.9,False,nsdp_full,16,20,0,False,nsdp_full,16,13,,True
7,1246,324.9,False,nsdp_full,16,16,0,False,nsdp_full,16,16,,True
8,1246,324.9,False,nsdp_full,16,35,0,False,nsdp_full,16,35,,True
2,1247,324.92,False,nsdp_full,16,19,0,False,nsdp_full,16,21,,True
3,1247,324.92,False,nsdp_full,16,4,0,False,nsdp_full,16,3,,True
4,1247,324.92,False,nsdp_full,16,27,0,False,nsdp_full,16,35,,True
5,1247,324.92,False,nsdp_full,16,20,0,False,nsdp_full,16,13,,True
7,1247,324.92,False,nsdp_full,16,16,0,False,nsdp_full,16,16,,True
8,1247,324.92,False,nsdp_full,16,35,0,False,nsdp_full,16,35,,True
2,1248,324.94,False,nsdp_full,16,19,0,False,nsdp_full,16,21,,True
3,1248,324.94,False,nsdp_full,16,4,0,False,nsdp_full,16,3,,True
4,1248,324.94,False,nsdp_full,16,27,0,False,nsdp_full,16,35,,True
5,1248,324.94,False,nsdp_full,16,20,0,False,nsdp_full,16,13,,True
7,1248,324.94,False,nsdp_full,16,16,0,False,nsdp_full,16,16,,True
8,1248,324.94,False,nsdp_full,16,35,0,False,nsdp_full,16,35,,True
2,1249,324.96,False,nsdp_full,16,19,0,False,nsdp_full,16,21,,True
3,1249,324.96,True,admitted,14,1,183,False,nsdp_full,16,3,,False
4,1249,324.96,False,nsdp_full,16,27,0,False,nsdp_full,16,35,,True
5,1249,324.96,True,admitted,14,17,184,False,nsdp_full,16,13,,False
7,1249,324.96,False,nsdp_full,16,16,0,False,nsdp_full,16,16,,True
8,1249,324.96,False,nsdp_full,16,35,0,False,nsdp_full,16,35,,True
2,1250,324.98,False,nsdp_full,16,19,0,False,nsdp_full,16,21,,True
3,1250,324.98,True,admitted,15,2,185,False,nsdp_full,16,3,,False
4,1250,324.98,False,nsdp_full,16,27,0,False,nsdp_full,16,35,,True
5,1250,324.98,True,admitted,15,18,186,False,nsdp_full,16,13,,False
7,1250,324.98,False,nsdp_full,16,16,0,False,nsdp_full,16,16,,True
8,1250,324.98,False,nsdp_full,16,35,0,False,nsdp_full,16,35,,True
2,1251,325,False,nsdp_full,16,19,0,False,nsdp_full,16,21,,True
3,1251,325,False,nsdp_full,16,3,0,False,nsdp_full,16,3,,True
4,1251,325,False,nsdp_full,16,27,0,False,nsdp_full,16,35,,True
5,1251,325,False,nsdp_full,16,19,0,False,nsdp_full,16,13,,True
7,1251,325,False,nsdp_full,16,16,0,False,nsdp_full,16,16,,True
8,1251,325,False,nsdp_full,16,35,0,False,nsdp_full,16,35,,True
2,1252,325.02,False,nsdp_full,16,19,0,False,nsdp_full,16,21,,True
3,1252,325.02,False,nsdp_full,16,3,0,False,nsdp_full,16,3,,True
4,1252,325.02,False,nsdp_full,16,27,0,False,nsdp_full,16,35,,True
5,1252,325.02,False,nsdp_full,16,19,0,False,nsdp_full,16,13,,True
7,1252,325.02,False,nsdp_full,16,16,0,False,nsdp_full,16,16,,True
8,1252,325.02,False,nsdp_full,16,35,0,True,admitted,15,34,1170,False
2,1253,325.04,False,nsdp_full,16,19,0,False,nsdp_full,16,21,,True
3,1253,325.04,False,nsdp_full,16,3,0,False,nsdp_full,16,3,,True
4,1253,325.04,False,nsdp_full,16,27,0,False,nsdp_full,16,35,,True
5,1253,325.04,False,nsdp_full,16,19,0,False,nsdp_full,16,13,,True
7,1253,325.04,False,nsdp_full,16,16,0,False,nsdp_full,16,16,,True
8,1253,325.04,False,nsdp_full,16,35,0,False,nsdp_full,16,35,,True
2,1254,325.06,False,nsdp_full,16,19,0,False,nsdp_full,16,21,,True
3,1254,325.06,False,nsdp_full,16,3,0,False,nsdp_full,16,3,,True
4,1254,325.06,False,nsdp_full,16,27,0,False,nsdp_full,16,35,,True
5,1254,325.06,False,nsdp_full,16,19,0,False,nsdp_full,16,13,,True
7,1254,325.06,False,nsdp_full,16,16,0,False,nsdp_full,16,16,,True
8,1254,325.06,False,nsdp_full,16,35,0,False,nsdp_full,16,35,,True
2,1255,325.08,False,nsdp_full,16,19,0,False,nsdp_full,16,21,,True
3,1255,325.08,False,nsdp_full,16,3,0,False,nsdp_full,16,3,,True
4,1255,325.08,False,nsdp_full,16,27,0,False,nsdp_full,16,35,,True
5,1255,325.08,False,nsdp_full,16,19,0,False,nsdp_full,16,13,,True
7,1255,325.08,False,nsdp_full,16,16,0,False,nsdp_full,16,16,,True
8,1255,325.08,False,nsdp_full,16,35,0,False,nsdp_full,16,35,,True
2,1256,325.1,False,nsdp_full,16,19,0,False,nsdp_full,16,21,,True
3,1256,325.1,False,nsdp_full,16,3,0,False,nsdp_full,16,3,,True
4,1256,325.1,False,nsdp_full,16,27,0,False,nsdp_full,16,35,,True
5,1256,325.1,False,nsdp_full,16,19,0,False,nsdp_full,16,13,,True
7,1256,325.1,False,nsdp_full,16,16,0,False,nsdp_full,16,16,,True
8,1256,325.1,False,nsdp_full,16,35,0,False,nsdp_full,16,35,,True
2,1257,325.12,False,nsdp_full,16,20,0,False,nsdp_full,16,21,,True
3,1257,325.12,False,nsdp_full,16,3,0,False,nsdp_full,16,3,,True
4,1257,325.12,False,nsdp_full,16,27,0,False,nsdp_full,16,35,,True
5,1257,325.12,False,nsdp_full,16,19,0,False,nsdp_full,16,13,,True
7,1257,325.12,False,nsdp_full,16,16,0,False,nsdp_full,16,16,,True
8,1257,325.12,False,nsdp_full,16,35,0,False,nsdp_full,16,35,,True
2,1258,325.14,False,nsdp_full,16,20,0,False,nsdp_full,16,21,,True
3,1258,325.14,False,nsdp_full,16,3,0,False,nsdp_full,16,3,,True
4,1258,325.14,False,nsdp_full,16,27,0,False,nsdp_full,16,35,,True
5,1258,325.14,False,nsdp_full,16,19,0,False,nsdp_full,16,13,,True
7,1258,325.14,False,nsdp_full,16,16,0,False,nsdp_full,16,16,,True
8,1258,325.14,False,nsdp_full,16,35,0,False,nsdp_full,16,35,,True
2,1259,325.16,False,nsdp_full,16,20,0,False,nsdp_full,16,21,,True
3,1259,325.16,False,nsdp_full,16,3,0,False,nsdp_full,16,3,,True
4,1259,325.16,False,nsdp_full,16,27,0,False,nsdp_full,16,35,,True
5,1259,325.16,False,nsdp_full,16,19,0,True,admitted,15,12,1171,False
7,1259,325.16,False,nsdp_full,16,16,0,False,nsdp_full,16,16,,True
8,1259,325.16,False,nsdp_full,16,35,0,False,nsdp_full,16,35,,True
2,1260,325.18,False,nsdp_full,16,20,0,False,nsdp_full,16,21,,True
3,1260,325.18,False,nsdp_full,16,3,0,False,nsdp_full,16,3,,True
4,1260,325.18,False,nsdp_full,16,27,0,False,nsdp_full,16,35,,True
5,1260,325.18,False,nsdp_full,16,19,0,False,nsdp_full,16,13,,True
7,1260,325.18,False,nsdp_full,16,16,0,False,nsdp_full,16,16,,True
8,1260,325.18,False,nsdp_full,16,35,0,False,nsdp_full,16,35,,True
2,1261,325.2,False,nsdp_full,16,20,0,False,nsdp_full,16,21,,True
3,1261,325.2,False,nsdp_full,16,3,0,False,nsdp_full,16,3,,True
4,1261,325.2,False,nsdp_full,16,27,0,False,nsdp_full,16,35,,True
5,1261,325.2,False,nsdp_full,16,19,0,False,nsdp_full,16,13,,True
7,1261,325.2,False,nsdp_full,16,16,0,False,nsdp_full,16,16,,True
8,1261,325.2,False,nsdp_full,16,35,0,False,nsdp_full,16,35,,True
2,1262,325.22,False,nsdp_full,16,20,0,False,nsdp_full,16,21,,True
3,1262,325.22,False,nsdp_full,16,3,0,False,nsdp_full,16,3,,True
4,1262,325.22,False,nsdp_full,16,27,0,False,nsdp_full,16,35,,True
5,1262,325.22,False,nsdp_full,16,19,0,False,nsdp_full,16,13,,True
7,1262,325.22,False,nsdp_full,16,16,0,False,nsdp_full,16,16,,True
8,1262,325.22,False,nsdp_full,16,35,0,False,nsdp_full,16,35,,True
2,1263,325.24,False,nsdp_full,16,20,0,False,nsdp_full,16,21,,True
3,1263,325.24,False,nsdp_full,16,3,0,False,nsdp_full,16,3,,True
4,1263,325.24,False,nsdp_full,16,27,0,False,nsdp_full,16,35,,True
5,1263,325.24,False,nsdp_full,16,19,0,False,nsdp_full,16,13,,True
7,1263,325.24,False,nsdp_full,16,16,0,False,nsdp_full,16,16,,True
8,1263,325.24,False,nsdp_full,16,35,0,False,nsdp_full,16,35,,True
2,1264,325.26,False,nsdp_full,16,20,0,False,nsdp_full,16,21,,True
3,1264,325.26,False,nsdp_full,16,3,0,False,nsdp_full,16,3,,True
4,1264,325.26,False,nsdp_full,16,27,0,False,nsdp_full,16,35,,True
5,1264,325.26,False,nsdp_full,16,19,0,False,nsdp_full,16,13,,True
7,1264,325.26,False,nsdp_full,16,16,0,False,nsdp_full,16,16,,True
8,1264,325.26,False,nsdp_full,16,35,0,False,nsdp_full,16,35,,True
2,1265,325.28,False,nsdp_full,16,20,0,False,nsdp_full,16,21,,True
3,1265,325.28,False,nsdp_full,16,3,0,False,nsdp_full,16,3,,True
4,1265,325.28,False,nsdp_full,16,27,0,False,nsdp_full,16,35,,True
5,1265,325.28,False,nsdp_full,16,19,0,False,nsdp_full,16,13,,True
7,1265,325.28,False,nsdp_full,16,16,0,False,nsdp_full,16,16,,True
8,1265,325.28,False,nsdp_full,16,35,0,False,nsdp_full,16,35,,True
2,1266,325.3,False,nsdp_full,16,20,0,False,nsdp_full,16,21,,True
3,1266,325.3,False,nsdp_full,16,3,0,False,nsdp_full,16,3,,True
4,1266,325.3,False,nsdp_full,16,27,0,False,nsdp_full,16,35,,True
5,1266,325.3,False,nsdp_full,16,19,0,False,nsdp_full,16,13,,True
7,1266,325.3,False,nsdp_full,16,16,0,False,nsdp_full,16,16,,True
8,1266,325.3,False,nsdp_full,16,35,0,False,nsdp_full,16,35,,True
2,1267,325.32,False,nsdp_full,16,20,0,False,nsdp_full,16,21,,True
3,1267,325.32,False,nsdp_full,16,3,0,False,nsdp_full,16,3,,True
4,1267,325.32,False,nsdp_full,16,27,0,False,nsdp_full,16,35,,True
5,1267,325.32,False,nsdp_full,16,19,0,False,nsdp_full,16,13,,True
7,1267,325.32,False,nsdp_full,16,16,0,False,nsdp_full,16,16,,True
8,1267,325.32,False,nsdp_full,16,35,0,False,nsdp_full,16,35,,True
2,1268,325.34,False,nsdp_full,16,20,0,False,nsdp_full,16,21,,True
3,1268,325.34,False,nsdp_full,16,3,0,False,nsdp_full,16,3,,True
4,1268,325.34,False,nsdp_full,16,27,0,False,nsdp_full,16,35,,True
5,1268,325.34,False,nsdp_full,16,19,0,False,nsdp_full,16,13,,True
7,1268,325.34,False,nsdp_full,16,16,0,False,nsdp_full,16,16,,True
8,1268,325.34,False,nsdp_full,16,35,0,False,nsdp_full,16,35,,True
2,1269,325.36,False,nsdp_full,16,20,0,False,nsdp_full,16,21,,True
3,1269,325.36,True,admitted,15,2,187,False,nsdp_full,16,3,,False
4,1269,325.36,False,nsdp_full,16,27,0,False,nsdp_full,16,35,,True
5,1269,325.36,False,nsdp_full,16,19,0,False,nsdp_full,16,13,,True
7,1269,325.36,False,nsdp_full,16,16,0,False,nsdp_full,16,16,,True
8,1269,325.36,False,nsdp_full,16,35,0,False,nsdp_full,16,35,,True
2,1270,325.38,False,nsdp_full,16,20,0,False,nsdp_full,16,21,,True
3,1270,325.38,False,nsdp_full,16,3,0,False,nsdp_full,16,3,,True
4,1270,325.38,False,nsdp_full,16,27,0,False,nsdp_full,16,35,,True
5,1270,325.38,False,nsdp_full,16,19,0,False,nsdp_full,16,13,,True
7,1270,325.38,False,nsdp_full,16,16,0,False,nsdp_full,16,16,,True
8,1270,325.38,False,nsdp_full,16,35,0,False,nsdp_full,16,35,,True
2,1271,325.4,False,nsdp_full,16,20,0,False,nsdp_full,16,21,,True
3,1271,325.4,False,nsdp_full,16,3,0,False,nsdp_full,16,3,,True
4,1271,325.4,False,nsdp_full,16,27,0,False,nsdp_full,16,35,,True
5,1271,325.4,False,nsdp_full,16,19,0,False,nsdp_full,16,13,,True
7,1271,325.4,False,nsdp_full,16,16,0,False,nsdp_full,16,16,,True
8,1271,325.4,False,nsdp_full,16,35,0,False,nsdp_full,16,35,,True
2,1272,325.42,False,nsdp_full,16,20,0,False,nsdp_full,16,21,,True
3,1272,325.42,False,nsdp_full,16,3,0,False,nsdp_full,16,3,,True
4,1272,325.42,False,nsdp_full,16,27,0,False,nsdp_full,16,35,,True
5,1272,325.42,False,nsdp_full,16,19,0,False,nsdp_full,16,13,,True
7,1272,325.42,False,nsdp_full,16,16,0,False,nsdp_full,16,16,,True
8,1272,325.42,False,nsdp_full,16,35,0,False,nsdp_full,16,35,,True
2,1273,325.44,False,nsdp_full,16,20,0,False,nsdp_full,16,21,,True
3,1273,325.44,False,nsdp_full,16,3,0,False,nsdp_full,16,3,,True
4,1273,325.44,False,nsdp_full,16,27,0,False,nsdp_full,16,35,,True
5,1273,325.44,False,nsdp_full,16,19,0,False,nsdp_full,16,13,,True
7,1273,325.44,False,nsdp_full,16,16,0,False,nsdp_full,16,16,,True
8,1273,325.44,False,nsdp_full,16,35,0,False,nsdp_full,16,35,,True
2,1274,325.46,False,nsdp_full,16,20,0,False,nsdp_full,16,21,,True
3,1274,325.46,False,nsdp_full,16,3,0,False,nsdp_full,16,3,,True
4,1274,325.46,False,nsdp_full,16,27,0,False,nsdp_full,16,35,,True
5,1274,325.46,False,nsdp_full,16,19,0,False,nsdp_full,16,13,,True
7,1274,325.46,False,nsdp_full,16,16,0,False,nsdp_full,16,16,,True
8,1274,325.46,False,nsdp_full,16,35,0,False,nsdp_full,16,35,,True
2,1275,325.48,False,nsdp_full,16,20,0,False,nsdp_full,16,21,,True
3,1275,325.48,False,nsdp_full,16,3,0,False,nsdp_full,16,3,,True
4,1275,325.48,False,nsdp_full,16,27,0,False,nsdp_full,16,35,,True
5,1275,325.48,False,nsdp_full,16,19,0,False,nsdp_full,16,13,,True
7,1275,325.48,False,nsdp_full,16,16,0,False,nsdp_full,16,16,,True
8,1275,325.48,False,nsdp_full,16,35,0,False,nsdp_full,16,35,,True
2,1276,325.5,False,nsdp_full,16,20,0,False,nsdp_full,16,21,,True
3,1276,325.5,False,nsdp_full,16,3,0,False,nsdp_full,16,3,,True
4,1276,325.5,False,nsdp_full,16,27,0,False,nsdp_full,16,35,,True
5,1276,325.5,False,nsdp_full,16,19,0,False,nsdp_full,16,13,,True
7,1276,325.5,False,nsdp_full,16,16,0,False,nsdp_full,16,16,,True
8,1276,325.5,False,nsdp_full,16,35,0,False,nsdp_full,16,35,,True
2,1277,325.52,False,nsdp_full,16,20,0,False,nsdp_full,16,21,,True
3,1277,325.52,False,nsdp_full,16,3,0,False,nsdp_full,16,3,,True
4,1277,325.52,False,nsdp_full,16,27,0,False,nsdp_full,16,35,,True
5,1277,325.52,False,nsdp_full,16,19,0,False,nsdp_full,16,13,,True
7,1277,325.52,False,nsdp_full,16,16,0,False,nsdp_full,16,16,,True
8,1277,325.52,True,admitted,14,32,188,False,nsdp_full,16,35,,False
2,1278,325.54,False,nsdp_full,16,20,0,False,nsdp_full,16,21,,True
3,1278,325.54,False,nsdp_full,16,3,0,False,nsdp_full,16,3,,True
4,1278,325.54,False,nsdp_full,16,27,0,False,nsdp_full,16,35,,True
5,1278,325.54,False,nsdp_full,16,19,0,False,nsdp_full,16,13,,True
7,1278,325.54,False,nsdp_full,16,16,0,False,nsdp_full,16,16,,True
8,1278,325.54,True,admitted,15,33,189,False,nsdp_full,16,35,,False
2,1279,325.56,False,nsdp_full,16,20,0,False,nsdp_full,16,21,,True
3,1279,325.56,False,nsdp_full,16,3,0,False,nsdp_full,16,3,,True
4,1279,325.56,False,nsdp_full,16,27,0,False,nsdp_full,16,35,,True
5,1279,325.56,False,nsdp_full,16,19,0,False,nsdp_full,16,13,,True
7,1279,325.56,False,nsdp_full,16,16,0,False,nsdp_full,16,16,,True
8,1279,325.56,False,nsdp_full,16,34,0,False,nsdp_full,16,35,,True
2,1280,325.58,False,nsdp_full,16,20,0,False,nsdp_full,16,22,,True
3,1280,325.58,False,nsdp_full,16,3,0,False,nsdp_full,16,3,,True
4,1280,325.58,False,nsdp_full,16,27,0,False,nsdp_full,16,35,,True
5,1280,325.58,False,nsdp_full,16,19,0,False,nsdp_full,16,13,,True
7,1280,325.58,False,nsdp_full,16,16,0,False,nsdp_full,16,16,,True
8,1280,325.58,False,nsdp_full,16,34,0,False,nsdp_full,16,35,,True
2,1281,325.6,False,nsdp_full,16,20,0,False,nsdp_full,16,22,,True
3,1281,325.6,False,nsdp_full,16,3,0,False,nsdp_full,16,3,,True
4,1281,325.6,False,nsdp_full,16,27,0,False,nsdp_full,16,35,,True
5,1281,325.6,False,nsdp_full,16,19,0,False,nsdp_full,16,13,,True
7,1281,325.6,False,nsdp_full,16,16,0,False,nsdp_full,16,16,,True
8,1281,325.6,False,nsdp_full,16,34,0,False,nsdp_full,16,35,,True
2,1282,325.62,False,nsdp_full,16,20,0,False,nsdp_full,16,22,,True
3,1282,325.62,False,nsdp_full,16,3,0,False,nsdp_full,16,3,,True
4,1282,325.62,False,nsdp_full,16,27,0,False,nsdp_full,16,35,,True
5,1282,325.62,False,nsdp_full,16,19,0,False,nsdp_full,16,13,,True
7,1282,325.62,False,nsdp_full,16,16,0,False,nsdp_full,16,16,,True
8,1282,325.62,False,nsdp_full,16,34,0,False,nsdp_full,16,35,,True
2,1283,325.64,False,nsdp_full,16,20,0,False,nsdp_full,16,22,,True
3,1283,325.64,False,nsdp_full,16,3,0,False,nsdp_full,16,3,,True
4,1283,325.64,False,nsdp_full,16,27,0,False,nsdp_full,16,35,,True
5,1283,325.64,False,nsdp_full,16,19,0,False,nsdp_full,16,13,,True
7,1283,325.64,False,nsdp_full,16,16,0,False,nsdp_full,16,16,,True
8,1283,325.64,False,nsdp_full,16,34,0,False,nsdp_full,16,35,,True
2,1284,325.66,False,nsdp_full,16,20,0,False,nsdp_full,16,22,,True
3,1284,325.66,False,nsdp_full,16,3,0,False,nsdp_full,16,3,,True
4,1284,325.66,False,nsdp_full,16,27,0,False,nsdp_full,16,35,,True
5,1284,325.66,False,nsdp_full,16,19,0,False,nsdp_full,16,13,,True
7,1284,325.66,False,nsdp_full,16,16,0,False,nsdp_full,16,16,,True
8,1284,325.66,False,nsdp_full,16,34,0,False,nsdp_full,16,35,,True
2,1285,325.68,False,nsdp_full,16,20,0,False,nsdp_full,16,22,,True
3,1285,325.68,False,nsdp_full,16,3,0,False,nsdp_full,16,3,,True
4,1285,325.68,False,nsdp_full,16,27,0,False,nsdp_full,16,35,,True
5,1285,325.68,False,nsdp_full,16,19,0,False,nsdp_full,16,13,,True
7,1285,325.68,False,nsdp_full,16,16,0,False,nsdp_full,16,16,,True
8,1285,325.68,False,nsdp_full,16,34,0,False,nsdp_full,16,35,,True
2,1286,325.7,False,nsdp_full,16,20,0,False,nsdp_full,16,22,,True
3,1286,325.7,False,nsdp_full,16,3,0,False,nsdp_full,16,3,,True
4,1286,325.7,False,nsdp_full,16,27,0,False,nsdp_full,16,35,,True
5,1286,325.7,False,nsdp_full,16,19,0,False,nsdp_full,16,13,,True
7,1286,325.7,False,nsdp_full,16,16,0,False,nsdp_full,16,16,,True
8,1286,325.7,False,nsdp_full,16,34,0,False,nsdp_full,16,35,,True
2,1287,325.72,False,nsdp_full,16,20,0,False,nsdp_full,16,22,,True
3,1287,325.72,False,nsdp_full,16,3,0,False,nsdp_full,16,3,,True
4,1287,325.72,False,nsdp_full,16,27,0,False,nsdp_full,16,35,,True
5,1287,325.72,False,nsdp_full,16,19,0,False,nsdp_full,16,13,,True
7,1287,325.72,False,nsdp_full,16,16,0,False,nsdp_full,16,16,,True
8,1287,325.72,False,nsdp_full,16,34,0,True,admitted,15,34,1175,False
2,1288,325.74,False,nsdp_full,16,20,0,False,nsdp_full,16,22,,True
3,1288,325.74,False,nsdp_full,16,3,0,False,nsdp_full,16,3,,True
4,1288,325.74,False,nsdp_full,16,27,0,False,nsdp_full,16,35,,True
5,1288,325.74,False,nsdp_full,16,19,0,False,nsdp_full,16,13,,True
7,1288,325.74,False,nsdp_full,16,16,0,False,nsdp_full,16,16,,True
8,1288,325.74,False,nsdp_full,16,34,0,False,nsdp_full,16,35,,True
2,1289,325.76,False,nsdp_full,16,20,0,False,nsdp_full,16,22,,True
3,1289,325.76,False,nsdp_full,16,3,0,False,nsdp_full,16,3,,True
4,1289,325.76,False,nsdp_full,16,27,0,False,nsdp_full,16,35,,True
5,1289,325.76,False,nsdp_full,16,19,0,False,nsdp_full,16,13,,True
7,1289,325.76,False,nsdp_full,16,16,0,False,nsdp_full,16,16,,True
8,1289,325.76,False,nsdp_full,16,34,0,False,nsdp_full,16,35,,True
2,1290,325.78,False,nsdp_full,16,20,0,False,nsdp_full,16,22,,True
3,1290,325.78,False,nsdp_full,16,3,0,False,nsdp_full,16,3,,True
4,1290,325.78,False,nsdp_full,16,27,0,False,nsdp_full,16,35,,True
5,1290,325.78,False,nsdp_full,16,19,0,False,nsdp_full,16,13,,True
7,1290,325.78,False,nsdp_full,16,16,0,False,nsdp_full,16,16,,True
8,1290,325.78,False,nsdp_full,16,34,0,False,nsdp_full,16,35,,True
2,1291,325.8,False,nsdp_full,16,20,0,False,nsdp_full,16,22,,True
3,1291,325.8,False,nsdp_full,16,3,0,False,nsdp_full,16,3,,True
4,1291,325.8,False,nsdp_full,16,27,0,False,nsdp_full,16,35,,True
5,1291,325.8,False,nsdp_full,16,19,0,False,nsdp_full,16,13,,True
7,1291,325.8,False,nsdp_full,16,16,0,False,nsdp_full,16,16,,True
8,1291,325.8,False,nsdp_full,16,34,0,False,nsdp_full,16,35,,True
2,1292,325.82,False,nsdp_full,16,20,0,False,nsdp_full,16,22,,True
3,1292,325.82,False,nsdp_full,16,3,0,False,nsdp_full,16,3,,True
4,1292,325.82,False,nsdp_full,16,27,0,False,nsdp_full,16,35,,True
5,1292,325.82,False,nsdp_full,16,19,0,False,nsdp_full,16,13,,True
7,1292,325.82,False,nsdp_full,16,16,0,False,nsdp_full,16,16,,True
8,1292,325.82,False,nsdp_full,16,34,0,False,nsdp_full,16,35,,True
2,1293,325.84,False,nsdp_full,16,20,0,False,nsdp_full,16,22,,True
3,1293,325.84,False,nsdp_full,16,3,0,False,nsdp_full,16,3,,True
4,1293,325.84,False,nsdp_full,16,27,0,False,nsdp_full,16,35,,True
5,1293,325.84,False,nsdp_full,16,19,0,False,nsdp_full,16,13,,True
7,1293,325.84,False,nsdp_full,16,16,0,False,nsdp_full,16,16,,True
8,1293,325.84,False,nsdp_full,16,34,0,False,nsdp_full,16,35,,True
2,1294,325.86,False,nsdp_full,16,20,0,False,nsdp_full,16,22,,True
3,1294,325.86,False,nsdp_full,16,3,0,False,nsdp_full,16,3,,True
4,1294,325.86,False,nsdp_full,16,27,0,False,nsdp_full,16,35,,True
5,1294,325.86,False,nsdp_full,16,19,0,False,nsdp_full,16,13,,True
7,1294,325.86,False,nsdp_full,16,16,0,False,nsdp_full,16,16,,True
8,1294,325.86,False,nsdp_full,16,34,0,False,nsdp_full,16,35,,True
2,1295,325.88,False,nsdp_full,16,20,0,False,nsdp_full,16,22,,True
3,1295,325.88,False,nsdp_full,16,3,0,False,nsdp_full,16,3,,True
4,1295,325.88,False,nsdp_full,16,27,0,False,nsdp_full,16,35,,True
5,1295,325.88,False,nsdp_full,16,19,0,False,nsdp_full,16,13,,True
7,1295,325.88,False,nsdp_full,16,16,0,False,nsdp_full,16,16,,True
8,1295,325.88,False,nsdp_full,16,34,0,False,nsdp_full,16,35,,True
2,1296,325.9,False,nsdp_full,16,20,0,False,nsdp_full,16,22,,True
3,1296,325.9,False,nsdp_full,16,3,0,False,nsdp_full,16,3,,True
4,1296,325.9,False,nsdp_full,16,27,0,False,nsdp_full,16,35,,True
5,1296,325.9,False,nsdp_full,16,19,0,False,nsdp_full,16,13,,True
7,1296,325.9,False,nsdp_full,16,16,0,False,nsdp_full,16,16,,True
8,1296,325.9,False,nsdp_full,16,34,0,False,nsdp_full,16,35,,True
2,1297,325.92,False,nsdp_full,16,20,0,False,nsdp_full,16,22,,True
3,1297,325.92,True,admitted,15,1,190,False,nsdp_full,16,3,,False
4,1297,325.92,False,nsdp_full,16,27,0,False,nsdp_full,16,35,,True
5,1297,325.92,False,nsdp_full,16,19,0,False,nsdp_full,16,13,,True
7,1297,325.92,False,nsdp_full,16,16,0,False,nsdp_full,16,16,,True
8,1297,325.92,False,nsdp_full,16,34,0,False,nsdp_full,16,35,,True
2,1298,325.94,False,nsdp_full,16,20,0,False,nsdp_full,16,22,,True
3,1298,325.94,False,nsdp_full,16,2,0,False,nsdp_full,16,3,,True
4,1298,325.94,False,nsdp_full,16,27,0,False,nsdp_full,16,35,,True
5,1298,325.94,False,nsdp_full,16,19,0,False,nsdp_full,16,13,,True
7,1298,325.94,False,nsdp_full,16,16,0,False,nsdp_full,16,16,,True
8,1298,325.94,False,nsdp_full,16,34,0,False,nsdp_full,16,35,,True
2,1299,325.96,False,nsdp_full,16,21,0,False,nsdp_full,16,22,,True
3,1299,325.96,False,nsdp_full,16,2,0,False,nsdp_full,16,3,,True
4,1299,325.96,False,nsdp_full,16,27,0,False,nsdp_full,16,35,,True
5,1299,325.96,False,nsdp_full,16,19,0,False,nsdp_full,16,13,,True
7,1299,325.96,False,nsdp_full,16,16,0,False,nsdp_full,16,16,,True
8,1299,325.96,False,nsdp_full,16,34,0,False,nsdp_full,16,35,,True
2,1300,325.98,False,nsdp_full,16,21,0,False,nsdp_full,16,22,,True
3,1300,325.98,False,nsdp_full,16,2,0,False,nsdp_full,16,3,,True
4,1300,325.98,False,nsdp_full,16,27,0,False,nsdp_full,16,35,,True
5,1300,325.98,False,nsdp_full,16,19,0,False,nsdp_full,16,13,,True
7,1300,325.98,False,nsdp_full,16,16,0,False,nsdp_full,16,16,,True
8,1300,325.98,False,nsdp_full,16,34,0,False,nsdp_full,16,35,,True
2,1301,326,False,nsdp_full,16,21,0,False,nsdp_full,16,23,,True
3,1301,326,False,nsdp_full,16,2,0,False,nsdp_full,16,3,,True
4,1301,326,False,nsdp_full,16,27,0,False,nsdp_full,16,35,,True
5,1301,326,False,nsdp_full,16,19,0,False,nsdp_full,16,13,,True
7,1301,326,False,nsdp_full,16,16,0,False,nsdp_full,16,16,,True
8,1301,326,False,nsdp_full,16,34,0,False,nsdp_full,16,35,,True
2,1302,326.02,False,nsdp_full,16,21,0,False,nsdp_full,16,23,,True
3,1302,326.02,False,nsdp_full,16,2,0,False,nsdp_full,16,3,,True
4,1302,326.02,False,nsdp_full,16,27,0,False,nsdp_full,16,35,,True
5,1302,326.02,False,nsdp_full,16,19,0,False,nsdp_full,16,13,,True
7,1302,326.02,False,nsdp_full,16,16,0,False,nsdp_full,16,16,,True
8,1302,326.02,False,nsdp_full,16,34,0,False,nsdp_full,16,35,,True
2,1303,326.04,False,nsdp_full,16,21,0,False,nsdp_full,16,23,,True
3,1303,326.04,False,nsdp_full,16,2,0,False,nsdp_full,16,3,,True
4,1303,326.04,False,nsdp_full,16,27,0,False,nsdp_full,16,35,,True
5,1303,326.04,False,nsdp_full,16,19,0,False,nsdp_full,16,13,,True
7,1303,326.04,False,nsdp_full,16,16,0,False,nsdp_full,16,16,,True
8,1303,326.04,False,nsdp_full,16,34,0,False,nsdp_full,16,35,,True
2,1304,326.06,False,nsdp_full,16,21,0,False,nsdp_full,16,23,,True
3,1304,326.06,False,nsdp_full,16,2,0,False,nsdp_full,16,3,,True
4,1304,326.06,False,nsdp_full,16,27,0,False,nsdp_full,16,35,,True
5,1304,326.06,False,nsdp_full,16,19,0,False,nsdp_full,16,13,,True
7,1304,326.06,False,nsdp_full,16,16,0,False,nsdp_full,16,16,,True
8,1304,326.06,False,nsdp_full,16,34,0,False,nsdp_full,16,35,,True
2,1305,326.08,False,nsdp_full,16,21,0,False,nsdp_full,16,23,,True
3,1305,326.08,False,nsdp_full,16,2,0,False,nsdp_full,16,3,,True
4,1305,326.08,False,nsdp_full,16,27,0,False,nsdp_full,16,35,,True
5,1305,326.08,False,nsdp_full,16,19,0,False,nsdp_full,16,13,,True
7,1305,326.08,False,nsdp_full,16,16,0,False,nsdp_full,16,16,,True
8,1305,326.08,False,nsdp_full,16,34,0,True,admitted,15,33,1178,False
2,1306,326.1,False,nsdp_full,16,21,0,False,nsdp_full,16,23,,True
3,1306,326.1,False,nsdp_full,16,2,0,False,nsdp_full,16,3,,True
4,1306,326.1,False,nsdp_full,16,27,0,False,nsdp_full,16,35,,True
5,1306,326.1,False,nsdp_full,16,19,0,False,nsdp_full,16,13,,True
7,1306,326.1,False,nsdp_full,16,16,0,False,nsdp_full,16,16,,True
8,1306,326.1,True,admitted,15,33,191,False,nsdp_full,16,34,,False
2,1307,326.12,False,nsdp_full,16,21,0,False,nsdp_full,16,23,,True
3,1307,326.12,False,nsdp_full,16,2,0,False,nsdp_full,16,3,,True
4,1307,326.12,False,nsdp_full,16,27,0,False,nsdp_full,16,35,,True
5,1307,326.12,False,nsdp_full,16,19,0,False,nsdp_full,16,13,,True
7,1307,326.12,False,nsdp_full,16,16,0,False,nsdp_full,16,16,,True
8,1307,326.12,False,nsdp_full,16,34,0,False,nsdp_full,16,34,,True
2,1308,326.14,False,nsdp_full,16,21,0,False,nsdp_full,16,23,,True
3,1308,326.14,False,nsdp_full,16,2,0,False,nsdp_full,16,3,,True
4,1308,326.14,False,nsdp_full,16,27,0,False,nsdp_full,16,35,,True
5,1308,326.14,False,nsdp_full,16,19,0,False,nsdp_full,16,13,,True
7,1308,326.14,False,nsdp_full,16,16,0,False,nsdp_full,16,16,,True
8,1308,326.14,False,nsdp_full,16,34,0,False,nsdp_full,16,34,,True
2,1309,326.16,False,nsdp_full,16,21,0,False,nsdp_full,16,23,,True
3,1309,326.16,False,nsdp_full,16,2,0,False,nsdp_full,16,3,,True
4,1309,326.16,False,nsdp_full,16,27,0,False,nsdp_full,16,35,,True
5,1309,326.16,False,nsdp_full,16,19,0,False,nsdp_full,16,13,,True
7,1309,326.16,False,nsdp_full,16,16,0,False,nsdp_full,16,16,,True
8,1309,326.16,False,nsdp_full,16,34,0,False,nsdp_full,16,34,,True
2,1310,326.18,False,nsdp_full,16,21,0,False,nsdp_full,16,23,,True
3,1310,326.18,False,nsdp_full,16,2,0,False,nsdp_full,16,3,,True
4,1310,326.18,False,nsdp_full,16,27,0,False,nsdp_full,16,35,,True
5,1310,326.18,False,nsdp_full,16,19,0,False,nsdp_full,16,13,,True
7,1310,326.18,False,nsdp_full,16,16,0,False,nsdp_full,16,16,,True
8,1310,326.18,False,nsdp_full,16,34,0,False,nsdp_full,16,34,,True
2,1311,326.2,False,nsdp_full,16,21,0,False,nsdp_full,16,23,,True
3,1311,326.2,False,nsdp_full,16,2,0,False,nsdp_full,16,3,,True
4,1311,326.2,False,nsdp_full,16,27,0,False,nsdp_full,16,35,,True
5,1311,326.2,False,nsdp_full,16,19,0,False,nsdp_full,16,13,,True
7,1311,326.2,False,nsdp_full,16,16,0,False,nsdp_full,16,16,,True
8,1311,326.2,False,nsdp_full,16,34,0,False,nsdp_full,16,34,,True
2,1312,326.22,False,nsdp_full,16,21,0,False,nsdp_full,16,23,,True
3,1312,326.22,False,nsdp_full,16,2,0,False,nsdp_full,16,3,,True
4,1312,326.22,False,nsdp_full,16,27,0,False,nsdp_full,16,35,,True
5,1312,326.22,False,nsdp_full,16,19,0,False,nsdp_full,16,13,,True
7,1312,326.22,False,nsdp_full,16,16,0,False,nsdp_full,16,16,,True
8,1312,326.22,False,nsdp_full,16,34,0,False,nsdp_full,16,34,,True
2,1313,326.24,False,nsdp_full,16,21,0,False,nsdp_full,16,23,,True
3,1313,326.24,False,nsdp_full,16,2,0,False,nsdp_full,16,3,,True
4,1313,326.24,False,nsdp_full,16,27,0,False,nsdp_full,16,35,,True
5,1313,326.24,False,nsdp_full,16,19,0,False,nsdp_full,16,13,,True
7,1313,326.24,False,nsdp_full,16,16,0,False,nsdp_full,16,16,,True
8,1313,326.24,False,nsdp_full,16,34,0,False,nsdp_full,16,34,,True
2,1314,326.26,False,nsdp_full,16,21,0,False,nsdp_full,16,23,,True
3,1314,326.26,False,nsdp_full,16,2,0,False,nsdp_full,16,3,,True
4,1314,326.26,False,nsdp_full,16,27,0,False,nsdp_full,16,35,,True
5,1314,326.26,False,nsdp_full,16,19,0,False,nsdp_full,16,13,,True
7,1314,326.26,False,nsdp_full,16,16,0,False,nsdp_full,16,16,,True
8,1314,326.26,False,nsdp_full,16,34,0,False,nsdp_full,16,34,,True
2,1315,326.28,False,nsdp_full,16,21,0,False,nsdp_full,16,23,,True
3,1315,326.28,False,nsdp_full,16,2,0,False,nsdp_full,16,3,,True
4,1315,326.28,False,nsdp_full,16,27,0,False,nsdp_full,16,35,,True
5,1315,326.28,False,nsdp_full,16,19,0,False,nsdp_full,16,13,,True
7,1315,326.28,False,nsdp_full,16,16,0,False,nsdp_full,16,16,,True
8,1315,326.28,False,nsdp_full,16,34,0,False,nsdp_full,16,34,,True
2,1316,326.3,False,nsdp_full,16,21,0,False,nsdp_full,16,23,,True
3,1316,326.3,False,nsdp_full,16,2,0,False,nsdp_full,16,3,,True
4,1316,326.3,False,nsdp_full,16,27,0,False,nsdp_full,16,35,,True
5,1316,326.3,False,nsdp_full,16,19,0,False,nsdp_full,16,13,,True
7,1316,326.3,False,nsdp_full,16,16,0,False,nsdp_full,16,16,,True
8,1316,326.3,False,nsdp_full,16,34,0,False,nsdp_full,16,34,,True
2,1317,326.32,False,nsdp_full,16,21,0,False,nsdp_full,16,23,,True
3,1317,326.32,False,nsdp_full,16,2,0,False,nsdp_full,16,3,,True
4,1317,326.32,False,nsdp_full,16,27,0,False,nsdp_full,16,35,,True
5,1317,326.32,False,nsdp_full,16,19,0,False,nsdp_full,16,13,,True
7,1317,326.32,False,nsdp_full,16,16,0,False,nsdp_full,16,16,,True
8,1317,326.32,False,nsdp_full,16,34,0,False,nsdp_full,16,34,,True
2,1318,326.34,False,nsdp_full,16,21,0,False,nsdp_full,16,23,,True
3,1318,326.34,False,nsdp_full,16,2,0,False,nsdp_full,16,3,,True
4,1318,326.34,False,nsdp_full,16,27,0,False,nsdp_full,16,35,,True
5,1318,326.34,False,nsdp_full,16,19,0,False,nsdp_full,16,13,,True
7,1318,326.34,False,nsdp_full,16,16,0,False,nsdp_full,16,16,,True
8,1318,326.34,False,nsdp_full,16,34,0,False,nsdp_full,16,34,,True
2,1319,326.36,False,nsdp_full,16,21,0,False,nsdp_full,16,23,,True
3,1319,326.36,False,nsdp_full,16,2,0,False,nsdp_full,16,3,,True
4,1319,326.36,False,nsdp_full,16,27,0,False,nsdp_full,16,35,,True
5,1319,326.36,False,nsdp_full,16,19,0,False,nsdp_full,16,13,,True
7,1319,326.36,False,nsdp_full,16,16,0,False,nsdp_full,16,16,,True
8,1319,326.36,False,nsdp_full,16,34,0,False,nsdp_full,16,34,,True
2,1320,326.38,False,nsdp_full,16,21,0,False,nsdp_full,16,23,,True
3,1320,326.38,False,nsdp_full,16,2,0,False,nsdp_full,16,3,,True
4,1320,326.38,False,nsdp_full,16,27,0,False,nsdp_full,16,35,,True
5,1320,326.38,False,nsdp_full,16,19,0,False,nsdp_full,16,13,,True
7,1320,326.38,False,nsdp_full,16,16,0,False,nsdp_full,16,16,,True
8,1320,326.38,False,nsdp_full,16,34,0,False,nsdp_full,16,34,,True
2,1321,326.4,False,nsdp_full,16,21,0,False,nsdp_full,16,23,,True
3,1321,326.4,False,nsdp_full,16,2,0,False,nsdp_full,16,3,,True
4,1321,326.4,False,nsdp_full,16,27,0,False,nsdp_full,16,35,,True
5,1321,326.4,False,nsdp_full,16,19,0,False,nsdp_full,16,13,,True
7,1321,326.4,False,nsdp_full,16,16,0,False,nsdp_full,16,16,,True
8,1321,326.4,False,nsdp_full,16,34,0,False,nsdp_full,16,34,,True
2,1322,326.42,False,nsdp_full,16,21,0,False,nsdp_full,16,23,,True
3,1322,326.42,False,nsdp_full,16,2,0,False,nsdp_full,16,3,,True
4,1322,326.42,False,nsdp_full,16,27,0,False,nsdp_full,16,35,,True
5,1322,326.42,False,nsdp_full,16,19,0,False,nsdp_full,16,13,,True
7,1322,326.42,False,nsdp_full,16,16,0,False,nsdp_full,16,16,,True
8,1322,326.42,False,nsdp_full,16,34,0,False,nsdp_full,16,34,,True
2,1323,326.44,False,nsdp_full,16,21,0,False,nsdp_full,16,23,,True
3,1323,326.44,False,nsdp_full,16,2,0,False,nsdp_full,16,3,,True
4,1323,326.44,False,nsdp_full,16,27,0,False,nsdp_full,16,35,,True
5,1323,326.44,False,nsdp_full,16,19,0,False,nsdp_full,16,13,,True
7,1323,326.44,False,nsdp_full,16,16,0,False,nsdp_full,16,16,,True
8,1323,326.44,False,nsdp_full,16,34,0,False,nsdp_full,16,34,,True
2,1324,326.46,False,nsdp_full,16,21,0,False,nsdp_full,16,23,,True
3,1324,326.46,False,nsdp_full,16,2,0,False,nsdp_full,16,3,,True
4,1324,326.46,False,nsdp_full,16,27,0,False,nsdp_full,16,35,,True
5,1324,326.46,False,nsdp_full,16,19,0,False,nsdp_full,16,13,,True
7,1324,326.46,False,nsdp_full,16,16,0,False,nsdp_full,16,16,,True
8,1324,326.46,False,nsdp_full,16,34,0,False,nsdp_full,16,34,,True
2,1325,326.48,False,nsdp_full,16,21,0,False,nsdp_full,16,23,,True
3,1325,326.48,False,nsdp_full,16,2,0,False,nsdp_full,16,3,,True
4,1325,326.48,False,nsdp_full,16,27,0,False,nsdp_full,16,35,,True
5,1325,326.48,False,nsdp_full,16,19,0,False,nsdp_full,16,13,,True
7,1325,326.48,False,nsdp_full,16,16,0,False,nsdp_full,16,16,,True
8,1325,326.48,False,nsdp_full,16,34,0,False,nsdp_full,16,34,,True
2,1326,326.5,False,nsdp_full,16,21,0,False,nsdp_full,16,23,,True
3,1326,326.5,False,nsdp_full,16,2,0,True,admitted,14,1,1180,False
4,1326,326.5,False,nsdp_full,16,27,0,False,nsdp_full,16,35,,True
5,1326,326.5,False,nsdp_full,16,19,0,True,admitted,14,11,1181,False
7,1326,326.5,False,nsdp_full,16,16,0,False,nsdp_full,16,16,,True
8,1326,326.5,False,nsdp_full,16,34,0,False,nsdp_full,16,34,,True
2,1327,326.52,False,nsdp_full,16,21,0,False,nsdp_full,16,23,,True
3,1327,326.52,False,nsdp_full,16,2,0,True,admitted,15,2,1182,False
4,1327,326.52,False,nsdp_full,16,27,0,False,nsdp_full,16,35,,True
5,1327,326.52,False,nsdp_full,16,19,0,True,admitted,15,12,1183,False
7,1327,326.52,False,nsdp_full,16,16,0,False,nsdp_full,16,16,,True
8,1327,326.52,False,nsdp_full,16,34,0,False,nsdp_full,16,34,,True
2,1328,326.54,False,nsdp_full,16,21,0,False,nsdp_full,16,23,,True
3,1328,326.54,False,nsdp_full,16,2,0,False,nsdp_full,16,3,,True
4,1328,326.54,False,nsdp_full,16,27,0,False,nsdp_full,16,35,,True
5,1328,326.54,False,nsdp_full,16,19,0,False,nsdp_full,16,13,,True
7,1328,326.54,False,nsdp_full,16,16,0,False,nsdp_full,16,16,,True
8,1328,326.54,False,nsdp_full,16,34,0,False,nsdp_full,16,34,,True
2,1329,326.56,False,nsdp_full,16,21,0,False,nsdp_full,16,24,,True
3,1329,326.56,False,nsdp_full,16,2,0,False,nsdp_full,16,3,,True
4,1329,326.56,False,nsdp_full,16,27,0,False,nsdp_full,16,35,,True
5,1329,326.56,False,nsdp_full,16,19,0,False,nsdp_full,16,13,,True
7,1329,326.56,False,nsdp_full,16,16,0,False,nsdp_full,16,16,,True
8,1329,326.56,False,nsdp_full,16,34,0,False,nsdp_full,16,34,,True
2,1330,326.58,False,nsdp_full,16,21,0,False,nsdp_full,16,24,,True
3,1330,326.58,False,nsdp_full,16,2,0,False,nsdp_full,16,3,,True
4,1330,326.58,False,nsdp_full,16,27,0,False,nsdp_full,16,35,,True
5,1330,326.58,False,nsdp_full,16,19,0,False,nsdp_full,16,13,,True
7,1330,326.58,False,nsdp_full,16,16,0,False,nsdp_full,16,16,,True
8,1330,326.58,False,nsdp_full,16,34,0,False,nsdp_full,16,34,,True
2,1331,326.6,False,nsdp_full,16,21,0,False,nsdp_full,16,24,,True
3,1331,326.6,False,nsdp_full,16,2,0,False,nsdp_full,16,3,,True
4,1331,326.6,False,nsdp_full,16,27,0,False,nsdp_full,16,35,,True
5,1331,326.6,False,nsdp_full,16,19,0,False,nsdp_full,16,13,,True
7,1331,326.6,False,nsdp_full,16,16,0,False,nsdp_full,16,16,,True
8,1331,326.6,False,nsdp_full,16,34,0,False,nsdp_full,16,34,,True
2,1332,326.62,False,nsdp_full,16,21,0,False,nsdp_full,16,24,,True
3,1332,326.62,False,nsdp_full,16,2,0,False,nsdp_full,16,3,,True
4,1332,326.62,False,nsdp_full,16,27,0,False,nsdp_full,16,35,,True
5,1332,326.62,False,nsdp_full,16,19,0,False,nsdp_full,16,13,,True
7,1332,326.62,False,nsdp_full,16,16,0,False,nsdp_full,16,16,,True
8,1332,326.62,False,nsdp_full,16,34,0,False,nsdp_full,16,34,,True
2,1333,326.64,False,nsdp_full,16,21,0,False,nsdp_full,16,24,,True
3,1333,326.64,False,nsdp_full,16,2,0,False,nsdp_full,16,3,,True
4,1333,326.64,False,nsdp_full,16,27,0,False,nsdp_full,16,35,,True
5,1333,326.64,False,nsdp_full,16,19,0,False,nsdp_full,16,13,,True
7,1333,326.64,False,nsdp_full,16,16,0,False,nsdp_full,16,16,,True
8,1333,326.64,False,nsdp_full,16,34,0,False,nsdp_full,16,34,,True
2,1334,326.66,False,nsdp_full,16,22,0,False,nsdp_full,16,24,,True
3,1334,326.66,False,nsdp_full,16,2,0,False,nsdp_full,16,3,,True
4,1334,326.66,False,nsdp_full,16,27,0,False,nsdp_full,16,35,,True
5,1334,326.66,False,nsdp_full,16,19,0,False,nsdp_full,16,13,,True
7,1334,326.66,False,nsdp_full,16,16,0,False,nsdp_full,16,16,,True
8,1334,326.66,False,nsdp_full,16,34,0,False,nsdp_full,16,34,,True
2,1335,326.68,False,nsdp_full,16,22,0,False,nsdp_full,16,24,,True
3,1335,326.68,False,nsdp_full,16,2,0,False,nsdp_full,16,3,,True
4,1335,326.68,False,nsdp_full,16,27,0,False,nsdp_full,16,35,,True
5,1335,326.68,False,nsdp_full,16,19,0,False,nsdp_full,16,13,,True
7,1335,326.68,False,nsdp_full,16,16,0,False,nsdp_full,16,16,,True
8,1335,326.68,False,nsdp_full,16,34,0,False,nsdp_full,16,34,,True
2,1336,326.7,False,nsdp_full,16,22,0,False,nsdp_full,16,24,,True
3,1336,326.7,False,nsdp_full,16,2,0,False,nsdp_full,16,3,,True
4,1336,326.7,False,nsdp_full,16,27,0,False,nsdp_full,16,35,,True
5,1336,326.7,False,nsdp_full,16,19,0,False,nsdp_full,16,13,,True
7,1336,326.7,False,nsdp_full,16,16,0,False,nsdp_full,16,16,,True
8,1336,326.7,False,nsdp_full,16,34,0,False,nsdp_full,16,34,,True
2,1337,326.72,False,nsdp_full,16,22,0,False,nsdp_full,16,24,,True
3,1337,326.72,False,nsdp_full,16,2,0,False,nsdp_full,16,3,,True
4,1337,326.72,False,nsdp_full,16,27,0,False,nsdp_full,16,35,,True
5,1337,326.72,False,nsdp_full,16,19,0,False,nsdp_full,16,13,,True
7,1337,326.72,False,nsdp_full,16,16,0,False,nsdp_full,16,16,,True
8,1337,326.72,False,nsdp_full,16,34,0,False,nsdp_full,16,34,,True
2,1338,326.74,False,nsdp_full,16,22,0,False,nsdp_full,16,24,,True
3,1338,326.74,False,nsdp_full,16,2,0,False,nsdp_full,16,3,,True
4,1338,326.74,False,nsdp_full,16,27,0,False,nsdp_full,16,35,,True
5,1338,326.74,False,nsdp_full,16,19,0,False,nsdp_full,16,13,,True
7,1338,326.74,False,nsdp_full,16,16,0,False,nsdp_full,16,16,,True
8,1338,326.74,False,nsdp_full,16,34,0,False,nsdp_full,16,34,,True
2,1339,326.76,False,nsdp_full,16,22,0,False,nsdp_full,16,24,,True
3,1339,326.76,False,nsdp_full,16,2,0,False,nsdp_full,16,3,,True
4,1339,326.76,False,nsdp_full,16,27,0,False,nsdp_full,16,35,,True
5,1339,326.76,False,nsdp_full,16,19,0,False,nsdp_full,16,13,,True
7,1339,326.76,False,nsdp_full,16,16,0,False,nsdp_full,16,16,,True
8,1339,326.76,False,nsdp_full,16,34,0,False,nsdp_full,16,34,,True
2,1340,326.78,False,nsdp_full,16,22,0,False,nsdp_full,16,24,,True
3,1340,326.78,False,nsdp_full,16,2,0,False,nsdp_full,16,3,,True
4,1340,326.78,False,nsdp_full,16,27,0,False,nsdp_full,16,35,,True
5,1340,326.78,False,nsdp_full,16,19,0,False,nsdp_full,16,13,,True
7,1340,326.78,False,nsdp_full,16,16,0,False,nsdp_full,16,16,,True
8,1340,326.78,False,nsdp_full,16,34,0,False,nsdp_full,16,34,,True
2,1341,326.8,False,nsdp_full,16,22,0,False,nsdp_full,16,24,,True
3,1341,326.8,False,nsdp_full,16,2,0,False,nsdp_full,16,3,,True
4,1341,326.8,False,nsdp_full,16,27,0,False,nsdp_full,16,35,,True
5,1341,326.8,False,nsdp_full,16,19,0,False,nsdp_full,16,13,,True
7,1341,326.8,False,nsdp_full,16,16,0,False,nsdp_full,16,16,,True
8,1341,326.8,False,nsdp_full,16,34,0,False,nsdp_full,16,34,,True
2,1342,326.82,False,nsdp_full,16,22,0,False,nsdp_full,16,24,,True
3,1342,326.82,False,nsdp_full,16,2,0,False,nsdp_full,16,3,,True
4,1342,326.82,False,nsdp_full,16,27,0,False,nsdp_full,16,35,,True
5,1342,326.82,False,nsdp_full,16,19,0,False,nsdp_full,16,13,,True
7,1342,326.82,False,nsdp_full,16,16,0,False,nsdp_full,16,16,,True
8,1342,326.82,False,nsdp_full,16,34,0,False,nsdp_full,16,34,,True
2,1343,326.84,False,nsdp_full,16,22,0,False,nsdp_full,16,24,,True
3,1343,326.84,False,nsdp_full,16,2,0,False,nsdp_full,16,3,,True
4,1343,326.84,False,nsdp_full,16,27,0,False,nsdp_full,16,35,,True
5,1343,326.84,False,nsdp_full,16,19,0,False,nsdp_full,16,13,,True
7,1343,326.84,False,nsdp_full,16,16,0,False,nsdp_full,16,16,,True
8,1343,326.84,False,nsdp_full,16,34,0,False,nsdp_full,16,34,,True
2,1344,326.86,False,nsdp_full,16,22,0,False,nsdp_full,16,24,,True
3,1344,326.86,False,nsdp_full,16,2,0,False,nsdp_full,16,3,,True
4,1344,326.86,False,nsdp_full,16,27,0,False,nsdp_full,16,35,,True
5,1344,326.86,False,nsdp_full,16,19,0,False,nsdp_full,16,13,,True
7,1344,326.86,False,nsdp_full,16,16,0,False,nsdp_full,16,16,,True
8,1344,326.86,False,nsdp_full,16,34,0,True,admitted,15,33,1186,False
2,1345,326.88,False,nsdp_full,16,22,0,False,nsdp_full,16,24,,True
3,1345,326.88,False,nsdp_full,16,2,0,False,nsdp_full,16,3,,True
4,1345,326.88,False,nsdp_full,16,27,0,False,nsdp_full,16,35,,True
5,1345,326.88,False,nsdp_full,16,19,0,False,nsdp_full,16,13,,True
7,1345,326.88,False,nsdp_full,16,16,0,False,nsdp_full,16,16,,True
8,1345,326.88,False,nsdp_full,16,34,0,False,nsdp_full,16,34,,True
2,1346,326.9,False,nsdp_full,16,22,0,False,nsdp_full,16,24,,True
3,1346,326.9,False,nsdp_full,16,2,0,False,nsdp_full,16,3,,True
4,1346,326.9,False,nsdp_full,16,27,0,False,nsdp_full,16,35,,True
5,1346,326.9,False,nsdp_full,16,19,0,False,nsdp_full,16,13,,True
7,1346,326.9,False,nsdp_full,16,16,0,False,nsdp_full,16,16,,True
8,1346,326.9,True,admitted,15,33,192,False,nsdp_full,16,34,,False
2,1347,326.92,False,nsdp_full,16,22,0,False,nsdp_full,16,24,,True
3,1347,326.92,False,nsdp_full,16,2,0,False,nsdp_full,16,3,,True
4,1347,326.92,False,nsdp_full,16,27,0,False,nsdp_full,16,35,,True
5,1347,326.92,False,nsdp_full,16,19,0,False,nsdp_full,16,13,,True
7,1347,326.92,False,nsdp_full,16,16,0,False,nsdp_full,16,16,,True
8,1347,326.92,False,nsdp_full,16,34,0,False,nsdp_full,16,34,,True
2,1348,326.94,False,nsdp_full,16,22,0,False,nsdp_full,16,24,,True
3,1348,326.94,False,nsdp_full,16,2,0,False,nsdp_full,16,3,,True
4,1348,326.94,False,nsdp_full,16,27,0,False,nsdp_full,16,35,,True
5,1348,326.94,False,nsdp_full,16,19,0,False,nsdp_full,16,13,,True
7,1348,326.94,False,nsdp_full,16,16,0,False,nsdp_full,16,16,,True
8,1348,326.94,False,nsdp_full,16,34,0,False,nsdp_full,16,34,,True
2,1349,326.96,False,nsdp_full,16,22,0,False,nsdp_full,16,24,,True
3,1349,326.96,False,nsdp_full,16,2,0,False,nsdp_full,16,3,,True
4,1349,326.96,False,nsdp_full,16,27,0,False,nsdp_full,16,35,,True
5,1349,326.96,False,nsdp_full,16,19,0,False,nsdp_full,16,13,,True
7,1349,326.96,False,nsdp_full,16,16,0,False,nsdp_full,16,16,,True
8,1349,326.96,False,nsdp_full,16,34,0,False,nsdp_full,16,34,,True
2,1350,326.98,False,nsdp_full,16,22,0,False,nsdp_full,16,24,,True
3,1350,326.98,False,nsdp_full,16,2,0,False,nsdp_full,16,3,,True
4,1350,326.98,False,nsdp_full,16,27,0,False,nsdp_full,16,35,,True
5,1350,326.98,False,nsdp_full,16,19,0,False,nsdp_full,16,13,,True
7,1350,326.98,False,nsdp_full,16,16,0,False,nsdp_full,16,16,,True
8,1350,326.98,False,nsdp_full,16,34,0,False,nsdp_full,16,34,,True
2,1351,327,False,nsdp_full,16,22,0,False,nsdp_full,16,24,,True
3,1351,327,False,nsdp_full,16,2,0,False,nsdp_full,16,3,,True
4,1351,327,False,nsdp_full,16,27,0,False,nsdp_full,16,35,,True
5,1351,327,False,nsdp_full,16,19,0,False,nsdp_full,16,13,,True
7,1351,327,False,nsdp_full,16,16,0,False,nsdp_full,16,16,,True
8,1351,327,False,nsdp_full,16,34,0,False,nsdp_full,16,34,,True
2,1352,327.02,False,nsdp_full,16,22,0,False,nsdp_full,16,24,,True
3,1352,327.02,False,nsdp_full,16,2,0,False,nsdp_full,16,3,,True
4,1352,327.02,False,nsdp_full,16,27,0,False,nsdp_full,16,35,,True
5,1352,327.02,False,nsdp_full,16,19,0,False,nsdp_full,16,13,,True
7,1352,327.02,False,nsdp_full,16,16,0,False,nsdp_full,16,16,,True
8,1352,327.02,False,nsdp_full,16,34,0,False,nsdp_full,16,34,,True
2,1353,327.04,False,nsdp_full,16,22,0,False,nsdp_full,16,24,,True
3,1353,327.04,False,nsdp_full,16,2,0,False,nsdp_full,16,3,,True
4,1353,327.04,False,nsdp_full,16,27,0,False,nsdp_full,16,35,,True
5,1353,327.04,False,nsdp_full,16,19,0,False,nsdp_full,16,13,,True
7,1353,327.04,False,nsdp_full,16,16,0,False,nsdp_full,16,16,,True
8,1353,327.04,False,nsdp_full,16,34,0,False,nsdp_full,16,34,,True
2,1354,327.06,False,nsdp_full,16,22,0,False,nsdp_full,16,24,,True
3,1354,327.06,False,nsdp_full,16,2,0,False,nsdp_full,16,3,,True
4,1354,327.06,False,nsdp_full,16,27,0,False,nsdp_full,16,35,,True
5,1354,327.06,False,nsdp_full,16,19,0,False,nsdp_full,16,13,,True
7,1354,327.06,False,nsdp_full,16,16,0,False,nsdp_full,16,16,,True
8,1354,327.06,False,nsdp_full,16,34,0,False,nsdp_full,16,34,,True
2,1355,327.08,False,nsdp_full,16,22,0,False,nsdp_full,16,24,,True
3,1355,327.08,False,nsdp_full,16,2,0,False,nsdp_full,16,3,,True
4,1355,327.08,False,nsdp_full,16,27,0,False,nsdp_full,16,35,,True
5,1355,327.08,False,nsdp_full,16,19,0,False,nsdp_full,16,13,,True
7,1355,327.08,False,nsdp_full,16,16,0,False,nsdp_full,16,16,,True
8,1355,327.08,False,nsdp_full,16,34,0,False,nsdp_full,16,34,,True
2,1356,327.1,False,nsdp_full,16,22,0,False,nsdp_full,16,24,,True
3,1356,327.1,False,nsdp_full,16,2,0,False,nsdp_full,16,3,,True
4,1356,327.1,False,nsdp_full,16,27,0,False,nsdp_full,16,35,,True
5,1356,327.1,False,nsdp_full,16,19,0,False,nsdp_full,16,13,,True
7,1356,327.1,False,nsdp_full,16,16,0,False,nsdp_full,16,16,,True
8,1356,327.1,False,nsdp_full,16,34,0,False,nsdp_full,16,34,,True
2,1357,327.12,False,nsdp_full,16,22,0,False,nsdp_full,16,24,,True
3,1357,327.12,True,admitted,14,0,193,False,nsdp_full,16,3,,False
4,1357,327.12,False,nsdp_full,16,27,0,False,nsdp_full,16,35,,True
5,1357,327.12,True,admitted,15,18,194,False,nsdp_full,16,13,,False
7,1357,327.12,False,nsdp_full,16,16,0,False,nsdp_full,16,16,,True
8,1357,327.12,False,nsdp_full,16,34,0,False,nsdp_full,16,34,,True
2,1358,327.14,False,nsdp_full,16,22,0,False,nsdp_full,16,24,,True
3,1358,327.14,True,admitted,15,1,195,False,nsdp_full,16,3,,False
4,1358,327.14,False,nsdp_full,16,27,0,False,nsdp_full,16,35,,True
5,1358,327.14,False,nsdp_full,16,19,0,False,nsdp_full,16,13,,True
7,1358,327.14,False,nsdp_full,16,16,0,False,nsdp_full,16,16,,True
8,1358,327.14,False,nsdp_full,16,34,0,False,nsdp_full,16,34,,True
2,1359,327.16,False,nsdp_full,16,22,0,False,nsdp_full,16,24,,True
3,1359,327.16,False,nsdp_full,16,2,0,False,nsdp_full,16,3,,True
4,1359,327.16,False,nsdp_full,16,27,0,False,nsdp_full,16,35,,True
5,1359,327.16,False,nsdp_full,16,19,0,False,nsdp_full,16,13,,True
7,1359,327.16,False,nsdp_full,16,16,0,False,nsdp_full,16,16,,True
8,1359,327.16,False,nsdp_full,16,34,0,False,nsdp_full,16,34,,True
2,1360,327.18,False,nsdp_full,16,22,0,False,nsdp_full,16,24,,True
3,1360,327.18,False,nsdp_full,16,2,0,False,nsdp_full,16,3,,True
4,1360,327.18,False,nsdp_full,16,27,0,False,nsdp_full,16,35,,True
5,1360,327.18,False,nsdp_full,16,19,0,False,nsdp_full,16,13,,True
7,1360,327.18,False,nsdp_full,16,16,0,False,nsdp_full,16,16,,True
8,1360,327.18,False,nsdp_full,16,34,0,False,nsdp_full,16,34,,True
2,1361,327.2,False,nsdp_full,16,22,0,False,nsdp_full,16,25,,True
3,1361,327.2,False,nsdp_full,16,2,0,False,nsdp_full,16,3,,True
4,1361,327.2,False,nsdp_full,16,27,0,False,nsdp_full,16,35,,True
5,1361,327.2,False,nsdp_full,16,19,0,False,nsdp_full,16,13,,True
7,1361,327.2,False,nsdp_full,16,16,0,False,nsdp_full,16,16,,True
8,1361,327.2,False,nsdp_full,16,34,0,False,nsdp_full,16,34,,True
2,1362,327.22,False,nsdp_full,16,22,0,False,nsdp_full,16,25,,True
3,1362,327.22,False,nsdp_full,16,2,0,False,nsdp_full,16,3,,True
4,1362,327.22,False,nsdp_full,16,27,0,False,nsdp_full,16,35,,True
5,1362,327.22,False,nsdp_full,16,19,0,False,nsdp_full,16,13,,True
7,1362,327.22,False,nsdp_full,16,16,0,False,nsdp_full,16,16,,True
8,1362,327.22,False,nsdp_full,16,34,0,False,nsdp_full,16,34,,True
2,1363,327.24,False,nsdp_full,16,22,0,False,nsdp_full,16,25,,True
3,1363,327.24,False,nsdp_full,16,2,0,False,nsdp_full,16,3,,True
4,1363,327.24,False,nsdp_full,16,27,0,False,nsdp_full,16,35,,True
5,1363,327.24,False,nsdp_full,16,19,0,False,nsdp_full,16,13,,True
7,1363,327.24,False,nsdp_full,16,16,0,False,nsdp_full,16,16,,True
8,1363,327.24,False,nsdp_full,16,34,0,False,nsdp_full,16,34,,True
2,1364,327.26,False,nsdp_full,16,22,0,False,nsdp_full,16,25,,True
3,1364,327.26,False,nsdp_full,16,2,0,False,nsdp_full,16,3,,True
4,1364,327.26,False,nsdp_full,16,27,0,False,nsdp_full,16,35,,True
5,1364,327.26,False,nsdp_full,16,19,0,False,nsdp_full,16,13,,True
7,1364,327.26,False,nsdp_full,16,16,0,False,nsdp_full,16,16,,True
8,1364,327.26,False,nsdp_full,16,34,0,False,nsdp_full,16,34,,True
2,1365,327.28,False,nsdp_full,16,22,0,False,nsdp_full,16,25,,True
3,1365,327.28,False,nsdp_full,16,2,0,False,nsdp_full,16,3,,True
4,1365,327.28,False,nsdp_full,16,27,0,False,nsdp_full,16,35,,True
5,1365,327.28,False,nsdp_full,16,19,0,False,nsdp_full,16,13,,True
7,1365,327.28,False,nsdp_full,16,16,0,False,nsdp_full,16,16,,True
8,1365,327.28,False,nsdp_full,16,34,0,False,nsdp_full,16,34,,True
2,1366,327.3,False,nsdp_full,16,22,0,False,nsdp_full,16,25,,True
3,1366,327.3,False,nsdp_full,16,2,0,False,nsdp_full,16,3,,True
4,1366,327.3,False,nsdp_full,16,27,0,False,nsdp_full,16,35,,True
5,1366,327.3,False,nsdp_full,16,19,0,False,nsdp_full,16,13,,True
7,1366,327.3,False,nsdp_full,16,16,0,False,nsdp_full,16,16,,True
8,1366,327.3,False,nsdp_full,16,34,0,False,nsdp_full,16,34,,True
2,1367,327.32,False,nsdp_full,16,22,0,False,nsdp_full,16,25,,True
3,1367,327.32,False,nsdp_full,16,2,0,False,nsdp_full,16,3,,True
4,1367,327.32,False,nsdp_full,16,27,0,False,nsdp_full,16,35,,True
5,1367,327.32,False,nsdp_full,16,19,0,False,nsdp_full,16,13,,True
7,1367,327.32,False,nsdp_full,16,16,0,False,nsdp_full,16,16,,True
8,1367,327.32,False,nsdp_full,16,34,0,False,nsdp_full,16,34,,True
2,1368,327.34,False,nsdp_full,16,23,0,False,nsdp_full,16,25,,True
3,1368,327.34,False,nsdp_full,16,2,0,False,nsdp_full,16,3,,True
4,1368,327.34,False,nsdp_full,16,27,0,False,nsdp_full,16,35,,True
5,1368,327.34,False,nsdp_full,16,19,0,False,nsdp_full,16,13,,True
7,1368,327.34,False,nsdp_full,16,16,0,False,nsdp_full,16,16,,True
8,1368,327.34,False,nsdp_full,16,34,0,False,nsdp_full,16,34,,True
2,1369,327.36,False,nsdp_full,16,23,0,False,nsdp_full,16,25,,True
3,1369,327.36,False,nsdp_full,16,2,0,False,nsdp_full,16,3,,True
4,1369,327.36,False,nsdp_full,16,27,0,False,nsdp_full,16,35,,True
5,1369,327.36,False,nsdp_full,16,19,0,False,nsdp_full,16,13,,True
7,1369,327.36,False,nsdp_full,16,16,0,False,nsdp_full,16,16,,True
8,1369,327.36,False,nsdp_full,16,34,0,False,nsdp_full,16,34,,True
2,1370,327.38,False,nsdp_full,16,23,0,False,nsdp_full,16,25,,True
3,1370,327.38,False,nsdp_full,16,2,0,False,nsdp_full,16,3,,True
4,1370,327.38,False,nsdp_full,16,27,0,False,nsdp_full,16,35,,True
5,1370,327.38,False,nsdp_full,16,19,0,False,nsdp_full,16,13,,True
7,1370,327.38,False,nsdp_full,16,16,0,False,nsdp_full,16,16,,True
8,1370,327.38,False,nsdp_full,16,34,0,True,admitted,15,33,1190,False
2,1371,327.4,False,nsdp_full,16,23,0,False,nsdp_full,16,25,,True
3,1371,327.4,False,nsdp_full,16,2,0,False,nsdp_full,16,3,,True
4,1371,327.4,False,nsdp_full,16,27,0,False,nsdp_full,16,35,,True
5,1371,327.4,False,nsdp_full,16,19,0,False,nsdp_full,16,13,,True
7,1371,327.4,False,nsdp_full,16,16,0,False,nsdp_full,16,16,,True
8,1371,327.4,False,nsdp_full,16,34,0,False,nsdp_full,16,34,,True
2,1372,327.42,False,nsdp_full,16,23,0,False,nsdp_full,16,25,,True
3,1372,327.42,False,nsdp_full,16,2,0,False,nsdp_full,16,3,,True
4,1372,327.42,False,nsdp_full,16,27,0,False,nsdp_full,16,35,,True
5,1372,327.42,False,nsdp_full,16,19,0,False,nsdp_full,16,13,,True
7,1372,327.42,False,nsdp_full,16,16,0,False,nsdp_full,16,16,,True
8,1372,327.42,False,nsdp_full,16,34,0,False,nsdp_full,16,34,,True
2,1373,327.44,False,nsdp_full,16,23,0,False,nsdp_full,16,25,,True
3,1373,327.44,False,nsdp_full,16,2,0,False,nsdp_full,16,3,,True
4,1373,327.44,False,nsdp_full,16,27,0,False,nsdp_full,16,35,,True
5,1373,327.44,False,nsdp_full,16,19,0,False,nsdp_full,16,13,,True
7,1373,327.44,False,nsdp_full,16,16,0,False,nsdp_full,16,16,,True
8,1373,327.44,False,nsdp_full,16,34,0,False,nsdp_full,16,34,,True
2,1374,327.46,False,nsdp_full,16,23,0,False,nsdp_full,16,25,,True
3,1374,327.46,False,nsdp_full,16,2,0,False,nsdp_full,16,3,,True
4,1374,327.46,False,nsdp_full,16,27,0,False,nsdp_full,16,35,,True
5,1374,327.46,False,nsdp_full,16,19,0,False,nsdp_full,16,13,,True
7,1374,327.46,False,nsdp_full,16,16,0,False,nsdp_full,16,16,,True
8,1374,327.46,False,nsdp_full,16,34,0,False,nsdp_full,16,34,,True
2,1375,327.48,False,nsdp_full,16,23,0,False,nsdp_full,16,25,,True
3,1375,327.48,False,nsdp_full,16,2,0,False,nsdp_full,16,3,,True
4,1375,327.48,False,nsdp_full,16,27,0,False,nsdp_full,16,35,,True
5,1375,327.48,False,nsdp_full,16,19,0,False,nsdp_full,16,13,,True
7,1375,327.48,False,nsdp_full,16,16,0,False,nsdp_full,16,16,,True
8,1375,327.48,False,nsdp_full,16,34,0,False,nsdp_full,16,34,,True
2,1376,327.5,False,nsdp_full,16,23,0,False,nsdp_full,16,25,,True
3,1376,327.5,False,nsdp_full,16,2,0,False,nsdp_full,16,3,,True
4,1376,327.5,False,nsdp_full,16,27,0,False,nsdp_full,16,35,,True
5,1376,327.5,False,nsdp_full,16,19,0,False,nsdp_full,16,13,,True
7,1376,327.5,False,nsdp_full,16,16,0,False,nsdp_full,16,16,,True
8,1376,327.5,False,nsdp_full,16,34,0,False,nsdp_full,16,34,,True
2,1377,327.52,False,nsdp_full,16,23,0,False,nsdp_full,16,25,,True
3,1377,327.52,False,nsdp_full,16,2,0,False,nsdp_full,16,3,,True
4,1377,327.52,False,nsdp_full,16,27,0,False,nsdp_full,16,35,,True
5,1377,327.52,False,nsdp_full,16,19,0,False,nsdp_full,16,13,,True
7,1377,327.52,False,nsdp_full,16,16,0,False,nsdp_full,16,16,,True
8,1377,327.52,False,nsdp_full,16,34,0,False,nsdp_full,16,34,,True
2,1378,327.54,False,nsdp_full,16,23,0,False,nsdp_full,16,25,,True
3,1378,327.54,False,nsdp_full,16,2,0,False,nsdp_full,16,3,,True
4,1378,327.54,False,nsdp_full,16,27,0,False,nsdp_full,16,35,,True
5,1378,327.54,False,nsdp_full,16,19,0,False,nsdp_full,16,13,,True
7,1378,327.54,False,nsdp_full,16,16,0,False,nsdp_full,16,16,,True
8,1378,327.54,False,nsdp_full,16,34,0,False,nsdp_full,16,34,,True
2,1379,327.56,False,nsdp_full,16,23,0,False,nsdp_full,16,25,,True
3,1379,327.56,False,nsdp_full,16,2,0,False,nsdp_full,16,3,,True
4,1379,327.56,False,nsdp_full,16,27,0,False,nsdp_full,16,35,,True
5,1379,327.56,False,nsdp_full,16,19,0,False,nsdp_full,16,13,,True
7,1379,327.56,False,nsdp_full,16,16,0,False,nsdp_full,16,16,,True
8,1379,327.56,True,admitted,15,32,196,False,nsdp_full,16,34,,False
2,1380,327.58,False,nsdp_full,16,23,0,False,nsdp_full,16,25,,True
3,1380,327.58,False,nsdp_full,16,2,0,False,nsdp_full,16,3,,True
4,1380,327.58,False,nsdp_full,16,27,0,False,nsdp_full,16,35,,True
5,1380,327.58,False,nsdp_full,16,19,0,False,nsdp_full,16,13,,True
7,1380,327.58,False,nsdp_full,16,16,0,False,nsdp_full,16,16,,True
8,1380,327.58,False,nsdp_full,16,33,0,False,nsdp_full,16,34,,True
2,1381,327.6,False,nsdp_full,16,23,0,False,nsdp_full,16,25,,True
3,1381,327.6,False,nsdp_full,16,2,0,False,nsdp_full,16,3,,True
4,1381,327.6,False,nsdp_full,16,27,0,True,admitted,15,34,1191,False
5,1381,327.6,False,nsdp_full,16,19,0,False,nsdp_full,16,13,,True
7,1381,327.6,False,nsdp_full,16,16,0,False,nsdp_full,16,16,,True
8,1381,327.6,False,nsdp_full,16,33,0,False,nsdp_full,16,34,,True
2,1382,327.62,False,nsdp_full,16,23,0,False,nsdp_full,16,25,,True
3,1382,327.62,False,nsdp_full,16,2,0,True,admitted,14,0,1192,False
4,1382,327.62,False,nsdp_full,16,27,0,False,nsdp_full,16,35,,True
5,1382,327.62,False,nsdp_full,16,19,0,True,admitted,15,12,1193,False
7,1382,327.62,False,nsdp_full,16,16,0,False,nsdp_full,16,16,,True
8,1382,327.62,False,nsdp_full,16,33,0,False,nsdp_full,16,34,,True
2,1383,327.64,False,nsdp_full,16,23,0,False,nsdp_full,16,25,,True
3,1383,327.64,False,nsdp_full,16,2,0,True,admitted,15,1,1194,False
4,1383,327.64,False,nsdp_full,16,27,0,False,nsdp_full,16,35,,True
5,1383,327.64,False,nsdp_full,16,19,0,False,nsdp_full,16,13,,True
7,1383,327.64,False,nsdp_full,16,16,0,False,nsdp_full,16,16,,True
8,1383,327.64,False,nsdp_full,16,33,0,False,nsdp_full,16,34,,True
2,1384,327.66,False,nsdp_full,16,23,0,False,nsdp_full,16,25,,True
3,1384,327.66,False,nsdp_full,16,2,0,False,nsdp_full,16,2,,True
4,1384,327.66,False,nsdp_full,16,27,0,False,nsdp_full,16,35,,True
5,1384,327.66,False,nsdp_full,16,19,0,False,nsdp_full,16,13,,True
7,1384,327.66,False,nsdp_full,16,16,0,False,nsdp_full,16,16,,True
8,1384,327.66,False,nsdp_full,16,33,0,False,nsdp_full,16,34,,True
2,1385,327.68,False,nsdp_full,16,23,0,False,nsdp_full,16,25,,True
3,1385,327.68,False,nsdp_full,16,2,0,False,nsdp_full,16,2,,True
4,1385,327.68,False,nsdp_full,16,27,0,False,nsdp_full,16,35,,True
5,1385,327.68,False,nsdp_full,16,19,0,False,nsdp_full,16,13,,True
7,1385,327.68,False,nsdp_full,16,16,0,False,nsdp_full,16,16,,True
8,1385,327.68,False,nsdp_full,16,33,0,False,nsdp_full,16,34,,True
2,1386,327.7,False,nsdp_full,16,23,0,False,nsdp_full,16,25,,True
3,1386,327.7,False,nsdp_full,16,2,0,False,nsdp_full,16,2,,True
4,1386,327.7,False,nsdp_full,16,27,0,False,nsdp_full,16,35,,True
5,1386,327.7,False,nsdp_full,16,19,0,False,nsdp_full,16,13,,True
7,1386,327.7,False,nsdp_full,16,16,0,False,nsdp_full,16,16,,True
8,1386,327.7,False,nsdp_full,16,33,0,False,nsdp_full,16,34,,True
2,1387,327.72,False,nsdp_full,16,23,0,False,nsdp_full,16,25,,True
3,1387,327.72,False,nsdp_full,16,2,0,False,nsdp_full,16,2,,True
4,1387,327.72,False,nsdp_full,16,27,0,False,nsdp_full,16,35,,True
5,1387,327.72,False,nsdp_full,16,19,0,False,nsdp_full,16,13,,True
7,1387,327.72,False,nsdp_full,16,16,0,False,nsdp_full,16,16,,True
8,1387,327.72,False,nsdp_full,16,33,0,False,nsdp_full,16,34,,True
2,1388,327.74,False,nsdp_full,16,23,0,False,nsdp_full,16,25,,True
3,1388,327.74,False,nsdp_full,16,2,0,False,nsdp_full,16,2,,True
4,1388,327.74,False,nsdp_full,16,27,0,False,nsdp_full,16,35,,True
5,1388,327.74,False,nsdp_full,16,19,0,False,nsdp_full,16,13,,True
7,1388,327.74,False,nsdp_full,16,16,0,False,nsdp_full,16,16,,True
8,1388,327.74,False,nsdp_full,16,33,0,False,nsdp_full,16,34,,True
2,1389,327.76,False,nsdp_full,16,23,0,False,nsdp_full,16,25,,True
3,1389,327.76,False,nsdp_full,16,2,0,False,nsdp_full,16,2,,True
4,1389,327.76,False,nsdp_full,16,27,0,False,nsdp_full,16,35,,True
5,1389,327.76,False,nsdp_full,16,19,0,False,nsdp_full,16,13,,True
7,1389,327.76,False,nsdp_full,16,16,0,False,nsdp_full,16,16,,True
8,1389,327.76,False,nsdp_full,16,33,0,False,nsdp_full,16,34,,True
2,1390,327.78,False,nsdp_full,16,23,0,False,nsdp_full,16,25,,True
3,1390,327.78,False,nsdp_full,16,2,0,False,nsdp_full,16,2,,True
4,1390,327.78,False,nsdp_full,16,27,0,False,nsdp_full,16,35,,True
5,1390,327.78,False,nsdp_full,16,19,0,False,nsdp_full,16,13,,True
7,1390,327.78,False,nsdp_full,16,16,0,False,nsdp_full,16,16,,True
8,1390,327.78,False,nsdp_full,16,33,0,False,nsdp_full,16,34,,True
2,1391,327.8,False,nsdp_full,16,23,0,False,nsdp_full,16,25,,True
3,1391,327.8,False,nsdp_full,16,2,0,False,nsdp_full,16,2,,True
4,1391,327.8,False,nsdp_full,16,27,0,False,nsdp_full,16,35,,True
5,1391,327.8,False,nsdp_full,16,19,0,False,nsdp_full,16,13,,True
7,1391,327.8,False,nsdp_full,16,16,0,False,nsdp_full,16,16,,True
8,1391,327.8,False,nsdp_full,16,33,0,False,nsdp_full,16,34,,True
2,1392,327.82,False,nsdp_full,16,23,0,False,nsdp_full,16,25,,True
3,1392,327.82,False,nsdp_full,16,2,0,False,nsdp_full,16,2,,True
4,1392,327.82,False,nsdp_full,16,27,0,False,nsdp_full,16,35,,True
5,1392,327.82,False,nsdp_full,16,19,0,False,nsdp_full,16,13,,True
7,1392,327.82,False,nsdp_full,16,16,0,False,nsdp_full,16,16,,True
8,1392,327.82,False,nsdp_full,16,33,0,False,nsdp_full,16,34,,True
2,1393,327.84,False,nsdp_full,16,23,0,False,nsdp_full,16,25,,True
3,1393,327.84,False,nsdp_full,16,2,0,False,nsdp_full,16,2,,True
4,1393,327.84,False,nsdp_full,16,27,0,False,nsdp_full,16,35,,True
5,1393,327.84,False,nsdp_full,16,19,0,False,nsdp_full,16,13,,True
7,1393,327.84,False,nsdp_full,16,16,0,False,nsdp_full,16,16,,True
8,1393,327.84,False,nsdp_full,16,33,0,False,nsdp_full,16,34,,True
2,1394,327.86,False,nsdp_full,16,23,0,False,nsdp_full,16,26,,True
3,1394,327.86,False,nsdp_full,16,2,0,False,nsdp_full,16,2,,True
4,1394,327.86,False,nsdp_full,16,27,0,False,nsdp_full,16,35,,True
5,1394,327.86,False,nsdp_full,16,19,0,False,nsdp_full,16,13,,True
7,1394,327.86,False,nsdp_full,16,16,0,False,nsdp_full,16,16,,True
8,1394,327.86,False,nsdp_full,16,33,0,False,nsdp_full,16,34,,True
2,1395,327.88,False,nsdp_full,16,23,0,False,nsdp_full,16,26,,True
3,1395,327.88,False,nsdp_full,16,2,0,False,nsdp_full,16,2,,True
4,1395,327.88,False,nsdp_full,16,27,0,False,nsdp_full,16,35,,True
5,1395,327.88,False,nsdp_full,16,19,0,False,nsdp_full,16,13,,True
7,1395,327.88,False,nsdp_full,16,16,0,False,nsdp_full,16,16,,True
8,1395,327.88,False,nsdp_full,16,33,0,False,nsdp_full,16,34,,True
2,1396,327.9,False,nsdp_full,16,23,0,False,nsdp_full,16,26,,True
3,1396,327.9,False,nsdp_full,16,2,0,False,nsdp_full,16,2,,True
4,1396,327.9,False,nsdp_full,16,27,0,False,nsdp_full,16,35,,True
5,1396,327.9,False,nsdp_full,16,19,0,False,nsdp_full,16,13,,True
7,1396,327.9,False,nsdp_full,16,16,0,False,nsdp_full,16,16,,True
8,1396,327.9,False,nsdp_full,16,33,0,False,nsdp_full,16,34,,True
2,1397,327.92,False,nsdp_full,16,23,0,False,nsdp_full,16,26,,True
3,1397,327.92,False,nsdp_full,16,2,0,False,nsdp_full,16,2,,True
4,1397,327.92,False,nsdp_full,16,27,0,False,nsdp_full,16,35,,True
5,1397,327.92,False,nsdp_full,16,19,0,False,nsdp_full,16,13,,True
7,1397,327.92,False,nsdp_full,16,16,0,False,nsdp_full,16,16,,True
8,1397,327.92,False,nsdp_full,16,33,0,False,nsdp_full,16,34,,True
2,1398,327.94,False,nsdp_full,16,23,0,False,nsdp_full,16,26,,True
3,1398,327.94,False,nsdp_full,16,2,0,False,nsdp_full,16,2,,True
4,1398,327.94,False,nsdp_full,16,27,0,False,nsdp_full,16,35,,True
5,1398,327.94,False,nsdp_full,16,19,0,False,nsdp_full,16,13,,True
7,1398,327.94,False,nsdp_full,16,16,0,False,nsdp_full,16,16,,True
8,1398,327.94,False,nsdp_full,16,33,0,False,nsdp_full,16,34,,True
2,1399,327.96,False,nsdp_full,16,24,0,False,nsdp_full,16,26,,True
3,1399,327.96,False,nsdp_full,16,2,0,False,nsdp_full,16,2,,True
4,1399,327.96,False,nsdp_full,16,27,0,False,nsdp_full,16,35,,True
5,1399,327.96,False,nsdp_full,16,19,0,False,nsdp_full,16,13,,True
7,1399,327.96,False,nsdp_full,16,16,0,False,nsdp_full,16,16,,True
8,1399,327.96,False,nsdp_full,16,33,0,False,nsdp_full,16,34,,True
2,1400,327.98,False,nsdp_full,16,24,0,False,nsdp_full,16,26,,True
3,1400,327.98,False,nsdp_full,16,2,0,False,nsdp_full,16,2,,True
4,1400,327.98,False,nsdp_full,16,27,0,False,nsdp_full,16,35,,True
5,1400,327.98,False,nsdp_full,16,19,0,False,nsdp_full,16,13,,True
7,1400,327.98,False,nsdp_full,16,16,0,False,nsdp_full,16,16,,True
8,1400,327.98,False,nsdp_full,16,33,0,False,nsdp_full,16,34,,True
2,1401,328,False,nsdp_full,16,24,0,False,nsdp_full,16,26,,True
3,1401,328,False,nsdp_full,16,2,0,False,nsdp_full,16,2,,True
4,1401,328,False,nsdp_full,16,27,0,False,nsdp_full,16,35,,True
5,1401,328,False,nsdp_full,16,19,0,False,nsdp_full,16,13,,True
7,1401,328,False,nsdp_full,16,16,0,False,nsdp_full,16,16,,True
8,1401,328,False,nsdp_full,16,33,0,False,nsdp_full,16,34,,True
2,1402,328.02,False,nsdp_full,16,24,0,False,nsdp_full,16,26,,True
3,1402,328.02,True,admitted,14,0,197,False,nsdp_full,16,2,,False
4,1402,328.02,False,nsdp_full,16,27,0,False,nsdp_full,16,35,,True
5,1402,328.02,True,admitted,15,18,198,False,nsdp_full,16,13,,False
7,1402,328.02,False,nsdp_full,16,16,0,False,nsdp_full,16,16,,True
8,1402,328.02,False,nsdp_full,16,33,0,False,nsdp_full,16,34,,True
2,1403,328.04,False,nsdp_full,16,24,0,False,nsdp_full,16,26,,True
3,1403,328.04,True,admitted,15,0,199,False,nsdp_full,16,2,,False
4,1403,328.04,False,nsdp_full,16,27,0,False,nsdp_full,16,35,,True
5,1403,328.04,False,nsdp_full,16,19,0,False,nsdp_full,16,13,,True
7,1403,328.04,False,nsdp_full,16,16,0,False,nsdp_full,16,16,,True
8,1403,328.04,False,nsdp_full,16,33,0,False,nsdp_full,16,34,,True
2,1404,328.06,False,nsdp_full,16,24,0,False,nsdp_full,16,26,,True
3,1404,328.06,False,nsdp_full,16,1,0,False,nsdp_full,16,2,,True
4,1404,328.06,False,nsdp_full,16,27,0,False,nsdp_full,16,35,,True
5,1404,328.06,False,nsdp_full,16,19,0,False,nsdp_full,16,13,,True
7,1404,328.06,False,nsdp_full,16,16,0,False,nsdp_full,16,16,,True
8,1404,328.06,False,nsdp_full,16,33,0,True,admitted,15,32,1197,False
2,1405,328.08,False,nsdp_full,16,24,0,False,nsdp_full,16,26,,True
3,1405,328.08,False,nsdp_full,16,1,0,False,nsdp_full,16,2,,True
4,1405,328.08,False,nsdp_full,16,27,0,False,nsdp_full,16,35,,True
5,1405,328.08,False,nsdp_full,16,19,0,False,nsdp_full,16,13,,True
7,1405,328.08,False,nsdp_full,16,16,0,False,nsdp_full,16,16,,True
8,1405,328.08,False,nsdp_full,16,33,0,False,nsdp_full,16,33,,True
2,1406,328.1,False,nsdp_full,16,24,0,False,nsdp_full,16,26,,True
3,1406,328.1,False,nsdp_full,16,1,0,False,nsdp_full,16,2,,True
4,1406,328.1,False,nsdp_full,16,27,0,False,nsdp_full,16,35,,True
5,1406,328.1,False,nsdp_full,16,19,0,False,nsdp_full,16,13,,True
7,1406,328.1,False,nsdp_full,16,16,0,False,nsdp_full,16,16,,True
8,1406,328.1,False,nsdp_full,16,33,0,False,nsdp_full,16,33,,True
2,1407,328.12,False,nsdp_full,16,24,0,False,nsdp_full,16,26,,True
3,1407,328.12,False,nsdp_full,16,1,0,False,nsdp_full,16,2,,True
4,1407,328.12,False,nsdp_full,16,27,0,False,nsdp_full,16,35,,True
5,1407,328.12,False,nsdp_full,16,19,0,False,nsdp_full,16,13,,True
7,1407,328.12,False,nsdp_full,16,16,0,False,nsdp_full,16,16,,True
8,1407,328.12,False,nsdp_full,16,33,0,False,nsdp_full,16,33,,True
2,1408,328.14,False,nsdp_full,16,24,0,False,nsdp_full,16,26,,True
3,1408,328.14,False,nsdp_full,16,1,0,False,nsdp_full,16,2,,True
4,1408,328.14,False,nsdp_full,16,27,0,False,nsdp_full,16,35,,True
5,1408,328.14,False,nsdp_full,16,19,0,False,nsdp_full,16,13,,True
7,1408,328.14,False,nsdp_full,16,16,0,False,nsdp_full,16,16,,True
8,1408,328.14,False,nsdp_full,16,33,0,False,nsdp_full,16,33,,True
2,1409,328.16,False,nsdp_full,16,24,0,False,nsdp_full,16,26,,True
3,1409,328.16,False,nsdp_full,16,1,0,False,nsdp_full,16,2,,True
4,1409,328.16,False,nsdp_full,16,27,0,False,nsdp_full,16,35,,True
5,1409,328.16,False,nsdp_full,16,19,0,False,nsdp_full,16,13,,True
7,1409,328.16,False,nsdp_full,16,16,0,False,nsdp_full,16,16,,True
8,1409,328.16,False,nsdp_full,16,33,0,False,nsdp_full,16,33,,True
2,1410,328.18,False,nsdp_full,16,24,0,False,nsdp_full,16,26,,True
3,1410,328.18,False,nsdp_full,16,1,0,False,nsdp_full,16,2,,True
4,1410,328.18,False,nsdp_full,16,27,0,False,nsdp_full,16,35,,True
5,1410,328.18,False,nsdp_full,16,19,0,False,nsdp_full,16,13,,True
7,1410,328.18,False,nsdp_full,16,16,0,False,nsdp_full,16,16,,True
8,1410,328.18,False,nsdp_full,16,33,0,False,nsdp_full,16,33,,True
2,1411,328.2,False,nsdp_full,16,24,0,False,nsdp_full,16,26,,True
3,1411,328.2,False,nsdp_full,16,1,0,False,nsdp_full,16,2,,True
4,1411,328.2,False,nsdp_full,16,27,0,False,nsdp_full,16,35,,True
5,1411,328.2,False,nsdp_full,16,19,0,False,nsdp_full,16,13,,True
7,1411,328.2,False,nsdp_full,16,16,0,False,nsdp_full,16,16,,True
8,1411,328.2,False,nsdp_full,16,33,0,False,nsdp_full,16,33,,True
2,1412,328.22,False,nsdp_full,16,24,0,False,nsdp_full,16,26,,True
3,1412,328.22,False,nsdp_full,16,1,0,False,nsdp_full,16,2,,True
4,1412,328.22,False,nsdp_full,16,27,0,False,nsdp_full,16,35,,True
5,1412,328.22,False,nsdp_full,16,19,0,False,nsdp_full,16,13,,True
7,1412,328.22,False,nsdp_full,16,16,0,False,nsdp_full,16,16,,True
8,1412,328.22,True,admitted,15,32,200,False,nsdp_full,16,33,,False
2,1413,328.24,False,nsdp_full,16,24,0,False,nsdp_full,16,26,,True
3,1413,328.24,False,nsdp_full,16,1,0,False,nsdp_full,16,2,,True
4,1413,328.24,False,nsdp_full,16,27,0,False,nsdp_full,16,35,,True
5,1413,328.24,False,nsdp_full,16,19,0,False,nsdp_full,16,13,,True
7,1413,328.24,False,nsdp_full,16,16,0,False,nsdp_full,16,16,,True
8,1413,328.24,False,nsdp_full,16,33,0,False,nsdp_full,16,33,,True
2,1414,328.26,False,nsdp_full,16,24,0,False,nsdp_full,16,26,,True
3,1414,328.26,False,nsdp_full,16,1,0,False,nsdp_full,16,2,,True
4,1414,328.26,False,nsdp_full,16,27,0,False,nsdp_full,16,35,,True
5,1414,328.26,False,nsdp_full,16,19,0,False,nsdp_full,16,13,,True
7,1414,328.26,False,nsdp_full,16,16,0,False,nsdp_full,16,16,,True
8,1414,328.26,False,nsdp_full,16,33,0,False,nsdp_full,16,33,,True
2,1415,328.28,False,nsdp_full,16,24,0,False,nsdp_full,16,26,,True
3,1415,328.28,False,nsdp_full,16,1,0,False,nsdp_full,16,2,,True
4,1415,328.28,False,nsdp_full,16,27,0,False,nsdp_full,16,35,,True
5,1415,328.28,False,nsdp_full,16,19,0,False,nsdp_full,16,13,,True
7,1415,328.28,False,nsdp_full,16,16,0,False,nsdp_full,16,16,,True
8,1415,328.28,False,nsdp_full,16,33,0,False,nsdp_full,16,33,,True
2,1416,328.3,False,nsdp_full,16,24,0,False,nsdp_full,16,26,,True
3,1416,328.3,False,nsdp_full,16,1,0,False,nsdp_full,16,2,,True
4,1416,328.3,False,nsdp_full,16,27,0,False,nsdp_full,16,35,,True
5,1416,328.3,False,nsdp_full,16,19,0,False,nsdp_full,16,13,,True
7,1416,328.3,False,nsdp_full,16,16,0,False,nsdp_full,16,16,,True
8,1416,328.3,False,nsdp_full,16,33,0,False,nsdp_full,16,33,,True
2,1417,328.32,False,nsdp_full,16,24,0,False,nsdp_full,16,26,,True
3,1417,328.32,False,nsdp_full,16,1,0,False,nsdp_full,16,2,,True
4,1417,328.32,False,nsdp_full,16,27,0,False,nsdp_full,16,35,,True
5,1417,328.32,False,nsdp_full,16,19,0,False,nsdp_full,16,13,,True
7,1417,328.32,False,nsdp_full,16,16,0,False,nsdp_full,16,16,,True
8,1417,328.32,False,nsdp_full,16,33,0,False,nsdp_full,16,33,,True
2,1418,328.34,False,nsdp_full,16,24,0,False,nsdp_full,16,26,,True
3,1418,328.34,False,nsdp_full,16,1,0,False,nsdp_full,16,2,,True
4,1418,328.34,False,nsdp_full,16,27,0,False,nsdp_full,16,35,,True
5,1418,328.34,False,nsdp_full,16,19,0,False,nsdp_full,16,13,,True
7,1418,328.34,False,nsdp_full,16,16,0,False,nsdp_full,16,16,,True
8,1418,328.34,False,nsdp_full,16,33,0,False,nsdp_full,16,33,,True
2,1419,328.36,False,nsdp_full,16,24,0,False,nsdp_full,16,26,,True
3,1419,328.36,False,nsdp_full,16,1,0,False,nsdp_full,16,2,,True
4,1419,328.36,False,nsdp_full,16,27,0,False,nsdp_full,16,35,,True
5,1419,328.36,False,nsdp_full,16,19,0,False,nsdp_full,16,13,,True
7,1419,328.36,False,nsdp_full,16,16,0,False,nsdp_full,16,16,,True
8,1419,328.36,False,nsdp_full,16,33,0,False,nsdp_full,16,33,,True
2,1420,328.38,False,nsdp_full,16,24,0,False,nsdp_full,16,26,,True
3,1420,328.38,False,nsdp_full,16,1,0,False,nsdp_full,16,2,,True
4,1420,328.38,False,nsdp_full,16,27,0,False,nsdp_full,16,35,,True
5,1420,328.38,False,nsdp_full,16,19,0,False,nsdp_full,16,13,,True
7,1420,328.38,False,nsdp_full,16,16,0,False,nsdp_full,16,16,,True
8,1420,328.38,False,nsdp_full,16,33,0,False,nsdp_full,16,33,,True
2,1421,328.4,False,nsdp_full,16,24,0,False,nsdp_full,16,26,,True
3,1421,328.4,False,nsdp_full,16,1,0,False,nsdp_full,16,2,,True
4,1421,328.4,False,nsdp_full,16,27,0,False,nsdp_full,16,35,,True
5,1421,328.4,False,nsdp_full,16,19,0,False,nsdp_full,16,13,,True
7,1421,328.4,False,nsdp_full,16,16,0,False,nsdp_full,16,16,,True
8,1421,328.4,False,nsdp_full,16,33,0,False,nsdp_full,16,33,,True
2,1422,328.42,False,nsdp_full,16,24,0,False,nsdp_full,16,26,,True
3,1422,328.42,False,nsdp_full,16,1,0,False,nsdp_full,16,2,,True
4,1422,328.42,False,nsdp_full,16,27,0,False,nsdp_full,16,35,,True
5,1422,328.42,False,nsdp_full,16,19,0,False,nsdp_full,16,13,,True
7,1422,328.42,False,nsdp_full,16,16,0,False,nsdp_full,16,16,,True
8,1422,328.42,False,nsdp_full,16,33,0,False,nsdp_full,16,33,,True
2,1423,328.44,False,nsdp_full,16,24,0,False,nsdp_full,16,26,,True
3,1423,328.44,False,nsdp_full,16,1,0,True,admitted,15,1,1199,False
4,1423,328.44,False,nsdp_full,16,27,0,False,nsdp_full,16,35,,True
5,1423,328.44,False,nsdp_full,16,19,0,True,admitted,15,12,1200,False
7,1423,328.44,False,nsdp_full,16,16,0,False,nsdp_full,16,16,,True
8,1423,328.44,False,nsdp_full,16,33,0,False,nsdp_full,16,33,,True
2,1424,328.46,False,nsdp_full,16,24,0,False,nsdp_full,16,27,,True
3,1424,328.46,False,nsdp_full,16,1,0,False,nsdp_full,16,2,,True
4,1424,328.46,False,nsdp_full,16,27,0,False,nsdp_full,16,35,,True
5,1424,328.46,False,nsdp_full,16,19,0,False,nsdp_full,16,13,,True
7,1424,328.46,False,nsdp_full,16,16,0,False,nsdp_full,16,16,,True
8,1424,328.46,False,nsdp_full,16,33,0,False,nsdp_full,16,33,,True
2,1425,328.48,False,nsdp_full,16,24,0,False,nsdp_full,16,27,,True
3,1425,328.48,False,nsdp_full,16,1,0,False,nsdp_full,16,2,,True
4,1425,328.48,False,nsdp_full,16,27,0,False,nsdp_full,16,35,,True
5,1425,328.48,False,nsdp_full,16,19,0,False,nsdp_full,16,13,,True
7,1425,328.48,False,nsdp_full,16,16,0,False,nsdp_full,16,16,,True
8,1425,328.48,False,nsdp_full,16,33,0,False,nsdp_full,16,33,,True
2,1426,328.5,False,nsdp_full,16,24,0,False,nsdp_full,16,27,,True
3,1426,328.5,False,nsdp_full,16,1,0,False,nsdp_full,16,2,,True
4,1426,328.5,False,nsdp_full,16,27,0,False,nsdp_full,16,35,,True
5,1426,328.5,False,nsdp_full,16,19,0,False,nsdp_full,16,13,,True
7,1426,328.5,False,nsdp_full,16,16,0,False,nsdp_full,16,16,,True
8,1426,328.5,False,nsdp_full,16,33,0,False,nsdp_full,16,33,,True
2,1427,328.52,False,nsdp_full,16,24,0,False,nsdp_full,16,27,,True
3,1427,328.52,False,nsdp_full,16,1,0,False,nsdp_full,16,2,,True
4,1427,328.52,False,nsdp_full,16,27,0,False,nsdp_full,16,35,,True
5,1427,328.52,False,nsdp_full,16,19,0,False,nsdp_full,16,13,,True
7,1427,328.52,False,nsdp_full,16,16,0,False,nsdp_full,16,16,,True
8,1427,328.52,False,nsdp_full,16,33,0,False,nsdp_full,16,33,,True
2,1428,328.54,False,nsdp_full,16,24,0,False,nsdp_full,16,27,,True
3,1428,328.54,False,nsdp_full,16,1,0,False,nsdp_full,16,2,,True
4,1428,328.54,False,nsdp_full,16,27,0,False,nsdp_full,16,35,,True
5,1428,328.54,False,nsdp_full,16,19,0,False,nsdp_full,16,13,,True
7,1428,328.54,False,nsdp_full,16,16,0,False,nsdp_full,16,16,,True
8,1428,328.54,False,nsdp_full,16,33,0,False,nsdp_full,16,33,,True
2,1429,328.56,False,nsdp_full,16,24,0,False,nsdp_full,16,27,,True
3,1429,328.56,False,nsdp_full,16,1,0,False,nsdp_full,16,2,,True
4,1429,328.56,False,nsdp_full,16,27,0,False,nsdp_full,16,35,,True
5,1429,328.56,False,nsdp_full,16,19,0,False,nsdp_full,16,13,,True
7,1429,328.56,False,nsdp_full,16,16,0,False,nsdp_full,16,16,,True
8,1429,328.56,False,nsdp_full,16,33,0,True,admitted,15,32,1202,False
2,1430,328.58,False,nsdp_full,16,25,0,False,nsdp_full,16,27,,True
3,1430,328.58,False,nsdp_full,16,1,0,False,nsdp_full,16,2,,True
4,1430,328.58,False,nsdp_full,16,27,0,False,nsdp_full,16,35,,True
5,1430,328.58,False,nsdp_full,16,19,0,False,nsdp_full,16,13,,True
7,1430,328.58,False,nsdp_full,16,16,0,False,nsdp_full,16,16,,True
8,1430,328.58,False,nsdp_full,16,33,0,False,nsdp_full,16,33,,True
2,1431,328.6,False,nsdp_full,16,25,0,False,nsdp_full,16,27,,True
3,1431,328.6,False,nsdp_full,16,1,0,False,nsdp_full,16,2,,True
4,1431,328.6,False,nsdp_full,16,27,0,False,nsdp_full,16,35,,True
5,1431,328.6,False,nsdp_full,16,19,0,False,nsdp_full,16,13,,True
7,1431,328.6,False,nsdp_full,16,16,0,False,nsdp_full,16,16,,True
8,1431,328.6,False,nsdp_full,16,33,0,False,nsdp_full,16,33,,True
2,1432,328.62,False,nsdp_full,16,25,0,False,nsdp_full,16,27,,True
3,1432,328.62,False,nsdp_full,16,1,0,False,nsdp_full,16,2,,True
4,1432,328.62,False,nsdp_full,16,27,0,False,nsdp_full,16,35,,True
5,1432,328.62,False,nsdp_full,16,19,0,False,nsdp_full,16,13,,True
7,1432,328.62,False,nsdp_full,16,16,0,False,nsdp_full,16,16,,True
8,1432,328.62,False,nsdp_full,16,33,0,False,nsdp_full,16,33,,True
2,1433,328.64,False,nsdp_full,16,25,0,False,nsdp_full,16,27,,True
3,1433,328.64,False,nsdp_full,16,1,0,False,nsdp_full,16,2,,True
4,1433,328.64,False,nsdp_full,16,27,0,False,nsdp_full,16,35,,True
5,1433,328.64,False,nsdp_full,16,19,0,False,nsdp_full,16,13,,True
7,1433,328.64,False,nsdp_full,16,16,0,False,nsdp_full,16,16,,True
8,1433,328.64,False,nsdp_full,16,33,0,False,nsdp_full,16,33,,True
2,1434,328.66,False,nsdp_full,16,25,0,False,nsdp_full,16,27,,True
3,1434,328.66,False,nsdp_full,16,1,0,False,nsdp_full,16,2,,True
4,1434,328.66,False,nsdp_full,16,27,0,False,nsdp_full,16,35,,True
5,1434,328.66,False,nsdp_full,16,19,0,False,nsdp_full,16,13,,True
7,1434,328.66,False,nsdp_full,16,16,0,False,nsdp_full,16,16,,True
8,1434,328.66,False,nsdp_full,16,33,0,False,nsdp_full,16,33,,True
2,1435,328.68,False,nsdp_full,16,25,0,False,nsdp_full,16,27,,True
3,1435,328.68,False,nsdp_full,16,1,0,False,nsdp_full,16,2,,True
4,1435,328.68,False,nsdp_full,16,27,0,False,nsdp_full,16,35,,True
5,1435,328.68,False,nsdp_full,16,19,0,False,nsdp_full,16,13,,True
7,1435,328.68,False,nsdp_full,16,16,0,False,nsdp_full,16,16,,True
8,1435,328.68,False,nsdp_full,16,33,0,False,nsdp_full,16,33,,True
2,1436,328.7,False,nsdp_full,16,25,0,False,nsdp_full,16,27,,True
3,1436,328.7,False,nsdp_full,16,1,0,False,nsdp_full,16,2,,True
4,1436,328.7,False,nsdp_full,16,27,0,False,nsdp_full,16,35,,True
5,1436,328.7,False,nsdp_full,16,19,0,False,nsdp_full,16,13,,True
7,1436,328.7,False,nsdp_full,16,16,0,False,nsdp_full,16,16,,True
8,1436,328.7,True,admitted,15,32,201,False,nsdp_full,16,33,,False
2,1437,328.72,False,nsdp_full,16,25,0,False,nsdp_full,16,27,,True
3,1437,328.72,False,nsdp_full,16,1,0,False,nsdp_full,16,2,,True
4,1437,328.72,False,nsdp_full,16,27,0,False,nsdp_full,16,35,,True
5,1437,328.72,False,nsdp_full,16,19,0,False,nsdp_full,16,13,,True
7,1437,328.72,False,nsdp_full,16,16,0,False,nsdp_full,16,16,,True
8,1437,328.72,False,nsdp_full,16,33,0,False,nsdp_full,16,33,,True
2,1438,328.74,False,nsdp_full,16,25,0,False,nsdp_full,16,27,,True
3,1438,328.74,False,nsdp_full,16,1,0,False,nsdp_full,16,2,,True
4,1438,328.74,False,nsdp_full,16,27,0,False,nsdp_full,16,35,,True
5,1438,328.74,False,nsdp_full,16,19,0,False,nsdp_full,16,13,,True
7,1438,328.74,False,nsdp_full,16,16,0,False,nsdp_full,16,16,,True
8,1438,328.74,False,nsdp_full,16,33,0,False,nsdp_full,16,33,,True
2,1439,328.76,False,nsdp_full,16,25,0,False,nsdp_full,16,27,,True
3,1439,328.76,False,nsdp_full,16,1,0,False,nsdp_full,16,2,,True
4,1439,328.76,False,nsdp_full,16,27,0,False,nsdp_full,16,35,,True
5,1439,328.76,False,nsdp_full,16,19,0,False,nsdp_full,16,13,,True
7,1439,328.76,False,nsdp_full,16,16,0,False,nsdp_full,16,16,,True
8,1439,328.76,False,nsdp_full,16,33,0,False,nsdp_full,16,33,,True
2,1440,328.78,False,nsdp_full,16,25,0,False,nsdp_full,16,27,,True
3,1440,328.78,False,nsdp_full,16,1,0,False,nsdp_full,16,2,,True
4,1440,328.78,False,nsdp_full,16,27,0,False,nsdp_full,16,35,,True
5,1440,328.78,False,nsdp_full,16,19,0,False,nsdp_full,16,13,,True
7,1440,328.78,False,nsdp_full,16,16,0,False,nsdp_full,16,16,,True
8,1440,328.78,False,nsdp_full,16,33,0,False,nsdp_full,16,33,,True
2,1441,328.8,False,nsdp_full,16,25,0,False,nsdp_full,16,27,,True
3,1441,328.8,False,nsdp_full,16,1,0,False,nsdp_full,16,2,,True
4,1441,328.8,False,nsdp_full,16,27,0,False,nsdp_full,16,35,,True
5,1441,328.8,False,nsdp_full,16,19,0,False,nsdp_full,16,13,,True
7,1441,328.8,False,nsdp_full,16,16,0,False,nsdp_full,16,16,,True
8,1441,328.8,False,nsdp_full,16,33,0,False,nsdp_full,16,33,,True
2,1442,328.82,False,nsdp_full,16,25,0,False,nsdp_full,16,27,,True
3,1442,328.82,False,nsdp_full,16,1,0,False,nsdp_full,16,2,,True
4,1442,328.82,False,nsdp_full,16,27,0,False,nsdp_full,16,35,,True
5,1442,328.82,False,nsdp_full,16,19,0,False,nsdp_full,16,13,,True
7,1442,328.82,False,nsdp_full,16,16,0,False,nsdp_full,16,16,,True
8,1442,328.82,False,nsdp_full,16,33,0,False,nsdp_full,16,33,,True
2,1443,328.84,False,nsdp_full,16,25,0,False,nsdp_full,16,27,,True
3,1443,328.84,False,nsdp_full,16,1,0,False,nsdp_full,16,2,,True
4,1443,328.84,False,nsdp_full,16,27,0,False,nsdp_full,16,35,,True
5,1443,328.84,False,nsdp_full,16,19,0,False,nsdp_full,16,13,,True
7,1443,328.84,False,nsdp_full,16,16,0,False,nsdp_full,16,16,,True
8,1443,328.84,False,nsdp_full,16,33,0,False,nsdp_full,16,33,,True
2,1444,328.86,False,nsdp_full,16,25,0,False,nsdp_full,16,27,,True
3,1444,328.86,False,nsdp_full,16,1,0,False,nsdp_full,16,2,,True
4,1444,328.86,False,nsdp_full,16,27,0,False,nsdp_full,16,35,,True
5,1444,328.86,False,nsdp_full,16,19,0,False,nsdp_full,16,13,,True
7,1444,328.86,False,nsdp_full,16,16,0,False,nsdp_full,16,16,,True
8,1444,328.86,False,nsdp_full,16,33,0,False,nsdp_full,16,33,,True
2,1445,328.88,False,nsdp_full,16,25,0,False,nsdp_full,16,27,,True
3,1445,328.88,False,nsdp_full,16,1,0,False,nsdp_full,16,2,,True
4,1445,328.88,False,nsdp_full,16,27,0,False,nsdp_full,16,35,,True
5,1445,328.88,False,nsdp_full,16,19,0,False,nsdp_full,16,13,,True
7,1445,328.88,False,nsdp_full,16,16,0,False,nsdp_full,16,16,,True
8,1445,328.88,False,nsdp_full,16,33,0,False,nsdp_full,16,33,,True
2,1446,328.9,False,nsdp_full,16,25,0,False,nsdp_full,16,28,,True
3,1446,328.9,False,nsdp_full,16,1,0,False,nsdp_full,16,2,,True
4,1446,328.9,False,nsdp_full,16,27,0,False,nsdp_full,16,35,,True
5,1446,328.9,False,nsdp_full,16,19,0,False,nsdp_full,16,13,,True
7,1446,328.9,False,nsdp_full,16,16,0,False,nsdp_full,16,16,,True
8,1446,328.9,False,nsdp_full,16,33,0,False,nsdp_full,16,33,,True
2,1447,328.92,False,nsdp_full,16,25,0,False,nsdp_full,16,28,,True
3,1447,328.92,False,nsdp_full,16,1,0,False,nsdp_full,16,2,,True
4,1447,328.92,False,nsdp_full,16,27,0,False,nsdp_full,16,35,,True
5,1447,328.92,False,nsdp_full,16,19,0,False,nsdp_full,16,13,,True
7,1447,328.92,False,nsdp_full,16,16,0,False,nsdp_full,16,16,,True
8,1447,328.92,False,nsdp_full,16,33,0,False,nsdp_full,16,33,,True
2,1448,328.94,False,nsdp_full,16,25,0,False,nsdp_full,16,28,,True
3,1448,328.94,False,nsdp_full,16,1,0,False,nsdp_full,16,2,,True
4,1448,328.94,False,nsdp_full,16,27,0,False,nsdp_full,16,35,,True
5,1448,328.94,False,nsdp_full,16,19,0,False,nsdp_full,16,13,,True
7,1448,328.94,False,nsdp_full,16,16,0,False,nsdp_full,16,16,,True
8,1448,328.94,False,nsdp_full,16,33,0,False,nsdp_full,16,33,,True
2,1449,328.96,False,nsdp_full,16,25,0,False,nsdp_full,16,28,,True
3,1449,328.96,False,nsdp_full,16,1,0,False,nsdp_full,16,2,,True
4,1449,328.96,False,nsdp_full,16,27,0,False,nsdp_full,16,35,,True
5,1449,328.96,False,nsdp_full,16,19,0,False,nsdp_full,16,13,,True
7,1449,328.96,False,nsdp_full,16,16,0,False,nsdp_full,16,16,,True
8,1449,328.96,False,nsdp_full,16,33,0,False,nsdp_full,16,33,,True
2,1450,328.98,False,nsdp_full,16,25,0,False,nsdp_full,16,28,,True
3,1450,328.98,False,nsdp_full,16,1,0,False,nsdp_full,16,2,,True
4,1450,328.98,False,nsdp_full,16,27,0,False,nsdp_full,16,35,,True
5,1450,328.98,False,nsdp_full,16,19,0,False,nsdp_full,16,13,,True
7,1450,328.98,False,nsdp_full,16,16,0,False,nsdp_full,16,16,,True
8,1450,328.98,False,nsdp_full,16,33,0,False,nsdp_full,16,33,,True
2,1451,329,False,nsdp_full,16,25,0,False,nsdp_full,16,28,,True
3,1451,329,True,admitted,15,0,202,False,nsdp_full,16,2,,False
4,1451,329,False,nsdp_full,16,27,0,False,nsdp_full,16,35,,True
5,1451,329,True,admitted,15,17,203,False,nsdp_full,16,13,,False
7,1451,329,False,nsdp_full,16,16,0,False,nsdp_full,16,16,,True
8,1451,329,False,nsdp_full,16,33,0,False,nsdp_full,16,33,,True
2,1452,329.02,False,nsdp_full,16,25,0,False,nsdp_full,16,28,,True
3,1452,329.02,False,nsdp_full,16,1,0,False,nsdp_full,16,2,,True
4,1452,329.02,False,nsdp_full,16,27,0,False,nsdp_full,16,35,,True
5,1452,329.02,False,nsdp_full,16,18,0,False,nsdp_full,16,13,,True
7,1452,329.02,False,nsdp_full,16,16,0,False,nsdp_full,16,16,,True
8,1452,329.02,False,nsdp_full,16,33,0,False,nsdp_full,16,33,,True
2,1453,329.04,False,nsdp_full,16,25,0,False,nsdp_full,16,28,,True
3,1453,329.04,False,nsdp_full,16,1,0,False,nsdp_full,16,2,,True
4,1453,329.04,False,nsdp_full,16,27,0,False,nsdp_full,16,35,,True
5,1453,329.04,False,nsdp_full,16,18,0,False,nsdp_full,16,13,,True
7,1453,329.04,False,nsdp_full,16,16,0,False,nsdp_full,16,16,,True
8,1453,329.04,False,nsdp_full,16,33,0,False,nsdp_full,16,33,,True
2,1454,329.06,False,nsdp_full,16,25,0,False,nsdp_full,16,28,,True
3,1454,329.06,False,nsdp_full,16,1,0,False,nsdp_full,16,2,,True
4,1454,329.06,False,nsdp_full,16,27,0,False,nsdp_full,16,35,,True
5,1454,329.06,False,nsdp_full,16,18,0,False,nsdp_full,16,13,,True
7,1454,329.06,False,nsdp_full,16,16,0,False,nsdp_full,16,16,,True
8,1454,329.06,False,nsdp_full,16,33,0,False,nsdp_full,16,33,,True
2,1455,329.08,False,nsdp_full,16,26,0,False,nsdp_full,16,28,,True
3,1455,329.08,False,nsdp_full,16,1,0,False,nsdp_full,16,2,,True
4,1455,329.08,False,nsdp_full,16,27,0,False,nsdp_full,16,35,,True
5,1455,329.08,False,nsdp_full,16,18,0,False,nsdp_full,16,13,,True
7,1455,329.08,False,nsdp_full,16,16,0,False,nsdp_full,16,16,,True
8,1455,329.08,False,nsdp_full,16,33,0,False,nsdp_full,16,33,,True
2,1456,329.1,False,nsdp_full,16,26,0,False,nsdp_full,16,28,,True
3,1456,329.1,False,nsdp_full,16,1,0,False,nsdp_full,16,2,,True
4,1456,329.1,False,nsdp_full,16,27,0,False,nsdp_full,16,35,,True
5,1456,329.1,False,nsdp_full,16,18,0,False,nsdp_full,16,13,,True
7,1456,329.1,False,nsdp_full,16,16,0,False,nsdp_full,16,16,,True
8,1456,329.1,False,nsdp_full,16,33,0,False,nsdp_full,16,33,,True
2,1457,329.12,False,nsdp_full,16,26,0,False,nsdp_full,16,28,,True
3,1457,329.12,False,nsdp_full,16,1,0,False,nsdp_full,16,2,,True
4,1457,329.12,False,nsdp_full,16,27,0,False,nsdp_full,16,35,,True
5,1457,329.12,False,nsdp_full,16,18,0,False,nsdp_full,16,13,,True
7,1457,329.12,False,nsdp_full,16,16,0,False,nsdp_full,16,16,,True
8,1457,329.12,False,nsdp_full,16,33,0,False,nsdp_full,16,33,,True
2,1458,329.14,False,nsdp_full,16,26,0,False,nsdp_full,16,28,,True
3,1458,329.14,False,nsdp_full,16,1,0,False,nsdp_full,16,2,,True
4,1458,329.14,False,nsdp_full,16,27,0,False,nsdp_full,16,35,,True
5,1458,329.14,False,nsdp_full,16,18,0,False,nsdp_full,16,13,,True
7,1458,329.14,False,nsdp_full,16,16,0,False,nsdp_full,16,16,,True
8,1458,329.14,False,nsdp_full,16,33,0,False,nsdp_full,16,33,,True
2,1459,329.16,False,nsdp_full,16,26,0,False,nsdp_full,16,28,,True
3,1459,329.16,False,nsdp_full,16,1,0,False,nsdp_full,16,2,,True
4,1459,329.16,False,nsdp_full,16,27,0,False,nsdp_full,16,35,,True
5,1459,329.16,False,nsdp_full,16,18,0,False,nsdp_full,16,13,,True
7,1459,329.16,False,nsdp_full,16,16,0,False,nsdp_full,16,16,,True
8,1459,329.16,False,nsdp_full,16,33,0,False,nsdp_full,16,33,,True
2,1460,329.18,False,nsdp_full,16,26,0,False,nsdp_full,16,29,,True
3,1460,329.18,False,nsdp_full,16,1,0,False,nsdp_full,16,2,,True
4,1460,329.18,False,nsdp_full,16,27,0,False,nsdp_full,16,35,,True
5,1460,329.18,False,nsdp_full,16,18,0,False,nsdp_full,16,13,,True
7,1460,329.18,False,nsdp_full,16,16,0,False,nsdp_full,16,16,,True
8,1460,329.18,False,nsdp_full,16,33,0,False,nsdp_full,16,33,,True
2,1461,329.2,False,nsdp_full,16,26,0,False,nsdp_full,16,29,,True
3,1461,329.2,False,nsdp_full,16,1,0,False,nsdp_full,16,2,,True
4,1461,329.2,True,admitted,15,27,204,False,nsdp_full,16,35,,False
5,1461,329.2,False,nsdp_full,16,18,0,False,nsdp_full,16,13,,True
7,1461,329.2,False,nsdp_full,16,16,0,False,nsdp_full,16,16,,True
8,1461,329.2,False,nsdp_full,16,33,0,False,nsdp_full,16,33,,True
2,1462,329.22,False,nsdp_full,16,26,0,False,nsdp_full,16,29,,True
3,1462,329.22,False,nsdp_full,16,1,0,False,nsdp_full,16,2,,True
4,1462,329.22,False,nsdp_full,16,28,0,False,nsdp_full,16,35,,True
5,1462,329.22,False,nsdp_full,16,18,0,False,nsdp_full,16,13,,True
7,1462,329.22,False,nsdp_full,16,16,0,False,nsdp_full,16,16,,True
8,1462,329.22,False,nsdp_full,16,33,0,False,nsdp_full,16,33,,True
2,1463,329.24,False,nsdp_full,16,26,0,False,nsdp_full,16,29,,True
3,1463,329.24,False,nsdp_full,16,1,0,False,nsdp_full,16,2,,True
4,1463,329.24,False,nsdp_full,16,28,0,False,nsdp_full,16,35,,True
5,1463,329.24,False,nsdp_full,16,18,0,False,nsdp_full,16,13,,True
7,1463,329.24,False,nsdp_full,16,16,0,False,nsdp_full,16,16,,True
8,1463,329.24,False,nsdp_full,16,33,0,False,nsdp_full,16,33,,True
2,1464,329.26,False,nsdp_full,16,26,0,False,nsdp_full,16,29,,True
3,1464,329.26,False,nsdp_full,16,1,0,False,nsdp_full,16,2,,True
4,1464,329.26,False,nsdp_full,16,28,0,False,nsdp_full,16,35,,True
5,1464,329.26,False,nsdp_full,16,18,0,False,nsdp_full,16,13,,True
7,1464,329.26,False,nsdp_full,16,16,0,False,nsdp_full,16,16,,True
8,1464,329.26,True,admitted,15,31,205,False,nsdp_full,16,33,,False
2,1465,329.28,False,nsdp_full,16,26,0,False,nsdp_full,16,29,,True
3,1465,329.28,False,nsdp_full,16,1,0,False,nsdp_full,16,2,,True
4,1465,329.28,False,nsdp_full,16,28,0,False,nsdp_full,16,35,,True
5,1465,329.28,False,nsdp_full,16,18,0,False,nsdp_full,16,13,,True
7,1465,329.28,False,nsdp_full,16,16,0,False,nsdp_full,16,16,,True
8,1465,329.28,False,nsdp_full,16,32,0,True,admitted,14,30,1207,False
2,1466,329.3,False,nsdp_full,16,26,0,False,nsdp_full,16,29,,True
3,1466,329.3,False,nsdp_full,16,1,0,False,nsdp_full,16,2,,True
4,1466,329.3,False,nsdp_full,16,28,0,False,nsdp_full,16,35,,True
5,1466,329.3,False,nsdp_full,16,18,0,False,nsdp_full,16,13,,True
7,1466,329.3,False,nsdp_full,16,16,0,False,nsdp_full,16,16,,True
8,1466,329.3,False,nsdp_full,16,32,0,True,admitted,15,31,1208,False
2,1467,329.32,False,nsdp_full,16,26,0,False,nsdp_full,16,29,,True
3,1467,329.32,False,nsdp_full,16,1,0,False,nsdp_full,16,2,,True
4,1467,329.32,False,nsdp_full,16,28,0,False,nsdp_full,16,35,,True
5,1467,329.32,False,nsdp_full,16,18,0,False,nsdp_full,16,13,,True
7,1467,329.32,False,nsdp_full,16,16,0,False,nsdp_full,16,16,,True
8,1467,329.32,False,nsdp_full,16,32,0,False,nsdp_full,16,32,,True
2,1468,329.34,False,nsdp_full,16,26,0,False,nsdp_full,16,29,,True
3,1468,329.34,False,nsdp_full,16,1,0,False,nsdp_full,16,2,,True
4,1468,329.34,False,nsdp_full,16,28,0,False,nsdp_full,16,35,,True
5,1468,329.34,False,nsdp_full,16,18,0,False,nsdp_full,16,13,,True
7,1468,329.34,False,nsdp_full,16,16,0,False,nsdp_full,16,16,,True
8,1468,329.34,False,nsdp_full,16,32,0,False,nsdp_full,16,32,,True
2,1469,329.36,False,nsdp_full,16,26,0,False,nsdp_full,16,29,,True
3,1469,329.36,False,nsdp_full,16,1,0,False,nsdp_full,16,2,,True
4,1469,329.36,False,nsdp_full,16,28,0,False,nsdp_full,16,35,,True
5,1469,329.36,False,nsdp_full,16,18,0,False,nsdp_full,16,13,,True
7,1469,329.36,False,nsdp_full,16,16,0,False,nsdp_full,16,16,,True
8,1469,329.36,False,nsdp_full,16,32,0,False,nsdp_full,16,32,,True
2,1470,329.38,False,nsdp_full,16,26,0,False,nsdp_full,16,29,,True
3,1470,329.38,False,nsdp_full,16,1,0,True,admitted,15,0,1209,False
4,1470,329.38,False,nsdp_full,16,28,0,False,nsdp_full,16,35,,True
5,1470,329.38,False,nsdp_full,16,18,0,False,nsdp_full,16,11,,True
7,1470,329.38,False,nsdp_full,16,16,0,False,nsdp_full,16,16,,True
8,1470,329.38,False,nsdp_full,16,32,0,False,nsdp_full,16,32,,True
2,1471,329.4,False,nsdp_full,16,26,0,False,nsdp_full,16,29,,True
3,1471,329.4,False,nsdp_full,16,1,0,False,nsdp_full,16,1,,True
4,1471,329.4,False,nsdp_full,16,28,0,False,nsdp_full,16,35,,True
5,1471,329.4,False,nsdp_full,16,18,0,False,nsdp_full,16,11,,True
7,1471,329.4,False,nsdp_full,16,16,0,False,nsdp_full,16,16,,True
8,1471,329.4,False,nsdp_full,16,32,0,False,nsdp_full,16,32,,True
2,1472,329.42,False,nsdp_full,16,26,0,False,nsdp_full,16,29,,True
3,1472,329.42,False,nsdp_full,16,1,0,False,nsdp_full,16,1,,True
4,1472,329.42,False,nsdp_full,16,28,0,False,nsdp_full,16,35,,True
5,1472,329.42,False,nsdp_full,16,18,0,False,nsdp_full,16,11,,True
7,1472,329.42,False,nsdp_full,16,16,0,False,nsdp_full,16,16,,True
8,1472,329.42,False,nsdp_full,16,32,0,False,nsdp_full,16,32,,True
2,1473,329.44,False,nsdp_full,16,26,0,False,nsdp_full,16,29,,True
3,1473,329.44,False,nsdp_full,16,1,0,False,nsdp_full,16,1,,True
4,1473,329.44,False,nsdp_full,16,28,0,False,nsdp_full,16,35,,True
5,1473,329.44,False,nsdp_full,16,18,0,False,nsdp_full,16,11,,True
7,1473,329.44,False,nsdp_full,16,16,0,False,nsdp_full,16,16,,True
8,1473,329.44,False,nsdp_full,16,32,0,False,nsdp_full,16,32,,True
2,1474,329.46,False,nsdp_full,16,26,0,False,nsdp_full,16,29,,True
3,1474,329.46,False,nsdp_full,16,1,0,False,nsdp_full,16,1,,True
4,1474,329.46,False,nsdp_full,16,28,0,False,nsdp_full,16,35,,True
5,1474,329.46,False,nsdp_full,16,18,0,False,nsdp_full,16,11,,True
7,1474,329.46,False,nsdp_full,16,16,0,False,nsdp_full,16,16,,True
8,1474,329.46,False,nsdp_full,16,32,0,False,nsdp_full,16,32,,True
2,1475,329.48,False,nsdp_full,16,26,0,False,nsdp_full,16,29,,True
3,1475,329.48,False,nsdp_full,16,1,0,False,nsdp_full,16,1,,True
4,1475,329.48,False,nsdp_full,16,28,0,False,nsdp_full,16,35,,True
5,1475,329.48,False,nsdp_full,16,18,0,False,nsdp_full,16,11,,True
7,1475,329.48,False,nsdp_full,16,16,0,False,nsdp_full,16,16,,True
8,1475,329.48,False,nsdp_full,16,32,0,False,nsdp_full,16,32,,True
2,1476,329.5,False,nsdp_full,16,26,0,False,nsdp_full,16,29,,True
3,1476,329.5,False,nsdp_full,16,1,0,False,nsdp_full,16,1,,True
4,1476,329.5,False,nsdp_full,16,28,0,False,nsdp_full,16,35,,True
5,1476,329.5,False,nsdp_full,16,18,0,False,nsdp_full,16,11,,True
7,1476,329.5,False,nsdp_full,16,16,0,False,nsdp_full,16,16,,True
8,1476,329.5,False,nsdp_full,16,32,0,False,nsdp_full,16,32,,True
2,1477,329.52,False,nsdp_full,16,26,0,False,nsdp_full,16,29,,True
3,1477,329.52,False,nsdp_full,16,1,0,False,nsdp_full,16,1,,True
4,1477,329.52,False,nsdp_full,16,28,0,False,nsdp_full,16,35,,True
5,1477,329.52,False,nsdp_full,16,18,0,False,nsdp_full,16,11,,True
7,1477,329.52,False,nsdp_full,16,16,0,False,nsdp_full,16,16,,True
8,1477,329.52,False,nsdp_full,16,32,0,False,nsdp_full,16,32,,True
2,1478,329.54,False,nsdp_full,16,26,0,False,nsdp_full,16,29,,True
3,1478,329.54,False,nsdp_full,16,1,0,False,nsdp_full,16,1,,True
4,1478,329.54,False,nsdp_full,16,28,0,False,nsdp_full,16,35,,True
5,1478,329.54,False,nsdp_full,16,18,0,False,nsdp_full,16,11,,True
7,1478,329.54,False,nsdp_full,16,16,0,False,nsdp_full,16,16,,True
8,1478,329.54,False,nsdp_full,16,32,0,False,nsdp_full,16,32,,True
2,1479,329.56,False,nsdp_full,16,26,0,False,nsdp_full,16,29,,True
3,1479,329.56,False,nsdp_full,16,1,0,False,nsdp_full,16,1,,True
4,1479,329.56,False,nsdp_full,16,28,0,False,nsdp_full,16,35,,True
5,1479,329.56,False,nsdp_full,16,18,0,False,nsdp_full,16,11,,True
7,1479,329.56,False,nsdp_full,16,16,0,False,nsdp_full,16,16,,True
8,1479,329.56,False,nsdp_full,16,32,0,False,nsdp_full,16,32,,True
2,1480,329.58,False,nsdp_full,16,26,0,False,nsdp_full,16,29,,True
3,1480,329.58,False,nsdp_full,16,1,0,False,nsdp_full,16,1,,True
4,1480,329.58,False,nsdp_full,16,28,0,False,nsdp_full,16,35,,True
5,1480,329.58,False,nsdp_full,16,18,0,False,nsdp_full,16,11,,True
7,1480,329.58,False,nsdp_full,16,16,0,False,nsdp_full,16,16,,True
8,1480,329.58,False,nsdp_full,16,32,0,False,nsdp_full,16,32,,True
2,1481,329.6,False,nsdp_full,16,26,0,False,nsdp_full,16,29,,True
3,1481,329.6,False,nsdp_full,16,1,0,False,nsdp_full,16,1,,True
4,1481,329.6,False,nsdp_full,16,28,0,False,nsdp_full,16,35,,True
5,1481,329.6,False,nsdp_full,16,18,0,False,nsdp_full,16,11,,True
7,1481,329.6,False,nsdp_full,16,16,0,False,nsdp_full,16,16,,True
8,1481,329.6,False,nsdp_full,16,32,0,False,nsdp_full,16,32,,True
2,1482,329.62,False,nsdp_full,16,26,0,False,nsdp_full,16,29,,True
3,1482,329.62,False,nsdp_full,16,1,0,False,nsdp_full,16,1,,True
4,1482,329.62,False,nsdp_full,16,28,0,False,nsdp_full,16,35,,True
5,1482,329.62,False,nsdp_full,16,18,0,False,nsdp_full,16,11,,True
7,1482,329.62,False,nsdp_full,16,16,0,False,nsdp_full,16,16,,True
8,1482,329.62,False,nsdp_full,16,32,0,False,nsdp_full,16,32,,True
2,1483,329.64,False,nsdp_full,16,27,0,False,nsdp_full,16,29,,True
3,1483,329.64,False,nsdp_full,16,1,0,False,nsdp_full,16,1,,True
4,1483,329.64,False,nsdp_full,16,28,0,False,nsdp_full,16,35,,True
5,1483,329.64,False,nsdp_full,16,18,0,False,nsdp_full,16,11,,True
7,1483,329.64,False,nsdp_full,16,16,0,False,nsdp_full,16,16,,True
8,1483,329.64,False,nsdp_full,16,32,0,False,nsdp_full,16,32,,True
2,1484,329.66,False,nsdp_full,16,27,0,False,nsdp_full,16,29,,True
3,1484,329.66,False,nsdp_full,16,1,0,False,nsdp_full,16,1,,True
4,1484,329.66,False,nsdp_full,16,28,0,False,nsdp_full,16,35,,True
5,1484,329.66,False,nsdp_full,16,18,0,False,nsdp_full,16,11,,True
7,1484,329.66,False,nsdp_full,16,16,0,False,nsdp_full,16,16,,True
8,1484,329.66,False,nsdp_full,16,32,0,False,nsdp_full,16,32,,True
2,1485,329.68,False,nsdp_full,16,27,0,False,nsdp_full,16,29,,True
3,1485,329.68,False,nsdp_full,16,1,0,False,nsdp_full,16,1,,True
4,1485,329.68,False,nsdp_full,16,28,0,False,nsdp_full,16,35,,True
5,1485,329.68,False,nsdp_full,16,18,0,False,nsdp_full,16,11,,True
7,1485,329.68,False,nsdp_full,16,16,0,False,nsdp_full,16,16,,True
8,1485,329.68,False,nsdp_full,16,32,0,False,nsdp_full,16,32,,True
2,1486,329.7,False,nsdp_full,16,27,0,False,nsdp_full,16,29,,True
3,1486,329.7,False,nsdp_full,16,1,0,False,nsdp_full,16,1,,True
4,1486,329.7,False,nsdp_full,16,28,0,False,nsdp_full,16,35,,True
5,1486,329.7,False,nsdp_full,16,18,0,False,nsdp_full,16,11,,True
7,1486,329.7,False,nsdp_full,16,16,0,False,nsdp_full,16,16,,True
8,1486,329.7,False,nsdp_full,16,32,0,False,nsdp_full,16,32,,True
2,1487,329.72,False,nsdp_full,16,27,0,False,nsdp_full,16,30,,True
3,1487,329.72,False,nsdp_full,16,1,0,False,nsdp_full,16,1,,True
4,1487,329.72,False,nsdp_full,16,28,0,False,nsdp_full,16,35,,True
5,1487,329.72,False,nsdp_full,16,18,0,False,nsdp_full,16,11,,True
7,1487,329.72,False,nsdp_full,16,16,0,False,nsdp_full,16,16,,True
8,1487,329.72,False,nsdp_full,16,32,0,False,nsdp_full,16,32,,True
2,1488,329.74,False,nsdp_full,16,27,0,False,nsdp_full,16,30,,True
3,1488,329.74,False,nsdp_full,16,1,0,False,nsdp_full,16,1,,True
4,1488,329.74,False,nsdp_full,16,28,0,False,nsdp_full,16,35,,True
5,1488,329.74,False,nsdp_full,16,18,0,False,nsdp_full,16,11,,True
7,1488,329.74,False,nsdp_full,16,16,0,False,nsdp_full,16,16,,True
8,1488,329.74,False,nsdp_full,16,32,0,False,nsdp_full,16,32,,True
2,1489,329.76,False,nsdp_full,16,27,0,False,nsdp_full,16,30,,True
3,1489,329.76,False,nsdp_full,16,1,0,False,nsdp_full,16,1,,True
4,1489,329.76,False,nsdp_full,16,28,0,False,nsdp_full,16,35,,True
5,1489,329.76,False,nsdp_full,16,18,0,False,nsdp_full,16,11,,True
7,1489,329.76,False,nsdp_full,16,16,0,False,nsdp_full,16,16,,True
8,1489,329.76,False,nsdp_full,16,32,0,False,nsdp_full,16,32,,True
2,1490,329.78,False,nsdp_full,16,27,0,False,nsdp_full,16,30,,True
3,1490,329.78,False,nsdp_full,16,1,0,False,nsdp_full,16,1,,True
4,1490,329.78,False,nsdp_full,16,28,0,False,nsdp_full,16,35,,True
5,1490,329.78,False,nsdp_full,16,18,0,False,nsdp_full,16,11,,True
7,1490,329.78,False,nsdp_full,16,16,0,False,nsdp_full,16,16,,True
8,1490,329.78,False,nsdp_full,16,32,0,False,nsdp_full,16,32,,True
2,1491,329.8,False,nsdp_full,16,27,0,False,nsdp_full,16,30,,True
3,1491,329.8,False,nsdp_full,16,1,0,False,nsdp_full,16,1,,True
4,1491,329.8,False,nsdp_full,16,28,0,False,nsdp_full,16,35,,True
5,1491,329.8,False,nsdp_full,16,18,0,False,nsdp_full,16,11,,True
7,1491,329.8,False,nsdp_full,16,16,0,False,nsdp_full,16,16,,True
8,1491,329.8,False,nsdp_full,16,32,0,False,nsdp_full,16,32,,True
2,1492,329.82,False,nsdp_full,16,27,0,False,nsdp_full,16,30,,True
3,1492,329.82,False,nsdp_full,16,1,0,False,nsdp_full,16,1,,True
4,1492,329.82,False,nsdp_full,16,28,0,False,nsdp_full,16,35,,True
5,1492,329.82,False,nsdp_full,16,18,0,False,nsdp_full,16,11,,True
7,1492,329.82,False,nsdp_full,16,16,0,False,nsdp_full,16,16,,True
8,1492,329.82,False,nsdp_full,16,32,0,False,nsdp_full,16,32,,True
2,1493,329.84,False,nsdp_full,16,27,0,False,nsdp_full,16,30,,True
3,1493,329.84,False,nsdp_full,16,1,0,False,nsdp_full,16,1,,True
4,1493,329.84,False,nsdp_full,16,28,0,False,nsdp_full,16,35,,True
5,1493,329.84,False,nsdp_full,16,18,0,False,nsdp_full,16,11,,True
7,1493,329.84,False,nsdp_full,16,16,0,False,nsdp_full,16,16,,True
8,1493,329.84,False,nsdp_full,16,32,0,False,nsdp_full,16,32,,True
2,1494,329.86,False,nsdp_full,16,27,0,False,nsdp_full,16,30,,True
3,1494,329.86,False,nsdp_full,16,1,0,False,nsdp_full,16,1,,True
4,1494,329.86,False,nsdp_full,16,28,0,False,nsdp_full,16,35,,True
5,1494,329.86,False,nsdp_full,16,18,0,False,nsdp_full,16,11,,True
7,1494,329.86,False,nsdp_full,16,16,0,False,nsdp_full,16,16,,True
8,1494,329.86,True,admitted,15,31,206,False,nsdp_full,16,32,,False
2,1495,329.88,False,nsdp_full,16,27,0,False,nsdp_full,16,30,,True
3,1495,329.88,False,nsdp_full,16,1,0,False,nsdp_full,16,1,,True
4,1495,329.88,False,nsdp_full,16,28,0,False,nsdp_full,16,35,,True
5,1495,329.88,False,nsdp_full,16,18,0,False,nsdp_full,16,11,,True
7,1495,329.88,False,nsdp_full,16,16,0,False,nsdp_full,16,16,,True
8,1495,329.88,False,nsdp_full,16,32,0,False,nsdp_full,16,32,,True
2,1496,329.9,False,nsdp_full,16,27,0,False,nsdp_full,16,30,,True
3,1496,329.9,False,nsdp_full,16,1,0,False,nsdp_full,16,1,,True
4,1496,329.9,True,admitted,15,27,207,False,nsdp_full,16,35,,False
5,1496,329.9,False,nsdp_full,16,18,0,False,nsdp_full,16,11,,True
7,1496,329.9,False,nsdp_full,16,16,0,False,nsdp_full,16,16,,True
8,1496,329.9,False,nsdp_full,16,32,0,False,nsdp_full,16,32,,True
2,1497,329.92,False,nsdp_full,16,27,0,False,nsdp_full,16,30,,True
3,1497,329.92,False,nsdp_full,16,1,0,False,nsdp_full,16,1,,True
4,1497,329.92,False,nsdp_full,16,28,0,False,nsdp_full,16,35,,True
5,1497,329.92,False,nsdp_full,16,18,0,False,nsdp_full,16,11,,True
7,1497,329.92,False,nsdp_full,16,16,0,False,nsdp_full,16,16,,True
8,1497,329.92,False,nsdp_full,16,32,0,True,admitted,15,31,1212,False
2,1498,329.94,False,nsdp_full,16,27,0,False,nsdp_full,16,30,,True
3,1498,329.94,False,nsdp_full,16,1,0,False,nsdp_full,16,1,,True
4,1498,329.94,False,nsdp_full,16,28,0,False,nsdp_full,16,35,,True
5,1498,329.94,False,nsdp_full,16,18,0,False,nsdp_full,16,11,,True
7,1498,329.94,False,nsdp_full,16,16,0,False,nsdp_full,16,16,,True
8,1498,329.94,False,nsdp_full,16,32,0,False,nsdp_full,16,32,,True
2,1499,329.96,False,nsdp_full,16,27,0,False,nsdp_full,16,30,,True
3,1499,329.96,False,nsdp_full,16,1,0,False,nsdp_full,16,1,,True
4,1499,329.96,False,nsdp_full,16,28,0,False,nsdp_full,16,35,,True
5,1499,329.96,False,nsdp_full,16,18,0,False,nsdp_full,16,11,,True
7,1499,329.96,False,nsdp_full,16,16,0,False,nsdp_full,16,16,,True
8,1499,329.96,False,nsdp_full,16,32,0,False,nsdp_full,16,32,,True
2,1500,329.98,False,nsdp_full,16,27,0,False,nsdp_full,16,30,,True
3,1500,329.98,False,nsdp_full,16,1,0,False,nsdp_full,16,1,,True
4,1500,329.98,False,nsdp_full,16,28,0,False,nsdp_full,16,35,,True
5,1500,329.98,False,nsdp_full,16,18,0,False,nsdp_full,16,11,,True
7,1500,329.98,False,nsdp_full,16,16,0,False,nsdp_full,16,16,,True
8,1500,329.98,False,nsdp_full,16,32,0,False,nsdp_full,16,32,,True
