case,order,time_ns,event,node,peer,app_source,app_id,hop_seq,ack_bits,dack_bits,mac_state,ack_queue,data_queue,prep,counter,opportunity,advertised,hop_pending,neighbor_outstanding,neighbor_threshold,resend_queue,admitted,rate_kbps,power_dbm
ab,1,0,offer,2,1,2,1,0,0,0,1,0,0,0,-1,-1,-1,0,0,0,0,0,0,0
ab,2,0,admit,2,1,2,1,1,0,0,1,0,1,0,-1,-1,-1,1,1,0,1,1,128,33
ab,3,0,offer,3,1,3,1,0,0,0,1,0,0,0,-1,-1,-1,0,0,0,0,0,0,0
ab,4,0,admit,3,1,3,1,1,0,0,1,0,1,0,-1,-1,-1,1,1,0,1,1,128,33
ab,5,20000000,offer,2,1,2,2,0,0,0,1,0,1,1,3,-1,-1,1,1,0,1,1,0,0
ab,6,20000000,blocked,2,1,2,2,0,0,0,1,0,1,1,3,-1,-1,1,1,0,1,1,0,0
ab,7,20000000,offer,3,1,3,2,0,0,0,1,0,1,1,9,-1,-1,1,1,0,1,1,0,0
ab,8,20000000,blocked,3,1,3,2,0,0,0,1,0,1,1,9,-1,-1,1,1,0,1,1,0,0
ab,9,40000000,offer,2,1,2,2,0,0,0,1,0,1,1,3,-1,-1,1,1,0,1,1,0,0
ab,10,40000000,blocked,2,1,2,2,0,0,0,1,0,1,1,3,-1,-1,1,1,0,1,1,0,0
ab,11,40000000,offer,3,1,3,2,0,0,0,1,0,1,1,9,-1,-1,1,1,0,1,1,0,0
ab,12,40000000,blocked,3,1,3,2,0,0,0,1,0,1,1,9,-1,-1,1,1,0,1,1,0,0
ab,13,60000000,offer,2,1,2,2,0,0,0,1,0,1,1,3,-1,-1,1,1,0,1,1,0,0
ab,14,60000000,blocked,2,1,2,2,0,0,0,1,0,1,1,3,-1,-1,1,1,0,1,1,0,0
ab,15,60000000,offer,3,1,3,2,0,0,0,1,0,1,1,9,-1,-1,1,1,0,1,1,0,0
ab,16,60000000,blocked,3,1,3,2,0,0,0,1,0,1,1,9,-1,-1,1,1,0,1,1,0,0
ab,17,80000000,offer,2,1,2,2,0,0,0,1,0,1,1,3,-1,-1,1,1,0,1,1,0,0
ab,18,80000000,blocked,2,1,2,2,0,0,0,1,0,1,1,3,-1,-1,1,1,0,1,1,0,0
ab,19,80000000,offer,3,1,3,2,0,0,0,1,0,1,1,9,-1,-1,1,1,0,1,1,0,0
ab,20,80000000,blocked,3,1,3,2,0,0,0,1,0,1,1,9,-1,-1,1,1,0,1,1,0,0
ab,21,100000000,offer,2,1,2,2,0,0,0,1,0,1,1,3,-1,-1,1,1,0,1,1,0,0
ab,22,100000000,blocked,2,1,2,2,0,0,0,1,0,1,1,3,-1,-1,1,1,0,1,1,0,0
ab,23,100000000,offer,3,1,3,2,0,0,0,1,0,1,1,9,-1,-1,1,1,0,1,1,0,0
ab,24,100000000,blocked,3,1,3,2,0,0,0,1,0,1,1,9,-1,-1,1,1,0,1,1,0,0
ab,25,120000000,offer,2,1,2,2,0,0,0,1,0,1,1,3,-1,-1,1,1,0,1,1,0,0
ab,26,120000000,blocked,2,1,2,2,0,0,0,1,0,1,1,3,-1,-1,1,1,0,1,1,0,0
ab,27,120000000,offer,3,1,3,2,0,0,0,1,0,1,1,9,-1,-1,1,1,0,1,1,0,0
ab,28,120000000,blocked,3,1,3,2,0,0,0,1,0,1,1,9,-1,-1,1,1,0,1,1,0,0
ab,29,140000000,offer,2,1,2,2,0,0,0,1,0,1,1,3,-1,-1,1,1,0,1,1,0,0
ab,30,140000000,blocked,2,1,2,2,0,0,0,1,0,1,1,3,-1,-1,1,1,0,1,1,0,0
ab,31,140000000,offer,3,1,3,2,0,0,0,1,0,1,1,9,-1,-1,1,1,0,1,1,0,0
ab,32,140000000,blocked,3,1,3,2,0,0,0,1,0,1,1,9,-1,-1,1,1,0,1,1,0,0
ab,33,160000000,offer,2,1,2,2,0,0,0,1,0,1,1,3,-1,-1,1,1,0,1,1,0,0
ab,34,160000000,blocked,2,1,2,2,0,0,0,1,0,1,1,3,-1,-1,1,1,0,1,1,0,0
ab,35,160000000,offer,3,1,3,2,0,0,0,1,0,1,1,9,-1,-1,1,1,0,1,1,0,0
ab,36,160000000,blocked,3,1,3,2,0,0,0,1,0,1,1,9,-1,-1,1,1,0,1,1,0,0
ab,37,180000000,offer,2,1,2,2,0,0,0,1,0,1,1,3,-1,-1,1,1,0,1,1,0,0
ab,38,180000000,blocked,2,1,2,2,0,0,0,1,0,1,1,3,-1,-1,1,1,0,1,1,0,0
ab,39,180000000,offer,3,1,3,2,0,0,0,1,0,1,1,9,-1,-1,1,1,0,1,1,0,0
ab,40,180000000,blocked,3,1,3,2,0,0,0,1,0,1,1,9,-1,-1,1,1,0,1,1,0,0
ab,41,200000000,offer,2,1,2,2,0,0,0,1,0,1,1,3,-1,-1,1,1,0,1,1,0,0
ab,42,200000000,blocked,2,1,2,2,0,0,0,1,0,1,1,3,-1,-1,1,1,0,1,1,0,0
ab,43,200000000,offer,3,1,3,2,0,0,0,1,0,1,1,9,-1,-1,1,1,0,1,1,0,0
ab,44,200000000,blocked,3,1,3,2,0,0,0,1,0,1,1,9,-1,-1,1,1,0,1,1,0,0
ab,45,220000000,offer,2,1,2,2,0,0,0,1,0,1,1,3,-1,-1,1,1,0,1,1,0,0
ab,46,220000000,blocked,2,1,2,2,0,0,0,1,0,1,1,3,-1,-1,1,1,0,1,1,0,0
ab,47,220000000,offer,3,1,3,2,0,0,0,1,0,1,1,9,-1,-1,1,1,0,1,1,0,0
ab,48,220000000,blocked,3,1,3,2,0,0,0,1,0,1,1,9,-1,-1,1,1,0,1,1,0,0
ab,49,240000000,offer,2,1,2,2,0,0,0,1,0,1,1,3,-1,-1,1,1,0,1,1,0,0
ab,50,240000000,blocked,2,1,2,2,0,0,0,1,0,1,1,3,-1,-1,1,1,0,1,1,0,0
ab,51,240000000,offer,3,1,3,2,0,0,0,1,0,1,1,9,-1,-1,1,1,0,1,1,0,0
ab,52,240000000,blocked,3,1,3,2,0,0,0,1,0,1,1,9,-1,-1,1,1,0,1,1,0,0
ab,53,260000000,offer,2,1,2,2,0,0,0,1,0,1,1,3,-1,-1,1,1,0,1,1,0,0
ab,54,260000000,blocked,2,1,2,2,0,0,0,1,0,1,1,3,-1,-1,1,1,0,1,1,0,0
ab,55,260000000,offer,3,1,3,2,0,0,0,1,0,1,1,9,-1,-1,1,1,0,1,1,0,0
ab,56,260000000,blocked,3,1,3,2,0,0,0,1,0,1,1,9,-1,-1,1,1,0,1,1,0,0
ab,57,280000000,offer,2,1,2,2,0,0,0,1,0,1,1,3,-1,-1,1,1,0,1,1,0,0
ab,58,280000000,blocked,2,1,2,2,0,0,0,1,0,1,1,3,-1,-1,1,1,0,1,1,0,0
ab,59,280000000,offer,3,1,3,2,0,0,0,1,0,1,1,9,-1,-1,1,1,0,1,1,0,0
ab,60,280000000,blocked,3,1,3,2,0,0,0,1,0,1,1,9,-1,-1,1,1,0,1,1,0,0
ab,61,300000000,offer,2,1,2,2,0,0,0,1,0,1,1,3,-1,-1,1,1,0,1,1,0,0
ab,62,300000000,blocked,2,1,2,2,0,0,0,1,0,1,1,3,-1,-1,1,1,0,1,1,0,0
ab,63,300000000,offer,3,1,3,2,0,0,0,1,0,1,1,9,-1,-1,1,1,0,1,1,0,0
ab,64,300000000,blocked,3,1,3,2,0,0,0,1,0,1,1,9,-1,-1,1,1,0,1,1,0,0
ab,65,320000000,offer,2,1,2,2,0,0,0,1,0,1,1,2,-1,-1,1,1,0,1,1,0,0
ab,66,320000000,blocked,2,1,2,2,0,0,0,1,0,1,1,2,-1,-1,1,1,0,1,1,0,0
ab,67,320000000,offer,3,1,3,2,0,0,0,1,0,1,1,8,-1,-1,1,1,0,1,1,0,0
ab,68,320000000,blocked,3,1,3,2,0,0,0,1,0,1,1,8,-1,-1,1,1,0,1,1,0,0
ab,69,340000000,offer,2,1,2,2,0,0,0,1,0,1,1,0,-1,-1,1,1,0,1,1,0,0
ab,70,340000000,blocked,2,1,2,2,0,0,0,1,0,1,1,0,-1,-1,1,1,0,1,1,0,0
ab,71,340000000,offer,3,1,3,2,0,0,0,1,0,1,1,6,-1,-1,1,1,0,1,1,0,0
ab,72,340000000,blocked,3,1,3,2,0,0,0,1,0,1,1,6,-1,-1,1,1,0,1,1,0,0
ab,73,351000000,tx_start,2,1,2,1,1,0,0,3,0,1,0,7,3,7,1,1,0,1,1,128,33
ab,74,360000000,offer,2,1,2,2,0,0,0,3,0,0,0,7,3,7,1,1,0,1,1,0,0
ab,75,360000000,blocked,2,1,2,2,0,0,0,3,0,0,0,7,3,7,1,1,0,1,1,0,0
ab,76,360000000,offer,3,1,3,2,0,0,0,1,0,1,1,5,-1,-1,1,1,0,1,1,0,0
ab,77,360000000,blocked,3,1,3,2,0,0,0,1,0,1,1,5,-1,-1,1,1,0,1,1,0,0
ab,78,373501000,ingress_before,1,2,2,1,1,0,0,1,0,0,0,-1,-1,-1,0,0,0,0,0,128,33
ab,79,373501000,ingress_after,1,2,2,1,1,0,0,1,1,0,0,-1,-1,-1,0,0,0,0,0,128,33
ab,80,380000000,offer,2,1,2,2,0,0,0,1,0,0,0,6,3,7,1,1,0,1,1,0,0
ab,81,380000000,blocked,2,1,2,2,0,0,0,1,0,0,0,6,3,7,1,1,0,1,1,0,0
ab,82,380000000,offer,3,1,3,2,0,0,0,1,0,1,1,3,-1,-1,1,1,0,1,1,0,0
ab,83,380000000,blocked,3,1,3,2,0,0,0,1,0,1,1,3,-1,-1,1,1,0,1,1,0,0
ab,84,400000000,offer,2,1,2,2,0,0,0,1,0,0,0,5,3,7,1,1,0,1,1,0,0
ab,85,400000000,blocked,2,1,2,2,0,0,0,1,0,0,0,5,3,7,1,1,0,1,1,0,0
ab,86,400000000,offer,3,1,3,2,0,0,0,1,0,1,1,2,-1,-1,1,1,0,1,1,0,0
ab,87,400000000,blocked,3,1,3,2,0,0,0,1,0,1,1,2,-1,-1,1,1,0,1,1,0,0
ab,88,420000000,offer,2,1,2,2,0,0,0,1,0,0,0,3,3,7,1,1,0,1,1,0,0
ab,89,420000000,blocked,2,1,2,2,0,0,0,1,0,0,0,3,3,7,1,1,0,1,1,0,0
ab,90,420000000,offer,3,1,3,2,0,0,0,1,0,1,1,0,-1,-1,1,1,0,1,1,0,0
ab,91,420000000,blocked,3,1,3,2,0,0,0,1,0,1,1,0,-1,-1,1,1,0,1,1,0,0
ab,92,429000000,tx_start,3,1,3,1,1,0,0,3,0,1,0,1,9,1,1,1,0,1,1,128,33
ab,93,440000000,offer,2,1,2,2,0,0,0,1,0,0,0,2,3,7,1,1,0,1,1,0,0
ab,94,440000000,blocked,2,1,2,2,0,0,0,1,0,0,0,2,3,7,1,1,0,1,1,0,0
ab,95,440000000,offer,3,1,3,2,0,0,0,3,0,0,0,1,9,1,1,1,0,1,1,0,0
ab,96,440000000,blocked,3,1,3,2,0,0,0,3,0,0,0,1,9,1,1,1,0,1,1,0,0
ab,97,451501000,ingress_before,1,3,3,1,1,0,0,1,1,0,1,1,-1,-1,0,0,0,0,0,128,33
ab,98,451501000,ingress_after,1,3,3,1,1,0,0,1,2,0,1,1,-1,-1,0,0,0,0,0,128,33
ab,99,460000000,offer,2,1,2,2,0,0,0,1,0,0,0,0,3,7,1,1,0,1,1,0,0
ab,100,460000000,blocked,2,1,2,2,0,0,0,1,0,0,0,0,3,7,1,1,0,1,1,0,0
ab,101,460000000,offer,3,1,3,2,0,0,0,1,0,0,0,0,9,1,1,1,0,1,1,0,0
ab,102,460000000,blocked,3,1,3,2,0,0,0,1,0,0,0,0,9,1,1,1,0,1,1,0,0
ab,103,480000000,offer,2,1,2,2,0,0,0,1,0,0,0,-1,3,7,1,1,0,1,1,0,0
ab,104,480000000,blocked,2,1,2,2,0,0,0,1,0,0,0,-1,3,7,1,1,0,1,1,0,0
ab,105,480000000,offer,3,1,3,2,0,0,0,1,0,0,0,-1,9,1,1,1,0,1,1,0,0
ab,106,480000000,blocked,3,1,3,2,0,0,0,1,0,0,0,-1,9,1,1,1,0,1,1,0,0
ab,107,500000000,offer,2,1,2,2,0,0,0,1,0,0,0,-1,3,7,1,1,0,1,1,0,0
ab,108,500000000,blocked,2,1,2,2,0,0,0,1,0,0,0,-1,3,7,1,1,0,1,1,0,0
ab,109,500000000,offer,3,1,3,2,0,0,0,1,0,0,0,-1,9,1,1,1,0,1,1,0,0
ab,110,500000000,blocked,3,1,3,2,0,0,0,1,0,0,0,-1,9,1,1,1,0,1,1,0,0
ab,111,520000000,offer,2,1,2,2,0,0,0,1,0,0,0,-1,3,7,1,1,0,1,1,0,0
ab,112,520000000,blocked,2,1,2,2,0,0,0,1,0,0,0,-1,3,7,1,1,0,1,1,0,0
ab,113,520000000,offer,3,1,3,2,0,0,0,1,0,0,0,-1,9,1,1,1,0,1,1,0,0
ab,114,520000000,blocked,3,1,3,2,0,0,0,1,0,0,0,-1,9,1,1,1,0,1,1,0,0
ab,115,540000000,offer,2,1,2,2,0,0,0,1,0,0,0,-1,3,7,1,1,0,1,1,0,0
ab,116,540000000,blocked,2,1,2,2,0,0,0,1,0,0,0,-1,3,7,1,1,0,1,1,0,0
ab,117,540000000,offer,3,1,3,2,0,0,0,1,0,0,0,-1,9,1,1,1,0,1,1,0,0
ab,118,540000000,blocked,3,1,3,2,0,0,0,1,0,0,0,-1,9,1,1,1,0,1,1,0,0
ab,119,560000000,offer,2,1,2,2,0,0,0,1,0,0,0,-1,3,7,1,1,0,1,1,0,0
ab,120,560000000,blocked,2,1,2,2,0,0,0,1,0,0,0,-1,3,7,1,1,0,1,1,0,0
ab,121,560000000,offer,3,1,3,2,0,0,0,1,0,0,0,-1,9,1,1,1,0,1,1,0,0
ab,122,560000000,blocked,3,1,3,2,0,0,0,1,0,0,0,-1,9,1,1,1,0,1,1,0,0
ab,123,580000000,offer,2,1,2,2,0,0,0,1,0,0,0,-1,3,7,1,1,0,1,1,0,0
ab,124,580000000,blocked,2,1,2,2,0,0,0,1,0,0,0,-1,3,7,1,1,0,1,1,0,0
ab,125,580000000,offer,3,1,3,2,0,0,0,1,0,0,0,-1,9,1,1,1,0,1,1,0,0
ab,126,580000000,blocked,3,1,3,2,0,0,0,1,0,0,0,-1,9,1,1,1,0,1,1,0,0
ab,127,600000000,offer,2,1,2,2,0,0,0,1,0,0,0,-1,3,7,1,1,0,1,1,0,0
ab,128,600000000,blocked,2,1,2,2,0,0,0,1,0,0,0,-1,3,7,1,1,0,1,1,0,0
ab,129,600000000,offer,3,1,3,2,0,0,0,1,0,0,0,-1,9,1,1,1,0,1,1,0,0
ab,130,600000000,blocked,3,1,3,2,0,0,0,1,0,0,0,-1,9,1,1,1,0,1,1,0,0
ab,131,620000000,offer,2,1,2,2,0,0,0,1,0,0,0,-1,3,7,1,1,0,1,1,0,0
ab,132,620000000,blocked,2,1,2,2,0,0,0,1,0,0,0,-1,3,7,1,1,0,1,1,0,0
ab,133,620000000,offer,3,1,3,2,0,0,0,1,0,0,0,-1,9,1,1,1,0,1,1,0,0
ab,134,620000000,blocked,3,1,3,2,0,0,0,1,0,0,0,-1,9,1,1,1,0,1,1,0,0
ab,135,640000000,offer,2,1,2,2,0,0,0,1,0,0,0,-1,3,7,1,1,0,1,1,0,0
ab,136,640000000,blocked,2,1,2,2,0,0,0,1,0,0,0,-1,3,7,1,1,0,1,1,0,0
ab,137,640000000,offer,3,1,3,2,0,0,0,1,0,0,0,-1,9,1,1,1,0,1,1,0,0
ab,138,640000000,blocked,3,1,3,2,0,0,0,1,0,0,0,-1,9,1,1,1,0,1,1,0,0
ab,139,660000000,offer,2,1,2,2,0,0,0,1,0,0,0,-1,3,7,1,1,0,1,1,0,0
ab,140,660000000,blocked,2,1,2,2,0,0,0,1,0,0,0,-1,3,7,1,1,0,1,1,0,0
ab,141,660000000,offer,3,1,3,2,0,0,0,1,0,0,0,-1,9,1,1,1,0,1,1,0,0
ab,142,660000000,blocked,3,1,3,2,0,0,0,1,0,0,0,-1,9,1,1,1,0,1,1,0,0
ab,143,680000000,offer,2,1,2,2,0,0,0,1,0,0,0,-1,3,7,1,1,0,1,1,0,0
ab,144,680000000,blocked,2,1,2,2,0,0,0,1,0,0,0,-1,3,7,1,1,0,1,1,0,0
ab,145,680000000,offer,3,1,3,2,0,0,0,1,0,0,0,-1,9,1,1,1,0,1,1,0,0
ab,146,680000000,blocked,3,1,3,2,0,0,0,1,0,0,0,-1,9,1,1,1,0,1,1,0,0
ab,147,698501000,tx_start,1,2,0,0,1,1,0,3,2,0,0,1,1,1,0,0,0,0,0,128,33
ab,148,698501000,tx_start,1,3,0,0,1,1,0,3,2,0,0,1,1,1,0,0,0,0,0,128,33
ab,149,700000000,offer,2,1,2,2,0,0,0,1,0,0,0,-1,3,7,1,1,0,1,1,0,0
ab,150,700000000,blocked,2,1,2,2,0,0,0,1,0,0,0,-1,3,7,1,1,0,1,1,0,0
ab,151,700000000,offer,3,1,3,2,0,0,0,1,0,0,0,-1,9,1,1,1,0,1,1,0,0
ab,152,700000000,blocked,3,1,3,2,0,0,0,1,0,0,0,-1,9,1,1,1,0,1,1,0,0
ab,153,720000000,offer,2,1,2,2,0,0,0,1,0,0,0,-1,3,7,1,1,0,1,1,0,0
ab,154,720000000,blocked,2,1,2,2,0,0,0,1,0,0,0,-1,3,7,1,1,0,1,1,0,0
ab,155,720000000,offer,3,1,3,2,0,0,0,1,0,0,0,-1,9,1,1,1,0,1,1,0,0
ab,156,720000000,blocked,3,1,3,2,0,0,0,1,0,0,0,-1,9,1,1,1,0,1,1,0,0
ab,157,723042000,ingress_before,2,1,0,0,1,1,0,1,0,0,0,-1,3,7,1,1,0,1,1,128,33
ab,158,723042000,release,2,1,2,0,0,0,0,1,0,0,0,-1,3,7,0,0,0,1,1,0,0
ab,159,723042000,ingress_after,2,1,0,0,1,1,0,1,0,0,0,-1,3,7,0,0,0,0,1,128,33
ab,160,723042000,ingress_before,3,1,0,0,1,1,0,1,0,0,0,-1,9,1,1,1,0,1,1,128,33
ab,161,723042000,release,3,1,3,0,0,0,0,1,0,0,0,-1,9,1,0,0,0,1,1,0,0
ab,162,723042000,ingress_after,3,1,0,0,1,1,0,1,0,0,0,-1,9,1,0,0,0,0,1,128,33
ab,163,723042028,wake,2,1,0,0,0,0,0,1,0,0,0,-1,3,7,0,0,0,0,1,0,0
ab,164,723042028,offer,2,1,2,2,0,0,0,1,0,0,0,-1,3,7,0,0,0,0,1,0,0
ab,165,723042028,admit,2,1,2,2,2,0,0,1,0,1,0,-1,3,7,1,1,0,1,2,128,33
ab,166,723042028,wake,3,1,0,0,0,0,0,1,0,0,0,-1,9,1,0,0,0,0,1,0,0
ab,167,723042028,offer,3,1,3,2,0,0,0,1,0,0,0,-1,9,1,0,0,0,0,1,0,0
ab,168,723042028,admit,3,1,3,2,2,0,0,1,0,1,0,-1,9,1,1,1,0,1,2,128,33
ab,169,737501000,tx_start,1,2,0,0,1,1,0,3,2,0,0,1,1,1,0,0,0,0,0,128,33
ab,170,737501000,tx_start,1,3,0,0,1,1,0,3,2,0,0,1,1,1,0,0,0,0,0,128,33
ab,171,740000000,offer,2,1,2,3,0,0,0,1,0,1,1,3,3,7,1,1,0,1,2,0,0
ab,172,740000000,blocked,2,1,2,3,0,0,0,1,0,1,1,3,3,7,1,1,0,1,2,0,0
ab,173,740000000,offer,3,1,3,3,0,0,0,1,0,1,1,9,9,1,1,1,0,1,2,0,0
ab,174,740000000,blocked,3,1,3,3,0,0,0,1,0,1,1,9,9,1,1,1,0,1,2,0,0
ab,175,760000000,offer,2,1,2,3,0,0,0,1,0,1,1,1,3,7,1,1,0,1,2,0,0
ab,176,760000000,blocked,2,1,2,3,0,0,0,1,0,1,1,1,3,7,1,1,0,1,2,0,0
ab,177,760000000,offer,3,1,3,3,0,0,0,1,0,1,1,7,9,1,1,1,0,1,2,0,0
ab,178,760000000,blocked,3,1,3,3,0,0,0,1,0,1,1,7,9,1,1,1,0,1,2,0,0
ab,179,762042000,ingress_before,2,1,0,0,1,1,0,1,0,1,1,1,3,7,1,1,0,1,2,128,33
ab,180,762042000,ingress_after,2,1,0,0,1,1,0,1,0,1,1,1,3,7,1,1,0,1,2,128,33
ab,181,762042000,ingress_before,3,1,0,0,1,1,0,1,0,1,1,7,9,1,1,1,0,1,2,128,33
ab,182,762042000,ingress_after,3,1,0,0,1,1,0,1,0,1,1,7,9,1,1,1,0,1,2,128,33
ab,183,762042028,wake,2,1,0,0,0,0,0,1,0,1,1,1,3,7,1,1,0,1,2,0,0
ab,184,762042028,offer,2,1,2,3,0,0,0,1,0,1,1,1,3,7,1,1,0,1,2,0,0
ab,185,762042028,blocked,2,1,2,3,0,0,0,1,0,1,1,1,3,7,1,1,0,1,2,0,0
ab,186,762042028,wake,3,1,0,0,0,0,0,1,0,1,1,7,9,1,1,1,0,1,2,0,0
ab,187,762042028,offer,3,1,3,3,0,0,0,1,0,1,1,7,9,1,1,1,0,1,2,0,0
ab,188,762042028,blocked,3,1,3,3,0,0,0,1,0,1,1,7,9,1,1,1,0,1,2,0,0
ab,189,776501000,tx_start,1,2,0,0,1,1,0,3,2,0,0,1,1,1,0,0,0,0,0,128,33
ab,190,776501000,tx_start,1,3,0,0,1,1,0,3,2,0,0,1,1,1,0,0,0,0,0,128,33
ab,191,780000000,offer,2,1,2,3,0,0,0,1,0,1,1,0,3,7,1,1,0,1,2,0,0
ab,192,780000000,blocked,2,1,2,3,0,0,0,1,0,1,1,0,3,7,1,1,0,1,2,0,0
ab,193,780000000,offer,3,1,3,3,0,0,0,1,0,1,1,6,9,1,1,1,0,1,2,0,0
ab,194,780000000,blocked,3,1,3,3,0,0,0,1,0,1,1,6,9,1,1,1,0,1,2,0,0
ab,195,780000000,tx_start,2,1,2,2,2,0,0,3,0,1,0,7,3,7,1,1,0,1,2,128,33
ab,196,800000000,offer,2,1,2,3,0,0,0,3,0,0,0,7,3,7,1,1,0,1,2,0,0
ab,197,800000000,blocked,2,1,2,3,0,0,0,3,0,0,0,7,3,7,1,1,0,1,2,0,0
ab,198,800000000,offer,3,1,3,3,0,0,0,1,0,1,1,4,9,1,1,1,0,1,2,0,0
ab,199,800000000,blocked,3,1,3,3,0,0,0,1,0,1,1,4,9,1,1,1,0,1,2,0,0
ab,200,801042000,ingress_before,2,1,0,0,1,1,0,3,0,0,0,7,3,7,1,1,0,1,2,128,33
ab,201,801042000,ingress_after,2,1,0,0,1,1,0,3,0,0,0,7,3,7,1,1,0,1,2,128,33
ab,202,801042000,ingress_before,3,1,0,0,1,1,0,1,0,1,1,4,9,1,1,1,0,1,2,128,33
ab,203,801042000,ingress_after,3,1,0,0,1,1,0,1,0,1,1,4,9,1,1,1,0,1,2,128,33
ab,204,801042028,wake,2,1,0,0,0,0,0,3,0,0,0,7,3,7,1,1,0,1,2,0,0
ab,205,801042028,offer,2,1,2,3,0,0,0,3,0,0,0,7,3,7,1,1,0,1,2,0,0
ab,206,801042028,blocked,2,1,2,3,0,0,0,3,0,0,0,7,3,7,1,1,0,1,2,0,0
ab,207,801042028,wake,3,1,0,0,0,0,0,1,0,1,1,4,9,1,1,1,0,1,2,0,0
ab,208,801042028,offer,3,1,3,3,0,0,0,1,0,1,1,4,9,1,1,1,0,1,2,0,0
ab,209,801042028,blocked,3,1,3,3,0,0,0,1,0,1,1,4,9,1,1,1,0,1,2,0,0
ab,210,802501000,ingress_before,1,2,2,2,2,0,0,1,2,0,1,1,1,1,0,0,0,0,0,128,33
ab,211,802501000,ingress_after,1,2,2,2,2,0,0,1,2,0,1,1,1,1,0,0,0,0,0,128,33
ab,212,815501000,tx_start,1,2,0,0,2,3,0,3,2,0,0,1,1,1,0,0,0,0,0,128,33
ab,213,815501000,tx_start,1,3,0,0,1,1,0,3,2,0,0,1,1,1,0,0,0,0,0,128,33
ab,214,820000000,offer,2,1,2,3,0,0,0,1,0,0,0,5,3,7,1,1,0,1,2,0,0
ab,215,820000000,blocked,2,1,2,3,0,0,0,1,0,0,0,5,3,7,1,1,0,1,2,0,0
ab,216,820000000,offer,3,1,3,3,0,0,0,1,0,1,1,2,9,1,1,1,0,1,2,0,0
ab,217,820000000,blocked,3,1,3,3,0,0,0,1,0,1,1,2,9,1,1,1,0,1,2,0,0
ab,218,840000000,offer,2,1,2,3,0,0,0,1,0,0,0,4,3,7,1,1,0,1,2,0,0
ab,219,840000000,blocked,2,1,2,3,0,0,0,1,0,0,0,4,3,7,1,1,0,1,2,0,0
ab,220,840000000,offer,3,1,3,3,0,0,0,1,0,1,1,1,9,1,1,1,0,1,2,0,0
ab,221,840000000,blocked,3,1,3,3,0,0,0,1,0,1,1,1,9,1,1,1,0,1,2,0,0
ab,222,840042000,ingress_before,2,1,0,0,2,3,0,1,0,0,0,4,3,7,1,1,0,1,2,128,33
ab,223,840042000,release,2,1,2,0,0,0,0,1,0,0,0,4,3,7,0,0,0,1,2,0,0
ab,224,840042000,ingress_after,2,1,0,0,2,3,0,1,0,0,0,4,3,7,0,0,0,0,2,128,33
ab,225,840042000,ingress_before,3,1,0,0,1,1,0,1,0,1,1,1,9,1,1,1,0,1,2,128,33
ab,226,840042000,ingress_after,3,1,0,0,1,1,0,1,0,1,1,1,9,1,1,1,0,1,2,128,33
ab,227,840042028,wake,2,1,0,0,0,0,0,1,0,0,0,4,3,7,0,0,0,0,2,0,0
ab,228,840042028,offer,2,1,2,3,0,0,0,1,0,0,0,4,3,7,0,0,0,0,2,0,0
ab,229,840042028,admit,2,1,2,3,3,0,0,1,0,1,0,4,3,7,1,1,0,1,3,128,33
ab,230,840042028,wake,3,1,0,0,0,0,0,1,0,1,1,1,9,1,1,1,0,1,2,0,0
ab,231,840042028,offer,3,1,3,3,0,0,0,1,0,1,1,1,9,1,1,1,0,1,2,0,0
ab,232,840042028,blocked,3,1,3,3,0,0,0,1,0,1,1,1,9,1,1,1,0,1,2,0,0
ab,233,854501000,tx_start,1,2,0,0,2,3,0,3,2,0,0,1,1,1,0,0,0,0,0,128,33
ab,234,854501000,tx_start,1,3,0,0,1,1,0,3,2,0,0,1,1,1,0,0,0,0,0,128,33
ab,235,858000000,tx_start,3,1,3,2,2,0,0,3,0,1,0,1,9,1,1,1,0,1,2,128,33
ab,236,860000000,offer,2,1,2,4,0,0,0,1,0,1,1,2,3,7,1,1,0,1,3,0,0
ab,237,860000000,blocked,2,1,2,4,0,0,0,1,0,1,1,2,3,7,1,1,0,1,3,0,0
ab,238,860000000,offer,3,1,3,3,0,0,0,3,0,0,0,1,9,1,1,1,0,1,2,0,0
ab,239,860000000,blocked,3,1,3,3,0,0,0,3,0,0,0,1,9,1,1,1,0,1,2,0,0
ab,240,879042000,ingress_before,2,1,0,0,2,3,0,1,0,1,1,1,3,7,1,1,0,1,3,128,33
ab,241,879042000,ingress_after,2,1,0,0,2,3,0,1,0,1,1,1,3,7,1,1,0,1,3,128,33
ab,242,879042000,ingress_before,3,1,0,0,1,1,0,3,0,0,0,1,9,1,1,1,0,1,2,128,33
ab,243,879042000,ingress_after,3,1,0,0,1,1,0,3,0,0,0,1,9,1,1,1,0,1,2,128,33
ab,244,879042028,wake,2,1,0,0,0,0,0,1,0,1,1,1,3,7,1,1,0,1,3,0,0
ab,245,879042028,offer,2,1,2,4,0,0,0,1,0,1,1,1,3,7,1,1,0,1,3,0,0
ab,246,879042028,blocked,2,1,2,4,0,0,0,1,0,1,1,1,3,7,1,1,0,1,3,0,0
ab,247,879042028,wake,3,1,0,0,0,0,0,3,0,0,0,1,9,1,1,1,0,1,2,0,0
ab,248,879042028,offer,3,1,3,3,0,0,0,3,0,0,0,1,9,1,1,1,0,1,2,0,0
ab,249,879042028,blocked,3,1,3,3,0,0,0,3,0,0,0,1,9,1,1,1,0,1,2,0,0
ab,250,880000000,offer,2,1,2,4,0,0,0,1,0,1,1,1,3,7,1,1,0,1,3,0,0
ab,251,880000000,blocked,2,1,2,4,0,0,0,1,0,1,1,1,3,7,1,1,0,1,3,0,0
ab,252,880000000,offer,3,1,3,3,0,0,0,3,0,0,0,1,9,1,1,1,0,1,2,0,0
ab,253,880000000,blocked,3,1,3,3,0,0,0,3,0,0,0,1,9,1,1,1,0,1,2,0,0
ab,254,880501000,ingress_before,1,3,3,2,2,0,0,1,1,0,1,1,1,1,0,0,0,0,0,128,33
ab,255,880501000,ingress_after,1,3,3,2,2,0,0,1,2,0,1,1,1,1,0,0,0,0,0,128,33
ab,256,893501000,tx_start,1,2,0,0,2,3,0,3,2,0,0,2,1,2,0,0,0,0,0,128,33
ab,257,893501000,tx_start,1,3,0,0,2,3,0,3,2,0,0,2,1,2,0,0,0,0,0,128,33
ab,258,897000000,tx_start,2,1,2,3,3,0,0,3,0,1,0,3,7,3,1,1,0,1,3,128,33
ab,259,900000000,offer,2,1,2,4,0,0,0,3,0,0,0,3,7,3,1,1,0,1,3,0,0
ab,260,900000000,blocked,2,1,2,4,0,0,0,3,0,0,0,3,7,3,1,1,0,1,3,0,0
ab,261,900000000,offer,3,1,3,3,0,0,0,1,0,0,0,-1,9,1,1,1,0,1,2,0,0
ab,262,900000000,blocked,3,1,3,3,0,0,0,1,0,0,0,-1,9,1,1,1,0,1,2,0,0
ab,263,918042000,ingress_before,2,1,0,0,2,3,0,3,0,0,0,3,7,3,1,1,0,1,3,128,33
ab,264,918042000,ingress_after,2,1,0,0,2,3,0,3,0,0,0,3,7,3,1,1,0,1,3,128,33
ab,265,918042000,ingress_before,3,1,0,0,2,3,0,1,0,0,0,-1,9,1,1,1,0,1,2,128,33
ab,266,918042000,release,3,1,3,0,0,0,0,1,0,0,0,-1,9,1,0,0,0,1,2,0,0
ab,267,918042000,ingress_after,3,1,0,0,2,3,0,1,0,0,0,-1,9,1,0,0,0,0,2,128,33
ab,268,918042028,wake,2,1,0,0,0,0,0,3,0,0,0,3,7,3,1,1,0,1,3,0,0
ab,269,918042028,offer,2,1,2,4,0,0,0,3,0,0,0,3,7,3,1,1,0,1,3,0,0
ab,270,918042028,blocked,2,1,2,4,0,0,0,3,0,0,0,3,7,3,1,1,0,1,3,0,0
ab,271,918042028,wake,3,1,0,0,0,0,0,1,0,0,0,-1,9,1,0,0,0,0,2,0,0
ab,272,918042028,offer,3,1,3,3,0,0,0,1,0,0,0,-1,9,1,0,0,0,0,2,0,0
ab,273,918042028,admit,3,1,3,3,3,0,0,1,0,1,0,-1,9,1,1,1,0,1,3,128,33
ab,274,919501000,ingress_before,1,2,2,3,3,0,0,1,2,0,1,2,1,2,0,0,0,0,0,128,33
ab,275,919501000,ingress_after,1,2,2,3,3,0,0,1,2,0,1,2,1,2,0,0,0,0,0,128,33
ab,276,920000000,offer,2,1,2,4,0,0,0,1,0,0,0,3,7,3,1,1,0,1,3,0,0
ab,277,920000000,blocked,2,1,2,4,0,0,0,1,0,0,0,3,7,3,1,1,0,1,3,0,0
ab,278,920000000,offer,3,1,3,4,0,0,0,1,0,1,0,-1,9,1,1,1,0,1,3,0,0
ab,279,920000000,blocked,3,1,3,4,0,0,0,1,0,1,0,-1,9,1,1,1,0,1,3,0,0
ab,280,940000000,offer,2,1,2,4,0,0,0,1,0,0,0,1,7,3,1,1,0,1,3,0,0
ab,281,940000000,blocked,2,1,2,4,0,0,0,1,0,0,0,1,7,3,1,1,0,1,3,0,0
ab,282,940000000,offer,3,1,3,4,0,0,0,1,0,1,1,8,9,1,1,1,0,1,3,0,0
ab,283,940000000,blocked,3,1,3,4,0,0,0,1,0,1,1,8,9,1,1,1,0,1,3,0,0
ab,284,945501000,tx_start,1,2,0,0,3,7,0,3,2,0,0,1,2,1,0,0,0,0,0,128,33
ab,285,945501000,tx_start,1,3,0,0,2,3,0,3,2,0,0,1,2,1,0,0,0,0,0,128,33
ab,286,960000000,offer,2,1,2,4,0,0,0,1,0,0,0,0,7,3,1,1,0,1,3,0,0
ab,287,960000000,blocked,2,1,2,4,0,0,0,1,0,0,0,0,7,3,1,1,0,1,3,0,0
ab,288,960000000,offer,3,1,3,4,0,0,0,1,0,1,1,7,9,1,1,1,0,1,3,0,0
ab,289,960000000,blocked,3,1,3,4,0,0,0,1,0,1,1,7,9,1,1,1,0,1,3,0,0
ab,290,970042000,ingress_before,2,1,0,0,3,7,0,1,0,0,0,-1,7,3,1,1,0,1,3,128,33
ab,291,970042000,release,2,1,2,0,0,0,0,1,0,0,0,-1,7,3,0,0,1,1,3,0,0
ab,292,970042000,ingress_after,2,1,0,0,3,7,0,1,0,0,0,-1,7,3,0,0,1,0,3,128,33
ab,293,970042000,ingress_before,3,1,0,0,2,3,0,1,0,1,1,6,9,1,1,1,0,1,3,128,33
ab,294,970042000,ingress_after,3,1,0,0,2,3,0,1,0,1,1,6,9,1,1,1,0,1,3,128,33
ab,295,970042028,wake,2,1,0,0,0,0,0,1,0,0,0,-1,7,3,0,0,1,0,3,0,0
ab,296,970042028,offer,2,1,2,4,0,0,0,1,0,0,0,-1,7,3,0,0,1,0,3,0,0
ab,297,970042028,admit,2,1,2,4,4,0,0,1,0,1,0,-1,7,3,1,1,1,1,4,128,33
ab,298,970042028,wake,3,1,0,0,0,0,0,1,0,1,1,6,9,1,1,1,0,1,3,0,0
ab,299,970042028,offer,3,1,3,4,0,0,0,1,0,1,1,6,9,1,1,1,0,1,3,0,0
ab,300,970042028,blocked,3,1,3,4,0,0,0,1,0,1,1,6,9,1,1,1,0,1,3,0,0
ab,301,980000000,offer,3,1,3,4,0,0,0,1,0,1,1,5,9,1,1,1,0,1,3,0,0
ab,302,980000000,blocked,3,1,3,4,0,0,0,1,0,1,1,5,9,1,1,1,0,1,3,0,0
ab,303,984501000,tx_start,1,2,0,0,3,7,0,3,2,0,0,1,1,1,0,0,0,0,0,128,33
ab,304,984501000,tx_start,1,3,0,0,2,3,0,3,2,0,0,1,1,1,0,0,0,0,0,128,33
ab,305,1000000000,offer,3,1,3,4,0,0,0,1,0,1,1,4,9,1,1,1,0,1,3,0,0
ab,306,1000000000,blocked,3,1,3,4,0,0,0,1,0,1,1,4,9,1,1,1,0,1,3,0,0
ab,307,1009042000,ingress_before,2,1,0,0,3,7,0,1,0,1,1,5,7,3,1,1,1,1,4,128,33
ab,308,1009042000,ingress_after,2,1,0,0,3,7,0,1,0,1,1,5,7,3,1,1,1,1,4,128,33
ab,309,1009042000,ingress_before,3,1,0,0,2,3,0,1,0,1,1,3,9,1,1,1,0,1,3,128,33
ab,310,1009042000,ingress_after,3,1,0,0,2,3,0,1,0,1,1,3,9,1,1,1,0,1,3,128,33
ab,311,1009042028,wake,2,1,0,0,0,0,0,1,0,1,1,5,7,3,1,1,1,1,4,0,0
ab,312,1009042028,wake,3,1,0,0,0,0,0,1,0,1,1,3,9,1,1,1,0,1,3,0,0
ab,313,1009042028,offer,3,1,3,4,0,0,0,1,0,1,1,3,9,1,1,1,0,1,3,0,0
ab,314,1009042028,blocked,3,1,3,4,0,0,0,1,0,1,1,3,9,1,1,1,0,1,3,0,0
ab,315,1020000000,offer,3,1,3,4,0,0,0,1,0,1,1,2,9,1,1,1,0,1,3,0,0
ab,316,1020000000,blocked,3,1,3,4,0,0,0,1,0,1,1,2,9,1,1,1,0,1,3,0,0
ab,317,1023501000,tx_start,1,2,0,0,3,7,0,3,2,0,0,1,1,1,0,0,0,0,0,128,33
ab,318,1023501000,tx_start,1,3,0,0,2,3,0,3,2,0,0,1,1,1,0,0,0,0,0,128,33
ab,319,1040000000,offer,3,1,3,4,0,0,0,1,0,1,1,1,9,1,1,1,0,1,3,0,0
ab,320,1040000000,blocked,3,1,3,4,0,0,0,1,0,1,1,1,9,1,1,1,0,1,3,0,0
ab,321,1048042000,ingress_before,2,1,0,0,3,7,0,1,0,1,1,2,7,3,1,1,1,1,4,128,33
ab,322,1048042000,ingress_after,2,1,0,0,3,7,0,1,0,1,1,2,7,3,1,1,1,1,4,128,33
ab,323,1048042000,ingress_before,3,1,0,0,2,3,0,1,0,1,1,0,9,1,1,1,0,1,3,128,33
ab,324,1048042000,ingress_after,3,1,0,0,2,3,0,1,0,1,1,0,9,1,1,1,0,1,3,128,33
ab,325,1048042028,wake,2,1,0,0,0,0,0,1,0,1,1,2,7,3,1,1,1,1,4,0,0
ab,326,1048042028,wake,3,1,0,0,0,0,0,1,0,1,1,0,9,1,1,1,0,1,3,0,0
ab,327,1048042028,offer,3,1,3,4,0,0,0,1,0,1,1,0,9,1,1,1,0,1,3,0,0
ab,328,1048042028,blocked,3,1,3,4,0,0,0,1,0,1,1,0,9,1,1,1,0,1,3,0,0
ab,329,1053000000,tx_start,3,1,3,3,3,0,0,3,0,1,0,1,9,1,1,1,0,1,3,128,33
ab,330,1060000000,offer,3,1,3,4,0,0,0,3,0,0,0,1,9,1,1,1,0,1,3,0,0
ab,331,1060000000,blocked,3,1,3,4,0,0,0,3,0,0,0,1,9,1,1,1,0,1,3,0,0
ab,332,1062501000,tx_start,1,2,0,0,3,7,0,3,2,0,0,1,1,1,0,0,0,0,0,128,33
ab,333,1062501000,tx_start,1,3,0,0,2,3,0,3,2,0,0,1,1,1,0,0,0,0,0,128,33
ab,334,1075501000,ingress_before,1,3,3,3,3,0,0,3,1,0,0,1,1,1,0,0,0,0,0,128,33
ab,335,1075501000,ingress_after,1,3,3,3,3,0,0,3,2,0,0,1,1,1,0,0,0,0,0,128,33
ab,336,1079000000,tx_start,2,1,2,4,4,0,0,3,0,1,0,3,7,3,1,1,1,1,4,128,33
ab,337,1080000000,offer,3,1,3,4,0,0,0,1,0,0,0,0,9,1,1,1,0,1,3,0,0
ab,338,1080000000,blocked,3,1,3,4,0,0,0,1,0,0,0,0,9,1,1,1,0,1,3,0,0
ab,339,1087042000,ingress_before,2,1,0,0,3,7,0,3,0,0,0,3,7,3,1,1,1,1,4,128,33
ab,340,1087042000,ingress_after,2,1,0,0,3,7,0,3,0,0,0,3,7,3,1,1,1,1,4,128,33
ab,341,1087042000,ingress_before,3,1,0,0,2,3,0,1,0,0,0,0,9,1,1,1,0,1,3,128,33
ab,342,1087042000,ingress_after,3,1,0,0,2,3,0,1,0,0,0,0,9,1,1,1,0,1,3,128,33
ab,343,1087042028,wake,2,1,0,0,0,0,0,3,0,0,0,3,7,3,1,1,1,1,4,0,0
ab,344,1087042028,wake,3,1,0,0,0,0,0,1,0,0,0,0,9,1,1,1,0,1,3,0,0
ab,345,1087042028,offer,3,1,3,4,0,0,0,1,0,0,0,0,9,1,1,1,0,1,3,0,0
ab,346,1087042028,blocked,3,1,3,4,0,0,0,1,0,0,0,0,9,1,1,1,0,1,3,0,0
ab,347,1100000000,offer,3,1,3,4,0,0,0,1,0,0,0,-1,9,1,1,1,0,1,3,0,0
ab,348,1100000000,blocked,3,1,3,4,0,0,0,1,0,0,0,-1,9,1,1,1,0,1,3,0,0
ab,349,1101501000,ingress_before,1,2,2,4,4,0,0,1,2,0,1,0,1,1,0,0,0,0,0,128,33
ab,350,1101501000,ingress_after,1,2,2,4,4,0,0,1,2,0,1,0,1,1,0,0,0,0,0,128,33
ab,351,1101501000,tx_start,1,2,0,0,4,15,0,3,2,0,0,1,1,1,0,0,0,0,0,128,33
ab,352,1101501000,tx_start,1,3,0,0,3,7,0,3,2,0,0,1,1,1,0,0,0,0,0,128,33
ab,353,1120000000,offer,3,1,3,4,0,0,0,1,0,0,0,-1,9,1,1,1,0,1,3,0,0
ab,354,1120000000,blocked,3,1,3,4,0,0,0,1,0,0,0,-1,9,1,1,1,0,1,3,0,0
ab,355,1126042000,ingress_before,2,1,0,0,4,15,0,1,0,0,0,1,7,3,1,1,1,1,4,128,33
ab,356,1126042000,release,2,1,2,0,0,0,0,1,0,0,0,1,7,3,0,0,1,1,4,0,0
ab,357,1126042000,ingress_after,2,1,0,0,4,15,0,1,0,0,0,1,7,3,0,0,1,0,4,128,33
ab,358,1126042000,ingress_before,3,1,0,0,3,7,0,1,0,0,0,-1,9,1,1,1,0,1,3,128,33
ab,359,1126042000,release,3,1,3,0,0,0,0,1,0,0,0,-1,9,1,0,0,1,1,3,0,0
ab,360,1126042000,ingress_after,3,1,0,0,3,7,0,1,0,0,0,-1,9,1,0,0,1,0,3,128,33
ab,361,1126042028,wake,2,1,0,0,0,0,0,1,0,0,0,1,7,3,0,0,1,0,4,0,0
ab,362,1126042028,wake,3,1,0,0,0,0,0,1,0,0,0,-1,9,1,0,0,1,0,3,0,0
ab,363,1126042028,offer,3,1,3,4,0,0,0,1,0,0,0,-1,9,1,0,0,1,0,3,0,0
ab,364,1126042028,admit,3,1,3,4,4,0,0,1,0,1,0,-1,9,1,1,1,1,1,4,128,33
ab,365,1140501000,tx_start,1,2,0,0,4,15,0,3,2,0,0,1,1,1,0,0,0,0,0,128,33
ab,366,1140501000,tx_start,1,3,0,0,3,7,0,3,2,0,0,1,1,1,0,0,0,0,0,128,33
ab,367,1165042000,ingress_before,2,1,0,0,4,15,0,1,0,0,0,-1,7,3,0,0,1,0,4,128,33
ab,368,1165042000,ingress_after,2,1,0,0,4,15,0,1,0,0,0,-1,7,3,0,0,1,0,4,128,33
ab,369,1165042000,ingress_before,3,1,0,0,3,7,0,1,0,1,1,7,9,1,1,1,1,1,4,128,33
ab,370,1165042000,ingress_after,3,1,0,0,3,7,0,1,0,1,1,7,9,1,1,1,1,1,4,128,33
ab,371,1165042028,wake,2,1,0,0,0,0,0,1,0,0,0,-1,7,3,0,0,1,0,4,0,0
ab,372,1165042028,wake,3,1,0,0,0,0,0,1,0,1,1,7,9,1,1,1,1,1,4,0,0
ab,373,1179501000,tx_start,1,2,0,0,4,15,0,3,2,0,0,1,1,1,0,0,0,0,0,128,33
ab,374,1179501000,tx_start,1,3,0,0,3,7,0,3,2,0,0,1,1,1,0,0,0,0,0,128,33
ab,375,1204042000,ingress_before,2,1,0,0,4,15,0,1,0,0,0,-1,7,3,0,0,1,0,4,128,33
ab,376,1204042000,ingress_after,2,1,0,0,4,15,0,1,0,0,0,-1,7,3,0,0,1,0,4,128,33
ab,377,1204042000,ingress_before,3,1,0,0,3,7,0,1,0,1,1,4,9,1,1,1,1,1,4,128,33
ab,378,1204042000,ingress_after,3,1,0,0,3,7,0,1,0,1,1,4,9,1,1,1,1,1,4,128,33
ab,379,1204042028,wake,2,1,0,0,0,0,0,1,0,0,0,-1,7,3,0,0,1,0,4,0,0
ab,380,1204042028,wake,3,1,0,0,0,0,0,1,0,1,1,4,9,1,1,1,1,1,4,0,0
ab,381,1218501000,tx_start,1,2,0,0,4,15,0,3,2,0,0,1,1,1,0,0,0,0,0,128,33
ab,382,1218501000,tx_start,1,3,0,0,3,7,0,3,2,0,0,1,1,1,0,0,0,0,0,128,33
ab,383,1243042000,ingress_before,2,1,0,0,4,15,0,1,0,0,0,-1,7,3,0,0,1,0,4,128,33
ab,384,1243042000,ingress_after,2,1,0,0,4,15,0,1,0,0,0,-1,7,3,0,0,1,0,4,128,33
ab,385,1243042000,ingress_before,3,1,0,0,3,7,0,1,0,1,1,1,9,1,1,1,1,1,4,128,33
ab,386,1243042000,ingress_after,3,1,0,0,3,7,0,1,0,1,1,1,9,1,1,1,1,1,4,128,33
ab,387,1243042028,wake,2,1,0,0,0,0,0,1,0,0,0,-1,7,3,0,0,1,0,4,0,0
ab,388,1243042028,wake,3,1,0,0,0,0,0,1,0,1,1,1,9,1,1,1,1,1,4,0,0
ab,389,1257501000,tx_start,1,2,0,0,4,15,0,3,2,0,0,1,1,1,0,0,0,0,0,128,33
ab,390,1257501000,tx_start,1,3,0,0,3,7,0,3,2,0,0,1,1,1,0,0,0,0,0,128,33
ab,391,1261000000,tx_start,3,1,3,4,4,0,0,3,0,1,0,1,9,1,1,1,1,1,4,128,33
ab,392,1282042000,ingress_before,2,1,0,0,4,15,0,1,0,0,0,-1,7,3,0,0,1,0,4,128,33
ab,393,1282042000,ingress_after,2,1,0,0,4,15,0,1,0,0,0,-1,7,3,0,0,1,0,4,128,33
ab,394,1282042000,ingress_before,3,1,0,0,3,7,0,3,0,0,0,1,9,1,1,1,1,1,4,128,33
ab,395,1282042000,ingress_after,3,1,0,0,3,7,0,3,0,0,0,1,9,1,1,1,1,1,4,128,33
ab,396,1282042028,wake,2,1,0,0,0,0,0,1,0,0,0,-1,7,3,0,0,1,0,4,0,0
ab,397,1282042028,wake,3,1,0,0,0,0,0,3,0,0,0,1,9,1,1,1,1,1,4,0,0
ab,398,1283501000,ingress_before,1,3,3,4,4,0,0,1,0,0,0,1,1,1,0,0,0,0,0,128,33
ab,399,1283501000,ingress_after,1,3,3,4,4,0,0,1,1,0,0,1,1,1,0,0,0,0,0,128,33
ab,400,1296501000,tx_start,1,3,0,0,4,15,0,3,1,0,0,1,1,1,0,0,0,0,0,128,33
ab,401,1318582000,ingress_before,3,1,0,0,4,15,0,1,0,0,0,-1,9,1,1,1,1,1,4,128,33
ab,402,1318582000,release,3,1,3,0,0,0,0,1,0,0,0,-1,9,1,0,0,1,1,4,0,0
ab,403,1318582000,ingress_after,3,1,0,0,4,15,0,1,0,0,0,-1,9,1,0,0,1,0,4,128,33
ab,404,1318582028,wake,3,1,0,0,0,0,0,1,0,0,0,-1,9,1,0,0,1,0,4,0,0
ab,405,1335501000,tx_start,1,3,0,0,4,15,0,3,1,0,0,1,1,1,0,0,0,0,0,128,33
ab,406,1357582000,ingress_before,3,1,0,0,4,15,0,1,0,0,0,-1,9,1,0,0,1,0,4,128,33
ab,407,1357582000,ingress_after,3,1,0,0,4,15,0,1,0,0,0,-1,9,1,0,0,1,0,4,128,33
ab,408,1357582028,wake,3,1,0,0,0,0,0,1,0,0,0,-1,9,1,0,0,1,0,4,0,0
ab,409,1374501000,tx_start,1,3,0,0,4,15,0,3,1,0,0,1,1,1,0,0,0,0,0,128,33
ab,410,1396582000,ingress_before,3,1,0,0,4,15,0,1,0,0,0,-1,9,1,0,0,1,0,4,128,33
ab,411,1396582000,ingress_after,3,1,0,0,4,15,0,1,0,0,0,-1,9,1,0,0,1,0,4,128,33
ab,412,1396582028,wake,3,1,0,0,0,0,0,1,0,0,0,-1,9,1,0,0,1,0,4,0,0
ab,413,1413501000,tx_start,1,3,0,0,4,15,0,3,1,0,0,1,1,1,0,0,0,0,0,128,33
ab,414,1435582000,ingress_before,3,1,0,0,4,15,0,1,0,0,0,-1,9,1,0,0,1,0,4,128,33
ab,415,1435582000,ingress_after,3,1,0,0,4,15,0,1,0,0,0,-1,9,1,0,0,1,0,4,128,33
ab,416,1435582028,wake,3,1,0,0,0,0,0,1,0,0,0,-1,9,1,0,0,1,0,4,0,0
ab,417,1452501000,tx_start,1,3,0,0,4,15,0,3,1,0,0,1,1,1,0,0,0,0,0,128,33
ab,418,1474582000,ingress_before,3,1,0,0,4,15,0,1,0,0,0,-1,9,1,0,0,1,0,4,128,33
ab,419,1474582000,ingress_after,3,1,0,0,4,15,0,1,0,0,0,-1,9,1,0,0,1,0,4,128,33
ab,420,1474582028,wake,3,1,0,0,0,0,0,1,0,0,0,-1,9,1,0,0,1,0,4,0,0
ab,421,8000000000,final,1,0,0,0,0,0,0,1,0,0,0,-1,1,1,0,0,0,0,0,0,0
ab,422,8000000000,final,2,1,0,0,0,0,0,1,0,0,0,-1,7,3,0,0,1,0,4,0,0
ab,423,8000000000,final,3,1,0,0,0,0,0,1,0,0,0,-1,9,1,0,0,1,0,4,0,0
ba,1,0,offer,2,1,2,1,0,0,0,1,0,0,0,-1,-1,-1,0,0,0,0,0,0,0
ba,2,0,admit,2,1,2,1,1,0,0,1,0,1,0,-1,-1,-1,1,1,0,1,1,128,33
ba,3,0,offer,3,1,3,1,0,0,0,1,0,0,0,-1,-1,-1,0,0,0,0,0,0,0
ba,4,0,admit,3,1,3,1,1,0,0,1,0,1,0,-1,-1,-1,1,1,0,1,1,128,33
ba,5,20000000,offer,2,1,2,2,0,0,0,1,0,1,1,9,-1,-1,1,1,0,1,1,0,0
ba,6,20000000,blocked,2,1,2,2,0,0,0,1,0,1,1,9,-1,-1,1,1,0,1,1,0,0
ba,7,20000000,offer,3,1,3,2,0,0,0,1,0,1,1,3,-1,-1,1,1,0,1,1,0,0
ba,8,20000000,blocked,3,1,3,2,0,0,0,1,0,1,1,3,-1,-1,1,1,0,1,1,0,0
ba,9,40000000,offer,2,1,2,2,0,0,0,1,0,1,1,9,-1,-1,1,1,0,1,1,0,0
ba,10,40000000,blocked,2,1,2,2,0,0,0,1,0,1,1,9,-1,-1,1,1,0,1,1,0,0
ba,11,40000000,offer,3,1,3,2,0,0,0,1,0,1,1,3,-1,-1,1,1,0,1,1,0,0
ba,12,40000000,blocked,3,1,3,2,0,0,0,1,0,1,1,3,-1,-1,1,1,0,1,1,0,0
ba,13,60000000,offer,2,1,2,2,0,0,0,1,0,1,1,9,-1,-1,1,1,0,1,1,0,0
ba,14,60000000,blocked,2,1,2,2,0,0,0,1,0,1,1,9,-1,-1,1,1,0,1,1,0,0
ba,15,60000000,offer,3,1,3,2,0,0,0,1,0,1,1,3,-1,-1,1,1,0,1,1,0,0
ba,16,60000000,blocked,3,1,3,2,0,0,0,1,0,1,1,3,-1,-1,1,1,0,1,1,0,0
ba,17,80000000,offer,2,1,2,2,0,0,0,1,0,1,1,9,-1,-1,1,1,0,1,1,0,0
ba,18,80000000,blocked,2,1,2,2,0,0,0,1,0,1,1,9,-1,-1,1,1,0,1,1,0,0
ba,19,80000000,offer,3,1,3,2,0,0,0,1,0,1,1,3,-1,-1,1,1,0,1,1,0,0
ba,20,80000000,blocked,3,1,3,2,0,0,0,1,0,1,1,3,-1,-1,1,1,0,1,1,0,0
ba,21,100000000,offer,2,1,2,2,0,0,0,1,0,1,1,9,-1,-1,1,1,0,1,1,0,0
ba,22,100000000,blocked,2,1,2,2,0,0,0,1,0,1,1,9,-1,-1,1,1,0,1,1,0,0
ba,23,100000000,offer,3,1,3,2,0,0,0,1,0,1,1,3,-1,-1,1,1,0,1,1,0,0
ba,24,100000000,blocked,3,1,3,2,0,0,0,1,0,1,1,3,-1,-1,1,1,0,1,1,0,0
ba,25,120000000,offer,2,1,2,2,0,0,0,1,0,1,1,9,-1,-1,1,1,0,1,1,0,0
ba,26,120000000,blocked,2,1,2,2,0,0,0,1,0,1,1,9,-1,-1,1,1,0,1,1,0,0
ba,27,120000000,offer,3,1,3,2,0,0,0,1,0,1,1,3,-1,-1,1,1,0,1,1,0,0
ba,28,120000000,blocked,3,1,3,2,0,0,0,1,0,1,1,3,-1,-1,1,1,0,1,1,0,0
ba,29,140000000,offer,2,1,2,2,0,0,0,1,0,1,1,9,-1,-1,1,1,0,1,1,0,0
ba,30,140000000,blocked,2,1,2,2,0,0,0,1,0,1,1,9,-1,-1,1,1,0,1,1,0,0
ba,31,140000000,offer,3,1,3,2,0,0,0,1,0,1,1,3,-1,-1,1,1,0,1,1,0,0
ba,32,140000000,blocked,3,1,3,2,0,0,0,1,0,1,1,3,-1,-1,1,1,0,1,1,0,0
ba,33,160000000,offer,2,1,2,2,0,0,0,1,0,1,1,9,-1,-1,1,1,0,1,1,0,0
ba,34,160000000,blocked,2,1,2,2,0,0,0,1,0,1,1,9,-1,-1,1,1,0,1,1,0,0
ba,35,160000000,offer,3,1,3,2,0,0,0,1,0,1,1,3,-1,-1,1,1,0,1,1,0,0
ba,36,160000000,blocked,3,1,3,2,0,0,0,1,0,1,1,3,-1,-1,1,1,0,1,1,0,0
ba,37,180000000,offer,2,1,2,2,0,0,0,1,0,1,1,9,-1,-1,1,1,0,1,1,0,0
ba,38,180000000,blocked,2,1,2,2,0,0,0,1,0,1,1,9,-1,-1,1,1,0,1,1,0,0
ba,39,180000000,offer,3,1,3,2,0,0,0,1,0,1,1,3,-1,-1,1,1,0,1,1,0,0
ba,40,180000000,blocked,3,1,3,2,0,0,0,1,0,1,1,3,-1,-1,1,1,0,1,1,0,0
ba,41,200000000,offer,2,1,2,2,0,0,0,1,0,1,1,9,-1,-1,1,1,0,1,1,0,0
ba,42,200000000,blocked,2,1,2,2,0,0,0,1,0,1,1,9,-1,-1,1,1,0,1,1,0,0
ba,43,200000000,offer,3,1,3,2,0,0,0,1,0,1,1,3,-1,-1,1,1,0,1,1,0,0
ba,44,200000000,blocked,3,1,3,2,0,0,0,1,0,1,1,3,-1,-1,1,1,0,1,1,0,0
ba,45,220000000,offer,2,1,2,2,0,0,0,1,0,1,1,9,-1,-1,1,1,0,1,1,0,0
ba,46,220000000,blocked,2,1,2,2,0,0,0,1,0,1,1,9,-1,-1,1,1,0,1,1,0,0
ba,47,220000000,offer,3,1,3,2,0,0,0,1,0,1,1,3,-1,-1,1,1,0,1,1,0,0
ba,48,220000000,blocked,3,1,3,2,0,0,0,1,0,1,1,3,-1,-1,1,1,0,1,1,0,0
ba,49,240000000,offer,2,1,2,2,0,0,0,1,0,1,1,9,-1,-1,1,1,0,1,1,0,0
ba,50,240000000,blocked,2,1,2,2,0,0,0,1,0,1,1,9,-1,-1,1,1,0,1,1,0,0
ba,51,240000000,offer,3,1,3,2,0,0,0,1,0,1,1,3,-1,-1,1,1,0,1,1,0,0
ba,52,240000000,blocked,3,1,3,2,0,0,0,1,0,1,1,3,-1,-1,1,1,0,1,1,0,0
ba,53,260000000,offer,2,1,2,2,0,0,0,1,0,1,1,9,-1,-1,1,1,0,1,1,0,0
ba,54,260000000,blocked,2,1,2,2,0,0,0,1,0,1,1,9,-1,-1,1,1,0,1,1,0,0
ba,55,260000000,offer,3,1,3,2,0,0,0,1,0,1,1,3,-1,-1,1,1,0,1,1,0,0
ba,56,260000000,blocked,3,1,3,2,0,0,0,1,0,1,1,3,-1,-1,1,1,0,1,1,0,0
ba,57,280000000,offer,2,1,2,2,0,0,0,1,0,1,1,9,-1,-1,1,1,0,1,1,0,0
ba,58,280000000,blocked,2,1,2,2,0,0,0,1,0,1,1,9,-1,-1,1,1,0,1,1,0,0
ba,59,280000000,offer,3,1,3,2,0,0,0,1,0,1,1,3,-1,-1,1,1,0,1,1,0,0
ba,60,280000000,blocked,3,1,3,2,0,0,0,1,0,1,1,3,-1,-1,1,1,0,1,1,0,0
ba,61,300000000,offer,2,1,2,2,0,0,0,1,0,1,1,9,-1,-1,1,1,0,1,1,0,0
ba,62,300000000,blocked,2,1,2,2,0,0,0,1,0,1,1,9,-1,-1,1,1,0,1,1,0,0
ba,63,300000000,offer,3,1,3,2,0,0,0,1,0,1,1,3,-1,-1,1,1,0,1,1,0,0
ba,64,300000000,blocked,3,1,3,2,0,0,0,1,0,1,1,3,-1,-1,1,1,0,1,1,0,0
ba,65,320000000,offer,2,1,2,2,0,0,0,1,0,1,1,8,-1,-1,1,1,0,1,1,0,0
ba,66,320000000,blocked,2,1,2,2,0,0,0,1,0,1,1,8,-1,-1,1,1,0,1,1,0,0
ba,67,320000000,offer,3,1,3,2,0,0,0,1,0,1,1,2,-1,-1,1,1,0,1,1,0,0
ba,68,320000000,blocked,3,1,3,2,0,0,0,1,0,1,1,2,-1,-1,1,1,0,1,1,0,0
ba,69,340000000,offer,2,1,2,2,0,0,0,1,0,1,1,6,-1,-1,1,1,0,1,1,0,0
ba,70,340000000,blocked,2,1,2,2,0,0,0,1,0,1,1,6,-1,-1,1,1,0,1,1,0,0
ba,71,340000000,offer,3,1,3,2,0,0,0,1,0,1,1,0,-1,-1,1,1,0,1,1,0,0
ba,72,340000000,blocked,3,1,3,2,0,0,0,1,0,1,1,0,-1,-1,1,1,0,1,1,0,0
ba,73,351000000,tx_start,3,1,3,1,1,0,0,3,0,1,0,7,3,7,1,1,0,1,1,128,33
ba,74,360000000,offer,2,1,2,2,0,0,0,1,0,1,1,5,-1,-1,1,1,0,1,1,0,0
ba,75,360000000,blocked,2,1,2,2,0,0,0,1,0,1,1,5,-1,-1,1,1,0,1,1,0,0
ba,76,360000000,offer,3,1,3,2,0,0,0,3,0,0,0,7,3,7,1,1,0,1,1,0,0
ba,77,360000000,blocked,3,1,3,2,0,0,0,3,0,0,0,7,3,7,1,1,0,1,1,0,0
ba,78,373501000,ingress_before,1,3,3,1,1,0,0,1,0,0,0,-1,-1,-1,0,0,0,0,0,128,33
ba,79,373501000,ingress_after,1,3,3,1,1,0,0,1,1,0,0,-1,-1,-1,0,0,0,0,0,128,33
ba,80,380000000,offer,2,1,2,2,0,0,0,1,0,1,1,3,-1,-1,1,1,0,1,1,0,0
ba,81,380000000,blocked,2,1,2,2,0,0,0,1,0,1,1,3,-1,-1,1,1,0,1,1,0,0
ba,82,380000000,offer,3,1,3,2,0,0,0,1,0,0,0,6,3,7,1,1,0,1,1,0,0
ba,83,380000000,blocked,3,1,3,2,0,0,0,1,0,0,0,6,3,7,1,1,0,1,1,0,0
ba,84,400000000,offer,2,1,2,2,0,0,0,1,0,1,1,2,-1,-1,1,1,0,1,1,0,0
ba,85,400000000,blocked,2,1,2,2,0,0,0,1,0,1,1,2,-1,-1,1,1,0,1,1,0,0
ba,86,400000000,offer,3,1,3,2,0,0,0,1,0,0,0,5,3,7,1,1,0,1,1,0,0
ba,87,400000000,blocked,3,1,3,2,0,0,0,1,0,0,0,5,3,7,1,1,0,1,1,0,0
ba,88,420000000,offer,2,1,2,2,0,0,0,1,0,1,1,0,-1,-1,1,1,0,1,1,0,0
ba,89,420000000,blocked,2,1,2,2,0,0,0,1,0,1,1,0,-1,-1,1,1,0,1,1,0,0
ba,90,420000000,offer,3,1,3,2,0,0,0,1,0,0,0,3,3,7,1,1,0,1,1,0,0
ba,91,420000000,blocked,3,1,3,2,0,0,0,1,0,0,0,3,3,7,1,1,0,1,1,0,0
ba,92,429000000,tx_start,2,1,2,1,1,0,0,3,0,1,0,1,9,1,1,1,0,1,1,128,33
ba,93,440000000,offer,2,1,2,2,0,0,0,3,0,0,0,1,9,1,1,1,0,1,1,0,0
ba,94,440000000,blocked,2,1,2,2,0,0,0,3,0,0,0,1,9,1,1,1,0,1,1,0,0
ba,95,440000000,offer,3,1,3,2,0,0,0,1,0,0,0,2,3,7,1,1,0,1,1,0,0
ba,96,440000000,blocked,3,1,3,2,0,0,0,1,0,0,0,2,3,7,1,1,0,1,1,0,0
ba,97,451501000,ingress_before,1,2,2,1,1,0,0,1,1,0,1,1,-1,-1,0,0,0,0,0,128,33
ba,98,451501000,ingress_after,1,2,2,1,1,0,0,1,2,0,1,1,-1,-1,0,0,0,0,0,128,33
ba,99,460000000,offer,2,1,2,2,0,0,0,1,0,0,0,0,9,1,1,1,0,1,1,0,0
ba,100,460000000,blocked,2,1,2,2,0,0,0,1,0,0,0,0,9,1,1,1,0,1,1,0,0
ba,101,460000000,offer,3,1,3,2,0,0,0,1,0,0,0,0,3,7,1,1,0,1,1,0,0
ba,102,460000000,blocked,3,1,3,2,0,0,0,1,0,0,0,0,3,7,1,1,0,1,1,0,0
ba,103,480000000,offer,2,1,2,2,0,0,0,1,0,0,0,-1,9,1,1,1,0,1,1,0,0
ba,104,480000000,blocked,2,1,2,2,0,0,0,1,0,0,0,-1,9,1,1,1,0,1,1,0,0
ba,105,480000000,offer,3,1,3,2,0,0,0,1,0,0,0,-1,3,7,1,1,0,1,1,0,0
ba,106,480000000,blocked,3,1,3,2,0,0,0,1,0,0,0,-1,3,7,1,1,0,1,1,0,0
ba,107,500000000,offer,2,1,2,2,0,0,0,1,0,0,0,-1,9,1,1,1,0,1,1,0,0
ba,108,500000000,blocked,2,1,2,2,0,0,0,1,0,0,0,-1,9,1,1,1,0,1,1,0,0
ba,109,500000000,offer,3,1,3,2,0,0,0,1,0,0,0,-1,3,7,1,1,0,1,1,0,0
ba,110,500000000,blocked,3,1,3,2,0,0,0,1,0,0,0,-1,3,7,1,1,0,1,1,0,0
ba,111,520000000,offer,2,1,2,2,0,0,0,1,0,0,0,-1,9,1,1,1,0,1,1,0,0
ba,112,520000000,blocked,2,1,2,2,0,0,0,1,0,0,0,-1,9,1,1,1,0,1,1,0,0
ba,113,520000000,offer,3,1,3,2,0,0,0,1,0,0,0,-1,3,7,1,1,0,1,1,0,0
ba,114,520000000,blocked,3,1,3,2,0,0,0,1,0,0,0,-1,3,7,1,1,0,1,1,0,0
ba,115,540000000,offer,2,1,2,2,0,0,0,1,0,0,0,-1,9,1,1,1,0,1,1,0,0
ba,116,540000000,blocked,2,1,2,2,0,0,0,1,0,0,0,-1,9,1,1,1,0,1,1,0,0
ba,117,540000000,offer,3,1,3,2,0,0,0,1,0,0,0,-1,3,7,1,1,0,1,1,0,0
ba,118,540000000,blocked,3,1,3,2,0,0,0,1,0,0,0,-1,3,7,1,1,0,1,1,0,0
ba,119,560000000,offer,2,1,2,2,0,0,0,1,0,0,0,-1,9,1,1,1,0,1,1,0,0
ba,120,560000000,blocked,2,1,2,2,0,0,0,1,0,0,0,-1,9,1,1,1,0,1,1,0,0
ba,121,560000000,offer,3,1,3,2,0,0,0,1,0,0,0,-1,3,7,1,1,0,1,1,0,0
ba,122,560000000,blocked,3,1,3,2,0,0,0,1,0,0,0,-1,3,7,1,1,0,1,1,0,0
ba,123,580000000,offer,2,1,2,2,0,0,0,1,0,0,0,-1,9,1,1,1,0,1,1,0,0
ba,124,580000000,blocked,2,1,2,2,0,0,0,1,0,0,0,-1,9,1,1,1,0,1,1,0,0
ba,125,580000000,offer,3,1,3,2,0,0,0,1,0,0,0,-1,3,7,1,1,0,1,1,0,0
ba,126,580000000,blocked,3,1,3,2,0,0,0,1,0,0,0,-1,3,7,1,1,0,1,1,0,0
ba,127,600000000,offer,2,1,2,2,0,0,0,1,0,0,0,-1,9,1,1,1,0,1,1,0,0
ba,128,600000000,blocked,2,1,2,2,0,0,0,1,0,0,0,-1,9,1,1,1,0,1,1,0,0
ba,129,600000000,offer,3,1,3,2,0,0,0,1,0,0,0,-1,3,7,1,1,0,1,1,0,0
ba,130,600000000,blocked,3,1,3,2,0,0,0,1,0,0,0,-1,3,7,1,1,0,1,1,0,0
ba,131,620000000,offer,2,1,2,2,0,0,0,1,0,0,0,-1,9,1,1,1,0,1,1,0,0
ba,132,620000000,blocked,2,1,2,2,0,0,0,1,0,0,0,-1,9,1,1,1,0,1,1,0,0
ba,133,620000000,offer,3,1,3,2,0,0,0,1,0,0,0,-1,3,7,1,1,0,1,1,0,0
ba,134,620000000,blocked,3,1,3,2,0,0,0,1,0,0,0,-1,3,7,1,1,0,1,1,0,0
ba,135,640000000,offer,2,1,2,2,0,0,0,1,0,0,0,-1,9,1,1,1,0,1,1,0,0
ba,136,640000000,blocked,2,1,2,2,0,0,0,1,0,0,0,-1,9,1,1,1,0,1,1,0,0
ba,137,640000000,offer,3,1,3,2,0,0,0,1,0,0,0,-1,3,7,1,1,0,1,1,0,0
ba,138,640000000,blocked,3,1,3,2,0,0,0,1,0,0,0,-1,3,7,1,1,0,1,1,0,0
ba,139,660000000,offer,2,1,2,2,0,0,0,1,0,0,0,-1,9,1,1,1,0,1,1,0,0
ba,140,660000000,blocked,2,1,2,2,0,0,0,1,0,0,0,-1,9,1,1,1,0,1,1,0,0
ba,141,660000000,offer,3,1,3,2,0,0,0,1,0,0,0,-1,3,7,1,1,0,1,1,0,0
ba,142,660000000,blocked,3,1,3,2,0,0,0,1,0,0,0,-1,3,7,1,1,0,1,1,0,0
ba,143,680000000,offer,2,1,2,2,0,0,0,1,0,0,0,-1,9,1,1,1,0,1,1,0,0
ba,144,680000000,blocked,2,1,2,2,0,0,0,1,0,0,0,-1,9,1,1,1,0,1,1,0,0
ba,145,680000000,offer,3,1,3,2,0,0,0,1,0,0,0,-1,3,7,1,1,0,1,1,0,0
ba,146,680000000,blocked,3,1,3,2,0,0,0,1,0,0,0,-1,3,7,1,1,0,1,1,0,0
ba,147,698501000,tx_start,1,3,0,0,1,1,0,3,2,0,0,1,1,1,0,0,0,0,0,128,33
ba,148,698501000,tx_start,1,2,0,0,1,1,0,3,2,0,0,1,1,1,0,0,0,0,0,128,33
ba,149,700000000,offer,2,1,2,2,0,0,0,1,0,0,0,-1,9,1,1,1,0,1,1,0,0
ba,150,700000000,blocked,2,1,2,2,0,0,0,1,0,0,0,-1,9,1,1,1,0,1,1,0,0
ba,151,700000000,offer,3,1,3,2,0,0,0,1,0,0,0,-1,3,7,1,1,0,1,1,0,0
ba,152,700000000,blocked,3,1,3,2,0,0,0,1,0,0,0,-1,3,7,1,1,0,1,1,0,0
ba,153,720000000,offer,2,1,2,2,0,0,0,1,0,0,0,-1,9,1,1,1,0,1,1,0,0
ba,154,720000000,blocked,2,1,2,2,0,0,0,1,0,0,0,-1,9,1,1,1,0,1,1,0,0
ba,155,720000000,offer,3,1,3,2,0,0,0,1,0,0,0,-1,3,7,1,1,0,1,1,0,0
ba,156,720000000,blocked,3,1,3,2,0,0,0,1,0,0,0,-1,3,7,1,1,0,1,1,0,0
ba,157,723042000,ingress_before,3,1,0,0,1,1,0,1,0,0,0,-1,3,7,1,1,0,1,1,128,33
ba,158,723042000,release,3,1,3,0,0,0,0,1,0,0,0,-1,3,7,0,0,0,1,1,0,0
ba,159,723042000,ingress_after,3,1,0,0,1,1,0,1,0,0,0,-1,3,7,0,0,0,0,1,128,33
ba,160,723042000,ingress_before,2,1,0,0,1,1,0,1,0,0,0,-1,9,1,1,1,0,1,1,128,33
ba,161,723042000,release,2,1,2,0,0,0,0,1,0,0,0,-1,9,1,0,0,0,1,1,0,0
ba,162,723042000,ingress_after,2,1,0,0,1,1,0,1,0,0,0,-1,9,1,0,0,0,0,1,128,33
ba,163,723042028,wake,3,1,0,0,0,0,0,1,0,0,0,-1,3,7,0,0,0,0,1,0,0
ba,164,723042028,offer,3,1,3,2,0,0,0,1,0,0,0,-1,3,7,0,0,0,0,1,0,0
ba,165,723042028,admit,3,1,3,2,2,0,0,1,0,1,0,-1,3,7,1,1,0,1,2,128,33
ba,166,723042028,wake,2,1,0,0,0,0,0,1,0,0,0,-1,9,1,0,0,0,0,1,0,0
ba,167,723042028,offer,2,1,2,2,0,0,0,1,0,0,0,-1,9,1,0,0,0,0,1,0,0
ba,168,723042028,admit,2,1,2,2,2,0,0,1,0,1,0,-1,9,1,1,1,0,1,2,128,33
ba,169,737501000,tx_start,1,3,0,0,1,1,0,3,2,0,0,1,1,1,0,0,0,0,0,128,33
ba,170,737501000,tx_start,1,2,0,0,1,1,0,3,2,0,0,1,1,1,0,0,0,0,0,128,33
ba,171,740000000,offer,2,1,2,3,0,0,0,1,0,1,1,9,9,1,1,1,0,1,2,0,0
ba,172,740000000,blocked,2,1,2,3,0,0,0,1,0,1,1,9,9,1,1,1,0,1,2,0,0
ba,173,740000000,offer,3,1,3,3,0,0,0,1,0,1,1,3,3,7,1,1,0,1,2,0,0
ba,174,740000000,blocked,3,1,3,3,0,0,0,1,0,1,1,3,3,7,1,1,0,1,2,0,0
ba,175,760000000,offer,2,1,2,3,0,0,0,1,0,1,1,7,9,1,1,1,0,1,2,0,0
ba,176,760000000,blocked,2,1,2,3,0,0,0,1,0,1,1,7,9,1,1,1,0,1,2,0,0
ba,177,760000000,offer,3,1,3,3,0,0,0,1,0,1,1,1,3,7,1,1,0,1,2,0,0
ba,178,760000000,blocked,3,1,3,3,0,0,0,1,0,1,1,1,3,7,1,1,0,1,2,0,0
ba,179,762042000,ingress_before,3,1,0,0,1,1,0,1,0,1,1,1,3,7,1,1,0,1,2,128,33
ba,180,762042000,ingress_after,3,1,0,0,1,1,0,1,0,1,1,1,3,7,1,1,0,1,2,128,33
ba,181,762042000,ingress_before,2,1,0,0,1,1,0,1,0,1,1,7,9,1,1,1,0,1,2,128,33
ba,182,762042000,ingress_after,2,1,0,0,1,1,0,1,0,1,1,7,9,1,1,1,0,1,2,128,33
ba,183,762042028,wake,3,1,0,0,0,0,0,1,0,1,1,1,3,7,1,1,0,1,2,0,0
ba,184,762042028,offer,3,1,3,3,0,0,0,1,0,1,1,1,3,7,1,1,0,1,2,0,0
ba,185,762042028,blocked,3,1,3,3,0,0,0,1,0,1,1,1,3,7,1,1,0,1,2,0,0
ba,186,762042028,wake,2,1,0,0,0,0,0,1,0,1,1,7,9,1,1,1,0,1,2,0,0
ba,187,762042028,offer,2,1,2,3,0,0,0,1,0,1,1,7,9,1,1,1,0,1,2,0,0
ba,188,762042028,blocked,2,1,2,3,0,0,0,1,0,1,1,7,9,1,1,1,0,1,2,0,0
ba,189,776501000,tx_start,1,3,0,0,1,1,0,3,2,0,0,1,1,1,0,0,0,0,0,128,33
ba,190,776501000,tx_start,1,2,0,0,1,1,0,3,2,0,0,1,1,1,0,0,0,0,0,128,33
ba,191,780000000,offer,2,1,2,3,0,0,0,1,0,1,1,6,9,1,1,1,0,1,2,0,0
ba,192,780000000,blocked,2,1,2,3,0,0,0,1,0,1,1,6,9,1,1,1,0,1,2,0,0
ba,193,780000000,offer,3,1,3,3,0,0,0,1,0,1,1,0,3,7,1,1,0,1,2,0,0
ba,194,780000000,blocked,3,1,3,3,0,0,0,1,0,1,1,0,3,7,1,1,0,1,2,0,0
ba,195,780000000,tx_start,3,1,3,2,2,0,0,3,0,1,0,7,3,7,1,1,0,1,2,128,33
ba,196,800000000,offer,2,1,2,3,0,0,0,1,0,1,1,4,9,1,1,1,0,1,2,0,0
ba,197,800000000,blocked,2,1,2,3,0,0,0,1,0,1,1,4,9,1,1,1,0,1,2,0,0
ba,198,800000000,offer,3,1,3,3,0,0,0,3,0,0,0,7,3,7,1,1,0,1,2,0,0
ba,199,800000000,blocked,3,1,3,3,0,0,0,3,0,0,0,7,3,7,1,1,0,1,2,0,0
ba,200,801042000,ingress_before,3,1,0,0,1,1,0,3,0,0,0,7,3,7,1,1,0,1,2,128,33
ba,201,801042000,ingress_after,3,1,0,0,1,1,0,3,0,0,0,7,3,7,1,1,0,1,2,128,33
ba,202,801042000,ingress_before,2,1,0,0,1,1,0,1,0,1,1,4,9,1,1,1,0,1,2,128,33
ba,203,801042000,ingress_after,2,1,0,0,1,1,0,1,0,1,1,4,9,1,1,1,0,1,2,128,33
ba,204,801042028,wake,3,1,0,0,0,0,0,3,0,0,0,7,3,7,1,1,0,1,2,0,0
ba,205,801042028,offer,3,1,3,3,0,0,0,3,0,0,0,7,3,7,1,1,0,1,2,0,0
ba,206,801042028,blocked,3,1,3,3,0,0,0,3,0,0,0,7,3,7,1,1,0,1,2,0,0
ba,207,801042028,wake,2,1,0,0,0,0,0,1,0,1,1,4,9,1,1,1,0,1,2,0,0
ba,208,801042028,offer,2,1,2,3,0,0,0,1,0,1,1,4,9,1,1,1,0,1,2,0,0
ba,209,801042028,blocked,2,1,2,3,0,0,0,1,0,1,1,4,9,1,1,1,0,1,2,0,0
ba,210,802501000,ingress_before,1,3,3,2,2,0,0,1,2,0,1,1,1,1,0,0,0,0,0,128,33
ba,211,802501000,ingress_after,1,3,3,2,2,0,0,1,2,0,1,1,1,1,0,0,0,0,0,128,33
ba,212,815501000,tx_start,1,3,0,0,2,3,0,3,2,0,0,1,1,1,0,0,0,0,0,128,33
ba,213,815501000,tx_start,1,2,0,0,1,1,0,3,2,0,0,1,1,1,0,0,0,0,0,128,33
ba,214,820000000,offer,2,1,2,3,0,0,0,1,0,1,1,2,9,1,1,1,0,1,2,0,0
ba,215,820000000,blocked,2,1,2,3,0,0,0,1,0,1,1,2,9,1,1,1,0,1,2,0,0
ba,216,820000000,offer,3,1,3,3,0,0,0,1,0,0,0,5,3,7,1,1,0,1,2,0,0
ba,217,820000000,blocked,3,1,3,3,0,0,0,1,0,0,0,5,3,7,1,1,0,1,2,0,0
ba,218,840000000,offer,2,1,2,3,0,0,0,1,0,1,1,1,9,1,1,1,0,1,2,0,0
ba,219,840000000,blocked,2,1,2,3,0,0,0,1,0,1,1,1,9,1,1,1,0,1,2,0,0
ba,220,840000000,offer,3,1,3,3,0,0,0,1,0,0,0,4,3,7,1,1,0,1,2,0,0
ba,221,840000000,blocked,3,1,3,3,0,0,0,1,0,0,0,4,3,7,1,1,0,1,2,0,0
ba,222,840042000,ingress_before,3,1,0,0,2,3,0,1,0,0,0,4,3,7,1,1,0,1,2,128,33
ba,223,840042000,release,3,1,3,0,0,0,0,1,0,0,0,4,3,7,0,0,0,1,2,0,0
ba,224,840042000,ingress_after,3,1,0,0,2,3,0,1,0,0,0,4,3,7,0,0,0,0,2,128,33
ba,225,840042000,ingress_before,2,1,0,0,1,1,0,1,0,1,1,1,9,1,1,1,0,1,2,128,33
ba,226,840042000,ingress_after,2,1,0,0,1,1,0,1,0,1,1,1,9,1,1,1,0,1,2,128,33
ba,227,840042028,wake,3,1,0,0,0,0,0,1,0,0,0,4,3,7,0,0,0,0,2,0,0
ba,228,840042028,offer,3,1,3,3,0,0,0,1,0,0,0,4,3,7,0,0,0,0,2,0,0
ba,229,840042028,admit,3,1,3,3,3,0,0,1,0,1,0,4,3,7,1,1,0,1,3,128,33
ba,230,840042028,wake,2,1,0,0,0,0,0,1,0,1,1,1,9,1,1,1,0,1,2,0,0
ba,231,840042028,offer,2,1,2,3,0,0,0,1,0,1,1,1,9,1,1,1,0,1,2,0,0
ba,232,840042028,blocked,2,1,2,3,0,0,0,1,0,1,1,1,9,1,1,1,0,1,2,0,0
ba,233,854501000,tx_start,1,3,0,0,2,3,0,3,2,0,0,1,1,1,0,0,0,0,0,128,33
ba,234,854501000,tx_start,1,2,0,0,1,1,0,3,2,0,0,1,1,1,0,0,0,0,0,128,33
ba,235,858000000,tx_start,2,1,2,2,2,0,0,3,0,1,0,1,9,1,1,1,0,1,2,128,33
ba,236,860000000,offer,2,1,2,3,0,0,0,3,0,0,0,1,9,1,1,1,0,1,2,0,0
ba,237,860000000,blocked,2,1,2,3,0,0,0,3,0,0,0,1,9,1,1,1,0,1,2,0,0
ba,238,860000000,offer,3,1,3,4,0,0,0,1,0,1,1,2,3,7,1,1,0,1,3,0,0
ba,239,860000000,blocked,3,1,3,4,0,0,0,1,0,1,1,2,3,7,1,1,0,1,3,0,0
ba,240,879042000,ingress_before,3,1,0,0,2,3,0,1,0,1,1,1,3,7,1,1,0,1,3,128,33
ba,241,879042000,ingress_after,3,1,0,0,2,3,0,1,0,1,1,1,3,7,1,1,0,1,3,128,33
ba,242,879042000,ingress_before,2,1,0,0,1,1,0,3,0,0,0,1,9,1,1,1,0,1,2,128,33
ba,243,879042000,ingress_after,2,1,0,0,1,1,0,3,0,0,0,1,9,1,1,1,0,1,2,128,33
ba,244,879042028,wake,3,1,0,0,0,0,0,1,0,1,1,1,3,7,1,1,0,1,3,0,0
ba,245,879042028,offer,3,1,3,4,0,0,0,1,0,1,1,1,3,7,1,1,0,1,3,0,0
ba,246,879042028,blocked,3,1,3,4,0,0,0,1,0,1,1,1,3,7,1,1,0,1,3,0,0
ba,247,879042028,wake,2,1,0,0,0,0,0,3,0,0,0,1,9,1,1,1,0,1,2,0,0
ba,248,879042028,offer,2,1,2,3,0,0,0,3,0,0,0,1,9,1,1,1,0,1,2,0,0
ba,249,879042028,blocked,2,1,2,3,0,0,0,3,0,0,0,1,9,1,1,1,0,1,2,0,0
ba,250,880000000,offer,2,1,2,3,0,0,0,3,0,0,0,1,9,1,1,1,0,1,2,0,0
ba,251,880000000,blocked,2,1,2,3,0,0,0,3,0,0,0,1,9,1,1,1,0,1,2,0,0
ba,252,880000000,offer,3,1,3,4,0,0,0,1,0,1,1,1,3,7,1,1,0,1,3,0,0
ba,253,880000000,blocked,3,1,3,4,0,0,0,1,0,1,1,1,3,7,1,1,0,1,3,0,0
ba,254,880501000,ingress_before,1,2,2,2,2,0,0,1,1,0,1,1,1,1,0,0,0,0,0,128,33
ba,255,880501000,ingress_after,1,2,2,2,2,0,0,1,2,0,1,1,1,1,0,0,0,0,0,128,33
ba,256,893501000,tx_start,1,3,0,0,2,3,0,3,2,0,0,2,1,2,0,0,0,0,0,128,33
ba,257,893501000,tx_start,1,2,0,0,2,3,0,3,2,0,0,2,1,2,0,0,0,0,0,128,33
ba,258,897000000,tx_start,3,1,3,3,3,0,0,3,0,1,0,3,7,3,1,1,0,1,3,128,33
ba,259,900000000,offer,2,1,2,3,0,0,0,1,0,0,0,-1,9,1,1,1,0,1,2,0,0
ba,260,900000000,blocked,2,1,2,3,0,0,0,1,0,0,0,-1,9,1,1,1,0,1,2,0,0
ba,261,900000000,offer,3,1,3,4,0,0,0,3,0,0,0,3,7,3,1,1,0,1,3,0,0
ba,262,900000000,blocked,3,1,3,4,0,0,0,3,0,0,0,3,7,3,1,1,0,1,3,0,0
ba,263,918042000,ingress_before,3,1,0,0,2,3,0,3,0,0,0,3,7,3,1,1,0,1,3,128,33
ba,264,918042000,ingress_after,3,1,0,0,2,3,0,3,0,0,0,3,7,3,1,1,0,1,3,128,33
ba,265,918042000,ingress_before,2,1,0,0,2,3,0,1,0,0,0,-1,9,1,1,1,0,1,2,128,33
ba,266,918042000,release,2,1,2,0,0,0,0,1,0,0,0,-1,9,1,0,0,0,1,2,0,0
ba,267,918042000,ingress_after,2,1,0,0,2,3,0,1,0,0,0,-1,9,1,0,0,0,0,2,128,33
ba,268,918042028,wake,3,1,0,0,0,0,0,3,0,0,0,3,7,3,1,1,0,1,3,0,0
ba,269,918042028,offer,3,1,3,4,0,0,0,3,0,0,0,3,7,3,1,1,0,1,3,0,0
ba,270,918042028,blocked,3,1,3,4,0,0,0,3,0,0,0,3,7,3,1,1,0,1,3,0,0
ba,271,918042028,wake,2,1,0,0,0,0,0,1,0,0,0,-1,9,1,0,0,0,0,2,0,0
ba,272,918042028,offer,2,1,2,3,0,0,0,1,0,0,0,-1,9,1,0,0,0,0,2,0,0
ba,273,918042028,admit,2,1,2,3,3,0,0,1,0,1,0,-1,9,1,1,1,0,1,3,128,33
ba,274,919501000,ingress_before,1,3,3,3,3,0,0,1,2,0,1,2,1,2,0,0,0,0,0,128,33
ba,275,919501000,ingress_after,1,3,3,3,3,0,0,1,2,0,1,2,1,2,0,0,0,0,0,128,33
ba,276,920000000,offer,2,1,2,4,0,0,0,1,0,1,0,-1,9,1,1,1,0,1,3,0,0
ba,277,920000000,blocked,2,1,2,4,0,0,0,1,0,1,0,-1,9,1,1,1,0,1,3,0,0
ba,278,920000000,offer,3,1,3,4,0,0,0,1,0,0,0,3,7,3,1,1,0,1,3,0,0
ba,279,920000000,blocked,3,1,3,4,0,0,0,1,0,0,0,3,7,3,1,1,0,1,3,0,0
ba,280,940000000,offer,2,1,2,4,0,0,0,1,0,1,1,8,9,1,1,1,0,1,3,0,0
ba,281,940000000,blocked,2,1,2,4,0,0,0,1,0,1,1,8,9,1,1,1,0,1,3,0,0
ba,282,940000000,offer,3,1,3,4,0,0,0,1,0,0,0,1,7,3,1,1,0,1,3,0,0
ba,283,940000000,blocked,3,1,3,4,0,0,0,1,0,0,0,1,7,3,1,1,0,1,3,0,0
ba,284,945501000,tx_start,1,3,0,0,3,7,0,3,2,0,0,1,2,1,0,0,0,0,0,128,33
ba,285,945501000,tx_start,1,2,0,0,2,3,0,3,2,0,0,1,2,1,0,0,0,0,0,128,33
ba,286,960000000,offer,2,1,2,4,0,0,0,1,0,1,1,7,9,1,1,1,0,1,3,0,0
ba,287,960000000,blocked,2,1,2,4,0,0,0,1,0,1,1,7,9,1,1,1,0,1,3,0,0
ba,288,960000000,offer,3,1,3,4,0,0,0,1,0,0,0,0,7,3,1,1,0,1,3,0,0
ba,289,960000000,blocked,3,1,3,4,0,0,0,1,0,0,0,0,7,3,1,1,0,1,3,0,0
ba,290,970042000,ingress_before,3,1,0,0,3,7,0,1,0,0,0,-1,7,3,1,1,0,1,3,128,33
ba,291,970042000,release,3,1,3,0,0,0,0,1,0,0,0,-1,7,3,0,0,1,1,3,0,0
ba,292,970042000,ingress_after,3,1,0,0,3,7,0,1,0,0,0,-1,7,3,0,0,1,0,3,128,33
ba,293,970042000,ingress_before,2,1,0,0,2,3,0,1,0,1,1,6,9,1,1,1,0,1,3,128,33
ba,294,970042000,ingress_after,2,1,0,0,2,3,0,1,0,1,1,6,9,1,1,1,0,1,3,128,33
ba,295,970042028,wake,3,1,0,0,0,0,0,1,0,0,0,-1,7,3,0,0,1,0,3,0,0
ba,296,970042028,offer,3,1,3,4,0,0,0,1,0,0,0,-1,7,3,0,0,1,0,3,0,0
ba,297,970042028,admit,3,1,3,4,4,0,0,1,0,1,0,-1,7,3,1,1,1,1,4,128,33
ba,298,970042028,wake,2,1,0,0,0,0,0,1,0,1,1,6,9,1,1,1,0,1,3,0,0
ba,299,970042028,offer,2,1,2,4,0,0,0,1,0,1,1,6,9,1,1,1,0,1,3,0,0
ba,300,970042028,blocked,2,1,2,4,0,0,0,1,0,1,1,6,9,1,1,1,0,1,3,0,0
ba,301,980000000,offer,2,1,2,4,0,0,0,1,0,1,1,5,9,1,1,1,0,1,3,0,0
ba,302,980000000,blocked,2,1,2,4,0,0,0,1,0,1,1,5,9,1,1,1,0,1,3,0,0
ba,303,984501000,tx_start,1,3,0,0,3,7,0,3,2,0,0,1,1,1,0,0,0,0,0,128,33
ba,304,984501000,tx_start,1,2,0,0,2,3,0,3,2,0,0,1,1,1,0,0,0,0,0,128,33
ba,305,1000000000,offer,2,1,2,4,0,0,0,1,0,1,1,4,9,1,1,1,0,1,3,0,0
ba,306,1000000000,blocked,2,1,2,4,0,0,0,1,0,1,1,4,9,1,1,1,0,1,3,0,0
ba,307,1009042000,ingress_before,3,1,0,0,3,7,0,1,0,1,1,5,7,3,1,1,1,1,4,128,33
ba,308,1009042000,ingress_after,3,1,0,0,3,7,0,1,0,1,1,5,7,3,1,1,1,1,4,128,33
ba,309,1009042000,ingress_before,2,1,0,0,2,3,0,1,0,1,1,3,9,1,1,1,0,1,3,128,33
ba,310,1009042000,ingress_after,2,1,0,0,2,3,0,1,0,1,1,3,9,1,1,1,0,1,3,128,33
ba,311,1009042028,wake,3,1,0,0,0,0,0,1,0,1,1,5,7,3,1,1,1,1,4,0,0
ba,312,1009042028,wake,2,1,0,0,0,0,0,1,0,1,1,3,9,1,1,1,0,1,3,0,0
ba,313,1009042028,offer,2,1,2,4,0,0,0,1,0,1,1,3,9,1,1,1,0,1,3,0,0
ba,314,1009042028,blocked,2,1,2,4,0,0,0,1,0,1,1,3,9,1,1,1,0,1,3,0,0
ba,315,1020000000,offer,2,1,2,4,0,0,0,1,0,1,1,2,9,1,1,1,0,1,3,0,0
ba,316,1020000000,blocked,2,1,2,4,0,0,0,1,0,1,1,2,9,1,1,1,0,1,3,0,0
ba,317,1023501000,tx_start,1,3,0,0,3,7,0,3,2,0,0,1,1,1,0,0,0,0,0,128,33
ba,318,1023501000,tx_start,1,2,0,0,2,3,0,3,2,0,0,1,1,1,0,0,0,0,0,128,33
ba,319,1040000000,offer,2,1,2,4,0,0,0,1,0,1,1,1,9,1,1,1,0,1,3,0,0
ba,320,1040000000,blocked,2,1,2,4,0,0,0,1,0,1,1,1,9,1,1,1,0,1,3,0,0
ba,321,1048042000,ingress_before,3,1,0,0,3,7,0,1,0,1,1,2,7,3,1,1,1,1,4,128,33
ba,322,1048042000,ingress_after,3,1,0,0,3,7,0,1,0,1,1,2,7,3,1,1,1,1,4,128,33
ba,323,1048042000,ingress_before,2,1,0,0,2,3,0,1,0,1,1,0,9,1,1,1,0,1,3,128,33
ba,324,1048042000,ingress_after,2,1,0,0,2,3,0,1,0,1,1,0,9,1,1,1,0,1,3,128,33
ba,325,1048042028,wake,3,1,0,0,0,0,0,1,0,1,1,2,7,3,1,1,1,1,4,0,0
ba,326,1048042028,wake,2,1,0,0,0,0,0,1,0,1,1,0,9,1,1,1,0,1,3,0,0
ba,327,1048042028,offer,2,1,2,4,0,0,0,1,0,1,1,0,9,1,1,1,0,1,3,0,0
ba,328,1048042028,blocked,2,1,2,4,0,0,0,1,0,1,1,0,9,1,1,1,0,1,3,0,0
ba,329,1053000000,tx_start,2,1,2,3,3,0,0,3,0,1,0,1,9,1,1,1,0,1,3,128,33
ba,330,1060000000,offer,2,1,2,4,0,0,0,3,0,0,0,1,9,1,1,1,0,1,3,0,0
ba,331,1060000000,blocked,2,1,2,4,0,0,0,3,0,0,0,1,9,1,1,1,0,1,3,0,0
ba,332,1062501000,tx_start,1,3,0,0,3,7,0,3,2,0,0,1,1,1,0,0,0,0,0,128,33
ba,333,1062501000,tx_start,1,2,0,0,2,3,0,3,2,0,0,1,1,1,0,0,0,0,0,128,33
ba,334,1075501000,ingress_before,1,2,2,3,3,0,0,3,1,0,0,1,1,1,0,0,0,0,0,128,33
ba,335,1075501000,ingress_after,1,2,2,3,3,0,0,3,2,0,0,1,1,1,0,0,0,0,0,128,33
ba,336,1079000000,tx_start,3,1,3,4,4,0,0,3,0,1,0,3,7,3,1,1,1,1,4,128,33
ba,337,1080000000,offer,2,1,2,4,0,0,0,1,0,0,0,0,9,1,1,1,0,1,3,0,0
ba,338,1080000000,blocked,2,1,2,4,0,0,0,1,0,0,0,0,9,1,1,1,0,1,3,0,0
ba,339,1087042000,ingress_before,3,1,0,0,3,7,0,3,0,0,0,3,7,3,1,1,1,1,4,128,33
ba,340,1087042000,ingress_after,3,1,0,0,3,7,0,3,0,0,0,3,7,3,1,1,1,1,4,128,33
ba,341,1087042000,ingress_before,2,1,0,0,2,3,0,1,0,0,0,0,9,1,1,1,0,1,3,128,33
ba,342,1087042000,ingress_after,2,1,0,0,2,3,0,1,0,0,0,0,9,1,1,1,0,1,3,128,33
ba,343,1087042028,wake,3,1,0,0,0,0,0,3,0,0,0,3,7,3,1,1,1,1,4,0,0
ba,344,1087042028,wake,2,1,0,0,0,0,0,1,0,0,0,0,9,1,1,1,0,1,3,0,0
ba,345,1087042028,offer,2,1,2,4,0,0,0,1,0,0,0,0,9,1,1,1,0,1,3,0,0
ba,346,1087042028,blocked,2,1,2,4,0,0,0,1,0,0,0,0,9,1,1,1,0,1,3,0,0
ba,347,1100000000,offer,2,1,2,4,0,0,0,1,0,0,0,-1,9,1,1,1,0,1,3,0,0
ba,348,1100000000,blocked,2,1,2,4,0,0,0,1,0,0,0,-1,9,1,1,1,0,1,3,0,0
ba,349,1101501000,ingress_before,1,3,3,4,4,0,0,1,2,0,1,0,1,1,0,0,0,0,0,128,33
ba,350,1101501000,ingress_after,1,3,3,4,4,0,0,1,2,0,1,0,1,1,0,0,0,0,0,128,33
ba,351,1101501000,tx_start,1,3,0,0,4,15,0,3,2,0,0,1,1,1,0,0,0,0,0,128,33
ba,352,1101501000,tx_start,1,2,0,0,3,7,0,3,2,0,0,1,1,1,0,0,0,0,0,128,33
ba,353,1120000000,offer,2,1,2,4,0,0,0,1,0,0,0,-1,9,1,1,1,0,1,3,0,0
ba,354,1120000000,blocked,2,1,2,4,0,0,0,1,0,0,0,-1,9,1,1,1,0,1,3,0,0
ba,355,1126042000,ingress_before,3,1,0,0,4,15,0,1,0,0,0,1,7,3,1,1,1,1,4,128,33
ba,356,1126042000,release,3,1,3,0,0,0,0,1,0,0,0,1,7,3,0,0,1,1,4,0,0
ba,357,1126042000,ingress_after,3,1,0,0,4,15,0,1,0,0,0,1,7,3,0,0,1,0,4,128,33
ba,358,1126042000,ingress_before,2,1,0,0,3,7,0,1,0,0,0,-1,9,1,1,1,0,1,3,128,33
ba,359,1126042000,release,2,1,2,0,0,0,0,1,0,0,0,-1,9,1,0,0,1,1,3,0,0
ba,360,1126042000,ingress_after,2,1,0,0,3,7,0,1,0,0,0,-1,9,1,0,0,1,0,3,128,33
ba,361,1126042028,wake,3,1,0,0,0,0,0,1,0,0,0,1,7,3,0,0,1,0,4,0,0
ba,362,1126042028,wake,2,1,0,0,0,0,0,1,0,0,0,-1,9,1,0,0,1,0,3,0,0
ba,363,1126042028,offer,2,1,2,4,0,0,0,1,0,0,0,-1,9,1,0,0,1,0,3,0,0
ba,364,1126042028,admit,2,1,2,4,4,0,0,1,0,1,0,-1,9,1,1,1,1,1,4,128,33
ba,365,1140501000,tx_start,1,3,0,0,4,15,0,3,2,0,0,1,1,1,0,0,0,0,0,128,33
ba,366,1140501000,tx_start,1,2,0,0,3,7,0,3,2,0,0,1,1,1,0,0,0,0,0,128,33
ba,367,1165042000,ingress_before,3,1,0,0,4,15,0,1,0,0,0,-1,7,3,0,0,1,0,4,128,33
ba,368,1165042000,ingress_after,3,1,0,0,4,15,0,1,0,0,0,-1,7,3,0,0,1,0,4,128,33
ba,369,1165042000,ingress_before,2,1,0,0,3,7,0,1,0,1,1,7,9,1,1,1,1,1,4,128,33
ba,370,1165042000,ingress_after,2,1,0,0,3,7,0,1,0,1,1,7,9,1,1,1,1,1,4,128,33
ba,371,1165042028,wake,3,1,0,0,0,0,0,1,0,0,0,-1,7,3,0,0,1,0,4,0,0
ba,372,1165042028,wake,2,1,0,0,0,0,0,1,0,1,1,7,9,1,1,1,1,1,4,0,0
ba,373,1179501000,tx_start,1,3,0,0,4,15,0,3,2,0,0,1,1,1,0,0,0,0,0,128,33
ba,374,1179501000,tx_start,1,2,0,0,3,7,0,3,2,0,0,1,1,1,0,0,0,0,0,128,33
ba,375,1204042000,ingress_before,3,1,0,0,4,15,0,1,0,0,0,-1,7,3,0,0,1,0,4,128,33
ba,376,1204042000,ingress_after,3,1,0,0,4,15,0,1,0,0,0,-1,7,3,0,0,1,0,4,128,33
ba,377,1204042000,ingress_before,2,1,0,0,3,7,0,1,0,1,1,4,9,1,1,1,1,1,4,128,33
ba,378,1204042000,ingress_after,2,1,0,0,3,7,0,1,0,1,1,4,9,1,1,1,1,1,4,128,33
ba,379,1204042028,wake,3,1,0,0,0,0,0,1,0,0,0,-1,7,3,0,0,1,0,4,0,0
ba,380,1204042028,wake,2,1,0,0,0,0,0,1,0,1,1,4,9,1,1,1,1,1,4,0,0
ba,381,1218501000,tx_start,1,3,0,0,4,15,0,3,2,0,0,1,1,1,0,0,0,0,0,128,33
ba,382,1218501000,tx_start,1,2,0,0,3,7,0,3,2,0,0,1,1,1,0,0,0,0,0,128,33
ba,383,1243042000,ingress_before,3,1,0,0,4,15,0,1,0,0,0,-1,7,3,0,0,1,0,4,128,33
ba,384,1243042000,ingress_after,3,1,0,0,4,15,0,1,0,0,0,-1,7,3,0,0,1,0,4,128,33
ba,385,1243042000,ingress_before,2,1,0,0,3,7,0,1,0,1,1,1,9,1,1,1,1,1,4,128,33
ba,386,1243042000,ingress_after,2,1,0,0,3,7,0,1,0,1,1,1,9,1,1,1,1,1,4,128,33
ba,387,1243042028,wake,3,1,0,0,0,0,0,1,0,0,0,-1,7,3,0,0,1,0,4,0,0
ba,388,1243042028,wake,2,1,0,0,0,0,0,1,0,1,1,1,9,1,1,1,1,1,4,0,0
ba,389,1257501000,tx_start,1,3,0,0,4,15,0,3,2,0,0,1,1,1,0,0,0,0,0,128,33
ba,390,1257501000,tx_start,1,2,0,0,3,7,0,3,2,0,0,1,1,1,0,0,0,0,0,128,33
ba,391,1261000000,tx_start,2,1,2,4,4,0,0,3,0,1,0,1,9,1,1,1,1,1,4,128,33
ba,392,1282042000,ingress_before,3,1,0,0,4,15,0,1,0,0,0,-1,7,3,0,0,1,0,4,128,33
ba,393,1282042000,ingress_after,3,1,0,0,4,15,0,1,0,0,0,-1,7,3,0,0,1,0,4,128,33
ba,394,1282042000,ingress_before,2,1,0,0,3,7,0,3,0,0,0,1,9,1,1,1,1,1,4,128,33
ba,395,1282042000,ingress_after,2,1,0,0,3,7,0,3,0,0,0,1,9,1,1,1,1,1,4,128,33
ba,396,1282042028,wake,3,1,0,0,0,0,0,1,0,0,0,-1,7,3,0,0,1,0,4,0,0
ba,397,1282042028,wake,2,1,0,0,0,0,0,3,0,0,0,1,9,1,1,1,1,1,4,0,0
ba,398,1283501000,ingress_before,1,2,2,4,4,0,0,1,0,0,0,1,1,1,0,0,0,0,0,128,33
ba,399,1283501000,ingress_after,1,2,2,4,4,0,0,1,1,0,0,1,1,1,0,0,0,0,0,128,33
ba,400,1296501000,tx_start,1,2,0,0,4,15,0,3,1,0,0,1,1,1,0,0,0,0,0,128,33
ba,401,1318582000,ingress_before,2,1,0,0,4,15,0,1,0,0,0,-1,9,1,1,1,1,1,4,128,33
ba,402,1318582000,release,2,1,2,0,0,0,0,1,0,0,0,-1,9,1,0,0,1,1,4,0,0
ba,403,1318582000,ingress_after,2,1,0,0,4,15,0,1,0,0,0,-1,9,1,0,0,1,0,4,128,33
ba,404,1318582028,wake,2,1,0,0,0,0,0,1,0,0,0,-1,9,1,0,0,1,0,4,0,0
ba,405,1335501000,tx_start,1,2,0,0,4,15,0,3,1,0,0,1,1,1,0,0,0,0,0,128,33
ba,406,1357582000,ingress_before,2,1,0,0,4,15,0,1,0,0,0,-1,9,1,0,0,1,0,4,128,33
ba,407,1357582000,ingress_after,2,1,0,0,4,15,0,1,0,0,0,-1,9,1,0,0,1,0,4,128,33
ba,408,1357582028,wake,2,1,0,0,0,0,0,1,0,0,0,-1,9,1,0,0,1,0,4,0,0
ba,409,1374501000,tx_start,1,2,0,0,4,15,0,3,1,0,0,1,1,1,0,0,0,0,0,128,33
ba,410,1396582000,ingress_before,2,1,0,0,4,15,0,1,0,0,0,-1,9,1,0,0,1,0,4,128,33
ba,411,1396582000,ingress_after,2,1,0,0,4,15,0,1,0,0,0,-1,9,1,0,0,1,0,4,128,33
ba,412,1396582028,wake,2,1,0,0,0,0,0,1,0,0,0,-1,9,1,0,0,1,0,4,0,0
ba,413,1413501000,tx_start,1,2,0,0,4,15,0,3,1,0,0,1,1,1,0,0,0,0,0,128,33
ba,414,1435582000,ingress_before,2,1,0,0,4,15,0,1,0,0,0,-1,9,1,0,0,1,0,4,128,33
ba,415,1435582000,ingress_after,2,1,0,0,4,15,0,1,0,0,0,-1,9,1,0,0,1,0,4,128,33
ba,416,1435582028,wake,2,1,0,0,0,0,0,1,0,0,0,-1,9,1,0,0,1,0,4,0,0
ba,417,1452501000,tx_start,1,2,0,0,4,15,0,3,1,0,0,1,1,1,0,0,0,0,0,128,33
ba,418,1474582000,ingress_before,2,1,0,0,4,15,0,1,0,0,0,-1,9,1,0,0,1,0,4,128,33
ba,419,1474582000,ingress_after,2,1,0,0,4,15,0,1,0,0,0,-1,9,1,0,0,1,0,4,128,33
ba,420,1474582028,wake,2,1,0,0,0,0,0,1,0,0,0,-1,9,1,0,0,1,0,4,0,0
ba,421,8000000000,final,1,0,0,0,0,0,0,1,0,0,0,-1,1,1,0,0,0,0,0,0,0
ba,422,8000000000,final,2,1,0,0,0,0,0,1,0,0,0,-1,9,1,0,0,1,0,4,0,0
ba,423,8000000000,final,3,1,0,0,0,0,0,1,0,0,0,-1,7,3,0,0,1,0,4,0,0
slow,1,0,offer,2,1,2,1,0,0,0,1,0,0,0,-1,-1,-1,0,0,0,0,0,0,0
slow,2,0,admit,2,1,2,1,1,0,0,1,0,1,0,-1,-1,-1,1,1,0,1,1,128,33
slow,3,0,offer,3,1,3,1,0,0,0,1,0,0,0,-1,-1,-1,0,0,0,0,0,0,0
slow,4,0,admit,3,1,3,1,1,0,0,1,0,1,0,-1,-1,-1,1,1,0,1,1,128,33
slow,5,20000000,offer,2,1,2,2,0,0,0,1,0,1,1,3,-1,-1,1,1,0,1,1,0,0
slow,6,20000000,blocked,2,1,2,2,0,0,0,1,0,1,1,3,-1,-1,1,1,0,1,1,0,0
slow,7,20000000,offer,3,1,3,2,0,0,0,1,0,1,1,9,-1,-1,1,1,0,1,1,0,0
slow,8,20000000,blocked,3,1,3,2,0,0,0,1,0,1,1,9,-1,-1,1,1,0,1,1,0,0
slow,9,40000000,offer,2,1,2,2,0,0,0,1,0,1,1,3,-1,-1,1,1,0,1,1,0,0
slow,10,40000000,blocked,2,1,2,2,0,0,0,1,0,1,1,3,-1,-1,1,1,0,1,1,0,0
slow,11,40000000,offer,3,1,3,2,0,0,0,1,0,1,1,9,-1,-1,1,1,0,1,1,0,0
slow,12,40000000,blocked,3,1,3,2,0,0,0,1,0,1,1,9,-1,-1,1,1,0,1,1,0,0
slow,13,60000000,offer,2,1,2,2,0,0,0,1,0,1,1,3,-1,-1,1,1,0,1,1,0,0
slow,14,60000000,blocked,2,1,2,2,0,0,0,1,0,1,1,3,-1,-1,1,1,0,1,1,0,0
slow,15,60000000,offer,3,1,3,2,0,0,0,1,0,1,1,9,-1,-1,1,1,0,1,1,0,0
slow,16,60000000,blocked,3,1,3,2,0,0,0,1,0,1,1,9,-1,-1,1,1,0,1,1,0,0
slow,17,80000000,offer,2,1,2,2,0,0,0,1,0,1,1,3,-1,-1,1,1,0,1,1,0,0
slow,18,80000000,blocked,2,1,2,2,0,0,0,1,0,1,1,3,-1,-1,1,1,0,1,1,0,0
slow,19,80000000,offer,3,1,3,2,0,0,0,1,0,1,1,9,-1,-1,1,1,0,1,1,0,0
slow,20,80000000,blocked,3,1,3,2,0,0,0,1,0,1,1,9,-1,-1,1,1,0,1,1,0,0
slow,21,100000000,offer,2,1,2,2,0,0,0,1,0,1,1,3,-1,-1,1,1,0,1,1,0,0
slow,22,100000000,blocked,2,1,2,2,0,0,0,1,0,1,1,3,-1,-1,1,1,0,1,1,0,0
slow,23,100000000,offer,3,1,3,2,0,0,0,1,0,1,1,9,-1,-1,1,1,0,1,1,0,0
slow,24,100000000,blocked,3,1,3,2,0,0,0,1,0,1,1,9,-1,-1,1,1,0,1,1,0,0
slow,25,120000000,offer,2,1,2,2,0,0,0,1,0,1,1,3,-1,-1,1,1,0,1,1,0,0
slow,26,120000000,blocked,2,1,2,2,0,0,0,1,0,1,1,3,-1,-1,1,1,0,1,1,0,0
slow,27,120000000,offer,3,1,3,2,0,0,0,1,0,1,1,9,-1,-1,1,1,0,1,1,0,0
slow,28,120000000,blocked,3,1,3,2,0,0,0,1,0,1,1,9,-1,-1,1,1,0,1,1,0,0
slow,29,140000000,offer,2,1,2,2,0,0,0,1,0,1,1,3,-1,-1,1,1,0,1,1,0,0
slow,30,140000000,blocked,2,1,2,2,0,0,0,1,0,1,1,3,-1,-1,1,1,0,1,1,0,0
slow,31,140000000,offer,3,1,3,2,0,0,0,1,0,1,1,9,-1,-1,1,1,0,1,1,0,0
slow,32,140000000,blocked,3,1,3,2,0,0,0,1,0,1,1,9,-1,-1,1,1,0,1,1,0,0
slow,33,160000000,offer,2,1,2,2,0,0,0,1,0,1,1,3,-1,-1,1,1,0,1,1,0,0
slow,34,160000000,blocked,2,1,2,2,0,0,0,1,0,1,1,3,-1,-1,1,1,0,1,1,0,0
slow,35,160000000,offer,3,1,3,2,0,0,0,1,0,1,1,9,-1,-1,1,1,0,1,1,0,0
slow,36,160000000,blocked,3,1,3,2,0,0,0,1,0,1,1,9,-1,-1,1,1,0,1,1,0,0
slow,37,180000000,offer,2,1,2,2,0,0,0,1,0,1,1,3,-1,-1,1,1,0,1,1,0,0
slow,38,180000000,blocked,2,1,2,2,0,0,0,1,0,1,1,3,-1,-1,1,1,0,1,1,0,0
slow,39,180000000,offer,3,1,3,2,0,0,0,1,0,1,1,9,-1,-1,1,1,0,1,1,0,0
slow,40,180000000,blocked,3,1,3,2,0,0,0,1,0,1,1,9,-1,-1,1,1,0,1,1,0,0
slow,41,200000000,offer,2,1,2,2,0,0,0,1,0,1,1,3,-1,-1,1,1,0,1,1,0,0
slow,42,200000000,blocked,2,1,2,2,0,0,0,1,0,1,1,3,-1,-1,1,1,0,1,1,0,0
slow,43,200000000,offer,3,1,3,2,0,0,0,1,0,1,1,9,-1,-1,1,1,0,1,1,0,0
slow,44,200000000,blocked,3,1,3,2,0,0,0,1,0,1,1,9,-1,-1,1,1,0,1,1,0,0
slow,45,220000000,offer,2,1,2,2,0,0,0,1,0,1,1,3,-1,-1,1,1,0,1,1,0,0
slow,46,220000000,blocked,2,1,2,2,0,0,0,1,0,1,1,3,-1,-1,1,1,0,1,1,0,0
slow,47,220000000,offer,3,1,3,2,0,0,0,1,0,1,1,9,-1,-1,1,1,0,1,1,0,0
slow,48,220000000,blocked,3,1,3,2,0,0,0,1,0,1,1,9,-1,-1,1,1,0,1,1,0,0
slow,49,240000000,offer,2,1,2,2,0,0,0,1,0,1,1,3,-1,-1,1,1,0,1,1,0,0
slow,50,240000000,blocked,2,1,2,2,0,0,0,1,0,1,1,3,-1,-1,1,1,0,1,1,0,0
slow,51,240000000,offer,3,1,3,2,0,0,0,1,0,1,1,9,-1,-1,1,1,0,1,1,0,0
slow,52,240000000,blocked,3,1,3,2,0,0,0,1,0,1,1,9,-1,-1,1,1,0,1,1,0,0
slow,53,260000000,offer,2,1,2,2,0,0,0,1,0,1,1,3,-1,-1,1,1,0,1,1,0,0
slow,54,260000000,blocked,2,1,2,2,0,0,0,1,0,1,1,3,-1,-1,1,1,0,1,1,0,0
slow,55,260000000,offer,3,1,3,2,0,0,0,1,0,1,1,9,-1,-1,1,1,0,1,1,0,0
slow,56,260000000,blocked,3,1,3,2,0,0,0,1,0,1,1,9,-1,-1,1,1,0,1,1,0,0
slow,57,280000000,offer,2,1,2,2,0,0,0,1,0,1,1,3,-1,-1,1,1,0,1,1,0,0
slow,58,280000000,blocked,2,1,2,2,0,0,0,1,0,1,1,3,-1,-1,1,1,0,1,1,0,0
slow,59,280000000,offer,3,1,3,2,0,0,0,1,0,1,1,9,-1,-1,1,1,0,1,1,0,0
slow,60,280000000,blocked,3,1,3,2,0,0,0,1,0,1,1,9,-1,-1,1,1,0,1,1,0,0
slow,61,300000000,offer,2,1,2,2,0,0,0,1,0,1,1,3,-1,-1,1,1,0,1,1,0,0
slow,62,300000000,blocked,2,1,2,2,0,0,0,1,0,1,1,3,-1,-1,1,1,0,1,1,0,0
slow,63,300000000,offer,3,1,3,2,0,0,0,1,0,1,1,9,-1,-1,1,1,0,1,1,0,0
slow,64,300000000,blocked,3,1,3,2,0,0,0,1,0,1,1,9,-1,-1,1,1,0,1,1,0,0
slow,65,320000000,offer,2,1,2,2,0,0,0,1,0,1,1,2,-1,-1,1,1,0,1,1,0,0
slow,66,320000000,blocked,2,1,2,2,0,0,0,1,0,1,1,2,-1,-1,1,1,0,1,1,0,0
slow,67,320000000,offer,3,1,3,2,0,0,0,1,0,1,1,8,-1,-1,1,1,0,1,1,0,0
slow,68,320000000,blocked,3,1,3,2,0,0,0,1,0,1,1,8,-1,-1,1,1,0,1,1,0,0
slow,69,340000000,offer,2,1,2,2,0,0,0,1,0,1,1,0,-1,-1,1,1,0,1,1,0,0
slow,70,340000000,blocked,2,1,2,2,0,0,0,1,0,1,1,0,-1,-1,1,1,0,1,1,0,0
slow,71,340000000,offer,3,1,3,2,0,0,0,1,0,1,1,6,-1,-1,1,1,0,1,1,0,0
slow,72,340000000,blocked,3,1,3,2,0,0,0,1,0,1,1,6,-1,-1,1,1,0,1,1,0,0
slow,73,351000000,tx_start,2,1,2,1,1,0,0,3,0,1,0,7,3,7,1,1,0,1,1,128,33
slow,74,360000000,offer,2,1,2,2,0,0,0,3,0,0,0,7,3,7,1,1,0,1,1,0,0
slow,75,360000000,blocked,2,1,2,2,0,0,0,3,0,0,0,7,3,7,1,1,0,1,1,0,0
slow,76,360000000,offer,3,1,3,2,0,0,0,1,0,1,1,5,-1,-1,1,1,0,1,1,0,0
slow,77,360000000,blocked,3,1,3,2,0,0,0,1,0,1,1,5,-1,-1,1,1,0,1,1,0,0
slow,78,373501000,ingress_before,1,2,2,1,1,0,0,1,0,0,0,-1,-1,-1,0,0,0,0,0,128,33
slow,79,373501000,ingress_after,1,2,2,1,1,0,0,1,1,0,0,-1,-1,-1,0,0,0,0,0,128,33
slow,80,380000000,offer,2,1,2,2,0,0,0,1,0,0,0,6,3,7,1,1,0,1,1,0,0
slow,81,380000000,blocked,2,1,2,2,0,0,0,1,0,0,0,6,3,7,1,1,0,1,1,0,0
slow,82,380000000,offer,3,1,3,2,0,0,0,1,0,1,1,3,-1,-1,1,1,0,1,1,0,0
slow,83,380000000,blocked,3,1,3,2,0,0,0,1,0,1,1,3,-1,-1,1,1,0,1,1,0,0
slow,84,400000000,offer,2,1,2,2,0,0,0,1,0,0,0,5,3,7,1,1,0,1,1,0,0
slow,85,400000000,blocked,2,1,2,2,0,0,0,1,0,0,0,5,3,7,1,1,0,1,1,0,0
slow,86,400000000,offer,3,1,3,2,0,0,0,1,0,1,1,2,-1,-1,1,1,0,1,1,0,0
slow,87,400000000,blocked,3,1,3,2,0,0,0,1,0,1,1,2,-1,-1,1,1,0,1,1,0,0
slow,88,420000000,offer,2,1,2,2,0,0,0,1,0,0,0,3,3,7,1,1,0,1,1,0,0
slow,89,420000000,blocked,2,1,2,2,0,0,0,1,0,0,0,3,3,7,1,1,0,1,1,0,0
slow,90,420000000,offer,3,1,3,2,0,0,0,1,0,1,1,0,-1,-1,1,1,0,1,1,0,0
slow,91,420000000,blocked,3,1,3,2,0,0,0,1,0,1,1,0,-1,-1,1,1,0,1,1,0,0
slow,92,429000000,tx_start,3,1,3,1,1,0,0,3,0,1,0,1,9,1,1,1,0,1,1,128,33
slow,93,440000000,offer,2,1,2,2,0,0,0,1,0,0,0,2,3,7,1,1,0,1,1,0,0
slow,94,440000000,blocked,2,1,2,2,0,0,0,1,0,0,0,2,3,7,1,1,0,1,1,0,0
slow,95,440000000,offer,3,1,3,2,0,0,0,3,0,0,0,1,9,1,1,1,0,1,1,0,0
slow,96,440000000,blocked,3,1,3,2,0,0,0,3,0,0,0,1,9,1,1,1,0,1,1,0,0
slow,97,451501000,ingress_before,1,3,3,1,1,0,0,1,1,0,1,28,-1,-1,0,0,0,0,0,128,33
slow,98,451501000,ingress_after,1,3,3,1,1,0,0,1,2,0,1,28,-1,-1,0,0,0,0,0,128,33
slow,99,460000000,offer,2,1,2,2,0,0,0,1,0,0,0,0,3,7,1,1,0,1,1,0,0
slow,100,460000000,blocked,2,1,2,2,0,0,0,1,0,0,0,0,3,7,1,1,0,1,1,0,0
slow,101,460000000,offer,3,1,3,2,0,0,0,1,0,0,0,0,9,1,1,1,0,1,1,0,0
slow,102,460000000,blocked,3,1,3,2,0,0,0,1,0,0,0,0,9,1,1,1,0,1,1,0,0
slow,103,480000000,offer,2,1,2,2,0,0,0,1,0,0,0,-1,3,7,1,1,0,1,1,0,0
slow,104,480000000,blocked,2,1,2,2,0,0,0,1,0,0,0,-1,3,7,1,1,0,1,1,0,0
slow,105,480000000,offer,3,1,3,2,0,0,0,1,0,0,0,-1,9,1,1,1,0,1,1,0,0
slow,106,480000000,blocked,3,1,3,2,0,0,0,1,0,0,0,-1,9,1,1,1,0,1,1,0,0
slow,107,500000000,offer,2,1,2,2,0,0,0,1,0,0,0,-1,3,7,1,1,0,1,1,0,0
slow,108,500000000,blocked,2,1,2,2,0,0,0,1,0,0,0,-1,3,7,1,1,0,1,1,0,0
slow,109,500000000,offer,3,1,3,2,0,0,0,1,0,0,0,-1,9,1,1,1,0,1,1,0,0
slow,110,500000000,blocked,3,1,3,2,0,0,0,1,0,0,0,-1,9,1,1,1,0,1,1,0,0
slow,111,520000000,offer,2,1,2,2,0,0,0,1,0,0,0,-1,3,7,1,1,0,1,1,0,0
slow,112,520000000,blocked,2,1,2,2,0,0,0,1,0,0,0,-1,3,7,1,1,0,1,1,0,0
slow,113,520000000,offer,3,1,3,2,0,0,0,1,0,0,0,-1,9,1,1,1,0,1,1,0,0
slow,114,520000000,blocked,3,1,3,2,0,0,0,1,0,0,0,-1,9,1,1,1,0,1,1,0,0
slow,115,540000000,offer,2,1,2,2,0,0,0,1,0,0,0,-1,3,7,1,1,0,1,1,0,0
slow,116,540000000,blocked,2,1,2,2,0,0,0,1,0,0,0,-1,3,7,1,1,0,1,1,0,0
slow,117,540000000,offer,3,1,3,2,0,0,0,1,0,0,0,-1,9,1,1,1,0,1,1,0,0
slow,118,540000000,blocked,3,1,3,2,0,0,0,1,0,0,0,-1,9,1,1,1,0,1,1,0,0
slow,119,560000000,offer,2,1,2,2,0,0,0,1,0,0,0,-1,3,7,1,1,0,1,1,0,0
slow,120,560000000,blocked,2,1,2,2,0,0,0,1,0,0,0,-1,3,7,1,1,0,1,1,0,0
slow,121,560000000,offer,3,1,3,2,0,0,0,1,0,0,0,-1,9,1,1,1,0,1,1,0,0
slow,122,560000000,blocked,3,1,3,2,0,0,0,1,0,0,0,-1,9,1,1,1,0,1,1,0,0
slow,123,580000000,offer,2,1,2,2,0,0,0,1,0,0,0,-1,3,7,1,1,0,1,1,0,0
slow,124,580000000,blocked,2,1,2,2,0,0,0,1,0,0,0,-1,3,7,1,1,0,1,1,0,0
slow,125,580000000,offer,3,1,3,2,0,0,0,1,0,0,0,-1,9,1,1,1,0,1,1,0,0
slow,126,580000000,blocked,3,1,3,2,0,0,0,1,0,0,0,-1,9,1,1,1,0,1,1,0,0
slow,127,600000000,offer,2,1,2,2,0,0,0,1,0,0,0,-1,3,7,1,1,0,1,1,0,0
slow,128,600000000,blocked,2,1,2,2,0,0,0,1,0,0,0,-1,3,7,1,1,0,1,1,0,0
slow,129,600000000,offer,3,1,3,2,0,0,0,1,0,0,0,-1,9,1,1,1,0,1,1,0,0
slow,130,600000000,blocked,3,1,3,2,0,0,0,1,0,0,0,-1,9,1,1,1,0,1,1,0,0
slow,131,620000000,offer,2,1,2,2,0,0,0,1,0,0,0,-1,3,7,1,1,0,1,1,0,0
slow,132,620000000,blocked,2,1,2,2,0,0,0,1,0,0,0,-1,3,7,1,1,0,1,1,0,0
slow,133,620000000,offer,3,1,3,2,0,0,0,1,0,0,0,-1,9,1,1,1,0,1,1,0,0
slow,134,620000000,blocked,3,1,3,2,0,0,0,1,0,0,0,-1,9,1,1,1,0,1,1,0,0
slow,135,640000000,offer,2,1,2,2,0,0,0,1,0,0,0,-1,3,7,1,1,0,1,1,0,0
slow,136,640000000,blocked,2,1,2,2,0,0,0,1,0,0,0,-1,3,7,1,1,0,1,1,0,0
slow,137,640000000,offer,3,1,3,2,0,0,0,1,0,0,0,-1,9,1,1,1,0,1,1,0,0
slow,138,640000000,blocked,3,1,3,2,0,0,0,1,0,0,0,-1,9,1,1,1,0,1,1,0,0
slow,139,660000000,offer,2,1,2,2,0,0,0,1,0,0,0,-1,3,7,1,1,0,1,1,0,0
slow,140,660000000,blocked,2,1,2,2,0,0,0,1,0,0,0,-1,3,7,1,1,0,1,1,0,0
slow,141,660000000,offer,3,1,3,2,0,0,0,1,0,0,0,-1,9,1,1,1,0,1,1,0,0
slow,142,660000000,blocked,3,1,3,2,0,0,0,1,0,0,0,-1,9,1,1,1,0,1,1,0,0
slow,143,680000000,offer,2,1,2,2,0,0,0,1,0,0,0,-1,3,7,1,1,0,1,1,0,0
slow,144,680000000,blocked,2,1,2,2,0,0,0,1,0,0,0,-1,3,7,1,1,0,1,1,0,0
slow,145,680000000,offer,3,1,3,2,0,0,0,1,0,0,0,-1,9,1,1,1,0,1,1,0,0
slow,146,680000000,blocked,3,1,3,2,0,0,0,1,0,0,0,-1,9,1,1,1,0,1,1,0,0
slow,147,700000000,offer,2,1,2,2,0,0,0,1,0,0,0,-1,3,7,1,1,0,1,1,0,0
slow,148,700000000,blocked,2,1,2,2,0,0,0,1,0,0,0,-1,3,7,1,1,0,1,1,0,0
slow,149,700000000,offer,3,1,3,2,0,0,0,1,0,0,0,-1,9,1,1,1,0,1,1,0,0
slow,150,700000000,blocked,3,1,3,2,0,0,0,1,0,0,0,-1,9,1,1,1,0,1,1,0,0
slow,151,720000000,offer,2,1,2,2,0,0,0,1,0,0,0,-1,3,7,1,1,0,1,1,0,0
slow,152,720000000,blocked,2,1,2,2,0,0,0,1,0,0,0,-1,3,7,1,1,0,1,1,0,0
slow,153,720000000,offer,3,1,3,2,0,0,0,1,0,0,0,-1,9,1,1,1,0,1,1,0,0
slow,154,720000000,blocked,3,1,3,2,0,0,0,1,0,0,0,-1,9,1,1,1,0,1,1,0,0
slow,155,740000000,offer,2,1,2,2,0,0,0,1,0,0,0,-1,3,7,1,1,0,1,1,0,0
slow,156,740000000,blocked,2,1,2,2,0,0,0,1,0,0,0,-1,3,7,1,1,0,1,1,0,0
slow,157,740000000,offer,3,1,3,2,0,0,0,1,0,0,0,-1,9,1,1,1,0,1,1,0,0
slow,158,740000000,blocked,3,1,3,2,0,0,0,1,0,0,0,-1,9,1,1,1,0,1,1,0,0
slow,159,760000000,offer,2,1,2,2,0,0,0,1,0,0,0,-1,3,7,1,1,0,1,1,0,0
slow,160,760000000,blocked,2,1,2,2,0,0,0,1,0,0,0,-1,3,7,1,1,0,1,1,0,0
slow,161,760000000,offer,3,1,3,2,0,0,0,1,0,0,0,-1,9,1,1,1,0,1,1,0,0
slow,162,760000000,blocked,3,1,3,2,0,0,0,1,0,0,0,-1,9,1,1,1,0,1,1,0,0
slow,163,780000000,offer,2,1,2,2,0,0,0,1,0,0,0,-1,3,7,1,1,0,1,1,0,0
slow,164,780000000,blocked,2,1,2,2,0,0,0,1,0,0,0,-1,3,7,1,1,0,1,1,0,0
slow,165,780000000,offer,3,1,3,2,0,0,0,1,0,0,0,-1,9,1,1,1,0,1,1,0,0
slow,166,780000000,blocked,3,1,3,2,0,0,0,1,0,0,0,-1,9,1,1,1,0,1,1,0,0
slow,167,800000000,offer,2,1,2,2,0,0,0,1,0,0,0,-1,3,7,1,1,0,1,1,0,0
slow,168,800000000,blocked,2,1,2,2,0,0,0,1,0,0,0,-1,3,7,1,1,0,1,1,0,0
slow,169,800000000,offer,3,1,3,2,0,0,0,1,0,0,0,-1,9,1,1,1,0,1,1,0,0
slow,170,800000000,blocked,3,1,3,2,0,0,0,1,0,0,0,-1,9,1,1,1,0,1,1,0,0
slow,171,820000000,offer,2,1,2,2,0,0,0,1,0,0,0,-1,3,7,1,1,0,1,1,0,0
slow,172,820000000,blocked,2,1,2,2,0,0,0,1,0,0,0,-1,3,7,1,1,0,1,1,0,0
slow,173,820000000,offer,3,1,3,2,0,0,0,1,0,0,0,-1,9,1,1,1,0,1,1,0,0
slow,174,820000000,blocked,3,1,3,2,0,0,0,1,0,0,0,-1,9,1,1,1,0,1,1,0,0
slow,175,840000000,offer,2,1,2,2,0,0,0,1,0,0,0,-1,3,7,1,1,0,1,1,0,0
slow,176,840000000,blocked,2,1,2,2,0,0,0,1,0,0,0,-1,3,7,1,1,0,1,1,0,0
slow,177,840000000,offer,3,1,3,2,0,0,0,1,0,0,0,-1,9,1,1,1,0,1,1,0,0
slow,178,840000000,blocked,3,1,3,2,0,0,0,1,0,0,0,-1,9,1,1,1,0,1,1,0,0
slow,179,860000000,offer,2,1,2,2,0,0,0,1,0,0,0,-1,3,7,1,1,0,1,1,0,0
slow,180,860000000,blocked,2,1,2,2,0,0,0,1,0,0,0,-1,3,7,1,1,0,1,1,0,0
slow,181,860000000,offer,3,1,3,2,0,0,0,1,0,0,0,-1,9,1,1,1,0,1,1,0,0
slow,182,860000000,blocked,3,1,3,2,0,0,0,1,0,0,0,-1,9,1,1,1,0,1,1,0,0
slow,183,880000000,offer,2,1,2,2,0,0,0,1,0,0,0,-1,3,7,1,1,0,1,1,0,0
slow,184,880000000,blocked,2,1,2,2,0,0,0,1,0,0,0,-1,3,7,1,1,0,1,1,0,0
slow,185,880000000,offer,3,1,3,2,0,0,0,1,0,0,0,-1,9,1,1,1,0,1,1,0,0
slow,186,880000000,blocked,3,1,3,2,0,0,0,1,0,0,0,-1,9,1,1,1,0,1,1,0,0
slow,187,900000000,offer,2,1,2,2,0,0,0,1,0,0,0,-1,3,7,1,1,0,1,1,0,0
slow,188,900000000,blocked,2,1,2,2,0,0,0,1,0,0,0,-1,3,7,1,1,0,1,1,0,0
slow,189,900000000,offer,3,1,3,2,0,0,0,1,0,0,0,-1,9,1,1,1,0,1,1,0,0
slow,190,900000000,blocked,3,1,3,2,0,0,0,1,0,0,0,-1,9,1,1,1,0,1,1,0,0
slow,191,920000000,offer,2,1,2,2,0,0,0,1,0,0,0,-1,3,7,1,1,0,1,1,0,0
slow,192,920000000,blocked,2,1,2,2,0,0,0,1,0,0,0,-1,3,7,1,1,0,1,1,0,0
slow,193,920000000,offer,3,1,3,2,0,0,0,1,0,0,0,-1,9,1,1,1,0,1,1,0,0
slow,194,920000000,blocked,3,1,3,2,0,0,0,1,0,0,0,-1,9,1,1,1,0,1,1,0,0
slow,195,940000000,offer,2,1,2,2,0,0,0,1,0,0,0,-1,3,7,1,1,0,1,1,0,0
slow,196,940000000,blocked,2,1,2,2,0,0,0,1,0,0,0,-1,3,7,1,1,0,1,1,0,0
slow,197,940000000,offer,3,1,3,2,0,0,0,1,0,0,0,-1,9,1,1,1,0,1,1,0,0
slow,198,940000000,blocked,3,1,3,2,0,0,0,1,0,0,0,-1,9,1,1,1,0,1,1,0,0
slow,199,960000000,offer,2,1,2,2,0,0,0,1,0,0,0,-1,3,7,1,1,0,1,1,0,0
slow,200,960000000,blocked,2,1,2,2,0,0,0,1,0,0,0,-1,3,7,1,1,0,1,1,0,0
slow,201,960000000,offer,3,1,3,2,0,0,0,1,0,0,0,-1,9,1,1,1,0,1,1,0,0
slow,202,960000000,blocked,3,1,3,2,0,0,0,1,0,0,0,-1,9,1,1,1,0,1,1,0,0
slow,203,980000000,offer,2,1,2,2,0,0,0,1,0,0,0,-1,3,7,1,1,0,1,1,0,0
slow,204,980000000,blocked,2,1,2,2,0,0,0,1,0,0,0,-1,3,7,1,1,0,1,1,0,0
slow,205,980000000,offer,3,1,3,2,0,0,0,1,0,0,0,-1,9,1,1,1,0,1,1,0,0
slow,206,980000000,blocked,3,1,3,2,0,0,0,1,0,0,0,-1,9,1,1,1,0,1,1,0,0
slow,207,1000000000,offer,2,1,2,2,0,0,0,1,0,0,0,-1,3,7,1,1,0,1,1,0,0
slow,208,1000000000,blocked,2,1,2,2,0,0,0,1,0,0,0,-1,3,7,1,1,0,1,1,0,0
slow,209,1000000000,offer,3,1,3,2,0,0,0,1,0,0,0,-1,9,1,1,1,0,1,1,0,0
slow,210,1000000000,blocked,3,1,3,2,0,0,0,1,0,0,0,-1,9,1,1,1,0,1,1,0,0
slow,211,1020000000,offer,2,1,2,2,0,0,0,1,0,0,0,-1,3,7,1,1,0,1,1,0,0
slow,212,1020000000,blocked,2,1,2,2,0,0,0,1,0,0,0,-1,3,7,1,1,0,1,1,0,0
slow,213,1020000000,offer,3,1,3,2,0,0,0,1,0,0,0,-1,9,1,1,1,0,1,1,0,0
slow,214,1020000000,blocked,3,1,3,2,0,0,0,1,0,0,0,-1,9,1,1,1,0,1,1,0,0
slow,215,1040000000,offer,2,1,2,2,0,0,0,1,0,0,0,-1,3,7,1,1,0,1,1,0,0
slow,216,1040000000,blocked,2,1,2,2,0,0,0,1,0,0,0,-1,3,7,1,1,0,1,1,0,0
slow,217,1040000000,offer,3,1,3,2,0,0,0,1,0,0,0,-1,9,1,1,1,0,1,1,0,0
slow,218,1040000000,blocked,3,1,3,2,0,0,0,1,0,0,0,-1,9,1,1,1,0,1,1,0,0
slow,219,1049501000,tx_start,1,2,0,0,1,1,0,3,2,0,0,28,28,28,0,0,0,0,0,128,33
slow,220,1049501000,tx_start,1,3,0,0,1,1,0,3,2,0,0,28,28,28,0,0,0,0,0,128,33
slow,221,1060000000,offer,2,1,2,2,0,0,0,1,0,0,0,-1,3,7,1,1,0,1,1,0,0
slow,222,1060000000,blocked,2,1,2,2,0,0,0,1,0,0,0,-1,3,7,1,1,0,1,1,0,0
slow,223,1060000000,offer,3,1,3,2,0,0,0,1,0,0,0,-1,9,1,1,1,0,1,1,0,0
slow,224,1060000000,blocked,3,1,3,2,0,0,0,1,0,0,0,-1,9,1,1,1,0,1,1,0,0
slow,225,1074042000,ingress_before,2,1,0,0,1,1,0,1,0,0,0,-1,3,7,1,1,0,1,1,128,33
slow,226,1074042000,release,2,1,2,0,0,0,0,1,0,0,0,-1,3,7,0,0,0,1,1,0,0
slow,227,1074042000,ingress_after,2,1,0,0,1,1,0,1,0,0,0,-1,3,7,0,0,0,0,1,128,33
slow,228,1074042000,ingress_before,3,1,0,0,1,1,0,1,0,0,0,-1,9,1,1,1,0,1,1,128,33
slow,229,1074042000,release,3,1,3,0,0,0,0,1,0,0,0,-1,9,1,0,0,0,1,1,0,0
slow,230,1074042000,ingress_after,3,1,0,0,1,1,0,1,0,0,0,-1,9,1,0,0,0,0,1,128,33
slow,231,1074042028,wake,2,1,0,0,0,0,0,1,0,0,0,-1,3,7,0,0,0,0,1,0,0
slow,232,1074042028,offer,2,1,2,2,0,0,0,1,0,0,0,-1,3,7,0,0,0,0,1,0,0
slow,233,1074042028,admit,2,1,2,2,2,0,0,1,0,1,0,-1,3,7,1,1,0,1,2,128,33
slow,234,1074042028,wake,3,1,0,0,0,0,0,1,0,0,0,-1,9,1,0,0,0,0,1,0,0
slow,235,1074042028,offer,3,1,3,2,0,0,0,1,0,0,0,-1,9,1,0,0,0,0,1,0,0
slow,236,1074042028,admit,3,1,3,2,2,0,0,1,0,1,0,-1,9,1,1,1,0,1,2,128,33
slow,237,1080000000,offer,2,1,2,3,0,0,0,1,0,1,1,3,3,7,1,1,0,1,2,0,0
slow,238,1080000000,blocked,2,1,2,3,0,0,0,1,0,1,1,3,3,7,1,1,0,1,2,0,0
slow,239,1080000000,offer,3,1,3,3,0,0,0,1,0,1,1,9,9,1,1,1,0,1,2,0,0
slow,240,1080000000,blocked,3,1,3,3,0,0,0,1,0,1,1,9,9,1,1,1,0,1,2,0,0
slow,241,1100000000,offer,2,1,2,3,0,0,0,1,0,1,1,2,3,7,1,1,0,1,2,0,0
slow,242,1100000000,blocked,2,1,2,3,0,0,0,1,0,1,1,2,3,7,1,1,0,1,2,0,0
slow,243,1100000000,offer,3,1,3,3,0,0,0,1,0,1,1,8,9,1,1,1,0,1,2,0,0
slow,244,1100000000,blocked,3,1,3,3,0,0,0,1,0,1,1,8,9,1,1,1,0,1,2,0,0
slow,245,1120000000,offer,2,1,2,3,0,0,0,1,0,1,1,0,3,7,1,1,0,1,2,0,0
slow,246,1120000000,blocked,2,1,2,3,0,0,0,1,0,1,1,0,3,7,1,1,0,1,2,0,0
slow,247,1120000000,offer,3,1,3,3,0,0,0,1,0,1,1,6,9,1,1,1,0,1,2,0,0
slow,248,1120000000,blocked,3,1,3,3,0,0,0,1,0,1,1,6,9,1,1,1,0,1,2,0,0
slow,249,1131000000,tx_start,2,1,2,2,2,0,0,3,0,1,0,7,3,7,1,1,0,1,2,128,33
slow,250,1140000000,offer,2,1,2,3,0,0,0,3,0,0,0,7,3,7,1,1,0,1,2,0,0
slow,251,1140000000,blocked,2,1,2,3,0,0,0,3,0,0,0,7,3,7,1,1,0,1,2,0,0
slow,252,1140000000,offer,3,1,3,3,0,0,0,1,0,1,1,5,9,1,1,1,0,1,2,0,0
slow,253,1140000000,blocked,3,1,3,3,0,0,0,1,0,1,1,5,9,1,1,1,0,1,2,0,0
slow,254,1153501000,ingress_before,1,2,2,2,2,0,0,1,2,0,1,22,28,28,0,0,0,0,0,128,33
slow,255,1153501000,ingress_after,1,2,2,2,2,0,0,1,2,0,1,22,28,28,0,0,0,0,0,128,33
slow,256,1160000000,offer,2,1,2,3,0,0,0,1,0,0,0,6,3,7,1,1,0,1,2,0,0
slow,257,1160000000,blocked,2,1,2,3,0,0,0,1,0,0,0,6,3,7,1,1,0,1,2,0,0
slow,258,1160000000,offer,3,1,3,3,0,0,0,1,0,1,1,3,9,1,1,1,0,1,2,0,0
slow,259,1160000000,blocked,3,1,3,3,0,0,0,1,0,1,1,3,9,1,1,1,0,1,2,0,0
slow,260,1180000000,offer,2,1,2,3,0,0,0,1,0,0,0,5,3,7,1,1,0,1,2,0,0
slow,261,1180000000,blocked,2,1,2,3,0,0,0,1,0,0,0,5,3,7,1,1,0,1,2,0,0
slow,262,1180000000,offer,3,1,3,3,0,0,0,1,0,1,1,2,9,1,1,1,0,1,2,0,0
slow,263,1180000000,blocked,3,1,3,3,0,0,0,1,0,1,1,2,9,1,1,1,0,1,2,0,0
slow,264,1200000000,offer,2,1,2,3,0,0,0,1,0,0,0,3,3,7,1,1,0,1,2,0,0
slow,265,1200000000,blocked,2,1,2,3,0,0,0,1,0,0,0,3,3,7,1,1,0,1,2,0,0
slow,266,1200000000,offer,3,1,3,3,0,0,0,1,0,1,1,0,9,1,1,1,0,1,2,0,0
slow,267,1200000000,blocked,3,1,3,3,0,0,0,1,0,1,1,0,9,1,1,1,0,1,2,0,0
slow,268,1209000000,tx_start,3,1,3,2,2,0,0,3,0,1,0,1,9,1,1,1,0,1,2,128,33
slow,269,1220000000,offer,2,1,2,3,0,0,0,1,0,0,0,2,3,7,1,1,0,1,2,0,0
slow,270,1220000000,blocked,2,1,2,3,0,0,0,1,0,0,0,2,3,7,1,1,0,1,2,0,0
slow,271,1220000000,offer,3,1,3,3,0,0,0,3,0,0,0,1,9,1,1,1,0,1,2,0,0
slow,272,1220000000,blocked,3,1,3,3,0,0,0,3,0,0,0,1,9,1,1,1,0,1,2,0,0
slow,273,1231501000,ingress_before,1,3,3,2,2,0,0,1,2,0,1,16,28,28,0,0,0,0,0,128,33
slow,274,1231501000,ingress_after,1,3,3,2,2,0,0,1,2,0,1,16,28,28,0,0,0,0,0,128,33
slow,275,1240000000,offer,2,1,2,3,0,0,0,1,0,0,0,0,3,7,1,1,0,1,2,0,0
slow,276,1240000000,blocked,2,1,2,3,0,0,0,1,0,0,0,0,3,7,1,1,0,1,2,0,0
slow,277,1240000000,offer,3,1,3,3,0,0,0,1,0,0,0,0,9,1,1,1,0,1,2,0,0
slow,278,1240000000,blocked,3,1,3,3,0,0,0,1,0,0,0,0,9,1,1,1,0,1,2,0,0
slow,279,1260000000,offer,2,1,2,3,0,0,0,1,0,0,0,-1,3,7,1,1,0,1,2,0,0
slow,280,1260000000,blocked,2,1,2,3,0,0,0,1,0,0,0,-1,3,7,1,1,0,1,2,0,0
slow,281,1260000000,offer,3,1,3,3,0,0,0,1,0,0,0,-1,9,1,1,1,0,1,2,0,0
slow,282,1260000000,blocked,3,1,3,3,0,0,0,1,0,0,0,-1,9,1,1,1,0,1,2,0,0
slow,283,1280000000,offer,2,1,2,3,0,0,0,1,0,0,0,-1,3,7,1,1,0,1,2,0,0
slow,284,1280000000,blocked,2,1,2,3,0,0,0,1,0,0,0,-1,3,7,1,1,0,1,2,0,0
slow,285,1280000000,offer,3,1,3,3,0,0,0,1,0,0,0,-1,9,1,1,1,0,1,2,0,0
slow,286,1280000000,blocked,3,1,3,3,0,0,0,1,0,0,0,-1,9,1,1,1,0,1,2,0,0
slow,287,1300000000,offer,2,1,2,3,0,0,0,1,0,0,0,-1,3,7,1,1,0,1,2,0,0
slow,288,1300000000,blocked,2,1,2,3,0,0,0,1,0,0,0,-1,3,7,1,1,0,1,2,0,0
slow,289,1300000000,offer,3,1,3,3,0,0,0,1,0,0,0,-1,9,1,1,1,0,1,2,0,0
slow,290,1300000000,blocked,3,1,3,3,0,0,0,1,0,0,0,-1,9,1,1,1,0,1,2,0,0
slow,291,1320000000,offer,2,1,2,3,0,0,0,1,0,0,0,-1,3,7,1,1,0,1,2,0,0
slow,292,1320000000,blocked,2,1,2,3,0,0,0,1,0,0,0,-1,3,7,1,1,0,1,2,0,0
slow,293,1320000000,offer,3,1,3,3,0,0,0,1,0,0,0,-1,9,1,1,1,0,1,2,0,0
slow,294,1320000000,blocked,3,1,3,3,0,0,0,1,0,0,0,-1,9,1,1,1,0,1,2,0,0
slow,295,1340000000,offer,2,1,2,3,0,0,0,1,0,0,0,-1,3,7,1,1,0,1,2,0,0
slow,296,1340000000,blocked,2,1,2,3,0,0,0,1,0,0,0,-1,3,7,1,1,0,1,2,0,0
slow,297,1340000000,offer,3,1,3,3,0,0,0,1,0,0,0,-1,9,1,1,1,0,1,2,0,0
slow,298,1340000000,blocked,3,1,3,3,0,0,0,1,0,0,0,-1,9,1,1,1,0,1,2,0,0
slow,299,1360000000,offer,2,1,2,3,0,0,0,1,0,0,0,-1,3,7,1,1,0,1,2,0,0
slow,300,1360000000,blocked,2,1,2,3,0,0,0,1,0,0,0,-1,3,7,1,1,0,1,2,0,0
slow,301,1360000000,offer,3,1,3,3,0,0,0,1,0,0,0,-1,9,1,1,1,0,1,2,0,0
slow,302,1360000000,blocked,3,1,3,3,0,0,0,1,0,0,0,-1,9,1,1,1,0,1,2,0,0
slow,303,1380000000,offer,2,1,2,3,0,0,0,1,0,0,0,-1,3,7,1,1,0,1,2,0,0
slow,304,1380000000,blocked,2,1,2,3,0,0,0,1,0,0,0,-1,3,7,1,1,0,1,2,0,0
slow,305,1380000000,offer,3,1,3,3,0,0,0,1,0,0,0,-1,9,1,1,1,0,1,2,0,0
slow,306,1380000000,blocked,3,1,3,3,0,0,0,1,0,0,0,-1,9,1,1,1,0,1,2,0,0
slow,307,1400000000,offer,2,1,2,3,0,0,0,1,0,0,0,-1,3,7,1,1,0,1,2,0,0
slow,308,1400000000,blocked,2,1,2,3,0,0,0,1,0,0,0,-1,3,7,1,1,0,1,2,0,0
slow,309,1400000000,offer,3,1,3,3,0,0,0,1,0,0,0,-1,9,1,1,1,0,1,2,0,0
slow,310,1400000000,blocked,3,1,3,3,0,0,0,1,0,0,0,-1,9,1,1,1,0,1,2,0,0
slow,311,1420000000,offer,2,1,2,3,0,0,0,1,0,0,0,-1,3,7,1,1,0,1,2,0,0
slow,312,1420000000,blocked,2,1,2,3,0,0,0,1,0,0,0,-1,3,7,1,1,0,1,2,0,0
slow,313,1420000000,offer,3,1,3,3,0,0,0,1,0,0,0,-1,9,1,1,1,0,1,2,0,0
slow,314,1420000000,blocked,3,1,3,3,0,0,0,1,0,0,0,-1,9,1,1,1,0,1,2,0,0
slow,315,1439501000,tx_start,1,2,0,0,2,3,0,3,2,0,0,28,28,28,0,0,0,0,0,128,33
slow,316,1439501000,tx_start,1,3,0,0,2,3,0,3,2,0,0,28,28,28,0,0,0,0,0,128,33
slow,317,1440000000,offer,2,1,2,3,0,0,0,1,0,0,0,-1,3,7,1,1,0,1,2,0,0
slow,318,1440000000,blocked,2,1,2,3,0,0,0,1,0,0,0,-1,3,7,1,1,0,1,2,0,0
slow,319,1440000000,offer,3,1,3,3,0,0,0,1,0,0,0,-1,9,1,1,1,0,1,2,0,0
slow,320,1440000000,blocked,3,1,3,3,0,0,0,1,0,0,0,-1,9,1,1,1,0,1,2,0,0
slow,321,1460000000,offer,2,1,2,3,0,0,0,1,0,0,0,-1,3,7,1,1,0,1,2,0,0
slow,322,1460000000,blocked,2,1,2,3,0,0,0,1,0,0,0,-1,3,7,1,1,0,1,2,0,0
slow,323,1460000000,offer,3,1,3,3,0,0,0,1,0,0,0,-1,9,1,1,1,0,1,2,0,0
slow,324,1460000000,blocked,3,1,3,3,0,0,0,1,0,0,0,-1,9,1,1,1,0,1,2,0,0
slow,325,1464042000,ingress_before,2,1,0,0,2,3,0,1,0,0,0,-1,3,7,1,1,0,1,2,128,33
slow,326,1464042000,release,2,1,2,0,0,0,0,1,0,0,0,-1,3,7,0,0,0,1,2,0,0
slow,327,1464042000,ingress_after,2,1,0,0,2,3,0,1,0,0,0,-1,3,7,0,0,0,0,2,128,33
slow,328,1464042000,ingress_before,3,1,0,0,2,3,0,1,0,0,0,-1,9,1,1,1,0,1,2,128,33
slow,329,1464042000,release,3,1,3,0,0,0,0,1,0,0,0,-1,9,1,0,0,0,1,2,0,0
slow,330,1464042000,ingress_after,3,1,0,0,2,3,0,1,0,0,0,-1,9,1,0,0,0,0,2,128,33
slow,331,1464042028,wake,2,1,0,0,0,0,0,1,0,0,0,-1,3,7,0,0,0,0,2,0,0
slow,332,1464042028,offer,2,1,2,3,0,0,0,1,0,0,0,-1,3,7,0,0,0,0,2,0,0
slow,333,1464042028,admit,2,1,2,3,3,0,0,1,0,1,0,-1,3,7,1,1,0,1,3,128,33
slow,334,1464042028,wake,3,1,0,0,0,0,0,1,0,0,0,-1,9,1,0,0,0,0,2,0,0
slow,335,1464042028,offer,3,1,3,3,0,0,0,1,0,0,0,-1,9,1,0,0,0,0,2,0,0
slow,336,1464042028,admit,3,1,3,3,3,0,0,1,0,1,0,-1,9,1,1,1,0,1,3,128,33
slow,337,1480000000,offer,2,1,2,4,0,0,0,1,0,1,1,3,3,7,1,1,0,1,3,0,0
slow,338,1480000000,blocked,2,1,2,4,0,0,0,1,0,1,1,3,3,7,1,1,0,1,3,0,0
slow,339,1480000000,offer,3,1,3,4,0,0,0,1,0,1,1,9,9,1,1,1,0,1,3,0,0
slow,340,1480000000,blocked,3,1,3,4,0,0,0,1,0,1,1,9,9,1,1,1,0,1,3,0,0
slow,341,1500000000,offer,2,1,2,4,0,0,0,1,0,1,1,1,3,7,1,1,0,1,3,0,0
slow,342,1500000000,blocked,2,1,2,4,0,0,0,1,0,1,1,1,3,7,1,1,0,1,3,0,0
slow,343,1500000000,offer,3,1,3,4,0,0,0,1,0,1,1,7,9,1,1,1,0,1,3,0,0
slow,344,1500000000,blocked,3,1,3,4,0,0,0,1,0,1,1,7,9,1,1,1,0,1,3,0,0
slow,345,1520000000,offer,2,1,2,4,0,0,0,1,0,1,1,0,3,7,1,1,0,1,3,0,0
slow,346,1520000000,blocked,2,1,2,4,0,0,0,1,0,1,1,0,3,7,1,1,0,1,3,0,0
slow,347,1520000000,offer,3,1,3,4,0,0,0,1,0,1,1,6,9,1,1,1,0,1,3,0,0
slow,348,1520000000,blocked,3,1,3,4,0,0,0,1,0,1,1,6,9,1,1,1,0,1,3,0,0
slow,349,1521000000,tx_start,2,1,2,3,3,0,0,3,0,1,0,7,3,7,1,1,0,1,3,128,33
slow,350,1540000000,offer,2,1,2,4,0,0,0,3,0,0,0,7,3,7,1,1,0,1,3,0,0
slow,351,1540000000,blocked,2,1,2,4,0,0,0,3,0,0,0,7,3,7,1,1,0,1,3,0,0
slow,352,1540000000,offer,3,1,3,4,0,0,0,1,0,1,1,4,9,1,1,1,0,1,3,0,0
slow,353,1540000000,blocked,3,1,3,4,0,0,0,1,0,1,1,4,9,1,1,1,0,1,3,0,0
slow,354,1543501000,ingress_before,1,2,2,3,3,0,0,1,2,0,1,22,28,28,0,0,0,0,0,128,33
slow,355,1543501000,ingress_after,1,2,2,3,3,0,0,1,2,0,1,22,28,28,0,0,0,0,0,128,33
slow,356,1560000000,offer,2,1,2,4,0,0,0,1,0,0,0,6,3,7,1,1,0,1,3,0,0
slow,357,1560000000,blocked,2,1,2,4,0,0,0,1,0,0,0,6,3,7,1,1,0,1,3,0,0
slow,358,1560000000,offer,3,1,3,4,0,0,0,1,0,1,1,3,9,1,1,1,0,1,3,0,0
slow,359,1560000000,blocked,3,1,3,4,0,0,0,1,0,1,1,3,9,1,1,1,0,1,3,0,0
slow,360,1580000000,offer,2,1,2,4,0,0,0,1,0,0,0,4,3,7,1,1,0,1,3,0,0
slow,361,1580000000,blocked,2,1,2,4,0,0,0,1,0,0,0,4,3,7,1,1,0,1,3,0,0
slow,362,1580000000,offer,3,1,3,4,0,0,0,1,0,1,1,1,9,1,1,1,0,1,3,0,0
slow,363,1580000000,blocked,3,1,3,4,0,0,0,1,0,1,1,1,9,1,1,1,0,1,3,0,0
slow,364,1599000000,tx_start,3,1,3,3,3,0,0,3,0,1,0,1,9,1,1,1,0,1,3,128,33
slow,365,1600000000,offer,2,1,2,4,0,0,0,1,0,0,0,2,3,7,1,1,0,1,3,0,0
slow,366,1600000000,blocked,2,1,2,4,0,0,0,1,0,0,0,2,3,7,1,1,0,1,3,0,0
slow,367,1600000000,offer,3,1,3,4,0,0,0,3,0,0,0,1,9,1,1,1,0,1,3,0,0
slow,368,1600000000,blocked,3,1,3,4,0,0,0,3,0,0,0,1,9,1,1,1,0,1,3,0,0
slow,369,1620000000,offer,2,1,2,4,0,0,0,1,0,0,0,1,3,7,1,1,0,1,3,0,0
slow,370,1620000000,blocked,2,1,2,4,0,0,0,1,0,0,0,1,3,7,1,1,0,1,3,0,0
slow,371,1620000000,offer,3,1,3,4,0,0,0,3,0,0,0,1,9,1,1,1,0,1,3,0,0
slow,372,1620000000,blocked,3,1,3,4,0,0,0,3,0,0,0,1,9,1,1,1,0,1,3,0,0
slow,373,1621501000,ingress_before,1,3,3,3,3,0,0,1,2,0,1,16,28,28,0,0,0,0,0,128,33
slow,374,1621501000,ingress_after,1,3,3,3,3,0,0,1,2,0,1,16,28,28,0,0,0,0,0,128,33
slow,375,1640000000,offer,2,1,2,4,0,0,0,1,0,0,0,-1,3,7,1,1,0,1,3,0,0
slow,376,1640000000,blocked,2,1,2,4,0,0,0,1,0,0,0,-1,3,7,1,1,0,1,3,0,0
slow,377,1640000000,offer,3,1,3,4,0,0,0,1,0,0,0,-1,9,1,1,1,0,1,3,0,0
slow,378,1640000000,blocked,3,1,3,4,0,0,0,1,0,0,0,-1,9,1,1,1,0,1,3,0,0
slow,379,1660000000,offer,2,1,2,4,0,0,0,1,0,0,0,-1,3,7,1,1,0,1,3,0,0
slow,380,1660000000,blocked,2,1,2,4,0,0,0,1,0,0,0,-1,3,7,1,1,0,1,3,0,0
slow,381,1660000000,offer,3,1,3,4,0,0,0,1,0,0,0,-1,9,1,1,1,0,1,3,0,0
slow,382,1660000000,blocked,3,1,3,4,0,0,0,1,0,0,0,-1,9,1,1,1,0,1,3,0,0
slow,383,1680000000,offer,2,1,2,4,0,0,0,1,0,0,0,-1,3,7,1,1,0,1,3,0,0
slow,384,1680000000,blocked,2,1,2,4,0,0,0,1,0,0,0,-1,3,7,1,1,0,1,3,0,0
slow,385,1680000000,offer,3,1,3,4,0,0,0,1,0,0,0,-1,9,1,1,1,0,1,3,0,0
slow,386,1680000000,blocked,3,1,3,4,0,0,0,1,0,0,0,-1,9,1,1,1,0,1,3,0,0
slow,387,1700000000,offer,2,1,2,4,0,0,0,1,0,0,0,-1,3,7,1,1,0,1,3,0,0
slow,388,1700000000,blocked,2,1,2,4,0,0,0,1,0,0,0,-1,3,7,1,1,0,1,3,0,0
slow,389,1700000000,offer,3,1,3,4,0,0,0,1,0,0,0,-1,9,1,1,1,0,1,3,0,0
slow,390,1700000000,blocked,3,1,3,4,0,0,0,1,0,0,0,-1,9,1,1,1,0,1,3,0,0
slow,391,1720000000,offer,2,1,2,4,0,0,0,1,0,0,0,-1,3,7,1,1,0,1,3,0,0
slow,392,1720000000,blocked,2,1,2,4,0,0,0,1,0,0,0,-1,3,7,1,1,0,1,3,0,0
slow,393,1720000000,offer,3,1,3,4,0,0,0,1,0,0,0,-1,9,1,1,1,0,1,3,0,0
slow,394,1720000000,blocked,3,1,3,4,0,0,0,1,0,0,0,-1,9,1,1,1,0,1,3,0,0
slow,395,1740000000,offer,2,1,2,4,0,0,0,1,0,0,0,-1,3,7,1,1,0,1,3,0,0
slow,396,1740000000,blocked,2,1,2,4,0,0,0,1,0,0,0,-1,3,7,1,1,0,1,3,0,0
slow,397,1740000000,offer,3,1,3,4,0,0,0,1,0,0,0,-1,9,1,1,1,0,1,3,0,0
slow,398,1740000000,blocked,3,1,3,4,0,0,0,1,0,0,0,-1,9,1,1,1,0,1,3,0,0
slow,399,1760000000,offer,2,1,2,4,0,0,0,1,0,0,0,-1,3,7,1,1,0,1,3,0,0
slow,400,1760000000,blocked,2,1,2,4,0,0,0,1,0,0,0,-1,3,7,1,1,0,1,3,0,0
slow,401,1760000000,offer,3,1,3,4,0,0,0,1,0,0,0,-1,9,1,1,1,0,1,3,0,0
slow,402,1760000000,blocked,3,1,3,4,0,0,0,1,0,0,0,-1,9,1,1,1,0,1,3,0,0
slow,403,1780000000,offer,2,1,2,4,0,0,0,1,0,0,0,-1,3,7,1,1,0,1,3,0,0
slow,404,1780000000,blocked,2,1,2,4,0,0,0,1,0,0,0,-1,3,7,1,1,0,1,3,0,0
slow,405,1780000000,offer,3,1,3,4,0,0,0,1,0,0,0,-1,9,1,1,1,0,1,3,0,0
slow,406,1780000000,blocked,3,1,3,4,0,0,0,1,0,0,0,-1,9,1,1,1,0,1,3,0,0
slow,407,1800000000,offer,2,1,2,4,0,0,0,1,0,0,0,-1,3,7,1,1,0,1,3,0,0
slow,408,1800000000,blocked,2,1,2,4,0,0,0,1,0,0,0,-1,3,7,1,1,0,1,3,0,0
slow,409,1800000000,offer,3,1,3,4,0,0,0,1,0,0,0,-1,9,1,1,1,0,1,3,0,0
slow,410,1800000000,blocked,3,1,3,4,0,0,0,1,0,0,0,-1,9,1,1,1,0,1,3,0,0
slow,411,1820000000,offer,2,1,2,4,0,0,0,1,0,0,0,-1,3,7,1,1,0,1,3,0,0
slow,412,1820000000,blocked,2,1,2,4,0,0,0,1,0,0,0,-1,3,7,1,1,0,1,3,0,0
slow,413,1820000000,offer,3,1,3,4,0,0,0,1,0,0,0,-1,9,1,1,1,0,1,3,0,0
slow,414,1820000000,blocked,3,1,3,4,0,0,0,1,0,0,0,-1,9,1,1,1,0,1,3,0,0
slow,415,1829501000,tx_start,1,2,0,0,3,7,0,3,2,0,0,28,28,28,0,0,0,0,0,128,33
slow,416,1829501000,tx_start,1,3,0,0,3,7,0,3,2,0,0,28,28,28,0,0,0,0,0,128,33
slow,417,1840000000,offer,2,1,2,4,0,0,0,1,0,0,0,-1,3,7,1,1,0,1,3,0,0
slow,418,1840000000,blocked,2,1,2,4,0,0,0,1,0,0,0,-1,3,7,1,1,0,1,3,0,0
slow,419,1840000000,offer,3,1,3,4,0,0,0,1,0,0,0,-1,9,1,1,1,0,1,3,0,0
slow,420,1840000000,blocked,3,1,3,4,0,0,0,1,0,0,0,-1,9,1,1,1,0,1,3,0,0
slow,421,1854042000,ingress_before,2,1,0,0,3,7,0,1,0,0,0,-1,3,7,1,1,0,1,3,128,33
slow,422,1854042000,release,2,1,2,0,0,0,0,1,0,0,0,-1,3,7,0,0,1,1,3,0,0
slow,423,1854042000,ingress_after,2,1,0,0,3,7,0,1,0,0,0,-1,3,7,0,0,1,0,3,128,33
slow,424,1854042000,ingress_before,3,1,0,0,3,7,0,1,0,0,0,-1,9,1,1,1,0,1,3,128,33
slow,425,1854042000,release,3,1,3,0,0,0,0,1,0,0,0,-1,9,1,0,0,1,1,3,0,0
slow,426,1854042000,ingress_after,3,1,0,0,3,7,0,1,0,0,0,-1,9,1,0,0,1,0,3,128,33
slow,427,1854042028,wake,2,1,0,0,0,0,0,1,0,0,0,-1,3,7,0,0,1,0,3,0,0
slow,428,1854042028,offer,2,1,2,4,0,0,0,1,0,0,0,-1,3,7,0,0,1,0,3,0,0
slow,429,1854042028,admit,2,1,2,4,4,0,0,1,0,1,0,-1,3,7,1,1,1,1,4,128,33
slow,430,1854042028,wake,3,1,0,0,0,0,0,1,0,0,0,-1,9,1,0,0,1,0,3,0,0
slow,431,1854042028,offer,3,1,3,4,0,0,0,1,0,0,0,-1,9,1,0,0,1,0,3,0,0
slow,432,1854042028,admit,3,1,3,4,4,0,0,1,0,1,0,-1,9,1,1,1,1,1,4,128,33
slow,433,1911000000,tx_start,2,1,2,4,4,0,0,3,0,1,0,7,3,7,1,1,1,1,4,128,33
slow,434,1933501000,ingress_before,1,2,2,4,4,0,0,1,2,0,1,22,28,28,0,0,0,0,0,128,33
slow,435,1933501000,ingress_after,1,2,2,4,4,0,0,1,2,0,1,22,28,28,0,0,0,0,0,128,33
slow,436,1989000000,tx_start,3,1,3,4,4,0,0,3,0,1,0,1,9,1,1,1,1,1,4,128,33
slow,437,2011501000,ingress_before,1,3,3,4,4,0,0,1,2,0,1,16,28,28,0,0,0,0,0,128,33
slow,438,2011501000,ingress_after,1,3,3,4,4,0,0,1,2,0,1,16,28,28,0,0,0,0,0,128,33
slow,439,2219501000,tx_start,1,2,0,0,4,15,0,3,2,0,0,28,28,28,0,0,0,0,0,128,33
slow,440,2219501000,tx_start,1,3,0,0,4,15,0,3,2,0,0,28,28,28,0,0,0,0,0,128,33
slow,441,2244042000,ingress_before,2,1,0,0,4,15,0,1,0,0,0,-1,3,7,1,1,1,1,4,128,33
slow,442,2244042000,release,2,1,2,0,0,0,0,1,0,0,0,-1,3,7,0,0,1,1,4,0,0
slow,443,2244042000,ingress_after,2,1,0,0,4,15,0,1,0,0,0,-1,3,7,0,0,1,0,4,128,33
slow,444,2244042000,ingress_before,3,1,0,0,4,15,0,1,0,0,0,-1,9,1,1,1,1,1,4,128,33
slow,445,2244042000,release,3,1,3,0,0,0,0,1,0,0,0,-1,9,1,0,0,1,1,4,0,0
slow,446,2244042000,ingress_after,3,1,0,0,4,15,0,1,0,0,0,-1,9,1,0,0,1,0,4,128,33
slow,447,2244042028,wake,2,1,0,0,0,0,0,1,0,0,0,-1,3,7,0,0,1,0,4,0,0
slow,448,2244042028,wake,3,1,0,0,0,0,0,1,0,0,0,-1,9,1,0,0,1,0,4,0,0
slow,449,2609501000,tx_start,1,2,0,0,4,15,0,3,2,0,0,28,28,28,0,0,0,0,0,128,33
slow,450,2609501000,tx_start,1,3,0,0,4,15,0,3,2,0,0,28,28,28,0,0,0,0,0,128,33
slow,451,2634042000,ingress_before,2,1,0,0,4,15,0,1,0,0,0,-1,3,7,0,0,1,0,4,128,33
slow,452,2634042000,ingress_after,2,1,0,0,4,15,0,1,0,0,0,-1,3,7,0,0,1,0,4,128,33
slow,453,2634042000,ingress_before,3,1,0,0,4,15,0,1,0,0,0,-1,9,1,0,0,1,0,4,128,33
slow,454,2634042000,ingress_after,3,1,0,0,4,15,0,1,0,0,0,-1,9,1,0,0,1,0,4,128,33
slow,455,2634042028,wake,2,1,0,0,0,0,0,1,0,0,0,-1,3,7,0,0,1,0,4,0,0
slow,456,2634042028,wake,3,1,0,0,0,0,0,1,0,0,0,-1,9,1,0,0,1,0,4,0,0
slow,457,2999501000,tx_start,1,2,0,0,4,15,0,3,2,0,0,28,28,28,0,0,0,0,0,128,33
slow,458,2999501000,tx_start,1,3,0,0,4,15,0,3,2,0,0,28,28,28,0,0,0,0,0,128,33
slow,459,3024042000,ingress_before,2,1,0,0,4,15,0,1,0,0,0,-1,3,7,0,0,1,0,4,128,33
slow,460,3024042000,ingress_after,2,1,0,0,4,15,0,1,0,0,0,-1,3,7,0,0,1,0,4,128,33
slow,461,3024042000,ingress_before,3,1,0,0,4,15,0,1,0,0,0,-1,9,1,0,0,1,0,4,128,33
slow,462,3024042000,ingress_after,3,1,0,0,4,15,0,1,0,0,0,-1,9,1,0,0,1,0,4,128,33
slow,463,3024042028,wake,2,1,0,0,0,0,0,1,0,0,0,-1,3,7,0,0,1,0,4,0,0
slow,464,3024042028,wake,3,1,0,0,0,0,0,1,0,0,0,-1,9,1,0,0,1,0,4,0,0
slow,465,3389501000,tx_start,1,2,0,0,4,15,0,3,2,0,0,28,28,28,0,0,0,0,0,128,33
slow,466,3389501000,tx_start,1,3,0,0,4,15,0,3,2,0,0,28,28,28,0,0,0,0,0,128,33
slow,467,3414042000,ingress_before,2,1,0,0,4,15,0,1,0,0,0,-1,3,7,0,0,1,0,4,128,33
slow,468,3414042000,ingress_after,2,1,0,0,4,15,0,1,0,0,0,-1,3,7,0,0,1,0,4,128,33
slow,469,3414042000,ingress_before,3,1,0,0,4,15,0,1,0,0,0,-1,9,1,0,0,1,0,4,128,33
slow,470,3414042000,ingress_after,3,1,0,0,4,15,0,1,0,0,0,-1,9,1,0,0,1,0,4,128,33
slow,471,3414042028,wake,2,1,0,0,0,0,0,1,0,0,0,-1,3,7,0,0,1,0,4,0,0
slow,472,3414042028,wake,3,1,0,0,0,0,0,1,0,0,0,-1,9,1,0,0,1,0,4,0,0
slow,473,3779501000,tx_start,1,2,0,0,4,15,0,3,2,0,0,28,28,28,0,0,0,0,0,128,33
slow,474,3779501000,tx_start,1,3,0,0,4,15,0,3,2,0,0,28,28,28,0,0,0,0,0,128,33
slow,475,3804042000,ingress_before,2,1,0,0,4,15,0,1,0,0,0,-1,3,7,0,0,1,0,4,128,33
slow,476,3804042000,ingress_after,2,1,0,0,4,15,0,1,0,0,0,-1,3,7,0,0,1,0,4,128,33
slow,477,3804042000,ingress_before,3,1,0,0,4,15,0,1,0,0,0,-1,9,1,0,0,1,0,4,128,33
slow,478,3804042000,ingress_after,3,1,0,0,4,15,0,1,0,0,0,-1,9,1,0,0,1,0,4,128,33
slow,479,3804042028,wake,2,1,0,0,0,0,0,1,0,0,0,-1,3,7,0,0,1,0,4,0,0
slow,480,3804042028,wake,3,1,0,0,0,0,0,1,0,0,0,-1,9,1,0,0,1,0,4,0,0
slow,481,8000000000,final,1,0,0,0,0,0,0,1,0,0,0,-1,28,28,0,0,0,0,0,0,0
slow,482,8000000000,final,2,1,0,0,0,0,0,1,0,0,0,-1,3,7,0,0,1,0,4,0,0
slow,483,8000000000,final,3,1,0,0,0,0,0,1,0,0,0,-1,9,1,0,0,1,0,4,0,0
track,1,0,offer,2,1,2,1,0,0,0,1,0,0,0,-1,-1,-1,0,0,0,0,0,0,0
track,2,0,admit,2,1,2,1,1,0,0,1,0,1,0,-1,-1,-1,1,1,0,1,1,128,33
track,3,0,offer,3,1,3,1,0,0,0,1,0,0,0,-1,-1,-1,0,0,0,0,0,0,0
track,4,0,admit,3,1,3,1,1,0,0,1,0,1,0,-1,-1,-1,1,1,0,1,1,128,33
track,5,20000000,offer,2,1,2,2,0,0,0,1,0,1,1,3,-1,-1,1,1,0,1,1,0,0
track,6,20000000,blocked,2,1,2,2,0,0,0,1,0,1,1,3,-1,-1,1,1,0,1,1,0,0
track,7,20000000,offer,3,1,3,2,0,0,0,1,0,1,1,9,-1,-1,1,1,0,1,1,0,0
track,8,20000000,blocked,3,1,3,2,0,0,0,1,0,1,1,9,-1,-1,1,1,0,1,1,0,0
track,9,40000000,offer,2,1,2,2,0,0,0,1,0,1,1,3,-1,-1,1,1,0,1,1,0,0
track,10,40000000,blocked,2,1,2,2,0,0,0,1,0,1,1,3,-1,-1,1,1,0,1,1,0,0
track,11,40000000,offer,3,1,3,2,0,0,0,1,0,1,1,9,-1,-1,1,1,0,1,1,0,0
track,12,40000000,blocked,3,1,3,2,0,0,0,1,0,1,1,9,-1,-1,1,1,0,1,1,0,0
track,13,60000000,offer,2,1,2,2,0,0,0,1,0,1,1,3,-1,-1,1,1,0,1,1,0,0
track,14,60000000,blocked,2,1,2,2,0,0,0,1,0,1,1,3,-1,-1,1,1,0,1,1,0,0
track,15,60000000,offer,3,1,3,2,0,0,0,1,0,1,1,9,-1,-1,1,1,0,1,1,0,0
track,16,60000000,blocked,3,1,3,2,0,0,0,1,0,1,1,9,-1,-1,1,1,0,1,1,0,0
track,17,80000000,offer,2,1,2,2,0,0,0,1,0,1,1,3,-1,-1,1,1,0,1,1,0,0
track,18,80000000,blocked,2,1,2,2,0,0,0,1,0,1,1,3,-1,-1,1,1,0,1,1,0,0
track,19,80000000,offer,3,1,3,2,0,0,0,1,0,1,1,9,-1,-1,1,1,0,1,1,0,0
track,20,80000000,blocked,3,1,3,2,0,0,0,1,0,1,1,9,-1,-1,1,1,0,1,1,0,0
track,21,100000000,offer,2,1,2,2,0,0,0,1,0,1,1,3,-1,-1,1,1,0,1,1,0,0
track,22,100000000,blocked,2,1,2,2,0,0,0,1,0,1,1,3,-1,-1,1,1,0,1,1,0,0
track,23,100000000,offer,3,1,3,2,0,0,0,1,0,1,1,9,-1,-1,1,1,0,1,1,0,0
track,24,100000000,blocked,3,1,3,2,0,0,0,1,0,1,1,9,-1,-1,1,1,0,1,1,0,0
track,25,120000000,offer,2,1,2,2,0,0,0,1,0,1,1,3,-1,-1,1,1,0,1,1,0,0
track,26,120000000,blocked,2,1,2,2,0,0,0,1,0,1,1,3,-1,-1,1,1,0,1,1,0,0
track,27,120000000,offer,3,1,3,2,0,0,0,1,0,1,1,9,-1,-1,1,1,0,1,1,0,0
track,28,120000000,blocked,3,1,3,2,0,0,0,1,0,1,1,9,-1,-1,1,1,0,1,1,0,0
track,29,140000000,offer,2,1,2,2,0,0,0,1,0,1,1,3,-1,-1,1,1,0,1,1,0,0
track,30,140000000,blocked,2,1,2,2,0,0,0,1,0,1,1,3,-1,-1,1,1,0,1,1,0,0
track,31,140000000,offer,3,1,3,2,0,0,0,1,0,1,1,9,-1,-1,1,1,0,1,1,0,0
track,32,140000000,blocked,3,1,3,2,0,0,0,1,0,1,1,9,-1,-1,1,1,0,1,1,0,0
track,33,160000000,offer,2,1,2,2,0,0,0,1,0,1,1,3,-1,-1,1,1,0,1,1,0,0
track,34,160000000,blocked,2,1,2,2,0,0,0,1,0,1,1,3,-1,-1,1,1,0,1,1,0,0
track,35,160000000,offer,3,1,3,2,0,0,0,1,0,1,1,9,-1,-1,1,1,0,1,1,0,0
track,36,160000000,blocked,3,1,3,2,0,0,0,1,0,1,1,9,-1,-1,1,1,0,1,1,0,0
track,37,180000000,offer,2,1,2,2,0,0,0,1,0,1,1,3,-1,-1,1,1,0,1,1,0,0
track,38,180000000,blocked,2,1,2,2,0,0,0,1,0,1,1,3,-1,-1,1,1,0,1,1,0,0
track,39,180000000,offer,3,1,3,2,0,0,0,1,0,1,1,9,-1,-1,1,1,0,1,1,0,0
track,40,180000000,blocked,3,1,3,2,0,0,0,1,0,1,1,9,-1,-1,1,1,0,1,1,0,0
track,41,200000000,offer,2,1,2,2,0,0,0,1,0,1,1,3,-1,-1,1,1,0,1,1,0,0
track,42,200000000,blocked,2,1,2,2,0,0,0,1,0,1,1,3,-1,-1,1,1,0,1,1,0,0
track,43,200000000,offer,3,1,3,2,0,0,0,1,0,1,1,9,-1,-1,1,1,0,1,1,0,0
track,44,200000000,blocked,3,1,3,2,0,0,0,1,0,1,1,9,-1,-1,1,1,0,1,1,0,0
track,45,220000000,offer,2,1,2,2,0,0,0,1,0,1,1,3,-1,-1,1,1,0,1,1,0,0
track,46,220000000,blocked,2,1,2,2,0,0,0,1,0,1,1,3,-1,-1,1,1,0,1,1,0,0
track,47,220000000,offer,3,1,3,2,0,0,0,1,0,1,1,9,-1,-1,1,1,0,1,1,0,0
track,48,220000000,blocked,3,1,3,2,0,0,0,1,0,1,1,9,-1,-1,1,1,0,1,1,0,0
track,49,240000000,offer,2,1,2,2,0,0,0,1,0,1,1,3,-1,-1,1,1,0,1,1,0,0
track,50,240000000,blocked,2,1,2,2,0,0,0,1,0,1,1,3,-1,-1,1,1,0,1,1,0,0
track,51,240000000,offer,3,1,3,2,0,0,0,1,0,1,1,9,-1,-1,1,1,0,1,1,0,0
track,52,240000000,blocked,3,1,3,2,0,0,0,1,0,1,1,9,-1,-1,1,1,0,1,1,0,0
track,53,250000000,busy,1,0,0,0,0,0,0,2,0,0,0,-1,-1,-1,0,0,0,0,0,0,0
track,54,260000000,offer,2,1,2,2,0,0,0,1,0,1,1,3,-1,-1,1,1,0,1,1,0,0
track,55,260000000,blocked,2,1,2,2,0,0,0,1,0,1,1,3,-1,-1,1,1,0,1,1,0,0
track,56,260000000,offer,3,1,3,2,0,0,0,1,0,1,1,9,-1,-1,1,1,0,1,1,0,0
track,57,260000000,blocked,3,1,3,2,0,0,0,1,0,1,1,9,-1,-1,1,1,0,1,1,0,0
track,58,280000000,offer,2,1,2,2,0,0,0,1,0,1,1,3,-1,-1,1,1,0,1,1,0,0
track,59,280000000,blocked,2,1,2,2,0,0,0,1,0,1,1,3,-1,-1,1,1,0,1,1,0,0
track,60,280000000,offer,3,1,3,2,0,0,0,1,0,1,1,9,-1,-1,1,1,0,1,1,0,0
track,61,280000000,blocked,3,1,3,2,0,0,0,1,0,1,1,9,-1,-1,1,1,0,1,1,0,0
track,62,300000000,offer,2,1,2,2,0,0,0,1,0,1,1,3,-1,-1,1,1,0,1,1,0,0
track,63,300000000,blocked,2,1,2,2,0,0,0,1,0,1,1,3,-1,-1,1,1,0,1,1,0,0
track,64,300000000,offer,3,1,3,2,0,0,0,1,0,1,1,9,-1,-1,1,1,0,1,1,0,0
track,65,300000000,blocked,3,1,3,2,0,0,0,1,0,1,1,9,-1,-1,1,1,0,1,1,0,0
track,66,320000000,offer,2,1,2,2,0,0,0,1,0,1,1,2,-1,-1,1,1,0,1,1,0,0
track,67,320000000,blocked,2,1,2,2,0,0,0,1,0,1,1,2,-1,-1,1,1,0,1,1,0,0
track,68,320000000,offer,3,1,3,2,0,0,0,1,0,1,1,8,-1,-1,1,1,0,1,1,0,0
track,69,320000000,blocked,3,1,3,2,0,0,0,1,0,1,1,8,-1,-1,1,1,0,1,1,0,0
track,70,340000000,offer,2,1,2,2,0,0,0,1,0,1,1,0,-1,-1,1,1,0,1,1,0,0
track,71,340000000,blocked,2,1,2,2,0,0,0,1,0,1,1,0,-1,-1,1,1,0,1,1,0,0
track,72,340000000,offer,3,1,3,2,0,0,0,1,0,1,1,6,-1,-1,1,1,0,1,1,0,0
track,73,340000000,blocked,3,1,3,2,0,0,0,1,0,1,1,6,-1,-1,1,1,0,1,1,0,0
track,74,351000000,tx_start,2,1,2,1,1,0,0,3,0,1,0,7,3,7,1,1,0,1,1,128,33
track,75,360000000,offer,2,1,2,2,0,0,0,3,0,0,0,7,3,7,1,1,0,1,1,0,0
track,76,360000000,blocked,2,1,2,2,0,0,0,3,0,0,0,7,3,7,1,1,0,1,1,0,0
track,77,360000000,offer,3,1,3,2,0,0,0,1,0,1,1,5,-1,-1,1,1,0,1,1,0,0
track,78,360000000,blocked,3,1,3,2,0,0,0,1,0,1,1,5,-1,-1,1,1,0,1,1,0,0
track,79,373501000,ingress_before,1,2,2,1,1,0,0,2,0,0,0,-1,-1,-1,0,0,0,0,0,128,33
track,80,373501000,ingress_after,1,2,2,1,1,0,0,2,1,0,0,-1,-1,-1,0,0,0,0,0,128,33
track,81,380000000,offer,2,1,2,2,0,0,0,1,0,0,0,6,3,7,1,1,0,1,1,0,0
track,82,380000000,blocked,2,1,2,2,0,0,0,1,0,0,0,6,3,7,1,1,0,1,1,0,0
track,83,380000000,offer,3,1,3,2,0,0,0,1,0,1,1,3,-1,-1,1,1,0,1,1,0,0
track,84,380000000,blocked,3,1,3,2,0,0,0,1,0,1,1,3,-1,-1,1,1,0,1,1,0,0
track,85,400000000,offer,2,1,2,2,0,0,0,1,0,0,0,5,3,7,1,1,0,1,1,0,0
track,86,400000000,blocked,2,1,2,2,0,0,0,1,0,0,0,5,3,7,1,1,0,1,1,0,0
track,87,400000000,offer,3,1,3,2,0,0,0,1,0,1,1,2,-1,-1,1,1,0,1,1,0,0
track,88,400000000,blocked,3,1,3,2,0,0,0,1,0,1,1,2,-1,-1,1,1,0,1,1,0,0
track,89,420000000,offer,2,1,2,2,0,0,0,1,0,0,0,3,3,7,1,1,0,1,1,0,0
track,90,420000000,blocked,2,1,2,2,0,0,0,1,0,0,0,3,3,7,1,1,0,1,1,0,0
track,91,420000000,offer,3,1,3,2,0,0,0,1,0,1,1,0,-1,-1,1,1,0,1,1,0,0
track,92,420000000,blocked,3,1,3,2,0,0,0,1,0,1,1,0,-1,-1,1,1,0,1,1,0,0
track,93,429000000,tx_start,3,1,3,1,1,0,0,3,0,1,0,1,9,1,1,1,0,1,1,128,33
track,94,440000000,offer,2,1,2,2,0,0,0,1,0,0,0,2,3,7,1,1,0,1,1,0,0
track,95,440000000,blocked,2,1,2,2,0,0,0,1,0,0,0,2,3,7,1,1,0,1,1,0,0
track,96,440000000,offer,3,1,3,2,0,0,0,3,0,0,0,1,9,1,1,1,0,1,1,0,0
track,97,440000000,blocked,3,1,3,2,0,0,0,3,0,0,0,1,9,1,1,1,0,1,1,0,0
track,98,451501000,ingress_before,1,3,3,1,1,0,0,2,1,0,0,-1,-1,-1,0,0,0,0,0,128,33
track,99,451501000,ingress_after,1,3,3,1,1,0,0,2,2,0,0,-1,-1,-1,0,0,0,0,0,128,33
track,100,460000000,offer,2,1,2,2,0,0,0,1,0,0,0,0,3,7,1,1,0,1,1,0,0
track,101,460000000,blocked,2,1,2,2,0,0,0,1,0,0,0,0,3,7,1,1,0,1,1,0,0
track,102,460000000,offer,3,1,3,2,0,0,0,1,0,0,0,0,9,1,1,1,0,1,1,0,0
track,103,460000000,blocked,3,1,3,2,0,0,0,1,0,0,0,0,9,1,1,1,0,1,1,0,0
track,104,480000000,offer,2,1,2,2,0,0,0,1,0,0,0,-1,3,7,1,1,0,1,1,0,0
track,105,480000000,blocked,2,1,2,2,0,0,0,1,0,0,0,-1,3,7,1,1,0,1,1,0,0
track,106,480000000,offer,3,1,3,2,0,0,0,1,0,0,0,-1,9,1,1,1,0,1,1,0,0
track,107,480000000,blocked,3,1,3,2,0,0,0,1,0,0,0,-1,9,1,1,1,0,1,1,0,0
track,108,500000000,offer,2,1,2,2,0,0,0,1,0,0,0,-1,3,7,1,1,0,1,1,0,0
track,109,500000000,blocked,2,1,2,2,0,0,0,1,0,0,0,-1,3,7,1,1,0,1,1,0,0
track,110,500000000,offer,3,1,3,2,0,0,0,1,0,0,0,-1,9,1,1,1,0,1,1,0,0
track,111,500000000,blocked,3,1,3,2,0,0,0,1,0,0,0,-1,9,1,1,1,0,1,1,0,0
track,112,520000000,offer,2,1,2,2,0,0,0,1,0,0,0,-1,3,7,1,1,0,1,1,0,0
track,113,520000000,blocked,2,1,2,2,0,0,0,1,0,0,0,-1,3,7,1,1,0,1,1,0,0
track,114,520000000,offer,3,1,3,2,0,0,0,1,0,0,0,-1,9,1,1,1,0,1,1,0,0
track,115,520000000,blocked,3,1,3,2,0,0,0,1,0,0,0,-1,9,1,1,1,0,1,1,0,0
track,116,540000000,offer,2,1,2,2,0,0,0,1,0,0,0,-1,3,7,1,1,0,1,1,0,0
track,117,540000000,blocked,2,1,2,2,0,0,0,1,0,0,0,-1,3,7,1,1,0,1,1,0,0
track,118,540000000,offer,3,1,3,2,0,0,0,1,0,0,0,-1,9,1,1,1,0,1,1,0,0
track,119,540000000,blocked,3,1,3,2,0,0,0,1,0,0,0,-1,9,1,1,1,0,1,1,0,0
track,120,560000000,offer,2,1,2,2,0,0,0,1,0,0,0,-1,3,7,1,1,0,1,1,0,0
track,121,560000000,blocked,2,1,2,2,0,0,0,1,0,0,0,-1,3,7,1,1,0,1,1,0,0
track,122,560000000,offer,3,1,3,2,0,0,0,1,0,0,0,-1,9,1,1,1,0,1,1,0,0
track,123,560000000,blocked,3,1,3,2,0,0,0,1,0,0,0,-1,9,1,1,1,0,1,1,0,0
track,124,580000000,offer,2,1,2,2,0,0,0,1,0,0,0,-1,3,7,1,1,0,1,1,0,0
track,125,580000000,blocked,2,1,2,2,0,0,0,1,0,0,0,-1,3,7,1,1,0,1,1,0,0
track,126,580000000,offer,3,1,3,2,0,0,0,1,0,0,0,-1,9,1,1,1,0,1,1,0,0
track,127,580000000,blocked,3,1,3,2,0,0,0,1,0,0,0,-1,9,1,1,1,0,1,1,0,0
track,128,600000000,offer,2,1,2,2,0,0,0,1,0,0,0,-1,3,7,1,1,0,1,1,0,0
track,129,600000000,blocked,2,1,2,2,0,0,0,1,0,0,0,-1,3,7,1,1,0,1,1,0,0
track,130,600000000,offer,3,1,3,2,0,0,0,1,0,0,0,-1,9,1,1,1,0,1,1,0,0
track,131,600000000,blocked,3,1,3,2,0,0,0,1,0,0,0,-1,9,1,1,1,0,1,1,0,0
track,132,620000000,offer,2,1,2,2,0,0,0,1,0,0,0,-1,3,7,1,1,0,1,1,0,0
track,133,620000000,blocked,2,1,2,2,0,0,0,1,0,0,0,-1,3,7,1,1,0,1,1,0,0
track,134,620000000,offer,3,1,3,2,0,0,0,1,0,0,0,-1,9,1,1,1,0,1,1,0,0
track,135,620000000,blocked,3,1,3,2,0,0,0,1,0,0,0,-1,9,1,1,1,0,1,1,0,0
track,136,640000000,offer,2,1,2,2,0,0,0,1,0,0,0,-1,3,7,1,1,0,1,1,0,0
track,137,640000000,blocked,2,1,2,2,0,0,0,1,0,0,0,-1,3,7,1,1,0,1,1,0,0
track,138,640000000,offer,3,1,3,2,0,0,0,1,0,0,0,-1,9,1,1,1,0,1,1,0,0
track,139,640000000,blocked,3,1,3,2,0,0,0,1,0,0,0,-1,9,1,1,1,0,1,1,0,0
track,140,650000000,busy,1,0,0,0,0,0,0,1,2,0,1,2,-1,-1,0,0,0,0,0,0,0
track,141,660000000,offer,2,1,2,2,0,0,0,1,0,0,0,-1,3,7,1,1,0,1,1,0,0
track,142,660000000,blocked,2,1,2,2,0,0,0,1,0,0,0,-1,3,7,1,1,0,1,1,0,0
track,143,660000000,offer,3,1,3,2,0,0,0,1,0,0,0,-1,9,1,1,1,0,1,1,0,0
track,144,660000000,blocked,3,1,3,2,0,0,0,1,0,0,0,-1,9,1,1,1,0,1,1,0,0
track,145,680000000,offer,2,1,2,2,0,0,0,1,0,0,0,-1,3,7,1,1,0,1,1,0,0
track,146,680000000,blocked,2,1,2,2,0,0,0,1,0,0,0,-1,3,7,1,1,0,1,1,0,0
track,147,680000000,offer,3,1,3,2,0,0,0,1,0,0,0,-1,9,1,1,1,0,1,1,0,0
track,148,680000000,blocked,3,1,3,2,0,0,0,1,0,0,0,-1,9,1,1,1,0,1,1,0,0
track,149,700000000,offer,2,1,2,2,0,0,0,1,0,0,0,-1,3,7,1,1,0,1,1,0,0
track,150,700000000,blocked,2,1,2,2,0,0,0,1,0,0,0,-1,3,7,1,1,0,1,1,0,0
track,151,700000000,offer,3,1,3,2,0,0,0,1,0,0,0,-1,9,1,1,1,0,1,1,0,0
track,152,700000000,blocked,3,1,3,2,0,0,0,1,0,0,0,-1,9,1,1,1,0,1,1,0,0
track,153,711501000,tx_start,1,2,0,0,1,1,0,3,2,0,0,1,2,1,0,0,0,0,0,128,33
track,154,711501000,tx_start,1,3,0,0,1,1,0,3,2,0,0,1,2,1,0,0,0,0,0,128,33
track,155,720000000,offer,2,1,2,2,0,0,0,1,0,0,0,-1,3,7,1,1,0,1,1,0,0
track,156,720000000,blocked,2,1,2,2,0,0,0,1,0,0,0,-1,3,7,1,1,0,1,1,0,0
track,157,720000000,offer,3,1,3,2,0,0,0,1,0,0,0,-1,9,1,1,1,0,1,1,0,0
track,158,720000000,blocked,3,1,3,2,0,0,0,1,0,0,0,-1,9,1,1,1,0,1,1,0,0
track,159,736042000,ingress_before,2,1,0,0,1,1,0,1,0,0,0,-1,3,7,1,1,0,1,1,128,33
track,160,736042000,release,2,1,2,0,0,0,0,1,0,0,0,-1,3,7,0,0,0,1,1,0,0
track,161,736042000,ingress_after,2,1,0,0,1,1,0,1,0,0,0,-1,3,7,0,0,0,0,1,128,33
track,162,736042000,ingress_before,3,1,0,0,1,1,0,1,0,0,0,-1,9,1,1,1,0,1,1,128,33
track,163,736042000,release,3,1,3,0,0,0,0,1,0,0,0,-1,9,1,0,0,0,1,1,0,0
track,164,736042000,ingress_after,3,1,0,0,1,1,0,1,0,0,0,-1,9,1,0,0,0,0,1,128,33
track,165,736042028,wake,2,1,0,0,0,0,0,1,0,0,0,-1,3,7,0,0,0,0,1,0,0
track,166,736042028,offer,2,1,2,2,0,0,0,1,0,0,0,-1,3,7,0,0,0,0,1,0,0
track,167,736042028,admit,2,1,2,2,2,0,0,1,0,1,0,-1,3,7,1,1,0,1,2,128,33
track,168,736042028,wake,3,1,0,0,0,0,0,1,0,0,0,-1,9,1,0,0,0,0,1,0,0
track,169,736042028,offer,3,1,3,2,0,0,0,1,0,0,0,-1,9,1,0,0,0,0,1,0,0
track,170,736042028,admit,3,1,3,2,2,0,0,1,0,1,0,-1,9,1,1,1,0,1,2,128,33
track,171,740000000,offer,2,1,2,3,0,0,0,1,0,1,0,-1,3,7,1,1,0,1,2,0,0
track,172,740000000,blocked,2,1,2,3,0,0,0,1,0,1,0,-1,3,7,1,1,0,1,2,0,0
track,173,740000000,offer,3,1,3,3,0,0,0,1,0,1,0,-1,9,1,1,1,0,1,2,0,0
track,174,740000000,blocked,3,1,3,3,0,0,0,1,0,1,0,-1,9,1,1,1,0,1,2,0,0
track,175,750501000,tx_start,1,2,0,0,1,1,0,3,2,0,0,1,1,1,0,0,0,0,0,128,33
track,176,750501000,tx_start,1,3,0,0,1,1,0,3,2,0,0,1,1,1,0,0,0,0,0,128,33
track,177,760000000,offer,2,1,2,3,0,0,0,1,0,1,1,2,3,7,1,1,0,1,2,0,0
track,178,760000000,blocked,2,1,2,3,0,0,0,1,0,1,1,2,3,7,1,1,0,1,2,0,0
track,179,760000000,offer,3,1,3,3,0,0,0,1,0,1,1,8,9,1,1,1,0,1,2,0,0
track,180,760000000,blocked,3,1,3,3,0,0,0,1,0,1,1,8,9,1,1,1,0,1,2,0,0
track,181,775042000,ingress_before,2,1,0,0,1,1,0,1,0,1,1,1,3,7,1,1,0,1,2,128,33
track,182,775042000,ingress_after,2,1,0,0,1,1,0,1,0,1,1,1,3,7,1,1,0,1,2,128,33
track,183,775042000,ingress_before,3,1,0,0,1,1,0,1,0,1,1,7,9,1,1,1,0,1,2,128,33
track,184,775042000,ingress_after,3,1,0,0,1,1,0,1,0,1,1,7,9,1,1,1,0,1,2,128,33
track,185,775042028,wake,2,1,0,0,0,0,0,1,0,1,1,1,3,7,1,1,0,1,2,0,0
track,186,775042028,offer,2,1,2,3,0,0,0,1,0,1,1,1,3,7,1,1,0,1,2,0,0
track,187,775042028,blocked,2,1,2,3,0,0,0,1,0,1,1,1,3,7,1,1,0,1,2,0,0
track,188,775042028,wake,3,1,0,0,0,0,0,1,0,1,1,7,9,1,1,1,0,1,2,0,0
track,189,775042028,offer,3,1,3,3,0,0,0,1,0,1,1,7,9,1,1,1,0,1,2,0,0
track,190,775042028,blocked,3,1,3,3,0,0,0,1,0,1,1,7,9,1,1,1,0,1,2,0,0
track,191,780000000,offer,2,1,2,3,0,0,0,1,0,1,1,1,3,7,1,1,0,1,2,0,0
track,192,780000000,blocked,2,1,2,3,0,0,0,1,0,1,1,1,3,7,1,1,0,1,2,0,0
track,193,780000000,offer,3,1,3,3,0,0,0,1,0,1,1,7,9,1,1,1,0,1,2,0,0
track,194,780000000,blocked,3,1,3,3,0,0,0,1,0,1,1,7,9,1,1,1,0,1,2,0,0
track,195,789501000,tx_start,1,2,0,0,1,1,0,3,2,0,0,1,1,1,0,0,0,0,0,128,33
track,196,789501000,tx_start,1,3,0,0,1,1,0,3,2,0,0,1,1,1,0,0,0,0,0,128,33
track,197,793000000,tx_start,2,1,2,2,2,0,0,3,0,1,0,7,3,7,1,1,0,1,2,128,33
track,198,800000000,offer,2,1,2,3,0,0,0,3,0,0,0,7,3,7,1,1,0,1,2,0,0
track,199,800000000,blocked,2,1,2,3,0,0,0,3,0,0,0,7,3,7,1,1,0,1,2,0,0
track,200,800000000,offer,3,1,3,3,0,0,0,1,0,1,1,5,9,1,1,1,0,1,2,0,0
track,201,800000000,blocked,3,1,3,3,0,0,0,1,0,1,1,5,9,1,1,1,0,1,2,0,0
track,202,814042000,ingress_before,2,1,0,0,1,1,0,3,0,0,0,7,3,7,1,1,0,1,2,128,33
track,203,814042000,ingress_after,2,1,0,0,1,1,0,3,0,0,0,7,3,7,1,1,0,1,2,128,33
track,204,814042000,ingress_before,3,1,0,0,1,1,0,1,0,1,1,4,9,1,1,1,0,1,2,128,33
track,205,814042000,ingress_after,3,1,0,0,1,1,0,1,0,1,1,4,9,1,1,1,0,1,2,128,33
track,206,814042028,wake,2,1,0,0,0,0,0,3,0,0,0,7,3,7,1,1,0,1,2,0,0
track,207,814042028,offer,2,1,2,3,0,0,0,3,0,0,0,7,3,7,1,1,0,1,2,0,0
track,208,814042028,blocked,2,1,2,3,0,0,0,3,0,0,0,7,3,7,1,1,0,1,2,0,0
track,209,814042028,wake,3,1,0,0,0,0,0,1,0,1,1,4,9,1,1,1,0,1,2,0,0
track,210,814042028,offer,3,1,3,3,0,0,0,1,0,1,1,4,9,1,1,1,0,1,2,0,0
track,211,814042028,blocked,3,1,3,3,0,0,0,1,0,1,1,4,9,1,1,1,0,1,2,0,0
track,212,815501000,ingress_before,1,2,2,2,2,0,0,1,2,0,1,1,1,1,0,0,0,0,0,128,33
track,213,815501000,ingress_after,1,2,2,2,2,0,0,1,2,0,1,1,1,1,0,0,0,0,0,128,33
track,214,820000000,offer,2,1,2,3,0,0,0,1,0,0,0,6,3,7,1,1,0,1,2,0,0
track,215,820000000,blocked,2,1,2,3,0,0,0,1,0,0,0,6,3,7,1,1,0,1,2,0,0
track,216,820000000,offer,3,1,3,3,0,0,0,1,0,1,1,3,9,1,1,1,0,1,2,0,0
track,217,820000000,blocked,3,1,3,3,0,0,0,1,0,1,1,3,9,1,1,1,0,1,2,0,0
track,218,828501000,tx_start,1,2,0,0,2,3,0,3,2,0,0,1,1,1,0,0,0,0,0,128,33
track,219,828501000,tx_start,1,3,0,0,1,1,0,3,2,0,0,1,1,1,0,0,0,0,0,128,33
track,220,840000000,offer,2,1,2,3,0,0,0,1,0,0,0,5,3,7,1,1,0,1,2,0,0
track,221,840000000,blocked,2,1,2,3,0,0,0,1,0,0,0,5,3,7,1,1,0,1,2,0,0
track,222,840000000,offer,3,1,3,3,0,0,0,1,0,1,1,2,9,1,1,1,0,1,2,0,0
track,223,840000000,blocked,3,1,3,3,0,0,0,1,0,1,1,2,9,1,1,1,0,1,2,0,0
track,224,853042000,ingress_before,2,1,0,0,2,3,0,1,0,0,0,4,3,7,1,1,0,1,2,128,33
track,225,853042000,release,2,1,2,0,0,0,0,1,0,0,0,4,3,7,0,0,0,1,2,0,0
track,226,853042000,ingress_after,2,1,0,0,2,3,0,1,0,0,0,4,3,7,0,0,0,0,2,128,33
track,227,853042000,ingress_before,3,1,0,0,1,1,0,1,0,1,1,1,9,1,1,1,0,1,2,128,33
track,228,853042000,ingress_after,3,1,0,0,1,1,0,1,0,1,1,1,9,1,1,1,0,1,2,128,33
track,229,853042028,wake,2,1,0,0,0,0,0,1,0,0,0,4,3,7,0,0,0,0,2,0,0
track,230,853042028,offer,2,1,2,3,0,0,0,1,0,0,0,4,3,7,0,0,0,0,2,0,0
track,231,853042028,admit,2,1,2,3,3,0,0,1,0,1,0,4,3,7,1,1,0,1,3,128,33
track,232,853042028,wake,3,1,0,0,0,0,0,1,0,1,1,1,9,1,1,1,0,1,2,0,0
track,233,853042028,offer,3,1,3,3,0,0,0,1,0,1,1,1,9,1,1,1,0,1,2,0,0
track,234,853042028,blocked,3,1,3,3,0,0,0,1,0,1,1,1,9,1,1,1,0,1,2,0,0
track,235,860000000,offer,2,1,2,4,0,0,0,1,0,1,1,3,3,7,1,1,0,1,3,0,0
track,236,860000000,blocked,2,1,2,4,0,0,0,1,0,1,1,3,3,7,1,1,0,1,3,0,0
track,237,860000000,offer,3,1,3,3,0,0,0,1,0,1,1,0,9,1,1,1,0,1,2,0,0
track,238,860000000,blocked,3,1,3,3,0,0,0,1,0,1,1,0,9,1,1,1,0,1,2,0,0
track,239,867501000,tx_start,1,2,0,0,2,3,0,3,2,0,0,1,1,1,0,0,0,0,0,128,33
track,240,867501000,tx_start,1,3,0,0,1,1,0,3,2,0,0,1,1,1,0,0,0,0,0,128,33
track,241,871000000,tx_start,3,1,3,2,2,0,0,3,0,1,0,1,9,1,1,1,0,1,2,128,33
track,242,880000000,offer,2,1,2,4,0,0,0,1,0,1,1,2,3,7,1,1,0,1,3,0,0
track,243,880000000,blocked,2,1,2,4,0,0,0,1,0,1,1,2,3,7,1,1,0,1,3,0,0
track,244,880000000,offer,3,1,3,3,0,0,0,3,0,0,0,1,9,1,1,1,0,1,2,0,0
track,245,880000000,blocked,3,1,3,3,0,0,0,3,0,0,0,1,9,1,1,1,0,1,2,0,0
track,246,892042000,ingress_before,2,1,0,0,2,3,0,1,0,1,1,1,3,7,1,1,0,1,3,128,33
track,247,892042000,ingress_after,2,1,0,0,2,3,0,1,0,1,1,1,3,7,1,1,0,1,3,128,33
track,248,892042000,ingress_before,3,1,0,0,1,1,0,3,0,0,0,1,9,1,1,1,0,1,2,128,33
track,249,892042000,ingress_after,3,1,0,0,1,1,0,3,0,0,0,1,9,1,1,1,0,1,2,128,33
track,250,892042028,wake,2,1,0,0,0,0,0,1,0,1,1,1,3,7,1,1,0,1,3,0,0
track,251,892042028,offer,2,1,2,4,0,0,0,1,0,1,1,1,3,7,1,1,0,1,3,0,0
track,252,892042028,blocked,2,1,2,4,0,0,0,1,0,1,1,1,3,7,1,1,0,1,3,0,0
track,253,892042028,wake,3,1,0,0,0,0,0,3,0,0,0,1,9,1,1,1,0,1,2,0,0
track,254,892042028,offer,3,1,3,3,0,0,0,3,0,0,0,1,9,1,1,1,0,1,2,0,0
track,255,892042028,blocked,3,1,3,3,0,0,0,3,0,0,0,1,9,1,1,1,0,1,2,0,0
track,256,893501000,ingress_before,1,3,3,2,2,0,0,1,1,0,1,1,1,1,0,0,0,0,0,128,33
track,257,893501000,ingress_after,1,3,3,2,2,0,0,1,2,0,1,1,1,1,0,0,0,0,0,128,33
track,258,900000000,offer,2,1,2,4,0,0,0,1,0,1,1,0,3,7,1,1,0,1,3,0,0
track,259,900000000,blocked,2,1,2,4,0,0,0,1,0,1,1,0,3,7,1,1,0,1,3,0,0
track,260,900000000,offer,3,1,3,3,0,0,0,1,0,0,0,0,9,1,1,1,0,1,2,0,0
track,261,900000000,blocked,3,1,3,3,0,0,0,1,0,0,0,0,9,1,1,1,0,1,2,0,0
track,262,906501000,tx_start,1,2,0,0,2,3,0,3,2,0,0,2,1,2,0,0,0,0,0,128,33
track,263,906501000,tx_start,1,3,0,0,2,3,0,3,2,0,0,2,1,2,0,0,0,0,0,128,33
track,264,910000000,tx_start,2,1,2,3,3,0,0,3,0,1,0,3,7,3,1,1,0,1,3,128,33
track,265,920000000,offer,2,1,2,4,0,0,0,3,0,0,0,3,7,3,1,1,0,1,3,0,0
track,266,920000000,blocked,2,1,2,4,0,0,0,3,0,0,0,3,7,3,1,1,0,1,3,0,0
track,267,920000000,offer,3,1,3,3,0,0,0,1,0,0,0,-1,9,1,1,1,0,1,2,0,0
track,268,920000000,blocked,3,1,3,3,0,0,0,1,0,0,0,-1,9,1,1,1,0,1,2,0,0
track,269,931042000,ingress_before,2,1,0,0,2,3,0,3,0,0,0,3,7,3,1,1,0,1,3,128,33
track,270,931042000,ingress_after,2,1,0,0,2,3,0,3,0,0,0,3,7,3,1,1,0,1,3,128,33
track,271,931042000,ingress_before,3,1,0,0,2,3,0,1,0,0,0,-1,9,1,1,1,0,1,2,128,33
track,272,931042000,release,3,1,3,0,0,0,0,1,0,0,0,-1,9,1,0,0,0,1,2,0,0
track,273,931042000,ingress_after,3,1,0,0,2,3,0,1,0,0,0,-1,9,1,0,0,0,0,2,128,33
track,274,931042028,wake,2,1,0,0,0,0,0,3,0,0,0,3,7,3,1,1,0,1,3,0,0
track,275,931042028,offer,2,1,2,4,0,0,0,3,0,0,0,3,7,3,1,1,0,1,3,0,0
track,276,931042028,blocked,2,1,2,4,0,0,0,3,0,0,0,3,7,3,1,1,0,1,3,0,0
track,277,931042028,wake,3,1,0,0,0,0,0,1,0,0,0,-1,9,1,0,0,0,0,2,0,0
track,278,931042028,offer,3,1,3,3,0,0,0,1,0,0,0,-1,9,1,0,0,0,0,2,0,0
track,279,931042028,admit,3,1,3,3,3,0,0,1,0,1,0,-1,9,1,1,1,0,1,3,128,33
track,280,932501000,ingress_before,1,2,2,3,3,0,0,1,2,0,1,2,1,2,0,0,0,0,0,128,33
track,281,932501000,ingress_after,1,2,2,3,3,0,0,1,2,0,1,2,1,2,0,0,0,0,0,128,33
track,282,940000000,offer,2,1,2,4,0,0,0,1,0,0,0,2,7,3,1,1,0,1,3,0,0
track,283,940000000,blocked,2,1,2,4,0,0,0,1,0,0,0,2,7,3,1,1,0,1,3,0,0
track,284,940000000,offer,3,1,3,4,0,0,0,1,0,1,1,9,9,1,1,1,0,1,3,0,0
track,285,940000000,blocked,3,1,3,4,0,0,0,1,0,1,1,9,9,1,1,1,0,1,3,0,0
track,286,958501000,tx_start,1,2,0,0,3,7,0,3,2,0,0,1,2,1,0,0,0,0,0,128,33
track,287,958501000,tx_start,1,3,0,0,2,3,0,3,2,0,0,1,2,1,0,0,0,0,0,128,33
track,288,960000000,offer,2,1,2,4,0,0,0,1,0,0,0,1,7,3,1,1,0,1,3,0,0
track,289,960000000,blocked,2,1,2,4,0,0,0,1,0,0,0,1,7,3,1,1,0,1,3,0,0
track,290,960000000,offer,3,1,3,4,0,0,0,1,0,1,1,8,9,1,1,1,0,1,3,0,0
track,291,960000000,blocked,3,1,3,4,0,0,0,1,0,1,1,8,9,1,1,1,0,1,3,0,0
track,292,980000000,offer,2,1,2,4,0,0,0,1,0,0,0,-1,7,3,1,1,0,1,3,0,0
track,293,980000000,blocked,2,1,2,4,0,0,0,1,0,0,0,-1,7,3,1,1,0,1,3,0,0
track,294,980000000,offer,3,1,3,4,0,0,0,1,0,1,1,6,9,1,1,1,0,1,3,0,0
track,295,980000000,blocked,3,1,3,4,0,0,0,1,0,1,1,6,9,1,1,1,0,1,3,0,0
track,296,983042000,ingress_before,2,1,0,0,3,7,0,1,0,0,0,-1,7,3,1,1,0,1,3,128,33
track,297,983042000,release,2,1,2,0,0,0,0,1,0,0,0,-1,7,3,0,0,1,1,3,0,0
track,298,983042000,ingress_after,2,1,0,0,3,7,0,1,0,0,0,-1,7,3,0,0,1,0,3,128,33
track,299,983042000,ingress_before,3,1,0,0,2,3,0,1,0,1,1,6,9,1,1,1,0,1,3,128,33
track,300,983042000,ingress_after,3,1,0,0,2,3,0,1,0,1,1,6,9,1,1,1,0,1,3,128,33
track,301,983042028,wake,2,1,0,0,0,0,0,1,0,0,0,-1,7,3,0,0,1,0,3,0,0
track,302,983042028,offer,2,1,2,4,0,0,0,1,0,0,0,-1,7,3,0,0,1,0,3,0,0
track,303,983042028,admit,2,1,2,4,4,0,0,1,0,1,0,-1,7,3,1,1,1,1,4,128,33
track,304,983042028,wake,3,1,0,0,0,0,0,1,0,1,1,6,9,1,1,1,0,1,3,0,0
track,305,983042028,offer,3,1,3,4,0,0,0,1,0,1,1,6,9,1,1,1,0,1,3,0,0
track,306,983042028,blocked,3,1,3,4,0,0,0,1,0,1,1,6,9,1,1,1,0,1,3,0,0
track,307,997501000,tx_start,1,2,0,0,3,7,0,3,2,0,0,1,1,1,0,0,0,0,0,128,33
track,308,997501000,tx_start,1,3,0,0,2,3,0,3,2,0,0,1,1,1,0,0,0,0,0,128,33
track,309,1000000000,offer,3,1,3,4,0,0,0,1,0,1,1,5,9,1,1,1,0,1,3,0,0
track,310,1000000000,blocked,3,1,3,4,0,0,0,1,0,1,1,5,9,1,1,1,0,1,3,0,0
track,311,1020000000,offer,3,1,3,4,0,0,0,1,0,1,1,3,9,1,1,1,0,1,3,0,0
track,312,1020000000,blocked,3,1,3,4,0,0,0,1,0,1,1,3,9,1,1,1,0,1,3,0,0
track,313,1022042000,ingress_before,2,1,0,0,3,7,0,1,0,1,1,5,7,3,1,1,1,1,4,128,33
track,314,1022042000,ingress_after,2,1,0,0,3,7,0,1,0,1,1,5,7,3,1,1,1,1,4,128,33
track,315,1022042000,ingress_before,3,1,0,0,2,3,0,1,0,1,1,3,9,1,1,1,0,1,3,128,33
track,316,1022042000,ingress_after,3,1,0,0,2,3,0,1,0,1,1,3,9,1,1,1,0,1,3,128,33
track,317,1022042028,wake,2,1,0,0,0,0,0,1,0,1,1,5,7,3,1,1,1,1,4,0,0
track,318,1022042028,wake,3,1,0,0,0,0,0,1,0,1,1,3,9,1,1,1,0,1,3,0,0
track,319,1022042028,offer,3,1,3,4,0,0,0,1,0,1,1,3,9,1,1,1,0,1,3,0,0
track,320,1022042028,blocked,3,1,3,4,0,0,0,1,0,1,1,3,9,1,1,1,0,1,3,0,0
track,321,1036501000,tx_start,1,2,0,0,3,7,0,3,2,0,0,1,1,1,0,0,0,0,0,128,33
track,322,1036501000,tx_start,1,3,0,0,2,3,0,3,2,0,0,1,1,1,0,0,0,0,0,128,33
track,323,1040000000,offer,3,1,3,4,0,0,0,1,0,1,1,2,9,1,1,1,0,1,3,0,0
track,324,1040000000,blocked,3,1,3,4,0,0,0,1,0,1,1,2,9,1,1,1,0,1,3,0,0
track,325,1060000000,offer,3,1,3,4,0,0,0,1,0,1,1,0,9,1,1,1,0,1,3,0,0
track,326,1060000000,blocked,3,1,3,4,0,0,0,1,0,1,1,0,9,1,1,1,0,1,3,0,0
track,327,1061042000,ingress_before,2,1,0,0,3,7,0,1,0,1,1,2,7,3,1,1,1,1,4,128,33
track,328,1061042000,ingress_after,2,1,0,0,3,7,0,1,0,1,1,2,7,3,1,1,1,1,4,128,33
track,329,1061042000,ingress_before,3,1,0,0,2,3,0,1,0,1,1,0,9,1,1,1,0,1,3,128,33
track,330,1061042000,ingress_after,3,1,0,0,2,3,0,1,0,1,1,0,9,1,1,1,0,1,3,128,33
track,331,1061042028,wake,2,1,0,0,0,0,0,1,0,1,1,2,7,3,1,1,1,1,4,0,0
track,332,1061042028,wake,3,1,0,0,0,0,0,1,0,1,1,0,9,1,1,1,0,1,3,0,0
track,333,1061042028,offer,3,1,3,4,0,0,0,1,0,1,1,0,9,1,1,1,0,1,3,0,0
track,334,1061042028,blocked,3,1,3,4,0,0,0,1,0,1,1,0,9,1,1,1,0,1,3,0,0
track,335,1066000000,tx_start,3,1,3,3,3,0,0,3,0,1,0,1,9,1,1,1,0,1,3,128,33
track,336,1075501000,tx_start,1,2,0,0,3,7,0,3,2,0,0,1,1,1,0,0,0,0,0,128,33
track,337,1075501000,tx_start,1,3,0,0,2,3,0,3,2,0,0,1,1,1,0,0,0,0,0,128,33
track,338,1080000000,offer,3,1,3,4,0,0,0,3,0,0,0,1,9,1,1,1,0,1,3,0,0
track,339,1080000000,blocked,3,1,3,4,0,0,0,3,0,0,0,1,9,1,1,1,0,1,3,0,0
track,340,1088501000,ingress_before,1,3,3,3,3,0,0,3,1,0,0,1,1,1,0,0,0,0,0,128,33
track,341,1088501000,ingress_after,1,3,3,3,3,0,0,3,2,0,0,1,1,1,0,0,0,0,0,128,33
track,342,1092000000,tx_start,2,1,2,4,4,0,0,3,0,1,0,3,7,3,1,1,1,1,4,128,33
track,343,1100000000,offer,3,1,3,4,0,0,0,1,0,0,0,0,9,1,1,1,0,1,3,0,0
track,344,1100000000,blocked,3,1,3,4,0,0,0,1,0,0,0,0,9,1,1,1,0,1,3,0,0
track,345,1100042000,ingress_before,2,1,0,0,3,7,0,3,0,0,0,3,7,3,1,1,1,1,4,128,33
track,346,1100042000,ingress_after,2,1,0,0,3,7,0,3,0,0,0,3,7,3,1,1,1,1,4,128,33
track,347,1100042000,ingress_before,3,1,0,0,2,3,0,1,0,0,0,0,9,1,1,1,0,1,3,128,33
track,348,1100042000,ingress_after,3,1,0,0,2,3,0,1,0,0,0,0,9,1,1,1,0,1,3,128,33
track,349,1100042028,wake,2,1,0,0,0,0,0,3,0,0,0,3,7,3,1,1,1,1,4,0,0
track,350,1100042028,wake,3,1,0,0,0,0,0,1,0,0,0,0,9,1,1,1,0,1,3,0,0
track,351,1100042028,offer,3,1,3,4,0,0,0,1,0,0,0,0,9,1,1,1,0,1,3,0,0
track,352,1100042028,blocked,3,1,3,4,0,0,0,1,0,0,0,0,9,1,1,1,0,1,3,0,0
track,353,1114501000,ingress_before,1,2,2,4,4,0,0,1,2,0,1,0,1,1,0,0,0,0,0,128,33
track,354,1114501000,ingress_after,1,2,2,4,4,0,0,1,2,0,1,0,1,1,0,0,0,0,0,128,33
track,355,1114501000,tx_start,1,2,0,0,4,15,0,3,2,0,0,1,1,1,0,0,0,0,0,128,33
track,356,1114501000,tx_start,1,3,0,0,3,7,0,3,2,0,0,1,1,1,0,0,0,0,0,128,33
track,357,1120000000,offer,3,1,3,4,0,0,0,1,0,0,0,-1,9,1,1,1,0,1,3,0,0
track,358,1120000000,blocked,3,1,3,4,0,0,0,1,0,0,0,-1,9,1,1,1,0,1,3,0,0
track,359,1139042000,ingress_before,2,1,0,0,4,15,0,1,0,0,0,1,7,3,1,1,1,1,4,128,33
track,360,1139042000,release,2,1,2,0,0,0,0,1,0,0,0,1,7,3,0,0,1,1,4,0,0
track,361,1139042000,ingress_after,2,1,0,0,4,15,0,1,0,0,0,1,7,3,0,0,1,0,4,128,33
track,362,1139042000,ingress_before,3,1,0,0,3,7,0,1,0,0,0,-1,9,1,1,1,0,1,3,128,33
track,363,1139042000,release,3,1,3,0,0,0,0,1,0,0,0,-1,9,1,0,0,1,1,3,0,0
track,364,1139042000,ingress_after,3,1,0,0,3,7,0,1,0,0,0,-1,9,1,0,0,1,0,3,128,33
track,365,1139042028,wake,2,1,0,0,0,0,0,1,0,0,0,1,7,3,0,0,1,0,4,0,0
track,366,1139042028,wake,3,1,0,0,0,0,0,1,0,0,0,-1,9,1,0,0,1,0,3,0,0
track,367,1139042028,offer,3,1,3,4,0,0,0,1,0,0,0,-1,9,1,0,0,1,0,3,0,0
track,368,1139042028,admit,3,1,3,4,4,0,0,1,0,1,0,-1,9,1,1,1,1,1,4,128,33
track,369,1153501000,tx_start,1,2,0,0,4,15,0,3,2,0,0,1,1,1,0,0,0,0,0,128,33
track,370,1153501000,tx_start,1,3,0,0,3,7,0,3,2,0,0,1,1,1,0,0,0,0,0,128,33
track,371,1178042000,ingress_before,2,1,0,0,4,15,0,1,0,0,0,-1,7,3,0,0,1,0,4,128,33
track,372,1178042000,ingress_after,2,1,0,0,4,15,0,1,0,0,0,-1,7,3,0,0,1,0,4,128,33
track,373,1178042000,ingress_before,3,1,0,0,3,7,0,1,0,1,1,7,9,1,1,1,1,1,4,128,33
track,374,1178042000,ingress_after,3,1,0,0,3,7,0,1,0,1,1,7,9,1,1,1,1,1,4,128,33
track,375,1178042028,wake,2,1,0,0,0,0,0,1,0,0,0,-1,7,3,0,0,1,0,4,0,0
track,376,1178042028,wake,3,1,0,0,0,0,0,1,0,1,1,7,9,1,1,1,1,1,4,0,0
track,377,1192501000,tx_start,1,2,0,0,4,15,0,3,2,0,0,1,1,1,0,0,0,0,0,128,33
track,378,1192501000,tx_start,1,3,0,0,3,7,0,3,2,0,0,1,1,1,0,0,0,0,0,128,33
track,379,1217042000,ingress_before,2,1,0,0,4,15,0,1,0,0,0,-1,7,3,0,0,1,0,4,128,33
track,380,1217042000,ingress_after,2,1,0,0,4,15,0,1,0,0,0,-1,7,3,0,0,1,0,4,128,33
track,381,1217042000,ingress_before,3,1,0,0,3,7,0,1,0,1,1,4,9,1,1,1,1,1,4,128,33
track,382,1217042000,ingress_after,3,1,0,0,3,7,0,1,0,1,1,4,9,1,1,1,1,1,4,128,33
track,383,1217042028,wake,2,1,0,0,0,0,0,1,0,0,0,-1,7,3,0,0,1,0,4,0,0
track,384,1217042028,wake,3,1,0,0,0,0,0,1,0,1,1,4,9,1,1,1,1,1,4,0,0
track,385,1231501000,tx_start,1,2,0,0,4,15,0,3,2,0,0,1,1,1,0,0,0,0,0,128,33
track,386,1231501000,tx_start,1,3,0,0,3,7,0,3,2,0,0,1,1,1,0,0,0,0,0,128,33
track,387,1256042000,ingress_before,2,1,0,0,4,15,0,1,0,0,0,-1,7,3,0,0,1,0,4,128,33
track,388,1256042000,ingress_after,2,1,0,0,4,15,0,1,0,0,0,-1,7,3,0,0,1,0,4,128,33
track,389,1256042000,ingress_before,3,1,0,0,3,7,0,1,0,1,1,1,9,1,1,1,1,1,4,128,33
track,390,1256042000,ingress_after,3,1,0,0,3,7,0,1,0,1,1,1,9,1,1,1,1,1,4,128,33
track,391,1256042028,wake,2,1,0,0,0,0,0,1,0,0,0,-1,7,3,0,0,1,0,4,0,0
track,392,1256042028,wake,3,1,0,0,0,0,0,1,0,1,1,1,9,1,1,1,1,1,4,0,0
track,393,1270501000,tx_start,1,2,0,0,4,15,0,3,2,0,0,1,1,1,0,0,0,0,0,128,33
track,394,1270501000,tx_start,1,3,0,0,3,7,0,3,2,0,0,1,1,1,0,0,0,0,0,128,33
track,395,1274000000,tx_start,3,1,3,4,4,0,0,3,0,1,0,1,9,1,1,1,1,1,4,128,33
track,396,1295042000,ingress_before,2,1,0,0,4,15,0,1,0,0,0,-1,7,3,0,0,1,0,4,128,33
track,397,1295042000,ingress_after,2,1,0,0,4,15,0,1,0,0,0,-1,7,3,0,0,1,0,4,128,33
track,398,1295042000,ingress_before,3,1,0,0,3,7,0,3,0,0,0,1,9,1,1,1,1,1,4,128,33
track,399,1295042000,ingress_after,3,1,0,0,3,7,0,3,0,0,0,1,9,1,1,1,1,1,4,128,33
track,400,1295042028,wake,2,1,0,0,0,0,0,1,0,0,0,-1,7,3,0,0,1,0,4,0,0
track,401,1295042028,wake,3,1,0,0,0,0,0,3,0,0,0,1,9,1,1,1,1,1,4,0,0
track,402,1296501000,ingress_before,1,3,3,4,4,0,0,1,0,0,0,1,1,1,0,0,0,0,0,128,33
track,403,1296501000,ingress_after,1,3,3,4,4,0,0,1,1,0,0,1,1,1,0,0,0,0,0,128,33
track,404,1309501000,tx_start,1,3,0,0,4,15,0,3,1,0,0,1,1,1,0,0,0,0,0,128,33
track,405,1331582000,ingress_before,3,1,0,0,4,15,0,1,0,0,0,-1,9,1,1,1,1,1,4,128,33
track,406,1331582000,release,3,1,3,0,0,0,0,1,0,0,0,-1,9,1,0,0,1,1,4,0,0
track,407,1331582000,ingress_after,3,1,0,0,4,15,0,1,0,0,0,-1,9,1,0,0,1,0,4,128,33
track,408,1331582028,wake,3,1,0,0,0,0,0,1,0,0,0,-1,9,1,0,0,1,0,4,0,0
track,409,1348501000,tx_start,1,3,0,0,4,15,0,3,1,0,0,1,1,1,0,0,0,0,0,128,33
track,410,1370582000,ingress_before,3,1,0,0,4,15,0,1,0,0,0,-1,9,1,0,0,1,0,4,128,33
track,411,1370582000,ingress_after,3,1,0,0,4,15,0,1,0,0,0,-1,9,1,0,0,1,0,4,128,33
track,412,1370582028,wake,3,1,0,0,0,0,0,1,0,0,0,-1,9,1,0,0,1,0,4,0,0
track,413,1387501000,tx_start,1,3,0,0,4,15,0,3,1,0,0,1,1,1,0,0,0,0,0,128,33
track,414,1409582000,ingress_before,3,1,0,0,4,15,0,1,0,0,0,-1,9,1,0,0,1,0,4,128,33
track,415,1409582000,ingress_after,3,1,0,0,4,15,0,1,0,0,0,-1,9,1,0,0,1,0,4,128,33
track,416,1409582028,wake,3,1,0,0,0,0,0,1,0,0,0,-1,9,1,0,0,1,0,4,0,0
track,417,1426501000,tx_start,1,3,0,0,4,15,0,3,1,0,0,1,1,1,0,0,0,0,0,128,33
track,418,1448582000,ingress_before,3,1,0,0,4,15,0,1,0,0,0,-1,9,1,0,0,1,0,4,128,33
track,419,1448582000,ingress_after,3,1,0,0,4,15,0,1,0,0,0,-1,9,1,0,0,1,0,4,128,33
track,420,1448582028,wake,3,1,0,0,0,0,0,1,0,0,0,-1,9,1,0,0,1,0,4,0,0
track,421,1465501000,tx_start,1,3,0,0,4,15,0,3,1,0,0,1,1,1,0,0,0,0,0,128,33
track,422,1487582000,ingress_before,3,1,0,0,4,15,0,1,0,0,0,-1,9,1,0,0,1,0,4,128,33
track,423,1487582000,ingress_after,3,1,0,0,4,15,0,1,0,0,0,-1,9,1,0,0,1,0,4,128,33
track,424,1487582028,wake,3,1,0,0,0,0,0,1,0,0,0,-1,9,1,0,0,1,0,4,0,0
track,425,8000000000,final,1,0,0,0,0,0,0,1,0,0,0,-1,1,1,0,0,0,0,0,0,0
track,426,8000000000,final,2,1,0,0,0,0,0,1,0,0,0,-1,7,3,0,0,1,0,4,0,0
track,427,8000000000,final,3,1,0,0,0,0,0,1,0,0,0,-1,9,1,0,0,1,0,4,0,0
