[MAC 1] active_nodes set to 3 for local slotting and post-TX wait
[MAC 1] max_reported_active_nodes updated to 3
[MAC 2] active_nodes set to 3 for local slotting and post-TX wait
[MAC 2] max_reported_active_nodes updated to 3
[MAC 3] active_nodes set to 3 for local slotting and post-TX wait
[MAC 3] max_reported_active_nodes updated to 3
[HOP 2] CanSendToHop dest=1 outstanding=0 threshold=0 effectiveWindow=1 pendingData=0 globalLimit=16 neighborOK=1 nodeOK=1 -> YES
[HOP 2] link_control dest=1 neighborKnown=0 speed=128 txPower=33 rxPower=-109
[HOP 2] Pending DATA increment dest=1 pending=1
[HOP 2] TX historical-bare DATA neighbor=1 hopSeq=1
[MAC] Enqueue TX pkt dscp=0 insert_pos=0 queue_size_before=0
[HOP 3] CanSendToHop dest=1 outstanding=0 threshold=0 effectiveWindow=1 pendingData=0 globalLimit=16 neighborOK=1 nodeOK=1 -> YES
[HOP 3] link_control dest=1 neighborKnown=0 speed=128 txPower=33 rxPower=-109
[HOP 3] Pending DATA increment dest=1 pending=1
[HOP 3] TX historical-bare DATA neighbor=1 hopSeq=1
[MAC] Enqueue TX pkt dscp=0 insert_pos=0 queue_size_before=0
[MAC 2] PickTxSlot(dest=1) active_nodes_for_slotting=3 opnet_slot_range=31
[MAC 2] PickTxSlot(dest=1) avoid:
[MAC 2] PickTxSlot chose 3 using historical next_tslot modulo probe
[MAC 2] starts Pre-Tx with new slot=3 holdoff_over=0
[MAC 3] PickTxSlot(dest=1) active_nodes_for_slotting=3 opnet_slot_range=31
[MAC 3] PickTxSlot(dest=1) avoid:
[MAC 3] PickTxSlot chose 9 using historical next_tslot modulo probe
[MAC 3] starts Pre-Tx with new slot=9 holdoff_over=0
[HOP 2] CanSendToHop dest=1 outstanding=1 threshold=0 effectiveWindow=1 pendingData=1 globalLimit=16 neighborOK=0 nodeOK=1 -> NO
[HOP 3] CanSendToHop dest=1 outstanding=1 threshold=0 effectiveWindow=1 pendingData=1 globalLimit=16 neighborOK=0 nodeOK=1 -> NO
[HOP 2] CanSendToHop dest=1 outstanding=1 threshold=0 effectiveWindow=1 pendingData=1 globalLimit=16 neighborOK=0 nodeOK=1 -> NO
[HOP 3] CanSendToHop dest=1 outstanding=1 threshold=0 effectiveWindow=1 pendingData=1 globalLimit=16 neighborOK=0 nodeOK=1 -> NO
[HOP 2] CanSendToHop dest=1 outstanding=1 threshold=0 effectiveWindow=1 pendingData=1 globalLimit=16 neighborOK=0 nodeOK=1 -> NO
[HOP 3] CanSendToHop dest=1 outstanding=1 threshold=0 effectiveWindow=1 pendingData=1 globalLimit=16 neighborOK=0 nodeOK=1 -> NO
[HOP 2] CanSendToHop dest=1 outstanding=1 threshold=0 effectiveWindow=1 pendingData=1 globalLimit=16 neighborOK=0 nodeOK=1 -> NO
[HOP 3] CanSendToHop dest=1 outstanding=1 threshold=0 effectiveWindow=1 pendingData=1 globalLimit=16 neighborOK=0 nodeOK=1 -> NO
[HOP 2] CanSendToHop dest=1 outstanding=1 threshold=0 effectiveWindow=1 pendingData=1 globalLimit=16 neighborOK=0 nodeOK=1 -> NO
[HOP 3] CanSendToHop dest=1 outstanding=1 threshold=0 effectiveWindow=1 pendingData=1 globalLimit=16 neighborOK=0 nodeOK=1 -> NO
[HOP 2] CanSendToHop dest=1 outstanding=1 threshold=0 effectiveWindow=1 pendingData=1 globalLimit=16 neighborOK=0 nodeOK=1 -> NO
[HOP 3] CanSendToHop dest=1 outstanding=1 threshold=0 effectiveWindow=1 pendingData=1 globalLimit=16 neighborOK=0 nodeOK=1 -> NO
[HOP 2] CanSendToHop dest=1 outstanding=1 threshold=0 effectiveWindow=1 pendingData=1 globalLimit=16 neighborOK=0 nodeOK=1 -> NO
[HOP 3] CanSendToHop dest=1 outstanding=1 threshold=0 effectiveWindow=1 pendingData=1 globalLimit=16 neighborOK=0 nodeOK=1 -> NO
[HOP 2] CanSendToHop dest=1 outstanding=1 threshold=0 effectiveWindow=1 pendingData=1 globalLimit=16 neighborOK=0 nodeOK=1 -> NO
[HOP 3] CanSendToHop dest=1 outstanding=1 threshold=0 effectiveWindow=1 pendingData=1 globalLimit=16 neighborOK=0 nodeOK=1 -> NO
[HOP 2] CanSendToHop dest=1 outstanding=1 threshold=0 effectiveWindow=1 pendingData=1 globalLimit=16 neighborOK=0 nodeOK=1 -> NO
[HOP 3] CanSendToHop dest=1 outstanding=1 threshold=0 effectiveWindow=1 pendingData=1 globalLimit=16 neighborOK=0 nodeOK=1 -> NO
[HOP 2] CanSendToHop dest=1 outstanding=1 threshold=0 effectiveWindow=1 pendingData=1 globalLimit=16 neighborOK=0 nodeOK=1 -> NO
[HOP 3] CanSendToHop dest=1 outstanding=1 threshold=0 effectiveWindow=1 pendingData=1 globalLimit=16 neighborOK=0 nodeOK=1 -> NO
[HOP 2] CanSendToHop dest=1 outstanding=1 threshold=0 effectiveWindow=1 pendingData=1 globalLimit=16 neighborOK=0 nodeOK=1 -> NO
[HOP 3] CanSendToHop dest=1 outstanding=1 threshold=0 effectiveWindow=1 pendingData=1 globalLimit=16 neighborOK=0 nodeOK=1 -> NO
[HOP 2] CanSendToHop dest=1 outstanding=1 threshold=0 effectiveWindow=1 pendingData=1 globalLimit=16 neighborOK=0 nodeOK=1 -> NO
[HOP 3] CanSendToHop dest=1 outstanding=1 threshold=0 effectiveWindow=1 pendingData=1 globalLimit=16 neighborOK=0 nodeOK=1 -> NO
[HOP 2] CanSendToHop dest=1 outstanding=1 threshold=0 effectiveWindow=1 pendingData=1 globalLimit=16 neighborOK=0 nodeOK=1 -> NO
[HOP 3] CanSendToHop dest=1 outstanding=1 threshold=0 effectiveWindow=1 pendingData=1 globalLimit=16 neighborOK=0 nodeOK=1 -> NO
[HOP 2] CanSendToHop dest=1 outstanding=1 threshold=0 effectiveWindow=1 pendingData=1 globalLimit=16 neighborOK=0 nodeOK=1 -> NO
[HOP 3] CanSendToHop dest=1 outstanding=1 threshold=0 effectiveWindow=1 pendingData=1 globalLimit=16 neighborOK=0 nodeOK=1 -> NO
[HOP 2] CanSendToHop dest=1 outstanding=1 threshold=0 effectiveWindow=1 pendingData=1 globalLimit=16 neighborOK=0 nodeOK=1 -> NO
[HOP 3] CanSendToHop dest=1 outstanding=1 threshold=0 effectiveWindow=1 pendingData=1 globalLimit=16 neighborOK=0 nodeOK=1 -> NO
[MAC 2] OPNET 300-ms transmit holdoff complete
[MAC 3] OPNET 300-ms transmit holdoff complete
[HOP 2] CanSendToHop dest=1 outstanding=1 threshold=0 effectiveWindow=1 pendingData=1 globalLimit=16 neighborOK=0 nodeOK=1 -> NO
[HOP 3] CanSendToHop dest=1 outstanding=1 threshold=0 effectiveWindow=1 pendingData=1 globalLimit=16 neighborOK=0 nodeOK=1 -> NO
[HOP 2] CanSendToHop dest=1 outstanding=1 threshold=0 effectiveWindow=1 pendingData=1 globalLimit=16 neighborOK=0 nodeOK=1 -> NO
[HOP 3] CanSendToHop dest=1 outstanding=1 threshold=0 effectiveWindow=1 pendingData=1 globalLimit=16 neighborOK=0 nodeOK=1 -> NO
[MAC 2] PickTxSlot(dest=1) active_nodes_for_slotting=3 opnet_slot_range=31
[MAC 2] PickTxSlot(dest=1) avoid:
[MAC 2] PickTxSlot chose 7 using historical next_tslot modulo probe
[MAC 2] TX opportunity reached currentSlot=3 reserveNextSlot=7
... type=0 speedKey=128[t=0.351] TX from node 2 to dest 1 seq 1 size 48 bytes segments 1 at slot 7 rate 128 kbps txPower 33 dBm (133333 bps) preamble SHORT duration 0.0225 s
[HOP 2] MAC sent confirmation dest=1 seq=1 transmission=1 sentAt=0.351
[MAC 2] OPNET aggregate transmitted segments=1 ackSegments=0 dataSegments=1 bytes=48 rate=128
[HOP 2] CanSendToHop dest=1 outstanding=1 threshold=0 effectiveWindow=1 pendingData=1 globalLimit=16 neighborOK=0 nodeOK=1 -> NO
[HOP 3] CanSendToHop dest=1 outstanding=1 threshold=0 effectiveWindow=1 pendingData=1 globalLimit=16 neighborOK=0 nodeOK=1 -> NO
[MAC 2] post-TX WAIT_FOR_ACK until 20.3735 (POST_TX_WAIT=20 s)
[MAC 1] Learned neighbor 2 uses slot 7 (rtCounter=7)
[HOP 1] New neighbor 2 heard at t=0.373501s
[HOP 1] link_control dest=2 neighborKnown=1 s0=-109 pathloss=70 failures=0 speed=128 txPower=33 rxPower=-109 cost=116
[MAC 1] Enqueue ACK dest=2 seq=1 window=1 ack_queue_size=1
[HOP 2] CanSendToHop dest=1 outstanding=1 threshold=0 effectiveWindow=1 pendingData=1 globalLimit=16 neighborOK=0 nodeOK=1 -> NO
[HOP 3] CanSendToHop dest=1 outstanding=1 threshold=0 effectiveWindow=1 pendingData=1 globalLimit=16 neighborOK=0 nodeOK=1 -> NO
[MAC 1] PickTxSlot(dest=2) active_nodes_for_slotting=3 opnet_slot_range=31
[MAC 1] avoiding neighbor 2 currentReservedSlot=6 rtslot_counter=6
[MAC 1] PickTxSlot(dest=2) avoid: 6
[MAC 1] PickTxSlot chose 1 using historical next_tslot modulo probe
[MAC 1] starts Pre-Tx with new slot=1 holdoff_over=0
[HOP 2] CanSendToHop dest=1 outstanding=1 threshold=0 effectiveWindow=1 pendingData=1 globalLimit=16 neighborOK=0 nodeOK=1 -> NO
[HOP 3] CanSendToHop dest=1 outstanding=1 threshold=0 effectiveWindow=1 pendingData=1 globalLimit=16 neighborOK=0 nodeOK=1 -> NO
[HOP 2] CanSendToHop dest=1 outstanding=1 threshold=0 effectiveWindow=1 pendingData=1 globalLimit=16 neighborOK=0 nodeOK=1 -> NO
[HOP 3] CanSendToHop dest=1 outstanding=1 threshold=0 effectiveWindow=1 pendingData=1 globalLimit=16 neighborOK=0 nodeOK=1 -> NO
[MAC 3] PickTxSlot(dest=1) active_nodes_for_slotting=3 opnet_slot_range=31
[MAC 3] PickTxSlot(dest=1) avoid:
[MAC 3] PickTxSlot chose 1 using historical next_tslot modulo probe
[MAC 3] TX opportunity reached currentSlot=9 reserveNextSlot=1
... type=0 speedKey=128[t=0.429] TX from node 3 to dest 1 seq 1 size 48 bytes segments 1 at slot 1 rate 128 kbps txPower 33 dBm (133333 bps) preamble SHORT duration 0.0225 s
[HOP 3] MAC sent confirmation dest=1 seq=1 transmission=1 sentAt=0.429
[MAC 3] OPNET aggregate transmitted segments=1 ackSegments=0 dataSegments=1 bytes=48 rate=128
[HOP 2] CanSendToHop dest=1 outstanding=1 threshold=0 effectiveWindow=1 pendingData=1 globalLimit=16 neighborOK=0 nodeOK=1 -> NO
[HOP 3] CanSendToHop dest=1 outstanding=1 threshold=0 effectiveWindow=1 pendingData=1 globalLimit=16 neighborOK=0 nodeOK=1 -> NO
[MAC 3] post-TX WAIT_FOR_ACK until 20.4515 (POST_TX_WAIT=20 s)
[MAC 1] Learned neighbor 3 uses slot 1 (rtCounter=1)
[HOP 1] New neighbor 3 heard at t=0.451501s
[HOP 1] link_control dest=3 neighborKnown=1 s0=-109 pathloss=70 failures=0 speed=128 txPower=33 rxPower=-109 cost=116
[MAC 1] Enqueue ACK dest=3 seq=1 window=1 ack_queue_size=2
[HOP 2] CanSendToHop dest=1 outstanding=1 threshold=0 effectiveWindow=1 pendingData=1 globalLimit=16 neighborOK=0 nodeOK=1 -> NO
[HOP 3] CanSendToHop dest=1 outstanding=1 threshold=0 effectiveWindow=1 pendingData=1 globalLimit=16 neighborOK=0 nodeOK=1 -> NO
[MAC 1] rtslot_counter expired for neighbor 3 reserveSlot=1
[MAC 2] local advertised reservation expired
[MAC 3] local advertised reservation expired
[MAC 1] rtslot_counter expired for neighbor 2 reserveSlot=7
[HOP 2] CanSendToHop dest=1 outstanding=1 threshold=0 effectiveWindow=1 pendingData=1 globalLimit=16 neighborOK=0 nodeOK=1 -> NO
[HOP 3] CanSendToHop dest=1 outstanding=1 threshold=0 effectiveWindow=1 pendingData=1 globalLimit=16 neighborOK=0 nodeOK=1 -> NO
[HOP 2] CanSendToHop dest=1 outstanding=1 threshold=0 effectiveWindow=1 pendingData=1 globalLimit=16 neighborOK=0 nodeOK=1 -> NO
[HOP 3] CanSendToHop dest=1 outstanding=1 threshold=0 effectiveWindow=1 pendingData=1 globalLimit=16 neighborOK=0 nodeOK=1 -> NO
[HOP 2] CanSendToHop dest=1 outstanding=1 threshold=0 effectiveWindow=1 pendingData=1 globalLimit=16 neighborOK=0 nodeOK=1 -> NO
[HOP 3] CanSendToHop dest=1 outstanding=1 threshold=0 effectiveWindow=1 pendingData=1 globalLimit=16 neighborOK=0 nodeOK=1 -> NO
[HOP 2] CanSendToHop dest=1 outstanding=1 threshold=0 effectiveWindow=1 pendingData=1 globalLimit=16 neighborOK=0 nodeOK=1 -> NO
[HOP 3] CanSendToHop dest=1 outstanding=1 threshold=0 effectiveWindow=1 pendingData=1 globalLimit=16 neighborOK=0 nodeOK=1 -> NO
[HOP 2] CanSendToHop dest=1 outstanding=1 threshold=0 effectiveWindow=1 pendingData=1 globalLimit=16 neighborOK=0 nodeOK=1 -> NO
[HOP 3] CanSendToHop dest=1 outstanding=1 threshold=0 effectiveWindow=1 pendingData=1 globalLimit=16 neighborOK=0 nodeOK=1 -> NO
[HOP 2] CanSendToHop dest=1 outstanding=1 threshold=0 effectiveWindow=1 pendingData=1 globalLimit=16 neighborOK=0 nodeOK=1 -> NO
[HOP 3] CanSendToHop dest=1 outstanding=1 threshold=0 effectiveWindow=1 pendingData=1 globalLimit=16 neighborOK=0 nodeOK=1 -> NO
[HOP 2] CanSendToHop dest=1 outstanding=1 threshold=0 effectiveWindow=1 pendingData=1 globalLimit=16 neighborOK=0 nodeOK=1 -> NO
[HOP 3] CanSendToHop dest=1 outstanding=1 threshold=0 effectiveWindow=1 pendingData=1 globalLimit=16 neighborOK=0 nodeOK=1 -> NO
[HOP 2] CanSendToHop dest=1 outstanding=1 threshold=0 effectiveWindow=1 pendingData=1 globalLimit=16 neighborOK=0 nodeOK=1 -> NO
[HOP 3] CanSendToHop dest=1 outstanding=1 threshold=0 effectiveWindow=1 pendingData=1 globalLimit=16 neighborOK=0 nodeOK=1 -> NO
[HOP 2] CanSendToHop dest=1 outstanding=1 threshold=0 effectiveWindow=1 pendingData=1 globalLimit=16 neighborOK=0 nodeOK=1 -> NO
[HOP 3] CanSendToHop dest=1 outstanding=1 threshold=0 effectiveWindow=1 pendingData=1 globalLimit=16 neighborOK=0 nodeOK=1 -> NO
[HOP 2] CanSendToHop dest=1 outstanding=1 threshold=0 effectiveWindow=1 pendingData=1 globalLimit=16 neighborOK=0 nodeOK=1 -> NO
[HOP 3] CanSendToHop dest=1 outstanding=1 threshold=0 effectiveWindow=1 pendingData=1 globalLimit=16 neighborOK=0 nodeOK=1 -> NO
[MAC 1] OPNET 300-ms transmit holdoff complete
[HOP 2] CanSendToHop dest=1 outstanding=1 threshold=0 effectiveWindow=1 pendingData=1 globalLimit=16 neighborOK=0 nodeOK=1 -> NO
[HOP 3] CanSendToHop dest=1 outstanding=1 threshold=0 effectiveWindow=1 pendingData=1 globalLimit=16 neighborOK=0 nodeOK=1 -> NO
[MAC 1] PickTxSlot(dest=2) active_nodes_for_slotting=3 opnet_slot_range=31
[MAC 1] PickTxSlot(dest=2) avoid:
[MAC 1] PickTxSlot chose 1 using historical next_tslot modulo probe
[MAC 1] TX opportunity reached currentSlot=1 reserveNextSlot=1
... type=1 speedKey=128[t=0.698501] TX from node 1 to dest 2 seq 1 size 82 bytes segments 2 at slot 1 rate 128 kbps txPower 33 dBm (133333 bps) preamble SHORT duration 0.02454 s
[MAC 1] ACK transmitted in aggregate dest=2 seq=1 txCount=1/5
[MAC 1] ACK transmitted in aggregate dest=3 seq=1 txCount=1/5
[MAC 1] OPNET aggregate transmitted segments=2 ackSegments=2 dataSegments=0 bytes=82 rate=128
[HOP 2] CanSendToHop dest=1 outstanding=1 threshold=0 effectiveWindow=1 pendingData=1 globalLimit=16 neighborOK=0 nodeOK=1 -> NO
[HOP 3] CanSendToHop dest=1 outstanding=1 threshold=0 effectiveWindow=1 pendingData=1 globalLimit=16 neighborOK=0 nodeOK=1 -> NO
[HOP 2] CanSendToHop dest=1 outstanding=1 threshold=0 effectiveWindow=1 pendingData=1 globalLimit=16 neighborOK=0 nodeOK=1 -> NO
[HOP 3] CanSendToHop dest=1 outstanding=1 threshold=0 effectiveWindow=1 pendingData=1 globalLimit=16 neighborOK=0 nodeOK=1 -> NO
[MAC 1] resumes Pre-Tx with live slot=1 counter=1
[MAC 2] Learned neighbor 1 uses slot 1 (rtCounter=1)
[HOP 2] New neighbor 1 heard at t=0.723042s
[HOP 2] RX ACK from 1 seq=1
[HOP 2] Pending DATA decrement reason=ACK neighbor=1 pending=0
[MAC 3] Learned neighbor 1 uses slot 1 (rtCounter=1)
[HOP 3] New neighbor 1 heard at t=0.723042s
[HOP 3] RX ACK from 1 seq=1
[HOP 3] Pending DATA decrement reason=ACK neighbor=1 pending=0
[HOP 2] CanSendToHop dest=1 outstanding=0 threshold=0 effectiveWindow=1 pendingData=0 globalLimit=16 neighborOK=1 nodeOK=1 -> YES
[HOP 2] link_control dest=1 neighborKnown=1 s0=-109 pathloss=70 failures=0 speed=128 txPower=33 rxPower=-109 cost=116
[HOP 2] Pending DATA increment dest=1 pending=1
[HOP 2] TX historical-bare DATA neighbor=1 hopSeq=2
[MAC] Enqueue TX pkt dscp=0 insert_pos=0 queue_size_before=0
[HOP 3] CanSendToHop dest=1 outstanding=0 threshold=0 effectiveWindow=1 pendingData=0 globalLimit=16 neighborOK=1 nodeOK=1 -> YES
[HOP 3] link_control dest=1 neighborKnown=1 s0=-109 pathloss=70 failures=0 speed=128 txPower=33 rxPower=-109 cost=116
[HOP 3] Pending DATA increment dest=1 pending=1
[HOP 3] TX historical-bare DATA neighbor=1 hopSeq=2
[MAC] Enqueue TX pkt dscp=0 insert_pos=0 queue_size_before=0
[MAC 2] PickTxSlot(dest=1) active_nodes_for_slotting=3 opnet_slot_range=31
[MAC 2] avoiding neighbor 1 currentReservedSlot=0 rtslot_counter=0
[MAC 2] PickTxSlot(dest=1) avoid:
[MAC 2] PickTxSlot chose 3 using historical next_tslot modulo probe
[MAC 2] starts Pre-Tx with new slot=3 holdoff_over=1
[MAC 3] PickTxSlot(dest=1) active_nodes_for_slotting=3 opnet_slot_range=31
[MAC 3] avoiding neighbor 1 currentReservedSlot=0 rtslot_counter=0
[MAC 3] PickTxSlot(dest=1) avoid:
[MAC 3] PickTxSlot chose 9 using historical next_tslot modulo probe
[MAC 3] starts Pre-Tx with new slot=9 holdoff_over=1
[MAC 1] PickTxSlot(dest=2) active_nodes_for_slotting=3 opnet_slot_range=31
[MAC 1] PickTxSlot(dest=2) avoid:
[MAC 1] PickTxSlot chose 1 using historical next_tslot modulo probe
[MAC 1] TX opportunity reached currentSlot=1 reserveNextSlot=1
... type=1 speedKey=128[t=0.737501] TX from node 1 to dest 2 seq 1 size 82 bytes segments 2 at slot 1 rate 128 kbps txPower 33 dBm (133333 bps) preamble SHORT duration 0.02454 s
[MAC 1] ACK transmitted in aggregate dest=2 seq=1 txCount=2/5
[MAC 1] ACK transmitted in aggregate dest=3 seq=1 txCount=2/5
[MAC 1] OPNET aggregate transmitted segments=2 ackSegments=2 dataSegments=0 bytes=82 rate=128
[HOP 2] CanSendToHop dest=1 outstanding=1 threshold=0 effectiveWindow=1 pendingData=1 globalLimit=16 neighborOK=0 nodeOK=1 -> NO
[HOP 3] CanSendToHop dest=1 outstanding=1 threshold=0 effectiveWindow=1 pendingData=1 globalLimit=16 neighborOK=0 nodeOK=1 -> NO
[MAC 2] rtslot_counter expired for neighbor 1 reserveSlot=1
[MAC 3] rtslot_counter expired for neighbor 1 reserveSlot=1
[HOP 2] CanSendToHop dest=1 outstanding=1 threshold=0 effectiveWindow=1 pendingData=1 globalLimit=16 neighborOK=0 nodeOK=1 -> NO
[HOP 3] CanSendToHop dest=1 outstanding=1 threshold=0 effectiveWindow=1 pendingData=1 globalLimit=16 neighborOK=0 nodeOK=1 -> NO
[MAC 1] resumes Pre-Tx with live slot=1 counter=1
[MAC 2] Learned neighbor 1 uses slot 1 (rtCounter=1)
[HOP 2] RX ACK from 1 seq=1
[MAC 3] Learned neighbor 1 uses slot 1 (rtCounter=1)
[HOP 3] RX ACK from 1 seq=1
[HOP 2] CanSendToHop dest=1 outstanding=1 threshold=0 effectiveWindow=1 pendingData=1 globalLimit=16 neighborOK=0 nodeOK=1 -> NO
[HOP 3] CanSendToHop dest=1 outstanding=1 threshold=0 effectiveWindow=1 pendingData=1 globalLimit=16 neighborOK=0 nodeOK=1 -> NO
[MAC 1] PickTxSlot(dest=2) active_nodes_for_slotting=3 opnet_slot_range=31
[MAC 1] PickTxSlot(dest=2) avoid:
[MAC 1] PickTxSlot chose 1 using historical next_tslot modulo probe
[MAC 1] TX opportunity reached currentSlot=1 reserveNextSlot=1
... type=1 speedKey=128[t=0.776501] TX from node 1 to dest 2 seq 1 size 82 bytes segments 2 at slot 1 rate 128 kbps txPower 33 dBm (133333 bps) preamble SHORT duration 0.02454 s
[MAC 1] ACK transmitted in aggregate dest=2 seq=1 txCount=3/5
[MAC 1] ACK transmitted in aggregate dest=3 seq=1 txCount=3/5
[MAC 1] OPNET aggregate transmitted segments=2 ackSegments=2 dataSegments=0 bytes=82 rate=128
[HOP 2] CanSendToHop dest=1 outstanding=1 threshold=0 effectiveWindow=1 pendingData=1 globalLimit=16 neighborOK=0 nodeOK=1 -> NO
[HOP 3] CanSendToHop dest=1 outstanding=1 threshold=0 effectiveWindow=1 pendingData=1 globalLimit=16 neighborOK=0 nodeOK=1 -> NO
[MAC 2] rtslot_counter expired for neighbor 1 reserveSlot=1
[MAC 2] PickTxSlot(dest=1) active_nodes_for_slotting=3 opnet_slot_range=31
[MAC 2] PickTxSlot(dest=1) avoid:
[MAC 2] PickTxSlot chose 7 using historical next_tslot modulo probe
[MAC 2] TX opportunity reached currentSlot=3 reserveNextSlot=7
... type=0 speedKey=128[t=0.78] TX from node 2 to dest 1 seq 2 size 48 bytes segments 1 at slot 7 rate 128 kbps txPower 33 dBm (133333 bps) preamble SHORT duration 0.0225 s
[HOP 2] MAC sent confirmation dest=1 seq=2 transmission=1 sentAt=0.78
[MAC 2] OPNET aggregate transmitted segments=1 ackSegments=0 dataSegments=1 bytes=48 rate=128
[MAC 3] rtslot_counter expired for neighbor 1 reserveSlot=1
[HOP 2] CanSendToHop dest=1 outstanding=1 threshold=0 effectiveWindow=1 pendingData=1 globalLimit=16 neighborOK=0 nodeOK=1 -> NO
[HOP 3] CanSendToHop dest=1 outstanding=1 threshold=0 effectiveWindow=1 pendingData=1 globalLimit=16 neighborOK=0 nodeOK=1 -> NO
[MAC 1] resumes Pre-Tx with live slot=1 counter=1
[MAC 2] Learned neighbor 1 uses slot 1 (rtCounter=1)
[HOP 2] RX ACK from 1 seq=1
[MAC 3] Learned neighbor 1 uses slot 1 (rtCounter=1)
[HOP 3] RX ACK from 1 seq=1
[HOP 2] CanSendToHop dest=1 outstanding=1 threshold=0 effectiveWindow=1 pendingData=1 globalLimit=16 neighborOK=0 nodeOK=1 -> NO
[HOP 3] CanSendToHop dest=1 outstanding=1 threshold=0 effectiveWindow=1 pendingData=1 globalLimit=16 neighborOK=0 nodeOK=1 -> NO
[MAC 2] post-TX WAIT_FOR_ACK until 20.8025 (POST_TX_WAIT=20 s)
[MAC 1] Learned neighbor 2 uses slot 7 (rtCounter=7)
[HOP 1] link_control dest=2 neighborKnown=1 s0=-109 pathloss=70 failures=0 speed=128 txPower=33 rxPower=-109 cost=116
[MAC 1] Update cumulative ACK queue entry dest=2 baseSeq=2 txCount=0
[MAC 1] PickTxSlot(dest=2) active_nodes_for_slotting=3 opnet_slot_range=31
[MAC 1] avoiding neighbor 2 currentReservedSlot=5 rtslot_counter=5
[MAC 1] PickTxSlot(dest=2) avoid: 5
[MAC 1] PickTxSlot chose 1 using historical next_tslot modulo probe
[MAC 1] TX opportunity reached currentSlot=1 reserveNextSlot=1
... type=1 speedKey=128[t=0.815501] TX from node 1 to dest 2 seq 2 size 82 bytes segments 2 at slot 1 rate 128 kbps txPower 33 dBm (133333 bps) preamble SHORT duration 0.02454 s
[MAC 1] ACK transmitted in aggregate dest=2 seq=2 txCount=1/5
[MAC 1] ACK transmitted in aggregate dest=3 seq=1 txCount=4/5
[MAC 1] OPNET aggregate transmitted segments=2 ackSegments=2 dataSegments=0 bytes=82 rate=128
[MAC 2] rtslot_counter expired for neighbor 1 reserveSlot=1
[MAC 3] rtslot_counter expired for neighbor 1 reserveSlot=1
[HOP 2] CanSendToHop dest=1 outstanding=1 threshold=0 effectiveWindow=1 pendingData=1 globalLimit=16 neighborOK=0 nodeOK=1 -> NO
[HOP 3] CanSendToHop dest=1 outstanding=1 threshold=0 effectiveWindow=1 pendingData=1 globalLimit=16 neighborOK=0 nodeOK=1 -> NO
[HOP 2] CanSendToHop dest=1 outstanding=1 threshold=0 effectiveWindow=1 pendingData=1 globalLimit=16 neighborOK=0 nodeOK=1 -> NO
[HOP 3] CanSendToHop dest=1 outstanding=1 threshold=0 effectiveWindow=1 pendingData=1 globalLimit=16 neighborOK=0 nodeOK=1 -> NO
[MAC 1] resumes Pre-Tx with live slot=1 counter=1
[MAC 2] Learned neighbor 1 uses slot 1 (rtCounter=1)
[HOP 2] RX ACK from 1 seq=2
[HOP 2] Pending DATA decrement reason=ACK neighbor=1 pending=0
[MAC 3] Learned neighbor 1 uses slot 1 (rtCounter=1)
[HOP 3] RX ACK from 1 seq=1
[HOP 2] CanSendToHop dest=1 outstanding=0 threshold=0 effectiveWindow=1 pendingData=0 globalLimit=16 neighborOK=1 nodeOK=1 -> YES
[HOP 2] link_control dest=1 neighborKnown=1 s0=-109 pathloss=70 failures=0 speed=128 txPower=33 rxPower=-109 cost=116
[HOP 2] Pending DATA increment dest=1 pending=1
[HOP 2] TX historical-bare DATA neighbor=1 hopSeq=3
[MAC] Enqueue TX pkt dscp=0 insert_pos=0 queue_size_before=0
[HOP 3] CanSendToHop dest=1 outstanding=1 threshold=0 effectiveWindow=1 pendingData=1 globalLimit=16 neighborOK=0 nodeOK=1 -> NO
[MAC 2] resumes Pre-Tx with live slot=7 counter=3
[MAC 1] PickTxSlot(dest=2) active_nodes_for_slotting=3 opnet_slot_range=31
[MAC 1] avoiding neighbor 2 currentReservedSlot=3 rtslot_counter=3
[MAC 1] PickTxSlot(dest=2) avoid: 3
[MAC 1] PickTxSlot chose 1 using historical next_tslot modulo probe
[MAC 1] TX opportunity reached currentSlot=1 reserveNextSlot=1
... type=1 speedKey=128[t=0.854501] TX from node 1 to dest 2 seq 2 size 82 bytes segments 2 at slot 1 rate 128 kbps txPower 33 dBm (133333 bps) preamble SHORT duration 0.02454 s
[MAC 1] ACK transmitted in aggregate dest=2 seq=2 txCount=2/5
[MAC 1] ACK transmitted in aggregate dest=3 seq=1 txCount=5/5
[MAC 1] Remove ACK after OPNET resend limit dest=3 seq=1
[MAC 1] OPNET aggregate transmitted segments=2 ackSegments=2 dataSegments=0 bytes=82 rate=128
[MAC 2] rtslot_counter expired for neighbor 1 reserveSlot=1
[MAC 3] rtslot_counter expired for neighbor 1 reserveSlot=1
[MAC 3] PickTxSlot(dest=1) active_nodes_for_slotting=3 opnet_slot_range=31
[MAC 3] PickTxSlot(dest=1) avoid:
[MAC 3] PickTxSlot chose 1 using historical next_tslot modulo probe
[MAC 3] TX opportunity reached currentSlot=9 reserveNextSlot=1
... type=0 speedKey=128[t=0.858] TX from node 3 to dest 1 seq 2 size 48 bytes segments 1 at slot 1 rate 128 kbps txPower 33 dBm (133333 bps) preamble SHORT duration 0.0225 s
[HOP 3] MAC sent confirmation dest=1 seq=2 transmission=1 sentAt=0.858
[MAC 3] OPNET aggregate transmitted segments=1 ackSegments=0 dataSegments=1 bytes=48 rate=128
[HOP 2] CanSendToHop dest=1 outstanding=1 threshold=0 effectiveWindow=1 pendingData=1 globalLimit=16 neighborOK=0 nodeOK=1 -> NO
[HOP 3] CanSendToHop dest=1 outstanding=1 threshold=0 effectiveWindow=1 pendingData=1 globalLimit=16 neighborOK=0 nodeOK=1 -> NO
[MAC 1] resumes Pre-Tx with live slot=1 counter=1
[MAC 2] Learned neighbor 1 uses slot 1 (rtCounter=1)
[HOP 2] RX ACK from 1 seq=2
[MAC 3] Learned neighbor 1 uses slot 1 (rtCounter=1)
[HOP 3] RX ACK from 1 seq=1
[HOP 2] CanSendToHop dest=1 outstanding=1 threshold=0 effectiveWindow=1 pendingData=1 globalLimit=16 neighborOK=0 nodeOK=1 -> NO
[HOP 3] CanSendToHop dest=1 outstanding=1 threshold=0 effectiveWindow=1 pendingData=1 globalLimit=16 neighborOK=0 nodeOK=1 -> NO
[HOP 2] CanSendToHop dest=1 outstanding=1 threshold=0 effectiveWindow=1 pendingData=1 globalLimit=16 neighborOK=0 nodeOK=1 -> NO
[HOP 3] CanSendToHop dest=1 outstanding=1 threshold=0 effectiveWindow=1 pendingData=1 globalLimit=16 neighborOK=0 nodeOK=1 -> NO
[MAC 3] post-TX WAIT_FOR_ACK until 20.8805 (POST_TX_WAIT=20 s)
[MAC 1] Learned neighbor 3 uses slot 1 (rtCounter=1)
[HOP 1] link_control dest=3 neighborKnown=1 s0=-109 pathloss=70 failures=0 speed=128 txPower=33 rxPower=-109 cost=116
[MAC 1] Enqueue ACK dest=3 seq=2 window=1 ack_queue_size=2
[MAC 1] rtslot_counter expired for neighbor 3 reserveSlot=1
[MAC 1] PickTxSlot(dest=2) active_nodes_for_slotting=3 opnet_slot_range=31
[MAC 1] avoiding neighbor 2 currentReservedSlot=1 rtslot_counter=1
[MAC 1] PickTxSlot(dest=2) avoid: 1
[MAC 1] PickTxSlot chose 2 using historical next_tslot modulo probe
[MAC 1] TX opportunity reached currentSlot=1 reserveNextSlot=2
... type=1 speedKey=128[t=0.893501] TX from node 1 to dest 2 seq 2 size 82 bytes segments 2 at slot 2 rate 128 kbps txPower 33 dBm (133333 bps) preamble SHORT duration 0.02454 s
[MAC 1] ACK transmitted in aggregate dest=2 seq=2 txCount=3/5
[MAC 1] ACK transmitted in aggregate dest=3 seq=2 txCount=1/5
[MAC 1] OPNET aggregate transmitted segments=2 ackSegments=2 dataSegments=0 bytes=82 rate=128
[MAC 2] rtslot_counter expired for neighbor 1 reserveSlot=1
[MAC 2] PickTxSlot(dest=1) active_nodes_for_slotting=3 opnet_slot_range=31
[MAC 2] PickTxSlot(dest=1) avoid:
[MAC 2] PickTxSlot chose 3 using historical next_tslot modulo probe
[MAC 2] TX opportunity reached currentSlot=7 reserveNextSlot=3
... type=0 speedKey=128[t=0.897] TX from node 2 to dest 1 seq 3 size 48 bytes segments 1 at slot 3 rate 128 kbps txPower 33 dBm (133333 bps) preamble SHORT duration 0.0225 s
[HOP 2] MAC sent confirmation dest=1 seq=3 transmission=1 sentAt=0.897
[MAC 2] OPNET aggregate transmitted segments=1 ackSegments=0 dataSegments=1 bytes=48 rate=128
[MAC 3] rtslot_counter expired for neighbor 1 reserveSlot=1
[MAC 3] local advertised reservation expired
[HOP 2] CanSendToHop dest=1 outstanding=1 threshold=0 effectiveWindow=1 pendingData=1 globalLimit=16 neighborOK=0 nodeOK=1 -> NO
[HOP 3] CanSendToHop dest=1 outstanding=1 threshold=0 effectiveWindow=1 pendingData=1 globalLimit=16 neighborOK=0 nodeOK=1 -> NO
[MAC 1] resumes Pre-Tx with live slot=2 counter=2
[MAC 2] Learned neighbor 1 uses slot 2 (rtCounter=2)
[HOP 2] RX ACK from 1 seq=2
[MAC 3] Learned neighbor 1 uses slot 2 (rtCounter=2)
[HOP 3] RX ACK from 1 seq=2
[HOP 3] Pending DATA decrement reason=ACK neighbor=1 pending=0
[HOP 2] CanSendToHop dest=1 outstanding=1 threshold=0 effectiveWindow=1 pendingData=1 globalLimit=16 neighborOK=0 nodeOK=1 -> NO
[HOP 3] CanSendToHop dest=1 outstanding=0 threshold=0 effectiveWindow=1 pendingData=0 globalLimit=16 neighborOK=1 nodeOK=1 -> YES
[HOP 3] link_control dest=1 neighborKnown=1 s0=-109 pathloss=70 failures=0 speed=128 txPower=33 rxPower=-109 cost=116
[HOP 3] Pending DATA increment dest=1 pending=1
[HOP 3] TX historical-bare DATA neighbor=1 hopSeq=3
[MAC] Enqueue TX pkt dscp=0 insert_pos=0 queue_size_before=0
[MAC 2] post-TX WAIT_FOR_ACK until 20.9195 (POST_TX_WAIT=20 s)
[MAC 1] Learned neighbor 2 uses slot 3 (rtCounter=3)
[HOP 1] link_control dest=2 neighborKnown=1 s0=-109 pathloss=70 failures=0 speed=128 txPower=33 rxPower=-109 cost=116
[MAC 1] Update cumulative ACK queue entry dest=2 baseSeq=3 txCount=0
[HOP 2] CanSendToHop dest=1 outstanding=1 threshold=0 effectiveWindow=1 pendingData=1 globalLimit=16 neighborOK=0 nodeOK=1 -> NO
[HOP 3] CanSendToHop dest=1 outstanding=1 threshold=0 effectiveWindow=1 pendingData=1 globalLimit=16 neighborOK=0 nodeOK=1 -> NO
[MAC 3] PickTxSlot(dest=1) active_nodes_for_slotting=3 opnet_slot_range=31
[MAC 3] avoiding neighbor 1 currentReservedSlot=1 rtslot_counter=1
[MAC 3] PickTxSlot(dest=1) avoid: 1
[MAC 3] PickTxSlot chose 9 using historical next_tslot modulo probe
[MAC 3] starts Pre-Tx with new slot=9 holdoff_over=1
[HOP 2] CanSendToHop dest=1 outstanding=1 threshold=0 effectiveWindow=1 pendingData=1 globalLimit=16 neighborOK=0 nodeOK=1 -> NO
[HOP 3] CanSendToHop dest=1 outstanding=1 threshold=0 effectiveWindow=1 pendingData=1 globalLimit=16 neighborOK=0 nodeOK=1 -> NO
[MAC 1] PickTxSlot(dest=2) active_nodes_for_slotting=3 opnet_slot_range=31
[MAC 1] avoiding neighbor 2 currentReservedSlot=0 rtslot_counter=0
[MAC 1] PickTxSlot(dest=2) avoid:
[MAC 1] PickTxSlot chose 1 using historical next_tslot modulo probe
[MAC 1] TX opportunity reached currentSlot=2 reserveNextSlot=1
... type=1 speedKey=128[t=0.945501] TX from node 1 to dest 2 seq 3 size 82 bytes segments 2 at slot 1 rate 128 kbps txPower 33 dBm (133333 bps) preamble SHORT duration 0.02454 s
[MAC 1] ACK transmitted in aggregate dest=2 seq=3 txCount=1/5
[MAC 1] ACK transmitted in aggregate dest=3 seq=2 txCount=2/5
[MAC 1] OPNET aggregate transmitted segments=2 ackSegments=2 dataSegments=0 bytes=82 rate=128
[MAC 2] rtslot_counter expired for neighbor 1 reserveSlot=2
[MAC 3] rtslot_counter expired for neighbor 1 reserveSlot=2
[HOP 2] CanSendToHop dest=1 outstanding=1 threshold=0 effectiveWindow=1 pendingData=1 globalLimit=16 neighborOK=0 nodeOK=1 -> NO
[HOP 3] CanSendToHop dest=1 outstanding=1 threshold=0 effectiveWindow=1 pendingData=1 globalLimit=16 neighborOK=0 nodeOK=1 -> NO
[MAC 2] local advertised reservation expired
[MAC 1] resumes Pre-Tx with live slot=1 counter=1
[MAC 2] Learned neighbor 1 uses slot 1 (rtCounter=1)
[HOP 2] RX ACK from 1 seq=3
[HOP 2] Pending DATA decrement reason=ACK neighbor=1 pending=0
[HOP 2] Adaptive flow threshold increased neighbor=1 old=0 new=1 effectiveWindow=2
[MAC 3] Learned neighbor 1 uses slot 1 (rtCounter=1)
[HOP 3] RX ACK from 1 seq=2
[HOP 2] CanSendToHop dest=1 outstanding=0 threshold=1 effectiveWindow=2 pendingData=0 globalLimit=16 neighborOK=1 nodeOK=1 -> YES
[HOP 2] link_control dest=1 neighborKnown=1 s0=-109 pathloss=70 failures=0 speed=128 txPower=33 rxPower=-109 cost=116
[HOP 2] Pending DATA increment dest=1 pending=1
[HOP 2] TX historical-bare DATA neighbor=1 hopSeq=4
[MAC] Enqueue TX pkt dscp=0 insert_pos=0 queue_size_before=0
[HOP 3] CanSendToHop dest=1 outstanding=1 threshold=0 effectiveWindow=1 pendingData=1 globalLimit=16 neighborOK=0 nodeOK=1 -> NO
[MAC 1] rtslot_counter expired for neighbor 2 reserveSlot=3
[MAC 2] PickTxSlot(dest=1) active_nodes_for_slotting=3 opnet_slot_range=31
[MAC 2] avoiding neighbor 1 currentReservedSlot=0 rtslot_counter=0
[MAC 2] PickTxSlot(dest=1) avoid:
[MAC 2] PickTxSlot chose 7 using historical next_tslot modulo probe
[MAC 2] starts Pre-Tx with new slot=7 holdoff_over=1
[HOP 3] CanSendToHop dest=1 outstanding=1 threshold=0 effectiveWindow=1 pendingData=1 globalLimit=16 neighborOK=0 nodeOK=1 -> NO
[MAC 1] PickTxSlot(dest=2) active_nodes_for_slotting=3 opnet_slot_range=31
[MAC 1] PickTxSlot(dest=2) avoid:
[MAC 1] PickTxSlot chose 1 using historical next_tslot modulo probe
[MAC 1] TX opportunity reached currentSlot=1 reserveNextSlot=1
... type=1 speedKey=128[t=0.984501] TX from node 1 to dest 2 seq 3 size 82 bytes segments 2 at slot 1 rate 128 kbps txPower 33 dBm (133333 bps) preamble SHORT duration 0.02454 s
[MAC 1] ACK transmitted in aggregate dest=2 seq=3 txCount=2/5
[MAC 1] ACK transmitted in aggregate dest=3 seq=2 txCount=3/5
[MAC 1] OPNET aggregate transmitted segments=2 ackSegments=2 dataSegments=0 bytes=82 rate=128
[MAC 2] rtslot_counter expired for neighbor 1 reserveSlot=1
[MAC 3] rtslot_counter expired for neighbor 1 reserveSlot=1
[HOP 3] CanSendToHop dest=1 outstanding=1 threshold=0 effectiveWindow=1 pendingData=1 globalLimit=16 neighborOK=0 nodeOK=1 -> NO
[MAC 1] resumes Pre-Tx with live slot=1 counter=1
[MAC 2] Learned neighbor 1 uses slot 1 (rtCounter=1)
[HOP 2] RX ACK from 1 seq=3
[MAC 3] Learned neighbor 1 uses slot 1 (rtCounter=1)
[HOP 3] RX ACK from 1 seq=2
[HOP 3] CanSendToHop dest=1 outstanding=1 threshold=0 effectiveWindow=1 pendingData=1 globalLimit=16 neighborOK=0 nodeOK=1 -> NO
[HOP 3] CanSendToHop dest=1 outstanding=1 threshold=0 effectiveWindow=1 pendingData=1 globalLimit=16 neighborOK=0 nodeOK=1 -> NO
[MAC 1] PickTxSlot(dest=2) active_nodes_for_slotting=3 opnet_slot_range=31
[MAC 1] PickTxSlot(dest=2) avoid:
[MAC 1] PickTxSlot chose 1 using historical next_tslot modulo probe
[MAC 1] TX opportunity reached currentSlot=1 reserveNextSlot=1
... type=1 speedKey=128[t=1.0235] TX from node 1 to dest 2 seq 3 size 82 bytes segments 2 at slot 1 rate 128 kbps txPower 33 dBm (133333 bps) preamble SHORT duration 0.02454 s
[MAC 1] ACK transmitted in aggregate dest=2 seq=3 txCount=3/5
[MAC 1] ACK transmitted in aggregate dest=3 seq=2 txCount=4/5
[MAC 1] OPNET aggregate transmitted segments=2 ackSegments=2 dataSegments=0 bytes=82 rate=128
[MAC 2] rtslot_counter expired for neighbor 1 reserveSlot=1
[MAC 3] rtslot_counter expired for neighbor 1 reserveSlot=1
[HOP 3] CanSendToHop dest=1 outstanding=1 threshold=0 effectiveWindow=1 pendingData=1 globalLimit=16 neighborOK=0 nodeOK=1 -> NO
[MAC 1] resumes Pre-Tx with live slot=1 counter=1
[MAC 2] Learned neighbor 1 uses slot 1 (rtCounter=1)
[HOP 2] RX ACK from 1 seq=3
[MAC 3] Learned neighbor 1 uses slot 1 (rtCounter=1)
[HOP 3] RX ACK from 1 seq=2
[HOP 3] CanSendToHop dest=1 outstanding=1 threshold=0 effectiveWindow=1 pendingData=1 globalLimit=16 neighborOK=0 nodeOK=1 -> NO
[MAC 3] PickTxSlot(dest=1) active_nodes_for_slotting=3 opnet_slot_range=31
[MAC 3] avoiding neighbor 1 currentReservedSlot=0 rtslot_counter=0
[MAC 3] PickTxSlot(dest=1) avoid:
[MAC 3] PickTxSlot chose 1 using historical next_tslot modulo probe
[MAC 3] TX opportunity reached currentSlot=9 reserveNextSlot=1
... type=0 speedKey=128[t=1.053] TX from node 3 to dest 1 seq 3 size 48 bytes segments 1 at slot 1 rate 128 kbps txPower 33 dBm (133333 bps) preamble SHORT duration 0.0225 s
[HOP 3] MAC sent confirmation dest=1 seq=3 transmission=1 sentAt=1.053
[MAC 3] OPNET aggregate transmitted segments=1 ackSegments=0 dataSegments=1 bytes=48 rate=128
[HOP 3] CanSendToHop dest=1 outstanding=1 threshold=0 effectiveWindow=1 pendingData=1 globalLimit=16 neighborOK=0 nodeOK=1 -> NO
[MAC 1] PickTxSlot(dest=2) active_nodes_for_slotting=3 opnet_slot_range=31
[MAC 1] PickTxSlot(dest=2) avoid:
[MAC 1] PickTxSlot chose 1 using historical next_tslot modulo probe
[MAC 1] TX opportunity reached currentSlot=1 reserveNextSlot=1
... type=1 speedKey=128[t=1.0625] TX from node 1 to dest 2 seq 3 size 82 bytes segments 2 at slot 1 rate 128 kbps txPower 33 dBm (133333 bps) preamble SHORT duration 0.02454 s
[MAC 1] ACK transmitted in aggregate dest=2 seq=3 txCount=4/5
[MAC 1] ACK transmitted in aggregate dest=3 seq=2 txCount=5/5
[MAC 1] Remove ACK after OPNET resend limit dest=3 seq=2
[MAC 1] OPNET aggregate transmitted segments=2 ackSegments=2 dataSegments=0 bytes=82 rate=128
[MAC 2] rtslot_counter expired for neighbor 1 reserveSlot=1
[MAC 3] post-TX WAIT_FOR_ACK until 21.0755 (POST_TX_WAIT=20 s)
[MAC 1] Learned neighbor 3 uses slot 1 (rtCounter=1)
[HOP 1] link_control dest=3 neighborKnown=1 s0=-109 pathloss=70 failures=0 speed=128 txPower=33 rxPower=-109 cost=116
[MAC 1] Enqueue ACK dest=3 seq=3 window=1 ack_queue_size=2
[MAC 2] PickTxSlot(dest=1) active_nodes_for_slotting=3 opnet_slot_range=31
[MAC 2] PickTxSlot(dest=1) avoid:
[MAC 2] PickTxSlot chose 3 using historical next_tslot modulo probe
[MAC 2] TX opportunity reached currentSlot=7 reserveNextSlot=3
... type=0 speedKey=128[t=1.079] TX from node 2 to dest 1 seq 4 size 48 bytes segments 1 at slot 3 rate 128 kbps txPower 33 dBm (133333 bps) preamble SHORT duration 0.0225 s
[HOP 2] MAC sent confirmation dest=1 seq=4 transmission=1 sentAt=1.079
[MAC 2] OPNET aggregate transmitted segments=1 ackSegments=0 dataSegments=1 bytes=48 rate=128
[MAC 3] rtslot_counter expired for neighbor 1 reserveSlot=1
[HOP 3] CanSendToHop dest=1 outstanding=1 threshold=0 effectiveWindow=1 pendingData=1 globalLimit=16 neighborOK=0 nodeOK=1 -> NO
[MAC 1] resumes Pre-Tx with live slot=1 counter=1
[MAC 2] Learned neighbor 1 uses slot 1 (rtCounter=1)
[HOP 2] RX ACK from 1 seq=3
[MAC 3] Learned neighbor 1 uses slot 1 (rtCounter=1)
[HOP 3] RX ACK from 1 seq=2
[HOP 3] CanSendToHop dest=1 outstanding=1 threshold=0 effectiveWindow=1 pendingData=1 globalLimit=16 neighborOK=0 nodeOK=1 -> NO
[MAC 3] local advertised reservation expired
[HOP 3] CanSendToHop dest=1 outstanding=1 threshold=0 effectiveWindow=1 pendingData=1 globalLimit=16 neighborOK=0 nodeOK=1 -> NO
[MAC 2] post-TX WAIT_FOR_ACK until 21.1015 (POST_TX_WAIT=20 s)
[MAC 1] Learned neighbor 2 uses slot 3 (rtCounter=3)
[HOP 1] link_control dest=2 neighborKnown=1 s0=-109 pathloss=70 failures=0 speed=128 txPower=33 rxPower=-109 cost=116
[MAC 1] Update cumulative ACK queue entry dest=2 baseSeq=4 txCount=0
[MAC 1] rtslot_counter expired for neighbor 3 reserveSlot=1
[MAC 1] PickTxSlot(dest=2) active_nodes_for_slotting=3 opnet_slot_range=31
[MAC 1] avoiding neighbor 2 currentReservedSlot=2 rtslot_counter=2
[MAC 1] PickTxSlot(dest=2) avoid: 2
[MAC 1] PickTxSlot chose 1 using historical next_tslot modulo probe
[MAC 1] TX opportunity reached currentSlot=1 reserveNextSlot=1
... type=1 speedKey=128[t=1.1015] TX from node 1 to dest 2 seq 4 size 82 bytes segments 2 at slot 1 rate 128 kbps txPower 33 dBm (133333 bps) preamble SHORT duration 0.02454 s
[MAC 1] ACK transmitted in aggregate dest=2 seq=4 txCount=1/5
[MAC 1] ACK transmitted in aggregate dest=3 seq=3 txCount=1/5
[MAC 1] OPNET aggregate transmitted segments=2 ackSegments=2 dataSegments=0 bytes=82 rate=128
[MAC 3] rtslot_counter expired for neighbor 1 reserveSlot=1
[MAC 2] rtslot_counter expired for neighbor 1 reserveSlot=1
[HOP 3] CanSendToHop dest=1 outstanding=1 threshold=0 effectiveWindow=1 pendingData=1 globalLimit=16 neighborOK=0 nodeOK=1 -> NO
[MAC 1] resumes Pre-Tx with live slot=1 counter=1
[MAC 2] Learned neighbor 1 uses slot 1 (rtCounter=1)
[HOP 2] RX ACK from 1 seq=4
[HOP 2] Pending DATA decrement reason=ACK neighbor=1 pending=0
[MAC 3] Learned neighbor 1 uses slot 1 (rtCounter=1)
[HOP 3] RX ACK from 1 seq=3
[HOP 3] Pending DATA decrement reason=ACK neighbor=1 pending=0
[HOP 3] Adaptive flow threshold increased neighbor=1 old=0 new=1 effectiveWindow=2
[HOP 3] CanSendToHop dest=1 outstanding=0 threshold=1 effectiveWindow=2 pendingData=0 globalLimit=16 neighborOK=1 nodeOK=1 -> YES
[HOP 3] link_control dest=1 neighborKnown=1 s0=-109 pathloss=70 failures=0 speed=128 txPower=33 rxPower=-109 cost=116
[HOP 3] Pending DATA increment dest=1 pending=1
[HOP 3] TX historical-bare DATA neighbor=1 hopSeq=4
[MAC] Enqueue TX pkt dscp=0 insert_pos=0 queue_size_before=0
[MAC 3] PickTxSlot(dest=1) active_nodes_for_slotting=3 opnet_slot_range=31
[MAC 3] avoiding neighbor 1 currentReservedSlot=0 rtslot_counter=0
[MAC 3] PickTxSlot(dest=1) avoid:
[MAC 3] PickTxSlot chose 9 using historical next_tslot modulo probe
[MAC 3] starts Pre-Tx with new slot=9 holdoff_over=1
[MAC 1] PickTxSlot(dest=2) active_nodes_for_slotting=3 opnet_slot_range=31
[MAC 1] avoiding neighbor 2 currentReservedSlot=0 rtslot_counter=0
[MAC 1] PickTxSlot(dest=2) avoid:
[MAC 1] PickTxSlot chose 1 using historical next_tslot modulo probe
[MAC 1] TX opportunity reached currentSlot=1 reserveNextSlot=1
... type=1 speedKey=128[t=1.1405] TX from node 1 to dest 2 seq 4 size 82 bytes segments 2 at slot 1 rate 128 kbps txPower 33 dBm (133333 bps) preamble SHORT duration 0.02454 s
[MAC 1] ACK transmitted in aggregate dest=2 seq=4 txCount=2/5
[MAC 1] ACK transmitted in aggregate dest=3 seq=3 txCount=2/5
[MAC 1] OPNET aggregate transmitted segments=2 ackSegments=2 dataSegments=0 bytes=82 rate=128
[MAC 2] rtslot_counter expired for neighbor 1 reserveSlot=1
[MAC 2] local advertised reservation expired
[MAC 3] rtslot_counter expired for neighbor 1 reserveSlot=1
[MAC 1] resumes Pre-Tx with live slot=1 counter=1
[MAC 2] Learned neighbor 1 uses slot 1 (rtCounter=1)
[HOP 2] RX ACK from 1 seq=4
[MAC 3] Learned neighbor 1 uses slot 1 (rtCounter=1)
[HOP 3] RX ACK from 1 seq=3
[MAC 1] rtslot_counter expired for neighbor 2 reserveSlot=3
[MAC 1] PickTxSlot(dest=2) active_nodes_for_slotting=3 opnet_slot_range=31
[MAC 1] PickTxSlot(dest=2) avoid:
[MAC 1] PickTxSlot chose 1 using historical next_tslot modulo probe
[MAC 1] TX opportunity reached currentSlot=1 reserveNextSlot=1
... type=1 speedKey=128[t=1.1795] TX from node 1 to dest 2 seq 4 size 82 bytes segments 2 at slot 1 rate 128 kbps txPower 33 dBm (133333 bps) preamble SHORT duration 0.02454 s
[MAC 1] ACK transmitted in aggregate dest=2 seq=4 txCount=3/5
[MAC 1] ACK transmitted in aggregate dest=3 seq=3 txCount=3/5
[MAC 1] OPNET aggregate transmitted segments=2 ackSegments=2 dataSegments=0 bytes=82 rate=128
[MAC 2] rtslot_counter expired for neighbor 1 reserveSlot=1
[MAC 3] rtslot_counter expired for neighbor 1 reserveSlot=1
[MAC 1] resumes Pre-Tx with live slot=1 counter=1
[MAC 2] Learned neighbor 1 uses slot 1 (rtCounter=1)
[HOP 2] RX ACK from 1 seq=4
[MAC 3] Learned neighbor 1 uses slot 1 (rtCounter=1)
[HOP 3] RX ACK from 1 seq=3
[MAC 1] PickTxSlot(dest=2) active_nodes_for_slotting=3 opnet_slot_range=31
[MAC 1] PickTxSlot(dest=2) avoid:
[MAC 1] PickTxSlot chose 1 using historical next_tslot modulo probe
[MAC 1] TX opportunity reached currentSlot=1 reserveNextSlot=1
... type=1 speedKey=128[t=1.2185] TX from node 1 to dest 2 seq 4 size 82 bytes segments 2 at slot 1 rate 128 kbps txPower 33 dBm (133333 bps) preamble SHORT duration 0.02454 s
[MAC 1] ACK transmitted in aggregate dest=2 seq=4 txCount=4/5
[MAC 1] ACK transmitted in aggregate dest=3 seq=3 txCount=4/5
[MAC 1] OPNET aggregate transmitted segments=2 ackSegments=2 dataSegments=0 bytes=82 rate=128
[MAC 2] rtslot_counter expired for neighbor 1 reserveSlot=1
[MAC 3] rtslot_counter expired for neighbor 1 reserveSlot=1
[MAC 1] resumes Pre-Tx with live slot=1 counter=1
[MAC 2] Learned neighbor 1 uses slot 1 (rtCounter=1)
[HOP 2] RX ACK from 1 seq=4
[MAC 3] Learned neighbor 1 uses slot 1 (rtCounter=1)
[HOP 3] RX ACK from 1 seq=3
[MAC 1] PickTxSlot(dest=2) active_nodes_for_slotting=3 opnet_slot_range=31
[MAC 1] PickTxSlot(dest=2) avoid:
[MAC 1] PickTxSlot chose 1 using historical next_tslot modulo probe
[MAC 1] TX opportunity reached currentSlot=1 reserveNextSlot=1
... type=1 speedKey=128[t=1.2575] TX from node 1 to dest 2 seq 4 size 82 bytes segments 2 at slot 1 rate 128 kbps txPower 33 dBm (133333 bps) preamble SHORT duration 0.02454 s
[MAC 1] ACK transmitted in aggregate dest=2 seq=4 txCount=5/5
[MAC 1] ACK transmitted in aggregate dest=3 seq=3 txCount=5/5
[MAC 1] Remove ACK after OPNET resend limit dest=2 seq=4
[MAC 1] Remove ACK after OPNET resend limit dest=3 seq=3
[MAC 1] OPNET aggregate transmitted segments=2 ackSegments=2 dataSegments=0 bytes=82 rate=128
[MAC 2] rtslot_counter expired for neighbor 1 reserveSlot=1
[MAC 3] rtslot_counter expired for neighbor 1 reserveSlot=1
[MAC 3] PickTxSlot(dest=1) active_nodes_for_slotting=3 opnet_slot_range=31
[MAC 3] PickTxSlot(dest=1) avoid:
[MAC 3] PickTxSlot chose 1 using historical next_tslot modulo probe
[MAC 3] TX opportunity reached currentSlot=9 reserveNextSlot=1
... type=0 speedKey=128[t=1.261] TX from node 3 to dest 1 seq 4 size 48 bytes segments 1 at slot 1 rate 128 kbps txPower 33 dBm (133333 bps) preamble SHORT duration 0.0225 s
[HOP 3] MAC sent confirmation dest=1 seq=4 transmission=1 sentAt=1.261
[MAC 3] OPNET aggregate transmitted segments=1 ackSegments=0 dataSegments=1 bytes=48 rate=128
[MAC 1] post-TX WAIT_FOR_ACK until 21.282 (POST_TX_WAIT=20 s)
[MAC 2] Learned neighbor 1 uses slot 1 (rtCounter=1)
[HOP 2] RX ACK from 1 seq=4
[MAC 3] Learned neighbor 1 uses slot 1 (rtCounter=1)
[HOP 3] RX ACK from 1 seq=3
[MAC 3] post-TX WAIT_FOR_ACK until 21.2835 (POST_TX_WAIT=20 s)
[MAC 1] Learned neighbor 3 uses slot 1 (rtCounter=1)
[HOP 1] link_control dest=3 neighborKnown=1 s0=-109 pathloss=70 failures=0 speed=128 txPower=33 rxPower=-109 cost=116
[MAC 1] Enqueue ACK dest=3 seq=4 window=1 ack_queue_size=1
[MAC 1] resumes Pre-Tx with live slot=1 counter=0
[MAC 1] rtslot_counter expired for neighbor 3 reserveSlot=1
[MAC 1] PickTxSlot(dest=3) active_nodes_for_slotting=3 opnet_slot_range=31
[MAC 1] PickTxSlot(dest=3) avoid:
[MAC 1] PickTxSlot chose 1 using historical next_tslot modulo probe
[MAC 1] TX opportunity reached currentSlot=1 reserveNextSlot=1
... type=1 speedKey=128[t=1.2965] TX from node 1 to dest 3 seq 4 size 41 bytes segments 1 at slot 1 rate 128 kbps txPower 33 dBm (133333 bps) preamble SHORT duration 0.02208 s
[MAC 1] ACK transmitted in aggregate dest=3 seq=4 txCount=1/5
[MAC 1] OPNET aggregate transmitted segments=1 ackSegments=1 dataSegments=0 bytes=41 rate=128
[MAC 2] rtslot_counter expired for neighbor 1 reserveSlot=1
[MAC 3] rtslot_counter expired for neighbor 1 reserveSlot=1
[MAC 3] local advertised reservation expired
[MAC 1] resumes Pre-Tx with live slot=1 counter=1
[MAC 3] Learned neighbor 1 uses slot 1 (rtCounter=1)
[HOP 3] RX ACK from 1 seq=4
[HOP 3] Pending DATA decrement reason=ACK neighbor=1 pending=0
[MAC 1] PickTxSlot(dest=3) active_nodes_for_slotting=3 opnet_slot_range=31
[MAC 1] PickTxSlot(dest=3) avoid:
[MAC 1] PickTxSlot chose 1 using historical next_tslot modulo probe
[MAC 1] TX opportunity reached currentSlot=1 reserveNextSlot=1
... type=1 speedKey=128[t=1.3355] TX from node 1 to dest 3 seq 4 size 41 bytes segments 1 at slot 1 rate 128 kbps txPower 33 dBm (133333 bps) preamble SHORT duration 0.02208 s
[MAC 1] ACK transmitted in aggregate dest=3 seq=4 txCount=2/5
[MAC 1] OPNET aggregate transmitted segments=1 ackSegments=1 dataSegments=0 bytes=41 rate=128
[MAC 3] rtslot_counter expired for neighbor 1 reserveSlot=1
[MAC 1] resumes Pre-Tx with live slot=1 counter=1
[MAC 3] Learned neighbor 1 uses slot 1 (rtCounter=1)
[HOP 3] RX ACK from 1 seq=4
[MAC 1] PickTxSlot(dest=3) active_nodes_for_slotting=3 opnet_slot_range=31
[MAC 1] PickTxSlot(dest=3) avoid:
[MAC 1] PickTxSlot chose 1 using historical next_tslot modulo probe
[MAC 1] TX opportunity reached currentSlot=1 reserveNextSlot=1
... type=1 speedKey=128[t=1.3745] TX from node 1 to dest 3 seq 4 size 41 bytes segments 1 at slot 1 rate 128 kbps txPower 33 dBm (133333 bps) preamble SHORT duration 0.02208 s
[MAC 1] ACK transmitted in aggregate dest=3 seq=4 txCount=3/5
[MAC 1] OPNET aggregate transmitted segments=1 ackSegments=1 dataSegments=0 bytes=41 rate=128
[MAC 3] rtslot_counter expired for neighbor 1 reserveSlot=1
[MAC 1] resumes Pre-Tx with live slot=1 counter=1
[MAC 3] Learned neighbor 1 uses slot 1 (rtCounter=1)
[HOP 3] RX ACK from 1 seq=4
[MAC 1] PickTxSlot(dest=3) active_nodes_for_slotting=3 opnet_slot_range=31
[MAC 1] PickTxSlot(dest=3) avoid:
[MAC 1] PickTxSlot chose 1 using historical next_tslot modulo probe
[MAC 1] TX opportunity reached currentSlot=1 reserveNextSlot=1
... type=1 speedKey=128[t=1.4135] TX from node 1 to dest 3 seq 4 size 41 bytes segments 1 at slot 1 rate 128 kbps txPower 33 dBm (133333 bps) preamble SHORT duration 0.02208 s
[MAC 1] ACK transmitted in aggregate dest=3 seq=4 txCount=4/5
[MAC 1] OPNET aggregate transmitted segments=1 ackSegments=1 dataSegments=0 bytes=41 rate=128
[MAC 3] rtslot_counter expired for neighbor 1 reserveSlot=1
[MAC 1] resumes Pre-Tx with live slot=1 counter=1
[MAC 3] Learned neighbor 1 uses slot 1 (rtCounter=1)
[HOP 3] RX ACK from 1 seq=4
[MAC 1] PickTxSlot(dest=3) active_nodes_for_slotting=3 opnet_slot_range=31
[MAC 1] PickTxSlot(dest=3) avoid:
[MAC 1] PickTxSlot chose 1 using historical next_tslot modulo probe
[MAC 1] TX opportunity reached currentSlot=1 reserveNextSlot=1
... type=1 speedKey=128[t=1.4525] TX from node 1 to dest 3 seq 4 size 41 bytes segments 1 at slot 1 rate 128 kbps txPower 33 dBm (133333 bps) preamble SHORT duration 0.02208 s
[MAC 1] ACK transmitted in aggregate dest=3 seq=4 txCount=5/5
[MAC 1] Remove ACK after OPNET resend limit dest=3 seq=4
[MAC 1] OPNET aggregate transmitted segments=1 ackSegments=1 dataSegments=0 bytes=41 rate=128
[MAC 3] rtslot_counter expired for neighbor 1 reserveSlot=1
[MAC 1] post-TX WAIT_FOR_ACK until 21.4746 (POST_TX_WAIT=20 s)
[MAC 3] Learned neighbor 1 uses slot 1 (rtCounter=1)
[HOP 3] RX ACK from 1 seq=4
[MAC 1] local advertised reservation expired
[MAC 3] rtslot_counter expired for neighbor 1 reserveSlot=1
[MAC 1] active_nodes set to 3 for local slotting and post-TX wait
[MAC 1] max_reported_active_nodes updated to 3
[MAC 2] active_nodes set to 3 for local slotting and post-TX wait
[MAC 2] max_reported_active_nodes updated to 3
[MAC 3] active_nodes set to 3 for local slotting and post-TX wait
[MAC 3] max_reported_active_nodes updated to 3
[HOP 2] CanSendToHop dest=1 outstanding=0 threshold=0 effectiveWindow=1 pendingData=0 globalLimit=16 neighborOK=1 nodeOK=1 -> YES
[HOP 2] link_control dest=1 neighborKnown=0 speed=128 txPower=33 rxPower=-109
[HOP 2] Pending DATA increment dest=1 pending=1
[HOP 2] TX historical-bare DATA neighbor=1 hopSeq=1
[MAC] Enqueue TX pkt dscp=0 insert_pos=0 queue_size_before=0
[HOP 3] CanSendToHop dest=1 outstanding=0 threshold=0 effectiveWindow=1 pendingData=0 globalLimit=16 neighborOK=1 nodeOK=1 -> YES
[HOP 3] link_control dest=1 neighborKnown=0 speed=128 txPower=33 rxPower=-109
[HOP 3] Pending DATA increment dest=1 pending=1
[HOP 3] TX historical-bare DATA neighbor=1 hopSeq=1
[MAC] Enqueue TX pkt dscp=0 insert_pos=0 queue_size_before=0
[MAC 2] PickTxSlot(dest=1) active_nodes_for_slotting=3 opnet_slot_range=31
[MAC 2] PickTxSlot(dest=1) avoid:
[MAC 2] PickTxSlot chose 9 using historical next_tslot modulo probe
[MAC 2] starts Pre-Tx with new slot=9 holdoff_over=0
[MAC 3] PickTxSlot(dest=1) active_nodes_for_slotting=3 opnet_slot_range=31
[MAC 3] PickTxSlot(dest=1) avoid:
[MAC 3] PickTxSlot chose 3 using historical next_tslot modulo probe
[MAC 3] starts Pre-Tx with new slot=3 holdoff_over=0
[HOP 2] CanSendToHop dest=1 outstanding=1 threshold=0 effectiveWindow=1 pendingData=1 globalLimit=16 neighborOK=0 nodeOK=1 -> NO
[HOP 3] CanSendToHop dest=1 outstanding=1 threshold=0 effectiveWindow=1 pendingData=1 globalLimit=16 neighborOK=0 nodeOK=1 -> NO
[HOP 2] CanSendToHop dest=1 outstanding=1 threshold=0 effectiveWindow=1 pendingData=1 globalLimit=16 neighborOK=0 nodeOK=1 -> NO
[HOP 3] CanSendToHop dest=1 outstanding=1 threshold=0 effectiveWindow=1 pendingData=1 globalLimit=16 neighborOK=0 nodeOK=1 -> NO
[HOP 2] CanSendToHop dest=1 outstanding=1 threshold=0 effectiveWindow=1 pendingData=1 globalLimit=16 neighborOK=0 nodeOK=1 -> NO
[HOP 3] CanSendToHop dest=1 outstanding=1 threshold=0 effectiveWindow=1 pendingData=1 globalLimit=16 neighborOK=0 nodeOK=1 -> NO
[HOP 2] CanSendToHop dest=1 outstanding=1 threshold=0 effectiveWindow=1 pendingData=1 globalLimit=16 neighborOK=0 nodeOK=1 -> NO
[HOP 3] CanSendToHop dest=1 outstanding=1 threshold=0 effectiveWindow=1 pendingData=1 globalLimit=16 neighborOK=0 nodeOK=1 -> NO
[HOP 2] CanSendToHop dest=1 outstanding=1 threshold=0 effectiveWindow=1 pendingData=1 globalLimit=16 neighborOK=0 nodeOK=1 -> NO
[HOP 3] CanSendToHop dest=1 outstanding=1 threshold=0 effectiveWindow=1 pendingData=1 globalLimit=16 neighborOK=0 nodeOK=1 -> NO
[HOP 2] CanSendToHop dest=1 outstanding=1 threshold=0 effectiveWindow=1 pendingData=1 globalLimit=16 neighborOK=0 nodeOK=1 -> NO
[HOP 3] CanSendToHop dest=1 outstanding=1 threshold=0 effectiveWindow=1 pendingData=1 globalLimit=16 neighborOK=0 nodeOK=1 -> NO
[HOP 2] CanSendToHop dest=1 outstanding=1 threshold=0 effectiveWindow=1 pendingData=1 globalLimit=16 neighborOK=0 nodeOK=1 -> NO
[HOP 3] CanSendToHop dest=1 outstanding=1 threshold=0 effectiveWindow=1 pendingData=1 globalLimit=16 neighborOK=0 nodeOK=1 -> NO
[HOP 2] CanSendToHop dest=1 outstanding=1 threshold=0 effectiveWindow=1 pendingData=1 globalLimit=16 neighborOK=0 nodeOK=1 -> NO
[HOP 3] CanSendToHop dest=1 outstanding=1 threshold=0 effectiveWindow=1 pendingData=1 globalLimit=16 neighborOK=0 nodeOK=1 -> NO
[HOP 2] CanSendToHop dest=1 outstanding=1 threshold=0 effectiveWindow=1 pendingData=1 globalLimit=16 neighborOK=0 nodeOK=1 -> NO
[HOP 3] CanSendToHop dest=1 outstanding=1 threshold=0 effectiveWindow=1 pendingData=1 globalLimit=16 neighborOK=0 nodeOK=1 -> NO
[HOP 2] CanSendToHop dest=1 outstanding=1 threshold=0 effectiveWindow=1 pendingData=1 globalLimit=16 neighborOK=0 nodeOK=1 -> NO
[HOP 3] CanSendToHop dest=1 outstanding=1 threshold=0 effectiveWindow=1 pendingData=1 globalLimit=16 neighborOK=0 nodeOK=1 -> NO
[HOP 2] CanSendToHop dest=1 outstanding=1 threshold=0 effectiveWindow=1 pendingData=1 globalLimit=16 neighborOK=0 nodeOK=1 -> NO
[HOP 3] CanSendToHop dest=1 outstanding=1 threshold=0 effectiveWindow=1 pendingData=1 globalLimit=16 neighborOK=0 nodeOK=1 -> NO
[HOP 2] CanSendToHop dest=1 outstanding=1 threshold=0 effectiveWindow=1 pendingData=1 globalLimit=16 neighborOK=0 nodeOK=1 -> NO
[HOP 3] CanSendToHop dest=1 outstanding=1 threshold=0 effectiveWindow=1 pendingData=1 globalLimit=16 neighborOK=0 nodeOK=1 -> NO
[HOP 2] CanSendToHop dest=1 outstanding=1 threshold=0 effectiveWindow=1 pendingData=1 globalLimit=16 neighborOK=0 nodeOK=1 -> NO
[HOP 3] CanSendToHop dest=1 outstanding=1 threshold=0 effectiveWindow=1 pendingData=1 globalLimit=16 neighborOK=0 nodeOK=1 -> NO
[HOP 2] CanSendToHop dest=1 outstanding=1 threshold=0 effectiveWindow=1 pendingData=1 globalLimit=16 neighborOK=0 nodeOK=1 -> NO
[HOP 3] CanSendToHop dest=1 outstanding=1 threshold=0 effectiveWindow=1 pendingData=1 globalLimit=16 neighborOK=0 nodeOK=1 -> NO
[HOP 2] CanSendToHop dest=1 outstanding=1 threshold=0 effectiveWindow=1 pendingData=1 globalLimit=16 neighborOK=0 nodeOK=1 -> NO
[HOP 3] CanSendToHop dest=1 outstanding=1 threshold=0 effectiveWindow=1 pendingData=1 globalLimit=16 neighborOK=0 nodeOK=1 -> NO
[MAC 2] OPNET 300-ms transmit holdoff complete
[MAC 3] OPNET 300-ms transmit holdoff complete
[HOP 2] CanSendToHop dest=1 outstanding=1 threshold=0 effectiveWindow=1 pendingData=1 globalLimit=16 neighborOK=0 nodeOK=1 -> NO
[HOP 3] CanSendToHop dest=1 outstanding=1 threshold=0 effectiveWindow=1 pendingData=1 globalLimit=16 neighborOK=0 nodeOK=1 -> NO
[HOP 2] CanSendToHop dest=1 outstanding=1 threshold=0 effectiveWindow=1 pendingData=1 globalLimit=16 neighborOK=0 nodeOK=1 -> NO
[HOP 3] CanSendToHop dest=1 outstanding=1 threshold=0 effectiveWindow=1 pendingData=1 globalLimit=16 neighborOK=0 nodeOK=1 -> NO
[MAC 3] PickTxSlot(dest=1) active_nodes_for_slotting=3 opnet_slot_range=31
[MAC 3] PickTxSlot(dest=1) avoid:
[MAC 3] PickTxSlot chose 7 using historical next_tslot modulo probe
[MAC 3] TX opportunity reached currentSlot=3 reserveNextSlot=7
... type=0 speedKey=128[t=0.351] TX from node 3 to dest 1 seq 1 size 48 bytes segments 1 at slot 7 rate 128 kbps txPower 33 dBm (133333 bps) preamble SHORT duration 0.0225 s
[HOP 3] MAC sent confirmation dest=1 seq=1 transmission=1 sentAt=0.351
[MAC 3] OPNET aggregate transmitted segments=1 ackSegments=0 dataSegments=1 bytes=48 rate=128
[HOP 2] CanSendToHop dest=1 outstanding=1 threshold=0 effectiveWindow=1 pendingData=1 globalLimit=16 neighborOK=0 nodeOK=1 -> NO
[HOP 3] CanSendToHop dest=1 outstanding=1 threshold=0 effectiveWindow=1 pendingData=1 globalLimit=16 neighborOK=0 nodeOK=1 -> NO
[MAC 3] post-TX WAIT_FOR_ACK until 20.3735 (POST_TX_WAIT=20 s)
[MAC 1] Learned neighbor 3 uses slot 7 (rtCounter=7)
[HOP 1] New neighbor 3 heard at t=0.373501s
[HOP 1] link_control dest=3 neighborKnown=1 s0=-109 pathloss=70 failures=0 speed=128 txPower=33 rxPower=-109 cost=116
[MAC 1] Enqueue ACK dest=3 seq=1 window=1 ack_queue_size=1
[HOP 2] CanSendToHop dest=1 outstanding=1 threshold=0 effectiveWindow=1 pendingData=1 globalLimit=16 neighborOK=0 nodeOK=1 -> NO
[HOP 3] CanSendToHop dest=1 outstanding=1 threshold=0 effectiveWindow=1 pendingData=1 globalLimit=16 neighborOK=0 nodeOK=1 -> NO
[MAC 1] PickTxSlot(dest=3) active_nodes_for_slotting=3 opnet_slot_range=31
[MAC 1] avoiding neighbor 3 currentReservedSlot=6 rtslot_counter=6
[MAC 1] PickTxSlot(dest=3) avoid: 6
[MAC 1] PickTxSlot chose 1 using historical next_tslot modulo probe
[MAC 1] starts Pre-Tx with new slot=1 holdoff_over=0
[HOP 2] CanSendToHop dest=1 outstanding=1 threshold=0 effectiveWindow=1 pendingData=1 globalLimit=16 neighborOK=0 nodeOK=1 -> NO
[HOP 3] CanSendToHop dest=1 outstanding=1 threshold=0 effectiveWindow=1 pendingData=1 globalLimit=16 neighborOK=0 nodeOK=1 -> NO
[HOP 2] CanSendToHop dest=1 outstanding=1 threshold=0 effectiveWindow=1 pendingData=1 globalLimit=16 neighborOK=0 nodeOK=1 -> NO
[HOP 3] CanSendToHop dest=1 outstanding=1 threshold=0 effectiveWindow=1 pendingData=1 globalLimit=16 neighborOK=0 nodeOK=1 -> NO
[MAC 2] PickTxSlot(dest=1) active_nodes_for_slotting=3 opnet_slot_range=31
[MAC 2] PickTxSlot(dest=1) avoid:
[MAC 2] PickTxSlot chose 1 using historical next_tslot modulo probe
[MAC 2] TX opportunity reached currentSlot=9 reserveNextSlot=1
... type=0 speedKey=128[t=0.429] TX from node 2 to dest 1 seq 1 size 48 bytes segments 1 at slot 1 rate 128 kbps txPower 33 dBm (133333 bps) preamble SHORT duration 0.0225 s
[HOP 2] MAC sent confirmation dest=1 seq=1 transmission=1 sentAt=0.429
[MAC 2] OPNET aggregate transmitted segments=1 ackSegments=0 dataSegments=1 bytes=48 rate=128
[HOP 2] CanSendToHop dest=1 outstanding=1 threshold=0 effectiveWindow=1 pendingData=1 globalLimit=16 neighborOK=0 nodeOK=1 -> NO
[HOP 3] CanSendToHop dest=1 outstanding=1 threshold=0 effectiveWindow=1 pendingData=1 globalLimit=16 neighborOK=0 nodeOK=1 -> NO
[MAC 2] post-TX WAIT_FOR_ACK until 20.4515 (POST_TX_WAIT=20 s)
[MAC 1] Learned neighbor 2 uses slot 1 (rtCounter=1)
[HOP 1] New neighbor 2 heard at t=0.451501s
[HOP 1] link_control dest=2 neighborKnown=1 s0=-109 pathloss=70 failures=0 speed=128 txPower=33 rxPower=-109 cost=116
[MAC 1] Enqueue ACK dest=2 seq=1 window=1 ack_queue_size=2
[HOP 2] CanSendToHop dest=1 outstanding=1 threshold=0 effectiveWindow=1 pendingData=1 globalLimit=16 neighborOK=0 nodeOK=1 -> NO
[HOP 3] CanSendToHop dest=1 outstanding=1 threshold=0 effectiveWindow=1 pendingData=1 globalLimit=16 neighborOK=0 nodeOK=1 -> NO
[MAC 1] rtslot_counter expired for neighbor 2 reserveSlot=1
[MAC 2] local advertised reservation expired
[MAC 3] local advertised reservation expired
[MAC 1] rtslot_counter expired for neighbor 3 reserveSlot=7
[HOP 2] CanSendToHop dest=1 outstanding=1 threshold=0 effectiveWindow=1 pendingData=1 globalLimit=16 neighborOK=0 nodeOK=1 -> NO
[HOP 3] CanSendToHop dest=1 outstanding=1 threshold=0 effectiveWindow=1 pendingData=1 globalLimit=16 neighborOK=0 nodeOK=1 -> NO
[HOP 2] CanSendToHop dest=1 outstanding=1 threshold=0 effectiveWindow=1 pendingData=1 globalLimit=16 neighborOK=0 nodeOK=1 -> NO
[HOP 3] CanSendToHop dest=1 outstanding=1 threshold=0 effectiveWindow=1 pendingData=1 globalLimit=16 neighborOK=0 nodeOK=1 -> NO
[HOP 2] CanSendToHop dest=1 outstanding=1 threshold=0 effectiveWindow=1 pendingData=1 globalLimit=16 neighborOK=0 nodeOK=1 -> NO
[HOP 3] CanSendToHop dest=1 outstanding=1 threshold=0 effectiveWindow=1 pendingData=1 globalLimit=16 neighborOK=0 nodeOK=1 -> NO
[HOP 2] CanSendToHop dest=1 outstanding=1 threshold=0 effectiveWindow=1 pendingData=1 globalLimit=16 neighborOK=0 nodeOK=1 -> NO
[HOP 3] CanSendToHop dest=1 outstanding=1 threshold=0 effectiveWindow=1 pendingData=1 globalLimit=16 neighborOK=0 nodeOK=1 -> NO
[HOP 2] CanSendToHop dest=1 outstanding=1 threshold=0 effectiveWindow=1 pendingData=1 globalLimit=16 neighborOK=0 nodeOK=1 -> NO
[HOP 3] CanSendToHop dest=1 outstanding=1 threshold=0 effectiveWindow=1 pendingData=1 globalLimit=16 neighborOK=0 nodeOK=1 -> NO
[HOP 2] CanSendToHop dest=1 outstanding=1 threshold=0 effectiveWindow=1 pendingData=1 globalLimit=16 neighborOK=0 nodeOK=1 -> NO
[HOP 3] CanSendToHop dest=1 outstanding=1 threshold=0 effectiveWindow=1 pendingData=1 globalLimit=16 neighborOK=0 nodeOK=1 -> NO
[HOP 2] CanSendToHop dest=1 outstanding=1 threshold=0 effectiveWindow=1 pendingData=1 globalLimit=16 neighborOK=0 nodeOK=1 -> NO
[HOP 3] CanSendToHop dest=1 outstanding=1 threshold=0 effectiveWindow=1 pendingData=1 globalLimit=16 neighborOK=0 nodeOK=1 -> NO
[HOP 2] CanSendToHop dest=1 outstanding=1 threshold=0 effectiveWindow=1 pendingData=1 globalLimit=16 neighborOK=0 nodeOK=1 -> NO
[HOP 3] CanSendToHop dest=1 outstanding=1 threshold=0 effectiveWindow=1 pendingData=1 globalLimit=16 neighborOK=0 nodeOK=1 -> NO
[HOP 2] CanSendToHop dest=1 outstanding=1 threshold=0 effectiveWindow=1 pendingData=1 globalLimit=16 neighborOK=0 nodeOK=1 -> NO
[HOP 3] CanSendToHop dest=1 outstanding=1 threshold=0 effectiveWindow=1 pendingData=1 globalLimit=16 neighborOK=0 nodeOK=1 -> NO
[HOP 2] CanSendToHop dest=1 outstanding=1 threshold=0 effectiveWindow=1 pendingData=1 globalLimit=16 neighborOK=0 nodeOK=1 -> NO
[HOP 3] CanSendToHop dest=1 outstanding=1 threshold=0 effectiveWindow=1 pendingData=1 globalLimit=16 neighborOK=0 nodeOK=1 -> NO
[MAC 1] OPNET 300-ms transmit holdoff complete
[HOP 2] CanSendToHop dest=1 outstanding=1 threshold=0 effectiveWindow=1 pendingData=1 globalLimit=16 neighborOK=0 nodeOK=1 -> NO
[HOP 3] CanSendToHop dest=1 outstanding=1 threshold=0 effectiveWindow=1 pendingData=1 globalLimit=16 neighborOK=0 nodeOK=1 -> NO
[MAC 1] PickTxSlot(dest=3) active_nodes_for_slotting=3 opnet_slot_range=31
[MAC 1] PickTxSlot(dest=3) avoid:
[MAC 1] PickTxSlot chose 1 using historical next_tslot modulo probe
[MAC 1] TX opportunity reached currentSlot=1 reserveNextSlot=1
... type=1 speedKey=128[t=0.698501] TX from node 1 to dest 3 seq 1 size 82 bytes segments 2 at slot 1 rate 128 kbps txPower 33 dBm (133333 bps) preamble SHORT duration 0.02454 s
[MAC 1] ACK transmitted in aggregate dest=3 seq=1 txCount=1/5
[MAC 1] ACK transmitted in aggregate dest=2 seq=1 txCount=1/5
[MAC 1] OPNET aggregate transmitted segments=2 ackSegments=2 dataSegments=0 bytes=82 rate=128
[HOP 2] CanSendToHop dest=1 outstanding=1 threshold=0 effectiveWindow=1 pendingData=1 globalLimit=16 neighborOK=0 nodeOK=1 -> NO
[HOP 3] CanSendToHop dest=1 outstanding=1 threshold=0 effectiveWindow=1 pendingData=1 globalLimit=16 neighborOK=0 nodeOK=1 -> NO
[HOP 2] CanSendToHop dest=1 outstanding=1 threshold=0 effectiveWindow=1 pendingData=1 globalLimit=16 neighborOK=0 nodeOK=1 -> NO
[HOP 3] CanSendToHop dest=1 outstanding=1 threshold=0 effectiveWindow=1 pendingData=1 globalLimit=16 neighborOK=0 nodeOK=1 -> NO
[MAC 1] resumes Pre-Tx with live slot=1 counter=1
[MAC 3] Learned neighbor 1 uses slot 1 (rtCounter=1)
[HOP 3] New neighbor 1 heard at t=0.723042s
[HOP 3] RX ACK from 1 seq=1
[HOP 3] Pending DATA decrement reason=ACK neighbor=1 pending=0
[MAC 2] Learned neighbor 1 uses slot 1 (rtCounter=1)
[HOP 2] New neighbor 1 heard at t=0.723042s
[HOP 2] RX ACK from 1 seq=1
[HOP 2] Pending DATA decrement reason=ACK neighbor=1 pending=0
[HOP 3] CanSendToHop dest=1 outstanding=0 threshold=0 effectiveWindow=1 pendingData=0 globalLimit=16 neighborOK=1 nodeOK=1 -> YES
[HOP 3] link_control dest=1 neighborKnown=1 s0=-109 pathloss=70 failures=0 speed=128 txPower=33 rxPower=-109 cost=116
[HOP 3] Pending DATA increment dest=1 pending=1
[HOP 3] TX historical-bare DATA neighbor=1 hopSeq=2
[MAC] Enqueue TX pkt dscp=0 insert_pos=0 queue_size_before=0
[HOP 2] CanSendToHop dest=1 outstanding=0 threshold=0 effectiveWindow=1 pendingData=0 globalLimit=16 neighborOK=1 nodeOK=1 -> YES
[HOP 2] link_control dest=1 neighborKnown=1 s0=-109 pathloss=70 failures=0 speed=128 txPower=33 rxPower=-109 cost=116
[HOP 2] Pending DATA increment dest=1 pending=1
[HOP 2] TX historical-bare DATA neighbor=1 hopSeq=2
[MAC] Enqueue TX pkt dscp=0 insert_pos=0 queue_size_before=0
[MAC 2] PickTxSlot(dest=1) active_nodes_for_slotting=3 opnet_slot_range=31
[MAC 2] avoiding neighbor 1 currentReservedSlot=0 rtslot_counter=0
[MAC 2] PickTxSlot(dest=1) avoid:
[MAC 2] PickTxSlot chose 9 using historical next_tslot modulo probe
[MAC 2] starts Pre-Tx with new slot=9 holdoff_over=1
[MAC 3] PickTxSlot(dest=1) active_nodes_for_slotting=3 opnet_slot_range=31
[MAC 3] avoiding neighbor 1 currentReservedSlot=0 rtslot_counter=0
[MAC 3] PickTxSlot(dest=1) avoid:
[MAC 3] PickTxSlot chose 3 using historical next_tslot modulo probe
[MAC 3] starts Pre-Tx with new slot=3 holdoff_over=1
[MAC 1] PickTxSlot(dest=3) active_nodes_for_slotting=3 opnet_slot_range=31
[MAC 1] PickTxSlot(dest=3) avoid:
[MAC 1] PickTxSlot chose 1 using historical next_tslot modulo probe
[MAC 1] TX opportunity reached currentSlot=1 reserveNextSlot=1
... type=1 speedKey=128[t=0.737501] TX from node 1 to dest 3 seq 1 size 82 bytes segments 2 at slot 1 rate 128 kbps txPower 33 dBm (133333 bps) preamble SHORT duration 0.02454 s
[MAC 1] ACK transmitted in aggregate dest=3 seq=1 txCount=2/5
[MAC 1] ACK transmitted in aggregate dest=2 seq=1 txCount=2/5
[MAC 1] OPNET aggregate transmitted segments=2 ackSegments=2 dataSegments=0 bytes=82 rate=128
[HOP 2] CanSendToHop dest=1 outstanding=1 threshold=0 effectiveWindow=1 pendingData=1 globalLimit=16 neighborOK=0 nodeOK=1 -> NO
[HOP 3] CanSendToHop dest=1 outstanding=1 threshold=0 effectiveWindow=1 pendingData=1 globalLimit=16 neighborOK=0 nodeOK=1 -> NO
[MAC 2] rtslot_counter expired for neighbor 1 reserveSlot=1
[MAC 3] rtslot_counter expired for neighbor 1 reserveSlot=1
[HOP 2] CanSendToHop dest=1 outstanding=1 threshold=0 effectiveWindow=1 pendingData=1 globalLimit=16 neighborOK=0 nodeOK=1 -> NO
[HOP 3] CanSendToHop dest=1 outstanding=1 threshold=0 effectiveWindow=1 pendingData=1 globalLimit=16 neighborOK=0 nodeOK=1 -> NO
[MAC 1] resumes Pre-Tx with live slot=1 counter=1
[MAC 3] Learned neighbor 1 uses slot 1 (rtCounter=1)
[HOP 3] RX ACK from 1 seq=1
[MAC 2] Learned neighbor 1 uses slot 1 (rtCounter=1)
[HOP 2] RX ACK from 1 seq=1
[HOP 3] CanSendToHop dest=1 outstanding=1 threshold=0 effectiveWindow=1 pendingData=1 globalLimit=16 neighborOK=0 nodeOK=1 -> NO
[HOP 2] CanSendToHop dest=1 outstanding=1 threshold=0 effectiveWindow=1 pendingData=1 globalLimit=16 neighborOK=0 nodeOK=1 -> NO
[MAC 1] PickTxSlot(dest=3) active_nodes_for_slotting=3 opnet_slot_range=31
[MAC 1] PickTxSlot(dest=3) avoid:
[MAC 1] PickTxSlot chose 1 using historical next_tslot modulo probe
[MAC 1] TX opportunity reached currentSlot=1 reserveNextSlot=1
... type=1 speedKey=128[t=0.776501] TX from node 1 to dest 3 seq 1 size 82 bytes segments 2 at slot 1 rate 128 kbps txPower 33 dBm (133333 bps) preamble SHORT duration 0.02454 s
[MAC 1] ACK transmitted in aggregate dest=3 seq=1 txCount=3/5
[MAC 1] ACK transmitted in aggregate dest=2 seq=1 txCount=3/5
[MAC 1] OPNET aggregate transmitted segments=2 ackSegments=2 dataSegments=0 bytes=82 rate=128
[HOP 2] CanSendToHop dest=1 outstanding=1 threshold=0 effectiveWindow=1 pendingData=1 globalLimit=16 neighborOK=0 nodeOK=1 -> NO
[HOP 3] CanSendToHop dest=1 outstanding=1 threshold=0 effectiveWindow=1 pendingData=1 globalLimit=16 neighborOK=0 nodeOK=1 -> NO
[MAC 2] rtslot_counter expired for neighbor 1 reserveSlot=1
[MAC 3] rtslot_counter expired for neighbor 1 reserveSlot=1
[MAC 3] PickTxSlot(dest=1) active_nodes_for_slotting=3 opnet_slot_range=31
[MAC 3] PickTxSlot(dest=1) avoid:
[MAC 3] PickTxSlot chose 7 using historical next_tslot modulo probe
[MAC 3] TX opportunity reached currentSlot=3 reserveNextSlot=7
... type=0 speedKey=128[t=0.78] TX from node 3 to dest 1 seq 2 size 48 bytes segments 1 at slot 7 rate 128 kbps txPower 33 dBm (133333 bps) preamble SHORT duration 0.0225 s
[HOP 3] MAC sent confirmation dest=1 seq=2 transmission=1 sentAt=0.78
[MAC 3] OPNET aggregate transmitted segments=1 ackSegments=0 dataSegments=1 bytes=48 rate=128
[HOP 2] CanSendToHop dest=1 outstanding=1 threshold=0 effectiveWindow=1 pendingData=1 globalLimit=16 neighborOK=0 nodeOK=1 -> NO
[HOP 3] CanSendToHop dest=1 outstanding=1 threshold=0 effectiveWindow=1 pendingData=1 globalLimit=16 neighborOK=0 nodeOK=1 -> NO
[MAC 1] resumes Pre-Tx with live slot=1 counter=1
[MAC 3] Learned neighbor 1 uses slot 1 (rtCounter=1)
[HOP 3] RX ACK from 1 seq=1
[MAC 2] Learned neighbor 1 uses slot 1 (rtCounter=1)
[HOP 2] RX ACK from 1 seq=1
[HOP 3] CanSendToHop dest=1 outstanding=1 threshold=0 effectiveWindow=1 pendingData=1 globalLimit=16 neighborOK=0 nodeOK=1 -> NO
[HOP 2] CanSendToHop dest=1 outstanding=1 threshold=0 effectiveWindow=1 pendingData=1 globalLimit=16 neighborOK=0 nodeOK=1 -> NO
[MAC 3] post-TX WAIT_FOR_ACK until 20.8025 (POST_TX_WAIT=20 s)
[MAC 1] Learned neighbor 3 uses slot 7 (rtCounter=7)
[HOP 1] link_control dest=3 neighborKnown=1 s0=-109 pathloss=70 failures=0 speed=128 txPower=33 rxPower=-109 cost=116
[MAC 1] Update cumulative ACK queue entry dest=3 baseSeq=2 txCount=0
[MAC 1] PickTxSlot(dest=3) active_nodes_for_slotting=3 opnet_slot_range=31
[MAC 1] avoiding neighbor 3 currentReservedSlot=5 rtslot_counter=5
[MAC 1] PickTxSlot(dest=3) avoid: 5
[MAC 1] PickTxSlot chose 1 using historical next_tslot modulo probe
[MAC 1] TX opportunity reached currentSlot=1 reserveNextSlot=1
... type=1 speedKey=128[t=0.815501] TX from node 1 to dest 3 seq 2 size 82 bytes segments 2 at slot 1 rate 128 kbps txPower 33 dBm (133333 bps) preamble SHORT duration 0.02454 s
[MAC 1] ACK transmitted in aggregate dest=3 seq=2 txCount=1/5
[MAC 1] ACK transmitted in aggregate dest=2 seq=1 txCount=4/5
[MAC 1] OPNET aggregate transmitted segments=2 ackSegments=2 dataSegments=0 bytes=82 rate=128
[MAC 2] rtslot_counter expired for neighbor 1 reserveSlot=1
[MAC 3] rtslot_counter expired for neighbor 1 reserveSlot=1
[HOP 2] CanSendToHop dest=1 outstanding=1 threshold=0 effectiveWindow=1 pendingData=1 globalLimit=16 neighborOK=0 nodeOK=1 -> NO
[HOP 3] CanSendToHop dest=1 outstanding=1 threshold=0 effectiveWindow=1 pendingData=1 globalLimit=16 neighborOK=0 nodeOK=1 -> NO
[HOP 2] CanSendToHop dest=1 outstanding=1 threshold=0 effectiveWindow=1 pendingData=1 globalLimit=16 neighborOK=0 nodeOK=1 -> NO
[HOP 3] CanSendToHop dest=1 outstanding=1 threshold=0 effectiveWindow=1 pendingData=1 globalLimit=16 neighborOK=0 nodeOK=1 -> NO
[MAC 1] resumes Pre-Tx with live slot=1 counter=1
[MAC 3] Learned neighbor 1 uses slot 1 (rtCounter=1)
[HOP 3] RX ACK from 1 seq=2
[HOP 3] Pending DATA decrement reason=ACK neighbor=1 pending=0
[MAC 2] Learned neighbor 1 uses slot 1 (rtCounter=1)
[HOP 2] RX ACK from 1 seq=1
[HOP 3] CanSendToHop dest=1 outstanding=0 threshold=0 effectiveWindow=1 pendingData=0 globalLimit=16 neighborOK=1 nodeOK=1 -> YES
[HOP 3] link_control dest=1 neighborKnown=1 s0=-109 pathloss=70 failures=0 speed=128 txPower=33 rxPower=-109 cost=116
[HOP 3] Pending DATA increment dest=1 pending=1
[HOP 3] TX historical-bare DATA neighbor=1 hopSeq=3
[MAC] Enqueue TX pkt dscp=0 insert_pos=0 queue_size_before=0
[HOP 2] CanSendToHop dest=1 outstanding=1 threshold=0 effectiveWindow=1 pendingData=1 globalLimit=16 neighborOK=0 nodeOK=1 -> NO
[MAC 3] resumes Pre-Tx with live slot=7 counter=3
[MAC 1] PickTxSlot(dest=3) active_nodes_for_slotting=3 opnet_slot_range=31
[MAC 1] avoiding neighbor 3 currentReservedSlot=3 rtslot_counter=3
[MAC 1] PickTxSlot(dest=3) avoid: 3
[MAC 1] PickTxSlot chose 1 using historical next_tslot modulo probe
[MAC 1] TX opportunity reached currentSlot=1 reserveNextSlot=1
... type=1 speedKey=128[t=0.854501] TX from node 1 to dest 3 seq 2 size 82 bytes segments 2 at slot 1 rate 128 kbps txPower 33 dBm (133333 bps) preamble SHORT duration 0.02454 s
[MAC 1] ACK transmitted in aggregate dest=3 seq=2 txCount=2/5
[MAC 1] ACK transmitted in aggregate dest=2 seq=1 txCount=5/5
[MAC 1] Remove ACK after OPNET resend limit dest=2 seq=1
[MAC 1] OPNET aggregate transmitted segments=2 ackSegments=2 dataSegments=0 bytes=82 rate=128
[MAC 2] rtslot_counter expired for neighbor 1 reserveSlot=1
[MAC 2] PickTxSlot(dest=1) active_nodes_for_slotting=3 opnet_slot_range=31
[MAC 2] PickTxSlot(dest=1) avoid:
[MAC 2] PickTxSlot chose 1 using historical next_tslot modulo probe
[MAC 2] TX opportunity reached currentSlot=9 reserveNextSlot=1
... type=0 speedKey=128[t=0.858] TX from node 2 to dest 1 seq 2 size 48 bytes segments 1 at slot 1 rate 128 kbps txPower 33 dBm (133333 bps) preamble SHORT duration 0.0225 s
[HOP 2] MAC sent confirmation dest=1 seq=2 transmission=1 sentAt=0.858
[MAC 2] OPNET aggregate transmitted segments=1 ackSegments=0 dataSegments=1 bytes=48 rate=128
[MAC 3] rtslot_counter expired for neighbor 1 reserveSlot=1
[HOP 2] CanSendToHop dest=1 outstanding=1 threshold=0 effectiveWindow=1 pendingData=1 globalLimit=16 neighborOK=0 nodeOK=1 -> NO
[HOP 3] CanSendToHop dest=1 outstanding=1 threshold=0 effectiveWindow=1 pendingData=1 globalLimit=16 neighborOK=0 nodeOK=1 -> NO
[MAC 1] resumes Pre-Tx with live slot=1 counter=1
[MAC 3] Learned neighbor 1 uses slot 1 (rtCounter=1)
[HOP 3] RX ACK from 1 seq=2
[MAC 2] Learned neighbor 1 uses slot 1 (rtCounter=1)
[HOP 2] RX ACK from 1 seq=1
[HOP 3] CanSendToHop dest=1 outstanding=1 threshold=0 effectiveWindow=1 pendingData=1 globalLimit=16 neighborOK=0 nodeOK=1 -> NO
[HOP 2] CanSendToHop dest=1 outstanding=1 threshold=0 effectiveWindow=1 pendingData=1 globalLimit=16 neighborOK=0 nodeOK=1 -> NO
[HOP 2] CanSendToHop dest=1 outstanding=1 threshold=0 effectiveWindow=1 pendingData=1 globalLimit=16 neighborOK=0 nodeOK=1 -> NO
[HOP 3] CanSendToHop dest=1 outstanding=1 threshold=0 effectiveWindow=1 pendingData=1 globalLimit=16 neighborOK=0 nodeOK=1 -> NO
[MAC 2] post-TX WAIT_FOR_ACK until 20.8805 (POST_TX_WAIT=20 s)
[MAC 1] Learned neighbor 2 uses slot 1 (rtCounter=1)
[HOP 1] link_control dest=2 neighborKnown=1 s0=-109 pathloss=70 failures=0 speed=128 txPower=33 rxPower=-109 cost=116
[MAC 1] Enqueue ACK dest=2 seq=2 window=1 ack_queue_size=2
[MAC 1] rtslot_counter expired for neighbor 2 reserveSlot=1
[MAC 1] PickTxSlot(dest=3) active_nodes_for_slotting=3 opnet_slot_range=31
[MAC 1] avoiding neighbor 3 currentReservedSlot=1 rtslot_counter=1
[MAC 1] PickTxSlot(dest=3) avoid: 1
[MAC 1] PickTxSlot chose 2 using historical next_tslot modulo probe
[MAC 1] TX opportunity reached currentSlot=1 reserveNextSlot=2
... type=1 speedKey=128[t=0.893501] TX from node 1 to dest 3 seq 2 size 82 bytes segments 2 at slot 2 rate 128 kbps txPower 33 dBm (133333 bps) preamble SHORT duration 0.02454 s
[MAC 1] ACK transmitted in aggregate dest=3 seq=2 txCount=3/5
[MAC 1] ACK transmitted in aggregate dest=2 seq=2 txCount=1/5
[MAC 1] OPNET aggregate transmitted segments=2 ackSegments=2 dataSegments=0 bytes=82 rate=128
[MAC 2] rtslot_counter expired for neighbor 1 reserveSlot=1
[MAC 2] local advertised reservation expired
[MAC 3] rtslot_counter expired for neighbor 1 reserveSlot=1
[MAC 3] PickTxSlot(dest=1) active_nodes_for_slotting=3 opnet_slot_range=31
[MAC 3] PickTxSlot(dest=1) avoid:
[MAC 3] PickTxSlot chose 3 using historical next_tslot modulo probe
[MAC 3] TX opportunity reached currentSlot=7 reserveNextSlot=3
... type=0 speedKey=128[t=0.897] TX from node 3 to dest 1 seq 3 size 48 bytes segments 1 at slot 3 rate 128 kbps txPower 33 dBm (133333 bps) preamble SHORT duration 0.0225 s
[HOP 3] MAC sent confirmation dest=1 seq=3 transmission=1 sentAt=0.897
[MAC 3] OPNET aggregate transmitted segments=1 ackSegments=0 dataSegments=1 bytes=48 rate=128
[HOP 2] CanSendToHop dest=1 outstanding=1 threshold=0 effectiveWindow=1 pendingData=1 globalLimit=16 neighborOK=0 nodeOK=1 -> NO
[HOP 3] CanSendToHop dest=1 outstanding=1 threshold=0 effectiveWindow=1 pendingData=1 globalLimit=16 neighborOK=0 nodeOK=1 -> NO
[MAC 1] resumes Pre-Tx with live slot=2 counter=2
[MAC 3] Learned neighbor 1 uses slot 2 (rtCounter=2)
[HOP 3] RX ACK from 1 seq=2
[MAC 2] Learned neighbor 1 uses slot 2 (rtCounter=2)
[HOP 2] RX ACK from 1 seq=2
[HOP 2] Pending DATA decrement reason=ACK neighbor=1 pending=0
[HOP 3] CanSendToHop dest=1 outstanding=1 threshold=0 effectiveWindow=1 pendingData=1 globalLimit=16 neighborOK=0 nodeOK=1 -> NO
[HOP 2] CanSendToHop dest=1 outstanding=0 threshold=0 effectiveWindow=1 pendingData=0 globalLimit=16 neighborOK=1 nodeOK=1 -> YES
[HOP 2] link_control dest=1 neighborKnown=1 s0=-109 pathloss=70 failures=0 speed=128 txPower=33 rxPower=-109 cost=116
[HOP 2] Pending DATA increment dest=1 pending=1
[HOP 2] TX historical-bare DATA neighbor=1 hopSeq=3
[MAC] Enqueue TX pkt dscp=0 insert_pos=0 queue_size_before=0
[MAC 3] post-TX WAIT_FOR_ACK until 20.9195 (POST_TX_WAIT=20 s)
[MAC 1] Learned neighbor 3 uses slot 3 (rtCounter=3)
[HOP 1] link_control dest=3 neighborKnown=1 s0=-109 pathloss=70 failures=0 speed=128 txPower=33 rxPower=-109 cost=116
[MAC 1] Update cumulative ACK queue entry dest=3 baseSeq=3 txCount=0
[HOP 2] CanSendToHop dest=1 outstanding=1 threshold=0 effectiveWindow=1 pendingData=1 globalLimit=16 neighborOK=0 nodeOK=1 -> NO
[HOP 3] CanSendToHop dest=1 outstanding=1 threshold=0 effectiveWindow=1 pendingData=1 globalLimit=16 neighborOK=0 nodeOK=1 -> NO
[MAC 2] PickTxSlot(dest=1) active_nodes_for_slotting=3 opnet_slot_range=31
[MAC 2] avoiding neighbor 1 currentReservedSlot=1 rtslot_counter=1
[MAC 2] PickTxSlot(dest=1) avoid: 1
[MAC 2] PickTxSlot chose 9 using historical next_tslot modulo probe
[MAC 2] starts Pre-Tx with new slot=9 holdoff_over=1
[HOP 2] CanSendToHop dest=1 outstanding=1 threshold=0 effectiveWindow=1 pendingData=1 globalLimit=16 neighborOK=0 nodeOK=1 -> NO
[HOP 3] CanSendToHop dest=1 outstanding=1 threshold=0 effectiveWindow=1 pendingData=1 globalLimit=16 neighborOK=0 nodeOK=1 -> NO
[MAC 1] PickTxSlot(dest=3) active_nodes_for_slotting=3 opnet_slot_range=31
[MAC 1] avoiding neighbor 3 currentReservedSlot=0 rtslot_counter=0
[MAC 1] PickTxSlot(dest=3) avoid:
[MAC 1] PickTxSlot chose 1 using historical next_tslot modulo probe
[MAC 1] TX opportunity reached currentSlot=2 reserveNextSlot=1
... type=1 speedKey=128[t=0.945501] TX from node 1 to dest 3 seq 3 size 82 bytes segments 2 at slot 1 rate 128 kbps txPower 33 dBm (133333 bps) preamble SHORT duration 0.02454 s
[MAC 1] ACK transmitted in aggregate dest=3 seq=3 txCount=1/5
[MAC 1] ACK transmitted in aggregate dest=2 seq=2 txCount=2/5
[MAC 1] OPNET aggregate transmitted segments=2 ackSegments=2 dataSegments=0 bytes=82 rate=128
[MAC 2] rtslot_counter expired for neighbor 1 reserveSlot=2
[MAC 3] rtslot_counter expired for neighbor 1 reserveSlot=2
[HOP 2] CanSendToHop dest=1 outstanding=1 threshold=0 effectiveWindow=1 pendingData=1 globalLimit=16 neighborOK=0 nodeOK=1 -> NO
[HOP 3] CanSendToHop dest=1 outstanding=1 threshold=0 effectiveWindow=1 pendingData=1 globalLimit=16 neighborOK=0 nodeOK=1 -> NO
[MAC 3] local advertised reservation expired
[MAC 1] resumes Pre-Tx with live slot=1 counter=1
[MAC 3] Learned neighbor 1 uses slot 1 (rtCounter=1)
[HOP 3] RX ACK from 1 seq=3
[HOP 3] Pending DATA decrement reason=ACK neighbor=1 pending=0
[HOP 3] Adaptive flow threshold increased neighbor=1 old=0 new=1 effectiveWindow=2
[MAC 2] Learned neighbor 1 uses slot 1 (rtCounter=1)
[HOP 2] RX ACK from 1 seq=2
[HOP 3] CanSendToHop dest=1 outstanding=0 threshold=1 effectiveWindow=2 pendingData=0 globalLimit=16 neighborOK=1 nodeOK=1 -> YES
[HOP 3] link_control dest=1 neighborKnown=1 s0=-109 pathloss=70 failures=0 speed=128 txPower=33 rxPower=-109 cost=116
[HOP 3] Pending DATA increment dest=1 pending=1
[HOP 3] TX historical-bare DATA neighbor=1 hopSeq=4
[MAC] Enqueue TX pkt dscp=0 insert_pos=0 queue_size_before=0
[HOP 2] CanSendToHop dest=1 outstanding=1 threshold=0 effectiveWindow=1 pendingData=1 globalLimit=16 neighborOK=0 nodeOK=1 -> NO
[MAC 1] rtslot_counter expired for neighbor 3 reserveSlot=3
[MAC 3] PickTxSlot(dest=1) active_nodes_for_slotting=3 opnet_slot_range=31
[MAC 3] avoiding neighbor 1 currentReservedSlot=0 rtslot_counter=0
[MAC 3] PickTxSlot(dest=1) avoid:
[MAC 3] PickTxSlot chose 7 using historical next_tslot modulo probe
[MAC 3] starts Pre-Tx with new slot=7 holdoff_over=1
[HOP 2] CanSendToHop dest=1 outstanding=1 threshold=0 effectiveWindow=1 pendingData=1 globalLimit=16 neighborOK=0 nodeOK=1 -> NO
[MAC 1] PickTxSlot(dest=3) active_nodes_for_slotting=3 opnet_slot_range=31
[MAC 1] PickTxSlot(dest=3) avoid:
[MAC 1] PickTxSlot chose 1 using historical next_tslot modulo probe
[MAC 1] TX opportunity reached currentSlot=1 reserveNextSlot=1
... type=1 speedKey=128[t=0.984501] TX from node 1 to dest 3 seq 3 size 82 bytes segments 2 at slot 1 rate 128 kbps txPower 33 dBm (133333 bps) preamble SHORT duration 0.02454 s
[MAC 1] ACK transmitted in aggregate dest=3 seq=3 txCount=2/5
[MAC 1] ACK transmitted in aggregate dest=2 seq=2 txCount=3/5
[MAC 1] OPNET aggregate transmitted segments=2 ackSegments=2 dataSegments=0 bytes=82 rate=128
[MAC 2] rtslot_counter expired for neighbor 1 reserveSlot=1
[MAC 3] rtslot_counter expired for neighbor 1 reserveSlot=1
[HOP 2] CanSendToHop dest=1 outstanding=1 threshold=0 effectiveWindow=1 pendingData=1 globalLimit=16 neighborOK=0 nodeOK=1 -> NO
[MAC 1] resumes Pre-Tx with live slot=1 counter=1
[MAC 3] Learned neighbor 1 uses slot 1 (rtCounter=1)
[HOP 3] RX ACK from 1 seq=3
[MAC 2] Learned neighbor 1 uses slot 1 (rtCounter=1)
[HOP 2] RX ACK from 1 seq=2
[HOP 2] CanSendToHop dest=1 outstanding=1 threshold=0 effectiveWindow=1 pendingData=1 globalLimit=16 neighborOK=0 nodeOK=1 -> NO
[HOP 2] CanSendToHop dest=1 outstanding=1 threshold=0 effectiveWindow=1 pendingData=1 globalLimit=16 neighborOK=0 nodeOK=1 -> NO
[MAC 1] PickTxSlot(dest=3) active_nodes_for_slotting=3 opnet_slot_range=31
[MAC 1] PickTxSlot(dest=3) avoid:
[MAC 1] PickTxSlot chose 1 using historical next_tslot modulo probe
[MAC 1] TX opportunity reached currentSlot=1 reserveNextSlot=1
... type=1 speedKey=128[t=1.0235] TX from node 1 to dest 3 seq 3 size 82 bytes segments 2 at slot 1 rate 128 kbps txPower 33 dBm (133333 bps) preamble SHORT duration 0.02454 s
[MAC 1] ACK transmitted in aggregate dest=3 seq=3 txCount=3/5
[MAC 1] ACK transmitted in aggregate dest=2 seq=2 txCount=4/5
[MAC 1] OPNET aggregate transmitted segments=2 ackSegments=2 dataSegments=0 bytes=82 rate=128
[MAC 2] rtslot_counter expired for neighbor 1 reserveSlot=1
[MAC 3] rtslot_counter expired for neighbor 1 reserveSlot=1
[HOP 2] CanSendToHop dest=1 outstanding=1 threshold=0 effectiveWindow=1 pendingData=1 globalLimit=16 neighborOK=0 nodeOK=1 -> NO
[MAC 1] resumes Pre-Tx with live slot=1 counter=1
[MAC 3] Learned neighbor 1 uses slot 1 (rtCounter=1)
[HOP 3] RX ACK from 1 seq=3
[MAC 2] Learned neighbor 1 uses slot 1 (rtCounter=1)
[HOP 2] RX ACK from 1 seq=2
[HOP 2] CanSendToHop dest=1 outstanding=1 threshold=0 effectiveWindow=1 pendingData=1 globalLimit=16 neighborOK=0 nodeOK=1 -> NO
[MAC 2] PickTxSlot(dest=1) active_nodes_for_slotting=3 opnet_slot_range=31
[MAC 2] avoiding neighbor 1 currentReservedSlot=0 rtslot_counter=0
[MAC 2] PickTxSlot(dest=1) avoid:
[MAC 2] PickTxSlot chose 1 using historical next_tslot modulo probe
[MAC 2] TX opportunity reached currentSlot=9 reserveNextSlot=1
... type=0 speedKey=128[t=1.053] TX from node 2 to dest 1 seq 3 size 48 bytes segments 1 at slot 1 rate 128 kbps txPower 33 dBm (133333 bps) preamble SHORT duration 0.0225 s
[HOP 2] MAC sent confirmation dest=1 seq=3 transmission=1 sentAt=1.053
[MAC 2] OPNET aggregate transmitted segments=1 ackSegments=0 dataSegments=1 bytes=48 rate=128
[HOP 2] CanSendToHop dest=1 outstanding=1 threshold=0 effectiveWindow=1 pendingData=1 globalLimit=16 neighborOK=0 nodeOK=1 -> NO
[MAC 1] PickTxSlot(dest=3) active_nodes_for_slotting=3 opnet_slot_range=31
[MAC 1] PickTxSlot(dest=3) avoid:
[MAC 1] PickTxSlot chose 1 using historical next_tslot modulo probe
[MAC 1] TX opportunity reached currentSlot=1 reserveNextSlot=1
... type=1 speedKey=128[t=1.0625] TX from node 1 to dest 3 seq 3 size 82 bytes segments 2 at slot 1 rate 128 kbps txPower 33 dBm (133333 bps) preamble SHORT duration 0.02454 s
[MAC 1] ACK transmitted in aggregate dest=3 seq=3 txCount=4/5
[MAC 1] ACK transmitted in aggregate dest=2 seq=2 txCount=5/5
[MAC 1] Remove ACK after OPNET resend limit dest=2 seq=2
[MAC 1] OPNET aggregate transmitted segments=2 ackSegments=2 dataSegments=0 bytes=82 rate=128
[MAC 3] rtslot_counter expired for neighbor 1 reserveSlot=1
[MAC 2] post-TX WAIT_FOR_ACK until 21.0755 (POST_TX_WAIT=20 s)
[MAC 1] Learned neighbor 2 uses slot 1 (rtCounter=1)
[HOP 1] link_control dest=2 neighborKnown=1 s0=-109 pathloss=70 failures=0 speed=128 txPower=33 rxPower=-109 cost=116
[MAC 1] Enqueue ACK dest=2 seq=3 window=1 ack_queue_size=2
[MAC 2] rtslot_counter expired for neighbor 1 reserveSlot=1
[MAC 3] PickTxSlot(dest=1) active_nodes_for_slotting=3 opnet_slot_range=31
[MAC 3] PickTxSlot(dest=1) avoid:
[MAC 3] PickTxSlot chose 3 using historical next_tslot modulo probe
[MAC 3] TX opportunity reached currentSlot=7 reserveNextSlot=3
... type=0 speedKey=128[t=1.079] TX from node 3 to dest 1 seq 4 size 48 bytes segments 1 at slot 3 rate 128 kbps txPower 33 dBm (133333 bps) preamble SHORT duration 0.0225 s
[HOP 3] MAC sent confirmation dest=1 seq=4 transmission=1 sentAt=1.079
[MAC 3] OPNET aggregate transmitted segments=1 ackSegments=0 dataSegments=1 bytes=48 rate=128
[HOP 2] CanSendToHop dest=1 outstanding=1 threshold=0 effectiveWindow=1 pendingData=1 globalLimit=16 neighborOK=0 nodeOK=1 -> NO
[MAC 1] resumes Pre-Tx with live slot=1 counter=1
[MAC 3] Learned neighbor 1 uses slot 1 (rtCounter=1)
[HOP 3] RX ACK from 1 seq=3
[MAC 2] Learned neighbor 1 uses slot 1 (rtCounter=1)
[HOP 2] RX ACK from 1 seq=2
[HOP 2] CanSendToHop dest=1 outstanding=1 threshold=0 effectiveWindow=1 pendingData=1 globalLimit=16 neighborOK=0 nodeOK=1 -> NO
[MAC 2] local advertised reservation expired
[HOP 2] CanSendToHop dest=1 outstanding=1 threshold=0 effectiveWindow=1 pendingData=1 globalLimit=16 neighborOK=0 nodeOK=1 -> NO
[MAC 3] post-TX WAIT_FOR_ACK until 21.1015 (POST_TX_WAIT=20 s)
[MAC 1] Learned neighbor 3 uses slot 3 (rtCounter=3)
[HOP 1] link_control dest=3 neighborKnown=1 s0=-109 pathloss=70 failures=0 speed=128 txPower=33 rxPower=-109 cost=116
[MAC 1] Update cumulative ACK queue entry dest=3 baseSeq=4 txCount=0
[MAC 1] rtslot_counter expired for neighbor 2 reserveSlot=1
[MAC 1] PickTxSlot(dest=3) active_nodes_for_slotting=3 opnet_slot_range=31
[MAC 1] avoiding neighbor 3 currentReservedSlot=2 rtslot_counter=2
[MAC 1] PickTxSlot(dest=3) avoid: 2
[MAC 1] PickTxSlot chose 1 using historical next_tslot modulo probe
[MAC 1] TX opportunity reached currentSlot=1 reserveNextSlot=1
... type=1 speedKey=128[t=1.1015] TX from node 1 to dest 3 seq 4 size 82 bytes segments 2 at slot 1 rate 128 kbps txPower 33 dBm (133333 bps) preamble SHORT duration 0.02454 s
[MAC 1] ACK transmitted in aggregate dest=3 seq=4 txCount=1/5
[MAC 1] ACK transmitted in aggregate dest=2 seq=3 txCount=1/5
[MAC 1] OPNET aggregate transmitted segments=2 ackSegments=2 dataSegments=0 bytes=82 rate=128
[MAC 2] rtslot_counter expired for neighbor 1 reserveSlot=1
[MAC 3] rtslot_counter expired for neighbor 1 reserveSlot=1
[HOP 2] CanSendToHop dest=1 outstanding=1 threshold=0 effectiveWindow=1 pendingData=1 globalLimit=16 neighborOK=0 nodeOK=1 -> NO
[MAC 1] resumes Pre-Tx with live slot=1 counter=1
[MAC 3] Learned neighbor 1 uses slot 1 (rtCounter=1)
[HOP 3] RX ACK from 1 seq=4
[HOP 3] Pending DATA decrement reason=ACK neighbor=1 pending=0
[MAC 2] Learned neighbor 1 uses slot 1 (rtCounter=1)
[HOP 2] RX ACK from 1 seq=3
[HOP 2] Pending DATA decrement reason=ACK neighbor=1 pending=0
[HOP 2] Adaptive flow threshold increased neighbor=1 old=0 new=1 effectiveWindow=2
[HOP 2] CanSendToHop dest=1 outstanding=0 threshold=1 effectiveWindow=2 pendingData=0 globalLimit=16 neighborOK=1 nodeOK=1 -> YES
[HOP 2] link_control dest=1 neighborKnown=1 s0=-109 pathloss=70 failures=0 speed=128 txPower=33 rxPower=-109 cost=116
[HOP 2] Pending DATA increment dest=1 pending=1
[HOP 2] TX historical-bare DATA neighbor=1 hopSeq=4
[MAC] Enqueue TX pkt dscp=0 insert_pos=0 queue_size_before=0
[MAC 2] PickTxSlot(dest=1) active_nodes_for_slotting=3 opnet_slot_range=31
[MAC 2] avoiding neighbor 1 currentReservedSlot=0 rtslot_counter=0
[MAC 2] PickTxSlot(dest=1) avoid:
[MAC 2] PickTxSlot chose 9 using historical next_tslot modulo probe
[MAC 2] starts Pre-Tx with new slot=9 holdoff_over=1
[MAC 1] PickTxSlot(dest=3) active_nodes_for_slotting=3 opnet_slot_range=31
[MAC 1] avoiding neighbor 3 currentReservedSlot=0 rtslot_counter=0
[MAC 1] PickTxSlot(dest=3) avoid:
[MAC 1] PickTxSlot chose 1 using historical next_tslot modulo probe
[MAC 1] TX opportunity reached currentSlot=1 reserveNextSlot=1
... type=1 speedKey=128[t=1.1405] TX from node 1 to dest 3 seq 4 size 82 bytes segments 2 at slot 1 rate 128 kbps txPower 33 dBm (133333 bps) preamble SHORT duration 0.02454 s
[MAC 1] ACK transmitted in aggregate dest=3 seq=4 txCount=2/5
[MAC 1] ACK transmitted in aggregate dest=2 seq=3 txCount=2/5
[MAC 1] OPNET aggregate transmitted segments=2 ackSegments=2 dataSegments=0 bytes=82 rate=128
[MAC 2] rtslot_counter expired for neighbor 1 reserveSlot=1
[MAC 3] rtslot_counter expired for neighbor 1 reserveSlot=1
[MAC 3] local advertised reservation expired
[MAC 1] resumes Pre-Tx with live slot=1 counter=1
[MAC 3] Learned neighbor 1 uses slot 1 (rtCounter=1)
[HOP 3] RX ACK from 1 seq=4
[MAC 2] Learned neighbor 1 uses slot 1 (rtCounter=1)
[HOP 2] RX ACK from 1 seq=3
[MAC 1] rtslot_counter expired for neighbor 3 reserveSlot=3
[MAC 1] PickTxSlot(dest=3) active_nodes_for_slotting=3 opnet_slot_range=31
[MAC 1] PickTxSlot(dest=3) avoid:
[MAC 1] PickTxSlot chose 1 using historical next_tslot modulo probe
[MAC 1] TX opportunity reached currentSlot=1 reserveNextSlot=1
... type=1 speedKey=128[t=1.1795] TX from node 1 to dest 3 seq 4 size 82 bytes segments 2 at slot 1 rate 128 kbps txPower 33 dBm (133333 bps) preamble SHORT duration 0.02454 s
[MAC 1] ACK transmitted in aggregate dest=3 seq=4 txCount=3/5
[MAC 1] ACK transmitted in aggregate dest=2 seq=3 txCount=3/5
[MAC 1] OPNET aggregate transmitted segments=2 ackSegments=2 dataSegments=0 bytes=82 rate=128
[MAC 2] rtslot_counter expired for neighbor 1 reserveSlot=1
[MAC 3] rtslot_counter expired for neighbor 1 reserveSlot=1
[MAC 1] resumes Pre-Tx with live slot=1 counter=1
[MAC 3] Learned neighbor 1 uses slot 1 (rtCounter=1)
[HOP 3] RX ACK from 1 seq=4
[MAC 2] Learned neighbor 1 uses slot 1 (rtCounter=1)
[HOP 2] RX ACK from 1 seq=3
[MAC 1] PickTxSlot(dest=3) active_nodes_for_slotting=3 opnet_slot_range=31
[MAC 1] PickTxSlot(dest=3) avoid:
[MAC 1] PickTxSlot chose 1 using historical next_tslot modulo probe
[MAC 1] TX opportunity reached currentSlot=1 reserveNextSlot=1
... type=1 speedKey=128[t=1.2185] TX from node 1 to dest 3 seq 4 size 82 bytes segments 2 at slot 1 rate 128 kbps txPower 33 dBm (133333 bps) preamble SHORT duration 0.02454 s
[MAC 1] ACK transmitted in aggregate dest=3 seq=4 txCount=4/5
[MAC 1] ACK transmitted in aggregate dest=2 seq=3 txCount=4/5
[MAC 1] OPNET aggregate transmitted segments=2 ackSegments=2 dataSegments=0 bytes=82 rate=128
[MAC 2] rtslot_counter expired for neighbor 1 reserveSlot=1
[MAC 3] rtslot_counter expired for neighbor 1 reserveSlot=1
[MAC 1] resumes Pre-Tx with live slot=1 counter=1
[MAC 3] Learned neighbor 1 uses slot 1 (rtCounter=1)
[HOP 3] RX ACK from 1 seq=4
[MAC 2] Learned neighbor 1 uses slot 1 (rtCounter=1)
[HOP 2] RX ACK from 1 seq=3
[MAC 1] PickTxSlot(dest=3) active_nodes_for_slotting=3 opnet_slot_range=31
[MAC 1] PickTxSlot(dest=3) avoid:
[MAC 1] PickTxSlot chose 1 using historical next_tslot modulo probe
[MAC 1] TX opportunity reached currentSlot=1 reserveNextSlot=1
... type=1 speedKey=128[t=1.2575] TX from node 1 to dest 3 seq 4 size 82 bytes segments 2 at slot 1 rate 128 kbps txPower 33 dBm (133333 bps) preamble SHORT duration 0.02454 s
[MAC 1] ACK transmitted in aggregate dest=3 seq=4 txCount=5/5
[MAC 1] ACK transmitted in aggregate dest=2 seq=3 txCount=5/5
[MAC 1] Remove ACK after OPNET resend limit dest=3 seq=4
[MAC 1] Remove ACK after OPNET resend limit dest=2 seq=3
[MAC 1] OPNET aggregate transmitted segments=2 ackSegments=2 dataSegments=0 bytes=82 rate=128
[MAC 2] rtslot_counter expired for neighbor 1 reserveSlot=1
[MAC 2] PickTxSlot(dest=1) active_nodes_for_slotting=3 opnet_slot_range=31
[MAC 2] PickTxSlot(dest=1) avoid:
[MAC 2] PickTxSlot chose 1 using historical next_tslot modulo probe
[MAC 2] TX opportunity reached currentSlot=9 reserveNextSlot=1
... type=0 speedKey=128[t=1.261] TX from node 2 to dest 1 seq 4 size 48 bytes segments 1 at slot 1 rate 128 kbps txPower 33 dBm (133333 bps) preamble SHORT duration 0.0225 s
[HOP 2] MAC sent confirmation dest=1 seq=4 transmission=1 sentAt=1.261
[MAC 2] OPNET aggregate transmitted segments=1 ackSegments=0 dataSegments=1 bytes=48 rate=128
[MAC 3] rtslot_counter expired for neighbor 1 reserveSlot=1
[MAC 1] post-TX WAIT_FOR_ACK until 21.282 (POST_TX_WAIT=20 s)
[MAC 3] Learned neighbor 1 uses slot 1 (rtCounter=1)
[HOP 3] RX ACK from 1 seq=4
[MAC 2] Learned neighbor 1 uses slot 1 (rtCounter=1)
[HOP 2] RX ACK from 1 seq=3
[MAC 2] post-TX WAIT_FOR_ACK until 21.2835 (POST_TX_WAIT=20 s)
[MAC 1] Learned neighbor 2 uses slot 1 (rtCounter=1)
[HOP 1] link_control dest=2 neighborKnown=1 s0=-109 pathloss=70 failures=0 speed=128 txPower=33 rxPower=-109 cost=116
[MAC 1] Enqueue ACK dest=2 seq=4 window=1 ack_queue_size=1
[MAC 1] resumes Pre-Tx with live slot=1 counter=0
[MAC 1] rtslot_counter expired for neighbor 2 reserveSlot=1
[MAC 1] PickTxSlot(dest=2) active_nodes_for_slotting=3 opnet_slot_range=31
[MAC 1] PickTxSlot(dest=2) avoid:
[MAC 1] PickTxSlot chose 1 using historical next_tslot modulo probe
[MAC 1] TX opportunity reached currentSlot=1 reserveNextSlot=1
... type=1 speedKey=128[t=1.2965] TX from node 1 to dest 2 seq 4 size 41 bytes segments 1 at slot 1 rate 128 kbps txPower 33 dBm (133333 bps) preamble SHORT duration 0.02208 s
[MAC 1] ACK transmitted in aggregate dest=2 seq=4 txCount=1/5
[MAC 1] OPNET aggregate transmitted segments=1 ackSegments=1 dataSegments=0 bytes=41 rate=128
[MAC 2] rtslot_counter expired for neighbor 1 reserveSlot=1
[MAC 2] local advertised reservation expired
[MAC 3] rtslot_counter expired for neighbor 1 reserveSlot=1
[MAC 1] resumes Pre-Tx with live slot=1 counter=1
[MAC 2] Learned neighbor 1 uses slot 1 (rtCounter=1)
[HOP 2] RX ACK from 1 seq=4
[HOP 2] Pending DATA decrement reason=ACK neighbor=1 pending=0
[MAC 1] PickTxSlot(dest=2) active_nodes_for_slotting=3 opnet_slot_range=31
[MAC 1] PickTxSlot(dest=2) avoid:
[MAC 1] PickTxSlot chose 1 using historical next_tslot modulo probe
[MAC 1] TX opportunity reached currentSlot=1 reserveNextSlot=1
... type=1 speedKey=128[t=1.3355] TX from node 1 to dest 2 seq 4 size 41 bytes segments 1 at slot 1 rate 128 kbps txPower 33 dBm (133333 bps) preamble SHORT duration 0.02208 s
[MAC 1] ACK transmitted in aggregate dest=2 seq=4 txCount=2/5
[MAC 1] OPNET aggregate transmitted segments=1 ackSegments=1 dataSegments=0 bytes=41 rate=128
[MAC 2] rtslot_counter expired for neighbor 1 reserveSlot=1
[MAC 1] resumes Pre-Tx with live slot=1 counter=1
[MAC 2] Learned neighbor 1 uses slot 1 (rtCounter=1)
[HOP 2] RX ACK from 1 seq=4
[MAC 1] PickTxSlot(dest=2) active_nodes_for_slotting=3 opnet_slot_range=31
[MAC 1] PickTxSlot(dest=2) avoid:
[MAC 1] PickTxSlot chose 1 using historical next_tslot modulo probe
[MAC 1] TX opportunity reached currentSlot=1 reserveNextSlot=1
... type=1 speedKey=128[t=1.3745] TX from node 1 to dest 2 seq 4 size 41 bytes segments 1 at slot 1 rate 128 kbps txPower 33 dBm (133333 bps) preamble SHORT duration 0.02208 s
[MAC 1] ACK transmitted in aggregate dest=2 seq=4 txCount=3/5
[MAC 1] OPNET aggregate transmitted segments=1 ackSegments=1 dataSegments=0 bytes=41 rate=128
[MAC 2] rtslot_counter expired for neighbor 1 reserveSlot=1
[MAC 1] resumes Pre-Tx with live slot=1 counter=1
[MAC 2] Learned neighbor 1 uses slot 1 (rtCounter=1)
[HOP 2] RX ACK from 1 seq=4
[MAC 1] PickTxSlot(dest=2) active_nodes_for_slotting=3 opnet_slot_range=31
[MAC 1] PickTxSlot(dest=2) avoid:
[MAC 1] PickTxSlot chose 1 using historical next_tslot modulo probe
[MAC 1] TX opportunity reached currentSlot=1 reserveNextSlot=1
... type=1 speedKey=128[t=1.4135] TX from node 1 to dest 2 seq 4 size 41 bytes segments 1 at slot 1 rate 128 kbps txPower 33 dBm (133333 bps) preamble SHORT duration 0.02208 s
[MAC 1] ACK transmitted in aggregate dest=2 seq=4 txCount=4/5
[MAC 1] OPNET aggregate transmitted segments=1 ackSegments=1 dataSegments=0 bytes=41 rate=128
[MAC 2] rtslot_counter expired for neighbor 1 reserveSlot=1
[MAC 1] resumes Pre-Tx with live slot=1 counter=1
[MAC 2] Learned neighbor 1 uses slot 1 (rtCounter=1)
[HOP 2] RX ACK from 1 seq=4
[MAC 1] PickTxSlot(dest=2) active_nodes_for_slotting=3 opnet_slot_range=31
[MAC 1] PickTxSlot(dest=2) avoid:
[MAC 1] PickTxSlot chose 1 using historical next_tslot modulo probe
[MAC 1] TX opportunity reached currentSlot=1 reserveNextSlot=1
... type=1 speedKey=128[t=1.4525] TX from node 1 to dest 2 seq 4 size 41 bytes segments 1 at slot 1 rate 128 kbps txPower 33 dBm (133333 bps) preamble SHORT duration 0.02208 s
[MAC 1] ACK transmitted in aggregate dest=2 seq=4 txCount=5/5
[MAC 1] Remove ACK after OPNET resend limit dest=2 seq=4
[MAC 1] OPNET aggregate transmitted segments=1 ackSegments=1 dataSegments=0 bytes=41 rate=128
[MAC 2] rtslot_counter expired for neighbor 1 reserveSlot=1
[MAC 1] post-TX WAIT_FOR_ACK until 21.4746 (POST_TX_WAIT=20 s)
[MAC 2] Learned neighbor 1 uses slot 1 (rtCounter=1)
[HOP 2] RX ACK from 1 seq=4
[MAC 1] local advertised reservation expired
[MAC 2] rtslot_counter expired for neighbor 1 reserveSlot=1
[MAC 1] active_nodes set to 3 for local slotting and post-TX wait
[MAC 1] max_reported_active_nodes updated to 3
[MAC 2] active_nodes set to 3 for local slotting and post-TX wait
[MAC 2] max_reported_active_nodes updated to 3
[MAC 3] active_nodes set to 3 for local slotting and post-TX wait
[MAC 3] max_reported_active_nodes updated to 3
[HOP 2] CanSendToHop dest=1 outstanding=0 threshold=0 effectiveWindow=1 pendingData=0 globalLimit=16 neighborOK=1 nodeOK=1 -> YES
[HOP 2] link_control dest=1 neighborKnown=0 speed=128 txPower=33 rxPower=-109
[HOP 2] Pending DATA increment dest=1 pending=1
[HOP 2] TX historical-bare DATA neighbor=1 hopSeq=1
[MAC] Enqueue TX pkt dscp=0 insert_pos=0 queue_size_before=0
[HOP 3] CanSendToHop dest=1 outstanding=0 threshold=0 effectiveWindow=1 pendingData=0 globalLimit=16 neighborOK=1 nodeOK=1 -> YES
[HOP 3] link_control dest=1 neighborKnown=0 speed=128 txPower=33 rxPower=-109
[HOP 3] Pending DATA increment dest=1 pending=1
[HOP 3] TX historical-bare DATA neighbor=1 hopSeq=1
[MAC] Enqueue TX pkt dscp=0 insert_pos=0 queue_size_before=0
[MAC 2] PickTxSlot(dest=1) active_nodes_for_slotting=3 opnet_slot_range=31
[MAC 2] PickTxSlot(dest=1) avoid:
[MAC 2] PickTxSlot chose 3 using historical next_tslot modulo probe
[MAC 2] starts Pre-Tx with new slot=3 holdoff_over=0
[MAC 3] PickTxSlot(dest=1) active_nodes_for_slotting=3 opnet_slot_range=31
[MAC 3] PickTxSlot(dest=1) avoid:
[MAC 3] PickTxSlot chose 9 using historical next_tslot modulo probe
[MAC 3] starts Pre-Tx with new slot=9 holdoff_over=0
[HOP 2] CanSendToHop dest=1 outstanding=1 threshold=0 effectiveWindow=1 pendingData=1 globalLimit=16 neighborOK=0 nodeOK=1 -> NO
[HOP 3] CanSendToHop dest=1 outstanding=1 threshold=0 effectiveWindow=1 pendingData=1 globalLimit=16 neighborOK=0 nodeOK=1 -> NO
[HOP 2] CanSendToHop dest=1 outstanding=1 threshold=0 effectiveWindow=1 pendingData=1 globalLimit=16 neighborOK=0 nodeOK=1 -> NO
[HOP 3] CanSendToHop dest=1 outstanding=1 threshold=0 effectiveWindow=1 pendingData=1 globalLimit=16 neighborOK=0 nodeOK=1 -> NO
[HOP 2] CanSendToHop dest=1 outstanding=1 threshold=0 effectiveWindow=1 pendingData=1 globalLimit=16 neighborOK=0 nodeOK=1 -> NO
[HOP 3] CanSendToHop dest=1 outstanding=1 threshold=0 effectiveWindow=1 pendingData=1 globalLimit=16 neighborOK=0 nodeOK=1 -> NO
[HOP 2] CanSendToHop dest=1 outstanding=1 threshold=0 effectiveWindow=1 pendingData=1 globalLimit=16 neighborOK=0 nodeOK=1 -> NO
[HOP 3] CanSendToHop dest=1 outstanding=1 threshold=0 effectiveWindow=1 pendingData=1 globalLimit=16 neighborOK=0 nodeOK=1 -> NO
[HOP 2] CanSendToHop dest=1 outstanding=1 threshold=0 effectiveWindow=1 pendingData=1 globalLimit=16 neighborOK=0 nodeOK=1 -> NO
[HOP 3] CanSendToHop dest=1 outstanding=1 threshold=0 effectiveWindow=1 pendingData=1 globalLimit=16 neighborOK=0 nodeOK=1 -> NO
[HOP 2] CanSendToHop dest=1 outstanding=1 threshold=0 effectiveWindow=1 pendingData=1 globalLimit=16 neighborOK=0 nodeOK=1 -> NO
[HOP 3] CanSendToHop dest=1 outstanding=1 threshold=0 effectiveWindow=1 pendingData=1 globalLimit=16 neighborOK=0 nodeOK=1 -> NO
[HOP 2] CanSendToHop dest=1 outstanding=1 threshold=0 effectiveWindow=1 pendingData=1 globalLimit=16 neighborOK=0 nodeOK=1 -> NO
[HOP 3] CanSendToHop dest=1 outstanding=1 threshold=0 effectiveWindow=1 pendingData=1 globalLimit=16 neighborOK=0 nodeOK=1 -> NO
[HOP 2] CanSendToHop dest=1 outstanding=1 threshold=0 effectiveWindow=1 pendingData=1 globalLimit=16 neighborOK=0 nodeOK=1 -> NO
[HOP 3] CanSendToHop dest=1 outstanding=1 threshold=0 effectiveWindow=1 pendingData=1 globalLimit=16 neighborOK=0 nodeOK=1 -> NO
[HOP 2] CanSendToHop dest=1 outstanding=1 threshold=0 effectiveWindow=1 pendingData=1 globalLimit=16 neighborOK=0 nodeOK=1 -> NO
[HOP 3] CanSendToHop dest=1 outstanding=1 threshold=0 effectiveWindow=1 pendingData=1 globalLimit=16 neighborOK=0 nodeOK=1 -> NO
[HOP 2] CanSendToHop dest=1 outstanding=1 threshold=0 effectiveWindow=1 pendingData=1 globalLimit=16 neighborOK=0 nodeOK=1 -> NO
[HOP 3] CanSendToHop dest=1 outstanding=1 threshold=0 effectiveWindow=1 pendingData=1 globalLimit=16 neighborOK=0 nodeOK=1 -> NO
[HOP 2] CanSendToHop dest=1 outstanding=1 threshold=0 effectiveWindow=1 pendingData=1 globalLimit=16 neighborOK=0 nodeOK=1 -> NO
[HOP 3] CanSendToHop dest=1 outstanding=1 threshold=0 effectiveWindow=1 pendingData=1 globalLimit=16 neighborOK=0 nodeOK=1 -> NO
[HOP 2] CanSendToHop dest=1 outstanding=1 threshold=0 effectiveWindow=1 pendingData=1 globalLimit=16 neighborOK=0 nodeOK=1 -> NO
[HOP 3] CanSendToHop dest=1 outstanding=1 threshold=0 effectiveWindow=1 pendingData=1 globalLimit=16 neighborOK=0 nodeOK=1 -> NO
[HOP 2] CanSendToHop dest=1 outstanding=1 threshold=0 effectiveWindow=1 pendingData=1 globalLimit=16 neighborOK=0 nodeOK=1 -> NO
[HOP 3] CanSendToHop dest=1 outstanding=1 threshold=0 effectiveWindow=1 pendingData=1 globalLimit=16 neighborOK=0 nodeOK=1 -> NO
[HOP 2] CanSendToHop dest=1 outstanding=1 threshold=0 effectiveWindow=1 pendingData=1 globalLimit=16 neighborOK=0 nodeOK=1 -> NO
[HOP 3] CanSendToHop dest=1 outstanding=1 threshold=0 effectiveWindow=1 pendingData=1 globalLimit=16 neighborOK=0 nodeOK=1 -> NO
[HOP 2] CanSendToHop dest=1 outstanding=1 threshold=0 effectiveWindow=1 pendingData=1 globalLimit=16 neighborOK=0 nodeOK=1 -> NO
[HOP 3] CanSendToHop dest=1 outstanding=1 threshold=0 effectiveWindow=1 pendingData=1 globalLimit=16 neighborOK=0 nodeOK=1 -> NO
[MAC 2] OPNET 300-ms transmit holdoff complete
[MAC 3] OPNET 300-ms transmit holdoff complete
[HOP 2] CanSendToHop dest=1 outstanding=1 threshold=0 effectiveWindow=1 pendingData=1 globalLimit=16 neighborOK=0 nodeOK=1 -> NO
[HOP 3] CanSendToHop dest=1 outstanding=1 threshold=0 effectiveWindow=1 pendingData=1 globalLimit=16 neighborOK=0 nodeOK=1 -> NO
[HOP 2] CanSendToHop dest=1 outstanding=1 threshold=0 effectiveWindow=1 pendingData=1 globalLimit=16 neighborOK=0 nodeOK=1 -> NO
[HOP 3] CanSendToHop dest=1 outstanding=1 threshold=0 effectiveWindow=1 pendingData=1 globalLimit=16 neighborOK=0 nodeOK=1 -> NO
[MAC 2] PickTxSlot(dest=1) active_nodes_for_slotting=3 opnet_slot_range=31
[MAC 2] PickTxSlot(dest=1) avoid:
[MAC 2] PickTxSlot chose 7 using historical next_tslot modulo probe
[MAC 2] TX opportunity reached currentSlot=3 reserveNextSlot=7
... type=0 speedKey=128[t=0.351] TX from node 2 to dest 1 seq 1 size 48 bytes segments 1 at slot 7 rate 128 kbps txPower 33 dBm (133333 bps) preamble SHORT duration 0.0225 s
[HOP 2] MAC sent confirmation dest=1 seq=1 transmission=1 sentAt=0.351
[MAC 2] OPNET aggregate transmitted segments=1 ackSegments=0 dataSegments=1 bytes=48 rate=128
[HOP 2] CanSendToHop dest=1 outstanding=1 threshold=0 effectiveWindow=1 pendingData=1 globalLimit=16 neighborOK=0 nodeOK=1 -> NO
[HOP 3] CanSendToHop dest=1 outstanding=1 threshold=0 effectiveWindow=1 pendingData=1 globalLimit=16 neighborOK=0 nodeOK=1 -> NO
[MAC 2] post-TX WAIT_FOR_ACK until 20.3735 (POST_TX_WAIT=20 s)
[MAC 1] Learned neighbor 2 uses slot 7 (rtCounter=7)
[HOP 1] New neighbor 2 heard at t=0.373501s
[HOP 1] link_control dest=2 neighborKnown=1 s0=-109 pathloss=70 failures=0 speed=128 txPower=33 rxPower=-109 cost=116
[MAC 1] Enqueue ACK dest=2 seq=1 window=1 ack_queue_size=1
[HOP 2] CanSendToHop dest=1 outstanding=1 threshold=0 effectiveWindow=1 pendingData=1 globalLimit=16 neighborOK=0 nodeOK=1 -> NO
[HOP 3] CanSendToHop dest=1 outstanding=1 threshold=0 effectiveWindow=1 pendingData=1 globalLimit=16 neighborOK=0 nodeOK=1 -> NO
[MAC 1] PickTxSlot(dest=2) active_nodes_for_slotting=3 opnet_slot_range=31
[MAC 1] avoiding neighbor 2 currentReservedSlot=6 rtslot_counter=6
[MAC 1] PickTxSlot(dest=2) avoid: 6
[MAC 1] PickTxSlot chose 28 using historical next_tslot modulo probe
[MAC 1] starts Pre-Tx with new slot=28 holdoff_over=0
[HOP 2] CanSendToHop dest=1 outstanding=1 threshold=0 effectiveWindow=1 pendingData=1 globalLimit=16 neighborOK=0 nodeOK=1 -> NO
[HOP 3] CanSendToHop dest=1 outstanding=1 threshold=0 effectiveWindow=1 pendingData=1 globalLimit=16 neighborOK=0 nodeOK=1 -> NO
[HOP 2] CanSendToHop dest=1 outstanding=1 threshold=0 effectiveWindow=1 pendingData=1 globalLimit=16 neighborOK=0 nodeOK=1 -> NO
[HOP 3] CanSendToHop dest=1 outstanding=1 threshold=0 effectiveWindow=1 pendingData=1 globalLimit=16 neighborOK=0 nodeOK=1 -> NO
[MAC 3] PickTxSlot(dest=1) active_nodes_for_slotting=3 opnet_slot_range=31
[MAC 3] PickTxSlot(dest=1) avoid:
[MAC 3] PickTxSlot chose 1 using historical next_tslot modulo probe
[MAC 3] TX opportunity reached currentSlot=9 reserveNextSlot=1
... type=0 speedKey=128[t=0.429] TX from node 3 to dest 1 seq 1 size 48 bytes segments 1 at slot 1 rate 128 kbps txPower 33 dBm (133333 bps) preamble SHORT duration 0.0225 s
[HOP 3] MAC sent confirmation dest=1 seq=1 transmission=1 sentAt=0.429
[MAC 3] OPNET aggregate transmitted segments=1 ackSegments=0 dataSegments=1 bytes=48 rate=128
[HOP 2] CanSendToHop dest=1 outstanding=1 threshold=0 effectiveWindow=1 pendingData=1 globalLimit=16 neighborOK=0 nodeOK=1 -> NO
[HOP 3] CanSendToHop dest=1 outstanding=1 threshold=0 effectiveWindow=1 pendingData=1 globalLimit=16 neighborOK=0 nodeOK=1 -> NO
[MAC 3] post-TX WAIT_FOR_ACK until 20.4515 (POST_TX_WAIT=20 s)
[MAC 1] Learned neighbor 3 uses slot 1 (rtCounter=1)
[HOP 1] New neighbor 3 heard at t=0.451501s
[HOP 1] link_control dest=3 neighborKnown=1 s0=-109 pathloss=70 failures=0 speed=128 txPower=33 rxPower=-109 cost=116
[MAC 1] Enqueue ACK dest=3 seq=1 window=1 ack_queue_size=2
[HOP 2] CanSendToHop dest=1 outstanding=1 threshold=0 effectiveWindow=1 pendingData=1 globalLimit=16 neighborOK=0 nodeOK=1 -> NO
[HOP 3] CanSendToHop dest=1 outstanding=1 threshold=0 effectiveWindow=1 pendingData=1 globalLimit=16 neighborOK=0 nodeOK=1 -> NO
[MAC 1] rtslot_counter expired for neighbor 3 reserveSlot=1
[MAC 2] local advertised reservation expired
[MAC 3] local advertised reservation expired
[MAC 1] rtslot_counter expired for neighbor 2 reserveSlot=7
[HOP 2] CanSendToHop dest=1 outstanding=1 threshold=0 effectiveWindow=1 pendingData=1 globalLimit=16 neighborOK=0 nodeOK=1 -> NO
[HOP 3] CanSendToHop dest=1 outstanding=1 threshold=0 effectiveWindow=1 pendingData=1 globalLimit=16 neighborOK=0 nodeOK=1 -> NO
[HOP 2] CanSendToHop dest=1 outstanding=1 threshold=0 effectiveWindow=1 pendingData=1 globalLimit=16 neighborOK=0 nodeOK=1 -> NO
[HOP 3] CanSendToHop dest=1 outstanding=1 threshold=0 effectiveWindow=1 pendingData=1 globalLimit=16 neighborOK=0 nodeOK=1 -> NO
[HOP 2] CanSendToHop dest=1 outstanding=1 threshold=0 effectiveWindow=1 pendingData=1 globalLimit=16 neighborOK=0 nodeOK=1 -> NO
[HOP 3] CanSendToHop dest=1 outstanding=1 threshold=0 effectiveWindow=1 pendingData=1 globalLimit=16 neighborOK=0 nodeOK=1 -> NO
[HOP 2] CanSendToHop dest=1 outstanding=1 threshold=0 effectiveWindow=1 pendingData=1 globalLimit=16 neighborOK=0 nodeOK=1 -> NO
[HOP 3] CanSendToHop dest=1 outstanding=1 threshold=0 effectiveWindow=1 pendingData=1 globalLimit=16 neighborOK=0 nodeOK=1 -> NO
[HOP 2] CanSendToHop dest=1 outstanding=1 threshold=0 effectiveWindow=1 pendingData=1 globalLimit=16 neighborOK=0 nodeOK=1 -> NO
[HOP 3] CanSendToHop dest=1 outstanding=1 threshold=0 effectiveWindow=1 pendingData=1 globalLimit=16 neighborOK=0 nodeOK=1 -> NO
[HOP 2] CanSendToHop dest=1 outstanding=1 threshold=0 effectiveWindow=1 pendingData=1 globalLimit=16 neighborOK=0 nodeOK=1 -> NO
[HOP 3] CanSendToHop dest=1 outstanding=1 threshold=0 effectiveWindow=1 pendingData=1 globalLimit=16 neighborOK=0 nodeOK=1 -> NO
[HOP 2] CanSendToHop dest=1 outstanding=1 threshold=0 effectiveWindow=1 pendingData=1 globalLimit=16 neighborOK=0 nodeOK=1 -> NO
[HOP 3] CanSendToHop dest=1 outstanding=1 threshold=0 effectiveWindow=1 pendingData=1 globalLimit=16 neighborOK=0 nodeOK=1 -> NO
[HOP 2] CanSendToHop dest=1 outstanding=1 threshold=0 effectiveWindow=1 pendingData=1 globalLimit=16 neighborOK=0 nodeOK=1 -> NO
[HOP 3] CanSendToHop dest=1 outstanding=1 threshold=0 effectiveWindow=1 pendingData=1 globalLimit=16 neighborOK=0 nodeOK=1 -> NO
[HOP 2] CanSendToHop dest=1 outstanding=1 threshold=0 effectiveWindow=1 pendingData=1 globalLimit=16 neighborOK=0 nodeOK=1 -> NO
[HOP 3] CanSendToHop dest=1 outstanding=1 threshold=0 effectiveWindow=1 pendingData=1 globalLimit=16 neighborOK=0 nodeOK=1 -> NO
[HOP 2] CanSendToHop dest=1 outstanding=1 threshold=0 effectiveWindow=1 pendingData=1 globalLimit=16 neighborOK=0 nodeOK=1 -> NO
[HOP 3] CanSendToHop dest=1 outstanding=1 threshold=0 effectiveWindow=1 pendingData=1 globalLimit=16 neighborOK=0 nodeOK=1 -> NO
[MAC 1] OPNET 300-ms transmit holdoff complete
[HOP 2] CanSendToHop dest=1 outstanding=1 threshold=0 effectiveWindow=1 pendingData=1 globalLimit=16 neighborOK=0 nodeOK=1 -> NO
[HOP 3] CanSendToHop dest=1 outstanding=1 threshold=0 effectiveWindow=1 pendingData=1 globalLimit=16 neighborOK=0 nodeOK=1 -> NO
[HOP 2] CanSendToHop dest=1 outstanding=1 threshold=0 effectiveWindow=1 pendingData=1 globalLimit=16 neighborOK=0 nodeOK=1 -> NO
[HOP 3] CanSendToHop dest=1 outstanding=1 threshold=0 effectiveWindow=1 pendingData=1 globalLimit=16 neighborOK=0 nodeOK=1 -> NO
[HOP 2] CanSendToHop dest=1 outstanding=1 threshold=0 effectiveWindow=1 pendingData=1 globalLimit=16 neighborOK=0 nodeOK=1 -> NO
[HOP 3] CanSendToHop dest=1 outstanding=1 threshold=0 effectiveWindow=1 pendingData=1 globalLimit=16 neighborOK=0 nodeOK=1 -> NO
[HOP 2] CanSendToHop dest=1 outstanding=1 threshold=0 effectiveWindow=1 pendingData=1 globalLimit=16 neighborOK=0 nodeOK=1 -> NO
[HOP 3] CanSendToHop dest=1 outstanding=1 threshold=0 effectiveWindow=1 pendingData=1 globalLimit=16 neighborOK=0 nodeOK=1 -> NO
[HOP 2] CanSendToHop dest=1 outstanding=1 threshold=0 effectiveWindow=1 pendingData=1 globalLimit=16 neighborOK=0 nodeOK=1 -> NO
[HOP 3] CanSendToHop dest=1 outstanding=1 threshold=0 effectiveWindow=1 pendingData=1 globalLimit=16 neighborOK=0 nodeOK=1 -> NO
[HOP 2] CanSendToHop dest=1 outstanding=1 threshold=0 effectiveWindow=1 pendingData=1 globalLimit=16 neighborOK=0 nodeOK=1 -> NO
[HOP 3] CanSendToHop dest=1 outstanding=1 threshold=0 effectiveWindow=1 pendingData=1 globalLimit=16 neighborOK=0 nodeOK=1 -> NO
[HOP 2] CanSendToHop dest=1 outstanding=1 threshold=0 effectiveWindow=1 pendingData=1 globalLimit=16 neighborOK=0 nodeOK=1 -> NO
[HOP 3] CanSendToHop dest=1 outstanding=1 threshold=0 effectiveWindow=1 pendingData=1 globalLimit=16 neighborOK=0 nodeOK=1 -> NO
[HOP 2] CanSendToHop dest=1 outstanding=1 threshold=0 effectiveWindow=1 pendingData=1 globalLimit=16 neighborOK=0 nodeOK=1 -> NO
[HOP 3] CanSendToHop dest=1 outstanding=1 threshold=0 effectiveWindow=1 pendingData=1 globalLimit=16 neighborOK=0 nodeOK=1 -> NO
[HOP 2] CanSendToHop dest=1 outstanding=1 threshold=0 effectiveWindow=1 pendingData=1 globalLimit=16 neighborOK=0 nodeOK=1 -> NO
[HOP 3] CanSendToHop dest=1 outstanding=1 threshold=0 effectiveWindow=1 pendingData=1 globalLimit=16 neighborOK=0 nodeOK=1 -> NO
[HOP 2] CanSendToHop dest=1 outstanding=1 threshold=0 effectiveWindow=1 pendingData=1 globalLimit=16 neighborOK=0 nodeOK=1 -> NO
[HOP 3] CanSendToHop dest=1 outstanding=1 threshold=0 effectiveWindow=1 pendingData=1 globalLimit=16 neighborOK=0 nodeOK=1 -> NO
[HOP 2] CanSendToHop dest=1 outstanding=1 threshold=0 effectiveWindow=1 pendingData=1 globalLimit=16 neighborOK=0 nodeOK=1 -> NO
[HOP 3] CanSendToHop dest=1 outstanding=1 threshold=0 effectiveWindow=1 pendingData=1 globalLimit=16 neighborOK=0 nodeOK=1 -> NO
[HOP 2] CanSendToHop dest=1 outstanding=1 threshold=0 effectiveWindow=1 pendingData=1 globalLimit=16 neighborOK=0 nodeOK=1 -> NO
[HOP 3] CanSendToHop dest=1 outstanding=1 threshold=0 effectiveWindow=1 pendingData=1 globalLimit=16 neighborOK=0 nodeOK=1 -> NO
[HOP 2] CanSendToHop dest=1 outstanding=1 threshold=0 effectiveWindow=1 pendingData=1 globalLimit=16 neighborOK=0 nodeOK=1 -> NO
[HOP 3] CanSendToHop dest=1 outstanding=1 threshold=0 effectiveWindow=1 pendingData=1 globalLimit=16 neighborOK=0 nodeOK=1 -> NO
[HOP 2] CanSendToHop dest=1 outstanding=1 threshold=0 effectiveWindow=1 pendingData=1 globalLimit=16 neighborOK=0 nodeOK=1 -> NO
[HOP 3] CanSendToHop dest=1 outstanding=1 threshold=0 effectiveWindow=1 pendingData=1 globalLimit=16 neighborOK=0 nodeOK=1 -> NO
[HOP 2] CanSendToHop dest=1 outstanding=1 threshold=0 effectiveWindow=1 pendingData=1 globalLimit=16 neighborOK=0 nodeOK=1 -> NO
[HOP 3] CanSendToHop dest=1 outstanding=1 threshold=0 effectiveWindow=1 pendingData=1 globalLimit=16 neighborOK=0 nodeOK=1 -> NO
[HOP 2] CanSendToHop dest=1 outstanding=1 threshold=0 effectiveWindow=1 pendingData=1 globalLimit=16 neighborOK=0 nodeOK=1 -> NO
[HOP 3] CanSendToHop dest=1 outstanding=1 threshold=0 effectiveWindow=1 pendingData=1 globalLimit=16 neighborOK=0 nodeOK=1 -> NO
[HOP 2] CanSendToHop dest=1 outstanding=1 threshold=0 effectiveWindow=1 pendingData=1 globalLimit=16 neighborOK=0 nodeOK=1 -> NO
[HOP 3] CanSendToHop dest=1 outstanding=1 threshold=0 effectiveWindow=1 pendingData=1 globalLimit=16 neighborOK=0 nodeOK=1 -> NO
[HOP 2] CanSendToHop dest=1 outstanding=1 threshold=0 effectiveWindow=1 pendingData=1 globalLimit=16 neighborOK=0 nodeOK=1 -> NO
[HOP 3] CanSendToHop dest=1 outstanding=1 threshold=0 effectiveWindow=1 pendingData=1 globalLimit=16 neighborOK=0 nodeOK=1 -> NO
[HOP 2] CanSendToHop dest=1 outstanding=1 threshold=0 effectiveWindow=1 pendingData=1 globalLimit=16 neighborOK=0 nodeOK=1 -> NO
[HOP 3] CanSendToHop dest=1 outstanding=1 threshold=0 effectiveWindow=1 pendingData=1 globalLimit=16 neighborOK=0 nodeOK=1 -> NO
[MAC 1] PickTxSlot(dest=2) active_nodes_for_slotting=3 opnet_slot_range=31
[MAC 1] PickTxSlot(dest=2) avoid:
[MAC 1] PickTxSlot chose 28 using historical next_tslot modulo probe
[MAC 1] TX opportunity reached currentSlot=28 reserveNextSlot=28
... type=1 speedKey=128[t=1.0495] TX from node 1 to dest 2 seq 1 size 82 bytes segments 2 at slot 28 rate 128 kbps txPower 33 dBm (133333 bps) preamble SHORT duration 0.02454 s
[MAC 1] ACK transmitted in aggregate dest=2 seq=1 txCount=1/5
[MAC 1] ACK transmitted in aggregate dest=3 seq=1 txCount=1/5
[MAC 1] OPNET aggregate transmitted segments=2 ackSegments=2 dataSegments=0 bytes=82 rate=128
[HOP 2] CanSendToHop dest=1 outstanding=1 threshold=0 effectiveWindow=1 pendingData=1 globalLimit=16 neighborOK=0 nodeOK=1 -> NO
[HOP 3] CanSendToHop dest=1 outstanding=1 threshold=0 effectiveWindow=1 pendingData=1 globalLimit=16 neighborOK=0 nodeOK=1 -> NO
[MAC 1] resumes Pre-Tx with live slot=28 counter=28
[MAC 2] Learned neighbor 1 uses slot 28 (rtCounter=28)
[HOP 2] New neighbor 1 heard at t=1.07404s
[HOP 2] RX ACK from 1 seq=1
[HOP 2] Pending DATA decrement reason=ACK neighbor=1 pending=0
[MAC 3] Learned neighbor 1 uses slot 28 (rtCounter=28)
[HOP 3] New neighbor 1 heard at t=1.07404s
[HOP 3] RX ACK from 1 seq=1
[HOP 3] Pending DATA decrement reason=ACK neighbor=1 pending=0
[HOP 2] CanSendToHop dest=1 outstanding=0 threshold=0 effectiveWindow=1 pendingData=0 globalLimit=16 neighborOK=1 nodeOK=1 -> YES
[HOP 2] link_control dest=1 neighborKnown=1 s0=-109 pathloss=70 failures=0 speed=128 txPower=33 rxPower=-109 cost=116
[HOP 2] Pending DATA increment dest=1 pending=1
[HOP 2] TX historical-bare DATA neighbor=1 hopSeq=2
[MAC] Enqueue TX pkt dscp=0 insert_pos=0 queue_size_before=0
[HOP 3] CanSendToHop dest=1 outstanding=0 threshold=0 effectiveWindow=1 pendingData=0 globalLimit=16 neighborOK=1 nodeOK=1 -> YES
[HOP 3] link_control dest=1 neighborKnown=1 s0=-109 pathloss=70 failures=0 speed=128 txPower=33 rxPower=-109 cost=116
[HOP 3] Pending DATA increment dest=1 pending=1
[HOP 3] TX historical-bare DATA neighbor=1 hopSeq=2
[MAC] Enqueue TX pkt dscp=0 insert_pos=0 queue_size_before=0
[MAC 2] PickTxSlot(dest=1) active_nodes_for_slotting=3 opnet_slot_range=31
[MAC 2] avoiding neighbor 1 currentReservedSlot=27 rtslot_counter=27
[MAC 2] PickTxSlot(dest=1) avoid: 27
[MAC 2] PickTxSlot chose 3 using historical next_tslot modulo probe
[MAC 2] starts Pre-Tx with new slot=3 holdoff_over=1
[MAC 3] PickTxSlot(dest=1) active_nodes_for_slotting=3 opnet_slot_range=31
[MAC 3] avoiding neighbor 1 currentReservedSlot=27 rtslot_counter=27
[MAC 3] PickTxSlot(dest=1) avoid: 27
[MAC 3] PickTxSlot chose 9 using historical next_tslot modulo probe
[MAC 3] starts Pre-Tx with new slot=9 holdoff_over=1
[HOP 2] CanSendToHop dest=1 outstanding=1 threshold=0 effectiveWindow=1 pendingData=1 globalLimit=16 neighborOK=0 nodeOK=1 -> NO
[HOP 3] CanSendToHop dest=1 outstanding=1 threshold=0 effectiveWindow=1 pendingData=1 globalLimit=16 neighborOK=0 nodeOK=1 -> NO
[HOP 2] CanSendToHop dest=1 outstanding=1 threshold=0 effectiveWindow=1 pendingData=1 globalLimit=16 neighborOK=0 nodeOK=1 -> NO
[HOP 3] CanSendToHop dest=1 outstanding=1 threshold=0 effectiveWindow=1 pendingData=1 globalLimit=16 neighborOK=0 nodeOK=1 -> NO
[HOP 2] CanSendToHop dest=1 outstanding=1 threshold=0 effectiveWindow=1 pendingData=1 globalLimit=16 neighborOK=0 nodeOK=1 -> NO
[HOP 3] CanSendToHop dest=1 outstanding=1 threshold=0 effectiveWindow=1 pendingData=1 globalLimit=16 neighborOK=0 nodeOK=1 -> NO
[MAC 2] PickTxSlot(dest=1) active_nodes_for_slotting=3 opnet_slot_range=31
[MAC 2] avoiding neighbor 1 currentReservedSlot=23 rtslot_counter=23
[MAC 2] PickTxSlot(dest=1) avoid: 23
[MAC 2] PickTxSlot chose 7 using historical next_tslot modulo probe
[MAC 2] TX opportunity reached currentSlot=3 reserveNextSlot=7
... type=0 speedKey=128[t=1.131] TX from node 2 to dest 1 seq 2 size 48 bytes segments 1 at slot 7 rate 128 kbps txPower 33 dBm (133333 bps) preamble SHORT duration 0.0225 s
[HOP 2] MAC sent confirmation dest=1 seq=2 transmission=1 sentAt=1.131
[MAC 2] OPNET aggregate transmitted segments=1 ackSegments=0 dataSegments=1 bytes=48 rate=128
[HOP 2] CanSendToHop dest=1 outstanding=1 threshold=0 effectiveWindow=1 pendingData=1 globalLimit=16 neighborOK=0 nodeOK=1 -> NO
[HOP 3] CanSendToHop dest=1 outstanding=1 threshold=0 effectiveWindow=1 pendingData=1 globalLimit=16 neighborOK=0 nodeOK=1 -> NO
[MAC 2] post-TX WAIT_FOR_ACK until 21.1535 (POST_TX_WAIT=20 s)
[MAC 1] Learned neighbor 2 uses slot 7 (rtCounter=7)
[HOP 1] link_control dest=2 neighborKnown=1 s0=-109 pathloss=70 failures=0 speed=128 txPower=33 rxPower=-109 cost=116
[MAC 1] Update cumulative ACK queue entry dest=2 baseSeq=2 txCount=0
[HOP 2] CanSendToHop dest=1 outstanding=1 threshold=0 effectiveWindow=1 pendingData=1 globalLimit=16 neighborOK=0 nodeOK=1 -> NO
[HOP 3] CanSendToHop dest=1 outstanding=1 threshold=0 effectiveWindow=1 pendingData=1 globalLimit=16 neighborOK=0 nodeOK=1 -> NO
[HOP 2] CanSendToHop dest=1 outstanding=1 threshold=0 effectiveWindow=1 pendingData=1 globalLimit=16 neighborOK=0 nodeOK=1 -> NO
[HOP 3] CanSendToHop dest=1 outstanding=1 threshold=0 effectiveWindow=1 pendingData=1 globalLimit=16 neighborOK=0 nodeOK=1 -> NO
[HOP 2] CanSendToHop dest=1 outstanding=1 threshold=0 effectiveWindow=1 pendingData=1 globalLimit=16 neighborOK=0 nodeOK=1 -> NO
[HOP 3] CanSendToHop dest=1 outstanding=1 threshold=0 effectiveWindow=1 pendingData=1 globalLimit=16 neighborOK=0 nodeOK=1 -> NO
[MAC 3] PickTxSlot(dest=1) active_nodes_for_slotting=3 opnet_slot_range=31
[MAC 3] avoiding neighbor 1 currentReservedSlot=17 rtslot_counter=17
[MAC 3] PickTxSlot(dest=1) avoid: 17
[MAC 3] PickTxSlot chose 1 using historical next_tslot modulo probe
[MAC 3] TX opportunity reached currentSlot=9 reserveNextSlot=1
... type=0 speedKey=128[t=1.209] TX from node 3 to dest 1 seq 2 size 48 bytes segments 1 at slot 1 rate 128 kbps txPower 33 dBm (133333 bps) preamble SHORT duration 0.0225 s
[HOP 3] MAC sent confirmation dest=1 seq=2 transmission=1 sentAt=1.209
[MAC 3] OPNET aggregate transmitted segments=1 ackSegments=0 dataSegments=1 bytes=48 rate=128
[HOP 2] CanSendToHop dest=1 outstanding=1 threshold=0 effectiveWindow=1 pendingData=1 globalLimit=16 neighborOK=0 nodeOK=1 -> NO
[HOP 3] CanSendToHop dest=1 outstanding=1 threshold=0 effectiveWindow=1 pendingData=1 globalLimit=16 neighborOK=0 nodeOK=1 -> NO
[MAC 3] post-TX WAIT_FOR_ACK until 21.2315 (POST_TX_WAIT=20 s)
[MAC 1] Learned neighbor 3 uses slot 1 (rtCounter=1)
[HOP 1] link_control dest=3 neighborKnown=1 s0=-109 pathloss=70 failures=0 speed=128 txPower=33 rxPower=-109 cost=116
[MAC 1] Update cumulative ACK queue entry dest=3 baseSeq=2 txCount=0
[HOP 2] CanSendToHop dest=1 outstanding=1 threshold=0 effectiveWindow=1 pendingData=1 globalLimit=16 neighborOK=0 nodeOK=1 -> NO
[HOP 3] CanSendToHop dest=1 outstanding=1 threshold=0 effectiveWindow=1 pendingData=1 globalLimit=16 neighborOK=0 nodeOK=1 -> NO
[MAC 1] rtslot_counter expired for neighbor 2 reserveSlot=7
[MAC 1] rtslot_counter expired for neighbor 3 reserveSlot=1
[MAC 2] local advertised reservation expired
[MAC 3] local advertised reservation expired
[HOP 2] CanSendToHop dest=1 outstanding=1 threshold=0 effectiveWindow=1 pendingData=1 globalLimit=16 neighborOK=0 nodeOK=1 -> NO
[HOP 3] CanSendToHop dest=1 outstanding=1 threshold=0 effectiveWindow=1 pendingData=1 globalLimit=16 neighborOK=0 nodeOK=1 -> NO
[HOP 2] CanSendToHop dest=1 outstanding=1 threshold=0 effectiveWindow=1 pendingData=1 globalLimit=16 neighborOK=0 nodeOK=1 -> NO
[HOP 3] CanSendToHop dest=1 outstanding=1 threshold=0 effectiveWindow=1 pendingData=1 globalLimit=16 neighborOK=0 nodeOK=1 -> NO
[HOP 2] CanSendToHop dest=1 outstanding=1 threshold=0 effectiveWindow=1 pendingData=1 globalLimit=16 neighborOK=0 nodeOK=1 -> NO
[HOP 3] CanSendToHop dest=1 outstanding=1 threshold=0 effectiveWindow=1 pendingData=1 globalLimit=16 neighborOK=0 nodeOK=1 -> NO
[HOP 2] CanSendToHop dest=1 outstanding=1 threshold=0 effectiveWindow=1 pendingData=1 globalLimit=16 neighborOK=0 nodeOK=1 -> NO
[HOP 3] CanSendToHop dest=1 outstanding=1 threshold=0 effectiveWindow=1 pendingData=1 globalLimit=16 neighborOK=0 nodeOK=1 -> NO
[HOP 2] CanSendToHop dest=1 outstanding=1 threshold=0 effectiveWindow=1 pendingData=1 globalLimit=16 neighborOK=0 nodeOK=1 -> NO
[HOP 3] CanSendToHop dest=1 outstanding=1 threshold=0 effectiveWindow=1 pendingData=1 globalLimit=16 neighborOK=0 nodeOK=1 -> NO
[HOP 2] CanSendToHop dest=1 outstanding=1 threshold=0 effectiveWindow=1 pendingData=1 globalLimit=16 neighborOK=0 nodeOK=1 -> NO
[HOP 3] CanSendToHop dest=1 outstanding=1 threshold=0 effectiveWindow=1 pendingData=1 globalLimit=16 neighborOK=0 nodeOK=1 -> NO
[HOP 2] CanSendToHop dest=1 outstanding=1 threshold=0 effectiveWindow=1 pendingData=1 globalLimit=16 neighborOK=0 nodeOK=1 -> NO
[HOP 3] CanSendToHop dest=1 outstanding=1 threshold=0 effectiveWindow=1 pendingData=1 globalLimit=16 neighborOK=0 nodeOK=1 -> NO
[HOP 2] CanSendToHop dest=1 outstanding=1 threshold=0 effectiveWindow=1 pendingData=1 globalLimit=16 neighborOK=0 nodeOK=1 -> NO
[HOP 3] CanSendToHop dest=1 outstanding=1 threshold=0 effectiveWindow=1 pendingData=1 globalLimit=16 neighborOK=0 nodeOK=1 -> NO
[HOP 2] CanSendToHop dest=1 outstanding=1 threshold=0 effectiveWindow=1 pendingData=1 globalLimit=16 neighborOK=0 nodeOK=1 -> NO
[HOP 3] CanSendToHop dest=1 outstanding=1 threshold=0 effectiveWindow=1 pendingData=1 globalLimit=16 neighborOK=0 nodeOK=1 -> NO
[MAC 1] PickTxSlot(dest=2) active_nodes_for_slotting=3 opnet_slot_range=31
[MAC 1] PickTxSlot(dest=2) avoid:
[MAC 1] PickTxSlot chose 28 using historical next_tslot modulo probe
[MAC 1] TX opportunity reached currentSlot=28 reserveNextSlot=28
... type=1 speedKey=128[t=1.4395] TX from node 1 to dest 2 seq 2 size 82 bytes segments 2 at slot 28 rate 128 kbps txPower 33 dBm (133333 bps) preamble SHORT duration 0.02454 s
[MAC 1] ACK transmitted in aggregate dest=2 seq=2 txCount=1/5
[MAC 1] ACK transmitted in aggregate dest=3 seq=2 txCount=1/5
[MAC 1] OPNET aggregate transmitted segments=2 ackSegments=2 dataSegments=0 bytes=82 rate=128
[HOP 2] CanSendToHop dest=1 outstanding=1 threshold=0 effectiveWindow=1 pendingData=1 globalLimit=16 neighborOK=0 nodeOK=1 -> NO
[HOP 3] CanSendToHop dest=1 outstanding=1 threshold=0 effectiveWindow=1 pendingData=1 globalLimit=16 neighborOK=0 nodeOK=1 -> NO
[MAC 2] rtslot_counter expired for neighbor 1 reserveSlot=28
[MAC 3] rtslot_counter expired for neighbor 1 reserveSlot=28
[HOP 2] CanSendToHop dest=1 outstanding=1 threshold=0 effectiveWindow=1 pendingData=1 globalLimit=16 neighborOK=0 nodeOK=1 -> NO
[HOP 3] CanSendToHop dest=1 outstanding=1 threshold=0 effectiveWindow=1 pendingData=1 globalLimit=16 neighborOK=0 nodeOK=1 -> NO
[MAC 1] resumes Pre-Tx with live slot=28 counter=28
[MAC 2] Learned neighbor 1 uses slot 28 (rtCounter=28)
[HOP 2] RX ACK from 1 seq=2
[HOP 2] Pending DATA decrement reason=ACK neighbor=1 pending=0
[MAC 3] Learned neighbor 1 uses slot 28 (rtCounter=28)
[HOP 3] RX ACK from 1 seq=2
[HOP 3] Pending DATA decrement reason=ACK neighbor=1 pending=0
[HOP 2] CanSendToHop dest=1 outstanding=0 threshold=0 effectiveWindow=1 pendingData=0 globalLimit=16 neighborOK=1 nodeOK=1 -> YES
[HOP 2] link_control dest=1 neighborKnown=1 s0=-109 pathloss=70 failures=0 speed=128 txPower=33 rxPower=-109 cost=116
[HOP 2] Pending DATA increment dest=1 pending=1
[HOP 2] TX historical-bare DATA neighbor=1 hopSeq=3
[MAC] Enqueue TX pkt dscp=0 insert_pos=0 queue_size_before=0
[HOP 3] CanSendToHop dest=1 outstanding=0 threshold=0 effectiveWindow=1 pendingData=0 globalLimit=16 neighborOK=1 nodeOK=1 -> YES
[HOP 3] link_control dest=1 neighborKnown=1 s0=-109 pathloss=70 failures=0 speed=128 txPower=33 rxPower=-109 cost=116
[HOP 3] Pending DATA increment dest=1 pending=1
[HOP 3] TX historical-bare DATA neighbor=1 hopSeq=3
[MAC] Enqueue TX pkt dscp=0 insert_pos=0 queue_size_before=0
[MAC 2] PickTxSlot(dest=1) active_nodes_for_slotting=3 opnet_slot_range=31
[MAC 2] avoiding neighbor 1 currentReservedSlot=27 rtslot_counter=27
[MAC 2] PickTxSlot(dest=1) avoid: 27
[MAC 2] PickTxSlot chose 3 using historical next_tslot modulo probe
[MAC 2] starts Pre-Tx with new slot=3 holdoff_over=1
[MAC 3] PickTxSlot(dest=1) active_nodes_for_slotting=3 opnet_slot_range=31
[MAC 3] avoiding neighbor 1 currentReservedSlot=27 rtslot_counter=27
[MAC 3] PickTxSlot(dest=1) avoid: 27
[MAC 3] PickTxSlot chose 9 using historical next_tslot modulo probe
[MAC 3] starts Pre-Tx with new slot=9 holdoff_over=1
[HOP 2] CanSendToHop dest=1 outstanding=1 threshold=0 effectiveWindow=1 pendingData=1 globalLimit=16 neighborOK=0 nodeOK=1 -> NO
[HOP 3] CanSendToHop dest=1 outstanding=1 threshold=0 effectiveWindow=1 pendingData=1 globalLimit=16 neighborOK=0 nodeOK=1 -> NO
[HOP 2] CanSendToHop dest=1 outstanding=1 threshold=0 effectiveWindow=1 pendingData=1 globalLimit=16 neighborOK=0 nodeOK=1 -> NO
[HOP 3] CanSendToHop dest=1 outstanding=1 threshold=0 effectiveWindow=1 pendingData=1 globalLimit=16 neighborOK=0 nodeOK=1 -> NO
[HOP 2] CanSendToHop dest=1 outstanding=1 threshold=0 effectiveWindow=1 pendingData=1 globalLimit=16 neighborOK=0 nodeOK=1 -> NO
[HOP 3] CanSendToHop dest=1 outstanding=1 threshold=0 effectiveWindow=1 pendingData=1 globalLimit=16 neighborOK=0 nodeOK=1 -> NO
[MAC 2] PickTxSlot(dest=1) active_nodes_for_slotting=3 opnet_slot_range=31
[MAC 2] avoiding neighbor 1 currentReservedSlot=23 rtslot_counter=23
[MAC 2] PickTxSlot(dest=1) avoid: 23
[MAC 2] PickTxSlot chose 7 using historical next_tslot modulo probe
[MAC 2] TX opportunity reached currentSlot=3 reserveNextSlot=7
... type=0 speedKey=128[t=1.521] TX from node 2 to dest 1 seq 3 size 48 bytes segments 1 at slot 7 rate 128 kbps txPower 33 dBm (133333 bps) preamble SHORT duration 0.0225 s
[HOP 2] MAC sent confirmation dest=1 seq=3 transmission=1 sentAt=1.521
[MAC 2] OPNET aggregate transmitted segments=1 ackSegments=0 dataSegments=1 bytes=48 rate=128
[HOP 2] CanSendToHop dest=1 outstanding=1 threshold=0 effectiveWindow=1 pendingData=1 globalLimit=16 neighborOK=0 nodeOK=1 -> NO
[HOP 3] CanSendToHop dest=1 outstanding=1 threshold=0 effectiveWindow=1 pendingData=1 globalLimit=16 neighborOK=0 nodeOK=1 -> NO
[MAC 2] post-TX WAIT_FOR_ACK until 21.5435 (POST_TX_WAIT=20 s)
[MAC 1] Learned neighbor 2 uses slot 7 (rtCounter=7)
[HOP 1] link_control dest=2 neighborKnown=1 s0=-109 pathloss=70 failures=0 speed=128 txPower=33 rxPower=-109 cost=116
[MAC 1] Update cumulative ACK queue entry dest=2 baseSeq=3 txCount=0
[HOP 2] CanSendToHop dest=1 outstanding=1 threshold=0 effectiveWindow=1 pendingData=1 globalLimit=16 neighborOK=0 nodeOK=1 -> NO
[HOP 3] CanSendToHop dest=1 outstanding=1 threshold=0 effectiveWindow=1 pendingData=1 globalLimit=16 neighborOK=0 nodeOK=1 -> NO
[HOP 2] CanSendToHop dest=1 outstanding=1 threshold=0 effectiveWindow=1 pendingData=1 globalLimit=16 neighborOK=0 nodeOK=1 -> NO
[HOP 3] CanSendToHop dest=1 outstanding=1 threshold=0 effectiveWindow=1 pendingData=1 globalLimit=16 neighborOK=0 nodeOK=1 -> NO
[MAC 3] PickTxSlot(dest=1) active_nodes_for_slotting=3 opnet_slot_range=31
[MAC 3] avoiding neighbor 1 currentReservedSlot=17 rtslot_counter=17
[MAC 3] PickTxSlot(dest=1) avoid: 17
[MAC 3] PickTxSlot chose 1 using historical next_tslot modulo probe
[MAC 3] TX opportunity reached currentSlot=9 reserveNextSlot=1
... type=0 speedKey=128[t=1.599] TX from node 3 to dest 1 seq 3 size 48 bytes segments 1 at slot 1 rate 128 kbps txPower 33 dBm (133333 bps) preamble SHORT duration 0.0225 s
[HOP 3] MAC sent confirmation dest=1 seq=3 transmission=1 sentAt=1.599
[MAC 3] OPNET aggregate transmitted segments=1 ackSegments=0 dataSegments=1 bytes=48 rate=128
[HOP 2] CanSendToHop dest=1 outstanding=1 threshold=0 effectiveWindow=1 pendingData=1 globalLimit=16 neighborOK=0 nodeOK=1 -> NO
[HOP 3] CanSendToHop dest=1 outstanding=1 threshold=0 effectiveWindow=1 pendingData=1 globalLimit=16 neighborOK=0 nodeOK=1 -> NO
[HOP 2] CanSendToHop dest=1 outstanding=1 threshold=0 effectiveWindow=1 pendingData=1 globalLimit=16 neighborOK=0 nodeOK=1 -> NO
[HOP 3] CanSendToHop dest=1 outstanding=1 threshold=0 effectiveWindow=1 pendingData=1 globalLimit=16 neighborOK=0 nodeOK=1 -> NO
[MAC 3] post-TX WAIT_FOR_ACK until 21.6215 (POST_TX_WAIT=20 s)
[MAC 1] Learned neighbor 3 uses slot 1 (rtCounter=1)
[HOP 1] link_control dest=3 neighborKnown=1 s0=-109 pathloss=70 failures=0 speed=128 txPower=33 rxPower=-109 cost=116
[MAC 1] Update cumulative ACK queue entry dest=3 baseSeq=3 txCount=0
[MAC 1] rtslot_counter expired for neighbor 2 reserveSlot=7
[MAC 1] rtslot_counter expired for neighbor 3 reserveSlot=1
[MAC 2] local advertised reservation expired
[MAC 3] local advertised reservation expired
[HOP 2] CanSendToHop dest=1 outstanding=1 threshold=0 effectiveWindow=1 pendingData=1 globalLimit=16 neighborOK=0 nodeOK=1 -> NO
[HOP 3] CanSendToHop dest=1 outstanding=1 threshold=0 effectiveWindow=1 pendingData=1 globalLimit=16 neighborOK=0 nodeOK=1 -> NO
[HOP 2] CanSendToHop dest=1 outstanding=1 threshold=0 effectiveWindow=1 pendingData=1 globalLimit=16 neighborOK=0 nodeOK=1 -> NO
[HOP 3] CanSendToHop dest=1 outstanding=1 threshold=0 effectiveWindow=1 pendingData=1 globalLimit=16 neighborOK=0 nodeOK=1 -> NO
[HOP 2] CanSendToHop dest=1 outstanding=1 threshold=0 effectiveWindow=1 pendingData=1 globalLimit=16 neighborOK=0 nodeOK=1 -> NO
[HOP 3] CanSendToHop dest=1 outstanding=1 threshold=0 effectiveWindow=1 pendingData=1 globalLimit=16 neighborOK=0 nodeOK=1 -> NO
[HOP 2] CanSendToHop dest=1 outstanding=1 threshold=0 effectiveWindow=1 pendingData=1 globalLimit=16 neighborOK=0 nodeOK=1 -> NO
[HOP 3] CanSendToHop dest=1 outstanding=1 threshold=0 effectiveWindow=1 pendingData=1 globalLimit=16 neighborOK=0 nodeOK=1 -> NO
[HOP 2] CanSendToHop dest=1 outstanding=1 threshold=0 effectiveWindow=1 pendingData=1 globalLimit=16 neighborOK=0 nodeOK=1 -> NO
[HOP 3] CanSendToHop dest=1 outstanding=1 threshold=0 effectiveWindow=1 pendingData=1 globalLimit=16 neighborOK=0 nodeOK=1 -> NO
[HOP 2] CanSendToHop dest=1 outstanding=1 threshold=0 effectiveWindow=1 pendingData=1 globalLimit=16 neighborOK=0 nodeOK=1 -> NO
[HOP 3] CanSendToHop dest=1 outstanding=1 threshold=0 effectiveWindow=1 pendingData=1 globalLimit=16 neighborOK=0 nodeOK=1 -> NO
[HOP 2] CanSendToHop dest=1 outstanding=1 threshold=0 effectiveWindow=1 pendingData=1 globalLimit=16 neighborOK=0 nodeOK=1 -> NO
[HOP 3] CanSendToHop dest=1 outstanding=1 threshold=0 effectiveWindow=1 pendingData=1 globalLimit=16 neighborOK=0 nodeOK=1 -> NO
[HOP 2] CanSendToHop dest=1 outstanding=1 threshold=0 effectiveWindow=1 pendingData=1 globalLimit=16 neighborOK=0 nodeOK=1 -> NO
[HOP 3] CanSendToHop dest=1 outstanding=1 threshold=0 effectiveWindow=1 pendingData=1 globalLimit=16 neighborOK=0 nodeOK=1 -> NO
[HOP 2] CanSendToHop dest=1 outstanding=1 threshold=0 effectiveWindow=1 pendingData=1 globalLimit=16 neighborOK=0 nodeOK=1 -> NO
[HOP 3] CanSendToHop dest=1 outstanding=1 threshold=0 effectiveWindow=1 pendingData=1 globalLimit=16 neighborOK=0 nodeOK=1 -> NO
[HOP 2] CanSendToHop dest=1 outstanding=1 threshold=0 effectiveWindow=1 pendingData=1 globalLimit=16 neighborOK=0 nodeOK=1 -> NO
[HOP 3] CanSendToHop dest=1 outstanding=1 threshold=0 effectiveWindow=1 pendingData=1 globalLimit=16 neighborOK=0 nodeOK=1 -> NO
[MAC 1] PickTxSlot(dest=2) active_nodes_for_slotting=3 opnet_slot_range=31
[MAC 1] PickTxSlot(dest=2) avoid:
[MAC 1] PickTxSlot chose 28 using historical next_tslot modulo probe
[MAC 1] TX opportunity reached currentSlot=28 reserveNextSlot=28
... type=1 speedKey=128[t=1.8295] TX from node 1 to dest 2 seq 3 size 82 bytes segments 2 at slot 28 rate 128 kbps txPower 33 dBm (133333 bps) preamble SHORT duration 0.02454 s
[MAC 1] ACK transmitted in aggregate dest=2 seq=3 txCount=1/5
[MAC 1] ACK transmitted in aggregate dest=3 seq=3 txCount=1/5
[MAC 1] OPNET aggregate transmitted segments=2 ackSegments=2 dataSegments=0 bytes=82 rate=128
[HOP 2] CanSendToHop dest=1 outstanding=1 threshold=0 effectiveWindow=1 pendingData=1 globalLimit=16 neighborOK=0 nodeOK=1 -> NO
[HOP 3] CanSendToHop dest=1 outstanding=1 threshold=0 effectiveWindow=1 pendingData=1 globalLimit=16 neighborOK=0 nodeOK=1 -> NO
[MAC 2] rtslot_counter expired for neighbor 1 reserveSlot=28
[MAC 3] rtslot_counter expired for neighbor 1 reserveSlot=28
[MAC 1] resumes Pre-Tx with live slot=28 counter=28
[MAC 2] Learned neighbor 1 uses slot 28 (rtCounter=28)
[HOP 2] RX ACK from 1 seq=3
[HOP 2] Pending DATA decrement reason=ACK neighbor=1 pending=0
[HOP 2] Adaptive flow threshold increased neighbor=1 old=0 new=1 effectiveWindow=2
[MAC 3] Learned neighbor 1 uses slot 28 (rtCounter=28)
[HOP 3] RX ACK from 1 seq=3
[HOP 3] Pending DATA decrement reason=ACK neighbor=1 pending=0
[HOP 3] Adaptive flow threshold increased neighbor=1 old=0 new=1 effectiveWindow=2
[HOP 2] CanSendToHop dest=1 outstanding=0 threshold=1 effectiveWindow=2 pendingData=0 globalLimit=16 neighborOK=1 nodeOK=1 -> YES
[HOP 2] link_control dest=1 neighborKnown=1 s0=-109 pathloss=70 failures=0 speed=128 txPower=33 rxPower=-109 cost=116
[HOP 2] Pending DATA increment dest=1 pending=1
[HOP 2] TX historical-bare DATA neighbor=1 hopSeq=4
[MAC] Enqueue TX pkt dscp=0 insert_pos=0 queue_size_before=0
[HOP 3] CanSendToHop dest=1 outstanding=0 threshold=1 effectiveWindow=2 pendingData=0 globalLimit=16 neighborOK=1 nodeOK=1 -> YES
[HOP 3] link_control dest=1 neighborKnown=1 s0=-109 pathloss=70 failures=0 speed=128 txPower=33 rxPower=-109 cost=116
[HOP 3] Pending DATA increment dest=1 pending=1
[HOP 3] TX historical-bare DATA neighbor=1 hopSeq=4
[MAC] Enqueue TX pkt dscp=0 insert_pos=0 queue_size_before=0
[MAC 2] PickTxSlot(dest=1) active_nodes_for_slotting=3 opnet_slot_range=31
[MAC 2] avoiding neighbor 1 currentReservedSlot=27 rtslot_counter=27
[MAC 2] PickTxSlot(dest=1) avoid: 27
[MAC 2] PickTxSlot chose 3 using historical next_tslot modulo probe
[MAC 2] starts Pre-Tx with new slot=3 holdoff_over=1
[MAC 3] PickTxSlot(dest=1) active_nodes_for_slotting=3 opnet_slot_range=31
[MAC 3] avoiding neighbor 1 currentReservedSlot=27 rtslot_counter=27
[MAC 3] PickTxSlot(dest=1) avoid: 27
[MAC 3] PickTxSlot chose 9 using historical next_tslot modulo probe
[MAC 3] starts Pre-Tx with new slot=9 holdoff_over=1
[MAC 2] PickTxSlot(dest=1) active_nodes_for_slotting=3 opnet_slot_range=31
[MAC 2] avoiding neighbor 1 currentReservedSlot=23 rtslot_counter=23
[MAC 2] PickTxSlot(dest=1) avoid: 23
[MAC 2] PickTxSlot chose 7 using historical next_tslot modulo probe
[MAC 2] TX opportunity reached currentSlot=3 reserveNextSlot=7
... type=0 speedKey=128[t=1.911] TX from node 2 to dest 1 seq 4 size 48 bytes segments 1 at slot 7 rate 128 kbps txPower 33 dBm (133333 bps) preamble SHORT duration 0.0225 s
[HOP 2] MAC sent confirmation dest=1 seq=4 transmission=1 sentAt=1.911
[MAC 2] OPNET aggregate transmitted segments=1 ackSegments=0 dataSegments=1 bytes=48 rate=128
[MAC 2] post-TX WAIT_FOR_ACK until 21.9335 (POST_TX_WAIT=20 s)
[MAC 1] Learned neighbor 2 uses slot 7 (rtCounter=7)
[HOP 1] link_control dest=2 neighborKnown=1 s0=-109 pathloss=70 failures=0 speed=128 txPower=33 rxPower=-109 cost=116
[MAC 1] Update cumulative ACK queue entry dest=2 baseSeq=4 txCount=0
[MAC 3] PickTxSlot(dest=1) active_nodes_for_slotting=3 opnet_slot_range=31
[MAC 3] avoiding neighbor 1 currentReservedSlot=17 rtslot_counter=17
[MAC 3] PickTxSlot(dest=1) avoid: 17
[MAC 3] PickTxSlot chose 1 using historical next_tslot modulo probe
[MAC 3] TX opportunity reached currentSlot=9 reserveNextSlot=1
... type=0 speedKey=128[t=1.989] TX from node 3 to dest 1 seq 4 size 48 bytes segments 1 at slot 1 rate 128 kbps txPower 33 dBm (133333 bps) preamble SHORT duration 0.0225 s
[HOP 3] MAC sent confirmation dest=1 seq=4 transmission=1 sentAt=1.989
[MAC 3] OPNET aggregate transmitted segments=1 ackSegments=0 dataSegments=1 bytes=48 rate=128
[MAC 3] post-TX WAIT_FOR_ACK until 22.0115 (POST_TX_WAIT=20 s)
[MAC 1] Learned neighbor 3 uses slot 1 (rtCounter=1)
[HOP 1] link_control dest=3 neighborKnown=1 s0=-109 pathloss=70 failures=0 speed=128 txPower=33 rxPower=-109 cost=116
[MAC 1] Update cumulative ACK queue entry dest=3 baseSeq=4 txCount=0
[MAC 1] rtslot_counter expired for neighbor 2 reserveSlot=7
[MAC 1] rtslot_counter expired for neighbor 3 reserveSlot=1
[MAC 2] local advertised reservation expired
[MAC 3] local advertised reservation expired
[MAC 1] PickTxSlot(dest=2) active_nodes_for_slotting=3 opnet_slot_range=31
[MAC 1] PickTxSlot(dest=2) avoid:
[MAC 1] PickTxSlot chose 28 using historical next_tslot modulo probe
[MAC 1] TX opportunity reached currentSlot=28 reserveNextSlot=28
... type=1 speedKey=128[t=2.2195] TX from node 1 to dest 2 seq 4 size 82 bytes segments 2 at slot 28 rate 128 kbps txPower 33 dBm (133333 bps) preamble SHORT duration 0.02454 s
[MAC 1] ACK transmitted in aggregate dest=2 seq=4 txCount=1/5
[MAC 1] ACK transmitted in aggregate dest=3 seq=4 txCount=1/5
[MAC 1] OPNET aggregate transmitted segments=2 ackSegments=2 dataSegments=0 bytes=82 rate=128
[MAC 2] rtslot_counter expired for neighbor 1 reserveSlot=28
[MAC 3] rtslot_counter expired for neighbor 1 reserveSlot=28
[MAC 1] resumes Pre-Tx with live slot=28 counter=28
[MAC 2] Learned neighbor 1 uses slot 28 (rtCounter=28)
[HOP 2] RX ACK from 1 seq=4
[HOP 2] Pending DATA decrement reason=ACK neighbor=1 pending=0
[MAC 3] Learned neighbor 1 uses slot 28 (rtCounter=28)
[HOP 3] RX ACK from 1 seq=4
[HOP 3] Pending DATA decrement reason=ACK neighbor=1 pending=0
[MAC 1] PickTxSlot(dest=2) active_nodes_for_slotting=3 opnet_slot_range=31
[MAC 1] PickTxSlot(dest=2) avoid:
[MAC 1] PickTxSlot chose 28 using historical next_tslot modulo probe
[MAC 1] TX opportunity reached currentSlot=28 reserveNextSlot=28
... type=1 speedKey=128[t=2.6095] TX from node 1 to dest 2 seq 4 size 82 bytes segments 2 at slot 28 rate 128 kbps txPower 33 dBm (133333 bps) preamble SHORT duration 0.02454 s
[MAC 1] ACK transmitted in aggregate dest=2 seq=4 txCount=2/5
[MAC 1] ACK transmitted in aggregate dest=3 seq=4 txCount=2/5
[MAC 1] OPNET aggregate transmitted segments=2 ackSegments=2 dataSegments=0 bytes=82 rate=128
[MAC 2] rtslot_counter expired for neighbor 1 reserveSlot=28
[MAC 3] rtslot_counter expired for neighbor 1 reserveSlot=28
[MAC 1] resumes Pre-Tx with live slot=28 counter=28
[MAC 2] Learned neighbor 1 uses slot 28 (rtCounter=28)
[HOP 2] RX ACK from 1 seq=4
[MAC 3] Learned neighbor 1 uses slot 28 (rtCounter=28)
[HOP 3] RX ACK from 1 seq=4
[MAC 1] PickTxSlot(dest=2) active_nodes_for_slotting=3 opnet_slot_range=31
[MAC 1] PickTxSlot(dest=2) avoid:
[MAC 1] PickTxSlot chose 28 using historical next_tslot modulo probe
[MAC 1] TX opportunity reached currentSlot=28 reserveNextSlot=28
... type=1 speedKey=128[t=2.9995] TX from node 1 to dest 2 seq 4 size 82 bytes segments 2 at slot 28 rate 128 kbps txPower 33 dBm (133333 bps) preamble SHORT duration 0.02454 s
[MAC 1] ACK transmitted in aggregate dest=2 seq=4 txCount=3/5
[MAC 1] ACK transmitted in aggregate dest=3 seq=4 txCount=3/5
[MAC 1] OPNET aggregate transmitted segments=2 ackSegments=2 dataSegments=0 bytes=82 rate=128
[MAC 2] rtslot_counter expired for neighbor 1 reserveSlot=28
[MAC 3] rtslot_counter expired for neighbor 1 reserveSlot=28
[MAC 1] resumes Pre-Tx with live slot=28 counter=28
[MAC 2] Learned neighbor 1 uses slot 28 (rtCounter=28)
[HOP 2] RX ACK from 1 seq=4
[MAC 3] Learned neighbor 1 uses slot 28 (rtCounter=28)
[HOP 3] RX ACK from 1 seq=4
[MAC 1] PickTxSlot(dest=2) active_nodes_for_slotting=3 opnet_slot_range=31
[MAC 1] PickTxSlot(dest=2) avoid:
[MAC 1] PickTxSlot chose 28 using historical next_tslot modulo probe
[MAC 1] TX opportunity reached currentSlot=28 reserveNextSlot=28
... type=1 speedKey=128[t=3.3895] TX from node 1 to dest 2 seq 4 size 82 bytes segments 2 at slot 28 rate 128 kbps txPower 33 dBm (133333 bps) preamble SHORT duration 0.02454 s
[MAC 1] ACK transmitted in aggregate dest=2 seq=4 txCount=4/5
[MAC 1] ACK transmitted in aggregate dest=3 seq=4 txCount=4/5
[MAC 1] OPNET aggregate transmitted segments=2 ackSegments=2 dataSegments=0 bytes=82 rate=128
[MAC 2] rtslot_counter expired for neighbor 1 reserveSlot=28
[MAC 3] rtslot_counter expired for neighbor 1 reserveSlot=28
[MAC 1] resumes Pre-Tx with live slot=28 counter=28
[MAC 2] Learned neighbor 1 uses slot 28 (rtCounter=28)
[HOP 2] RX ACK from 1 seq=4
[MAC 3] Learned neighbor 1 uses slot 28 (rtCounter=28)
[HOP 3] RX ACK from 1 seq=4
[MAC 1] PickTxSlot(dest=2) active_nodes_for_slotting=3 opnet_slot_range=31
[MAC 1] PickTxSlot(dest=2) avoid:
[MAC 1] PickTxSlot chose 28 using historical next_tslot modulo probe
[MAC 1] TX opportunity reached currentSlot=28 reserveNextSlot=28
... type=1 speedKey=128[t=3.7795] TX from node 1 to dest 2 seq 4 size 82 bytes segments 2 at slot 28 rate 128 kbps txPower 33 dBm (133333 bps) preamble SHORT duration 0.02454 s
[MAC 1] ACK transmitted in aggregate dest=2 seq=4 txCount=5/5
[MAC 1] ACK transmitted in aggregate dest=3 seq=4 txCount=5/5
[MAC 1] Remove ACK after OPNET resend limit dest=2 seq=4
[MAC 1] Remove ACK after OPNET resend limit dest=3 seq=4
[MAC 1] OPNET aggregate transmitted segments=2 ackSegments=2 dataSegments=0 bytes=82 rate=128
[MAC 2] rtslot_counter expired for neighbor 1 reserveSlot=28
[MAC 3] rtslot_counter expired for neighbor 1 reserveSlot=28
[MAC 1] post-TX WAIT_FOR_ACK until 23.804 (POST_TX_WAIT=20 s)
[MAC 2] Learned neighbor 1 uses slot 28 (rtCounter=28)
[HOP 2] RX ACK from 1 seq=4
[MAC 3] Learned neighbor 1 uses slot 28 (rtCounter=28)
[HOP 3] RX ACK from 1 seq=4
[MAC 1] local advertised reservation expired
[MAC 2] rtslot_counter expired for neighbor 1 reserveSlot=28
[MAC 3] rtslot_counter expired for neighbor 1 reserveSlot=28
[MAC 1] active_nodes set to 3 for local slotting and post-TX wait
[MAC 1] max_reported_active_nodes updated to 3
[MAC 2] active_nodes set to 3 for local slotting and post-TX wait
[MAC 2] max_reported_active_nodes updated to 3
[MAC 3] active_nodes set to 3 for local slotting and post-TX wait
[MAC 3] max_reported_active_nodes updated to 3
[HOP 2] CanSendToHop dest=1 outstanding=0 threshold=0 effectiveWindow=1 pendingData=0 globalLimit=16 neighborOK=1 nodeOK=1 -> YES
[HOP 2] link_control dest=1 neighborKnown=0 speed=128 txPower=33 rxPower=-109
[HOP 2] Pending DATA increment dest=1 pending=1
[HOP 2] TX historical-bare DATA neighbor=1 hopSeq=1
[MAC] Enqueue TX pkt dscp=0 insert_pos=0 queue_size_before=0
[HOP 3] CanSendToHop dest=1 outstanding=0 threshold=0 effectiveWindow=1 pendingData=0 globalLimit=16 neighborOK=1 nodeOK=1 -> YES
[HOP 3] link_control dest=1 neighborKnown=0 speed=128 txPower=33 rxPower=-109
[HOP 3] Pending DATA increment dest=1 pending=1
[HOP 3] TX historical-bare DATA neighbor=1 hopSeq=1
[MAC] Enqueue TX pkt dscp=0 insert_pos=0 queue_size_before=0
[MAC 2] PickTxSlot(dest=1) active_nodes_for_slotting=3 opnet_slot_range=31
[MAC 2] PickTxSlot(dest=1) avoid:
[MAC 2] PickTxSlot chose 3 using historical next_tslot modulo probe
[MAC 2] starts Pre-Tx with new slot=3 holdoff_over=0
[MAC 3] PickTxSlot(dest=1) active_nodes_for_slotting=3 opnet_slot_range=31
[MAC 3] PickTxSlot(dest=1) avoid:
[MAC 3] PickTxSlot chose 9 using historical next_tslot modulo probe
[MAC 3] starts Pre-Tx with new slot=9 holdoff_over=0
[HOP 2] CanSendToHop dest=1 outstanding=1 threshold=0 effectiveWindow=1 pendingData=1 globalLimit=16 neighborOK=0 nodeOK=1 -> NO
[HOP 3] CanSendToHop dest=1 outstanding=1 threshold=0 effectiveWindow=1 pendingData=1 globalLimit=16 neighborOK=0 nodeOK=1 -> NO
[HOP 2] CanSendToHop dest=1 outstanding=1 threshold=0 effectiveWindow=1 pendingData=1 globalLimit=16 neighborOK=0 nodeOK=1 -> NO
[HOP 3] CanSendToHop dest=1 outstanding=1 threshold=0 effectiveWindow=1 pendingData=1 globalLimit=16 neighborOK=0 nodeOK=1 -> NO
[HOP 2] CanSendToHop dest=1 outstanding=1 threshold=0 effectiveWindow=1 pendingData=1 globalLimit=16 neighborOK=0 nodeOK=1 -> NO
[HOP 3] CanSendToHop dest=1 outstanding=1 threshold=0 effectiveWindow=1 pendingData=1 globalLimit=16 neighborOK=0 nodeOK=1 -> NO
[HOP 2] CanSendToHop dest=1 outstanding=1 threshold=0 effectiveWindow=1 pendingData=1 globalLimit=16 neighborOK=0 nodeOK=1 -> NO
[HOP 3] CanSendToHop dest=1 outstanding=1 threshold=0 effectiveWindow=1 pendingData=1 globalLimit=16 neighborOK=0 nodeOK=1 -> NO
[HOP 2] CanSendToHop dest=1 outstanding=1 threshold=0 effectiveWindow=1 pendingData=1 globalLimit=16 neighborOK=0 nodeOK=1 -> NO
[HOP 3] CanSendToHop dest=1 outstanding=1 threshold=0 effectiveWindow=1 pendingData=1 globalLimit=16 neighborOK=0 nodeOK=1 -> NO
[HOP 2] CanSendToHop dest=1 outstanding=1 threshold=0 effectiveWindow=1 pendingData=1 globalLimit=16 neighborOK=0 nodeOK=1 -> NO
[HOP 3] CanSendToHop dest=1 outstanding=1 threshold=0 effectiveWindow=1 pendingData=1 globalLimit=16 neighborOK=0 nodeOK=1 -> NO
[HOP 2] CanSendToHop dest=1 outstanding=1 threshold=0 effectiveWindow=1 pendingData=1 globalLimit=16 neighborOK=0 nodeOK=1 -> NO
[HOP 3] CanSendToHop dest=1 outstanding=1 threshold=0 effectiveWindow=1 pendingData=1 globalLimit=16 neighborOK=0 nodeOK=1 -> NO
[HOP 2] CanSendToHop dest=1 outstanding=1 threshold=0 effectiveWindow=1 pendingData=1 globalLimit=16 neighborOK=0 nodeOK=1 -> NO
[HOP 3] CanSendToHop dest=1 outstanding=1 threshold=0 effectiveWindow=1 pendingData=1 globalLimit=16 neighborOK=0 nodeOK=1 -> NO
[HOP 2] CanSendToHop dest=1 outstanding=1 threshold=0 effectiveWindow=1 pendingData=1 globalLimit=16 neighborOK=0 nodeOK=1 -> NO
[HOP 3] CanSendToHop dest=1 outstanding=1 threshold=0 effectiveWindow=1 pendingData=1 globalLimit=16 neighborOK=0 nodeOK=1 -> NO
[HOP 2] CanSendToHop dest=1 outstanding=1 threshold=0 effectiveWindow=1 pendingData=1 globalLimit=16 neighborOK=0 nodeOK=1 -> NO
[HOP 3] CanSendToHop dest=1 outstanding=1 threshold=0 effectiveWindow=1 pendingData=1 globalLimit=16 neighborOK=0 nodeOK=1 -> NO
[HOP 2] CanSendToHop dest=1 outstanding=1 threshold=0 effectiveWindow=1 pendingData=1 globalLimit=16 neighborOK=0 nodeOK=1 -> NO
[HOP 3] CanSendToHop dest=1 outstanding=1 threshold=0 effectiveWindow=1 pendingData=1 globalLimit=16 neighborOK=0 nodeOK=1 -> NO
[HOP 2] CanSendToHop dest=1 outstanding=1 threshold=0 effectiveWindow=1 pendingData=1 globalLimit=16 neighborOK=0 nodeOK=1 -> NO
[HOP 3] CanSendToHop dest=1 outstanding=1 threshold=0 effectiveWindow=1 pendingData=1 globalLimit=16 neighborOK=0 nodeOK=1 -> NO
[HOP 2] CanSendToHop dest=1 outstanding=1 threshold=0 effectiveWindow=1 pendingData=1 globalLimit=16 neighborOK=0 nodeOK=1 -> NO
[HOP 3] CanSendToHop dest=1 outstanding=1 threshold=0 effectiveWindow=1 pendingData=1 globalLimit=16 neighborOK=0 nodeOK=1 -> NO
[HOP 2] CanSendToHop dest=1 outstanding=1 threshold=0 effectiveWindow=1 pendingData=1 globalLimit=16 neighborOK=0 nodeOK=1 -> NO
[HOP 3] CanSendToHop dest=1 outstanding=1 threshold=0 effectiveWindow=1 pendingData=1 globalLimit=16 neighborOK=0 nodeOK=1 -> NO
[HOP 2] CanSendToHop dest=1 outstanding=1 threshold=0 effectiveWindow=1 pendingData=1 globalLimit=16 neighborOK=0 nodeOK=1 -> NO
[HOP 3] CanSendToHop dest=1 outstanding=1 threshold=0 effectiveWindow=1 pendingData=1 globalLimit=16 neighborOK=0 nodeOK=1 -> NO
[MAC 2] OPNET 300-ms transmit holdoff complete
[MAC 3] OPNET 300-ms transmit holdoff complete
[HOP 2] CanSendToHop dest=1 outstanding=1 threshold=0 effectiveWindow=1 pendingData=1 globalLimit=16 neighborOK=0 nodeOK=1 -> NO
[HOP 3] CanSendToHop dest=1 outstanding=1 threshold=0 effectiveWindow=1 pendingData=1 globalLimit=16 neighborOK=0 nodeOK=1 -> NO
[HOP 2] CanSendToHop dest=1 outstanding=1 threshold=0 effectiveWindow=1 pendingData=1 globalLimit=16 neighborOK=0 nodeOK=1 -> NO
[HOP 3] CanSendToHop dest=1 outstanding=1 threshold=0 effectiveWindow=1 pendingData=1 globalLimit=16 neighborOK=0 nodeOK=1 -> NO
[MAC 2] PickTxSlot(dest=1) active_nodes_for_slotting=3 opnet_slot_range=31
[MAC 2] PickTxSlot(dest=1) avoid:
[MAC 2] PickTxSlot chose 7 using historical next_tslot modulo probe
[MAC 2] TX opportunity reached currentSlot=3 reserveNextSlot=7
... type=0 speedKey=128[t=0.351] TX from node 2 to dest 1 seq 1 size 48 bytes segments 1 at slot 7 rate 128 kbps txPower 33 dBm (133333 bps) preamble SHORT duration 0.0225 s
[HOP 2] MAC sent confirmation dest=1 seq=1 transmission=1 sentAt=0.351
[MAC 2] OPNET aggregate transmitted segments=1 ackSegments=0 dataSegments=1 bytes=48 rate=128
[HOP 2] CanSendToHop dest=1 outstanding=1 threshold=0 effectiveWindow=1 pendingData=1 globalLimit=16 neighborOK=0 nodeOK=1 -> NO
[HOP 3] CanSendToHop dest=1 outstanding=1 threshold=0 effectiveWindow=1 pendingData=1 globalLimit=16 neighborOK=0 nodeOK=1 -> NO
[MAC 2] post-TX WAIT_FOR_ACK until 20.3735 (POST_TX_WAIT=20 s)
[MAC 1] Learned neighbor 2 uses slot 7 (rtCounter=7)
[HOP 1] New neighbor 2 heard at t=0.373501s
[HOP 1] link_control dest=2 neighborKnown=1 s0=-109 pathloss=70 failures=0 speed=128 txPower=33 rxPower=-109 cost=116
[MAC 1] Enqueue ACK dest=2 seq=1 window=1 ack_queue_size=1
[HOP 2] CanSendToHop dest=1 outstanding=1 threshold=0 effectiveWindow=1 pendingData=1 globalLimit=16 neighborOK=0 nodeOK=1 -> NO
[HOP 3] CanSendToHop dest=1 outstanding=1 threshold=0 effectiveWindow=1 pendingData=1 globalLimit=16 neighborOK=0 nodeOK=1 -> NO
[HOP 2] CanSendToHop dest=1 outstanding=1 threshold=0 effectiveWindow=1 pendingData=1 globalLimit=16 neighborOK=0 nodeOK=1 -> NO
[HOP 3] CanSendToHop dest=1 outstanding=1 threshold=0 effectiveWindow=1 pendingData=1 globalLimit=16 neighborOK=0 nodeOK=1 -> NO
[HOP 2] CanSendToHop dest=1 outstanding=1 threshold=0 effectiveWindow=1 pendingData=1 globalLimit=16 neighborOK=0 nodeOK=1 -> NO
[HOP 3] CanSendToHop dest=1 outstanding=1 threshold=0 effectiveWindow=1 pendingData=1 globalLimit=16 neighborOK=0 nodeOK=1 -> NO
[MAC 3] PickTxSlot(dest=1) active_nodes_for_slotting=3 opnet_slot_range=31
[MAC 3] PickTxSlot(dest=1) avoid:
[MAC 3] PickTxSlot chose 1 using historical next_tslot modulo probe
[MAC 3] TX opportunity reached currentSlot=9 reserveNextSlot=1
... type=0 speedKey=128[t=0.429] TX from node 3 to dest 1 seq 1 size 48 bytes segments 1 at slot 1 rate 128 kbps txPower 33 dBm (133333 bps) preamble SHORT duration 0.0225 s
[HOP 3] MAC sent confirmation dest=1 seq=1 transmission=1 sentAt=0.429
[MAC 3] OPNET aggregate transmitted segments=1 ackSegments=0 dataSegments=1 bytes=48 rate=128
[HOP 2] CanSendToHop dest=1 outstanding=1 threshold=0 effectiveWindow=1 pendingData=1 globalLimit=16 neighborOK=0 nodeOK=1 -> NO
[HOP 3] CanSendToHop dest=1 outstanding=1 threshold=0 effectiveWindow=1 pendingData=1 globalLimit=16 neighborOK=0 nodeOK=1 -> NO
[MAC 3] post-TX WAIT_FOR_ACK until 20.4515 (POST_TX_WAIT=20 s)
[MAC 1] Learned neighbor 3 uses slot 1 (rtCounter=1)
[HOP 1] New neighbor 3 heard at t=0.451501s
[HOP 1] link_control dest=3 neighborKnown=1 s0=-109 pathloss=70 failures=0 speed=128 txPower=33 rxPower=-109 cost=116
[MAC 1] Enqueue ACK dest=3 seq=1 window=1 ack_queue_size=2
[HOP 2] CanSendToHop dest=1 outstanding=1 threshold=0 effectiveWindow=1 pendingData=1 globalLimit=16 neighborOK=0 nodeOK=1 -> NO
[HOP 3] CanSendToHop dest=1 outstanding=1 threshold=0 effectiveWindow=1 pendingData=1 globalLimit=16 neighborOK=0 nodeOK=1 -> NO
[MAC 2] local advertised reservation expired
[MAC 3] local advertised reservation expired
[HOP 2] CanSendToHop dest=1 outstanding=1 threshold=0 effectiveWindow=1 pendingData=1 globalLimit=16 neighborOK=0 nodeOK=1 -> NO
[HOP 3] CanSendToHop dest=1 outstanding=1 threshold=0 effectiveWindow=1 pendingData=1 globalLimit=16 neighborOK=0 nodeOK=1 -> NO
[HOP 2] CanSendToHop dest=1 outstanding=1 threshold=0 effectiveWindow=1 pendingData=1 globalLimit=16 neighborOK=0 nodeOK=1 -> NO
[HOP 3] CanSendToHop dest=1 outstanding=1 threshold=0 effectiveWindow=1 pendingData=1 globalLimit=16 neighborOK=0 nodeOK=1 -> NO
[HOP 2] CanSendToHop dest=1 outstanding=1 threshold=0 effectiveWindow=1 pendingData=1 globalLimit=16 neighborOK=0 nodeOK=1 -> NO
[HOP 3] CanSendToHop dest=1 outstanding=1 threshold=0 effectiveWindow=1 pendingData=1 globalLimit=16 neighborOK=0 nodeOK=1 -> NO
[HOP 2] CanSendToHop dest=1 outstanding=1 threshold=0 effectiveWindow=1 pendingData=1 globalLimit=16 neighborOK=0 nodeOK=1 -> NO
[HOP 3] CanSendToHop dest=1 outstanding=1 threshold=0 effectiveWindow=1 pendingData=1 globalLimit=16 neighborOK=0 nodeOK=1 -> NO
[HOP 2] CanSendToHop dest=1 outstanding=1 threshold=0 effectiveWindow=1 pendingData=1 globalLimit=16 neighborOK=0 nodeOK=1 -> NO
[HOP 3] CanSendToHop dest=1 outstanding=1 threshold=0 effectiveWindow=1 pendingData=1 globalLimit=16 neighborOK=0 nodeOK=1 -> NO
[HOP 2] CanSendToHop dest=1 outstanding=1 threshold=0 effectiveWindow=1 pendingData=1 globalLimit=16 neighborOK=0 nodeOK=1 -> NO
[HOP 3] CanSendToHop dest=1 outstanding=1 threshold=0 effectiveWindow=1 pendingData=1 globalLimit=16 neighborOK=0 nodeOK=1 -> NO
[HOP 2] CanSendToHop dest=1 outstanding=1 threshold=0 effectiveWindow=1 pendingData=1 globalLimit=16 neighborOK=0 nodeOK=1 -> NO
[HOP 3] CanSendToHop dest=1 outstanding=1 threshold=0 effectiveWindow=1 pendingData=1 globalLimit=16 neighborOK=0 nodeOK=1 -> NO
[HOP 2] CanSendToHop dest=1 outstanding=1 threshold=0 effectiveWindow=1 pendingData=1 globalLimit=16 neighborOK=0 nodeOK=1 -> NO
[HOP 3] CanSendToHop dest=1 outstanding=1 threshold=0 effectiveWindow=1 pendingData=1 globalLimit=16 neighborOK=0 nodeOK=1 -> NO
[HOP 2] CanSendToHop dest=1 outstanding=1 threshold=0 effectiveWindow=1 pendingData=1 globalLimit=16 neighborOK=0 nodeOK=1 -> NO
[HOP 3] CanSendToHop dest=1 outstanding=1 threshold=0 effectiveWindow=1 pendingData=1 globalLimit=16 neighborOK=0 nodeOK=1 -> NO
[MAC 1] PickTxSlot(dest=2) active_nodes_for_slotting=3 opnet_slot_range=31
[MAC 1] avoiding neighbor 2 currentReservedSlot=7 rtslot_counter=7
[MAC 1] avoiding neighbor 3 currentReservedSlot=1 rtslot_counter=1
[MAC 1] PickTxSlot(dest=2) avoid: 1 7
[MAC 1] PickTxSlot chose 2 using historical next_tslot modulo probe
[MAC 1] starts Pre-Tx with new slot=2 holdoff_over=0
[HOP 2] CanSendToHop dest=1 outstanding=1 threshold=0 effectiveWindow=1 pendingData=1 globalLimit=16 neighborOK=0 nodeOK=1 -> NO
[HOP 3] CanSendToHop dest=1 outstanding=1 threshold=0 effectiveWindow=1 pendingData=1 globalLimit=16 neighborOK=0 nodeOK=1 -> NO
[MAC 1] rtslot_counter expired for neighbor 3 reserveSlot=1
[MAC 1] OPNET 300-ms transmit holdoff complete
[HOP 2] CanSendToHop dest=1 outstanding=1 threshold=0 effectiveWindow=1 pendingData=1 globalLimit=16 neighborOK=0 nodeOK=1 -> NO
[HOP 3] CanSendToHop dest=1 outstanding=1 threshold=0 effectiveWindow=1 pendingData=1 globalLimit=16 neighborOK=0 nodeOK=1 -> NO
[HOP 2] CanSendToHop dest=1 outstanding=1 threshold=0 effectiveWindow=1 pendingData=1 globalLimit=16 neighborOK=0 nodeOK=1 -> NO
[HOP 3] CanSendToHop dest=1 outstanding=1 threshold=0 effectiveWindow=1 pendingData=1 globalLimit=16 neighborOK=0 nodeOK=1 -> NO
[MAC 1] PickTxSlot(dest=2) active_nodes_for_slotting=3 opnet_slot_range=31
[MAC 1] avoiding neighbor 2 currentReservedSlot=2 rtslot_counter=2
[MAC 1] PickTxSlot(dest=2) avoid: 2
[MAC 1] PickTxSlot chose 1 using historical next_tslot modulo probe
[MAC 1] TX opportunity reached currentSlot=2 reserveNextSlot=1
... type=1 speedKey=128[t=0.711501] TX from node 1 to dest 2 seq 1 size 82 bytes segments 2 at slot 1 rate 128 kbps txPower 33 dBm (133333 bps) preamble SHORT duration 0.02454 s
[MAC 1] ACK transmitted in aggregate dest=2 seq=1 txCount=1/5
[MAC 1] ACK transmitted in aggregate dest=3 seq=1 txCount=1/5
[MAC 1] OPNET aggregate transmitted segments=2 ackSegments=2 dataSegments=0 bytes=82 rate=128
[HOP 2] CanSendToHop dest=1 outstanding=1 threshold=0 effectiveWindow=1 pendingData=1 globalLimit=16 neighborOK=0 nodeOK=1 -> NO
[HOP 3] CanSendToHop dest=1 outstanding=1 threshold=0 effectiveWindow=1 pendingData=1 globalLimit=16 neighborOK=0 nodeOK=1 -> NO
[MAC 1] resumes Pre-Tx with live slot=1 counter=1
[MAC 2] Learned neighbor 1 uses slot 1 (rtCounter=1)
[HOP 2] New neighbor 1 heard at t=0.736042s
[HOP 2] RX ACK from 1 seq=1
[HOP 2] Pending DATA decrement reason=ACK neighbor=1 pending=0
[MAC 3] Learned neighbor 1 uses slot 1 (rtCounter=1)
[HOP 3] New neighbor 1 heard at t=0.736042s
[HOP 3] RX ACK from 1 seq=1
[HOP 3] Pending DATA decrement reason=ACK neighbor=1 pending=0
[HOP 2] CanSendToHop dest=1 outstanding=0 threshold=0 effectiveWindow=1 pendingData=0 globalLimit=16 neighborOK=1 nodeOK=1 -> YES
[HOP 2] link_control dest=1 neighborKnown=1 s0=-109 pathloss=70 failures=0 speed=128 txPower=33 rxPower=-109 cost=116
[HOP 2] Pending DATA increment dest=1 pending=1
[HOP 2] TX historical-bare DATA neighbor=1 hopSeq=2
[MAC] Enqueue TX pkt dscp=0 insert_pos=0 queue_size_before=0
[HOP 3] CanSendToHop dest=1 outstanding=0 threshold=0 effectiveWindow=1 pendingData=0 globalLimit=16 neighborOK=1 nodeOK=1 -> YES
[HOP 3] link_control dest=1 neighborKnown=1 s0=-109 pathloss=70 failures=0 speed=128 txPower=33 rxPower=-109 cost=116
[HOP 3] Pending DATA increment dest=1 pending=1
[HOP 3] TX historical-bare DATA neighbor=1 hopSeq=2
[MAC] Enqueue TX pkt dscp=0 insert_pos=0 queue_size_before=0
[HOP 2] CanSendToHop dest=1 outstanding=1 threshold=0 effectiveWindow=1 pendingData=1 globalLimit=16 neighborOK=0 nodeOK=1 -> NO
[HOP 3] CanSendToHop dest=1 outstanding=1 threshold=0 effectiveWindow=1 pendingData=1 globalLimit=16 neighborOK=0 nodeOK=1 -> NO
[MAC 2] PickTxSlot(dest=1) active_nodes_for_slotting=3 opnet_slot_range=31
[MAC 2] avoiding neighbor 1 currentReservedSlot=0 rtslot_counter=0
[MAC 2] PickTxSlot(dest=1) avoid:
[MAC 2] PickTxSlot chose 3 using historical next_tslot modulo probe
[MAC 2] starts Pre-Tx with new slot=3 holdoff_over=1
[MAC 3] PickTxSlot(dest=1) active_nodes_for_slotting=3 opnet_slot_range=31
[MAC 3] avoiding neighbor 1 currentReservedSlot=0 rtslot_counter=0
[MAC 3] PickTxSlot(dest=1) avoid:
[MAC 3] PickTxSlot chose 9 using historical next_tslot modulo probe
[MAC 3] starts Pre-Tx with new slot=9 holdoff_over=1
[MAC 1] PickTxSlot(dest=2) active_nodes_for_slotting=3 opnet_slot_range=31
[MAC 1] avoiding neighbor 2 currentReservedSlot=0 rtslot_counter=0
[MAC 1] PickTxSlot(dest=2) avoid:
[MAC 1] PickTxSlot chose 1 using historical next_tslot modulo probe
[MAC 1] TX opportunity reached currentSlot=1 reserveNextSlot=1
... type=1 speedKey=128[t=0.750501] TX from node 1 to dest 2 seq 1 size 82 bytes segments 2 at slot 1 rate 128 kbps txPower 33 dBm (133333 bps) preamble SHORT duration 0.02454 s
[MAC 1] ACK transmitted in aggregate dest=2 seq=1 txCount=2/5
[MAC 1] ACK transmitted in aggregate dest=3 seq=1 txCount=2/5
[MAC 1] OPNET aggregate transmitted segments=2 ackSegments=2 dataSegments=0 bytes=82 rate=128
[MAC 2] rtslot_counter expired for neighbor 1 reserveSlot=1
[MAC 3] rtslot_counter expired for neighbor 1 reserveSlot=1
[HOP 2] CanSendToHop dest=1 outstanding=1 threshold=0 effectiveWindow=1 pendingData=1 globalLimit=16 neighborOK=0 nodeOK=1 -> NO
[HOP 3] CanSendToHop dest=1 outstanding=1 threshold=0 effectiveWindow=1 pendingData=1 globalLimit=16 neighborOK=0 nodeOK=1 -> NO
[MAC 1] resumes Pre-Tx with live slot=1 counter=1
[MAC 2] Learned neighbor 1 uses slot 1 (rtCounter=1)
[HOP 2] RX ACK from 1 seq=1
[MAC 3] Learned neighbor 1 uses slot 1 (rtCounter=1)
[HOP 3] RX ACK from 1 seq=1
[HOP 2] CanSendToHop dest=1 outstanding=1 threshold=0 effectiveWindow=1 pendingData=1 globalLimit=16 neighborOK=0 nodeOK=1 -> NO
[HOP 3] CanSendToHop dest=1 outstanding=1 threshold=0 effectiveWindow=1 pendingData=1 globalLimit=16 neighborOK=0 nodeOK=1 -> NO
[MAC 1] rtslot_counter expired for neighbor 2 reserveSlot=7
[HOP 2] CanSendToHop dest=1 outstanding=1 threshold=0 effectiveWindow=1 pendingData=1 globalLimit=16 neighborOK=0 nodeOK=1 -> NO
[HOP 3] CanSendToHop dest=1 outstanding=1 threshold=0 effectiveWindow=1 pendingData=1 globalLimit=16 neighborOK=0 nodeOK=1 -> NO
[MAC 1] PickTxSlot(dest=2) active_nodes_for_slotting=3 opnet_slot_range=31
[MAC 1] PickTxSlot(dest=2) avoid:
[MAC 1] PickTxSlot chose 1 using historical next_tslot modulo probe
[MAC 1] TX opportunity reached currentSlot=1 reserveNextSlot=1
... type=1 speedKey=128[t=0.789501] TX from node 1 to dest 2 seq 1 size 82 bytes segments 2 at slot 1 rate 128 kbps txPower 33 dBm (133333 bps) preamble SHORT duration 0.02454 s
[MAC 1] ACK transmitted in aggregate dest=2 seq=1 txCount=3/5
[MAC 1] ACK transmitted in aggregate dest=3 seq=1 txCount=3/5
[MAC 1] OPNET aggregate transmitted segments=2 ackSegments=2 dataSegments=0 bytes=82 rate=128
[MAC 2] rtslot_counter expired for neighbor 1 reserveSlot=1
[MAC 2] PickTxSlot(dest=1) active_nodes_for_slotting=3 opnet_slot_range=31
[MAC 2] PickTxSlot(dest=1) avoid:
[MAC 2] PickTxSlot chose 7 using historical next_tslot modulo probe
[MAC 2] TX opportunity reached currentSlot=3 reserveNextSlot=7
... type=0 speedKey=128[t=0.793] TX from node 2 to dest 1 seq 2 size 48 bytes segments 1 at slot 7 rate 128 kbps txPower 33 dBm (133333 bps) preamble SHORT duration 0.0225 s
[HOP 2] MAC sent confirmation dest=1 seq=2 transmission=1 sentAt=0.793
[MAC 2] OPNET aggregate transmitted segments=1 ackSegments=0 dataSegments=1 bytes=48 rate=128
[MAC 3] rtslot_counter expired for neighbor 1 reserveSlot=1
[HOP 2] CanSendToHop dest=1 outstanding=1 threshold=0 effectiveWindow=1 pendingData=1 globalLimit=16 neighborOK=0 nodeOK=1 -> NO
[HOP 3] CanSendToHop dest=1 outstanding=1 threshold=0 effectiveWindow=1 pendingData=1 globalLimit=16 neighborOK=0 nodeOK=1 -> NO
[MAC 1] resumes Pre-Tx with live slot=1 counter=1
[MAC 2] Learned neighbor 1 uses slot 1 (rtCounter=1)
[HOP 2] RX ACK from 1 seq=1
[MAC 3] Learned neighbor 1 uses slot 1 (rtCounter=1)
[HOP 3] RX ACK from 1 seq=1
[HOP 2] CanSendToHop dest=1 outstanding=1 threshold=0 effectiveWindow=1 pendingData=1 globalLimit=16 neighborOK=0 nodeOK=1 -> NO
[HOP 3] CanSendToHop dest=1 outstanding=1 threshold=0 effectiveWindow=1 pendingData=1 globalLimit=16 neighborOK=0 nodeOK=1 -> NO
[MAC 2] post-TX WAIT_FOR_ACK until 20.8155 (POST_TX_WAIT=20 s)
[MAC 1] Learned neighbor 2 uses slot 7 (rtCounter=7)
[HOP 1] link_control dest=2 neighborKnown=1 s0=-109 pathloss=70 failures=0 speed=128 txPower=33 rxPower=-109 cost=116
[MAC 1] Update cumulative ACK queue entry dest=2 baseSeq=2 txCount=0
[HOP 2] CanSendToHop dest=1 outstanding=1 threshold=0 effectiveWindow=1 pendingData=1 globalLimit=16 neighborOK=0 nodeOK=1 -> NO
[HOP 3] CanSendToHop dest=1 outstanding=1 threshold=0 effectiveWindow=1 pendingData=1 globalLimit=16 neighborOK=0 nodeOK=1 -> NO
[MAC 1] PickTxSlot(dest=2) active_nodes_for_slotting=3 opnet_slot_range=31
[MAC 1] avoiding neighbor 2 currentReservedSlot=5 rtslot_counter=5
[MAC 1] PickTxSlot(dest=2) avoid: 5
[MAC 1] PickTxSlot chose 1 using historical next_tslot modulo probe
[MAC 1] TX opportunity reached currentSlot=1 reserveNextSlot=1
... type=1 speedKey=128[t=0.828501] TX from node 1 to dest 2 seq 2 size 82 bytes segments 2 at slot 1 rate 128 kbps txPower 33 dBm (133333 bps) preamble SHORT duration 0.02454 s
[MAC 1] ACK transmitted in aggregate dest=2 seq=2 txCount=1/5
[MAC 1] ACK transmitted in aggregate dest=3 seq=1 txCount=4/5
[MAC 1] OPNET aggregate transmitted segments=2 ackSegments=2 dataSegments=0 bytes=82 rate=128
[MAC 2] rtslot_counter expired for neighbor 1 reserveSlot=1
[MAC 3] rtslot_counter expired for neighbor 1 reserveSlot=1
[HOP 2] CanSendToHop dest=1 outstanding=1 threshold=0 effectiveWindow=1 pendingData=1 globalLimit=16 neighborOK=0 nodeOK=1 -> NO
[HOP 3] CanSendToHop dest=1 outstanding=1 threshold=0 effectiveWindow=1 pendingData=1 globalLimit=16 neighborOK=0 nodeOK=1 -> NO
[MAC 1] resumes Pre-Tx with live slot=1 counter=1
[MAC 2] Learned neighbor 1 uses slot 1 (rtCounter=1)
[HOP 2] RX ACK from 1 seq=2
[HOP 2] Pending DATA decrement reason=ACK neighbor=1 pending=0
[MAC 3] Learned neighbor 1 uses slot 1 (rtCounter=1)
[HOP 3] RX ACK from 1 seq=1
[HOP 2] CanSendToHop dest=1 outstanding=0 threshold=0 effectiveWindow=1 pendingData=0 globalLimit=16 neighborOK=1 nodeOK=1 -> YES
[HOP 2] link_control dest=1 neighborKnown=1 s0=-109 pathloss=70 failures=0 speed=128 txPower=33 rxPower=-109 cost=116
[HOP 2] Pending DATA increment dest=1 pending=1
[HOP 2] TX historical-bare DATA neighbor=1 hopSeq=3
[MAC] Enqueue TX pkt dscp=0 insert_pos=0 queue_size_before=0
[HOP 3] CanSendToHop dest=1 outstanding=1 threshold=0 effectiveWindow=1 pendingData=1 globalLimit=16 neighborOK=0 nodeOK=1 -> NO
[MAC 2] resumes Pre-Tx with live slot=7 counter=3
[HOP 2] CanSendToHop dest=1 outstanding=1 threshold=0 effectiveWindow=1 pendingData=1 globalLimit=16 neighborOK=0 nodeOK=1 -> NO
[HOP 3] CanSendToHop dest=1 outstanding=1 threshold=0 effectiveWindow=1 pendingData=1 globalLimit=16 neighborOK=0 nodeOK=1 -> NO
[MAC 1] PickTxSlot(dest=2) active_nodes_for_slotting=3 opnet_slot_range=31
[MAC 1] avoiding neighbor 2 currentReservedSlot=3 rtslot_counter=3
[MAC 1] PickTxSlot(dest=2) avoid: 3
[MAC 1] PickTxSlot chose 1 using historical next_tslot modulo probe
[MAC 1] TX opportunity reached currentSlot=1 reserveNextSlot=1
... type=1 speedKey=128[t=0.867501] TX from node 1 to dest 2 seq 2 size 82 bytes segments 2 at slot 1 rate 128 kbps txPower 33 dBm (133333 bps) preamble SHORT duration 0.02454 s
[MAC 1] ACK transmitted in aggregate dest=2 seq=2 txCount=2/5
[MAC 1] ACK transmitted in aggregate dest=3 seq=1 txCount=5/5
[MAC 1] Remove ACK after OPNET resend limit dest=3 seq=1
[MAC 1] OPNET aggregate transmitted segments=2 ackSegments=2 dataSegments=0 bytes=82 rate=128
[MAC 2] rtslot_counter expired for neighbor 1 reserveSlot=1
[MAC 3] rtslot_counter expired for neighbor 1 reserveSlot=1
[MAC 3] PickTxSlot(dest=1) active_nodes_for_slotting=3 opnet_slot_range=31
[MAC 3] PickTxSlot(dest=1) avoid:
[MAC 3] PickTxSlot chose 1 using historical next_tslot modulo probe
[MAC 3] TX opportunity reached currentSlot=9 reserveNextSlot=1
... type=0 speedKey=128[t=0.871] TX from node 3 to dest 1 seq 2 size 48 bytes segments 1 at slot 1 rate 128 kbps txPower 33 dBm (133333 bps) preamble SHORT duration 0.0225 s
[HOP 3] MAC sent confirmation dest=1 seq=2 transmission=1 sentAt=0.871
[MAC 3] OPNET aggregate transmitted segments=1 ackSegments=0 dataSegments=1 bytes=48 rate=128
[HOP 2] CanSendToHop dest=1 outstanding=1 threshold=0 effectiveWindow=1 pendingData=1 globalLimit=16 neighborOK=0 nodeOK=1 -> NO
[HOP 3] CanSendToHop dest=1 outstanding=1 threshold=0 effectiveWindow=1 pendingData=1 globalLimit=16 neighborOK=0 nodeOK=1 -> NO
[MAC 1] resumes Pre-Tx with live slot=1 counter=1
[MAC 2] Learned neighbor 1 uses slot 1 (rtCounter=1)
[HOP 2] RX ACK from 1 seq=2
[MAC 3] Learned neighbor 1 uses slot 1 (rtCounter=1)
[HOP 3] RX ACK from 1 seq=1
[HOP 2] CanSendToHop dest=1 outstanding=1 threshold=0 effectiveWindow=1 pendingData=1 globalLimit=16 neighborOK=0 nodeOK=1 -> NO
[HOP 3] CanSendToHop dest=1 outstanding=1 threshold=0 effectiveWindow=1 pendingData=1 globalLimit=16 neighborOK=0 nodeOK=1 -> NO
[MAC 3] post-TX WAIT_FOR_ACK until 20.8935 (POST_TX_WAIT=20 s)
[MAC 1] Learned neighbor 3 uses slot 1 (rtCounter=1)
[HOP 1] link_control dest=3 neighborKnown=1 s0=-109 pathloss=70 failures=0 speed=128 txPower=33 rxPower=-109 cost=116
[MAC 1] Enqueue ACK dest=3 seq=2 window=1 ack_queue_size=2
[HOP 2] CanSendToHop dest=1 outstanding=1 threshold=0 effectiveWindow=1 pendingData=1 globalLimit=16 neighborOK=0 nodeOK=1 -> NO
[HOP 3] CanSendToHop dest=1 outstanding=1 threshold=0 effectiveWindow=1 pendingData=1 globalLimit=16 neighborOK=0 nodeOK=1 -> NO
[MAC 1] rtslot_counter expired for neighbor 3 reserveSlot=1
[MAC 1] PickTxSlot(dest=2) active_nodes_for_slotting=3 opnet_slot_range=31
[MAC 1] avoiding neighbor 2 currentReservedSlot=1 rtslot_counter=1
[MAC 1] PickTxSlot(dest=2) avoid: 1
[MAC 1] PickTxSlot chose 2 using historical next_tslot modulo probe
[MAC 1] TX opportunity reached currentSlot=1 reserveNextSlot=2
... type=1 speedKey=128[t=0.906501] TX from node 1 to dest 2 seq 2 size 82 bytes segments 2 at slot 2 rate 128 kbps txPower 33 dBm (133333 bps) preamble SHORT duration 0.02454 s
[MAC 1] ACK transmitted in aggregate dest=2 seq=2 txCount=3/5
[MAC 1] ACK transmitted in aggregate dest=3 seq=2 txCount=1/5
[MAC 1] OPNET aggregate transmitted segments=2 ackSegments=2 dataSegments=0 bytes=82 rate=128
[MAC 2] rtslot_counter expired for neighbor 1 reserveSlot=1
[MAC 2] PickTxSlot(dest=1) active_nodes_for_slotting=3 opnet_slot_range=31
[MAC 2] PickTxSlot(dest=1) avoid:
[MAC 2] PickTxSlot chose 3 using historical next_tslot modulo probe
[MAC 2] TX opportunity reached currentSlot=7 reserveNextSlot=3
... type=0 speedKey=128[t=0.91] TX from node 2 to dest 1 seq 3 size 48 bytes segments 1 at slot 3 rate 128 kbps txPower 33 dBm (133333 bps) preamble SHORT duration 0.0225 s
[HOP 2] MAC sent confirmation dest=1 seq=3 transmission=1 sentAt=0.91
[MAC 2] OPNET aggregate transmitted segments=1 ackSegments=0 dataSegments=1 bytes=48 rate=128
[MAC 3] rtslot_counter expired for neighbor 1 reserveSlot=1
[MAC 3] local advertised reservation expired
[HOP 2] CanSendToHop dest=1 outstanding=1 threshold=0 effectiveWindow=1 pendingData=1 globalLimit=16 neighborOK=0 nodeOK=1 -> NO
[HOP 3] CanSendToHop dest=1 outstanding=1 threshold=0 effectiveWindow=1 pendingData=1 globalLimit=16 neighborOK=0 nodeOK=1 -> NO
[MAC 1] resumes Pre-Tx with live slot=2 counter=2
[MAC 2] Learned neighbor 1 uses slot 2 (rtCounter=2)
[HOP 2] RX ACK from 1 seq=2
[MAC 3] Learned neighbor 1 uses slot 2 (rtCounter=2)
[HOP 3] RX ACK from 1 seq=2
[HOP 3] Pending DATA decrement reason=ACK neighbor=1 pending=0
[HOP 2] CanSendToHop dest=1 outstanding=1 threshold=0 effectiveWindow=1 pendingData=1 globalLimit=16 neighborOK=0 nodeOK=1 -> NO
[HOP 3] CanSendToHop dest=1 outstanding=0 threshold=0 effectiveWindow=1 pendingData=0 globalLimit=16 neighborOK=1 nodeOK=1 -> YES
[HOP 3] link_control dest=1 neighborKnown=1 s0=-109 pathloss=70 failures=0 speed=128 txPower=33 rxPower=-109 cost=116
[HOP 3] Pending DATA increment dest=1 pending=1
[HOP 3] TX historical-bare DATA neighbor=1 hopSeq=3
[MAC] Enqueue TX pkt dscp=0 insert_pos=0 queue_size_before=0
[MAC 2] post-TX WAIT_FOR_ACK until 20.9325 (POST_TX_WAIT=20 s)
[MAC 1] Learned neighbor 2 uses slot 3 (rtCounter=3)
[HOP 1] link_control dest=2 neighborKnown=1 s0=-109 pathloss=70 failures=0 speed=128 txPower=33 rxPower=-109 cost=116
[MAC 1] Update cumulative ACK queue entry dest=2 baseSeq=3 txCount=0
[MAC 3] PickTxSlot(dest=1) active_nodes_for_slotting=3 opnet_slot_range=31
[MAC 3] avoiding neighbor 1 currentReservedSlot=1 rtslot_counter=1
[MAC 3] PickTxSlot(dest=1) avoid: 1
[MAC 3] PickTxSlot chose 9 using historical next_tslot modulo probe
[MAC 3] starts Pre-Tx with new slot=9 holdoff_over=1
[HOP 2] CanSendToHop dest=1 outstanding=1 threshold=0 effectiveWindow=1 pendingData=1 globalLimit=16 neighborOK=0 nodeOK=1 -> NO
[HOP 3] CanSendToHop dest=1 outstanding=1 threshold=0 effectiveWindow=1 pendingData=1 globalLimit=16 neighborOK=0 nodeOK=1 -> NO
[MAC 1] PickTxSlot(dest=2) active_nodes_for_slotting=3 opnet_slot_range=31
[MAC 1] avoiding neighbor 2 currentReservedSlot=0 rtslot_counter=0
[MAC 1] PickTxSlot(dest=2) avoid:
[MAC 1] PickTxSlot chose 1 using historical next_tslot modulo probe
[MAC 1] TX opportunity reached currentSlot=2 reserveNextSlot=1
... type=1 speedKey=128[t=0.958501] TX from node 1 to dest 2 seq 3 size 82 bytes segments 2 at slot 1 rate 128 kbps txPower 33 dBm (133333 bps) preamble SHORT duration 0.02454 s
[MAC 1] ACK transmitted in aggregate dest=2 seq=3 txCount=1/5
[MAC 1] ACK transmitted in aggregate dest=3 seq=2 txCount=2/5
[MAC 1] OPNET aggregate transmitted segments=2 ackSegments=2 dataSegments=0 bytes=82 rate=128
[HOP 2] CanSendToHop dest=1 outstanding=1 threshold=0 effectiveWindow=1 pendingData=1 globalLimit=16 neighborOK=0 nodeOK=1 -> NO
[HOP 3] CanSendToHop dest=1 outstanding=1 threshold=0 effectiveWindow=1 pendingData=1 globalLimit=16 neighborOK=0 nodeOK=1 -> NO
[MAC 2] rtslot_counter expired for neighbor 1 reserveSlot=2
[MAC 3] rtslot_counter expired for neighbor 1 reserveSlot=2
[MAC 2] local advertised reservation expired
[HOP 2] CanSendToHop dest=1 outstanding=1 threshold=0 effectiveWindow=1 pendingData=1 globalLimit=16 neighborOK=0 nodeOK=1 -> NO
[HOP 3] CanSendToHop dest=1 outstanding=1 threshold=0 effectiveWindow=1 pendingData=1 globalLimit=16 neighborOK=0 nodeOK=1 -> NO
[MAC 1] resumes Pre-Tx with live slot=1 counter=1
[MAC 2] Learned neighbor 1 uses slot 1 (rtCounter=1)
[HOP 2] RX ACK from 1 seq=3
[HOP 2] Pending DATA decrement reason=ACK neighbor=1 pending=0
[HOP 2] Adaptive flow threshold increased neighbor=1 old=0 new=1 effectiveWindow=2
[MAC 3] Learned neighbor 1 uses slot 1 (rtCounter=1)
[HOP 3] RX ACK from 1 seq=2
[HOP 2] CanSendToHop dest=1 outstanding=0 threshold=1 effectiveWindow=2 pendingData=0 globalLimit=16 neighborOK=1 nodeOK=1 -> YES
[HOP 2] link_control dest=1 neighborKnown=1 s0=-109 pathloss=70 failures=0 speed=128 txPower=33 rxPower=-109 cost=116
[HOP 2] Pending DATA increment dest=1 pending=1
[HOP 2] TX historical-bare DATA neighbor=1 hopSeq=4
[MAC] Enqueue TX pkt dscp=0 insert_pos=0 queue_size_before=0
[HOP 3] CanSendToHop dest=1 outstanding=1 threshold=0 effectiveWindow=1 pendingData=1 globalLimit=16 neighborOK=0 nodeOK=1 -> NO
[MAC 1] rtslot_counter expired for neighbor 2 reserveSlot=3
[MAC 2] PickTxSlot(dest=1) active_nodes_for_slotting=3 opnet_slot_range=31
[MAC 2] avoiding neighbor 1 currentReservedSlot=0 rtslot_counter=0
[MAC 2] PickTxSlot(dest=1) avoid:
[MAC 2] PickTxSlot chose 7 using historical next_tslot modulo probe
[MAC 2] starts Pre-Tx with new slot=7 holdoff_over=1
[MAC 1] PickTxSlot(dest=2) active_nodes_for_slotting=3 opnet_slot_range=31
[MAC 1] PickTxSlot(dest=2) avoid:
[MAC 1] PickTxSlot chose 1 using historical next_tslot modulo probe
[MAC 1] TX opportunity reached currentSlot=1 reserveNextSlot=1
... type=1 speedKey=128[t=0.997501] TX from node 1 to dest 2 seq 3 size 82 bytes segments 2 at slot 1 rate 128 kbps txPower 33 dBm (133333 bps) preamble SHORT duration 0.02454 s
[MAC 1] ACK transmitted in aggregate dest=2 seq=3 txCount=2/5
[MAC 1] ACK transmitted in aggregate dest=3 seq=2 txCount=3/5
[MAC 1] OPNET aggregate transmitted segments=2 ackSegments=2 dataSegments=0 bytes=82 rate=128
[HOP 3] CanSendToHop dest=1 outstanding=1 threshold=0 effectiveWindow=1 pendingData=1 globalLimit=16 neighborOK=0 nodeOK=1 -> NO
[MAC 2] rtslot_counter expired for neighbor 1 reserveSlot=1
[MAC 3] rtslot_counter expired for neighbor 1 reserveSlot=1
[HOP 3] CanSendToHop dest=1 outstanding=1 threshold=0 effectiveWindow=1 pendingData=1 globalLimit=16 neighborOK=0 nodeOK=1 -> NO
[MAC 1] resumes Pre-Tx with live slot=1 counter=1
[MAC 2] Learned neighbor 1 uses slot 1 (rtCounter=1)
[HOP 2] RX ACK from 1 seq=3
[MAC 3] Learned neighbor 1 uses slot 1 (rtCounter=1)
[HOP 3] RX ACK from 1 seq=2
[HOP 3] CanSendToHop dest=1 outstanding=1 threshold=0 effectiveWindow=1 pendingData=1 globalLimit=16 neighborOK=0 nodeOK=1 -> NO
[MAC 1] PickTxSlot(dest=2) active_nodes_for_slotting=3 opnet_slot_range=31
[MAC 1] PickTxSlot(dest=2) avoid:
[MAC 1] PickTxSlot chose 1 using historical next_tslot modulo probe
[MAC 1] TX opportunity reached currentSlot=1 reserveNextSlot=1
... type=1 speedKey=128[t=1.0365] TX from node 1 to dest 2 seq 3 size 82 bytes segments 2 at slot 1 rate 128 kbps txPower 33 dBm (133333 bps) preamble SHORT duration 0.02454 s
[MAC 1] ACK transmitted in aggregate dest=2 seq=3 txCount=3/5
[MAC 1] ACK transmitted in aggregate dest=3 seq=2 txCount=4/5
[MAC 1] OPNET aggregate transmitted segments=2 ackSegments=2 dataSegments=0 bytes=82 rate=128
[HOP 3] CanSendToHop dest=1 outstanding=1 threshold=0 effectiveWindow=1 pendingData=1 globalLimit=16 neighborOK=0 nodeOK=1 -> NO
[MAC 2] rtslot_counter expired for neighbor 1 reserveSlot=1
[MAC 3] rtslot_counter expired for neighbor 1 reserveSlot=1
[HOP 3] CanSendToHop dest=1 outstanding=1 threshold=0 effectiveWindow=1 pendingData=1 globalLimit=16 neighborOK=0 nodeOK=1 -> NO
[MAC 1] resumes Pre-Tx with live slot=1 counter=1
[MAC 2] Learned neighbor 1 uses slot 1 (rtCounter=1)
[HOP 2] RX ACK from 1 seq=3
[MAC 3] Learned neighbor 1 uses slot 1 (rtCounter=1)
[HOP 3] RX ACK from 1 seq=2
[HOP 3] CanSendToHop dest=1 outstanding=1 threshold=0 effectiveWindow=1 pendingData=1 globalLimit=16 neighborOK=0 nodeOK=1 -> NO
[MAC 3] PickTxSlot(dest=1) active_nodes_for_slotting=3 opnet_slot_range=31
[MAC 3] avoiding neighbor 1 currentReservedSlot=0 rtslot_counter=0
[MAC 3] PickTxSlot(dest=1) avoid:
[MAC 3] PickTxSlot chose 1 using historical next_tslot modulo probe
[MAC 3] TX opportunity reached currentSlot=9 reserveNextSlot=1
... type=0 speedKey=128[t=1.066] TX from node 3 to dest 1 seq 3 size 48 bytes segments 1 at slot 1 rate 128 kbps txPower 33 dBm (133333 bps) preamble SHORT duration 0.0225 s
[HOP 3] MAC sent confirmation dest=1 seq=3 transmission=1 sentAt=1.066
[MAC 3] OPNET aggregate transmitted segments=1 ackSegments=0 dataSegments=1 bytes=48 rate=128
[MAC 1] PickTxSlot(dest=2) active_nodes_for_slotting=3 opnet_slot_range=31
[MAC 1] PickTxSlot(dest=2) avoid:
[MAC 1] PickTxSlot chose 1 using historical next_tslot modulo probe
[MAC 1] TX opportunity reached currentSlot=1 reserveNextSlot=1
... type=1 speedKey=128[t=1.0755] TX from node 1 to dest 2 seq 3 size 82 bytes segments 2 at slot 1 rate 128 kbps txPower 33 dBm (133333 bps) preamble SHORT duration 0.02454 s
[MAC 1] ACK transmitted in aggregate dest=2 seq=3 txCount=4/5
[MAC 1] ACK transmitted in aggregate dest=3 seq=2 txCount=5/5
[MAC 1] Remove ACK after OPNET resend limit dest=3 seq=2
[MAC 1] OPNET aggregate transmitted segments=2 ackSegments=2 dataSegments=0 bytes=82 rate=128
[MAC 2] rtslot_counter expired for neighbor 1 reserveSlot=1
[HOP 3] CanSendToHop dest=1 outstanding=1 threshold=0 effectiveWindow=1 pendingData=1 globalLimit=16 neighborOK=0 nodeOK=1 -> NO
[MAC 3] post-TX WAIT_FOR_ACK until 21.0885 (POST_TX_WAIT=20 s)
[MAC 1] Learned neighbor 3 uses slot 1 (rtCounter=1)
[HOP 1] link_control dest=3 neighborKnown=1 s0=-109 pathloss=70 failures=0 speed=128 txPower=33 rxPower=-109 cost=116
[MAC 1] Enqueue ACK dest=3 seq=3 window=1 ack_queue_size=2
[MAC 2] PickTxSlot(dest=1) active_nodes_for_slotting=3 opnet_slot_range=31
[MAC 2] PickTxSlot(dest=1) avoid:
[MAC 2] PickTxSlot chose 3 using historical next_tslot modulo probe
[MAC 2] TX opportunity reached currentSlot=7 reserveNextSlot=3
... type=0 speedKey=128[t=1.092] TX from node 2 to dest 1 seq 4 size 48 bytes segments 1 at slot 3 rate 128 kbps txPower 33 dBm (133333 bps) preamble SHORT duration 0.0225 s
[HOP 2] MAC sent confirmation dest=1 seq=4 transmission=1 sentAt=1.092
[MAC 2] OPNET aggregate transmitted segments=1 ackSegments=0 dataSegments=1 bytes=48 rate=128
[MAC 3] rtslot_counter expired for neighbor 1 reserveSlot=1
[HOP 3] CanSendToHop dest=1 outstanding=1 threshold=0 effectiveWindow=1 pendingData=1 globalLimit=16 neighborOK=0 nodeOK=1 -> NO
[MAC 1] resumes Pre-Tx with live slot=1 counter=1
[MAC 2] Learned neighbor 1 uses slot 1 (rtCounter=1)
[HOP 2] RX ACK from 1 seq=3
[MAC 3] Learned neighbor 1 uses slot 1 (rtCounter=1)
[HOP 3] RX ACK from 1 seq=2
[HOP 3] CanSendToHop dest=1 outstanding=1 threshold=0 effectiveWindow=1 pendingData=1 globalLimit=16 neighborOK=0 nodeOK=1 -> NO
[MAC 3] local advertised reservation expired
[MAC 2] post-TX WAIT_FOR_ACK until 21.1145 (POST_TX_WAIT=20 s)
[MAC 1] Learned neighbor 2 uses slot 3 (rtCounter=3)
[HOP 1] link_control dest=2 neighborKnown=1 s0=-109 pathloss=70 failures=0 speed=128 txPower=33 rxPower=-109 cost=116
[MAC 1] Update cumulative ACK queue entry dest=2 baseSeq=4 txCount=0
[MAC 1] rtslot_counter expired for neighbor 3 reserveSlot=1
[MAC 1] PickTxSlot(dest=2) active_nodes_for_slotting=3 opnet_slot_range=31
[MAC 1] avoiding neighbor 2 currentReservedSlot=2 rtslot_counter=2
[MAC 1] PickTxSlot(dest=2) avoid: 2
[MAC 1] PickTxSlot chose 1 using historical next_tslot modulo probe
[MAC 1] TX opportunity reached currentSlot=1 reserveNextSlot=1
... type=1 speedKey=128[t=1.1145] TX from node 1 to dest 2 seq 4 size 82 bytes segments 2 at slot 1 rate 128 kbps txPower 33 dBm (133333 bps) preamble SHORT duration 0.02454 s
[MAC 1] ACK transmitted in aggregate dest=2 seq=4 txCount=1/5
[MAC 1] ACK transmitted in aggregate dest=3 seq=3 txCount=1/5
[MAC 1] OPNET aggregate transmitted segments=2 ackSegments=2 dataSegments=0 bytes=82 rate=128
[MAC 3] rtslot_counter expired for neighbor 1 reserveSlot=1
[HOP 3] CanSendToHop dest=1 outstanding=1 threshold=0 effectiveWindow=1 pendingData=1 globalLimit=16 neighborOK=0 nodeOK=1 -> NO
[MAC 2] rtslot_counter expired for neighbor 1 reserveSlot=1
[MAC 1] resumes Pre-Tx with live slot=1 counter=1
[MAC 2] Learned neighbor 1 uses slot 1 (rtCounter=1)
[HOP 2] RX ACK from 1 seq=4
[HOP 2] Pending DATA decrement reason=ACK neighbor=1 pending=0
[MAC 3] Learned neighbor 1 uses slot 1 (rtCounter=1)
[HOP 3] RX ACK from 1 seq=3
[HOP 3] Pending DATA decrement reason=ACK neighbor=1 pending=0
[HOP 3] Adaptive flow threshold increased neighbor=1 old=0 new=1 effectiveWindow=2
[HOP 3] CanSendToHop dest=1 outstanding=0 threshold=1 effectiveWindow=2 pendingData=0 globalLimit=16 neighborOK=1 nodeOK=1 -> YES
[HOP 3] link_control dest=1 neighborKnown=1 s0=-109 pathloss=70 failures=0 speed=128 txPower=33 rxPower=-109 cost=116
[HOP 3] Pending DATA increment dest=1 pending=1
[HOP 3] TX historical-bare DATA neighbor=1 hopSeq=4
[MAC] Enqueue TX pkt dscp=0 insert_pos=0 queue_size_before=0
[MAC 3] PickTxSlot(dest=1) active_nodes_for_slotting=3 opnet_slot_range=31
[MAC 3] avoiding neighbor 1 currentReservedSlot=0 rtslot_counter=0
[MAC 3] PickTxSlot(dest=1) avoid:
[MAC 3] PickTxSlot chose 9 using historical next_tslot modulo probe
[MAC 3] starts Pre-Tx with new slot=9 holdoff_over=1
[MAC 1] PickTxSlot(dest=2) active_nodes_for_slotting=3 opnet_slot_range=31
[MAC 1] avoiding neighbor 2 currentReservedSlot=0 rtslot_counter=0
[MAC 1] PickTxSlot(dest=2) avoid:
[MAC 1] PickTxSlot chose 1 using historical next_tslot modulo probe
[MAC 1] TX opportunity reached currentSlot=1 reserveNextSlot=1
... type=1 speedKey=128[t=1.1535] TX from node 1 to dest 2 seq 4 size 82 bytes segments 2 at slot 1 rate 128 kbps txPower 33 dBm (133333 bps) preamble SHORT duration 0.02454 s
[MAC 1] ACK transmitted in aggregate dest=2 seq=4 txCount=2/5
[MAC 1] ACK transmitted in aggregate dest=3 seq=3 txCount=2/5
[MAC 1] OPNET aggregate transmitted segments=2 ackSegments=2 dataSegments=0 bytes=82 rate=128
[MAC 2] rtslot_counter expired for neighbor 1 reserveSlot=1
[MAC 2] local advertised reservation expired
[MAC 3] rtslot_counter expired for neighbor 1 reserveSlot=1
[MAC 1] resumes Pre-Tx with live slot=1 counter=1
[MAC 2] Learned neighbor 1 uses slot 1 (rtCounter=1)
[HOP 2] RX ACK from 1 seq=4
[MAC 3] Learned neighbor 1 uses slot 1 (rtCounter=1)
[HOP 3] RX ACK from 1 seq=3
[MAC 1] rtslot_counter expired for neighbor 2 reserveSlot=3
[MAC 1] PickTxSlot(dest=2) active_nodes_for_slotting=3 opnet_slot_range=31
[MAC 1] PickTxSlot(dest=2) avoid:
[MAC 1] PickTxSlot chose 1 using historical next_tslot modulo probe
[MAC 1] TX opportunity reached currentSlot=1 reserveNextSlot=1
... type=1 speedKey=128[t=1.1925] TX from node 1 to dest 2 seq 4 size 82 bytes segments 2 at slot 1 rate 128 kbps txPower 33 dBm (133333 bps) preamble SHORT duration 0.02454 s
[MAC 1] ACK transmitted in aggregate dest=2 seq=4 txCount=3/5
[MAC 1] ACK transmitted in aggregate dest=3 seq=3 txCount=3/5
[MAC 1] OPNET aggregate transmitted segments=2 ackSegments=2 dataSegments=0 bytes=82 rate=128
[MAC 2] rtslot_counter expired for neighbor 1 reserveSlot=1
[MAC 3] rtslot_counter expired for neighbor 1 reserveSlot=1
[MAC 1] resumes Pre-Tx with live slot=1 counter=1
[MAC 2] Learned neighbor 1 uses slot 1 (rtCounter=1)
[HOP 2] RX ACK from 1 seq=4
[MAC 3] Learned neighbor 1 uses slot 1 (rtCounter=1)
[HOP 3] RX ACK from 1 seq=3
[MAC 1] PickTxSlot(dest=2) active_nodes_for_slotting=3 opnet_slot_range=31
[MAC 1] PickTxSlot(dest=2) avoid:
[MAC 1] PickTxSlot chose 1 using historical next_tslot modulo probe
[MAC 1] TX opportunity reached currentSlot=1 reserveNextSlot=1
... type=1 speedKey=128[t=1.2315] TX from node 1 to dest 2 seq 4 size 82 bytes segments 2 at slot 1 rate 128 kbps txPower 33 dBm (133333 bps) preamble SHORT duration 0.02454 s
[MAC 1] ACK transmitted in aggregate dest=2 seq=4 txCount=4/5
[MAC 1] ACK transmitted in aggregate dest=3 seq=3 txCount=4/5
[MAC 1] OPNET aggregate transmitted segments=2 ackSegments=2 dataSegments=0 bytes=82 rate=128
[MAC 2] rtslot_counter expired for neighbor 1 reserveSlot=1
[MAC 3] rtslot_counter expired for neighbor 1 reserveSlot=1
[MAC 1] resumes Pre-Tx with live slot=1 counter=1
[MAC 2] Learned neighbor 1 uses slot 1 (rtCounter=1)
[HOP 2] RX ACK from 1 seq=4
[MAC 3] Learned neighbor 1 uses slot 1 (rtCounter=1)
[HOP 3] RX ACK from 1 seq=3
[MAC 1] PickTxSlot(dest=2) active_nodes_for_slotting=3 opnet_slot_range=31
[MAC 1] PickTxSlot(dest=2) avoid:
[MAC 1] PickTxSlot chose 1 using historical next_tslot modulo probe
[MAC 1] TX opportunity reached currentSlot=1 reserveNextSlot=1
... type=1 speedKey=128[t=1.2705] TX from node 1 to dest 2 seq 4 size 82 bytes segments 2 at slot 1 rate 128 kbps txPower 33 dBm (133333 bps) preamble SHORT duration 0.02454 s
[MAC 1] ACK transmitted in aggregate dest=2 seq=4 txCount=5/5
[MAC 1] ACK transmitted in aggregate dest=3 seq=3 txCount=5/5
[MAC 1] Remove ACK after OPNET resend limit dest=2 seq=4
[MAC 1] Remove ACK after OPNET resend limit dest=3 seq=3
[MAC 1] OPNET aggregate transmitted segments=2 ackSegments=2 dataSegments=0 bytes=82 rate=128
[MAC 2] rtslot_counter expired for neighbor 1 reserveSlot=1
[MAC 3] rtslot_counter expired for neighbor 1 reserveSlot=1
[MAC 3] PickTxSlot(dest=1) active_nodes_for_slotting=3 opnet_slot_range=31
[MAC 3] PickTxSlot(dest=1) avoid:
[MAC 3] PickTxSlot chose 1 using historical next_tslot modulo probe
[MAC 3] TX opportunity reached currentSlot=9 reserveNextSlot=1
... type=0 speedKey=128[t=1.274] TX from node 3 to dest 1 seq 4 size 48 bytes segments 1 at slot 1 rate 128 kbps txPower 33 dBm (133333 bps) preamble SHORT duration 0.0225 s
[HOP 3] MAC sent confirmation dest=1 seq=4 transmission=1 sentAt=1.274
[MAC 3] OPNET aggregate transmitted segments=1 ackSegments=0 dataSegments=1 bytes=48 rate=128
[MAC 1] post-TX WAIT_FOR_ACK until 21.295 (POST_TX_WAIT=20 s)
[MAC 2] Learned neighbor 1 uses slot 1 (rtCounter=1)
[HOP 2] RX ACK from 1 seq=4
[MAC 3] Learned neighbor 1 uses slot 1 (rtCounter=1)
[HOP 3] RX ACK from 1 seq=3
[MAC 3] post-TX WAIT_FOR_ACK until 21.2965 (POST_TX_WAIT=20 s)
[MAC 1] Learned neighbor 3 uses slot 1 (rtCounter=1)
[HOP 1] link_control dest=3 neighborKnown=1 s0=-109 pathloss=70 failures=0 speed=128 txPower=33 rxPower=-109 cost=116
[MAC 1] Enqueue ACK dest=3 seq=4 window=1 ack_queue_size=1
[MAC 1] resumes Pre-Tx with live slot=1 counter=0
[MAC 1] rtslot_counter expired for neighbor 3 reserveSlot=1
[MAC 1] PickTxSlot(dest=3) active_nodes_for_slotting=3 opnet_slot_range=31
[MAC 1] PickTxSlot(dest=3) avoid:
[MAC 1] PickTxSlot chose 1 using historical next_tslot modulo probe
[MAC 1] TX opportunity reached currentSlot=1 reserveNextSlot=1
... type=1 speedKey=128[t=1.3095] TX from node 1 to dest 3 seq 4 size 41 bytes segments 1 at slot 1 rate 128 kbps txPower 33 dBm (133333 bps) preamble SHORT duration 0.02208 s
[MAC 1] ACK transmitted in aggregate dest=3 seq=4 txCount=1/5
[MAC 1] OPNET aggregate transmitted segments=1 ackSegments=1 dataSegments=0 bytes=41 rate=128
[MAC 2] rtslot_counter expired for neighbor 1 reserveSlot=1
[MAC 3] rtslot_counter expired for neighbor 1 reserveSlot=1
[MAC 3] local advertised reservation expired
[MAC 1] resumes Pre-Tx with live slot=1 counter=1
[MAC 3] Learned neighbor 1 uses slot 1 (rtCounter=1)
[HOP 3] RX ACK from 1 seq=4
[HOP 3] Pending DATA decrement reason=ACK neighbor=1 pending=0
[MAC 1] PickTxSlot(dest=3) active_nodes_for_slotting=3 opnet_slot_range=31
[MAC 1] PickTxSlot(dest=3) avoid:
[MAC 1] PickTxSlot chose 1 using historical next_tslot modulo probe
[MAC 1] TX opportunity reached currentSlot=1 reserveNextSlot=1
... type=1 speedKey=128[t=1.3485] TX from node 1 to dest 3 seq 4 size 41 bytes segments 1 at slot 1 rate 128 kbps txPower 33 dBm (133333 bps) preamble SHORT duration 0.02208 s
[MAC 1] ACK transmitted in aggregate dest=3 seq=4 txCount=2/5
[MAC 1] OPNET aggregate transmitted segments=1 ackSegments=1 dataSegments=0 bytes=41 rate=128
[MAC 3] rtslot_counter expired for neighbor 1 reserveSlot=1
[MAC 1] resumes Pre-Tx with live slot=1 counter=1
[MAC 3] Learned neighbor 1 uses slot 1 (rtCounter=1)
[HOP 3] RX ACK from 1 seq=4
[MAC 1] PickTxSlot(dest=3) active_nodes_for_slotting=3 opnet_slot_range=31
[MAC 1] PickTxSlot(dest=3) avoid:
[MAC 1] PickTxSlot chose 1 using historical next_tslot modulo probe
[MAC 1] TX opportunity reached currentSlot=1 reserveNextSlot=1
... type=1 speedKey=128[t=1.3875] TX from node 1 to dest 3 seq 4 size 41 bytes segments 1 at slot 1 rate 128 kbps txPower 33 dBm (133333 bps) preamble SHORT duration 0.02208 s
[MAC 1] ACK transmitted in aggregate dest=3 seq=4 txCount=3/5
[MAC 1] OPNET aggregate transmitted segments=1 ackSegments=1 dataSegments=0 bytes=41 rate=128
[MAC 3] rtslot_counter expired for neighbor 1 reserveSlot=1
[MAC 1] resumes Pre-Tx with live slot=1 counter=1
[MAC 3] Learned neighbor 1 uses slot 1 (rtCounter=1)
[HOP 3] RX ACK from 1 seq=4
[MAC 1] PickTxSlot(dest=3) active_nodes_for_slotting=3 opnet_slot_range=31
[MAC 1] PickTxSlot(dest=3) avoid:
[MAC 1] PickTxSlot chose 1 using historical next_tslot modulo probe
[MAC 1] TX opportunity reached currentSlot=1 reserveNextSlot=1
... type=1 speedKey=128[t=1.4265] TX from node 1 to dest 3 seq 4 size 41 bytes segments 1 at slot 1 rate 128 kbps txPower 33 dBm (133333 bps) preamble SHORT duration 0.02208 s
[MAC 1] ACK transmitted in aggregate dest=3 seq=4 txCount=4/5
[MAC 1] OPNET aggregate transmitted segments=1 ackSegments=1 dataSegments=0 bytes=41 rate=128
[MAC 3] rtslot_counter expired for neighbor 1 reserveSlot=1
[MAC 1] resumes Pre-Tx with live slot=1 counter=1
[MAC 3] Learned neighbor 1 uses slot 1 (rtCounter=1)
[HOP 3] RX ACK from 1 seq=4
[MAC 1] PickTxSlot(dest=3) active_nodes_for_slotting=3 opnet_slot_range=31
[MAC 1] PickTxSlot(dest=3) avoid:
[MAC 1] PickTxSlot chose 1 using historical next_tslot modulo probe
[MAC 1] TX opportunity reached currentSlot=1 reserveNextSlot=1
... type=1 speedKey=128[t=1.4655] TX from node 1 to dest 3 seq 4 size 41 bytes segments 1 at slot 1 rate 128 kbps txPower 33 dBm (133333 bps) preamble SHORT duration 0.02208 s
[MAC 1] ACK transmitted in aggregate dest=3 seq=4 txCount=5/5
[MAC 1] Remove ACK after OPNET resend limit dest=3 seq=4
[MAC 1] OPNET aggregate transmitted segments=1 ackSegments=1 dataSegments=0 bytes=41 rate=128
[MAC 3] rtslot_counter expired for neighbor 1 reserveSlot=1
[MAC 1] post-TX WAIT_FOR_ACK until 21.4876 (POST_TX_WAIT=20 s)
[MAC 3] Learned neighbor 1 uses slot 1 (rtCounter=1)
[HOP 3] RX ACK from 1 seq=4
[MAC 1] local advertised reservation expired
[MAC 3] rtslot_counter expired for neighbor 1 reserveSlot=1
REPLAY_SUMMARY cases=4 completed=1
