[HOP 1] link_control dest=2 neighborKnown=0 speed=8 txPower=30 rxPower=-105
[HOP 1] TX reliable NeighborCheck to 2 seq=1
[MAC] Enqueue TX pkt dscp=7 insert_pos=0 queue_size_before=0
[MAC 1] Cancel queued acknowledged frame neighbor=2 seq=1 baseSeq=1 windowIndex=0
[HOP 1] New neighbor 2 heard at t=0s
[HOP 1] RX ACK from 2 seq=1
[HOP 1] Reliable NeighborCheck completed with 2 seq=1 subtype=4 discoverySequence=1
[HOP 1] link_control dest=2 neighborKnown=1 s0=0 pathloss=0 failures=0 speed=128 txPower=12 rxPower=-105 cost=29
[HOP 1] link_control dest=3 neighborKnown=0 speed=8 txPower=30 rxPower=-105
[HOP 1] TX reliable RoutingControl targets=2:2,3:1
[MAC] Enqueue TX pkt dscp=7 insert_pos=0 queue_size_before=0
[MAC 1] PickTxSlot(dest=2) active_nodes_for_slotting=1 opnet_slot_range=18
[MAC 1] PickTxSlot(dest=2) avoid:
[MAC 1] PickTxSlot chose 13 using OPNET free-slot ordinal range [1,18]
[MAC 1] starts Pre-Tx with new slot=13 holdoff_over=0
[MAC 1] OPNET 300-ms transmit holdoff complete
[MAC 1] PickTxSlot(dest=2) active_nodes_for_slotting=1 opnet_slot_range=18
[MAC 1] PickTxSlot(dest=2) avoid:
[MAC 1] PickTxSlot chose 2 using OPNET free-slot ordinal range [1,18]
[MAC 1] TX opportunity reached currentSlot=13 reserveNextSlot=2
... type=6 speedKey=8[t=0.481] TX from node 1 to dest 2 seq 2 size 20 bytes segments 1 at slot 2 rate 8 kbps txPower 30 dBm (7843.14 bps) preamble LONG duration 1.03632 s
[HOP 1] MAC sent confirmation dest=2 seq=2 transmission=1 sentAt=0.481
[MAC 1] OPNET aggregate transmitted segments=1 ackSegments=0 dataSegments=1 bytes=20 rate=8
[t=0.481] RX SYNC at node 2 from node 1 seq 2 power 27.8722 dBm noise -106.975 dBm snr 134.847 dB state=1
[t=0.481] RX SYNC at node 3 from node 1 seq 2 power 27.8722 dBm noise -106.975 dBm snr 134.847 dB state=1
[t=0.48763] MAC 2 enters Track on node 1 seq 2 power 27.8722 dBm
[t=0.48763] MAC 3 enters Track on node 1 seq 2 power 27.8722 dBm
[MAC 1] post-TX WAIT_FOR_ACK until 18.5173 (POST_TX_WAIT=17 s)
[t=1.51732] RX at node 2 from node 1 seq 2 rate 8 kbps txPower 30 dBm preamble LONG pathloss 2.12777 dB snr 134.847 dB (slot 2, len 20B, ackable=1)
[MAC 2] Ignore first-contact reservation from unknown neighbor 1 slot=2
[t=1.51732] RX at node 3 from node 1 seq 2 rate 8 kbps txPower 30 dBm preamble LONG pathloss 2.12777 dB snr 134.847 dB (slot 2, len 20B, ackable=1)
[MAC 3] Ignore first-contact reservation from unknown neighbor 1 slot=2
[MAC 1] local advertised reservation expired
[HOP 1] RX ACK from 2 seq=2
[HOP 1] Reliable RoutingControl ACK progress with 2 seq=2 routingSequence=77 section=0/1
[HOP 1] RoutingControl partial ACK neighbor=2 seq=2 resendEntryRetained=1
[HOP 1] RX ACK from 2 seq=2
[HOP 1] Reliable RoutingControl ACK progress with 2 seq=2 routingSequence=77 section=0/1
[HOP 1] RoutingControl partial ACK neighbor=2 seq=2 resendEntryRetained=1
[MAC] Enqueue TX pkt dscp=7 insert_pos=0 queue_size_before=0
[MAC 1] PickTxSlot(dest=2) active_nodes_for_slotting=1 opnet_slot_range=18
[MAC 1] PickTxSlot(dest=2) avoid:
[MAC 1] PickTxSlot chose 4 using OPNET free-slot ordinal range [1,18]
[MAC 1] starts Pre-Tx with new slot=4 holdoff_over=1
[MAC 1] PickTxSlot(dest=2) active_nodes_for_slotting=1 opnet_slot_range=18
[MAC 1] PickTxSlot(dest=2) avoid:
[MAC 1] PickTxSlot chose 11 using OPNET free-slot ordinal range [1,18]
[MAC 1] TX opportunity reached currentSlot=4 reserveNextSlot=11
... type=6 speedKey=8[t=2.548] TX from node 1 to dest 2 seq 2 size 20 bytes segments 1 at slot 11 rate 8 kbps txPower 30 dBm (7843.14 bps) preamble LONG duration 1.03632 s
[HOP 1] MAC sent confirmation dest=2 seq=2 transmission=2 sentAt=2.548
[MAC 1] OPNET aggregate transmitted segments=1 ackSegments=0 dataSegments=1 bytes=20 rate=8
[t=2.548] RX SYNC at node 2 from node 1 seq 2 power 27.8722 dBm noise -106.975 dBm snr 134.847 dB state=1
[t=2.548] RX SYNC at node 3 from node 1 seq 2 power 27.8722 dBm noise -106.975 dBm snr 134.847 dB state=1
[t=2.55463] MAC 2 enters Track on node 1 seq 2 power 27.8722 dBm
[t=2.55463] MAC 3 enters Track on node 1 seq 2 power 27.8722 dBm
[MAC 1] post-TX WAIT_FOR_ACK until 20.5843 (POST_TX_WAIT=17 s)
[t=3.58432] RX at node 2 from node 1 seq 2 rate 8 kbps txPower 30 dBm preamble LONG pathloss 2.12777 dB snr 134.847 dB (slot 11, len 20B, ackable=1)
[MAC 2] Learned neighbor 1 uses slot 11 (rtCounter=11)
[t=3.58432] RX at node 3 from node 1 seq 2 rate 8 kbps txPower 30 dBm preamble LONG pathloss 2.12777 dB snr 134.847 dB (slot 11, len 20B, ackable=1)
[MAC 3] Learned neighbor 1 uses slot 11 (rtCounter=11)
[MAC 2] rtslot_counter expired for neighbor 1 reserveSlot=11
[MAC 3] rtslot_counter expired for neighbor 1 reserveSlot=11
[MAC 1] local advertised reservation expired
[HOP 1] New neighbor 3 heard at t=4.2s
[HOP 1] RX ACK from 3 seq=1
[HOP 1] Reliable RoutingControl completed with 3 seq=1 routingSequence=77 section=0/1
[HOP 2] New neighbor 1 heard at t=0s
[HOP 2] RX reliable RoutingControl from 1 seq=9 firstReception=1
[HOP 2] link_control dest=1 neighborKnown=1 s0=-105 pathloss=0 failures=0 speed=128 txPower=0 rxPower=-105 cost=29
[HOP 2] ACK RoutingControl to 1 seq=9
[MAC 2] Enqueue ACK dest=1 seq=9 window=0 ack_queue_size=1
[MAC 2] PickTxSlot(dest=1) active_nodes_for_slotting=1 opnet_slot_range=18
[MAC 2] PickTxSlot(dest=1) avoid:
[MAC 2] PickTxSlot chose 1 using OPNET free-slot ordinal range [1,18]
[MAC 2] starts Pre-Tx with new slot=1 holdoff_over=0
[MAC 2] OPNET 300-ms transmit holdoff complete
[MAC 2] PickTxSlot(dest=1) active_nodes_for_slotting=1 opnet_slot_range=18
[MAC 2] PickTxSlot(dest=1) avoid:
[MAC 2] PickTxSlot chose 8 using OPNET free-slot ordinal range [1,18]
[MAC 2] TX opportunity reached currentSlot=1 reserveNextSlot=8
... type=1 speedKey=128[t=0.325] TX from node 2 to dest 1 seq 9 size 30 bytes segments 1 at slot 8 rate 128 kbps txPower 0 dBm (133333 bps) preamble LONG duration 1.01388 s
[MAC 2] ACK transmitted in aggregate dest=1 seq=9 txCount=1/5
[MAC 2] OPNET aggregate transmitted segments=1 ackSegments=1 dataSegments=0 bytes=30 rate=128
[t=0.325] RX SYNC at node 1 from node 2 seq 9 power -2.12777 dBm noise -106.975 dBm snr 104.847 dB state=1
[t=0.33163] MAC 1 enters Track on node 2 seq 9 power -2.12777 dBm
[MAC 2] resumes Pre-Tx with live slot=8 counter=8
[t=1.33888] RX at node 1 from node 2 seq 9 rate 128 kbps txPower 0 dBm preamble LONG pathloss 2.12777 dB snr 104.847 dB (slot 8, len 30B, ackable=0)
[MAC 1] Ignore first-contact reservation from unknown neighbor 2 slot=8
[MAC 2] PickTxSlot(dest=1) active_nodes_for_slotting=1 opnet_slot_range=18
[MAC 2] PickTxSlot(dest=1) avoid:
[MAC 2] PickTxSlot chose 18 using OPNET free-slot ordinal range [1,18]
[MAC 2] TX opportunity reached currentSlot=8 reserveNextSlot=18
... type=1 speedKey=128[t=1.443] TX from node 2 to dest 1 seq 9 size 30 bytes segments 1 at slot 18 rate 128 kbps txPower 0 dBm (133333 bps) preamble LONG duration 1.01388 s
[MAC 2] ACK transmitted in aggregate dest=1 seq=9 txCount=2/5
[MAC 2] OPNET aggregate transmitted segments=1 ackSegments=1 dataSegments=0 bytes=30 rate=128
[t=1.443] RX SYNC at node 1 from node 2 seq 9 power -2.12777 dBm noise -106.975 dBm snr 104.847 dB state=1
[t=1.44963] MAC 1 enters Track on node 2 seq 9 power -2.12777 dBm
[HOP 2] New neighbor 1 heard at t=0s
[HOP 2] Drop malformed bare RoutingControl from=1 seq=40
[HOP 2] RX reliable RoutingControl from 1 seq=40 firstReception=1
[HOP 2] link_control dest=1 neighborKnown=1 s0=-105 pathloss=0 failures=0 speed=128 txPower=0 rxPower=-105 cost=29
[HOP 2] ACK RoutingControl to 1 seq=40
[MAC 2] Enqueue ACK dest=1 seq=40 window=0 ack_queue_size=1
[HOP 2] Drop malformed bare RoutingControl from=1 seq=41
[HOP 2] RX reliable RoutingControl from 1 seq=41 firstReception=1
[HOP 2] link_control dest=1 neighborKnown=1 s0=-105 pathloss=0 failures=0 speed=128 txPower=0 rxPower=-105 cost=29
[HOP 2] ACK RoutingControl to 1 seq=41
[MAC 2] Enqueue ACK dest=1 seq=41 window=0 ack_queue_size=2
[HOP 2] Drop malformed bare RoutingControl from=1 seq=42
[HOP 2] RX reliable RoutingControl from 1 seq=42 firstReception=1
[HOP 2] link_control dest=1 neighborKnown=1 s0=-105 pathloss=0 failures=0 speed=128 txPower=0 rxPower=-105 cost=29
[HOP 2] ACK RoutingControl to 1 seq=42
[MAC 2] Enqueue ACK dest=1 seq=42 window=0 ack_queue_size=3
[HOP 1] link_control dest=2 neighborKnown=0 speed=8 txPower=30 rxPower=-105
[HOP 1] Pending DATA increment dest=2 pending=1
[HOP 1] TX Pairwise16 DATA neighbor=2 hopSeq=1 securityCount=1
[MAC] Enqueue TX pkt dscp=5 insert_pos=0 queue_size_before=0
[MAC 1] Cancel queued acknowledged frame neighbor=2 seq=1 baseSeq=1 windowIndex=0
[HOP 1] link_control dest=2 neighborKnown=0 speed=8 txPower=30 rxPower=-105
[HOP 1] Pending DATA increment dest=2 pending=2
[HOP 1] TX Pairwise16 DATA neighbor=2 hopSeq=2 securityCount=1
[MAC] Enqueue TX pkt dscp=5 insert_pos=0 queue_size_before=0
[MAC 1] Cancel queued acknowledged frame neighbor=2 seq=2 baseSeq=2 windowIndex=0
[HOP 1] link_control dest=2 neighborKnown=0 speed=8 txPower=30 rxPower=-105
[HOP 1] Pending DATA increment dest=2 pending=3
[HOP 1] TX Pairwise16 DATA neighbor=2 hopSeq=3 securityCount=1
[MAC] Enqueue TX pkt dscp=5 insert_pos=0 queue_size_before=0
[MAC 1] Cancel queued acknowledged frame neighbor=2 seq=3 baseSeq=3 windowIndex=0
[HOP 1] link_control dest=2 neighborKnown=0 speed=8 txPower=30 rxPower=-105
[HOP 1] Pending DATA increment dest=2 pending=4
[HOP 1] TX Pairwise16 DATA neighbor=2 hopSeq=4 securityCount=1
[MAC] Enqueue TX pkt dscp=5 insert_pos=0 queue_size_before=0
[MAC 1] Cancel queued acknowledged frame neighbor=2 seq=4 baseSeq=4 windowIndex=0
[HOP 1] link_control dest=2 neighborKnown=0 speed=8 txPower=30 rxPower=-105
[HOP 1] Pending DATA increment dest=2 pending=5
[HOP 1] TX Pairwise16 DATA neighbor=2 hopSeq=5 securityCount=1
[MAC] Enqueue TX pkt dscp=5 insert_pos=0 queue_size_before=0
[MAC 1] Cancel queued acknowledged frame neighbor=2 seq=5 baseSeq=5 windowIndex=0
[HOP 1] link_control dest=2 neighborKnown=0 speed=8 txPower=30 rxPower=-105
[HOP 1] Pending DATA increment dest=2 pending=6
[HOP 1] TX Pairwise16 DATA neighbor=2 hopSeq=6 securityCount=1
[MAC] Enqueue TX pkt dscp=5 insert_pos=0 queue_size_before=0
[MAC 1] Cancel queued acknowledged frame neighbor=2 seq=6 baseSeq=6 windowIndex=0
[HOP 1] link_control dest=2 neighborKnown=0 speed=8 txPower=30 rxPower=-105
[HOP 1] Pending DATA increment dest=2 pending=7
[HOP 1] TX Pairwise16 DATA neighbor=2 hopSeq=7 securityCount=1
[MAC] Enqueue TX pkt dscp=5 insert_pos=0 queue_size_before=0
[MAC 1] Cancel queued acknowledged frame neighbor=2 seq=7 baseSeq=7 windowIndex=0
[HOP 1] link_control dest=2 neighborKnown=0 speed=8 txPower=30 rxPower=-105
[HOP 1] Pending DATA increment dest=2 pending=8
[HOP 1] TX Pairwise16 DATA neighbor=2 hopSeq=8 securityCount=1
[MAC] Enqueue TX pkt dscp=5 insert_pos=0 queue_size_before=0
[MAC 1] Cancel queued acknowledged frame neighbor=2 seq=8 baseSeq=8 windowIndex=0
[HOP 1] link_control dest=2 neighborKnown=0 speed=8 txPower=30 rxPower=-105
[HOP 1] Pending DATA increment dest=2 pending=9
[HOP 1] TX Pairwise16 DATA neighbor=2 hopSeq=9 securityCount=1
[MAC] Enqueue TX pkt dscp=5 insert_pos=0 queue_size_before=0
[MAC 1] Cancel queued acknowledged frame neighbor=2 seq=9 baseSeq=9 windowIndex=0
[HOP 1] link_control dest=2 neighborKnown=0 speed=8 txPower=30 rxPower=-105
[HOP 1] Pending DATA increment dest=2 pending=10
[HOP 1] TX Pairwise16 DATA neighbor=2 hopSeq=10 securityCount=1
[MAC] Enqueue TX pkt dscp=5 insert_pos=0 queue_size_before=0
[MAC 1] Cancel queued acknowledged frame neighbor=2 seq=10 baseSeq=10 windowIndex=0
[HOP 1] link_control dest=2 neighborKnown=0 speed=8 txPower=30 rxPower=-105
[HOP 1] Pending DATA increment dest=2 pending=11
[HOP 1] TX Pairwise16 DATA neighbor=2 hopSeq=11 securityCount=1
[MAC] Enqueue TX pkt dscp=5 insert_pos=0 queue_size_before=0
[MAC 1] Cancel queued acknowledged frame neighbor=2 seq=11 baseSeq=11 windowIndex=0
[HOP 1] link_control dest=2 neighborKnown=0 speed=8 txPower=30 rxPower=-105
[HOP 1] Pending DATA increment dest=2 pending=12
[HOP 1] TX Pairwise16 DATA neighbor=2 hopSeq=12 securityCount=1
[MAC] Enqueue TX pkt dscp=5 insert_pos=0 queue_size_before=0
[MAC 1] Cancel queued acknowledged frame neighbor=2 seq=12 baseSeq=12 windowIndex=0
[HOP 1] link_control dest=2 neighborKnown=0 speed=8 txPower=30 rxPower=-105
[HOP 1] Pending DATA increment dest=2 pending=13
[HOP 1] TX Pairwise16 DATA neighbor=2 hopSeq=13 securityCount=1
[MAC] Enqueue TX pkt dscp=5 insert_pos=0 queue_size_before=0
[MAC 1] Cancel queued acknowledged frame neighbor=2 seq=13 baseSeq=13 windowIndex=0
[HOP 1] link_control dest=2 neighborKnown=0 speed=8 txPower=30 rxPower=-105
[HOP 1] Pending DATA increment dest=2 pending=14
[HOP 1] TX Pairwise16 DATA neighbor=2 hopSeq=14 securityCount=1
[MAC] Enqueue TX pkt dscp=5 insert_pos=0 queue_size_before=0
[MAC 1] Cancel queued acknowledged frame neighbor=2 seq=14 baseSeq=14 windowIndex=0
[HOP 1] link_control dest=2 neighborKnown=0 speed=8 txPower=30 rxPower=-105
[HOP 1] Pending DATA increment dest=2 pending=15
[HOP 1] TX Pairwise16 DATA neighbor=2 hopSeq=15 securityCount=1
[MAC] Enqueue TX pkt dscp=5 insert_pos=0 queue_size_before=0
[MAC 1] Cancel queued acknowledged frame neighbor=2 seq=15 baseSeq=15 windowIndex=0
[HOP 1] link_control dest=2 neighborKnown=0 speed=8 txPower=30 rxPower=-105
[HOP 1] Pending DATA increment dest=2 pending=16
[HOP 1] TX Pairwise16 DATA neighbor=2 hopSeq=16 securityCount=1
[MAC] Enqueue TX pkt dscp=5 insert_pos=0 queue_size_before=0
[MAC 1] Cancel queued acknowledged frame neighbor=2 seq=16 baseSeq=16 windowIndex=0
[HOP 1] link_control dest=2 neighborKnown=0 speed=8 txPower=30 rxPower=-105
[HOP 1] Pending DATA increment dest=2 pending=17
[HOP 1] GLOBAL HOP CONGESTED pending=17 threshold=16
[HOP 1] TX Pairwise16 DATA neighbor=2 hopSeq=17 securityCount=1
[MAC] Enqueue TX pkt dscp=5 insert_pos=0 queue_size_before=0
[MAC 1] Cancel queued acknowledged frame neighbor=2 seq=17 baseSeq=17 windowIndex=0
[HOP 1] link_control dest=2 neighborKnown=0 speed=8 txPower=30 rxPower=-105
[HOP 1] Pending DATA increment dest=2 pending=18
[HOP 1] GLOBAL HOP CONGESTED pending=18 threshold=16
[HOP 1] TX Pairwise16 DATA neighbor=2 hopSeq=18 securityCount=1
[MAC] Enqueue TX pkt dscp=5 insert_pos=0 queue_size_before=0
[MAC 1] Cancel queued acknowledged frame neighbor=2 seq=18 baseSeq=18 windowIndex=0
[HOP 1] link_control dest=2 neighborKnown=0 speed=8 txPower=30 rxPower=-105
[HOP 1] Pending DATA increment dest=2 pending=19
[HOP 1] GLOBAL HOP CONGESTED pending=19 threshold=16
[HOP 1] TX Pairwise16 DATA neighbor=2 hopSeq=19 securityCount=1
[MAC] Enqueue TX pkt dscp=5 insert_pos=0 queue_size_before=0
[MAC 1] Cancel queued acknowledged frame neighbor=2 seq=19 baseSeq=19 windowIndex=0
[HOP 1] link_control dest=2 neighborKnown=0 speed=8 txPower=30 rxPower=-105
[HOP 1] Pending DATA increment dest=2 pending=20
[HOP 1] GLOBAL HOP CONGESTED pending=20 threshold=16
[HOP 1] TX Pairwise16 DATA neighbor=2 hopSeq=20 securityCount=1
[MAC] Enqueue TX pkt dscp=5 insert_pos=0 queue_size_before=0
[MAC 1] Cancel queued acknowledged frame neighbor=2 seq=20 baseSeq=20 windowIndex=0
[HOP 1] link_control dest=2 neighborKnown=0 speed=8 txPower=30 rxPower=-105
[HOP 1] Pending DATA increment dest=2 pending=21
[HOP 1] GLOBAL HOP CONGESTED pending=21 threshold=16
[HOP 1] TX Pairwise16 DATA neighbor=2 hopSeq=21 securityCount=1
[MAC] Enqueue TX pkt dscp=5 insert_pos=0 queue_size_before=0
[MAC 1] Cancel queued acknowledged frame neighbor=2 seq=21 baseSeq=21 windowIndex=0
[HOP 1] link_control dest=2 neighborKnown=0 speed=8 txPower=30 rxPower=-105
[HOP 1] Pending DATA increment dest=2 pending=22
[HOP 1] GLOBAL HOP CONGESTED pending=22 threshold=16
[HOP 1] TX Pairwise16 DATA neighbor=2 hopSeq=22 securityCount=1
[MAC] Enqueue TX pkt dscp=5 insert_pos=0 queue_size_before=0
[MAC 1] Cancel queued acknowledged frame neighbor=2 seq=22 baseSeq=22 windowIndex=0
[HOP 1] link_control dest=2 neighborKnown=0 speed=8 txPower=30 rxPower=-105
[HOP 1] Pending DATA increment dest=2 pending=23
[HOP 1] GLOBAL HOP CONGESTED pending=23 threshold=16
[HOP 1] TX Pairwise16 DATA neighbor=2 hopSeq=23 securityCount=1
[MAC] Enqueue TX pkt dscp=5 insert_pos=0 queue_size_before=0
[MAC 1] Cancel queued acknowledged frame neighbor=2 seq=23 baseSeq=23 windowIndex=0
[HOP 1] link_control dest=2 neighborKnown=0 speed=8 txPower=30 rxPower=-105
[HOP 1] Pending DATA increment dest=2 pending=24
[HOP 1] GLOBAL HOP CONGESTED pending=24 threshold=16
[HOP 1] TX Pairwise16 DATA neighbor=2 hopSeq=24 securityCount=1
[MAC] Enqueue TX pkt dscp=5 insert_pos=0 queue_size_before=0
[MAC 1] Cancel queued acknowledged frame neighbor=2 seq=24 baseSeq=24 windowIndex=0
[HOP 1] link_control dest=2 neighborKnown=0 speed=8 txPower=30 rxPower=-105
[HOP 1] Pending DATA increment dest=2 pending=25
[HOP 1] GLOBAL HOP CONGESTED pending=25 threshold=16
[HOP 1] TX Pairwise16 DATA neighbor=2 hopSeq=25 securityCount=1
[MAC] Enqueue TX pkt dscp=5 insert_pos=0 queue_size_before=0
[MAC 1] Cancel queued acknowledged frame neighbor=2 seq=25 baseSeq=25 windowIndex=0
[HOP 1] link_control dest=2 neighborKnown=0 speed=8 txPower=30 rxPower=-105
[HOP 1] Pending DATA increment dest=2 pending=26
[HOP 1] GLOBAL HOP CONGESTED pending=26 threshold=16
[HOP 1] TX Pairwise16 DATA neighbor=2 hopSeq=26 securityCount=1
[MAC] Enqueue TX pkt dscp=5 insert_pos=0 queue_size_before=0
[MAC 1] Cancel queued acknowledged frame neighbor=2 seq=26 baseSeq=26 windowIndex=0
[HOP 1] link_control dest=2 neighborKnown=0 speed=8 txPower=30 rxPower=-105
[HOP 1] Pending DATA increment dest=2 pending=27
[HOP 1] GLOBAL HOP CONGESTED pending=27 threshold=16
[HOP 1] TX Pairwise16 DATA neighbor=2 hopSeq=27 securityCount=1
[MAC] Enqueue TX pkt dscp=5 insert_pos=0 queue_size_before=0
[MAC 1] Cancel queued acknowledged frame neighbor=2 seq=27 baseSeq=27 windowIndex=0
[HOP 1] link_control dest=2 neighborKnown=0 speed=8 txPower=30 rxPower=-105
[HOP 1] Pending DATA increment dest=2 pending=28
[HOP 1] GLOBAL HOP CONGESTED pending=28 threshold=16
[HOP 1] TX Pairwise16 DATA neighbor=2 hopSeq=28 securityCount=1
[MAC] Enqueue TX pkt dscp=5 insert_pos=0 queue_size_before=0
[MAC 1] Cancel queued acknowledged frame neighbor=2 seq=28 baseSeq=28 windowIndex=0
[HOP 1] link_control dest=2 neighborKnown=0 speed=8 txPower=30 rxPower=-105
[HOP 1] Pending DATA increment dest=2 pending=29
[HOP 1] GLOBAL HOP CONGESTED pending=29 threshold=16
[HOP 1] TX Pairwise16 DATA neighbor=2 hopSeq=29 securityCount=1
[MAC] Enqueue TX pkt dscp=5 insert_pos=0 queue_size_before=0
[MAC 1] Cancel queued acknowledged frame neighbor=2 seq=29 baseSeq=29 windowIndex=0
[HOP 1] link_control dest=2 neighborKnown=0 speed=8 txPower=30 rxPower=-105
[HOP 1] Pending DATA increment dest=2 pending=30
[HOP 1] GLOBAL HOP CONGESTED pending=30 threshold=16
[HOP 1] TX Pairwise16 DATA neighbor=2 hopSeq=30 securityCount=1
[MAC] Enqueue TX pkt dscp=5 insert_pos=0 queue_size_before=0
[MAC 1] Cancel queued acknowledged frame neighbor=2 seq=30 baseSeq=30 windowIndex=0
[HOP 1] link_control dest=2 neighborKnown=0 speed=8 txPower=30 rxPower=-105
[HOP 1] Pending DATA increment dest=2 pending=31
[HOP 1] GLOBAL HOP CONGESTED pending=31 threshold=16
[HOP 1] TX Pairwise16 DATA neighbor=2 hopSeq=31 securityCount=1
[MAC] Enqueue TX pkt dscp=5 insert_pos=0 queue_size_before=0
[MAC 1] Cancel queued acknowledged frame neighbor=2 seq=31 baseSeq=31 windowIndex=0
[HOP 1] link_control dest=2 neighborKnown=0 speed=8 txPower=30 rxPower=-105
[HOP 1] Pending DATA increment dest=2 pending=32
[HOP 1] GLOBAL HOP CONGESTED pending=32 threshold=16
[HOP 1] TX Pairwise16 DATA neighbor=2 hopSeq=32 securityCount=1
[MAC] Enqueue TX pkt dscp=5 insert_pos=0 queue_size_before=0
[MAC 1] Cancel queued acknowledged frame neighbor=2 seq=32 baseSeq=32 windowIndex=0
[HOP 1] link_control dest=2 neighborKnown=0 speed=8 txPower=30 rxPower=-105
[HOP 1] Pending DATA increment dest=2 pending=33
[HOP 1] GLOBAL HOP CONGESTED pending=33 threshold=16
[HOP 1] TX Pairwise16 DATA neighbor=2 hopSeq=33 securityCount=1
[MAC] Enqueue TX pkt dscp=5 insert_pos=0 queue_size_before=0
[MAC 1] Cancel queued acknowledged frame neighbor=2 seq=33 baseSeq=33 windowIndex=0
[HOP 1] link_control dest=2 neighborKnown=0 speed=8 txPower=30 rxPower=-105
[HOP 1] Pending DATA increment dest=2 pending=34
[HOP 1] GLOBAL HOP CONGESTED pending=34 threshold=16
[HOP 1] TX Pairwise16 DATA neighbor=2 hopSeq=34 securityCount=1
[MAC] Enqueue TX pkt dscp=5 insert_pos=0 queue_size_before=0
[MAC 1] Cancel queued acknowledged frame neighbor=2 seq=34 baseSeq=34 windowIndex=0
[HOP 1] link_control dest=2 neighborKnown=0 speed=8 txPower=30 rxPower=-105
[HOP 1] Pending DATA increment dest=2 pending=35
[HOP 1] GLOBAL HOP CONGESTED pending=35 threshold=16
[HOP 1] TX Pairwise16 DATA neighbor=2 hopSeq=35 securityCount=1
[MAC] Enqueue TX pkt dscp=5 insert_pos=0 queue_size_before=0
[MAC 1] Cancel queued acknowledged frame neighbor=2 seq=35 baseSeq=35 windowIndex=0
[HOP 1] link_control dest=2 neighborKnown=0 speed=8 txPower=30 rxPower=-105
[HOP 1] Pending DATA increment dest=2 pending=36
[HOP 1] GLOBAL HOP CONGESTED pending=36 threshold=16
[HOP 1] TX Pairwise16 DATA neighbor=2 hopSeq=36 securityCount=1
[MAC] Enqueue TX pkt dscp=5 insert_pos=0 queue_size_before=0
[MAC 1] Cancel queued acknowledged frame neighbor=2 seq=36 baseSeq=36 windowIndex=0
[HOP 1] link_control dest=2 neighborKnown=0 speed=8 txPower=30 rxPower=-105
[HOP 1] Pending DATA increment dest=2 pending=37
[HOP 1] GLOBAL HOP CONGESTED pending=37 threshold=16
[HOP 1] TX Pairwise16 DATA neighbor=2 hopSeq=37 securityCount=1
[MAC] Enqueue TX pkt dscp=5 insert_pos=0 queue_size_before=0
[MAC 1] Cancel queued acknowledged frame neighbor=2 seq=37 baseSeq=37 windowIndex=0
[HOP 1] link_control dest=2 neighborKnown=0 speed=8 txPower=30 rxPower=-105
[HOP 1] Pending DATA increment dest=2 pending=38
[HOP 1] GLOBAL HOP CONGESTED pending=38 threshold=16
[HOP 1] TX Pairwise16 DATA neighbor=2 hopSeq=38 securityCount=1
[MAC] Enqueue TX pkt dscp=5 insert_pos=0 queue_size_before=0
[MAC 1] Cancel queued acknowledged frame neighbor=2 seq=38 baseSeq=38 windowIndex=0
[HOP 1] link_control dest=2 neighborKnown=0 speed=8 txPower=30 rxPower=-105
[HOP 1] Pending DATA increment dest=2 pending=39
[HOP 1] GLOBAL HOP CONGESTED pending=39 threshold=16
[HOP 1] TX Pairwise16 DATA neighbor=2 hopSeq=39 securityCount=1
[MAC] Enqueue TX pkt dscp=5 insert_pos=0 queue_size_before=0
[MAC 1] Cancel queued acknowledged frame neighbor=2 seq=39 baseSeq=39 windowIndex=0
[HOP 1] link_control dest=2 neighborKnown=0 speed=8 txPower=30 rxPower=-105
[HOP 1] Pending DATA increment dest=2 pending=40
[HOP 1] GLOBAL HOP CONGESTED pending=40 threshold=16
[HOP 1] TX Pairwise16 DATA neighbor=2 hopSeq=40 securityCount=1
[MAC] Enqueue TX pkt dscp=5 insert_pos=0 queue_size_before=0
[MAC 1] Cancel queued acknowledged frame neighbor=2 seq=40 baseSeq=40 windowIndex=0
[HOP 1] link_control dest=2 neighborKnown=0 speed=8 txPower=30 rxPower=-105
[HOP 1] Pending DATA increment dest=2 pending=41
[HOP 1] GLOBAL HOP CONGESTED pending=41 threshold=16
[HOP 1] TX Pairwise16 DATA neighbor=2 hopSeq=41 securityCount=1
[MAC] Enqueue TX pkt dscp=5 insert_pos=0 queue_size_before=0
[MAC 1] Cancel queued acknowledged frame neighbor=2 seq=41 baseSeq=41 windowIndex=0
[HOP 1] link_control dest=2 neighborKnown=0 speed=8 txPower=30 rxPower=-105
[HOP 1] Pending DATA increment dest=2 pending=42
[HOP 1] GLOBAL HOP CONGESTED pending=42 threshold=16
[HOP 1] TX Pairwise16 DATA neighbor=2 hopSeq=42 securityCount=1
[MAC] Enqueue TX pkt dscp=5 insert_pos=0 queue_size_before=0
[MAC 1] Cancel queued acknowledged frame neighbor=2 seq=42 baseSeq=42 windowIndex=0
[HOP 1] link_control dest=2 neighborKnown=0 speed=8 txPower=30 rxPower=-105
[HOP 1] Pending DATA increment dest=2 pending=43
[HOP 1] GLOBAL HOP CONGESTED pending=43 threshold=16
[HOP 1] TX Pairwise16 DATA neighbor=2 hopSeq=43 securityCount=1
[MAC] Enqueue TX pkt dscp=5 insert_pos=0 queue_size_before=0
[MAC 1] Cancel queued acknowledged frame neighbor=2 seq=43 baseSeq=43 windowIndex=0
[HOP 1] link_control dest=2 neighborKnown=0 speed=8 txPower=30 rxPower=-105
[HOP 1] Pending DATA increment dest=2 pending=44
[HOP 1] GLOBAL HOP CONGESTED pending=44 threshold=16
[HOP 1] TX Pairwise16 DATA neighbor=2 hopSeq=44 securityCount=1
[MAC] Enqueue TX pkt dscp=5 insert_pos=0 queue_size_before=0
[MAC 1] Cancel queued acknowledged frame neighbor=2 seq=44 baseSeq=44 windowIndex=0
[HOP 1] link_control dest=2 neighborKnown=0 speed=8 txPower=30 rxPower=-105
[HOP 1] Pending DATA increment dest=2 pending=45
[HOP 1] GLOBAL HOP CONGESTED pending=45 threshold=16
[HOP 1] TX Pairwise16 DATA neighbor=2 hopSeq=45 securityCount=1
[MAC] Enqueue TX pkt dscp=5 insert_pos=0 queue_size_before=0
[MAC 1] Cancel queued acknowledged frame neighbor=2 seq=45 baseSeq=45 windowIndex=0
[HOP 1] link_control dest=2 neighborKnown=0 speed=8 txPower=30 rxPower=-105
[HOP 1] Pending DATA increment dest=2 pending=46
[HOP 1] GLOBAL HOP CONGESTED pending=46 threshold=16
[HOP 1] TX Pairwise16 DATA neighbor=2 hopSeq=46 securityCount=1
[MAC] Enqueue TX pkt dscp=5 insert_pos=0 queue_size_before=0
[MAC 1] Cancel queued acknowledged frame neighbor=2 seq=46 baseSeq=46 windowIndex=0
[HOP 1] link_control dest=2 neighborKnown=0 speed=8 txPower=30 rxPower=-105
[HOP 1] Pending DATA increment dest=2 pending=47
[HOP 1] GLOBAL HOP CONGESTED pending=47 threshold=16
[HOP 1] TX Pairwise16 DATA neighbor=2 hopSeq=47 securityCount=1
[MAC] Enqueue TX pkt dscp=5 insert_pos=0 queue_size_before=0
[MAC 1] Cancel queued acknowledged frame neighbor=2 seq=47 baseSeq=47 windowIndex=0
[HOP 1] link_control dest=2 neighborKnown=0 speed=8 txPower=30 rxPower=-105
[HOP 1] Pending DATA increment dest=2 pending=48
[HOP 1] GLOBAL HOP CONGESTED pending=48 threshold=16
[HOP 1] TX Pairwise16 DATA neighbor=2 hopSeq=48 securityCount=1
[MAC] Enqueue TX pkt dscp=5 insert_pos=0 queue_size_before=0
[MAC 1] Cancel queued acknowledged frame neighbor=2 seq=48 baseSeq=48 windowIndex=0
[HOP 1] link_control dest=2 neighborKnown=0 speed=8 txPower=30 rxPower=-105
[HOP 1] Pending DATA increment dest=2 pending=49
[HOP 1] GLOBAL HOP CONGESTED pending=49 threshold=16
[HOP 1] TX Pairwise16 DATA neighbor=2 hopSeq=49 securityCount=1
[MAC] Enqueue TX pkt dscp=5 insert_pos=0 queue_size_before=0
[MAC 1] Cancel queued acknowledged frame neighbor=2 seq=49 baseSeq=49 windowIndex=0
[HOP 1] link_control dest=2 neighborKnown=0 speed=8 txPower=30 rxPower=-105
[HOP 1] Pending DATA increment dest=2 pending=50
[HOP 1] GLOBAL HOP CONGESTED pending=50 threshold=16
[HOP 1] TX Pairwise16 DATA neighbor=2 hopSeq=50 securityCount=1
[MAC] Enqueue TX pkt dscp=5 insert_pos=0 queue_size_before=0
[MAC 1] Cancel queued acknowledged frame neighbor=2 seq=50 baseSeq=50 windowIndex=0
[HOP 1] link_control dest=2 neighborKnown=0 speed=8 txPower=30 rxPower=-105
[HOP 1] Pending DATA increment dest=2 pending=51
[HOP 1] GLOBAL HOP CONGESTED pending=51 threshold=16
[HOP 1] TX Pairwise16 DATA neighbor=2 hopSeq=51 securityCount=1
[MAC] Enqueue TX pkt dscp=5 insert_pos=0 queue_size_before=0
[MAC 1] Cancel queued acknowledged frame neighbor=2 seq=51 baseSeq=51 windowIndex=0
[HOP 1] link_control dest=2 neighborKnown=0 speed=8 txPower=30 rxPower=-105
[HOP 1] Pending DATA increment dest=2 pending=52
[HOP 1] GLOBAL HOP CONGESTED pending=52 threshold=16
[HOP 1] TX Pairwise16 DATA neighbor=2 hopSeq=52 securityCount=1
[MAC] Enqueue TX pkt dscp=5 insert_pos=0 queue_size_before=0
[MAC 1] Cancel queued acknowledged frame neighbor=2 seq=52 baseSeq=52 windowIndex=0
[HOP 1] link_control dest=2 neighborKnown=0 speed=8 txPower=30 rxPower=-105
[HOP 1] Pending DATA increment dest=2 pending=53
[HOP 1] GLOBAL HOP CONGESTED pending=53 threshold=16
[HOP 1] TX Pairwise16 DATA neighbor=2 hopSeq=53 securityCount=1
[MAC] Enqueue TX pkt dscp=5 insert_pos=0 queue_size_before=0
[MAC 1] Cancel queued acknowledged frame neighbor=2 seq=53 baseSeq=53 windowIndex=0
[HOP 1] link_control dest=2 neighborKnown=0 speed=8 txPower=30 rxPower=-105
[HOP 1] Pending DATA increment dest=2 pending=54
[HOP 1] GLOBAL HOP CONGESTED pending=54 threshold=16
[HOP 1] TX Pairwise16 DATA neighbor=2 hopSeq=54 securityCount=1
[MAC] Enqueue TX pkt dscp=5 insert_pos=0 queue_size_before=0
[MAC 1] Cancel queued acknowledged frame neighbor=2 seq=54 baseSeq=54 windowIndex=0
[HOP 1] link_control dest=2 neighborKnown=0 speed=8 txPower=30 rxPower=-105
[HOP 1] Pending DATA increment dest=2 pending=55
[HOP 1] GLOBAL HOP CONGESTED pending=55 threshold=16
[HOP 1] TX Pairwise16 DATA neighbor=2 hopSeq=55 securityCount=1
[MAC] Enqueue TX pkt dscp=5 insert_pos=0 queue_size_before=0
[MAC 1] Cancel queued acknowledged frame neighbor=2 seq=55 baseSeq=55 windowIndex=0
[HOP 1] link_control dest=2 neighborKnown=0 speed=8 txPower=30 rxPower=-105
[HOP 1] Pending DATA increment dest=2 pending=56
[HOP 1] GLOBAL HOP CONGESTED pending=56 threshold=16
[HOP 1] TX Pairwise16 DATA neighbor=2 hopSeq=56 securityCount=1
[MAC] Enqueue TX pkt dscp=5 insert_pos=0 queue_size_before=0
[MAC 1] Cancel queued acknowledged frame neighbor=2 seq=56 baseSeq=56 windowIndex=0
[HOP 1] link_control dest=2 neighborKnown=0 speed=8 txPower=30 rxPower=-105
[HOP 1] Pending DATA increment dest=2 pending=57
[HOP 1] GLOBAL HOP CONGESTED pending=57 threshold=16
[HOP 1] TX Pairwise16 DATA neighbor=2 hopSeq=57 securityCount=1
[MAC] Enqueue TX pkt dscp=5 insert_pos=0 queue_size_before=0
[MAC 1] Cancel queued acknowledged frame neighbor=2 seq=57 baseSeq=57 windowIndex=0
[HOP 1] link_control dest=2 neighborKnown=0 speed=8 txPower=30 rxPower=-105
[HOP 1] Pending DATA increment dest=2 pending=58
[HOP 1] GLOBAL HOP CONGESTED pending=58 threshold=16
[HOP 1] TX Pairwise16 DATA neighbor=2 hopSeq=58 securityCount=1
[MAC] Enqueue TX pkt dscp=5 insert_pos=0 queue_size_before=0
[MAC 1] Cancel queued acknowledged frame neighbor=2 seq=58 baseSeq=58 windowIndex=0
[HOP 1] link_control dest=2 neighborKnown=0 speed=8 txPower=30 rxPower=-105
[HOP 1] Pending DATA increment dest=2 pending=59
[HOP 1] GLOBAL HOP CONGESTED pending=59 threshold=16
[HOP 1] TX Pairwise16 DATA neighbor=2 hopSeq=59 securityCount=1
[MAC] Enqueue TX pkt dscp=5 insert_pos=0 queue_size_before=0
[MAC 1] Cancel queued acknowledged frame neighbor=2 seq=59 baseSeq=59 windowIndex=0
[HOP 1] link_control dest=2 neighborKnown=0 speed=8 txPower=30 rxPower=-105
[HOP 1] Pending DATA increment dest=2 pending=60
[HOP 1] GLOBAL HOP CONGESTED pending=60 threshold=16
[HOP 1] TX Pairwise16 DATA neighbor=2 hopSeq=60 securityCount=1
[MAC] Enqueue TX pkt dscp=5 insert_pos=0 queue_size_before=0
[MAC 1] Cancel queued acknowledged frame neighbor=2 seq=60 baseSeq=60 windowIndex=0
[HOP 1] link_control dest=2 neighborKnown=0 speed=8 txPower=30 rxPower=-105
[HOP 1] Pending DATA increment dest=2 pending=61
[HOP 1] GLOBAL HOP CONGESTED pending=61 threshold=16
[HOP 1] TX Pairwise16 DATA neighbor=2 hopSeq=61 securityCount=1
[MAC] Enqueue TX pkt dscp=5 insert_pos=0 queue_size_before=0
[MAC 1] Cancel queued acknowledged frame neighbor=2 seq=61 baseSeq=61 windowIndex=0
[HOP 1] link_control dest=2 neighborKnown=0 speed=8 txPower=30 rxPower=-105
[HOP 1] Pending DATA increment dest=2 pending=62
[HOP 1] GLOBAL HOP CONGESTED pending=62 threshold=16
[HOP 1] TX Pairwise16 DATA neighbor=2 hopSeq=62 securityCount=1
[MAC] Enqueue TX pkt dscp=5 insert_pos=0 queue_size_before=0
[MAC 1] Cancel queued acknowledged frame neighbor=2 seq=62 baseSeq=62 windowIndex=0
[HOP 1] link_control dest=2 neighborKnown=0 speed=8 txPower=30 rxPower=-105
[HOP 1] Pending DATA increment dest=2 pending=63
[HOP 1] GLOBAL HOP CONGESTED pending=63 threshold=16
[HOP 1] TX Pairwise16 DATA neighbor=2 hopSeq=63 securityCount=1
[MAC] Enqueue TX pkt dscp=5 insert_pos=0 queue_size_before=0
[MAC 1] Cancel queued acknowledged frame neighbor=2 seq=63 baseSeq=63 windowIndex=0
[HOP 1] link_control dest=2 neighborKnown=0 speed=8 txPower=30 rxPower=-105
[HOP 1] Pending DATA increment dest=2 pending=64
[HOP 1] GLOBAL HOP CONGESTED pending=64 threshold=16
[HOP 1] TX Pairwise16 DATA neighbor=2 hopSeq=64 securityCount=1
[MAC] Enqueue TX pkt dscp=5 insert_pos=0 queue_size_before=0
[MAC 1] Cancel queued acknowledged frame neighbor=2 seq=64 baseSeq=64 windowIndex=0
[HOP 1] link_control dest=2 neighborKnown=0 speed=8 txPower=30 rxPower=-105
[HOP 1] Pending DATA increment dest=2 pending=65
[HOP 1] GLOBAL HOP CONGESTED pending=65 threshold=16
[HOP 1] TX Pairwise16 DATA neighbor=2 hopSeq=65 securityCount=1
[MAC] Enqueue TX pkt dscp=5 insert_pos=0 queue_size_before=0
[MAC 1] Cancel queued acknowledged frame neighbor=2 seq=65 baseSeq=65 windowIndex=0
[HOP 1] link_control dest=2 neighborKnown=0 speed=8 txPower=30 rxPower=-105
[HOP 1] Pending DATA increment dest=2 pending=66
[HOP 1] GLOBAL HOP CONGESTED pending=66 threshold=16
[HOP 1] TX Pairwise16 DATA neighbor=2 hopSeq=66 securityCount=1
[MAC] Enqueue TX pkt dscp=5 insert_pos=0 queue_size_before=0
[MAC 1] Cancel queued acknowledged frame neighbor=2 seq=66 baseSeq=66 windowIndex=0
[HOP 1] link_control dest=2 neighborKnown=0 speed=8 txPower=30 rxPower=-105
[HOP 1] Pending DATA increment dest=2 pending=67
[HOP 1] GLOBAL HOP CONGESTED pending=67 threshold=16
[HOP 1] TX Pairwise16 DATA neighbor=2 hopSeq=67 securityCount=1
[MAC] Enqueue TX pkt dscp=5 insert_pos=0 queue_size_before=0
[MAC 1] Cancel queued acknowledged frame neighbor=2 seq=67 baseSeq=67 windowIndex=0
[HOP 1] link_control dest=2 neighborKnown=0 speed=8 txPower=30 rxPower=-105
[HOP 1] Pending DATA increment dest=2 pending=68
[HOP 1] GLOBAL HOP CONGESTED pending=68 threshold=16
[HOP 1] TX Pairwise16 DATA neighbor=2 hopSeq=68 securityCount=1
[MAC] Enqueue TX pkt dscp=5 insert_pos=0 queue_size_before=0
[MAC 1] Cancel queued acknowledged frame neighbor=2 seq=68 baseSeq=68 windowIndex=0
[HOP 1] link_control dest=2 neighborKnown=0 speed=8 txPower=30 rxPower=-105
[HOP 1] Pending DATA increment dest=2 pending=69
[HOP 1] GLOBAL HOP CONGESTED pending=69 threshold=16
[HOP 1] TX Pairwise16 DATA neighbor=2 hopSeq=69 securityCount=1
[MAC] Enqueue TX pkt dscp=5 insert_pos=0 queue_size_before=0
[MAC 1] Cancel queued acknowledged frame neighbor=2 seq=69 baseSeq=69 windowIndex=0
[HOP 1] link_control dest=2 neighborKnown=0 speed=8 txPower=30 rxPower=-105
[HOP 1] Pending DATA increment dest=2 pending=70
[HOP 1] GLOBAL HOP CONGESTED pending=70 threshold=16
[HOP 1] TX Pairwise16 DATA neighbor=2 hopSeq=70 securityCount=1
[MAC] Enqueue TX pkt dscp=5 insert_pos=0 queue_size_before=0
[MAC 1] Cancel queued acknowledged frame neighbor=2 seq=70 baseSeq=70 windowIndex=0
[HOP 1] link_control dest=2 neighborKnown=0 speed=8 txPower=30 rxPower=-105
[HOP 1] Pending DATA increment dest=2 pending=71
[HOP 1] GLOBAL HOP CONGESTED pending=71 threshold=16
[HOP 1] TX Pairwise16 DATA neighbor=2 hopSeq=71 securityCount=1
[MAC] Enqueue TX pkt dscp=5 insert_pos=0 queue_size_before=0
[MAC 1] Cancel queued acknowledged frame neighbor=2 seq=71 baseSeq=71 windowIndex=0
[HOP 1] link_control dest=2 neighborKnown=0 speed=8 txPower=30 rxPower=-105
[HOP 1] Pending DATA increment dest=2 pending=72
[HOP 1] GLOBAL HOP CONGESTED pending=72 threshold=16
[HOP 1] TX Pairwise16 DATA neighbor=2 hopSeq=72 securityCount=1
[MAC] Enqueue TX pkt dscp=5 insert_pos=0 queue_size_before=0
[MAC 1] Cancel queued acknowledged frame neighbor=2 seq=72 baseSeq=72 windowIndex=0
[HOP 1] link_control dest=2 neighborKnown=0 speed=8 txPower=30 rxPower=-105
[HOP 1] Pending DATA increment dest=2 pending=73
[HOP 1] GLOBAL HOP CONGESTED pending=73 threshold=16
[HOP 1] TX Pairwise16 DATA neighbor=2 hopSeq=73 securityCount=1
[MAC] Enqueue TX pkt dscp=5 insert_pos=0 queue_size_before=0
[MAC 1] Cancel queued acknowledged frame neighbor=2 seq=73 baseSeq=73 windowIndex=0
[HOP 1] link_control dest=2 neighborKnown=0 speed=8 txPower=30 rxPower=-105
[HOP 1] Pending DATA increment dest=2 pending=74
[HOP 1] GLOBAL HOP CONGESTED pending=74 threshold=16
[HOP 1] TX Pairwise16 DATA neighbor=2 hopSeq=74 securityCount=1
[MAC] Enqueue TX pkt dscp=5 insert_pos=0 queue_size_before=0
[MAC 1] Cancel queued acknowledged frame neighbor=2 seq=74 baseSeq=74 windowIndex=0
[HOP 1] link_control dest=2 neighborKnown=0 speed=8 txPower=30 rxPower=-105
[HOP 1] Pending DATA increment dest=2 pending=75
[HOP 1] GLOBAL HOP CONGESTED pending=75 threshold=16
[HOP 1] TX Pairwise16 DATA neighbor=2 hopSeq=75 securityCount=1
[MAC] Enqueue TX pkt dscp=5 insert_pos=0 queue_size_before=0
[MAC 1] Cancel queued acknowledged frame neighbor=2 seq=75 baseSeq=75 windowIndex=0
[HOP 1] link_control dest=2 neighborKnown=0 speed=8 txPower=30 rxPower=-105
[HOP 1] Pending DATA increment dest=2 pending=76
[HOP 1] GLOBAL HOP CONGESTED pending=76 threshold=16
[HOP 1] TX Pairwise16 DATA neighbor=2 hopSeq=76 securityCount=1
[MAC] Enqueue TX pkt dscp=5 insert_pos=0 queue_size_before=0
[MAC 1] Cancel queued acknowledged frame neighbor=2 seq=76 baseSeq=76 windowIndex=0
[HOP 1] link_control dest=2 neighborKnown=0 speed=8 txPower=30 rxPower=-105
[HOP 1] Pending DATA increment dest=2 pending=77
[HOP 1] GLOBAL HOP CONGESTED pending=77 threshold=16
[HOP 1] TX Pairwise16 DATA neighbor=2 hopSeq=77 securityCount=1
[MAC] Enqueue TX pkt dscp=5 insert_pos=0 queue_size_before=0
[MAC 1] Cancel queued acknowledged frame neighbor=2 seq=77 baseSeq=77 windowIndex=0
[HOP 1] link_control dest=2 neighborKnown=0 speed=8 txPower=30 rxPower=-105
[HOP 1] Pending DATA increment dest=2 pending=78
[HOP 1] GLOBAL HOP CONGESTED pending=78 threshold=16
[HOP 1] TX Pairwise16 DATA neighbor=2 hopSeq=78 securityCount=1
[MAC] Enqueue TX pkt dscp=5 insert_pos=0 queue_size_before=0
[MAC 1] Cancel queued acknowledged frame neighbor=2 seq=78 baseSeq=78 windowIndex=0
[HOP 1] link_control dest=2 neighborKnown=0 speed=8 txPower=30 rxPower=-105
[HOP 1] Pending DATA increment dest=2 pending=79
[HOP 1] GLOBAL HOP CONGESTED pending=79 threshold=16
[HOP 1] TX Pairwise16 DATA neighbor=2 hopSeq=79 securityCount=1
[MAC] Enqueue TX pkt dscp=5 insert_pos=0 queue_size_before=0
[MAC 1] Cancel queued acknowledged frame neighbor=2 seq=79 baseSeq=79 windowIndex=0
[HOP 1] link_control dest=2 neighborKnown=0 speed=8 txPower=30 rxPower=-105
[HOP 1] Pending DATA increment dest=2 pending=80
[HOP 1] GLOBAL HOP CONGESTED pending=80 threshold=16
[HOP 1] TX Pairwise16 DATA neighbor=2 hopSeq=80 securityCount=1
[MAC] Enqueue TX pkt dscp=5 insert_pos=0 queue_size_before=0
[MAC 1] Cancel queued acknowledged frame neighbor=2 seq=80 baseSeq=80 windowIndex=0
[HOP 1] link_control dest=2 neighborKnown=0 speed=8 txPower=30 rxPower=-105
[HOP 1] Pending DATA increment dest=2 pending=81
[HOP 1] GLOBAL HOP CONGESTED pending=81 threshold=16
[HOP 1] TX Pairwise16 DATA neighbor=2 hopSeq=81 securityCount=1
[MAC] Enqueue TX pkt dscp=5 insert_pos=0 queue_size_before=0
[MAC 1] Cancel queued acknowledged frame neighbor=2 seq=81 baseSeq=81 windowIndex=0
[HOP 1] link_control dest=2 neighborKnown=0 speed=8 txPower=30 rxPower=-105
[HOP 1] Pending DATA increment dest=2 pending=82
[HOP 1] GLOBAL HOP CONGESTED pending=82 threshold=16
[HOP 1] TX Pairwise16 DATA neighbor=2 hopSeq=82 securityCount=1
[MAC] Enqueue TX pkt dscp=5 insert_pos=0 queue_size_before=0
[MAC 1] Cancel queued acknowledged frame neighbor=2 seq=82 baseSeq=82 windowIndex=0
[HOP 1] link_control dest=2 neighborKnown=0 speed=8 txPower=30 rxPower=-105
[HOP 1] Pending DATA increment dest=2 pending=83
[HOP 1] GLOBAL HOP CONGESTED pending=83 threshold=16
[HOP 1] TX Pairwise16 DATA neighbor=2 hopSeq=83 securityCount=1
[MAC] Enqueue TX pkt dscp=5 insert_pos=0 queue_size_before=0
[MAC 1] Cancel queued acknowledged frame neighbor=2 seq=83 baseSeq=83 windowIndex=0
[HOP 1] link_control dest=2 neighborKnown=0 speed=8 txPower=30 rxPower=-105
[HOP 1] Pending DATA increment dest=2 pending=84
[HOP 1] GLOBAL HOP CONGESTED pending=84 threshold=16
[HOP 1] TX Pairwise16 DATA neighbor=2 hopSeq=84 securityCount=1
[MAC] Enqueue TX pkt dscp=5 insert_pos=0 queue_size_before=0
[MAC 1] Cancel queued acknowledged frame neighbor=2 seq=84 baseSeq=84 windowIndex=0
[HOP 1] link_control dest=2 neighborKnown=0 speed=8 txPower=30 rxPower=-105
[HOP 1] Pending DATA increment dest=2 pending=85
[HOP 1] GLOBAL HOP CONGESTED pending=85 threshold=16
[HOP 1] TX Pairwise16 DATA neighbor=2 hopSeq=85 securityCount=1
[MAC] Enqueue TX pkt dscp=5 insert_pos=0 queue_size_before=0
[MAC 1] Cancel queued acknowledged frame neighbor=2 seq=85 baseSeq=85 windowIndex=0
[HOP 1] link_control dest=2 neighborKnown=0 speed=8 txPower=30 rxPower=-105
[HOP 1] Pending DATA increment dest=2 pending=86
[HOP 1] GLOBAL HOP CONGESTED pending=86 threshold=16
[HOP 1] TX Pairwise16 DATA neighbor=2 hopSeq=86 securityCount=1
[MAC] Enqueue TX pkt dscp=5 insert_pos=0 queue_size_before=0
[MAC 1] Cancel queued acknowledged frame neighbor=2 seq=86 baseSeq=86 windowIndex=0
[HOP 1] link_control dest=2 neighborKnown=0 speed=8 txPower=30 rxPower=-105
[HOP 1] Pending DATA increment dest=2 pending=87
[HOP 1] GLOBAL HOP CONGESTED pending=87 threshold=16
[HOP 1] TX Pairwise16 DATA neighbor=2 hopSeq=87 securityCount=1
[MAC] Enqueue TX pkt dscp=5 insert_pos=0 queue_size_before=0
[MAC 1] Cancel queued acknowledged frame neighbor=2 seq=87 baseSeq=87 windowIndex=0
[HOP 1] link_control dest=2 neighborKnown=0 speed=8 txPower=30 rxPower=-105
[HOP 1] Pending DATA increment dest=2 pending=88
[HOP 1] GLOBAL HOP CONGESTED pending=88 threshold=16
[HOP 1] TX Pairwise16 DATA neighbor=2 hopSeq=88 securityCount=1
[MAC] Enqueue TX pkt dscp=5 insert_pos=0 queue_size_before=0
[MAC 1] Cancel queued acknowledged frame neighbor=2 seq=88 baseSeq=88 windowIndex=0
[HOP 1] link_control dest=2 neighborKnown=0 speed=8 txPower=30 rxPower=-105
[HOP 1] Pending DATA increment dest=2 pending=89
[HOP 1] GLOBAL HOP CONGESTED pending=89 threshold=16
[HOP 1] TX Pairwise16 DATA neighbor=2 hopSeq=89 securityCount=1
[MAC] Enqueue TX pkt dscp=5 insert_pos=0 queue_size_before=0
[MAC 1] Cancel queued acknowledged frame neighbor=2 seq=89 baseSeq=89 windowIndex=0
[HOP 1] link_control dest=2 neighborKnown=0 speed=8 txPower=30 rxPower=-105
[HOP 1] Pending DATA increment dest=2 pending=90
[HOP 1] GLOBAL HOP CONGESTED pending=90 threshold=16
[HOP 1] TX Pairwise16 DATA neighbor=2 hopSeq=90 securityCount=1
[MAC] Enqueue TX pkt dscp=5 insert_pos=0 queue_size_before=0
[MAC 1] Cancel queued acknowledged frame neighbor=2 seq=90 baseSeq=90 windowIndex=0
[HOP 1] link_control dest=2 neighborKnown=0 speed=8 txPower=30 rxPower=-105
[HOP 1] Pending DATA increment dest=2 pending=91
[HOP 1] GLOBAL HOP CONGESTED pending=91 threshold=16
[HOP 1] TX Pairwise16 DATA neighbor=2 hopSeq=91 securityCount=1
[MAC] Enqueue TX pkt dscp=5 insert_pos=0 queue_size_before=0
[MAC 1] Cancel queued acknowledged frame neighbor=2 seq=91 baseSeq=91 windowIndex=0
[HOP 1] link_control dest=2 neighborKnown=0 speed=8 txPower=30 rxPower=-105
[HOP 1] Pending DATA increment dest=2 pending=92
[HOP 1] GLOBAL HOP CONGESTED pending=92 threshold=16
[HOP 1] TX Pairwise16 DATA neighbor=2 hopSeq=92 securityCount=1
[MAC] Enqueue TX pkt dscp=5 insert_pos=0 queue_size_before=0
[MAC 1] Cancel queued acknowledged frame neighbor=2 seq=92 baseSeq=92 windowIndex=0
[HOP 1] link_control dest=2 neighborKnown=0 speed=8 txPower=30 rxPower=-105
[HOP 1] Pending DATA increment dest=2 pending=93
[HOP 1] GLOBAL HOP CONGESTED pending=93 threshold=16
[HOP 1] TX Pairwise16 DATA neighbor=2 hopSeq=93 securityCount=1
[MAC] Enqueue TX pkt dscp=5 insert_pos=0 queue_size_before=0
[MAC 1] Cancel queued acknowledged frame neighbor=2 seq=93 baseSeq=93 windowIndex=0
[HOP 1] link_control dest=2 neighborKnown=0 speed=8 txPower=30 rxPower=-105
[HOP 1] Pending DATA increment dest=2 pending=94
[HOP 1] GLOBAL HOP CONGESTED pending=94 threshold=16
[HOP 1] TX Pairwise16 DATA neighbor=2 hopSeq=94 securityCount=1
[MAC] Enqueue TX pkt dscp=5 insert_pos=0 queue_size_before=0
[MAC 1] Cancel queued acknowledged frame neighbor=2 seq=94 baseSeq=94 windowIndex=0
[HOP 1] link_control dest=2 neighborKnown=0 speed=8 txPower=30 rxPower=-105
[HOP 1] Pending DATA increment dest=2 pending=95
[HOP 1] GLOBAL HOP CONGESTED pending=95 threshold=16
[HOP 1] TX Pairwise16 DATA neighbor=2 hopSeq=95 securityCount=1
[MAC] Enqueue TX pkt dscp=5 insert_pos=0 queue_size_before=0
[MAC 1] Cancel queued acknowledged frame neighbor=2 seq=95 baseSeq=95 windowIndex=0
[HOP 1] link_control dest=2 neighborKnown=0 speed=8 txPower=30 rxPower=-105
[HOP 1] Pending DATA increment dest=2 pending=96
[HOP 1] GLOBAL HOP CONGESTED pending=96 threshold=16
[HOP 1] TX Pairwise16 DATA neighbor=2 hopSeq=96 securityCount=1
[MAC] Enqueue TX pkt dscp=5 insert_pos=0 queue_size_before=0
[MAC 1] Cancel queued acknowledged frame neighbor=2 seq=96 baseSeq=96 windowIndex=0
[HOP 1] link_control dest=2 neighborKnown=0 speed=8 txPower=30 rxPower=-105
[HOP 1] Pending DATA increment dest=2 pending=97
[HOP 1] GLOBAL HOP CONGESTED pending=97 threshold=16
[HOP 1] TX Pairwise16 DATA neighbor=2 hopSeq=97 securityCount=1
[MAC] Enqueue TX pkt dscp=5 insert_pos=0 queue_size_before=0
[MAC 1] Cancel queued acknowledged frame neighbor=2 seq=97 baseSeq=97 windowIndex=0
[HOP 1] link_control dest=2 neighborKnown=0 speed=8 txPower=30 rxPower=-105
[HOP 1] Pending DATA increment dest=2 pending=98
[HOP 1] GLOBAL HOP CONGESTED pending=98 threshold=16
[HOP 1] TX Pairwise16 DATA neighbor=2 hopSeq=98 securityCount=1
[MAC] Enqueue TX pkt dscp=5 insert_pos=0 queue_size_before=0
[MAC 1] Cancel queued acknowledged frame neighbor=2 seq=98 baseSeq=98 windowIndex=0
[HOP 1] link_control dest=2 neighborKnown=0 speed=8 txPower=30 rxPower=-105
[HOP 1] Pending DATA increment dest=2 pending=99
[HOP 1] GLOBAL HOP CONGESTED pending=99 threshold=16
[HOP 1] TX Pairwise16 DATA neighbor=2 hopSeq=99 securityCount=1
[MAC] Enqueue TX pkt dscp=5 insert_pos=0 queue_size_before=0
[MAC 1] Cancel queued acknowledged frame neighbor=2 seq=99 baseSeq=99 windowIndex=0
[HOP 1] link_control dest=2 neighborKnown=0 speed=8 txPower=30 rxPower=-105
[HOP 1] Pending DATA increment dest=2 pending=100
[HOP 1] GLOBAL HOP CONGESTED pending=100 threshold=16
[HOP 1] TX Pairwise16 DATA neighbor=2 hopSeq=100 securityCount=1
[MAC] Enqueue TX pkt dscp=5 insert_pos=0 queue_size_before=0
[MAC 1] Cancel queued acknowledged frame neighbor=2 seq=100 baseSeq=100 windowIndex=0
[HOP 1] link_control dest=2 neighborKnown=0 speed=8 txPower=30 rxPower=-105
[HOP 1] Pending DATA increment dest=2 pending=101
[HOP 1] GLOBAL HOP CONGESTED pending=101 threshold=16
[HOP 1] TX Pairwise16 DATA neighbor=2 hopSeq=101 securityCount=1
[MAC] Enqueue TX pkt dscp=5 insert_pos=0 queue_size_before=0
[MAC 1] Cancel queued acknowledged frame neighbor=2 seq=101 baseSeq=101 windowIndex=0
[HOP 1] link_control dest=2 neighborKnown=0 speed=8 txPower=30 rxPower=-105
[HOP 1] Pending DATA increment dest=2 pending=102
[HOP 1] GLOBAL HOP CONGESTED pending=102 threshold=16
[HOP 1] TX Pairwise16 DATA neighbor=2 hopSeq=102 securityCount=1
[MAC] Enqueue TX pkt dscp=5 insert_pos=0 queue_size_before=0
[MAC 1] Cancel queued acknowledged frame neighbor=2 seq=102 baseSeq=102 windowIndex=0
[HOP 1] link_control dest=2 neighborKnown=0 speed=8 txPower=30 rxPower=-105
[HOP 1] Pending DATA increment dest=2 pending=103
[HOP 1] GLOBAL HOP CONGESTED pending=103 threshold=16
[HOP 1] TX Pairwise16 DATA neighbor=2 hopSeq=103 securityCount=1
[MAC] Enqueue TX pkt dscp=5 insert_pos=0 queue_size_before=0
[MAC 1] Cancel queued acknowledged frame neighbor=2 seq=103 baseSeq=103 windowIndex=0
[HOP 1] link_control dest=2 neighborKnown=0 speed=8 txPower=30 rxPower=-105
[HOP 1] Pending DATA increment dest=2 pending=104
[HOP 1] GLOBAL HOP CONGESTED pending=104 threshold=16
[HOP 1] TX Pairwise16 DATA neighbor=2 hopSeq=104 securityCount=1
[MAC] Enqueue TX pkt dscp=5 insert_pos=0 queue_size_before=0
[MAC 1] Cancel queued acknowledged frame neighbor=2 seq=104 baseSeq=104 windowIndex=0
[HOP 1] link_control dest=2 neighborKnown=0 speed=8 txPower=30 rxPower=-105
[HOP 1] Pending DATA increment dest=2 pending=105
[HOP 1] GLOBAL HOP CONGESTED pending=105 threshold=16
[HOP 1] TX Pairwise16 DATA neighbor=2 hopSeq=105 securityCount=1
[MAC] Enqueue TX pkt dscp=5 insert_pos=0 queue_size_before=0
[MAC 1] Cancel queued acknowledged frame neighbor=2 seq=105 baseSeq=105 windowIndex=0
[HOP 1] link_control dest=2 neighborKnown=0 speed=8 txPower=30 rxPower=-105
[HOP 1] Pending DATA increment dest=2 pending=106
[HOP 1] GLOBAL HOP CONGESTED pending=106 threshold=16
[HOP 1] TX Pairwise16 DATA neighbor=2 hopSeq=106 securityCount=1
[MAC] Enqueue TX pkt dscp=5 insert_pos=0 queue_size_before=0
[MAC 1] Cancel queued acknowledged frame neighbor=2 seq=106 baseSeq=106 windowIndex=0
[HOP 1] link_control dest=2 neighborKnown=0 speed=8 txPower=30 rxPower=-105
[HOP 1] Pending DATA increment dest=2 pending=107
[HOP 1] GLOBAL HOP CONGESTED pending=107 threshold=16
[HOP 1] TX Pairwise16 DATA neighbor=2 hopSeq=107 securityCount=1
[MAC] Enqueue TX pkt dscp=5 insert_pos=0 queue_size_before=0
[MAC 1] Cancel queued acknowledged frame neighbor=2 seq=107 baseSeq=107 windowIndex=0
[HOP 1] link_control dest=2 neighborKnown=0 speed=8 txPower=30 rxPower=-105
[HOP 1] Pending DATA increment dest=2 pending=108
[HOP 1] GLOBAL HOP CONGESTED pending=108 threshold=16
[HOP 1] TX Pairwise16 DATA neighbor=2 hopSeq=108 securityCount=1
[MAC] Enqueue TX pkt dscp=5 insert_pos=0 queue_size_before=0
[MAC 1] Cancel queued acknowledged frame neighbor=2 seq=108 baseSeq=108 windowIndex=0
[HOP 1] link_control dest=2 neighborKnown=0 speed=8 txPower=30 rxPower=-105
[HOP 1] Pending DATA increment dest=2 pending=109
[HOP 1] GLOBAL HOP CONGESTED pending=109 threshold=16
[HOP 1] TX Pairwise16 DATA neighbor=2 hopSeq=109 securityCount=1
[MAC] Enqueue TX pkt dscp=5 insert_pos=0 queue_size_before=0
[MAC 1] Cancel queued acknowledged frame neighbor=2 seq=109 baseSeq=109 windowIndex=0
[HOP 1] link_control dest=2 neighborKnown=0 speed=8 txPower=30 rxPower=-105
[HOP 1] Pending DATA increment dest=2 pending=110
[HOP 1] GLOBAL HOP CONGESTED pending=110 threshold=16
[HOP 1] TX Pairwise16 DATA neighbor=2 hopSeq=110 securityCount=1
[MAC] Enqueue TX pkt dscp=5 insert_pos=0 queue_size_before=0
[MAC 1] Cancel queued acknowledged frame neighbor=2 seq=110 baseSeq=110 windowIndex=0
[HOP 1] link_control dest=2 neighborKnown=0 speed=8 txPower=30 rxPower=-105
[HOP 1] Pending DATA increment dest=2 pending=111
[HOP 1] GLOBAL HOP CONGESTED pending=111 threshold=16
[HOP 1] TX Pairwise16 DATA neighbor=2 hopSeq=111 securityCount=1
[MAC] Enqueue TX pkt dscp=5 insert_pos=0 queue_size_before=0
[MAC 1] Cancel queued acknowledged frame neighbor=2 seq=111 baseSeq=111 windowIndex=0
[HOP 1] link_control dest=2 neighborKnown=0 speed=8 txPower=30 rxPower=-105
[HOP 1] Pending DATA increment dest=2 pending=112
[HOP 1] GLOBAL HOP CONGESTED pending=112 threshold=16
[HOP 1] TX Pairwise16 DATA neighbor=2 hopSeq=112 securityCount=1
[MAC] Enqueue TX pkt dscp=5 insert_pos=0 queue_size_before=0
[MAC 1] Cancel queued acknowledged frame neighbor=2 seq=112 baseSeq=112 windowIndex=0
[HOP 1] link_control dest=2 neighborKnown=0 speed=8 txPower=30 rxPower=-105
[HOP 1] Pending DATA increment dest=2 pending=113
[HOP 1] GLOBAL HOP CONGESTED pending=113 threshold=16
[HOP 1] TX Pairwise16 DATA neighbor=2 hopSeq=113 securityCount=1
[MAC] Enqueue TX pkt dscp=5 insert_pos=0 queue_size_before=0
[MAC 1] Cancel queued acknowledged frame neighbor=2 seq=113 baseSeq=113 windowIndex=0
[HOP 1] link_control dest=2 neighborKnown=0 speed=8 txPower=30 rxPower=-105
[HOP 1] Pending DATA increment dest=2 pending=114
[HOP 1] GLOBAL HOP CONGESTED pending=114 threshold=16
[HOP 1] TX Pairwise16 DATA neighbor=2 hopSeq=114 securityCount=1
[MAC] Enqueue TX pkt dscp=5 insert_pos=0 queue_size_before=0
[MAC 1] Cancel queued acknowledged frame neighbor=2 seq=114 baseSeq=114 windowIndex=0
[HOP 1] link_control dest=2 neighborKnown=0 speed=8 txPower=30 rxPower=-105
[HOP 1] Pending DATA increment dest=2 pending=115
[HOP 1] GLOBAL HOP CONGESTED pending=115 threshold=16
[HOP 1] TX Pairwise16 DATA neighbor=2 hopSeq=115 securityCount=1
[MAC] Enqueue TX pkt dscp=5 insert_pos=0 queue_size_before=0
[MAC 1] Cancel queued acknowledged frame neighbor=2 seq=115 baseSeq=115 windowIndex=0
[HOP 1] link_control dest=2 neighborKnown=0 speed=8 txPower=30 rxPower=-105
[HOP 1] Pending DATA increment dest=2 pending=116
[HOP 1] GLOBAL HOP CONGESTED pending=116 threshold=16
[HOP 1] TX Pairwise16 DATA neighbor=2 hopSeq=116 securityCount=1
[MAC] Enqueue TX pkt dscp=5 insert_pos=0 queue_size_before=0
[MAC 1] Cancel queued acknowledged frame neighbor=2 seq=116 baseSeq=116 windowIndex=0
[HOP 1] link_control dest=2 neighborKnown=0 speed=8 txPower=30 rxPower=-105
[HOP 1] Pending DATA increment dest=2 pending=117
[HOP 1] GLOBAL HOP CONGESTED pending=117 threshold=16
[HOP 1] TX Pairwise16 DATA neighbor=2 hopSeq=117 securityCount=1
[MAC] Enqueue TX pkt dscp=5 insert_pos=0 queue_size_before=0
[MAC 1] Cancel queued acknowledged frame neighbor=2 seq=117 baseSeq=117 windowIndex=0
[HOP 1] link_control dest=2 neighborKnown=0 speed=8 txPower=30 rxPower=-105
[HOP 1] Pending DATA increment dest=2 pending=118
[HOP 1] GLOBAL HOP CONGESTED pending=118 threshold=16
[HOP 1] TX Pairwise16 DATA neighbor=2 hopSeq=118 securityCount=1
[MAC] Enqueue TX pkt dscp=5 insert_pos=0 queue_size_before=0
[MAC 1] Cancel queued acknowledged frame neighbor=2 seq=118 baseSeq=118 windowIndex=0
[HOP 1] link_control dest=2 neighborKnown=0 speed=8 txPower=30 rxPower=-105
[HOP 1] Pending DATA increment dest=2 pending=119
[HOP 1] GLOBAL HOP CONGESTED pending=119 threshold=16
[HOP 1] TX Pairwise16 DATA neighbor=2 hopSeq=119 securityCount=1
[MAC] Enqueue TX pkt dscp=5 insert_pos=0 queue_size_before=0
[MAC 1] Cancel queued acknowledged frame neighbor=2 seq=119 baseSeq=119 windowIndex=0
[HOP 1] link_control dest=2 neighborKnown=0 speed=8 txPower=30 rxPower=-105
[HOP 1] Pending DATA increment dest=2 pending=120
[HOP 1] GLOBAL HOP CONGESTED pending=120 threshold=16
[HOP 1] TX Pairwise16 DATA neighbor=2 hopSeq=120 securityCount=1
[MAC] Enqueue TX pkt dscp=5 insert_pos=0 queue_size_before=0
[MAC 1] Cancel queued acknowledged frame neighbor=2 seq=120 baseSeq=120 windowIndex=0
[HOP 1] link_control dest=2 neighborKnown=0 speed=8 txPower=30 rxPower=-105
[HOP 1] Pending DATA increment dest=2 pending=121
[HOP 1] GLOBAL HOP CONGESTED pending=121 threshold=16
[HOP 1] TX Pairwise16 DATA neighbor=2 hopSeq=121 securityCount=1
[MAC] Enqueue TX pkt dscp=5 insert_pos=0 queue_size_before=0
[MAC 1] Cancel queued acknowledged frame neighbor=2 seq=121 baseSeq=121 windowIndex=0
[HOP 1] link_control dest=2 neighborKnown=0 speed=8 txPower=30 rxPower=-105
[HOP 1] Pending DATA increment dest=2 pending=122
[HOP 1] GLOBAL HOP CONGESTED pending=122 threshold=16
[HOP 1] TX Pairwise16 DATA neighbor=2 hopSeq=122 securityCount=1
[MAC] Enqueue TX pkt dscp=5 insert_pos=0 queue_size_before=0
[MAC 1] Cancel queued acknowledged frame neighbor=2 seq=122 baseSeq=122 windowIndex=0
[HOP 1] link_control dest=2 neighborKnown=0 speed=8 txPower=30 rxPower=-105
[HOP 1] Pending DATA increment dest=2 pending=123
[HOP 1] GLOBAL HOP CONGESTED pending=123 threshold=16
[HOP 1] TX Pairwise16 DATA neighbor=2 hopSeq=123 securityCount=1
[MAC] Enqueue TX pkt dscp=5 insert_pos=0 queue_size_before=0
[MAC 1] Cancel queued acknowledged frame neighbor=2 seq=123 baseSeq=123 windowIndex=0
[HOP 1] link_control dest=2 neighborKnown=0 speed=8 txPower=30 rxPower=-105
[HOP 1] Pending DATA increment dest=2 pending=124
[HOP 1] GLOBAL HOP CONGESTED pending=124 threshold=16
[HOP 1] TX Pairwise16 DATA neighbor=2 hopSeq=124 securityCount=1
[MAC] Enqueue TX pkt dscp=5 insert_pos=0 queue_size_before=0
[MAC 1] Cancel queued acknowledged frame neighbor=2 seq=124 baseSeq=124 windowIndex=0
[HOP 1] link_control dest=2 neighborKnown=0 speed=8 txPower=30 rxPower=-105
[HOP 1] Pending DATA increment dest=2 pending=125
[HOP 1] GLOBAL HOP CONGESTED pending=125 threshold=16
[HOP 1] TX Pairwise16 DATA neighbor=2 hopSeq=125 securityCount=1
[MAC] Enqueue TX pkt dscp=5 insert_pos=0 queue_size_before=0
[MAC 1] Cancel queued acknowledged frame neighbor=2 seq=125 baseSeq=125 windowIndex=0
[HOP 1] link_control dest=2 neighborKnown=0 speed=8 txPower=30 rxPower=-105
[HOP 1] Pending DATA increment dest=2 pending=126
[HOP 1] GLOBAL HOP CONGESTED pending=126 threshold=16
[HOP 1] TX Pairwise16 DATA neighbor=2 hopSeq=126 securityCount=1
[MAC] Enqueue TX pkt dscp=5 insert_pos=0 queue_size_before=0
[MAC 1] Cancel queued acknowledged frame neighbor=2 seq=126 baseSeq=126 windowIndex=0
[HOP 1] link_control dest=2 neighborKnown=0 speed=8 txPower=30 rxPower=-105
[HOP 1] Pending DATA increment dest=2 pending=127
[HOP 1] GLOBAL HOP CONGESTED pending=127 threshold=16
[HOP 1] TX Pairwise16 DATA neighbor=2 hopSeq=127 securityCount=1
[MAC] Enqueue TX pkt dscp=5 insert_pos=0 queue_size_before=0
[MAC 1] Cancel queued acknowledged frame neighbor=2 seq=127 baseSeq=127 windowIndex=0
[HOP 1] link_control dest=2 neighborKnown=0 speed=8 txPower=30 rxPower=-105
[HOP 1] Pending DATA increment dest=2 pending=128
[HOP 1] GLOBAL HOP CONGESTED pending=128 threshold=16
[HOP 1] TX Pairwise16 DATA neighbor=2 hopSeq=128 securityCount=1
[MAC] Enqueue TX pkt dscp=5 insert_pos=0 queue_size_before=0
[MAC 1] Cancel queued acknowledged frame neighbor=2 seq=128 baseSeq=128 windowIndex=0
[HOP 1] link_control dest=2 neighborKnown=0 speed=8 txPower=30 rxPower=-105
[HOP 1] Pending DATA increment dest=2 pending=129
[HOP 1] GLOBAL HOP CONGESTED pending=129 threshold=16
[HOP 1] TX Pairwise16 DATA neighbor=2 hopSeq=129 securityCount=1
[MAC] Enqueue TX pkt dscp=5 insert_pos=0 queue_size_before=0
[MAC 1] Cancel queued acknowledged frame neighbor=2 seq=129 baseSeq=129 windowIndex=0
[HOP 1] link_control dest=2 neighborKnown=0 speed=8 txPower=30 rxPower=-105
[HOP 1] Pending DATA increment dest=2 pending=130
[HOP 1] GLOBAL HOP CONGESTED pending=130 threshold=16
[HOP 1] TX Pairwise16 DATA neighbor=2 hopSeq=130 securityCount=1
[MAC] Enqueue TX pkt dscp=5 insert_pos=0 queue_size_before=0
[MAC 1] Cancel queued acknowledged frame neighbor=2 seq=130 baseSeq=130 windowIndex=0
[HOP 1] link_control dest=2 neighborKnown=0 speed=8 txPower=30 rxPower=-105
[HOP 1] Pending DATA increment dest=2 pending=131
[HOP 1] GLOBAL HOP CONGESTED pending=131 threshold=16
[HOP 1] TX Pairwise16 DATA neighbor=2 hopSeq=131 securityCount=1
[MAC] Enqueue TX pkt dscp=5 insert_pos=0 queue_size_before=0
[MAC 1] Cancel queued acknowledged frame neighbor=2 seq=131 baseSeq=131 windowIndex=0
[HOP 1] link_control dest=2 neighborKnown=0 speed=8 txPower=30 rxPower=-105
[HOP 1] Pending DATA increment dest=2 pending=132
[HOP 1] GLOBAL HOP CONGESTED pending=132 threshold=16
[HOP 1] TX Pairwise16 DATA neighbor=2 hopSeq=132 securityCount=1
[MAC] Enqueue TX pkt dscp=5 insert_pos=0 queue_size_before=0
[MAC 1] Cancel queued acknowledged frame neighbor=2 seq=132 baseSeq=132 windowIndex=0
[HOP 1] link_control dest=2 neighborKnown=0 speed=8 txPower=30 rxPower=-105
[HOP 1] Pending DATA increment dest=2 pending=133
[HOP 1] GLOBAL HOP CONGESTED pending=133 threshold=16
[HOP 1] TX Pairwise16 DATA neighbor=2 hopSeq=133 securityCount=1
[MAC] Enqueue TX pkt dscp=5 insert_pos=0 queue_size_before=0
[MAC 1] Cancel queued acknowledged frame neighbor=2 seq=133 baseSeq=133 windowIndex=0
[HOP 1] link_control dest=2 neighborKnown=0 speed=8 txPower=30 rxPower=-105
[HOP 1] Pending DATA increment dest=2 pending=134
[HOP 1] GLOBAL HOP CONGESTED pending=134 threshold=16
[HOP 1] TX Pairwise16 DATA neighbor=2 hopSeq=134 securityCount=1
[MAC] Enqueue TX pkt dscp=5 insert_pos=0 queue_size_before=0
[MAC 1] Cancel queued acknowledged frame neighbor=2 seq=134 baseSeq=134 windowIndex=0
[HOP 1] link_control dest=2 neighborKnown=0 speed=8 txPower=30 rxPower=-105
[HOP 1] Pending DATA increment dest=2 pending=135
[HOP 1] GLOBAL HOP CONGESTED pending=135 threshold=16
[HOP 1] TX Pairwise16 DATA neighbor=2 hopSeq=135 securityCount=1
[MAC] Enqueue TX pkt dscp=5 insert_pos=0 queue_size_before=0
[MAC 1] Cancel queued acknowledged frame neighbor=2 seq=135 baseSeq=135 windowIndex=0
[HOP 1] link_control dest=2 neighborKnown=0 speed=8 txPower=30 rxPower=-105
[HOP 1] Pending DATA increment dest=2 pending=136
[HOP 1] GLOBAL HOP CONGESTED pending=136 threshold=16
[HOP 1] TX Pairwise16 DATA neighbor=2 hopSeq=136 securityCount=1
[MAC] Enqueue TX pkt dscp=5 insert_pos=0 queue_size_before=0
[MAC 1] Cancel queued acknowledged frame neighbor=2 seq=136 baseSeq=136 windowIndex=0
[HOP 1] link_control dest=2 neighborKnown=0 speed=8 txPower=30 rxPower=-105
[HOP 1] Pending DATA increment dest=2 pending=137
[HOP 1] GLOBAL HOP CONGESTED pending=137 threshold=16
[HOP 1] TX Pairwise16 DATA neighbor=2 hopSeq=137 securityCount=1
[MAC] Enqueue TX pkt dscp=5 insert_pos=0 queue_size_before=0
[MAC 1] Cancel queued acknowledged frame neighbor=2 seq=137 baseSeq=137 windowIndex=0
[HOP 1] link_control dest=2 neighborKnown=0 speed=8 txPower=30 rxPower=-105
[HOP 1] Pending DATA increment dest=2 pending=138
[HOP 1] GLOBAL HOP CONGESTED pending=138 threshold=16
[HOP 1] TX Pairwise16 DATA neighbor=2 hopSeq=138 securityCount=1
[MAC] Enqueue TX pkt dscp=5 insert_pos=0 queue_size_before=0
[MAC 1] Cancel queued acknowledged frame neighbor=2 seq=138 baseSeq=138 windowIndex=0
[HOP 1] link_control dest=2 neighborKnown=0 speed=8 txPower=30 rxPower=-105
[HOP 1] Pending DATA increment dest=2 pending=139
[HOP 1] GLOBAL HOP CONGESTED pending=139 threshold=16
[HOP 1] TX Pairwise16 DATA neighbor=2 hopSeq=139 securityCount=1
[MAC] Enqueue TX pkt dscp=5 insert_pos=0 queue_size_before=0
[MAC 1] Cancel queued acknowledged frame neighbor=2 seq=139 baseSeq=139 windowIndex=0
[HOP 1] link_control dest=2 neighborKnown=0 speed=8 txPower=30 rxPower=-105
[HOP 1] Pending DATA increment dest=2 pending=140
[HOP 1] GLOBAL HOP CONGESTED pending=140 threshold=16
[HOP 1] TX Pairwise16 DATA neighbor=2 hopSeq=140 securityCount=1
[MAC] Enqueue TX pkt dscp=5 insert_pos=0 queue_size_before=0
[MAC 1] Cancel queued acknowledged frame neighbor=2 seq=140 baseSeq=140 windowIndex=0
[HOP 1] link_control dest=2 neighborKnown=0 speed=8 txPower=30 rxPower=-105
[HOP 1] Pending DATA increment dest=2 pending=141
[HOP 1] GLOBAL HOP CONGESTED pending=141 threshold=16
[HOP 1] TX Pairwise16 DATA neighbor=2 hopSeq=141 securityCount=1
[MAC] Enqueue TX pkt dscp=5 insert_pos=0 queue_size_before=0
[MAC 1] Cancel queued acknowledged frame neighbor=2 seq=141 baseSeq=141 windowIndex=0
[HOP 1] link_control dest=2 neighborKnown=0 speed=8 txPower=30 rxPower=-105
[HOP 1] Pending DATA increment dest=2 pending=142
[HOP 1] GLOBAL HOP CONGESTED pending=142 threshold=16
[HOP 1] TX Pairwise16 DATA neighbor=2 hopSeq=142 securityCount=1
[MAC] Enqueue TX pkt dscp=5 insert_pos=0 queue_size_before=0
[MAC 1] Cancel queued acknowledged frame neighbor=2 seq=142 baseSeq=142 windowIndex=0
[HOP 1] link_control dest=2 neighborKnown=0 speed=8 txPower=30 rxPower=-105
[HOP 1] Pending DATA increment dest=2 pending=143
[HOP 1] GLOBAL HOP CONGESTED pending=143 threshold=16
[HOP 1] TX Pairwise16 DATA neighbor=2 hopSeq=143 securityCount=1
[MAC] Enqueue TX pkt dscp=5 insert_pos=0 queue_size_before=0
[MAC 1] Cancel queued acknowledged frame neighbor=2 seq=143 baseSeq=143 windowIndex=0
[HOP 1] link_control dest=2 neighborKnown=0 speed=8 txPower=30 rxPower=-105
[HOP 1] Pending DATA increment dest=2 pending=144
[HOP 1] GLOBAL HOP CONGESTED pending=144 threshold=16
[HOP 1] TX Pairwise16 DATA neighbor=2 hopSeq=144 securityCount=1
[MAC] Enqueue TX pkt dscp=5 insert_pos=0 queue_size_before=0
[MAC 1] Cancel queued acknowledged frame neighbor=2 seq=144 baseSeq=144 windowIndex=0
[HOP 1] link_control dest=2 neighborKnown=0 speed=8 txPower=30 rxPower=-105
[HOP 1] Pending DATA increment dest=2 pending=145
[HOP 1] GLOBAL HOP CONGESTED pending=145 threshold=16
[HOP 1] TX Pairwise16 DATA neighbor=2 hopSeq=145 securityCount=1
[MAC] Enqueue TX pkt dscp=5 insert_pos=0 queue_size_before=0
[MAC 1] Cancel queued acknowledged frame neighbor=2 seq=145 baseSeq=145 windowIndex=0
[HOP 1] link_control dest=2 neighborKnown=0 speed=8 txPower=30 rxPower=-105
[HOP 1] Pending DATA increment dest=2 pending=146
[HOP 1] GLOBAL HOP CONGESTED pending=146 threshold=16
[HOP 1] TX Pairwise16 DATA neighbor=2 hopSeq=146 securityCount=1
[MAC] Enqueue TX pkt dscp=5 insert_pos=0 queue_size_before=0
[MAC 1] Cancel queued acknowledged frame neighbor=2 seq=146 baseSeq=146 windowIndex=0
[HOP 1] link_control dest=2 neighborKnown=0 speed=8 txPower=30 rxPower=-105
[HOP 1] Pending DATA increment dest=2 pending=147
[HOP 1] GLOBAL HOP CONGESTED pending=147 threshold=16
[HOP 1] TX Pairwise16 DATA neighbor=2 hopSeq=147 securityCount=1
[MAC] Enqueue TX pkt dscp=5 insert_pos=0 queue_size_before=0
[MAC 1] Cancel queued acknowledged frame neighbor=2 seq=147 baseSeq=147 windowIndex=0
[HOP 1] link_control dest=2 neighborKnown=0 speed=8 txPower=30 rxPower=-105
[HOP 1] Pending DATA increment dest=2 pending=148
[HOP 1] GLOBAL HOP CONGESTED pending=148 threshold=16
[HOP 1] TX Pairwise16 DATA neighbor=2 hopSeq=148 securityCount=1
[MAC] Enqueue TX pkt dscp=5 insert_pos=0 queue_size_before=0
[MAC 1] Cancel queued acknowledged frame neighbor=2 seq=148 baseSeq=148 windowIndex=0
[HOP 1] link_control dest=2 neighborKnown=0 speed=8 txPower=30 rxPower=-105
[HOP 1] Pending DATA increment dest=2 pending=149
[HOP 1] GLOBAL HOP CONGESTED pending=149 threshold=16
[HOP 1] TX Pairwise16 DATA neighbor=2 hopSeq=149 securityCount=1
[MAC] Enqueue TX pkt dscp=5 insert_pos=0 queue_size_before=0
[MAC 1] Cancel queued acknowledged frame neighbor=2 seq=149 baseSeq=149 windowIndex=0
[HOP 1] link_control dest=2 neighborKnown=0 speed=8 txPower=30 rxPower=-105
[HOP 1] Pending DATA increment dest=2 pending=150
[HOP 1] GLOBAL HOP CONGESTED pending=150 threshold=16
[HOP 1] TX Pairwise16 DATA neighbor=2 hopSeq=150 securityCount=1
[MAC] Enqueue TX pkt dscp=5 insert_pos=0 queue_size_before=0
[MAC 1] Cancel queued acknowledged frame neighbor=2 seq=150 baseSeq=150 windowIndex=0
[HOP 1] link_control dest=2 neighborKnown=0 speed=8 txPower=30 rxPower=-105
[HOP 1] Pending DATA increment dest=2 pending=151
[HOP 1] GLOBAL HOP CONGESTED pending=151 threshold=16
[HOP 1] TX Pairwise16 DATA neighbor=2 hopSeq=151 securityCount=1
[MAC] Enqueue TX pkt dscp=5 insert_pos=0 queue_size_before=0
[MAC 1] Cancel queued acknowledged frame neighbor=2 seq=151 baseSeq=151 windowIndex=0
[HOP 1] link_control dest=2 neighborKnown=0 speed=8 txPower=30 rxPower=-105
[HOP 1] Pending DATA increment dest=2 pending=152
[HOP 1] GLOBAL HOP CONGESTED pending=152 threshold=16
[HOP 1] TX Pairwise16 DATA neighbor=2 hopSeq=152 securityCount=1
[MAC] Enqueue TX pkt dscp=5 insert_pos=0 queue_size_before=0
[MAC 1] Cancel queued acknowledged frame neighbor=2 seq=152 baseSeq=152 windowIndex=0
[HOP 1] link_control dest=2 neighborKnown=0 speed=8 txPower=30 rxPower=-105
[HOP 1] Pending DATA increment dest=2 pending=153
[HOP 1] GLOBAL HOP CONGESTED pending=153 threshold=16
[HOP 1] TX Pairwise16 DATA neighbor=2 hopSeq=153 securityCount=1
[MAC] Enqueue TX pkt dscp=5 insert_pos=0 queue_size_before=0
[MAC 1] Cancel queued acknowledged frame neighbor=2 seq=153 baseSeq=153 windowIndex=0
[HOP 1] link_control dest=2 neighborKnown=0 speed=8 txPower=30 rxPower=-105
[HOP 1] Pending DATA increment dest=2 pending=154
[HOP 1] GLOBAL HOP CONGESTED pending=154 threshold=16
[HOP 1] TX Pairwise16 DATA neighbor=2 hopSeq=154 securityCount=1
[MAC] Enqueue TX pkt dscp=5 insert_pos=0 queue_size_before=0
[MAC 1] Cancel queued acknowledged frame neighbor=2 seq=154 baseSeq=154 windowIndex=0
[HOP 1] link_control dest=2 neighborKnown=0 speed=8 txPower=30 rxPower=-105
[HOP 1] Pending DATA increment dest=2 pending=155
[HOP 1] GLOBAL HOP CONGESTED pending=155 threshold=16
[HOP 1] TX Pairwise16 DATA neighbor=2 hopSeq=155 securityCount=1
[MAC] Enqueue TX pkt dscp=5 insert_pos=0 queue_size_before=0
[MAC 1] Cancel queued acknowledged frame neighbor=2 seq=155 baseSeq=155 windowIndex=0
[HOP 1] link_control dest=2 neighborKnown=0 speed=8 txPower=30 rxPower=-105
[HOP 1] Pending DATA increment dest=2 pending=156
[HOP 1] GLOBAL HOP CONGESTED pending=156 threshold=16
[HOP 1] TX Pairwise16 DATA neighbor=2 hopSeq=156 securityCount=1
[MAC] Enqueue TX pkt dscp=5 insert_pos=0 queue_size_before=0
[MAC 1] Cancel queued acknowledged frame neighbor=2 seq=156 baseSeq=156 windowIndex=0
[HOP 1] link_control dest=2 neighborKnown=0 speed=8 txPower=30 rxPower=-105
[HOP 1] Pending DATA increment dest=2 pending=157
[HOP 1] GLOBAL HOP CONGESTED pending=157 threshold=16
[HOP 1] TX Pairwise16 DATA neighbor=2 hopSeq=157 securityCount=1
[MAC] Enqueue TX pkt dscp=5 insert_pos=0 queue_size_before=0
[MAC 1] Cancel queued acknowledged frame neighbor=2 seq=157 baseSeq=157 windowIndex=0
[HOP 1] link_control dest=2 neighborKnown=0 speed=8 txPower=30 rxPower=-105
[HOP 1] Pending DATA increment dest=2 pending=158
[HOP 1] GLOBAL HOP CONGESTED pending=158 threshold=16
[HOP 1] TX Pairwise16 DATA neighbor=2 hopSeq=158 securityCount=1
[MAC] Enqueue TX pkt dscp=5 insert_pos=0 queue_size_before=0
[MAC 1] Cancel queued acknowledged frame neighbor=2 seq=158 baseSeq=158 windowIndex=0
[HOP 1] link_control dest=2 neighborKnown=0 speed=8 txPower=30 rxPower=-105
[HOP 1] Pending DATA increment dest=2 pending=159
[HOP 1] GLOBAL HOP CONGESTED pending=159 threshold=16
[HOP 1] TX Pairwise16 DATA neighbor=2 hopSeq=159 securityCount=1
[MAC] Enqueue TX pkt dscp=5 insert_pos=0 queue_size_before=0
[MAC 1] Cancel queued acknowledged frame neighbor=2 seq=159 baseSeq=159 windowIndex=0
[HOP 1] link_control dest=2 neighborKnown=0 speed=8 txPower=30 rxPower=-105
[HOP 1] Pending DATA increment dest=2 pending=160
[HOP 1] GLOBAL HOP CONGESTED pending=160 threshold=16
[HOP 1] TX Pairwise16 DATA neighbor=2 hopSeq=160 securityCount=1
[MAC] Enqueue TX pkt dscp=5 insert_pos=0 queue_size_before=0
[MAC 1] Cancel queued acknowledged frame neighbor=2 seq=160 baseSeq=160 windowIndex=0
[HOP 1] link_control dest=2 neighborKnown=0 speed=8 txPower=30 rxPower=-105
[HOP 1] Pending DATA increment dest=2 pending=161
[HOP 1] GLOBAL HOP CONGESTED pending=161 threshold=16
[HOP 1] TX Pairwise16 DATA neighbor=2 hopSeq=161 securityCount=1
[MAC] Enqueue TX pkt dscp=5 insert_pos=0 queue_size_before=0
[MAC 1] Cancel queued acknowledged frame neighbor=2 seq=161 baseSeq=161 windowIndex=0
[HOP 1] link_control dest=2 neighborKnown=0 speed=8 txPower=30 rxPower=-105
[HOP 1] Pending DATA increment dest=2 pending=162
[HOP 1] GLOBAL HOP CONGESTED pending=162 threshold=16
[HOP 1] TX Pairwise16 DATA neighbor=2 hopSeq=162 securityCount=1
[MAC] Enqueue TX pkt dscp=5 insert_pos=0 queue_size_before=0
[MAC 1] Cancel queued acknowledged frame neighbor=2 seq=162 baseSeq=162 windowIndex=0
[HOP 1] link_control dest=2 neighborKnown=0 speed=8 txPower=30 rxPower=-105
[HOP 1] Pending DATA increment dest=2 pending=163
[HOP 1] GLOBAL HOP CONGESTED pending=163 threshold=16
[HOP 1] TX Pairwise16 DATA neighbor=2 hopSeq=163 securityCount=1
[MAC] Enqueue TX pkt dscp=5 insert_pos=0 queue_size_before=0
[MAC 1] Cancel queued acknowledged frame neighbor=2 seq=163 baseSeq=163 windowIndex=0
[HOP 1] link_control dest=2 neighborKnown=0 speed=8 txPower=30 rxPower=-105
[HOP 1] Pending DATA increment dest=2 pending=164
[HOP 1] GLOBAL HOP CONGESTED pending=164 threshold=16
[HOP 1] TX Pairwise16 DATA neighbor=2 hopSeq=164 securityCount=1
[MAC] Enqueue TX pkt dscp=5 insert_pos=0 queue_size_before=0
[MAC 1] Cancel queued acknowledged frame neighbor=2 seq=164 baseSeq=164 windowIndex=0
[HOP 1] link_control dest=2 neighborKnown=0 speed=8 txPower=30 rxPower=-105
[HOP 1] Pending DATA increment dest=2 pending=165
[HOP 1] GLOBAL HOP CONGESTED pending=165 threshold=16
[HOP 1] TX Pairwise16 DATA neighbor=2 hopSeq=165 securityCount=1
[MAC] Enqueue TX pkt dscp=5 insert_pos=0 queue_size_before=0
[MAC 1] Cancel queued acknowledged frame neighbor=2 seq=165 baseSeq=165 windowIndex=0
[HOP 1] link_control dest=2 neighborKnown=0 speed=8 txPower=30 rxPower=-105
[HOP 1] Pending DATA increment dest=2 pending=166
[HOP 1] GLOBAL HOP CONGESTED pending=166 threshold=16
[HOP 1] TX Pairwise16 DATA neighbor=2 hopSeq=166 securityCount=1
[MAC] Enqueue TX pkt dscp=5 insert_pos=0 queue_size_before=0
[MAC 1] Cancel queued acknowledged frame neighbor=2 seq=166 baseSeq=166 windowIndex=0
[HOP 1] link_control dest=2 neighborKnown=0 speed=8 txPower=30 rxPower=-105
[HOP 1] Pending DATA increment dest=2 pending=167
[HOP 1] GLOBAL HOP CONGESTED pending=167 threshold=16
[HOP 1] TX Pairwise16 DATA neighbor=2 hopSeq=167 securityCount=1
[MAC] Enqueue TX pkt dscp=5 insert_pos=0 queue_size_before=0
[MAC 1] Cancel queued acknowledged frame neighbor=2 seq=167 baseSeq=167 windowIndex=0
[HOP 1] link_control dest=2 neighborKnown=0 speed=8 txPower=30 rxPower=-105
[HOP 1] Pending DATA increment dest=2 pending=168
[HOP 1] GLOBAL HOP CONGESTED pending=168 threshold=16
[HOP 1] TX Pairwise16 DATA neighbor=2 hopSeq=168 securityCount=1
[MAC] Enqueue TX pkt dscp=5 insert_pos=0 queue_size_before=0
[MAC 1] Cancel queued acknowledged frame neighbor=2 seq=168 baseSeq=168 windowIndex=0
[HOP 1] link_control dest=2 neighborKnown=0 speed=8 txPower=30 rxPower=-105
[HOP 1] Pending DATA increment dest=2 pending=169
[HOP 1] GLOBAL HOP CONGESTED pending=169 threshold=16
[HOP 1] TX Pairwise16 DATA neighbor=2 hopSeq=169 securityCount=1
[MAC] Enqueue TX pkt dscp=5 insert_pos=0 queue_size_before=0
[MAC 1] Cancel queued acknowledged frame neighbor=2 seq=169 baseSeq=169 windowIndex=0
[HOP 1] link_control dest=2 neighborKnown=0 speed=8 txPower=30 rxPower=-105
[HOP 1] Pending DATA increment dest=2 pending=170
[HOP 1] GLOBAL HOP CONGESTED pending=170 threshold=16
[HOP 1] TX Pairwise16 DATA neighbor=2 hopSeq=170 securityCount=1
[MAC] Enqueue TX pkt dscp=5 insert_pos=0 queue_size_before=0
[MAC 1] Cancel queued acknowledged frame neighbor=2 seq=170 baseSeq=170 windowIndex=0
[HOP 1] link_control dest=2 neighborKnown=0 speed=8 txPower=30 rxPower=-105
[HOP 1] Pending DATA increment dest=2 pending=171
[HOP 1] GLOBAL HOP CONGESTED pending=171 threshold=16
[HOP 1] TX Pairwise16 DATA neighbor=2 hopSeq=171 securityCount=1
[MAC] Enqueue TX pkt dscp=5 insert_pos=0 queue_size_before=0
[MAC 1] Cancel queued acknowledged frame neighbor=2 seq=171 baseSeq=171 windowIndex=0
[HOP 1] link_control dest=2 neighborKnown=0 speed=8 txPower=30 rxPower=-105
[HOP 1] Pending DATA increment dest=2 pending=172
[HOP 1] GLOBAL HOP CONGESTED pending=172 threshold=16
[HOP 1] TX Pairwise16 DATA neighbor=2 hopSeq=172 securityCount=1
[MAC] Enqueue TX pkt dscp=5 insert_pos=0 queue_size_before=0
[MAC 1] Cancel queued acknowledged frame neighbor=2 seq=172 baseSeq=172 windowIndex=0
[HOP 1] link_control dest=2 neighborKnown=0 speed=8 txPower=30 rxPower=-105
[HOP 1] Pending DATA increment dest=2 pending=173
[HOP 1] GLOBAL HOP CONGESTED pending=173 threshold=16
[HOP 1] TX Pairwise16 DATA neighbor=2 hopSeq=173 securityCount=1
[MAC] Enqueue TX pkt dscp=5 insert_pos=0 queue_size_before=0
[MAC 1] Cancel queued acknowledged frame neighbor=2 seq=173 baseSeq=173 windowIndex=0
[HOP 1] link_control dest=2 neighborKnown=0 speed=8 txPower=30 rxPower=-105
[HOP 1] Pending DATA increment dest=2 pending=174
[HOP 1] GLOBAL HOP CONGESTED pending=174 threshold=16
[HOP 1] TX Pairwise16 DATA neighbor=2 hopSeq=174 securityCount=1
[MAC] Enqueue TX pkt dscp=5 insert_pos=0 queue_size_before=0
[MAC 1] Cancel queued acknowledged frame neighbor=2 seq=174 baseSeq=174 windowIndex=0
[HOP 1] link_control dest=2 neighborKnown=0 speed=8 txPower=30 rxPower=-105
[HOP 1] Pending DATA increment dest=2 pending=175
[HOP 1] GLOBAL HOP CONGESTED pending=175 threshold=16
[HOP 1] TX Pairwise16 DATA neighbor=2 hopSeq=175 securityCount=1
[MAC] Enqueue TX pkt dscp=5 insert_pos=0 queue_size_before=0
[MAC 1] Cancel queued acknowledged frame neighbor=2 seq=175 baseSeq=175 windowIndex=0
[HOP 1] link_control dest=2 neighborKnown=0 speed=8 txPower=30 rxPower=-105
[HOP 1] Pending DATA increment dest=2 pending=176
[HOP 1] GLOBAL HOP CONGESTED pending=176 threshold=16
[HOP 1] TX Pairwise16 DATA neighbor=2 hopSeq=176 securityCount=1
[MAC] Enqueue TX pkt dscp=5 insert_pos=0 queue_size_before=0
[MAC 1] Cancel queued acknowledged frame neighbor=2 seq=176 baseSeq=176 windowIndex=0
[HOP 1] link_control dest=2 neighborKnown=0 speed=8 txPower=30 rxPower=-105
[HOP 1] Pending DATA increment dest=2 pending=177
[HOP 1] GLOBAL HOP CONGESTED pending=177 threshold=16
[HOP 1] TX Pairwise16 DATA neighbor=2 hopSeq=177 securityCount=1
[MAC] Enqueue TX pkt dscp=5 insert_pos=0 queue_size_before=0
[MAC 1] Cancel queued acknowledged frame neighbor=2 seq=177 baseSeq=177 windowIndex=0
[HOP 1] link_control dest=2 neighborKnown=0 speed=8 txPower=30 rxPower=-105
[HOP 1] Pending DATA increment dest=2 pending=178
[HOP 1] GLOBAL HOP CONGESTED pending=178 threshold=16
[HOP 1] TX Pairwise16 DATA neighbor=2 hopSeq=178 securityCount=1
[MAC] Enqueue TX pkt dscp=5 insert_pos=0 queue_size_before=0
[MAC 1] Cancel queued acknowledged frame neighbor=2 seq=178 baseSeq=178 windowIndex=0
[HOP 1] link_control dest=2 neighborKnown=0 speed=8 txPower=30 rxPower=-105
[HOP 1] Pending DATA increment dest=2 pending=179
[HOP 1] GLOBAL HOP CONGESTED pending=179 threshold=16
[HOP 1] TX Pairwise16 DATA neighbor=2 hopSeq=179 securityCount=1
[MAC] Enqueue TX pkt dscp=5 insert_pos=0 queue_size_before=0
[MAC 1] Cancel queued acknowledged frame neighbor=2 seq=179 baseSeq=179 windowIndex=0
[HOP 1] link_control dest=2 neighborKnown=0 speed=8 txPower=30 rxPower=-105
[HOP 1] Pending DATA increment dest=2 pending=180
[HOP 1] GLOBAL HOP CONGESTED pending=180 threshold=16
[HOP 1] TX Pairwise16 DATA neighbor=2 hopSeq=180 securityCount=1
[MAC] Enqueue TX pkt dscp=5 insert_pos=0 queue_size_before=0
[MAC 1] Cancel queued acknowledged frame neighbor=2 seq=180 baseSeq=180 windowIndex=0
[HOP 1] link_control dest=2 neighborKnown=0 speed=8 txPower=30 rxPower=-105
[HOP 1] Pending DATA increment dest=2 pending=181
[HOP 1] GLOBAL HOP CONGESTED pending=181 threshold=16
[HOP 1] TX Pairwise16 DATA neighbor=2 hopSeq=181 securityCount=1
[MAC] Enqueue TX pkt dscp=5 insert_pos=0 queue_size_before=0
[MAC 1] Cancel queued acknowledged frame neighbor=2 seq=181 baseSeq=181 windowIndex=0
[HOP 1] link_control dest=2 neighborKnown=0 speed=8 txPower=30 rxPower=-105
[HOP 1] Pending DATA increment dest=2 pending=182
[HOP 1] GLOBAL HOP CONGESTED pending=182 threshold=16
[HOP 1] TX Pairwise16 DATA neighbor=2 hopSeq=182 securityCount=1
[MAC] Enqueue TX pkt dscp=5 insert_pos=0 queue_size_before=0
[MAC 1] Cancel queued acknowledged frame neighbor=2 seq=182 baseSeq=182 windowIndex=0
[HOP 1] link_control dest=2 neighborKnown=0 speed=8 txPower=30 rxPower=-105
[HOP 1] Pending DATA increment dest=2 pending=183
[HOP 1] GLOBAL HOP CONGESTED pending=183 threshold=16
[HOP 1] TX Pairwise16 DATA neighbor=2 hopSeq=183 securityCount=1
[MAC] Enqueue TX pkt dscp=5 insert_pos=0 queue_size_before=0
[MAC 1] Cancel queued acknowledged frame neighbor=2 seq=183 baseSeq=183 windowIndex=0
[HOP 1] link_control dest=2 neighborKnown=0 speed=8 txPower=30 rxPower=-105
[HOP 1] Pending DATA increment dest=2 pending=184
[HOP 1] GLOBAL HOP CONGESTED pending=184 threshold=16
[HOP 1] TX Pairwise16 DATA neighbor=2 hopSeq=184 securityCount=1
[MAC] Enqueue TX pkt dscp=5 insert_pos=0 queue_size_before=0
[MAC 1] Cancel queued acknowledged frame neighbor=2 seq=184 baseSeq=184 windowIndex=0
[HOP 1] link_control dest=2 neighborKnown=0 speed=8 txPower=30 rxPower=-105
[HOP 1] Pending DATA increment dest=2 pending=185
[HOP 1] GLOBAL HOP CONGESTED pending=185 threshold=16
[HOP 1] TX Pairwise16 DATA neighbor=2 hopSeq=185 securityCount=1
[MAC] Enqueue TX pkt dscp=5 insert_pos=0 queue_size_before=0
[MAC 1] Cancel queued acknowledged frame neighbor=2 seq=185 baseSeq=185 windowIndex=0
[HOP 1] link_control dest=2 neighborKnown=0 speed=8 txPower=30 rxPower=-105
[HOP 1] Pending DATA increment dest=2 pending=186
[HOP 1] GLOBAL HOP CONGESTED pending=186 threshold=16
[HOP 1] TX Pairwise16 DATA neighbor=2 hopSeq=186 securityCount=1
[MAC] Enqueue TX pkt dscp=5 insert_pos=0 queue_size_before=0
[MAC 1] Cancel queued acknowledged frame neighbor=2 seq=186 baseSeq=186 windowIndex=0
[HOP 1] link_control dest=2 neighborKnown=0 speed=8 txPower=30 rxPower=-105
[HOP 1] Pending DATA increment dest=2 pending=187
[HOP 1] GLOBAL HOP CONGESTED pending=187 threshold=16
[HOP 1] TX Pairwise16 DATA neighbor=2 hopSeq=187 securityCount=1
[MAC] Enqueue TX pkt dscp=5 insert_pos=0 queue_size_before=0
[MAC 1] Cancel queued acknowledged frame neighbor=2 seq=187 baseSeq=187 windowIndex=0
[HOP 1] link_control dest=2 neighborKnown=0 speed=8 txPower=30 rxPower=-105
[HOP 1] Pending DATA increment dest=2 pending=188
[HOP 1] GLOBAL HOP CONGESTED pending=188 threshold=16
[HOP 1] TX Pairwise16 DATA neighbor=2 hopSeq=188 securityCount=1
[MAC] Enqueue TX pkt dscp=5 insert_pos=0 queue_size_before=0
[MAC 1] Cancel queued acknowledged frame neighbor=2 seq=188 baseSeq=188 windowIndex=0
[HOP 1] link_control dest=2 neighborKnown=0 speed=8 txPower=30 rxPower=-105
[HOP 1] Pending DATA increment dest=2 pending=189
[HOP 1] GLOBAL HOP CONGESTED pending=189 threshold=16
[HOP 1] TX Pairwise16 DATA neighbor=2 hopSeq=189 securityCount=1
[MAC] Enqueue TX pkt dscp=5 insert_pos=0 queue_size_before=0
[MAC 1] Cancel queued acknowledged frame neighbor=2 seq=189 baseSeq=189 windowIndex=0
[HOP 1] link_control dest=2 neighborKnown=0 speed=8 txPower=30 rxPower=-105
[HOP 1] Pending DATA increment dest=2 pending=190
[HOP 1] GLOBAL HOP CONGESTED pending=190 threshold=16
[HOP 1] TX Pairwise16 DATA neighbor=2 hopSeq=190 securityCount=1
[MAC] Enqueue TX pkt dscp=5 insert_pos=0 queue_size_before=0
[MAC 1] Cancel queued acknowledged frame neighbor=2 seq=190 baseSeq=190 windowIndex=0
[HOP 1] link_control dest=2 neighborKnown=0 speed=8 txPower=30 rxPower=-105
[HOP 1] Pending DATA increment dest=2 pending=191
[HOP 1] GLOBAL HOP CONGESTED pending=191 threshold=16
[HOP 1] TX Pairwise16 DATA neighbor=2 hopSeq=191 securityCount=1
[MAC] Enqueue TX pkt dscp=5 insert_pos=0 queue_size_before=0
[MAC 1] Cancel queued acknowledged frame neighbor=2 seq=191 baseSeq=191 windowIndex=0
[HOP 1] link_control dest=2 neighborKnown=0 speed=8 txPower=30 rxPower=-105
[HOP 1] Pending DATA increment dest=2 pending=192
[HOP 1] GLOBAL HOP CONGESTED pending=192 threshold=16
[HOP 1] TX Pairwise16 DATA neighbor=2 hopSeq=192 securityCount=1
[MAC] Enqueue TX pkt dscp=5 insert_pos=0 queue_size_before=0
[MAC 1] Cancel queued acknowledged frame neighbor=2 seq=192 baseSeq=192 windowIndex=0
[HOP 1] link_control dest=2 neighborKnown=0 speed=8 txPower=30 rxPower=-105
[HOP 1] Pending DATA increment dest=2 pending=193
[HOP 1] GLOBAL HOP CONGESTED pending=193 threshold=16
[HOP 1] TX Pairwise16 DATA neighbor=2 hopSeq=193 securityCount=1
[MAC] Enqueue TX pkt dscp=5 insert_pos=0 queue_size_before=0
[MAC 1] Cancel queued acknowledged frame neighbor=2 seq=193 baseSeq=193 windowIndex=0
[HOP 1] link_control dest=2 neighborKnown=0 speed=8 txPower=30 rxPower=-105
[HOP 1] Pending DATA increment dest=2 pending=194
[HOP 1] GLOBAL HOP CONGESTED pending=194 threshold=16
[HOP 1] TX Pairwise16 DATA neighbor=2 hopSeq=194 securityCount=1
[MAC] Enqueue TX pkt dscp=5 insert_pos=0 queue_size_before=0
[MAC 1] Cancel queued acknowledged frame neighbor=2 seq=194 baseSeq=194 windowIndex=0
[HOP 1] link_control dest=2 neighborKnown=0 speed=8 txPower=30 rxPower=-105
[HOP 1] Pending DATA increment dest=2 pending=195
[HOP 1] GLOBAL HOP CONGESTED pending=195 threshold=16
[HOP 1] TX Pairwise16 DATA neighbor=2 hopSeq=195 securityCount=1
[MAC] Enqueue TX pkt dscp=5 insert_pos=0 queue_size_before=0
[MAC 1] Cancel queued acknowledged frame neighbor=2 seq=195 baseSeq=195 windowIndex=0
[HOP 1] link_control dest=2 neighborKnown=0 speed=8 txPower=30 rxPower=-105
[HOP 1] Pending DATA increment dest=2 pending=196
[HOP 1] GLOBAL HOP CONGESTED pending=196 threshold=16
[HOP 1] TX Pairwise16 DATA neighbor=2 hopSeq=196 securityCount=1
[MAC] Enqueue TX pkt dscp=5 insert_pos=0 queue_size_before=0
[MAC 1] Cancel queued acknowledged frame neighbor=2 seq=196 baseSeq=196 windowIndex=0
[HOP 1] link_control dest=2 neighborKnown=0 speed=8 txPower=30 rxPower=-105
[HOP 1] Pending DATA increment dest=2 pending=197
[HOP 1] GLOBAL HOP CONGESTED pending=197 threshold=16
[HOP 1] TX Pairwise16 DATA neighbor=2 hopSeq=197 securityCount=1
[MAC] Enqueue TX pkt dscp=5 insert_pos=0 queue_size_before=0
[MAC 1] Cancel queued acknowledged frame neighbor=2 seq=197 baseSeq=197 windowIndex=0
[HOP 1] link_control dest=2 neighborKnown=0 speed=8 txPower=30 rxPower=-105
[HOP 1] Pending DATA increment dest=2 pending=198
[HOP 1] GLOBAL HOP CONGESTED pending=198 threshold=16
[HOP 1] TX Pairwise16 DATA neighbor=2 hopSeq=198 securityCount=1
[MAC] Enqueue TX pkt dscp=5 insert_pos=0 queue_size_before=0
[MAC 1] Cancel queued acknowledged frame neighbor=2 seq=198 baseSeq=198 windowIndex=0
[HOP 1] link_control dest=2 neighborKnown=0 speed=8 txPower=30 rxPower=-105
[HOP 1] Pending DATA increment dest=2 pending=199
[HOP 1] GLOBAL HOP CONGESTED pending=199 threshold=16
[HOP 1] TX Pairwise16 DATA neighbor=2 hopSeq=199 securityCount=1
[MAC] Enqueue TX pkt dscp=5 insert_pos=0 queue_size_before=0
[MAC 1] Cancel queued acknowledged frame neighbor=2 seq=199 baseSeq=199 windowIndex=0
[HOP 1] link_control dest=2 neighborKnown=0 speed=8 txPower=30 rxPower=-105
[HOP 1] Pending DATA increment dest=2 pending=200
[HOP 1] GLOBAL HOP CONGESTED pending=200 threshold=16
[HOP 1] TX Pairwise16 DATA neighbor=2 hopSeq=200 securityCount=1
[MAC] Enqueue TX pkt dscp=5 insert_pos=0 queue_size_before=0
[MAC 1] Cancel queued acknowledged frame neighbor=2 seq=200 baseSeq=200 windowIndex=0
[HOP 1] link_control dest=2 neighborKnown=0 speed=8 txPower=30 rxPower=-105
[HOP 1] Pending DATA increment dest=2 pending=201
[HOP 1] GLOBAL HOP CONGESTED pending=201 threshold=16
[HOP 1] TX Pairwise16 DATA neighbor=2 hopSeq=201 securityCount=1
[MAC] Enqueue TX pkt dscp=5 insert_pos=0 queue_size_before=0
[MAC 1] Cancel queued acknowledged frame neighbor=2 seq=201 baseSeq=201 windowIndex=0
[HOP 1] link_control dest=2 neighborKnown=0 speed=8 txPower=30 rxPower=-105
[HOP 1] Pending DATA increment dest=2 pending=202
[HOP 1] GLOBAL HOP CONGESTED pending=202 threshold=16
[HOP 1] TX Pairwise16 DATA neighbor=2 hopSeq=202 securityCount=1
[MAC] Enqueue TX pkt dscp=5 insert_pos=0 queue_size_before=0
[MAC 1] Cancel queued acknowledged frame neighbor=2 seq=202 baseSeq=202 windowIndex=0
[HOP 1] link_control dest=2 neighborKnown=0 speed=8 txPower=30 rxPower=-105
[HOP 1] Pending DATA increment dest=2 pending=203
[HOP 1] GLOBAL HOP CONGESTED pending=203 threshold=16
[HOP 1] TX Pairwise16 DATA neighbor=2 hopSeq=203 securityCount=1
[MAC] Enqueue TX pkt dscp=5 insert_pos=0 queue_size_before=0
[MAC 1] Cancel queued acknowledged frame neighbor=2 seq=203 baseSeq=203 windowIndex=0
[HOP 1] link_control dest=2 neighborKnown=0 speed=8 txPower=30 rxPower=-105
[HOP 1] Pending DATA increment dest=2 pending=204
[HOP 1] GLOBAL HOP CONGESTED pending=204 threshold=16
[HOP 1] TX Pairwise16 DATA neighbor=2 hopSeq=204 securityCount=1
[MAC] Enqueue TX pkt dscp=5 insert_pos=0 queue_size_before=0
[MAC 1] Cancel queued acknowledged frame neighbor=2 seq=204 baseSeq=204 windowIndex=0
[HOP 1] link_control dest=2 neighborKnown=0 speed=8 txPower=30 rxPower=-105
[HOP 1] Pending DATA increment dest=2 pending=205
[HOP 1] GLOBAL HOP CONGESTED pending=205 threshold=16
[HOP 1] TX Pairwise16 DATA neighbor=2 hopSeq=205 securityCount=1
[MAC] Enqueue TX pkt dscp=5 insert_pos=0 queue_size_before=0
[MAC 1] Cancel queued acknowledged frame neighbor=2 seq=205 baseSeq=205 windowIndex=0
[HOP 1] link_control dest=2 neighborKnown=0 speed=8 txPower=30 rxPower=-105
[HOP 1] Pending DATA increment dest=2 pending=206
[HOP 1] GLOBAL HOP CONGESTED pending=206 threshold=16
[HOP 1] TX Pairwise16 DATA neighbor=2 hopSeq=206 securityCount=1
[MAC] Enqueue TX pkt dscp=5 insert_pos=0 queue_size_before=0
[MAC 1] Cancel queued acknowledged frame neighbor=2 seq=206 baseSeq=206 windowIndex=0
[HOP 1] link_control dest=2 neighborKnown=0 speed=8 txPower=30 rxPower=-105
[HOP 1] Pending DATA increment dest=2 pending=207
[HOP 1] GLOBAL HOP CONGESTED pending=207 threshold=16
[HOP 1] TX Pairwise16 DATA neighbor=2 hopSeq=207 securityCount=1
[MAC] Enqueue TX pkt dscp=5 insert_pos=0 queue_size_before=0
[MAC 1] Cancel queued acknowledged frame neighbor=2 seq=207 baseSeq=207 windowIndex=0
[HOP 1] link_control dest=2 neighborKnown=0 speed=8 txPower=30 rxPower=-105
[HOP 1] Pending DATA increment dest=2 pending=208
[HOP 1] GLOBAL HOP CONGESTED pending=208 threshold=16
[HOP 1] TX Pairwise16 DATA neighbor=2 hopSeq=208 securityCount=1
[MAC] Enqueue TX pkt dscp=5 insert_pos=0 queue_size_before=0
[MAC 1] Cancel queued acknowledged frame neighbor=2 seq=208 baseSeq=208 windowIndex=0
[HOP 1] link_control dest=2 neighborKnown=0 speed=8 txPower=30 rxPower=-105
[HOP 1] Pending DATA increment dest=2 pending=209
[HOP 1] GLOBAL HOP CONGESTED pending=209 threshold=16
[HOP 1] TX Pairwise16 DATA neighbor=2 hopSeq=209 securityCount=1
[MAC] Enqueue TX pkt dscp=5 insert_pos=0 queue_size_before=0
[MAC 1] Cancel queued acknowledged frame neighbor=2 seq=209 baseSeq=209 windowIndex=0
[HOP 1] link_control dest=2 neighborKnown=0 speed=8 txPower=30 rxPower=-105
[HOP 1] Pending DATA increment dest=2 pending=210
[HOP 1] GLOBAL HOP CONGESTED pending=210 threshold=16
[HOP 1] TX Pairwise16 DATA neighbor=2 hopSeq=210 securityCount=1
[MAC] Enqueue TX pkt dscp=5 insert_pos=0 queue_size_before=0
[MAC 1] Cancel queued acknowledged frame neighbor=2 seq=210 baseSeq=210 windowIndex=0
[HOP 1] link_control dest=2 neighborKnown=0 speed=8 txPower=30 rxPower=-105
[HOP 1] Pending DATA increment dest=2 pending=211
[HOP 1] GLOBAL HOP CONGESTED pending=211 threshold=16
[HOP 1] TX Pairwise16 DATA neighbor=2 hopSeq=211 securityCount=1
[MAC] Enqueue TX pkt dscp=5 insert_pos=0 queue_size_before=0
[MAC 1] Cancel queued acknowledged frame neighbor=2 seq=211 baseSeq=211 windowIndex=0
[HOP 1] link_control dest=2 neighborKnown=0 speed=8 txPower=30 rxPower=-105
[HOP 1] Pending DATA increment dest=2 pending=212
[HOP 1] GLOBAL HOP CONGESTED pending=212 threshold=16
[HOP 1] TX Pairwise16 DATA neighbor=2 hopSeq=212 securityCount=1
[MAC] Enqueue TX pkt dscp=5 insert_pos=0 queue_size_before=0
[MAC 1] Cancel queued acknowledged frame neighbor=2 seq=212 baseSeq=212 windowIndex=0
[HOP 1] link_control dest=2 neighborKnown=0 speed=8 txPower=30 rxPower=-105
[HOP 1] Pending DATA increment dest=2 pending=213
[HOP 1] GLOBAL HOP CONGESTED pending=213 threshold=16
[HOP 1] TX Pairwise16 DATA neighbor=2 hopSeq=213 securityCount=1
[MAC] Enqueue TX pkt dscp=5 insert_pos=0 queue_size_before=0
[MAC 1] Cancel queued acknowledged frame neighbor=2 seq=213 baseSeq=213 windowIndex=0
[HOP 1] link_control dest=2 neighborKnown=0 speed=8 txPower=30 rxPower=-105
[HOP 1] Pending DATA increment dest=2 pending=214
[HOP 1] GLOBAL HOP CONGESTED pending=214 threshold=16
[HOP 1] TX Pairwise16 DATA neighbor=2 hopSeq=214 securityCount=1
[MAC] Enqueue TX pkt dscp=5 insert_pos=0 queue_size_before=0
[MAC 1] Cancel queued acknowledged frame neighbor=2 seq=214 baseSeq=214 windowIndex=0
[HOP 1] link_control dest=2 neighborKnown=0 speed=8 txPower=30 rxPower=-105
[HOP 1] Pending DATA increment dest=2 pending=215
[HOP 1] GLOBAL HOP CONGESTED pending=215 threshold=16
[HOP 1] TX Pairwise16 DATA neighbor=2 hopSeq=215 securityCount=1
[MAC] Enqueue TX pkt dscp=5 insert_pos=0 queue_size_before=0
[MAC 1] Cancel queued acknowledged frame neighbor=2 seq=215 baseSeq=215 windowIndex=0
[HOP 1] link_control dest=2 neighborKnown=0 speed=8 txPower=30 rxPower=-105
[HOP 1] Pending DATA increment dest=2 pending=216
[HOP 1] GLOBAL HOP CONGESTED pending=216 threshold=16
[HOP 1] TX Pairwise16 DATA neighbor=2 hopSeq=216 securityCount=1
[MAC] Enqueue TX pkt dscp=5 insert_pos=0 queue_size_before=0
[MAC 1] Cancel queued acknowledged frame neighbor=2 seq=216 baseSeq=216 windowIndex=0
[HOP 1] link_control dest=2 neighborKnown=0 speed=8 txPower=30 rxPower=-105
[HOP 1] Pending DATA increment dest=2 pending=217
[HOP 1] GLOBAL HOP CONGESTED pending=217 threshold=16
[HOP 1] TX Pairwise16 DATA neighbor=2 hopSeq=217 securityCount=1
[MAC] Enqueue TX pkt dscp=5 insert_pos=0 queue_size_before=0
[MAC 1] Cancel queued acknowledged frame neighbor=2 seq=217 baseSeq=217 windowIndex=0
[HOP 1] link_control dest=2 neighborKnown=0 speed=8 txPower=30 rxPower=-105
[HOP 1] Pending DATA increment dest=2 pending=218
[HOP 1] GLOBAL HOP CONGESTED pending=218 threshold=16
[HOP 1] TX Pairwise16 DATA neighbor=2 hopSeq=218 securityCount=1
[MAC] Enqueue TX pkt dscp=5 insert_pos=0 queue_size_before=0
[MAC 1] Cancel queued acknowledged frame neighbor=2 seq=218 baseSeq=218 windowIndex=0
[HOP 1] link_control dest=2 neighborKnown=0 speed=8 txPower=30 rxPower=-105
[HOP 1] Pending DATA increment dest=2 pending=219
[HOP 1] GLOBAL HOP CONGESTED pending=219 threshold=16
[HOP 1] TX Pairwise16 DATA neighbor=2 hopSeq=219 securityCount=1
[MAC] Enqueue TX pkt dscp=5 insert_pos=0 queue_size_before=0
[MAC 1] Cancel queued acknowledged frame neighbor=2 seq=219 baseSeq=219 windowIndex=0
[HOP 1] link_control dest=2 neighborKnown=0 speed=8 txPower=30 rxPower=-105
[HOP 1] Pending DATA increment dest=2 pending=220
[HOP 1] GLOBAL HOP CONGESTED pending=220 threshold=16
[HOP 1] TX Pairwise16 DATA neighbor=2 hopSeq=220 securityCount=1
[MAC] Enqueue TX pkt dscp=5 insert_pos=0 queue_size_before=0
[MAC 1] Cancel queued acknowledged frame neighbor=2 seq=220 baseSeq=220 windowIndex=0
[HOP 1] link_control dest=2 neighborKnown=0 speed=8 txPower=30 rxPower=-105
[HOP 1] Pending DATA increment dest=2 pending=221
[HOP 1] GLOBAL HOP CONGESTED pending=221 threshold=16
[HOP 1] TX Pairwise16 DATA neighbor=2 hopSeq=221 securityCount=1
[MAC] Enqueue TX pkt dscp=5 insert_pos=0 queue_size_before=0
[MAC 1] Cancel queued acknowledged frame neighbor=2 seq=221 baseSeq=221 windowIndex=0
[HOP 1] link_control dest=2 neighborKnown=0 speed=8 txPower=30 rxPower=-105
[HOP 1] Pending DATA increment dest=2 pending=222
[HOP 1] GLOBAL HOP CONGESTED pending=222 threshold=16
[HOP 1] TX Pairwise16 DATA neighbor=2 hopSeq=222 securityCount=1
[MAC] Enqueue TX pkt dscp=5 insert_pos=0 queue_size_before=0
[MAC 1] Cancel queued acknowledged frame neighbor=2 seq=222 baseSeq=222 windowIndex=0
[HOP 1] link_control dest=2 neighborKnown=0 speed=8 txPower=30 rxPower=-105
[HOP 1] Pending DATA increment dest=2 pending=223
[HOP 1] GLOBAL HOP CONGESTED pending=223 threshold=16
[HOP 1] TX Pairwise16 DATA neighbor=2 hopSeq=223 securityCount=1
[MAC] Enqueue TX pkt dscp=5 insert_pos=0 queue_size_before=0
[MAC 1] Cancel queued acknowledged frame neighbor=2 seq=223 baseSeq=223 windowIndex=0
[HOP 1] link_control dest=2 neighborKnown=0 speed=8 txPower=30 rxPower=-105
[HOP 1] Pending DATA increment dest=2 pending=224
[HOP 1] GLOBAL HOP CONGESTED pending=224 threshold=16
[HOP 1] TX Pairwise16 DATA neighbor=2 hopSeq=224 securityCount=1
[MAC] Enqueue TX pkt dscp=5 insert_pos=0 queue_size_before=0
[MAC 1] Cancel queued acknowledged frame neighbor=2 seq=224 baseSeq=224 windowIndex=0
[HOP 1] link_control dest=2 neighborKnown=0 speed=8 txPower=30 rxPower=-105
[HOP 1] Pending DATA increment dest=2 pending=225
[HOP 1] GLOBAL HOP CONGESTED pending=225 threshold=16
[HOP 1] TX Pairwise16 DATA neighbor=2 hopSeq=225 securityCount=1
[MAC] Enqueue TX pkt dscp=5 insert_pos=0 queue_size_before=0
[MAC 1] Cancel queued acknowledged frame neighbor=2 seq=225 baseSeq=225 windowIndex=0
[HOP 1] link_control dest=2 neighborKnown=0 speed=8 txPower=30 rxPower=-105
[HOP 1] Pending DATA increment dest=2 pending=226
[HOP 1] GLOBAL HOP CONGESTED pending=226 threshold=16
[HOP 1] TX Pairwise16 DATA neighbor=2 hopSeq=226 securityCount=1
[MAC] Enqueue TX pkt dscp=5 insert_pos=0 queue_size_before=0
[MAC 1] Cancel queued acknowledged frame neighbor=2 seq=226 baseSeq=226 windowIndex=0
[HOP 1] link_control dest=2 neighborKnown=0 speed=8 txPower=30 rxPower=-105
[HOP 1] Pending DATA increment dest=2 pending=227
[HOP 1] GLOBAL HOP CONGESTED pending=227 threshold=16
[HOP 1] TX Pairwise16 DATA neighbor=2 hopSeq=227 securityCount=1
[MAC] Enqueue TX pkt dscp=5 insert_pos=0 queue_size_before=0
[MAC 1] Cancel queued acknowledged frame neighbor=2 seq=227 baseSeq=227 windowIndex=0
[HOP 1] link_control dest=2 neighborKnown=0 speed=8 txPower=30 rxPower=-105
[HOP 1] Pending DATA increment dest=2 pending=228
[HOP 1] GLOBAL HOP CONGESTED pending=228 threshold=16
[HOP 1] TX Pairwise16 DATA neighbor=2 hopSeq=228 securityCount=1
[MAC] Enqueue TX pkt dscp=5 insert_pos=0 queue_size_before=0
[MAC 1] Cancel queued acknowledged frame neighbor=2 seq=228 baseSeq=228 windowIndex=0
[HOP 1] link_control dest=2 neighborKnown=0 speed=8 txPower=30 rxPower=-105
[HOP 1] Pending DATA increment dest=2 pending=229
[HOP 1] GLOBAL HOP CONGESTED pending=229 threshold=16
[HOP 1] TX Pairwise16 DATA neighbor=2 hopSeq=229 securityCount=1
[MAC] Enqueue TX pkt dscp=5 insert_pos=0 queue_size_before=0
[MAC 1] Cancel queued acknowledged frame neighbor=2 seq=229 baseSeq=229 windowIndex=0
[HOP 1] link_control dest=2 neighborKnown=0 speed=8 txPower=30 rxPower=-105
[HOP 1] Pending DATA increment dest=2 pending=230
[HOP 1] GLOBAL HOP CONGESTED pending=230 threshold=16
[HOP 1] TX Pairwise16 DATA neighbor=2 hopSeq=230 securityCount=1
[MAC] Enqueue TX pkt dscp=5 insert_pos=0 queue_size_before=0
[MAC 1] Cancel queued acknowledged frame neighbor=2 seq=230 baseSeq=230 windowIndex=0
[HOP 1] link_control dest=2 neighborKnown=0 speed=8 txPower=30 rxPower=-105
[HOP 1] Pending DATA increment dest=2 pending=231
[HOP 1] GLOBAL HOP CONGESTED pending=231 threshold=16
[HOP 1] TX Pairwise16 DATA neighbor=2 hopSeq=231 securityCount=1
[MAC] Enqueue TX pkt dscp=5 insert_pos=0 queue_size_before=0
[MAC 1] Cancel queued acknowledged frame neighbor=2 seq=231 baseSeq=231 windowIndex=0
[HOP 1] link_control dest=2 neighborKnown=0 speed=8 txPower=30 rxPower=-105
[HOP 1] Pending DATA increment dest=2 pending=232
[HOP 1] GLOBAL HOP CONGESTED pending=232 threshold=16
[HOP 1] TX Pairwise16 DATA neighbor=2 hopSeq=232 securityCount=1
[MAC] Enqueue TX pkt dscp=5 insert_pos=0 queue_size_before=0
[MAC 1] Cancel queued acknowledged frame neighbor=2 seq=232 baseSeq=232 windowIndex=0
[HOP 1] link_control dest=2 neighborKnown=0 speed=8 txPower=30 rxPower=-105
[HOP 1] Pending DATA increment dest=2 pending=233
[HOP 1] GLOBAL HOP CONGESTED pending=233 threshold=16
[HOP 1] TX Pairwise16 DATA neighbor=2 hopSeq=233 securityCount=1
[MAC] Enqueue TX pkt dscp=5 insert_pos=0 queue_size_before=0
[MAC 1] Cancel queued acknowledged frame neighbor=2 seq=233 baseSeq=233 windowIndex=0
[HOP 1] link_control dest=2 neighborKnown=0 speed=8 txPower=30 rxPower=-105
[HOP 1] Pending DATA increment dest=2 pending=234
[HOP 1] GLOBAL HOP CONGESTED pending=234 threshold=16
[HOP 1] TX Pairwise16 DATA neighbor=2 hopSeq=234 securityCount=1
[MAC] Enqueue TX pkt dscp=5 insert_pos=0 queue_size_before=0
[MAC 1] Cancel queued acknowledged frame neighbor=2 seq=234 baseSeq=234 windowIndex=0
[HOP 1] link_control dest=2 neighborKnown=0 speed=8 txPower=30 rxPower=-105
[HOP 1] Pending DATA increment dest=2 pending=235
[HOP 1] GLOBAL HOP CONGESTED pending=235 threshold=16
[HOP 1] TX Pairwise16 DATA neighbor=2 hopSeq=235 securityCount=1
[MAC] Enqueue TX pkt dscp=5 insert_pos=0 queue_size_before=0
[MAC 1] Cancel queued acknowledged frame neighbor=2 seq=235 baseSeq=235 windowIndex=0
[HOP 1] link_control dest=2 neighborKnown=0 speed=8 txPower=30 rxPower=-105
[HOP 1] Pending DATA increment dest=2 pending=236
[HOP 1] GLOBAL HOP CONGESTED pending=236 threshold=16
[HOP 1] TX Pairwise16 DATA neighbor=2 hopSeq=236 securityCount=1
[MAC] Enqueue TX pkt dscp=5 insert_pos=0 queue_size_before=0
[MAC 1] Cancel queued acknowledged frame neighbor=2 seq=236 baseSeq=236 windowIndex=0
[HOP 1] link_control dest=2 neighborKnown=0 speed=8 txPower=30 rxPower=-105
[HOP 1] Pending DATA increment dest=2 pending=237
[HOP 1] GLOBAL HOP CONGESTED pending=237 threshold=16
[HOP 1] TX Pairwise16 DATA neighbor=2 hopSeq=237 securityCount=1
[MAC] Enqueue TX pkt dscp=5 insert_pos=0 queue_size_before=0
[MAC 1] Cancel queued acknowledged frame neighbor=2 seq=237 baseSeq=237 windowIndex=0
[HOP 1] link_control dest=2 neighborKnown=0 speed=8 txPower=30 rxPower=-105
[HOP 1] Pending DATA increment dest=2 pending=238
[HOP 1] GLOBAL HOP CONGESTED pending=238 threshold=16
[HOP 1] TX Pairwise16 DATA neighbor=2 hopSeq=238 securityCount=1
[MAC] Enqueue TX pkt dscp=5 insert_pos=0 queue_size_before=0
[MAC 1] Cancel queued acknowledged frame neighbor=2 seq=238 baseSeq=238 windowIndex=0
[HOP 1] link_control dest=2 neighborKnown=0 speed=8 txPower=30 rxPower=-105
[HOP 1] Pending DATA increment dest=2 pending=239
[HOP 1] GLOBAL HOP CONGESTED pending=239 threshold=16
[HOP 1] TX Pairwise16 DATA neighbor=2 hopSeq=239 securityCount=1
[MAC] Enqueue TX pkt dscp=5 insert_pos=0 queue_size_before=0
[MAC 1] Cancel queued acknowledged frame neighbor=2 seq=239 baseSeq=239 windowIndex=0
[HOP 1] link_control dest=2 neighborKnown=0 speed=8 txPower=30 rxPower=-105
[HOP 1] Pending DATA increment dest=2 pending=240
[HOP 1] GLOBAL HOP CONGESTED pending=240 threshold=16
[HOP 1] TX Pairwise16 DATA neighbor=2 hopSeq=240 securityCount=1
[MAC] Enqueue TX pkt dscp=5 insert_pos=0 queue_size_before=0
[MAC 1] Cancel queued acknowledged frame neighbor=2 seq=240 baseSeq=240 windowIndex=0
[HOP 1] link_control dest=2 neighborKnown=0 speed=8 txPower=30 rxPower=-105
[HOP 1] Pending DATA increment dest=2 pending=241
[HOP 1] GLOBAL HOP CONGESTED pending=241 threshold=16
[HOP 1] TX Pairwise16 DATA neighbor=2 hopSeq=241 securityCount=1
[MAC] Enqueue TX pkt dscp=5 insert_pos=0 queue_size_before=0
[MAC 1] Cancel queued acknowledged frame neighbor=2 seq=241 baseSeq=241 windowIndex=0
[HOP 1] link_control dest=2 neighborKnown=0 speed=8 txPower=30 rxPower=-105
[HOP 1] Pending DATA increment dest=2 pending=242
[HOP 1] GLOBAL HOP CONGESTED pending=242 threshold=16
[HOP 1] TX Pairwise16 DATA neighbor=2 hopSeq=242 securityCount=1
[MAC] Enqueue TX pkt dscp=5 insert_pos=0 queue_size_before=0
[MAC 1] Cancel queued acknowledged frame neighbor=2 seq=242 baseSeq=242 windowIndex=0
[HOP 1] link_control dest=2 neighborKnown=0 speed=8 txPower=30 rxPower=-105
[HOP 1] Pending DATA increment dest=2 pending=243
[HOP 1] GLOBAL HOP CONGESTED pending=243 threshold=16
[HOP 1] TX Pairwise16 DATA neighbor=2 hopSeq=243 securityCount=1
[MAC] Enqueue TX pkt dscp=5 insert_pos=0 queue_size_before=0
[MAC 1] Cancel queued acknowledged frame neighbor=2 seq=243 baseSeq=243 windowIndex=0
[HOP 1] link_control dest=2 neighborKnown=0 speed=8 txPower=30 rxPower=-105
[HOP 1] Pending DATA increment dest=2 pending=244
[HOP 1] GLOBAL HOP CONGESTED pending=244 threshold=16
[HOP 1] TX Pairwise16 DATA neighbor=2 hopSeq=244 securityCount=1
[MAC] Enqueue TX pkt dscp=5 insert_pos=0 queue_size_before=0
[MAC 1] Cancel queued acknowledged frame neighbor=2 seq=244 baseSeq=244 windowIndex=0
[HOP 1] link_control dest=2 neighborKnown=0 speed=8 txPower=30 rxPower=-105
[HOP 1] Pending DATA increment dest=2 pending=245
[HOP 1] GLOBAL HOP CONGESTED pending=245 threshold=16
[HOP 1] TX Pairwise16 DATA neighbor=2 hopSeq=245 securityCount=1
[MAC] Enqueue TX pkt dscp=5 insert_pos=0 queue_size_before=0
[MAC 1] Cancel queued acknowledged frame neighbor=2 seq=245 baseSeq=245 windowIndex=0
[HOP 1] link_control dest=2 neighborKnown=0 speed=8 txPower=30 rxPower=-105
[HOP 1] Pending DATA increment dest=2 pending=246
[HOP 1] GLOBAL HOP CONGESTED pending=246 threshold=16
[HOP 1] TX Pairwise16 DATA neighbor=2 hopSeq=246 securityCount=1
[MAC] Enqueue TX pkt dscp=5 insert_pos=0 queue_size_before=0
[MAC 1] Cancel queued acknowledged frame neighbor=2 seq=246 baseSeq=246 windowIndex=0
[HOP 1] link_control dest=2 neighborKnown=0 speed=8 txPower=30 rxPower=-105
[HOP 1] Pending DATA increment dest=2 pending=247
[HOP 1] GLOBAL HOP CONGESTED pending=247 threshold=16
[HOP 1] TX Pairwise16 DATA neighbor=2 hopSeq=247 securityCount=1
[MAC] Enqueue TX pkt dscp=5 insert_pos=0 queue_size_before=0
[MAC 1] Cancel queued acknowledged frame neighbor=2 seq=247 baseSeq=247 windowIndex=0
[HOP 1] link_control dest=2 neighborKnown=0 speed=8 txPower=30 rxPower=-105
[HOP 1] Pending DATA increment dest=2 pending=248
[HOP 1] GLOBAL HOP CONGESTED pending=248 threshold=16
[HOP 1] TX Pairwise16 DATA neighbor=2 hopSeq=248 securityCount=1
[MAC] Enqueue TX pkt dscp=5 insert_pos=0 queue_size_before=0
[MAC 1] Cancel queued acknowledged frame neighbor=2 seq=248 baseSeq=248 windowIndex=0
[HOP 1] link_control dest=2 neighborKnown=0 speed=8 txPower=30 rxPower=-105
[HOP 1] Pending DATA increment dest=2 pending=249
[HOP 1] GLOBAL HOP CONGESTED pending=249 threshold=16
[HOP 1] TX Pairwise16 DATA neighbor=2 hopSeq=249 securityCount=1
[MAC] Enqueue TX pkt dscp=5 insert_pos=0 queue_size_before=0
[MAC 1] Cancel queued acknowledged frame neighbor=2 seq=249 baseSeq=249 windowIndex=0
[HOP 1] link_control dest=2 neighborKnown=0 speed=8 txPower=30 rxPower=-105
[HOP 1] Pending DATA increment dest=2 pending=250
[HOP 1] GLOBAL HOP CONGESTED pending=250 threshold=16
[HOP 1] TX Pairwise16 DATA neighbor=2 hopSeq=250 securityCount=1
[MAC] Enqueue TX pkt dscp=5 insert_pos=0 queue_size_before=0
[MAC 1] Cancel queued acknowledged frame neighbor=2 seq=250 baseSeq=250 windowIndex=0
[HOP 1] link_control dest=2 neighborKnown=0 speed=8 txPower=30 rxPower=-105
[HOP 1] Pending DATA increment dest=2 pending=251
[HOP 1] GLOBAL HOP CONGESTED pending=251 threshold=16
[HOP 1] TX Pairwise16 DATA neighbor=2 hopSeq=251 securityCount=1
[MAC] Enqueue TX pkt dscp=5 insert_pos=0 queue_size_before=0
[MAC 1] Cancel queued acknowledged frame neighbor=2 seq=251 baseSeq=251 windowIndex=0
[HOP 1] link_control dest=2 neighborKnown=0 speed=8 txPower=30 rxPower=-105
[HOP 1] Pending DATA increment dest=2 pending=252
[HOP 1] GLOBAL HOP CONGESTED pending=252 threshold=16
[HOP 1] TX Pairwise16 DATA neighbor=2 hopSeq=252 securityCount=1
[MAC] Enqueue TX pkt dscp=5 insert_pos=0 queue_size_before=0
[MAC 1] Cancel queued acknowledged frame neighbor=2 seq=252 baseSeq=252 windowIndex=0
[HOP 1] link_control dest=2 neighborKnown=0 speed=8 txPower=30 rxPower=-105
[HOP 1] Pending DATA increment dest=2 pending=253
[HOP 1] GLOBAL HOP CONGESTED pending=253 threshold=16
[HOP 1] TX Pairwise16 DATA neighbor=2 hopSeq=253 securityCount=1
[MAC] Enqueue TX pkt dscp=5 insert_pos=0 queue_size_before=0
[MAC 1] Cancel queued acknowledged frame neighbor=2 seq=253 baseSeq=253 windowIndex=0
[HOP 1] link_control dest=2 neighborKnown=0 speed=8 txPower=30 rxPower=-105
[HOP 1] Pending DATA increment dest=2 pending=254
[HOP 1] GLOBAL HOP CONGESTED pending=254 threshold=16
[HOP 1] TX Pairwise16 DATA neighbor=2 hopSeq=254 securityCount=1
[MAC] Enqueue TX pkt dscp=5 insert_pos=0 queue_size_before=0
[MAC 1] Cancel queued acknowledged frame neighbor=2 seq=254 baseSeq=254 windowIndex=0
[HOP 1] link_control dest=2 neighborKnown=0 speed=8 txPower=30 rxPower=-105
[HOP 1] Pending DATA increment dest=2 pending=255
[HOP 1] GLOBAL HOP CONGESTED pending=255 threshold=16
[HOP 1] TX Pairwise16 DATA neighbor=2 hopSeq=255 securityCount=1
[MAC] Enqueue TX pkt dscp=5 insert_pos=0 queue_size_before=0
[MAC 1] Cancel queued acknowledged frame neighbor=2 seq=255 baseSeq=255 windowIndex=0
[HOP 1] link_control dest=2 neighborKnown=0 speed=8 txPower=30 rxPower=-105
[HOP 1] Pending DATA increment dest=2 pending=256
[HOP 1] GLOBAL HOP CONGESTED pending=256 threshold=16
[HOP 1] TX Pairwise16 DATA neighbor=2 hopSeq=256 securityCount=1
[MAC] Enqueue TX pkt dscp=5 insert_pos=0 queue_size_before=0
[MAC 1] Cancel queued acknowledged frame neighbor=2 seq=256 baseSeq=256 windowIndex=0
[HOP 1] link_control dest=2 neighborKnown=0 speed=8 txPower=30 rxPower=-105
[HOP 1] Pending DATA increment dest=2 pending=257
[HOP 1] GLOBAL HOP CONGESTED pending=257 threshold=16
[HOP 1] TX Pairwise16 DATA neighbor=2 hopSeq=257 securityCount=1
[MAC] Enqueue TX pkt dscp=5 insert_pos=0 queue_size_before=0
[MAC 1] Cancel queued acknowledged frame neighbor=2 seq=257 baseSeq=257 windowIndex=0
[HOP 1] link_control dest=2 neighborKnown=0 speed=8 txPower=30 rxPower=-105
[HOP 1] Pending DATA increment dest=2 pending=258
[HOP 1] GLOBAL HOP CONGESTED pending=258 threshold=16
[HOP 1] TX Pairwise16 DATA neighbor=2 hopSeq=258 securityCount=1
[MAC] Enqueue TX pkt dscp=5 insert_pos=0 queue_size_before=0
[MAC 1] Cancel queued acknowledged frame neighbor=2 seq=258 baseSeq=258 windowIndex=0
[HOP 1] link_control dest=2 neighborKnown=0 speed=8 txPower=30 rxPower=-105
[HOP 1] Pending DATA increment dest=2 pending=259
[HOP 1] GLOBAL HOP CONGESTED pending=259 threshold=16
[HOP 1] TX Pairwise16 DATA neighbor=2 hopSeq=259 securityCount=1
[MAC] Enqueue TX pkt dscp=5 insert_pos=0 queue_size_before=0
[MAC 1] Cancel queued acknowledged frame neighbor=2 seq=259 baseSeq=259 windowIndex=0
[HOP 1] link_control dest=2 neighborKnown=0 speed=8 txPower=30 rxPower=-105
[HOP 1] Pending DATA increment dest=2 pending=260
[HOP 1] GLOBAL HOP CONGESTED pending=260 threshold=16
[HOP 1] TX Pairwise16 DATA neighbor=2 hopSeq=260 securityCount=1
[MAC] Enqueue TX pkt dscp=5 insert_pos=0 queue_size_before=0
[MAC 1] Cancel queued acknowledged frame neighbor=2 seq=260 baseSeq=260 windowIndex=0
[HOP 1] link_control dest=2 neighborKnown=0 speed=8 txPower=30 rxPower=-105
[HOP 1] Pending DATA increment dest=2 pending=261
[HOP 1] GLOBAL HOP CONGESTED pending=261 threshold=16
[HOP 1] TX Pairwise16 DATA neighbor=2 hopSeq=261 securityCount=1
[MAC] Enqueue TX pkt dscp=5 insert_pos=0 queue_size_before=0
[MAC 1] Cancel queued acknowledged frame neighbor=2 seq=261 baseSeq=261 windowIndex=0
[HOP 1] link_control dest=2 neighborKnown=0 speed=8 txPower=30 rxPower=-105
[HOP 1] Pending DATA increment dest=2 pending=262
[HOP 1] GLOBAL HOP CONGESTED pending=262 threshold=16
[HOP 1] TX Pairwise16 DATA neighbor=2 hopSeq=262 securityCount=1
[MAC] Enqueue TX pkt dscp=5 insert_pos=0 queue_size_before=0
[MAC 1] Cancel queued acknowledged frame neighbor=2 seq=262 baseSeq=262 windowIndex=0
[HOP 1] link_control dest=2 neighborKnown=0 speed=8 txPower=30 rxPower=-105
[HOP 1] Pending DATA increment dest=2 pending=263
[HOP 1] GLOBAL HOP CONGESTED pending=263 threshold=16
[HOP 1] TX Pairwise16 DATA neighbor=2 hopSeq=263 securityCount=1
[MAC] Enqueue TX pkt dscp=5 insert_pos=0 queue_size_before=0
[MAC 1] Cancel queued acknowledged frame neighbor=2 seq=263 baseSeq=263 windowIndex=0
[HOP 1] link_control dest=2 neighborKnown=0 speed=8 txPower=30 rxPower=-105
[HOP 1] Pending DATA increment dest=2 pending=264
[HOP 1] GLOBAL HOP CONGESTED pending=264 threshold=16
[HOP 1] TX Pairwise16 DATA neighbor=2 hopSeq=264 securityCount=1
[MAC] Enqueue TX pkt dscp=5 insert_pos=0 queue_size_before=0
[MAC 1] Cancel queued acknowledged frame neighbor=2 seq=264 baseSeq=264 windowIndex=0
[HOP 1] link_control dest=2 neighborKnown=0 speed=8 txPower=30 rxPower=-105
[HOP 1] Pending DATA increment dest=2 pending=265
[HOP 1] GLOBAL HOP CONGESTED pending=265 threshold=16
[HOP 1] TX Pairwise16 DATA neighbor=2 hopSeq=265 securityCount=1
[MAC] Enqueue TX pkt dscp=5 insert_pos=0 queue_size_before=0
[MAC 1] Cancel queued acknowledged frame neighbor=2 seq=265 baseSeq=265 windowIndex=0
[HOP 1] link_control dest=2 neighborKnown=0 speed=8 txPower=30 rxPower=-105
[HOP 1] Pending DATA increment dest=2 pending=266
[HOP 1] GLOBAL HOP CONGESTED pending=266 threshold=16
[HOP 1] TX Pairwise16 DATA neighbor=2 hopSeq=266 securityCount=1
[MAC] Enqueue TX pkt dscp=5 insert_pos=0 queue_size_before=0
[MAC 1] Cancel queued acknowledged frame neighbor=2 seq=266 baseSeq=266 windowIndex=0
[HOP 1] link_control dest=2 neighborKnown=0 speed=8 txPower=30 rxPower=-105
[HOP 1] Pending DATA increment dest=2 pending=267
[HOP 1] GLOBAL HOP CONGESTED pending=267 threshold=16
[HOP 1] TX Pairwise16 DATA neighbor=2 hopSeq=267 securityCount=1
[MAC] Enqueue TX pkt dscp=5 insert_pos=0 queue_size_before=0
[MAC 1] Cancel queued acknowledged frame neighbor=2 seq=267 baseSeq=267 windowIndex=0
[HOP 1] link_control dest=2 neighborKnown=0 speed=8 txPower=30 rxPower=-105
[HOP 1] Pending DATA increment dest=2 pending=268
[HOP 1] GLOBAL HOP CONGESTED pending=268 threshold=16
[HOP 1] TX Pairwise16 DATA neighbor=2 hopSeq=268 securityCount=1
[MAC] Enqueue TX pkt dscp=5 insert_pos=0 queue_size_before=0
[MAC 1] Cancel queued acknowledged frame neighbor=2 seq=268 baseSeq=268 windowIndex=0
[HOP 1] link_control dest=2 neighborKnown=0 speed=8 txPower=30 rxPower=-105
[HOP 1] Pending DATA increment dest=2 pending=269
[HOP 1] GLOBAL HOP CONGESTED pending=269 threshold=16
[HOP 1] TX Pairwise16 DATA neighbor=2 hopSeq=269 securityCount=1
[MAC] Enqueue TX pkt dscp=5 insert_pos=0 queue_size_before=0
[MAC 1] Cancel queued acknowledged frame neighbor=2 seq=269 baseSeq=269 windowIndex=0
[HOP 1] link_control dest=2 neighborKnown=0 speed=8 txPower=30 rxPower=-105
[HOP 1] Pending DATA increment dest=2 pending=270
[HOP 1] GLOBAL HOP CONGESTED pending=270 threshold=16
[HOP 1] TX Pairwise16 DATA neighbor=2 hopSeq=270 securityCount=1
[MAC] Enqueue TX pkt dscp=5 insert_pos=0 queue_size_before=0
[MAC 1] Cancel queued acknowledged frame neighbor=2 seq=270 baseSeq=270 windowIndex=0
[HOP 1] link_control dest=2 neighborKnown=0 speed=8 txPower=30 rxPower=-105
[HOP 1] Pending DATA increment dest=2 pending=271
[HOP 1] GLOBAL HOP CONGESTED pending=271 threshold=16
[HOP 1] TX Pairwise16 DATA neighbor=2 hopSeq=271 securityCount=1
[MAC] Enqueue TX pkt dscp=5 insert_pos=0 queue_size_before=0
[MAC 1] Cancel queued acknowledged frame neighbor=2 seq=271 baseSeq=271 windowIndex=0
[HOP 1] link_control dest=2 neighborKnown=0 speed=8 txPower=30 rxPower=-105
[HOP 1] Pending DATA increment dest=2 pending=272
[HOP 1] GLOBAL HOP CONGESTED pending=272 threshold=16
[HOP 1] TX Pairwise16 DATA neighbor=2 hopSeq=272 securityCount=1
[MAC] Enqueue TX pkt dscp=5 insert_pos=0 queue_size_before=0
[MAC 1] Cancel queued acknowledged frame neighbor=2 seq=272 baseSeq=272 windowIndex=0
[HOP 1] link_control dest=2 neighborKnown=0 speed=8 txPower=30 rxPower=-105
[HOP 1] Pending DATA increment dest=2 pending=273
[HOP 1] GLOBAL HOP CONGESTED pending=273 threshold=16
[HOP 1] TX Pairwise16 DATA neighbor=2 hopSeq=273 securityCount=1
[MAC] Enqueue TX pkt dscp=5 insert_pos=0 queue_size_before=0
[MAC 1] Cancel queued acknowledged frame neighbor=2 seq=273 baseSeq=273 windowIndex=0
[HOP 1] link_control dest=2 neighborKnown=0 speed=8 txPower=30 rxPower=-105
[HOP 1] Pending DATA increment dest=2 pending=274
[HOP 1] GLOBAL HOP CONGESTED pending=274 threshold=16
[HOP 1] TX Pairwise16 DATA neighbor=2 hopSeq=274 securityCount=1
[MAC] Enqueue TX pkt dscp=5 insert_pos=0 queue_size_before=0
[MAC 1] Cancel queued acknowledged frame neighbor=2 seq=274 baseSeq=274 windowIndex=0
[HOP 1] link_control dest=2 neighborKnown=0 speed=8 txPower=30 rxPower=-105
[HOP 1] Pending DATA increment dest=2 pending=275
[HOP 1] GLOBAL HOP CONGESTED pending=275 threshold=16
[HOP 1] TX Pairwise16 DATA neighbor=2 hopSeq=275 securityCount=1
[MAC] Enqueue TX pkt dscp=5 insert_pos=0 queue_size_before=0
[MAC 1] Cancel queued acknowledged frame neighbor=2 seq=275 baseSeq=275 windowIndex=0
[HOP 1] link_control dest=2 neighborKnown=0 speed=8 txPower=30 rxPower=-105
[HOP 1] Pending DATA increment dest=2 pending=276
[HOP 1] GLOBAL HOP CONGESTED pending=276 threshold=16
[HOP 1] TX Pairwise16 DATA neighbor=2 hopSeq=276 securityCount=1
[MAC] Enqueue TX pkt dscp=5 insert_pos=0 queue_size_before=0
[MAC 1] Cancel queued acknowledged frame neighbor=2 seq=276 baseSeq=276 windowIndex=0
[HOP 1] link_control dest=2 neighborKnown=0 speed=8 txPower=30 rxPower=-105
[HOP 1] Pending DATA increment dest=2 pending=277
[HOP 1] GLOBAL HOP CONGESTED pending=277 threshold=16
[HOP 1] TX Pairwise16 DATA neighbor=2 hopSeq=277 securityCount=1
[MAC] Enqueue TX pkt dscp=5 insert_pos=0 queue_size_before=0
[MAC 1] Cancel queued acknowledged frame neighbor=2 seq=277 baseSeq=277 windowIndex=0
[HOP 1] link_control dest=2 neighborKnown=0 speed=8 txPower=30 rxPower=-105
[HOP 1] Pending DATA increment dest=2 pending=278
[HOP 1] GLOBAL HOP CONGESTED pending=278 threshold=16
[HOP 1] TX Pairwise16 DATA neighbor=2 hopSeq=278 securityCount=1
[MAC] Enqueue TX pkt dscp=5 insert_pos=0 queue_size_before=0
[MAC 1] Cancel queued acknowledged frame neighbor=2 seq=278 baseSeq=278 windowIndex=0
[HOP 1] link_control dest=2 neighborKnown=0 speed=8 txPower=30 rxPower=-105
[HOP 1] Pending DATA increment dest=2 pending=279
[HOP 1] GLOBAL HOP CONGESTED pending=279 threshold=16
[HOP 1] TX Pairwise16 DATA neighbor=2 hopSeq=279 securityCount=1
[MAC] Enqueue TX pkt dscp=5 insert_pos=0 queue_size_before=0
[MAC 1] Cancel queued acknowledged frame neighbor=2 seq=279 baseSeq=279 windowIndex=0
[HOP 1] link_control dest=2 neighborKnown=0 speed=8 txPower=30 rxPower=-105
[HOP 1] Pending DATA increment dest=2 pending=280
[HOP 1] GLOBAL HOP CONGESTED pending=280 threshold=16
[HOP 1] TX Pairwise16 DATA neighbor=2 hopSeq=280 securityCount=1
[MAC] Enqueue TX pkt dscp=5 insert_pos=0 queue_size_before=0
[MAC 1] Cancel queued acknowledged frame neighbor=2 seq=280 baseSeq=280 windowIndex=0
[HOP 1] link_control dest=2 neighborKnown=0 speed=8 txPower=30 rxPower=-105
[HOP 1] Pending DATA increment dest=2 pending=281
[HOP 1] GLOBAL HOP CONGESTED pending=281 threshold=16
[HOP 1] TX Pairwise16 DATA neighbor=2 hopSeq=281 securityCount=1
[MAC] Enqueue TX pkt dscp=5 insert_pos=0 queue_size_before=0
[MAC 1] Cancel queued acknowledged frame neighbor=2 seq=281 baseSeq=281 windowIndex=0
[HOP 1] link_control dest=2 neighborKnown=0 speed=8 txPower=30 rxPower=-105
[HOP 1] Pending DATA increment dest=2 pending=282
[HOP 1] GLOBAL HOP CONGESTED pending=282 threshold=16
[HOP 1] TX Pairwise16 DATA neighbor=2 hopSeq=282 securityCount=1
[MAC] Enqueue TX pkt dscp=5 insert_pos=0 queue_size_before=0
[MAC 1] Cancel queued acknowledged frame neighbor=2 seq=282 baseSeq=282 windowIndex=0
[HOP 1] link_control dest=2 neighborKnown=0 speed=8 txPower=30 rxPower=-105
[HOP 1] Pending DATA increment dest=2 pending=283
[HOP 1] GLOBAL HOP CONGESTED pending=283 threshold=16
[HOP 1] TX Pairwise16 DATA neighbor=2 hopSeq=283 securityCount=1
[MAC] Enqueue TX pkt dscp=5 insert_pos=0 queue_size_before=0
[MAC 1] Cancel queued acknowledged frame neighbor=2 seq=283 baseSeq=283 windowIndex=0
[HOP 1] link_control dest=2 neighborKnown=0 speed=8 txPower=30 rxPower=-105
[HOP 1] Pending DATA increment dest=2 pending=284
[HOP 1] GLOBAL HOP CONGESTED pending=284 threshold=16
[HOP 1] TX Pairwise16 DATA neighbor=2 hopSeq=284 securityCount=1
[MAC] Enqueue TX pkt dscp=5 insert_pos=0 queue_size_before=0
[MAC 1] Cancel queued acknowledged frame neighbor=2 seq=284 baseSeq=284 windowIndex=0
[HOP 1] link_control dest=2 neighborKnown=0 speed=8 txPower=30 rxPower=-105
[HOP 1] Pending DATA increment dest=2 pending=285
[HOP 1] GLOBAL HOP CONGESTED pending=285 threshold=16
[HOP 1] TX Pairwise16 DATA neighbor=2 hopSeq=285 securityCount=1
[MAC] Enqueue TX pkt dscp=5 insert_pos=0 queue_size_before=0
[MAC 1] Cancel queued acknowledged frame neighbor=2 seq=285 baseSeq=285 windowIndex=0
[HOP 1] link_control dest=2 neighborKnown=0 speed=8 txPower=30 rxPower=-105
[HOP 1] Pending DATA increment dest=2 pending=286
[HOP 1] GLOBAL HOP CONGESTED pending=286 threshold=16
[HOP 1] TX Pairwise16 DATA neighbor=2 hopSeq=286 securityCount=1
[MAC] Enqueue TX pkt dscp=5 insert_pos=0 queue_size_before=0
[MAC 1] Cancel queued acknowledged frame neighbor=2 seq=286 baseSeq=286 windowIndex=0
[HOP 1] link_control dest=2 neighborKnown=0 speed=8 txPower=30 rxPower=-105
[HOP 1] Pending DATA increment dest=2 pending=287
[HOP 1] GLOBAL HOP CONGESTED pending=287 threshold=16
[HOP 1] TX Pairwise16 DATA neighbor=2 hopSeq=287 securityCount=1
[MAC] Enqueue TX pkt dscp=5 insert_pos=0 queue_size_before=0
[MAC 1] Cancel queued acknowledged frame neighbor=2 seq=287 baseSeq=287 windowIndex=0
[HOP 1] link_control dest=2 neighborKnown=0 speed=8 txPower=30 rxPower=-105
[HOP 1] Pending DATA increment dest=2 pending=288
[HOP 1] GLOBAL HOP CONGESTED pending=288 threshold=16
[HOP 1] TX Pairwise16 DATA neighbor=2 hopSeq=288 securityCount=1
[MAC] Enqueue TX pkt dscp=5 insert_pos=0 queue_size_before=0
[MAC 1] Cancel queued acknowledged frame neighbor=2 seq=288 baseSeq=288 windowIndex=0
[HOP 1] link_control dest=2 neighborKnown=0 speed=8 txPower=30 rxPower=-105
[HOP 1] Pending DATA increment dest=2 pending=289
[HOP 1] GLOBAL HOP CONGESTED pending=289 threshold=16
[HOP 1] TX Pairwise16 DATA neighbor=2 hopSeq=289 securityCount=1
[MAC] Enqueue TX pkt dscp=5 insert_pos=0 queue_size_before=0
[MAC 1] Cancel queued acknowledged frame neighbor=2 seq=289 baseSeq=289 windowIndex=0
[HOP 1] link_control dest=2 neighborKnown=0 speed=8 txPower=30 rxPower=-105
[HOP 1] Pending DATA increment dest=2 pending=290
[HOP 1] GLOBAL HOP CONGESTED pending=290 threshold=16
[HOP 1] TX Pairwise16 DATA neighbor=2 hopSeq=290 securityCount=1
[MAC] Enqueue TX pkt dscp=5 insert_pos=0 queue_size_before=0
[MAC 1] Cancel queued acknowledged frame neighbor=2 seq=290 baseSeq=290 windowIndex=0
[HOP 1] link_control dest=2 neighborKnown=0 speed=8 txPower=30 rxPower=-105
[HOP 1] Pending DATA increment dest=2 pending=291
[HOP 1] GLOBAL HOP CONGESTED pending=291 threshold=16
[HOP 1] TX Pairwise16 DATA neighbor=2 hopSeq=291 securityCount=1
[MAC] Enqueue TX pkt dscp=5 insert_pos=0 queue_size_before=0
[MAC 1] Cancel queued acknowledged frame neighbor=2 seq=291 baseSeq=291 windowIndex=0
[HOP 1] link_control dest=2 neighborKnown=0 speed=8 txPower=30 rxPower=-105
[HOP 1] Pending DATA increment dest=2 pending=292
[HOP 1] GLOBAL HOP CONGESTED pending=292 threshold=16
[HOP 1] TX Pairwise16 DATA neighbor=2 hopSeq=292 securityCount=1
[MAC] Enqueue TX pkt dscp=5 insert_pos=0 queue_size_before=0
[MAC 1] Cancel queued acknowledged frame neighbor=2 seq=292 baseSeq=292 windowIndex=0
[HOP 1] link_control dest=2 neighborKnown=0 speed=8 txPower=30 rxPower=-105
[HOP 1] Pending DATA increment dest=2 pending=293
[HOP 1] GLOBAL HOP CONGESTED pending=293 threshold=16
[HOP 1] TX Pairwise16 DATA neighbor=2 hopSeq=293 securityCount=1
[MAC] Enqueue TX pkt dscp=5 insert_pos=0 queue_size_before=0
[MAC 1] Cancel queued acknowledged frame neighbor=2 seq=293 baseSeq=293 windowIndex=0
[HOP 1] link_control dest=2 neighborKnown=0 speed=8 txPower=30 rxPower=-105
[HOP 1] Pending DATA increment dest=2 pending=294
[HOP 1] GLOBAL HOP CONGESTED pending=294 threshold=16
[HOP 1] TX Pairwise16 DATA neighbor=2 hopSeq=294 securityCount=1
[MAC] Enqueue TX pkt dscp=5 insert_pos=0 queue_size_before=0
[MAC 1] Cancel queued acknowledged frame neighbor=2 seq=294 baseSeq=294 windowIndex=0
[HOP 1] link_control dest=2 neighborKnown=0 speed=8 txPower=30 rxPower=-105
[HOP 1] Pending DATA increment dest=2 pending=295
[HOP 1] GLOBAL HOP CONGESTED pending=295 threshold=16
[HOP 1] TX Pairwise16 DATA neighbor=2 hopSeq=295 securityCount=1
[MAC] Enqueue TX pkt dscp=5 insert_pos=0 queue_size_before=0
[MAC 1] Cancel queued acknowledged frame neighbor=2 seq=295 baseSeq=295 windowIndex=0
[HOP 1] link_control dest=2 neighborKnown=0 speed=8 txPower=30 rxPower=-105
[HOP 1] Pending DATA increment dest=2 pending=296
[HOP 1] GLOBAL HOP CONGESTED pending=296 threshold=16
[HOP 1] TX Pairwise16 DATA neighbor=2 hopSeq=296 securityCount=1
[MAC] Enqueue TX pkt dscp=5 insert_pos=0 queue_size_before=0
[MAC 1] Cancel queued acknowledged frame neighbor=2 seq=296 baseSeq=296 windowIndex=0
[HOP 1] link_control dest=2 neighborKnown=0 speed=8 txPower=30 rxPower=-105
[HOP 1] Pending DATA increment dest=2 pending=297
[HOP 1] GLOBAL HOP CONGESTED pending=297 threshold=16
[HOP 1] TX Pairwise16 DATA neighbor=2 hopSeq=297 securityCount=1
[MAC] Enqueue TX pkt dscp=5 insert_pos=0 queue_size_before=0
[MAC 1] Cancel queued acknowledged frame neighbor=2 seq=297 baseSeq=297 windowIndex=0
[HOP 1] link_control dest=2 neighborKnown=0 speed=8 txPower=30 rxPower=-105
[HOP 1] Pending DATA increment dest=2 pending=298
[HOP 1] GLOBAL HOP CONGESTED pending=298 threshold=16
[HOP 1] TX Pairwise16 DATA neighbor=2 hopSeq=298 securityCount=1
[MAC] Enqueue TX pkt dscp=5 insert_pos=0 queue_size_before=0
[MAC 1] Cancel queued acknowledged frame neighbor=2 seq=298 baseSeq=298 windowIndex=0
[HOP 1] link_control dest=2 neighborKnown=0 speed=8 txPower=30 rxPower=-105
[HOP 1] Pending DATA increment dest=2 pending=299
[HOP 1] GLOBAL HOP CONGESTED pending=299 threshold=16
[HOP 1] TX Pairwise16 DATA neighbor=2 hopSeq=299 securityCount=1
[MAC] Enqueue TX pkt dscp=5 insert_pos=0 queue_size_before=0
[MAC 1] Cancel queued acknowledged frame neighbor=2 seq=299 baseSeq=299 windowIndex=0
[HOP 1] link_control dest=2 neighborKnown=0 speed=8 txPower=30 rxPower=-105
[HOP 1] Pending DATA increment dest=2 pending=300
[HOP 1] GLOBAL HOP CONGESTED pending=300 threshold=16
[HOP 1] TX Pairwise16 DATA neighbor=2 hopSeq=300 securityCount=1
[MAC] Enqueue TX pkt dscp=5 insert_pos=0 queue_size_before=0
[MAC 1] Cancel queued acknowledged frame neighbor=2 seq=300 baseSeq=300 windowIndex=0
[HOP 1] link_control dest=2 neighborKnown=0 speed=8 txPower=30 rxPower=-105
[HOP 1] Pending DATA increment dest=2 pending=301
[HOP 1] GLOBAL HOP CONGESTED pending=301 threshold=16
[HOP 1] TX Pairwise16 DATA neighbor=2 hopSeq=301 securityCount=1
[MAC] Enqueue TX pkt dscp=5 insert_pos=0 queue_size_before=0
[MAC 1] Cancel queued acknowledged frame neighbor=2 seq=301 baseSeq=301 windowIndex=0
[HOP 1] link_control dest=2 neighborKnown=0 speed=8 txPower=30 rxPower=-105
[HOP 1] Pending DATA increment dest=2 pending=302
[HOP 1] GLOBAL HOP CONGESTED pending=302 threshold=16
[HOP 1] TX Pairwise16 DATA neighbor=2 hopSeq=302 securityCount=1
[MAC] Enqueue TX pkt dscp=5 insert_pos=0 queue_size_before=0
[MAC 1] Cancel queued acknowledged frame neighbor=2 seq=302 baseSeq=302 windowIndex=0
[HOP 1] link_control dest=2 neighborKnown=0 speed=8 txPower=30 rxPower=-105
[HOP 1] Pending DATA increment dest=2 pending=303
[HOP 1] GLOBAL HOP CONGESTED pending=303 threshold=16
[HOP 1] TX Pairwise16 DATA neighbor=2 hopSeq=303 securityCount=1
[MAC] Enqueue TX pkt dscp=5 insert_pos=0 queue_size_before=0
[MAC 1] Cancel queued acknowledged frame neighbor=2 seq=303 baseSeq=303 windowIndex=0
[HOP 1] link_control dest=2 neighborKnown=0 speed=8 txPower=30 rxPower=-105
[HOP 1] Pending DATA increment dest=2 pending=304
[HOP 1] GLOBAL HOP CONGESTED pending=304 threshold=16
[HOP 1] TX Pairwise16 DATA neighbor=2 hopSeq=304 securityCount=1
[MAC] Enqueue TX pkt dscp=5 insert_pos=0 queue_size_before=0
[MAC 1] Cancel queued acknowledged frame neighbor=2 seq=304 baseSeq=304 windowIndex=0
[HOP 1] link_control dest=2 neighborKnown=0 speed=8 txPower=30 rxPower=-105
[HOP 1] Pending DATA increment dest=2 pending=305
[HOP 1] GLOBAL HOP CONGESTED pending=305 threshold=16
[HOP 1] TX Pairwise16 DATA neighbor=2 hopSeq=305 securityCount=1
[MAC] Enqueue TX pkt dscp=5 insert_pos=0 queue_size_before=0
[MAC 1] Cancel queued acknowledged frame neighbor=2 seq=305 baseSeq=305 windowIndex=0
[HOP 1] link_control dest=2 neighborKnown=0 speed=8 txPower=30 rxPower=-105
[HOP 1] Pending DATA increment dest=2 pending=306
[HOP 1] GLOBAL HOP CONGESTED pending=306 threshold=16
[HOP 1] TX Pairwise16 DATA neighbor=2 hopSeq=306 securityCount=1
[MAC] Enqueue TX pkt dscp=5 insert_pos=0 queue_size_before=0
[MAC 1] Cancel queued acknowledged frame neighbor=2 seq=306 baseSeq=306 windowIndex=0
[HOP 1] link_control dest=2 neighborKnown=0 speed=8 txPower=30 rxPower=-105
[HOP 1] Pending DATA increment dest=2 pending=307
[HOP 1] GLOBAL HOP CONGESTED pending=307 threshold=16
[HOP 1] TX Pairwise16 DATA neighbor=2 hopSeq=307 securityCount=1
[MAC] Enqueue TX pkt dscp=5 insert_pos=0 queue_size_before=0
[MAC 1] Cancel queued acknowledged frame neighbor=2 seq=307 baseSeq=307 windowIndex=0
[HOP 1] link_control dest=2 neighborKnown=0 speed=8 txPower=30 rxPower=-105
[HOP 1] Pending DATA increment dest=2 pending=308
[HOP 1] GLOBAL HOP CONGESTED pending=308 threshold=16
[HOP 1] TX Pairwise16 DATA neighbor=2 hopSeq=308 securityCount=1
[MAC] Enqueue TX pkt dscp=5 insert_pos=0 queue_size_before=0
[MAC 1] Cancel queued acknowledged frame neighbor=2 seq=308 baseSeq=308 windowIndex=0
[HOP 1] link_control dest=2 neighborKnown=0 speed=8 txPower=30 rxPower=-105
[HOP 1] Pending DATA increment dest=2 pending=309
[HOP 1] GLOBAL HOP CONGESTED pending=309 threshold=16
[HOP 1] TX Pairwise16 DATA neighbor=2 hopSeq=309 securityCount=1
[MAC] Enqueue TX pkt dscp=5 insert_pos=0 queue_size_before=0
[MAC 1] Cancel queued acknowledged frame neighbor=2 seq=309 baseSeq=309 windowIndex=0
[HOP 1] link_control dest=2 neighborKnown=0 speed=8 txPower=30 rxPower=-105
[HOP 1] Pending DATA increment dest=2 pending=310
[HOP 1] GLOBAL HOP CONGESTED pending=310 threshold=16
[HOP 1] TX Pairwise16 DATA neighbor=2 hopSeq=310 securityCount=1
[MAC] Enqueue TX pkt dscp=5 insert_pos=0 queue_size_before=0
[MAC 1] Cancel queued acknowledged frame neighbor=2 seq=310 baseSeq=310 windowIndex=0
[HOP 1] link_control dest=2 neighborKnown=0 speed=8 txPower=30 rxPower=-105
[HOP 1] Pending DATA increment dest=2 pending=311
[HOP 1] GLOBAL HOP CONGESTED pending=311 threshold=16
[HOP 1] TX Pairwise16 DATA neighbor=2 hopSeq=311 securityCount=1
[MAC] Enqueue TX pkt dscp=5 insert_pos=0 queue_size_before=0
[MAC 1] Cancel queued acknowledged frame neighbor=2 seq=311 baseSeq=311 windowIndex=0
[HOP 1] link_control dest=2 neighborKnown=0 speed=8 txPower=30 rxPower=-105
[HOP 1] Pending DATA increment dest=2 pending=312
[HOP 1] GLOBAL HOP CONGESTED pending=312 threshold=16
[HOP 1] TX Pairwise16 DATA neighbor=2 hopSeq=312 securityCount=1
[MAC] Enqueue TX pkt dscp=5 insert_pos=0 queue_size_before=0
[MAC 1] Cancel queued acknowledged frame neighbor=2 seq=312 baseSeq=312 windowIndex=0
[HOP 1] link_control dest=2 neighborKnown=0 speed=8 txPower=30 rxPower=-105
[HOP 1] Pending DATA increment dest=2 pending=313
[HOP 1] GLOBAL HOP CONGESTED pending=313 threshold=16
[HOP 1] TX Pairwise16 DATA neighbor=2 hopSeq=313 securityCount=1
[MAC] Enqueue TX pkt dscp=5 insert_pos=0 queue_size_before=0
[MAC 1] Cancel queued acknowledged frame neighbor=2 seq=313 baseSeq=313 windowIndex=0
[HOP 1] link_control dest=2 neighborKnown=0 speed=8 txPower=30 rxPower=-105
[HOP 1] Pending DATA increment dest=2 pending=314
[HOP 1] GLOBAL HOP CONGESTED pending=314 threshold=16
[HOP 1] TX Pairwise16 DATA neighbor=2 hopSeq=314 securityCount=1
[MAC] Enqueue TX pkt dscp=5 insert_pos=0 queue_size_before=0
[MAC 1] Cancel queued acknowledged frame neighbor=2 seq=314 baseSeq=314 windowIndex=0
[HOP 1] link_control dest=2 neighborKnown=0 speed=8 txPower=30 rxPower=-105
[HOP 1] Pending DATA increment dest=2 pending=315
[HOP 1] GLOBAL HOP CONGESTED pending=315 threshold=16
[HOP 1] TX Pairwise16 DATA neighbor=2 hopSeq=315 securityCount=1
[MAC] Enqueue TX pkt dscp=5 insert_pos=0 queue_size_before=0
[MAC 1] Cancel queued acknowledged frame neighbor=2 seq=315 baseSeq=315 windowIndex=0
[HOP 1] link_control dest=2 neighborKnown=0 speed=8 txPower=30 rxPower=-105
[HOP 1] Pending DATA increment dest=2 pending=316
[HOP 1] GLOBAL HOP CONGESTED pending=316 threshold=16
[HOP 1] TX Pairwise16 DATA neighbor=2 hopSeq=316 securityCount=1
[MAC] Enqueue TX pkt dscp=5 insert_pos=0 queue_size_before=0
[MAC 1] Cancel queued acknowledged frame neighbor=2 seq=316 baseSeq=316 windowIndex=0
[HOP 1] link_control dest=2 neighborKnown=0 speed=8 txPower=30 rxPower=-105
[HOP 1] Pending DATA increment dest=2 pending=317
[HOP 1] GLOBAL HOP CONGESTED pending=317 threshold=16
[HOP 1] TX Pairwise16 DATA neighbor=2 hopSeq=317 securityCount=1
[MAC] Enqueue TX pkt dscp=5 insert_pos=0 queue_size_before=0
[MAC 1] Cancel queued acknowledged frame neighbor=2 seq=317 baseSeq=317 windowIndex=0
[HOP 1] link_control dest=2 neighborKnown=0 speed=8 txPower=30 rxPower=-105
[HOP 1] Pending DATA increment dest=2 pending=318
[HOP 1] GLOBAL HOP CONGESTED pending=318 threshold=16
[HOP 1] TX Pairwise16 DATA neighbor=2 hopSeq=318 securityCount=1
[MAC] Enqueue TX pkt dscp=5 insert_pos=0 queue_size_before=0
[MAC 1] Cancel queued acknowledged frame neighbor=2 seq=318 baseSeq=318 windowIndex=0
[HOP 1] link_control dest=2 neighborKnown=0 speed=8 txPower=30 rxPower=-105
[HOP 1] Pending DATA increment dest=2 pending=319
[HOP 1] GLOBAL HOP CONGESTED pending=319 threshold=16
[HOP 1] TX Pairwise16 DATA neighbor=2 hopSeq=319 securityCount=1
[MAC] Enqueue TX pkt dscp=5 insert_pos=0 queue_size_before=0
[MAC 1] Cancel queued acknowledged frame neighbor=2 seq=319 baseSeq=319 windowIndex=0
[HOP 1] link_control dest=2 neighborKnown=0 speed=8 txPower=30 rxPower=-105
[HOP 1] Pending DATA increment dest=2 pending=320
[HOP 1] GLOBAL HOP CONGESTED pending=320 threshold=16
[HOP 1] TX Pairwise16 DATA neighbor=2 hopSeq=320 securityCount=1
[MAC] Enqueue TX pkt dscp=5 insert_pos=0 queue_size_before=0
[MAC 1] Cancel queued acknowledged frame neighbor=2 seq=320 baseSeq=320 windowIndex=0
[HOP 1] link_control dest=2 neighborKnown=0 speed=8 txPower=30 rxPower=-105
[HOP 1] Pending DATA increment dest=2 pending=321
[HOP 1] GLOBAL HOP CONGESTED pending=321 threshold=16
[HOP 1] TX Pairwise16 DATA neighbor=2 hopSeq=321 securityCount=1
[MAC] Enqueue TX pkt dscp=5 insert_pos=0 queue_size_before=0
[MAC 1] Cancel queued acknowledged frame neighbor=2 seq=321 baseSeq=321 windowIndex=0
[HOP 1] link_control dest=2 neighborKnown=0 speed=8 txPower=30 rxPower=-105
[HOP 1] Pending DATA increment dest=2 pending=322
[HOP 1] GLOBAL HOP CONGESTED pending=322 threshold=16
[HOP 1] TX Pairwise16 DATA neighbor=2 hopSeq=322 securityCount=1
[MAC] Enqueue TX pkt dscp=5 insert_pos=0 queue_size_before=0
[MAC 1] Cancel queued acknowledged frame neighbor=2 seq=322 baseSeq=322 windowIndex=0
[HOP 1] link_control dest=2 neighborKnown=0 speed=8 txPower=30 rxPower=-105
[HOP 1] Pending DATA increment dest=2 pending=323
[HOP 1] GLOBAL HOP CONGESTED pending=323 threshold=16
[HOP 1] TX Pairwise16 DATA neighbor=2 hopSeq=323 securityCount=1
[MAC] Enqueue TX pkt dscp=5 insert_pos=0 queue_size_before=0
[MAC 1] Cancel queued acknowledged frame neighbor=2 seq=323 baseSeq=323 windowIndex=0
[HOP 1] link_control dest=2 neighborKnown=0 speed=8 txPower=30 rxPower=-105
[HOP 1] Pending DATA increment dest=2 pending=324
[HOP 1] GLOBAL HOP CONGESTED pending=324 threshold=16
[HOP 1] TX Pairwise16 DATA neighbor=2 hopSeq=324 securityCount=1
[MAC] Enqueue TX pkt dscp=5 insert_pos=0 queue_size_before=0
[MAC 1] Cancel queued acknowledged frame neighbor=2 seq=324 baseSeq=324 windowIndex=0
[HOP 1] link_control dest=2 neighborKnown=0 speed=8 txPower=30 rxPower=-105
[HOP 1] Pending DATA increment dest=2 pending=325
[HOP 1] GLOBAL HOP CONGESTED pending=325 threshold=16
[HOP 1] TX Pairwise16 DATA neighbor=2 hopSeq=325 securityCount=1
[MAC] Enqueue TX pkt dscp=5 insert_pos=0 queue_size_before=0
[MAC 1] Cancel queued acknowledged frame neighbor=2 seq=325 baseSeq=325 windowIndex=0
[HOP 1] link_control dest=2 neighborKnown=0 speed=8 txPower=30 rxPower=-105
[HOP 1] Pending DATA increment dest=2 pending=326
[HOP 1] GLOBAL HOP CONGESTED pending=326 threshold=16
[HOP 1] TX Pairwise16 DATA neighbor=2 hopSeq=326 securityCount=1
[MAC] Enqueue TX pkt dscp=5 insert_pos=0 queue_size_before=0
[MAC 1] Cancel queued acknowledged frame neighbor=2 seq=326 baseSeq=326 windowIndex=0
[HOP 1] link_control dest=2 neighborKnown=0 speed=8 txPower=30 rxPower=-105
[HOP 1] Pending DATA increment dest=2 pending=327
[HOP 1] GLOBAL HOP CONGESTED pending=327 threshold=16
[HOP 1] TX Pairwise16 DATA neighbor=2 hopSeq=327 securityCount=1
[MAC] Enqueue TX pkt dscp=5 insert_pos=0 queue_size_before=0
[MAC 1] Cancel queued acknowledged frame neighbor=2 seq=327 baseSeq=327 windowIndex=0
[HOP 1] link_control dest=2 neighborKnown=0 speed=8 txPower=30 rxPower=-105
[HOP 1] Pending DATA increment dest=2 pending=328
[HOP 1] GLOBAL HOP CONGESTED pending=328 threshold=16
[HOP 1] TX Pairwise16 DATA neighbor=2 hopSeq=328 securityCount=1
[MAC] Enqueue TX pkt dscp=5 insert_pos=0 queue_size_before=0
[MAC 1] Cancel queued acknowledged frame neighbor=2 seq=328 baseSeq=328 windowIndex=0
[HOP 1] link_control dest=2 neighborKnown=0 speed=8 txPower=30 rxPower=-105
[HOP 1] Pending DATA increment dest=2 pending=329
[HOP 1] GLOBAL HOP CONGESTED pending=329 threshold=16
[HOP 1] TX Pairwise16 DATA neighbor=2 hopSeq=329 securityCount=1
[MAC] Enqueue TX pkt dscp=5 insert_pos=0 queue_size_before=0
[MAC 1] Cancel queued acknowledged frame neighbor=2 seq=329 baseSeq=329 windowIndex=0
[HOP 1] link_control dest=2 neighborKnown=0 speed=8 txPower=30 rxPower=-105
[HOP 1] Pending DATA increment dest=2 pending=330
[HOP 1] GLOBAL HOP CONGESTED pending=330 threshold=16
[HOP 1] TX Pairwise16 DATA neighbor=2 hopSeq=330 securityCount=1
[MAC] Enqueue TX pkt dscp=5 insert_pos=0 queue_size_before=0
[MAC 1] Cancel queued acknowledged frame neighbor=2 seq=330 baseSeq=330 windowIndex=0
[HOP 1] link_control dest=2 neighborKnown=0 speed=8 txPower=30 rxPower=-105
[HOP 1] Pending DATA increment dest=2 pending=331
[HOP 1] GLOBAL HOP CONGESTED pending=331 threshold=16
[HOP 1] TX Pairwise16 DATA neighbor=2 hopSeq=331 securityCount=1
[MAC] Enqueue TX pkt dscp=5 insert_pos=0 queue_size_before=0
[MAC 1] Cancel queued acknowledged frame neighbor=2 seq=331 baseSeq=331 windowIndex=0
[HOP 1] link_control dest=2 neighborKnown=0 speed=8 txPower=30 rxPower=-105
[HOP 1] Pending DATA increment dest=2 pending=332
[HOP 1] GLOBAL HOP CONGESTED pending=332 threshold=16
[HOP 1] TX Pairwise16 DATA neighbor=2 hopSeq=332 securityCount=1
[MAC] Enqueue TX pkt dscp=5 insert_pos=0 queue_size_before=0
[MAC 1] Cancel queued acknowledged frame neighbor=2 seq=332 baseSeq=332 windowIndex=0
[HOP 1] link_control dest=2 neighborKnown=0 speed=8 txPower=30 rxPower=-105
[HOP 1] Pending DATA increment dest=2 pending=333
[HOP 1] GLOBAL HOP CONGESTED pending=333 threshold=16
[HOP 1] TX Pairwise16 DATA neighbor=2 hopSeq=333 securityCount=1
[MAC] Enqueue TX pkt dscp=5 insert_pos=0 queue_size_before=0
[MAC 1] Cancel queued acknowledged frame neighbor=2 seq=333 baseSeq=333 windowIndex=0
[HOP 1] link_control dest=2 neighborKnown=0 speed=8 txPower=30 rxPower=-105
[HOP 1] Pending DATA increment dest=2 pending=334
[HOP 1] GLOBAL HOP CONGESTED pending=334 threshold=16
[HOP 1] TX Pairwise16 DATA neighbor=2 hopSeq=334 securityCount=1
[MAC] Enqueue TX pkt dscp=5 insert_pos=0 queue_size_before=0
[MAC 1] Cancel queued acknowledged frame neighbor=2 seq=334 baseSeq=334 windowIndex=0
[HOP 1] link_control dest=2 neighborKnown=0 speed=8 txPower=30 rxPower=-105
[HOP 1] Pending DATA increment dest=2 pending=335
[HOP 1] GLOBAL HOP CONGESTED pending=335 threshold=16
[HOP 1] TX Pairwise16 DATA neighbor=2 hopSeq=335 securityCount=1
[MAC] Enqueue TX pkt dscp=5 insert_pos=0 queue_size_before=0
[MAC 1] Cancel queued acknowledged frame neighbor=2 seq=335 baseSeq=335 windowIndex=0
[HOP 1] link_control dest=2 neighborKnown=0 speed=8 txPower=30 rxPower=-105
[HOP 1] Pending DATA increment dest=2 pending=336
[HOP 1] GLOBAL HOP CONGESTED pending=336 threshold=16
[HOP 1] TX Pairwise16 DATA neighbor=2 hopSeq=336 securityCount=1
[MAC] Enqueue TX pkt dscp=5 insert_pos=0 queue_size_before=0
[MAC 1] Cancel queued acknowledged frame neighbor=2 seq=336 baseSeq=336 windowIndex=0
[HOP 1] link_control dest=2 neighborKnown=0 speed=8 txPower=30 rxPower=-105
[HOP 1] Pending DATA increment dest=2 pending=337
[HOP 1] GLOBAL HOP CONGESTED pending=337 threshold=16
[HOP 1] TX Pairwise16 DATA neighbor=2 hopSeq=337 securityCount=1
[MAC] Enqueue TX pkt dscp=5 insert_pos=0 queue_size_before=0
[MAC 1] Cancel queued acknowledged frame neighbor=2 seq=337 baseSeq=337 windowIndex=0
[HOP 1] link_control dest=2 neighborKnown=0 speed=8 txPower=30 rxPower=-105
[HOP 1] Pending DATA increment dest=2 pending=338
[HOP 1] GLOBAL HOP CONGESTED pending=338 threshold=16
[HOP 1] TX Pairwise16 DATA neighbor=2 hopSeq=338 securityCount=1
[MAC] Enqueue TX pkt dscp=5 insert_pos=0 queue_size_before=0
[MAC 1] Cancel queued acknowledged frame neighbor=2 seq=338 baseSeq=338 windowIndex=0
[HOP 1] link_control dest=2 neighborKnown=0 speed=8 txPower=30 rxPower=-105
[HOP 1] Pending DATA increment dest=2 pending=339
[HOP 1] GLOBAL HOP CONGESTED pending=339 threshold=16
[HOP 1] TX Pairwise16 DATA neighbor=2 hopSeq=339 securityCount=1
[MAC] Enqueue TX pkt dscp=5 insert_pos=0 queue_size_before=0
[MAC 1] Cancel queued acknowledged frame neighbor=2 seq=339 baseSeq=339 windowIndex=0
[HOP 1] link_control dest=2 neighborKnown=0 speed=8 txPower=30 rxPower=-105
[HOP 1] Pending DATA increment dest=2 pending=340
[HOP 1] GLOBAL HOP CONGESTED pending=340 threshold=16
[HOP 1] TX Pairwise16 DATA neighbor=2 hopSeq=340 securityCount=1
[MAC] Enqueue TX pkt dscp=5 insert_pos=0 queue_size_before=0
[MAC 1] Cancel queued acknowledged frame neighbor=2 seq=340 baseSeq=340 windowIndex=0
[HOP 1] link_control dest=2 neighborKnown=0 speed=8 txPower=30 rxPower=-105
[HOP 1] Pending DATA increment dest=2 pending=341
[HOP 1] GLOBAL HOP CONGESTED pending=341 threshold=16
[HOP 1] TX Pairwise16 DATA neighbor=2 hopSeq=341 securityCount=1
[MAC] Enqueue TX pkt dscp=5 insert_pos=0 queue_size_before=0
[MAC 1] Cancel queued acknowledged frame neighbor=2 seq=341 baseSeq=341 windowIndex=0
[HOP 1] link_control dest=2 neighborKnown=0 speed=8 txPower=30 rxPower=-105
[HOP 1] Pending DATA increment dest=2 pending=342
[HOP 1] GLOBAL HOP CONGESTED pending=342 threshold=16
[HOP 1] TX Pairwise16 DATA neighbor=2 hopSeq=342 securityCount=1
[MAC] Enqueue TX pkt dscp=5 insert_pos=0 queue_size_before=0
[MAC 1] Cancel queued acknowledged frame neighbor=2 seq=342 baseSeq=342 windowIndex=0
[HOP 1] link_control dest=2 neighborKnown=0 speed=8 txPower=30 rxPower=-105
[HOP 1] Pending DATA increment dest=2 pending=343
[HOP 1] GLOBAL HOP CONGESTED pending=343 threshold=16
[HOP 1] TX Pairwise16 DATA neighbor=2 hopSeq=343 securityCount=1
[MAC] Enqueue TX pkt dscp=5 insert_pos=0 queue_size_before=0
[MAC 1] Cancel queued acknowledged frame neighbor=2 seq=343 baseSeq=343 windowIndex=0
[HOP 1] link_control dest=2 neighborKnown=0 speed=8 txPower=30 rxPower=-105
[HOP 1] Pending DATA increment dest=2 pending=344
[HOP 1] GLOBAL HOP CONGESTED pending=344 threshold=16
[HOP 1] TX Pairwise16 DATA neighbor=2 hopSeq=344 securityCount=1
[MAC] Enqueue TX pkt dscp=5 insert_pos=0 queue_size_before=0
[MAC 1] Cancel queued acknowledged frame neighbor=2 seq=344 baseSeq=344 windowIndex=0
[HOP 1] link_control dest=2 neighborKnown=0 speed=8 txPower=30 rxPower=-105
[HOP 1] Pending DATA increment dest=2 pending=345
[HOP 1] GLOBAL HOP CONGESTED pending=345 threshold=16
[HOP 1] TX Pairwise16 DATA neighbor=2 hopSeq=345 securityCount=1
[MAC] Enqueue TX pkt dscp=5 insert_pos=0 queue_size_before=0
[MAC 1] Cancel queued acknowledged frame neighbor=2 seq=345 baseSeq=345 windowIndex=0
[HOP 1] link_control dest=2 neighborKnown=0 speed=8 txPower=30 rxPower=-105
[HOP 1] Pending DATA increment dest=2 pending=346
[HOP 1] GLOBAL HOP CONGESTED pending=346 threshold=16
[HOP 1] TX Pairwise16 DATA neighbor=2 hopSeq=346 securityCount=1
[MAC] Enqueue TX pkt dscp=5 insert_pos=0 queue_size_before=0
[MAC 1] Cancel queued acknowledged frame neighbor=2 seq=346 baseSeq=346 windowIndex=0
[HOP 1] link_control dest=2 neighborKnown=0 speed=8 txPower=30 rxPower=-105
[HOP 1] Pending DATA increment dest=2 pending=347
[HOP 1] GLOBAL HOP CONGESTED pending=347 threshold=16
[HOP 1] TX Pairwise16 DATA neighbor=2 hopSeq=347 securityCount=1
[MAC] Enqueue TX pkt dscp=5 insert_pos=0 queue_size_before=0
[MAC 1] Cancel queued acknowledged frame neighbor=2 seq=347 baseSeq=347 windowIndex=0
[HOP 1] link_control dest=2 neighborKnown=0 speed=8 txPower=30 rxPower=-105
[HOP 1] Pending DATA increment dest=2 pending=348
[HOP 1] GLOBAL HOP CONGESTED pending=348 threshold=16
[HOP 1] TX Pairwise16 DATA neighbor=2 hopSeq=348 securityCount=1
[MAC] Enqueue TX pkt dscp=5 insert_pos=0 queue_size_before=0
[MAC 1] Cancel queued acknowledged frame neighbor=2 seq=348 baseSeq=348 windowIndex=0
[HOP 1] link_control dest=2 neighborKnown=0 speed=8 txPower=30 rxPower=-105
[HOP 1] Pending DATA increment dest=2 pending=349
[HOP 1] GLOBAL HOP CONGESTED pending=349 threshold=16
[HOP 1] TX Pairwise16 DATA neighbor=2 hopSeq=349 securityCount=1
[MAC] Enqueue TX pkt dscp=5 insert_pos=0 queue_size_before=0
[MAC 1] Cancel queued acknowledged frame neighbor=2 seq=349 baseSeq=349 windowIndex=0
[HOP 1] link_control dest=2 neighborKnown=0 speed=8 txPower=30 rxPower=-105
[HOP 1] Pending DATA increment dest=2 pending=350
[HOP 1] GLOBAL HOP CONGESTED pending=350 threshold=16
[HOP 1] TX Pairwise16 DATA neighbor=2 hopSeq=350 securityCount=1
[MAC] Enqueue TX pkt dscp=5 insert_pos=0 queue_size_before=0
[MAC 1] Cancel queued acknowledged frame neighbor=2 seq=350 baseSeq=350 windowIndex=0
[HOP 1] link_control dest=2 neighborKnown=0 speed=8 txPower=30 rxPower=-105
[HOP 1] Pending DATA increment dest=2 pending=351
[HOP 1] GLOBAL HOP CONGESTED pending=351 threshold=16
[HOP 1] TX Pairwise16 DATA neighbor=2 hopSeq=351 securityCount=1
[MAC] Enqueue TX pkt dscp=5 insert_pos=0 queue_size_before=0
[MAC 1] Cancel queued acknowledged frame neighbor=2 seq=351 baseSeq=351 windowIndex=0
[HOP 1] link_control dest=2 neighborKnown=0 speed=8 txPower=30 rxPower=-105
[HOP 1] Pending DATA increment dest=2 pending=352
[HOP 1] GLOBAL HOP CONGESTED pending=352 threshold=16
[HOP 1] TX Pairwise16 DATA neighbor=2 hopSeq=352 securityCount=1
[MAC] Enqueue TX pkt dscp=5 insert_pos=0 queue_size_before=0
[MAC 1] Cancel queued acknowledged frame neighbor=2 seq=352 baseSeq=352 windowIndex=0
[HOP 1] link_control dest=2 neighborKnown=0 speed=8 txPower=30 rxPower=-105
[HOP 1] Pending DATA increment dest=2 pending=353
[HOP 1] GLOBAL HOP CONGESTED pending=353 threshold=16
[HOP 1] TX Pairwise16 DATA neighbor=2 hopSeq=353 securityCount=1
[MAC] Enqueue TX pkt dscp=5 insert_pos=0 queue_size_before=0
[MAC 1] Cancel queued acknowledged frame neighbor=2 seq=353 baseSeq=353 windowIndex=0
[HOP 1] link_control dest=2 neighborKnown=0 speed=8 txPower=30 rxPower=-105
[HOP 1] Pending DATA increment dest=2 pending=354
[HOP 1] GLOBAL HOP CONGESTED pending=354 threshold=16
[HOP 1] TX Pairwise16 DATA neighbor=2 hopSeq=354 securityCount=1
[MAC] Enqueue TX pkt dscp=5 insert_pos=0 queue_size_before=0
[MAC 1] Cancel queued acknowledged frame neighbor=2 seq=354 baseSeq=354 windowIndex=0
[HOP 1] link_control dest=2 neighborKnown=0 speed=8 txPower=30 rxPower=-105
[HOP 1] Pending DATA increment dest=2 pending=355
[HOP 1] GLOBAL HOP CONGESTED pending=355 threshold=16
[HOP 1] TX Pairwise16 DATA neighbor=2 hopSeq=355 securityCount=1
[MAC] Enqueue TX pkt dscp=5 insert_pos=0 queue_size_before=0
[MAC 1] Cancel queued acknowledged frame neighbor=2 seq=355 baseSeq=355 windowIndex=0
[HOP 1] link_control dest=2 neighborKnown=0 speed=8 txPower=30 rxPower=-105
[HOP 1] Pending DATA increment dest=2 pending=356
[HOP 1] GLOBAL HOP CONGESTED pending=356 threshold=16
[HOP 1] TX Pairwise16 DATA neighbor=2 hopSeq=356 securityCount=1
[MAC] Enqueue TX pkt dscp=5 insert_pos=0 queue_size_before=0
[MAC 1] Cancel queued acknowledged frame neighbor=2 seq=356 baseSeq=356 windowIndex=0
[HOP 1] link_control dest=2 neighborKnown=0 speed=8 txPower=30 rxPower=-105
[HOP 1] Pending DATA increment dest=2 pending=357
[HOP 1] GLOBAL HOP CONGESTED pending=357 threshold=16
[HOP 1] TX Pairwise16 DATA neighbor=2 hopSeq=357 securityCount=1
[MAC] Enqueue TX pkt dscp=5 insert_pos=0 queue_size_before=0
[MAC 1] Cancel queued acknowledged frame neighbor=2 seq=357 baseSeq=357 windowIndex=0
[HOP 1] link_control dest=2 neighborKnown=0 speed=8 txPower=30 rxPower=-105
[HOP 1] Pending DATA increment dest=2 pending=358
[HOP 1] GLOBAL HOP CONGESTED pending=358 threshold=16
[HOP 1] TX Pairwise16 DATA neighbor=2 hopSeq=358 securityCount=1
[MAC] Enqueue TX pkt dscp=5 insert_pos=0 queue_size_before=0
[MAC 1] Cancel queued acknowledged frame neighbor=2 seq=358 baseSeq=358 windowIndex=0
[HOP 1] link_control dest=2 neighborKnown=0 speed=8 txPower=30 rxPower=-105
[HOP 1] Pending DATA increment dest=2 pending=359
[HOP 1] GLOBAL HOP CONGESTED pending=359 threshold=16
[HOP 1] TX Pairwise16 DATA neighbor=2 hopSeq=359 securityCount=1
[MAC] Enqueue TX pkt dscp=5 insert_pos=0 queue_size_before=0
[MAC 1] Cancel queued acknowledged frame neighbor=2 seq=359 baseSeq=359 windowIndex=0
[HOP 1] link_control dest=2 neighborKnown=0 speed=8 txPower=30 rxPower=-105
[HOP 1] Pending DATA increment dest=2 pending=360
[HOP 1] GLOBAL HOP CONGESTED pending=360 threshold=16
[HOP 1] TX Pairwise16 DATA neighbor=2 hopSeq=360 securityCount=1
[MAC] Enqueue TX pkt dscp=5 insert_pos=0 queue_size_before=0
[MAC 1] Cancel queued acknowledged frame neighbor=2 seq=360 baseSeq=360 windowIndex=0
[HOP 1] link_control dest=2 neighborKnown=0 speed=8 txPower=30 rxPower=-105
[HOP 1] Pending DATA increment dest=2 pending=361
[HOP 1] GLOBAL HOP CONGESTED pending=361 threshold=16
[HOP 1] TX Pairwise16 DATA neighbor=2 hopSeq=361 securityCount=1
[MAC] Enqueue TX pkt dscp=5 insert_pos=0 queue_size_before=0
[MAC 1] Cancel queued acknowledged frame neighbor=2 seq=361 baseSeq=361 windowIndex=0
[HOP 1] link_control dest=2 neighborKnown=0 speed=8 txPower=30 rxPower=-105
[HOP 1] Pending DATA increment dest=2 pending=362
[HOP 1] GLOBAL HOP CONGESTED pending=362 threshold=16
[HOP 1] TX Pairwise16 DATA neighbor=2 hopSeq=362 securityCount=1
[MAC] Enqueue TX pkt dscp=5 insert_pos=0 queue_size_before=0
[MAC 1] Cancel queued acknowledged frame neighbor=2 seq=362 baseSeq=362 windowIndex=0
[HOP 1] link_control dest=2 neighborKnown=0 speed=8 txPower=30 rxPower=-105
[HOP 1] Pending DATA increment dest=2 pending=363
[HOP 1] GLOBAL HOP CONGESTED pending=363 threshold=16
[HOP 1] TX Pairwise16 DATA neighbor=2 hopSeq=363 securityCount=1
[MAC] Enqueue TX pkt dscp=5 insert_pos=0 queue_size_before=0
[MAC 1] Cancel queued acknowledged frame neighbor=2 seq=363 baseSeq=363 windowIndex=0
[HOP 1] link_control dest=2 neighborKnown=0 speed=8 txPower=30 rxPower=-105
[HOP 1] Pending DATA increment dest=2 pending=364
[HOP 1] GLOBAL HOP CONGESTED pending=364 threshold=16
[HOP 1] TX Pairwise16 DATA neighbor=2 hopSeq=364 securityCount=1
[MAC] Enqueue TX pkt dscp=5 insert_pos=0 queue_size_before=0
[MAC 1] Cancel queued acknowledged frame neighbor=2 seq=364 baseSeq=364 windowIndex=0
[HOP 1] link_control dest=2 neighborKnown=0 speed=8 txPower=30 rxPower=-105
[HOP 1] Pending DATA increment dest=2 pending=365
[HOP 1] GLOBAL HOP CONGESTED pending=365 threshold=16
[HOP 1] TX Pairwise16 DATA neighbor=2 hopSeq=365 securityCount=1
[MAC] Enqueue TX pkt dscp=5 insert_pos=0 queue_size_before=0
[MAC 1] Cancel queued acknowledged frame neighbor=2 seq=365 baseSeq=365 windowIndex=0
[HOP 1] link_control dest=2 neighborKnown=0 speed=8 txPower=30 rxPower=-105
[HOP 1] Pending DATA increment dest=2 pending=366
[HOP 1] GLOBAL HOP CONGESTED pending=366 threshold=16
[HOP 1] TX Pairwise16 DATA neighbor=2 hopSeq=366 securityCount=1
[MAC] Enqueue TX pkt dscp=5 insert_pos=0 queue_size_before=0
[MAC 1] Cancel queued acknowledged frame neighbor=2 seq=366 baseSeq=366 windowIndex=0
[HOP 1] link_control dest=2 neighborKnown=0 speed=8 txPower=30 rxPower=-105
[HOP 1] Pending DATA increment dest=2 pending=367
[HOP 1] GLOBAL HOP CONGESTED pending=367 threshold=16
[HOP 1] TX Pairwise16 DATA neighbor=2 hopSeq=367 securityCount=1
[MAC] Enqueue TX pkt dscp=5 insert_pos=0 queue_size_before=0
[MAC 1] Cancel queued acknowledged frame neighbor=2 seq=367 baseSeq=367 windowIndex=0
[HOP 1] link_control dest=2 neighborKnown=0 speed=8 txPower=30 rxPower=-105
[HOP 1] Pending DATA increment dest=2 pending=368
[HOP 1] GLOBAL HOP CONGESTED pending=368 threshold=16
[HOP 1] TX Pairwise16 DATA neighbor=2 hopSeq=368 securityCount=1
[MAC] Enqueue TX pkt dscp=5 insert_pos=0 queue_size_before=0
[MAC 1] Cancel queued acknowledged frame neighbor=2 seq=368 baseSeq=368 windowIndex=0
[HOP 1] link_control dest=2 neighborKnown=0 speed=8 txPower=30 rxPower=-105
[HOP 1] Pending DATA increment dest=2 pending=369
[HOP 1] GLOBAL HOP CONGESTED pending=369 threshold=16
[HOP 1] TX Pairwise16 DATA neighbor=2 hopSeq=369 securityCount=1
[MAC] Enqueue TX pkt dscp=5 insert_pos=0 queue_size_before=0
[MAC 1] Cancel queued acknowledged frame neighbor=2 seq=369 baseSeq=369 windowIndex=0
[HOP 1] link_control dest=2 neighborKnown=0 speed=8 txPower=30 rxPower=-105
[HOP 1] Pending DATA increment dest=2 pending=370
[HOP 1] GLOBAL HOP CONGESTED pending=370 threshold=16
[HOP 1] TX Pairwise16 DATA neighbor=2 hopSeq=370 securityCount=1
[MAC] Enqueue TX pkt dscp=5 insert_pos=0 queue_size_before=0
[MAC 1] Cancel queued acknowledged frame neighbor=2 seq=370 baseSeq=370 windowIndex=0
[HOP 1] link_control dest=2 neighborKnown=0 speed=8 txPower=30 rxPower=-105
[HOP 1] Pending DATA increment dest=2 pending=371
[HOP 1] GLOBAL HOP CONGESTED pending=371 threshold=16
[HOP 1] TX Pairwise16 DATA neighbor=2 hopSeq=371 securityCount=1
[MAC] Enqueue TX pkt dscp=5 insert_pos=0 queue_size_before=0
[MAC 1] Cancel queued acknowledged frame neighbor=2 seq=371 baseSeq=371 windowIndex=0
[HOP 1] link_control dest=2 neighborKnown=0 speed=8 txPower=30 rxPower=-105
[HOP 1] Pending DATA increment dest=2 pending=372
[HOP 1] GLOBAL HOP CONGESTED pending=372 threshold=16
[HOP 1] TX Pairwise16 DATA neighbor=2 hopSeq=372 securityCount=1
[MAC] Enqueue TX pkt dscp=5 insert_pos=0 queue_size_before=0
[MAC 1] Cancel queued acknowledged frame neighbor=2 seq=372 baseSeq=372 windowIndex=0
[HOP 1] link_control dest=2 neighborKnown=0 speed=8 txPower=30 rxPower=-105
[HOP 1] Pending DATA increment dest=2 pending=373
[HOP 1] GLOBAL HOP CONGESTED pending=373 threshold=16
[HOP 1] TX Pairwise16 DATA neighbor=2 hopSeq=373 securityCount=1
[MAC] Enqueue TX pkt dscp=5 insert_pos=0 queue_size_before=0
[MAC 1] Cancel queued acknowledged frame neighbor=2 seq=373 baseSeq=373 windowIndex=0
[HOP 1] link_control dest=2 neighborKnown=0 speed=8 txPower=30 rxPower=-105
[HOP 1] Pending DATA increment dest=2 pending=374
[HOP 1] GLOBAL HOP CONGESTED pending=374 threshold=16
[HOP 1] TX Pairwise16 DATA neighbor=2 hopSeq=374 securityCount=1
[MAC] Enqueue TX pkt dscp=5 insert_pos=0 queue_size_before=0
[MAC 1] Cancel queued acknowledged frame neighbor=2 seq=374 baseSeq=374 windowIndex=0
[HOP 1] link_control dest=2 neighborKnown=0 speed=8 txPower=30 rxPower=-105
[HOP 1] Pending DATA increment dest=2 pending=375
[HOP 1] GLOBAL HOP CONGESTED pending=375 threshold=16
[HOP 1] TX Pairwise16 DATA neighbor=2 hopSeq=375 securityCount=1
[MAC] Enqueue TX pkt dscp=5 insert_pos=0 queue_size_before=0
[MAC 1] Cancel queued acknowledged frame neighbor=2 seq=375 baseSeq=375 windowIndex=0
[HOP 1] link_control dest=2 neighborKnown=0 speed=8 txPower=30 rxPower=-105
[HOP 1] Pending DATA increment dest=2 pending=376
[HOP 1] GLOBAL HOP CONGESTED pending=376 threshold=16
[HOP 1] TX Pairwise16 DATA neighbor=2 hopSeq=376 securityCount=1
[MAC] Enqueue TX pkt dscp=5 insert_pos=0 queue_size_before=0
[MAC 1] Cancel queued acknowledged frame neighbor=2 seq=376 baseSeq=376 windowIndex=0
[HOP 1] link_control dest=2 neighborKnown=0 speed=8 txPower=30 rxPower=-105
[HOP 1] Pending DATA increment dest=2 pending=377
[HOP 1] GLOBAL HOP CONGESTED pending=377 threshold=16
[HOP 1] TX Pairwise16 DATA neighbor=2 hopSeq=377 securityCount=1
[MAC] Enqueue TX pkt dscp=5 insert_pos=0 queue_size_before=0
[MAC 1] Cancel queued acknowledged frame neighbor=2 seq=377 baseSeq=377 windowIndex=0
[HOP 1] link_control dest=2 neighborKnown=0 speed=8 txPower=30 rxPower=-105
[HOP 1] Pending DATA increment dest=2 pending=378
[HOP 1] GLOBAL HOP CONGESTED pending=378 threshold=16
[HOP 1] TX Pairwise16 DATA neighbor=2 hopSeq=378 securityCount=1
[MAC] Enqueue TX pkt dscp=5 insert_pos=0 queue_size_before=0
[MAC 1] Cancel queued acknowledged frame neighbor=2 seq=378 baseSeq=378 windowIndex=0
[HOP 1] link_control dest=2 neighborKnown=0 speed=8 txPower=30 rxPower=-105
[HOP 1] Pending DATA increment dest=2 pending=379
[HOP 1] GLOBAL HOP CONGESTED pending=379 threshold=16
[HOP 1] TX Pairwise16 DATA neighbor=2 hopSeq=379 securityCount=1
[MAC] Enqueue TX pkt dscp=5 insert_pos=0 queue_size_before=0
[MAC 1] Cancel queued acknowledged frame neighbor=2 seq=379 baseSeq=379 windowIndex=0
[HOP 1] link_control dest=2 neighborKnown=0 speed=8 txPower=30 rxPower=-105
[HOP 1] Pending DATA increment dest=2 pending=380
[HOP 1] GLOBAL HOP CONGESTED pending=380 threshold=16
[HOP 1] TX Pairwise16 DATA neighbor=2 hopSeq=380 securityCount=1
[MAC] Enqueue TX pkt dscp=5 insert_pos=0 queue_size_before=0
[MAC 1] Cancel queued acknowledged frame neighbor=2 seq=380 baseSeq=380 windowIndex=0
[HOP 1] link_control dest=2 neighborKnown=0 speed=8 txPower=30 rxPower=-105
[HOP 1] Pending DATA increment dest=2 pending=381
[HOP 1] GLOBAL HOP CONGESTED pending=381 threshold=16
[HOP 1] TX Pairwise16 DATA neighbor=2 hopSeq=381 securityCount=1
[MAC] Enqueue TX pkt dscp=5 insert_pos=0 queue_size_before=0
[MAC 1] Cancel queued acknowledged frame neighbor=2 seq=381 baseSeq=381 windowIndex=0
[HOP 1] link_control dest=2 neighborKnown=0 speed=8 txPower=30 rxPower=-105
[HOP 1] Pending DATA increment dest=2 pending=382
[HOP 1] GLOBAL HOP CONGESTED pending=382 threshold=16
[HOP 1] TX Pairwise16 DATA neighbor=2 hopSeq=382 securityCount=1
[MAC] Enqueue TX pkt dscp=5 insert_pos=0 queue_size_before=0
[MAC 1] Cancel queued acknowledged frame neighbor=2 seq=382 baseSeq=382 windowIndex=0
[HOP 1] link_control dest=2 neighborKnown=0 speed=8 txPower=30 rxPower=-105
[HOP 1] Pending DATA increment dest=2 pending=383
[HOP 1] GLOBAL HOP CONGESTED pending=383 threshold=16
[HOP 1] TX Pairwise16 DATA neighbor=2 hopSeq=383 securityCount=1
[MAC] Enqueue TX pkt dscp=5 insert_pos=0 queue_size_before=0
[MAC 1] Cancel queued acknowledged frame neighbor=2 seq=383 baseSeq=383 windowIndex=0
[HOP 1] link_control dest=2 neighborKnown=0 speed=8 txPower=30 rxPower=-105
[HOP 1] Pending DATA increment dest=2 pending=384
[HOP 1] GLOBAL HOP CONGESTED pending=384 threshold=16
[HOP 1] TX Pairwise16 DATA neighbor=2 hopSeq=384 securityCount=1
[MAC] Enqueue TX pkt dscp=5 insert_pos=0 queue_size_before=0
[MAC 1] Cancel queued acknowledged frame neighbor=2 seq=384 baseSeq=384 windowIndex=0
[HOP 1] link_control dest=2 neighborKnown=0 speed=8 txPower=30 rxPower=-105
[HOP 1] Pending DATA increment dest=2 pending=385
[HOP 1] GLOBAL HOP CONGESTED pending=385 threshold=16
[HOP 1] TX Pairwise16 DATA neighbor=2 hopSeq=385 securityCount=1
[MAC] Enqueue TX pkt dscp=5 insert_pos=0 queue_size_before=0
[MAC 1] Cancel queued acknowledged frame neighbor=2 seq=385 baseSeq=385 windowIndex=0
[HOP 1] link_control dest=2 neighborKnown=0 speed=8 txPower=30 rxPower=-105
[HOP 1] Pending DATA increment dest=2 pending=386
[HOP 1] GLOBAL HOP CONGESTED pending=386 threshold=16
[HOP 1] TX Pairwise16 DATA neighbor=2 hopSeq=386 securityCount=1
[MAC] Enqueue TX pkt dscp=5 insert_pos=0 queue_size_before=0
[MAC 1] Cancel queued acknowledged frame neighbor=2 seq=386 baseSeq=386 windowIndex=0
[HOP 1] link_control dest=2 neighborKnown=0 speed=8 txPower=30 rxPower=-105
[HOP 1] Pending DATA increment dest=2 pending=387
[HOP 1] GLOBAL HOP CONGESTED pending=387 threshold=16
[HOP 1] TX Pairwise16 DATA neighbor=2 hopSeq=387 securityCount=1
[MAC] Enqueue TX pkt dscp=5 insert_pos=0 queue_size_before=0
[MAC 1] Cancel queued acknowledged frame neighbor=2 seq=387 baseSeq=387 windowIndex=0
[HOP 1] link_control dest=2 neighborKnown=0 speed=8 txPower=30 rxPower=-105
[HOP 1] Pending DATA increment dest=2 pending=388
[HOP 1] GLOBAL HOP CONGESTED pending=388 threshold=16
[HOP 1] TX Pairwise16 DATA neighbor=2 hopSeq=388 securityCount=1
[MAC] Enqueue TX pkt dscp=5 insert_pos=0 queue_size_before=0
[MAC 1] Cancel queued acknowledged frame neighbor=2 seq=388 baseSeq=388 windowIndex=0
[HOP 1] link_control dest=2 neighborKnown=0 speed=8 txPower=30 rxPower=-105
[HOP 1] Pending DATA increment dest=2 pending=389
[HOP 1] GLOBAL HOP CONGESTED pending=389 threshold=16
[HOP 1] TX Pairwise16 DATA neighbor=2 hopSeq=389 securityCount=1
[MAC] Enqueue TX pkt dscp=5 insert_pos=0 queue_size_before=0
[MAC 1] Cancel queued acknowledged frame neighbor=2 seq=389 baseSeq=389 windowIndex=0
[HOP 1] link_control dest=2 neighborKnown=0 speed=8 txPower=30 rxPower=-105
[HOP 1] Pending DATA increment dest=2 pending=390
[HOP 1] GLOBAL HOP CONGESTED pending=390 threshold=16
[HOP 1] TX Pairwise16 DATA neighbor=2 hopSeq=390 securityCount=1
[MAC] Enqueue TX pkt dscp=5 insert_pos=0 queue_size_before=0
[MAC 1] Cancel queued acknowledged frame neighbor=2 seq=390 baseSeq=390 windowIndex=0
[HOP 1] link_control dest=2 neighborKnown=0 speed=8 txPower=30 rxPower=-105
[HOP 1] Pending DATA increment dest=2 pending=391
[HOP 1] GLOBAL HOP CONGESTED pending=391 threshold=16
[HOP 1] TX Pairwise16 DATA neighbor=2 hopSeq=391 securityCount=1
[MAC] Enqueue TX pkt dscp=5 insert_pos=0 queue_size_before=0
[MAC 1] Cancel queued acknowledged frame neighbor=2 seq=391 baseSeq=391 windowIndex=0
[HOP 1] link_control dest=2 neighborKnown=0 speed=8 txPower=30 rxPower=-105
[HOP 1] Pending DATA increment dest=2 pending=392
[HOP 1] GLOBAL HOP CONGESTED pending=392 threshold=16
[HOP 1] TX Pairwise16 DATA neighbor=2 hopSeq=392 securityCount=1
[MAC] Enqueue TX pkt dscp=5 insert_pos=0 queue_size_before=0
[MAC 1] Cancel queued acknowledged frame neighbor=2 seq=392 baseSeq=392 windowIndex=0
[HOP 1] link_control dest=2 neighborKnown=0 speed=8 txPower=30 rxPower=-105
[HOP 1] Pending DATA increment dest=2 pending=393
[HOP 1] GLOBAL HOP CONGESTED pending=393 threshold=16
[HOP 1] TX Pairwise16 DATA neighbor=2 hopSeq=393 securityCount=1
[MAC] Enqueue TX pkt dscp=5 insert_pos=0 queue_size_before=0
[MAC 1] Cancel queued acknowledged frame neighbor=2 seq=393 baseSeq=393 windowIndex=0
[HOP 1] link_control dest=2 neighborKnown=0 speed=8 txPower=30 rxPower=-105
[HOP 1] Pending DATA increment dest=2 pending=394
[HOP 1] GLOBAL HOP CONGESTED pending=394 threshold=16
[HOP 1] TX Pairwise16 DATA neighbor=2 hopSeq=394 securityCount=1
[MAC] Enqueue TX pkt dscp=5 insert_pos=0 queue_size_before=0
[MAC 1] Cancel queued acknowledged frame neighbor=2 seq=394 baseSeq=394 windowIndex=0
[HOP 1] link_control dest=2 neighborKnown=0 speed=8 txPower=30 rxPower=-105
[HOP 1] Pending DATA increment dest=2 pending=395
[HOP 1] GLOBAL HOP CONGESTED pending=395 threshold=16
[HOP 1] TX Pairwise16 DATA neighbor=2 hopSeq=395 securityCount=1
[MAC] Enqueue TX pkt dscp=5 insert_pos=0 queue_size_before=0
[MAC 1] Cancel queued acknowledged frame neighbor=2 seq=395 baseSeq=395 windowIndex=0
[HOP 1] link_control dest=2 neighborKnown=0 speed=8 txPower=30 rxPower=-105
[HOP 1] Pending DATA increment dest=2 pending=396
[HOP 1] GLOBAL HOP CONGESTED pending=396 threshold=16
[HOP 1] TX Pairwise16 DATA neighbor=2 hopSeq=396 securityCount=1
[MAC] Enqueue TX pkt dscp=5 insert_pos=0 queue_size_before=0
[MAC 1] Cancel queued acknowledged frame neighbor=2 seq=396 baseSeq=396 windowIndex=0
[HOP 1] link_control dest=2 neighborKnown=0 speed=8 txPower=30 rxPower=-105
[HOP 1] Pending DATA increment dest=2 pending=397
[HOP 1] GLOBAL HOP CONGESTED pending=397 threshold=16
[HOP 1] TX Pairwise16 DATA neighbor=2 hopSeq=397 securityCount=1
[MAC] Enqueue TX pkt dscp=5 insert_pos=0 queue_size_before=0
[MAC 1] Cancel queued acknowledged frame neighbor=2 seq=397 baseSeq=397 windowIndex=0
[HOP 1] link_control dest=2 neighborKnown=0 speed=8 txPower=30 rxPower=-105
[HOP 1] Pending DATA increment dest=2 pending=398
[HOP 1] GLOBAL HOP CONGESTED pending=398 threshold=16
[HOP 1] TX Pairwise16 DATA neighbor=2 hopSeq=398 securityCount=1
[MAC] Enqueue TX pkt dscp=5 insert_pos=0 queue_size_before=0
[MAC 1] Cancel queued acknowledged frame neighbor=2 seq=398 baseSeq=398 windowIndex=0
[HOP 1] link_control dest=2 neighborKnown=0 speed=8 txPower=30 rxPower=-105
[HOP 1] Pending DATA increment dest=2 pending=399
[HOP 1] GLOBAL HOP CONGESTED pending=399 threshold=16
[HOP 1] TX Pairwise16 DATA neighbor=2 hopSeq=399 securityCount=1
[MAC] Enqueue TX pkt dscp=5 insert_pos=0 queue_size_before=0
[MAC 1] Cancel queued acknowledged frame neighbor=2 seq=399 baseSeq=399 windowIndex=0
[HOP 1] link_control dest=2 neighborKnown=0 speed=8 txPower=30 rxPower=-105
[HOP 1] Pending DATA increment dest=2 pending=400
[HOP 1] GLOBAL HOP CONGESTED pending=400 threshold=16
[HOP 1] TX Pairwise16 DATA neighbor=2 hopSeq=400 securityCount=1
[MAC] Enqueue TX pkt dscp=5 insert_pos=0 queue_size_before=0
[MAC 1] Cancel queued acknowledged frame neighbor=2 seq=400 baseSeq=400 windowIndex=0
[HOP 1] link_control dest=2 neighborKnown=0 speed=8 txPower=30 rxPower=-105
[HOP 1] Pending DATA increment dest=2 pending=401
[HOP 1] GLOBAL HOP CONGESTED pending=401 threshold=16
[HOP 1] TX Pairwise16 DATA neighbor=2 hopSeq=401 securityCount=1
[MAC] Enqueue TX pkt dscp=5 insert_pos=0 queue_size_before=0
[MAC 1] Cancel queued acknowledged frame neighbor=2 seq=401 baseSeq=401 windowIndex=0
[HOP 1] link_control dest=2 neighborKnown=0 speed=8 txPower=30 rxPower=-105
[HOP 1] Pending DATA increment dest=2 pending=402
[HOP 1] GLOBAL HOP CONGESTED pending=402 threshold=16
[HOP 1] TX Pairwise16 DATA neighbor=2 hopSeq=402 securityCount=1
[MAC] Enqueue TX pkt dscp=5 insert_pos=0 queue_size_before=0
[MAC 1] Cancel queued acknowledged frame neighbor=2 seq=402 baseSeq=402 windowIndex=0
[HOP 1] link_control dest=2 neighborKnown=0 speed=8 txPower=30 rxPower=-105
[HOP 1] Pending DATA increment dest=2 pending=403
[HOP 1] GLOBAL HOP CONGESTED pending=403 threshold=16
[HOP 1] TX Pairwise16 DATA neighbor=2 hopSeq=403 securityCount=1
[MAC] Enqueue TX pkt dscp=5 insert_pos=0 queue_size_before=0
[MAC 1] Cancel queued acknowledged frame neighbor=2 seq=403 baseSeq=403 windowIndex=0
[HOP 1] link_control dest=2 neighborKnown=0 speed=8 txPower=30 rxPower=-105
[HOP 1] Pending DATA increment dest=2 pending=404
[HOP 1] GLOBAL HOP CONGESTED pending=404 threshold=16
[HOP 1] TX Pairwise16 DATA neighbor=2 hopSeq=404 securityCount=1
[MAC] Enqueue TX pkt dscp=5 insert_pos=0 queue_size_before=0
[MAC 1] Cancel queued acknowledged frame neighbor=2 seq=404 baseSeq=404 windowIndex=0
[HOP 1] link_control dest=2 neighborKnown=0 speed=8 txPower=30 rxPower=-105
[HOP 1] Pending DATA increment dest=2 pending=405
[HOP 1] GLOBAL HOP CONGESTED pending=405 threshold=16
[HOP 1] TX Pairwise16 DATA neighbor=2 hopSeq=405 securityCount=1
[MAC] Enqueue TX pkt dscp=5 insert_pos=0 queue_size_before=0
[MAC 1] Cancel queued acknowledged frame neighbor=2 seq=405 baseSeq=405 windowIndex=0
[HOP 1] link_control dest=2 neighborKnown=0 speed=8 txPower=30 rxPower=-105
[HOP 1] Pending DATA increment dest=2 pending=406
[HOP 1] GLOBAL HOP CONGESTED pending=406 threshold=16
[HOP 1] TX Pairwise16 DATA neighbor=2 hopSeq=406 securityCount=1
[MAC] Enqueue TX pkt dscp=5 insert_pos=0 queue_size_before=0
[MAC 1] Cancel queued acknowledged frame neighbor=2 seq=406 baseSeq=406 windowIndex=0
[HOP 1] link_control dest=2 neighborKnown=0 speed=8 txPower=30 rxPower=-105
[HOP 1] Pending DATA increment dest=2 pending=407
[HOP 1] GLOBAL HOP CONGESTED pending=407 threshold=16
[HOP 1] TX Pairwise16 DATA neighbor=2 hopSeq=407 securityCount=1
[MAC] Enqueue TX pkt dscp=5 insert_pos=0 queue_size_before=0
[MAC 1] Cancel queued acknowledged frame neighbor=2 seq=407 baseSeq=407 windowIndex=0
[HOP 1] link_control dest=2 neighborKnown=0 speed=8 txPower=30 rxPower=-105
[HOP 1] Pending DATA increment dest=2 pending=408
[HOP 1] GLOBAL HOP CONGESTED pending=408 threshold=16
[HOP 1] TX Pairwise16 DATA neighbor=2 hopSeq=408 securityCount=1
[MAC] Enqueue TX pkt dscp=5 insert_pos=0 queue_size_before=0
[MAC 1] Cancel queued acknowledged frame neighbor=2 seq=408 baseSeq=408 windowIndex=0
[HOP 1] link_control dest=2 neighborKnown=0 speed=8 txPower=30 rxPower=-105
[HOP 1] Pending DATA increment dest=2 pending=409
[HOP 1] GLOBAL HOP CONGESTED pending=409 threshold=16
[HOP 1] TX Pairwise16 DATA neighbor=2 hopSeq=409 securityCount=1
[MAC] Enqueue TX pkt dscp=5 insert_pos=0 queue_size_before=0
[MAC 1] Cancel queued acknowledged frame neighbor=2 seq=409 baseSeq=409 windowIndex=0
[HOP 1] link_control dest=2 neighborKnown=0 speed=8 txPower=30 rxPower=-105
[HOP 1] Pending DATA increment dest=2 pending=410
[HOP 1] GLOBAL HOP CONGESTED pending=410 threshold=16
[HOP 1] TX Pairwise16 DATA neighbor=2 hopSeq=410 securityCount=1
[MAC] Enqueue TX pkt dscp=5 insert_pos=0 queue_size_before=0
[MAC 1] Cancel queued acknowledged frame neighbor=2 seq=410 baseSeq=410 windowIndex=0
[HOP 1] link_control dest=2 neighborKnown=0 speed=8 txPower=30 rxPower=-105
[HOP 1] Pending DATA increment dest=2 pending=411
[HOP 1] GLOBAL HOP CONGESTED pending=411 threshold=16
[HOP 1] TX Pairwise16 DATA neighbor=2 hopSeq=411 securityCount=1
[MAC] Enqueue TX pkt dscp=5 insert_pos=0 queue_size_before=0
[MAC 1] Cancel queued acknowledged frame neighbor=2 seq=411 baseSeq=411 windowIndex=0
[HOP 1] link_control dest=2 neighborKnown=0 speed=8 txPower=30 rxPower=-105
[HOP 1] Pending DATA increment dest=2 pending=412
[HOP 1] GLOBAL HOP CONGESTED pending=412 threshold=16
[HOP 1] TX Pairwise16 DATA neighbor=2 hopSeq=412 securityCount=1
[MAC] Enqueue TX pkt dscp=5 insert_pos=0 queue_size_before=0
[MAC 1] Cancel queued acknowledged frame neighbor=2 seq=412 baseSeq=412 windowIndex=0
[HOP 1] link_control dest=2 neighborKnown=0 speed=8 txPower=30 rxPower=-105
[HOP 1] Pending DATA increment dest=2 pending=413
[HOP 1] GLOBAL HOP CONGESTED pending=413 threshold=16
[HOP 1] TX Pairwise16 DATA neighbor=2 hopSeq=413 securityCount=1
[MAC] Enqueue TX pkt dscp=5 insert_pos=0 queue_size_before=0
[MAC 1] Cancel queued acknowledged frame neighbor=2 seq=413 baseSeq=413 windowIndex=0
[HOP 1] link_control dest=2 neighborKnown=0 speed=8 txPower=30 rxPower=-105
[HOP 1] Pending DATA increment dest=2 pending=414
[HOP 1] GLOBAL HOP CONGESTED pending=414 threshold=16
[HOP 1] TX Pairwise16 DATA neighbor=2 hopSeq=414 securityCount=1
[MAC] Enqueue TX pkt dscp=5 insert_pos=0 queue_size_before=0
[MAC 1] Cancel queued acknowledged frame neighbor=2 seq=414 baseSeq=414 windowIndex=0
[HOP 1] link_control dest=2 neighborKnown=0 speed=8 txPower=30 rxPower=-105
[HOP 1] Pending DATA increment dest=2 pending=415
[HOP 1] GLOBAL HOP CONGESTED pending=415 threshold=16
[HOP 1] TX Pairwise16 DATA neighbor=2 hopSeq=415 securityCount=1
[MAC] Enqueue TX pkt dscp=5 insert_pos=0 queue_size_before=0
[MAC 1] Cancel queued acknowledged frame neighbor=2 seq=415 baseSeq=415 windowIndex=0
[HOP 1] link_control dest=2 neighborKnown=0 speed=8 txPower=30 rxPower=-105
[HOP 1] Pending DATA increment dest=2 pending=416
[HOP 1] GLOBAL HOP CONGESTED pending=416 threshold=16
[HOP 1] TX Pairwise16 DATA neighbor=2 hopSeq=416 securityCount=1
[MAC] Enqueue TX pkt dscp=5 insert_pos=0 queue_size_before=0
[MAC 1] Cancel queued acknowledged frame neighbor=2 seq=416 baseSeq=416 windowIndex=0
[HOP 1] link_control dest=2 neighborKnown=0 speed=8 txPower=30 rxPower=-105
[HOP 1] Pending DATA increment dest=2 pending=417
[HOP 1] GLOBAL HOP CONGESTED pending=417 threshold=16
[HOP 1] TX Pairwise16 DATA neighbor=2 hopSeq=417 securityCount=1
[MAC] Enqueue TX pkt dscp=5 insert_pos=0 queue_size_before=0
[MAC 1] Cancel queued acknowledged frame neighbor=2 seq=417 baseSeq=417 windowIndex=0
[HOP 1] link_control dest=2 neighborKnown=0 speed=8 txPower=30 rxPower=-105
[HOP 1] Pending DATA increment dest=2 pending=418
[HOP 1] GLOBAL HOP CONGESTED pending=418 threshold=16
[HOP 1] TX Pairwise16 DATA neighbor=2 hopSeq=418 securityCount=1
[MAC] Enqueue TX pkt dscp=5 insert_pos=0 queue_size_before=0
[MAC 1] Cancel queued acknowledged frame neighbor=2 seq=418 baseSeq=418 windowIndex=0
[HOP 1] link_control dest=2 neighborKnown=0 speed=8 txPower=30 rxPower=-105
[HOP 1] Pending DATA increment dest=2 pending=419
[HOP 1] GLOBAL HOP CONGESTED pending=419 threshold=16
[HOP 1] TX Pairwise16 DATA neighbor=2 hopSeq=419 securityCount=1
[MAC] Enqueue TX pkt dscp=5 insert_pos=0 queue_size_before=0
[MAC 1] Cancel queued acknowledged frame neighbor=2 seq=419 baseSeq=419 windowIndex=0
[HOP 1] link_control dest=2 neighborKnown=0 speed=8 txPower=30 rxPower=-105
[HOP 1] Pending DATA increment dest=2 pending=420
[HOP 1] GLOBAL HOP CONGESTED pending=420 threshold=16
[HOP 1] TX Pairwise16 DATA neighbor=2 hopSeq=420 securityCount=1
[MAC] Enqueue TX pkt dscp=5 insert_pos=0 queue_size_before=0
[MAC 1] Cancel queued acknowledged frame neighbor=2 seq=420 baseSeq=420 windowIndex=0
[HOP 1] link_control dest=2 neighborKnown=0 speed=8 txPower=30 rxPower=-105
[HOP 1] Pending DATA increment dest=2 pending=421
[HOP 1] GLOBAL HOP CONGESTED pending=421 threshold=16
[HOP 1] TX Pairwise16 DATA neighbor=2 hopSeq=421 securityCount=1
[MAC] Enqueue TX pkt dscp=5 insert_pos=0 queue_size_before=0
[MAC 1] Cancel queued acknowledged frame neighbor=2 seq=421 baseSeq=421 windowIndex=0
[HOP 1] link_control dest=2 neighborKnown=0 speed=8 txPower=30 rxPower=-105
[HOP 1] Pending DATA increment dest=2 pending=422
[HOP 1] GLOBAL HOP CONGESTED pending=422 threshold=16
[HOP 1] TX Pairwise16 DATA neighbor=2 hopSeq=422 securityCount=1
[MAC] Enqueue TX pkt dscp=5 insert_pos=0 queue_size_before=0
[MAC 1] Cancel queued acknowledged frame neighbor=2 seq=422 baseSeq=422 windowIndex=0
[HOP 1] link_control dest=2 neighborKnown=0 speed=8 txPower=30 rxPower=-105
[HOP 1] Pending DATA increment dest=2 pending=423
[HOP 1] GLOBAL HOP CONGESTED pending=423 threshold=16
[HOP 1] TX Pairwise16 DATA neighbor=2 hopSeq=423 securityCount=1
[MAC] Enqueue TX pkt dscp=5 insert_pos=0 queue_size_before=0
[MAC 1] Cancel queued acknowledged frame neighbor=2 seq=423 baseSeq=423 windowIndex=0
[HOP 1] link_control dest=2 neighborKnown=0 speed=8 txPower=30 rxPower=-105
[HOP 1] Pending DATA increment dest=2 pending=424
[HOP 1] GLOBAL HOP CONGESTED pending=424 threshold=16
[HOP 1] TX Pairwise16 DATA neighbor=2 hopSeq=424 securityCount=1
[MAC] Enqueue TX pkt dscp=5 insert_pos=0 queue_size_before=0
[MAC 1] Cancel queued acknowledged frame neighbor=2 seq=424 baseSeq=424 windowIndex=0
[HOP 1] link_control dest=2 neighborKnown=0 speed=8 txPower=30 rxPower=-105
[HOP 1] Pending DATA increment dest=2 pending=425
[HOP 1] GLOBAL HOP CONGESTED pending=425 threshold=16
[HOP 1] TX Pairwise16 DATA neighbor=2 hopSeq=425 securityCount=1
[MAC] Enqueue TX pkt dscp=5 insert_pos=0 queue_size_before=0
[MAC 1] Cancel queued acknowledged frame neighbor=2 seq=425 baseSeq=425 windowIndex=0
[HOP 1] link_control dest=2 neighborKnown=0 speed=8 txPower=30 rxPower=-105
[HOP 1] Pending DATA increment dest=2 pending=426
[HOP 1] GLOBAL HOP CONGESTED pending=426 threshold=16
[HOP 1] TX Pairwise16 DATA neighbor=2 hopSeq=426 securityCount=1
[MAC] Enqueue TX pkt dscp=5 insert_pos=0 queue_size_before=0
[MAC 1] Cancel queued acknowledged frame neighbor=2 seq=426 baseSeq=426 windowIndex=0
[HOP 1] link_control dest=2 neighborKnown=0 speed=8 txPower=30 rxPower=-105
[HOP 1] Pending DATA increment dest=2 pending=427
[HOP 1] GLOBAL HOP CONGESTED pending=427 threshold=16
[HOP 1] TX Pairwise16 DATA neighbor=2 hopSeq=427 securityCount=1
[MAC] Enqueue TX pkt dscp=5 insert_pos=0 queue_size_before=0
[MAC 1] Cancel queued acknowledged frame neighbor=2 seq=427 baseSeq=427 windowIndex=0
[HOP 1] link_control dest=2 neighborKnown=0 speed=8 txPower=30 rxPower=-105
[HOP 1] Pending DATA increment dest=2 pending=428
[HOP 1] GLOBAL HOP CONGESTED pending=428 threshold=16
[HOP 1] TX Pairwise16 DATA neighbor=2 hopSeq=428 securityCount=1
[MAC] Enqueue TX pkt dscp=5 insert_pos=0 queue_size_before=0
[MAC 1] Cancel queued acknowledged frame neighbor=2 seq=428 baseSeq=428 windowIndex=0
[HOP 1] link_control dest=2 neighborKnown=0 speed=8 txPower=30 rxPower=-105
[HOP 1] Pending DATA increment dest=2 pending=429
[HOP 1] GLOBAL HOP CONGESTED pending=429 threshold=16
[HOP 1] TX Pairwise16 DATA neighbor=2 hopSeq=429 securityCount=1
[MAC] Enqueue TX pkt dscp=5 insert_pos=0 queue_size_before=0
[MAC 1] Cancel queued acknowledged frame neighbor=2 seq=429 baseSeq=429 windowIndex=0
[HOP 1] link_control dest=2 neighborKnown=0 speed=8 txPower=30 rxPower=-105
[HOP 1] Pending DATA increment dest=2 pending=430
[HOP 1] GLOBAL HOP CONGESTED pending=430 threshold=16
[HOP 1] TX Pairwise16 DATA neighbor=2 hopSeq=430 securityCount=1
[MAC] Enqueue TX pkt dscp=5 insert_pos=0 queue_size_before=0
[MAC 1] Cancel queued acknowledged frame neighbor=2 seq=430 baseSeq=430 windowIndex=0
[HOP 1] link_control dest=2 neighborKnown=0 speed=8 txPower=30 rxPower=-105
[HOP 1] Pending DATA increment dest=2 pending=431
[HOP 1] GLOBAL HOP CONGESTED pending=431 threshold=16
[HOP 1] TX Pairwise16 DATA neighbor=2 hopSeq=431 securityCount=1
[MAC] Enqueue TX pkt dscp=5 insert_pos=0 queue_size_before=0
[MAC 1] Cancel queued acknowledged frame neighbor=2 seq=431 baseSeq=431 windowIndex=0
[HOP 1] link_control dest=2 neighborKnown=0 speed=8 txPower=30 rxPower=-105
[HOP 1] Pending DATA increment dest=2 pending=432
[HOP 1] GLOBAL HOP CONGESTED pending=432 threshold=16
[HOP 1] TX Pairwise16 DATA neighbor=2 hopSeq=432 securityCount=1
[MAC] Enqueue TX pkt dscp=5 insert_pos=0 queue_size_before=0
[MAC 1] Cancel queued acknowledged frame neighbor=2 seq=432 baseSeq=432 windowIndex=0
[HOP 1] link_control dest=2 neighborKnown=0 speed=8 txPower=30 rxPower=-105
[HOP 1] Pending DATA increment dest=2 pending=433
[HOP 1] GLOBAL HOP CONGESTED pending=433 threshold=16
[HOP 1] TX Pairwise16 DATA neighbor=2 hopSeq=433 securityCount=1
[MAC] Enqueue TX pkt dscp=5 insert_pos=0 queue_size_before=0
[MAC 1] Cancel queued acknowledged frame neighbor=2 seq=433 baseSeq=433 windowIndex=0
[HOP 1] link_control dest=2 neighborKnown=0 speed=8 txPower=30 rxPower=-105
[HOP 1] Pending DATA increment dest=2 pending=434
[HOP 1] GLOBAL HOP CONGESTED pending=434 threshold=16
[HOP 1] TX Pairwise16 DATA neighbor=2 hopSeq=434 securityCount=1
[MAC] Enqueue TX pkt dscp=5 insert_pos=0 queue_size_before=0
[MAC 1] Cancel queued acknowledged frame neighbor=2 seq=434 baseSeq=434 windowIndex=0
[HOP 1] link_control dest=2 neighborKnown=0 speed=8 txPower=30 rxPower=-105
[HOP 1] Pending DATA increment dest=2 pending=435
[HOP 1] GLOBAL HOP CONGESTED pending=435 threshold=16
[HOP 1] TX Pairwise16 DATA neighbor=2 hopSeq=435 securityCount=1
[MAC] Enqueue TX pkt dscp=5 insert_pos=0 queue_size_before=0
[MAC 1] Cancel queued acknowledged frame neighbor=2 seq=435 baseSeq=435 windowIndex=0
[HOP 1] link_control dest=2 neighborKnown=0 speed=8 txPower=30 rxPower=-105
[HOP 1] Pending DATA increment dest=2 pending=436
[HOP 1] GLOBAL HOP CONGESTED pending=436 threshold=16
[HOP 1] TX Pairwise16 DATA neighbor=2 hopSeq=436 securityCount=1
[MAC] Enqueue TX pkt dscp=5 insert_pos=0 queue_size_before=0
[MAC 1] Cancel queued acknowledged frame neighbor=2 seq=436 baseSeq=436 windowIndex=0
[HOP 1] link_control dest=2 neighborKnown=0 speed=8 txPower=30 rxPower=-105
[HOP 1] Pending DATA increment dest=2 pending=437
[HOP 1] GLOBAL HOP CONGESTED pending=437 threshold=16
[HOP 1] TX Pairwise16 DATA neighbor=2 hopSeq=437 securityCount=1
[MAC] Enqueue TX pkt dscp=5 insert_pos=0 queue_size_before=0
[MAC 1] Cancel queued acknowledged frame neighbor=2 seq=437 baseSeq=437 windowIndex=0
[HOP 1] link_control dest=2 neighborKnown=0 speed=8 txPower=30 rxPower=-105
[HOP 1] Pending DATA increment dest=2 pending=438
[HOP 1] GLOBAL HOP CONGESTED pending=438 threshold=16
[HOP 1] TX Pairwise16 DATA neighbor=2 hopSeq=438 securityCount=1
[MAC] Enqueue TX pkt dscp=5 insert_pos=0 queue_size_before=0
[MAC 1] Cancel queued acknowledged frame neighbor=2 seq=438 baseSeq=438 windowIndex=0
[HOP 1] link_control dest=2 neighborKnown=0 speed=8 txPower=30 rxPower=-105
[HOP 1] Pending DATA increment dest=2 pending=439
[HOP 1] GLOBAL HOP CONGESTED pending=439 threshold=16
[HOP 1] TX Pairwise16 DATA neighbor=2 hopSeq=439 securityCount=1
[MAC] Enqueue TX pkt dscp=5 insert_pos=0 queue_size_before=0
[MAC 1] Cancel queued acknowledged frame neighbor=2 seq=439 baseSeq=439 windowIndex=0
[HOP 1] link_control dest=2 neighborKnown=0 speed=8 txPower=30 rxPower=-105
[HOP 1] Pending DATA increment dest=2 pending=440
[HOP 1] GLOBAL HOP CONGESTED pending=440 threshold=16
[HOP 1] TX Pairwise16 DATA neighbor=2 hopSeq=440 securityCount=1
[MAC] Enqueue TX pkt dscp=5 insert_pos=0 queue_size_before=0
[MAC 1] Cancel queued acknowledged frame neighbor=2 seq=440 baseSeq=440 windowIndex=0
[HOP 1] link_control dest=2 neighborKnown=0 speed=8 txPower=30 rxPower=-105
[HOP 1] Pending DATA increment dest=2 pending=441
[HOP 1] GLOBAL HOP CONGESTED pending=441 threshold=16
[HOP 1] TX Pairwise16 DATA neighbor=2 hopSeq=441 securityCount=1
[MAC] Enqueue TX pkt dscp=5 insert_pos=0 queue_size_before=0
[MAC 1] Cancel queued acknowledged frame neighbor=2 seq=441 baseSeq=441 windowIndex=0
[HOP 1] link_control dest=2 neighborKnown=0 speed=8 txPower=30 rxPower=-105
[HOP 1] Pending DATA increment dest=2 pending=442
[HOP 1] GLOBAL HOP CONGESTED pending=442 threshold=16
[HOP 1] TX Pairwise16 DATA neighbor=2 hopSeq=442 securityCount=1
[MAC] Enqueue TX pkt dscp=5 insert_pos=0 queue_size_before=0
[MAC 1] Cancel queued acknowledged frame neighbor=2 seq=442 baseSeq=442 windowIndex=0
[HOP 1] link_control dest=2 neighborKnown=0 speed=8 txPower=30 rxPower=-105
[HOP 1] Pending DATA increment dest=2 pending=443
[HOP 1] GLOBAL HOP CONGESTED pending=443 threshold=16
[HOP 1] TX Pairwise16 DATA neighbor=2 hopSeq=443 securityCount=1
[MAC] Enqueue TX pkt dscp=5 insert_pos=0 queue_size_before=0
[MAC 1] Cancel queued acknowledged frame neighbor=2 seq=443 baseSeq=443 windowIndex=0
[HOP 1] link_control dest=2 neighborKnown=0 speed=8 txPower=30 rxPower=-105
[HOP 1] Pending DATA increment dest=2 pending=444
[HOP 1] GLOBAL HOP CONGESTED pending=444 threshold=16
[HOP 1] TX Pairwise16 DATA neighbor=2 hopSeq=444 securityCount=1
[MAC] Enqueue TX pkt dscp=5 insert_pos=0 queue_size_before=0
[MAC 1] Cancel queued acknowledged frame neighbor=2 seq=444 baseSeq=444 windowIndex=0
[HOP 1] link_control dest=2 neighborKnown=0 speed=8 txPower=30 rxPower=-105
[HOP 1] Pending DATA increment dest=2 pending=445
[HOP 1] GLOBAL HOP CONGESTED pending=445 threshold=16
[HOP 1] TX Pairwise16 DATA neighbor=2 hopSeq=445 securityCount=1
[MAC] Enqueue TX pkt dscp=5 insert_pos=0 queue_size_before=0
[MAC 1] Cancel queued acknowledged frame neighbor=2 seq=445 baseSeq=445 windowIndex=0
[HOP 1] link_control dest=2 neighborKnown=0 speed=8 txPower=30 rxPower=-105
[HOP 1] Pending DATA increment dest=2 pending=446
[HOP 1] GLOBAL HOP CONGESTED pending=446 threshold=16
[HOP 1] TX Pairwise16 DATA neighbor=2 hopSeq=446 securityCount=1
[MAC] Enqueue TX pkt dscp=5 insert_pos=0 queue_size_before=0
[MAC 1] Cancel queued acknowledged frame neighbor=2 seq=446 baseSeq=446 windowIndex=0
[HOP 1] link_control dest=2 neighborKnown=0 speed=8 txPower=30 rxPower=-105
[HOP 1] Pending DATA increment dest=2 pending=447
[HOP 1] GLOBAL HOP CONGESTED pending=447 threshold=16
[HOP 1] TX Pairwise16 DATA neighbor=2 hopSeq=447 securityCount=1
[MAC] Enqueue TX pkt dscp=5 insert_pos=0 queue_size_before=0
[MAC 1] Cancel queued acknowledged frame neighbor=2 seq=447 baseSeq=447 windowIndex=0
[HOP 1] link_control dest=2 neighborKnown=0 speed=8 txPower=30 rxPower=-105
[HOP 1] Pending DATA increment dest=2 pending=448
[HOP 1] GLOBAL HOP CONGESTED pending=448 threshold=16
[HOP 1] TX Pairwise16 DATA neighbor=2 hopSeq=448 securityCount=1
[MAC] Enqueue TX pkt dscp=5 insert_pos=0 queue_size_before=0
[MAC 1] Cancel queued acknowledged frame neighbor=2 seq=448 baseSeq=448 windowIndex=0
[HOP 1] link_control dest=2 neighborKnown=0 speed=8 txPower=30 rxPower=-105
[HOP 1] Pending DATA increment dest=2 pending=449
[HOP 1] GLOBAL HOP CONGESTED pending=449 threshold=16
[HOP 1] TX Pairwise16 DATA neighbor=2 hopSeq=449 securityCount=1
[MAC] Enqueue TX pkt dscp=5 insert_pos=0 queue_size_before=0
[MAC 1] Cancel queued acknowledged frame neighbor=2 seq=449 baseSeq=449 windowIndex=0
[HOP 1] link_control dest=2 neighborKnown=0 speed=8 txPower=30 rxPower=-105
[HOP 1] Pending DATA increment dest=2 pending=450
[HOP 1] GLOBAL HOP CONGESTED pending=450 threshold=16
[HOP 1] TX Pairwise16 DATA neighbor=2 hopSeq=450 securityCount=1
[MAC] Enqueue TX pkt dscp=5 insert_pos=0 queue_size_before=0
[MAC 1] Cancel queued acknowledged frame neighbor=2 seq=450 baseSeq=450 windowIndex=0
[HOP 1] link_control dest=2 neighborKnown=0 speed=8 txPower=30 rxPower=-105
[HOP 1] Pending DATA increment dest=2 pending=451
[HOP 1] GLOBAL HOP CONGESTED pending=451 threshold=16
[HOP 1] TX Pairwise16 DATA neighbor=2 hopSeq=451 securityCount=1
[MAC] Enqueue TX pkt dscp=5 insert_pos=0 queue_size_before=0
[MAC 1] Cancel queued acknowledged frame neighbor=2 seq=451 baseSeq=451 windowIndex=0
[HOP 1] link_control dest=2 neighborKnown=0 speed=8 txPower=30 rxPower=-105
[HOP 1] Pending DATA increment dest=2 pending=452
[HOP 1] GLOBAL HOP CONGESTED pending=452 threshold=16
[HOP 1] TX Pairwise16 DATA neighbor=2 hopSeq=452 securityCount=1
[MAC] Enqueue TX pkt dscp=5 insert_pos=0 queue_size_before=0
[MAC 1] Cancel queued acknowledged frame neighbor=2 seq=452 baseSeq=452 windowIndex=0
[HOP 1] link_control dest=2 neighborKnown=0 speed=8 txPower=30 rxPower=-105
[HOP 1] Pending DATA increment dest=2 pending=453
[HOP 1] GLOBAL HOP CONGESTED pending=453 threshold=16
[HOP 1] TX Pairwise16 DATA neighbor=2 hopSeq=453 securityCount=1
[MAC] Enqueue TX pkt dscp=5 insert_pos=0 queue_size_before=0
[MAC 1] Cancel queued acknowledged frame neighbor=2 seq=453 baseSeq=453 windowIndex=0
[HOP 1] link_control dest=2 neighborKnown=0 speed=8 txPower=30 rxPower=-105
[HOP 1] Pending DATA increment dest=2 pending=454
[HOP 1] GLOBAL HOP CONGESTED pending=454 threshold=16
[HOP 1] TX Pairwise16 DATA neighbor=2 hopSeq=454 securityCount=1
[MAC] Enqueue TX pkt dscp=5 insert_pos=0 queue_size_before=0
[MAC 1] Cancel queued acknowledged frame neighbor=2 seq=454 baseSeq=454 windowIndex=0
[HOP 1] link_control dest=2 neighborKnown=0 speed=8 txPower=30 rxPower=-105
[HOP 1] Pending DATA increment dest=2 pending=455
[HOP 1] GLOBAL HOP CONGESTED pending=455 threshold=16
[HOP 1] TX Pairwise16 DATA neighbor=2 hopSeq=455 securityCount=1
[MAC] Enqueue TX pkt dscp=5 insert_pos=0 queue_size_before=0
[MAC 1] Cancel queued acknowledged frame neighbor=2 seq=455 baseSeq=455 windowIndex=0
[HOP 1] link_control dest=2 neighborKnown=0 speed=8 txPower=30 rxPower=-105
[HOP 1] Pending DATA increment dest=2 pending=456
[HOP 1] GLOBAL HOP CONGESTED pending=456 threshold=16
[HOP 1] TX Pairwise16 DATA neighbor=2 hopSeq=456 securityCount=1
[MAC] Enqueue TX pkt dscp=5 insert_pos=0 queue_size_before=0
[MAC 1] Cancel queued acknowledged frame neighbor=2 seq=456 baseSeq=456 windowIndex=0
[HOP 1] link_control dest=2 neighborKnown=0 speed=8 txPower=30 rxPower=-105
[HOP 1] Pending DATA increment dest=2 pending=457
[HOP 1] GLOBAL HOP CONGESTED pending=457 threshold=16
[HOP 1] TX Pairwise16 DATA neighbor=2 hopSeq=457 securityCount=1
[MAC] Enqueue TX pkt dscp=5 insert_pos=0 queue_size_before=0
[MAC 1] Cancel queued acknowledged frame neighbor=2 seq=457 baseSeq=457 windowIndex=0
[HOP 1] link_control dest=2 neighborKnown=0 speed=8 txPower=30 rxPower=-105
[HOP 1] Pending DATA increment dest=2 pending=458
[HOP 1] GLOBAL HOP CONGESTED pending=458 threshold=16
[HOP 1] TX Pairwise16 DATA neighbor=2 hopSeq=458 securityCount=1
[MAC] Enqueue TX pkt dscp=5 insert_pos=0 queue_size_before=0
[MAC 1] Cancel queued acknowledged frame neighbor=2 seq=458 baseSeq=458 windowIndex=0
[HOP 1] link_control dest=2 neighborKnown=0 speed=8 txPower=30 rxPower=-105
[HOP 1] Pending DATA increment dest=2 pending=459
[HOP 1] GLOBAL HOP CONGESTED pending=459 threshold=16
[HOP 1] TX Pairwise16 DATA neighbor=2 hopSeq=459 securityCount=1
[MAC] Enqueue TX pkt dscp=5 insert_pos=0 queue_size_before=0
[MAC 1] Cancel queued acknowledged frame neighbor=2 seq=459 baseSeq=459 windowIndex=0
[HOP 1] link_control dest=2 neighborKnown=0 speed=8 txPower=30 rxPower=-105
[HOP 1] Pending DATA increment dest=2 pending=460
[HOP 1] GLOBAL HOP CONGESTED pending=460 threshold=16
[HOP 1] TX Pairwise16 DATA neighbor=2 hopSeq=460 securityCount=1
[MAC] Enqueue TX pkt dscp=5 insert_pos=0 queue_size_before=0
[MAC 1] Cancel queued acknowledged frame neighbor=2 seq=460 baseSeq=460 windowIndex=0
[HOP 1] link_control dest=2 neighborKnown=0 speed=8 txPower=30 rxPower=-105
[HOP 1] Pending DATA increment dest=2 pending=461
[HOP 1] GLOBAL HOP CONGESTED pending=461 threshold=16
[HOP 1] TX Pairwise16 DATA neighbor=2 hopSeq=461 securityCount=1
[MAC] Enqueue TX pkt dscp=5 insert_pos=0 queue_size_before=0
[MAC 1] Cancel queued acknowledged frame neighbor=2 seq=461 baseSeq=461 windowIndex=0
[HOP 1] link_control dest=2 neighborKnown=0 speed=8 txPower=30 rxPower=-105
[HOP 1] Pending DATA increment dest=2 pending=462
[HOP 1] GLOBAL HOP CONGESTED pending=462 threshold=16
[HOP 1] TX Pairwise16 DATA neighbor=2 hopSeq=462 securityCount=1
[MAC] Enqueue TX pkt dscp=5 insert_pos=0 queue_size_before=0
[MAC 1] Cancel queued acknowledged frame neighbor=2 seq=462 baseSeq=462 windowIndex=0
[HOP 1] link_control dest=2 neighborKnown=0 speed=8 txPower=30 rxPower=-105
[HOP 1] Pending DATA increment dest=2 pending=463
[HOP 1] GLOBAL HOP CONGESTED pending=463 threshold=16
[HOP 1] TX Pairwise16 DATA neighbor=2 hopSeq=463 securityCount=1
[MAC] Enqueue TX pkt dscp=5 insert_pos=0 queue_size_before=0
[MAC 1] Cancel queued acknowledged frame neighbor=2 seq=463 baseSeq=463 windowIndex=0
[HOP 1] link_control dest=2 neighborKnown=0 speed=8 txPower=30 rxPower=-105
[HOP 1] Pending DATA increment dest=2 pending=464
[HOP 1] GLOBAL HOP CONGESTED pending=464 threshold=16
[HOP 1] TX Pairwise16 DATA neighbor=2 hopSeq=464 securityCount=1
[MAC] Enqueue TX pkt dscp=5 insert_pos=0 queue_size_before=0
[MAC 1] Cancel queued acknowledged frame neighbor=2 seq=464 baseSeq=464 windowIndex=0
[HOP 1] link_control dest=2 neighborKnown=0 speed=8 txPower=30 rxPower=-105
[HOP 1] Pending DATA increment dest=2 pending=465
[HOP 1] GLOBAL HOP CONGESTED pending=465 threshold=16
[HOP 1] TX Pairwise16 DATA neighbor=2 hopSeq=465 securityCount=1
[MAC] Enqueue TX pkt dscp=5 insert_pos=0 queue_size_before=0
[MAC 1] Cancel queued acknowledged frame neighbor=2 seq=465 baseSeq=465 windowIndex=0
[HOP 1] link_control dest=2 neighborKnown=0 speed=8 txPower=30 rxPower=-105
[HOP 1] Pending DATA increment dest=2 pending=466
[HOP 1] GLOBAL HOP CONGESTED pending=466 threshold=16
[HOP 1] TX Pairwise16 DATA neighbor=2 hopSeq=466 securityCount=1
[MAC] Enqueue TX pkt dscp=5 insert_pos=0 queue_size_before=0
[MAC 1] Cancel queued acknowledged frame neighbor=2 seq=466 baseSeq=466 windowIndex=0
[HOP 1] link_control dest=2 neighborKnown=0 speed=8 txPower=30 rxPower=-105
[HOP 1] Pending DATA increment dest=2 pending=467
[HOP 1] GLOBAL HOP CONGESTED pending=467 threshold=16
[HOP 1] TX Pairwise16 DATA neighbor=2 hopSeq=467 securityCount=1
[MAC] Enqueue TX pkt dscp=5 insert_pos=0 queue_size_before=0
[MAC 1] Cancel queued acknowledged frame neighbor=2 seq=467 baseSeq=467 windowIndex=0
[HOP 1] link_control dest=2 neighborKnown=0 speed=8 txPower=30 rxPower=-105
[HOP 1] Pending DATA increment dest=2 pending=468
[HOP 1] GLOBAL HOP CONGESTED pending=468 threshold=16
[HOP 1] TX Pairwise16 DATA neighbor=2 hopSeq=468 securityCount=1
[MAC] Enqueue TX pkt dscp=5 insert_pos=0 queue_size_before=0
[MAC 1] Cancel queued acknowledged frame neighbor=2 seq=468 baseSeq=468 windowIndex=0
[HOP 1] link_control dest=2 neighborKnown=0 speed=8 txPower=30 rxPower=-105
[HOP 1] Pending DATA increment dest=2 pending=469
[HOP 1] GLOBAL HOP CONGESTED pending=469 threshold=16
[HOP 1] TX Pairwise16 DATA neighbor=2 hopSeq=469 securityCount=1
[MAC] Enqueue TX pkt dscp=5 insert_pos=0 queue_size_before=0
[MAC 1] Cancel queued acknowledged frame neighbor=2 seq=469 baseSeq=469 windowIndex=0
[HOP 1] link_control dest=2 neighborKnown=0 speed=8 txPower=30 rxPower=-105
[HOP 1] Pending DATA increment dest=2 pending=470
[HOP 1] GLOBAL HOP CONGESTED pending=470 threshold=16
[HOP 1] TX Pairwise16 DATA neighbor=2 hopSeq=470 securityCount=1
[MAC] Enqueue TX pkt dscp=5 insert_pos=0 queue_size_before=0
[MAC 1] Cancel queued acknowledged frame neighbor=2 seq=470 baseSeq=470 windowIndex=0
[HOP 1] link_control dest=2 neighborKnown=0 speed=8 txPower=30 rxPower=-105
[HOP 1] Pending DATA increment dest=2 pending=471
[HOP 1] GLOBAL HOP CONGESTED pending=471 threshold=16
[HOP 1] TX Pairwise16 DATA neighbor=2 hopSeq=471 securityCount=1
[MAC] Enqueue TX pkt dscp=5 insert_pos=0 queue_size_before=0
[MAC 1] Cancel queued acknowledged frame neighbor=2 seq=471 baseSeq=471 windowIndex=0
[HOP 1] link_control dest=2 neighborKnown=0 speed=8 txPower=30 rxPower=-105
[HOP 1] Pending DATA increment dest=2 pending=472
[HOP 1] GLOBAL HOP CONGESTED pending=472 threshold=16
[HOP 1] TX Pairwise16 DATA neighbor=2 hopSeq=472 securityCount=1
[MAC] Enqueue TX pkt dscp=5 insert_pos=0 queue_size_before=0
[MAC 1] Cancel queued acknowledged frame neighbor=2 seq=472 baseSeq=472 windowIndex=0
[HOP 1] link_control dest=2 neighborKnown=0 speed=8 txPower=30 rxPower=-105
[HOP 1] Pending DATA increment dest=2 pending=473
[HOP 1] GLOBAL HOP CONGESTED pending=473 threshold=16
[HOP 1] TX Pairwise16 DATA neighbor=2 hopSeq=473 securityCount=1
[MAC] Enqueue TX pkt dscp=5 insert_pos=0 queue_size_before=0
[MAC 1] Cancel queued acknowledged frame neighbor=2 seq=473 baseSeq=473 windowIndex=0
[HOP 1] link_control dest=2 neighborKnown=0 speed=8 txPower=30 rxPower=-105
[HOP 1] Pending DATA increment dest=2 pending=474
[HOP 1] GLOBAL HOP CONGESTED pending=474 threshold=16
[HOP 1] TX Pairwise16 DATA neighbor=2 hopSeq=474 securityCount=1
[MAC] Enqueue TX pkt dscp=5 insert_pos=0 queue_size_before=0
[MAC 1] Cancel queued acknowledged frame neighbor=2 seq=474 baseSeq=474 windowIndex=0
[HOP 1] link_control dest=2 neighborKnown=0 speed=8 txPower=30 rxPower=-105
[HOP 1] Pending DATA increment dest=2 pending=475
[HOP 1] GLOBAL HOP CONGESTED pending=475 threshold=16
[HOP 1] TX Pairwise16 DATA neighbor=2 hopSeq=475 securityCount=1
[MAC] Enqueue TX pkt dscp=5 insert_pos=0 queue_size_before=0
[MAC 1] Cancel queued acknowledged frame neighbor=2 seq=475 baseSeq=475 windowIndex=0
[HOP 1] link_control dest=2 neighborKnown=0 speed=8 txPower=30 rxPower=-105
[HOP 1] Pending DATA increment dest=2 pending=476
[HOP 1] GLOBAL HOP CONGESTED pending=476 threshold=16
[HOP 1] TX Pairwise16 DATA neighbor=2 hopSeq=476 securityCount=1
[MAC] Enqueue TX pkt dscp=5 insert_pos=0 queue_size_before=0
[MAC 1] Cancel queued acknowledged frame neighbor=2 seq=476 baseSeq=476 windowIndex=0
[HOP 1] link_control dest=2 neighborKnown=0 speed=8 txPower=30 rxPower=-105
[HOP 1] Pending DATA increment dest=2 pending=477
[HOP 1] GLOBAL HOP CONGESTED pending=477 threshold=16
[HOP 1] TX Pairwise16 DATA neighbor=2 hopSeq=477 securityCount=1
[MAC] Enqueue TX pkt dscp=5 insert_pos=0 queue_size_before=0
[MAC 1] Cancel queued acknowledged frame neighbor=2 seq=477 baseSeq=477 windowIndex=0
[HOP 1] link_control dest=2 neighborKnown=0 speed=8 txPower=30 rxPower=-105
[HOP 1] Pending DATA increment dest=2 pending=478
[HOP 1] GLOBAL HOP CONGESTED pending=478 threshold=16
[HOP 1] TX Pairwise16 DATA neighbor=2 hopSeq=478 securityCount=1
[MAC] Enqueue TX pkt dscp=5 insert_pos=0 queue_size_before=0
[MAC 1] Cancel queued acknowledged frame neighbor=2 seq=478 baseSeq=478 windowIndex=0
[HOP 1] link_control dest=2 neighborKnown=0 speed=8 txPower=30 rxPower=-105
[HOP 1] Pending DATA increment dest=2 pending=479
[HOP 1] GLOBAL HOP CONGESTED pending=479 threshold=16
[HOP 1] TX Pairwise16 DATA neighbor=2 hopSeq=479 securityCount=1
[MAC] Enqueue TX pkt dscp=5 insert_pos=0 queue_size_before=0
[MAC 1] Cancel queued acknowledged frame neighbor=2 seq=479 baseSeq=479 windowIndex=0
[HOP 1] link_control dest=2 neighborKnown=0 speed=8 txPower=30 rxPower=-105
[HOP 1] Pending DATA increment dest=2 pending=480
[HOP 1] GLOBAL HOP CONGESTED pending=480 threshold=16
[HOP 1] TX Pairwise16 DATA neighbor=2 hopSeq=480 securityCount=1
[MAC] Enqueue TX pkt dscp=5 insert_pos=0 queue_size_before=0
[MAC 1] Cancel queued acknowledged frame neighbor=2 seq=480 baseSeq=480 windowIndex=0
[HOP 1] link_control dest=2 neighborKnown=0 speed=8 txPower=30 rxPower=-105
[HOP 1] Pending DATA increment dest=2 pending=481
[HOP 1] GLOBAL HOP CONGESTED pending=481 threshold=16
[HOP 1] TX Pairwise16 DATA neighbor=2 hopSeq=481 securityCount=1
[MAC] Enqueue TX pkt dscp=5 insert_pos=0 queue_size_before=0
[MAC 1] Cancel queued acknowledged frame neighbor=2 seq=481 baseSeq=481 windowIndex=0
[HOP 1] link_control dest=2 neighborKnown=0 speed=8 txPower=30 rxPower=-105
[HOP 1] Pending DATA increment dest=2 pending=482
[HOP 1] GLOBAL HOP CONGESTED pending=482 threshold=16
[HOP 1] TX Pairwise16 DATA neighbor=2 hopSeq=482 securityCount=1
[MAC] Enqueue TX pkt dscp=5 insert_pos=0 queue_size_before=0
[MAC 1] Cancel queued acknowledged frame neighbor=2 seq=482 baseSeq=482 windowIndex=0
[HOP 1] link_control dest=2 neighborKnown=0 speed=8 txPower=30 rxPower=-105
[HOP 1] Pending DATA increment dest=2 pending=483
[HOP 1] GLOBAL HOP CONGESTED pending=483 threshold=16
[HOP 1] TX Pairwise16 DATA neighbor=2 hopSeq=483 securityCount=1
[MAC] Enqueue TX pkt dscp=5 insert_pos=0 queue_size_before=0
[MAC 1] Cancel queued acknowledged frame neighbor=2 seq=483 baseSeq=483 windowIndex=0
[HOP 1] link_control dest=2 neighborKnown=0 speed=8 txPower=30 rxPower=-105
[HOP 1] Pending DATA increment dest=2 pending=484
[HOP 1] GLOBAL HOP CONGESTED pending=484 threshold=16
[HOP 1] TX Pairwise16 DATA neighbor=2 hopSeq=484 securityCount=1
[MAC] Enqueue TX pkt dscp=5 insert_pos=0 queue_size_before=0
[MAC 1] Cancel queued acknowledged frame neighbor=2 seq=484 baseSeq=484 windowIndex=0
[HOP 1] link_control dest=2 neighborKnown=0 speed=8 txPower=30 rxPower=-105
[HOP 1] Pending DATA increment dest=2 pending=485
[HOP 1] GLOBAL HOP CONGESTED pending=485 threshold=16
[HOP 1] TX Pairwise16 DATA neighbor=2 hopSeq=485 securityCount=1
[MAC] Enqueue TX pkt dscp=5 insert_pos=0 queue_size_before=0
[MAC 1] Cancel queued acknowledged frame neighbor=2 seq=485 baseSeq=485 windowIndex=0
[HOP 1] link_control dest=2 neighborKnown=0 speed=8 txPower=30 rxPower=-105
[HOP 1] Pending DATA increment dest=2 pending=486
[HOP 1] GLOBAL HOP CONGESTED pending=486 threshold=16
[HOP 1] TX Pairwise16 DATA neighbor=2 hopSeq=486 securityCount=1
[MAC] Enqueue TX pkt dscp=5 insert_pos=0 queue_size_before=0
[MAC 1] Cancel queued acknowledged frame neighbor=2 seq=486 baseSeq=486 windowIndex=0
[HOP 1] link_control dest=2 neighborKnown=0 speed=8 txPower=30 rxPower=-105
[HOP 1] Pending DATA increment dest=2 pending=487
[HOP 1] GLOBAL HOP CONGESTED pending=487 threshold=16
[HOP 1] TX Pairwise16 DATA neighbor=2 hopSeq=487 securityCount=1
[MAC] Enqueue TX pkt dscp=5 insert_pos=0 queue_size_before=0
[MAC 1] Cancel queued acknowledged frame neighbor=2 seq=487 baseSeq=487 windowIndex=0
[HOP 1] link_control dest=2 neighborKnown=0 speed=8 txPower=30 rxPower=-105
[HOP 1] Pending DATA increment dest=2 pending=488
[HOP 1] GLOBAL HOP CONGESTED pending=488 threshold=16
[HOP 1] TX Pairwise16 DATA neighbor=2 hopSeq=488 securityCount=1
[MAC] Enqueue TX pkt dscp=5 insert_pos=0 queue_size_before=0
[MAC 1] Cancel queued acknowledged frame neighbor=2 seq=488 baseSeq=488 windowIndex=0
[HOP 1] link_control dest=2 neighborKnown=0 speed=8 txPower=30 rxPower=-105
[HOP 1] Pending DATA increment dest=2 pending=489
[HOP 1] GLOBAL HOP CONGESTED pending=489 threshold=16
[HOP 1] TX Pairwise16 DATA neighbor=2 hopSeq=489 securityCount=1
[MAC] Enqueue TX pkt dscp=5 insert_pos=0 queue_size_before=0
[MAC 1] Cancel queued acknowledged frame neighbor=2 seq=489 baseSeq=489 windowIndex=0
[HOP 1] link_control dest=2 neighborKnown=0 speed=8 txPower=30 rxPower=-105
[HOP 1] Pending DATA increment dest=2 pending=490
[HOP 1] GLOBAL HOP CONGESTED pending=490 threshold=16
[HOP 1] TX Pairwise16 DATA neighbor=2 hopSeq=490 securityCount=1
[MAC] Enqueue TX pkt dscp=5 insert_pos=0 queue_size_before=0
[MAC 1] Cancel queued acknowledged frame neighbor=2 seq=490 baseSeq=490 windowIndex=0
[HOP 1] link_control dest=2 neighborKnown=0 speed=8 txPower=30 rxPower=-105
[HOP 1] Pending DATA increment dest=2 pending=491
[HOP 1] GLOBAL HOP CONGESTED pending=491 threshold=16
[HOP 1] TX Pairwise16 DATA neighbor=2 hopSeq=491 securityCount=1
[MAC] Enqueue TX pkt dscp=5 insert_pos=0 queue_size_before=0
[MAC 1] Cancel queued acknowledged frame neighbor=2 seq=491 baseSeq=491 windowIndex=0
[HOP 1] link_control dest=2 neighborKnown=0 speed=8 txPower=30 rxPower=-105
[HOP 1] Pending DATA increment dest=2 pending=492
[HOP 1] GLOBAL HOP CONGESTED pending=492 threshold=16
[HOP 1] TX Pairwise16 DATA neighbor=2 hopSeq=492 securityCount=1
[MAC] Enqueue TX pkt dscp=5 insert_pos=0 queue_size_before=0
[MAC 1] Cancel queued acknowledged frame neighbor=2 seq=492 baseSeq=492 windowIndex=0
[HOP 1] link_control dest=2 neighborKnown=0 speed=8 txPower=30 rxPower=-105
[HOP 1] Pending DATA increment dest=2 pending=493
[HOP 1] GLOBAL HOP CONGESTED pending=493 threshold=16
[HOP 1] TX Pairwise16 DATA neighbor=2 hopSeq=493 securityCount=1
[MAC] Enqueue TX pkt dscp=5 insert_pos=0 queue_size_before=0
[MAC 1] Cancel queued acknowledged frame neighbor=2 seq=493 baseSeq=493 windowIndex=0
[HOP 1] link_control dest=2 neighborKnown=0 speed=8 txPower=30 rxPower=-105
[HOP 1] Pending DATA increment dest=2 pending=494
[HOP 1] GLOBAL HOP CONGESTED pending=494 threshold=16
[HOP 1] TX Pairwise16 DATA neighbor=2 hopSeq=494 securityCount=1
[MAC] Enqueue TX pkt dscp=5 insert_pos=0 queue_size_before=0
[MAC 1] Cancel queued acknowledged frame neighbor=2 seq=494 baseSeq=494 windowIndex=0
[HOP 1] link_control dest=2 neighborKnown=0 speed=8 txPower=30 rxPower=-105
[HOP 1] Pending DATA increment dest=2 pending=495
[HOP 1] GLOBAL HOP CONGESTED pending=495 threshold=16
[HOP 1] TX Pairwise16 DATA neighbor=2 hopSeq=495 securityCount=1
[MAC] Enqueue TX pkt dscp=5 insert_pos=0 queue_size_before=0
[MAC 1] Cancel queued acknowledged frame neighbor=2 seq=495 baseSeq=495 windowIndex=0
[HOP 1] link_control dest=2 neighborKnown=0 speed=8 txPower=30 rxPower=-105
[HOP 1] Pending DATA increment dest=2 pending=496
[HOP 1] GLOBAL HOP CONGESTED pending=496 threshold=16
[HOP 1] TX Pairwise16 DATA neighbor=2 hopSeq=496 securityCount=1
[MAC] Enqueue TX pkt dscp=5 insert_pos=0 queue_size_before=0
[MAC 1] Cancel queued acknowledged frame neighbor=2 seq=496 baseSeq=496 windowIndex=0
[HOP 1] link_control dest=2 neighborKnown=0 speed=8 txPower=30 rxPower=-105
[HOP 1] Pending DATA increment dest=2 pending=497
[HOP 1] GLOBAL HOP CONGESTED pending=497 threshold=16
[HOP 1] TX Pairwise16 DATA neighbor=2 hopSeq=497 securityCount=1
[MAC] Enqueue TX pkt dscp=5 insert_pos=0 queue_size_before=0
[MAC 1] Cancel queued acknowledged frame neighbor=2 seq=497 baseSeq=497 windowIndex=0
[HOP 1] link_control dest=2 neighborKnown=0 speed=8 txPower=30 rxPower=-105
[HOP 1] Pending DATA increment dest=2 pending=498
[HOP 1] GLOBAL HOP CONGESTED pending=498 threshold=16
[HOP 1] TX Pairwise16 DATA neighbor=2 hopSeq=498 securityCount=1
[MAC] Enqueue TX pkt dscp=5 insert_pos=0 queue_size_before=0
[MAC 1] Cancel queued acknowledged frame neighbor=2 seq=498 baseSeq=498 windowIndex=0
[HOP 1] link_control dest=2 neighborKnown=0 speed=8 txPower=30 rxPower=-105
[HOP 1] Pending DATA increment dest=2 pending=499
[HOP 1] GLOBAL HOP CONGESTED pending=499 threshold=16
[HOP 1] TX Pairwise16 DATA neighbor=2 hopSeq=499 securityCount=1
[MAC] Enqueue TX pkt dscp=5 insert_pos=0 queue_size_before=0
[MAC 1] Cancel queued acknowledged frame neighbor=2 seq=499 baseSeq=499 windowIndex=0
[HOP 1] link_control dest=2 neighborKnown=0 speed=8 txPower=30 rxPower=-105
[HOP 1] Pending DATA increment dest=2 pending=500
[HOP 1] GLOBAL HOP CONGESTED pending=500 threshold=16
[HOP 1] TX Pairwise16 DATA neighbor=2 hopSeq=500 securityCount=1
[MAC] Enqueue TX pkt dscp=5 insert_pos=0 queue_size_before=0
[MAC 1] Cancel queued acknowledged frame neighbor=2 seq=500 baseSeq=500 windowIndex=0
[HOP 1] link_control dest=2 neighborKnown=0 speed=8 txPower=30 rxPower=-105
[HOP 1] Pending DATA increment dest=2 pending=501
[HOP 1] GLOBAL HOP CONGESTED pending=501 threshold=16
[HOP 1] TX Pairwise16 DATA neighbor=2 hopSeq=501 securityCount=1
[MAC] Enqueue TX pkt dscp=5 insert_pos=0 queue_size_before=0
[MAC 1] Cancel queued acknowledged frame neighbor=2 seq=501 baseSeq=501 windowIndex=0
[HOP 1] link_control dest=2 neighborKnown=0 speed=8 txPower=30 rxPower=-105
[HOP 1] Pending DATA increment dest=2 pending=502
[HOP 1] GLOBAL HOP CONGESTED pending=502 threshold=16
[HOP 1] TX Pairwise16 DATA neighbor=2 hopSeq=502 securityCount=1
[MAC] Enqueue TX pkt dscp=5 insert_pos=0 queue_size_before=0
[MAC 1] Cancel queued acknowledged frame neighbor=2 seq=502 baseSeq=502 windowIndex=0
[HOP 1] link_control dest=2 neighborKnown=0 speed=8 txPower=30 rxPower=-105
[HOP 1] Pending DATA increment dest=2 pending=503
[HOP 1] GLOBAL HOP CONGESTED pending=503 threshold=16
[HOP 1] TX Pairwise16 DATA neighbor=2 hopSeq=503 securityCount=1
[MAC] Enqueue TX pkt dscp=5 insert_pos=0 queue_size_before=0
[MAC 1] Cancel queued acknowledged frame neighbor=2 seq=503 baseSeq=503 windowIndex=0
[HOP 1] link_control dest=2 neighborKnown=0 speed=8 txPower=30 rxPower=-105
[HOP 1] Pending DATA increment dest=2 pending=504
[HOP 1] GLOBAL HOP CONGESTED pending=504 threshold=16
[HOP 1] TX Pairwise16 DATA neighbor=2 hopSeq=504 securityCount=1
[MAC] Enqueue TX pkt dscp=5 insert_pos=0 queue_size_before=0
[MAC 1] Cancel queued acknowledged frame neighbor=2 seq=504 baseSeq=504 windowIndex=0
[HOP 1] link_control dest=2 neighborKnown=0 speed=8 txPower=30 rxPower=-105
[HOP 1] Pending DATA increment dest=2 pending=505
[HOP 1] GLOBAL HOP CONGESTED pending=505 threshold=16
[HOP 1] TX Pairwise16 DATA neighbor=2 hopSeq=505 securityCount=1
[MAC] Enqueue TX pkt dscp=5 insert_pos=0 queue_size_before=0
[MAC 1] Cancel queued acknowledged frame neighbor=2 seq=505 baseSeq=505 windowIndex=0
[HOP 1] link_control dest=2 neighborKnown=0 speed=8 txPower=30 rxPower=-105
[HOP 1] Pending DATA increment dest=2 pending=506
[HOP 1] GLOBAL HOP CONGESTED pending=506 threshold=16
[HOP 1] TX Pairwise16 DATA neighbor=2 hopSeq=506 securityCount=1
[MAC] Enqueue TX pkt dscp=5 insert_pos=0 queue_size_before=0
[MAC 1] Cancel queued acknowledged frame neighbor=2 seq=506 baseSeq=506 windowIndex=0
[HOP 1] link_control dest=2 neighborKnown=0 speed=8 txPower=30 rxPower=-105
[HOP 1] Pending DATA increment dest=2 pending=507
[HOP 1] GLOBAL HOP CONGESTED pending=507 threshold=16
[HOP 1] TX Pairwise16 DATA neighbor=2 hopSeq=507 securityCount=1
[MAC] Enqueue TX pkt dscp=5 insert_pos=0 queue_size_before=0
[MAC 1] Cancel queued acknowledged frame neighbor=2 seq=507 baseSeq=507 windowIndex=0
[HOP 1] link_control dest=2 neighborKnown=0 speed=8 txPower=30 rxPower=-105
[HOP 1] Pending DATA increment dest=2 pending=508
[HOP 1] GLOBAL HOP CONGESTED pending=508 threshold=16
[HOP 1] TX Pairwise16 DATA neighbor=2 hopSeq=508 securityCount=1
[MAC] Enqueue TX pkt dscp=5 insert_pos=0 queue_size_before=0
[MAC 1] Cancel queued acknowledged frame neighbor=2 seq=508 baseSeq=508 windowIndex=0
[HOP 1] link_control dest=2 neighborKnown=0 speed=8 txPower=30 rxPower=-105
[HOP 1] Pending DATA increment dest=2 pending=509
[HOP 1] GLOBAL HOP CONGESTED pending=509 threshold=16
[HOP 1] TX Pairwise16 DATA neighbor=2 hopSeq=509 securityCount=1
[MAC] Enqueue TX pkt dscp=5 insert_pos=0 queue_size_before=0
[MAC 1] Cancel queued acknowledged frame neighbor=2 seq=509 baseSeq=509 windowIndex=0
[HOP 1] link_control dest=2 neighborKnown=0 speed=8 txPower=30 rxPower=-105
[HOP 1] Pending DATA increment dest=2 pending=510
[HOP 1] GLOBAL HOP CONGESTED pending=510 threshold=16
[HOP 1] TX Pairwise16 DATA neighbor=2 hopSeq=510 securityCount=1
[MAC] Enqueue TX pkt dscp=5 insert_pos=0 queue_size_before=0
[MAC 1] Cancel queued acknowledged frame neighbor=2 seq=510 baseSeq=510 windowIndex=0
[HOP 1] link_control dest=2 neighborKnown=0 speed=8 txPower=30 rxPower=-105
[HOP 1] Pending DATA increment dest=2 pending=511
[HOP 1] GLOBAL HOP CONGESTED pending=511 threshold=16
[HOP 1] TX Pairwise16 DATA neighbor=2 hopSeq=511 securityCount=1
[MAC] Enqueue TX pkt dscp=5 insert_pos=0 queue_size_before=0
[MAC 1] Cancel queued acknowledged frame neighbor=2 seq=511 baseSeq=511 windowIndex=0
[HOP 1] link_control dest=2 neighborKnown=0 speed=8 txPower=30 rxPower=-105
[HOP 1] Pending DATA increment dest=2 pending=512
[HOP 1] GLOBAL HOP CONGESTED pending=512 threshold=16
[HOP 1] TX Pairwise16 DATA neighbor=2 hopSeq=512 securityCount=1
[MAC] Enqueue TX pkt dscp=5 insert_pos=0 queue_size_before=0
[MAC 1] Cancel queued acknowledged frame neighbor=2 seq=512 baseSeq=512 windowIndex=0
[HOP 1] link_control dest=2 neighborKnown=0 speed=8 txPower=30 rxPower=-105
[HOP 1] Pending DATA increment dest=2 pending=513
[HOP 1] GLOBAL HOP CONGESTED pending=513 threshold=16
[HOP 1] Resend entry rejected: OPNET queue limit reached dest=2 seq=513 limit=512 overflows=1
[HOP 1] TX Pairwise16 DATA neighbor=2 hopSeq=513 securityCount=1
[MAC] Enqueue TX pkt dscp=5 insert_pos=0 queue_size_before=0
[HOP 1] link_control dest=2 neighborKnown=0 speed=8 txPower=30 rxPower=-105
[HOP 1] link_control dest=3 neighborKnown=0 speed=8 txPower=30 rxPower=-105
[HOP 1] TX reliable RoutingControl targets=2:1,3:1
[MAC] Enqueue TX pkt dscp=7 insert_pos=0 queue_size_before=0
[MAC 1] PickTxSlot(dest=2) active_nodes_for_slotting=1 opnet_slot_range=18
[MAC 1] PickTxSlot(dest=2) avoid:
[MAC 1] PickTxSlot chose 17 using OPNET free-slot ordinal range [1,18]
[MAC 1] starts Pre-Tx with new slot=17 holdoff_over=0
[MAC 1] OPNET 300-ms transmit holdoff complete
[MAC 1] PickTxSlot(dest=2) active_nodes_for_slotting=1 opnet_slot_range=18
[MAC 1] PickTxSlot(dest=2) avoid:
[MAC 1] PickTxSlot chose 6 using OPNET free-slot ordinal range [1,18]
[MAC 1] TX opportunity reached currentSlot=17 reserveNextSlot=6
... type=6 speedKey=8[t=0.533] TX from node 1 to dest 2 seq 1 size 20 bytes segments 1 at slot 6 rate 8 kbps txPower 30 dBm (7843.14 bps) preamble LONG duration 1.03632 s
[HOP 1] MAC sent confirmation dest=2 seq=1 transmission=1 sentAt=0.533
[MAC 1] OPNET aggregate transmitted segments=1 ackSegments=0 dataSegments=1 bytes=20 rate=8
[t=0.533] RX SYNC at node 2 from node 1 seq 1 power 27.8722 dBm noise -106.975 dBm snr 134.847 dB state=1
[t=0.533] RX SYNC at node 3 from node 1 seq 1 power 27.8722 dBm noise -106.975 dBm snr 134.847 dB state=1
[t=0.53963] MAC 2 enters Track on node 1 seq 1 power 27.8722 dBm
[t=0.53963] MAC 3 enters Track on node 1 seq 1 power 27.8722 dBm
[MAC 1] post-TX WAIT_FOR_ACK until 18.5693 (POST_TX_WAIT=17 s)
[t=1.56932] RX at node 2 from node 1 seq 1 rate 8 kbps txPower 30 dBm preamble LONG pathloss 2.12777 dB snr 134.847 dB (slot 6, len 20B, ackable=1)
[MAC 2] Ignore first-contact reservation from unknown neighbor 1 slot=6
[t=1.56932] RX at node 3 from node 1 seq 1 rate 8 kbps txPower 30 dBm preamble LONG pathloss 2.12777 dB snr 134.847 dB (slot 6, len 20B, ackable=1)
[MAC 3] Ignore first-contact reservation from unknown neighbor 1 slot=6
[MAC 1] local advertised reservation expired
[HOP 1] New neighbor 2 heard at t=1.7s
[HOP 1] RX ACK from 2 seq=1
[HOP 1] Reliable RoutingControl ACK progress with 2 seq=1 routingSequence=77 section=0/1
[HOP 1] RoutingControl partial ACK neighbor=2 seq=1 resendEntryRetained=1
[MAC] Enqueue TX pkt dscp=7 insert_pos=0 queue_size_before=0
[MAC 1] PickTxSlot(dest=2) active_nodes_for_slotting=1 opnet_slot_range=18
[MAC 1] PickTxSlot(dest=2) avoid:
[MAC 1] PickTxSlot chose 14 using OPNET free-slot ordinal range [1,18]
[MAC 1] starts Pre-Tx with new slot=14 holdoff_over=1
[MAC 1] PickTxSlot(dest=2) active_nodes_for_slotting=1 opnet_slot_range=18
[MAC 1] PickTxSlot(dest=2) avoid:
[MAC 1] PickTxSlot chose 9 using OPNET free-slot ordinal range [1,18]
[MAC 1] TX opportunity reached currentSlot=14 reserveNextSlot=9
... type=6 speedKey=8[t=2.73] TX from node 1 to dest 2 seq 1 size 20 bytes segments 1 at slot 9 rate 8 kbps txPower 30 dBm (7843.14 bps) preamble LONG duration 1.03632 s
[HOP 1] MAC sent confirmation dest=2 seq=1 transmission=2 sentAt=2.73
[MAC 1] OPNET aggregate transmitted segments=1 ackSegments=0 dataSegments=1 bytes=20 rate=8
[t=2.73] RX SYNC at node 2 from node 1 seq 1 power 27.8722 dBm noise -106.975 dBm snr 134.847 dB state=1
[t=2.73] RX SYNC at node 3 from node 1 seq 1 power 27.8722 dBm noise -106.975 dBm snr 134.847 dB state=1
[t=2.73663] MAC 2 enters Track on node 1 seq 1 power 27.8722 dBm
[t=2.73663] MAC 3 enters Track on node 1 seq 1 power 27.8722 dBm
[MAC 1] post-TX WAIT_FOR_ACK until 20.7663 (POST_TX_WAIT=17 s)
[t=3.76632] RX at node 2 from node 1 seq 1 rate 8 kbps txPower 30 dBm preamble LONG pathloss 2.12777 dB snr 134.847 dB (slot 9, len 20B, ackable=1)
[MAC 2] Learned neighbor 1 uses slot 9 (rtCounter=9)
[t=3.76632] RX at node 3 from node 1 seq 1 rate 8 kbps txPower 30 dBm preamble LONG pathloss 2.12777 dB snr 134.847 dB (slot 9, len 20B, ackable=1)
[MAC 3] Learned neighbor 1 uses slot 9 (rtCounter=9)
[MAC 2] rtslot_counter expired for neighbor 1 reserveSlot=9
[MAC 3] rtslot_counter expired for neighbor 1 reserveSlot=9
[MAC 1] local advertised reservation expired
[MAC] Enqueue TX pkt dscp=7 insert_pos=0 queue_size_before=0
[MAC 1] PickTxSlot(dest=2) active_nodes_for_slotting=1 opnet_slot_range=18
[MAC 1] PickTxSlot(dest=2) avoid:
[MAC 1] PickTxSlot chose 9 using OPNET free-slot ordinal range [1,18]
[MAC 1] starts Pre-Tx with new slot=9 holdoff_over=1
[MAC 1] PickTxSlot(dest=2) active_nodes_for_slotting=1 opnet_slot_range=18
[MAC 1] PickTxSlot(dest=2) avoid:
[MAC 1] PickTxSlot chose 6 using OPNET free-slot ordinal range [1,18]
[MAC 1] TX opportunity reached currentSlot=9 reserveNextSlot=6
... type=6 speedKey=8[t=4.862] TX from node 1 to dest 2 seq 1 size 20 bytes segments 1 at slot 6 rate 8 kbps txPower 30 dBm (7843.14 bps) preamble LONG duration 1.03632 s
[HOP 1] MAC sent confirmation dest=2 seq=1 transmission=3 sentAt=4.862
[MAC 1] OPNET aggregate transmitted segments=1 ackSegments=0 dataSegments=1 bytes=20 rate=8
[t=4.862] RX SYNC at node 2 from node 1 seq 1 power 27.8722 dBm noise -106.975 dBm snr 134.847 dB state=1
[t=4.862] RX SYNC at node 3 from node 1 seq 1 power 27.8722 dBm noise -106.975 dBm snr 134.847 dB state=1
[t=4.86863] MAC 2 enters Track on node 1 seq 1 power 27.8722 dBm
[t=4.86863] MAC 3 enters Track on node 1 seq 1 power 27.8722 dBm
[MAC 1] post-TX WAIT_FOR_ACK until 22.8983 (POST_TX_WAIT=17 s)
[t=5.89832] RX at node 2 from node 1 seq 1 rate 8 kbps txPower 30 dBm preamble LONG pathloss 2.12777 dB snr 134.847 dB (slot 6, len 20B, ackable=1)
[MAC 2] Learned neighbor 1 uses slot 6 (rtCounter=6)
[t=5.89832] RX at node 3 from node 1 seq 1 rate 8 kbps txPower 30 dBm preamble LONG pathloss 2.12777 dB snr 134.847 dB (slot 6, len 20B, ackable=1)
[MAC 3] Learned neighbor 1 uses slot 6 (rtCounter=6)
[MAC 2] rtslot_counter expired for neighbor 1 reserveSlot=6
[MAC 3] rtslot_counter expired for neighbor 1 reserveSlot=6
[MAC 1] local advertised reservation expired
[HOP 1] Reliable RoutingControl FAILED neighbor=2 routingSequence=77 operation=2 section=0/1
PASS: OPNET multidestination routing ACK parity test
