[NWK 0] Cleared selected-route preference dst=0 reason=no-valid-route
[NWK 0] Selected route changed dst=0 reason=local capability changed pendingDestinations=1
[NWK 0] nodeType=Gateway
[NWK 1] Cleared selected-route preference dst=1 reason=no-valid-route
[NWK 1] Selected route changed dst=1 reason=local capability changed pendingDestinations=1
[NWK 1] nodeType=Routable
[NWK 2] Cleared selected-route preference dst=2 reason=no-valid-route
[NWK 2] Selected route changed dst=2 reason=local capability changed pendingDestinations=1
[NWK 2] nodeType=Routable
[NWK 0] Scheduling Gateway startup discovery delay=10s duration=30s
[NWK 0] routesProcess grouped selected-route changes count=1 infoChanged=0 time=0
[NWK 0] Source-owned self route dst=0 nextHop=0 cost=0 hops=0 capability=2 advertised=1
[NWK 0] Consumed grouped route changes without recipients destinations=1 infoChanged=0
[NWK 1] routesProcess grouped selected-route changes count=1 infoChanged=0 time=0
[NWK 1] Source-owned self route dst=1 nextHop=1 cost=0 hops=0 capability=1 advertised=1
[NWK 1] Consumed grouped route changes without recipients destinations=1 infoChanged=0
[NWK 2] routesProcess grouped selected-route changes count=1 infoChanged=0 time=0
[NWK 2] Source-owned self route dst=2 nextHop=2 cost=0 hops=0 capability=1 advertised=1
[NWK 2] Consumed grouped route changes without recipients destinations=1 infoChanged=0
[NWK 0] Gateway startup discovery firing duration=30s
[NWK 0] DiscoveryStart Broadcast sequence=1 resetVerifiedNeighbors=0
[NWK 0] ARL Discover sent without Routes_PAYLOAD
[NWK 0] HELLO advertising 0 routes
[NWK 0] HELLO ARL route msg type=1
[HOP 0] link_control dest=16777215 neighborKnown=0 speed=8 txPower=30 rxPower=-105
[HOP 0] TX GroupEstablish Discover securityCount=1 securityBytes=7
[MAC] Enqueue TX pkt dscp=7 insert_pos=0 queue_size_before=0
[MAC 0] PickTxSlot(dest=16777215) active_nodes_for_slotting=1 opnet_slot_range=18
[MAC 0] PickTxSlot(dest=16777215) avoid:
[MAC 0] PickTxSlot chose 13 using OPNET free-slot ordinal range [1,18]
[MAC 0] starts Pre-Tx with new slot=13 holdoff_over=0
[MAC 0] OPNET 300-ms transmit holdoff complete
[MAC 0] PickTxSlot(dest=16777215) active_nodes_for_slotting=1 opnet_slot_range=18
[MAC 0] PickTxSlot(dest=16777215) avoid:
[MAC 0] PickTxSlot chose 2 using OPNET free-slot ordinal range [1,18]
[MAC 0] TX opportunity reached currentSlot=13 reserveNextSlot=2
... type=4 speedKey=8[t=10.481] TX from node 0 to dest 16777215 seq 1 size 19 bytes segments 1 at slot 2 rate 8 kbps txPower 30 dBm (7843.14 bps) preamble LONG duration 1.0353 s
[MAC 0] OPNET aggregate transmitted segments=1 ackSegments=0 dataSegments=1 bytes=19 rate=8
[t=10.481] RX SYNC at node 1 from node 0 seq 1 power 27.8722 dBm noise -106.975 dBm snr 134.847 dB state=1
[t=10.4876] MAC 1 enters Track on node 0 seq 1 power 27.8722 dBm
[MAC 0] post-TX WAIT_FOR_ACK until 28.5163 (POST_TX_WAIT=17 s)
[t=11.5163] RX at node 1 from node 0 seq 1 rate 8 kbps txPower 30 dBm preamble LONG pathloss 2.12777 dB snr 134.847 dB (slot 2, len 19B, ackable=0)
[MAC 1] Ignore first-contact reservation from unknown neighbor 0 slot=2
[HOP 1] New neighbor 0 heard at t=11.5163s
[HOP 1] Queue authenticated GroupEstablish pending KeyUpdate from=0 keyId=1 groupSeq=2
[MAC 1] active_nodes set to 2 for local slotting and post-TX wait
[NWK 1] active_nodes=2 pushed to MAC
[NWK 1] Authenticated Discover awaits group key neighbor=0 newNeighbor=1
[NWK 1] Sending source-faithful KeyRequest neighbor=0 noAck=1 retryDelayMs=5000
[HOP 1] link_control dest=0 neighborKnown=1 s0=-105 pathloss=2.12777 failures=0 speed=128 txPower=0 rxPower=-105 cost=29
[HOP 1] TX non-ACKed KeyRequest neighbor=0 hopSeq=1 keyId=1 keySeq=2 securityCount=1
[MAC] Enqueue TX pkt dscp=7 insert_pos=0 queue_size_before=0
[MAC 1] PickTxSlot(dest=0) active_nodes_for_slotting=2 opnet_slot_range=21
[MAC 1] PickTxSlot(dest=0) avoid:
[MAC 1] PickTxSlot chose 4 using OPNET free-slot ordinal range [1,21]
[MAC 1] starts Pre-Tx with new slot=4 holdoff_over=0
[MAC 0] local advertised reservation expired
[MAC 1] OPNET 300-ms transmit holdoff complete
[MAC 1] PickTxSlot(dest=0) active_nodes_for_slotting=2 opnet_slot_range=21
[MAC 1] PickTxSlot(dest=0) avoid:
[MAC 1] PickTxSlot chose 13 using OPNET free-slot ordinal range [1,21]
[MAC 1] TX opportunity reached currentSlot=4 reserveNextSlot=13
... type=8 speedKey=128[t=11.8803] TX from node 1 to dest 0 seq 1 size 18 bytes segments 1 at slot 13 rate 128 kbps txPower 0 dBm (133333 bps) preamble SHORT duration 0.0207 s
[MAC 1] OPNET aggregate transmitted segments=1 ackSegments=0 dataSegments=1 bytes=18 rate=128
[t=11.8803] RX SYNC at node 0 from node 1 seq 1 power -2.12777 dBm noise -106.975 dBm snr 104.847 dB state=1
[t=11.8803] RX SYNC at node 2 from node 1 seq 1 power -2.12777 dBm noise -106.975 dBm snr 104.847 dB state=1
[t=11.8869] MAC 0 enters Track on node 1 seq 1 power -2.12777 dBm
[t=11.8869] MAC 2 enters Track on node 1 seq 1 power -2.12777 dBm
[MAC 1] post-TX WAIT_FOR_ACK until 30.401 (POST_TX_WAIT=18.5 s)
[t=11.901] RX at node 0 from node 1 seq 1 rate 128 kbps txPower 0 dBm preamble SHORT pathloss 2.12777 dB snr 104.847 dB (slot 13, len 18B, ackable=0)
[MAC 0] Ignore first-contact reservation from unknown neighbor 1 slot=13
[HOP 0] New neighbor 1 heard at t=11.901s
[HOP 0] RX authenticated KeyRequest from=1 keyId=1 keySeq=2 securityCount=1
[NWK 0] KeyRequest accepted neighbor=1
[HOP 0] link_control dest=1 neighborKnown=1 s0=-105 pathloss=2.12777 failures=0 speed=128 txPower=0 rxPower=-105 cost=29
[HOP 0] TX reliable KeyUpdate neighbor=1 hopSeq=1 keyId=1 keySeq=2 groupKeyId=1 securityBytes=51
[MAC] Enqueue TX pkt dscp=7 insert_pos=0 queue_size_before=0
[NWK 0] KeyUpdate send active neighbor=1 reliable=1 securityBytes=51
[MAC 0] PickTxSlot(dest=1) active_nodes_for_slotting=1 opnet_slot_range=18
[MAC 0] PickTxSlot(dest=1) avoid:
[MAC 0] PickTxSlot chose 6 using OPNET free-slot ordinal range [1,18]
[MAC 0] starts Pre-Tx with new slot=6 holdoff_over=1
[t=11.901] RX OVERHEARD at node 2 from node 1 seq 1 rate 128 kbps txPower 0 dBm preamble SHORT pathloss 2.12777 dB snr 104.847 dB (slot 13, len 18B, ackable=0)
[MAC 2] Ignore first-contact reservation from unknown neighbor 1 slot=13
[HOP 2] New neighbor 1 heard at t=11.901s
[HOP 2] Overheard frame from 1 for 0 type=8 ignored after neighbor update
[MAC 0] PickTxSlot(dest=1) active_nodes_for_slotting=1 opnet_slot_range=18
[MAC 0] PickTxSlot(dest=1) avoid:
[MAC 0] PickTxSlot chose 15 using OPNET free-slot ordinal range [1,18]
[MAC 0] TX opportunity reached currentSlot=6 reserveNextSlot=15
... type=9 speedKey=128[t=11.989] TX from node 0 to dest 1 seq 1 size 62 bytes segments 1 at slot 15 rate 128 kbps txPower 0 dBm (133333 bps) preamble SHORT duration 0.02334 s
[HOP 0] MAC sent confirmation dest=1 seq=1 transmission=1 sentAt=11.989
[MAC 0] OPNET aggregate transmitted segments=1 ackSegments=0 dataSegments=1 bytes=62 rate=128
[t=11.989] RX SYNC at node 1 from node 0 seq 1 power -2.12777 dBm noise -106.975 dBm snr 104.847 dB state=1
[t=11.9956] MAC 1 enters Track on node 0 seq 1 power -2.12777 dBm
[MAC 0] post-TX WAIT_FOR_ACK until 29.0123 (POST_TX_WAIT=17 s)
[t=12.0123] RX at node 1 from node 0 seq 1 rate 128 kbps txPower 0 dBm preamble SHORT pathloss 2.12777 dB snr 104.847 dB (slot 15, len 62B, ackable=1)
[MAC 1] Learned neighbor 0 uses slot 15 (rtCounter=15)
[HOP 1] RX authenticated KeyUpdate from=0 keyId=1 keySeq=2 groupKeyId=1 securityCount=1
[HOP 1] link_control dest=0 neighborKnown=1 s0=-105 pathloss=2.12777 failures=0 speed=128 txPower=0 rxPower=-105 cost=29
[HOP 1] ACK KeyUpdate to 0 seq=1
[MAC 1] Enqueue ACK dest=0 seq=1 window=0 ack_queue_size=1
[NWK 1] KeyUpdate complete neighbor=0 receivedKey=1
[HOP 1] link_control dest=0 neighborKnown=1 s0=-105 pathloss=2.12777 failures=0 speed=128 txPower=0 rxPower=-105 cost=29
[HOP 1] TX reliable KeyUpdate neighbor=0 hopSeq=2 keyId=1 keySeq=4 groupKeyId=1 securityBytes=51
[MAC] Enqueue TX pkt dscp=7 insert_pos=0 queue_size_before=0
[NWK 1] KeyUpdate send active neighbor=0 reliable=1 securityBytes=51
[HOP 1] Replay queued GroupEstablish after KeyUpdate from=0 keyId=1 groupSeq=2
[NWK 1] Gateway learned node=0
[MAC 1] active_nodes set to 2 for local slotting and post-TX wait
[NWK 1] active_nodes=2 pushed to MAC
[MAC 1] max_reported_active_nodes updated to 1
[NWK 1] Updated HELLO neighbor=0 hopSrc=0 speedKey=8 activeNodes=1 pathloss=2.12777 snr=134.847
[NWK 1] link_calc neighbor=0 s0=-105 pathloss=2.12777 numFailures=0 speed=128 txPower=0 estDistance=75 speedMargin=120.872 totalMargin=132.872 costMode=local-only cost=29
[NWK 1] Added route candidate dst=0 nextHop=0 hops=1 cost=29 linkCost=29 advCost=0 learnedFrom=0 selectionDeferred=0 selected=0
[NWK 1] ARL route message from 0 type=Discover advCount=0
[NWK 1] ProcessDiscover from 0 subtype=Broadcast sequence=1
[NWK 1] New discovery sequence from 0 old=0 new=1
[NWK 1] Discovery response pending key-send ACK neighbor=0 sequence=1
[NWK 1] Routes: dst=0->nh=0(hops=1,cost=29,linkCost=29,advCost=0,from=0,imm=1,pl=2.12777,valid=1,path=[0])
[MAC 1] resumes Pre-Tx with live slot=13 counter=6
[MAC 1] PickTxSlot(dest=0) active_nodes_for_slotting=2 opnet_slot_range=21
[MAC 1] avoiding neighbor 0 currentReservedSlot=8 rtslot_counter=8
[MAC 1] PickTxSlot(dest=0) avoid: 8
[MAC 1] PickTxSlot chose 10 using OPNET free-slot ordinal range [1,21]
[MAC 1] TX opportunity reached currentSlot=13 reserveNextSlot=10
... type=1 speedKey=128[t=12.1013] TX from node 1 to dest 0 seq 1 size 92 bytes segments 2 at slot 10 rate 128 kbps txPower 0 dBm (133333 bps) preamble SHORT duration 0.02514 s
[HOP 1] MAC sent confirmation dest=0 seq=2 transmission=1 sentAt=12.1013
[MAC 1] ACK transmitted in aggregate dest=0 seq=1 txCount=1/5
[MAC 1] OPNET aggregate transmitted segments=2 ackSegments=1 dataSegments=1 bytes=92 rate=128
[t=12.1013] RX SYNC at node 0 from node 1 seq 1 power -2.12777 dBm noise -106.975 dBm snr 104.847 dB state=1
[t=12.1013] RX SYNC at node 2 from node 1 seq 1 power -2.12777 dBm noise -106.975 dBm snr 104.847 dB state=1
[t=12.1079] MAC 0 enters Track on node 1 seq 1 power -2.12777 dBm
[t=12.1079] MAC 2 enters Track on node 1 seq 1 power -2.12777 dBm
[MAC 1] resumes Pre-Tx with live slot=10 counter=10
[t=12.1264] RX at node 0 from node 1 seq 1 rate 128 kbps txPower 0 dBm preamble SHORT pathloss 2.12777 dB snr 104.847 dB (slot 10, len 92B, ackable=1)
[MAC 0] Learned neighbor 1 uses slot 10 (rtCounter=10)
[HOP 0] RX ACK from 1 seq=1
[HOP 0] Reliable KeyUpdate completed neighbor=1 seq=1
[NWK 0] KeyUpdate send completion neighbor=1 acknowledged=1 sentKey=1
[NWK 0] Sending source-faithful KeyRequest neighbor=1 noAck=1 retryDelayMs=10000
[HOP 0] link_control dest=1 neighborKnown=1 s0=-105 pathloss=2.12777 failures=0 speed=128 txPower=0 rxPower=-105 cost=29
[HOP 0] TX non-ACKed KeyRequest neighbor=1 hopSeq=2 keyId=1 keySeq=3 securityCount=1
[MAC] Enqueue TX pkt dscp=7 insert_pos=0 queue_size_before=0
[HOP 0] RX authenticated KeyUpdate from=1 keyId=1 keySeq=4 groupKeyId=1 securityCount=1
[HOP 0] link_control dest=1 neighborKnown=1 s0=-105 pathloss=2.12777 failures=0 speed=128 txPower=0 rxPower=-105 cost=29
[HOP 0] ACK KeyUpdate to 1 seq=2
[MAC 0] Enqueue ACK dest=1 seq=2 window=0 ack_queue_size=1
[NWK 0] KeyUpdate complete neighbor=1 receivedKey=1
[NWK 0] Sending CHECK_OVERHEARD after two-sided key exchange neighbor=1
[NWK 0] Sending targeted ARL NeighborCheck neighbor=1 subtype=Overheard
[HOP 0] link_control dest=1 neighborKnown=1 s0=-105 pathloss=2.12777 failures=0 speed=128 txPower=0 rxPower=-105 cost=29
[HOP 0] TX reliable NeighborCheck to 1 seq=3
[MAC] Enqueue TX pkt dscp=7 insert_pos=1 queue_size_before=1
[MAC 0] resumes Pre-Tx with live slot=15 counter=8
[t=12.1264] RX OVERHEARD at node 2 from node 1 seq 1 rate 128 kbps txPower 0 dBm preamble SHORT pathloss 2.12777 dB snr 104.847 dB (slot 10, len 92B, ackable=1)
[MAC 2] Learned neighbor 1 uses slot 10 (rtCounter=10)
[HOP 2] Overheard frame from 1 for 0 type=1 ignored after neighbor update
[HOP 2] Overheard frame from 1 for 0 type=9 ignored after neighbor update
[NWK 0] CheckNwkQueue: size=0
[MAC 1] rtslot_counter expired for neighbor 0 reserveSlot=15
[MAC 0] PickTxSlot(dest=1) active_nodes_for_slotting=1 opnet_slot_range=18
[MAC 0] avoiding neighbor 1 currentReservedSlot=1 rtslot_counter=1
[MAC 0] PickTxSlot(dest=1) avoid: 1
[MAC 0] PickTxSlot chose 17 using OPNET free-slot ordinal range [1,18]
[MAC 0] TX opportunity reached currentSlot=15 reserveNextSlot=17
... type=1 speedKey=128[t=12.236] TX from node 0 to dest 1 seq 2 size 64 bytes segments 3 at slot 17 rate 128 kbps txPower 0 dBm (133333 bps) preamble SHORT duration 0.02346 s
[HOP 0] MAC sent confirmation dest=1 seq=3 transmission=1 sentAt=12.236
[MAC 0] ACK transmitted in aggregate dest=1 seq=2 txCount=1/5
[MAC 0] OPNET aggregate transmitted segments=3 ackSegments=1 dataSegments=2 bytes=64 rate=128
[t=12.236] RX SYNC at node 1 from node 0 seq 2 power -2.12777 dBm noise -106.975 dBm snr 104.847 dB state=1
[t=12.2426] MAC 1 enters Track on node 0 seq 2 power -2.12777 dBm
[MAC 0] resumes Pre-Tx with live slot=17 counter=17
[t=12.2595] RX at node 1 from node 0 seq 2 rate 128 kbps txPower 0 dBm preamble SHORT pathloss 2.12777 dB snr 104.847 dB (slot 17, len 64B, ackable=1)
[MAC 1] Learned neighbor 0 uses slot 17 (rtCounter=17)
[HOP 1] RX ACK from 0 seq=2
[HOP 1] Reliable KeyUpdate completed neighbor=0 seq=2
[NWK 1] KeyUpdate send completion neighbor=0 acknowledged=1 sentKey=1
[NWK 1] Sending deferred Discovery NeighborCheck neighbor=0 sequence=1 afterKeySend=1
[NWK 1] Sending targeted ARL NeighborCheck neighbor=0 subtype=Discovery discoverySequence=1
[HOP 1] link_control dest=0 neighborKnown=1 s0=-105 pathloss=2.12777 failures=0 speed=128 txPower=0 rxPower=-105 cost=29
[HOP 1] TX reliable NeighborCheck to 0 seq=3
[MAC] Enqueue TX pkt dscp=7 insert_pos=0 queue_size_before=0
[HOP 1] RX authenticated KeyRequest from=0 keyId=1 keySeq=3 securityCount=1
[NWK 1] KeyRequest received after completed KeyUpdate neighbor=0 ageMs=0 recent-key-suppressed
[HOP 1] RX reliable NeighborCheck from 0 seq=3 firstReception=1
[MAC 1] active_nodes set to 2 for local slotting and post-TX wait
[NWK 1] active_nodes=2 pushed to MAC
[NWK 1] Updated HELLO neighbor=0 hopSrc=0 speedKey=8 activeNodes=1 pathloss=2.12777 snr=104.847
[NWK 1] link_calc neighbor=0 s0=-105 pathloss=2.12777 numFailures=0 speed=128 txPower=0 estDistance=75 speedMargin=120.872 totalMargin=132.872 costMode=local-only cost=29
[NWK 1] Updated route candidate dst=0 nextHop=0 hops=1 oldCost=29 newCost=29 valid=1->1 selectionDeferred=0 selected=0
[NWK 1] ARL route message from 0 type=NeighborCheck advCount=0
[NWK 1] ProcessNeighborCheck from 0 subtype=Overheard pathloss=2.12777 snr=104.847 linkCost=29 advCount=0
[NWK 1] NeighborCheck Overheard received from 0
[NWK 1] Sending CHECK_OVERHEARD after two-sided key exchange neighbor=0
[NWK 1] Sending targeted ARL NeighborCheck neighbor=0 subtype=Overheard
[HOP 1] link_control dest=0 neighborKnown=1 s0=-105 pathloss=2.12777 failures=0 speed=128 txPower=0 rxPower=-105 cost=29
[HOP 1] TX reliable NeighborCheck to 0 seq=4
[MAC] Enqueue TX pkt dscp=7 insert_pos=1 queue_size_before=1
[NWK 1] Routes: dst=0->nh=0(hops=1,cost=29,linkCost=29,advCost=0,from=0,imm=1,pl=2.12777,valid=1,path=[0])
[HOP 1] link_control dest=0 neighborKnown=1 s0=-105 pathloss=2.12777 failures=0 speed=128 txPower=0 rxPower=-105 cost=29
[HOP 1] ACK NeighborCheck to 0 seq=3
[MAC 1] Enqueue ACK dest=0 seq=3 window=0 ack_queue_size=2
[NWK 1] CheckNwkQueue: size=0
[MAC 2] rtslot_counter expired for neighbor 1 reserveSlot=10
[MAC 0] rtslot_counter expired for neighbor 1 reserveSlot=10
[MAC 1] PickTxSlot(dest=0) active_nodes_for_slotting=2 opnet_slot_range=21
[MAC 1] avoiding neighbor 0 currentReservedSlot=15 rtslot_counter=15
[MAC 1] PickTxSlot(dest=0) avoid: 15
[MAC 1] PickTxSlot chose 2 using OPNET free-slot ordinal range [1,21]
[MAC 1] TX opportunity reached currentSlot=10 reserveNextSlot=2
... type=1 speedKey=128[t=12.2833] TX from node 1 to dest 0 seq 1 size 92 bytes segments 4 at slot 2 rate 128 kbps txPower 0 dBm (133333 bps) preamble SHORT duration 0.02514 s
[HOP 1] MAC sent confirmation dest=0 seq=3 transmission=1 sentAt=12.2833
[HOP 1] MAC sent confirmation dest=0 seq=4 transmission=1 sentAt=12.2833
[MAC 1] ACK transmitted in aggregate dest=0 seq=1 txCount=2/5
[MAC 1] ACK transmitted in aggregate dest=0 seq=3 txCount=1/5
[MAC 1] OPNET aggregate transmitted segments=4 ackSegments=2 dataSegments=2 bytes=92 rate=128
[t=12.2833] RX SYNC at node 0 from node 1 seq 1 power -2.12777 dBm noise -106.975 dBm snr 104.847 dB state=1
[t=12.2833] RX SYNC at node 2 from node 1 seq 1 power -2.12777 dBm noise -106.975 dBm snr 104.847 dB state=1
[t=12.2899] MAC 0 enters Track on node 1 seq 1 power -2.12777 dBm
[t=12.2899] MAC 2 enters Track on node 1 seq 1 power -2.12777 dBm
[MAC 1] resumes Pre-Tx with live slot=2 counter=2
[t=12.3084] RX at node 0 from node 1 seq 1 rate 128 kbps txPower 0 dBm preamble SHORT pathloss 2.12777 dB snr 104.847 dB (slot 2, len 92B, ackable=1)
[MAC 0] Learned neighbor 1 uses slot 2 (rtCounter=2)
[HOP 0] RX ACK from 1 seq=1
[HOP 0] RX ACK from 1 seq=3
[HOP 0] Reliable NeighborCheck completed with 1 seq=3 subtype=3 discoverySequence=0
[NWK 0] NeighborCheck success neighbor=1 subtype=Overheard discoverySequence=0 stale=0->0 numFailures=0->0
[NWK 0] ARL neighbor ACTIVE neighbor=1 reason=ACKed NeighborCheck keys=two-sided
[HOP 0] RX reliable NeighborCheck from 1 seq=3 firstReception=1
[MAC 0] active_nodes set to 2 for local slotting and post-TX wait
[NWK 0] active_nodes=2 pushed to MAC
[MAC 0] max_reported_active_nodes updated to 1
[NWK 0] Updated HELLO neighbor=1 hopSrc=1 speedKey=8 activeNodes=0 pathloss=2.12777 snr=104.847
[NWK 0] link_calc neighbor=1 s0=-105 pathloss=2.12777 numFailures=0 speed=128 txPower=0 estDistance=75 speedMargin=120.872 totalMargin=132.872 costMode=local-only cost=29
[NWK 0] Added route candidate dst=1 nextHop=1 hops=1 cost=29 linkCost=29 advCost=0 learnedFrom=1 selectionDeferred=0 selected=1
[NWK 0] Updated selected-route preference dst=1 preferredNextHop=1
[NWK 0] Selected route changed dst=1 reason=candidate update pendingDestinations=1
[NWK 0] ARL route message from 1 type=NeighborCheck advCount=0
[NWK 0] ProcessNeighborCheck from 1 subtype=Discovery pathloss=2.12777 snr=104.847 linkCost=29 advCount=0
[NWK 0] Discovery response from neighbor=1 responseSequence=1 localDiscoverySequence=1
[NWK 0] Discovery response accepted neighbor=1 verified=0->1 sequence=1 reportedActiveNodes=0
[NWK 0] Routes: dst=1->nh=1(hops=1,cost=29,linkCost=29,advCost=0,from=1,imm=1,pl=2.12777,valid=1,path=[1])
[HOP 0] link_control dest=1 neighborKnown=1 s0=-105 pathloss=2.12777 failures=0 speed=128 txPower=0 rxPower=-105 cost=29
[HOP 0] ACK NeighborCheck to 1 seq=3
[MAC 0] Enqueue ACK dest=1 seq=3 window=0 ack_queue_size=2
[HOP 0] RX reliable NeighborCheck from 1 seq=4 firstReception=1
[MAC 0] active_nodes set to 2 for local slotting and post-TX wait
[NWK 0] active_nodes=2 pushed to MAC
[MAC 0] max_reported_active_nodes updated to 2
[NWK 0] Updated HELLO neighbor=1 hopSrc=1 speedKey=8 activeNodes=2 pathloss=2.12777 snr=104.847
[NWK 0] link_calc neighbor=1 s0=-105 pathloss=2.12777 numFailures=0 speed=128 txPower=0 estDistance=75 speedMargin=120.872 totalMargin=132.872 costMode=local-only cost=29
[NWK 0] Updated route candidate dst=1 nextHop=1 hops=1 oldCost=29 newCost=29 valid=1->1 selectionDeferred=0 selected=1
[NWK 0] ARL route message from 1 type=NeighborCheck advCount=0
[NWK 0] ProcessNeighborCheck from 1 subtype=Overheard pathloss=2.12777 snr=104.847 linkCost=29 advCount=0
[NWK 0] NeighborCheck Overheard received from 1
[NWK 0] Routes: dst=1->nh=1(hops=1,cost=29,linkCost=29,advCost=0,from=1,imm=1,pl=2.12777,valid=1,path=[1])
[HOP 0] link_control dest=1 neighborKnown=1 s0=-105 pathloss=2.12777 failures=0 speed=128 txPower=0 rxPower=-105 cost=29
[HOP 0] ACK NeighborCheck to 1 seq=4
[MAC 0] Enqueue ACK dest=1 seq=4 window=0 ack_queue_size=3
[t=12.3084] RX OVERHEARD at node 2 from node 1 seq 1 rate 128 kbps txPower 0 dBm preamble SHORT pathloss 2.12777 dB snr 104.847 dB (slot 2, len 92B, ackable=1)
[MAC 2] Learned neighbor 1 uses slot 2 (rtCounter=2)
[HOP 2] Overheard frame from 1 for 0 type=1 ignored after neighbor update
[HOP 2] Overheard frame from 1 for 0 type=1 ignored after neighbor update
[HOP 2] Overheard frame from 1 for 0 type=5 ignored after neighbor update
[HOP 2] Overheard frame from 1 for 0 type=5 ignored after neighbor update
[NWK 0] Built ARL routing byte stream routingSequence=0 records=3 advertisedRoutes=1 recordBytes=29 sections=1 maxSectionBytes=700
[NWK 0] Starting reliable ARL RoutingSnapshot neighbor=1 routingSequence=0 sections=1
[NWK 0] Sending ARL RoutingSnapshot section=0/1 neighbor=1 routingSequence=0
[HOP 0] link_control dest=1 neighborKnown=1 s0=-105 pathloss=2.12777 failures=0 speed=128 txPower=0 rxPower=-105 cost=29
[HOP 0] TX reliable RoutingControl targets=1:4
[MAC] Enqueue TX pkt dscp=7 insert_pos=0 queue_size_before=0
[NWK 0] Armed RoutingSnapshot watchdog neighbor=1 phase=awaiting-independent-section-acks generation=1 timeoutSec=20
[NWK 0] routesProcess grouped selected-route changes count=1 infoChanged=0 time=12.3084
[NWK 0] Best route dst=1 nextHop=1 cost=29 hops=1 learnedFrom=1 candidates=1 validCandidates=1
[NWK 0] Sending source-exact grouped route changes routingSequence=1 infoChanged=0 destinations=1 neighbors=1 groups=1 sections=1
[NWK 0] Retained grouped routing-control owner routingSequence=1 operation=Update section=0/1 destinations=1 owners=1
[HOP 0] link_control dest=1 neighborKnown=1 s0=-105 pathloss=2.12777 failures=0 speed=128 txPower=0 rxPower=-105 cost=29
[HOP 0] TX reliable RoutingControl targets=1:5
[MAC] Enqueue TX pkt dscp=7 insert_pos=1 queue_size_before=1
[NWK 0] CheckNwkQueue: size=0
[MAC 1] PickTxSlot(dest=0) active_nodes_for_slotting=2 opnet_slot_range=21
[MAC 1] avoiding neighbor 0 currentReservedSlot=12 rtslot_counter=12
[MAC 1] PickTxSlot(dest=0) avoid: 12
[MAC 1] PickTxSlot chose 9 using OPNET free-slot ordinal range [1,21]
[MAC 1] TX opportunity reached currentSlot=2 reserveNextSlot=9
... type=1 speedKey=128[t=12.3353] TX from node 1 to dest 0 seq 1 size 60 bytes segments 2 at slot 9 rate 128 kbps txPower 0 dBm (133333 bps) preamble SHORT duration 0.02322 s
[MAC 1] ACK transmitted in aggregate dest=0 seq=1 txCount=3/5
[MAC 1] ACK transmitted in aggregate dest=0 seq=3 txCount=2/5
[MAC 1] OPNET aggregate transmitted segments=2 ackSegments=2 dataSegments=0 bytes=60 rate=128
[t=12.3353] RX SYNC at node 0 from node 1 seq 1 power -2.12777 dBm noise -106.975 dBm snr 104.847 dB state=1
[t=12.3353] RX SYNC at node 2 from node 1 seq 1 power -2.12777 dBm noise -106.975 dBm snr 104.847 dB state=1
[t=12.3419] MAC 0 enters Track on node 1 seq 1 power -2.12777 dBm
[t=12.3419] MAC 2 enters Track on node 1 seq 1 power -2.12777 dBm
[MAC 1] resumes Pre-Tx with live slot=9 counter=9
[t=12.3585] RX at node 0 from node 1 seq 1 rate 128 kbps txPower 0 dBm preamble SHORT pathloss 2.12777 dB snr 104.847 dB (slot 9, len 60B, ackable=0)
[MAC 0] Learned neighbor 1 uses slot 9 (rtCounter=9)
[HOP 0] RX ACK from 1 seq=1
[HOP 0] RX ACK from 1 seq=3
[t=12.3585] RX OVERHEARD at node 2 from node 1 seq 1 rate 128 kbps txPower 0 dBm preamble SHORT pathloss 2.12777 dB snr 104.847 dB (slot 9, len 60B, ackable=0)
[MAC 2] Learned neighbor 1 uses slot 9 (rtCounter=9)
[HOP 2] Overheard frame from 1 for 0 type=1 ignored after neighbor update
[HOP 2] Overheard frame from 1 for 0 type=1 ignored after neighbor update
[NWK 0] CheckNwkQueue: size=0
[MAC 1] PickTxSlot(dest=0) active_nodes_for_slotting=2 opnet_slot_range=21
[MAC 1] avoiding neighbor 0 currentReservedSlot=2 rtslot_counter=2
[MAC 1] PickTxSlot(dest=0) avoid: 2
[MAC 1] PickTxSlot chose 22 using OPNET free-slot ordinal range [1,21]
[MAC 1] TX opportunity reached currentSlot=9 reserveNextSlot=22
... type=1 speedKey=128[t=12.4783] TX from node 1 to dest 0 seq 1 size 60 bytes segments 2 at slot 22 rate 128 kbps txPower 0 dBm (133333 bps) preamble SHORT duration 0.02322 s
[MAC 1] ACK transmitted in aggregate dest=0 seq=1 txCount=4/5
[MAC 1] ACK transmitted in aggregate dest=0 seq=3 txCount=3/5
[MAC 1] OPNET aggregate transmitted segments=2 ackSegments=2 dataSegments=0 bytes=60 rate=128
[t=12.4783] RX SYNC at node 0 from node 1 seq 1 power -2.12777 dBm noise -106.975 dBm snr 104.847 dB state=1
[t=12.4783] RX SYNC at node 2 from node 1 seq 1 power -2.12777 dBm noise -106.975 dBm snr 104.847 dB state=1
[t=12.4849] MAC 0 enters Track on node 1 seq 1 power -2.12777 dBm
[t=12.4849] MAC 2 enters Track on node 1 seq 1 power -2.12777 dBm
[MAC 1] resumes Pre-Tx with live slot=22 counter=22
[t=12.5015] RX at node 0 from node 1 seq 1 rate 128 kbps txPower 0 dBm preamble SHORT pathloss 2.12777 dB snr 104.847 dB (slot 22, len 60B, ackable=0)
[MAC 0] Learned neighbor 1 uses slot 22 (rtCounter=22)
[HOP 0] RX ACK from 1 seq=1
[HOP 0] RX ACK from 1 seq=3
[t=12.5015] RX OVERHEARD at node 2 from node 1 seq 1 rate 128 kbps txPower 0 dBm preamble SHORT pathloss 2.12777 dB snr 104.847 dB (slot 22, len 60B, ackable=0)
[MAC 2] Learned neighbor 1 uses slot 22 (rtCounter=22)
[HOP 2] Overheard frame from 1 for 0 type=1 ignored after neighbor update
[HOP 2] Overheard frame from 1 for 0 type=1 ignored after neighbor update
[NWK 0] CheckNwkQueue: size=0
[MAC 1] rtslot_counter expired for neighbor 0 reserveSlot=17
[MAC 0] PickTxSlot(dest=1) active_nodes_for_slotting=2 opnet_slot_range=21
[MAC 0] avoiding neighbor 1 currentReservedSlot=17 rtslot_counter=17
[MAC 0] PickTxSlot(dest=1) avoid: 17
[MAC 0] PickTxSlot chose 9 using OPNET free-slot ordinal range [1,21]
[MAC 0] TX opportunity reached currentSlot=17 reserveNextSlot=9
... type=1 speedKey=128[t=12.561] TX from node 0 to dest 1 seq 2 size 167 bytes segments 5 at slot 9 rate 128 kbps txPower 0 dBm (133333 bps) preamble SHORT duration 0.02964 s
[HOP 0] MAC sent confirmation dest=1 seq=4 transmission=1 sentAt=12.561
[HOP 0] MAC sent confirmation dest=1 seq=5 transmission=1 sentAt=12.561
[MAC 0] ACK transmitted in aggregate dest=1 seq=2 txCount=2/5
[MAC 0] ACK transmitted in aggregate dest=1 seq=3 txCount=1/5
[MAC 0] ACK transmitted in aggregate dest=1 seq=4 txCount=1/5
[MAC 0] OPNET aggregate transmitted segments=5 ackSegments=3 dataSegments=2 bytes=167 rate=128
[t=12.561] RX SYNC at node 1 from node 0 seq 2 power -2.12777 dBm noise -106.975 dBm snr 104.847 dB state=1
[t=12.5676] MAC 1 enters Track on node 0 seq 2 power -2.12777 dBm
[MAC 0] resumes Pre-Tx with live slot=9 counter=9
[t=12.5906] RX at node 1 from node 0 seq 2 rate 128 kbps txPower 0 dBm preamble SHORT pathloss 2.12777 dB snr 104.847 dB (slot 9, len 167B, ackable=1)
[MAC 1] Learned neighbor 0 uses slot 9 (rtCounter=9)
[HOP 1] RX ACK from 0 seq=2
[HOP 1] RX ACK from 0 seq=3
[HOP 1] Reliable NeighborCheck completed with 0 seq=3 subtype=0 discoverySequence=1
[NWK 1] NeighborCheck success neighbor=0 subtype=Discovery discoverySequence=1 stale=0->0 numFailures=0->0
[NWK 1] recompute hop-cost neighbor=0 failures=0 costMode=local-only newLinkCost=29
[NWK 1] Recomputed route after link change dst=0 nextHop=0 oldCost=29 newCost=29 linkCost=29 advertisedCost=0 numFailures=0
[NWK 1] ARL neighbor ACTIVE neighbor=0 reason=ACKed NeighborCheck keys=two-sided
[NWK 1] Updated selected-route preference dst=0 preferredNextHop=0
[NWK 1] Selected route changed dst=0 reason=neighbor admitted pendingDestinations=1
[HOP 1] RX ACK from 0 seq=4
[HOP 1] Reliable NeighborCheck completed with 0 seq=4 subtype=3 discoverySequence=0
[NWK 1] NeighborCheck success neighbor=0 subtype=Overheard discoverySequence=0 stale=0->0 numFailures=0->0
[NWK 1] recompute hop-cost neighbor=0 failures=0 costMode=local-only newLinkCost=29
[NWK 1] Recomputed route after link change dst=0 nextHop=0 oldCost=29 newCost=29 linkCost=29 advertisedCost=0 numFailures=0
[HOP 1] RX reliable RoutingControl from 0 seq=4 firstReception=1
[MAC 1] active_nodes set to 2 for local slotting and post-TX wait
[NWK 1] active_nodes=2 pushed to MAC
[MAC 1] max_reported_active_nodes updated to 2
[NWK 1] Updated HELLO neighbor=0 hopSrc=0 speedKey=8 activeNodes=2 pathloss=2.12777 snr=104.847
[NWK 1] link_calc neighbor=0 s0=-105 pathloss=2.12777 numFailures=0 speed=128 txPower=0 estDistance=75 speedMargin=120.872 totalMargin=132.872 costMode=local-only cost=29
[NWK 1] Updated route candidate dst=0 nextHop=0 hops=1 oldCost=29 newCost=29 valid=1->1 selectionDeferred=0 selected=1
[NWK 1] ARL route message from 0 type=RoutingUpdate advCount=0
[NWK 1] Buffered ARL routing section from=0 routingSequence=0 section=0/1 buffered=1
[NWK 1] Reassembled complete ARL routing message from=0 routingSequence=0 sections=1 recordBytes=29 records=3
[NWK 1] Applied ARL INFO from=0 routingSequence=0
[NWK 1] Updated selected-route preference dst=0 preferredNextHop=0
[NWK 1] Selected route changed dst=0 reason=ARL self UPDATE pendingDestinations=1
[NWK 1] Applied source-owned neighbor capability neighbor=0 capability=2 routingSequence=0 directCost=29
[NWK 1] Applied ARL FLUSH from=0 routingSequence=0 routesInvalidated=0
[NWK 1] Routes: dst=0->nh=0(hops=1,cost=29,linkCost=29,advCost=0,from=0,imm=1,pl=2.12777,valid=1,path=[0])
[HOP 1] link_control dest=0 neighborKnown=1 s0=-105 pathloss=2.12777 failures=0 speed=128 txPower=0 rxPower=-105 cost=29
[HOP 1] ACK RoutingControl to 0 seq=4
[MAC 1] Enqueue ACK dest=0 seq=4 window=0 ack_queue_size=3
[HOP 1] RX reliable RoutingControl from 0 seq=5 firstReception=1
[MAC 1] active_nodes set to 2 for local slotting and post-TX wait
[NWK 1] active_nodes=2 pushed to MAC
[NWK 1] Updated HELLO neighbor=0 hopSrc=0 speedKey=8 activeNodes=2 pathloss=2.12777 snr=104.847
[NWK 1] link_calc neighbor=0 s0=-105 pathloss=2.12777 numFailures=0 speed=128 txPower=0 estDistance=75 speedMargin=120.872 totalMargin=132.872 costMode=local-only cost=29
[NWK 1] Updated route candidate dst=0 nextHop=0 hops=1 oldCost=29 newCost=29 valid=1->1 selectionDeferred=0 selected=1
[NWK 1] ARL route message from 0 type=RoutingUpdate advCount=0
[NWK 1] Buffered ARL routing section from=0 routingSequence=1 section=0/1 buffered=1
[NWK 1] Reassembled complete ARL routing message from=0 routingSequence=1 sections=1 recordBytes=4 records=1
[NWK 1] Routes: dst=0->nh=0(hops=1,cost=29,linkCost=29,advCost=0,from=0,imm=1,pl=2.12777,valid=1,path=[0])
[HOP 1] link_control dest=0 neighborKnown=1 s0=-105 pathloss=2.12777 failures=0 speed=128 txPower=0 rxPower=-105 cost=29
[HOP 1] ACK RoutingControl to 0 seq=5
[MAC 1] Enqueue ACK dest=0 seq=5 window=0 ack_queue_size=4
[NWK 1] Built ARL routing byte stream routingSequence=0 records=3 advertisedRoutes=1 recordBytes=29 sections=1 maxSectionBytes=700
[NWK 1] Starting reliable ARL RoutingSnapshot neighbor=0 routingSequence=0 sections=1
[NWK 1] Sending ARL RoutingSnapshot section=0/1 neighbor=0 routingSequence=0
[HOP 1] link_control dest=0 neighborKnown=1 s0=-105 pathloss=2.12777 failures=0 speed=128 txPower=0 rxPower=-105 cost=29
[HOP 1] TX reliable RoutingControl targets=0:5
[MAC] Enqueue TX pkt dscp=7 insert_pos=0 queue_size_before=0
[NWK 1] Armed RoutingSnapshot watchdog neighbor=0 phase=awaiting-independent-section-acks generation=1 timeoutSec=20
[NWK 1] routesProcess grouped selected-route changes count=1 infoChanged=0 time=12.5906
[NWK 1] Best route dst=0 nextHop=0 cost=29 hops=1 learnedFrom=0 candidates=1 validCandidates=1
[NWK 1] Sending source-exact grouped route changes routingSequence=1 infoChanged=0 destinations=1 neighbors=1 groups=1 sections=1
[NWK 1] Retained grouped routing-control owner routingSequence=1 operation=Update section=0/1 destinations=1 owners=1
[HOP 1] link_control dest=0 neighborKnown=1 s0=-105 pathloss=2.12777 failures=0 speed=128 txPower=0 rxPower=-105 cost=29
[HOP 1] TX reliable RoutingControl targets=0:6
[MAC] Enqueue TX pkt dscp=7 insert_pos=1 queue_size_before=1
[NWK 1] CheckNwkQueue: size=0
[MAC 1] rtslot_counter expired for neighbor 0 reserveSlot=9
[MAC 0] PickTxSlot(dest=1) active_nodes_for_slotting=2 opnet_slot_range=21
[MAC 0] avoiding neighbor 1 currentReservedSlot=7 rtslot_counter=7
[MAC 0] PickTxSlot(dest=1) avoid: 7
[MAC 0] PickTxSlot chose 20 using OPNET free-slot ordinal range [1,21]
[MAC 0] TX opportunity reached currentSlot=9 reserveNextSlot=20
... type=1 speedKey=128[t=12.717] TX from node 0 to dest 1 seq 2 size 90 bytes segments 3 at slot 20 rate 128 kbps txPower 0 dBm (133333 bps) preamble SHORT duration 0.02502 s
[MAC 0] ACK transmitted in aggregate dest=1 seq=2 txCount=3/5
[MAC 0] ACK transmitted in aggregate dest=1 seq=3 txCount=2/5
[MAC 0] ACK transmitted in aggregate dest=1 seq=4 txCount=2/5
[MAC 0] OPNET aggregate transmitted segments=3 ackSegments=3 dataSegments=0 bytes=90 rate=128
[t=12.717] RX SYNC at node 1 from node 0 seq 2 power -2.12777 dBm noise -106.975 dBm snr 104.847 dB state=1
[t=12.7236] MAC 1 enters Track on node 0 seq 2 power -2.12777 dBm
[MAC 0] resumes Pre-Tx with live slot=20 counter=20
[t=12.742] RX at node 1 from node 0 seq 2 rate 128 kbps txPower 0 dBm preamble SHORT pathloss 2.12777 dB snr 104.847 dB (slot 20, len 90B, ackable=0)
[MAC 1] Learned neighbor 0 uses slot 20 (rtCounter=20)
[HOP 1] RX ACK from 0 seq=2
[HOP 1] RX ACK from 0 seq=3
[HOP 1] RX ACK from 0 seq=4
[NWK 1] CheckNwkQueue: size=0
[MAC 2] rtslot_counter expired for neighbor 1 reserveSlot=22
[MAC 0] rtslot_counter expired for neighbor 1 reserveSlot=22
[MAC 1] PickTxSlot(dest=0) active_nodes_for_slotting=2 opnet_slot_range=21
[MAC 1] avoiding neighbor 0 currentReservedSlot=12 rtslot_counter=12
[MAC 1] PickTxSlot(dest=0) avoid: 12
[MAC 1] PickTxSlot chose 2 using OPNET free-slot ordinal range [1,21]
[MAC 1] TX opportunity reached currentSlot=22 reserveNextSlot=2
... type=1 speedKey=128[t=12.8423] TX from node 1 to dest 0 seq 1 size 207 bytes segments 6 at slot 2 rate 128 kbps txPower 0 dBm (133333 bps) preamble SHORT duration 0.03204 s
[HOP 1] MAC sent confirmation dest=0 seq=5 transmission=1 sentAt=12.8423
[HOP 1] MAC sent confirmation dest=0 seq=6 transmission=1 sentAt=12.8423
[MAC 1] ACK transmitted in aggregate dest=0 seq=1 txCount=5/5
[MAC 1] ACK transmitted in aggregate dest=0 seq=3 txCount=4/5
[MAC 1] ACK transmitted in aggregate dest=0 seq=4 txCount=1/5
[MAC 1] ACK transmitted in aggregate dest=0 seq=5 txCount=1/5
[MAC 1] Remove ACK after OPNET resend limit dest=0 seq=1
[MAC 1] OPNET aggregate transmitted segments=6 ackSegments=4 dataSegments=2 bytes=207 rate=128
[t=12.8423] RX SYNC at node 0 from node 1 seq 1 power -2.12777 dBm noise -106.975 dBm snr 104.847 dB state=1
[t=12.8423] RX SYNC at node 2 from node 1 seq 1 power -2.12777 dBm noise -106.975 dBm snr 104.847 dB state=1
[t=12.8489] MAC 0 enters Track on node 1 seq 1 power -2.12777 dBm
[t=12.8489] MAC 2 enters Track on node 1 seq 1 power -2.12777 dBm
[MAC 1] resumes Pre-Tx with live slot=2 counter=2
[t=12.8743] RX at node 0 from node 1 seq 1 rate 128 kbps txPower 0 dBm preamble SHORT pathloss 2.12777 dB snr 104.847 dB (slot 2, len 207B, ackable=1)
[MAC 0] Learned neighbor 1 uses slot 2 (rtCounter=2)
[HOP 0] RX ACK from 1 seq=1
[HOP 0] RX ACK from 1 seq=3
[HOP 0] RX ACK from 1 seq=4
[HOP 0] Reliable RoutingControl completed with 1 seq=4 routingSequence=0 section=0/1
[NWK 0] Reliable RoutingControl ACKed neighbor=1 routingSequence=0 operation=Update section=0/1 lastOfInfo=1
[NWK 0] ARL RoutingSnapshot section ACKed neighbor=1 routingSequence=0 section=0/1 ackedSections=1
[NWK 0] Reliable ARL RoutingSnapshot completed neighbor=1 routingSequence=0 sections=1
[HOP 0] RX ACK from 1 seq=5
[HOP 0] Reliable RoutingControl completed with 1 seq=5 routingSequence=1 section=0/1
[NWK 0] Reliable RoutingControl ACKed neighbor=1 routingSequence=1 operation=Update section=0/1 lastOfInfo=1
[NWK 0] Updated grouped routing-control residual ACKed=1 removed=1 lastOfInfo=1 remaining=0
[NWK 0] Released completed grouped routing-control owner routingSequence=1 section=0
[HOP 0] RX reliable RoutingControl from 1 seq=5 firstReception=1
[MAC 0] active_nodes set to 2 for local slotting and post-TX wait
[NWK 0] active_nodes=2 pushed to MAC
[NWK 0] Updated HELLO neighbor=1 hopSrc=1 speedKey=8 activeNodes=2 pathloss=2.12777 snr=104.847
[NWK 0] link_calc neighbor=1 s0=-105 pathloss=2.12777 numFailures=0 speed=128 txPower=0 estDistance=75 speedMargin=120.872 totalMargin=132.872 costMode=local-only cost=29
[NWK 0] Updated route candidate dst=1 nextHop=1 hops=1 oldCost=29 newCost=29 valid=1->1 selectionDeferred=0 selected=1
[NWK 0] ARL route message from 1 type=RoutingUpdate advCount=0
[NWK 0] Buffered ARL routing section from=1 routingSequence=0 section=0/1 buffered=1
[NWK 0] Reassembled complete ARL routing message from=1 routingSequence=0 sections=1 recordBytes=29 records=3
[NWK 0] Applied ARL INFO from=1 routingSequence=0
[NWK 0] Updated selected-route preference dst=1 preferredNextHop=1
[NWK 0] Selected route changed dst=1 reason=ARL self UPDATE pendingDestinations=1
[NWK 0] Applied source-owned neighbor capability neighbor=1 capability=1 routingSequence=0 directCost=29
[NWK 0] Applied ARL FLUSH from=1 routingSequence=0 routesInvalidated=0
[NWK 0] Routes: dst=1->nh=1(hops=1,cost=29,linkCost=29,advCost=0,from=1,imm=1,pl=2.12777,valid=1,path=[1])
[HOP 0] link_control dest=1 neighborKnown=1 s0=-105 pathloss=2.12777 failures=0 speed=128 txPower=0 rxPower=-105 cost=29
[HOP 0] ACK RoutingControl to 1 seq=5
[MAC 0] Enqueue ACK dest=1 seq=5 window=0 ack_queue_size=4
[HOP 0] RX reliable RoutingControl from 1 seq=6 firstReception=1
[MAC 0] active_nodes set to 2 for local slotting and post-TX wait
[NWK 0] active_nodes=2 pushed to MAC
[NWK 0] Updated HELLO neighbor=1 hopSrc=1 speedKey=8 activeNodes=2 pathloss=2.12777 snr=104.847
[NWK 0] link_calc neighbor=1 s0=-105 pathloss=2.12777 numFailures=0 speed=128 txPower=0 estDistance=75 speedMargin=120.872 totalMargin=132.872 costMode=local-only cost=29
[NWK 0] Updated route candidate dst=1 nextHop=1 hops=1 oldCost=29 newCost=29 valid=1->1 selectionDeferred=0 selected=1
[NWK 0] ARL route message from 1 type=RoutingUpdate advCount=0
[NWK 0] Buffered ARL routing section from=1 routingSequence=1 section=0/1 buffered=1
[NWK 0] Reassembled complete ARL routing message from=1 routingSequence=1 sections=1 recordBytes=14 records=1
[NWK 0] Ignoring unsupported ARL UPDATE node node24=0 from=1
[NWK 0] Routes: dst=1->nh=1(hops=1,cost=29,linkCost=29,advCost=0,from=1,imm=1,pl=2.12777,valid=1,path=[1])
[HOP 0] link_control dest=1 neighborKnown=1 s0=-105 pathloss=2.12777 failures=0 speed=128 txPower=0 rxPower=-105 cost=29
[HOP 0] ACK RoutingControl to 1 seq=6
[MAC 0] Enqueue ACK dest=1 seq=6 window=0 ack_queue_size=5
[t=12.8743] RX OVERHEARD at node 2 from node 1 seq 1 rate 128 kbps txPower 0 dBm preamble SHORT pathloss 2.12777 dB snr 104.847 dB (slot 2, len 207B, ackable=1)
[MAC 2] Learned neighbor 1 uses slot 2 (rtCounter=2)
[HOP 2] Overheard frame from 1 for 0 type=1 ignored after neighbor update
[HOP 2] Overheard frame from 1 for 0 type=1 ignored after neighbor update
[HOP 2] Overheard frame from 1 for 0 type=1 ignored after neighbor update
[HOP 2] Overheard frame from 1 for 0 type=1 ignored after neighbor update
[NWK 0] routesProcess grouped selected-route changes count=1 infoChanged=0 time=12.8743
[NWK 0] Best route dst=1 nextHop=1 cost=29 hops=1 learnedFrom=1 candidates=1 validCandidates=1
[NWK 0] Sending source-exact grouped route changes routingSequence=2 infoChanged=0 destinations=1 neighbors=1 groups=1 sections=1
[NWK 0] Retained grouped routing-control owner routingSequence=2 operation=Update section=0/1 destinations=1 owners=1
[HOP 0] link_control dest=1 neighborKnown=1 s0=-105 pathloss=2.12777 failures=0 speed=128 txPower=0 rxPower=-105 cost=29
[HOP 0] TX reliable RoutingControl targets=1:6
[MAC] Enqueue TX pkt dscp=7 insert_pos=0 queue_size_before=0
[NWK 0] CheckNwkQueue: size=0
[MAC 2] rtslot_counter expired for neighbor 1 reserveSlot=2
[MAC 1] PickTxSlot(dest=0) active_nodes_for_slotting=2 opnet_slot_range=21
[MAC 1] avoiding neighbor 0 currentReservedSlot=9 rtslot_counter=9
[MAC 1] PickTxSlot(dest=0) avoid: 9
[MAC 1] PickTxSlot chose 1 using OPNET free-slot ordinal range [1,21]
[MAC 1] TX opportunity reached currentSlot=2 reserveNextSlot=1
... type=1 speedKey=128[t=12.9073] TX from node 1 to dest 0 seq 3 size 90 bytes segments 3 at slot 1 rate 128 kbps txPower 0 dBm (133333 bps) preamble SHORT duration 0.02502 s
[MAC 1] ACK transmitted in aggregate dest=0 seq=3 txCount=5/5
[MAC 1] ACK transmitted in aggregate dest=0 seq=4 txCount=2/5
[MAC 1] ACK transmitted in aggregate dest=0 seq=5 txCount=2/5
[MAC 1] Remove ACK after OPNET resend limit dest=0 seq=3
[MAC 1] OPNET aggregate transmitted segments=3 ackSegments=3 dataSegments=0 bytes=90 rate=128
[t=12.9073] RX SYNC at node 0 from node 1 seq 3 power -2.12777 dBm noise -106.975 dBm snr 104.847 dB state=1
[t=12.9073] RX SYNC at node 2 from node 1 seq 3 power -2.12777 dBm noise -106.975 dBm snr 104.847 dB state=1
[t=12.9139] MAC 0 enters Track on node 1 seq 3 power -2.12777 dBm
[t=12.9139] MAC 2 enters Track on node 1 seq 3 power -2.12777 dBm
[MAC 1] resumes Pre-Tx with live slot=1 counter=1
[t=12.9323] RX at node 0 from node 1 seq 3 rate 128 kbps txPower 0 dBm preamble SHORT pathloss 2.12777 dB snr 104.847 dB (slot 1, len 90B, ackable=0)
[MAC 0] Learned neighbor 1 uses slot 1 (rtCounter=1)
[HOP 0] RX ACK from 1 seq=3
[HOP 0] RX ACK from 1 seq=4
[HOP 0] RX ACK from 1 seq=5
[t=12.9323] RX OVERHEARD at node 2 from node 1 seq 3 rate 128 kbps txPower 0 dBm preamble SHORT pathloss 2.12777 dB snr 104.847 dB (slot 1, len 90B, ackable=0)
[MAC 2] Learned neighbor 1 uses slot 1 (rtCounter=1)
[HOP 2] Overheard frame from 1 for 0 type=1 ignored after neighbor update
[HOP 2] Overheard frame from 1 for 0 type=1 ignored after neighbor update
[HOP 2] Overheard frame from 1 for 0 type=1 ignored after neighbor update
[NWK 0] CheckNwkQueue: size=0
[MAC 1] PickTxSlot(dest=0) active_nodes_for_slotting=2 opnet_slot_range=21
[MAC 1] avoiding neighbor 0 currentReservedSlot=7 rtslot_counter=7
[MAC 1] PickTxSlot(dest=0) avoid: 7
[MAC 1] PickTxSlot chose 8 using OPNET free-slot ordinal range [1,21]
[MAC 1] TX opportunity reached currentSlot=1 reserveNextSlot=8
... type=1 speedKey=128[t=12.9463] TX from node 1 to dest 0 seq 4 size 60 bytes segments 2 at slot 8 rate 128 kbps txPower 0 dBm (133333 bps) preamble SHORT duration 0.02322 s
[MAC 1] ACK transmitted in aggregate dest=0 seq=4 txCount=3/5
[MAC 1] ACK transmitted in aggregate dest=0 seq=5 txCount=3/5
[MAC 1] OPNET aggregate transmitted segments=2 ackSegments=2 dataSegments=0 bytes=60 rate=128
[t=12.9463] RX SYNC at node 0 from node 1 seq 4 power -2.12777 dBm noise -106.975 dBm snr 104.847 dB state=1
[t=12.9463] RX SYNC at node 2 from node 1 seq 4 power -2.12777 dBm noise -106.975 dBm snr 104.847 dB state=1
[t=12.9529] MAC 0 enters Track on node 1 seq 4 power -2.12777 dBm
[t=12.9529] MAC 2 enters Track on node 1 seq 4 power -2.12777 dBm
[MAC 1] resumes Pre-Tx with live slot=8 counter=8
[t=12.9695] RX at node 0 from node 1 seq 4 rate 128 kbps txPower 0 dBm preamble SHORT pathloss 2.12777 dB snr 104.847 dB (slot 8, len 60B, ackable=0)
[MAC 0] Learned neighbor 1 uses slot 8 (rtCounter=8)
[HOP 0] RX ACK from 1 seq=4
[HOP 0] RX ACK from 1 seq=5
[t=12.9695] RX OVERHEARD at node 2 from node 1 seq 4 rate 128 kbps txPower 0 dBm preamble SHORT pathloss 2.12777 dB snr 104.847 dB (slot 8, len 60B, ackable=0)
[MAC 2] Learned neighbor 1 uses slot 8 (rtCounter=8)
[HOP 2] Overheard frame from 1 for 0 type=1 ignored after neighbor update
[HOP 2] Overheard frame from 1 for 0 type=1 ignored after neighbor update
[NWK 0] CheckNwkQueue: size=0
[MAC 1] rtslot_counter expired for neighbor 0 reserveSlot=20
[MAC 1] PickTxSlot(dest=0) active_nodes_for_slotting=2 opnet_slot_range=21
[MAC 1] PickTxSlot(dest=0) avoid:
[MAC 1] PickTxSlot chose 4 using OPNET free-slot ordinal range [1,21]
[MAC 1] TX opportunity reached currentSlot=8 reserveNextSlot=4
... type=1 speedKey=128[t=13.0763] TX from node 1 to dest 0 seq 4 size 60 bytes segments 2 at slot 4 rate 128 kbps txPower 0 dBm (133333 bps) preamble SHORT duration 0.02322 s
[MAC 1] ACK transmitted in aggregate dest=0 seq=4 txCount=4/5
[MAC 1] ACK transmitted in aggregate dest=0 seq=5 txCount=4/5
[MAC 1] OPNET aggregate transmitted segments=2 ackSegments=2 dataSegments=0 bytes=60 rate=128
[t=13.0763] RX SYNC at node 0 from node 1 seq 4 power -2.12777 dBm noise -106.975 dBm snr 104.847 dB state=1
[t=13.0763] RX SYNC at node 2 from node 1 seq 4 power -2.12777 dBm noise -106.975 dBm snr 104.847 dB state=1
[t=13.0829] MAC 0 enters Track on node 1 seq 4 power -2.12777 dBm
[t=13.0829] MAC 2 enters Track on node 1 seq 4 power -2.12777 dBm
[MAC 1] resumes Pre-Tx with live slot=4 counter=4
[t=13.0995] RX at node 0 from node 1 seq 4 rate 128 kbps txPower 0 dBm preamble SHORT pathloss 2.12777 dB snr 104.847 dB (slot 4, len 60B, ackable=0)
[MAC 0] Learned neighbor 1 uses slot 4 (rtCounter=4)
[HOP 0] RX ACK from 1 seq=4
[HOP 0] RX ACK from 1 seq=5
[t=13.0995] RX OVERHEARD at node 2 from node 1 seq 4 rate 128 kbps txPower 0 dBm preamble SHORT pathloss 2.12777 dB snr 104.847 dB (slot 4, len 60B, ackable=0)
[MAC 2] Learned neighbor 1 uses slot 4 (rtCounter=4)
[HOP 2] Overheard frame from 1 for 0 type=1 ignored after neighbor update
[HOP 2] Overheard frame from 1 for 0 type=1 ignored after neighbor update
[NWK 0] CheckNwkQueue: size=0
[MAC 0] PickTxSlot(dest=1) active_nodes_for_slotting=2 opnet_slot_range=21
[MAC 0] avoiding neighbor 1 currentReservedSlot=2 rtslot_counter=2
[MAC 0] PickTxSlot(dest=1) avoid: 2
[MAC 0] PickTxSlot chose 15 using OPNET free-slot ordinal range [1,21]
[MAC 0] TX opportunity reached currentSlot=20 reserveNextSlot=15
... type=1 speedKey=128[t=13.12] TX from node 0 to dest 1 seq 2 size 186 bytes segments 6 at slot 15 rate 128 kbps txPower 0 dBm (133333 bps) preamble SHORT duration 0.03078 s
[HOP 0] MAC sent confirmation dest=1 seq=6 transmission=1 sentAt=13.12
[MAC 0] ACK transmitted in aggregate dest=1 seq=2 txCount=4/5
[MAC 0] ACK transmitted in aggregate dest=1 seq=3 txCount=3/5
[MAC 0] ACK transmitted in aggregate dest=1 seq=4 txCount=3/5
[MAC 0] ACK transmitted in aggregate dest=1 seq=5 txCount=1/5
[MAC 0] ACK transmitted in aggregate dest=1 seq=6 txCount=1/5
[MAC 0] OPNET aggregate transmitted segments=6 ackSegments=5 dataSegments=1 bytes=186 rate=128
[t=13.12] RX SYNC at node 1 from node 0 seq 2 power -2.12777 dBm noise -106.975 dBm snr 104.847 dB state=1
[t=13.1266] MAC 1 enters Track on node 0 seq 2 power -2.12777 dBm
[MAC 0] resumes Pre-Tx with live slot=15 counter=15
[t=13.1508] RX at node 1 from node 0 seq 2 rate 128 kbps txPower 0 dBm preamble SHORT pathloss 2.12777 dB snr 104.847 dB (slot 15, len 186B, ackable=1)
[MAC 1] Learned neighbor 0 uses slot 15 (rtCounter=15)
[HOP 1] RX ACK from 0 seq=2
[HOP 1] RX ACK from 0 seq=3
[HOP 1] RX ACK from 0 seq=4
[HOP 1] RX ACK from 0 seq=5
[HOP 1] Reliable RoutingControl completed with 0 seq=5 routingSequence=0 section=0/1
[NWK 1] Reliable RoutingControl ACKed neighbor=0 routingSequence=0 operation=Update section=0/1 lastOfInfo=1
[NWK 1] ARL RoutingSnapshot section ACKed neighbor=0 routingSequence=0 section=0/1 ackedSections=1
[NWK 1] Reliable ARL RoutingSnapshot completed neighbor=0 routingSequence=0 sections=1
[HOP 1] RX ACK from 0 seq=6
[HOP 1] Reliable RoutingControl completed with 0 seq=6 routingSequence=1 section=0/1
[NWK 1] Reliable RoutingControl ACKed neighbor=0 routingSequence=1 operation=Update section=0/1 lastOfInfo=1
[NWK 1] Updated grouped routing-control residual ACKed=0 removed=1 lastOfInfo=1 remaining=0
[NWK 1] Released completed grouped routing-control owner routingSequence=1 section=0
[HOP 1] RX reliable RoutingControl from 0 seq=6 firstReception=1
[MAC 1] active_nodes set to 2 for local slotting and post-TX wait
[NWK 1] active_nodes=2 pushed to MAC
[NWK 1] Updated HELLO neighbor=0 hopSrc=0 speedKey=8 activeNodes=2 pathloss=2.12777 snr=104.847
[NWK 1] link_calc neighbor=0 s0=-105 pathloss=2.12777 numFailures=0 speed=128 txPower=0 estDistance=75 speedMargin=120.872 totalMargin=132.872 costMode=local-only cost=29
[NWK 1] Updated route candidate dst=0 nextHop=0 hops=1 oldCost=29 newCost=29 valid=1->1 selectionDeferred=0 selected=1
[NWK 1] ARL route message from 0 type=RoutingUpdate advCount=0
[NWK 1] Buffered ARL routing section from=0 routingSequence=2 section=0/1 buffered=1
[NWK 1] Reassembled complete ARL routing message from=0 routingSequence=2 sections=1 recordBytes=14 records=1
[NWK 1] Ignoring unsupported ARL UPDATE node node24=1 from=0
[NWK 1] Routes: dst=0->nh=0(hops=1,cost=29,linkCost=29,advCost=0,from=0,imm=1,pl=2.12777,valid=1,path=[0])
[HOP 1] link_control dest=0 neighborKnown=1 s0=-105 pathloss=2.12777 failures=0 speed=128 txPower=0 rxPower=-105 cost=29
[HOP 1] ACK RoutingControl to 0 seq=6
[MAC 1] Enqueue ACK dest=0 seq=6 window=0 ack_queue_size=3
[NWK 1] CheckNwkQueue: size=0
[MAC 2] rtslot_counter expired for neighbor 1 reserveSlot=4
[MAC 1] PickTxSlot(dest=0) active_nodes_for_slotting=2 opnet_slot_range=21
[MAC 1] avoiding neighbor 0 currentReservedSlot=12 rtslot_counter=12
[MAC 1] PickTxSlot(dest=0) avoid: 12
[MAC 1] PickTxSlot chose 15 using OPNET free-slot ordinal range [1,21]
[MAC 1] TX opportunity reached currentSlot=4 reserveNextSlot=15
... type=1 speedKey=128[t=13.1803] TX from node 1 to dest 0 seq 4 size 90 bytes segments 3 at slot 15 rate 128 kbps txPower 0 dBm (133333 bps) preamble SHORT duration 0.02502 s
[MAC 1] ACK transmitted in aggregate dest=0 seq=4 txCount=5/5
[MAC 1] ACK transmitted in aggregate dest=0 seq=5 txCount=5/5
[MAC 1] ACK transmitted in aggregate dest=0 seq=6 txCount=1/5
[MAC 1] Remove ACK after OPNET resend limit dest=0 seq=4
[MAC 1] Remove ACK after OPNET resend limit dest=0 seq=5
[MAC 1] OPNET aggregate transmitted segments=3 ackSegments=3 dataSegments=0 bytes=90 rate=128
[t=13.1803] RX SYNC at node 0 from node 1 seq 4 power -2.12777 dBm noise -106.975 dBm snr 104.847 dB state=1
[t=13.1803] RX SYNC at node 2 from node 1 seq 4 power -2.12777 dBm noise -106.975 dBm snr 104.847 dB state=1
[t=13.1869] MAC 0 enters Track on node 1 seq 4 power -2.12777 dBm
[t=13.1869] MAC 2 enters Track on node 1 seq 4 power -2.12777 dBm
[MAC 1] resumes Pre-Tx with live slot=15 counter=15
[t=13.2053] RX at node 0 from node 1 seq 4 rate 128 kbps txPower 0 dBm preamble SHORT pathloss 2.12777 dB snr 104.847 dB (slot 15, len 90B, ackable=0)
[MAC 0] Learned neighbor 1 uses slot 15 (rtCounter=15)
[HOP 0] RX ACK from 1 seq=4
[HOP 0] RX ACK from 1 seq=5
[HOP 0] RX ACK from 1 seq=6
[HOP 0] Reliable RoutingControl completed with 1 seq=6 routingSequence=2 section=0/1
[NWK 0] Reliable RoutingControl ACKed neighbor=1 routingSequence=2 operation=Update section=0/1 lastOfInfo=1
[NWK 0] Updated grouped routing-control residual ACKed=1 removed=1 lastOfInfo=1 remaining=0
[NWK 0] Released completed grouped routing-control owner routingSequence=2 section=0
[t=13.2053] RX OVERHEARD at node 2 from node 1 seq 4 rate 128 kbps txPower 0 dBm preamble SHORT pathloss 2.12777 dB snr 104.847 dB (slot 15, len 90B, ackable=0)
[MAC 2] Learned neighbor 1 uses slot 15 (rtCounter=15)
[HOP 2] Overheard frame from 1 for 0 type=1 ignored after neighbor update
[HOP 2] Overheard frame from 1 for 0 type=1 ignored after neighbor update
[HOP 2] Overheard frame from 1 for 0 type=1 ignored after neighbor update
[NWK 0] CheckNwkQueue: size=0
[MAC 1] rtslot_counter expired for neighbor 0 reserveSlot=15
[MAC 0] PickTxSlot(dest=1) active_nodes_for_slotting=2 opnet_slot_range=21
[MAC 0] avoiding neighbor 1 currentReservedSlot=1 rtslot_counter=1
[MAC 0] PickTxSlot(dest=1) avoid: 1
[MAC 0] PickTxSlot chose 12 using OPNET free-slot ordinal range [1,21]
[MAC 0] TX opportunity reached currentSlot=15 reserveNextSlot=12
... type=1 speedKey=128[t=13.38] TX from node 0 to dest 1 seq 2 size 150 bytes segments 5 at slot 12 rate 128 kbps txPower 0 dBm (133333 bps) preamble SHORT duration 0.02862 s
[MAC 0] ACK transmitted in aggregate dest=1 seq=2 txCount=5/5
[MAC 0] ACK transmitted in aggregate dest=1 seq=3 txCount=4/5
[MAC 0] ACK transmitted in aggregate dest=1 seq=4 txCount=4/5
[MAC 0] ACK transmitted in aggregate dest=1 seq=5 txCount=2/5
[MAC 0] ACK transmitted in aggregate dest=1 seq=6 txCount=2/5
[MAC 0] Remove ACK after OPNET resend limit dest=1 seq=2
[MAC 0] OPNET aggregate transmitted segments=5 ackSegments=5 dataSegments=0 bytes=150 rate=128
[t=13.38] RX SYNC at node 1 from node 0 seq 2 power -2.12777 dBm noise -106.975 dBm snr 104.847 dB state=1
[t=13.3866] MAC 1 enters Track on node 0 seq 2 power -2.12777 dBm
[MAC 0] resumes Pre-Tx with live slot=12 counter=12
[t=13.4086] RX at node 1 from node 0 seq 2 rate 128 kbps txPower 0 dBm preamble SHORT pathloss 2.12777 dB snr 104.847 dB (slot 12, len 150B, ackable=0)
[MAC 1] Learned neighbor 0 uses slot 12 (rtCounter=12)
[HOP 1] RX ACK from 0 seq=2
[HOP 1] RX ACK from 0 seq=3
[HOP 1] RX ACK from 0 seq=4
[HOP 1] RX ACK from 0 seq=5
[HOP 1] RX ACK from 0 seq=6
[NWK 1] CheckNwkQueue: size=0
[MAC 2] rtslot_counter expired for neighbor 1 reserveSlot=15
[MAC 1] PickTxSlot(dest=0) active_nodes_for_slotting=2 opnet_slot_range=21
[MAC 1] avoiding neighbor 0 currentReservedSlot=10 rtslot_counter=10
[MAC 1] PickTxSlot(dest=0) avoid: 10
[MAC 1] PickTxSlot chose 16 using OPNET free-slot ordinal range [1,21]
[MAC 1] TX opportunity reached currentSlot=15 reserveNextSlot=16
... type=1 speedKey=128[t=13.4273] TX from node 1 to dest 0 seq 6 size 30 bytes segments 1 at slot 16 rate 128 kbps txPower 0 dBm (133333 bps) preamble SHORT duration 0.02142 s
[MAC 1] ACK transmitted in aggregate dest=0 seq=6 txCount=2/5
[MAC 1] OPNET aggregate transmitted segments=1 ackSegments=1 dataSegments=0 bytes=30 rate=128
[t=13.4273] RX SYNC at node 0 from node 1 seq 6 power -2.12777 dBm noise -106.975 dBm snr 104.847 dB state=1
[t=13.4273] RX SYNC at node 2 from node 1 seq 6 power -2.12777 dBm noise -106.975 dBm snr 104.847 dB state=1
[t=13.4339] MAC 0 enters Track on node 1 seq 6 power -2.12777 dBm
[t=13.4339] MAC 2 enters Track on node 1 seq 6 power -2.12777 dBm
[MAC 1] resumes Pre-Tx with live slot=16 counter=16
[t=13.4487] RX at node 0 from node 1 seq 6 rate 128 kbps txPower 0 dBm preamble SHORT pathloss 2.12777 dB snr 104.847 dB (slot 16, len 30B, ackable=0)
[MAC 0] Learned neighbor 1 uses slot 16 (rtCounter=16)
[HOP 0] RX ACK from 1 seq=6
[t=13.4487] RX OVERHEARD at node 2 from node 1 seq 6 rate 128 kbps txPower 0 dBm preamble SHORT pathloss 2.12777 dB snr 104.847 dB (slot 16, len 30B, ackable=0)
[MAC 2] Learned neighbor 1 uses slot 16 (rtCounter=16)
[HOP 2] Overheard frame from 1 for 0 type=1 ignored after neighbor update
[NWK 0] CheckNwkQueue: size=0
[MAC 1] rtslot_counter expired for neighbor 0 reserveSlot=12
[MAC 0] PickTxSlot(dest=1) active_nodes_for_slotting=2 opnet_slot_range=21
[MAC 0] avoiding neighbor 1 currentReservedSlot=4 rtslot_counter=4
[MAC 0] PickTxSlot(dest=1) avoid: 4
[MAC 0] PickTxSlot chose 21 using OPNET free-slot ordinal range [1,21]
[MAC 0] TX opportunity reached currentSlot=12 reserveNextSlot=21
... type=1 speedKey=128[t=13.601] TX from node 0 to dest 1 seq 3 size 120 bytes segments 4 at slot 21 rate 128 kbps txPower 0 dBm (133333 bps) preamble SHORT duration 0.02682 s
[MAC 0] ACK transmitted in aggregate dest=1 seq=3 txCount=5/5
[MAC 0] ACK transmitted in aggregate dest=1 seq=4 txCount=5/5
[MAC 0] ACK transmitted in aggregate dest=1 seq=5 txCount=3/5
[MAC 0] ACK transmitted in aggregate dest=1 seq=6 txCount=3/5
[MAC 0] Remove ACK after OPNET resend limit dest=1 seq=3
[MAC 0] Remove ACK after OPNET resend limit dest=1 seq=4
[MAC 0] OPNET aggregate transmitted segments=4 ackSegments=4 dataSegments=0 bytes=120 rate=128
[t=13.601] RX SYNC at node 1 from node 0 seq 3 power -2.12777 dBm noise -106.975 dBm snr 104.847 dB state=1
[t=13.6076] MAC 1 enters Track on node 0 seq 3 power -2.12777 dBm
[MAC 0] resumes Pre-Tx with live slot=21 counter=21
[t=13.6278] RX at node 1 from node 0 seq 3 rate 128 kbps txPower 0 dBm preamble SHORT pathloss 2.12777 dB snr 104.847 dB (slot 21, len 120B, ackable=0)
[MAC 1] Learned neighbor 0 uses slot 21 (rtCounter=21)
[HOP 1] RX ACK from 0 seq=3
[HOP 1] RX ACK from 0 seq=4
[HOP 1] RX ACK from 0 seq=5
[HOP 1] RX ACK from 0 seq=6
[NWK 1] CheckNwkQueue: size=0
[MAC 2] rtslot_counter expired for neighbor 1 reserveSlot=16
[MAC 1] PickTxSlot(dest=0) active_nodes_for_slotting=2 opnet_slot_range=21
[MAC 1] avoiding neighbor 0 currentReservedSlot=16 rtslot_counter=16
[MAC 1] PickTxSlot(dest=0) avoid: 16
[MAC 1] PickTxSlot chose 7 using OPNET free-slot ordinal range [1,21]
[MAC 1] TX opportunity reached currentSlot=16 reserveNextSlot=7
... type=1 speedKey=128[t=13.6873] TX from node 1 to dest 0 seq 6 size 30 bytes segments 1 at slot 7 rate 128 kbps txPower 0 dBm (133333 bps) preamble SHORT duration 0.02142 s
[MAC 1] ACK transmitted in aggregate dest=0 seq=6 txCount=3/5
[MAC 1] OPNET aggregate transmitted segments=1 ackSegments=1 dataSegments=0 bytes=30 rate=128
[t=13.6873] RX SYNC at node 0 from node 1 seq 6 power -2.12777 dBm noise -106.975 dBm snr 104.847 dB state=1
[t=13.6873] RX SYNC at node 2 from node 1 seq 6 power -2.12777 dBm noise -106.975 dBm snr 104.847 dB state=1
[t=13.6939] MAC 0 enters Track on node 1 seq 6 power -2.12777 dBm
[t=13.6939] MAC 2 enters Track on node 1 seq 6 power -2.12777 dBm
[MAC 1] resumes Pre-Tx with live slot=7 counter=7
[t=13.7087] RX at node 0 from node 1 seq 6 rate 128 kbps txPower 0 dBm preamble SHORT pathloss 2.12777 dB snr 104.847 dB (slot 7, len 30B, ackable=0)
[MAC 0] Learned neighbor 1 uses slot 7 (rtCounter=7)
[HOP 0] RX ACK from 1 seq=6
[t=13.7087] RX OVERHEARD at node 2 from node 1 seq 6 rate 128 kbps txPower 0 dBm preamble SHORT pathloss 2.12777 dB snr 104.847 dB (slot 7, len 30B, ackable=0)
[MAC 2] Learned neighbor 1 uses slot 7 (rtCounter=7)
[HOP 2] Overheard frame from 1 for 0 type=1 ignored after neighbor update
[NWK 0] CheckNwkQueue: size=0
[MAC 1] PickTxSlot(dest=0) active_nodes_for_slotting=2 opnet_slot_range=21
[MAC 1] avoiding neighbor 0 currentReservedSlot=8 rtslot_counter=8
[MAC 1] PickTxSlot(dest=0) avoid: 8
[MAC 1] PickTxSlot chose 17 using OPNET free-slot ordinal range [1,21]
[MAC 1] TX opportunity reached currentSlot=7 reserveNextSlot=17
... type=1 speedKey=128[t=13.8043] TX from node 1 to dest 0 seq 6 size 30 bytes segments 1 at slot 17 rate 128 kbps txPower 0 dBm (133333 bps) preamble SHORT duration 0.02142 s
[MAC 1] ACK transmitted in aggregate dest=0 seq=6 txCount=4/5
[MAC 1] OPNET aggregate transmitted segments=1 ackSegments=1 dataSegments=0 bytes=30 rate=128
[t=13.8043] RX SYNC at node 0 from node 1 seq 6 power -2.12777 dBm noise -106.975 dBm snr 104.847 dB state=1
[t=13.8043] RX SYNC at node 2 from node 1 seq 6 power -2.12777 dBm noise -106.975 dBm snr 104.847 dB state=1
[t=13.8109] MAC 0 enters Track on node 1 seq 6 power -2.12777 dBm
[t=13.8109] MAC 2 enters Track on node 1 seq 6 power -2.12777 dBm
[MAC 1] resumes Pre-Tx with live slot=17 counter=17
[t=13.8257] RX at node 0 from node 1 seq 6 rate 128 kbps txPower 0 dBm preamble SHORT pathloss 2.12777 dB snr 104.847 dB (slot 17, len 30B, ackable=0)
[MAC 0] Learned neighbor 1 uses slot 17 (rtCounter=17)
[HOP 0] RX ACK from 1 seq=6
[t=13.8257] RX OVERHEARD at node 2 from node 1 seq 6 rate 128 kbps txPower 0 dBm preamble SHORT pathloss 2.12777 dB snr 104.847 dB (slot 17, len 30B, ackable=0)
[MAC 2] Learned neighbor 1 uses slot 17 (rtCounter=17)
[HOP 2] Overheard frame from 1 for 0 type=1 ignored after neighbor update
[NWK 0] CheckNwkQueue: size=0
[MAC 1] rtslot_counter expired for neighbor 0 reserveSlot=21
[MAC 0] PickTxSlot(dest=1) active_nodes_for_slotting=2 opnet_slot_range=21
[MAC 0] avoiding neighbor 1 currentReservedSlot=6 rtslot_counter=6
[MAC 0] PickTxSlot(dest=1) avoid: 6
[MAC 0] PickTxSlot chose 12 using OPNET free-slot ordinal range [1,21]
[MAC 0] TX opportunity reached currentSlot=21 reserveNextSlot=12
... type=1 speedKey=128[t=13.965] TX from node 0 to dest 1 seq 5 size 60 bytes segments 2 at slot 12 rate 128 kbps txPower 0 dBm (133333 bps) preamble SHORT duration 0.02322 s
[MAC 0] ACK transmitted in aggregate dest=1 seq=5 txCount=4/5
[MAC 0] ACK transmitted in aggregate dest=1 seq=6 txCount=4/5
[MAC 0] OPNET aggregate transmitted segments=2 ackSegments=2 dataSegments=0 bytes=60 rate=128
[t=13.965] RX SYNC at node 1 from node 0 seq 5 power -2.12777 dBm noise -106.975 dBm snr 104.847 dB state=1
[t=13.9716] MAC 1 enters Track on node 0 seq 5 power -2.12777 dBm
[MAC 0] resumes Pre-Tx with live slot=12 counter=12
[t=13.9882] RX at node 1 from node 0 seq 5 rate 128 kbps txPower 0 dBm preamble SHORT pathloss 2.12777 dB snr 104.847 dB (slot 12, len 60B, ackable=0)
[MAC 1] Learned neighbor 0 uses slot 12 (rtCounter=12)
[HOP 1] RX ACK from 0 seq=5
[HOP 1] RX ACK from 0 seq=6
[NWK 1] CheckNwkQueue: size=0
[MAC 2] rtslot_counter expired for neighbor 1 reserveSlot=17
[MAC 0] rtslot_counter expired for neighbor 1 reserveSlot=17
[MAC 1] PickTxSlot(dest=0) active_nodes_for_slotting=2 opnet_slot_range=21
[MAC 1] avoiding neighbor 0 currentReservedSlot=5 rtslot_counter=5
[MAC 1] PickTxSlot(dest=0) avoid: 5
[MAC 1] PickTxSlot chose 12 using OPNET free-slot ordinal range [1,21]
[MAC 1] TX opportunity reached currentSlot=17 reserveNextSlot=12
... type=1 speedKey=128[t=14.0773] TX from node 1 to dest 0 seq 6 size 30 bytes segments 1 at slot 12 rate 128 kbps txPower 0 dBm (133333 bps) preamble SHORT duration 0.02142 s
[MAC 1] ACK transmitted in aggregate dest=0 seq=6 txCount=5/5
[MAC 1] Remove ACK after OPNET resend limit dest=0 seq=6
[MAC 1] OPNET aggregate transmitted segments=1 ackSegments=1 dataSegments=0 bytes=30 rate=128
[t=14.0773] RX SYNC at node 0 from node 1 seq 6 power -2.12777 dBm noise -106.975 dBm snr 104.847 dB state=1
[t=14.0773] RX SYNC at node 2 from node 1 seq 6 power -2.12777 dBm noise -106.975 dBm snr 104.847 dB state=1
[t=14.0839] MAC 0 enters Track on node 1 seq 6 power -2.12777 dBm
[t=14.0839] MAC 2 enters Track on node 1 seq 6 power -2.12777 dBm
[MAC 1] post-TX WAIT_FOR_ACK until 32.5987 (POST_TX_WAIT=18.5 s)
[t=14.0987] RX at node 0 from node 1 seq 6 rate 128 kbps txPower 0 dBm preamble SHORT pathloss 2.12777 dB snr 104.847 dB (slot 12, len 30B, ackable=0)
[MAC 0] Learned neighbor 1 uses slot 12 (rtCounter=12)
[HOP 0] RX ACK from 1 seq=6
[t=14.0987] RX OVERHEARD at node 2 from node 1 seq 6 rate 128 kbps txPower 0 dBm preamble SHORT pathloss 2.12777 dB snr 104.847 dB (slot 12, len 30B, ackable=0)
[MAC 2] Learned neighbor 1 uses slot 12 (rtCounter=12)
[HOP 2] Overheard frame from 1 for 0 type=1 ignored after neighbor update
[NWK 0] CheckNwkQueue: size=0
[MAC 1] rtslot_counter expired for neighbor 0 reserveSlot=12
[MAC 0] PickTxSlot(dest=1) active_nodes_for_slotting=2 opnet_slot_range=21
[MAC 0] avoiding neighbor 1 currentReservedSlot=6 rtslot_counter=6
[MAC 0] PickTxSlot(dest=1) avoid: 6
[MAC 0] PickTxSlot chose 8 using OPNET free-slot ordinal range [1,21]
[MAC 0] TX opportunity reached currentSlot=12 reserveNextSlot=8
... type=1 speedKey=128[t=14.173] TX from node 0 to dest 1 seq 5 size 60 bytes segments 2 at slot 8 rate 128 kbps txPower 0 dBm (133333 bps) preamble SHORT duration 0.02322 s
[MAC 0] ACK transmitted in aggregate dest=1 seq=5 txCount=5/5
[MAC 0] ACK transmitted in aggregate dest=1 seq=6 txCount=5/5
[MAC 0] Remove ACK after OPNET resend limit dest=1 seq=5
[MAC 0] Remove ACK after OPNET resend limit dest=1 seq=6
[MAC 0] OPNET aggregate transmitted segments=2 ackSegments=2 dataSegments=0 bytes=60 rate=128
[t=14.173] RX SYNC at node 1 from node 0 seq 5 power -2.12777 dBm noise -106.975 dBm snr 104.847 dB state=1
[t=14.1796] MAC 1 enters Track on node 0 seq 5 power -2.12777 dBm
[MAC 0] post-TX WAIT_FOR_ACK until 32.6962 (POST_TX_WAIT=18.5 s)
[t=14.1962] RX at node 1 from node 0 seq 5 rate 128 kbps txPower 0 dBm preamble SHORT pathloss 2.12777 dB snr 104.847 dB (slot 8, len 60B, ackable=0)
[MAC 1] Learned neighbor 0 uses slot 8 (rtCounter=8)
[HOP 1] RX ACK from 0 seq=5
[HOP 1] RX ACK from 0 seq=6
[NWK 1] CheckNwkQueue: size=0
[MAC 2] rtslot_counter expired for neighbor 1 reserveSlot=12
[MAC 0] rtslot_counter expired for neighbor 1 reserveSlot=12
[MAC 1] local advertised reservation expired
[MAC 0] local advertised reservation expired
[MAC 1] rtslot_counter expired for neighbor 0 reserveSlot=8
[NWK 0] Discovery Broadcast repeat sequence=1
[NWK 0] ARL Discover sent without Routes_PAYLOAD
[NWK 0] HELLO advertising 0 routes
[NWK 0] HELLO ARL route msg type=1
[HOP 0] link_control dest=16777215 neighborKnown=0 speed=8 txPower=30 rxPower=-105
[HOP 0] TX GroupEstablish Discover securityCount=1 securityBytes=7
[MAC] Enqueue TX pkt dscp=7 insert_pos=0 queue_size_before=0
[MAC 0] PickTxSlot(dest=16777215) active_nodes_for_slotting=2 opnet_slot_range=21
[MAC 0] PickTxSlot(dest=16777215) avoid:
[MAC 0] PickTxSlot chose 14 using OPNET free-slot ordinal range [1,21]
[MAC 0] starts Pre-Tx with new slot=14 holdoff_over=1
[MAC 0] PickTxSlot(dest=16777215) active_nodes_for_slotting=2 opnet_slot_range=21
[MAC 0] PickTxSlot(dest=16777215) avoid:
[MAC 0] PickTxSlot chose 14 using OPNET free-slot ordinal range [1,21]
[MAC 0] TX opportunity reached currentSlot=14 reserveNextSlot=14
... type=4 speedKey=8[t=15.2] TX from node 0 to dest 16777215 seq 2 size 19 bytes segments 1 at slot 14 rate 8 kbps txPower 30 dBm (7843.14 bps) preamble LONG duration 1.0353 s
[MAC 0] OPNET aggregate transmitted segments=1 ackSegments=0 dataSegments=1 bytes=19 rate=8
[t=15.2] RX SYNC at node 1 from node 0 seq 2 power 27.8722 dBm noise -106.975 dBm snr 134.847 dB state=1
[t=15.2066] MAC 1 enters Track on node 0 seq 2 power 27.8722 dBm
[MAC 0] post-TX WAIT_FOR_ACK until 34.7353 (POST_TX_WAIT=18.5 s)
[t=16.2353] RX at node 1 from node 0 seq 2 rate 8 kbps txPower 30 dBm preamble LONG pathloss 2.12777 dB snr 134.847 dB (slot 14, len 19B, ackable=0)
[MAC 1] Learned neighbor 0 uses slot 14 (rtCounter=14)
[HOP 1] RX authenticated GroupEstablish Discover from=0 keyId=1 groupSeq=6
[MAC 1] active_nodes set to 2 for local slotting and post-TX wait
[NWK 1] active_nodes=2 pushed to MAC
[NWK 1] Updated HELLO neighbor=0 hopSrc=0 speedKey=8 activeNodes=2 pathloss=2.12777 snr=134.847
[NWK 1] link_calc neighbor=0 s0=-105 pathloss=2.12777 numFailures=0 speed=128 txPower=0 estDistance=75 speedMargin=120.872 totalMargin=132.872 costMode=local-only cost=29
[NWK 1] Updated route candidate dst=0 nextHop=0 hops=1 oldCost=29 newCost=29 valid=1->1 selectionDeferred=0 selected=1
[NWK 1] ARL route message from 0 type=Discover advCount=0
[NWK 1] ProcessDiscover from 0 subtype=Broadcast sequence=1
[NWK 1] Duplicate/old discovery sequence from 0 received=1 current=1
[NWK 1] Routes: dst=0->nh=0(hops=1,cost=29,linkCost=29,advCost=0,from=0,imm=1,pl=2.12777,valid=1,path=[0])
[MAC 1] rtslot_counter expired for neighbor 0 reserveSlot=14
[MAC 0] local advertised reservation expired
[NWK 0] Discovery Broadcast repeat sequence=1
[NWK 0] ARL Discover sent without Routes_PAYLOAD
[NWK 0] HELLO advertising 0 routes
[NWK 0] HELLO ARL route msg type=1
[HOP 0] link_control dest=16777215 neighborKnown=0 speed=8 txPower=30 rxPower=-105
[HOP 0] TX GroupEstablish Discover securityCount=1 securityBytes=7
[MAC] Enqueue TX pkt dscp=7 insert_pos=0 queue_size_before=0
[MAC 0] PickTxSlot(dest=16777215) active_nodes_for_slotting=2 opnet_slot_range=21
[MAC 0] PickTxSlot(dest=16777215) avoid:
[MAC 0] PickTxSlot chose 20 using OPNET free-slot ordinal range [1,21]
[MAC 0] starts Pre-Tx with new slot=20 holdoff_over=1
[MAC 0] PickTxSlot(dest=16777215) active_nodes_for_slotting=2 opnet_slot_range=21
[MAC 0] PickTxSlot(dest=16777215) avoid:
[MAC 0] PickTxSlot chose 13 using OPNET free-slot ordinal range [1,21]
[MAC 0] TX opportunity reached currentSlot=20 reserveNextSlot=13
... type=4 speedKey=8[t=20.283] TX from node 0 to dest 16777215 seq 3 size 19 bytes segments 1 at slot 13 rate 8 kbps txPower 30 dBm (7843.14 bps) preamble LONG duration 1.0353 s
[MAC 0] OPNET aggregate transmitted segments=1 ackSegments=0 dataSegments=1 bytes=19 rate=8
[t=20.283] RX SYNC at node 1 from node 0 seq 3 power 27.8722 dBm noise -106.975 dBm snr 134.847 dB state=1
[t=20.2896] MAC 1 enters Track on node 0 seq 3 power 27.8722 dBm
[MAC 0] post-TX WAIT_FOR_ACK until 39.8183 (POST_TX_WAIT=18.5 s)
[t=21.3183] RX at node 1 from node 0 seq 3 rate 8 kbps txPower 30 dBm preamble LONG pathloss 2.12777 dB snr 134.847 dB (slot 13, len 19B, ackable=0)
[MAC 1] Learned neighbor 0 uses slot 13 (rtCounter=13)
[HOP 1] RX authenticated GroupEstablish Discover from=0 keyId=1 groupSeq=7
[MAC 1] active_nodes set to 2 for local slotting and post-TX wait
[NWK 1] active_nodes=2 pushed to MAC
[NWK 1] Updated HELLO neighbor=0 hopSrc=0 speedKey=8 activeNodes=2 pathloss=2.12777 snr=134.847
[NWK 1] link_calc neighbor=0 s0=-105 pathloss=2.12777 numFailures=0 speed=128 txPower=0 estDistance=75 speedMargin=120.872 totalMargin=132.872 costMode=local-only cost=29
[NWK 1] Updated route candidate dst=0 nextHop=0 hops=1 oldCost=29 newCost=29 valid=1->1 selectionDeferred=0 selected=1
[NWK 1] ARL route message from 0 type=Discover advCount=0
[NWK 1] ProcessDiscover from 0 subtype=Broadcast sequence=1
[NWK 1] Duplicate/old discovery sequence from 0 received=1 current=1
[NWK 1] Routes: dst=0->nh=0(hops=1,cost=29,linkCost=29,advCost=0,from=0,imm=1,pl=2.12777,valid=1,path=[0])
[MAC 1] rtslot_counter expired for neighbor 0 reserveSlot=13
[MAC 0] local advertised reservation expired
[NWK 0] DiscoveryStop sequence=1
[NWK 0] Post-discovery routing refresh activeNeighbors=1
[NWK 0] recompute hop-cost neighbor=1 failures=0 costMode=local-only newLinkCost=29
[NWK 0] Recomputed route after link change dst=1 nextHop=1 oldCost=29 newCost=29 linkCost=29 advertisedCost=0 numFailures=0
[NWK 0] Post-discovery requesting fresh routes neighbor=1
[NWK 0] Sending reliable RoutingRequest neighbor=1 routingSequence=3 attempt=1 retry=0
[HOP 0] link_control dest=1 neighborKnown=1 s0=-105 pathloss=2.12777 failures=0 speed=128 txPower=0 rxPower=-105 cost=29
[HOP 0] TX reliable RoutingControl targets=1:7
[MAC] Enqueue TX pkt dscp=7 insert_pos=0 queue_size_before=0
[NWK 0] Discovery table append node=1 needed=1 position=0
[NWK 0] Legacy discovery lifecycle complete initiator=0 knownNodes=1 completionReports=0
[NWK 0] TX legacy SNMP command=1 finalDestination=1 hopDestination=1 nodes=0
[HOP 0] TX legacy SNMP hopDestination=1 ackable=0 dscp=0
[MAC] Enqueue TX pkt dscp=0 insert_pos=1 queue_size_before=1
[NWK 0] SNMP discovery handoff target=1 watchdog=60s
[MAC 0] PickTxSlot(dest=1) active_nodes_for_slotting=2 opnet_slot_range=21
[MAC 0] PickTxSlot(dest=1) avoid:
[MAC 0] PickTxSlot chose 12 using OPNET free-slot ordinal range [1,21]
[MAC 0] starts Pre-Tx with new slot=12 holdoff_over=1
[MAC 0] PickTxSlot(dest=1) active_nodes_for_slotting=2 opnet_slot_range=21
[MAC 0] PickTxSlot(dest=1) avoid:
[MAC 0] PickTxSlot chose 4 using OPNET free-slot ordinal range [1,21]
[MAC 0] TX opportunity reached currentSlot=12 reserveNextSlot=4
... type=6 speedKey=8[t=25.171] TX from node 0 to dest 1 seq 7 size 47 bytes segments 2 at slot 4 rate 8 kbps txPower 30 dBm (7843.14 bps) preamble SHORT duration 0.0714 s
[HOP 0] MAC sent confirmation dest=1 seq=7 transmission=1 sentAt=25.171
[MAC 0] OPNET aggregate transmitted segments=2 ackSegments=0 dataSegments=2 bytes=47 rate=8
[t=25.171] RX SYNC at node 1 from node 0 seq 7 power 27.8722 dBm noise -106.975 dBm snr 134.847 dB state=1
[t=25.1776] MAC 1 enters Track on node 0 seq 7 power 27.8722 dBm
[MAC 0] post-TX WAIT_FOR_ACK until 43.7424 (POST_TX_WAIT=18.5 s)
[t=25.2424] RX at node 1 from node 0 seq 7 rate 8 kbps txPower 30 dBm preamble SHORT pathloss 2.12777 dB snr 134.847 dB (slot 4, len 47B, ackable=1)
[MAC 1] Learned neighbor 0 uses slot 4 (rtCounter=4)
[HOP 1] RX reliable RoutingControl from 0 seq=7 firstReception=1
[MAC 1] active_nodes set to 2 for local slotting and post-TX wait
[NWK 1] active_nodes=2 pushed to MAC
[NWK 1] Updated HELLO neighbor=0 hopSrc=0 speedKey=8 activeNodes=2 pathloss=2.12777 snr=134.847
[NWK 1] link_calc neighbor=0 s0=-105 pathloss=2.12777 numFailures=0 speed=128 txPower=0 estDistance=75 speedMargin=120.872 totalMargin=132.872 costMode=local-only cost=29
[NWK 1] Updated route candidate dst=0 nextHop=0 hops=1 oldCost=29 newCost=29 valid=1->1 selectionDeferred=0 selected=1
[NWK 1] ARL route message from 0 type=RoutingUpdate advCount=0
[NWK 1] Received RoutingRequest from=0 routingSequence=3; scheduling reliable INFO/UPDATE/FLUSH snapshot
[NWK 1] Routes: dst=0->nh=0(hops=1,cost=29,linkCost=29,advCost=0,from=0,imm=1,pl=2.12777,valid=1,path=[0])
[HOP 1] link_control dest=0 neighborKnown=1 s0=-105 pathloss=2.12777 failures=0 speed=128 txPower=0 rxPower=-105 cost=29
[HOP 1] ACK RoutingControl to 0 seq=7
[MAC 1] Enqueue ACK dest=0 seq=7 window=0 ack_queue_size=1
[HOP 1] RX legacy SNMP from 0 command=1
[NWK 1] RX SNMP_START_DISCOVERY source=0 hopSource=0 delay=0 state=0
[NWK 1] Discovery table append node=0 needed=0 position=0
[MAC 1] PickTxSlot(dest=0) active_nodes_for_slotting=2 opnet_slot_range=21
[MAC 1] avoiding neighbor 0 currentReservedSlot=4 rtslot_counter=4
[MAC 1] PickTxSlot(dest=0) avoid: 4
[MAC 1] PickTxSlot chose 20 using OPNET free-slot ordinal range [1,21]
[MAC 1] starts Pre-Tx with new slot=20 holdoff_over=1
[NWK 1] Built ARL routing byte stream routingSequence=2 records=4 advertisedRoutes=2 recordBytes=43 sections=1 maxSectionBytes=700
[NWK 1] Starting reliable ARL RoutingSnapshot neighbor=0 routingSequence=2 sections=1
[NWK 1] Sending ARL RoutingSnapshot section=0/1 neighbor=0 routingSequence=2
[HOP 1] link_control dest=0 neighborKnown=1 s0=-105 pathloss=2.12777 failures=0 speed=128 txPower=0 rxPower=-105 cost=29
[HOP 1] TX reliable RoutingControl targets=0:7
[MAC] Enqueue TX pkt dscp=7 insert_pos=0 queue_size_before=0
[NWK 1] Armed RoutingSnapshot watchdog neighbor=0 phase=awaiting-independent-section-acks generation=3 timeoutSec=20
[NWK 1] DiscoveryStart Broadcast sequence=1 resetVerifiedNeighbors=1
[NWK 1] ARL Discover sent without Routes_PAYLOAD
[NWK 1] HELLO advertising 0 routes
[NWK 1] HELLO ARL route msg type=1
[HOP 1] link_control dest=16777215 neighborKnown=0 speed=8 txPower=30 rxPower=-105
[HOP 1] TX GroupEstablish Discover securityCount=1 securityBytes=7
[MAC] Enqueue TX pkt dscp=7 insert_pos=1 queue_size_before=1
[MAC 1] rtslot_counter expired for neighbor 0 reserveSlot=4
[MAC 0] local advertised reservation expired
[MAC 1] PickTxSlot(dest=0) active_nodes_for_slotting=2 opnet_slot_range=21
[MAC 1] PickTxSlot(dest=0) avoid:
[MAC 1] PickTxSlot chose 13 using OPNET free-slot ordinal range [1,21]
[MAC 1] TX opportunity reached currentSlot=20 reserveNextSlot=13
... type=1 speedKey=8[t=25.5043] TX from node 1 to dest 0 seq 7 size 114 bytes segments 3 at slot 13 rate 8 kbps txPower 30 dBm (7843.14 bps) preamble LONG duration 1.1322 s
[HOP 1] MAC sent confirmation dest=0 seq=7 transmission=1 sentAt=25.5043
[MAC 1] ACK transmitted in aggregate dest=0 seq=7 txCount=1/5
[MAC 1] OPNET aggregate transmitted segments=3 ackSegments=1 dataSegments=2 bytes=114 rate=8
[t=25.5043] RX SYNC at node 0 from node 1 seq 7 power 27.8722 dBm noise -106.975 dBm snr 134.847 dB state=1
[t=25.5043] RX SYNC at node 2 from node 1 seq 7 power 27.8722 dBm noise -106.975 dBm snr 134.847 dB state=1
[t=25.5109] MAC 0 enters Track on node 1 seq 7 power 27.8722 dBm
[t=25.5109] MAC 2 enters Track on node 1 seq 7 power 27.8722 dBm
[MAC 1] resumes Pre-Tx with live slot=13 counter=13
[t=26.6365] RX at node 0 from node 1 seq 7 rate 8 kbps txPower 30 dBm preamble LONG pathloss 2.12777 dB snr 134.847 dB (slot 13, len 114B, ackable=1)
[MAC 0] Learned neighbor 1 uses slot 13 (rtCounter=13)
[HOP 0] RX ACK from 1 seq=7
[HOP 0] Reliable RoutingControl completed with 1 seq=7 routingSequence=3 section=0/1
[NWK 0] Reliable RoutingControl ACKed neighbor=1 routingSequence=3 operation=Request section=0/1 lastOfInfo=1
[HOP 0] RX reliable RoutingControl from 1 seq=7 firstReception=1
[MAC 0] active_nodes set to 2 for local slotting and post-TX wait
[NWK 0] active_nodes=2 pushed to MAC
[NWK 0] Updated HELLO neighbor=1 hopSrc=1 speedKey=8 activeNodes=2 pathloss=2.12777 snr=134.847
[NWK 0] link_calc neighbor=1 s0=-105 pathloss=2.12777 numFailures=0 speed=128 txPower=0 estDistance=75 speedMargin=120.872 totalMargin=132.872 costMode=local-only cost=29
[NWK 0] Updated route candidate dst=1 nextHop=1 hops=1 oldCost=29 newCost=29 valid=1->1 selectionDeferred=0 selected=1
[NWK 0] ARL route message from 1 type=RoutingUpdate advCount=0
[NWK 0] Buffered ARL routing section from=1 routingSequence=2 section=0/1 buffered=1
[NWK 0] Reassembled complete ARL routing message from=1 routingSequence=2 sections=1 recordBytes=43 records=4
[NWK 0] Applied ARL INFO from=1 routingSequence=2
[NWK 0] Applied source-owned neighbor capability neighbor=1 capability=1 routingSequence=2 directCost=29
[NWK 0] Ignoring unsupported ARL UPDATE node node24=0 from=1
[NWK 0] Applied ARL FLUSH from=1 routingSequence=2 routesInvalidated=0
[NWK 0] Routes: dst=1->nh=1(hops=1,cost=29,linkCost=29,advCost=0,from=1,imm=1,pl=2.12777,valid=1,path=[1])
[HOP 0] link_control dest=1 neighborKnown=1 s0=-105 pathloss=2.12777 failures=0 speed=128 txPower=0 rxPower=-105 cost=29
[HOP 0] ACK RoutingControl to 1 seq=7
[MAC 0] Enqueue ACK dest=1 seq=7 window=0 ack_queue_size=1
[HOP 0] RX authenticated GroupEstablish Discover from=1 keyId=1 groupSeq=5
[MAC 0] active_nodes set to 2 for local slotting and post-TX wait
[NWK 0] active_nodes=2 pushed to MAC
[NWK 0] Updated HELLO neighbor=1 hopSrc=1 speedKey=8 activeNodes=2 pathloss=2.12777 snr=134.847
[NWK 0] link_calc neighbor=1 s0=-105 pathloss=2.12777 numFailures=0 speed=128 txPower=0 estDistance=75 speedMargin=120.872 totalMargin=132.872 costMode=local-only cost=29
[NWK 0] Updated route candidate dst=1 nextHop=1 hops=1 oldCost=29 newCost=29 valid=1->1 selectionDeferred=0 selected=1
[NWK 0] ARL route message from 1 type=Discover advCount=0
[NWK 0] ProcessDiscover from 1 subtype=Broadcast sequence=1
[NWK 0] New discovery sequence from 1 old=0 new=1
[NWK 0] Discovery response pending key-send ACK neighbor=1 sequence=1
[NWK 0] Routes: dst=1->nh=1(hops=1,cost=29,linkCost=29,advCost=0,from=1,imm=1,pl=2.12777,valid=1,path=[1])
[MAC 0] PickTxSlot(dest=1) active_nodes_for_slotting=2 opnet_slot_range=21
[MAC 0] avoiding neighbor 1 currentReservedSlot=13 rtslot_counter=13
[MAC 0] PickTxSlot(dest=1) avoid: 13
[MAC 0] PickTxSlot chose 3 using OPNET free-slot ordinal range [1,21]
[MAC 0] starts Pre-Tx with new slot=3 holdoff_over=1
[t=26.6365] RX at node 2 from node 1 seq 7 rate 8 kbps txPower 30 dBm preamble LONG pathloss 2.12777 dB snr 134.847 dB (slot 13, len 114B, ackable=1)
[MAC 2] Learned neighbor 1 uses slot 13 (rtCounter=13)
[HOP 2] Overheard frame from 1 for 0 type=1 ignored after neighbor update
[HOP 2] Queue authenticated GroupEstablish pending KeyUpdate from=1 keyId=1 groupSeq=5
[MAC 2] active_nodes set to 2 for local slotting and post-TX wait
[NWK 2] active_nodes=2 pushed to MAC
[NWK 2] Authenticated Discover awaits group key neighbor=1 newNeighbor=1
[NWK 2] Sending source-faithful KeyRequest neighbor=1 noAck=1 retryDelayMs=5000
[HOP 2] link_control dest=1 neighborKnown=1 s0=-105 pathloss=2.12777 failures=0 speed=128 txPower=0 rxPower=-105 cost=29
[HOP 2] TX non-ACKed KeyRequest neighbor=1 hopSeq=1 keyId=1 keySeq=2 securityCount=1
[MAC] Enqueue TX pkt dscp=7 insert_pos=0 queue_size_before=0
[MAC 2] PickTxSlot(dest=1) active_nodes_for_slotting=2 opnet_slot_range=21
[MAC 2] avoiding neighbor 1 currentReservedSlot=13 rtslot_counter=13
[MAC 2] PickTxSlot(dest=1) avoid: 13
[MAC 2] PickTxSlot chose 22 using OPNET free-slot ordinal range [1,21]
[MAC 2] starts Pre-Tx with new slot=22 holdoff_over=0
[NWK 0] CheckNwkQueue: size=0
[NWK 0] Sending deferred Discovery NeighborCheck neighbor=1 sequence=1 afterKeySend=1
[NWK 0] Sending targeted ARL NeighborCheck neighbor=1 subtype=Discovery discoverySequence=1
[HOP 0] link_control dest=1 neighborKnown=1 s0=-105 pathloss=2.12777 failures=0 speed=128 txPower=0 rxPower=-105 cost=29
[HOP 0] TX reliable NeighborCheck to 1 seq=8
[MAC] Enqueue TX pkt dscp=7 insert_pos=0 queue_size_before=0
[MAC 0] PickTxSlot(dest=1) active_nodes_for_slotting=2 opnet_slot_range=21
[MAC 0] avoiding neighbor 1 currentReservedSlot=9 rtslot_counter=9
[MAC 0] PickTxSlot(dest=1) avoid: 9
[MAC 0] PickTxSlot chose 4 using OPNET free-slot ordinal range [1,21]
[MAC 0] TX opportunity reached currentSlot=3 reserveNextSlot=4
... type=1 speedKey=128[t=26.679] TX from node 0 to dest 1 seq 7 size 46 bytes segments 2 at slot 4 rate 128 kbps txPower 0 dBm (133333 bps) preamble SHORT duration 0.02238 s
[HOP 0] MAC sent confirmation dest=1 seq=8 transmission=1 sentAt=26.679
[MAC 0] ACK transmitted in aggregate dest=1 seq=7 txCount=1/5
[MAC 0] OPNET aggregate transmitted segments=2 ackSegments=1 dataSegments=1 bytes=46 rate=128
[t=26.679] RX SYNC at node 1 from node 0 seq 7 power -2.12777 dBm noise -106.975 dBm snr 104.847 dB state=1
[t=26.6856] MAC 1 enters Track on node 0 seq 7 power -2.12777 dBm
[MAC 0] resumes Pre-Tx with live slot=4 counter=4
[t=26.7014] RX at node 1 from node 0 seq 7 rate 128 kbps txPower 0 dBm preamble SHORT pathloss 2.12777 dB snr 104.847 dB (slot 4, len 46B, ackable=1)
[MAC 1] Learned neighbor 0 uses slot 4 (rtCounter=4)
[HOP 1] RX ACK from 0 seq=7
[HOP 1] Reliable RoutingControl completed with 0 seq=7 routingSequence=2 section=0/1
[NWK 1] Reliable RoutingControl ACKed neighbor=0 routingSequence=2 operation=Update section=0/1 lastOfInfo=1
[NWK 1] ARL RoutingSnapshot section ACKed neighbor=0 routingSequence=2 section=0/1 ackedSections=1
[NWK 1] Reliable ARL RoutingSnapshot completed neighbor=0 routingSequence=2 sections=1
[HOP 1] RX reliable NeighborCheck from 0 seq=8 firstReception=1
[MAC 1] active_nodes set to 2 for local slotting and post-TX wait
[NWK 1] active_nodes=2 pushed to MAC
[MAC 1] max_reported_active_nodes updated to 3
[NWK 1] Updated HELLO neighbor=0 hopSrc=0 speedKey=8 activeNodes=3 pathloss=2.12777 snr=104.847
[NWK 1] link_calc neighbor=0 s0=-105 pathloss=2.12777 numFailures=0 speed=128 txPower=0 estDistance=75 speedMargin=120.872 totalMargin=132.872 costMode=local-only cost=29
[NWK 1] Updated route candidate dst=0 nextHop=0 hops=1 oldCost=29 newCost=29 valid=1->1 selectionDeferred=0 selected=1
[NWK 1] ARL route message from 0 type=NeighborCheck advCount=0
[NWK 1] ProcessNeighborCheck from 0 subtype=Discovery pathloss=2.12777 snr=104.847 linkCost=29 advCount=0
[NWK 1] Discovery response from neighbor=0 responseSequence=1 localDiscoverySequence=1
[NWK 1] Discovery response accepted neighbor=0 verified=0->1 sequence=1 reportedActiveNodes=3
[NWK 1] Routes: dst=0->nh=0(hops=1,cost=29,linkCost=29,advCost=0,from=0,imm=1,pl=2.12777,valid=1,path=[0])
[HOP 1] link_control dest=0 neighborKnown=1 s0=-105 pathloss=2.12777 failures=0 speed=128 txPower=0 rxPower=-105 cost=29
[HOP 1] ACK NeighborCheck to 0 seq=8
[MAC 1] Enqueue ACK dest=0 seq=8 window=0 ack_queue_size=2
[NWK 1] CheckNwkQueue: size=0
[MAC 0] PickTxSlot(dest=1) active_nodes_for_slotting=2 opnet_slot_range=21
[MAC 0] avoiding neighbor 1 currentReservedSlot=4 rtslot_counter=4
[MAC 0] PickTxSlot(dest=1) avoid: 4
[MAC 0] PickTxSlot chose 7 using OPNET free-slot ordinal range [1,21]
[MAC 0] TX opportunity reached currentSlot=4 reserveNextSlot=7
... type=1 speedKey=128[t=26.757] TX from node 0 to dest 1 seq 7 size 30 bytes segments 1 at slot 7 rate 128 kbps txPower 0 dBm (133333 bps) preamble SHORT duration 0.02142 s
[MAC 0] ACK transmitted in aggregate dest=1 seq=7 txCount=2/5
[MAC 0] OPNET aggregate transmitted segments=1 ackSegments=1 dataSegments=0 bytes=30 rate=128
[t=26.757] RX SYNC at node 1 from node 0 seq 7 power -2.12777 dBm noise -106.975 dBm snr 104.847 dB state=1
[t=26.7636] MAC 1 enters Track on node 0 seq 7 power -2.12777 dBm
[MAC 0] resumes Pre-Tx with live slot=7 counter=7
[t=26.7784] RX at node 1 from node 0 seq 7 rate 128 kbps txPower 0 dBm preamble SHORT pathloss 2.12777 dB snr 104.847 dB (slot 7, len 30B, ackable=0)
[MAC 1] Learned neighbor 0 uses slot 7 (rtCounter=7)
[HOP 1] RX ACK from 0 seq=7
[NWK 1] CheckNwkQueue: size=0
[MAC 2] rtslot_counter expired for neighbor 1 reserveSlot=13
[MAC 0] rtslot_counter expired for neighbor 1 reserveSlot=13
[MAC 1] PickTxSlot(dest=0) active_nodes_for_slotting=3 opnet_slot_range=25
[MAC 1] avoiding neighbor 0 currentReservedSlot=0 rtslot_counter=0
[MAC 1] PickTxSlot(dest=0) avoid:
[MAC 1] PickTxSlot chose 24 using OPNET free-slot ordinal range [1,25]
[MAC 1] TX opportunity reached currentSlot=13 reserveNextSlot=24
... type=1 speedKey=128[t=26.8693] TX from node 1 to dest 0 seq 7 size 60 bytes segments 2 at slot 24 rate 128 kbps txPower 0 dBm (133333 bps) preamble SHORT duration 0.02322 s
[MAC 1] ACK transmitted in aggregate dest=0 seq=7 txCount=2/5
[MAC 1] ACK transmitted in aggregate dest=0 seq=8 txCount=1/5
[MAC 1] OPNET aggregate transmitted segments=2 ackSegments=2 dataSegments=0 bytes=60 rate=128
[t=26.8693] RX SYNC at node 0 from node 1 seq 7 power -2.12777 dBm noise -106.975 dBm snr 104.847 dB state=1
[t=26.8693] RX SYNC at node 2 from node 1 seq 7 power -2.12777 dBm noise -106.975 dBm snr 104.847 dB state=1
[t=26.8759] MAC 0 enters Track on node 1 seq 7 power -2.12777 dBm
[t=26.8759] MAC 2 enters Track on node 1 seq 7 power -2.12777 dBm
[MAC 1] resumes Pre-Tx with live slot=24 counter=24
[t=26.8925] RX at node 0 from node 1 seq 7 rate 128 kbps txPower 0 dBm preamble SHORT pathloss 2.12777 dB snr 104.847 dB (slot 24, len 60B, ackable=0)
[MAC 0] Learned neighbor 1 uses slot 24 (rtCounter=24)
[HOP 0] RX ACK from 1 seq=7
[HOP 0] RX ACK from 1 seq=8
[HOP 0] Reliable NeighborCheck completed with 1 seq=8 subtype=0 discoverySequence=1
[NWK 0] NeighborCheck success neighbor=1 subtype=Discovery discoverySequence=1 stale=0->0 numFailures=0->0
[NWK 0] recompute hop-cost neighbor=1 failures=0 costMode=local-only newLinkCost=29
[NWK 0] Recomputed route after link change dst=1 nextHop=1 oldCost=29 newCost=29 linkCost=29 advertisedCost=0 numFailures=0
[t=26.8925] RX OVERHEARD at node 2 from node 1 seq 7 rate 128 kbps txPower 0 dBm preamble SHORT pathloss 2.12777 dB snr 104.847 dB (slot 24, len 60B, ackable=0)
[MAC 2] Learned neighbor 1 uses slot 24 (rtCounter=24)
[HOP 2] Overheard frame from 1 for 0 type=1 ignored after neighbor update
[HOP 2] Overheard frame from 1 for 0 type=1 ignored after neighbor update
[NWK 0] CheckNwkQueue: size=0
[MAC 1] rtslot_counter expired for neighbor 0 reserveSlot=7
[MAC 0] PickTxSlot(dest=1) active_nodes_for_slotting=2 opnet_slot_range=21
[MAC 0] avoiding neighbor 1 currentReservedSlot=23 rtslot_counter=23
[MAC 0] PickTxSlot(dest=1) avoid:
[MAC 0] PickTxSlot chose 12 using OPNET free-slot ordinal range [1,21]
[MAC 0] TX opportunity reached currentSlot=7 reserveNextSlot=12
... type=1 speedKey=128[t=26.9] TX from node 0 to dest 1 seq 7 size 30 bytes segments 1 at slot 12 rate 128 kbps txPower 0 dBm (133333 bps) preamble SHORT duration 0.02142 s
[MAC 0] ACK transmitted in aggregate dest=1 seq=7 txCount=3/5
[MAC 0] OPNET aggregate transmitted segments=1 ackSegments=1 dataSegments=0 bytes=30 rate=128
[t=26.9] RX SYNC at node 1 from node 0 seq 7 power -2.12777 dBm noise -106.975 dBm snr 104.847 dB state=1
[t=26.9066] MAC 1 enters Track on node 0 seq 7 power -2.12777 dBm
[MAC 0] resumes Pre-Tx with live slot=12 counter=12
[t=26.9214] RX at node 1 from node 0 seq 7 rate 128 kbps txPower 0 dBm preamble SHORT pathloss 2.12777 dB snr 104.847 dB (slot 12, len 30B, ackable=0)
[MAC 1] Learned neighbor 0 uses slot 12 (rtCounter=12)
[HOP 1] RX ACK from 0 seq=7
[NWK 1] CheckNwkQueue: size=0
[MAC 2] OPNET 300-ms transmit holdoff complete
[MAC 0] PickTxSlot(dest=1) active_nodes_for_slotting=2 opnet_slot_range=21
[MAC 0] avoiding neighbor 1 currentReservedSlot=10 rtslot_counter=10
[MAC 0] PickTxSlot(dest=1) avoid: 10
[MAC 0] PickTxSlot chose 16 using OPNET free-slot ordinal range [1,21]
[MAC 0] TX opportunity reached currentSlot=12 reserveNextSlot=16
... type=1 speedKey=128[t=27.082] TX from node 0 to dest 1 seq 7 size 30 bytes segments 1 at slot 16 rate 128 kbps txPower 0 dBm (133333 bps) preamble SHORT duration 0.02142 s
[MAC 0] ACK transmitted in aggregate dest=1 seq=7 txCount=4/5
[MAC 0] OPNET aggregate transmitted segments=1 ackSegments=1 dataSegments=0 bytes=30 rate=128
[t=27.082] RX SYNC at node 1 from node 0 seq 7 power -2.12777 dBm noise -106.975 dBm snr 104.847 dB state=1
[t=27.0886] MAC 1 enters Track on node 0 seq 7 power -2.12777 dBm
[MAC 0] resumes Pre-Tx with live slot=16 counter=16
[t=27.1034] RX at node 1 from node 0 seq 7 rate 128 kbps txPower 0 dBm preamble SHORT pathloss 2.12777 dB snr 104.847 dB (slot 16, len 30B, ackable=0)
[MAC 1] Learned neighbor 0 uses slot 16 (rtCounter=16)
[HOP 1] RX ACK from 0 seq=7
[NWK 1] CheckNwkQueue: size=0
[MAC 2] rtslot_counter expired for neighbor 1 reserveSlot=24
[MAC 2] PickTxSlot(dest=1) active_nodes_for_slotting=2 opnet_slot_range=21
[MAC 2] PickTxSlot(dest=1) avoid:
[MAC 2] PickTxSlot chose 20 using OPNET free-slot ordinal range [1,21]
[MAC 2] TX opportunity reached currentSlot=22 reserveNextSlot=20
... type=8 speedKey=128[t=27.228] TX from node 2 to dest 1 seq 1 size 18 bytes segments 1 at slot 20 rate 128 kbps txPower 0 dBm (133333 bps) preamble SHORT duration 0.0207 s
[MAC 2] OPNET aggregate transmitted segments=1 ackSegments=0 dataSegments=1 bytes=18 rate=128
[t=27.228] RX SYNC at node 1 from node 2 seq 1 power -2.12777 dBm noise -106.975 dBm snr 104.847 dB state=1
[t=27.2346] MAC 1 enters Track on node 2 seq 1 power -2.12777 dBm
[MAC 0] rtslot_counter expired for neighbor 1 reserveSlot=24
[MAC 2] post-TX WAIT_FOR_ACK until 45.7487 (POST_TX_WAIT=18.5 s)
[t=27.2487] RX at node 1 from node 2 seq 1 rate 128 kbps txPower 0 dBm preamble SHORT pathloss 2.12777 dB snr 104.847 dB (slot 20, len 18B, ackable=0)
[MAC 1] Ignore first-contact reservation from unknown neighbor 2 slot=20
[HOP 1] New neighbor 2 heard at t=27.2487s
[HOP 1] RX authenticated KeyRequest from=2 keyId=1 keySeq=2 securityCount=1
[NWK 1] KeyRequest accepted neighbor=2
[HOP 1] link_control dest=2 neighborKnown=1 s0=-105 pathloss=2.12777 failures=0 speed=128 txPower=0 rxPower=-105 cost=29
[HOP 1] TX reliable KeyUpdate neighbor=2 hopSeq=1 keyId=1 keySeq=2 groupKeyId=1 securityBytes=51
[MAC] Enqueue TX pkt dscp=7 insert_pos=0 queue_size_before=0
[NWK 1] KeyUpdate send active neighbor=2 reliable=1 securityBytes=51
[MAC 1] PickTxSlot(dest=0) active_nodes_for_slotting=3 opnet_slot_range=25
[MAC 1] avoiding neighbor 0 currentReservedSlot=4 rtslot_counter=4
[MAC 1] PickTxSlot(dest=0) avoid: 4
[MAC 1] PickTxSlot chose 2 using OPNET free-slot ordinal range [1,25]
[MAC 1] TX opportunity reached currentSlot=24 reserveNextSlot=2
... type=1 speedKey=128[t=27.2853] TX from node 1 to dest 0 seq 7 size 122 bytes segments 3 at slot 2 rate 128 kbps txPower 0 dBm (133333 bps) preamble SHORT duration 0.02694 s
[HOP 1] MAC sent confirmation dest=2 seq=1 transmission=1 sentAt=27.2853
[MAC 1] ACK transmitted in aggregate dest=0 seq=7 txCount=3/5
[MAC 1] ACK transmitted in aggregate dest=0 seq=8 txCount=2/5
[MAC 1] OPNET aggregate transmitted segments=3 ackSegments=2 dataSegments=1 bytes=122 rate=128
[t=27.2853] RX SYNC at node 0 from node 1 seq 7 power -2.12777 dBm noise -106.975 dBm snr 104.847 dB state=1
[t=27.2853] RX SYNC at node 2 from node 1 seq 7 power -2.12777 dBm noise -106.975 dBm snr 104.847 dB state=1
[t=27.2919] MAC 0 enters Track on node 1 seq 7 power -2.12777 dBm
[t=27.2919] MAC 2 enters Track on node 1 seq 7 power -2.12777 dBm
[MAC 1] resumes Pre-Tx with live slot=2 counter=2
[t=27.3122] RX at node 0 from node 1 seq 7 rate 128 kbps txPower 0 dBm preamble SHORT pathloss 2.12777 dB snr 104.847 dB (slot 2, len 122B, ackable=1)
[MAC 0] Learned neighbor 1 uses slot 2 (rtCounter=2)
[HOP 0] RX ACK from 1 seq=7
[HOP 0] RX ACK from 1 seq=8
[HOP 0] Overheard frame from 1 for 2 type=9 ignored after neighbor update
[t=27.3122] RX at node 2 from node 1 seq 7 rate 128 kbps txPower 0 dBm preamble SHORT pathloss 2.12777 dB snr 104.847 dB (slot 2, len 122B, ackable=1)
[MAC 2] Learned neighbor 1 uses slot 2 (rtCounter=2)
[HOP 2] Overheard frame from 1 for 0 type=1 ignored after neighbor update
[HOP 2] Overheard frame from 1 for 0 type=1 ignored after neighbor update
[HOP 2] RX authenticated KeyUpdate from=1 keyId=1 keySeq=2 groupKeyId=1 securityCount=1
[HOP 2] link_control dest=1 neighborKnown=1 s0=-105 pathloss=2.12777 failures=0 speed=128 txPower=0 rxPower=-105 cost=29
[HOP 2] ACK KeyUpdate to 1 seq=1
[MAC 2] Enqueue ACK dest=1 seq=1 window=0 ack_queue_size=1
[NWK 2] KeyUpdate complete neighbor=1 receivedKey=1
[HOP 2] link_control dest=1 neighborKnown=1 s0=-105 pathloss=2.12777 failures=0 speed=128 txPower=0 rxPower=-105 cost=29
[HOP 2] TX reliable KeyUpdate neighbor=1 hopSeq=2 keyId=1 keySeq=4 groupKeyId=1 securityBytes=51
[MAC] Enqueue TX pkt dscp=7 insert_pos=0 queue_size_before=0
[NWK 2] KeyUpdate send active neighbor=1 reliable=1 securityBytes=51
[HOP 2] Replay queued GroupEstablish after KeyUpdate from=1 keyId=1 groupSeq=5
[MAC 2] active_nodes set to 2 for local slotting and post-TX wait
[NWK 2] active_nodes=2 pushed to MAC
[MAC 2] max_reported_active_nodes updated to 2
[NWK 2] Updated HELLO neighbor=1 hopSrc=1 speedKey=8 activeNodes=2 pathloss=2.12777 snr=134.847
[NWK 2] link_calc neighbor=1 s0=-105 pathloss=2.12777 numFailures=0 speed=128 txPower=0 estDistance=75 speedMargin=120.872 totalMargin=132.872 costMode=local-only cost=29
[NWK 2] Added route candidate dst=1 nextHop=1 hops=1 cost=29 linkCost=29 advCost=0 learnedFrom=1 selectionDeferred=0 selected=0
[NWK 2] ARL route message from 1 type=Discover advCount=0
[NWK 2] ProcessDiscover from 1 subtype=Broadcast sequence=1
[NWK 2] New discovery sequence from 1 old=0 new=1
[NWK 2] Discovery response pending key-send ACK neighbor=1 sequence=1
[NWK 2] Routes: dst=1->nh=1(hops=1,cost=29,linkCost=29,advCost=0,from=1,imm=1,pl=2.12777,valid=1,path=[1])
[MAC 2] resumes Pre-Tx with live slot=20 counter=17
[NWK 0] CheckNwkQueue: size=0
[MAC 0] rtslot_counter expired for neighbor 1 reserveSlot=2
[MAC 0] PickTxSlot(dest=1) active_nodes_for_slotting=2 opnet_slot_range=21
[MAC 0] PickTxSlot(dest=1) avoid:
[MAC 0] PickTxSlot chose 8 using OPNET free-slot ordinal range [1,21]
[MAC 0] TX opportunity reached currentSlot=16 reserveNextSlot=8
... type=1 speedKey=128[t=27.342] TX from node 0 to dest 1 seq 7 size 30 bytes segments 1 at slot 8 rate 128 kbps txPower 0 dBm (133333 bps) preamble SHORT duration 0.02142 s
[MAC 0] ACK transmitted in aggregate dest=1 seq=7 txCount=5/5
[MAC 0] Remove ACK after OPNET resend limit dest=1 seq=7
[MAC 0] OPNET aggregate transmitted segments=1 ackSegments=1 dataSegments=0 bytes=30 rate=128
[t=27.342] RX SYNC at node 1 from node 0 seq 7 power -2.12777 dBm noise -106.975 dBm snr 104.847 dB state=1
[MAC 2] rtslot_counter expired for neighbor 1 reserveSlot=2
[t=27.3486] MAC 1 enters Track on node 0 seq 7 power -2.12777 dBm
[MAC 0] post-TX WAIT_FOR_ACK until 45.8634 (POST_TX_WAIT=18.5 s)
[t=27.3634] RX at node 1 from node 0 seq 7 rate 128 kbps txPower 0 dBm preamble SHORT pathloss 2.12777 dB snr 104.847 dB (slot 8, len 30B, ackable=0)
[MAC 1] Learned neighbor 0 uses slot 8 (rtCounter=8)
[HOP 1] RX ACK from 0 seq=7
[NWK 1] CheckNwkQueue: size=0
[MAC 1] PickTxSlot(dest=0) active_nodes_for_slotting=3 opnet_slot_range=25
[MAC 1] avoiding neighbor 0 currentReservedSlot=7 rtslot_counter=7
[MAC 1] PickTxSlot(dest=0) avoid: 7
[MAC 1] PickTxSlot chose 20 using OPNET free-slot ordinal range [1,25]
[MAC 1] TX opportunity reached currentSlot=2 reserveNextSlot=20
... type=1 speedKey=128[t=27.3763] TX from node 1 to dest 0 seq 7 size 60 bytes segments 2 at slot 20 rate 128 kbps txPower 0 dBm (133333 bps) preamble SHORT duration 0.02322 s
[MAC 1] ACK transmitted in aggregate dest=0 seq=7 txCount=4/5
[MAC 1] ACK transmitted in aggregate dest=0 seq=8 txCount=3/5
[MAC 1] OPNET aggregate transmitted segments=2 ackSegments=2 dataSegments=0 bytes=60 rate=128
[t=27.3763] RX SYNC at node 0 from node 1 seq 7 power -2.12777 dBm noise -106.975 dBm snr 104.847 dB state=1
[t=27.3763] RX SYNC at node 2 from node 1 seq 7 power -2.12777 dBm noise -106.975 dBm snr 104.847 dB state=1
[t=27.3829] MAC 0 enters Track on node 1 seq 7 power -2.12777 dBm
[t=27.3829] MAC 2 enters Track on node 1 seq 7 power -2.12777 dBm
[MAC 1] resumes Pre-Tx with live slot=20 counter=20
[t=27.3995] RX at node 0 from node 1 seq 7 rate 128 kbps txPower 0 dBm preamble SHORT pathloss 2.12777 dB snr 104.847 dB (slot 20, len 60B, ackable=0)
[MAC 0] Learned neighbor 1 uses slot 20 (rtCounter=20)
[HOP 0] RX ACK from 1 seq=7
[HOP 0] RX ACK from 1 seq=8
[t=27.3995] RX OVERHEARD at node 2 from node 1 seq 7 rate 128 kbps txPower 0 dBm preamble SHORT pathloss 2.12777 dB snr 104.847 dB (slot 20, len 60B, ackable=0)
[MAC 2] Learned neighbor 1 uses slot 20 (rtCounter=20)
[HOP 2] Overheard frame from 1 for 0 type=1 ignored after neighbor update
[HOP 2] Overheard frame from 1 for 0 type=1 ignored after neighbor update
[NWK 0] CheckNwkQueue: size=0
[MAC 1] rtslot_counter expired for neighbor 0 reserveSlot=8
[MAC 0] local advertised reservation expired
[MAC 2] PickTxSlot(dest=1) active_nodes_for_slotting=2 opnet_slot_range=21
[MAC 2] avoiding neighbor 1 currentReservedSlot=7 rtslot_counter=7
[MAC 2] PickTxSlot(dest=1) avoid: 7
[MAC 2] PickTxSlot chose 17 using OPNET free-slot ordinal range [1,21]
[MAC 2] TX opportunity reached currentSlot=20 reserveNextSlot=17
... type=1 speedKey=128[t=27.566] TX from node 2 to dest 1 seq 1 size 92 bytes segments 2 at slot 17 rate 128 kbps txPower 0 dBm (133333 bps) preamble SHORT duration 0.02514 s
[HOP 2] MAC sent confirmation dest=1 seq=2 transmission=1 sentAt=27.566
[MAC 2] ACK transmitted in aggregate dest=1 seq=1 txCount=1/5
[MAC 2] OPNET aggregate transmitted segments=2 ackSegments=1 dataSegments=1 bytes=92 rate=128
[t=27.566] RX SYNC at node 1 from node 2 seq 1 power -2.12777 dBm noise -106.975 dBm snr 104.847 dB state=1
[t=27.5726] MAC 1 enters Track on node 2 seq 1 power -2.12777 dBm
[MAC 2] resumes Pre-Tx with live slot=17 counter=17
[t=27.5911] RX at node 1 from node 2 seq 1 rate 128 kbps txPower 0 dBm preamble SHORT pathloss 2.12777 dB snr 104.847 dB (slot 17, len 92B, ackable=1)
[MAC 1] Learned neighbor 2 uses slot 17 (rtCounter=17)
[HOP 1] RX ACK from 2 seq=1
[HOP 1] Reliable KeyUpdate completed neighbor=2 seq=1
[NWK 1] KeyUpdate send completion neighbor=2 acknowledged=1 sentKey=1
[NWK 1] Sending source-faithful KeyRequest neighbor=2 noAck=1 retryDelayMs=10000
[HOP 1] link_control dest=2 neighborKnown=1 s0=-105 pathloss=2.12777 failures=0 speed=128 txPower=0 rxPower=-105 cost=29
[HOP 1] TX non-ACKed KeyRequest neighbor=2 hopSeq=2 keyId=1 keySeq=3 securityCount=1
[MAC] Enqueue TX pkt dscp=7 insert_pos=0 queue_size_before=0
[HOP 1] RX authenticated KeyUpdate from=2 keyId=1 keySeq=4 groupKeyId=1 securityCount=1
[HOP 1] link_control dest=2 neighborKnown=1 s0=-105 pathloss=2.12777 failures=0 speed=128 txPower=0 rxPower=-105 cost=29
[HOP 1] ACK KeyUpdate to 2 seq=2
[MAC 1] Enqueue ACK dest=2 seq=2 window=0 ack_queue_size=3
[NWK 1] KeyUpdate complete neighbor=2 receivedKey=1
[NWK 1] Sending CHECK_OVERHEARD after two-sided key exchange neighbor=2
[NWK 1] Sending targeted ARL NeighborCheck neighbor=2 subtype=Overheard
[HOP 1] link_control dest=2 neighborKnown=1 s0=-105 pathloss=2.12777 failures=0 speed=128 txPower=0 rxPower=-105 cost=29
[HOP 1] TX reliable NeighborCheck to 2 seq=3
[MAC] Enqueue TX pkt dscp=7 insert_pos=1 queue_size_before=1
[NWK 1] CheckNwkQueue: size=0
[MAC 0] rtslot_counter expired for neighbor 1 reserveSlot=20
[MAC 2] rtslot_counter expired for neighbor 1 reserveSlot=20
[MAC 1] PickTxSlot(dest=0) active_nodes_for_slotting=3 opnet_slot_range=25
[MAC 1] avoiding neighbor 2 currentReservedSlot=9 rtslot_counter=9
[MAC 1] PickTxSlot(dest=0) avoid: 9
[MAC 1] PickTxSlot chose 2 using OPNET free-slot ordinal range [1,25]
[MAC 1] TX opportunity reached currentSlot=20 reserveNextSlot=2
... type=1 speedKey=128[t=27.6883] TX from node 1 to dest 0 seq 7 size 124 bytes segments 5 at slot 2 rate 128 kbps txPower 0 dBm (133333 bps) preamble SHORT duration 0.02706 s
[HOP 1] MAC sent confirmation dest=2 seq=3 transmission=1 sentAt=27.6883
[MAC 1] ACK transmitted in aggregate dest=0 seq=7 txCount=5/5
[MAC 1] ACK transmitted in aggregate dest=0 seq=8 txCount=4/5
[MAC 1] ACK transmitted in aggregate dest=2 seq=2 txCount=1/5
[MAC 1] Remove ACK after OPNET resend limit dest=0 seq=7
[MAC 1] OPNET aggregate transmitted segments=5 ackSegments=3 dataSegments=2 bytes=124 rate=128
[t=27.6883] RX SYNC at node 0 from node 1 seq 7 power -2.12777 dBm noise -106.975 dBm snr 104.847 dB state=1
[t=27.6883] RX SYNC at node 2 from node 1 seq 7 power -2.12777 dBm noise -106.975 dBm snr 104.847 dB state=1
[t=27.6949] MAC 0 enters Track on node 1 seq 7 power -2.12777 dBm
[t=27.6949] MAC 2 enters Track on node 1 seq 7 power -2.12777 dBm
[MAC 1] resumes Pre-Tx with live slot=2 counter=2
[t=27.7154] RX at node 0 from node 1 seq 7 rate 128 kbps txPower 0 dBm preamble SHORT pathloss 2.12777 dB snr 104.847 dB (slot 2, len 124B, ackable=1)
[MAC 0] Learned neighbor 1 uses slot 2 (rtCounter=2)
[HOP 0] RX ACK from 1 seq=7
[HOP 0] RX ACK from 1 seq=8
[HOP 0] Overheard frame from 1 for 2 type=1 ignored after neighbor update
[HOP 0] Overheard frame from 1 for 2 type=8 ignored after neighbor update
[HOP 0] Overheard frame from 1 for 2 type=5 ignored after neighbor update
[t=27.7154] RX at node 2 from node 1 seq 7 rate 128 kbps txPower 0 dBm preamble SHORT pathloss 2.12777 dB snr 104.847 dB (slot 2, len 124B, ackable=1)
[MAC 2] Learned neighbor 1 uses slot 2 (rtCounter=2)
[HOP 2] Overheard frame from 1 for 0 type=1 ignored after neighbor update
[HOP 2] Overheard frame from 1 for 0 type=1 ignored after neighbor update
[HOP 2] RX ACK from 1 seq=2
[HOP 2] Reliable KeyUpdate completed neighbor=1 seq=2
[NWK 2] KeyUpdate send completion neighbor=1 acknowledged=1 sentKey=1
[NWK 2] Sending deferred Discovery NeighborCheck neighbor=1 sequence=1 afterKeySend=1
[NWK 2] Sending targeted ARL NeighborCheck neighbor=1 subtype=Discovery discoverySequence=1
[HOP 2] link_control dest=1 neighborKnown=1 s0=-105 pathloss=2.12777 failures=0 speed=128 txPower=0 rxPower=-105 cost=29
[HOP 2] TX reliable NeighborCheck to 1 seq=3
[MAC] Enqueue TX pkt dscp=7 insert_pos=0 queue_size_before=0
[HOP 2] RX authenticated KeyRequest from=1 keyId=1 keySeq=3 securityCount=1
[NWK 2] KeyRequest received after completed KeyUpdate neighbor=1 ageMs=0 recent-key-suppressed
[HOP 2] RX reliable NeighborCheck from 1 seq=3 firstReception=1
[MAC 2] active_nodes set to 2 for local slotting and post-TX wait
[NWK 2] active_nodes=2 pushed to MAC
[NWK 2] Updated HELLO neighbor=1 hopSrc=1 speedKey=8 activeNodes=2 pathloss=2.12777 snr=104.847
[NWK 2] link_calc neighbor=1 s0=-105 pathloss=2.12777 numFailures=0 speed=128 txPower=0 estDistance=75 speedMargin=120.872 totalMargin=132.872 costMode=local-only cost=29
[NWK 2] Updated route candidate dst=1 nextHop=1 hops=1 oldCost=29 newCost=29 valid=1->1 selectionDeferred=0 selected=0
[NWK 2] ARL route message from 1 type=NeighborCheck advCount=0
[NWK 2] ProcessNeighborCheck from 1 subtype=Overheard pathloss=2.12777 snr=104.847 linkCost=29 advCount=0
[NWK 2] NeighborCheck Overheard received from 1
[NWK 2] Sending CHECK_OVERHEARD after two-sided key exchange neighbor=1
[NWK 2] Sending targeted ARL NeighborCheck neighbor=1 subtype=Overheard
[HOP 2] link_control dest=1 neighborKnown=1 s0=-105 pathloss=2.12777 failures=0 speed=128 txPower=0 rxPower=-105 cost=29
[HOP 2] TX reliable NeighborCheck to 1 seq=4
[MAC] Enqueue TX pkt dscp=7 insert_pos=1 queue_size_before=1
[NWK 2] Routes: dst=1->nh=1(hops=1,cost=29,linkCost=29,advCost=0,from=1,imm=1,pl=2.12777,valid=1,path=[1])
[HOP 2] link_control dest=1 neighborKnown=1 s0=-105 pathloss=2.12777 failures=0 speed=128 txPower=0 rxPower=-105 cost=29
[HOP 2] ACK NeighborCheck to 1 seq=3
[MAC 2] Enqueue ACK dest=1 seq=3 window=0 ack_queue_size=2
[NWK 0] CheckNwkQueue: size=0
[NWK 2] CheckNwkQueue: size=0
[MAC 0] rtslot_counter expired for neighbor 1 reserveSlot=2
[MAC 2] rtslot_counter expired for neighbor 1 reserveSlot=2
[MAC 1] PickTxSlot(dest=0) active_nodes_for_slotting=3 opnet_slot_range=25
[MAC 1] avoiding neighbor 2 currentReservedSlot=6 rtslot_counter=6
[MAC 1] PickTxSlot(dest=0) avoid: 6
[MAC 1] PickTxSlot chose 2 using OPNET free-slot ordinal range [1,25]
[MAC 1] TX opportunity reached currentSlot=2 reserveNextSlot=2
... type=1 speedKey=128[t=27.7533] TX from node 1 to dest 0 seq 8 size 60 bytes segments 2 at slot 2 rate 128 kbps txPower 0 dBm (133333 bps) preamble SHORT duration 0.02322 s
[MAC 1] ACK transmitted in aggregate dest=0 seq=8 txCount=5/5
[MAC 1] ACK transmitted in aggregate dest=2 seq=2 txCount=2/5
[MAC 1] Remove ACK after OPNET resend limit dest=0 seq=8
[MAC 1] OPNET aggregate transmitted segments=2 ackSegments=2 dataSegments=0 bytes=60 rate=128
[t=27.7533] RX SYNC at node 0 from node 1 seq 8 power -2.12777 dBm noise -106.975 dBm snr 104.847 dB state=1
[t=27.7533] RX SYNC at node 2 from node 1 seq 8 power -2.12777 dBm noise -106.975 dBm snr 104.847 dB state=1
[t=27.7599] MAC 0 enters Track on node 1 seq 8 power -2.12777 dBm
[t=27.7599] MAC 2 enters Track on node 1 seq 8 power -2.12777 dBm
[MAC 1] resumes Pre-Tx with live slot=2 counter=2
[t=27.7765] RX at node 0 from node 1 seq 8 rate 128 kbps txPower 0 dBm preamble SHORT pathloss 2.12777 dB snr 104.847 dB (slot 2, len 60B, ackable=0)
[MAC 0] Learned neighbor 1 uses slot 2 (rtCounter=2)
[HOP 0] RX ACK from 1 seq=8
[HOP 0] Overheard frame from 1 for 2 type=1 ignored after neighbor update
[t=27.7765] RX at node 2 from node 1 seq 8 rate 128 kbps txPower 0 dBm preamble SHORT pathloss 2.12777 dB snr 104.847 dB (slot 2, len 60B, ackable=0)
[MAC 2] Learned neighbor 1 uses slot 2 (rtCounter=2)
[HOP 2] Overheard frame from 1 for 0 type=1 ignored after neighbor update
[HOP 2] RX ACK from 1 seq=2
[NWK 0] CheckNwkQueue: size=0
[NWK 2] CheckNwkQueue: size=0
[MAC 1] PickTxSlot(dest=2) active_nodes_for_slotting=3 opnet_slot_range=25
[MAC 1] avoiding neighbor 2 currentReservedSlot=3 rtslot_counter=3
[MAC 1] PickTxSlot(dest=2) avoid: 3
[MAC 1] PickTxSlot chose 1 using OPNET free-slot ordinal range [1,25]
[MAC 1] TX opportunity reached currentSlot=2 reserveNextSlot=1
... type=1 speedKey=128[t=27.8053] TX from node 1 to dest 2 seq 2 size 30 bytes segments 1 at slot 1 rate 128 kbps txPower 0 dBm (133333 bps) preamble SHORT duration 0.02142 s
[MAC 1] ACK transmitted in aggregate dest=2 seq=2 txCount=3/5
[MAC 1] OPNET aggregate transmitted segments=1 ackSegments=1 dataSegments=0 bytes=30 rate=128
[t=27.8053] RX SYNC at node 0 from node 1 seq 2 power -2.12777 dBm noise -106.975 dBm snr 104.847 dB state=1
[t=27.8053] RX SYNC at node 2 from node 1 seq 2 power -2.12777 dBm noise -106.975 dBm snr 104.847 dB state=1
[t=27.8119] MAC 0 enters Track on node 1 seq 2 power -2.12777 dBm
[t=27.8119] MAC 2 enters Track on node 1 seq 2 power -2.12777 dBm
[MAC 1] resumes Pre-Tx with live slot=1 counter=1
[t=27.8267] RX OVERHEARD at node 0 from node 1 seq 2 rate 128 kbps txPower 0 dBm preamble SHORT pathloss 2.12777 dB snr 104.847 dB (slot 1, len 30B, ackable=0)
[MAC 0] Learned neighbor 1 uses slot 1 (rtCounter=1)
[HOP 0] Overheard frame from 1 for 2 type=1 ignored after neighbor update
[t=27.8267] RX at node 2 from node 1 seq 2 rate 128 kbps txPower 0 dBm preamble SHORT pathloss 2.12777 dB snr 104.847 dB (slot 1, len 30B, ackable=0)
[MAC 2] Learned neighbor 1 uses slot 1 (rtCounter=1)
[HOP 2] RX ACK from 1 seq=2
[NWK 2] CheckNwkQueue: size=0
[MAC 1] PickTxSlot(dest=2) active_nodes_for_slotting=3 opnet_slot_range=25
[MAC 1] avoiding neighbor 2 currentReservedSlot=1 rtslot_counter=1
[MAC 1] PickTxSlot(dest=2) avoid: 1
[MAC 1] PickTxSlot chose 2 using OPNET free-slot ordinal range [1,25]
[MAC 1] TX opportunity reached currentSlot=1 reserveNextSlot=2
... type=1 speedKey=128[t=27.8443] TX from node 1 to dest 2 seq 2 size 30 bytes segments 1 at slot 2 rate 128 kbps txPower 0 dBm (133333 bps) preamble SHORT duration 0.02142 s
[MAC 1] ACK transmitted in aggregate dest=2 seq=2 txCount=4/5
[MAC 1] OPNET aggregate transmitted segments=1 ackSegments=1 dataSegments=0 bytes=30 rate=128
[t=27.8443] RX SYNC at node 0 from node 1 seq 2 power -2.12777 dBm noise -106.975 dBm snr 104.847 dB state=1
[t=27.8443] RX SYNC at node 2 from node 1 seq 2 power -2.12777 dBm noise -106.975 dBm snr 104.847 dB state=1
[t=27.8509] MAC 0 enters Track on node 1 seq 2 power -2.12777 dBm
[t=27.8509] MAC 2 enters Track on node 1 seq 2 power -2.12777 dBm
[MAC 1] resumes Pre-Tx with live slot=2 counter=2
[t=27.8657] RX OVERHEARD at node 0 from node 1 seq 2 rate 128 kbps txPower 0 dBm preamble SHORT pathloss 2.12777 dB snr 104.847 dB (slot 2, len 30B, ackable=0)
[MAC 0] Learned neighbor 1 uses slot 2 (rtCounter=2)
[HOP 0] Overheard frame from 1 for 2 type=1 ignored after neighbor update
[t=27.8657] RX at node 2 from node 1 seq 2 rate 128 kbps txPower 0 dBm preamble SHORT pathloss 2.12777 dB snr 104.847 dB (slot 2, len 30B, ackable=0)
[MAC 2] Learned neighbor 1 uses slot 2 (rtCounter=2)
[HOP 2] RX ACK from 1 seq=2
[NWK 2] CheckNwkQueue: size=0
[MAC 1] rtslot_counter expired for neighbor 2 reserveSlot=17
[MAC 1] PickTxSlot(dest=2) active_nodes_for_slotting=3 opnet_slot_range=25
[MAC 1] PickTxSlot(dest=2) avoid:
[MAC 1] PickTxSlot chose 1 using OPNET free-slot ordinal range [1,25]
[MAC 1] TX opportunity reached currentSlot=2 reserveNextSlot=1
... type=1 speedKey=128[t=27.8963] TX from node 1 to dest 2 seq 2 size 30 bytes segments 1 at slot 1 rate 128 kbps txPower 0 dBm (133333 bps) preamble SHORT duration 0.02142 s
[MAC 1] ACK transmitted in aggregate dest=2 seq=2 txCount=5/5
[MAC 1] Remove ACK after OPNET resend limit dest=2 seq=2
[MAC 1] OPNET aggregate transmitted segments=1 ackSegments=1 dataSegments=0 bytes=30 rate=128
[t=27.8963] RX SYNC at node 0 from node 1 seq 2 power -2.12777 dBm noise -106.975 dBm snr 104.847 dB state=1
[t=27.8963] RX SYNC at node 2 from node 1 seq 2 power -2.12777 dBm noise -106.975 dBm snr 104.847 dB state=1
[t=27.9029] MAC 0 enters Track on node 1 seq 2 power -2.12777 dBm
[t=27.9029] MAC 2 enters Track on node 1 seq 2 power -2.12777 dBm
[MAC 1] post-TX WAIT_FOR_ACK until 46.4177 (POST_TX_WAIT=18.5 s)
[t=27.9177] RX OVERHEARD at node 0 from node 1 seq 2 rate 128 kbps txPower 0 dBm preamble SHORT pathloss 2.12777 dB snr 104.847 dB (slot 1, len 30B, ackable=0)
[MAC 0] Learned neighbor 1 uses slot 1 (rtCounter=1)
[HOP 0] Overheard frame from 1 for 2 type=1 ignored after neighbor update
[t=27.9177] RX at node 2 from node 1 seq 2 rate 128 kbps txPower 0 dBm preamble SHORT pathloss 2.12777 dB snr 104.847 dB (slot 1, len 30B, ackable=0)
[MAC 2] Learned neighbor 1 uses slot 1 (rtCounter=1)
[HOP 2] RX ACK from 1 seq=2
[NWK 2] CheckNwkQueue: size=0
[MAC 1] local advertised reservation expired
[MAC 0] rtslot_counter expired for neighbor 1 reserveSlot=1
[MAC 2] rtslot_counter expired for neighbor 1 reserveSlot=1
[MAC 2] PickTxSlot(dest=1) active_nodes_for_slotting=2 opnet_slot_range=21
[MAC 2] PickTxSlot(dest=1) avoid:
[MAC 2] PickTxSlot chose 21 using OPNET free-slot ordinal range [1,21]
[MAC 2] TX opportunity reached currentSlot=17 reserveNextSlot=21
... type=1 speedKey=128[t=27.943] TX from node 2 to dest 1 seq 1 size 92 bytes segments 4 at slot 21 rate 128 kbps txPower 0 dBm (133333 bps) preamble SHORT duration 0.02514 s
[HOP 2] MAC sent confirmation dest=1 seq=3 transmission=1 sentAt=27.943
[HOP 2] MAC sent confirmation dest=1 seq=4 transmission=1 sentAt=27.943
[MAC 2] ACK transmitted in aggregate dest=1 seq=1 txCount=2/5
[MAC 2] ACK transmitted in aggregate dest=1 seq=3 txCount=1/5
[MAC 2] OPNET aggregate transmitted segments=4 ackSegments=2 dataSegments=2 bytes=92 rate=128
[t=27.943] RX SYNC at node 1 from node 2 seq 1 power -2.12777 dBm noise -106.975 dBm snr 104.847 dB state=1
[t=27.9496] MAC 1 enters Track on node 2 seq 1 power -2.12777 dBm
[MAC 2] resumes Pre-Tx with live slot=21 counter=21
[t=27.9681] RX at node 1 from node 2 seq 1 rate 128 kbps txPower 0 dBm preamble SHORT pathloss 2.12777 dB snr 104.847 dB (slot 21, len 92B, ackable=1)
[MAC 1] Learned neighbor 2 uses slot 21 (rtCounter=21)
[HOP 1] RX ACK from 2 seq=1
[HOP 1] RX ACK from 2 seq=3
[HOP 1] Reliable NeighborCheck completed with 2 seq=3 subtype=3 discoverySequence=0
[NWK 1] NeighborCheck success neighbor=2 subtype=Overheard discoverySequence=0 stale=0->0 numFailures=0->0
[NWK 1] ARL neighbor ACTIVE neighbor=2 reason=ACKed NeighborCheck keys=two-sided
[HOP 1] RX reliable NeighborCheck from 2 seq=3 firstReception=1
[MAC 1] active_nodes set to 3 for local slotting and post-TX wait
[NWK 1] active_nodes=3 pushed to MAC
[NWK 1] Updated HELLO neighbor=2 hopSrc=2 speedKey=8 activeNodes=0 pathloss=2.12777 snr=104.847
[NWK 1] link_calc neighbor=2 s0=-105 pathloss=2.12777 numFailures=0 speed=128 txPower=0 estDistance=75 speedMargin=120.872 totalMargin=132.872 costMode=local-only cost=29
[NWK 1] Added route candidate dst=2 nextHop=2 hops=1 cost=29 linkCost=29 advCost=0 learnedFrom=2 selectionDeferred=0 selected=1
[NWK 1] Updated selected-route preference dst=2 preferredNextHop=2
[NWK 1] Selected route changed dst=2 reason=candidate update pendingDestinations=1
[NWK 1] ARL route message from 2 type=NeighborCheck advCount=0
[NWK 1] ProcessNeighborCheck from 2 subtype=Discovery pathloss=2.12777 snr=104.847 linkCost=29 advCount=0
[NWK 1] Discovery response from neighbor=2 responseSequence=1 localDiscoverySequence=1
[NWK 1] Discovery response accepted neighbor=2 verified=0->1 sequence=1 reportedActiveNodes=0
[NWK 1] Routes: dst=0->nh=0(hops=1,cost=29,linkCost=29,advCost=0,from=0,imm=1,pl=2.12777,valid=1,path=[0]) dst=2->nh=2(hops=1,cost=29,linkCost=29,advCost=0,from=2,imm=1,pl=2.12777,valid=1,path=[2])
[HOP 1] link_control dest=2 neighborKnown=1 s0=-105 pathloss=2.12777 failures=0 speed=128 txPower=0 rxPower=-105 cost=29
[HOP 1] ACK NeighborCheck to 2 seq=3
[MAC 1] Enqueue ACK dest=2 seq=3 window=0 ack_queue_size=1
[HOP 1] RX reliable NeighborCheck from 2 seq=4 firstReception=1
[MAC 1] active_nodes set to 3 for local slotting and post-TX wait
[NWK 1] active_nodes=3 pushed to MAC
[NWK 1] Updated HELLO neighbor=2 hopSrc=2 speedKey=8 activeNodes=2 pathloss=2.12777 snr=104.847
[NWK 1] link_calc neighbor=2 s0=-105 pathloss=2.12777 numFailures=0 speed=128 txPower=0 estDistance=75 speedMargin=120.872 totalMargin=132.872 costMode=local-only cost=29
[NWK 1] Updated route candidate dst=2 nextHop=2 hops=1 oldCost=29 newCost=29 valid=1->1 selectionDeferred=0 selected=1
[NWK 1] ARL route message from 2 type=NeighborCheck advCount=0
[NWK 1] ProcessNeighborCheck from 2 subtype=Overheard pathloss=2.12777 snr=104.847 linkCost=29 advCount=0
[NWK 1] NeighborCheck Overheard received from 2
[NWK 1] Routes: dst=0->nh=0(hops=1,cost=29,linkCost=29,advCost=0,from=0,imm=1,pl=2.12777,valid=1,path=[0]) dst=2->nh=2(hops=1,cost=29,linkCost=29,advCost=0,from=2,imm=1,pl=2.12777,valid=1,path=[2])
[HOP 1] link_control dest=2 neighborKnown=1 s0=-105 pathloss=2.12777 failures=0 speed=128 txPower=0 rxPower=-105 cost=29
[HOP 1] ACK NeighborCheck to 2 seq=4
[MAC 1] Enqueue ACK dest=2 seq=4 window=0 ack_queue_size=2
[MAC 1] PickTxSlot(dest=2) active_nodes_for_slotting=3 opnet_slot_range=25
[MAC 1] avoiding neighbor 2 currentReservedSlot=21 rtslot_counter=21
[MAC 1] PickTxSlot(dest=2) avoid: 21
[MAC 1] PickTxSlot chose 5 using OPNET free-slot ordinal range [1,25]
[MAC 1] starts Pre-Tx with new slot=5 holdoff_over=1
[NWK 1] Built ARL routing byte stream routingSequence=3 records=4 advertisedRoutes=2 recordBytes=43 sections=1 maxSectionBytes=700
[NWK 1] Starting reliable ARL RoutingSnapshot neighbor=2 routingSequence=3 sections=1
[NWK 1] Sending ARL RoutingSnapshot section=0/1 neighbor=2 routingSequence=3
[HOP 1] link_control dest=2 neighborKnown=1 s0=-105 pathloss=2.12777 failures=0 speed=128 txPower=0 rxPower=-105 cost=29
[HOP 1] TX reliable RoutingControl targets=2:4
[MAC] Enqueue TX pkt dscp=7 insert_pos=0 queue_size_before=0
[NWK 1] Armed RoutingSnapshot watchdog neighbor=2 phase=awaiting-independent-section-acks generation=1 timeoutSec=20
[NWK 1] routesProcess grouped selected-route changes count=1 infoChanged=0 time=27.9681
[NWK 1] Best route dst=2 nextHop=2 cost=29 hops=1 learnedFrom=2 candidates=1 validCandidates=1
[NWK 1] Sending source-exact grouped route changes routingSequence=4 infoChanged=0 destinations=1 neighbors=2 groups=1 sections=1
[NWK 1] Retained grouped routing-control owner routingSequence=4 operation=Update section=0/1 destinations=2 owners=1
[HOP 1] link_control dest=2 neighborKnown=1 s0=-105 pathloss=2.12777 failures=0 speed=128 txPower=0 rxPower=-105 cost=29
[HOP 1] link_control dest=0 neighborKnown=1 s0=-105 pathloss=2.12777 failures=0 speed=128 txPower=0 rxPower=-105 cost=29
[HOP 1] TX reliable RoutingControl targets=2:5,0:8
[MAC] Enqueue TX pkt dscp=7 insert_pos=1 queue_size_before=1
[NWK 1] CheckNwkQueue: size=0
[MAC 1] PickTxSlot(dest=2) active_nodes_for_slotting=3 opnet_slot_range=25
[MAC 1] avoiding neighbor 2 currentReservedSlot=15 rtslot_counter=15
[MAC 1] PickTxSlot(dest=2) avoid: 15
[MAC 1] PickTxSlot chose 14 using OPNET free-slot ordinal range [1,25]
[MAC 1] TX opportunity reached currentSlot=5 reserveNextSlot=14
... type=1 speedKey=128[t=28.0393] TX from node 1 to dest 2 seq 3 size 151 bytes segments 4 at slot 14 rate 128 kbps txPower 0 dBm (133333 bps) preamble SHORT duration 0.02868 s
[HOP 1] MAC sent confirmation dest=2 seq=4 transmission=1 sentAt=28.0393
[HOP 1] MAC sent confirmation dest=2 seq=5 transmission=1 sentAt=28.0393
[MAC 1] ACK transmitted in aggregate dest=2 seq=3 txCount=1/5
[MAC 1] ACK transmitted in aggregate dest=2 seq=4 txCount=1/5
[MAC 1] OPNET aggregate transmitted segments=4 ackSegments=2 dataSegments=2 bytes=151 rate=128
[t=28.0393] RX SYNC at node 0 from node 1 seq 3 power -2.12777 dBm noise -106.975 dBm snr 104.847 dB state=1
[t=28.0393] RX SYNC at node 2 from node 1 seq 3 power -2.12777 dBm noise -106.975 dBm snr 104.847 dB state=1
[t=28.0459] MAC 0 enters Track on node 1 seq 3 power -2.12777 dBm
[t=28.0459] MAC 2 enters Track on node 1 seq 3 power -2.12777 dBm
[MAC 1] resumes Pre-Tx with live slot=14 counter=14
[t=28.068] RX at node 0 from node 1 seq 3 rate 128 kbps txPower 0 dBm preamble SHORT pathloss 2.12777 dB snr 104.847 dB (slot 14, len 151B, ackable=1)
[MAC 0] Learned neighbor 1 uses slot 14 (rtCounter=14)
[HOP 0] Overheard frame from 1 for 2 type=1 ignored after neighbor update
[HOP 0] Overheard frame from 1 for 2 type=1 ignored after neighbor update
[HOP 0] RX reliable RoutingControl from 1 seq=8 firstReception=1
[MAC 0] active_nodes set to 2 for local slotting and post-TX wait
[NWK 0] active_nodes=2 pushed to MAC
[MAC 0] max_reported_active_nodes updated to 3
[NWK 0] Updated HELLO neighbor=1 hopSrc=1 speedKey=8 activeNodes=3 pathloss=2.12777 snr=104.847
[NWK 0] link_calc neighbor=1 s0=-105 pathloss=2.12777 numFailures=0 speed=128 txPower=0 estDistance=75 speedMargin=120.872 totalMargin=132.872 costMode=local-only cost=29
[NWK 0] Updated route candidate dst=1 nextHop=1 hops=1 oldCost=29 newCost=29 valid=1->1 selectionDeferred=0 selected=1
[NWK 0] ARL route message from 1 type=RoutingUpdate advCount=0
[NWK 0] Buffered ARL routing section from=1 routingSequence=4 section=0/1 buffered=1
[NWK 0] Reassembled complete ARL routing message from=1 routingSequence=4 sections=1 recordBytes=4 records=1
[NWK 0] Applied ARL DELETE from=1 dst=2 routingSequence=4
[NWK 0] Routes: dst=1->nh=1(hops=1,cost=29,linkCost=29,advCost=0,from=1,imm=1,pl=2.12777,valid=1,path=[1]) dst=2->nh=1(hops=0,cost=0,linkCost=0,advCost=0,from=1,imm=0,pl=nan,valid=0,path=[])
[HOP 0] link_control dest=1 neighborKnown=1 s0=-105 pathloss=2.12777 failures=0 speed=128 txPower=0 rxPower=-105 cost=29
[HOP 0] ACK RoutingControl to 1 seq=8
[MAC 0] Enqueue ACK dest=1 seq=8 window=0 ack_queue_size=1
[MAC 0] PickTxSlot(dest=1) active_nodes_for_slotting=3 opnet_slot_range=25
[MAC 0] avoiding neighbor 1 currentReservedSlot=14 rtslot_counter=14
[MAC 0] PickTxSlot(dest=1) avoid: 14
[MAC 0] PickTxSlot chose 3 using OPNET free-slot ordinal range [1,25]
[MAC 0] starts Pre-Tx with new slot=3 holdoff_over=1
[t=28.068] RX at node 2 from node 1 seq 3 rate 128 kbps txPower 0 dBm preamble SHORT pathloss 2.12777 dB snr 104.847 dB (slot 14, len 151B, ackable=1)
[MAC 2] Learned neighbor 1 uses slot 14 (rtCounter=14)
[HOP 2] RX ACK from 1 seq=3
[HOP 2] Reliable NeighborCheck completed with 1 seq=3 subtype=0 discoverySequence=1
[NWK 2] NeighborCheck success neighbor=1 subtype=Discovery discoverySequence=1 stale=0->0 numFailures=0->0
[NWK 2] recompute hop-cost neighbor=1 failures=0 costMode=local-only newLinkCost=29
[NWK 2] Recomputed route after link change dst=1 nextHop=1 oldCost=29 newCost=29 linkCost=29 advertisedCost=0 numFailures=0
[NWK 2] ARL neighbor ACTIVE neighbor=1 reason=ACKed NeighborCheck keys=two-sided
[NWK 2] Updated selected-route preference dst=1 preferredNextHop=1
[NWK 2] Selected route changed dst=1 reason=neighbor admitted pendingDestinations=1
[HOP 2] RX ACK from 1 seq=4
[HOP 2] Reliable NeighborCheck completed with 1 seq=4 subtype=3 discoverySequence=0
[NWK 2] NeighborCheck success neighbor=1 subtype=Overheard discoverySequence=0 stale=0->0 numFailures=0->0
[NWK 2] recompute hop-cost neighbor=1 failures=0 costMode=local-only newLinkCost=29
[NWK 2] Recomputed route after link change dst=1 nextHop=1 oldCost=29 newCost=29 linkCost=29 advertisedCost=0 numFailures=0
[HOP 2] RX reliable RoutingControl from 1 seq=4 firstReception=1
[MAC 2] active_nodes set to 2 for local slotting and post-TX wait
[NWK 2] active_nodes=2 pushed to MAC
[MAC 2] max_reported_active_nodes updated to 3
[NWK 2] Updated HELLO neighbor=1 hopSrc=1 speedKey=8 activeNodes=3 pathloss=2.12777 snr=104.847
[NWK 2] link_calc neighbor=1 s0=-105 pathloss=2.12777 numFailures=0 speed=128 txPower=0 estDistance=75 speedMargin=120.872 totalMargin=132.872 costMode=local-only cost=29
[NWK 2] Updated route candidate dst=1 nextHop=1 hops=1 oldCost=29 newCost=29 valid=1->1 selectionDeferred=0 selected=1
[NWK 2] ARL route message from 1 type=RoutingUpdate advCount=0
[NWK 2] Buffered ARL routing section from=1 routingSequence=3 section=0/1 buffered=1
[NWK 2] Reassembled complete ARL routing message from=1 routingSequence=3 sections=1 recordBytes=43 records=4
[NWK 2] Applied ARL INFO from=1 routingSequence=3
[NWK 2] Updated selected-route preference dst=1 preferredNextHop=1
[NWK 2] Selected route changed dst=1 reason=ARL self UPDATE pendingDestinations=1
[NWK 2] Applied source-owned neighbor capability neighbor=1 capability=1 routingSequence=3 directCost=29
[NWK 2] Added route candidate dst=0 nextHop=1 hops=2 cost=58 linkCost=29 advCost=29 learnedFrom=1 selectionDeferred=0 selected=1
[NWK 2] Updated selected-route preference dst=0 preferredNextHop=1
[NWK 2] Selected route changed dst=0 reason=candidate update pendingDestinations=2
[NWK 2] Applied ARL UPDATE from=1 dst=0 advertisedHops=1 advertisedCost=29 routingSequence=3
[NWK 2] Applied ARL FLUSH from=1 routingSequence=3 routesInvalidated=0
[NWK 2] Routes: dst=1->nh=1(hops=1,cost=29,linkCost=29,advCost=0,from=1,imm=1,pl=2.12777,valid=1,path=[1]) dst=0->nh=1(hops=2,cost=58,linkCost=29,advCost=29,from=1,imm=0,pl=2.12777,valid=1,path=[1->0])
[HOP 2] link_control dest=1 neighborKnown=1 s0=-105 pathloss=2.12777 failures=0 speed=128 txPower=0 rxPower=-105 cost=29
[HOP 2] ACK RoutingControl to 1 seq=4
[MAC 2] Enqueue ACK dest=1 seq=4 window=0 ack_queue_size=3
[HOP 2] RX reliable RoutingControl from 1 seq=5 firstReception=1
[MAC 2] active_nodes set to 2 for local slotting and post-TX wait
[NWK 2] active_nodes=2 pushed to MAC
[NWK 2] Updated HELLO neighbor=1 hopSrc=1 speedKey=8 activeNodes=3 pathloss=2.12777 snr=104.847
[NWK 2] link_calc neighbor=1 s0=-105 pathloss=2.12777 numFailures=0 speed=128 txPower=0 estDistance=75 speedMargin=120.872 totalMargin=132.872 costMode=local-only cost=29
[NWK 2] Updated route candidate dst=1 nextHop=1 hops=1 oldCost=29 newCost=29 valid=1->1 selectionDeferred=0 selected=1
[NWK 2] ARL route message from 1 type=RoutingUpdate advCount=0
[NWK 2] Buffered ARL routing section from=1 routingSequence=4 section=0/1 buffered=1
[NWK 2] Reassembled complete ARL routing message from=1 routingSequence=4 sections=1 recordBytes=4 records=1
[NWK 2] Routes: dst=1->nh=1(hops=1,cost=29,linkCost=29,advCost=0,from=1,imm=1,pl=2.12777,valid=1,path=[1]) dst=0->nh=1(hops=2,cost=58,linkCost=29,advCost=29,from=1,imm=0,pl=2.12777,valid=1,path=[1->0])
[HOP 2] link_control dest=1 neighborKnown=1 s0=-105 pathloss=2.12777 failures=0 speed=128 txPower=0 rxPower=-105 cost=29
[HOP 2] ACK RoutingControl to 1 seq=5
[MAC 2] Enqueue ACK dest=1 seq=5 window=0 ack_queue_size=4
[NWK 2] Built ARL routing byte stream routingSequence=0 records=3 advertisedRoutes=1 recordBytes=29 sections=1 maxSectionBytes=700
[NWK 2] Starting reliable ARL RoutingSnapshot neighbor=1 routingSequence=0 sections=1
[NWK 2] Sending ARL RoutingSnapshot section=0/1 neighbor=1 routingSequence=0
[HOP 2] link_control dest=1 neighborKnown=1 s0=-105 pathloss=2.12777 failures=0 speed=128 txPower=0 rxPower=-105 cost=29
[HOP 2] TX reliable RoutingControl targets=1:5
[MAC] Enqueue TX pkt dscp=7 insert_pos=0 queue_size_before=0
[NWK 2] Armed RoutingSnapshot watchdog neighbor=1 phase=awaiting-independent-section-acks generation=1 timeoutSec=20
[NWK 2] routesProcess grouped selected-route changes count=2 infoChanged=0 time=28.068
[NWK 2] Best route dst=0 nextHop=1 cost=58 hops=2 learnedFrom=1 candidates=1 validCandidates=1
[NWK 2] Best route dst=1 nextHop=1 cost=29 hops=1 learnedFrom=1 candidates=1 validCandidates=1
[NWK 2] Sending source-exact grouped route changes routingSequence=1 infoChanged=0 destinations=2 neighbors=1 groups=1 sections=1
[NWK 2] Retained grouped routing-control owner routingSequence=1 operation=Update section=0/1 destinations=1 owners=1
[HOP 2] link_control dest=1 neighborKnown=1 s0=-105 pathloss=2.12777 failures=0 speed=128 txPower=0 rxPower=-105 cost=29
[HOP 2] TX reliable RoutingControl targets=1:6
[MAC] Enqueue TX pkt dscp=7 insert_pos=1 queue_size_before=1
[NWK 2] CheckNwkQueue: size=0
[MAC 0] PickTxSlot(dest=1) active_nodes_for_slotting=3 opnet_slot_range=25
[MAC 0] avoiding neighbor 1 currentReservedSlot=10 rtslot_counter=10
[MAC 0] PickTxSlot(dest=1) avoid: 10
[MAC 0] PickTxSlot chose 24 using OPNET free-slot ordinal range [1,25]
[MAC 0] TX opportunity reached currentSlot=3 reserveNextSlot=24
... type=1 speedKey=128[t=28.109] TX from node 0 to dest 1 seq 8 size 30 bytes segments 1 at slot 24 rate 128 kbps txPower 0 dBm (133333 bps) preamble SHORT duration 0.02142 s
[MAC 0] ACK transmitted in aggregate dest=1 seq=8 txCount=1/5
[MAC 0] OPNET aggregate transmitted segments=1 ackSegments=1 dataSegments=0 bytes=30 rate=128
[t=28.109] RX SYNC at node 1 from node 0 seq 8 power -2.12777 dBm noise -106.975 dBm snr 104.847 dB state=1
[t=28.1156] MAC 1 enters Track on node 0 seq 8 power -2.12777 dBm
[MAC 0] resumes Pre-Tx with live slot=24 counter=24
[t=28.1304] RX at node 1 from node 0 seq 8 rate 128 kbps txPower 0 dBm preamble SHORT pathloss 2.12777 dB snr 104.847 dB (slot 24, len 30B, ackable=0)
[MAC 1] Learned neighbor 0 uses slot 24 (rtCounter=24)
[HOP 1] RX ACK from 0 seq=8
[HOP 1] Reliable RoutingControl ACK progress with 0 seq=8 routingSequence=4 section=0/1
[NWK 1] Reliable RoutingControl ACKed neighbor=0 routingSequence=4 operation=Update section=0/1 lastOfInfo=0
[NWK 1] Updated grouped routing-control residual ACKed=0 removed=1 lastOfInfo=0 remaining=1
[HOP 1] RoutingControl partial ACK neighbor=0 seq=8 resendEntryRetained=1
[NWK 1] CheckNwkQueue: size=0
[MAC 2] rtslot_counter expired for neighbor 1 reserveSlot=14
[MAC 0] rtslot_counter expired for neighbor 1 reserveSlot=14
[MAC 2] PickTxSlot(dest=1) active_nodes_for_slotting=3 opnet_slot_range=25
[MAC 2] PickTxSlot(dest=1) avoid:
[MAC 2] PickTxSlot chose 19 using OPNET free-slot ordinal range [1,25]
[MAC 2] TX opportunity reached currentSlot=21 reserveNextSlot=19
... type=1 speedKey=128[t=28.268] TX from node 2 to dest 1 seq 1 size 224 bytes segments 6 at slot 19 rate 128 kbps txPower 0 dBm (133333 bps) preamble SHORT duration 0.03306 s
[HOP 2] MAC sent confirmation dest=1 seq=5 transmission=1 sentAt=28.268
[HOP 2] MAC sent confirmation dest=1 seq=6 transmission=1 sentAt=28.268
[MAC 2] ACK transmitted in aggregate dest=1 seq=1 txCount=3/5
[MAC 2] ACK transmitted in aggregate dest=1 seq=3 txCount=2/5
[MAC 2] ACK transmitted in aggregate dest=1 seq=4 txCount=1/5
[MAC 2] ACK transmitted in aggregate dest=1 seq=5 txCount=1/5
[MAC 2] OPNET aggregate transmitted segments=6 ackSegments=4 dataSegments=2 bytes=224 rate=128
[t=28.268] RX SYNC at node 1 from node 2 seq 1 power -2.12777 dBm noise -106.975 dBm snr 104.847 dB state=1
[t=28.2746] MAC 1 enters Track on node 2 seq 1 power -2.12777 dBm
[MAC 2] resumes Pre-Tx with live slot=19 counter=19
[t=28.3011] RX at node 1 from node 2 seq 1 rate 128 kbps txPower 0 dBm preamble SHORT pathloss 2.12777 dB snr 104.847 dB (slot 19, len 224B, ackable=1)
[MAC 1] Learned neighbor 2 uses slot 19 (rtCounter=19)
[HOP 1] RX ACK from 2 seq=1
[HOP 1] RX ACK from 2 seq=3
[HOP 1] RX ACK from 2 seq=4
[HOP 1] Reliable RoutingControl completed with 2 seq=4 routingSequence=3 section=0/1
[NWK 1] Reliable RoutingControl ACKed neighbor=2 routingSequence=3 operation=Update section=0/1 lastOfInfo=1
[NWK 1] ARL RoutingSnapshot section ACKed neighbor=2 routingSequence=3 section=0/1 ackedSections=1
[NWK 1] Reliable ARL RoutingSnapshot completed neighbor=2 routingSequence=3 sections=1
[HOP 1] RX ACK from 2 seq=5
[HOP 1] Reliable RoutingControl completed with 2 seq=5 routingSequence=4 section=0/1
[NWK 1] Reliable RoutingControl ACKed neighbor=2 routingSequence=4 operation=Update section=0/1 lastOfInfo=1
[NWK 1] Updated grouped routing-control residual ACKed=2 removed=1 lastOfInfo=1 remaining=0
[NWK 1] Released completed grouped routing-control owner routingSequence=4 section=0
[HOP 1] RX reliable RoutingControl from 2 seq=5 firstReception=1
[MAC 1] active_nodes set to 3 for local slotting and post-TX wait
[NWK 1] active_nodes=3 pushed to MAC
[NWK 1] Updated HELLO neighbor=2 hopSrc=2 speedKey=8 activeNodes=2 pathloss=2.12777 snr=104.847
[NWK 1] link_calc neighbor=2 s0=-105 pathloss=2.12777 numFailures=0 speed=128 txPower=0 estDistance=75 speedMargin=120.872 totalMargin=132.872 costMode=local-only cost=29
[NWK 1] Updated route candidate dst=2 nextHop=2 hops=1 oldCost=29 newCost=29 valid=1->1 selectionDeferred=0 selected=1
[NWK 1] ARL route message from 2 type=RoutingUpdate advCount=0
[NWK 1] Buffered ARL routing section from=2 routingSequence=0 section=0/1 buffered=1
[NWK 1] Reassembled complete ARL routing message from=2 routingSequence=0 sections=1 recordBytes=29 records=3
[NWK 1] Applied ARL INFO from=2 routingSequence=0
[NWK 1] Updated selected-route preference dst=2 preferredNextHop=2
[NWK 1] Selected route changed dst=2 reason=ARL self UPDATE pendingDestinations=1
[NWK 1] Applied source-owned neighbor capability neighbor=2 capability=1 routingSequence=0 directCost=29
[NWK 1] Applied ARL FLUSH from=2 routingSequence=0 routesInvalidated=0
[NWK 1] Routes: dst=0->nh=0(hops=1,cost=29,linkCost=29,advCost=0,from=0,imm=1,pl=2.12777,valid=1,path=[0]) dst=2->nh=2(hops=1,cost=29,linkCost=29,advCost=0,from=2,imm=1,pl=2.12777,valid=1,path=[2])
[HOP 1] link_control dest=2 neighborKnown=1 s0=-105 pathloss=2.12777 failures=0 speed=128 txPower=0 rxPower=-105 cost=29
[HOP 1] ACK RoutingControl to 2 seq=5
[MAC 1] Enqueue ACK dest=2 seq=5 window=0 ack_queue_size=3
[HOP 1] RX reliable RoutingControl from 2 seq=6 firstReception=1
[MAC 1] active_nodes set to 3 for local slotting and post-TX wait
[NWK 1] active_nodes=3 pushed to MAC
[NWK 1] Updated HELLO neighbor=2 hopSrc=2 speedKey=8 activeNodes=2 pathloss=2.12777 snr=104.847
[NWK 1] link_calc neighbor=2 s0=-105 pathloss=2.12777 numFailures=0 speed=128 txPower=0 estDistance=75 speedMargin=120.872 totalMargin=132.872 costMode=local-only cost=29
[NWK 1] Updated route candidate dst=2 nextHop=2 hops=1 oldCost=29 newCost=29 valid=1->1 selectionDeferred=0 selected=1
[NWK 1] ARL route message from 2 type=RoutingUpdate advCount=0
[NWK 1] Buffered ARL routing section from=2 routingSequence=1 section=0/1 buffered=1
[NWK 1] Reassembled complete ARL routing message from=2 routingSequence=1 sections=1 recordBytes=31 records=2
[NWK 1] Ignoring unsupported ARL UPDATE node node24=1 from=2
[NWK 1] Routes: dst=0->nh=0(hops=1,cost=29,linkCost=29,advCost=0,from=0,imm=1,pl=2.12777,valid=1,path=[0]) dst=2->nh=2(hops=1,cost=29,linkCost=29,advCost=0,from=2,imm=1,pl=2.12777,valid=1,path=[2]) dst=0->nh=2(hops=3,cost=0,linkCost=0,advCost=58,from=2,imm=0,pl=nan,valid=0,path=[1->0])
[HOP 1] link_control dest=2 neighborKnown=1 s0=-105 pathloss=2.12777 failures=0 speed=128 txPower=0 rxPower=-105 cost=29
[HOP 1] ACK RoutingControl to 2 seq=6
[MAC 1] Enqueue ACK dest=2 seq=6 window=0 ack_queue_size=4
[NWK 1] routesProcess grouped selected-route changes count=1 infoChanged=0 time=28.3011
[NWK 1] Best route dst=2 nextHop=2 cost=29 hops=1 learnedFrom=2 candidates=1 validCandidates=1
[NWK 1] Sending source-exact grouped route changes routingSequence=5 infoChanged=0 destinations=1 neighbors=2 groups=1 sections=1
[NWK 1] Retained grouped routing-control owner routingSequence=5 operation=Update section=0/1 destinations=2 owners=1
[HOP 1] link_control dest=2 neighborKnown=1 s0=-105 pathloss=2.12777 failures=0 speed=128 txPower=0 rxPower=-105 cost=29
[HOP 1] link_control dest=0 neighborKnown=1 s0=-105 pathloss=2.12777 failures=0 speed=128 txPower=0 rxPower=-105 cost=29
[HOP 1] TX reliable RoutingControl targets=2:6,0:9
[MAC] Enqueue TX pkt dscp=7 insert_pos=0 queue_size_before=0
[NWK 1] CheckNwkQueue: size=0
[MAC 1] PickTxSlot(dest=2) active_nodes_for_slotting=3 opnet_slot_range=25
[MAC 1] avoiding neighbor 0 currentReservedSlot=12 rtslot_counter=12
[MAC 1] avoiding neighbor 2 currentReservedSlot=17 rtslot_counter=17
[MAC 1] PickTxSlot(dest=2) avoid: 12 17
[MAC 1] PickTxSlot chose 16 using OPNET free-slot ordinal range [1,25]
[MAC 1] TX opportunity reached currentSlot=14 reserveNextSlot=16
... type=1 speedKey=128[t=28.3253] TX from node 1 to dest 2 seq 3 size 156 bytes segments 5 at slot 16 rate 128 kbps txPower 0 dBm (133333 bps) preamble SHORT duration 0.02898 s
[HOP 1] MAC sent confirmation dest=2 seq=6 transmission=1 sentAt=28.3253
[MAC 1] ACK transmitted in aggregate dest=2 seq=3 txCount=2/5
[MAC 1] ACK transmitted in aggregate dest=2 seq=4 txCount=2/5
[MAC 1] ACK transmitted in aggregate dest=2 seq=5 txCount=1/5
[MAC 1] ACK transmitted in aggregate dest=2 seq=6 txCount=1/5
[MAC 1] OPNET aggregate transmitted segments=5 ackSegments=4 dataSegments=1 bytes=156 rate=128
[t=28.3253] RX SYNC at node 0 from node 1 seq 3 power -2.12777 dBm noise -106.975 dBm snr 104.847 dB state=1
[t=28.3253] RX SYNC at node 2 from node 1 seq 3 power -2.12777 dBm noise -106.975 dBm snr 104.847 dB state=1
[t=28.3319] MAC 0 enters Track on node 1 seq 3 power -2.12777 dBm
[t=28.3319] MAC 2 enters Track on node 1 seq 3 power -2.12777 dBm
[MAC 1] resumes Pre-Tx with live slot=16 counter=16
[t=28.3543] RX at node 0 from node 1 seq 3 rate 128 kbps txPower 0 dBm preamble SHORT pathloss 2.12777 dB snr 104.847 dB (slot 16, len 156B, ackable=1)
[MAC 0] Learned neighbor 1 uses slot 16 (rtCounter=16)
[HOP 0] Overheard frame from 1 for 2 type=1 ignored after neighbor update
[HOP 0] Overheard frame from 1 for 2 type=1 ignored after neighbor update
[HOP 0] Overheard frame from 1 for 2 type=1 ignored after neighbor update
[HOP 0] Overheard frame from 1 for 2 type=1 ignored after neighbor update
[HOP 0] RX reliable RoutingControl from 1 seq=9 firstReception=1
[MAC 0] active_nodes set to 2 for local slotting and post-TX wait
[NWK 0] active_nodes=2 pushed to MAC
[NWK 0] Updated HELLO neighbor=1 hopSrc=1 speedKey=8 activeNodes=3 pathloss=2.12777 snr=104.847
[NWK 0] link_calc neighbor=1 s0=-105 pathloss=2.12777 numFailures=0 speed=128 txPower=0 estDistance=75 speedMargin=120.872 totalMargin=132.872 costMode=local-only cost=29
[NWK 0] Updated route candidate dst=1 nextHop=1 hops=1 oldCost=29 newCost=29 valid=1->1 selectionDeferred=0 selected=1
[NWK 0] ARL route message from 1 type=RoutingUpdate advCount=0
[NWK 0] Buffered ARL routing section from=1 routingSequence=5 section=0/1 buffered=1
[NWK 0] Reassembled complete ARL routing message from=1 routingSequence=5 sections=1 recordBytes=14 records=1
[NWK 0] Updated route candidate dst=2 nextHop=1 hops=2 oldCost=0 newCost=58 valid=0->1 selectionDeferred=0 selected=1
[NWK 0] Updated selected-route preference dst=2 preferredNextHop=1
[NWK 0] Selected route changed dst=2 reason=candidate update pendingDestinations=1
[NWK 0] Applied ARL UPDATE from=1 dst=2 advertisedHops=1 advertisedCost=29 routingSequence=5
[NWK 0] Routes: dst=1->nh=1(hops=1,cost=29,linkCost=29,advCost=0,from=1,imm=1,pl=2.12777,valid=1,path=[1]) dst=2->nh=1(hops=2,cost=58,linkCost=29,advCost=29,from=1,imm=0,pl=2.12777,valid=1,path=[1->2])
[HOP 0] link_control dest=1 neighborKnown=1 s0=-105 pathloss=2.12777 failures=0 speed=128 txPower=0 rxPower=-105 cost=29
[HOP 0] ACK RoutingControl to 1 seq=9
[MAC 0] Enqueue ACK dest=1 seq=9 window=0 ack_queue_size=2
[t=28.3543] RX at node 2 from node 1 seq 3 rate 128 kbps txPower 0 dBm preamble SHORT pathloss 2.12777 dB snr 104.847 dB (slot 16, len 156B, ackable=1)
[MAC 2] Learned neighbor 1 uses slot 16 (rtCounter=16)
[HOP 2] RX ACK from 1 seq=3
[HOP 2] RX ACK from 1 seq=4
[HOP 2] RX ACK from 1 seq=5
[HOP 2] Reliable RoutingControl completed with 1 seq=5 routingSequence=0 section=0/1
[NWK 2] Reliable RoutingControl ACKed neighbor=1 routingSequence=0 operation=Update section=0/1 lastOfInfo=1
[NWK 2] ARL RoutingSnapshot section ACKed neighbor=1 routingSequence=0 section=0/1 ackedSections=1
[NWK 2] Reliable ARL RoutingSnapshot completed neighbor=1 routingSequence=0 sections=1
[HOP 2] RX ACK from 1 seq=6
[HOP 2] Reliable RoutingControl completed with 1 seq=6 routingSequence=1 section=0/1
[NWK 2] Reliable RoutingControl ACKed neighbor=1 routingSequence=1 operation=Update section=0/1 lastOfInfo=1
[NWK 2] Updated grouped routing-control residual ACKed=1 removed=1 lastOfInfo=1 remaining=0
[NWK 2] Released completed grouped routing-control owner routingSequence=1 section=0
[HOP 2] RX reliable RoutingControl from 1 seq=6 firstReception=1
[MAC 2] active_nodes set to 2 for local slotting and post-TX wait
[NWK 2] active_nodes=2 pushed to MAC
[NWK 2] Updated HELLO neighbor=1 hopSrc=1 speedKey=8 activeNodes=3 pathloss=2.12777 snr=104.847
[NWK 2] link_calc neighbor=1 s0=-105 pathloss=2.12777 numFailures=0 speed=128 txPower=0 estDistance=75 speedMargin=120.872 totalMargin=132.872 costMode=local-only cost=29
[NWK 2] Updated route candidate dst=1 nextHop=1 hops=1 oldCost=29 newCost=29 valid=1->1 selectionDeferred=0 selected=1
[NWK 2] ARL route message from 1 type=RoutingUpdate advCount=0
[NWK 2] Buffered ARL routing section from=1 routingSequence=5 section=0/1 buffered=1
[NWK 2] Reassembled complete ARL routing message from=1 routingSequence=5 sections=1 recordBytes=14 records=1
[NWK 2] Ignoring unsupported ARL UPDATE node node24=2 from=1
[NWK 2] Routes: dst=1->nh=1(hops=1,cost=29,linkCost=29,advCost=0,from=1,imm=1,pl=2.12777,valid=1,path=[1]) dst=0->nh=1(hops=2,cost=58,linkCost=29,advCost=29,from=1,imm=0,pl=2.12777,valid=1,path=[1->0])
[HOP 2] link_control dest=1 neighborKnown=1 s0=-105 pathloss=2.12777 failures=0 speed=128 txPower=0 rxPower=-105 cost=29
[HOP 2] ACK RoutingControl to 1 seq=6
[MAC 2] Enqueue ACK dest=1 seq=6 window=0 ack_queue_size=5
[NWK 0] routesProcess grouped selected-route changes count=1 infoChanged=0 time=28.3543
[NWK 0] Best route dst=2 nextHop=1 cost=58 hops=2 learnedFrom=1 candidates=1 validCandidates=1
[NWK 0] Sending source-exact grouped route changes routingSequence=4 infoChanged=0 destinations=1 neighbors=1 groups=1 sections=1
[NWK 0] Retained grouped routing-control owner routingSequence=4 operation=Update section=0/1 destinations=1 owners=1
[HOP 0] link_control dest=1 neighborKnown=1 s0=-105 pathloss=2.12777 failures=0 speed=128 txPower=0 rxPower=-105 cost=29
[HOP 0] TX reliable RoutingControl targets=1:9
[MAC] Enqueue TX pkt dscp=7 insert_pos=0 queue_size_before=0
[NWK 2] CheckNwkQueue: size=0
[MAC 0] PickTxSlot(dest=1) active_nodes_for_slotting=3 opnet_slot_range=25
[MAC 0] avoiding neighbor 1 currentReservedSlot=6 rtslot_counter=6
[MAC 0] PickTxSlot(dest=1) avoid: 6
[MAC 0] PickTxSlot chose 1 using OPNET free-slot ordinal range [1,25]
[MAC 0] TX opportunity reached currentSlot=24 reserveNextSlot=1
... type=1 speedKey=128[t=28.473] TX from node 0 to dest 1 seq 8 size 99 bytes segments 3 at slot 1 rate 128 kbps txPower 0 dBm (133333 bps) preamble SHORT duration 0.02556 s
[HOP 0] MAC sent confirmation dest=1 seq=9 transmission=1 sentAt=28.473
[MAC 0] ACK transmitted in aggregate dest=1 seq=8 txCount=2/5
[MAC 0] ACK transmitted in aggregate dest=1 seq=9 txCount=1/5
[MAC 0] OPNET aggregate transmitted segments=3 ackSegments=2 dataSegments=1 bytes=99 rate=128
[t=28.473] RX SYNC at node 1 from node 0 seq 8 power -2.12777 dBm noise -106.975 dBm snr 104.847 dB state=1
[t=28.4796] MAC 1 enters Track on node 0 seq 8 power -2.12777 dBm
[MAC 0] resumes Pre-Tx with live slot=1 counter=1
[t=28.4986] RX at node 1 from node 0 seq 8 rate 128 kbps txPower 0 dBm preamble SHORT pathloss 2.12777 dB snr 104.847 dB (slot 1, len 99B, ackable=1)
[MAC 1] Learned neighbor 0 uses slot 1 (rtCounter=1)
[HOP 1] RX ACK from 0 seq=8
[HOP 1] RX ACK from 0 seq=9
[HOP 1] Reliable RoutingControl ACK progress with 0 seq=9 routingSequence=5 section=0/1
[NWK 1] Reliable RoutingControl ACKed neighbor=0 routingSequence=5 operation=Update section=0/1 lastOfInfo=0
[NWK 1] Updated grouped routing-control residual ACKed=0 removed=1 lastOfInfo=0 remaining=1
[HOP 1] RoutingControl partial ACK neighbor=0 seq=9 resendEntryRetained=1
[HOP 1] RX reliable RoutingControl from 0 seq=9 firstReception=1
[MAC 1] active_nodes set to 3 for local slotting and post-TX wait
[NWK 1] active_nodes=3 pushed to MAC
[NWK 1] Updated HELLO neighbor=0 hopSrc=0 speedKey=8 activeNodes=2 pathloss=2.12777 snr=104.847
[NWK 1] link_calc neighbor=0 s0=-105 pathloss=2.12777 numFailures=0 speed=128 txPower=0 estDistance=75 speedMargin=120.872 totalMargin=132.872 costMode=local-only cost=29
[NWK 1] Updated route candidate dst=0 nextHop=0 hops=1 oldCost=29 newCost=29 valid=1->1 selectionDeferred=0 selected=1
[NWK 1] ARL route message from 0 type=RoutingUpdate advCount=0
[NWK 1] Buffered ARL routing section from=0 routingSequence=4 section=0/1 buffered=1
[NWK 1] Reassembled complete ARL routing message from=0 routingSequence=4 sections=1 recordBytes=17 records=1
[NWK 1] Routes: dst=0->nh=0(hops=1,cost=29,linkCost=29,advCost=0,from=0,imm=1,pl=2.12777,valid=1,path=[0]) dst=2->nh=2(hops=1,cost=29,linkCost=29,advCost=0,from=2,imm=1,pl=2.12777,valid=1,path=[2]) dst=0->nh=2(hops=3,cost=0,linkCost=0,advCost=58,from=2,imm=0,pl=nan,valid=0,path=[1->0]) dst=2->nh=0(hops=3,cost=0,linkCost=0,advCost=58,from=0,imm=0,pl=nan,valid=0,path=[1->2])
[HOP 1] link_control dest=0 neighborKnown=1 s0=-105 pathloss=2.12777 failures=0 speed=128 txPower=0 rxPower=-105 cost=29
[HOP 1] ACK RoutingControl to 0 seq=9
[MAC 1] Enqueue ACK dest=0 seq=9 window=0 ack_queue_size=5
[NWK 1] CheckNwkQueue: size=0
[MAC 0] PickTxSlot(dest=1) active_nodes_for_slotting=3 opnet_slot_range=25
[MAC 0] avoiding neighbor 1 currentReservedSlot=4 rtslot_counter=4
[MAC 0] PickTxSlot(dest=1) avoid: 4
[MAC 0] PickTxSlot chose 5 using OPNET free-slot ordinal range [1,25]
[MAC 0] TX opportunity reached currentSlot=1 reserveNextSlot=5
... type=1 speedKey=128[t=28.512] TX from node 0 to dest 1 seq 8 size 60 bytes segments 2 at slot 5 rate 128 kbps txPower 0 dBm (133333 bps) preamble SHORT duration 0.02322 s
[MAC 0] ACK transmitted in aggregate dest=1 seq=8 txCount=3/5
[MAC 0] ACK transmitted in aggregate dest=1 seq=9 txCount=2/5
[MAC 0] OPNET aggregate transmitted segments=2 ackSegments=2 dataSegments=0 bytes=60 rate=128
[t=28.512] RX SYNC at node 1 from node 0 seq 8 power -2.12777 dBm noise -106.975 dBm snr 104.847 dB state=1
[t=28.5186] MAC 1 enters Track on node 0 seq 8 power -2.12777 dBm
[MAC 0] resumes Pre-Tx with live slot=5 counter=5
[t=28.5352] RX at node 1 from node 0 seq 8 rate 128 kbps txPower 0 dBm preamble SHORT pathloss 2.12777 dB snr 104.847 dB (slot 5, len 60B, ackable=0)
[MAC 1] Learned neighbor 0 uses slot 5 (rtCounter=5)
[HOP 1] RX ACK from 0 seq=8
[HOP 1] RX ACK from 0 seq=9
[HOP 1] Reliable RoutingControl ACK progress with 0 seq=9 routingSequence=5 section=0/1
[NWK 1] Reliable RoutingControl ACKed neighbor=0 routingSequence=5 operation=Update section=0/1 lastOfInfo=0
[NWK 1] Updated grouped routing-control residual ACKed=0 removed=0 lastOfInfo=0 remaining=1
[HOP 1] RoutingControl partial ACK neighbor=0 seq=9 resendEntryRetained=1
[NWK 1] CheckNwkQueue: size=0
[MAC 2] rtslot_counter expired for neighbor 1 reserveSlot=16
[MAC 2] PickTxSlot(dest=1) active_nodes_for_slotting=3 opnet_slot_range=25
[MAC 2] PickTxSlot(dest=1) avoid:
[MAC 2] PickTxSlot chose 1 using OPNET free-slot ordinal range [1,25]
[MAC 2] TX opportunity reached currentSlot=19 reserveNextSlot=1
... type=1 speedKey=128[t=28.58] TX from node 2 to dest 1 seq 1 size 150 bytes segments 5 at slot 1 rate 128 kbps txPower 0 dBm (133333 bps) preamble SHORT duration 0.02862 s
[MAC 2] ACK transmitted in aggregate dest=1 seq=1 txCount=4/5
[MAC 2] ACK transmitted in aggregate dest=1 seq=3 txCount=3/5
[MAC 2] ACK transmitted in aggregate dest=1 seq=4 txCount=2/5
[MAC 2] ACK transmitted in aggregate dest=1 seq=5 txCount=2/5
[MAC 2] ACK transmitted in aggregate dest=1 seq=6 txCount=1/5
[MAC 2] OPNET aggregate transmitted segments=5 ackSegments=5 dataSegments=0 bytes=150 rate=128
[t=28.58] RX SYNC at node 1 from node 2 seq 1 power -2.12777 dBm noise -106.975 dBm snr 104.847 dB state=1
[t=28.5866] MAC 1 enters Track on node 2 seq 1 power -2.12777 dBm
[MAC 0] rtslot_counter expired for neighbor 1 reserveSlot=16
[MAC 0] PickTxSlot(dest=1) active_nodes_for_slotting=3 opnet_slot_range=25
[MAC 0] PickTxSlot(dest=1) avoid:
[MAC 0] PickTxSlot chose 9 using OPNET free-slot ordinal range [1,25]
[MAC 0] TX opportunity reached currentSlot=5 reserveNextSlot=9
... type=1 speedKey=128[t=28.603] TX from node 0 to dest 1 seq 8 size 60 bytes segments 2 at slot 9 rate 128 kbps txPower 0 dBm (133333 bps) preamble SHORT duration 0.02322 s
[MAC 0] ACK transmitted in aggregate dest=1 seq=8 txCount=4/5
[MAC 0] ACK transmitted in aggregate dest=1 seq=9 txCount=3/5
[MAC 0] OPNET aggregate transmitted segments=2 ackSegments=2 dataSegments=0 bytes=60 rate=128
[t=28.603] RX SYNC at node 1 from node 0 seq 8 power -2.12777 dBm noise -106.975 dBm snr 104.847 dB state=2
[MAC 2] resumes Pre-Tx with live slot=1 counter=1
[t=28.6086] RX DROP at node 1 from node 2 seq 1 (collision)
[t=28.6153] MAC 1 enters Track on node 0 seq 8 power -2.12777 dBm
[MAC 0] resumes Pre-Tx with live slot=9 counter=9
[t=28.6262] RX at node 1 from node 0 seq 8 rate 128 kbps txPower 0 dBm preamble SHORT pathloss 2.12777 dB snr 104.847 dB (slot 9, len 60B, ackable=0)
[MAC 1] Learned neighbor 0 uses slot 9 (rtCounter=9)
[HOP 1] RX ACK from 0 seq=8
[HOP 1] RX ACK from 0 seq=9
[HOP 1] Reliable RoutingControl ACK progress with 0 seq=9 routingSequence=5 section=0/1
[NWK 1] Reliable RoutingControl ACKed neighbor=0 routingSequence=5 operation=Update section=0/1 lastOfInfo=0
[NWK 1] Updated grouped routing-control residual ACKed=0 removed=0 lastOfInfo=0 remaining=1
[HOP 1] RoutingControl partial ACK neighbor=0 seq=9 resendEntryRetained=1
[NWK 1] CheckNwkQueue: size=0
[MAC 2] PickTxSlot(dest=1) active_nodes_for_slotting=3 opnet_slot_range=25
[MAC 2] PickTxSlot(dest=1) avoid:
[MAC 2] PickTxSlot chose 7 using OPNET free-slot ordinal range [1,25]
[MAC 2] TX opportunity reached currentSlot=1 reserveNextSlot=7
... type=1 speedKey=128[t=28.632] TX from node 2 to dest 1 seq 1 size 150 bytes segments 5 at slot 7 rate 128 kbps txPower 0 dBm (133333 bps) preamble SHORT duration 0.02862 s
[MAC 2] ACK transmitted in aggregate dest=1 seq=1 txCount=5/5
[MAC 2] ACK transmitted in aggregate dest=1 seq=3 txCount=4/5
[MAC 2] ACK transmitted in aggregate dest=1 seq=4 txCount=3/5
[MAC 2] ACK transmitted in aggregate dest=1 seq=5 txCount=3/5
[MAC 2] ACK transmitted in aggregate dest=1 seq=6 txCount=2/5
[MAC 2] Remove ACK after OPNET resend limit dest=1 seq=1
[MAC 2] OPNET aggregate transmitted segments=5 ackSegments=5 dataSegments=0 bytes=150 rate=128
[t=28.632] RX SYNC at node 1 from node 2 seq 1 power -2.12777 dBm noise -106.975 dBm snr 104.847 dB state=1
[t=28.6386] MAC 1 enters Track on node 2 seq 1 power -2.12777 dBm
[MAC 2] resumes Pre-Tx with live slot=7 counter=7
[t=28.6606] RX at node 1 from node 2 seq 1 rate 128 kbps txPower 0 dBm preamble SHORT pathloss 2.12777 dB snr 104.847 dB (slot 7, len 150B, ackable=0)
[MAC 1] Learned neighbor 2 uses slot 7 (rtCounter=7)
[HOP 1] RX ACK from 2 seq=1
[HOP 1] RX ACK from 2 seq=3
[HOP 1] RX ACK from 2 seq=4
[HOP 1] RX ACK from 2 seq=5
[HOP 1] RX ACK from 2 seq=6
[HOP 1] Reliable RoutingControl completed with 2 seq=6 routingSequence=5 section=0/1
[NWK 1] Reliable RoutingControl ACKed neighbor=2 routingSequence=5 operation=Update section=0/1 lastOfInfo=1
[NWK 1] Updated grouped routing-control residual ACKed=2 removed=1 lastOfInfo=1 remaining=0
[NWK 1] Released completed grouped routing-control owner routingSequence=5 section=0
[NWK 1] CheckNwkQueue: size=0
[MAC 1] PickTxSlot(dest=2) active_nodes_for_slotting=3 opnet_slot_range=25
[MAC 1] avoiding neighbor 0 currentReservedSlot=5 rtslot_counter=5
[MAC 1] avoiding neighbor 2 currentReservedSlot=3 rtslot_counter=3
[MAC 1] PickTxSlot(dest=2) avoid: 3 5
[MAC 1] PickTxSlot chose 27 using OPNET free-slot ordinal range [1,25]
[MAC 1] TX opportunity reached currentSlot=16 reserveNextSlot=27
... type=1 speedKey=128[t=28.7023] TX from node 1 to dest 2 seq 3 size 150 bytes segments 5 at slot 27 rate 128 kbps txPower 0 dBm (133333 bps) preamble SHORT duration 0.02862 s
[MAC 1] ACK transmitted in aggregate dest=2 seq=3 txCount=3/5
[MAC 1] ACK transmitted in aggregate dest=2 seq=4 txCount=3/5
[MAC 1] ACK transmitted in aggregate dest=2 seq=5 txCount=2/5
[MAC 1] ACK transmitted in aggregate dest=2 seq=6 txCount=2/5
[MAC 1] ACK transmitted in aggregate dest=0 seq=9 txCount=1/5
[MAC 1] OPNET aggregate transmitted segments=5 ackSegments=5 dataSegments=0 bytes=150 rate=128
[t=28.7023] RX SYNC at node 0 from node 1 seq 3 power -2.12777 dBm noise -106.975 dBm snr 104.847 dB state=1
[t=28.7023] RX SYNC at node 2 from node 1 seq 3 power -2.12777 dBm noise -106.975 dBm snr 104.847 dB state=1
[t=28.7089] MAC 0 enters Track on node 1 seq 3 power -2.12777 dBm
[t=28.7089] MAC 2 enters Track on node 1 seq 3 power -2.12777 dBm
[MAC 1] resumes Pre-Tx with live slot=27 counter=27
[t=28.7309] RX at node 0 from node 1 seq 3 rate 128 kbps txPower 0 dBm preamble SHORT pathloss 2.12777 dB snr 104.847 dB (slot 27, len 150B, ackable=0)
[MAC 0] Learned neighbor 1 uses slot 27 (rtCounter=27)
[HOP 0] Overheard frame from 1 for 2 type=1 ignored after neighbor update
[HOP 0] Overheard frame from 1 for 2 type=1 ignored after neighbor update
[HOP 0] Overheard frame from 1 for 2 type=1 ignored after neighbor update
[HOP 0] Overheard frame from 1 for 2 type=1 ignored after neighbor update
[HOP 0] RX ACK from 1 seq=9
[HOP 0] Reliable RoutingControl completed with 1 seq=9 routingSequence=4 section=0/1
[NWK 0] Reliable RoutingControl ACKed neighbor=1 routingSequence=4 operation=Update section=0/1 lastOfInfo=1
[NWK 0] Updated grouped routing-control residual ACKed=1 removed=1 lastOfInfo=1 remaining=0
[NWK 0] Released completed grouped routing-control owner routingSequence=4 section=0
[t=28.7309] RX at node 2 from node 1 seq 3 rate 128 kbps txPower 0 dBm preamble SHORT pathloss 2.12777 dB snr 104.847 dB (slot 27, len 150B, ackable=0)
[MAC 2] Learned neighbor 1 uses slot 27 (rtCounter=27)
[HOP 2] RX ACK from 1 seq=3
[HOP 2] RX ACK from 1 seq=4
[HOP 2] RX ACK from 1 seq=5
[HOP 2] RX ACK from 1 seq=6
[HOP 2] Overheard frame from 1 for 0 type=1 ignored after neighbor update
[NWK 0] CheckNwkQueue: size=0
[NWK 2] CheckNwkQueue: size=0
[MAC 0] PickTxSlot(dest=1) active_nodes_for_slotting=3 opnet_slot_range=25
[MAC 0] avoiding neighbor 1 currentReservedSlot=23 rtslot_counter=23
[MAC 0] PickTxSlot(dest=1) avoid: 23
[MAC 0] PickTxSlot chose 20 using OPNET free-slot ordinal range [1,25]
[MAC 0] TX opportunity reached currentSlot=9 reserveNextSlot=20
... type=1 speedKey=128[t=28.772] TX from node 0 to dest 1 seq 8 size 60 bytes segments 2 at slot 20 rate 128 kbps txPower 0 dBm (133333 bps) preamble SHORT duration 0.02322 s
[MAC 0] ACK transmitted in aggregate dest=1 seq=8 txCount=5/5
[MAC 0] ACK transmitted in aggregate dest=1 seq=9 txCount=4/5
[MAC 0] Remove ACK after OPNET resend limit dest=1 seq=8
[MAC 0] OPNET aggregate transmitted segments=2 ackSegments=2 dataSegments=0 bytes=60 rate=128
[t=28.772] RX SYNC at node 1 from node 0 seq 8 power -2.12777 dBm noise -106.975 dBm snr 104.847 dB state=1
[t=28.7786] MAC 1 enters Track on node 0 seq 8 power -2.12777 dBm
[MAC 2] PickTxSlot(dest=1) active_nodes_for_slotting=3 opnet_slot_range=25
[MAC 2] avoiding neighbor 1 currentReservedSlot=22 rtslot_counter=22
[MAC 2] PickTxSlot(dest=1) avoid: 22
[MAC 2] PickTxSlot chose 15 using OPNET free-slot ordinal range [1,25]
[MAC 2] TX opportunity reached currentSlot=7 reserveNextSlot=15
... type=1 speedKey=128[t=28.788] TX from node 2 to dest 1 seq 3 size 120 bytes segments 4 at slot 15 rate 128 kbps txPower 0 dBm (133333 bps) preamble SHORT duration 0.02682 s
[MAC 2] ACK transmitted in aggregate dest=1 seq=3 txCount=5/5
[MAC 2] ACK transmitted in aggregate dest=1 seq=4 txCount=4/5
[MAC 2] ACK transmitted in aggregate dest=1 seq=5 txCount=4/5
[MAC 2] ACK transmitted in aggregate dest=1 seq=6 txCount=3/5
[MAC 2] Remove ACK after OPNET resend limit dest=1 seq=3
[MAC 2] OPNET aggregate transmitted segments=4 ackSegments=4 dataSegments=0 bytes=120 rate=128
[t=28.788] RX SYNC at node 1 from node 2 seq 3 power -2.12777 dBm noise -106.975 dBm snr 104.847 dB state=2
[MAC 0] resumes Pre-Tx with live slot=20 counter=20
[t=28.7952] RX DROP at node 1 from node 0 seq 8 (collision)
[MAC 1] rtslot_counter expired for neighbor 2 reserveSlot=7
[MAC 2] resumes Pre-Tx with live slot=15 counter=15
[MAC 1] rtslot_counter expired for neighbor 0 reserveSlot=9
[MAC 2] PickTxSlot(dest=1) active_nodes_for_slotting=3 opnet_slot_range=25
[MAC 2] avoiding neighbor 1 currentReservedSlot=6 rtslot_counter=6
[MAC 2] PickTxSlot(dest=1) avoid: 6
[MAC 2] PickTxSlot chose 11 using OPNET free-slot ordinal range [1,25]
[MAC 2] TX opportunity reached currentSlot=15 reserveNextSlot=11
... type=1 speedKey=128[t=29.022] TX from node 2 to dest 1 seq 4 size 90 bytes segments 3 at slot 11 rate 128 kbps txPower 0 dBm (133333 bps) preamble SHORT duration 0.02502 s
[MAC 2] ACK transmitted in aggregate dest=1 seq=4 txCount=5/5
[MAC 2] ACK transmitted in aggregate dest=1 seq=5 txCount=5/5
[MAC 2] ACK transmitted in aggregate dest=1 seq=6 txCount=4/5
[MAC 2] Remove ACK after OPNET resend limit dest=1 seq=4
[MAC 2] Remove ACK after OPNET resend limit dest=1 seq=5
[MAC 2] OPNET aggregate transmitted segments=3 ackSegments=3 dataSegments=0 bytes=90 rate=128
[t=29.022] RX SYNC at node 1 from node 2 seq 4 power -2.12777 dBm noise -106.975 dBm snr 104.847 dB state=1
[t=29.0286] MAC 1 enters Track on node 2 seq 4 power -2.12777 dBm
[MAC 2] resumes Pre-Tx with live slot=11 counter=11
[t=29.047] RX at node 1 from node 2 seq 4 rate 128 kbps txPower 0 dBm preamble SHORT pathloss 2.12777 dB snr 104.847 dB (slot 11, len 90B, ackable=0)
[MAC 1] Learned neighbor 2 uses slot 11 (rtCounter=11)
[HOP 1] RX ACK from 2 seq=4
[HOP 1] RX ACK from 2 seq=5
[HOP 1] RX ACK from 2 seq=6
[NWK 1] CheckNwkQueue: size=0
[MAC 0] PickTxSlot(dest=1) active_nodes_for_slotting=3 opnet_slot_range=25
[MAC 0] avoiding neighbor 1 currentReservedSlot=2 rtslot_counter=2
[MAC 0] PickTxSlot(dest=1) avoid: 2
[MAC 0] PickTxSlot chose 9 using OPNET free-slot ordinal range [1,25]
[MAC 0] TX opportunity reached currentSlot=20 reserveNextSlot=9
... type=1 speedKey=128[t=29.058] TX from node 0 to dest 1 seq 9 size 30 bytes segments 1 at slot 9 rate 128 kbps txPower 0 dBm (133333 bps) preamble SHORT duration 0.02142 s
[MAC 0] ACK transmitted in aggregate dest=1 seq=9 txCount=5/5
[MAC 0] Remove ACK after OPNET resend limit dest=1 seq=9
[MAC 0] OPNET aggregate transmitted segments=1 ackSegments=1 dataSegments=0 bytes=30 rate=128
[t=29.058] RX SYNC at node 1 from node 0 seq 9 power -2.12777 dBm noise -106.975 dBm snr 104.847 dB state=1
[t=29.0646] MAC 1 enters Track on node 0 seq 9 power -2.12777 dBm
[MAC 0] post-TX WAIT_FOR_ACK until 47.5794 (POST_TX_WAIT=18.5 s)
[t=29.0794] RX at node 1 from node 0 seq 9 rate 128 kbps txPower 0 dBm preamble SHORT pathloss 2.12777 dB snr 104.847 dB (slot 9, len 30B, ackable=0)
[MAC 1] Learned neighbor 0 uses slot 9 (rtCounter=9)
[HOP 1] RX ACK from 0 seq=9
[NWK 1] CheckNwkQueue: size=0
[MAC 0] rtslot_counter expired for neighbor 1 reserveSlot=27
[MAC 2] rtslot_counter expired for neighbor 1 reserveSlot=27
[MAC 1] PickTxSlot(dest=2) active_nodes_for_slotting=3 opnet_slot_range=25
[MAC 1] avoiding neighbor 0 currentReservedSlot=2 rtslot_counter=2
[MAC 1] avoiding neighbor 2 currentReservedSlot=3 rtslot_counter=3
[MAC 1] PickTxSlot(dest=2) avoid: 2 3
[MAC 1] PickTxSlot chose 12 using OPNET free-slot ordinal range [1,25]
[MAC 1] TX opportunity reached currentSlot=27 reserveNextSlot=12
... type=1 speedKey=128[t=29.1703] TX from node 1 to dest 2 seq 3 size 150 bytes segments 5 at slot 12 rate 128 kbps txPower 0 dBm (133333 bps) preamble SHORT duration 0.02862 s
[MAC 1] ACK transmitted in aggregate dest=2 seq=3 txCount=4/5
[MAC 1] ACK transmitted in aggregate dest=2 seq=4 txCount=4/5
[MAC 1] ACK transmitted in aggregate dest=2 seq=5 txCount=3/5
[MAC 1] ACK transmitted in aggregate dest=2 seq=6 txCount=3/5
[MAC 1] ACK transmitted in aggregate dest=0 seq=9 txCount=2/5
[MAC 1] OPNET aggregate transmitted segments=5 ackSegments=5 dataSegments=0 bytes=150 rate=128
[t=29.1703] RX SYNC at node 0 from node 1 seq 3 power -2.12777 dBm noise -106.975 dBm snr 104.847 dB state=1
[t=29.1703] RX SYNC at node 2 from node 1 seq 3 power -2.12777 dBm noise -106.975 dBm snr 104.847 dB state=1
[t=29.1769] MAC 0 enters Track on node 1 seq 3 power -2.12777 dBm
[t=29.1769] MAC 2 enters Track on node 1 seq 3 power -2.12777 dBm
[MAC 1] resumes Pre-Tx with live slot=12 counter=12
[t=29.1989] RX at node 0 from node 1 seq 3 rate 128 kbps txPower 0 dBm preamble SHORT pathloss 2.12777 dB snr 104.847 dB (slot 12, len 150B, ackable=0)
[MAC 0] Learned neighbor 1 uses slot 12 (rtCounter=12)
[HOP 0] Overheard frame from 1 for 2 type=1 ignored after neighbor update
[HOP 0] Overheard frame from 1 for 2 type=1 ignored after neighbor update
[HOP 0] Overheard frame from 1 for 2 type=1 ignored after neighbor update
[HOP 0] Overheard frame from 1 for 2 type=1 ignored after neighbor update
[HOP 0] RX ACK from 1 seq=9
[t=29.1989] RX at node 2 from node 1 seq 3 rate 128 kbps txPower 0 dBm preamble SHORT pathloss 2.12777 dB snr 104.847 dB (slot 12, len 150B, ackable=0)
[MAC 2] Learned neighbor 1 uses slot 12 (rtCounter=12)
[HOP 2] RX ACK from 1 seq=3
[HOP 2] RX ACK from 1 seq=4
[HOP 2] RX ACK from 1 seq=5
[HOP 2] RX ACK from 1 seq=6
[HOP 2] Overheard frame from 1 for 0 type=1 ignored after neighbor update
[NWK 0] CheckNwkQueue: size=0
[NWK 2] CheckNwkQueue: size=0
[MAC 2] PickTxSlot(dest=1) active_nodes_for_slotting=3 opnet_slot_range=25
[MAC 2] avoiding neighbor 1 currentReservedSlot=10 rtslot_counter=10
[MAC 2] PickTxSlot(dest=1) avoid: 10
[MAC 2] PickTxSlot chose 20 using OPNET free-slot ordinal range [1,25]
[MAC 2] TX opportunity reached currentSlot=11 reserveNextSlot=20
... type=1 speedKey=128[t=29.217] TX from node 2 to dest 1 seq 6 size 30 bytes segments 1 at slot 20 rate 128 kbps txPower 0 dBm (133333 bps) preamble SHORT duration 0.02142 s
[MAC 2] ACK transmitted in aggregate dest=1 seq=6 txCount=5/5
[MAC 2] Remove ACK after OPNET resend limit dest=1 seq=6
[MAC 2] OPNET aggregate transmitted segments=1 ackSegments=1 dataSegments=0 bytes=30 rate=128
[t=29.217] RX SYNC at node 1 from node 2 seq 6 power -2.12777 dBm noise -106.975 dBm snr 104.847 dB state=1
[t=29.2236] MAC 1 enters Track on node 2 seq 6 power -2.12777 dBm
[MAC 0] local advertised reservation expired
[MAC 2] post-TX WAIT_FOR_ACK until 47.7384 (POST_TX_WAIT=18.5 s)
[t=29.2384] RX at node 1 from node 2 seq 6 rate 128 kbps txPower 0 dBm preamble SHORT pathloss 2.12777 dB snr 104.847 dB (slot 20, len 30B, ackable=0)
[MAC 1] Learned neighbor 2 uses slot 20 (rtCounter=20)
[HOP 1] RX ACK from 2 seq=6
[NWK 1] CheckNwkQueue: size=0
[MAC 1] rtslot_counter expired for neighbor 0 reserveSlot=9
[MAC 0] rtslot_counter expired for neighbor 1 reserveSlot=12
[MAC 2] rtslot_counter expired for neighbor 1 reserveSlot=12
[MAC 1] PickTxSlot(dest=2) active_nodes_for_slotting=3 opnet_slot_range=25
[MAC 1] avoiding neighbor 2 currentReservedSlot=8 rtslot_counter=8
[MAC 1] PickTxSlot(dest=2) avoid: 8
[MAC 1] PickTxSlot chose 24 using OPNET free-slot ordinal range [1,25]
[MAC 1] TX opportunity reached currentSlot=12 reserveNextSlot=24
... type=1 speedKey=128[t=29.3913] TX from node 1 to dest 2 seq 3 size 150 bytes segments 5 at slot 24 rate 128 kbps txPower 0 dBm (133333 bps) preamble SHORT duration 0.02862 s
[MAC 1] ACK transmitted in aggregate dest=2 seq=3 txCount=5/5
[MAC 1] ACK transmitted in aggregate dest=2 seq=4 txCount=5/5
[MAC 1] ACK transmitted in aggregate dest=2 seq=5 txCount=4/5
[MAC 1] ACK transmitted in aggregate dest=2 seq=6 txCount=4/5
[MAC 1] ACK transmitted in aggregate dest=0 seq=9 txCount=3/5
[MAC 1] Remove ACK after OPNET resend limit dest=2 seq=3
[MAC 1] Remove ACK after OPNET resend limit dest=2 seq=4
[MAC 1] OPNET aggregate transmitted segments=5 ackSegments=5 dataSegments=0 bytes=150 rate=128
[t=29.3913] RX SYNC at node 0 from node 1 seq 3 power -2.12777 dBm noise -106.975 dBm snr 104.847 dB state=1
[t=29.3913] RX SYNC at node 2 from node 1 seq 3 power -2.12777 dBm noise -106.975 dBm snr 104.847 dB state=1
[t=29.3979] MAC 0 enters Track on node 1 seq 3 power -2.12777 dBm
[t=29.3979] MAC 2 enters Track on node 1 seq 3 power -2.12777 dBm
[MAC 1] resumes Pre-Tx with live slot=24 counter=24
[t=29.4199] RX at node 0 from node 1 seq 3 rate 128 kbps txPower 0 dBm preamble SHORT pathloss 2.12777 dB snr 104.847 dB (slot 24, len 150B, ackable=0)
[MAC 0] Learned neighbor 1 uses slot 24 (rtCounter=24)
[HOP 0] Overheard frame from 1 for 2 type=1 ignored after neighbor update
[HOP 0] Overheard frame from 1 for 2 type=1 ignored after neighbor update
[HOP 0] Overheard frame from 1 for 2 type=1 ignored after neighbor update
[HOP 0] Overheard frame from 1 for 2 type=1 ignored after neighbor update
[HOP 0] RX ACK from 1 seq=9
[t=29.4199] RX at node 2 from node 1 seq 3 rate 128 kbps txPower 0 dBm preamble SHORT pathloss 2.12777 dB snr 104.847 dB (slot 24, len 150B, ackable=0)
[MAC 2] Learned neighbor 1 uses slot 24 (rtCounter=24)
[HOP 2] RX ACK from 1 seq=3
[HOP 2] RX ACK from 1 seq=4
[HOP 2] RX ACK from 1 seq=5
[HOP 2] RX ACK from 1 seq=6
[HOP 2] Overheard frame from 1 for 0 type=1 ignored after neighbor update
[NWK 0] CheckNwkQueue: size=0
[NWK 2] CheckNwkQueue: size=0
[MAC 2] local advertised reservation expired
[MAC 1] rtslot_counter expired for neighbor 2 reserveSlot=20
[MAC 0] rtslot_counter expired for neighbor 1 reserveSlot=24
[MAC 2] rtslot_counter expired for neighbor 1 reserveSlot=24
[MAC 1] PickTxSlot(dest=2) active_nodes_for_slotting=3 opnet_slot_range=25
[MAC 1] PickTxSlot(dest=2) avoid:
[MAC 1] PickTxSlot chose 6 using OPNET free-slot ordinal range [1,25]
[MAC 1] TX opportunity reached currentSlot=24 reserveNextSlot=6
... type=1 speedKey=128[t=29.7423] TX from node 1 to dest 2 seq 5 size 90 bytes segments 3 at slot 6 rate 128 kbps txPower 0 dBm (133333 bps) preamble SHORT duration 0.02502 s
[MAC 1] ACK transmitted in aggregate dest=2 seq=5 txCount=5/5
[MAC 1] ACK transmitted in aggregate dest=2 seq=6 txCount=5/5
[MAC 1] ACK transmitted in aggregate dest=0 seq=9 txCount=4/5
[MAC 1] Remove ACK after OPNET resend limit dest=2 seq=5
[MAC 1] Remove ACK after OPNET resend limit dest=2 seq=6
[MAC 1] OPNET aggregate transmitted segments=3 ackSegments=3 dataSegments=0 bytes=90 rate=128
[t=29.7423] RX SYNC at node 0 from node 1 seq 5 power -2.12777 dBm noise -106.975 dBm snr 104.847 dB state=1
[t=29.7423] RX SYNC at node 2 from node 1 seq 5 power -2.12777 dBm noise -106.975 dBm snr 104.847 dB state=1
[t=29.7489] MAC 0 enters Track on node 1 seq 5 power -2.12777 dBm
[t=29.7489] MAC 2 enters Track on node 1 seq 5 power -2.12777 dBm
[MAC 1] resumes Pre-Tx with live slot=6 counter=6
[t=29.7673] RX at node 0 from node 1 seq 5 rate 128 kbps txPower 0 dBm preamble SHORT pathloss 2.12777 dB snr 104.847 dB (slot 6, len 90B, ackable=0)
[MAC 0] Learned neighbor 1 uses slot 6 (rtCounter=6)
[HOP 0] Overheard frame from 1 for 2 type=1 ignored after neighbor update
[HOP 0] Overheard frame from 1 for 2 type=1 ignored after neighbor update
[HOP 0] RX ACK from 1 seq=9
[t=29.7673] RX at node 2 from node 1 seq 5 rate 128 kbps txPower 0 dBm preamble SHORT pathloss 2.12777 dB snr 104.847 dB (slot 6, len 90B, ackable=0)
[MAC 2] Learned neighbor 1 uses slot 6 (rtCounter=6)
[HOP 2] RX ACK from 1 seq=5
[HOP 2] RX ACK from 1 seq=6
[HOP 2] Overheard frame from 1 for 0 type=1 ignored after neighbor update
[NWK 0] CheckNwkQueue: size=0
[NWK 2] CheckNwkQueue: size=0
[MAC 1] PickTxSlot(dest=0) active_nodes_for_slotting=3 opnet_slot_range=25
[MAC 1] PickTxSlot(dest=0) avoid:
[MAC 1] PickTxSlot chose 7 using OPNET free-slot ordinal range [1,25]
[MAC 1] TX opportunity reached currentSlot=6 reserveNextSlot=7
... type=1 speedKey=128[t=29.8463] TX from node 1 to dest 0 seq 9 size 30 bytes segments 1 at slot 7 rate 128 kbps txPower 0 dBm (133333 bps) preamble SHORT duration 0.02142 s
[MAC 1] ACK transmitted in aggregate dest=0 seq=9 txCount=5/5
[MAC 1] Remove ACK after OPNET resend limit dest=0 seq=9
[MAC 1] OPNET aggregate transmitted segments=1 ackSegments=1 dataSegments=0 bytes=30 rate=128
[t=29.8463] RX SYNC at node 0 from node 1 seq 9 power -2.12777 dBm noise -106.975 dBm snr 104.847 dB state=1
[t=29.8463] RX SYNC at node 2 from node 1 seq 9 power -2.12777 dBm noise -106.975 dBm snr 104.847 dB state=1
[t=29.8529] MAC 0 enters Track on node 1 seq 9 power -2.12777 dBm
[t=29.8529] MAC 2 enters Track on node 1 seq 9 power -2.12777 dBm
[MAC 1] post-TX WAIT_FOR_ACK until 49.8677 (POST_TX_WAIT=20 s)
[t=29.8677] RX at node 0 from node 1 seq 9 rate 128 kbps txPower 0 dBm preamble SHORT pathloss 2.12777 dB snr 104.847 dB (slot 7, len 30B, ackable=0)
[MAC 0] Learned neighbor 1 uses slot 7 (rtCounter=7)
[HOP 0] RX ACK from 1 seq=9
[t=29.8677] RX OVERHEARD at node 2 from node 1 seq 9 rate 128 kbps txPower 0 dBm preamble SHORT pathloss 2.12777 dB snr 104.847 dB (slot 7, len 30B, ackable=0)
[MAC 2] Learned neighbor 1 uses slot 7 (rtCounter=7)
[HOP 2] Overheard frame from 1 for 0 type=1 ignored after neighbor update
[NWK 0] CheckNwkQueue: size=0
[MAC 1] local advertised reservation expired
[MAC 0] rtslot_counter expired for neighbor 1 reserveSlot=7
[MAC 2] rtslot_counter expired for neighbor 1 reserveSlot=7
[NWK 1] Discovery Broadcast repeat sequence=1
[NWK 1] ARL Discover sent without Routes_PAYLOAD
[NWK 1] HELLO advertising 0 routes
[NWK 1] HELLO ARL route msg type=1
[HOP 1] link_control dest=16777215 neighborKnown=0 speed=8 txPower=30 rxPower=-105
[HOP 1] TX GroupEstablish Discover securityCount=1 securityBytes=7
[MAC] Enqueue TX pkt dscp=7 insert_pos=0 queue_size_before=0
[MAC 1] PickTxSlot(dest=16777215) active_nodes_for_slotting=3 opnet_slot_range=25
[MAC 1] PickTxSlot(dest=16777215) avoid:
[MAC 1] PickTxSlot chose 19 using OPNET free-slot ordinal range [1,25]
[MAC 1] starts Pre-Tx with new slot=19 holdoff_over=1
[MAC 1] PickTxSlot(dest=16777215) active_nodes_for_slotting=3 opnet_slot_range=25
[MAC 1] PickTxSlot(dest=16777215) avoid:
[MAC 1] PickTxSlot chose 19 using OPNET free-slot ordinal range [1,25]
[MAC 1] TX opportunity reached currentSlot=19 reserveNextSlot=19
... type=4 speedKey=8[t=30.5093] TX from node 1 to dest 16777215 seq 5 size 19 bytes segments 1 at slot 19 rate 8 kbps txPower 30 dBm (7843.14 bps) preamble LONG duration 1.0353 s
[MAC 1] OPNET aggregate transmitted segments=1 ackSegments=0 dataSegments=1 bytes=19 rate=8
[t=30.5093] RX SYNC at node 0 from node 1 seq 5 power 27.8722 dBm noise -106.975 dBm snr 134.847 dB state=1
[t=30.5093] RX SYNC at node 2 from node 1 seq 5 power 27.8722 dBm noise -106.975 dBm snr 134.847 dB state=1
[t=30.5159] MAC 0 enters Track on node 1 seq 5 power 27.8722 dBm
[t=30.5159] MAC 2 enters Track on node 1 seq 5 power 27.8722 dBm
[MAC 1] post-TX WAIT_FOR_ACK until 51.5446 (POST_TX_WAIT=20 s)
[t=31.5446] RX at node 0 from node 1 seq 5 rate 8 kbps txPower 30 dBm preamble LONG pathloss 2.12777 dB snr 134.847 dB (slot 19, len 19B, ackable=0)
[MAC 0] Learned neighbor 1 uses slot 19 (rtCounter=19)
[HOP 0] RX authenticated GroupEstablish Discover from=1 keyId=1 groupSeq=9
[MAC 0] active_nodes set to 2 for local slotting and post-TX wait
[NWK 0] active_nodes=2 pushed to MAC
[NWK 0] Updated HELLO neighbor=1 hopSrc=1 speedKey=8 activeNodes=3 pathloss=2.12777 snr=134.847
[NWK 0] link_calc neighbor=1 s0=-105 pathloss=2.12777 numFailures=0 speed=128 txPower=0 estDistance=75 speedMargin=120.872 totalMargin=132.872 costMode=local-only cost=29
[NWK 0] Updated route candidate dst=1 nextHop=1 hops=1 oldCost=29 newCost=29 valid=1->1 selectionDeferred=0 selected=1
[NWK 0] ARL route message from 1 type=Discover advCount=0
[NWK 0] ProcessDiscover from 1 subtype=Broadcast sequence=1
[NWK 0] Duplicate/old discovery sequence from 1 received=1 current=1
[NWK 0] Routes: dst=1->nh=1(hops=1,cost=29,linkCost=29,advCost=0,from=1,imm=1,pl=2.12777,valid=1,path=[1]) dst=2->nh=1(hops=2,cost=58,linkCost=29,advCost=29,from=1,imm=0,pl=2.12777,valid=1,path=[1->2])
[t=31.5446] RX at node 2 from node 1 seq 5 rate 8 kbps txPower 30 dBm preamble LONG pathloss 2.12777 dB snr 134.847 dB (slot 19, len 19B, ackable=0)
[MAC 2] Learned neighbor 1 uses slot 19 (rtCounter=19)
[HOP 2] RX authenticated GroupEstablish Discover from=1 keyId=1 groupSeq=9
[MAC 2] active_nodes set to 2 for local slotting and post-TX wait
[NWK 2] active_nodes=2 pushed to MAC
[NWK 2] Updated HELLO neighbor=1 hopSrc=1 speedKey=8 activeNodes=3 pathloss=2.12777 snr=134.847
[NWK 2] link_calc neighbor=1 s0=-105 pathloss=2.12777 numFailures=0 speed=128 txPower=0 estDistance=75 speedMargin=120.872 totalMargin=132.872 costMode=local-only cost=29
[NWK 2] Updated route candidate dst=1 nextHop=1 hops=1 oldCost=29 newCost=29 valid=1->1 selectionDeferred=0 selected=1
[NWK 2] ARL route message from 1 type=Discover advCount=0
[NWK 2] ProcessDiscover from 1 subtype=Broadcast sequence=1
[NWK 2] Duplicate/old discovery sequence from 1 received=1 current=1
[NWK 2] Routes: dst=1->nh=1(hops=1,cost=29,linkCost=29,advCost=0,from=1,imm=1,pl=2.12777,valid=1,path=[1]) dst=0->nh=1(hops=2,cost=58,linkCost=29,advCost=29,from=1,imm=0,pl=2.12777,valid=1,path=[1->0])
[MAC 1] local advertised reservation expired
[MAC 0] rtslot_counter expired for neighbor 1 reserveSlot=19
[MAC 2] rtslot_counter expired for neighbor 1 reserveSlot=19
[NWK 1] Discovery Broadcast repeat sequence=1
[NWK 1] ARL Discover sent without Routes_PAYLOAD
[NWK 1] HELLO advertising 0 routes
[NWK 1] HELLO ARL route msg type=1
[HOP 1] link_control dest=16777215 neighborKnown=0 speed=8 txPower=30 rxPower=-105
[HOP 1] TX GroupEstablish Discover securityCount=1 securityBytes=7
[MAC] Enqueue TX pkt dscp=7 insert_pos=0 queue_size_before=0
[MAC 1] PickTxSlot(dest=16777215) active_nodes_for_slotting=3 opnet_slot_range=25
[MAC 1] PickTxSlot(dest=16777215) avoid:
[MAC 1] PickTxSlot chose 20 using OPNET free-slot ordinal range [1,25]
[MAC 1] starts Pre-Tx with new slot=20 holdoff_over=1
[MAC 1] PickTxSlot(dest=16777215) active_nodes_for_slotting=3 opnet_slot_range=25
[MAC 1] PickTxSlot(dest=16777215) avoid:
[MAC 1] PickTxSlot chose 12 using OPNET free-slot ordinal range [1,25]
[MAC 1] TX opportunity reached currentSlot=20 reserveNextSlot=12
... type=4 speedKey=8[t=35.5273] TX from node 1 to dest 16777215 seq 6 size 19 bytes segments 1 at slot 12 rate 8 kbps txPower 30 dBm (7843.14 bps) preamble LONG duration 1.0353 s
[MAC 1] OPNET aggregate transmitted segments=1 ackSegments=0 dataSegments=1 bytes=19 rate=8
[t=35.5273] RX SYNC at node 0 from node 1 seq 6 power 27.8722 dBm noise -106.975 dBm snr 134.847 dB state=1
[t=35.5273] RX SYNC at node 2 from node 1 seq 6 power 27.8722 dBm noise -106.975 dBm snr 134.847 dB state=1
[t=35.5339] MAC 0 enters Track on node 1 seq 6 power 27.8722 dBm
[t=35.5339] MAC 2 enters Track on node 1 seq 6 power 27.8722 dBm
[MAC 1] post-TX WAIT_FOR_ACK until 56.5626 (POST_TX_WAIT=20 s)
[t=36.5626] RX at node 0 from node 1 seq 6 rate 8 kbps txPower 30 dBm preamble LONG pathloss 2.12777 dB snr 134.847 dB (slot 12, len 19B, ackable=0)
[MAC 0] Learned neighbor 1 uses slot 12 (rtCounter=12)
[HOP 0] RX authenticated GroupEstablish Discover from=1 keyId=1 groupSeq=10
[MAC 0] active_nodes set to 2 for local slotting and post-TX wait
[NWK 0] active_nodes=2 pushed to MAC
[NWK 0] Updated HELLO neighbor=1 hopSrc=1 speedKey=8 activeNodes=3 pathloss=2.12777 snr=134.847
[NWK 0] link_calc neighbor=1 s0=-105 pathloss=2.12777 numFailures=0 speed=128 txPower=0 estDistance=75 speedMargin=120.872 totalMargin=132.872 costMode=local-only cost=29
[NWK 0] Updated route candidate dst=1 nextHop=1 hops=1 oldCost=29 newCost=29 valid=1->1 selectionDeferred=0 selected=1
[NWK 0] ARL route message from 1 type=Discover advCount=0
[NWK 0] ProcessDiscover from 1 subtype=Broadcast sequence=1
[NWK 0] Duplicate/old discovery sequence from 1 received=1 current=1
[NWK 0] Routes: dst=1->nh=1(hops=1,cost=29,linkCost=29,advCost=0,from=1,imm=1,pl=2.12777,valid=1,path=[1]) dst=2->nh=1(hops=2,cost=58,linkCost=29,advCost=29,from=1,imm=0,pl=2.12777,valid=1,path=[1->2])
[t=36.5626] RX at node 2 from node 1 seq 6 rate 8 kbps txPower 30 dBm preamble LONG pathloss 2.12777 dB snr 134.847 dB (slot 12, len 19B, ackable=0)
[MAC 2] Learned neighbor 1 uses slot 12 (rtCounter=12)
[HOP 2] RX authenticated GroupEstablish Discover from=1 keyId=1 groupSeq=10
[MAC 2] active_nodes set to 2 for local slotting and post-TX wait
[NWK 2] active_nodes=2 pushed to MAC
[NWK 2] Updated HELLO neighbor=1 hopSrc=1 speedKey=8 activeNodes=3 pathloss=2.12777 snr=134.847
[NWK 2] link_calc neighbor=1 s0=-105 pathloss=2.12777 numFailures=0 speed=128 txPower=0 estDistance=75 speedMargin=120.872 totalMargin=132.872 costMode=local-only cost=29
[NWK 2] Updated route candidate dst=1 nextHop=1 hops=1 oldCost=29 newCost=29 valid=1->1 selectionDeferred=0 selected=1
[NWK 2] ARL route message from 1 type=Discover advCount=0
[NWK 2] ProcessDiscover from 1 subtype=Broadcast sequence=1
[NWK 2] Duplicate/old discovery sequence from 1 received=1 current=1
[NWK 2] Routes: dst=1->nh=1(hops=1,cost=29,linkCost=29,advCost=0,from=1,imm=1,pl=2.12777,valid=1,path=[1]) dst=0->nh=1(hops=2,cost=58,linkCost=29,advCost=29,from=1,imm=0,pl=2.12777,valid=1,path=[1->0])
[MAC 1] local advertised reservation expired
[MAC 0] rtslot_counter expired for neighbor 1 reserveSlot=12
[MAC 2] rtslot_counter expired for neighbor 1 reserveSlot=12
[NWK 1] DiscoveryStop sequence=1
[NWK 1] Post-discovery routing refresh activeNeighbors=2
[NWK 1] recompute hop-cost neighbor=0 failures=0 costMode=local-only newLinkCost=29
[NWK 1] Recomputed route after link change dst=0 nextHop=0 oldCost=29 newCost=29 linkCost=29 advertisedCost=0 numFailures=0
[NWK 1] recompute hop-cost neighbor=2 failures=0 costMode=local-only newLinkCost=29
[NWK 1] Recomputed route after link change dst=2 nextHop=2 oldCost=29 newCost=29 linkCost=29 advertisedCost=0 numFailures=0
[NWK 1] Post-discovery requesting fresh routes neighbor=0
[NWK 1] Sending reliable RoutingRequest neighbor=0 routingSequence=6 attempt=1 retry=0
[HOP 1] link_control dest=0 neighborKnown=1 s0=-105 pathloss=2.12777 failures=0 speed=128 txPower=0 rxPower=-105 cost=29
[HOP 1] TX reliable RoutingControl targets=0:10
[MAC] Enqueue TX pkt dscp=7 insert_pos=0 queue_size_before=0
[NWK 1] Post-discovery requesting fresh routes neighbor=2
[NWK 1] Sending reliable RoutingRequest neighbor=2 routingSequence=7 attempt=1 retry=0
[HOP 1] link_control dest=2 neighborKnown=1 s0=-105 pathloss=2.12777 failures=0 speed=128 txPower=0 rxPower=-105 cost=29
[HOP 1] TX reliable RoutingControl targets=2:7
[MAC] Enqueue TX pkt dscp=7 insert_pos=1 queue_size_before=1
[NWK 1] Discovery table append node=2 needed=1 position=1
[NWK 1] TX legacy SNMP command=2 finalDestination=0 hopDestination=0 nodes=2
[HOP 1] TX legacy SNMP hopDestination=0 ackable=0 dscp=0
[MAC] Enqueue TX pkt dscp=0 insert_pos=2 queue_size_before=2
[NWK 1] Legacy discovery lifecycle complete initiator=0 knownNodes=2 completionReports=1
[NWK 1] TX legacy SNMP command=1 finalDestination=2 hopDestination=2 nodes=0
[HOP 1] TX legacy SNMP hopDestination=2 ackable=0 dscp=0
[MAC] Enqueue TX pkt dscp=0 insert_pos=3 queue_size_before=3
[NWK 1] SNMP discovery handoff target=2 watchdog=60s
[MAC 1] PickTxSlot(dest=0) active_nodes_for_slotting=3 opnet_slot_range=25
[MAC 1] PickTxSlot(dest=0) avoid:
[MAC 1] PickTxSlot chose 7 using OPNET free-slot ordinal range [1,25]
[MAC 1] starts Pre-Tx with new slot=7 holdoff_over=1
[MAC 1] PickTxSlot(dest=0) active_nodes_for_slotting=3 opnet_slot_range=25
[MAC 1] PickTxSlot(dest=0) avoid:
[MAC 1] PickTxSlot chose 6 using OPNET free-slot ordinal range [1,25]
[MAC 1] TX opportunity reached currentSlot=7 reserveNextSlot=6
... type=6 speedKey=8[t=40.3503] TX from node 1 to dest 0 seq 10 size 94 bytes segments 4 at slot 6 rate 8 kbps txPower 30 dBm (7843.14 bps) preamble SHORT duration 0.11934 s
[HOP 1] MAC sent confirmation dest=0 seq=10 transmission=1 sentAt=40.3503
[HOP 1] MAC sent confirmation dest=2 seq=7 transmission=1 sentAt=40.3503
[MAC 1] OPNET aggregate transmitted segments=4 ackSegments=0 dataSegments=4 bytes=94 rate=8
[t=40.3503] RX SYNC at node 0 from node 1 seq 10 power 27.8722 dBm noise -106.975 dBm snr 134.847 dB state=1
[t=40.3503] RX SYNC at node 2 from node 1 seq 10 power 27.8722 dBm noise -106.975 dBm snr 134.847 dB state=1
[t=40.3569] MAC 0 enters Track on node 1 seq 10 power 27.8722 dBm
[t=40.3569] MAC 2 enters Track on node 1 seq 10 power 27.8722 dBm
[MAC 1] post-TX WAIT_FOR_ACK until 60.4696 (POST_TX_WAIT=20 s)
[t=40.4696] RX at node 0 from node 1 seq 10 rate 8 kbps txPower 30 dBm preamble SHORT pathloss 2.12777 dB snr 134.847 dB (slot 6, len 94B, ackable=1)
[MAC 0] Learned neighbor 1 uses slot 6 (rtCounter=6)
[HOP 0] RX reliable RoutingControl from 1 seq=10 firstReception=1
[MAC 0] active_nodes set to 2 for local slotting and post-TX wait
[NWK 0] active_nodes=2 pushed to MAC
[NWK 0] Updated HELLO neighbor=1 hopSrc=1 speedKey=8 activeNodes=3 pathloss=2.12777 snr=134.847
[NWK 0] link_calc neighbor=1 s0=-105 pathloss=2.12777 numFailures=0 speed=128 txPower=0 estDistance=75 speedMargin=120.872 totalMargin=132.872 costMode=local-only cost=29
[NWK 0] Updated route candidate dst=1 nextHop=1 hops=1 oldCost=29 newCost=29 valid=1->1 selectionDeferred=0 selected=1
[NWK 0] ARL route message from 1 type=RoutingUpdate advCount=0
[NWK 0] Received RoutingRequest from=1 routingSequence=6; scheduling reliable INFO/UPDATE/FLUSH snapshot
[NWK 0] Routes: dst=1->nh=1(hops=1,cost=29,linkCost=29,advCost=0,from=1,imm=1,pl=2.12777,valid=1,path=[1]) dst=2->nh=1(hops=2,cost=58,linkCost=29,advCost=29,from=1,imm=0,pl=2.12777,valid=1,path=[1->2])
[HOP 0] link_control dest=1 neighborKnown=1 s0=-105 pathloss=2.12777 failures=0 speed=128 txPower=0 rxPower=-105 cost=29
[HOP 0] ACK RoutingControl to 1 seq=10
[MAC 0] Enqueue ACK dest=1 seq=10 window=0 ack_queue_size=1
[HOP 0] RX legacy SNMP from 1 command=2
[NWK 0] RX SNMP_DISCOVERY_DONE source=1 hopSource=1 advertisedNodes=2
[NWK 0] Discovery table append node=2 needed=1 position=1
[NWK 0] TX legacy SNMP command=1 finalDestination=2 hopDestination=1 nodes=0
[HOP 0] TX legacy SNMP hopDestination=1 ackable=0 dscp=0
[MAC] Enqueue TX pkt dscp=0 insert_pos=0 queue_size_before=0
[NWK 0] SNMP discovery handoff target=2 watchdog=60s
[HOP 0] Overheard legacy SNMP from 1 for hop 2 ignored without neighbor update
[MAC 0] PickTxSlot(dest=1) active_nodes_for_slotting=3 opnet_slot_range=25
[MAC 0] avoiding neighbor 1 currentReservedSlot=6 rtslot_counter=6
[MAC 0] PickTxSlot(dest=1) avoid: 6
[MAC 0] PickTxSlot chose 13 using OPNET free-slot ordinal range [1,25]
[MAC 0] starts Pre-Tx with new slot=13 holdoff_over=1
[t=40.4696] RX at node 2 from node 1 seq 10 rate 8 kbps txPower 30 dBm preamble SHORT pathloss 2.12777 dB snr 134.847 dB (slot 6, len 94B, ackable=1)
[MAC 2] Learned neighbor 1 uses slot 6 (rtCounter=6)
[HOP 2] RX reliable RoutingControl from 1 seq=7 firstReception=1
[MAC 2] active_nodes set to 2 for local slotting and post-TX wait
[NWK 2] active_nodes=2 pushed to MAC
[NWK 2] Updated HELLO neighbor=1 hopSrc=1 speedKey=8 activeNodes=3 pathloss=2.12777 snr=134.847
[NWK 2] link_calc neighbor=1 s0=-105 pathloss=2.12777 numFailures=0 speed=128 txPower=0 estDistance=75 speedMargin=120.872 totalMargin=132.872 costMode=local-only cost=29
[NWK 2] Updated route candidate dst=1 nextHop=1 hops=1 oldCost=29 newCost=29 valid=1->1 selectionDeferred=0 selected=1
[NWK 2] ARL route message from 1 type=RoutingUpdate advCount=0
[NWK 2] Received RoutingRequest from=1 routingSequence=7; scheduling reliable INFO/UPDATE/FLUSH snapshot
[NWK 2] Routes: dst=1->nh=1(hops=1,cost=29,linkCost=29,advCost=0,from=1,imm=1,pl=2.12777,valid=1,path=[1]) dst=0->nh=1(hops=2,cost=58,linkCost=29,advCost=29,from=1,imm=0,pl=2.12777,valid=1,path=[1->0])
[HOP 2] link_control dest=1 neighborKnown=1 s0=-105 pathloss=2.12777 failures=0 speed=128 txPower=0 rxPower=-105 cost=29
[HOP 2] ACK RoutingControl to 1 seq=7
[MAC 2] Enqueue ACK dest=1 seq=7 window=0 ack_queue_size=1
[HOP 2] Overheard legacy SNMP from 1 for hop 0 ignored without neighbor update
[HOP 2] RX legacy SNMP from 1 command=1
[NWK 2] RX SNMP_START_DISCOVERY source=1 hopSource=1 delay=0 state=0
[NWK 2] Discovery table append node=1 needed=0 position=0
[MAC 2] PickTxSlot(dest=1) active_nodes_for_slotting=3 opnet_slot_range=25
[MAC 2] avoiding neighbor 1 currentReservedSlot=6 rtslot_counter=6
[MAC 2] PickTxSlot(dest=1) avoid: 6
[MAC 2] PickTxSlot chose 12 using OPNET free-slot ordinal range [1,25]
[MAC 2] starts Pre-Tx with new slot=12 holdoff_over=1
[NWK 0] Built ARL routing byte stream routingSequence=5 records=5 advertisedRoutes=3 recordBytes=60 sections=1 maxSectionBytes=700
[NWK 0] Starting reliable ARL RoutingSnapshot neighbor=1 routingSequence=5 sections=1
[NWK 0] Sending ARL RoutingSnapshot section=0/1 neighbor=1 routingSequence=5
[HOP 0] link_control dest=1 neighborKnown=1 s0=-105 pathloss=2.12777 failures=0 speed=128 txPower=0 rxPower=-105 cost=29
[HOP 0] TX reliable RoutingControl targets=1:10
[MAC] Enqueue TX pkt dscp=7 insert_pos=0 queue_size_before=1
[NWK 0] Armed RoutingSnapshot watchdog neighbor=1 phase=awaiting-independent-section-acks generation=3 timeoutSec=20
[NWK 2] Built ARL routing byte stream routingSequence=2 records=5 advertisedRoutes=3 recordBytes=60 sections=1 maxSectionBytes=700
[NWK 2] Starting reliable ARL RoutingSnapshot neighbor=1 routingSequence=2 sections=1
[NWK 2] Sending ARL RoutingSnapshot section=0/1 neighbor=1 routingSequence=2
[HOP 2] link_control dest=1 neighborKnown=1 s0=-105 pathloss=2.12777 failures=0 speed=128 txPower=0 rxPower=-105 cost=29
[HOP 2] TX reliable RoutingControl targets=1:7
[MAC] Enqueue TX pkt dscp=7 insert_pos=0 queue_size_before=0
[NWK 2] Armed RoutingSnapshot watchdog neighbor=1 phase=awaiting-independent-section-acks generation=3 timeoutSec=20
[NWK 2] DiscoveryStart Broadcast sequence=1 resetVerifiedNeighbors=1
[NWK 2] ARL Discover sent without Routes_PAYLOAD
[NWK 2] HELLO advertising 0 routes
[NWK 2] HELLO ARL route msg type=1
[HOP 2] link_control dest=16777215 neighborKnown=0 speed=8 txPower=30 rxPower=-105
[HOP 2] TX GroupEstablish Discover securityCount=1 securityBytes=7
[MAC] Enqueue TX pkt dscp=7 insert_pos=1 queue_size_before=1
[MAC 0] rtslot_counter expired for neighbor 1 reserveSlot=6
[MAC 2] rtslot_counter expired for neighbor 1 reserveSlot=6
[MAC 1] local advertised reservation expired
[MAC 2] PickTxSlot(dest=1) active_nodes_for_slotting=3 opnet_slot_range=25
[MAC 2] PickTxSlot(dest=1) avoid:
[MAC 2] PickTxSlot chose 10 using OPNET free-slot ordinal range [1,25]
[MAC 2] TX opportunity reached currentSlot=12 reserveNextSlot=10
... type=1 speedKey=8[t=40.631] TX from node 2 to dest 1 seq 7 size 131 bytes segments 3 at slot 10 rate 8 kbps txPower 30 dBm (7843.14 bps) preamble LONG duration 1.14954 s
[HOP 2] MAC sent confirmation dest=1 seq=7 transmission=1 sentAt=40.631
[MAC 2] ACK transmitted in aggregate dest=1 seq=7 txCount=1/5
[MAC 2] OPNET aggregate transmitted segments=3 ackSegments=1 dataSegments=2 bytes=131 rate=8
[t=40.631] RX SYNC at node 1 from node 2 seq 7 power 27.8722 dBm noise -106.975 dBm snr 134.847 dB state=1
[t=40.6376] MAC 1 enters Track on node 2 seq 7 power 27.8722 dBm
[MAC 0] PickTxSlot(dest=1) active_nodes_for_slotting=3 opnet_slot_range=25
[MAC 0] PickTxSlot(dest=1) avoid:
[MAC 0] PickTxSlot chose 8 using OPNET free-slot ordinal range [1,25]
[MAC 0] TX opportunity reached currentSlot=13 reserveNextSlot=8
... type=1 speedKey=8[t=40.641] TX from node 0 to dest 1 seq 10 size 143 bytes segments 3 at slot 8 rate 8 kbps txPower 30 dBm (7843.14 bps) preamble SHORT duration 0.16932 s
[HOP 0] MAC sent confirmation dest=1 seq=10 transmission=1 sentAt=40.641
[MAC 0] ACK transmitted in aggregate dest=1 seq=10 txCount=1/5
[MAC 0] OPNET aggregate transmitted segments=3 ackSegments=1 dataSegments=2 bytes=143 rate=8
[t=40.641] RX SYNC at node 1 from node 0 seq 10 power 27.8722 dBm noise -106.975 dBm snr 134.847 dB state=2
[MAC 0] resumes Pre-Tx with live slot=8 counter=8
[MAC 0] PickTxSlot(dest=1) active_nodes_for_slotting=3 opnet_slot_range=25
[MAC 0] PickTxSlot(dest=1) avoid:
[MAC 0] PickTxSlot chose 19 using OPNET free-slot ordinal range [1,25]
[MAC 0] TX opportunity reached currentSlot=8 reserveNextSlot=19
... type=1 speedKey=128[t=40.927] TX from node 0 to dest 1 seq 10 size 30 bytes segments 1 at slot 19 rate 128 kbps txPower 0 dBm (133333 bps) preamble SHORT duration 0.02142 s
[MAC 0] ACK transmitted in aggregate dest=1 seq=10 txCount=2/5
[MAC 0] OPNET aggregate transmitted segments=1 ackSegments=1 dataSegments=0 bytes=30 rate=128
[t=40.927] RX SYNC at node 1 from node 0 seq 10 power -2.12777 dBm noise 27.8722 dBm snr -30 dB state=2 below-threshold
[MAC 0] resumes Pre-Tx with live slot=19 counter=19
[MAC 0] PickTxSlot(dest=1) active_nodes_for_slotting=3 opnet_slot_range=25
[MAC 0] PickTxSlot(dest=1) avoid:
[MAC 0] PickTxSlot chose 20 using OPNET free-slot ordinal range [1,25]
[MAC 0] TX opportunity reached currentSlot=19 reserveNextSlot=20
... type=1 speedKey=128[t=41.2] TX from node 0 to dest 1 seq 10 size 30 bytes segments 1 at slot 20 rate 128 kbps txPower 0 dBm (133333 bps) preamble SHORT duration 0.02142 s
[MAC 0] ACK transmitted in aggregate dest=1 seq=10 txCount=3/5
[MAC 0] OPNET aggregate transmitted segments=1 ackSegments=1 dataSegments=0 bytes=30 rate=128
[t=41.2] RX SYNC at node 1 from node 0 seq 10 power -2.12777 dBm noise 27.8722 dBm snr -30 dB state=2 below-threshold
[MAC 0] resumes Pre-Tx with live slot=20 counter=20
[MAC 0] PickTxSlot(dest=1) active_nodes_for_slotting=3 opnet_slot_range=25
[MAC 0] PickTxSlot(dest=1) avoid:
[MAC 0] PickTxSlot chose 15 using OPNET free-slot ordinal range [1,25]
[MAC 0] TX opportunity reached currentSlot=20 reserveNextSlot=15
... type=1 speedKey=128[t=41.486] TX from node 0 to dest 1 seq 10 size 30 bytes segments 1 at slot 15 rate 128 kbps txPower 0 dBm (133333 bps) preamble SHORT duration 0.02142 s
[MAC 0] ACK transmitted in aggregate dest=1 seq=10 txCount=4/5
[MAC 0] OPNET aggregate transmitted segments=1 ackSegments=1 dataSegments=0 bytes=30 rate=128
[t=41.486] RX SYNC at node 1 from node 0 seq 10 power -2.12777 dBm noise 27.8722 dBm snr -30 dB state=2 below-threshold
[MAC 0] resumes Pre-Tx with live slot=15 counter=15
[MAC 0] PickTxSlot(dest=1) active_nodes_for_slotting=3 opnet_slot_range=25
[MAC 0] PickTxSlot(dest=1) avoid:
[MAC 0] PickTxSlot chose 15 using OPNET free-slot ordinal range [1,25]
[MAC 0] TX opportunity reached currentSlot=15 reserveNextSlot=15
... type=1 speedKey=128[t=41.707] TX from node 0 to dest 1 seq 10 size 30 bytes segments 1 at slot 15 rate 128 kbps txPower 0 dBm (133333 bps) preamble SHORT duration 0.02142 s
[MAC 0] ACK transmitted in aggregate dest=1 seq=10 txCount=5/5
[MAC 0] Remove ACK after OPNET resend limit dest=1 seq=10
[MAC 0] OPNET aggregate transmitted segments=1 ackSegments=1 dataSegments=0 bytes=30 rate=128
[t=41.707] RX SYNC at node 1 from node 0 seq 10 power -2.12777 dBm noise 27.8722 dBm snr -30 dB state=2 below-threshold
[MAC 0] post-TX WAIT_FOR_ACK until 60.2284 (POST_TX_WAIT=18.5 s)
[MAC 2] resumes Pre-Tx with live slot=10 counter=10
[t=41.7805] RX DROP at node 1 from node 2 seq 7 (collision)
[MAC 2] PickTxSlot(dest=1) active_nodes_for_slotting=3 opnet_slot_range=25
[MAC 2] PickTxSlot(dest=1) avoid:
[MAC 2] PickTxSlot chose 2 using OPNET free-slot ordinal range [1,25]
[MAC 2] TX opportunity reached currentSlot=10 reserveNextSlot=2
... type=1 speedKey=128[t=41.918] TX from node 2 to dest 1 seq 7 size 30 bytes segments 1 at slot 2 rate 128 kbps txPower 0 dBm (133333 bps) preamble SHORT duration 0.02142 s
[MAC 2] ACK transmitted in aggregate dest=1 seq=7 txCount=2/5
[MAC 2] OPNET aggregate transmitted segments=1 ackSegments=1 dataSegments=0 bytes=30 rate=128
[t=41.918] RX SYNC at node 1 from node 2 seq 7 power -2.12777 dBm noise -106.975 dBm snr 104.847 dB state=1
[t=41.9246] MAC 1 enters Track on node 2 seq 7 power -2.12777 dBm
[MAC 0] local advertised reservation expired
[MAC 2] resumes Pre-Tx with live slot=2 counter=2
[t=41.9394] RX at node 1 from node 2 seq 7 rate 128 kbps txPower 0 dBm preamble SHORT pathloss 2.12777 dB snr 104.847 dB (slot 2, len 30B, ackable=0)
[MAC 1] Learned neighbor 2 uses slot 2 (rtCounter=2)
[HOP 1] RX ACK from 2 seq=7
[HOP 1] Reliable RoutingControl completed with 2 seq=7 routingSequence=7 section=0/1
[NWK 1] Reliable RoutingControl ACKed neighbor=2 routingSequence=7 operation=Request section=0/1 lastOfInfo=1
[NWK 1] CheckNwkQueue: size=0
[MAC 2] PickTxSlot(dest=1) active_nodes_for_slotting=3 opnet_slot_range=25
[MAC 2] PickTxSlot(dest=1) avoid:
[MAC 2] PickTxSlot chose 15 using OPNET free-slot ordinal range [1,25]
[MAC 2] TX opportunity reached currentSlot=2 reserveNextSlot=15
... type=1 speedKey=128[t=41.97] TX from node 2 to dest 1 seq 7 size 30 bytes segments 1 at slot 15 rate 128 kbps txPower 0 dBm (133333 bps) preamble SHORT duration 0.02142 s
[MAC 2] ACK transmitted in aggregate dest=1 seq=7 txCount=3/5
[MAC 2] OPNET aggregate transmitted segments=1 ackSegments=1 dataSegments=0 bytes=30 rate=128
[t=41.97] RX SYNC at node 1 from node 2 seq 7 power -2.12777 dBm noise -106.975 dBm snr 104.847 dB state=1
[t=41.9766] MAC 1 enters Track on node 2 seq 7 power -2.12777 dBm
[MAC 2] resumes Pre-Tx with live slot=15 counter=15
[t=41.9914] RX at node 1 from node 2 seq 7 rate 128 kbps txPower 0 dBm preamble SHORT pathloss 2.12777 dB snr 104.847 dB (slot 15, len 30B, ackable=0)
[MAC 1] Learned neighbor 2 uses slot 15 (rtCounter=15)
[HOP 1] RX ACK from 2 seq=7
[NWK 1] CheckNwkQueue: size=0
[MAC 2] PickTxSlot(dest=1) active_nodes_for_slotting=3 opnet_slot_range=25
[MAC 2] PickTxSlot(dest=1) avoid:
[MAC 2] PickTxSlot chose 17 using OPNET free-slot ordinal range [1,25]
[MAC 2] TX opportunity reached currentSlot=15 reserveNextSlot=17
... type=1 speedKey=128[t=42.191] TX from node 2 to dest 1 seq 7 size 30 bytes segments 1 at slot 17 rate 128 kbps txPower 0 dBm (133333 bps) preamble SHORT duration 0.02142 s
[MAC 2] ACK transmitted in aggregate dest=1 seq=7 txCount=4/5
[MAC 2] OPNET aggregate transmitted segments=1 ackSegments=1 dataSegments=0 bytes=30 rate=128
[t=42.191] RX SYNC at node 1 from node 2 seq 7 power -2.12777 dBm noise -106.975 dBm snr 104.847 dB state=1
[t=42.1976] MAC 1 enters Track on node 2 seq 7 power -2.12777 dBm
[MAC 2] resumes Pre-Tx with live slot=17 counter=17
[t=42.2124] RX at node 1 from node 2 seq 7 rate 128 kbps txPower 0 dBm preamble SHORT pathloss 2.12777 dB snr 104.847 dB (slot 17, len 30B, ackable=0)
[MAC 1] Learned neighbor 2 uses slot 17 (rtCounter=17)
[HOP 1] RX ACK from 2 seq=7
[NWK 1] CheckNwkQueue: size=0
[MAC] Enqueue TX pkt dscp=7 insert_pos=0 queue_size_before=0
[MAC 1] PickTxSlot(dest=0) active_nodes_for_slotting=3 opnet_slot_range=25
[MAC 1] avoiding neighbor 2 currentReservedSlot=6 rtslot_counter=6
[MAC 1] PickTxSlot(dest=0) avoid: 6
[MAC 1] PickTxSlot chose 17 using OPNET free-slot ordinal range [1,25]
[MAC 1] starts Pre-Tx with new slot=17 holdoff_over=1
[MAC 2] PickTxSlot(dest=1) active_nodes_for_slotting=3 opnet_slot_range=25
[MAC 2] PickTxSlot(dest=1) avoid:
[MAC 2] PickTxSlot chose 5 using OPNET free-slot ordinal range [1,25]
[MAC 2] TX opportunity reached currentSlot=17 reserveNextSlot=5
... type=1 speedKey=128[t=42.438] TX from node 2 to dest 1 seq 7 size 30 bytes segments 1 at slot 5 rate 128 kbps txPower 0 dBm (133333 bps) preamble SHORT duration 0.02142 s
[MAC 2] ACK transmitted in aggregate dest=1 seq=7 txCount=5/5
[MAC 2] Remove ACK after OPNET resend limit dest=1 seq=7
[MAC 2] OPNET aggregate transmitted segments=1 ackSegments=1 dataSegments=0 bytes=30 rate=128
[t=42.438] RX SYNC at node 1 from node 2 seq 7 power -2.12777 dBm noise -106.975 dBm snr 104.847 dB state=1
[t=42.4446] MAC 1 enters Track on node 2 seq 7 power -2.12777 dBm
[MAC 2] post-TX WAIT_FOR_ACK until 60.9594 (POST_TX_WAIT=18.5 s)
[t=42.4594] RX at node 1 from node 2 seq 7 rate 128 kbps txPower 0 dBm preamble SHORT pathloss 2.12777 dB snr 104.847 dB (slot 5, len 30B, ackable=0)
[MAC 1] Learned neighbor 2 uses slot 5 (rtCounter=5)
[HOP 1] RX ACK from 2 seq=7
[NWK 1] CheckNwkQueue: size=0
[MAC 2] local advertised reservation expired
[MAC 1] rtslot_counter expired for neighbor 2 reserveSlot=5
[MAC 1] PickTxSlot(dest=0) active_nodes_for_slotting=3 opnet_slot_range=25
[MAC 1] PickTxSlot(dest=0) avoid:
[MAC 1] PickTxSlot chose 10 using OPNET free-slot ordinal range [1,25]
[MAC 1] TX opportunity reached currentSlot=17 reserveNextSlot=10
... type=6 speedKey=128[t=42.6123] TX from node 1 to dest 0 seq 10 size 16 bytes segments 1 at slot 10 rate 128 kbps txPower 0 dBm (133333 bps) preamble SHORT duration 0.02058 s
[HOP 1] MAC sent confirmation dest=0 seq=10 transmission=2 sentAt=42.6123
[MAC 1] OPNET aggregate transmitted segments=1 ackSegments=0 dataSegments=1 bytes=16 rate=128
[t=42.6123] RX SYNC at node 0 from node 1 seq 10 power -2.12777 dBm noise -106.975 dBm snr 104.847 dB state=1
[t=42.6123] RX SYNC at node 2 from node 1 seq 10 power -2.12777 dBm noise -106.975 dBm snr 104.847 dB state=1
[t=42.6189] MAC 0 enters Track on node 1 seq 10 power -2.12777 dBm
[t=42.6189] MAC 2 enters Track on node 1 seq 10 power -2.12777 dBm
[MAC] Enqueue TX pkt dscp=7 insert_pos=0 queue_size_before=0
[MAC 1] post-TX WAIT_FOR_ACK until 62.6329 (POST_TX_WAIT=20 s)
[t=42.6329] RX at node 0 from node 1 seq 10 rate 128 kbps txPower 0 dBm preamble SHORT pathloss 2.12777 dB snr 104.847 dB (slot 10, len 16B, ackable=1)
[MAC 0] Learned neighbor 1 uses slot 10 (rtCounter=10)
[HOP 0] link_control dest=1 neighborKnown=1 s0=-105 pathloss=2.12777 failures=0 speed=128 txPower=0 rxPower=-105 cost=29
[HOP 0] ACK authenticated duplicate Group16 RoutingControl to 1 seq=10
[MAC 0] Enqueue ACK dest=1 seq=10 window=0 ack_queue_size=1
[MAC 0] PickTxSlot(dest=1) active_nodes_for_slotting=3 opnet_slot_range=25
[MAC 0] avoiding neighbor 1 currentReservedSlot=10 rtslot_counter=10
[MAC 0] PickTxSlot(dest=1) avoid: 10
[MAC 0] PickTxSlot chose 9 using OPNET free-slot ordinal range [1,25]
[MAC 0] starts Pre-Tx with new slot=9 holdoff_over=1
[t=42.6329] RX OVERHEARD at node 2 from node 1 seq 10 rate 128 kbps txPower 0 dBm preamble SHORT pathloss 2.12777 dB snr 104.847 dB (slot 10, len 16B, ackable=1)
[MAC 2] Learned neighbor 1 uses slot 10 (rtCounter=10)
[MAC 2] PickTxSlot(dest=1) active_nodes_for_slotting=3 opnet_slot_range=25
[MAC 2] avoiding neighbor 1 currentReservedSlot=10 rtslot_counter=10
[MAC 2] PickTxSlot(dest=1) avoid: 10
[MAC 2] PickTxSlot chose 18 using OPNET free-slot ordinal range [1,25]
[MAC 2] starts Pre-Tx with new slot=18 holdoff_over=1
[MAC] Enqueue TX pkt dscp=7 insert_pos=0 queue_size_before=0
[MAC 0] PickTxSlot(dest=1) active_nodes_for_slotting=3 opnet_slot_range=25
[MAC 0] avoiding neighbor 1 currentReservedSlot=0 rtslot_counter=0
[MAC 0] PickTxSlot(dest=1) avoid:
[MAC 0] PickTxSlot chose 16 using OPNET free-slot ordinal range [1,25]
[MAC 0] TX opportunity reached currentSlot=9 reserveNextSlot=16
... type=1 speedKey=128[t=42.76] TX from node 0 to dest 1 seq 10 size 112 bytes segments 2 at slot 16 rate 128 kbps txPower 0 dBm (133333 bps) preamble SHORT duration 0.02634 s
[HOP 0] MAC sent confirmation dest=1 seq=10 transmission=2 sentAt=42.76
[MAC 0] ACK transmitted in aggregate dest=1 seq=10 txCount=1/5
[MAC 0] OPNET aggregate transmitted segments=2 ackSegments=1 dataSegments=1 bytes=112 rate=128
[t=42.76] RX SYNC at node 1 from node 0 seq 10 power -2.12777 dBm noise -106.975 dBm snr 104.847 dB state=1
[MAC 2] rtslot_counter expired for neighbor 1 reserveSlot=10
[t=42.7666] MAC 1 enters Track on node 0 seq 10 power -2.12777 dBm
[MAC 0] resumes Pre-Tx with live slot=16 counter=16
[t=42.7863] RX at node 1 from node 0 seq 10 rate 128 kbps txPower 0 dBm preamble SHORT pathloss 2.12777 dB snr 104.847 dB (slot 16, len 112B, ackable=1)
[MAC 1] Learned neighbor 0 uses slot 16 (rtCounter=16)
[HOP 1] RX ACK from 0 seq=10
[HOP 1] Reliable RoutingControl completed with 0 seq=10 routingSequence=6 section=0/1
[NWK 1] Reliable RoutingControl ACKed neighbor=0 routingSequence=6 operation=Request section=0/1 lastOfInfo=1
[HOP 1] RX reliable RoutingControl from 0 seq=10 firstReception=1
[MAC 1] active_nodes set to 3 for local slotting and post-TX wait
[NWK 1] active_nodes=3 pushed to MAC
[NWK 1] Updated HELLO neighbor=0 hopSrc=0 speedKey=8 activeNodes=2 pathloss=2.12777 snr=104.847
[NWK 1] link_calc neighbor=0 s0=-105 pathloss=2.12777 numFailures=0 speed=128 txPower=0 estDistance=75 speedMargin=120.872 totalMargin=132.872 costMode=local-only cost=29
[NWK 1] Updated route candidate dst=0 nextHop=0 hops=1 oldCost=29 newCost=29 valid=1->1 selectionDeferred=0 selected=1
[NWK 1] ARL route message from 0 type=RoutingUpdate advCount=0
[NWK 1] Buffered ARL routing section from=0 routingSequence=5 section=0/1 buffered=1
[NWK 1] Reassembled complete ARL routing message from=0 routingSequence=5 sections=1 recordBytes=60 records=5
[NWK 1] Applied ARL INFO from=0 routingSequence=5
[NWK 1] Applied source-owned neighbor capability neighbor=0 capability=2 routingSequence=5 directCost=29
[NWK 1] Ignoring unsupported ARL UPDATE node node24=1 from=0
[NWK 1] Applied ARL FLUSH from=0 routingSequence=5 routesInvalidated=0
[NWK 1] Routes: dst=0->nh=0(hops=1,cost=29,linkCost=29,advCost=0,from=0,imm=1,pl=2.12777,valid=1,path=[0]) dst=2->nh=2(hops=1,cost=29,linkCost=29,advCost=0,from=2,imm=1,pl=2.12777,valid=1,path=[2]) dst=0->nh=2(hops=3,cost=0,linkCost=0,advCost=58,from=2,imm=0,pl=nan,valid=0,path=[1->0]) dst=2->nh=0(hops=3,cost=0,linkCost=0,advCost=58,from=0,imm=0,pl=nan,valid=0,path=[1->2])
[HOP 1] link_control dest=0 neighborKnown=1 s0=-105 pathloss=2.12777 failures=0 speed=128 txPower=0 rxPower=-105 cost=29
[HOP 1] ACK RoutingControl to 0 seq=10
[MAC 1] Enqueue ACK dest=0 seq=10 window=0 ack_queue_size=1
[MAC 1] resumes Pre-Tx with live slot=10 counter=0
[NWK 1] CheckNwkQueue: size=0
[MAC 1] PickTxSlot(dest=0) active_nodes_for_slotting=3 opnet_slot_range=25
[MAC 1] avoiding neighbor 0 currentReservedSlot=15 rtslot_counter=15
[MAC 1] PickTxSlot(dest=0) avoid: 15
[MAC 1] PickTxSlot chose 4 using OPNET free-slot ordinal range [1,25]
[MAC 1] TX opportunity reached currentSlot=10 reserveNextSlot=4
... type=1 speedKey=128[t=42.7943] TX from node 1 to dest 0 seq 10 size 30 bytes segments 1 at slot 4 rate 128 kbps txPower 0 dBm (133333 bps) preamble SHORT duration 0.02142 s
[MAC 1] ACK transmitted in aggregate dest=0 seq=10 txCount=1/5
[MAC 1] OPNET aggregate transmitted segments=1 ackSegments=1 dataSegments=0 bytes=30 rate=128
[t=42.7943] RX SYNC at node 0 from node 1 seq 10 power -2.12777 dBm noise -106.975 dBm snr 104.847 dB state=1
[t=42.7943] RX SYNC at node 2 from node 1 seq 10 power -2.12777 dBm noise -106.975 dBm snr 104.847 dB state=1
[t=42.8009] MAC 0 enters Track on node 1 seq 10 power -2.12777 dBm
[t=42.8009] MAC 2 enters Track on node 1 seq 10 power -2.12777 dBm
[MAC 1] resumes Pre-Tx with live slot=4 counter=4
[t=42.8157] RX at node 0 from node 1 seq 10 rate 128 kbps txPower 0 dBm preamble SHORT pathloss 2.12777 dB snr 104.847 dB (slot 4, len 30B, ackable=0)
[MAC 0] Learned neighbor 1 uses slot 4 (rtCounter=4)
[HOP 0] RX ACK from 1 seq=10
[HOP 0] Reliable RoutingControl completed with 1 seq=10 routingSequence=5 section=0/1
[NWK 0] Reliable RoutingControl ACKed neighbor=1 routingSequence=5 operation=Update section=0/1 lastOfInfo=1
[NWK 0] ARL RoutingSnapshot section ACKed neighbor=1 routingSequence=5 section=0/1 ackedSections=1
[NWK 0] Reliable ARL RoutingSnapshot completed neighbor=1 routingSequence=5 sections=1
[t=42.8157] RX OVERHEARD at node 2 from node 1 seq 10 rate 128 kbps txPower 0 dBm preamble SHORT pathloss 2.12777 dB snr 104.847 dB (slot 4, len 30B, ackable=0)
[MAC 2] Learned neighbor 1 uses slot 4 (rtCounter=4)
[HOP 2] Overheard frame from 1 for 0 type=1 ignored after neighbor update
[NWK 0] CheckNwkQueue: size=0
[MAC 1] PickTxSlot(dest=0) active_nodes_for_slotting=3 opnet_slot_range=25
[MAC 1] avoiding neighbor 0 currentReservedSlot=10 rtslot_counter=10
[MAC 1] PickTxSlot(dest=0) avoid: 10
[MAC 1] PickTxSlot chose 20 using OPNET free-slot ordinal range [1,25]
[MAC 1] TX opportunity reached currentSlot=4 reserveNextSlot=20
... type=1 speedKey=128[t=42.8723] TX from node 1 to dest 0 seq 10 size 30 bytes segments 1 at slot 20 rate 128 kbps txPower 0 dBm (133333 bps) preamble SHORT duration 0.02142 s
[MAC 1] ACK transmitted in aggregate dest=0 seq=10 txCount=2/5
[MAC 1] OPNET aggregate transmitted segments=1 ackSegments=1 dataSegments=0 bytes=30 rate=128
[t=42.8723] RX SYNC at node 0 from node 1 seq 10 power -2.12777 dBm noise -106.975 dBm snr 104.847 dB state=1
[t=42.8723] RX SYNC at node 2 from node 1 seq 10 power -2.12777 dBm noise -106.975 dBm snr 104.847 dB state=1
[t=42.8789] MAC 0 enters Track on node 1 seq 10 power -2.12777 dBm
[t=42.8789] MAC 2 enters Track on node 1 seq 10 power -2.12777 dBm
[MAC 1] resumes Pre-Tx with live slot=20 counter=20
[t=42.8937] RX at node 0 from node 1 seq 10 rate 128 kbps txPower 0 dBm preamble SHORT pathloss 2.12777 dB snr 104.847 dB (slot 20, len 30B, ackable=0)
[MAC 0] Learned neighbor 1 uses slot 20 (rtCounter=20)
[HOP 0] RX ACK from 1 seq=10
[t=42.8937] RX OVERHEARD at node 2 from node 1 seq 10 rate 128 kbps txPower 0 dBm preamble SHORT pathloss 2.12777 dB snr 104.847 dB (slot 20, len 30B, ackable=0)
[MAC 2] Learned neighbor 1 uses slot 20 (rtCounter=20)
[HOP 2] Overheard frame from 1 for 0 type=1 ignored after neighbor update
[NWK 0] CheckNwkQueue: size=0
[MAC 2] PickTxSlot(dest=1) active_nodes_for_slotting=3 opnet_slot_range=25
[MAC 2] avoiding neighbor 1 currentReservedSlot=18 rtslot_counter=18
[MAC 2] PickTxSlot(dest=1) avoid: 18
[MAC 2] PickTxSlot chose 11 using OPNET free-slot ordinal range [1,25]
[MAC 2] TX opportunity reached currentSlot=18 reserveNextSlot=11
... type=6 speedKey=128[t=42.919] TX from node 2 to dest 1 seq 7 size 82 bytes segments 1 at slot 11 rate 128 kbps txPower 0 dBm (133333 bps) preamble SHORT duration 0.02454 s
[HOP 2] MAC sent confirmation dest=1 seq=7 transmission=2 sentAt=42.919
[MAC 2] OPNET aggregate transmitted segments=1 ackSegments=0 dataSegments=1 bytes=82 rate=128
[t=42.919] RX SYNC at node 1 from node 2 seq 7 power -2.12777 dBm noise -106.975 dBm snr 104.847 dB state=1
[t=42.9256] MAC 1 enters Track on node 2 seq 7 power -2.12777 dBm
[MAC 2] post-TX WAIT_FOR_ACK until 61.4435 (POST_TX_WAIT=18.5 s)
[t=42.9435] RX at node 1 from node 2 seq 7 rate 128 kbps txPower 0 dBm preamble SHORT pathloss 2.12777 dB snr 104.847 dB (slot 11, len 82B, ackable=1)
[MAC 1] Learned neighbor 2 uses slot 11 (rtCounter=11)
[HOP 1] RX reliable RoutingControl from 2 seq=7 firstReception=1
[MAC 1] active_nodes set to 3 for local slotting and post-TX wait
[NWK 1] active_nodes=3 pushed to MAC
[NWK 1] Updated HELLO neighbor=2 hopSrc=2 speedKey=8 activeNodes=2 pathloss=2.12777 snr=104.847
[NWK 1] link_calc neighbor=2 s0=-105 pathloss=2.12777 numFailures=0 speed=128 txPower=0 estDistance=75 speedMargin=120.872 totalMargin=132.872 costMode=local-only cost=29
[NWK 1] Updated route candidate dst=2 nextHop=2 hops=1 oldCost=29 newCost=29 valid=1->1 selectionDeferred=0 selected=1
[NWK 1] ARL route message from 2 type=RoutingUpdate advCount=0
[NWK 1] Buffered ARL routing section from=2 routingSequence=2 section=0/1 buffered=1
[NWK 1] Reassembled complete ARL routing message from=2 routingSequence=2 sections=1 recordBytes=60 records=5
[NWK 1] Applied ARL INFO from=2 routingSequence=2
[NWK 1] Applied source-owned neighbor capability neighbor=2 capability=1 routingSequence=2 directCost=29
[NWK 1] Ignoring unsupported ARL UPDATE node node24=1 from=2
[NWK 1] Applied ARL FLUSH from=2 routingSequence=2 routesInvalidated=0
[NWK 1] Routes: dst=0->nh=0(hops=1,cost=29,linkCost=29,advCost=0,from=0,imm=1,pl=2.12777,valid=1,path=[0]) dst=2->nh=2(hops=1,cost=29,linkCost=29,advCost=0,from=2,imm=1,pl=2.12777,valid=1,path=[2]) dst=0->nh=2(hops=3,cost=0,linkCost=0,advCost=58,from=2,imm=0,pl=nan,valid=0,path=[1->0]) dst=2->nh=0(hops=3,cost=0,linkCost=0,advCost=58,from=0,imm=0,pl=nan,valid=0,path=[1->2])
[HOP 1] link_control dest=2 neighborKnown=1 s0=-105 pathloss=2.12777 failures=0 speed=128 txPower=0 rxPower=-105 cost=29
[HOP 1] ACK RoutingControl to 2 seq=7
[MAC 1] Enqueue ACK dest=2 seq=7 window=0 ack_queue_size=2
[MAC 1] rtslot_counter expired for neighbor 0 reserveSlot=16
[MAC 0] PickTxSlot(dest=1) active_nodes_for_slotting=3 opnet_slot_range=25
[MAC 0] avoiding neighbor 1 currentReservedSlot=7 rtslot_counter=7
[MAC 0] PickTxSlot(dest=1) avoid: 7
[MAC 0] PickTxSlot chose 9 using OPNET free-slot ordinal range [1,25]
[MAC 0] TX opportunity reached currentSlot=16 reserveNextSlot=9
... type=1 speedKey=128[t=43.059] TX from node 0 to dest 1 seq 10 size 30 bytes segments 1 at slot 9 rate 128 kbps txPower 0 dBm (133333 bps) preamble SHORT duration 0.02142 s
[MAC 0] ACK transmitted in aggregate dest=1 seq=10 txCount=2/5
[MAC 0] OPNET aggregate transmitted segments=1 ackSegments=1 dataSegments=0 bytes=30 rate=128
[t=43.059] RX SYNC at node 1 from node 0 seq 10 power -2.12777 dBm noise -106.975 dBm snr 104.847 dB state=1
[t=43.0656] MAC 1 enters Track on node 0 seq 10 power -2.12777 dBm
[MAC 0] resumes Pre-Tx with live slot=9 counter=9
[t=43.0804] RX at node 1 from node 0 seq 10 rate 128 kbps txPower 0 dBm preamble SHORT pathloss 2.12777 dB snr 104.847 dB (slot 9, len 30B, ackable=0)
[MAC 1] Learned neighbor 0 uses slot 9 (rtCounter=9)
[HOP 1] RX ACK from 0 seq=10
[NWK 1] CheckNwkQueue: size=0
[MAC 2] local advertised reservation expired
[MAC 1] rtslot_counter expired for neighbor 2 reserveSlot=11
[MAC 0] rtslot_counter expired for neighbor 1 reserveSlot=20
[MAC 2] rtslot_counter expired for neighbor 1 reserveSlot=20
[MAC 0] PickTxSlot(dest=1) active_nodes_for_slotting=3 opnet_slot_range=25
[MAC 0] PickTxSlot(dest=1) avoid:
[MAC 0] PickTxSlot chose 7 using OPNET free-slot ordinal range [1,25]
[MAC 0] TX opportunity reached currentSlot=9 reserveNextSlot=7
... type=1 speedKey=128[t=43.202] TX from node 0 to dest 1 seq 10 size 30 bytes segments 1 at slot 7 rate 128 kbps txPower 0 dBm (133333 bps) preamble SHORT duration 0.02142 s
[MAC 0] ACK transmitted in aggregate dest=1 seq=10 txCount=3/5
[MAC 0] OPNET aggregate transmitted segments=1 ackSegments=1 dataSegments=0 bytes=30 rate=128
[t=43.202] RX SYNC at node 1 from node 0 seq 10 power -2.12777 dBm noise -106.975 dBm snr 104.847 dB state=1
[t=43.2086] MAC 1 enters Track on node 0 seq 10 power -2.12777 dBm
[MAC 0] resumes Pre-Tx with live slot=7 counter=7
[t=43.2234] RX at node 1 from node 0 seq 10 rate 128 kbps txPower 0 dBm preamble SHORT pathloss 2.12777 dB snr 104.847 dB (slot 7, len 30B, ackable=0)
[MAC 1] Learned neighbor 0 uses slot 7 (rtCounter=7)
[HOP 1] RX ACK from 0 seq=10
[NWK 1] CheckNwkQueue: size=0
[MAC 1] PickTxSlot(dest=0) active_nodes_for_slotting=3 opnet_slot_range=25
[MAC 1] avoiding neighbor 0 currentReservedSlot=6 rtslot_counter=6
[MAC 1] PickTxSlot(dest=0) avoid: 6
[MAC 1] PickTxSlot chose 20 using OPNET free-slot ordinal range [1,25]
[MAC 1] TX opportunity reached currentSlot=20 reserveNextSlot=20
... type=1 speedKey=128[t=43.2363] TX from node 1 to dest 0 seq 10 size 60 bytes segments 2 at slot 20 rate 128 kbps txPower 0 dBm (133333 bps) preamble SHORT duration 0.02322 s
[MAC 1] ACK transmitted in aggregate dest=0 seq=10 txCount=3/5
[MAC 1] ACK transmitted in aggregate dest=2 seq=7 txCount=1/5
[MAC 1] OPNET aggregate transmitted segments=2 ackSegments=2 dataSegments=0 bytes=60 rate=128
[t=43.2363] RX SYNC at node 0 from node 1 seq 10 power -2.12777 dBm noise -106.975 dBm snr 104.847 dB state=1
[t=43.2363] RX SYNC at node 2 from node 1 seq 10 power -2.12777 dBm noise -106.975 dBm snr 104.847 dB state=1
[t=43.2429] MAC 0 enters Track on node 1 seq 10 power -2.12777 dBm
[t=43.2429] MAC 2 enters Track on node 1 seq 10 power -2.12777 dBm
[MAC 1] resumes Pre-Tx with live slot=20 counter=20
[t=43.2595] RX at node 0 from node 1 seq 10 rate 128 kbps txPower 0 dBm preamble SHORT pathloss 2.12777 dB snr 104.847 dB (slot 20, len 60B, ackable=0)
[MAC 0] Learned neighbor 1 uses slot 20 (rtCounter=20)
[HOP 0] RX ACK from 1 seq=10
[HOP 0] Overheard frame from 1 for 2 type=1 ignored after neighbor update
[t=43.2595] RX at node 2 from node 1 seq 10 rate 128 kbps txPower 0 dBm preamble SHORT pathloss 2.12777 dB snr 104.847 dB (slot 20, len 60B, ackable=0)
[MAC 2] Learned neighbor 1 uses slot 20 (rtCounter=20)
[HOP 2] Overheard frame from 1 for 0 type=1 ignored after neighbor update
[HOP 2] RX ACK from 1 seq=7
[HOP 2] Reliable RoutingControl completed with 1 seq=7 routingSequence=2 section=0/1
[NWK 2] Reliable RoutingControl ACKed neighbor=1 routingSequence=2 operation=Update section=0/1 lastOfInfo=1
[NWK 2] ARL RoutingSnapshot section ACKed neighbor=1 routingSequence=2 section=0/1 ackedSections=1
[NWK 2] Reliable ARL RoutingSnapshot completed neighbor=1 routingSequence=2 sections=1
[NWK 0] CheckNwkQueue: size=0
[NWK 2] CheckNwkQueue: size=0
[MAC 1] rtslot_counter expired for neighbor 0 reserveSlot=7
[MAC 0] PickTxSlot(dest=1) active_nodes_for_slotting=3 opnet_slot_range=25
[MAC 0] avoiding neighbor 1 currentReservedSlot=13 rtslot_counter=13
[MAC 0] PickTxSlot(dest=1) avoid: 13
[MAC 0] PickTxSlot chose 9 using OPNET free-slot ordinal range [1,25]
[MAC 0] TX opportunity reached currentSlot=7 reserveNextSlot=9
... type=1 speedKey=128[t=43.345] TX from node 0 to dest 1 seq 10 size 30 bytes segments 1 at slot 9 rate 128 kbps txPower 0 dBm (133333 bps) preamble SHORT duration 0.02142 s
[MAC 0] ACK transmitted in aggregate dest=1 seq=10 txCount=4/5
[MAC 0] OPNET aggregate transmitted segments=1 ackSegments=1 dataSegments=0 bytes=30 rate=128
[t=43.345] RX SYNC at node 1 from node 0 seq 10 power -2.12777 dBm noise -106.975 dBm snr 104.847 dB state=1
[t=43.3516] MAC 1 enters Track on node 0 seq 10 power -2.12777 dBm
[MAC 0] resumes Pre-Tx with live slot=9 counter=9
[t=43.3664] RX at node 1 from node 0 seq 10 rate 128 kbps txPower 0 dBm preamble SHORT pathloss 2.12777 dB snr 104.847 dB (slot 9, len 30B, ackable=0)
[MAC 1] Learned neighbor 0 uses slot 9 (rtCounter=9)
[HOP 1] RX ACK from 0 seq=10
[NWK 1] CheckNwkQueue: size=0
[MAC 0] PickTxSlot(dest=1) active_nodes_for_slotting=3 opnet_slot_range=25
[MAC 0] avoiding neighbor 1 currentReservedSlot=3 rtslot_counter=3
[MAC 0] PickTxSlot(dest=1) avoid: 3
[MAC 0] PickTxSlot chose 7 using OPNET free-slot ordinal range [1,25]
[MAC 0] TX opportunity reached currentSlot=9 reserveNextSlot=7
... type=1 speedKey=128[t=43.488] TX from node 0 to dest 1 seq 10 size 30 bytes segments 1 at slot 7 rate 128 kbps txPower 0 dBm (133333 bps) preamble SHORT duration 0.02142 s
[MAC 0] ACK transmitted in aggregate dest=1 seq=10 txCount=5/5
[MAC 0] Remove ACK after OPNET resend limit dest=1 seq=10
[MAC 0] OPNET aggregate transmitted segments=1 ackSegments=1 dataSegments=0 bytes=30 rate=128
[t=43.488] RX SYNC at node 1 from node 0 seq 10 power -2.12777 dBm noise -106.975 dBm snr 104.847 dB state=1
[t=43.4946] MAC 1 enters Track on node 0 seq 10 power -2.12777 dBm
[MAC 0] post-TX WAIT_FOR_ACK until 62.0094 (POST_TX_WAIT=18.5 s)
[t=43.5094] RX at node 1 from node 0 seq 10 rate 128 kbps txPower 0 dBm preamble SHORT pathloss 2.12777 dB snr 104.847 dB (slot 7, len 30B, ackable=0)
[MAC 1] Learned neighbor 0 uses slot 7 (rtCounter=7)
[HOP 1] RX ACK from 0 seq=10
[NWK 1] CheckNwkQueue: size=0
[MAC 2] rtslot_counter expired for neighbor 1 reserveSlot=20
[MAC 0] rtslot_counter expired for neighbor 1 reserveSlot=20
[MAC 1] PickTxSlot(dest=0) active_nodes_for_slotting=3 opnet_slot_range=25
[MAC 1] avoiding neighbor 0 currentReservedSlot=2 rtslot_counter=2
[MAC 1] PickTxSlot(dest=0) avoid: 2
[MAC 1] PickTxSlot chose 25 using OPNET free-slot ordinal range [1,25]
[MAC 1] TX opportunity reached currentSlot=20 reserveNextSlot=25
... type=1 speedKey=128[t=43.5743] TX from node 1 to dest 0 seq 10 size 60 bytes segments 2 at slot 25 rate 128 kbps txPower 0 dBm (133333 bps) preamble SHORT duration 0.02322 s
[MAC 1] ACK transmitted in aggregate dest=0 seq=10 txCount=4/5
[MAC 1] ACK transmitted in aggregate dest=2 seq=7 txCount=2/5
[MAC 1] OPNET aggregate transmitted segments=2 ackSegments=2 dataSegments=0 bytes=60 rate=128
[t=43.5743] RX SYNC at node 0 from node 1 seq 10 power -2.12777 dBm noise -106.975 dBm snr 104.847 dB state=1
[t=43.5743] RX SYNC at node 2 from node 1 seq 10 power -2.12777 dBm noise -106.975 dBm snr 104.847 dB state=1
[t=43.5809] MAC 0 enters Track on node 1 seq 10 power -2.12777 dBm
[t=43.5809] MAC 2 enters Track on node 1 seq 10 power -2.12777 dBm
[MAC 1] resumes Pre-Tx with live slot=25 counter=25
[t=43.5975] RX at node 0 from node 1 seq 10 rate 128 kbps txPower 0 dBm preamble SHORT pathloss 2.12777 dB snr 104.847 dB (slot 25, len 60B, ackable=0)
[MAC 0] Learned neighbor 1 uses slot 25 (rtCounter=25)
[HOP 0] RX ACK from 1 seq=10
[HOP 0] Overheard frame from 1 for 2 type=1 ignored after neighbor update
[t=43.5975] RX at node 2 from node 1 seq 10 rate 128 kbps txPower 0 dBm preamble SHORT pathloss 2.12777 dB snr 104.847 dB (slot 25, len 60B, ackable=0)
[MAC 2] Learned neighbor 1 uses slot 25 (rtCounter=25)
[HOP 2] Overheard frame from 1 for 0 type=1 ignored after neighbor update
[HOP 2] RX ACK from 1 seq=7
[NWK 0] CheckNwkQueue: size=0
[NWK 2] CheckNwkQueue: size=0
[MAC 1] rtslot_counter expired for neighbor 0 reserveSlot=7
[MAC 0] local advertised reservation expired
[MAC 1] PickTxSlot(dest=0) active_nodes_for_slotting=3 opnet_slot_range=25
[MAC 1] PickTxSlot(dest=0) avoid:
[MAC 1] PickTxSlot chose 3 using OPNET free-slot ordinal range [1,25]
[MAC 1] TX opportunity reached currentSlot=25 reserveNextSlot=3
... type=1 speedKey=128[t=43.9253] TX from node 1 to dest 0 seq 10 size 60 bytes segments 2 at slot 3 rate 128 kbps txPower 0 dBm (133333 bps) preamble SHORT duration 0.02322 s
[MAC 1] ACK transmitted in aggregate dest=0 seq=10 txCount=5/5
[MAC 1] ACK transmitted in aggregate dest=2 seq=7 txCount=3/5
[MAC 1] Remove ACK after OPNET resend limit dest=0 seq=10
[MAC 1] OPNET aggregate transmitted segments=2 ackSegments=2 dataSegments=0 bytes=60 rate=128
[t=43.9253] RX SYNC at node 0 from node 1 seq 10 power -2.12777 dBm noise -106.975 dBm snr 104.847 dB state=1
[t=43.9253] RX SYNC at node 2 from node 1 seq 10 power -2.12777 dBm noise -106.975 dBm snr 104.847 dB state=1
[t=43.9319] MAC 0 enters Track on node 1 seq 10 power -2.12777 dBm
[t=43.9319] MAC 2 enters Track on node 1 seq 10 power -2.12777 dBm
[MAC 1] resumes Pre-Tx with live slot=3 counter=3
[t=43.9485] RX at node 0 from node 1 seq 10 rate 128 kbps txPower 0 dBm preamble SHORT pathloss 2.12777 dB snr 104.847 dB (slot 3, len 60B, ackable=0)
[MAC 0] Learned neighbor 1 uses slot 3 (rtCounter=3)
[HOP 0] RX ACK from 1 seq=10
[HOP 0] Overheard frame from 1 for 2 type=1 ignored after neighbor update
[t=43.9485] RX at node 2 from node 1 seq 10 rate 128 kbps txPower 0 dBm preamble SHORT pathloss 2.12777 dB snr 104.847 dB (slot 3, len 60B, ackable=0)
[MAC 2] Learned neighbor 1 uses slot 3 (rtCounter=3)
[HOP 2] Overheard frame from 1 for 0 type=1 ignored after neighbor update
[HOP 2] RX ACK from 1 seq=7
[NWK 0] CheckNwkQueue: size=0
[NWK 2] CheckNwkQueue: size=0
[MAC 1] PickTxSlot(dest=2) active_nodes_for_slotting=3 opnet_slot_range=25
[MAC 1] PickTxSlot(dest=2) avoid:
[MAC 1] PickTxSlot chose 20 using OPNET free-slot ordinal range [1,25]
[MAC 1] TX opportunity reached currentSlot=3 reserveNextSlot=20
... type=1 speedKey=128[t=43.9903] TX from node 1 to dest 2 seq 7 size 30 bytes segments 1 at slot 20 rate 128 kbps txPower 0 dBm (133333 bps) preamble SHORT duration 0.02142 s
[MAC 1] ACK transmitted in aggregate dest=2 seq=7 txCount=4/5
[MAC 1] OPNET aggregate transmitted segments=1 ackSegments=1 dataSegments=0 bytes=30 rate=128
[t=43.9903] RX SYNC at node 0 from node 1 seq 7 power -2.12777 dBm noise -106.975 dBm snr 104.847 dB state=1
[t=43.9903] RX SYNC at node 2 from node 1 seq 7 power -2.12777 dBm noise -106.975 dBm snr 104.847 dB state=1
[t=43.9969] MAC 0 enters Track on node 1 seq 7 power -2.12777 dBm
[t=43.9969] MAC 2 enters Track on node 1 seq 7 power -2.12777 dBm
[MAC 1] resumes Pre-Tx with live slot=20 counter=20
[t=44.0117] RX OVERHEARD at node 0 from node 1 seq 7 rate 128 kbps txPower 0 dBm preamble SHORT pathloss 2.12777 dB snr 104.847 dB (slot 20, len 30B, ackable=0)
[MAC 0] Learned neighbor 1 uses slot 20 (rtCounter=20)
[HOP 0] Overheard frame from 1 for 2 type=1 ignored after neighbor update
[t=44.0117] RX at node 2 from node 1 seq 7 rate 128 kbps txPower 0 dBm preamble SHORT pathloss 2.12777 dB snr 104.847 dB (slot 20, len 30B, ackable=0)
[MAC 2] Learned neighbor 1 uses slot 20 (rtCounter=20)
[HOP 2] RX ACK from 1 seq=7
[NWK 2] CheckNwkQueue: size=0
[MAC 1] PickTxSlot(dest=2) active_nodes_for_slotting=3 opnet_slot_range=25
[MAC 1] PickTxSlot(dest=2) avoid:
[MAC 1] PickTxSlot chose 21 using OPNET free-slot ordinal range [1,25]
[MAC 1] TX opportunity reached currentSlot=20 reserveNextSlot=21
... type=1 speedKey=128[t=44.2763] TX from node 1 to dest 2 seq 7 size 30 bytes segments 1 at slot 21 rate 128 kbps txPower 0 dBm (133333 bps) preamble SHORT duration 0.02142 s
[MAC 1] ACK transmitted in aggregate dest=2 seq=7 txCount=5/5
[MAC 1] Remove ACK after OPNET resend limit dest=2 seq=7
[MAC 1] OPNET aggregate transmitted segments=1 ackSegments=1 dataSegments=0 bytes=30 rate=128
[t=44.2763] RX SYNC at node 0 from node 1 seq 7 power -2.12777 dBm noise -106.975 dBm snr 104.847 dB state=1
[t=44.2763] RX SYNC at node 2 from node 1 seq 7 power -2.12777 dBm noise -106.975 dBm snr 104.847 dB state=1
[t=44.2829] MAC 0 enters Track on node 1 seq 7 power -2.12777 dBm
[t=44.2829] MAC 2 enters Track on node 1 seq 7 power -2.12777 dBm
[MAC 1] post-TX WAIT_FOR_ACK until 64.2977 (POST_TX_WAIT=20 s)
[t=44.2977] RX OVERHEARD at node 0 from node 1 seq 7 rate 128 kbps txPower 0 dBm preamble SHORT pathloss 2.12777 dB snr 104.847 dB (slot 21, len 30B, ackable=0)
[MAC 0] Learned neighbor 1 uses slot 21 (rtCounter=21)
[HOP 0] Overheard frame from 1 for 2 type=1 ignored after neighbor update
[t=44.2977] RX at node 2 from node 1 seq 7 rate 128 kbps txPower 0 dBm preamble SHORT pathloss 2.12777 dB snr 104.847 dB (slot 21, len 30B, ackable=0)
[MAC 2] Learned neighbor 1 uses slot 21 (rtCounter=21)
[HOP 2] RX ACK from 1 seq=7
[NWK 2] CheckNwkQueue: size=0
[MAC 1] local advertised reservation expired
[MAC 0] rtslot_counter expired for neighbor 1 reserveSlot=21
[MAC 2] rtslot_counter expired for neighbor 1 reserveSlot=21
[NWK 2] Discovery Broadcast repeat sequence=1
[NWK 2] ARL Discover sent without Routes_PAYLOAD
[NWK 2] HELLO advertising 0 routes
[NWK 2] HELLO ARL route msg type=1
[HOP 2] link_control dest=16777215 neighborKnown=0 speed=8 txPower=30 rxPower=-105
[HOP 2] TX GroupEstablish Discover securityCount=1 securityBytes=7
[MAC] Enqueue TX pkt dscp=7 insert_pos=0 queue_size_before=0
[MAC 2] PickTxSlot(dest=16777215) active_nodes_for_slotting=3 opnet_slot_range=25
[MAC 2] PickTxSlot(dest=16777215) avoid:
[MAC 2] PickTxSlot chose 10 using OPNET free-slot ordinal range [1,25]
[MAC 2] starts Pre-Tx with new slot=10 holdoff_over=1
[MAC 2] PickTxSlot(dest=16777215) active_nodes_for_slotting=3 opnet_slot_range=25
[MAC 2] PickTxSlot(dest=16777215) avoid:
[MAC 2] PickTxSlot chose 10 using OPNET free-slot ordinal range [1,25]
[MAC 2] TX opportunity reached currentSlot=10 reserveNextSlot=10
... type=4 speedKey=8[t=45.623] TX from node 2 to dest 16777215 seq 8 size 19 bytes segments 1 at slot 10 rate 8 kbps txPower 30 dBm (7843.14 bps) preamble LONG duration 1.0353 s
[MAC 2] OPNET aggregate transmitted segments=1 ackSegments=0 dataSegments=1 bytes=19 rate=8
[t=45.623] RX SYNC at node 1 from node 2 seq 8 power 27.8722 dBm noise -106.975 dBm snr 134.847 dB state=1
[t=45.6296] MAC 1 enters Track on node 2 seq 8 power 27.8722 dBm
[MAC 2] post-TX WAIT_FOR_ACK until 65.1583 (POST_TX_WAIT=18.5 s)
[t=46.6583] RX at node 1 from node 2 seq 8 rate 8 kbps txPower 30 dBm preamble LONG pathloss 2.12777 dB snr 134.847 dB (slot 10, len 19B, ackable=0)
[MAC 1] Learned neighbor 2 uses slot 10 (rtCounter=10)
[HOP 1] RX authenticated GroupEstablish Discover from=2 keyId=1 groupSeq=6
[MAC 1] active_nodes set to 3 for local slotting and post-TX wait
[NWK 1] active_nodes=3 pushed to MAC
[NWK 1] Updated HELLO neighbor=2 hopSrc=2 speedKey=8 activeNodes=2 pathloss=2.12777 snr=134.847
[NWK 1] link_calc neighbor=2 s0=-105 pathloss=2.12777 numFailures=0 speed=128 txPower=0 estDistance=75 speedMargin=120.872 totalMargin=132.872 costMode=local-only cost=29
[NWK 1] Updated route candidate dst=2 nextHop=2 hops=1 oldCost=29 newCost=29 valid=1->1 selectionDeferred=0 selected=1
[NWK 1] ARL route message from 2 type=Discover advCount=0
[NWK 1] ProcessDiscover from 2 subtype=Broadcast sequence=1
[NWK 1] New discovery sequence from 2 old=0 new=1
[NWK 1] Discovery response pending key-send ACK neighbor=2 sequence=1
[NWK 1] Routes: dst=0->nh=0(hops=1,cost=29,linkCost=29,advCost=0,from=0,imm=1,pl=2.12777,valid=1,path=[0]) dst=2->nh=2(hops=1,cost=29,linkCost=29,advCost=0,from=2,imm=1,pl=2.12777,valid=1,path=[2]) dst=0->nh=2(hops=3,cost=0,linkCost=0,advCost=58,from=2,imm=0,pl=nan,valid=0,path=[1->0]) dst=2->nh=0(hops=3,cost=0,linkCost=0,advCost=58,from=0,imm=0,pl=nan,valid=0,path=[1->2])
[NWK 1] Sending deferred Discovery NeighborCheck neighbor=2 sequence=1 afterKeySend=1
[NWK 1] Sending targeted ARL NeighborCheck neighbor=2 subtype=Discovery discoverySequence=1
[HOP 1] link_control dest=2 neighborKnown=1 s0=-105 pathloss=2.12777 failures=0 speed=128 txPower=0 rxPower=-105 cost=29
[HOP 1] TX reliable NeighborCheck to 2 seq=8
[MAC] Enqueue TX pkt dscp=7 insert_pos=0 queue_size_before=0
[MAC 1] PickTxSlot(dest=2) active_nodes_for_slotting=3 opnet_slot_range=25
[MAC 1] avoiding neighbor 2 currentReservedSlot=8 rtslot_counter=8
[MAC 1] PickTxSlot(dest=2) avoid: 8
[MAC 1] PickTxSlot chose 2 using OPNET free-slot ordinal range [1,25]
[MAC 1] starts Pre-Tx with new slot=2 holdoff_over=1
[MAC 1] PickTxSlot(dest=2) active_nodes_for_slotting=3 opnet_slot_range=25
[MAC 1] avoiding neighbor 2 currentReservedSlot=5 rtslot_counter=5
[MAC 1] PickTxSlot(dest=2) avoid: 5
[MAC 1] PickTxSlot chose 24 using OPNET free-slot ordinal range [1,25]
[MAC 1] TX opportunity reached currentSlot=2 reserveNextSlot=24
... type=5 speedKey=128[t=46.7203] TX from node 1 to dest 2 seq 8 size 16 bytes segments 1 at slot 24 rate 128 kbps txPower 0 dBm (133333 bps) preamble SHORT duration 0.02058 s
[HOP 1] MAC sent confirmation dest=2 seq=8 transmission=1 sentAt=46.7203
[MAC 1] OPNET aggregate transmitted segments=1 ackSegments=0 dataSegments=1 bytes=16 rate=128
[t=46.7203] RX SYNC at node 0 from node 1 seq 8 power -2.12777 dBm noise -106.975 dBm snr 104.847 dB state=1
[t=46.7203] RX SYNC at node 2 from node 1 seq 8 power -2.12777 dBm noise -106.975 dBm snr 104.847 dB state=1
[t=46.7269] MAC 0 enters Track on node 1 seq 8 power -2.12777 dBm
[t=46.7269] MAC 2 enters Track on node 1 seq 8 power -2.12777 dBm
[MAC 1] post-TX WAIT_FOR_ACK until 66.7409 (POST_TX_WAIT=20 s)
[t=46.7409] RX OVERHEARD at node 0 from node 1 seq 8 rate 128 kbps txPower 0 dBm preamble SHORT pathloss 2.12777 dB snr 104.847 dB (slot 24, len 16B, ackable=1)
[MAC 0] Learned neighbor 1 uses slot 24 (rtCounter=24)
[HOP 0] Overheard frame from 1 for 2 type=5 ignored after neighbor update
[t=46.7409] RX at node 2 from node 1 seq 8 rate 128 kbps txPower 0 dBm preamble SHORT pathloss 2.12777 dB snr 104.847 dB (slot 24, len 16B, ackable=1)
[MAC 2] Learned neighbor 1 uses slot 24 (rtCounter=24)
[HOP 2] RX reliable NeighborCheck from 1 seq=8 firstReception=1
[MAC 2] active_nodes set to 2 for local slotting and post-TX wait
[NWK 2] active_nodes=2 pushed to MAC
[NWK 2] Updated HELLO neighbor=1 hopSrc=1 speedKey=8 activeNodes=3 pathloss=2.12777 snr=104.847
[NWK 2] link_calc neighbor=1 s0=-105 pathloss=2.12777 numFailures=0 speed=128 txPower=0 estDistance=75 speedMargin=120.872 totalMargin=132.872 costMode=local-only cost=29
[NWK 2] Updated route candidate dst=1 nextHop=1 hops=1 oldCost=29 newCost=29 valid=1->1 selectionDeferred=0 selected=1
[NWK 2] ARL route message from 1 type=NeighborCheck advCount=0
[NWK 2] ProcessNeighborCheck from 1 subtype=Discovery pathloss=2.12777 snr=104.847 linkCost=29 advCount=0
[NWK 2] Discovery response from neighbor=1 responseSequence=1 localDiscoverySequence=1
[NWK 2] Discovery response accepted neighbor=1 verified=0->1 sequence=1 reportedActiveNodes=3
[NWK 2] Routes: dst=1->nh=1(hops=1,cost=29,linkCost=29,advCost=0,from=1,imm=1,pl=2.12777,valid=1,path=[1]) dst=0->nh=1(hops=2,cost=58,linkCost=29,advCost=29,from=1,imm=0,pl=2.12777,valid=1,path=[1->0])
[HOP 2] link_control dest=1 neighborKnown=1 s0=-105 pathloss=2.12777 failures=0 speed=128 txPower=0 rxPower=-105 cost=29
[HOP 2] ACK NeighborCheck to 1 seq=8
[MAC 2] Enqueue ACK dest=1 seq=8 window=0 ack_queue_size=1
[MAC 2] resumes Pre-Tx with live slot=10 counter=5
[MAC 2] PickTxSlot(dest=1) active_nodes_for_slotting=3 opnet_slot_range=25
[MAC 2] avoiding neighbor 1 currentReservedSlot=18 rtslot_counter=18
[MAC 2] PickTxSlot(dest=1) avoid: 18
[MAC 2] PickTxSlot chose 9 using OPNET free-slot ordinal range [1,25]
[MAC 2] TX opportunity reached currentSlot=10 reserveNextSlot=9
... type=1 speedKey=128[t=46.806] TX from node 2 to dest 1 seq 8 size 30 bytes segments 1 at slot 9 rate 128 kbps txPower 0 dBm (133333 bps) preamble SHORT duration 0.02142 s
[MAC 2] ACK transmitted in aggregate dest=1 seq=8 txCount=1/5
[MAC 2] OPNET aggregate transmitted segments=1 ackSegments=1 dataSegments=0 bytes=30 rate=128
[t=46.806] RX SYNC at node 1 from node 2 seq 8 power -2.12777 dBm noise -106.975 dBm snr 104.847 dB state=1
[t=46.8126] MAC 1 enters Track on node 2 seq 8 power -2.12777 dBm
[MAC 2] resumes Pre-Tx with live slot=9 counter=9
[t=46.8274] RX at node 1 from node 2 seq 8 rate 128 kbps txPower 0 dBm preamble SHORT pathloss 2.12777 dB snr 104.847 dB (slot 9, len 30B, ackable=0)
[MAC 1] Learned neighbor 2 uses slot 9 (rtCounter=9)
[HOP 1] RX ACK from 2 seq=8
[HOP 1] Reliable NeighborCheck completed with 2 seq=8 subtype=0 discoverySequence=1
[NWK 1] NeighborCheck success neighbor=2 subtype=Discovery discoverySequence=1 stale=0->0 numFailures=0->0
[NWK 1] recompute hop-cost neighbor=2 failures=0 costMode=local-only newLinkCost=29
[NWK 1] Recomputed route after link change dst=2 nextHop=2 oldCost=29 newCost=29 linkCost=29 advertisedCost=0 numFailures=0
[NWK 1] CheckNwkQueue: size=0
[MAC 2] PickTxSlot(dest=1) active_nodes_for_slotting=3 opnet_slot_range=25
[MAC 2] avoiding neighbor 1 currentReservedSlot=8 rtslot_counter=8
[MAC 2] PickTxSlot(dest=1) avoid: 8
[MAC 2] PickTxSlot chose 17 using OPNET free-slot ordinal range [1,25]
[MAC 2] TX opportunity reached currentSlot=9 reserveNextSlot=17
... type=1 speedKey=128[t=46.949] TX from node 2 to dest 1 seq 8 size 30 bytes segments 1 at slot 17 rate 128 kbps txPower 0 dBm (133333 bps) preamble SHORT duration 0.02142 s
[MAC 2] ACK transmitted in aggregate dest=1 seq=8 txCount=2/5
[MAC 2] OPNET aggregate transmitted segments=1 ackSegments=1 dataSegments=0 bytes=30 rate=128
[t=46.949] RX SYNC at node 1 from node 2 seq 8 power -2.12777 dBm noise -106.975 dBm snr 104.847 dB state=1
[t=46.9556] MAC 1 enters Track on node 2 seq 8 power -2.12777 dBm
[MAC 2] resumes Pre-Tx with live slot=17 counter=17
[t=46.9704] RX at node 1 from node 2 seq 8 rate 128 kbps txPower 0 dBm preamble SHORT pathloss 2.12777 dB snr 104.847 dB (slot 17, len 30B, ackable=0)
[MAC 1] Learned neighbor 2 uses slot 17 (rtCounter=17)
[HOP 1] RX ACK from 2 seq=8
[NWK 1] CheckNwkQueue: size=0
[MAC 0] rtslot_counter expired for neighbor 1 reserveSlot=24
[MAC 2] rtslot_counter expired for neighbor 1 reserveSlot=24
[MAC 1] local advertised reservation expired
[MAC 2] PickTxSlot(dest=1) active_nodes_for_slotting=3 opnet_slot_range=25
[MAC 2] PickTxSlot(dest=1) avoid:
[MAC 2] PickTxSlot chose 23 using OPNET free-slot ordinal range [1,25]
[MAC 2] TX opportunity reached currentSlot=17 reserveNextSlot=23
... type=1 speedKey=128[t=47.196] TX from node 2 to dest 1 seq 8 size 30 bytes segments 1 at slot 23 rate 128 kbps txPower 0 dBm (133333 bps) preamble SHORT duration 0.02142 s
[MAC 2] ACK transmitted in aggregate dest=1 seq=8 txCount=3/5
[MAC 2] OPNET aggregate transmitted segments=1 ackSegments=1 dataSegments=0 bytes=30 rate=128
[t=47.196] RX SYNC at node 1 from node 2 seq 8 power -2.12777 dBm noise -106.975 dBm snr 104.847 dB state=1
[t=47.2026] MAC 1 enters Track on node 2 seq 8 power -2.12777 dBm
[MAC 2] resumes Pre-Tx with live slot=23 counter=23
[t=47.2174] RX at node 1 from node 2 seq 8 rate 128 kbps txPower 0 dBm preamble SHORT pathloss 2.12777 dB snr 104.847 dB (slot 23, len 30B, ackable=0)
[MAC 1] Learned neighbor 2 uses slot 23 (rtCounter=23)
[HOP 1] RX ACK from 2 seq=8
[NWK 1] CheckNwkQueue: size=0
[MAC 2] PickTxSlot(dest=1) active_nodes_for_slotting=3 opnet_slot_range=25
[MAC 2] PickTxSlot(dest=1) avoid:
[MAC 2] PickTxSlot chose 15 using OPNET free-slot ordinal range [1,25]
[MAC 2] TX opportunity reached currentSlot=23 reserveNextSlot=15
... type=1 speedKey=128[t=47.521] TX from node 2 to dest 1 seq 8 size 30 bytes segments 1 at slot 15 rate 128 kbps txPower 0 dBm (133333 bps) preamble SHORT duration 0.02142 s
[MAC 2] ACK transmitted in aggregate dest=1 seq=8 txCount=4/5
[MAC 2] OPNET aggregate transmitted segments=1 ackSegments=1 dataSegments=0 bytes=30 rate=128
[t=47.521] RX SYNC at node 1 from node 2 seq 8 power -2.12777 dBm noise -106.975 dBm snr 104.847 dB state=1
[t=47.5276] MAC 1 enters Track on node 2 seq 8 power -2.12777 dBm
[MAC 2] resumes Pre-Tx with live slot=15 counter=15
[t=47.5424] RX at node 1 from node 2 seq 8 rate 128 kbps txPower 0 dBm preamble SHORT pathloss 2.12777 dB snr 104.847 dB (slot 15, len 30B, ackable=0)
[MAC 1] Learned neighbor 2 uses slot 15 (rtCounter=15)
[HOP 1] RX ACK from 2 seq=8
[NWK 1] CheckNwkQueue: size=0
[MAC 2] PickTxSlot(dest=1) active_nodes_for_slotting=3 opnet_slot_range=25
[MAC 2] PickTxSlot(dest=1) avoid:
[MAC 2] PickTxSlot chose 21 using OPNET free-slot ordinal range [1,25]
[MAC 2] TX opportunity reached currentSlot=15 reserveNextSlot=21
... type=1 speedKey=128[t=47.742] TX from node 2 to dest 1 seq 8 size 30 bytes segments 1 at slot 21 rate 128 kbps txPower 0 dBm (133333 bps) preamble SHORT duration 0.02142 s
[MAC 2] ACK transmitted in aggregate dest=1 seq=8 txCount=5/5
[MAC 2] Remove ACK after OPNET resend limit dest=1 seq=8
[MAC 2] OPNET aggregate transmitted segments=1 ackSegments=1 dataSegments=0 bytes=30 rate=128
[t=47.742] RX SYNC at node 1 from node 2 seq 8 power -2.12777 dBm noise -106.975 dBm snr 104.847 dB state=1
[t=47.7486] MAC 1 enters Track on node 2 seq 8 power -2.12777 dBm
[MAC 2] post-TX WAIT_FOR_ACK until 66.2634 (POST_TX_WAIT=18.5 s)
[t=47.7634] RX at node 1 from node 2 seq 8 rate 128 kbps txPower 0 dBm preamble SHORT pathloss 2.12777 dB snr 104.847 dB (slot 21, len 30B, ackable=0)
[MAC 1] Learned neighbor 2 uses slot 21 (rtCounter=21)
[HOP 1] RX ACK from 2 seq=8
[NWK 1] CheckNwkQueue: size=0
[MAC 2] local advertised reservation expired
[MAC 1] rtslot_counter expired for neighbor 2 reserveSlot=21
[NWK 2] Discovery Broadcast repeat sequence=1
[NWK 2] ARL Discover sent without Routes_PAYLOAD
[NWK 2] HELLO advertising 0 routes
[NWK 2] HELLO ARL route msg type=1
[HOP 2] link_control dest=16777215 neighborKnown=0 speed=8 txPower=30 rxPower=-105
[HOP 2] TX GroupEstablish Discover securityCount=1 securityBytes=7
[MAC] Enqueue TX pkt dscp=7 insert_pos=0 queue_size_before=0
[MAC 2] PickTxSlot(dest=16777215) active_nodes_for_slotting=3 opnet_slot_range=25
[MAC 2] PickTxSlot(dest=16777215) avoid:
[MAC 2] PickTxSlot chose 1 using OPNET free-slot ordinal range [1,25]
[MAC 2] starts Pre-Tx with new slot=1 holdoff_over=1
[MAC 2] PickTxSlot(dest=16777215) active_nodes_for_slotting=3 opnet_slot_range=25
[MAC 2] PickTxSlot(dest=16777215) avoid:
[MAC 2] PickTxSlot chose 12 using OPNET free-slot ordinal range [1,25]
[MAC 2] TX opportunity reached currentSlot=1 reserveNextSlot=12
... type=4 speedKey=8[t=50.498] TX from node 2 to dest 16777215 seq 9 size 19 bytes segments 1 at slot 12 rate 8 kbps txPower 30 dBm (7843.14 bps) preamble LONG duration 1.0353 s
[MAC 2] OPNET aggregate transmitted segments=1 ackSegments=0 dataSegments=1 bytes=19 rate=8
[t=50.498] RX SYNC at node 1 from node 2 seq 9 power 27.8722 dBm noise -106.975 dBm snr 134.847 dB state=1
[t=50.5046] MAC 1 enters Track on node 2 seq 9 power 27.8722 dBm
[MAC 2] post-TX WAIT_FOR_ACK until 70.0333 (POST_TX_WAIT=18.5 s)
[t=51.5333] RX at node 1 from node 2 seq 9 rate 8 kbps txPower 30 dBm preamble LONG pathloss 2.12777 dB snr 134.847 dB (slot 12, len 19B, ackable=0)
[MAC 1] Learned neighbor 2 uses slot 12 (rtCounter=12)
[HOP 1] RX authenticated GroupEstablish Discover from=2 keyId=1 groupSeq=7
[MAC 1] active_nodes set to 3 for local slotting and post-TX wait
[NWK 1] active_nodes=3 pushed to MAC
[NWK 1] Updated HELLO neighbor=2 hopSrc=2 speedKey=8 activeNodes=2 pathloss=2.12777 snr=134.847
[NWK 1] link_calc neighbor=2 s0=-105 pathloss=2.12777 numFailures=0 speed=128 txPower=0 estDistance=75 speedMargin=120.872 totalMargin=132.872 costMode=local-only cost=29
[NWK 1] Updated route candidate dst=2 nextHop=2 hops=1 oldCost=29 newCost=29 valid=1->1 selectionDeferred=0 selected=1
[NWK 1] ARL route message from 2 type=Discover advCount=0
[NWK 1] ProcessDiscover from 2 subtype=Broadcast sequence=1
[NWK 1] Duplicate/old discovery sequence from 2 received=1 current=1
[NWK 1] Routes: dst=0->nh=0(hops=1,cost=29,linkCost=29,advCost=0,from=0,imm=1,pl=2.12777,valid=1,path=[0]) dst=2->nh=2(hops=1,cost=29,linkCost=29,advCost=0,from=2,imm=1,pl=2.12777,valid=1,path=[2]) dst=0->nh=2(hops=3,cost=0,linkCost=0,advCost=58,from=2,imm=0,pl=nan,valid=0,path=[1->0]) dst=2->nh=0(hops=3,cost=0,linkCost=0,advCost=58,from=0,imm=0,pl=nan,valid=0,path=[1->2])
[MAC 2] local advertised reservation expired
[MAC 1] rtslot_counter expired for neighbor 2 reserveSlot=12
[NWK 2] DiscoveryStop sequence=1
[NWK 2] Post-discovery routing refresh activeNeighbors=1
[NWK 2] recompute hop-cost neighbor=1 failures=0 costMode=local-only newLinkCost=29
[NWK 2] Recomputed route after link change dst=1 nextHop=1 oldCost=29 newCost=29 linkCost=29 advertisedCost=0 numFailures=0
[NWK 2] Recomputed route after link change dst=0 nextHop=1 oldCost=58 newCost=58 linkCost=29 advertisedCost=29 numFailures=0
[NWK 2] Post-discovery requesting fresh routes neighbor=1
[NWK 2] Sending reliable RoutingRequest neighbor=1 routingSequence=3 attempt=1 retry=0
[HOP 2] link_control dest=1 neighborKnown=1 s0=-105 pathloss=2.12777 failures=0 speed=128 txPower=0 rxPower=-105 cost=29
[HOP 2] TX reliable RoutingControl targets=1:8
[MAC] Enqueue TX pkt dscp=7 insert_pos=0 queue_size_before=0
[NWK 2] Discovery table append node=0 needed=1 position=1
[NWK 2] TX legacy SNMP command=2 finalDestination=1 hopDestination=1 nodes=2
[HOP 2] TX legacy SNMP hopDestination=1 ackable=0 dscp=0
[MAC] Enqueue TX pkt dscp=0 insert_pos=1 queue_size_before=1
[NWK 2] Legacy discovery lifecycle complete initiator=1 knownNodes=2 completionReports=1
[NWK 2] TX legacy SNMP command=1 finalDestination=0 hopDestination=1 nodes=0
[HOP 2] TX legacy SNMP hopDestination=1 ackable=0 dscp=0
[MAC] Enqueue TX pkt dscp=0 insert_pos=2 queue_size_before=2
[NWK 2] SNMP discovery handoff target=0 watchdog=60s
[MAC 2] PickTxSlot(dest=1) active_nodes_for_slotting=3 opnet_slot_range=25
[MAC 2] PickTxSlot(dest=1) avoid:
[MAC 2] PickTxSlot chose 9 using OPNET free-slot ordinal range [1,25]
[MAC 2] starts Pre-Tx with new slot=9 holdoff_over=1
[MAC 2] PickTxSlot(dest=1) active_nodes_for_slotting=3 opnet_slot_range=25
[MAC 2] PickTxSlot(dest=1) avoid:
[MAC 2] PickTxSlot chose 10 using OPNET free-slot ordinal range [1,25]
[MAC 2] TX opportunity reached currentSlot=9 reserveNextSlot=10
... type=6 speedKey=8[t=55.607] TX from node 2 to dest 1 seq 8 size 78 bytes segments 3 at slot 10 rate 8 kbps txPower 30 dBm (7843.14 bps) preamble SHORT duration 0.10302 s
[HOP 2] MAC sent confirmation dest=1 seq=8 transmission=1 sentAt=55.607
[MAC 2] OPNET aggregate transmitted segments=3 ackSegments=0 dataSegments=3 bytes=78 rate=8
[t=55.607] RX SYNC at node 1 from node 2 seq 8 power 27.8722 dBm noise -106.975 dBm snr 134.847 dB state=1
[t=55.6136] MAC 1 enters Track on node 2 seq 8 power 27.8722 dBm
[MAC 2] post-TX WAIT_FOR_ACK until 74.21 (POST_TX_WAIT=18.5 s)
[t=55.71] RX at node 1 from node 2 seq 8 rate 8 kbps txPower 30 dBm preamble SHORT pathloss 2.12777 dB snr 134.847 dB (slot 10, len 78B, ackable=1)
[MAC 1] Learned neighbor 2 uses slot 10 (rtCounter=10)
[HOP 1] RX reliable RoutingControl from 2 seq=8 firstReception=1
[MAC 1] active_nodes set to 3 for local slotting and post-TX wait
[NWK 1] active_nodes=3 pushed to MAC
[NWK 1] Updated HELLO neighbor=2 hopSrc=2 speedKey=8 activeNodes=2 pathloss=2.12777 snr=134.847
[NWK 1] link_calc neighbor=2 s0=-105 pathloss=2.12777 numFailures=0 speed=128 txPower=0 estDistance=75 speedMargin=120.872 totalMargin=132.872 costMode=local-only cost=29
[NWK 1] Updated route candidate dst=2 nextHop=2 hops=1 oldCost=29 newCost=29 valid=1->1 selectionDeferred=0 selected=1
[NWK 1] ARL route message from 2 type=RoutingUpdate advCount=0
[NWK 1] Received RoutingRequest from=2 routingSequence=3; scheduling reliable INFO/UPDATE/FLUSH snapshot
[NWK 1] Routes: dst=0->nh=0(hops=1,cost=29,linkCost=29,advCost=0,from=0,imm=1,pl=2.12777,valid=1,path=[0]) dst=2->nh=2(hops=1,cost=29,linkCost=29,advCost=0,from=2,imm=1,pl=2.12777,valid=1,path=[2]) dst=0->nh=2(hops=3,cost=0,linkCost=0,advCost=58,from=2,imm=0,pl=nan,valid=0,path=[1->0]) dst=2->nh=0(hops=3,cost=0,linkCost=0,advCost=58,from=0,imm=0,pl=nan,valid=0,path=[1->2])
[HOP 1] link_control dest=2 neighborKnown=1 s0=-105 pathloss=2.12777 failures=0 speed=128 txPower=0 rxPower=-105 cost=29
[HOP 1] ACK RoutingControl to 2 seq=8
[MAC 1] Enqueue ACK dest=2 seq=8 window=0 ack_queue_size=1
[HOP 1] RX legacy SNMP from 2 command=2
[NWK 1] RX SNMP_DISCOVERY_DONE source=2 hopSource=2 advertisedNodes=2
[HOP 1] Drop legacy SNMP finalDestination=0 after one-hop delivery
[MAC 1] PickTxSlot(dest=2) active_nodes_for_slotting=3 opnet_slot_range=25
[MAC 1] avoiding neighbor 2 currentReservedSlot=10 rtslot_counter=10
[MAC 1] PickTxSlot(dest=2) avoid: 10
[MAC 1] PickTxSlot chose 16 using OPNET free-slot ordinal range [1,25]
[MAC 1] starts Pre-Tx with new slot=16 holdoff_over=1
[NWK 1] Built ARL routing byte stream routingSequence=8 records=5 advertisedRoutes=3 recordBytes=57 sections=1 maxSectionBytes=700
[NWK 1] Starting reliable ARL RoutingSnapshot neighbor=2 routingSequence=8 sections=1
[NWK 1] Sending ARL RoutingSnapshot section=0/1 neighbor=2 routingSequence=8
[HOP 1] link_control dest=2 neighborKnown=1 s0=-105 pathloss=2.12777 failures=0 speed=128 txPower=0 rxPower=-105 cost=29
[HOP 1] TX reliable RoutingControl targets=2:9
[MAC] Enqueue TX pkt dscp=7 insert_pos=0 queue_size_before=0
[NWK 1] Armed RoutingSnapshot watchdog neighbor=2 phase=awaiting-independent-section-acks generation=3 timeoutSec=20
[MAC 2] local advertised reservation expired
[MAC 1] rtslot_counter expired for neighbor 2 reserveSlot=10
[MAC 1] PickTxSlot(dest=2) active_nodes_for_slotting=3 opnet_slot_range=25
[MAC 1] PickTxSlot(dest=2) avoid:
[MAC 1] PickTxSlot chose 25 using OPNET free-slot ordinal range [1,25]
[MAC 1] TX opportunity reached currentSlot=16 reserveNextSlot=25
... type=1 speedKey=128[t=55.9243] TX from node 1 to dest 2 seq 8 size 109 bytes segments 2 at slot 25 rate 128 kbps txPower 0 dBm (133333 bps) preamble SHORT duration 0.02616 s
[HOP 1] MAC sent confirmation dest=2 seq=9 transmission=1 sentAt=55.9243
[MAC 1] ACK transmitted in aggregate dest=2 seq=8 txCount=1/5
[MAC 1] OPNET aggregate transmitted segments=2 ackSegments=1 dataSegments=1 bytes=109 rate=128
[t=55.9243] RX SYNC at node 0 from node 1 seq 8 power -2.12777 dBm noise -106.975 dBm snr 104.847 dB state=1
[t=55.9243] RX SYNC at node 2 from node 1 seq 8 power -2.12777 dBm noise -106.975 dBm snr 104.847 dB state=1
[t=55.9309] MAC 0 enters Track on node 1 seq 8 power -2.12777 dBm
[t=55.9309] MAC 2 enters Track on node 1 seq 8 power -2.12777 dBm
[MAC 1] resumes Pre-Tx with live slot=25 counter=25
[t=55.9505] RX OVERHEARD at node 0 from node 1 seq 8 rate 128 kbps txPower 0 dBm preamble SHORT pathloss 2.12777 dB snr 104.847 dB (slot 25, len 109B, ackable=1)
[MAC 0] Learned neighbor 1 uses slot 25 (rtCounter=25)
[HOP 0] Overheard frame from 1 for 2 type=1 ignored after neighbor update
[t=55.9505] RX at node 2 from node 1 seq 8 rate 128 kbps txPower 0 dBm preamble SHORT pathloss 2.12777 dB snr 104.847 dB (slot 25, len 109B, ackable=1)
[MAC 2] Learned neighbor 1 uses slot 25 (rtCounter=25)
[HOP 2] RX ACK from 1 seq=8
[HOP 2] Reliable RoutingControl completed with 1 seq=8 routingSequence=3 section=0/1
[NWK 2] Reliable RoutingControl ACKed neighbor=1 routingSequence=3 operation=Request section=0/1 lastOfInfo=1
[HOP 2] RX reliable RoutingControl from 1 seq=9 firstReception=1
[MAC 2] active_nodes set to 2 for local slotting and post-TX wait
[NWK 2] active_nodes=2 pushed to MAC
[NWK 2] Updated HELLO neighbor=1 hopSrc=1 speedKey=8 activeNodes=3 pathloss=2.12777 snr=104.847
[NWK 2] link_calc neighbor=1 s0=-105 pathloss=2.12777 numFailures=0 speed=128 txPower=0 estDistance=75 speedMargin=120.872 totalMargin=132.872 costMode=local-only cost=29
[NWK 2] Updated route candidate dst=1 nextHop=1 hops=1 oldCost=29 newCost=29 valid=1->1 selectionDeferred=0 selected=1
[NWK 2] ARL route message from 1 type=RoutingUpdate advCount=0
[NWK 2] Buffered ARL routing section from=1 routingSequence=8 section=0/1 buffered=1
[NWK 2] Reassembled complete ARL routing message from=1 routingSequence=8 sections=1 recordBytes=57 records=5
[NWK 2] Applied ARL INFO from=1 routingSequence=8
[NWK 2] Applied source-owned neighbor capability neighbor=1 capability=1 routingSequence=8 directCost=29
[NWK 2] Updated route candidate dst=0 nextHop=1 hops=2 oldCost=58 newCost=58 valid=1->1 selectionDeferred=0 selected=1
[NWK 2] Updated selected-route preference dst=0 preferredNextHop=1
[NWK 2] Selected route changed dst=0 reason=source candidate replacement pendingDestinations=1
[NWK 2] Applied ARL UPDATE from=1 dst=0 advertisedHops=1 advertisedCost=29 routingSequence=8
[NWK 2] Ignoring unsupported ARL UPDATE node node24=2 from=1
[NWK 2] Applied ARL FLUSH from=1 routingSequence=8 routesInvalidated=0
[NWK 2] Routes: dst=1->nh=1(hops=1,cost=29,linkCost=29,advCost=0,from=1,imm=1,pl=2.12777,valid=1,path=[1]) dst=0->nh=1(hops=2,cost=58,linkCost=29,advCost=29,from=1,imm=0,pl=2.12777,valid=1,path=[1->0])
[HOP 2] link_control dest=1 neighborKnown=1 s0=-105 pathloss=2.12777 failures=0 speed=128 txPower=0 rxPower=-105 cost=29
[HOP 2] ACK RoutingControl to 1 seq=9
[MAC 2] Enqueue ACK dest=1 seq=9 window=0 ack_queue_size=1
[MAC 2] PickTxSlot(dest=1) active_nodes_for_slotting=3 opnet_slot_range=25
[MAC 2] avoiding neighbor 1 currentReservedSlot=25 rtslot_counter=25
[MAC 2] PickTxSlot(dest=1) avoid: 25
[MAC 2] PickTxSlot chose 26 using OPNET free-slot ordinal range [1,25]
[MAC 2] starts Pre-Tx with new slot=26 holdoff_over=1
[NWK 2] routesProcess grouped selected-route changes count=1 infoChanged=0 time=55.9505
[NWK 2] Best route dst=0 nextHop=1 cost=58 hops=2 learnedFrom=1 candidates=1 validCandidates=1
[NWK 2] Sending source-exact grouped route changes routingSequence=4 infoChanged=0 destinations=1 neighbors=1 groups=1 sections=1
[NWK 2] Retained grouped routing-control owner routingSequence=4 operation=Update section=0/1 destinations=1 owners=1
[HOP 2] link_control dest=1 neighborKnown=1 s0=-105 pathloss=2.12777 failures=0 speed=128 txPower=0 rxPower=-105 cost=29
[HOP 2] TX reliable RoutingControl targets=1:9
[MAC] Enqueue TX pkt dscp=7 insert_pos=0 queue_size_before=0
[NWK 2] CheckNwkQueue: size=0
[MAC 0] rtslot_counter expired for neighbor 1 reserveSlot=25
[MAC 2] rtslot_counter expired for neighbor 1 reserveSlot=25
[MAC 1] PickTxSlot(dest=2) active_nodes_for_slotting=3 opnet_slot_range=25
[MAC 1] PickTxSlot(dest=2) avoid:
[MAC 1] PickTxSlot chose 7 using OPNET free-slot ordinal range [1,25]
[MAC 1] TX opportunity reached currentSlot=25 reserveNextSlot=7
... type=1 speedKey=128[t=56.2883] TX from node 1 to dest 2 seq 8 size 30 bytes segments 1 at slot 7 rate 128 kbps txPower 0 dBm (133333 bps) preamble SHORT duration 0.02142 s
[MAC 1] ACK transmitted in aggregate dest=2 seq=8 txCount=2/5
[MAC 1] OPNET aggregate transmitted segments=1 ackSegments=1 dataSegments=0 bytes=30 rate=128
[t=56.2883] RX SYNC at node 0 from node 1 seq 8 power -2.12777 dBm noise -106.975 dBm snr 104.847 dB state=1
[t=56.2883] RX SYNC at node 2 from node 1 seq 8 power -2.12777 dBm noise -106.975 dBm snr 104.847 dB state=1
[t=56.2949] MAC 0 enters Track on node 1 seq 8 power -2.12777 dBm
[t=56.2949] MAC 2 enters Track on node 1 seq 8 power -2.12777 dBm
[MAC 1] resumes Pre-Tx with live slot=7 counter=7
[t=56.3097] RX OVERHEARD at node 0 from node 1 seq 8 rate 128 kbps txPower 0 dBm preamble SHORT pathloss 2.12777 dB snr 104.847 dB (slot 7, len 30B, ackable=0)
[MAC 0] Learned neighbor 1 uses slot 7 (rtCounter=7)
[HOP 0] Overheard frame from 1 for 2 type=1 ignored after neighbor update
[t=56.3097] RX at node 2 from node 1 seq 8 rate 128 kbps txPower 0 dBm preamble SHORT pathloss 2.12777 dB snr 104.847 dB (slot 7, len 30B, ackable=0)
[MAC 2] Learned neighbor 1 uses slot 7 (rtCounter=7)
[HOP 2] RX ACK from 1 seq=8
[NWK 2] CheckNwkQueue: size=0
[MAC 2] PickTxSlot(dest=1) active_nodes_for_slotting=3 opnet_slot_range=25
[MAC 2] avoiding neighbor 1 currentReservedSlot=6 rtslot_counter=6
[MAC 2] PickTxSlot(dest=1) avoid: 6
[MAC 2] PickTxSlot chose 7 using OPNET free-slot ordinal range [1,25]
[MAC 2] TX opportunity reached currentSlot=26 reserveNextSlot=7
... type=1 speedKey=128[t=56.322] TX from node 2 to dest 1 seq 9 size 69 bytes segments 2 at slot 7 rate 128 kbps txPower 0 dBm (133333 bps) preamble SHORT duration 0.02376 s
[HOP 2] MAC sent confirmation dest=1 seq=9 transmission=1 sentAt=56.322
[MAC 2] ACK transmitted in aggregate dest=1 seq=9 txCount=1/5
[MAC 2] OPNET aggregate transmitted segments=2 ackSegments=1 dataSegments=1 bytes=69 rate=128
[t=56.322] RX SYNC at node 1 from node 2 seq 9 power -2.12777 dBm noise -106.975 dBm snr 104.847 dB state=1
[t=56.3286] MAC 1 enters Track on node 2 seq 9 power -2.12777 dBm
[MAC 2] resumes Pre-Tx with live slot=7 counter=7
[t=56.3458] RX at node 1 from node 2 seq 9 rate 128 kbps txPower 0 dBm preamble SHORT pathloss 2.12777 dB snr 104.847 dB (slot 7, len 69B, ackable=1)
[MAC 1] Learned neighbor 2 uses slot 7 (rtCounter=7)
[HOP 1] RX ACK from 2 seq=9
[HOP 1] Reliable RoutingControl completed with 2 seq=9 routingSequence=8 section=0/1
[NWK 1] Reliable RoutingControl ACKed neighbor=2 routingSequence=8 operation=Update section=0/1 lastOfInfo=1
[NWK 1] ARL RoutingSnapshot section ACKed neighbor=2 routingSequence=8 section=0/1 ackedSections=1
[NWK 1] Reliable ARL RoutingSnapshot completed neighbor=2 routingSequence=8 sections=1
[HOP 1] RX reliable RoutingControl from 2 seq=9 firstReception=1
[MAC 1] active_nodes set to 3 for local slotting and post-TX wait
[NWK 1] active_nodes=3 pushed to MAC
[NWK 1] Updated HELLO neighbor=2 hopSrc=2 speedKey=8 activeNodes=2 pathloss=2.12777 snr=104.847
[NWK 1] link_calc neighbor=2 s0=-105 pathloss=2.12777 numFailures=0 speed=128 txPower=0 estDistance=75 speedMargin=120.872 totalMargin=132.872 costMode=local-only cost=29
[NWK 1] Updated route candidate dst=2 nextHop=2 hops=1 oldCost=29 newCost=29 valid=1->1 selectionDeferred=0 selected=1
[NWK 1] ARL route message from 2 type=RoutingUpdate advCount=0
[NWK 1] Buffered ARL routing section from=2 routingSequence=4 section=0/1 buffered=1
[NWK 1] Reassembled complete ARL routing message from=2 routingSequence=4 sections=1 recordBytes=17 records=1
[NWK 1] Routes: dst=0->nh=0(hops=1,cost=29,linkCost=29,advCost=0,from=0,imm=1,pl=2.12777,valid=1,path=[0]) dst=2->nh=2(hops=1,cost=29,linkCost=29,advCost=0,from=2,imm=1,pl=2.12777,valid=1,path=[2]) dst=0->nh=2(hops=3,cost=0,linkCost=0,advCost=58,from=2,imm=0,pl=nan,valid=0,path=[1->0]) dst=2->nh=0(hops=3,cost=0,linkCost=0,advCost=58,from=0,imm=0,pl=nan,valid=0,path=[1->2])
[HOP 1] link_control dest=2 neighborKnown=1 s0=-105 pathloss=2.12777 failures=0 speed=128 txPower=0 rxPower=-105 cost=29
[HOP 1] ACK RoutingControl to 2 seq=9
[MAC 1] Enqueue ACK dest=2 seq=9 window=0 ack_queue_size=2
[NWK 1] CheckNwkQueue: size=0
[MAC 0] rtslot_counter expired for neighbor 1 reserveSlot=7
[MAC 2] rtslot_counter expired for neighbor 1 reserveSlot=7
[MAC 1] PickTxSlot(dest=2) active_nodes_for_slotting=3 opnet_slot_range=25
[MAC 1] avoiding neighbor 2 currentReservedSlot=0 rtslot_counter=0
[MAC 1] PickTxSlot(dest=2) avoid:
[MAC 1] PickTxSlot chose 20 using OPNET free-slot ordinal range [1,25]
[MAC 1] TX opportunity reached currentSlot=7 reserveNextSlot=20
... type=1 speedKey=128[t=56.4313] TX from node 1 to dest 2 seq 8 size 60 bytes segments 2 at slot 20 rate 128 kbps txPower 0 dBm (133333 bps) preamble SHORT duration 0.02322 s
[MAC 1] ACK transmitted in aggregate dest=2 seq=8 txCount=3/5
[MAC 1] ACK transmitted in aggregate dest=2 seq=9 txCount=1/5
[MAC 1] OPNET aggregate transmitted segments=2 ackSegments=2 dataSegments=0 bytes=60 rate=128
[t=56.4313] RX SYNC at node 0 from node 1 seq 8 power -2.12777 dBm noise -106.975 dBm snr 104.847 dB state=1
[t=56.4313] RX SYNC at node 2 from node 1 seq 8 power -2.12777 dBm noise -106.975 dBm snr 104.847 dB state=1
[t=56.4379] MAC 0 enters Track on node 1 seq 8 power -2.12777 dBm
[t=56.4379] MAC 2 enters Track on node 1 seq 8 power -2.12777 dBm
[MAC 1] resumes Pre-Tx with live slot=20 counter=20
[t=56.4545] RX OVERHEARD at node 0 from node 1 seq 8 rate 128 kbps txPower 0 dBm preamble SHORT pathloss 2.12777 dB snr 104.847 dB (slot 20, len 60B, ackable=0)
[MAC 0] Learned neighbor 1 uses slot 20 (rtCounter=20)
[HOP 0] Overheard frame from 1 for 2 type=1 ignored after neighbor update
[HOP 0] Overheard frame from 1 for 2 type=1 ignored after neighbor update
[t=56.4545] RX at node 2 from node 1 seq 8 rate 128 kbps txPower 0 dBm preamble SHORT pathloss 2.12777 dB snr 104.847 dB (slot 20, len 60B, ackable=0)
[MAC 2] Learned neighbor 1 uses slot 20 (rtCounter=20)
[HOP 2] RX ACK from 1 seq=8
[HOP 2] RX ACK from 1 seq=9
[HOP 2] Reliable RoutingControl completed with 1 seq=9 routingSequence=4 section=0/1
[NWK 2] Reliable RoutingControl ACKed neighbor=1 routingSequence=4 operation=Update section=0/1 lastOfInfo=1
[NWK 2] Updated grouped routing-control residual ACKed=1 removed=1 lastOfInfo=1 remaining=0
[NWK 2] Released completed grouped routing-control owner routingSequence=4 section=0
[NWK 2] CheckNwkQueue: size=0
[MAC 1] rtslot_counter expired for neighbor 2 reserveSlot=7
[MAC 2] PickTxSlot(dest=1) active_nodes_for_slotting=3 opnet_slot_range=25
[MAC 2] avoiding neighbor 1 currentReservedSlot=19 rtslot_counter=19
[MAC 2] PickTxSlot(dest=1) avoid: 19
[MAC 2] PickTxSlot chose 17 using OPNET free-slot ordinal range [1,25]
[MAC 2] TX opportunity reached currentSlot=7 reserveNextSlot=17
... type=1 speedKey=128[t=56.465] TX from node 2 to dest 1 seq 9 size 30 bytes segments 1 at slot 17 rate 128 kbps txPower 0 dBm (133333 bps) preamble SHORT duration 0.02142 s
[MAC 2] ACK transmitted in aggregate dest=1 seq=9 txCount=2/5
[MAC 2] OPNET aggregate transmitted segments=1 ackSegments=1 dataSegments=0 bytes=30 rate=128
[t=56.465] RX SYNC at node 1 from node 2 seq 9 power -2.12777 dBm noise -106.975 dBm snr 104.847 dB state=1
[t=56.4716] MAC 1 enters Track on node 2 seq 9 power -2.12777 dBm
[MAC 2] resumes Pre-Tx with live slot=17 counter=17
[t=56.4864] RX at node 1 from node 2 seq 9 rate 128 kbps txPower 0 dBm preamble SHORT pathloss 2.12777 dB snr 104.847 dB (slot 17, len 30B, ackable=0)
[MAC 1] Learned neighbor 2 uses slot 17 (rtCounter=17)
[HOP 1] RX ACK from 2 seq=9
[NWK 1] CheckNwkQueue: size=0
[MAC 2] PickTxSlot(dest=1) active_nodes_for_slotting=3 opnet_slot_range=25
[MAC 2] avoiding neighbor 1 currentReservedSlot=1 rtslot_counter=1
[MAC 2] PickTxSlot(dest=1) avoid: 1
[MAC 2] PickTxSlot chose 12 using OPNET free-slot ordinal range [1,25]
[MAC 2] TX opportunity reached currentSlot=17 reserveNextSlot=12
... type=1 speedKey=128[t=56.712] TX from node 2 to dest 1 seq 9 size 30 bytes segments 1 at slot 12 rate 128 kbps txPower 0 dBm (133333 bps) preamble SHORT duration 0.02142 s
[MAC 2] ACK transmitted in aggregate dest=1 seq=9 txCount=3/5
[MAC 2] OPNET aggregate transmitted segments=1 ackSegments=1 dataSegments=0 bytes=30 rate=128
[t=56.712] RX SYNC at node 1 from node 2 seq 9 power -2.12777 dBm noise -106.975 dBm snr 104.847 dB state=1
[t=56.7186] MAC 1 enters Track on node 2 seq 9 power -2.12777 dBm
[MAC 0] rtslot_counter expired for neighbor 1 reserveSlot=20
[MAC 2] resumes Pre-Tx with live slot=12 counter=12
[t=56.7334] RX at node 1 from node 2 seq 9 rate 128 kbps txPower 0 dBm preamble SHORT pathloss 2.12777 dB snr 104.847 dB (slot 12, len 30B, ackable=0)
[MAC 1] Learned neighbor 2 uses slot 12 (rtCounter=12)
[HOP 1] RX ACK from 2 seq=9
[NWK 1] CheckNwkQueue: size=0
[MAC 2] rtslot_counter expired for neighbor 1 reserveSlot=20
[MAC 1] PickTxSlot(dest=2) active_nodes_for_slotting=3 opnet_slot_range=25
[MAC 1] avoiding neighbor 2 currentReservedSlot=9 rtslot_counter=9
[MAC 1] PickTxSlot(dest=2) avoid: 9
[MAC 1] PickTxSlot chose 25 using OPNET free-slot ordinal range [1,25]
[MAC 1] TX opportunity reached currentSlot=20 reserveNextSlot=25
... type=1 speedKey=128[t=56.7693] TX from node 1 to dest 2 seq 8 size 60 bytes segments 2 at slot 25 rate 128 kbps txPower 0 dBm (133333 bps) preamble SHORT duration 0.02322 s
[MAC 1] ACK transmitted in aggregate dest=2 seq=8 txCount=4/5
[MAC 1] ACK transmitted in aggregate dest=2 seq=9 txCount=2/5
[MAC 1] OPNET aggregate transmitted segments=2 ackSegments=2 dataSegments=0 bytes=60 rate=128
[t=56.7693] RX SYNC at node 0 from node 1 seq 8 power -2.12777 dBm noise -106.975 dBm snr 104.847 dB state=1
[t=56.7693] RX SYNC at node 2 from node 1 seq 8 power -2.12777 dBm noise -106.975 dBm snr 104.847 dB state=1
[t=56.7759] MAC 0 enters Track on node 1 seq 8 power -2.12777 dBm
[t=56.7759] MAC 2 enters Track on node 1 seq 8 power -2.12777 dBm
[MAC 1] resumes Pre-Tx with live slot=25 counter=25
[t=56.7925] RX OVERHEARD at node 0 from node 1 seq 8 rate 128 kbps txPower 0 dBm preamble SHORT pathloss 2.12777 dB snr 104.847 dB (slot 25, len 60B, ackable=0)
[MAC 0] Learned neighbor 1 uses slot 25 (rtCounter=25)
[HOP 0] Overheard frame from 1 for 2 type=1 ignored after neighbor update
[HOP 0] Overheard frame from 1 for 2 type=1 ignored after neighbor update
[t=56.7925] RX at node 2 from node 1 seq 8 rate 128 kbps txPower 0 dBm preamble SHORT pathloss 2.12777 dB snr 104.847 dB (slot 25, len 60B, ackable=0)
[MAC 2] Learned neighbor 1 uses slot 25 (rtCounter=25)
[HOP 2] RX ACK from 1 seq=8
[HOP 2] RX ACK from 1 seq=9
[NWK 2] CheckNwkQueue: size=0
[MAC 1] rtslot_counter expired for neighbor 2 reserveSlot=12
[MAC 2] PickTxSlot(dest=1) active_nodes_for_slotting=3 opnet_slot_range=25
[MAC 2] avoiding neighbor 1 currentReservedSlot=15 rtslot_counter=15
[MAC 2] PickTxSlot(dest=1) avoid: 15
[MAC 2] PickTxSlot chose 12 using OPNET free-slot ordinal range [1,25]
[MAC 2] TX opportunity reached currentSlot=12 reserveNextSlot=12
... type=1 speedKey=128[t=56.92] TX from node 2 to dest 1 seq 9 size 30 bytes segments 1 at slot 12 rate 128 kbps txPower 0 dBm (133333 bps) preamble SHORT duration 0.02142 s
[MAC 2] ACK transmitted in aggregate dest=1 seq=9 txCount=4/5
[MAC 2] OPNET aggregate transmitted segments=1 ackSegments=1 dataSegments=0 bytes=30 rate=128
[t=56.92] RX SYNC at node 1 from node 2 seq 9 power -2.12777 dBm noise -106.975 dBm snr 104.847 dB state=1
[t=56.9266] MAC 1 enters Track on node 2 seq 9 power -2.12777 dBm
[MAC 2] resumes Pre-Tx with live slot=12 counter=12
[t=56.9414] RX at node 1 from node 2 seq 9 rate 128 kbps txPower 0 dBm preamble SHORT pathloss 2.12777 dB snr 104.847 dB (slot 12, len 30B, ackable=0)
[MAC 1] Learned neighbor 2 uses slot 12 (rtCounter=12)
[HOP 1] RX ACK from 2 seq=9
[NWK 1] CheckNwkQueue: size=0
[MAC 2] PickTxSlot(dest=1) active_nodes_for_slotting=3 opnet_slot_range=25
[MAC 2] avoiding neighbor 1 currentReservedSlot=2 rtslot_counter=2
[MAC 2] PickTxSlot(dest=1) avoid: 2
[MAC 2] PickTxSlot chose 19 using OPNET free-slot ordinal range [1,25]
[MAC 2] TX opportunity reached currentSlot=12 reserveNextSlot=19
... type=1 speedKey=128[t=57.102] TX from node 2 to dest 1 seq 9 size 30 bytes segments 1 at slot 19 rate 128 kbps txPower 0 dBm (133333 bps) preamble SHORT duration 0.02142 s
[MAC 2] ACK transmitted in aggregate dest=1 seq=9 txCount=5/5
[MAC 2] Remove ACK after OPNET resend limit dest=1 seq=9
[MAC 2] OPNET aggregate transmitted segments=1 ackSegments=1 dataSegments=0 bytes=30 rate=128
[t=57.102] RX SYNC at node 1 from node 2 seq 9 power -2.12777 dBm noise -106.975 dBm snr 104.847 dB state=1
[t=57.1086] MAC 1 enters Track on node 2 seq 9 power -2.12777 dBm
[MAC 2] post-TX WAIT_FOR_ACK until 75.6234 (POST_TX_WAIT=18.5 s)
[t=57.1234] RX at node 1 from node 2 seq 9 rate 128 kbps txPower 0 dBm preamble SHORT pathloss 2.12777 dB snr 104.847 dB (slot 19, len 30B, ackable=0)
[MAC 1] Learned neighbor 2 uses slot 19 (rtCounter=19)
[HOP 1] RX ACK from 2 seq=9
[NWK 1] CheckNwkQueue: size=0
[MAC 0] rtslot_counter expired for neighbor 1 reserveSlot=25
[MAC 2] rtslot_counter expired for neighbor 1 reserveSlot=25
[MAC 1] PickTxSlot(dest=2) active_nodes_for_slotting=3 opnet_slot_range=25
[MAC 1] avoiding neighbor 2 currentReservedSlot=15 rtslot_counter=15
[MAC 1] PickTxSlot(dest=2) avoid: 15
[MAC 1] PickTxSlot chose 11 using OPNET free-slot ordinal range [1,25]
[MAC 1] TX opportunity reached currentSlot=25 reserveNextSlot=11
... type=1 speedKey=128[t=57.1723] TX from node 1 to dest 2 seq 8 size 60 bytes segments 2 at slot 11 rate 128 kbps txPower 0 dBm (133333 bps) preamble SHORT duration 0.02322 s
[MAC 1] ACK transmitted in aggregate dest=2 seq=8 txCount=5/5
[MAC 1] ACK transmitted in aggregate dest=2 seq=9 txCount=3/5
[MAC 1] Remove ACK after OPNET resend limit dest=2 seq=8
[MAC 1] OPNET aggregate transmitted segments=2 ackSegments=2 dataSegments=0 bytes=60 rate=128
[t=57.1723] RX SYNC at node 0 from node 1 seq 8 power -2.12777 dBm noise -106.975 dBm snr 104.847 dB state=1
[t=57.1723] RX SYNC at node 2 from node 1 seq 8 power -2.12777 dBm noise -106.975 dBm snr 104.847 dB state=1
[t=57.1789] MAC 0 enters Track on node 1 seq 8 power -2.12777 dBm
[t=57.1789] MAC 2 enters Track on node 1 seq 8 power -2.12777 dBm
[MAC 1] resumes Pre-Tx with live slot=11 counter=11
[t=57.1955] RX OVERHEARD at node 0 from node 1 seq 8 rate 128 kbps txPower 0 dBm preamble SHORT pathloss 2.12777 dB snr 104.847 dB (slot 11, len 60B, ackable=0)
[MAC 0] Learned neighbor 1 uses slot 11 (rtCounter=11)
[HOP 0] Overheard frame from 1 for 2 type=1 ignored after neighbor update
[HOP 0] Overheard frame from 1 for 2 type=1 ignored after neighbor update
[t=57.1955] RX at node 2 from node 1 seq 8 rate 128 kbps txPower 0 dBm preamble SHORT pathloss 2.12777 dB snr 104.847 dB (slot 11, len 60B, ackable=0)
[MAC 2] Learned neighbor 1 uses slot 11 (rtCounter=11)
[HOP 2] RX ACK from 1 seq=8
[HOP 2] RX ACK from 1 seq=9
[NWK 2] CheckNwkQueue: size=0
[MAC 1] PickTxSlot(dest=2) active_nodes_for_slotting=3 opnet_slot_range=25
[MAC 1] avoiding neighbor 2 currentReservedSlot=3 rtslot_counter=3
[MAC 1] PickTxSlot(dest=2) avoid: 3
[MAC 1] PickTxSlot chose 18 using OPNET free-slot ordinal range [1,25]
[MAC 1] TX opportunity reached currentSlot=11 reserveNextSlot=18
... type=1 speedKey=128[t=57.3413] TX from node 1 to dest 2 seq 9 size 30 bytes segments 1 at slot 18 rate 128 kbps txPower 0 dBm (133333 bps) preamble SHORT duration 0.02142 s
[MAC 1] ACK transmitted in aggregate dest=2 seq=9 txCount=4/5
[MAC 1] OPNET aggregate transmitted segments=1 ackSegments=1 dataSegments=0 bytes=30 rate=128
[t=57.3413] RX SYNC at node 0 from node 1 seq 9 power -2.12777 dBm noise -106.975 dBm snr 104.847 dB state=1
[t=57.3413] RX SYNC at node 2 from node 1 seq 9 power -2.12777 dBm noise -106.975 dBm snr 104.847 dB state=1
[t=57.3479] MAC 0 enters Track on node 1 seq 9 power -2.12777 dBm
[t=57.3479] MAC 2 enters Track on node 1 seq 9 power -2.12777 dBm
[MAC 1] resumes Pre-Tx with live slot=18 counter=18
[t=57.3627] RX OVERHEARD at node 0 from node 1 seq 9 rate 128 kbps txPower 0 dBm preamble SHORT pathloss 2.12777 dB snr 104.847 dB (slot 18, len 30B, ackable=0)
[MAC 0] Learned neighbor 1 uses slot 18 (rtCounter=18)
[HOP 0] Overheard frame from 1 for 2 type=1 ignored after neighbor update
[t=57.3627] RX at node 2 from node 1 seq 9 rate 128 kbps txPower 0 dBm preamble SHORT pathloss 2.12777 dB snr 104.847 dB (slot 18, len 30B, ackable=0)
[MAC 2] Learned neighbor 1 uses slot 18 (rtCounter=18)
[HOP 2] RX ACK from 1 seq=9
[NWK 2] CheckNwkQueue: size=0
[MAC 1] rtslot_counter expired for neighbor 2 reserveSlot=19
[MAC 2] local advertised reservation expired
[MAC 1] PickTxSlot(dest=2) active_nodes_for_slotting=3 opnet_slot_range=25
[MAC 1] PickTxSlot(dest=2) avoid:
[MAC 1] PickTxSlot chose 3 using OPNET free-slot ordinal range [1,25]
[MAC 1] TX opportunity reached currentSlot=18 reserveNextSlot=3
... type=1 speedKey=128[t=57.6013] TX from node 1 to dest 2 seq 9 size 30 bytes segments 1 at slot 3 rate 128 kbps txPower 0 dBm (133333 bps) preamble SHORT duration 0.02142 s
[MAC 1] ACK transmitted in aggregate dest=2 seq=9 txCount=5/5
[MAC 1] Remove ACK after OPNET resend limit dest=2 seq=9
[MAC 1] OPNET aggregate transmitted segments=1 ackSegments=1 dataSegments=0 bytes=30 rate=128
[t=57.6013] RX SYNC at node 0 from node 1 seq 9 power -2.12777 dBm noise -106.975 dBm snr 104.847 dB state=1
[t=57.6013] RX SYNC at node 2 from node 1 seq 9 power -2.12777 dBm noise -106.975 dBm snr 104.847 dB state=1
[t=57.6079] MAC 0 enters Track on node 1 seq 9 power -2.12777 dBm
[t=57.6079] MAC 2 enters Track on node 1 seq 9 power -2.12777 dBm
[MAC 1] post-TX WAIT_FOR_ACK until 77.6227 (POST_TX_WAIT=20 s)
[t=57.6227] RX OVERHEARD at node 0 from node 1 seq 9 rate 128 kbps txPower 0 dBm preamble SHORT pathloss 2.12777 dB snr 104.847 dB (slot 3, len 30B, ackable=0)
[MAC 0] Learned neighbor 1 uses slot 3 (rtCounter=3)
[HOP 0] Overheard frame from 1 for 2 type=1 ignored after neighbor update
[t=57.6227] RX at node 2 from node 1 seq 9 rate 128 kbps txPower 0 dBm preamble SHORT pathloss 2.12777 dB snr 104.847 dB (slot 3, len 30B, ackable=0)
[MAC 2] Learned neighbor 1 uses slot 3 (rtCounter=3)
[HOP 2] RX ACK from 1 seq=9
[NWK 2] CheckNwkQueue: size=0
[MAC 1] local advertised reservation expired
[MAC 0] rtslot_counter expired for neighbor 1 reserveSlot=3
[MAC 2] rtslot_counter expired for neighbor 1 reserveSlot=3
[NWK 0] NSDP(0->2) incremented to 1
[NWK 0] CheckNwkQueue: size=1
[HOP 0] CanSendToHop dest=1 outstanding=0 threshold=0 effectiveWindow=1 pendingData=0 globalLimit=16 neighborOK=1 nodeOK=1 -> YES
[HOP 0] link_control dest=1 neighborKnown=1 s0=-105 pathloss=2.12777 failures=0 speed=128 txPower=0 rxPower=-105 cost=29
[HOP 0] Pending DATA increment dest=1 pending=1
[HOP 0] TX Pairwise16 DATA neighbor=1 hopSeq=11 securityCount=1
[MAC] Enqueue TX pkt dscp=5 insert_pos=0 queue_size_before=0
[MAC 0] PickTxSlot(dest=1) active_nodes_for_slotting=3 opnet_slot_range=25
[MAC 0] PickTxSlot(dest=1) avoid:
[MAC 0] PickTxSlot chose 20 using OPNET free-slot ordinal range [1,25]
[MAC 0] starts Pre-Tx with new slot=20 holdoff_over=1
[MAC 0] PickTxSlot(dest=1) active_nodes_for_slotting=3 opnet_slot_range=25
[MAC 0] PickTxSlot(dest=1) avoid:
[MAC 0] PickTxSlot chose 23 using OPNET free-slot ordinal range [1,25]
[MAC 0] TX opportunity reached currentSlot=20 reserveNextSlot=23
... type=0 speedKey=128[t=70.281] TX from node 0 to dest 1 seq 11 size 229 bytes segments 1 at slot 23 rate 128 kbps txPower 0 dBm (133333 bps) preamble SHORT duration 0.03336 s
[HOP 0] MAC sent confirmation dest=1 seq=11 transmission=1 sentAt=70.281
[MAC 0] OPNET aggregate transmitted segments=1 ackSegments=0 dataSegments=1 bytes=229 rate=128
[t=70.281] RX SYNC at node 1 from node 0 seq 11 power -2.12777 dBm noise -106.975 dBm snr 104.847 dB state=1
[t=70.2876] MAC 1 enters Track on node 0 seq 11 power -2.12777 dBm
[MAC 0] post-TX WAIT_FOR_ACK until 88.8144 (POST_TX_WAIT=18.5 s)
[t=70.3144] RX at node 1 from node 0 seq 11 rate 128 kbps txPower 0 dBm preamble SHORT pathloss 2.12777 dB snr 104.847 dB (slot 23, len 229B, ackable=1)
[MAC 1] Learned neighbor 0 uses slot 23 (rtCounter=23)
[HOP 1] RX authenticated Pairwise16 DATA from=0 keyId=1 keySeq=16
[HOP 1] link_control dest=0 neighborKnown=1 s0=-105 pathloss=2.12777 failures=0 speed=128 txPower=0 rxPower=-105 cost=29
[NWK 1] Added reverse path netSrc=0 reverseHop=0
[MAC 1] Enqueue ACK dest=0 seq=11 window=1 ack_queue_size=1
[MAC 1] PickTxSlot(dest=0) active_nodes_for_slotting=3 opnet_slot_range=25
[MAC 1] avoiding neighbor 0 currentReservedSlot=23 rtslot_counter=23
[MAC 1] PickTxSlot(dest=0) avoid: 23
[MAC 1] PickTxSlot chose 10 using OPNET free-slot ordinal range [1,25]
[MAC 1] starts Pre-Tx with new slot=10 holdoff_over=1
[NWK 1] CheckNwkQueue: size=1
[HOP 1] CanSendToHop dest=2 outstanding=0 threshold=0 effectiveWindow=1 pendingData=0 globalLimit=16 neighborOK=1 nodeOK=1 -> YES
[HOP 1] link_control dest=2 neighborKnown=1 s0=-105 pathloss=2.12777 failures=0 speed=128 txPower=0 rxPower=-105 cost=29
[HOP 1] Pending DATA increment dest=2 pending=1
[HOP 1] TX Pairwise16 DATA neighbor=2 hopSeq=10 securityCount=1
[MAC] Enqueue TX pkt dscp=5 insert_pos=0 queue_size_before=0
[MAC 1] PickTxSlot(dest=0) active_nodes_for_slotting=3 opnet_slot_range=25
[MAC 1] avoiding neighbor 0 currentReservedSlot=12 rtslot_counter=12
[MAC 1] PickTxSlot(dest=0) avoid: 12
[MAC 1] PickTxSlot chose 15 using OPNET free-slot ordinal range [1,25]
[MAC 1] TX opportunity reached currentSlot=10 reserveNextSlot=15
... type=1 speedKey=128[t=70.4453] TX from node 1 to dest 0 seq 11 size 275 bytes segments 2 at slot 15 rate 128 kbps txPower 0 dBm (133333 bps) preamble SHORT duration 0.03612 s
[HOP 1] MAC sent confirmation dest=2 seq=10 transmission=1 sentAt=70.4453
[MAC 1] ACK transmitted in aggregate dest=0 seq=11 txCount=1/5
[MAC 1] OPNET aggregate transmitted segments=2 ackSegments=1 dataSegments=1 bytes=275 rate=128
[t=70.4453] RX SYNC at node 0 from node 1 seq 11 power -2.12777 dBm noise -106.975 dBm snr 104.847 dB state=1
[t=70.4453] RX SYNC at node 2 from node 1 seq 11 power -2.12777 dBm noise -106.975 dBm snr 104.847 dB state=1
[t=70.4519] MAC 0 enters Track on node 1 seq 11 power -2.12777 dBm
[t=70.4519] MAC 2 enters Track on node 1 seq 11 power -2.12777 dBm
[MAC 1] resumes Pre-Tx with live slot=15 counter=15
[t=70.4814] RX at node 0 from node 1 seq 11 rate 128 kbps txPower 0 dBm preamble SHORT pathloss 2.12777 dB snr 104.847 dB (slot 15, len 275B, ackable=1)
[MAC 0] Learned neighbor 1 uses slot 15 (rtCounter=15)
[HOP 0] RX ACK from 1 seq=11
[HOP 0] Pending DATA decrement reason=ACK neighbor=1 pending=0
[NWK 0] NSDP(0->2) decremented to 0
[NWK 0] HOP completion released NSDP slot; awaiting HOP queue wake flow=0->2
[HOP 0] Overheard frame from 1 for 2 type=0 ignored after neighbor update
[t=70.4814] RX at node 2 from node 1 seq 11 rate 128 kbps txPower 0 dBm preamble SHORT pathloss 2.12777 dB snr 104.847 dB (slot 15, len 275B, ackable=1)
[MAC 2] Learned neighbor 1 uses slot 15 (rtCounter=15)
[HOP 2] Overheard frame from 1 for 0 type=1 ignored after neighbor update
[HOP 2] RX authenticated Pairwise16 DATA from=1 keyId=1 keySeq=14
[HOP 2] link_control dest=1 neighborKnown=1 s0=-105 pathloss=2.12777 failures=0 speed=128 txPower=0 rxPower=-105 cost=29
[MAC 2] Enqueue ACK dest=1 seq=10 window=1 ack_queue_size=1
[NWK 2] Added reverse path netSrc=0 reverseHop=1
[MAC 2] PickTxSlot(dest=1) active_nodes_for_slotting=3 opnet_slot_range=25
[MAC 2] avoiding neighbor 1 currentReservedSlot=15 rtslot_counter=15
[MAC 2] PickTxSlot(dest=1) avoid: 15
[MAC 2] PickTxSlot chose 17 using OPNET free-slot ordinal range [1,25]
[MAC 2] starts Pre-Tx with new slot=17 holdoff_over=1
[NWK 0] CheckNwkQueue: size=0
[MAC 1] rtslot_counter expired for neighbor 0 reserveSlot=23
[MAC 0] local advertised reservation expired
[MAC 1] PickTxSlot(dest=0) active_nodes_for_slotting=3 opnet_slot_range=25
[MAC 1] PickTxSlot(dest=0) avoid:
[MAC 1] PickTxSlot chose 24 using OPNET free-slot ordinal range [1,25]
[MAC 1] TX opportunity reached currentSlot=15 reserveNextSlot=24
... type=1 speedKey=128[t=70.6793] TX from node 1 to dest 0 seq 11 size 46 bytes segments 1 at slot 24 rate 128 kbps txPower 0 dBm (133333 bps) preamble SHORT duration 0.02238 s
[MAC 1] ACK transmitted in aggregate dest=0 seq=11 txCount=2/5
[MAC 1] OPNET aggregate transmitted segments=1 ackSegments=1 dataSegments=0 bytes=46 rate=128
[t=70.6793] RX SYNC at node 0 from node 1 seq 11 power -2.12777 dBm noise -106.975 dBm snr 104.847 dB state=1
[t=70.6793] RX SYNC at node 2 from node 1 seq 11 power -2.12777 dBm noise -106.975 dBm snr 104.847 dB state=1
[t=70.6859] MAC 0 enters Track on node 1 seq 11 power -2.12777 dBm
[t=70.6859] MAC 2 enters Track on node 1 seq 11 power -2.12777 dBm
[MAC 1] resumes Pre-Tx with live slot=24 counter=24
[t=70.7017] RX at node 0 from node 1 seq 11 rate 128 kbps txPower 0 dBm preamble SHORT pathloss 2.12777 dB snr 104.847 dB (slot 24, len 46B, ackable=0)
[MAC 0] Learned neighbor 1 uses slot 24 (rtCounter=24)
[HOP 0] RX ACK from 1 seq=11
[t=70.7017] RX OVERHEARD at node 2 from node 1 seq 11 rate 128 kbps txPower 0 dBm preamble SHORT pathloss 2.12777 dB snr 104.847 dB (slot 24, len 46B, ackable=0)
[MAC 2] Learned neighbor 1 uses slot 24 (rtCounter=24)
[HOP 2] Overheard frame from 1 for 0 type=1 ignored after neighbor update
[NWK 0] CheckNwkQueue: size=0
[MAC 2] PickTxSlot(dest=1) active_nodes_for_slotting=3 opnet_slot_range=25
[MAC 2] avoiding neighbor 1 currentReservedSlot=21 rtslot_counter=21
[MAC 2] PickTxSlot(dest=1) avoid: 21
[MAC 2] PickTxSlot chose 23 using OPNET free-slot ordinal range [1,25]
[MAC 2] TX opportunity reached currentSlot=17 reserveNextSlot=23
... type=1 speedKey=128[t=70.739] TX from node 2 to dest 1 seq 10 size 46 bytes segments 1 at slot 23 rate 128 kbps txPower 0 dBm (133333 bps) preamble SHORT duration 0.02238 s
[MAC 2] ACK transmitted in aggregate dest=1 seq=10 txCount=1/5
[MAC 2] OPNET aggregate transmitted segments=1 ackSegments=1 dataSegments=0 bytes=46 rate=128
[t=70.739] RX SYNC at node 1 from node 2 seq 10 power -2.12777 dBm noise -106.975 dBm snr 104.847 dB state=1
[t=70.7456] MAC 1 enters Track on node 2 seq 10 power -2.12777 dBm
[MAC 2] resumes Pre-Tx with live slot=23 counter=23
[t=70.7614] RX at node 1 from node 2 seq 10 rate 128 kbps txPower 0 dBm preamble SHORT pathloss 2.12777 dB snr 104.847 dB (slot 23, len 46B, ackable=0)
[MAC 1] Learned neighbor 2 uses slot 23 (rtCounter=23)
[HOP 1] RX ACK from 2 seq=10
[HOP 1] Pending DATA decrement reason=ACK neighbor=2 pending=0
[NWK 1] NSDP(0->2) decremented to 0
[NWK 1] HOP completion released NSDP slot; awaiting HOP queue wake flow=0->2
[NWK 1] CheckNwkQueue: size=0
[MAC 0] rtslot_counter expired for neighbor 1 reserveSlot=24
[MAC 2] rtslot_counter expired for neighbor 1 reserveSlot=24
[MAC 1] PickTxSlot(dest=0) active_nodes_for_slotting=3 opnet_slot_range=25
[MAC 1] avoiding neighbor 2 currentReservedSlot=1 rtslot_counter=1
[MAC 1] PickTxSlot(dest=0) avoid: 1
[MAC 1] PickTxSlot chose 11 using OPNET free-slot ordinal range [1,25]
[MAC 1] TX opportunity reached currentSlot=24 reserveNextSlot=11
... type=1 speedKey=128[t=71.0433] TX from node 1 to dest 0 seq 11 size 46 bytes segments 1 at slot 11 rate 128 kbps txPower 0 dBm (133333 bps) preamble SHORT duration 0.02238 s
[MAC 1] ACK transmitted in aggregate dest=0 seq=11 txCount=3/5
[MAC 1] OPNET aggregate transmitted segments=1 ackSegments=1 dataSegments=0 bytes=46 rate=128
[t=71.0433] RX SYNC at node 0 from node 1 seq 11 power -2.12777 dBm noise -106.975 dBm snr 104.847 dB state=1
[t=71.0433] RX SYNC at node 2 from node 1 seq 11 power -2.12777 dBm noise -106.975 dBm snr 104.847 dB state=1
[t=71.0499] MAC 0 enters Track on node 1 seq 11 power -2.12777 dBm
[t=71.0499] MAC 2 enters Track on node 1 seq 11 power -2.12777 dBm
[MAC 1] resumes Pre-Tx with live slot=11 counter=11
[t=71.0657] RX at node 0 from node 1 seq 11 rate 128 kbps txPower 0 dBm preamble SHORT pathloss 2.12777 dB snr 104.847 dB (slot 11, len 46B, ackable=0)
[MAC 0] Learned neighbor 1 uses slot 11 (rtCounter=11)
[HOP 0] RX ACK from 1 seq=11
[t=71.0657] RX OVERHEARD at node 2 from node 1 seq 11 rate 128 kbps txPower 0 dBm preamble SHORT pathloss 2.12777 dB snr 104.847 dB (slot 11, len 46B, ackable=0)
[MAC 2] Learned neighbor 1 uses slot 11 (rtCounter=11)
[HOP 2] Overheard frame from 1 for 0 type=1 ignored after neighbor update
[NWK 0] CheckNwkQueue: size=0
[MAC 1] rtslot_counter expired for neighbor 2 reserveSlot=23
[MAC 2] PickTxSlot(dest=1) active_nodes_for_slotting=3 opnet_slot_range=25
[MAC 2] avoiding neighbor 1 currentReservedSlot=9 rtslot_counter=9
[MAC 2] PickTxSlot(dest=1) avoid: 9
[MAC 2] PickTxSlot chose 18 using OPNET free-slot ordinal range [1,25]
[MAC 2] TX opportunity reached currentSlot=23 reserveNextSlot=18
... type=1 speedKey=128[t=71.09] TX from node 2 to dest 1 seq 10 size 46 bytes segments 1 at slot 18 rate 128 kbps txPower 0 dBm (133333 bps) preamble SHORT duration 0.02238 s
[MAC 2] ACK transmitted in aggregate dest=1 seq=10 txCount=2/5
[MAC 2] OPNET aggregate transmitted segments=1 ackSegments=1 dataSegments=0 bytes=46 rate=128
[t=71.09] RX SYNC at node 1 from node 2 seq 10 power -2.12777 dBm noise -106.975 dBm snr 104.847 dB state=1
[t=71.0966] MAC 1 enters Track on node 2 seq 10 power -2.12777 dBm
[MAC 2] resumes Pre-Tx with live slot=18 counter=18
[t=71.1124] RX at node 1 from node 2 seq 10 rate 128 kbps txPower 0 dBm preamble SHORT pathloss 2.12777 dB snr 104.847 dB (slot 18, len 46B, ackable=0)
[MAC 1] Learned neighbor 2 uses slot 18 (rtCounter=18)
[HOP 1] RX ACK from 2 seq=10
[NWK 1] CheckNwkQueue: size=0
[MAC 0] rtslot_counter expired for neighbor 1 reserveSlot=11
[MAC 2] rtslot_counter expired for neighbor 1 reserveSlot=11
[MAC 1] PickTxSlot(dest=0) active_nodes_for_slotting=3 opnet_slot_range=25
[MAC 1] avoiding neighbor 2 currentReservedSlot=8 rtslot_counter=8
[MAC 1] PickTxSlot(dest=0) avoid: 8
[MAC 1] PickTxSlot chose 26 using OPNET free-slot ordinal range [1,25]
[MAC 1] TX opportunity reached currentSlot=11 reserveNextSlot=26
... type=1 speedKey=128[t=71.2383] TX from node 1 to dest 0 seq 11 size 46 bytes segments 1 at slot 26 rate 128 kbps txPower 0 dBm (133333 bps) preamble SHORT duration 0.02238 s
[MAC 1] ACK transmitted in aggregate dest=0 seq=11 txCount=4/5
[MAC 1] OPNET aggregate transmitted segments=1 ackSegments=1 dataSegments=0 bytes=46 rate=128
[t=71.2383] RX SYNC at node 0 from node 1 seq 11 power -2.12777 dBm noise -106.975 dBm snr 104.847 dB state=1
[t=71.2383] RX SYNC at node 2 from node 1 seq 11 power -2.12777 dBm noise -106.975 dBm snr 104.847 dB state=1
[t=71.2449] MAC 0 enters Track on node 1 seq 11 power -2.12777 dBm
[t=71.2449] MAC 2 enters Track on node 1 seq 11 power -2.12777 dBm
[MAC 1] resumes Pre-Tx with live slot=26 counter=26
[t=71.2607] RX at node 0 from node 1 seq 11 rate 128 kbps txPower 0 dBm preamble SHORT pathloss 2.12777 dB snr 104.847 dB (slot 26, len 46B, ackable=0)
[MAC 0] Learned neighbor 1 uses slot 26 (rtCounter=26)
[HOP 0] RX ACK from 1 seq=11
[t=71.2607] RX OVERHEARD at node 2 from node 1 seq 11 rate 128 kbps txPower 0 dBm preamble SHORT pathloss 2.12777 dB snr 104.847 dB (slot 26, len 46B, ackable=0)
[MAC 2] Learned neighbor 1 uses slot 26 (rtCounter=26)
[HOP 2] Overheard frame from 1 for 0 type=1 ignored after neighbor update
[NWK 0] CheckNwkQueue: size=0
[MAC 1] rtslot_counter expired for neighbor 2 reserveSlot=18
[MAC 2] PickTxSlot(dest=1) active_nodes_for_slotting=3 opnet_slot_range=25
[MAC 2] avoiding neighbor 1 currentReservedSlot=17 rtslot_counter=17
[MAC 2] PickTxSlot(dest=1) avoid: 17
[MAC 2] PickTxSlot chose 4 using OPNET free-slot ordinal range [1,25]
[MAC 2] TX opportunity reached currentSlot=18 reserveNextSlot=4
... type=1 speedKey=128[t=71.376] TX from node 2 to dest 1 seq 10 size 46 bytes segments 1 at slot 4 rate 128 kbps txPower 0 dBm (133333 bps) preamble SHORT duration 0.02238 s
[MAC 2] ACK transmitted in aggregate dest=1 seq=10 txCount=3/5
[MAC 2] OPNET aggregate transmitted segments=1 ackSegments=1 dataSegments=0 bytes=46 rate=128
[t=71.376] RX SYNC at node 1 from node 2 seq 10 power -2.12777 dBm noise -106.975 dBm snr 104.847 dB state=1
[t=71.3826] MAC 1 enters Track on node 2 seq 10 power -2.12777 dBm
[MAC 2] resumes Pre-Tx with live slot=4 counter=4
[t=71.3984] RX at node 1 from node 2 seq 10 rate 128 kbps txPower 0 dBm preamble SHORT pathloss 2.12777 dB snr 104.847 dB (slot 4, len 46B, ackable=0)
[MAC 1] Learned neighbor 2 uses slot 4 (rtCounter=4)
[HOP 1] RX ACK from 2 seq=10
[NWK 1] CheckNwkQueue: size=0
[MAC 2] PickTxSlot(dest=1) active_nodes_for_slotting=3 opnet_slot_range=25
[MAC 2] avoiding neighbor 1 currentReservedSlot=12 rtslot_counter=12
[MAC 2] PickTxSlot(dest=1) avoid: 12
[MAC 2] PickTxSlot chose 21 using OPNET free-slot ordinal range [1,25]
[MAC 2] TX opportunity reached currentSlot=4 reserveNextSlot=21
... type=1 speedKey=128[t=71.454] TX from node 2 to dest 1 seq 10 size 46 bytes segments 1 at slot 21 rate 128 kbps txPower 0 dBm (133333 bps) preamble SHORT duration 0.02238 s
[MAC 2] ACK transmitted in aggregate dest=1 seq=10 txCount=4/5
[MAC 2] OPNET aggregate transmitted segments=1 ackSegments=1 dataSegments=0 bytes=46 rate=128
[t=71.454] RX SYNC at node 1 from node 2 seq 10 power -2.12777 dBm noise -106.975 dBm snr 104.847 dB state=1
[t=71.4606] MAC 1 enters Track on node 2 seq 10 power -2.12777 dBm
[MAC 2] resumes Pre-Tx with live slot=21 counter=21
[t=71.4764] RX at node 1 from node 2 seq 10 rate 128 kbps txPower 0 dBm preamble SHORT pathloss 2.12777 dB snr 104.847 dB (slot 21, len 46B, ackable=0)
[MAC 1] Learned neighbor 2 uses slot 21 (rtCounter=21)
[HOP 1] RX ACK from 2 seq=10
[NWK 1] CheckNwkQueue: size=0
[MAC 0] rtslot_counter expired for neighbor 1 reserveSlot=26
[MAC 2] rtslot_counter expired for neighbor 1 reserveSlot=26
[MAC 1] PickTxSlot(dest=0) active_nodes_for_slotting=3 opnet_slot_range=25
[MAC 1] avoiding neighbor 2 currentReservedSlot=7 rtslot_counter=7
[MAC 1] PickTxSlot(dest=0) avoid: 7
[MAC 1] PickTxSlot chose 6 using OPNET free-slot ordinal range [1,25]
[MAC 1] TX opportunity reached currentSlot=26 reserveNextSlot=6
... type=1 speedKey=128[t=71.6543] TX from node 1 to dest 0 seq 11 size 46 bytes segments 1 at slot 6 rate 128 kbps txPower 0 dBm (133333 bps) preamble SHORT duration 0.02238 s
[MAC 1] ACK transmitted in aggregate dest=0 seq=11 txCount=5/5
[MAC 1] Remove ACK after OPNET resend limit dest=0 seq=11
[MAC 1] OPNET aggregate transmitted segments=1 ackSegments=1 dataSegments=0 bytes=46 rate=128
[t=71.6543] RX SYNC at node 0 from node 1 seq 11 power -2.12777 dBm noise -106.975 dBm snr 104.847 dB state=1
[t=71.6543] RX SYNC at node 2 from node 1 seq 11 power -2.12777 dBm noise -106.975 dBm snr 104.847 dB state=1
[t=71.6609] MAC 0 enters Track on node 1 seq 11 power -2.12777 dBm
[t=71.6609] MAC 2 enters Track on node 1 seq 11 power -2.12777 dBm
[MAC 1] post-TX WAIT_FOR_ACK until 91.6767 (POST_TX_WAIT=20 s)
[t=71.6767] RX at node 0 from node 1 seq 11 rate 128 kbps txPower 0 dBm preamble SHORT pathloss 2.12777 dB snr 104.847 dB (slot 6, len 46B, ackable=0)
[MAC 0] Learned neighbor 1 uses slot 6 (rtCounter=6)
[HOP 0] RX ACK from 1 seq=11
[t=71.6767] RX OVERHEARD at node 2 from node 1 seq 11 rate 128 kbps txPower 0 dBm preamble SHORT pathloss 2.12777 dB snr 104.847 dB (slot 6, len 46B, ackable=0)
[MAC 2] Learned neighbor 1 uses slot 6 (rtCounter=6)
[HOP 2] Overheard frame from 1 for 0 type=1 ignored after neighbor update
[NWK 0] CheckNwkQueue: size=0
[MAC 1] local advertised reservation expired
[MAC 0] rtslot_counter expired for neighbor 1 reserveSlot=6
[MAC 2] rtslot_counter expired for neighbor 1 reserveSlot=6
[MAC 1] rtslot_counter expired for neighbor 2 reserveSlot=21
[MAC 2] PickTxSlot(dest=1) active_nodes_for_slotting=3 opnet_slot_range=25
[MAC 2] PickTxSlot(dest=1) avoid:
[MAC 2] PickTxSlot chose 7 using OPNET free-slot ordinal range [1,25]
[MAC 2] TX opportunity reached currentSlot=21 reserveNextSlot=7
... type=1 speedKey=128[t=71.779] TX from node 2 to dest 1 seq 10 size 46 bytes segments 1 at slot 7 rate 128 kbps txPower 0 dBm (133333 bps) preamble SHORT duration 0.02238 s
[MAC 2] ACK transmitted in aggregate dest=1 seq=10 txCount=5/5
[MAC 2] Remove ACK after OPNET resend limit dest=1 seq=10
[MAC 2] OPNET aggregate transmitted segments=1 ackSegments=1 dataSegments=0 bytes=46 rate=128
[t=71.779] RX SYNC at node 1 from node 2 seq 10 power -2.12777 dBm noise -106.975 dBm snr 104.847 dB state=1
[t=71.7856] MAC 1 enters Track on node 2 seq 10 power -2.12777 dBm
[MAC 2] post-TX WAIT_FOR_ACK until 90.3014 (POST_TX_WAIT=18.5 s)
[t=71.8014] RX at node 1 from node 2 seq 10 rate 128 kbps txPower 0 dBm preamble SHORT pathloss 2.12777 dB snr 104.847 dB (slot 7, len 46B, ackable=0)
[MAC 1] Learned neighbor 2 uses slot 7 (rtCounter=7)
[HOP 1] RX ACK from 2 seq=10
[NWK 1] CheckNwkQueue: size=0
[MAC 2] local advertised reservation expired
[MAC 1] rtslot_counter expired for neighbor 2 reserveSlot=7
PASS: gateway-driven discovery/SNMP convergence test
