INPUT|1|0|1|receiver_state|idle
INPUT|2|0|2|receiver_state|idle
INPUT|3|0|3|receiver_state|idle
INPUT|4|0|4|receiver_state|idle
INPUT|5|0|5|receiver_state|idle
INPUT|6|0|7|receiver_state|idle
INPUT|7|0|8|receiver_state|idle
INPUT|8|988000000|1|receiver_state|search
INPUT|9|988000000|2|receiver_state|search
INPUT|10|988000000|3|receiver_state|search
INPUT|11|988000000|4|receiver_state|search
INPUT|12|988000000|5|receiver_state|search
INPUT|13|988000000|7|receiver_state|search
INPUT|14|988000000|8|receiver_state|search
INPUT|15|996900000|1|receiver_state|idle
INPUT|16|996900000|2|receiver_state|idle
INPUT|17|996900000|3|receiver_state|idle
INPUT|18|996900000|4|receiver_state|idle
INPUT|19|996900000|5|receiver_state|idle
INPUT|20|996900000|7|receiver_state|idle
INPUT|21|996900000|8|receiver_state|idle
INPUT|22|1976000000|1|receiver_state|search
INPUT|23|1976000000|2|receiver_state|search
INPUT|24|1976000000|3|receiver_state|search
INPUT|25|1976000000|4|receiver_state|search
INPUT|26|1976000000|5|receiver_state|search
INPUT|27|1976000000|7|receiver_state|search
INPUT|28|1976000000|8|receiver_state|search
INPUT|29|1984900000|1|receiver_state|idle
INPUT|30|1984900000|2|receiver_state|idle
INPUT|31|1984900000|3|receiver_state|idle
INPUT|32|1984900000|4|receiver_state|idle
INPUT|33|1984900000|5|receiver_state|idle
INPUT|34|1984900000|7|receiver_state|idle
INPUT|35|1984900000|8|receiver_state|idle
INPUT|36|2964000000|1|receiver_state|search
INPUT|37|2964000000|2|receiver_state|search
INPUT|38|2964000000|3|receiver_state|search
INPUT|39|2964000000|4|receiver_state|search
INPUT|40|2964000000|5|receiver_state|search
INPUT|41|2964000000|7|receiver_state|search
INPUT|42|2964000000|8|receiver_state|search
INPUT|43|2972900000|1|receiver_state|idle
INPUT|44|2972900000|2|receiver_state|idle
INPUT|45|2972900000|3|receiver_state|idle
INPUT|46|2972900000|4|receiver_state|idle
INPUT|47|2972900000|5|receiver_state|idle
INPUT|48|2972900000|7|receiver_state|idle
INPUT|49|2972900000|8|receiver_state|idle
INPUT|50|3952000000|1|receiver_state|search
INPUT|51|3952000000|2|receiver_state|search
INPUT|52|3952000000|3|receiver_state|search
INPUT|53|3952000000|4|receiver_state|search
INPUT|54|3952000000|5|receiver_state|search
INPUT|55|3952000000|7|receiver_state|search
INPUT|56|3952000000|8|receiver_state|search
INPUT|57|3960900000|1|receiver_state|idle
INPUT|58|3960900000|2|receiver_state|idle
INPUT|59|3960900000|3|receiver_state|idle
INPUT|60|3960900000|4|receiver_state|idle
INPUT|61|3960900000|5|receiver_state|idle
INPUT|62|3960900000|7|receiver_state|idle
INPUT|63|3960900000|8|receiver_state|idle
INPUT|64|4940000000|1|receiver_state|search
INPUT|65|4940000000|2|receiver_state|search
INPUT|66|4940000000|3|receiver_state|search
INPUT|67|4940000000|4|receiver_state|search
INPUT|68|4940000000|5|receiver_state|search
INPUT|69|4940000000|7|receiver_state|search
INPUT|70|4940000000|8|receiver_state|search
INPUT|71|4948900000|1|receiver_state|idle
INPUT|72|4948900000|2|receiver_state|idle
INPUT|73|4948900000|3|receiver_state|idle
INPUT|74|4948900000|4|receiver_state|idle
INPUT|75|4948900000|5|receiver_state|idle
INPUT|76|4948900000|7|receiver_state|idle
INPUT|77|4948900000|8|receiver_state|idle
INPUT|78|5928000000|1|receiver_state|search
INPUT|79|5928000000|2|receiver_state|search
INPUT|80|5928000000|3|receiver_state|search
INPUT|81|5928000000|4|receiver_state|search
INPUT|82|5928000000|5|receiver_state|search
INPUT|83|5928000000|7|receiver_state|search
INPUT|84|5928000000|8|receiver_state|search
INPUT|85|5936900000|1|receiver_state|idle
INPUT|86|5936900000|2|receiver_state|idle
INPUT|87|5936900000|3|receiver_state|idle
INPUT|88|5936900000|4|receiver_state|idle
INPUT|89|5936900000|5|receiver_state|idle
INPUT|90|5936900000|7|receiver_state|idle
INPUT|91|5936900000|8|receiver_state|idle
INPUT|92|6916000000|1|receiver_state|search
INPUT|93|6916000000|2|receiver_state|search
INPUT|94|6916000000|3|receiver_state|search
INPUT|95|6916000000|4|receiver_state|search
INPUT|96|6916000000|5|receiver_state|search
INPUT|97|6916000000|7|receiver_state|search
INPUT|98|6916000000|8|receiver_state|search
INPUT|99|6924900000|1|receiver_state|idle
INPUT|100|6924900000|2|receiver_state|idle
INPUT|101|6924900000|3|receiver_state|idle
INPUT|102|6924900000|4|receiver_state|idle
INPUT|103|6924900000|5|receiver_state|idle
INPUT|104|6924900000|7|receiver_state|idle
INPUT|105|6924900000|8|receiver_state|idle
INPUT|106|7904000000|1|receiver_state|search
INPUT|107|7904000000|2|receiver_state|search
INPUT|108|7904000000|3|receiver_state|search
INPUT|109|7904000000|4|receiver_state|search
INPUT|110|7904000000|5|receiver_state|search
INPUT|111|7904000000|7|receiver_state|search
INPUT|112|7904000000|8|receiver_state|search
INPUT|113|7912900000|1|receiver_state|idle
INPUT|114|7912900000|2|receiver_state|idle
INPUT|115|7912900000|3|receiver_state|idle
INPUT|116|7912900000|4|receiver_state|idle
INPUT|117|7912900000|5|receiver_state|idle
INPUT|118|7912900000|7|receiver_state|idle
INPUT|119|7912900000|8|receiver_state|idle
INPUT|120|8892000000|1|receiver_state|search
INPUT|121|8892000000|2|receiver_state|search
INPUT|122|8892000000|3|receiver_state|search
INPUT|123|8892000000|4|receiver_state|search
INPUT|124|8892000000|5|receiver_state|search
INPUT|125|8892000000|7|receiver_state|search
INPUT|126|8892000000|8|receiver_state|search
INPUT|127|8900900000|1|receiver_state|idle
INPUT|128|8900900000|2|receiver_state|idle
INPUT|129|8900900000|3|receiver_state|idle
INPUT|130|8900900000|4|receiver_state|idle
INPUT|131|8900900000|5|receiver_state|idle
INPUT|132|8900900000|7|receiver_state|idle
INPUT|133|8900900000|8|receiver_state|idle
INPUT|134|9880000000|1|receiver_state|search
INPUT|135|9880000000|2|receiver_state|search
INPUT|136|9880000000|3|receiver_state|search
INPUT|137|9880000000|4|receiver_state|search
INPUT|138|9880000000|5|receiver_state|search
INPUT|139|9880000000|7|receiver_state|search
INPUT|140|9880000000|8|receiver_state|search
INPUT|141|9888900000|1|receiver_state|idle
INPUT|142|9888900000|2|receiver_state|idle
INPUT|143|9888900000|3|receiver_state|idle
INPUT|144|9888900000|4|receiver_state|idle
INPUT|145|9888900000|5|receiver_state|idle
INPUT|146|9888900000|7|receiver_state|idle
INPUT|147|9888900000|8|receiver_state|idle
FRAME|1|1|1|16777215|1|4|7|0|0|0|0|0|0|8|1|33|-103|19|2|39||000001ffffff000107e0040108014afbfa0001001002e6c9230685e9f0792cb49d4b038a1cad0935f27758596bbb3e19bee3debe549d60473862
INPUT|148|10000000000|1|enqueue|16777215|7|0|1
DRAW|149|10010000000|1|1|0|31|9
DRAW|150|10439000000|1|2|0|31|31
TX|151|10439000000|1|8|33|1|31|9|1
TXFRAME|10439000000|1|0|1|16777215|1|4|19|1
INPUT|152|10439008077|3|sync|1
INPUT|153|10439008077|3|receiver_state|idle
INPUT|154|10439011086|5|sync|1
INPUT|155|10439011086|5|receiver_state|idle
INPUT|156|10439023527|4|sync|0
INPUT|157|10439023527|4|receiver_state|idle
INPUT|158|10868000000|2|receiver_state|search
INPUT|159|10868000000|3|receiver_state|search
INPUT|160|10868000000|4|receiver_state|search
INPUT|161|10868000000|5|receiver_state|search
INPUT|162|10868000000|7|receiver_state|search
INPUT|163|10868000000|8|receiver_state|search
INPUT|164|10874630000|3|receiver_state|track
INPUT|165|10874630000|5|receiver_state|track
INPUT|166|10876900000|2|receiver_state|idle
INPUT|167|10876900000|4|receiver_state|idle
INPUT|168|10876900000|7|receiver_state|idle
INPUT|169|10876900000|8|receiver_state|idle
INPUT|170|11444728077|3|sync|0
INPUT|171|11444731086|5|sync|0
INPUT|172|11474300000|1|sync|0
INPUT|173|11474300000|1|receiver_state|search
INPUT|174|11474308077|3|received|1|11.474308077|135.37565585291233|31
INPUT|175|11474308077|3|active|2
INPUT|176|11474308077|3|cancel_type|1|8
FRAME|2|3|3|1|1|8|7|0|0|0|0|0|0|8|1|33|-103|18|9|7||00000300000100010760080008014afbfa0001001002108f7a49
INPUT|177|11474308077|3|enqueue|1|7|0|2
INPUT|178|11474308077|3|sync|0
INPUT|179|11474308077|3|receiver_state|search
DRAW|180|11474308077|3|1|0|31|27
INPUT|181|11474311086|5|received|1|11.474311086|140.8759451711563|31
INPUT|182|11474311086|5|active|2
INPUT|183|11474311086|5|cancel_type|1|8
FRAME|3|5|5|1|1|8|7|0|0|0|0|0|0|8|1|33|-103|18|9|7||00000500000100010760080008014afbfa00010010023b2d165d
INPUT|184|11474311086|5|enqueue|1|7|0|3
INPUT|185|11474311086|5|sync|0
INPUT|186|11474311086|5|receiver_state|search
DRAW|187|11474311086|5|1|0|31|29
INPUT|188|11474323527|4|sync|0
INPUT|189|11474323527|4|receiver_state|idle
DRAW|190|11830000000|3|2|0|31|4
TX|191|11830000000|3|8|33|0|4|27|1
TXFRAME|11830000000|3|0|3|1|1|8|18|2
INPUT|192|11830008077|1|sync|1
INPUT|193|11830008077|1|receiver_state|search
INPUT|194|11830019163|5|sync|0
INPUT|195|11830019163|5|receiver_state|search
INPUT|196|11836638077|1|receiver_state|track
INPUT|197|11843268077|1|sync|0
INPUT|198|11856000000|2|receiver_state|search
INPUT|199|11856000000|4|receiver_state|search
INPUT|200|11856000000|7|receiver_state|search
INPUT|201|11856000000|8|receiver_state|search
DRAW|202|11856000000|5|2|0|31|15
TX|203|11856000000|5|8|33|0|15|29|1
TXFRAME|11856000000|5|0|5|1|1|8|18|3
INPUT|204|11856011086|1|sync|1
INPUT|205|11856012444|4|sync|1
INPUT|206|11856012444|4|receiver_state|search
INPUT|207|11856019163|3|sync|1
INPUT|208|11862642444|4|receiver_state|track
INPUT|209|11864900000|2|receiver_state|idle
INPUT|210|11864900000|7|receiver_state|idle
INPUT|211|11864900000|8|receiver_state|idle
INPUT|212|11869271086|1|sync|0
INPUT|213|11869272444|4|sync|0
INPUT|214|11869279163|3|sync|0
INPUT|215|11871820000|3|sync|0
INPUT|216|11871820000|3|receiver_state|search
INPUT|217|11871828077|1|received|3|11.871828077|135.37565585291233|4
FRAME|4|1|1|3|1|9|7|1|0|0|0|0|0|8|1|33|-103|62|9|51||00000100000300010761090008014afbfa00010010020001b5b99b904a00c55be1dd36900272ea3c260a60147e162113c1d99a9eea924620327a702c882a65c2812243d743ba
INPUT|218|11871828077|1|enqueue|3|7|1|4
INPUT|219|11871828077|1|sync|0
INPUT|220|11871828077|1|receiver_state|search
INPUT|221|11871839163|5|sync|0
INPUT|222|11897820000|5|sync|0
INPUT|223|11897820000|5|receiver_state|search
INPUT|224|11897831086|1|sync|0
INPUT|225|11897831086|1|receiver_state|search
INPUT|226|11897832444|4|received|5|11.897832444000001|142.88390553075294|15
INPUT|227|11897832444|4|sync|0
INPUT|228|11897832444|4|receiver_state|search
INPUT|229|11897839163|3|sync|0
INPUT|230|11897839163|3|receiver_state|search
INPUT|231|11905632444|4|receiver_state|idle
DRAW|232|11921000000|1|3|0|31|1
TX|233|11921000000|1|8|33|0|1|31|1
TXFRAME|11921000000|1|0|1|3|1|9|62|4
INPUT|234|11921008077|3|sync|1
INPUT|235|11921008077|3|receiver_state|search
INPUT|236|11921011086|5|sync|1
INPUT|237|11921011086|5|receiver_state|search
INPUT|238|11921023527|4|sync|0
INPUT|239|11921023527|4|receiver_state|idle
INPUT|240|11927638077|3|receiver_state|track
INPUT|241|11927641086|5|receiver_state|track
INPUT|242|11934268077|3|sync|0
INPUT|243|11934271086|5|sync|0
INPUT|244|12007700000|1|sync|0
INPUT|245|12007700000|1|receiver_state|search
INPUT|246|12007708077|3|received|1|12.007708077|135.37565585291233|1
FRAME|5|3|3|1|1|1|7|0|1|0|0|0|0|8|1|33|-103|25|4|0||00000300000100010722010008014afbfa
INPUT|247|12007708077|3|enqueue|1|7|0|5
FRAME|6|3|3|1|2|9|7|1|0|0|0|0|0|8|1|33|-103|62|9|51||00000300000100020761090008014afbfa00010010030001e324b3aee90094cc862f8b4c467c715e97a3a4a15d82a6e656d0e8ed85740a0b68580c9f287c2cdec6d5ed5b9fed
INPUT|248|12007708077|3|enqueue|1|7|1|6
INPUT|249|12007708077|3|active|2
INPUT|250|12007708077|3|reported|1
INPUT|251|12007708077|3|sync|0
INPUT|252|12007708077|3|receiver_state|search
INPUT|253|12007711086|5|received|1|12.007711086|140.8759451711563|1
INPUT|254|12007711086|5|sync|0
INPUT|255|12007711086|5|receiver_state|search
INPUT|256|12007723527|4|sync|0
INPUT|257|12007723527|4|receiver_state|idle
DRAW|258|12012000000|3|3|0|31|10
TX|259|12012000000|3|8|33|0|10|4|2
TXFRAME|12012000000|3|0|3|1|1|1|25|5
TXFRAME|12012000000|3|1|3|1|2|9|62|6
INPUT|260|12012008077|1|sync|1
INPUT|261|12012008077|1|receiver_state|search
INPUT|262|12012019163|5|sync|0
INPUT|263|12012019163|5|receiver_state|search
INPUT|264|12018638077|1|receiver_state|track
INPUT|265|12025268077|1|sync|0
INPUT|266|12124200000|3|sync|0
INPUT|267|12124200000|3|receiver_state|search
INPUT|268|12124208077|1|received|3|12.124208077|135.37565585291233|10
INPUT|269|12124208077|1|cancel_ack|3|1|1|0
INPUT|270|12124208077|1|cancel_type|3|8
FRAME|7|1|1|3|2|8|7|0|0|0|0|0|0|8|1|33|-103|18|9|7||00000100000300020760080008014afbfa00010010034e9be9d0
INPUT|271|12124208077|1|enqueue|3|7|0|7
FRAME|8|1|1|3|2|1|7|0|1|0|0|0|0|8|1|33|-103|25|4|0||00000100000300020722010008014afbfa
INPUT|272|12124208077|1|enqueue|3|7|0|8
FRAME|9|1|1|3|3|5|7|1|0|0|0|0|0|8|1|33|-103|16|9|37||00000100000300030761050008014afbfa0001001004000001000108fbfa01020303ffffffff00000000000000000001ffffffff00004b17
INPUT|273|12124208077|1|enqueue|3|7|1|9
INPUT|274|12124208077|1|sync|0
INPUT|275|12124208077|1|receiver_state|search
INPUT|276|12124219163|5|sync|0
INPUT|277|12124219163|5|receiver_state|search
DRAW|278|12129000000|1|4|0|31|17
TX|279|12129000000|1|8|33|0|17|1|3
TXFRAME|12129000000|1|0|1|3|2|1|25|8
TXFRAME|12129000000|1|1|1|3|2|8|18|7
TXFRAME|12129000000|1|2|1|3|3|5|16|9
INPUT|280|12129008077|3|sync|1
INPUT|281|12129008077|3|receiver_state|search
INPUT|282|12129011086|5|sync|1
INPUT|283|12129011086|5|receiver_state|search
INPUT|284|12129023527|4|sync|0
INPUT|285|12129023527|4|receiver_state|idle
INPUT|286|12135638077|3|receiver_state|track
INPUT|287|12135641086|5|receiver_state|track
INPUT|288|12142268077|3|sync|0
INPUT|289|12142271086|5|sync|0
INPUT|290|12212640000|1|sync|0
INPUT|291|12212640000|1|receiver_state|search
INPUT|292|12212648077|3|received|1|12.212648077000001|135.37565585291233|17
INPUT|293|12212648077|3|cancel_ack|1|2|1|0
FRAME|10|3|3|1|3|5|7|1|0|0|0|0|0|8|1|33|-103|16|9|37||00000300000100030761050008014afbfa0001001004000003000108fbfa00010300ffffffff00000001000000000001ffffffff0000bd25
INPUT|294|12212648077|3|enqueue|1|7|1|10
INPUT|295|12212648077|3|active|2
INPUT|296|12212648077|3|reported|1
FRAME|11|3|3|1|4|5|7|1|0|0|0|0|0|8|1|33|-103|16|9|37||00000300000100040761050008014afbfa0001001005000003000208fbfa02010303ffffffff00000000000000000001ffffffff0000f272
INPUT|297|12212648077|3|enqueue|1|7|1|11
FRAME|12|3|3|1|3|1|7|0|1|0|0|0|0|8|1|33|-103|25|4|0||00000300000100030722010008014afbfa
INPUT|298|12212648077|3|enqueue|1|7|0|12
INPUT|299|12212648077|3|sync|0
INPUT|300|12212648077|3|receiver_state|search
INPUT|301|12212651086|5|received|1|12.212651085999999|140.8759451711563|17
INPUT|302|12212651086|5|sync|0
INPUT|303|12212651086|5|receiver_state|search
INPUT|304|12212663527|4|sync|0
INPUT|305|12212663527|4|receiver_state|idle
DRAW|306|12337000000|3|4|0|31|30
TX|307|12337000000|3|8|33|0|30|10|4
TXFRAME|12337000000|3|0|3|1|1|1|25|5
TXFRAME|12337000000|3|1|3|1|3|1|25|12
TXFRAME|12337000000|3|2|3|1|3|5|16|10
TXFRAME|12337000000|3|3|3|1|4|5|16|11
INPUT|308|12337008077|1|sync|1
INPUT|309|12337008077|1|receiver_state|search
INPUT|310|12337019163|5|sync|1
INPUT|311|12337019163|5|receiver_state|search
INPUT|312|12343638077|1|receiver_state|track
INPUT|313|12343649163|5|receiver_state|track
INPUT|314|12350268077|1|sync|0
INPUT|315|12350279163|5|sync|0
INPUT|316|12444100000|3|sync|0
INPUT|317|12444100000|3|receiver_state|search
INPUT|318|12444108077|1|received|3|12.444108076999999|135.37565585291233|30
INPUT|319|12444108077|1|cancel_ack|3|1|1|0
INPUT|320|12444108077|1|cancel_ack|3|3|1|0
INPUT|321|12444108077|1|active|2
INPUT|322|12444108077|1|reported|0
FRAME|13|1|1|3|3|1|7|0|1|0|0|0|0|8|1|33|-103|25|4|0||00000100000300030722010008014afbfa
INPUT|323|12444108077|1|enqueue|3|7|0|13
INPUT|324|12444108077|1|active|2
INPUT|325|12444108077|1|reported|2
FRAME|14|1|1|3|4|1|7|0|1|0|0|0|0|8|1|33|-103|25|4|0||00000100000300040722010008014afbfa
INPUT|326|12444108077|1|enqueue|3|7|0|14
INPUT|327|12444108077|1|sync|0
INPUT|328|12444108077|1|receiver_state|search
FRAME|15|1|1|3|4|6|7|1|0|0|0|0|0|8|1|33|-103|51|9|72|3:4|000001000003000407f1060208014afbfa0001010000030004001003000001000108fbfa020202ffffffffff0000000000000000000102ffffff00000000000000010400080080fe98014a0078008c00000000020000010200000000000000f78b
INPUT|329|12444108077|1|enqueue|3|7|1|15
FRAME|16|1|1|3|5|6|7|1|0|0|0|0|0|8|1|33|-103|26|9|47|3:5|000001000003000507f1060208014afbfa0001010000030005001004000001000208fbfa020202ffffffffff0000000000000001000102ffffff0000000000010001010000036d79
INPUT|330|12444108077|1|enqueue|3|7|1|16
INPUT|331|12444119163|5|received|3|12.444119163|150.38302059636848|30
INPUT|332|12444119163|5|sync|0
INPUT|333|12444119163|5|receiver_state|search
DRAW|334|12545000000|1|5|0|31|26
TX|335|12545000000|1|8|33|0|26|17|5
TXFRAME|12545000000|1|0|1|3|2|1|25|8
TXFRAME|12545000000|1|1|1|3|3|1|25|13
TXFRAME|12545000000|1|2|1|3|4|1|25|14
TXFRAME|12545000000|1|3|1|3|4|6|51|15
TXFRAME|12545000000|1|4|1|3|5|6|26|16
INPUT|336|12545008077|3|sync|1
INPUT|337|12545008077|3|receiver_state|search
INPUT|338|12545011086|5|sync|1
INPUT|339|12545011086|5|receiver_state|search
INPUT|340|12545023527|4|sync|0
INPUT|341|12545023527|4|receiver_state|idle
INPUT|342|12551638077|3|receiver_state|track
INPUT|343|12551641086|5|receiver_state|track
INPUT|344|12558268077|3|sync|0
INPUT|345|12558271086|5|sync|0
INPUT|346|12723500000|1|sync|0
INPUT|347|12723500000|1|receiver_state|search
INPUT|348|12723508077|3|received|1|12.723508077|135.37565585291233|26
INPUT|349|12723508077|3|cancel_ack|1|2|1|0
INPUT|350|12723508077|3|cancel_ack|1|3|1|0
INPUT|351|12723508077|3|cancel_ack|1|4|1|0
INPUT|352|12723508077|3|active|2
INPUT|353|12723508077|3|reported|2
FRAME|17|3|3|1|4|1|7|0|1|0|0|0|0|8|1|33|-103|25|4|0||00000300000100040722010008014afbfa
INPUT|354|12723508077|3|enqueue|1|7|0|17
INPUT|355|12723508077|3|active|2
INPUT|356|12723508077|3|reported|2
FRAME|18|3|3|1|5|1|7|0|1|0|0|0|0|8|1|33|-103|25|4|0||00000300000100050722010008014afbfa
INPUT|357|12723508077|3|enqueue|1|7|0|18
INPUT|358|12723508077|3|sync|0
INPUT|359|12723508077|3|receiver_state|search
FRAME|19|3|3|1|5|6|7|1|0|0|0|0|0|8|1|33|-103|51|9|72|1:5|000003000001000507f1060208014afbfa0001010000010005001002000003000108fbfa020102ffffffffff0000000000000000000102ffffff00000000000000010400080080fe98014a0078008c000000000200000301000000000000006770
INPUT|360|12723508077|3|enqueue|1|7|1|19
FRAME|20|3|3|1|6|6|7|1|0|0|0|0|0|8|1|33|-103|36|9|57|1:6|000003000001000607f1060208014afbfa0001010000010006001003000003000208fbfa020102ffffffffff0000000000000001000102ffffff00000000000100010200000102000100000e030000014a23
INPUT|361|12723508077|3|enqueue|1|7|1|20
INPUT|362|12723511086|5|received|1|12.723511086|140.8759451711563|26
INPUT|363|12723511086|5|sync|0
INPUT|364|12723511086|5|receiver_state|search
INPUT|365|12723523527|4|sync|0
INPUT|366|12723523527|4|receiver_state|idle
INPUT|367|12844000000|2|receiver_state|search
INPUT|368|12844000000|4|receiver_state|search
INPUT|369|12844000000|7|receiver_state|search
INPUT|370|12844000000|8|receiver_state|search
INPUT|371|12852900000|2|receiver_state|idle
INPUT|372|12852900000|4|receiver_state|idle
INPUT|373|12852900000|7|receiver_state|idle
INPUT|374|12852900000|8|receiver_state|idle
DRAW|375|13013000000|3|5|0|31|13
TX|376|13013000000|3|8|33|0|13|30|6
TXFRAME|13013000000|3|0|3|1|1|1|25|5
TXFRAME|13013000000|3|1|3|1|3|1|25|12
TXFRAME|13013000000|3|2|3|1|4|1|25|17
TXFRAME|13013000000|3|3|3|1|5|1|25|18
TXFRAME|13013000000|3|4|3|1|5|6|51|19
TXFRAME|13013000000|3|5|3|1|6|6|36|20
INPUT|377|13013008077|1|sync|1
INPUT|378|13013008077|1|receiver_state|search
INPUT|379|13013019163|5|sync|1
INPUT|380|13013019163|5|receiver_state|search
INPUT|381|13019638077|1|receiver_state|track
INPUT|382|13019649163|5|receiver_state|track
INPUT|383|13026268077|1|sync|0
INPUT|384|13026279163|5|sync|0
INPUT|385|13227200000|3|sync|0
INPUT|386|13227200000|3|receiver_state|search
INPUT|387|13227208077|1|received|3|13.227208077|135.37565585291233|13
INPUT|388|13227208077|1|cancel_ack|3|1|1|0
INPUT|389|13227208077|1|cancel_ack|3|3|1|0
INPUT|390|13227208077|1|cancel_ack|3|4|1|0
INPUT|391|13227208077|1|cancel_ack|3|5|1|0
INPUT|392|13227208077|1|active|2
INPUT|393|13227208077|1|reported|2
FRAME|21|1|1|3|5|1|7|0|1|0|0|0|0|8|1|33|-103|25|4|0||00000100000300050722010008014afbfa
INPUT|394|13227208077|1|enqueue|3|7|0|21
INPUT|395|13227208077|1|active|2
INPUT|396|13227208077|1|reported|2
FRAME|22|1|1|3|6|1|7|0|1|0|0|0|0|8|1|33|-103|25|4|0||00000100000300060722010008014afbfa
INPUT|397|13227208077|1|enqueue|3|7|0|22
INPUT|398|13227208077|1|sync|0
INPUT|399|13227208077|1|receiver_state|search
FRAME|23|1|1|3|6|6|7|1|0|0|0|0|0|8|1|33|-103|36|9|57|3:6|000001000003000607f1060208014afbfa0001010000030006001005000001000308fbfa020202ffffffffff0000000000000002000102ffffff00000000000200010200000301000100000e03000003a289
INPUT|400|13227208077|1|enqueue|3|7|1|23
INPUT|401|13227219163|5|received|3|13.227219162999999|150.38302059636848|13
INPUT|402|13227219163|5|sync|0
INPUT|403|13227219163|5|receiver_state|search
DRAW|404|13273000000|1|6|0|31|15
TX|405|13273000000|1|8|33|0|15|26|6
TXFRAME|13273000000|1|0|1|3|2|1|25|8
TXFRAME|13273000000|1|1|1|3|3|1|25|13
TXFRAME|13273000000|1|2|1|3|4|1|25|14
TXFRAME|13273000000|1|3|1|3|5|1|25|21
TXFRAME|13273000000|1|4|1|3|6|1|25|22
TXFRAME|13273000000|1|5|1|3|6|6|36|23
INPUT|406|13273008077|3|sync|1
INPUT|407|13273008077|3|receiver_state|search
INPUT|408|13273011086|5|sync|1
INPUT|409|13273011086|5|receiver_state|search
INPUT|410|13273023527|4|sync|0
INPUT|411|13273023527|4|receiver_state|idle
INPUT|412|13279638077|3|receiver_state|track
INPUT|413|13279641086|5|receiver_state|track
INPUT|414|13286268077|3|sync|0
INPUT|415|13286271086|5|sync|0
INPUT|416|13460680000|1|sync|0
INPUT|417|13460680000|1|receiver_state|search
INPUT|418|13460688077|3|received|1|13.460688077|135.37565585291233|15
INPUT|419|13460688077|3|cancel_ack|1|2|1|0
INPUT|420|13460688077|3|cancel_ack|1|3|1|0
INPUT|421|13460688077|3|cancel_ack|1|4|1|0
INPUT|422|13460688077|3|cancel_ack|1|5|1|0
INPUT|423|13460688077|3|cancel_ack|1|6|1|0
INPUT|424|13460688077|3|active|2
INPUT|425|13460688077|3|reported|2
FRAME|24|3|3|1|6|1|7|0|1|0|0|0|0|8|1|33|-103|25|4|0||00000300000100060722010008014afbfa
INPUT|426|13460688077|3|enqueue|1|7|0|24
INPUT|427|13460688077|3|sync|0
INPUT|428|13460688077|3|receiver_state|search
INPUT|429|13460691086|5|received|1|13.460691086000001|140.8759451711563|15
INPUT|430|13460691086|5|sync|0
INPUT|431|13460691086|5|receiver_state|search
INPUT|432|13460703527|4|sync|0
INPUT|433|13460703527|4|receiver_state|idle
DRAW|434|13585000000|3|6|0|31|9
TX|435|13585000000|3|8|33|0|9|13|5
TXFRAME|13585000000|3|0|3|1|1|1|25|5
TXFRAME|13585000000|3|1|3|1|3|1|25|12
TXFRAME|13585000000|3|2|3|1|4|1|25|17
TXFRAME|13585000000|3|3|3|1|5|1|25|18
TXFRAME|13585000000|3|4|3|1|6|1|25|24
INPUT|436|13585008077|1|sync|1
INPUT|437|13585008077|1|receiver_state|search
INPUT|438|13585019163|5|sync|1
INPUT|439|13585019163|5|receiver_state|search
INPUT|440|13591638077|1|receiver_state|track
INPUT|441|13591649163|5|receiver_state|track
INPUT|442|13598268077|1|sync|0
INPUT|443|13598279163|5|sync|0
INPUT|444|13735960000|3|sync|0
INPUT|445|13735960000|3|receiver_state|search
INPUT|446|13735968077|1|received|3|13.735968077000001|135.37565585291233|9
INPUT|447|13735968077|1|cancel_ack|3|1|1|0
INPUT|448|13735968077|1|cancel_ack|3|3|1|0
INPUT|449|13735968077|1|cancel_ack|3|4|1|0
INPUT|450|13735968077|1|cancel_ack|3|5|1|0
INPUT|451|13735968077|1|cancel_ack|3|6|1|0
INPUT|452|13735968077|1|sync|0
INPUT|453|13735968077|1|receiver_state|search
INPUT|454|13735979163|5|received|3|13.735979163|150.38302059636848|9
INPUT|455|13735979163|5|sync|0
INPUT|456|13735979163|5|receiver_state|search
DRAW|457|13806000000|1|7|0|31|1
TX|458|13806000000|1|8|33|0|1|15|5
TXFRAME|13806000000|1|0|1|3|2|1|25|8
TXFRAME|13806000000|1|1|1|3|3|1|25|13
TXFRAME|13806000000|1|2|1|3|4|1|25|14
TXFRAME|13806000000|1|3|1|3|5|1|25|21
TXFRAME|13806000000|1|4|1|3|6|1|25|22
INPUT|459|13806008077|3|sync|1
INPUT|460|13806008077|3|receiver_state|search
INPUT|461|13806011086|5|sync|1
INPUT|462|13806011086|5|receiver_state|search
INPUT|463|13806023527|4|sync|0
INPUT|464|13806023527|4|receiver_state|idle
INPUT|465|13812638077|3|receiver_state|track
INPUT|466|13812641086|5|receiver_state|track
INPUT|467|13819268077|3|sync|0
INPUT|468|13819271086|5|sync|0
INPUT|469|13832000000|2|receiver_state|search
INPUT|470|13832000000|4|receiver_state|search
INPUT|471|13832000000|7|receiver_state|search
INPUT|472|13832000000|8|receiver_state|search
INPUT|473|13840900000|2|receiver_state|idle
INPUT|474|13840900000|4|receiver_state|idle
INPUT|475|13840900000|7|receiver_state|idle
INPUT|476|13840900000|8|receiver_state|idle
INPUT|477|13956960000|1|sync|0
INPUT|478|13956960000|1|receiver_state|search
INPUT|479|13956968077|3|received|1|13.956968077000001|135.37565585291233|1
INPUT|480|13956968077|3|cancel_ack|1|2|1|0
INPUT|481|13956968077|3|cancel_ack|1|3|1|0
INPUT|482|13956968077|3|cancel_ack|1|4|1|0
INPUT|483|13956968077|3|cancel_ack|1|5|1|0
INPUT|484|13956968077|3|cancel_ack|1|6|1|0
INPUT|485|13956968077|3|sync|0
INPUT|486|13956968077|3|receiver_state|search
INPUT|487|13956971086|5|received|1|13.956971085999999|140.8759451711563|1
INPUT|488|13956971086|5|sync|0
INPUT|489|13956971086|5|receiver_state|search
INPUT|490|13956983527|4|sync|0
INPUT|491|13956983527|4|receiver_state|idle
DRAW|492|13975000000|1|8|0|31|16
TX|493|13975000000|1|8|33|0|16|1|5
TXFRAME|13975000000|1|0|1|3|2|1|25|8
TXFRAME|13975000000|1|1|1|3|3|1|25|13
TXFRAME|13975000000|1|2|1|3|4|1|25|14
TXFRAME|13975000000|1|3|1|3|5|1|25|21
TXFRAME|13975000000|1|4|1|3|6|1|25|22
INPUT|494|13975008077|3|sync|1
INPUT|495|13975008077|3|receiver_state|search
INPUT|496|13975011086|5|sync|1
INPUT|497|13975011086|5|receiver_state|search
INPUT|498|13975023527|4|sync|0
INPUT|499|13975023527|4|receiver_state|idle
INPUT|500|13981638077|3|receiver_state|track
INPUT|501|13981641086|5|receiver_state|track
INPUT|502|13988268077|3|sync|0
INPUT|503|13988271086|5|sync|0
INPUT|504|14125960000|1|sync|0
INPUT|505|14125960000|1|receiver_state|search
INPUT|506|14125968077|3|received|1|14.125968077|135.37565585291233|16
INPUT|507|14125968077|3|cancel_ack|1|2|1|0
INPUT|508|14125968077|3|cancel_ack|1|3|1|0
INPUT|509|14125968077|3|cancel_ack|1|4|1|0
INPUT|510|14125968077|3|cancel_ack|1|5|1|0
INPUT|511|14125968077|3|cancel_ack|1|6|1|0
INPUT|512|14125968077|3|sync|0
INPUT|513|14125968077|3|receiver_state|search
INPUT|514|14125971086|5|received|1|14.125971086|140.8759451711563|16
INPUT|515|14125971086|5|sync|0
INPUT|516|14125971086|5|receiver_state|search
INPUT|517|14125983527|4|sync|0
INPUT|518|14125983527|4|receiver_state|idle
DRAW|519|14144000000|3|7|0|31|11
TX|520|14144000000|3|8|33|0|11|9|5
TXFRAME|14144000000|3|0|3|1|1|1|25|5
TXFRAME|14144000000|3|1|3|1|3|1|25|12
TXFRAME|14144000000|3|2|3|1|4|1|25|17
TXFRAME|14144000000|3|3|3|1|5|1|25|18
TXFRAME|14144000000|3|4|3|1|6|1|25|24
INPUT|521|14144008077|1|sync|1
INPUT|522|14144008077|1|receiver_state|search
INPUT|523|14144019163|5|sync|1
INPUT|524|14144019163|5|receiver_state|search
INPUT|525|14150638077|1|receiver_state|track
INPUT|526|14150649163|5|receiver_state|track
INPUT|527|14157268077|1|sync|0
INPUT|528|14157279163|5|sync|0
INPUT|529|14294960000|3|sync|0
INPUT|530|14294960000|3|receiver_state|search
INPUT|531|14294968077|1|received|3|14.294968077|135.37565585291233|11
INPUT|532|14294968077|1|cancel_ack|3|1|1|0
INPUT|533|14294968077|1|cancel_ack|3|3|1|0
INPUT|534|14294968077|1|cancel_ack|3|4|1|0
INPUT|535|14294968077|1|cancel_ack|3|5|1|0
INPUT|536|14294968077|1|cancel_ack|3|6|1|0
INPUT|537|14294968077|1|sync|0
INPUT|538|14294968077|1|receiver_state|search
INPUT|539|14294979163|5|received|3|14.294979163000001|150.38302059636848|11
INPUT|540|14294979163|5|sync|0
INPUT|541|14294979163|5|receiver_state|search
DRAW|542|14443000000|3|8|0|31|9
TX|543|14443000000|3|8|33|0|9|11|4
TXFRAME|14443000000|3|0|3|1|3|1|25|12
TXFRAME|14443000000|3|1|3|1|4|1|25|17
TXFRAME|14443000000|3|2|3|1|5|1|25|18
TXFRAME|14443000000|3|3|3|1|6|1|25|24
INPUT|544|14443008077|1|sync|1
INPUT|545|14443008077|1|receiver_state|search
INPUT|546|14443019163|5|sync|1
INPUT|547|14443019163|5|receiver_state|search
INPUT|548|14449638077|1|receiver_state|track
INPUT|549|14449649163|5|receiver_state|track
INPUT|550|14456268077|1|sync|0
INPUT|551|14456279163|5|sync|0
INPUT|552|14568460000|3|sync|0
INPUT|553|14568460000|3|receiver_state|search
INPUT|554|14568468077|1|received|3|14.568468077|135.37565585291233|9
INPUT|555|14568468077|1|cancel_ack|3|3|1|0
INPUT|556|14568468077|1|cancel_ack|3|4|1|0
INPUT|557|14568468077|1|cancel_ack|3|5|1|0
INPUT|558|14568468077|1|cancel_ack|3|6|1|0
INPUT|559|14568468077|1|sync|0
INPUT|560|14568468077|1|receiver_state|search
INPUT|561|14568479163|5|received|3|14.568479162999999|150.38302059636848|9
INPUT|562|14568479163|5|sync|0
INPUT|563|14568479163|5|receiver_state|search
DRAW|564|14599000000|1|9|0|31|5
TX|565|14599000000|1|8|33|0|5|16|4
TXFRAME|14599000000|1|0|1|3|3|1|25|13
TXFRAME|14599000000|1|1|1|3|4|1|25|14
TXFRAME|14599000000|1|2|1|3|5|1|25|21
TXFRAME|14599000000|1|3|1|3|6|1|25|22
INPUT|566|14599008077|3|sync|1
INPUT|567|14599008077|3|receiver_state|search
INPUT|568|14599011086|5|sync|1
INPUT|569|14599011086|5|receiver_state|search
INPUT|570|14599023527|4|sync|0
INPUT|571|14599023527|4|receiver_state|idle
INPUT|572|14605638077|3|receiver_state|track
INPUT|573|14605641086|5|receiver_state|track
INPUT|574|14612268077|3|sync|0
INPUT|575|14612271086|5|sync|0
INPUT|576|14724460000|1|sync|0
INPUT|577|14724460000|1|receiver_state|search
INPUT|578|14724468077|3|received|1|14.724468076999999|135.37565585291233|5
INPUT|579|14724468077|3|cancel_ack|1|3|1|0
INPUT|580|14724468077|3|cancel_ack|1|4|1|0
INPUT|581|14724468077|3|cancel_ack|1|5|1|0
INPUT|582|14724468077|3|cancel_ack|1|6|1|0
INPUT|583|14724468077|3|sync|0
INPUT|584|14724468077|3|receiver_state|search
INPUT|585|14724471086|5|received|1|14.724471085999999|140.8759451711563|5
INPUT|586|14724471086|5|sync|0
INPUT|587|14724471086|5|receiver_state|search
INPUT|588|14724483527|4|sync|0
INPUT|589|14724483527|4|receiver_state|idle
DRAW|590|14794000000|1|10|0|31|7
TX|591|14794000000|1|8|33|0|7|5|2
TXFRAME|14794000000|1|0|1|3|5|1|25|21
TXFRAME|14794000000|1|1|1|3|6|1|25|22
INPUT|592|14794008077|3|sync|1
INPUT|593|14794008077|3|receiver_state|search
INPUT|594|14794011086|5|sync|1
INPUT|595|14794011086|5|receiver_state|search
INPUT|596|14794023527|4|sync|0
INPUT|597|14794023527|4|receiver_state|idle
INPUT|598|14800638077|3|receiver_state|track
INPUT|599|14800641086|5|receiver_state|track
INPUT|600|14807268077|3|sync|0
INPUT|601|14807271086|5|sync|0
INPUT|602|14820000000|2|receiver_state|search
INPUT|603|14820000000|4|receiver_state|search
INPUT|604|14820000000|7|receiver_state|search
INPUT|605|14820000000|8|receiver_state|search
INPUT|606|14828900000|2|receiver_state|idle
INPUT|607|14828900000|4|receiver_state|idle
INPUT|608|14828900000|7|receiver_state|idle
INPUT|609|14828900000|8|receiver_state|idle
INPUT|610|14868460000|1|sync|0
INPUT|611|14868460000|1|receiver_state|search
INPUT|612|14868468077|3|received|1|14.868468076999999|135.37565585291233|7
INPUT|613|14868468077|3|cancel_ack|1|5|1|0
INPUT|614|14868468077|3|cancel_ack|1|6|1|0
INPUT|615|14868468077|3|sync|0
INPUT|616|14868468077|3|receiver_state|search
INPUT|617|14868471086|5|received|1|14.868471086|140.8759451711563|7
INPUT|618|14868471086|5|sync|0
INPUT|619|14868471086|5|receiver_state|search
INPUT|620|14868483527|4|sync|0
INPUT|621|14868483527|4|receiver_state|idle
DRAW|622|14872000000|3|9|0|31|25
TX|623|14872000000|3|8|33|0|25|9|3
TXFRAME|14872000000|3|0|3|1|4|1|25|17
TXFRAME|14872000000|3|1|3|1|5|1|25|18
TXFRAME|14872000000|3|2|3|1|6|1|25|24
INPUT|624|14872008077|1|sync|1
INPUT|625|14872008077|1|receiver_state|search
INPUT|626|14872019163|5|sync|0
INPUT|627|14872019163|5|receiver_state|search
INPUT|628|14878638077|1|receiver_state|track
INPUT|629|14885268077|1|sync|0
INPUT|630|14971960000|3|sync|0
INPUT|631|14971960000|3|receiver_state|search
INPUT|632|14971968077|1|received|3|14.971968077|135.37565585291233|25
INPUT|633|14971968077|1|cancel_ack|3|4|1|0
INPUT|634|14971968077|1|cancel_ack|3|5|1|0
INPUT|635|14971968077|1|cancel_ack|3|6|1|0
INPUT|636|14971968077|1|sync|0
INPUT|637|14971968077|1|receiver_state|search
INPUT|638|14971979163|5|sync|0
INPUT|639|14971979163|5|receiver_state|search
FRAME|25|1|1|16777215|2|4|7|0|0|0|0|0|0|8|1|33|-103|19|2|39||000001ffffff000207e0040108014afbfa00010010068ae5d3cc8197a191bf9393524fed43146f62950a741b4bc8afb5d039b070211afc33db97
INPUT|640|15000000000|1|enqueue|16777215|7|0|25
DRAW|641|15054000000|1|11|0|31|18
TX|642|15054000000|1|8|33|1|19|7|1
TXFRAME|15054000000|1|0|1|16777215|2|4|19|25
INPUT|643|15054008077|3|sync|1
INPUT|644|15054008077|3|receiver_state|search
INPUT|645|15054011086|5|sync|1
INPUT|646|15054011086|5|receiver_state|search
INPUT|647|15054023527|4|sync|0
INPUT|648|15054023527|4|receiver_state|idle
INPUT|649|15060638077|3|receiver_state|track
INPUT|650|15060641086|5|receiver_state|track
INPUT|651|15808000000|2|receiver_state|search
INPUT|652|15808000000|4|receiver_state|search
INPUT|653|15808000000|7|receiver_state|search
INPUT|654|15808000000|8|receiver_state|search
INPUT|655|15816900000|2|receiver_state|idle
INPUT|656|15816900000|4|receiver_state|idle
INPUT|657|15816900000|7|receiver_state|idle
INPUT|658|15816900000|8|receiver_state|idle
INPUT|659|16059728077|3|sync|0
INPUT|660|16059731086|5|sync|0
INPUT|661|16089300000|1|sync|0
INPUT|662|16089300000|1|receiver_state|search
INPUT|663|16089308077|3|received|1|16.089308076999998|135.37565585291233|19
INPUT|664|16089308077|3|active|2
INPUT|665|16089308077|3|reported|2
INPUT|666|16089308077|3|sync|0
INPUT|667|16089308077|3|receiver_state|search
INPUT|668|16089311086|5|received|1|16.089311085999999|140.8759451711563|19
INPUT|669|16089311086|5|active|2
INPUT|670|16089311086|5|cancel_type|1|8
FRAME|26|5|5|1|2|8|7|0|0|0|0|0|0|8|1|33|-103|18|9|7||00000500000100020760080008014afbfa0001001003921e7a08
INPUT|671|16089311086|5|enqueue|1|7|0|26
INPUT|672|16089311086|5|sync|0
INPUT|673|16089311086|5|receiver_state|search
DRAW|674|16089311086|5|3|0|31|0
INPUT|675|16089323527|4|sync|0
INPUT|676|16089323527|4|receiver_state|idle
DRAW|677|16094000000|5|4|0|31|2
TX|678|16094000000|5|8|33|0|2|0|1
TXFRAME|16094000000|5|0|5|1|2|8|18|26
INPUT|679|16094011086|1|sync|1
INPUT|680|16094011086|1|receiver_state|search
INPUT|681|16094012444|4|sync|1
INPUT|682|16094012444|4|receiver_state|idle
INPUT|683|16094019163|3|sync|1
INPUT|684|16094019163|3|receiver_state|search
INPUT|685|16100641086|1|receiver_state|track
INPUT|686|16100649163|3|receiver_state|track
INPUT|687|16107271086|1|sync|0
INPUT|688|16107272444|4|sync|0
INPUT|689|16107279163|3|sync|0
INPUT|690|16135820000|5|sync|0
INPUT|691|16135820000|5|receiver_state|search
INPUT|692|16135831086|1|received|5|16.135831086|140.8759451711563|2
FRAME|27|1|1|5|1|9|7|1|0|0|0|0|0|8|1|33|-103|62|9|51||00000100000500010761090008014afbfa00010010020001f204d1f574000be7d86caef42dbeb9cfac67ba37d479b8491d4867c041f4d7ad0252a95dc4cee8c6ddd19ea415d0
INPUT|693|16135831086|1|enqueue|5|7|1|27
INPUT|694|16135831086|1|sync|0
INPUT|695|16135831086|1|receiver_state|search
INPUT|696|16135832444|4|sync|0
INPUT|697|16135832444|4|receiver_state|idle
INPUT|698|16135839163|3|received|5|16.135839163|150.38302059636848|2
INPUT|699|16135839163|3|sync|0
INPUT|700|16135839163|3|receiver_state|search
DRAW|701|16367000000|3|10|0|31|16
TX|702|16367000000|3|8|33|0|16|25|1
TXFRAME|16367000000|3|0|3|1|6|1|25|24
INPUT|703|16367008077|1|sync|1
INPUT|704|16367008077|1|receiver_state|search
INPUT|705|16367019163|5|sync|1
INPUT|706|16367019163|5|receiver_state|search
INPUT|707|16373638077|1|receiver_state|track
INPUT|708|16373649163|5|receiver_state|track
INPUT|709|16380268077|1|sync|0
INPUT|710|16380279163|5|sync|0
INPUT|711|16415960000|3|sync|0
INPUT|712|16415960000|3|receiver_state|search
INPUT|713|16415968077|1|received|3|16.415968076999999|135.37565585291233|16
INPUT|714|16415968077|1|cancel_ack|3|6|1|0
INPUT|715|16415968077|1|sync|0
INPUT|716|16415968077|1|receiver_state|search
INPUT|717|16415979163|5|received|3|16.415979162999999|150.38302059636848|16
INPUT|718|16415979163|5|sync|0
INPUT|719|16415979163|5|receiver_state|search
DRAW|720|16419000000|1|12|0|31|17
TX|721|16419000000|1|8|33|0|17|19|1
TXFRAME|16419000000|1|0|1|5|1|9|62|27
INPUT|722|16419008077|3|sync|1
INPUT|723|16419008077|3|receiver_state|search
INPUT|724|16419011086|5|sync|1
INPUT|725|16419011086|5|receiver_state|search
INPUT|726|16419023527|4|sync|0
INPUT|727|16419023527|4|receiver_state|idle
INPUT|728|16425638077|3|receiver_state|track
INPUT|729|16425641086|5|receiver_state|track
INPUT|730|16432268077|3|sync|0
INPUT|731|16432271086|5|sync|0
INPUT|732|16505700000|1|sync|0
INPUT|733|16505700000|1|receiver_state|search
INPUT|734|16505708077|3|received|1|16.505708077000001|135.37565585291233|17
INPUT|735|16505708077|3|sync|0
INPUT|736|16505708077|3|receiver_state|search
INPUT|737|16505711086|5|received|1|16.505711086000002|140.8759451711563|17
FRAME|28|5|5|1|1|1|7|0|1|0|0|0|0|8|1|33|-103|25|4|0||00000500000100010722010008014afbfa
INPUT|738|16505711086|5|enqueue|1|7|0|28
FRAME|29|5|5|1|3|9|7|1|0|0|0|0|0|8|1|33|-103|62|9|51||00000500000100030761090008014afbfa00010010040001b35c0c920a002e3ed1cc1f584da37f0f0e6d58420c01cebde59b342eb180ae1ec7fa50557bc41199a3ae0fd66e3e
INPUT|739|16505711086|5|enqueue|1|7|1|29
INPUT|740|16505711086|5|active|2
INPUT|741|16505711086|5|reported|2
INPUT|742|16505711086|5|sync|0
INPUT|743|16505711086|5|receiver_state|search
DRAW|744|16505711086|5|5|0|31|15
INPUT|745|16505723527|4|sync|0
INPUT|746|16505723527|4|receiver_state|idle
DRAW|747|16718000000|5|6|0|31|14
TX|748|16718000000|5|8|33|0|14|16|2
TXFRAME|16718000000|5|0|5|1|1|1|25|28
TXFRAME|16718000000|5|1|5|1|3|9|62|29
INPUT|749|16718011086|1|sync|1
INPUT|750|16718011086|1|receiver_state|search
INPUT|751|16718012444|4|sync|1
INPUT|752|16718012444|4|receiver_state|idle
INPUT|753|16718019163|3|sync|0
INPUT|754|16718019163|3|receiver_state|search
INPUT|755|16724641086|1|receiver_state|track
INPUT|756|16731271086|1|sync|0
INPUT|757|16731272444|4|sync|0
INPUT|758|16796000000|2|receiver_state|search
INPUT|759|16796000000|4|receiver_state|search
INPUT|760|16796000000|7|receiver_state|search
INPUT|761|16796000000|8|receiver_state|search
INPUT|762|16804900000|2|receiver_state|idle
INPUT|763|16804900000|4|receiver_state|idle
INPUT|764|16804900000|7|receiver_state|idle
INPUT|765|16804900000|8|receiver_state|idle
INPUT|766|16830200000|5|sync|0
INPUT|767|16830200000|5|receiver_state|search
INPUT|768|16830211086|1|received|5|16.830211085999998|140.8759451711563|14
INPUT|769|16830211086|1|cancel_ack|5|1|1|0
INPUT|770|16830211086|1|cancel_type|5|8
FRAME|30|1|1|5|2|8|7|0|0|0|0|0|0|8|1|33|-103|18|9|7||00000100000500020760080008014afbfa000100100307ca4b0c
INPUT|771|16830211086|1|enqueue|5|7|0|30
FRAME|31|1|1|5|3|1|7|0|1|0|0|0|0|8|1|33|-103|25|4|0||00000100000500030722010008014afbfa
INPUT|772|16830211086|1|enqueue|5|7|0|31
FRAME|32|1|1|5|3|5|7|1|0|0|0|0|0|8|1|33|-103|16|9|37||00000100000500030761050008014afbfa0001001004000001000208fbfa02020303ffffffff00000000000000000001ffffffff0000023d
INPUT|773|16830211086|1|enqueue|5|7|1|32
INPUT|774|16830211086|1|sync|0
INPUT|775|16830211086|1|receiver_state|search
INPUT|776|16830212444|4|sync|0
INPUT|777|16830212444|4|receiver_state|idle
INPUT|778|16830219163|3|sync|0
INPUT|779|16830219163|3|receiver_state|search
DRAW|780|16835000000|1|13|0|31|31
TX|781|16835000000|1|8|33|0|31|17|3
TXFRAME|16835000000|1|0|1|5|3|1|25|31
TXFRAME|16835000000|1|1|1|5|2|8|18|30
TXFRAME|16835000000|1|2|1|5|3|5|16|32
INPUT|782|16835008077|3|sync|1
INPUT|783|16835008077|3|receiver_state|search
INPUT|784|16835011086|5|sync|1
INPUT|785|16835011086|5|receiver_state|search
INPUT|786|16835023527|4|sync|0
INPUT|787|16835023527|4|receiver_state|idle
INPUT|788|16841638077|3|receiver_state|track
INPUT|789|16841641086|5|receiver_state|track
INPUT|790|16848268077|3|sync|0
INPUT|791|16848271086|5|sync|0
INPUT|792|16918640000|1|sync|0
INPUT|793|16918640000|1|receiver_state|search
INPUT|794|16918648077|3|received|1|16.918648077|135.37565585291233|31
INPUT|795|16918648077|3|sync|0
INPUT|796|16918648077|3|receiver_state|search
INPUT|797|16918651086|5|received|1|16.918651086000001|140.8759451711563|31
INPUT|798|16918651086|5|cancel_ack|1|3|1|0
FRAME|33|5|5|1|4|5|7|1|0|0|0|0|0|8|1|33|-103|16|9|37||00000500000100040761050008014afbfa0001001005000005000108fbfa00010300ffffffff00000001000000000001ffffffff00008a0b
INPUT|799|16918651086|5|enqueue|1|7|1|33
INPUT|800|16918651086|5|active|2
INPUT|801|16918651086|5|reported|2
FRAME|34|5|5|1|5|5|7|1|0|0|0|0|0|8|1|33|-103|16|9|37||00000500000100050761050008014afbfa0001001006000005000208fbfa02010303ffffffff00000000000000000001ffffffff000074c2
INPUT|802|16918651086|5|enqueue|1|7|1|34
FRAME|35|5|5|1|3|1|7|0|1|0|0|0|0|8|1|33|-103|25|4|0||00000500000100030722010008014afbfa
INPUT|803|16918651086|5|enqueue|1|7|0|35
INPUT|804|16918651086|5|sync|0
INPUT|805|16918651086|5|receiver_state|search
INPUT|806|16918663527|4|sync|0
INPUT|807|16918663527|4|receiver_state|idle
DRAW|808|17095000000|5|7|0|31|9
TX|809|17095000000|5|8|33|0|9|14|4
TXFRAME|17095000000|5|0|5|1|1|1|25|28
TXFRAME|17095000000|5|1|5|1|3|1|25|35
TXFRAME|17095000000|5|2|5|1|4|5|16|33
TXFRAME|17095000000|5|3|5|1|5|5|16|34
INPUT|810|17095011086|1|sync|1
INPUT|811|17095011086|1|receiver_state|search
INPUT|812|17095012444|4|sync|1
INPUT|813|17095012444|4|receiver_state|idle
INPUT|814|17095019163|3|sync|1
INPUT|815|17095019163|3|receiver_state|search
INPUT|816|17101641086|1|receiver_state|track
INPUT|817|17101649163|3|receiver_state|track
INPUT|818|17108271086|1|sync|0
INPUT|819|17108272444|4|sync|0
INPUT|820|17108279163|3|sync|0
INPUT|821|17202100000|5|sync|0
INPUT|822|17202100000|5|receiver_state|search
INPUT|823|17202111086|1|received|5|17.202111085999999|140.8759451711563|9
INPUT|824|17202111086|1|cancel_ack|5|1|1|0
INPUT|825|17202111086|1|cancel_ack|5|3|1|0
INPUT|826|17202111086|1|active|3
INPUT|827|17202111086|1|reported|0
FRAME|36|1|1|5|4|1|7|0|1|0|0|0|0|8|1|33|-103|25|4|0||00000100000500040722010008014afbfa
INPUT|828|17202111086|1|enqueue|5|7|0|36
INPUT|829|17202111086|1|active|3
INPUT|830|17202111086|1|reported|2
FRAME|37|1|1|5|5|1|7|0|1|0|0|0|0|8|1|33|-103|25|4|0||00000100000500050722010008014afbfa
INPUT|831|17202111086|1|enqueue|5|7|0|37
INPUT|832|17202111086|1|sync|0
INPUT|833|17202111086|1|receiver_state|search
FRAME|38|1|1|5|4|6|7|1|0|0|0|0|0|8|1|33|-103|65|9|86|5:4|000001000005000407f1060208014afbfa0001010000050004001007000001000408fbfa030202ffffffffff0000000000000003000102ffffff00000000000300010400080080fe98014a0078008c0000000002000001020000000000000200000301000100000e03000003008014
INPUT|834|17202111086|1|enqueue|5|7|1|38
FRAME|39|1|1|5|5|6|7|1|0|0|0|0|0|8|1|33|-103|26|9|47|5:5;3:7|000001000005000507f1060208014afbfa00010200000500050000030007001008000001000508fbfa030202ffffffffff0000000000000004000102ffffff0000000000040001010000052e66
INPUT|835|17202111086|1|enqueue|5|7|1|39
INPUT|836|17202112444|4|sync|0
INPUT|837|17202112444|4|receiver_state|idle
INPUT|838|17202119163|3|received|5|17.202119162999999|150.38302059636848|9
INPUT|839|17202119163|3|sync|0
INPUT|840|17202119163|3|receiver_state|search
DRAW|841|17329000000|5|8|0|31|16
TX|842|17329000000|5|8|33|0|16|9|2
TXFRAME|17329000000|5|0|5|1|1|1|25|28
TXFRAME|17329000000|5|1|5|1|3|1|25|35
INPUT|843|17329011086|1|sync|1
INPUT|844|17329011086|1|receiver_state|search
INPUT|845|17329012444|4|sync|1
INPUT|846|17329012444|4|receiver_state|idle
INPUT|847|17329019163|3|sync|1
INPUT|848|17329019163|3|receiver_state|search
INPUT|849|17335641086|1|receiver_state|track
INPUT|850|17335649163|3|receiver_state|track
INPUT|851|17342271086|1|sync|0
INPUT|852|17342272444|4|sync|0
INPUT|853|17342279163|3|sync|0
INPUT|854|17403460000|5|sync|0
INPUT|855|17403460000|5|receiver_state|search
INPUT|856|17403471086|1|received|5|17.403471086|140.8759451711563|16
INPUT|857|17403471086|1|cancel_ack|5|1|1|0
INPUT|858|17403471086|1|cancel_ack|5|3|1|0
INPUT|859|17403471086|1|sync|0
INPUT|860|17403471086|1|receiver_state|search
INPUT|861|17403472444|4|sync|0
INPUT|862|17403472444|4|receiver_state|idle
INPUT|863|17403479163|3|received|5|17.403479163|150.38302059636848|16
INPUT|864|17403479163|3|sync|0
INPUT|865|17403479163|3|receiver_state|search
DRAW|866|17498000000|1|14|0|31|31
TX|867|17498000000|1|8|33|0|31|31|5
TXFRAME|17498000000|1|0|1|5|3|1|25|31
TXFRAME|17498000000|1|1|1|5|4|1|25|36
TXFRAME|17498000000|1|2|1|5|5|1|25|37
TXFRAME|17498000000|1|3|1|5|4|6|65|38
TXFRAME|17498000000|1|4|1|5|5|6|26|39
INPUT|868|17498008077|3|sync|1
INPUT|869|17498008077|3|receiver_state|search
INPUT|870|17498011086|5|sync|1
INPUT|871|17498011086|5|receiver_state|search
INPUT|872|17498023527|4|sync|0
INPUT|873|17498023527|4|receiver_state|idle
INPUT|874|17504638077|3|receiver_state|track
INPUT|875|17504641086|5|receiver_state|track
INPUT|876|17511268077|3|sync|0
INPUT|877|17511271086|5|sync|0
INPUT|878|17690780000|1|sync|0
INPUT|879|17690780000|1|receiver_state|search
INPUT|880|17690788077|3|received|1|17.690788077000001|135.37565585291233|31
INPUT|881|17690788077|3|active|2
INPUT|882|17690788077|3|reported|3
FRAME|40|3|3|1|7|1|7|0|1|0|0|0|0|8|1|33|-103|25|4|0||00000300000100070722010008014afbfa
INPUT|883|17690788077|3|enqueue|1|7|0|40
INPUT|884|17690788077|3|sync|0
INPUT|885|17690788077|3|receiver_state|search
DRAW|886|17690788077|3|11|0|31|29
INPUT|887|17690791086|5|received|1|17.690791086000001|140.8759451711563|31
INPUT|888|17690791086|5|cancel_ack|1|3|1|0
INPUT|889|17690791086|5|cancel_ack|1|4|1|0
INPUT|890|17690791086|5|cancel_ack|1|5|1|0
INPUT|891|17690791086|5|active|2
INPUT|892|17690791086|5|reported|3
FRAME|41|5|5|1|4|1|7|0|1|0|0|0|0|8|1|33|-103|25|4|0||00000500000100040722010008014afbfa
INPUT|893|17690791086|5|enqueue|1|7|0|41
INPUT|894|17690791086|5|active|2
INPUT|895|17690791086|5|reported|3
FRAME|42|5|5|1|5|1|7|0|1|0|0|0|0|8|1|33|-103|25|4|0||00000500000100050722010008014afbfa
INPUT|896|17690791086|5|enqueue|1|7|0|42
INPUT|897|17690791086|5|sync|0
INPUT|898|17690791086|5|receiver_state|search
FRAME|43|5|5|1|6|6|7|1|0|0|0|0|0|8|1|33|-103|51|9|72|1:6|000005000001000607f1060208014afbfa0001010000010006001002000005000108fbfa020102ffffffffff0000000000000000000102ffffff00000000000000010400080080fe98014a0078008c0000000002000005010000000000000048be
INPUT|899|17690791086|5|enqueue|1|7|1|43
FRAME|44|5|5|1|7|6|7|1|0|0|0|0|0|8|1|33|-103|53|9|74|1:7|000005000001000707f1060208014afbfa0001010000010007001003000005000208fbfa020102ffffffffff0000000000000001000102ffffff00000000000100010200000301000200002b1d0000010000030200000102000100001d1a000001524b
INPUT|900|17690791086|5|enqueue|1|7|1|44
INPUT|901|17690803527|4|sync|0
INPUT|902|17690803527|4|receiver_state|idle
INPUT|903|17784000000|2|receiver_state|search
INPUT|904|17784000000|4|receiver_state|search
INPUT|905|17784000000|7|receiver_state|search
INPUT|906|17784000000|8|receiver_state|search
INPUT|907|17792900000|2|receiver_state|idle
INPUT|908|17792900000|4|receiver_state|idle
INPUT|909|17792900000|7|receiver_state|idle
INPUT|910|17792900000|8|receiver_state|idle
DRAW|911|17797000000|5|9|0|31|6
TX|912|17797000000|5|8|33|0|6|16|6
TXFRAME|17797000000|5|0|5|1|1|1|25|28
TXFRAME|17797000000|5|1|5|1|3|1|25|35
TXFRAME|17797000000|5|2|5|1|4|1|25|41
TXFRAME|17797000000|5|3|5|1|5|1|25|42
TXFRAME|17797000000|5|4|5|1|6|6|51|43
TXFRAME|17797000000|5|5|5|1|7|6|53|44
INPUT|913|17797011086|1|sync|1
INPUT|914|17797011086|1|receiver_state|search
INPUT|915|17797012444|4|sync|1
INPUT|916|17797012444|4|receiver_state|idle
INPUT|917|17797019163|3|sync|1
INPUT|918|17797019163|3|receiver_state|search
INPUT|919|17803641086|1|receiver_state|track
INPUT|920|17803649163|3|receiver_state|track
INPUT|921|17810271086|1|sync|0
INPUT|922|17810272444|4|sync|0
INPUT|923|17810279163|3|sync|0
INPUT|924|18028540000|5|sync|0
INPUT|925|18028540000|5|receiver_state|search
INPUT|926|18028551086|1|received|5|18.028551086|140.8759451711563|6
INPUT|927|18028551086|1|cancel_ack|5|1|1|0
INPUT|928|18028551086|1|cancel_ack|5|3|1|0
INPUT|929|18028551086|1|cancel_ack|5|4|1|0
INPUT|930|18028551086|1|cancel_ack|5|5|1|0
INPUT|931|18028551086|1|active|3
INPUT|932|18028551086|1|reported|2
FRAME|45|1|1|5|6|1|7|0|1|0|0|0|0|8|1|33|-103|25|4|0||00000100000500060722010008014afbfa
INPUT|933|18028551086|1|enqueue|5|7|0|45
INPUT|934|18028551086|1|active|3
INPUT|935|18028551086|1|reported|2
FRAME|46|1|1|5|7|1|7|0|1|0|0|0|0|8|1|33|-103|25|4|0||00000100000500070722010008014afbfa
INPUT|936|18028551086|1|enqueue|5|7|0|46
INPUT|937|18028551086|1|sync|0
INPUT|938|18028551086|1|receiver_state|search
FRAME|47|1|1|5|6|6|7|1|0|0|0|0|0|8|1|33|-103|36|9|57|5:6;3:8|000001000005000607f1060208014afbfa00010200000500060000030008001009000001000608fbfa030202ffffffffff0000000000000005000102ffffff00000000000500010200000501000100001d1a0000059d56
INPUT|939|18028551086|1|enqueue|5|7|1|47
INPUT|940|18028552444|4|sync|0
INPUT|941|18028552444|4|receiver_state|idle
INPUT|942|18028559163|3|received|5|18.028559163000001|150.38302059636848|6
INPUT|943|18028559163|3|sync|0
INPUT|944|18028559163|3|receiver_state|search
DRAW|945|18109000000|5|10|0|31|8
TX|946|18109000000|5|8|33|0|8|6|4
TXFRAME|18109000000|5|0|5|1|1|1|25|28
TXFRAME|18109000000|5|1|5|1|3|1|25|35
TXFRAME|18109000000|5|2|5|1|4|1|25|41
TXFRAME|18109000000|5|3|5|1|5|1|25|42
INPUT|947|18109011086|1|sync|1
INPUT|948|18109011086|1|receiver_state|search
INPUT|949|18109012444|4|sync|1
INPUT|950|18109012444|4|receiver_state|idle
INPUT|951|18109019163|3|sync|1
INPUT|952|18109019163|3|receiver_state|search
INPUT|953|18115641086|1|receiver_state|track
INPUT|954|18115649163|3|receiver_state|track
INPUT|955|18122271086|1|sync|0
INPUT|956|18122272444|4|sync|0
INPUT|957|18122279163|3|sync|0
INPUT|958|18234460000|5|sync|0
INPUT|959|18234460000|5|receiver_state|search
INPUT|960|18234471086|1|received|5|18.234471085999999|140.8759451711563|8
INPUT|961|18234471086|1|cancel_ack|5|1|1|0
INPUT|962|18234471086|1|cancel_ack|5|3|1|0
INPUT|963|18234471086|1|cancel_ack|5|4|1|0
INPUT|964|18234471086|1|cancel_ack|5|5|1|0
INPUT|965|18234471086|1|sync|0
INPUT|966|18234471086|1|receiver_state|search
INPUT|967|18234472444|4|sync|0
INPUT|968|18234472444|4|receiver_state|idle
INPUT|969|18234479163|3|received|5|18.234479163|150.38302059636848|8
INPUT|970|18234479163|3|sync|0
INPUT|971|18234479163|3|receiver_state|search
DRAW|972|18343000000|5|11|0|31|9
TX|973|18343000000|5|8|33|0|9|8|3
TXFRAME|18343000000|5|0|5|1|3|1|25|35
TXFRAME|18343000000|5|1|5|1|4|1|25|41
TXFRAME|18343000000|5|2|5|1|5|1|25|42
INPUT|974|18343011086|1|sync|1
INPUT|975|18343011086|1|receiver_state|search
INPUT|976|18343012444|4|sync|1
INPUT|977|18343012444|4|receiver_state|idle
INPUT|978|18343019163|3|sync|1
INPUT|979|18343019163|3|receiver_state|search
INPUT|980|18349641086|1|receiver_state|track
INPUT|981|18349649163|3|receiver_state|track
INPUT|982|18356271086|1|sync|0
INPUT|983|18356272444|4|sync|0
INPUT|984|18356279163|3|sync|0
INPUT|985|18442960000|5|sync|0
INPUT|986|18442960000|5|receiver_state|search
INPUT|987|18442971086|1|received|5|18.442971086|140.8759451711563|9
INPUT|988|18442971086|1|cancel_ack|5|3|1|0
INPUT|989|18442971086|1|cancel_ack|5|4|1|0
INPUT|990|18442971086|1|cancel_ack|5|5|1|0
INPUT|991|18442971086|1|sync|0
INPUT|992|18442971086|1|receiver_state|search
INPUT|993|18442972444|4|sync|0
INPUT|994|18442972444|4|receiver_state|idle
INPUT|995|18442979163|3|received|5|18.442979163|150.38302059636848|9
INPUT|996|18442979163|3|sync|0
INPUT|997|18442979163|3|receiver_state|search
DRAW|998|18499000000|3|12|0|31|13
TX|999|18499000000|3|8|33|0|13|29|1
TXFRAME|18499000000|3|0|3|1|7|1|25|40
INPUT|1000|18499008077|1|sync|1
INPUT|1001|18499008077|1|receiver_state|search
INPUT|1002|18499019163|5|sync|1
INPUT|1003|18499019163|5|receiver_state|search
INPUT|1004|18505638077|1|receiver_state|track
INPUT|1005|18505649163|5|receiver_state|track
INPUT|1006|18512268077|1|sync|0
INPUT|1007|18512279163|5|sync|0
INPUT|1008|18547960000|3|sync|0
INPUT|1009|18547960000|3|receiver_state|search
INPUT|1010|18547968077|1|received|3|18.547968077|135.37565585291233|13
INPUT|1011|18547968077|1|cancel_ack|3|7|1|0
INPUT|1012|18547968077|1|sync|0
INPUT|1013|18547968077|1|receiver_state|search
INPUT|1014|18547979163|5|received|3|18.547979163000001|150.38302059636848|13
INPUT|1015|18547979163|5|sync|0
INPUT|1016|18547979163|5|receiver_state|search
DRAW|1017|18564000000|1|15|0|31|16
TX|1018|18564000000|1|8|33|0|16|31|6
TXFRAME|18564000000|1|0|1|5|3|1|25|31
TXFRAME|18564000000|1|1|1|5|4|1|25|36
TXFRAME|18564000000|1|2|1|5|5|1|25|37
TXFRAME|18564000000|1|3|1|5|6|1|25|45
TXFRAME|18564000000|1|4|1|5|7|1|25|46
TXFRAME|18564000000|1|5|1|5|6|6|36|47
INPUT|1019|18564008077|3|sync|1
INPUT|1020|18564008077|3|receiver_state|search
INPUT|1021|18564011086|5|sync|1
INPUT|1022|18564011086|5|receiver_state|search
INPUT|1023|18564023527|4|sync|0
INPUT|1024|18564023527|4|receiver_state|idle
INPUT|1025|18570638077|3|receiver_state|track
INPUT|1026|18570641086|5|receiver_state|track
INPUT|1027|18577268077|3|sync|0
INPUT|1028|18577271086|5|sync|0
INPUT|1029|18751680000|1|sync|0
INPUT|1030|18751680000|1|receiver_state|search
INPUT|1031|18751688077|3|received|1|18.751688077000001|135.37565585291233|16
INPUT|1032|18751688077|3|active|2
INPUT|1033|18751688077|3|reported|3
FRAME|48|3|3|1|8|1|7|0|1|0|0|0|0|8|1|33|-103|25|4|0||00000300000100080722010008014afbfa
INPUT|1034|18751688077|3|enqueue|1|7|0|48
INPUT|1035|18751688077|3|sync|0
INPUT|1036|18751688077|3|receiver_state|search
FRAME|49|3|3|1|7|6|7|1|0|0|0|0|0|8|1|33|-103|39|9|60|1:7|000003000001000707f1060208014afbfa0001010000010007001004000003000308fbfa020102ffffffffff0000000000000002000102ffffff00000000000200010200000501000200002b1d000001000005e251
INPUT|1037|18751688077|3|enqueue|1|7|1|49
INPUT|1038|18751691086|5|received|1|18.751691086000001|140.8759451711563|16
INPUT|1039|18751691086|5|cancel_ack|1|3|1|0
INPUT|1040|18751691086|5|cancel_ack|1|4|1|0
INPUT|1041|18751691086|5|cancel_ack|1|5|1|0
INPUT|1042|18751691086|5|cancel_ack|1|6|1|0
INPUT|1043|18751691086|5|cancel_ack|1|7|1|0
INPUT|1044|18751691086|5|active|2
INPUT|1045|18751691086|5|reported|3
FRAME|50|5|5|1|6|1|7|0|1|0|0|0|0|8|1|33|-103|25|4|0||00000500000100060722010008014afbfa
INPUT|1046|18751691086|5|enqueue|1|7|0|50
INPUT|1047|18751691086|5|sync|0
INPUT|1048|18751691086|5|receiver_state|search
INPUT|1049|18751703527|4|sync|0
INPUT|1050|18751703527|4|receiver_state|idle
INPUT|1051|18772000000|2|receiver_state|search
INPUT|1052|18772000000|4|receiver_state|search
INPUT|1053|18772000000|7|receiver_state|search
INPUT|1054|18772000000|8|receiver_state|search
INPUT|1055|18780900000|2|receiver_state|idle
INPUT|1056|18780900000|4|receiver_state|idle
INPUT|1057|18780900000|7|receiver_state|idle
INPUT|1058|18780900000|8|receiver_state|idle
DRAW|1059|18785000000|5|12|0|31|6
TX|1060|18785000000|5|8|33|0|6|9|3
TXFRAME|18785000000|5|0|5|1|4|1|25|41
TXFRAME|18785000000|5|1|5|1|5|1|25|42
TXFRAME|18785000000|5|2|5|1|6|1|25|50
INPUT|1061|18785011086|1|sync|1
INPUT|1062|18785011086|1|receiver_state|search
INPUT|1063|18785012444|4|sync|1
INPUT|1064|18785012444|4|receiver_state|idle
INPUT|1065|18785019163|3|sync|0
INPUT|1066|18785019163|3|receiver_state|search
INPUT|1067|18791641086|1|receiver_state|track
INPUT|1068|18798271086|1|sync|0
INPUT|1069|18798272444|4|sync|0
INPUT|1070|18884960000|5|sync|0
INPUT|1071|18884960000|5|receiver_state|search
INPUT|1072|18884971086|1|received|5|18.884971086|140.8759451711563|6
INPUT|1073|18884971086|1|cancel_ack|5|4|1|0
INPUT|1074|18884971086|1|cancel_ack|5|5|1|0
INPUT|1075|18884971086|1|cancel_ack|5|6|1|0
INPUT|1076|18884971086|1|sync|0
INPUT|1077|18884971086|1|receiver_state|search
INPUT|1078|18884972444|4|sync|0
INPUT|1079|18884972444|4|receiver_state|idle
INPUT|1080|18884979163|3|sync|0
INPUT|1081|18884979163|3|receiver_state|search
DRAW|1082|18902000000|3|13|0|31|23
TX|1083|18902000000|3|8|33|0|23|13|3
TXFRAME|18902000000|3|0|3|1|7|1|25|40
TXFRAME|18902000000|3|1|3|1|8|1|25|48
TXFRAME|18902000000|3|2|3|1|7|6|39|49
INPUT|1084|18902008077|1|sync|1
INPUT|1085|18902008077|1|receiver_state|search
INPUT|1086|18902019163|5|sync|1
INPUT|1087|18902019163|5|receiver_state|search
INPUT|1088|18908638077|1|receiver_state|track
INPUT|1089|18908649163|5|receiver_state|track
INPUT|1090|18915268077|1|sync|0
INPUT|1091|18915279163|5|sync|0
INPUT|1092|19016240000|3|sync|0
INPUT|1093|19016240000|3|receiver_state|search
INPUT|1094|19016248077|1|received|3|19.016248077|135.37565585291233|23
INPUT|1095|19016248077|1|cancel_ack|3|7|1|0
INPUT|1096|19016248077|1|cancel_ack|3|8|1|0
INPUT|1097|19016248077|1|active|3
INPUT|1098|19016248077|1|reported|2
FRAME|51|1|1|3|7|1|7|0|1|0|0|0|0|8|1|33|-103|25|4|0||00000100000300070722010008014afbfa
INPUT|1099|19016248077|1|enqueue|3|7|0|51
INPUT|1100|19016248077|1|sync|0
INPUT|1101|19016248077|1|receiver_state|search
INPUT|1102|19016259163|5|received|3|19.016259163000001|150.38302059636848|23
INPUT|1103|19016259163|5|sync|0
INPUT|1104|19016259163|5|receiver_state|search
DRAW|1105|19071000000|5|13|0|31|28
TX|1106|19071000000|5|8|33|0|28|6|3
TXFRAME|19071000000|5|0|5|1|4|1|25|41
TXFRAME|19071000000|5|1|5|1|5|1|25|42
TXFRAME|19071000000|5|2|5|1|6|1|25|50
INPUT|1107|19071011086|1|sync|1
INPUT|1108|19071011086|1|receiver_state|search
INPUT|1109|19071012444|4|sync|1
INPUT|1110|19071012444|4|receiver_state|idle
INPUT|1111|19071019163|3|sync|1
INPUT|1112|19071019163|3|receiver_state|search
INPUT|1113|19077641086|1|receiver_state|track
INPUT|1114|19077649163|3|receiver_state|track
INPUT|1115|19084271086|1|sync|0
INPUT|1116|19084272444|4|sync|0
INPUT|1117|19084279163|3|sync|0
INPUT|1118|19170960000|5|sync|0
INPUT|1119|19170960000|5|receiver_state|search
INPUT|1120|19170971086|1|received|5|19.170971086000002|140.8759451711563|28
INPUT|1121|19170971086|1|cancel_ack|5|4|1|0
INPUT|1122|19170971086|1|cancel_ack|5|5|1|0
INPUT|1123|19170971086|1|cancel_ack|5|6|1|0
INPUT|1124|19170971086|1|sync|0
INPUT|1125|19170971086|1|receiver_state|search
INPUT|1126|19170972444|4|sync|0
INPUT|1127|19170972444|4|receiver_state|idle
INPUT|1128|19170979163|3|received|5|19.170979162999998|150.38302059636848|28
INPUT|1129|19170979163|3|sync|0
INPUT|1130|19170979163|3|receiver_state|search
DRAW|1131|19253000000|1|16|0|31|15
TX|1132|19253000000|1|8|33|0|15|16|6
TXFRAME|19253000000|1|0|1|5|3|1|25|31
TXFRAME|19253000000|1|1|1|5|4|1|25|36
TXFRAME|19253000000|1|2|1|5|5|1|25|37
TXFRAME|19253000000|1|3|1|5|6|1|25|45
TXFRAME|19253000000|1|4|1|5|7|1|25|46
TXFRAME|19253000000|1|5|1|3|7|1|25|51
INPUT|1133|19253008077|3|sync|1
INPUT|1134|19253008077|3|receiver_state|search
INPUT|1135|19253011086|5|sync|1
INPUT|1136|19253011086|5|receiver_state|search
INPUT|1137|19253023527|4|sync|0
INPUT|1138|19253023527|4|receiver_state|idle
INPUT|1139|19259638077|3|receiver_state|track
INPUT|1140|19259641086|5|receiver_state|track
INPUT|1141|19266268077|3|sync|0
INPUT|1142|19266271086|5|sync|0
INPUT|1143|19429460000|1|sync|0
INPUT|1144|19429460000|1|receiver_state|search
INPUT|1145|19429468077|3|received|1|19.429468076999999|135.37565585291233|15
INPUT|1146|19429468077|3|cancel_ack|1|7|1|0
INPUT|1147|19429468077|3|sync|0
INPUT|1148|19429468077|3|receiver_state|search
INPUT|1149|19429471086|5|received|1|19.429471086|140.8759451711563|15
INPUT|1150|19429471086|5|cancel_ack|1|3|1|0
INPUT|1151|19429471086|5|cancel_ack|1|4|1|0
INPUT|1152|19429471086|5|cancel_ack|1|5|1|0
INPUT|1153|19429471086|5|cancel_ack|1|6|1|0
INPUT|1154|19429471086|5|cancel_ack|1|7|1|0
INPUT|1155|19429471086|5|sync|0
INPUT|1156|19429471086|5|receiver_state|search
INPUT|1157|19429483527|4|sync|0
INPUT|1158|19429483527|4|receiver_state|idle
DRAW|1159|19578000000|3|14|0|31|22
TX|1160|19578000000|3|8|33|0|22|23|2
TXFRAME|19578000000|3|0|3|1|7|1|25|40
TXFRAME|19578000000|3|1|3|1|8|1|25|48
INPUT|1161|19578008077|1|sync|1
INPUT|1162|19578008077|1|receiver_state|search
INPUT|1163|19578019163|5|sync|1
INPUT|1164|19578019163|5|receiver_state|search
INPUT|1165|19584638077|1|receiver_state|track
INPUT|1166|19584649163|5|receiver_state|track
INPUT|1167|19591268077|1|sync|0
INPUT|1168|19591279163|5|sync|0
INPUT|1169|19652460000|3|sync|0
INPUT|1170|19652460000|3|receiver_state|search
INPUT|1171|19652468077|1|received|3|19.652468077000002|135.37565585291233|22
INPUT|1172|19652468077|1|cancel_ack|3|7|1|0
INPUT|1173|19652468077|1|cancel_ack|3|8|1|0
INPUT|1174|19652468077|1|sync|0
INPUT|1175|19652468077|1|receiver_state|search
INPUT|1176|19652479163|5|received|3|19.652479162999999|150.38302059636848|22
INPUT|1177|19652479163|5|sync|0
INPUT|1178|19652479163|5|receiver_state|search
DRAW|1179|19695000000|1|17|0|31|18
TX|1180|19695000000|1|8|33|0|19|15|6
TXFRAME|19695000000|1|0|1|5|3|1|25|31
TXFRAME|19695000000|1|1|1|5|4|1|25|36
TXFRAME|19695000000|1|2|1|5|5|1|25|37
TXFRAME|19695000000|1|3|1|5|6|1|25|45
TXFRAME|19695000000|1|4|1|5|7|1|25|46
TXFRAME|19695000000|1|5|1|3|7|1|25|51
INPUT|1181|19695008077|3|sync|1
INPUT|1182|19695008077|3|receiver_state|search
INPUT|1183|19695011086|5|sync|1
INPUT|1184|19695011086|5|receiver_state|search
INPUT|1185|19695023527|4|sync|0
INPUT|1186|19695023527|4|receiver_state|idle
INPUT|1187|19701638077|3|receiver_state|track
INPUT|1188|19701641086|5|receiver_state|track
INPUT|1189|19708268077|3|sync|0
INPUT|1190|19708271086|5|sync|0
INPUT|1191|19760000000|2|receiver_state|search
INPUT|1192|19760000000|4|receiver_state|search
INPUT|1193|19760000000|7|receiver_state|search
INPUT|1194|19760000000|8|receiver_state|search
INPUT|1195|19768900000|2|receiver_state|idle
INPUT|1196|19768900000|4|receiver_state|idle
INPUT|1197|19768900000|7|receiver_state|idle
INPUT|1198|19768900000|8|receiver_state|idle
INPUT|1199|19871460000|1|sync|0
INPUT|1200|19871460000|1|receiver_state|search
INPUT|1201|19871468077|3|received|1|19.871468076999999|135.37565585291233|19
INPUT|1202|19871468077|3|cancel_ack|1|7|1|0
INPUT|1203|19871468077|3|sync|0
INPUT|1204|19871468077|3|receiver_state|search
INPUT|1205|19871471086|5|received|1|19.871471086|140.8759451711563|19
INPUT|1206|19871471086|5|cancel_ack|1|3|1|0
INPUT|1207|19871471086|5|cancel_ack|1|4|1|0
INPUT|1208|19871471086|5|cancel_ack|1|5|1|0
INPUT|1209|19871471086|5|cancel_ack|1|6|1|0
INPUT|1210|19871471086|5|cancel_ack|1|7|1|0
INPUT|1211|19871471086|5|sync|0
INPUT|1212|19871471086|5|receiver_state|search
INPUT|1213|19871483527|4|sync|0
INPUT|1214|19871483527|4|receiver_state|idle
DRAW|1215|19942000000|5|14|0|31|16
TX|1216|19942000000|5|8|33|0|16|28|1
TXFRAME|19942000000|5|0|5|1|6|1|25|50
INPUT|1217|19942011086|1|sync|1
INPUT|1218|19942011086|1|receiver_state|search
INPUT|1219|19942012444|4|sync|1
INPUT|1220|19942012444|4|receiver_state|idle
INPUT|1221|19942019163|3|sync|1
INPUT|1222|19942019163|3|receiver_state|search
INPUT|1223|19948641086|1|receiver_state|track
INPUT|1224|19948649163|3|receiver_state|track
INPUT|1225|19955271086|1|sync|0
INPUT|1226|19955272444|4|sync|0
INPUT|1227|19955279163|3|sync|0
INPUT|1228|19990960000|5|sync|0
INPUT|1229|19990960000|5|receiver_state|search
INPUT|1230|19990971086|1|received|5|19.990971085999998|140.8759451711563|16
INPUT|1231|19990971086|1|cancel_ack|5|6|1|0
INPUT|1232|19990971086|1|sync|0
INPUT|1233|19990971086|1|receiver_state|search
INPUT|1234|19990972444|4|sync|0
INPUT|1235|19990972444|4|receiver_state|idle
INPUT|1236|19990979163|3|received|5|19.990979162999999|150.38302059636848|16
INPUT|1237|19990979163|3|sync|0
INPUT|1238|19990979163|3|receiver_state|search
FRAME|52|1|1|16777215|3|4|7|0|0|0|0|0|0|8|1|33|-103|19|2|39||000001ffffff000307e0040108014afbfa000100100a20b490953189f81b406b68d7a6a26d82be3581b1061ead76f5f7b8665e3345e176c79834
INPUT|1239|20000000000|1|enqueue|16777215|7|0|52
DRAW|1240|20150000000|3|15|0|31|8
TX|1241|20150000000|3|8|33|0|8|22|2
TXFRAME|20150000000|3|0|3|1|7|1|25|40
TXFRAME|20150000000|3|1|3|1|8|1|25|48
INPUT|1242|20150008077|1|sync|1
INPUT|1243|20150008077|1|receiver_state|search
INPUT|1244|20150019163|5|sync|1
INPUT|1245|20150019163|5|receiver_state|search
INPUT|1246|20156638077|1|receiver_state|track
INPUT|1247|20156649163|5|receiver_state|track
INPUT|1248|20163268077|1|sync|0
INPUT|1249|20163279163|5|sync|0
INPUT|1250|20224460000|3|sync|0
INPUT|1251|20224460000|3|receiver_state|search
INPUT|1252|20224468077|1|received|3|20.224468077000001|135.37565585291233|8
INPUT|1253|20224468077|1|cancel_ack|3|7|1|0
INPUT|1254|20224468077|1|cancel_ack|3|8|1|0
INPUT|1255|20224468077|1|sync|0
INPUT|1256|20224468077|1|receiver_state|search
INPUT|1257|20224479163|5|received|3|20.224479163000002|150.38302059636848|8
INPUT|1258|20224479163|5|sync|0
INPUT|1259|20224479163|5|receiver_state|search
DRAW|1260|20228000000|1|18|0|31|0
TX|1261|20228000000|1|8|33|1|0|19|6
TXFRAME|20228000000|1|0|1|5|4|1|25|36
TXFRAME|20228000000|1|1|1|5|5|1|25|37
TXFRAME|20228000000|1|2|1|5|6|1|25|45
TXFRAME|20228000000|1|3|1|5|7|1|25|46
TXFRAME|20228000000|1|4|1|3|7|1|25|51
TXFRAME|20228000000|1|5|1|16777215|3|4|19|52
INPUT|1262|20228008077|3|sync|1
INPUT|1263|20228008077|3|receiver_state|search
INPUT|1264|20228011086|5|sync|1
INPUT|1265|20228011086|5|receiver_state|search
INPUT|1266|20228023527|4|sync|0
INPUT|1267|20228023527|4|receiver_state|idle
INPUT|1268|20234638077|3|receiver_state|track
INPUT|1269|20234641086|5|receiver_state|track
INPUT|1270|20748000000|2|receiver_state|search
INPUT|1271|20748000000|4|receiver_state|search
INPUT|1272|20748000000|7|receiver_state|search
INPUT|1273|20748000000|8|receiver_state|search
INPUT|1274|20756900000|2|receiver_state|idle
INPUT|1275|20756900000|4|receiver_state|idle
INPUT|1276|20756900000|7|receiver_state|idle
INPUT|1277|20756900000|8|receiver_state|idle
INPUT|1278|21233728077|3|sync|0
INPUT|1279|21233731086|5|sync|0
INPUT|1280|21390800000|1|sync|0
INPUT|1281|21390800000|1|receiver_state|search
INPUT|1282|21390808077|3|received|1|21.390808076999999|135.37565585291233|0
INPUT|1283|21390808077|3|cancel_ack|1|7|1|0
INPUT|1284|21390808077|3|active|2
INPUT|1285|21390808077|3|reported|3
INPUT|1286|21390808077|3|sync|0
INPUT|1287|21390808077|3|receiver_state|search
INPUT|1288|21390811086|5|received|1|21.390811085999999|140.8759451711563|0
INPUT|1289|21390811086|5|cancel_ack|1|4|1|0
INPUT|1290|21390811086|5|cancel_ack|1|5|1|0
INPUT|1291|21390811086|5|cancel_ack|1|6|1|0
INPUT|1292|21390811086|5|cancel_ack|1|7|1|0
INPUT|1293|21390811086|5|active|2
INPUT|1294|21390811086|5|reported|3
INPUT|1295|21390811086|5|sync|0
INPUT|1296|21390811086|5|receiver_state|search
INPUT|1297|21390823527|4|sync|0
INPUT|1298|21390823527|4|receiver_state|idle
DRAW|1299|21398000000|1|19|0|31|13
TX|1300|21398000000|1|8|33|0|13|0|3
TXFRAME|21398000000|1|0|1|5|6|1|25|45
TXFRAME|21398000000|1|1|1|5|7|1|25|46
TXFRAME|21398000000|1|2|1|3|7|1|25|51
INPUT|1301|21398008077|3|sync|1
INPUT|1302|21398008077|3|receiver_state|search
INPUT|1303|21398011086|5|sync|1
INPUT|1304|21398011086|5|receiver_state|search
INPUT|1305|21398023527|4|sync|0
INPUT|1306|21398023527|4|receiver_state|idle
INPUT|1307|21404638077|3|receiver_state|track
INPUT|1308|21404641086|5|receiver_state|track
INPUT|1309|21411268077|3|sync|0
INPUT|1310|21411271086|5|sync|0
INPUT|1311|21497960000|1|sync|0
INPUT|1312|21497960000|1|receiver_state|search
INPUT|1313|21497968077|3|received|1|21.497968076999999|135.37565585291233|13
INPUT|1314|21497968077|3|cancel_ack|1|7|1|0
INPUT|1315|21497968077|3|sync|0
INPUT|1316|21497968077|3|receiver_state|search
INPUT|1317|21497971086|5|received|1|21.497971086|140.8759451711563|13
INPUT|1318|21497971086|5|cancel_ack|1|6|1|0
INPUT|1319|21497971086|5|cancel_ack|1|7|1|0
INPUT|1320|21497971086|5|sync|0
INPUT|1321|21497971086|5|receiver_state|search
INPUT|1322|21497983527|4|sync|0
INPUT|1323|21497983527|4|receiver_state|idle
DRAW|1324|21515000000|5|15|0|31|19
TX|1325|21515000000|5|8|33|0|19|16|1
TXFRAME|21515000000|5|0|5|1|6|1|25|50
INPUT|1326|21515011086|1|sync|1
INPUT|1327|21515011086|1|receiver_state|search
INPUT|1328|21515012444|4|sync|1
INPUT|1329|21515012444|4|receiver_state|idle
INPUT|1330|21515019163|3|sync|1
INPUT|1331|21515019163|3|receiver_state|search
INPUT|1332|21521641086|1|receiver_state|track
INPUT|1333|21521649163|3|receiver_state|track
INPUT|1334|21528271086|1|sync|0
INPUT|1335|21528272444|4|sync|0
INPUT|1336|21528279163|3|sync|0
INPUT|1337|21563960000|5|sync|0
INPUT|1338|21563960000|5|receiver_state|search
INPUT|1339|21563971086|1|received|5|21.563971085999999|140.8759451711563|19
INPUT|1340|21563971086|1|cancel_ack|5|6|1|0
INPUT|1341|21563971086|1|sync|0
INPUT|1342|21563971086|1|receiver_state|search
INPUT|1343|21563972444|4|sync|0
INPUT|1344|21563972444|4|receiver_state|idle
INPUT|1345|21563979163|3|received|5|21.563979162999999|150.38302059636848|19
INPUT|1346|21563979163|3|sync|0
INPUT|1347|21563979163|3|receiver_state|search
DRAW|1348|21619000000|3|16|0|31|24
TX|1349|21619000000|3|8|33|0|24|8|2
TXFRAME|21619000000|3|0|3|1|7|1|25|40
TXFRAME|21619000000|3|1|3|1|8|1|25|48
INPUT|1350|21619008077|1|sync|1
INPUT|1351|21619008077|1|receiver_state|search
INPUT|1352|21619019163|5|sync|1
INPUT|1353|21619019163|5|receiver_state|search
INPUT|1354|21625638077|1|receiver_state|track
INPUT|1355|21625649163|5|receiver_state|track
INPUT|1356|21632268077|1|sync|0
INPUT|1357|21632279163|5|sync|0
INPUT|1358|21693460000|3|sync|0
INPUT|1359|21693460000|3|receiver_state|search
INPUT|1360|21693468077|1|received|3|21.693468076999999|135.37565585291233|24
INPUT|1361|21693468077|1|cancel_ack|3|7|1|0
INPUT|1362|21693468077|1|cancel_ack|3|8|1|0
INPUT|1363|21693468077|1|sync|0
INPUT|1364|21693468077|1|receiver_state|search
INPUT|1365|21693479163|5|received|3|21.693479162999999|150.38302059636848|24
INPUT|1366|21693479163|5|sync|0
INPUT|1367|21693479163|5|receiver_state|search
INPUT|1368|21736000000|2|receiver_state|search
INPUT|1369|21736000000|4|receiver_state|search
INPUT|1370|21736000000|7|receiver_state|search
INPUT|1371|21736000000|8|receiver_state|search
INPUT|1372|21744900000|2|receiver_state|idle
INPUT|1373|21744900000|4|receiver_state|idle
INPUT|1374|21744900000|7|receiver_state|idle
INPUT|1375|21744900000|8|receiver_state|idle
DRAW|1376|21775000000|1|20|0|31|2
TX|1377|21775000000|1|8|33|0|2|13|1
TXFRAME|21775000000|1|0|1|3|7|1|25|51
INPUT|1378|21775008077|3|sync|1
INPUT|1379|21775008077|3|receiver_state|search
INPUT|1380|21775011086|5|sync|1
INPUT|1381|21775011086|5|receiver_state|search
INPUT|1382|21775023527|4|sync|0
INPUT|1383|21775023527|4|receiver_state|idle
INPUT|1384|21781638077|3|receiver_state|track
INPUT|1385|21781641086|5|receiver_state|track
INPUT|1386|21788268077|3|sync|0
INPUT|1387|21788271086|5|sync|0
INPUT|1388|21823960000|1|sync|0
INPUT|1389|21823960000|1|receiver_state|search
INPUT|1390|21823968077|3|received|1|21.823968077|135.37565585291233|2
INPUT|1391|21823968077|3|cancel_ack|1|7|1|0
INPUT|1392|21823968077|3|sync|0
INPUT|1393|21823968077|3|receiver_state|search
INPUT|1394|21823971086|5|received|1|21.823971086|140.8759451711563|2
INPUT|1395|21823971086|5|sync|0
INPUT|1396|21823971086|5|receiver_state|search
INPUT|1397|21823983527|4|sync|0
INPUT|1398|21823983527|4|receiver_state|idle
DRAW|1399|21918000000|5|16|0|31|3
TX|1400|21918000000|5|8|33|0|3|19|1
TXFRAME|21918000000|5|0|5|1|6|1|25|50
INPUT|1401|21918011086|1|sync|1
INPUT|1402|21918011086|1|receiver_state|search
INPUT|1403|21918012444|4|sync|1
INPUT|1404|21918012444|4|receiver_state|idle
INPUT|1405|21918019163|3|sync|0
INPUT|1406|21918019163|3|receiver_state|search
INPUT|1407|21924641086|1|receiver_state|track
INPUT|1408|21931271086|1|sync|0
INPUT|1409|21931272444|4|sync|0
INPUT|1410|21966960000|5|sync|0
INPUT|1411|21966960000|5|receiver_state|search
INPUT|1412|21966971086|1|received|5|21.966971086000001|140.8759451711563|3
INPUT|1413|21966971086|1|cancel_ack|5|6|1|0
INPUT|1414|21966971086|1|sync|0
INPUT|1415|21966971086|1|receiver_state|search
INPUT|1416|21966972444|4|sync|0
INPUT|1417|21966972444|4|receiver_state|idle
INPUT|1418|21966979163|3|sync|0
INPUT|1419|21966979163|3|receiver_state|search
DRAW|1420|22048000000|3|17|0|31|3
TX|1421|22048000000|3|8|33|0|3|24|1
TXFRAME|22048000000|3|0|3|1|8|1|25|48
INPUT|1422|22048008077|1|sync|1
INPUT|1423|22048008077|1|receiver_state|search
INPUT|1424|22048019163|5|sync|1
INPUT|1425|22048019163|5|receiver_state|search
INPUT|1426|22054638077|1|receiver_state|track
INPUT|1427|22054649163|5|receiver_state|track
INPUT|1428|22061268077|1|sync|0
INPUT|1429|22061279163|5|sync|0
INPUT|1430|22096960000|3|sync|0
INPUT|1431|22096960000|3|receiver_state|search
INPUT|1432|22096968077|1|received|3|22.096968077|135.37565585291233|3
INPUT|1433|22096968077|1|cancel_ack|3|8|1|0
INPUT|1434|22096968077|1|sync|0
INPUT|1435|22096968077|1|receiver_state|search
INPUT|1436|22096979163|5|received|3|22.096979163|150.38302059636848|3
INPUT|1437|22096979163|5|sync|0
INPUT|1438|22096979163|5|receiver_state|search
INPUT|1439|22724000000|2|receiver_state|search
INPUT|1440|22724000000|4|receiver_state|search
INPUT|1441|22724000000|7|receiver_state|search
INPUT|1442|22724000000|8|receiver_state|search
INPUT|1443|22732900000|2|receiver_state|idle
INPUT|1444|22732900000|4|receiver_state|idle
INPUT|1445|22732900000|7|receiver_state|idle
INPUT|1446|22732900000|8|receiver_state|idle
INPUT|1447|23712000000|2|receiver_state|search
INPUT|1448|23712000000|4|receiver_state|search
INPUT|1449|23712000000|7|receiver_state|search
INPUT|1450|23712000000|8|receiver_state|search
INPUT|1451|23720900000|2|receiver_state|idle
INPUT|1452|23720900000|4|receiver_state|idle
INPUT|1453|23720900000|7|receiver_state|idle
INPUT|1454|23720900000|8|receiver_state|idle
INPUT|1455|24700000000|2|receiver_state|search
INPUT|1456|24700000000|4|receiver_state|search
INPUT|1457|24700000000|7|receiver_state|search
INPUT|1458|24700000000|8|receiver_state|search
INPUT|1459|24708900000|2|receiver_state|idle
INPUT|1460|24708900000|4|receiver_state|idle
INPUT|1461|24708900000|7|receiver_state|idle
INPUT|1462|24708900000|8|receiver_state|idle
FRAME|53|1|1|3|9|6|7|1|0|0|0|0|0|8|1|33|-103|16|9|37|3:9|000001000003000907f1060208014afbfa000101000003000900100b000001000708fbfa030202ffffffffff0000000000000006000103ffffff0000b5ab
INPUT|1463|25000000000|1|enqueue|3|7|1|53
FRAME|54|1|1|5|7|6|7|1|0|0|0|0|0|8|1|33|-103|16|9|37|5:7|000001000005000707f1060208014afbfa000101000005000700100c000001000808fbfa030202ffffffffff0000000000000007000103ffffff0000c439
INPUT|1464|25000000000|1|enqueue|5|7|1|54
FRAME|55|1|1|5|0|7|0|0|0|0|0|0|0|8|1|33|-103|31|4|13||00000100000500000020070008014afbfa00000100000500010000000000
INPUT|1465|25000000000|1|enqueue|5|0|0|55
DRAW|1466|25012000000|1|21|0|31|15
DRAW|1467|25220000000|1|22|0|31|7
TX|1468|25220000000|1|8|33|0|7|15|3
TXFRAME|25220000000|1|0|1|3|9|6|16|53
TXFRAME|25220000000|1|1|1|5|7|6|16|54
TXFRAME|25220000000|1|2|1|5|0|7|31|55
INPUT|1469|25220008077|3|sync|1
INPUT|1470|25220008077|3|receiver_state|search
INPUT|1471|25220011086|5|sync|1
INPUT|1472|25220011086|5|receiver_state|search
INPUT|1473|25220023527|4|sync|0
INPUT|1474|25220023527|4|receiver_state|idle
INPUT|1475|25226638077|3|receiver_state|track
INPUT|1476|25226641086|5|receiver_state|track
INPUT|1477|25233268077|3|sync|0
INPUT|1478|25233271086|5|sync|0
INPUT|1479|25307720000|1|sync|0
INPUT|1480|25307720000|1|receiver_state|search
INPUT|1481|25307728077|3|received|1|25.307728077|135.37565585291233|7
INPUT|1482|25307728077|3|active|2
INPUT|1483|25307728077|3|reported|3
FRAME|56|3|3|1|9|1|7|0|1|0|0|0|0|8|1|33|-103|25|4|0||00000300000100090722010008014afbfa
INPUT|1484|25307728077|3|enqueue|1|7|0|56
INPUT|1485|25307728077|3|sync|0
INPUT|1486|25307728077|3|receiver_state|search
DRAW|1487|25307728077|3|18|0|31|13
FRAME|57|3|3|1|8|6|7|1|0|0|0|0|0|8|1|33|-103|82|9|103|1:8|000003000001000807f1060208014afbfa0001010000010008001005000003000408fbfa020102ffffffffff0000000000000003000102ffffff00000000000300010400080080fe98014a0078008c0000000002000003010000000000000200000102000100000e030000010200000501000200002b1d00000100000500b463
INPUT|1488|25307728077|3|enqueue|1|7|1|57
INPUT|1489|25307731086|5|received|1|25.307731086|140.8759451711563|7
INPUT|1490|25307731086|5|active|2
INPUT|1491|25307731086|5|reported|3
FRAME|58|5|5|1|7|1|7|0|1|0|0|0|0|8|1|33|-103|25|4|0||00000500000100070722010008014afbfa
INPUT|1492|25307731086|5|enqueue|1|7|0|58
INPUT|1493|25307731086|5|sync|0
INPUT|1494|25307731086|5|receiver_state|search
DRAW|1495|25307731086|5|17|0|31|26
FRAME|59|5|5|1|8|6|7|1|0|0|0|0|0|8|1|33|-103|82|9|103|1:8|000005000001000807f1060208014afbfa0001010000010008001004000005000308fbfa020102ffffffffff0000000000000002000102ffffff00000000000200010400080080fe98014a0078008c0000000002000005010000000000000200000102000100001d1a0000010200000301000200002b1d000001000003009123
INPUT|1496|25307731086|5|enqueue|1|7|1|59
FRAME|60|5|5|16777215|4|4|7|0|0|0|0|0|0|8|1|33|-103|19|2|39||000005ffffff000407e0040108014afbfa00010010059479d1df70af943609dc0281905fa45d778b25335cfc5020e53911071bf65c265c7f2d60
INPUT|1497|25307731086|5|enqueue|16777215|7|0|60
INPUT|1498|25307743527|4|sync|0
INPUT|1499|25307743527|4|receiver_state|idle
DRAW|1500|25480000000|3|19|0|31|24
TX|1501|25480000000|3|8|33|0|24|13|2
TXFRAME|25480000000|3|0|3|1|9|1|25|56
TXFRAME|25480000000|3|1|3|1|8|6|82|57
INPUT|1502|25480008077|1|sync|1
INPUT|1503|25480008077|1|receiver_state|search
INPUT|1504|25480019163|5|sync|0
INPUT|1505|25480019163|5|receiver_state|search
INPUT|1506|25486638077|1|receiver_state|track
INPUT|1507|25493268077|1|sync|0
INPUT|1508|25612600000|3|sync|0
INPUT|1509|25612600000|3|receiver_state|search
INPUT|1510|25612608077|1|received|3|25.612608077000001|135.37565585291233|24
INPUT|1511|25612608077|1|cancel_ack|3|9|1|0
INPUT|1512|25612608077|1|active|3
INPUT|1513|25612608077|1|reported|2
FRAME|61|1|1|3|8|1|7|0|1|0|0|0|0|8|1|33|-103|25|4|0||00000100000300080722010008014afbfa
INPUT|1514|25612608077|1|enqueue|3|7|0|61
INPUT|1515|25612608077|1|sync|0
INPUT|1516|25612608077|1|receiver_state|search
DRAW|1517|25612608077|1|23|0|31|28
INPUT|1518|25612619163|5|sync|0
INPUT|1519|25612619163|5|receiver_state|search
DRAW|1520|25649000000|5|18|0|31|25
TX|1521|25649000000|5|8|33|1|25|26|3
TXFRAME|25649000000|5|0|5|1|7|1|25|58
TXFRAME|25649000000|5|1|5|1|8|6|82|59
TXFRAME|25649000000|5|2|5|16777215|4|4|19|60
INPUT|1522|25649011086|1|sync|1
INPUT|1523|25649011086|1|receiver_state|search
INPUT|1524|25649012444|4|sync|1
INPUT|1525|25649012444|4|receiver_state|idle
INPUT|1526|25649019163|3|sync|1
INPUT|1527|25649019163|3|receiver_state|search
INPUT|1528|25655641086|1|receiver_state|track
INPUT|1529|25655649163|3|receiver_state|track
INPUT|1530|25688000000|2|receiver_state|search
INPUT|1531|25688000000|4|receiver_state|search
INPUT|1532|25688000000|7|receiver_state|search
INPUT|1533|25688000000|8|receiver_state|search
INPUT|1534|25694630000|4|receiver_state|track
INPUT|1535|25696900000|2|receiver_state|idle
INPUT|1536|25696900000|7|receiver_state|idle
INPUT|1537|25696900000|8|receiver_state|idle
INPUT|1538|26654731086|1|sync|0
INPUT|1539|26654732444|4|sync|0
INPUT|1540|26654739163|3|sync|0
INPUT|1541|26676000000|2|receiver_state|search
INPUT|1542|26676000000|7|receiver_state|search
INPUT|1543|26676000000|8|receiver_state|search
INPUT|1544|26684900000|2|receiver_state|idle
INPUT|1545|26684900000|7|receiver_state|idle
INPUT|1546|26684900000|8|receiver_state|idle
INPUT|1547|26793440000|5|sync|0
INPUT|1548|26793440000|5|receiver_state|search
INPUT|1549|26793451086|1|received|5|26.793451086000001|140.8759451711563|25
INPUT|1550|26793451086|1|cancel_ack|5|7|1|0
INPUT|1551|26793451086|1|active|3
INPUT|1552|26793451086|1|reported|2
FRAME|62|1|1|5|8|1|7|0|1|0|0|0|0|8|1|33|-103|25|4|0||00000100000500080722010008014afbfa
INPUT|1553|26793451086|1|enqueue|5|7|0|62
INPUT|1554|26793451086|1|active|3
INPUT|1555|26793451086|1|reported|2
INPUT|1556|26793451086|1|sync|0
INPUT|1557|26793451086|1|receiver_state|search
INPUT|1558|26793452444|4|received|5|26.793452444|142.88390553075294|25
INPUT|1559|26793452444|4|active|2
INPUT|1560|26793452444|4|cancel_type|5|8
FRAME|63|4|4|5|1|8|7|0|0|0|0|0|0|8|1|33|-103|18|9|7||00000400000500010760080008014afbfa000100100212e15afb
INPUT|1561|26793452444|4|enqueue|5|7|0|63
INPUT|1562|26793452444|4|sync|0
INPUT|1563|26793452444|4|receiver_state|search
DRAW|1564|26793452444|4|1|0|31|22
INPUT|1565|26793459163|3|received|5|26.793459163000001|150.38302059636848|25
INPUT|1566|26793459163|3|active|3
INPUT|1567|26793459163|3|cancel_type|5|8
FRAME|64|3|3|5|1|8|7|0|0|0|0|0|0|8|1|33|-103|18|9|7||00000300000500010760080008014afbfa0001001002106450f0
INPUT|1568|26793459163|3|enqueue|5|7|0|64
INPUT|1569|26793459163|3|sync|0
INPUT|1570|26793459163|3|receiver_state|search
FRAME|65|1|1|5|8|5|7|1|0|0|0|0|0|8|1|33|-103|16|9|37||00000100000500080761050008014afbfa0001001005000001000308fbfa03020300ffffffff00000001000000000001ffffffff0000a5c6
INPUT|1571|26813451086|1|enqueue|5|7|1|65
DRAW|1572|27079000000|3|20|0|31|2
TX|1573|27079000000|3|8|33|0|2|24|2
TXFRAME|27079000000|3|0|3|1|9|1|25|56
TXFRAME|27079000000|3|1|3|5|1|8|18|64
INPUT|1574|27079008077|1|sync|1
INPUT|1575|27079008077|1|receiver_state|search
INPUT|1576|27079019163|5|sync|1
INPUT|1577|27079019163|5|receiver_state|search
INPUT|1578|27085638077|1|receiver_state|track
INPUT|1579|27085649163|5|receiver_state|track
DRAW|1580|27092000000|4|2|0|31|16
TX|1581|27092000000|4|8|33|0|16|22|1
TXFRAME|27092000000|4|0|4|5|1|8|18|63
INPUT|1582|27092012444|5|sync|1
INPUT|1583|27092013632|2|sync|1
INPUT|1584|27092013632|2|receiver_state|idle
INPUT|1585|27092023527|1|sync|1
INPUT|1586|27092268077|1|sync|0
INPUT|1587|27092279163|5|sync|1
INPUT|1588|27105272444|5|sync|0
INPUT|1589|27105273632|2|sync|0
INPUT|1590|27133820000|4|sync|0
INPUT|1591|27133820000|4|receiver_state|search
INPUT|1592|27133832444|5|sync|0
INPUT|1593|27133833632|2|sync|0
INPUT|1594|27133833632|2|receiver_state|idle
INPUT|1595|27133843527|1|sync|0
INPUT|1596|27146320000|3|sync|0
INPUT|1597|27146320000|3|receiver_state|search
INPUT|1598|27146328077|1|received|3|27.146328077|135.37565585291233|2
INPUT|1599|27146328077|1|cancel_ack|3|9|1|0
INPUT|1600|27146328077|1|sync|0
INPUT|1601|27146328077|1|receiver_state|search
INPUT|1602|27146339163|5|received|3|27.146339163|150.38302059636848|2
FRAME|66|5|5|3|1|9|7|1|0|0|0|0|0|8|1|33|-103|62|9|51||00000500000300010761090008014afbfa00010010020001044c8bbd91003d5b3b2856bceb44ef6e937fed82ee8a2d32e127ad2bbc83ab4f5679d31e1f6d39d752c8aab72a96
INPUT|1603|27146339163|5|enqueue|3|7|1|66
INPUT|1604|27146339163|5|sync|0
INPUT|1605|27146339163|5|receiver_state|search
DRAW|1606|27183000000|3|21|0|31|7
TX|1607|27183000000|3|8|33|0|7|2|1
TXFRAME|27183000000|3|0|3|1|9|1|25|56
INPUT|1608|27183008077|1|sync|1
INPUT|1609|27183008077|1|receiver_state|search
INPUT|1610|27183019163|5|sync|1
INPUT|1611|27183019163|5|receiver_state|search
INPUT|1612|27189638077|1|receiver_state|track
INPUT|1613|27189649163|5|receiver_state|track
INPUT|1614|27196268077|1|sync|0
INPUT|1615|27196279163|5|sync|0
INPUT|1616|27231960000|3|sync|0
INPUT|1617|27231960000|3|receiver_state|search
INPUT|1618|27231968077|1|received|3|27.231968077000001|135.37565585291233|7
INPUT|1619|27231968077|1|cancel_ack|3|9|1|0
INPUT|1620|27231968077|1|sync|0
INPUT|1621|27231968077|1|receiver_state|search
INPUT|1622|27231979163|5|received|3|27.231979162999998|150.38302059636848|7
INPUT|1623|27231979163|5|sync|0
INPUT|1624|27231979163|5|receiver_state|search
DRAW|1625|27235000000|5|19|0|31|8
TX|1626|27235000000|5|8|33|0|8|25|2
TXFRAME|27235000000|5|0|5|1|7|1|25|58
TXFRAME|27235000000|5|1|5|3|1|9|62|66
DRAW|1627|27235000000|1|24|0|31|6
TX|1628|27235000000|1|8|33|0|7|28|3
TXFRAME|27235000000|1|0|1|3|8|1|25|61
TXFRAME|27235000000|1|1|1|5|8|1|25|62
TXFRAME|27235000000|1|2|1|5|8|5|16|65
INPUT|1629|27235008077|3|sync|1
INPUT|1630|27235008077|3|receiver_state|search
INPUT|1631|27235011086|1|sync|1
INPUT|1632|27235011086|5|sync|1
INPUT|1633|27235012444|4|sync|1
INPUT|1634|27235012444|4|receiver_state|search
INPUT|1635|27235019163|3|sync|1
INPUT|1636|27235019163|3|receiver_state|search
INPUT|1637|27235023527|4|sync|1
INPUT|1638|27235023527|4|receiver_state|search
INPUT|1639|27241638077|3|receiver_state|track
INPUT|1640|27241642444|4|receiver_state|track
INPUT|1641|27248268077|3|sync|1
INPUT|1642|27248271086|1|sync|0
INPUT|1643|27248271086|5|sync|0
INPUT|1644|27248272444|4|sync|0
INPUT|1645|27248279163|3|sync|0
INPUT|1646|27325780000|1|sync|0
INPUT|1647|27325780000|1|receiver_state|search
INPUT|1648|27325788077|3|received|1|27.325788076999999|135.37565585291233|7
INPUT|1649|27325788077|3|cancel_ack|1|8|1|0
INPUT|1650|27325788077|3|sync|0
INPUT|1651|27325788077|3|receiver_state|search
INPUT|1652|27325791086|5|sync|0
INPUT|1653|27325803527|4|sync|0
INPUT|1654|27347200000|5|sync|0
INPUT|1655|27347200000|5|receiver_state|search
INPUT|1656|27347211086|1|sync|0
INPUT|1657|27347211086|1|receiver_state|search
INPUT|1658|27347212444|4|received|5|27.347212444|142.88390553075294|8
INPUT|1659|27347212444|4|sync|0
INPUT|1660|27347212444|4|receiver_state|search
INPUT|1661|27347219163|3|sync|0
INPUT|1662|27347219163|3|receiver_state|search
DRAW|1663|27404000000|3|22|0|31|30
TX|1664|27404000000|3|8|33|0|30|7|1
TXFRAME|27404000000|3|0|3|1|9|1|25|56
INPUT|1665|27404008077|1|sync|1
INPUT|1666|27404008077|1|receiver_state|search
INPUT|1667|27404019163|5|sync|1
INPUT|1668|27404019163|5|receiver_state|search
INPUT|1669|27410638077|1|receiver_state|track
INPUT|1670|27410649163|5|receiver_state|track
INPUT|1671|27417268077|1|sync|0
INPUT|1672|27417279163|5|sync|0
INPUT|1673|27452960000|3|sync|0
INPUT|1674|27452960000|3|receiver_state|search
INPUT|1675|27452968077|1|received|3|27.452968077000001|135.37565585291233|30
INPUT|1676|27452968077|1|cancel_ack|3|9|1|0
INPUT|1677|27452968077|1|sync|0
INPUT|1678|27452968077|1|receiver_state|search
INPUT|1679|27452979163|5|received|3|27.452979162999998|150.38302059636848|30
INPUT|1680|27452979163|5|sync|0
INPUT|1681|27452979163|5|receiver_state|search
DRAW|1682|27456000000|1|25|0|31|25
TX|1683|27456000000|1|8|33|0|25|7|2
TXFRAME|27456000000|1|0|1|3|8|1|25|61
TXFRAME|27456000000|1|1|1|5|8|1|25|62
INPUT|1684|27456008077|3|sync|1
INPUT|1685|27456008077|3|receiver_state|search
INPUT|1686|27456011086|5|sync|1
INPUT|1687|27456011086|5|receiver_state|search
INPUT|1688|27456023527|4|sync|0
INPUT|1689|27456023527|4|receiver_state|search
INPUT|1690|27462638077|3|receiver_state|track
INPUT|1691|27462641086|5|receiver_state|track
INPUT|1692|27469268077|3|sync|0
INPUT|1693|27469271086|5|sync|0
INPUT|1694|27530460000|1|sync|0
INPUT|1695|27530460000|1|receiver_state|search
INPUT|1696|27530468077|3|received|1|27.530468076999998|135.37565585291233|25
INPUT|1697|27530468077|3|cancel_ack|1|8|1|0
INPUT|1698|27530468077|3|sync|0
INPUT|1699|27530468077|3|receiver_state|search
INPUT|1700|27530471086|5|received|1|27.530471085999999|140.8759451711563|25
INPUT|1701|27530471086|5|cancel_ack|1|8|1|0
INPUT|1702|27530471086|5|sync|0
INPUT|1703|27530471086|5|receiver_state|search
INPUT|1704|27530483527|4|sync|0
INPUT|1705|27530483527|4|receiver_state|search
DRAW|1706|27560000000|5|20|0|31|31
TX|1707|27560000000|5|8|33|0|31|8|1
TXFRAME|27560000000|5|0|5|1|7|1|25|58
INPUT|1708|27560011086|1|sync|1
INPUT|1709|27560011086|1|receiver_state|search
INPUT|1710|27560012444|4|sync|1
INPUT|1711|27560012444|4|receiver_state|search
INPUT|1712|27560019163|3|sync|1
INPUT|1713|27560019163|3|receiver_state|search
INPUT|1714|27566641086|1|receiver_state|track
INPUT|1715|27566642444|4|receiver_state|track
INPUT|1716|27566649163|3|receiver_state|track
INPUT|1717|27573271086|1|sync|0
INPUT|1718|27573272444|4|sync|0
INPUT|1719|27573279163|3|sync|0
INPUT|1720|27608960000|5|sync|0
INPUT|1721|27608960000|5|receiver_state|search
INPUT|1722|27608971086|1|received|5|27.608971086|140.8759451711563|31
INPUT|1723|27608971086|1|cancel_ack|5|7|1|0
INPUT|1724|27608971086|1|sync|0
INPUT|1725|27608971086|1|receiver_state|search
INPUT|1726|27608972444|4|received|5|27.608972443999999|142.88390553075294|31
INPUT|1727|27608972444|4|sync|0
INPUT|1728|27608972444|4|receiver_state|search
INPUT|1729|27608979163|3|received|5|27.608979163000001|150.38302059636848|31
INPUT|1730|27608979163|3|sync|0
INPUT|1731|27608979163|3|receiver_state|search
INPUT|1732|27664000000|2|receiver_state|search
INPUT|1733|27664000000|7|receiver_state|search
INPUT|1734|27664000000|8|receiver_state|search
INPUT|1735|27672900000|2|receiver_state|idle
INPUT|1736|27672900000|7|receiver_state|idle
INPUT|1737|27672900000|8|receiver_state|idle
DRAW|1738|27898000000|1|26|0|31|1
TX|1739|27898000000|1|8|33|0|1|25|2
TXFRAME|27898000000|1|0|1|3|8|1|25|61
TXFRAME|27898000000|1|1|1|5|8|1|25|62
INPUT|1740|27898008077|3|sync|1
INPUT|1741|27898008077|3|receiver_state|search
INPUT|1742|27898011086|5|sync|1
INPUT|1743|27898011086|5|receiver_state|search
INPUT|1744|27898023527|4|sync|0
INPUT|1745|27898023527|4|receiver_state|search
INPUT|1746|27904638077|3|receiver_state|track
INPUT|1747|27904641086|5|receiver_state|track
INPUT|1748|27911268077|3|sync|0
INPUT|1749|27911271086|5|sync|0
INPUT|1750|27972460000|1|sync|0
INPUT|1751|27972460000|1|receiver_state|search
INPUT|1752|27972468077|3|received|1|27.972468076999998|135.37565585291233|1
INPUT|1753|27972468077|3|cancel_ack|1|8|1|0
INPUT|1754|27972468077|3|sync|0
INPUT|1755|27972468077|3|receiver_state|search
INPUT|1756|27972471086|5|received|1|27.972471085999999|140.8759451711563|1
INPUT|1757|27972471086|5|cancel_ack|1|8|1|0
INPUT|1758|27972471086|5|sync|0
INPUT|1759|27972471086|5|receiver_state|search
INPUT|1760|27972483527|4|sync|0
INPUT|1761|27972483527|4|receiver_state|search
DRAW|1762|27989000000|1|27|0|31|27
TX|1763|27989000000|1|8|33|0|27|1|2
TXFRAME|27989000000|1|0|1|3|8|1|25|61
TXFRAME|27989000000|1|1|1|5|8|1|25|62
INPUT|1764|27989008077|3|sync|1
INPUT|1765|27989008077|3|receiver_state|search
INPUT|1766|27989011086|5|sync|1
INPUT|1767|27989011086|5|receiver_state|search
INPUT|1768|27989023527|4|sync|0
INPUT|1769|27989023527|4|receiver_state|search
INPUT|1770|27995638077|3|receiver_state|track
INPUT|1771|27995641086|5|receiver_state|track
INPUT|1772|28002268077|3|sync|0
INPUT|1773|28002271086|5|sync|0
INPUT|1774|28063460000|1|sync|0
INPUT|1775|28063460000|1|receiver_state|search
INPUT|1776|28063468077|3|received|1|28.063468077|135.37565585291233|27
INPUT|1777|28063468077|3|cancel_ack|1|8|1|0
INPUT|1778|28063468077|3|sync|0
INPUT|1779|28063468077|3|receiver_state|search
INPUT|1780|28063471086|5|received|1|28.063471086|140.8759451711563|27
INPUT|1781|28063471086|5|cancel_ack|1|8|1|0
INPUT|1782|28063471086|5|sync|0
INPUT|1783|28063471086|5|receiver_state|search
INPUT|1784|28063483527|4|sync|0
INPUT|1785|28063483527|4|receiver_state|search
DRAW|1786|28080000000|3|23|0|31|30
TX|1787|28080000000|3|8|33|0|30|30|1
TXFRAME|28080000000|3|0|3|1|9|1|25|56
INPUT|1788|28080008077|1|sync|1
INPUT|1789|28080008077|1|receiver_state|search
INPUT|1790|28080019163|5|sync|1
INPUT|1791|28080019163|5|receiver_state|search
INPUT|1792|28086638077|1|receiver_state|track
INPUT|1793|28086649163|5|receiver_state|track
INPUT|1794|28093268077|1|sync|0
INPUT|1795|28093279163|5|sync|0
INPUT|1796|28128960000|3|sync|0
INPUT|1797|28128960000|3|receiver_state|search
INPUT|1798|28128968077|1|received|3|28.128968077|135.37565585291233|30
INPUT|1799|28128968077|1|cancel_ack|3|9|1|0
INPUT|1800|28128968077|1|sync|0
INPUT|1801|28128968077|1|receiver_state|search
INPUT|1802|28128979163|5|received|3|28.128979163|150.38302059636848|30
INPUT|1803|28128979163|5|sync|0
INPUT|1804|28128979163|5|receiver_state|search
DRAW|1805|28184000000|5|21|0|31|12
TX|1806|28184000000|5|8|33|0|12|31|1
TXFRAME|28184000000|5|0|5|1|7|1|25|58
INPUT|1807|28184011086|1|sync|1
INPUT|1808|28184011086|1|receiver_state|search
INPUT|1809|28184012444|4|sync|1
INPUT|1810|28184012444|4|receiver_state|search
INPUT|1811|28184019163|3|sync|1
INPUT|1812|28184019163|3|receiver_state|search
INPUT|1813|28190641086|1|receiver_state|track
INPUT|1814|28190642444|4|receiver_state|track
INPUT|1815|28190649163|3|receiver_state|track
INPUT|1816|28197271086|1|sync|0
INPUT|1817|28197272444|4|sync|0
INPUT|1818|28197279163|3|sync|0
INPUT|1819|28232960000|5|sync|0
INPUT|1820|28232960000|5|receiver_state|search
INPUT|1821|28232971086|1|received|5|28.232971085999999|140.8759451711563|12
INPUT|1822|28232971086|1|cancel_ack|5|7|1|0
INPUT|1823|28232971086|1|sync|0
INPUT|1824|28232971086|1|receiver_state|search
INPUT|1825|28232972444|4|received|5|28.232972444000001|142.88390553075294|12
INPUT|1826|28232972444|4|sync|0
INPUT|1827|28232972444|4|receiver_state|search
INPUT|1828|28232979163|3|received|5|28.232979163|150.38302059636848|12
INPUT|1829|28232979163|3|sync|0
INPUT|1830|28232979163|3|receiver_state|search
DRAW|1831|28392000000|5|22|0|31|17
TX|1832|28392000000|5|8|33|0|17|12|1
TXFRAME|28392000000|5|0|5|1|7|1|25|58
INPUT|1833|28392011086|1|sync|1
INPUT|1834|28392011086|1|receiver_state|search
INPUT|1835|28392012444|4|sync|1
INPUT|1836|28392012444|4|receiver_state|search
INPUT|1837|28392019163|3|sync|1
INPUT|1838|28392019163|3|receiver_state|search
INPUT|1839|28398641086|1|receiver_state|track
INPUT|1840|28398642444|4|receiver_state|track
INPUT|1841|28398649163|3|receiver_state|track
INPUT|1842|28405271086|1|sync|0
INPUT|1843|28405272444|4|sync|0
INPUT|1844|28405279163|3|sync|0
INPUT|1845|28440960000|5|sync|0
INPUT|1846|28440960000|5|receiver_state|search
INPUT|1847|28440971086|1|received|5|28.440971086000001|140.8759451711563|17
INPUT|1848|28440971086|1|cancel_ack|5|7|1|0
INPUT|1849|28440971086|1|sync|0
INPUT|1850|28440971086|1|receiver_state|search
INPUT|1851|28440972444|4|received|5|28.440972444|142.88390553075294|17
INPUT|1852|28440972444|4|sync|0
INPUT|1853|28440972444|4|receiver_state|search
INPUT|1854|28440979163|3|received|5|28.440979163000002|150.38302059636848|17
INPUT|1855|28440979163|3|sync|0
INPUT|1856|28440979163|3|receiver_state|search
DRAW|1857|28535000000|1|28|0|31|27
TX|1858|28535000000|1|8|33|0|27|27|2
TXFRAME|28535000000|1|0|1|3|8|1|25|61
TXFRAME|28535000000|1|1|1|5|8|1|25|62
INPUT|1859|28535008077|3|sync|1
INPUT|1860|28535008077|3|receiver_state|search
INPUT|1861|28535011086|5|sync|1
INPUT|1862|28535011086|5|receiver_state|search
INPUT|1863|28535023527|4|sync|0
INPUT|1864|28535023527|4|receiver_state|search
INPUT|1865|28541638077|3|receiver_state|track
INPUT|1866|28541641086|5|receiver_state|track
INPUT|1867|28548268077|3|sync|0
INPUT|1868|28548271086|5|sync|0
INPUT|1869|28609460000|1|sync|0
INPUT|1870|28609460000|1|receiver_state|search
INPUT|1871|28609468077|3|received|1|28.609468076999999|135.37565585291233|27
INPUT|1872|28609468077|3|cancel_ack|1|8|1|0
INPUT|1873|28609468077|3|sync|0
INPUT|1874|28609468077|3|receiver_state|search
INPUT|1875|28609471086|5|received|1|28.609471085999999|140.8759451711563|27
INPUT|1876|28609471086|5|cancel_ack|1|8|1|0
INPUT|1877|28609471086|5|sync|0
INPUT|1878|28609471086|5|receiver_state|search
INPUT|1879|28609483527|4|sync|0
INPUT|1880|28609483527|4|receiver_state|search
INPUT|1881|28652000000|2|receiver_state|search
INPUT|1882|28652000000|7|receiver_state|search
INPUT|1883|28652000000|8|receiver_state|search
INPUT|1884|28660900000|2|receiver_state|idle
INPUT|1885|28660900000|7|receiver_state|idle
INPUT|1886|28660900000|8|receiver_state|idle
FRAME|67|5|5|3|1|9|7|1|0|0|0|0|0|8|1|33|-103|62|9|51||00000500000300010761090008014afbfa00010010020001044c8bbd91003d5b3b2856bceb44ef6e937fed82ee8a2d32e127ad2bbc83ab4f5679d31e1f6d39d752c8aab72a96
INPUT|1887|29235000028|5|enqueue|3|7|1|67
FRAME|68|1|1|5|8|5|7|1|0|0|0|0|0|8|1|33|-103|16|9|37||00000100000500080761050008014afbfa0001001005000001000308fbfa03020300ffffffff00000001000000000001ffffffff0000a5c6
INPUT|1888|29235000028|1|enqueue|5|7|1|68
DRAW|1889|29237000000|5|23|0|31|15
DRAW|1890|29237000000|1|29|0|31|2
DRAW|1891|29276000000|1|30|0|31|8
TX|1892|29276000000|1|8|33|0|8|2|1
TXFRAME|29276000000|1|0|1|5|8|5|16|68
INPUT|1893|29276008077|3|sync|1
INPUT|1894|29276008077|3|receiver_state|search
INPUT|1895|29276011086|5|sync|1
INPUT|1896|29276011086|5|receiver_state|search
INPUT|1897|29276023527|4|sync|0
INPUT|1898|29276023527|4|receiver_state|search
INPUT|1899|29282638077|3|receiver_state|track
INPUT|1900|29282641086|5|receiver_state|track
INPUT|1901|29289268077|3|sync|0
INPUT|1902|29289271086|5|sync|0
INPUT|1903|29315780000|1|sync|0
INPUT|1904|29315780000|1|receiver_state|search
INPUT|1905|29315788077|3|received|1|29.315788077000001|135.37565585291233|8
INPUT|1906|29315788077|3|sync|0
INPUT|1907|29315788077|3|receiver_state|search
INPUT|1908|29315791086|5|received|1|29.315791086000001|140.8759451711563|8
INPUT|1909|29315791086|5|active|2
INPUT|1910|29315791086|5|reported|3
FRAME|69|5|5|1|8|1|7|0|1|0|0|0|0|8|1|33|-103|25|4|0||00000500000100080722010008014afbfa
INPUT|1911|29315791086|5|enqueue|1|7|0|69
INPUT|1912|29315791086|5|sync|0
INPUT|1913|29315791086|5|receiver_state|search
INPUT|1914|29315803527|4|sync|0
INPUT|1915|29315803527|4|receiver_state|search
DRAW|1916|29484000000|5|24|0|31|24
TX|1917|29484000000|5|8|33|0|24|15|2
TXFRAME|29484000000|5|0|5|1|8|1|25|69
TXFRAME|29484000000|5|1|5|3|1|9|62|67
INPUT|1918|29484011086|1|sync|1
INPUT|1919|29484011086|1|receiver_state|search
INPUT|1920|29484012444|4|sync|1
INPUT|1921|29484012444|4|receiver_state|search
INPUT|1922|29484019163|3|sync|1
INPUT|1923|29484019163|3|receiver_state|search
INPUT|1924|29490641086|1|receiver_state|track
INPUT|1925|29490642444|4|receiver_state|track
INPUT|1926|29490649163|3|receiver_state|track
INPUT|1927|29497271086|1|sync|0
INPUT|1928|29497272444|4|sync|0
INPUT|1929|29497279163|3|sync|0
INPUT|1930|29596200000|5|sync|0
INPUT|1931|29596200000|5|receiver_state|search
INPUT|1932|29596211086|1|received|5|29.596211086|140.8759451711563|24
INPUT|1933|29596211086|1|cancel_ack|5|8|1|0
INPUT|1934|29596211086|1|sync|0
INPUT|1935|29596211086|1|receiver_state|search
INPUT|1936|29596212444|4|received|5|29.596212443999999|142.88390553075294|24
INPUT|1937|29596212444|4|sync|0
INPUT|1938|29596212444|4|receiver_state|search
INPUT|1939|29596219163|3|received|5|29.596219163000001|150.38302059636848|24
FRAME|70|3|3|5|1|1|7|0|1|0|0|0|0|8|1|33|-103|25|4|0||00000300000500010722010008014afbfa
INPUT|1940|29596219163|3|enqueue|5|7|0|70
FRAME|71|3|3|5|2|9|7|1|0|0|0|0|0|8|1|33|-103|62|9|51||00000300000500020761090008014afbfa00010010030001234dcbe23100efd727b673a21b14a91c59eda86ebb6f9f6c07b3410508c714ba577e28ac4daae3fc3b8042243523
INPUT|1941|29596219163|3|enqueue|5|7|1|71
INPUT|1942|29596219163|3|active|3
INPUT|1943|29596219163|3|reported|2
INPUT|1944|29596219163|3|sync|0
INPUT|1945|29596219163|3|receiver_state|search
DRAW|1946|29596219163|3|24|0|31|18
INPUT|1947|29640000000|2|receiver_state|search
INPUT|1948|29640000000|7|receiver_state|search
INPUT|1949|29640000000|8|receiver_state|search
INPUT|1950|29648900000|2|receiver_state|idle
INPUT|1951|29648900000|7|receiver_state|idle
INPUT|1952|29648900000|8|receiver_state|idle
DRAW|1953|29835000000|3|25|0|31|10
TX|1954|29835000000|3|8|33|0|10|18|2
TXFRAME|29835000000|3|0|3|5|1|1|25|70
TXFRAME|29835000000|3|1|3|5|2|9|62|71
INPUT|1955|29835008077|1|sync|1
INPUT|1956|29835008077|1|receiver_state|search
INPUT|1957|29835019163|5|sync|1
INPUT|1958|29835019163|5|receiver_state|search
INPUT|1959|29841638077|1|receiver_state|track
INPUT|1960|29841649163|5|receiver_state|track
INPUT|1961|29848268077|1|sync|0
INPUT|1962|29848279163|5|sync|0
INPUT|1963|29947200000|3|sync|0
INPUT|1964|29947200000|3|receiver_state|search
INPUT|1965|29947208077|1|received|3|29.947208076999999|135.37565585291233|10
INPUT|1966|29947208077|1|sync|0
INPUT|1967|29947208077|1|receiver_state|search
INPUT|1968|29947219163|5|received|3|29.947219163|150.38302059636848|10
INPUT|1969|29947219163|5|cancel_ack|3|1|1|0
INPUT|1970|29947219163|5|cancel_type|3|8
FRAME|72|5|5|3|2|8|7|0|0|0|0|0|0|8|1|33|-103|18|9|7||00000500000300020760080008014afbfa000100100388ac52bb
INPUT|1971|29947219163|5|enqueue|3|7|0|72
FRAME|73|5|5|3|2|1|7|0|1|0|0|0|0|8|1|33|-103|25|4|0||00000500000300020722010008014afbfa
INPUT|1972|29947219163|5|enqueue|3|7|0|73
FRAME|74|5|5|3|3|5|7|1|0|0|0|0|0|8|1|33|-103|16|9|37||00000500000300030761050008014afbfa0001001004000005000308fbfa02010303ffffffff00000000000000000001ffffffff00002820
INPUT|1973|29947219163|5|enqueue|3|7|1|74
INPUT|1974|29947219163|5|sync|0
INPUT|1975|29947219163|5|receiver_state|search
DRAW|1976|30017000000|5|25|0|31|30
TX|1977|30017000000|5|8|33|0|30|24|4
TXFRAME|30017000000|5|0|5|1|8|1|25|69
TXFRAME|30017000000|5|1|5|3|2|1|25|73
TXFRAME|30017000000|5|2|5|3|2|8|18|72
TXFRAME|30017000000|5|3|5|3|3|5|16|74
INPUT|1978|30017011086|1|sync|1
INPUT|1979|30017011086|1|receiver_state|search
INPUT|1980|30017012444|4|sync|1
INPUT|1981|30017012444|4|receiver_state|search
INPUT|1982|30017019163|3|sync|1
INPUT|1983|30017019163|3|receiver_state|search
INPUT|1984|30023641086|1|receiver_state|track
INPUT|1985|30023642444|4|receiver_state|track
INPUT|1986|30023649163|3|receiver_state|track
INPUT|1987|30030271086|1|sync|0
INPUT|1988|30030272444|4|sync|0
INPUT|1989|30030279163|3|sync|0
INPUT|1990|30126140000|5|sync|0
INPUT|1991|30126140000|5|receiver_state|search
INPUT|1992|30126151086|1|received|5|30.126151086|140.8759451711563|30
INPUT|1993|30126151086|1|cancel_ack|5|8|1|0
INPUT|1994|30126151086|1|sync|0
INPUT|1995|30126151086|1|receiver_state|search
INPUT|1996|30126152444|4|received|5|30.126152443999999|142.88390553075294|30
INPUT|1997|30126152444|4|sync|0
INPUT|1998|30126152444|4|receiver_state|search
INPUT|1999|30126159163|3|received|5|30.126159163000001|150.38302059636848|30
INPUT|2000|30126159163|3|cancel_ack|5|2|1|0
FRAME|75|3|3|5|3|5|7|1|0|0|0|0|0|8|1|33|-103|16|9|37||00000300000500030761050008014afbfa0001001004000003000308fbfa00010300ffffffff00000001000000000001ffffffff00000908
INPUT|2001|30126159163|3|enqueue|5|7|1|75
INPUT|2002|30126159163|3|active|3
INPUT|2003|30126159163|3|reported|2
FRAME|76|3|3|5|4|5|7|1|0|0|0|0|0|8|1|33|-103|16|9|37||00000300000500040761050008014afbfa0001001005000003000408fbfa03010303ffffffff00000000000000000001ffffffff00007b93
INPUT|2004|30126159163|3|enqueue|5|7|1|76
FRAME|77|3|3|5|3|1|7|0|1|0|0|0|0|8|1|33|-103|25|4|0||00000300000500030722010008014afbfa
INPUT|2005|30126159163|3|enqueue|5|7|0|77
INPUT|2006|30126159163|3|sync|0
INPUT|2007|30126159163|3|receiver_state|search
DRAW|2008|30186000000|3|26|0|31|3
TX|2009|30186000000|3|8|33|0|3|10|4
TXFRAME|30186000000|3|0|3|5|1|1|25|70
TXFRAME|30186000000|3|1|3|5|3|1|25|77
TXFRAME|30186000000|3|2|3|5|3|5|16|75
TXFRAME|30186000000|3|3|3|5|4|5|16|76
INPUT|2010|30186008077|1|sync|1
INPUT|2011|30186008077|1|receiver_state|search
INPUT|2012|30186019163|5|sync|1
INPUT|2013|30186019163|5|receiver_state|search
INPUT|2014|30192638077|1|receiver_state|track
INPUT|2015|30192649163|5|receiver_state|track
INPUT|2016|30199268077|1|sync|0
INPUT|2017|30199279163|5|sync|0
INPUT|2018|30293100000|3|sync|0
INPUT|2019|30293100000|3|receiver_state|search
INPUT|2020|30293108077|1|received|3|30.293108076999999|135.37565585291233|3
INPUT|2021|30293108077|1|sync|0
INPUT|2022|30293108077|1|receiver_state|search
INPUT|2023|30293119163|5|received|3|30.293119163|150.38302059636848|3
INPUT|2024|30293119163|5|cancel_ack|3|1|1|0
INPUT|2025|30293119163|5|cancel_ack|3|3|1|0
INPUT|2026|30293119163|5|active|3
INPUT|2027|30293119163|5|reported|0
FRAME|78|5|5|3|3|1|7|0|1|0|0|0|0|8|1|33|-103|25|4|0||00000500000300030722010008014afbfa
INPUT|2028|30293119163|5|enqueue|3|7|0|78
INPUT|2029|30293119163|5|active|3
INPUT|2030|30293119163|5|reported|3
FRAME|79|5|5|3|4|1|7|0|1|0|0|0|0|8|1|33|-103|25|4|0||00000500000300040722010008014afbfa
INPUT|2031|30293119163|5|enqueue|3|7|0|79
INPUT|2032|30293119163|5|sync|0
INPUT|2033|30293119163|5|receiver_state|search
FRAME|80|5|5|3|4|6|7|1|0|0|0|0|0|8|1|33|-103|65|9|86|3:4|000005000003000407f1060208014afbfa0001010000030004001006000005000408fbfa030102ffffffffff0000000000000003000102ffffff00000000000300010400080080fe98014a0078008c0000000002000005010000000000000200000102000100001d1a0000010020ac
INPUT|2034|30293119163|5|enqueue|3|7|1|80
FRAME|81|5|5|3|5|6|7|1|0|0|0|0|0|8|1|33|-103|26|9|47|3:5;1:9|000005000003000507f1060208014afbfa00010200000300050000010009001007000005000508fbfa030102ffffffffff0000000000000004000102ffffff000000000004000101000003de2b
INPUT|2035|30293119163|5|enqueue|3|7|1|81
FRAME|82|5|5|16777215|5|4|7|0|0|0|0|0|0|8|1|33|-103|19|2|39||000005ffffff000507e0040108014afbfa00010010086914c9bea0aa6d93531e589910040540600f63f79cb8e21e442964abadd1f82772440f34
INPUT|2036|30307731086|5|enqueue|16777215|7|0|82
DRAW|2037|30342000000|3|27|0|31|16
TX|2038|30342000000|3|8|33|0|16|3|2
TXFRAME|30342000000|3|0|3|5|1|1|25|70
TXFRAME|30342000000|3|1|3|5|3|1|25|77
INPUT|2039|30342008077|1|sync|1
INPUT|2040|30342008077|1|receiver_state|search
INPUT|2041|30342019163|5|sync|1
INPUT|2042|30342019163|5|receiver_state|search
INPUT|2043|30348638077|1|receiver_state|track
INPUT|2044|30348649163|5|receiver_state|track
INPUT|2045|30355268077|1|sync|0
INPUT|2046|30355279163|5|sync|0
INPUT|2047|30416460000|3|sync|0
INPUT|2048|30416460000|3|receiver_state|search
INPUT|2049|30416468077|1|received|3|30.416468077000001|135.37565585291233|16
INPUT|2050|30416468077|1|sync|0
INPUT|2051|30416468077|1|receiver_state|search
INPUT|2052|30416479163|5|received|3|30.416479163000002|150.38302059636848|16
INPUT|2053|30416479163|5|cancel_ack|3|1|1|0
INPUT|2054|30416479163|5|cancel_ack|3|3|1|0
INPUT|2055|30416479163|5|sync|0
INPUT|2056|30416479163|5|receiver_state|search
INPUT|2057|30628000000|2|receiver_state|search
INPUT|2058|30628000000|7|receiver_state|search
INPUT|2059|30628000000|8|receiver_state|search
DRAW|2060|30628000000|3|28|0|31|24
TX|2061|30628000000|3|8|33|0|24|16|2
TXFRAME|30628000000|3|0|3|5|1|1|25|70
TXFRAME|30628000000|3|1|3|5|3|1|25|77
INPUT|2062|30628008077|1|sync|1
INPUT|2063|30628008077|1|receiver_state|search
INPUT|2064|30628019163|5|sync|1
INPUT|2065|30628019163|5|receiver_state|search
INPUT|2066|30634638077|1|receiver_state|track
INPUT|2067|30634649163|5|receiver_state|track
INPUT|2068|30636900000|2|receiver_state|idle
INPUT|2069|30636900000|7|receiver_state|idle
INPUT|2070|30636900000|8|receiver_state|idle
INPUT|2071|30641268077|1|sync|0
INPUT|2072|30641279163|5|sync|0
INPUT|2073|30702460000|3|sync|0
INPUT|2074|30702460000|3|receiver_state|search
INPUT|2075|30702468077|1|received|3|30.702468076999999|135.37565585291233|24
INPUT|2076|30702468077|1|sync|0
INPUT|2077|30702468077|1|receiver_state|search
INPUT|2078|30702479163|5|received|3|30.702479163|150.38302059636848|24
INPUT|2079|30702479163|5|cancel_ack|3|1|1|0
INPUT|2080|30702479163|5|cancel_ack|3|3|1|0
INPUT|2081|30702479163|5|sync|0
INPUT|2082|30702479163|5|receiver_state|search
DRAW|2083|30758000000|5|26|0|31|6
TX|2084|30758000000|5|8|33|1|6|30|7
TXFRAME|30758000000|5|0|5|1|8|1|25|69
TXFRAME|30758000000|5|1|5|3|2|1|25|73
TXFRAME|30758000000|5|2|5|3|3|1|25|78
TXFRAME|30758000000|5|3|5|3|4|1|25|79
TXFRAME|30758000000|5|4|5|3|4|6|65|80
TXFRAME|30758000000|5|5|5|3|5|6|26|81
TXFRAME|30758000000|5|6|5|16777215|5|4|19|82
INPUT|2085|30758011086|1|sync|1
INPUT|2086|30758011086|1|receiver_state|search
INPUT|2087|30758012444|4|sync|1
INPUT|2088|30758012444|4|receiver_state|search
INPUT|2089|30758019163|3|sync|1
INPUT|2090|30758019163|3|receiver_state|search
INPUT|2091|30764641086|1|receiver_state|track
INPUT|2092|30764642444|4|receiver_state|track
INPUT|2093|30764649163|3|receiver_state|track
INPUT|2094|31616000000|2|receiver_state|search
INPUT|2095|31616000000|7|receiver_state|search
INPUT|2096|31616000000|8|receiver_state|search
INPUT|2097|31624900000|2|receiver_state|idle
INPUT|2098|31624900000|7|receiver_state|idle
INPUT|2099|31624900000|8|receiver_state|idle
INPUT|2100|31763731086|1|sync|0
INPUT|2101|31763732444|4|sync|0
INPUT|2102|31763739163|3|sync|0
INPUT|2103|31793452444|4|cancel_type|5|8
FRAME|83|4|4|5|2|8|7|0|0|0|0|0|0|8|1|33|-103|18|9|7||00000400000500020760080008014afbfa0001001003d13569fd
INPUT|2104|31793452444|4|enqueue|5|7|0|83
INPUT|2105|31988120000|5|sync|0
INPUT|2106|31988120000|5|receiver_state|search
INPUT|2107|31988131086|1|received|5|31.988131085999999|140.8759451711563|6
INPUT|2108|31988131086|1|cancel_ack|5|8|1|0
INPUT|2109|31988131086|1|active|3
INPUT|2110|31988131086|1|reported|3
FRAME|84|1|1|5|9|1|7|0|1|0|0|0|0|8|1|33|-103|25|4|0||00000100000500090722010008014afbfa
INPUT|2111|31988131086|1|enqueue|5|7|0|84
INPUT|2112|31988131086|1|active|3
INPUT|2113|31988131086|1|reported|3
INPUT|2114|31988131086|1|sync|0
INPUT|2115|31988131086|1|receiver_state|search
DRAW|2116|31988131086|1|31|0|31|17
INPUT|2117|31988132444|4|received|5|31.988132444000001|142.88390553075294|6
INPUT|2118|31988132444|4|active|2
INPUT|2119|31988132444|4|cancel_type|5|8
FRAME|85|4|4|5|3|8|7|0|0|0|0|0|0|8|1|33|-103|18|9|7||00000400000500030760080008014afbfa0001001004d0edb1c6
INPUT|2120|31988132444|4|enqueue|5|7|0|85
INPUT|2121|31988132444|4|sync|0
INPUT|2122|31988132444|4|receiver_state|search
DRAW|2123|31988132444|4|3|0|31|30
INPUT|2124|31988139163|3|received|5|31.988139163|150.38302059636848|6
INPUT|2125|31988139163|3|cancel_ack|5|2|1|0
INPUT|2126|31988139163|3|cancel_ack|5|3|1|0
INPUT|2127|31988139163|3|cancel_ack|5|4|1|0
INPUT|2128|31988139163|3|active|3
INPUT|2129|31988139163|3|reported|3
FRAME|86|3|3|5|4|1|7|0|1|0|0|0|0|8|1|33|-103|25|4|0||00000300000500040722010008014afbfa
INPUT|2130|31988139163|3|enqueue|5|7|0|86
INPUT|2131|31988139163|3|active|3
INPUT|2132|31988139163|3|reported|3
FRAME|87|3|3|5|5|1|7|0|1|0|0|0|0|8|1|33|-103|25|4|0||00000300000500050722010008014afbfa
INPUT|2133|31988139163|3|enqueue|5|7|0|87
INPUT|2134|31988139163|3|active|3
INPUT|2135|31988139163|3|reported|3
INPUT|2136|31988139163|3|sync|0
INPUT|2137|31988139163|3|receiver_state|search
FRAME|88|3|3|5|5|6|7|1|0|0|0|0|0|8|1|33|-103|65|9|86|5:5|000003000005000507f1060208014afbfa0001010000050005001006000003000508fbfa030102ffffffffff0000000000000004000102ffffff00000000000400010400080080fe98014a0078008c0000000002000003010000000000000200000102000100000e03000001002dfa
INPUT|2138|31988139163|3|enqueue|5|7|1|88
FRAME|89|3|3|5|6|6|7|1|0|0|0|0|0|8|1|33|-103|36|9|57|5:6;1:9|000003000005000607f1060208014afbfa00010200000500060000010009001007000003000608fbfa030102ffffffffff0000000000000005000102ffffff00000000000500010200000501000100001d1a0000053272
INPUT|2139|31988139163|3|enqueue|5|7|1|89
DRAW|2140|32071000000|5|27|0|31|3
TX|2141|32071000000|5|8|33|0|3|6|4
TXFRAME|32071000000|5|0|5|1|8|1|25|69
TXFRAME|32071000000|5|1|5|3|2|1|25|73
TXFRAME|32071000000|5|2|5|3|3|1|25|78
TXFRAME|32071000000|5|3|5|3|4|1|25|79
INPUT|2142|32071011086|1|sync|1
INPUT|2143|32071011086|1|receiver_state|search
INPUT|2144|32071012444|4|sync|1
INPUT|2145|32071012444|4|receiver_state|search
INPUT|2146|32071019163|3|sync|1
INPUT|2147|32071019163|3|receiver_state|search
INPUT|2148|32077641086|1|receiver_state|track
INPUT|2149|32077642444|4|receiver_state|track
INPUT|2150|32077649163|3|receiver_state|track
INPUT|2151|32084271086|1|sync|0
INPUT|2152|32084272444|4|sync|0
INPUT|2153|32084279163|3|sync|0
INPUT|2154|32196460000|5|sync|0
INPUT|2155|32196460000|5|receiver_state|search
INPUT|2156|32196471086|1|received|5|32.196471086000003|140.8759451711563|3
INPUT|2157|32196471086|1|cancel_ack|5|8|1|0
INPUT|2158|32196471086|1|sync|0
INPUT|2159|32196471086|1|receiver_state|search
INPUT|2160|32196472444|4|received|5|32.196472444000001|142.88390553075294|3
INPUT|2161|32196472444|4|sync|0
INPUT|2162|32196472444|4|receiver_state|search
INPUT|2163|32196479163|3|received|5|32.196479162999999|150.38302059636848|3
INPUT|2164|32196479163|3|cancel_ack|5|2|1|0
INPUT|2165|32196479163|3|cancel_ack|5|3|1|0
INPUT|2166|32196479163|3|cancel_ack|5|4|1|0
INPUT|2167|32196479163|3|sync|0
INPUT|2168|32196479163|3|receiver_state|search
DRAW|2169|32240000000|5|28|0|31|5
TX|2170|32240000000|5|8|33|0|5|3|4
TXFRAME|32240000000|5|0|5|1|8|1|25|69
TXFRAME|32240000000|5|1|5|3|2|1|25|73
TXFRAME|32240000000|5|2|5|3|3|1|25|78
TXFRAME|32240000000|5|3|5|3|4|1|25|79
INPUT|2171|32240011086|1|sync|1
INPUT|2172|32240011086|1|receiver_state|search
INPUT|2173|32240012444|4|sync|1
INPUT|2174|32240012444|4|receiver_state|search
INPUT|2175|32240019163|3|sync|1
INPUT|2176|32240019163|3|receiver_state|search
INPUT|2177|32246641086|1|receiver_state|track
INPUT|2178|32246642444|4|receiver_state|track
INPUT|2179|32246649163|3|receiver_state|track
INPUT|2180|32253271086|1|sync|0
INPUT|2181|32253272444|4|sync|0
INPUT|2182|32253279163|3|sync|0
INPUT|2183|32365460000|5|sync|0
INPUT|2184|32365460000|5|receiver_state|search
INPUT|2185|32365471086|1|received|5|32.365471085999999|140.8759451711563|5
INPUT|2186|32365471086|1|cancel_ack|5|8|1|0
INPUT|2187|32365471086|1|sync|0
INPUT|2188|32365471086|1|receiver_state|search
INPUT|2189|32365472444|4|received|5|32.365472443999998|142.88390553075294|5
INPUT|2190|32365472444|4|sync|0
INPUT|2191|32365472444|4|receiver_state|search
INPUT|2192|32365479163|3|received|5|32.365479163000003|150.38302059636848|5
INPUT|2193|32365479163|3|cancel_ack|5|2|1|0
INPUT|2194|32365479163|3|cancel_ack|5|3|1|0
INPUT|2195|32365479163|3|cancel_ack|5|4|1|0
INPUT|2196|32365479163|3|sync|0
INPUT|2197|32365479163|3|receiver_state|search
DRAW|2198|32435000000|5|29|0|31|16
TX|2199|32435000000|5|8|33|0|16|5|3
TXFRAME|32435000000|5|0|5|3|2|1|25|73
TXFRAME|32435000000|5|1|5|3|3|1|25|78
TXFRAME|32435000000|5|2|5|3|4|1|25|79
INPUT|2200|32435011086|1|sync|1
INPUT|2201|32435011086|1|receiver_state|search
INPUT|2202|32435012444|4|sync|1
INPUT|2203|32435012444|4|receiver_state|search
INPUT|2204|32435019163|3|sync|1
INPUT|2205|32435019163|3|receiver_state|search
INPUT|2206|32441641086|1|receiver_state|track
INPUT|2207|32441642444|4|receiver_state|track
INPUT|2208|32441649163|3|receiver_state|track
INPUT|2209|32448271086|1|sync|0
INPUT|2210|32448272444|4|sync|0
INPUT|2211|32448279163|3|sync|0
INPUT|2212|32534960000|5|sync|0
INPUT|2213|32534960000|5|receiver_state|search
INPUT|2214|32534971086|1|received|5|32.534971085999999|140.8759451711563|16
INPUT|2215|32534971086|1|sync|0
INPUT|2216|32534971086|1|receiver_state|search
INPUT|2217|32534972444|4|received|5|32.534972443999997|142.88390553075294|16
INPUT|2218|32534972444|4|sync|0
INPUT|2219|32534972444|4|receiver_state|search
INPUT|2220|32534979163|3|received|5|32.534979163000003|150.38302059636848|16
INPUT|2221|32534979163|3|cancel_ack|5|2|1|0
INPUT|2222|32534979163|3|cancel_ack|5|3|1|0
INPUT|2223|32534979163|3|cancel_ack|5|4|1|0
INPUT|2224|32534979163|3|sync|0
INPUT|2225|32534979163|3|receiver_state|search
DRAW|2226|32539000000|1|32|0|31|31
TX|2227|32539000000|1|8|33|0|31|17|1
TXFRAME|32539000000|1|0|1|5|9|1|25|84
INPUT|2228|32539008077|3|sync|1
INPUT|2229|32539008077|3|receiver_state|search
INPUT|2230|32539011086|5|sync|1
INPUT|2231|32539011086|5|receiver_state|search
INPUT|2232|32539023527|4|sync|0
INPUT|2233|32539023527|4|receiver_state|search
INPUT|2234|32545638077|3|receiver_state|track
INPUT|2235|32545641086|5|receiver_state|track
INPUT|2236|32552268077|3|sync|0
INPUT|2237|32552271086|5|sync|0
INPUT|2238|32587960000|1|sync|0
INPUT|2239|32587960000|1|receiver_state|search
INPUT|2240|32587968077|3|received|1|32.587968076999999|135.37565585291233|31
INPUT|2241|32587968077|3|sync|0
INPUT|2242|32587968077|3|receiver_state|search
INPUT|2243|32587971086|5|received|1|32.587971086000003|140.8759451711563|31
INPUT|2244|32587971086|5|cancel_ack|1|9|1|0
INPUT|2245|32587971086|5|sync|0
INPUT|2246|32587971086|5|receiver_state|search
INPUT|2247|32587983527|4|sync|0
INPUT|2248|32587983527|4|receiver_state|search
INPUT|2249|32604000000|2|receiver_state|search
INPUT|2250|32604000000|7|receiver_state|search
INPUT|2251|32604000000|8|receiver_state|search
DRAW|2252|32604000000|3|29|0|31|20
TX|2253|32604000000|3|8|33|0|20|24|6
TXFRAME|32604000000|3|0|3|5|1|1|25|70
TXFRAME|32604000000|3|1|3|5|3|1|25|77
TXFRAME|32604000000|3|2|3|5|4|1|25|86
TXFRAME|32604000000|3|3|3|5|5|1|25|87
TXFRAME|32604000000|3|4|3|5|5|6|65|88
TXFRAME|32604000000|3|5|3|5|6|6|36|89
INPUT|2254|32604008077|1|sync|1
INPUT|2255|32604008077|1|receiver_state|search
INPUT|2256|32604019163|5|sync|1
INPUT|2257|32604019163|5|receiver_state|search
INPUT|2258|32610638077|1|receiver_state|track
INPUT|2259|32610649163|5|receiver_state|track
INPUT|2260|32612900000|2|receiver_state|idle
INPUT|2261|32612900000|7|receiver_state|idle
INPUT|2262|32612900000|8|receiver_state|idle
INPUT|2263|32617268077|1|sync|0
INPUT|2264|32617279163|5|sync|0
DRAW|2265|32708000000|4|4|0|31|7
TX|2266|32708000000|4|8|33|0|7|30|1
TXFRAME|32708000000|4|0|4|5|3|8|18|85
INPUT|2267|32708012444|5|sync|1
INPUT|2268|32708013632|2|sync|1
INPUT|2269|32708013632|2|receiver_state|idle
INPUT|2270|32708023527|1|sync|0
INPUT|2271|32721272444|5|sync|0
INPUT|2272|32721273632|2|sync|0
INPUT|2273|32749820000|4|sync|0
INPUT|2274|32749820000|4|receiver_state|search
INPUT|2275|32749832444|5|sync|0
INPUT|2276|32749833632|2|sync|0
INPUT|2277|32749833632|2|receiver_state|idle
INPUT|2278|32749843527|1|sync|0
FRAME|90|5|5|3|4|6|7|1|0|0|0|0|0|8|1|33|-103|65|9|86|3:4|000005000003000407f1060208014afbfa0001010000030004001006000005000408fbfa030102ffffffffff0000000000000003000102ffffff00000000000300010400080080fe98014a0078008c0000000002000005010000000000000200000102000100001d1a0000010020ac
INPUT|2279|32758000028|5|enqueue|3|7|1|90
FRAME|91|5|5|3|5|6|7|1|0|0|0|0|0|8|1|33|-103|26|9|47|3:5;1:9|000005000003000507f1060208014afbfa00010200000300050000010009001007000005000508fbfa030102ffffffffff0000000000000004000102ffffff000000000004000101000003de2b
INPUT|2280|32758000028|5|enqueue|3|7|1|91
INPUT|2281|32832480000|3|sync|0
INPUT|2282|32832480000|3|receiver_state|search
INPUT|2283|32832488077|1|received|3|32.832488077000001|135.37565585291233|20
INPUT|2284|32832488077|1|active|3
INPUT|2285|32832488077|1|reported|3
FRAME|92|1|1|3|9|1|7|0|1|0|0|0|0|8|1|33|-103|25|4|0||00000100000300090722010008014afbfa
INPUT|2286|32832488077|1|enqueue|3|7|0|92
INPUT|2287|32832488077|1|sync|0
INPUT|2288|32832488077|1|receiver_state|search
INPUT|2289|32832499163|5|received|3|32.832499163000001|150.38302059636848|20
INPUT|2290|32832499163|5|cancel_ack|3|1|1|0
INPUT|2291|32832499163|5|cancel_ack|3|3|1|0
INPUT|2292|32832499163|5|cancel_ack|3|4|1|0
INPUT|2293|32832499163|5|cancel_ack|3|5|1|0
INPUT|2294|32832499163|5|active|3
INPUT|2295|32832499163|5|reported|3
FRAME|93|5|5|3|5|1|7|0|1|0|0|0|0|8|1|33|-103|25|4|0||00000500000300050722010008014afbfa
INPUT|2296|32832499163|5|enqueue|3|7|0|93
INPUT|2297|32832499163|5|active|3
INPUT|2298|32832499163|5|reported|3
FRAME|94|5|5|3|6|1|7|0|1|0|0|0|0|8|1|33|-103|25|4|0||00000500000300060722010008014afbfa
INPUT|2299|32832499163|5|enqueue|3|7|0|94
INPUT|2300|32832499163|5|sync|0
INPUT|2301|32832499163|5|receiver_state|search
FRAME|95|5|5|3|6|6|7|1|0|0|0|0|0|8|1|33|-103|36|9|57|3:6;1:10|000005000003000607f1060208014afbfa0001020000030006000001000a001009000005000608fbfa030102ffffffffff0000000000000005000102ffffff00000000000500010200000301000100001d1a000003c198
INPUT|2302|32832499163|5|enqueue|3|7|1|95
DRAW|2303|33007000000|5|30|0|31|27
TX|2304|33007000000|5|8|33|0|27|16|7
TXFRAME|33007000000|5|0|5|3|3|1|25|78
TXFRAME|33007000000|5|1|5|3|4|1|25|79
TXFRAME|33007000000|5|2|5|3|5|1|25|93
TXFRAME|33007000000|5|3|5|3|6|1|25|94
TXFRAME|33007000000|5|4|5|3|4|6|65|90
TXFRAME|33007000000|5|5|5|3|5|6|26|91
TXFRAME|33007000000|5|6|5|3|6|6|36|95
INPUT|2305|33007011086|1|sync|1
INPUT|2306|33007011086|1|receiver_state|search
INPUT|2307|33007012444|4|sync|1
INPUT|2308|33007012444|4|receiver_state|search
INPUT|2309|33007019163|3|sync|1
INPUT|2310|33007019163|3|receiver_state|search
INPUT|2311|33013641086|1|receiver_state|track
INPUT|2312|33013642444|4|receiver_state|track
INPUT|2313|33013649163|3|receiver_state|track
INPUT|2314|33020271086|1|sync|0
INPUT|2315|33020272444|4|sync|0
INPUT|2316|33020279163|3|sync|0
INPUT|2317|33262000000|5|sync|0
INPUT|2318|33262000000|5|receiver_state|search
INPUT|2319|33262011086|1|received|5|33.262011086000001|140.8759451711563|27
FRAME|96|1|1|5|9|1|7|0|1|0|0|0|0|8|1|33|-103|25|4|0||00000100000500090722010008014afbfa
INPUT|2320|33262011086|1|enqueue|5|7|0|96
INPUT|2321|33262011086|1|active|3
INPUT|2322|33262011086|1|reported|3
FRAME|97|1|1|5|10|1|7|0|1|0|0|0|0|8|1|33|-103|25|4|0||000001000005000a0722010008014afbfa
INPUT|2323|33262011086|1|enqueue|5|7|0|97
INPUT|2324|33262011086|1|sync|0
INPUT|2325|33262011086|1|receiver_state|search
INPUT|2326|33262012444|4|received|5|33.262012444|142.88390553075294|27
INPUT|2327|33262012444|4|sync|0
INPUT|2328|33262012444|4|receiver_state|search
INPUT|2329|33262019163|3|received|5|33.262019162999998|150.38302059636848|27
INPUT|2330|33262019163|3|cancel_ack|5|3|1|0
INPUT|2331|33262019163|3|cancel_ack|5|4|1|0
INPUT|2332|33262019163|3|cancel_ack|5|5|1|0
INPUT|2333|33262019163|3|cancel_ack|5|6|1|0
FRAME|98|3|3|5|4|1|7|0|1|0|0|0|0|8|1|33|-103|25|4|0||00000300000500040722010008014afbfa
INPUT|2334|33262019163|3|enqueue|5|7|0|98
FRAME|99|3|3|5|5|1|7|0|1|0|0|0|0|8|1|33|-103|25|4|0||00000300000500050722010008014afbfa
INPUT|2335|33262019163|3|enqueue|5|7|0|99
INPUT|2336|33262019163|3|active|3
INPUT|2337|33262019163|3|reported|3
FRAME|100|3|3|5|6|1|7|0|1|0|0|0|0|8|1|33|-103|25|4|0||00000300000500060722010008014afbfa
INPUT|2338|33262019163|3|enqueue|5|7|0|100
INPUT|2339|33262019163|3|sync|0
INPUT|2340|33262019163|3|receiver_state|search
DRAW|2341|33345000000|3|30|0|31|12
TX|2342|33345000000|3|8|33|0|12|20|4
TXFRAME|33345000000|3|0|3|5|3|1|25|77
TXFRAME|33345000000|3|1|3|5|4|1|25|86
TXFRAME|33345000000|3|2|3|5|5|1|25|87
TXFRAME|33345000000|3|3|3|5|6|1|25|100
INPUT|2343|33345008077|1|sync|1
INPUT|2344|33345008077|1|receiver_state|search
INPUT|2345|33345019163|5|sync|1
INPUT|2346|33345019163|5|receiver_state|search
INPUT|2347|33351638077|1|receiver_state|track
INPUT|2348|33351649163|5|receiver_state|track
INPUT|2349|33358268077|1|sync|0
INPUT|2350|33358279163|5|sync|0
INPUT|2351|33470460000|3|sync|0
INPUT|2352|33470460000|3|receiver_state|search
INPUT|2353|33470468077|1|received|3|33.470468077|135.37565585291233|12
INPUT|2354|33470468077|1|sync|0
INPUT|2355|33470468077|1|receiver_state|search
INPUT|2356|33470479163|5|received|3|33.470479163|150.38302059636848|12
INPUT|2357|33470479163|5|cancel_ack|3|3|1|0
INPUT|2358|33470479163|5|cancel_ack|3|4|1|0
INPUT|2359|33470479163|5|cancel_ack|3|5|1|0
INPUT|2360|33470479163|5|cancel_ack|3|6|1|0
INPUT|2361|33470479163|5|sync|0
INPUT|2362|33470479163|5|receiver_state|search
DRAW|2363|33579000000|1|33|0|31|9
TX|2364|33579000000|1|8|33|0|9|31|3
TXFRAME|33579000000|1|0|1|5|9|1|25|84
TXFRAME|33579000000|1|1|1|3|9|1|25|92
TXFRAME|33579000000|1|2|1|5|10|1|25|97
INPUT|2365|33579008077|3|sync|1
INPUT|2366|33579008077|3|receiver_state|search
INPUT|2367|33579011086|5|sync|1
INPUT|2368|33579011086|5|receiver_state|search
INPUT|2369|33579023527|4|sync|0
INPUT|2370|33579023527|4|receiver_state|search
INPUT|2371|33585638077|3|receiver_state|track
INPUT|2372|33585641086|5|receiver_state|track
INPUT|2373|33592000000|2|receiver_state|search
INPUT|2374|33592000000|7|receiver_state|search
INPUT|2375|33592000000|8|receiver_state|search
INPUT|2376|33592268077|3|sync|0
INPUT|2377|33592271086|5|sync|0
INPUT|2378|33600900000|2|receiver_state|idle
INPUT|2379|33600900000|7|receiver_state|idle
INPUT|2380|33600900000|8|receiver_state|idle
INPUT|2381|33678960000|1|sync|0
INPUT|2382|33678960000|1|receiver_state|search
INPUT|2383|33678968077|3|received|1|33.678968077|135.37565585291233|9
INPUT|2384|33678968077|3|cancel_ack|1|9|1|0
INPUT|2385|33678968077|3|sync|0
INPUT|2386|33678968077|3|receiver_state|search
INPUT|2387|33678971086|5|received|1|33.678971085999997|140.8759451711563|9
INPUT|2388|33678971086|5|cancel_ack|1|9|1|0
INPUT|2389|33678971086|5|cancel_ack|1|10|1|0
INPUT|2390|33678971086|5|sync|0
INPUT|2391|33678971086|5|receiver_state|search
INPUT|2392|33678983527|4|sync|0
INPUT|2393|33678983527|4|receiver_state|search
DRAW|2394|33722000000|3|31|0|31|31
TX|2395|33722000000|3|8|33|0|31|12|3
TXFRAME|33722000000|3|0|3|5|4|1|25|86
TXFRAME|33722000000|3|1|3|5|5|1|25|87
TXFRAME|33722000000|3|2|3|5|6|1|25|100
INPUT|2396|33722008077|1|sync|1
INPUT|2397|33722008077|1|receiver_state|search
INPUT|2398|33722019163|5|sync|1
INPUT|2399|33722019163|5|receiver_state|search
INPUT|2400|33728638077|1|receiver_state|track
INPUT|2401|33728649163|5|receiver_state|track
INPUT|2402|33735268077|1|sync|0
INPUT|2403|33735279163|5|sync|0
INPUT|2404|33821960000|3|sync|0
INPUT|2405|33821960000|3|receiver_state|search
INPUT|2406|33821968077|1|received|3|33.821968077000001|135.37565585291233|31
INPUT|2407|33821968077|1|sync|0
INPUT|2408|33821968077|1|receiver_state|search
INPUT|2409|33821979163|5|received|3|33.821979163000002|150.38302059636848|31
INPUT|2410|33821979163|5|cancel_ack|3|4|1|0
INPUT|2411|33821979163|5|cancel_ack|3|5|1|0
INPUT|2412|33821979163|5|cancel_ack|3|6|1|0
INPUT|2413|33821979163|5|sync|0
INPUT|2414|33821979163|5|receiver_state|search
DRAW|2415|33891000000|1|34|0|31|8
TX|2416|33891000000|1|8|33|0|8|9|3
TXFRAME|33891000000|1|0|1|5|9|1|25|84
TXFRAME|33891000000|1|1|1|3|9|1|25|92
TXFRAME|33891000000|1|2|1|5|10|1|25|97
INPUT|2417|33891008077|3|sync|1
INPUT|2418|33891008077|3|receiver_state|search
INPUT|2419|33891011086|5|sync|1
INPUT|2420|33891011086|5|receiver_state|search
INPUT|2421|33891023527|4|sync|0
INPUT|2422|33891023527|4|receiver_state|search
INPUT|2423|33897638077|3|receiver_state|track
INPUT|2424|33897641086|5|receiver_state|track
INPUT|2425|33904268077|3|sync|0
INPUT|2426|33904271086|5|sync|0
INPUT|2427|33990960000|1|sync|0
INPUT|2428|33990960000|1|receiver_state|search
INPUT|2429|33990968077|3|received|1|33.990968076999998|135.37565585291233|8
INPUT|2430|33990968077|3|cancel_ack|1|9|1|0
INPUT|2431|33990968077|3|sync|0
INPUT|2432|33990968077|3|receiver_state|search
INPUT|2433|33990971086|5|received|1|33.990971086000002|140.8759451711563|8
INPUT|2434|33990971086|5|cancel_ack|1|9|1|0
INPUT|2435|33990971086|5|cancel_ack|1|10|1|0
INPUT|2436|33990971086|5|sync|0
INPUT|2437|33990971086|5|receiver_state|search
INPUT|2438|33990983527|4|sync|0
INPUT|2439|33990983527|4|receiver_state|search
DRAW|2440|34008000000|5|31|0|31|0
TX|2441|34008000000|5|8|33|0|0|27|2
TXFRAME|34008000000|5|0|5|3|5|1|25|93
TXFRAME|34008000000|5|1|5|3|6|1|25|94
INPUT|2442|34008011086|1|sync|1
INPUT|2443|34008011086|1|receiver_state|search
INPUT|2444|34008012444|4|sync|1
INPUT|2445|34008012444|4|receiver_state|search
INPUT|2446|34008019163|3|sync|1
INPUT|2447|34008019163|3|receiver_state|search
INPUT|2448|34014641086|1|receiver_state|track
INPUT|2449|34014642444|4|receiver_state|track
INPUT|2450|34014649163|3|receiver_state|track
INPUT|2451|34021271086|1|sync|0
INPUT|2452|34021272444|4|sync|0
INPUT|2453|34021279163|3|sync|0
INPUT|2454|34082460000|5|sync|0
INPUT|2455|34082460000|5|receiver_state|search
INPUT|2456|34082471086|1|received|5|34.082471085999998|140.8759451711563|0
INPUT|2457|34082471086|1|sync|0
INPUT|2458|34082471086|1|receiver_state|search
INPUT|2459|34082472444|4|received|5|34.082472443999997|142.88390553075294|0
INPUT|2460|34082472444|4|sync|0
INPUT|2461|34082472444|4|receiver_state|search
INPUT|2462|34082479163|3|received|5|34.082479163000002|150.38302059636848|0
INPUT|2463|34082479163|3|cancel_ack|5|5|1|0
INPUT|2464|34082479163|3|cancel_ack|5|6|1|0
INPUT|2465|34082479163|3|sync|0
INPUT|2466|34082479163|3|receiver_state|search
DRAW|2467|34086000000|5|32|0|31|30
TX|2468|34086000000|5|8|33|0|30|0|2
TXFRAME|34086000000|5|0|5|3|5|1|25|93
TXFRAME|34086000000|5|1|5|3|6|1|25|94
INPUT|2469|34086011086|1|sync|1
INPUT|2470|34086011086|1|receiver_state|search
INPUT|2471|34086012444|4|sync|1
INPUT|2472|34086012444|4|receiver_state|search
INPUT|2473|34086019163|3|sync|1
INPUT|2474|34086019163|3|receiver_state|search
INPUT|2475|34092641086|1|receiver_state|track
INPUT|2476|34092642444|4|receiver_state|track
INPUT|2477|34092649163|3|receiver_state|track
INPUT|2478|34099271086|1|sync|0
INPUT|2479|34099272444|4|sync|0
INPUT|2480|34099279163|3|sync|0
INPUT|2481|34160460000|5|sync|0
INPUT|2482|34160460000|5|receiver_state|search
INPUT|2483|34160471086|1|received|5|34.160471086000001|140.8759451711563|30
INPUT|2484|34160471086|1|sync|0
INPUT|2485|34160471086|1|receiver_state|search
INPUT|2486|34160472444|4|received|5|34.160472444|142.88390553075294|30
INPUT|2487|34160472444|4|sync|0
INPUT|2488|34160472444|4|receiver_state|search
INPUT|2489|34160479163|3|received|5|34.160479162999998|150.38302059636848|30
INPUT|2490|34160479163|3|cancel_ack|5|5|1|0
INPUT|2491|34160479163|3|cancel_ack|5|6|1|0
INPUT|2492|34160479163|3|sync|0
INPUT|2493|34160479163|3|receiver_state|search
DRAW|2494|34229000000|1|35|0|31|22
TX|2495|34229000000|1|8|33|0|22|8|3
TXFRAME|34229000000|1|0|1|5|9|1|25|84
TXFRAME|34229000000|1|1|1|3|9|1|25|92
TXFRAME|34229000000|1|2|1|5|10|1|25|97
INPUT|2496|34229008077|3|sync|1
INPUT|2497|34229008077|3|receiver_state|search
INPUT|2498|34229011086|5|sync|1
INPUT|2499|34229011086|5|receiver_state|search
INPUT|2500|34229023527|4|sync|0
INPUT|2501|34229023527|4|receiver_state|search
INPUT|2502|34235638077|3|receiver_state|track
INPUT|2503|34235641086|5|receiver_state|track
INPUT|2504|34242268077|3|sync|0
INPUT|2505|34242271086|5|sync|0
INPUT|2506|34328960000|1|sync|0
INPUT|2507|34328960000|1|receiver_state|search
INPUT|2508|34328968077|3|received|1|34.328968076999999|135.37565585291233|22
INPUT|2509|34328968077|3|cancel_ack|1|9|1|0
INPUT|2510|34328968077|3|sync|0
INPUT|2511|34328968077|3|receiver_state|search
INPUT|2512|34328971086|5|received|1|34.328971086000003|140.8759451711563|22
INPUT|2513|34328971086|5|cancel_ack|1|9|1|0
INPUT|2514|34328971086|5|cancel_ack|1|10|1|0
INPUT|2515|34328971086|5|sync|0
INPUT|2516|34328971086|5|receiver_state|search
INPUT|2517|34328983527|4|sync|0
INPUT|2518|34328983527|4|receiver_state|search
DRAW|2519|34541000000|3|32|0|31|20
TX|2520|34541000000|3|8|33|0|20|31|3
TXFRAME|34541000000|3|0|3|5|4|1|25|86
TXFRAME|34541000000|3|1|3|5|5|1|25|87
TXFRAME|34541000000|3|2|3|5|6|1|25|100
INPUT|2521|34541008077|1|sync|1
INPUT|2522|34541008077|1|receiver_state|search
INPUT|2523|34541019163|5|sync|1
INPUT|2524|34541019163|5|receiver_state|search
INPUT|2525|34547638077|1|receiver_state|track
INPUT|2526|34547649163|5|receiver_state|track
INPUT|2527|34554268077|1|sync|0
INPUT|2528|34554279163|5|sync|0
INPUT|2529|34580000000|2|receiver_state|search
INPUT|2530|34580000000|7|receiver_state|search
INPUT|2531|34580000000|8|receiver_state|search
INPUT|2532|34588900000|2|receiver_state|idle
INPUT|2533|34588900000|7|receiver_state|idle
INPUT|2534|34588900000|8|receiver_state|idle
INPUT|2535|34640960000|3|sync|0
INPUT|2536|34640960000|3|receiver_state|search
INPUT|2537|34640968077|1|received|3|34.640968076999997|135.37565585291233|20
INPUT|2538|34640968077|1|sync|0
INPUT|2539|34640968077|1|receiver_state|search
INPUT|2540|34640979163|5|received|3|34.640979162999997|150.38302059636848|20
INPUT|2541|34640979163|5|cancel_ack|3|4|1|0
INPUT|2542|34640979163|5|cancel_ack|3|5|1|0
INPUT|2543|34640979163|5|cancel_ack|3|6|1|0
INPUT|2544|34640979163|5|sync|0
INPUT|2545|34640979163|5|receiver_state|search
DRAW|2546|34710000000|1|36|0|31|20
TX|2547|34710000000|1|8|33|0|20|22|3
TXFRAME|34710000000|1|0|1|5|9|1|25|84
TXFRAME|34710000000|1|1|1|3|9|1|25|92
TXFRAME|34710000000|1|2|1|5|10|1|25|97
INPUT|2548|34710008077|3|sync|1
INPUT|2549|34710008077|3|receiver_state|search
INPUT|2550|34710011086|5|sync|1
INPUT|2551|34710011086|5|receiver_state|search
INPUT|2552|34710023527|4|sync|0
INPUT|2553|34710023527|4|receiver_state|search
INPUT|2554|34716638077|3|receiver_state|track
INPUT|2555|34716641086|5|receiver_state|track
INPUT|2556|34723268077|3|sync|0
INPUT|2557|34723271086|5|sync|0
INPUT|2558|34809960000|1|sync|0
INPUT|2559|34809960000|1|receiver_state|search
INPUT|2560|34809968077|3|received|1|34.809968077000001|135.37565585291233|20
INPUT|2561|34809968077|3|cancel_ack|1|9|1|0
INPUT|2562|34809968077|3|sync|0
INPUT|2563|34809968077|3|receiver_state|search
INPUT|2564|34809971086|5|received|1|34.809971085999997|140.8759451711563|20
INPUT|2565|34809971086|5|cancel_ack|1|9|1|0
INPUT|2566|34809971086|5|cancel_ack|1|10|1|0
INPUT|2567|34809971086|5|sync|0
INPUT|2568|34809971086|5|receiver_state|search
INPUT|2569|34809983527|4|sync|0
INPUT|2570|34809983527|4|receiver_state|search
DRAW|2571|34827000000|5|33|0|31|27
TX|2572|34827000000|5|8|33|0|27|30|2
TXFRAME|34827000000|5|0|5|3|5|1|25|93
TXFRAME|34827000000|5|1|5|3|6|1|25|94
INPUT|2573|34827011086|1|sync|1
INPUT|2574|34827011086|1|receiver_state|search
INPUT|2575|34827012444|4|sync|1
INPUT|2576|34827012444|4|receiver_state|search
INPUT|2577|34827019163|3|sync|1
INPUT|2578|34827019163|3|receiver_state|search
INPUT|2579|34833641086|1|receiver_state|track
INPUT|2580|34833642444|4|receiver_state|track
INPUT|2581|34833649163|3|receiver_state|track
INPUT|2582|34840271086|1|sync|0
INPUT|2583|34840272444|4|sync|0
INPUT|2584|34840279163|3|sync|0
INPUT|2585|34901460000|5|sync|0
INPUT|2586|34901460000|5|receiver_state|search
INPUT|2587|34901471086|1|received|5|34.901471086000001|140.8759451711563|27
INPUT|2588|34901471086|1|sync|0
INPUT|2589|34901471086|1|receiver_state|search
INPUT|2590|34901472444|4|received|5|34.901472443999999|142.88390553075294|27
INPUT|2591|34901472444|4|sync|0
INPUT|2592|34901472444|4|receiver_state|search
INPUT|2593|34901479163|3|received|5|34.901479162999998|150.38302059636848|27
INPUT|2594|34901479163|3|cancel_ack|5|5|1|0
INPUT|2595|34901479163|3|cancel_ack|5|6|1|0
INPUT|2596|34901479163|3|sync|0
INPUT|2597|34901479163|3|receiver_state|search
DRAW|2598|35061000000|3|33|0|31|28
TX|2599|35061000000|3|8|33|0|28|20|3
TXFRAME|35061000000|3|0|3|5|4|1|25|86
TXFRAME|35061000000|3|1|3|5|5|1|25|87
TXFRAME|35061000000|3|2|3|5|6|1|25|100
INPUT|2600|35061008077|1|sync|1
INPUT|2601|35061008077|1|receiver_state|search
INPUT|2602|35061019163|5|sync|1
INPUT|2603|35061019163|5|receiver_state|search
INPUT|2604|35067638077|1|receiver_state|track
INPUT|2605|35067649163|5|receiver_state|track
INPUT|2606|35074268077|1|sync|0
INPUT|2607|35074279163|5|sync|0
INPUT|2608|35160960000|3|sync|0
INPUT|2609|35160960000|3|receiver_state|search
INPUT|2610|35160968077|1|received|3|35.160968077|135.37565585291233|28
INPUT|2611|35160968077|1|sync|0
INPUT|2612|35160968077|1|receiver_state|search
INPUT|2613|35160979163|5|received|3|35.160979163|150.38302059636848|28
INPUT|2614|35160979163|5|cancel_ack|3|4|1|0
INPUT|2615|35160979163|5|cancel_ack|3|5|1|0
INPUT|2616|35160979163|5|cancel_ack|3|6|1|0
INPUT|2617|35160979163|5|sync|0
INPUT|2618|35160979163|5|receiver_state|search
DRAW|2619|35230000000|1|37|0|31|17
TX|2620|35230000000|1|8|33|0|17|20|2
TXFRAME|35230000000|1|0|1|3|9|1|25|92
TXFRAME|35230000000|1|1|1|5|10|1|25|97
INPUT|2621|35230008077|3|sync|1
INPUT|2622|35230008077|3|receiver_state|search
INPUT|2623|35230011086|5|sync|1
INPUT|2624|35230011086|5|receiver_state|search
INPUT|2625|35230023527|4|sync|0
INPUT|2626|35230023527|4|receiver_state|search
INPUT|2627|35236638077|3|receiver_state|track
INPUT|2628|35236641086|5|receiver_state|track
INPUT|2629|35243268077|3|sync|0
INPUT|2630|35243271086|5|sync|0
INPUT|2631|35304460000|1|sync|0
INPUT|2632|35304460000|1|receiver_state|search
INPUT|2633|35304468077|3|received|1|35.304468077000003|135.37565585291233|17
INPUT|2634|35304468077|3|cancel_ack|1|9|1|0
INPUT|2635|35304468077|3|sync|0
INPUT|2636|35304468077|3|receiver_state|search
INPUT|2637|35304471086|5|received|1|35.304471086|140.8759451711563|17
INPUT|2638|35304471086|5|cancel_ack|1|10|1|0
INPUT|2639|35304471086|5|sync|0
INPUT|2640|35304471086|5|receiver_state|search
INPUT|2641|35304483527|4|sync|0
INPUT|2642|35304483527|4|receiver_state|search
FRAME|101|5|5|16777215|6|4|7|0|0|0|0|0|0|8|1|33|-103|19|2|39||000005ffffff000607e0040108014afbfa000100100ab24f8e42d7678a315d4b0fb9b0c1b042a8911d143718eabd279567f44c4961bf4b2ea42a
INPUT|2643|35307731086|5|enqueue|16777215|7|0|101
DRAW|2644|35412000000|5|34|0|31|7
TX|2645|35412000000|5|8|33|1|7|27|3
TXFRAME|35412000000|5|0|5|3|5|1|25|93
TXFRAME|35412000000|5|1|5|3|6|1|25|94
TXFRAME|35412000000|5|2|5|16777215|6|4|19|101
INPUT|2646|35412011086|1|sync|1
INPUT|2647|35412011086|1|receiver_state|search
INPUT|2648|35412012444|4|sync|1
INPUT|2649|35412012444|4|receiver_state|search
INPUT|2650|35412019163|3|sync|1
INPUT|2651|35412019163|3|receiver_state|search
INPUT|2652|35418641086|1|receiver_state|track
INPUT|2653|35418642444|4|receiver_state|track
INPUT|2654|35418649163|3|receiver_state|track
INPUT|2655|35568000000|2|receiver_state|search
INPUT|2656|35568000000|7|receiver_state|search
INPUT|2657|35568000000|8|receiver_state|search
INPUT|2658|35576900000|2|receiver_state|idle
INPUT|2659|35576900000|7|receiver_state|idle
INPUT|2660|35576900000|8|receiver_state|idle
INPUT|2661|36417731086|1|sync|0
INPUT|2662|36417732444|4|sync|0
INPUT|2663|36417739163|3|sync|0
INPUT|2664|36498300000|5|sync|0
INPUT|2665|36498300000|5|receiver_state|search
INPUT|2666|36498311086|1|received|5|36.498311086000001|140.8759451711563|7
INPUT|2667|36498311086|1|active|3
INPUT|2668|36498311086|1|reported|3
INPUT|2669|36498311086|1|sync|0
INPUT|2670|36498311086|1|receiver_state|search
INPUT|2671|36498312444|4|received|5|36.498312444|142.88390553075294|7
INPUT|2672|36498312444|4|active|2
INPUT|2673|36498312444|4|cancel_type|5|8
FRAME|102|4|4|5|4|8|7|0|0|0|0|0|0|8|1|33|-103|18|9|7||00000400000500040760080008014afbfa00010010057497038f
INPUT|2674|36498312444|4|enqueue|5|7|0|102
INPUT|2675|36498312444|4|sync|0
INPUT|2676|36498312444|4|receiver_state|search
DRAW|2677|36498312444|4|5|0|31|14
INPUT|2678|36498319163|3|received|5|36.498319162999998|150.38302059636848|7
INPUT|2679|36498319163|3|cancel_ack|5|5|1|0
INPUT|2680|36498319163|3|cancel_ack|5|6|1|0
INPUT|2681|36498319163|3|active|3
INPUT|2682|36498319163|3|reported|3
INPUT|2683|36498319163|3|sync|0
INPUT|2684|36498319163|3|receiver_state|search
INPUT|2685|36556000000|2|receiver_state|search
INPUT|2686|36556000000|7|receiver_state|search
INPUT|2687|36556000000|8|receiver_state|search
INPUT|2688|36564900000|2|receiver_state|idle
INPUT|2689|36564900000|7|receiver_state|idle
INPUT|2690|36564900000|8|receiver_state|idle
DRAW|2691|36673000000|3|34|0|31|22
TX|2692|36673000000|3|8|33|0|22|28|1
TXFRAME|36673000000|3|0|3|5|6|1|25|100
INPUT|2693|36673008077|1|sync|1
INPUT|2694|36673008077|1|receiver_state|search
INPUT|2695|36673019163|5|sync|1
INPUT|2696|36673019163|5|receiver_state|search
INPUT|2697|36679638077|1|receiver_state|track
INPUT|2698|36679649163|5|receiver_state|track
DRAW|2699|36686000000|4|6|0|31|15
TX|2700|36686000000|4|8|33|0|15|14|1
TXFRAME|36686000000|4|0|4|5|4|8|18|102
INPUT|2701|36686012444|5|sync|1
INPUT|2702|36686013632|2|sync|1
INPUT|2703|36686013632|2|receiver_state|idle
INPUT|2704|36686023527|1|sync|1
INPUT|2705|36686268077|1|sync|0
INPUT|2706|36686279163|5|sync|1
INPUT|2707|36699272444|5|sync|0
INPUT|2708|36699273632|2|sync|0
INPUT|2709|36721960000|3|sync|0
INPUT|2710|36721960000|3|receiver_state|search
INPUT|2711|36721968077|1|received|3|36.721968077|135.37565585291233|22
INPUT|2712|36721968077|1|sync|0
INPUT|2713|36721968077|1|receiver_state|search
INPUT|2714|36721979163|5|received|3|36.721979163|150.38302059636848|22
INPUT|2715|36721979163|5|cancel_ack|3|6|1|0
INPUT|2716|36721979163|5|sync|0
INPUT|2717|36721979163|5|receiver_state|search
INPUT|2718|36727820000|4|sync|0
INPUT|2719|36727820000|4|receiver_state|search
INPUT|2720|36727832444|5|sync|0
INPUT|2721|36727832444|5|receiver_state|search
INPUT|2722|36727833632|2|sync|0
INPUT|2723|36727833632|2|receiver_state|idle
INPUT|2724|36727843527|1|sync|0
INPUT|2725|36727843527|1|receiver_state|search
INPUT|2726|37544000000|2|receiver_state|search
INPUT|2727|37544000000|7|receiver_state|search
INPUT|2728|37544000000|8|receiver_state|search
INPUT|2729|37552900000|2|receiver_state|idle
INPUT|2730|37552900000|7|receiver_state|idle
INPUT|2731|37552900000|8|receiver_state|idle
INPUT|2732|38532000000|2|receiver_state|search
INPUT|2733|38532000000|7|receiver_state|search
INPUT|2734|38532000000|8|receiver_state|search
INPUT|2735|38540900000|2|receiver_state|idle
INPUT|2736|38540900000|7|receiver_state|idle
INPUT|2737|38540900000|8|receiver_state|idle
INPUT|2738|39520000000|2|receiver_state|search
INPUT|2739|39520000000|7|receiver_state|search
INPUT|2740|39520000000|8|receiver_state|search
INPUT|2741|39528900000|2|receiver_state|idle
INPUT|2742|39528900000|7|receiver_state|idle
INPUT|2743|39528900000|8|receiver_state|idle
FRAME|103|5|5|1|11|6|7|1|0|0|0|0|0|8|1|33|-103|16|9|37|1:11|000005000001000b07f1060208014afbfa000101000001000b00100b000005000708fbfa030102ffffffffff0000000000000006000103ffffff00004087
INPUT|2744|40307731086|5|enqueue|1|7|1|103
FRAME|104|5|5|3|7|6|7|1|0|0|0|0|0|8|1|33|-103|16|9|37|3:7|000005000003000707f1060208014afbfa000101000003000700100c000005000808fbfa030102ffffffffff0000000000000007000103ffffff00001f87
INPUT|2745|40307731086|5|enqueue|3|7|1|104
FRAME|105|5|5|1|0|7|0|0|0|0|0|0|0|8|1|33|-103|31|4|19||00000500000100000020070008014afbfa00000500000100020000000002000003000001
INPUT|2746|40307731086|5|enqueue|1|0|0|105
FRAME|106|5|5|3|0|7|0|0|0|0|0|0|0|8|1|33|-103|31|4|13||00000500000300000020070008014afbfa00000500000300010000000000
INPUT|2747|40307731086|5|enqueue|3|0|0|106
DRAW|2748|40313000000|5|35|0|31|1
DRAW|2749|40339000000|5|36|0|31|29
TX|2750|40339000000|5|8|33|0|29|1|4
TXFRAME|40339000000|5|0|5|1|11|6|16|103
TXFRAME|40339000000|5|1|5|3|7|6|16|104
TXFRAME|40339000000|5|2|5|1|0|7|31|105
TXFRAME|40339000000|5|3|5|3|0|7|31|106
INPUT|2751|40339011086|1|sync|1
INPUT|2752|40339011086|1|receiver_state|search
INPUT|2753|40339012444|4|sync|1
INPUT|2754|40339012444|4|receiver_state|search
INPUT|2755|40339019163|3|sync|1
INPUT|2756|40339019163|3|receiver_state|search
INPUT|2757|40345641086|1|receiver_state|track
INPUT|2758|40345642444|4|receiver_state|track
INPUT|2759|40345649163|3|receiver_state|track
INPUT|2760|40352271086|1|sync|0
INPUT|2761|40352272444|4|sync|0
INPUT|2762|40352279163|3|sync|0
INPUT|2763|40458340000|5|sync|0
INPUT|2764|40458340000|5|receiver_state|search
INPUT|2765|40458351086|1|received|5|40.458351086|140.8759451711563|29
INPUT|2766|40458351086|1|active|3
INPUT|2767|40458351086|1|reported|3
FRAME|107|1|1|5|11|1|7|0|1|0|0|0|0|8|1|33|-103|25|4|0||000001000005000b0722010008014afbfa
INPUT|2768|40458351086|1|enqueue|5|7|0|107
FRAME|108|1|1|3|0|7|0|0|0|0|0|0|0|8|1|33|-103|31|4|13||00000100000300000020070008014afbfa00000100000300010000000000
INPUT|2769|40458351086|1|enqueue|3|0|0|108
INPUT|2770|40458351086|1|sync|0
INPUT|2771|40458351086|1|receiver_state|search
DRAW|2772|40458351086|1|38|0|31|18
FRAME|109|1|1|5|9|6|7|1|0|0|0|0|0|8|1|33|-103|79|9|100|5:9|000001000005000907f1060208014afbfa000101000005000900100d000001000908fbfa030202ffffffffff0000000000000008000102ffffff00000000000800010400080080fe98014a0078008c0000000002000001020000000000000200000301000100000e030000030200000501000100001d1a000005007008
INPUT|2773|40458351086|1|enqueue|5|7|1|109
INPUT|2774|40458352444|4|received|5|40.458352443999999|142.88390553075294|29
INPUT|2775|40458352444|4|sync|0
INPUT|2776|40458352444|4|receiver_state|search
INPUT|2777|40458359163|3|received|5|40.458359162999997|150.38302059636848|29
INPUT|2778|40458359163|3|active|3
INPUT|2779|40458359163|3|reported|3
FRAME|110|3|3|5|7|1|7|0|1|0|0|0|0|8|1|33|-103|25|4|0||00000300000500070722010008014afbfa
INPUT|2780|40458359163|3|enqueue|5|7|0|110
INPUT|2781|40458359163|3|sync|0
INPUT|2782|40458359163|3|receiver_state|search
DRAW|2783|40458359163|3|35|0|31|1
FRAME|111|3|3|5|7|6|7|1|0|0|0|0|0|8|1|33|-103|79|9|100|5:7|000003000005000707f1060208014afbfa0001010000050007001008000003000708fbfa030102ffffffffff0000000000000006000102ffffff00000000000600010400080080fe98014a0078008c0000000002000003010000000000000200000102000100000e030000010200000501000100001d1a000005004cf9
INPUT|2784|40458359163|3|enqueue|5|7|1|111
FRAME|112|3|3|16777215|7|4|7|0|0|0|0|0|0|8|1|33|-103|19|2|39||000003ffffff000707e0040108014afbfa0001001009223d8c26888a6432fac568738af81f59a04ca32ac52c70b7b8076254b79359c2380a5c87
INPUT|2785|40458359163|3|enqueue|16777215|7|0|112
DRAW|2786|40482000000|3|36|0|31|29
TX|2787|40482000000|3|8|33|1|29|1|3
TXFRAME|40482000000|3|0|3|5|7|1|25|110
TXFRAME|40482000000|3|1|3|5|7|6|79|111
TXFRAME|40482000000|3|2|3|16777215|7|4|19|112
INPUT|2788|40482008077|1|sync|1
INPUT|2789|40482008077|1|receiver_state|search
INPUT|2790|40482019163|5|sync|1
INPUT|2791|40482019163|5|receiver_state|search
INPUT|2792|40488638077|1|receiver_state|track
INPUT|2793|40488649163|5|receiver_state|track
INPUT|2794|40508000000|2|receiver_state|search
INPUT|2795|40508000000|7|receiver_state|search
INPUT|2796|40508000000|8|receiver_state|search
INPUT|2797|40516900000|2|receiver_state|idle
INPUT|2798|40516900000|7|receiver_state|idle
INPUT|2799|40516900000|8|receiver_state|idle
INPUT|2800|41487728077|1|sync|0
INPUT|2801|41487739163|5|sync|0
INPUT|2802|41496000000|2|receiver_state|search
INPUT|2803|41496000000|7|receiver_state|search
INPUT|2804|41496000000|8|receiver_state|search
INPUT|2805|41498312444|4|cancel_type|5|8
FRAME|113|4|4|5|5|8|7|0|0|0|0|0|0|8|1|33|-103|18|9|7||00000400000500050760080008014afbfa0001001006c762e118
INPUT|2806|41498312444|4|enqueue|5|7|0|113
INPUT|2807|41504900000|2|receiver_state|idle
INPUT|2808|41504900000|7|receiver_state|idle
INPUT|2809|41504900000|8|receiver_state|idle
DRAW|2810|41509000000|4|7|0|31|25
INPUT|2811|41623380000|3|sync|0
INPUT|2812|41623380000|3|receiver_state|search
INPUT|2813|41623388077|1|received|3|41.623388077000001|135.37565585291233|29
INPUT|2814|41623388077|1|active|3
INPUT|2815|41623388077|1|reported|3
INPUT|2816|41623388077|1|sync|0
INPUT|2817|41623388077|1|receiver_state|search
INPUT|2818|41623399163|5|received|3|41.623399163000002|150.38302059636848|29
INPUT|2819|41623399163|5|cancel_ack|3|7|1|0
INPUT|2820|41623399163|5|active|3
INPUT|2821|41623399163|5|reported|3
FRAME|114|5|5|3|7|1|7|0|1|0|0|0|0|8|1|33|-103|25|4|0||00000500000300070722010008014afbfa
INPUT|2822|41623399163|5|enqueue|3|7|0|114
INPUT|2823|41623399163|5|active|3
INPUT|2824|41623399163|5|reported|3
INPUT|2825|41623399163|5|sync|0
INPUT|2826|41623399163|5|receiver_state|search
FRAME|115|1|1|3|10|5|7|1|0|0|0|0|0|8|1|33|-103|16|9|37||000001000003000a0761050008014afbfa0001001005000001000408fbfa03020300ffffffff00000001000000000001ffffffff00002cd1
INPUT|2827|41643388077|1|enqueue|3|7|1|115
FRAME|116|5|5|3|8|5|7|1|0|0|0|0|0|8|1|33|-103|16|9|37||00000500000300080761050008014afbfa0001001005000005000408fbfa03010300ffffffff00000001000000000001ffffffff0000a3fc
INPUT|2828|41643399163|5|enqueue|3|7|1|116
DRAW|2829|41834000000|1|39|0|31|2
TX|2830|41834000000|1|8|33|0|2|18|4
TXFRAME|41834000000|1|0|1|5|11|1|25|107
TXFRAME|41834000000|1|1|1|5|9|6|79|109
TXFRAME|41834000000|1|2|1|3|10|5|16|115
TXFRAME|41834000000|1|3|1|3|0|7|31|108
INPUT|2831|41834008077|3|sync|1
INPUT|2832|41834008077|3|receiver_state|search
INPUT|2833|41834011086|5|sync|1
INPUT|2834|41834011086|5|receiver_state|search
INPUT|2835|41834023527|4|sync|0
INPUT|2836|41834023527|4|receiver_state|search
INPUT|2837|41840638077|3|receiver_state|track
INPUT|2838|41840641086|5|receiver_state|track
DRAW|2839|41847000000|4|8|0|31|4
TX|2840|41847000000|4|8|33|0|4|25|1
TXFRAME|41847000000|4|0|4|5|5|8|18|113
INPUT|2841|41847012444|5|sync|1
INPUT|2842|41847013632|2|sync|1
INPUT|2843|41847013632|2|receiver_state|idle
INPUT|2844|41847023527|1|sync|0
INPUT|2845|41847268077|3|sync|0
INPUT|2846|41847271086|5|sync|1
INPUT|2847|41860272444|5|sync|0
INPUT|2848|41860273632|2|sync|0
INPUT|2849|41888820000|4|sync|0
INPUT|2850|41888820000|4|receiver_state|search
INPUT|2851|41888832444|5|sync|0
INPUT|2852|41888833632|2|sync|0
INPUT|2853|41888833632|2|receiver_state|idle
INPUT|2854|41888843527|1|sync|0
INPUT|2855|42011480000|1|sync|0
INPUT|2856|42011480000|1|receiver_state|search
INPUT|2857|42011488077|3|received|1|42.011488077000003|135.37565585291233|2
INPUT|2858|42011488077|3|active|3
INPUT|2859|42011488077|3|reported|3
FRAME|117|3|3|1|10|1|7|0|1|0|0|0|0|8|1|33|-103|25|4|0||000003000001000a0722010008014afbfa
INPUT|2860|42011488077|3|enqueue|1|7|0|117
INPUT|2861|42011488077|3|sync|0
INPUT|2862|42011488077|3|receiver_state|search
INPUT|2863|42011491086|5|received|1|42.011491085999999|140.8759451711563|2
INPUT|2864|42011491086|5|cancel_ack|1|11|1|0
INPUT|2865|42011491086|5|active|3
INPUT|2866|42011491086|5|reported|3
FRAME|118|5|5|1|9|1|7|0|1|0|0|0|0|8|1|33|-103|25|4|0||00000500000100090722010008014afbfa
INPUT|2867|42011491086|5|enqueue|1|7|0|118
INPUT|2868|42011491086|5|sync|0
INPUT|2869|42011491086|5|receiver_state|search
INPUT|2870|42011503527|4|sync|0
INPUT|2871|42011503527|4|receiver_state|search
DRAW|2872|42042000000|1|40|0|31|10
TX|2873|42042000000|1|8|33|0|10|2|1
TXFRAME|42042000000|1|0|1|5|11|1|25|107
INPUT|2874|42042008077|3|sync|1
INPUT|2875|42042008077|3|receiver_state|search
INPUT|2876|42042011086|5|sync|1
INPUT|2877|42042011086|5|receiver_state|search
INPUT|2878|42042023527|4|sync|0
INPUT|2879|42042023527|4|receiver_state|search
INPUT|2880|42048638077|3|receiver_state|track
INPUT|2881|42048641086|5|receiver_state|track
INPUT|2882|42055268077|3|sync|0
INPUT|2883|42055271086|5|sync|0
INPUT|2884|42090960000|1|sync|0
INPUT|2885|42090960000|1|receiver_state|search
INPUT|2886|42090968077|3|received|1|42.090968076999999|135.37565585291233|10
INPUT|2887|42090968077|3|sync|0
INPUT|2888|42090968077|3|receiver_state|search
INPUT|2889|42090971086|5|received|1|42.090971086000003|140.8759451711563|10
INPUT|2890|42090971086|5|cancel_ack|1|11|1|0
INPUT|2891|42090971086|5|sync|0
INPUT|2892|42090971086|5|receiver_state|search
INPUT|2893|42090983527|4|sync|0
INPUT|2894|42090983527|4|receiver_state|search
DRAW|2895|42185000000|5|37|0|31|7
TX|2896|42185000000|5|8|33|0|7|29|3
TXFRAME|42185000000|5|0|5|3|7|1|25|114
TXFRAME|42185000000|5|1|5|1|9|1|25|118
TXFRAME|42185000000|5|2|5|3|8|5|16|116
INPUT|2897|42185011086|1|sync|1
INPUT|2898|42185011086|1|receiver_state|search
INPUT|2899|42185012444|4|sync|1
INPUT|2900|42185012444|4|receiver_state|search
INPUT|2901|42185019163|3|sync|1
INPUT|2902|42185019163|3|receiver_state|search
INPUT|2903|42191641086|1|receiver_state|track
INPUT|2904|42191642444|4|receiver_state|track
INPUT|2905|42191649163|3|receiver_state|track
INPUT|2906|42198271086|1|sync|0
INPUT|2907|42198272444|4|sync|0
INPUT|2908|42198279163|3|sync|0
INPUT|2909|42275780000|5|sync|0
INPUT|2910|42275780000|5|receiver_state|search
INPUT|2911|42275791086|1|received|5|42.275791085999998|140.8759451711563|7
INPUT|2912|42275791086|1|cancel_ack|5|9|1|0
INPUT|2913|42275791086|1|sync|0
INPUT|2914|42275791086|1|receiver_state|search
INPUT|2915|42275792444|4|received|5|42.275792443999997|142.88390553075294|7
INPUT|2916|42275792444|4|sync|0
INPUT|2917|42275792444|4|receiver_state|search
INPUT|2918|42275799163|3|received|5|42.275799163000002|150.38302059636848|7
INPUT|2919|42275799163|3|cancel_ack|5|7|1|0
INPUT|2920|42275799163|3|active|3
INPUT|2921|42275799163|3|reported|3
FRAME|119|3|3|5|8|1|7|0|1|0|0|0|0|8|1|33|-103|25|4|0||00000300000500080722010008014afbfa
INPUT|2922|42275799163|3|enqueue|5|7|0|119
INPUT|2923|42275799163|3|sync|0
INPUT|2924|42275799163|3|receiver_state|search
DRAW|2925|42289000000|3|37|0|31|9
TX|2926|42289000000|3|8|33|0|9|29|3
TXFRAME|42289000000|3|0|3|5|7|1|25|110
TXFRAME|42289000000|3|1|3|1|10|1|25|117
TXFRAME|42289000000|3|2|3|5|8|1|25|119
INPUT|2927|42289008077|1|sync|1
INPUT|2928|42289008077|1|receiver_state|search
INPUT|2929|42289019163|5|sync|1
INPUT|2930|42289019163|5|receiver_state|search
INPUT|2931|42295638077|1|receiver_state|track
INPUT|2932|42295649163|5|receiver_state|track
INPUT|2933|42302268077|1|sync|0
INPUT|2934|42302279163|5|sync|0
INPUT|2935|42388960000|3|sync|0
INPUT|2936|42388960000|3|receiver_state|search
INPUT|2937|42388968077|1|received|3|42.388968077000001|135.37565585291233|9
INPUT|2938|42388968077|1|cancel_ack|3|10|1|0
INPUT|2939|42388968077|1|sync|0
INPUT|2940|42388968077|1|receiver_state|search
INPUT|2941|42388979163|5|received|3|42.388979163000002|150.38302059636848|9
INPUT|2942|42388979163|5|cancel_ack|3|7|1|0
INPUT|2943|42388979163|5|cancel_ack|3|8|1|0
INPUT|2944|42388979163|5|sync|0
INPUT|2945|42388979163|5|receiver_state|search
DRAW|2946|42393000000|1|41|0|31|19
TX|2947|42393000000|1|8|33|0|19|10|1
TXFRAME|42393000000|1|0|1|5|11|1|25|107
INPUT|2948|42393008077|3|sync|1
INPUT|2949|42393008077|3|receiver_state|search
INPUT|2950|42393011086|5|sync|1
INPUT|2951|42393011086|5|receiver_state|search
INPUT|2952|42393023527|4|sync|0
INPUT|2953|42393023527|4|receiver_state|search
INPUT|2954|42399638077|3|receiver_state|track
INPUT|2955|42399641086|5|receiver_state|track
INPUT|2956|42406268077|3|sync|0
INPUT|2957|42406271086|5|sync|0
INPUT|2958|42441960000|1|sync|0
INPUT|2959|42441960000|1|receiver_state|search
INPUT|2960|42441968077|3|received|1|42.441968076999999|135.37565585291233|19
INPUT|2961|42441968077|3|sync|0
INPUT|2962|42441968077|3|receiver_state|search
INPUT|2963|42441971086|5|received|1|42.441971086000002|140.8759451711563|19
INPUT|2964|42441971086|5|cancel_ack|1|11|1|0
INPUT|2965|42441971086|5|sync|0
INPUT|2966|42441971086|5|receiver_state|search
INPUT|2967|42441983527|4|sync|0
INPUT|2968|42441983527|4|receiver_state|search
INPUT|2969|42484000000|2|receiver_state|search
INPUT|2970|42484000000|7|receiver_state|search
INPUT|2971|42484000000|8|receiver_state|search
INPUT|2972|42492900000|2|receiver_state|idle
INPUT|2973|42492900000|7|receiver_state|idle
INPUT|2974|42492900000|8|receiver_state|idle
DRAW|2975|42497000000|5|38|0|31|8
TX|2976|42497000000|5|8|33|0|8|7|2
TXFRAME|42497000000|5|0|5|3|7|1|25|114
TXFRAME|42497000000|5|1|5|1|9|1|25|118
INPUT|2977|42497011086|1|sync|1
INPUT|2978|42497011086|1|receiver_state|search
INPUT|2979|42497012444|4|sync|1
INPUT|2980|42497012444|4|receiver_state|search
INPUT|2981|42497019163|3|sync|1
INPUT|2982|42497019163|3|receiver_state|search
INPUT|2983|42503641086|1|receiver_state|track
INPUT|2984|42503642444|4|receiver_state|track
INPUT|2985|42503649163|3|receiver_state|track
INPUT|2986|42510271086|1|sync|0
INPUT|2987|42510272444|4|sync|0
INPUT|2988|42510279163|3|sync|0
INPUT|2989|42571460000|5|sync|0
INPUT|2990|42571460000|5|receiver_state|search
INPUT|2991|42571471086|1|received|5|42.571471086000003|140.8759451711563|8
INPUT|2992|42571471086|1|cancel_ack|5|9|1|0
INPUT|2993|42571471086|1|sync|0
INPUT|2994|42571471086|1|receiver_state|search
INPUT|2995|42571472444|4|received|5|42.571472444000001|142.88390553075294|8
INPUT|2996|42571472444|4|sync|0
INPUT|2997|42571472444|4|receiver_state|search
INPUT|2998|42571479163|3|received|5|42.571479162999999|150.38302059636848|8
INPUT|2999|42571479163|3|cancel_ack|5|7|1|0
INPUT|3000|42571479163|3|sync|0
INPUT|3001|42571479163|3|receiver_state|search
DRAW|3002|42614000000|3|38|0|31|24
TX|3003|42614000000|3|8|33|0|24|9|3
TXFRAME|42614000000|3|0|3|5|7|1|25|110
TXFRAME|42614000000|3|1|3|1|10|1|25|117
TXFRAME|42614000000|3|2|3|5|8|1|25|119
INPUT|3004|42614008077|1|sync|1
INPUT|3005|42614008077|1|receiver_state|search
INPUT|3006|42614019163|5|sync|1
INPUT|3007|42614019163|5|receiver_state|search
INPUT|3008|42620638077|1|receiver_state|track
INPUT|3009|42620649163|5|receiver_state|track
INPUT|3010|42627268077|1|sync|0
INPUT|3011|42627279163|5|sync|0
INPUT|3012|42713960000|3|sync|0
INPUT|3013|42713960000|3|receiver_state|search
INPUT|3014|42713968077|1|received|3|42.713968076999997|135.37565585291233|24
INPUT|3015|42713968077|1|cancel_ack|3|10|1|0
INPUT|3016|42713968077|1|sync|0
INPUT|3017|42713968077|1|receiver_state|search
INPUT|3018|42713979163|5|received|3|42.713979162999998|150.38302059636848|24
INPUT|3019|42713979163|5|cancel_ack|3|7|1|0
INPUT|3020|42713979163|5|cancel_ack|3|8|1|0
INPUT|3021|42713979163|5|sync|0
INPUT|3022|42713979163|5|receiver_state|search
DRAW|3023|42770000000|5|39|0|31|31
TX|3024|42770000000|5|8|33|0|31|8|2
TXFRAME|42770000000|5|0|5|3|7|1|25|114
TXFRAME|42770000000|5|1|5|1|9|1|25|118
INPUT|3025|42770011086|1|sync|1
INPUT|3026|42770011086|1|receiver_state|search
INPUT|3027|42770012444|4|sync|1
INPUT|3028|42770012444|4|receiver_state|search
INPUT|3029|42770019163|3|sync|1
INPUT|3030|42770019163|3|receiver_state|search
INPUT|3031|42776641086|1|receiver_state|track
INPUT|3032|42776642444|4|receiver_state|track
INPUT|3033|42776649163|3|receiver_state|track
INPUT|3034|42783271086|1|sync|0
INPUT|3035|42783272444|4|sync|0
INPUT|3036|42783279163|3|sync|0
INPUT|3037|42844460000|5|sync|0
INPUT|3038|42844460000|5|receiver_state|search
INPUT|3039|42844471086|1|received|5|42.844471085999999|140.8759451711563|31
INPUT|3040|42844471086|1|cancel_ack|5|9|1|0
INPUT|3041|42844471086|1|sync|0
INPUT|3042|42844471086|1|receiver_state|search
INPUT|3043|42844472444|4|received|5|42.844472443999997|142.88390553075294|31
INPUT|3044|42844472444|4|sync|0
INPUT|3045|42844472444|4|receiver_state|search
INPUT|3046|42844479163|3|received|5|42.844479163000003|150.38302059636848|31
INPUT|3047|42844479163|3|cancel_ack|5|7|1|0
INPUT|3048|42844479163|3|sync|0
INPUT|3049|42844479163|3|receiver_state|search
DRAW|3050|42913000000|1|42|0|31|25
TX|3051|42913000000|1|8|33|0|26|19|1
TXFRAME|42913000000|1|0|1|5|11|1|25|107
INPUT|3052|42913008077|3|sync|1
INPUT|3053|42913008077|3|receiver_state|search
INPUT|3054|42913011086|5|sync|1
INPUT|3055|42913011086|5|receiver_state|search
INPUT|3056|42913023527|4|sync|0
INPUT|3057|42913023527|4|receiver_state|search
INPUT|3058|42919638077|3|receiver_state|track
INPUT|3059|42919641086|5|receiver_state|track
INPUT|3060|42926268077|3|sync|0
INPUT|3061|42926271086|5|sync|0
INPUT|3062|42961960000|1|sync|0
INPUT|3063|42961960000|1|receiver_state|search
INPUT|3064|42961968077|3|received|1|42.961968077000002|135.37565585291233|26
INPUT|3065|42961968077|3|sync|0
INPUT|3066|42961968077|3|receiver_state|search
INPUT|3067|42961971086|5|received|1|42.961971085999998|140.8759451711563|26
INPUT|3068|42961971086|5|cancel_ack|1|11|1|0
INPUT|3069|42961971086|5|sync|0
INPUT|3070|42961971086|5|receiver_state|search
INPUT|3071|42961983527|4|sync|0
INPUT|3072|42961983527|4|receiver_state|search
DRAW|3073|43134000000|3|39|0|31|13
TX|3074|43134000000|3|8|33|0|13|24|3
TXFRAME|43134000000|3|0|3|5|7|1|25|110
TXFRAME|43134000000|3|1|3|1|10|1|25|117
TXFRAME|43134000000|3|2|3|5|8|1|25|119
INPUT|3075|43134008077|1|sync|1
INPUT|3076|43134008077|1|receiver_state|search
INPUT|3077|43134019163|5|sync|0
INPUT|3078|43134019163|5|receiver_state|search
INPUT|3079|43140638077|1|receiver_state|track
INPUT|3080|43147268077|1|sync|0
INPUT|3081|43233960000|3|sync|0
INPUT|3082|43233960000|3|receiver_state|search
INPUT|3083|43233968077|1|received|3|43.233968077|135.37565585291233|13
INPUT|3084|43233968077|1|cancel_ack|3|10|1|0
INPUT|3085|43233968077|1|sync|0
INPUT|3086|43233968077|1|receiver_state|search
INPUT|3087|43233979163|5|sync|0
INPUT|3088|43233979163|5|receiver_state|search
DRAW|3089|43290000000|5|40|0|31|3
TX|3090|43290000000|5|8|33|0|3|31|2
TXFRAME|43290000000|5|0|5|3|7|1|25|114
TXFRAME|43290000000|5|1|5|1|9|1|25|118
INPUT|3091|43290011086|1|sync|1
INPUT|3092|43290011086|1|receiver_state|search
INPUT|3093|43290012444|4|sync|1
INPUT|3094|43290012444|4|receiver_state|search
INPUT|3095|43290019163|3|sync|1
INPUT|3096|43290019163|3|receiver_state|search
INPUT|3097|43296641086|1|receiver_state|track
INPUT|3098|43296642444|4|receiver_state|track
INPUT|3099|43296649163|3|receiver_state|track
INPUT|3100|43303271086|1|sync|0
INPUT|3101|43303272444|4|sync|0
INPUT|3102|43303279163|3|sync|0
INPUT|3103|43364460000|5|sync|0
INPUT|3104|43364460000|5|receiver_state|search
INPUT|3105|43364471086|1|received|5|43.364471086000002|140.8759451711563|3
INPUT|3106|43364471086|1|cancel_ack|5|9|1|0
INPUT|3107|43364471086|1|sync|0
INPUT|3108|43364471086|1|receiver_state|search
INPUT|3109|43364472444|4|received|5|43.364472444|142.88390553075294|3
INPUT|3110|43364472444|4|sync|0
INPUT|3111|43364472444|4|receiver_state|search
INPUT|3112|43364479163|3|received|5|43.364479162999999|150.38302059636848|3
INPUT|3113|43364479163|3|cancel_ack|5|7|1|0
INPUT|3114|43364479163|3|sync|0
INPUT|3115|43364479163|3|receiver_state|search
DRAW|3116|43407000000|5|41|0|31|3
TX|3117|43407000000|5|8|33|0|3|3|2
TXFRAME|43407000000|5|0|5|3|7|1|25|114
TXFRAME|43407000000|5|1|5|1|9|1|25|118
INPUT|3118|43407011086|1|sync|1
INPUT|3119|43407011086|1|receiver_state|search
INPUT|3120|43407012444|4|sync|1
INPUT|3121|43407012444|4|receiver_state|search
INPUT|3122|43407019163|3|sync|0
INPUT|3123|43407019163|3|receiver_state|search
INPUT|3124|43413641086|1|receiver_state|track
INPUT|3125|43413642444|4|receiver_state|track
INPUT|3126|43420271086|1|sync|0
INPUT|3127|43420272444|4|sync|0
INPUT|3128|43472000000|2|receiver_state|search
INPUT|3129|43472000000|7|receiver_state|search
INPUT|3130|43472000000|8|receiver_state|search
DRAW|3131|43472000000|3|40|0|31|29
TX|3132|43472000000|3|8|33|0|29|13|3
TXFRAME|43472000000|3|0|3|5|7|1|25|110
TXFRAME|43472000000|3|1|3|1|10|1|25|117
TXFRAME|43472000000|3|2|3|5|8|1|25|119
INPUT|3133|43472008077|1|sync|1
INPUT|3134|43472019163|5|sync|1
INPUT|3135|43480900000|2|receiver_state|idle
INPUT|3136|43480900000|7|receiver_state|idle
INPUT|3137|43480900000|8|receiver_state|idle
INPUT|3138|43481460000|5|sync|1
INPUT|3139|43481460000|5|receiver_state|search
INPUT|3140|43481471086|1|received|5|43.481471085999999|140.8759451711563|3
INPUT|3141|43481471086|1|cancel_ack|5|9|1|0
INPUT|3142|43481471086|1|sync|1
INPUT|3143|43481471086|1|receiver_state|search
INPUT|3144|43481472444|4|received|5|43.481472443999998|142.88390553075294|3
INPUT|3145|43481472444|4|sync|0
INPUT|3146|43481472444|4|receiver_state|search
INPUT|3147|43481479163|3|sync|0
INPUT|3148|43485268077|1|sync|0
INPUT|3149|43485279163|5|sync|0
DRAW|3150|43537000000|1|43|0|31|23
TX|3151|43537000000|1|8|33|0|23|26|1
TXFRAME|43537000000|1|0|1|5|11|1|25|107
INPUT|3152|43537008077|3|sync|1
INPUT|3153|43537011086|5|sync|1
INPUT|3154|43537011086|5|receiver_state|search
INPUT|3155|43537023527|4|sync|0
INPUT|3156|43537023527|4|receiver_state|search
INPUT|3157|43543641086|5|receiver_state|track
INPUT|3158|43550268077|3|sync|0
INPUT|3159|43550271086|5|sync|0
INPUT|3160|43571960000|3|sync|0
INPUT|3161|43571960000|3|receiver_state|search
INPUT|3162|43571968077|1|sync|0
INPUT|3163|43571979163|5|sync|0
INPUT|3164|43585960000|1|sync|0
INPUT|3165|43585960000|1|receiver_state|search
INPUT|3166|43585968077|3|sync|0
INPUT|3167|43585968077|3|receiver_state|search
INPUT|3168|43585971086|5|received|1|43.585971086000001|140.8759451711563|23
INPUT|3169|43585971086|5|cancel_ack|1|11|1|0
INPUT|3170|43585971086|5|sync|0
INPUT|3171|43585971086|5|receiver_state|search
INPUT|3172|43585983527|4|sync|0
INPUT|3173|43585983527|4|receiver_state|search
DRAW|3174|43953000000|3|41|0|31|29
TX|3175|43953000000|3|8|33|0|29|29|2
TXFRAME|43953000000|3|0|3|1|10|1|25|117
TXFRAME|43953000000|3|1|3|5|8|1|25|119
INPUT|3176|43953008077|1|sync|1
INPUT|3177|43953008077|1|receiver_state|search
INPUT|3178|43953019163|5|sync|1
INPUT|3179|43953019163|5|receiver_state|search
INPUT|3180|43959638077|1|receiver_state|track
INPUT|3181|43959649163|5|receiver_state|track
INPUT|3182|43966268077|1|sync|0
INPUT|3183|43966279163|5|sync|0
INPUT|3184|44027460000|3|sync|0
INPUT|3185|44027460000|3|receiver_state|search
INPUT|3186|44027468077|1|received|3|44.027468077000002|135.37565585291233|29
INPUT|3187|44027468077|1|cancel_ack|3|10|1|0
INPUT|3188|44027468077|1|sync|0
INPUT|3189|44027468077|1|receiver_state|search
INPUT|3190|44027479163|5|received|3|44.027479163000002|150.38302059636848|29
INPUT|3191|44027479163|5|cancel_ack|3|8|1|0
INPUT|3192|44027479163|5|sync|0
INPUT|3193|44027479163|5|receiver_state|search
INPUT|3194|44460000000|2|receiver_state|search
INPUT|3195|44460000000|7|receiver_state|search
INPUT|3196|44460000000|8|receiver_state|search
INPUT|3197|44468900000|2|receiver_state|idle
INPUT|3198|44468900000|7|receiver_state|idle
INPUT|3199|44468900000|8|receiver_state|idle
INPUT|3200|45448000000|2|receiver_state|search
INPUT|3201|45448000000|7|receiver_state|search
INPUT|3202|45448000000|8|receiver_state|search
INPUT|3203|45456900000|2|receiver_state|idle
INPUT|3204|45456900000|7|receiver_state|idle
INPUT|3205|45456900000|8|receiver_state|idle
FRAME|120|3|3|16777215|8|4|7|0|0|0|0|0|0|8|1|33|-103|19|2|39||000003ffffff000807e0040108014afbfa000100100aac7d0a7b504e2dc219f0a3c8dda58c2505e0f3a7110d9a93b0a0aac9c0919d108cc151a4
INPUT|3206|45458359163|3|enqueue|16777215|7|0|120
DRAW|3207|45461000000|3|42|0|31|8
DRAW|3208|45578000000|3|43|0|31|6
TX|3209|45578000000|3|8|33|1|6|8|1
TXFRAME|45578000000|3|0|3|16777215|8|4|19|120
INPUT|3210|45578008077|1|sync|1
INPUT|3211|45578008077|1|receiver_state|search
INPUT|3212|45578019163|5|sync|1
INPUT|3213|45578019163|5|receiver_state|search
INPUT|3214|45584638077|1|receiver_state|track
INPUT|3215|45584649163|5|receiver_state|track
INPUT|3216|46436000000|2|receiver_state|search
INPUT|3217|46436000000|7|receiver_state|search
INPUT|3218|46436000000|8|receiver_state|search
INPUT|3219|46444900000|2|receiver_state|idle
INPUT|3220|46444900000|7|receiver_state|idle
INPUT|3221|46444900000|8|receiver_state|idle
INPUT|3222|46583728077|1|sync|0
INPUT|3223|46583739163|5|sync|0
INPUT|3224|46613300000|3|sync|0
INPUT|3225|46613300000|3|receiver_state|search
INPUT|3226|46613308077|1|received|3|46.613308076999999|135.37565585291233|6
INPUT|3227|46613308077|1|active|3
INPUT|3228|46613308077|1|reported|3
INPUT|3229|46613308077|1|sync|0
INPUT|3230|46613308077|1|receiver_state|search
INPUT|3231|46613319163|5|received|3|46.613319163|150.38302059636848|6
INPUT|3232|46613319163|5|active|3
INPUT|3233|46613319163|5|reported|3
INPUT|3234|46613319163|5|sync|0
INPUT|3235|46613319163|5|receiver_state|search
INPUT|3236|47424000000|2|receiver_state|search
INPUT|3237|47424000000|7|receiver_state|search
INPUT|3238|47424000000|8|receiver_state|search
INPUT|3239|47432900000|2|receiver_state|idle
INPUT|3240|47432900000|7|receiver_state|idle
INPUT|3241|47432900000|8|receiver_state|idle
INPUT|3242|48412000000|2|receiver_state|search
INPUT|3243|48412000000|7|receiver_state|search
INPUT|3244|48412000000|8|receiver_state|search
INPUT|3245|48420900000|2|receiver_state|idle
INPUT|3246|48420900000|7|receiver_state|idle
INPUT|3247|48420900000|8|receiver_state|idle
INPUT|3248|49400000000|2|receiver_state|search
INPUT|3249|49400000000|7|receiver_state|search
INPUT|3250|49400000000|8|receiver_state|search
INPUT|3251|49408900000|2|receiver_state|idle
INPUT|3252|49408900000|7|receiver_state|idle
INPUT|3253|49408900000|8|receiver_state|idle
INPUT|3254|50388000000|2|receiver_state|search
INPUT|3255|50388000000|7|receiver_state|search
INPUT|3256|50388000000|8|receiver_state|search
INPUT|3257|50396900000|2|receiver_state|idle
INPUT|3258|50396900000|7|receiver_state|idle
INPUT|3259|50396900000|8|receiver_state|idle
FRAME|121|3|3|16777215|9|4|7|0|0|0|0|0|0|8|1|33|-103|19|2|39||000003ffffff000907e0040108014afbfa000100100bf1eb0b2c81f18074647e1cde9091ae8a698b506ee7a85de19b52c404f68ecf04302f8a96
INPUT|3260|50458359163|3|enqueue|16777215|7|0|121
DRAW|3261|50466000000|3|44|0|31|27
DRAW|3262|50830000000|3|45|0|31|21
TX|3263|50830000000|3|8|33|1|21|27|1
TXFRAME|50830000000|3|0|3|16777215|9|4|19|121
INPUT|3264|50830008077|1|sync|1
INPUT|3265|50830008077|1|receiver_state|search
INPUT|3266|50830019163|5|sync|1
INPUT|3267|50830019163|5|receiver_state|search
INPUT|3268|50836638077|1|receiver_state|track
INPUT|3269|50836649163|5|receiver_state|track
INPUT|3270|51376000000|2|receiver_state|search
INPUT|3271|51376000000|7|receiver_state|search
INPUT|3272|51376000000|8|receiver_state|search
INPUT|3273|51384900000|2|receiver_state|idle
INPUT|3274|51384900000|7|receiver_state|idle
INPUT|3275|51384900000|8|receiver_state|idle
INPUT|3276|51498312444|4|cancel_type|5|8
FRAME|122|4|4|5|6|8|7|0|0|0|0|0|0|8|1|33|-103|18|9|7||00000400000500060760080008014afbfa0001001007b1dd2348
INPUT|3277|51498312444|4|enqueue|5|7|0|122
DRAW|3278|51506000000|4|9|0|31|21
DRAW|3279|51792000000|4|10|0|31|29
TX|3280|51792000000|4|8|33|0|29|21|1
TXFRAME|51792000000|4|0|4|5|6|8|18|122
INPUT|3281|51792012444|5|sync|1
INPUT|3282|51792013632|2|sync|1
INPUT|3283|51792013632|2|receiver_state|idle
INPUT|3284|51792023527|1|sync|1
INPUT|3285|51805272444|5|sync|1
INPUT|3286|51805273632|2|sync|0
INPUT|3287|51833820000|4|sync|0
INPUT|3288|51833820000|4|receiver_state|search
INPUT|3289|51833832444|5|sync|1
INPUT|3290|51833833632|2|sync|0
INPUT|3291|51833833632|2|receiver_state|idle
INPUT|3292|51833843527|1|sync|1
INPUT|3293|51835728077|1|sync|0
INPUT|3294|51835739163|5|sync|0
INPUT|3295|51865300000|3|sync|0
INPUT|3296|51865300000|3|receiver_state|search
INPUT|3297|51865308077|1|received|3|51.865308077000002|135.37565585291233|21
INPUT|3298|51865308077|1|active|3
INPUT|3299|51865308077|1|reported|3
INPUT|3300|51865308077|1|sync|0
INPUT|3301|51865308077|1|receiver_state|search
INPUT|3302|51865319163|5|received|3|51.865319163000002|150.38302059636848|21
INPUT|3303|51865319163|5|active|3
INPUT|3304|51865319163|5|reported|3
INPUT|3305|51865319163|5|sync|0
INPUT|3306|51865319163|5|receiver_state|search
INPUT|3307|52364000000|2|receiver_state|search
INPUT|3308|52364000000|7|receiver_state|search
INPUT|3309|52364000000|8|receiver_state|search
INPUT|3310|52372900000|2|receiver_state|idle
INPUT|3311|52372900000|7|receiver_state|idle
INPUT|3312|52372900000|8|receiver_state|idle
INPUT|3313|53352000000|2|receiver_state|search
INPUT|3314|53352000000|7|receiver_state|search
INPUT|3315|53352000000|8|receiver_state|search
INPUT|3316|53360900000|2|receiver_state|idle
INPUT|3317|53360900000|7|receiver_state|idle
INPUT|3318|53360900000|8|receiver_state|idle
INPUT|3319|54340000000|2|receiver_state|search
INPUT|3320|54340000000|7|receiver_state|search
INPUT|3321|54340000000|8|receiver_state|search
INPUT|3322|54348900000|2|receiver_state|idle
INPUT|3323|54348900000|7|receiver_state|idle
INPUT|3324|54348900000|8|receiver_state|idle
INPUT|3325|55328000000|2|receiver_state|search
INPUT|3326|55328000000|7|receiver_state|search
INPUT|3327|55328000000|8|receiver_state|search
INPUT|3328|55336900000|2|receiver_state|idle
INPUT|3329|55336900000|7|receiver_state|idle
INPUT|3330|55336900000|8|receiver_state|idle
FRAME|123|3|3|1|10|6|7|1|0|0|0|0|0|8|1|33|-103|16|9|37|1:10|000003000001000a07f1060208014afbfa000101000001000a00100c000003000808fbfa030102ffffffffff0000000000000007000103ffffff0000d634
INPUT|3331|55458359163|3|enqueue|1|7|1|123
FRAME|124|3|3|5|8|6|7|1|0|0|0|0|0|8|1|33|-103|16|9|37|5:8|000003000005000807f1060208014afbfa000101000005000800100d000003000908fbfa030102ffffffffff0000000000000008000103ffffff000071cc
INPUT|3332|55458359163|3|enqueue|5|7|1|124
FRAME|125|3|3|5|0|7|0|0|0|0|0|0|0|8|1|33|-103|31|4|19||00000300000500000020070008014afbfa00000300000500020000000002000005000001
INPUT|3333|55458359163|3|enqueue|5|0|0|125
FRAME|126|3|3|1|0|7|0|0|0|0|0|0|0|8|1|33|-103|31|4|19||00000300000100000020070008014afbfa00000300000100020000000002000005000001
INPUT|3334|55458359163|3|enqueue|1|0|0|126
FRAME|127|3|3|1|0|7|0|0|0|0|0|0|0|8|1|33|-103|31|4|13||00000300000100000020070008014afbfa00000300000100010000000000
INPUT|3335|55458359163|3|enqueue|1|0|0|127
DRAW|3336|55471000000|3|46|0|31|7
DRAW|3337|55575000000|3|47|0|31|13
TX|3338|55575000000|3|8|33|0|13|7|5
TXFRAME|55575000000|3|0|3|1|10|6|16|123
TXFRAME|55575000000|3|1|3|5|8|6|16|124
TXFRAME|55575000000|3|2|3|5|0|7|31|125
TXFRAME|55575000000|3|3|3|1|0|7|31|126
TXFRAME|55575000000|3|4|3|1|0|7|31|127
INPUT|3339|55575008077|1|sync|1
INPUT|3340|55575008077|1|receiver_state|search
INPUT|3341|55575019163|5|sync|1
INPUT|3342|55575019163|5|receiver_state|search
INPUT|3343|55581638077|1|receiver_state|track
INPUT|3344|55581649163|5|receiver_state|track
INPUT|3345|55588268077|1|sync|0
INPUT|3346|55588279163|5|sync|0
INPUT|3347|55725960000|3|sync|0
INPUT|3348|55725960000|3|receiver_state|search
INPUT|3349|55725968077|1|received|3|55.725968076999997|135.37565585291233|13
INPUT|3350|55725968077|1|active|3
INPUT|3351|55725968077|1|reported|3
FRAME|128|1|1|3|10|1|7|0|1|0|0|0|0|8|1|33|-103|25|4|0||000001000003000a0722010008014afbfa
INPUT|3352|55725968077|1|enqueue|3|7|0|128
INPUT|3353|55725968077|1|sync|0
INPUT|3354|55725968077|1|receiver_state|search
DRAW|3355|55725968077|1|44|0|31|14
FRAME|129|1|1|3|11|6|7|1|0|0|0|0|0|8|1|33|-103|79|9|100|3:11|000001000003000b07f1060208014afbfa000101000003000b00100e000001000a08fbfa030202ffffffffff0000000000000009000102ffffff00000000000900010400080080fe98014a0078008c0000000002000001020000000000000200000301000100000e030000030200000501000100001d1a00000500d545
INPUT|3356|55725968077|1|enqueue|3|7|1|129
FRAME|130|1|1|16777215|10|4|7|0|0|0|0|0|0|8|1|33|-103|19|2|39||000001ffffff000a07e0040108014afbfa000100100ffe9669ceb2f66eb4a2c373c25e3612ffcfe537aee7d0ecdfb4fe00c9a0ee672222336356
INPUT|3357|55725968077|1|enqueue|16777215|7|0|130
INPUT|3358|55725979163|5|received|3|55.725979162999998|150.38302059636848|13
INPUT|3359|55725979163|5|active|3
INPUT|3360|55725979163|5|reported|3
FRAME|131|5|5|3|8|1|7|0|1|0|0|0|0|8|1|33|-103|25|4|0||00000500000300080722010008014afbfa
INPUT|3361|55725979163|5|enqueue|3|7|0|131
INPUT|3362|55725979163|5|sync|0
INPUT|3363|55725979163|5|receiver_state|search
DRAW|3364|55725979163|5|42|0|31|2
FRAME|132|5|5|3|9|6|7|1|0|0|0|0|0|8|1|33|-103|79|9|100|3:9|000005000003000907f1060208014afbfa000101000003000900100d000005000908fbfa030102ffffffffff0000000000000008000102ffffff00000000000800010400080080fe98014a0078008c0000000002000005010000000000000200000102000100001d1a0000010200000301000100001d1a0000030054ab
INPUT|3365|55725979163|5|enqueue|3|7|1|132
DRAW|3366|55757000000|5|43|0|31|0
TX|3367|55757000000|5|8|33|0|0|2|2
TXFRAME|55757000000|5|0|5|3|8|1|25|131
TXFRAME|55757000000|5|1|5|3|9|6|79|132
INPUT|3368|55757011086|1|sync|1
INPUT|3369|55757011086|1|receiver_state|search
INPUT|3370|55757012444|4|sync|1
INPUT|3371|55757012444|4|receiver_state|search
INPUT|3372|55757019163|3|sync|1
INPUT|3373|55757019163|3|receiver_state|search
INPUT|3374|55763641086|1|receiver_state|track
INPUT|3375|55763642444|4|receiver_state|track
INPUT|3376|55763649163|3|receiver_state|track
INPUT|3377|55770271086|1|sync|0
INPUT|3378|55770272444|4|sync|0
INPUT|3379|55770279163|3|sync|0
INPUT|3380|55886540000|5|sync|0
INPUT|3381|55886540000|5|receiver_state|search
INPUT|3382|55886551086|1|received|5|55.886551085999997|140.8759451711563|0
INPUT|3383|55886551086|1|sync|0
INPUT|3384|55886551086|1|receiver_state|search
INPUT|3385|55886552444|4|received|5|55.886552444000003|142.88390553075294|0
INPUT|3386|55886552444|4|sync|0
INPUT|3387|55886552444|4|receiver_state|search
INPUT|3388|55886559163|3|received|5|55.886559163000001|150.38302059636848|0
INPUT|3389|55886559163|3|cancel_ack|5|8|1|0
INPUT|3390|55886559163|3|active|3
INPUT|3391|55886559163|3|reported|3
FRAME|133|3|3|5|9|1|7|0|1|0|0|0|0|8|1|33|-103|25|4|0||00000300000500090722010008014afbfa
INPUT|3392|55886559163|3|enqueue|5|7|0|133
INPUT|3393|55886559163|3|sync|0
INPUT|3394|55886559163|3|receiver_state|search
DRAW|3395|55887000000|5|44|0|31|22
TX|3396|55887000000|5|8|33|0|22|0|1
TXFRAME|55887000000|5|0|5|3|8|1|25|131
INPUT|3397|55887011086|1|sync|1
INPUT|3398|55887011086|1|receiver_state|search
INPUT|3399|55887012444|4|sync|1
INPUT|3400|55887012444|4|receiver_state|search
INPUT|3401|55887019163|3|sync|1
INPUT|3402|55887019163|3|receiver_state|search
INPUT|3403|55893641086|1|receiver_state|track
INPUT|3404|55893642444|4|receiver_state|track
INPUT|3405|55893649163|3|receiver_state|track
INPUT|3406|55900271086|1|sync|0
INPUT|3407|55900272444|4|sync|0
INPUT|3408|55900279163|3|sync|0
INPUT|3409|55935960000|5|sync|0
INPUT|3410|55935960000|5|receiver_state|search
INPUT|3411|55935971086|1|received|5|55.935971086000002|140.8759451711563|22
INPUT|3412|55935971086|1|sync|0
INPUT|3413|55935971086|1|receiver_state|search
INPUT|3414|55935972444|4|received|5|55.935972444000001|142.88390553075294|22
INPUT|3415|55935972444|4|sync|0
INPUT|3416|55935972444|4|receiver_state|search
INPUT|3417|55935979163|3|received|5|55.935979162999999|150.38302059636848|22
INPUT|3418|55935979163|3|cancel_ack|5|8|1|0
INPUT|3419|55935979163|3|sync|0
INPUT|3420|55935979163|3|receiver_state|search
DRAW|3421|56056000000|3|48|0|31|27
TX|3422|56056000000|3|8|33|0|27|13|1
TXFRAME|56056000000|3|0|3|5|9|1|25|133
INPUT|3423|56056008077|1|sync|1
INPUT|3424|56056008077|1|receiver_state|search
INPUT|3425|56056019163|5|sync|1
INPUT|3426|56056019163|5|receiver_state|search
INPUT|3427|56062638077|1|receiver_state|track
INPUT|3428|56062649163|5|receiver_state|track
INPUT|3429|56069268077|1|sync|0
INPUT|3430|56069279163|5|sync|0
INPUT|3431|56104960000|3|sync|0
INPUT|3432|56104960000|3|receiver_state|search
INPUT|3433|56104968077|1|received|3|56.104968077000002|135.37565585291233|27
INPUT|3434|56104968077|1|sync|0
INPUT|3435|56104968077|1|receiver_state|search
INPUT|3436|56104979163|5|received|3|56.104979163000003|150.38302059636848|27
INPUT|3437|56104979163|5|cancel_ack|3|9|1|0
INPUT|3438|56104979163|5|sync|0
INPUT|3439|56104979163|5|receiver_state|search
DRAW|3440|56108000000|1|45|0|31|17
TX|3441|56108000000|1|8|33|1|17|14|3
TXFRAME|56108000000|1|0|1|3|10|1|25|128
TXFRAME|56108000000|1|1|1|3|11|6|79|129
TXFRAME|56108000000|1|2|1|16777215|10|4|19|130
INPUT|3442|56108008077|3|sync|1
INPUT|3443|56108008077|3|receiver_state|search
INPUT|3444|56108011086|5|sync|1
INPUT|3445|56108011086|5|receiver_state|search
INPUT|3446|56108023527|4|sync|0
INPUT|3447|56108023527|4|receiver_state|search
INPUT|3448|56114638077|3|receiver_state|track
INPUT|3449|56114641086|5|receiver_state|track
INPUT|3450|56316000000|2|receiver_state|search
INPUT|3451|56316000000|7|receiver_state|search
INPUT|3452|56316000000|8|receiver_state|search
INPUT|3453|56324900000|2|receiver_state|idle
INPUT|3454|56324900000|7|receiver_state|idle
INPUT|3455|56324900000|8|receiver_state|idle
INPUT|3456|57113728077|3|sync|0
INPUT|3457|57113731086|5|sync|0
INPUT|3458|57249380000|1|sync|0
INPUT|3459|57249380000|1|receiver_state|search
INPUT|3460|57249388077|3|received|1|57.249388076999999|135.37565585291233|17
INPUT|3461|57249388077|3|cancel_ack|1|10|1|0
INPUT|3462|57249388077|3|active|3
INPUT|3463|57249388077|3|reported|3
FRAME|134|3|3|1|11|1|7|0|1|0|0|0|0|8|1|33|-103|25|4|0||000003000001000b0722010008014afbfa
INPUT|3464|57249388077|3|enqueue|1|7|0|134
INPUT|3465|57249388077|3|active|3
INPUT|3466|57249388077|3|reported|3
INPUT|3467|57249388077|3|sync|0
INPUT|3468|57249388077|3|receiver_state|search
INPUT|3469|57249391086|5|received|1|57.249391086000003|140.8759451711563|17
INPUT|3470|57249391086|5|active|3
INPUT|3471|57249391086|5|reported|3
INPUT|3472|57249391086|5|sync|0
INPUT|3473|57249391086|5|receiver_state|search
INPUT|3474|57249403527|4|sync|0
INPUT|3475|57249403527|4|receiver_state|search
FRAME|135|3|3|1|11|5|7|1|0|0|0|0|0|8|1|33|-103|16|9|37||000003000001000b0761050008014afbfa0001001006000003000508fbfa03010300ffffffff00000002000000000001ffffffff0000f320
INPUT|3476|57269388077|3|enqueue|1|7|1|135
FRAME|136|5|5|1|12|5|7|1|0|0|0|0|0|8|1|33|-103|16|9|37||000005000001000c0761050008014afbfa0001001007000005000508fbfa03010300ffffffff00000002000000000001ffffffff0000d7a1
INPUT|3477|57269391086|5|enqueue|1|7|1|136
INPUT|3478|57304000000|2|receiver_state|search
INPUT|3479|57304000000|7|receiver_state|search
INPUT|3480|57304000000|8|receiver_state|search
INPUT|3481|57312900000|2|receiver_state|idle
INPUT|3482|57312900000|7|receiver_state|idle
INPUT|3483|57312900000|8|receiver_state|idle
DRAW|3484|57395000000|5|45|0|31|23
TX|3485|57395000000|5|8|33|0|23|22|2
TXFRAME|57395000000|5|0|5|3|8|1|25|131
TXFRAME|57395000000|5|1|5|1|12|5|16|136
INPUT|3486|57395011086|1|sync|1
INPUT|3487|57395011086|1|receiver_state|search
INPUT|3488|57395012444|4|sync|1
INPUT|3489|57395012444|4|receiver_state|search
INPUT|3490|57395019163|3|sync|1
INPUT|3491|57395019163|3|receiver_state|search
INPUT|3492|57401641086|1|receiver_state|track
INPUT|3493|57401642444|4|receiver_state|track
INPUT|3494|57401649163|3|receiver_state|track
INPUT|3495|57408271086|1|sync|0
INPUT|3496|57408272444|4|sync|0
INPUT|3497|57408279163|3|sync|0
INPUT|3498|57460280000|5|sync|0
INPUT|3499|57460280000|5|receiver_state|search
INPUT|3500|57460291086|1|received|5|57.460291085999998|140.8759451711563|23
INPUT|3501|57460291086|1|active|3
INPUT|3502|57460291086|1|reported|3
FRAME|137|1|1|5|12|1|7|0|1|0|0|0|0|8|1|33|-103|25|4|0||000001000005000c0722010008014afbfa
INPUT|3503|57460291086|1|enqueue|5|7|0|137
INPUT|3504|57460291086|1|sync|0
INPUT|3505|57460291086|1|receiver_state|search
INPUT|3506|57460292444|4|received|5|57.460292443999997|142.88390553075294|23
INPUT|3507|57460292444|4|sync|0
INPUT|3508|57460292444|4|receiver_state|search
INPUT|3509|57460299163|3|received|5|57.460299163000002|150.38302059636848|23
INPUT|3510|57460299163|3|cancel_ack|5|8|1|0
INPUT|3511|57460299163|3|sync|0
INPUT|3512|57460299163|3|receiver_state|search
DRAW|3513|57538000000|1|46|0|31|21
TX|3514|57538000000|1|8|33|0|21|17|2
TXFRAME|57538000000|1|0|1|3|10|1|25|128
TXFRAME|57538000000|1|1|1|5|12|1|25|137
INPUT|3515|57538008077|3|sync|1
INPUT|3516|57538008077|3|receiver_state|search
INPUT|3517|57538011086|5|sync|1
INPUT|3518|57538011086|5|receiver_state|search
INPUT|3519|57538023527|4|sync|0
INPUT|3520|57538023527|4|receiver_state|search
INPUT|3521|57544638077|3|receiver_state|track
INPUT|3522|57544641086|5|receiver_state|track
INPUT|3523|57551268077|3|sync|0
INPUT|3524|57551271086|5|sync|0
INPUT|3525|57612460000|1|sync|0
INPUT|3526|57612460000|1|receiver_state|search
INPUT|3527|57612468077|3|received|1|57.612468077000003|135.37565585291233|21
INPUT|3528|57612468077|3|cancel_ack|1|10|1|0
INPUT|3529|57612468077|3|sync|0
INPUT|3530|57612468077|3|receiver_state|search
INPUT|3531|57612471086|5|received|1|57.612471085999999|140.8759451711563|21
INPUT|3532|57612471086|5|cancel_ack|1|12|1|0
INPUT|3533|57612471086|5|sync|0
INPUT|3534|57612471086|5|receiver_state|search
INPUT|3535|57612483527|4|sync|0
INPUT|3536|57612483527|4|receiver_state|search
DRAW|3537|57720000000|3|49|0|31|9
TX|3538|57720000000|3|8|33|0|9|27|3
TXFRAME|57720000000|3|0|3|5|9|1|25|133
TXFRAME|57720000000|3|1|3|1|11|1|25|134
TXFRAME|57720000000|3|2|3|1|11|5|16|135
INPUT|3539|57720008077|1|sync|1
INPUT|3540|57720008077|1|receiver_state|search
INPUT|3541|57720019163|5|sync|0
INPUT|3542|57720019163|5|receiver_state|search
INPUT|3543|57726638077|1|receiver_state|track
INPUT|3544|57733268077|1|sync|0
INPUT|3545|57810780000|3|sync|0
INPUT|3546|57810780000|3|receiver_state|search
INPUT|3547|57810788077|1|received|3|57.810788076999998|135.37565585291233|9
INPUT|3548|57810788077|1|cancel_ack|3|11|1|0
INPUT|3549|57810788077|1|active|3
INPUT|3550|57810788077|1|reported|3
FRAME|138|1|1|3|11|1|7|0|1|0|0|0|0|8|1|33|-103|25|4|0||000001000003000b0722010008014afbfa
INPUT|3551|57810788077|1|enqueue|3|7|0|138
INPUT|3552|57810788077|1|sync|0
INPUT|3553|57810788077|1|receiver_state|search
INPUT|3554|57810799163|5|sync|0
INPUT|3555|57810799163|5|receiver_state|search
DRAW|3556|57837000000|5|46|0|31|9
TX|3557|57837000000|5|8|33|0|9|23|1
TXFRAME|57837000000|5|0|5|3|8|1|25|131
INPUT|3558|57837011086|1|sync|1
INPUT|3559|57837011086|1|receiver_state|search
INPUT|3560|57837012444|4|sync|1
INPUT|3561|57837012444|4|receiver_state|search
INPUT|3562|57837019163|3|sync|1
INPUT|3563|57837019163|3|receiver_state|search
INPUT|3564|57843641086|1|receiver_state|track
INPUT|3565|57843642444|4|receiver_state|track
INPUT|3566|57843649163|3|receiver_state|track
INPUT|3567|57850271086|1|sync|0
INPUT|3568|57850272444|4|sync|0
INPUT|3569|57850279163|3|sync|0
INPUT|3570|57885960000|5|sync|0
INPUT|3571|57885960000|5|receiver_state|search
INPUT|3572|57885971086|1|received|5|57.885971085999998|140.8759451711563|9
INPUT|3573|57885971086|1|sync|0
INPUT|3574|57885971086|1|receiver_state|search
INPUT|3575|57885972444|4|received|5|57.885972443999997|142.88390553075294|9
INPUT|3576|57885972444|4|sync|0
INPUT|3577|57885972444|4|receiver_state|search
INPUT|3578|57885979163|3|received|5|57.885979163000002|150.38302059636848|9
INPUT|3579|57885979163|3|cancel_ack|5|8|1|0
INPUT|3580|57885979163|3|sync|0
INPUT|3581|57885979163|3|receiver_state|search
DRAW|3582|57967000000|3|50|0|31|0
TX|3583|57967000000|3|8|33|0|0|9|2
TXFRAME|57967000000|3|0|3|5|9|1|25|133
TXFRAME|57967000000|3|1|3|1|11|1|25|134
INPUT|3584|57967008077|1|sync|1
INPUT|3585|57967008077|1|receiver_state|search
INPUT|3586|57967019163|5|sync|1
INPUT|3587|57967019163|5|receiver_state|search
INPUT|3588|57973638077|1|receiver_state|track
INPUT|3589|57973649163|5|receiver_state|track
INPUT|3590|57980268077|1|sync|0
INPUT|3591|57980279163|5|sync|0
INPUT|3592|58041460000|3|sync|0
INPUT|3593|58041460000|3|receiver_state|search
INPUT|3594|58041468077|1|received|3|58.041468076999998|135.37565585291233|0
INPUT|3595|58041468077|1|cancel_ack|3|11|1|0
INPUT|3596|58041468077|1|sync|0
INPUT|3597|58041468077|1|receiver_state|search
INPUT|3598|58041479163|5|received|3|58.041479162999998|150.38302059636848|0
INPUT|3599|58041479163|5|cancel_ack|3|9|1|0
INPUT|3600|58041479163|5|sync|0
INPUT|3601|58041479163|5|receiver_state|search
DRAW|3602|58045000000|3|51|0|31|31
TX|3603|58045000000|3|8|33|0|31|0|2
TXFRAME|58045000000|3|0|3|5|9|1|25|133
TXFRAME|58045000000|3|1|3|1|11|1|25|134
INPUT|3604|58045008077|1|sync|1
INPUT|3605|58045008077|1|receiver_state|search
INPUT|3606|58045019163|5|sync|1
INPUT|3607|58045019163|5|receiver_state|search
INPUT|3608|58051638077|1|receiver_state|track
INPUT|3609|58051649163|5|receiver_state|track
INPUT|3610|58058268077|1|sync|0
INPUT|3611|58058279163|5|sync|0
INPUT|3612|58119460000|3|sync|0
INPUT|3613|58119460000|3|receiver_state|search
INPUT|3614|58119468077|1|received|3|58.119468077000001|135.37565585291233|31
INPUT|3615|58119468077|1|cancel_ack|3|11|1|0
INPUT|3616|58119468077|1|sync|0
INPUT|3617|58119468077|1|receiver_state|search
INPUT|3618|58119479163|5|received|3|58.119479163000001|150.38302059636848|31
INPUT|3619|58119479163|5|cancel_ack|3|9|1|0
INPUT|3620|58119479163|5|sync|0
INPUT|3621|58119479163|5|receiver_state|search
DRAW|3622|58136000000|5|47|0|31|24
TX|3623|58136000000|5|8|33|0|24|9|1
TXFRAME|58136000000|5|0|5|3|8|1|25|131
DRAW|3624|58136000000|1|47|0|31|14
TX|3625|58136000000|1|8|33|0|14|21|3
TXFRAME|58136000000|1|0|1|3|10|1|25|128
TXFRAME|58136000000|1|1|1|5|12|1|25|137
TXFRAME|58136000000|1|2|1|3|11|1|25|138
INPUT|3626|58136008077|3|sync|1
INPUT|3627|58136008077|3|receiver_state|search
INPUT|3628|58136011086|1|sync|1
INPUT|3629|58136011086|5|sync|1
INPUT|3630|58136012444|4|sync|1
INPUT|3631|58136012444|4|receiver_state|search
INPUT|3632|58136019163|3|sync|1
INPUT|3633|58136019163|3|receiver_state|search
INPUT|3634|58136023527|4|sync|1
INPUT|3635|58136023527|4|receiver_state|search
INPUT|3636|58142638077|3|receiver_state|track
INPUT|3637|58142642444|4|receiver_state|track
INPUT|3638|58149268077|3|sync|1
INPUT|3639|58149271086|1|sync|0
INPUT|3640|58149271086|5|sync|0
INPUT|3641|58149272444|4|sync|0
INPUT|3642|58149279163|3|sync|0
INPUT|3643|58184960000|5|sync|0
INPUT|3644|58184960000|5|receiver_state|search
INPUT|3645|58184971086|1|sync|0
INPUT|3646|58184972444|4|received|5|58.184972444000003|142.88390553075294|24
INPUT|3647|58184972444|4|sync|0
INPUT|3648|58184972444|4|receiver_state|search
INPUT|3649|58184979163|3|sync|0
INPUT|3650|58235960000|1|sync|0
INPUT|3651|58235960000|1|receiver_state|search
INPUT|3652|58235968077|3|received|1|58.235968077000003|135.37565585291233|14
INPUT|3653|58235968077|3|cancel_ack|1|10|1|0
INPUT|3654|58235968077|3|cancel_ack|1|11|1|0
INPUT|3655|58235968077|3|sync|0
INPUT|3656|58235968077|3|receiver_state|search
INPUT|3657|58235971086|5|sync|0
INPUT|3658|58235971086|5|receiver_state|search
INPUT|3659|58235983527|4|sync|0
INPUT|3660|58235983527|4|receiver_state|search
INPUT|3661|58292000000|2|receiver_state|search
INPUT|3662|58292000000|7|receiver_state|search
INPUT|3663|58292000000|8|receiver_state|search
INPUT|3664|58300900000|2|receiver_state|idle
INPUT|3665|58300900000|7|receiver_state|idle
INPUT|3666|58300900000|8|receiver_state|idle
DRAW|3667|58422000000|1|48|0|31|22
TX|3668|58422000000|1|8|33|0|22|14|3
TXFRAME|58422000000|1|0|1|3|10|1|25|128
TXFRAME|58422000000|1|1|1|5|12|1|25|137
TXFRAME|58422000000|1|2|1|3|11|1|25|138
INPUT|3669|58422008077|3|sync|1
INPUT|3670|58422008077|3|receiver_state|search
INPUT|3671|58422011086|5|sync|1
INPUT|3672|58422011086|5|receiver_state|search
INPUT|3673|58422023527|4|sync|0
INPUT|3674|58422023527|4|receiver_state|search
INPUT|3675|58428638077|3|receiver_state|track
INPUT|3676|58428641086|5|receiver_state|track
INPUT|3677|58435268077|3|sync|0
INPUT|3678|58435271086|5|sync|0
INPUT|3679|58521960000|1|sync|0
INPUT|3680|58521960000|1|receiver_state|search
INPUT|3681|58521968077|3|received|1|58.521968076999997|135.37565585291233|22
INPUT|3682|58521968077|3|cancel_ack|1|10|1|0
INPUT|3683|58521968077|3|cancel_ack|1|11|1|0
INPUT|3684|58521968077|3|sync|0
INPUT|3685|58521968077|3|receiver_state|search
INPUT|3686|58521971086|5|received|1|58.521971086000001|140.8759451711563|22
INPUT|3687|58521971086|5|cancel_ack|1|12|1|0
INPUT|3688|58521971086|5|sync|0
INPUT|3689|58521971086|5|receiver_state|search
INPUT|3690|58521983527|4|sync|0
INPUT|3691|58521983527|4|receiver_state|search
DRAW|3692|58708000000|3|52|0|31|13
TX|3693|58708000000|3|8|33|0|13|31|2
TXFRAME|58708000000|3|0|3|5|9|1|25|133
TXFRAME|58708000000|3|1|3|1|11|1|25|134
INPUT|3694|58708008077|1|sync|1
INPUT|3695|58708008077|1|receiver_state|search
INPUT|3696|58708019163|5|sync|1
INPUT|3697|58708019163|5|receiver_state|search
INPUT|3698|58714638077|1|receiver_state|track
INPUT|3699|58714649163|5|receiver_state|track
INPUT|3700|58721268077|1|sync|0
INPUT|3701|58721279163|5|sync|0
INPUT|3702|58782460000|3|sync|0
INPUT|3703|58782460000|3|receiver_state|search
INPUT|3704|58782468077|1|received|3|58.782468076999997|135.37565585291233|13
INPUT|3705|58782468077|1|cancel_ack|3|11|1|0
INPUT|3706|58782468077|1|sync|0
INPUT|3707|58782468077|1|receiver_state|search
INPUT|3708|58782479163|5|received|3|58.782479162999998|150.38302059636848|13
INPUT|3709|58782479163|5|cancel_ack|3|9|1|0
INPUT|3710|58782479163|5|sync|0
INPUT|3711|58782479163|5|receiver_state|search
DRAW|3712|58877000000|1|49|0|31|16
TX|3713|58877000000|1|8|33|0|16|22|3
TXFRAME|58877000000|1|0|1|3|10|1|25|128
TXFRAME|58877000000|1|1|1|5|12|1|25|137
TXFRAME|58877000000|1|2|1|3|11|1|25|138
INPUT|3714|58877008077|3|sync|1
INPUT|3715|58877008077|3|receiver_state|search
INPUT|3716|58877011086|5|sync|1
INPUT|3717|58877011086|5|receiver_state|search
INPUT|3718|58877023527|4|sync|0
INPUT|3719|58877023527|4|receiver_state|search
INPUT|3720|58883638077|3|receiver_state|track
INPUT|3721|58883641086|5|receiver_state|track
INPUT|3722|58890268077|3|sync|0
INPUT|3723|58890271086|5|sync|0
INPUT|3724|58976960000|1|sync|0
INPUT|3725|58976960000|1|receiver_state|search
INPUT|3726|58976968077|3|received|1|58.976968077000002|135.37565585291233|16
INPUT|3727|58976968077|3|cancel_ack|1|10|1|0
INPUT|3728|58976968077|3|cancel_ack|1|11|1|0
INPUT|3729|58976968077|3|sync|0
INPUT|3730|58976968077|3|receiver_state|search
INPUT|3731|58976971086|5|received|1|58.976971085999999|140.8759451711563|16
INPUT|3732|58976971086|5|cancel_ack|1|12|1|0
INPUT|3733|58976971086|5|sync|0
INPUT|3734|58976971086|5|receiver_state|search
INPUT|3735|58976983527|4|sync|0
INPUT|3736|58976983527|4|receiver_state|search
DRAW|3737|59046000000|3|53|0|31|7
TX|3738|59046000000|3|8|33|0|7|13|1
TXFRAME|59046000000|3|0|3|1|11|1|25|134
INPUT|3739|59046008077|1|sync|1
INPUT|3740|59046008077|1|receiver_state|search
INPUT|3741|59046019163|5|sync|1
INPUT|3742|59046019163|5|receiver_state|search
INPUT|3743|59052638077|1|receiver_state|track
INPUT|3744|59052649163|5|receiver_state|track
INPUT|3745|59059268077|1|sync|0
INPUT|3746|59059279163|5|sync|0
INPUT|3747|59094960000|3|sync|0
INPUT|3748|59094960000|3|receiver_state|search
INPUT|3749|59094968077|1|received|3|59.094968076999997|135.37565585291233|7
INPUT|3750|59094968077|1|cancel_ack|3|11|1|0
INPUT|3751|59094968077|1|sync|0
INPUT|3752|59094968077|1|receiver_state|search
INPUT|3753|59094979163|5|received|3|59.094979162999998|150.38302059636848|7
INPUT|3754|59094979163|5|sync|0
INPUT|3755|59094979163|5|receiver_state|search
DRAW|3756|59228000000|1|50|0|31|22
TX|3757|59228000000|1|8|33|0|22|16|2
TXFRAME|59228000000|1|0|1|5|12|1|25|137
TXFRAME|59228000000|1|1|1|3|11|1|25|138
INPUT|3758|59228008077|3|sync|1
INPUT|3759|59228008077|3|receiver_state|search
INPUT|3760|59228011086|5|sync|1
INPUT|3761|59228011086|5|receiver_state|search
INPUT|3762|59228023527|4|sync|0
INPUT|3763|59228023527|4|receiver_state|search
INPUT|3764|59234638077|3|receiver_state|track
INPUT|3765|59234641086|5|receiver_state|track
INPUT|3766|59241268077|3|sync|0
INPUT|3767|59241271086|5|sync|0
INPUT|3768|59280000000|2|receiver_state|search
INPUT|3769|59280000000|7|receiver_state|search
INPUT|3770|59280000000|8|receiver_state|search
INPUT|3771|59288900000|2|receiver_state|idle
INPUT|3772|59288900000|7|receiver_state|idle
INPUT|3773|59288900000|8|receiver_state|idle
INPUT|3774|59302460000|1|sync|0
INPUT|3775|59302460000|1|receiver_state|search
INPUT|3776|59302468077|3|received|1|59.302468077|135.37565585291233|22
INPUT|3777|59302468077|3|cancel_ack|1|11|1|0
INPUT|3778|59302468077|3|sync|0
INPUT|3779|59302468077|3|receiver_state|search
INPUT|3780|59302471086|5|received|1|59.302471085999997|140.8759451711563|22
INPUT|3781|59302471086|5|cancel_ack|1|12|1|0
INPUT|3782|59302471086|5|sync|0
INPUT|3783|59302471086|5|receiver_state|search
INPUT|3784|59302483527|4|sync|0
INPUT|3785|59302483527|4|receiver_state|search
DRAW|3786|59592000000|1|51|0|31|5
TX|3787|59592000000|1|8|33|0|5|22|1
TXFRAME|59592000000|1|0|1|3|11|1|25|138
INPUT|3788|59592008077|3|sync|1
INPUT|3789|59592008077|3|receiver_state|search
INPUT|3790|59592011086|5|sync|1
INPUT|3791|59592011086|5|receiver_state|search
INPUT|3792|59592023527|4|sync|0
INPUT|3793|59592023527|4|receiver_state|search
INPUT|3794|59598638077|3|receiver_state|track
INPUT|3795|59598641086|5|receiver_state|track
INPUT|3796|59605268077|3|sync|0
INPUT|3797|59605271086|5|sync|0
INPUT|3798|59640960000|1|sync|0
INPUT|3799|59640960000|1|receiver_state|search
INPUT|3800|59640968077|3|received|1|59.640968076999997|135.37565585291233|5
INPUT|3801|59640968077|3|cancel_ack|1|11|1|0
INPUT|3802|59640968077|3|sync|0
INPUT|3803|59640968077|3|receiver_state|search
INPUT|3804|59640971086|5|received|1|59.640971086|140.8759451711563|5
INPUT|3805|59640971086|5|sync|0
INPUT|3806|59640971086|5|receiver_state|search
INPUT|3807|59640983527|4|sync|0
INPUT|3808|59640983527|4|receiver_state|search
INPUT|3809|60268000000|2|receiver_state|search
INPUT|3810|60268000000|7|receiver_state|search
INPUT|3811|60268000000|8|receiver_state|search
INPUT|3812|60276900000|2|receiver_state|idle
INPUT|3813|60276900000|7|receiver_state|idle
INPUT|3814|60276900000|8|receiver_state|idle
FRAME|139|1|1|16777215|11|4|7|0|0|0|0|0|0|8|1|33|-103|19|2|39||000001ffffff000b07e0040108014afbfa00010010106c69be426ba8a52798a7ad54bb6d21a6fc21d5d43c5f12cad8acd9cb5c947741cd1588ba
INPUT|3815|60725968077|1|enqueue|16777215|7|0|139
DRAW|3816|60736000000|1|52|0|31|9
DRAW|3817|60866000000|1|53|0|31|12
TX|3818|60866000000|1|8|33|1|12|9|1
TXFRAME|60866000000|1|0|1|16777215|11|4|19|139
INPUT|3819|60866008077|3|sync|1
INPUT|3820|60866008077|3|receiver_state|search
INPUT|3821|60866011086|5|sync|1
INPUT|3822|60866011086|5|receiver_state|search
INPUT|3823|60866023527|4|sync|0
INPUT|3824|60866023527|4|receiver_state|search
INPUT|3825|60872638077|3|receiver_state|track
INPUT|3826|60872641086|5|receiver_state|track
INPUT|3827|61256000000|2|receiver_state|search
INPUT|3828|61256000000|7|receiver_state|search
INPUT|3829|61256000000|8|receiver_state|search
INPUT|3830|61264900000|2|receiver_state|idle
INPUT|3831|61264900000|7|receiver_state|idle
INPUT|3832|61264900000|8|receiver_state|idle
INPUT|3833|61871728077|3|sync|0
INPUT|3834|61871731086|5|sync|0
INPUT|3835|61901300000|1|sync|0
INPUT|3836|61901300000|1|receiver_state|search
INPUT|3837|61901308077|3|received|1|61.901308077000003|135.37565585291233|12
INPUT|3838|61901308077|3|active|3
INPUT|3839|61901308077|3|reported|3
INPUT|3840|61901308077|3|sync|0
INPUT|3841|61901308077|3|receiver_state|search
INPUT|3842|61901311086|5|received|1|61.901311086|140.8759451711563|12
INPUT|3843|61901311086|5|active|3
INPUT|3844|61901311086|5|reported|3
INPUT|3845|61901311086|5|sync|0
INPUT|3846|61901311086|5|receiver_state|search
INPUT|3847|61901323527|4|sync|0
INPUT|3848|61901323527|4|receiver_state|search
INPUT|3849|62244000000|2|receiver_state|search
INPUT|3850|62244000000|7|receiver_state|search
INPUT|3851|62244000000|8|receiver_state|search
INPUT|3852|62252900000|2|receiver_state|idle
INPUT|3853|62252900000|7|receiver_state|idle
INPUT|3854|62252900000|8|receiver_state|idle
INPUT|3855|63232000000|2|receiver_state|search
INPUT|3856|63232000000|7|receiver_state|search
INPUT|3857|63232000000|8|receiver_state|search
INPUT|3858|63240900000|2|receiver_state|idle
INPUT|3859|63240900000|7|receiver_state|idle
INPUT|3860|63240900000|8|receiver_state|idle
INPUT|3861|64220000000|2|receiver_state|search
INPUT|3862|64220000000|7|receiver_state|search
INPUT|3863|64220000000|8|receiver_state|search
INPUT|3864|64228900000|2|receiver_state|idle
INPUT|3865|64228900000|7|receiver_state|idle
INPUT|3866|64228900000|8|receiver_state|idle
INPUT|3867|65208000000|2|receiver_state|search
INPUT|3868|65208000000|7|receiver_state|search
INPUT|3869|65208000000|8|receiver_state|search
INPUT|3870|65216900000|2|receiver_state|idle
INPUT|3871|65216900000|7|receiver_state|idle
INPUT|3872|65216900000|8|receiver_state|idle
FRAME|140|1|1|16777215|12|4|7|0|0|0|0|0|0|8|1|33|-103|19|2|39||000001ffffff000c07e0040108014afbfa000100101102f7afafdf8398b57270a1667a7c315bb198ea29151b654e5b1c700ebbe3082b6b34c9ac
INPUT|3873|65725968077|1|enqueue|16777215|7|0|140
DRAW|3874|65728000000|1|54|0|31|10
DRAW|3875|65871000000|1|55|0|31|4
TX|3876|65871000000|1|8|33|1|4|10|1
TXFRAME|65871000000|1|0|1|16777215|12|4|19|140
INPUT|3877|65871008077|3|sync|1
INPUT|3878|65871008077|3|receiver_state|search
INPUT|3879|65871011086|5|sync|1
INPUT|3880|65871011086|5|receiver_state|search
INPUT|3881|65871023527|4|sync|0
INPUT|3882|65871023527|4|receiver_state|search
INPUT|3883|65877638077|3|receiver_state|track
INPUT|3884|65877641086|5|receiver_state|track
INPUT|3885|66196000000|2|receiver_state|search
INPUT|3886|66196000000|7|receiver_state|search
INPUT|3887|66196000000|8|receiver_state|search
INPUT|3888|66204900000|2|receiver_state|idle
INPUT|3889|66204900000|7|receiver_state|idle
INPUT|3890|66204900000|8|receiver_state|idle
INPUT|3891|66876728077|3|sync|0
INPUT|3892|66876731086|5|sync|0
INPUT|3893|66906300000|1|sync|0
INPUT|3894|66906300000|1|receiver_state|search
INPUT|3895|66906308077|3|received|1|66.906308077000006|135.37565585291233|4
INPUT|3896|66906308077|3|active|3
INPUT|3897|66906308077|3|reported|3
INPUT|3898|66906308077|3|sync|0
INPUT|3899|66906308077|3|receiver_state|search
INPUT|3900|66906311086|5|received|1|66.906311086000002|140.8759451711563|4
INPUT|3901|66906311086|5|active|3
INPUT|3902|66906311086|5|reported|3
INPUT|3903|66906311086|5|sync|0
INPUT|3904|66906311086|5|receiver_state|search
INPUT|3905|66906323527|4|sync|0
INPUT|3906|66906323527|4|receiver_state|search
INPUT|3907|67184000000|2|receiver_state|search
INPUT|3908|67184000000|7|receiver_state|search
INPUT|3909|67184000000|8|receiver_state|search
INPUT|3910|67192900000|2|receiver_state|idle
INPUT|3911|67192900000|7|receiver_state|idle
INPUT|3912|67192900000|8|receiver_state|idle
INPUT|3913|68172000000|2|receiver_state|search
INPUT|3914|68172000000|7|receiver_state|search
INPUT|3915|68172000000|8|receiver_state|search
INPUT|3916|68180900000|2|receiver_state|idle
INPUT|3917|68180900000|7|receiver_state|idle
INPUT|3918|68180900000|8|receiver_state|idle
INPUT|3919|69160000000|2|receiver_state|search
INPUT|3920|69160000000|7|receiver_state|search
INPUT|3921|69160000000|8|receiver_state|search
INPUT|3922|69168900000|2|receiver_state|idle
INPUT|3923|69168900000|7|receiver_state|idle
INPUT|3924|69168900000|8|receiver_state|idle
INPUT|3925|70148000000|2|receiver_state|search
INPUT|3926|70148000000|7|receiver_state|search
INPUT|3927|70148000000|8|receiver_state|search
INPUT|3928|70156900000|2|receiver_state|idle
INPUT|3929|70156900000|7|receiver_state|idle
INPUT|3930|70156900000|8|receiver_state|idle
INPUT|3931|70333820000|4|receiver_state|idle
FRAME|141|1|1|3|12|6|7|1|0|0|0|0|0|8|1|33|-103|16|9|37|3:12|000001000003000c07f1060208014afbfa000101000003000c001012000001000b08fbfa030202ffffffffff000000000000000a000103ffffff0000852e
INPUT|3932|70725968077|1|enqueue|3|7|1|141
FRAME|142|1|1|5|10|6|7|1|0|0|0|0|0|8|1|33|-103|16|9|37|5:10|000001000005000a07f1060208014afbfa000101000005000a001013000001000c08fbfa030202ffffffffff000000000000000b000103ffffff000019c1
INPUT|3933|70725968077|1|enqueue|5|7|1|142
FRAME|143|1|1|3|0|7|0|0|0|0|0|0|0|8|1|33|-103|31|4|19||00000100000300000020070008014afbfa00000100000300020000000002000005000003
INPUT|3934|70725968077|1|enqueue|3|0|0|143
DRAW|3935|70733000000|1|56|0|31|9
DRAW|3936|70863000000|1|57|0|31|25
TX|3937|70863000000|1|8|33|0|25|9|3
TXFRAME|70863000000|1|0|1|3|12|6|16|141
TXFRAME|70863000000|1|1|1|5|10|6|16|142
TXFRAME|70863000000|1|2|1|3|0|7|31|143
INPUT|3938|70863008077|3|sync|1
INPUT|3939|70863008077|3|receiver_state|search
INPUT|3940|70863011086|5|sync|1
INPUT|3941|70863011086|5|receiver_state|search
INPUT|3942|70863023527|4|sync|0
INPUT|3943|70863023527|4|receiver_state|idle
INPUT|3944|70869638077|3|receiver_state|track
INPUT|3945|70869641086|5|receiver_state|track
INPUT|3946|70876268077|3|sync|0
INPUT|3947|70876271086|5|sync|0
INPUT|3948|70950720000|1|sync|0
INPUT|3949|70950720000|1|receiver_state|search
INPUT|3950|70950728077|3|received|1|70.950728076999994|135.37565585291233|25
INPUT|3951|70950728077|3|active|3
INPUT|3952|70950728077|3|reported|3
FRAME|144|3|3|1|12|1|7|0|1|0|0|0|0|8|1|33|-103|25|4|0||000003000001000c0722010008014afbfa
INPUT|3953|70950728077|3|enqueue|1|7|0|144
INPUT|3954|70950728077|3|sync|0
INPUT|3955|70950728077|3|receiver_state|search
DRAW|3956|70950728077|3|54|0|31|10
FRAME|145|3|3|1|12|6|7|1|0|0|0|0|0|8|1|33|-103|79|9|100|1:12|000003000001000c07f1060208014afbfa000101000001000c00100e000003000a08fbfa030102ffffffffff0000000000000009000102ffffff00000000000900010400080080fe98014a0078008c0000000002000003010000000000000200000102000100000e030000010200000501000100001d1a000005003e93
INPUT|3957|70950728077|3|enqueue|1|7|1|145
INPUT|3958|70950731086|5|received|1|70.950731086000005|140.8759451711563|25
INPUT|3959|70950731086|5|active|3
INPUT|3960|70950731086|5|reported|3
FRAME|146|5|5|1|10|1|7|0|1|0|0|0|0|8|1|33|-103|25|4|0||000005000001000a0722010008014afbfa
INPUT|3961|70950731086|5|enqueue|1|7|0|146
INPUT|3962|70950731086|5|sync|0
INPUT|3963|70950731086|5|receiver_state|search
DRAW|3964|70950731086|5|48|0|31|13
FRAME|147|5|5|1|13|6|7|1|0|0|0|0|0|8|1|33|-103|79|9|100|1:13|000005000001000d07f1060208014afbfa000101000001000d00100e000005000a08fbfa030102ffffffffff0000000000000009000102ffffff00000000000900010400080080fe98014a0078008c0000000002000005010000000000000200000102000100001d1a0000010200000301000100001d1a00000300aab9
INPUT|3965|70950731086|5|enqueue|1|7|1|147
INPUT|3966|70950743527|4|sync|0
INPUT|3967|70950743527|4|receiver_state|idle
DRAW|3968|71084000000|3|55|0|31|7
TX|3969|71084000000|3|8|33|0|7|10|2
TXFRAME|71084000000|3|0|3|1|12|1|25|144
TXFRAME|71084000000|3|1|3|1|12|6|79|145
INPUT|3970|71084008077|1|sync|1
INPUT|3971|71084008077|1|receiver_state|search
INPUT|3972|71084019163|5|sync|1
INPUT|3973|71084019163|5|receiver_state|search
INPUT|3974|71090638077|1|receiver_state|track
INPUT|3975|71090649163|5|receiver_state|track
INPUT|3976|71097268077|1|sync|0
INPUT|3977|71097279163|5|sync|0
INPUT|3978|71136000000|2|receiver_state|search
INPUT|3979|71136000000|4|receiver_state|search
INPUT|3980|71136000000|7|receiver_state|search
INPUT|3981|71136000000|8|receiver_state|search
INPUT|3982|71144900000|2|receiver_state|idle
INPUT|3983|71144900000|4|receiver_state|idle
INPUT|3984|71144900000|7|receiver_state|idle
INPUT|3985|71144900000|8|receiver_state|idle
INPUT|3986|71213540000|3|sync|0
INPUT|3987|71213540000|3|receiver_state|search
INPUT|3988|71213548077|1|received|3|71.213548076999999|135.37565585291233|7
INPUT|3989|71213548077|1|cancel_ack|3|12|1|0
INPUT|3990|71213548077|1|active|3
INPUT|3991|71213548077|1|reported|3
FRAME|148|1|1|3|12|1|7|0|1|0|0|0|0|8|1|33|-103|25|4|0||000001000003000c0722010008014afbfa
INPUT|3992|71213548077|1|enqueue|3|7|0|148
INPUT|3993|71213548077|1|sync|0
INPUT|3994|71213548077|1|receiver_state|search
INPUT|3995|71213559163|5|received|3|71.213559162999999|150.38302059636848|7
INPUT|3996|71213559163|5|sync|0
INPUT|3997|71213559163|5|receiver_state|search
DRAW|3998|71240000000|5|49|0|31|2
TX|3999|71240000000|5|8|33|0|2|13|2
TXFRAME|71240000000|5|0|5|1|10|1|25|146
TXFRAME|71240000000|5|1|5|1|13|6|79|147
INPUT|4000|71240011086|1|sync|1
INPUT|4001|71240011086|1|receiver_state|search
INPUT|4002|71240012444|4|sync|1
INPUT|4003|71240012444|4|receiver_state|idle
INPUT|4004|71240019163|3|sync|1
INPUT|4005|71240019163|3|receiver_state|search
INPUT|4006|71246641086|1|receiver_state|track
INPUT|4007|71246649163|3|receiver_state|track
INPUT|4008|71253271086|1|sync|0
INPUT|4009|71253272444|4|sync|0
INPUT|4010|71253279163|3|sync|0
INPUT|4011|71369540000|5|sync|0
INPUT|4012|71369540000|5|receiver_state|search
INPUT|4013|71369551086|1|received|5|71.369551086000001|140.8759451711563|2
INPUT|4014|71369551086|1|cancel_ack|5|10|1|0
INPUT|4015|71369551086|1|active|3
INPUT|4016|71369551086|1|reported|3
FRAME|149|1|1|5|13|1|7|0|1|0|0|0|0|8|1|33|-103|25|4|0||000001000005000d0722010008014afbfa
INPUT|4017|71369551086|1|enqueue|5|7|0|149
INPUT|4018|71369551086|1|sync|0
INPUT|4019|71369551086|1|receiver_state|search
INPUT|4020|71369552444|4|sync|0
INPUT|4021|71369552444|4|receiver_state|idle
INPUT|4022|71369559163|3|received|5|71.369559163000005|150.38302059636848|2
INPUT|4023|71369559163|3|sync|0
INPUT|4024|71369559163|3|receiver_state|search
DRAW|4025|71396000000|5|50|0|31|21
TX|4026|71396000000|5|8|33|0|21|2|1
TXFRAME|71396000000|5|0|5|1|10|1|25|146
INPUT|4027|71396011086|1|sync|1
INPUT|4028|71396011086|1|receiver_state|search
INPUT|4029|71396012444|4|sync|1
INPUT|4030|71396012444|4|receiver_state|idle
INPUT|4031|71396019163|3|sync|1
INPUT|4032|71396019163|3|receiver_state|search
INPUT|4033|71402641086|1|receiver_state|track
INPUT|4034|71402649163|3|receiver_state|track
INPUT|4035|71409271086|1|sync|0
INPUT|4036|71409272444|4|sync|0
INPUT|4037|71409279163|3|sync|0
INPUT|4038|71444960000|5|sync|0
INPUT|4039|71444960000|5|receiver_state|search
INPUT|4040|71444971086|1|received|5|71.444971085999995|140.8759451711563|21
INPUT|4041|71444971086|1|cancel_ack|5|10|1|0
INPUT|4042|71444971086|1|sync|0
INPUT|4043|71444971086|1|receiver_state|search
INPUT|4044|71444972444|4|sync|0
INPUT|4045|71444972444|4|receiver_state|idle
INPUT|4046|71444979163|3|received|5|71.444979162999999|150.38302059636848|21
INPUT|4047|71444979163|3|sync|0
INPUT|4048|71444979163|3|receiver_state|search
DRAW|4049|71461000000|3|56|0|31|31
TX|4050|71461000000|3|8|33|0|31|7|1
TXFRAME|71461000000|3|0|3|1|12|1|25|144
INPUT|4051|71461008077|1|sync|1
INPUT|4052|71461008077|1|receiver_state|search
INPUT|4053|71461019163|5|sync|1
INPUT|4054|71461019163|5|receiver_state|search
INPUT|4055|71467638077|1|receiver_state|track
INPUT|4056|71467649163|5|receiver_state|track
INPUT|4057|71474268077|1|sync|0
INPUT|4058|71474279163|5|sync|0
INPUT|4059|71498312444|4|cancel_type|5|8
FRAME|150|4|4|5|7|8|7|0|0|0|0|0|0|8|1|33|-103|18|9|7||00000400000500070760080008014afbfa00010010082d163005
INPUT|4060|71498312444|4|enqueue|5|7|0|150
DRAW|4061|71500000000|4|11|0|31|29
INPUT|4062|71509960000|3|sync|0
INPUT|4063|71509960000|3|receiver_state|search
INPUT|4064|71509968077|1|received|3|71.509968076999996|135.37565585291233|31
INPUT|4065|71509968077|1|cancel_ack|3|12|1|0
INPUT|4066|71509968077|1|sync|0
INPUT|4067|71509968077|1|receiver_state|search
INPUT|4068|71509979163|5|received|3|71.509979162999997|150.38302059636848|31
INPUT|4069|71509979163|5|sync|0
INPUT|4070|71509979163|5|receiver_state|search
DRAW|4071|71591000000|1|58|0|31|16
TX|4072|71591000000|1|8|33|0|16|25|2
TXFRAME|71591000000|1|0|1|3|12|1|25|148
TXFRAME|71591000000|1|1|1|5|13|1|25|149
INPUT|4073|71591008077|3|sync|1
INPUT|4074|71591008077|3|receiver_state|search
INPUT|4075|71591011086|5|sync|1
INPUT|4076|71591011086|5|receiver_state|search
INPUT|4077|71591023527|4|sync|0
INPUT|4078|71591023527|4|receiver_state|search
INPUT|4079|71597638077|3|receiver_state|track
INPUT|4080|71597641086|5|receiver_state|track
INPUT|4081|71604268077|3|sync|0
INPUT|4082|71604271086|5|sync|0
INPUT|4083|71665460000|1|sync|0
INPUT|4084|71665460000|1|receiver_state|search
INPUT|4085|71665468077|3|received|1|71.665468077|135.37565585291233|16
INPUT|4086|71665468077|3|cancel_ack|1|12|1|0
INPUT|4087|71665468077|3|sync|0
INPUT|4088|71665468077|3|receiver_state|search
INPUT|4089|71665471086|5|received|1|71.665471085999997|140.8759451711563|16
INPUT|4090|71665471086|5|cancel_ack|1|13|1|0
INPUT|4091|71665471086|5|sync|0
INPUT|4092|71665471086|5|receiver_state|search
INPUT|4093|71665483527|4|sync|0
INPUT|4094|71665483527|4|receiver_state|search
DRAW|4095|71825000000|5|51|0|31|5
TX|4096|71825000000|5|8|33|0|5|21|1
TXFRAME|71825000000|5|0|5|1|10|1|25|146
INPUT|4097|71825011086|1|sync|1
INPUT|4098|71825011086|1|receiver_state|search
INPUT|4099|71825012444|4|sync|1
INPUT|4100|71825012444|4|receiver_state|search
INPUT|4101|71825019163|3|sync|1
INPUT|4102|71825019163|3|receiver_state|search
INPUT|4103|71831641086|1|receiver_state|track
INPUT|4104|71831642444|4|receiver_state|track
INPUT|4105|71831649163|3|receiver_state|track
INPUT|4106|71838271086|1|sync|0
INPUT|4107|71838272444|4|sync|0
INPUT|4108|71838279163|3|sync|0
INPUT|4109|71873960000|5|sync|0
INPUT|4110|71873960000|5|receiver_state|search
INPUT|4111|71873971086|1|received|5|71.873971085999997|140.8759451711563|5
INPUT|4112|71873971086|1|cancel_ack|5|10|1|0
INPUT|4113|71873971086|1|sync|0
INPUT|4114|71873971086|1|receiver_state|search
INPUT|4115|71873972444|4|received|5|71.873972444000003|142.88390553075294|5
INPUT|4116|71873972444|4|sync|0
INPUT|4117|71873972444|4|receiver_state|search
INPUT|4118|71873979163|3|received|5|71.873979163000001|150.38302059636848|5
INPUT|4119|71873979163|3|sync|0
INPUT|4120|71873979163|3|receiver_state|search
DRAW|4121|71916000000|1|59|0|31|24
TX|4122|71916000000|1|8|33|0|24|16|2
TXFRAME|71916000000|1|0|1|3|12|1|25|148
TXFRAME|71916000000|1|1|1|5|13|1|25|149
INPUT|4123|71916008077|3|sync|1
INPUT|4124|71916008077|3|receiver_state|search
INPUT|4125|71916011086|5|sync|1
INPUT|4126|71916011086|5|receiver_state|search
INPUT|4127|71916023527|4|sync|0
INPUT|4128|71916023527|4|receiver_state|search
INPUT|4129|71922638077|3|receiver_state|track
INPUT|4130|71922641086|5|receiver_state|track
INPUT|4131|71929268077|3|sync|0
INPUT|4132|71929271086|5|sync|0
INPUT|4133|71990460000|1|sync|0
INPUT|4134|71990460000|1|receiver_state|search
INPUT|4135|71990468077|3|received|1|71.990468077000003|135.37565585291233|24
INPUT|4136|71990468077|3|cancel_ack|1|12|1|0
INPUT|4137|71990468077|3|sync|0
INPUT|4138|71990468077|3|receiver_state|search
INPUT|4139|71990471086|5|received|1|71.990471085999999|140.8759451711563|24
INPUT|4140|71990471086|5|cancel_ack|1|13|1|0
INPUT|4141|71990471086|5|sync|0
INPUT|4142|71990471086|5|receiver_state|search
INPUT|4143|71990483527|4|sync|0
INPUT|4144|71990483527|4|receiver_state|search
DRAW|4145|72007000000|5|52|0|31|23
TX|4146|72007000000|5|8|33|0|23|5|1
TXFRAME|72007000000|5|0|5|1|10|1|25|146
INPUT|4147|72007011086|1|sync|1
INPUT|4148|72007011086|1|receiver_state|search
INPUT|4149|72007012444|4|sync|1
INPUT|4150|72007012444|4|receiver_state|search
INPUT|4151|72007019163|3|sync|1
INPUT|4152|72007019163|3|receiver_state|search
INPUT|4153|72013641086|1|receiver_state|track
INPUT|4154|72013642444|4|receiver_state|track
INPUT|4155|72013649163|3|receiver_state|track
INPUT|4156|72020271086|1|sync|0
INPUT|4157|72020272444|4|sync|0
INPUT|4158|72020279163|3|sync|0
INPUT|4159|72055960000|5|sync|0
INPUT|4160|72055960000|5|receiver_state|search
INPUT|4161|72055971086|1|received|5|72.055971086|140.8759451711563|23
INPUT|4162|72055971086|1|cancel_ack|5|10|1|0
INPUT|4163|72055971086|1|sync|0
INPUT|4164|72055971086|1|receiver_state|search
INPUT|4165|72055972444|4|received|5|72.055972444000005|142.88390553075294|23
INPUT|4166|72055972444|4|sync|0
INPUT|4167|72055972444|4|receiver_state|search
INPUT|4168|72055979163|3|received|5|72.055979163000003|150.38302059636848|23
INPUT|4169|72055979163|3|sync|0
INPUT|4170|72055979163|3|receiver_state|search
INPUT|4171|72124000000|2|receiver_state|search
INPUT|4172|72124000000|7|receiver_state|search
INPUT|4173|72124000000|8|receiver_state|search
DRAW|4174|72124000000|3|57|0|31|29
TX|4175|72124000000|3|8|33|0|29|31|1
TXFRAME|72124000000|3|0|3|1|12|1|25|144
INPUT|4176|72124008077|1|sync|1
INPUT|4177|72124008077|1|receiver_state|search
INPUT|4178|72124019163|5|sync|1
INPUT|4179|72124019163|5|receiver_state|search
INPUT|4180|72130638077|1|receiver_state|track
INPUT|4181|72130649163|5|receiver_state|track
INPUT|4182|72132900000|2|receiver_state|idle
INPUT|4183|72132900000|7|receiver_state|idle
INPUT|4184|72132900000|8|receiver_state|idle
INPUT|4185|72137268077|1|sync|0
INPUT|4186|72137279163|5|sync|0
INPUT|4187|72172960000|3|sync|0
INPUT|4188|72172960000|3|receiver_state|search
INPUT|4189|72172968077|1|received|3|72.172968076999993|135.37565585291233|29
INPUT|4190|72172968077|1|cancel_ack|3|12|1|0
INPUT|4191|72172968077|1|sync|0
INPUT|4192|72172968077|1|receiver_state|search
INPUT|4193|72172979163|5|received|3|72.172979162999994|150.38302059636848|29
INPUT|4194|72172979163|5|sync|0
INPUT|4195|72172979163|5|receiver_state|search
DRAW|4196|72267000000|4|12|0|31|11
TX|4197|72267000000|4|8|33|0|11|29|1
TXFRAME|72267000000|4|0|4|5|7|8|18|150
INPUT|4198|72267012444|5|sync|1
INPUT|4199|72267012444|5|receiver_state|search
INPUT|4200|72267013632|2|sync|1
INPUT|4201|72267013632|2|receiver_state|idle
INPUT|4202|72267023527|1|sync|0
INPUT|4203|72267023527|1|receiver_state|search
INPUT|4204|72273642444|5|receiver_state|track
INPUT|4205|72280272444|5|sync|0
INPUT|4206|72280273632|2|sync|0
INPUT|4207|72308820000|4|sync|0
INPUT|4208|72308820000|4|receiver_state|search
INPUT|4209|72308832444|5|received|4|72.308832444000004|142.88390553075294|11
FRAME|151|5|5|4|1|9|7|1|0|0|0|0|0|8|1|33|-103|62|9|51||00000500000400010761090008014afbfa0001001002000145481fbea300b451e53e2e44194402328801ab452223853415e160a7165e924191e803177afc15e50508dadaab74
INPUT|4210|72308832444|5|enqueue|4|7|1|151
INPUT|4211|72308832444|5|sync|0
INPUT|4212|72308832444|5|receiver_state|search
INPUT|4213|72308833632|2|sync|0
INPUT|4214|72308833632|2|receiver_state|idle
INPUT|4215|72308843527|1|sync|0
INPUT|4216|72308843527|1|receiver_state|search
DRAW|4217|72384000000|1|60|0|31|16
TX|4218|72384000000|1|8|33|0|16|24|2
TXFRAME|72384000000|1|0|1|3|12|1|25|148
TXFRAME|72384000000|1|1|1|5|13|1|25|149
INPUT|4219|72384008077|3|sync|1
INPUT|4220|72384008077|3|receiver_state|search
INPUT|4221|72384011086|5|sync|1
INPUT|4222|72384011086|5|receiver_state|search
INPUT|4223|72384023527|4|sync|0
INPUT|4224|72384023527|4|receiver_state|search
INPUT|4225|72390638077|3|receiver_state|track
INPUT|4226|72390641086|5|receiver_state|track
INPUT|4227|72397268077|3|sync|0
INPUT|4228|72397271086|5|sync|0
INPUT|4229|72458460000|1|sync|0
INPUT|4230|72458460000|1|receiver_state|search
INPUT|4231|72458468077|3|received|1|72.458468077000006|135.37565585291233|16
INPUT|4232|72458468077|3|cancel_ack|1|12|1|0
INPUT|4233|72458468077|3|sync|0
INPUT|4234|72458468077|3|receiver_state|search
INPUT|4235|72458471086|5|received|1|72.458471086000003|140.8759451711563|16
INPUT|4236|72458471086|5|cancel_ack|1|13|1|0
INPUT|4237|72458471086|5|sync|0
INPUT|4238|72458471086|5|receiver_state|search
INPUT|4239|72458483527|4|sync|0
INPUT|4240|72458483527|4|receiver_state|search
DRAW|4241|72501000000|5|53|0|31|5
TX|4242|72501000000|5|8|33|0|5|23|2
TXFRAME|72501000000|5|0|5|1|10|1|25|146
TXFRAME|72501000000|5|1|5|4|1|9|62|151
INPUT|4243|72501011086|1|sync|1
INPUT|4244|72501011086|1|receiver_state|search
INPUT|4245|72501012444|4|sync|1
INPUT|4246|72501012444|4|receiver_state|search
INPUT|4247|72501019163|3|sync|1
INPUT|4248|72501019163|3|receiver_state|search
INPUT|4249|72507641086|1|receiver_state|track
INPUT|4250|72507642444|4|receiver_state|track
INPUT|4251|72507649163|3|receiver_state|track
INPUT|4252|72514271086|1|sync|0
INPUT|4253|72514272444|4|sync|0
INPUT|4254|72514279163|3|sync|0
INPUT|4255|72613200000|5|sync|0
INPUT|4256|72613200000|5|receiver_state|search
INPUT|4257|72613211086|1|received|5|72.613211086000007|140.8759451711563|5
INPUT|4258|72613211086|1|cancel_ack|5|10|1|0
INPUT|4259|72613211086|1|sync|0
INPUT|4260|72613211086|1|receiver_state|search
INPUT|4261|72613212444|4|received|5|72.613212443999998|142.88390553075294|5
FRAME|152|4|4|5|1|1|7|0|1|0|0|0|0|8|1|33|-103|25|4|0||00000400000500010722010008014afbfa
INPUT|4262|72613212444|4|enqueue|5|7|0|152
FRAME|153|4|4|5|8|9|7|1|0|0|0|0|0|8|1|33|-103|62|9|51||00000400000500080761090008014afbfa00010010090001226a3d24df002474660dc880f5f14c40eac1f6a93d472d652983a34b44830e3a6190aca407a1bbecfe997ae4f74e
INPUT|4263|72613212444|4|enqueue|5|7|1|153
INPUT|4264|72613212444|4|active|2
INPUT|4265|72613212444|4|reported|3
INPUT|4266|72613212444|4|sync|0
INPUT|4267|72613212444|4|receiver_state|search
DRAW|4268|72613212444|4|13|0|31|29
INPUT|4269|72613219163|3|received|5|72.613219162999997|150.38302059636848|5
INPUT|4270|72613219163|3|sync|0
INPUT|4271|72613219163|3|receiver_state|search
DRAW|4272|72722000000|3|58|0|31|2
TX|4273|72722000000|3|8|33|0|2|29|1
TXFRAME|72722000000|3|0|3|1|12|1|25|144
INPUT|4274|72722008077|1|sync|1
INPUT|4275|72722008077|1|receiver_state|search
INPUT|4276|72722019163|5|sync|1
INPUT|4277|72722019163|5|receiver_state|search
INPUT|4278|72728638077|1|receiver_state|track
INPUT|4279|72728649163|5|receiver_state|track
INPUT|4280|72735268077|1|sync|0
INPUT|4281|72735279163|5|sync|0
INPUT|4282|72770960000|3|sync|0
INPUT|4283|72770960000|3|receiver_state|search
INPUT|4284|72770968077|1|received|3|72.770968077000006|135.37565585291233|2
INPUT|4285|72770968077|1|cancel_ack|3|12|1|0
INPUT|4286|72770968077|1|sync|0
INPUT|4287|72770968077|1|receiver_state|search
INPUT|4288|72770979163|5|received|3|72.770979163000007|150.38302059636848|2
INPUT|4289|72770979163|5|sync|0
INPUT|4290|72770979163|5|receiver_state|search
DRAW|4291|72800000000|3|59|0|31|2
TX|4292|72800000000|3|8|33|0|2|2|1
TXFRAME|72800000000|3|0|3|1|12|1|25|144
INPUT|4293|72800008077|1|sync|1
INPUT|4294|72800008077|1|receiver_state|search
INPUT|4295|72800019163|5|sync|1
INPUT|4296|72800019163|5|receiver_state|search
INPUT|4297|72806638077|1|receiver_state|track
INPUT|4298|72806649163|5|receiver_state|track
INPUT|4299|72813268077|1|sync|0
INPUT|4300|72813279163|5|sync|0
INPUT|4301|72848960000|3|sync|0
INPUT|4302|72848960000|3|receiver_state|search
INPUT|4303|72848968077|1|received|3|72.848968076999995|135.37565585291233|2
INPUT|4304|72848968077|1|cancel_ack|3|12|1|0
INPUT|4305|72848968077|1|sync|0
INPUT|4306|72848968077|1|receiver_state|search
INPUT|4307|72848979163|5|received|3|72.848979162999996|150.38302059636848|2
INPUT|4308|72848979163|5|sync|0
INPUT|4309|72848979163|5|receiver_state|search
DRAW|4310|72852000000|1|61|0|31|30
TX|4311|72852000000|1|8|33|0|30|16|2
TXFRAME|72852000000|1|0|1|3|12|1|25|148
TXFRAME|72852000000|1|1|1|5|13|1|25|149
INPUT|4312|72852008077|3|sync|1
INPUT|4313|72852008077|3|receiver_state|search
INPUT|4314|72852011086|5|sync|1
INPUT|4315|72852011086|5|receiver_state|search
INPUT|4316|72852023527|4|sync|0
INPUT|4317|72852023527|4|receiver_state|search
INPUT|4318|72858638077|3|receiver_state|track
INPUT|4319|72858641086|5|receiver_state|track
INPUT|4320|72865268077|3|sync|0
INPUT|4321|72865271086|5|sync|0
INPUT|4322|72926460000|1|sync|0
INPUT|4323|72926460000|1|receiver_state|search
INPUT|4324|72926468077|3|received|1|72.926468076999996|135.37565585291233|30
INPUT|4325|72926468077|3|cancel_ack|1|12|1|0
INPUT|4326|72926468077|3|sync|0
INPUT|4327|72926468077|3|receiver_state|search
INPUT|4328|72926471086|5|received|1|72.926471086000006|140.8759451711563|30
INPUT|4329|72926471086|5|cancel_ack|1|13|1|0
INPUT|4330|72926471086|5|sync|0
INPUT|4331|72926471086|5|receiver_state|search
INPUT|4332|72926483527|4|sync|0
INPUT|4333|72926483527|4|receiver_state|search
DRAW|4334|72995000000|4|14|0|31|29
TX|4335|72995000000|4|8|33|0|29|29|2
TXFRAME|72995000000|4|0|4|5|1|1|25|152
TXFRAME|72995000000|4|1|4|5|8|9|62|153
INPUT|4336|72995012444|5|sync|1
INPUT|4337|72995012444|5|receiver_state|search
INPUT|4338|72995013632|2|sync|1
INPUT|4339|72995013632|2|receiver_state|idle
INPUT|4340|72995023527|1|sync|0
INPUT|4341|72995023527|1|receiver_state|search
INPUT|4342|73001642444|5|receiver_state|track
INPUT|4343|73008272444|5|sync|0
INPUT|4344|73008273632|2|sync|0
INPUT|4345|73107200000|4|sync|0
INPUT|4346|73107200000|4|receiver_state|search
INPUT|4347|73107212444|5|received|4|73.107212443999998|142.88390553075294|29
INPUT|4348|73107212444|5|cancel_ack|4|1|1|0
INPUT|4349|73107212444|5|cancel_type|4|8
FRAME|154|5|5|4|2|8|7|0|0|0|0|0|0|8|1|33|-103|18|9|7||00000500000400020760080008014afbfa0001001003895ca460
INPUT|4350|73107212444|5|enqueue|4|7|0|154
FRAME|155|5|5|4|8|1|7|0|1|0|0|0|0|8|1|33|-103|25|4|0||00000500000400080722010008014afbfa
INPUT|4351|73107212444|5|enqueue|4|7|0|155
FRAME|156|5|5|4|3|5|7|1|0|0|0|0|0|8|1|33|-103|16|9|37||00000500000400030761050008014afbfa0001001004000005000608fbfa03010303ffffffff00000000000000000001ffffffff0000f859
INPUT|4352|73107212444|5|enqueue|4|7|1|156
INPUT|4353|73107212444|5|sync|0
INPUT|4354|73107212444|5|receiver_state|search
DRAW|4355|73107212444|5|54|0|31|6
INPUT|4356|73107213632|2|sync|0
INPUT|4357|73107213632|2|receiver_state|idle
INPUT|4358|73107223527|1|sync|0
INPUT|4359|73107223527|1|receiver_state|search
INPUT|4360|73112000000|2|receiver_state|search
INPUT|4361|73112000000|7|receiver_state|search
INPUT|4362|73112000000|8|receiver_state|search
INPUT|4363|73120900000|2|receiver_state|idle
INPUT|4364|73120900000|7|receiver_state|idle
INPUT|4365|73120900000|8|receiver_state|idle
DRAW|4366|73190000000|5|55|0|31|28
TX|4367|73190000000|5|8|33|0|28|6|3
TXFRAME|73190000000|5|0|5|4|8|1|25|155
TXFRAME|73190000000|5|1|5|4|2|8|18|154
TXFRAME|73190000000|5|2|5|4|3|5|16|156
INPUT|4368|73190011086|1|sync|1
INPUT|4369|73190011086|1|receiver_state|search
INPUT|4370|73190012444|4|sync|1
INPUT|4371|73190012444|4|receiver_state|search
INPUT|4372|73190019163|3|sync|1
INPUT|4373|73190019163|3|receiver_state|search
INPUT|4374|73196641086|1|receiver_state|track
INPUT|4375|73196642444|4|receiver_state|track
INPUT|4376|73196649163|3|receiver_state|track
INPUT|4377|73203271086|1|sync|0
INPUT|4378|73203272444|4|sync|0
INPUT|4379|73203279163|3|sync|0
INPUT|4380|73273640000|5|sync|0
INPUT|4381|73273640000|5|receiver_state|search
INPUT|4382|73273651086|1|received|5|73.273651086000001|140.8759451711563|28
INPUT|4383|73273651086|1|sync|0
INPUT|4384|73273651086|1|receiver_state|search
INPUT|4385|73273652444|4|received|5|73.273652444000007|142.88390553075294|28
INPUT|4386|73273652444|4|cancel_ack|5|8|1|0
FRAME|157|4|4|5|9|5|7|1|0|0|0|0|0|8|1|33|-103|16|9|37||00000400000500090761050008014afbfa000100100a000004000108fbfa00010300ffffffff00000001000000000001ffffffff0000efb8
INPUT|4387|73273652444|4|enqueue|5|7|1|157
INPUT|4388|73273652444|4|active|2
INPUT|4389|73273652444|4|reported|3
FRAME|158|4|4|5|10|5|7|1|0|0|0|0|0|8|1|33|-103|16|9|37||000004000005000a0761050008014afbfa000100100b000004000208fbfa02010303ffffffff00000000000000000001ffffffff00008e48
INPUT|4390|73273652444|4|enqueue|5|7|1|158
FRAME|159|4|4|5|3|1|7|0|1|0|0|0|0|8|1|33|-103|25|4|0||00000400000500030722010008014afbfa
INPUT|4391|73273652444|4|enqueue|5|7|0|159
INPUT|4392|73273652444|4|sync|0
INPUT|4393|73273652444|4|receiver_state|search
INPUT|4394|73273659163|3|received|5|73.273659163000005|150.38302059636848|28
INPUT|4395|73273659163|3|sync|0
INPUT|4396|73273659163|3|receiver_state|search
DRAW|4397|73398000000|1|62|0|31|17
TX|4398|73398000000|1|8|33|0|17|30|2
TXFRAME|73398000000|1|0|1|3|12|1|25|148
TXFRAME|73398000000|1|1|1|5|13|1|25|149
INPUT|4399|73398008077|3|sync|1
INPUT|4400|73398008077|3|receiver_state|search
INPUT|4401|73398011086|5|sync|1
INPUT|4402|73398011086|5|receiver_state|search
INPUT|4403|73398023527|4|sync|0
INPUT|4404|73398023527|4|receiver_state|search
INPUT|4405|73404638077|3|receiver_state|track
INPUT|4406|73404641086|5|receiver_state|track
INPUT|4407|73411268077|3|sync|0
INPUT|4408|73411271086|5|sync|0
INPUT|4409|73472460000|1|sync|0
INPUT|4410|73472460000|1|receiver_state|search
INPUT|4411|73472468077|3|received|1|73.472468077000002|135.37565585291233|17
INPUT|4412|73472468077|3|cancel_ack|1|12|1|0
INPUT|4413|73472468077|3|sync|0
INPUT|4414|73472468077|3|receiver_state|search
INPUT|4415|73472471086|5|received|1|73.472471085999999|140.8759451711563|17
INPUT|4416|73472471086|5|cancel_ack|1|13|1|0
INPUT|4417|73472471086|5|sync|0
INPUT|4418|73472471086|5|receiver_state|search
INPUT|4419|73472483527|4|sync|0
INPUT|4420|73472483527|4|receiver_state|search
DRAW|4421|73567000000|4|15|0|31|6
TX|4422|73567000000|4|8|33|0|6|29|4
TXFRAME|73567000000|4|0|4|5|1|1|25|152
TXFRAME|73567000000|4|1|4|5|3|1|25|159
TXFRAME|73567000000|4|2|4|5|9|5|16|157
TXFRAME|73567000000|4|3|4|5|10|5|16|158
INPUT|4423|73567012444|5|sync|1
INPUT|4424|73567012444|5|receiver_state|search
INPUT|4425|73567013632|2|sync|1
INPUT|4426|73567013632|2|receiver_state|idle
INPUT|4427|73567023527|1|sync|0
INPUT|4428|73567023527|1|receiver_state|search
INPUT|4429|73573642444|5|receiver_state|track
INPUT|4430|73580272444|5|sync|0
INPUT|4431|73580273632|2|sync|0
INPUT|4432|73674100000|4|sync|0
INPUT|4433|73674100000|4|receiver_state|search
INPUT|4434|73674112444|5|received|4|73.674112444000002|142.88390553075294|6
INPUT|4435|73674112444|5|cancel_ack|4|1|1|0
INPUT|4436|73674112444|5|cancel_ack|4|3|1|0
INPUT|4437|73674112444|5|active|4
INPUT|4438|73674112444|5|reported|0
FRAME|160|5|5|4|9|1|7|0|1|0|0|0|0|8|1|33|-103|25|4|0||00000500000400090722010008014afbfa
INPUT|4439|73674112444|5|enqueue|4|7|0|160
INPUT|4440|73674112444|5|active|4
INPUT|4441|73674112444|5|reported|2
FRAME|161|5|5|4|10|1|7|0|1|0|0|0|0|8|1|33|-103|25|4|0||000005000004000a0722010008014afbfa
INPUT|4442|73674112444|5|enqueue|4|7|0|161
INPUT|4443|73674112444|5|sync|0
INPUT|4444|73674112444|5|receiver_state|search
FRAME|162|5|5|4|4|6|7|1|0|0|0|0|0|8|1|33|-103|79|9|100|4:4|000005000004000407f1060208014afbfa000101000004000400100f000005000b08fbfa040102ffffffffff000000000000000a000102ffffff00000000000a00010400080080fe98014a0078008c0000000002000005010000000000000200000102000100001d1a0000010200000301000100001d1a00000300eb1f
INPUT|4445|73674112444|5|enqueue|4|7|1|162
FRAME|163|5|5|4|5|6|7|1|0|0|0|0|0|8|1|33|-103|26|9|47|4:5;3:10;1:14|000005000004000507f1060208014afbfa0001030000040005000003000a000001000e001010000005000c08fbfa040102ffffffffff000000000000000b000102ffffff00000000000b0001010000048640
INPUT|4446|73674112444|5|enqueue|4|7|1|163
INPUT|4447|73674113632|2|sync|0
INPUT|4448|73674113632|2|receiver_state|idle
INPUT|4449|73674123527|1|sync|0
INPUT|4450|73674123527|1|receiver_state|search
DRAW|4451|73762000000|4|16|0|31|29
TX|4452|73762000000|4|8|33|0|29|6|2
TXFRAME|73762000000|4|0|4|5|1|1|25|152
TXFRAME|73762000000|4|1|4|5|3|1|25|159
INPUT|4453|73762012444|5|sync|1
INPUT|4454|73762012444|5|receiver_state|search
INPUT|4455|73762013632|2|sync|1
INPUT|4456|73762013632|2|receiver_state|idle
INPUT|4457|73762023527|1|sync|0
INPUT|4458|73762023527|1|receiver_state|search
INPUT|4459|73768642444|5|receiver_state|track
INPUT|4460|73775272444|5|sync|0
INPUT|4461|73775273632|2|sync|0
INPUT|4462|73836460000|4|sync|0
INPUT|4463|73836460000|4|receiver_state|search
INPUT|4464|73836472444|5|received|4|73.836472443999995|142.88390553075294|29
INPUT|4465|73836472444|5|cancel_ack|4|1|1|0
INPUT|4466|73836472444|5|cancel_ack|4|3|1|0
INPUT|4467|73836472444|5|sync|0
INPUT|4468|73836472444|5|receiver_state|search
INPUT|4469|73836473632|2|sync|0
INPUT|4470|73836473632|2|receiver_state|idle
INPUT|4471|73836483527|1|sync|0
INPUT|4472|73836483527|1|receiver_state|search
DRAW|4473|73879000000|5|56|0|31|16
TX|4474|73879000000|5|8|33|0|16|28|5
TXFRAME|73879000000|5|0|5|4|8|1|25|155
TXFRAME|73879000000|5|1|5|4|9|1|25|160
TXFRAME|73879000000|5|2|5|4|10|1|25|161
TXFRAME|73879000000|5|3|5|4|4|6|79|162
TXFRAME|73879000000|5|4|5|4|5|6|26|163
INPUT|4475|73879011086|1|sync|1
INPUT|4476|73879011086|1|receiver_state|search
INPUT|4477|73879012444|4|sync|1
INPUT|4478|73879012444|4|receiver_state|search
INPUT|4479|73879019163|3|sync|1
INPUT|4480|73879019163|3|receiver_state|search
INPUT|4481|73885641086|1|receiver_state|track
INPUT|4482|73885642444|4|receiver_state|track
INPUT|4483|73885649163|3|receiver_state|track
INPUT|4484|73892271086|1|sync|0
INPUT|4485|73892272444|4|sync|0
INPUT|4486|73892279163|3|sync|0
INPUT|4487|74086060000|5|sync|0
INPUT|4488|74086060000|5|receiver_state|search
INPUT|4489|74086071086|1|received|5|74.086071086000004|140.8759451711563|16
INPUT|4490|74086071086|1|active|3
INPUT|4491|74086071086|1|reported|4
FRAME|164|1|1|5|14|1|7|0|1|0|0|0|0|8|1|33|-103|25|4|0||000001000005000e0722010008014afbfa
INPUT|4492|74086071086|1|enqueue|5|7|0|164
INPUT|4493|74086071086|1|sync|0
INPUT|4494|74086071086|1|receiver_state|search
DRAW|4495|74086071086|1|63|0|31|5
INPUT|4496|74086072444|4|received|5|74.086072443999996|142.88390553075294|16
INPUT|4497|74086072444|4|cancel_ack|5|8|1|0
INPUT|4498|74086072444|4|cancel_ack|5|9|1|0
INPUT|4499|74086072444|4|cancel_ack|5|10|1|0
INPUT|4500|74086072444|4|active|2
INPUT|4501|74086072444|4|reported|4
FRAME|165|4|4|5|4|1|7|0|1|0|0|0|0|8|1|33|-103|25|4|0||00000400000500040722010008014afbfa
INPUT|4502|74086072444|4|enqueue|5|7|0|165
INPUT|4503|74086072444|4|active|2
INPUT|4504|74086072444|4|reported|4
FRAME|166|4|4|5|5|1|7|0|1|0|0|0|0|8|1|33|-103|25|4|0||00000400000500050722010008014afbfa
INPUT|4505|74086072444|4|enqueue|5|7|0|166
INPUT|4506|74086072444|4|sync|0
INPUT|4507|74086072444|4|receiver_state|search
FRAME|167|4|4|5|11|6|7|1|0|0|0|0|0|8|1|33|-103|51|9|72|5:11|000004000005000b07f1060208014afbfa000101000005000b001002000004000108fbfa020102ffffffffff0000000000000000000102ffffff00000000000000010400080080fe98014a0078008c0000000002000004010000000000000005b1
INPUT|4508|74086072444|4|enqueue|5|7|1|167
FRAME|168|4|4|5|12|6|7|1|0|0|0|0|0|8|1|33|-103|70|9|91|5:12|000004000005000c07f1060208014afbfa000101000005000c001003000004000208fbfa020102ffffffffff0000000000000001000102ffffff00000000000100010200000301000200003a340000050000030200000102000200003a340000050000010200000501000100001d1a00000566bd
INPUT|4509|74086072444|4|enqueue|5|7|1|168
INPUT|4510|74086079163|3|received|5|74.086079162999994|150.38302059636848|16
INPUT|4511|74086079163|3|active|3
INPUT|4512|74086079163|3|reported|4
FRAME|169|3|3|5|10|1|7|0|1|0|0|0|0|8|1|33|-103|25|4|0||000003000005000a0722010008014afbfa
INPUT|4513|74086079163|3|enqueue|5|7|0|169
INPUT|4514|74086079163|3|sync|0
INPUT|4515|74086079163|3|receiver_state|search
DRAW|4516|74086079163|3|60|0|31|30
INPUT|4517|74100000000|2|receiver_state|search
INPUT|4518|74100000000|7|receiver_state|search
INPUT|4519|74100000000|8|receiver_state|search
INPUT|4520|74108900000|2|receiver_state|idle
INPUT|4521|74108900000|7|receiver_state|idle
INPUT|4522|74108900000|8|receiver_state|idle
DRAW|4523|74152000000|1|64|0|31|3
TX|4524|74152000000|1|8|33|0|3|5|1
TXFRAME|74152000000|1|0|1|5|14|1|25|164
INPUT|4525|74152008077|3|sync|1
INPUT|4526|74152008077|3|receiver_state|search
INPUT|4527|74152011086|5|sync|1
INPUT|4528|74152011086|5|receiver_state|search
INPUT|4529|74152023527|4|sync|0
INPUT|4530|74152023527|4|receiver_state|search
INPUT|4531|74158638077|3|receiver_state|track
INPUT|4532|74158641086|5|receiver_state|track
INPUT|4533|74165268077|3|sync|0
INPUT|4534|74165271086|5|sync|0
INPUT|4535|74200960000|1|sync|0
INPUT|4536|74200960000|1|receiver_state|search
INPUT|4537|74200968077|3|received|1|74.200968076999999|135.37565585291233|3
INPUT|4538|74200968077|3|sync|0
INPUT|4539|74200968077|3|receiver_state|search
INPUT|4540|74200971086|5|received|1|74.200971085999996|140.8759451711563|3
INPUT|4541|74200971086|5|cancel_ack|1|14|1|0
INPUT|4542|74200971086|5|sync|0
INPUT|4543|74200971086|5|receiver_state|search
INPUT|4544|74200983527|4|sync|0
INPUT|4545|74200983527|4|receiver_state|search
DRAW|4546|74243000000|1|65|0|31|31
TX|4547|74243000000|1|8|33|0|31|3|1
TXFRAME|74243000000|1|0|1|5|14|1|25|164
INPUT|4548|74243008077|3|sync|1
INPUT|4549|74243008077|3|receiver_state|search
INPUT|4550|74243011086|5|sync|1
INPUT|4551|74243011086|5|receiver_state|search
INPUT|4552|74243023527|4|sync|0
INPUT|4553|74243023527|4|receiver_state|search
INPUT|4554|74249638077|3|receiver_state|track
INPUT|4555|74249641086|5|receiver_state|track
INPUT|4556|74256268077|3|sync|0
INPUT|4557|74256271086|5|sync|0
INPUT|4558|74291960000|1|sync|0
INPUT|4559|74291960000|1|receiver_state|search
INPUT|4560|74291968077|3|received|1|74.291968077000007|135.37565585291233|31
INPUT|4561|74291968077|3|sync|0
INPUT|4562|74291968077|3|receiver_state|search
INPUT|4563|74291971086|5|received|1|74.291971086000004|140.8759451711563|31
INPUT|4564|74291971086|5|cancel_ack|1|14|1|0
INPUT|4565|74291971086|5|sync|0
INPUT|4566|74291971086|5|receiver_state|search
INPUT|4567|74291983527|4|sync|0
INPUT|4568|74291983527|4|receiver_state|search
DRAW|4569|74373000000|5|57|0|31|27
TX|4570|74373000000|5|8|33|0|27|16|3
TXFRAME|74373000000|5|0|5|4|8|1|25|155
TXFRAME|74373000000|5|1|5|4|9|1|25|160
TXFRAME|74373000000|5|2|5|4|10|1|25|161
INPUT|4571|74373011086|1|sync|1
INPUT|4572|74373011086|1|receiver_state|search
INPUT|4573|74373012444|4|sync|1
INPUT|4574|74373012444|4|receiver_state|search
INPUT|4575|74373019163|3|sync|1
INPUT|4576|74373019163|3|receiver_state|search
INPUT|4577|74379641086|1|receiver_state|track
INPUT|4578|74379642444|4|receiver_state|track
INPUT|4579|74379649163|3|receiver_state|track
INPUT|4580|74386271086|1|sync|0
INPUT|4581|74386272444|4|sync|0
INPUT|4582|74386279163|3|sync|0
INPUT|4583|74472960000|5|sync|0
INPUT|4584|74472960000|5|receiver_state|search
INPUT|4585|74472971086|1|received|5|74.472971086000001|140.8759451711563|27
INPUT|4586|74472971086|1|sync|0
INPUT|4587|74472971086|1|receiver_state|search
INPUT|4588|74472972444|4|received|5|74.472972444000007|142.88390553075294|27
INPUT|4589|74472972444|4|cancel_ack|5|8|1|0
INPUT|4590|74472972444|4|cancel_ack|5|9|1|0
INPUT|4591|74472972444|4|cancel_ack|5|10|1|0
INPUT|4592|74472972444|4|sync|0
INPUT|4593|74472972444|4|receiver_state|search
INPUT|4594|74472979163|3|received|5|74.472979163000005|150.38302059636848|27
INPUT|4595|74472979163|3|sync|0
INPUT|4596|74472979163|3|receiver_state|search
DRAW|4597|74503000000|4|17|0|31|8
TX|4598|74503000000|4|8|33|0|8|29|6
TXFRAME|74503000000|4|0|4|5|1|1|25|152
TXFRAME|74503000000|4|1|4|5|3|1|25|159
TXFRAME|74503000000|4|2|4|5|4|1|25|165
TXFRAME|74503000000|4|3|4|5|5|1|25|166
TXFRAME|74503000000|4|4|4|5|11|6|51|167
TXFRAME|74503000000|4|5|4|5|12|6|70|168
INPUT|4599|74503012444|5|sync|1
INPUT|4600|74503012444|5|receiver_state|search
INPUT|4601|74503013632|2|sync|1
INPUT|4602|74503013632|2|receiver_state|idle
INPUT|4603|74503023527|1|sync|0
INPUT|4604|74503023527|1|receiver_state|search
INPUT|4605|74509642444|5|receiver_state|track
INPUT|4606|74516272444|5|sync|0
INPUT|4607|74516273632|2|sync|0
DRAW|4608|74646000000|3|61|0|31|18
TX|4609|74646000000|3|8|33|0|18|30|1
TXFRAME|74646000000|3|0|3|5|10|1|25|169
INPUT|4610|74646008077|1|sync|1
INPUT|4611|74646008077|1|receiver_state|search
INPUT|4612|74646019163|5|sync|0
INPUT|4613|74652638077|1|receiver_state|track
INPUT|4614|74659268077|1|sync|0
INPUT|4615|74694960000|3|sync|0
INPUT|4616|74694960000|3|receiver_state|search
INPUT|4617|74694968077|1|received|3|74.694968076999999|135.37565585291233|18
INPUT|4618|74694968077|1|sync|0
INPUT|4619|74694968077|1|receiver_state|search
INPUT|4620|74694979163|5|sync|0
INPUT|4621|74751880000|4|sync|0
INPUT|4622|74751880000|4|receiver_state|search
INPUT|4623|74751892444|5|received|4|74.751892444000006|142.88390553075294|8
INPUT|4624|74751892444|5|cancel_ack|4|1|1|0
INPUT|4625|74751892444|5|cancel_ack|4|3|1|0
INPUT|4626|74751892444|5|cancel_ack|4|4|1|0
INPUT|4627|74751892444|5|cancel_ack|4|5|1|0
INPUT|4628|74751892444|5|active|4
INPUT|4629|74751892444|5|reported|2
FRAME|170|5|5|4|11|1|7|0|1|0|0|0|0|8|1|33|-103|25|4|0||000005000004000b0722010008014afbfa
INPUT|4630|74751892444|5|enqueue|4|7|0|170
INPUT|4631|74751892444|5|active|4
INPUT|4632|74751892444|5|reported|2
FRAME|171|5|5|4|12|1|7|0|1|0|0|0|0|8|1|33|-103|25|4|0||000005000004000c0722010008014afbfa
INPUT|4633|74751892444|5|enqueue|4|7|0|171
INPUT|4634|74751892444|5|sync|0
INPUT|4635|74751892444|5|receiver_state|search
FRAME|172|5|5|4|6|6|7|1|0|0|0|0|0|8|1|33|-103|36|9|57|4:6;3:11;1:15|000005000004000607f1060208014afbfa0001030000040006000003000b000001000f001011000005000d08fbfa040102ffffffffff000000000000000c000102ffffff00000000000c00010200000401000100001d1a0000048680
INPUT|4636|74751892444|5|enqueue|4|7|1|172
INPUT|4637|74751893632|2|sync|0
INPUT|4638|74751893632|2|receiver_state|idle
INPUT|4639|74751903527|1|sync|0
INPUT|4640|74751903527|1|receiver_state|search
DRAW|4641|74828000000|1|66|0|31|12
TX|4642|74828000000|1|8|33|0|12|31|1
TXFRAME|74828000000|1|0|1|5|14|1|25|164
INPUT|4643|74828008077|3|sync|1
INPUT|4644|74828008077|3|receiver_state|search
INPUT|4645|74828011086|5|sync|1
INPUT|4646|74828011086|5|receiver_state|search
INPUT|4647|74828023527|4|sync|0
INPUT|4648|74828023527|4|receiver_state|search
INPUT|4649|74834638077|3|receiver_state|track
INPUT|4650|74834641086|5|receiver_state|track
INPUT|4651|74841268077|3|sync|0
INPUT|4652|74841271086|5|sync|0
DRAW|4653|74867000000|4|18|0|31|17
TX|4654|74867000000|4|8|33|0|17|8|4
TXFRAME|74867000000|4|0|4|5|1|1|25|152
TXFRAME|74867000000|4|1|4|5|3|1|25|159
TXFRAME|74867000000|4|2|4|5|4|1|25|165
TXFRAME|74867000000|4|3|4|5|5|1|25|166
INPUT|4655|74867012444|5|sync|1
INPUT|4656|74867013632|2|sync|1
INPUT|4657|74867013632|2|receiver_state|idle
INPUT|4658|74867023527|1|sync|0
INPUT|4659|74876960000|1|sync|0
INPUT|4660|74876960000|1|receiver_state|search
INPUT|4661|74876968077|3|received|1|74.876968077000001|135.37565585291233|12
INPUT|4662|74876968077|3|sync|0
INPUT|4663|74876968077|3|receiver_state|search
INPUT|4664|74876971086|5|received|1|74.876971085999998|140.8759451711563|12
INPUT|4665|74876971086|5|cancel_ack|1|14|1|0
INPUT|4666|74876971086|5|sync|1
INPUT|4667|74876971086|5|receiver_state|search
INPUT|4668|74876983527|4|sync|0
INPUT|4669|74880272444|5|sync|0
INPUT|4670|74880273632|2|sync|0
DRAW|4671|74971000000|3|62|0|31|20
TX|4672|74971000000|3|8|33|0|20|18|1
TXFRAME|74971000000|3|0|3|5|10|1|25|169
INPUT|4673|74971008077|1|sync|1
INPUT|4674|74971008077|1|receiver_state|search
INPUT|4675|74971019163|5|sync|1
INPUT|4676|74971019163|5|receiver_state|search
INPUT|4677|74977638077|1|receiver_state|track
INPUT|4678|74977649163|5|receiver_state|track
INPUT|4679|74984268077|1|sync|0
INPUT|4680|74984279163|5|sync|0
INPUT|4681|74992460000|4|sync|0
INPUT|4682|74992460000|4|receiver_state|search
INPUT|4683|74992472444|5|sync|0
INPUT|4684|74992473632|2|sync|0
INPUT|4685|74992473632|2|receiver_state|idle
INPUT|4686|74992483527|1|sync|0
INPUT|4687|75019960000|3|sync|0
INPUT|4688|75019960000|3|receiver_state|search
INPUT|4689|75019968077|1|received|3|75.019968077000001|135.37565585291233|20
INPUT|4690|75019968077|1|sync|0
INPUT|4691|75019968077|1|receiver_state|search
INPUT|4692|75019979163|5|received|3|75.019979163000002|150.38302059636848|20
INPUT|4693|75019979163|5|cancel_ack|3|10|1|0
INPUT|4694|75019979163|5|sync|0
INPUT|4695|75019979163|5|receiver_state|search
DRAW|4696|75075000000|1|67|0|31|21
TX|4697|75075000000|1|8|33|0|21|12|1
TXFRAME|75075000000|1|0|1|5|14|1|25|164
INPUT|4698|75075008077|3|sync|1
INPUT|4699|75075008077|3|receiver_state|search
INPUT|4700|75075011086|5|sync|1
INPUT|4701|75075011086|5|receiver_state|search
INPUT|4702|75075023527|4|sync|0
INPUT|4703|75075023527|4|receiver_state|search
INPUT|4704|75081638077|3|receiver_state|track
INPUT|4705|75081641086|5|receiver_state|track
INPUT|4706|75088000000|2|receiver_state|search
INPUT|4707|75088000000|7|receiver_state|search
INPUT|4708|75088000000|8|receiver_state|search
INPUT|4709|75088268077|3|sync|0
INPUT|4710|75088271086|5|sync|0
INPUT|4711|75096900000|2|receiver_state|idle
INPUT|4712|75096900000|7|receiver_state|idle
INPUT|4713|75096900000|8|receiver_state|idle
INPUT|4714|75123960000|1|sync|0
INPUT|4715|75123960000|1|receiver_state|search
INPUT|4716|75123968077|3|received|1|75.123968077000001|135.37565585291233|21
INPUT|4717|75123968077|3|sync|0
INPUT|4718|75123968077|3|receiver_state|search
INPUT|4719|75123971086|5|received|1|75.123971085999997|140.8759451711563|21
INPUT|4720|75123971086|5|cancel_ack|1|14|1|0
INPUT|4721|75123971086|5|sync|0
INPUT|4722|75123971086|5|receiver_state|search
INPUT|4723|75123983527|4|sync|0
INPUT|4724|75123983527|4|receiver_state|search
DRAW|4725|75205000000|5|58|0|31|9
TX|4726|75205000000|5|8|33|0|9|27|6
TXFRAME|75205000000|5|0|5|4|8|1|25|155
TXFRAME|75205000000|5|1|5|4|9|1|25|160
TXFRAME|75205000000|5|2|5|4|10|1|25|161
TXFRAME|75205000000|5|3|5|4|11|1|25|170
TXFRAME|75205000000|5|4|5|4|12|1|25|171
TXFRAME|75205000000|5|5|5|4|6|6|36|172
INPUT|4727|75205011086|1|sync|1
INPUT|4728|75205011086|1|receiver_state|search
INPUT|4729|75205012444|4|sync|1
INPUT|4730|75205012444|4|receiver_state|search
INPUT|4731|75205019163|3|sync|1
INPUT|4732|75205019163|3|receiver_state|search
INPUT|4733|75211641086|1|receiver_state|track
INPUT|4734|75211642444|4|receiver_state|track
INPUT|4735|75211649163|3|receiver_state|track
INPUT|4736|75218271086|1|sync|0
INPUT|4737|75218272444|4|sync|0
INPUT|4738|75218279163|3|sync|0
INPUT|4739|75392680000|5|sync|0
INPUT|4740|75392680000|5|receiver_state|search
INPUT|4741|75392691086|1|received|5|75.392691085999999|140.8759451711563|9
INPUT|4742|75392691086|1|active|3
INPUT|4743|75392691086|1|reported|4
FRAME|173|1|1|5|15|1|7|0|1|0|0|0|0|8|1|33|-103|25|4|0||000001000005000f0722010008014afbfa
INPUT|4744|75392691086|1|enqueue|5|7|0|173
INPUT|4745|75392691086|1|sync|0
INPUT|4746|75392691086|1|receiver_state|search
FRAME|174|1|1|5|11|6|7|1|0|0|0|0|0|8|1|33|-103|39|9|60|5:11;3:13|000001000005000b07f1060208014afbfa000102000005000b000003000d001014000001000d08fbfa030202ffffffffff000000000000000c000102ffffff00000000000c00010200000401000200003a340000050000045a7e
INPUT|4747|75392691086|1|enqueue|5|7|1|174
INPUT|4748|75392692444|4|received|5|75.392692444000005|142.88390553075294|9
INPUT|4749|75392692444|4|cancel_ack|5|8|1|0
INPUT|4750|75392692444|4|cancel_ack|5|9|1|0
INPUT|4751|75392692444|4|cancel_ack|5|10|1|0
INPUT|4752|75392692444|4|cancel_ack|5|11|1|0
INPUT|4753|75392692444|4|cancel_ack|5|12|1|0
INPUT|4754|75392692444|4|active|2
INPUT|4755|75392692444|4|reported|4
FRAME|175|4|4|5|6|1|7|0|1|0|0|0|0|8|1|33|-103|25|4|0||00000400000500060722010008014afbfa
INPUT|4756|75392692444|4|enqueue|5|7|0|175
INPUT|4757|75392692444|4|sync|0
INPUT|4758|75392692444|4|receiver_state|search
INPUT|4759|75392699163|3|received|5|75.392699163000003|150.38302059636848|9
INPUT|4760|75392699163|3|active|3
INPUT|4761|75392699163|3|reported|4
FRAME|176|3|3|5|11|1|7|0|1|0|0|0|0|8|1|33|-103|25|4|0||000003000005000b0722010008014afbfa
INPUT|4762|75392699163|3|enqueue|5|7|0|176
INPUT|4763|75392699163|3|sync|0
INPUT|4764|75392699163|3|receiver_state|search
FRAME|177|3|3|5|9|6|7|1|0|0|0|0|0|8|1|33|-103|39|9|60|5:9;1:13|000003000005000907f1060208014afbfa0001020000050009000001000d00100f000003000b08fbfa030102ffffffffff000000000000000a000102ffffff00000000000a00010200000401000200003a34000005000004358f
INPUT|4765|75392699163|3|enqueue|5|7|1|177
DRAW|4766|75400000000|4|19|0|31|7
TX|4767|75400000000|4|8|33|0|7|17|4
TXFRAME|75400000000|4|0|4|5|3|1|25|159
TXFRAME|75400000000|4|1|4|5|4|1|25|165
TXFRAME|75400000000|4|2|4|5|5|1|25|166
TXFRAME|75400000000|4|3|4|5|6|1|25|175
INPUT|4768|75400012444|5|sync|1
INPUT|4769|75400012444|5|receiver_state|search
INPUT|4770|75400013632|2|sync|1
INPUT|4771|75400013632|2|receiver_state|idle
INPUT|4772|75400023527|1|sync|0
INPUT|4773|75400023527|1|receiver_state|search
INPUT|4774|75406642444|5|receiver_state|track
INPUT|4775|75413272444|5|sync|0
INPUT|4776|75413273632|2|sync|0
DRAW|4777|75504000000|3|63|0|31|30
TX|4778|75504000000|3|8|33|0|30|20|3
TXFRAME|75504000000|3|0|3|5|10|1|25|169
TXFRAME|75504000000|3|1|3|5|11|1|25|176
TXFRAME|75504000000|3|2|3|5|9|6|39|177
INPUT|4779|75504008077|1|sync|1
INPUT|4780|75504008077|1|receiver_state|search
INPUT|4781|75504019163|5|sync|1
INPUT|4782|75510638077|1|receiver_state|track
INPUT|4783|75517268077|1|sync|0
INPUT|4784|75517279163|5|sync|0
INPUT|4785|75525460000|4|sync|0
INPUT|4786|75525460000|4|receiver_state|search
INPUT|4787|75525472444|5|received|4|75.525472444000002|142.88390553075294|7
INPUT|4788|75525472444|5|cancel_ack|4|3|1|0
INPUT|4789|75525472444|5|cancel_ack|4|4|1|0
INPUT|4790|75525472444|5|cancel_ack|4|5|1|0
INPUT|4791|75525472444|5|cancel_ack|4|6|1|0
INPUT|4792|75525472444|5|sync|0
INPUT|4793|75525472444|5|receiver_state|search
INPUT|4794|75525473632|2|sync|0
INPUT|4795|75525473632|2|receiver_state|idle
INPUT|4796|75525483527|1|sync|0
INPUT|4797|75618240000|3|sync|0
INPUT|4798|75618240000|3|receiver_state|search
INPUT|4799|75618248077|1|received|3|75.618248077000004|135.37565585291233|30
INPUT|4800|75618248077|1|active|3
INPUT|4801|75618248077|1|reported|3
FRAME|178|1|1|3|13|1|7|0|1|0|0|0|0|8|1|33|-103|25|4|0||000001000003000d0722010008014afbfa
INPUT|4802|75618248077|1|enqueue|3|7|0|178
INPUT|4803|75618248077|1|sync|0
INPUT|4804|75618248077|1|receiver_state|search
INPUT|4805|75618259163|5|sync|0
INPUT|4806|75618259163|5|receiver_state|search
DRAW|4807|75621000000|4|20|0|31|10
TX|4808|75621000000|4|8|33|0|10|7|3
TXFRAME|75621000000|4|0|4|5|4|1|25|165
TXFRAME|75621000000|4|1|4|5|5|1|25|166
TXFRAME|75621000000|4|2|4|5|6|1|25|175
INPUT|4809|75621012444|5|sync|1
INPUT|4810|75621012444|5|receiver_state|search
INPUT|4811|75621013632|2|sync|1
INPUT|4812|75621013632|2|receiver_state|idle
INPUT|4813|75621023527|1|sync|0
INPUT|4814|75621023527|1|receiver_state|search
INPUT|4815|75627642444|5|receiver_state|track
INPUT|4816|75634272444|5|sync|0
INPUT|4817|75634273632|2|sync|0
DRAW|4818|75686000000|1|68|0|31|24
TX|4819|75686000000|1|8|33|0|25|21|4
TXFRAME|75686000000|1|0|1|5|14|1|25|164
TXFRAME|75686000000|1|1|1|5|15|1|25|173
TXFRAME|75686000000|1|2|1|3|13|1|25|178
TXFRAME|75686000000|1|3|1|5|11|6|39|174
INPUT|4820|75686008077|3|sync|1
INPUT|4821|75686008077|3|receiver_state|search
INPUT|4822|75686011086|5|sync|1
INPUT|4823|75686023527|4|sync|0
INPUT|4824|75692638077|3|receiver_state|track
INPUT|4825|75699268077|3|sync|0
INPUT|4826|75699271086|5|sync|0
INPUT|4827|75720960000|4|sync|0
INPUT|4828|75720960000|4|receiver_state|search
INPUT|4829|75720972444|5|received|4|75.720972443999997|142.88390553075294|10
INPUT|4830|75720972444|5|cancel_ack|4|4|1|0
INPUT|4831|75720972444|5|cancel_ack|4|5|1|0
INPUT|4832|75720972444|5|cancel_ack|4|6|1|0
INPUT|4833|75720972444|5|sync|0
INPUT|4834|75720972444|5|receiver_state|search
INPUT|4835|75720973632|2|sync|0
INPUT|4836|75720973632|2|receiver_state|idle
INPUT|4837|75720983527|1|sync|0
DRAW|4838|75725000000|5|59|0|31|22
TX|4839|75725000000|5|8|33|0|22|9|5
TXFRAME|75725000000|5|0|5|4|8|1|25|155
TXFRAME|75725000000|5|1|5|4|9|1|25|160
TXFRAME|75725000000|5|2|5|4|10|1|25|161
TXFRAME|75725000000|5|3|5|4|11|1|25|170
TXFRAME|75725000000|5|4|5|4|12|1|25|171
INPUT|4840|75725011086|1|sync|1
INPUT|4841|75725012444|4|sync|1
INPUT|4842|75725012444|4|receiver_state|search
INPUT|4843|75725019163|3|sync|1
INPUT|4844|75731642444|4|receiver_state|track
INPUT|4845|75738271086|1|sync|0
INPUT|4846|75738272444|4|sync|0
INPUT|4847|75738279163|3|sync|0
INPUT|4848|75825740000|1|sync|0
INPUT|4849|75825740000|1|receiver_state|search
INPUT|4850|75825748077|3|received|1|75.825748077|135.37565585291233|25
INPUT|4851|75825748077|3|cancel_ack|1|13|1|0
INPUT|4852|75825748077|3|active|3
INPUT|4853|75825748077|3|reported|3
FRAME|179|3|3|1|13|1|7|0|1|0|0|0|0|8|1|33|-103|25|4|0||000003000001000d0722010008014afbfa
INPUT|4854|75825748077|3|enqueue|1|7|0|179
INPUT|4855|75825748077|3|sync|0
INPUT|4856|75825748077|3|receiver_state|search
INPUT|4857|75825751086|5|sync|0
INPUT|4858|75825763527|4|sync|0
INPUT|4859|75875960000|5|sync|0
INPUT|4860|75875960000|5|receiver_state|search
INPUT|4861|75875971086|1|sync|0
INPUT|4862|75875971086|1|receiver_state|search
INPUT|4863|75875972444|4|received|5|75.875972443999999|142.88390553075294|22
INPUT|4864|75875972444|4|cancel_ack|5|8|1|0
INPUT|4865|75875972444|4|cancel_ack|5|9|1|0
INPUT|4866|75875972444|4|cancel_ack|5|10|1|0
INPUT|4867|75875972444|4|cancel_ack|5|11|1|0
INPUT|4868|75875972444|4|cancel_ack|5|12|1|0
INPUT|4869|75875972444|4|sync|0
INPUT|4870|75875972444|4|receiver_state|search
INPUT|4871|75875979163|3|sync|0
INPUT|4872|75875979163|3|receiver_state|search
DRAW|4873|75998000000|4|21|0|31|19
TX|4874|75998000000|4|8|33|0|19|10|3
TXFRAME|75998000000|4|0|4|5|4|1|25|165
TXFRAME|75998000000|4|1|4|5|5|1|25|166
TXFRAME|75998000000|4|2|4|5|6|1|25|175
INPUT|4875|75998012444|5|sync|1
INPUT|4876|75998012444|5|receiver_state|search
INPUT|4877|75998013632|2|sync|1
INPUT|4878|75998013632|2|receiver_state|idle
INPUT|4879|75998023527|1|sync|0
INPUT|4880|75998023527|1|receiver_state|search
INPUT|4881|76004642444|5|receiver_state|track
INPUT|4882|76011272444|5|sync|0
INPUT|4883|76011273632|2|sync|0
INPUT|4884|76076000000|2|receiver_state|search
INPUT|4885|76076000000|7|receiver_state|search
INPUT|4886|76076000000|8|receiver_state|search
INPUT|4887|76084900000|2|receiver_state|idle
INPUT|4888|76084900000|7|receiver_state|idle
INPUT|4889|76084900000|8|receiver_state|idle
INPUT|4890|76097960000|4|sync|0
INPUT|4891|76097960000|4|receiver_state|search
INPUT|4892|76097972444|5|received|4|76.097972444000007|142.88390553075294|19
INPUT|4893|76097972444|5|cancel_ack|4|4|1|0
INPUT|4894|76097972444|5|cancel_ack|4|5|1|0
INPUT|4895|76097972444|5|cancel_ack|4|6|1|0
INPUT|4896|76097972444|5|sync|0
INPUT|4897|76097972444|5|receiver_state|search
INPUT|4898|76097973632|2|sync|0
INPUT|4899|76097973632|2|receiver_state|idle
INPUT|4900|76097983527|1|sync|0
INPUT|4901|76097983527|1|receiver_state|search
DRAW|4902|76141000000|3|64|0|31|22
TX|4903|76141000000|3|8|33|0|22|30|3
TXFRAME|76141000000|3|0|3|5|10|1|25|169
TXFRAME|76141000000|3|1|3|5|11|1|25|176
TXFRAME|76141000000|3|2|3|1|13|1|25|179
INPUT|4904|76141008077|1|sync|1
INPUT|4905|76141008077|1|receiver_state|search
INPUT|4906|76141019163|5|sync|1
INPUT|4907|76141019163|5|receiver_state|search
INPUT|4908|76147638077|1|receiver_state|track
INPUT|4909|76147649163|5|receiver_state|track
INPUT|4910|76154268077|1|sync|0
INPUT|4911|76154279163|5|sync|0
INPUT|4912|76240960000|3|sync|0
INPUT|4913|76240960000|3|receiver_state|search
INPUT|4914|76240968077|1|received|3|76.240968077000005|135.37565585291233|22
INPUT|4915|76240968077|1|cancel_ack|3|13|1|0
INPUT|4916|76240968077|1|sync|0
INPUT|4917|76240968077|1|receiver_state|search
INPUT|4918|76240979163|5|received|3|76.240979163000006|150.38302059636848|22
INPUT|4919|76240979163|5|cancel_ack|3|10|1|0
INPUT|4920|76240979163|5|cancel_ack|3|11|1|0
INPUT|4921|76240979163|5|sync|0
INPUT|4922|76240979163|5|receiver_state|search
DRAW|4923|76245000000|1|69|0|31|29
TX|4924|76245000000|1|8|33|0|29|25|2
TXFRAME|76245000000|1|0|1|5|15|1|25|173
TXFRAME|76245000000|1|1|1|3|13|1|25|178
INPUT|4925|76245008077|3|sync|1
INPUT|4926|76245008077|3|receiver_state|search
INPUT|4927|76245011086|5|sync|1
INPUT|4928|76245011086|5|receiver_state|search
INPUT|4929|76245023527|4|sync|0
INPUT|4930|76245023527|4|receiver_state|search
INPUT|4931|76251638077|3|receiver_state|track
INPUT|4932|76251641086|5|receiver_state|track
INPUT|4933|76258268077|3|sync|0
INPUT|4934|76258271086|5|sync|0
INPUT|4935|76319460000|1|sync|0
INPUT|4936|76319460000|1|receiver_state|search
INPUT|4937|76319468077|3|received|1|76.319468076999996|135.37565585291233|29
INPUT|4938|76319468077|3|cancel_ack|1|13|1|0
INPUT|4939|76319468077|3|sync|0
INPUT|4940|76319468077|3|receiver_state|search
INPUT|4941|76319471086|5|received|1|76.319471085999993|140.8759451711563|29
INPUT|4942|76319471086|5|cancel_ack|1|15|1|0
INPUT|4943|76319471086|5|sync|0
INPUT|4944|76319471086|5|receiver_state|search
INPUT|4945|76319483527|4|sync|0
INPUT|4946|76319483527|4|receiver_state|search
DRAW|4947|76349000000|4|22|0|31|10
TX|4948|76349000000|4|8|33|0|10|19|1
TXFRAME|76349000000|4|0|4|5|6|1|25|175
INPUT|4949|76349012444|5|sync|1
INPUT|4950|76349012444|5|receiver_state|search
INPUT|4951|76349013632|2|sync|1
INPUT|4952|76349013632|2|receiver_state|idle
INPUT|4953|76349023527|1|sync|0
INPUT|4954|76349023527|1|receiver_state|search
INPUT|4955|76355642444|5|receiver_state|track
INPUT|4956|76362272444|5|sync|0
INPUT|4957|76362273632|2|sync|0
INPUT|4958|76397960000|4|sync|0
INPUT|4959|76397960000|4|receiver_state|search
INPUT|4960|76397972444|5|received|4|76.397972444000004|142.88390553075294|10
INPUT|4961|76397972444|5|cancel_ack|4|6|1|0
INPUT|4962|76397972444|5|sync|0
INPUT|4963|76397972444|5|receiver_state|search
INPUT|4964|76397973632|2|sync|0
INPUT|4965|76397973632|2|receiver_state|idle
INPUT|4966|76397983527|1|sync|0
INPUT|4967|76397983527|1|receiver_state|search
DRAW|4968|76453000000|5|60|0|31|20
TX|4969|76453000000|5|8|33|0|20|22|4
TXFRAME|76453000000|5|0|5|4|9|1|25|160
TXFRAME|76453000000|5|1|5|4|10|1|25|161
TXFRAME|76453000000|5|2|5|4|11|1|25|170
TXFRAME|76453000000|5|3|5|4|12|1|25|171
INPUT|4970|76453011086|1|sync|1
INPUT|4971|76453011086|1|receiver_state|search
INPUT|4972|76453012444|4|sync|1
INPUT|4973|76453012444|4|receiver_state|search
INPUT|4974|76453019163|3|sync|1
INPUT|4975|76453019163|3|receiver_state|search
INPUT|4976|76459641086|1|receiver_state|track
INPUT|4977|76459642444|4|receiver_state|track
INPUT|4978|76459649163|3|receiver_state|track
INPUT|4979|76466271086|1|sync|0
INPUT|4980|76466272444|4|sync|0
INPUT|4981|76466279163|3|sync|0
INPUT|4982|76578460000|5|sync|0
INPUT|4983|76578460000|5|receiver_state|search
INPUT|4984|76578471086|1|received|5|76.578471085999993|140.8759451711563|20
INPUT|4985|76578471086|1|sync|0
INPUT|4986|76578471086|1|receiver_state|search
INPUT|4987|76578472444|4|received|5|76.578472443999999|142.88390553075294|20
INPUT|4988|76578472444|4|cancel_ack|5|9|1|0
INPUT|4989|76578472444|4|cancel_ack|5|10|1|0
INPUT|4990|76578472444|4|cancel_ack|5|11|1|0
INPUT|4991|76578472444|4|cancel_ack|5|12|1|0
INPUT|4992|76578472444|4|sync|0
INPUT|4993|76578472444|4|receiver_state|search
INPUT|4994|76578479163|3|received|5|76.578479162999997|150.38302059636848|20
INPUT|4995|76578479163|3|sync|0
INPUT|4996|76578479163|3|receiver_state|search
DRAW|4997|76648000000|4|23|0|31|1
TX|4998|76648000000|4|8|33|0|1|10|1
TXFRAME|76648000000|4|0|4|5|6|1|25|175
INPUT|4999|76648012444|5|sync|1
INPUT|5000|76648012444|5|receiver_state|search
INPUT|5001|76648013632|2|sync|1
INPUT|5002|76648013632|2|receiver_state|idle
INPUT|5003|76648023527|1|sync|0
INPUT|5004|76648023527|1|receiver_state|search
INPUT|5005|76654642444|5|receiver_state|track
INPUT|5006|76661272444|5|sync|0
INPUT|5007|76661273632|2|sync|0
INPUT|5008|76696960000|4|sync|0
INPUT|5009|76696960000|4|receiver_state|search
INPUT|5010|76696972444|5|received|4|76.696972443999996|142.88390553075294|1
INPUT|5011|76696972444|5|cancel_ack|4|6|1|0
INPUT|5012|76696972444|5|sync|0
INPUT|5013|76696972444|5|receiver_state|search
INPUT|5014|76696973632|2|sync|0
INPUT|5015|76696973632|2|receiver_state|idle
INPUT|5016|76696983527|1|sync|0
INPUT|5017|76696983527|1|receiver_state|search
DRAW|5018|76713000000|3|65|0|31|25
TX|5019|76713000000|3|8|33|0|25|22|3
TXFRAME|76713000000|3|0|3|5|10|1|25|169
TXFRAME|76713000000|3|1|3|5|11|1|25|176
TXFRAME|76713000000|3|2|3|1|13|1|25|179
INPUT|5020|76713008077|1|sync|1
INPUT|5021|76713008077|1|receiver_state|search
INPUT|5022|76713019163|5|sync|1
INPUT|5023|76713019163|5|receiver_state|search
INPUT|5024|76719638077|1|receiver_state|track
INPUT|5025|76719649163|5|receiver_state|track
INPUT|5026|76726268077|1|sync|0
INPUT|5027|76726279163|5|sync|0
INPUT|5028|76812960000|3|sync|0
INPUT|5029|76812960000|3|receiver_state|search
INPUT|5030|76812968077|1|received|3|76.812968076999994|135.37565585291233|25
INPUT|5031|76812968077|1|cancel_ack|3|13|1|0
INPUT|5032|76812968077|1|sync|0
INPUT|5033|76812968077|1|receiver_state|search
INPUT|5034|76812979163|5|received|3|76.812979162999994|150.38302059636848|25
INPUT|5035|76812979163|5|cancel_ack|3|10|1|0
INPUT|5036|76812979163|5|cancel_ack|3|11|1|0
INPUT|5037|76812979163|5|sync|0
INPUT|5038|76812979163|5|receiver_state|search
DRAW|5039|76908000000|1|70|0|31|22
TX|5040|76908000000|1|8|33|0|22|29|2
TXFRAME|76908000000|1|0|1|5|15|1|25|173
TXFRAME|76908000000|1|1|1|3|13|1|25|178
INPUT|5041|76908008077|3|sync|1
INPUT|5042|76908008077|3|receiver_state|search
INPUT|5043|76908011086|5|sync|1
INPUT|5044|76908011086|5|receiver_state|search
INPUT|5045|76908023527|4|sync|0
INPUT|5046|76908023527|4|receiver_state|search
INPUT|5047|76914638077|3|receiver_state|track
INPUT|5048|76914641086|5|receiver_state|track
INPUT|5049|76921268077|3|sync|0
INPUT|5050|76921271086|5|sync|0
INPUT|5051|76982460000|1|sync|0
INPUT|5052|76982460000|1|receiver_state|search
INPUT|5053|76982468077|3|received|1|76.982468076999993|135.37565585291233|22
INPUT|5054|76982468077|3|cancel_ack|1|13|1|0
INPUT|5055|76982468077|3|sync|0
INPUT|5056|76982468077|3|receiver_state|search
INPUT|5057|76982471086|5|received|1|76.982471086000004|140.8759451711563|22
INPUT|5058|76982471086|5|cancel_ack|1|15|1|0
INPUT|5059|76982471086|5|sync|0
INPUT|5060|76982471086|5|receiver_state|search
INPUT|5061|76982483527|4|sync|0
INPUT|5062|76982483527|4|receiver_state|search
DRAW|5063|77038000000|5|61|0|31|28
TX|5064|77038000000|5|8|33|0|28|20|2
TXFRAME|77038000000|5|0|5|4|11|1|25|170
TXFRAME|77038000000|5|1|5|4|12|1|25|171
INPUT|5065|77038011086|1|sync|1
INPUT|5066|77038011086|1|receiver_state|search
INPUT|5067|77038012444|4|sync|1
INPUT|5068|77038012444|4|receiver_state|search
INPUT|5069|77038019163|3|sync|0
INPUT|5070|77038019163|3|receiver_state|search
INPUT|5071|77044641086|1|receiver_state|track
INPUT|5072|77044642444|4|receiver_state|track
INPUT|5073|77051271086|1|sync|0
INPUT|5074|77051272444|4|sync|0
INPUT|5075|77064000000|2|receiver_state|search
INPUT|5076|77064000000|7|receiver_state|search
INPUT|5077|77064000000|8|receiver_state|search
INPUT|5078|77072900000|2|receiver_state|idle
INPUT|5079|77072900000|7|receiver_state|idle
INPUT|5080|77072900000|8|receiver_state|idle
INPUT|5081|77112460000|5|sync|0
INPUT|5082|77112460000|5|receiver_state|search
INPUT|5083|77112471086|1|received|5|77.112471085999999|140.8759451711563|28
INPUT|5084|77112471086|1|sync|0
INPUT|5085|77112471086|1|receiver_state|search
INPUT|5086|77112472444|4|received|5|77.112472444000005|142.88390553075294|28
INPUT|5087|77112472444|4|cancel_ack|5|11|1|0
INPUT|5088|77112472444|4|cancel_ack|5|12|1|0
INPUT|5089|77112472444|4|sync|0
INPUT|5090|77112472444|4|receiver_state|search
INPUT|5091|77112479163|3|sync|0
INPUT|5092|77112479163|3|receiver_state|search
DRAW|5093|77207000000|3|66|0|31|19
TX|5094|77207000000|3|8|33|0|19|25|2
TXFRAME|77207000000|3|0|3|5|11|1|25|176
TXFRAME|77207000000|3|1|3|1|13|1|25|179
INPUT|5095|77207008077|1|sync|1
INPUT|5096|77207008077|1|receiver_state|search
INPUT|5097|77207019163|5|sync|1
INPUT|5098|77207019163|5|receiver_state|search
INPUT|5099|77213638077|1|receiver_state|track
INPUT|5100|77213649163|5|receiver_state|track
INPUT|5101|77220268077|1|sync|0
INPUT|5102|77220279163|5|sync|0
INPUT|5103|77281460000|3|sync|0
INPUT|5104|77281460000|3|receiver_state|search
INPUT|5105|77281468077|1|received|3|77.281468077|135.37565585291233|19
INPUT|5106|77281468077|1|cancel_ack|3|13|1|0
INPUT|5107|77281468077|1|sync|0
INPUT|5108|77281468077|1|receiver_state|search
INPUT|5109|77281479163|5|received|3|77.281479163|150.38302059636848|19
INPUT|5110|77281479163|5|cancel_ack|3|11|1|0
INPUT|5111|77281479163|5|sync|0
INPUT|5112|77281479163|5|receiver_state|search
DRAW|5113|77402000000|1|71|0|31|2
TX|5114|77402000000|1|8|33|0|2|22|2
TXFRAME|77402000000|1|0|1|5|15|1|25|173
TXFRAME|77402000000|1|1|1|3|13|1|25|178
INPUT|5115|77402008077|3|sync|1
INPUT|5116|77402008077|3|receiver_state|search
INPUT|5117|77402011086|5|sync|1
INPUT|5118|77402011086|5|receiver_state|search
INPUT|5119|77402023527|4|sync|0
INPUT|5120|77402023527|4|receiver_state|search
INPUT|5121|77408638077|3|receiver_state|track
INPUT|5122|77408641086|5|receiver_state|track
INPUT|5123|77415268077|3|sync|0
INPUT|5124|77415271086|5|sync|0
INPUT|5125|77476460000|1|sync|0
INPUT|5126|77476460000|1|receiver_state|search
INPUT|5127|77476468077|3|received|1|77.476468077000007|135.37565585291233|2
INPUT|5128|77476468077|3|cancel_ack|1|13|1|0
INPUT|5129|77476468077|3|sync|0
INPUT|5130|77476468077|3|receiver_state|search
INPUT|5131|77476471086|5|received|1|77.476471086000004|140.8759451711563|2
INPUT|5132|77476471086|5|cancel_ack|1|15|1|0
INPUT|5133|77476471086|5|sync|0
INPUT|5134|77476471086|5|receiver_state|search
INPUT|5135|77476483527|4|sync|0
INPUT|5136|77476483527|4|receiver_state|search
FRAME|180|3|3|5|9|6|7|1|0|0|0|0|0|8|1|33|-103|39|9|60|5:9;1:13|000003000005000907f1060208014afbfa0001020000050009000001000d00100f000003000b08fbfa030102ffffffffff000000000000000a000102ffffff00000000000a00010200000401000200003a34000005000004358f
INPUT|5137|77504000028|3|enqueue|5|7|1|180
DRAW|5138|77506000000|1|72|0|31|19
TX|5139|77506000000|1|8|33|0|19|2|2
TXFRAME|77506000000|1|0|1|5|15|1|25|173
TXFRAME|77506000000|1|1|1|3|13|1|25|178
INPUT|5140|77506008077|3|sync|1
INPUT|5141|77506008077|3|receiver_state|search
INPUT|5142|77506011086|5|sync|1
INPUT|5143|77506011086|5|receiver_state|search
INPUT|5144|77506023527|4|sync|0
INPUT|5145|77506023527|4|receiver_state|search
INPUT|5146|77512638077|3|receiver_state|track
INPUT|5147|77512641086|5|receiver_state|track
INPUT|5148|77519268077|3|sync|0
INPUT|5149|77519271086|5|sync|0
INPUT|5150|77580460000|1|sync|0
INPUT|5151|77580460000|1|receiver_state|search
INPUT|5152|77580468077|3|received|1|77.580468077000006|135.37565585291233|19
INPUT|5153|77580468077|3|cancel_ack|1|13|1|0
INPUT|5154|77580468077|3|sync|0
INPUT|5155|77580468077|3|receiver_state|search
INPUT|5156|77580471086|5|received|1|77.580471086000003|140.8759451711563|19
INPUT|5157|77580471086|5|cancel_ack|1|15|1|0
INPUT|5158|77580471086|5|sync|0
INPUT|5159|77580471086|5|receiver_state|search
INPUT|5160|77580483527|4|sync|0
INPUT|5161|77580483527|4|receiver_state|search
DRAW|5162|77662000000|3|67|0|31|28
TX|5163|77662000000|3|8|33|0|28|19|3
TXFRAME|77662000000|3|0|3|5|11|1|25|176
TXFRAME|77662000000|3|1|3|1|13|1|25|179
TXFRAME|77662000000|3|2|3|5|9|6|39|180
INPUT|5164|77662008077|1|sync|1
INPUT|5165|77662008077|1|receiver_state|search
INPUT|5166|77662019163|5|sync|0
INPUT|5167|77662019163|5|receiver_state|search
INPUT|5168|77668638077|1|receiver_state|track
DRAW|5169|77675000000|5|62|0|31|21
TX|5170|77675000000|5|8|33|0|21|28|2
TXFRAME|77675000000|5|0|5|4|11|1|25|170
TXFRAME|77675000000|5|1|5|4|12|1|25|171
INPUT|5171|77675011086|1|sync|1
INPUT|5172|77675012444|4|sync|1
INPUT|5173|77675012444|4|receiver_state|search
INPUT|5174|77675019163|3|sync|1
INPUT|5175|77675268077|1|sync|1
INPUT|5176|77681642444|4|receiver_state|track
FRAME|181|1|1|5|11|6|7|1|0|0|0|0|0|8|1|33|-103|39|9|60|5:11;3:13|000001000005000b07f1060208014afbfa000102000005000b000003000d001014000001000d08fbfa030202ffffffffff000000000000000c000102ffffff00000000000c00010200000401000200003a340000050000045a7e
INPUT|5177|77686000028|1|enqueue|5|7|1|181
INPUT|5178|77688271086|1|sync|0
INPUT|5179|77688272444|4|sync|0
INPUT|5180|77688279163|3|sync|0
INPUT|5181|77749460000|5|sync|0
INPUT|5182|77749460000|5|receiver_state|search
INPUT|5183|77749471086|1|sync|0
INPUT|5184|77749472444|4|received|5|77.749472444000006|142.88390553075294|21
INPUT|5185|77749472444|4|cancel_ack|5|11|1|0
INPUT|5186|77749472444|4|cancel_ack|5|12|1|0
INPUT|5187|77749472444|4|sync|0
INPUT|5188|77749472444|4|receiver_state|search
INPUT|5189|77749479163|3|sync|0
INPUT|5190|77776240000|3|sync|0
INPUT|5191|77776240000|3|receiver_state|search
INPUT|5192|77776248077|1|received|3|77.776248077000005|135.37565585291233|28
INPUT|5193|77776248077|1|cancel_ack|3|13|1|0
FRAME|182|1|1|3|13|1|7|0|1|0|0|0|0|8|1|33|-103|25|4|0||000001000003000d0722010008014afbfa
INPUT|5194|77776248077|1|enqueue|3|7|0|182
INPUT|5195|77776248077|1|sync|0
INPUT|5196|77776248077|1|receiver_state|search
INPUT|5197|77776259163|5|sync|0
INPUT|5198|77776259163|5|receiver_state|search
DRAW|5199|77935000000|1|73|0|31|28
TX|5200|77935000000|1|8|33|0|28|19|2
TXFRAME|77935000000|1|0|1|3|13|1|25|182
TXFRAME|77935000000|1|1|1|5|11|6|39|181
INPUT|5201|77935008077|3|sync|1
INPUT|5202|77935008077|3|receiver_state|search
INPUT|5203|77935011086|5|sync|1
INPUT|5204|77935011086|5|receiver_state|search
INPUT|5205|77935023527|4|sync|0
INPUT|5206|77935023527|4|receiver_state|search
INPUT|5207|77941638077|3|receiver_state|track
INPUT|5208|77941641086|5|receiver_state|track
INPUT|5209|77948268077|3|sync|0
INPUT|5210|77948271086|5|sync|0
INPUT|5211|78023740000|1|sync|0
INPUT|5212|78023740000|1|receiver_state|search
INPUT|5213|78023748077|3|received|1|78.023748076999993|135.37565585291233|28
INPUT|5214|78023748077|3|cancel_ack|1|13|1|0
FRAME|183|3|3|1|13|1|7|0|1|0|0|0|0|8|1|33|-103|25|4|0||000003000001000d0722010008014afbfa
INPUT|5215|78023748077|3|enqueue|1|7|0|183
INPUT|5216|78023748077|3|sync|0
INPUT|5217|78023748077|3|receiver_state|search
INPUT|5218|78023751086|5|received|1|78.023751086000004|140.8759451711563|28
INPUT|5219|78023751086|5|active|4
INPUT|5220|78023751086|5|reported|3
FRAME|184|5|5|1|11|1|7|0|1|0|0|0|0|8|1|33|-103|25|4|0||000005000001000b0722010008014afbfa
INPUT|5221|78023751086|5|enqueue|1|7|0|184
INPUT|5222|78023751086|5|sync|0
INPUT|5223|78023751086|5|receiver_state|search
INPUT|5224|78023763527|4|sync|0
INPUT|5225|78023763527|4|receiver_state|search
INPUT|5226|78052000000|2|receiver_state|search
INPUT|5227|78052000000|7|receiver_state|search
INPUT|5228|78052000000|8|receiver_state|search
INPUT|5229|78060900000|2|receiver_state|idle
INPUT|5230|78060900000|7|receiver_state|idle
INPUT|5231|78060900000|8|receiver_state|idle
DRAW|5232|78104000000|5|63|0|31|11
TX|5233|78104000000|5|8|33|0|11|21|1
TXFRAME|78104000000|5|0|5|1|11|1|25|184
INPUT|5234|78104011086|1|sync|1
INPUT|5235|78104011086|1|receiver_state|search
INPUT|5236|78104012444|4|sync|1
INPUT|5237|78104012444|4|receiver_state|search
INPUT|5238|78104019163|3|sync|1
INPUT|5239|78104019163|3|receiver_state|search
INPUT|5240|78110641086|1|receiver_state|track
INPUT|5241|78110642444|4|receiver_state|track
INPUT|5242|78110649163|3|receiver_state|track
INPUT|5243|78117271086|1|sync|0
INPUT|5244|78117272444|4|sync|0
INPUT|5245|78117279163|3|sync|0
INPUT|5246|78152960000|5|sync|0
INPUT|5247|78152960000|5|receiver_state|search
INPUT|5248|78152971086|1|received|5|78.152971085999994|140.8759451711563|11
INPUT|5249|78152971086|1|cancel_ack|5|11|1|0
INPUT|5250|78152971086|1|sync|0
INPUT|5251|78152971086|1|receiver_state|search
INPUT|5252|78152972444|4|received|5|78.152972444|142.88390553075294|11
INPUT|5253|78152972444|4|sync|0
INPUT|5254|78152972444|4|receiver_state|search
INPUT|5255|78152979163|3|received|5|78.152979162999998|150.38302059636848|11
INPUT|5256|78152979163|3|sync|0
INPUT|5257|78152979163|3|receiver_state|search
DRAW|5258|78260000000|3|68|0|31|31
TX|5259|78260000000|3|8|33|0|31|28|1
TXFRAME|78260000000|3|0|3|1|13|1|25|179
INPUT|5260|78260008077|1|sync|1
INPUT|5261|78260008077|1|receiver_state|search
INPUT|5262|78260019163|5|sync|0
INPUT|5263|78260019163|5|receiver_state|search
INPUT|5264|78266638077|1|receiver_state|track
INPUT|5265|78273268077|1|sync|0
DRAW|5266|78299000000|5|64|0|31|3
TX|5267|78299000000|5|8|33|0|3|11|1
TXFRAME|78299000000|5|0|5|1|11|1|25|184
INPUT|5268|78299011086|1|sync|1
INPUT|5269|78299012444|4|sync|1
INPUT|5270|78299012444|4|receiver_state|search
INPUT|5271|78299019163|3|sync|1
INPUT|5272|78305642444|4|receiver_state|track
INPUT|5273|78308960000|3|sync|1
INPUT|5274|78308960000|3|receiver_state|search
INPUT|5275|78308968077|1|received|3|78.308968077000003|135.37565585291233|31
INPUT|5276|78308968077|1|cancel_ack|3|13|1|0
INPUT|5277|78308968077|1|sync|1
INPUT|5278|78308968077|1|receiver_state|search
INPUT|5279|78308979163|5|sync|0
INPUT|5280|78312271086|1|sync|0
INPUT|5281|78312272444|4|sync|0
INPUT|5282|78312279163|3|sync|0
INPUT|5283|78347960000|5|sync|0
INPUT|5284|78347960000|5|receiver_state|search
INPUT|5285|78347971086|1|sync|0
INPUT|5286|78347971086|1|receiver_state|search
INPUT|5287|78347972444|4|received|5|78.347972444000007|142.88390553075294|3
INPUT|5288|78347972444|4|sync|0
INPUT|5289|78347972444|4|receiver_state|search
INPUT|5290|78347979163|3|sync|0
INPUT|5291|78347979163|3|receiver_state|search
DRAW|5292|78390000000|5|65|0|31|19
TX|5293|78390000000|5|8|33|0|19|3|1
TXFRAME|78390000000|5|0|5|1|11|1|25|184
INPUT|5294|78390011086|1|sync|1
INPUT|5295|78390011086|1|receiver_state|search
INPUT|5296|78390012444|4|sync|1
INPUT|5297|78390012444|4|receiver_state|search
INPUT|5298|78390019163|3|sync|1
INPUT|5299|78390019163|3|receiver_state|search
INPUT|5300|78396641086|1|receiver_state|track
INPUT|5301|78396642444|4|receiver_state|track
INPUT|5302|78396649163|3|receiver_state|track
INPUT|5303|78403271086|1|sync|0
INPUT|5304|78403272444|4|sync|0
INPUT|5305|78403279163|3|sync|0
INPUT|5306|78438960000|5|sync|0
INPUT|5307|78438960000|5|receiver_state|search
INPUT|5308|78438971086|1|received|5|78.438971085999995|140.8759451711563|19
INPUT|5309|78438971086|1|cancel_ack|5|11|1|0
INPUT|5310|78438971086|1|sync|0
INPUT|5311|78438971086|1|receiver_state|search
INPUT|5312|78438972444|4|received|5|78.438972444000001|142.88390553075294|19
INPUT|5313|78438972444|4|sync|0
INPUT|5314|78438972444|4|receiver_state|search
INPUT|5315|78438979163|3|received|5|78.438979162999999|150.38302059636848|19
INPUT|5316|78438979163|3|sync|0
INPUT|5317|78438979163|3|receiver_state|search
DRAW|5318|78520000000|1|74|0|31|25
TX|5319|78520000000|1|8|33|0|25|28|1
TXFRAME|78520000000|1|0|1|3|13|1|25|182
INPUT|5320|78520008077|3|sync|1
INPUT|5321|78520008077|3|receiver_state|search
INPUT|5322|78520011086|5|sync|1
INPUT|5323|78520011086|5|receiver_state|search
INPUT|5324|78520023527|4|sync|0
INPUT|5325|78520023527|4|receiver_state|search
INPUT|5326|78526638077|3|receiver_state|track
INPUT|5327|78526641086|5|receiver_state|track
INPUT|5328|78533268077|3|sync|0
INPUT|5329|78533271086|5|sync|0
INPUT|5330|78568960000|1|sync|0
INPUT|5331|78568960000|1|receiver_state|search
INPUT|5332|78568968077|3|received|1|78.568968076999994|135.37565585291233|25
INPUT|5333|78568968077|3|cancel_ack|1|13|1|0
INPUT|5334|78568968077|3|sync|0
INPUT|5335|78568968077|3|receiver_state|search
INPUT|5336|78568971086|5|received|1|78.568971086000005|140.8759451711563|25
INPUT|5337|78568971086|5|sync|0
INPUT|5338|78568971086|5|receiver_state|search
INPUT|5339|78568983527|4|sync|0
INPUT|5340|78568983527|4|receiver_state|search
DRAW|5341|78728000000|5|66|0|31|29
TX|5342|78728000000|5|8|33|0|29|19|1
TXFRAME|78728000000|5|0|5|1|11|1|25|184
INPUT|5343|78728011086|1|sync|1
INPUT|5344|78728011086|1|receiver_state|search
INPUT|5345|78728012444|4|sync|1
INPUT|5346|78728012444|4|receiver_state|search
INPUT|5347|78728019163|3|sync|1
INPUT|5348|78728019163|3|receiver_state|search
INPUT|5349|78734641086|1|receiver_state|track
INPUT|5350|78734642444|4|receiver_state|track
INPUT|5351|78734649163|3|receiver_state|track
INPUT|5352|78741271086|1|sync|0
INPUT|5353|78741272444|4|sync|0
INPUT|5354|78741279163|3|sync|0
INPUT|5355|78776960000|5|sync|0
INPUT|5356|78776960000|5|receiver_state|search
INPUT|5357|78776971086|1|received|5|78.776971086000003|140.8759451711563|29
INPUT|5358|78776971086|1|cancel_ack|5|11|1|0
INPUT|5359|78776971086|1|sync|0
INPUT|5360|78776971086|1|receiver_state|search
INPUT|5361|78776972444|4|received|5|78.776972443999995|142.88390553075294|29
INPUT|5362|78776972444|4|sync|0
INPUT|5363|78776972444|4|receiver_state|search
INPUT|5364|78776979163|3|received|5|78.776979162999993|150.38302059636848|29
INPUT|5365|78776979163|3|sync|0
INPUT|5366|78776979163|3|receiver_state|search
DRAW|5367|78936000000|1|75|0|31|20
TX|5368|78936000000|1|8|33|0|20|25|1
TXFRAME|78936000000|1|0|1|3|13|1|25|182
INPUT|5369|78936008077|3|sync|1
INPUT|5370|78936008077|3|receiver_state|search
INPUT|5371|78936011086|5|sync|1
INPUT|5372|78936011086|5|receiver_state|search
INPUT|5373|78936023527|4|sync|0
INPUT|5374|78936023527|4|receiver_state|search
INPUT|5375|78942638077|3|receiver_state|track
INPUT|5376|78942641086|5|receiver_state|track
INPUT|5377|78949268077|3|sync|0
INPUT|5378|78949271086|5|sync|0
INPUT|5379|78984960000|1|sync|0
INPUT|5380|78984960000|1|receiver_state|search
INPUT|5381|78984968077|3|received|1|78.984968077000005|135.37565585291233|20
INPUT|5382|78984968077|3|cancel_ack|1|13|1|0
INPUT|5383|78984968077|3|sync|0
INPUT|5384|78984968077|3|receiver_state|search
INPUT|5385|78984971086|5|received|1|78.984971086000002|140.8759451711563|20
INPUT|5386|78984971086|5|sync|0
INPUT|5387|78984971086|5|receiver_state|search
INPUT|5388|78984983527|4|sync|0
INPUT|5389|78984983527|4|receiver_state|search
INPUT|5390|79040000000|2|receiver_state|search
INPUT|5391|79040000000|7|receiver_state|search
INPUT|5392|79040000000|8|receiver_state|search
INPUT|5393|79048900000|2|receiver_state|idle
INPUT|5394|79048900000|7|receiver_state|idle
INPUT|5395|79048900000|8|receiver_state|idle
DRAW|5396|79196000000|5|67|0|31|3
TX|5397|79196000000|5|8|33|0|4|29|1
TXFRAME|79196000000|5|0|5|1|11|1|25|184
INPUT|5398|79196011086|1|sync|1
INPUT|5399|79196011086|1|receiver_state|search
INPUT|5400|79196012444|4|sync|1
INPUT|5401|79196012444|4|receiver_state|search
INPUT|5402|79196019163|3|sync|1
INPUT|5403|79196019163|3|receiver_state|search
INPUT|5404|79202641086|1|receiver_state|track
INPUT|5405|79202642444|4|receiver_state|track
INPUT|5406|79202649163|3|receiver_state|track
INPUT|5407|79209271086|1|sync|0
INPUT|5408|79209272444|4|sync|0
INPUT|5409|79209279163|3|sync|0
INPUT|5410|79244960000|5|sync|0
INPUT|5411|79244960000|5|receiver_state|search
INPUT|5412|79244971086|1|received|5|79.244971086000007|140.8759451711563|4
INPUT|5413|79244971086|1|cancel_ack|5|11|1|0
INPUT|5414|79244971086|1|sync|0
INPUT|5415|79244971086|1|receiver_state|search
INPUT|5416|79244972444|4|received|5|79.244972443999998|142.88390553075294|4
INPUT|5417|79244972444|4|sync|0
INPUT|5418|79244972444|4|receiver_state|search
INPUT|5419|79244979163|3|received|5|79.244979162999996|150.38302059636848|4
INPUT|5420|79244979163|3|sync|0
INPUT|5421|79244979163|3|receiver_state|search
DRAW|5422|79287000000|1|76|0|31|5
TX|5423|79287000000|1|8|33|0|5|20|1
TXFRAME|79287000000|1|0|1|3|13|1|25|182
INPUT|5424|79287008077|3|sync|1
INPUT|5425|79287008077|3|receiver_state|search
INPUT|5426|79287011086|5|sync|1
INPUT|5427|79287011086|5|receiver_state|search
INPUT|5428|79287023527|4|sync|0
INPUT|5429|79287023527|4|receiver_state|search
INPUT|5430|79293638077|3|receiver_state|track
INPUT|5431|79293641086|5|receiver_state|track
INPUT|5432|79300268077|3|sync|0
INPUT|5433|79300271086|5|sync|0
INPUT|5434|79335960000|1|sync|0
INPUT|5435|79335960000|1|receiver_state|search
INPUT|5436|79335968077|3|received|1|79.335968077000004|135.37565585291233|5
INPUT|5437|79335968077|3|cancel_ack|1|13|1|0
INPUT|5438|79335968077|3|sync|0
INPUT|5439|79335968077|3|receiver_state|search
INPUT|5440|79335971086|5|received|1|79.335971086000001|140.8759451711563|5
INPUT|5441|79335971086|5|sync|0
INPUT|5442|79335971086|5|receiver_state|search
INPUT|5443|79335983527|4|sync|0
INPUT|5444|79335983527|4|receiver_state|search
DRAW|5445|79404000000|1|77|0|31|29
TX|5446|79404000000|1|8|33|0|29|5|1
TXFRAME|79404000000|1|0|1|3|13|1|25|182
INPUT|5447|79404008077|3|sync|1
INPUT|5448|79404008077|3|receiver_state|search
INPUT|5449|79404011086|5|sync|1
INPUT|5450|79404011086|5|receiver_state|search
INPUT|5451|79404023527|4|sync|0
INPUT|5452|79404023527|4|receiver_state|search
INPUT|5453|79410638077|3|receiver_state|track
INPUT|5454|79410641086|5|receiver_state|track
INPUT|5455|79417268077|3|sync|0
INPUT|5456|79417271086|5|sync|0
INPUT|5457|79452960000|1|sync|0
INPUT|5458|79452960000|1|receiver_state|search
INPUT|5459|79452968077|3|received|1|79.452968076999994|135.37565585291233|29
INPUT|5460|79452968077|3|cancel_ack|1|13|1|0
INPUT|5461|79452968077|3|sync|0
INPUT|5462|79452968077|3|receiver_state|search
INPUT|5463|79452971086|5|received|1|79.452971086000005|140.8759451711563|29
INPUT|5464|79452971086|5|sync|0
INPUT|5465|79452971086|5|receiver_state|search
INPUT|5466|79452983527|4|sync|0
INPUT|5467|79452983527|4|receiver_state|search
FRAME|185|3|3|5|9|6|7|1|0|0|0|0|0|8|1|33|-103|39|9|60|5:9;1:13|000003000005000907f1060208014afbfa0001020000050009000001000d00100f000003000b08fbfa030102ffffffffff000000000000000a000102ffffff00000000000a00010200000401000200003a34000005000004358f
INPUT|5468|79662000028|3|enqueue|5|7|1|185
DRAW|5469|79664000000|3|69|0|31|14
DRAW|5470|79859000000|3|70|0|31|21
TX|5471|79859000000|3|8|33|0|21|14|1
TXFRAME|79859000000|3|0|3|5|9|6|39|185
INPUT|5472|79859008077|1|sync|1
INPUT|5473|79859008077|1|receiver_state|search
INPUT|5474|79859019163|5|sync|1
INPUT|5475|79859019163|5|receiver_state|search
INPUT|5476|79865638077|1|receiver_state|track
INPUT|5477|79865649163|5|receiver_state|track
INPUT|5478|79872268077|1|sync|0
INPUT|5479|79872279163|5|sync|0
INPUT|5480|79922240000|3|sync|0
INPUT|5481|79922240000|3|receiver_state|search
INPUT|5482|79922248077|1|received|3|79.922248077000006|135.37565585291233|21
FRAME|186|1|1|3|13|1|7|0|1|0|0|0|0|8|1|33|-103|25|4|0||000001000003000d0722010008014afbfa
INPUT|5483|79922248077|1|enqueue|3|7|0|186
INPUT|5484|79922248077|1|sync|0
INPUT|5485|79922248077|1|receiver_state|search
DRAW|5486|79922248077|1|78|0|31|28
INPUT|5487|79922259163|5|received|3|79.922259163000007|150.38302059636848|21
INPUT|5488|79922259163|5|active|4
INPUT|5489|79922259163|5|reported|3
FRAME|187|5|5|3|9|1|7|0|1|0|0|0|0|8|1|33|-103|25|4|0||00000500000300090722010008014afbfa
INPUT|5490|79922259163|5|enqueue|3|7|0|187
INPUT|5491|79922259163|5|sync|0
INPUT|5492|79922259163|5|receiver_state|search
DRAW|5493|79922259163|5|68|0|31|29
INPUT|5494|80028000000|2|receiver_state|search
INPUT|5495|80028000000|7|receiver_state|search
INPUT|5496|80028000000|8|receiver_state|search
INPUT|5497|80036900000|2|receiver_state|idle
INPUT|5498|80036900000|7|receiver_state|idle
INPUT|5499|80036900000|8|receiver_state|idle
DRAW|5500|80288000000|1|79|0|31|13
TX|5501|80288000000|1|8|33|0|13|28|1
TXFRAME|80288000000|1|0|1|3|13|1|25|186
INPUT|5502|80288008077|3|sync|1
INPUT|5503|80288008077|3|receiver_state|search
INPUT|5504|80288011086|5|sync|1
INPUT|5505|80288011086|5|receiver_state|search
INPUT|5506|80288023527|4|sync|0
INPUT|5507|80288023527|4|receiver_state|search
INPUT|5508|80294638077|3|receiver_state|track
INPUT|5509|80294641086|5|receiver_state|track
INPUT|5510|80301268077|3|sync|0
INPUT|5511|80301271086|5|sync|0
INPUT|5512|80336960000|1|sync|0
INPUT|5513|80336960000|1|receiver_state|search
INPUT|5514|80336968077|3|received|1|80.336968076999995|135.37565585291233|13
INPUT|5515|80336968077|3|cancel_ack|1|13|1|0
INPUT|5516|80336968077|3|sync|0
INPUT|5517|80336968077|3|receiver_state|search
INPUT|5518|80336971086|5|received|1|80.336971086000005|140.8759451711563|13
INPUT|5519|80336971086|5|sync|0
INPUT|5520|80336971086|5|receiver_state|search
INPUT|5521|80336983527|4|sync|0
INPUT|5522|80336983527|4|receiver_state|search
DRAW|5523|80340000000|5|69|0|31|11
TX|5524|80340000000|5|8|33|0|11|29|1
TXFRAME|80340000000|5|0|5|3|9|1|25|187
INPUT|5525|80340011086|1|sync|1
INPUT|5526|80340011086|1|receiver_state|search
INPUT|5527|80340012444|4|sync|1
INPUT|5528|80340012444|4|receiver_state|search
INPUT|5529|80340019163|3|sync|1
INPUT|5530|80340019163|3|receiver_state|search
INPUT|5531|80346641086|1|receiver_state|track
INPUT|5532|80346642444|4|receiver_state|track
INPUT|5533|80346649163|3|receiver_state|track
INPUT|5534|80353271086|1|sync|0
INPUT|5535|80353272444|4|sync|0
INPUT|5536|80353279163|3|sync|0
INPUT|5537|80388960000|5|sync|0
INPUT|5538|80388960000|5|receiver_state|search
INPUT|5539|80388971086|1|received|5|80.388971085999998|140.8759451711563|11
INPUT|5540|80388971086|1|sync|0
INPUT|5541|80388971086|1|receiver_state|search
INPUT|5542|80388972444|4|received|5|80.388972444000004|142.88390553075294|11
INPUT|5543|80388972444|4|sync|0
INPUT|5544|80388972444|4|receiver_state|search
INPUT|5545|80388979163|3|received|5|80.388979163000002|150.38302059636848|11
INPUT|5546|80388979163|3|cancel_ack|5|9|1|0
INPUT|5547|80388979163|3|sync|0
INPUT|5548|80388979163|3|receiver_state|search
DRAW|5549|80535000000|5|70|0|31|21
TX|5550|80535000000|5|8|33|0|21|11|1
TXFRAME|80535000000|5|0|5|3|9|1|25|187
INPUT|5551|80535011086|1|sync|1
INPUT|5552|80535011086|1|receiver_state|search
INPUT|5553|80535012444|4|sync|1
INPUT|5554|80535012444|4|receiver_state|search
INPUT|5555|80535019163|3|sync|1
INPUT|5556|80535019163|3|receiver_state|search
INPUT|5557|80541641086|1|receiver_state|track
INPUT|5558|80541642444|4|receiver_state|track
INPUT|5559|80541649163|3|receiver_state|track
INPUT|5560|80548271086|1|sync|0
INPUT|5561|80548272444|4|sync|0
INPUT|5562|80548279163|3|sync|0
INPUT|5563|80583960000|5|sync|0
INPUT|5564|80583960000|5|receiver_state|search
INPUT|5565|80583971086|1|received|5|80.583971086000005|140.8759451711563|21
INPUT|5566|80583971086|1|sync|0
INPUT|5567|80583971086|1|receiver_state|search
INPUT|5568|80583972444|4|received|5|80.583972443999997|142.88390553075294|21
INPUT|5569|80583972444|4|sync|0
INPUT|5570|80583972444|4|receiver_state|search
INPUT|5571|80583979163|3|received|5|80.583979162999995|150.38302059636848|21
INPUT|5572|80583979163|3|cancel_ack|5|9|1|0
INPUT|5573|80583979163|3|sync|0
INPUT|5574|80583979163|3|receiver_state|search
DRAW|5575|80587000000|1|80|0|31|17
TX|5576|80587000000|1|8|33|0|17|13|1
TXFRAME|80587000000|1|0|1|3|13|1|25|186
INPUT|5577|80587008077|3|sync|1
INPUT|5578|80587008077|3|receiver_state|search
INPUT|5579|80587011086|5|sync|1
INPUT|5580|80587011086|5|receiver_state|search
INPUT|5581|80587023527|4|sync|0
INPUT|5582|80587023527|4|receiver_state|search
INPUT|5583|80593638077|3|receiver_state|track
INPUT|5584|80593641086|5|receiver_state|track
INPUT|5585|80600268077|3|sync|0
INPUT|5586|80600271086|5|sync|0
INPUT|5587|80635960000|1|sync|0
INPUT|5588|80635960000|1|receiver_state|search
INPUT|5589|80635968077|3|received|1|80.635968077000001|135.37565585291233|17
INPUT|5590|80635968077|3|cancel_ack|1|13|1|0
INPUT|5591|80635968077|3|sync|0
INPUT|5592|80635968077|3|receiver_state|search
INPUT|5593|80635971086|5|received|1|80.635971085999998|140.8759451711563|17
INPUT|5594|80635971086|5|sync|0
INPUT|5595|80635971086|5|receiver_state|search
INPUT|5596|80635983527|4|sync|0
INPUT|5597|80635983527|4|receiver_state|search
DRAW|5598|80860000000|1|81|0|31|14
TX|5599|80860000000|1|8|33|0|14|17|1
TXFRAME|80860000000|1|0|1|3|13|1|25|186
INPUT|5600|80860008077|3|sync|1
INPUT|5601|80860008077|3|receiver_state|search
INPUT|5602|80860011086|5|sync|1
INPUT|5603|80860011086|5|receiver_state|search
INPUT|5604|80860023527|4|sync|0
INPUT|5605|80860023527|4|receiver_state|search
INPUT|5606|80866638077|3|receiver_state|track
INPUT|5607|80866641086|5|receiver_state|track
INPUT|5608|80873268077|3|sync|0
INPUT|5609|80873271086|5|sync|0
INPUT|5610|80908960000|1|sync|0
INPUT|5611|80908960000|1|receiver_state|search
INPUT|5612|80908968077|3|received|1|80.908968076999997|135.37565585291233|14
INPUT|5613|80908968077|3|cancel_ack|1|13|1|0
INPUT|5614|80908968077|3|sync|0
INPUT|5615|80908968077|3|receiver_state|search
INPUT|5616|80908971086|5|received|1|80.908971085999994|140.8759451711563|14
INPUT|5617|80908971086|5|sync|0
INPUT|5618|80908971086|5|receiver_state|search
INPUT|5619|80908983527|4|sync|0
INPUT|5620|80908983527|4|receiver_state|search
DRAW|5621|80938000000|5|71|0|31|22
TX|5622|80938000000|5|8|33|0|22|21|1
TXFRAME|80938000000|5|0|5|3|9|1|25|187
INPUT|5623|80938011086|1|sync|1
INPUT|5624|80938011086|1|receiver_state|search
INPUT|5625|80938012444|4|sync|1
INPUT|5626|80938012444|4|receiver_state|search
INPUT|5627|80938019163|3|sync|1
INPUT|5628|80938019163|3|receiver_state|search
INPUT|5629|80944641086|1|receiver_state|track
INPUT|5630|80944642444|4|receiver_state|track
INPUT|5631|80944649163|3|receiver_state|track
INPUT|5632|80951271086|1|sync|0
INPUT|5633|80951272444|4|sync|0
INPUT|5634|80951279163|3|sync|0
INPUT|5635|80986960000|5|sync|0
INPUT|5636|80986960000|5|receiver_state|search
INPUT|5637|80986971086|1|received|5|80.986971085999997|140.8759451711563|22
INPUT|5638|80986971086|1|sync|0
INPUT|5639|80986971086|1|receiver_state|search
INPUT|5640|80986972444|4|received|5|80.986972444000003|142.88390553075294|22
INPUT|5641|80986972444|4|sync|0
INPUT|5642|80986972444|4|receiver_state|search
INPUT|5643|80986979163|3|received|5|80.986979163000001|150.38302059636848|22
INPUT|5644|80986979163|3|cancel_ack|5|9|1|0
INPUT|5645|80986979163|3|sync|0
INPUT|5646|80986979163|3|receiver_state|search
INPUT|5647|81016000000|2|receiver_state|search
INPUT|5648|81016000000|7|receiver_state|search
INPUT|5649|81016000000|8|receiver_state|search
INPUT|5650|81024900000|2|receiver_state|idle
INPUT|5651|81024900000|7|receiver_state|idle
INPUT|5652|81024900000|8|receiver_state|idle
DRAW|5653|81133000000|1|82|0|31|14
TX|5654|81133000000|1|8|33|0|14|14|1
TXFRAME|81133000000|1|0|1|3|13|1|25|186
INPUT|5655|81133008077|3|sync|1
INPUT|5656|81133008077|3|receiver_state|search
INPUT|5657|81133011086|5|sync|1
INPUT|5658|81133011086|5|receiver_state|search
INPUT|5659|81133023527|4|sync|0
INPUT|5660|81133023527|4|receiver_state|search
INPUT|5661|81139638077|3|receiver_state|track
INPUT|5662|81139641086|5|receiver_state|track
INPUT|5663|81146268077|3|sync|0
INPUT|5664|81146271086|5|sync|0
INPUT|5665|81181960000|1|sync|0
INPUT|5666|81181960000|1|receiver_state|search
INPUT|5667|81181968077|3|received|1|81.181968076999993|135.37565585291233|14
INPUT|5668|81181968077|3|cancel_ack|1|13|1|0
INPUT|5669|81181968077|3|sync|0
INPUT|5670|81181968077|3|receiver_state|search
INPUT|5671|81181971086|5|received|1|81.181971086000004|140.8759451711563|14
INPUT|5672|81181971086|5|sync|0
INPUT|5673|81181971086|5|receiver_state|search
INPUT|5674|81181983527|4|sync|0
INPUT|5675|81181983527|4|receiver_state|search
DRAW|5676|81315000000|5|72|0|31|22
TX|5677|81315000000|5|8|33|0|22|22|1
TXFRAME|81315000000|5|0|5|3|9|1|25|187
INPUT|5678|81315011086|1|sync|1
INPUT|5679|81315011086|1|receiver_state|search
INPUT|5680|81315012444|4|sync|1
INPUT|5681|81315012444|4|receiver_state|search
INPUT|5682|81315019163|3|sync|1
INPUT|5683|81315019163|3|receiver_state|search
INPUT|5684|81321641086|1|receiver_state|track
INPUT|5685|81321642444|4|receiver_state|track
INPUT|5686|81321649163|3|receiver_state|track
INPUT|5687|81328271086|1|sync|0
INPUT|5688|81328272444|4|sync|0
INPUT|5689|81328279163|3|sync|0
INPUT|5690|81363960000|5|sync|0
INPUT|5691|81363960000|5|receiver_state|search
INPUT|5692|81363971086|1|received|5|81.363971086000006|140.8759451711563|22
INPUT|5693|81363971086|1|sync|0
INPUT|5694|81363971086|1|receiver_state|search
INPUT|5695|81363972444|4|received|5|81.363972443999998|142.88390553075294|22
INPUT|5696|81363972444|4|sync|0
INPUT|5697|81363972444|4|receiver_state|search
INPUT|5698|81363979163|3|received|5|81.363979162999996|150.38302059636848|22
INPUT|5699|81363979163|3|cancel_ack|5|9|1|0
INPUT|5700|81363979163|3|sync|0
INPUT|5701|81363979163|3|receiver_state|search
DRAW|5702|81406000000|1|83|0|31|11
TX|5703|81406000000|1|8|33|0|11|14|1
TXFRAME|81406000000|1|0|1|3|13|1|25|186
INPUT|5704|81406008077|3|sync|1
INPUT|5705|81406008077|3|receiver_state|search
INPUT|5706|81406011086|5|sync|1
INPUT|5707|81406011086|5|receiver_state|search
INPUT|5708|81406023527|4|sync|0
INPUT|5709|81406023527|4|receiver_state|search
INPUT|5710|81412638077|3|receiver_state|track
INPUT|5711|81412641086|5|receiver_state|track
INPUT|5712|81419268077|3|sync|0
INPUT|5713|81419271086|5|sync|0
INPUT|5714|81454960000|1|sync|0
INPUT|5715|81454960000|1|receiver_state|search
INPUT|5716|81454968077|3|received|1|81.454968077000004|135.37565585291233|11
INPUT|5717|81454968077|3|cancel_ack|1|13|1|0
INPUT|5718|81454968077|3|sync|0
INPUT|5719|81454968077|3|receiver_state|search
INPUT|5720|81454971086|5|received|1|81.454971086|140.8759451711563|11
INPUT|5721|81454971086|5|sync|0
INPUT|5722|81454971086|5|receiver_state|search
INPUT|5723|81454983527|4|sync|0
INPUT|5724|81454983527|4|receiver_state|search
DRAW|5725|81692000000|5|73|0|31|1
TX|5726|81692000000|5|8|33|0|1|22|1
TXFRAME|81692000000|5|0|5|3|9|1|25|187
INPUT|5727|81692011086|1|sync|1
INPUT|5728|81692011086|1|receiver_state|search
INPUT|5729|81692012444|4|sync|1
INPUT|5730|81692012444|4|receiver_state|search
INPUT|5731|81692019163|3|sync|1
INPUT|5732|81692019163|3|receiver_state|search
INPUT|5733|81698641086|1|receiver_state|track
INPUT|5734|81698642444|4|receiver_state|track
INPUT|5735|81698649163|3|receiver_state|track
INPUT|5736|81705271086|1|sync|0
INPUT|5737|81705272444|4|sync|0
INPUT|5738|81705279163|3|sync|0
INPUT|5739|81740960000|5|sync|0
INPUT|5740|81740960000|5|receiver_state|search
INPUT|5741|81740971086|1|received|5|81.740971086000002|140.8759451711563|1
INPUT|5742|81740971086|1|sync|0
INPUT|5743|81740971086|1|receiver_state|search
INPUT|5744|81740972444|4|received|5|81.740972443999993|142.88390553075294|1
INPUT|5745|81740972444|4|sync|0
INPUT|5746|81740972444|4|receiver_state|search
INPUT|5747|81740979163|3|received|5|81.740979163000006|150.38302059636848|1
INPUT|5748|81740979163|3|cancel_ack|5|9|1|0
INPUT|5749|81740979163|3|sync|0
INPUT|5750|81740979163|3|receiver_state|search
INPUT|5751|82004000000|2|receiver_state|search
INPUT|5752|82004000000|7|receiver_state|search
INPUT|5753|82004000000|8|receiver_state|search
INPUT|5754|82012900000|2|receiver_state|idle
INPUT|5755|82012900000|7|receiver_state|idle
INPUT|5756|82012900000|8|receiver_state|idle
INPUT|5757|82992000000|2|receiver_state|search
INPUT|5758|82992000000|7|receiver_state|search
INPUT|5759|82992000000|8|receiver_state|search
INPUT|5760|83000900000|2|receiver_state|idle
INPUT|5761|83000900000|7|receiver_state|idle
INPUT|5762|83000900000|8|receiver_state|idle
INPUT|5763|83980000000|2|receiver_state|search
INPUT|5764|83980000000|7|receiver_state|search
INPUT|5765|83980000000|8|receiver_state|search
INPUT|5766|83988900000|2|receiver_state|idle
INPUT|5767|83988900000|7|receiver_state|idle
INPUT|5768|83988900000|8|receiver_state|idle
INPUT|5769|84968000000|2|receiver_state|search
INPUT|5770|84968000000|7|receiver_state|search
INPUT|5771|84968000000|8|receiver_state|search
INPUT|5772|84976900000|2|receiver_state|idle
INPUT|5773|84976900000|7|receiver_state|idle
INPUT|5774|84976900000|8|receiver_state|idle
