time_ns=0 [NWK 1] Cleared selected-route preference dst=1 reason=no-valid-route
time_ns=0 [NWK 1] Selected route changed dst=1 reason=local capability changed pendingDestinations=1
time_ns=0 [NWK 1] nodeType=Gateway
time_ns=0 [NWK 1] Routing INFO changed reason=link-control limits changed
time_ns=0 [NWK 2] Cleared selected-route preference dst=2 reason=no-valid-route
time_ns=0 [NWK 2] Selected route changed dst=2 reason=local capability changed pendingDestinations=1
time_ns=0 [NWK 2] nodeType=Routable
time_ns=0 [NWK 2] Routing INFO changed reason=link-control limits changed
time_ns=0 [NWK 3] Cleared selected-route preference dst=3 reason=no-valid-route
time_ns=0 [NWK 3] Selected route changed dst=3 reason=local capability changed pendingDestinations=1
time_ns=0 [NWK 3] nodeType=Routable
time_ns=0 [NWK 3] Routing INFO changed reason=link-control limits changed
time_ns=0 [NWK 4] Cleared selected-route preference dst=4 reason=no-valid-route
time_ns=0 [NWK 4] Selected route changed dst=4 reason=local capability changed pendingDestinations=1
time_ns=0 [NWK 4] nodeType=Routable
time_ns=0 [NWK 4] Routing INFO changed reason=link-control limits changed
time_ns=0 [NWK 5] Cleared selected-route preference dst=5 reason=no-valid-route
time_ns=0 [NWK 5] Selected route changed dst=5 reason=local capability changed pendingDestinations=1
time_ns=0 [NWK 5] nodeType=Routable
time_ns=0 [NWK 5] Routing INFO changed reason=link-control limits changed
time_ns=0 [NWK 7] Cleared selected-route preference dst=7 reason=no-valid-route
time_ns=0 [NWK 7] Selected route changed dst=7 reason=local capability changed pendingDestinations=1
time_ns=0 [NWK 7] nodeType=Routable
time_ns=0 [NWK 7] Routing INFO changed reason=link-control limits changed
time_ns=0 [NWK 8] Cleared selected-route preference dst=8 reason=no-valid-route
time_ns=0 [NWK 8] Selected route changed dst=8 reason=local capability changed pendingDestinations=1
time_ns=0 [NWK 8] nodeType=Routable
time_ns=0 [NWK 8] Routing INFO changed reason=link-control limits changed
time_ns=0 [NWK 1] Scheduling Gateway startup discovery delay=10s duration=30s
time_ns=0 [NWK 1] routesProcess grouped selected-route changes count=1 infoChanged=1 time=0
time_ns=0 [NWK 1] Source-owned self route dst=1 nextHop=1 cost=0 hops=0 capability=2 advertised=1
time_ns=0 [NWK 1] Consumed grouped route changes without recipients destinations=1 infoChanged=1
time_ns=0 [NWK 2] routesProcess grouped selected-route changes count=1 infoChanged=1 time=0
time_ns=0 [NWK 2] Source-owned self route dst=2 nextHop=2 cost=0 hops=0 capability=1 advertised=1
time_ns=0 [NWK 2] Consumed grouped route changes without recipients destinations=1 infoChanged=1
time_ns=0 [NWK 3] routesProcess grouped selected-route changes count=1 infoChanged=1 time=0
time_ns=0 [NWK 3] Source-owned self route dst=3 nextHop=3 cost=0 hops=0 capability=1 advertised=1
time_ns=0 [NWK 3] Consumed grouped route changes without recipients destinations=1 infoChanged=1
time_ns=0 [NWK 4] routesProcess grouped selected-route changes count=1 infoChanged=1 time=0
time_ns=0 [NWK 4] Source-owned self route dst=4 nextHop=4 cost=0 hops=0 capability=1 advertised=1
time_ns=0 [NWK 4] Consumed grouped route changes without recipients destinations=1 infoChanged=1
time_ns=0 [NWK 5] routesProcess grouped selected-route changes count=1 infoChanged=1 time=0
time_ns=0 [NWK 5] Source-owned self route dst=5 nextHop=5 cost=0 hops=0 capability=1 advertised=1
time_ns=0 [NWK 5] Consumed grouped route changes without recipients destinations=1 infoChanged=1
time_ns=0 [NWK 7] routesProcess grouped selected-route changes count=1 infoChanged=1 time=0
time_ns=0 [NWK 7] Source-owned self route dst=7 nextHop=7 cost=0 hops=0 capability=1 advertised=1
time_ns=0 [NWK 7] Consumed grouped route changes without recipients destinations=1 infoChanged=1
time_ns=0 [NWK 8] routesProcess grouped selected-route changes count=1 infoChanged=1 time=0
time_ns=0 [NWK 8] Source-owned self route dst=8 nextHop=8 cost=0 hops=0 capability=1 advertised=1
time_ns=0 [NWK 8] Consumed grouped route changes without recipients destinations=1 infoChanged=1
time_ns=10000000000 [NWK 1] Gateway startup discovery firing duration=30s
time_ns=10000000000 [NWK 1] DiscoveryStart Broadcast sequence=1 resetVerifiedNeighbors=0
time_ns=10000000000 [NWK 1] ARL Discover sent without Routes_PAYLOAD
time_ns=10000000000 [NWK 1] HELLO advertising 0 routes
time_ns=10000000000 [NWK 1] HELLO ARL route msg type=1
time_ns=10000000000 [HOP 1] link_control dest=16777215 neighborKnown=0 speed=8 txPower=33 rxPower=-103
time_ns=10000000000 [HOP 1] TX GroupEstablish Discover securityCount=1 securityBytes=7
time_ns=10000000000 [MAC] Enqueue TX pkt dscp=7 insert_pos=0 queue_size_before=0
time_ns=10000000000 [MAC 1] Idle queue schedules RTS TSLOT at 10.01
time_ns=10010000000 [MAC 1] PickTxSlot(dest=16777215) active_nodes_for_slotting=1 opnet_slot_range=31
time_ns=10010000000 [MAC 1] PickTxSlot(dest=16777215) avoid:
time_ns=10010000000 [MAC 1] PickTxSlot chose 9 using historical next_tslot modulo probe
time_ns=10010000000 [MAC 1] starts Pre-Tx with new slot=9 holdoff_over=0
time_ns=10310000000 [MAC 1] OPNET 300-ms transmit holdoff complete
time_ns=10439000000 [MAC 1] PickTxSlot(dest=16777215) active_nodes_for_slotting=1 opnet_slot_range=31
time_ns=10439000000 [MAC 1] PickTxSlot(dest=16777215) avoid:
time_ns=10439000000 [MAC 1] PickTxSlot chose 31 using historical next_tslot modulo probe
time_ns=10439000000 [MAC 1] TX opportunity reached currentSlot=9 reserveNextSlot=31
time_ns=10439000000 ... type=4 speedKey=8[t=10.439] TX from node 1 to dest 16777215 seq 1 size 19 bytes segments 1 at slot 31 rate 8 kbps txPower 33 dBm (7843.14 bps) preamble LONG duration 1.0353 s
time_ns=10439000000 [t=10.439] RX OCCLUDED at node 2 from node 1 seq 1
time_ns=10439000000 [t=10.439] RX OCCLUDED at node 7 from node 1 seq 1
time_ns=10439000000 [t=10.439] RX OCCLUDED at node 8 from node 1 seq 1
time_ns=10439000000 [MAC 1] OPNET aggregate transmitted segments=1 ackSegments=0 dataSegments=1 bytes=19 rate=8
time_ns=10439008077 [t=10.439] RX SYNC at node 3 from node 1 seq 1 power -102.376 dBm noise -106.975 dBm snr 4.59934 dB state=0
time_ns=10439011086 [t=10.439] RX SYNC at node 5 from node 1 seq 1 power -107.876 dBm noise -106.975 dBm snr -0.900945 dB state=0
time_ns=10439023527 [t=10.439] RX SYNC at node 4 from node 1 seq 1 power -120.948 dBm noise -106.975 dBm snr -13.9725 dB state=0 below-threshold
time_ns=10874630000 [t=10.8746] MAC 3 enters Track on node 1 seq 1 power -102.376 dBm
time_ns=10874630000 [t=10.8746] MAC 5 enters Track on node 1 seq 1 power -107.876 dBm
time_ns=11168000000 [MAC 3] OPNET 300-ms transmit holdoff complete
time_ns=11168000000 [MAC 5] OPNET 300-ms transmit holdoff complete
time_ns=11474300000 [MAC 1] post-TX WAIT_FOR_ACK until 28.4743 (POST_TX_WAIT=17 s)
time_ns=11474308077 [t=11.4743] RX at node 3 from node 1 seq 1 rate 8 kbps txPower 33 dBm preamble LONG pathloss 135.376 dB snr 4.59934 dB (slot 31, len 19B, ackable=0)
time_ns=11474308077 [MAC 3] Ignore first-contact reservation from unknown neighbor 1 slot=31
time_ns=11474308077 [HOP 3] New neighbor 1 heard at t=11.4743s
time_ns=11474308077 [HOP 3] Queue authenticated GroupEstablish pending KeyUpdate from=1 keyId=1 groupSeq=2
time_ns=11474308077 [MAC 3] active_nodes set to 2 for local slotting and post-TX wait
time_ns=11474308077 [NWK 3] active_nodes=2 pushed to MAC
time_ns=11474308077 [NWK 3] Authenticated Discover awaits group key neighbor=1 newNeighbor=1
time_ns=11474308077 [NWK 3] Sending source-faithful KeyRequest neighbor=1 noAck=1 retryDelayMs=5000
time_ns=11474308077 [HOP 3] link_control dest=1 neighborKnown=1 s0=-103 pathloss=135.376 failures=0 speed=8 txPower=33 rxPower=-103 cost=3587
time_ns=11474308077 [HOP 3] TX non-ACKed KeyRequest neighbor=1 hopSeq=1 keyId=1 keySeq=2 securityCount=1
time_ns=11474308077 [MAC] Enqueue TX pkt dscp=7 insert_pos=0 queue_size_before=0
time_ns=11474308077 [MAC 3] PickTxSlot(dest=1) active_nodes_for_slotting=2 opnet_slot_range=31
time_ns=11474308077 [MAC 3] PickTxSlot(dest=1) avoid:
time_ns=11474308077 [MAC 3] PickTxSlot chose 27 using historical next_tslot modulo probe
time_ns=11474308077 [MAC 3] starts Pre-Tx with new slot=27 holdoff_over=1
time_ns=11474311086 [t=11.4743] RX at node 5 from node 1 seq 1 rate 8 kbps txPower 33 dBm preamble LONG pathloss 140.876 dB snr -0.900945 dB (slot 31, len 19B, ackable=0)
time_ns=11474311086 [MAC 5] Ignore first-contact reservation from unknown neighbor 1 slot=31
time_ns=11474311086 [HOP 5] New neighbor 1 heard at t=11.4743s
time_ns=11474311086 [HOP 5] Queue authenticated GroupEstablish pending KeyUpdate from=1 keyId=1 groupSeq=2
time_ns=11474311086 [MAC 5] active_nodes set to 2 for local slotting and post-TX wait
time_ns=11474311086 [NWK 5] active_nodes=2 pushed to MAC
time_ns=11474311086 [NWK 5] Authenticated Discover awaits group key neighbor=1 newNeighbor=1
time_ns=11474311086 [NWK 5] Sending source-faithful KeyRequest neighbor=1 noAck=1 retryDelayMs=5000
time_ns=11474311086 [HOP 5] link_control dest=1 neighborKnown=1 s0=-103 pathloss=140.876 failures=0 speed=8 txPower=33 rxPower=-103 cost=7450
time_ns=11474311086 [HOP 5] TX non-ACKed KeyRequest neighbor=1 hopSeq=1 keyId=1 keySeq=2 securityCount=1
time_ns=11474311086 [MAC] Enqueue TX pkt dscp=7 insert_pos=0 queue_size_before=0
time_ns=11474311086 [MAC 5] PickTxSlot(dest=1) active_nodes_for_slotting=2 opnet_slot_range=31
time_ns=11474311086 [MAC 5] PickTxSlot(dest=1) avoid:
time_ns=11474311086 [MAC 5] PickTxSlot chose 29 using historical next_tslot modulo probe
time_ns=11474311086 [MAC 5] starts Pre-Tx with new slot=29 holdoff_over=1
time_ns=11474323527 [t=11.4743] RX MISS at node 4 from node 1 seq 1
time_ns=11830000000 [MAC 3] PickTxSlot(dest=1) active_nodes_for_slotting=2 opnet_slot_range=31
time_ns=11830000000 [MAC 3] PickTxSlot(dest=1) avoid:
time_ns=11830000000 [MAC 3] PickTxSlot chose 4 using historical next_tslot modulo probe
time_ns=11830000000 [MAC 3] TX opportunity reached currentSlot=27 reserveNextSlot=4
time_ns=11830000000 ... type=8 speedKey=8[t=11.83] TX from node 3 to dest 1 seq 1 size 18 bytes segments 1 at slot 4 rate 8 kbps txPower 33 dBm (7843.14 bps) preamble SHORT duration 0.04182 s
time_ns=11830000000 [t=11.83] RX OCCLUDED at node 2 from node 3 seq 1
time_ns=11830000000 [t=11.83] RX OCCLUDED at node 4 from node 3 seq 1
time_ns=11830000000 [t=11.83] RX OCCLUDED at node 7 from node 3 seq 1
time_ns=11830000000 [t=11.83] RX OCCLUDED at node 8 from node 3 seq 1
time_ns=11830000000 [MAC 3] OPNET aggregate transmitted segments=1 ackSegments=0 dataSegments=1 bytes=18 rate=8
time_ns=11830008077 [t=11.83] RX SYNC at node 1 from node 3 seq 1 power -102.376 dBm noise -106.975 dBm snr 4.59934 dB state=1
time_ns=11830019163 [t=11.83] RX SYNC at node 5 from node 3 seq 1 power -117.383 dBm noise -106.975 dBm snr -10.408 dB state=1 below-threshold
time_ns=11836638077 [t=11.8366] MAC 1 enters Track on node 3 seq 1 power -102.376 dBm
time_ns=11856000000 [MAC 5] PickTxSlot(dest=1) active_nodes_for_slotting=2 opnet_slot_range=31
time_ns=11856000000 [MAC 5] PickTxSlot(dest=1) avoid:
time_ns=11856000000 [MAC 5] PickTxSlot chose 15 using historical next_tslot modulo probe
time_ns=11856000000 [MAC 5] TX opportunity reached currentSlot=29 reserveNextSlot=15
time_ns=11856000000 ... type=8 speedKey=8[t=11.856] TX from node 5 to dest 1 seq 1 size 18 bytes segments 1 at slot 15 rate 8 kbps txPower 33 dBm (7843.14 bps) preamble SHORT duration 0.04182 s
time_ns=11856000000 [t=11.856] RX OCCLUDED at node 2 from node 5 seq 1
time_ns=11856000000 [t=11.856] RX OCCLUDED at node 7 from node 5 seq 1
time_ns=11856000000 [t=11.856] RX OCCLUDED at node 8 from node 5 seq 1
time_ns=11856000000 [MAC 5] OPNET aggregate transmitted segments=1 ackSegments=0 dataSegments=1 bytes=18 rate=8
time_ns=11856011086 [t=11.856] RX SYNC at node 1 from node 5 seq 1 power -107.876 dBm noise -106.975 dBm snr -0.900945 dB state=2
time_ns=11856012444 [t=11.856] RX SYNC at node 4 from node 5 seq 1 power -109.884 dBm noise -106.975 dBm snr -2.90891 dB state=1
time_ns=11856019163 [t=11.856] RX SYNC at node 3 from node 5 seq 1 power -117.383 dBm noise -106.975 dBm snr -10.408 dB state=3
time_ns=11862642444 [t=11.8626] MAC 4 enters Track on node 5 seq 1 power -109.884 dBm
time_ns=11871820000 [MAC 3] post-TX WAIT_FOR_ACK until 30.3718 (POST_TX_WAIT=18.5 s)
time_ns=11871828077 [t=11.8718] RX at node 1 from node 3 seq 1 rate 8 kbps txPower 33 dBm preamble SHORT pathloss 135.376 dB snr 4.59934 dB (slot 4, len 18B, ackable=0)
time_ns=11871828077 [MAC 1] Ignore first-contact reservation from unknown neighbor 3 slot=4
time_ns=11871828077 [HOP 1] New neighbor 3 heard at t=11.8718s
time_ns=11871828077 [HOP 1] RX authenticated KeyRequest from=3 keyId=1 keySeq=2 securityCount=1
time_ns=11871828077 [NWK 1] KeyRequest accepted neighbor=3
time_ns=11871828077 [HOP 1] link_control dest=3 neighborKnown=1 s0=-103 pathloss=135.376 failures=0 speed=8 txPower=33 rxPower=-103 cost=3587
time_ns=11871828077 [HOP 1] TX reliable KeyUpdate neighbor=3 hopSeq=1 keyId=1 keySeq=2 groupKeyId=1 securityBytes=51
time_ns=11871828077 [MAC] Enqueue TX pkt dscp=7 insert_pos=0 queue_size_before=0
time_ns=11871828077 [NWK 1] KeyUpdate send active neighbor=3 reliable=1 securityBytes=51
time_ns=11871828077 [MAC 1] resumes Pre-Tx with live slot=31 counter=3
time_ns=11897820000 [MAC 5] post-TX WAIT_FOR_ACK until 30.3978 (POST_TX_WAIT=18.5 s)
time_ns=11897832444 [t=11.8978] RX OVERHEARD at node 4 from node 5 seq 1 rate 8 kbps txPower 33 dBm preamble SHORT pathloss 142.884 dB snr -2.90891 dB (slot 15, len 18B, ackable=0)
time_ns=11897832444 [MAC 4] Ignore first-contact reservation from unknown neighbor 5 slot=15
time_ns=11897832444 [HOP 4] New neighbor 5 heard at t=11.8978s
time_ns=11897832444 [HOP 4] Overheard frame from 5 for 1 type=8 ignored after neighbor update
time_ns=11897839163 [t=11.8978] RX MISS at node 3 from node 5 seq 1
time_ns=11921000000 [MAC 1] PickTxSlot(dest=3) active_nodes_for_slotting=1 opnet_slot_range=31
time_ns=11921000000 [MAC 1] PickTxSlot(dest=3) avoid:
time_ns=11921000000 [MAC 1] PickTxSlot chose 1 using historical next_tslot modulo probe
time_ns=11921000000 [MAC 1] TX opportunity reached currentSlot=31 reserveNextSlot=1
time_ns=11921000000 ... type=9 speedKey=8[t=11.921] TX from node 1 to dest 3 seq 1 size 62 bytes segments 1 at slot 1 rate 8 kbps txPower 33 dBm (7843.14 bps) preamble SHORT duration 0.0867 s
time_ns=11921000000 [t=11.921] RX OCCLUDED at node 2 from node 1 seq 1
time_ns=11921000000 [t=11.921] RX OCCLUDED at node 7 from node 1 seq 1
time_ns=11921000000 [t=11.921] RX OCCLUDED at node 8 from node 1 seq 1
time_ns=11921000000 [HOP 1] MAC sent confirmation dest=3 seq=1 transmission=1 sentAt=11.921
time_ns=11921000000 [MAC 1] OPNET aggregate transmitted segments=1 ackSegments=0 dataSegments=1 bytes=62 rate=8
time_ns=11921008077 [t=11.921] RX SYNC at node 3 from node 1 seq 1 power -102.376 dBm noise -106.975 dBm snr 4.59934 dB state=1
time_ns=11921011086 [t=11.921] RX SYNC at node 5 from node 1 seq 1 power -107.876 dBm noise -106.975 dBm snr -0.900945 dB state=1
time_ns=11921023527 [t=11.921] RX SYNC at node 4 from node 1 seq 1 power -120.948 dBm noise -106.975 dBm snr -13.9725 dB state=0 below-threshold
time_ns=11927638077 [t=11.9276] MAC 3 enters Track on node 1 seq 1 power -102.376 dBm
time_ns=11927641086 [t=11.9276] MAC 5 enters Track on node 1 seq 1 power -107.876 dBm
time_ns=12007700000 [MAC 1] post-TX WAIT_FOR_ACK until 29.0077 (POST_TX_WAIT=17 s)
time_ns=12007708077 [t=12.0077] RX at node 3 from node 1 seq 1 rate 8 kbps txPower 33 dBm preamble SHORT pathloss 135.376 dB snr 4.59934 dB (slot 1, len 62B, ackable=1)
time_ns=12007708077 [MAC 3] Learned neighbor 1 uses slot 1 (rtCounter=1)
time_ns=12007708077 [HOP 3] RX authenticated KeyUpdate from=1 keyId=1 keySeq=2 groupKeyId=1 securityCount=1
time_ns=12007708077 [HOP 3] link_control dest=1 neighborKnown=1 s0=-103 pathloss=135.376 failures=0 speed=8 txPower=33 rxPower=-103 cost=3587
time_ns=12007708077 [HOP 3] ACK KeyUpdate to 1 seq=1
time_ns=12007708077 [MAC 3] Enqueue ACK dest=1 seq=1 window=0 ack_queue_size=1
time_ns=12007708077 [NWK 3] KeyUpdate complete neighbor=1 receivedKey=1
time_ns=12007708077 [HOP 3] link_control dest=1 neighborKnown=1 s0=-103 pathloss=135.376 failures=0 speed=8 txPower=33 rxPower=-103 cost=3587
time_ns=12007708077 [HOP 3] TX reliable KeyUpdate neighbor=1 hopSeq=2 keyId=1 keySeq=3 groupKeyId=1 securityBytes=51
time_ns=12007708077 [MAC] Enqueue TX pkt dscp=7 insert_pos=0 queue_size_before=0
time_ns=12007708077 [NWK 3] KeyUpdate send active neighbor=1 reliable=1 securityBytes=51
time_ns=12007708077 [HOP 3] Replay queued GroupEstablish after KeyUpdate from=1 keyId=1 groupSeq=2
time_ns=12007708077 [NWK 3] Gateway learned node=1
time_ns=12007708077 [MAC 3] active_nodes set to 2 for local slotting and post-TX wait
time_ns=12007708077 [NWK 3] active_nodes=2 pushed to MAC
time_ns=12007708077 [MAC 3] max_reported_active_nodes updated to 1
time_ns=12007708077 [NWK 3] Updated HELLO neighbor=1 hopSrc=1 speedKey=8 activeNodes=1 pathloss=135.376 snr=4.59934
time_ns=12007708077 [NWK 3] link_calc neighbor=1 s0=-103 pathloss=135.376 numFailures=0 speed=8 txPower=33 estDistance=287 speedMargin=0.624344 totalMargin=0.624344 costMode=local-only cost=3587
time_ns=12007708077 [NWK 3] Added route candidate dst=1 nextHop=1 hops=1 cost=3587 linkCost=3587 advCost=0 learnedFrom=1 selectionDeferred=0 selected=0
time_ns=12007708077 [NWK 3] ARL route message from 1 type=Discover advCount=0
time_ns=12007708077 [NWK 3] ProcessDiscover from 1 subtype=Broadcast sequence=1
time_ns=12007708077 [NWK 3] New discovery sequence from 1 old=0 new=1
time_ns=12007708077 [NWK 3] Discovery response pending key-send ACK neighbor=1 sequence=1
time_ns=12007708077 [NWK 3] Routes: dst=1->nh=1(hops=1,cost=3587,linkCost=3587,advCost=0,from=1,imm=1,pl=135.376,valid=1,path=[1])
time_ns=12007708077 [MAC 3] resumes Pre-Tx with live slot=4 counter=0
time_ns=12007711086 [t=12.0077] RX OVERHEARD at node 5 from node 1 seq 1 rate 8 kbps txPower 33 dBm preamble SHORT pathloss 140.876 dB snr -0.900945 dB (slot 1, len 62B, ackable=1)
time_ns=12007711086 [MAC 5] Learned neighbor 1 uses slot 1 (rtCounter=1)
time_ns=12007711086 [HOP 5] Overheard frame from 1 for 3 type=9 ignored after neighbor update
time_ns=12007723527 [t=12.0077] RX MISS at node 4 from node 1 seq 1
time_ns=12012000000 [MAC 3] PickTxSlot(dest=1) active_nodes_for_slotting=2 opnet_slot_range=31
time_ns=12012000000 [MAC 3] avoiding neighbor 1 currentReservedSlot=0 rtslot_counter=0
time_ns=12012000000 [MAC 3] PickTxSlot(dest=1) avoid:
time_ns=12012000000 [MAC 3] PickTxSlot chose 10 using historical next_tslot modulo probe
time_ns=12012000000 [MAC 3] TX opportunity reached currentSlot=4 reserveNextSlot=10
time_ns=12012000000 ... type=1 speedKey=8[t=12.012] TX from node 3 to dest 1 seq 1 size 87 bytes segments 2 at slot 10 rate 8 kbps txPower 33 dBm (7843.14 bps) preamble SHORT duration 0.1122 s
time_ns=12012000000 [t=12.012] RX OCCLUDED at node 2 from node 3 seq 1
time_ns=12012000000 [t=12.012] RX OCCLUDED at node 4 from node 3 seq 1
time_ns=12012000000 [t=12.012] RX OCCLUDED at node 7 from node 3 seq 1
time_ns=12012000000 [t=12.012] RX OCCLUDED at node 8 from node 3 seq 1
time_ns=12012000000 [HOP 3] MAC sent confirmation dest=1 seq=2 transmission=1 sentAt=12.012
time_ns=12012000000 [MAC 3] ACK transmitted in aggregate dest=1 seq=1 txCount=1/5
time_ns=12012000000 [MAC 3] OPNET aggregate transmitted segments=2 ackSegments=1 dataSegments=1 bytes=87 rate=8
time_ns=12012008077 [t=12.012] RX SYNC at node 1 from node 3 seq 1 power -102.376 dBm noise -106.975 dBm snr 4.59934 dB state=1
time_ns=12012019163 [t=12.012] RX SYNC at node 5 from node 3 seq 1 power -117.383 dBm noise -106.975 dBm snr -10.408 dB state=1 below-threshold
time_ns=12018638077 [t=12.0186] MAC 1 enters Track on node 3 seq 1 power -102.376 dBm
time_ns=12025000000 [MAC 5] rtslot_counter expired for neighbor 1 reserveSlot=1
time_ns=12124200000 [MAC 3] resumes Pre-Tx with live slot=10 counter=10
time_ns=12124208077 [t=12.1242] RX at node 1 from node 3 seq 1 rate 8 kbps txPower 33 dBm preamble SHORT pathloss 135.376 dB snr 4.59934 dB (slot 10, len 87B, ackable=1)
time_ns=12124208077 [MAC 1] Learned neighbor 3 uses slot 10 (rtCounter=10)
time_ns=12124208077 [HOP 1] RX ACK from 3 seq=1
time_ns=12124208077 [HOP 1] Reliable KeyUpdate completed neighbor=3 seq=1
time_ns=12124208077 [NWK 1] KeyUpdate send completion neighbor=3 acknowledged=1 sentKey=1
time_ns=12124208077 [NWK 1] Sending source-faithful KeyRequest neighbor=3 noAck=1 retryDelayMs=10000
time_ns=12124208077 [HOP 1] link_control dest=3 neighborKnown=1 s0=-103 pathloss=135.376 failures=0 speed=8 txPower=33 rxPower=-103 cost=3587
time_ns=12124208077 [HOP 1] TX non-ACKed KeyRequest neighbor=3 hopSeq=2 keyId=1 keySeq=3 securityCount=1
time_ns=12124208077 [MAC] Enqueue TX pkt dscp=7 insert_pos=0 queue_size_before=0
time_ns=12124208077 [HOP 1] RX authenticated KeyUpdate from=3 keyId=1 keySeq=3 groupKeyId=1 securityCount=1
time_ns=12124208077 [HOP 1] link_control dest=3 neighborKnown=1 s0=-103 pathloss=135.376 failures=0 speed=8 txPower=33 rxPower=-103 cost=3587
time_ns=12124208077 [HOP 1] ACK KeyUpdate to 3 seq=2
time_ns=12124208077 [MAC 1] Enqueue ACK dest=3 seq=2 window=0 ack_queue_size=1
time_ns=12124208077 [NWK 1] KeyUpdate complete neighbor=3 receivedKey=1
time_ns=12124208077 [NWK 1] Sending CHECK_OVERHEARD after two-sided key exchange neighbor=3
time_ns=12124208077 [NWK 1] Sending targeted ARL NeighborCheck neighbor=3 subtype=Overheard
time_ns=12124208077 [HOP 1] link_control dest=3 neighborKnown=1 s0=-103 pathloss=135.376 failures=0 speed=8 txPower=33 rxPower=-103 cost=3587
time_ns=12124208077 [HOP 1] TX reliable NeighborCheck to 3 seq=3
time_ns=12124208077 [MAC] Enqueue TX pkt dscp=7 insert_pos=1 queue_size_before=1
time_ns=12124208077 [MAC 1] resumes Pre-Tx with live slot=1 counter=0
time_ns=12124208105 [NWK 1] CheckNwkQueue: size=0
time_ns=12129000000 [MAC 3] rtslot_counter expired for neighbor 1 reserveSlot=1
time_ns=12129000000 [MAC 1] PickTxSlot(dest=3) active_nodes_for_slotting=1 opnet_slot_range=31
time_ns=12129000000 [MAC 1] avoiding neighbor 3 currentReservedSlot=9 rtslot_counter=9
time_ns=12129000000 [MAC 1] PickTxSlot(dest=3) avoid: 9
time_ns=12129000000 [MAC 1] PickTxSlot chose 17 using historical next_tslot modulo probe
time_ns=12129000000 [MAC 1] TX opportunity reached currentSlot=1 reserveNextSlot=17
time_ns=12129000000 ... type=1 speedKey=8[t=12.129] TX from node 1 to dest 3 seq 2 size 59 bytes segments 3 at slot 17 rate 8 kbps txPower 33 dBm (7843.14 bps) preamble SHORT duration 0.08364 s
time_ns=12129000000 [t=12.129] RX OCCLUDED at node 2 from node 1 seq 2
time_ns=12129000000 [t=12.129] RX OCCLUDED at node 7 from node 1 seq 2
time_ns=12129000000 [t=12.129] RX OCCLUDED at node 8 from node 1 seq 2
time_ns=12129000000 [HOP 1] MAC sent confirmation dest=3 seq=3 transmission=1 sentAt=12.129
time_ns=12129000000 [MAC 1] ACK transmitted in aggregate dest=3 seq=2 txCount=1/5
time_ns=12129000000 [MAC 1] OPNET aggregate transmitted segments=3 ackSegments=1 dataSegments=2 bytes=59 rate=8
time_ns=12129008077 [t=12.129] RX SYNC at node 3 from node 1 seq 2 power -102.376 dBm noise -106.975 dBm snr 4.59934 dB state=1
time_ns=12129011086 [t=12.129] RX SYNC at node 5 from node 1 seq 2 power -107.876 dBm noise -106.975 dBm snr -0.900945 dB state=1
time_ns=12129023527 [t=12.129] RX SYNC at node 4 from node 1 seq 2 power -120.948 dBm noise -106.975 dBm snr -13.9725 dB state=0 below-threshold
time_ns=12135638077 [t=12.1356] MAC 3 enters Track on node 1 seq 2 power -102.376 dBm
time_ns=12135641086 [t=12.1356] MAC 5 enters Track on node 1 seq 2 power -107.876 dBm
time_ns=12212640000 [MAC 1] resumes Pre-Tx with live slot=17 counter=17
time_ns=12212648077 [t=12.2126] RX at node 3 from node 1 seq 2 rate 8 kbps txPower 33 dBm preamble SHORT pathloss 135.376 dB snr 4.59934 dB (slot 17, len 59B, ackable=1)
time_ns=12212648077 [MAC 3] Learned neighbor 1 uses slot 17 (rtCounter=17)
time_ns=12212648077 [HOP 3] RX ACK from 1 seq=2
time_ns=12212648077 [HOP 3] Reliable KeyUpdate completed neighbor=1 seq=2
time_ns=12212648077 [NWK 3] KeyUpdate send completion neighbor=1 acknowledged=1 sentKey=1
time_ns=12212648077 [NWK 3] Sending deferred Discovery NeighborCheck neighbor=1 sequence=1 afterKeySend=1
time_ns=12212648077 [NWK 3] Sending targeted ARL NeighborCheck neighbor=1 subtype=Discovery discoverySequence=1
time_ns=12212648077 [HOP 3] link_control dest=1 neighborKnown=1 s0=-103 pathloss=135.376 failures=0 speed=8 txPower=33 rxPower=-103 cost=3587
time_ns=12212648077 [HOP 3] TX reliable NeighborCheck to 1 seq=3
time_ns=12212648077 [MAC] Enqueue TX pkt dscp=7 insert_pos=0 queue_size_before=0
time_ns=12212648077 [HOP 3] RX authenticated KeyRequest from=1 keyId=1 keySeq=3 securityCount=1
time_ns=12212648077 [NWK 3] KeyRequest received after completed KeyUpdate neighbor=1 ageMs=0 recent-key-suppressed
time_ns=12212648077 [HOP 3] RX reliable NeighborCheck from 1 seq=3 firstReception=1
time_ns=12212648077 [MAC 3] active_nodes set to 2 for local slotting and post-TX wait
time_ns=12212648077 [NWK 3] active_nodes=2 pushed to MAC
time_ns=12212648077 [NWK 3] Updated HELLO neighbor=1 hopSrc=1 speedKey=8 activeNodes=1 pathloss=135.376 snr=4.59934
time_ns=12212648077 [NWK 3] link_calc neighbor=1 s0=-103 pathloss=135.376 numFailures=0 speed=8 txPower=33 estDistance=287 speedMargin=0.624344 totalMargin=0.624344 costMode=local-only cost=3587
time_ns=12212648077 [NWK 3] Updated route candidate dst=1 nextHop=1 hops=1 oldCost=3587 newCost=3587 valid=1->1 selectionDeferred=0 selected=0
time_ns=12212648077 [NWK 3] ARL route message from 1 type=NeighborCheck advCount=0
time_ns=12212648077 [NWK 3] ProcessNeighborCheck from 1 subtype=Overheard pathloss=135.376 snr=4.59934 linkCost=3587 advCount=0
time_ns=12212648077 [NWK 3] NeighborCheck Overheard received from 1
time_ns=12212648077 [NWK 3] Sending CHECK_OVERHEARD after two-sided key exchange neighbor=1
time_ns=12212648077 [NWK 3] Sending targeted ARL NeighborCheck neighbor=1 subtype=Overheard
time_ns=12212648077 [HOP 3] link_control dest=1 neighborKnown=1 s0=-103 pathloss=135.376 failures=0 speed=8 txPower=33 rxPower=-103 cost=3587
time_ns=12212648077 [HOP 3] TX reliable NeighborCheck to 1 seq=4
time_ns=12212648077 [MAC] Enqueue TX pkt dscp=7 insert_pos=1 queue_size_before=1
time_ns=12212648077 [NWK 3] Routes: dst=1->nh=1(hops=1,cost=3587,linkCost=3587,advCost=0,from=1,imm=1,pl=135.376,valid=1,path=[1])
time_ns=12212648077 [HOP 3] link_control dest=1 neighborKnown=1 s0=-103 pathloss=135.376 failures=0 speed=8 txPower=33 rxPower=-103 cost=3587
time_ns=12212648077 [HOP 3] ACK NeighborCheck to 1 seq=3
time_ns=12212648077 [MAC 3] Enqueue ACK dest=1 seq=3 window=0 ack_queue_size=2
time_ns=12212648105 [NWK 3] CheckNwkQueue: size=0
time_ns=12212651086 [t=12.2127] RX OVERHEARD at node 5 from node 1 seq 2 rate 8 kbps txPower 33 dBm preamble SHORT pathloss 140.876 dB snr -0.900945 dB (slot 17, len 59B, ackable=1)
time_ns=12212651086 [MAC 5] Learned neighbor 1 uses slot 17 (rtCounter=17)
time_ns=12212651086 [HOP 5] Overheard frame from 1 for 3 type=1 ignored after neighbor update
time_ns=12212651086 [HOP 5] Overheard frame from 1 for 3 type=8 ignored after neighbor update
time_ns=12212651086 [HOP 5] Overheard frame from 1 for 3 type=5 ignored after neighbor update
time_ns=12212663527 [t=12.2127] RX MISS at node 4 from node 1 seq 2
time_ns=12259000000 [MAC 5] local advertised reservation expired
time_ns=12337000000 [MAC 3] PickTxSlot(dest=1) active_nodes_for_slotting=2 opnet_slot_range=31
time_ns=12337000000 [MAC 3] avoiding neighbor 1 currentReservedSlot=7 rtslot_counter=7
time_ns=12337000000 [MAC 3] PickTxSlot(dest=1) avoid: 7
time_ns=12337000000 [MAC 3] PickTxSlot chose 30 using historical next_tslot modulo probe
time_ns=12337000000 [MAC 3] TX opportunity reached currentSlot=10 reserveNextSlot=30
time_ns=12337000000 ... type=1 speedKey=8[t=12.337] TX from node 3 to dest 1 seq 1 size 82 bytes segments 4 at slot 30 rate 8 kbps txPower 33 dBm (7843.14 bps) preamble SHORT duration 0.1071 s
time_ns=12337000000 [t=12.337] RX OCCLUDED at node 2 from node 3 seq 1
time_ns=12337000000 [t=12.337] RX OCCLUDED at node 4 from node 3 seq 1
time_ns=12337000000 [t=12.337] RX OCCLUDED at node 7 from node 3 seq 1
time_ns=12337000000 [t=12.337] RX OCCLUDED at node 8 from node 3 seq 1
time_ns=12337000000 [HOP 3] MAC sent confirmation dest=1 seq=3 transmission=1 sentAt=12.337
time_ns=12337000000 [HOP 3] MAC sent confirmation dest=1 seq=4 transmission=1 sentAt=12.337
time_ns=12337000000 [MAC 3] ACK transmitted in aggregate dest=1 seq=1 txCount=2/5
time_ns=12337000000 [MAC 3] ACK transmitted in aggregate dest=1 seq=3 txCount=1/5
time_ns=12337000000 [MAC 3] OPNET aggregate transmitted segments=4 ackSegments=2 dataSegments=2 bytes=82 rate=8
time_ns=12337000000 [MAC 1] rtslot_counter expired for neighbor 3 reserveSlot=10
time_ns=12337008077 [t=12.337] RX SYNC at node 1 from node 3 seq 1 power -102.376 dBm noise -106.975 dBm snr 4.59934 dB state=1
time_ns=12337019163 [t=12.337] RX SYNC at node 5 from node 3 seq 1 power -117.383 dBm noise -106.975 dBm snr -10.408 dB state=1
time_ns=12343638077 [t=12.3436] MAC 1 enters Track on node 3 seq 1 power -102.376 dBm
time_ns=12343649163 [t=12.3436] MAC 5 enters Track on node 3 seq 1 power -117.383 dBm
time_ns=12444100000 [MAC 3] resumes Pre-Tx with live slot=30 counter=30
time_ns=12444108077 [t=12.4441] RX at node 1 from node 3 seq 1 rate 8 kbps txPower 33 dBm preamble SHORT pathloss 135.376 dB snr 4.59934 dB (slot 30, len 82B, ackable=1)
time_ns=12444108077 [MAC 1] Learned neighbor 3 uses slot 30 (rtCounter=30)
time_ns=12444108077 [HOP 1] RX ACK from 3 seq=1
time_ns=12444108077 [HOP 1] RX ACK from 3 seq=3
time_ns=12444108077 [HOP 1] Reliable NeighborCheck completed with 3 seq=3 subtype=3 discoverySequence=0
time_ns=12444108077 [NWK 1] NeighborCheck success neighbor=3 subtype=Overheard discoverySequence=0 stale=0->0 numFailures=0->0
time_ns=12444108077 [NWK 1] ARL neighbor ACTIVE neighbor=3 reason=ACKed NeighborCheck keys=two-sided
time_ns=12444108077 [HOP 1] RX reliable NeighborCheck from 3 seq=3 firstReception=1
time_ns=12444108077 [MAC 1] active_nodes set to 2 for local slotting and post-TX wait
time_ns=12444108077 [NWK 1] active_nodes=2 pushed to MAC
time_ns=12444108077 [MAC 1] max_reported_active_nodes updated to 1
time_ns=12444108077 [NWK 1] Updated HELLO neighbor=3 hopSrc=3 speedKey=8 activeNodes=0 pathloss=135.376 snr=4.59934
time_ns=12444108077 [NWK 1] link_calc neighbor=3 s0=-103 pathloss=135.376 numFailures=0 speed=8 txPower=33 estDistance=287 speedMargin=0.624344 totalMargin=0.624344 costMode=local-only cost=3587
time_ns=12444108077 [NWK 1] Added route candidate dst=3 nextHop=3 hops=1 cost=3587 linkCost=3587 advCost=0 learnedFrom=3 selectionDeferred=0 selected=1
time_ns=12444108077 [NWK 1] Updated selected-route preference dst=3 preferredNextHop=3
time_ns=12444108077 [NWK 1] Selected route changed dst=3 reason=candidate update pendingDestinations=1
time_ns=12444108077 [NWK 1] ARL route message from 3 type=NeighborCheck advCount=0
time_ns=12444108077 [NWK 1] ProcessNeighborCheck from 3 subtype=Discovery pathloss=135.376 snr=4.59934 linkCost=3587 advCount=0
time_ns=12444108077 [NWK 1] Discovery response from neighbor=3 responseSequence=1 localDiscoverySequence=1
time_ns=12444108077 [NWK 1] Discovery response accepted neighbor=3 verified=0->1 sequence=1 reportedActiveNodes=0
time_ns=12444108077 [NWK 1] Routes: dst=3->nh=3(hops=1,cost=3587,linkCost=3587,advCost=0,from=3,imm=1,pl=135.376,valid=1,path=[3])
time_ns=12444108077 [HOP 1] link_control dest=3 neighborKnown=1 s0=-103 pathloss=135.376 failures=0 speed=8 txPower=33 rxPower=-103 cost=3587
time_ns=12444108077 [HOP 1] ACK NeighborCheck to 3 seq=3
time_ns=12444108077 [MAC 1] Enqueue ACK dest=3 seq=3 window=0 ack_queue_size=2
time_ns=12444108077 [HOP 1] RX reliable NeighborCheck from 3 seq=4 firstReception=1
time_ns=12444108077 [MAC 1] active_nodes set to 2 for local slotting and post-TX wait
time_ns=12444108077 [NWK 1] active_nodes=2 pushed to MAC
time_ns=12444108077 [MAC 1] max_reported_active_nodes updated to 2
time_ns=12444108077 [NWK 1] Updated HELLO neighbor=3 hopSrc=3 speedKey=8 activeNodes=2 pathloss=135.376 snr=4.59934
time_ns=12444108077 [NWK 1] link_calc neighbor=3 s0=-103 pathloss=135.376 numFailures=0 speed=8 txPower=33 estDistance=287 speedMargin=0.624344 totalMargin=0.624344 costMode=local-only cost=3587
time_ns=12444108077 [NWK 1] Updated route candidate dst=3 nextHop=3 hops=1 oldCost=3587 newCost=3587 valid=1->1 selectionDeferred=0 selected=1
time_ns=12444108077 [NWK 1] ARL route message from 3 type=NeighborCheck advCount=0
time_ns=12444108077 [NWK 1] ProcessNeighborCheck from 3 subtype=Overheard pathloss=135.376 snr=4.59934 linkCost=3587 advCount=0
time_ns=12444108077 [NWK 1] NeighborCheck Overheard received from 3
time_ns=12444108077 [NWK 1] Routes: dst=3->nh=3(hops=1,cost=3587,linkCost=3587,advCost=0,from=3,imm=1,pl=135.376,valid=1,path=[3])
time_ns=12444108077 [HOP 1] link_control dest=3 neighborKnown=1 s0=-103 pathloss=135.376 failures=0 speed=8 txPower=33 rxPower=-103 cost=3587
time_ns=12444108077 [HOP 1] ACK NeighborCheck to 3 seq=4
time_ns=12444108077 [MAC 1] Enqueue ACK dest=3 seq=4 window=0 ack_queue_size=3
time_ns=12444108077 [NWK 1] Built ARL routing byte stream routingSequence=0 records=3 advertisedRoutes=1 recordBytes=29 sections=1 maxSectionBytes=700
time_ns=12444108077 [NWK 1] Starting reliable ARL RoutingSnapshot neighbor=3 routingSequence=0 sections=1
time_ns=12444108077 [NWK 1] Sending ARL RoutingSnapshot section=0/1 neighbor=3 routingSequence=0
time_ns=12444108077 [HOP 1] link_control dest=3 neighborKnown=1 s0=-103 pathloss=135.376 failures=0 speed=8 txPower=33 rxPower=-103 cost=3587
time_ns=12444108077 [HOP 1] TX reliable RoutingControl targets=3:4
time_ns=12444108077 [MAC] Enqueue TX pkt dscp=7 insert_pos=0 queue_size_before=0
time_ns=12444108077 [NWK 1] Armed RoutingSnapshot watchdog neighbor=3 phase=awaiting-independent-section-acks generation=1 timeoutSec=20
time_ns=12444108077 [NWK 1] routesProcess grouped selected-route changes count=1 infoChanged=0 time=12.4441
time_ns=12444108077 [NWK 1] Best route dst=3 nextHop=3 cost=3587 hops=1 learnedFrom=3 candidates=1 validCandidates=1
time_ns=12444108077 [NWK 1] Sending source-exact grouped route changes routingSequence=1 infoChanged=0 destinations=1 neighbors=1 groups=1 sections=1
time_ns=12444108077 [NWK 1] Retained grouped routing-control owner routingSequence=1 operation=Update section=0/1 destinations=1 owners=1
time_ns=12444108077 [HOP 1] link_control dest=3 neighborKnown=1 s0=-103 pathloss=135.376 failures=0 speed=8 txPower=33 rxPower=-103 cost=3587
time_ns=12444108077 [HOP 1] TX reliable RoutingControl targets=3:5
time_ns=12444108077 [MAC] Enqueue TX pkt dscp=7 insert_pos=1 queue_size_before=1
time_ns=12444108105 [NWK 1] CheckNwkQueue: size=0
time_ns=12444119163 [t=12.4441] RX OVERHEARD at node 5 from node 3 seq 1 rate 8 kbps txPower 33 dBm preamble SHORT pathloss 150.383 dB snr -10.408 dB (slot 30, len 82B, ackable=1)
time_ns=12444119163 [MAC 5] Ignore first-contact reservation from unknown neighbor 3 slot=30
time_ns=12444119163 [HOP 5] New neighbor 3 heard at t=12.4441s
time_ns=12444119163 [HOP 5] Overheard frame from 3 for 1 type=1 ignored after neighbor update
time_ns=12444119163 [HOP 5] Overheard frame from 3 for 1 type=1 ignored after neighbor update
time_ns=12444119163 [HOP 5] Overheard frame from 3 for 1 type=5 ignored after neighbor update
time_ns=12444119163 [HOP 5] Overheard frame from 3 for 1 type=5 ignored after neighbor update
time_ns=12545000000 [MAC 3] rtslot_counter expired for neighbor 1 reserveSlot=17
time_ns=12545000000 [MAC 5] rtslot_counter expired for neighbor 1 reserveSlot=17
time_ns=12545000000 [MAC 1] PickTxSlot(dest=3) active_nodes_for_slotting=2 opnet_slot_range=31
time_ns=12545000000 [MAC 1] avoiding neighbor 3 currentReservedSlot=22 rtslot_counter=22
time_ns=12545000000 [MAC 1] PickTxSlot(dest=3) avoid: 22
time_ns=12545000000 [MAC 1] PickTxSlot chose 26 using historical next_tslot modulo probe
time_ns=12545000000 [MAC 1] TX opportunity reached currentSlot=17 reserveNextSlot=26
time_ns=12545000000 ... type=1 speedKey=8[t=12.545] TX from node 1 to dest 3 seq 2 size 152 bytes segments 5 at slot 26 rate 8 kbps txPower 33 dBm (7843.14 bps) preamble SHORT duration 0.1785 s
time_ns=12545000000 [t=12.545] RX OCCLUDED at node 2 from node 1 seq 2
time_ns=12545000000 [t=12.545] RX OCCLUDED at node 7 from node 1 seq 2
time_ns=12545000000 [t=12.545] RX OCCLUDED at node 8 from node 1 seq 2
time_ns=12545000000 [HOP 1] MAC sent confirmation dest=3 seq=4 transmission=1 sentAt=12.545
time_ns=12545000000 [HOP 1] MAC sent confirmation dest=3 seq=5 transmission=1 sentAt=12.545
time_ns=12545000000 [MAC 1] ACK transmitted in aggregate dest=3 seq=2 txCount=2/5
time_ns=12545000000 [MAC 1] ACK transmitted in aggregate dest=3 seq=3 txCount=1/5
time_ns=12545000000 [MAC 1] ACK transmitted in aggregate dest=3 seq=4 txCount=1/5
time_ns=12545000000 [MAC 1] OPNET aggregate transmitted segments=5 ackSegments=3 dataSegments=2 bytes=152 rate=8
time_ns=12545008077 [t=12.545] RX SYNC at node 3 from node 1 seq 2 power -102.376 dBm noise -106.975 dBm snr 4.59934 dB state=1
time_ns=12545011086 [t=12.545] RX SYNC at node 5 from node 1 seq 2 power -107.876 dBm noise -106.975 dBm snr -0.900945 dB state=1
time_ns=12545023527 [t=12.545] RX SYNC at node 4 from node 1 seq 2 power -120.948 dBm noise -106.975 dBm snr -13.9725 dB state=0 below-threshold
time_ns=12551638077 [t=12.5516] MAC 3 enters Track on node 1 seq 2 power -102.376 dBm
time_ns=12551641086 [t=12.5516] MAC 5 enters Track on node 1 seq 2 power -107.876 dBm
time_ns=12723500000 [MAC 1] resumes Pre-Tx with live slot=26 counter=26
time_ns=12723508077 [t=12.7235] RX at node 3 from node 1 seq 2 rate 8 kbps txPower 33 dBm preamble SHORT pathloss 135.376 dB snr 4.59934 dB (slot 26, len 152B, ackable=1)
time_ns=12723508077 [MAC 3] Learned neighbor 1 uses slot 26 (rtCounter=26)
time_ns=12723508077 [HOP 3] RX ACK from 1 seq=2
time_ns=12723508077 [HOP 3] RX ACK from 1 seq=3
time_ns=12723508077 [HOP 3] Reliable NeighborCheck completed with 1 seq=3 subtype=0 discoverySequence=1
time_ns=12723508077 [NWK 3] NeighborCheck success neighbor=1 subtype=Discovery discoverySequence=1 stale=0->0 numFailures=0->0
time_ns=12723508077 [NWK 3] recompute hop-cost neighbor=1 failures=0 costMode=local-only newLinkCost=3587
time_ns=12723508077 [NWK 3] Recomputed route after link change dst=1 nextHop=1 oldCost=3587 newCost=3587 linkCost=3587 advertisedCost=0 numFailures=0
time_ns=12723508077 [NWK 3] ARL neighbor ACTIVE neighbor=1 reason=ACKed NeighborCheck keys=two-sided
time_ns=12723508077 [NWK 3] Updated selected-route preference dst=1 preferredNextHop=1
time_ns=12723508077 [NWK 3] Selected route changed dst=1 reason=neighbor admitted pendingDestinations=1
time_ns=12723508077 [HOP 3] RX ACK from 1 seq=4
time_ns=12723508077 [HOP 3] Reliable NeighborCheck completed with 1 seq=4 subtype=3 discoverySequence=0
time_ns=12723508077 [NWK 3] NeighborCheck success neighbor=1 subtype=Overheard discoverySequence=0 stale=0->0 numFailures=0->0
time_ns=12723508077 [NWK 3] recompute hop-cost neighbor=1 failures=0 costMode=local-only newLinkCost=3587
time_ns=12723508077 [NWK 3] Recomputed route after link change dst=1 nextHop=1 oldCost=3587 newCost=3587 linkCost=3587 advertisedCost=0 numFailures=0
time_ns=12723508077 [HOP 3] RX reliable RoutingControl from 1 seq=4 firstReception=1
time_ns=12723508077 [MAC 3] active_nodes set to 2 for local slotting and post-TX wait
time_ns=12723508077 [NWK 3] active_nodes=2 pushed to MAC
time_ns=12723508077 [MAC 3] max_reported_active_nodes updated to 2
time_ns=12723508077 [NWK 3] Updated HELLO neighbor=1 hopSrc=1 speedKey=8 activeNodes=2 pathloss=135.376 snr=4.59934
time_ns=12723508077 [NWK 3] link_calc neighbor=1 s0=-103 pathloss=135.376 numFailures=0 speed=8 txPower=33 estDistance=287 speedMargin=0.624344 totalMargin=0.624344 costMode=local-only cost=3587
time_ns=12723508077 [NWK 3] Updated route candidate dst=1 nextHop=1 hops=1 oldCost=3587 newCost=3587 valid=1->1 selectionDeferred=0 selected=1
time_ns=12723508077 [NWK 3] ARL route message from 1 type=RoutingUpdate advCount=0
time_ns=12723508077 [NWK 3] Buffered ARL routing section from=1 routingSequence=0 section=0/1 buffered=1
time_ns=12723508077 [NWK 3] Reassembled complete ARL routing message from=1 routingSequence=0 sections=1 recordBytes=29 records=3
time_ns=12723508077 [NWK 3] Applied ARL INFO from=1 routingSequence=0
time_ns=12723508077 [NWK 3] Updated selected-route preference dst=1 preferredNextHop=1
time_ns=12723508077 [NWK 3] Selected route changed dst=1 reason=ARL self UPDATE pendingDestinations=1
time_ns=12723508077 [NWK 3] Applied source-owned neighbor capability neighbor=1 capability=2 routingSequence=0 directCost=3587
time_ns=12723508077 [NWK 3] Applied ARL FLUSH from=1 routingSequence=0 routesInvalidated=0
time_ns=12723508077 [NWK 3] Routes: dst=1->nh=1(hops=1,cost=3587,linkCost=3587,advCost=0,from=1,imm=1,pl=135.376,valid=1,path=[1])
time_ns=12723508077 [HOP 3] link_control dest=1 neighborKnown=1 s0=-103 pathloss=135.376 failures=0 speed=8 txPower=33 rxPower=-103 cost=3587
time_ns=12723508077 [HOP 3] ACK RoutingControl to 1 seq=4
time_ns=12723508077 [MAC 3] Enqueue ACK dest=1 seq=4 window=0 ack_queue_size=3
time_ns=12723508077 [HOP 3] RX reliable RoutingControl from 1 seq=5 firstReception=1
time_ns=12723508077 [MAC 3] active_nodes set to 2 for local slotting and post-TX wait
time_ns=12723508077 [NWK 3] active_nodes=2 pushed to MAC
time_ns=12723508077 [NWK 3] Updated HELLO neighbor=1 hopSrc=1 speedKey=8 activeNodes=2 pathloss=135.376 snr=4.59934
time_ns=12723508077 [NWK 3] link_calc neighbor=1 s0=-103 pathloss=135.376 numFailures=0 speed=8 txPower=33 estDistance=287 speedMargin=0.624344 totalMargin=0.624344 costMode=local-only cost=3587
time_ns=12723508077 [NWK 3] Updated route candidate dst=1 nextHop=1 hops=1 oldCost=3587 newCost=3587 valid=1->1 selectionDeferred=0 selected=1
time_ns=12723508077 [NWK 3] ARL route message from 1 type=RoutingUpdate advCount=0
time_ns=12723508077 [NWK 3] Buffered ARL routing section from=1 routingSequence=1 section=0/1 buffered=1
time_ns=12723508077 [NWK 3] Reassembled complete ARL routing message from=1 routingSequence=1 sections=1 recordBytes=4 records=1
time_ns=12723508077 [NWK 3] Routes: dst=1->nh=1(hops=1,cost=3587,linkCost=3587,advCost=0,from=1,imm=1,pl=135.376,valid=1,path=[1])
time_ns=12723508077 [HOP 3] link_control dest=1 neighborKnown=1 s0=-103 pathloss=135.376 failures=0 speed=8 txPower=33 rxPower=-103 cost=3587
time_ns=12723508077 [HOP 3] ACK RoutingControl to 1 seq=5
time_ns=12723508077 [MAC 3] Enqueue ACK dest=1 seq=5 window=0 ack_queue_size=4
time_ns=12723508077 [NWK 3] Built ARL routing byte stream routingSequence=0 records=3 advertisedRoutes=1 recordBytes=29 sections=1 maxSectionBytes=700
time_ns=12723508077 [NWK 3] Starting reliable ARL RoutingSnapshot neighbor=1 routingSequence=0 sections=1
time_ns=12723508077 [NWK 3] Sending ARL RoutingSnapshot section=0/1 neighbor=1 routingSequence=0
time_ns=12723508077 [HOP 3] link_control dest=1 neighborKnown=1 s0=-103 pathloss=135.376 failures=0 speed=8 txPower=33 rxPower=-103 cost=3587
time_ns=12723508077 [HOP 3] TX reliable RoutingControl targets=1:5
time_ns=12723508077 [MAC] Enqueue TX pkt dscp=7 insert_pos=0 queue_size_before=0
time_ns=12723508077 [NWK 3] Armed RoutingSnapshot watchdog neighbor=1 phase=awaiting-independent-section-acks generation=1 timeoutSec=20
time_ns=12723508077 [NWK 3] routesProcess grouped selected-route changes count=1 infoChanged=0 time=12.7235
time_ns=12723508077 [NWK 3] Best route dst=1 nextHop=1 cost=3587 hops=1 learnedFrom=1 candidates=1 validCandidates=1
time_ns=12723508077 [NWK 3] Sending source-exact grouped route changes routingSequence=1 infoChanged=0 destinations=1 neighbors=1 groups=1 sections=1
time_ns=12723508077 [NWK 3] Retained grouped routing-control owner routingSequence=1 operation=Update section=0/1 destinations=1 owners=1
time_ns=12723508077 [HOP 3] link_control dest=1 neighborKnown=1 s0=-103 pathloss=135.376 failures=0 speed=8 txPower=33 rxPower=-103 cost=3587
time_ns=12723508077 [HOP 3] TX reliable RoutingControl targets=1:6
time_ns=12723508077 [MAC] Enqueue TX pkt dscp=7 insert_pos=1 queue_size_before=1
time_ns=12723508105 [NWK 3] CheckNwkQueue: size=0
time_ns=12723511086 [t=12.7235] RX OVERHEARD at node 5 from node 1 seq 2 rate 8 kbps txPower 33 dBm preamble SHORT pathloss 140.876 dB snr -0.900945 dB (slot 26, len 152B, ackable=1)
time_ns=12723511086 [MAC 5] Learned neighbor 1 uses slot 26 (rtCounter=26)
time_ns=12723511086 [HOP 5] Overheard frame from 1 for 3 type=1 ignored after neighbor update
time_ns=12723511086 [HOP 5] Overheard frame from 1 for 3 type=1 ignored after neighbor update
time_ns=12723511086 [HOP 5] Overheard frame from 1 for 3 type=1 ignored after neighbor update
time_ns=12723523527 [t=12.7235] RX MISS at node 4 from node 1 seq 2
time_ns=13013000000 [MAC 3] PickTxSlot(dest=1) active_nodes_for_slotting=2 opnet_slot_range=31
time_ns=13013000000 [MAC 3] avoiding neighbor 1 currentReservedSlot=3 rtslot_counter=3
time_ns=13013000000 [MAC 3] PickTxSlot(dest=1) avoid: 3
time_ns=13013000000 [MAC 3] PickTxSlot chose 13 using historical next_tslot modulo probe
time_ns=13013000000 [MAC 3] TX opportunity reached currentSlot=30 reserveNextSlot=13
time_ns=13013000000 ... type=1 speedKey=8[t=13.013] TX from node 3 to dest 1 seq 1 size 187 bytes segments 6 at slot 13 rate 8 kbps txPower 33 dBm (7843.14 bps) preamble SHORT duration 0.2142 s
time_ns=13013000000 [t=13.013] RX OCCLUDED at node 2 from node 3 seq 1
time_ns=13013000000 [t=13.013] RX OCCLUDED at node 4 from node 3 seq 1
time_ns=13013000000 [t=13.013] RX OCCLUDED at node 7 from node 3 seq 1
time_ns=13013000000 [t=13.013] RX OCCLUDED at node 8 from node 3 seq 1
time_ns=13013000000 [HOP 3] MAC sent confirmation dest=1 seq=5 transmission=1 sentAt=13.013
time_ns=13013000000 [HOP 3] MAC sent confirmation dest=1 seq=6 transmission=1 sentAt=13.013
time_ns=13013000000 [MAC 3] ACK transmitted in aggregate dest=1 seq=1 txCount=3/5
time_ns=13013000000 [MAC 3] ACK transmitted in aggregate dest=1 seq=3 txCount=2/5
time_ns=13013000000 [MAC 3] ACK transmitted in aggregate dest=1 seq=4 txCount=1/5
time_ns=13013000000 [MAC 3] ACK transmitted in aggregate dest=1 seq=5 txCount=1/5
time_ns=13013000000 [MAC 3] OPNET aggregate transmitted segments=6 ackSegments=4 dataSegments=2 bytes=187 rate=8
time_ns=13013000000 [MAC 1] rtslot_counter expired for neighbor 3 reserveSlot=30
time_ns=13013008077 [t=13.013] RX SYNC at node 1 from node 3 seq 1 power -102.376 dBm noise -106.975 dBm snr 4.59934 dB state=1
time_ns=13013019163 [t=13.013] RX SYNC at node 5 from node 3 seq 1 power -117.383 dBm noise -106.975 dBm snr -10.408 dB state=1
time_ns=13019638077 [t=13.0196] MAC 1 enters Track on node 3 seq 1 power -102.376 dBm
time_ns=13019649163 [t=13.0196] MAC 5 enters Track on node 3 seq 1 power -117.383 dBm
time_ns=13227200000 [MAC 3] resumes Pre-Tx with live slot=13 counter=13
time_ns=13227208077 [t=13.2272] RX at node 1 from node 3 seq 1 rate 8 kbps txPower 33 dBm preamble SHORT pathloss 135.376 dB snr 4.59934 dB (slot 13, len 187B, ackable=1)
time_ns=13227208077 [MAC 1] Learned neighbor 3 uses slot 13 (rtCounter=13)
time_ns=13227208077 [HOP 1] RX ACK from 3 seq=1
time_ns=13227208077 [HOP 1] RX ACK from 3 seq=3
time_ns=13227208077 [HOP 1] RX ACK from 3 seq=4
time_ns=13227208077 [HOP 1] Reliable RoutingControl completed with 3 seq=4 routingSequence=0 section=0/1
time_ns=13227208077 [NWK 1] Reliable RoutingControl ACKed neighbor=3 routingSequence=0 operation=Update section=0/1 lastOfInfo=1
time_ns=13227208077 [NWK 1] ARL RoutingSnapshot section ACKed neighbor=3 routingSequence=0 section=0/1 ackedSections=1
time_ns=13227208077 [NWK 1] Reliable ARL RoutingSnapshot completed neighbor=3 routingSequence=0 sections=1
time_ns=13227208077 [HOP 1] RX ACK from 3 seq=5
time_ns=13227208077 [HOP 1] Reliable RoutingControl completed with 3 seq=5 routingSequence=1 section=0/1
time_ns=13227208077 [NWK 1] Reliable RoutingControl ACKed neighbor=3 routingSequence=1 operation=Update section=0/1 lastOfInfo=1
time_ns=13227208077 [NWK 1] Updated grouped routing-control residual ACKed=3 removed=1 lastOfInfo=1 remaining=0
time_ns=13227208077 [NWK 1] Released completed grouped routing-control owner routingSequence=1 section=0
time_ns=13227208077 [HOP 1] RX reliable RoutingControl from 3 seq=5 firstReception=1
time_ns=13227208077 [MAC 1] active_nodes set to 2 for local slotting and post-TX wait
time_ns=13227208077 [NWK 1] active_nodes=2 pushed to MAC
time_ns=13227208077 [NWK 1] Updated HELLO neighbor=3 hopSrc=3 speedKey=8 activeNodes=2 pathloss=135.376 snr=4.59934
time_ns=13227208077 [NWK 1] link_calc neighbor=3 s0=-103 pathloss=135.376 numFailures=0 speed=8 txPower=33 estDistance=287 speedMargin=0.624344 totalMargin=0.624344 costMode=local-only cost=3587
time_ns=13227208077 [NWK 1] Updated route candidate dst=3 nextHop=3 hops=1 oldCost=3587 newCost=3587 valid=1->1 selectionDeferred=0 selected=1
time_ns=13227208077 [NWK 1] ARL route message from 3 type=RoutingUpdate advCount=0
time_ns=13227208077 [NWK 1] Buffered ARL routing section from=3 routingSequence=0 section=0/1 buffered=1
time_ns=13227208077 [NWK 1] Reassembled complete ARL routing message from=3 routingSequence=0 sections=1 recordBytes=29 records=3
time_ns=13227208077 [NWK 1] Applied ARL INFO from=3 routingSequence=0
time_ns=13227208077 [NWK 1] Updated selected-route preference dst=3 preferredNextHop=3
time_ns=13227208077 [NWK 1] Selected route changed dst=3 reason=ARL self UPDATE pendingDestinations=1
time_ns=13227208077 [NWK 1] Applied source-owned neighbor capability neighbor=3 capability=1 routingSequence=0 directCost=3587
time_ns=13227208077 [NWK 1] Applied ARL FLUSH from=3 routingSequence=0 routesInvalidated=0
time_ns=13227208077 [NWK 1] Routes: dst=3->nh=3(hops=1,cost=3587,linkCost=3587,advCost=0,from=3,imm=1,pl=135.376,valid=1,path=[3])
time_ns=13227208077 [HOP 1] link_control dest=3 neighborKnown=1 s0=-103 pathloss=135.376 failures=0 speed=8 txPower=33 rxPower=-103 cost=3587
time_ns=13227208077 [HOP 1] ACK RoutingControl to 3 seq=5
time_ns=13227208077 [MAC 1] Enqueue ACK dest=3 seq=5 window=0 ack_queue_size=4
time_ns=13227208077 [HOP 1] RX reliable RoutingControl from 3 seq=6 firstReception=1
time_ns=13227208077 [MAC 1] active_nodes set to 2 for local slotting and post-TX wait
time_ns=13227208077 [NWK 1] active_nodes=2 pushed to MAC
time_ns=13227208077 [NWK 1] Updated HELLO neighbor=3 hopSrc=3 speedKey=8 activeNodes=2 pathloss=135.376 snr=4.59934
time_ns=13227208077 [NWK 1] link_calc neighbor=3 s0=-103 pathloss=135.376 numFailures=0 speed=8 txPower=33 estDistance=287 speedMargin=0.624344 totalMargin=0.624344 costMode=local-only cost=3587
time_ns=13227208077 [NWK 1] Updated route candidate dst=3 nextHop=3 hops=1 oldCost=3587 newCost=3587 valid=1->1 selectionDeferred=0 selected=1
time_ns=13227208077 [NWK 1] ARL route message from 3 type=RoutingUpdate advCount=0
time_ns=13227208077 [NWK 1] Buffered ARL routing section from=3 routingSequence=1 section=0/1 buffered=1
time_ns=13227208077 [NWK 1] Reassembled complete ARL routing message from=3 routingSequence=1 sections=1 recordBytes=14 records=1
time_ns=13227208077 [NWK 1] Ignoring unsupported ARL UPDATE node node24=1 from=3
time_ns=13227208077 [NWK 1] Routes: dst=3->nh=3(hops=1,cost=3587,linkCost=3587,advCost=0,from=3,imm=1,pl=135.376,valid=1,path=[3])
time_ns=13227208077 [HOP 1] link_control dest=3 neighborKnown=1 s0=-103 pathloss=135.376 failures=0 speed=8 txPower=33 rxPower=-103 cost=3587
time_ns=13227208077 [HOP 1] ACK RoutingControl to 3 seq=6
time_ns=13227208077 [MAC 1] Enqueue ACK dest=3 seq=6 window=0 ack_queue_size=5
time_ns=13227208077 [NWK 1] routesProcess grouped selected-route changes count=1 infoChanged=0 time=13.2272
time_ns=13227208077 [NWK 1] Best route dst=3 nextHop=3 cost=3587 hops=1 learnedFrom=3 candidates=1 validCandidates=1
time_ns=13227208077 [NWK 1] Sending source-exact grouped route changes routingSequence=2 infoChanged=0 destinations=1 neighbors=1 groups=1 sections=1
time_ns=13227208077 [NWK 1] Retained grouped routing-control owner routingSequence=2 operation=Update section=0/1 destinations=1 owners=1
time_ns=13227208077 [HOP 1] link_control dest=3 neighborKnown=1 s0=-103 pathloss=135.376 failures=0 speed=8 txPower=33 rxPower=-103 cost=3587
time_ns=13227208077 [HOP 1] TX reliable RoutingControl targets=3:6
time_ns=13227208077 [MAC] Enqueue TX pkt dscp=7 insert_pos=0 queue_size_before=0
time_ns=13227208105 [NWK 1] CheckNwkQueue: size=0
time_ns=13227219163 [t=13.2272] RX OVERHEARD at node 5 from node 3 seq 1 rate 8 kbps txPower 33 dBm preamble SHORT pathloss 150.383 dB snr -10.408 dB (slot 13, len 187B, ackable=1)
time_ns=13227219163 [MAC 5] Learned neighbor 3 uses slot 13 (rtCounter=13)
time_ns=13227219163 [HOP 5] Overheard frame from 3 for 1 type=1 ignored after neighbor update
time_ns=13227219163 [HOP 5] Overheard frame from 3 for 1 type=1 ignored after neighbor update
time_ns=13227219163 [HOP 5] Overheard frame from 3 for 1 type=1 ignored after neighbor update
time_ns=13227219163 [HOP 5] Overheard frame from 3 for 1 type=1 ignored after neighbor update
time_ns=13273000000 [MAC 3] rtslot_counter expired for neighbor 1 reserveSlot=26
time_ns=13273000000 [MAC 5] rtslot_counter expired for neighbor 1 reserveSlot=26
time_ns=13273000000 [MAC 1] PickTxSlot(dest=3) active_nodes_for_slotting=2 opnet_slot_range=31
time_ns=13273000000 [MAC 1] avoiding neighbor 3 currentReservedSlot=9 rtslot_counter=9
time_ns=13273000000 [MAC 1] PickTxSlot(dest=3) avoid: 9
time_ns=13273000000 [MAC 1] PickTxSlot chose 15 using historical next_tslot modulo probe
time_ns=13273000000 [MAC 1] TX opportunity reached currentSlot=26 reserveNextSlot=15
time_ns=13273000000 ... type=1 speedKey=8[t=13.273] TX from node 1 to dest 3 seq 2 size 161 bytes segments 6 at slot 15 rate 8 kbps txPower 33 dBm (7843.14 bps) preamble SHORT duration 0.18768 s
time_ns=13273000000 [t=13.273] RX OCCLUDED at node 2 from node 1 seq 2
time_ns=13273000000 [t=13.273] RX OCCLUDED at node 7 from node 1 seq 2
time_ns=13273000000 [t=13.273] RX OCCLUDED at node 8 from node 1 seq 2
time_ns=13273000000 [HOP 1] MAC sent confirmation dest=3 seq=6 transmission=1 sentAt=13.273
time_ns=13273000000 [MAC 1] ACK transmitted in aggregate dest=3 seq=2 txCount=3/5
time_ns=13273000000 [MAC 1] ACK transmitted in aggregate dest=3 seq=3 txCount=2/5
time_ns=13273000000 [MAC 1] ACK transmitted in aggregate dest=3 seq=4 txCount=2/5
time_ns=13273000000 [MAC 1] ACK transmitted in aggregate dest=3 seq=5 txCount=1/5
time_ns=13273000000 [MAC 1] ACK transmitted in aggregate dest=3 seq=6 txCount=1/5
time_ns=13273000000 [MAC 1] OPNET aggregate transmitted segments=6 ackSegments=5 dataSegments=1 bytes=161 rate=8
time_ns=13273008077 [t=13.273] RX SYNC at node 3 from node 1 seq 2 power -102.376 dBm noise -106.975 dBm snr 4.59934 dB state=1
time_ns=13273011086 [t=13.273] RX SYNC at node 5 from node 1 seq 2 power -107.876 dBm noise -106.975 dBm snr -0.900945 dB state=1
time_ns=13273023527 [t=13.273] RX SYNC at node 4 from node 1 seq 2 power -120.948 dBm noise -106.975 dBm snr -13.9725 dB state=0 below-threshold
time_ns=13279638077 [t=13.2796] MAC 3 enters Track on node 1 seq 2 power -102.376 dBm
time_ns=13279641086 [t=13.2796] MAC 5 enters Track on node 1 seq 2 power -107.876 dBm
time_ns=13460680000 [MAC 1] resumes Pre-Tx with live slot=15 counter=15
time_ns=13460688077 [t=13.4607] RX at node 3 from node 1 seq 2 rate 8 kbps txPower 33 dBm preamble SHORT pathloss 135.376 dB snr 4.59934 dB (slot 15, len 161B, ackable=1)
time_ns=13460688077 [MAC 3] Learned neighbor 1 uses slot 15 (rtCounter=15)
time_ns=13460688077 [HOP 3] RX ACK from 1 seq=2
time_ns=13460688077 [HOP 3] RX ACK from 1 seq=3
time_ns=13460688077 [HOP 3] RX ACK from 1 seq=4
time_ns=13460688077 [HOP 3] RX ACK from 1 seq=5
time_ns=13460688077 [HOP 3] Reliable RoutingControl completed with 1 seq=5 routingSequence=0 section=0/1
time_ns=13460688077 [NWK 3] Reliable RoutingControl ACKed neighbor=1 routingSequence=0 operation=Update section=0/1 lastOfInfo=1
time_ns=13460688077 [NWK 3] ARL RoutingSnapshot section ACKed neighbor=1 routingSequence=0 section=0/1 ackedSections=1
time_ns=13460688077 [NWK 3] Reliable ARL RoutingSnapshot completed neighbor=1 routingSequence=0 sections=1
time_ns=13460688077 [HOP 3] RX ACK from 1 seq=6
time_ns=13460688077 [HOP 3] Reliable RoutingControl completed with 1 seq=6 routingSequence=1 section=0/1
time_ns=13460688077 [NWK 3] Reliable RoutingControl ACKed neighbor=1 routingSequence=1 operation=Update section=0/1 lastOfInfo=1
time_ns=13460688077 [NWK 3] Updated grouped routing-control residual ACKed=1 removed=1 lastOfInfo=1 remaining=0
time_ns=13460688077 [NWK 3] Released completed grouped routing-control owner routingSequence=1 section=0
time_ns=13460688077 [HOP 3] RX reliable RoutingControl from 1 seq=6 firstReception=1
time_ns=13460688077 [MAC 3] active_nodes set to 2 for local slotting and post-TX wait
time_ns=13460688077 [NWK 3] active_nodes=2 pushed to MAC
time_ns=13460688077 [NWK 3] Updated HELLO neighbor=1 hopSrc=1 speedKey=8 activeNodes=2 pathloss=135.376 snr=4.59934
time_ns=13460688077 [NWK 3] link_calc neighbor=1 s0=-103 pathloss=135.376 numFailures=0 speed=8 txPower=33 estDistance=287 speedMargin=0.624344 totalMargin=0.624344 costMode=local-only cost=3587
time_ns=13460688077 [NWK 3] Updated route candidate dst=1 nextHop=1 hops=1 oldCost=3587 newCost=3587 valid=1->1 selectionDeferred=0 selected=1
time_ns=13460688077 [NWK 3] ARL route message from 1 type=RoutingUpdate advCount=0
time_ns=13460688077 [NWK 3] Buffered ARL routing section from=1 routingSequence=2 section=0/1 buffered=1
time_ns=13460688077 [NWK 3] Reassembled complete ARL routing message from=1 routingSequence=2 sections=1 recordBytes=14 records=1
time_ns=13460688077 [NWK 3] Ignoring unsupported ARL UPDATE node node24=3 from=1
time_ns=13460688077 [NWK 3] Routes: dst=1->nh=1(hops=1,cost=3587,linkCost=3587,advCost=0,from=1,imm=1,pl=135.376,valid=1,path=[1])
time_ns=13460688077 [HOP 3] link_control dest=1 neighborKnown=1 s0=-103 pathloss=135.376 failures=0 speed=8 txPower=33 rxPower=-103 cost=3587
time_ns=13460688077 [HOP 3] ACK RoutingControl to 1 seq=6
time_ns=13460688077 [MAC 3] Enqueue ACK dest=1 seq=6 window=0 ack_queue_size=5
time_ns=13460688105 [NWK 3] CheckNwkQueue: size=0
time_ns=13460691086 [t=13.4607] RX OVERHEARD at node 5 from node 1 seq 2 rate 8 kbps txPower 33 dBm preamble SHORT pathloss 140.876 dB snr -0.900945 dB (slot 15, len 161B, ackable=1)
time_ns=13460691086 [MAC 5] Learned neighbor 1 uses slot 15 (rtCounter=15)
time_ns=13460691086 [HOP 5] Overheard frame from 1 for 3 type=1 ignored after neighbor update
time_ns=13460691086 [HOP 5] Overheard frame from 1 for 3 type=1 ignored after neighbor update
time_ns=13460691086 [HOP 5] Overheard frame from 1 for 3 type=1 ignored after neighbor update
time_ns=13460691086 [HOP 5] Overheard frame from 1 for 3 type=1 ignored after neighbor update
time_ns=13460691086 [HOP 5] Overheard frame from 1 for 3 type=1 ignored after neighbor update
time_ns=13460703527 [t=13.4607] RX MISS at node 4 from node 1 seq 2
time_ns=13585000000 [MAC 3] PickTxSlot(dest=1) active_nodes_for_slotting=2 opnet_slot_range=31
time_ns=13585000000 [MAC 3] avoiding neighbor 1 currentReservedSlot=5 rtslot_counter=5
time_ns=13585000000 [MAC 3] PickTxSlot(dest=1) avoid: 5
time_ns=13585000000 [MAC 3] PickTxSlot chose 9 using historical next_tslot modulo probe
time_ns=13585000000 [MAC 3] TX opportunity reached currentSlot=13 reserveNextSlot=9
time_ns=13585000000 ... type=1 speedKey=8[t=13.585] TX from node 3 to dest 1 seq 1 size 125 bytes segments 5 at slot 9 rate 8 kbps txPower 33 dBm (7843.14 bps) preamble SHORT duration 0.15096 s
time_ns=13585000000 [t=13.585] RX OCCLUDED at node 2 from node 3 seq 1
time_ns=13585000000 [t=13.585] RX OCCLUDED at node 4 from node 3 seq 1
time_ns=13585000000 [t=13.585] RX OCCLUDED at node 7 from node 3 seq 1
time_ns=13585000000 [t=13.585] RX OCCLUDED at node 8 from node 3 seq 1
time_ns=13585000000 [MAC 3] ACK transmitted in aggregate dest=1 seq=1 txCount=4/5
time_ns=13585000000 [MAC 3] ACK transmitted in aggregate dest=1 seq=3 txCount=3/5
time_ns=13585000000 [MAC 3] ACK transmitted in aggregate dest=1 seq=4 txCount=2/5
time_ns=13585000000 [MAC 3] ACK transmitted in aggregate dest=1 seq=5 txCount=2/5
time_ns=13585000000 [MAC 3] ACK transmitted in aggregate dest=1 seq=6 txCount=1/5
time_ns=13585000000 [MAC 3] OPNET aggregate transmitted segments=5 ackSegments=5 dataSegments=0 bytes=125 rate=8
time_ns=13585000000 [MAC 5] rtslot_counter expired for neighbor 3 reserveSlot=13
time_ns=13585000000 [MAC 1] rtslot_counter expired for neighbor 3 reserveSlot=13
time_ns=13585008077 [t=13.585] RX SYNC at node 1 from node 3 seq 1 power -102.376 dBm noise -106.975 dBm snr 4.59934 dB state=1
time_ns=13585019163 [t=13.585] RX SYNC at node 5 from node 3 seq 1 power -117.383 dBm noise -106.975 dBm snr -10.408 dB state=1
time_ns=13591638077 [t=13.5916] MAC 1 enters Track on node 3 seq 1 power -102.376 dBm
time_ns=13591649163 [t=13.5916] MAC 5 enters Track on node 3 seq 1 power -117.383 dBm
time_ns=13735960000 [MAC 3] resumes Pre-Tx with live slot=9 counter=9
time_ns=13735968077 [t=13.736] RX at node 1 from node 3 seq 1 rate 8 kbps txPower 33 dBm preamble SHORT pathloss 135.376 dB snr 4.59934 dB (slot 9, len 125B, ackable=0)
time_ns=13735968077 [MAC 1] Learned neighbor 3 uses slot 9 (rtCounter=9)
time_ns=13735968077 [HOP 1] RX ACK from 3 seq=1
time_ns=13735968077 [HOP 1] RX ACK from 3 seq=3
time_ns=13735968077 [HOP 1] RX ACK from 3 seq=4
time_ns=13735968077 [HOP 1] RX ACK from 3 seq=5
time_ns=13735968077 [HOP 1] RX ACK from 3 seq=6
time_ns=13735968077 [HOP 1] Reliable RoutingControl completed with 3 seq=6 routingSequence=2 section=0/1
time_ns=13735968077 [NWK 1] Reliable RoutingControl ACKed neighbor=3 routingSequence=2 operation=Update section=0/1 lastOfInfo=1
time_ns=13735968077 [NWK 1] Updated grouped routing-control residual ACKed=3 removed=1 lastOfInfo=1 remaining=0
time_ns=13735968077 [NWK 1] Released completed grouped routing-control owner routingSequence=2 section=0
time_ns=13735968105 [NWK 1] CheckNwkQueue: size=0
time_ns=13735979163 [t=13.736] RX OVERHEARD at node 5 from node 3 seq 1 rate 8 kbps txPower 33 dBm preamble SHORT pathloss 150.383 dB snr -10.408 dB (slot 9, len 125B, ackable=0)
time_ns=13735979163 [MAC 5] Learned neighbor 3 uses slot 9 (rtCounter=9)
time_ns=13735979163 [HOP 5] Overheard frame from 3 for 1 type=1 ignored after neighbor update
time_ns=13735979163 [HOP 5] Overheard frame from 3 for 1 type=1 ignored after neighbor update
time_ns=13735979163 [HOP 5] Overheard frame from 3 for 1 type=1 ignored after neighbor update
time_ns=13735979163 [HOP 5] Overheard frame from 3 for 1 type=1 ignored after neighbor update
time_ns=13735979163 [HOP 5] Overheard frame from 3 for 1 type=1 ignored after neighbor update
time_ns=13806000000 [MAC 3] rtslot_counter expired for neighbor 1 reserveSlot=15
time_ns=13806000000 [MAC 5] rtslot_counter expired for neighbor 1 reserveSlot=15
time_ns=13806000000 [MAC 1] PickTxSlot(dest=3) active_nodes_for_slotting=2 opnet_slot_range=31
time_ns=13806000000 [MAC 1] avoiding neighbor 3 currentReservedSlot=3 rtslot_counter=3
time_ns=13806000000 [MAC 1] PickTxSlot(dest=3) avoid: 3
time_ns=13806000000 [MAC 1] PickTxSlot chose 1 using historical next_tslot modulo probe
time_ns=13806000000 [MAC 1] TX opportunity reached currentSlot=15 reserveNextSlot=1
time_ns=13806000000 ... type=1 speedKey=8[t=13.806] TX from node 1 to dest 3 seq 2 size 125 bytes segments 5 at slot 1 rate 8 kbps txPower 33 dBm (7843.14 bps) preamble SHORT duration 0.15096 s
time_ns=13806000000 [t=13.806] RX OCCLUDED at node 2 from node 1 seq 2
time_ns=13806000000 [t=13.806] RX OCCLUDED at node 7 from node 1 seq 2
time_ns=13806000000 [t=13.806] RX OCCLUDED at node 8 from node 1 seq 2
time_ns=13806000000 [MAC 1] ACK transmitted in aggregate dest=3 seq=2 txCount=4/5
time_ns=13806000000 [MAC 1] ACK transmitted in aggregate dest=3 seq=3 txCount=3/5
time_ns=13806000000 [MAC 1] ACK transmitted in aggregate dest=3 seq=4 txCount=3/5
time_ns=13806000000 [MAC 1] ACK transmitted in aggregate dest=3 seq=5 txCount=2/5
time_ns=13806000000 [MAC 1] ACK transmitted in aggregate dest=3 seq=6 txCount=2/5
time_ns=13806000000 [MAC 1] OPNET aggregate transmitted segments=5 ackSegments=5 dataSegments=0 bytes=125 rate=8
time_ns=13806008077 [t=13.806] RX SYNC at node 3 from node 1 seq 2 power -102.376 dBm noise -106.975 dBm snr 4.59934 dB state=1
time_ns=13806011086 [t=13.806] RX SYNC at node 5 from node 1 seq 2 power -107.876 dBm noise -106.975 dBm snr -0.900945 dB state=1
time_ns=13806023527 [t=13.806] RX SYNC at node 4 from node 1 seq 2 power -120.948 dBm noise -106.975 dBm snr -13.9725 dB state=0 below-threshold
time_ns=13812638077 [t=13.8126] MAC 3 enters Track on node 1 seq 2 power -102.376 dBm
time_ns=13812641086 [t=13.8126] MAC 5 enters Track on node 1 seq 2 power -107.876 dBm
time_ns=13956960000 [MAC 1] resumes Pre-Tx with live slot=1 counter=1
time_ns=13956968077 [t=13.957] RX at node 3 from node 1 seq 2 rate 8 kbps txPower 33 dBm preamble SHORT pathloss 135.376 dB snr 4.59934 dB (slot 1, len 125B, ackable=0)
time_ns=13956968077 [MAC 3] Learned neighbor 1 uses slot 1 (rtCounter=1)
time_ns=13956968077 [HOP 3] RX ACK from 1 seq=2
time_ns=13956968077 [HOP 3] RX ACK from 1 seq=3
time_ns=13956968077 [HOP 3] RX ACK from 1 seq=4
time_ns=13956968077 [HOP 3] RX ACK from 1 seq=5
time_ns=13956968077 [HOP 3] RX ACK from 1 seq=6
time_ns=13956968105 [NWK 3] CheckNwkQueue: size=0
time_ns=13956971086 [t=13.957] RX OVERHEARD at node 5 from node 1 seq 2 rate 8 kbps txPower 33 dBm preamble SHORT pathloss 140.876 dB snr -0.900945 dB (slot 1, len 125B, ackable=0)
time_ns=13956971086 [MAC 5] Learned neighbor 1 uses slot 1 (rtCounter=1)
time_ns=13956971086 [HOP 5] Overheard frame from 1 for 3 type=1 ignored after neighbor update
time_ns=13956971086 [HOP 5] Overheard frame from 1 for 3 type=1 ignored after neighbor update
time_ns=13956971086 [HOP 5] Overheard frame from 1 for 3 type=1 ignored after neighbor update
time_ns=13956971086 [HOP 5] Overheard frame from 1 for 3 type=1 ignored after neighbor update
time_ns=13956971086 [HOP 5] Overheard frame from 1 for 3 type=1 ignored after neighbor update
time_ns=13956983527 [t=13.957] RX MISS at node 4 from node 1 seq 2
time_ns=13975000000 [MAC 3] rtslot_counter expired for neighbor 1 reserveSlot=1
time_ns=13975000000 [MAC 5] rtslot_counter expired for neighbor 1 reserveSlot=1
time_ns=13975000000 [MAC 1] PickTxSlot(dest=3) active_nodes_for_slotting=2 opnet_slot_range=31
time_ns=13975000000 [MAC 1] avoiding neighbor 3 currentReservedSlot=1 rtslot_counter=1
time_ns=13975000000 [MAC 1] PickTxSlot(dest=3) avoid: 1
time_ns=13975000000 [MAC 1] PickTxSlot chose 16 using historical next_tslot modulo probe
time_ns=13975000000 [MAC 1] TX opportunity reached currentSlot=1 reserveNextSlot=16
time_ns=13975000000 ... type=1 speedKey=8[t=13.975] TX from node 1 to dest 3 seq 2 size 125 bytes segments 5 at slot 16 rate 8 kbps txPower 33 dBm (7843.14 bps) preamble SHORT duration 0.15096 s
time_ns=13975000000 [t=13.975] RX OCCLUDED at node 2 from node 1 seq 2
time_ns=13975000000 [t=13.975] RX OCCLUDED at node 7 from node 1 seq 2
time_ns=13975000000 [t=13.975] RX OCCLUDED at node 8 from node 1 seq 2
time_ns=13975000000 [MAC 1] ACK transmitted in aggregate dest=3 seq=2 txCount=5/5
time_ns=13975000000 [MAC 1] ACK transmitted in aggregate dest=3 seq=3 txCount=4/5
time_ns=13975000000 [MAC 1] ACK transmitted in aggregate dest=3 seq=4 txCount=4/5
time_ns=13975000000 [MAC 1] ACK transmitted in aggregate dest=3 seq=5 txCount=3/5
time_ns=13975000000 [MAC 1] ACK transmitted in aggregate dest=3 seq=6 txCount=3/5
time_ns=13975000000 [MAC 1] Remove ACK after OPNET resend limit dest=3 seq=2
time_ns=13975000000 [MAC 1] OPNET aggregate transmitted segments=5 ackSegments=5 dataSegments=0 bytes=125 rate=8
time_ns=13975008077 [t=13.975] RX SYNC at node 3 from node 1 seq 2 power -102.376 dBm noise -106.975 dBm snr 4.59934 dB state=1
time_ns=13975011086 [t=13.975] RX SYNC at node 5 from node 1 seq 2 power -107.876 dBm noise -106.975 dBm snr -0.900945 dB state=1
time_ns=13975023527 [t=13.975] RX SYNC at node 4 from node 1 seq 2 power -120.948 dBm noise -106.975 dBm snr -13.9725 dB state=0 below-threshold
time_ns=13981638077 [t=13.9816] MAC 3 enters Track on node 1 seq 2 power -102.376 dBm
time_ns=13981641086 [t=13.9816] MAC 5 enters Track on node 1 seq 2 power -107.876 dBm
time_ns=14125960000 [MAC 1] resumes Pre-Tx with live slot=16 counter=16
time_ns=14125968077 [t=14.126] RX at node 3 from node 1 seq 2 rate 8 kbps txPower 33 dBm preamble SHORT pathloss 135.376 dB snr 4.59934 dB (slot 16, len 125B, ackable=0)
time_ns=14125968077 [MAC 3] Learned neighbor 1 uses slot 16 (rtCounter=16)
time_ns=14125968077 [HOP 3] RX ACK from 1 seq=2
time_ns=14125968077 [HOP 3] RX ACK from 1 seq=3
time_ns=14125968077 [HOP 3] RX ACK from 1 seq=4
time_ns=14125968077 [HOP 3] RX ACK from 1 seq=5
time_ns=14125968077 [HOP 3] RX ACK from 1 seq=6
time_ns=14125968105 [NWK 3] CheckNwkQueue: size=0
time_ns=14125971086 [t=14.126] RX OVERHEARD at node 5 from node 1 seq 2 rate 8 kbps txPower 33 dBm preamble SHORT pathloss 140.876 dB snr -0.900945 dB (slot 16, len 125B, ackable=0)
time_ns=14125971086 [MAC 5] Learned neighbor 1 uses slot 16 (rtCounter=16)
time_ns=14125971086 [HOP 5] Overheard frame from 1 for 3 type=1 ignored after neighbor update
time_ns=14125971086 [HOP 5] Overheard frame from 1 for 3 type=1 ignored after neighbor update
time_ns=14125971086 [HOP 5] Overheard frame from 1 for 3 type=1 ignored after neighbor update
time_ns=14125971086 [HOP 5] Overheard frame from 1 for 3 type=1 ignored after neighbor update
time_ns=14125971086 [HOP 5] Overheard frame from 1 for 3 type=1 ignored after neighbor update
time_ns=14125983527 [t=14.126] RX MISS at node 4 from node 1 seq 2
time_ns=14144000000 [MAC 3] PickTxSlot(dest=1) active_nodes_for_slotting=2 opnet_slot_range=31
time_ns=14144000000 [MAC 3] avoiding neighbor 1 currentReservedSlot=14 rtslot_counter=14
time_ns=14144000000 [MAC 3] PickTxSlot(dest=1) avoid: 14
time_ns=14144000000 [MAC 3] PickTxSlot chose 11 using historical next_tslot modulo probe
time_ns=14144000000 [MAC 3] TX opportunity reached currentSlot=9 reserveNextSlot=11
time_ns=14144000000 ... type=1 speedKey=8[t=14.144] TX from node 3 to dest 1 seq 1 size 125 bytes segments 5 at slot 11 rate 8 kbps txPower 33 dBm (7843.14 bps) preamble SHORT duration 0.15096 s
time_ns=14144000000 [t=14.144] RX OCCLUDED at node 2 from node 3 seq 1
time_ns=14144000000 [t=14.144] RX OCCLUDED at node 4 from node 3 seq 1
time_ns=14144000000 [t=14.144] RX OCCLUDED at node 7 from node 3 seq 1
time_ns=14144000000 [t=14.144] RX OCCLUDED at node 8 from node 3 seq 1
time_ns=14144000000 [MAC 3] ACK transmitted in aggregate dest=1 seq=1 txCount=5/5
time_ns=14144000000 [MAC 3] ACK transmitted in aggregate dest=1 seq=3 txCount=4/5
time_ns=14144000000 [MAC 3] ACK transmitted in aggregate dest=1 seq=4 txCount=3/5
time_ns=14144000000 [MAC 3] ACK transmitted in aggregate dest=1 seq=5 txCount=3/5
time_ns=14144000000 [MAC 3] ACK transmitted in aggregate dest=1 seq=6 txCount=2/5
time_ns=14144000000 [MAC 3] Remove ACK after OPNET resend limit dest=1 seq=1
time_ns=14144000000 [MAC 3] OPNET aggregate transmitted segments=5 ackSegments=5 dataSegments=0 bytes=125 rate=8
time_ns=14144000000 [MAC 5] rtslot_counter expired for neighbor 3 reserveSlot=9
time_ns=14144000000 [MAC 1] rtslot_counter expired for neighbor 3 reserveSlot=9
time_ns=14144008077 [t=14.144] RX SYNC at node 1 from node 3 seq 1 power -102.376 dBm noise -106.975 dBm snr 4.59934 dB state=1
time_ns=14144019163 [t=14.144] RX SYNC at node 5 from node 3 seq 1 power -117.383 dBm noise -106.975 dBm snr -10.408 dB state=1
time_ns=14150638077 [t=14.1506] MAC 1 enters Track on node 3 seq 1 power -102.376 dBm
time_ns=14150649163 [t=14.1506] MAC 5 enters Track on node 3 seq 1 power -117.383 dBm
time_ns=14294960000 [MAC 3] resumes Pre-Tx with live slot=11 counter=11
time_ns=14294968077 [t=14.295] RX at node 1 from node 3 seq 1 rate 8 kbps txPower 33 dBm preamble SHORT pathloss 135.376 dB snr 4.59934 dB (slot 11, len 125B, ackable=0)
time_ns=14294968077 [MAC 1] Learned neighbor 3 uses slot 11 (rtCounter=11)
time_ns=14294968077 [HOP 1] RX ACK from 3 seq=1
time_ns=14294968077 [HOP 1] RX ACK from 3 seq=3
time_ns=14294968077 [HOP 1] RX ACK from 3 seq=4
time_ns=14294968077 [HOP 1] RX ACK from 3 seq=5
time_ns=14294968077 [HOP 1] RX ACK from 3 seq=6
time_ns=14294968105 [NWK 1] CheckNwkQueue: size=0
time_ns=14294979163 [t=14.295] RX OVERHEARD at node 5 from node 3 seq 1 rate 8 kbps txPower 33 dBm preamble SHORT pathloss 150.383 dB snr -10.408 dB (slot 11, len 125B, ackable=0)
time_ns=14294979163 [MAC 5] Learned neighbor 3 uses slot 11 (rtCounter=11)
time_ns=14294979163 [HOP 5] Overheard frame from 3 for 1 type=1 ignored after neighbor update
time_ns=14294979163 [HOP 5] Overheard frame from 3 for 1 type=1 ignored after neighbor update
time_ns=14294979163 [HOP 5] Overheard frame from 3 for 1 type=1 ignored after neighbor update
time_ns=14294979163 [HOP 5] Overheard frame from 3 for 1 type=1 ignored after neighbor update
time_ns=14294979163 [HOP 5] Overheard frame from 3 for 1 type=1 ignored after neighbor update
time_ns=14443000000 [MAC 3] PickTxSlot(dest=1) active_nodes_for_slotting=2 opnet_slot_range=31
time_ns=14443000000 [MAC 3] avoiding neighbor 1 currentReservedSlot=2 rtslot_counter=2
time_ns=14443000000 [MAC 3] PickTxSlot(dest=1) avoid: 2
time_ns=14443000000 [MAC 3] PickTxSlot chose 9 using historical next_tslot modulo probe
time_ns=14443000000 [MAC 3] TX opportunity reached currentSlot=11 reserveNextSlot=9
time_ns=14443000000 ... type=1 speedKey=8[t=14.443] TX from node 3 to dest 1 seq 3 size 100 bytes segments 4 at slot 9 rate 8 kbps txPower 33 dBm (7843.14 bps) preamble SHORT duration 0.12546 s
time_ns=14443000000 [t=14.443] RX OCCLUDED at node 2 from node 3 seq 3
time_ns=14443000000 [t=14.443] RX OCCLUDED at node 4 from node 3 seq 3
time_ns=14443000000 [t=14.443] RX OCCLUDED at node 7 from node 3 seq 3
time_ns=14443000000 [t=14.443] RX OCCLUDED at node 8 from node 3 seq 3
time_ns=14443000000 [MAC 3] ACK transmitted in aggregate dest=1 seq=3 txCount=5/5
time_ns=14443000000 [MAC 3] ACK transmitted in aggregate dest=1 seq=4 txCount=4/5
time_ns=14443000000 [MAC 3] ACK transmitted in aggregate dest=1 seq=5 txCount=4/5
time_ns=14443000000 [MAC 3] ACK transmitted in aggregate dest=1 seq=6 txCount=3/5
time_ns=14443000000 [MAC 3] Remove ACK after OPNET resend limit dest=1 seq=3
time_ns=14443000000 [MAC 3] OPNET aggregate transmitted segments=4 ackSegments=4 dataSegments=0 bytes=100 rate=8
time_ns=14443000000 [MAC 5] rtslot_counter expired for neighbor 3 reserveSlot=11
time_ns=14443000000 [MAC 1] rtslot_counter expired for neighbor 3 reserveSlot=11
time_ns=14443008077 [t=14.443] RX SYNC at node 1 from node 3 seq 3 power -102.376 dBm noise -106.975 dBm snr 4.59934 dB state=1
time_ns=14443019163 [t=14.443] RX SYNC at node 5 from node 3 seq 3 power -117.383 dBm noise -106.975 dBm snr -10.408 dB state=1
time_ns=14449638077 [t=14.4496] MAC 1 enters Track on node 3 seq 3 power -102.376 dBm
time_ns=14449649163 [t=14.4496] MAC 5 enters Track on node 3 seq 3 power -117.383 dBm
time_ns=14568460000 [MAC 3] resumes Pre-Tx with live slot=9 counter=9
time_ns=14568468077 [t=14.5685] RX at node 1 from node 3 seq 3 rate 8 kbps txPower 33 dBm preamble SHORT pathloss 135.376 dB snr 4.59934 dB (slot 9, len 100B, ackable=0)
time_ns=14568468077 [MAC 1] Learned neighbor 3 uses slot 9 (rtCounter=9)
time_ns=14568468077 [HOP 1] RX ACK from 3 seq=3
time_ns=14568468077 [HOP 1] RX ACK from 3 seq=4
time_ns=14568468077 [HOP 1] RX ACK from 3 seq=5
time_ns=14568468077 [HOP 1] RX ACK from 3 seq=6
time_ns=14568468105 [NWK 1] CheckNwkQueue: size=0
time_ns=14568479163 [t=14.5685] RX OVERHEARD at node 5 from node 3 seq 3 rate 8 kbps txPower 33 dBm preamble SHORT pathloss 150.383 dB snr -10.408 dB (slot 9, len 100B, ackable=0)
time_ns=14568479163 [MAC 5] Learned neighbor 3 uses slot 9 (rtCounter=9)
time_ns=14568479163 [HOP 5] Overheard frame from 3 for 1 type=1 ignored after neighbor update
time_ns=14568479163 [HOP 5] Overheard frame from 3 for 1 type=1 ignored after neighbor update
time_ns=14568479163 [HOP 5] Overheard frame from 3 for 1 type=1 ignored after neighbor update
time_ns=14568479163 [HOP 5] Overheard frame from 3 for 1 type=1 ignored after neighbor update
time_ns=14599000000 [MAC 3] rtslot_counter expired for neighbor 1 reserveSlot=16
time_ns=14599000000 [MAC 5] rtslot_counter expired for neighbor 1 reserveSlot=16
time_ns=14599000000 [MAC 1] PickTxSlot(dest=3) active_nodes_for_slotting=2 opnet_slot_range=31
time_ns=14599000000 [MAC 1] avoiding neighbor 3 currentReservedSlot=6 rtslot_counter=6
time_ns=14599000000 [MAC 1] PickTxSlot(dest=3) avoid: 6
time_ns=14599000000 [MAC 1] PickTxSlot chose 5 using historical next_tslot modulo probe
time_ns=14599000000 [MAC 1] TX opportunity reached currentSlot=16 reserveNextSlot=5
time_ns=14599000000 ... type=1 speedKey=8[t=14.599] TX from node 1 to dest 3 seq 3 size 100 bytes segments 4 at slot 5 rate 8 kbps txPower 33 dBm (7843.14 bps) preamble SHORT duration 0.12546 s
time_ns=14599000000 [t=14.599] RX OCCLUDED at node 2 from node 1 seq 3
time_ns=14599000000 [t=14.599] RX OCCLUDED at node 7 from node 1 seq 3
time_ns=14599000000 [t=14.599] RX OCCLUDED at node 8 from node 1 seq 3
time_ns=14599000000 [MAC 1] ACK transmitted in aggregate dest=3 seq=3 txCount=5/5
time_ns=14599000000 [MAC 1] ACK transmitted in aggregate dest=3 seq=4 txCount=5/5
time_ns=14599000000 [MAC 1] ACK transmitted in aggregate dest=3 seq=5 txCount=4/5
time_ns=14599000000 [MAC 1] ACK transmitted in aggregate dest=3 seq=6 txCount=4/5
time_ns=14599000000 [MAC 1] Remove ACK after OPNET resend limit dest=3 seq=3
time_ns=14599000000 [MAC 1] Remove ACK after OPNET resend limit dest=3 seq=4
time_ns=14599000000 [MAC 1] OPNET aggregate transmitted segments=4 ackSegments=4 dataSegments=0 bytes=100 rate=8
time_ns=14599008077 [t=14.599] RX SYNC at node 3 from node 1 seq 3 power -102.376 dBm noise -106.975 dBm snr 4.59934 dB state=1
time_ns=14599011086 [t=14.599] RX SYNC at node 5 from node 1 seq 3 power -107.876 dBm noise -106.975 dBm snr -0.900945 dB state=1
time_ns=14599023527 [t=14.599] RX SYNC at node 4 from node 1 seq 3 power -120.948 dBm noise -106.975 dBm snr -13.9725 dB state=0 below-threshold
time_ns=14605638077 [t=14.6056] MAC 3 enters Track on node 1 seq 3 power -102.376 dBm
time_ns=14605641086 [t=14.6056] MAC 5 enters Track on node 1 seq 3 power -107.876 dBm
time_ns=14724460000 [MAC 1] resumes Pre-Tx with live slot=5 counter=5
time_ns=14724468077 [t=14.7245] RX at node 3 from node 1 seq 3 rate 8 kbps txPower 33 dBm preamble SHORT pathloss 135.376 dB snr 4.59934 dB (slot 5, len 100B, ackable=0)
time_ns=14724468077 [MAC 3] Learned neighbor 1 uses slot 5 (rtCounter=5)
time_ns=14724468077 [HOP 3] RX ACK from 1 seq=3
time_ns=14724468077 [HOP 3] RX ACK from 1 seq=4
time_ns=14724468077 [HOP 3] RX ACK from 1 seq=5
time_ns=14724468077 [HOP 3] RX ACK from 1 seq=6
time_ns=14724468105 [NWK 3] CheckNwkQueue: size=0
time_ns=14724471086 [t=14.7245] RX OVERHEARD at node 5 from node 1 seq 3 rate 8 kbps txPower 33 dBm preamble SHORT pathloss 140.876 dB snr -0.900945 dB (slot 5, len 100B, ackable=0)
time_ns=14724471086 [MAC 5] Learned neighbor 1 uses slot 5 (rtCounter=5)
time_ns=14724471086 [HOP 5] Overheard frame from 1 for 3 type=1 ignored after neighbor update
time_ns=14724471086 [HOP 5] Overheard frame from 1 for 3 type=1 ignored after neighbor update
time_ns=14724471086 [HOP 5] Overheard frame from 1 for 3 type=1 ignored after neighbor update
time_ns=14724471086 [HOP 5] Overheard frame from 1 for 3 type=1 ignored after neighbor update
time_ns=14724483527 [t=14.7245] RX MISS at node 4 from node 1 seq 3
time_ns=14794000000 [MAC 3] rtslot_counter expired for neighbor 1 reserveSlot=5
time_ns=14794000000 [MAC 5] rtslot_counter expired for neighbor 1 reserveSlot=5
time_ns=14794000000 [MAC 1] PickTxSlot(dest=3) active_nodes_for_slotting=2 opnet_slot_range=31
time_ns=14794000000 [MAC 1] avoiding neighbor 3 currentReservedSlot=0 rtslot_counter=0
time_ns=14794000000 [MAC 1] PickTxSlot(dest=3) avoid:
time_ns=14794000000 [MAC 1] PickTxSlot chose 7 using historical next_tslot modulo probe
time_ns=14794000000 [MAC 1] TX opportunity reached currentSlot=5 reserveNextSlot=7
time_ns=14794000000 ... type=1 speedKey=8[t=14.794] TX from node 1 to dest 3 seq 5 size 50 bytes segments 2 at slot 7 rate 8 kbps txPower 33 dBm (7843.14 bps) preamble SHORT duration 0.07446 s
time_ns=14794000000 [t=14.794] RX OCCLUDED at node 2 from node 1 seq 5
time_ns=14794000000 [t=14.794] RX OCCLUDED at node 7 from node 1 seq 5
time_ns=14794000000 [t=14.794] RX OCCLUDED at node 8 from node 1 seq 5
time_ns=14794000000 [MAC 1] ACK transmitted in aggregate dest=3 seq=5 txCount=5/5
time_ns=14794000000 [MAC 1] ACK transmitted in aggregate dest=3 seq=6 txCount=5/5
time_ns=14794000000 [MAC 1] Remove ACK after OPNET resend limit dest=3 seq=5
time_ns=14794000000 [MAC 1] Remove ACK after OPNET resend limit dest=3 seq=6
time_ns=14794000000 [MAC 1] OPNET aggregate transmitted segments=2 ackSegments=2 dataSegments=0 bytes=50 rate=8
time_ns=14794008077 [t=14.794] RX SYNC at node 3 from node 1 seq 5 power -102.376 dBm noise -106.975 dBm snr 4.59934 dB state=1
time_ns=14794011086 [t=14.794] RX SYNC at node 5 from node 1 seq 5 power -107.876 dBm noise -106.975 dBm snr -0.900945 dB state=1
time_ns=14794023527 [t=14.794] RX SYNC at node 4 from node 1 seq 5 power -120.948 dBm noise -106.975 dBm snr -13.9725 dB state=0 below-threshold
time_ns=14800638077 [t=14.8006] MAC 3 enters Track on node 1 seq 5 power -102.376 dBm
time_ns=14800641086 [t=14.8006] MAC 5 enters Track on node 1 seq 5 power -107.876 dBm
time_ns=14868460000 [MAC 1] post-TX WAIT_FOR_ACK until 33.3685 (POST_TX_WAIT=18.5 s)
time_ns=14868468077 [t=14.8685] RX at node 3 from node 1 seq 5 rate 8 kbps txPower 33 dBm preamble SHORT pathloss 135.376 dB snr 4.59934 dB (slot 7, len 50B, ackable=0)
time_ns=14868468077 [MAC 3] Learned neighbor 1 uses slot 7 (rtCounter=7)
time_ns=14868468077 [HOP 3] RX ACK from 1 seq=5
time_ns=14868468077 [HOP 3] RX ACK from 1 seq=6
time_ns=14868468105 [NWK 3] CheckNwkQueue: size=0
time_ns=14868471086 [t=14.8685] RX OVERHEARD at node 5 from node 1 seq 5 rate 8 kbps txPower 33 dBm preamble SHORT pathloss 140.876 dB snr -0.900945 dB (slot 7, len 50B, ackable=0)
time_ns=14868471086 [MAC 5] Learned neighbor 1 uses slot 7 (rtCounter=7)
time_ns=14868471086 [HOP 5] Overheard frame from 1 for 3 type=1 ignored after neighbor update
time_ns=14868471086 [HOP 5] Overheard frame from 1 for 3 type=1 ignored after neighbor update
time_ns=14868483527 [t=14.8685] RX MISS at node 4 from node 1 seq 5
time_ns=14872000000 [MAC 3] PickTxSlot(dest=1) active_nodes_for_slotting=2 opnet_slot_range=31
time_ns=14872000000 [MAC 3] avoiding neighbor 1 currentReservedSlot=6 rtslot_counter=6
time_ns=14872000000 [MAC 3] PickTxSlot(dest=1) avoid: 6
time_ns=14872000000 [MAC 3] PickTxSlot chose 25 using historical next_tslot modulo probe
time_ns=14872000000 [MAC 3] TX opportunity reached currentSlot=9 reserveNextSlot=25
time_ns=14872000000 ... type=1 speedKey=8[t=14.872] TX from node 3 to dest 1 seq 4 size 75 bytes segments 3 at slot 25 rate 8 kbps txPower 33 dBm (7843.14 bps) preamble SHORT duration 0.09996 s
time_ns=14872000000 [t=14.872] RX OCCLUDED at node 2 from node 3 seq 4
time_ns=14872000000 [t=14.872] RX OCCLUDED at node 4 from node 3 seq 4
time_ns=14872000000 [t=14.872] RX OCCLUDED at node 7 from node 3 seq 4
time_ns=14872000000 [t=14.872] RX OCCLUDED at node 8 from node 3 seq 4
time_ns=14872000000 [MAC 3] ACK transmitted in aggregate dest=1 seq=4 txCount=5/5
time_ns=14872000000 [MAC 3] ACK transmitted in aggregate dest=1 seq=5 txCount=5/5
time_ns=14872000000 [MAC 3] ACK transmitted in aggregate dest=1 seq=6 txCount=4/5
time_ns=14872000000 [MAC 3] Remove ACK after OPNET resend limit dest=1 seq=4
time_ns=14872000000 [MAC 3] Remove ACK after OPNET resend limit dest=1 seq=5
time_ns=14872000000 [MAC 3] OPNET aggregate transmitted segments=3 ackSegments=3 dataSegments=0 bytes=75 rate=8
time_ns=14872000000 [MAC 5] rtslot_counter expired for neighbor 3 reserveSlot=9
time_ns=14872000000 [MAC 1] rtslot_counter expired for neighbor 3 reserveSlot=9
time_ns=14872008077 [t=14.872] RX SYNC at node 1 from node 3 seq 4 power -102.376 dBm noise -106.975 dBm snr 4.59934 dB state=1
time_ns=14872019163 [t=14.872] RX SYNC at node 5 from node 3 seq 4 power -117.383 dBm noise -106.975 dBm snr -10.408 dB state=1 below-threshold
time_ns=14878638077 [t=14.8786] MAC 1 enters Track on node 3 seq 4 power -102.376 dBm
time_ns=14963000000 [MAC 5] rtslot_counter expired for neighbor 1 reserveSlot=7
time_ns=14971960000 [MAC 3] resumes Pre-Tx with live slot=25 counter=25
time_ns=14971968077 [t=14.972] RX at node 1 from node 3 seq 4 rate 8 kbps txPower 33 dBm preamble SHORT pathloss 135.376 dB snr 4.59934 dB (slot 25, len 75B, ackable=0)
time_ns=14971968077 [MAC 1] Learned neighbor 3 uses slot 25 (rtCounter=25)
time_ns=14971968077 [HOP 1] RX ACK from 3 seq=4
time_ns=14971968077 [HOP 1] RX ACK from 3 seq=5
time_ns=14971968077 [HOP 1] RX ACK from 3 seq=6
time_ns=14971968105 [NWK 1] CheckNwkQueue: size=0
time_ns=15000000000 [NWK 1] Discovery Broadcast repeat sequence=1
time_ns=15000000000 [NWK 1] ARL Discover sent without Routes_PAYLOAD
time_ns=15000000000 [NWK 1] HELLO advertising 0 routes
time_ns=15000000000 [NWK 1] HELLO ARL route msg type=1
time_ns=15000000000 [HOP 1] link_control dest=16777215 neighborKnown=0 speed=8 txPower=33 rxPower=-103
time_ns=15000000000 [HOP 1] TX GroupEstablish Discover securityCount=1 securityBytes=7
time_ns=15000000000 [MAC] Enqueue TX pkt dscp=7 insert_pos=0 queue_size_before=0
time_ns=15002000000 [MAC 1] resumes Pre-Tx with live slot=7 counter=3
time_ns=15054000000 [MAC 3] rtslot_counter expired for neighbor 1 reserveSlot=7
time_ns=15054000000 [MAC 1] PickTxSlot(dest=16777215) active_nodes_for_slotting=2 opnet_slot_range=31
time_ns=15054000000 [MAC 1] avoiding neighbor 3 currentReservedSlot=18 rtslot_counter=18
time_ns=15054000000 [MAC 1] PickTxSlot(dest=16777215) avoid: 18
time_ns=15054000000 [MAC 1] PickTxSlot chose 19 using historical next_tslot modulo probe
time_ns=15054000000 [MAC 1] TX opportunity reached currentSlot=7 reserveNextSlot=19
time_ns=15054000000 ... type=4 speedKey=8[t=15.054] TX from node 1 to dest 16777215 seq 2 size 19 bytes segments 1 at slot 19 rate 8 kbps txPower 33 dBm (7843.14 bps) preamble LONG duration 1.0353 s
time_ns=15054000000 [t=15.054] RX OCCLUDED at node 2 from node 1 seq 2
time_ns=15054000000 [t=15.054] RX OCCLUDED at node 7 from node 1 seq 2
time_ns=15054000000 [t=15.054] RX OCCLUDED at node 8 from node 1 seq 2
time_ns=15054000000 [MAC 1] OPNET aggregate transmitted segments=1 ackSegments=0 dataSegments=1 bytes=19 rate=8
time_ns=15054008077 [t=15.054] RX SYNC at node 3 from node 1 seq 2 power -102.376 dBm noise -106.975 dBm snr 4.59934 dB state=1
time_ns=15054011086 [t=15.054] RX SYNC at node 5 from node 1 seq 2 power -107.876 dBm noise -106.975 dBm snr -0.900945 dB state=1
time_ns=15054023527 [t=15.054] RX SYNC at node 4 from node 1 seq 2 power -120.948 dBm noise -106.975 dBm snr -13.9725 dB state=0 below-threshold
time_ns=15060638077 [t=15.0606] MAC 3 enters Track on node 1 seq 2 power -102.376 dBm
time_ns=15060641086 [t=15.0606] MAC 5 enters Track on node 1 seq 2 power -107.876 dBm
time_ns=16089300000 [MAC 1] post-TX WAIT_FOR_ACK until 34.5893 (POST_TX_WAIT=18.5 s)
time_ns=16089308077 [t=16.0893] RX at node 3 from node 1 seq 2 rate 8 kbps txPower 33 dBm preamble LONG pathloss 135.376 dB snr 4.59934 dB (slot 19, len 19B, ackable=0)
time_ns=16089308077 [MAC 3] Learned neighbor 1 uses slot 19 (rtCounter=19)
time_ns=16089308077 [HOP 3] RX authenticated GroupEstablish Discover from=1 keyId=1 groupSeq=6
time_ns=16089308077 [MAC 3] active_nodes set to 2 for local slotting and post-TX wait
time_ns=16089308077 [NWK 3] active_nodes=2 pushed to MAC
time_ns=16089308077 [NWK 3] Updated HELLO neighbor=1 hopSrc=1 speedKey=8 activeNodes=2 pathloss=135.376 snr=4.59934
time_ns=16089308077 [NWK 3] link_calc neighbor=1 s0=-103 pathloss=135.376 numFailures=0 speed=8 txPower=33 estDistance=287 speedMargin=0.624344 totalMargin=0.624344 costMode=local-only cost=3587
time_ns=16089308077 [NWK 3] Updated route candidate dst=1 nextHop=1 hops=1 oldCost=3587 newCost=3587 valid=1->1 selectionDeferred=0 selected=1
time_ns=16089308077 [NWK 3] ARL route message from 1 type=Discover advCount=0
time_ns=16089308077 [NWK 3] ProcessDiscover from 1 subtype=Broadcast sequence=1
time_ns=16089308077 [NWK 3] Duplicate/old discovery sequence from 1 received=1 current=1
time_ns=16089308077 [NWK 3] Routes: dst=1->nh=1(hops=1,cost=3587,linkCost=3587,advCost=0,from=1,imm=1,pl=135.376,valid=1,path=[1])
time_ns=16089311086 [t=16.0893] RX at node 5 from node 1 seq 2 rate 8 kbps txPower 33 dBm preamble LONG pathloss 140.876 dB snr -0.900945 dB (slot 19, len 19B, ackable=0)
time_ns=16089311086 [MAC 5] Learned neighbor 1 uses slot 19 (rtCounter=19)
time_ns=16089311086 [HOP 5] Queue authenticated GroupEstablish pending KeyUpdate from=1 keyId=1 groupSeq=6
time_ns=16089311086 [MAC 5] active_nodes set to 2 for local slotting and post-TX wait
time_ns=16089311086 [NWK 5] active_nodes=2 pushed to MAC
time_ns=16089311086 [NWK 5] Authenticated Discover awaits group key neighbor=1 newNeighbor=0
time_ns=16089311086 [NWK 5] Sending source-faithful KeyRequest neighbor=1 noAck=1 retryDelayMs=5000
time_ns=16089311086 [HOP 5] link_control dest=1 neighborKnown=1 s0=-103 pathloss=140.876 failures=0 speed=8 txPower=33 rxPower=-103 cost=7450
time_ns=16089311086 [HOP 5] TX non-ACKed KeyRequest neighbor=1 hopSeq=2 keyId=1 keySeq=3 securityCount=1
time_ns=16089311086 [MAC] Enqueue TX pkt dscp=7 insert_pos=0 queue_size_before=0
time_ns=16089311086 [MAC 5] PickTxSlot(dest=1) active_nodes_for_slotting=2 opnet_slot_range=31
time_ns=16089311086 [MAC 5] avoiding neighbor 1 currentReservedSlot=19 rtslot_counter=19
time_ns=16089311086 [MAC 5] PickTxSlot(dest=1) avoid: 19
time_ns=16089311086 [MAC 5] PickTxSlot chose 0 using historical next_tslot modulo probe
time_ns=16089311086 [MAC 5] starts Pre-Tx with new slot=0 holdoff_over=1
time_ns=16089323527 [t=16.0893] RX MISS at node 4 from node 1 seq 2
time_ns=16094000000 [MAC 5] PickTxSlot(dest=1) active_nodes_for_slotting=2 opnet_slot_range=31
time_ns=16094000000 [MAC 5] avoiding neighbor 1 currentReservedSlot=18 rtslot_counter=18
time_ns=16094000000 [MAC 5] PickTxSlot(dest=1) avoid: 18
time_ns=16094000000 [MAC 5] PickTxSlot chose 2 using historical next_tslot modulo probe
time_ns=16094000000 [MAC 5] TX opportunity reached currentSlot=0 reserveNextSlot=2
time_ns=16094000000 ... type=8 speedKey=8[t=16.094] TX from node 5 to dest 1 seq 2 size 18 bytes segments 1 at slot 2 rate 8 kbps txPower 33 dBm (7843.14 bps) preamble SHORT duration 0.04182 s
time_ns=16094000000 [t=16.094] RX OCCLUDED at node 2 from node 5 seq 2
time_ns=16094000000 [t=16.094] RX OCCLUDED at node 7 from node 5 seq 2
time_ns=16094000000 [t=16.094] RX OCCLUDED at node 8 from node 5 seq 2
time_ns=16094000000 [MAC 5] OPNET aggregate transmitted segments=1 ackSegments=0 dataSegments=1 bytes=18 rate=8
time_ns=16094011086 [t=16.094] RX SYNC at node 1 from node 5 seq 2 power -107.876 dBm noise -106.975 dBm snr -0.900945 dB state=1
time_ns=16094012444 [t=16.094] RX SYNC at node 4 from node 5 seq 2 power -109.884 dBm noise -106.975 dBm snr -2.90891 dB state=0
time_ns=16094019163 [t=16.094] RX SYNC at node 3 from node 5 seq 2 power -117.383 dBm noise -106.975 dBm snr -10.408 dB state=1
time_ns=16100641086 [t=16.1006] MAC 1 enters Track on node 5 seq 2 power -107.876 dBm
time_ns=16100649163 [t=16.1006] MAC 3 enters Track on node 5 seq 2 power -117.383 dBm
time_ns=16135820000 [MAC 5] post-TX WAIT_FOR_ACK until 34.6358 (POST_TX_WAIT=18.5 s)
time_ns=16135831086 [t=16.1358] RX at node 1 from node 5 seq 2 rate 8 kbps txPower 33 dBm preamble SHORT pathloss 140.876 dB snr -0.900945 dB (slot 2, len 18B, ackable=0)
time_ns=16135831086 [MAC 1] Ignore first-contact reservation from unknown neighbor 5 slot=2
time_ns=16135831086 [HOP 1] New neighbor 5 heard at t=16.1358s
time_ns=16135831086 [HOP 1] RX authenticated KeyRequest from=5 keyId=1 keySeq=3 securityCount=1
time_ns=16135831086 [NWK 1] KeyRequest accepted neighbor=5
time_ns=16135831086 [HOP 1] link_control dest=5 neighborKnown=1 s0=-103 pathloss=140.876 failures=0 speed=8 txPower=33 rxPower=-103 cost=7450
time_ns=16135831086 [HOP 1] TX reliable KeyUpdate neighbor=5 hopSeq=1 keyId=1 keySeq=2 groupKeyId=1 securityBytes=51
time_ns=16135831086 [MAC] Enqueue TX pkt dscp=7 insert_pos=0 queue_size_before=0
time_ns=16135831086 [NWK 1] KeyUpdate send active neighbor=5 reliable=1 securityBytes=51
time_ns=16135831086 [MAC 1] resumes Pre-Tx with live slot=19 counter=18
time_ns=16135832444 [t=16.1358] RX MISS at node 4 from node 5 seq 2
time_ns=16135839163 [t=16.1358] RX OVERHEARD at node 3 from node 5 seq 2 rate 8 kbps txPower 33 dBm preamble SHORT pathloss 150.383 dB snr -10.408 dB (slot 2, len 18B, ackable=0)
time_ns=16135839163 [MAC 3] Ignore first-contact reservation from unknown neighbor 5 slot=2
time_ns=16135839163 [HOP 3] New neighbor 5 heard at t=16.1358s
time_ns=16135839163 [HOP 3] Overheard frame from 5 for 1 type=8 ignored after neighbor update
time_ns=16172000000 [MAC 5] local advertised reservation expired
time_ns=16367000000 [MAC 3] PickTxSlot(dest=1) active_nodes_for_slotting=2 opnet_slot_range=31
time_ns=16367000000 [MAC 3] avoiding neighbor 1 currentReservedSlot=0 rtslot_counter=0
time_ns=16367000000 [MAC 3] PickTxSlot(dest=1) avoid:
time_ns=16367000000 [MAC 3] PickTxSlot chose 16 using historical next_tslot modulo probe
time_ns=16367000000 [MAC 3] TX opportunity reached currentSlot=25 reserveNextSlot=16
time_ns=16367000000 ... type=1 speedKey=8[t=16.367] TX from node 3 to dest 1 seq 6 size 25 bytes segments 1 at slot 16 rate 8 kbps txPower 33 dBm (7843.14 bps) preamble SHORT duration 0.04896 s
time_ns=16367000000 [t=16.367] RX OCCLUDED at node 2 from node 3 seq 6
time_ns=16367000000 [t=16.367] RX OCCLUDED at node 4 from node 3 seq 6
time_ns=16367000000 [t=16.367] RX OCCLUDED at node 7 from node 3 seq 6
time_ns=16367000000 [t=16.367] RX OCCLUDED at node 8 from node 3 seq 6
time_ns=16367000000 [MAC 3] ACK transmitted in aggregate dest=1 seq=6 txCount=5/5
time_ns=16367000000 [MAC 3] Remove ACK after OPNET resend limit dest=1 seq=6
time_ns=16367000000 [MAC 3] OPNET aggregate transmitted segments=1 ackSegments=1 dataSegments=0 bytes=25 rate=8
time_ns=16367000000 [MAC 1] rtslot_counter expired for neighbor 3 reserveSlot=25
time_ns=16367008077 [t=16.367] RX SYNC at node 1 from node 3 seq 6 power -102.376 dBm noise -106.975 dBm snr 4.59934 dB state=1
time_ns=16367019163 [t=16.367] RX SYNC at node 5 from node 3 seq 6 power -117.383 dBm noise -106.975 dBm snr -10.408 dB state=1
time_ns=16373638077 [t=16.3736] MAC 1 enters Track on node 3 seq 6 power -102.376 dBm
time_ns=16373649163 [t=16.3736] MAC 5 enters Track on node 3 seq 6 power -117.383 dBm
time_ns=16415960000 [MAC 3] post-TX WAIT_FOR_ACK until 34.916 (POST_TX_WAIT=18.5 s)
time_ns=16415968077 [t=16.416] RX at node 1 from node 3 seq 6 rate 8 kbps txPower 33 dBm preamble SHORT pathloss 135.376 dB snr 4.59934 dB (slot 16, len 25B, ackable=0)
time_ns=16415968077 [MAC 1] Learned neighbor 3 uses slot 16 (rtCounter=16)
time_ns=16415968077 [HOP 1] RX ACK from 3 seq=6
time_ns=16415968105 [NWK 1] CheckNwkQueue: size=0
time_ns=16415979163 [t=16.416] RX OVERHEARD at node 5 from node 3 seq 6 rate 8 kbps txPower 33 dBm preamble SHORT pathloss 150.383 dB snr -10.408 dB (slot 16, len 25B, ackable=0)
time_ns=16415979163 [MAC 5] Learned neighbor 3 uses slot 16 (rtCounter=16)
time_ns=16415979163 [HOP 5] Overheard frame from 3 for 1 type=1 ignored after neighbor update
time_ns=16419000000 [MAC 3] rtslot_counter expired for neighbor 1 reserveSlot=19
time_ns=16419000000 [MAC 5] rtslot_counter expired for neighbor 1 reserveSlot=19
time_ns=16419000000 [MAC 1] PickTxSlot(dest=5) active_nodes_for_slotting=2 opnet_slot_range=31
time_ns=16419000000 [MAC 1] avoiding neighbor 3 currentReservedSlot=15 rtslot_counter=15
time_ns=16419000000 [MAC 1] PickTxSlot(dest=5) avoid: 15
time_ns=16419000000 [MAC 1] PickTxSlot chose 17 using historical next_tslot modulo probe
time_ns=16419000000 [MAC 1] TX opportunity reached currentSlot=19 reserveNextSlot=17
time_ns=16419000000 ... type=9 speedKey=8[t=16.419] TX from node 1 to dest 5 seq 1 size 62 bytes segments 1 at slot 17 rate 8 kbps txPower 33 dBm (7843.14 bps) preamble SHORT duration 0.0867 s
time_ns=16419000000 [t=16.419] RX OCCLUDED at node 2 from node 1 seq 1
time_ns=16419000000 [t=16.419] RX OCCLUDED at node 7 from node 1 seq 1
time_ns=16419000000 [t=16.419] RX OCCLUDED at node 8 from node 1 seq 1
time_ns=16419000000 [HOP 1] MAC sent confirmation dest=5 seq=1 transmission=1 sentAt=16.419
time_ns=16419000000 [MAC 1] OPNET aggregate transmitted segments=1 ackSegments=0 dataSegments=1 bytes=62 rate=8
time_ns=16419008077 [t=16.419] RX SYNC at node 3 from node 1 seq 1 power -102.376 dBm noise -106.975 dBm snr 4.59934 dB state=1
time_ns=16419011086 [t=16.419] RX SYNC at node 5 from node 1 seq 1 power -107.876 dBm noise -106.975 dBm snr -0.900945 dB state=1
time_ns=16419023527 [t=16.419] RX SYNC at node 4 from node 1 seq 1 power -120.948 dBm noise -106.975 dBm snr -13.9725 dB state=0 below-threshold
time_ns=16425638077 [t=16.4256] MAC 3 enters Track on node 1 seq 1 power -102.376 dBm
time_ns=16425641086 [t=16.4256] MAC 5 enters Track on node 1 seq 1 power -107.876 dBm
time_ns=16505700000 [MAC 1] post-TX WAIT_FOR_ACK until 35.0057 (POST_TX_WAIT=18.5 s)
time_ns=16505708077 [t=16.5057] RX OVERHEARD at node 3 from node 1 seq 1 rate 8 kbps txPower 33 dBm preamble SHORT pathloss 135.376 dB snr 4.59934 dB (slot 17, len 62B, ackable=1)
time_ns=16505708077 [MAC 3] Learned neighbor 1 uses slot 17 (rtCounter=17)
time_ns=16505708077 [HOP 3] Overheard frame from 1 for 5 type=9 ignored after neighbor update
time_ns=16505711086 [t=16.5057] RX at node 5 from node 1 seq 1 rate 8 kbps txPower 33 dBm preamble SHORT pathloss 140.876 dB snr -0.900945 dB (slot 17, len 62B, ackable=1)
time_ns=16505711086 [MAC 5] Learned neighbor 1 uses slot 17 (rtCounter=17)
time_ns=16505711086 [HOP 5] RX authenticated KeyUpdate from=1 keyId=1 keySeq=2 groupKeyId=1 securityCount=1
time_ns=16505711086 [HOP 5] link_control dest=1 neighborKnown=1 s0=-103 pathloss=140.876 failures=0 speed=8 txPower=33 rxPower=-103 cost=7450
time_ns=16505711086 [HOP 5] ACK KeyUpdate to 1 seq=1
time_ns=16505711086 [MAC 5] Enqueue ACK dest=1 seq=1 window=0 ack_queue_size=1
time_ns=16505711086 [NWK 5] KeyUpdate complete neighbor=1 receivedKey=1
time_ns=16505711086 [HOP 5] link_control dest=1 neighborKnown=1 s0=-103 pathloss=140.876 failures=0 speed=8 txPower=33 rxPower=-103 cost=7450
time_ns=16505711086 [HOP 5] TX reliable KeyUpdate neighbor=1 hopSeq=3 keyId=1 keySeq=4 groupKeyId=1 securityBytes=51
time_ns=16505711086 [MAC] Enqueue TX pkt dscp=7 insert_pos=0 queue_size_before=0
time_ns=16505711086 [NWK 5] KeyUpdate send active neighbor=1 reliable=1 securityBytes=51
time_ns=16505711086 [HOP 5] Replay queued GroupEstablish after KeyUpdate from=1 keyId=1 groupSeq=6
time_ns=16505711086 [NWK 5] Gateway learned node=1
time_ns=16505711086 [MAC 5] active_nodes set to 2 for local slotting and post-TX wait
time_ns=16505711086 [NWK 5] active_nodes=2 pushed to MAC
time_ns=16505711086 [MAC 5] max_reported_active_nodes updated to 2
time_ns=16505711086 [NWK 5] Updated HELLO neighbor=1 hopSrc=1 speedKey=8 activeNodes=2 pathloss=140.876 snr=-0.900945
time_ns=16505711086 [NWK 5] link_calc neighbor=1 s0=-103 pathloss=140.876 numFailures=0 speed=8 txPower=33 estDistance=298 speedMargin=-4.87595 totalMargin=-4.87595 costMode=local-only cost=7450
time_ns=16505711086 [NWK 5] Added route candidate dst=1 nextHop=1 hops=1 cost=7450 linkCost=7450 advCost=0 learnedFrom=1 selectionDeferred=0 selected=0
time_ns=16505711086 [NWK 5] ARL route message from 1 type=Discover advCount=0
time_ns=16505711086 [NWK 5] ProcessDiscover from 1 subtype=Broadcast sequence=1
time_ns=16505711086 [NWK 5] New discovery sequence from 1 old=0 new=1
time_ns=16505711086 [NWK 5] Discovery response pending key-send ACK neighbor=1 sequence=1
time_ns=16505711086 [NWK 5] Routes: dst=1->nh=1(hops=1,cost=7450,linkCost=7450,advCost=0,from=1,imm=1,pl=140.876,valid=1,path=[1])
time_ns=16505711086 [MAC 5] PickTxSlot(dest=1) active_nodes_for_slotting=2 opnet_slot_range=31
time_ns=16505711086 [MAC 5] avoiding neighbor 1 currentReservedSlot=17 rtslot_counter=17
time_ns=16505711086 [MAC 5] avoiding neighbor 3 currentReservedSlot=15 rtslot_counter=15
time_ns=16505711086 [MAC 5] PickTxSlot(dest=1) avoid: 15 17
time_ns=16505711086 [MAC 5] PickTxSlot chose 16 using historical next_tslot modulo probe
time_ns=16505711086 [MAC 5] starts Pre-Tx with new slot=16 holdoff_over=1
time_ns=16505723527 [t=16.5057] RX MISS at node 4 from node 1 seq 1
time_ns=16705000000 [MAC 3] local advertised reservation expired
time_ns=16705000000 [MAC 5] rtslot_counter expired for neighbor 3 reserveSlot=16
time_ns=16705000000 [MAC 1] rtslot_counter expired for neighbor 3 reserveSlot=16
time_ns=16718000000 [MAC 5] PickTxSlot(dest=1) active_nodes_for_slotting=2 opnet_slot_range=31
time_ns=16718000000 [MAC 5] avoiding neighbor 1 currentReservedSlot=0 rtslot_counter=0
time_ns=16718000000 [MAC 5] PickTxSlot(dest=1) avoid:
time_ns=16718000000 [MAC 5] PickTxSlot chose 14 using historical next_tslot modulo probe
time_ns=16718000000 [MAC 5] TX opportunity reached currentSlot=16 reserveNextSlot=14
time_ns=16718000000 ... type=1 speedKey=8[t=16.718] TX from node 5 to dest 1 seq 1 size 87 bytes segments 2 at slot 14 rate 8 kbps txPower 33 dBm (7843.14 bps) preamble SHORT duration 0.1122 s
time_ns=16718000000 [t=16.718] RX OCCLUDED at node 2 from node 5 seq 1
time_ns=16718000000 [t=16.718] RX OCCLUDED at node 7 from node 5 seq 1
time_ns=16718000000 [t=16.718] RX OCCLUDED at node 8 from node 5 seq 1
time_ns=16718000000 [HOP 5] MAC sent confirmation dest=1 seq=3 transmission=1 sentAt=16.718
time_ns=16718000000 [MAC 5] ACK transmitted in aggregate dest=1 seq=1 txCount=1/5
time_ns=16718000000 [MAC 5] OPNET aggregate transmitted segments=2 ackSegments=1 dataSegments=1 bytes=87 rate=8
time_ns=16718011086 [t=16.718] RX SYNC at node 1 from node 5 seq 1 power -107.876 dBm noise -106.975 dBm snr -0.900945 dB state=1
time_ns=16718012444 [t=16.718] RX SYNC at node 4 from node 5 seq 1 power -109.884 dBm noise -106.975 dBm snr -2.90891 dB state=0
time_ns=16718019163 [t=16.718] RX SYNC at node 3 from node 5 seq 1 power -117.383 dBm noise -106.975 dBm snr -10.408 dB state=1 below-threshold
time_ns=16724641086 [t=16.7246] MAC 1 enters Track on node 5 seq 1 power -107.876 dBm
time_ns=16731000000 [MAC 3] rtslot_counter expired for neighbor 1 reserveSlot=17
time_ns=16830200000 [MAC 5] resumes Pre-Tx with live slot=14 counter=14
time_ns=16830211086 [t=16.8302] RX at node 1 from node 5 seq 1 rate 8 kbps txPower 33 dBm preamble SHORT pathloss 140.876 dB snr -0.900945 dB (slot 14, len 87B, ackable=1)
time_ns=16830211086 [MAC 1] Learned neighbor 5 uses slot 14 (rtCounter=14)
time_ns=16830211086 [HOP 1] RX ACK from 5 seq=1
time_ns=16830211086 [HOP 1] Reliable KeyUpdate completed neighbor=5 seq=1
time_ns=16830211086 [NWK 1] KeyUpdate send completion neighbor=5 acknowledged=1 sentKey=1
time_ns=16830211086 [NWK 1] Sending source-faithful KeyRequest neighbor=5 noAck=1 retryDelayMs=10000
time_ns=16830211086 [HOP 1] link_control dest=5 neighborKnown=1 s0=-103 pathloss=140.876 failures=0 speed=8 txPower=33 rxPower=-103 cost=7450
time_ns=16830211086 [HOP 1] TX non-ACKed KeyRequest neighbor=5 hopSeq=2 keyId=1 keySeq=3 securityCount=1
time_ns=16830211086 [MAC] Enqueue TX pkt dscp=7 insert_pos=0 queue_size_before=0
time_ns=16830211086 [HOP 1] RX authenticated KeyUpdate from=5 keyId=1 keySeq=4 groupKeyId=1 securityCount=1
time_ns=16830211086 [HOP 1] link_control dest=5 neighborKnown=1 s0=-103 pathloss=140.876 failures=0 speed=8 txPower=33 rxPower=-103 cost=7450
time_ns=16830211086 [HOP 1] ACK KeyUpdate to 5 seq=3
time_ns=16830211086 [MAC 1] Enqueue ACK dest=5 seq=3 window=0 ack_queue_size=1
time_ns=16830211086 [NWK 1] KeyUpdate complete neighbor=5 receivedKey=1
time_ns=16830211086 [NWK 1] Sending CHECK_OVERHEARD after two-sided key exchange neighbor=5
time_ns=16830211086 [NWK 1] Sending targeted ARL NeighborCheck neighbor=5 subtype=Overheard
time_ns=16830211086 [HOP 1] link_control dest=5 neighborKnown=1 s0=-103 pathloss=140.876 failures=0 speed=8 txPower=33 rxPower=-103 cost=7450
time_ns=16830211086 [HOP 1] TX reliable NeighborCheck to 5 seq=3
time_ns=16830211086 [MAC] Enqueue TX pkt dscp=7 insert_pos=1 queue_size_before=1
time_ns=16830211086 [MAC 1] resumes Pre-Tx with live slot=17 counter=0
time_ns=16830211114 [NWK 1] CheckNwkQueue: size=0
time_ns=16830212444 [t=16.8302] RX MISS at node 4 from node 5 seq 1
time_ns=16835000000 [MAC 5] rtslot_counter expired for neighbor 1 reserveSlot=17
time_ns=16835000000 [MAC 1] PickTxSlot(dest=5) active_nodes_for_slotting=2 opnet_slot_range=31
time_ns=16835000000 [MAC 1] avoiding neighbor 5 currentReservedSlot=13 rtslot_counter=13
time_ns=16835000000 [MAC 1] PickTxSlot(dest=5) avoid: 13
time_ns=16835000000 [MAC 1] PickTxSlot chose 31 using historical next_tslot modulo probe
time_ns=16835000000 [MAC 1] TX opportunity reached currentSlot=17 reserveNextSlot=31
time_ns=16835000000 ... type=1 speedKey=8[t=16.835] TX from node 1 to dest 5 seq 3 size 59 bytes segments 3 at slot 31 rate 8 kbps txPower 33 dBm (7843.14 bps) preamble SHORT duration 0.08364 s
time_ns=16835000000 [t=16.835] RX OCCLUDED at node 2 from node 1 seq 3
time_ns=16835000000 [t=16.835] RX OCCLUDED at node 7 from node 1 seq 3
time_ns=16835000000 [t=16.835] RX OCCLUDED at node 8 from node 1 seq 3
time_ns=16835000000 [HOP 1] MAC sent confirmation dest=5 seq=3 transmission=1 sentAt=16.835
time_ns=16835000000 [MAC 1] ACK transmitted in aggregate dest=5 seq=3 txCount=1/5
time_ns=16835000000 [MAC 1] OPNET aggregate transmitted segments=3 ackSegments=1 dataSegments=2 bytes=59 rate=8
time_ns=16835008077 [t=16.835] RX SYNC at node 3 from node 1 seq 3 power -102.376 dBm noise -106.975 dBm snr 4.59934 dB state=1
time_ns=16835011086 [t=16.835] RX SYNC at node 5 from node 1 seq 3 power -107.876 dBm noise -106.975 dBm snr -0.900945 dB state=1
time_ns=16835023527 [t=16.835] RX SYNC at node 4 from node 1 seq 3 power -120.948 dBm noise -106.975 dBm snr -13.9725 dB state=0 below-threshold
time_ns=16841638077 [t=16.8416] MAC 3 enters Track on node 1 seq 3 power -102.376 dBm
time_ns=16841641086 [t=16.8416] MAC 5 enters Track on node 1 seq 3 power -107.876 dBm
time_ns=16918640000 [MAC 1] resumes Pre-Tx with live slot=31 counter=31
time_ns=16918648077 [t=16.9186] RX OVERHEARD at node 3 from node 1 seq 3 rate 8 kbps txPower 33 dBm preamble SHORT pathloss 135.376 dB snr 4.59934 dB (slot 31, len 59B, ackable=1)
time_ns=16918648077 [MAC 3] Learned neighbor 1 uses slot 31 (rtCounter=31)
time_ns=16918648077 [HOP 3] Overheard frame from 1 for 5 type=1 ignored after neighbor update
time_ns=16918648077 [HOP 3] Overheard frame from 1 for 5 type=8 ignored after neighbor update
time_ns=16918648077 [HOP 3] Overheard frame from 1 for 5 type=5 ignored after neighbor update
time_ns=16918651086 [t=16.9187] RX at node 5 from node 1 seq 3 rate 8 kbps txPower 33 dBm preamble SHORT pathloss 140.876 dB snr -0.900945 dB (slot 31, len 59B, ackable=1)
time_ns=16918651086 [MAC 5] Learned neighbor 1 uses slot 31 (rtCounter=31)
time_ns=16918651086 [HOP 5] RX ACK from 1 seq=3
time_ns=16918651086 [HOP 5] Reliable KeyUpdate completed neighbor=1 seq=3
time_ns=16918651086 [NWK 5] KeyUpdate send completion neighbor=1 acknowledged=1 sentKey=1
time_ns=16918651086 [NWK 5] Sending deferred Discovery NeighborCheck neighbor=1 sequence=1 afterKeySend=1
time_ns=16918651086 [NWK 5] Sending targeted ARL NeighborCheck neighbor=1 subtype=Discovery discoverySequence=1
time_ns=16918651086 [HOP 5] link_control dest=1 neighborKnown=1 s0=-103 pathloss=140.876 failures=0 speed=8 txPower=33 rxPower=-103 cost=7450
time_ns=16918651086 [HOP 5] TX reliable NeighborCheck to 1 seq=4
time_ns=16918651086 [MAC] Enqueue TX pkt dscp=7 insert_pos=0 queue_size_before=0
time_ns=16918651086 [HOP 5] RX authenticated KeyRequest from=1 keyId=1 keySeq=3 securityCount=1
time_ns=16918651086 [NWK 5] KeyRequest received after completed KeyUpdate neighbor=1 ageMs=0 recent-key-suppressed
time_ns=16918651086 [HOP 5] RX reliable NeighborCheck from 1 seq=3 firstReception=1
time_ns=16918651086 [MAC 5] active_nodes set to 2 for local slotting and post-TX wait
time_ns=16918651086 [NWK 5] active_nodes=2 pushed to MAC
time_ns=16918651086 [NWK 5] Updated HELLO neighbor=1 hopSrc=1 speedKey=8 activeNodes=2 pathloss=140.876 snr=-0.900945
time_ns=16918651086 [NWK 5] link_calc neighbor=1 s0=-103 pathloss=140.876 numFailures=0 speed=8 txPower=33 estDistance=298 speedMargin=-4.87595 totalMargin=-4.87595 costMode=local-only cost=7450
time_ns=16918651086 [NWK 5] Updated route candidate dst=1 nextHop=1 hops=1 oldCost=7450 newCost=7450 valid=1->1 selectionDeferred=0 selected=0
time_ns=16918651086 [NWK 5] ARL route message from 1 type=NeighborCheck advCount=0
time_ns=16918651086 [NWK 5] ProcessNeighborCheck from 1 subtype=Overheard pathloss=140.876 snr=-0.900945 linkCost=7450 advCount=0
time_ns=16918651086 [NWK 5] NeighborCheck Overheard received from 1
time_ns=16918651086 [NWK 5] Sending CHECK_OVERHEARD after two-sided key exchange neighbor=1
time_ns=16918651086 [NWK 5] Sending targeted ARL NeighborCheck neighbor=1 subtype=Overheard
time_ns=16918651086 [HOP 5] link_control dest=1 neighborKnown=1 s0=-103 pathloss=140.876 failures=0 speed=8 txPower=33 rxPower=-103 cost=7450
time_ns=16918651086 [HOP 5] TX reliable NeighborCheck to 1 seq=5
time_ns=16918651086 [MAC] Enqueue TX pkt dscp=7 insert_pos=1 queue_size_before=1
time_ns=16918651086 [NWK 5] Routes: dst=1->nh=1(hops=1,cost=7450,linkCost=7450,advCost=0,from=1,imm=1,pl=140.876,valid=1,path=[1])
time_ns=16918651086 [HOP 5] link_control dest=1 neighborKnown=1 s0=-103 pathloss=140.876 failures=0 speed=8 txPower=33 rxPower=-103 cost=7450
time_ns=16918651086 [HOP 5] ACK NeighborCheck to 1 seq=3
time_ns=16918651086 [MAC 5] Enqueue ACK dest=1 seq=3 window=0 ack_queue_size=2
time_ns=16918651114 [NWK 5] CheckNwkQueue: size=0
time_ns=16918663527 [t=16.9187] RX MISS at node 4 from node 1 seq 3
time_ns=17095000000 [MAC 5] PickTxSlot(dest=1) active_nodes_for_slotting=2 opnet_slot_range=31
time_ns=17095000000 [MAC 5] avoiding neighbor 1 currentReservedSlot=17 rtslot_counter=17
time_ns=17095000000 [MAC 5] PickTxSlot(dest=1) avoid: 17
time_ns=17095000000 [MAC 5] PickTxSlot chose 9 using historical next_tslot modulo probe
time_ns=17095000000 [MAC 5] TX opportunity reached currentSlot=14 reserveNextSlot=9
time_ns=17095000000 ... type=1 speedKey=8[t=17.095] TX from node 5 to dest 1 seq 1 size 82 bytes segments 4 at slot 9 rate 8 kbps txPower 33 dBm (7843.14 bps) preamble SHORT duration 0.1071 s
time_ns=17095000000 [t=17.095] RX OCCLUDED at node 2 from node 5 seq 1
time_ns=17095000000 [t=17.095] RX OCCLUDED at node 7 from node 5 seq 1
time_ns=17095000000 [t=17.095] RX OCCLUDED at node 8 from node 5 seq 1
time_ns=17095000000 [HOP 5] MAC sent confirmation dest=1 seq=4 transmission=1 sentAt=17.095
time_ns=17095000000 [HOP 5] MAC sent confirmation dest=1 seq=5 transmission=1 sentAt=17.095
time_ns=17095000000 [MAC 5] ACK transmitted in aggregate dest=1 seq=1 txCount=2/5
time_ns=17095000000 [MAC 5] ACK transmitted in aggregate dest=1 seq=3 txCount=1/5
time_ns=17095000000 [MAC 5] OPNET aggregate transmitted segments=4 ackSegments=2 dataSegments=2 bytes=82 rate=8
time_ns=17095000000 [MAC 1] rtslot_counter expired for neighbor 5 reserveSlot=14
time_ns=17095011086 [t=17.095] RX SYNC at node 1 from node 5 seq 1 power -107.876 dBm noise -106.975 dBm snr -0.900945 dB state=1
time_ns=17095012444 [t=17.095] RX SYNC at node 4 from node 5 seq 1 power -109.884 dBm noise -106.975 dBm snr -2.90891 dB state=0
time_ns=17095019163 [t=17.095] RX SYNC at node 3 from node 5 seq 1 power -117.383 dBm noise -106.975 dBm snr -10.408 dB state=1
time_ns=17101641086 [t=17.1016] MAC 1 enters Track on node 5 seq 1 power -107.876 dBm
time_ns=17101649163 [t=17.1016] MAC 3 enters Track on node 5 seq 1 power -117.383 dBm
time_ns=17202100000 [MAC 5] resumes Pre-Tx with live slot=9 counter=9
time_ns=17202111086 [t=17.2021] RX at node 1 from node 5 seq 1 rate 8 kbps txPower 33 dBm preamble SHORT pathloss 140.876 dB snr -0.900945 dB (slot 9, len 82B, ackable=1)
time_ns=17202111086 [MAC 1] Learned neighbor 5 uses slot 9 (rtCounter=9)
time_ns=17202111086 [HOP 1] RX ACK from 5 seq=1
time_ns=17202111086 [HOP 1] RX ACK from 5 seq=3
time_ns=17202111086 [HOP 1] Reliable NeighborCheck completed with 5 seq=3 subtype=3 discoverySequence=0
time_ns=17202111086 [NWK 1] NeighborCheck success neighbor=5 subtype=Overheard discoverySequence=0 stale=0->0 numFailures=0->0
time_ns=17202111086 [NWK 1] ARL neighbor ACTIVE neighbor=5 reason=ACKed NeighborCheck keys=two-sided
time_ns=17202111086 [HOP 1] RX reliable NeighborCheck from 5 seq=4 firstReception=1
time_ns=17202111086 [MAC 1] active_nodes set to 3 for local slotting and post-TX wait
time_ns=17202111086 [NWK 1] active_nodes=3 pushed to MAC
time_ns=17202111086 [NWK 1] Updated HELLO neighbor=5 hopSrc=5 speedKey=8 activeNodes=0 pathloss=140.876 snr=-0.900945
time_ns=17202111086 [NWK 1] link_calc neighbor=5 s0=-103 pathloss=140.876 numFailures=0 speed=8 txPower=33 estDistance=298 speedMargin=-4.87595 totalMargin=-4.87595 costMode=local-only cost=7450
time_ns=17202111086 [NWK 1] Added route candidate dst=5 nextHop=5 hops=1 cost=7450 linkCost=7450 advCost=0 learnedFrom=5 selectionDeferred=0 selected=1
time_ns=17202111086 [NWK 1] Updated selected-route preference dst=5 preferredNextHop=5
time_ns=17202111086 [NWK 1] Selected route changed dst=5 reason=candidate update pendingDestinations=1
time_ns=17202111086 [NWK 1] ARL route message from 5 type=NeighborCheck advCount=0
time_ns=17202111086 [NWK 1] ProcessNeighborCheck from 5 subtype=Discovery pathloss=140.876 snr=-0.900945 linkCost=7450 advCount=0
time_ns=17202111086 [NWK 1] Discovery response from neighbor=5 responseSequence=1 localDiscoverySequence=1
time_ns=17202111086 [NWK 1] Discovery response accepted neighbor=5 verified=0->1 sequence=1 reportedActiveNodes=0
time_ns=17202111086 [NWK 1] Routes: dst=3->nh=3(hops=1,cost=3587,linkCost=3587,advCost=0,from=3,imm=1,pl=135.376,valid=1,path=[3]) dst=5->nh=5(hops=1,cost=7450,linkCost=7450,advCost=0,from=5,imm=1,pl=140.876,valid=1,path=[5])
time_ns=17202111086 [HOP 1] link_control dest=5 neighborKnown=1 s0=-103 pathloss=140.876 failures=0 speed=8 txPower=33 rxPower=-103 cost=7450
time_ns=17202111086 [HOP 1] ACK NeighborCheck to 5 seq=4
time_ns=17202111086 [MAC 1] Enqueue ACK dest=5 seq=4 window=0 ack_queue_size=2
time_ns=17202111086 [HOP 1] RX reliable NeighborCheck from 5 seq=5 firstReception=1
time_ns=17202111086 [MAC 1] active_nodes set to 3 for local slotting and post-TX wait
time_ns=17202111086 [NWK 1] active_nodes=3 pushed to MAC
time_ns=17202111086 [NWK 1] Updated HELLO neighbor=5 hopSrc=5 speedKey=8 activeNodes=2 pathloss=140.876 snr=-0.900945
time_ns=17202111086 [NWK 1] link_calc neighbor=5 s0=-103 pathloss=140.876 numFailures=0 speed=8 txPower=33 estDistance=298 speedMargin=-4.87595 totalMargin=-4.87595 costMode=local-only cost=7450
time_ns=17202111086 [NWK 1] Updated route candidate dst=5 nextHop=5 hops=1 oldCost=7450 newCost=7450 valid=1->1 selectionDeferred=0 selected=1
time_ns=17202111086 [NWK 1] ARL route message from 5 type=NeighborCheck advCount=0
time_ns=17202111086 [NWK 1] ProcessNeighborCheck from 5 subtype=Overheard pathloss=140.876 snr=-0.900945 linkCost=7450 advCount=0
time_ns=17202111086 [NWK 1] NeighborCheck Overheard received from 5
time_ns=17202111086 [NWK 1] Routes: dst=3->nh=3(hops=1,cost=3587,linkCost=3587,advCost=0,from=3,imm=1,pl=135.376,valid=1,path=[3]) dst=5->nh=5(hops=1,cost=7450,linkCost=7450,advCost=0,from=5,imm=1,pl=140.876,valid=1,path=[5])
time_ns=17202111086 [HOP 1] link_control dest=5 neighborKnown=1 s0=-103 pathloss=140.876 failures=0 speed=8 txPower=33 rxPower=-103 cost=7450
time_ns=17202111086 [HOP 1] ACK NeighborCheck to 5 seq=5
time_ns=17202111086 [MAC 1] Enqueue ACK dest=5 seq=5 window=0 ack_queue_size=3
time_ns=17202111086 [NWK 1] Built ARL routing byte stream routingSequence=3 records=4 advertisedRoutes=2 recordBytes=43 sections=1 maxSectionBytes=700
time_ns=17202111086 [NWK 1] Starting reliable ARL RoutingSnapshot neighbor=5 routingSequence=3 sections=1
time_ns=17202111086 [NWK 1] Sending ARL RoutingSnapshot section=0/1 neighbor=5 routingSequence=3
time_ns=17202111086 [HOP 1] link_control dest=5 neighborKnown=1 s0=-103 pathloss=140.876 failures=0 speed=8 txPower=33 rxPower=-103 cost=7450
time_ns=17202111086 [HOP 1] TX reliable RoutingControl targets=5:4
time_ns=17202111086 [MAC] Enqueue TX pkt dscp=7 insert_pos=0 queue_size_before=0
time_ns=17202111086 [NWK 1] Armed RoutingSnapshot watchdog neighbor=5 phase=awaiting-independent-section-acks generation=1 timeoutSec=20
time_ns=17202111086 [NWK 1] routesProcess grouped selected-route changes count=1 infoChanged=0 time=17.2021
time_ns=17202111086 [NWK 1] Best route dst=5 nextHop=5 cost=7450 hops=1 learnedFrom=5 candidates=1 validCandidates=1
time_ns=17202111086 [NWK 1] Sending source-exact grouped route changes routingSequence=4 infoChanged=0 destinations=1 neighbors=2 groups=1 sections=1
time_ns=17202111086 [NWK 1] Retained grouped routing-control owner routingSequence=4 operation=Update section=0/1 destinations=2 owners=1
time_ns=17202111086 [HOP 1] link_control dest=5 neighborKnown=1 s0=-103 pathloss=140.876 failures=0 speed=8 txPower=33 rxPower=-103 cost=7450
time_ns=17202111086 [HOP 1] link_control dest=3 neighborKnown=1 s0=-103 pathloss=135.376 failures=0 speed=8 txPower=33 rxPower=-103 cost=3587
time_ns=17202111086 [HOP 1] TX reliable RoutingControl targets=5:5,3:7
time_ns=17202111086 [MAC] Enqueue TX pkt dscp=7 insert_pos=1 queue_size_before=1
time_ns=17202111114 [NWK 1] CheckNwkQueue: size=0
time_ns=17202112444 [t=17.2021] RX MISS at node 4 from node 5 seq 1
time_ns=17202119163 [t=17.2021] RX OVERHEARD at node 3 from node 5 seq 1 rate 8 kbps txPower 33 dBm preamble SHORT pathloss 150.383 dB snr -10.408 dB (slot 9, len 82B, ackable=1)
time_ns=17202119163 [MAC 3] Learned neighbor 5 uses slot 9 (rtCounter=9)
time_ns=17202119163 [HOP 3] Overheard frame from 5 for 1 type=1 ignored after neighbor update
time_ns=17202119163 [HOP 3] Overheard frame from 5 for 1 type=1 ignored after neighbor update
time_ns=17202119163 [HOP 3] Overheard frame from 5 for 1 type=5 ignored after neighbor update
time_ns=17202119163 [HOP 3] Overheard frame from 5 for 1 type=5 ignored after neighbor update
time_ns=17329000000 [MAC 3] rtslot_counter expired for neighbor 5 reserveSlot=9
time_ns=17329000000 [MAC 5] PickTxSlot(dest=1) active_nodes_for_slotting=2 opnet_slot_range=31
time_ns=17329000000 [MAC 5] avoiding neighbor 1 currentReservedSlot=7 rtslot_counter=7
time_ns=17329000000 [MAC 5] PickTxSlot(dest=1) avoid: 7
time_ns=17329000000 [MAC 5] PickTxSlot chose 16 using historical next_tslot modulo probe
time_ns=17329000000 [MAC 5] TX opportunity reached currentSlot=9 reserveNextSlot=16
time_ns=17329000000 ... type=1 speedKey=8[t=17.329] TX from node 5 to dest 1 seq 1 size 50 bytes segments 2 at slot 16 rate 8 kbps txPower 33 dBm (7843.14 bps) preamble SHORT duration 0.07446 s
time_ns=17329000000 [t=17.329] RX OCCLUDED at node 2 from node 5 seq 1
time_ns=17329000000 [t=17.329] RX OCCLUDED at node 7 from node 5 seq 1
time_ns=17329000000 [t=17.329] RX OCCLUDED at node 8 from node 5 seq 1
time_ns=17329000000 [MAC 5] ACK transmitted in aggregate dest=1 seq=1 txCount=3/5
time_ns=17329000000 [MAC 5] ACK transmitted in aggregate dest=1 seq=3 txCount=2/5
time_ns=17329000000 [MAC 5] OPNET aggregate transmitted segments=2 ackSegments=2 dataSegments=0 bytes=50 rate=8
time_ns=17329000000 [MAC 1] rtslot_counter expired for neighbor 5 reserveSlot=9
time_ns=17329011086 [t=17.329] RX SYNC at node 1 from node 5 seq 1 power -107.876 dBm noise -106.975 dBm snr -0.900945 dB state=1
time_ns=17329012444 [t=17.329] RX SYNC at node 4 from node 5 seq 1 power -109.884 dBm noise -106.975 dBm snr -2.90891 dB state=0
time_ns=17329019163 [t=17.329] RX SYNC at node 3 from node 5 seq 1 power -117.383 dBm noise -106.975 dBm snr -10.408 dB state=1
time_ns=17335641086 [t=17.3356] MAC 1 enters Track on node 5 seq 1 power -107.876 dBm
time_ns=17335649163 [t=17.3356] MAC 3 enters Track on node 5 seq 1 power -117.383 dBm
time_ns=17403460000 [MAC 5] resumes Pre-Tx with live slot=16 counter=16
time_ns=17403471086 [t=17.4035] RX at node 1 from node 5 seq 1 rate 8 kbps txPower 33 dBm preamble SHORT pathloss 140.876 dB snr -0.900945 dB (slot 16, len 50B, ackable=0)
time_ns=17403471086 [MAC 1] Learned neighbor 5 uses slot 16 (rtCounter=16)
time_ns=17403471086 [HOP 1] RX ACK from 5 seq=1
time_ns=17403471086 [HOP 1] RX ACK from 5 seq=3
time_ns=17403471114 [NWK 1] CheckNwkQueue: size=0
time_ns=17403472444 [t=17.4035] RX MISS at node 4 from node 5 seq 1
time_ns=17403479163 [t=17.4035] RX OVERHEARD at node 3 from node 5 seq 1 rate 8 kbps txPower 33 dBm preamble SHORT pathloss 150.383 dB snr -10.408 dB (slot 16, len 50B, ackable=0)
time_ns=17403479163 [MAC 3] Learned neighbor 5 uses slot 16 (rtCounter=16)
time_ns=17403479163 [HOP 3] Overheard frame from 5 for 1 type=1 ignored after neighbor update
time_ns=17403479163 [HOP 3] Overheard frame from 5 for 1 type=1 ignored after neighbor update
time_ns=17498000000 [MAC 3] rtslot_counter expired for neighbor 1 reserveSlot=31
time_ns=17498000000 [MAC 5] rtslot_counter expired for neighbor 1 reserveSlot=31
time_ns=17498000000 [MAC 1] PickTxSlot(dest=5) active_nodes_for_slotting=3 opnet_slot_range=31
time_ns=17498000000 [MAC 1] avoiding neighbor 5 currentReservedSlot=8 rtslot_counter=8
time_ns=17498000000 [MAC 1] PickTxSlot(dest=5) avoid: 8
time_ns=17498000000 [MAC 1] PickTxSlot chose 31 using historical next_tslot modulo probe
time_ns=17498000000 [MAC 1] TX opportunity reached currentSlot=31 reserveNextSlot=31
time_ns=17498000000 ... type=1 speedKey=8[t=17.498] TX from node 1 to dest 5 seq 3 size 166 bytes segments 5 at slot 31 rate 8 kbps txPower 33 dBm (7843.14 bps) preamble SHORT duration 0.19278 s
time_ns=17498000000 [t=17.498] RX OCCLUDED at node 2 from node 1 seq 3
time_ns=17498000000 [t=17.498] RX OCCLUDED at node 7 from node 1 seq 3
time_ns=17498000000 [t=17.498] RX OCCLUDED at node 8 from node 1 seq 3
time_ns=17498000000 [HOP 1] MAC sent confirmation dest=5 seq=4 transmission=1 sentAt=17.498
time_ns=17498000000 [HOP 1] MAC sent confirmation dest=5 seq=5 transmission=1 sentAt=17.498
time_ns=17498000000 [MAC 1] ACK transmitted in aggregate dest=5 seq=3 txCount=2/5
time_ns=17498000000 [MAC 1] ACK transmitted in aggregate dest=5 seq=4 txCount=1/5
time_ns=17498000000 [MAC 1] ACK transmitted in aggregate dest=5 seq=5 txCount=1/5
time_ns=17498000000 [MAC 1] OPNET aggregate transmitted segments=5 ackSegments=3 dataSegments=2 bytes=166 rate=8
time_ns=17498008077 [t=17.498] RX SYNC at node 3 from node 1 seq 3 power -102.376 dBm noise -106.975 dBm snr 4.59934 dB state=1
time_ns=17498011086 [t=17.498] RX SYNC at node 5 from node 1 seq 3 power -107.876 dBm noise -106.975 dBm snr -0.900945 dB state=1
time_ns=17498023527 [t=17.498] RX SYNC at node 4 from node 1 seq 3 power -120.948 dBm noise -106.975 dBm snr -13.9725 dB state=0 below-threshold
time_ns=17504638077 [t=17.5046] MAC 3 enters Track on node 1 seq 3 power -102.376 dBm
time_ns=17504641086 [t=17.5046] MAC 5 enters Track on node 1 seq 3 power -107.876 dBm
time_ns=17690780000 [MAC 1] resumes Pre-Tx with live slot=31 counter=31
time_ns=17690788077 [t=17.6908] RX at node 3 from node 1 seq 3 rate 8 kbps txPower 33 dBm preamble SHORT pathloss 135.376 dB snr 4.59934 dB (slot 31, len 166B, ackable=1)
time_ns=17690788077 [MAC 3] Learned neighbor 1 uses slot 31 (rtCounter=31)
time_ns=17690788077 [HOP 3] Overheard frame from 1 for 5 type=1 ignored after neighbor update
time_ns=17690788077 [HOP 3] Overheard frame from 1 for 5 type=1 ignored after neighbor update
time_ns=17690788077 [HOP 3] Overheard frame from 1 for 5 type=1 ignored after neighbor update
time_ns=17690788077 [HOP 3] RX reliable RoutingControl from 1 seq=7 firstReception=1
time_ns=17690788077 [MAC 3] active_nodes set to 2 for local slotting and post-TX wait
time_ns=17690788077 [NWK 3] active_nodes=2 pushed to MAC
time_ns=17690788077 [MAC 3] max_reported_active_nodes updated to 3
time_ns=17690788077 [NWK 3] Updated HELLO neighbor=1 hopSrc=1 speedKey=8 activeNodes=3 pathloss=135.376 snr=4.59934
time_ns=17690788077 [NWK 3] link_calc neighbor=1 s0=-103 pathloss=135.376 numFailures=0 speed=8 txPower=33 estDistance=287 speedMargin=0.624344 totalMargin=0.624344 costMode=local-only cost=3587
time_ns=17690788077 [NWK 3] Updated route candidate dst=1 nextHop=1 hops=1 oldCost=3587 newCost=3587 valid=1->1 selectionDeferred=0 selected=1
time_ns=17690788077 [NWK 3] ARL route message from 1 type=RoutingUpdate advCount=0
time_ns=17690788077 [NWK 3] Buffered ARL routing section from=1 routingSequence=4 section=0/1 buffered=1
time_ns=17690788077 [NWK 3] Reassembled complete ARL routing message from=1 routingSequence=4 sections=1 recordBytes=4 records=1
time_ns=17690788077 [NWK 3] Applied ARL DELETE from=1 dst=5 routingSequence=4
time_ns=17690788077 [NWK 3] Routes: dst=1->nh=1(hops=1,cost=3587,linkCost=3587,advCost=0,from=1,imm=1,pl=135.376,valid=1,path=[1]) dst=5->nh=1(hops=0,cost=0,linkCost=0,advCost=0,from=1,imm=0,pl=nan,valid=0,path=[])
time_ns=17690788077 [HOP 3] link_control dest=1 neighborKnown=1 s0=-103 pathloss=135.376 failures=0 speed=8 txPower=33 rxPower=-103 cost=3587
time_ns=17690788077 [HOP 3] ACK RoutingControl to 1 seq=7
time_ns=17690788077 [MAC 3] Enqueue ACK dest=1 seq=7 window=0 ack_queue_size=1
time_ns=17690788077 [MAC 3] PickTxSlot(dest=1) active_nodes_for_slotting=2 opnet_slot_range=31
time_ns=17690788077 [MAC 3] avoiding neighbor 1 currentReservedSlot=31 rtslot_counter=31
time_ns=17690788077 [MAC 3] avoiding neighbor 5 currentReservedSlot=8 rtslot_counter=8
time_ns=17690788077 [MAC 3] PickTxSlot(dest=1) avoid: 8 31
time_ns=17690788077 [MAC 3] PickTxSlot chose 29 using historical next_tslot modulo probe
time_ns=17690788077 [MAC 3] starts Pre-Tx with new slot=29 holdoff_over=1
time_ns=17690791086 [t=17.6908] RX at node 5 from node 1 seq 3 rate 8 kbps txPower 33 dBm preamble SHORT pathloss 140.876 dB snr -0.900945 dB (slot 31, len 166B, ackable=1)
time_ns=17690791086 [MAC 5] Learned neighbor 1 uses slot 31 (rtCounter=31)
time_ns=17690791086 [HOP 5] RX ACK from 1 seq=3
time_ns=17690791086 [HOP 5] RX ACK from 1 seq=4
time_ns=17690791086 [HOP 5] Reliable NeighborCheck completed with 1 seq=4 subtype=0 discoverySequence=1
time_ns=17690791086 [NWK 5] NeighborCheck success neighbor=1 subtype=Discovery discoverySequence=1 stale=0->0 numFailures=0->0
time_ns=17690791086 [NWK 5] recompute hop-cost neighbor=1 failures=0 costMode=local-only newLinkCost=7450
time_ns=17690791086 [NWK 5] Recomputed route after link change dst=1 nextHop=1 oldCost=7450 newCost=7450 linkCost=7450 advertisedCost=0 numFailures=0
time_ns=17690791086 [NWK 5] ARL neighbor ACTIVE neighbor=1 reason=ACKed NeighborCheck keys=two-sided
time_ns=17690791086 [NWK 5] Updated selected-route preference dst=1 preferredNextHop=1
time_ns=17690791086 [NWK 5] Selected route changed dst=1 reason=neighbor admitted pendingDestinations=1
time_ns=17690791086 [HOP 5] RX ACK from 1 seq=5
time_ns=17690791086 [HOP 5] Reliable NeighborCheck completed with 1 seq=5 subtype=3 discoverySequence=0
time_ns=17690791086 [NWK 5] NeighborCheck success neighbor=1 subtype=Overheard discoverySequence=0 stale=0->0 numFailures=0->0
time_ns=17690791086 [NWK 5] recompute hop-cost neighbor=1 failures=0 costMode=local-only newLinkCost=7450
time_ns=17690791086 [NWK 5] Recomputed route after link change dst=1 nextHop=1 oldCost=7450 newCost=7450 linkCost=7450 advertisedCost=0 numFailures=0
time_ns=17690791086 [HOP 5] RX reliable RoutingControl from 1 seq=4 firstReception=1
time_ns=17690791086 [MAC 5] active_nodes set to 2 for local slotting and post-TX wait
time_ns=17690791086 [NWK 5] active_nodes=2 pushed to MAC
time_ns=17690791086 [MAC 5] max_reported_active_nodes updated to 3
time_ns=17690791086 [NWK 5] Updated HELLO neighbor=1 hopSrc=1 speedKey=8 activeNodes=3 pathloss=140.876 snr=-0.900945
time_ns=17690791086 [NWK 5] link_calc neighbor=1 s0=-103 pathloss=140.876 numFailures=0 speed=8 txPower=33 estDistance=298 speedMargin=-4.87595 totalMargin=-4.87595 costMode=local-only cost=7450
time_ns=17690791086 [NWK 5] Updated route candidate dst=1 nextHop=1 hops=1 oldCost=7450 newCost=7450 valid=1->1 selectionDeferred=0 selected=1
time_ns=17690791086 [NWK 5] ARL route message from 1 type=RoutingUpdate advCount=0
time_ns=17690791086 [NWK 5] Buffered ARL routing section from=1 routingSequence=3 section=0/1 buffered=1
time_ns=17690791086 [NWK 5] Reassembled complete ARL routing message from=1 routingSequence=3 sections=1 recordBytes=43 records=4
time_ns=17690791086 [NWK 5] Applied ARL INFO from=1 routingSequence=3
time_ns=17690791086 [NWK 5] Updated selected-route preference dst=1 preferredNextHop=1
time_ns=17690791086 [NWK 5] Selected route changed dst=1 reason=ARL self UPDATE pendingDestinations=1
time_ns=17690791086 [NWK 5] Applied source-owned neighbor capability neighbor=1 capability=2 routingSequence=3 directCost=7450
time_ns=17690791086 [NWK 5] Added route candidate dst=3 nextHop=1 hops=2 cost=11037 linkCost=7450 advCost=3587 learnedFrom=1 selectionDeferred=0 selected=1
time_ns=17690791086 [NWK 5] Updated selected-route preference dst=3 preferredNextHop=1
time_ns=17690791086 [NWK 5] Selected route changed dst=3 reason=candidate update pendingDestinations=2
time_ns=17690791086 [NWK 5] Applied ARL UPDATE from=1 dst=3 advertisedHops=1 advertisedCost=3587 routingSequence=3
time_ns=17690791086 [NWK 5] Applied ARL FLUSH from=1 routingSequence=3 routesInvalidated=0
time_ns=17690791086 [NWK 5] Routes: dst=1->nh=1(hops=1,cost=7450,linkCost=7450,advCost=0,from=1,imm=1,pl=140.876,valid=1,path=[1]) dst=3->nh=1(hops=2,cost=11037,linkCost=7450,advCost=3587,from=1,imm=0,pl=140.876,valid=1,path=[1->3])
time_ns=17690791086 [HOP 5] link_control dest=1 neighborKnown=1 s0=-103 pathloss=140.876 failures=0 speed=8 txPower=33 rxPower=-103 cost=7450
time_ns=17690791086 [HOP 5] ACK RoutingControl to 1 seq=4
time_ns=17690791086 [MAC 5] Enqueue ACK dest=1 seq=4 window=0 ack_queue_size=3
time_ns=17690791086 [HOP 5] RX reliable RoutingControl from 1 seq=5 firstReception=1
time_ns=17690791086 [MAC 5] active_nodes set to 2 for local slotting and post-TX wait
time_ns=17690791086 [NWK 5] active_nodes=2 pushed to MAC
time_ns=17690791086 [NWK 5] Updated HELLO neighbor=1 hopSrc=1 speedKey=8 activeNodes=3 pathloss=140.876 snr=-0.900945
time_ns=17690791086 [NWK 5] link_calc neighbor=1 s0=-103 pathloss=140.876 numFailures=0 speed=8 txPower=33 estDistance=298 speedMargin=-4.87595 totalMargin=-4.87595 costMode=local-only cost=7450
time_ns=17690791086 [NWK 5] Updated route candidate dst=1 nextHop=1 hops=1 oldCost=7450 newCost=7450 valid=1->1 selectionDeferred=0 selected=1
time_ns=17690791086 [NWK 5] ARL route message from 1 type=RoutingUpdate advCount=0
time_ns=17690791086 [NWK 5] Buffered ARL routing section from=1 routingSequence=4 section=0/1 buffered=1
time_ns=17690791086 [NWK 5] Reassembled complete ARL routing message from=1 routingSequence=4 sections=1 recordBytes=4 records=1
time_ns=17690791086 [NWK 5] Routes: dst=1->nh=1(hops=1,cost=7450,linkCost=7450,advCost=0,from=1,imm=1,pl=140.876,valid=1,path=[1]) dst=3->nh=1(hops=2,cost=11037,linkCost=7450,advCost=3587,from=1,imm=0,pl=140.876,valid=1,path=[1->3])
time_ns=17690791086 [HOP 5] link_control dest=1 neighborKnown=1 s0=-103 pathloss=140.876 failures=0 speed=8 txPower=33 rxPower=-103 cost=7450
time_ns=17690791086 [HOP 5] ACK RoutingControl to 1 seq=5
time_ns=17690791086 [MAC 5] Enqueue ACK dest=1 seq=5 window=0 ack_queue_size=4
time_ns=17690791086 [NWK 5] Built ARL routing byte stream routingSequence=0 records=3 advertisedRoutes=1 recordBytes=29 sections=1 maxSectionBytes=700
time_ns=17690791086 [NWK 5] Starting reliable ARL RoutingSnapshot neighbor=1 routingSequence=0 sections=1
time_ns=17690791086 [NWK 5] Sending ARL RoutingSnapshot section=0/1 neighbor=1 routingSequence=0
time_ns=17690791086 [HOP 5] link_control dest=1 neighborKnown=1 s0=-103 pathloss=140.876 failures=0 speed=8 txPower=33 rxPower=-103 cost=7450
time_ns=17690791086 [HOP 5] TX reliable RoutingControl targets=1:6
time_ns=17690791086 [MAC] Enqueue TX pkt dscp=7 insert_pos=0 queue_size_before=0
time_ns=17690791086 [NWK 5] Armed RoutingSnapshot watchdog neighbor=1 phase=awaiting-independent-section-acks generation=1 timeoutSec=20
time_ns=17690791086 [NWK 5] routesProcess grouped selected-route changes count=2 infoChanged=0 time=17.6908
time_ns=17690791086 [NWK 5] Best route dst=3 nextHop=1 cost=11037 hops=2 learnedFrom=1 candidates=1 validCandidates=1
time_ns=17690791086 [NWK 5] Best route dst=1 nextHop=1 cost=7450 hops=1 learnedFrom=1 candidates=1 validCandidates=1
time_ns=17690791086 [NWK 5] Sending source-exact grouped route changes routingSequence=1 infoChanged=0 destinations=2 neighbors=1 groups=1 sections=1
time_ns=17690791086 [NWK 5] Retained grouped routing-control owner routingSequence=1 operation=Update section=0/1 destinations=1 owners=1
time_ns=17690791086 [HOP 5] link_control dest=1 neighborKnown=1 s0=-103 pathloss=140.876 failures=0 speed=8 txPower=33 rxPower=-103 cost=7450
time_ns=17690791086 [HOP 5] TX reliable RoutingControl targets=1:7
time_ns=17690791086 [MAC] Enqueue TX pkt dscp=7 insert_pos=1 queue_size_before=1
time_ns=17690791114 [NWK 5] CheckNwkQueue: size=0
time_ns=17690803527 [t=17.6908] RX MISS at node 4 from node 1 seq 3
time_ns=17797000000 [MAC 3] rtslot_counter expired for neighbor 5 reserveSlot=16
time_ns=17797000000 [MAC 5] PickTxSlot(dest=1) active_nodes_for_slotting=2 opnet_slot_range=31
time_ns=17797000000 [MAC 5] avoiding neighbor 1 currentReservedSlot=22 rtslot_counter=22
time_ns=17797000000 [MAC 5] PickTxSlot(dest=1) avoid: 22
time_ns=17797000000 [MAC 5] PickTxSlot chose 6 using historical next_tslot modulo probe
time_ns=17797000000 [MAC 5] TX opportunity reached currentSlot=16 reserveNextSlot=6
time_ns=17797000000 ... type=1 speedKey=8[t=17.797] TX from node 5 to dest 1 seq 1 size 204 bytes segments 6 at slot 6 rate 8 kbps txPower 33 dBm (7843.14 bps) preamble SHORT duration 0.23154 s
time_ns=17797000000 [t=17.797] RX OCCLUDED at node 2 from node 5 seq 1
time_ns=17797000000 [t=17.797] RX OCCLUDED at node 7 from node 5 seq 1
time_ns=17797000000 [t=17.797] RX OCCLUDED at node 8 from node 5 seq 1
time_ns=17797000000 [HOP 5] MAC sent confirmation dest=1 seq=6 transmission=1 sentAt=17.797
time_ns=17797000000 [HOP 5] MAC sent confirmation dest=1 seq=7 transmission=1 sentAt=17.797
time_ns=17797000000 [MAC 5] ACK transmitted in aggregate dest=1 seq=1 txCount=4/5
time_ns=17797000000 [MAC 5] ACK transmitted in aggregate dest=1 seq=3 txCount=3/5
time_ns=17797000000 [MAC 5] ACK transmitted in aggregate dest=1 seq=4 txCount=1/5
time_ns=17797000000 [MAC 5] ACK transmitted in aggregate dest=1 seq=5 txCount=1/5
time_ns=17797000000 [MAC 5] OPNET aggregate transmitted segments=6 ackSegments=4 dataSegments=2 bytes=204 rate=8
time_ns=17797000000 [MAC 1] rtslot_counter expired for neighbor 5 reserveSlot=16
time_ns=17797011086 [t=17.797] RX SYNC at node 1 from node 5 seq 1 power -107.876 dBm noise -106.975 dBm snr -0.900945 dB state=1
time_ns=17797012444 [t=17.797] RX SYNC at node 4 from node 5 seq 1 power -109.884 dBm noise -106.975 dBm snr -2.90891 dB state=0
time_ns=17797019163 [t=17.797] RX SYNC at node 3 from node 5 seq 1 power -117.383 dBm noise -106.975 dBm snr -10.408 dB state=1
time_ns=17803641086 [t=17.8036] MAC 1 enters Track on node 5 seq 1 power -107.876 dBm
time_ns=17803649163 [t=17.8036] MAC 3 enters Track on node 5 seq 1 power -117.383 dBm
time_ns=18028540000 [MAC 5] resumes Pre-Tx with live slot=6 counter=6
time_ns=18028551086 [t=18.0286] RX at node 1 from node 5 seq 1 rate 8 kbps txPower 33 dBm preamble SHORT pathloss 140.876 dB snr -0.900945 dB (slot 6, len 204B, ackable=1)
time_ns=18028551086 [MAC 1] Learned neighbor 5 uses slot 6 (rtCounter=6)
time_ns=18028551086 [HOP 1] RX ACK from 5 seq=1
time_ns=18028551086 [HOP 1] RX ACK from 5 seq=3
time_ns=18028551086 [HOP 1] RX ACK from 5 seq=4
time_ns=18028551086 [HOP 1] Reliable RoutingControl completed with 5 seq=4 routingSequence=3 section=0/1
time_ns=18028551086 [NWK 1] Reliable RoutingControl ACKed neighbor=5 routingSequence=3 operation=Update section=0/1 lastOfInfo=1
time_ns=18028551086 [NWK 1] ARL RoutingSnapshot section ACKed neighbor=5 routingSequence=3 section=0/1 ackedSections=1
time_ns=18028551086 [NWK 1] Reliable ARL RoutingSnapshot completed neighbor=5 routingSequence=3 sections=1
time_ns=18028551086 [HOP 1] RX ACK from 5 seq=5
time_ns=18028551086 [HOP 1] Reliable RoutingControl ACK progress with 5 seq=5 routingSequence=4 section=0/1
time_ns=18028551086 [NWK 1] Reliable RoutingControl ACKed neighbor=5 routingSequence=4 operation=Update section=0/1 lastOfInfo=0
time_ns=18028551086 [NWK 1] Updated grouped routing-control residual ACKed=5 removed=1 lastOfInfo=0 remaining=1
time_ns=18028551086 [HOP 1] RoutingControl partial ACK neighbor=5 seq=5 resendEntryRetained=1
time_ns=18028551086 [HOP 1] RX reliable RoutingControl from 5 seq=6 firstReception=1
time_ns=18028551086 [MAC 1] active_nodes set to 3 for local slotting and post-TX wait
time_ns=18028551086 [NWK 1] active_nodes=3 pushed to MAC
time_ns=18028551086 [NWK 1] Updated HELLO neighbor=5 hopSrc=5 speedKey=8 activeNodes=2 pathloss=140.876 snr=-0.900945
time_ns=18028551086 [NWK 1] link_calc neighbor=5 s0=-103 pathloss=140.876 numFailures=0 speed=8 txPower=33 estDistance=298 speedMargin=-4.87595 totalMargin=-4.87595 costMode=local-only cost=7450
time_ns=18028551086 [NWK 1] Updated route candidate dst=5 nextHop=5 hops=1 oldCost=7450 newCost=7450 valid=1->1 selectionDeferred=0 selected=1
time_ns=18028551086 [NWK 1] ARL route message from 5 type=RoutingUpdate advCount=0
time_ns=18028551086 [NWK 1] Buffered ARL routing section from=5 routingSequence=0 section=0/1 buffered=1
time_ns=18028551086 [NWK 1] Reassembled complete ARL routing message from=5 routingSequence=0 sections=1 recordBytes=29 records=3
time_ns=18028551086 [NWK 1] Applied ARL INFO from=5 routingSequence=0
time_ns=18028551086 [NWK 1] Updated selected-route preference dst=5 preferredNextHop=5
time_ns=18028551086 [NWK 1] Selected route changed dst=5 reason=ARL self UPDATE pendingDestinations=1
time_ns=18028551086 [NWK 1] Applied source-owned neighbor capability neighbor=5 capability=1 routingSequence=0 directCost=7450
time_ns=18028551086 [NWK 1] Applied ARL FLUSH from=5 routingSequence=0 routesInvalidated=0
time_ns=18028551086 [NWK 1] Routes: dst=3->nh=3(hops=1,cost=3587,linkCost=3587,advCost=0,from=3,imm=1,pl=135.376,valid=1,path=[3]) dst=5->nh=5(hops=1,cost=7450,linkCost=7450,advCost=0,from=5,imm=1,pl=140.876,valid=1,path=[5])
time_ns=18028551086 [HOP 1] link_control dest=5 neighborKnown=1 s0=-103 pathloss=140.876 failures=0 speed=8 txPower=33 rxPower=-103 cost=7450
time_ns=18028551086 [HOP 1] ACK RoutingControl to 5 seq=6
time_ns=18028551086 [MAC 1] Enqueue ACK dest=5 seq=6 window=0 ack_queue_size=4
time_ns=18028551086 [HOP 1] RX reliable RoutingControl from 5 seq=7 firstReception=1
time_ns=18028551086 [MAC 1] active_nodes set to 3 for local slotting and post-TX wait
time_ns=18028551086 [NWK 1] active_nodes=3 pushed to MAC
time_ns=18028551086 [NWK 1] Updated HELLO neighbor=5 hopSrc=5 speedKey=8 activeNodes=2 pathloss=140.876 snr=-0.900945
time_ns=18028551086 [NWK 1] link_calc neighbor=5 s0=-103 pathloss=140.876 numFailures=0 speed=8 txPower=33 estDistance=298 speedMargin=-4.87595 totalMargin=-4.87595 costMode=local-only cost=7450
time_ns=18028551086 [NWK 1] Updated route candidate dst=5 nextHop=5 hops=1 oldCost=7450 newCost=7450 valid=1->1 selectionDeferred=0 selected=1
time_ns=18028551086 [NWK 1] ARL route message from 5 type=RoutingUpdate advCount=0
time_ns=18028551086 [NWK 1] Buffered ARL routing section from=5 routingSequence=1 section=0/1 buffered=1
time_ns=18028551086 [NWK 1] Reassembled complete ARL routing message from=5 routingSequence=1 sections=1 recordBytes=31 records=2
time_ns=18028551086 [NWK 1] Ignoring unsupported ARL UPDATE node node24=1 from=5
time_ns=18028551086 [NWK 1] Routes: dst=3->nh=3(hops=1,cost=3587,linkCost=3587,advCost=0,from=3,imm=1,pl=135.376,valid=1,path=[3]) dst=5->nh=5(hops=1,cost=7450,linkCost=7450,advCost=0,from=5,imm=1,pl=140.876,valid=1,path=[5]) dst=3->nh=5(hops=3,cost=0,linkCost=0,advCost=11037,from=5,imm=0,pl=nan,valid=0,path=[1->3])
time_ns=18028551086 [HOP 1] link_control dest=5 neighborKnown=1 s0=-103 pathloss=140.876 failures=0 speed=8 txPower=33 rxPower=-103 cost=7450
time_ns=18028551086 [HOP 1] ACK RoutingControl to 5 seq=7
time_ns=18028551086 [MAC 1] Enqueue ACK dest=5 seq=7 window=0 ack_queue_size=5
time_ns=18028551086 [NWK 1] routesProcess grouped selected-route changes count=1 infoChanged=0 time=18.0286
time_ns=18028551086 [NWK 1] Best route dst=5 nextHop=5 cost=7450 hops=1 learnedFrom=5 candidates=1 validCandidates=1
time_ns=18028551086 [NWK 1] Sending source-exact grouped route changes routingSequence=5 infoChanged=0 destinations=1 neighbors=2 groups=1 sections=1
time_ns=18028551086 [NWK 1] Retained grouped routing-control owner routingSequence=5 operation=Update section=0/1 destinations=2 owners=2
time_ns=18028551086 [HOP 1] link_control dest=5 neighborKnown=1 s0=-103 pathloss=140.876 failures=0 speed=8 txPower=33 rxPower=-103 cost=7450
time_ns=18028551086 [HOP 1] link_control dest=3 neighborKnown=1 s0=-103 pathloss=135.376 failures=0 speed=8 txPower=33 rxPower=-103 cost=3587
time_ns=18028551086 [HOP 1] TX reliable RoutingControl targets=5:6,3:8
time_ns=18028551086 [MAC] Enqueue TX pkt dscp=7 insert_pos=0 queue_size_before=0
time_ns=18028551114 [NWK 1] CheckNwkQueue: size=0
time_ns=18028552444 [t=18.0286] RX MISS at node 4 from node 5 seq 1
time_ns=18028559163 [t=18.0286] RX OVERHEARD at node 3 from node 5 seq 1 rate 8 kbps txPower 33 dBm preamble SHORT pathloss 150.383 dB snr -10.408 dB (slot 6, len 204B, ackable=1)
time_ns=18028559163 [MAC 3] Learned neighbor 5 uses slot 6 (rtCounter=6)
time_ns=18028559163 [HOP 3] Overheard frame from 5 for 1 type=1 ignored after neighbor update
time_ns=18028559163 [HOP 3] Overheard frame from 5 for 1 type=1 ignored after neighbor update
time_ns=18028559163 [HOP 3] Overheard frame from 5 for 1 type=1 ignored after neighbor update
time_ns=18028559163 [HOP 3] Overheard frame from 5 for 1 type=1 ignored after neighbor update
time_ns=18109000000 [MAC 3] rtslot_counter expired for neighbor 5 reserveSlot=6
time_ns=18109000000 [MAC 5] PickTxSlot(dest=1) active_nodes_for_slotting=2 opnet_slot_range=31
time_ns=18109000000 [MAC 5] avoiding neighbor 1 currentReservedSlot=15 rtslot_counter=15
time_ns=18109000000 [MAC 5] PickTxSlot(dest=1) avoid: 15
time_ns=18109000000 [MAC 5] PickTxSlot chose 8 using historical next_tslot modulo probe
time_ns=18109000000 [MAC 5] TX opportunity reached currentSlot=6 reserveNextSlot=8
time_ns=18109000000 ... type=1 speedKey=8[t=18.109] TX from node 5 to dest 1 seq 1 size 100 bytes segments 4 at slot 8 rate 8 kbps txPower 33 dBm (7843.14 bps) preamble SHORT duration 0.12546 s
time_ns=18109000000 [t=18.109] RX OCCLUDED at node 2 from node 5 seq 1
time_ns=18109000000 [t=18.109] RX OCCLUDED at node 7 from node 5 seq 1
time_ns=18109000000 [t=18.109] RX OCCLUDED at node 8 from node 5 seq 1
time_ns=18109000000 [MAC 5] ACK transmitted in aggregate dest=1 seq=1 txCount=5/5
time_ns=18109000000 [MAC 5] ACK transmitted in aggregate dest=1 seq=3 txCount=4/5
time_ns=18109000000 [MAC 5] ACK transmitted in aggregate dest=1 seq=4 txCount=2/5
time_ns=18109000000 [MAC 5] ACK transmitted in aggregate dest=1 seq=5 txCount=2/5
time_ns=18109000000 [MAC 5] Remove ACK after OPNET resend limit dest=1 seq=1
time_ns=18109000000 [MAC 5] OPNET aggregate transmitted segments=4 ackSegments=4 dataSegments=0 bytes=100 rate=8
time_ns=18109000000 [MAC 1] rtslot_counter expired for neighbor 5 reserveSlot=6
time_ns=18109011086 [t=18.109] RX SYNC at node 1 from node 5 seq 1 power -107.876 dBm noise -106.975 dBm snr -0.900945 dB state=1
time_ns=18109012444 [t=18.109] RX SYNC at node 4 from node 5 seq 1 power -109.884 dBm noise -106.975 dBm snr -2.90891 dB state=0
time_ns=18109019163 [t=18.109] RX SYNC at node 3 from node 5 seq 1 power -117.383 dBm noise -106.975 dBm snr -10.408 dB state=1
time_ns=18115641086 [t=18.1156] MAC 1 enters Track on node 5 seq 1 power -107.876 dBm
time_ns=18115649163 [t=18.1156] MAC 3 enters Track on node 5 seq 1 power -117.383 dBm
time_ns=18234460000 [MAC 5] resumes Pre-Tx with live slot=8 counter=8
time_ns=18234471086 [t=18.2345] RX at node 1 from node 5 seq 1 rate 8 kbps txPower 33 dBm preamble SHORT pathloss 140.876 dB snr -0.900945 dB (slot 8, len 100B, ackable=0)
time_ns=18234471086 [MAC 1] Learned neighbor 5 uses slot 8 (rtCounter=8)
time_ns=18234471086 [HOP 1] RX ACK from 5 seq=1
time_ns=18234471086 [HOP 1] RX ACK from 5 seq=3
time_ns=18234471086 [HOP 1] RX ACK from 5 seq=4
time_ns=18234471086 [HOP 1] RX ACK from 5 seq=5
time_ns=18234471086 [HOP 1] Reliable RoutingControl ACK progress with 5 seq=5 routingSequence=4 section=0/1
time_ns=18234471086 [NWK 1] Reliable RoutingControl ACKed neighbor=5 routingSequence=4 operation=Update section=0/1 lastOfInfo=0
time_ns=18234471086 [NWK 1] Updated grouped routing-control residual ACKed=5 removed=0 lastOfInfo=0 remaining=1
time_ns=18234471086 [HOP 1] RoutingControl partial ACK neighbor=5 seq=5 resendEntryRetained=1
time_ns=18234471114 [NWK 1] CheckNwkQueue: size=0
time_ns=18234472444 [t=18.2345] RX MISS at node 4 from node 5 seq 1
time_ns=18234479163 [t=18.2345] RX OVERHEARD at node 3 from node 5 seq 1 rate 8 kbps txPower 33 dBm preamble SHORT pathloss 150.383 dB snr -10.408 dB (slot 8, len 100B, ackable=0)
time_ns=18234479163 [MAC 3] Learned neighbor 5 uses slot 8 (rtCounter=8)
time_ns=18234479163 [HOP 3] Overheard frame from 5 for 1 type=1 ignored after neighbor update
time_ns=18234479163 [HOP 3] Overheard frame from 5 for 1 type=1 ignored after neighbor update
time_ns=18234479163 [HOP 3] Overheard frame from 5 for 1 type=1 ignored after neighbor update
time_ns=18234479163 [HOP 3] Overheard frame from 5 for 1 type=1 ignored after neighbor update
time_ns=18343000000 [MAC 3] rtslot_counter expired for neighbor 5 reserveSlot=8
time_ns=18343000000 [MAC 5] PickTxSlot(dest=1) active_nodes_for_slotting=2 opnet_slot_range=31
time_ns=18343000000 [MAC 5] avoiding neighbor 1 currentReservedSlot=6 rtslot_counter=6
time_ns=18343000000 [MAC 5] PickTxSlot(dest=1) avoid: 6
time_ns=18343000000 [MAC 5] PickTxSlot chose 9 using historical next_tslot modulo probe
time_ns=18343000000 [MAC 5] TX opportunity reached currentSlot=8 reserveNextSlot=9
time_ns=18343000000 ... type=1 speedKey=8[t=18.343] TX from node 5 to dest 1 seq 3 size 75 bytes segments 3 at slot 9 rate 8 kbps txPower 33 dBm (7843.14 bps) preamble SHORT duration 0.09996 s
time_ns=18343000000 [t=18.343] RX OCCLUDED at node 2 from node 5 seq 3
time_ns=18343000000 [t=18.343] RX OCCLUDED at node 7 from node 5 seq 3
time_ns=18343000000 [t=18.343] RX OCCLUDED at node 8 from node 5 seq 3
time_ns=18343000000 [MAC 5] ACK transmitted in aggregate dest=1 seq=3 txCount=5/5
time_ns=18343000000 [MAC 5] ACK transmitted in aggregate dest=1 seq=4 txCount=3/5
time_ns=18343000000 [MAC 5] ACK transmitted in aggregate dest=1 seq=5 txCount=3/5
time_ns=18343000000 [MAC 5] Remove ACK after OPNET resend limit dest=1 seq=3
time_ns=18343000000 [MAC 5] OPNET aggregate transmitted segments=3 ackSegments=3 dataSegments=0 bytes=75 rate=8
time_ns=18343000000 [MAC 1] rtslot_counter expired for neighbor 5 reserveSlot=8
time_ns=18343011086 [t=18.343] RX SYNC at node 1 from node 5 seq 3 power -107.876 dBm noise -106.975 dBm snr -0.900945 dB state=1
time_ns=18343012444 [t=18.343] RX SYNC at node 4 from node 5 seq 3 power -109.884 dBm noise -106.975 dBm snr -2.90891 dB state=0
time_ns=18343019163 [t=18.343] RX SYNC at node 3 from node 5 seq 3 power -117.383 dBm noise -106.975 dBm snr -10.408 dB state=1
time_ns=18349641086 [t=18.3496] MAC 1 enters Track on node 5 seq 3 power -107.876 dBm
time_ns=18349649163 [t=18.3496] MAC 3 enters Track on node 5 seq 3 power -117.383 dBm
time_ns=18442960000 [MAC 5] resumes Pre-Tx with live slot=9 counter=9
time_ns=18442971086 [t=18.443] RX at node 1 from node 5 seq 3 rate 8 kbps txPower 33 dBm preamble SHORT pathloss 140.876 dB snr -0.900945 dB (slot 9, len 75B, ackable=0)
time_ns=18442971086 [MAC 1] Learned neighbor 5 uses slot 9 (rtCounter=9)
time_ns=18442971086 [HOP 1] RX ACK from 5 seq=3
time_ns=18442971086 [HOP 1] RX ACK from 5 seq=4
time_ns=18442971086 [HOP 1] RX ACK from 5 seq=5
time_ns=18442971086 [HOP 1] Reliable RoutingControl ACK progress with 5 seq=5 routingSequence=4 section=0/1
time_ns=18442971086 [NWK 1] Reliable RoutingControl ACKed neighbor=5 routingSequence=4 operation=Update section=0/1 lastOfInfo=0
time_ns=18442971086 [NWK 1] Updated grouped routing-control residual ACKed=5 removed=0 lastOfInfo=0 remaining=1
time_ns=18442971086 [HOP 1] RoutingControl partial ACK neighbor=5 seq=5 resendEntryRetained=1
time_ns=18442971114 [NWK 1] CheckNwkQueue: size=0
time_ns=18442972444 [t=18.443] RX MISS at node 4 from node 5 seq 3
time_ns=18442979163 [t=18.443] RX OVERHEARD at node 3 from node 5 seq 3 rate 8 kbps txPower 33 dBm preamble SHORT pathloss 150.383 dB snr -10.408 dB (slot 9, len 75B, ackable=0)
time_ns=18442979163 [MAC 3] Learned neighbor 5 uses slot 9 (rtCounter=9)
time_ns=18442979163 [HOP 3] Overheard frame from 5 for 1 type=1 ignored after neighbor update
time_ns=18442979163 [HOP 3] Overheard frame from 5 for 1 type=1 ignored after neighbor update
time_ns=18442979163 [HOP 3] Overheard frame from 5 for 1 type=1 ignored after neighbor update
time_ns=18499000000 [MAC 3] PickTxSlot(dest=1) active_nodes_for_slotting=2 opnet_slot_range=31
time_ns=18499000000 [MAC 3] avoiding neighbor 1 currentReservedSlot=1 rtslot_counter=1
time_ns=18499000000 [MAC 3] avoiding neighbor 5 currentReservedSlot=4 rtslot_counter=4
time_ns=18499000000 [MAC 3] PickTxSlot(dest=1) avoid: 1 4
time_ns=18499000000 [MAC 3] PickTxSlot chose 13 using historical next_tslot modulo probe
time_ns=18499000000 [MAC 3] TX opportunity reached currentSlot=29 reserveNextSlot=13
time_ns=18499000000 ... type=1 speedKey=8[t=18.499] TX from node 3 to dest 1 seq 7 size 25 bytes segments 1 at slot 13 rate 8 kbps txPower 33 dBm (7843.14 bps) preamble SHORT duration 0.04896 s
time_ns=18499000000 [t=18.499] RX OCCLUDED at node 2 from node 3 seq 7
time_ns=18499000000 [t=18.499] RX OCCLUDED at node 4 from node 3 seq 7
time_ns=18499000000 [t=18.499] RX OCCLUDED at node 7 from node 3 seq 7
time_ns=18499000000 [t=18.499] RX OCCLUDED at node 8 from node 3 seq 7
time_ns=18499000000 [MAC 3] ACK transmitted in aggregate dest=1 seq=7 txCount=1/5
time_ns=18499000000 [MAC 3] OPNET aggregate transmitted segments=1 ackSegments=1 dataSegments=0 bytes=25 rate=8
time_ns=18499008077 [t=18.499] RX SYNC at node 1 from node 3 seq 7 power -102.376 dBm noise -106.975 dBm snr 4.59934 dB state=1
time_ns=18499019163 [t=18.499] RX SYNC at node 5 from node 3 seq 7 power -117.383 dBm noise -106.975 dBm snr -10.408 dB state=1
time_ns=18505638077 [t=18.5056] MAC 1 enters Track on node 3 seq 7 power -102.376 dBm
time_ns=18505649163 [t=18.5056] MAC 5 enters Track on node 3 seq 7 power -117.383 dBm
time_ns=18547960000 [MAC 3] resumes Pre-Tx with live slot=13 counter=13
time_ns=18547968077 [t=18.548] RX at node 1 from node 3 seq 7 rate 8 kbps txPower 33 dBm preamble SHORT pathloss 135.376 dB snr 4.59934 dB (slot 13, len 25B, ackable=0)
time_ns=18547968077 [MAC 1] Learned neighbor 3 uses slot 13 (rtCounter=13)
time_ns=18547968077 [HOP 1] RX ACK from 3 seq=7
time_ns=18547968077 [HOP 1] Reliable RoutingControl completed with 3 seq=7 routingSequence=4 section=0/1
time_ns=18547968077 [NWK 1] Reliable RoutingControl ACKed neighbor=3 routingSequence=4 operation=Update section=0/1 lastOfInfo=1
time_ns=18547968077 [NWK 1] Updated grouped routing-control residual ACKed=3 removed=1 lastOfInfo=1 remaining=0
time_ns=18547968077 [NWK 1] Released completed grouped routing-control owner routingSequence=4 section=0
time_ns=18547968105 [NWK 1] CheckNwkQueue: size=0
time_ns=18547979163 [t=18.548] RX OVERHEARD at node 5 from node 3 seq 7 rate 8 kbps txPower 33 dBm preamble SHORT pathloss 150.383 dB snr -10.408 dB (slot 13, len 25B, ackable=0)
time_ns=18547979163 [MAC 5] Learned neighbor 3 uses slot 13 (rtCounter=13)
time_ns=18547979163 [HOP 5] Overheard frame from 3 for 1 type=1 ignored after neighbor update
time_ns=18564000000 [MAC 3] rtslot_counter expired for neighbor 1 reserveSlot=31
time_ns=18564000000 [MAC 5] rtslot_counter expired for neighbor 1 reserveSlot=31
time_ns=18564000000 [MAC 1] PickTxSlot(dest=5) active_nodes_for_slotting=3 opnet_slot_range=31
time_ns=18564000000 [MAC 1] avoiding neighbor 3 currentReservedSlot=11 rtslot_counter=11
time_ns=18564000000 [MAC 1] avoiding neighbor 5 currentReservedSlot=2 rtslot_counter=2
time_ns=18564000000 [MAC 1] PickTxSlot(dest=5) avoid: 2 11
time_ns=18564000000 [MAC 1] PickTxSlot chose 16 using historical next_tslot modulo probe
time_ns=18564000000 [MAC 1] TX opportunity reached currentSlot=31 reserveNextSlot=16
time_ns=18564000000 ... type=1 speedKey=8[t=18.564] TX from node 1 to dest 5 seq 3 size 161 bytes segments 6 at slot 16 rate 8 kbps txPower 33 dBm (7843.14 bps) preamble SHORT duration 0.18768 s
time_ns=18564000000 [t=18.564] RX OCCLUDED at node 2 from node 1 seq 3
time_ns=18564000000 [t=18.564] RX OCCLUDED at node 7 from node 1 seq 3
time_ns=18564000000 [t=18.564] RX OCCLUDED at node 8 from node 1 seq 3
time_ns=18564000000 [HOP 1] MAC sent confirmation dest=5 seq=6 transmission=1 sentAt=18.564
time_ns=18564000000 [MAC 1] ACK transmitted in aggregate dest=5 seq=3 txCount=3/5
time_ns=18564000000 [MAC 1] ACK transmitted in aggregate dest=5 seq=4 txCount=2/5
time_ns=18564000000 [MAC 1] ACK transmitted in aggregate dest=5 seq=5 txCount=2/5
time_ns=18564000000 [MAC 1] ACK transmitted in aggregate dest=5 seq=6 txCount=1/5
time_ns=18564000000 [MAC 1] ACK transmitted in aggregate dest=5 seq=7 txCount=1/5
time_ns=18564000000 [MAC 1] OPNET aggregate transmitted segments=6 ackSegments=5 dataSegments=1 bytes=161 rate=8
time_ns=18564008077 [t=18.564] RX SYNC at node 3 from node 1 seq 3 power -102.376 dBm noise -106.975 dBm snr 4.59934 dB state=1
time_ns=18564011086 [t=18.564] RX SYNC at node 5 from node 1 seq 3 power -107.876 dBm noise -106.975 dBm snr -0.900945 dB state=1
time_ns=18564023527 [t=18.564] RX SYNC at node 4 from node 1 seq 3 power -120.948 dBm noise -106.975 dBm snr -13.9725 dB state=0 below-threshold
time_ns=18570638077 [t=18.5706] MAC 3 enters Track on node 1 seq 3 power -102.376 dBm
time_ns=18570641086 [t=18.5706] MAC 5 enters Track on node 1 seq 3 power -107.876 dBm
time_ns=18751680000 [MAC 1] resumes Pre-Tx with live slot=16 counter=16
time_ns=18751688077 [t=18.7517] RX at node 3 from node 1 seq 3 rate 8 kbps txPower 33 dBm preamble SHORT pathloss 135.376 dB snr 4.59934 dB (slot 16, len 161B, ackable=1)
time_ns=18751688077 [MAC 3] Learned neighbor 1 uses slot 16 (rtCounter=16)
time_ns=18751688077 [HOP 3] Overheard frame from 1 for 5 type=1 ignored after neighbor update
time_ns=18751688077 [HOP 3] Overheard frame from 1 for 5 type=1 ignored after neighbor update
time_ns=18751688077 [HOP 3] Overheard frame from 1 for 5 type=1 ignored after neighbor update
time_ns=18751688077 [HOP 3] Overheard frame from 1 for 5 type=1 ignored after neighbor update
time_ns=18751688077 [HOP 3] Overheard frame from 1 for 5 type=1 ignored after neighbor update
time_ns=18751688077 [HOP 3] RX reliable RoutingControl from 1 seq=8 firstReception=1
time_ns=18751688077 [MAC 3] active_nodes set to 2 for local slotting and post-TX wait
time_ns=18751688077 [NWK 3] active_nodes=2 pushed to MAC
time_ns=18751688077 [NWK 3] Updated HELLO neighbor=1 hopSrc=1 speedKey=8 activeNodes=3 pathloss=135.376 snr=4.59934
time_ns=18751688077 [NWK 3] link_calc neighbor=1 s0=-103 pathloss=135.376 numFailures=0 speed=8 txPower=33 estDistance=287 speedMargin=0.624344 totalMargin=0.624344 costMode=local-only cost=3587
time_ns=18751688077 [NWK 3] Updated route candidate dst=1 nextHop=1 hops=1 oldCost=3587 newCost=3587 valid=1->1 selectionDeferred=0 selected=1
time_ns=18751688077 [NWK 3] ARL route message from 1 type=RoutingUpdate advCount=0
time_ns=18751688077 [NWK 3] Buffered ARL routing section from=1 routingSequence=5 section=0/1 buffered=1
time_ns=18751688077 [NWK 3] Reassembled complete ARL routing message from=1 routingSequence=5 sections=1 recordBytes=14 records=1
time_ns=18751688077 [NWK 3] Updated route candidate dst=5 nextHop=1 hops=2 oldCost=0 newCost=11037 valid=0->1 selectionDeferred=0 selected=1
time_ns=18751688077 [NWK 3] Updated selected-route preference dst=5 preferredNextHop=1
time_ns=18751688077 [NWK 3] Selected route changed dst=5 reason=candidate update pendingDestinations=1
time_ns=18751688077 [NWK 3] Applied ARL UPDATE from=1 dst=5 advertisedHops=1 advertisedCost=7450 routingSequence=5
time_ns=18751688077 [NWK 3] Routes: dst=1->nh=1(hops=1,cost=3587,linkCost=3587,advCost=0,from=1,imm=1,pl=135.376,valid=1,path=[1]) dst=5->nh=1(hops=2,cost=11037,linkCost=3587,advCost=7450,from=1,imm=0,pl=135.376,valid=1,path=[1->5])
time_ns=18751688077 [HOP 3] link_control dest=1 neighborKnown=1 s0=-103 pathloss=135.376 failures=0 speed=8 txPower=33 rxPower=-103 cost=3587
time_ns=18751688077 [HOP 3] ACK RoutingControl to 1 seq=8
time_ns=18751688077 [MAC 3] Enqueue ACK dest=1 seq=8 window=0 ack_queue_size=2
time_ns=18751688077 [NWK 3] routesProcess grouped selected-route changes count=1 infoChanged=0 time=18.7517
time_ns=18751688077 [NWK 3] Best route dst=5 nextHop=1 cost=11037 hops=2 learnedFrom=1 candidates=1 validCandidates=1
time_ns=18751688077 [NWK 3] Sending source-exact grouped route changes routingSequence=2 infoChanged=0 destinations=1 neighbors=1 groups=1 sections=1
time_ns=18751688077 [NWK 3] Retained grouped routing-control owner routingSequence=2 operation=Update section=0/1 destinations=1 owners=1
time_ns=18751688077 [HOP 3] link_control dest=1 neighborKnown=1 s0=-103 pathloss=135.376 failures=0 speed=8 txPower=33 rxPower=-103 cost=3587
time_ns=18751688077 [HOP 3] TX reliable RoutingControl targets=1:7
time_ns=18751688077 [MAC] Enqueue TX pkt dscp=7 insert_pos=0 queue_size_before=0
time_ns=18751691086 [t=18.7517] RX at node 5 from node 1 seq 3 rate 8 kbps txPower 33 dBm preamble SHORT pathloss 140.876 dB snr -0.900945 dB (slot 16, len 161B, ackable=1)
time_ns=18751691086 [MAC 5] Learned neighbor 1 uses slot 16 (rtCounter=16)
time_ns=18751691086 [HOP 5] RX ACK from 1 seq=3
time_ns=18751691086 [HOP 5] RX ACK from 1 seq=4
time_ns=18751691086 [HOP 5] RX ACK from 1 seq=5
time_ns=18751691086 [HOP 5] RX ACK from 1 seq=6
time_ns=18751691086 [HOP 5] Reliable RoutingControl completed with 1 seq=6 routingSequence=0 section=0/1
time_ns=18751691086 [NWK 5] Reliable RoutingControl ACKed neighbor=1 routingSequence=0 operation=Update section=0/1 lastOfInfo=1
time_ns=18751691086 [NWK 5] ARL RoutingSnapshot section ACKed neighbor=1 routingSequence=0 section=0/1 ackedSections=1
time_ns=18751691086 [NWK 5] Reliable ARL RoutingSnapshot completed neighbor=1 routingSequence=0 sections=1
time_ns=18751691086 [HOP 5] RX ACK from 1 seq=7
time_ns=18751691086 [HOP 5] Reliable RoutingControl completed with 1 seq=7 routingSequence=1 section=0/1
time_ns=18751691086 [NWK 5] Reliable RoutingControl ACKed neighbor=1 routingSequence=1 operation=Update section=0/1 lastOfInfo=1
time_ns=18751691086 [NWK 5] Updated grouped routing-control residual ACKed=1 removed=1 lastOfInfo=1 remaining=0
time_ns=18751691086 [NWK 5] Released completed grouped routing-control owner routingSequence=1 section=0
time_ns=18751691086 [HOP 5] RX reliable RoutingControl from 1 seq=6 firstReception=1
time_ns=18751691086 [MAC 5] active_nodes set to 2 for local slotting and post-TX wait
time_ns=18751691086 [NWK 5] active_nodes=2 pushed to MAC
time_ns=18751691086 [NWK 5] Updated HELLO neighbor=1 hopSrc=1 speedKey=8 activeNodes=3 pathloss=140.876 snr=-0.900945
time_ns=18751691086 [NWK 5] link_calc neighbor=1 s0=-103 pathloss=140.876 numFailures=0 speed=8 txPower=33 estDistance=298 speedMargin=-4.87595 totalMargin=-4.87595 costMode=local-only cost=7450
time_ns=18751691086 [NWK 5] Updated route candidate dst=1 nextHop=1 hops=1 oldCost=7450 newCost=7450 valid=1->1 selectionDeferred=0 selected=1
time_ns=18751691086 [NWK 5] ARL route message from 1 type=RoutingUpdate advCount=0
time_ns=18751691086 [NWK 5] Buffered ARL routing section from=1 routingSequence=5 section=0/1 buffered=1
time_ns=18751691086 [NWK 5] Reassembled complete ARL routing message from=1 routingSequence=5 sections=1 recordBytes=14 records=1
time_ns=18751691086 [NWK 5] Ignoring unsupported ARL UPDATE node node24=5 from=1
time_ns=18751691086 [NWK 5] Routes: dst=1->nh=1(hops=1,cost=7450,linkCost=7450,advCost=0,from=1,imm=1,pl=140.876,valid=1,path=[1]) dst=3->nh=1(hops=2,cost=11037,linkCost=7450,advCost=3587,from=1,imm=0,pl=140.876,valid=1,path=[1->3])
time_ns=18751691086 [HOP 5] link_control dest=1 neighborKnown=1 s0=-103 pathloss=140.876 failures=0 speed=8 txPower=33 rxPower=-103 cost=7450
time_ns=18751691086 [HOP 5] ACK RoutingControl to 1 seq=6
time_ns=18751691086 [MAC 5] Enqueue ACK dest=1 seq=6 window=0 ack_queue_size=3
time_ns=18751691114 [NWK 5] CheckNwkQueue: size=0
time_ns=18751703527 [t=18.7517] RX MISS at node 4 from node 1 seq 3
time_ns=18785000000 [MAC 3] rtslot_counter expired for neighbor 5 reserveSlot=9
time_ns=18785000000 [MAC 5] PickTxSlot(dest=1) active_nodes_for_slotting=2 opnet_slot_range=31
time_ns=18785000000 [MAC 5] avoiding neighbor 1 currentReservedSlot=13 rtslot_counter=13
time_ns=18785000000 [MAC 5] avoiding neighbor 3 currentReservedSlot=8 rtslot_counter=8
time_ns=18785000000 [MAC 5] PickTxSlot(dest=1) avoid: 8 13
time_ns=18785000000 [MAC 5] PickTxSlot chose 6 using historical next_tslot modulo probe
time_ns=18785000000 [MAC 5] TX opportunity reached currentSlot=9 reserveNextSlot=6
time_ns=18785000000 ... type=1 speedKey=8[t=18.785] TX from node 5 to dest 1 seq 4 size 75 bytes segments 3 at slot 6 rate 8 kbps txPower 33 dBm (7843.14 bps) preamble SHORT duration 0.09996 s
time_ns=18785000000 [t=18.785] RX OCCLUDED at node 2 from node 5 seq 4
time_ns=18785000000 [t=18.785] RX OCCLUDED at node 7 from node 5 seq 4
time_ns=18785000000 [t=18.785] RX OCCLUDED at node 8 from node 5 seq 4
time_ns=18785000000 [MAC 5] ACK transmitted in aggregate dest=1 seq=4 txCount=4/5
time_ns=18785000000 [MAC 5] ACK transmitted in aggregate dest=1 seq=5 txCount=4/5
time_ns=18785000000 [MAC 5] ACK transmitted in aggregate dest=1 seq=6 txCount=1/5
time_ns=18785000000 [MAC 5] OPNET aggregate transmitted segments=3 ackSegments=3 dataSegments=0 bytes=75 rate=8
time_ns=18785000000 [MAC 1] rtslot_counter expired for neighbor 5 reserveSlot=9
time_ns=18785011086 [t=18.785] RX SYNC at node 1 from node 5 seq 4 power -107.876 dBm noise -106.975 dBm snr -0.900945 dB state=1
time_ns=18785012444 [t=18.785] RX SYNC at node 4 from node 5 seq 4 power -109.884 dBm noise -106.975 dBm snr -2.90891 dB state=0
time_ns=18785019163 [t=18.785] RX SYNC at node 3 from node 5 seq 4 power -117.383 dBm noise -106.975 dBm snr -10.408 dB state=1 below-threshold
time_ns=18791641086 [t=18.7916] MAC 1 enters Track on node 5 seq 4 power -107.876 dBm
time_ns=18884960000 [MAC 5] resumes Pre-Tx with live slot=6 counter=6
time_ns=18884971086 [t=18.885] RX at node 1 from node 5 seq 4 rate 8 kbps txPower 33 dBm preamble SHORT pathloss 140.876 dB snr -0.900945 dB (slot 6, len 75B, ackable=0)
time_ns=18884971086 [MAC 1] Learned neighbor 5 uses slot 6 (rtCounter=6)
time_ns=18884971086 [HOP 1] RX ACK from 5 seq=4
time_ns=18884971086 [HOP 1] RX ACK from 5 seq=5
time_ns=18884971086 [HOP 1] RX ACK from 5 seq=6
time_ns=18884971086 [HOP 1] Reliable RoutingControl ACK progress with 5 seq=6 routingSequence=5 section=0/1
time_ns=18884971086 [NWK 1] Reliable RoutingControl ACKed neighbor=5 routingSequence=5 operation=Update section=0/1 lastOfInfo=0
time_ns=18884971086 [NWK 1] Updated grouped routing-control residual ACKed=5 removed=1 lastOfInfo=0 remaining=1
time_ns=18884971086 [HOP 1] RoutingControl partial ACK neighbor=5 seq=6 resendEntryRetained=1
time_ns=18884971114 [NWK 1] CheckNwkQueue: size=0
time_ns=18884972444 [t=18.885] RX MISS at node 4 from node 5 seq 4
time_ns=18902000000 [MAC 3] PickTxSlot(dest=1) active_nodes_for_slotting=2 opnet_slot_range=31
time_ns=18902000000 [MAC 3] avoiding neighbor 1 currentReservedSlot=4 rtslot_counter=4
time_ns=18902000000 [MAC 3] PickTxSlot(dest=1) avoid: 4
time_ns=18902000000 [MAC 3] PickTxSlot chose 23 using historical next_tslot modulo probe
time_ns=18902000000 [MAC 3] TX opportunity reached currentSlot=13 reserveNextSlot=23
time_ns=18902000000 ... type=1 speedKey=8[t=18.902] TX from node 3 to dest 1 seq 7 size 89 bytes segments 3 at slot 23 rate 8 kbps txPower 33 dBm (7843.14 bps) preamble SHORT duration 0.11424 s
time_ns=18902000000 [t=18.902] RX OCCLUDED at node 2 from node 3 seq 7
time_ns=18902000000 [t=18.902] RX OCCLUDED at node 4 from node 3 seq 7
time_ns=18902000000 [t=18.902] RX OCCLUDED at node 7 from node 3 seq 7
time_ns=18902000000 [t=18.902] RX OCCLUDED at node 8 from node 3 seq 7
time_ns=18902000000 [HOP 3] MAC sent confirmation dest=1 seq=7 transmission=1 sentAt=18.902
time_ns=18902000000 [MAC 3] ACK transmitted in aggregate dest=1 seq=7 txCount=2/5
time_ns=18902000000 [MAC 3] ACK transmitted in aggregate dest=1 seq=8 txCount=1/5
time_ns=18902000000 [MAC 3] OPNET aggregate transmitted segments=3 ackSegments=2 dataSegments=1 bytes=89 rate=8
time_ns=18902008077 [t=18.902] RX SYNC at node 1 from node 3 seq 7 power -102.376 dBm noise -106.975 dBm snr 4.59934 dB state=1
time_ns=18902019163 [t=18.902] RX SYNC at node 5 from node 3 seq 7 power -117.383 dBm noise -106.975 dBm snr -10.408 dB state=1
time_ns=18908638077 [t=18.9086] MAC 1 enters Track on node 3 seq 7 power -102.376 dBm
time_ns=18908649163 [t=18.9086] MAC 5 enters Track on node 3 seq 7 power -117.383 dBm
time_ns=19016240000 [MAC 3] resumes Pre-Tx with live slot=23 counter=23
time_ns=19016248077 [t=19.0162] RX at node 1 from node 3 seq 7 rate 8 kbps txPower 33 dBm preamble SHORT pathloss 135.376 dB snr 4.59934 dB (slot 23, len 89B, ackable=1)
time_ns=19016248077 [MAC 1] Learned neighbor 3 uses slot 23 (rtCounter=23)
time_ns=19016248077 [HOP 1] RX ACK from 3 seq=7
time_ns=19016248077 [HOP 1] RX ACK from 3 seq=8
time_ns=19016248077 [HOP 1] Reliable RoutingControl completed with 3 seq=8 routingSequence=5 section=0/1
time_ns=19016248077 [NWK 1] Reliable RoutingControl ACKed neighbor=3 routingSequence=5 operation=Update section=0/1 lastOfInfo=1
time_ns=19016248077 [NWK 1] Updated grouped routing-control residual ACKed=3 removed=1 lastOfInfo=1 remaining=0
time_ns=19016248077 [NWK 1] Released completed grouped routing-control owner routingSequence=5 section=0
time_ns=19016248077 [HOP 1] RX reliable RoutingControl from 3 seq=7 firstReception=1
time_ns=19016248077 [MAC 1] active_nodes set to 3 for local slotting and post-TX wait
time_ns=19016248077 [NWK 1] active_nodes=3 pushed to MAC
time_ns=19016248077 [NWK 1] Updated HELLO neighbor=3 hopSrc=3 speedKey=8 activeNodes=2 pathloss=135.376 snr=4.59934
time_ns=19016248077 [NWK 1] link_calc neighbor=3 s0=-103 pathloss=135.376 numFailures=0 speed=8 txPower=33 estDistance=287 speedMargin=0.624344 totalMargin=0.624344 costMode=local-only cost=3587
time_ns=19016248077 [NWK 1] Updated route candidate dst=3 nextHop=3 hops=1 oldCost=3587 newCost=3587 valid=1->1 selectionDeferred=0 selected=1
time_ns=19016248077 [NWK 1] ARL route message from 3 type=RoutingUpdate advCount=0
time_ns=19016248077 [NWK 1] Buffered ARL routing section from=3 routingSequence=2 section=0/1 buffered=1
time_ns=19016248077 [NWK 1] Reassembled complete ARL routing message from=3 routingSequence=2 sections=1 recordBytes=17 records=1
time_ns=19016248077 [NWK 1] Routes: dst=3->nh=3(hops=1,cost=3587,linkCost=3587,advCost=0,from=3,imm=1,pl=135.376,valid=1,path=[3]) dst=5->nh=5(hops=1,cost=7450,linkCost=7450,advCost=0,from=5,imm=1,pl=140.876,valid=1,path=[5]) dst=3->nh=5(hops=3,cost=0,linkCost=0,advCost=11037,from=5,imm=0,pl=nan,valid=0,path=[1->3]) dst=5->nh=3(hops=3,cost=0,linkCost=0,advCost=11037,from=3,imm=0,pl=nan,valid=0,path=[1->5])
time_ns=19016248077 [HOP 1] link_control dest=3 neighborKnown=1 s0=-103 pathloss=135.376 failures=0 speed=8 txPower=33 rxPower=-103 cost=3587
time_ns=19016248077 [HOP 1] ACK RoutingControl to 3 seq=7
time_ns=19016248077 [MAC 1] Enqueue ACK dest=3 seq=7 window=0 ack_queue_size=6
time_ns=19016248105 [NWK 1] CheckNwkQueue: size=0
time_ns=19016259163 [t=19.0163] RX OVERHEARD at node 5 from node 3 seq 7 rate 8 kbps txPower 33 dBm preamble SHORT pathloss 150.383 dB snr -10.408 dB (slot 23, len 89B, ackable=1)
time_ns=19016259163 [MAC 5] Learned neighbor 3 uses slot 23 (rtCounter=23)
time_ns=19016259163 [HOP 5] Overheard frame from 3 for 1 type=1 ignored after neighbor update
time_ns=19016259163 [HOP 5] Overheard frame from 3 for 1 type=1 ignored after neighbor update
time_ns=19071000000 [MAC 3] rtslot_counter expired for neighbor 1 reserveSlot=16
time_ns=19071000000 [MAC 5] PickTxSlot(dest=1) active_nodes_for_slotting=2 opnet_slot_range=31
time_ns=19071000000 [MAC 5] avoiding neighbor 1 currentReservedSlot=6 rtslot_counter=6
time_ns=19071000000 [MAC 5] avoiding neighbor 3 currentReservedSlot=18 rtslot_counter=18
time_ns=19071000000 [MAC 5] PickTxSlot(dest=1) avoid: 6 18
time_ns=19071000000 [MAC 5] PickTxSlot chose 28 using historical next_tslot modulo probe
time_ns=19071000000 [MAC 5] TX opportunity reached currentSlot=6 reserveNextSlot=28
time_ns=19071000000 ... type=1 speedKey=8[t=19.071] TX from node 5 to dest 1 seq 4 size 75 bytes segments 3 at slot 28 rate 8 kbps txPower 33 dBm (7843.14 bps) preamble SHORT duration 0.09996 s
time_ns=19071000000 [t=19.071] RX OCCLUDED at node 2 from node 5 seq 4
time_ns=19071000000 [t=19.071] RX OCCLUDED at node 7 from node 5 seq 4
time_ns=19071000000 [t=19.071] RX OCCLUDED at node 8 from node 5 seq 4
time_ns=19071000000 [MAC 5] ACK transmitted in aggregate dest=1 seq=4 txCount=5/5
time_ns=19071000000 [MAC 5] ACK transmitted in aggregate dest=1 seq=5 txCount=5/5
time_ns=19071000000 [MAC 5] ACK transmitted in aggregate dest=1 seq=6 txCount=2/5
time_ns=19071000000 [MAC 5] Remove ACK after OPNET resend limit dest=1 seq=4
time_ns=19071000000 [MAC 5] Remove ACK after OPNET resend limit dest=1 seq=5
time_ns=19071000000 [MAC 5] OPNET aggregate transmitted segments=3 ackSegments=3 dataSegments=0 bytes=75 rate=8
time_ns=19071000000 [MAC 1] rtslot_counter expired for neighbor 5 reserveSlot=6
time_ns=19071011086 [t=19.071] RX SYNC at node 1 from node 5 seq 4 power -107.876 dBm noise -106.975 dBm snr -0.900945 dB state=1
time_ns=19071012444 [t=19.071] RX SYNC at node 4 from node 5 seq 4 power -109.884 dBm noise -106.975 dBm snr -2.90891 dB state=0
time_ns=19071019163 [t=19.071] RX SYNC at node 3 from node 5 seq 4 power -117.383 dBm noise -106.975 dBm snr -10.408 dB state=1
time_ns=19077641086 [t=19.0776] MAC 1 enters Track on node 5 seq 4 power -107.876 dBm
time_ns=19077649163 [t=19.0776] MAC 3 enters Track on node 5 seq 4 power -117.383 dBm
time_ns=19170960000 [MAC 5] resumes Pre-Tx with live slot=28 counter=28
time_ns=19170971086 [t=19.171] RX at node 1 from node 5 seq 4 rate 8 kbps txPower 33 dBm preamble SHORT pathloss 140.876 dB snr -0.900945 dB (slot 28, len 75B, ackable=0)
time_ns=19170971086 [MAC 1] Learned neighbor 5 uses slot 28 (rtCounter=28)
time_ns=19170971086 [HOP 1] RX ACK from 5 seq=4
time_ns=19170971086 [HOP 1] RX ACK from 5 seq=5
time_ns=19170971086 [HOP 1] RX ACK from 5 seq=6
time_ns=19170971114 [NWK 1] CheckNwkQueue: size=0
time_ns=19170972444 [t=19.171] RX MISS at node 4 from node 5 seq 4
time_ns=19170979163 [t=19.171] RX OVERHEARD at node 3 from node 5 seq 4 rate 8 kbps txPower 33 dBm preamble SHORT pathloss 150.383 dB snr -10.408 dB (slot 28, len 75B, ackable=0)
time_ns=19170979163 [MAC 3] Learned neighbor 5 uses slot 28 (rtCounter=28)
time_ns=19170979163 [HOP 3] Overheard frame from 5 for 1 type=1 ignored after neighbor update
time_ns=19170979163 [HOP 3] Overheard frame from 5 for 1 type=1 ignored after neighbor update
time_ns=19170979163 [HOP 3] Overheard frame from 5 for 1 type=1 ignored after neighbor update
time_ns=19253000000 [MAC 5] rtslot_counter expired for neighbor 1 reserveSlot=16
time_ns=19253000000 [MAC 1] PickTxSlot(dest=5) active_nodes_for_slotting=3 opnet_slot_range=31
time_ns=19253000000 [MAC 1] avoiding neighbor 3 currentReservedSlot=11 rtslot_counter=11
time_ns=19253000000 [MAC 1] avoiding neighbor 5 currentReservedSlot=21 rtslot_counter=21
time_ns=19253000000 [MAC 1] PickTxSlot(dest=5) avoid: 11 21
time_ns=19253000000 [MAC 1] PickTxSlot chose 15 using historical next_tslot modulo probe
time_ns=19253000000 [MAC 1] TX opportunity reached currentSlot=16 reserveNextSlot=15
time_ns=19253000000 ... type=1 speedKey=8[t=19.253] TX from node 1 to dest 5 seq 3 size 150 bytes segments 6 at slot 15 rate 8 kbps txPower 33 dBm (7843.14 bps) preamble SHORT duration 0.17646 s
time_ns=19253000000 [t=19.253] RX OCCLUDED at node 2 from node 1 seq 3
time_ns=19253000000 [t=19.253] RX OCCLUDED at node 7 from node 1 seq 3
time_ns=19253000000 [t=19.253] RX OCCLUDED at node 8 from node 1 seq 3
time_ns=19253000000 [MAC 1] ACK transmitted in aggregate dest=5 seq=3 txCount=4/5
time_ns=19253000000 [MAC 1] ACK transmitted in aggregate dest=5 seq=4 txCount=3/5
time_ns=19253000000 [MAC 1] ACK transmitted in aggregate dest=5 seq=5 txCount=3/5
time_ns=19253000000 [MAC 1] ACK transmitted in aggregate dest=5 seq=6 txCount=2/5
time_ns=19253000000 [MAC 1] ACK transmitted in aggregate dest=5 seq=7 txCount=2/5
time_ns=19253000000 [MAC 1] ACK transmitted in aggregate dest=3 seq=7 txCount=1/5
time_ns=19253000000 [MAC 1] OPNET aggregate transmitted segments=6 ackSegments=6 dataSegments=0 bytes=150 rate=8
time_ns=19253008077 [t=19.253] RX SYNC at node 3 from node 1 seq 3 power -102.376 dBm noise -106.975 dBm snr 4.59934 dB state=1
time_ns=19253011086 [t=19.253] RX SYNC at node 5 from node 1 seq 3 power -107.876 dBm noise -106.975 dBm snr -0.900945 dB state=1
time_ns=19253023527 [t=19.253] RX SYNC at node 4 from node 1 seq 3 power -120.948 dBm noise -106.975 dBm snr -13.9725 dB state=0 below-threshold
time_ns=19259638077 [t=19.2596] MAC 3 enters Track on node 1 seq 3 power -102.376 dBm
time_ns=19259641086 [t=19.2596] MAC 5 enters Track on node 1 seq 3 power -107.876 dBm
time_ns=19429460000 [MAC 1] resumes Pre-Tx with live slot=15 counter=15
time_ns=19429468077 [t=19.4295] RX at node 3 from node 1 seq 3 rate 8 kbps txPower 33 dBm preamble SHORT pathloss 135.376 dB snr 4.59934 dB (slot 15, len 150B, ackable=0)
time_ns=19429468077 [MAC 3] Learned neighbor 1 uses slot 15 (rtCounter=15)
time_ns=19429468077 [HOP 3] Overheard frame from 1 for 5 type=1 ignored after neighbor update
time_ns=19429468077 [HOP 3] Overheard frame from 1 for 5 type=1 ignored after neighbor update
time_ns=19429468077 [HOP 3] Overheard frame from 1 for 5 type=1 ignored after neighbor update
time_ns=19429468077 [HOP 3] Overheard frame from 1 for 5 type=1 ignored after neighbor update
time_ns=19429468077 [HOP 3] Overheard frame from 1 for 5 type=1 ignored after neighbor update
time_ns=19429468077 [HOP 3] RX ACK from 1 seq=7
time_ns=19429468077 [HOP 3] Reliable RoutingControl completed with 1 seq=7 routingSequence=2 section=0/1
time_ns=19429468077 [NWK 3] Reliable RoutingControl ACKed neighbor=1 routingSequence=2 operation=Update section=0/1 lastOfInfo=1
time_ns=19429468077 [NWK 3] Updated grouped routing-control residual ACKed=1 removed=1 lastOfInfo=1 remaining=0
time_ns=19429468077 [NWK 3] Released completed grouped routing-control owner routingSequence=2 section=0
time_ns=19429468105 [NWK 3] CheckNwkQueue: size=0
time_ns=19429471086 [t=19.4295] RX at node 5 from node 1 seq 3 rate 8 kbps txPower 33 dBm preamble SHORT pathloss 140.876 dB snr -0.900945 dB (slot 15, len 150B, ackable=0)
time_ns=19429471086 [MAC 5] Learned neighbor 1 uses slot 15 (rtCounter=15)
time_ns=19429471086 [HOP 5] RX ACK from 1 seq=3
time_ns=19429471086 [HOP 5] RX ACK from 1 seq=4
time_ns=19429471086 [HOP 5] RX ACK from 1 seq=5
time_ns=19429471086 [HOP 5] RX ACK from 1 seq=6
time_ns=19429471086 [HOP 5] RX ACK from 1 seq=7
time_ns=19429471086 [HOP 5] Overheard frame from 1 for 3 type=1 ignored after neighbor update
time_ns=19429471114 [NWK 5] CheckNwkQueue: size=0
time_ns=19429483527 [t=19.4295] RX MISS at node 4 from node 1 seq 3
time_ns=19578000000 [MAC 3] PickTxSlot(dest=1) active_nodes_for_slotting=2 opnet_slot_range=31
time_ns=19578000000 [MAC 3] avoiding neighbor 1 currentReservedSlot=3 rtslot_counter=3
time_ns=19578000000 [MAC 3] avoiding neighbor 5 currentReservedSlot=9 rtslot_counter=9
time_ns=19578000000 [MAC 3] PickTxSlot(dest=1) avoid: 3 9
time_ns=19578000000 [MAC 3] PickTxSlot chose 22 using historical next_tslot modulo probe
time_ns=19578000000 [MAC 3] TX opportunity reached currentSlot=23 reserveNextSlot=22
time_ns=19578000000 ... type=1 speedKey=8[t=19.578] TX from node 3 to dest 1 seq 7 size 50 bytes segments 2 at slot 22 rate 8 kbps txPower 33 dBm (7843.14 bps) preamble SHORT duration 0.07446 s
time_ns=19578000000 [t=19.578] RX OCCLUDED at node 2 from node 3 seq 7
time_ns=19578000000 [t=19.578] RX OCCLUDED at node 4 from node 3 seq 7
time_ns=19578000000 [t=19.578] RX OCCLUDED at node 7 from node 3 seq 7
time_ns=19578000000 [t=19.578] RX OCCLUDED at node 8 from node 3 seq 7
time_ns=19578000000 [MAC 3] ACK transmitted in aggregate dest=1 seq=7 txCount=3/5
time_ns=19578000000 [MAC 3] ACK transmitted in aggregate dest=1 seq=8 txCount=2/5
time_ns=19578000000 [MAC 3] OPNET aggregate transmitted segments=2 ackSegments=2 dataSegments=0 bytes=50 rate=8
time_ns=19578000000 [MAC 5] rtslot_counter expired for neighbor 3 reserveSlot=23
time_ns=19578000000 [MAC 1] rtslot_counter expired for neighbor 3 reserveSlot=23
time_ns=19578008077 [t=19.578] RX SYNC at node 1 from node 3 seq 7 power -102.376 dBm noise -106.975 dBm snr 4.59934 dB state=1
time_ns=19578019163 [t=19.578] RX SYNC at node 5 from node 3 seq 7 power -117.383 dBm noise -106.975 dBm snr -10.408 dB state=1
time_ns=19584638077 [t=19.5846] MAC 1 enters Track on node 3 seq 7 power -102.376 dBm
time_ns=19584649163 [t=19.5846] MAC 5 enters Track on node 3 seq 7 power -117.383 dBm
time_ns=19652460000 [MAC 3] resumes Pre-Tx with live slot=22 counter=22
time_ns=19652468077 [t=19.6525] RX at node 1 from node 3 seq 7 rate 8 kbps txPower 33 dBm preamble SHORT pathloss 135.376 dB snr 4.59934 dB (slot 22, len 50B, ackable=0)
time_ns=19652468077 [MAC 1] Learned neighbor 3 uses slot 22 (rtCounter=22)
time_ns=19652468077 [HOP 1] RX ACK from 3 seq=7
time_ns=19652468077 [HOP 1] RX ACK from 3 seq=8
time_ns=19652468105 [NWK 1] CheckNwkQueue: size=0
time_ns=19652479163 [t=19.6525] RX OVERHEARD at node 5 from node 3 seq 7 rate 8 kbps txPower 33 dBm preamble SHORT pathloss 150.383 dB snr -10.408 dB (slot 22, len 50B, ackable=0)
time_ns=19652479163 [MAC 5] Learned neighbor 3 uses slot 22 (rtCounter=22)
time_ns=19652479163 [HOP 5] Overheard frame from 3 for 1 type=1 ignored after neighbor update
time_ns=19652479163 [HOP 5] Overheard frame from 3 for 1 type=1 ignored after neighbor update
time_ns=19695000000 [MAC 3] rtslot_counter expired for neighbor 1 reserveSlot=15
time_ns=19695000000 [MAC 5] rtslot_counter expired for neighbor 1 reserveSlot=15
time_ns=19695000000 [MAC 1] PickTxSlot(dest=5) active_nodes_for_slotting=3 opnet_slot_range=31
time_ns=19695000000 [MAC 1] avoiding neighbor 3 currentReservedSlot=18 rtslot_counter=18
time_ns=19695000000 [MAC 1] avoiding neighbor 5 currentReservedSlot=5 rtslot_counter=5
time_ns=19695000000 [MAC 1] PickTxSlot(dest=5) avoid: 5 18
time_ns=19695000000 [MAC 1] PickTxSlot chose 19 using historical next_tslot modulo probe
time_ns=19695000000 [MAC 1] TX opportunity reached currentSlot=15 reserveNextSlot=19
time_ns=19695000000 ... type=1 speedKey=8[t=19.695] TX from node 1 to dest 5 seq 3 size 150 bytes segments 6 at slot 19 rate 8 kbps txPower 33 dBm (7843.14 bps) preamble SHORT duration 0.17646 s
time_ns=19695000000 [t=19.695] RX OCCLUDED at node 2 from node 1 seq 3
time_ns=19695000000 [t=19.695] RX OCCLUDED at node 7 from node 1 seq 3
time_ns=19695000000 [t=19.695] RX OCCLUDED at node 8 from node 1 seq 3
time_ns=19695000000 [MAC 1] ACK transmitted in aggregate dest=5 seq=3 txCount=5/5
time_ns=19695000000 [MAC 1] ACK transmitted in aggregate dest=5 seq=4 txCount=4/5
time_ns=19695000000 [MAC 1] ACK transmitted in aggregate dest=5 seq=5 txCount=4/5
time_ns=19695000000 [MAC 1] ACK transmitted in aggregate dest=5 seq=6 txCount=3/5
time_ns=19695000000 [MAC 1] ACK transmitted in aggregate dest=5 seq=7 txCount=3/5
time_ns=19695000000 [MAC 1] ACK transmitted in aggregate dest=3 seq=7 txCount=2/5
time_ns=19695000000 [MAC 1] Remove ACK after OPNET resend limit dest=5 seq=3
time_ns=19695000000 [MAC 1] OPNET aggregate transmitted segments=6 ackSegments=6 dataSegments=0 bytes=150 rate=8
time_ns=19695008077 [t=19.695] RX SYNC at node 3 from node 1 seq 3 power -102.376 dBm noise -106.975 dBm snr 4.59934 dB state=1
time_ns=19695011086 [t=19.695] RX SYNC at node 5 from node 1 seq 3 power -107.876 dBm noise -106.975 dBm snr -0.900945 dB state=1
time_ns=19695023527 [t=19.695] RX SYNC at node 4 from node 1 seq 3 power -120.948 dBm noise -106.975 dBm snr -13.9725 dB state=0 below-threshold
time_ns=19701638077 [t=19.7016] MAC 3 enters Track on node 1 seq 3 power -102.376 dBm
time_ns=19701641086 [t=19.7016] MAC 5 enters Track on node 1 seq 3 power -107.876 dBm
time_ns=19871460000 [MAC 1] resumes Pre-Tx with live slot=19 counter=19
time_ns=19871468077 [t=19.8715] RX at node 3 from node 1 seq 3 rate 8 kbps txPower 33 dBm preamble SHORT pathloss 135.376 dB snr 4.59934 dB (slot 19, len 150B, ackable=0)
time_ns=19871468077 [MAC 3] Learned neighbor 1 uses slot 19 (rtCounter=19)
time_ns=19871468077 [HOP 3] Overheard frame from 1 for 5 type=1 ignored after neighbor update
time_ns=19871468077 [HOP 3] Overheard frame from 1 for 5 type=1 ignored after neighbor update
time_ns=19871468077 [HOP 3] Overheard frame from 1 for 5 type=1 ignored after neighbor update
time_ns=19871468077 [HOP 3] Overheard frame from 1 for 5 type=1 ignored after neighbor update
time_ns=19871468077 [HOP 3] Overheard frame from 1 for 5 type=1 ignored after neighbor update
time_ns=19871468077 [HOP 3] RX ACK from 1 seq=7
time_ns=19871468105 [NWK 3] CheckNwkQueue: size=0
time_ns=19871471086 [t=19.8715] RX at node 5 from node 1 seq 3 rate 8 kbps txPower 33 dBm preamble SHORT pathloss 140.876 dB snr -0.900945 dB (slot 19, len 150B, ackable=0)
time_ns=19871471086 [MAC 5] Learned neighbor 1 uses slot 19 (rtCounter=19)
time_ns=19871471086 [HOP 5] RX ACK from 1 seq=3
time_ns=19871471086 [HOP 5] RX ACK from 1 seq=4
time_ns=19871471086 [HOP 5] RX ACK from 1 seq=5
time_ns=19871471086 [HOP 5] RX ACK from 1 seq=6
time_ns=19871471086 [HOP 5] RX ACK from 1 seq=7
time_ns=19871471086 [HOP 5] Overheard frame from 1 for 3 type=1 ignored after neighbor update
time_ns=19871471114 [NWK 5] CheckNwkQueue: size=0
time_ns=19871483527 [t=19.8715] RX MISS at node 4 from node 1 seq 3
time_ns=19942000000 [MAC 3] rtslot_counter expired for neighbor 5 reserveSlot=28
time_ns=19942000000 [MAC 5] PickTxSlot(dest=1) active_nodes_for_slotting=2 opnet_slot_range=31
time_ns=19942000000 [MAC 5] avoiding neighbor 1 currentReservedSlot=13 rtslot_counter=13
time_ns=19942000000 [MAC 5] avoiding neighbor 3 currentReservedSlot=12 rtslot_counter=12
time_ns=19942000000 [MAC 5] PickTxSlot(dest=1) avoid: 12 13
time_ns=19942000000 [MAC 5] PickTxSlot chose 16 using historical next_tslot modulo probe
time_ns=19942000000 [MAC 5] TX opportunity reached currentSlot=28 reserveNextSlot=16
time_ns=19942000000 ... type=1 speedKey=8[t=19.942] TX from node 5 to dest 1 seq 6 size 25 bytes segments 1 at slot 16 rate 8 kbps txPower 33 dBm (7843.14 bps) preamble SHORT duration 0.04896 s
time_ns=19942000000 [t=19.942] RX OCCLUDED at node 2 from node 5 seq 6
time_ns=19942000000 [t=19.942] RX OCCLUDED at node 7 from node 5 seq 6
time_ns=19942000000 [t=19.942] RX OCCLUDED at node 8 from node 5 seq 6
time_ns=19942000000 [MAC 5] ACK transmitted in aggregate dest=1 seq=6 txCount=3/5
time_ns=19942000000 [MAC 5] OPNET aggregate transmitted segments=1 ackSegments=1 dataSegments=0 bytes=25 rate=8
time_ns=19942000000 [MAC 1] rtslot_counter expired for neighbor 5 reserveSlot=28
time_ns=19942011086 [t=19.942] RX SYNC at node 1 from node 5 seq 6 power -107.876 dBm noise -106.975 dBm snr -0.900945 dB state=1
time_ns=19942012444 [t=19.942] RX SYNC at node 4 from node 5 seq 6 power -109.884 dBm noise -106.975 dBm snr -2.90891 dB state=0
time_ns=19942019163 [t=19.942] RX SYNC at node 3 from node 5 seq 6 power -117.383 dBm noise -106.975 dBm snr -10.408 dB state=1
time_ns=19948641086 [t=19.9486] MAC 1 enters Track on node 5 seq 6 power -107.876 dBm
time_ns=19948649163 [t=19.9486] MAC 3 enters Track on node 5 seq 6 power -117.383 dBm
time_ns=19990960000 [MAC 5] resumes Pre-Tx with live slot=16 counter=16
time_ns=19990971086 [t=19.991] RX at node 1 from node 5 seq 6 rate 8 kbps txPower 33 dBm preamble SHORT pathloss 140.876 dB snr -0.900945 dB (slot 16, len 25B, ackable=0)
time_ns=19990971086 [MAC 1] Learned neighbor 5 uses slot 16 (rtCounter=16)
time_ns=19990971086 [HOP 1] RX ACK from 5 seq=6
time_ns=19990971114 [NWK 1] CheckNwkQueue: size=0
time_ns=19990972444 [t=19.991] RX MISS at node 4 from node 5 seq 6
time_ns=19990979163 [t=19.991] RX OVERHEARD at node 3 from node 5 seq 6 rate 8 kbps txPower 33 dBm preamble SHORT pathloss 150.383 dB snr -10.408 dB (slot 16, len 25B, ackable=0)
time_ns=19990979163 [MAC 3] Learned neighbor 5 uses slot 16 (rtCounter=16)
time_ns=19990979163 [HOP 3] Overheard frame from 5 for 1 type=1 ignored after neighbor update
time_ns=20000000000 [NWK 1] Discovery Broadcast repeat sequence=1
time_ns=20000000000 [NWK 1] ARL Discover sent without Routes_PAYLOAD
time_ns=20000000000 [NWK 1] HELLO advertising 0 routes
time_ns=20000000000 [NWK 1] HELLO ARL route msg type=1
time_ns=20000000000 [HOP 1] link_control dest=16777215 neighborKnown=0 speed=8 txPower=33 rxPower=-103
time_ns=20000000000 [HOP 1] TX GroupEstablish Discover securityCount=1 securityBytes=7
time_ns=20000000000 [MAC] Enqueue TX pkt dscp=7 insert_pos=0 queue_size_before=0
time_ns=20150000000 [MAC 3] PickTxSlot(dest=1) active_nodes_for_slotting=2 opnet_slot_range=31
time_ns=20150000000 [MAC 3] avoiding neighbor 1 currentReservedSlot=0 rtslot_counter=0
time_ns=20150000000 [MAC 3] avoiding neighbor 5 currentReservedSlot=3 rtslot_counter=3
time_ns=20150000000 [MAC 3] PickTxSlot(dest=1) avoid: 3
time_ns=20150000000 [MAC 3] PickTxSlot chose 8 using historical next_tslot modulo probe
time_ns=20150000000 [MAC 3] TX opportunity reached currentSlot=22 reserveNextSlot=8
time_ns=20150000000 ... type=1 speedKey=8[t=20.15] TX from node 3 to dest 1 seq 7 size 50 bytes segments 2 at slot 8 rate 8 kbps txPower 33 dBm (7843.14 bps) preamble SHORT duration 0.07446 s
time_ns=20150000000 [t=20.15] RX OCCLUDED at node 2 from node 3 seq 7
time_ns=20150000000 [t=20.15] RX OCCLUDED at node 4 from node 3 seq 7
time_ns=20150000000 [t=20.15] RX OCCLUDED at node 7 from node 3 seq 7
time_ns=20150000000 [t=20.15] RX OCCLUDED at node 8 from node 3 seq 7
time_ns=20150000000 [MAC 3] ACK transmitted in aggregate dest=1 seq=7 txCount=4/5
time_ns=20150000000 [MAC 3] ACK transmitted in aggregate dest=1 seq=8 txCount=3/5
time_ns=20150000000 [MAC 3] OPNET aggregate transmitted segments=2 ackSegments=2 dataSegments=0 bytes=50 rate=8
time_ns=20150000000 [MAC 5] rtslot_counter expired for neighbor 3 reserveSlot=22
time_ns=20150000000 [MAC 1] rtslot_counter expired for neighbor 3 reserveSlot=22
time_ns=20150008077 [t=20.15] RX SYNC at node 1 from node 3 seq 7 power -102.376 dBm noise -106.975 dBm snr 4.59934 dB state=1
time_ns=20150019163 [t=20.15] RX SYNC at node 5 from node 3 seq 7 power -117.383 dBm noise -106.975 dBm snr -10.408 dB state=1
time_ns=20156638077 [t=20.1566] MAC 1 enters Track on node 3 seq 7 power -102.376 dBm
time_ns=20156649163 [t=20.1566] MAC 5 enters Track on node 3 seq 7 power -117.383 dBm
time_ns=20224460000 [MAC 3] resumes Pre-Tx with live slot=8 counter=8
time_ns=20224468077 [t=20.2245] RX at node 1 from node 3 seq 7 rate 8 kbps txPower 33 dBm preamble SHORT pathloss 135.376 dB snr 4.59934 dB (slot 8, len 50B, ackable=0)
time_ns=20224468077 [MAC 1] Learned neighbor 3 uses slot 8 (rtCounter=8)
time_ns=20224468077 [HOP 1] RX ACK from 3 seq=7
time_ns=20224468077 [HOP 1] RX ACK from 3 seq=8
time_ns=20224468105 [NWK 1] CheckNwkQueue: size=0
time_ns=20224479163 [t=20.2245] RX OVERHEARD at node 5 from node 3 seq 7 rate 8 kbps txPower 33 dBm preamble SHORT pathloss 150.383 dB snr -10.408 dB (slot 8, len 50B, ackable=0)
time_ns=20224479163 [MAC 5] Learned neighbor 3 uses slot 8 (rtCounter=8)
time_ns=20224479163 [HOP 5] Overheard frame from 3 for 1 type=1 ignored after neighbor update
time_ns=20224479163 [HOP 5] Overheard frame from 3 for 1 type=1 ignored after neighbor update
time_ns=20228000000 [MAC 3] rtslot_counter expired for neighbor 1 reserveSlot=19
time_ns=20228000000 [MAC 5] rtslot_counter expired for neighbor 1 reserveSlot=19
time_ns=20228000000 [MAC 1] PickTxSlot(dest=5) active_nodes_for_slotting=3 opnet_slot_range=31
time_ns=20228000000 [MAC 1] avoiding neighbor 3 currentReservedSlot=7 rtslot_counter=7
time_ns=20228000000 [MAC 1] avoiding neighbor 5 currentReservedSlot=2 rtslot_counter=2
time_ns=20228000000 [MAC 1] PickTxSlot(dest=5) avoid: 2 7
time_ns=20228000000 [MAC 1] PickTxSlot chose 0 using historical next_tslot modulo probe
time_ns=20228000000 [MAC 1] TX opportunity reached currentSlot=19 reserveNextSlot=0
time_ns=20228000000 ... type=1 speedKey=8[t=20.228] TX from node 1 to dest 5 seq 4 size 144 bytes segments 6 at slot 0 rate 8 kbps txPower 33 dBm (7843.14 bps) preamble LONG duration 1.1628 s
time_ns=20228000000 [t=20.228] RX OCCLUDED at node 2 from node 1 seq 4
time_ns=20228000000 [t=20.228] RX OCCLUDED at node 7 from node 1 seq 4
time_ns=20228000000 [t=20.228] RX OCCLUDED at node 8 from node 1 seq 4
time_ns=20228000000 [MAC 1] ACK transmitted in aggregate dest=5 seq=4 txCount=5/5
time_ns=20228000000 [MAC 1] ACK transmitted in aggregate dest=5 seq=5 txCount=5/5
time_ns=20228000000 [MAC 1] ACK transmitted in aggregate dest=5 seq=6 txCount=4/5
time_ns=20228000000 [MAC 1] ACK transmitted in aggregate dest=5 seq=7 txCount=4/5
time_ns=20228000000 [MAC 1] ACK transmitted in aggregate dest=3 seq=7 txCount=3/5
time_ns=20228000000 [MAC 1] Remove ACK after OPNET resend limit dest=5 seq=4
time_ns=20228000000 [MAC 1] Remove ACK after OPNET resend limit dest=5 seq=5
time_ns=20228000000 [MAC 1] OPNET aggregate transmitted segments=6 ackSegments=5 dataSegments=1 bytes=144 rate=8
time_ns=20228008077 [t=20.228] RX SYNC at node 3 from node 1 seq 4 power -102.376 dBm noise -106.975 dBm snr 4.59934 dB state=1
time_ns=20228011086 [t=20.228] RX SYNC at node 5 from node 1 seq 4 power -107.876 dBm noise -106.975 dBm snr -0.900945 dB state=1
time_ns=20228023527 [t=20.228] RX SYNC at node 4 from node 1 seq 4 power -120.948 dBm noise -106.975 dBm snr -13.9725 dB state=0 below-threshold
time_ns=20234638077 [t=20.2346] MAC 3 enters Track on node 1 seq 4 power -102.376 dBm
time_ns=20234641086 [t=20.2346] MAC 5 enters Track on node 1 seq 4 power -107.876 dBm
time_ns=21390800000 [MAC 1] resumes Pre-Tx with live slot=0 counter=0
time_ns=21390808077 [t=21.3908] RX at node 3 from node 1 seq 4 rate 8 kbps txPower 33 dBm preamble LONG pathloss 135.376 dB snr 4.59934 dB (slot 0, len 144B, ackable=0)
time_ns=21390808077 [MAC 3] Learned neighbor 1 uses slot 0 (rtCounter=0)
time_ns=21390808077 [HOP 3] Overheard frame from 1 for 5 type=1 ignored after neighbor update
time_ns=21390808077 [HOP 3] Overheard frame from 1 for 5 type=1 ignored after neighbor update
time_ns=21390808077 [HOP 3] Overheard frame from 1 for 5 type=1 ignored after neighbor update
time_ns=21390808077 [HOP 3] Overheard frame from 1 for 5 type=1 ignored after neighbor update
time_ns=21390808077 [HOP 3] RX ACK from 1 seq=7
time_ns=21390808077 [HOP 3] RX authenticated GroupEstablish Discover from=1 keyId=1 groupSeq=10
time_ns=21390808077 [MAC 3] active_nodes set to 2 for local slotting and post-TX wait
time_ns=21390808077 [NWK 3] active_nodes=2 pushed to MAC
time_ns=21390808077 [NWK 3] Updated HELLO neighbor=1 hopSrc=1 speedKey=8 activeNodes=3 pathloss=135.376 snr=4.59934
time_ns=21390808077 [NWK 3] link_calc neighbor=1 s0=-103 pathloss=135.376 numFailures=0 speed=8 txPower=33 estDistance=287 speedMargin=0.624344 totalMargin=0.624344 costMode=local-only cost=3587
time_ns=21390808077 [NWK 3] Updated route candidate dst=1 nextHop=1 hops=1 oldCost=3587 newCost=3587 valid=1->1 selectionDeferred=0 selected=1
time_ns=21390808077 [NWK 3] ARL route message from 1 type=Discover advCount=0
time_ns=21390808077 [NWK 3] ProcessDiscover from 1 subtype=Broadcast sequence=1
time_ns=21390808077 [NWK 3] Duplicate/old discovery sequence from 1 received=1 current=1
time_ns=21390808077 [NWK 3] Routes: dst=1->nh=1(hops=1,cost=3587,linkCost=3587,advCost=0,from=1,imm=1,pl=135.376,valid=1,path=[1]) dst=5->nh=1(hops=2,cost=11037,linkCost=3587,advCost=7450,from=1,imm=0,pl=135.376,valid=1,path=[1->5])
time_ns=21390808105 [NWK 3] CheckNwkQueue: size=0
time_ns=21390811086 [t=21.3908] RX at node 5 from node 1 seq 4 rate 8 kbps txPower 33 dBm preamble LONG pathloss 140.876 dB snr -0.900945 dB (slot 0, len 144B, ackable=0)
time_ns=21390811086 [MAC 5] Learned neighbor 1 uses slot 0 (rtCounter=0)
time_ns=21390811086 [HOP 5] RX ACK from 1 seq=4
time_ns=21390811086 [HOP 5] RX ACK from 1 seq=5
time_ns=21390811086 [HOP 5] RX ACK from 1 seq=6
time_ns=21390811086 [HOP 5] RX ACK from 1 seq=7
time_ns=21390811086 [HOP 5] Overheard frame from 1 for 3 type=1 ignored after neighbor update
time_ns=21390811086 [HOP 5] RX authenticated GroupEstablish Discover from=1 keyId=1 groupSeq=10
time_ns=21390811086 [MAC 5] active_nodes set to 2 for local slotting and post-TX wait
time_ns=21390811086 [NWK 5] active_nodes=2 pushed to MAC
time_ns=21390811086 [NWK 5] Updated HELLO neighbor=1 hopSrc=1 speedKey=8 activeNodes=3 pathloss=140.876 snr=-0.900945
time_ns=21390811086 [NWK 5] link_calc neighbor=1 s0=-103 pathloss=140.876 numFailures=0 speed=8 txPower=33 estDistance=298 speedMargin=-4.87595 totalMargin=-4.87595 costMode=local-only cost=7450
time_ns=21390811086 [NWK 5] Updated route candidate dst=1 nextHop=1 hops=1 oldCost=7450 newCost=7450 valid=1->1 selectionDeferred=0 selected=1
time_ns=21390811086 [NWK 5] ARL route message from 1 type=Discover advCount=0
time_ns=21390811086 [NWK 5] ProcessDiscover from 1 subtype=Broadcast sequence=1
time_ns=21390811086 [NWK 5] Duplicate/old discovery sequence from 1 received=1 current=1
time_ns=21390811086 [NWK 5] Routes: dst=1->nh=1(hops=1,cost=7450,linkCost=7450,advCost=0,from=1,imm=1,pl=140.876,valid=1,path=[1]) dst=3->nh=1(hops=2,cost=11037,linkCost=7450,advCost=3587,from=1,imm=0,pl=140.876,valid=1,path=[1->3])
time_ns=21390811114 [NWK 5] CheckNwkQueue: size=0
time_ns=21390823527 [t=21.3908] RX MISS at node 4 from node 1 seq 4
time_ns=21398000000 [MAC 3] rtslot_counter expired for neighbor 1 reserveSlot=0
time_ns=21398000000 [MAC 5] rtslot_counter expired for neighbor 1 reserveSlot=0
time_ns=21398000000 [MAC 1] PickTxSlot(dest=5) active_nodes_for_slotting=3 opnet_slot_range=31
time_ns=21398000000 [MAC 1] avoiding neighbor 3 currentReservedSlot=6 rtslot_counter=6
time_ns=21398000000 [MAC 1] avoiding neighbor 5 currentReservedSlot=1 rtslot_counter=1
time_ns=21398000000 [MAC 1] PickTxSlot(dest=5) avoid: 1 6
time_ns=21398000000 [MAC 1] PickTxSlot chose 13 using historical next_tslot modulo probe
time_ns=21398000000 [MAC 1] TX opportunity reached currentSlot=0 reserveNextSlot=13
time_ns=21398000000 ... type=1 speedKey=8[t=21.398] TX from node 1 to dest 5 seq 6 size 75 bytes segments 3 at slot 13 rate 8 kbps txPower 33 dBm (7843.14 bps) preamble SHORT duration 0.09996 s
time_ns=21398000000 [t=21.398] RX OCCLUDED at node 2 from node 1 seq 6
time_ns=21398000000 [t=21.398] RX OCCLUDED at node 7 from node 1 seq 6
time_ns=21398000000 [t=21.398] RX OCCLUDED at node 8 from node 1 seq 6
time_ns=21398000000 [MAC 1] ACK transmitted in aggregate dest=5 seq=6 txCount=5/5
time_ns=21398000000 [MAC 1] ACK transmitted in aggregate dest=5 seq=7 txCount=5/5
time_ns=21398000000 [MAC 1] ACK transmitted in aggregate dest=3 seq=7 txCount=4/5
time_ns=21398000000 [MAC 1] Remove ACK after OPNET resend limit dest=5 seq=6
time_ns=21398000000 [MAC 1] Remove ACK after OPNET resend limit dest=5 seq=7
time_ns=21398000000 [MAC 1] OPNET aggregate transmitted segments=3 ackSegments=3 dataSegments=0 bytes=75 rate=8
time_ns=21398008077 [t=21.398] RX SYNC at node 3 from node 1 seq 6 power -102.376 dBm noise -106.975 dBm snr 4.59934 dB state=1
time_ns=21398011086 [t=21.398] RX SYNC at node 5 from node 1 seq 6 power -107.876 dBm noise -106.975 dBm snr -0.900945 dB state=1
time_ns=21398023527 [t=21.398] RX SYNC at node 4 from node 1 seq 6 power -120.948 dBm noise -106.975 dBm snr -13.9725 dB state=0 below-threshold
time_ns=21404638077 [t=21.4046] MAC 3 enters Track on node 1 seq 6 power -102.376 dBm
time_ns=21404641086 [t=21.4046] MAC 5 enters Track on node 1 seq 6 power -107.876 dBm
time_ns=21497960000 [MAC 1] resumes Pre-Tx with live slot=13 counter=13
time_ns=21497968077 [t=21.498] RX at node 3 from node 1 seq 6 rate 8 kbps txPower 33 dBm preamble SHORT pathloss 135.376 dB snr 4.59934 dB (slot 13, len 75B, ackable=0)
time_ns=21497968077 [MAC 3] Learned neighbor 1 uses slot 13 (rtCounter=13)
time_ns=21497968077 [HOP 3] Overheard frame from 1 for 5 type=1 ignored after neighbor update
time_ns=21497968077 [HOP 3] Overheard frame from 1 for 5 type=1 ignored after neighbor update
time_ns=21497968077 [HOP 3] RX ACK from 1 seq=7
time_ns=21497968105 [NWK 3] CheckNwkQueue: size=0
time_ns=21497971086 [t=21.498] RX at node 5 from node 1 seq 6 rate 8 kbps txPower 33 dBm preamble SHORT pathloss 140.876 dB snr -0.900945 dB (slot 13, len 75B, ackable=0)
time_ns=21497971086 [MAC 5] Learned neighbor 1 uses slot 13 (rtCounter=13)
time_ns=21497971086 [HOP 5] RX ACK from 1 seq=6
time_ns=21497971086 [HOP 5] RX ACK from 1 seq=7
time_ns=21497971086 [HOP 5] Overheard frame from 1 for 3 type=1 ignored after neighbor update
time_ns=21497971114 [NWK 5] CheckNwkQueue: size=0
time_ns=21497983527 [t=21.498] RX MISS at node 4 from node 1 seq 6
time_ns=21515000000 [MAC 3] rtslot_counter expired for neighbor 5 reserveSlot=16
time_ns=21515000000 [MAC 5] PickTxSlot(dest=1) active_nodes_for_slotting=2 opnet_slot_range=31
time_ns=21515000000 [MAC 5] avoiding neighbor 1 currentReservedSlot=11 rtslot_counter=11
time_ns=21515000000 [MAC 5] avoiding neighbor 3 currentReservedSlot=4 rtslot_counter=4
time_ns=21515000000 [MAC 5] PickTxSlot(dest=1) avoid: 4 11
time_ns=21515000000 [MAC 5] PickTxSlot chose 19 using historical next_tslot modulo probe
time_ns=21515000000 [MAC 5] TX opportunity reached currentSlot=16 reserveNextSlot=19
time_ns=21515000000 ... type=1 speedKey=8[t=21.515] TX from node 5 to dest 1 seq 6 size 25 bytes segments 1 at slot 19 rate 8 kbps txPower 33 dBm (7843.14 bps) preamble SHORT duration 0.04896 s
time_ns=21515000000 [t=21.515] RX OCCLUDED at node 2 from node 5 seq 6
time_ns=21515000000 [t=21.515] RX OCCLUDED at node 7 from node 5 seq 6
time_ns=21515000000 [t=21.515] RX OCCLUDED at node 8 from node 5 seq 6
time_ns=21515000000 [MAC 5] ACK transmitted in aggregate dest=1 seq=6 txCount=4/5
time_ns=21515000000 [MAC 5] OPNET aggregate transmitted segments=1 ackSegments=1 dataSegments=0 bytes=25 rate=8
time_ns=21515000000 [MAC 1] rtslot_counter expired for neighbor 5 reserveSlot=16
time_ns=21515011086 [t=21.515] RX SYNC at node 1 from node 5 seq 6 power -107.876 dBm noise -106.975 dBm snr -0.900945 dB state=1
time_ns=21515012444 [t=21.515] RX SYNC at node 4 from node 5 seq 6 power -109.884 dBm noise -106.975 dBm snr -2.90891 dB state=0
time_ns=21515019163 [t=21.515] RX SYNC at node 3 from node 5 seq 6 power -117.383 dBm noise -106.975 dBm snr -10.408 dB state=1
time_ns=21521641086 [t=21.5216] MAC 1 enters Track on node 5 seq 6 power -107.876 dBm
time_ns=21521649163 [t=21.5216] MAC 3 enters Track on node 5 seq 6 power -117.383 dBm
time_ns=21563960000 [MAC 5] resumes Pre-Tx with live slot=19 counter=19
time_ns=21563971086 [t=21.564] RX at node 1 from node 5 seq 6 rate 8 kbps txPower 33 dBm preamble SHORT pathloss 140.876 dB snr -0.900945 dB (slot 19, len 25B, ackable=0)
time_ns=21563971086 [MAC 1] Learned neighbor 5 uses slot 19 (rtCounter=19)
time_ns=21563971086 [HOP 1] RX ACK from 5 seq=6
time_ns=21563971114 [NWK 1] CheckNwkQueue: size=0
time_ns=21563972444 [t=21.564] RX MISS at node 4 from node 5 seq 6
time_ns=21563979163 [t=21.564] RX OVERHEARD at node 3 from node 5 seq 6 rate 8 kbps txPower 33 dBm preamble SHORT pathloss 150.383 dB snr -10.408 dB (slot 19, len 25B, ackable=0)
time_ns=21563979163 [MAC 3] Learned neighbor 5 uses slot 19 (rtCounter=19)
time_ns=21563979163 [HOP 3] Overheard frame from 5 for 1 type=1 ignored after neighbor update
time_ns=21619000000 [MAC 3] PickTxSlot(dest=1) active_nodes_for_slotting=2 opnet_slot_range=31
time_ns=21619000000 [MAC 3] avoiding neighbor 1 currentReservedSlot=6 rtslot_counter=6
time_ns=21619000000 [MAC 3] avoiding neighbor 5 currentReservedSlot=14 rtslot_counter=14
time_ns=21619000000 [MAC 3] PickTxSlot(dest=1) avoid: 6 14
time_ns=21619000000 [MAC 3] PickTxSlot chose 24 using historical next_tslot modulo probe
time_ns=21619000000 [MAC 3] TX opportunity reached currentSlot=8 reserveNextSlot=24
time_ns=21619000000 ... type=1 speedKey=8[t=21.619] TX from node 3 to dest 1 seq 7 size 50 bytes segments 2 at slot 24 rate 8 kbps txPower 33 dBm (7843.14 bps) preamble SHORT duration 0.07446 s
time_ns=21619000000 [t=21.619] RX OCCLUDED at node 2 from node 3 seq 7
time_ns=21619000000 [t=21.619] RX OCCLUDED at node 4 from node 3 seq 7
time_ns=21619000000 [t=21.619] RX OCCLUDED at node 7 from node 3 seq 7
time_ns=21619000000 [t=21.619] RX OCCLUDED at node 8 from node 3 seq 7
time_ns=21619000000 [MAC 3] ACK transmitted in aggregate dest=1 seq=7 txCount=5/5
time_ns=21619000000 [MAC 3] ACK transmitted in aggregate dest=1 seq=8 txCount=4/5
time_ns=21619000000 [MAC 3] Remove ACK after OPNET resend limit dest=1 seq=7
time_ns=21619000000 [MAC 3] OPNET aggregate transmitted segments=2 ackSegments=2 dataSegments=0 bytes=50 rate=8
time_ns=21619000000 [MAC 5] rtslot_counter expired for neighbor 3 reserveSlot=8
time_ns=21619000000 [MAC 1] rtslot_counter expired for neighbor 3 reserveSlot=8
time_ns=21619008077 [t=21.619] RX SYNC at node 1 from node 3 seq 7 power -102.376 dBm noise -106.975 dBm snr 4.59934 dB state=1
time_ns=21619019163 [t=21.619] RX SYNC at node 5 from node 3 seq 7 power -117.383 dBm noise -106.975 dBm snr -10.408 dB state=1
time_ns=21625638077 [t=21.6256] MAC 1 enters Track on node 3 seq 7 power -102.376 dBm
time_ns=21625649163 [t=21.6256] MAC 5 enters Track on node 3 seq 7 power -117.383 dBm
time_ns=21693460000 [MAC 3] resumes Pre-Tx with live slot=24 counter=24
time_ns=21693468077 [t=21.6935] RX at node 1 from node 3 seq 7 rate 8 kbps txPower 33 dBm preamble SHORT pathloss 135.376 dB snr 4.59934 dB (slot 24, len 50B, ackable=0)
time_ns=21693468077 [MAC 1] Learned neighbor 3 uses slot 24 (rtCounter=24)
time_ns=21693468077 [HOP 1] RX ACK from 3 seq=7
time_ns=21693468077 [HOP 1] RX ACK from 3 seq=8
time_ns=21693468105 [NWK 1] CheckNwkQueue: size=0
time_ns=21693479163 [t=21.6935] RX OVERHEARD at node 5 from node 3 seq 7 rate 8 kbps txPower 33 dBm preamble SHORT pathloss 150.383 dB snr -10.408 dB (slot 24, len 50B, ackable=0)
time_ns=21693479163 [MAC 5] Learned neighbor 3 uses slot 24 (rtCounter=24)
time_ns=21693479163 [HOP 5] Overheard frame from 3 for 1 type=1 ignored after neighbor update
time_ns=21693479163 [HOP 5] Overheard frame from 3 for 1 type=1 ignored after neighbor update
time_ns=21775000000 [MAC 3] rtslot_counter expired for neighbor 1 reserveSlot=13
time_ns=21775000000 [MAC 5] rtslot_counter expired for neighbor 1 reserveSlot=13
time_ns=21775000000 [MAC 1] PickTxSlot(dest=3) active_nodes_for_slotting=3 opnet_slot_range=31
time_ns=21775000000 [MAC 1] avoiding neighbor 3 currentReservedSlot=17 rtslot_counter=17
time_ns=21775000000 [MAC 1] avoiding neighbor 5 currentReservedSlot=7 rtslot_counter=7
time_ns=21775000000 [MAC 1] PickTxSlot(dest=3) avoid: 7 17
time_ns=21775000000 [MAC 1] PickTxSlot chose 2 using historical next_tslot modulo probe
time_ns=21775000000 [MAC 1] TX opportunity reached currentSlot=13 reserveNextSlot=2
time_ns=21775000000 ... type=1 speedKey=8[t=21.775] TX from node 1 to dest 3 seq 7 size 25 bytes segments 1 at slot 2 rate 8 kbps txPower 33 dBm (7843.14 bps) preamble SHORT duration 0.04896 s
time_ns=21775000000 [t=21.775] RX OCCLUDED at node 2 from node 1 seq 7
time_ns=21775000000 [t=21.775] RX OCCLUDED at node 7 from node 1 seq 7
time_ns=21775000000 [t=21.775] RX OCCLUDED at node 8 from node 1 seq 7
time_ns=21775000000 [MAC 1] ACK transmitted in aggregate dest=3 seq=7 txCount=5/5
time_ns=21775000000 [MAC 1] Remove ACK after OPNET resend limit dest=3 seq=7
time_ns=21775000000 [MAC 1] OPNET aggregate transmitted segments=1 ackSegments=1 dataSegments=0 bytes=25 rate=8
time_ns=21775008077 [t=21.775] RX SYNC at node 3 from node 1 seq 7 power -102.376 dBm noise -106.975 dBm snr 4.59934 dB state=1
time_ns=21775011086 [t=21.775] RX SYNC at node 5 from node 1 seq 7 power -107.876 dBm noise -106.975 dBm snr -0.900945 dB state=1
time_ns=21775023527 [t=21.775] RX SYNC at node 4 from node 1 seq 7 power -120.948 dBm noise -106.975 dBm snr -13.9725 dB state=0 below-threshold
time_ns=21781638077 [t=21.7816] MAC 3 enters Track on node 1 seq 7 power -102.376 dBm
time_ns=21781641086 [t=21.7816] MAC 5 enters Track on node 1 seq 7 power -107.876 dBm
time_ns=21823960000 [MAC 1] post-TX WAIT_FOR_ACK until 41.824 (POST_TX_WAIT=20 s)
time_ns=21823968077 [t=21.824] RX at node 3 from node 1 seq 7 rate 8 kbps txPower 33 dBm preamble SHORT pathloss 135.376 dB snr 4.59934 dB (slot 2, len 25B, ackable=0)
time_ns=21823968077 [MAC 3] Learned neighbor 1 uses slot 2 (rtCounter=2)
time_ns=21823968077 [HOP 3] RX ACK from 1 seq=7
time_ns=21823968105 [NWK 3] CheckNwkQueue: size=0
time_ns=21823971086 [t=21.824] RX OVERHEARD at node 5 from node 1 seq 7 rate 8 kbps txPower 33 dBm preamble SHORT pathloss 140.876 dB snr -0.900945 dB (slot 2, len 25B, ackable=0)
time_ns=21823971086 [MAC 5] Learned neighbor 1 uses slot 2 (rtCounter=2)
time_ns=21823971086 [HOP 5] Overheard frame from 1 for 3 type=1 ignored after neighbor update
time_ns=21823983527 [t=21.824] RX MISS at node 4 from node 1 seq 7
time_ns=21853000000 [MAC 3] rtslot_counter expired for neighbor 1 reserveSlot=2
time_ns=21853000000 [MAC 5] rtslot_counter expired for neighbor 1 reserveSlot=2
time_ns=21853000000 [MAC 1] local advertised reservation expired
time_ns=21918000000 [MAC 3] rtslot_counter expired for neighbor 5 reserveSlot=19
time_ns=21918000000 [MAC 5] PickTxSlot(dest=1) active_nodes_for_slotting=2 opnet_slot_range=31
time_ns=21918000000 [MAC 5] avoiding neighbor 3 currentReservedSlot=9 rtslot_counter=9
time_ns=21918000000 [MAC 5] PickTxSlot(dest=1) avoid: 9
time_ns=21918000000 [MAC 5] PickTxSlot chose 3 using historical next_tslot modulo probe
time_ns=21918000000 [MAC 5] TX opportunity reached currentSlot=19 reserveNextSlot=3
time_ns=21918000000 ... type=1 speedKey=8[t=21.918] TX from node 5 to dest 1 seq 6 size 25 bytes segments 1 at slot 3 rate 8 kbps txPower 33 dBm (7843.14 bps) preamble SHORT duration 0.04896 s
time_ns=21918000000 [t=21.918] RX OCCLUDED at node 2 from node 5 seq 6
time_ns=21918000000 [t=21.918] RX OCCLUDED at node 7 from node 5 seq 6
time_ns=21918000000 [t=21.918] RX OCCLUDED at node 8 from node 5 seq 6
time_ns=21918000000 [MAC 5] ACK transmitted in aggregate dest=1 seq=6 txCount=5/5
time_ns=21918000000 [MAC 5] Remove ACK after OPNET resend limit dest=1 seq=6
time_ns=21918000000 [MAC 5] OPNET aggregate transmitted segments=1 ackSegments=1 dataSegments=0 bytes=25 rate=8
time_ns=21918000000 [MAC 1] rtslot_counter expired for neighbor 5 reserveSlot=19
time_ns=21918011086 [t=21.918] RX SYNC at node 1 from node 5 seq 6 power -107.876 dBm noise -106.975 dBm snr -0.900945 dB state=1
time_ns=21918012444 [t=21.918] RX SYNC at node 4 from node 5 seq 6 power -109.884 dBm noise -106.975 dBm snr -2.90891 dB state=0
time_ns=21918019163 [t=21.918] RX SYNC at node 3 from node 5 seq 6 power -117.383 dBm noise -106.975 dBm snr -10.408 dB state=1 below-threshold
time_ns=21924641086 [t=21.9246] MAC 1 enters Track on node 5 seq 6 power -107.876 dBm
time_ns=21966960000 [MAC 5] post-TX WAIT_FOR_ACK until 40.467 (POST_TX_WAIT=18.5 s)
time_ns=21966971086 [t=21.967] RX at node 1 from node 5 seq 6 rate 8 kbps txPower 33 dBm preamble SHORT pathloss 140.876 dB snr -0.900945 dB (slot 3, len 25B, ackable=0)
time_ns=21966971086 [MAC 1] Learned neighbor 5 uses slot 3 (rtCounter=3)
time_ns=21966971086 [HOP 1] RX ACK from 5 seq=6
time_ns=21966971114 [NWK 1] CheckNwkQueue: size=0
time_ns=21966972444 [t=21.967] RX MISS at node 4 from node 5 seq 6
time_ns=22009000000 [MAC 5] local advertised reservation expired
time_ns=22009000000 [MAC 1] rtslot_counter expired for neighbor 5 reserveSlot=3
time_ns=22048000000 [MAC 3] PickTxSlot(dest=1) active_nodes_for_slotting=2 opnet_slot_range=31
time_ns=22048000000 [MAC 3] PickTxSlot(dest=1) avoid:
time_ns=22048000000 [MAC 3] PickTxSlot chose 3 using historical next_tslot modulo probe
time_ns=22048000000 [MAC 3] TX opportunity reached currentSlot=24 reserveNextSlot=3
time_ns=22048000000 ... type=1 speedKey=8[t=22.048] TX from node 3 to dest 1 seq 8 size 25 bytes segments 1 at slot 3 rate 8 kbps txPower 33 dBm (7843.14 bps) preamble SHORT duration 0.04896 s
time_ns=22048000000 [t=22.048] RX OCCLUDED at node 2 from node 3 seq 8
time_ns=22048000000 [t=22.048] RX OCCLUDED at node 4 from node 3 seq 8
time_ns=22048000000 [t=22.048] RX OCCLUDED at node 7 from node 3 seq 8
time_ns=22048000000 [t=22.048] RX OCCLUDED at node 8 from node 3 seq 8
time_ns=22048000000 [MAC 3] ACK transmitted in aggregate dest=1 seq=8 txCount=5/5
time_ns=22048000000 [MAC 3] Remove ACK after OPNET resend limit dest=1 seq=8
time_ns=22048000000 [MAC 3] OPNET aggregate transmitted segments=1 ackSegments=1 dataSegments=0 bytes=25 rate=8
time_ns=22048008077 [t=22.048] RX SYNC at node 1 from node 3 seq 8 power -102.376 dBm noise -106.975 dBm snr 4.59934 dB state=1
time_ns=22048019163 [t=22.048] RX SYNC at node 5 from node 3 seq 8 power -117.383 dBm noise -106.975 dBm snr -10.408 dB state=1
time_ns=22054638077 [t=22.0546] MAC 1 enters Track on node 3 seq 8 power -102.376 dBm
time_ns=22054649163 [t=22.0546] MAC 5 enters Track on node 3 seq 8 power -117.383 dBm
time_ns=22096960000 [MAC 3] post-TX WAIT_FOR_ACK until 40.597 (POST_TX_WAIT=18.5 s)
time_ns=22096968077 [t=22.097] RX at node 1 from node 3 seq 8 rate 8 kbps txPower 33 dBm preamble SHORT pathloss 135.376 dB snr 4.59934 dB (slot 3, len 25B, ackable=0)
time_ns=22096968077 [MAC 1] Learned neighbor 3 uses slot 3 (rtCounter=3)
time_ns=22096968077 [HOP 1] RX ACK from 3 seq=8
time_ns=22096968105 [NWK 1] CheckNwkQueue: size=0
time_ns=22096979163 [t=22.097] RX OVERHEARD at node 5 from node 3 seq 8 rate 8 kbps txPower 33 dBm preamble SHORT pathloss 150.383 dB snr -10.408 dB (slot 3, len 25B, ackable=0)
time_ns=22096979163 [MAC 5] Learned neighbor 3 uses slot 3 (rtCounter=3)
time_ns=22096979163 [HOP 5] Overheard frame from 3 for 1 type=1 ignored after neighbor update
time_ns=22139000000 [MAC 3] local advertised reservation expired
time_ns=22139000000 [MAC 5] rtslot_counter expired for neighbor 3 reserveSlot=3
time_ns=22139000000 [MAC 1] rtslot_counter expired for neighbor 3 reserveSlot=3
time_ns=25000000000 [NWK 1] DiscoveryStop sequence=1
time_ns=25000000000 [NWK 1] Post-discovery routing refresh activeNeighbors=2
time_ns=25000000000 [NWK 1] recompute hop-cost neighbor=3 failures=0 costMode=local-only newLinkCost=3587
time_ns=25000000000 [NWK 1] Recomputed route after link change dst=3 nextHop=3 oldCost=3587 newCost=3587 linkCost=3587 advertisedCost=0 numFailures=0
time_ns=25000000000 [NWK 1] recompute hop-cost neighbor=5 failures=0 costMode=local-only newLinkCost=7450
time_ns=25000000000 [NWK 1] Recomputed route after link change dst=5 nextHop=5 oldCost=7450 newCost=7450 linkCost=7450 advertisedCost=0 numFailures=0
time_ns=25000000000 [NWK 1] Post-discovery requesting fresh routes neighbor=3
time_ns=25000000000 [NWK 1] Sending reliable RoutingRequest neighbor=3 routingSequence=6 attempt=1 retry=0
time_ns=25000000000 [HOP 1] link_control dest=3 neighborKnown=1 s0=-103 pathloss=135.376 failures=0 speed=8 txPower=33 rxPower=-103 cost=3587
time_ns=25000000000 [HOP 1] TX reliable RoutingControl targets=3:9
time_ns=25000000000 [MAC] Enqueue TX pkt dscp=7 insert_pos=0 queue_size_before=0
time_ns=25000000000 [NWK 1] Post-discovery requesting fresh routes neighbor=5
time_ns=25000000000 [NWK 1] Sending reliable RoutingRequest neighbor=5 routingSequence=7 attempt=1 retry=0
time_ns=25000000000 [HOP 1] link_control dest=5 neighborKnown=1 s0=-103 pathloss=140.876 failures=0 speed=8 txPower=33 rxPower=-103 cost=7450
time_ns=25000000000 [HOP 1] TX reliable RoutingControl targets=5:7
time_ns=25000000000 [MAC] Enqueue TX pkt dscp=7 insert_pos=1 queue_size_before=1
time_ns=25000000000 [NWK 1] Discovery table append node=5 needed=1 position=0
time_ns=25000000000 [NWK 1] Discovery table append node=3 needed=1 position=1
time_ns=25000000000 [NWK 1] Legacy discovery lifecycle complete initiator=1 knownNodes=2 completionReports=0
time_ns=25000000000 [NWK 1] TX legacy SNMP command=1 finalDestination=5 hopDestination=5 nodes=0
time_ns=25000000000 [HOP 1] TX legacy SNMP hopDestination=5 ackable=0 dscp=0
time_ns=25000000000 [MAC] Enqueue TX pkt dscp=0 insert_pos=2 queue_size_before=2
time_ns=25000000000 [NWK 1] SNMP discovery handoff target=5 watchdog=60s
time_ns=25012000000 [MAC 1] PickTxSlot(dest=3) active_nodes_for_slotting=3 opnet_slot_range=31
time_ns=25012000000 [MAC 1] PickTxSlot(dest=3) avoid:
time_ns=25012000000 [MAC 1] PickTxSlot chose 15 using historical next_tslot modulo probe
time_ns=25012000000 [MAC 1] starts Pre-Tx with new slot=15 holdoff_over=1
time_ns=25220000000 [MAC 1] PickTxSlot(dest=3) active_nodes_for_slotting=3 opnet_slot_range=31
time_ns=25220000000 [MAC 1] PickTxSlot(dest=3) avoid:
time_ns=25220000000 [MAC 1] PickTxSlot chose 7 using historical next_tslot modulo probe
time_ns=25220000000 [MAC 1] TX opportunity reached currentSlot=15 reserveNextSlot=7
time_ns=25220000000 ... type=6 speedKey=8[t=25.22] TX from node 1 to dest 3 seq 9 size 63 bytes segments 3 at slot 7 rate 8 kbps txPower 33 dBm (7843.14 bps) preamble SHORT duration 0.08772 s
time_ns=25220000000 [t=25.22] RX OCCLUDED at node 2 from node 1 seq 9
time_ns=25220000000 [t=25.22] RX OCCLUDED at node 7 from node 1 seq 9
time_ns=25220000000 [t=25.22] RX OCCLUDED at node 8 from node 1 seq 9
time_ns=25220000000 [HOP 1] MAC sent confirmation dest=3 seq=9 transmission=1 sentAt=25.22
time_ns=25220000000 [HOP 1] MAC sent confirmation dest=5 seq=7 transmission=1 sentAt=25.22
time_ns=25220000000 [MAC 1] OPNET aggregate transmitted segments=3 ackSegments=0 dataSegments=3 bytes=63 rate=8
time_ns=25220008077 [t=25.22] RX SYNC at node 3 from node 1 seq 9 power -102.376 dBm noise -106.975 dBm snr 4.59934 dB state=1
time_ns=25220011086 [t=25.22] RX SYNC at node 5 from node 1 seq 9 power -107.876 dBm noise -106.975 dBm snr -0.900945 dB state=1
time_ns=25220023527 [t=25.22] RX SYNC at node 4 from node 1 seq 9 power -120.948 dBm noise -106.975 dBm snr -13.9725 dB state=0 below-threshold
time_ns=25226638077 [t=25.2266] MAC 3 enters Track on node 1 seq 9 power -102.376 dBm
time_ns=25226641086 [t=25.2266] MAC 5 enters Track on node 1 seq 9 power -107.876 dBm
time_ns=25307720000 [MAC 1] post-TX WAIT_FOR_ACK until 45.3077 (POST_TX_WAIT=20 s)
time_ns=25307728077 [t=25.3077] RX at node 3 from node 1 seq 9 rate 8 kbps txPower 33 dBm preamble SHORT pathloss 135.376 dB snr 4.59934 dB (slot 7, len 63B, ackable=1)
time_ns=25307728077 [MAC 3] Learned neighbor 1 uses slot 7 (rtCounter=7)
time_ns=25307728077 [HOP 3] RX reliable RoutingControl from 1 seq=9 firstReception=1
time_ns=25307728077 [MAC 3] active_nodes set to 2 for local slotting and post-TX wait
time_ns=25307728077 [NWK 3] active_nodes=2 pushed to MAC
time_ns=25307728077 [NWK 3] Updated HELLO neighbor=1 hopSrc=1 speedKey=8 activeNodes=3 pathloss=135.376 snr=4.59934
time_ns=25307728077 [NWK 3] link_calc neighbor=1 s0=-103 pathloss=135.376 numFailures=0 speed=8 txPower=33 estDistance=287 speedMargin=0.624344 totalMargin=0.624344 costMode=local-only cost=3587
time_ns=25307728077 [NWK 3] Updated route candidate dst=1 nextHop=1 hops=1 oldCost=3587 newCost=3587 valid=1->1 selectionDeferred=0 selected=1
time_ns=25307728077 [NWK 3] ARL route message from 1 type=RoutingUpdate advCount=0
time_ns=25307728077 [NWK 3] Received RoutingRequest from=1 routingSequence=6; scheduling reliable INFO/UPDATE/FLUSH snapshot
time_ns=25307728077 [NWK 3] Routes: dst=1->nh=1(hops=1,cost=3587,linkCost=3587,advCost=0,from=1,imm=1,pl=135.376,valid=1,path=[1]) dst=5->nh=1(hops=2,cost=11037,linkCost=3587,advCost=7450,from=1,imm=0,pl=135.376,valid=1,path=[1->5])
time_ns=25307728077 [HOP 3] link_control dest=1 neighborKnown=1 s0=-103 pathloss=135.376 failures=0 speed=8 txPower=33 rxPower=-103 cost=3587
time_ns=25307728077 [HOP 3] ACK RoutingControl to 1 seq=9
time_ns=25307728077 [MAC 3] Enqueue ACK dest=1 seq=9 window=0 ack_queue_size=1
time_ns=25307728077 [HOP 3] Overheard legacy SNMP from 1 for hop 5 ignored without neighbor update
time_ns=25307728077 [MAC 3] PickTxSlot(dest=1) active_nodes_for_slotting=2 opnet_slot_range=31
time_ns=25307728077 [MAC 3] avoiding neighbor 1 currentReservedSlot=7 rtslot_counter=7
time_ns=25307728077 [MAC 3] PickTxSlot(dest=1) avoid: 7
time_ns=25307728077 [MAC 3] PickTxSlot chose 13 using historical next_tslot modulo probe
time_ns=25307728077 [MAC 3] starts Pre-Tx with new slot=13 holdoff_over=1
time_ns=25307728077 [NWK 3] Built ARL routing byte stream routingSequence=3 records=5 advertisedRoutes=3 recordBytes=60 sections=1 maxSectionBytes=700
time_ns=25307728077 [NWK 3] Starting reliable ARL RoutingSnapshot neighbor=1 routingSequence=3 sections=1
time_ns=25307728077 [NWK 3] Sending ARL RoutingSnapshot section=0/1 neighbor=1 routingSequence=3
time_ns=25307728077 [HOP 3] link_control dest=1 neighborKnown=1 s0=-103 pathloss=135.376 failures=0 speed=8 txPower=33 rxPower=-103 cost=3587
time_ns=25307728077 [HOP 3] TX reliable RoutingControl targets=1:8
time_ns=25307728077 [MAC] Enqueue TX pkt dscp=7 insert_pos=0 queue_size_before=0
time_ns=25307728077 [NWK 3] Armed RoutingSnapshot watchdog neighbor=1 phase=awaiting-independent-section-acks generation=3 timeoutSec=20
time_ns=25307731086 [t=25.3077] RX at node 5 from node 1 seq 9 rate 8 kbps txPower 33 dBm preamble SHORT pathloss 140.876 dB snr -0.900945 dB (slot 7, len 63B, ackable=1)
time_ns=25307731086 [MAC 5] Learned neighbor 1 uses slot 7 (rtCounter=7)
time_ns=25307731086 [HOP 5] RX reliable RoutingControl from 1 seq=7 firstReception=1
time_ns=25307731086 [MAC 5] active_nodes set to 2 for local slotting and post-TX wait
time_ns=25307731086 [NWK 5] active_nodes=2 pushed to MAC
time_ns=25307731086 [NWK 5] Updated HELLO neighbor=1 hopSrc=1 speedKey=8 activeNodes=3 pathloss=140.876 snr=-0.900945
time_ns=25307731086 [NWK 5] link_calc neighbor=1 s0=-103 pathloss=140.876 numFailures=0 speed=8 txPower=33 estDistance=298 speedMargin=-4.87595 totalMargin=-4.87595 costMode=local-only cost=7450
time_ns=25307731086 [NWK 5] Updated route candidate dst=1 nextHop=1 hops=1 oldCost=7450 newCost=7450 valid=1->1 selectionDeferred=0 selected=1
time_ns=25307731086 [NWK 5] ARL route message from 1 type=RoutingUpdate advCount=0
time_ns=25307731086 [NWK 5] Received RoutingRequest from=1 routingSequence=7; scheduling reliable INFO/UPDATE/FLUSH snapshot
time_ns=25307731086 [NWK 5] Routes: dst=1->nh=1(hops=1,cost=7450,linkCost=7450,advCost=0,from=1,imm=1,pl=140.876,valid=1,path=[1]) dst=3->nh=1(hops=2,cost=11037,linkCost=7450,advCost=3587,from=1,imm=0,pl=140.876,valid=1,path=[1->3])
time_ns=25307731086 [HOP 5] link_control dest=1 neighborKnown=1 s0=-103 pathloss=140.876 failures=0 speed=8 txPower=33 rxPower=-103 cost=7450
time_ns=25307731086 [HOP 5] ACK RoutingControl to 1 seq=7
time_ns=25307731086 [MAC 5] Enqueue ACK dest=1 seq=7 window=0 ack_queue_size=1
time_ns=25307731086 [HOP 5] RX legacy SNMP from 1 command=1
time_ns=25307731086 [NWK 5] RX SNMP_START_DISCOVERY source=1 hopSource=1 delay=0 state=0
time_ns=25307731086 [NWK 5] Discovery table append node=1 needed=0 position=0
time_ns=25307731086 [MAC 5] PickTxSlot(dest=1) active_nodes_for_slotting=2 opnet_slot_range=31
time_ns=25307731086 [MAC 5] avoiding neighbor 1 currentReservedSlot=7 rtslot_counter=7
time_ns=25307731086 [MAC 5] PickTxSlot(dest=1) avoid: 7
time_ns=25307731086 [MAC 5] PickTxSlot chose 26 using historical next_tslot modulo probe
time_ns=25307731086 [MAC 5] starts Pre-Tx with new slot=26 holdoff_over=1
time_ns=25307731086 [NWK 5] Built ARL routing byte stream routingSequence=2 records=5 advertisedRoutes=3 recordBytes=60 sections=1 maxSectionBytes=700
time_ns=25307731086 [NWK 5] Starting reliable ARL RoutingSnapshot neighbor=1 routingSequence=2 sections=1
time_ns=25307731086 [NWK 5] Sending ARL RoutingSnapshot section=0/1 neighbor=1 routingSequence=2
time_ns=25307731086 [HOP 5] link_control dest=1 neighborKnown=1 s0=-103 pathloss=140.876 failures=0 speed=8 txPower=33 rxPower=-103 cost=7450
time_ns=25307731086 [HOP 5] TX reliable RoutingControl targets=1:8
time_ns=25307731086 [MAC] Enqueue TX pkt dscp=7 insert_pos=0 queue_size_before=0
time_ns=25307731086 [NWK 5] Armed RoutingSnapshot watchdog neighbor=1 phase=awaiting-independent-section-acks generation=3 timeoutSec=20
time_ns=25307731086 [NWK 5] DiscoveryStart Broadcast sequence=1 resetVerifiedNeighbors=1
time_ns=25307731086 [NWK 5] ARL Discover sent without Routes_PAYLOAD
time_ns=25307731086 [NWK 5] HELLO advertising 0 routes
time_ns=25307731086 [NWK 5] HELLO ARL route msg type=1
time_ns=25307731086 [HOP 5] link_control dest=16777215 neighborKnown=0 speed=8 txPower=33 rxPower=-103
time_ns=25307731086 [HOP 5] TX GroupEstablish Discover securityCount=1 securityBytes=7
time_ns=25307731086 [MAC] Enqueue TX pkt dscp=7 insert_pos=1 queue_size_before=1
time_ns=25307743527 [t=25.3077] RX MISS at node 4 from node 1 seq 9
time_ns=25402000000 [MAC 3] rtslot_counter expired for neighbor 1 reserveSlot=7
time_ns=25402000000 [MAC 5] rtslot_counter expired for neighbor 1 reserveSlot=7
time_ns=25402000000 [MAC 1] local advertised reservation expired
time_ns=25480000000 [MAC 3] PickTxSlot(dest=1) active_nodes_for_slotting=2 opnet_slot_range=31
time_ns=25480000000 [MAC 3] PickTxSlot(dest=1) avoid:
time_ns=25480000000 [MAC 3] PickTxSlot chose 24 using historical next_tslot modulo probe
time_ns=25480000000 [MAC 3] TX opportunity reached currentSlot=13 reserveNextSlot=24
time_ns=25480000000 ... type=1 speedKey=8[t=25.48] TX from node 3 to dest 1 seq 9 size 107 bytes segments 2 at slot 24 rate 8 kbps txPower 33 dBm (7843.14 bps) preamble SHORT duration 0.1326 s
time_ns=25480000000 [t=25.48] RX OCCLUDED at node 2 from node 3 seq 9
time_ns=25480000000 [t=25.48] RX OCCLUDED at node 4 from node 3 seq 9
time_ns=25480000000 [t=25.48] RX OCCLUDED at node 7 from node 3 seq 9
time_ns=25480000000 [t=25.48] RX OCCLUDED at node 8 from node 3 seq 9
time_ns=25480000000 [HOP 3] MAC sent confirmation dest=1 seq=8 transmission=1 sentAt=25.48
time_ns=25480000000 [MAC 3] ACK transmitted in aggregate dest=1 seq=9 txCount=1/5
time_ns=25480000000 [MAC 3] OPNET aggregate transmitted segments=2 ackSegments=1 dataSegments=1 bytes=107 rate=8
time_ns=25480008077 [t=25.48] RX SYNC at node 1 from node 3 seq 9 power -102.376 dBm noise -106.975 dBm snr 4.59934 dB state=1
time_ns=25480019163 [t=25.48] RX SYNC at node 5 from node 3 seq 9 power -117.383 dBm noise -106.975 dBm snr -10.408 dB state=1 below-threshold
time_ns=25486638077 [t=25.4866] MAC 1 enters Track on node 3 seq 9 power -102.376 dBm
time_ns=25612600000 [MAC 3] resumes Pre-Tx with live slot=24 counter=24
time_ns=25612608077 [t=25.6126] RX at node 1 from node 3 seq 9 rate 8 kbps txPower 33 dBm preamble SHORT pathloss 135.376 dB snr 4.59934 dB (slot 24, len 107B, ackable=1)
time_ns=25612608077 [MAC 1] Learned neighbor 3 uses slot 24 (rtCounter=24)
time_ns=25612608077 [HOP 1] RX ACK from 3 seq=9
time_ns=25612608077 [HOP 1] Reliable RoutingControl completed with 3 seq=9 routingSequence=6 section=0/1
time_ns=25612608077 [NWK 1] Reliable RoutingControl ACKed neighbor=3 routingSequence=6 operation=Request section=0/1 lastOfInfo=1
time_ns=25612608077 [HOP 1] RX reliable RoutingControl from 3 seq=8 firstReception=1
time_ns=25612608077 [MAC 1] active_nodes set to 3 for local slotting and post-TX wait
time_ns=25612608077 [NWK 1] active_nodes=3 pushed to MAC
time_ns=25612608077 [NWK 1] Updated HELLO neighbor=3 hopSrc=3 speedKey=8 activeNodes=2 pathloss=135.376 snr=4.59934
time_ns=25612608077 [NWK 1] link_calc neighbor=3 s0=-103 pathloss=135.376 numFailures=0 speed=8 txPower=33 estDistance=287 speedMargin=0.624344 totalMargin=0.624344 costMode=local-only cost=3587
time_ns=25612608077 [NWK 1] Updated route candidate dst=3 nextHop=3 hops=1 oldCost=3587 newCost=3587 valid=1->1 selectionDeferred=0 selected=1
time_ns=25612608077 [NWK 1] ARL route message from 3 type=RoutingUpdate advCount=0
time_ns=25612608077 [NWK 1] Buffered ARL routing section from=3 routingSequence=3 section=0/1 buffered=1
time_ns=25612608077 [NWK 1] Reassembled complete ARL routing message from=3 routingSequence=3 sections=1 recordBytes=60 records=5
time_ns=25612608077 [NWK 1] Applied ARL INFO from=3 routingSequence=3
time_ns=25612608077 [NWK 1] Applied source-owned neighbor capability neighbor=3 capability=1 routingSequence=3 directCost=3587
time_ns=25612608077 [NWK 1] Ignoring unsupported ARL UPDATE node node24=1 from=3
time_ns=25612608077 [NWK 1] Applied ARL FLUSH from=3 routingSequence=3 routesInvalidated=0
time_ns=25612608077 [NWK 1] Routes: dst=3->nh=3(hops=1,cost=3587,linkCost=3587,advCost=0,from=3,imm=1,pl=135.376,valid=1,path=[3]) dst=5->nh=5(hops=1,cost=7450,linkCost=7450,advCost=0,from=5,imm=1,pl=140.876,valid=1,path=[5]) dst=3->nh=5(hops=3,cost=0,linkCost=0,advCost=11037,from=5,imm=0,pl=nan,valid=0,path=[1->3]) dst=5->nh=3(hops=3,cost=0,linkCost=0,advCost=11037,from=3,imm=0,pl=nan,valid=0,path=[1->5])
time_ns=25612608077 [HOP 1] link_control dest=3 neighborKnown=1 s0=-103 pathloss=135.376 failures=0 speed=8 txPower=33 rxPower=-103 cost=3587
time_ns=25612608077 [HOP 1] ACK RoutingControl to 3 seq=8
time_ns=25612608077 [MAC 1] Enqueue ACK dest=3 seq=8 window=0 ack_queue_size=1
time_ns=25612608077 [MAC 1] PickTxSlot(dest=3) active_nodes_for_slotting=3 opnet_slot_range=31
time_ns=25612608077 [MAC 1] avoiding neighbor 3 currentReservedSlot=24 rtslot_counter=24
time_ns=25612608077 [MAC 1] PickTxSlot(dest=3) avoid: 24
time_ns=25612608077 [MAC 1] PickTxSlot chose 28 using historical next_tslot modulo probe
time_ns=25612608077 [MAC 1] starts Pre-Tx with new slot=28 holdoff_over=1
time_ns=25612608105 [NWK 1] CheckNwkQueue: size=0
time_ns=25649000000 [MAC 5] PickTxSlot(dest=1) active_nodes_for_slotting=2 opnet_slot_range=31
time_ns=25649000000 [MAC 5] PickTxSlot(dest=1) avoid:
time_ns=25649000000 [MAC 5] PickTxSlot chose 25 using historical next_tslot modulo probe
time_ns=25649000000 [MAC 5] TX opportunity reached currentSlot=26 reserveNextSlot=25
time_ns=25649000000 ... type=1 speedKey=8[t=25.649] TX from node 5 to dest 1 seq 7 size 126 bytes segments 3 at slot 25 rate 8 kbps txPower 33 dBm (7843.14 bps) preamble LONG duration 1.14444 s
time_ns=25649000000 [t=25.649] RX OCCLUDED at node 2 from node 5 seq 7
time_ns=25649000000 [t=25.649] RX OCCLUDED at node 7 from node 5 seq 7
time_ns=25649000000 [t=25.649] RX OCCLUDED at node 8 from node 5 seq 7
time_ns=25649000000 [HOP 5] MAC sent confirmation dest=1 seq=8 transmission=1 sentAt=25.649
time_ns=25649000000 [MAC 5] ACK transmitted in aggregate dest=1 seq=7 txCount=1/5
time_ns=25649000000 [MAC 5] OPNET aggregate transmitted segments=3 ackSegments=1 dataSegments=2 bytes=126 rate=8
time_ns=25649011086 [t=25.649] RX SYNC at node 1 from node 5 seq 7 power -107.876 dBm noise -106.975 dBm snr -0.900945 dB state=1
time_ns=25649012444 [t=25.649] RX SYNC at node 4 from node 5 seq 7 power -109.884 dBm noise -106.975 dBm snr -2.90891 dB state=0
time_ns=25649019163 [t=25.649] RX SYNC at node 3 from node 5 seq 7 power -117.383 dBm noise -106.975 dBm snr -10.408 dB state=1
time_ns=25655641086 [t=25.6556] MAC 1 enters Track on node 5 seq 7 power -107.876 dBm
time_ns=25655649163 [t=25.6556] MAC 3 enters Track on node 5 seq 7 power -117.383 dBm
time_ns=25694630000 [t=25.6946] MAC 4 enters Track on node 5 seq 7 power -109.884 dBm
time_ns=25988000000 [MAC 4] OPNET 300-ms transmit holdoff complete
time_ns=26793440000 [MAC 5] resumes Pre-Tx with live slot=25 counter=25
time_ns=26793451086 [t=26.7935] RX at node 1 from node 5 seq 7 rate 8 kbps txPower 33 dBm preamble LONG pathloss 140.876 dB snr -0.900945 dB (slot 25, len 126B, ackable=1)
time_ns=26793451086 [MAC 1] Learned neighbor 5 uses slot 25 (rtCounter=25)
time_ns=26793451086 [HOP 1] RX ACK from 5 seq=7
time_ns=26793451086 [HOP 1] Reliable RoutingControl completed with 5 seq=7 routingSequence=7 section=0/1
time_ns=26793451086 [NWK 1] Reliable RoutingControl ACKed neighbor=5 routingSequence=7 operation=Request section=0/1 lastOfInfo=1
time_ns=26793451086 [HOP 1] RX reliable RoutingControl from 5 seq=8 firstReception=1
time_ns=26793451086 [MAC 1] active_nodes set to 3 for local slotting and post-TX wait
time_ns=26793451086 [NWK 1] active_nodes=3 pushed to MAC
time_ns=26793451086 [NWK 1] Updated HELLO neighbor=5 hopSrc=5 speedKey=8 activeNodes=2 pathloss=140.876 snr=-0.900945
time_ns=26793451086 [NWK 1] link_calc neighbor=5 s0=-103 pathloss=140.876 numFailures=0 speed=8 txPower=33 estDistance=298 speedMargin=-4.87595 totalMargin=-4.87595 costMode=local-only cost=7450
time_ns=26793451086 [NWK 1] Updated route candidate dst=5 nextHop=5 hops=1 oldCost=7450 newCost=7450 valid=1->1 selectionDeferred=0 selected=1
time_ns=26793451086 [NWK 1] ARL route message from 5 type=RoutingUpdate advCount=0
time_ns=26793451086 [NWK 1] Buffered ARL routing section from=5 routingSequence=2 section=0/1 buffered=1
time_ns=26793451086 [NWK 1] Reassembled complete ARL routing message from=5 routingSequence=2 sections=1 recordBytes=60 records=5
time_ns=26793451086 [NWK 1] Applied ARL INFO from=5 routingSequence=2
time_ns=26793451086 [NWK 1] Applied source-owned neighbor capability neighbor=5 capability=1 routingSequence=2 directCost=7450
time_ns=26793451086 [NWK 1] Ignoring unsupported ARL UPDATE node node24=1 from=5
time_ns=26793451086 [NWK 1] Applied ARL FLUSH from=5 routingSequence=2 routesInvalidated=0
time_ns=26793451086 [NWK 1] Routes: dst=3->nh=3(hops=1,cost=3587,linkCost=3587,advCost=0,from=3,imm=1,pl=135.376,valid=1,path=[3]) dst=5->nh=5(hops=1,cost=7450,linkCost=7450,advCost=0,from=5,imm=1,pl=140.876,valid=1,path=[5]) dst=3->nh=5(hops=3,cost=0,linkCost=0,advCost=11037,from=5,imm=0,pl=nan,valid=0,path=[1->3]) dst=5->nh=3(hops=3,cost=0,linkCost=0,advCost=11037,from=3,imm=0,pl=nan,valid=0,path=[1->5])
time_ns=26793451086 [HOP 1] link_control dest=5 neighborKnown=1 s0=-103 pathloss=140.876 failures=0 speed=8 txPower=33 rxPower=-103 cost=7450
time_ns=26793451086 [HOP 1] ACK RoutingControl to 5 seq=8
time_ns=26793451086 [MAC 1] Enqueue ACK dest=5 seq=8 window=0 ack_queue_size=2
time_ns=26793451086 [HOP 1] RX authenticated GroupEstablish Discover from=5 keyId=1 groupSeq=5
time_ns=26793451086 [MAC 1] active_nodes set to 3 for local slotting and post-TX wait
time_ns=26793451086 [NWK 1] active_nodes=3 pushed to MAC
time_ns=26793451086 [NWK 1] Updated HELLO neighbor=5 hopSrc=5 speedKey=8 activeNodes=2 pathloss=140.876 snr=-0.900945
time_ns=26793451086 [NWK 1] link_calc neighbor=5 s0=-103 pathloss=140.876 numFailures=0 speed=8 txPower=33 estDistance=298 speedMargin=-4.87595 totalMargin=-4.87595 costMode=local-only cost=7450
time_ns=26793451086 [NWK 1] Updated route candidate dst=5 nextHop=5 hops=1 oldCost=7450 newCost=7450 valid=1->1 selectionDeferred=0 selected=1
time_ns=26793451086 [NWK 1] ARL route message from 5 type=Discover advCount=0
time_ns=26793451086 [NWK 1] ProcessDiscover from 5 subtype=Broadcast sequence=1
time_ns=26793451086 [NWK 1] New discovery sequence from 5 old=0 new=1
time_ns=26793451086 [NWK 1] Discovery response pending key-send ACK neighbor=5 sequence=1
time_ns=26793451086 [NWK 1] Routes: dst=3->nh=3(hops=1,cost=3587,linkCost=3587,advCost=0,from=3,imm=1,pl=135.376,valid=1,path=[3]) dst=5->nh=5(hops=1,cost=7450,linkCost=7450,advCost=0,from=5,imm=1,pl=140.876,valid=1,path=[5]) dst=3->nh=5(hops=3,cost=0,linkCost=0,advCost=11037,from=5,imm=0,pl=nan,valid=0,path=[1->3]) dst=5->nh=3(hops=3,cost=0,linkCost=0,advCost=11037,from=3,imm=0,pl=nan,valid=0,path=[1->5])
time_ns=26793451114 [NWK 1] CheckNwkQueue: size=0
time_ns=26793452444 [t=26.7935] RX at node 4 from node 5 seq 7 rate 8 kbps txPower 33 dBm preamble LONG pathloss 142.884 dB snr -2.90891 dB (slot 25, len 126B, ackable=1)
time_ns=26793452444 [MAC 4] Learned neighbor 5 uses slot 25 (rtCounter=25)
time_ns=26793452444 [HOP 4] Overheard frame from 5 for 1 type=1 ignored after neighbor update
time_ns=26793452444 [HOP 4] Queue authenticated GroupEstablish pending KeyUpdate from=5 keyId=1 groupSeq=5
time_ns=26793452444 [MAC 4] active_nodes set to 2 for local slotting and post-TX wait
time_ns=26793452444 [NWK 4] active_nodes=2 pushed to MAC
time_ns=26793452444 [NWK 4] Authenticated Discover awaits group key neighbor=5 newNeighbor=1
time_ns=26793452444 [NWK 4] Sending source-faithful KeyRequest neighbor=5 noAck=1 retryDelayMs=5000
time_ns=26793452444 [HOP 4] link_control dest=5 neighborKnown=1 s0=-103 pathloss=142.884 failures=0 speed=8 txPower=33 rxPower=-103 cost=7450
time_ns=26793452444 [HOP 4] TX non-ACKed KeyRequest neighbor=5 hopSeq=1 keyId=1 keySeq=2 securityCount=1
time_ns=26793452444 [MAC] Enqueue TX pkt dscp=7 insert_pos=0 queue_size_before=0
time_ns=26793452444 [MAC 4] PickTxSlot(dest=5) active_nodes_for_slotting=2 opnet_slot_range=31
time_ns=26793452444 [MAC 4] avoiding neighbor 5 currentReservedSlot=25 rtslot_counter=25
time_ns=26793452444 [MAC 4] PickTxSlot(dest=5) avoid: 25
time_ns=26793452444 [MAC 4] PickTxSlot chose 22 using historical next_tslot modulo probe
time_ns=26793452444 [MAC 4] starts Pre-Tx with new slot=22 holdoff_over=1
time_ns=26793459163 [t=26.7935] RX at node 3 from node 5 seq 7 rate 8 kbps txPower 33 dBm preamble LONG pathloss 150.383 dB snr -10.408 dB (slot 25, len 126B, ackable=1)
time_ns=26793459163 [MAC 3] Learned neighbor 5 uses slot 25 (rtCounter=25)
time_ns=26793459163 [HOP 3] Overheard frame from 5 for 1 type=1 ignored after neighbor update
time_ns=26793459163 [HOP 3] Queue authenticated GroupEstablish pending KeyUpdate from=5 keyId=1 groupSeq=5
time_ns=26793459163 [MAC 3] active_nodes set to 3 for local slotting and post-TX wait
time_ns=26793459163 [NWK 3] active_nodes=3 pushed to MAC
time_ns=26793459163 [NWK 3] Authenticated Discover awaits group key neighbor=5 newNeighbor=1
time_ns=26793459163 [NWK 3] Sending source-faithful KeyRequest neighbor=5 noAck=1 retryDelayMs=5000
time_ns=26793459163 [HOP 3] link_control dest=5 neighborKnown=1 s0=-103 pathloss=150.383 failures=0 speed=8 txPower=33 rxPower=-103 cost=7450
time_ns=26793459163 [HOP 3] TX non-ACKed KeyRequest neighbor=5 hopSeq=1 keyId=1 keySeq=2 securityCount=1
time_ns=26793459163 [MAC] Enqueue TX pkt dscp=7 insert_pos=0 queue_size_before=0
time_ns=26813451086 [NWK 1] Sending deferred Discovery NeighborCheck neighbor=5 sequence=1 afterKeySend=1
time_ns=26813451086 [NWK 1] Sending targeted ARL NeighborCheck neighbor=5 subtype=Discovery discoverySequence=1
time_ns=26813451086 [HOP 1] link_control dest=5 neighborKnown=1 s0=-103 pathloss=140.876 failures=0 speed=8 txPower=33 rxPower=-103 cost=7450
time_ns=26813451086 [HOP 1] TX reliable NeighborCheck to 5 seq=8
time_ns=26813451086 [MAC] Enqueue TX pkt dscp=7 insert_pos=0 queue_size_before=0
time_ns=27079000000 [MAC 3] PickTxSlot(dest=1) active_nodes_for_slotting=3 opnet_slot_range=31
time_ns=27079000000 [MAC 3] avoiding neighbor 5 currentReservedSlot=3 rtslot_counter=3
time_ns=27079000000 [MAC 3] PickTxSlot(dest=1) avoid: 3
time_ns=27079000000 [MAC 3] PickTxSlot chose 2 using historical next_tslot modulo probe
time_ns=27079000000 [MAC 3] TX opportunity reached currentSlot=24 reserveNextSlot=2
time_ns=27079000000 ... type=1 speedKey=8[t=27.079] TX from node 3 to dest 1 seq 9 size 43 bytes segments 2 at slot 2 rate 8 kbps txPower 33 dBm (7843.14 bps) preamble SHORT duration 0.06732 s
time_ns=27079000000 [t=27.079] RX OCCLUDED at node 2 from node 3 seq 9
time_ns=27079000000 [t=27.079] RX OCCLUDED at node 4 from node 3 seq 9
time_ns=27079000000 [t=27.079] RX OCCLUDED at node 7 from node 3 seq 9
time_ns=27079000000 [t=27.079] RX OCCLUDED at node 8 from node 3 seq 9
time_ns=27079000000 [MAC 3] ACK transmitted in aggregate dest=1 seq=9 txCount=2/5
time_ns=27079000000 [MAC 3] OPNET aggregate transmitted segments=2 ackSegments=1 dataSegments=1 bytes=43 rate=8
time_ns=27079000000 [MAC 1] rtslot_counter expired for neighbor 3 reserveSlot=24
time_ns=27079008077 [t=27.079] RX SYNC at node 1 from node 3 seq 9 power -102.376 dBm noise -106.975 dBm snr 4.59934 dB state=1
time_ns=27079019163 [t=27.079] RX SYNC at node 5 from node 3 seq 9 power -117.383 dBm noise -106.975 dBm snr -10.408 dB state=1
time_ns=27085638077 [t=27.0856] MAC 1 enters Track on node 3 seq 9 power -102.376 dBm
time_ns=27085649163 [t=27.0856] MAC 5 enters Track on node 3 seq 9 power -117.383 dBm
time_ns=27092000000 [MAC 4] PickTxSlot(dest=5) active_nodes_for_slotting=2 opnet_slot_range=31
time_ns=27092000000 [MAC 4] avoiding neighbor 5 currentReservedSlot=2 rtslot_counter=2
time_ns=27092000000 [MAC 4] PickTxSlot(dest=5) avoid: 2
time_ns=27092000000 [MAC 4] PickTxSlot chose 16 using historical next_tslot modulo probe
time_ns=27092000000 [MAC 4] TX opportunity reached currentSlot=22 reserveNextSlot=16
time_ns=27092000000 ... type=8 speedKey=8[t=27.092] TX from node 4 to dest 5 seq 1 size 18 bytes segments 1 at slot 16 rate 8 kbps txPower 33 dBm (7843.14 bps) preamble SHORT duration 0.04182 s
time_ns=27092000000 [t=27.092] RX OCCLUDED at node 3 from node 4 seq 1
time_ns=27092000000 [t=27.092] RX OCCLUDED at node 7 from node 4 seq 1
time_ns=27092000000 [t=27.092] RX OCCLUDED at node 8 from node 4 seq 1
time_ns=27092000000 [MAC 4] OPNET aggregate transmitted segments=1 ackSegments=0 dataSegments=1 bytes=18 rate=8
time_ns=27092012444 [t=27.092] RX SYNC at node 5 from node 4 seq 1 power -109.884 dBm noise -106.975 dBm snr -2.90891 dB state=2
time_ns=27092013632 [t=27.092] RX SYNC at node 2 from node 4 seq 1 power -111.468 dBm noise -106.975 dBm snr -4.4927 dB state=0
time_ns=27092023527 [t=27.092] RX SYNC at node 1 from node 4 seq 1 power -120.948 dBm noise -106.975 dBm snr -13.9725 dB state=2 below-threshold
time_ns=27133820000 [MAC 4] post-TX WAIT_FOR_ACK until 45.6338 (POST_TX_WAIT=18.5 s)
time_ns=27133833632 [t=27.1338] RX MISS at node 2 from node 4 seq 1
time_ns=27146320000 [MAC 3] resumes Pre-Tx with live slot=2 counter=2
time_ns=27146328077 [t=27.1463] RX at node 1 from node 3 seq 9 rate 8 kbps txPower 33 dBm preamble SHORT pathloss 135.376 dB snr 4.59934 dB (slot 2, len 43B, ackable=0)
time_ns=27146328077 [MAC 1] Learned neighbor 3 uses slot 2 (rtCounter=2)
time_ns=27146328077 [HOP 1] RX ACK from 3 seq=9
time_ns=27146328077 [HOP 1] Overheard frame from 3 for 5 type=8 ignored after neighbor update
time_ns=27146328105 [NWK 1] CheckNwkQueue: size=0
time_ns=27146339163 [t=27.1463] RX at node 5 from node 3 seq 9 rate 8 kbps txPower 33 dBm preamble SHORT pathloss 150.383 dB snr -10.408 dB (slot 2, len 43B, ackable=0)
time_ns=27146339163 [MAC 5] Learned neighbor 3 uses slot 2 (rtCounter=2)
time_ns=27146339163 [HOP 5] Overheard frame from 3 for 1 type=1 ignored after neighbor update
time_ns=27146339163 [HOP 5] RX authenticated KeyRequest from=3 keyId=1 keySeq=2 securityCount=1
time_ns=27146339163 [NWK 5] KeyRequest accepted neighbor=3
time_ns=27146339163 [HOP 5] link_control dest=3 neighborKnown=1 s0=-103 pathloss=150.383 failures=0 speed=8 txPower=33 rxPower=-103 cost=7450
time_ns=27146339163 [HOP 5] TX reliable KeyUpdate neighbor=3 hopSeq=1 keyId=1 keySeq=2 groupKeyId=1 securityBytes=51
time_ns=27146339163 [MAC] Enqueue TX pkt dscp=7 insert_pos=0 queue_size_before=0
time_ns=27146339163 [NWK 5] KeyUpdate send active neighbor=3 reliable=1 securityBytes=51
time_ns=27170000000 [MAC 4] rtslot_counter expired for neighbor 5 reserveSlot=25
time_ns=27183000000 [MAC 3] PickTxSlot(dest=1) active_nodes_for_slotting=3 opnet_slot_range=31
time_ns=27183000000 [MAC 3] avoiding neighbor 5 currentReservedSlot=0 rtslot_counter=0
time_ns=27183000000 [MAC 3] PickTxSlot(dest=1) avoid:
time_ns=27183000000 [MAC 3] PickTxSlot chose 7 using historical next_tslot modulo probe
time_ns=27183000000 [MAC 3] TX opportunity reached currentSlot=2 reserveNextSlot=7
time_ns=27183000000 ... type=1 speedKey=8[t=27.183] TX from node 3 to dest 1 seq 9 size 25 bytes segments 1 at slot 7 rate 8 kbps txPower 33 dBm (7843.14 bps) preamble SHORT duration 0.04896 s
time_ns=27183000000 [t=27.183] RX OCCLUDED at node 2 from node 3 seq 9
time_ns=27183000000 [t=27.183] RX OCCLUDED at node 4 from node 3 seq 9
time_ns=27183000000 [t=27.183] RX OCCLUDED at node 7 from node 3 seq 9
time_ns=27183000000 [t=27.183] RX OCCLUDED at node 8 from node 3 seq 9
time_ns=27183000000 [MAC 3] ACK transmitted in aggregate dest=1 seq=9 txCount=3/5
time_ns=27183000000 [MAC 3] OPNET aggregate transmitted segments=1 ackSegments=1 dataSegments=0 bytes=25 rate=8
time_ns=27183000000 [MAC 5] rtslot_counter expired for neighbor 3 reserveSlot=2
time_ns=27183000000 [MAC 1] rtslot_counter expired for neighbor 3 reserveSlot=2
time_ns=27183008077 [t=27.183] RX SYNC at node 1 from node 3 seq 9 power -102.376 dBm noise -106.975 dBm snr 4.59934 dB state=1
time_ns=27183019163 [t=27.183] RX SYNC at node 5 from node 3 seq 9 power -117.383 dBm noise -106.975 dBm snr -10.408 dB state=1
time_ns=27189638077 [t=27.1896] MAC 1 enters Track on node 3 seq 9 power -102.376 dBm
time_ns=27189649163 [t=27.1896] MAC 5 enters Track on node 3 seq 9 power -117.383 dBm
time_ns=27231960000 [MAC 3] resumes Pre-Tx with live slot=7 counter=7
time_ns=27231968077 [t=27.232] RX at node 1 from node 3 seq 9 rate 8 kbps txPower 33 dBm preamble SHORT pathloss 135.376 dB snr 4.59934 dB (slot 7, len 25B, ackable=0)
time_ns=27231968077 [MAC 1] Learned neighbor 3 uses slot 7 (rtCounter=7)
time_ns=27231968077 [HOP 1] RX ACK from 3 seq=9
time_ns=27231968105 [NWK 1] CheckNwkQueue: size=0
time_ns=27231979163 [t=27.232] RX OVERHEARD at node 5 from node 3 seq 9 rate 8 kbps txPower 33 dBm preamble SHORT pathloss 150.383 dB snr -10.408 dB (slot 7, len 25B, ackable=0)
time_ns=27231979163 [MAC 5] Learned neighbor 3 uses slot 7 (rtCounter=7)
time_ns=27231979163 [HOP 5] Overheard frame from 3 for 1 type=1 ignored after neighbor update
time_ns=27235000000 [MAC 3] rtslot_counter expired for neighbor 5 reserveSlot=25
time_ns=27235000000 [MAC 5] PickTxSlot(dest=1) active_nodes_for_slotting=2 opnet_slot_range=31
time_ns=27235000000 [MAC 5] avoiding neighbor 3 currentReservedSlot=6 rtslot_counter=6
time_ns=27235000000 [MAC 5] PickTxSlot(dest=1) avoid: 6
time_ns=27235000000 [MAC 5] PickTxSlot chose 8 using historical next_tslot modulo probe
time_ns=27235000000 [MAC 5] TX opportunity reached currentSlot=25 reserveNextSlot=8
time_ns=27235000000 ... type=1 speedKey=8[t=27.235] TX from node 5 to dest 1 seq 7 size 87 bytes segments 2 at slot 8 rate 8 kbps txPower 33 dBm (7843.14 bps) preamble SHORT duration 0.1122 s
time_ns=27235000000 [t=27.235] RX OCCLUDED at node 2 from node 5 seq 7
time_ns=27235000000 [t=27.235] RX OCCLUDED at node 7 from node 5 seq 7
time_ns=27235000000 [t=27.235] RX OCCLUDED at node 8 from node 5 seq 7
time_ns=27235000000 [HOP 5] MAC sent confirmation dest=3 seq=1 transmission=1 sentAt=27.235
time_ns=27235000000 [MAC 5] ACK transmitted in aggregate dest=1 seq=7 txCount=2/5
time_ns=27235000000 [MAC 5] OPNET aggregate transmitted segments=2 ackSegments=1 dataSegments=1 bytes=87 rate=8
time_ns=27235000000 [MAC 1] rtslot_counter expired for neighbor 5 reserveSlot=25
time_ns=27235000000 [MAC 1] PickTxSlot(dest=3) active_nodes_for_slotting=3 opnet_slot_range=31
time_ns=27235000000 [MAC 1] avoiding neighbor 3 currentReservedSlot=6 rtslot_counter=6
time_ns=27235000000 [MAC 1] PickTxSlot(dest=3) avoid: 6
time_ns=27235000000 [MAC 1] PickTxSlot chose 7 using historical next_tslot modulo probe
time_ns=27235000000 [MAC 1] TX opportunity reached currentSlot=28 reserveNextSlot=7
time_ns=27235000000 ... type=1 speedKey=8[t=27.235] TX from node 1 to dest 3 seq 8 size 66 bytes segments 3 at slot 7 rate 8 kbps txPower 33 dBm (7843.14 bps) preamble SHORT duration 0.09078 s
time_ns=27235000000 [t=27.235] RX OCCLUDED at node 2 from node 1 seq 8
time_ns=27235000000 [t=27.235] RX OCCLUDED at node 7 from node 1 seq 8
time_ns=27235000000 [t=27.235] RX OCCLUDED at node 8 from node 1 seq 8
time_ns=27235000000 [HOP 1] MAC sent confirmation dest=5 seq=8 transmission=1 sentAt=27.235
time_ns=27235000000 [MAC 1] ACK transmitted in aggregate dest=3 seq=8 txCount=1/5
time_ns=27235000000 [MAC 1] ACK transmitted in aggregate dest=5 seq=8 txCount=1/5
time_ns=27235000000 [MAC 1] OPNET aggregate transmitted segments=3 ackSegments=2 dataSegments=1 bytes=66 rate=8
time_ns=27235008077 [t=27.235] RX SYNC at node 3 from node 1 seq 8 power -102.376 dBm noise -106.975 dBm snr 4.59934 dB state=1
time_ns=27235011086 [t=27.235] RX SYNC at node 1 from node 5 seq 7 power -107.876 dBm noise -106.975 dBm snr -0.900945 dB state=3
time_ns=27235011086 [t=27.235] RX SYNC at node 5 from node 1 seq 8 power -107.876 dBm noise -106.975 dBm snr -0.900945 dB state=3
time_ns=27235012444 [t=27.235] RX SYNC at node 4 from node 5 seq 7 power -109.884 dBm noise -106.975 dBm snr -2.90891 dB state=1
time_ns=27235019163 [t=27.235] RX SYNC at node 3 from node 5 seq 7 power -117.383 dBm noise -106.975 dBm snr -10.408 dB state=1
time_ns=27235023527 [t=27.235] RX SYNC at node 4 from node 1 seq 8 power -120.948 dBm noise -106.975 dBm snr -13.9725 dB state=1 below-threshold
time_ns=27241638077 [t=27.2416] MAC 3 enters Track on node 1 seq 8 power -102.376 dBm
time_ns=27241642444 [t=27.2416] MAC 4 enters Track on node 5 seq 7 power -109.884 dBm
time_ns=27325780000 [MAC 1] resumes Pre-Tx with live slot=7 counter=7
time_ns=27325788077 [t=27.3258] RX at node 3 from node 1 seq 8 rate 8 kbps txPower 33 dBm preamble SHORT pathloss 135.376 dB snr 4.59934 dB (slot 7, len 66B, ackable=1)
time_ns=27325788077 [MAC 3] Learned neighbor 1 uses slot 7 (rtCounter=7)
time_ns=27325788077 [HOP 3] RX ACK from 1 seq=8
time_ns=27325788077 [HOP 3] Reliable RoutingControl completed with 1 seq=8 routingSequence=3 section=0/1
time_ns=27325788077 [NWK 3] Reliable RoutingControl ACKed neighbor=1 routingSequence=3 operation=Update section=0/1 lastOfInfo=1
time_ns=27325788077 [NWK 3] ARL RoutingSnapshot section ACKed neighbor=1 routingSequence=3 section=0/1 ackedSections=1
time_ns=27325788077 [NWK 3] Reliable ARL RoutingSnapshot completed neighbor=1 routingSequence=3 sections=1
time_ns=27325788077 [HOP 3] Overheard frame from 1 for 5 type=1 ignored after neighbor update
time_ns=27325788077 [HOP 3] Overheard frame from 1 for 5 type=5 ignored after neighbor update
time_ns=27325788105 [NWK 3] CheckNwkQueue: size=0
time_ns=27325791086 [t=27.3258] RX MISS at node 5 from node 1 seq 8
time_ns=27347200000 [MAC 5] resumes Pre-Tx with live slot=8 counter=8
time_ns=27347211086 [t=27.3472] RX MISS at node 1 from node 5 seq 7
time_ns=27347212444 [t=27.3472] RX OVERHEARD at node 4 from node 5 seq 7 rate 8 kbps txPower 33 dBm preamble SHORT pathloss 142.884 dB snr -2.90891 dB (slot 8, len 87B, ackable=1)
time_ns=27347212444 [MAC 4] Learned neighbor 5 uses slot 8 (rtCounter=8)
time_ns=27347212444 [HOP 4] Overheard frame from 5 for 1 type=1 ignored after neighbor update
time_ns=27347212444 [HOP 4] Overheard frame from 5 for 3 type=9 ignored after neighbor update
time_ns=27404000000 [MAC 3] PickTxSlot(dest=1) active_nodes_for_slotting=3 opnet_slot_range=31
time_ns=27404000000 [MAC 3] avoiding neighbor 1 currentReservedSlot=0 rtslot_counter=0
time_ns=27404000000 [MAC 3] PickTxSlot(dest=1) avoid:
time_ns=27404000000 [MAC 3] PickTxSlot chose 30 using historical next_tslot modulo probe
time_ns=27404000000 [MAC 3] TX opportunity reached currentSlot=7 reserveNextSlot=30
time_ns=27404000000 ... type=1 speedKey=8[t=27.404] TX from node 3 to dest 1 seq 9 size 25 bytes segments 1 at slot 30 rate 8 kbps txPower 33 dBm (7843.14 bps) preamble SHORT duration 0.04896 s
time_ns=27404000000 [t=27.404] RX OCCLUDED at node 2 from node 3 seq 9
time_ns=27404000000 [t=27.404] RX OCCLUDED at node 4 from node 3 seq 9
time_ns=27404000000 [t=27.404] RX OCCLUDED at node 7 from node 3 seq 9
time_ns=27404000000 [t=27.404] RX OCCLUDED at node 8 from node 3 seq 9
time_ns=27404000000 [MAC 3] ACK transmitted in aggregate dest=1 seq=9 txCount=4/5
time_ns=27404000000 [MAC 3] OPNET aggregate transmitted segments=1 ackSegments=1 dataSegments=0 bytes=25 rate=8
time_ns=27404000000 [MAC 1] rtslot_counter expired for neighbor 3 reserveSlot=7
time_ns=27404008077 [t=27.404] RX SYNC at node 1 from node 3 seq 9 power -102.376 dBm noise -106.975 dBm snr 4.59934 dB state=1
time_ns=27404019163 [t=27.404] RX SYNC at node 5 from node 3 seq 9 power -117.383 dBm noise -106.975 dBm snr -10.408 dB state=1
time_ns=27410638077 [t=27.4106] MAC 1 enters Track on node 3 seq 9 power -102.376 dBm
time_ns=27410649163 [t=27.4106] MAC 5 enters Track on node 3 seq 9 power -117.383 dBm
time_ns=27452960000 [MAC 3] resumes Pre-Tx with live slot=30 counter=30
time_ns=27452968077 [t=27.453] RX at node 1 from node 3 seq 9 rate 8 kbps txPower 33 dBm preamble SHORT pathloss 135.376 dB snr 4.59934 dB (slot 30, len 25B, ackable=0)
time_ns=27452968077 [MAC 1] Learned neighbor 3 uses slot 30 (rtCounter=30)
time_ns=27452968077 [HOP 1] RX ACK from 3 seq=9
time_ns=27452968105 [NWK 1] CheckNwkQueue: size=0
time_ns=27452979163 [t=27.453] RX OVERHEARD at node 5 from node 3 seq 9 rate 8 kbps txPower 33 dBm preamble SHORT pathloss 150.383 dB snr -10.408 dB (slot 30, len 25B, ackable=0)
time_ns=27452979163 [MAC 5] Learned neighbor 3 uses slot 30 (rtCounter=30)
time_ns=27452979163 [HOP 5] Overheard frame from 3 for 1 type=1 ignored after neighbor update
time_ns=27456000000 [MAC 4] rtslot_counter expired for neighbor 5 reserveSlot=8
time_ns=27456000000 [MAC 4] local advertised reservation expired
time_ns=27456000000 [MAC 3] rtslot_counter expired for neighbor 1 reserveSlot=7
time_ns=27456000000 [MAC 1] PickTxSlot(dest=3) active_nodes_for_slotting=3 opnet_slot_range=31
time_ns=27456000000 [MAC 1] avoiding neighbor 3 currentReservedSlot=29 rtslot_counter=29
time_ns=27456000000 [MAC 1] PickTxSlot(dest=3) avoid: 29
time_ns=27456000000 [MAC 1] PickTxSlot chose 25 using historical next_tslot modulo probe
time_ns=27456000000 [MAC 1] TX opportunity reached currentSlot=7 reserveNextSlot=25
time_ns=27456000000 ... type=1 speedKey=8[t=27.456] TX from node 1 to dest 3 seq 8 size 50 bytes segments 2 at slot 25 rate 8 kbps txPower 33 dBm (7843.14 bps) preamble SHORT duration 0.07446 s
time_ns=27456000000 [t=27.456] RX OCCLUDED at node 2 from node 1 seq 8
time_ns=27456000000 [t=27.456] RX OCCLUDED at node 7 from node 1 seq 8
time_ns=27456000000 [t=27.456] RX OCCLUDED at node 8 from node 1 seq 8
time_ns=27456000000 [MAC 1] ACK transmitted in aggregate dest=3 seq=8 txCount=2/5
time_ns=27456000000 [MAC 1] ACK transmitted in aggregate dest=5 seq=8 txCount=2/5
time_ns=27456000000 [MAC 1] OPNET aggregate transmitted segments=2 ackSegments=2 dataSegments=0 bytes=50 rate=8
time_ns=27456008077 [t=27.456] RX SYNC at node 3 from node 1 seq 8 power -102.376 dBm noise -106.975 dBm snr 4.59934 dB state=1
time_ns=27456011086 [t=27.456] RX SYNC at node 5 from node 1 seq 8 power -107.876 dBm noise -106.975 dBm snr -0.900945 dB state=1
time_ns=27456023527 [t=27.456] RX SYNC at node 4 from node 1 seq 8 power -120.948 dBm noise -106.975 dBm snr -13.9725 dB state=1 below-threshold
time_ns=27462638077 [t=27.4626] MAC 3 enters Track on node 1 seq 8 power -102.376 dBm
time_ns=27462641086 [t=27.4626] MAC 5 enters Track on node 1 seq 8 power -107.876 dBm
time_ns=27530460000 [MAC 1] resumes Pre-Tx with live slot=25 counter=25
time_ns=27530468077 [t=27.5305] RX at node 3 from node 1 seq 8 rate 8 kbps txPower 33 dBm preamble SHORT pathloss 135.376 dB snr 4.59934 dB (slot 25, len 50B, ackable=0)
time_ns=27530468077 [MAC 3] Learned neighbor 1 uses slot 25 (rtCounter=25)
time_ns=27530468077 [HOP 3] RX ACK from 1 seq=8
time_ns=27530468077 [HOP 3] Overheard frame from 1 for 5 type=1 ignored after neighbor update
time_ns=27530468105 [NWK 3] CheckNwkQueue: size=0
time_ns=27530471086 [t=27.5305] RX at node 5 from node 1 seq 8 rate 8 kbps txPower 33 dBm preamble SHORT pathloss 140.876 dB snr -0.900945 dB (slot 25, len 50B, ackable=0)
time_ns=27530471086 [MAC 5] Learned neighbor 1 uses slot 25 (rtCounter=25)
time_ns=27530471086 [HOP 5] Overheard frame from 1 for 3 type=1 ignored after neighbor update
time_ns=27530471086 [HOP 5] RX ACK from 1 seq=8
time_ns=27530471086 [HOP 5] Reliable RoutingControl completed with 1 seq=8 routingSequence=2 section=0/1
time_ns=27530471086 [NWK 5] Reliable RoutingControl ACKed neighbor=1 routingSequence=2 operation=Update section=0/1 lastOfInfo=1
time_ns=27530471086 [NWK 5] ARL RoutingSnapshot section ACKed neighbor=1 routingSequence=2 section=0/1 ackedSections=1
time_ns=27530471086 [NWK 5] Reliable ARL RoutingSnapshot completed neighbor=1 routingSequence=2 sections=1
time_ns=27530471114 [NWK 5] CheckNwkQueue: size=0
time_ns=27560000000 [MAC 5] PickTxSlot(dest=1) active_nodes_for_slotting=2 opnet_slot_range=31
time_ns=27560000000 [MAC 5] avoiding neighbor 1 currentReservedSlot=22 rtslot_counter=22
time_ns=27560000000 [MAC 5] avoiding neighbor 3 currentReservedSlot=26 rtslot_counter=26
time_ns=27560000000 [MAC 5] PickTxSlot(dest=1) avoid: 22 26
time_ns=27560000000 [MAC 5] PickTxSlot chose 31 using historical next_tslot modulo probe
time_ns=27560000000 [MAC 5] TX opportunity reached currentSlot=8 reserveNextSlot=31
time_ns=27560000000 ... type=1 speedKey=8[t=27.56] TX from node 5 to dest 1 seq 7 size 25 bytes segments 1 at slot 31 rate 8 kbps txPower 33 dBm (7843.14 bps) preamble SHORT duration 0.04896 s
time_ns=27560000000 [t=27.56] RX OCCLUDED at node 2 from node 5 seq 7
time_ns=27560000000 [t=27.56] RX OCCLUDED at node 7 from node 5 seq 7
time_ns=27560000000 [t=27.56] RX OCCLUDED at node 8 from node 5 seq 7
time_ns=27560000000 [MAC 5] ACK transmitted in aggregate dest=1 seq=7 txCount=3/5
time_ns=27560000000 [MAC 5] OPNET aggregate transmitted segments=1 ackSegments=1 dataSegments=0 bytes=25 rate=8
time_ns=27560011086 [t=27.56] RX SYNC at node 1 from node 5 seq 7 power -107.876 dBm noise -106.975 dBm snr -0.900945 dB state=1
time_ns=27560012444 [t=27.56] RX SYNC at node 4 from node 5 seq 7 power -109.884 dBm noise -106.975 dBm snr -2.90891 dB state=1
time_ns=27560019163 [t=27.56] RX SYNC at node 3 from node 5 seq 7 power -117.383 dBm noise -106.975 dBm snr -10.408 dB state=1
time_ns=27566641086 [t=27.5666] MAC 1 enters Track on node 5 seq 7 power -107.876 dBm
time_ns=27566642444 [t=27.5666] MAC 4 enters Track on node 5 seq 7 power -109.884 dBm
time_ns=27566649163 [t=27.5666] MAC 3 enters Track on node 5 seq 7 power -117.383 dBm
time_ns=27608960000 [MAC 5] resumes Pre-Tx with live slot=31 counter=31
time_ns=27608971086 [t=27.609] RX at node 1 from node 5 seq 7 rate 8 kbps txPower 33 dBm preamble SHORT pathloss 140.876 dB snr -0.900945 dB (slot 31, len 25B, ackable=0)
time_ns=27608971086 [MAC 1] Learned neighbor 5 uses slot 31 (rtCounter=31)
time_ns=27608971086 [HOP 1] RX ACK from 5 seq=7
time_ns=27608971114 [NWK 1] CheckNwkQueue: size=0
time_ns=27608972444 [t=27.609] RX OVERHEARD at node 4 from node 5 seq 7 rate 8 kbps txPower 33 dBm preamble SHORT pathloss 142.884 dB snr -2.90891 dB (slot 31, len 25B, ackable=0)
time_ns=27608972444 [MAC 4] Learned neighbor 5 uses slot 31 (rtCounter=31)
time_ns=27608972444 [HOP 4] Overheard frame from 5 for 1 type=1 ignored after neighbor update
time_ns=27608979163 [t=27.609] RX OVERHEARD at node 3 from node 5 seq 7 rate 8 kbps txPower 33 dBm preamble SHORT pathloss 150.383 dB snr -10.408 dB (slot 31, len 25B, ackable=0)
time_ns=27608979163 [MAC 3] Learned neighbor 5 uses slot 31 (rtCounter=31)
time_ns=27608979163 [HOP 3] Overheard frame from 5 for 1 type=1 ignored after neighbor update
time_ns=27898000000 [MAC 3] rtslot_counter expired for neighbor 1 reserveSlot=25
time_ns=27898000000 [MAC 5] rtslot_counter expired for neighbor 1 reserveSlot=25
time_ns=27898000000 [MAC 1] PickTxSlot(dest=3) active_nodes_for_slotting=3 opnet_slot_range=31
time_ns=27898000000 [MAC 1] avoiding neighbor 3 currentReservedSlot=3 rtslot_counter=3
time_ns=27898000000 [MAC 1] avoiding neighbor 5 currentReservedSlot=8 rtslot_counter=8
time_ns=27898000000 [MAC 1] PickTxSlot(dest=3) avoid: 3 8
time_ns=27898000000 [MAC 1] PickTxSlot chose 1 using historical next_tslot modulo probe
time_ns=27898000000 [MAC 1] TX opportunity reached currentSlot=25 reserveNextSlot=1
time_ns=27898000000 ... type=1 speedKey=8[t=27.898] TX from node 1 to dest 3 seq 8 size 50 bytes segments 2 at slot 1 rate 8 kbps txPower 33 dBm (7843.14 bps) preamble SHORT duration 0.07446 s
time_ns=27898000000 [t=27.898] RX OCCLUDED at node 2 from node 1 seq 8
time_ns=27898000000 [t=27.898] RX OCCLUDED at node 7 from node 1 seq 8
time_ns=27898000000 [t=27.898] RX OCCLUDED at node 8 from node 1 seq 8
time_ns=27898000000 [MAC 1] ACK transmitted in aggregate dest=3 seq=8 txCount=3/5
time_ns=27898000000 [MAC 1] ACK transmitted in aggregate dest=5 seq=8 txCount=3/5
time_ns=27898000000 [MAC 1] OPNET aggregate transmitted segments=2 ackSegments=2 dataSegments=0 bytes=50 rate=8
time_ns=27898008077 [t=27.898] RX SYNC at node 3 from node 1 seq 8 power -102.376 dBm noise -106.975 dBm snr 4.59934 dB state=1
time_ns=27898011086 [t=27.898] RX SYNC at node 5 from node 1 seq 8 power -107.876 dBm noise -106.975 dBm snr -0.900945 dB state=1
time_ns=27898023527 [t=27.898] RX SYNC at node 4 from node 1 seq 8 power -120.948 dBm noise -106.975 dBm snr -13.9725 dB state=1 below-threshold
time_ns=27904638077 [t=27.9046] MAC 3 enters Track on node 1 seq 8 power -102.376 dBm
time_ns=27904641086 [t=27.9046] MAC 5 enters Track on node 1 seq 8 power -107.876 dBm
time_ns=27972460000 [MAC 1] resumes Pre-Tx with live slot=1 counter=1
time_ns=27972468077 [t=27.9725] RX at node 3 from node 1 seq 8 rate 8 kbps txPower 33 dBm preamble SHORT pathloss 135.376 dB snr 4.59934 dB (slot 1, len 50B, ackable=0)
time_ns=27972468077 [MAC 3] Learned neighbor 1 uses slot 1 (rtCounter=1)
time_ns=27972468077 [HOP 3] RX ACK from 1 seq=8
time_ns=27972468077 [HOP 3] Overheard frame from 1 for 5 type=1 ignored after neighbor update
time_ns=27972468105 [NWK 3] CheckNwkQueue: size=0
time_ns=27972471086 [t=27.9725] RX at node 5 from node 1 seq 8 rate 8 kbps txPower 33 dBm preamble SHORT pathloss 140.876 dB snr -0.900945 dB (slot 1, len 50B, ackable=0)
time_ns=27972471086 [MAC 5] Learned neighbor 1 uses slot 1 (rtCounter=1)
time_ns=27972471086 [HOP 5] Overheard frame from 1 for 3 type=1 ignored after neighbor update
time_ns=27972471086 [HOP 5] RX ACK from 1 seq=8
time_ns=27972471114 [NWK 5] CheckNwkQueue: size=0
time_ns=27989000000 [MAC 3] rtslot_counter expired for neighbor 1 reserveSlot=1
time_ns=27989000000 [MAC 5] rtslot_counter expired for neighbor 1 reserveSlot=1
time_ns=27989000000 [MAC 1] PickTxSlot(dest=3) active_nodes_for_slotting=3 opnet_slot_range=31
time_ns=27989000000 [MAC 1] avoiding neighbor 3 currentReservedSlot=1 rtslot_counter=1
time_ns=27989000000 [MAC 1] avoiding neighbor 5 currentReservedSlot=6 rtslot_counter=6
time_ns=27989000000 [MAC 1] PickTxSlot(dest=3) avoid: 1 6
time_ns=27989000000 [MAC 1] PickTxSlot chose 27 using historical next_tslot modulo probe
time_ns=27989000000 [MAC 1] TX opportunity reached currentSlot=1 reserveNextSlot=27
time_ns=27989000000 ... type=1 speedKey=8[t=27.989] TX from node 1 to dest 3 seq 8 size 50 bytes segments 2 at slot 27 rate 8 kbps txPower 33 dBm (7843.14 bps) preamble SHORT duration 0.07446 s
time_ns=27989000000 [t=27.989] RX OCCLUDED at node 2 from node 1 seq 8
time_ns=27989000000 [t=27.989] RX OCCLUDED at node 7 from node 1 seq 8
time_ns=27989000000 [t=27.989] RX OCCLUDED at node 8 from node 1 seq 8
time_ns=27989000000 [MAC 1] ACK transmitted in aggregate dest=3 seq=8 txCount=4/5
time_ns=27989000000 [MAC 1] ACK transmitted in aggregate dest=5 seq=8 txCount=4/5
time_ns=27989000000 [MAC 1] OPNET aggregate transmitted segments=2 ackSegments=2 dataSegments=0 bytes=50 rate=8
time_ns=27989008077 [t=27.989] RX SYNC at node 3 from node 1 seq 8 power -102.376 dBm noise -106.975 dBm snr 4.59934 dB state=1
time_ns=27989011086 [t=27.989] RX SYNC at node 5 from node 1 seq 8 power -107.876 dBm noise -106.975 dBm snr -0.900945 dB state=1
time_ns=27989023527 [t=27.989] RX SYNC at node 4 from node 1 seq 8 power -120.948 dBm noise -106.975 dBm snr -13.9725 dB state=1 below-threshold
time_ns=27995638077 [t=27.9956] MAC 3 enters Track on node 1 seq 8 power -102.376 dBm
time_ns=27995641086 [t=27.9956] MAC 5 enters Track on node 1 seq 8 power -107.876 dBm
time_ns=28015000000 [MAC 4] rtslot_counter expired for neighbor 5 reserveSlot=31
time_ns=28063460000 [MAC 1] resumes Pre-Tx with live slot=27 counter=27
time_ns=28063468077 [t=28.0635] RX at node 3 from node 1 seq 8 rate 8 kbps txPower 33 dBm preamble SHORT pathloss 135.376 dB snr 4.59934 dB (slot 27, len 50B, ackable=0)
time_ns=28063468077 [MAC 3] Learned neighbor 1 uses slot 27 (rtCounter=27)
time_ns=28063468077 [HOP 3] RX ACK from 1 seq=8
time_ns=28063468077 [HOP 3] Overheard frame from 1 for 5 type=1 ignored after neighbor update
time_ns=28063468105 [NWK 3] CheckNwkQueue: size=0
time_ns=28063471086 [t=28.0635] RX at node 5 from node 1 seq 8 rate 8 kbps txPower 33 dBm preamble SHORT pathloss 140.876 dB snr -0.900945 dB (slot 27, len 50B, ackable=0)
time_ns=28063471086 [MAC 5] Learned neighbor 1 uses slot 27 (rtCounter=27)
time_ns=28063471086 [HOP 5] Overheard frame from 1 for 3 type=1 ignored after neighbor update
time_ns=28063471086 [HOP 5] RX ACK from 1 seq=8
time_ns=28063471114 [NWK 5] CheckNwkQueue: size=0
time_ns=28080000000 [MAC 3] PickTxSlot(dest=1) active_nodes_for_slotting=3 opnet_slot_range=31
time_ns=28080000000 [MAC 3] avoiding neighbor 1 currentReservedSlot=25 rtslot_counter=25
time_ns=28080000000 [MAC 3] avoiding neighbor 5 currentReservedSlot=4 rtslot_counter=4
time_ns=28080000000 [MAC 3] PickTxSlot(dest=1) avoid: 4 25
time_ns=28080000000 [MAC 3] PickTxSlot chose 30 using historical next_tslot modulo probe
time_ns=28080000000 [MAC 3] TX opportunity reached currentSlot=30 reserveNextSlot=30
time_ns=28080000000 ... type=1 speedKey=8[t=28.08] TX from node 3 to dest 1 seq 9 size 25 bytes segments 1 at slot 30 rate 8 kbps txPower 33 dBm (7843.14 bps) preamble SHORT duration 0.04896 s
time_ns=28080000000 [t=28.08] RX OCCLUDED at node 2 from node 3 seq 9
time_ns=28080000000 [t=28.08] RX OCCLUDED at node 4 from node 3 seq 9
time_ns=28080000000 [t=28.08] RX OCCLUDED at node 7 from node 3 seq 9
time_ns=28080000000 [t=28.08] RX OCCLUDED at node 8 from node 3 seq 9
time_ns=28080000000 [MAC 3] ACK transmitted in aggregate dest=1 seq=9 txCount=5/5
time_ns=28080000000 [MAC 3] Remove ACK after OPNET resend limit dest=1 seq=9
time_ns=28080000000 [MAC 3] OPNET aggregate transmitted segments=1 ackSegments=1 dataSegments=0 bytes=25 rate=8
time_ns=28080000000 [MAC 5] rtslot_counter expired for neighbor 3 reserveSlot=30
time_ns=28080000000 [MAC 1] rtslot_counter expired for neighbor 3 reserveSlot=30
time_ns=28080008077 [t=28.08] RX SYNC at node 1 from node 3 seq 9 power -102.376 dBm noise -106.975 dBm snr 4.59934 dB state=1
time_ns=28080019163 [t=28.08] RX SYNC at node 5 from node 3 seq 9 power -117.383 dBm noise -106.975 dBm snr -10.408 dB state=1
time_ns=28086638077 [t=28.0866] MAC 1 enters Track on node 3 seq 9 power -102.376 dBm
time_ns=28086649163 [t=28.0866] MAC 5 enters Track on node 3 seq 9 power -117.383 dBm
time_ns=28128960000 [MAC 3] post-TX WAIT_FOR_ACK until 48.129 (POST_TX_WAIT=20 s)
time_ns=28128968077 [t=28.129] RX at node 1 from node 3 seq 9 rate 8 kbps txPower 33 dBm preamble SHORT pathloss 135.376 dB snr 4.59934 dB (slot 30, len 25B, ackable=0)
time_ns=28128968077 [MAC 1] Learned neighbor 3 uses slot 30 (rtCounter=30)
time_ns=28128968077 [HOP 1] RX ACK from 3 seq=9
time_ns=28128968105 [NWK 1] CheckNwkQueue: size=0
time_ns=28128979163 [t=28.129] RX OVERHEARD at node 5 from node 3 seq 9 rate 8 kbps txPower 33 dBm preamble SHORT pathloss 150.383 dB snr -10.408 dB (slot 30, len 25B, ackable=0)
time_ns=28128979163 [MAC 5] Learned neighbor 3 uses slot 30 (rtCounter=30)
time_ns=28128979163 [HOP 5] Overheard frame from 3 for 1 type=1 ignored after neighbor update
time_ns=28184000000 [MAC 3] rtslot_counter expired for neighbor 5 reserveSlot=31
time_ns=28184000000 [MAC 5] PickTxSlot(dest=1) active_nodes_for_slotting=2 opnet_slot_range=31
time_ns=28184000000 [MAC 5] avoiding neighbor 1 currentReservedSlot=20 rtslot_counter=20
time_ns=28184000000 [MAC 5] avoiding neighbor 3 currentReservedSlot=25 rtslot_counter=25
time_ns=28184000000 [MAC 5] PickTxSlot(dest=1) avoid: 20 25
time_ns=28184000000 [MAC 5] PickTxSlot chose 12 using historical next_tslot modulo probe
time_ns=28184000000 [MAC 5] TX opportunity reached currentSlot=31 reserveNextSlot=12
time_ns=28184000000 ... type=1 speedKey=8[t=28.184] TX from node 5 to dest 1 seq 7 size 25 bytes segments 1 at slot 12 rate 8 kbps txPower 33 dBm (7843.14 bps) preamble SHORT duration 0.04896 s
time_ns=28184000000 [t=28.184] RX OCCLUDED at node 2 from node 5 seq 7
time_ns=28184000000 [t=28.184] RX OCCLUDED at node 7 from node 5 seq 7
time_ns=28184000000 [t=28.184] RX OCCLUDED at node 8 from node 5 seq 7
time_ns=28184000000 [MAC 5] ACK transmitted in aggregate dest=1 seq=7 txCount=4/5
time_ns=28184000000 [MAC 5] OPNET aggregate transmitted segments=1 ackSegments=1 dataSegments=0 bytes=25 rate=8
time_ns=28184000000 [MAC 1] rtslot_counter expired for neighbor 5 reserveSlot=31
time_ns=28184011086 [t=28.184] RX SYNC at node 1 from node 5 seq 7 power -107.876 dBm noise -106.975 dBm snr -0.900945 dB state=1
time_ns=28184012444 [t=28.184] RX SYNC at node 4 from node 5 seq 7 power -109.884 dBm noise -106.975 dBm snr -2.90891 dB state=1
time_ns=28184019163 [t=28.184] RX SYNC at node 3 from node 5 seq 7 power -117.383 dBm noise -106.975 dBm snr -10.408 dB state=1
time_ns=28190641086 [t=28.1906] MAC 1 enters Track on node 5 seq 7 power -107.876 dBm
time_ns=28190642444 [t=28.1906] MAC 4 enters Track on node 5 seq 7 power -109.884 dBm
time_ns=28190649163 [t=28.1906] MAC 3 enters Track on node 5 seq 7 power -117.383 dBm
time_ns=28232960000 [MAC 5] resumes Pre-Tx with live slot=12 counter=12
time_ns=28232971086 [t=28.233] RX at node 1 from node 5 seq 7 rate 8 kbps txPower 33 dBm preamble SHORT pathloss 140.876 dB snr -0.900945 dB (slot 12, len 25B, ackable=0)
time_ns=28232971086 [MAC 1] Learned neighbor 5 uses slot 12 (rtCounter=12)
time_ns=28232971086 [HOP 1] RX ACK from 5 seq=7
time_ns=28232971114 [NWK 1] CheckNwkQueue: size=0
time_ns=28232972444 [t=28.233] RX OVERHEARD at node 4 from node 5 seq 7 rate 8 kbps txPower 33 dBm preamble SHORT pathloss 142.884 dB snr -2.90891 dB (slot 12, len 25B, ackable=0)
time_ns=28232972444 [MAC 4] Learned neighbor 5 uses slot 12 (rtCounter=12)
time_ns=28232972444 [HOP 4] Overheard frame from 5 for 1 type=1 ignored after neighbor update
time_ns=28232979163 [t=28.233] RX OVERHEARD at node 3 from node 5 seq 7 rate 8 kbps txPower 33 dBm preamble SHORT pathloss 150.383 dB snr -10.408 dB (slot 12, len 25B, ackable=0)
time_ns=28232979163 [MAC 3] Learned neighbor 5 uses slot 12 (rtCounter=12)
time_ns=28232979163 [HOP 3] Overheard frame from 5 for 1 type=1 ignored after neighbor update
time_ns=28392000000 [MAC 4] rtslot_counter expired for neighbor 5 reserveSlot=12
time_ns=28392000000 [MAC 3] rtslot_counter expired for neighbor 5 reserveSlot=12
time_ns=28392000000 [MAC 5] PickTxSlot(dest=1) active_nodes_for_slotting=2 opnet_slot_range=31
time_ns=28392000000 [MAC 5] avoiding neighbor 1 currentReservedSlot=7 rtslot_counter=7
time_ns=28392000000 [MAC 5] avoiding neighbor 3 currentReservedSlot=12 rtslot_counter=12
time_ns=28392000000 [MAC 5] PickTxSlot(dest=1) avoid: 7 12
time_ns=28392000000 [MAC 5] PickTxSlot chose 17 using historical next_tslot modulo probe
time_ns=28392000000 [MAC 5] TX opportunity reached currentSlot=12 reserveNextSlot=17
time_ns=28392000000 ... type=1 speedKey=8[t=28.392] TX from node 5 to dest 1 seq 7 size 25 bytes segments 1 at slot 17 rate 8 kbps txPower 33 dBm (7843.14 bps) preamble SHORT duration 0.04896 s
time_ns=28392000000 [t=28.392] RX OCCLUDED at node 2 from node 5 seq 7
time_ns=28392000000 [t=28.392] RX OCCLUDED at node 7 from node 5 seq 7
time_ns=28392000000 [t=28.392] RX OCCLUDED at node 8 from node 5 seq 7
time_ns=28392000000 [MAC 5] ACK transmitted in aggregate dest=1 seq=7 txCount=5/5
time_ns=28392000000 [MAC 5] Remove ACK after OPNET resend limit dest=1 seq=7
time_ns=28392000000 [MAC 5] OPNET aggregate transmitted segments=1 ackSegments=1 dataSegments=0 bytes=25 rate=8
time_ns=28392000000 [MAC 1] rtslot_counter expired for neighbor 5 reserveSlot=12
time_ns=28392011086 [t=28.392] RX SYNC at node 1 from node 5 seq 7 power -107.876 dBm noise -106.975 dBm snr -0.900945 dB state=1
time_ns=28392012444 [t=28.392] RX SYNC at node 4 from node 5 seq 7 power -109.884 dBm noise -106.975 dBm snr -2.90891 dB state=1
time_ns=28392019163 [t=28.392] RX SYNC at node 3 from node 5 seq 7 power -117.383 dBm noise -106.975 dBm snr -10.408 dB state=1
time_ns=28398641086 [t=28.3986] MAC 1 enters Track on node 5 seq 7 power -107.876 dBm
time_ns=28398642444 [t=28.3986] MAC 4 enters Track on node 5 seq 7 power -109.884 dBm
time_ns=28398649163 [t=28.3986] MAC 3 enters Track on node 5 seq 7 power -117.383 dBm
time_ns=28440960000 [MAC 5] post-TX WAIT_FOR_ACK until 46.941 (POST_TX_WAIT=18.5 s)
time_ns=28440971086 [t=28.441] RX at node 1 from node 5 seq 7 rate 8 kbps txPower 33 dBm preamble SHORT pathloss 140.876 dB snr -0.900945 dB (slot 17, len 25B, ackable=0)
time_ns=28440971086 [MAC 1] Learned neighbor 5 uses slot 17 (rtCounter=17)
time_ns=28440971086 [HOP 1] RX ACK from 5 seq=7
time_ns=28440971114 [NWK 1] CheckNwkQueue: size=0
time_ns=28440972444 [t=28.441] RX OVERHEARD at node 4 from node 5 seq 7 rate 8 kbps txPower 33 dBm preamble SHORT pathloss 142.884 dB snr -2.90891 dB (slot 17, len 25B, ackable=0)
time_ns=28440972444 [MAC 4] Learned neighbor 5 uses slot 17 (rtCounter=17)
time_ns=28440972444 [HOP 4] Overheard frame from 5 for 1 type=1 ignored after neighbor update
time_ns=28440979163 [t=28.441] RX OVERHEARD at node 3 from node 5 seq 7 rate 8 kbps txPower 33 dBm preamble SHORT pathloss 150.383 dB snr -10.408 dB (slot 17, len 25B, ackable=0)
time_ns=28440979163 [MAC 3] Learned neighbor 5 uses slot 17 (rtCounter=17)
time_ns=28440979163 [HOP 3] Overheard frame from 5 for 1 type=1 ignored after neighbor update
time_ns=28535000000 [MAC 3] rtslot_counter expired for neighbor 1 reserveSlot=27
time_ns=28535000000 [MAC 5] rtslot_counter expired for neighbor 1 reserveSlot=27
time_ns=28535000000 [MAC 1] PickTxSlot(dest=3) active_nodes_for_slotting=3 opnet_slot_range=31
time_ns=28535000000 [MAC 1] avoiding neighbor 3 currentReservedSlot=4 rtslot_counter=4
time_ns=28535000000 [MAC 1] avoiding neighbor 5 currentReservedSlot=9 rtslot_counter=9
time_ns=28535000000 [MAC 1] PickTxSlot(dest=3) avoid: 4 9
time_ns=28535000000 [MAC 1] PickTxSlot chose 27 using historical next_tslot modulo probe
time_ns=28535000000 [MAC 1] TX opportunity reached currentSlot=27 reserveNextSlot=27
time_ns=28535000000 ... type=1 speedKey=8[t=28.535] TX from node 1 to dest 3 seq 8 size 50 bytes segments 2 at slot 27 rate 8 kbps txPower 33 dBm (7843.14 bps) preamble SHORT duration 0.07446 s
time_ns=28535000000 [t=28.535] RX OCCLUDED at node 2 from node 1 seq 8
time_ns=28535000000 [t=28.535] RX OCCLUDED at node 7 from node 1 seq 8
time_ns=28535000000 [t=28.535] RX OCCLUDED at node 8 from node 1 seq 8
time_ns=28535000000 [MAC 1] ACK transmitted in aggregate dest=3 seq=8 txCount=5/5
time_ns=28535000000 [MAC 1] ACK transmitted in aggregate dest=5 seq=8 txCount=5/5
time_ns=28535000000 [MAC 1] Remove ACK after OPNET resend limit dest=3 seq=8
time_ns=28535000000 [MAC 1] Remove ACK after OPNET resend limit dest=5 seq=8
time_ns=28535000000 [MAC 1] OPNET aggregate transmitted segments=2 ackSegments=2 dataSegments=0 bytes=50 rate=8
time_ns=28535008077 [t=28.535] RX SYNC at node 3 from node 1 seq 8 power -102.376 dBm noise -106.975 dBm snr 4.59934 dB state=1
time_ns=28535011086 [t=28.535] RX SYNC at node 5 from node 1 seq 8 power -107.876 dBm noise -106.975 dBm snr -0.900945 dB state=1
time_ns=28535023527 [t=28.535] RX SYNC at node 4 from node 1 seq 8 power -120.948 dBm noise -106.975 dBm snr -13.9725 dB state=1 below-threshold
time_ns=28541638077 [t=28.5416] MAC 3 enters Track on node 1 seq 8 power -102.376 dBm
time_ns=28541641086 [t=28.5416] MAC 5 enters Track on node 1 seq 8 power -107.876 dBm
time_ns=28609460000 [MAC 1] post-TX WAIT_FOR_ACK until 48.6095 (POST_TX_WAIT=20 s)
time_ns=28609468077 [t=28.6095] RX at node 3 from node 1 seq 8 rate 8 kbps txPower 33 dBm preamble SHORT pathloss 135.376 dB snr 4.59934 dB (slot 27, len 50B, ackable=0)
time_ns=28609468077 [MAC 3] Learned neighbor 1 uses slot 27 (rtCounter=27)
time_ns=28609468077 [HOP 3] RX ACK from 1 seq=8
time_ns=28609468077 [HOP 3] Overheard frame from 1 for 5 type=1 ignored after neighbor update
time_ns=28609468105 [NWK 3] CheckNwkQueue: size=0
time_ns=28609471086 [t=28.6095] RX at node 5 from node 1 seq 8 rate 8 kbps txPower 33 dBm preamble SHORT pathloss 140.876 dB snr -0.900945 dB (slot 27, len 50B, ackable=0)
time_ns=28609471086 [MAC 5] Learned neighbor 1 uses slot 27 (rtCounter=27)
time_ns=28609471086 [HOP 5] Overheard frame from 1 for 3 type=1 ignored after neighbor update
time_ns=28609471086 [HOP 5] RX ACK from 1 seq=8
time_ns=28609471114 [NWK 5] CheckNwkQueue: size=0
time_ns=28665000000 [MAC 4] rtslot_counter expired for neighbor 5 reserveSlot=17
time_ns=28665000000 [MAC 3] local advertised reservation expired
time_ns=28665000000 [MAC 5] rtslot_counter expired for neighbor 3 reserveSlot=30
time_ns=28665000000 [MAC 1] rtslot_counter expired for neighbor 3 reserveSlot=30
time_ns=28730000000 [MAC 3] rtslot_counter expired for neighbor 5 reserveSlot=17
time_ns=28730000000 [MAC 5] local advertised reservation expired
time_ns=28730000000 [MAC 1] rtslot_counter expired for neighbor 5 reserveSlot=17
time_ns=28964000000 [MAC 3] rtslot_counter expired for neighbor 1 reserveSlot=27
time_ns=28964000000 [MAC 5] rtslot_counter expired for neighbor 1 reserveSlot=27
time_ns=28964000000 [MAC 1] local advertised reservation expired
time_ns=29235000028 [MAC] Enqueue TX pkt dscp=7 insert_pos=0 queue_size_before=0
time_ns=29235000028 [MAC] Enqueue TX pkt dscp=7 insert_pos=0 queue_size_before=0
time_ns=29237000000 [MAC 5] PickTxSlot(dest=3) active_nodes_for_slotting=2 opnet_slot_range=31
time_ns=29237000000 [MAC 5] PickTxSlot(dest=3) avoid:
time_ns=29237000000 [MAC 5] PickTxSlot chose 15 using historical next_tslot modulo probe
time_ns=29237000000 [MAC 5] starts Pre-Tx with new slot=15 holdoff_over=1
time_ns=29237000000 [MAC 1] PickTxSlot(dest=5) active_nodes_for_slotting=3 opnet_slot_range=31
time_ns=29237000000 [MAC 1] PickTxSlot(dest=5) avoid:
time_ns=29237000000 [MAC 1] PickTxSlot chose 2 using historical next_tslot modulo probe
time_ns=29237000000 [MAC 1] starts Pre-Tx with new slot=2 holdoff_over=1
time_ns=29276000000 [MAC 1] PickTxSlot(dest=5) active_nodes_for_slotting=3 opnet_slot_range=31
time_ns=29276000000 [MAC 1] PickTxSlot(dest=5) avoid:
time_ns=29276000000 [MAC 1] PickTxSlot chose 8 using historical next_tslot modulo probe
time_ns=29276000000 [MAC 1] TX opportunity reached currentSlot=2 reserveNextSlot=8
time_ns=29276000000 ... type=5 speedKey=8[t=29.276] TX from node 1 to dest 5 seq 8 size 16 bytes segments 1 at slot 8 rate 8 kbps txPower 33 dBm (7843.14 bps) preamble SHORT duration 0.03978 s
time_ns=29276000000 [t=29.276] RX OCCLUDED at node 2 from node 1 seq 8
time_ns=29276000000 [t=29.276] RX OCCLUDED at node 7 from node 1 seq 8
time_ns=29276000000 [t=29.276] RX OCCLUDED at node 8 from node 1 seq 8
time_ns=29276000000 [HOP 1] MAC sent confirmation dest=5 seq=8 transmission=2 sentAt=29.276
time_ns=29276000000 [MAC 1] OPNET aggregate transmitted segments=1 ackSegments=0 dataSegments=1 bytes=16 rate=8
time_ns=29276008077 [t=29.276] RX SYNC at node 3 from node 1 seq 8 power -102.376 dBm noise -106.975 dBm snr 4.59934 dB state=1
time_ns=29276011086 [t=29.276] RX SYNC at node 5 from node 1 seq 8 power -107.876 dBm noise -106.975 dBm snr -0.900945 dB state=1
time_ns=29276023527 [t=29.276] RX SYNC at node 4 from node 1 seq 8 power -120.948 dBm noise -106.975 dBm snr -13.9725 dB state=1 below-threshold
time_ns=29282638077 [t=29.2826] MAC 3 enters Track on node 1 seq 8 power -102.376 dBm
time_ns=29282641086 [t=29.2826] MAC 5 enters Track on node 1 seq 8 power -107.876 dBm
time_ns=29315780000 [MAC 1] post-TX WAIT_FOR_ACK until 49.3158 (POST_TX_WAIT=20 s)
time_ns=29315788077 [t=29.3158] RX OVERHEARD at node 3 from node 1 seq 8 rate 8 kbps txPower 33 dBm preamble SHORT pathloss 135.376 dB snr 4.59934 dB (slot 8, len 16B, ackable=1)
time_ns=29315788077 [MAC 3] Learned neighbor 1 uses slot 8 (rtCounter=8)
time_ns=29315788077 [HOP 3] Overheard frame from 1 for 5 type=5 ignored after neighbor update
time_ns=29315791086 [t=29.3158] RX at node 5 from node 1 seq 8 rate 8 kbps txPower 33 dBm preamble SHORT pathloss 140.876 dB snr -0.900945 dB (slot 8, len 16B, ackable=1)
time_ns=29315791086 [MAC 5] Learned neighbor 1 uses slot 8 (rtCounter=8)
time_ns=29315791086 [HOP 5] RX reliable NeighborCheck from 1 seq=8 firstReception=1
time_ns=29315791086 [MAC 5] active_nodes set to 2 for local slotting and post-TX wait
time_ns=29315791086 [NWK 5] active_nodes=2 pushed to MAC
time_ns=29315791086 [NWK 5] Updated HELLO neighbor=1 hopSrc=1 speedKey=8 activeNodes=3 pathloss=140.876 snr=-0.900945
time_ns=29315791086 [NWK 5] link_calc neighbor=1 s0=-103 pathloss=140.876 numFailures=0 speed=8 txPower=33 estDistance=298 speedMargin=-4.87595 totalMargin=-4.87595 costMode=local-only cost=7450
time_ns=29315791086 [NWK 5] Updated route candidate dst=1 nextHop=1 hops=1 oldCost=7450 newCost=7450 valid=1->1 selectionDeferred=0 selected=1
time_ns=29315791086 [NWK 5] ARL route message from 1 type=NeighborCheck advCount=0
time_ns=29315791086 [NWK 5] ProcessNeighborCheck from 1 subtype=Discovery pathloss=140.876 snr=-0.900945 linkCost=7450 advCount=0
time_ns=29315791086 [NWK 5] Discovery response from neighbor=1 responseSequence=1 localDiscoverySequence=1
time_ns=29315791086 [NWK 5] Discovery response accepted neighbor=1 verified=0->1 sequence=1 reportedActiveNodes=3
time_ns=29315791086 [NWK 5] Routes: dst=1->nh=1(hops=1,cost=7450,linkCost=7450,advCost=0,from=1,imm=1,pl=140.876,valid=1,path=[1]) dst=3->nh=1(hops=2,cost=11037,linkCost=7450,advCost=3587,from=1,imm=0,pl=140.876,valid=1,path=[1->3])
time_ns=29315791086 [HOP 5] link_control dest=1 neighborKnown=1 s0=-103 pathloss=140.876 failures=0 speed=8 txPower=33 rxPower=-103 cost=7450
time_ns=29315791086 [HOP 5] ACK NeighborCheck to 1 seq=8
time_ns=29315791086 [MAC 5] Enqueue ACK dest=1 seq=8 window=0 ack_queue_size=1
time_ns=29432000000 [MAC 3] rtslot_counter expired for neighbor 1 reserveSlot=8
time_ns=29432000000 [MAC 5] rtslot_counter expired for neighbor 1 reserveSlot=8
time_ns=29432000000 [MAC 1] local advertised reservation expired
time_ns=29484000000 [MAC 5] PickTxSlot(dest=1) active_nodes_for_slotting=2 opnet_slot_range=31
time_ns=29484000000 [MAC 5] PickTxSlot(dest=1) avoid:
time_ns=29484000000 [MAC 5] PickTxSlot chose 24 using historical next_tslot modulo probe
time_ns=29484000000 [MAC 5] TX opportunity reached currentSlot=15 reserveNextSlot=24
time_ns=29484000000 ... type=1 speedKey=8[t=29.484] TX from node 5 to dest 1 seq 8 size 87 bytes segments 2 at slot 24 rate 8 kbps txPower 33 dBm (7843.14 bps) preamble SHORT duration 0.1122 s
time_ns=29484000000 [t=29.484] RX OCCLUDED at node 2 from node 5 seq 8
time_ns=29484000000 [t=29.484] RX OCCLUDED at node 7 from node 5 seq 8
time_ns=29484000000 [t=29.484] RX OCCLUDED at node 8 from node 5 seq 8
time_ns=29484000000 [HOP 5] MAC sent confirmation dest=3 seq=1 transmission=2 sentAt=29.484
time_ns=29484000000 [MAC 5] ACK transmitted in aggregate dest=1 seq=8 txCount=1/5
time_ns=29484000000 [MAC 5] OPNET aggregate transmitted segments=2 ackSegments=1 dataSegments=1 bytes=87 rate=8
time_ns=29484011086 [t=29.484] RX SYNC at node 1 from node 5 seq 8 power -107.876 dBm noise -106.975 dBm snr -0.900945 dB state=1
time_ns=29484012444 [t=29.484] RX SYNC at node 4 from node 5 seq 8 power -109.884 dBm noise -106.975 dBm snr -2.90891 dB state=1
time_ns=29484019163 [t=29.484] RX SYNC at node 3 from node 5 seq 8 power -117.383 dBm noise -106.975 dBm snr -10.408 dB state=1
time_ns=29490641086 [t=29.4906] MAC 1 enters Track on node 5 seq 8 power -107.876 dBm
time_ns=29490642444 [t=29.4906] MAC 4 enters Track on node 5 seq 8 power -109.884 dBm
time_ns=29490649163 [t=29.4906] MAC 3 enters Track on node 5 seq 8 power -117.383 dBm
time_ns=29596200000 [MAC 5] resumes Pre-Tx with live slot=24 counter=24
time_ns=29596211086 [t=29.5962] RX at node 1 from node 5 seq 8 rate 8 kbps txPower 33 dBm preamble SHORT pathloss 140.876 dB snr -0.900945 dB (slot 24, len 87B, ackable=1)
time_ns=29596211086 [MAC 1] Learned neighbor 5 uses slot 24 (rtCounter=24)
time_ns=29596211086 [HOP 1] RX ACK from 5 seq=8
time_ns=29596211086 [HOP 1] Reliable NeighborCheck completed with 5 seq=8 subtype=0 discoverySequence=1
time_ns=29596211086 [NWK 1] NeighborCheck success neighbor=5 subtype=Discovery discoverySequence=1 stale=0->0 numFailures=0->0
time_ns=29596211086 [NWK 1] recompute hop-cost neighbor=5 failures=0 costMode=local-only newLinkCost=7450
time_ns=29596211086 [NWK 1] Recomputed route after link change dst=5 nextHop=5 oldCost=7450 newCost=7450 linkCost=7450 advertisedCost=0 numFailures=0
time_ns=29596211086 [HOP 1] Overheard frame from 5 for 3 type=9 ignored after neighbor update
time_ns=29596211114 [NWK 1] CheckNwkQueue: size=0
time_ns=29596212444 [t=29.5962] RX OVERHEARD at node 4 from node 5 seq 8 rate 8 kbps txPower 33 dBm preamble SHORT pathloss 142.884 dB snr -2.90891 dB (slot 24, len 87B, ackable=1)
time_ns=29596212444 [MAC 4] Learned neighbor 5 uses slot 24 (rtCounter=24)
time_ns=29596212444 [HOP 4] Overheard frame from 5 for 1 type=1 ignored after neighbor update
time_ns=29596212444 [HOP 4] Overheard frame from 5 for 3 type=9 ignored after neighbor update
time_ns=29596219163 [t=29.5962] RX at node 3 from node 5 seq 8 rate 8 kbps txPower 33 dBm preamble SHORT pathloss 150.383 dB snr -10.408 dB (slot 24, len 87B, ackable=1)
time_ns=29596219163 [MAC 3] Learned neighbor 5 uses slot 24 (rtCounter=24)
time_ns=29596219163 [HOP 3] Overheard frame from 5 for 1 type=1 ignored after neighbor update
time_ns=29596219163 [HOP 3] RX authenticated KeyUpdate from=5 keyId=1 keySeq=2 groupKeyId=1 securityCount=1
time_ns=29596219163 [HOP 3] link_control dest=5 neighborKnown=1 s0=-103 pathloss=150.383 failures=0 speed=8 txPower=33 rxPower=-103 cost=7450
time_ns=29596219163 [HOP 3] ACK KeyUpdate to 5 seq=1
time_ns=29596219163 [MAC 3] Enqueue ACK dest=5 seq=1 window=0 ack_queue_size=1
time_ns=29596219163 [NWK 3] KeyUpdate complete neighbor=5 receivedKey=1
time_ns=29596219163 [HOP 3] link_control dest=5 neighborKnown=1 s0=-103 pathloss=150.383 failures=0 speed=8 txPower=33 rxPower=-103 cost=7450
time_ns=29596219163 [HOP 3] TX reliable KeyUpdate neighbor=5 hopSeq=2 keyId=1 keySeq=3 groupKeyId=1 securityBytes=51
time_ns=29596219163 [MAC] Enqueue TX pkt dscp=7 insert_pos=0 queue_size_before=0
time_ns=29596219163 [NWK 3] KeyUpdate send active neighbor=5 reliable=1 securityBytes=51
time_ns=29596219163 [HOP 3] Replay queued GroupEstablish after KeyUpdate from=5 keyId=1 groupSeq=5
time_ns=29596219163 [MAC 3] active_nodes set to 3 for local slotting and post-TX wait
time_ns=29596219163 [NWK 3] active_nodes=3 pushed to MAC
time_ns=29596219163 [NWK 3] Updated HELLO neighbor=5 hopSrc=5 speedKey=8 activeNodes=2 pathloss=150.383 snr=-10.408
time_ns=29596219163 [NWK 3] link_calc neighbor=5 s0=-103 pathloss=150.383 numFailures=0 speed=8 txPower=33 estDistance=298 speedMargin=-14.383 totalMargin=-14.383 costMode=local-only cost=7450
time_ns=29596219163 [NWK 3] Added route candidate dst=5 nextHop=5 hops=1 cost=7450 linkCost=7450 advCost=0 learnedFrom=5 selectionDeferred=0 selected=0
time_ns=29596219163 [NWK 3] ARL route message from 5 type=Discover advCount=0
time_ns=29596219163 [NWK 3] ProcessDiscover from 5 subtype=Broadcast sequence=1
time_ns=29596219163 [NWK 3] New discovery sequence from 5 old=0 new=1
time_ns=29596219163 [NWK 3] Discovery response pending key-send ACK neighbor=5 sequence=1
time_ns=29596219163 [NWK 3] Routes: dst=1->nh=1(hops=1,cost=3587,linkCost=3587,advCost=0,from=1,imm=1,pl=135.376,valid=1,path=[1]) dst=5->nh=1(hops=2,cost=11037,linkCost=3587,advCost=7450,from=1,imm=0,pl=135.376,valid=1,path=[1->5]) dst=5->nh=5(hops=1,cost=7450,linkCost=7450,advCost=0,from=5,imm=1,pl=150.383,valid=1,path=[5])
time_ns=29596219163 [MAC 3] PickTxSlot(dest=5) active_nodes_for_slotting=3 opnet_slot_range=31
time_ns=29596219163 [MAC 3] avoiding neighbor 5 currentReservedSlot=24 rtslot_counter=24
time_ns=29596219163 [MAC 3] PickTxSlot(dest=5) avoid: 24
time_ns=29596219163 [MAC 3] PickTxSlot chose 18 using historical next_tslot modulo probe
time_ns=29596219163 [MAC 3] starts Pre-Tx with new slot=18 holdoff_over=1
time_ns=29835000000 [MAC 3] PickTxSlot(dest=5) active_nodes_for_slotting=3 opnet_slot_range=31
time_ns=29835000000 [MAC 3] avoiding neighbor 5 currentReservedSlot=5 rtslot_counter=5
time_ns=29835000000 [MAC 3] PickTxSlot(dest=5) avoid: 5
time_ns=29835000000 [MAC 3] PickTxSlot chose 10 using historical next_tslot modulo probe
time_ns=29835000000 [MAC 3] TX opportunity reached currentSlot=18 reserveNextSlot=10
time_ns=29835000000 ... type=1 speedKey=8[t=29.835] TX from node 3 to dest 5 seq 1 size 87 bytes segments 2 at slot 10 rate 8 kbps txPower 33 dBm (7843.14 bps) preamble SHORT duration 0.1122 s
time_ns=29835000000 [t=29.835] RX OCCLUDED at node 2 from node 3 seq 1
time_ns=29835000000 [t=29.835] RX OCCLUDED at node 4 from node 3 seq 1
time_ns=29835000000 [t=29.835] RX OCCLUDED at node 7 from node 3 seq 1
time_ns=29835000000 [t=29.835] RX OCCLUDED at node 8 from node 3 seq 1
time_ns=29835000000 [HOP 3] MAC sent confirmation dest=5 seq=2 transmission=1 sentAt=29.835
time_ns=29835000000 [MAC 3] ACK transmitted in aggregate dest=5 seq=1 txCount=1/5
time_ns=29835000000 [MAC 3] OPNET aggregate transmitted segments=2 ackSegments=1 dataSegments=1 bytes=87 rate=8
time_ns=29835008077 [t=29.835] RX SYNC at node 1 from node 3 seq 1 power -102.376 dBm noise -106.975 dBm snr 4.59934 dB state=1
time_ns=29835019163 [t=29.835] RX SYNC at node 5 from node 3 seq 1 power -117.383 dBm noise -106.975 dBm snr -10.408 dB state=1
time_ns=29841638077 [t=29.8416] MAC 1 enters Track on node 3 seq 1 power -102.376 dBm
time_ns=29841649163 [t=29.8416] MAC 5 enters Track on node 3 seq 1 power -117.383 dBm
time_ns=29913000000 [MAC 4] rtslot_counter expired for neighbor 5 reserveSlot=24
time_ns=29947200000 [MAC 3] resumes Pre-Tx with live slot=10 counter=10
time_ns=29947208077 [t=29.9472] RX OVERHEARD at node 1 from node 3 seq 1 rate 8 kbps txPower 33 dBm preamble SHORT pathloss 135.376 dB snr 4.59934 dB (slot 10, len 87B, ackable=1)
time_ns=29947208077 [MAC 1] Learned neighbor 3 uses slot 10 (rtCounter=10)
time_ns=29947208077 [HOP 1] Overheard frame from 3 for 5 type=1 ignored after neighbor update
time_ns=29947208077 [HOP 1] Overheard frame from 3 for 5 type=9 ignored after neighbor update
time_ns=29947219163 [t=29.9472] RX at node 5 from node 3 seq 1 rate 8 kbps txPower 33 dBm preamble SHORT pathloss 150.383 dB snr -10.408 dB (slot 10, len 87B, ackable=1)
time_ns=29947219163 [MAC 5] Learned neighbor 3 uses slot 10 (rtCounter=10)
time_ns=29947219163 [HOP 5] RX ACK from 3 seq=1
time_ns=29947219163 [HOP 5] Reliable KeyUpdate completed neighbor=3 seq=1
time_ns=29947219163 [NWK 5] KeyUpdate send completion neighbor=3 acknowledged=1 sentKey=1
time_ns=29947219163 [NWK 5] Sending source-faithful KeyRequest neighbor=3 noAck=1 retryDelayMs=10000
time_ns=29947219163 [HOP 5] link_control dest=3 neighborKnown=1 s0=-103 pathloss=150.383 failures=0 speed=8 txPower=33 rxPower=-103 cost=7450
time_ns=29947219163 [HOP 5] TX non-ACKed KeyRequest neighbor=3 hopSeq=2 keyId=1 keySeq=3 securityCount=1
time_ns=29947219163 [MAC] Enqueue TX pkt dscp=7 insert_pos=0 queue_size_before=0
time_ns=29947219163 [HOP 5] RX authenticated KeyUpdate from=3 keyId=1 keySeq=3 groupKeyId=1 securityCount=1
time_ns=29947219163 [HOP 5] link_control dest=3 neighborKnown=1 s0=-103 pathloss=150.383 failures=0 speed=8 txPower=33 rxPower=-103 cost=7450
time_ns=29947219163 [HOP 5] ACK KeyUpdate to 3 seq=2
time_ns=29947219163 [MAC 5] Enqueue ACK dest=3 seq=2 window=0 ack_queue_size=2
time_ns=29947219163 [NWK 5] KeyUpdate complete neighbor=3 receivedKey=1
time_ns=29947219163 [NWK 5] Sending CHECK_OVERHEARD after two-sided key exchange neighbor=3
time_ns=29947219163 [NWK 5] Sending targeted ARL NeighborCheck neighbor=3 subtype=Overheard
time_ns=29947219163 [HOP 5] link_control dest=3 neighborKnown=1 s0=-103 pathloss=150.383 failures=0 speed=8 txPower=33 rxPower=-103 cost=7450
time_ns=29947219163 [HOP 5] TX reliable NeighborCheck to 3 seq=3
time_ns=29947219163 [MAC] Enqueue TX pkt dscp=7 insert_pos=1 queue_size_before=1
time_ns=29947219191 [NWK 5] CheckNwkQueue: size=0
time_ns=30017000000 [MAC 3] rtslot_counter expired for neighbor 5 reserveSlot=24
time_ns=30017000000 [MAC 5] PickTxSlot(dest=1) active_nodes_for_slotting=2 opnet_slot_range=31
time_ns=30017000000 [MAC 5] avoiding neighbor 3 currentReservedSlot=4 rtslot_counter=4
time_ns=30017000000 [MAC 5] PickTxSlot(dest=1) avoid: 4
time_ns=30017000000 [MAC 5] PickTxSlot chose 30 using historical next_tslot modulo probe
time_ns=30017000000 [MAC 5] TX opportunity reached currentSlot=24 reserveNextSlot=30
time_ns=30017000000 ... type=1 speedKey=8[t=30.017] TX from node 5 to dest 1 seq 8 size 84 bytes segments 4 at slot 30 rate 8 kbps txPower 33 dBm (7843.14 bps) preamble SHORT duration 0.10914 s
time_ns=30017000000 [t=30.017] RX OCCLUDED at node 2 from node 5 seq 8
time_ns=30017000000 [t=30.017] RX OCCLUDED at node 7 from node 5 seq 8
time_ns=30017000000 [t=30.017] RX OCCLUDED at node 8 from node 5 seq 8
time_ns=30017000000 [HOP 5] MAC sent confirmation dest=3 seq=3 transmission=1 sentAt=30.017
time_ns=30017000000 [MAC 5] ACK transmitted in aggregate dest=1 seq=8 txCount=2/5
time_ns=30017000000 [MAC 5] ACK transmitted in aggregate dest=3 seq=2 txCount=1/5
time_ns=30017000000 [MAC 5] OPNET aggregate transmitted segments=4 ackSegments=2 dataSegments=2 bytes=84 rate=8
time_ns=30017000000 [MAC 1] rtslot_counter expired for neighbor 5 reserveSlot=24
time_ns=30017011086 [t=30.017] RX SYNC at node 1 from node 5 seq 8 power -107.876 dBm noise -106.975 dBm snr -0.900945 dB state=1
time_ns=30017012444 [t=30.017] RX SYNC at node 4 from node 5 seq 8 power -109.884 dBm noise -106.975 dBm snr -2.90891 dB state=1
time_ns=30017019163 [t=30.017] RX SYNC at node 3 from node 5 seq 8 power -117.383 dBm noise -106.975 dBm snr -10.408 dB state=1
time_ns=30023641086 [t=30.0236] MAC 1 enters Track on node 5 seq 8 power -107.876 dBm
time_ns=30023642444 [t=30.0236] MAC 4 enters Track on node 5 seq 8 power -109.884 dBm
time_ns=30023649163 [t=30.0236] MAC 3 enters Track on node 5 seq 8 power -117.383 dBm
time_ns=30126140000 [MAC 5] resumes Pre-Tx with live slot=30 counter=30
time_ns=30126151086 [t=30.1262] RX at node 1 from node 5 seq 8 rate 8 kbps txPower 33 dBm preamble SHORT pathloss 140.876 dB snr -0.900945 dB (slot 30, len 84B, ackable=1)
time_ns=30126151086 [MAC 1] Learned neighbor 5 uses slot 30 (rtCounter=30)
time_ns=30126151086 [HOP 1] RX ACK from 5 seq=8
time_ns=30126151086 [HOP 1] Overheard frame from 5 for 3 type=1 ignored after neighbor update
time_ns=30126151086 [HOP 1] Overheard frame from 5 for 3 type=8 ignored after neighbor update
time_ns=30126151086 [HOP 1] Overheard frame from 5 for 3 type=5 ignored after neighbor update
time_ns=30126151114 [NWK 1] CheckNwkQueue: size=0
time_ns=30126152444 [t=30.1262] RX OVERHEARD at node 4 from node 5 seq 8 rate 8 kbps txPower 33 dBm preamble SHORT pathloss 142.884 dB snr -2.90891 dB (slot 30, len 84B, ackable=1)
time_ns=30126152444 [MAC 4] Learned neighbor 5 uses slot 30 (rtCounter=30)
time_ns=30126152444 [HOP 4] Overheard frame from 5 for 1 type=1 ignored after neighbor update
time_ns=30126152444 [HOP 4] Overheard frame from 5 for 3 type=1 ignored after neighbor update
time_ns=30126152444 [HOP 4] Overheard frame from 5 for 3 type=8 ignored after neighbor update
time_ns=30126152444 [HOP 4] Overheard frame from 5 for 3 type=5 ignored after neighbor update
time_ns=30126159163 [t=30.1262] RX at node 3 from node 5 seq 8 rate 8 kbps txPower 33 dBm preamble SHORT pathloss 150.383 dB snr -10.408 dB (slot 30, len 84B, ackable=1)
time_ns=30126159163 [MAC 3] Learned neighbor 5 uses slot 30 (rtCounter=30)
time_ns=30126159163 [HOP 3] Overheard frame from 5 for 1 type=1 ignored after neighbor update
time_ns=30126159163 [HOP 3] RX ACK from 5 seq=2
time_ns=30126159163 [HOP 3] Reliable KeyUpdate completed neighbor=5 seq=2
time_ns=30126159163 [NWK 3] KeyUpdate send completion neighbor=5 acknowledged=1 sentKey=1
time_ns=30126159163 [NWK 3] Sending deferred Discovery NeighborCheck neighbor=5 sequence=1 afterKeySend=1
time_ns=30126159163 [NWK 3] Sending targeted ARL NeighborCheck neighbor=5 subtype=Discovery discoverySequence=1
time_ns=30126159163 [HOP 3] link_control dest=5 neighborKnown=1 s0=-103 pathloss=150.383 failures=0 speed=8 txPower=33 rxPower=-103 cost=7450
time_ns=30126159163 [HOP 3] TX reliable NeighborCheck to 5 seq=3
time_ns=30126159163 [MAC] Enqueue TX pkt dscp=7 insert_pos=0 queue_size_before=0
time_ns=30126159163 [HOP 3] RX authenticated KeyRequest from=5 keyId=1 keySeq=3 securityCount=1
time_ns=30126159163 [NWK 3] KeyRequest received after completed KeyUpdate neighbor=5 ageMs=0 recent-key-suppressed
time_ns=30126159163 [HOP 3] RX reliable NeighborCheck from 5 seq=3 firstReception=1
time_ns=30126159163 [MAC 3] active_nodes set to 3 for local slotting and post-TX wait
time_ns=30126159163 [NWK 3] active_nodes=3 pushed to MAC
time_ns=30126159163 [NWK 3] Updated HELLO neighbor=5 hopSrc=5 speedKey=8 activeNodes=2 pathloss=150.383 snr=-10.408
time_ns=30126159163 [NWK 3] link_calc neighbor=5 s0=-103 pathloss=150.383 numFailures=0 speed=8 txPower=33 estDistance=298 speedMargin=-14.383 totalMargin=-14.383 costMode=local-only cost=7450
time_ns=30126159163 [NWK 3] Updated route candidate dst=5 nextHop=5 hops=1 oldCost=7450 newCost=7450 valid=1->1 selectionDeferred=0 selected=0
time_ns=30126159163 [NWK 3] ARL route message from 5 type=NeighborCheck advCount=0
time_ns=30126159163 [NWK 3] ProcessNeighborCheck from 5 subtype=Overheard pathloss=150.383 snr=-10.408 linkCost=7450 advCount=0
time_ns=30126159163 [NWK 3] NeighborCheck Overheard received from 5
time_ns=30126159163 [NWK 3] Sending CHECK_OVERHEARD after two-sided key exchange neighbor=5
time_ns=30126159163 [NWK 3] Sending targeted ARL NeighborCheck neighbor=5 subtype=Overheard
time_ns=30126159163 [HOP 3] link_control dest=5 neighborKnown=1 s0=-103 pathloss=150.383 failures=0 speed=8 txPower=33 rxPower=-103 cost=7450
time_ns=30126159163 [HOP 3] TX reliable NeighborCheck to 5 seq=4
time_ns=30126159163 [MAC] Enqueue TX pkt dscp=7 insert_pos=1 queue_size_before=1
time_ns=30126159163 [NWK 3] Routes: dst=1->nh=1(hops=1,cost=3587,linkCost=3587,advCost=0,from=1,imm=1,pl=135.376,valid=1,path=[1]) dst=5->nh=1(hops=2,cost=11037,linkCost=3587,advCost=7450,from=1,imm=0,pl=135.376,valid=1,path=[1->5]) dst=5->nh=5(hops=1,cost=7450,linkCost=7450,advCost=0,from=5,imm=1,pl=150.383,valid=1,path=[5])
time_ns=30126159163 [HOP 3] link_control dest=5 neighborKnown=1 s0=-103 pathloss=150.383 failures=0 speed=8 txPower=33 rxPower=-103 cost=7450
time_ns=30126159163 [HOP 3] ACK NeighborCheck to 5 seq=3
time_ns=30126159163 [MAC 3] Enqueue ACK dest=5 seq=3 window=0 ack_queue_size=2
time_ns=30126159191 [NWK 3] CheckNwkQueue: size=0
time_ns=30186000000 [MAC 3] PickTxSlot(dest=5) active_nodes_for_slotting=3 opnet_slot_range=31
time_ns=30186000000 [MAC 3] avoiding neighbor 5 currentReservedSlot=25 rtslot_counter=25
time_ns=30186000000 [MAC 3] PickTxSlot(dest=5) avoid: 25
time_ns=30186000000 [MAC 3] PickTxSlot chose 3 using historical next_tslot modulo probe
time_ns=30186000000 [MAC 3] TX opportunity reached currentSlot=10 reserveNextSlot=3
time_ns=30186000000 ... type=1 speedKey=8[t=30.186] TX from node 3 to dest 5 seq 1 size 82 bytes segments 4 at slot 3 rate 8 kbps txPower 33 dBm (7843.14 bps) preamble SHORT duration 0.1071 s
time_ns=30186000000 [t=30.186] RX OCCLUDED at node 2 from node 3 seq 1
time_ns=30186000000 [t=30.186] RX OCCLUDED at node 4 from node 3 seq 1
time_ns=30186000000 [t=30.186] RX OCCLUDED at node 7 from node 3 seq 1
time_ns=30186000000 [t=30.186] RX OCCLUDED at node 8 from node 3 seq 1
time_ns=30186000000 [HOP 3] MAC sent confirmation dest=5 seq=3 transmission=1 sentAt=30.186
time_ns=30186000000 [HOP 3] MAC sent confirmation dest=5 seq=4 transmission=1 sentAt=30.186
time_ns=30186000000 [MAC 3] ACK transmitted in aggregate dest=5 seq=1 txCount=2/5
time_ns=30186000000 [MAC 3] ACK transmitted in aggregate dest=5 seq=3 txCount=1/5
time_ns=30186000000 [MAC 3] OPNET aggregate transmitted segments=4 ackSegments=2 dataSegments=2 bytes=82 rate=8
time_ns=30186000000 [MAC 5] rtslot_counter expired for neighbor 3 reserveSlot=10
time_ns=30186000000 [MAC 1] rtslot_counter expired for neighbor 3 reserveSlot=10
time_ns=30186008077 [t=30.186] RX SYNC at node 1 from node 3 seq 1 power -102.376 dBm noise -106.975 dBm snr 4.59934 dB state=1
time_ns=30186019163 [t=30.186] RX SYNC at node 5 from node 3 seq 1 power -117.383 dBm noise -106.975 dBm snr -10.408 dB state=1
time_ns=30192638077 [t=30.1926] MAC 1 enters Track on node 3 seq 1 power -102.376 dBm
time_ns=30192649163 [t=30.1926] MAC 5 enters Track on node 3 seq 1 power -117.383 dBm
time_ns=30293100000 [MAC 3] resumes Pre-Tx with live slot=3 counter=3
time_ns=30293108077 [t=30.2931] RX OVERHEARD at node 1 from node 3 seq 1 rate 8 kbps txPower 33 dBm preamble SHORT pathloss 135.376 dB snr 4.59934 dB (slot 3, len 82B, ackable=1)
time_ns=30293108077 [MAC 1] Learned neighbor 3 uses slot 3 (rtCounter=3)
time_ns=30293108077 [HOP 1] Overheard frame from 3 for 5 type=1 ignored after neighbor update
time_ns=30293108077 [HOP 1] Overheard frame from 3 for 5 type=1 ignored after neighbor update
time_ns=30293108077 [HOP 1] Overheard frame from 3 for 5 type=5 ignored after neighbor update
time_ns=30293108077 [HOP 1] Overheard frame from 3 for 5 type=5 ignored after neighbor update
time_ns=30293119163 [t=30.2931] RX at node 5 from node 3 seq 1 rate 8 kbps txPower 33 dBm preamble SHORT pathloss 150.383 dB snr -10.408 dB (slot 3, len 82B, ackable=1)
time_ns=30293119163 [MAC 5] Learned neighbor 3 uses slot 3 (rtCounter=3)
time_ns=30293119163 [HOP 5] RX ACK from 3 seq=1
time_ns=30293119163 [HOP 5] RX ACK from 3 seq=3
time_ns=30293119163 [HOP 5] Reliable NeighborCheck completed with 3 seq=3 subtype=3 discoverySequence=0
time_ns=30293119163 [NWK 5] NeighborCheck success neighbor=3 subtype=Overheard discoverySequence=0 stale=0->0 numFailures=0->0
time_ns=30293119163 [NWK 5] ARL neighbor ACTIVE neighbor=3 reason=ACKed NeighborCheck keys=two-sided
time_ns=30293119163 [HOP 5] RX reliable NeighborCheck from 3 seq=3 firstReception=1
time_ns=30293119163 [MAC 5] active_nodes set to 3 for local slotting and post-TX wait
time_ns=30293119163 [NWK 5] active_nodes=3 pushed to MAC
time_ns=30293119163 [NWK 5] Updated HELLO neighbor=3 hopSrc=3 speedKey=8 activeNodes=0 pathloss=150.383 snr=-10.408
time_ns=30293119163 [NWK 5] link_calc neighbor=3 s0=-103 pathloss=150.383 numFailures=0 speed=8 txPower=33 estDistance=298 speedMargin=-14.383 totalMargin=-14.383 costMode=local-only cost=7450
time_ns=30293119163 [NWK 5] Added route candidate dst=3 nextHop=3 hops=1 cost=7450 linkCost=7450 advCost=0 learnedFrom=3 selectionDeferred=0 selected=1
time_ns=30293119163 [NWK 5] Updated selected-route preference dst=3 preferredNextHop=3
time_ns=30293119163 [NWK 5] Selected route changed dst=3 reason=candidate update pendingDestinations=1
time_ns=30293119163 [NWK 5] ARL route message from 3 type=NeighborCheck advCount=0
time_ns=30293119163 [NWK 5] ProcessNeighborCheck from 3 subtype=Discovery pathloss=150.383 snr=-10.408 linkCost=7450 advCount=0
time_ns=30293119163 [NWK 5] Discovery response from neighbor=3 responseSequence=1 localDiscoverySequence=1
time_ns=30293119163 [NWK 5] Discovery response accepted neighbor=3 verified=0->1 sequence=1 reportedActiveNodes=0
time_ns=30293119163 [NWK 5] Routes: dst=1->nh=1(hops=1,cost=7450,linkCost=7450,advCost=0,from=1,imm=1,pl=140.876,valid=1,path=[1]) dst=3->nh=1(hops=2,cost=11037,linkCost=7450,advCost=3587,from=1,imm=0,pl=140.876,valid=1,path=[1->3]) dst=3->nh=3(hops=1,cost=7450,linkCost=7450,advCost=0,from=3,imm=1,pl=150.383,valid=1,path=[3])
time_ns=30293119163 [HOP 5] link_control dest=3 neighborKnown=1 s0=-103 pathloss=150.383 failures=0 speed=8 txPower=33 rxPower=-103 cost=7450
time_ns=30293119163 [HOP 5] ACK NeighborCheck to 3 seq=3
time_ns=30293119163 [MAC 5] Enqueue ACK dest=3 seq=3 window=0 ack_queue_size=3
time_ns=30293119163 [HOP 5] RX reliable NeighborCheck from 3 seq=4 firstReception=1
time_ns=30293119163 [MAC 5] active_nodes set to 3 for local slotting and post-TX wait
time_ns=30293119163 [NWK 5] active_nodes=3 pushed to MAC
time_ns=30293119163 [NWK 5] Updated HELLO neighbor=3 hopSrc=3 speedKey=8 activeNodes=3 pathloss=150.383 snr=-10.408
time_ns=30293119163 [NWK 5] link_calc neighbor=3 s0=-103 pathloss=150.383 numFailures=0 speed=8 txPower=33 estDistance=298 speedMargin=-14.383 totalMargin=-14.383 costMode=local-only cost=7450
time_ns=30293119163 [NWK 5] Updated route candidate dst=3 nextHop=3 hops=1 oldCost=7450 newCost=7450 valid=1->1 selectionDeferred=0 selected=1
time_ns=30293119163 [NWK 5] ARL route message from 3 type=NeighborCheck advCount=0
time_ns=30293119163 [NWK 5] ProcessNeighborCheck from 3 subtype=Overheard pathloss=150.383 snr=-10.408 linkCost=7450 advCount=0
time_ns=30293119163 [NWK 5] NeighborCheck Overheard received from 3
time_ns=30293119163 [NWK 5] Routes: dst=1->nh=1(hops=1,cost=7450,linkCost=7450,advCost=0,from=1,imm=1,pl=140.876,valid=1,path=[1]) dst=3->nh=1(hops=2,cost=11037,linkCost=7450,advCost=3587,from=1,imm=0,pl=140.876,valid=1,path=[1->3]) dst=3->nh=3(hops=1,cost=7450,linkCost=7450,advCost=0,from=3,imm=1,pl=150.383,valid=1,path=[3])
time_ns=30293119163 [HOP 5] link_control dest=3 neighborKnown=1 s0=-103 pathloss=150.383 failures=0 speed=8 txPower=33 rxPower=-103 cost=7450
time_ns=30293119163 [HOP 5] ACK NeighborCheck to 3 seq=4
time_ns=30293119163 [MAC 5] Enqueue ACK dest=3 seq=4 window=0 ack_queue_size=4
time_ns=30293119163 [NWK 5] Built ARL routing byte stream routingSequence=3 records=4 advertisedRoutes=2 recordBytes=43 sections=1 maxSectionBytes=700
time_ns=30293119163 [NWK 5] Starting reliable ARL RoutingSnapshot neighbor=3 routingSequence=3 sections=1
time_ns=30293119163 [NWK 5] Sending ARL RoutingSnapshot section=0/1 neighbor=3 routingSequence=3
time_ns=30293119163 [HOP 5] link_control dest=3 neighborKnown=1 s0=-103 pathloss=150.383 failures=0 speed=8 txPower=33 rxPower=-103 cost=7450
time_ns=30293119163 [HOP 5] TX reliable RoutingControl targets=3:4
time_ns=30293119163 [MAC] Enqueue TX pkt dscp=7 insert_pos=0 queue_size_before=0
time_ns=30293119163 [NWK 5] Armed RoutingSnapshot watchdog neighbor=3 phase=awaiting-independent-section-acks generation=1 timeoutSec=20
time_ns=30293119163 [NWK 5] routesProcess grouped selected-route changes count=1 infoChanged=0 time=30.2931
time_ns=30293119163 [NWK 5] Best route dst=3 nextHop=3 cost=7450 hops=1 learnedFrom=3 candidates=2 validCandidates=2
time_ns=30293119163 [NWK 5] Sending source-exact grouped route changes routingSequence=4 infoChanged=0 destinations=1 neighbors=2 groups=1 sections=1
time_ns=30293119163 [NWK 5] Retained grouped routing-control owner routingSequence=4 operation=Update section=0/1 destinations=2 owners=1
time_ns=30293119163 [HOP 5] link_control dest=3 neighborKnown=1 s0=-103 pathloss=150.383 failures=0 speed=8 txPower=33 rxPower=-103 cost=7450
time_ns=30293119163 [HOP 5] link_control dest=1 neighborKnown=1 s0=-103 pathloss=140.876 failures=0 speed=8 txPower=33 rxPower=-103 cost=7450
time_ns=30293119163 [HOP 5] TX reliable RoutingControl targets=3:5,1:9
time_ns=30293119163 [MAC] Enqueue TX pkt dscp=7 insert_pos=1 queue_size_before=1
time_ns=30293119191 [NWK 5] CheckNwkQueue: size=0
time_ns=30307731086 [NWK 5] Discovery Broadcast repeat sequence=1
time_ns=30307731086 [NWK 5] ARL Discover sent without Routes_PAYLOAD
time_ns=30307731086 [NWK 5] HELLO advertising 0 routes
time_ns=30307731086 [NWK 5] HELLO ARL route msg type=1
time_ns=30307731086 [HOP 5] link_control dest=16777215 neighborKnown=0 speed=8 txPower=33 rxPower=-103
time_ns=30307731086 [HOP 5] TX GroupEstablish Discover securityCount=1 securityBytes=7
time_ns=30307731086 [MAC] Enqueue TX pkt dscp=7 insert_pos=2 queue_size_before=2
time_ns=30342000000 [MAC 3] PickTxSlot(dest=5) active_nodes_for_slotting=3 opnet_slot_range=31
time_ns=30342000000 [MAC 3] avoiding neighbor 5 currentReservedSlot=21 rtslot_counter=21
time_ns=30342000000 [MAC 3] PickTxSlot(dest=5) avoid: 21
time_ns=30342000000 [MAC 3] PickTxSlot chose 16 using historical next_tslot modulo probe
time_ns=30342000000 [MAC 3] TX opportunity reached currentSlot=3 reserveNextSlot=16
time_ns=30342000000 ... type=1 speedKey=8[t=30.342] TX from node 3 to dest 5 seq 1 size 50 bytes segments 2 at slot 16 rate 8 kbps txPower 33 dBm (7843.14 bps) preamble SHORT duration 0.07446 s
time_ns=30342000000 [t=30.342] RX OCCLUDED at node 2 from node 3 seq 1
time_ns=30342000000 [t=30.342] RX OCCLUDED at node 4 from node 3 seq 1
time_ns=30342000000 [t=30.342] RX OCCLUDED at node 7 from node 3 seq 1
time_ns=30342000000 [t=30.342] RX OCCLUDED at node 8 from node 3 seq 1
time_ns=30342000000 [MAC 3] ACK transmitted in aggregate dest=5 seq=1 txCount=3/5
time_ns=30342000000 [MAC 3] ACK transmitted in aggregate dest=5 seq=3 txCount=2/5
time_ns=30342000000 [MAC 3] OPNET aggregate transmitted segments=2 ackSegments=2 dataSegments=0 bytes=50 rate=8
time_ns=30342000000 [MAC 5] rtslot_counter expired for neighbor 3 reserveSlot=3
time_ns=30342000000 [MAC 1] rtslot_counter expired for neighbor 3 reserveSlot=3
time_ns=30342008077 [t=30.342] RX SYNC at node 1 from node 3 seq 1 power -102.376 dBm noise -106.975 dBm snr 4.59934 dB state=1
time_ns=30342019163 [t=30.342] RX SYNC at node 5 from node 3 seq 1 power -117.383 dBm noise -106.975 dBm snr -10.408 dB state=1
time_ns=30348638077 [t=30.3486] MAC 1 enters Track on node 3 seq 1 power -102.376 dBm
time_ns=30348649163 [t=30.3486] MAC 5 enters Track on node 3 seq 1 power -117.383 dBm
time_ns=30416460000 [MAC 3] resumes Pre-Tx with live slot=16 counter=16
time_ns=30416468077 [t=30.4165] RX OVERHEARD at node 1 from node 3 seq 1 rate 8 kbps txPower 33 dBm preamble SHORT pathloss 135.376 dB snr 4.59934 dB (slot 16, len 50B, ackable=0)
time_ns=30416468077 [MAC 1] Learned neighbor 3 uses slot 16 (rtCounter=16)
time_ns=30416468077 [HOP 1] Overheard frame from 3 for 5 type=1 ignored after neighbor update
time_ns=30416468077 [HOP 1] Overheard frame from 3 for 5 type=1 ignored after neighbor update
time_ns=30416479163 [t=30.4165] RX at node 5 from node 3 seq 1 rate 8 kbps txPower 33 dBm preamble SHORT pathloss 150.383 dB snr -10.408 dB (slot 16, len 50B, ackable=0)
time_ns=30416479163 [MAC 5] Learned neighbor 3 uses slot 16 (rtCounter=16)
time_ns=30416479163 [HOP 5] RX ACK from 3 seq=1
time_ns=30416479163 [HOP 5] RX ACK from 3 seq=3
time_ns=30416479191 [NWK 5] CheckNwkQueue: size=0
time_ns=30524000000 [MAC 4] rtslot_counter expired for neighbor 5 reserveSlot=30
time_ns=30628000000 [MAC 3] PickTxSlot(dest=5) active_nodes_for_slotting=3 opnet_slot_range=31
time_ns=30628000000 [MAC 3] avoiding neighbor 5 currentReservedSlot=4 rtslot_counter=4
time_ns=30628000000 [MAC 3] PickTxSlot(dest=5) avoid: 4
time_ns=30628000000 [MAC 3] PickTxSlot chose 24 using historical next_tslot modulo probe
time_ns=30628000000 [MAC 3] TX opportunity reached currentSlot=16 reserveNextSlot=24
time_ns=30628000000 ... type=1 speedKey=8[t=30.628] TX from node 3 to dest 5 seq 1 size 50 bytes segments 2 at slot 24 rate 8 kbps txPower 33 dBm (7843.14 bps) preamble SHORT duration 0.07446 s
time_ns=30628000000 [t=30.628] RX OCCLUDED at node 2 from node 3 seq 1
time_ns=30628000000 [t=30.628] RX OCCLUDED at node 4 from node 3 seq 1
time_ns=30628000000 [t=30.628] RX OCCLUDED at node 7 from node 3 seq 1
time_ns=30628000000 [t=30.628] RX OCCLUDED at node 8 from node 3 seq 1
time_ns=30628000000 [MAC 3] ACK transmitted in aggregate dest=5 seq=1 txCount=4/5
time_ns=30628000000 [MAC 3] ACK transmitted in aggregate dest=5 seq=3 txCount=3/5
time_ns=30628000000 [MAC 3] OPNET aggregate transmitted segments=2 ackSegments=2 dataSegments=0 bytes=50 rate=8
time_ns=30628000000 [MAC 5] rtslot_counter expired for neighbor 3 reserveSlot=16
time_ns=30628000000 [MAC 1] rtslot_counter expired for neighbor 3 reserveSlot=16
time_ns=30628008077 [t=30.628] RX SYNC at node 1 from node 3 seq 1 power -102.376 dBm noise -106.975 dBm snr 4.59934 dB state=1
time_ns=30628019163 [t=30.628] RX SYNC at node 5 from node 3 seq 1 power -117.383 dBm noise -106.975 dBm snr -10.408 dB state=1
time_ns=30634638077 [t=30.6346] MAC 1 enters Track on node 3 seq 1 power -102.376 dBm
time_ns=30634649163 [t=30.6346] MAC 5 enters Track on node 3 seq 1 power -117.383 dBm
time_ns=30702460000 [MAC 3] resumes Pre-Tx with live slot=24 counter=24
time_ns=30702468077 [t=30.7025] RX OVERHEARD at node 1 from node 3 seq 1 rate 8 kbps txPower 33 dBm preamble SHORT pathloss 135.376 dB snr 4.59934 dB (slot 24, len 50B, ackable=0)
time_ns=30702468077 [MAC 1] Learned neighbor 3 uses slot 24 (rtCounter=24)
time_ns=30702468077 [HOP 1] Overheard frame from 3 for 5 type=1 ignored after neighbor update
time_ns=30702468077 [HOP 1] Overheard frame from 3 for 5 type=1 ignored after neighbor update
time_ns=30702479163 [t=30.7025] RX at node 5 from node 3 seq 1 rate 8 kbps txPower 33 dBm preamble SHORT pathloss 150.383 dB snr -10.408 dB (slot 24, len 50B, ackable=0)
time_ns=30702479163 [MAC 5] Learned neighbor 3 uses slot 24 (rtCounter=24)
time_ns=30702479163 [HOP 5] RX ACK from 3 seq=1
time_ns=30702479163 [HOP 5] RX ACK from 3 seq=3
time_ns=30702479191 [NWK 5] CheckNwkQueue: size=0
time_ns=30758000000 [MAC 3] rtslot_counter expired for neighbor 5 reserveSlot=30
time_ns=30758000000 [MAC 5] PickTxSlot(dest=1) active_nodes_for_slotting=3 opnet_slot_range=31
time_ns=30758000000 [MAC 5] avoiding neighbor 3 currentReservedSlot=19 rtslot_counter=19
time_ns=30758000000 [MAC 5] PickTxSlot(dest=1) avoid: 19
time_ns=30758000000 [MAC 5] PickTxSlot chose 6 using historical next_tslot modulo probe
time_ns=30758000000 [MAC 5] TX opportunity reached currentSlot=30 reserveNextSlot=6
time_ns=30758000000 ... type=1 speedKey=8[t=30.758] TX from node 5 to dest 1 seq 8 size 210 bytes segments 7 at slot 6 rate 8 kbps txPower 33 dBm (7843.14 bps) preamble LONG duration 1.23012 s
time_ns=30758000000 [t=30.758] RX OCCLUDED at node 2 from node 5 seq 8
time_ns=30758000000 [t=30.758] RX OCCLUDED at node 7 from node 5 seq 8
time_ns=30758000000 [t=30.758] RX OCCLUDED at node 8 from node 5 seq 8
time_ns=30758000000 [HOP 5] MAC sent confirmation dest=3 seq=4 transmission=1 sentAt=30.758
time_ns=30758000000 [HOP 5] MAC sent confirmation dest=3 seq=5 transmission=1 sentAt=30.758
time_ns=30758000000 [MAC 5] ACK transmitted in aggregate dest=1 seq=8 txCount=3/5
time_ns=30758000000 [MAC 5] ACK transmitted in aggregate dest=3 seq=2 txCount=2/5
time_ns=30758000000 [MAC 5] ACK transmitted in aggregate dest=3 seq=3 txCount=1/5
time_ns=30758000000 [MAC 5] ACK transmitted in aggregate dest=3 seq=4 txCount=1/5
time_ns=30758000000 [MAC 5] OPNET aggregate transmitted segments=7 ackSegments=4 dataSegments=3 bytes=210 rate=8
time_ns=30758000000 [MAC 1] rtslot_counter expired for neighbor 5 reserveSlot=30
time_ns=30758011086 [t=30.758] RX SYNC at node 1 from node 5 seq 8 power -107.876 dBm noise -106.975 dBm snr -0.900945 dB state=1
time_ns=30758012444 [t=30.758] RX SYNC at node 4 from node 5 seq 8 power -109.884 dBm noise -106.975 dBm snr -2.90891 dB state=1
time_ns=30758019163 [t=30.758] RX SYNC at node 3 from node 5 seq 8 power -117.383 dBm noise -106.975 dBm snr -10.408 dB state=1
time_ns=30764641086 [t=30.7646] MAC 1 enters Track on node 5 seq 8 power -107.876 dBm
time_ns=30764642444 [t=30.7646] MAC 4 enters Track on node 5 seq 8 power -109.884 dBm
time_ns=30764649163 [t=30.7646] MAC 3 enters Track on node 5 seq 8 power -117.383 dBm
time_ns=31793452444 [NWK 4] Sending source-faithful KeyRequest neighbor=5 noAck=1 retryDelayMs=10000
time_ns=31793452444 [HOP 4] link_control dest=5 neighborKnown=1 s0=-103 pathloss=142.884 failures=0 speed=8 txPower=33 rxPower=-103 cost=7450
time_ns=31793452444 [HOP 4] TX non-ACKed KeyRequest neighbor=5 hopSeq=2 keyId=1 keySeq=3 securityCount=1
time_ns=31793452444 [MAC] Enqueue TX pkt dscp=7 insert_pos=0 queue_size_before=0
time_ns=31988120000 [MAC 5] resumes Pre-Tx with live slot=6 counter=6
time_ns=31988131086 [t=31.9881] RX at node 1 from node 5 seq 8 rate 8 kbps txPower 33 dBm preamble LONG pathloss 140.876 dB snr -0.900945 dB (slot 6, len 210B, ackable=1)
time_ns=31988131086 [MAC 1] Learned neighbor 5 uses slot 6 (rtCounter=6)
time_ns=31988131086 [HOP 1] RX ACK from 5 seq=8
time_ns=31988131086 [HOP 1] Overheard frame from 5 for 3 type=1 ignored after neighbor update
time_ns=31988131086 [HOP 1] Overheard frame from 5 for 3 type=1 ignored after neighbor update
time_ns=31988131086 [HOP 1] Overheard frame from 5 for 3 type=1 ignored after neighbor update
time_ns=31988131086 [HOP 1] RX reliable RoutingControl from 5 seq=9 firstReception=1
time_ns=31988131086 [MAC 1] active_nodes set to 3 for local slotting and post-TX wait
time_ns=31988131086 [NWK 1] active_nodes=3 pushed to MAC
time_ns=31988131086 [MAC 1] max_reported_active_nodes updated to 3
time_ns=31988131086 [NWK 1] Updated HELLO neighbor=5 hopSrc=5 speedKey=8 activeNodes=3 pathloss=140.876 snr=-0.900945
time_ns=31988131086 [NWK 1] link_calc neighbor=5 s0=-103 pathloss=140.876 numFailures=0 speed=8 txPower=33 estDistance=298 speedMargin=-4.87595 totalMargin=-4.87595 costMode=local-only cost=7450
time_ns=31988131086 [NWK 1] Updated route candidate dst=5 nextHop=5 hops=1 oldCost=7450 newCost=7450 valid=1->1 selectionDeferred=0 selected=1
time_ns=31988131086 [NWK 1] ARL route message from 5 type=RoutingUpdate advCount=0
time_ns=31988131086 [NWK 1] Buffered ARL routing section from=5 routingSequence=4 section=0/1 buffered=1
time_ns=31988131086 [NWK 1] Reassembled complete ARL routing message from=5 routingSequence=4 sections=1 recordBytes=4 records=1
time_ns=31988131086 [NWK 1] Applied ARL DELETE from=5 dst=3 routingSequence=4
time_ns=31988131086 [NWK 1] Routes: dst=3->nh=3(hops=1,cost=3587,linkCost=3587,advCost=0,from=3,imm=1,pl=135.376,valid=1,path=[3]) dst=5->nh=5(hops=1,cost=7450,linkCost=7450,advCost=0,from=5,imm=1,pl=140.876,valid=1,path=[5]) dst=3->nh=5(hops=3,cost=0,linkCost=0,advCost=11037,from=5,imm=0,pl=nan,valid=0,path=[1->3]) dst=5->nh=3(hops=3,cost=0,linkCost=0,advCost=11037,from=3,imm=0,pl=nan,valid=0,path=[1->5])
time_ns=31988131086 [HOP 1] link_control dest=5 neighborKnown=1 s0=-103 pathloss=140.876 failures=0 speed=8 txPower=33 rxPower=-103 cost=7450
time_ns=31988131086 [HOP 1] ACK RoutingControl to 5 seq=9
time_ns=31988131086 [MAC 1] Enqueue ACK dest=5 seq=9 window=0 ack_queue_size=1
time_ns=31988131086 [HOP 1] RX authenticated GroupEstablish Discover from=5 keyId=1 groupSeq=8
time_ns=31988131086 [MAC 1] active_nodes set to 3 for local slotting and post-TX wait
time_ns=31988131086 [NWK 1] active_nodes=3 pushed to MAC
time_ns=31988131086 [NWK 1] Updated HELLO neighbor=5 hopSrc=5 speedKey=8 activeNodes=3 pathloss=140.876 snr=-0.900945
time_ns=31988131086 [NWK 1] link_calc neighbor=5 s0=-103 pathloss=140.876 numFailures=0 speed=8 txPower=33 estDistance=298 speedMargin=-4.87595 totalMargin=-4.87595 costMode=local-only cost=7450
time_ns=31988131086 [NWK 1] Updated route candidate dst=5 nextHop=5 hops=1 oldCost=7450 newCost=7450 valid=1->1 selectionDeferred=0 selected=1
time_ns=31988131086 [NWK 1] ARL route message from 5 type=Discover advCount=0
time_ns=31988131086 [NWK 1] ProcessDiscover from 5 subtype=Broadcast sequence=1
time_ns=31988131086 [NWK 1] Duplicate/old discovery sequence from 5 received=1 current=1
time_ns=31988131086 [NWK 1] Routes: dst=3->nh=3(hops=1,cost=3587,linkCost=3587,advCost=0,from=3,imm=1,pl=135.376,valid=1,path=[3]) dst=5->nh=5(hops=1,cost=7450,linkCost=7450,advCost=0,from=5,imm=1,pl=140.876,valid=1,path=[5]) dst=3->nh=5(hops=3,cost=0,linkCost=0,advCost=11037,from=5,imm=0,pl=nan,valid=0,path=[1->3]) dst=5->nh=3(hops=3,cost=0,linkCost=0,advCost=11037,from=3,imm=0,pl=nan,valid=0,path=[1->5])
time_ns=31988131086 [MAC 1] PickTxSlot(dest=5) active_nodes_for_slotting=3 opnet_slot_range=31
time_ns=31988131086 [MAC 1] avoiding neighbor 3 currentReservedSlot=19 rtslot_counter=19
time_ns=31988131086 [MAC 1] avoiding neighbor 5 currentReservedSlot=6 rtslot_counter=6
time_ns=31988131086 [MAC 1] PickTxSlot(dest=5) avoid: 6 19
time_ns=31988131086 [MAC 1] PickTxSlot chose 17 using historical next_tslot modulo probe
time_ns=31988131086 [MAC 1] starts Pre-Tx with new slot=17 holdoff_over=1
time_ns=31988131114 [NWK 1] CheckNwkQueue: size=0
time_ns=31988132444 [t=31.9881] RX at node 4 from node 5 seq 8 rate 8 kbps txPower 33 dBm preamble LONG pathloss 142.884 dB snr -2.90891 dB (slot 6, len 210B, ackable=1)
time_ns=31988132444 [MAC 4] Learned neighbor 5 uses slot 6 (rtCounter=6)
time_ns=31988132444 [HOP 4] Overheard frame from 5 for 1 type=1 ignored after neighbor update
time_ns=31988132444 [HOP 4] Overheard frame from 5 for 3 type=1 ignored after neighbor update
time_ns=31988132444 [HOP 4] Overheard frame from 5 for 3 type=1 ignored after neighbor update
time_ns=31988132444 [HOP 4] Overheard frame from 5 for 3 type=1 ignored after neighbor update
time_ns=31988132444 [HOP 4] Queue authenticated GroupEstablish pending KeyUpdate from=5 keyId=1 groupSeq=8
time_ns=31988132444 [MAC 4] active_nodes set to 2 for local slotting and post-TX wait
time_ns=31988132444 [NWK 4] active_nodes=2 pushed to MAC
time_ns=31988132444 [NWK 4] Authenticated Discover awaits group key neighbor=5 newNeighbor=0
time_ns=31988132444 [NWK 4] Sending source-faithful KeyRequest neighbor=5 noAck=1 retryDelayMs=5000
time_ns=31988132444 [HOP 4] link_control dest=5 neighborKnown=1 s0=-103 pathloss=142.884 failures=0 speed=8 txPower=33 rxPower=-103 cost=7450
time_ns=31988132444 [HOP 4] TX non-ACKed KeyRequest neighbor=5 hopSeq=3 keyId=1 keySeq=4 securityCount=1
time_ns=31988132444 [MAC 4] Replace immediate-tag frame neighbor=5 type=8 removed=1
time_ns=31988132444 [MAC] Enqueue TX pkt dscp=7 insert_pos=0 queue_size_before=0
time_ns=31988132444 [MAC 4] PickTxSlot(dest=5) active_nodes_for_slotting=2 opnet_slot_range=31
time_ns=31988132444 [MAC 4] avoiding neighbor 5 currentReservedSlot=6 rtslot_counter=6
time_ns=31988132444 [MAC 4] PickTxSlot(dest=5) avoid: 6
time_ns=31988132444 [MAC 4] PickTxSlot chose 30 using historical next_tslot modulo probe
time_ns=31988132444 [MAC 4] starts Pre-Tx with new slot=30 holdoff_over=1
time_ns=31988139163 [t=31.9881] RX at node 3 from node 5 seq 8 rate 8 kbps txPower 33 dBm preamble LONG pathloss 150.383 dB snr -10.408 dB (slot 6, len 210B, ackable=1)
time_ns=31988139163 [MAC 3] Learned neighbor 5 uses slot 6 (rtCounter=6)
time_ns=31988139163 [HOP 3] Overheard frame from 5 for 1 type=1 ignored after neighbor update
time_ns=31988139163 [HOP 3] RX ACK from 5 seq=2
time_ns=31988139163 [HOP 3] RX ACK from 5 seq=3
time_ns=31988139163 [HOP 3] Reliable NeighborCheck completed with 5 seq=3 subtype=0 discoverySequence=1
time_ns=31988139163 [NWK 3] NeighborCheck success neighbor=5 subtype=Discovery discoverySequence=1 stale=0->0 numFailures=0->0
time_ns=31988139163 [NWK 3] recompute hop-cost neighbor=5 failures=0 costMode=local-only newLinkCost=7450
time_ns=31988139163 [NWK 3] Recomputed route after link change dst=5 nextHop=5 oldCost=7450 newCost=7450 linkCost=7450 advertisedCost=0 numFailures=0
time_ns=31988139163 [NWK 3] ARL neighbor ACTIVE neighbor=5 reason=ACKed NeighborCheck keys=two-sided
time_ns=31988139163 [NWK 3] Updated selected-route preference dst=5 preferredNextHop=5
time_ns=31988139163 [NWK 3] Selected route changed dst=5 reason=neighbor admitted pendingDestinations=1
time_ns=31988139163 [HOP 3] RX ACK from 5 seq=4
time_ns=31988139163 [HOP 3] Reliable NeighborCheck completed with 5 seq=4 subtype=3 discoverySequence=0
time_ns=31988139163 [NWK 3] NeighborCheck success neighbor=5 subtype=Overheard discoverySequence=0 stale=0->0 numFailures=0->0
time_ns=31988139163 [NWK 3] recompute hop-cost neighbor=5 failures=0 costMode=local-only newLinkCost=7450
time_ns=31988139163 [NWK 3] Recomputed route after link change dst=5 nextHop=5 oldCost=7450 newCost=7450 linkCost=7450 advertisedCost=0 numFailures=0
time_ns=31988139163 [HOP 3] RX reliable RoutingControl from 5 seq=4 firstReception=1
time_ns=31988139163 [MAC 3] active_nodes set to 3 for local slotting and post-TX wait
time_ns=31988139163 [NWK 3] active_nodes=3 pushed to MAC
time_ns=31988139163 [NWK 3] Updated HELLO neighbor=5 hopSrc=5 speedKey=8 activeNodes=3 pathloss=150.383 snr=-10.408
time_ns=31988139163 [NWK 3] link_calc neighbor=5 s0=-103 pathloss=150.383 numFailures=0 speed=8 txPower=33 estDistance=298 speedMargin=-14.383 totalMargin=-14.383 costMode=local-only cost=7450
time_ns=31988139163 [NWK 3] Updated route candidate dst=5 nextHop=5 hops=1 oldCost=7450 newCost=7450 valid=1->1 selectionDeferred=0 selected=1
time_ns=31988139163 [NWK 3] ARL route message from 5 type=RoutingUpdate advCount=0
time_ns=31988139163 [NWK 3] Buffered ARL routing section from=5 routingSequence=3 section=0/1 buffered=1
time_ns=31988139163 [NWK 3] Reassembled complete ARL routing message from=5 routingSequence=3 sections=1 recordBytes=43 records=4
time_ns=31988139163 [NWK 3] Applied ARL INFO from=5 routingSequence=3
time_ns=31988139163 [NWK 3] Updated selected-route preference dst=5 preferredNextHop=5
time_ns=31988139163 [NWK 3] Selected route changed dst=5 reason=ARL self UPDATE pendingDestinations=1
time_ns=31988139163 [NWK 3] Applied source-owned neighbor capability neighbor=5 capability=1 routingSequence=3 directCost=7450
time_ns=31988139163 [NWK 3] Added route candidate dst=1 nextHop=5 hops=2 cost=14900 linkCost=7450 advCost=7450 learnedFrom=5 selectionDeferred=0 selected=0
time_ns=31988139163 [NWK 3] Applied ARL UPDATE from=5 dst=1 advertisedHops=1 advertisedCost=7450 routingSequence=3
time_ns=31988139163 [NWK 3] Applied ARL FLUSH from=5 routingSequence=3 routesInvalidated=0
time_ns=31988139163 [NWK 3] Routes: dst=1->nh=1(hops=1,cost=3587,linkCost=3587,advCost=0,from=1,imm=1,pl=135.376,valid=1,path=[1]) dst=5->nh=1(hops=2,cost=11037,linkCost=3587,advCost=7450,from=1,imm=0,pl=135.376,valid=1,path=[1->5]) dst=5->nh=5(hops=1,cost=7450,linkCost=7450,advCost=0,from=5,imm=1,pl=150.383,valid=1,path=[5]) dst=1->nh=5(hops=2,cost=14900,linkCost=7450,advCost=7450,from=5,imm=0,pl=150.383,valid=1,path=[5->1])
time_ns=31988139163 [HOP 3] link_control dest=5 neighborKnown=1 s0=-103 pathloss=150.383 failures=0 speed=8 txPower=33 rxPower=-103 cost=7450
time_ns=31988139163 [HOP 3] ACK RoutingControl to 5 seq=4
time_ns=31988139163 [MAC 3] Enqueue ACK dest=5 seq=4 window=0 ack_queue_size=3
time_ns=31988139163 [HOP 3] RX reliable RoutingControl from 5 seq=5 firstReception=1
time_ns=31988139163 [MAC 3] active_nodes set to 3 for local slotting and post-TX wait
time_ns=31988139163 [NWK 3] active_nodes=3 pushed to MAC
time_ns=31988139163 [NWK 3] Updated HELLO neighbor=5 hopSrc=5 speedKey=8 activeNodes=3 pathloss=150.383 snr=-10.408
time_ns=31988139163 [NWK 3] link_calc neighbor=5 s0=-103 pathloss=150.383 numFailures=0 speed=8 txPower=33 estDistance=298 speedMargin=-14.383 totalMargin=-14.383 costMode=local-only cost=7450
time_ns=31988139163 [NWK 3] Updated route candidate dst=5 nextHop=5 hops=1 oldCost=7450 newCost=7450 valid=1->1 selectionDeferred=0 selected=1
time_ns=31988139163 [NWK 3] ARL route message from 5 type=RoutingUpdate advCount=0
time_ns=31988139163 [NWK 3] Buffered ARL routing section from=5 routingSequence=4 section=0/1 buffered=1
time_ns=31988139163 [NWK 3] Reassembled complete ARL routing message from=5 routingSequence=4 sections=1 recordBytes=4 records=1
time_ns=31988139163 [NWK 3] Routes: dst=1->nh=1(hops=1,cost=3587,linkCost=3587,advCost=0,from=1,imm=1,pl=135.376,valid=1,path=[1]) dst=5->nh=1(hops=2,cost=11037,linkCost=3587,advCost=7450,from=1,imm=0,pl=135.376,valid=1,path=[1->5]) dst=5->nh=5(hops=1,cost=7450,linkCost=7450,advCost=0,from=5,imm=1,pl=150.383,valid=1,path=[5]) dst=1->nh=5(hops=2,cost=14900,linkCost=7450,advCost=7450,from=5,imm=0,pl=150.383,valid=1,path=[5->1])
time_ns=31988139163 [HOP 3] link_control dest=5 neighborKnown=1 s0=-103 pathloss=150.383 failures=0 speed=8 txPower=33 rxPower=-103 cost=7450
time_ns=31988139163 [HOP 3] ACK RoutingControl to 5 seq=5
time_ns=31988139163 [MAC 3] Enqueue ACK dest=5 seq=5 window=0 ack_queue_size=4
time_ns=31988139163 [HOP 3] RX authenticated GroupEstablish Discover from=5 keyId=1 groupSeq=8
time_ns=31988139163 [MAC 3] active_nodes set to 3 for local slotting and post-TX wait
time_ns=31988139163 [NWK 3] active_nodes=3 pushed to MAC
time_ns=31988139163 [NWK 3] Updated HELLO neighbor=5 hopSrc=5 speedKey=8 activeNodes=3 pathloss=150.383 snr=-10.408
time_ns=31988139163 [NWK 3] link_calc neighbor=5 s0=-103 pathloss=150.383 numFailures=0 speed=8 txPower=33 estDistance=298 speedMargin=-14.383 totalMargin=-14.383 costMode=local-only cost=7450
time_ns=31988139163 [NWK 3] Updated route candidate dst=5 nextHop=5 hops=1 oldCost=7450 newCost=7450 valid=1->1 selectionDeferred=0 selected=1
time_ns=31988139163 [NWK 3] ARL route message from 5 type=Discover advCount=0
time_ns=31988139163 [NWK 3] ProcessDiscover from 5 subtype=Broadcast sequence=1
time_ns=31988139163 [NWK 3] Duplicate/old discovery sequence from 5 received=1 current=1
time_ns=31988139163 [NWK 3] Routes: dst=1->nh=1(hops=1,cost=3587,linkCost=3587,advCost=0,from=1,imm=1,pl=135.376,valid=1,path=[1]) dst=5->nh=1(hops=2,cost=11037,linkCost=3587,advCost=7450,from=1,imm=0,pl=135.376,valid=1,path=[1->5]) dst=5->nh=5(hops=1,cost=7450,linkCost=7450,advCost=0,from=5,imm=1,pl=150.383,valid=1,path=[5]) dst=1->nh=5(hops=2,cost=14900,linkCost=7450,advCost=7450,from=5,imm=0,pl=150.383,valid=1,path=[5->1])
time_ns=31988139163 [NWK 3] Built ARL routing byte stream routingSequence=4 records=4 advertisedRoutes=2 recordBytes=43 sections=1 maxSectionBytes=700
time_ns=31988139163 [NWK 3] Starting reliable ARL RoutingSnapshot neighbor=5 routingSequence=4 sections=1
time_ns=31988139163 [NWK 3] Sending ARL RoutingSnapshot section=0/1 neighbor=5 routingSequence=4
time_ns=31988139163 [HOP 3] link_control dest=5 neighborKnown=1 s0=-103 pathloss=150.383 failures=0 speed=8 txPower=33 rxPower=-103 cost=7450
time_ns=31988139163 [HOP 3] TX reliable RoutingControl targets=5:5
time_ns=31988139163 [MAC] Enqueue TX pkt dscp=7 insert_pos=0 queue_size_before=0
time_ns=31988139163 [NWK 3] Armed RoutingSnapshot watchdog neighbor=5 phase=awaiting-independent-section-acks generation=1 timeoutSec=20
time_ns=31988139163 [NWK 3] routesProcess grouped selected-route changes count=1 infoChanged=0 time=31.9881
time_ns=31988139163 [NWK 3] Best route dst=5 nextHop=5 cost=7450 hops=1 learnedFrom=5 candidates=2 validCandidates=2
time_ns=31988139163 [NWK 3] Sending source-exact grouped route changes routingSequence=5 infoChanged=0 destinations=1 neighbors=2 groups=1 sections=1
time_ns=31988139163 [NWK 3] Retained grouped routing-control owner routingSequence=5 operation=Update section=0/1 destinations=2 owners=1
time_ns=31988139163 [HOP 3] link_control dest=5 neighborKnown=1 s0=-103 pathloss=150.383 failures=0 speed=8 txPower=33 rxPower=-103 cost=7450
time_ns=31988139163 [HOP 3] link_control dest=1 neighborKnown=1 s0=-103 pathloss=135.376 failures=0 speed=8 txPower=33 rxPower=-103 cost=3587
time_ns=31988139163 [HOP 3] TX reliable RoutingControl targets=5:6,1:9
time_ns=31988139163 [MAC] Enqueue TX pkt dscp=7 insert_pos=1 queue_size_before=1
time_ns=31988139191 [NWK 3] CheckNwkQueue: size=0
time_ns=32071000000 [MAC 4] rtslot_counter expired for neighbor 5 reserveSlot=6
time_ns=32071000000 [MAC 3] rtslot_counter expired for neighbor 5 reserveSlot=6
time_ns=32071000000 [MAC 5] PickTxSlot(dest=1) active_nodes_for_slotting=3 opnet_slot_range=31
time_ns=32071000000 [MAC 5] avoiding neighbor 3 currentReservedSlot=12 rtslot_counter=12
time_ns=32071000000 [MAC 5] PickTxSlot(dest=1) avoid: 12
time_ns=32071000000 [MAC 5] PickTxSlot chose 3 using historical next_tslot modulo probe
time_ns=32071000000 [MAC 5] TX opportunity reached currentSlot=6 reserveNextSlot=3
time_ns=32071000000 ... type=1 speedKey=8[t=32.071] TX from node 5 to dest 1 seq 8 size 100 bytes segments 4 at slot 3 rate 8 kbps txPower 33 dBm (7843.14 bps) preamble SHORT duration 0.12546 s
time_ns=32071000000 [t=32.071] RX OCCLUDED at node 2 from node 5 seq 8
time_ns=32071000000 [t=32.071] RX OCCLUDED at node 7 from node 5 seq 8
time_ns=32071000000 [t=32.071] RX OCCLUDED at node 8 from node 5 seq 8
time_ns=32071000000 [MAC 5] ACK transmitted in aggregate dest=1 seq=8 txCount=4/5
time_ns=32071000000 [MAC 5] ACK transmitted in aggregate dest=3 seq=2 txCount=3/5
time_ns=32071000000 [MAC 5] ACK transmitted in aggregate dest=3 seq=3 txCount=2/5
time_ns=32071000000 [MAC 5] ACK transmitted in aggregate dest=3 seq=4 txCount=2/5
time_ns=32071000000 [MAC 5] OPNET aggregate transmitted segments=4 ackSegments=4 dataSegments=0 bytes=100 rate=8
time_ns=32071000000 [MAC 1] rtslot_counter expired for neighbor 5 reserveSlot=6
time_ns=32071011086 [t=32.071] RX SYNC at node 1 from node 5 seq 8 power -107.876 dBm noise -106.975 dBm snr -0.900945 dB state=1
time_ns=32071012444 [t=32.071] RX SYNC at node 4 from node 5 seq 8 power -109.884 dBm noise -106.975 dBm snr -2.90891 dB state=1
time_ns=32071019163 [t=32.071] RX SYNC at node 3 from node 5 seq 8 power -117.383 dBm noise -106.975 dBm snr -10.408 dB state=1
time_ns=32077641086 [t=32.0776] MAC 1 enters Track on node 5 seq 8 power -107.876 dBm
time_ns=32077642444 [t=32.0776] MAC 4 enters Track on node 5 seq 8 power -109.884 dBm
time_ns=32077649163 [t=32.0776] MAC 3 enters Track on node 5 seq 8 power -117.383 dBm
time_ns=32196460000 [MAC 5] resumes Pre-Tx with live slot=3 counter=3
time_ns=32196471086 [t=32.1965] RX at node 1 from node 5 seq 8 rate 8 kbps txPower 33 dBm preamble SHORT pathloss 140.876 dB snr -0.900945 dB (slot 3, len 100B, ackable=0)
time_ns=32196471086 [MAC 1] Learned neighbor 5 uses slot 3 (rtCounter=3)
time_ns=32196471086 [HOP 1] RX ACK from 5 seq=8
time_ns=32196471086 [HOP 1] Overheard frame from 5 for 3 type=1 ignored after neighbor update
time_ns=32196471086 [HOP 1] Overheard frame from 5 for 3 type=1 ignored after neighbor update
time_ns=32196471086 [HOP 1] Overheard frame from 5 for 3 type=1 ignored after neighbor update
time_ns=32196471114 [NWK 1] CheckNwkQueue: size=0
time_ns=32196472444 [t=32.1965] RX OVERHEARD at node 4 from node 5 seq 8 rate 8 kbps txPower 33 dBm preamble SHORT pathloss 142.884 dB snr -2.90891 dB (slot 3, len 100B, ackable=0)
time_ns=32196472444 [MAC 4] Learned neighbor 5 uses slot 3 (rtCounter=3)
time_ns=32196472444 [HOP 4] Overheard frame from 5 for 1 type=1 ignored after neighbor update
time_ns=32196472444 [HOP 4] Overheard frame from 5 for 3 type=1 ignored after neighbor update
time_ns=32196472444 [HOP 4] Overheard frame from 5 for 3 type=1 ignored after neighbor update
time_ns=32196472444 [HOP 4] Overheard frame from 5 for 3 type=1 ignored after neighbor update
time_ns=32196479163 [t=32.1965] RX at node 3 from node 5 seq 8 rate 8 kbps txPower 33 dBm preamble SHORT pathloss 150.383 dB snr -10.408 dB (slot 3, len 100B, ackable=0)
time_ns=32196479163 [MAC 3] Learned neighbor 5 uses slot 3 (rtCounter=3)
time_ns=32196479163 [HOP 3] Overheard frame from 5 for 1 type=1 ignored after neighbor update
time_ns=32196479163 [HOP 3] RX ACK from 5 seq=2
time_ns=32196479163 [HOP 3] RX ACK from 5 seq=3
time_ns=32196479163 [HOP 3] RX ACK from 5 seq=4
time_ns=32196479191 [NWK 3] CheckNwkQueue: size=0
time_ns=32240000000 [MAC 4] rtslot_counter expired for neighbor 5 reserveSlot=3
time_ns=32240000000 [MAC 3] rtslot_counter expired for neighbor 5 reserveSlot=3
time_ns=32240000000 [MAC 5] PickTxSlot(dest=1) active_nodes_for_slotting=3 opnet_slot_range=31
time_ns=32240000000 [MAC 5] avoiding neighbor 3 currentReservedSlot=8 rtslot_counter=8
time_ns=32240000000 [MAC 5] PickTxSlot(dest=1) avoid: 8
time_ns=32240000000 [MAC 5] PickTxSlot chose 5 using historical next_tslot modulo probe
time_ns=32240000000 [MAC 5] TX opportunity reached currentSlot=3 reserveNextSlot=5
time_ns=32240000000 ... type=1 speedKey=8[t=32.24] TX from node 5 to dest 1 seq 8 size 100 bytes segments 4 at slot 5 rate 8 kbps txPower 33 dBm (7843.14 bps) preamble SHORT duration 0.12546 s
time_ns=32240000000 [t=32.24] RX OCCLUDED at node 2 from node 5 seq 8
time_ns=32240000000 [t=32.24] RX OCCLUDED at node 7 from node 5 seq 8
time_ns=32240000000 [t=32.24] RX OCCLUDED at node 8 from node 5 seq 8
time_ns=32240000000 [MAC 5] ACK transmitted in aggregate dest=1 seq=8 txCount=5/5
time_ns=32240000000 [MAC 5] ACK transmitted in aggregate dest=3 seq=2 txCount=4/5
time_ns=32240000000 [MAC 5] ACK transmitted in aggregate dest=3 seq=3 txCount=3/5
time_ns=32240000000 [MAC 5] ACK transmitted in aggregate dest=3 seq=4 txCount=3/5
time_ns=32240000000 [MAC 5] Remove ACK after OPNET resend limit dest=1 seq=8
time_ns=32240000000 [MAC 5] OPNET aggregate transmitted segments=4 ackSegments=4 dataSegments=0 bytes=100 rate=8
time_ns=32240000000 [MAC 1] rtslot_counter expired for neighbor 5 reserveSlot=3
time_ns=32240011086 [t=32.24] RX SYNC at node 1 from node 5 seq 8 power -107.876 dBm noise -106.975 dBm snr -0.900945 dB state=1
time_ns=32240012444 [t=32.24] RX SYNC at node 4 from node 5 seq 8 power -109.884 dBm noise -106.975 dBm snr -2.90891 dB state=1
time_ns=32240019163 [t=32.24] RX SYNC at node 3 from node 5 seq 8 power -117.383 dBm noise -106.975 dBm snr -10.408 dB state=1
time_ns=32246641086 [t=32.2466] MAC 1 enters Track on node 5 seq 8 power -107.876 dBm
time_ns=32246642444 [t=32.2466] MAC 4 enters Track on node 5 seq 8 power -109.884 dBm
time_ns=32246649163 [t=32.2466] MAC 3 enters Track on node 5 seq 8 power -117.383 dBm
time_ns=32365460000 [MAC 5] resumes Pre-Tx with live slot=5 counter=5
time_ns=32365471086 [t=32.3655] RX at node 1 from node 5 seq 8 rate 8 kbps txPower 33 dBm preamble SHORT pathloss 140.876 dB snr -0.900945 dB (slot 5, len 100B, ackable=0)
time_ns=32365471086 [MAC 1] Learned neighbor 5 uses slot 5 (rtCounter=5)
time_ns=32365471086 [HOP 1] RX ACK from 5 seq=8
time_ns=32365471086 [HOP 1] Overheard frame from 5 for 3 type=1 ignored after neighbor update
time_ns=32365471086 [HOP 1] Overheard frame from 5 for 3 type=1 ignored after neighbor update
time_ns=32365471086 [HOP 1] Overheard frame from 5 for 3 type=1 ignored after neighbor update
time_ns=32365471114 [NWK 1] CheckNwkQueue: size=0
time_ns=32365472444 [t=32.3655] RX OVERHEARD at node 4 from node 5 seq 8 rate 8 kbps txPower 33 dBm preamble SHORT pathloss 142.884 dB snr -2.90891 dB (slot 5, len 100B, ackable=0)
time_ns=32365472444 [MAC 4] Learned neighbor 5 uses slot 5 (rtCounter=5)
time_ns=32365472444 [HOP 4] Overheard frame from 5 for 1 type=1 ignored after neighbor update
time_ns=32365472444 [HOP 4] Overheard frame from 5 for 3 type=1 ignored after neighbor update
time_ns=32365472444 [HOP 4] Overheard frame from 5 for 3 type=1 ignored after neighbor update
time_ns=32365472444 [HOP 4] Overheard frame from 5 for 3 type=1 ignored after neighbor update
time_ns=32365479163 [t=32.3655] RX at node 3 from node 5 seq 8 rate 8 kbps txPower 33 dBm preamble SHORT pathloss 150.383 dB snr -10.408 dB (slot 5, len 100B, ackable=0)
time_ns=32365479163 [MAC 3] Learned neighbor 5 uses slot 5 (rtCounter=5)
time_ns=32365479163 [HOP 3] Overheard frame from 5 for 1 type=1 ignored after neighbor update
time_ns=32365479163 [HOP 3] RX ACK from 5 seq=2
time_ns=32365479163 [HOP 3] RX ACK from 5 seq=3
time_ns=32365479163 [HOP 3] RX ACK from 5 seq=4
time_ns=32365479191 [NWK 3] CheckNwkQueue: size=0
time_ns=32435000000 [MAC 4] rtslot_counter expired for neighbor 5 reserveSlot=5
time_ns=32435000000 [MAC 3] rtslot_counter expired for neighbor 5 reserveSlot=5
time_ns=32435000000 [MAC 5] PickTxSlot(dest=3) active_nodes_for_slotting=3 opnet_slot_range=31
time_ns=32435000000 [MAC 5] avoiding neighbor 3 currentReservedSlot=2 rtslot_counter=2
time_ns=32435000000 [MAC 5] PickTxSlot(dest=3) avoid: 2
time_ns=32435000000 [MAC 5] PickTxSlot chose 16 using historical next_tslot modulo probe
time_ns=32435000000 [MAC 5] TX opportunity reached currentSlot=5 reserveNextSlot=16
time_ns=32435000000 ... type=1 speedKey=8[t=32.435] TX from node 5 to dest 3 seq 2 size 75 bytes segments 3 at slot 16 rate 8 kbps txPower 33 dBm (7843.14 bps) preamble SHORT duration 0.09996 s
time_ns=32435000000 [t=32.435] RX OCCLUDED at node 2 from node 5 seq 2
time_ns=32435000000 [t=32.435] RX OCCLUDED at node 7 from node 5 seq 2
time_ns=32435000000 [t=32.435] RX OCCLUDED at node 8 from node 5 seq 2
time_ns=32435000000 [MAC 5] ACK transmitted in aggregate dest=3 seq=2 txCount=5/5
time_ns=32435000000 [MAC 5] ACK transmitted in aggregate dest=3 seq=3 txCount=4/5
time_ns=32435000000 [MAC 5] ACK transmitted in aggregate dest=3 seq=4 txCount=4/5
time_ns=32435000000 [MAC 5] Remove ACK after OPNET resend limit dest=3 seq=2
time_ns=32435000000 [MAC 5] OPNET aggregate transmitted segments=3 ackSegments=3 dataSegments=0 bytes=75 rate=8
time_ns=32435000000 [MAC 1] rtslot_counter expired for neighbor 5 reserveSlot=5
time_ns=32435011086 [t=32.435] RX SYNC at node 1 from node 5 seq 2 power -107.876 dBm noise -106.975 dBm snr -0.900945 dB state=1
time_ns=32435012444 [t=32.435] RX SYNC at node 4 from node 5 seq 2 power -109.884 dBm noise -106.975 dBm snr -2.90891 dB state=1
time_ns=32435019163 [t=32.435] RX SYNC at node 3 from node 5 seq 2 power -117.383 dBm noise -106.975 dBm snr -10.408 dB state=1
time_ns=32441641086 [t=32.4416] MAC 1 enters Track on node 5 seq 2 power -107.876 dBm
time_ns=32441642444 [t=32.4416] MAC 4 enters Track on node 5 seq 2 power -109.884 dBm
time_ns=32441649163 [t=32.4416] MAC 3 enters Track on node 5 seq 2 power -117.383 dBm
time_ns=32534960000 [MAC 5] resumes Pre-Tx with live slot=16 counter=16
time_ns=32534971086 [t=32.535] RX OVERHEARD at node 1 from node 5 seq 2 rate 8 kbps txPower 33 dBm preamble SHORT pathloss 140.876 dB snr -0.900945 dB (slot 16, len 75B, ackable=0)
time_ns=32534971086 [MAC 1] Learned neighbor 5 uses slot 16 (rtCounter=16)
time_ns=32534971086 [HOP 1] Overheard frame from 5 for 3 type=1 ignored after neighbor update
time_ns=32534971086 [HOP 1] Overheard frame from 5 for 3 type=1 ignored after neighbor update
time_ns=32534971086 [HOP 1] Overheard frame from 5 for 3 type=1 ignored after neighbor update
time_ns=32534972444 [t=32.535] RX OVERHEARD at node 4 from node 5 seq 2 rate 8 kbps txPower 33 dBm preamble SHORT pathloss 142.884 dB snr -2.90891 dB (slot 16, len 75B, ackable=0)
time_ns=32534972444 [MAC 4] Learned neighbor 5 uses slot 16 (rtCounter=16)
time_ns=32534972444 [HOP 4] Overheard frame from 5 for 3 type=1 ignored after neighbor update
time_ns=32534972444 [HOP 4] Overheard frame from 5 for 3 type=1 ignored after neighbor update
time_ns=32534972444 [HOP 4] Overheard frame from 5 for 3 type=1 ignored after neighbor update
time_ns=32534979163 [t=32.535] RX at node 3 from node 5 seq 2 rate 8 kbps txPower 33 dBm preamble SHORT pathloss 150.383 dB snr -10.408 dB (slot 16, len 75B, ackable=0)
time_ns=32534979163 [MAC 3] Learned neighbor 5 uses slot 16 (rtCounter=16)
time_ns=32534979163 [HOP 3] RX ACK from 5 seq=2
time_ns=32534979163 [HOP 3] RX ACK from 5 seq=3
time_ns=32534979163 [HOP 3] RX ACK from 5 seq=4
time_ns=32534979191 [NWK 3] CheckNwkQueue: size=0
time_ns=32539000000 [MAC 1] PickTxSlot(dest=5) active_nodes_for_slotting=3 opnet_slot_range=31
time_ns=32539000000 [MAC 1] avoiding neighbor 3 currentReservedSlot=1 rtslot_counter=1
time_ns=32539000000 [MAC 1] avoiding neighbor 5 currentReservedSlot=15 rtslot_counter=15
time_ns=32539000000 [MAC 1] PickTxSlot(dest=5) avoid: 1 15
time_ns=32539000000 [MAC 1] PickTxSlot chose 31 using historical next_tslot modulo probe
time_ns=32539000000 [MAC 1] TX opportunity reached currentSlot=17 reserveNextSlot=31
time_ns=32539000000 ... type=1 speedKey=8[t=32.539] TX from node 1 to dest 5 seq 9 size 25 bytes segments 1 at slot 31 rate 8 kbps txPower 33 dBm (7843.14 bps) preamble SHORT duration 0.04896 s
time_ns=32539000000 [t=32.539] RX OCCLUDED at node 2 from node 1 seq 9
time_ns=32539000000 [t=32.539] RX OCCLUDED at node 7 from node 1 seq 9
time_ns=32539000000 [t=32.539] RX OCCLUDED at node 8 from node 1 seq 9
time_ns=32539000000 [MAC 1] ACK transmitted in aggregate dest=5 seq=9 txCount=1/5
time_ns=32539000000 [MAC 1] OPNET aggregate transmitted segments=1 ackSegments=1 dataSegments=0 bytes=25 rate=8
time_ns=32539008077 [t=32.539] RX SYNC at node 3 from node 1 seq 9 power -102.376 dBm noise -106.975 dBm snr 4.59934 dB state=1
time_ns=32539011086 [t=32.539] RX SYNC at node 5 from node 1 seq 9 power -107.876 dBm noise -106.975 dBm snr -0.900945 dB state=1
time_ns=32539023527 [t=32.539] RX SYNC at node 4 from node 1 seq 9 power -120.948 dBm noise -106.975 dBm snr -13.9725 dB state=1 below-threshold
time_ns=32545638077 [t=32.5456] MAC 3 enters Track on node 1 seq 9 power -102.376 dBm
time_ns=32545641086 [t=32.5456] MAC 5 enters Track on node 1 seq 9 power -107.876 dBm
time_ns=32587960000 [MAC 1] resumes Pre-Tx with live slot=31 counter=31
time_ns=32587968077 [t=32.588] RX OVERHEARD at node 3 from node 1 seq 9 rate 8 kbps txPower 33 dBm preamble SHORT pathloss 135.376 dB snr 4.59934 dB (slot 31, len 25B, ackable=0)
time_ns=32587968077 [MAC 3] Learned neighbor 1 uses slot 31 (rtCounter=31)
time_ns=32587968077 [HOP 3] Overheard frame from 1 for 5 type=1 ignored after neighbor update
time_ns=32587971086 [t=32.588] RX at node 5 from node 1 seq 9 rate 8 kbps txPower 33 dBm preamble SHORT pathloss 140.876 dB snr -0.900945 dB (slot 31, len 25B, ackable=0)
time_ns=32587971086 [MAC 5] Learned neighbor 1 uses slot 31 (rtCounter=31)
time_ns=32587971086 [HOP 5] RX ACK from 1 seq=9
time_ns=32587971086 [HOP 5] Reliable RoutingControl ACK progress with 1 seq=9 routingSequence=4 section=0/1
time_ns=32587971086 [NWK 5] Reliable RoutingControl ACKed neighbor=1 routingSequence=4 operation=Update section=0/1 lastOfInfo=0
time_ns=32587971086 [NWK 5] Updated grouped routing-control residual ACKed=1 removed=1 lastOfInfo=0 remaining=1
time_ns=32587971086 [HOP 5] RoutingControl partial ACK neighbor=1 seq=9 resendEntryRetained=1
time_ns=32587971114 [NWK 5] CheckNwkQueue: size=0
time_ns=32604000000 [MAC 3] PickTxSlot(dest=5) active_nodes_for_slotting=3 opnet_slot_range=31
time_ns=32604000000 [MAC 3] avoiding neighbor 1 currentReservedSlot=29 rtslot_counter=29
time_ns=32604000000 [MAC 3] avoiding neighbor 5 currentReservedSlot=13 rtslot_counter=13
time_ns=32604000000 [MAC 3] PickTxSlot(dest=5) avoid: 13 29
time_ns=32604000000 [MAC 3] PickTxSlot chose 20 using historical next_tslot modulo probe
time_ns=32604000000 [MAC 3] TX opportunity reached currentSlot=24 reserveNextSlot=20
time_ns=32604000000 ... type=1 speedKey=8[t=32.604] TX from node 3 to dest 5 seq 1 size 201 bytes segments 6 at slot 20 rate 8 kbps txPower 33 dBm (7843.14 bps) preamble SHORT duration 0.22848 s
time_ns=32604000000 [t=32.604] RX OCCLUDED at node 2 from node 3 seq 1
time_ns=32604000000 [t=32.604] RX OCCLUDED at node 4 from node 3 seq 1
time_ns=32604000000 [t=32.604] RX OCCLUDED at node 7 from node 3 seq 1
time_ns=32604000000 [t=32.604] RX OCCLUDED at node 8 from node 3 seq 1
time_ns=32604000000 [HOP 3] MAC sent confirmation dest=5 seq=5 transmission=1 sentAt=32.604
time_ns=32604000000 [HOP 3] MAC sent confirmation dest=5 seq=6 transmission=1 sentAt=32.604
time_ns=32604000000 [MAC 3] ACK transmitted in aggregate dest=5 seq=1 txCount=5/5
time_ns=32604000000 [MAC 3] ACK transmitted in aggregate dest=5 seq=3 txCount=4/5
time_ns=32604000000 [MAC 3] ACK transmitted in aggregate dest=5 seq=4 txCount=1/5
time_ns=32604000000 [MAC 3] ACK transmitted in aggregate dest=5 seq=5 txCount=1/5
time_ns=32604000000 [MAC 3] Remove ACK after OPNET resend limit dest=5 seq=1
time_ns=32604000000 [MAC 3] OPNET aggregate transmitted segments=6 ackSegments=4 dataSegments=2 bytes=201 rate=8
time_ns=32604000000 [MAC 5] rtslot_counter expired for neighbor 3 reserveSlot=24
time_ns=32604000000 [MAC 1] rtslot_counter expired for neighbor 3 reserveSlot=24
time_ns=32604008077 [t=32.604] RX SYNC at node 1 from node 3 seq 1 power -102.376 dBm noise -106.975 dBm snr 4.59934 dB state=1
time_ns=32604019163 [t=32.604] RX SYNC at node 5 from node 3 seq 1 power -117.383 dBm noise -106.975 dBm snr -10.408 dB state=1
time_ns=32610638077 [t=32.6106] MAC 1 enters Track on node 3 seq 1 power -102.376 dBm
time_ns=32610649163 [t=32.6106] MAC 5 enters Track on node 3 seq 1 power -117.383 dBm
time_ns=32708000000 [MAC 4] PickTxSlot(dest=5) active_nodes_for_slotting=2 opnet_slot_range=31
time_ns=32708000000 [MAC 4] avoiding neighbor 5 currentReservedSlot=2 rtslot_counter=2
time_ns=32708000000 [MAC 4] PickTxSlot(dest=5) avoid: 2
time_ns=32708000000 [MAC 4] PickTxSlot chose 7 using historical next_tslot modulo probe
time_ns=32708000000 [MAC 4] TX opportunity reached currentSlot=30 reserveNextSlot=7
time_ns=32708000000 ... type=8 speedKey=8[t=32.708] TX from node 4 to dest 5 seq 3 size 18 bytes segments 1 at slot 7 rate 8 kbps txPower 33 dBm (7843.14 bps) preamble SHORT duration 0.04182 s
time_ns=32708000000 [t=32.708] RX OCCLUDED at node 3 from node 4 seq 3
time_ns=32708000000 [t=32.708] RX OCCLUDED at node 7 from node 4 seq 3
time_ns=32708000000 [t=32.708] RX OCCLUDED at node 8 from node 4 seq 3
time_ns=32708000000 [MAC 4] OPNET aggregate transmitted segments=1 ackSegments=0 dataSegments=1 bytes=18 rate=8
time_ns=32708012444 [t=32.708] RX SYNC at node 5 from node 4 seq 3 power -109.884 dBm noise -106.975 dBm snr -2.90891 dB state=2
time_ns=32708013632 [t=32.708] RX SYNC at node 2 from node 4 seq 3 power -111.468 dBm noise -106.975 dBm snr -4.4927 dB state=0
time_ns=32708023527 [t=32.708] RX SYNC at node 1 from node 4 seq 3 power -120.948 dBm noise -106.975 dBm snr -13.9725 dB state=2 below-threshold
time_ns=32749820000 [MAC 4] post-TX WAIT_FOR_ACK until 51.2498 (POST_TX_WAIT=18.5 s)
time_ns=32749833632 [t=32.7498] RX MISS at node 2 from node 4 seq 3
time_ns=32758000028 [MAC] Enqueue TX pkt dscp=7 insert_pos=0 queue_size_before=0
time_ns=32758000028 [MAC] Enqueue TX pkt dscp=7 insert_pos=1 queue_size_before=1
time_ns=32786000000 [MAC 4] rtslot_counter expired for neighbor 5 reserveSlot=16
time_ns=32832480000 [MAC 3] resumes Pre-Tx with live slot=20 counter=20
time_ns=32832488077 [t=32.8325] RX at node 1 from node 3 seq 1 rate 8 kbps txPower 33 dBm preamble SHORT pathloss 135.376 dB snr 4.59934 dB (slot 20, len 201B, ackable=1)
time_ns=32832488077 [MAC 1] Learned neighbor 3 uses slot 20 (rtCounter=20)
time_ns=32832488077 [HOP 1] Overheard frame from 3 for 5 type=1 ignored after neighbor update
time_ns=32832488077 [HOP 1] Overheard frame from 3 for 5 type=1 ignored after neighbor update
time_ns=32832488077 [HOP 1] Overheard frame from 3 for 5 type=1 ignored after neighbor update
time_ns=32832488077 [HOP 1] Overheard frame from 3 for 5 type=1 ignored after neighbor update
time_ns=32832488077 [HOP 1] RX reliable RoutingControl from 3 seq=9 firstReception=1
time_ns=32832488077 [MAC 1] active_nodes set to 3 for local slotting and post-TX wait
time_ns=32832488077 [NWK 1] active_nodes=3 pushed to MAC
time_ns=32832488077 [NWK 1] Updated HELLO neighbor=3 hopSrc=3 speedKey=8 activeNodes=3 pathloss=135.376 snr=4.59934
time_ns=32832488077 [NWK 1] link_calc neighbor=3 s0=-103 pathloss=135.376 numFailures=0 speed=8 txPower=33 estDistance=287 speedMargin=0.624344 totalMargin=0.624344 costMode=local-only cost=3587
time_ns=32832488077 [NWK 1] Updated route candidate dst=3 nextHop=3 hops=1 oldCost=3587 newCost=3587 valid=1->1 selectionDeferred=0 selected=1
time_ns=32832488077 [NWK 1] ARL route message from 3 type=RoutingUpdate advCount=0
time_ns=32832488077 [NWK 1] Buffered ARL routing section from=3 routingSequence=5 section=0/1 buffered=1
time_ns=32832488077 [NWK 1] Reassembled complete ARL routing message from=3 routingSequence=5 sections=1 recordBytes=14 records=1
time_ns=32832488077 [NWK 1] Updated route candidate dst=5 nextHop=3 hops=2 oldCost=0 newCost=11037 valid=0->1 selectionDeferred=0 selected=0
time_ns=32832488077 [NWK 1] Applied ARL UPDATE from=3 dst=5 advertisedHops=1 advertisedCost=7450 routingSequence=5
time_ns=32832488077 [NWK 1] Routes: dst=3->nh=3(hops=1,cost=3587,linkCost=3587,advCost=0,from=3,imm=1,pl=135.376,valid=1,path=[3]) dst=5->nh=5(hops=1,cost=7450,linkCost=7450,advCost=0,from=5,imm=1,pl=140.876,valid=1,path=[5]) dst=3->nh=5(hops=3,cost=0,linkCost=0,advCost=11037,from=5,imm=0,pl=nan,valid=0,path=[1->3]) dst=5->nh=3(hops=2,cost=11037,linkCost=3587,advCost=7450,from=3,imm=0,pl=135.376,valid=1,path=[3->5])
time_ns=32832488077 [HOP 1] link_control dest=3 neighborKnown=1 s0=-103 pathloss=135.376 failures=0 speed=8 txPower=33 rxPower=-103 cost=3587
time_ns=32832488077 [HOP 1] ACK RoutingControl to 3 seq=9
time_ns=32832488077 [MAC 1] Enqueue ACK dest=3 seq=9 window=0 ack_queue_size=2
time_ns=32832499163 [t=32.8325] RX at node 5 from node 3 seq 1 rate 8 kbps txPower 33 dBm preamble SHORT pathloss 150.383 dB snr -10.408 dB (slot 20, len 201B, ackable=1)
time_ns=32832499163 [MAC 5] Learned neighbor 3 uses slot 20 (rtCounter=20)
time_ns=32832499163 [HOP 5] RX ACK from 3 seq=1
time_ns=32832499163 [HOP 5] RX ACK from 3 seq=3
time_ns=32832499163 [HOP 5] RX ACK from 3 seq=4
time_ns=32832499163 [HOP 5] Reliable RoutingControl completed with 3 seq=4 routingSequence=3 section=0/1
time_ns=32832499163 [NWK 5] Reliable RoutingControl ACKed neighbor=3 routingSequence=3 operation=Update section=0/1 lastOfInfo=1
time_ns=32832499163 [NWK 5] ARL RoutingSnapshot section ACKed neighbor=3 routingSequence=3 section=0/1 ackedSections=1
time_ns=32832499163 [NWK 5] Reliable ARL RoutingSnapshot completed neighbor=3 routingSequence=3 sections=1
time_ns=32832499163 [HOP 5] RX ACK from 3 seq=5
time_ns=32832499163 [HOP 5] Reliable RoutingControl completed with 3 seq=5 routingSequence=4 section=0/1
time_ns=32832499163 [NWK 5] Reliable RoutingControl ACKed neighbor=3 routingSequence=4 operation=Update section=0/1 lastOfInfo=1
time_ns=32832499163 [NWK 5] Updated grouped routing-control residual ACKed=3 removed=1 lastOfInfo=1 remaining=0
time_ns=32832499163 [NWK 5] Released completed grouped routing-control owner routingSequence=4 section=0
time_ns=32832499163 [HOP 5] RX reliable RoutingControl from 3 seq=5 firstReception=1
time_ns=32832499163 [MAC 5] active_nodes set to 3 for local slotting and post-TX wait
time_ns=32832499163 [NWK 5] active_nodes=3 pushed to MAC
time_ns=32832499163 [NWK 5] Updated HELLO neighbor=3 hopSrc=3 speedKey=8 activeNodes=3 pathloss=150.383 snr=-10.408
time_ns=32832499163 [NWK 5] link_calc neighbor=3 s0=-103 pathloss=150.383 numFailures=0 speed=8 txPower=33 estDistance=298 speedMargin=-14.383 totalMargin=-14.383 costMode=local-only cost=7450
time_ns=32832499163 [NWK 5] Updated route candidate dst=3 nextHop=3 hops=1 oldCost=7450 newCost=7450 valid=1->1 selectionDeferred=0 selected=1
time_ns=32832499163 [NWK 5] ARL route message from 3 type=RoutingUpdate advCount=0
time_ns=32832499163 [NWK 5] Buffered ARL routing section from=3 routingSequence=4 section=0/1 buffered=1
time_ns=32832499163 [NWK 5] Reassembled complete ARL routing message from=3 routingSequence=4 sections=1 recordBytes=43 records=4
time_ns=32832499163 [NWK 5] Applied ARL INFO from=3 routingSequence=4
time_ns=32832499163 [NWK 5] Updated selected-route preference dst=3 preferredNextHop=3
time_ns=32832499163 [NWK 5] Selected route changed dst=3 reason=ARL self UPDATE pendingDestinations=1
time_ns=32832499163 [NWK 5] Applied source-owned neighbor capability neighbor=3 capability=1 routingSequence=4 directCost=7450
time_ns=32832499163 [NWK 5] Added route candidate dst=1 nextHop=3 hops=2 cost=11037 linkCost=7450 advCost=3587 learnedFrom=3 selectionDeferred=0 selected=0
time_ns=32832499163 [NWK 5] Applied ARL UPDATE from=3 dst=1 advertisedHops=1 advertisedCost=3587 routingSequence=4
time_ns=32832499163 [NWK 5] Applied ARL FLUSH from=3 routingSequence=4 routesInvalidated=0
time_ns=32832499163 [NWK 5] Routes: dst=1->nh=1(hops=1,cost=7450,linkCost=7450,advCost=0,from=1,imm=1,pl=140.876,valid=1,path=[1]) dst=3->nh=1(hops=2,cost=11037,linkCost=7450,advCost=3587,from=1,imm=0,pl=140.876,valid=1,path=[1->3]) dst=3->nh=3(hops=1,cost=7450,linkCost=7450,advCost=0,from=3,imm=1,pl=150.383,valid=1,path=[3]) dst=1->nh=3(hops=2,cost=11037,linkCost=7450,advCost=3587,from=3,imm=0,pl=150.383,valid=1,path=[3->1])
time_ns=32832499163 [HOP 5] link_control dest=3 neighborKnown=1 s0=-103 pathloss=150.383 failures=0 speed=8 txPower=33 rxPower=-103 cost=7450
time_ns=32832499163 [HOP 5] ACK RoutingControl to 3 seq=5
time_ns=32832499163 [MAC 5] Enqueue ACK dest=3 seq=5 window=0 ack_queue_size=3
time_ns=32832499163 [HOP 5] RX reliable RoutingControl from 3 seq=6 firstReception=1
time_ns=32832499163 [MAC 5] active_nodes set to 3 for local slotting and post-TX wait
time_ns=32832499163 [NWK 5] active_nodes=3 pushed to MAC
time_ns=32832499163 [NWK 5] Updated HELLO neighbor=3 hopSrc=3 speedKey=8 activeNodes=3 pathloss=150.383 snr=-10.408
time_ns=32832499163 [NWK 5] link_calc neighbor=3 s0=-103 pathloss=150.383 numFailures=0 speed=8 txPower=33 estDistance=298 speedMargin=-14.383 totalMargin=-14.383 costMode=local-only cost=7450
time_ns=32832499163 [NWK 5] Updated route candidate dst=3 nextHop=3 hops=1 oldCost=7450 newCost=7450 valid=1->1 selectionDeferred=0 selected=1
time_ns=32832499163 [NWK 5] ARL route message from 3 type=RoutingUpdate advCount=0
time_ns=32832499163 [NWK 5] Buffered ARL routing section from=3 routingSequence=5 section=0/1 buffered=1
time_ns=32832499163 [NWK 5] Reassembled complete ARL routing message from=3 routingSequence=5 sections=1 recordBytes=14 records=1
time_ns=32832499163 [NWK 5] Ignoring unsupported ARL UPDATE node node24=5 from=3
time_ns=32832499163 [NWK 5] Routes: dst=1->nh=1(hops=1,cost=7450,linkCost=7450,advCost=0,from=1,imm=1,pl=140.876,valid=1,path=[1]) dst=3->nh=1(hops=2,cost=11037,linkCost=7450,advCost=3587,from=1,imm=0,pl=140.876,valid=1,path=[1->3]) dst=3->nh=3(hops=1,cost=7450,linkCost=7450,advCost=0,from=3,imm=1,pl=150.383,valid=1,path=[3]) dst=1->nh=3(hops=2,cost=11037,linkCost=7450,advCost=3587,from=3,imm=0,pl=150.383,valid=1,path=[3->1])
time_ns=32832499163 [HOP 5] link_control dest=3 neighborKnown=1 s0=-103 pathloss=150.383 failures=0 speed=8 txPower=33 rxPower=-103 cost=7450
time_ns=32832499163 [HOP 5] ACK RoutingControl to 3 seq=6
time_ns=32832499163 [MAC 5] Enqueue ACK dest=3 seq=6 window=0 ack_queue_size=4
time_ns=32832499163 [NWK 5] routesProcess grouped selected-route changes count=1 infoChanged=0 time=32.8325
time_ns=32832499163 [NWK 5] Best route dst=3 nextHop=3 cost=7450 hops=1 learnedFrom=3 candidates=2 validCandidates=2
time_ns=32832499163 [NWK 5] Sending source-exact grouped route changes routingSequence=5 infoChanged=0 destinations=1 neighbors=2 groups=1 sections=1
time_ns=32832499163 [NWK 5] Retained grouped routing-control owner routingSequence=5 operation=Update section=0/1 destinations=2 owners=1
time_ns=32832499163 [HOP 5] link_control dest=3 neighborKnown=1 s0=-103 pathloss=150.383 failures=0 speed=8 txPower=33 rxPower=-103 cost=7450
time_ns=32832499163 [HOP 5] link_control dest=1 neighborKnown=1 s0=-103 pathloss=140.876 failures=0 speed=8 txPower=33 rxPower=-103 cost=7450
time_ns=32832499163 [HOP 5] TX reliable RoutingControl targets=3:6,1:10
time_ns=32832499163 [MAC] Enqueue TX pkt dscp=7 insert_pos=2 queue_size_before=2
time_ns=32832499191 [NWK 5] CheckNwkQueue: size=0
time_ns=32851000000 [MAC 4] local advertised reservation expired
time_ns=33007000000 [MAC 3] rtslot_counter expired for neighbor 5 reserveSlot=16
time_ns=33007000000 [MAC 5] PickTxSlot(dest=3) active_nodes_for_slotting=3 opnet_slot_range=31
time_ns=33007000000 [MAC 5] avoiding neighbor 1 currentReservedSlot=15 rtslot_counter=15
time_ns=33007000000 [MAC 5] avoiding neighbor 3 currentReservedSlot=6 rtslot_counter=6
time_ns=33007000000 [MAC 5] PickTxSlot(dest=3) avoid: 6 15
time_ns=33007000000 [MAC 5] PickTxSlot chose 27 using historical next_tslot modulo probe
time_ns=33007000000 [MAC 5] TX opportunity reached currentSlot=16 reserveNextSlot=27
time_ns=33007000000 ... type=1 speedKey=8[t=33.007] TX from node 5 to dest 3 seq 3 size 227 bytes segments 7 at slot 27 rate 8 kbps txPower 33 dBm (7843.14 bps) preamble SHORT duration 0.255 s
time_ns=33007000000 [t=33.007] RX OCCLUDED at node 2 from node 5 seq 3
time_ns=33007000000 [t=33.007] RX OCCLUDED at node 7 from node 5 seq 3
time_ns=33007000000 [t=33.007] RX OCCLUDED at node 8 from node 5 seq 3
time_ns=33007000000 [HOP 5] MAC sent confirmation dest=3 seq=6 transmission=1 sentAt=33.007
time_ns=33007000000 [MAC 5] ACK transmitted in aggregate dest=3 seq=3 txCount=5/5
time_ns=33007000000 [MAC 5] ACK transmitted in aggregate dest=3 seq=4 txCount=5/5
time_ns=33007000000 [MAC 5] ACK transmitted in aggregate dest=3 seq=5 txCount=1/5
time_ns=33007000000 [MAC 5] ACK transmitted in aggregate dest=3 seq=6 txCount=1/5
time_ns=33007000000 [MAC 5] Remove ACK after OPNET resend limit dest=3 seq=3
time_ns=33007000000 [MAC 5] Remove ACK after OPNET resend limit dest=3 seq=4
time_ns=33007000000 [MAC 5] OPNET aggregate transmitted segments=7 ackSegments=4 dataSegments=3 bytes=227 rate=8
time_ns=33007000000 [MAC 1] rtslot_counter expired for neighbor 5 reserveSlot=16
time_ns=33007011086 [t=33.007] RX SYNC at node 1 from node 5 seq 3 power -107.876 dBm noise -106.975 dBm snr -0.900945 dB state=1
time_ns=33007012444 [t=33.007] RX SYNC at node 4 from node 5 seq 3 power -109.884 dBm noise -106.975 dBm snr -2.90891 dB state=1
time_ns=33007019163 [t=33.007] RX SYNC at node 3 from node 5 seq 3 power -117.383 dBm noise -106.975 dBm snr -10.408 dB state=1
time_ns=33013641086 [t=33.0136] MAC 1 enters Track on node 5 seq 3 power -107.876 dBm
time_ns=33013642444 [t=33.0136] MAC 4 enters Track on node 5 seq 3 power -109.884 dBm
time_ns=33013649163 [t=33.0136] MAC 3 enters Track on node 5 seq 3 power -117.383 dBm
time_ns=33262000000 [MAC 5] resumes Pre-Tx with live slot=27 counter=27
time_ns=33262011086 [t=33.262] RX at node 1 from node 5 seq 3 rate 8 kbps txPower 33 dBm preamble SHORT pathloss 140.876 dB snr -0.900945 dB (slot 27, len 227B, ackable=1)
time_ns=33262011086 [MAC 1] Learned neighbor 5 uses slot 27 (rtCounter=27)
time_ns=33262011086 [HOP 1] Overheard frame from 5 for 3 type=1 ignored after neighbor update
time_ns=33262011086 [HOP 1] Overheard frame from 5 for 3 type=1 ignored after neighbor update
time_ns=33262011086 [HOP 1] Overheard frame from 5 for 3 type=1 ignored after neighbor update
time_ns=33262011086 [HOP 1] Overheard frame from 5 for 3 type=1 ignored after neighbor update
time_ns=33262011086 [HOP 1] link_control dest=5 neighborKnown=1 s0=-103 pathloss=140.876 failures=0 speed=8 txPower=33 rxPower=-103 cost=7450
time_ns=33262011086 [HOP 1] ACK authenticated duplicate Group16 RoutingControl to 5 seq=9
time_ns=33262011086 [MAC 1] Ignore duplicate exact ACK dest=5 seq=9
time_ns=33262011086 [HOP 1] RX reliable RoutingControl from 5 seq=10 firstReception=1
time_ns=33262011086 [MAC 1] active_nodes set to 3 for local slotting and post-TX wait
time_ns=33262011086 [NWK 1] active_nodes=3 pushed to MAC
time_ns=33262011086 [NWK 1] Updated HELLO neighbor=5 hopSrc=5 speedKey=8 activeNodes=3 pathloss=140.876 snr=-0.900945
time_ns=33262011086 [NWK 1] link_calc neighbor=5 s0=-103 pathloss=140.876 numFailures=0 speed=8 txPower=33 estDistance=298 speedMargin=-4.87595 totalMargin=-4.87595 costMode=local-only cost=7450
time_ns=33262011086 [NWK 1] Updated route candidate dst=5 nextHop=5 hops=1 oldCost=7450 newCost=7450 valid=1->1 selectionDeferred=0 selected=1
time_ns=33262011086 [NWK 1] ARL route message from 5 type=RoutingUpdate advCount=0
time_ns=33262011086 [NWK 1] Buffered ARL routing section from=5 routingSequence=5 section=0/1 buffered=1
time_ns=33262011086 [NWK 1] Reassembled complete ARL routing message from=5 routingSequence=5 sections=1 recordBytes=14 records=1
time_ns=33262011086 [NWK 1] Updated route candidate dst=3 nextHop=5 hops=2 oldCost=0 newCost=14900 valid=0->1 selectionDeferred=0 selected=0
time_ns=33262011086 [NWK 1] Applied ARL UPDATE from=5 dst=3 advertisedHops=1 advertisedCost=7450 routingSequence=5
time_ns=33262011086 [NWK 1] Routes: dst=3->nh=3(hops=1,cost=3587,linkCost=3587,advCost=0,from=3,imm=1,pl=135.376,valid=1,path=[3]) dst=5->nh=5(hops=1,cost=7450,linkCost=7450,advCost=0,from=5,imm=1,pl=140.876,valid=1,path=[5]) dst=3->nh=5(hops=2,cost=14900,linkCost=7450,advCost=7450,from=5,imm=0,pl=140.876,valid=1,path=[5->3]) dst=5->nh=3(hops=2,cost=11037,linkCost=3587,advCost=7450,from=3,imm=0,pl=135.376,valid=1,path=[3->5])
time_ns=33262011086 [HOP 1] link_control dest=5 neighborKnown=1 s0=-103 pathloss=140.876 failures=0 speed=8 txPower=33 rxPower=-103 cost=7450
time_ns=33262011086 [HOP 1] ACK RoutingControl to 5 seq=10
time_ns=33262011086 [MAC 1] Enqueue ACK dest=5 seq=10 window=0 ack_queue_size=3
time_ns=33262012444 [t=33.262] RX OVERHEARD at node 4 from node 5 seq 3 rate 8 kbps txPower 33 dBm preamble SHORT pathloss 142.884 dB snr -2.90891 dB (slot 27, len 227B, ackable=1)
time_ns=33262012444 [MAC 4] Learned neighbor 5 uses slot 27 (rtCounter=27)
time_ns=33262012444 [HOP 4] Overheard frame from 5 for 3 type=1 ignored after neighbor update
time_ns=33262012444 [HOP 4] Overheard frame from 5 for 3 type=1 ignored after neighbor update
time_ns=33262012444 [HOP 4] Overheard frame from 5 for 3 type=1 ignored after neighbor update
time_ns=33262012444 [HOP 4] Overheard frame from 5 for 3 type=1 ignored after neighbor update
time_ns=33262019163 [t=33.262] RX at node 3 from node 5 seq 3 rate 8 kbps txPower 33 dBm preamble SHORT pathloss 150.383 dB snr -10.408 dB (slot 27, len 227B, ackable=1)
time_ns=33262019163 [MAC 3] Learned neighbor 5 uses slot 27 (rtCounter=27)
time_ns=33262019163 [HOP 3] RX ACK from 5 seq=3
time_ns=33262019163 [HOP 3] RX ACK from 5 seq=4
time_ns=33262019163 [HOP 3] RX ACK from 5 seq=5
time_ns=33262019163 [HOP 3] Reliable RoutingControl completed with 5 seq=5 routingSequence=4 section=0/1
time_ns=33262019163 [NWK 3] Reliable RoutingControl ACKed neighbor=5 routingSequence=4 operation=Update section=0/1 lastOfInfo=1
time_ns=33262019163 [NWK 3] ARL RoutingSnapshot section ACKed neighbor=5 routingSequence=4 section=0/1 ackedSections=1
time_ns=33262019163 [NWK 3] Reliable ARL RoutingSnapshot completed neighbor=5 routingSequence=4 sections=1
time_ns=33262019163 [HOP 3] RX ACK from 5 seq=6
time_ns=33262019163 [HOP 3] Reliable RoutingControl ACK progress with 5 seq=6 routingSequence=5 section=0/1
time_ns=33262019163 [NWK 3] Reliable RoutingControl ACKed neighbor=5 routingSequence=5 operation=Update section=0/1 lastOfInfo=0
time_ns=33262019163 [NWK 3] Updated grouped routing-control residual ACKed=5 removed=1 lastOfInfo=0 remaining=1
time_ns=33262019163 [HOP 3] RoutingControl partial ACK neighbor=5 seq=6 resendEntryRetained=1
time_ns=33262019163 [HOP 3] link_control dest=5 neighborKnown=1 s0=-103 pathloss=150.383 failures=0 speed=8 txPower=33 rxPower=-103 cost=7450
time_ns=33262019163 [HOP 3] ACK authenticated duplicate Group16 RoutingControl to 5 seq=4
time_ns=33262019163 [MAC 3] Ignore duplicate exact ACK dest=5 seq=4
time_ns=33262019163 [HOP 3] link_control dest=5 neighborKnown=1 s0=-103 pathloss=150.383 failures=0 speed=8 txPower=33 rxPower=-103 cost=7450
time_ns=33262019163 [HOP 3] ACK authenticated duplicate Group16 RoutingControl to 5 seq=5
time_ns=33262019163 [MAC 3] Ignore duplicate exact ACK dest=5 seq=5
time_ns=33262019163 [HOP 3] RX reliable RoutingControl from 5 seq=6 firstReception=1
time_ns=33262019163 [MAC 3] active_nodes set to 3 for local slotting and post-TX wait
time_ns=33262019163 [NWK 3] active_nodes=3 pushed to MAC
time_ns=33262019163 [NWK 3] Updated HELLO neighbor=5 hopSrc=5 speedKey=8 activeNodes=3 pathloss=150.383 snr=-10.408
time_ns=33262019163 [NWK 3] link_calc neighbor=5 s0=-103 pathloss=150.383 numFailures=0 speed=8 txPower=33 estDistance=298 speedMargin=-14.383 totalMargin=-14.383 costMode=local-only cost=7450
time_ns=33262019163 [NWK 3] Updated route candidate dst=5 nextHop=5 hops=1 oldCost=7450 newCost=7450 valid=1->1 selectionDeferred=0 selected=1
time_ns=33262019163 [NWK 3] ARL route message from 5 type=RoutingUpdate advCount=0
time_ns=33262019163 [NWK 3] Buffered ARL routing section from=5 routingSequence=5 section=0/1 buffered=1
time_ns=33262019163 [NWK 3] Reassembled complete ARL routing message from=5 routingSequence=5 sections=1 recordBytes=14 records=1
time_ns=33262019163 [NWK 3] Ignoring unsupported ARL UPDATE node node24=3 from=5
time_ns=33262019163 [NWK 3] Routes: dst=1->nh=1(hops=1,cost=3587,linkCost=3587,advCost=0,from=1,imm=1,pl=135.376,valid=1,path=[1]) dst=5->nh=1(hops=2,cost=11037,linkCost=3587,advCost=7450,from=1,imm=0,pl=135.376,valid=1,path=[1->5]) dst=5->nh=5(hops=1,cost=7450,linkCost=7450,advCost=0,from=5,imm=1,pl=150.383,valid=1,path=[5]) dst=1->nh=5(hops=2,cost=14900,linkCost=7450,advCost=7450,from=5,imm=0,pl=150.383,valid=1,path=[5->1])
time_ns=33262019163 [HOP 3] link_control dest=5 neighborKnown=1 s0=-103 pathloss=150.383 failures=0 speed=8 txPower=33 rxPower=-103 cost=7450
time_ns=33262019163 [HOP 3] ACK RoutingControl to 5 seq=6
time_ns=33262019163 [MAC 3] Enqueue ACK dest=5 seq=6 window=0 ack_queue_size=4
time_ns=33262019191 [NWK 3] CheckNwkQueue: size=0
time_ns=33345000000 [MAC 3] PickTxSlot(dest=5) active_nodes_for_slotting=3 opnet_slot_range=31
time_ns=33345000000 [MAC 3] avoiding neighbor 1 currentReservedSlot=8 rtslot_counter=8
time_ns=33345000000 [MAC 3] avoiding neighbor 5 currentReservedSlot=20 rtslot_counter=20
time_ns=33345000000 [MAC 3] PickTxSlot(dest=5) avoid: 8 20
time_ns=33345000000 [MAC 3] PickTxSlot chose 12 using historical next_tslot modulo probe
time_ns=33345000000 [MAC 3] TX opportunity reached currentSlot=20 reserveNextSlot=12
time_ns=33345000000 ... type=1 speedKey=8[t=33.345] TX from node 3 to dest 5 seq 3 size 100 bytes segments 4 at slot 12 rate 8 kbps txPower 33 dBm (7843.14 bps) preamble SHORT duration 0.12546 s
time_ns=33345000000 [t=33.345] RX OCCLUDED at node 2 from node 3 seq 3
time_ns=33345000000 [t=33.345] RX OCCLUDED at node 4 from node 3 seq 3
time_ns=33345000000 [t=33.345] RX OCCLUDED at node 7 from node 3 seq 3
time_ns=33345000000 [t=33.345] RX OCCLUDED at node 8 from node 3 seq 3
time_ns=33345000000 [MAC 3] ACK transmitted in aggregate dest=5 seq=3 txCount=5/5
time_ns=33345000000 [MAC 3] ACK transmitted in aggregate dest=5 seq=4 txCount=2/5
time_ns=33345000000 [MAC 3] ACK transmitted in aggregate dest=5 seq=5 txCount=2/5
time_ns=33345000000 [MAC 3] ACK transmitted in aggregate dest=5 seq=6 txCount=1/5
time_ns=33345000000 [MAC 3] Remove ACK after OPNET resend limit dest=5 seq=3
time_ns=33345000000 [MAC 3] OPNET aggregate transmitted segments=4 ackSegments=4 dataSegments=0 bytes=100 rate=8
time_ns=33345000000 [MAC 5] rtslot_counter expired for neighbor 3 reserveSlot=20
time_ns=33345000000 [MAC 1] rtslot_counter expired for neighbor 3 reserveSlot=20
time_ns=33345008077 [t=33.345] RX SYNC at node 1 from node 3 seq 3 power -102.376 dBm noise -106.975 dBm snr 4.59934 dB state=1
time_ns=33345019163 [t=33.345] RX SYNC at node 5 from node 3 seq 3 power -117.383 dBm noise -106.975 dBm snr -10.408 dB state=1
time_ns=33351638077 [t=33.3516] MAC 1 enters Track on node 3 seq 3 power -102.376 dBm
time_ns=33351649163 [t=33.3516] MAC 5 enters Track on node 3 seq 3 power -117.383 dBm
time_ns=33470460000 [MAC 3] resumes Pre-Tx with live slot=12 counter=12
time_ns=33470468077 [t=33.4705] RX OVERHEARD at node 1 from node 3 seq 3 rate 8 kbps txPower 33 dBm preamble SHORT pathloss 135.376 dB snr 4.59934 dB (slot 12, len 100B, ackable=0)
time_ns=33470468077 [MAC 1] Learned neighbor 3 uses slot 12 (rtCounter=12)
time_ns=33470468077 [HOP 1] Overheard frame from 3 for 5 type=1 ignored after neighbor update
time_ns=33470468077 [HOP 1] Overheard frame from 3 for 5 type=1 ignored after neighbor update
time_ns=33470468077 [HOP 1] Overheard frame from 3 for 5 type=1 ignored after neighbor update
time_ns=33470468077 [HOP 1] Overheard frame from 3 for 5 type=1 ignored after neighbor update
time_ns=33470479163 [t=33.4705] RX at node 5 from node 3 seq 3 rate 8 kbps txPower 33 dBm preamble SHORT pathloss 150.383 dB snr -10.408 dB (slot 12, len 100B, ackable=0)
time_ns=33470479163 [MAC 5] Learned neighbor 3 uses slot 12 (rtCounter=12)
time_ns=33470479163 [HOP 5] RX ACK from 3 seq=3
time_ns=33470479163 [HOP 5] RX ACK from 3 seq=4
time_ns=33470479163 [HOP 5] RX ACK from 3 seq=5
time_ns=33470479163 [HOP 5] RX ACK from 3 seq=6
time_ns=33470479163 [HOP 5] Reliable RoutingControl ACK progress with 3 seq=6 routingSequence=5 section=0/1
time_ns=33470479163 [NWK 5] Reliable RoutingControl ACKed neighbor=3 routingSequence=5 operation=Update section=0/1 lastOfInfo=0
time_ns=33470479163 [NWK 5] Updated grouped routing-control residual ACKed=3 removed=1 lastOfInfo=0 remaining=1
time_ns=33470479163 [HOP 5] RoutingControl partial ACK neighbor=3 seq=6 resendEntryRetained=1
time_ns=33470479191 [NWK 5] CheckNwkQueue: size=0
time_ns=33579000000 [MAC 3] rtslot_counter expired for neighbor 1 reserveSlot=31
time_ns=33579000000 [MAC 5] rtslot_counter expired for neighbor 1 reserveSlot=31
time_ns=33579000000 [MAC 1] PickTxSlot(dest=5) active_nodes_for_slotting=3 opnet_slot_range=31
time_ns=33579000000 [MAC 1] avoiding neighbor 3 currentReservedSlot=3 rtslot_counter=3
time_ns=33579000000 [MAC 1] avoiding neighbor 5 currentReservedSlot=11 rtslot_counter=11
time_ns=33579000000 [MAC 1] PickTxSlot(dest=5) avoid: 3 11
time_ns=33579000000 [MAC 1] PickTxSlot chose 9 using historical next_tslot modulo probe
time_ns=33579000000 [MAC 1] TX opportunity reached currentSlot=31 reserveNextSlot=9
time_ns=33579000000 ... type=1 speedKey=8[t=33.579] TX from node 1 to dest 5 seq 9 size 75 bytes segments 3 at slot 9 rate 8 kbps txPower 33 dBm (7843.14 bps) preamble SHORT duration 0.09996 s
time_ns=33579000000 [t=33.579] RX OCCLUDED at node 2 from node 1 seq 9
time_ns=33579000000 [t=33.579] RX OCCLUDED at node 7 from node 1 seq 9
time_ns=33579000000 [t=33.579] RX OCCLUDED at node 8 from node 1 seq 9
time_ns=33579000000 [MAC 1] ACK transmitted in aggregate dest=5 seq=9 txCount=2/5
time_ns=33579000000 [MAC 1] ACK transmitted in aggregate dest=3 seq=9 txCount=1/5
time_ns=33579000000 [MAC 1] ACK transmitted in aggregate dest=5 seq=10 txCount=1/5
time_ns=33579000000 [MAC 1] OPNET aggregate transmitted segments=3 ackSegments=3 dataSegments=0 bytes=75 rate=8
time_ns=33579008077 [t=33.579] RX SYNC at node 3 from node 1 seq 9 power -102.376 dBm noise -106.975 dBm snr 4.59934 dB state=1
time_ns=33579011086 [t=33.579] RX SYNC at node 5 from node 1 seq 9 power -107.876 dBm noise -106.975 dBm snr -0.900945 dB state=1
time_ns=33579023527 [t=33.579] RX SYNC at node 4 from node 1 seq 9 power -120.948 dBm noise -106.975 dBm snr -13.9725 dB state=1 below-threshold
time_ns=33585638077 [t=33.5856] MAC 3 enters Track on node 1 seq 9 power -102.376 dBm
time_ns=33585641086 [t=33.5856] MAC 5 enters Track on node 1 seq 9 power -107.876 dBm
time_ns=33618000000 [MAC 4] rtslot_counter expired for neighbor 5 reserveSlot=27
time_ns=33678960000 [MAC 1] resumes Pre-Tx with live slot=9 counter=9
time_ns=33678968077 [t=33.679] RX at node 3 from node 1 seq 9 rate 8 kbps txPower 33 dBm preamble SHORT pathloss 135.376 dB snr 4.59934 dB (slot 9, len 75B, ackable=0)
time_ns=33678968077 [MAC 3] Learned neighbor 1 uses slot 9 (rtCounter=9)
time_ns=33678968077 [HOP 3] Overheard frame from 1 for 5 type=1 ignored after neighbor update
time_ns=33678968077 [HOP 3] RX ACK from 1 seq=9
time_ns=33678968077 [HOP 3] Reliable RoutingControl completed with 1 seq=9 routingSequence=5 section=0/1
time_ns=33678968077 [NWK 3] Reliable RoutingControl ACKed neighbor=1 routingSequence=5 operation=Update section=0/1 lastOfInfo=1
time_ns=33678968077 [NWK 3] Updated grouped routing-control residual ACKed=1 removed=1 lastOfInfo=1 remaining=0
time_ns=33678968077 [NWK 3] Released completed grouped routing-control owner routingSequence=5 section=0
time_ns=33678968077 [HOP 3] Overheard frame from 1 for 5 type=1 ignored after neighbor update
time_ns=33678968105 [NWK 3] CheckNwkQueue: size=0
time_ns=33678971086 [t=33.679] RX at node 5 from node 1 seq 9 rate 8 kbps txPower 33 dBm preamble SHORT pathloss 140.876 dB snr -0.900945 dB (slot 9, len 75B, ackable=0)
time_ns=33678971086 [MAC 5] Learned neighbor 1 uses slot 9 (rtCounter=9)
time_ns=33678971086 [HOP 5] RX ACK from 1 seq=9
time_ns=33678971086 [HOP 5] Overheard frame from 1 for 3 type=1 ignored after neighbor update
time_ns=33678971086 [HOP 5] RX ACK from 1 seq=10
time_ns=33678971086 [HOP 5] Reliable RoutingControl completed with 1 seq=10 routingSequence=5 section=0/1
time_ns=33678971086 [NWK 5] Reliable RoutingControl ACKed neighbor=1 routingSequence=5 operation=Update section=0/1 lastOfInfo=1
time_ns=33678971086 [NWK 5] Updated grouped routing-control residual ACKed=1 removed=1 lastOfInfo=1 remaining=0
time_ns=33678971086 [NWK 5] Released completed grouped routing-control owner routingSequence=5 section=0
time_ns=33678971114 [NWK 5] CheckNwkQueue: size=0
time_ns=33722000000 [MAC 3] PickTxSlot(dest=5) active_nodes_for_slotting=3 opnet_slot_range=31
time_ns=33722000000 [MAC 3] avoiding neighbor 1 currentReservedSlot=5 rtslot_counter=5
time_ns=33722000000 [MAC 3] avoiding neighbor 5 currentReservedSlot=7 rtslot_counter=7
time_ns=33722000000 [MAC 3] PickTxSlot(dest=5) avoid: 5 7
time_ns=33722000000 [MAC 3] PickTxSlot chose 31 using historical next_tslot modulo probe
time_ns=33722000000 [MAC 3] TX opportunity reached currentSlot=12 reserveNextSlot=31
time_ns=33722000000 ... type=1 speedKey=8[t=33.722] TX from node 3 to dest 5 seq 4 size 75 bytes segments 3 at slot 31 rate 8 kbps txPower 33 dBm (7843.14 bps) preamble SHORT duration 0.09996 s
time_ns=33722000000 [t=33.722] RX OCCLUDED at node 2 from node 3 seq 4
time_ns=33722000000 [t=33.722] RX OCCLUDED at node 4 from node 3 seq 4
time_ns=33722000000 [t=33.722] RX OCCLUDED at node 7 from node 3 seq 4
time_ns=33722000000 [t=33.722] RX OCCLUDED at node 8 from node 3 seq 4
time_ns=33722000000 [MAC 3] ACK transmitted in aggregate dest=5 seq=4 txCount=3/5
time_ns=33722000000 [MAC 3] ACK transmitted in aggregate dest=5 seq=5 txCount=3/5
time_ns=33722000000 [MAC 3] ACK transmitted in aggregate dest=5 seq=6 txCount=2/5
time_ns=33722000000 [MAC 3] OPNET aggregate transmitted segments=3 ackSegments=3 dataSegments=0 bytes=75 rate=8
time_ns=33722000000 [MAC 5] rtslot_counter expired for neighbor 3 reserveSlot=12
time_ns=33722000000 [MAC 1] rtslot_counter expired for neighbor 3 reserveSlot=12
time_ns=33722008077 [t=33.722] RX SYNC at node 1 from node 3 seq 4 power -102.376 dBm noise -106.975 dBm snr 4.59934 dB state=1
time_ns=33722019163 [t=33.722] RX SYNC at node 5 from node 3 seq 4 power -117.383 dBm noise -106.975 dBm snr -10.408 dB state=1
time_ns=33728638077 [t=33.7286] MAC 1 enters Track on node 3 seq 4 power -102.376 dBm
time_ns=33728649163 [t=33.7286] MAC 5 enters Track on node 3 seq 4 power -117.383 dBm
time_ns=33821960000 [MAC 3] resumes Pre-Tx with live slot=31 counter=31
time_ns=33821968077 [t=33.822] RX OVERHEARD at node 1 from node 3 seq 4 rate 8 kbps txPower 33 dBm preamble SHORT pathloss 135.376 dB snr 4.59934 dB (slot 31, len 75B, ackable=0)
time_ns=33821968077 [MAC 1] Learned neighbor 3 uses slot 31 (rtCounter=31)
time_ns=33821968077 [HOP 1] Overheard frame from 3 for 5 type=1 ignored after neighbor update
time_ns=33821968077 [HOP 1] Overheard frame from 3 for 5 type=1 ignored after neighbor update
time_ns=33821968077 [HOP 1] Overheard frame from 3 for 5 type=1 ignored after neighbor update
time_ns=33821979163 [t=33.822] RX at node 5 from node 3 seq 4 rate 8 kbps txPower 33 dBm preamble SHORT pathloss 150.383 dB snr -10.408 dB (slot 31, len 75B, ackable=0)
time_ns=33821979163 [MAC 5] Learned neighbor 3 uses slot 31 (rtCounter=31)
time_ns=33821979163 [HOP 5] RX ACK from 3 seq=4
time_ns=33821979163 [HOP 5] RX ACK from 3 seq=5
time_ns=33821979163 [HOP 5] RX ACK from 3 seq=6
time_ns=33821979191 [NWK 5] CheckNwkQueue: size=0
time_ns=33891000000 [MAC 3] rtslot_counter expired for neighbor 1 reserveSlot=9
time_ns=33891000000 [MAC 5] rtslot_counter expired for neighbor 1 reserveSlot=9
time_ns=33891000000 [MAC 1] PickTxSlot(dest=5) active_nodes_for_slotting=3 opnet_slot_range=31
time_ns=33891000000 [MAC 1] avoiding neighbor 3 currentReservedSlot=25 rtslot_counter=25
time_ns=33891000000 [MAC 1] avoiding neighbor 5 currentReservedSlot=1 rtslot_counter=1
time_ns=33891000000 [MAC 1] PickTxSlot(dest=5) avoid: 1 25
time_ns=33891000000 [MAC 1] PickTxSlot chose 8 using historical next_tslot modulo probe
time_ns=33891000000 [MAC 1] TX opportunity reached currentSlot=9 reserveNextSlot=8
time_ns=33891000000 ... type=1 speedKey=8[t=33.891] TX from node 1 to dest 5 seq 9 size 75 bytes segments 3 at slot 8 rate 8 kbps txPower 33 dBm (7843.14 bps) preamble SHORT duration 0.09996 s
time_ns=33891000000 [t=33.891] RX OCCLUDED at node 2 from node 1 seq 9
time_ns=33891000000 [t=33.891] RX OCCLUDED at node 7 from node 1 seq 9
time_ns=33891000000 [t=33.891] RX OCCLUDED at node 8 from node 1 seq 9
time_ns=33891000000 [MAC 1] ACK transmitted in aggregate dest=5 seq=9 txCount=3/5
time_ns=33891000000 [MAC 1] ACK transmitted in aggregate dest=3 seq=9 txCount=2/5
time_ns=33891000000 [MAC 1] ACK transmitted in aggregate dest=5 seq=10 txCount=2/5
time_ns=33891000000 [MAC 1] OPNET aggregate transmitted segments=3 ackSegments=3 dataSegments=0 bytes=75 rate=8
time_ns=33891008077 [t=33.891] RX SYNC at node 3 from node 1 seq 9 power -102.376 dBm noise -106.975 dBm snr 4.59934 dB state=1
time_ns=33891011086 [t=33.891] RX SYNC at node 5 from node 1 seq 9 power -107.876 dBm noise -106.975 dBm snr -0.900945 dB state=1
time_ns=33891023527 [t=33.891] RX SYNC at node 4 from node 1 seq 9 power -120.948 dBm noise -106.975 dBm snr -13.9725 dB state=1 below-threshold
time_ns=33897638077 [t=33.8976] MAC 3 enters Track on node 1 seq 9 power -102.376 dBm
time_ns=33897641086 [t=33.8976] MAC 5 enters Track on node 1 seq 9 power -107.876 dBm
time_ns=33990960000 [MAC 1] resumes Pre-Tx with live slot=8 counter=8
time_ns=33990968077 [t=33.991] RX at node 3 from node 1 seq 9 rate 8 kbps txPower 33 dBm preamble SHORT pathloss 135.376 dB snr 4.59934 dB (slot 8, len 75B, ackable=0)
time_ns=33990968077 [MAC 3] Learned neighbor 1 uses slot 8 (rtCounter=8)
time_ns=33990968077 [HOP 3] Overheard frame from 1 for 5 type=1 ignored after neighbor update
time_ns=33990968077 [HOP 3] RX ACK from 1 seq=9
time_ns=33990968077 [HOP 3] Overheard frame from 1 for 5 type=1 ignored after neighbor update
time_ns=33990968105 [NWK 3] CheckNwkQueue: size=0
time_ns=33990971086 [t=33.991] RX at node 5 from node 1 seq 9 rate 8 kbps txPower 33 dBm preamble SHORT pathloss 140.876 dB snr -0.900945 dB (slot 8, len 75B, ackable=0)
time_ns=33990971086 [MAC 5] Learned neighbor 1 uses slot 8 (rtCounter=8)
time_ns=33990971086 [HOP 5] RX ACK from 1 seq=9
time_ns=33990971086 [HOP 5] Overheard frame from 1 for 3 type=1 ignored after neighbor update
time_ns=33990971086 [HOP 5] RX ACK from 1 seq=10
time_ns=33990971114 [NWK 5] CheckNwkQueue: size=0
time_ns=34008000000 [MAC 3] rtslot_counter expired for neighbor 5 reserveSlot=27
time_ns=34008000000 [MAC 5] PickTxSlot(dest=3) active_nodes_for_slotting=3 opnet_slot_range=31
time_ns=34008000000 [MAC 5] avoiding neighbor 1 currentReservedSlot=6 rtslot_counter=6
time_ns=34008000000 [MAC 5] avoiding neighbor 3 currentReservedSlot=23 rtslot_counter=23
time_ns=34008000000 [MAC 5] PickTxSlot(dest=3) avoid: 6 23
time_ns=34008000000 [MAC 5] PickTxSlot chose 0 using historical next_tslot modulo probe
time_ns=34008000000 [MAC 5] TX opportunity reached currentSlot=27 reserveNextSlot=0
time_ns=34008000000 ... type=1 speedKey=8[t=34.008] TX from node 5 to dest 3 seq 5 size 50 bytes segments 2 at slot 0 rate 8 kbps txPower 33 dBm (7843.14 bps) preamble SHORT duration 0.07446 s
time_ns=34008000000 [t=34.008] RX OCCLUDED at node 2 from node 5 seq 5
time_ns=34008000000 [t=34.008] RX OCCLUDED at node 7 from node 5 seq 5
time_ns=34008000000 [t=34.008] RX OCCLUDED at node 8 from node 5 seq 5
time_ns=34008000000 [MAC 5] ACK transmitted in aggregate dest=3 seq=5 txCount=2/5
time_ns=34008000000 [MAC 5] ACK transmitted in aggregate dest=3 seq=6 txCount=2/5
time_ns=34008000000 [MAC 5] OPNET aggregate transmitted segments=2 ackSegments=2 dataSegments=0 bytes=50 rate=8
time_ns=34008000000 [MAC 1] rtslot_counter expired for neighbor 5 reserveSlot=27
time_ns=34008011086 [t=34.008] RX SYNC at node 1 from node 5 seq 5 power -107.876 dBm noise -106.975 dBm snr -0.900945 dB state=1
time_ns=34008012444 [t=34.008] RX SYNC at node 4 from node 5 seq 5 power -109.884 dBm noise -106.975 dBm snr -2.90891 dB state=1
time_ns=34008019163 [t=34.008] RX SYNC at node 3 from node 5 seq 5 power -117.383 dBm noise -106.975 dBm snr -10.408 dB state=1
time_ns=34014641086 [t=34.0146] MAC 1 enters Track on node 5 seq 5 power -107.876 dBm
time_ns=34014642444 [t=34.0146] MAC 4 enters Track on node 5 seq 5 power -109.884 dBm
time_ns=34014649163 [t=34.0146] MAC 3 enters Track on node 5 seq 5 power -117.383 dBm
time_ns=34082460000 [MAC 5] resumes Pre-Tx with live slot=0 counter=0
time_ns=34082471086 [t=34.0825] RX OVERHEARD at node 1 from node 5 seq 5 rate 8 kbps txPower 33 dBm preamble SHORT pathloss 140.876 dB snr -0.900945 dB (slot 0, len 50B, ackable=0)
time_ns=34082471086 [MAC 1] Learned neighbor 5 uses slot 0 (rtCounter=0)
time_ns=34082471086 [HOP 1] Overheard frame from 5 for 3 type=1 ignored after neighbor update
time_ns=34082471086 [HOP 1] Overheard frame from 5 for 3 type=1 ignored after neighbor update
time_ns=34082472444 [t=34.0825] RX OVERHEARD at node 4 from node 5 seq 5 rate 8 kbps txPower 33 dBm preamble SHORT pathloss 142.884 dB snr -2.90891 dB (slot 0, len 50B, ackable=0)
time_ns=34082472444 [MAC 4] Learned neighbor 5 uses slot 0 (rtCounter=0)
time_ns=34082472444 [HOP 4] Overheard frame from 5 for 3 type=1 ignored after neighbor update
time_ns=34082472444 [HOP 4] Overheard frame from 5 for 3 type=1 ignored after neighbor update
time_ns=34082479163 [t=34.0825] RX at node 3 from node 5 seq 5 rate 8 kbps txPower 33 dBm preamble SHORT pathloss 150.383 dB snr -10.408 dB (slot 0, len 50B, ackable=0)
time_ns=34082479163 [MAC 3] Learned neighbor 5 uses slot 0 (rtCounter=0)
time_ns=34082479163 [HOP 3] RX ACK from 5 seq=5
time_ns=34082479163 [HOP 3] RX ACK from 5 seq=6
time_ns=34082479191 [NWK 3] CheckNwkQueue: size=0
time_ns=34086000000 [MAC 4] rtslot_counter expired for neighbor 5 reserveSlot=0
time_ns=34086000000 [MAC 3] rtslot_counter expired for neighbor 5 reserveSlot=0
time_ns=34086000000 [MAC 5] PickTxSlot(dest=3) active_nodes_for_slotting=3 opnet_slot_range=31
time_ns=34086000000 [MAC 5] avoiding neighbor 1 currentReservedSlot=5 rtslot_counter=5
time_ns=34086000000 [MAC 5] avoiding neighbor 3 currentReservedSlot=22 rtslot_counter=22
time_ns=34086000000 [MAC 5] PickTxSlot(dest=3) avoid: 5 22
time_ns=34086000000 [MAC 5] PickTxSlot chose 30 using historical next_tslot modulo probe
time_ns=34086000000 [MAC 5] TX opportunity reached currentSlot=0 reserveNextSlot=30
time_ns=34086000000 ... type=1 speedKey=8[t=34.086] TX from node 5 to dest 3 seq 5 size 50 bytes segments 2 at slot 30 rate 8 kbps txPower 33 dBm (7843.14 bps) preamble SHORT duration 0.07446 s
time_ns=34086000000 [t=34.086] RX OCCLUDED at node 2 from node 5 seq 5
time_ns=34086000000 [t=34.086] RX OCCLUDED at node 7 from node 5 seq 5
time_ns=34086000000 [t=34.086] RX OCCLUDED at node 8 from node 5 seq 5
time_ns=34086000000 [MAC 5] ACK transmitted in aggregate dest=3 seq=5 txCount=3/5
time_ns=34086000000 [MAC 5] ACK transmitted in aggregate dest=3 seq=6 txCount=3/5
time_ns=34086000000 [MAC 5] OPNET aggregate transmitted segments=2 ackSegments=2 dataSegments=0 bytes=50 rate=8
time_ns=34086000000 [MAC 1] rtslot_counter expired for neighbor 5 reserveSlot=0
time_ns=34086011086 [t=34.086] RX SYNC at node 1 from node 5 seq 5 power -107.876 dBm noise -106.975 dBm snr -0.900945 dB state=1
time_ns=34086012444 [t=34.086] RX SYNC at node 4 from node 5 seq 5 power -109.884 dBm noise -106.975 dBm snr -2.90891 dB state=1
time_ns=34086019163 [t=34.086] RX SYNC at node 3 from node 5 seq 5 power -117.383 dBm noise -106.975 dBm snr -10.408 dB state=1
time_ns=34092641086 [t=34.0926] MAC 1 enters Track on node 5 seq 5 power -107.876 dBm
time_ns=34092642444 [t=34.0926] MAC 4 enters Track on node 5 seq 5 power -109.884 dBm
time_ns=34092649163 [t=34.0926] MAC 3 enters Track on node 5 seq 5 power -117.383 dBm
time_ns=34160460000 [MAC 5] resumes Pre-Tx with live slot=30 counter=30
time_ns=34160471086 [t=34.1605] RX OVERHEARD at node 1 from node 5 seq 5 rate 8 kbps txPower 33 dBm preamble SHORT pathloss 140.876 dB snr -0.900945 dB (slot 30, len 50B, ackable=0)
time_ns=34160471086 [MAC 1] Learned neighbor 5 uses slot 30 (rtCounter=30)
time_ns=34160471086 [HOP 1] Overheard frame from 5 for 3 type=1 ignored after neighbor update
time_ns=34160471086 [HOP 1] Overheard frame from 5 for 3 type=1 ignored after neighbor update
time_ns=34160472444 [t=34.1605] RX OVERHEARD at node 4 from node 5 seq 5 rate 8 kbps txPower 33 dBm preamble SHORT pathloss 142.884 dB snr -2.90891 dB (slot 30, len 50B, ackable=0)
time_ns=34160472444 [MAC 4] Learned neighbor 5 uses slot 30 (rtCounter=30)
time_ns=34160472444 [HOP 4] Overheard frame from 5 for 3 type=1 ignored after neighbor update
time_ns=34160472444 [HOP 4] Overheard frame from 5 for 3 type=1 ignored after neighbor update
time_ns=34160479163 [t=34.1605] RX at node 3 from node 5 seq 5 rate 8 kbps txPower 33 dBm preamble SHORT pathloss 150.383 dB snr -10.408 dB (slot 30, len 50B, ackable=0)
time_ns=34160479163 [MAC 3] Learned neighbor 5 uses slot 30 (rtCounter=30)
time_ns=34160479163 [HOP 3] RX ACK from 5 seq=5
time_ns=34160479163 [HOP 3] RX ACK from 5 seq=6
time_ns=34160479191 [NWK 3] CheckNwkQueue: size=0
time_ns=34229000000 [MAC 3] rtslot_counter expired for neighbor 1 reserveSlot=8
time_ns=34229000000 [MAC 5] rtslot_counter expired for neighbor 1 reserveSlot=8
time_ns=34229000000 [MAC 1] PickTxSlot(dest=5) active_nodes_for_slotting=3 opnet_slot_range=31
time_ns=34229000000 [MAC 1] avoiding neighbor 3 currentReservedSlot=16 rtslot_counter=16
time_ns=34229000000 [MAC 1] avoiding neighbor 5 currentReservedSlot=24 rtslot_counter=24
time_ns=34229000000 [MAC 1] PickTxSlot(dest=5) avoid: 16 24
time_ns=34229000000 [MAC 1] PickTxSlot chose 22 using historical next_tslot modulo probe
time_ns=34229000000 [MAC 1] TX opportunity reached currentSlot=8 reserveNextSlot=22
time_ns=34229000000 ... type=1 speedKey=8[t=34.229] TX from node 1 to dest 5 seq 9 size 75 bytes segments 3 at slot 22 rate 8 kbps txPower 33 dBm (7843.14 bps) preamble SHORT duration 0.09996 s
time_ns=34229000000 [t=34.229] RX OCCLUDED at node 2 from node 1 seq 9
time_ns=34229000000 [t=34.229] RX OCCLUDED at node 7 from node 1 seq 9
time_ns=34229000000 [t=34.229] RX OCCLUDED at node 8 from node 1 seq 9
time_ns=34229000000 [MAC 1] ACK transmitted in aggregate dest=5 seq=9 txCount=4/5
time_ns=34229000000 [MAC 1] ACK transmitted in aggregate dest=3 seq=9 txCount=3/5
time_ns=34229000000 [MAC 1] ACK transmitted in aggregate dest=5 seq=10 txCount=3/5
time_ns=34229000000 [MAC 1] OPNET aggregate transmitted segments=3 ackSegments=3 dataSegments=0 bytes=75 rate=8
time_ns=34229008077 [t=34.229] RX SYNC at node 3 from node 1 seq 9 power -102.376 dBm noise -106.975 dBm snr 4.59934 dB state=1
time_ns=34229011086 [t=34.229] RX SYNC at node 5 from node 1 seq 9 power -107.876 dBm noise -106.975 dBm snr -0.900945 dB state=1
time_ns=34229023527 [t=34.229] RX SYNC at node 4 from node 1 seq 9 power -120.948 dBm noise -106.975 dBm snr -13.9725 dB state=1 below-threshold
time_ns=34235638077 [t=34.2356] MAC 3 enters Track on node 1 seq 9 power -102.376 dBm
time_ns=34235641086 [t=34.2356] MAC 5 enters Track on node 1 seq 9 power -107.876 dBm
time_ns=34328960000 [MAC 1] resumes Pre-Tx with live slot=22 counter=22
time_ns=34328968077 [t=34.329] RX at node 3 from node 1 seq 9 rate 8 kbps txPower 33 dBm preamble SHORT pathloss 135.376 dB snr 4.59934 dB (slot 22, len 75B, ackable=0)
time_ns=34328968077 [MAC 3] Learned neighbor 1 uses slot 22 (rtCounter=22)
time_ns=34328968077 [HOP 3] Overheard frame from 1 for 5 type=1 ignored after neighbor update
time_ns=34328968077 [HOP 3] RX ACK from 1 seq=9
time_ns=34328968077 [HOP 3] Overheard frame from 1 for 5 type=1 ignored after neighbor update
time_ns=34328968105 [NWK 3] CheckNwkQueue: size=0
time_ns=34328971086 [t=34.329] RX at node 5 from node 1 seq 9 rate 8 kbps txPower 33 dBm preamble SHORT pathloss 140.876 dB snr -0.900945 dB (slot 22, len 75B, ackable=0)
time_ns=34328971086 [MAC 5] Learned neighbor 1 uses slot 22 (rtCounter=22)
time_ns=34328971086 [HOP 5] RX ACK from 1 seq=9
time_ns=34328971086 [HOP 5] Overheard frame from 1 for 3 type=1 ignored after neighbor update
time_ns=34328971086 [HOP 5] RX ACK from 1 seq=10
time_ns=34328971114 [NWK 5] CheckNwkQueue: size=0
time_ns=34541000000 [MAC 3] PickTxSlot(dest=5) active_nodes_for_slotting=3 opnet_slot_range=31
time_ns=34541000000 [MAC 3] avoiding neighbor 1 currentReservedSlot=5 rtslot_counter=5
time_ns=34541000000 [MAC 3] avoiding neighbor 5 currentReservedSlot=7 rtslot_counter=7
time_ns=34541000000 [MAC 3] PickTxSlot(dest=5) avoid: 5 7
time_ns=34541000000 [MAC 3] PickTxSlot chose 20 using historical next_tslot modulo probe
time_ns=34541000000 [MAC 3] TX opportunity reached currentSlot=31 reserveNextSlot=20
time_ns=34541000000 ... type=1 speedKey=8[t=34.541] TX from node 3 to dest 5 seq 4 size 75 bytes segments 3 at slot 20 rate 8 kbps txPower 33 dBm (7843.14 bps) preamble SHORT duration 0.09996 s
time_ns=34541000000 [t=34.541] RX OCCLUDED at node 2 from node 3 seq 4
time_ns=34541000000 [t=34.541] RX OCCLUDED at node 4 from node 3 seq 4
time_ns=34541000000 [t=34.541] RX OCCLUDED at node 7 from node 3 seq 4
time_ns=34541000000 [t=34.541] RX OCCLUDED at node 8 from node 3 seq 4
time_ns=34541000000 [MAC 3] ACK transmitted in aggregate dest=5 seq=4 txCount=4/5
time_ns=34541000000 [MAC 3] ACK transmitted in aggregate dest=5 seq=5 txCount=4/5
time_ns=34541000000 [MAC 3] ACK transmitted in aggregate dest=5 seq=6 txCount=3/5
time_ns=34541000000 [MAC 3] OPNET aggregate transmitted segments=3 ackSegments=3 dataSegments=0 bytes=75 rate=8
time_ns=34541000000 [MAC 5] rtslot_counter expired for neighbor 3 reserveSlot=31
time_ns=34541000000 [MAC 1] rtslot_counter expired for neighbor 3 reserveSlot=31
time_ns=34541008077 [t=34.541] RX SYNC at node 1 from node 3 seq 4 power -102.376 dBm noise -106.975 dBm snr 4.59934 dB state=1
time_ns=34541019163 [t=34.541] RX SYNC at node 5 from node 3 seq 4 power -117.383 dBm noise -106.975 dBm snr -10.408 dB state=1
time_ns=34547638077 [t=34.5476] MAC 1 enters Track on node 3 seq 4 power -102.376 dBm
time_ns=34547649163 [t=34.5476] MAC 5 enters Track on node 3 seq 4 power -117.383 dBm
time_ns=34554000000 [MAC 4] rtslot_counter expired for neighbor 5 reserveSlot=30
time_ns=34640960000 [MAC 3] resumes Pre-Tx with live slot=20 counter=20
time_ns=34640968077 [t=34.641] RX OVERHEARD at node 1 from node 3 seq 4 rate 8 kbps txPower 33 dBm preamble SHORT pathloss 135.376 dB snr 4.59934 dB (slot 20, len 75B, ackable=0)
time_ns=34640968077 [MAC 1] Learned neighbor 3 uses slot 20 (rtCounter=20)
time_ns=34640968077 [HOP 1] Overheard frame from 3 for 5 type=1 ignored after neighbor update
time_ns=34640968077 [HOP 1] Overheard frame from 3 for 5 type=1 ignored after neighbor update
time_ns=34640968077 [HOP 1] Overheard frame from 3 for 5 type=1 ignored after neighbor update
time_ns=34640979163 [t=34.641] RX at node 5 from node 3 seq 4 rate 8 kbps txPower 33 dBm preamble SHORT pathloss 150.383 dB snr -10.408 dB (slot 20, len 75B, ackable=0)
time_ns=34640979163 [MAC 5] Learned neighbor 3 uses slot 20 (rtCounter=20)
time_ns=34640979163 [HOP 5] RX ACK from 3 seq=4
time_ns=34640979163 [HOP 5] RX ACK from 3 seq=5
time_ns=34640979163 [HOP 5] RX ACK from 3 seq=6
time_ns=34640979191 [NWK 5] CheckNwkQueue: size=0
time_ns=34710000000 [MAC 3] rtslot_counter expired for neighbor 1 reserveSlot=22
time_ns=34710000000 [MAC 5] rtslot_counter expired for neighbor 1 reserveSlot=22
time_ns=34710000000 [MAC 1] PickTxSlot(dest=5) active_nodes_for_slotting=3 opnet_slot_range=31
time_ns=34710000000 [MAC 1] avoiding neighbor 3 currentReservedSlot=14 rtslot_counter=14
time_ns=34710000000 [MAC 1] avoiding neighbor 5 currentReservedSlot=1 rtslot_counter=1
time_ns=34710000000 [MAC 1] PickTxSlot(dest=5) avoid: 1 14
time_ns=34710000000 [MAC 1] PickTxSlot chose 20 using historical next_tslot modulo probe
time_ns=34710000000 [MAC 1] TX opportunity reached currentSlot=22 reserveNextSlot=20
time_ns=34710000000 ... type=1 speedKey=8[t=34.71] TX from node 1 to dest 5 seq 9 size 75 bytes segments 3 at slot 20 rate 8 kbps txPower 33 dBm (7843.14 bps) preamble SHORT duration 0.09996 s
time_ns=34710000000 [t=34.71] RX OCCLUDED at node 2 from node 1 seq 9
time_ns=34710000000 [t=34.71] RX OCCLUDED at node 7 from node 1 seq 9
time_ns=34710000000 [t=34.71] RX OCCLUDED at node 8 from node 1 seq 9
time_ns=34710000000 [MAC 1] ACK transmitted in aggregate dest=5 seq=9 txCount=5/5
time_ns=34710000000 [MAC 1] ACK transmitted in aggregate dest=3 seq=9 txCount=4/5
time_ns=34710000000 [MAC 1] ACK transmitted in aggregate dest=5 seq=10 txCount=4/5
time_ns=34710000000 [MAC 1] Remove ACK after OPNET resend limit dest=5 seq=9
time_ns=34710000000 [MAC 1] OPNET aggregate transmitted segments=3 ackSegments=3 dataSegments=0 bytes=75 rate=8
time_ns=34710008077 [t=34.71] RX SYNC at node 3 from node 1 seq 9 power -102.376 dBm noise -106.975 dBm snr 4.59934 dB state=1
time_ns=34710011086 [t=34.71] RX SYNC at node 5 from node 1 seq 9 power -107.876 dBm noise -106.975 dBm snr -0.900945 dB state=1
time_ns=34710023527 [t=34.71] RX SYNC at node 4 from node 1 seq 9 power -120.948 dBm noise -106.975 dBm snr -13.9725 dB state=1 below-threshold
time_ns=34716638077 [t=34.7166] MAC 3 enters Track on node 1 seq 9 power -102.376 dBm
time_ns=34716641086 [t=34.7166] MAC 5 enters Track on node 1 seq 9 power -107.876 dBm
time_ns=34809960000 [MAC 1] resumes Pre-Tx with live slot=20 counter=20
time_ns=34809968077 [t=34.81] RX at node 3 from node 1 seq 9 rate 8 kbps txPower 33 dBm preamble SHORT pathloss 135.376 dB snr 4.59934 dB (slot 20, len 75B, ackable=0)
time_ns=34809968077 [MAC 3] Learned neighbor 1 uses slot 20 (rtCounter=20)
time_ns=34809968077 [HOP 3] Overheard frame from 1 for 5 type=1 ignored after neighbor update
time_ns=34809968077 [HOP 3] RX ACK from 1 seq=9
time_ns=34809968077 [HOP 3] Overheard frame from 1 for 5 type=1 ignored after neighbor update
time_ns=34809968105 [NWK 3] CheckNwkQueue: size=0
time_ns=34809971086 [t=34.81] RX at node 5 from node 1 seq 9 rate 8 kbps txPower 33 dBm preamble SHORT pathloss 140.876 dB snr -0.900945 dB (slot 20, len 75B, ackable=0)
time_ns=34809971086 [MAC 5] Learned neighbor 1 uses slot 20 (rtCounter=20)
time_ns=34809971086 [HOP 5] RX ACK from 1 seq=9
time_ns=34809971086 [HOP 5] Overheard frame from 1 for 3 type=1 ignored after neighbor update
time_ns=34809971086 [HOP 5] RX ACK from 1 seq=10
time_ns=34809971114 [NWK 5] CheckNwkQueue: size=0
time_ns=34827000000 [MAC 3] rtslot_counter expired for neighbor 5 reserveSlot=30
time_ns=34827000000 [MAC 5] PickTxSlot(dest=3) active_nodes_for_slotting=3 opnet_slot_range=31
time_ns=34827000000 [MAC 5] avoiding neighbor 1 currentReservedSlot=18 rtslot_counter=18
time_ns=34827000000 [MAC 5] avoiding neighbor 3 currentReservedSlot=12 rtslot_counter=12
time_ns=34827000000 [MAC 5] PickTxSlot(dest=3) avoid: 12 18
time_ns=34827000000 [MAC 5] PickTxSlot chose 27 using historical next_tslot modulo probe
time_ns=34827000000 [MAC 5] TX opportunity reached currentSlot=30 reserveNextSlot=27
time_ns=34827000000 ... type=1 speedKey=8[t=34.827] TX from node 5 to dest 3 seq 5 size 50 bytes segments 2 at slot 27 rate 8 kbps txPower 33 dBm (7843.14 bps) preamble SHORT duration 0.07446 s
time_ns=34827000000 [t=34.827] RX OCCLUDED at node 2 from node 5 seq 5
time_ns=34827000000 [t=34.827] RX OCCLUDED at node 7 from node 5 seq 5
time_ns=34827000000 [t=34.827] RX OCCLUDED at node 8 from node 5 seq 5
time_ns=34827000000 [MAC 5] ACK transmitted in aggregate dest=3 seq=5 txCount=4/5
time_ns=34827000000 [MAC 5] ACK transmitted in aggregate dest=3 seq=6 txCount=4/5
time_ns=34827000000 [MAC 5] OPNET aggregate transmitted segments=2 ackSegments=2 dataSegments=0 bytes=50 rate=8
time_ns=34827000000 [MAC 1] rtslot_counter expired for neighbor 5 reserveSlot=30
time_ns=34827011086 [t=34.827] RX SYNC at node 1 from node 5 seq 5 power -107.876 dBm noise -106.975 dBm snr -0.900945 dB state=1
time_ns=34827012444 [t=34.827] RX SYNC at node 4 from node 5 seq 5 power -109.884 dBm noise -106.975 dBm snr -2.90891 dB state=1
time_ns=34827019163 [t=34.827] RX SYNC at node 3 from node 5 seq 5 power -117.383 dBm noise -106.975 dBm snr -10.408 dB state=1
time_ns=34833641086 [t=34.8336] MAC 1 enters Track on node 5 seq 5 power -107.876 dBm
time_ns=34833642444 [t=34.8336] MAC 4 enters Track on node 5 seq 5 power -109.884 dBm
time_ns=34833649163 [t=34.8336] MAC 3 enters Track on node 5 seq 5 power -117.383 dBm
time_ns=34901460000 [MAC 5] resumes Pre-Tx with live slot=27 counter=27
time_ns=34901471086 [t=34.9015] RX OVERHEARD at node 1 from node 5 seq 5 rate 8 kbps txPower 33 dBm preamble SHORT pathloss 140.876 dB snr -0.900945 dB (slot 27, len 50B, ackable=0)
time_ns=34901471086 [MAC 1] Learned neighbor 5 uses slot 27 (rtCounter=27)
time_ns=34901471086 [HOP 1] Overheard frame from 5 for 3 type=1 ignored after neighbor update
time_ns=34901471086 [HOP 1] Overheard frame from 5 for 3 type=1 ignored after neighbor update
time_ns=34901472444 [t=34.9015] RX OVERHEARD at node 4 from node 5 seq 5 rate 8 kbps txPower 33 dBm preamble SHORT pathloss 142.884 dB snr -2.90891 dB (slot 27, len 50B, ackable=0)
time_ns=34901472444 [MAC 4] Learned neighbor 5 uses slot 27 (rtCounter=27)
time_ns=34901472444 [HOP 4] Overheard frame from 5 for 3 type=1 ignored after neighbor update
time_ns=34901472444 [HOP 4] Overheard frame from 5 for 3 type=1 ignored after neighbor update
time_ns=34901479163 [t=34.9015] RX at node 3 from node 5 seq 5 rate 8 kbps txPower 33 dBm preamble SHORT pathloss 150.383 dB snr -10.408 dB (slot 27, len 50B, ackable=0)
time_ns=34901479163 [MAC 3] Learned neighbor 5 uses slot 27 (rtCounter=27)
time_ns=34901479163 [HOP 3] RX ACK from 5 seq=5
time_ns=34901479163 [HOP 3] RX ACK from 5 seq=6
time_ns=34901479191 [NWK 3] CheckNwkQueue: size=0
time_ns=35061000000 [MAC 3] PickTxSlot(dest=5) active_nodes_for_slotting=3 opnet_slot_range=31
time_ns=35061000000 [MAC 3] avoiding neighbor 1 currentReservedSlot=5 rtslot_counter=5
time_ns=35061000000 [MAC 3] avoiding neighbor 5 currentReservedSlot=14 rtslot_counter=14
time_ns=35061000000 [MAC 3] PickTxSlot(dest=5) avoid: 5 14
time_ns=35061000000 [MAC 3] PickTxSlot chose 28 using historical next_tslot modulo probe
time_ns=35061000000 [MAC 3] TX opportunity reached currentSlot=20 reserveNextSlot=28
time_ns=35061000000 ... type=1 speedKey=8[t=35.061] TX from node 3 to dest 5 seq 4 size 75 bytes segments 3 at slot 28 rate 8 kbps txPower 33 dBm (7843.14 bps) preamble SHORT duration 0.09996 s
time_ns=35061000000 [t=35.061] RX OCCLUDED at node 2 from node 3 seq 4
time_ns=35061000000 [t=35.061] RX OCCLUDED at node 4 from node 3 seq 4
time_ns=35061000000 [t=35.061] RX OCCLUDED at node 7 from node 3 seq 4
time_ns=35061000000 [t=35.061] RX OCCLUDED at node 8 from node 3 seq 4
time_ns=35061000000 [MAC 3] ACK transmitted in aggregate dest=5 seq=4 txCount=5/5
time_ns=35061000000 [MAC 3] ACK transmitted in aggregate dest=5 seq=5 txCount=5/5
time_ns=35061000000 [MAC 3] ACK transmitted in aggregate dest=5 seq=6 txCount=4/5
time_ns=35061000000 [MAC 3] Remove ACK after OPNET resend limit dest=5 seq=4
time_ns=35061000000 [MAC 3] Remove ACK after OPNET resend limit dest=5 seq=5
time_ns=35061000000 [MAC 3] OPNET aggregate transmitted segments=3 ackSegments=3 dataSegments=0 bytes=75 rate=8
time_ns=35061000000 [MAC 5] rtslot_counter expired for neighbor 3 reserveSlot=20
time_ns=35061000000 [MAC 1] rtslot_counter expired for neighbor 3 reserveSlot=20
time_ns=35061008077 [t=35.061] RX SYNC at node 1 from node 3 seq 4 power -102.376 dBm noise -106.975 dBm snr 4.59934 dB state=1
time_ns=35061019163 [t=35.061] RX SYNC at node 5 from node 3 seq 4 power -117.383 dBm noise -106.975 dBm snr -10.408 dB state=1
time_ns=35067638077 [t=35.0676] MAC 1 enters Track on node 3 seq 4 power -102.376 dBm
time_ns=35067649163 [t=35.0676] MAC 5 enters Track on node 3 seq 4 power -117.383 dBm
time_ns=35160960000 [MAC 3] resumes Pre-Tx with live slot=28 counter=28
time_ns=35160968077 [t=35.161] RX OVERHEARD at node 1 from node 3 seq 4 rate 8 kbps txPower 33 dBm preamble SHORT pathloss 135.376 dB snr 4.59934 dB (slot 28, len 75B, ackable=0)
time_ns=35160968077 [MAC 1] Learned neighbor 3 uses slot 28 (rtCounter=28)
time_ns=35160968077 [HOP 1] Overheard frame from 3 for 5 type=1 ignored after neighbor update
time_ns=35160968077 [HOP 1] Overheard frame from 3 for 5 type=1 ignored after neighbor update
time_ns=35160968077 [HOP 1] Overheard frame from 3 for 5 type=1 ignored after neighbor update
time_ns=35160979163 [t=35.161] RX at node 5 from node 3 seq 4 rate 8 kbps txPower 33 dBm preamble SHORT pathloss 150.383 dB snr -10.408 dB (slot 28, len 75B, ackable=0)
time_ns=35160979163 [MAC 5] Learned neighbor 3 uses slot 28 (rtCounter=28)
time_ns=35160979163 [HOP 5] RX ACK from 3 seq=4
time_ns=35160979163 [HOP 5] RX ACK from 3 seq=5
time_ns=35160979163 [HOP 5] RX ACK from 3 seq=6
time_ns=35160979191 [NWK 5] CheckNwkQueue: size=0
time_ns=35230000000 [MAC 3] rtslot_counter expired for neighbor 1 reserveSlot=20
time_ns=35230000000 [MAC 5] rtslot_counter expired for neighbor 1 reserveSlot=20
time_ns=35230000000 [MAC 1] PickTxSlot(dest=3) active_nodes_for_slotting=3 opnet_slot_range=31
time_ns=35230000000 [MAC 1] avoiding neighbor 3 currentReservedSlot=22 rtslot_counter=22
time_ns=35230000000 [MAC 1] avoiding neighbor 5 currentReservedSlot=8 rtslot_counter=8
time_ns=35230000000 [MAC 1] PickTxSlot(dest=3) avoid: 8 22
time_ns=35230000000 [MAC 1] PickTxSlot chose 17 using historical next_tslot modulo probe
time_ns=35230000000 [MAC 1] TX opportunity reached currentSlot=20 reserveNextSlot=17
time_ns=35230000000 ... type=1 speedKey=8[t=35.23] TX from node 1 to dest 3 seq 9 size 50 bytes segments 2 at slot 17 rate 8 kbps txPower 33 dBm (7843.14 bps) preamble SHORT duration 0.07446 s
time_ns=35230000000 [t=35.23] RX OCCLUDED at node 2 from node 1 seq 9
time_ns=35230000000 [t=35.23] RX OCCLUDED at node 7 from node 1 seq 9
time_ns=35230000000 [t=35.23] RX OCCLUDED at node 8 from node 1 seq 9
time_ns=35230000000 [MAC 1] ACK transmitted in aggregate dest=3 seq=9 txCount=5/5
time_ns=35230000000 [MAC 1] ACK transmitted in aggregate dest=5 seq=10 txCount=5/5
time_ns=35230000000 [MAC 1] Remove ACK after OPNET resend limit dest=3 seq=9
time_ns=35230000000 [MAC 1] Remove ACK after OPNET resend limit dest=5 seq=10
time_ns=35230000000 [MAC 1] OPNET aggregate transmitted segments=2 ackSegments=2 dataSegments=0 bytes=50 rate=8
time_ns=35230008077 [t=35.23] RX SYNC at node 3 from node 1 seq 9 power -102.376 dBm noise -106.975 dBm snr 4.59934 dB state=1
time_ns=35230011086 [t=35.23] RX SYNC at node 5 from node 1 seq 9 power -107.876 dBm noise -106.975 dBm snr -0.900945 dB state=1
time_ns=35230023527 [t=35.23] RX SYNC at node 4 from node 1 seq 9 power -120.948 dBm noise -106.975 dBm snr -13.9725 dB state=1 below-threshold
time_ns=35236638077 [t=35.2366] MAC 3 enters Track on node 1 seq 9 power -102.376 dBm
time_ns=35236641086 [t=35.2366] MAC 5 enters Track on node 1 seq 9 power -107.876 dBm
time_ns=35256000000 [MAC 4] rtslot_counter expired for neighbor 5 reserveSlot=27
time_ns=35304460000 [MAC 1] post-TX WAIT_FOR_ACK until 55.3045 (POST_TX_WAIT=20 s)
time_ns=35304468077 [t=35.3045] RX at node 3 from node 1 seq 9 rate 8 kbps txPower 33 dBm preamble SHORT pathloss 135.376 dB snr 4.59934 dB (slot 17, len 50B, ackable=0)
time_ns=35304468077 [MAC 3] Learned neighbor 1 uses slot 17 (rtCounter=17)
time_ns=35304468077 [HOP 3] RX ACK from 1 seq=9
time_ns=35304468077 [HOP 3] Overheard frame from 1 for 5 type=1 ignored after neighbor update
time_ns=35304468105 [NWK 3] CheckNwkQueue: size=0
time_ns=35304471086 [t=35.3045] RX at node 5 from node 1 seq 9 rate 8 kbps txPower 33 dBm preamble SHORT pathloss 140.876 dB snr -0.900945 dB (slot 17, len 50B, ackable=0)
time_ns=35304471086 [MAC 5] Learned neighbor 1 uses slot 17 (rtCounter=17)
time_ns=35304471086 [HOP 5] Overheard frame from 1 for 3 type=1 ignored after neighbor update
time_ns=35304471086 [HOP 5] RX ACK from 1 seq=10
time_ns=35304471114 [NWK 5] CheckNwkQueue: size=0
time_ns=35307731086 [NWK 5] Discovery Broadcast repeat sequence=1
time_ns=35307731086 [NWK 5] ARL Discover sent without Routes_PAYLOAD
time_ns=35307731086 [NWK 5] HELLO advertising 0 routes
time_ns=35307731086 [NWK 5] HELLO ARL route msg type=1
time_ns=35307731086 [HOP 5] link_control dest=16777215 neighborKnown=0 speed=8 txPower=33 rxPower=-103
time_ns=35307731086 [HOP 5] TX GroupEstablish Discover securityCount=1 securityBytes=7
time_ns=35307731086 [MAC] Enqueue TX pkt dscp=7 insert_pos=0 queue_size_before=0
time_ns=35412000000 [MAC 3] rtslot_counter expired for neighbor 5 reserveSlot=27
time_ns=35412000000 [MAC 5] PickTxSlot(dest=3) active_nodes_for_slotting=3 opnet_slot_range=31
time_ns=35412000000 [MAC 5] avoiding neighbor 1 currentReservedSlot=8 rtslot_counter=8
time_ns=35412000000 [MAC 5] avoiding neighbor 3 currentReservedSlot=13 rtslot_counter=13
time_ns=35412000000 [MAC 5] PickTxSlot(dest=3) avoid: 8 13
time_ns=35412000000 [MAC 5] PickTxSlot chose 7 using historical next_tslot modulo probe
time_ns=35412000000 [MAC 5] TX opportunity reached currentSlot=27 reserveNextSlot=7
time_ns=35412000000 ... type=1 speedKey=8[t=35.412] TX from node 5 to dest 3 seq 5 size 69 bytes segments 3 at slot 7 rate 8 kbps txPower 33 dBm (7843.14 bps) preamble LONG duration 1.0863 s
time_ns=35412000000 [t=35.412] RX OCCLUDED at node 2 from node 5 seq 5
time_ns=35412000000 [t=35.412] RX OCCLUDED at node 7 from node 5 seq 5
time_ns=35412000000 [t=35.412] RX OCCLUDED at node 8 from node 5 seq 5
time_ns=35412000000 [MAC 5] ACK transmitted in aggregate dest=3 seq=5 txCount=5/5
time_ns=35412000000 [MAC 5] ACK transmitted in aggregate dest=3 seq=6 txCount=5/5
time_ns=35412000000 [MAC 5] Remove ACK after OPNET resend limit dest=3 seq=5
time_ns=35412000000 [MAC 5] Remove ACK after OPNET resend limit dest=3 seq=6
time_ns=35412000000 [MAC 5] OPNET aggregate transmitted segments=3 ackSegments=2 dataSegments=1 bytes=69 rate=8
time_ns=35412000000 [MAC 1] rtslot_counter expired for neighbor 5 reserveSlot=27
time_ns=35412011086 [t=35.412] RX SYNC at node 1 from node 5 seq 5 power -107.876 dBm noise -106.975 dBm snr -0.900945 dB state=1
time_ns=35412012444 [t=35.412] RX SYNC at node 4 from node 5 seq 5 power -109.884 dBm noise -106.975 dBm snr -2.90891 dB state=1
time_ns=35412019163 [t=35.412] RX SYNC at node 3 from node 5 seq 5 power -117.383 dBm noise -106.975 dBm snr -10.408 dB state=1
time_ns=35418641086 [t=35.4186] MAC 1 enters Track on node 5 seq 5 power -107.876 dBm
time_ns=35418642444 [t=35.4186] MAC 4 enters Track on node 5 seq 5 power -109.884 dBm
time_ns=35418649163 [t=35.4186] MAC 3 enters Track on node 5 seq 5 power -117.383 dBm
time_ns=36498300000 [MAC 5] post-TX WAIT_FOR_ACK until 56.4983 (POST_TX_WAIT=20 s)
time_ns=36498311086 [t=36.4983] RX at node 1 from node 5 seq 5 rate 8 kbps txPower 33 dBm preamble LONG pathloss 140.876 dB snr -0.900945 dB (slot 7, len 69B, ackable=0)
time_ns=36498311086 [MAC 1] Learned neighbor 5 uses slot 7 (rtCounter=7)
time_ns=36498311086 [HOP 1] Overheard frame from 5 for 3 type=1 ignored after neighbor update
time_ns=36498311086 [HOP 1] Overheard frame from 5 for 3 type=1 ignored after neighbor update
time_ns=36498311086 [HOP 1] RX authenticated GroupEstablish Discover from=5 keyId=1 groupSeq=10
time_ns=36498311086 [MAC 1] active_nodes set to 3 for local slotting and post-TX wait
time_ns=36498311086 [NWK 1] active_nodes=3 pushed to MAC
time_ns=36498311086 [NWK 1] Updated HELLO neighbor=5 hopSrc=5 speedKey=8 activeNodes=3 pathloss=140.876 snr=-0.900945
time_ns=36498311086 [NWK 1] link_calc neighbor=5 s0=-103 pathloss=140.876 numFailures=0 speed=8 txPower=33 estDistance=298 speedMargin=-4.87595 totalMargin=-4.87595 costMode=local-only cost=7450
time_ns=36498311086 [NWK 1] Updated route candidate dst=5 nextHop=5 hops=1 oldCost=7450 newCost=7450 valid=1->1 selectionDeferred=0 selected=1
time_ns=36498311086 [NWK 1] ARL route message from 5 type=Discover advCount=0
time_ns=36498311086 [NWK 1] ProcessDiscover from 5 subtype=Broadcast sequence=1
time_ns=36498311086 [NWK 1] Duplicate/old discovery sequence from 5 received=1 current=1
time_ns=36498311086 [NWK 1] Routes: dst=3->nh=3(hops=1,cost=3587,linkCost=3587,advCost=0,from=3,imm=1,pl=135.376,valid=1,path=[3]) dst=5->nh=5(hops=1,cost=7450,linkCost=7450,advCost=0,from=5,imm=1,pl=140.876,valid=1,path=[5]) dst=3->nh=5(hops=2,cost=14900,linkCost=7450,advCost=7450,from=5,imm=0,pl=140.876,valid=1,path=[5->3]) dst=5->nh=3(hops=2,cost=11037,linkCost=3587,advCost=7450,from=3,imm=0,pl=135.376,valid=1,path=[3->5])
time_ns=36498312444 [t=36.4983] RX at node 4 from node 5 seq 5 rate 8 kbps txPower 33 dBm preamble LONG pathloss 142.884 dB snr -2.90891 dB (slot 7, len 69B, ackable=0)
time_ns=36498312444 [MAC 4] Learned neighbor 5 uses slot 7 (rtCounter=7)
time_ns=36498312444 [HOP 4] Overheard frame from 5 for 3 type=1 ignored after neighbor update
time_ns=36498312444 [HOP 4] Overheard frame from 5 for 3 type=1 ignored after neighbor update
time_ns=36498312444 [HOP 4] Queue authenticated GroupEstablish pending KeyUpdate from=5 keyId=1 groupSeq=10
time_ns=36498312444 [MAC 4] active_nodes set to 2 for local slotting and post-TX wait
time_ns=36498312444 [NWK 4] active_nodes=2 pushed to MAC
time_ns=36498312444 [NWK 4] Authenticated Discover awaits group key neighbor=5 newNeighbor=0
time_ns=36498312444 [NWK 4] Sending source-faithful KeyRequest neighbor=5 noAck=1 retryDelayMs=5000
time_ns=36498312444 [HOP 4] link_control dest=5 neighborKnown=1 s0=-103 pathloss=142.884 failures=0 speed=8 txPower=33 rxPower=-103 cost=7450
time_ns=36498312444 [HOP 4] TX non-ACKed KeyRequest neighbor=5 hopSeq=4 keyId=1 keySeq=5 securityCount=1
time_ns=36498312444 [MAC] Enqueue TX pkt dscp=7 insert_pos=0 queue_size_before=0
time_ns=36498312444 [MAC 4] PickTxSlot(dest=5) active_nodes_for_slotting=2 opnet_slot_range=31
time_ns=36498312444 [MAC 4] avoiding neighbor 5 currentReservedSlot=7 rtslot_counter=7
time_ns=36498312444 [MAC 4] PickTxSlot(dest=5) avoid: 7
time_ns=36498312444 [MAC 4] PickTxSlot chose 14 using historical next_tslot modulo probe
time_ns=36498312444 [MAC 4] starts Pre-Tx with new slot=14 holdoff_over=1
time_ns=36498319163 [t=36.4983] RX at node 3 from node 5 seq 5 rate 8 kbps txPower 33 dBm preamble LONG pathloss 150.383 dB snr -10.408 dB (slot 7, len 69B, ackable=0)
time_ns=36498319163 [MAC 3] Learned neighbor 5 uses slot 7 (rtCounter=7)
time_ns=36498319163 [HOP 3] RX ACK from 5 seq=5
time_ns=36498319163 [HOP 3] RX ACK from 5 seq=6
time_ns=36498319163 [HOP 3] RX authenticated GroupEstablish Discover from=5 keyId=1 groupSeq=10
time_ns=36498319163 [MAC 3] active_nodes set to 3 for local slotting and post-TX wait
time_ns=36498319163 [NWK 3] active_nodes=3 pushed to MAC
time_ns=36498319163 [NWK 3] Updated HELLO neighbor=5 hopSrc=5 speedKey=8 activeNodes=3 pathloss=150.383 snr=-10.408
time_ns=36498319163 [NWK 3] link_calc neighbor=5 s0=-103 pathloss=150.383 numFailures=0 speed=8 txPower=33 estDistance=298 speedMargin=-14.383 totalMargin=-14.383 costMode=local-only cost=7450
time_ns=36498319163 [NWK 3] Updated route candidate dst=5 nextHop=5 hops=1 oldCost=7450 newCost=7450 valid=1->1 selectionDeferred=0 selected=1
time_ns=36498319163 [NWK 3] ARL route message from 5 type=Discover advCount=0
time_ns=36498319163 [NWK 3] ProcessDiscover from 5 subtype=Broadcast sequence=1
time_ns=36498319163 [NWK 3] Duplicate/old discovery sequence from 5 received=1 current=1
time_ns=36498319163 [NWK 3] Routes: dst=1->nh=1(hops=1,cost=3587,linkCost=3587,advCost=0,from=1,imm=1,pl=135.376,valid=1,path=[1]) dst=5->nh=1(hops=2,cost=11037,linkCost=3587,advCost=7450,from=1,imm=0,pl=135.376,valid=1,path=[1->5]) dst=5->nh=5(hops=1,cost=7450,linkCost=7450,advCost=0,from=5,imm=1,pl=150.383,valid=1,path=[5]) dst=1->nh=5(hops=2,cost=14900,linkCost=7450,advCost=7450,from=5,imm=0,pl=150.383,valid=1,path=[5->1])
time_ns=36498319191 [NWK 3] CheckNwkQueue: size=0
time_ns=36595000000 [MAC 4] rtslot_counter expired for neighbor 5 reserveSlot=7
time_ns=36595000000 [MAC 3] rtslot_counter expired for neighbor 5 reserveSlot=7
time_ns=36595000000 [MAC 5] local advertised reservation expired
time_ns=36595000000 [MAC 1] rtslot_counter expired for neighbor 5 reserveSlot=7
time_ns=36608000000 [MAC 3] rtslot_counter expired for neighbor 1 reserveSlot=17
time_ns=36608000000 [MAC 5] rtslot_counter expired for neighbor 1 reserveSlot=17
time_ns=36608000000 [MAC 1] local advertised reservation expired
time_ns=36673000000 [MAC 3] PickTxSlot(dest=5) active_nodes_for_slotting=3 opnet_slot_range=31
time_ns=36673000000 [MAC 3] PickTxSlot(dest=5) avoid:
time_ns=36673000000 [MAC 3] PickTxSlot chose 22 using historical next_tslot modulo probe
time_ns=36673000000 [MAC 3] TX opportunity reached currentSlot=28 reserveNextSlot=22
time_ns=36673000000 ... type=1 speedKey=8[t=36.673] TX from node 3 to dest 5 seq 6 size 25 bytes segments 1 at slot 22 rate 8 kbps txPower 33 dBm (7843.14 bps) preamble SHORT duration 0.04896 s
time_ns=36673000000 [t=36.673] RX OCCLUDED at node 2 from node 3 seq 6
time_ns=36673000000 [t=36.673] RX OCCLUDED at node 4 from node 3 seq 6
time_ns=36673000000 [t=36.673] RX OCCLUDED at node 7 from node 3 seq 6
time_ns=36673000000 [t=36.673] RX OCCLUDED at node 8 from node 3 seq 6
time_ns=36673000000 [MAC 3] ACK transmitted in aggregate dest=5 seq=6 txCount=5/5
time_ns=36673000000 [MAC 3] Remove ACK after OPNET resend limit dest=5 seq=6
time_ns=36673000000 [MAC 3] OPNET aggregate transmitted segments=1 ackSegments=1 dataSegments=0 bytes=25 rate=8
time_ns=36673000000 [MAC 5] rtslot_counter expired for neighbor 3 reserveSlot=28
time_ns=36673000000 [MAC 1] rtslot_counter expired for neighbor 3 reserveSlot=28
time_ns=36673008077 [t=36.673] RX SYNC at node 1 from node 3 seq 6 power -102.376 dBm noise -106.975 dBm snr 4.59934 dB state=1
time_ns=36673019163 [t=36.673] RX SYNC at node 5 from node 3 seq 6 power -117.383 dBm noise -106.975 dBm snr -10.408 dB state=1
time_ns=36679638077 [t=36.6796] MAC 1 enters Track on node 3 seq 6 power -102.376 dBm
time_ns=36679649163 [t=36.6796] MAC 5 enters Track on node 3 seq 6 power -117.383 dBm
time_ns=36686000000 [MAC 4] PickTxSlot(dest=5) active_nodes_for_slotting=2 opnet_slot_range=31
time_ns=36686000000 [MAC 4] PickTxSlot(dest=5) avoid:
time_ns=36686000000 [MAC 4] PickTxSlot chose 15 using historical next_tslot modulo probe
time_ns=36686000000 [MAC 4] TX opportunity reached currentSlot=14 reserveNextSlot=15
time_ns=36686000000 ... type=8 speedKey=8[t=36.686] TX from node 4 to dest 5 seq 4 size 18 bytes segments 1 at slot 15 rate 8 kbps txPower 33 dBm (7843.14 bps) preamble SHORT duration 0.04182 s
time_ns=36686000000 [t=36.686] RX OCCLUDED at node 3 from node 4 seq 4
time_ns=36686000000 [t=36.686] RX OCCLUDED at node 7 from node 4 seq 4
time_ns=36686000000 [t=36.686] RX OCCLUDED at node 8 from node 4 seq 4
time_ns=36686000000 [MAC 4] OPNET aggregate transmitted segments=1 ackSegments=0 dataSegments=1 bytes=18 rate=8
time_ns=36686012444 [t=36.686] RX SYNC at node 5 from node 4 seq 4 power -109.884 dBm noise -106.975 dBm snr -2.90891 dB state=2
time_ns=36686013632 [t=36.686] RX SYNC at node 2 from node 4 seq 4 power -111.468 dBm noise -106.975 dBm snr -4.4927 dB state=0
time_ns=36686023527 [t=36.686] RX SYNC at node 1 from node 4 seq 4 power -120.948 dBm noise -106.975 dBm snr -13.9725 dB state=2 below-threshold
time_ns=36721960000 [MAC 3] post-TX WAIT_FOR_ACK until 56.722 (POST_TX_WAIT=20 s)
time_ns=36721968077 [t=36.722] RX OVERHEARD at node 1 from node 3 seq 6 rate 8 kbps txPower 33 dBm preamble SHORT pathloss 135.376 dB snr 4.59934 dB (slot 22, len 25B, ackable=0)
time_ns=36721968077 [MAC 1] Learned neighbor 3 uses slot 22 (rtCounter=22)
time_ns=36721968077 [HOP 1] Overheard frame from 3 for 5 type=1 ignored after neighbor update
time_ns=36721979163 [t=36.722] RX at node 5 from node 3 seq 6 rate 8 kbps txPower 33 dBm preamble SHORT pathloss 150.383 dB snr -10.408 dB (slot 22, len 25B, ackable=0)
time_ns=36721979163 [MAC 5] Learned neighbor 3 uses slot 22 (rtCounter=22)
time_ns=36721979163 [HOP 5] RX ACK from 3 seq=6
time_ns=36721979191 [NWK 5] CheckNwkQueue: size=0
time_ns=36727820000 [MAC 4] post-TX WAIT_FOR_ACK until 55.2278 (POST_TX_WAIT=18.5 s)
time_ns=36727833632 [t=36.7278] RX MISS at node 2 from node 4 seq 4
time_ns=36933000000 [MAC 4] local advertised reservation expired
time_ns=37011000000 [MAC 3] local advertised reservation expired
time_ns=37011000000 [MAC 5] rtslot_counter expired for neighbor 3 reserveSlot=22
time_ns=37011000000 [MAC 1] rtslot_counter expired for neighbor 3 reserveSlot=22
time_ns=40307731086 [NWK 5] DiscoveryStop sequence=1
time_ns=40307731086 [NWK 5] Post-discovery routing refresh activeNeighbors=2
time_ns=40307731086 [NWK 5] recompute hop-cost neighbor=1 failures=0 costMode=local-only newLinkCost=7450
time_ns=40307731086 [NWK 5] Recomputed route after link change dst=1 nextHop=1 oldCost=7450 newCost=7450 linkCost=7450 advertisedCost=0 numFailures=0
time_ns=40307731086 [NWK 5] Recomputed route after link change dst=3 nextHop=1 oldCost=11037 newCost=11037 linkCost=7450 advertisedCost=3587 numFailures=0
time_ns=40307731086 [NWK 5] recompute hop-cost neighbor=3 failures=0 costMode=local-only newLinkCost=7450
time_ns=40307731086 [NWK 5] Recomputed route after link change dst=3 nextHop=3 oldCost=7450 newCost=7450 linkCost=7450 advertisedCost=0 numFailures=0
time_ns=40307731086 [NWK 5] Recomputed route after link change dst=1 nextHop=3 oldCost=11037 newCost=11037 linkCost=7450 advertisedCost=3587 numFailures=0
time_ns=40307731086 [NWK 5] Post-discovery requesting fresh routes neighbor=1
time_ns=40307731086 [NWK 5] Sending reliable RoutingRequest neighbor=1 routingSequence=6 attempt=1 retry=0
time_ns=40307731086 [HOP 5] link_control dest=1 neighborKnown=1 s0=-103 pathloss=140.876 failures=0 speed=8 txPower=33 rxPower=-103 cost=7450
time_ns=40307731086 [HOP 5] TX reliable RoutingControl targets=1:11
time_ns=40307731086 [MAC] Enqueue TX pkt dscp=7 insert_pos=0 queue_size_before=0
time_ns=40307731086 [NWK 5] Post-discovery requesting fresh routes neighbor=3
time_ns=40307731086 [NWK 5] Sending reliable RoutingRequest neighbor=3 routingSequence=7 attempt=1 retry=0
time_ns=40307731086 [HOP 5] link_control dest=3 neighborKnown=1 s0=-103 pathloss=150.383 failures=0 speed=8 txPower=33 rxPower=-103 cost=7450
time_ns=40307731086 [HOP 5] TX reliable RoutingControl targets=3:7
time_ns=40307731086 [MAC] Enqueue TX pkt dscp=7 insert_pos=1 queue_size_before=1
time_ns=40307731086 [NWK 5] Discovery table append node=3 needed=1 position=1
time_ns=40307731086 [NWK 5] TX legacy SNMP command=2 finalDestination=1 hopDestination=1 nodes=2
time_ns=40307731086 [HOP 5] TX legacy SNMP hopDestination=1 ackable=0 dscp=0
time_ns=40307731086 [MAC] Enqueue TX pkt dscp=0 insert_pos=2 queue_size_before=2
time_ns=40307731086 [NWK 5] Legacy discovery lifecycle complete initiator=1 knownNodes=2 completionReports=1
time_ns=40307731086 [NWK 5] TX legacy SNMP command=1 finalDestination=3 hopDestination=3 nodes=0
time_ns=40307731086 [HOP 5] TX legacy SNMP hopDestination=3 ackable=0 dscp=0
time_ns=40307731086 [MAC] Enqueue TX pkt dscp=0 insert_pos=3 queue_size_before=3
time_ns=40307731086 [NWK 5] SNMP discovery handoff target=3 watchdog=60s
time_ns=40313000000 [MAC 5] PickTxSlot(dest=1) active_nodes_for_slotting=3 opnet_slot_range=31
time_ns=40313000000 [MAC 5] PickTxSlot(dest=1) avoid:
time_ns=40313000000 [MAC 5] PickTxSlot chose 1 using historical next_tslot modulo probe
time_ns=40313000000 [MAC 5] starts Pre-Tx with new slot=1 holdoff_over=1
time_ns=40339000000 [MAC 5] PickTxSlot(dest=1) active_nodes_for_slotting=3 opnet_slot_range=31
time_ns=40339000000 [MAC 5] PickTxSlot(dest=1) avoid:
time_ns=40339000000 [MAC 5] PickTxSlot chose 29 using historical next_tslot modulo probe
time_ns=40339000000 [MAC 5] TX opportunity reached currentSlot=1 reserveNextSlot=29
time_ns=40339000000 ... type=6 speedKey=8[t=40.339] TX from node 5 to dest 1 seq 11 size 94 bytes segments 4 at slot 29 rate 8 kbps txPower 33 dBm (7843.14 bps) preamble SHORT duration 0.11934 s
time_ns=40339000000 [t=40.339] RX OCCLUDED at node 2 from node 5 seq 11
time_ns=40339000000 [t=40.339] RX OCCLUDED at node 7 from node 5 seq 11
time_ns=40339000000 [t=40.339] RX OCCLUDED at node 8 from node 5 seq 11
time_ns=40339000000 [HOP 5] MAC sent confirmation dest=1 seq=11 transmission=1 sentAt=40.339
time_ns=40339000000 [HOP 5] MAC sent confirmation dest=3 seq=7 transmission=1 sentAt=40.339
time_ns=40339000000 [MAC 5] OPNET aggregate transmitted segments=4 ackSegments=0 dataSegments=4 bytes=94 rate=8
time_ns=40339011086 [t=40.339] RX SYNC at node 1 from node 5 seq 11 power -107.876 dBm noise -106.975 dBm snr -0.900945 dB state=1
time_ns=40339012444 [t=40.339] RX SYNC at node 4 from node 5 seq 11 power -109.884 dBm noise -106.975 dBm snr -2.90891 dB state=1
time_ns=40339019163 [t=40.339] RX SYNC at node 3 from node 5 seq 11 power -117.383 dBm noise -106.975 dBm snr -10.408 dB state=1
time_ns=40345641086 [t=40.3456] MAC 1 enters Track on node 5 seq 11 power -107.876 dBm
time_ns=40345642444 [t=40.3456] MAC 4 enters Track on node 5 seq 11 power -109.884 dBm
time_ns=40345649163 [t=40.3456] MAC 3 enters Track on node 5 seq 11 power -117.383 dBm
time_ns=40458340000 [MAC 5] post-TX WAIT_FOR_ACK until 60.4583 (POST_TX_WAIT=20 s)
time_ns=40458351086 [t=40.4584] RX at node 1 from node 5 seq 11 rate 8 kbps txPower 33 dBm preamble SHORT pathloss 140.876 dB snr -0.900945 dB (slot 29, len 94B, ackable=1)
time_ns=40458351086 [MAC 1] Learned neighbor 5 uses slot 29 (rtCounter=29)
time_ns=40458351086 [HOP 1] RX reliable RoutingControl from 5 seq=11 firstReception=1
time_ns=40458351086 [MAC 1] active_nodes set to 3 for local slotting and post-TX wait
time_ns=40458351086 [NWK 1] active_nodes=3 pushed to MAC
time_ns=40458351086 [NWK 1] Updated HELLO neighbor=5 hopSrc=5 speedKey=8 activeNodes=3 pathloss=140.876 snr=-0.900945
time_ns=40458351086 [NWK 1] link_calc neighbor=5 s0=-103 pathloss=140.876 numFailures=0 speed=8 txPower=33 estDistance=298 speedMargin=-4.87595 totalMargin=-4.87595 costMode=local-only cost=7450
time_ns=40458351086 [NWK 1] Updated route candidate dst=5 nextHop=5 hops=1 oldCost=7450 newCost=7450 valid=1->1 selectionDeferred=0 selected=1
time_ns=40458351086 [NWK 1] ARL route message from 5 type=RoutingUpdate advCount=0
time_ns=40458351086 [NWK 1] Received RoutingRequest from=5 routingSequence=6; scheduling reliable INFO/UPDATE/FLUSH snapshot
time_ns=40458351086 [NWK 1] Routes: dst=3->nh=3(hops=1,cost=3587,linkCost=3587,advCost=0,from=3,imm=1,pl=135.376,valid=1,path=[3]) dst=5->nh=5(hops=1,cost=7450,linkCost=7450,advCost=0,from=5,imm=1,pl=140.876,valid=1,path=[5]) dst=3->nh=5(hops=2,cost=14900,linkCost=7450,advCost=7450,from=5,imm=0,pl=140.876,valid=1,path=[5->3]) dst=5->nh=3(hops=2,cost=11037,linkCost=3587,advCost=7450,from=3,imm=0,pl=135.376,valid=1,path=[3->5])
time_ns=40458351086 [HOP 1] link_control dest=5 neighborKnown=1 s0=-103 pathloss=140.876 failures=0 speed=8 txPower=33 rxPower=-103 cost=7450
time_ns=40458351086 [HOP 1] ACK RoutingControl to 5 seq=11
time_ns=40458351086 [MAC 1] Enqueue ACK dest=5 seq=11 window=0 ack_queue_size=1
time_ns=40458351086 [HOP 1] RX legacy SNMP from 5 command=2
time_ns=40458351086 [NWK 1] RX SNMP_DISCOVERY_DONE source=5 hopSource=5 advertisedNodes=2
time_ns=40458351086 [NWK 1] TX legacy SNMP command=1 finalDestination=3 hopDestination=3 nodes=0
time_ns=40458351086 [HOP 1] TX legacy SNMP hopDestination=3 ackable=0 dscp=0
time_ns=40458351086 [MAC] Enqueue TX pkt dscp=0 insert_pos=0 queue_size_before=0
time_ns=40458351086 [NWK 1] SNMP discovery handoff target=3 watchdog=60s
time_ns=40458351086 [HOP 1] Overheard legacy SNMP from 5 for hop 3 ignored without neighbor update
time_ns=40458351086 [MAC 1] PickTxSlot(dest=5) active_nodes_for_slotting=3 opnet_slot_range=31
time_ns=40458351086 [MAC 1] avoiding neighbor 5 currentReservedSlot=29 rtslot_counter=29
time_ns=40458351086 [MAC 1] PickTxSlot(dest=5) avoid: 29
time_ns=40458351086 [MAC 1] PickTxSlot chose 18 using historical next_tslot modulo probe
time_ns=40458351086 [MAC 1] starts Pre-Tx with new slot=18 holdoff_over=1
time_ns=40458351086 [NWK 1] Built ARL routing byte stream routingSequence=8 records=5 advertisedRoutes=3 recordBytes=57 sections=1 maxSectionBytes=700
time_ns=40458351086 [NWK 1] Starting reliable ARL RoutingSnapshot neighbor=5 routingSequence=8 sections=1
time_ns=40458351086 [NWK 1] Sending ARL RoutingSnapshot section=0/1 neighbor=5 routingSequence=8
time_ns=40458351086 [HOP 1] link_control dest=5 neighborKnown=1 s0=-103 pathloss=140.876 failures=0 speed=8 txPower=33 rxPower=-103 cost=7450
time_ns=40458351086 [HOP 1] TX reliable RoutingControl targets=5:9
time_ns=40458351086 [MAC] Enqueue TX pkt dscp=7 insert_pos=0 queue_size_before=1
time_ns=40458351086 [NWK 1] Armed RoutingSnapshot watchdog neighbor=5 phase=awaiting-independent-section-acks generation=3 timeoutSec=20
time_ns=40458352444 [t=40.4584] RX OVERHEARD at node 4 from node 5 seq 11 rate 8 kbps txPower 33 dBm preamble SHORT pathloss 142.884 dB snr -2.90891 dB (slot 29, len 94B, ackable=1)
time_ns=40458352444 [MAC 4] Learned neighbor 5 uses slot 29 (rtCounter=29)
time_ns=40458352444 [HOP 4] Overheard legacy SNMP from 5 for hop 1 ignored without neighbor update
time_ns=40458352444 [HOP 4] Overheard legacy SNMP from 5 for hop 3 ignored without neighbor update
time_ns=40458359163 [t=40.4584] RX at node 3 from node 5 seq 11 rate 8 kbps txPower 33 dBm preamble SHORT pathloss 150.383 dB snr -10.408 dB (slot 29, len 94B, ackable=1)
time_ns=40458359163 [MAC 3] Learned neighbor 5 uses slot 29 (rtCounter=29)
time_ns=40458359163 [HOP 3] RX reliable RoutingControl from 5 seq=7 firstReception=1
time_ns=40458359163 [MAC 3] active_nodes set to 3 for local slotting and post-TX wait
time_ns=40458359163 [NWK 3] active_nodes=3 pushed to MAC
time_ns=40458359163 [NWK 3] Updated HELLO neighbor=5 hopSrc=5 speedKey=8 activeNodes=3 pathloss=150.383 snr=-10.408
time_ns=40458359163 [NWK 3] link_calc neighbor=5 s0=-103 pathloss=150.383 numFailures=0 speed=8 txPower=33 estDistance=298 speedMargin=-14.383 totalMargin=-14.383 costMode=local-only cost=7450
time_ns=40458359163 [NWK 3] Updated route candidate dst=5 nextHop=5 hops=1 oldCost=7450 newCost=7450 valid=1->1 selectionDeferred=0 selected=1
time_ns=40458359163 [NWK 3] ARL route message from 5 type=RoutingUpdate advCount=0
time_ns=40458359163 [NWK 3] Received RoutingRequest from=5 routingSequence=7; scheduling reliable INFO/UPDATE/FLUSH snapshot
time_ns=40458359163 [NWK 3] Routes: dst=1->nh=1(hops=1,cost=3587,linkCost=3587,advCost=0,from=1,imm=1,pl=135.376,valid=1,path=[1]) dst=5->nh=1(hops=2,cost=11037,linkCost=3587,advCost=7450,from=1,imm=0,pl=135.376,valid=1,path=[1->5]) dst=5->nh=5(hops=1,cost=7450,linkCost=7450,advCost=0,from=5,imm=1,pl=150.383,valid=1,path=[5]) dst=1->nh=5(hops=2,cost=14900,linkCost=7450,advCost=7450,from=5,imm=0,pl=150.383,valid=1,path=[5->1])
time_ns=40458359163 [HOP 3] link_control dest=5 neighborKnown=1 s0=-103 pathloss=150.383 failures=0 speed=8 txPower=33 rxPower=-103 cost=7450
time_ns=40458359163 [HOP 3] ACK RoutingControl to 5 seq=7
time_ns=40458359163 [MAC 3] Enqueue ACK dest=5 seq=7 window=0 ack_queue_size=1
time_ns=40458359163 [HOP 3] Overheard legacy SNMP from 5 for hop 1 ignored without neighbor update
time_ns=40458359163 [HOP 3] RX legacy SNMP from 5 command=1
time_ns=40458359163 [NWK 3] RX SNMP_START_DISCOVERY source=5 hopSource=5 delay=0 state=0
time_ns=40458359163 [NWK 3] Discovery table append node=5 needed=0 position=0
time_ns=40458359163 [MAC 3] PickTxSlot(dest=5) active_nodes_for_slotting=3 opnet_slot_range=31
time_ns=40458359163 [MAC 3] avoiding neighbor 5 currentReservedSlot=29 rtslot_counter=29
time_ns=40458359163 [MAC 3] PickTxSlot(dest=5) avoid: 29
time_ns=40458359163 [MAC 3] PickTxSlot chose 1 using historical next_tslot modulo probe
time_ns=40458359163 [MAC 3] starts Pre-Tx with new slot=1 holdoff_over=1
time_ns=40458359163 [NWK 3] Built ARL routing byte stream routingSequence=6 records=5 advertisedRoutes=3 recordBytes=57 sections=1 maxSectionBytes=700
time_ns=40458359163 [NWK 3] Starting reliable ARL RoutingSnapshot neighbor=5 routingSequence=6 sections=1
time_ns=40458359163 [NWK 3] Sending ARL RoutingSnapshot section=0/1 neighbor=5 routingSequence=6
time_ns=40458359163 [HOP 3] link_control dest=5 neighborKnown=1 s0=-103 pathloss=150.383 failures=0 speed=8 txPower=33 rxPower=-103 cost=7450
time_ns=40458359163 [HOP 3] TX reliable RoutingControl targets=5:7
time_ns=40458359163 [MAC] Enqueue TX pkt dscp=7 insert_pos=0 queue_size_before=0
time_ns=40458359163 [NWK 3] Armed RoutingSnapshot watchdog neighbor=5 phase=awaiting-independent-section-acks generation=3 timeoutSec=20
time_ns=40458359163 [NWK 3] DiscoveryStart Broadcast sequence=1 resetVerifiedNeighbors=2
time_ns=40458359163 [NWK 3] ARL Discover sent without Routes_PAYLOAD
time_ns=40458359163 [NWK 3] HELLO advertising 0 routes
time_ns=40458359163 [NWK 3] HELLO ARL route msg type=1
time_ns=40458359163 [HOP 3] link_control dest=16777215 neighborKnown=0 speed=8 txPower=33 rxPower=-103
time_ns=40458359163 [HOP 3] TX GroupEstablish Discover securityCount=1 securityBytes=7
time_ns=40458359163 [MAC] Enqueue TX pkt dscp=7 insert_pos=1 queue_size_before=1
time_ns=40482000000 [MAC 3] PickTxSlot(dest=5) active_nodes_for_slotting=3 opnet_slot_range=31
time_ns=40482000000 [MAC 3] avoiding neighbor 5 currentReservedSlot=27 rtslot_counter=27
time_ns=40482000000 [MAC 3] PickTxSlot(dest=5) avoid: 27
time_ns=40482000000 [MAC 3] PickTxSlot chose 29 using historical next_tslot modulo probe
time_ns=40482000000 [MAC 3] TX opportunity reached currentSlot=1 reserveNextSlot=29
time_ns=40482000000 ... type=1 speedKey=8[t=40.482] TX from node 3 to dest 5 seq 7 size 123 bytes segments 3 at slot 29 rate 8 kbps txPower 33 dBm (7843.14 bps) preamble LONG duration 1.14138 s
time_ns=40482000000 [t=40.482] RX OCCLUDED at node 2 from node 3 seq 7
time_ns=40482000000 [t=40.482] RX OCCLUDED at node 4 from node 3 seq 7
time_ns=40482000000 [t=40.482] RX OCCLUDED at node 7 from node 3 seq 7
time_ns=40482000000 [t=40.482] RX OCCLUDED at node 8 from node 3 seq 7
time_ns=40482000000 [HOP 3] MAC sent confirmation dest=5 seq=7 transmission=1 sentAt=40.482
time_ns=40482000000 [MAC 3] ACK transmitted in aggregate dest=5 seq=7 txCount=1/5
time_ns=40482000000 [MAC 3] OPNET aggregate transmitted segments=3 ackSegments=1 dataSegments=2 bytes=123 rate=8
time_ns=40482008077 [t=40.482] RX SYNC at node 1 from node 3 seq 7 power -102.376 dBm noise -106.975 dBm snr 4.59934 dB state=1
time_ns=40482019163 [t=40.482] RX SYNC at node 5 from node 3 seq 7 power -117.383 dBm noise -106.975 dBm snr -10.408 dB state=1
time_ns=40488638077 [t=40.4886] MAC 1 enters Track on node 3 seq 7 power -102.376 dBm
time_ns=40488649163 [t=40.4886] MAC 5 enters Track on node 3 seq 7 power -117.383 dBm
time_ns=40846000000 [MAC 4] rtslot_counter expired for neighbor 5 reserveSlot=29
time_ns=41498312444 [NWK 4] Sending source-faithful KeyRequest neighbor=5 noAck=1 retryDelayMs=10000
time_ns=41498312444 [HOP 4] link_control dest=5 neighborKnown=1 s0=-103 pathloss=142.884 failures=0 speed=8 txPower=33 rxPower=-103 cost=7450
time_ns=41498312444 [HOP 4] TX non-ACKed KeyRequest neighbor=5 hopSeq=5 keyId=1 keySeq=6 securityCount=1
time_ns=41498312444 [MAC] Enqueue TX pkt dscp=7 insert_pos=0 queue_size_before=0
time_ns=41509000000 [MAC 4] PickTxSlot(dest=5) active_nodes_for_slotting=2 opnet_slot_range=31
time_ns=41509000000 [MAC 4] PickTxSlot(dest=5) avoid:
time_ns=41509000000 [MAC 4] PickTxSlot chose 25 using historical next_tslot modulo probe
time_ns=41509000000 [MAC 4] starts Pre-Tx with new slot=25 holdoff_over=1
time_ns=41623380000 [MAC 3] resumes Pre-Tx with live slot=29 counter=29
time_ns=41623388077 [t=41.6234] RX at node 1 from node 3 seq 7 rate 8 kbps txPower 33 dBm preamble LONG pathloss 135.376 dB snr 4.59934 dB (slot 29, len 123B, ackable=1)
time_ns=41623388077 [MAC 1] Learned neighbor 3 uses slot 29 (rtCounter=29)
time_ns=41623388077 [HOP 1] Overheard frame from 3 for 5 type=1 ignored after neighbor update
time_ns=41623388077 [HOP 1] RX authenticated GroupEstablish Discover from=3 keyId=1 groupSeq=9
time_ns=41623388077 [MAC 1] active_nodes set to 3 for local slotting and post-TX wait
time_ns=41623388077 [NWK 1] active_nodes=3 pushed to MAC
time_ns=41623388077 [NWK 1] Updated HELLO neighbor=3 hopSrc=3 speedKey=8 activeNodes=3 pathloss=135.376 snr=4.59934
time_ns=41623388077 [NWK 1] link_calc neighbor=3 s0=-103 pathloss=135.376 numFailures=0 speed=8 txPower=33 estDistance=287 speedMargin=0.624344 totalMargin=0.624344 costMode=local-only cost=3587
time_ns=41623388077 [NWK 1] Updated route candidate dst=3 nextHop=3 hops=1 oldCost=3587 newCost=3587 valid=1->1 selectionDeferred=0 selected=1
time_ns=41623388077 [NWK 1] ARL route message from 3 type=Discover advCount=0
time_ns=41623388077 [NWK 1] ProcessDiscover from 3 subtype=Broadcast sequence=1
time_ns=41623388077 [NWK 1] New discovery sequence from 3 old=0 new=1
time_ns=41623388077 [NWK 1] Discovery response pending key-send ACK neighbor=3 sequence=1
time_ns=41623388077 [NWK 1] Routes: dst=3->nh=3(hops=1,cost=3587,linkCost=3587,advCost=0,from=3,imm=1,pl=135.376,valid=1,path=[3]) dst=5->nh=5(hops=1,cost=7450,linkCost=7450,advCost=0,from=5,imm=1,pl=140.876,valid=1,path=[5]) dst=3->nh=5(hops=2,cost=14900,linkCost=7450,advCost=7450,from=5,imm=0,pl=140.876,valid=1,path=[5->3]) dst=5->nh=3(hops=2,cost=11037,linkCost=3587,advCost=7450,from=3,imm=0,pl=135.376,valid=1,path=[3->5])
time_ns=41623399163 [t=41.6234] RX at node 5 from node 3 seq 7 rate 8 kbps txPower 33 dBm preamble LONG pathloss 150.383 dB snr -10.408 dB (slot 29, len 123B, ackable=1)
time_ns=41623399163 [MAC 5] Learned neighbor 3 uses slot 29 (rtCounter=29)
time_ns=41623399163 [HOP 5] RX ACK from 3 seq=7
time_ns=41623399163 [HOP 5] Reliable RoutingControl completed with 3 seq=7 routingSequence=7 section=0/1
time_ns=41623399163 [NWK 5] Reliable RoutingControl ACKed neighbor=3 routingSequence=7 operation=Request section=0/1 lastOfInfo=1
time_ns=41623399163 [HOP 5] RX reliable RoutingControl from 3 seq=7 firstReception=1
time_ns=41623399163 [MAC 5] active_nodes set to 3 for local slotting and post-TX wait
time_ns=41623399163 [NWK 5] active_nodes=3 pushed to MAC
time_ns=41623399163 [NWK 5] Updated HELLO neighbor=3 hopSrc=3 speedKey=8 activeNodes=3 pathloss=150.383 snr=-10.408
time_ns=41623399163 [NWK 5] link_calc neighbor=3 s0=-103 pathloss=150.383 numFailures=0 speed=8 txPower=33 estDistance=298 speedMargin=-14.383 totalMargin=-14.383 costMode=local-only cost=7450
time_ns=41623399163 [NWK 5] Updated route candidate dst=3 nextHop=3 hops=1 oldCost=7450 newCost=7450 valid=1->1 selectionDeferred=0 selected=1
time_ns=41623399163 [NWK 5] ARL route message from 3 type=RoutingUpdate advCount=0
time_ns=41623399163 [NWK 5] Buffered ARL routing section from=3 routingSequence=6 section=0/1 buffered=1
time_ns=41623399163 [NWK 5] Reassembled complete ARL routing message from=3 routingSequence=6 sections=1 recordBytes=57 records=5
time_ns=41623399163 [NWK 5] Applied ARL INFO from=3 routingSequence=6
time_ns=41623399163 [NWK 5] Applied source-owned neighbor capability neighbor=3 capability=1 routingSequence=6 directCost=7450
time_ns=41623399163 [NWK 5] Updated route candidate dst=1 nextHop=3 hops=2 oldCost=11037 newCost=11037 valid=1->1 selectionDeferred=0 selected=0
time_ns=41623399163 [NWK 5] Applied ARL UPDATE from=3 dst=1 advertisedHops=1 advertisedCost=3587 routingSequence=6
time_ns=41623399163 [NWK 5] Ignoring unsupported ARL UPDATE node node24=5 from=3
time_ns=41623399163 [NWK 5] Applied ARL FLUSH from=3 routingSequence=6 routesInvalidated=0
time_ns=41623399163 [NWK 5] Routes: dst=1->nh=1(hops=1,cost=7450,linkCost=7450,advCost=0,from=1,imm=1,pl=140.876,valid=1,path=[1]) dst=3->nh=1(hops=2,cost=11037,linkCost=7450,advCost=3587,from=1,imm=0,pl=140.876,valid=1,path=[1->3]) dst=3->nh=3(hops=1,cost=7450,linkCost=7450,advCost=0,from=3,imm=1,pl=150.383,valid=1,path=[3]) dst=1->nh=3(hops=2,cost=11037,linkCost=7450,advCost=3587,from=3,imm=0,pl=150.383,valid=1,path=[3->1])
time_ns=41623399163 [HOP 5] link_control dest=3 neighborKnown=1 s0=-103 pathloss=150.383 failures=0 speed=8 txPower=33 rxPower=-103 cost=7450
time_ns=41623399163 [HOP 5] ACK RoutingControl to 3 seq=7
time_ns=41623399163 [MAC 5] Enqueue ACK dest=3 seq=7 window=0 ack_queue_size=1
time_ns=41623399163 [HOP 5] RX authenticated GroupEstablish Discover from=3 keyId=1 groupSeq=9
time_ns=41623399163 [MAC 5] active_nodes set to 3 for local slotting and post-TX wait
time_ns=41623399163 [NWK 5] active_nodes=3 pushed to MAC
time_ns=41623399163 [NWK 5] Updated HELLO neighbor=3 hopSrc=3 speedKey=8 activeNodes=3 pathloss=150.383 snr=-10.408
time_ns=41623399163 [NWK 5] link_calc neighbor=3 s0=-103 pathloss=150.383 numFailures=0 speed=8 txPower=33 estDistance=298 speedMargin=-14.383 totalMargin=-14.383 costMode=local-only cost=7450
time_ns=41623399163 [NWK 5] Updated route candidate dst=3 nextHop=3 hops=1 oldCost=7450 newCost=7450 valid=1->1 selectionDeferred=0 selected=1
time_ns=41623399163 [NWK 5] ARL route message from 3 type=Discover advCount=0
time_ns=41623399163 [NWK 5] ProcessDiscover from 3 subtype=Broadcast sequence=1
time_ns=41623399163 [NWK 5] New discovery sequence from 3 old=0 new=1
time_ns=41623399163 [NWK 5] Discovery response pending key-send ACK neighbor=3 sequence=1
time_ns=41623399163 [NWK 5] Routes: dst=1->nh=1(hops=1,cost=7450,linkCost=7450,advCost=0,from=1,imm=1,pl=140.876,valid=1,path=[1]) dst=3->nh=1(hops=2,cost=11037,linkCost=7450,advCost=3587,from=1,imm=0,pl=140.876,valid=1,path=[1->3]) dst=3->nh=3(hops=1,cost=7450,linkCost=7450,advCost=0,from=3,imm=1,pl=150.383,valid=1,path=[3]) dst=1->nh=3(hops=2,cost=11037,linkCost=7450,advCost=3587,from=3,imm=0,pl=150.383,valid=1,path=[3->1])
time_ns=41623399163 [MAC 5] resumes Pre-Tx with live slot=29 counter=27
time_ns=41623399191 [NWK 5] CheckNwkQueue: size=0
time_ns=41643388077 [NWK 1] Sending deferred Discovery NeighborCheck neighbor=3 sequence=1 afterKeySend=1
time_ns=41643388077 [NWK 1] Sending targeted ARL NeighborCheck neighbor=3 subtype=Discovery discoverySequence=1
time_ns=41643388077 [HOP 1] link_control dest=3 neighborKnown=1 s0=-103 pathloss=135.376 failures=0 speed=8 txPower=33 rxPower=-103 cost=3587
time_ns=41643388077 [HOP 1] TX reliable NeighborCheck to 3 seq=10
time_ns=41643388077 [MAC] Enqueue TX pkt dscp=7 insert_pos=1 queue_size_before=2
time_ns=41643399163 [NWK 5] Sending deferred Discovery NeighborCheck neighbor=3 sequence=1 afterKeySend=1
time_ns=41643399163 [NWK 5] Sending targeted ARL NeighborCheck neighbor=3 subtype=Discovery discoverySequence=1
time_ns=41643399163 [HOP 5] link_control dest=3 neighborKnown=1 s0=-103 pathloss=150.383 failures=0 speed=8 txPower=33 rxPower=-103 cost=7450
time_ns=41643399163 [HOP 5] TX reliable NeighborCheck to 3 seq=8
time_ns=41643399163 [MAC] Enqueue TX pkt dscp=7 insert_pos=0 queue_size_before=0
time_ns=41834000000 [MAC 1] PickTxSlot(dest=5) active_nodes_for_slotting=3 opnet_slot_range=31
time_ns=41834000000 [MAC 1] avoiding neighbor 3 currentReservedSlot=12 rtslot_counter=12
time_ns=41834000000 [MAC 1] avoiding neighbor 5 currentReservedSlot=10 rtslot_counter=10
time_ns=41834000000 [MAC 1] PickTxSlot(dest=5) avoid: 10 12
time_ns=41834000000 [MAC 1] PickTxSlot chose 2 using historical next_tslot modulo probe
time_ns=41834000000 [MAC 1] TX opportunity reached currentSlot=18 reserveNextSlot=2
time_ns=41834000000 ... type=1 speedKey=8[t=41.834] TX from node 1 to dest 5 seq 11 size 151 bytes segments 4 at slot 2 rate 8 kbps txPower 33 dBm (7843.14 bps) preamble SHORT duration 0.17748 s
time_ns=41834000000 [t=41.834] RX OCCLUDED at node 2 from node 1 seq 11
time_ns=41834000000 [t=41.834] RX OCCLUDED at node 7 from node 1 seq 11
time_ns=41834000000 [t=41.834] RX OCCLUDED at node 8 from node 1 seq 11
time_ns=41834000000 [HOP 1] MAC sent confirmation dest=5 seq=9 transmission=1 sentAt=41.834
time_ns=41834000000 [HOP 1] MAC sent confirmation dest=3 seq=10 transmission=1 sentAt=41.834
time_ns=41834000000 [MAC 1] ACK transmitted in aggregate dest=5 seq=11 txCount=1/5
time_ns=41834000000 [MAC 1] OPNET aggregate transmitted segments=4 ackSegments=1 dataSegments=3 bytes=151 rate=8
time_ns=41834008077 [t=41.834] RX SYNC at node 3 from node 1 seq 11 power -102.376 dBm noise -106.975 dBm snr 4.59934 dB state=1
time_ns=41834011086 [t=41.834] RX SYNC at node 5 from node 1 seq 11 power -107.876 dBm noise -106.975 dBm snr -0.900945 dB state=1
time_ns=41834023527 [t=41.834] RX SYNC at node 4 from node 1 seq 11 power -120.948 dBm noise -106.975 dBm snr -13.9725 dB state=1 below-threshold
time_ns=41840638077 [t=41.8406] MAC 3 enters Track on node 1 seq 11 power -102.376 dBm
time_ns=41840641086 [t=41.8406] MAC 5 enters Track on node 1 seq 11 power -107.876 dBm
time_ns=41847000000 [MAC 4] PickTxSlot(dest=5) active_nodes_for_slotting=2 opnet_slot_range=31
time_ns=41847000000 [MAC 4] PickTxSlot(dest=5) avoid:
time_ns=41847000000 [MAC 4] PickTxSlot chose 4 using historical next_tslot modulo probe
time_ns=41847000000 [MAC 4] TX opportunity reached currentSlot=25 reserveNextSlot=4
time_ns=41847000000 ... type=8 speedKey=8[t=41.847] TX from node 4 to dest 5 seq 5 size 18 bytes segments 1 at slot 4 rate 8 kbps txPower 33 dBm (7843.14 bps) preamble SHORT duration 0.04182 s
time_ns=41847000000 [t=41.847] RX OCCLUDED at node 3 from node 4 seq 5
time_ns=41847000000 [t=41.847] RX OCCLUDED at node 7 from node 4 seq 5
time_ns=41847000000 [t=41.847] RX OCCLUDED at node 8 from node 4 seq 5
time_ns=41847000000 [MAC 4] OPNET aggregate transmitted segments=1 ackSegments=0 dataSegments=1 bytes=18 rate=8
time_ns=41847012444 [t=41.847] RX SYNC at node 5 from node 4 seq 5 power -109.884 dBm noise -106.975 dBm snr -2.90891 dB state=2
time_ns=41847013632 [t=41.847] RX SYNC at node 2 from node 4 seq 5 power -111.468 dBm noise -106.975 dBm snr -4.4927 dB state=0
time_ns=41847023527 [t=41.847] RX SYNC at node 1 from node 4 seq 5 power -120.948 dBm noise -106.975 dBm snr -13.9725 dB state=3 below-threshold
time_ns=41888820000 [MAC 4] post-TX WAIT_FOR_ACK until 60.3888 (POST_TX_WAIT=18.5 s)
time_ns=41888833632 [t=41.8888] RX MISS at node 2 from node 4 seq 5
time_ns=41888843527 [t=41.8888] RX MISS at node 1 from node 4 seq 5
time_ns=41951000000 [MAC 4] local advertised reservation expired
time_ns=42011480000 [MAC 1] resumes Pre-Tx with live slot=2 counter=2
time_ns=42011488077 [t=42.0115] RX at node 3 from node 1 seq 11 rate 8 kbps txPower 33 dBm preamble SHORT pathloss 135.376 dB snr 4.59934 dB (slot 2, len 151B, ackable=1)
time_ns=42011488077 [MAC 3] Learned neighbor 1 uses slot 2 (rtCounter=2)
time_ns=42011488077 [HOP 3] Overheard frame from 1 for 5 type=1 ignored after neighbor update
time_ns=42011488077 [HOP 3] RX reliable NeighborCheck from 1 seq=10 firstReception=1
time_ns=42011488077 [MAC 3] active_nodes set to 3 for local slotting and post-TX wait
time_ns=42011488077 [NWK 3] active_nodes=3 pushed to MAC
time_ns=42011488077 [NWK 3] Updated HELLO neighbor=1 hopSrc=1 speedKey=8 activeNodes=3 pathloss=135.376 snr=4.59934
time_ns=42011488077 [NWK 3] link_calc neighbor=1 s0=-103 pathloss=135.376 numFailures=0 speed=8 txPower=33 estDistance=287 speedMargin=0.624344 totalMargin=0.624344 costMode=local-only cost=3587
time_ns=42011488077 [NWK 3] Updated route candidate dst=1 nextHop=1 hops=1 oldCost=3587 newCost=3587 valid=1->1 selectionDeferred=0 selected=1
time_ns=42011488077 [NWK 3] ARL route message from 1 type=NeighborCheck advCount=0
time_ns=42011488077 [NWK 3] ProcessNeighborCheck from 1 subtype=Discovery pathloss=135.376 snr=4.59934 linkCost=3587 advCount=0
time_ns=42011488077 [NWK 3] Discovery response from neighbor=1 responseSequence=1 localDiscoverySequence=1
time_ns=42011488077 [NWK 3] Discovery response accepted neighbor=1 verified=0->1 sequence=1 reportedActiveNodes=3
time_ns=42011488077 [NWK 3] Routes: dst=1->nh=1(hops=1,cost=3587,linkCost=3587,advCost=0,from=1,imm=1,pl=135.376,valid=1,path=[1]) dst=5->nh=1(hops=2,cost=11037,linkCost=3587,advCost=7450,from=1,imm=0,pl=135.376,valid=1,path=[1->5]) dst=5->nh=5(hops=1,cost=7450,linkCost=7450,advCost=0,from=5,imm=1,pl=150.383,valid=1,path=[5]) dst=1->nh=5(hops=2,cost=14900,linkCost=7450,advCost=7450,from=5,imm=0,pl=150.383,valid=1,path=[5->1])
time_ns=42011488077 [HOP 3] link_control dest=1 neighborKnown=1 s0=-103 pathloss=135.376 failures=0 speed=8 txPower=33 rxPower=-103 cost=3587
time_ns=42011488077 [HOP 3] ACK NeighborCheck to 1 seq=10
time_ns=42011488077 [MAC 3] Enqueue ACK dest=1 seq=10 window=0 ack_queue_size=2
time_ns=42011488077 [HOP 3] RX legacy SNMP from 1 command=1
time_ns=42011488077 [NWK 3] RX SNMP_START_DISCOVERY source=1 hopSource=1 delay=0 state=2
time_ns=42011488077 [NWK 3] Ignore duplicate SNMP discovery start while active requesterRetained=1
time_ns=42011491086 [t=42.0115] RX at node 5 from node 1 seq 11 rate 8 kbps txPower 33 dBm preamble SHORT pathloss 140.876 dB snr -0.900945 dB (slot 2, len 151B, ackable=1)
time_ns=42011491086 [MAC 5] Learned neighbor 1 uses slot 2 (rtCounter=2)
time_ns=42011491086 [HOP 5] RX ACK from 1 seq=11
time_ns=42011491086 [HOP 5] Reliable RoutingControl completed with 1 seq=11 routingSequence=6 section=0/1
time_ns=42011491086 [NWK 5] Reliable RoutingControl ACKed neighbor=1 routingSequence=6 operation=Request section=0/1 lastOfInfo=1
time_ns=42011491086 [HOP 5] RX reliable RoutingControl from 1 seq=9 firstReception=1
time_ns=42011491086 [MAC 5] active_nodes set to 3 for local slotting and post-TX wait
time_ns=42011491086 [NWK 5] active_nodes=3 pushed to MAC
time_ns=42011491086 [NWK 5] Updated HELLO neighbor=1 hopSrc=1 speedKey=8 activeNodes=3 pathloss=140.876 snr=-0.900945
time_ns=42011491086 [NWK 5] link_calc neighbor=1 s0=-103 pathloss=140.876 numFailures=0 speed=8 txPower=33 estDistance=298 speedMargin=-4.87595 totalMargin=-4.87595 costMode=local-only cost=7450
time_ns=42011491086 [NWK 5] Updated route candidate dst=1 nextHop=1 hops=1 oldCost=7450 newCost=7450 valid=1->1 selectionDeferred=0 selected=1
time_ns=42011491086 [NWK 5] ARL route message from 1 type=RoutingUpdate advCount=0
time_ns=42011491086 [NWK 5] Buffered ARL routing section from=1 routingSequence=8 section=0/1 buffered=1
time_ns=42011491086 [NWK 5] Reassembled complete ARL routing message from=1 routingSequence=8 sections=1 recordBytes=57 records=5
time_ns=42011491086 [NWK 5] Applied ARL INFO from=1 routingSequence=8
time_ns=42011491086 [NWK 5] Applied source-owned neighbor capability neighbor=1 capability=2 routingSequence=8 directCost=7450
time_ns=42011491086 [NWK 5] Updated route candidate dst=3 nextHop=1 hops=2 oldCost=11037 newCost=11037 valid=1->1 selectionDeferred=0 selected=0
time_ns=42011491086 [NWK 5] Applied ARL UPDATE from=1 dst=3 advertisedHops=1 advertisedCost=3587 routingSequence=8
time_ns=42011491086 [NWK 5] Ignoring unsupported ARL UPDATE node node24=5 from=1
time_ns=42011491086 [NWK 5] Applied ARL FLUSH from=1 routingSequence=8 routesInvalidated=0
time_ns=42011491086 [NWK 5] Routes: dst=1->nh=1(hops=1,cost=7450,linkCost=7450,advCost=0,from=1,imm=1,pl=140.876,valid=1,path=[1]) dst=3->nh=1(hops=2,cost=11037,linkCost=7450,advCost=3587,from=1,imm=0,pl=140.876,valid=1,path=[1->3]) dst=3->nh=3(hops=1,cost=7450,linkCost=7450,advCost=0,from=3,imm=1,pl=150.383,valid=1,path=[3]) dst=1->nh=3(hops=2,cost=11037,linkCost=7450,advCost=3587,from=3,imm=0,pl=150.383,valid=1,path=[3->1])
time_ns=42011491086 [HOP 5] link_control dest=1 neighborKnown=1 s0=-103 pathloss=140.876 failures=0 speed=8 txPower=33 rxPower=-103 cost=7450
time_ns=42011491086 [HOP 5] ACK RoutingControl to 1 seq=9
time_ns=42011491086 [MAC 5] Enqueue ACK dest=1 seq=9 window=0 ack_queue_size=2
time_ns=42011491086 [HOP 5] Overheard frame from 1 for 3 type=5 ignored after neighbor update
time_ns=42011491086 [HOP 5] Overheard legacy SNMP from 1 for hop 3 ignored without neighbor update
time_ns=42011491114 [NWK 5] CheckNwkQueue: size=0
time_ns=42042000000 [MAC 3] rtslot_counter expired for neighbor 1 reserveSlot=2
time_ns=42042000000 [MAC 5] rtslot_counter expired for neighbor 1 reserveSlot=2
time_ns=42042000000 [MAC 1] PickTxSlot(dest=5) active_nodes_for_slotting=3 opnet_slot_range=31
time_ns=42042000000 [MAC 1] avoiding neighbor 3 currentReservedSlot=9 rtslot_counter=9
time_ns=42042000000 [MAC 1] avoiding neighbor 5 currentReservedSlot=7 rtslot_counter=7
time_ns=42042000000 [MAC 1] PickTxSlot(dest=5) avoid: 7 9
time_ns=42042000000 [MAC 1] PickTxSlot chose 10 using historical next_tslot modulo probe
time_ns=42042000000 [MAC 1] TX opportunity reached currentSlot=2 reserveNextSlot=10
time_ns=42042000000 ... type=1 speedKey=8[t=42.042] TX from node 1 to dest 5 seq 11 size 25 bytes segments 1 at slot 10 rate 8 kbps txPower 33 dBm (7843.14 bps) preamble SHORT duration 0.04896 s
time_ns=42042000000 [t=42.042] RX OCCLUDED at node 2 from node 1 seq 11
time_ns=42042000000 [t=42.042] RX OCCLUDED at node 7 from node 1 seq 11
time_ns=42042000000 [t=42.042] RX OCCLUDED at node 8 from node 1 seq 11
time_ns=42042000000 [MAC 1] ACK transmitted in aggregate dest=5 seq=11 txCount=2/5
time_ns=42042000000 [MAC 1] OPNET aggregate transmitted segments=1 ackSegments=1 dataSegments=0 bytes=25 rate=8
time_ns=42042008077 [t=42.042] RX SYNC at node 3 from node 1 seq 11 power -102.376 dBm noise -106.975 dBm snr 4.59934 dB state=1
time_ns=42042011086 [t=42.042] RX SYNC at node 5 from node 1 seq 11 power -107.876 dBm noise -106.975 dBm snr -0.900945 dB state=1
time_ns=42042023527 [t=42.042] RX SYNC at node 4 from node 1 seq 11 power -120.948 dBm noise -106.975 dBm snr -13.9725 dB state=1 below-threshold
time_ns=42048638077 [t=42.0486] MAC 3 enters Track on node 1 seq 11 power -102.376 dBm
time_ns=42048641086 [t=42.0486] MAC 5 enters Track on node 1 seq 11 power -107.876 dBm
time_ns=42090960000 [MAC 1] resumes Pre-Tx with live slot=10 counter=10
time_ns=42090968077 [t=42.091] RX OVERHEARD at node 3 from node 1 seq 11 rate 8 kbps txPower 33 dBm preamble SHORT pathloss 135.376 dB snr 4.59934 dB (slot 10, len 25B, ackable=0)
time_ns=42090968077 [MAC 3] Learned neighbor 1 uses slot 10 (rtCounter=10)
time_ns=42090968077 [HOP 3] Overheard frame from 1 for 5 type=1 ignored after neighbor update
time_ns=42090971086 [t=42.091] RX at node 5 from node 1 seq 11 rate 8 kbps txPower 33 dBm preamble SHORT pathloss 140.876 dB snr -0.900945 dB (slot 10, len 25B, ackable=0)
time_ns=42090971086 [MAC 5] Learned neighbor 1 uses slot 10 (rtCounter=10)
time_ns=42090971086 [HOP 5] RX ACK from 1 seq=11
time_ns=42090971114 [NWK 5] CheckNwkQueue: size=0
time_ns=42185000000 [MAC 3] rtslot_counter expired for neighbor 5 reserveSlot=29
time_ns=42185000000 [MAC 5] PickTxSlot(dest=3) active_nodes_for_slotting=3 opnet_slot_range=31
time_ns=42185000000 [MAC 5] avoiding neighbor 1 currentReservedSlot=2 rtslot_counter=2
time_ns=42185000000 [MAC 5] avoiding neighbor 3 currentReservedSlot=1 rtslot_counter=1
time_ns=42185000000 [MAC 5] PickTxSlot(dest=3) avoid: 1 2
time_ns=42185000000 [MAC 5] PickTxSlot chose 7 using historical next_tslot modulo probe
time_ns=42185000000 [MAC 5] TX opportunity reached currentSlot=29 reserveNextSlot=7
time_ns=42185000000 ... type=1 speedKey=8[t=42.185] TX from node 5 to dest 3 seq 7 size 66 bytes segments 3 at slot 7 rate 8 kbps txPower 33 dBm (7843.14 bps) preamble SHORT duration 0.09078 s
time_ns=42185000000 [t=42.185] RX OCCLUDED at node 2 from node 5 seq 7
time_ns=42185000000 [t=42.185] RX OCCLUDED at node 7 from node 5 seq 7
time_ns=42185000000 [t=42.185] RX OCCLUDED at node 8 from node 5 seq 7
time_ns=42185000000 [HOP 5] MAC sent confirmation dest=3 seq=8 transmission=1 sentAt=42.185
time_ns=42185000000 [MAC 5] ACK transmitted in aggregate dest=3 seq=7 txCount=1/5
time_ns=42185000000 [MAC 5] ACK transmitted in aggregate dest=1 seq=9 txCount=1/5
time_ns=42185000000 [MAC 5] OPNET aggregate transmitted segments=3 ackSegments=2 dataSegments=1 bytes=66 rate=8
time_ns=42185000000 [MAC 1] rtslot_counter expired for neighbor 5 reserveSlot=29
time_ns=42185011086 [t=42.185] RX SYNC at node 1 from node 5 seq 7 power -107.876 dBm noise -106.975 dBm snr -0.900945 dB state=1
time_ns=42185012444 [t=42.185] RX SYNC at node 4 from node 5 seq 7 power -109.884 dBm noise -106.975 dBm snr -2.90891 dB state=1
time_ns=42185019163 [t=42.185] RX SYNC at node 3 from node 5 seq 7 power -117.383 dBm noise -106.975 dBm snr -10.408 dB state=1
time_ns=42191641086 [t=42.1916] MAC 1 enters Track on node 5 seq 7 power -107.876 dBm
time_ns=42191642444 [t=42.1916] MAC 4 enters Track on node 5 seq 7 power -109.884 dBm
time_ns=42191649163 [t=42.1916] MAC 3 enters Track on node 5 seq 7 power -117.383 dBm
time_ns=42275780000 [MAC 5] resumes Pre-Tx with live slot=7 counter=7
time_ns=42275791086 [t=42.2758] RX at node 1 from node 5 seq 7 rate 8 kbps txPower 33 dBm preamble SHORT pathloss 140.876 dB snr -0.900945 dB (slot 7, len 66B, ackable=1)
time_ns=42275791086 [MAC 1] Learned neighbor 5 uses slot 7 (rtCounter=7)
time_ns=42275791086 [HOP 1] Overheard frame from 5 for 3 type=1 ignored after neighbor update
time_ns=42275791086 [HOP 1] RX ACK from 5 seq=9
time_ns=42275791086 [HOP 1] Reliable RoutingControl completed with 5 seq=9 routingSequence=8 section=0/1
time_ns=42275791086 [NWK 1] Reliable RoutingControl ACKed neighbor=5 routingSequence=8 operation=Update section=0/1 lastOfInfo=1
time_ns=42275791086 [NWK 1] ARL RoutingSnapshot section ACKed neighbor=5 routingSequence=8 section=0/1 ackedSections=1
time_ns=42275791086 [NWK 1] Reliable ARL RoutingSnapshot completed neighbor=5 routingSequence=8 sections=1
time_ns=42275791086 [HOP 1] Overheard frame from 5 for 3 type=5 ignored after neighbor update
time_ns=42275791114 [NWK 1] CheckNwkQueue: size=0
time_ns=42275792444 [t=42.2758] RX OVERHEARD at node 4 from node 5 seq 7 rate 8 kbps txPower 33 dBm preamble SHORT pathloss 142.884 dB snr -2.90891 dB (slot 7, len 66B, ackable=1)
time_ns=42275792444 [MAC 4] Learned neighbor 5 uses slot 7 (rtCounter=7)
time_ns=42275792444 [HOP 4] Overheard frame from 5 for 3 type=1 ignored after neighbor update
time_ns=42275792444 [HOP 4] Overheard frame from 5 for 1 type=1 ignored after neighbor update
time_ns=42275792444 [HOP 4] Overheard frame from 5 for 3 type=5 ignored after neighbor update
time_ns=42275799163 [t=42.2758] RX at node 3 from node 5 seq 7 rate 8 kbps txPower 33 dBm preamble SHORT pathloss 150.383 dB snr -10.408 dB (slot 7, len 66B, ackable=1)
time_ns=42275799163 [MAC 3] Learned neighbor 5 uses slot 7 (rtCounter=7)
time_ns=42275799163 [HOP 3] RX ACK from 5 seq=7
time_ns=42275799163 [HOP 3] Reliable RoutingControl completed with 5 seq=7 routingSequence=6 section=0/1
time_ns=42275799163 [NWK 3] Reliable RoutingControl ACKed neighbor=5 routingSequence=6 operation=Update section=0/1 lastOfInfo=1
time_ns=42275799163 [NWK 3] ARL RoutingSnapshot section ACKed neighbor=5 routingSequence=6 section=0/1 ackedSections=1
time_ns=42275799163 [NWK 3] Reliable ARL RoutingSnapshot completed neighbor=5 routingSequence=6 sections=1
time_ns=42275799163 [HOP 3] Overheard frame from 5 for 1 type=1 ignored after neighbor update
time_ns=42275799163 [HOP 3] RX reliable NeighborCheck from 5 seq=8 firstReception=1
time_ns=42275799163 [MAC 3] active_nodes set to 3 for local slotting and post-TX wait
time_ns=42275799163 [NWK 3] active_nodes=3 pushed to MAC
time_ns=42275799163 [NWK 3] Updated HELLO neighbor=5 hopSrc=5 speedKey=8 activeNodes=3 pathloss=150.383 snr=-10.408
time_ns=42275799163 [NWK 3] link_calc neighbor=5 s0=-103 pathloss=150.383 numFailures=0 speed=8 txPower=33 estDistance=298 speedMargin=-14.383 totalMargin=-14.383 costMode=local-only cost=7450
time_ns=42275799163 [NWK 3] Updated route candidate dst=5 nextHop=5 hops=1 oldCost=7450 newCost=7450 valid=1->1 selectionDeferred=0 selected=1
time_ns=42275799163 [NWK 3] ARL route message from 5 type=NeighborCheck advCount=0
time_ns=42275799163 [NWK 3] ProcessNeighborCheck from 5 subtype=Discovery pathloss=150.383 snr=-10.408 linkCost=7450 advCount=0
time_ns=42275799163 [NWK 3] Discovery response from neighbor=5 responseSequence=1 localDiscoverySequence=1
time_ns=42275799163 [NWK 3] Discovery response accepted neighbor=5 verified=0->1 sequence=1 reportedActiveNodes=3
time_ns=42275799163 [NWK 3] Routes: dst=1->nh=1(hops=1,cost=3587,linkCost=3587,advCost=0,from=1,imm=1,pl=135.376,valid=1,path=[1]) dst=5->nh=1(hops=2,cost=11037,linkCost=3587,advCost=7450,from=1,imm=0,pl=135.376,valid=1,path=[1->5]) dst=5->nh=5(hops=1,cost=7450,linkCost=7450,advCost=0,from=5,imm=1,pl=150.383,valid=1,path=[5]) dst=1->nh=5(hops=2,cost=14900,linkCost=7450,advCost=7450,from=5,imm=0,pl=150.383,valid=1,path=[5->1])
time_ns=42275799163 [HOP 3] link_control dest=5 neighborKnown=1 s0=-103 pathloss=150.383 failures=0 speed=8 txPower=33 rxPower=-103 cost=7450
time_ns=42275799163 [HOP 3] ACK NeighborCheck to 5 seq=8
time_ns=42275799163 [MAC 3] Enqueue ACK dest=5 seq=8 window=0 ack_queue_size=3
time_ns=42275799191 [NWK 3] CheckNwkQueue: size=0
time_ns=42289000000 [MAC 3] PickTxSlot(dest=5) active_nodes_for_slotting=3 opnet_slot_range=31
time_ns=42289000000 [MAC 3] avoiding neighbor 1 currentReservedSlot=0 rtslot_counter=0
time_ns=42289000000 [MAC 3] avoiding neighbor 5 currentReservedSlot=5 rtslot_counter=5
time_ns=42289000000 [MAC 3] PickTxSlot(dest=5) avoid: 5
time_ns=42289000000 [MAC 3] PickTxSlot chose 9 using historical next_tslot modulo probe
time_ns=42289000000 [MAC 3] TX opportunity reached currentSlot=29 reserveNextSlot=9
time_ns=42289000000 ... type=1 speedKey=8[t=42.289] TX from node 3 to dest 5 seq 7 size 75 bytes segments 3 at slot 9 rate 8 kbps txPower 33 dBm (7843.14 bps) preamble SHORT duration 0.09996 s
time_ns=42289000000 [t=42.289] RX OCCLUDED at node 2 from node 3 seq 7
time_ns=42289000000 [t=42.289] RX OCCLUDED at node 4 from node 3 seq 7
time_ns=42289000000 [t=42.289] RX OCCLUDED at node 7 from node 3 seq 7
time_ns=42289000000 [t=42.289] RX OCCLUDED at node 8 from node 3 seq 7
time_ns=42289000000 [MAC 3] ACK transmitted in aggregate dest=5 seq=7 txCount=2/5
time_ns=42289000000 [MAC 3] ACK transmitted in aggregate dest=1 seq=10 txCount=1/5
time_ns=42289000000 [MAC 3] ACK transmitted in aggregate dest=5 seq=8 txCount=1/5
time_ns=42289000000 [MAC 3] OPNET aggregate transmitted segments=3 ackSegments=3 dataSegments=0 bytes=75 rate=8
time_ns=42289000000 [MAC 5] rtslot_counter expired for neighbor 3 reserveSlot=29
time_ns=42289000000 [MAC 1] rtslot_counter expired for neighbor 3 reserveSlot=29
time_ns=42289008077 [t=42.289] RX SYNC at node 1 from node 3 seq 7 power -102.376 dBm noise -106.975 dBm snr 4.59934 dB state=1
time_ns=42289019163 [t=42.289] RX SYNC at node 5 from node 3 seq 7 power -117.383 dBm noise -106.975 dBm snr -10.408 dB state=1
time_ns=42295638077 [t=42.2956] MAC 1 enters Track on node 3 seq 7 power -102.376 dBm
time_ns=42295649163 [t=42.2956] MAC 5 enters Track on node 3 seq 7 power -117.383 dBm
time_ns=42367000000 [MAC 4] rtslot_counter expired for neighbor 5 reserveSlot=7
time_ns=42388960000 [MAC 3] resumes Pre-Tx with live slot=9 counter=9
time_ns=42388968077 [t=42.389] RX at node 1 from node 3 seq 7 rate 8 kbps txPower 33 dBm preamble SHORT pathloss 135.376 dB snr 4.59934 dB (slot 9, len 75B, ackable=0)
time_ns=42388968077 [MAC 1] Learned neighbor 3 uses slot 9 (rtCounter=9)
time_ns=42388968077 [HOP 1] Overheard frame from 3 for 5 type=1 ignored after neighbor update
time_ns=42388968077 [HOP 1] RX ACK from 3 seq=10
time_ns=42388968077 [HOP 1] Reliable NeighborCheck completed with 3 seq=10 subtype=0 discoverySequence=1
time_ns=42388968077 [NWK 1] NeighborCheck success neighbor=3 subtype=Discovery discoverySequence=1 stale=0->0 numFailures=0->0
time_ns=42388968077 [NWK 1] recompute hop-cost neighbor=3 failures=0 costMode=local-only newLinkCost=3587
time_ns=42388968077 [NWK 1] Recomputed route after link change dst=3 nextHop=3 oldCost=3587 newCost=3587 linkCost=3587 advertisedCost=0 numFailures=0
time_ns=42388968077 [NWK 1] Recomputed route after link change dst=5 nextHop=3 oldCost=11037 newCost=11037 linkCost=3587 advertisedCost=7450 numFailures=0
time_ns=42388968077 [HOP 1] Overheard frame from 3 for 5 type=1 ignored after neighbor update
time_ns=42388968105 [NWK 1] CheckNwkQueue: size=0
time_ns=42388979163 [t=42.389] RX at node 5 from node 3 seq 7 rate 8 kbps txPower 33 dBm preamble SHORT pathloss 150.383 dB snr -10.408 dB (slot 9, len 75B, ackable=0)
time_ns=42388979163 [MAC 5] Learned neighbor 3 uses slot 9 (rtCounter=9)
time_ns=42388979163 [HOP 5] RX ACK from 3 seq=7
time_ns=42388979163 [HOP 5] Overheard frame from 3 for 1 type=1 ignored after neighbor update
time_ns=42388979163 [HOP 5] RX ACK from 3 seq=8
time_ns=42388979163 [HOP 5] Reliable NeighborCheck completed with 3 seq=8 subtype=0 discoverySequence=1
time_ns=42388979163 [NWK 5] NeighborCheck success neighbor=3 subtype=Discovery discoverySequence=1 stale=0->0 numFailures=0->0
time_ns=42388979163 [NWK 5] recompute hop-cost neighbor=3 failures=0 costMode=local-only newLinkCost=7450
time_ns=42388979163 [NWK 5] Recomputed route after link change dst=3 nextHop=3 oldCost=7450 newCost=7450 linkCost=7450 advertisedCost=0 numFailures=0
time_ns=42388979163 [NWK 5] Recomputed route after link change dst=1 nextHop=3 oldCost=11037 newCost=11037 linkCost=7450 advertisedCost=3587 numFailures=0
time_ns=42388979191 [NWK 5] CheckNwkQueue: size=0
time_ns=42393000000 [MAC 3] rtslot_counter expired for neighbor 1 reserveSlot=10
time_ns=42393000000 [MAC 5] rtslot_counter expired for neighbor 1 reserveSlot=10
time_ns=42393000000 [MAC 1] PickTxSlot(dest=5) active_nodes_for_slotting=3 opnet_slot_range=31
time_ns=42393000000 [MAC 1] avoiding neighbor 3 currentReservedSlot=8 rtslot_counter=8
time_ns=42393000000 [MAC 1] avoiding neighbor 5 currentReservedSlot=4 rtslot_counter=4
time_ns=42393000000 [MAC 1] PickTxSlot(dest=5) avoid: 4 8
time_ns=42393000000 [MAC 1] PickTxSlot chose 19 using historical next_tslot modulo probe
time_ns=42393000000 [MAC 1] TX opportunity reached currentSlot=10 reserveNextSlot=19
time_ns=42393000000 ... type=1 speedKey=8[t=42.393] TX from node 1 to dest 5 seq 11 size 25 bytes segments 1 at slot 19 rate 8 kbps txPower 33 dBm (7843.14 bps) preamble SHORT duration 0.04896 s
time_ns=42393000000 [t=42.393] RX OCCLUDED at node 2 from node 1 seq 11
time_ns=42393000000 [t=42.393] RX OCCLUDED at node 7 from node 1 seq 11
time_ns=42393000000 [t=42.393] RX OCCLUDED at node 8 from node 1 seq 11
time_ns=42393000000 [MAC 1] ACK transmitted in aggregate dest=5 seq=11 txCount=3/5
time_ns=42393000000 [MAC 1] OPNET aggregate transmitted segments=1 ackSegments=1 dataSegments=0 bytes=25 rate=8
time_ns=42393008077 [t=42.393] RX SYNC at node 3 from node 1 seq 11 power -102.376 dBm noise -106.975 dBm snr 4.59934 dB state=1
time_ns=42393011086 [t=42.393] RX SYNC at node 5 from node 1 seq 11 power -107.876 dBm noise -106.975 dBm snr -0.900945 dB state=1
time_ns=42393023527 [t=42.393] RX SYNC at node 4 from node 1 seq 11 power -120.948 dBm noise -106.975 dBm snr -13.9725 dB state=1 below-threshold
time_ns=42399638077 [t=42.3996] MAC 3 enters Track on node 1 seq 11 power -102.376 dBm
time_ns=42399641086 [t=42.3996] MAC 5 enters Track on node 1 seq 11 power -107.876 dBm
time_ns=42441960000 [MAC 1] resumes Pre-Tx with live slot=19 counter=19
time_ns=42441968077 [t=42.442] RX OVERHEARD at node 3 from node 1 seq 11 rate 8 kbps txPower 33 dBm preamble SHORT pathloss 135.376 dB snr 4.59934 dB (slot 19, len 25B, ackable=0)
time_ns=42441968077 [MAC 3] Learned neighbor 1 uses slot 19 (rtCounter=19)
time_ns=42441968077 [HOP 3] Overheard frame from 1 for 5 type=1 ignored after neighbor update
time_ns=42441971086 [t=42.442] RX at node 5 from node 1 seq 11 rate 8 kbps txPower 33 dBm preamble SHORT pathloss 140.876 dB snr -0.900945 dB (slot 19, len 25B, ackable=0)
time_ns=42441971086 [MAC 5] Learned neighbor 1 uses slot 19 (rtCounter=19)
time_ns=42441971086 [HOP 5] RX ACK from 1 seq=11
time_ns=42441971114 [NWK 5] CheckNwkQueue: size=0
time_ns=42497000000 [MAC 3] rtslot_counter expired for neighbor 5 reserveSlot=7
time_ns=42497000000 [MAC 5] PickTxSlot(dest=3) active_nodes_for_slotting=3 opnet_slot_range=31
time_ns=42497000000 [MAC 5] avoiding neighbor 1 currentReservedSlot=14 rtslot_counter=14
time_ns=42497000000 [MAC 5] avoiding neighbor 3 currentReservedSlot=3 rtslot_counter=3
time_ns=42497000000 [MAC 5] PickTxSlot(dest=3) avoid: 3 14
time_ns=42497000000 [MAC 5] PickTxSlot chose 8 using historical next_tslot modulo probe
time_ns=42497000000 [MAC 5] TX opportunity reached currentSlot=7 reserveNextSlot=8
time_ns=42497000000 ... type=1 speedKey=8[t=42.497] TX from node 5 to dest 3 seq 7 size 50 bytes segments 2 at slot 8 rate 8 kbps txPower 33 dBm (7843.14 bps) preamble SHORT duration 0.07446 s
time_ns=42497000000 [t=42.497] RX OCCLUDED at node 2 from node 5 seq 7
time_ns=42497000000 [t=42.497] RX OCCLUDED at node 7 from node 5 seq 7
time_ns=42497000000 [t=42.497] RX OCCLUDED at node 8 from node 5 seq 7
time_ns=42497000000 [MAC 5] ACK transmitted in aggregate dest=3 seq=7 txCount=2/5
time_ns=42497000000 [MAC 5] ACK transmitted in aggregate dest=1 seq=9 txCount=2/5
time_ns=42497000000 [MAC 5] OPNET aggregate transmitted segments=2 ackSegments=2 dataSegments=0 bytes=50 rate=8
time_ns=42497000000 [MAC 1] rtslot_counter expired for neighbor 5 reserveSlot=7
time_ns=42497011086 [t=42.497] RX SYNC at node 1 from node 5 seq 7 power -107.876 dBm noise -106.975 dBm snr -0.900945 dB state=1
time_ns=42497012444 [t=42.497] RX SYNC at node 4 from node 5 seq 7 power -109.884 dBm noise -106.975 dBm snr -2.90891 dB state=1
time_ns=42497019163 [t=42.497] RX SYNC at node 3 from node 5 seq 7 power -117.383 dBm noise -106.975 dBm snr -10.408 dB state=1
time_ns=42503641086 [t=42.5036] MAC 1 enters Track on node 5 seq 7 power -107.876 dBm
time_ns=42503642444 [t=42.5036] MAC 4 enters Track on node 5 seq 7 power -109.884 dBm
time_ns=42503649163 [t=42.5036] MAC 3 enters Track on node 5 seq 7 power -117.383 dBm
time_ns=42571460000 [MAC 5] resumes Pre-Tx with live slot=8 counter=8
time_ns=42571471086 [t=42.5715] RX at node 1 from node 5 seq 7 rate 8 kbps txPower 33 dBm preamble SHORT pathloss 140.876 dB snr -0.900945 dB (slot 8, len 50B, ackable=0)
time_ns=42571471086 [MAC 1] Learned neighbor 5 uses slot 8 (rtCounter=8)
time_ns=42571471086 [HOP 1] Overheard frame from 5 for 3 type=1 ignored after neighbor update
time_ns=42571471086 [HOP 1] RX ACK from 5 seq=9
time_ns=42571471114 [NWK 1] CheckNwkQueue: size=0
time_ns=42571472444 [t=42.5715] RX OVERHEARD at node 4 from node 5 seq 7 rate 8 kbps txPower 33 dBm preamble SHORT pathloss 142.884 dB snr -2.90891 dB (slot 8, len 50B, ackable=0)
time_ns=42571472444 [MAC 4] Learned neighbor 5 uses slot 8 (rtCounter=8)
time_ns=42571472444 [HOP 4] Overheard frame from 5 for 3 type=1 ignored after neighbor update
time_ns=42571472444 [HOP 4] Overheard frame from 5 for 1 type=1 ignored after neighbor update
time_ns=42571479163 [t=42.5715] RX at node 3 from node 5 seq 7 rate 8 kbps txPower 33 dBm preamble SHORT pathloss 150.383 dB snr -10.408 dB (slot 8, len 50B, ackable=0)
time_ns=42571479163 [MAC 3] Learned neighbor 5 uses slot 8 (rtCounter=8)
time_ns=42571479163 [HOP 3] RX ACK from 5 seq=7
time_ns=42571479163 [HOP 3] Overheard frame from 5 for 1 type=1 ignored after neighbor update
time_ns=42571479191 [NWK 3] CheckNwkQueue: size=0
time_ns=42614000000 [MAC 3] PickTxSlot(dest=5) active_nodes_for_slotting=3 opnet_slot_range=31
time_ns=42614000000 [MAC 3] avoiding neighbor 1 currentReservedSlot=10 rtslot_counter=10
time_ns=42614000000 [MAC 3] avoiding neighbor 5 currentReservedSlot=4 rtslot_counter=4
time_ns=42614000000 [MAC 3] PickTxSlot(dest=5) avoid: 4 10
time_ns=42614000000 [MAC 3] PickTxSlot chose 24 using historical next_tslot modulo probe
time_ns=42614000000 [MAC 3] TX opportunity reached currentSlot=9 reserveNextSlot=24
time_ns=42614000000 ... type=1 speedKey=8[t=42.614] TX from node 3 to dest 5 seq 7 size 75 bytes segments 3 at slot 24 rate 8 kbps txPower 33 dBm (7843.14 bps) preamble SHORT duration 0.09996 s
time_ns=42614000000 [t=42.614] RX OCCLUDED at node 2 from node 3 seq 7
time_ns=42614000000 [t=42.614] RX OCCLUDED at node 4 from node 3 seq 7
time_ns=42614000000 [t=42.614] RX OCCLUDED at node 7 from node 3 seq 7
time_ns=42614000000 [t=42.614] RX OCCLUDED at node 8 from node 3 seq 7
time_ns=42614000000 [MAC 3] ACK transmitted in aggregate dest=5 seq=7 txCount=3/5
time_ns=42614000000 [MAC 3] ACK transmitted in aggregate dest=1 seq=10 txCount=2/5
time_ns=42614000000 [MAC 3] ACK transmitted in aggregate dest=5 seq=8 txCount=2/5
time_ns=42614000000 [MAC 3] OPNET aggregate transmitted segments=3 ackSegments=3 dataSegments=0 bytes=75 rate=8
time_ns=42614000000 [MAC 5] rtslot_counter expired for neighbor 3 reserveSlot=9
time_ns=42614000000 [MAC 1] rtslot_counter expired for neighbor 3 reserveSlot=9
time_ns=42614008077 [t=42.614] RX SYNC at node 1 from node 3 seq 7 power -102.376 dBm noise -106.975 dBm snr 4.59934 dB state=1
time_ns=42614019163 [t=42.614] RX SYNC at node 5 from node 3 seq 7 power -117.383 dBm noise -106.975 dBm snr -10.408 dB state=1
time_ns=42620638077 [t=42.6206] MAC 1 enters Track on node 3 seq 7 power -102.376 dBm
time_ns=42620649163 [t=42.6206] MAC 5 enters Track on node 3 seq 7 power -117.383 dBm
time_ns=42679000000 [MAC 4] rtslot_counter expired for neighbor 5 reserveSlot=8
time_ns=42713960000 [MAC 3] resumes Pre-Tx with live slot=24 counter=24
time_ns=42713968077 [t=42.714] RX at node 1 from node 3 seq 7 rate 8 kbps txPower 33 dBm preamble SHORT pathloss 135.376 dB snr 4.59934 dB (slot 24, len 75B, ackable=0)
time_ns=42713968077 [MAC 1] Learned neighbor 3 uses slot 24 (rtCounter=24)
time_ns=42713968077 [HOP 1] Overheard frame from 3 for 5 type=1 ignored after neighbor update
time_ns=42713968077 [HOP 1] RX ACK from 3 seq=10
time_ns=42713968077 [HOP 1] Overheard frame from 3 for 5 type=1 ignored after neighbor update
time_ns=42713968105 [NWK 1] CheckNwkQueue: size=0
time_ns=42713979163 [t=42.714] RX at node 5 from node 3 seq 7 rate 8 kbps txPower 33 dBm preamble SHORT pathloss 150.383 dB snr -10.408 dB (slot 24, len 75B, ackable=0)
time_ns=42713979163 [MAC 5] Learned neighbor 3 uses slot 24 (rtCounter=24)
time_ns=42713979163 [HOP 5] RX ACK from 3 seq=7
time_ns=42713979163 [HOP 5] Overheard frame from 3 for 1 type=1 ignored after neighbor update
time_ns=42713979163 [HOP 5] RX ACK from 3 seq=8
time_ns=42713979191 [NWK 5] CheckNwkQueue: size=0
time_ns=42770000000 [MAC 3] rtslot_counter expired for neighbor 5 reserveSlot=8
time_ns=42770000000 [MAC 5] PickTxSlot(dest=3) active_nodes_for_slotting=3 opnet_slot_range=31
time_ns=42770000000 [MAC 5] avoiding neighbor 1 currentReservedSlot=5 rtslot_counter=5
time_ns=42770000000 [MAC 5] avoiding neighbor 3 currentReservedSlot=19 rtslot_counter=19
time_ns=42770000000 [MAC 5] PickTxSlot(dest=3) avoid: 5 19
time_ns=42770000000 [MAC 5] PickTxSlot chose 31 using historical next_tslot modulo probe
time_ns=42770000000 [MAC 5] TX opportunity reached currentSlot=8 reserveNextSlot=31
time_ns=42770000000 ... type=1 speedKey=8[t=42.77] TX from node 5 to dest 3 seq 7 size 50 bytes segments 2 at slot 31 rate 8 kbps txPower 33 dBm (7843.14 bps) preamble SHORT duration 0.07446 s
time_ns=42770000000 [t=42.77] RX OCCLUDED at node 2 from node 5 seq 7
time_ns=42770000000 [t=42.77] RX OCCLUDED at node 7 from node 5 seq 7
time_ns=42770000000 [t=42.77] RX OCCLUDED at node 8 from node 5 seq 7
time_ns=42770000000 [MAC 5] ACK transmitted in aggregate dest=3 seq=7 txCount=3/5
time_ns=42770000000 [MAC 5] ACK transmitted in aggregate dest=1 seq=9 txCount=3/5
time_ns=42770000000 [MAC 5] OPNET aggregate transmitted segments=2 ackSegments=2 dataSegments=0 bytes=50 rate=8
time_ns=42770000000 [MAC 1] rtslot_counter expired for neighbor 5 reserveSlot=8
time_ns=42770011086 [t=42.77] RX SYNC at node 1 from node 5 seq 7 power -107.876 dBm noise -106.975 dBm snr -0.900945 dB state=1
time_ns=42770012444 [t=42.77] RX SYNC at node 4 from node 5 seq 7 power -109.884 dBm noise -106.975 dBm snr -2.90891 dB state=1
time_ns=42770019163 [t=42.77] RX SYNC at node 3 from node 5 seq 7 power -117.383 dBm noise -106.975 dBm snr -10.408 dB state=1
time_ns=42776641086 [t=42.7766] MAC 1 enters Track on node 5 seq 7 power -107.876 dBm
time_ns=42776642444 [t=42.7766] MAC 4 enters Track on node 5 seq 7 power -109.884 dBm
time_ns=42776649163 [t=42.7766] MAC 3 enters Track on node 5 seq 7 power -117.383 dBm
time_ns=42844460000 [MAC 5] resumes Pre-Tx with live slot=31 counter=31
time_ns=42844471086 [t=42.8445] RX at node 1 from node 5 seq 7 rate 8 kbps txPower 33 dBm preamble SHORT pathloss 140.876 dB snr -0.900945 dB (slot 31, len 50B, ackable=0)
time_ns=42844471086 [MAC 1] Learned neighbor 5 uses slot 31 (rtCounter=31)
time_ns=42844471086 [HOP 1] Overheard frame from 5 for 3 type=1 ignored after neighbor update
time_ns=42844471086 [HOP 1] RX ACK from 5 seq=9
time_ns=42844471114 [NWK 1] CheckNwkQueue: size=0
time_ns=42844472444 [t=42.8445] RX OVERHEARD at node 4 from node 5 seq 7 rate 8 kbps txPower 33 dBm preamble SHORT pathloss 142.884 dB snr -2.90891 dB (slot 31, len 50B, ackable=0)
time_ns=42844472444 [MAC 4] Learned neighbor 5 uses slot 31 (rtCounter=31)
time_ns=42844472444 [HOP 4] Overheard frame from 5 for 3 type=1 ignored after neighbor update
time_ns=42844472444 [HOP 4] Overheard frame from 5 for 1 type=1 ignored after neighbor update
time_ns=42844479163 [t=42.8445] RX at node 3 from node 5 seq 7 rate 8 kbps txPower 33 dBm preamble SHORT pathloss 150.383 dB snr -10.408 dB (slot 31, len 50B, ackable=0)
time_ns=42844479163 [MAC 3] Learned neighbor 5 uses slot 31 (rtCounter=31)
time_ns=42844479163 [HOP 3] RX ACK from 5 seq=7
time_ns=42844479163 [HOP 3] Overheard frame from 5 for 1 type=1 ignored after neighbor update
time_ns=42844479191 [NWK 3] CheckNwkQueue: size=0
time_ns=42913000000 [MAC 3] rtslot_counter expired for neighbor 1 reserveSlot=19
time_ns=42913000000 [MAC 5] rtslot_counter expired for neighbor 1 reserveSlot=19
time_ns=42913000000 [MAC 1] PickTxSlot(dest=5) active_nodes_for_slotting=3 opnet_slot_range=31
time_ns=42913000000 [MAC 1] avoiding neighbor 3 currentReservedSlot=13 rtslot_counter=13
time_ns=42913000000 [MAC 1] avoiding neighbor 5 currentReservedSlot=25 rtslot_counter=25
time_ns=42913000000 [MAC 1] PickTxSlot(dest=5) avoid: 13 25
time_ns=42913000000 [MAC 1] PickTxSlot chose 26 using historical next_tslot modulo probe
time_ns=42913000000 [MAC 1] TX opportunity reached currentSlot=19 reserveNextSlot=26
time_ns=42913000000 ... type=1 speedKey=8[t=42.913] TX from node 1 to dest 5 seq 11 size 25 bytes segments 1 at slot 26 rate 8 kbps txPower 33 dBm (7843.14 bps) preamble SHORT duration 0.04896 s
time_ns=42913000000 [t=42.913] RX OCCLUDED at node 2 from node 1 seq 11
time_ns=42913000000 [t=42.913] RX OCCLUDED at node 7 from node 1 seq 11
time_ns=42913000000 [t=42.913] RX OCCLUDED at node 8 from node 1 seq 11
time_ns=42913000000 [MAC 1] ACK transmitted in aggregate dest=5 seq=11 txCount=4/5
time_ns=42913000000 [MAC 1] OPNET aggregate transmitted segments=1 ackSegments=1 dataSegments=0 bytes=25 rate=8
time_ns=42913008077 [t=42.913] RX SYNC at node 3 from node 1 seq 11 power -102.376 dBm noise -106.975 dBm snr 4.59934 dB state=1
time_ns=42913011086 [t=42.913] RX SYNC at node 5 from node 1 seq 11 power -107.876 dBm noise -106.975 dBm snr -0.900945 dB state=1
time_ns=42913023527 [t=42.913] RX SYNC at node 4 from node 1 seq 11 power -120.948 dBm noise -106.975 dBm snr -13.9725 dB state=1 below-threshold
time_ns=42919638077 [t=42.9196] MAC 3 enters Track on node 1 seq 11 power -102.376 dBm
time_ns=42919641086 [t=42.9196] MAC 5 enters Track on node 1 seq 11 power -107.876 dBm
time_ns=42961960000 [MAC 1] resumes Pre-Tx with live slot=26 counter=26
time_ns=42961968077 [t=42.962] RX OVERHEARD at node 3 from node 1 seq 11 rate 8 kbps txPower 33 dBm preamble SHORT pathloss 135.376 dB snr 4.59934 dB (slot 26, len 25B, ackable=0)
time_ns=42961968077 [MAC 3] Learned neighbor 1 uses slot 26 (rtCounter=26)
time_ns=42961968077 [HOP 3] Overheard frame from 1 for 5 type=1 ignored after neighbor update
time_ns=42961971086 [t=42.962] RX at node 5 from node 1 seq 11 rate 8 kbps txPower 33 dBm preamble SHORT pathloss 140.876 dB snr -0.900945 dB (slot 26, len 25B, ackable=0)
time_ns=42961971086 [MAC 5] Learned neighbor 1 uses slot 26 (rtCounter=26)
time_ns=42961971086 [HOP 5] RX ACK from 1 seq=11
time_ns=42961971114 [NWK 5] CheckNwkQueue: size=0
time_ns=43134000000 [MAC 3] PickTxSlot(dest=5) active_nodes_for_slotting=3 opnet_slot_range=31
time_ns=43134000000 [MAC 3] avoiding neighbor 1 currentReservedSlot=12 rtslot_counter=12
time_ns=43134000000 [MAC 3] avoiding neighbor 5 currentReservedSlot=11 rtslot_counter=11
time_ns=43134000000 [MAC 3] PickTxSlot(dest=5) avoid: 11 12
time_ns=43134000000 [MAC 3] PickTxSlot chose 13 using historical next_tslot modulo probe
time_ns=43134000000 [MAC 3] TX opportunity reached currentSlot=24 reserveNextSlot=13
time_ns=43134000000 ... type=1 speedKey=8[t=43.134] TX from node 3 to dest 5 seq 7 size 75 bytes segments 3 at slot 13 rate 8 kbps txPower 33 dBm (7843.14 bps) preamble SHORT duration 0.09996 s
time_ns=43134000000 [t=43.134] RX OCCLUDED at node 2 from node 3 seq 7
time_ns=43134000000 [t=43.134] RX OCCLUDED at node 4 from node 3 seq 7
time_ns=43134000000 [t=43.134] RX OCCLUDED at node 7 from node 3 seq 7
time_ns=43134000000 [t=43.134] RX OCCLUDED at node 8 from node 3 seq 7
time_ns=43134000000 [MAC 3] ACK transmitted in aggregate dest=5 seq=7 txCount=4/5
time_ns=43134000000 [MAC 3] ACK transmitted in aggregate dest=1 seq=10 txCount=3/5
time_ns=43134000000 [MAC 3] ACK transmitted in aggregate dest=5 seq=8 txCount=3/5
time_ns=43134000000 [MAC 3] OPNET aggregate transmitted segments=3 ackSegments=3 dataSegments=0 bytes=75 rate=8
time_ns=43134000000 [MAC 5] rtslot_counter expired for neighbor 3 reserveSlot=24
time_ns=43134000000 [MAC 1] rtslot_counter expired for neighbor 3 reserveSlot=24
time_ns=43134008077 [t=43.134] RX SYNC at node 1 from node 3 seq 7 power -102.376 dBm noise -106.975 dBm snr 4.59934 dB state=1
time_ns=43134019163 [t=43.134] RX SYNC at node 5 from node 3 seq 7 power -117.383 dBm noise -106.975 dBm snr -10.408 dB state=1 below-threshold
time_ns=43140638077 [t=43.1406] MAC 1 enters Track on node 3 seq 7 power -102.376 dBm
time_ns=43233960000 [MAC 3] resumes Pre-Tx with live slot=13 counter=13
time_ns=43233968077 [t=43.234] RX at node 1 from node 3 seq 7 rate 8 kbps txPower 33 dBm preamble SHORT pathloss 135.376 dB snr 4.59934 dB (slot 13, len 75B, ackable=0)
time_ns=43233968077 [MAC 1] Learned neighbor 3 uses slot 13 (rtCounter=13)
time_ns=43233968077 [HOP 1] Overheard frame from 3 for 5 type=1 ignored after neighbor update
time_ns=43233968077 [HOP 1] RX ACK from 3 seq=10
time_ns=43233968077 [HOP 1] Overheard frame from 3 for 5 type=1 ignored after neighbor update
time_ns=43233968105 [NWK 1] CheckNwkQueue: size=0
time_ns=43251000000 [MAC 4] rtslot_counter expired for neighbor 5 reserveSlot=31
time_ns=43290000000 [MAC 5] PickTxSlot(dest=3) active_nodes_for_slotting=3 opnet_slot_range=31
time_ns=43290000000 [MAC 5] avoiding neighbor 1 currentReservedSlot=0 rtslot_counter=0
time_ns=43290000000 [MAC 5] PickTxSlot(dest=3) avoid:
time_ns=43290000000 [MAC 5] PickTxSlot chose 3 using historical next_tslot modulo probe
time_ns=43290000000 [MAC 5] TX opportunity reached currentSlot=31 reserveNextSlot=3
time_ns=43290000000 ... type=1 speedKey=8[t=43.29] TX from node 5 to dest 3 seq 7 size 50 bytes segments 2 at slot 3 rate 8 kbps txPower 33 dBm (7843.14 bps) preamble SHORT duration 0.07446 s
time_ns=43290000000 [t=43.29] RX OCCLUDED at node 2 from node 5 seq 7
time_ns=43290000000 [t=43.29] RX OCCLUDED at node 7 from node 5 seq 7
time_ns=43290000000 [t=43.29] RX OCCLUDED at node 8 from node 5 seq 7
time_ns=43290000000 [MAC 5] ACK transmitted in aggregate dest=3 seq=7 txCount=4/5
time_ns=43290000000 [MAC 5] ACK transmitted in aggregate dest=1 seq=9 txCount=4/5
time_ns=43290000000 [MAC 5] OPNET aggregate transmitted segments=2 ackSegments=2 dataSegments=0 bytes=50 rate=8
time_ns=43290011086 [t=43.29] RX SYNC at node 1 from node 5 seq 7 power -107.876 dBm noise -106.975 dBm snr -0.900945 dB state=1
time_ns=43290012444 [t=43.29] RX SYNC at node 4 from node 5 seq 7 power -109.884 dBm noise -106.975 dBm snr -2.90891 dB state=1
time_ns=43290019163 [t=43.29] RX SYNC at node 3 from node 5 seq 7 power -117.383 dBm noise -106.975 dBm snr -10.408 dB state=1
time_ns=43296641086 [t=43.2966] MAC 1 enters Track on node 5 seq 7 power -107.876 dBm
time_ns=43296642444 [t=43.2966] MAC 4 enters Track on node 5 seq 7 power -109.884 dBm
time_ns=43296649163 [t=43.2966] MAC 3 enters Track on node 5 seq 7 power -117.383 dBm
time_ns=43364460000 [MAC 5] resumes Pre-Tx with live slot=3 counter=3
time_ns=43364471086 [t=43.3645] RX at node 1 from node 5 seq 7 rate 8 kbps txPower 33 dBm preamble SHORT pathloss 140.876 dB snr -0.900945 dB (slot 3, len 50B, ackable=0)
time_ns=43364471086 [MAC 1] Learned neighbor 5 uses slot 3 (rtCounter=3)
time_ns=43364471086 [HOP 1] Overheard frame from 5 for 3 type=1 ignored after neighbor update
time_ns=43364471086 [HOP 1] RX ACK from 5 seq=9
time_ns=43364471114 [NWK 1] CheckNwkQueue: size=0
time_ns=43364472444 [t=43.3645] RX OVERHEARD at node 4 from node 5 seq 7 rate 8 kbps txPower 33 dBm preamble SHORT pathloss 142.884 dB snr -2.90891 dB (slot 3, len 50B, ackable=0)
time_ns=43364472444 [MAC 4] Learned neighbor 5 uses slot 3 (rtCounter=3)
time_ns=43364472444 [HOP 4] Overheard frame from 5 for 3 type=1 ignored after neighbor update
time_ns=43364472444 [HOP 4] Overheard frame from 5 for 1 type=1 ignored after neighbor update
time_ns=43364479163 [t=43.3645] RX at node 3 from node 5 seq 7 rate 8 kbps txPower 33 dBm preamble SHORT pathloss 150.383 dB snr -10.408 dB (slot 3, len 50B, ackable=0)
time_ns=43364479163 [MAC 3] Learned neighbor 5 uses slot 3 (rtCounter=3)
time_ns=43364479163 [HOP 3] RX ACK from 5 seq=7
time_ns=43364479163 [HOP 3] Overheard frame from 5 for 1 type=1 ignored after neighbor update
time_ns=43364479191 [NWK 3] CheckNwkQueue: size=0
time_ns=43368000000 [MAC 5] rtslot_counter expired for neighbor 1 reserveSlot=26
time_ns=43407000000 [MAC 4] rtslot_counter expired for neighbor 5 reserveSlot=3
time_ns=43407000000 [MAC 3] rtslot_counter expired for neighbor 5 reserveSlot=3
time_ns=43407000000 [MAC 5] PickTxSlot(dest=3) active_nodes_for_slotting=3 opnet_slot_range=31
time_ns=43407000000 [MAC 5] PickTxSlot(dest=3) avoid:
time_ns=43407000000 [MAC 5] PickTxSlot chose 3 using historical next_tslot modulo probe
time_ns=43407000000 [MAC 5] TX opportunity reached currentSlot=3 reserveNextSlot=3
time_ns=43407000000 ... type=1 speedKey=8[t=43.407] TX from node 5 to dest 3 seq 7 size 50 bytes segments 2 at slot 3 rate 8 kbps txPower 33 dBm (7843.14 bps) preamble SHORT duration 0.07446 s
time_ns=43407000000 [t=43.407] RX OCCLUDED at node 2 from node 5 seq 7
time_ns=43407000000 [t=43.407] RX OCCLUDED at node 7 from node 5 seq 7
time_ns=43407000000 [t=43.407] RX OCCLUDED at node 8 from node 5 seq 7
time_ns=43407000000 [MAC 5] ACK transmitted in aggregate dest=3 seq=7 txCount=5/5
time_ns=43407000000 [MAC 5] ACK transmitted in aggregate dest=1 seq=9 txCount=5/5
time_ns=43407000000 [MAC 5] Remove ACK after OPNET resend limit dest=3 seq=7
time_ns=43407000000 [MAC 5] Remove ACK after OPNET resend limit dest=1 seq=9
time_ns=43407000000 [MAC 5] OPNET aggregate transmitted segments=2 ackSegments=2 dataSegments=0 bytes=50 rate=8
time_ns=43407000000 [MAC 1] rtslot_counter expired for neighbor 5 reserveSlot=3
time_ns=43407011086 [t=43.407] RX SYNC at node 1 from node 5 seq 7 power -107.876 dBm noise -106.975 dBm snr -0.900945 dB state=1
time_ns=43407012444 [t=43.407] RX SYNC at node 4 from node 5 seq 7 power -109.884 dBm noise -106.975 dBm snr -2.90891 dB state=1
time_ns=43407019163 [t=43.407] RX SYNC at node 3 from node 5 seq 7 power -117.383 dBm noise -106.975 dBm snr -10.408 dB state=1 below-threshold
time_ns=43413641086 [t=43.4136] MAC 1 enters Track on node 5 seq 7 power -107.876 dBm
time_ns=43413642444 [t=43.4136] MAC 4 enters Track on node 5 seq 7 power -109.884 dBm
time_ns=43459000000 [MAC 3] rtslot_counter expired for neighbor 1 reserveSlot=26
time_ns=43472000000 [MAC 3] PickTxSlot(dest=5) active_nodes_for_slotting=3 opnet_slot_range=31
time_ns=43472000000 [MAC 3] PickTxSlot(dest=5) avoid:
time_ns=43472000000 [MAC 3] PickTxSlot chose 29 using historical next_tslot modulo probe
time_ns=43472000000 [MAC 3] TX opportunity reached currentSlot=13 reserveNextSlot=29
time_ns=43472000000 ... type=1 speedKey=8[t=43.472] TX from node 3 to dest 5 seq 7 size 75 bytes segments 3 at slot 29 rate 8 kbps txPower 33 dBm (7843.14 bps) preamble SHORT duration 0.09996 s
time_ns=43472000000 [t=43.472] RX OCCLUDED at node 2 from node 3 seq 7
time_ns=43472000000 [t=43.472] RX OCCLUDED at node 4 from node 3 seq 7
time_ns=43472000000 [t=43.472] RX OCCLUDED at node 7 from node 3 seq 7
time_ns=43472000000 [t=43.472] RX OCCLUDED at node 8 from node 3 seq 7
time_ns=43472000000 [MAC 3] ACK transmitted in aggregate dest=5 seq=7 txCount=5/5
time_ns=43472000000 [MAC 3] ACK transmitted in aggregate dest=1 seq=10 txCount=4/5
time_ns=43472000000 [MAC 3] ACK transmitted in aggregate dest=5 seq=8 txCount=4/5
time_ns=43472000000 [MAC 3] Remove ACK after OPNET resend limit dest=5 seq=7
time_ns=43472000000 [MAC 3] OPNET aggregate transmitted segments=3 ackSegments=3 dataSegments=0 bytes=75 rate=8
time_ns=43472008077 [t=43.472] RX SYNC at node 1 from node 3 seq 7 power -102.376 dBm noise -106.975 dBm snr 4.59934 dB state=2
time_ns=43472019163 [t=43.472] RX SYNC at node 5 from node 3 seq 7 power -117.383 dBm noise -106.975 dBm snr -10.408 dB state=3
time_ns=43481460000 [MAC 5] post-TX WAIT_FOR_ACK until 63.4815 (POST_TX_WAIT=20 s)
time_ns=43481471086 [t=43.4815] RX at node 1 from node 5 seq 7 rate 8 kbps txPower 33 dBm preamble SHORT pathloss 140.876 dB snr -0.900945 dB (slot 3, len 50B, ackable=0)
time_ns=43481471086 [MAC 1] Learned neighbor 5 uses slot 3 (rtCounter=3)
time_ns=43481471086 [HOP 1] Overheard frame from 5 for 3 type=1 ignored after neighbor update
time_ns=43481471086 [HOP 1] RX ACK from 5 seq=9
time_ns=43481471114 [NWK 1] CheckNwkQueue: size=0
time_ns=43481472444 [t=43.4815] RX OVERHEARD at node 4 from node 5 seq 7 rate 8 kbps txPower 33 dBm preamble SHORT pathloss 142.884 dB snr -2.90891 dB (slot 3, len 50B, ackable=0)
time_ns=43481472444 [MAC 4] Learned neighbor 5 uses slot 3 (rtCounter=3)
time_ns=43481472444 [HOP 4] Overheard frame from 5 for 3 type=1 ignored after neighbor update
time_ns=43481472444 [HOP 4] Overheard frame from 5 for 1 type=1 ignored after neighbor update
time_ns=43524000000 [MAC 4] rtslot_counter expired for neighbor 5 reserveSlot=3
time_ns=43537000000 [MAC 5] local advertised reservation expired
time_ns=43537000000 [MAC 1] rtslot_counter expired for neighbor 5 reserveSlot=3
time_ns=43537000000 [MAC 1] PickTxSlot(dest=5) active_nodes_for_slotting=3 opnet_slot_range=31
time_ns=43537000000 [MAC 1] avoiding neighbor 3 currentReservedSlot=0 rtslot_counter=0
time_ns=43537000000 [MAC 1] PickTxSlot(dest=5) avoid:
time_ns=43537000000 [MAC 1] PickTxSlot chose 23 using historical next_tslot modulo probe
time_ns=43537000000 [MAC 1] TX opportunity reached currentSlot=26 reserveNextSlot=23
time_ns=43537000000 ... type=1 speedKey=8[t=43.537] TX from node 1 to dest 5 seq 11 size 25 bytes segments 1 at slot 23 rate 8 kbps txPower 33 dBm (7843.14 bps) preamble SHORT duration 0.04896 s
time_ns=43537000000 [t=43.537] RX OCCLUDED at node 2 from node 1 seq 11
time_ns=43537000000 [t=43.537] RX OCCLUDED at node 7 from node 1 seq 11
time_ns=43537000000 [t=43.537] RX OCCLUDED at node 8 from node 1 seq 11
time_ns=43537000000 [MAC 1] ACK transmitted in aggregate dest=5 seq=11 txCount=5/5
time_ns=43537000000 [MAC 1] Remove ACK after OPNET resend limit dest=5 seq=11
time_ns=43537000000 [MAC 1] OPNET aggregate transmitted segments=1 ackSegments=1 dataSegments=0 bytes=25 rate=8
time_ns=43537008077 [t=43.537] RX SYNC at node 3 from node 1 seq 11 power -102.376 dBm noise -106.975 dBm snr 4.59934 dB state=3
time_ns=43537011086 [t=43.537] RX SYNC at node 5 from node 1 seq 11 power -107.876 dBm noise -106.975 dBm snr -0.900945 dB state=1
time_ns=43537023527 [t=43.537] RX SYNC at node 4 from node 1 seq 11 power -120.948 dBm noise -106.975 dBm snr -13.9725 dB state=1 below-threshold
time_ns=43543641086 [t=43.5436] MAC 5 enters Track on node 1 seq 11 power -107.876 dBm
time_ns=43571960000 [MAC 3] resumes Pre-Tx with live slot=29 counter=29
time_ns=43571979163 [t=43.572] RX MISS at node 5 from node 3 seq 7
time_ns=43585960000 [MAC 1] post-TX WAIT_FOR_ACK until 63.586 (POST_TX_WAIT=20 s)
time_ns=43585968077 [t=43.586] RX MISS at node 3 from node 1 seq 11
time_ns=43585971086 [t=43.586] RX at node 5 from node 1 seq 11 rate 8 kbps txPower 33 dBm preamble SHORT pathloss 140.876 dB snr -0.900945 dB (slot 23, len 25B, ackable=0)
time_ns=43585971086 [MAC 5] Learned neighbor 1 uses slot 23 (rtCounter=23)
time_ns=43585971086 [HOP 5] RX ACK from 1 seq=11
time_ns=43585971114 [NWK 5] CheckNwkQueue: size=0
time_ns=43589000000 [MAC 1] rtslot_counter expired for neighbor 3 reserveSlot=13
time_ns=43888000000 [MAC 5] rtslot_counter expired for neighbor 1 reserveSlot=23
time_ns=43888000000 [MAC 1] local advertised reservation expired
time_ns=43953000000 [MAC 3] PickTxSlot(dest=1) active_nodes_for_slotting=3 opnet_slot_range=31
time_ns=43953000000 [MAC 3] PickTxSlot(dest=1) avoid:
time_ns=43953000000 [MAC 3] PickTxSlot chose 29 using historical next_tslot modulo probe
time_ns=43953000000 [MAC 3] TX opportunity reached currentSlot=29 reserveNextSlot=29
time_ns=43953000000 ... type=1 speedKey=8[t=43.953] TX from node 3 to dest 1 seq 10 size 50 bytes segments 2 at slot 29 rate 8 kbps txPower 33 dBm (7843.14 bps) preamble SHORT duration 0.07446 s
time_ns=43953000000 [t=43.953] RX OCCLUDED at node 2 from node 3 seq 10
time_ns=43953000000 [t=43.953] RX OCCLUDED at node 4 from node 3 seq 10
time_ns=43953000000 [t=43.953] RX OCCLUDED at node 7 from node 3 seq 10
time_ns=43953000000 [t=43.953] RX OCCLUDED at node 8 from node 3 seq 10
time_ns=43953000000 [MAC 3] ACK transmitted in aggregate dest=1 seq=10 txCount=5/5
time_ns=43953000000 [MAC 3] ACK transmitted in aggregate dest=5 seq=8 txCount=5/5
time_ns=43953000000 [MAC 3] Remove ACK after OPNET resend limit dest=1 seq=10
time_ns=43953000000 [MAC 3] Remove ACK after OPNET resend limit dest=5 seq=8
time_ns=43953000000 [MAC 3] OPNET aggregate transmitted segments=2 ackSegments=2 dataSegments=0 bytes=50 rate=8
time_ns=43953008077 [t=43.953] RX SYNC at node 1 from node 3 seq 10 power -102.376 dBm noise -106.975 dBm snr 4.59934 dB state=1
time_ns=43953019163 [t=43.953] RX SYNC at node 5 from node 3 seq 10 power -117.383 dBm noise -106.975 dBm snr -10.408 dB state=1
time_ns=43959638077 [t=43.9596] MAC 1 enters Track on node 3 seq 10 power -102.376 dBm
time_ns=43959649163 [t=43.9596] MAC 5 enters Track on node 3 seq 10 power -117.383 dBm
time_ns=44027460000 [MAC 3] post-TX WAIT_FOR_ACK until 64.0275 (POST_TX_WAIT=20 s)
time_ns=44027468077 [t=44.0275] RX at node 1 from node 3 seq 10 rate 8 kbps txPower 33 dBm preamble SHORT pathloss 135.376 dB snr 4.59934 dB (slot 29, len 50B, ackable=0)
time_ns=44027468077 [MAC 1] Learned neighbor 3 uses slot 29 (rtCounter=29)
time_ns=44027468077 [HOP 1] RX ACK from 3 seq=10
time_ns=44027468077 [HOP 1] Overheard frame from 3 for 5 type=1 ignored after neighbor update
time_ns=44027468105 [NWK 1] CheckNwkQueue: size=0
time_ns=44027479163 [t=44.0275] RX at node 5 from node 3 seq 10 rate 8 kbps txPower 33 dBm preamble SHORT pathloss 150.383 dB snr -10.408 dB (slot 29, len 50B, ackable=0)
time_ns=44027479163 [MAC 5] Learned neighbor 3 uses slot 29 (rtCounter=29)
time_ns=44027479163 [HOP 5] Overheard frame from 3 for 1 type=1 ignored after neighbor update
time_ns=44027479163 [HOP 5] RX ACK from 3 seq=8
time_ns=44027479191 [NWK 5] CheckNwkQueue: size=0
time_ns=44408000000 [MAC 3] local advertised reservation expired
time_ns=44408000000 [MAC 5] rtslot_counter expired for neighbor 3 reserveSlot=29
time_ns=44408000000 [MAC 1] rtslot_counter expired for neighbor 3 reserveSlot=29
time_ns=45458359163 [NWK 3] Discovery Broadcast repeat sequence=1
time_ns=45458359163 [NWK 3] ARL Discover sent without Routes_PAYLOAD
time_ns=45458359163 [NWK 3] HELLO advertising 0 routes
time_ns=45458359163 [NWK 3] HELLO ARL route msg type=1
time_ns=45458359163 [HOP 3] link_control dest=16777215 neighborKnown=0 speed=8 txPower=33 rxPower=-103
time_ns=45458359163 [HOP 3] TX GroupEstablish Discover securityCount=1 securityBytes=7
time_ns=45458359163 [MAC] Enqueue TX pkt dscp=7 insert_pos=0 queue_size_before=0
time_ns=45461000000 [MAC 3] PickTxSlot(dest=16777215) active_nodes_for_slotting=3 opnet_slot_range=31
time_ns=45461000000 [MAC 3] PickTxSlot(dest=16777215) avoid:
time_ns=45461000000 [MAC 3] PickTxSlot chose 8 using historical next_tslot modulo probe
time_ns=45461000000 [MAC 3] starts Pre-Tx with new slot=8 holdoff_over=1
time_ns=45578000000 [MAC 3] PickTxSlot(dest=16777215) active_nodes_for_slotting=3 opnet_slot_range=31
time_ns=45578000000 [MAC 3] PickTxSlot(dest=16777215) avoid:
time_ns=45578000000 [MAC 3] PickTxSlot chose 6 using historical next_tslot modulo probe
time_ns=45578000000 [MAC 3] TX opportunity reached currentSlot=8 reserveNextSlot=6
time_ns=45578000000 ... type=4 speedKey=8[t=45.578] TX from node 3 to dest 16777215 seq 8 size 19 bytes segments 1 at slot 6 rate 8 kbps txPower 33 dBm (7843.14 bps) preamble LONG duration 1.0353 s
time_ns=45578000000 [t=45.578] RX OCCLUDED at node 2 from node 3 seq 8
time_ns=45578000000 [t=45.578] RX OCCLUDED at node 4 from node 3 seq 8
time_ns=45578000000 [t=45.578] RX OCCLUDED at node 7 from node 3 seq 8
time_ns=45578000000 [t=45.578] RX OCCLUDED at node 8 from node 3 seq 8
time_ns=45578000000 [MAC 3] OPNET aggregate transmitted segments=1 ackSegments=0 dataSegments=1 bytes=19 rate=8
time_ns=45578008077 [t=45.578] RX SYNC at node 1 from node 3 seq 8 power -102.376 dBm noise -106.975 dBm snr 4.59934 dB state=1
time_ns=45578019163 [t=45.578] RX SYNC at node 5 from node 3 seq 8 power -117.383 dBm noise -106.975 dBm snr -10.408 dB state=1
time_ns=45584638077 [t=45.5846] MAC 1 enters Track on node 3 seq 8 power -102.376 dBm
time_ns=45584649163 [t=45.5846] MAC 5 enters Track on node 3 seq 8 power -117.383 dBm
time_ns=46613300000 [MAC 3] post-TX WAIT_FOR_ACK until 66.6133 (POST_TX_WAIT=20 s)
time_ns=46613308077 [t=46.6133] RX at node 1 from node 3 seq 8 rate 8 kbps txPower 33 dBm preamble LONG pathloss 135.376 dB snr 4.59934 dB (slot 6, len 19B, ackable=0)
time_ns=46613308077 [MAC 1] Learned neighbor 3 uses slot 6 (rtCounter=6)
time_ns=46613308077 [HOP 1] RX authenticated GroupEstablish Discover from=3 keyId=1 groupSeq=10
time_ns=46613308077 [MAC 1] active_nodes set to 3 for local slotting and post-TX wait
time_ns=46613308077 [NWK 1] active_nodes=3 pushed to MAC
time_ns=46613308077 [NWK 1] Updated HELLO neighbor=3 hopSrc=3 speedKey=8 activeNodes=3 pathloss=135.376 snr=4.59934
time_ns=46613308077 [NWK 1] link_calc neighbor=3 s0=-103 pathloss=135.376 numFailures=0 speed=8 txPower=33 estDistance=287 speedMargin=0.624344 totalMargin=0.624344 costMode=local-only cost=3587
time_ns=46613308077 [NWK 1] Updated route candidate dst=3 nextHop=3 hops=1 oldCost=3587 newCost=3587 valid=1->1 selectionDeferred=0 selected=1
time_ns=46613308077 [NWK 1] ARL route message from 3 type=Discover advCount=0
time_ns=46613308077 [NWK 1] ProcessDiscover from 3 subtype=Broadcast sequence=1
time_ns=46613308077 [NWK 1] Duplicate/old discovery sequence from 3 received=1 current=1
time_ns=46613308077 [NWK 1] Routes: dst=3->nh=3(hops=1,cost=3587,linkCost=3587,advCost=0,from=3,imm=1,pl=135.376,valid=1,path=[3]) dst=5->nh=5(hops=1,cost=7450,linkCost=7450,advCost=0,from=5,imm=1,pl=140.876,valid=1,path=[5]) dst=3->nh=5(hops=2,cost=14900,linkCost=7450,advCost=7450,from=5,imm=0,pl=140.876,valid=1,path=[5->3]) dst=5->nh=3(hops=2,cost=11037,linkCost=3587,advCost=7450,from=3,imm=0,pl=135.376,valid=1,path=[3->5])
time_ns=46613319163 [t=46.6133] RX at node 5 from node 3 seq 8 rate 8 kbps txPower 33 dBm preamble LONG pathloss 150.383 dB snr -10.408 dB (slot 6, len 19B, ackable=0)
time_ns=46613319163 [MAC 5] Learned neighbor 3 uses slot 6 (rtCounter=6)
time_ns=46613319163 [HOP 5] RX authenticated GroupEstablish Discover from=3 keyId=1 groupSeq=10
time_ns=46613319163 [MAC 5] active_nodes set to 3 for local slotting and post-TX wait
time_ns=46613319163 [NWK 5] active_nodes=3 pushed to MAC
time_ns=46613319163 [NWK 5] Updated HELLO neighbor=3 hopSrc=3 speedKey=8 activeNodes=3 pathloss=150.383 snr=-10.408
time_ns=46613319163 [NWK 5] link_calc neighbor=3 s0=-103 pathloss=150.383 numFailures=0 speed=8 txPower=33 estDistance=298 speedMargin=-14.383 totalMargin=-14.383 costMode=local-only cost=7450
time_ns=46613319163 [NWK 5] Updated route candidate dst=3 nextHop=3 hops=1 oldCost=7450 newCost=7450 valid=1->1 selectionDeferred=0 selected=1
time_ns=46613319163 [NWK 5] ARL route message from 3 type=Discover advCount=0
time_ns=46613319163 [NWK 5] ProcessDiscover from 3 subtype=Broadcast sequence=1
time_ns=46613319163 [NWK 5] Duplicate/old discovery sequence from 3 received=1 current=1
time_ns=46613319163 [NWK 5] Routes: dst=1->nh=1(hops=1,cost=7450,linkCost=7450,advCost=0,from=1,imm=1,pl=140.876,valid=1,path=[1]) dst=3->nh=1(hops=2,cost=11037,linkCost=7450,advCost=3587,from=1,imm=0,pl=140.876,valid=1,path=[1->3]) dst=3->nh=3(hops=1,cost=7450,linkCost=7450,advCost=0,from=3,imm=1,pl=150.383,valid=1,path=[3]) dst=1->nh=3(hops=2,cost=11037,linkCost=7450,advCost=3587,from=3,imm=0,pl=150.383,valid=1,path=[3->1])
time_ns=46696000000 [MAC 3] local advertised reservation expired
time_ns=46696000000 [MAC 5] rtslot_counter expired for neighbor 3 reserveSlot=6
time_ns=46696000000 [MAC 1] rtslot_counter expired for neighbor 3 reserveSlot=6
time_ns=50458359163 [NWK 3] Discovery Broadcast repeat sequence=1
time_ns=50458359163 [NWK 3] ARL Discover sent without Routes_PAYLOAD
time_ns=50458359163 [NWK 3] HELLO advertising 0 routes
time_ns=50458359163 [NWK 3] HELLO ARL route msg type=1
time_ns=50458359163 [HOP 3] link_control dest=16777215 neighborKnown=0 speed=8 txPower=33 rxPower=-103
time_ns=50458359163 [HOP 3] TX GroupEstablish Discover securityCount=1 securityBytes=7
time_ns=50458359163 [MAC] Enqueue TX pkt dscp=7 insert_pos=0 queue_size_before=0
time_ns=50466000000 [MAC 3] PickTxSlot(dest=16777215) active_nodes_for_slotting=3 opnet_slot_range=31
time_ns=50466000000 [MAC 3] PickTxSlot(dest=16777215) avoid:
time_ns=50466000000 [MAC 3] PickTxSlot chose 27 using historical next_tslot modulo probe
time_ns=50466000000 [MAC 3] starts Pre-Tx with new slot=27 holdoff_over=1
time_ns=50830000000 [MAC 3] PickTxSlot(dest=16777215) active_nodes_for_slotting=3 opnet_slot_range=31
time_ns=50830000000 [MAC 3] PickTxSlot(dest=16777215) avoid:
time_ns=50830000000 [MAC 3] PickTxSlot chose 21 using historical next_tslot modulo probe
time_ns=50830000000 [MAC 3] TX opportunity reached currentSlot=27 reserveNextSlot=21
time_ns=50830000000 ... type=4 speedKey=8[t=50.83] TX from node 3 to dest 16777215 seq 9 size 19 bytes segments 1 at slot 21 rate 8 kbps txPower 33 dBm (7843.14 bps) preamble LONG duration 1.0353 s
time_ns=50830000000 [t=50.83] RX OCCLUDED at node 2 from node 3 seq 9
time_ns=50830000000 [t=50.83] RX OCCLUDED at node 4 from node 3 seq 9
time_ns=50830000000 [t=50.83] RX OCCLUDED at node 7 from node 3 seq 9
time_ns=50830000000 [t=50.83] RX OCCLUDED at node 8 from node 3 seq 9
time_ns=50830000000 [MAC 3] OPNET aggregate transmitted segments=1 ackSegments=0 dataSegments=1 bytes=19 rate=8
time_ns=50830008077 [t=50.83] RX SYNC at node 1 from node 3 seq 9 power -102.376 dBm noise -106.975 dBm snr 4.59934 dB state=1
time_ns=50830019163 [t=50.83] RX SYNC at node 5 from node 3 seq 9 power -117.383 dBm noise -106.975 dBm snr -10.408 dB state=1
time_ns=50836638077 [t=50.8366] MAC 1 enters Track on node 3 seq 9 power -102.376 dBm
time_ns=50836649163 [t=50.8366] MAC 5 enters Track on node 3 seq 9 power -117.383 dBm
time_ns=51498312444 [NWK 4] Sending source-faithful KeyRequest neighbor=5 noAck=1 retryDelayMs=20000
time_ns=51498312444 [HOP 4] link_control dest=5 neighborKnown=1 s0=-103 pathloss=142.884 failures=0 speed=8 txPower=33 rxPower=-103 cost=7450
time_ns=51498312444 [HOP 4] TX non-ACKed KeyRequest neighbor=5 hopSeq=6 keyId=1 keySeq=7 securityCount=1
time_ns=51498312444 [MAC] Enqueue TX pkt dscp=7 insert_pos=0 queue_size_before=0
time_ns=51506000000 [MAC 4] PickTxSlot(dest=5) active_nodes_for_slotting=2 opnet_slot_range=31
time_ns=51506000000 [MAC 4] PickTxSlot(dest=5) avoid:
time_ns=51506000000 [MAC 4] PickTxSlot chose 21 using historical next_tslot modulo probe
time_ns=51506000000 [MAC 4] starts Pre-Tx with new slot=21 holdoff_over=1
time_ns=51792000000 [MAC 4] PickTxSlot(dest=5) active_nodes_for_slotting=2 opnet_slot_range=31
time_ns=51792000000 [MAC 4] PickTxSlot(dest=5) avoid:
time_ns=51792000000 [MAC 4] PickTxSlot chose 29 using historical next_tslot modulo probe
time_ns=51792000000 [MAC 4] TX opportunity reached currentSlot=21 reserveNextSlot=29
time_ns=51792000000 ... type=8 speedKey=8[t=51.792] TX from node 4 to dest 5 seq 6 size 18 bytes segments 1 at slot 29 rate 8 kbps txPower 33 dBm (7843.14 bps) preamble SHORT duration 0.04182 s
time_ns=51792000000 [t=51.792] RX OCCLUDED at node 3 from node 4 seq 6
time_ns=51792000000 [t=51.792] RX OCCLUDED at node 7 from node 4 seq 6
time_ns=51792000000 [t=51.792] RX OCCLUDED at node 8 from node 4 seq 6
time_ns=51792000000 [MAC 4] OPNET aggregate transmitted segments=1 ackSegments=0 dataSegments=1 bytes=18 rate=8
time_ns=51792012444 [t=51.792] RX SYNC at node 5 from node 4 seq 6 power -109.884 dBm noise -106.975 dBm snr -2.90891 dB state=2
time_ns=51792013632 [t=51.792] RX SYNC at node 2 from node 4 seq 6 power -111.468 dBm noise -106.975 dBm snr -4.4927 dB state=0
time_ns=51792023527 [t=51.792] RX SYNC at node 1 from node 4 seq 6 power -120.948 dBm noise -106.975 dBm snr -13.9725 dB state=2 below-threshold
time_ns=51833820000 [MAC 4] post-TX WAIT_FOR_ACK until 70.3338 (POST_TX_WAIT=18.5 s)
time_ns=51833833632 [t=51.8338] RX MISS at node 2 from node 4 seq 6
time_ns=51865300000 [MAC 3] post-TX WAIT_FOR_ACK until 71.8653 (POST_TX_WAIT=20 s)
time_ns=51865308077 [t=51.8653] RX at node 1 from node 3 seq 9 rate 8 kbps txPower 33 dBm preamble LONG pathloss 135.376 dB snr 4.59934 dB (slot 21, len 19B, ackable=0)
time_ns=51865308077 [MAC 1] Learned neighbor 3 uses slot 21 (rtCounter=21)
time_ns=51865308077 [HOP 1] RX authenticated GroupEstablish Discover from=3 keyId=1 groupSeq=11
time_ns=51865308077 [MAC 1] active_nodes set to 3 for local slotting and post-TX wait
time_ns=51865308077 [NWK 1] active_nodes=3 pushed to MAC
time_ns=51865308077 [NWK 1] Updated HELLO neighbor=3 hopSrc=3 speedKey=8 activeNodes=3 pathloss=135.376 snr=4.59934
time_ns=51865308077 [NWK 1] link_calc neighbor=3 s0=-103 pathloss=135.376 numFailures=0 speed=8 txPower=33 estDistance=287 speedMargin=0.624344 totalMargin=0.624344 costMode=local-only cost=3587
time_ns=51865308077 [NWK 1] Updated route candidate dst=3 nextHop=3 hops=1 oldCost=3587 newCost=3587 valid=1->1 selectionDeferred=0 selected=1
time_ns=51865308077 [NWK 1] ARL route message from 3 type=Discover advCount=0
time_ns=51865308077 [NWK 1] ProcessDiscover from 3 subtype=Broadcast sequence=1
time_ns=51865308077 [NWK 1] Duplicate/old discovery sequence from 3 received=1 current=1
time_ns=51865308077 [NWK 1] Routes: dst=3->nh=3(hops=1,cost=3587,linkCost=3587,advCost=0,from=3,imm=1,pl=135.376,valid=1,path=[3]) dst=5->nh=5(hops=1,cost=7450,linkCost=7450,advCost=0,from=5,imm=1,pl=140.876,valid=1,path=[5]) dst=3->nh=5(hops=2,cost=14900,linkCost=7450,advCost=7450,from=5,imm=0,pl=140.876,valid=1,path=[5->3]) dst=5->nh=3(hops=2,cost=11037,linkCost=3587,advCost=7450,from=3,imm=0,pl=135.376,valid=1,path=[3->5])
time_ns=51865319163 [t=51.8653] RX at node 5 from node 3 seq 9 rate 8 kbps txPower 33 dBm preamble LONG pathloss 150.383 dB snr -10.408 dB (slot 21, len 19B, ackable=0)
time_ns=51865319163 [MAC 5] Learned neighbor 3 uses slot 21 (rtCounter=21)
time_ns=51865319163 [HOP 5] RX authenticated GroupEstablish Discover from=3 keyId=1 groupSeq=11
time_ns=51865319163 [MAC 5] active_nodes set to 3 for local slotting and post-TX wait
time_ns=51865319163 [NWK 5] active_nodes=3 pushed to MAC
time_ns=51865319163 [NWK 5] Updated HELLO neighbor=3 hopSrc=3 speedKey=8 activeNodes=3 pathloss=150.383 snr=-10.408
time_ns=51865319163 [NWK 5] link_calc neighbor=3 s0=-103 pathloss=150.383 numFailures=0 speed=8 txPower=33 estDistance=298 speedMargin=-14.383 totalMargin=-14.383 costMode=local-only cost=7450
time_ns=51865319163 [NWK 5] Updated route candidate dst=3 nextHop=3 hops=1 oldCost=7450 newCost=7450 valid=1->1 selectionDeferred=0 selected=1
time_ns=51865319163 [NWK 5] ARL route message from 3 type=Discover advCount=0
time_ns=51865319163 [NWK 5] ProcessDiscover from 3 subtype=Broadcast sequence=1
time_ns=51865319163 [NWK 5] Duplicate/old discovery sequence from 3 received=1 current=1
time_ns=51865319163 [NWK 5] Routes: dst=1->nh=1(hops=1,cost=7450,linkCost=7450,advCost=0,from=1,imm=1,pl=140.876,valid=1,path=[1]) dst=3->nh=1(hops=2,cost=11037,linkCost=7450,advCost=3587,from=1,imm=0,pl=140.876,valid=1,path=[1->3]) dst=3->nh=3(hops=1,cost=7450,linkCost=7450,advCost=0,from=3,imm=1,pl=150.383,valid=1,path=[3]) dst=1->nh=3(hops=2,cost=11037,linkCost=7450,advCost=3587,from=3,imm=0,pl=150.383,valid=1,path=[3->1])
time_ns=52143000000 [MAC 3] local advertised reservation expired
time_ns=52143000000 [MAC 5] rtslot_counter expired for neighbor 3 reserveSlot=21
time_ns=52143000000 [MAC 1] rtslot_counter expired for neighbor 3 reserveSlot=21
time_ns=52221000000 [MAC 4] local advertised reservation expired
time_ns=55458359163 [NWK 3] DiscoveryStop sequence=1
time_ns=55458359163 [NWK 3] Post-discovery routing refresh activeNeighbors=2
time_ns=55458359163 [NWK 3] recompute hop-cost neighbor=1 failures=0 costMode=local-only newLinkCost=3587
time_ns=55458359163 [NWK 3] Recomputed route after link change dst=1 nextHop=1 oldCost=3587 newCost=3587 linkCost=3587 advertisedCost=0 numFailures=0
time_ns=55458359163 [NWK 3] Recomputed route after link change dst=5 nextHop=1 oldCost=11037 newCost=11037 linkCost=3587 advertisedCost=7450 numFailures=0
time_ns=55458359163 [NWK 3] recompute hop-cost neighbor=5 failures=0 costMode=local-only newLinkCost=7450
time_ns=55458359163 [NWK 3] Recomputed route after link change dst=5 nextHop=5 oldCost=7450 newCost=7450 linkCost=7450 advertisedCost=0 numFailures=0
time_ns=55458359163 [NWK 3] Recomputed route after link change dst=1 nextHop=5 oldCost=14900 newCost=14900 linkCost=7450 advertisedCost=7450 numFailures=0
time_ns=55458359163 [NWK 3] Post-discovery requesting fresh routes neighbor=1
time_ns=55458359163 [NWK 3] Sending reliable RoutingRequest neighbor=1 routingSequence=7 attempt=1 retry=0
time_ns=55458359163 [HOP 3] link_control dest=1 neighborKnown=1 s0=-103 pathloss=135.376 failures=0 speed=8 txPower=33 rxPower=-103 cost=3587
time_ns=55458359163 [HOP 3] TX reliable RoutingControl targets=1:10
time_ns=55458359163 [MAC] Enqueue TX pkt dscp=7 insert_pos=0 queue_size_before=0
time_ns=55458359163 [NWK 3] Post-discovery requesting fresh routes neighbor=5
time_ns=55458359163 [NWK 3] Sending reliable RoutingRequest neighbor=5 routingSequence=8 attempt=1 retry=0
time_ns=55458359163 [HOP 3] link_control dest=5 neighborKnown=1 s0=-103 pathloss=150.383 failures=0 speed=8 txPower=33 rxPower=-103 cost=7450
time_ns=55458359163 [HOP 3] TX reliable RoutingControl targets=5:8
time_ns=55458359163 [MAC] Enqueue TX pkt dscp=7 insert_pos=1 queue_size_before=1
time_ns=55458359163 [NWK 3] Discovery table append node=1 needed=1 position=1
time_ns=55458359163 [NWK 3] TX legacy SNMP command=2 finalDestination=5 hopDestination=5 nodes=2
time_ns=55458359163 [HOP 3] TX legacy SNMP hopDestination=5 ackable=0 dscp=0
time_ns=55458359163 [MAC] Enqueue TX pkt dscp=0 insert_pos=2 queue_size_before=2
time_ns=55458359163 [NWK 3] TX legacy SNMP command=2 finalDestination=1 hopDestination=1 nodes=2
time_ns=55458359163 [HOP 3] TX legacy SNMP hopDestination=1 ackable=0 dscp=0
time_ns=55458359163 [MAC] Enqueue TX pkt dscp=0 insert_pos=3 queue_size_before=3
time_ns=55458359163 [NWK 3] Legacy discovery lifecycle complete initiator=5 knownNodes=2 completionReports=2
time_ns=55458359163 [NWK 3] TX legacy SNMP command=1 finalDestination=1 hopDestination=1 nodes=0
time_ns=55458359163 [HOP 3] TX legacy SNMP hopDestination=1 ackable=0 dscp=0
time_ns=55458359163 [MAC] Enqueue TX pkt dscp=0 insert_pos=4 queue_size_before=4
time_ns=55458359163 [NWK 3] SNMP discovery handoff target=1 watchdog=60s
time_ns=55471000000 [MAC 3] PickTxSlot(dest=1) active_nodes_for_slotting=3 opnet_slot_range=31
time_ns=55471000000 [MAC 3] PickTxSlot(dest=1) avoid:
time_ns=55471000000 [MAC 3] PickTxSlot chose 7 using historical next_tslot modulo probe
time_ns=55471000000 [MAC 3] starts Pre-Tx with new slot=7 holdoff_over=1
time_ns=55575000000 [MAC 3] PickTxSlot(dest=1) active_nodes_for_slotting=3 opnet_slot_range=31
time_ns=55575000000 [MAC 3] PickTxSlot(dest=1) avoid:
time_ns=55575000000 [MAC 3] PickTxSlot chose 13 using historical next_tslot modulo probe
time_ns=55575000000 [MAC 3] TX opportunity reached currentSlot=7 reserveNextSlot=13
time_ns=55575000000 ... type=6 speedKey=8[t=55.575] TX from node 3 to dest 1 seq 10 size 125 bytes segments 5 at slot 13 rate 8 kbps txPower 33 dBm (7843.14 bps) preamble SHORT duration 0.15096 s
time_ns=55575000000 [t=55.575] RX OCCLUDED at node 2 from node 3 seq 10
time_ns=55575000000 [t=55.575] RX OCCLUDED at node 4 from node 3 seq 10
time_ns=55575000000 [t=55.575] RX OCCLUDED at node 7 from node 3 seq 10
time_ns=55575000000 [t=55.575] RX OCCLUDED at node 8 from node 3 seq 10
time_ns=55575000000 [HOP 3] MAC sent confirmation dest=1 seq=10 transmission=1 sentAt=55.575
time_ns=55575000000 [HOP 3] MAC sent confirmation dest=5 seq=8 transmission=1 sentAt=55.575
time_ns=55575000000 [MAC 3] OPNET aggregate transmitted segments=5 ackSegments=0 dataSegments=5 bytes=125 rate=8
time_ns=55575008077 [t=55.575] RX SYNC at node 1 from node 3 seq 10 power -102.376 dBm noise -106.975 dBm snr 4.59934 dB state=1
time_ns=55575019163 [t=55.575] RX SYNC at node 5 from node 3 seq 10 power -117.383 dBm noise -106.975 dBm snr -10.408 dB state=1
time_ns=55581638077 [t=55.5816] MAC 1 enters Track on node 3 seq 10 power -102.376 dBm
time_ns=55581649163 [t=55.5816] MAC 5 enters Track on node 3 seq 10 power -117.383 dBm
time_ns=55725960000 [MAC 3] post-TX WAIT_FOR_ACK until 75.726 (POST_TX_WAIT=20 s)
time_ns=55725968077 [t=55.726] RX at node 1 from node 3 seq 10 rate 8 kbps txPower 33 dBm preamble SHORT pathloss 135.376 dB snr 4.59934 dB (slot 13, len 125B, ackable=1)
time_ns=55725968077 [MAC 1] Learned neighbor 3 uses slot 13 (rtCounter=13)
time_ns=55725968077 [HOP 1] RX reliable RoutingControl from 3 seq=10 firstReception=1
time_ns=55725968077 [MAC 1] active_nodes set to 3 for local slotting and post-TX wait
time_ns=55725968077 [NWK 1] active_nodes=3 pushed to MAC
time_ns=55725968077 [NWK 1] Updated HELLO neighbor=3 hopSrc=3 speedKey=8 activeNodes=3 pathloss=135.376 snr=4.59934
time_ns=55725968077 [NWK 1] link_calc neighbor=3 s0=-103 pathloss=135.376 numFailures=0 speed=8 txPower=33 estDistance=287 speedMargin=0.624344 totalMargin=0.624344 costMode=local-only cost=3587
time_ns=55725968077 [NWK 1] Updated route candidate dst=3 nextHop=3 hops=1 oldCost=3587 newCost=3587 valid=1->1 selectionDeferred=0 selected=1
time_ns=55725968077 [NWK 1] ARL route message from 3 type=RoutingUpdate advCount=0
time_ns=55725968077 [NWK 1] Received RoutingRequest from=3 routingSequence=7; scheduling reliable INFO/UPDATE/FLUSH snapshot
time_ns=55725968077 [NWK 1] Routes: dst=3->nh=3(hops=1,cost=3587,linkCost=3587,advCost=0,from=3,imm=1,pl=135.376,valid=1,path=[3]) dst=5->nh=5(hops=1,cost=7450,linkCost=7450,advCost=0,from=5,imm=1,pl=140.876,valid=1,path=[5]) dst=3->nh=5(hops=2,cost=14900,linkCost=7450,advCost=7450,from=5,imm=0,pl=140.876,valid=1,path=[5->3]) dst=5->nh=3(hops=2,cost=11037,linkCost=3587,advCost=7450,from=3,imm=0,pl=135.376,valid=1,path=[3->5])
time_ns=55725968077 [HOP 1] link_control dest=3 neighborKnown=1 s0=-103 pathloss=135.376 failures=0 speed=8 txPower=33 rxPower=-103 cost=3587
time_ns=55725968077 [HOP 1] ACK RoutingControl to 3 seq=10
time_ns=55725968077 [MAC 1] Enqueue ACK dest=3 seq=10 window=0 ack_queue_size=1
time_ns=55725968077 [HOP 1] Overheard legacy SNMP from 3 for hop 5 ignored without neighbor update
time_ns=55725968077 [HOP 1] RX legacy SNMP from 3 command=2
time_ns=55725968077 [NWK 1] RX SNMP_DISCOVERY_DONE source=3 hopSource=3 advertisedNodes=2
time_ns=55725968077 [HOP 1] RX legacy SNMP from 3 command=1
time_ns=55725968077 [NWK 1] RX SNMP_START_DISCOVERY source=3 hopSource=3 delay=0 state=0
time_ns=55725968077 [MAC 1] PickTxSlot(dest=3) active_nodes_for_slotting=3 opnet_slot_range=31
time_ns=55725968077 [MAC 1] avoiding neighbor 3 currentReservedSlot=13 rtslot_counter=13
time_ns=55725968077 [MAC 1] PickTxSlot(dest=3) avoid: 13
time_ns=55725968077 [MAC 1] PickTxSlot chose 14 using historical next_tslot modulo probe
time_ns=55725968077 [MAC 1] starts Pre-Tx with new slot=14 holdoff_over=1
time_ns=55725968077 [NWK 1] Built ARL routing byte stream routingSequence=9 records=5 advertisedRoutes=3 recordBytes=57 sections=1 maxSectionBytes=700
time_ns=55725968077 [NWK 1] Starting reliable ARL RoutingSnapshot neighbor=3 routingSequence=9 sections=1
time_ns=55725968077 [NWK 1] Sending ARL RoutingSnapshot section=0/1 neighbor=3 routingSequence=9
time_ns=55725968077 [HOP 1] link_control dest=3 neighborKnown=1 s0=-103 pathloss=135.376 failures=0 speed=8 txPower=33 rxPower=-103 cost=3587
time_ns=55725968077 [HOP 1] TX reliable RoutingControl targets=3:11
time_ns=55725968077 [MAC] Enqueue TX pkt dscp=7 insert_pos=0 queue_size_before=0
time_ns=55725968077 [NWK 1] Armed RoutingSnapshot watchdog neighbor=3 phase=awaiting-independent-section-acks generation=3 timeoutSec=20
time_ns=55725968077 [NWK 1] DiscoveryStart Broadcast sequence=2 resetVerifiedNeighbors=2
time_ns=55725968077 [NWK 1] ARL Discover sent without Routes_PAYLOAD
time_ns=55725968077 [NWK 1] HELLO advertising 0 routes
time_ns=55725968077 [NWK 1] HELLO ARL route msg type=1
time_ns=55725968077 [HOP 1] link_control dest=16777215 neighborKnown=0 speed=8 txPower=33 rxPower=-103
time_ns=55725968077 [HOP 1] TX GroupEstablish Discover securityCount=1 securityBytes=7
time_ns=55725968077 [MAC] Enqueue TX pkt dscp=7 insert_pos=1 queue_size_before=1
time_ns=55725979163 [t=55.726] RX at node 5 from node 3 seq 10 rate 8 kbps txPower 33 dBm preamble SHORT pathloss 150.383 dB snr -10.408 dB (slot 13, len 125B, ackable=1)
time_ns=55725979163 [MAC 5] Learned neighbor 3 uses slot 13 (rtCounter=13)
time_ns=55725979163 [HOP 5] RX reliable RoutingControl from 3 seq=8 firstReception=1
time_ns=55725979163 [MAC 5] active_nodes set to 3 for local slotting and post-TX wait
time_ns=55725979163 [NWK 5] active_nodes=3 pushed to MAC
time_ns=55725979163 [NWK 5] Updated HELLO neighbor=3 hopSrc=3 speedKey=8 activeNodes=3 pathloss=150.383 snr=-10.408
time_ns=55725979163 [NWK 5] link_calc neighbor=3 s0=-103 pathloss=150.383 numFailures=0 speed=8 txPower=33 estDistance=298 speedMargin=-14.383 totalMargin=-14.383 costMode=local-only cost=7450
time_ns=55725979163 [NWK 5] Updated route candidate dst=3 nextHop=3 hops=1 oldCost=7450 newCost=7450 valid=1->1 selectionDeferred=0 selected=1
time_ns=55725979163 [NWK 5] ARL route message from 3 type=RoutingUpdate advCount=0
time_ns=55725979163 [NWK 5] Received RoutingRequest from=3 routingSequence=8; scheduling reliable INFO/UPDATE/FLUSH snapshot
time_ns=55725979163 [NWK 5] Routes: dst=1->nh=1(hops=1,cost=7450,linkCost=7450,advCost=0,from=1,imm=1,pl=140.876,valid=1,path=[1]) dst=3->nh=1(hops=2,cost=11037,linkCost=7450,advCost=3587,from=1,imm=0,pl=140.876,valid=1,path=[1->3]) dst=3->nh=3(hops=1,cost=7450,linkCost=7450,advCost=0,from=3,imm=1,pl=150.383,valid=1,path=[3]) dst=1->nh=3(hops=2,cost=11037,linkCost=7450,advCost=3587,from=3,imm=0,pl=150.383,valid=1,path=[3->1])
time_ns=55725979163 [HOP 5] link_control dest=3 neighborKnown=1 s0=-103 pathloss=150.383 failures=0 speed=8 txPower=33 rxPower=-103 cost=7450
time_ns=55725979163 [HOP 5] ACK RoutingControl to 3 seq=8
time_ns=55725979163 [MAC 5] Enqueue ACK dest=3 seq=8 window=0 ack_queue_size=1
time_ns=55725979163 [HOP 5] RX legacy SNMP from 3 command=2
time_ns=55725979163 [NWK 5] RX SNMP_DISCOVERY_DONE source=3 hopSource=3 advertisedNodes=2
time_ns=55725979163 [HOP 5] Overheard legacy SNMP from 3 for hop 1 ignored without neighbor update
time_ns=55725979163 [HOP 5] Overheard legacy SNMP from 3 for hop 1 ignored without neighbor update
time_ns=55725979163 [MAC 5] PickTxSlot(dest=3) active_nodes_for_slotting=3 opnet_slot_range=31
time_ns=55725979163 [MAC 5] avoiding neighbor 3 currentReservedSlot=13 rtslot_counter=13
time_ns=55725979163 [MAC 5] PickTxSlot(dest=3) avoid: 13
time_ns=55725979163 [MAC 5] PickTxSlot chose 2 using historical next_tslot modulo probe
time_ns=55725979163 [MAC 5] starts Pre-Tx with new slot=2 holdoff_over=1
time_ns=55725979163 [NWK 5] Built ARL routing byte stream routingSequence=8 records=5 advertisedRoutes=3 recordBytes=57 sections=1 maxSectionBytes=700
time_ns=55725979163 [NWK 5] Starting reliable ARL RoutingSnapshot neighbor=3 routingSequence=8 sections=1
time_ns=55725979163 [NWK 5] Sending ARL RoutingSnapshot section=0/1 neighbor=3 routingSequence=8
time_ns=55725979163 [HOP 5] link_control dest=3 neighborKnown=1 s0=-103 pathloss=150.383 failures=0 speed=8 txPower=33 rxPower=-103 cost=7450
time_ns=55725979163 [HOP 5] TX reliable RoutingControl targets=3:9
time_ns=55725979163 [MAC] Enqueue TX pkt dscp=7 insert_pos=0 queue_size_before=0
time_ns=55725979163 [NWK 5] Armed RoutingSnapshot watchdog neighbor=3 phase=awaiting-independent-section-acks generation=3 timeoutSec=20
time_ns=55757000000 [MAC 5] PickTxSlot(dest=3) active_nodes_for_slotting=3 opnet_slot_range=31
time_ns=55757000000 [MAC 5] avoiding neighbor 3 currentReservedSlot=10 rtslot_counter=10
time_ns=55757000000 [MAC 5] PickTxSlot(dest=3) avoid: 10
time_ns=55757000000 [MAC 5] PickTxSlot chose 0 using historical next_tslot modulo probe
time_ns=55757000000 [MAC 5] TX opportunity reached currentSlot=2 reserveNextSlot=0
time_ns=55757000000 ... type=1 speedKey=8[t=55.757] TX from node 5 to dest 3 seq 8 size 104 bytes segments 2 at slot 0 rate 8 kbps txPower 33 dBm (7843.14 bps) preamble SHORT duration 0.12954 s
time_ns=55757000000 [t=55.757] RX OCCLUDED at node 2 from node 5 seq 8
time_ns=55757000000 [t=55.757] RX OCCLUDED at node 7 from node 5 seq 8
time_ns=55757000000 [t=55.757] RX OCCLUDED at node 8 from node 5 seq 8
time_ns=55757000000 [HOP 5] MAC sent confirmation dest=3 seq=9 transmission=1 sentAt=55.757
time_ns=55757000000 [MAC 5] ACK transmitted in aggregate dest=3 seq=8 txCount=1/5
time_ns=55757000000 [MAC 5] OPNET aggregate transmitted segments=2 ackSegments=1 dataSegments=1 bytes=104 rate=8
time_ns=55757011086 [t=55.757] RX SYNC at node 1 from node 5 seq 8 power -107.876 dBm noise -106.975 dBm snr -0.900945 dB state=1
time_ns=55757012444 [t=55.757] RX SYNC at node 4 from node 5 seq 8 power -109.884 dBm noise -106.975 dBm snr -2.90891 dB state=1
time_ns=55757019163 [t=55.757] RX SYNC at node 3 from node 5 seq 8 power -117.383 dBm noise -106.975 dBm snr -10.408 dB state=1
time_ns=55763641086 [t=55.7636] MAC 1 enters Track on node 5 seq 8 power -107.876 dBm
time_ns=55763642444 [t=55.7636] MAC 4 enters Track on node 5 seq 8 power -109.884 dBm
time_ns=55763649163 [t=55.7636] MAC 3 enters Track on node 5 seq 8 power -117.383 dBm
time_ns=55886540000 [MAC 5] resumes Pre-Tx with live slot=0 counter=0
time_ns=55886551086 [t=55.8866] RX OVERHEARD at node 1 from node 5 seq 8 rate 8 kbps txPower 33 dBm preamble SHORT pathloss 140.876 dB snr -0.900945 dB (slot 0, len 104B, ackable=1)
time_ns=55886551086 [MAC 1] Learned neighbor 5 uses slot 0 (rtCounter=0)
time_ns=55886551086 [HOP 1] Overheard frame from 5 for 3 type=1 ignored after neighbor update
time_ns=55886552444 [t=55.8866] RX OVERHEARD at node 4 from node 5 seq 8 rate 8 kbps txPower 33 dBm preamble SHORT pathloss 142.884 dB snr -2.90891 dB (slot 0, len 104B, ackable=1)
time_ns=55886552444 [MAC 4] Learned neighbor 5 uses slot 0 (rtCounter=0)
time_ns=55886552444 [HOP 4] Overheard frame from 5 for 3 type=1 ignored after neighbor update
time_ns=55886559163 [t=55.8866] RX at node 3 from node 5 seq 8 rate 8 kbps txPower 33 dBm preamble SHORT pathloss 150.383 dB snr -10.408 dB (slot 0, len 104B, ackable=1)
time_ns=55886559163 [MAC 3] Learned neighbor 5 uses slot 0 (rtCounter=0)
time_ns=55886559163 [HOP 3] RX ACK from 5 seq=8
time_ns=55886559163 [HOP 3] Reliable RoutingControl completed with 5 seq=8 routingSequence=8 section=0/1
time_ns=55886559163 [NWK 3] Reliable RoutingControl ACKed neighbor=5 routingSequence=8 operation=Request section=0/1 lastOfInfo=1
time_ns=55886559163 [HOP 3] RX reliable RoutingControl from 5 seq=9 firstReception=1
time_ns=55886559163 [MAC 3] active_nodes set to 3 for local slotting and post-TX wait
time_ns=55886559163 [NWK 3] active_nodes=3 pushed to MAC
time_ns=55886559163 [NWK 3] Updated HELLO neighbor=5 hopSrc=5 speedKey=8 activeNodes=3 pathloss=150.383 snr=-10.408
time_ns=55886559163 [NWK 3] link_calc neighbor=5 s0=-103 pathloss=150.383 numFailures=0 speed=8 txPower=33 estDistance=298 speedMargin=-14.383 totalMargin=-14.383 costMode=local-only cost=7450
time_ns=55886559163 [NWK 3] Updated route candidate dst=5 nextHop=5 hops=1 oldCost=7450 newCost=7450 valid=1->1 selectionDeferred=0 selected=1
time_ns=55886559163 [NWK 3] ARL route message from 5 type=RoutingUpdate advCount=0
time_ns=55886559163 [NWK 3] Buffered ARL routing section from=5 routingSequence=8 section=0/1 buffered=1
time_ns=55886559163 [NWK 3] Reassembled complete ARL routing message from=5 routingSequence=8 sections=1 recordBytes=57 records=5
time_ns=55886559163 [NWK 3] Applied ARL INFO from=5 routingSequence=8
time_ns=55886559163 [NWK 3] Applied source-owned neighbor capability neighbor=5 capability=1 routingSequence=8 directCost=7450
time_ns=55886559163 [NWK 3] Updated route candidate dst=1 nextHop=5 hops=2 oldCost=14900 newCost=14900 valid=1->1 selectionDeferred=0 selected=0
time_ns=55886559163 [NWK 3] Applied ARL UPDATE from=5 dst=1 advertisedHops=1 advertisedCost=7450 routingSequence=8
time_ns=55886559163 [NWK 3] Ignoring unsupported ARL UPDATE node node24=3 from=5
time_ns=55886559163 [NWK 3] Applied ARL FLUSH from=5 routingSequence=8 routesInvalidated=0
time_ns=55886559163 [NWK 3] Routes: dst=1->nh=1(hops=1,cost=3587,linkCost=3587,advCost=0,from=1,imm=1,pl=135.376,valid=1,path=[1]) dst=5->nh=1(hops=2,cost=11037,linkCost=3587,advCost=7450,from=1,imm=0,pl=135.376,valid=1,path=[1->5]) dst=5->nh=5(hops=1,cost=7450,linkCost=7450,advCost=0,from=5,imm=1,pl=150.383,valid=1,path=[5]) dst=1->nh=5(hops=2,cost=14900,linkCost=7450,advCost=7450,from=5,imm=0,pl=150.383,valid=1,path=[5->1])
time_ns=55886559163 [HOP 3] link_control dest=5 neighborKnown=1 s0=-103 pathloss=150.383 failures=0 speed=8 txPower=33 rxPower=-103 cost=7450
time_ns=55886559163 [HOP 3] ACK RoutingControl to 5 seq=9
time_ns=55886559163 [MAC 3] Enqueue ACK dest=5 seq=9 window=0 ack_queue_size=1
time_ns=55886559163 [MAC 3] resumes Pre-Tx with live slot=13 counter=10
time_ns=55886559191 [NWK 3] CheckNwkQueue: size=0
time_ns=55887000000 [MAC 4] rtslot_counter expired for neighbor 5 reserveSlot=0
time_ns=55887000000 [MAC 3] rtslot_counter expired for neighbor 5 reserveSlot=0
time_ns=55887000000 [MAC 5] PickTxSlot(dest=3) active_nodes_for_slotting=3 opnet_slot_range=31
time_ns=55887000000 [MAC 5] avoiding neighbor 3 currentReservedSlot=9 rtslot_counter=9
time_ns=55887000000 [MAC 5] PickTxSlot(dest=3) avoid: 9
time_ns=55887000000 [MAC 5] PickTxSlot chose 22 using historical next_tslot modulo probe
time_ns=55887000000 [MAC 5] TX opportunity reached currentSlot=0 reserveNextSlot=22
time_ns=55887000000 ... type=1 speedKey=8[t=55.887] TX from node 5 to dest 3 seq 8 size 25 bytes segments 1 at slot 22 rate 8 kbps txPower 33 dBm (7843.14 bps) preamble SHORT duration 0.04896 s
time_ns=55887000000 [t=55.887] RX OCCLUDED at node 2 from node 5 seq 8
time_ns=55887000000 [t=55.887] RX OCCLUDED at node 7 from node 5 seq 8
time_ns=55887000000 [t=55.887] RX OCCLUDED at node 8 from node 5 seq 8
time_ns=55887000000 [MAC 5] ACK transmitted in aggregate dest=3 seq=8 txCount=2/5
time_ns=55887000000 [MAC 5] OPNET aggregate transmitted segments=1 ackSegments=1 dataSegments=0 bytes=25 rate=8
time_ns=55887000000 [MAC 1] rtslot_counter expired for neighbor 5 reserveSlot=0
time_ns=55887011086 [t=55.887] RX SYNC at node 1 from node 5 seq 8 power -107.876 dBm noise -106.975 dBm snr -0.900945 dB state=1
time_ns=55887012444 [t=55.887] RX SYNC at node 4 from node 5 seq 8 power -109.884 dBm noise -106.975 dBm snr -2.90891 dB state=1
time_ns=55887019163 [t=55.887] RX SYNC at node 3 from node 5 seq 8 power -117.383 dBm noise -106.975 dBm snr -10.408 dB state=1
time_ns=55893641086 [t=55.8936] MAC 1 enters Track on node 5 seq 8 power -107.876 dBm
time_ns=55893642444 [t=55.8936] MAC 4 enters Track on node 5 seq 8 power -109.884 dBm
time_ns=55893649163 [t=55.8936] MAC 3 enters Track on node 5 seq 8 power -117.383 dBm
time_ns=55935960000 [MAC 5] resumes Pre-Tx with live slot=22 counter=22
time_ns=55935971086 [t=55.936] RX OVERHEARD at node 1 from node 5 seq 8 rate 8 kbps txPower 33 dBm preamble SHORT pathloss 140.876 dB snr -0.900945 dB (slot 22, len 25B, ackable=0)
time_ns=55935971086 [MAC 1] Learned neighbor 5 uses slot 22 (rtCounter=22)
time_ns=55935971086 [HOP 1] Overheard frame from 5 for 3 type=1 ignored after neighbor update
time_ns=55935972444 [t=55.936] RX OVERHEARD at node 4 from node 5 seq 8 rate 8 kbps txPower 33 dBm preamble SHORT pathloss 142.884 dB snr -2.90891 dB (slot 22, len 25B, ackable=0)
time_ns=55935972444 [MAC 4] Learned neighbor 5 uses slot 22 (rtCounter=22)
time_ns=55935972444 [HOP 4] Overheard frame from 5 for 3 type=1 ignored after neighbor update
time_ns=55935979163 [t=55.936] RX at node 3 from node 5 seq 8 rate 8 kbps txPower 33 dBm preamble SHORT pathloss 150.383 dB snr -10.408 dB (slot 22, len 25B, ackable=0)
time_ns=55935979163 [MAC 3] Learned neighbor 5 uses slot 22 (rtCounter=22)
time_ns=55935979163 [HOP 3] RX ACK from 5 seq=8
time_ns=55935979191 [NWK 3] CheckNwkQueue: size=0
time_ns=56056000000 [MAC 3] PickTxSlot(dest=5) active_nodes_for_slotting=3 opnet_slot_range=31
time_ns=56056000000 [MAC 3] avoiding neighbor 5 currentReservedSlot=12 rtslot_counter=12
time_ns=56056000000 [MAC 3] PickTxSlot(dest=5) avoid: 12
time_ns=56056000000 [MAC 3] PickTxSlot chose 27 using historical next_tslot modulo probe
time_ns=56056000000 [MAC 3] TX opportunity reached currentSlot=13 reserveNextSlot=27
time_ns=56056000000 ... type=1 speedKey=8[t=56.056] TX from node 3 to dest 5 seq 9 size 25 bytes segments 1 at slot 27 rate 8 kbps txPower 33 dBm (7843.14 bps) preamble SHORT duration 0.04896 s
time_ns=56056000000 [t=56.056] RX OCCLUDED at node 2 from node 3 seq 9
time_ns=56056000000 [t=56.056] RX OCCLUDED at node 4 from node 3 seq 9
time_ns=56056000000 [t=56.056] RX OCCLUDED at node 7 from node 3 seq 9
time_ns=56056000000 [t=56.056] RX OCCLUDED at node 8 from node 3 seq 9
time_ns=56056000000 [MAC 3] ACK transmitted in aggregate dest=5 seq=9 txCount=1/5
time_ns=56056000000 [MAC 3] OPNET aggregate transmitted segments=1 ackSegments=1 dataSegments=0 bytes=25 rate=8
time_ns=56056000000 [MAC 5] rtslot_counter expired for neighbor 3 reserveSlot=13
time_ns=56056000000 [MAC 1] rtslot_counter expired for neighbor 3 reserveSlot=13
time_ns=56056008077 [t=56.056] RX SYNC at node 1 from node 3 seq 9 power -102.376 dBm noise -106.975 dBm snr 4.59934 dB state=1
time_ns=56056019163 [t=56.056] RX SYNC at node 5 from node 3 seq 9 power -117.383 dBm noise -106.975 dBm snr -10.408 dB state=1
time_ns=56062638077 [t=56.0626] MAC 1 enters Track on node 3 seq 9 power -102.376 dBm
time_ns=56062649163 [t=56.0626] MAC 5 enters Track on node 3 seq 9 power -117.383 dBm
time_ns=56104960000 [MAC 3] resumes Pre-Tx with live slot=27 counter=27
time_ns=56104968077 [t=56.105] RX OVERHEARD at node 1 from node 3 seq 9 rate 8 kbps txPower 33 dBm preamble SHORT pathloss 135.376 dB snr 4.59934 dB (slot 27, len 25B, ackable=0)
time_ns=56104968077 [MAC 1] Learned neighbor 3 uses slot 27 (rtCounter=27)
time_ns=56104968077 [HOP 1] Overheard frame from 3 for 5 type=1 ignored after neighbor update
time_ns=56104979163 [t=56.105] RX at node 5 from node 3 seq 9 rate 8 kbps txPower 33 dBm preamble SHORT pathloss 150.383 dB snr -10.408 dB (slot 27, len 25B, ackable=0)
time_ns=56104979163 [MAC 5] Learned neighbor 3 uses slot 27 (rtCounter=27)
time_ns=56104979163 [HOP 5] RX ACK from 3 seq=9
time_ns=56104979163 [HOP 5] Reliable RoutingControl completed with 3 seq=9 routingSequence=8 section=0/1
time_ns=56104979163 [NWK 5] Reliable RoutingControl ACKed neighbor=3 routingSequence=8 operation=Update section=0/1 lastOfInfo=1
time_ns=56104979163 [NWK 5] ARL RoutingSnapshot section ACKed neighbor=3 routingSequence=8 section=0/1 ackedSections=1
time_ns=56104979163 [NWK 5] Reliable ARL RoutingSnapshot completed neighbor=3 routingSequence=8 sections=1
time_ns=56104979191 [NWK 5] CheckNwkQueue: size=0
time_ns=56108000000 [MAC 1] PickTxSlot(dest=3) active_nodes_for_slotting=3 opnet_slot_range=31
time_ns=56108000000 [MAC 1] avoiding neighbor 3 currentReservedSlot=26 rtslot_counter=26
time_ns=56108000000 [MAC 1] avoiding neighbor 5 currentReservedSlot=11 rtslot_counter=11
time_ns=56108000000 [MAC 1] PickTxSlot(dest=3) avoid: 11 26
time_ns=56108000000 [MAC 1] PickTxSlot chose 17 using historical next_tslot modulo probe
time_ns=56108000000 [MAC 1] TX opportunity reached currentSlot=14 reserveNextSlot=17
time_ns=56108000000 ... type=1 speedKey=8[t=56.108] TX from node 1 to dest 3 seq 10 size 123 bytes segments 3 at slot 17 rate 8 kbps txPower 33 dBm (7843.14 bps) preamble LONG duration 1.14138 s
time_ns=56108000000 [t=56.108] RX OCCLUDED at node 2 from node 1 seq 10
time_ns=56108000000 [t=56.108] RX OCCLUDED at node 7 from node 1 seq 10
time_ns=56108000000 [t=56.108] RX OCCLUDED at node 8 from node 1 seq 10
time_ns=56108000000 [HOP 1] MAC sent confirmation dest=3 seq=11 transmission=1 sentAt=56.108
time_ns=56108000000 [MAC 1] ACK transmitted in aggregate dest=3 seq=10 txCount=1/5
time_ns=56108000000 [MAC 1] OPNET aggregate transmitted segments=3 ackSegments=1 dataSegments=2 bytes=123 rate=8
time_ns=56108008077 [t=56.108] RX SYNC at node 3 from node 1 seq 10 power -102.376 dBm noise -106.975 dBm snr 4.59934 dB state=1
time_ns=56108011086 [t=56.108] RX SYNC at node 5 from node 1 seq 10 power -107.876 dBm noise -106.975 dBm snr -0.900945 dB state=1
time_ns=56108023527 [t=56.108] RX SYNC at node 4 from node 1 seq 10 power -120.948 dBm noise -106.975 dBm snr -13.9725 dB state=1 below-threshold
time_ns=56114638077 [t=56.1146] MAC 3 enters Track on node 1 seq 10 power -102.376 dBm
time_ns=56114641086 [t=56.1146] MAC 5 enters Track on node 1 seq 10 power -107.876 dBm
time_ns=56225000000 [MAC 4] rtslot_counter expired for neighbor 5 reserveSlot=22
time_ns=57249380000 [MAC 1] resumes Pre-Tx with live slot=17 counter=17
time_ns=57249388077 [t=57.2494] RX at node 3 from node 1 seq 10 rate 8 kbps txPower 33 dBm preamble LONG pathloss 135.376 dB snr 4.59934 dB (slot 17, len 123B, ackable=1)
time_ns=57249388077 [MAC 3] Learned neighbor 1 uses slot 17 (rtCounter=17)
time_ns=57249388077 [HOP 3] RX ACK from 1 seq=10
time_ns=57249388077 [HOP 3] Reliable RoutingControl completed with 1 seq=10 routingSequence=7 section=0/1
time_ns=57249388077 [NWK 3] Reliable RoutingControl ACKed neighbor=1 routingSequence=7 operation=Request section=0/1 lastOfInfo=1
time_ns=57249388077 [HOP 3] RX reliable RoutingControl from 1 seq=11 firstReception=1
time_ns=57249388077 [MAC 3] active_nodes set to 3 for local slotting and post-TX wait
time_ns=57249388077 [NWK 3] active_nodes=3 pushed to MAC
time_ns=57249388077 [NWK 3] Updated HELLO neighbor=1 hopSrc=1 speedKey=8 activeNodes=3 pathloss=135.376 snr=4.59934
time_ns=57249388077 [NWK 3] link_calc neighbor=1 s0=-103 pathloss=135.376 numFailures=0 speed=8 txPower=33 estDistance=287 speedMargin=0.624344 totalMargin=0.624344 costMode=local-only cost=3587
time_ns=57249388077 [NWK 3] Updated route candidate dst=1 nextHop=1 hops=1 oldCost=3587 newCost=3587 valid=1->1 selectionDeferred=0 selected=1
time_ns=57249388077 [NWK 3] ARL route message from 1 type=RoutingUpdate advCount=0
time_ns=57249388077 [NWK 3] Buffered ARL routing section from=1 routingSequence=9 section=0/1 buffered=1
time_ns=57249388077 [NWK 3] Reassembled complete ARL routing message from=1 routingSequence=9 sections=1 recordBytes=57 records=5
time_ns=57249388077 [NWK 3] Applied ARL INFO from=1 routingSequence=9
time_ns=57249388077 [NWK 3] Applied source-owned neighbor capability neighbor=1 capability=2 routingSequence=9 directCost=3587
time_ns=57249388077 [NWK 3] Ignoring unsupported ARL UPDATE node node24=3 from=1
time_ns=57249388077 [NWK 3] Updated route candidate dst=5 nextHop=1 hops=2 oldCost=11037 newCost=11037 valid=1->1 selectionDeferred=0 selected=0
time_ns=57249388077 [NWK 3] Applied ARL UPDATE from=1 dst=5 advertisedHops=1 advertisedCost=7450 routingSequence=9
time_ns=57249388077 [NWK 3] Applied ARL FLUSH from=1 routingSequence=9 routesInvalidated=0
time_ns=57249388077 [NWK 3] Routes: dst=1->nh=1(hops=1,cost=3587,linkCost=3587,advCost=0,from=1,imm=1,pl=135.376,valid=1,path=[1]) dst=5->nh=1(hops=2,cost=11037,linkCost=3587,advCost=7450,from=1,imm=0,pl=135.376,valid=1,path=[1->5]) dst=5->nh=5(hops=1,cost=7450,linkCost=7450,advCost=0,from=5,imm=1,pl=150.383,valid=1,path=[5]) dst=1->nh=5(hops=2,cost=14900,linkCost=7450,advCost=7450,from=5,imm=0,pl=150.383,valid=1,path=[5->1])
time_ns=57249388077 [HOP 3] link_control dest=1 neighborKnown=1 s0=-103 pathloss=135.376 failures=0 speed=8 txPower=33 rxPower=-103 cost=3587
time_ns=57249388077 [HOP 3] ACK RoutingControl to 1 seq=11
time_ns=57249388077 [MAC 3] Enqueue ACK dest=1 seq=11 window=0 ack_queue_size=2
time_ns=57249388077 [HOP 3] RX authenticated GroupEstablish Discover from=1 keyId=1 groupSeq=15
time_ns=57249388077 [MAC 3] active_nodes set to 3 for local slotting and post-TX wait
time_ns=57249388077 [NWK 3] active_nodes=3 pushed to MAC
time_ns=57249388077 [NWK 3] Updated HELLO neighbor=1 hopSrc=1 speedKey=8 activeNodes=3 pathloss=135.376 snr=4.59934
time_ns=57249388077 [NWK 3] link_calc neighbor=1 s0=-103 pathloss=135.376 numFailures=0 speed=8 txPower=33 estDistance=287 speedMargin=0.624344 totalMargin=0.624344 costMode=local-only cost=3587
time_ns=57249388077 [NWK 3] Updated route candidate dst=1 nextHop=1 hops=1 oldCost=3587 newCost=3587 valid=1->1 selectionDeferred=0 selected=1
time_ns=57249388077 [NWK 3] ARL route message from 1 type=Discover advCount=0
time_ns=57249388077 [NWK 3] ProcessDiscover from 1 subtype=Broadcast sequence=2
time_ns=57249388077 [NWK 3] New discovery sequence from 1 old=1 new=2
time_ns=57249388077 [NWK 3] Discovery response pending key-send ACK neighbor=1 sequence=2
time_ns=57249388077 [NWK 3] Routes: dst=1->nh=1(hops=1,cost=3587,linkCost=3587,advCost=0,from=1,imm=1,pl=135.376,valid=1,path=[1]) dst=5->nh=1(hops=2,cost=11037,linkCost=3587,advCost=7450,from=1,imm=0,pl=135.376,valid=1,path=[1->5]) dst=5->nh=5(hops=1,cost=7450,linkCost=7450,advCost=0,from=5,imm=1,pl=150.383,valid=1,path=[5]) dst=1->nh=5(hops=2,cost=14900,linkCost=7450,advCost=7450,from=5,imm=0,pl=150.383,valid=1,path=[5->1])
time_ns=57249388105 [NWK 3] CheckNwkQueue: size=0
time_ns=57249391086 [t=57.2494] RX at node 5 from node 1 seq 10 rate 8 kbps txPower 33 dBm preamble LONG pathloss 140.876 dB snr -0.900945 dB (slot 17, len 123B, ackable=1)
time_ns=57249391086 [MAC 5] Learned neighbor 1 uses slot 17 (rtCounter=17)
time_ns=57249391086 [HOP 5] Overheard frame from 1 for 3 type=1 ignored after neighbor update
time_ns=57249391086 [HOP 5] RX authenticated GroupEstablish Discover from=1 keyId=1 groupSeq=15
time_ns=57249391086 [MAC 5] active_nodes set to 3 for local slotting and post-TX wait
time_ns=57249391086 [NWK 5] active_nodes=3 pushed to MAC
time_ns=57249391086 [NWK 5] Updated HELLO neighbor=1 hopSrc=1 speedKey=8 activeNodes=3 pathloss=140.876 snr=-0.900945
time_ns=57249391086 [NWK 5] link_calc neighbor=1 s0=-103 pathloss=140.876 numFailures=0 speed=8 txPower=33 estDistance=298 speedMargin=-4.87595 totalMargin=-4.87595 costMode=local-only cost=7450
time_ns=57249391086 [NWK 5] Updated route candidate dst=1 nextHop=1 hops=1 oldCost=7450 newCost=7450 valid=1->1 selectionDeferred=0 selected=1
time_ns=57249391086 [NWK 5] ARL route message from 1 type=Discover advCount=0
time_ns=57249391086 [NWK 5] ProcessDiscover from 1 subtype=Broadcast sequence=2
time_ns=57249391086 [NWK 5] New discovery sequence from 1 old=1 new=2
time_ns=57249391086 [NWK 5] Discovery response pending key-send ACK neighbor=1 sequence=2
time_ns=57249391086 [NWK 5] Routes: dst=1->nh=1(hops=1,cost=7450,linkCost=7450,advCost=0,from=1,imm=1,pl=140.876,valid=1,path=[1]) dst=3->nh=1(hops=2,cost=11037,linkCost=7450,advCost=3587,from=1,imm=0,pl=140.876,valid=1,path=[1->3]) dst=3->nh=3(hops=1,cost=7450,linkCost=7450,advCost=0,from=3,imm=1,pl=150.383,valid=1,path=[3]) dst=1->nh=3(hops=2,cost=11037,linkCost=7450,advCost=3587,from=3,imm=0,pl=150.383,valid=1,path=[3->1])
time_ns=57269388077 [NWK 3] Sending deferred Discovery NeighborCheck neighbor=1 sequence=2 afterKeySend=1
time_ns=57269388077 [NWK 3] Sending targeted ARL NeighborCheck neighbor=1 subtype=Discovery discoverySequence=2
time_ns=57269388077 [HOP 3] link_control dest=1 neighborKnown=1 s0=-103 pathloss=135.376 failures=0 speed=8 txPower=33 rxPower=-103 cost=3587
time_ns=57269388077 [HOP 3] TX reliable NeighborCheck to 1 seq=11
time_ns=57269388077 [MAC] Enqueue TX pkt dscp=7 insert_pos=0 queue_size_before=0
time_ns=57269391086 [NWK 5] Sending deferred Discovery NeighborCheck neighbor=1 sequence=2 afterKeySend=1
time_ns=57269391086 [NWK 5] Sending targeted ARL NeighborCheck neighbor=1 subtype=Discovery discoverySequence=2
time_ns=57269391086 [HOP 5] link_control dest=1 neighborKnown=1 s0=-103 pathloss=140.876 failures=0 speed=8 txPower=33 rxPower=-103 cost=7450
time_ns=57269391086 [HOP 5] TX reliable NeighborCheck to 1 seq=12
time_ns=57269391086 [MAC] Enqueue TX pkt dscp=7 insert_pos=0 queue_size_before=0
time_ns=57395000000 [MAC 3] rtslot_counter expired for neighbor 5 reserveSlot=22
time_ns=57395000000 [MAC 5] PickTxSlot(dest=3) active_nodes_for_slotting=3 opnet_slot_range=31
time_ns=57395000000 [MAC 5] avoiding neighbor 1 currentReservedSlot=5 rtslot_counter=5
time_ns=57395000000 [MAC 5] avoiding neighbor 3 currentReservedSlot=14 rtslot_counter=14
time_ns=57395000000 [MAC 5] PickTxSlot(dest=3) avoid: 5 14
time_ns=57395000000 [MAC 5] PickTxSlot chose 23 using historical next_tslot modulo probe
time_ns=57395000000 [MAC 5] TX opportunity reached currentSlot=22 reserveNextSlot=23
time_ns=57395000000 ... type=1 speedKey=8[t=57.395] TX from node 5 to dest 3 seq 8 size 41 bytes segments 2 at slot 23 rate 8 kbps txPower 33 dBm (7843.14 bps) preamble SHORT duration 0.06528 s
time_ns=57395000000 [t=57.395] RX OCCLUDED at node 2 from node 5 seq 8
time_ns=57395000000 [t=57.395] RX OCCLUDED at node 7 from node 5 seq 8
time_ns=57395000000 [t=57.395] RX OCCLUDED at node 8 from node 5 seq 8
time_ns=57395000000 [HOP 5] MAC sent confirmation dest=1 seq=12 transmission=1 sentAt=57.395
time_ns=57395000000 [MAC 5] ACK transmitted in aggregate dest=3 seq=8 txCount=3/5
time_ns=57395000000 [MAC 5] OPNET aggregate transmitted segments=2 ackSegments=1 dataSegments=1 bytes=41 rate=8
time_ns=57395000000 [MAC 1] rtslot_counter expired for neighbor 5 reserveSlot=22
time_ns=57395011086 [t=57.395] RX SYNC at node 1 from node 5 seq 8 power -107.876 dBm noise -106.975 dBm snr -0.900945 dB state=1
time_ns=57395012444 [t=57.395] RX SYNC at node 4 from node 5 seq 8 power -109.884 dBm noise -106.975 dBm snr -2.90891 dB state=1
time_ns=57395019163 [t=57.395] RX SYNC at node 3 from node 5 seq 8 power -117.383 dBm noise -106.975 dBm snr -10.408 dB state=1
time_ns=57401641086 [t=57.4016] MAC 1 enters Track on node 5 seq 8 power -107.876 dBm
time_ns=57401642444 [t=57.4016] MAC 4 enters Track on node 5 seq 8 power -109.884 dBm
time_ns=57401649163 [t=57.4016] MAC 3 enters Track on node 5 seq 8 power -117.383 dBm
time_ns=57460280000 [MAC 5] resumes Pre-Tx with live slot=23 counter=23
time_ns=57460291086 [t=57.4603] RX at node 1 from node 5 seq 8 rate 8 kbps txPower 33 dBm preamble SHORT pathloss 140.876 dB snr -0.900945 dB (slot 23, len 41B, ackable=1)
time_ns=57460291086 [MAC 1] Learned neighbor 5 uses slot 23 (rtCounter=23)
time_ns=57460291086 [HOP 1] Overheard frame from 5 for 3 type=1 ignored after neighbor update
time_ns=57460291086 [HOP 1] RX reliable NeighborCheck from 5 seq=12 firstReception=1
time_ns=57460291086 [MAC 1] active_nodes set to 3 for local slotting and post-TX wait
time_ns=57460291086 [NWK 1] active_nodes=3 pushed to MAC
time_ns=57460291086 [NWK 1] Updated HELLO neighbor=5 hopSrc=5 speedKey=8 activeNodes=3 pathloss=140.876 snr=-0.900945
time_ns=57460291086 [NWK 1] link_calc neighbor=5 s0=-103 pathloss=140.876 numFailures=0 speed=8 txPower=33 estDistance=298 speedMargin=-4.87595 totalMargin=-4.87595 costMode=local-only cost=7450
time_ns=57460291086 [NWK 1] Updated route candidate dst=5 nextHop=5 hops=1 oldCost=7450 newCost=7450 valid=1->1 selectionDeferred=0 selected=1
time_ns=57460291086 [NWK 1] ARL route message from 5 type=NeighborCheck advCount=0
time_ns=57460291086 [NWK 1] ProcessNeighborCheck from 5 subtype=Discovery pathloss=140.876 snr=-0.900945 linkCost=7450 advCount=0
time_ns=57460291086 [NWK 1] Discovery response from neighbor=5 responseSequence=2 localDiscoverySequence=2
time_ns=57460291086 [NWK 1] Discovery response accepted neighbor=5 verified=0->1 sequence=2 reportedActiveNodes=3
time_ns=57460291086 [NWK 1] Routes: dst=3->nh=3(hops=1,cost=3587,linkCost=3587,advCost=0,from=3,imm=1,pl=135.376,valid=1,path=[3]) dst=5->nh=5(hops=1,cost=7450,linkCost=7450,advCost=0,from=5,imm=1,pl=140.876,valid=1,path=[5]) dst=3->nh=5(hops=2,cost=14900,linkCost=7450,advCost=7450,from=5,imm=0,pl=140.876,valid=1,path=[5->3]) dst=5->nh=3(hops=2,cost=11037,linkCost=3587,advCost=7450,from=3,imm=0,pl=135.376,valid=1,path=[3->5])
time_ns=57460291086 [HOP 1] link_control dest=5 neighborKnown=1 s0=-103 pathloss=140.876 failures=0 speed=8 txPower=33 rxPower=-103 cost=7450
time_ns=57460291086 [HOP 1] ACK NeighborCheck to 5 seq=12
time_ns=57460291086 [MAC 1] Enqueue ACK dest=5 seq=12 window=0 ack_queue_size=2
time_ns=57460292444 [t=57.4603] RX OVERHEARD at node 4 from node 5 seq 8 rate 8 kbps txPower 33 dBm preamble SHORT pathloss 142.884 dB snr -2.90891 dB (slot 23, len 41B, ackable=1)
time_ns=57460292444 [MAC 4] Learned neighbor 5 uses slot 23 (rtCounter=23)
time_ns=57460292444 [HOP 4] Overheard frame from 5 for 3 type=1 ignored after neighbor update
time_ns=57460292444 [HOP 4] Overheard frame from 5 for 1 type=5 ignored after neighbor update
time_ns=57460299163 [t=57.4603] RX at node 3 from node 5 seq 8 rate 8 kbps txPower 33 dBm preamble SHORT pathloss 150.383 dB snr -10.408 dB (slot 23, len 41B, ackable=1)
time_ns=57460299163 [MAC 3] Learned neighbor 5 uses slot 23 (rtCounter=23)
time_ns=57460299163 [HOP 3] RX ACK from 5 seq=8
time_ns=57460299163 [HOP 3] Overheard frame from 5 for 1 type=5 ignored after neighbor update
time_ns=57460299191 [NWK 3] CheckNwkQueue: size=0
time_ns=57538000000 [MAC 3] rtslot_counter expired for neighbor 1 reserveSlot=17
time_ns=57538000000 [MAC 5] rtslot_counter expired for neighbor 1 reserveSlot=17
time_ns=57538000000 [MAC 1] PickTxSlot(dest=3) active_nodes_for_slotting=3 opnet_slot_range=31
time_ns=57538000000 [MAC 1] avoiding neighbor 3 currentReservedSlot=8 rtslot_counter=8
time_ns=57538000000 [MAC 1] avoiding neighbor 5 currentReservedSlot=17 rtslot_counter=17
time_ns=57538000000 [MAC 1] PickTxSlot(dest=3) avoid: 8 17
time_ns=57538000000 [MAC 1] PickTxSlot chose 21 using historical next_tslot modulo probe
time_ns=57538000000 [MAC 1] TX opportunity reached currentSlot=17 reserveNextSlot=21
time_ns=57538000000 ... type=1 speedKey=8[t=57.538] TX from node 1 to dest 3 seq 10 size 50 bytes segments 2 at slot 21 rate 8 kbps txPower 33 dBm (7843.14 bps) preamble SHORT duration 0.07446 s
time_ns=57538000000 [t=57.538] RX OCCLUDED at node 2 from node 1 seq 10
time_ns=57538000000 [t=57.538] RX OCCLUDED at node 7 from node 1 seq 10
time_ns=57538000000 [t=57.538] RX OCCLUDED at node 8 from node 1 seq 10
time_ns=57538000000 [MAC 1] ACK transmitted in aggregate dest=3 seq=10 txCount=2/5
time_ns=57538000000 [MAC 1] ACK transmitted in aggregate dest=5 seq=12 txCount=1/5
time_ns=57538000000 [MAC 1] OPNET aggregate transmitted segments=2 ackSegments=2 dataSegments=0 bytes=50 rate=8
time_ns=57538008077 [t=57.538] RX SYNC at node 3 from node 1 seq 10 power -102.376 dBm noise -106.975 dBm snr 4.59934 dB state=1
time_ns=57538011086 [t=57.538] RX SYNC at node 5 from node 1 seq 10 power -107.876 dBm noise -106.975 dBm snr -0.900945 dB state=1
time_ns=57538023527 [t=57.538] RX SYNC at node 4 from node 1 seq 10 power -120.948 dBm noise -106.975 dBm snr -13.9725 dB state=1 below-threshold
time_ns=57544638077 [t=57.5446] MAC 3 enters Track on node 1 seq 10 power -102.376 dBm
time_ns=57544641086 [t=57.5446] MAC 5 enters Track on node 1 seq 10 power -107.876 dBm
time_ns=57612460000 [MAC 1] resumes Pre-Tx with live slot=21 counter=21
time_ns=57612468077 [t=57.6125] RX at node 3 from node 1 seq 10 rate 8 kbps txPower 33 dBm preamble SHORT pathloss 135.376 dB snr 4.59934 dB (slot 21, len 50B, ackable=0)
time_ns=57612468077 [MAC 3] Learned neighbor 1 uses slot 21 (rtCounter=21)
time_ns=57612468077 [HOP 3] RX ACK from 1 seq=10
time_ns=57612468077 [HOP 3] Overheard frame from 1 for 5 type=1 ignored after neighbor update
time_ns=57612468105 [NWK 3] CheckNwkQueue: size=0
time_ns=57612471086 [t=57.6125] RX at node 5 from node 1 seq 10 rate 8 kbps txPower 33 dBm preamble SHORT pathloss 140.876 dB snr -0.900945 dB (slot 21, len 50B, ackable=0)
time_ns=57612471086 [MAC 5] Learned neighbor 1 uses slot 21 (rtCounter=21)
time_ns=57612471086 [HOP 5] Overheard frame from 1 for 3 type=1 ignored after neighbor update
time_ns=57612471086 [HOP 5] RX ACK from 1 seq=12
time_ns=57612471086 [HOP 5] Reliable NeighborCheck completed with 1 seq=12 subtype=0 discoverySequence=2
time_ns=57612471086 [NWK 5] NeighborCheck success neighbor=1 subtype=Discovery discoverySequence=2 stale=0->0 numFailures=0->0
time_ns=57612471086 [NWK 5] recompute hop-cost neighbor=1 failures=0 costMode=local-only newLinkCost=7450
time_ns=57612471086 [NWK 5] Recomputed route after link change dst=1 nextHop=1 oldCost=7450 newCost=7450 linkCost=7450 advertisedCost=0 numFailures=0
time_ns=57612471086 [NWK 5] Recomputed route after link change dst=3 nextHop=1 oldCost=11037 newCost=11037 linkCost=7450 advertisedCost=3587 numFailures=0
time_ns=57612471114 [NWK 5] CheckNwkQueue: size=0
time_ns=57720000000 [MAC 3] PickTxSlot(dest=5) active_nodes_for_slotting=3 opnet_slot_range=31
time_ns=57720000000 [MAC 3] avoiding neighbor 1 currentReservedSlot=12 rtslot_counter=12
time_ns=57720000000 [MAC 3] avoiding neighbor 5 currentReservedSlot=8 rtslot_counter=8
time_ns=57720000000 [MAC 3] PickTxSlot(dest=5) avoid: 8 12
time_ns=57720000000 [MAC 3] PickTxSlot chose 9 using historical next_tslot modulo probe
time_ns=57720000000 [MAC 3] TX opportunity reached currentSlot=27 reserveNextSlot=9
time_ns=57720000000 ... type=1 speedKey=8[t=57.72] TX from node 3 to dest 5 seq 9 size 66 bytes segments 3 at slot 9 rate 8 kbps txPower 33 dBm (7843.14 bps) preamble SHORT duration 0.09078 s
time_ns=57720000000 [t=57.72] RX OCCLUDED at node 2 from node 3 seq 9
time_ns=57720000000 [t=57.72] RX OCCLUDED at node 4 from node 3 seq 9
time_ns=57720000000 [t=57.72] RX OCCLUDED at node 7 from node 3 seq 9
time_ns=57720000000 [t=57.72] RX OCCLUDED at node 8 from node 3 seq 9
time_ns=57720000000 [HOP 3] MAC sent confirmation dest=1 seq=11 transmission=1 sentAt=57.72
time_ns=57720000000 [MAC 3] ACK transmitted in aggregate dest=5 seq=9 txCount=2/5
time_ns=57720000000 [MAC 3] ACK transmitted in aggregate dest=1 seq=11 txCount=1/5
time_ns=57720000000 [MAC 3] OPNET aggregate transmitted segments=3 ackSegments=2 dataSegments=1 bytes=66 rate=8
time_ns=57720000000 [MAC 5] rtslot_counter expired for neighbor 3 reserveSlot=27
time_ns=57720000000 [MAC 1] rtslot_counter expired for neighbor 3 reserveSlot=27
time_ns=57720008077 [t=57.72] RX SYNC at node 1 from node 3 seq 9 power -102.376 dBm noise -106.975 dBm snr 4.59934 dB state=1
time_ns=57720019163 [t=57.72] RX SYNC at node 5 from node 3 seq 9 power -117.383 dBm noise -106.975 dBm snr -10.408 dB state=1 below-threshold
time_ns=57726638077 [t=57.7266] MAC 1 enters Track on node 3 seq 9 power -102.376 dBm
time_ns=57772000000 [MAC 4] rtslot_counter expired for neighbor 5 reserveSlot=23
time_ns=57810780000 [MAC 3] resumes Pre-Tx with live slot=9 counter=9
time_ns=57810788077 [t=57.8108] RX at node 1 from node 3 seq 9 rate 8 kbps txPower 33 dBm preamble SHORT pathloss 135.376 dB snr 4.59934 dB (slot 9, len 66B, ackable=1)
time_ns=57810788077 [MAC 1] Learned neighbor 3 uses slot 9 (rtCounter=9)
time_ns=57810788077 [HOP 1] Overheard frame from 3 for 5 type=1 ignored after neighbor update
time_ns=57810788077 [HOP 1] RX ACK from 3 seq=11
time_ns=57810788077 [HOP 1] Reliable RoutingControl completed with 3 seq=11 routingSequence=9 section=0/1
time_ns=57810788077 [NWK 1] Reliable RoutingControl ACKed neighbor=3 routingSequence=9 operation=Update section=0/1 lastOfInfo=1
time_ns=57810788077 [NWK 1] ARL RoutingSnapshot section ACKed neighbor=3 routingSequence=9 section=0/1 ackedSections=1
time_ns=57810788077 [NWK 1] Reliable ARL RoutingSnapshot completed neighbor=3 routingSequence=9 sections=1
time_ns=57810788077 [HOP 1] RX reliable NeighborCheck from 3 seq=11 firstReception=1
time_ns=57810788077 [MAC 1] active_nodes set to 3 for local slotting and post-TX wait
time_ns=57810788077 [NWK 1] active_nodes=3 pushed to MAC
time_ns=57810788077 [NWK 1] Updated HELLO neighbor=3 hopSrc=3 speedKey=8 activeNodes=3 pathloss=135.376 snr=4.59934
time_ns=57810788077 [NWK 1] link_calc neighbor=3 s0=-103 pathloss=135.376 numFailures=0 speed=8 txPower=33 estDistance=287 speedMargin=0.624344 totalMargin=0.624344 costMode=local-only cost=3587
time_ns=57810788077 [NWK 1] Updated route candidate dst=3 nextHop=3 hops=1 oldCost=3587 newCost=3587 valid=1->1 selectionDeferred=0 selected=1
time_ns=57810788077 [NWK 1] ARL route message from 3 type=NeighborCheck advCount=0
time_ns=57810788077 [NWK 1] ProcessNeighborCheck from 3 subtype=Discovery pathloss=135.376 snr=4.59934 linkCost=3587 advCount=0
time_ns=57810788077 [NWK 1] Discovery response from neighbor=3 responseSequence=2 localDiscoverySequence=2
time_ns=57810788077 [NWK 1] Discovery response accepted neighbor=3 verified=0->1 sequence=2 reportedActiveNodes=3
time_ns=57810788077 [NWK 1] Routes: dst=3->nh=3(hops=1,cost=3587,linkCost=3587,advCost=0,from=3,imm=1,pl=135.376,valid=1,path=[3]) dst=5->nh=5(hops=1,cost=7450,linkCost=7450,advCost=0,from=5,imm=1,pl=140.876,valid=1,path=[5]) dst=3->nh=5(hops=2,cost=14900,linkCost=7450,advCost=7450,from=5,imm=0,pl=140.876,valid=1,path=[5->3]) dst=5->nh=3(hops=2,cost=11037,linkCost=3587,advCost=7450,from=3,imm=0,pl=135.376,valid=1,path=[3->5])
time_ns=57810788077 [HOP 1] link_control dest=3 neighborKnown=1 s0=-103 pathloss=135.376 failures=0 speed=8 txPower=33 rxPower=-103 cost=3587
time_ns=57810788077 [HOP 1] ACK NeighborCheck to 3 seq=11
time_ns=57810788077 [MAC 1] Enqueue ACK dest=3 seq=11 window=0 ack_queue_size=3
time_ns=57810788105 [NWK 1] CheckNwkQueue: size=0
time_ns=57837000000 [MAC 5] PickTxSlot(dest=3) active_nodes_for_slotting=3 opnet_slot_range=31
time_ns=57837000000 [MAC 5] avoiding neighbor 1 currentReservedSlot=3 rtslot_counter=3
time_ns=57837000000 [MAC 5] PickTxSlot(dest=3) avoid: 3
time_ns=57837000000 [MAC 5] PickTxSlot chose 9 using historical next_tslot modulo probe
time_ns=57837000000 [MAC 5] TX opportunity reached currentSlot=23 reserveNextSlot=9
time_ns=57837000000 ... type=1 speedKey=8[t=57.837] TX from node 5 to dest 3 seq 8 size 25 bytes segments 1 at slot 9 rate 8 kbps txPower 33 dBm (7843.14 bps) preamble SHORT duration 0.04896 s
time_ns=57837000000 [t=57.837] RX OCCLUDED at node 2 from node 5 seq 8
time_ns=57837000000 [t=57.837] RX OCCLUDED at node 7 from node 5 seq 8
time_ns=57837000000 [t=57.837] RX OCCLUDED at node 8 from node 5 seq 8
time_ns=57837000000 [MAC 5] ACK transmitted in aggregate dest=3 seq=8 txCount=4/5
time_ns=57837000000 [MAC 5] OPNET aggregate transmitted segments=1 ackSegments=1 dataSegments=0 bytes=25 rate=8
time_ns=57837011086 [t=57.837] RX SYNC at node 1 from node 5 seq 8 power -107.876 dBm noise -106.975 dBm snr -0.900945 dB state=1
time_ns=57837012444 [t=57.837] RX SYNC at node 4 from node 5 seq 8 power -109.884 dBm noise -106.975 dBm snr -2.90891 dB state=1
time_ns=57837019163 [t=57.837] RX SYNC at node 3 from node 5 seq 8 power -117.383 dBm noise -106.975 dBm snr -10.408 dB state=1
time_ns=57843641086 [t=57.8436] MAC 1 enters Track on node 5 seq 8 power -107.876 dBm
time_ns=57843642444 [t=57.8436] MAC 4 enters Track on node 5 seq 8 power -109.884 dBm
time_ns=57843649163 [t=57.8436] MAC 3 enters Track on node 5 seq 8 power -117.383 dBm
time_ns=57885960000 [MAC 5] resumes Pre-Tx with live slot=9 counter=9
time_ns=57885971086 [t=57.886] RX OVERHEARD at node 1 from node 5 seq 8 rate 8 kbps txPower 33 dBm preamble SHORT pathloss 140.876 dB snr -0.900945 dB (slot 9, len 25B, ackable=0)
time_ns=57885971086 [MAC 1] Learned neighbor 5 uses slot 9 (rtCounter=9)
time_ns=57885971086 [HOP 1] Overheard frame from 5 for 3 type=1 ignored after neighbor update
time_ns=57885972444 [t=57.886] RX OVERHEARD at node 4 from node 5 seq 8 rate 8 kbps txPower 33 dBm preamble SHORT pathloss 142.884 dB snr -2.90891 dB (slot 9, len 25B, ackable=0)
time_ns=57885972444 [MAC 4] Learned neighbor 5 uses slot 9 (rtCounter=9)
time_ns=57885972444 [HOP 4] Overheard frame from 5 for 3 type=1 ignored after neighbor update
time_ns=57885979163 [t=57.886] RX at node 3 from node 5 seq 8 rate 8 kbps txPower 33 dBm preamble SHORT pathloss 150.383 dB snr -10.408 dB (slot 9, len 25B, ackable=0)
time_ns=57885979163 [MAC 3] Learned neighbor 5 uses slot 9 (rtCounter=9)
time_ns=57885979163 [HOP 3] RX ACK from 5 seq=8
time_ns=57885979191 [NWK 3] CheckNwkQueue: size=0
time_ns=57928000000 [MAC 5] rtslot_counter expired for neighbor 1 reserveSlot=21
time_ns=57967000000 [MAC 3] PickTxSlot(dest=5) active_nodes_for_slotting=3 opnet_slot_range=31
time_ns=57967000000 [MAC 3] avoiding neighbor 1 currentReservedSlot=2 rtslot_counter=2
time_ns=57967000000 [MAC 3] avoiding neighbor 5 currentReservedSlot=2 rtslot_counter=2
time_ns=57967000000 [MAC 3] PickTxSlot(dest=5) avoid: 2
time_ns=57967000000 [MAC 3] PickTxSlot chose 0 using historical next_tslot modulo probe
time_ns=57967000000 [MAC 3] TX opportunity reached currentSlot=9 reserveNextSlot=0
time_ns=57967000000 ... type=1 speedKey=8[t=57.967] TX from node 3 to dest 5 seq 9 size 50 bytes segments 2 at slot 0 rate 8 kbps txPower 33 dBm (7843.14 bps) preamble SHORT duration 0.07446 s
time_ns=57967000000 [t=57.967] RX OCCLUDED at node 2 from node 3 seq 9
time_ns=57967000000 [t=57.967] RX OCCLUDED at node 4 from node 3 seq 9
time_ns=57967000000 [t=57.967] RX OCCLUDED at node 7 from node 3 seq 9
time_ns=57967000000 [t=57.967] RX OCCLUDED at node 8 from node 3 seq 9
time_ns=57967000000 [MAC 3] ACK transmitted in aggregate dest=5 seq=9 txCount=3/5
time_ns=57967000000 [MAC 3] ACK transmitted in aggregate dest=1 seq=11 txCount=2/5
time_ns=57967000000 [MAC 3] OPNET aggregate transmitted segments=2 ackSegments=2 dataSegments=0 bytes=50 rate=8
time_ns=57967000000 [MAC 1] rtslot_counter expired for neighbor 3 reserveSlot=9
time_ns=57967008077 [t=57.967] RX SYNC at node 1 from node 3 seq 9 power -102.376 dBm noise -106.975 dBm snr 4.59934 dB state=1
time_ns=57967019163 [t=57.967] RX SYNC at node 5 from node 3 seq 9 power -117.383 dBm noise -106.975 dBm snr -10.408 dB state=1
time_ns=57973638077 [t=57.9736] MAC 1 enters Track on node 3 seq 9 power -102.376 dBm
time_ns=57973649163 [t=57.9736] MAC 5 enters Track on node 3 seq 9 power -117.383 dBm
time_ns=58006000000 [MAC 4] rtslot_counter expired for neighbor 5 reserveSlot=9
time_ns=58041460000 [MAC 3] resumes Pre-Tx with live slot=0 counter=0
time_ns=58041468077 [t=58.0415] RX at node 1 from node 3 seq 9 rate 8 kbps txPower 33 dBm preamble SHORT pathloss 135.376 dB snr 4.59934 dB (slot 0, len 50B, ackable=0)
time_ns=58041468077 [MAC 1] Learned neighbor 3 uses slot 0 (rtCounter=0)
time_ns=58041468077 [HOP 1] Overheard frame from 3 for 5 type=1 ignored after neighbor update
time_ns=58041468077 [HOP 1] RX ACK from 3 seq=11
time_ns=58041468105 [NWK 1] CheckNwkQueue: size=0
time_ns=58041479163 [t=58.0415] RX at node 5 from node 3 seq 9 rate 8 kbps txPower 33 dBm preamble SHORT pathloss 150.383 dB snr -10.408 dB (slot 0, len 50B, ackable=0)
time_ns=58041479163 [MAC 5] Learned neighbor 3 uses slot 0 (rtCounter=0)
time_ns=58041479163 [HOP 5] RX ACK from 3 seq=9
time_ns=58041479163 [HOP 5] Overheard frame from 3 for 1 type=1 ignored after neighbor update
time_ns=58041479191 [NWK 5] CheckNwkQueue: size=0
time_ns=58045000000 [MAC 3] PickTxSlot(dest=5) active_nodes_for_slotting=3 opnet_slot_range=31
time_ns=58045000000 [MAC 3] avoiding neighbor 1 currentReservedSlot=1 rtslot_counter=1
time_ns=58045000000 [MAC 3] avoiding neighbor 5 currentReservedSlot=1 rtslot_counter=1
time_ns=58045000000 [MAC 3] PickTxSlot(dest=5) avoid: 1
time_ns=58045000000 [MAC 3] PickTxSlot chose 31 using historical next_tslot modulo probe
time_ns=58045000000 [MAC 3] TX opportunity reached currentSlot=0 reserveNextSlot=31
time_ns=58045000000 ... type=1 speedKey=8[t=58.045] TX from node 3 to dest 5 seq 9 size 50 bytes segments 2 at slot 31 rate 8 kbps txPower 33 dBm (7843.14 bps) preamble SHORT duration 0.07446 s
time_ns=58045000000 [t=58.045] RX OCCLUDED at node 2 from node 3 seq 9
time_ns=58045000000 [t=58.045] RX OCCLUDED at node 4 from node 3 seq 9
time_ns=58045000000 [t=58.045] RX OCCLUDED at node 7 from node 3 seq 9
time_ns=58045000000 [t=58.045] RX OCCLUDED at node 8 from node 3 seq 9
time_ns=58045000000 [MAC 3] ACK transmitted in aggregate dest=5 seq=9 txCount=4/5
time_ns=58045000000 [MAC 3] ACK transmitted in aggregate dest=1 seq=11 txCount=3/5
time_ns=58045000000 [MAC 3] OPNET aggregate transmitted segments=2 ackSegments=2 dataSegments=0 bytes=50 rate=8
time_ns=58045000000 [MAC 5] rtslot_counter expired for neighbor 3 reserveSlot=0
time_ns=58045000000 [MAC 1] rtslot_counter expired for neighbor 3 reserveSlot=0
time_ns=58045008077 [t=58.045] RX SYNC at node 1 from node 3 seq 9 power -102.376 dBm noise -106.975 dBm snr 4.59934 dB state=1
time_ns=58045019163 [t=58.045] RX SYNC at node 5 from node 3 seq 9 power -117.383 dBm noise -106.975 dBm snr -10.408 dB state=1
time_ns=58051638077 [t=58.0516] MAC 1 enters Track on node 3 seq 9 power -102.376 dBm
time_ns=58051649163 [t=58.0516] MAC 5 enters Track on node 3 seq 9 power -117.383 dBm
time_ns=58119460000 [MAC 3] resumes Pre-Tx with live slot=31 counter=31
time_ns=58119468077 [t=58.1195] RX at node 1 from node 3 seq 9 rate 8 kbps txPower 33 dBm preamble SHORT pathloss 135.376 dB snr 4.59934 dB (slot 31, len 50B, ackable=0)
time_ns=58119468077 [MAC 1] Learned neighbor 3 uses slot 31 (rtCounter=31)
time_ns=58119468077 [HOP 1] Overheard frame from 3 for 5 type=1 ignored after neighbor update
time_ns=58119468077 [HOP 1] RX ACK from 3 seq=11
time_ns=58119468105 [NWK 1] CheckNwkQueue: size=0
time_ns=58119479163 [t=58.1195] RX at node 5 from node 3 seq 9 rate 8 kbps txPower 33 dBm preamble SHORT pathloss 150.383 dB snr -10.408 dB (slot 31, len 50B, ackable=0)
time_ns=58119479163 [MAC 5] Learned neighbor 3 uses slot 31 (rtCounter=31)
time_ns=58119479163 [HOP 5] RX ACK from 3 seq=9
time_ns=58119479163 [HOP 5] Overheard frame from 3 for 1 type=1 ignored after neighbor update
time_ns=58119479191 [NWK 5] CheckNwkQueue: size=0
time_ns=58136000000 [MAC 3] rtslot_counter expired for neighbor 1 reserveSlot=21
time_ns=58136000000 [MAC 3] rtslot_counter expired for neighbor 5 reserveSlot=9
time_ns=58136000000 [MAC 5] PickTxSlot(dest=3) active_nodes_for_slotting=3 opnet_slot_range=31
time_ns=58136000000 [MAC 5] avoiding neighbor 3 currentReservedSlot=29 rtslot_counter=29
time_ns=58136000000 [MAC 5] PickTxSlot(dest=3) avoid: 29
time_ns=58136000000 [MAC 5] PickTxSlot chose 24 using historical next_tslot modulo probe
time_ns=58136000000 [MAC 5] TX opportunity reached currentSlot=9 reserveNextSlot=24
time_ns=58136000000 ... type=1 speedKey=8[t=58.136] TX from node 5 to dest 3 seq 8 size 25 bytes segments 1 at slot 24 rate 8 kbps txPower 33 dBm (7843.14 bps) preamble SHORT duration 0.04896 s
time_ns=58136000000 [t=58.136] RX OCCLUDED at node 2 from node 5 seq 8
time_ns=58136000000 [t=58.136] RX OCCLUDED at node 7 from node 5 seq 8
time_ns=58136000000 [t=58.136] RX OCCLUDED at node 8 from node 5 seq 8
time_ns=58136000000 [MAC 5] ACK transmitted in aggregate dest=3 seq=8 txCount=5/5
time_ns=58136000000 [MAC 5] Remove ACK after OPNET resend limit dest=3 seq=8
time_ns=58136000000 [MAC 5] OPNET aggregate transmitted segments=1 ackSegments=1 dataSegments=0 bytes=25 rate=8
time_ns=58136000000 [MAC 1] rtslot_counter expired for neighbor 5 reserveSlot=9
time_ns=58136000000 [MAC 1] PickTxSlot(dest=3) active_nodes_for_slotting=3 opnet_slot_range=31
time_ns=58136000000 [MAC 1] avoiding neighbor 3 currentReservedSlot=29 rtslot_counter=29
time_ns=58136000000 [MAC 1] PickTxSlot(dest=3) avoid: 29
time_ns=58136000000 [MAC 1] PickTxSlot chose 14 using historical next_tslot modulo probe
time_ns=58136000000 [MAC 1] TX opportunity reached currentSlot=21 reserveNextSlot=14
time_ns=58136000000 ... type=1 speedKey=8[t=58.136] TX from node 1 to dest 3 seq 10 size 75 bytes segments 3 at slot 14 rate 8 kbps txPower 33 dBm (7843.14 bps) preamble SHORT duration 0.09996 s
time_ns=58136000000 [t=58.136] RX OCCLUDED at node 2 from node 1 seq 10
time_ns=58136000000 [t=58.136] RX OCCLUDED at node 7 from node 1 seq 10
time_ns=58136000000 [t=58.136] RX OCCLUDED at node 8 from node 1 seq 10
time_ns=58136000000 [MAC 1] ACK transmitted in aggregate dest=3 seq=10 txCount=3/5
time_ns=58136000000 [MAC 1] ACK transmitted in aggregate dest=5 seq=12 txCount=2/5
time_ns=58136000000 [MAC 1] ACK transmitted in aggregate dest=3 seq=11 txCount=1/5
time_ns=58136000000 [MAC 1] OPNET aggregate transmitted segments=3 ackSegments=3 dataSegments=0 bytes=75 rate=8
time_ns=58136008077 [t=58.136] RX SYNC at node 3 from node 1 seq 10 power -102.376 dBm noise -106.975 dBm snr 4.59934 dB state=1
time_ns=58136011086 [t=58.136] RX SYNC at node 1 from node 5 seq 8 power -107.876 dBm noise -106.975 dBm snr -0.900945 dB state=3
time_ns=58136011086 [t=58.136] RX SYNC at node 5 from node 1 seq 10 power -107.876 dBm noise -106.975 dBm snr -0.900945 dB state=3
time_ns=58136012444 [t=58.136] RX SYNC at node 4 from node 5 seq 8 power -109.884 dBm noise -106.975 dBm snr -2.90891 dB state=1
time_ns=58136019163 [t=58.136] RX SYNC at node 3 from node 5 seq 8 power -117.383 dBm noise -106.975 dBm snr -10.408 dB state=1
time_ns=58136023527 [t=58.136] RX SYNC at node 4 from node 1 seq 10 power -120.948 dBm noise -106.975 dBm snr -13.9725 dB state=1 below-threshold
time_ns=58142638077 [t=58.1426] MAC 3 enters Track on node 1 seq 10 power -102.376 dBm
time_ns=58142642444 [t=58.1426] MAC 4 enters Track on node 5 seq 8 power -109.884 dBm
time_ns=58184960000 [MAC 5] post-TX WAIT_FOR_ACK until 78.185 (POST_TX_WAIT=20 s)
time_ns=58184971086 [t=58.185] RX MISS at node 1 from node 5 seq 8
time_ns=58184972444 [t=58.185] RX OVERHEARD at node 4 from node 5 seq 8 rate 8 kbps txPower 33 dBm preamble SHORT pathloss 142.884 dB snr -2.90891 dB (slot 24, len 25B, ackable=0)
time_ns=58184972444 [MAC 4] Learned neighbor 5 uses slot 24 (rtCounter=24)
time_ns=58184972444 [HOP 4] Overheard frame from 5 for 3 type=1 ignored after neighbor update
time_ns=58235960000 [MAC 1] resumes Pre-Tx with live slot=14 counter=14
time_ns=58235968077 [t=58.236] RX at node 3 from node 1 seq 10 rate 8 kbps txPower 33 dBm preamble SHORT pathloss 135.376 dB snr 4.59934 dB (slot 14, len 75B, ackable=0)
time_ns=58235968077 [MAC 3] Learned neighbor 1 uses slot 14 (rtCounter=14)
time_ns=58235968077 [HOP 3] RX ACK from 1 seq=10
time_ns=58235968077 [HOP 3] Overheard frame from 1 for 5 type=1 ignored after neighbor update
time_ns=58235968077 [HOP 3] RX ACK from 1 seq=11
time_ns=58235968077 [HOP 3] Reliable NeighborCheck completed with 1 seq=11 subtype=0 discoverySequence=2
time_ns=58235968077 [NWK 3] NeighborCheck success neighbor=1 subtype=Discovery discoverySequence=2 stale=0->0 numFailures=0->0
time_ns=58235968077 [NWK 3] recompute hop-cost neighbor=1 failures=0 costMode=local-only newLinkCost=3587
time_ns=58235968077 [NWK 3] Recomputed route after link change dst=1 nextHop=1 oldCost=3587 newCost=3587 linkCost=3587 advertisedCost=0 numFailures=0
time_ns=58235968077 [NWK 3] Recomputed route after link change dst=5 nextHop=1 oldCost=11037 newCost=11037 linkCost=3587 advertisedCost=7450 numFailures=0
time_ns=58235968105 [NWK 3] CheckNwkQueue: size=0
time_ns=58235971086 [t=58.236] RX MISS at node 5 from node 1 seq 10
time_ns=58422000000 [MAC 3] rtslot_counter expired for neighbor 1 reserveSlot=14
time_ns=58422000000 [MAC 1] PickTxSlot(dest=3) active_nodes_for_slotting=3 opnet_slot_range=31
time_ns=58422000000 [MAC 1] avoiding neighbor 3 currentReservedSlot=14 rtslot_counter=14
time_ns=58422000000 [MAC 1] PickTxSlot(dest=3) avoid: 14
time_ns=58422000000 [MAC 1] PickTxSlot chose 22 using historical next_tslot modulo probe
time_ns=58422000000 [MAC 1] TX opportunity reached currentSlot=14 reserveNextSlot=22
time_ns=58422000000 ... type=1 speedKey=8[t=58.422] TX from node 1 to dest 3 seq 10 size 75 bytes segments 3 at slot 22 rate 8 kbps txPower 33 dBm (7843.14 bps) preamble SHORT duration 0.09996 s
time_ns=58422000000 [t=58.422] RX OCCLUDED at node 2 from node 1 seq 10
time_ns=58422000000 [t=58.422] RX OCCLUDED at node 7 from node 1 seq 10
time_ns=58422000000 [t=58.422] RX OCCLUDED at node 8 from node 1 seq 10
time_ns=58422000000 [MAC 1] ACK transmitted in aggregate dest=3 seq=10 txCount=4/5
time_ns=58422000000 [MAC 1] ACK transmitted in aggregate dest=5 seq=12 txCount=3/5
time_ns=58422000000 [MAC 1] ACK transmitted in aggregate dest=3 seq=11 txCount=2/5
time_ns=58422000000 [MAC 1] OPNET aggregate transmitted segments=3 ackSegments=3 dataSegments=0 bytes=75 rate=8
time_ns=58422008077 [t=58.422] RX SYNC at node 3 from node 1 seq 10 power -102.376 dBm noise -106.975 dBm snr 4.59934 dB state=1
time_ns=58422011086 [t=58.422] RX SYNC at node 5 from node 1 seq 10 power -107.876 dBm noise -106.975 dBm snr -0.900945 dB state=1
time_ns=58422023527 [t=58.422] RX SYNC at node 4 from node 1 seq 10 power -120.948 dBm noise -106.975 dBm snr -13.9725 dB state=1 below-threshold
time_ns=58428638077 [t=58.4286] MAC 3 enters Track on node 1 seq 10 power -102.376 dBm
time_ns=58428641086 [t=58.4286] MAC 5 enters Track on node 1 seq 10 power -107.876 dBm
time_ns=58500000000 [MAC 4] rtslot_counter expired for neighbor 5 reserveSlot=24
time_ns=58521960000 [MAC 1] resumes Pre-Tx with live slot=22 counter=22
time_ns=58521968077 [t=58.522] RX at node 3 from node 1 seq 10 rate 8 kbps txPower 33 dBm preamble SHORT pathloss 135.376 dB snr 4.59934 dB (slot 22, len 75B, ackable=0)
time_ns=58521968077 [MAC 3] Learned neighbor 1 uses slot 22 (rtCounter=22)
time_ns=58521968077 [HOP 3] RX ACK from 1 seq=10
time_ns=58521968077 [HOP 3] Overheard frame from 1 for 5 type=1 ignored after neighbor update
time_ns=58521968077 [HOP 3] RX ACK from 1 seq=11
time_ns=58521968105 [NWK 3] CheckNwkQueue: size=0
time_ns=58521971086 [t=58.522] RX at node 5 from node 1 seq 10 rate 8 kbps txPower 33 dBm preamble SHORT pathloss 140.876 dB snr -0.900945 dB (slot 22, len 75B, ackable=0)
time_ns=58521971086 [MAC 5] Learned neighbor 1 uses slot 22 (rtCounter=22)
time_ns=58521971086 [HOP 5] Overheard frame from 1 for 3 type=1 ignored after neighbor update
time_ns=58521971086 [HOP 5] RX ACK from 1 seq=12
time_ns=58521971086 [HOP 5] Overheard frame from 1 for 3 type=1 ignored after neighbor update
time_ns=58521971114 [NWK 5] CheckNwkQueue: size=0
time_ns=58591000000 [MAC 5] local advertised reservation expired
time_ns=58656000000 [MAC 5] rtslot_counter expired for neighbor 3 reserveSlot=31
time_ns=58708000000 [MAC 3] PickTxSlot(dest=5) active_nodes_for_slotting=3 opnet_slot_range=31
time_ns=58708000000 [MAC 3] avoiding neighbor 1 currentReservedSlot=7 rtslot_counter=7
time_ns=58708000000 [MAC 3] PickTxSlot(dest=5) avoid: 7
time_ns=58708000000 [MAC 3] PickTxSlot chose 13 using historical next_tslot modulo probe
time_ns=58708000000 [MAC 3] TX opportunity reached currentSlot=31 reserveNextSlot=13
time_ns=58708000000 ... type=1 speedKey=8[t=58.708] TX from node 3 to dest 5 seq 9 size 50 bytes segments 2 at slot 13 rate 8 kbps txPower 33 dBm (7843.14 bps) preamble SHORT duration 0.07446 s
time_ns=58708000000 [t=58.708] RX OCCLUDED at node 2 from node 3 seq 9
time_ns=58708000000 [t=58.708] RX OCCLUDED at node 4 from node 3 seq 9
time_ns=58708000000 [t=58.708] RX OCCLUDED at node 7 from node 3 seq 9
time_ns=58708000000 [t=58.708] RX OCCLUDED at node 8 from node 3 seq 9
time_ns=58708000000 [MAC 3] ACK transmitted in aggregate dest=5 seq=9 txCount=5/5
time_ns=58708000000 [MAC 3] ACK transmitted in aggregate dest=1 seq=11 txCount=4/5
time_ns=58708000000 [MAC 3] Remove ACK after OPNET resend limit dest=5 seq=9
time_ns=58708000000 [MAC 3] OPNET aggregate transmitted segments=2 ackSegments=2 dataSegments=0 bytes=50 rate=8
time_ns=58708000000 [MAC 1] rtslot_counter expired for neighbor 3 reserveSlot=31
time_ns=58708008077 [t=58.708] RX SYNC at node 1 from node 3 seq 9 power -102.376 dBm noise -106.975 dBm snr 4.59934 dB state=1
time_ns=58708019163 [t=58.708] RX SYNC at node 5 from node 3 seq 9 power -117.383 dBm noise -106.975 dBm snr -10.408 dB state=1
time_ns=58714638077 [t=58.7146] MAC 1 enters Track on node 3 seq 9 power -102.376 dBm
time_ns=58714649163 [t=58.7146] MAC 5 enters Track on node 3 seq 9 power -117.383 dBm
time_ns=58782460000 [MAC 3] resumes Pre-Tx with live slot=13 counter=13
time_ns=58782468077 [t=58.7825] RX at node 1 from node 3 seq 9 rate 8 kbps txPower 33 dBm preamble SHORT pathloss 135.376 dB snr 4.59934 dB (slot 13, len 50B, ackable=0)
time_ns=58782468077 [MAC 1] Learned neighbor 3 uses slot 13 (rtCounter=13)
time_ns=58782468077 [HOP 1] Overheard frame from 3 for 5 type=1 ignored after neighbor update
time_ns=58782468077 [HOP 1] RX ACK from 3 seq=11
time_ns=58782468105 [NWK 1] CheckNwkQueue: size=0
time_ns=58782479163 [t=58.7825] RX at node 5 from node 3 seq 9 rate 8 kbps txPower 33 dBm preamble SHORT pathloss 150.383 dB snr -10.408 dB (slot 13, len 50B, ackable=0)
time_ns=58782479163 [MAC 5] Learned neighbor 3 uses slot 13 (rtCounter=13)
time_ns=58782479163 [HOP 5] RX ACK from 3 seq=9
time_ns=58782479163 [HOP 5] Overheard frame from 3 for 1 type=1 ignored after neighbor update
time_ns=58782479191 [NWK 5] CheckNwkQueue: size=0
time_ns=58877000000 [MAC 3] rtslot_counter expired for neighbor 1 reserveSlot=22
time_ns=58877000000 [MAC 5] rtslot_counter expired for neighbor 1 reserveSlot=22
time_ns=58877000000 [MAC 1] PickTxSlot(dest=3) active_nodes_for_slotting=3 opnet_slot_range=31
time_ns=58877000000 [MAC 1] avoiding neighbor 3 currentReservedSlot=5 rtslot_counter=5
time_ns=58877000000 [MAC 1] PickTxSlot(dest=3) avoid: 5
time_ns=58877000000 [MAC 1] PickTxSlot chose 16 using historical next_tslot modulo probe
time_ns=58877000000 [MAC 1] TX opportunity reached currentSlot=22 reserveNextSlot=16
time_ns=58877000000 ... type=1 speedKey=8[t=58.877] TX from node 1 to dest 3 seq 10 size 75 bytes segments 3 at slot 16 rate 8 kbps txPower 33 dBm (7843.14 bps) preamble SHORT duration 0.09996 s
time_ns=58877000000 [t=58.877] RX OCCLUDED at node 2 from node 1 seq 10
time_ns=58877000000 [t=58.877] RX OCCLUDED at node 7 from node 1 seq 10
time_ns=58877000000 [t=58.877] RX OCCLUDED at node 8 from node 1 seq 10
time_ns=58877000000 [MAC 1] ACK transmitted in aggregate dest=3 seq=10 txCount=5/5
time_ns=58877000000 [MAC 1] ACK transmitted in aggregate dest=5 seq=12 txCount=4/5
time_ns=58877000000 [MAC 1] ACK transmitted in aggregate dest=3 seq=11 txCount=3/5
time_ns=58877000000 [MAC 1] Remove ACK after OPNET resend limit dest=3 seq=10
time_ns=58877000000 [MAC 1] OPNET aggregate transmitted segments=3 ackSegments=3 dataSegments=0 bytes=75 rate=8
time_ns=58877008077 [t=58.877] RX SYNC at node 3 from node 1 seq 10 power -102.376 dBm noise -106.975 dBm snr 4.59934 dB state=1
time_ns=58877011086 [t=58.877] RX SYNC at node 5 from node 1 seq 10 power -107.876 dBm noise -106.975 dBm snr -0.900945 dB state=1
time_ns=58877023527 [t=58.877] RX SYNC at node 4 from node 1 seq 10 power -120.948 dBm noise -106.975 dBm snr -13.9725 dB state=1 below-threshold
time_ns=58883638077 [t=58.8836] MAC 3 enters Track on node 1 seq 10 power -102.376 dBm
time_ns=58883641086 [t=58.8836] MAC 5 enters Track on node 1 seq 10 power -107.876 dBm
time_ns=58976960000 [MAC 1] resumes Pre-Tx with live slot=16 counter=16
time_ns=58976968077 [t=58.977] RX at node 3 from node 1 seq 10 rate 8 kbps txPower 33 dBm preamble SHORT pathloss 135.376 dB snr 4.59934 dB (slot 16, len 75B, ackable=0)
time_ns=58976968077 [MAC 3] Learned neighbor 1 uses slot 16 (rtCounter=16)
time_ns=58976968077 [HOP 3] RX ACK from 1 seq=10
time_ns=58976968077 [HOP 3] Overheard frame from 1 for 5 type=1 ignored after neighbor update
time_ns=58976968077 [HOP 3] RX ACK from 1 seq=11
time_ns=58976968105 [NWK 3] CheckNwkQueue: size=0
time_ns=58976971086 [t=58.977] RX at node 5 from node 1 seq 10 rate 8 kbps txPower 33 dBm preamble SHORT pathloss 140.876 dB snr -0.900945 dB (slot 16, len 75B, ackable=0)
time_ns=58976971086 [MAC 5] Learned neighbor 1 uses slot 16 (rtCounter=16)
time_ns=58976971086 [HOP 5] Overheard frame from 1 for 3 type=1 ignored after neighbor update
time_ns=58976971086 [HOP 5] RX ACK from 1 seq=12
time_ns=58976971086 [HOP 5] Overheard frame from 1 for 3 type=1 ignored after neighbor update
time_ns=58976971114 [NWK 5] CheckNwkQueue: size=0
time_ns=59046000000 [MAC 3] PickTxSlot(dest=1) active_nodes_for_slotting=3 opnet_slot_range=31
time_ns=59046000000 [MAC 3] avoiding neighbor 1 currentReservedSlot=10 rtslot_counter=10
time_ns=59046000000 [MAC 3] PickTxSlot(dest=1) avoid: 10
time_ns=59046000000 [MAC 3] PickTxSlot chose 7 using historical next_tslot modulo probe
time_ns=59046000000 [MAC 3] TX opportunity reached currentSlot=13 reserveNextSlot=7
time_ns=59046000000 ... type=1 speedKey=8[t=59.046] TX from node 3 to dest 1 seq 11 size 25 bytes segments 1 at slot 7 rate 8 kbps txPower 33 dBm (7843.14 bps) preamble SHORT duration 0.04896 s
time_ns=59046000000 [t=59.046] RX OCCLUDED at node 2 from node 3 seq 11
time_ns=59046000000 [t=59.046] RX OCCLUDED at node 4 from node 3 seq 11
time_ns=59046000000 [t=59.046] RX OCCLUDED at node 7 from node 3 seq 11
time_ns=59046000000 [t=59.046] RX OCCLUDED at node 8 from node 3 seq 11
time_ns=59046000000 [MAC 3] ACK transmitted in aggregate dest=1 seq=11 txCount=5/5
time_ns=59046000000 [MAC 3] Remove ACK after OPNET resend limit dest=1 seq=11
time_ns=59046000000 [MAC 3] OPNET aggregate transmitted segments=1 ackSegments=1 dataSegments=0 bytes=25 rate=8
time_ns=59046000000 [MAC 5] rtslot_counter expired for neighbor 3 reserveSlot=13
time_ns=59046000000 [MAC 1] rtslot_counter expired for neighbor 3 reserveSlot=13
time_ns=59046008077 [t=59.046] RX SYNC at node 1 from node 3 seq 11 power -102.376 dBm noise -106.975 dBm snr 4.59934 dB state=1
time_ns=59046019163 [t=59.046] RX SYNC at node 5 from node 3 seq 11 power -117.383 dBm noise -106.975 dBm snr -10.408 dB state=1
time_ns=59052638077 [t=59.0526] MAC 1 enters Track on node 3 seq 11 power -102.376 dBm
time_ns=59052649163 [t=59.0526] MAC 5 enters Track on node 3 seq 11 power -117.383 dBm
time_ns=59094960000 [MAC 3] post-TX WAIT_FOR_ACK until 79.095 (POST_TX_WAIT=20 s)
time_ns=59094968077 [t=59.095] RX at node 1 from node 3 seq 11 rate 8 kbps txPower 33 dBm preamble SHORT pathloss 135.376 dB snr 4.59934 dB (slot 7, len 25B, ackable=0)
time_ns=59094968077 [MAC 1] Learned neighbor 3 uses slot 7 (rtCounter=7)
time_ns=59094968077 [HOP 1] RX ACK from 3 seq=11
time_ns=59094968105 [NWK 1] CheckNwkQueue: size=0
time_ns=59094979163 [t=59.095] RX OVERHEARD at node 5 from node 3 seq 11 rate 8 kbps txPower 33 dBm preamble SHORT pathloss 150.383 dB snr -10.408 dB (slot 7, len 25B, ackable=0)
time_ns=59094979163 [MAC 5] Learned neighbor 3 uses slot 7 (rtCounter=7)
time_ns=59094979163 [HOP 5] Overheard frame from 3 for 1 type=1 ignored after neighbor update
time_ns=59189000000 [MAC 3] local advertised reservation expired
time_ns=59189000000 [MAC 5] rtslot_counter expired for neighbor 3 reserveSlot=7
time_ns=59189000000 [MAC 1] rtslot_counter expired for neighbor 3 reserveSlot=7
time_ns=59228000000 [MAC 3] rtslot_counter expired for neighbor 1 reserveSlot=16
time_ns=59228000000 [MAC 5] rtslot_counter expired for neighbor 1 reserveSlot=16
time_ns=59228000000 [MAC 1] PickTxSlot(dest=5) active_nodes_for_slotting=3 opnet_slot_range=31
time_ns=59228000000 [MAC 1] PickTxSlot(dest=5) avoid:
time_ns=59228000000 [MAC 1] PickTxSlot chose 22 using historical next_tslot modulo probe
time_ns=59228000000 [MAC 1] TX opportunity reached currentSlot=16 reserveNextSlot=22
time_ns=59228000000 ... type=1 speedKey=8[t=59.228] TX from node 1 to dest 5 seq 12 size 50 bytes segments 2 at slot 22 rate 8 kbps txPower 33 dBm (7843.14 bps) preamble SHORT duration 0.07446 s
time_ns=59228000000 [t=59.228] RX OCCLUDED at node 2 from node 1 seq 12
time_ns=59228000000 [t=59.228] RX OCCLUDED at node 7 from node 1 seq 12
time_ns=59228000000 [t=59.228] RX OCCLUDED at node 8 from node 1 seq 12
time_ns=59228000000 [MAC 1] ACK transmitted in aggregate dest=5 seq=12 txCount=5/5
time_ns=59228000000 [MAC 1] ACK transmitted in aggregate dest=3 seq=11 txCount=4/5
time_ns=59228000000 [MAC 1] Remove ACK after OPNET resend limit dest=5 seq=12
time_ns=59228000000 [MAC 1] OPNET aggregate transmitted segments=2 ackSegments=2 dataSegments=0 bytes=50 rate=8
time_ns=59228008077 [t=59.228] RX SYNC at node 3 from node 1 seq 12 power -102.376 dBm noise -106.975 dBm snr 4.59934 dB state=1
time_ns=59228011086 [t=59.228] RX SYNC at node 5 from node 1 seq 12 power -107.876 dBm noise -106.975 dBm snr -0.900945 dB state=1
time_ns=59228023527 [t=59.228] RX SYNC at node 4 from node 1 seq 12 power -120.948 dBm noise -106.975 dBm snr -13.9725 dB state=1 below-threshold
time_ns=59234638077 [t=59.2346] MAC 3 enters Track on node 1 seq 12 power -102.376 dBm
time_ns=59234641086 [t=59.2346] MAC 5 enters Track on node 1 seq 12 power -107.876 dBm
time_ns=59302460000 [MAC 1] resumes Pre-Tx with live slot=22 counter=22
time_ns=59302468077 [t=59.3025] RX at node 3 from node 1 seq 12 rate 8 kbps txPower 33 dBm preamble SHORT pathloss 135.376 dB snr 4.59934 dB (slot 22, len 50B, ackable=0)
time_ns=59302468077 [MAC 3] Learned neighbor 1 uses slot 22 (rtCounter=22)
time_ns=59302468077 [HOP 3] Overheard frame from 1 for 5 type=1 ignored after neighbor update
time_ns=59302468077 [HOP 3] RX ACK from 1 seq=11
time_ns=59302468105 [NWK 3] CheckNwkQueue: size=0
time_ns=59302471086 [t=59.3025] RX at node 5 from node 1 seq 12 rate 8 kbps txPower 33 dBm preamble SHORT pathloss 140.876 dB snr -0.900945 dB (slot 22, len 50B, ackable=0)
time_ns=59302471086 [MAC 5] Learned neighbor 1 uses slot 22 (rtCounter=22)
time_ns=59302471086 [HOP 5] RX ACK from 1 seq=12
time_ns=59302471086 [HOP 5] Overheard frame from 1 for 3 type=1 ignored after neighbor update
time_ns=59302471114 [NWK 5] CheckNwkQueue: size=0
time_ns=59592000000 [MAC 3] rtslot_counter expired for neighbor 1 reserveSlot=22
time_ns=59592000000 [MAC 5] rtslot_counter expired for neighbor 1 reserveSlot=22
time_ns=59592000000 [MAC 1] PickTxSlot(dest=3) active_nodes_for_slotting=3 opnet_slot_range=31
time_ns=59592000000 [MAC 1] PickTxSlot(dest=3) avoid:
time_ns=59592000000 [MAC 1] PickTxSlot chose 5 using historical next_tslot modulo probe
time_ns=59592000000 [MAC 1] TX opportunity reached currentSlot=22 reserveNextSlot=5
time_ns=59592000000 ... type=1 speedKey=8[t=59.592] TX from node 1 to dest 3 seq 11 size 25 bytes segments 1 at slot 5 rate 8 kbps txPower 33 dBm (7843.14 bps) preamble SHORT duration 0.04896 s
time_ns=59592000000 [t=59.592] RX OCCLUDED at node 2 from node 1 seq 11
time_ns=59592000000 [t=59.592] RX OCCLUDED at node 7 from node 1 seq 11
time_ns=59592000000 [t=59.592] RX OCCLUDED at node 8 from node 1 seq 11
time_ns=59592000000 [MAC 1] ACK transmitted in aggregate dest=3 seq=11 txCount=5/5
time_ns=59592000000 [MAC 1] Remove ACK after OPNET resend limit dest=3 seq=11
time_ns=59592000000 [MAC 1] OPNET aggregate transmitted segments=1 ackSegments=1 dataSegments=0 bytes=25 rate=8
time_ns=59592008077 [t=59.592] RX SYNC at node 3 from node 1 seq 11 power -102.376 dBm noise -106.975 dBm snr 4.59934 dB state=1
time_ns=59592011086 [t=59.592] RX SYNC at node 5 from node 1 seq 11 power -107.876 dBm noise -106.975 dBm snr -0.900945 dB state=1
time_ns=59592023527 [t=59.592] RX SYNC at node 4 from node 1 seq 11 power -120.948 dBm noise -106.975 dBm snr -13.9725 dB state=1 below-threshold
time_ns=59598638077 [t=59.5986] MAC 3 enters Track on node 1 seq 11 power -102.376 dBm
time_ns=59598641086 [t=59.5986] MAC 5 enters Track on node 1 seq 11 power -107.876 dBm
time_ns=59640960000 [MAC 1] post-TX WAIT_FOR_ACK until 79.641 (POST_TX_WAIT=20 s)
time_ns=59640968077 [t=59.641] RX at node 3 from node 1 seq 11 rate 8 kbps txPower 33 dBm preamble SHORT pathloss 135.376 dB snr 4.59934 dB (slot 5, len 25B, ackable=0)
time_ns=59640968077 [MAC 3] Learned neighbor 1 uses slot 5 (rtCounter=5)
time_ns=59640968077 [HOP 3] RX ACK from 1 seq=11
time_ns=59640968105 [NWK 3] CheckNwkQueue: size=0
time_ns=59640971086 [t=59.641] RX OVERHEARD at node 5 from node 1 seq 11 rate 8 kbps txPower 33 dBm preamble SHORT pathloss 140.876 dB snr -0.900945 dB (slot 5, len 25B, ackable=0)
time_ns=59640971086 [MAC 5] Learned neighbor 1 uses slot 5 (rtCounter=5)
time_ns=59640971086 [HOP 5] Overheard frame from 1 for 3 type=1 ignored after neighbor update
time_ns=59709000000 [MAC 3] rtslot_counter expired for neighbor 1 reserveSlot=5
time_ns=59709000000 [MAC 5] rtslot_counter expired for neighbor 1 reserveSlot=5
time_ns=59709000000 [MAC 1] local advertised reservation expired
time_ns=60725968077 [NWK 1] Discovery Broadcast repeat sequence=2
time_ns=60725968077 [NWK 1] ARL Discover sent without Routes_PAYLOAD
time_ns=60725968077 [NWK 1] HELLO advertising 0 routes
time_ns=60725968077 [NWK 1] HELLO ARL route msg type=1
time_ns=60725968077 [HOP 1] link_control dest=16777215 neighborKnown=0 speed=8 txPower=33 rxPower=-103
time_ns=60725968077 [HOP 1] TX GroupEstablish Discover securityCount=1 securityBytes=7
time_ns=60725968077 [MAC] Enqueue TX pkt dscp=7 insert_pos=0 queue_size_before=0
time_ns=60736000000 [MAC 1] PickTxSlot(dest=16777215) active_nodes_for_slotting=3 opnet_slot_range=31
time_ns=60736000000 [MAC 1] PickTxSlot(dest=16777215) avoid:
time_ns=60736000000 [MAC 1] PickTxSlot chose 9 using historical next_tslot modulo probe
time_ns=60736000000 [MAC 1] starts Pre-Tx with new slot=9 holdoff_over=1
time_ns=60866000000 [MAC 1] PickTxSlot(dest=16777215) active_nodes_for_slotting=3 opnet_slot_range=31
time_ns=60866000000 [MAC 1] PickTxSlot(dest=16777215) avoid:
time_ns=60866000000 [MAC 1] PickTxSlot chose 12 using historical next_tslot modulo probe
time_ns=60866000000 [MAC 1] TX opportunity reached currentSlot=9 reserveNextSlot=12
time_ns=60866000000 ... type=4 speedKey=8[t=60.866] TX from node 1 to dest 16777215 seq 11 size 19 bytes segments 1 at slot 12 rate 8 kbps txPower 33 dBm (7843.14 bps) preamble LONG duration 1.0353 s
time_ns=60866000000 [t=60.866] RX OCCLUDED at node 2 from node 1 seq 11
time_ns=60866000000 [t=60.866] RX OCCLUDED at node 7 from node 1 seq 11
time_ns=60866000000 [t=60.866] RX OCCLUDED at node 8 from node 1 seq 11
time_ns=60866000000 [MAC 1] OPNET aggregate transmitted segments=1 ackSegments=0 dataSegments=1 bytes=19 rate=8
time_ns=60866008077 [t=60.866] RX SYNC at node 3 from node 1 seq 11 power -102.376 dBm noise -106.975 dBm snr 4.59934 dB state=1
time_ns=60866011086 [t=60.866] RX SYNC at node 5 from node 1 seq 11 power -107.876 dBm noise -106.975 dBm snr -0.900945 dB state=1
time_ns=60866023527 [t=60.866] RX SYNC at node 4 from node 1 seq 11 power -120.948 dBm noise -106.975 dBm snr -13.9725 dB state=1 below-threshold
time_ns=60872638077 [t=60.8726] MAC 3 enters Track on node 1 seq 11 power -102.376 dBm
time_ns=60872641086 [t=60.8726] MAC 5 enters Track on node 1 seq 11 power -107.876 dBm
time_ns=61901300000 [MAC 1] post-TX WAIT_FOR_ACK until 81.9013 (POST_TX_WAIT=20 s)
time_ns=61901308077 [t=61.9013] RX at node 3 from node 1 seq 11 rate 8 kbps txPower 33 dBm preamble LONG pathloss 135.376 dB snr 4.59934 dB (slot 12, len 19B, ackable=0)
time_ns=61901308077 [MAC 3] Learned neighbor 1 uses slot 12 (rtCounter=12)
time_ns=61901308077 [HOP 3] RX authenticated GroupEstablish Discover from=1 keyId=1 groupSeq=16
time_ns=61901308077 [MAC 3] active_nodes set to 3 for local slotting and post-TX wait
time_ns=61901308077 [NWK 3] active_nodes=3 pushed to MAC
time_ns=61901308077 [NWK 3] Updated HELLO neighbor=1 hopSrc=1 speedKey=8 activeNodes=3 pathloss=135.376 snr=4.59934
time_ns=61901308077 [NWK 3] link_calc neighbor=1 s0=-103 pathloss=135.376 numFailures=0 speed=8 txPower=33 estDistance=287 speedMargin=0.624344 totalMargin=0.624344 costMode=local-only cost=3587
time_ns=61901308077 [NWK 3] Updated route candidate dst=1 nextHop=1 hops=1 oldCost=3587 newCost=3587 valid=1->1 selectionDeferred=0 selected=1
time_ns=61901308077 [NWK 3] ARL route message from 1 type=Discover advCount=0
time_ns=61901308077 [NWK 3] ProcessDiscover from 1 subtype=Broadcast sequence=2
time_ns=61901308077 [NWK 3] Duplicate/old discovery sequence from 1 received=2 current=2
time_ns=61901308077 [NWK 3] Routes: dst=1->nh=1(hops=1,cost=3587,linkCost=3587,advCost=0,from=1,imm=1,pl=135.376,valid=1,path=[1]) dst=5->nh=1(hops=2,cost=11037,linkCost=3587,advCost=7450,from=1,imm=0,pl=135.376,valid=1,path=[1->5]) dst=5->nh=5(hops=1,cost=7450,linkCost=7450,advCost=0,from=5,imm=1,pl=150.383,valid=1,path=[5]) dst=1->nh=5(hops=2,cost=14900,linkCost=7450,advCost=7450,from=5,imm=0,pl=150.383,valid=1,path=[5->1])
time_ns=61901311086 [t=61.9013] RX at node 5 from node 1 seq 11 rate 8 kbps txPower 33 dBm preamble LONG pathloss 140.876 dB snr -0.900945 dB (slot 12, len 19B, ackable=0)
time_ns=61901311086 [MAC 5] Learned neighbor 1 uses slot 12 (rtCounter=12)
time_ns=61901311086 [HOP 5] RX authenticated GroupEstablish Discover from=1 keyId=1 groupSeq=16
time_ns=61901311086 [MAC 5] active_nodes set to 3 for local slotting and post-TX wait
time_ns=61901311086 [NWK 5] active_nodes=3 pushed to MAC
time_ns=61901311086 [NWK 5] Updated HELLO neighbor=1 hopSrc=1 speedKey=8 activeNodes=3 pathloss=140.876 snr=-0.900945
time_ns=61901311086 [NWK 5] link_calc neighbor=1 s0=-103 pathloss=140.876 numFailures=0 speed=8 txPower=33 estDistance=298 speedMargin=-4.87595 totalMargin=-4.87595 costMode=local-only cost=7450
time_ns=61901311086 [NWK 5] Updated route candidate dst=1 nextHop=1 hops=1 oldCost=7450 newCost=7450 valid=1->1 selectionDeferred=0 selected=1
time_ns=61901311086 [NWK 5] ARL route message from 1 type=Discover advCount=0
time_ns=61901311086 [NWK 5] ProcessDiscover from 1 subtype=Broadcast sequence=2
time_ns=61901311086 [NWK 5] Duplicate/old discovery sequence from 1 received=2 current=2
time_ns=61901311086 [NWK 5] Routes: dst=1->nh=1(hops=1,cost=7450,linkCost=7450,advCost=0,from=1,imm=1,pl=140.876,valid=1,path=[1]) dst=3->nh=1(hops=2,cost=11037,linkCost=7450,advCost=3587,from=1,imm=0,pl=140.876,valid=1,path=[1->3]) dst=3->nh=3(hops=1,cost=7450,linkCost=7450,advCost=0,from=3,imm=1,pl=150.383,valid=1,path=[3]) dst=1->nh=3(hops=2,cost=11037,linkCost=7450,advCost=3587,from=3,imm=0,pl=150.383,valid=1,path=[3->1])
time_ns=62062000000 [MAC 3] rtslot_counter expired for neighbor 1 reserveSlot=12
time_ns=62062000000 [MAC 5] rtslot_counter expired for neighbor 1 reserveSlot=12
time_ns=62062000000 [MAC 1] local advertised reservation expired
time_ns=65725968077 [NWK 1] Discovery Broadcast repeat sequence=2
time_ns=65725968077 [NWK 1] ARL Discover sent without Routes_PAYLOAD
time_ns=65725968077 [NWK 1] HELLO advertising 0 routes
time_ns=65725968077 [NWK 1] HELLO ARL route msg type=1
time_ns=65725968077 [HOP 1] link_control dest=16777215 neighborKnown=0 speed=8 txPower=33 rxPower=-103
time_ns=65725968077 [HOP 1] TX GroupEstablish Discover securityCount=1 securityBytes=7
time_ns=65725968077 [MAC] Enqueue TX pkt dscp=7 insert_pos=0 queue_size_before=0
time_ns=65728000000 [MAC 1] PickTxSlot(dest=16777215) active_nodes_for_slotting=3 opnet_slot_range=31
time_ns=65728000000 [MAC 1] PickTxSlot(dest=16777215) avoid:
time_ns=65728000000 [MAC 1] PickTxSlot chose 10 using historical next_tslot modulo probe
time_ns=65728000000 [MAC 1] starts Pre-Tx with new slot=10 holdoff_over=1
time_ns=65871000000 [MAC 1] PickTxSlot(dest=16777215) active_nodes_for_slotting=3 opnet_slot_range=31
time_ns=65871000000 [MAC 1] PickTxSlot(dest=16777215) avoid:
time_ns=65871000000 [MAC 1] PickTxSlot chose 4 using historical next_tslot modulo probe
time_ns=65871000000 [MAC 1] TX opportunity reached currentSlot=10 reserveNextSlot=4
time_ns=65871000000 ... type=4 speedKey=8[t=65.871] TX from node 1 to dest 16777215 seq 12 size 19 bytes segments 1 at slot 4 rate 8 kbps txPower 33 dBm (7843.14 bps) preamble LONG duration 1.0353 s
time_ns=65871000000 [t=65.871] RX OCCLUDED at node 2 from node 1 seq 12
time_ns=65871000000 [t=65.871] RX OCCLUDED at node 7 from node 1 seq 12
time_ns=65871000000 [t=65.871] RX OCCLUDED at node 8 from node 1 seq 12
time_ns=65871000000 [MAC 1] OPNET aggregate transmitted segments=1 ackSegments=0 dataSegments=1 bytes=19 rate=8
time_ns=65871008077 [t=65.871] RX SYNC at node 3 from node 1 seq 12 power -102.376 dBm noise -106.975 dBm snr 4.59934 dB state=1
time_ns=65871011086 [t=65.871] RX SYNC at node 5 from node 1 seq 12 power -107.876 dBm noise -106.975 dBm snr -0.900945 dB state=1
time_ns=65871023527 [t=65.871] RX SYNC at node 4 from node 1 seq 12 power -120.948 dBm noise -106.975 dBm snr -13.9725 dB state=1 below-threshold
time_ns=65877638077 [t=65.8776] MAC 3 enters Track on node 1 seq 12 power -102.376 dBm
time_ns=65877641086 [t=65.8776] MAC 5 enters Track on node 1 seq 12 power -107.876 dBm
time_ns=66906300000 [MAC 1] post-TX WAIT_FOR_ACK until 86.9063 (POST_TX_WAIT=20 s)
time_ns=66906308077 [t=66.9063] RX at node 3 from node 1 seq 12 rate 8 kbps txPower 33 dBm preamble LONG pathloss 135.376 dB snr 4.59934 dB (slot 4, len 19B, ackable=0)
time_ns=66906308077 [MAC 3] Learned neighbor 1 uses slot 4 (rtCounter=4)
time_ns=66906308077 [HOP 3] RX authenticated GroupEstablish Discover from=1 keyId=1 groupSeq=17
time_ns=66906308077 [MAC 3] active_nodes set to 3 for local slotting and post-TX wait
time_ns=66906308077 [NWK 3] active_nodes=3 pushed to MAC
time_ns=66906308077 [NWK 3] Updated HELLO neighbor=1 hopSrc=1 speedKey=8 activeNodes=3 pathloss=135.376 snr=4.59934
time_ns=66906308077 [NWK 3] link_calc neighbor=1 s0=-103 pathloss=135.376 numFailures=0 speed=8 txPower=33 estDistance=287 speedMargin=0.624344 totalMargin=0.624344 costMode=local-only cost=3587
time_ns=66906308077 [NWK 3] Updated route candidate dst=1 nextHop=1 hops=1 oldCost=3587 newCost=3587 valid=1->1 selectionDeferred=0 selected=1
time_ns=66906308077 [NWK 3] ARL route message from 1 type=Discover advCount=0
time_ns=66906308077 [NWK 3] ProcessDiscover from 1 subtype=Broadcast sequence=2
time_ns=66906308077 [NWK 3] Duplicate/old discovery sequence from 1 received=2 current=2
time_ns=66906308077 [NWK 3] Routes: dst=1->nh=1(hops=1,cost=3587,linkCost=3587,advCost=0,from=1,imm=1,pl=135.376,valid=1,path=[1]) dst=5->nh=1(hops=2,cost=11037,linkCost=3587,advCost=7450,from=1,imm=0,pl=135.376,valid=1,path=[1->5]) dst=5->nh=5(hops=1,cost=7450,linkCost=7450,advCost=0,from=5,imm=1,pl=150.383,valid=1,path=[5]) dst=1->nh=5(hops=2,cost=14900,linkCost=7450,advCost=7450,from=5,imm=0,pl=150.383,valid=1,path=[5->1])
time_ns=66906311086 [t=66.9063] RX at node 5 from node 1 seq 12 rate 8 kbps txPower 33 dBm preamble LONG pathloss 140.876 dB snr -0.900945 dB (slot 4, len 19B, ackable=0)
time_ns=66906311086 [MAC 5] Learned neighbor 1 uses slot 4 (rtCounter=4)
time_ns=66906311086 [HOP 5] RX authenticated GroupEstablish Discover from=1 keyId=1 groupSeq=17
time_ns=66906311086 [MAC 5] active_nodes set to 3 for local slotting and post-TX wait
time_ns=66906311086 [NWK 5] active_nodes=3 pushed to MAC
time_ns=66906311086 [NWK 5] Updated HELLO neighbor=1 hopSrc=1 speedKey=8 activeNodes=3 pathloss=140.876 snr=-0.900945
time_ns=66906311086 [NWK 5] link_calc neighbor=1 s0=-103 pathloss=140.876 numFailures=0 speed=8 txPower=33 estDistance=298 speedMargin=-4.87595 totalMargin=-4.87595 costMode=local-only cost=7450
time_ns=66906311086 [NWK 5] Updated route candidate dst=1 nextHop=1 hops=1 oldCost=7450 newCost=7450 valid=1->1 selectionDeferred=0 selected=1
time_ns=66906311086 [NWK 5] ARL route message from 1 type=Discover advCount=0
time_ns=66906311086 [NWK 5] ProcessDiscover from 1 subtype=Broadcast sequence=2
time_ns=66906311086 [NWK 5] Duplicate/old discovery sequence from 1 received=2 current=2
time_ns=66906311086 [NWK 5] Routes: dst=1->nh=1(hops=1,cost=7450,linkCost=7450,advCost=0,from=1,imm=1,pl=140.876,valid=1,path=[1]) dst=3->nh=1(hops=2,cost=11037,linkCost=7450,advCost=3587,from=1,imm=0,pl=140.876,valid=1,path=[1->3]) dst=3->nh=3(hops=1,cost=7450,linkCost=7450,advCost=0,from=3,imm=1,pl=150.383,valid=1,path=[3]) dst=1->nh=3(hops=2,cost=11037,linkCost=7450,advCost=3587,from=3,imm=0,pl=150.383,valid=1,path=[3->1])
time_ns=66963000000 [MAC 3] rtslot_counter expired for neighbor 1 reserveSlot=4
time_ns=66963000000 [MAC 5] rtslot_counter expired for neighbor 1 reserveSlot=4
time_ns=66963000000 [MAC 1] local advertised reservation expired
time_ns=70725968077 [NWK 1] DiscoveryStop sequence=2
time_ns=70725968077 [NWK 1] Post-discovery routing refresh activeNeighbors=2
time_ns=70725968077 [NWK 1] recompute hop-cost neighbor=3 failures=0 costMode=local-only newLinkCost=3587
time_ns=70725968077 [NWK 1] Recomputed route after link change dst=3 nextHop=3 oldCost=3587 newCost=3587 linkCost=3587 advertisedCost=0 numFailures=0
time_ns=70725968077 [NWK 1] Recomputed route after link change dst=5 nextHop=3 oldCost=11037 newCost=11037 linkCost=3587 advertisedCost=7450 numFailures=0
time_ns=70725968077 [NWK 1] recompute hop-cost neighbor=5 failures=0 costMode=local-only newLinkCost=7450
time_ns=70725968077 [NWK 1] Recomputed route after link change dst=5 nextHop=5 oldCost=7450 newCost=7450 linkCost=7450 advertisedCost=0 numFailures=0
time_ns=70725968077 [NWK 1] Recomputed route after link change dst=3 nextHop=5 oldCost=14900 newCost=14900 linkCost=7450 advertisedCost=7450 numFailures=0
time_ns=70725968077 [NWK 1] Post-discovery requesting fresh routes neighbor=3
time_ns=70725968077 [NWK 1] Sending reliable RoutingRequest neighbor=3 routingSequence=10 attempt=1 retry=0
time_ns=70725968077 [HOP 1] link_control dest=3 neighborKnown=1 s0=-103 pathloss=135.376 failures=0 speed=8 txPower=33 rxPower=-103 cost=3587
time_ns=70725968077 [HOP 1] TX reliable RoutingControl targets=3:12
time_ns=70725968077 [MAC] Enqueue TX pkt dscp=7 insert_pos=0 queue_size_before=0
time_ns=70725968077 [NWK 1] Post-discovery requesting fresh routes neighbor=5
time_ns=70725968077 [NWK 1] Sending reliable RoutingRequest neighbor=5 routingSequence=11 attempt=1 retry=0
time_ns=70725968077 [HOP 1] link_control dest=5 neighborKnown=1 s0=-103 pathloss=140.876 failures=0 speed=8 txPower=33 rxPower=-103 cost=7450
time_ns=70725968077 [HOP 1] TX reliable RoutingControl targets=5:10
time_ns=70725968077 [MAC] Enqueue TX pkt dscp=7 insert_pos=1 queue_size_before=1
time_ns=70725968077 [NWK 1] TX legacy SNMP command=2 finalDestination=3 hopDestination=3 nodes=2
time_ns=70725968077 [HOP 1] TX legacy SNMP hopDestination=3 ackable=0 dscp=0
time_ns=70725968077 [MAC] Enqueue TX pkt dscp=0 insert_pos=2 queue_size_before=2
time_ns=70725968077 [NWK 1] Legacy discovery lifecycle complete initiator=3 knownNodes=2 completionReports=1
time_ns=70733000000 [MAC 1] PickTxSlot(dest=3) active_nodes_for_slotting=3 opnet_slot_range=31
time_ns=70733000000 [MAC 1] PickTxSlot(dest=3) avoid:
time_ns=70733000000 [MAC 1] PickTxSlot chose 9 using historical next_tslot modulo probe
time_ns=70733000000 [MAC 1] starts Pre-Tx with new slot=9 holdoff_over=1
time_ns=70863000000 [MAC 1] PickTxSlot(dest=3) active_nodes_for_slotting=3 opnet_slot_range=31
time_ns=70863000000 [MAC 1] PickTxSlot(dest=3) avoid:
time_ns=70863000000 [MAC 1] PickTxSlot chose 25 using historical next_tslot modulo probe
time_ns=70863000000 [MAC 1] TX opportunity reached currentSlot=9 reserveNextSlot=25
time_ns=70863000000 ... type=6 speedKey=8[t=70.863] TX from node 1 to dest 3 seq 12 size 63 bytes segments 3 at slot 25 rate 8 kbps txPower 33 dBm (7843.14 bps) preamble SHORT duration 0.08772 s
time_ns=70863000000 [t=70.863] RX OCCLUDED at node 2 from node 1 seq 12
time_ns=70863000000 [t=70.863] RX OCCLUDED at node 7 from node 1 seq 12
time_ns=70863000000 [t=70.863] RX OCCLUDED at node 8 from node 1 seq 12
time_ns=70863000000 [HOP 1] MAC sent confirmation dest=3 seq=12 transmission=1 sentAt=70.863
time_ns=70863000000 [HOP 1] MAC sent confirmation dest=5 seq=10 transmission=1 sentAt=70.863
time_ns=70863000000 [MAC 1] OPNET aggregate transmitted segments=3 ackSegments=0 dataSegments=3 bytes=63 rate=8
time_ns=70863008077 [t=70.863] RX SYNC at node 3 from node 1 seq 12 power -102.376 dBm noise -106.975 dBm snr 4.59934 dB state=1
time_ns=70863011086 [t=70.863] RX SYNC at node 5 from node 1 seq 12 power -107.876 dBm noise -106.975 dBm snr -0.900945 dB state=1
time_ns=70863023527 [t=70.863] RX SYNC at node 4 from node 1 seq 12 power -120.948 dBm noise -106.975 dBm snr -13.9725 dB state=0 below-threshold
time_ns=70869638077 [t=70.8696] MAC 3 enters Track on node 1 seq 12 power -102.376 dBm
time_ns=70869641086 [t=70.8696] MAC 5 enters Track on node 1 seq 12 power -107.876 dBm
time_ns=70950720000 [MAC 1] post-TX WAIT_FOR_ACK until 90.9507 (POST_TX_WAIT=20 s)
time_ns=70950728077 [t=70.9507] RX at node 3 from node 1 seq 12 rate 8 kbps txPower 33 dBm preamble SHORT pathloss 135.376 dB snr 4.59934 dB (slot 25, len 63B, ackable=1)
time_ns=70950728077 [MAC 3] Learned neighbor 1 uses slot 25 (rtCounter=25)
time_ns=70950728077 [HOP 3] RX reliable RoutingControl from 1 seq=12 firstReception=1
time_ns=70950728077 [MAC 3] active_nodes set to 3 for local slotting and post-TX wait
time_ns=70950728077 [NWK 3] active_nodes=3 pushed to MAC
time_ns=70950728077 [NWK 3] Updated HELLO neighbor=1 hopSrc=1 speedKey=8 activeNodes=3 pathloss=135.376 snr=4.59934
time_ns=70950728077 [NWK 3] link_calc neighbor=1 s0=-103 pathloss=135.376 numFailures=0 speed=8 txPower=33 estDistance=287 speedMargin=0.624344 totalMargin=0.624344 costMode=local-only cost=3587
time_ns=70950728077 [NWK 3] Updated route candidate dst=1 nextHop=1 hops=1 oldCost=3587 newCost=3587 valid=1->1 selectionDeferred=0 selected=1
time_ns=70950728077 [NWK 3] ARL route message from 1 type=RoutingUpdate advCount=0
time_ns=70950728077 [NWK 3] Received RoutingRequest from=1 routingSequence=10; scheduling reliable INFO/UPDATE/FLUSH snapshot
time_ns=70950728077 [NWK 3] Routes: dst=1->nh=1(hops=1,cost=3587,linkCost=3587,advCost=0,from=1,imm=1,pl=135.376,valid=1,path=[1]) dst=5->nh=1(hops=2,cost=11037,linkCost=3587,advCost=7450,from=1,imm=0,pl=135.376,valid=1,path=[1->5]) dst=5->nh=5(hops=1,cost=7450,linkCost=7450,advCost=0,from=5,imm=1,pl=150.383,valid=1,path=[5]) dst=1->nh=5(hops=2,cost=14900,linkCost=7450,advCost=7450,from=5,imm=0,pl=150.383,valid=1,path=[5->1])
time_ns=70950728077 [HOP 3] link_control dest=1 neighborKnown=1 s0=-103 pathloss=135.376 failures=0 speed=8 txPower=33 rxPower=-103 cost=3587
time_ns=70950728077 [HOP 3] ACK RoutingControl to 1 seq=12
time_ns=70950728077 [MAC 3] Enqueue ACK dest=1 seq=12 window=0 ack_queue_size=1
time_ns=70950728077 [HOP 3] RX legacy SNMP from 1 command=2
time_ns=70950728077 [NWK 3] RX SNMP_DISCOVERY_DONE source=1 hopSource=1 advertisedNodes=2
time_ns=70950728077 [MAC 3] PickTxSlot(dest=1) active_nodes_for_slotting=3 opnet_slot_range=31
time_ns=70950728077 [MAC 3] avoiding neighbor 1 currentReservedSlot=25 rtslot_counter=25
time_ns=70950728077 [MAC 3] PickTxSlot(dest=1) avoid: 25
time_ns=70950728077 [MAC 3] PickTxSlot chose 10 using historical next_tslot modulo probe
time_ns=70950728077 [MAC 3] starts Pre-Tx with new slot=10 holdoff_over=1
time_ns=70950728077 [NWK 3] Built ARL routing byte stream routingSequence=9 records=5 advertisedRoutes=3 recordBytes=57 sections=1 maxSectionBytes=700
time_ns=70950728077 [NWK 3] Starting reliable ARL RoutingSnapshot neighbor=1 routingSequence=9 sections=1
time_ns=70950728077 [NWK 3] Sending ARL RoutingSnapshot section=0/1 neighbor=1 routingSequence=9
time_ns=70950728077 [HOP 3] link_control dest=1 neighborKnown=1 s0=-103 pathloss=135.376 failures=0 speed=8 txPower=33 rxPower=-103 cost=3587
time_ns=70950728077 [HOP 3] TX reliable RoutingControl targets=1:12
time_ns=70950728077 [MAC] Enqueue TX pkt dscp=7 insert_pos=0 queue_size_before=0
time_ns=70950728077 [NWK 3] Armed RoutingSnapshot watchdog neighbor=1 phase=awaiting-independent-section-acks generation=5 timeoutSec=20
time_ns=70950731086 [t=70.9507] RX at node 5 from node 1 seq 12 rate 8 kbps txPower 33 dBm preamble SHORT pathloss 140.876 dB snr -0.900945 dB (slot 25, len 63B, ackable=1)
time_ns=70950731086 [MAC 5] Learned neighbor 1 uses slot 25 (rtCounter=25)
time_ns=70950731086 [HOP 5] RX reliable RoutingControl from 1 seq=10 firstReception=1
time_ns=70950731086 [MAC 5] active_nodes set to 3 for local slotting and post-TX wait
time_ns=70950731086 [NWK 5] active_nodes=3 pushed to MAC
time_ns=70950731086 [NWK 5] Updated HELLO neighbor=1 hopSrc=1 speedKey=8 activeNodes=3 pathloss=140.876 snr=-0.900945
time_ns=70950731086 [NWK 5] link_calc neighbor=1 s0=-103 pathloss=140.876 numFailures=0 speed=8 txPower=33 estDistance=298 speedMargin=-4.87595 totalMargin=-4.87595 costMode=local-only cost=7450
time_ns=70950731086 [NWK 5] Updated route candidate dst=1 nextHop=1 hops=1 oldCost=7450 newCost=7450 valid=1->1 selectionDeferred=0 selected=1
time_ns=70950731086 [NWK 5] ARL route message from 1 type=RoutingUpdate advCount=0
time_ns=70950731086 [NWK 5] Received RoutingRequest from=1 routingSequence=11; scheduling reliable INFO/UPDATE/FLUSH snapshot
time_ns=70950731086 [NWK 5] Routes: dst=1->nh=1(hops=1,cost=7450,linkCost=7450,advCost=0,from=1,imm=1,pl=140.876,valid=1,path=[1]) dst=3->nh=1(hops=2,cost=11037,linkCost=7450,advCost=3587,from=1,imm=0,pl=140.876,valid=1,path=[1->3]) dst=3->nh=3(hops=1,cost=7450,linkCost=7450,advCost=0,from=3,imm=1,pl=150.383,valid=1,path=[3]) dst=1->nh=3(hops=2,cost=11037,linkCost=7450,advCost=3587,from=3,imm=0,pl=150.383,valid=1,path=[3->1])
time_ns=70950731086 [HOP 5] link_control dest=1 neighborKnown=1 s0=-103 pathloss=140.876 failures=0 speed=8 txPower=33 rxPower=-103 cost=7450
time_ns=70950731086 [HOP 5] ACK RoutingControl to 1 seq=10
time_ns=70950731086 [MAC 5] Enqueue ACK dest=1 seq=10 window=0 ack_queue_size=1
time_ns=70950731086 [HOP 5] Overheard legacy SNMP from 1 for hop 3 ignored without neighbor update
time_ns=70950731086 [MAC 5] PickTxSlot(dest=1) active_nodes_for_slotting=3 opnet_slot_range=31
time_ns=70950731086 [MAC 5] avoiding neighbor 1 currentReservedSlot=25 rtslot_counter=25
time_ns=70950731086 [MAC 5] PickTxSlot(dest=1) avoid: 25
time_ns=70950731086 [MAC 5] PickTxSlot chose 13 using historical next_tslot modulo probe
time_ns=70950731086 [MAC 5] starts Pre-Tx with new slot=13 holdoff_over=1
time_ns=70950731086 [NWK 5] Built ARL routing byte stream routingSequence=9 records=5 advertisedRoutes=3 recordBytes=57 sections=1 maxSectionBytes=700
time_ns=70950731086 [NWK 5] Starting reliable ARL RoutingSnapshot neighbor=1 routingSequence=9 sections=1
time_ns=70950731086 [NWK 5] Sending ARL RoutingSnapshot section=0/1 neighbor=1 routingSequence=9
time_ns=70950731086 [HOP 5] link_control dest=1 neighborKnown=1 s0=-103 pathloss=140.876 failures=0 speed=8 txPower=33 rxPower=-103 cost=7450
time_ns=70950731086 [HOP 5] TX reliable RoutingControl targets=1:13
time_ns=70950731086 [MAC] Enqueue TX pkt dscp=7 insert_pos=0 queue_size_before=0
time_ns=70950731086 [NWK 5] Armed RoutingSnapshot watchdog neighbor=1 phase=awaiting-independent-section-acks generation=5 timeoutSec=20
time_ns=70950743527 [t=70.9507] RX MISS at node 4 from node 1 seq 12
time_ns=71084000000 [MAC 3] PickTxSlot(dest=1) active_nodes_for_slotting=3 opnet_slot_range=31
time_ns=71084000000 [MAC 3] avoiding neighbor 1 currentReservedSlot=14 rtslot_counter=14
time_ns=71084000000 [MAC 3] PickTxSlot(dest=1) avoid: 14
time_ns=71084000000 [MAC 3] PickTxSlot chose 7 using historical next_tslot modulo probe
time_ns=71084000000 [MAC 3] TX opportunity reached currentSlot=10 reserveNextSlot=7
time_ns=71084000000 ... type=1 speedKey=8[t=71.084] TX from node 3 to dest 1 seq 12 size 104 bytes segments 2 at slot 7 rate 8 kbps txPower 33 dBm (7843.14 bps) preamble SHORT duration 0.12954 s
time_ns=71084000000 [t=71.084] RX OCCLUDED at node 2 from node 3 seq 12
time_ns=71084000000 [t=71.084] RX OCCLUDED at node 4 from node 3 seq 12
time_ns=71084000000 [t=71.084] RX OCCLUDED at node 7 from node 3 seq 12
time_ns=71084000000 [t=71.084] RX OCCLUDED at node 8 from node 3 seq 12
time_ns=71084000000 [HOP 3] MAC sent confirmation dest=1 seq=12 transmission=1 sentAt=71.084
time_ns=71084000000 [MAC 3] ACK transmitted in aggregate dest=1 seq=12 txCount=1/5
time_ns=71084000000 [MAC 3] OPNET aggregate transmitted segments=2 ackSegments=1 dataSegments=1 bytes=104 rate=8
time_ns=71084008077 [t=71.084] RX SYNC at node 1 from node 3 seq 12 power -102.376 dBm noise -106.975 dBm snr 4.59934 dB state=1
time_ns=71084019163 [t=71.084] RX SYNC at node 5 from node 3 seq 12 power -117.383 dBm noise -106.975 dBm snr -10.408 dB state=1
time_ns=71090638077 [t=71.0906] MAC 1 enters Track on node 3 seq 12 power -102.376 dBm
time_ns=71090649163 [t=71.0906] MAC 5 enters Track on node 3 seq 12 power -117.383 dBm
time_ns=71213540000 [MAC 3] resumes Pre-Tx with live slot=7 counter=7
time_ns=71213548077 [t=71.2135] RX at node 1 from node 3 seq 12 rate 8 kbps txPower 33 dBm preamble SHORT pathloss 135.376 dB snr 4.59934 dB (slot 7, len 104B, ackable=1)
time_ns=71213548077 [MAC 1] Learned neighbor 3 uses slot 7 (rtCounter=7)
time_ns=71213548077 [HOP 1] RX ACK from 3 seq=12
time_ns=71213548077 [HOP 1] Reliable RoutingControl completed with 3 seq=12 routingSequence=10 section=0/1
time_ns=71213548077 [NWK 1] Reliable RoutingControl ACKed neighbor=3 routingSequence=10 operation=Request section=0/1 lastOfInfo=1
time_ns=71213548077 [HOP 1] RX reliable RoutingControl from 3 seq=12 firstReception=1
time_ns=71213548077 [MAC 1] active_nodes set to 3 for local slotting and post-TX wait
time_ns=71213548077 [NWK 1] active_nodes=3 pushed to MAC
time_ns=71213548077 [NWK 1] Updated HELLO neighbor=3 hopSrc=3 speedKey=8 activeNodes=3 pathloss=135.376 snr=4.59934
time_ns=71213548077 [NWK 1] link_calc neighbor=3 s0=-103 pathloss=135.376 numFailures=0 speed=8 txPower=33 estDistance=287 speedMargin=0.624344 totalMargin=0.624344 costMode=local-only cost=3587
time_ns=71213548077 [NWK 1] Updated route candidate dst=3 nextHop=3 hops=1 oldCost=3587 newCost=3587 valid=1->1 selectionDeferred=0 selected=1
time_ns=71213548077 [NWK 1] ARL route message from 3 type=RoutingUpdate advCount=0
time_ns=71213548077 [NWK 1] Buffered ARL routing section from=3 routingSequence=9 section=0/1 buffered=1
time_ns=71213548077 [NWK 1] Reassembled complete ARL routing message from=3 routingSequence=9 sections=1 recordBytes=57 records=5
time_ns=71213548077 [NWK 1] Applied ARL INFO from=3 routingSequence=9
time_ns=71213548077 [NWK 1] Applied source-owned neighbor capability neighbor=3 capability=1 routingSequence=9 directCost=3587
time_ns=71213548077 [NWK 1] Ignoring unsupported ARL UPDATE node node24=1 from=3
time_ns=71213548077 [NWK 1] Updated route candidate dst=5 nextHop=3 hops=2 oldCost=11037 newCost=11037 valid=1->1 selectionDeferred=0 selected=0
time_ns=71213548077 [NWK 1] Applied ARL UPDATE from=3 dst=5 advertisedHops=1 advertisedCost=7450 routingSequence=9
time_ns=71213548077 [NWK 1] Applied ARL FLUSH from=3 routingSequence=9 routesInvalidated=0
time_ns=71213548077 [NWK 1] Routes: dst=3->nh=3(hops=1,cost=3587,linkCost=3587,advCost=0,from=3,imm=1,pl=135.376,valid=1,path=[3]) dst=5->nh=5(hops=1,cost=7450,linkCost=7450,advCost=0,from=5,imm=1,pl=140.876,valid=1,path=[5]) dst=3->nh=5(hops=2,cost=14900,linkCost=7450,advCost=7450,from=5,imm=0,pl=140.876,valid=1,path=[5->3]) dst=5->nh=3(hops=2,cost=11037,linkCost=3587,advCost=7450,from=3,imm=0,pl=135.376,valid=1,path=[3->5])
time_ns=71213548077 [HOP 1] link_control dest=3 neighborKnown=1 s0=-103 pathloss=135.376 failures=0 speed=8 txPower=33 rxPower=-103 cost=3587
time_ns=71213548077 [HOP 1] ACK RoutingControl to 3 seq=12
time_ns=71213548077 [MAC 1] Enqueue ACK dest=3 seq=12 window=0 ack_queue_size=1
time_ns=71213548077 [MAC 1] resumes Pre-Tx with live slot=25 counter=14
time_ns=71213548105 [NWK 1] CheckNwkQueue: size=0
time_ns=71213559163 [t=71.2136] RX OVERHEARD at node 5 from node 3 seq 12 rate 8 kbps txPower 33 dBm preamble SHORT pathloss 150.383 dB snr -10.408 dB (slot 7, len 104B, ackable=1)
time_ns=71213559163 [MAC 5] Learned neighbor 3 uses slot 7 (rtCounter=7)
time_ns=71213559163 [HOP 5] Overheard frame from 3 for 1 type=1 ignored after neighbor update
time_ns=71240000000 [MAC 5] PickTxSlot(dest=1) active_nodes_for_slotting=3 opnet_slot_range=31
time_ns=71240000000 [MAC 5] avoiding neighbor 1 currentReservedSlot=11 rtslot_counter=11
time_ns=71240000000 [MAC 5] avoiding neighbor 3 currentReservedSlot=4 rtslot_counter=4
time_ns=71240000000 [MAC 5] PickTxSlot(dest=1) avoid: 4 11
time_ns=71240000000 [MAC 5] PickTxSlot chose 2 using historical next_tslot modulo probe
time_ns=71240000000 [MAC 5] TX opportunity reached currentSlot=13 reserveNextSlot=2
time_ns=71240000000 ... type=1 speedKey=8[t=71.24] TX from node 5 to dest 1 seq 10 size 104 bytes segments 2 at slot 2 rate 8 kbps txPower 33 dBm (7843.14 bps) preamble SHORT duration 0.12954 s
time_ns=71240000000 [t=71.24] RX OCCLUDED at node 2 from node 5 seq 10
time_ns=71240000000 [t=71.24] RX OCCLUDED at node 7 from node 5 seq 10
time_ns=71240000000 [t=71.24] RX OCCLUDED at node 8 from node 5 seq 10
time_ns=71240000000 [HOP 5] MAC sent confirmation dest=1 seq=13 transmission=1 sentAt=71.24
time_ns=71240000000 [MAC 5] ACK transmitted in aggregate dest=1 seq=10 txCount=1/5
time_ns=71240000000 [MAC 5] OPNET aggregate transmitted segments=2 ackSegments=1 dataSegments=1 bytes=104 rate=8
time_ns=71240011086 [t=71.24] RX SYNC at node 1 from node 5 seq 10 power -107.876 dBm noise -106.975 dBm snr -0.900945 dB state=1
time_ns=71240012444 [t=71.24] RX SYNC at node 4 from node 5 seq 10 power -109.884 dBm noise -106.975 dBm snr -2.90891 dB state=0
time_ns=71240019163 [t=71.24] RX SYNC at node 3 from node 5 seq 10 power -117.383 dBm noise -106.975 dBm snr -10.408 dB state=1
time_ns=71246641086 [t=71.2466] MAC 1 enters Track on node 5 seq 10 power -107.876 dBm
time_ns=71246649163 [t=71.2466] MAC 3 enters Track on node 5 seq 10 power -117.383 dBm
time_ns=71369540000 [MAC 5] resumes Pre-Tx with live slot=2 counter=2
time_ns=71369551086 [t=71.3696] RX at node 1 from node 5 seq 10 rate 8 kbps txPower 33 dBm preamble SHORT pathloss 140.876 dB snr -0.900945 dB (slot 2, len 104B, ackable=1)
time_ns=71369551086 [MAC 1] Learned neighbor 5 uses slot 2 (rtCounter=2)
time_ns=71369551086 [HOP 1] RX ACK from 5 seq=10
time_ns=71369551086 [HOP 1] Reliable RoutingControl completed with 5 seq=10 routingSequence=11 section=0/1
time_ns=71369551086 [NWK 1] Reliable RoutingControl ACKed neighbor=5 routingSequence=11 operation=Request section=0/1 lastOfInfo=1
time_ns=71369551086 [HOP 1] RX reliable RoutingControl from 5 seq=13 firstReception=1
time_ns=71369551086 [MAC 1] active_nodes set to 3 for local slotting and post-TX wait
time_ns=71369551086 [NWK 1] active_nodes=3 pushed to MAC
time_ns=71369551086 [NWK 1] Updated HELLO neighbor=5 hopSrc=5 speedKey=8 activeNodes=3 pathloss=140.876 snr=-0.900945
time_ns=71369551086 [NWK 1] link_calc neighbor=5 s0=-103 pathloss=140.876 numFailures=0 speed=8 txPower=33 estDistance=298 speedMargin=-4.87595 totalMargin=-4.87595 costMode=local-only cost=7450
time_ns=71369551086 [NWK 1] Updated route candidate dst=5 nextHop=5 hops=1 oldCost=7450 newCost=7450 valid=1->1 selectionDeferred=0 selected=1
time_ns=71369551086 [NWK 1] ARL route message from 5 type=RoutingUpdate advCount=0
time_ns=71369551086 [NWK 1] Buffered ARL routing section from=5 routingSequence=9 section=0/1 buffered=1
time_ns=71369551086 [NWK 1] Reassembled complete ARL routing message from=5 routingSequence=9 sections=1 recordBytes=57 records=5
time_ns=71369551086 [NWK 1] Applied ARL INFO from=5 routingSequence=9
time_ns=71369551086 [NWK 1] Applied source-owned neighbor capability neighbor=5 capability=1 routingSequence=9 directCost=7450
time_ns=71369551086 [NWK 1] Ignoring unsupported ARL UPDATE node node24=1 from=5
time_ns=71369551086 [NWK 1] Updated route candidate dst=3 nextHop=5 hops=2 oldCost=14900 newCost=14900 valid=1->1 selectionDeferred=0 selected=0
time_ns=71369551086 [NWK 1] Applied ARL UPDATE from=5 dst=3 advertisedHops=1 advertisedCost=7450 routingSequence=9
time_ns=71369551086 [NWK 1] Applied ARL FLUSH from=5 routingSequence=9 routesInvalidated=0
time_ns=71369551086 [NWK 1] Routes: dst=3->nh=3(hops=1,cost=3587,linkCost=3587,advCost=0,from=3,imm=1,pl=135.376,valid=1,path=[3]) dst=5->nh=5(hops=1,cost=7450,linkCost=7450,advCost=0,from=5,imm=1,pl=140.876,valid=1,path=[5]) dst=3->nh=5(hops=2,cost=14900,linkCost=7450,advCost=7450,from=5,imm=0,pl=140.876,valid=1,path=[5->3]) dst=5->nh=3(hops=2,cost=11037,linkCost=3587,advCost=7450,from=3,imm=0,pl=135.376,valid=1,path=[3->5])
time_ns=71369551086 [HOP 1] link_control dest=5 neighborKnown=1 s0=-103 pathloss=140.876 failures=0 speed=8 txPower=33 rxPower=-103 cost=7450
time_ns=71369551086 [HOP 1] ACK RoutingControl to 5 seq=13
time_ns=71369551086 [MAC 1] Enqueue ACK dest=5 seq=13 window=0 ack_queue_size=2
time_ns=71369551114 [NWK 1] CheckNwkQueue: size=0
time_ns=71369552444 [t=71.3696] RX MISS at node 4 from node 5 seq 10
time_ns=71369559163 [t=71.3696] RX OVERHEARD at node 3 from node 5 seq 10 rate 8 kbps txPower 33 dBm preamble SHORT pathloss 150.383 dB snr -10.408 dB (slot 2, len 104B, ackable=1)
time_ns=71369559163 [MAC 3] Learned neighbor 5 uses slot 2 (rtCounter=2)
time_ns=71369559163 [HOP 3] Overheard frame from 5 for 1 type=1 ignored after neighbor update
time_ns=71396000000 [MAC 3] rtslot_counter expired for neighbor 5 reserveSlot=2
time_ns=71396000000 [MAC 5] PickTxSlot(dest=1) active_nodes_for_slotting=3 opnet_slot_range=31
time_ns=71396000000 [MAC 5] avoiding neighbor 1 currentReservedSlot=8 rtslot_counter=8
time_ns=71396000000 [MAC 5] avoiding neighbor 3 currentReservedSlot=1 rtslot_counter=1
time_ns=71396000000 [MAC 5] PickTxSlot(dest=1) avoid: 1 8
time_ns=71396000000 [MAC 5] PickTxSlot chose 21 using historical next_tslot modulo probe
time_ns=71396000000 [MAC 5] TX opportunity reached currentSlot=2 reserveNextSlot=21
time_ns=71396000000 ... type=1 speedKey=8[t=71.396] TX from node 5 to dest 1 seq 10 size 25 bytes segments 1 at slot 21 rate 8 kbps txPower 33 dBm (7843.14 bps) preamble SHORT duration 0.04896 s
time_ns=71396000000 [t=71.396] RX OCCLUDED at node 2 from node 5 seq 10
time_ns=71396000000 [t=71.396] RX OCCLUDED at node 7 from node 5 seq 10
time_ns=71396000000 [t=71.396] RX OCCLUDED at node 8 from node 5 seq 10
time_ns=71396000000 [MAC 5] ACK transmitted in aggregate dest=1 seq=10 txCount=2/5
time_ns=71396000000 [MAC 5] OPNET aggregate transmitted segments=1 ackSegments=1 dataSegments=0 bytes=25 rate=8
time_ns=71396000000 [MAC 1] rtslot_counter expired for neighbor 5 reserveSlot=2
time_ns=71396011086 [t=71.396] RX SYNC at node 1 from node 5 seq 10 power -107.876 dBm noise -106.975 dBm snr -0.900945 dB state=1
time_ns=71396012444 [t=71.396] RX SYNC at node 4 from node 5 seq 10 power -109.884 dBm noise -106.975 dBm snr -2.90891 dB state=0
time_ns=71396019163 [t=71.396] RX SYNC at node 3 from node 5 seq 10 power -117.383 dBm noise -106.975 dBm snr -10.408 dB state=1
time_ns=71402641086 [t=71.4026] MAC 1 enters Track on node 5 seq 10 power -107.876 dBm
time_ns=71402649163 [t=71.4026] MAC 3 enters Track on node 5 seq 10 power -117.383 dBm
time_ns=71444960000 [MAC 5] resumes Pre-Tx with live slot=21 counter=21
time_ns=71444971086 [t=71.445] RX at node 1 from node 5 seq 10 rate 8 kbps txPower 33 dBm preamble SHORT pathloss 140.876 dB snr -0.900945 dB (slot 21, len 25B, ackable=0)
time_ns=71444971086 [MAC 1] Learned neighbor 5 uses slot 21 (rtCounter=21)
time_ns=71444971086 [HOP 1] RX ACK from 5 seq=10
time_ns=71444971114 [NWK 1] CheckNwkQueue: size=0
time_ns=71444972444 [t=71.445] RX MISS at node 4 from node 5 seq 10
time_ns=71444979163 [t=71.445] RX OVERHEARD at node 3 from node 5 seq 10 rate 8 kbps txPower 33 dBm preamble SHORT pathloss 150.383 dB snr -10.408 dB (slot 21, len 25B, ackable=0)
time_ns=71444979163 [MAC 3] Learned neighbor 5 uses slot 21 (rtCounter=21)
time_ns=71444979163 [HOP 3] Overheard frame from 5 for 1 type=1 ignored after neighbor update
time_ns=71461000000 [MAC 3] PickTxSlot(dest=1) active_nodes_for_slotting=3 opnet_slot_range=31
time_ns=71461000000 [MAC 3] avoiding neighbor 1 currentReservedSlot=6 rtslot_counter=6
time_ns=71461000000 [MAC 3] avoiding neighbor 5 currentReservedSlot=19 rtslot_counter=19
time_ns=71461000000 [MAC 3] PickTxSlot(dest=1) avoid: 6 19
time_ns=71461000000 [MAC 3] PickTxSlot chose 31 using historical next_tslot modulo probe
time_ns=71461000000 [MAC 3] TX opportunity reached currentSlot=7 reserveNextSlot=31
time_ns=71461000000 ... type=1 speedKey=8[t=71.461] TX from node 3 to dest 1 seq 12 size 25 bytes segments 1 at slot 31 rate 8 kbps txPower 33 dBm (7843.14 bps) preamble SHORT duration 0.04896 s
time_ns=71461000000 [t=71.461] RX OCCLUDED at node 2 from node 3 seq 12
time_ns=71461000000 [t=71.461] RX OCCLUDED at node 4 from node 3 seq 12
time_ns=71461000000 [t=71.461] RX OCCLUDED at node 7 from node 3 seq 12
time_ns=71461000000 [t=71.461] RX OCCLUDED at node 8 from node 3 seq 12
time_ns=71461000000 [MAC 3] ACK transmitted in aggregate dest=1 seq=12 txCount=2/5
time_ns=71461000000 [MAC 3] OPNET aggregate transmitted segments=1 ackSegments=1 dataSegments=0 bytes=25 rate=8
time_ns=71461000000 [MAC 5] rtslot_counter expired for neighbor 3 reserveSlot=7
time_ns=71461000000 [MAC 1] rtslot_counter expired for neighbor 3 reserveSlot=7
time_ns=71461008077 [t=71.461] RX SYNC at node 1 from node 3 seq 12 power -102.376 dBm noise -106.975 dBm snr 4.59934 dB state=1
time_ns=71461019163 [t=71.461] RX SYNC at node 5 from node 3 seq 12 power -117.383 dBm noise -106.975 dBm snr -10.408 dB state=1
time_ns=71467638077 [t=71.4676] MAC 1 enters Track on node 3 seq 12 power -102.376 dBm
time_ns=71467649163 [t=71.4676] MAC 5 enters Track on node 3 seq 12 power -117.383 dBm
time_ns=71498312444 [NWK 4] Sending source-faithful KeyRequest neighbor=5 noAck=1 retryDelayMs=40000
time_ns=71498312444 [HOP 4] link_control dest=5 neighborKnown=1 s0=-103 pathloss=142.884 failures=0 speed=8 txPower=33 rxPower=-103 cost=7450
time_ns=71498312444 [HOP 4] TX non-ACKed KeyRequest neighbor=5 hopSeq=7 keyId=1 keySeq=8 securityCount=1
time_ns=71498312444 [MAC] Enqueue TX pkt dscp=7 insert_pos=0 queue_size_before=0
time_ns=71498312444 [MAC 4] Idle queue schedules RTS TSLOT at 71.5
time_ns=71500000000 [MAC 4] PickTxSlot(dest=5) active_nodes_for_slotting=2 opnet_slot_range=31
time_ns=71500000000 [MAC 4] PickTxSlot(dest=5) avoid:
time_ns=71500000000 [MAC 4] PickTxSlot chose 29 using historical next_tslot modulo probe
time_ns=71500000000 [MAC 4] starts Pre-Tx with new slot=29 holdoff_over=0
time_ns=71509960000 [MAC 3] resumes Pre-Tx with live slot=31 counter=31
time_ns=71509968077 [t=71.51] RX at node 1 from node 3 seq 12 rate 8 kbps txPower 33 dBm preamble SHORT pathloss 135.376 dB snr 4.59934 dB (slot 31, len 25B, ackable=0)
time_ns=71509968077 [MAC 1] Learned neighbor 3 uses slot 31 (rtCounter=31)
time_ns=71509968077 [HOP 1] RX ACK from 3 seq=12
time_ns=71509968105 [NWK 1] CheckNwkQueue: size=0
time_ns=71509979163 [t=71.51] RX OVERHEARD at node 5 from node 3 seq 12 rate 8 kbps txPower 33 dBm preamble SHORT pathloss 150.383 dB snr -10.408 dB (slot 31, len 25B, ackable=0)
time_ns=71509979163 [MAC 5] Learned neighbor 3 uses slot 31 (rtCounter=31)
time_ns=71509979163 [HOP 5] Overheard frame from 3 for 1 type=1 ignored after neighbor update
time_ns=71591000000 [MAC 3] rtslot_counter expired for neighbor 1 reserveSlot=25
time_ns=71591000000 [MAC 5] rtslot_counter expired for neighbor 1 reserveSlot=25
time_ns=71591000000 [MAC 1] PickTxSlot(dest=3) active_nodes_for_slotting=3 opnet_slot_range=31
time_ns=71591000000 [MAC 1] avoiding neighbor 3 currentReservedSlot=24 rtslot_counter=24
time_ns=71591000000 [MAC 1] avoiding neighbor 5 currentReservedSlot=12 rtslot_counter=12
time_ns=71591000000 [MAC 1] PickTxSlot(dest=3) avoid: 12 24
time_ns=71591000000 [MAC 1] PickTxSlot chose 16 using historical next_tslot modulo probe
time_ns=71591000000 [MAC 1] TX opportunity reached currentSlot=25 reserveNextSlot=16
time_ns=71591000000 ... type=1 speedKey=8[t=71.591] TX from node 1 to dest 3 seq 12 size 50 bytes segments 2 at slot 16 rate 8 kbps txPower 33 dBm (7843.14 bps) preamble SHORT duration 0.07446 s
time_ns=71591000000 [t=71.591] RX OCCLUDED at node 2 from node 1 seq 12
time_ns=71591000000 [t=71.591] RX OCCLUDED at node 7 from node 1 seq 12
time_ns=71591000000 [t=71.591] RX OCCLUDED at node 8 from node 1 seq 12
time_ns=71591000000 [MAC 1] ACK transmitted in aggregate dest=3 seq=12 txCount=1/5
time_ns=71591000000 [MAC 1] ACK transmitted in aggregate dest=5 seq=13 txCount=1/5
time_ns=71591000000 [MAC 1] OPNET aggregate transmitted segments=2 ackSegments=2 dataSegments=0 bytes=50 rate=8
time_ns=71591008077 [t=71.591] RX SYNC at node 3 from node 1 seq 12 power -102.376 dBm noise -106.975 dBm snr 4.59934 dB state=1
time_ns=71591011086 [t=71.591] RX SYNC at node 5 from node 1 seq 12 power -107.876 dBm noise -106.975 dBm snr -0.900945 dB state=1
time_ns=71591023527 [t=71.591] RX SYNC at node 4 from node 1 seq 12 power -120.948 dBm noise -106.975 dBm snr -13.9725 dB state=1 below-threshold
time_ns=71597638077 [t=71.5976] MAC 3 enters Track on node 1 seq 12 power -102.376 dBm
time_ns=71597641086 [t=71.5976] MAC 5 enters Track on node 1 seq 12 power -107.876 dBm
time_ns=71665460000 [MAC 1] resumes Pre-Tx with live slot=16 counter=16
time_ns=71665468077 [t=71.6655] RX at node 3 from node 1 seq 12 rate 8 kbps txPower 33 dBm preamble SHORT pathloss 135.376 dB snr 4.59934 dB (slot 16, len 50B, ackable=0)
time_ns=71665468077 [MAC 3] Learned neighbor 1 uses slot 16 (rtCounter=16)
time_ns=71665468077 [HOP 3] RX ACK from 1 seq=12
time_ns=71665468077 [HOP 3] Reliable RoutingControl completed with 1 seq=12 routingSequence=9 section=0/1
time_ns=71665468077 [NWK 3] Reliable RoutingControl ACKed neighbor=1 routingSequence=9 operation=Update section=0/1 lastOfInfo=1
time_ns=71665468077 [NWK 3] ARL RoutingSnapshot section ACKed neighbor=1 routingSequence=9 section=0/1 ackedSections=1
time_ns=71665468077 [NWK 3] Reliable ARL RoutingSnapshot completed neighbor=1 routingSequence=9 sections=1
time_ns=71665468077 [HOP 3] Overheard frame from 1 for 5 type=1 ignored after neighbor update
time_ns=71665468105 [NWK 3] CheckNwkQueue: size=0
time_ns=71665471086 [t=71.6655] RX at node 5 from node 1 seq 12 rate 8 kbps txPower 33 dBm preamble SHORT pathloss 140.876 dB snr -0.900945 dB (slot 16, len 50B, ackable=0)
time_ns=71665471086 [MAC 5] Learned neighbor 1 uses slot 16 (rtCounter=16)
time_ns=71665471086 [HOP 5] Overheard frame from 1 for 3 type=1 ignored after neighbor update
time_ns=71665471086 [HOP 5] RX ACK from 1 seq=13
time_ns=71665471086 [HOP 5] Reliable RoutingControl completed with 1 seq=13 routingSequence=9 section=0/1
time_ns=71665471086 [NWK 5] Reliable RoutingControl ACKed neighbor=1 routingSequence=9 operation=Update section=0/1 lastOfInfo=1
time_ns=71665471086 [NWK 5] ARL RoutingSnapshot section ACKed neighbor=1 routingSequence=9 section=0/1 ackedSections=1
time_ns=71665471086 [NWK 5] Reliable ARL RoutingSnapshot completed neighbor=1 routingSequence=9 sections=1
time_ns=71665471114 [NWK 5] CheckNwkQueue: size=0
time_ns=71800000000 [MAC 4] OPNET 300-ms transmit holdoff complete
time_ns=71825000000 [MAC 3] rtslot_counter expired for neighbor 5 reserveSlot=21
time_ns=71825000000 [MAC 5] PickTxSlot(dest=1) active_nodes_for_slotting=3 opnet_slot_range=31
time_ns=71825000000 [MAC 5] avoiding neighbor 1 currentReservedSlot=3 rtslot_counter=3
time_ns=71825000000 [MAC 5] avoiding neighbor 3 currentReservedSlot=11 rtslot_counter=11
time_ns=71825000000 [MAC 5] PickTxSlot(dest=1) avoid: 3 11
time_ns=71825000000 [MAC 5] PickTxSlot chose 5 using historical next_tslot modulo probe
time_ns=71825000000 [MAC 5] TX opportunity reached currentSlot=21 reserveNextSlot=5
time_ns=71825000000 ... type=1 speedKey=8[t=71.825] TX from node 5 to dest 1 seq 10 size 25 bytes segments 1 at slot 5 rate 8 kbps txPower 33 dBm (7843.14 bps) preamble SHORT duration 0.04896 s
time_ns=71825000000 [t=71.825] RX OCCLUDED at node 2 from node 5 seq 10
time_ns=71825000000 [t=71.825] RX OCCLUDED at node 7 from node 5 seq 10
time_ns=71825000000 [t=71.825] RX OCCLUDED at node 8 from node 5 seq 10
time_ns=71825000000 [MAC 5] ACK transmitted in aggregate dest=1 seq=10 txCount=3/5
time_ns=71825000000 [MAC 5] OPNET aggregate transmitted segments=1 ackSegments=1 dataSegments=0 bytes=25 rate=8
time_ns=71825000000 [MAC 1] rtslot_counter expired for neighbor 5 reserveSlot=21
time_ns=71825011086 [t=71.825] RX SYNC at node 1 from node 5 seq 10 power -107.876 dBm noise -106.975 dBm snr -0.900945 dB state=1
time_ns=71825012444 [t=71.825] RX SYNC at node 4 from node 5 seq 10 power -109.884 dBm noise -106.975 dBm snr -2.90891 dB state=1
time_ns=71825019163 [t=71.825] RX SYNC at node 3 from node 5 seq 10 power -117.383 dBm noise -106.975 dBm snr -10.408 dB state=1
time_ns=71831641086 [t=71.8316] MAC 1 enters Track on node 5 seq 10 power -107.876 dBm
time_ns=71831642444 [t=71.8316] MAC 4 enters Track on node 5 seq 10 power -109.884 dBm
time_ns=71831649163 [t=71.8316] MAC 3 enters Track on node 5 seq 10 power -117.383 dBm
time_ns=71873960000 [MAC 5] resumes Pre-Tx with live slot=5 counter=5
time_ns=71873971086 [t=71.874] RX at node 1 from node 5 seq 10 rate 8 kbps txPower 33 dBm preamble SHORT pathloss 140.876 dB snr -0.900945 dB (slot 5, len 25B, ackable=0)
time_ns=71873971086 [MAC 1] Learned neighbor 5 uses slot 5 (rtCounter=5)
time_ns=71873971086 [HOP 1] RX ACK from 5 seq=10
time_ns=71873971114 [NWK 1] CheckNwkQueue: size=0
time_ns=71873972444 [t=71.874] RX OVERHEARD at node 4 from node 5 seq 10 rate 8 kbps txPower 33 dBm preamble SHORT pathloss 142.884 dB snr -2.90891 dB (slot 5, len 25B, ackable=0)
time_ns=71873972444 [MAC 4] Learned neighbor 5 uses slot 5 (rtCounter=5)
time_ns=71873972444 [HOP 4] Overheard frame from 5 for 1 type=1 ignored after neighbor update
time_ns=71873979163 [t=71.874] RX OVERHEARD at node 3 from node 5 seq 10 rate 8 kbps txPower 33 dBm preamble SHORT pathloss 150.383 dB snr -10.408 dB (slot 5, len 25B, ackable=0)
time_ns=71873979163 [MAC 3] Learned neighbor 5 uses slot 5 (rtCounter=5)
time_ns=71873979163 [HOP 3] Overheard frame from 5 for 1 type=1 ignored after neighbor update
time_ns=71916000000 [MAC 3] rtslot_counter expired for neighbor 1 reserveSlot=16
time_ns=71916000000 [MAC 5] rtslot_counter expired for neighbor 1 reserveSlot=16
time_ns=71916000000 [MAC 1] PickTxSlot(dest=3) active_nodes_for_slotting=3 opnet_slot_range=31
time_ns=71916000000 [MAC 1] avoiding neighbor 3 currentReservedSlot=7 rtslot_counter=7
time_ns=71916000000 [MAC 1] avoiding neighbor 5 currentReservedSlot=1 rtslot_counter=1
time_ns=71916000000 [MAC 1] PickTxSlot(dest=3) avoid: 1 7
time_ns=71916000000 [MAC 1] PickTxSlot chose 24 using historical next_tslot modulo probe
time_ns=71916000000 [MAC 1] TX opportunity reached currentSlot=16 reserveNextSlot=24
time_ns=71916000000 ... type=1 speedKey=8[t=71.916] TX from node 1 to dest 3 seq 12 size 50 bytes segments 2 at slot 24 rate 8 kbps txPower 33 dBm (7843.14 bps) preamble SHORT duration 0.07446 s
time_ns=71916000000 [t=71.916] RX OCCLUDED at node 2 from node 1 seq 12
time_ns=71916000000 [t=71.916] RX OCCLUDED at node 7 from node 1 seq 12
time_ns=71916000000 [t=71.916] RX OCCLUDED at node 8 from node 1 seq 12
time_ns=71916000000 [MAC 1] ACK transmitted in aggregate dest=3 seq=12 txCount=2/5
time_ns=71916000000 [MAC 1] ACK transmitted in aggregate dest=5 seq=13 txCount=2/5
time_ns=71916000000 [MAC 1] OPNET aggregate transmitted segments=2 ackSegments=2 dataSegments=0 bytes=50 rate=8
time_ns=71916008077 [t=71.916] RX SYNC at node 3 from node 1 seq 12 power -102.376 dBm noise -106.975 dBm snr 4.59934 dB state=1
time_ns=71916011086 [t=71.916] RX SYNC at node 5 from node 1 seq 12 power -107.876 dBm noise -106.975 dBm snr -0.900945 dB state=1
time_ns=71916023527 [t=71.916] RX SYNC at node 4 from node 1 seq 12 power -120.948 dBm noise -106.975 dBm snr -13.9725 dB state=1 below-threshold
time_ns=71922638077 [t=71.9226] MAC 3 enters Track on node 1 seq 12 power -102.376 dBm
time_ns=71922641086 [t=71.9226] MAC 5 enters Track on node 1 seq 12 power -107.876 dBm
time_ns=71942000000 [MAC 4] rtslot_counter expired for neighbor 5 reserveSlot=5
time_ns=71990460000 [MAC 1] resumes Pre-Tx with live slot=24 counter=24
time_ns=71990468077 [t=71.9905] RX at node 3 from node 1 seq 12 rate 8 kbps txPower 33 dBm preamble SHORT pathloss 135.376 dB snr 4.59934 dB (slot 24, len 50B, ackable=0)
time_ns=71990468077 [MAC 3] Learned neighbor 1 uses slot 24 (rtCounter=24)
time_ns=71990468077 [HOP 3] RX ACK from 1 seq=12
time_ns=71990468077 [HOP 3] Overheard frame from 1 for 5 type=1 ignored after neighbor update
time_ns=71990468105 [NWK 3] CheckNwkQueue: size=0
time_ns=71990471086 [t=71.9905] RX at node 5 from node 1 seq 12 rate 8 kbps txPower 33 dBm preamble SHORT pathloss 140.876 dB snr -0.900945 dB (slot 24, len 50B, ackable=0)
time_ns=71990471086 [MAC 5] Learned neighbor 1 uses slot 24 (rtCounter=24)
time_ns=71990471086 [HOP 5] Overheard frame from 1 for 3 type=1 ignored after neighbor update
time_ns=71990471086 [HOP 5] RX ACK from 1 seq=13
time_ns=71990471114 [NWK 5] CheckNwkQueue: size=0
time_ns=72007000000 [MAC 3] rtslot_counter expired for neighbor 5 reserveSlot=5
time_ns=72007000000 [MAC 5] PickTxSlot(dest=1) active_nodes_for_slotting=3 opnet_slot_range=31
time_ns=72007000000 [MAC 5] avoiding neighbor 1 currentReservedSlot=22 rtslot_counter=22
time_ns=72007000000 [MAC 5] avoiding neighbor 3 currentReservedSlot=5 rtslot_counter=5
time_ns=72007000000 [MAC 5] PickTxSlot(dest=1) avoid: 5 22
time_ns=72007000000 [MAC 5] PickTxSlot chose 23 using historical next_tslot modulo probe
time_ns=72007000000 [MAC 5] TX opportunity reached currentSlot=5 reserveNextSlot=23
time_ns=72007000000 ... type=1 speedKey=8[t=72.007] TX from node 5 to dest 1 seq 10 size 25 bytes segments 1 at slot 23 rate 8 kbps txPower 33 dBm (7843.14 bps) preamble SHORT duration 0.04896 s
time_ns=72007000000 [t=72.007] RX OCCLUDED at node 2 from node 5 seq 10
time_ns=72007000000 [t=72.007] RX OCCLUDED at node 7 from node 5 seq 10
time_ns=72007000000 [t=72.007] RX OCCLUDED at node 8 from node 5 seq 10
time_ns=72007000000 [MAC 5] ACK transmitted in aggregate dest=1 seq=10 txCount=4/5
time_ns=72007000000 [MAC 5] OPNET aggregate transmitted segments=1 ackSegments=1 dataSegments=0 bytes=25 rate=8
time_ns=72007000000 [MAC 1] rtslot_counter expired for neighbor 5 reserveSlot=5
time_ns=72007011086 [t=72.007] RX SYNC at node 1 from node 5 seq 10 power -107.876 dBm noise -106.975 dBm snr -0.900945 dB state=1
time_ns=72007012444 [t=72.007] RX SYNC at node 4 from node 5 seq 10 power -109.884 dBm noise -106.975 dBm snr -2.90891 dB state=1
time_ns=72007019163 [t=72.007] RX SYNC at node 3 from node 5 seq 10 power -117.383 dBm noise -106.975 dBm snr -10.408 dB state=1
time_ns=72013641086 [t=72.0136] MAC 1 enters Track on node 5 seq 10 power -107.876 dBm
time_ns=72013642444 [t=72.0136] MAC 4 enters Track on node 5 seq 10 power -109.884 dBm
time_ns=72013649163 [t=72.0136] MAC 3 enters Track on node 5 seq 10 power -117.383 dBm
time_ns=72055960000 [MAC 5] resumes Pre-Tx with live slot=23 counter=23
time_ns=72055971086 [t=72.056] RX at node 1 from node 5 seq 10 rate 8 kbps txPower 33 dBm preamble SHORT pathloss 140.876 dB snr -0.900945 dB (slot 23, len 25B, ackable=0)
time_ns=72055971086 [MAC 1] Learned neighbor 5 uses slot 23 (rtCounter=23)
time_ns=72055971086 [HOP 1] RX ACK from 5 seq=10
time_ns=72055971114 [NWK 1] CheckNwkQueue: size=0
time_ns=72055972444 [t=72.056] RX OVERHEARD at node 4 from node 5 seq 10 rate 8 kbps txPower 33 dBm preamble SHORT pathloss 142.884 dB snr -2.90891 dB (slot 23, len 25B, ackable=0)
time_ns=72055972444 [MAC 4] Learned neighbor 5 uses slot 23 (rtCounter=23)
time_ns=72055972444 [HOP 4] Overheard frame from 5 for 1 type=1 ignored after neighbor update
time_ns=72055979163 [t=72.056] RX OVERHEARD at node 3 from node 5 seq 10 rate 8 kbps txPower 33 dBm preamble SHORT pathloss 150.383 dB snr -10.408 dB (slot 23, len 25B, ackable=0)
time_ns=72055979163 [MAC 3] Learned neighbor 5 uses slot 23 (rtCounter=23)
time_ns=72055979163 [HOP 3] Overheard frame from 5 for 1 type=1 ignored after neighbor update
time_ns=72124000000 [MAC 3] PickTxSlot(dest=1) active_nodes_for_slotting=3 opnet_slot_range=31
time_ns=72124000000 [MAC 3] avoiding neighbor 1 currentReservedSlot=16 rtslot_counter=16
time_ns=72124000000 [MAC 3] avoiding neighbor 5 currentReservedSlot=17 rtslot_counter=17
time_ns=72124000000 [MAC 3] PickTxSlot(dest=1) avoid: 16 17
time_ns=72124000000 [MAC 3] PickTxSlot chose 29 using historical next_tslot modulo probe
time_ns=72124000000 [MAC 3] TX opportunity reached currentSlot=31 reserveNextSlot=29
time_ns=72124000000 ... type=1 speedKey=8[t=72.124] TX from node 3 to dest 1 seq 12 size 25 bytes segments 1 at slot 29 rate 8 kbps txPower 33 dBm (7843.14 bps) preamble SHORT duration 0.04896 s
time_ns=72124000000 [t=72.124] RX OCCLUDED at node 2 from node 3 seq 12
time_ns=72124000000 [t=72.124] RX OCCLUDED at node 4 from node 3 seq 12
time_ns=72124000000 [t=72.124] RX OCCLUDED at node 7 from node 3 seq 12
time_ns=72124000000 [t=72.124] RX OCCLUDED at node 8 from node 3 seq 12
time_ns=72124000000 [MAC 3] ACK transmitted in aggregate dest=1 seq=12 txCount=3/5
time_ns=72124000000 [MAC 3] OPNET aggregate transmitted segments=1 ackSegments=1 dataSegments=0 bytes=25 rate=8
time_ns=72124000000 [MAC 5] rtslot_counter expired for neighbor 3 reserveSlot=31
time_ns=72124000000 [MAC 1] rtslot_counter expired for neighbor 3 reserveSlot=31
time_ns=72124008077 [t=72.124] RX SYNC at node 1 from node 3 seq 12 power -102.376 dBm noise -106.975 dBm snr 4.59934 dB state=1
time_ns=72124019163 [t=72.124] RX SYNC at node 5 from node 3 seq 12 power -117.383 dBm noise -106.975 dBm snr -10.408 dB state=1
time_ns=72130638077 [t=72.1306] MAC 1 enters Track on node 3 seq 12 power -102.376 dBm
time_ns=72130649163 [t=72.1306] MAC 5 enters Track on node 3 seq 12 power -117.383 dBm
time_ns=72172960000 [MAC 3] resumes Pre-Tx with live slot=29 counter=29
time_ns=72172968077 [t=72.173] RX at node 1 from node 3 seq 12 rate 8 kbps txPower 33 dBm preamble SHORT pathloss 135.376 dB snr 4.59934 dB (slot 29, len 25B, ackable=0)
time_ns=72172968077 [MAC 1] Learned neighbor 3 uses slot 29 (rtCounter=29)
time_ns=72172968077 [HOP 1] RX ACK from 3 seq=12
time_ns=72172968105 [NWK 1] CheckNwkQueue: size=0
time_ns=72172979163 [t=72.173] RX OVERHEARD at node 5 from node 3 seq 12 rate 8 kbps txPower 33 dBm preamble SHORT pathloss 150.383 dB snr -10.408 dB (slot 29, len 25B, ackable=0)
time_ns=72172979163 [MAC 5] Learned neighbor 3 uses slot 29 (rtCounter=29)
time_ns=72172979163 [HOP 5] Overheard frame from 3 for 1 type=1 ignored after neighbor update
time_ns=72267000000 [MAC 4] PickTxSlot(dest=5) active_nodes_for_slotting=2 opnet_slot_range=31
time_ns=72267000000 [MAC 4] avoiding neighbor 5 currentReservedSlot=6 rtslot_counter=6
time_ns=72267000000 [MAC 4] PickTxSlot(dest=5) avoid: 6
time_ns=72267000000 [MAC 4] PickTxSlot chose 11 using historical next_tslot modulo probe
time_ns=72267000000 [MAC 4] TX opportunity reached currentSlot=29 reserveNextSlot=11
time_ns=72267000000 ... type=8 speedKey=8[t=72.267] TX from node 4 to dest 5 seq 7 size 18 bytes segments 1 at slot 11 rate 8 kbps txPower 33 dBm (7843.14 bps) preamble SHORT duration 0.04182 s
time_ns=72267000000 [t=72.267] RX OCCLUDED at node 3 from node 4 seq 7
time_ns=72267000000 [t=72.267] RX OCCLUDED at node 7 from node 4 seq 7
time_ns=72267000000 [t=72.267] RX OCCLUDED at node 8 from node 4 seq 7
time_ns=72267000000 [MAC 4] OPNET aggregate transmitted segments=1 ackSegments=0 dataSegments=1 bytes=18 rate=8
time_ns=72267012444 [t=72.267] RX SYNC at node 5 from node 4 seq 7 power -109.884 dBm noise -106.975 dBm snr -2.90891 dB state=1
time_ns=72267013632 [t=72.267] RX SYNC at node 2 from node 4 seq 7 power -111.468 dBm noise -106.975 dBm snr -4.4927 dB state=0
time_ns=72267023527 [t=72.267] RX SYNC at node 1 from node 4 seq 7 power -120.948 dBm noise -106.975 dBm snr -13.9725 dB state=1 below-threshold
time_ns=72273642444 [t=72.2736] MAC 5 enters Track on node 4 seq 7 power -109.884 dBm
time_ns=72308820000 [MAC 4] post-TX WAIT_FOR_ACK until 90.8088 (POST_TX_WAIT=18.5 s)
time_ns=72308832444 [t=72.3088] RX at node 5 from node 4 seq 7 rate 8 kbps txPower 33 dBm preamble SHORT pathloss 142.884 dB snr -2.90891 dB (slot 11, len 18B, ackable=0)
time_ns=72308832444 [MAC 5] Ignore first-contact reservation from unknown neighbor 4 slot=11
time_ns=72308832444 [HOP 5] New neighbor 4 heard at t=72.3088s
time_ns=72308832444 [HOP 5] RX authenticated KeyRequest from=4 keyId=1 keySeq=8 securityCount=1
time_ns=72308832444 [NWK 5] KeyRequest accepted neighbor=4
time_ns=72308832444 [HOP 5] link_control dest=4 neighborKnown=1 s0=-103 pathloss=142.884 failures=0 speed=8 txPower=33 rxPower=-103 cost=7450
time_ns=72308832444 [HOP 5] TX reliable KeyUpdate neighbor=4 hopSeq=1 keyId=1 keySeq=2 groupKeyId=1 securityBytes=51
time_ns=72308832444 [MAC] Enqueue TX pkt dscp=7 insert_pos=0 queue_size_before=0
time_ns=72308832444 [NWK 5] KeyUpdate send active neighbor=4 reliable=1 securityBytes=51
time_ns=72308833632 [t=72.3088] RX MISS at node 2 from node 4 seq 7
time_ns=72384000000 [MAC 3] rtslot_counter expired for neighbor 1 reserveSlot=24
time_ns=72384000000 [MAC 1] PickTxSlot(dest=3) active_nodes_for_slotting=3 opnet_slot_range=31
time_ns=72384000000 [MAC 1] avoiding neighbor 3 currentReservedSlot=12 rtslot_counter=12
time_ns=72384000000 [MAC 1] avoiding neighbor 5 currentReservedSlot=0 rtslot_counter=0
time_ns=72384000000 [MAC 1] PickTxSlot(dest=3) avoid: 12
time_ns=72384000000 [MAC 1] PickTxSlot chose 16 using historical next_tslot modulo probe
time_ns=72384000000 [MAC 1] TX opportunity reached currentSlot=24 reserveNextSlot=16
time_ns=72384000000 ... type=1 speedKey=8[t=72.384] TX from node 1 to dest 3 seq 12 size 50 bytes segments 2 at slot 16 rate 8 kbps txPower 33 dBm (7843.14 bps) preamble SHORT duration 0.07446 s
time_ns=72384000000 [t=72.384] RX OCCLUDED at node 2 from node 1 seq 12
time_ns=72384000000 [t=72.384] RX OCCLUDED at node 7 from node 1 seq 12
time_ns=72384000000 [t=72.384] RX OCCLUDED at node 8 from node 1 seq 12
time_ns=72384000000 [MAC 1] ACK transmitted in aggregate dest=3 seq=12 txCount=3/5
time_ns=72384000000 [MAC 1] ACK transmitted in aggregate dest=5 seq=13 txCount=3/5
time_ns=72384000000 [MAC 1] OPNET aggregate transmitted segments=2 ackSegments=2 dataSegments=0 bytes=50 rate=8
time_ns=72384008077 [t=72.384] RX SYNC at node 3 from node 1 seq 12 power -102.376 dBm noise -106.975 dBm snr 4.59934 dB state=1
time_ns=72384011086 [t=72.384] RX SYNC at node 5 from node 1 seq 12 power -107.876 dBm noise -106.975 dBm snr -0.900945 dB state=1
time_ns=72384023527 [t=72.384] RX SYNC at node 4 from node 1 seq 12 power -120.948 dBm noise -106.975 dBm snr -13.9725 dB state=1 below-threshold
time_ns=72390638077 [t=72.3906] MAC 3 enters Track on node 1 seq 12 power -102.376 dBm
time_ns=72390641086 [t=72.3906] MAC 5 enters Track on node 1 seq 12 power -107.876 dBm
time_ns=72397000000 [MAC 4] rtslot_counter expired for neighbor 5 reserveSlot=23
time_ns=72458460000 [MAC 1] resumes Pre-Tx with live slot=16 counter=16
time_ns=72458468077 [t=72.4585] RX at node 3 from node 1 seq 12 rate 8 kbps txPower 33 dBm preamble SHORT pathloss 135.376 dB snr 4.59934 dB (slot 16, len 50B, ackable=0)
time_ns=72458468077 [MAC 3] Learned neighbor 1 uses slot 16 (rtCounter=16)
time_ns=72458468077 [HOP 3] RX ACK from 1 seq=12
time_ns=72458468077 [HOP 3] Overheard frame from 1 for 5 type=1 ignored after neighbor update
time_ns=72458468105 [NWK 3] CheckNwkQueue: size=0
time_ns=72458471086 [t=72.4585] RX at node 5 from node 1 seq 12 rate 8 kbps txPower 33 dBm preamble SHORT pathloss 140.876 dB snr -0.900945 dB (slot 16, len 50B, ackable=0)
time_ns=72458471086 [MAC 5] Learned neighbor 1 uses slot 16 (rtCounter=16)
time_ns=72458471086 [HOP 5] Overheard frame from 1 for 3 type=1 ignored after neighbor update
time_ns=72458471086 [HOP 5] RX ACK from 1 seq=13
time_ns=72458471114 [NWK 5] CheckNwkQueue: size=0
time_ns=72462000000 [MAC 3] rtslot_counter expired for neighbor 5 reserveSlot=23
time_ns=72462000000 [MAC 1] rtslot_counter expired for neighbor 5 reserveSlot=23
time_ns=72462000000 [MAC 4] local advertised reservation expired
time_ns=72501000000 [MAC 5] PickTxSlot(dest=1) active_nodes_for_slotting=3 opnet_slot_range=31
time_ns=72501000000 [MAC 5] avoiding neighbor 1 currentReservedSlot=12 rtslot_counter=12
time_ns=72501000000 [MAC 5] avoiding neighbor 3 currentReservedSlot=11 rtslot_counter=11
time_ns=72501000000 [MAC 5] PickTxSlot(dest=1) avoid: 11 12
time_ns=72501000000 [MAC 5] PickTxSlot chose 5 using historical next_tslot modulo probe
time_ns=72501000000 [MAC 5] TX opportunity reached currentSlot=23 reserveNextSlot=5
time_ns=72501000000 ... type=1 speedKey=8[t=72.501] TX from node 5 to dest 1 seq 10 size 87 bytes segments 2 at slot 5 rate 8 kbps txPower 33 dBm (7843.14 bps) preamble SHORT duration 0.1122 s
time_ns=72501000000 [t=72.501] RX OCCLUDED at node 2 from node 5 seq 10
time_ns=72501000000 [t=72.501] RX OCCLUDED at node 7 from node 5 seq 10
time_ns=72501000000 [t=72.501] RX OCCLUDED at node 8 from node 5 seq 10
time_ns=72501000000 [HOP 5] MAC sent confirmation dest=4 seq=1 transmission=1 sentAt=72.501
time_ns=72501000000 [MAC 5] ACK transmitted in aggregate dest=1 seq=10 txCount=5/5
time_ns=72501000000 [MAC 5] Remove ACK after OPNET resend limit dest=1 seq=10
time_ns=72501000000 [MAC 5] OPNET aggregate transmitted segments=2 ackSegments=1 dataSegments=1 bytes=87 rate=8
time_ns=72501011086 [t=72.501] RX SYNC at node 1 from node 5 seq 10 power -107.876 dBm noise -106.975 dBm snr -0.900945 dB state=1
time_ns=72501012444 [t=72.501] RX SYNC at node 4 from node 5 seq 10 power -109.884 dBm noise -106.975 dBm snr -2.90891 dB state=1
time_ns=72501019163 [t=72.501] RX SYNC at node 3 from node 5 seq 10 power -117.383 dBm noise -106.975 dBm snr -10.408 dB state=1
time_ns=72507641086 [t=72.5076] MAC 1 enters Track on node 5 seq 10 power -107.876 dBm
time_ns=72507642444 [t=72.5076] MAC 4 enters Track on node 5 seq 10 power -109.884 dBm
time_ns=72507649163 [t=72.5076] MAC 3 enters Track on node 5 seq 10 power -117.383 dBm
time_ns=72613200000 [MAC 5] post-TX WAIT_FOR_ACK until 92.6132 (POST_TX_WAIT=20 s)
time_ns=72613211086 [t=72.6132] RX at node 1 from node 5 seq 10 rate 8 kbps txPower 33 dBm preamble SHORT pathloss 140.876 dB snr -0.900945 dB (slot 5, len 87B, ackable=1)
time_ns=72613211086 [MAC 1] Learned neighbor 5 uses slot 5 (rtCounter=5)
time_ns=72613211086 [HOP 1] RX ACK from 5 seq=10
time_ns=72613211086 [HOP 1] Overheard frame from 5 for 4 type=9 ignored after neighbor update
time_ns=72613211114 [NWK 1] CheckNwkQueue: size=0
time_ns=72613212444 [t=72.6132] RX at node 4 from node 5 seq 10 rate 8 kbps txPower 33 dBm preamble SHORT pathloss 142.884 dB snr -2.90891 dB (slot 5, len 87B, ackable=1)
time_ns=72613212444 [MAC 4] Learned neighbor 5 uses slot 5 (rtCounter=5)
time_ns=72613212444 [HOP 4] Overheard frame from 5 for 1 type=1 ignored after neighbor update
time_ns=72613212444 [HOP 4] RX authenticated KeyUpdate from=5 keyId=1 keySeq=2 groupKeyId=1 securityCount=1
time_ns=72613212444 [HOP 4] link_control dest=5 neighborKnown=1 s0=-103 pathloss=142.884 failures=0 speed=8 txPower=33 rxPower=-103 cost=7450
time_ns=72613212444 [HOP 4] ACK KeyUpdate to 5 seq=1
time_ns=72613212444 [MAC 4] Enqueue ACK dest=5 seq=1 window=0 ack_queue_size=1
time_ns=72613212444 [NWK 4] KeyUpdate complete neighbor=5 receivedKey=1
time_ns=72613212444 [HOP 4] link_control dest=5 neighborKnown=1 s0=-103 pathloss=142.884 failures=0 speed=8 txPower=33 rxPower=-103 cost=7450
time_ns=72613212444 [HOP 4] TX reliable KeyUpdate neighbor=5 hopSeq=8 keyId=1 keySeq=9 groupKeyId=1 securityBytes=51
time_ns=72613212444 [MAC] Enqueue TX pkt dscp=7 insert_pos=0 queue_size_before=0
time_ns=72613212444 [NWK 4] KeyUpdate send active neighbor=5 reliable=1 securityBytes=51
time_ns=72613212444 [HOP 4] Replay queued GroupEstablish after KeyUpdate from=5 keyId=1 groupSeq=10
time_ns=72613212444 [MAC 4] active_nodes set to 2 for local slotting and post-TX wait
time_ns=72613212444 [NWK 4] active_nodes=2 pushed to MAC
time_ns=72613212444 [MAC 4] max_reported_active_nodes updated to 3
time_ns=72613212444 [NWK 4] Updated HELLO neighbor=5 hopSrc=5 speedKey=8 activeNodes=3 pathloss=142.884 snr=-2.90891
time_ns=72613212444 [NWK 4] link_calc neighbor=5 s0=-103 pathloss=142.884 numFailures=0 speed=8 txPower=33 estDistance=298 speedMargin=-6.88391 totalMargin=-6.88391 costMode=local-only cost=7450
time_ns=72613212444 [NWK 4] Added route candidate dst=5 nextHop=5 hops=1 cost=7450 linkCost=7450 advCost=0 learnedFrom=5 selectionDeferred=0 selected=0
time_ns=72613212444 [NWK 4] ARL route message from 5 type=Discover advCount=0
time_ns=72613212444 [NWK 4] ProcessDiscover from 5 subtype=Broadcast sequence=1
time_ns=72613212444 [NWK 4] New discovery sequence from 5 old=0 new=1
time_ns=72613212444 [NWK 4] Discovery response pending key-send ACK neighbor=5 sequence=1
time_ns=72613212444 [NWK 4] Routes: dst=5->nh=5(hops=1,cost=7450,linkCost=7450,advCost=0,from=5,imm=1,pl=142.884,valid=1,path=[5])
time_ns=72613212444 [MAC 4] PickTxSlot(dest=5) active_nodes_for_slotting=2 opnet_slot_range=31
time_ns=72613212444 [MAC 4] avoiding neighbor 5 currentReservedSlot=5 rtslot_counter=5
time_ns=72613212444 [MAC 4] PickTxSlot(dest=5) avoid: 5
time_ns=72613212444 [MAC 4] PickTxSlot chose 29 using historical next_tslot modulo probe
time_ns=72613212444 [MAC 4] starts Pre-Tx with new slot=29 holdoff_over=1
time_ns=72613219163 [t=72.6132] RX OVERHEARD at node 3 from node 5 seq 10 rate 8 kbps txPower 33 dBm preamble SHORT pathloss 150.383 dB snr -10.408 dB (slot 5, len 87B, ackable=1)
time_ns=72613219163 [MAC 3] Learned neighbor 5 uses slot 5 (rtCounter=5)
time_ns=72613219163 [HOP 3] Overheard frame from 5 for 1 type=1 ignored after neighbor update
time_ns=72613219163 [HOP 3] Overheard frame from 5 for 4 type=9 ignored after neighbor update
time_ns=72683000000 [MAC 3] rtslot_counter expired for neighbor 5 reserveSlot=5
time_ns=72683000000 [MAC 5] local advertised reservation expired
time_ns=72683000000 [MAC 1] rtslot_counter expired for neighbor 5 reserveSlot=5
time_ns=72683000000 [MAC 4] rtslot_counter expired for neighbor 5 reserveSlot=5
time_ns=72722000000 [MAC 3] PickTxSlot(dest=1) active_nodes_for_slotting=3 opnet_slot_range=31
time_ns=72722000000 [MAC 3] avoiding neighbor 1 currentReservedSlot=3 rtslot_counter=3
time_ns=72722000000 [MAC 3] PickTxSlot(dest=1) avoid: 3
time_ns=72722000000 [MAC 3] PickTxSlot chose 2 using historical next_tslot modulo probe
time_ns=72722000000 [MAC 3] TX opportunity reached currentSlot=29 reserveNextSlot=2
time_ns=72722000000 ... type=1 speedKey=8[t=72.722] TX from node 3 to dest 1 seq 12 size 25 bytes segments 1 at slot 2 rate 8 kbps txPower 33 dBm (7843.14 bps) preamble SHORT duration 0.04896 s
time_ns=72722000000 [t=72.722] RX OCCLUDED at node 2 from node 3 seq 12
time_ns=72722000000 [t=72.722] RX OCCLUDED at node 4 from node 3 seq 12
time_ns=72722000000 [t=72.722] RX OCCLUDED at node 7 from node 3 seq 12
time_ns=72722000000 [t=72.722] RX OCCLUDED at node 8 from node 3 seq 12
time_ns=72722000000 [MAC 3] ACK transmitted in aggregate dest=1 seq=12 txCount=4/5
time_ns=72722000000 [MAC 3] OPNET aggregate transmitted segments=1 ackSegments=1 dataSegments=0 bytes=25 rate=8
time_ns=72722000000 [MAC 1] rtslot_counter expired for neighbor 3 reserveSlot=29
time_ns=72722008077 [t=72.722] RX SYNC at node 1 from node 3 seq 12 power -102.376 dBm noise -106.975 dBm snr 4.59934 dB state=1
time_ns=72722019163 [t=72.722] RX SYNC at node 5 from node 3 seq 12 power -117.383 dBm noise -106.975 dBm snr -10.408 dB state=1
time_ns=72728638077 [t=72.7286] MAC 1 enters Track on node 3 seq 12 power -102.376 dBm
time_ns=72728649163 [t=72.7286] MAC 5 enters Track on node 3 seq 12 power -117.383 dBm
time_ns=72770960000 [MAC 3] resumes Pre-Tx with live slot=2 counter=2
time_ns=72770968077 [t=72.771] RX at node 1 from node 3 seq 12 rate 8 kbps txPower 33 dBm preamble SHORT pathloss 135.376 dB snr 4.59934 dB (slot 2, len 25B, ackable=0)
time_ns=72770968077 [MAC 1] Learned neighbor 3 uses slot 2 (rtCounter=2)
time_ns=72770968077 [HOP 1] RX ACK from 3 seq=12
time_ns=72770968105 [NWK 1] CheckNwkQueue: size=0
time_ns=72770979163 [t=72.771] RX OVERHEARD at node 5 from node 3 seq 12 rate 8 kbps txPower 33 dBm preamble SHORT pathloss 150.383 dB snr -10.408 dB (slot 2, len 25B, ackable=0)
time_ns=72770979163 [MAC 5] Learned neighbor 3 uses slot 2 (rtCounter=2)
time_ns=72770979163 [HOP 5] Overheard frame from 3 for 1 type=1 ignored after neighbor update
time_ns=72800000000 [MAC 3] PickTxSlot(dest=1) active_nodes_for_slotting=3 opnet_slot_range=31
time_ns=72800000000 [MAC 3] avoiding neighbor 1 currentReservedSlot=0 rtslot_counter=0
time_ns=72800000000 [MAC 3] PickTxSlot(dest=1) avoid:
time_ns=72800000000 [MAC 3] PickTxSlot chose 2 using historical next_tslot modulo probe
time_ns=72800000000 [MAC 3] TX opportunity reached currentSlot=2 reserveNextSlot=2
time_ns=72800000000 ... type=1 speedKey=8[t=72.8] TX from node 3 to dest 1 seq 12 size 25 bytes segments 1 at slot 2 rate 8 kbps txPower 33 dBm (7843.14 bps) preamble SHORT duration 0.04896 s
time_ns=72800000000 [t=72.8] RX OCCLUDED at node 2 from node 3 seq 12
time_ns=72800000000 [t=72.8] RX OCCLUDED at node 4 from node 3 seq 12
time_ns=72800000000 [t=72.8] RX OCCLUDED at node 7 from node 3 seq 12
time_ns=72800000000 [t=72.8] RX OCCLUDED at node 8 from node 3 seq 12
time_ns=72800000000 [MAC 3] ACK transmitted in aggregate dest=1 seq=12 txCount=5/5
time_ns=72800000000 [MAC 3] Remove ACK after OPNET resend limit dest=1 seq=12
time_ns=72800000000 [MAC 3] OPNET aggregate transmitted segments=1 ackSegments=1 dataSegments=0 bytes=25 rate=8
time_ns=72800000000 [MAC 5] rtslot_counter expired for neighbor 3 reserveSlot=2
time_ns=72800000000 [MAC 1] rtslot_counter expired for neighbor 3 reserveSlot=2
time_ns=72800008077 [t=72.8] RX SYNC at node 1 from node 3 seq 12 power -102.376 dBm noise -106.975 dBm snr 4.59934 dB state=1
time_ns=72800019163 [t=72.8] RX SYNC at node 5 from node 3 seq 12 power -117.383 dBm noise -106.975 dBm snr -10.408 dB state=1
time_ns=72806638077 [t=72.8066] MAC 1 enters Track on node 3 seq 12 power -102.376 dBm
time_ns=72806649163 [t=72.8066] MAC 5 enters Track on node 3 seq 12 power -117.383 dBm
time_ns=72848960000 [MAC 3] post-TX WAIT_FOR_ACK until 92.849 (POST_TX_WAIT=20 s)
time_ns=72848968077 [t=72.849] RX at node 1 from node 3 seq 12 rate 8 kbps txPower 33 dBm preamble SHORT pathloss 135.376 dB snr 4.59934 dB (slot 2, len 25B, ackable=0)
time_ns=72848968077 [MAC 1] Learned neighbor 3 uses slot 2 (rtCounter=2)
time_ns=72848968077 [HOP 1] RX ACK from 3 seq=12
time_ns=72848968105 [NWK 1] CheckNwkQueue: size=0
time_ns=72848979163 [t=72.849] RX OVERHEARD at node 5 from node 3 seq 12 rate 8 kbps txPower 33 dBm preamble SHORT pathloss 150.383 dB snr -10.408 dB (slot 2, len 25B, ackable=0)
time_ns=72848979163 [MAC 5] Learned neighbor 3 uses slot 2 (rtCounter=2)
time_ns=72848979163 [HOP 5] Overheard frame from 3 for 1 type=1 ignored after neighbor update
time_ns=72852000000 [MAC 3] rtslot_counter expired for neighbor 1 reserveSlot=16
time_ns=72852000000 [MAC 5] rtslot_counter expired for neighbor 1 reserveSlot=16
time_ns=72852000000 [MAC 1] PickTxSlot(dest=3) active_nodes_for_slotting=3 opnet_slot_range=31
time_ns=72852000000 [MAC 1] avoiding neighbor 3 currentReservedSlot=1 rtslot_counter=1
time_ns=72852000000 [MAC 1] PickTxSlot(dest=3) avoid: 1
time_ns=72852000000 [MAC 1] PickTxSlot chose 30 using historical next_tslot modulo probe
time_ns=72852000000 [MAC 1] TX opportunity reached currentSlot=16 reserveNextSlot=30
time_ns=72852000000 ... type=1 speedKey=8[t=72.852] TX from node 1 to dest 3 seq 12 size 50 bytes segments 2 at slot 30 rate 8 kbps txPower 33 dBm (7843.14 bps) preamble SHORT duration 0.07446 s
time_ns=72852000000 [t=72.852] RX OCCLUDED at node 2 from node 1 seq 12
time_ns=72852000000 [t=72.852] RX OCCLUDED at node 7 from node 1 seq 12
time_ns=72852000000 [t=72.852] RX OCCLUDED at node 8 from node 1 seq 12
time_ns=72852000000 [MAC 1] ACK transmitted in aggregate dest=3 seq=12 txCount=4/5
time_ns=72852000000 [MAC 1] ACK transmitted in aggregate dest=5 seq=13 txCount=4/5
time_ns=72852000000 [MAC 1] OPNET aggregate transmitted segments=2 ackSegments=2 dataSegments=0 bytes=50 rate=8
time_ns=72852008077 [t=72.852] RX SYNC at node 3 from node 1 seq 12 power -102.376 dBm noise -106.975 dBm snr 4.59934 dB state=1
time_ns=72852011086 [t=72.852] RX SYNC at node 5 from node 1 seq 12 power -107.876 dBm noise -106.975 dBm snr -0.900945 dB state=1
time_ns=72852023527 [t=72.852] RX SYNC at node 4 from node 1 seq 12 power -120.948 dBm noise -106.975 dBm snr -13.9725 dB state=1 below-threshold
time_ns=72858638077 [t=72.8586] MAC 3 enters Track on node 1 seq 12 power -102.376 dBm
time_ns=72858641086 [t=72.8586] MAC 5 enters Track on node 1 seq 12 power -107.876 dBm
time_ns=72926460000 [MAC 1] resumes Pre-Tx with live slot=30 counter=30
time_ns=72926468077 [t=72.9265] RX at node 3 from node 1 seq 12 rate 8 kbps txPower 33 dBm preamble SHORT pathloss 135.376 dB snr 4.59934 dB (slot 30, len 50B, ackable=0)
time_ns=72926468077 [MAC 3] Learned neighbor 1 uses slot 30 (rtCounter=30)
time_ns=72926468077 [HOP 3] RX ACK from 1 seq=12
time_ns=72926468077 [HOP 3] Overheard frame from 1 for 5 type=1 ignored after neighbor update
time_ns=72926468105 [NWK 3] CheckNwkQueue: size=0
time_ns=72926471086 [t=72.9265] RX at node 5 from node 1 seq 12 rate 8 kbps txPower 33 dBm preamble SHORT pathloss 140.876 dB snr -0.900945 dB (slot 30, len 50B, ackable=0)
time_ns=72926471086 [MAC 5] Learned neighbor 1 uses slot 30 (rtCounter=30)
time_ns=72926471086 [HOP 5] Overheard frame from 1 for 3 type=1 ignored after neighbor update
time_ns=72926471086 [HOP 5] RX ACK from 1 seq=13
time_ns=72926471114 [NWK 5] CheckNwkQueue: size=0
time_ns=72943000000 [MAC 3] local advertised reservation expired
time_ns=72943000000 [MAC 5] rtslot_counter expired for neighbor 3 reserveSlot=2
time_ns=72943000000 [MAC 1] rtslot_counter expired for neighbor 3 reserveSlot=2
time_ns=72995000000 [MAC 4] PickTxSlot(dest=5) active_nodes_for_slotting=2 opnet_slot_range=31
time_ns=72995000000 [MAC 4] PickTxSlot(dest=5) avoid:
time_ns=72995000000 [MAC 4] PickTxSlot chose 29 using historical next_tslot modulo probe
time_ns=72995000000 [MAC 4] TX opportunity reached currentSlot=29 reserveNextSlot=29
time_ns=72995000000 ... type=1 speedKey=8[t=72.995] TX from node 4 to dest 5 seq 1 size 87 bytes segments 2 at slot 29 rate 8 kbps txPower 33 dBm (7843.14 bps) preamble SHORT duration 0.1122 s
time_ns=72995000000 [t=72.995] RX OCCLUDED at node 3 from node 4 seq 1
time_ns=72995000000 [t=72.995] RX OCCLUDED at node 7 from node 4 seq 1
time_ns=72995000000 [t=72.995] RX OCCLUDED at node 8 from node 4 seq 1
time_ns=72995000000 [HOP 4] MAC sent confirmation dest=5 seq=8 transmission=1 sentAt=72.995
time_ns=72995000000 [MAC 4] ACK transmitted in aggregate dest=5 seq=1 txCount=1/5
time_ns=72995000000 [MAC 4] OPNET aggregate transmitted segments=2 ackSegments=1 dataSegments=1 bytes=87 rate=8
time_ns=72995012444 [t=72.995] RX SYNC at node 5 from node 4 seq 1 power -109.884 dBm noise -106.975 dBm snr -2.90891 dB state=1
time_ns=72995013632 [t=72.995] RX SYNC at node 2 from node 4 seq 1 power -111.468 dBm noise -106.975 dBm snr -4.4927 dB state=0
time_ns=72995023527 [t=72.995] RX SYNC at node 1 from node 4 seq 1 power -120.948 dBm noise -106.975 dBm snr -13.9725 dB state=1 below-threshold
time_ns=73001642444 [t=73.0016] MAC 5 enters Track on node 4 seq 1 power -109.884 dBm
time_ns=73107200000 [MAC 4] resumes Pre-Tx with live slot=29 counter=29
time_ns=73107212444 [t=73.1072] RX at node 5 from node 4 seq 1 rate 8 kbps txPower 33 dBm preamble SHORT pathloss 142.884 dB snr -2.90891 dB (slot 29, len 87B, ackable=1)
time_ns=73107212444 [MAC 5] Learned neighbor 4 uses slot 29 (rtCounter=29)
time_ns=73107212444 [HOP 5] RX ACK from 4 seq=1
time_ns=73107212444 [HOP 5] Reliable KeyUpdate completed neighbor=4 seq=1
time_ns=73107212444 [NWK 5] KeyUpdate send completion neighbor=4 acknowledged=1 sentKey=1
time_ns=73107212444 [NWK 5] Sending source-faithful KeyRequest neighbor=4 noAck=1 retryDelayMs=10000
time_ns=73107212444 [HOP 5] link_control dest=4 neighborKnown=1 s0=-103 pathloss=142.884 failures=0 speed=8 txPower=33 rxPower=-103 cost=7450
time_ns=73107212444 [HOP 5] TX non-ACKed KeyRequest neighbor=4 hopSeq=2 keyId=1 keySeq=3 securityCount=1
time_ns=73107212444 [MAC] Enqueue TX pkt dscp=7 insert_pos=0 queue_size_before=0
time_ns=73107212444 [HOP 5] RX authenticated KeyUpdate from=4 keyId=1 keySeq=9 groupKeyId=1 securityCount=1
time_ns=73107212444 [HOP 5] link_control dest=4 neighborKnown=1 s0=-103 pathloss=142.884 failures=0 speed=8 txPower=33 rxPower=-103 cost=7450
time_ns=73107212444 [HOP 5] ACK KeyUpdate to 4 seq=8
time_ns=73107212444 [MAC 5] Enqueue ACK dest=4 seq=8 window=0 ack_queue_size=1
time_ns=73107212444 [NWK 5] KeyUpdate complete neighbor=4 receivedKey=1
time_ns=73107212444 [NWK 5] Sending CHECK_OVERHEARD after two-sided key exchange neighbor=4
time_ns=73107212444 [NWK 5] Sending targeted ARL NeighborCheck neighbor=4 subtype=Overheard
time_ns=73107212444 [HOP 5] link_control dest=4 neighborKnown=1 s0=-103 pathloss=142.884 failures=0 speed=8 txPower=33 rxPower=-103 cost=7450
time_ns=73107212444 [HOP 5] TX reliable NeighborCheck to 4 seq=3
time_ns=73107212444 [MAC] Enqueue TX pkt dscp=7 insert_pos=1 queue_size_before=1
time_ns=73107212444 [MAC 5] PickTxSlot(dest=4) active_nodes_for_slotting=3 opnet_slot_range=31
time_ns=73107212444 [MAC 5] avoiding neighbor 1 currentReservedSlot=24 rtslot_counter=24
time_ns=73107212444 [MAC 5] avoiding neighbor 4 currentReservedSlot=29 rtslot_counter=29
time_ns=73107212444 [MAC 5] PickTxSlot(dest=4) avoid: 24 29
time_ns=73107212444 [MAC 5] PickTxSlot chose 6 using historical next_tslot modulo probe
time_ns=73107212444 [MAC 5] starts Pre-Tx with new slot=6 holdoff_over=1
time_ns=73107212472 [NWK 5] CheckNwkQueue: size=0
time_ns=73107213632 [t=73.1072] RX MISS at node 2 from node 4 seq 1
time_ns=73190000000 [MAC 5] PickTxSlot(dest=4) active_nodes_for_slotting=3 opnet_slot_range=31
time_ns=73190000000 [MAC 5] avoiding neighbor 1 currentReservedSlot=17 rtslot_counter=17
time_ns=73190000000 [MAC 5] avoiding neighbor 4 currentReservedSlot=22 rtslot_counter=22
time_ns=73190000000 [MAC 5] PickTxSlot(dest=4) avoid: 17 22
time_ns=73190000000 [MAC 5] PickTxSlot chose 28 using historical next_tslot modulo probe
time_ns=73190000000 [MAC 5] TX opportunity reached currentSlot=6 reserveNextSlot=28
time_ns=73190000000 ... type=1 speedKey=8[t=73.19] TX from node 5 to dest 4 seq 8 size 59 bytes segments 3 at slot 28 rate 8 kbps txPower 33 dBm (7843.14 bps) preamble SHORT duration 0.08364 s
time_ns=73190000000 [t=73.19] RX OCCLUDED at node 2 from node 5 seq 8
time_ns=73190000000 [t=73.19] RX OCCLUDED at node 7 from node 5 seq 8
time_ns=73190000000 [t=73.19] RX OCCLUDED at node 8 from node 5 seq 8
time_ns=73190000000 [HOP 5] MAC sent confirmation dest=4 seq=3 transmission=1 sentAt=73.19
time_ns=73190000000 [MAC 5] ACK transmitted in aggregate dest=4 seq=8 txCount=1/5
time_ns=73190000000 [MAC 5] OPNET aggregate transmitted segments=3 ackSegments=1 dataSegments=2 bytes=59 rate=8
time_ns=73190011086 [t=73.19] RX SYNC at node 1 from node 5 seq 8 power -107.876 dBm noise -106.975 dBm snr -0.900945 dB state=1
time_ns=73190012444 [t=73.19] RX SYNC at node 4 from node 5 seq 8 power -109.884 dBm noise -106.975 dBm snr -2.90891 dB state=1
time_ns=73190019163 [t=73.19] RX SYNC at node 3 from node 5 seq 8 power -117.383 dBm noise -106.975 dBm snr -10.408 dB state=1
time_ns=73196641086 [t=73.1966] MAC 1 enters Track on node 5 seq 8 power -107.876 dBm
time_ns=73196642444 [t=73.1966] MAC 4 enters Track on node 5 seq 8 power -109.884 dBm
time_ns=73196649163 [t=73.1966] MAC 3 enters Track on node 5 seq 8 power -117.383 dBm
time_ns=73273640000 [MAC 5] resumes Pre-Tx with live slot=28 counter=28
time_ns=73273651086 [t=73.2737] RX OVERHEARD at node 1 from node 5 seq 8 rate 8 kbps txPower 33 dBm preamble SHORT pathloss 140.876 dB snr -0.900945 dB (slot 28, len 59B, ackable=1)
time_ns=73273651086 [MAC 1] Learned neighbor 5 uses slot 28 (rtCounter=28)
time_ns=73273651086 [HOP 1] Overheard frame from 5 for 4 type=1 ignored after neighbor update
time_ns=73273651086 [HOP 1] Overheard frame from 5 for 4 type=8 ignored after neighbor update
time_ns=73273651086 [HOP 1] Overheard frame from 5 for 4 type=5 ignored after neighbor update
time_ns=73273652444 [t=73.2737] RX at node 4 from node 5 seq 8 rate 8 kbps txPower 33 dBm preamble SHORT pathloss 142.884 dB snr -2.90891 dB (slot 28, len 59B, ackable=1)
time_ns=73273652444 [MAC 4] Learned neighbor 5 uses slot 28 (rtCounter=28)
time_ns=73273652444 [HOP 4] RX ACK from 5 seq=8
time_ns=73273652444 [HOP 4] Reliable KeyUpdate completed neighbor=5 seq=8
time_ns=73273652444 [NWK 4] KeyUpdate send completion neighbor=5 acknowledged=1 sentKey=1
time_ns=73273652444 [NWK 4] Sending deferred Discovery NeighborCheck neighbor=5 sequence=1 afterKeySend=1
time_ns=73273652444 [NWK 4] Sending targeted ARL NeighborCheck neighbor=5 subtype=Discovery discoverySequence=1
time_ns=73273652444 [HOP 4] link_control dest=5 neighborKnown=1 s0=-103 pathloss=142.884 failures=0 speed=8 txPower=33 rxPower=-103 cost=7450
time_ns=73273652444 [HOP 4] TX reliable NeighborCheck to 5 seq=9
time_ns=73273652444 [MAC] Enqueue TX pkt dscp=7 insert_pos=0 queue_size_before=0
time_ns=73273652444 [HOP 4] RX authenticated KeyRequest from=5 keyId=1 keySeq=3 securityCount=1
time_ns=73273652444 [NWK 4] KeyRequest received after completed KeyUpdate neighbor=5 ageMs=0 recent-key-suppressed
time_ns=73273652444 [HOP 4] RX reliable NeighborCheck from 5 seq=3 firstReception=1
time_ns=73273652444 [MAC 4] active_nodes set to 2 for local slotting and post-TX wait
time_ns=73273652444 [NWK 4] active_nodes=2 pushed to MAC
time_ns=73273652444 [NWK 4] Updated HELLO neighbor=5 hopSrc=5 speedKey=8 activeNodes=3 pathloss=142.884 snr=-2.90891
time_ns=73273652444 [NWK 4] link_calc neighbor=5 s0=-103 pathloss=142.884 numFailures=0 speed=8 txPower=33 estDistance=298 speedMargin=-6.88391 totalMargin=-6.88391 costMode=local-only cost=7450
time_ns=73273652444 [NWK 4] Updated route candidate dst=5 nextHop=5 hops=1 oldCost=7450 newCost=7450 valid=1->1 selectionDeferred=0 selected=0
time_ns=73273652444 [NWK 4] ARL route message from 5 type=NeighborCheck advCount=0
time_ns=73273652444 [NWK 4] ProcessNeighborCheck from 5 subtype=Overheard pathloss=142.884 snr=-2.90891 linkCost=7450 advCount=0
time_ns=73273652444 [NWK 4] NeighborCheck Overheard received from 5
time_ns=73273652444 [NWK 4] Sending CHECK_OVERHEARD after two-sided key exchange neighbor=5
time_ns=73273652444 [NWK 4] Sending targeted ARL NeighborCheck neighbor=5 subtype=Overheard
time_ns=73273652444 [HOP 4] link_control dest=5 neighborKnown=1 s0=-103 pathloss=142.884 failures=0 speed=8 txPower=33 rxPower=-103 cost=7450
time_ns=73273652444 [HOP 4] TX reliable NeighborCheck to 5 seq=10
time_ns=73273652444 [MAC] Enqueue TX pkt dscp=7 insert_pos=1 queue_size_before=1
time_ns=73273652444 [NWK 4] Routes: dst=5->nh=5(hops=1,cost=7450,linkCost=7450,advCost=0,from=5,imm=1,pl=142.884,valid=1,path=[5])
time_ns=73273652444 [HOP 4] link_control dest=5 neighborKnown=1 s0=-103 pathloss=142.884 failures=0 speed=8 txPower=33 rxPower=-103 cost=7450
time_ns=73273652444 [HOP 4] ACK NeighborCheck to 5 seq=3
time_ns=73273652444 [MAC 4] Enqueue ACK dest=5 seq=3 window=0 ack_queue_size=2
time_ns=73273652472 [NWK 4] CheckNwkQueue: size=0
time_ns=73273659163 [t=73.2737] RX OVERHEARD at node 3 from node 5 seq 8 rate 8 kbps txPower 33 dBm preamble SHORT pathloss 150.383 dB snr -10.408 dB (slot 28, len 59B, ackable=1)
time_ns=73273659163 [MAC 3] Learned neighbor 5 uses slot 28 (rtCounter=28)
time_ns=73273659163 [HOP 3] Overheard frame from 5 for 4 type=1 ignored after neighbor update
time_ns=73273659163 [HOP 3] Overheard frame from 5 for 4 type=8 ignored after neighbor update
time_ns=73273659163 [HOP 3] Overheard frame from 5 for 4 type=5 ignored after neighbor update
time_ns=73398000000 [MAC 3] rtslot_counter expired for neighbor 1 reserveSlot=30
time_ns=73398000000 [MAC 1] PickTxSlot(dest=3) active_nodes_for_slotting=3 opnet_slot_range=31
time_ns=73398000000 [MAC 1] avoiding neighbor 5 currentReservedSlot=18 rtslot_counter=18
time_ns=73398000000 [MAC 1] PickTxSlot(dest=3) avoid: 18
time_ns=73398000000 [MAC 1] PickTxSlot chose 17 using historical next_tslot modulo probe
time_ns=73398000000 [MAC 1] TX opportunity reached currentSlot=30 reserveNextSlot=17
time_ns=73398000000 ... type=1 speedKey=8[t=73.398] TX from node 1 to dest 3 seq 12 size 50 bytes segments 2 at slot 17 rate 8 kbps txPower 33 dBm (7843.14 bps) preamble SHORT duration 0.07446 s
time_ns=73398000000 [t=73.398] RX OCCLUDED at node 2 from node 1 seq 12
time_ns=73398000000 [t=73.398] RX OCCLUDED at node 7 from node 1 seq 12
time_ns=73398000000 [t=73.398] RX OCCLUDED at node 8 from node 1 seq 12
time_ns=73398000000 [MAC 1] ACK transmitted in aggregate dest=3 seq=12 txCount=5/5
time_ns=73398000000 [MAC 1] ACK transmitted in aggregate dest=5 seq=13 txCount=5/5
time_ns=73398000000 [MAC 1] Remove ACK after OPNET resend limit dest=3 seq=12
time_ns=73398000000 [MAC 1] Remove ACK after OPNET resend limit dest=5 seq=13
time_ns=73398000000 [MAC 1] OPNET aggregate transmitted segments=2 ackSegments=2 dataSegments=0 bytes=50 rate=8
time_ns=73398008077 [t=73.398] RX SYNC at node 3 from node 1 seq 12 power -102.376 dBm noise -106.975 dBm snr 4.59934 dB state=1
time_ns=73398011086 [t=73.398] RX SYNC at node 5 from node 1 seq 12 power -107.876 dBm noise -106.975 dBm snr -0.900945 dB state=1
time_ns=73398023527 [t=73.398] RX SYNC at node 4 from node 1 seq 12 power -120.948 dBm noise -106.975 dBm snr -13.9725 dB state=1 below-threshold
time_ns=73404638077 [t=73.4046] MAC 3 enters Track on node 1 seq 12 power -102.376 dBm
time_ns=73404641086 [t=73.4046] MAC 5 enters Track on node 1 seq 12 power -107.876 dBm
time_ns=73472460000 [MAC 1] post-TX WAIT_FOR_ACK until 93.4725 (POST_TX_WAIT=20 s)
time_ns=73472468077 [t=73.4725] RX at node 3 from node 1 seq 12 rate 8 kbps txPower 33 dBm preamble SHORT pathloss 135.376 dB snr 4.59934 dB (slot 17, len 50B, ackable=0)
time_ns=73472468077 [MAC 3] Learned neighbor 1 uses slot 17 (rtCounter=17)
time_ns=73472468077 [HOP 3] RX ACK from 1 seq=12
time_ns=73472468077 [HOP 3] Overheard frame from 1 for 5 type=1 ignored after neighbor update
time_ns=73472468105 [NWK 3] CheckNwkQueue: size=0
time_ns=73472471086 [t=73.4725] RX at node 5 from node 1 seq 12 rate 8 kbps txPower 33 dBm preamble SHORT pathloss 140.876 dB snr -0.900945 dB (slot 17, len 50B, ackable=0)
time_ns=73472471086 [MAC 5] Learned neighbor 1 uses slot 17 (rtCounter=17)
time_ns=73472471086 [HOP 5] Overheard frame from 1 for 3 type=1 ignored after neighbor update
time_ns=73472471086 [HOP 5] RX ACK from 1 seq=13
time_ns=73472471114 [NWK 5] CheckNwkQueue: size=0
time_ns=73567000000 [MAC 4] PickTxSlot(dest=5) active_nodes_for_slotting=2 opnet_slot_range=31
time_ns=73567000000 [MAC 4] avoiding neighbor 5 currentReservedSlot=5 rtslot_counter=5
time_ns=73567000000 [MAC 4] PickTxSlot(dest=5) avoid: 5
time_ns=73567000000 [MAC 4] PickTxSlot chose 6 using historical next_tslot modulo probe
time_ns=73567000000 [MAC 4] TX opportunity reached currentSlot=29 reserveNextSlot=6
time_ns=73567000000 ... type=1 speedKey=8[t=73.567] TX from node 4 to dest 5 seq 1 size 82 bytes segments 4 at slot 6 rate 8 kbps txPower 33 dBm (7843.14 bps) preamble SHORT duration 0.1071 s
time_ns=73567000000 [t=73.567] RX OCCLUDED at node 3 from node 4 seq 1
time_ns=73567000000 [t=73.567] RX OCCLUDED at node 7 from node 4 seq 1
time_ns=73567000000 [t=73.567] RX OCCLUDED at node 8 from node 4 seq 1
time_ns=73567000000 [HOP 4] MAC sent confirmation dest=5 seq=9 transmission=1 sentAt=73.567
time_ns=73567000000 [HOP 4] MAC sent confirmation dest=5 seq=10 transmission=1 sentAt=73.567
time_ns=73567000000 [MAC 4] ACK transmitted in aggregate dest=5 seq=1 txCount=2/5
time_ns=73567000000 [MAC 4] ACK transmitted in aggregate dest=5 seq=3 txCount=1/5
time_ns=73567000000 [MAC 4] OPNET aggregate transmitted segments=4 ackSegments=2 dataSegments=2 bytes=82 rate=8
time_ns=73567012444 [t=73.567] RX SYNC at node 5 from node 4 seq 1 power -109.884 dBm noise -106.975 dBm snr -2.90891 dB state=1
time_ns=73567013632 [t=73.567] RX SYNC at node 2 from node 4 seq 1 power -111.468 dBm noise -106.975 dBm snr -4.4927 dB state=0
time_ns=73567023527 [t=73.567] RX SYNC at node 1 from node 4 seq 1 power -120.948 dBm noise -106.975 dBm snr -13.9725 dB state=1 below-threshold
time_ns=73573642444 [t=73.5736] MAC 5 enters Track on node 4 seq 1 power -109.884 dBm
time_ns=73674100000 [MAC 4] resumes Pre-Tx with live slot=6 counter=6
time_ns=73674112444 [t=73.6741] RX at node 5 from node 4 seq 1 rate 8 kbps txPower 33 dBm preamble SHORT pathloss 142.884 dB snr -2.90891 dB (slot 6, len 82B, ackable=1)
time_ns=73674112444 [MAC 5] Learned neighbor 4 uses slot 6 (rtCounter=6)
time_ns=73674112444 [HOP 5] RX ACK from 4 seq=1
time_ns=73674112444 [HOP 5] RX ACK from 4 seq=3
time_ns=73674112444 [HOP 5] Reliable NeighborCheck completed with 4 seq=3 subtype=3 discoverySequence=0
time_ns=73674112444 [NWK 5] NeighborCheck success neighbor=4 subtype=Overheard discoverySequence=0 stale=0->0 numFailures=0->0
time_ns=73674112444 [NWK 5] ARL neighbor ACTIVE neighbor=4 reason=ACKed NeighborCheck keys=two-sided
time_ns=73674112444 [HOP 5] RX reliable NeighborCheck from 4 seq=9 firstReception=1
time_ns=73674112444 [MAC 5] active_nodes set to 4 for local slotting and post-TX wait
time_ns=73674112444 [NWK 5] active_nodes=4 pushed to MAC
time_ns=73674112444 [NWK 5] Updated HELLO neighbor=4 hopSrc=4 speedKey=8 activeNodes=0 pathloss=142.884 snr=-2.90891
time_ns=73674112444 [NWK 5] link_calc neighbor=4 s0=-103 pathloss=142.884 numFailures=0 speed=8 txPower=33 estDistance=298 speedMargin=-6.88391 totalMargin=-6.88391 costMode=local-only cost=7450
time_ns=73674112444 [NWK 5] Added route candidate dst=4 nextHop=4 hops=1 cost=7450 linkCost=7450 advCost=0 learnedFrom=4 selectionDeferred=0 selected=1
time_ns=73674112444 [NWK 5] Updated selected-route preference dst=4 preferredNextHop=4
time_ns=73674112444 [NWK 5] Selected route changed dst=4 reason=candidate update pendingDestinations=1
time_ns=73674112444 [NWK 5] ARL route message from 4 type=NeighborCheck advCount=0
time_ns=73674112444 [NWK 5] ProcessNeighborCheck from 4 subtype=Discovery pathloss=142.884 snr=-2.90891 linkCost=7450 advCount=0
time_ns=73674112444 [NWK 5] Discovery response from neighbor=4 responseSequence=1 localDiscoverySequence=1
time_ns=73674112444 [NWK 5] Ignoring Discovery response from 4 because discovery is not active
time_ns=73674112444 [NWK 5] Routes: dst=1->nh=1(hops=1,cost=7450,linkCost=7450,advCost=0,from=1,imm=1,pl=140.876,valid=1,path=[1]) dst=3->nh=1(hops=2,cost=11037,linkCost=7450,advCost=3587,from=1,imm=0,pl=140.876,valid=1,path=[1->3]) dst=3->nh=3(hops=1,cost=7450,linkCost=7450,advCost=0,from=3,imm=1,pl=150.383,valid=1,path=[3]) dst=1->nh=3(hops=2,cost=11037,linkCost=7450,advCost=3587,from=3,imm=0,pl=150.383,valid=1,path=[3->1]) dst=4->nh=4(hops=1,cost=7450,linkCost=7450,advCost=0,from=4,imm=1,pl=142.884,valid=1,path=[4])
time_ns=73674112444 [HOP 5] link_control dest=4 neighborKnown=1 s0=-103 pathloss=142.884 failures=0 speed=8 txPower=33 rxPower=-103 cost=7450
time_ns=73674112444 [HOP 5] ACK NeighborCheck to 4 seq=9
time_ns=73674112444 [MAC 5] Enqueue ACK dest=4 seq=9 window=0 ack_queue_size=2
time_ns=73674112444 [HOP 5] RX reliable NeighborCheck from 4 seq=10 firstReception=1
time_ns=73674112444 [MAC 5] active_nodes set to 4 for local slotting and post-TX wait
time_ns=73674112444 [NWK 5] active_nodes=4 pushed to MAC
time_ns=73674112444 [NWK 5] Updated HELLO neighbor=4 hopSrc=4 speedKey=8 activeNodes=2 pathloss=142.884 snr=-2.90891
time_ns=73674112444 [NWK 5] link_calc neighbor=4 s0=-103 pathloss=142.884 numFailures=0 speed=8 txPower=33 estDistance=298 speedMargin=-6.88391 totalMargin=-6.88391 costMode=local-only cost=7450
time_ns=73674112444 [NWK 5] Updated route candidate dst=4 nextHop=4 hops=1 oldCost=7450 newCost=7450 valid=1->1 selectionDeferred=0 selected=1
time_ns=73674112444 [NWK 5] ARL route message from 4 type=NeighborCheck advCount=0
time_ns=73674112444 [NWK 5] ProcessNeighborCheck from 4 subtype=Overheard pathloss=142.884 snr=-2.90891 linkCost=7450 advCount=0
time_ns=73674112444 [NWK 5] NeighborCheck Overheard received from 4
time_ns=73674112444 [NWK 5] Routes: dst=1->nh=1(hops=1,cost=7450,linkCost=7450,advCost=0,from=1,imm=1,pl=140.876,valid=1,path=[1]) dst=3->nh=1(hops=2,cost=11037,linkCost=7450,advCost=3587,from=1,imm=0,pl=140.876,valid=1,path=[1->3]) dst=3->nh=3(hops=1,cost=7450,linkCost=7450,advCost=0,from=3,imm=1,pl=150.383,valid=1,path=[3]) dst=1->nh=3(hops=2,cost=11037,linkCost=7450,advCost=3587,from=3,imm=0,pl=150.383,valid=1,path=[3->1]) dst=4->nh=4(hops=1,cost=7450,linkCost=7450,advCost=0,from=4,imm=1,pl=142.884,valid=1,path=[4])
time_ns=73674112444 [HOP 5] link_control dest=4 neighborKnown=1 s0=-103 pathloss=142.884 failures=0 speed=8 txPower=33 rxPower=-103 cost=7450
time_ns=73674112444 [HOP 5] ACK NeighborCheck to 4 seq=10
time_ns=73674112444 [MAC 5] Enqueue ACK dest=4 seq=10 window=0 ack_queue_size=3
time_ns=73674112444 [NWK 5] Built ARL routing byte stream routingSequence=10 records=5 advertisedRoutes=3 recordBytes=57 sections=1 maxSectionBytes=700
time_ns=73674112444 [NWK 5] Starting reliable ARL RoutingSnapshot neighbor=4 routingSequence=10 sections=1
time_ns=73674112444 [NWK 5] Sending ARL RoutingSnapshot section=0/1 neighbor=4 routingSequence=10
time_ns=73674112444 [HOP 5] link_control dest=4 neighborKnown=1 s0=-103 pathloss=142.884 failures=0 speed=8 txPower=33 rxPower=-103 cost=7450
time_ns=73674112444 [HOP 5] TX reliable RoutingControl targets=4:4
time_ns=73674112444 [MAC] Enqueue TX pkt dscp=7 insert_pos=0 queue_size_before=0
time_ns=73674112444 [NWK 5] Armed RoutingSnapshot watchdog neighbor=4 phase=awaiting-independent-section-acks generation=1 timeoutSec=20
time_ns=73674112444 [NWK 5] routesProcess grouped selected-route changes count=1 infoChanged=0 time=73.6741
time_ns=73674112444 [NWK 5] Best route dst=4 nextHop=4 cost=7450 hops=1 learnedFrom=4 candidates=1 validCandidates=1
time_ns=73674112444 [NWK 5] Sending source-exact grouped route changes routingSequence=11 infoChanged=0 destinations=1 neighbors=3 groups=1 sections=1
time_ns=73674112444 [NWK 5] Retained grouped routing-control owner routingSequence=11 operation=Update section=0/1 destinations=3 owners=1
time_ns=73674112444 [HOP 5] link_control dest=4 neighborKnown=1 s0=-103 pathloss=142.884 failures=0 speed=8 txPower=33 rxPower=-103 cost=7450
time_ns=73674112444 [HOP 5] link_control dest=3 neighborKnown=1 s0=-103 pathloss=150.383 failures=0 speed=8 txPower=33 rxPower=-103 cost=7450
time_ns=73674112444 [HOP 5] link_control dest=1 neighborKnown=1 s0=-103 pathloss=140.876 failures=0 speed=8 txPower=33 rxPower=-103 cost=7450
time_ns=73674112444 [HOP 5] TX reliable RoutingControl targets=4:5,3:10,1:14
time_ns=73674112444 [MAC] Enqueue TX pkt dscp=7 insert_pos=1 queue_size_before=1
time_ns=73674112472 [NWK 5] CheckNwkQueue: size=0
time_ns=73674113632 [t=73.6741] RX MISS at node 2 from node 4 seq 1
time_ns=73697000000 [MAC 3] rtslot_counter expired for neighbor 1 reserveSlot=17
time_ns=73697000000 [MAC 1] local advertised reservation expired
time_ns=73710000000 [MAC 3] rtslot_counter expired for neighbor 5 reserveSlot=28
time_ns=73710000000 [MAC 1] rtslot_counter expired for neighbor 5 reserveSlot=28
time_ns=73749000000 [MAC 4] rtslot_counter expired for neighbor 5 reserveSlot=28
time_ns=73762000000 [MAC 5] rtslot_counter expired for neighbor 4 reserveSlot=6
time_ns=73762000000 [MAC 4] PickTxSlot(dest=5) active_nodes_for_slotting=2 opnet_slot_range=31
time_ns=73762000000 [MAC 4] PickTxSlot(dest=5) avoid:
time_ns=73762000000 [MAC 4] PickTxSlot chose 29 using historical next_tslot modulo probe
time_ns=73762000000 [MAC 4] TX opportunity reached currentSlot=6 reserveNextSlot=29
time_ns=73762000000 ... type=1 speedKey=8[t=73.762] TX from node 4 to dest 5 seq 1 size 50 bytes segments 2 at slot 29 rate 8 kbps txPower 33 dBm (7843.14 bps) preamble SHORT duration 0.07446 s
time_ns=73762000000 [t=73.762] RX OCCLUDED at node 3 from node 4 seq 1
time_ns=73762000000 [t=73.762] RX OCCLUDED at node 7 from node 4 seq 1
time_ns=73762000000 [t=73.762] RX OCCLUDED at node 8 from node 4 seq 1
time_ns=73762000000 [MAC 4] ACK transmitted in aggregate dest=5 seq=1 txCount=3/5
time_ns=73762000000 [MAC 4] ACK transmitted in aggregate dest=5 seq=3 txCount=2/5
time_ns=73762000000 [MAC 4] OPNET aggregate transmitted segments=2 ackSegments=2 dataSegments=0 bytes=50 rate=8
time_ns=73762012444 [t=73.762] RX SYNC at node 5 from node 4 seq 1 power -109.884 dBm noise -106.975 dBm snr -2.90891 dB state=1
time_ns=73762013632 [t=73.762] RX SYNC at node 2 from node 4 seq 1 power -111.468 dBm noise -106.975 dBm snr -4.4927 dB state=0
time_ns=73762023527 [t=73.762] RX SYNC at node 1 from node 4 seq 1 power -120.948 dBm noise -106.975 dBm snr -13.9725 dB state=1 below-threshold
time_ns=73768642444 [t=73.7686] MAC 5 enters Track on node 4 seq 1 power -109.884 dBm
time_ns=73836460000 [MAC 4] resumes Pre-Tx with live slot=29 counter=29
time_ns=73836472444 [t=73.8365] RX at node 5 from node 4 seq 1 rate 8 kbps txPower 33 dBm preamble SHORT pathloss 142.884 dB snr -2.90891 dB (slot 29, len 50B, ackable=0)
time_ns=73836472444 [MAC 5] Learned neighbor 4 uses slot 29 (rtCounter=29)
time_ns=73836472444 [HOP 5] RX ACK from 4 seq=1
time_ns=73836472444 [HOP 5] RX ACK from 4 seq=3
time_ns=73836472472 [NWK 5] CheckNwkQueue: size=0
time_ns=73836473632 [t=73.8365] RX MISS at node 2 from node 4 seq 1
time_ns=73866000000 [MAC 5] rtslot_counter expired for neighbor 1 reserveSlot=17
time_ns=73879000000 [MAC 5] PickTxSlot(dest=4) active_nodes_for_slotting=4 opnet_slot_range=31
time_ns=73879000000 [MAC 5] avoiding neighbor 4 currentReservedSlot=25 rtslot_counter=25
time_ns=73879000000 [MAC 5] PickTxSlot(dest=4) avoid: 25
time_ns=73879000000 [MAC 5] PickTxSlot chose 16 using historical next_tslot modulo probe
time_ns=73879000000 [MAC 5] TX opportunity reached currentSlot=28 reserveNextSlot=16
time_ns=73879000000 ... type=1 speedKey=8[t=73.879] TX from node 5 to dest 4 seq 8 size 180 bytes segments 5 at slot 16 rate 8 kbps txPower 33 dBm (7843.14 bps) preamble SHORT duration 0.20706 s
time_ns=73879000000 [t=73.879] RX OCCLUDED at node 2 from node 5 seq 8
time_ns=73879000000 [t=73.879] RX OCCLUDED at node 7 from node 5 seq 8
time_ns=73879000000 [t=73.879] RX OCCLUDED at node 8 from node 5 seq 8
time_ns=73879000000 [HOP 5] MAC sent confirmation dest=4 seq=4 transmission=1 sentAt=73.879
time_ns=73879000000 [HOP 5] MAC sent confirmation dest=4 seq=5 transmission=1 sentAt=73.879
time_ns=73879000000 [MAC 5] ACK transmitted in aggregate dest=4 seq=8 txCount=2/5
time_ns=73879000000 [MAC 5] ACK transmitted in aggregate dest=4 seq=9 txCount=1/5
time_ns=73879000000 [MAC 5] ACK transmitted in aggregate dest=4 seq=10 txCount=1/5
time_ns=73879000000 [MAC 5] OPNET aggregate transmitted segments=5 ackSegments=3 dataSegments=2 bytes=180 rate=8
time_ns=73879011086 [t=73.879] RX SYNC at node 1 from node 5 seq 8 power -107.876 dBm noise -106.975 dBm snr -0.900945 dB state=1
time_ns=73879012444 [t=73.879] RX SYNC at node 4 from node 5 seq 8 power -109.884 dBm noise -106.975 dBm snr -2.90891 dB state=1
time_ns=73879019163 [t=73.879] RX SYNC at node 3 from node 5 seq 8 power -117.383 dBm noise -106.975 dBm snr -10.408 dB state=1
time_ns=73885641086 [t=73.8856] MAC 1 enters Track on node 5 seq 8 power -107.876 dBm
time_ns=73885642444 [t=73.8856] MAC 4 enters Track on node 5 seq 8 power -109.884 dBm
time_ns=73885649163 [t=73.8856] MAC 3 enters Track on node 5 seq 8 power -117.383 dBm
time_ns=74086060000 [MAC 5] resumes Pre-Tx with live slot=16 counter=16
time_ns=74086071086 [t=74.0861] RX at node 1 from node 5 seq 8 rate 8 kbps txPower 33 dBm preamble SHORT pathloss 140.876 dB snr -0.900945 dB (slot 16, len 180B, ackable=1)
time_ns=74086071086 [MAC 1] Learned neighbor 5 uses slot 16 (rtCounter=16)
time_ns=74086071086 [HOP 1] Overheard frame from 5 for 4 type=1 ignored after neighbor update
time_ns=74086071086 [HOP 1] Overheard frame from 5 for 4 type=1 ignored after neighbor update
time_ns=74086071086 [HOP 1] Overheard frame from 5 for 4 type=1 ignored after neighbor update
time_ns=74086071086 [HOP 1] RX reliable RoutingControl from 5 seq=14 firstReception=1
time_ns=74086071086 [MAC 1] active_nodes set to 3 for local slotting and post-TX wait
time_ns=74086071086 [NWK 1] active_nodes=3 pushed to MAC
time_ns=74086071086 [MAC 1] max_reported_active_nodes updated to 4
time_ns=74086071086 [NWK 1] Updated HELLO neighbor=5 hopSrc=5 speedKey=8 activeNodes=4 pathloss=140.876 snr=-0.900945
time_ns=74086071086 [NWK 1] link_calc neighbor=5 s0=-103 pathloss=140.876 numFailures=0 speed=8 txPower=33 estDistance=298 speedMargin=-4.87595 totalMargin=-4.87595 costMode=local-only cost=7450
time_ns=74086071086 [NWK 1] Updated route candidate dst=5 nextHop=5 hops=1 oldCost=7450 newCost=7450 valid=1->1 selectionDeferred=0 selected=1
time_ns=74086071086 [NWK 1] ARL route message from 5 type=RoutingUpdate advCount=0
time_ns=74086071086 [NWK 1] Buffered ARL routing section from=5 routingSequence=11 section=0/1 buffered=1
time_ns=74086071086 [NWK 1] Reassembled complete ARL routing message from=5 routingSequence=11 sections=1 recordBytes=4 records=1
time_ns=74086071086 [NWK 1] Applied ARL DELETE from=5 dst=4 routingSequence=11
time_ns=74086071086 [NWK 1] Routes: dst=3->nh=3(hops=1,cost=3587,linkCost=3587,advCost=0,from=3,imm=1,pl=135.376,valid=1,path=[3]) dst=5->nh=5(hops=1,cost=7450,linkCost=7450,advCost=0,from=5,imm=1,pl=140.876,valid=1,path=[5]) dst=3->nh=5(hops=2,cost=14900,linkCost=7450,advCost=7450,from=5,imm=0,pl=140.876,valid=1,path=[5->3]) dst=5->nh=3(hops=2,cost=11037,linkCost=3587,advCost=7450,from=3,imm=0,pl=135.376,valid=1,path=[3->5]) dst=4->nh=5(hops=0,cost=0,linkCost=0,advCost=0,from=5,imm=0,pl=nan,valid=0,path=[])
time_ns=74086071086 [HOP 1] link_control dest=5 neighborKnown=1 s0=-103 pathloss=140.876 failures=0 speed=8 txPower=33 rxPower=-103 cost=7450
time_ns=74086071086 [HOP 1] ACK RoutingControl to 5 seq=14
time_ns=74086071086 [MAC 1] Enqueue ACK dest=5 seq=14 window=0 ack_queue_size=1
time_ns=74086071086 [MAC 1] PickTxSlot(dest=5) active_nodes_for_slotting=3 opnet_slot_range=31
time_ns=74086071086 [MAC 1] avoiding neighbor 5 currentReservedSlot=16 rtslot_counter=16
time_ns=74086071086 [MAC 1] PickTxSlot(dest=5) avoid: 16
time_ns=74086071086 [MAC 1] PickTxSlot chose 5 using historical next_tslot modulo probe
time_ns=74086071086 [MAC 1] starts Pre-Tx with new slot=5 holdoff_over=1
time_ns=74086072444 [t=74.0861] RX at node 4 from node 5 seq 8 rate 8 kbps txPower 33 dBm preamble SHORT pathloss 142.884 dB snr -2.90891 dB (slot 16, len 180B, ackable=1)
time_ns=74086072444 [MAC 4] Learned neighbor 5 uses slot 16 (rtCounter=16)
time_ns=74086072444 [HOP 4] RX ACK from 5 seq=8
time_ns=74086072444 [HOP 4] RX ACK from 5 seq=9
time_ns=74086072444 [HOP 4] Reliable NeighborCheck completed with 5 seq=9 subtype=0 discoverySequence=1
time_ns=74086072444 [NWK 4] NeighborCheck success neighbor=5 subtype=Discovery discoverySequence=1 stale=0->0 numFailures=0->0
time_ns=74086072444 [NWK 4] recompute hop-cost neighbor=5 failures=0 costMode=local-only newLinkCost=7450
time_ns=74086072444 [NWK 4] Recomputed route after link change dst=5 nextHop=5 oldCost=7450 newCost=7450 linkCost=7450 advertisedCost=0 numFailures=0
time_ns=74086072444 [NWK 4] ARL neighbor ACTIVE neighbor=5 reason=ACKed NeighborCheck keys=two-sided
time_ns=74086072444 [NWK 4] Updated selected-route preference dst=5 preferredNextHop=5
time_ns=74086072444 [NWK 4] Selected route changed dst=5 reason=neighbor admitted pendingDestinations=1
time_ns=74086072444 [HOP 4] RX ACK from 5 seq=10
time_ns=74086072444 [HOP 4] Reliable NeighborCheck completed with 5 seq=10 subtype=3 discoverySequence=0
time_ns=74086072444 [NWK 4] NeighborCheck success neighbor=5 subtype=Overheard discoverySequence=0 stale=0->0 numFailures=0->0
time_ns=74086072444 [NWK 4] recompute hop-cost neighbor=5 failures=0 costMode=local-only newLinkCost=7450
time_ns=74086072444 [NWK 4] Recomputed route after link change dst=5 nextHop=5 oldCost=7450 newCost=7450 linkCost=7450 advertisedCost=0 numFailures=0
time_ns=74086072444 [HOP 4] RX reliable RoutingControl from 5 seq=4 firstReception=1
time_ns=74086072444 [MAC 4] active_nodes set to 2 for local slotting and post-TX wait
time_ns=74086072444 [NWK 4] active_nodes=2 pushed to MAC
time_ns=74086072444 [MAC 4] max_reported_active_nodes updated to 4
time_ns=74086072444 [NWK 4] Updated HELLO neighbor=5 hopSrc=5 speedKey=8 activeNodes=4 pathloss=142.884 snr=-2.90891
time_ns=74086072444 [NWK 4] link_calc neighbor=5 s0=-103 pathloss=142.884 numFailures=0 speed=8 txPower=33 estDistance=298 speedMargin=-6.88391 totalMargin=-6.88391 costMode=local-only cost=7450
time_ns=74086072444 [NWK 4] Updated route candidate dst=5 nextHop=5 hops=1 oldCost=7450 newCost=7450 valid=1->1 selectionDeferred=0 selected=1
time_ns=74086072444 [NWK 4] ARL route message from 5 type=RoutingUpdate advCount=0
time_ns=74086072444 [NWK 4] Buffered ARL routing section from=5 routingSequence=10 section=0/1 buffered=1
time_ns=74086072444 [NWK 4] Reassembled complete ARL routing message from=5 routingSequence=10 sections=1 recordBytes=57 records=5
time_ns=74086072444 [NWK 4] Applied ARL INFO from=5 routingSequence=10
time_ns=74086072444 [NWK 4] Updated selected-route preference dst=5 preferredNextHop=5
time_ns=74086072444 [NWK 4] Selected route changed dst=5 reason=ARL self UPDATE pendingDestinations=1
time_ns=74086072444 [NWK 4] Applied source-owned neighbor capability neighbor=5 capability=1 routingSequence=10 directCost=7450
time_ns=74086072444 [NWK 4] Added route candidate dst=1 nextHop=5 hops=2 cost=14900 linkCost=7450 advCost=7450 learnedFrom=5 selectionDeferred=0 selected=1
time_ns=74086072444 [NWK 4] Updated selected-route preference dst=1 preferredNextHop=5
time_ns=74086072444 [NWK 4] Selected route changed dst=1 reason=candidate update pendingDestinations=2
time_ns=74086072444 [NWK 4] Applied ARL UPDATE from=5 dst=1 advertisedHops=1 advertisedCost=7450 routingSequence=10
time_ns=74086072444 [NWK 4] Added route candidate dst=3 nextHop=5 hops=2 cost=14900 linkCost=7450 advCost=7450 learnedFrom=5 selectionDeferred=0 selected=1
time_ns=74086072444 [NWK 4] Updated selected-route preference dst=3 preferredNextHop=5
time_ns=74086072444 [NWK 4] Selected route changed dst=3 reason=candidate update pendingDestinations=3
time_ns=74086072444 [NWK 4] Applied ARL UPDATE from=5 dst=3 advertisedHops=1 advertisedCost=7450 routingSequence=10
time_ns=74086072444 [NWK 4] Applied ARL FLUSH from=5 routingSequence=10 routesInvalidated=0
time_ns=74086072444 [NWK 4] Routes: dst=5->nh=5(hops=1,cost=7450,linkCost=7450,advCost=0,from=5,imm=1,pl=142.884,valid=1,path=[5]) dst=1->nh=5(hops=2,cost=14900,linkCost=7450,advCost=7450,from=5,imm=0,pl=142.884,valid=1,path=[5->1]) dst=3->nh=5(hops=2,cost=14900,linkCost=7450,advCost=7450,from=5,imm=0,pl=142.884,valid=1,path=[5->3])
time_ns=74086072444 [HOP 4] link_control dest=5 neighborKnown=1 s0=-103 pathloss=142.884 failures=0 speed=8 txPower=33 rxPower=-103 cost=7450
time_ns=74086072444 [HOP 4] ACK RoutingControl to 5 seq=4
time_ns=74086072444 [MAC 4] Enqueue ACK dest=5 seq=4 window=0 ack_queue_size=3
time_ns=74086072444 [HOP 4] RX reliable RoutingControl from 5 seq=5 firstReception=1
time_ns=74086072444 [MAC 4] active_nodes set to 2 for local slotting and post-TX wait
time_ns=74086072444 [NWK 4] active_nodes=2 pushed to MAC
time_ns=74086072444 [NWK 4] Updated HELLO neighbor=5 hopSrc=5 speedKey=8 activeNodes=4 pathloss=142.884 snr=-2.90891
time_ns=74086072444 [NWK 4] link_calc neighbor=5 s0=-103 pathloss=142.884 numFailures=0 speed=8 txPower=33 estDistance=298 speedMargin=-6.88391 totalMargin=-6.88391 costMode=local-only cost=7450
time_ns=74086072444 [NWK 4] Updated route candidate dst=5 nextHop=5 hops=1 oldCost=7450 newCost=7450 valid=1->1 selectionDeferred=0 selected=1
time_ns=74086072444 [NWK 4] ARL route message from 5 type=RoutingUpdate advCount=0
time_ns=74086072444 [NWK 4] Buffered ARL routing section from=5 routingSequence=11 section=0/1 buffered=1
time_ns=74086072444 [NWK 4] Reassembled complete ARL routing message from=5 routingSequence=11 sections=1 recordBytes=4 records=1
time_ns=74086072444 [NWK 4] Routes: dst=5->nh=5(hops=1,cost=7450,linkCost=7450,advCost=0,from=5,imm=1,pl=142.884,valid=1,path=[5]) dst=1->nh=5(hops=2,cost=14900,linkCost=7450,advCost=7450,from=5,imm=0,pl=142.884,valid=1,path=[5->1]) dst=3->nh=5(hops=2,cost=14900,linkCost=7450,advCost=7450,from=5,imm=0,pl=142.884,valid=1,path=[5->3])
time_ns=74086072444 [HOP 4] link_control dest=5 neighborKnown=1 s0=-103 pathloss=142.884 failures=0 speed=8 txPower=33 rxPower=-103 cost=7450
time_ns=74086072444 [HOP 4] ACK RoutingControl to 5 seq=5
time_ns=74086072444 [MAC 4] Enqueue ACK dest=5 seq=5 window=0 ack_queue_size=4
time_ns=74086072444 [NWK 4] Built ARL routing byte stream routingSequence=0 records=3 advertisedRoutes=1 recordBytes=29 sections=1 maxSectionBytes=700
time_ns=74086072444 [NWK 4] Starting reliable ARL RoutingSnapshot neighbor=5 routingSequence=0 sections=1
time_ns=74086072444 [NWK 4] Sending ARL RoutingSnapshot section=0/1 neighbor=5 routingSequence=0
time_ns=74086072444 [HOP 4] link_control dest=5 neighborKnown=1 s0=-103 pathloss=142.884 failures=0 speed=8 txPower=33 rxPower=-103 cost=7450
time_ns=74086072444 [HOP 4] TX reliable RoutingControl targets=5:11
time_ns=74086072444 [MAC] Enqueue TX pkt dscp=7 insert_pos=0 queue_size_before=0
time_ns=74086072444 [NWK 4] Armed RoutingSnapshot watchdog neighbor=5 phase=awaiting-independent-section-acks generation=1 timeoutSec=20
time_ns=74086072444 [NWK 4] routesProcess grouped selected-route changes count=3 infoChanged=0 time=74.0861
time_ns=74086072444 [NWK 4] Best route dst=3 nextHop=5 cost=14900 hops=2 learnedFrom=5 candidates=1 validCandidates=1
time_ns=74086072444 [NWK 4] Best route dst=1 nextHop=5 cost=14900 hops=2 learnedFrom=5 candidates=1 validCandidates=1
time_ns=74086072444 [NWK 4] Best route dst=5 nextHop=5 cost=7450 hops=1 learnedFrom=5 candidates=1 validCandidates=1
time_ns=74086072444 [NWK 4] Sending source-exact grouped route changes routingSequence=1 infoChanged=0 destinations=3 neighbors=1 groups=1 sections=1
time_ns=74086072444 [NWK 4] Retained grouped routing-control owner routingSequence=1 operation=Update section=0/1 destinations=1 owners=1
time_ns=74086072444 [HOP 4] link_control dest=5 neighborKnown=1 s0=-103 pathloss=142.884 failures=0 speed=8 txPower=33 rxPower=-103 cost=7450
time_ns=74086072444 [HOP 4] TX reliable RoutingControl targets=5:12
time_ns=74086072444 [MAC] Enqueue TX pkt dscp=7 insert_pos=1 queue_size_before=1
time_ns=74086072472 [NWK 4] CheckNwkQueue: size=0
time_ns=74086079163 [t=74.0861] RX at node 3 from node 5 seq 8 rate 8 kbps txPower 33 dBm preamble SHORT pathloss 150.383 dB snr -10.408 dB (slot 16, len 180B, ackable=1)
time_ns=74086079163 [MAC 3] Learned neighbor 5 uses slot 16 (rtCounter=16)
time_ns=74086079163 [HOP 3] Overheard frame from 5 for 4 type=1 ignored after neighbor update
time_ns=74086079163 [HOP 3] Overheard frame from 5 for 4 type=1 ignored after neighbor update
time_ns=74086079163 [HOP 3] Overheard frame from 5 for 4 type=1 ignored after neighbor update
time_ns=74086079163 [HOP 3] RX reliable RoutingControl from 5 seq=10 firstReception=1
time_ns=74086079163 [MAC 3] active_nodes set to 3 for local slotting and post-TX wait
time_ns=74086079163 [NWK 3] active_nodes=3 pushed to MAC
time_ns=74086079163 [MAC 3] max_reported_active_nodes updated to 4
time_ns=74086079163 [NWK 3] Updated HELLO neighbor=5 hopSrc=5 speedKey=8 activeNodes=4 pathloss=150.383 snr=-10.408
time_ns=74086079163 [NWK 3] link_calc neighbor=5 s0=-103 pathloss=150.383 numFailures=0 speed=8 txPower=33 estDistance=298 speedMargin=-14.383 totalMargin=-14.383 costMode=local-only cost=7450
time_ns=74086079163 [NWK 3] Updated route candidate dst=5 nextHop=5 hops=1 oldCost=7450 newCost=7450 valid=1->1 selectionDeferred=0 selected=1
time_ns=74086079163 [NWK 3] ARL route message from 5 type=RoutingUpdate advCount=0
time_ns=74086079163 [NWK 3] Buffered ARL routing section from=5 routingSequence=11 section=0/1 buffered=1
time_ns=74086079163 [NWK 3] Reassembled complete ARL routing message from=5 routingSequence=11 sections=1 recordBytes=4 records=1
time_ns=74086079163 [NWK 3] Applied ARL DELETE from=5 dst=4 routingSequence=11
time_ns=74086079163 [NWK 3] Routes: dst=1->nh=1(hops=1,cost=3587,linkCost=3587,advCost=0,from=1,imm=1,pl=135.376,valid=1,path=[1]) dst=5->nh=1(hops=2,cost=11037,linkCost=3587,advCost=7450,from=1,imm=0,pl=135.376,valid=1,path=[1->5]) dst=5->nh=5(hops=1,cost=7450,linkCost=7450,advCost=0,from=5,imm=1,pl=150.383,valid=1,path=[5]) dst=1->nh=5(hops=2,cost=14900,linkCost=7450,advCost=7450,from=5,imm=0,pl=150.383,valid=1,path=[5->1]) dst=4->nh=5(hops=0,cost=0,linkCost=0,advCost=0,from=5,imm=0,pl=nan,valid=0,path=[])
time_ns=74086079163 [HOP 3] link_control dest=5 neighborKnown=1 s0=-103 pathloss=150.383 failures=0 speed=8 txPower=33 rxPower=-103 cost=7450
time_ns=74086079163 [HOP 3] ACK RoutingControl to 5 seq=10
time_ns=74086079163 [MAC 3] Enqueue ACK dest=5 seq=10 window=0 ack_queue_size=1
time_ns=74086079163 [MAC 3] PickTxSlot(dest=5) active_nodes_for_slotting=3 opnet_slot_range=31
time_ns=74086079163 [MAC 3] avoiding neighbor 5 currentReservedSlot=16 rtslot_counter=16
time_ns=74086079163 [MAC 3] PickTxSlot(dest=5) avoid: 16
time_ns=74086079163 [MAC 3] PickTxSlot chose 30 using historical next_tslot modulo probe
time_ns=74086079163 [MAC 3] starts Pre-Tx with new slot=30 holdoff_over=1
time_ns=74152000000 [MAC 1] PickTxSlot(dest=5) active_nodes_for_slotting=3 opnet_slot_range=31
time_ns=74152000000 [MAC 1] avoiding neighbor 5 currentReservedSlot=10 rtslot_counter=10
time_ns=74152000000 [MAC 1] PickTxSlot(dest=5) avoid: 10
time_ns=74152000000 [MAC 1] PickTxSlot chose 3 using historical next_tslot modulo probe
time_ns=74152000000 [MAC 1] TX opportunity reached currentSlot=5 reserveNextSlot=3
time_ns=74152000000 ... type=1 speedKey=8[t=74.152] TX from node 1 to dest 5 seq 14 size 25 bytes segments 1 at slot 3 rate 8 kbps txPower 33 dBm (7843.14 bps) preamble SHORT duration 0.04896 s
time_ns=74152000000 [t=74.152] RX OCCLUDED at node 2 from node 1 seq 14
time_ns=74152000000 [t=74.152] RX OCCLUDED at node 7 from node 1 seq 14
time_ns=74152000000 [t=74.152] RX OCCLUDED at node 8 from node 1 seq 14
time_ns=74152000000 [MAC 1] ACK transmitted in aggregate dest=5 seq=14 txCount=1/5
time_ns=74152000000 [MAC 1] OPNET aggregate transmitted segments=1 ackSegments=1 dataSegments=0 bytes=25 rate=8
time_ns=74152008077 [t=74.152] RX SYNC at node 3 from node 1 seq 14 power -102.376 dBm noise -106.975 dBm snr 4.59934 dB state=1
time_ns=74152011086 [t=74.152] RX SYNC at node 5 from node 1 seq 14 power -107.876 dBm noise -106.975 dBm snr -0.900945 dB state=1
time_ns=74152023527 [t=74.152] RX SYNC at node 4 from node 1 seq 14 power -120.948 dBm noise -106.975 dBm snr -13.9725 dB state=1 below-threshold
time_ns=74158638077 [t=74.1586] MAC 3 enters Track on node 1 seq 14 power -102.376 dBm
time_ns=74158641086 [t=74.1586] MAC 5 enters Track on node 1 seq 14 power -107.876 dBm
time_ns=74200960000 [MAC 1] resumes Pre-Tx with live slot=3 counter=3
time_ns=74200968077 [t=74.201] RX OVERHEARD at node 3 from node 1 seq 14 rate 8 kbps txPower 33 dBm preamble SHORT pathloss 135.376 dB snr 4.59934 dB (slot 3, len 25B, ackable=0)
time_ns=74200968077 [MAC 3] Learned neighbor 1 uses slot 3 (rtCounter=3)
time_ns=74200968077 [HOP 3] Overheard frame from 1 for 5 type=1 ignored after neighbor update
time_ns=74200971086 [t=74.201] RX at node 5 from node 1 seq 14 rate 8 kbps txPower 33 dBm preamble SHORT pathloss 140.876 dB snr -0.900945 dB (slot 3, len 25B, ackable=0)
time_ns=74200971086 [MAC 5] Learned neighbor 1 uses slot 3 (rtCounter=3)
time_ns=74200971086 [HOP 5] RX ACK from 1 seq=14
time_ns=74200971086 [HOP 5] Reliable RoutingControl ACK progress with 1 seq=14 routingSequence=11 section=0/1
time_ns=74200971086 [NWK 5] Reliable RoutingControl ACKed neighbor=1 routingSequence=11 operation=Update section=0/1 lastOfInfo=0
time_ns=74200971086 [NWK 5] Updated grouped routing-control residual ACKed=1 removed=1 lastOfInfo=0 remaining=2
time_ns=74200971086 [HOP 5] RoutingControl partial ACK neighbor=1 seq=14 resendEntryRetained=1
time_ns=74200971114 [NWK 5] CheckNwkQueue: size=0
time_ns=74243000000 [MAC 3] rtslot_counter expired for neighbor 1 reserveSlot=3
time_ns=74243000000 [MAC 5] rtslot_counter expired for neighbor 1 reserveSlot=3
time_ns=74243000000 [MAC 1] PickTxSlot(dest=5) active_nodes_for_slotting=3 opnet_slot_range=31
time_ns=74243000000 [MAC 1] avoiding neighbor 5 currentReservedSlot=6 rtslot_counter=6
time_ns=74243000000 [MAC 1] PickTxSlot(dest=5) avoid: 6
time_ns=74243000000 [MAC 1] PickTxSlot chose 31 using historical next_tslot modulo probe
time_ns=74243000000 [MAC 1] TX opportunity reached currentSlot=3 reserveNextSlot=31
time_ns=74243000000 ... type=1 speedKey=8[t=74.243] TX from node 1 to dest 5 seq 14 size 25 bytes segments 1 at slot 31 rate 8 kbps txPower 33 dBm (7843.14 bps) preamble SHORT duration 0.04896 s
time_ns=74243000000 [t=74.243] RX OCCLUDED at node 2 from node 1 seq 14
time_ns=74243000000 [t=74.243] RX OCCLUDED at node 7 from node 1 seq 14
time_ns=74243000000 [t=74.243] RX OCCLUDED at node 8 from node 1 seq 14
time_ns=74243000000 [MAC 1] ACK transmitted in aggregate dest=5 seq=14 txCount=2/5
time_ns=74243000000 [MAC 1] OPNET aggregate transmitted segments=1 ackSegments=1 dataSegments=0 bytes=25 rate=8
time_ns=74243008077 [t=74.243] RX SYNC at node 3 from node 1 seq 14 power -102.376 dBm noise -106.975 dBm snr 4.59934 dB state=1
time_ns=74243011086 [t=74.243] RX SYNC at node 5 from node 1 seq 14 power -107.876 dBm noise -106.975 dBm snr -0.900945 dB state=1
time_ns=74243023527 [t=74.243] RX SYNC at node 4 from node 1 seq 14 power -120.948 dBm noise -106.975 dBm snr -13.9725 dB state=1 below-threshold
time_ns=74249638077 [t=74.2496] MAC 3 enters Track on node 1 seq 14 power -102.376 dBm
time_ns=74249641086 [t=74.2496] MAC 5 enters Track on node 1 seq 14 power -107.876 dBm
time_ns=74291960000 [MAC 1] resumes Pre-Tx with live slot=31 counter=31
time_ns=74291968077 [t=74.292] RX OVERHEARD at node 3 from node 1 seq 14 rate 8 kbps txPower 33 dBm preamble SHORT pathloss 135.376 dB snr 4.59934 dB (slot 31, len 25B, ackable=0)
time_ns=74291968077 [MAC 3] Learned neighbor 1 uses slot 31 (rtCounter=31)
time_ns=74291968077 [HOP 3] Overheard frame from 1 for 5 type=1 ignored after neighbor update
time_ns=74291971086 [t=74.292] RX at node 5 from node 1 seq 14 rate 8 kbps txPower 33 dBm preamble SHORT pathloss 140.876 dB snr -0.900945 dB (slot 31, len 25B, ackable=0)
time_ns=74291971086 [MAC 5] Learned neighbor 1 uses slot 31 (rtCounter=31)
time_ns=74291971086 [HOP 5] RX ACK from 1 seq=14
time_ns=74291971086 [HOP 5] Reliable RoutingControl ACK progress with 1 seq=14 routingSequence=11 section=0/1
time_ns=74291971086 [NWK 5] Reliable RoutingControl ACKed neighbor=1 routingSequence=11 operation=Update section=0/1 lastOfInfo=0
time_ns=74291971086 [NWK 5] Updated grouped routing-control residual ACKed=1 removed=0 lastOfInfo=0 remaining=2
time_ns=74291971086 [HOP 5] RoutingControl partial ACK neighbor=1 seq=14 resendEntryRetained=1
time_ns=74291971114 [NWK 5] CheckNwkQueue: size=0
time_ns=74295000000 [MAC 4] rtslot_counter expired for neighbor 5 reserveSlot=16
time_ns=74373000000 [MAC 3] rtslot_counter expired for neighbor 5 reserveSlot=16
time_ns=74373000000 [MAC 5] PickTxSlot(dest=4) active_nodes_for_slotting=4 opnet_slot_range=31
time_ns=74373000000 [MAC 5] avoiding neighbor 1 currentReservedSlot=24 rtslot_counter=24
time_ns=74373000000 [MAC 5] avoiding neighbor 4 currentReservedSlot=8 rtslot_counter=8
time_ns=74373000000 [MAC 5] PickTxSlot(dest=4) avoid: 8 24
time_ns=74373000000 [MAC 5] PickTxSlot chose 27 using historical next_tslot modulo probe
time_ns=74373000000 [MAC 5] TX opportunity reached currentSlot=16 reserveNextSlot=27
time_ns=74373000000 ... type=1 speedKey=8[t=74.373] TX from node 5 to dest 4 seq 8 size 75 bytes segments 3 at slot 27 rate 8 kbps txPower 33 dBm (7843.14 bps) preamble SHORT duration 0.09996 s
time_ns=74373000000 [t=74.373] RX OCCLUDED at node 2 from node 5 seq 8
time_ns=74373000000 [t=74.373] RX OCCLUDED at node 7 from node 5 seq 8
time_ns=74373000000 [t=74.373] RX OCCLUDED at node 8 from node 5 seq 8
time_ns=74373000000 [MAC 5] ACK transmitted in aggregate dest=4 seq=8 txCount=3/5
time_ns=74373000000 [MAC 5] ACK transmitted in aggregate dest=4 seq=9 txCount=2/5
time_ns=74373000000 [MAC 5] ACK transmitted in aggregate dest=4 seq=10 txCount=2/5
time_ns=74373000000 [MAC 5] OPNET aggregate transmitted segments=3 ackSegments=3 dataSegments=0 bytes=75 rate=8
time_ns=74373000000 [MAC 1] rtslot_counter expired for neighbor 5 reserveSlot=16
time_ns=74373011086 [t=74.373] RX SYNC at node 1 from node 5 seq 8 power -107.876 dBm noise -106.975 dBm snr -0.900945 dB state=1
time_ns=74373012444 [t=74.373] RX SYNC at node 4 from node 5 seq 8 power -109.884 dBm noise -106.975 dBm snr -2.90891 dB state=1
time_ns=74373019163 [t=74.373] RX SYNC at node 3 from node 5 seq 8 power -117.383 dBm noise -106.975 dBm snr -10.408 dB state=1
time_ns=74379641086 [t=74.3796] MAC 1 enters Track on node 5 seq 8 power -107.876 dBm
time_ns=74379642444 [t=74.3796] MAC 4 enters Track on node 5 seq 8 power -109.884 dBm
time_ns=74379649163 [t=74.3796] MAC 3 enters Track on node 5 seq 8 power -117.383 dBm
time_ns=74472960000 [MAC 5] resumes Pre-Tx with live slot=27 counter=27
time_ns=74472971086 [t=74.473] RX OVERHEARD at node 1 from node 5 seq 8 rate 8 kbps txPower 33 dBm preamble SHORT pathloss 140.876 dB snr -0.900945 dB (slot 27, len 75B, ackable=0)
time_ns=74472971086 [MAC 1] Learned neighbor 5 uses slot 27 (rtCounter=27)
time_ns=74472971086 [HOP 1] Overheard frame from 5 for 4 type=1 ignored after neighbor update
time_ns=74472971086 [HOP 1] Overheard frame from 5 for 4 type=1 ignored after neighbor update
time_ns=74472971086 [HOP 1] Overheard frame from 5 for 4 type=1 ignored after neighbor update
time_ns=74472972444 [t=74.473] RX at node 4 from node 5 seq 8 rate 8 kbps txPower 33 dBm preamble SHORT pathloss 142.884 dB snr -2.90891 dB (slot 27, len 75B, ackable=0)
time_ns=74472972444 [MAC 4] Learned neighbor 5 uses slot 27 (rtCounter=27)
time_ns=74472972444 [HOP 4] RX ACK from 5 seq=8
time_ns=74472972444 [HOP 4] RX ACK from 5 seq=9
time_ns=74472972444 [HOP 4] RX ACK from 5 seq=10
time_ns=74472972472 [NWK 4] CheckNwkQueue: size=0
time_ns=74472979163 [t=74.473] RX OVERHEARD at node 3 from node 5 seq 8 rate 8 kbps txPower 33 dBm preamble SHORT pathloss 150.383 dB snr -10.408 dB (slot 27, len 75B, ackable=0)
time_ns=74472979163 [MAC 3] Learned neighbor 5 uses slot 27 (rtCounter=27)
time_ns=74472979163 [HOP 3] Overheard frame from 5 for 4 type=1 ignored after neighbor update
time_ns=74472979163 [HOP 3] Overheard frame from 5 for 4 type=1 ignored after neighbor update
time_ns=74472979163 [HOP 3] Overheard frame from 5 for 4 type=1 ignored after neighbor update
time_ns=74503000000 [MAC 4] PickTxSlot(dest=5) active_nodes_for_slotting=2 opnet_slot_range=31
time_ns=74503000000 [MAC 4] avoiding neighbor 5 currentReservedSlot=24 rtslot_counter=24
time_ns=74503000000 [MAC 4] PickTxSlot(dest=5) avoid: 24
time_ns=74503000000 [MAC 4] PickTxSlot chose 8 using historical next_tslot modulo probe
time_ns=74503000000 [MAC 4] TX opportunity reached currentSlot=29 reserveNextSlot=8
time_ns=74503000000 ... type=1 speedKey=8[t=74.503] TX from node 4 to dest 5 seq 1 size 221 bytes segments 6 at slot 8 rate 8 kbps txPower 33 dBm (7843.14 bps) preamble SHORT duration 0.24888 s
time_ns=74503000000 [t=74.503] RX OCCLUDED at node 3 from node 4 seq 1
time_ns=74503000000 [t=74.503] RX OCCLUDED at node 7 from node 4 seq 1
time_ns=74503000000 [t=74.503] RX OCCLUDED at node 8 from node 4 seq 1
time_ns=74503000000 [HOP 4] MAC sent confirmation dest=5 seq=11 transmission=1 sentAt=74.503
time_ns=74503000000 [HOP 4] MAC sent confirmation dest=5 seq=12 transmission=1 sentAt=74.503
time_ns=74503000000 [MAC 4] ACK transmitted in aggregate dest=5 seq=1 txCount=4/5
time_ns=74503000000 [MAC 4] ACK transmitted in aggregate dest=5 seq=3 txCount=3/5
time_ns=74503000000 [MAC 4] ACK transmitted in aggregate dest=5 seq=4 txCount=1/5
time_ns=74503000000 [MAC 4] ACK transmitted in aggregate dest=5 seq=5 txCount=1/5
time_ns=74503000000 [MAC 4] OPNET aggregate transmitted segments=6 ackSegments=4 dataSegments=2 bytes=221 rate=8
time_ns=74503012444 [t=74.503] RX SYNC at node 5 from node 4 seq 1 power -109.884 dBm noise -106.975 dBm snr -2.90891 dB state=1
time_ns=74503013632 [t=74.503] RX SYNC at node 2 from node 4 seq 1 power -111.468 dBm noise -106.975 dBm snr -4.4927 dB state=0
time_ns=74503023527 [t=74.503] RX SYNC at node 1 from node 4 seq 1 power -120.948 dBm noise -106.975 dBm snr -13.9725 dB state=1 below-threshold
time_ns=74509642444 [t=74.5096] MAC 5 enters Track on node 4 seq 1 power -109.884 dBm
time_ns=74646000000 [MAC 3] PickTxSlot(dest=5) active_nodes_for_slotting=3 opnet_slot_range=31
time_ns=74646000000 [MAC 3] avoiding neighbor 1 currentReservedSlot=10 rtslot_counter=10
time_ns=74646000000 [MAC 3] avoiding neighbor 5 currentReservedSlot=13 rtslot_counter=13
time_ns=74646000000 [MAC 3] PickTxSlot(dest=5) avoid: 10 13
time_ns=74646000000 [MAC 3] PickTxSlot chose 18 using historical next_tslot modulo probe
time_ns=74646000000 [MAC 3] TX opportunity reached currentSlot=30 reserveNextSlot=18
time_ns=74646000000 ... type=1 speedKey=8[t=74.646] TX from node 3 to dest 5 seq 10 size 25 bytes segments 1 at slot 18 rate 8 kbps txPower 33 dBm (7843.14 bps) preamble SHORT duration 0.04896 s
time_ns=74646000000 [t=74.646] RX OCCLUDED at node 2 from node 3 seq 10
time_ns=74646000000 [t=74.646] RX OCCLUDED at node 4 from node 3 seq 10
time_ns=74646000000 [t=74.646] RX OCCLUDED at node 7 from node 3 seq 10
time_ns=74646000000 [t=74.646] RX OCCLUDED at node 8 from node 3 seq 10
time_ns=74646000000 [MAC 3] ACK transmitted in aggregate dest=5 seq=10 txCount=1/5
time_ns=74646000000 [MAC 3] OPNET aggregate transmitted segments=1 ackSegments=1 dataSegments=0 bytes=25 rate=8
time_ns=74646008077 [t=74.646] RX SYNC at node 1 from node 3 seq 10 power -102.376 dBm noise -106.975 dBm snr 4.59934 dB state=1
time_ns=74646019163 [t=74.646] RX SYNC at node 5 from node 3 seq 10 power -117.383 dBm noise -106.975 dBm snr -10.408 dB state=2 below-threshold
time_ns=74652638077 [t=74.6526] MAC 1 enters Track on node 3 seq 10 power -102.376 dBm
time_ns=74694960000 [MAC 3] resumes Pre-Tx with live slot=18 counter=18
time_ns=74694968077 [t=74.695] RX OVERHEARD at node 1 from node 3 seq 10 rate 8 kbps txPower 33 dBm preamble SHORT pathloss 135.376 dB snr 4.59934 dB (slot 18, len 25B, ackable=0)
time_ns=74694968077 [MAC 1] Learned neighbor 3 uses slot 18 (rtCounter=18)
time_ns=74694968077 [HOP 1] Overheard frame from 3 for 5 type=1 ignored after neighbor update
time_ns=74751880000 [MAC 4] resumes Pre-Tx with live slot=8 counter=8
time_ns=74751892444 [t=74.7519] RX at node 5 from node 4 seq 1 rate 8 kbps txPower 33 dBm preamble SHORT pathloss 142.884 dB snr -2.90891 dB (slot 8, len 221B, ackable=1)
time_ns=74751892444 [MAC 5] Learned neighbor 4 uses slot 8 (rtCounter=8)
time_ns=74751892444 [HOP 5] RX ACK from 4 seq=1
time_ns=74751892444 [HOP 5] RX ACK from 4 seq=3
time_ns=74751892444 [HOP 5] RX ACK from 4 seq=4
time_ns=74751892444 [HOP 5] Reliable RoutingControl completed with 4 seq=4 routingSequence=10 section=0/1
time_ns=74751892444 [NWK 5] Reliable RoutingControl ACKed neighbor=4 routingSequence=10 operation=Update section=0/1 lastOfInfo=1
time_ns=74751892444 [NWK 5] ARL RoutingSnapshot section ACKed neighbor=4 routingSequence=10 section=0/1 ackedSections=1
time_ns=74751892444 [NWK 5] Reliable ARL RoutingSnapshot completed neighbor=4 routingSequence=10 sections=1
time_ns=74751892444 [HOP 5] RX ACK from 4 seq=5
time_ns=74751892444 [HOP 5] Reliable RoutingControl ACK progress with 4 seq=5 routingSequence=11 section=0/1
time_ns=74751892444 [NWK 5] Reliable RoutingControl ACKed neighbor=4 routingSequence=11 operation=Update section=0/1 lastOfInfo=0
time_ns=74751892444 [NWK 5] Updated grouped routing-control residual ACKed=4 removed=1 lastOfInfo=0 remaining=1
time_ns=74751892444 [HOP 5] RoutingControl partial ACK neighbor=4 seq=5 resendEntryRetained=1
time_ns=74751892444 [HOP 5] RX reliable RoutingControl from 4 seq=11 firstReception=1
time_ns=74751892444 [MAC 5] active_nodes set to 4 for local slotting and post-TX wait
time_ns=74751892444 [NWK 5] active_nodes=4 pushed to MAC
time_ns=74751892444 [NWK 5] Updated HELLO neighbor=4 hopSrc=4 speedKey=8 activeNodes=2 pathloss=142.884 snr=-2.90891
time_ns=74751892444 [NWK 5] link_calc neighbor=4 s0=-103 pathloss=142.884 numFailures=0 speed=8 txPower=33 estDistance=298 speedMargin=-6.88391 totalMargin=-6.88391 costMode=local-only cost=7450
time_ns=74751892444 [NWK 5] Updated route candidate dst=4 nextHop=4 hops=1 oldCost=7450 newCost=7450 valid=1->1 selectionDeferred=0 selected=1
time_ns=74751892444 [NWK 5] ARL route message from 4 type=RoutingUpdate advCount=0
time_ns=74751892444 [NWK 5] Buffered ARL routing section from=4 routingSequence=0 section=0/1 buffered=1
time_ns=74751892444 [NWK 5] Reassembled complete ARL routing message from=4 routingSequence=0 sections=1 recordBytes=29 records=3
time_ns=74751892444 [NWK 5] Applied ARL INFO from=4 routingSequence=0
time_ns=74751892444 [NWK 5] Updated selected-route preference dst=4 preferredNextHop=4
time_ns=74751892444 [NWK 5] Selected route changed dst=4 reason=ARL self UPDATE pendingDestinations=1
time_ns=74751892444 [NWK 5] Applied source-owned neighbor capability neighbor=4 capability=1 routingSequence=0 directCost=7450
time_ns=74751892444 [NWK 5] Applied ARL FLUSH from=4 routingSequence=0 routesInvalidated=0
time_ns=74751892444 [NWK 5] Routes: dst=1->nh=1(hops=1,cost=7450,linkCost=7450,advCost=0,from=1,imm=1,pl=140.876,valid=1,path=[1]) dst=3->nh=1(hops=2,cost=11037,linkCost=7450,advCost=3587,from=1,imm=0,pl=140.876,valid=1,path=[1->3]) dst=3->nh=3(hops=1,cost=7450,linkCost=7450,advCost=0,from=3,imm=1,pl=150.383,valid=1,path=[3]) dst=1->nh=3(hops=2,cost=11037,linkCost=7450,advCost=3587,from=3,imm=0,pl=150.383,valid=1,path=[3->1]) dst=4->nh=4(hops=1,cost=7450,linkCost=7450,advCost=0,from=4,imm=1,pl=142.884,valid=1,path=[4])
time_ns=74751892444 [HOP 5] link_control dest=4 neighborKnown=1 s0=-103 pathloss=142.884 failures=0 speed=8 txPower=33 rxPower=-103 cost=7450
time_ns=74751892444 [HOP 5] ACK RoutingControl to 4 seq=11
time_ns=74751892444 [MAC 5] Enqueue ACK dest=4 seq=11 window=0 ack_queue_size=4
time_ns=74751892444 [HOP 5] RX reliable RoutingControl from 4 seq=12 firstReception=1
time_ns=74751892444 [MAC 5] active_nodes set to 4 for local slotting and post-TX wait
time_ns=74751892444 [NWK 5] active_nodes=4 pushed to MAC
time_ns=74751892444 [NWK 5] Updated HELLO neighbor=4 hopSrc=4 speedKey=8 activeNodes=2 pathloss=142.884 snr=-2.90891
time_ns=74751892444 [NWK 5] link_calc neighbor=4 s0=-103 pathloss=142.884 numFailures=0 speed=8 txPower=33 estDistance=298 speedMargin=-6.88391 totalMargin=-6.88391 costMode=local-only cost=7450
time_ns=74751892444 [NWK 5] Updated route candidate dst=4 nextHop=4 hops=1 oldCost=7450 newCost=7450 valid=1->1 selectionDeferred=0 selected=1
time_ns=74751892444 [NWK 5] ARL route message from 4 type=RoutingUpdate advCount=0
time_ns=74751892444 [NWK 5] Buffered ARL routing section from=4 routingSequence=1 section=0/1 buffered=1
time_ns=74751892444 [NWK 5] Reassembled complete ARL routing message from=4 routingSequence=1 sections=1 recordBytes=48 records=3
time_ns=74751892444 [NWK 5] Ignoring unsupported ARL UPDATE node node24=5 from=4
time_ns=74751892444 [NWK 5] Routes: dst=1->nh=1(hops=1,cost=7450,linkCost=7450,advCost=0,from=1,imm=1,pl=140.876,valid=1,path=[1]) dst=3->nh=1(hops=2,cost=11037,linkCost=7450,advCost=3587,from=1,imm=0,pl=140.876,valid=1,path=[1->3]) dst=3->nh=3(hops=1,cost=7450,linkCost=7450,advCost=0,from=3,imm=1,pl=150.383,valid=1,path=[3]) dst=1->nh=3(hops=2,cost=11037,linkCost=7450,advCost=3587,from=3,imm=0,pl=150.383,valid=1,path=[3->1]) dst=4->nh=4(hops=1,cost=7450,linkCost=7450,advCost=0,from=4,imm=1,pl=142.884,valid=1,path=[4]) dst=3->nh=4(hops=3,cost=0,linkCost=0,advCost=14900,from=4,imm=0,pl=nan,valid=0,path=[5->3]) dst=1->nh=4(hops=3,cost=0,linkCost=0,advCost=14900,from=4,imm=0,pl=nan,valid=0,path=[5->1])
time_ns=74751892444 [HOP 5] link_control dest=4 neighborKnown=1 s0=-103 pathloss=142.884 failures=0 speed=8 txPower=33 rxPower=-103 cost=7450
time_ns=74751892444 [HOP 5] ACK RoutingControl to 4 seq=12
time_ns=74751892444 [MAC 5] Enqueue ACK dest=4 seq=12 window=0 ack_queue_size=5
time_ns=74751892444 [NWK 5] routesProcess grouped selected-route changes count=1 infoChanged=0 time=74.7519
time_ns=74751892444 [NWK 5] Best route dst=4 nextHop=4 cost=7450 hops=1 learnedFrom=4 candidates=1 validCandidates=1
time_ns=74751892444 [NWK 5] Sending source-exact grouped route changes routingSequence=12 infoChanged=0 destinations=1 neighbors=3 groups=1 sections=1
time_ns=74751892444 [NWK 5] Retained grouped routing-control owner routingSequence=12 operation=Update section=0/1 destinations=3 owners=2
time_ns=74751892444 [HOP 5] link_control dest=4 neighborKnown=1 s0=-103 pathloss=142.884 failures=0 speed=8 txPower=33 rxPower=-103 cost=7450
time_ns=74751892444 [HOP 5] link_control dest=3 neighborKnown=1 s0=-103 pathloss=150.383 failures=0 speed=8 txPower=33 rxPower=-103 cost=7450
time_ns=74751892444 [HOP 5] link_control dest=1 neighborKnown=1 s0=-103 pathloss=140.876 failures=0 speed=8 txPower=33 rxPower=-103 cost=7450
time_ns=74751892444 [HOP 5] TX reliable RoutingControl targets=4:6,3:11,1:15
time_ns=74751892444 [MAC] Enqueue TX pkt dscp=7 insert_pos=0 queue_size_before=0
time_ns=74751892472 [NWK 5] CheckNwkQueue: size=0
time_ns=74751893632 [t=74.7519] RX MISS at node 2 from node 4 seq 1
time_ns=74828000000 [MAC 3] rtslot_counter expired for neighbor 1 reserveSlot=31
time_ns=74828000000 [MAC 1] PickTxSlot(dest=5) active_nodes_for_slotting=3 opnet_slot_range=31
time_ns=74828000000 [MAC 1] avoiding neighbor 3 currentReservedSlot=7 rtslot_counter=7
time_ns=74828000000 [MAC 1] avoiding neighbor 5 currentReservedSlot=2 rtslot_counter=2
time_ns=74828000000 [MAC 1] PickTxSlot(dest=5) avoid: 2 7
time_ns=74828000000 [MAC 1] PickTxSlot chose 12 using historical next_tslot modulo probe
time_ns=74828000000 [MAC 1] TX opportunity reached currentSlot=31 reserveNextSlot=12
time_ns=74828000000 ... type=1 speedKey=8[t=74.828] TX from node 1 to dest 5 seq 14 size 25 bytes segments 1 at slot 12 rate 8 kbps txPower 33 dBm (7843.14 bps) preamble SHORT duration 0.04896 s
time_ns=74828000000 [t=74.828] RX OCCLUDED at node 2 from node 1 seq 14
time_ns=74828000000 [t=74.828] RX OCCLUDED at node 7 from node 1 seq 14
time_ns=74828000000 [t=74.828] RX OCCLUDED at node 8 from node 1 seq 14
time_ns=74828000000 [MAC 1] ACK transmitted in aggregate dest=5 seq=14 txCount=3/5
time_ns=74828000000 [MAC 1] OPNET aggregate transmitted segments=1 ackSegments=1 dataSegments=0 bytes=25 rate=8
time_ns=74828008077 [t=74.828] RX SYNC at node 3 from node 1 seq 14 power -102.376 dBm noise -106.975 dBm snr 4.59934 dB state=1
time_ns=74828011086 [t=74.828] RX SYNC at node 5 from node 1 seq 14 power -107.876 dBm noise -106.975 dBm snr -0.900945 dB state=1
time_ns=74828023527 [t=74.828] RX SYNC at node 4 from node 1 seq 14 power -120.948 dBm noise -106.975 dBm snr -13.9725 dB state=1 below-threshold
time_ns=74834638077 [t=74.8346] MAC 3 enters Track on node 1 seq 14 power -102.376 dBm
time_ns=74834641086 [t=74.8346] MAC 5 enters Track on node 1 seq 14 power -107.876 dBm
time_ns=74867000000 [MAC 4] PickTxSlot(dest=5) active_nodes_for_slotting=2 opnet_slot_range=31
time_ns=74867000000 [MAC 4] avoiding neighbor 5 currentReservedSlot=15 rtslot_counter=15
time_ns=74867000000 [MAC 4] PickTxSlot(dest=5) avoid: 15
time_ns=74867000000 [MAC 4] PickTxSlot chose 17 using historical next_tslot modulo probe
time_ns=74867000000 [MAC 4] TX opportunity reached currentSlot=8 reserveNextSlot=17
time_ns=74867000000 ... type=1 speedKey=8[t=74.867] TX from node 4 to dest 5 seq 1 size 100 bytes segments 4 at slot 17 rate 8 kbps txPower 33 dBm (7843.14 bps) preamble SHORT duration 0.12546 s
time_ns=74867000000 [t=74.867] RX OCCLUDED at node 3 from node 4 seq 1
time_ns=74867000000 [t=74.867] RX OCCLUDED at node 7 from node 4 seq 1
time_ns=74867000000 [t=74.867] RX OCCLUDED at node 8 from node 4 seq 1
time_ns=74867000000 [MAC 4] ACK transmitted in aggregate dest=5 seq=1 txCount=5/5
time_ns=74867000000 [MAC 4] ACK transmitted in aggregate dest=5 seq=3 txCount=4/5
time_ns=74867000000 [MAC 4] ACK transmitted in aggregate dest=5 seq=4 txCount=2/5
time_ns=74867000000 [MAC 4] ACK transmitted in aggregate dest=5 seq=5 txCount=2/5
time_ns=74867000000 [MAC 4] Remove ACK after OPNET resend limit dest=5 seq=1
time_ns=74867000000 [MAC 4] OPNET aggregate transmitted segments=4 ackSegments=4 dataSegments=0 bytes=100 rate=8
time_ns=74867012444 [t=74.867] RX SYNC at node 5 from node 4 seq 1 power -109.884 dBm noise -106.975 dBm snr -2.90891 dB state=2
time_ns=74867013632 [t=74.867] RX SYNC at node 2 from node 4 seq 1 power -111.468 dBm noise -106.975 dBm snr -4.4927 dB state=0
time_ns=74867023527 [t=74.867] RX SYNC at node 1 from node 4 seq 1 power -120.948 dBm noise -106.975 dBm snr -13.9725 dB state=3 below-threshold
time_ns=74876960000 [MAC 1] resumes Pre-Tx with live slot=12 counter=12
time_ns=74876968077 [t=74.877] RX OVERHEARD at node 3 from node 1 seq 14 rate 8 kbps txPower 33 dBm preamble SHORT pathloss 135.376 dB snr 4.59934 dB (slot 12, len 25B, ackable=0)
time_ns=74876968077 [MAC 3] Learned neighbor 1 uses slot 12 (rtCounter=12)
time_ns=74876968077 [HOP 3] Overheard frame from 1 for 5 type=1 ignored after neighbor update
time_ns=74876971086 [t=74.877] RX at node 5 from node 1 seq 14 rate 8 kbps txPower 33 dBm preamble SHORT pathloss 140.876 dB snr -0.900945 dB (slot 12, len 25B, ackable=0)
time_ns=74876971086 [MAC 5] Learned neighbor 1 uses slot 12 (rtCounter=12)
time_ns=74876971086 [HOP 5] RX ACK from 1 seq=14
time_ns=74876971086 [HOP 5] Reliable RoutingControl ACK progress with 1 seq=14 routingSequence=11 section=0/1
time_ns=74876971086 [NWK 5] Reliable RoutingControl ACKed neighbor=1 routingSequence=11 operation=Update section=0/1 lastOfInfo=0
time_ns=74876971086 [NWK 5] Updated grouped routing-control residual ACKed=1 removed=0 lastOfInfo=0 remaining=1
time_ns=74876971086 [HOP 5] RoutingControl partial ACK neighbor=1 seq=14 resendEntryRetained=1
time_ns=74876971114 [NWK 5] CheckNwkQueue: size=0
time_ns=74906000000 [MAC 3] rtslot_counter expired for neighbor 5 reserveSlot=27
time_ns=74906000000 [MAC 1] rtslot_counter expired for neighbor 5 reserveSlot=27
time_ns=74919000000 [MAC 5] rtslot_counter expired for neighbor 4 reserveSlot=8
time_ns=74971000000 [MAC 3] PickTxSlot(dest=5) active_nodes_for_slotting=3 opnet_slot_range=31
time_ns=74971000000 [MAC 3] avoiding neighbor 1 currentReservedSlot=4 rtslot_counter=4
time_ns=74971000000 [MAC 3] PickTxSlot(dest=5) avoid: 4
time_ns=74971000000 [MAC 3] PickTxSlot chose 20 using historical next_tslot modulo probe
time_ns=74971000000 [MAC 3] TX opportunity reached currentSlot=18 reserveNextSlot=20
time_ns=74971000000 ... type=1 speedKey=8[t=74.971] TX from node 3 to dest 5 seq 10 size 25 bytes segments 1 at slot 20 rate 8 kbps txPower 33 dBm (7843.14 bps) preamble SHORT duration 0.04896 s
time_ns=74971000000 [t=74.971] RX OCCLUDED at node 2 from node 3 seq 10
time_ns=74971000000 [t=74.971] RX OCCLUDED at node 4 from node 3 seq 10
time_ns=74971000000 [t=74.971] RX OCCLUDED at node 7 from node 3 seq 10
time_ns=74971000000 [t=74.971] RX OCCLUDED at node 8 from node 3 seq 10
time_ns=74971000000 [MAC 3] ACK transmitted in aggregate dest=5 seq=10 txCount=2/5
time_ns=74971000000 [MAC 3] OPNET aggregate transmitted segments=1 ackSegments=1 dataSegments=0 bytes=25 rate=8
time_ns=74971000000 [MAC 1] rtslot_counter expired for neighbor 3 reserveSlot=18
time_ns=74971008077 [t=74.971] RX SYNC at node 1 from node 3 seq 10 power -102.376 dBm noise -106.975 dBm snr 4.59934 dB state=1
time_ns=74971019163 [t=74.971] RX SYNC at node 5 from node 3 seq 10 power -117.383 dBm noise -106.975 dBm snr -10.408 dB state=1
time_ns=74977638077 [t=74.9776] MAC 1 enters Track on node 3 seq 10 power -102.376 dBm
time_ns=74977649163 [t=74.9776] MAC 5 enters Track on node 3 seq 10 power -117.383 dBm
time_ns=74992460000 [MAC 4] resumes Pre-Tx with live slot=17 counter=17
time_ns=74992473632 [t=74.9925] RX MISS at node 2 from node 4 seq 1
time_ns=74992483527 [t=74.9925] RX MISS at node 1 from node 4 seq 1
time_ns=75019960000 [MAC 3] resumes Pre-Tx with live slot=20 counter=20
time_ns=75019968077 [t=75.02] RX OVERHEARD at node 1 from node 3 seq 10 rate 8 kbps txPower 33 dBm preamble SHORT pathloss 135.376 dB snr 4.59934 dB (slot 20, len 25B, ackable=0)
time_ns=75019968077 [MAC 1] Learned neighbor 3 uses slot 20 (rtCounter=20)
time_ns=75019968077 [HOP 1] Overheard frame from 3 for 5 type=1 ignored after neighbor update
time_ns=75019979163 [t=75.02] RX at node 5 from node 3 seq 10 rate 8 kbps txPower 33 dBm preamble SHORT pathloss 150.383 dB snr -10.408 dB (slot 20, len 25B, ackable=0)
time_ns=75019979163 [MAC 5] Learned neighbor 3 uses slot 20 (rtCounter=20)
time_ns=75019979163 [HOP 5] RX ACK from 3 seq=10
time_ns=75019979163 [HOP 5] Reliable RoutingControl completed with 3 seq=10 routingSequence=11 section=0/1
time_ns=75019979163 [NWK 5] Reliable RoutingControl ACKed neighbor=3 routingSequence=11 operation=Update section=0/1 lastOfInfo=1
time_ns=75019979163 [NWK 5] Updated grouped routing-control residual ACKed=3 removed=1 lastOfInfo=1 remaining=0
time_ns=75019979163 [NWK 5] Released completed grouped routing-control owner routingSequence=11 section=0
time_ns=75019979191 [NWK 5] CheckNwkQueue: size=0
time_ns=75075000000 [MAC 3] rtslot_counter expired for neighbor 1 reserveSlot=12
time_ns=75075000000 [MAC 1] PickTxSlot(dest=5) active_nodes_for_slotting=3 opnet_slot_range=31
time_ns=75075000000 [MAC 1] avoiding neighbor 3 currentReservedSlot=15 rtslot_counter=15
time_ns=75075000000 [MAC 1] PickTxSlot(dest=5) avoid: 15
time_ns=75075000000 [MAC 1] PickTxSlot chose 21 using historical next_tslot modulo probe
time_ns=75075000000 [MAC 1] TX opportunity reached currentSlot=12 reserveNextSlot=21
time_ns=75075000000 ... type=1 speedKey=8[t=75.075] TX from node 1 to dest 5 seq 14 size 25 bytes segments 1 at slot 21 rate 8 kbps txPower 33 dBm (7843.14 bps) preamble SHORT duration 0.04896 s
time_ns=75075000000 [t=75.075] RX OCCLUDED at node 2 from node 1 seq 14
time_ns=75075000000 [t=75.075] RX OCCLUDED at node 7 from node 1 seq 14
time_ns=75075000000 [t=75.075] RX OCCLUDED at node 8 from node 1 seq 14
time_ns=75075000000 [MAC 1] ACK transmitted in aggregate dest=5 seq=14 txCount=4/5
time_ns=75075000000 [MAC 1] OPNET aggregate transmitted segments=1 ackSegments=1 dataSegments=0 bytes=25 rate=8
time_ns=75075008077 [t=75.075] RX SYNC at node 3 from node 1 seq 14 power -102.376 dBm noise -106.975 dBm snr 4.59934 dB state=1
time_ns=75075011086 [t=75.075] RX SYNC at node 5 from node 1 seq 14 power -107.876 dBm noise -106.975 dBm snr -0.900945 dB state=1
time_ns=75075023527 [t=75.075] RX SYNC at node 4 from node 1 seq 14 power -120.948 dBm noise -106.975 dBm snr -13.9725 dB state=1 below-threshold
time_ns=75081638077 [t=75.0816] MAC 3 enters Track on node 1 seq 14 power -102.376 dBm
time_ns=75081641086 [t=75.0816] MAC 5 enters Track on node 1 seq 14 power -107.876 dBm
time_ns=75123960000 [MAC 1] resumes Pre-Tx with live slot=21 counter=21
time_ns=75123968077 [t=75.124] RX OVERHEARD at node 3 from node 1 seq 14 rate 8 kbps txPower 33 dBm preamble SHORT pathloss 135.376 dB snr 4.59934 dB (slot 21, len 25B, ackable=0)
time_ns=75123968077 [MAC 3] Learned neighbor 1 uses slot 21 (rtCounter=21)
time_ns=75123968077 [HOP 3] Overheard frame from 1 for 5 type=1 ignored after neighbor update
time_ns=75123971086 [t=75.124] RX at node 5 from node 1 seq 14 rate 8 kbps txPower 33 dBm preamble SHORT pathloss 140.876 dB snr -0.900945 dB (slot 21, len 25B, ackable=0)
time_ns=75123971086 [MAC 5] Learned neighbor 1 uses slot 21 (rtCounter=21)
time_ns=75123971086 [HOP 5] RX ACK from 1 seq=14
time_ns=75123971114 [NWK 5] CheckNwkQueue: size=0
time_ns=75192000000 [MAC 4] rtslot_counter expired for neighbor 5 reserveSlot=27
time_ns=75205000000 [MAC 5] PickTxSlot(dest=4) active_nodes_for_slotting=4 opnet_slot_range=31
time_ns=75205000000 [MAC 5] avoiding neighbor 1 currentReservedSlot=14 rtslot_counter=14
time_ns=75205000000 [MAC 5] avoiding neighbor 3 currentReservedSlot=8 rtslot_counter=8
time_ns=75205000000 [MAC 5] PickTxSlot(dest=4) avoid: 8 14
time_ns=75205000000 [MAC 5] PickTxSlot chose 9 using historical next_tslot modulo probe
time_ns=75205000000 [MAC 5] TX opportunity reached currentSlot=27 reserveNextSlot=9
time_ns=75205000000 ... type=1 speedKey=8[t=75.205] TX from node 5 to dest 4 seq 8 size 161 bytes segments 6 at slot 9 rate 8 kbps txPower 33 dBm (7843.14 bps) preamble SHORT duration 0.18768 s
time_ns=75205000000 [t=75.205] RX OCCLUDED at node 2 from node 5 seq 8
time_ns=75205000000 [t=75.205] RX OCCLUDED at node 7 from node 5 seq 8
time_ns=75205000000 [t=75.205] RX OCCLUDED at node 8 from node 5 seq 8
time_ns=75205000000 [HOP 5] MAC sent confirmation dest=4 seq=6 transmission=1 sentAt=75.205
time_ns=75205000000 [MAC 5] ACK transmitted in aggregate dest=4 seq=8 txCount=4/5
time_ns=75205000000 [MAC 5] ACK transmitted in aggregate dest=4 seq=9 txCount=3/5
time_ns=75205000000 [MAC 5] ACK transmitted in aggregate dest=4 seq=10 txCount=3/5
time_ns=75205000000 [MAC 5] ACK transmitted in aggregate dest=4 seq=11 txCount=1/5
time_ns=75205000000 [MAC 5] ACK transmitted in aggregate dest=4 seq=12 txCount=1/5
time_ns=75205000000 [MAC 5] OPNET aggregate transmitted segments=6 ackSegments=5 dataSegments=1 bytes=161 rate=8
time_ns=75205011086 [t=75.205] RX SYNC at node 1 from node 5 seq 8 power -107.876 dBm noise -106.975 dBm snr -0.900945 dB state=1
time_ns=75205012444 [t=75.205] RX SYNC at node 4 from node 5 seq 8 power -109.884 dBm noise -106.975 dBm snr -2.90891 dB state=1
time_ns=75205019163 [t=75.205] RX SYNC at node 3 from node 5 seq 8 power -117.383 dBm noise -106.975 dBm snr -10.408 dB state=1
time_ns=75211641086 [t=75.2116] MAC 1 enters Track on node 5 seq 8 power -107.876 dBm
time_ns=75211642444 [t=75.2116] MAC 4 enters Track on node 5 seq 8 power -109.884 dBm
time_ns=75211649163 [t=75.2116] MAC 3 enters Track on node 5 seq 8 power -117.383 dBm
time_ns=75392680000 [MAC 5] resumes Pre-Tx with live slot=9 counter=9
time_ns=75392691086 [t=75.3927] RX at node 1 from node 5 seq 8 rate 8 kbps txPower 33 dBm preamble SHORT pathloss 140.876 dB snr -0.900945 dB (slot 9, len 161B, ackable=1)
time_ns=75392691086 [MAC 1] Learned neighbor 5 uses slot 9 (rtCounter=9)
time_ns=75392691086 [HOP 1] Overheard frame from 5 for 4 type=1 ignored after neighbor update
time_ns=75392691086 [HOP 1] Overheard frame from 5 for 4 type=1 ignored after neighbor update
time_ns=75392691086 [HOP 1] Overheard frame from 5 for 4 type=1 ignored after neighbor update
time_ns=75392691086 [HOP 1] Overheard frame from 5 for 4 type=1 ignored after neighbor update
time_ns=75392691086 [HOP 1] Overheard frame from 5 for 4 type=1 ignored after neighbor update
time_ns=75392691086 [HOP 1] RX reliable RoutingControl from 5 seq=15 firstReception=1
time_ns=75392691086 [MAC 1] active_nodes set to 3 for local slotting and post-TX wait
time_ns=75392691086 [NWK 1] active_nodes=3 pushed to MAC
time_ns=75392691086 [NWK 1] Updated HELLO neighbor=5 hopSrc=5 speedKey=8 activeNodes=4 pathloss=140.876 snr=-0.900945
time_ns=75392691086 [NWK 1] link_calc neighbor=5 s0=-103 pathloss=140.876 numFailures=0 speed=8 txPower=33 estDistance=298 speedMargin=-4.87595 totalMargin=-4.87595 costMode=local-only cost=7450
time_ns=75392691086 [NWK 1] Updated route candidate dst=5 nextHop=5 hops=1 oldCost=7450 newCost=7450 valid=1->1 selectionDeferred=0 selected=1
time_ns=75392691086 [NWK 1] ARL route message from 5 type=RoutingUpdate advCount=0
time_ns=75392691086 [NWK 1] Buffered ARL routing section from=5 routingSequence=12 section=0/1 buffered=1
time_ns=75392691086 [NWK 1] Reassembled complete ARL routing message from=5 routingSequence=12 sections=1 recordBytes=14 records=1
time_ns=75392691086 [NWK 1] Updated route candidate dst=4 nextHop=5 hops=2 oldCost=0 newCost=14900 valid=0->1 selectionDeferred=0 selected=1
time_ns=75392691086 [NWK 1] Updated selected-route preference dst=4 preferredNextHop=5
time_ns=75392691086 [NWK 1] Selected route changed dst=4 reason=candidate update pendingDestinations=1
time_ns=75392691086 [NWK 1] Applied ARL UPDATE from=5 dst=4 advertisedHops=1 advertisedCost=7450 routingSequence=12
time_ns=75392691086 [NWK 1] Routes: dst=3->nh=3(hops=1,cost=3587,linkCost=3587,advCost=0,from=3,imm=1,pl=135.376,valid=1,path=[3]) dst=5->nh=5(hops=1,cost=7450,linkCost=7450,advCost=0,from=5,imm=1,pl=140.876,valid=1,path=[5]) dst=3->nh=5(hops=2,cost=14900,linkCost=7450,advCost=7450,from=5,imm=0,pl=140.876,valid=1,path=[5->3]) dst=5->nh=3(hops=2,cost=11037,linkCost=3587,advCost=7450,from=3,imm=0,pl=135.376,valid=1,path=[3->5]) dst=4->nh=5(hops=2,cost=14900,linkCost=7450,advCost=7450,from=5,imm=0,pl=140.876,valid=1,path=[5->4])
time_ns=75392691086 [HOP 1] link_control dest=5 neighborKnown=1 s0=-103 pathloss=140.876 failures=0 speed=8 txPower=33 rxPower=-103 cost=7450
time_ns=75392691086 [HOP 1] ACK RoutingControl to 5 seq=15
time_ns=75392691086 [MAC 1] Enqueue ACK dest=5 seq=15 window=0 ack_queue_size=2
time_ns=75392691086 [NWK 1] routesProcess grouped selected-route changes count=1 infoChanged=0 time=75.3927
time_ns=75392691086 [NWK 1] Best route dst=4 nextHop=5 cost=14900 hops=2 learnedFrom=5 candidates=1 validCandidates=1
time_ns=75392691086 [NWK 1] Sending source-exact grouped route changes routingSequence=12 infoChanged=0 destinations=1 neighbors=2 groups=1 sections=1
time_ns=75392691086 [NWK 1] Retained grouped routing-control owner routingSequence=12 operation=Update section=0/1 destinations=2 owners=1
time_ns=75392691086 [HOP 1] link_control dest=5 neighborKnown=1 s0=-103 pathloss=140.876 failures=0 speed=8 txPower=33 rxPower=-103 cost=7450
time_ns=75392691086 [HOP 1] link_control dest=3 neighborKnown=1 s0=-103 pathloss=135.376 failures=0 speed=8 txPower=33 rxPower=-103 cost=3587
time_ns=75392691086 [HOP 1] TX reliable RoutingControl targets=5:11,3:13
time_ns=75392691086 [MAC] Enqueue TX pkt dscp=7 insert_pos=0 queue_size_before=0
time_ns=75392692444 [t=75.3927] RX at node 4 from node 5 seq 8 rate 8 kbps txPower 33 dBm preamble SHORT pathloss 142.884 dB snr -2.90891 dB (slot 9, len 161B, ackable=1)
time_ns=75392692444 [MAC 4] Learned neighbor 5 uses slot 9 (rtCounter=9)
time_ns=75392692444 [HOP 4] RX ACK from 5 seq=8
time_ns=75392692444 [HOP 4] RX ACK from 5 seq=9
time_ns=75392692444 [HOP 4] RX ACK from 5 seq=10
time_ns=75392692444 [HOP 4] RX ACK from 5 seq=11
time_ns=75392692444 [HOP 4] Reliable RoutingControl completed with 5 seq=11 routingSequence=0 section=0/1
time_ns=75392692444 [NWK 4] Reliable RoutingControl ACKed neighbor=5 routingSequence=0 operation=Update section=0/1 lastOfInfo=1
time_ns=75392692444 [NWK 4] ARL RoutingSnapshot section ACKed neighbor=5 routingSequence=0 section=0/1 ackedSections=1
time_ns=75392692444 [NWK 4] Reliable ARL RoutingSnapshot completed neighbor=5 routingSequence=0 sections=1
time_ns=75392692444 [HOP 4] RX ACK from 5 seq=12
time_ns=75392692444 [HOP 4] Reliable RoutingControl completed with 5 seq=12 routingSequence=1 section=0/1
time_ns=75392692444 [NWK 4] Reliable RoutingControl ACKed neighbor=5 routingSequence=1 operation=Update section=0/1 lastOfInfo=1
time_ns=75392692444 [NWK 4] Updated grouped routing-control residual ACKed=5 removed=1 lastOfInfo=1 remaining=0
time_ns=75392692444 [NWK 4] Released completed grouped routing-control owner routingSequence=1 section=0
time_ns=75392692444 [HOP 4] RX reliable RoutingControl from 5 seq=6 firstReception=1
time_ns=75392692444 [MAC 4] active_nodes set to 2 for local slotting and post-TX wait
time_ns=75392692444 [NWK 4] active_nodes=2 pushed to MAC
time_ns=75392692444 [NWK 4] Updated HELLO neighbor=5 hopSrc=5 speedKey=8 activeNodes=4 pathloss=142.884 snr=-2.90891
time_ns=75392692444 [NWK 4] link_calc neighbor=5 s0=-103 pathloss=142.884 numFailures=0 speed=8 txPower=33 estDistance=298 speedMargin=-6.88391 totalMargin=-6.88391 costMode=local-only cost=7450
time_ns=75392692444 [NWK 4] Updated route candidate dst=5 nextHop=5 hops=1 oldCost=7450 newCost=7450 valid=1->1 selectionDeferred=0 selected=1
time_ns=75392692444 [NWK 4] ARL route message from 5 type=RoutingUpdate advCount=0
time_ns=75392692444 [NWK 4] Buffered ARL routing section from=5 routingSequence=12 section=0/1 buffered=1
time_ns=75392692444 [NWK 4] Reassembled complete ARL routing message from=5 routingSequence=12 sections=1 recordBytes=14 records=1
time_ns=75392692444 [NWK 4] Ignoring unsupported ARL UPDATE node node24=4 from=5
time_ns=75392692444 [NWK 4] Routes: dst=5->nh=5(hops=1,cost=7450,linkCost=7450,advCost=0,from=5,imm=1,pl=142.884,valid=1,path=[5]) dst=1->nh=5(hops=2,cost=14900,linkCost=7450,advCost=7450,from=5,imm=0,pl=142.884,valid=1,path=[5->1]) dst=3->nh=5(hops=2,cost=14900,linkCost=7450,advCost=7450,from=5,imm=0,pl=142.884,valid=1,path=[5->3])
time_ns=75392692444 [HOP 4] link_control dest=5 neighborKnown=1 s0=-103 pathloss=142.884 failures=0 speed=8 txPower=33 rxPower=-103 cost=7450
time_ns=75392692444 [HOP 4] ACK RoutingControl to 5 seq=6
time_ns=75392692444 [MAC 4] Enqueue ACK dest=5 seq=6 window=0 ack_queue_size=4
time_ns=75392692472 [NWK 4] CheckNwkQueue: size=0
time_ns=75392699163 [t=75.3927] RX at node 3 from node 5 seq 8 rate 8 kbps txPower 33 dBm preamble SHORT pathloss 150.383 dB snr -10.408 dB (slot 9, len 161B, ackable=1)
time_ns=75392699163 [MAC 3] Learned neighbor 5 uses slot 9 (rtCounter=9)
time_ns=75392699163 [HOP 3] Overheard frame from 5 for 4 type=1 ignored after neighbor update
time_ns=75392699163 [HOP 3] Overheard frame from 5 for 4 type=1 ignored after neighbor update
time_ns=75392699163 [HOP 3] Overheard frame from 5 for 4 type=1 ignored after neighbor update
time_ns=75392699163 [HOP 3] Overheard frame from 5 for 4 type=1 ignored after neighbor update
time_ns=75392699163 [HOP 3] Overheard frame from 5 for 4 type=1 ignored after neighbor update
time_ns=75392699163 [HOP 3] RX reliable RoutingControl from 5 seq=11 firstReception=1
time_ns=75392699163 [MAC 3] active_nodes set to 3 for local slotting and post-TX wait
time_ns=75392699163 [NWK 3] active_nodes=3 pushed to MAC
time_ns=75392699163 [NWK 3] Updated HELLO neighbor=5 hopSrc=5 speedKey=8 activeNodes=4 pathloss=150.383 snr=-10.408
time_ns=75392699163 [NWK 3] link_calc neighbor=5 s0=-103 pathloss=150.383 numFailures=0 speed=8 txPower=33 estDistance=298 speedMargin=-14.383 totalMargin=-14.383 costMode=local-only cost=7450
time_ns=75392699163 [NWK 3] Updated route candidate dst=5 nextHop=5 hops=1 oldCost=7450 newCost=7450 valid=1->1 selectionDeferred=0 selected=1
time_ns=75392699163 [NWK 3] ARL route message from 5 type=RoutingUpdate advCount=0
time_ns=75392699163 [NWK 3] Buffered ARL routing section from=5 routingSequence=12 section=0/1 buffered=1
time_ns=75392699163 [NWK 3] Reassembled complete ARL routing message from=5 routingSequence=12 sections=1 recordBytes=14 records=1
time_ns=75392699163 [NWK 3] Updated route candidate dst=4 nextHop=5 hops=2 oldCost=0 newCost=14900 valid=0->1 selectionDeferred=0 selected=1
time_ns=75392699163 [NWK 3] Updated selected-route preference dst=4 preferredNextHop=5
time_ns=75392699163 [NWK 3] Selected route changed dst=4 reason=candidate update pendingDestinations=1
time_ns=75392699163 [NWK 3] Applied ARL UPDATE from=5 dst=4 advertisedHops=1 advertisedCost=7450 routingSequence=12
time_ns=75392699163 [NWK 3] Routes: dst=1->nh=1(hops=1,cost=3587,linkCost=3587,advCost=0,from=1,imm=1,pl=135.376,valid=1,path=[1]) dst=5->nh=1(hops=2,cost=11037,linkCost=3587,advCost=7450,from=1,imm=0,pl=135.376,valid=1,path=[1->5]) dst=5->nh=5(hops=1,cost=7450,linkCost=7450,advCost=0,from=5,imm=1,pl=150.383,valid=1,path=[5]) dst=1->nh=5(hops=2,cost=14900,linkCost=7450,advCost=7450,from=5,imm=0,pl=150.383,valid=1,path=[5->1]) dst=4->nh=5(hops=2,cost=14900,linkCost=7450,advCost=7450,from=5,imm=0,pl=150.383,valid=1,path=[5->4])
time_ns=75392699163 [HOP 3] link_control dest=5 neighborKnown=1 s0=-103 pathloss=150.383 failures=0 speed=8 txPower=33 rxPower=-103 cost=7450
time_ns=75392699163 [HOP 3] ACK RoutingControl to 5 seq=11
time_ns=75392699163 [MAC 3] Enqueue ACK dest=5 seq=11 window=0 ack_queue_size=2
time_ns=75392699163 [NWK 3] routesProcess grouped selected-route changes count=1 infoChanged=0 time=75.3927
time_ns=75392699163 [NWK 3] Best route dst=4 nextHop=5 cost=14900 hops=2 learnedFrom=5 candidates=1 validCandidates=1
time_ns=75392699163 [NWK 3] Sending source-exact grouped route changes routingSequence=10 infoChanged=0 destinations=1 neighbors=2 groups=1 sections=1
time_ns=75392699163 [NWK 3] Retained grouped routing-control owner routingSequence=10 operation=Update section=0/1 destinations=2 owners=1
time_ns=75392699163 [HOP 3] link_control dest=5 neighborKnown=1 s0=-103 pathloss=150.383 failures=0 speed=8 txPower=33 rxPower=-103 cost=7450
time_ns=75392699163 [HOP 3] link_control dest=1 neighborKnown=1 s0=-103 pathloss=135.376 failures=0 speed=8 txPower=33 rxPower=-103 cost=3587
time_ns=75392699163 [HOP 3] TX reliable RoutingControl targets=5:9,1:13
time_ns=75392699163 [MAC] Enqueue TX pkt dscp=7 insert_pos=0 queue_size_before=0
time_ns=75400000000 [MAC 4] PickTxSlot(dest=5) active_nodes_for_slotting=2 opnet_slot_range=31
time_ns=75400000000 [MAC 4] avoiding neighbor 5 currentReservedSlot=8 rtslot_counter=8
time_ns=75400000000 [MAC 4] PickTxSlot(dest=5) avoid: 8
time_ns=75400000000 [MAC 4] PickTxSlot chose 7 using historical next_tslot modulo probe
time_ns=75400000000 [MAC 4] TX opportunity reached currentSlot=17 reserveNextSlot=7
time_ns=75400000000 ... type=1 speedKey=8[t=75.4] TX from node 4 to dest 5 seq 3 size 100 bytes segments 4 at slot 7 rate 8 kbps txPower 33 dBm (7843.14 bps) preamble SHORT duration 0.12546 s
time_ns=75400000000 [t=75.4] RX OCCLUDED at node 3 from node 4 seq 3
time_ns=75400000000 [t=75.4] RX OCCLUDED at node 7 from node 4 seq 3
time_ns=75400000000 [t=75.4] RX OCCLUDED at node 8 from node 4 seq 3
time_ns=75400000000 [MAC 4] ACK transmitted in aggregate dest=5 seq=3 txCount=5/5
time_ns=75400000000 [MAC 4] ACK transmitted in aggregate dest=5 seq=4 txCount=3/5
time_ns=75400000000 [MAC 4] ACK transmitted in aggregate dest=5 seq=5 txCount=3/5
time_ns=75400000000 [MAC 4] ACK transmitted in aggregate dest=5 seq=6 txCount=1/5
time_ns=75400000000 [MAC 4] Remove ACK after OPNET resend limit dest=5 seq=3
time_ns=75400000000 [MAC 4] OPNET aggregate transmitted segments=4 ackSegments=4 dataSegments=0 bytes=100 rate=8
time_ns=75400012444 [t=75.4] RX SYNC at node 5 from node 4 seq 3 power -109.884 dBm noise -106.975 dBm snr -2.90891 dB state=1
time_ns=75400013632 [t=75.4] RX SYNC at node 2 from node 4 seq 3 power -111.468 dBm noise -106.975 dBm snr -4.4927 dB state=0
time_ns=75400023527 [t=75.4] RX SYNC at node 1 from node 4 seq 3 power -120.948 dBm noise -106.975 dBm snr -13.9725 dB state=1 below-threshold
time_ns=75406642444 [t=75.4066] MAC 5 enters Track on node 4 seq 3 power -109.884 dBm
time_ns=75504000000 [MAC 3] PickTxSlot(dest=5) active_nodes_for_slotting=3 opnet_slot_range=31
time_ns=75504000000 [MAC 3] avoiding neighbor 1 currentReservedSlot=5 rtslot_counter=5
time_ns=75504000000 [MAC 3] avoiding neighbor 5 currentReservedSlot=0 rtslot_counter=0
time_ns=75504000000 [MAC 3] PickTxSlot(dest=5) avoid: 5
time_ns=75504000000 [MAC 3] PickTxSlot chose 30 using historical next_tslot modulo probe
time_ns=75504000000 [MAC 3] TX opportunity reached currentSlot=20 reserveNextSlot=30
time_ns=75504000000 ... type=1 speedKey=8[t=75.504] TX from node 3 to dest 5 seq 10 size 89 bytes segments 3 at slot 30 rate 8 kbps txPower 33 dBm (7843.14 bps) preamble SHORT duration 0.11424 s
time_ns=75504000000 [t=75.504] RX OCCLUDED at node 2 from node 3 seq 10
time_ns=75504000000 [t=75.504] RX OCCLUDED at node 4 from node 3 seq 10
time_ns=75504000000 [t=75.504] RX OCCLUDED at node 7 from node 3 seq 10
time_ns=75504000000 [t=75.504] RX OCCLUDED at node 8 from node 3 seq 10
time_ns=75504000000 [HOP 3] MAC sent confirmation dest=5 seq=9 transmission=1 sentAt=75.504
time_ns=75504000000 [MAC 3] ACK transmitted in aggregate dest=5 seq=10 txCount=3/5
time_ns=75504000000 [MAC 3] ACK transmitted in aggregate dest=5 seq=11 txCount=1/5
time_ns=75504000000 [MAC 3] OPNET aggregate transmitted segments=3 ackSegments=2 dataSegments=1 bytes=89 rate=8
time_ns=75504000000 [MAC 1] rtslot_counter expired for neighbor 3 reserveSlot=20
time_ns=75504008077 [t=75.504] RX SYNC at node 1 from node 3 seq 10 power -102.376 dBm noise -106.975 dBm snr 4.59934 dB state=1
time_ns=75504019163 [t=75.504] RX SYNC at node 5 from node 3 seq 10 power -117.383 dBm noise -106.975 dBm snr -10.408 dB state=2
time_ns=75510638077 [t=75.5106] MAC 1 enters Track on node 3 seq 10 power -102.376 dBm
time_ns=75525460000 [MAC 4] resumes Pre-Tx with live slot=7 counter=7
time_ns=75525472444 [t=75.5255] RX at node 5 from node 4 seq 3 rate 8 kbps txPower 33 dBm preamble SHORT pathloss 142.884 dB snr -2.90891 dB (slot 7, len 100B, ackable=0)
time_ns=75525472444 [MAC 5] Learned neighbor 4 uses slot 7 (rtCounter=7)
time_ns=75525472444 [HOP 5] RX ACK from 4 seq=3
time_ns=75525472444 [HOP 5] RX ACK from 4 seq=4
time_ns=75525472444 [HOP 5] RX ACK from 4 seq=5
time_ns=75525472444 [HOP 5] RX ACK from 4 seq=6
time_ns=75525472444 [HOP 5] Reliable RoutingControl ACK progress with 4 seq=6 routingSequence=12 section=0/1
time_ns=75525472444 [NWK 5] Reliable RoutingControl ACKed neighbor=4 routingSequence=12 operation=Update section=0/1 lastOfInfo=0
time_ns=75525472444 [NWK 5] Updated grouped routing-control residual ACKed=4 removed=1 lastOfInfo=0 remaining=2
time_ns=75525472444 [HOP 5] RoutingControl partial ACK neighbor=4 seq=6 resendEntryRetained=1
time_ns=75525472472 [NWK 5] CheckNwkQueue: size=0
time_ns=75525473632 [t=75.5255] RX MISS at node 2 from node 4 seq 3
time_ns=75618240000 [MAC 3] resumes Pre-Tx with live slot=30 counter=30
time_ns=75618248077 [t=75.6182] RX at node 1 from node 3 seq 10 rate 8 kbps txPower 33 dBm preamble SHORT pathloss 135.376 dB snr 4.59934 dB (slot 30, len 89B, ackable=1)
time_ns=75618248077 [MAC 1] Learned neighbor 3 uses slot 30 (rtCounter=30)
time_ns=75618248077 [HOP 1] Overheard frame from 3 for 5 type=1 ignored after neighbor update
time_ns=75618248077 [HOP 1] Overheard frame from 3 for 5 type=1 ignored after neighbor update
time_ns=75618248077 [HOP 1] RX reliable RoutingControl from 3 seq=13 firstReception=1
time_ns=75618248077 [MAC 1] active_nodes set to 3 for local slotting and post-TX wait
time_ns=75618248077 [NWK 1] active_nodes=3 pushed to MAC
time_ns=75618248077 [NWK 1] Updated HELLO neighbor=3 hopSrc=3 speedKey=8 activeNodes=3 pathloss=135.376 snr=4.59934
time_ns=75618248077 [NWK 1] link_calc neighbor=3 s0=-103 pathloss=135.376 numFailures=0 speed=8 txPower=33 estDistance=287 speedMargin=0.624344 totalMargin=0.624344 costMode=local-only cost=3587
time_ns=75618248077 [NWK 1] Updated route candidate dst=3 nextHop=3 hops=1 oldCost=3587 newCost=3587 valid=1->1 selectionDeferred=0 selected=1
time_ns=75618248077 [NWK 1] ARL route message from 3 type=RoutingUpdate advCount=0
time_ns=75618248077 [NWK 1] Buffered ARL routing section from=3 routingSequence=10 section=0/1 buffered=1
time_ns=75618248077 [NWK 1] Reassembled complete ARL routing message from=3 routingSequence=10 sections=1 recordBytes=17 records=1
time_ns=75618248077 [NWK 1] Added route candidate dst=4 nextHop=3 hops=3 cost=18487 linkCost=3587 advCost=14900 learnedFrom=3 selectionDeferred=0 selected=0
time_ns=75618248077 [NWK 1] Applied ARL UPDATE from=3 dst=4 advertisedHops=2 advertisedCost=14900 routingSequence=10
time_ns=75618248077 [NWK 1] Routes: dst=3->nh=3(hops=1,cost=3587,linkCost=3587,advCost=0,from=3,imm=1,pl=135.376,valid=1,path=[3]) dst=5->nh=5(hops=1,cost=7450,linkCost=7450,advCost=0,from=5,imm=1,pl=140.876,valid=1,path=[5]) dst=3->nh=5(hops=2,cost=14900,linkCost=7450,advCost=7450,from=5,imm=0,pl=140.876,valid=1,path=[5->3]) dst=5->nh=3(hops=2,cost=11037,linkCost=3587,advCost=7450,from=3,imm=0,pl=135.376,valid=1,path=[3->5]) dst=4->nh=5(hops=2,cost=14900,linkCost=7450,advCost=7450,from=5,imm=0,pl=140.876,valid=1,path=[5->4]) dst=4->nh=3(hops=3,cost=18487,linkCost=3587,advCost=14900,from=3,imm=0,pl=135.376,valid=1,path=[3->5->4])
time_ns=75618248077 [HOP 1] link_control dest=3 neighborKnown=1 s0=-103 pathloss=135.376 failures=0 speed=8 txPower=33 rxPower=-103 cost=3587
time_ns=75618248077 [HOP 1] ACK RoutingControl to 3 seq=13
time_ns=75618248077 [MAC 1] Enqueue ACK dest=3 seq=13 window=0 ack_queue_size=3
time_ns=75621000000 [MAC 3] rtslot_counter expired for neighbor 5 reserveSlot=9
time_ns=75621000000 [MAC 5] rtslot_counter expired for neighbor 3 reserveSlot=20
time_ns=75621000000 [MAC 5] rtslot_counter expired for neighbor 4 reserveSlot=7
time_ns=75621000000 [MAC 1] rtslot_counter expired for neighbor 5 reserveSlot=9
time_ns=75621000000 [MAC 4] PickTxSlot(dest=5) active_nodes_for_slotting=2 opnet_slot_range=31
time_ns=75621000000 [MAC 4] avoiding neighbor 5 currentReservedSlot=0 rtslot_counter=0
time_ns=75621000000 [MAC 4] PickTxSlot(dest=5) avoid:
time_ns=75621000000 [MAC 4] PickTxSlot chose 10 using historical next_tslot modulo probe
time_ns=75621000000 [MAC 4] TX opportunity reached currentSlot=7 reserveNextSlot=10
time_ns=75621000000 ... type=1 speedKey=8[t=75.621] TX from node 4 to dest 5 seq 4 size 75 bytes segments 3 at slot 10 rate 8 kbps txPower 33 dBm (7843.14 bps) preamble SHORT duration 0.09996 s
time_ns=75621000000 [t=75.621] RX OCCLUDED at node 3 from node 4 seq 4
time_ns=75621000000 [t=75.621] RX OCCLUDED at node 7 from node 4 seq 4
time_ns=75621000000 [t=75.621] RX OCCLUDED at node 8 from node 4 seq 4
time_ns=75621000000 [MAC 4] ACK transmitted in aggregate dest=5 seq=4 txCount=4/5
time_ns=75621000000 [MAC 4] ACK transmitted in aggregate dest=5 seq=5 txCount=4/5
time_ns=75621000000 [MAC 4] ACK transmitted in aggregate dest=5 seq=6 txCount=2/5
time_ns=75621000000 [MAC 4] OPNET aggregate transmitted segments=3 ackSegments=3 dataSegments=0 bytes=75 rate=8
time_ns=75621012444 [t=75.621] RX SYNC at node 5 from node 4 seq 4 power -109.884 dBm noise -106.975 dBm snr -2.90891 dB state=1
time_ns=75621013632 [t=75.621] RX SYNC at node 2 from node 4 seq 4 power -111.468 dBm noise -106.975 dBm snr -4.4927 dB state=0
time_ns=75621023527 [t=75.621] RX SYNC at node 1 from node 4 seq 4 power -120.948 dBm noise -106.975 dBm snr -13.9725 dB state=1 below-threshold
time_ns=75627642444 [t=75.6276] MAC 5 enters Track on node 4 seq 4 power -109.884 dBm
time_ns=75686000000 [MAC 3] rtslot_counter expired for neighbor 1 reserveSlot=21
time_ns=75686000000 [MAC 1] PickTxSlot(dest=5) active_nodes_for_slotting=3 opnet_slot_range=31
time_ns=75686000000 [MAC 1] avoiding neighbor 3 currentReservedSlot=24 rtslot_counter=24
time_ns=75686000000 [MAC 1] PickTxSlot(dest=5) avoid: 24
time_ns=75686000000 [MAC 1] PickTxSlot chose 25 using historical next_tslot modulo probe
time_ns=75686000000 [MAC 1] TX opportunity reached currentSlot=21 reserveNextSlot=25
time_ns=75686000000 ... type=1 speedKey=8[t=75.686] TX from node 1 to dest 5 seq 14 size 114 bytes segments 4 at slot 25 rate 8 kbps txPower 33 dBm (7843.14 bps) preamble SHORT duration 0.13974 s
time_ns=75686000000 [t=75.686] RX OCCLUDED at node 2 from node 1 seq 14
time_ns=75686000000 [t=75.686] RX OCCLUDED at node 7 from node 1 seq 14
time_ns=75686000000 [t=75.686] RX OCCLUDED at node 8 from node 1 seq 14
time_ns=75686000000 [HOP 1] MAC sent confirmation dest=5 seq=11 transmission=1 sentAt=75.686
time_ns=75686000000 [MAC 1] ACK transmitted in aggregate dest=5 seq=14 txCount=5/5
time_ns=75686000000 [MAC 1] ACK transmitted in aggregate dest=5 seq=15 txCount=1/5
time_ns=75686000000 [MAC 1] ACK transmitted in aggregate dest=3 seq=13 txCount=1/5
time_ns=75686000000 [MAC 1] Remove ACK after OPNET resend limit dest=5 seq=14
time_ns=75686000000 [MAC 1] OPNET aggregate transmitted segments=4 ackSegments=3 dataSegments=1 bytes=114 rate=8
time_ns=75686008077 [t=75.686] RX SYNC at node 3 from node 1 seq 14 power -102.376 dBm noise -106.975 dBm snr 4.59934 dB state=1
time_ns=75686011086 [t=75.686] RX SYNC at node 5 from node 1 seq 14 power -107.876 dBm noise -106.975 dBm snr -0.900945 dB state=2
time_ns=75686023527 [t=75.686] RX SYNC at node 4 from node 1 seq 14 power -120.948 dBm noise -106.975 dBm snr -13.9725 dB state=3 below-threshold
time_ns=75692638077 [t=75.6926] MAC 3 enters Track on node 1 seq 14 power -102.376 dBm
time_ns=75720960000 [MAC 4] resumes Pre-Tx with live slot=10 counter=10
time_ns=75720972444 [t=75.721] RX at node 5 from node 4 seq 4 rate 8 kbps txPower 33 dBm preamble SHORT pathloss 142.884 dB snr -2.90891 dB (slot 10, len 75B, ackable=0)
time_ns=75720972444 [MAC 5] Learned neighbor 4 uses slot 10 (rtCounter=10)
time_ns=75720972444 [HOP 5] RX ACK from 4 seq=4
time_ns=75720972444 [HOP 5] RX ACK from 4 seq=5
time_ns=75720972444 [HOP 5] RX ACK from 4 seq=6
time_ns=75720972444 [HOP 5] Reliable RoutingControl ACK progress with 4 seq=6 routingSequence=12 section=0/1
time_ns=75720972444 [NWK 5] Reliable RoutingControl ACKed neighbor=4 routingSequence=12 operation=Update section=0/1 lastOfInfo=0
time_ns=75720972444 [NWK 5] Updated grouped routing-control residual ACKed=4 removed=0 lastOfInfo=0 remaining=2
time_ns=75720972444 [HOP 5] RoutingControl partial ACK neighbor=4 seq=6 resendEntryRetained=1
time_ns=75720972472 [NWK 5] CheckNwkQueue: size=0
time_ns=75720973632 [t=75.721] RX MISS at node 2 from node 4 seq 4
time_ns=75725000000 [MAC 5] PickTxSlot(dest=4) active_nodes_for_slotting=4 opnet_slot_range=31
time_ns=75725000000 [MAC 5] avoiding neighbor 1 currentReservedSlot=4 rtslot_counter=4
time_ns=75725000000 [MAC 5] avoiding neighbor 4 currentReservedSlot=9 rtslot_counter=9
time_ns=75725000000 [MAC 5] PickTxSlot(dest=4) avoid: 4 9
time_ns=75725000000 [MAC 5] PickTxSlot chose 22 using historical next_tslot modulo probe
time_ns=75725000000 [MAC 5] TX opportunity reached currentSlot=9 reserveNextSlot=22
time_ns=75725000000 ... type=1 speedKey=8[t=75.725] TX from node 5 to dest 4 seq 8 size 125 bytes segments 5 at slot 22 rate 8 kbps txPower 33 dBm (7843.14 bps) preamble SHORT duration 0.15096 s
time_ns=75725000000 [t=75.725] RX OCCLUDED at node 2 from node 5 seq 8
time_ns=75725000000 [t=75.725] RX OCCLUDED at node 7 from node 5 seq 8
time_ns=75725000000 [t=75.725] RX OCCLUDED at node 8 from node 5 seq 8
time_ns=75725000000 [MAC 5] ACK transmitted in aggregate dest=4 seq=8 txCount=5/5
time_ns=75725000000 [MAC 5] ACK transmitted in aggregate dest=4 seq=9 txCount=4/5
time_ns=75725000000 [MAC 5] ACK transmitted in aggregate dest=4 seq=10 txCount=4/5
time_ns=75725000000 [MAC 5] ACK transmitted in aggregate dest=4 seq=11 txCount=2/5
time_ns=75725000000 [MAC 5] ACK transmitted in aggregate dest=4 seq=12 txCount=2/5
time_ns=75725000000 [MAC 5] Remove ACK after OPNET resend limit dest=4 seq=8
time_ns=75725000000 [MAC 5] OPNET aggregate transmitted segments=5 ackSegments=5 dataSegments=0 bytes=125 rate=8
time_ns=75725000000 [MAC 4] rtslot_counter expired for neighbor 5 reserveSlot=9
time_ns=75725011086 [t=75.725] RX SYNC at node 1 from node 5 seq 8 power -107.876 dBm noise -106.975 dBm snr -0.900945 dB state=3
time_ns=75725012444 [t=75.725] RX SYNC at node 4 from node 5 seq 8 power -109.884 dBm noise -106.975 dBm snr -2.90891 dB state=1
time_ns=75725019163 [t=75.725] RX SYNC at node 3 from node 5 seq 8 power -117.383 dBm noise -106.975 dBm snr -10.408 dB state=2
time_ns=75731642444 [t=75.7316] MAC 4 enters Track on node 5 seq 8 power -109.884 dBm
time_ns=75825740000 [MAC 1] resumes Pre-Tx with live slot=25 counter=25
time_ns=75825748077 [t=75.8257] RX at node 3 from node 1 seq 14 rate 8 kbps txPower 33 dBm preamble SHORT pathloss 135.376 dB snr 4.59934 dB (slot 25, len 114B, ackable=1)
time_ns=75825748077 [MAC 3] Learned neighbor 1 uses slot 25 (rtCounter=25)
time_ns=75825748077 [HOP 3] Overheard frame from 1 for 5 type=1 ignored after neighbor update
time_ns=75825748077 [HOP 3] Overheard frame from 1 for 5 type=1 ignored after neighbor update
time_ns=75825748077 [HOP 3] RX ACK from 1 seq=13
time_ns=75825748077 [HOP 3] Reliable RoutingControl ACK progress with 1 seq=13 routingSequence=10 section=0/1
time_ns=75825748077 [NWK 3] Reliable RoutingControl ACKed neighbor=1 routingSequence=10 operation=Update section=0/1 lastOfInfo=0
time_ns=75825748077 [NWK 3] Updated grouped routing-control residual ACKed=1 removed=1 lastOfInfo=0 remaining=1
time_ns=75825748077 [HOP 3] RoutingControl partial ACK neighbor=1 seq=13 resendEntryRetained=1
time_ns=75825748077 [HOP 3] RX reliable RoutingControl from 1 seq=13 firstReception=1
time_ns=75825748077 [MAC 3] active_nodes set to 3 for local slotting and post-TX wait
time_ns=75825748077 [NWK 3] active_nodes=3 pushed to MAC
time_ns=75825748077 [NWK 3] Updated HELLO neighbor=1 hopSrc=1 speedKey=8 activeNodes=3 pathloss=135.376 snr=4.59934
time_ns=75825748077 [NWK 3] link_calc neighbor=1 s0=-103 pathloss=135.376 numFailures=0 speed=8 txPower=33 estDistance=287 speedMargin=0.624344 totalMargin=0.624344 costMode=local-only cost=3587
time_ns=75825748077 [NWK 3] Updated route candidate dst=1 nextHop=1 hops=1 oldCost=3587 newCost=3587 valid=1->1 selectionDeferred=0 selected=1
time_ns=75825748077 [NWK 3] ARL route message from 1 type=RoutingUpdate advCount=0
time_ns=75825748077 [NWK 3] Buffered ARL routing section from=1 routingSequence=12 section=0/1 buffered=1
time_ns=75825748077 [NWK 3] Reassembled complete ARL routing message from=1 routingSequence=12 sections=1 recordBytes=17 records=1
time_ns=75825748077 [NWK 3] Added route candidate dst=4 nextHop=1 hops=3 cost=18487 linkCost=3587 advCost=14900 learnedFrom=1 selectionDeferred=0 selected=0
time_ns=75825748077 [NWK 3] Applied ARL UPDATE from=1 dst=4 advertisedHops=2 advertisedCost=14900 routingSequence=12
time_ns=75825748077 [NWK 3] Routes: dst=1->nh=1(hops=1,cost=3587,linkCost=3587,advCost=0,from=1,imm=1,pl=135.376,valid=1,path=[1]) dst=5->nh=1(hops=2,cost=11037,linkCost=3587,advCost=7450,from=1,imm=0,pl=135.376,valid=1,path=[1->5]) dst=5->nh=5(hops=1,cost=7450,linkCost=7450,advCost=0,from=5,imm=1,pl=150.383,valid=1,path=[5]) dst=1->nh=5(hops=2,cost=14900,linkCost=7450,advCost=7450,from=5,imm=0,pl=150.383,valid=1,path=[5->1]) dst=4->nh=5(hops=2,cost=14900,linkCost=7450,advCost=7450,from=5,imm=0,pl=150.383,valid=1,path=[5->4]) dst=4->nh=1(hops=3,cost=18487,linkCost=3587,advCost=14900,from=1,imm=0,pl=135.376,valid=1,path=[1->5->4])
time_ns=75825748077 [HOP 3] link_control dest=1 neighborKnown=1 s0=-103 pathloss=135.376 failures=0 speed=8 txPower=33 rxPower=-103 cost=3587
time_ns=75825748077 [HOP 3] ACK RoutingControl to 1 seq=13
time_ns=75825748077 [MAC 3] Enqueue ACK dest=1 seq=13 window=0 ack_queue_size=3
time_ns=75825748105 [NWK 3] CheckNwkQueue: size=0
time_ns=75825763527 [t=75.8258] RX MISS at node 4 from node 1 seq 14
time_ns=75875960000 [MAC 5] resumes Pre-Tx with live slot=22 counter=22
time_ns=75875971086 [t=75.876] RX MISS at node 1 from node 5 seq 8
time_ns=75875972444 [t=75.876] RX at node 4 from node 5 seq 8 rate 8 kbps txPower 33 dBm preamble SHORT pathloss 142.884 dB snr -2.90891 dB (slot 22, len 125B, ackable=0)
time_ns=75875972444 [MAC 4] Learned neighbor 5 uses slot 22 (rtCounter=22)
time_ns=75875972444 [HOP 4] RX ACK from 5 seq=8
time_ns=75875972444 [HOP 4] RX ACK from 5 seq=9
time_ns=75875972444 [HOP 4] RX ACK from 5 seq=10
time_ns=75875972444 [HOP 4] RX ACK from 5 seq=11
time_ns=75875972444 [HOP 4] RX ACK from 5 seq=12
time_ns=75875972472 [NWK 4] CheckNwkQueue: size=0
time_ns=75933000000 [MAC 5] rtslot_counter expired for neighbor 1 reserveSlot=21
time_ns=75998000000 [MAC 5] rtslot_counter expired for neighbor 4 reserveSlot=10
time_ns=75998000000 [MAC 4] PickTxSlot(dest=5) active_nodes_for_slotting=2 opnet_slot_range=31
time_ns=75998000000 [MAC 4] avoiding neighbor 5 currentReservedSlot=12 rtslot_counter=12
time_ns=75998000000 [MAC 4] PickTxSlot(dest=5) avoid: 12
time_ns=75998000000 [MAC 4] PickTxSlot chose 19 using historical next_tslot modulo probe
time_ns=75998000000 [MAC 4] TX opportunity reached currentSlot=10 reserveNextSlot=19
time_ns=75998000000 ... type=1 speedKey=8[t=75.998] TX from node 4 to dest 5 seq 4 size 75 bytes segments 3 at slot 19 rate 8 kbps txPower 33 dBm (7843.14 bps) preamble SHORT duration 0.09996 s
time_ns=75998000000 [t=75.998] RX OCCLUDED at node 3 from node 4 seq 4
time_ns=75998000000 [t=75.998] RX OCCLUDED at node 7 from node 4 seq 4
time_ns=75998000000 [t=75.998] RX OCCLUDED at node 8 from node 4 seq 4
time_ns=75998000000 [MAC 4] ACK transmitted in aggregate dest=5 seq=4 txCount=5/5
time_ns=75998000000 [MAC 4] ACK transmitted in aggregate dest=5 seq=5 txCount=5/5
time_ns=75998000000 [MAC 4] ACK transmitted in aggregate dest=5 seq=6 txCount=3/5
time_ns=75998000000 [MAC 4] Remove ACK after OPNET resend limit dest=5 seq=4
time_ns=75998000000 [MAC 4] Remove ACK after OPNET resend limit dest=5 seq=5
time_ns=75998000000 [MAC 4] OPNET aggregate transmitted segments=3 ackSegments=3 dataSegments=0 bytes=75 rate=8
time_ns=75998012444 [t=75.998] RX SYNC at node 5 from node 4 seq 4 power -109.884 dBm noise -106.975 dBm snr -2.90891 dB state=1
time_ns=75998013632 [t=75.998] RX SYNC at node 2 from node 4 seq 4 power -111.468 dBm noise -106.975 dBm snr -4.4927 dB state=0
time_ns=75998023527 [t=75.998] RX SYNC at node 1 from node 4 seq 4 power -120.948 dBm noise -106.975 dBm snr -13.9725 dB state=1 below-threshold
time_ns=76004642444 [t=76.0046] MAC 5 enters Track on node 4 seq 4 power -109.884 dBm
time_ns=76097960000 [MAC 4] resumes Pre-Tx with live slot=19 counter=19
time_ns=76097972444 [t=76.098] RX at node 5 from node 4 seq 4 rate 8 kbps txPower 33 dBm preamble SHORT pathloss 142.884 dB snr -2.90891 dB (slot 19, len 75B, ackable=0)
time_ns=76097972444 [MAC 5] Learned neighbor 4 uses slot 19 (rtCounter=19)
time_ns=76097972444 [HOP 5] RX ACK from 4 seq=4
time_ns=76097972444 [HOP 5] RX ACK from 4 seq=5
time_ns=76097972444 [HOP 5] RX ACK from 4 seq=6
time_ns=76097972444 [HOP 5] Reliable RoutingControl ACK progress with 4 seq=6 routingSequence=12 section=0/1
time_ns=76097972444 [NWK 5] Reliable RoutingControl ACKed neighbor=4 routingSequence=12 operation=Update section=0/1 lastOfInfo=0
time_ns=76097972444 [NWK 5] Updated grouped routing-control residual ACKed=4 removed=0 lastOfInfo=0 remaining=2
time_ns=76097972444 [HOP 5] RoutingControl partial ACK neighbor=4 seq=6 resendEntryRetained=1
time_ns=76097972472 [NWK 5] CheckNwkQueue: size=0
time_ns=76097973632 [t=76.098] RX MISS at node 2 from node 4 seq 4
time_ns=76141000000 [MAC 3] PickTxSlot(dest=5) active_nodes_for_slotting=3 opnet_slot_range=31
time_ns=76141000000 [MAC 3] avoiding neighbor 1 currentReservedSlot=0 rtslot_counter=0
time_ns=76141000000 [MAC 3] PickTxSlot(dest=5) avoid:
time_ns=76141000000 [MAC 3] PickTxSlot chose 22 using historical next_tslot modulo probe
time_ns=76141000000 [MAC 3] TX opportunity reached currentSlot=30 reserveNextSlot=22
time_ns=76141000000 ... type=1 speedKey=8[t=76.141] TX from node 3 to dest 5 seq 10 size 75 bytes segments 3 at slot 22 rate 8 kbps txPower 33 dBm (7843.14 bps) preamble SHORT duration 0.09996 s
time_ns=76141000000 [t=76.141] RX OCCLUDED at node 2 from node 3 seq 10
time_ns=76141000000 [t=76.141] RX OCCLUDED at node 4 from node 3 seq 10
time_ns=76141000000 [t=76.141] RX OCCLUDED at node 7 from node 3 seq 10
time_ns=76141000000 [t=76.141] RX OCCLUDED at node 8 from node 3 seq 10
time_ns=76141000000 [MAC 3] ACK transmitted in aggregate dest=5 seq=10 txCount=4/5
time_ns=76141000000 [MAC 3] ACK transmitted in aggregate dest=5 seq=11 txCount=2/5
time_ns=76141000000 [MAC 3] ACK transmitted in aggregate dest=1 seq=13 txCount=1/5
time_ns=76141000000 [MAC 3] OPNET aggregate transmitted segments=3 ackSegments=3 dataSegments=0 bytes=75 rate=8
time_ns=76141000000 [MAC 1] rtslot_counter expired for neighbor 3 reserveSlot=30
time_ns=76141008077 [t=76.141] RX SYNC at node 1 from node 3 seq 10 power -102.376 dBm noise -106.975 dBm snr 4.59934 dB state=1
time_ns=76141019163 [t=76.141] RX SYNC at node 5 from node 3 seq 10 power -117.383 dBm noise -106.975 dBm snr -10.408 dB state=1
time_ns=76147638077 [t=76.1476] MAC 1 enters Track on node 3 seq 10 power -102.376 dBm
time_ns=76147649163 [t=76.1476] MAC 5 enters Track on node 3 seq 10 power -117.383 dBm
time_ns=76240960000 [MAC 3] resumes Pre-Tx with live slot=22 counter=22
time_ns=76240968077 [t=76.241] RX at node 1 from node 3 seq 10 rate 8 kbps txPower 33 dBm preamble SHORT pathloss 135.376 dB snr 4.59934 dB (slot 22, len 75B, ackable=0)
time_ns=76240968077 [MAC 1] Learned neighbor 3 uses slot 22 (rtCounter=22)
time_ns=76240968077 [HOP 1] Overheard frame from 3 for 5 type=1 ignored after neighbor update
time_ns=76240968077 [HOP 1] Overheard frame from 3 for 5 type=1 ignored after neighbor update
time_ns=76240968077 [HOP 1] RX ACK from 3 seq=13
time_ns=76240968077 [HOP 1] Reliable RoutingControl ACK progress with 3 seq=13 routingSequence=12 section=0/1
time_ns=76240968077 [NWK 1] Reliable RoutingControl ACKed neighbor=3 routingSequence=12 operation=Update section=0/1 lastOfInfo=0
time_ns=76240968077 [NWK 1] Updated grouped routing-control residual ACKed=3 removed=1 lastOfInfo=0 remaining=1
time_ns=76240968077 [HOP 1] RoutingControl partial ACK neighbor=3 seq=13 resendEntryRetained=1
time_ns=76240968105 [NWK 1] CheckNwkQueue: size=0
time_ns=76240979163 [t=76.241] RX at node 5 from node 3 seq 10 rate 8 kbps txPower 33 dBm preamble SHORT pathloss 150.383 dB snr -10.408 dB (slot 22, len 75B, ackable=0)
time_ns=76240979163 [MAC 5] Learned neighbor 3 uses slot 22 (rtCounter=22)
time_ns=76240979163 [HOP 5] RX ACK from 3 seq=10
time_ns=76240979163 [HOP 5] RX ACK from 3 seq=11
time_ns=76240979163 [HOP 5] Reliable RoutingControl ACK progress with 3 seq=11 routingSequence=12 section=0/1
time_ns=76240979163 [NWK 5] Reliable RoutingControl ACKed neighbor=3 routingSequence=12 operation=Update section=0/1 lastOfInfo=0
time_ns=76240979163 [NWK 5] Updated grouped routing-control residual ACKed=3 removed=1 lastOfInfo=0 remaining=1
time_ns=76240979163 [HOP 5] RoutingControl partial ACK neighbor=3 seq=11 resendEntryRetained=1
time_ns=76240979163 [HOP 5] Overheard frame from 3 for 1 type=1 ignored after neighbor update
time_ns=76240979191 [NWK 5] CheckNwkQueue: size=0
time_ns=76245000000 [MAC 3] rtslot_counter expired for neighbor 1 reserveSlot=25
time_ns=76245000000 [MAC 1] PickTxSlot(dest=5) active_nodes_for_slotting=3 opnet_slot_range=31
time_ns=76245000000 [MAC 1] avoiding neighbor 3 currentReservedSlot=21 rtslot_counter=21
time_ns=76245000000 [MAC 1] PickTxSlot(dest=5) avoid: 21
time_ns=76245000000 [MAC 1] PickTxSlot chose 29 using historical next_tslot modulo probe
time_ns=76245000000 [MAC 1] TX opportunity reached currentSlot=25 reserveNextSlot=29
time_ns=76245000000 ... type=1 speedKey=8[t=76.245] TX from node 1 to dest 5 seq 15 size 50 bytes segments 2 at slot 29 rate 8 kbps txPower 33 dBm (7843.14 bps) preamble SHORT duration 0.07446 s
time_ns=76245000000 [t=76.245] RX OCCLUDED at node 2 from node 1 seq 15
time_ns=76245000000 [t=76.245] RX OCCLUDED at node 7 from node 1 seq 15
time_ns=76245000000 [t=76.245] RX OCCLUDED at node 8 from node 1 seq 15
time_ns=76245000000 [MAC 1] ACK transmitted in aggregate dest=5 seq=15 txCount=2/5
time_ns=76245000000 [MAC 1] ACK transmitted in aggregate dest=3 seq=13 txCount=2/5
time_ns=76245000000 [MAC 1] OPNET aggregate transmitted segments=2 ackSegments=2 dataSegments=0 bytes=50 rate=8
time_ns=76245008077 [t=76.245] RX SYNC at node 3 from node 1 seq 15 power -102.376 dBm noise -106.975 dBm snr 4.59934 dB state=1
time_ns=76245011086 [t=76.245] RX SYNC at node 5 from node 1 seq 15 power -107.876 dBm noise -106.975 dBm snr -0.900945 dB state=1
time_ns=76245023527 [t=76.245] RX SYNC at node 4 from node 1 seq 15 power -120.948 dBm noise -106.975 dBm snr -13.9725 dB state=1 below-threshold
time_ns=76251638077 [t=76.2516] MAC 3 enters Track on node 1 seq 15 power -102.376 dBm
time_ns=76251641086 [t=76.2516] MAC 5 enters Track on node 1 seq 15 power -107.876 dBm
time_ns=76258000000 [MAC 4] rtslot_counter expired for neighbor 5 reserveSlot=22
time_ns=76319460000 [MAC 1] resumes Pre-Tx with live slot=29 counter=29
time_ns=76319468077 [t=76.3195] RX at node 3 from node 1 seq 15 rate 8 kbps txPower 33 dBm preamble SHORT pathloss 135.376 dB snr 4.59934 dB (slot 29, len 50B, ackable=0)
time_ns=76319468077 [MAC 3] Learned neighbor 1 uses slot 29 (rtCounter=29)
time_ns=76319468077 [HOP 3] Overheard frame from 1 for 5 type=1 ignored after neighbor update
time_ns=76319468077 [HOP 3] RX ACK from 1 seq=13
time_ns=76319468077 [HOP 3] Reliable RoutingControl ACK progress with 1 seq=13 routingSequence=10 section=0/1
time_ns=76319468077 [NWK 3] Reliable RoutingControl ACKed neighbor=1 routingSequence=10 operation=Update section=0/1 lastOfInfo=0
time_ns=76319468077 [NWK 3] Updated grouped routing-control residual ACKed=1 removed=0 lastOfInfo=0 remaining=1
time_ns=76319468077 [HOP 3] RoutingControl partial ACK neighbor=1 seq=13 resendEntryRetained=1
time_ns=76319468105 [NWK 3] CheckNwkQueue: size=0
time_ns=76319471086 [t=76.3195] RX at node 5 from node 1 seq 15 rate 8 kbps txPower 33 dBm preamble SHORT pathloss 140.876 dB snr -0.900945 dB (slot 29, len 50B, ackable=0)
time_ns=76319471086 [MAC 5] Learned neighbor 1 uses slot 29 (rtCounter=29)
time_ns=76319471086 [HOP 5] RX ACK from 1 seq=15
time_ns=76319471086 [HOP 5] Reliable RoutingControl completed with 1 seq=15 routingSequence=12 section=0/1
time_ns=76319471086 [NWK 5] Reliable RoutingControl ACKed neighbor=1 routingSequence=12 operation=Update section=0/1 lastOfInfo=1
time_ns=76319471086 [NWK 5] Updated grouped routing-control residual ACKed=1 removed=1 lastOfInfo=1 remaining=0
time_ns=76319471086 [NWK 5] Released completed grouped routing-control owner routingSequence=12 section=0
time_ns=76319471086 [HOP 5] Overheard frame from 1 for 3 type=1 ignored after neighbor update
time_ns=76319471114 [NWK 5] CheckNwkQueue: size=0
time_ns=76349000000 [MAC 4] PickTxSlot(dest=5) active_nodes_for_slotting=2 opnet_slot_range=31
time_ns=76349000000 [MAC 4] PickTxSlot(dest=5) avoid:
time_ns=76349000000 [MAC 4] PickTxSlot chose 10 using historical next_tslot modulo probe
time_ns=76349000000 [MAC 4] TX opportunity reached currentSlot=19 reserveNextSlot=10
time_ns=76349000000 ... type=1 speedKey=8[t=76.349] TX from node 4 to dest 5 seq 6 size 25 bytes segments 1 at slot 10 rate 8 kbps txPower 33 dBm (7843.14 bps) preamble SHORT duration 0.04896 s
time_ns=76349000000 [t=76.349] RX OCCLUDED at node 3 from node 4 seq 6
time_ns=76349000000 [t=76.349] RX OCCLUDED at node 7 from node 4 seq 6
time_ns=76349000000 [t=76.349] RX OCCLUDED at node 8 from node 4 seq 6
time_ns=76349000000 [MAC 4] ACK transmitted in aggregate dest=5 seq=6 txCount=4/5
time_ns=76349000000 [MAC 4] OPNET aggregate transmitted segments=1 ackSegments=1 dataSegments=0 bytes=25 rate=8
time_ns=76349012444 [t=76.349] RX SYNC at node 5 from node 4 seq 6 power -109.884 dBm noise -106.975 dBm snr -2.90891 dB state=1
time_ns=76349013632 [t=76.349] RX SYNC at node 2 from node 4 seq 6 power -111.468 dBm noise -106.975 dBm snr -4.4927 dB state=0
time_ns=76349023527 [t=76.349] RX SYNC at node 1 from node 4 seq 6 power -120.948 dBm noise -106.975 dBm snr -13.9725 dB state=1 below-threshold
time_ns=76355642444 [t=76.3556] MAC 5 enters Track on node 4 seq 6 power -109.884 dBm
time_ns=76397960000 [MAC 4] resumes Pre-Tx with live slot=10 counter=10
time_ns=76397972444 [t=76.398] RX at node 5 from node 4 seq 6 rate 8 kbps txPower 33 dBm preamble SHORT pathloss 142.884 dB snr -2.90891 dB (slot 10, len 25B, ackable=0)
time_ns=76397972444 [MAC 5] Learned neighbor 4 uses slot 10 (rtCounter=10)
time_ns=76397972444 [HOP 5] RX ACK from 4 seq=6
time_ns=76397972472 [NWK 5] CheckNwkQueue: size=0
time_ns=76397973632 [t=76.398] RX MISS at node 2 from node 4 seq 6
time_ns=76453000000 [MAC 5] PickTxSlot(dest=4) active_nodes_for_slotting=4 opnet_slot_range=31
time_ns=76453000000 [MAC 5] avoiding neighbor 1 currentReservedSlot=21 rtslot_counter=21
time_ns=76453000000 [MAC 5] avoiding neighbor 3 currentReservedSlot=13 rtslot_counter=13
time_ns=76453000000 [MAC 5] avoiding neighbor 4 currentReservedSlot=5 rtslot_counter=5
time_ns=76453000000 [MAC 5] PickTxSlot(dest=4) avoid: 5 13 21
time_ns=76453000000 [MAC 5] PickTxSlot chose 20 using historical next_tslot modulo probe
time_ns=76453000000 [MAC 5] TX opportunity reached currentSlot=22 reserveNextSlot=20
time_ns=76453000000 ... type=1 speedKey=8[t=76.453] TX from node 5 to dest 4 seq 9 size 100 bytes segments 4 at slot 20 rate 8 kbps txPower 33 dBm (7843.14 bps) preamble SHORT duration 0.12546 s
time_ns=76453000000 [t=76.453] RX OCCLUDED at node 2 from node 5 seq 9
time_ns=76453000000 [t=76.453] RX OCCLUDED at node 7 from node 5 seq 9
time_ns=76453000000 [t=76.453] RX OCCLUDED at node 8 from node 5 seq 9
time_ns=76453000000 [MAC 5] ACK transmitted in aggregate dest=4 seq=9 txCount=5/5
time_ns=76453000000 [MAC 5] ACK transmitted in aggregate dest=4 seq=10 txCount=5/5
time_ns=76453000000 [MAC 5] ACK transmitted in aggregate dest=4 seq=11 txCount=3/5
time_ns=76453000000 [MAC 5] ACK transmitted in aggregate dest=4 seq=12 txCount=3/5
time_ns=76453000000 [MAC 5] Remove ACK after OPNET resend limit dest=4 seq=9
time_ns=76453000000 [MAC 5] Remove ACK after OPNET resend limit dest=4 seq=10
time_ns=76453000000 [MAC 5] OPNET aggregate transmitted segments=4 ackSegments=4 dataSegments=0 bytes=100 rate=8
time_ns=76453011086 [t=76.453] RX SYNC at node 1 from node 5 seq 9 power -107.876 dBm noise -106.975 dBm snr -0.900945 dB state=1
time_ns=76453012444 [t=76.453] RX SYNC at node 4 from node 5 seq 9 power -109.884 dBm noise -106.975 dBm snr -2.90891 dB state=1
time_ns=76453019163 [t=76.453] RX SYNC at node 3 from node 5 seq 9 power -117.383 dBm noise -106.975 dBm snr -10.408 dB state=1
time_ns=76459641086 [t=76.4596] MAC 1 enters Track on node 5 seq 9 power -107.876 dBm
time_ns=76459642444 [t=76.4596] MAC 4 enters Track on node 5 seq 9 power -109.884 dBm
time_ns=76459649163 [t=76.4596] MAC 3 enters Track on node 5 seq 9 power -117.383 dBm
time_ns=76578460000 [MAC 5] resumes Pre-Tx with live slot=20 counter=20
time_ns=76578471086 [t=76.5785] RX OVERHEARD at node 1 from node 5 seq 9 rate 8 kbps txPower 33 dBm preamble SHORT pathloss 140.876 dB snr -0.900945 dB (slot 20, len 100B, ackable=0)
time_ns=76578471086 [MAC 1] Learned neighbor 5 uses slot 20 (rtCounter=20)
time_ns=76578471086 [HOP 1] Overheard frame from 5 for 4 type=1 ignored after neighbor update
time_ns=76578471086 [HOP 1] Overheard frame from 5 for 4 type=1 ignored after neighbor update
time_ns=76578471086 [HOP 1] Overheard frame from 5 for 4 type=1 ignored after neighbor update
time_ns=76578471086 [HOP 1] Overheard frame from 5 for 4 type=1 ignored after neighbor update
time_ns=76578472444 [t=76.5785] RX at node 4 from node 5 seq 9 rate 8 kbps txPower 33 dBm preamble SHORT pathloss 142.884 dB snr -2.90891 dB (slot 20, len 100B, ackable=0)
time_ns=76578472444 [MAC 4] Learned neighbor 5 uses slot 20 (rtCounter=20)
time_ns=76578472444 [HOP 4] RX ACK from 5 seq=9
time_ns=76578472444 [HOP 4] RX ACK from 5 seq=10
time_ns=76578472444 [HOP 4] RX ACK from 5 seq=11
time_ns=76578472444 [HOP 4] RX ACK from 5 seq=12
time_ns=76578472472 [NWK 4] CheckNwkQueue: size=0
time_ns=76578479163 [t=76.5785] RX OVERHEARD at node 3 from node 5 seq 9 rate 8 kbps txPower 33 dBm preamble SHORT pathloss 150.383 dB snr -10.408 dB (slot 20, len 100B, ackable=0)
time_ns=76578479163 [MAC 3] Learned neighbor 5 uses slot 20 (rtCounter=20)
time_ns=76578479163 [HOP 3] Overheard frame from 5 for 4 type=1 ignored after neighbor update
time_ns=76578479163 [HOP 3] Overheard frame from 5 for 4 type=1 ignored after neighbor update
time_ns=76578479163 [HOP 3] Overheard frame from 5 for 4 type=1 ignored after neighbor update
time_ns=76578479163 [HOP 3] Overheard frame from 5 for 4 type=1 ignored after neighbor update
time_ns=76648000000 [MAC 5] rtslot_counter expired for neighbor 4 reserveSlot=10
time_ns=76648000000 [MAC 4] PickTxSlot(dest=5) active_nodes_for_slotting=2 opnet_slot_range=31
time_ns=76648000000 [MAC 4] avoiding neighbor 5 currentReservedSlot=14 rtslot_counter=14
time_ns=76648000000 [MAC 4] PickTxSlot(dest=5) avoid: 14
time_ns=76648000000 [MAC 4] PickTxSlot chose 1 using historical next_tslot modulo probe
time_ns=76648000000 [MAC 4] TX opportunity reached currentSlot=10 reserveNextSlot=1
time_ns=76648000000 ... type=1 speedKey=8[t=76.648] TX from node 4 to dest 5 seq 6 size 25 bytes segments 1 at slot 1 rate 8 kbps txPower 33 dBm (7843.14 bps) preamble SHORT duration 0.04896 s
time_ns=76648000000 [t=76.648] RX OCCLUDED at node 3 from node 4 seq 6
time_ns=76648000000 [t=76.648] RX OCCLUDED at node 7 from node 4 seq 6
time_ns=76648000000 [t=76.648] RX OCCLUDED at node 8 from node 4 seq 6
time_ns=76648000000 [MAC 4] ACK transmitted in aggregate dest=5 seq=6 txCount=5/5
time_ns=76648000000 [MAC 4] Remove ACK after OPNET resend limit dest=5 seq=6
time_ns=76648000000 [MAC 4] OPNET aggregate transmitted segments=1 ackSegments=1 dataSegments=0 bytes=25 rate=8
time_ns=76648012444 [t=76.648] RX SYNC at node 5 from node 4 seq 6 power -109.884 dBm noise -106.975 dBm snr -2.90891 dB state=1
time_ns=76648013632 [t=76.648] RX SYNC at node 2 from node 4 seq 6 power -111.468 dBm noise -106.975 dBm snr -4.4927 dB state=0
time_ns=76648023527 [t=76.648] RX SYNC at node 1 from node 4 seq 6 power -120.948 dBm noise -106.975 dBm snr -13.9725 dB state=1 below-threshold
time_ns=76654642444 [t=76.6546] MAC 5 enters Track on node 4 seq 6 power -109.884 dBm
time_ns=76696960000 [MAC 4] post-TX WAIT_FOR_ACK until 95.197 (POST_TX_WAIT=18.5 s)
time_ns=76696972444 [t=76.697] RX at node 5 from node 4 seq 6 rate 8 kbps txPower 33 dBm preamble SHORT pathloss 142.884 dB snr -2.90891 dB (slot 1, len 25B, ackable=0)
time_ns=76696972444 [MAC 5] Learned neighbor 4 uses slot 1 (rtCounter=1)
time_ns=76696972444 [HOP 5] RX ACK from 4 seq=6
time_ns=76696972472 [NWK 5] CheckNwkQueue: size=0
time_ns=76696973632 [t=76.697] RX MISS at node 2 from node 4 seq 6
time_ns=76713000000 [MAC 3] PickTxSlot(dest=5) active_nodes_for_slotting=3 opnet_slot_range=31
time_ns=76713000000 [MAC 3] avoiding neighbor 1 currentReservedSlot=7 rtslot_counter=7
time_ns=76713000000 [MAC 3] avoiding neighbor 5 currentReservedSlot=9 rtslot_counter=9
time_ns=76713000000 [MAC 3] PickTxSlot(dest=5) avoid: 7 9
time_ns=76713000000 [MAC 3] PickTxSlot chose 25 using historical next_tslot modulo probe
time_ns=76713000000 [MAC 3] TX opportunity reached currentSlot=22 reserveNextSlot=25
time_ns=76713000000 ... type=1 speedKey=8[t=76.713] TX from node 3 to dest 5 seq 10 size 75 bytes segments 3 at slot 25 rate 8 kbps txPower 33 dBm (7843.14 bps) preamble SHORT duration 0.09996 s
time_ns=76713000000 [t=76.713] RX OCCLUDED at node 2 from node 3 seq 10
time_ns=76713000000 [t=76.713] RX OCCLUDED at node 4 from node 3 seq 10
time_ns=76713000000 [t=76.713] RX OCCLUDED at node 7 from node 3 seq 10
time_ns=76713000000 [t=76.713] RX OCCLUDED at node 8 from node 3 seq 10
time_ns=76713000000 [MAC 3] ACK transmitted in aggregate dest=5 seq=10 txCount=5/5
time_ns=76713000000 [MAC 3] ACK transmitted in aggregate dest=5 seq=11 txCount=3/5
time_ns=76713000000 [MAC 3] ACK transmitted in aggregate dest=1 seq=13 txCount=2/5
time_ns=76713000000 [MAC 3] Remove ACK after OPNET resend limit dest=5 seq=10
time_ns=76713000000 [MAC 3] OPNET aggregate transmitted segments=3 ackSegments=3 dataSegments=0 bytes=75 rate=8
time_ns=76713000000 [MAC 5] rtslot_counter expired for neighbor 4 reserveSlot=1
time_ns=76713000000 [MAC 1] rtslot_counter expired for neighbor 3 reserveSlot=22
time_ns=76713000000 [MAC 4] local advertised reservation expired
time_ns=76713008077 [t=76.713] RX SYNC at node 1 from node 3 seq 10 power -102.376 dBm noise -106.975 dBm snr 4.59934 dB state=1
time_ns=76713019163 [t=76.713] RX SYNC at node 5 from node 3 seq 10 power -117.383 dBm noise -106.975 dBm snr -10.408 dB state=1
time_ns=76719638077 [t=76.7196] MAC 1 enters Track on node 3 seq 10 power -102.376 dBm
time_ns=76719649163 [t=76.7196] MAC 5 enters Track on node 3 seq 10 power -117.383 dBm
time_ns=76812960000 [MAC 3] resumes Pre-Tx with live slot=25 counter=25
time_ns=76812968077 [t=76.813] RX at node 1 from node 3 seq 10 rate 8 kbps txPower 33 dBm preamble SHORT pathloss 135.376 dB snr 4.59934 dB (slot 25, len 75B, ackable=0)
time_ns=76812968077 [MAC 1] Learned neighbor 3 uses slot 25 (rtCounter=25)
time_ns=76812968077 [HOP 1] Overheard frame from 3 for 5 type=1 ignored after neighbor update
time_ns=76812968077 [HOP 1] Overheard frame from 3 for 5 type=1 ignored after neighbor update
time_ns=76812968077 [HOP 1] RX ACK from 3 seq=13
time_ns=76812968077 [HOP 1] Reliable RoutingControl ACK progress with 3 seq=13 routingSequence=12 section=0/1
time_ns=76812968077 [NWK 1] Reliable RoutingControl ACKed neighbor=3 routingSequence=12 operation=Update section=0/1 lastOfInfo=0
time_ns=76812968077 [NWK 1] Updated grouped routing-control residual ACKed=3 removed=0 lastOfInfo=0 remaining=1
time_ns=76812968077 [HOP 1] RoutingControl partial ACK neighbor=3 seq=13 resendEntryRetained=1
time_ns=76812968105 [NWK 1] CheckNwkQueue: size=0
time_ns=76812979163 [t=76.813] RX at node 5 from node 3 seq 10 rate 8 kbps txPower 33 dBm preamble SHORT pathloss 150.383 dB snr -10.408 dB (slot 25, len 75B, ackable=0)
time_ns=76812979163 [MAC 5] Learned neighbor 3 uses slot 25 (rtCounter=25)
time_ns=76812979163 [HOP 5] RX ACK from 3 seq=10
time_ns=76812979163 [HOP 5] RX ACK from 3 seq=11
time_ns=76812979163 [HOP 5] Overheard frame from 3 for 1 type=1 ignored after neighbor update
time_ns=76812979191 [NWK 5] CheckNwkQueue: size=0
time_ns=76882000000 [MAC 4] rtslot_counter expired for neighbor 5 reserveSlot=20
time_ns=76908000000 [MAC 3] rtslot_counter expired for neighbor 1 reserveSlot=29
time_ns=76908000000 [MAC 1] PickTxSlot(dest=5) active_nodes_for_slotting=3 opnet_slot_range=31
time_ns=76908000000 [MAC 1] avoiding neighbor 3 currentReservedSlot=17 rtslot_counter=17
time_ns=76908000000 [MAC 1] avoiding neighbor 5 currentReservedSlot=1 rtslot_counter=1
time_ns=76908000000 [MAC 1] PickTxSlot(dest=5) avoid: 1 17
time_ns=76908000000 [MAC 1] PickTxSlot chose 22 using historical next_tslot modulo probe
time_ns=76908000000 [MAC 1] TX opportunity reached currentSlot=29 reserveNextSlot=22
time_ns=76908000000 ... type=1 speedKey=8[t=76.908] TX from node 1 to dest 5 seq 15 size 50 bytes segments 2 at slot 22 rate 8 kbps txPower 33 dBm (7843.14 bps) preamble SHORT duration 0.07446 s
time_ns=76908000000 [t=76.908] RX OCCLUDED at node 2 from node 1 seq 15
time_ns=76908000000 [t=76.908] RX OCCLUDED at node 7 from node 1 seq 15
time_ns=76908000000 [t=76.908] RX OCCLUDED at node 8 from node 1 seq 15
time_ns=76908000000 [MAC 1] ACK transmitted in aggregate dest=5 seq=15 txCount=3/5
time_ns=76908000000 [MAC 1] ACK transmitted in aggregate dest=3 seq=13 txCount=3/5
time_ns=76908000000 [MAC 1] OPNET aggregate transmitted segments=2 ackSegments=2 dataSegments=0 bytes=50 rate=8
time_ns=76908008077 [t=76.908] RX SYNC at node 3 from node 1 seq 15 power -102.376 dBm noise -106.975 dBm snr 4.59934 dB state=1
time_ns=76908011086 [t=76.908] RX SYNC at node 5 from node 1 seq 15 power -107.876 dBm noise -106.975 dBm snr -0.900945 dB state=1
time_ns=76908023527 [t=76.908] RX SYNC at node 4 from node 1 seq 15 power -120.948 dBm noise -106.975 dBm snr -13.9725 dB state=1 below-threshold
time_ns=76914638077 [t=76.9146] MAC 3 enters Track on node 1 seq 15 power -102.376 dBm
time_ns=76914641086 [t=76.9146] MAC 5 enters Track on node 1 seq 15 power -107.876 dBm
time_ns=76982460000 [MAC 1] resumes Pre-Tx with live slot=22 counter=22
time_ns=76982468077 [t=76.9825] RX at node 3 from node 1 seq 15 rate 8 kbps txPower 33 dBm preamble SHORT pathloss 135.376 dB snr 4.59934 dB (slot 22, len 50B, ackable=0)
time_ns=76982468077 [MAC 3] Learned neighbor 1 uses slot 22 (rtCounter=22)
time_ns=76982468077 [HOP 3] Overheard frame from 1 for 5 type=1 ignored after neighbor update
time_ns=76982468077 [HOP 3] RX ACK from 1 seq=13
time_ns=76982468077 [HOP 3] Reliable RoutingControl ACK progress with 1 seq=13 routingSequence=10 section=0/1
time_ns=76982468077 [NWK 3] Reliable RoutingControl ACKed neighbor=1 routingSequence=10 operation=Update section=0/1 lastOfInfo=0
time_ns=76982468077 [NWK 3] Updated grouped routing-control residual ACKed=1 removed=0 lastOfInfo=0 remaining=1
time_ns=76982468077 [HOP 3] RoutingControl partial ACK neighbor=1 seq=13 resendEntryRetained=1
time_ns=76982468105 [NWK 3] CheckNwkQueue: size=0
time_ns=76982471086 [t=76.9825] RX at node 5 from node 1 seq 15 rate 8 kbps txPower 33 dBm preamble SHORT pathloss 140.876 dB snr -0.900945 dB (slot 22, len 50B, ackable=0)
time_ns=76982471086 [MAC 5] Learned neighbor 1 uses slot 22 (rtCounter=22)
time_ns=76982471086 [HOP 5] RX ACK from 1 seq=15
time_ns=76982471086 [HOP 5] Overheard frame from 1 for 3 type=1 ignored after neighbor update
time_ns=76982471114 [NWK 5] CheckNwkQueue: size=0
time_ns=76999000000 [MAC 3] rtslot_counter expired for neighbor 5 reserveSlot=20
time_ns=76999000000 [MAC 1] rtslot_counter expired for neighbor 5 reserveSlot=20
time_ns=77038000000 [MAC 5] PickTxSlot(dest=4) active_nodes_for_slotting=4 opnet_slot_range=31
time_ns=77038000000 [MAC 5] avoiding neighbor 1 currentReservedSlot=17 rtslot_counter=17
time_ns=77038000000 [MAC 5] avoiding neighbor 3 currentReservedSlot=12 rtslot_counter=12
time_ns=77038000000 [MAC 5] PickTxSlot(dest=4) avoid: 12 17
time_ns=77038000000 [MAC 5] PickTxSlot chose 28 using historical next_tslot modulo probe
time_ns=77038000000 [MAC 5] TX opportunity reached currentSlot=20 reserveNextSlot=28
time_ns=77038000000 ... type=1 speedKey=8[t=77.038] TX from node 5 to dest 4 seq 11 size 50 bytes segments 2 at slot 28 rate 8 kbps txPower 33 dBm (7843.14 bps) preamble SHORT duration 0.07446 s
time_ns=77038000000 [t=77.038] RX OCCLUDED at node 2 from node 5 seq 11
time_ns=77038000000 [t=77.038] RX OCCLUDED at node 7 from node 5 seq 11
time_ns=77038000000 [t=77.038] RX OCCLUDED at node 8 from node 5 seq 11
time_ns=77038000000 [MAC 5] ACK transmitted in aggregate dest=4 seq=11 txCount=4/5
time_ns=77038000000 [MAC 5] ACK transmitted in aggregate dest=4 seq=12 txCount=4/5
time_ns=77038000000 [MAC 5] OPNET aggregate transmitted segments=2 ackSegments=2 dataSegments=0 bytes=50 rate=8
time_ns=77038011086 [t=77.038] RX SYNC at node 1 from node 5 seq 11 power -107.876 dBm noise -106.975 dBm snr -0.900945 dB state=1
time_ns=77038012444 [t=77.038] RX SYNC at node 4 from node 5 seq 11 power -109.884 dBm noise -106.975 dBm snr -2.90891 dB state=1
time_ns=77038019163 [t=77.038] RX SYNC at node 3 from node 5 seq 11 power -117.383 dBm noise -106.975 dBm snr -10.408 dB state=1 below-threshold
time_ns=77044641086 [t=77.0446] MAC 1 enters Track on node 5 seq 11 power -107.876 dBm
time_ns=77044642444 [t=77.0446] MAC 4 enters Track on node 5 seq 11 power -109.884 dBm
time_ns=77112460000 [MAC 5] resumes Pre-Tx with live slot=28 counter=28
time_ns=77112471086 [t=77.1125] RX OVERHEARD at node 1 from node 5 seq 11 rate 8 kbps txPower 33 dBm preamble SHORT pathloss 140.876 dB snr -0.900945 dB (slot 28, len 50B, ackable=0)
time_ns=77112471086 [MAC 1] Learned neighbor 5 uses slot 28 (rtCounter=28)
time_ns=77112471086 [HOP 1] Overheard frame from 5 for 4 type=1 ignored after neighbor update
time_ns=77112471086 [HOP 1] Overheard frame from 5 for 4 type=1 ignored after neighbor update
time_ns=77112472444 [t=77.1125] RX at node 4 from node 5 seq 11 rate 8 kbps txPower 33 dBm preamble SHORT pathloss 142.884 dB snr -2.90891 dB (slot 28, len 50B, ackable=0)
time_ns=77112472444 [MAC 4] Learned neighbor 5 uses slot 28 (rtCounter=28)
time_ns=77112472444 [HOP 4] RX ACK from 5 seq=11
time_ns=77112472444 [HOP 4] RX ACK from 5 seq=12
time_ns=77112472472 [NWK 4] CheckNwkQueue: size=0
time_ns=77207000000 [MAC 3] PickTxSlot(dest=5) active_nodes_for_slotting=3 opnet_slot_range=31
time_ns=77207000000 [MAC 3] avoiding neighbor 1 currentReservedSlot=4 rtslot_counter=4
time_ns=77207000000 [MAC 3] PickTxSlot(dest=5) avoid: 4
time_ns=77207000000 [MAC 3] PickTxSlot chose 19 using historical next_tslot modulo probe
time_ns=77207000000 [MAC 3] TX opportunity reached currentSlot=25 reserveNextSlot=19
time_ns=77207000000 ... type=1 speedKey=8[t=77.207] TX from node 3 to dest 5 seq 11 size 50 bytes segments 2 at slot 19 rate 8 kbps txPower 33 dBm (7843.14 bps) preamble SHORT duration 0.07446 s
time_ns=77207000000 [t=77.207] RX OCCLUDED at node 2 from node 3 seq 11
time_ns=77207000000 [t=77.207] RX OCCLUDED at node 4 from node 3 seq 11
time_ns=77207000000 [t=77.207] RX OCCLUDED at node 7 from node 3 seq 11
time_ns=77207000000 [t=77.207] RX OCCLUDED at node 8 from node 3 seq 11
time_ns=77207000000 [MAC 3] ACK transmitted in aggregate dest=5 seq=11 txCount=4/5
time_ns=77207000000 [MAC 3] ACK transmitted in aggregate dest=1 seq=13 txCount=3/5
time_ns=77207000000 [MAC 3] OPNET aggregate transmitted segments=2 ackSegments=2 dataSegments=0 bytes=50 rate=8
time_ns=77207008077 [t=77.207] RX SYNC at node 1 from node 3 seq 11 power -102.376 dBm noise -106.975 dBm snr 4.59934 dB state=1
time_ns=77207019163 [t=77.207] RX SYNC at node 5 from node 3 seq 11 power -117.383 dBm noise -106.975 dBm snr -10.408 dB state=1
time_ns=77213638077 [t=77.2136] MAC 1 enters Track on node 3 seq 11 power -102.376 dBm
time_ns=77213649163 [t=77.2136] MAC 5 enters Track on node 3 seq 11 power -117.383 dBm
time_ns=77281460000 [MAC 3] resumes Pre-Tx with live slot=19 counter=19
time_ns=77281468077 [t=77.2815] RX at node 1 from node 3 seq 11 rate 8 kbps txPower 33 dBm preamble SHORT pathloss 135.376 dB snr 4.59934 dB (slot 19, len 50B, ackable=0)
time_ns=77281468077 [MAC 1] Learned neighbor 3 uses slot 19 (rtCounter=19)
time_ns=77281468077 [HOP 1] Overheard frame from 3 for 5 type=1 ignored after neighbor update
time_ns=77281468077 [HOP 1] RX ACK from 3 seq=13
time_ns=77281468077 [HOP 1] Reliable RoutingControl ACK progress with 3 seq=13 routingSequence=12 section=0/1
time_ns=77281468077 [NWK 1] Reliable RoutingControl ACKed neighbor=3 routingSequence=12 operation=Update section=0/1 lastOfInfo=0
time_ns=77281468077 [NWK 1] Updated grouped routing-control residual ACKed=3 removed=0 lastOfInfo=0 remaining=1
time_ns=77281468077 [HOP 1] RoutingControl partial ACK neighbor=3 seq=13 resendEntryRetained=1
time_ns=77281468105 [NWK 1] CheckNwkQueue: size=0
time_ns=77281479163 [t=77.2815] RX at node 5 from node 3 seq 11 rate 8 kbps txPower 33 dBm preamble SHORT pathloss 150.383 dB snr -10.408 dB (slot 19, len 50B, ackable=0)
time_ns=77281479163 [MAC 5] Learned neighbor 3 uses slot 19 (rtCounter=19)
time_ns=77281479163 [HOP 5] RX ACK from 3 seq=11
time_ns=77281479163 [HOP 5] Overheard frame from 3 for 1 type=1 ignored after neighbor update
time_ns=77281479191 [NWK 5] CheckNwkQueue: size=0
time_ns=77337000000 [MAC 3] rtslot_counter expired for neighbor 1 reserveSlot=22
time_ns=77402000000 [MAC 5] rtslot_counter expired for neighbor 1 reserveSlot=22
time_ns=77402000000 [MAC 1] PickTxSlot(dest=5) active_nodes_for_slotting=3 opnet_slot_range=31
time_ns=77402000000 [MAC 1] avoiding neighbor 3 currentReservedSlot=9 rtslot_counter=9
time_ns=77402000000 [MAC 1] avoiding neighbor 5 currentReservedSlot=10 rtslot_counter=10
time_ns=77402000000 [MAC 1] PickTxSlot(dest=5) avoid: 9 10
time_ns=77402000000 [MAC 1] PickTxSlot chose 2 using historical next_tslot modulo probe
time_ns=77402000000 [MAC 1] TX opportunity reached currentSlot=22 reserveNextSlot=2
time_ns=77402000000 ... type=1 speedKey=8[t=77.402] TX from node 1 to dest 5 seq 15 size 50 bytes segments 2 at slot 2 rate 8 kbps txPower 33 dBm (7843.14 bps) preamble SHORT duration 0.07446 s
time_ns=77402000000 [t=77.402] RX OCCLUDED at node 2 from node 1 seq 15
time_ns=77402000000 [t=77.402] RX OCCLUDED at node 7 from node 1 seq 15
time_ns=77402000000 [t=77.402] RX OCCLUDED at node 8 from node 1 seq 15
time_ns=77402000000 [MAC 1] ACK transmitted in aggregate dest=5 seq=15 txCount=4/5
time_ns=77402000000 [MAC 1] ACK transmitted in aggregate dest=3 seq=13 txCount=4/5
time_ns=77402000000 [MAC 1] OPNET aggregate transmitted segments=2 ackSegments=2 dataSegments=0 bytes=50 rate=8
time_ns=77402008077 [t=77.402] RX SYNC at node 3 from node 1 seq 15 power -102.376 dBm noise -106.975 dBm snr 4.59934 dB state=1
time_ns=77402011086 [t=77.402] RX SYNC at node 5 from node 1 seq 15 power -107.876 dBm noise -106.975 dBm snr -0.900945 dB state=1
time_ns=77402023527 [t=77.402] RX SYNC at node 4 from node 1 seq 15 power -120.948 dBm noise -106.975 dBm snr -13.9725 dB state=1 below-threshold
time_ns=77408638077 [t=77.4086] MAC 3 enters Track on node 1 seq 15 power -102.376 dBm
time_ns=77408641086 [t=77.4086] MAC 5 enters Track on node 1 seq 15 power -107.876 dBm
time_ns=77476460000 [MAC 1] resumes Pre-Tx with live slot=2 counter=2
time_ns=77476468077 [t=77.4765] RX at node 3 from node 1 seq 15 rate 8 kbps txPower 33 dBm preamble SHORT pathloss 135.376 dB snr 4.59934 dB (slot 2, len 50B, ackable=0)
time_ns=77476468077 [MAC 3] Learned neighbor 1 uses slot 2 (rtCounter=2)
time_ns=77476468077 [HOP 3] Overheard frame from 1 for 5 type=1 ignored after neighbor update
time_ns=77476468077 [HOP 3] RX ACK from 1 seq=13
time_ns=77476468077 [HOP 3] Reliable RoutingControl ACK progress with 1 seq=13 routingSequence=10 section=0/1
time_ns=77476468077 [NWK 3] Reliable RoutingControl ACKed neighbor=1 routingSequence=10 operation=Update section=0/1 lastOfInfo=0
time_ns=77476468077 [NWK 3] Updated grouped routing-control residual ACKed=1 removed=0 lastOfInfo=0 remaining=1
time_ns=77476468077 [HOP 3] RoutingControl partial ACK neighbor=1 seq=13 resendEntryRetained=1
time_ns=77476468105 [NWK 3] CheckNwkQueue: size=0
time_ns=77476471086 [t=77.4765] RX at node 5 from node 1 seq 15 rate 8 kbps txPower 33 dBm preamble SHORT pathloss 140.876 dB snr -0.900945 dB (slot 2, len 50B, ackable=0)
time_ns=77476471086 [MAC 5] Learned neighbor 1 uses slot 2 (rtCounter=2)
time_ns=77476471086 [HOP 5] RX ACK from 1 seq=15
time_ns=77476471086 [HOP 5] Overheard frame from 1 for 3 type=1 ignored after neighbor update
time_ns=77476471114 [NWK 5] CheckNwkQueue: size=0
time_ns=77480000000 [MAC 4] rtslot_counter expired for neighbor 5 reserveSlot=28
time_ns=77504000028 [MAC] Enqueue TX pkt dscp=7 insert_pos=0 queue_size_before=0
time_ns=77506000000 [MAC 3] rtslot_counter expired for neighbor 1 reserveSlot=2
time_ns=77506000000 [MAC 5] rtslot_counter expired for neighbor 1 reserveSlot=2
time_ns=77506000000 [MAC 1] PickTxSlot(dest=5) active_nodes_for_slotting=3 opnet_slot_range=31
time_ns=77506000000 [MAC 1] avoiding neighbor 3 currentReservedSlot=6 rtslot_counter=6
time_ns=77506000000 [MAC 1] avoiding neighbor 5 currentReservedSlot=7 rtslot_counter=7
time_ns=77506000000 [MAC 1] PickTxSlot(dest=5) avoid: 6 7
time_ns=77506000000 [MAC 1] PickTxSlot chose 19 using historical next_tslot modulo probe
time_ns=77506000000 [MAC 1] TX opportunity reached currentSlot=2 reserveNextSlot=19
time_ns=77506000000 ... type=1 speedKey=8[t=77.506] TX from node 1 to dest 5 seq 15 size 50 bytes segments 2 at slot 19 rate 8 kbps txPower 33 dBm (7843.14 bps) preamble SHORT duration 0.07446 s
time_ns=77506000000 [t=77.506] RX OCCLUDED at node 2 from node 1 seq 15
time_ns=77506000000 [t=77.506] RX OCCLUDED at node 7 from node 1 seq 15
time_ns=77506000000 [t=77.506] RX OCCLUDED at node 8 from node 1 seq 15
time_ns=77506000000 [MAC 1] ACK transmitted in aggregate dest=5 seq=15 txCount=5/5
time_ns=77506000000 [MAC 1] ACK transmitted in aggregate dest=3 seq=13 txCount=5/5
time_ns=77506000000 [MAC 1] Remove ACK after OPNET resend limit dest=5 seq=15
time_ns=77506000000 [MAC 1] Remove ACK after OPNET resend limit dest=3 seq=13
time_ns=77506000000 [MAC 1] OPNET aggregate transmitted segments=2 ackSegments=2 dataSegments=0 bytes=50 rate=8
time_ns=77506008077 [t=77.506] RX SYNC at node 3 from node 1 seq 15 power -102.376 dBm noise -106.975 dBm snr 4.59934 dB state=1
time_ns=77506011086 [t=77.506] RX SYNC at node 5 from node 1 seq 15 power -107.876 dBm noise -106.975 dBm snr -0.900945 dB state=1
time_ns=77506023527 [t=77.506] RX SYNC at node 4 from node 1 seq 15 power -120.948 dBm noise -106.975 dBm snr -13.9725 dB state=1 below-threshold
time_ns=77512638077 [t=77.5126] MAC 3 enters Track on node 1 seq 15 power -102.376 dBm
time_ns=77512641086 [t=77.5126] MAC 5 enters Track on node 1 seq 15 power -107.876 dBm
time_ns=77580460000 [MAC 1] post-TX WAIT_FOR_ACK until 97.5805 (POST_TX_WAIT=20 s)
time_ns=77580468077 [t=77.5805] RX at node 3 from node 1 seq 15 rate 8 kbps txPower 33 dBm preamble SHORT pathloss 135.376 dB snr 4.59934 dB (slot 19, len 50B, ackable=0)
time_ns=77580468077 [MAC 3] Learned neighbor 1 uses slot 19 (rtCounter=19)
time_ns=77580468077 [HOP 3] Overheard frame from 1 for 5 type=1 ignored after neighbor update
time_ns=77580468077 [HOP 3] RX ACK from 1 seq=13
time_ns=77580468077 [HOP 3] Reliable RoutingControl ACK progress with 1 seq=13 routingSequence=10 section=0/1
time_ns=77580468077 [NWK 3] Reliable RoutingControl ACKed neighbor=1 routingSequence=10 operation=Update section=0/1 lastOfInfo=0
time_ns=77580468077 [NWK 3] Updated grouped routing-control residual ACKed=1 removed=0 lastOfInfo=0 remaining=1
time_ns=77580468077 [HOP 3] RoutingControl partial ACK neighbor=1 seq=13 resendEntryRetained=1
time_ns=77580468105 [NWK 3] CheckNwkQueue: size=0
time_ns=77580471086 [t=77.5805] RX at node 5 from node 1 seq 15 rate 8 kbps txPower 33 dBm preamble SHORT pathloss 140.876 dB snr -0.900945 dB (slot 19, len 50B, ackable=0)
time_ns=77580471086 [MAC 5] Learned neighbor 1 uses slot 19 (rtCounter=19)
time_ns=77580471086 [HOP 5] RX ACK from 1 seq=15
time_ns=77580471086 [HOP 5] Overheard frame from 1 for 3 type=1 ignored after neighbor update
time_ns=77580471114 [NWK 5] CheckNwkQueue: size=0
time_ns=77662000000 [MAC 3] PickTxSlot(dest=5) active_nodes_for_slotting=3 opnet_slot_range=31
time_ns=77662000000 [MAC 3] avoiding neighbor 1 currentReservedSlot=12 rtslot_counter=12
time_ns=77662000000 [MAC 3] PickTxSlot(dest=5) avoid: 12
time_ns=77662000000 [MAC 3] PickTxSlot chose 28 using historical next_tslot modulo probe
time_ns=77662000000 [MAC 3] TX opportunity reached currentSlot=19 reserveNextSlot=28
time_ns=77662000000 ... type=1 speedKey=8[t=77.662] TX from node 3 to dest 5 seq 11 size 89 bytes segments 3 at slot 28 rate 8 kbps txPower 33 dBm (7843.14 bps) preamble SHORT duration 0.11424 s
time_ns=77662000000 [t=77.662] RX OCCLUDED at node 2 from node 3 seq 11
time_ns=77662000000 [t=77.662] RX OCCLUDED at node 4 from node 3 seq 11
time_ns=77662000000 [t=77.662] RX OCCLUDED at node 7 from node 3 seq 11
time_ns=77662000000 [t=77.662] RX OCCLUDED at node 8 from node 3 seq 11
time_ns=77662000000 [HOP 3] MAC sent confirmation dest=5 seq=9 transmission=2 sentAt=77.662
time_ns=77662000000 [MAC 3] ACK transmitted in aggregate dest=5 seq=11 txCount=5/5
time_ns=77662000000 [MAC 3] ACK transmitted in aggregate dest=1 seq=13 txCount=4/5
time_ns=77662000000 [MAC 3] Remove ACK after OPNET resend limit dest=5 seq=11
time_ns=77662000000 [MAC 3] OPNET aggregate transmitted segments=3 ackSegments=2 dataSegments=1 bytes=89 rate=8
time_ns=77662000000 [MAC 5] rtslot_counter expired for neighbor 3 reserveSlot=19
time_ns=77662000000 [MAC 1] rtslot_counter expired for neighbor 3 reserveSlot=19
time_ns=77662008077 [t=77.662] RX SYNC at node 1 from node 3 seq 11 power -102.376 dBm noise -106.975 dBm snr 4.59934 dB state=1
time_ns=77662019163 [t=77.662] RX SYNC at node 5 from node 3 seq 11 power -117.383 dBm noise -106.975 dBm snr -10.408 dB state=1 below-threshold
time_ns=77668638077 [t=77.6686] MAC 1 enters Track on node 3 seq 11 power -102.376 dBm
time_ns=77675000000 [MAC 5] PickTxSlot(dest=4) active_nodes_for_slotting=4 opnet_slot_range=31
time_ns=77675000000 [MAC 5] avoiding neighbor 1 currentReservedSlot=11 rtslot_counter=11
time_ns=77675000000 [MAC 5] PickTxSlot(dest=4) avoid: 11
time_ns=77675000000 [MAC 5] PickTxSlot chose 21 using historical next_tslot modulo probe
time_ns=77675000000 [MAC 5] TX opportunity reached currentSlot=28 reserveNextSlot=21
time_ns=77675000000 ... type=1 speedKey=8[t=77.675] TX from node 5 to dest 4 seq 11 size 50 bytes segments 2 at slot 21 rate 8 kbps txPower 33 dBm (7843.14 bps) preamble SHORT duration 0.07446 s
time_ns=77675000000 [t=77.675] RX OCCLUDED at node 2 from node 5 seq 11
time_ns=77675000000 [t=77.675] RX OCCLUDED at node 7 from node 5 seq 11
time_ns=77675000000 [t=77.675] RX OCCLUDED at node 8 from node 5 seq 11
time_ns=77675000000 [MAC 5] ACK transmitted in aggregate dest=4 seq=11 txCount=5/5
time_ns=77675000000 [MAC 5] ACK transmitted in aggregate dest=4 seq=12 txCount=5/5
time_ns=77675000000 [MAC 5] Remove ACK after OPNET resend limit dest=4 seq=11
time_ns=77675000000 [MAC 5] Remove ACK after OPNET resend limit dest=4 seq=12
time_ns=77675000000 [MAC 5] OPNET aggregate transmitted segments=2 ackSegments=2 dataSegments=0 bytes=50 rate=8
time_ns=77675011086 [t=77.675] RX SYNC at node 1 from node 5 seq 11 power -107.876 dBm noise -106.975 dBm snr -0.900945 dB state=2
time_ns=77675012444 [t=77.675] RX SYNC at node 4 from node 5 seq 11 power -109.884 dBm noise -106.975 dBm snr -2.90891 dB state=1
time_ns=77675019163 [t=77.675] RX SYNC at node 3 from node 5 seq 11 power -117.383 dBm noise -106.975 dBm snr -10.408 dB state=3
time_ns=77681642444 [t=77.6816] MAC 4 enters Track on node 5 seq 11 power -109.884 dBm
time_ns=77686000028 [MAC] Enqueue TX pkt dscp=7 insert_pos=0 queue_size_before=0
time_ns=77749460000 [MAC 5] post-TX WAIT_FOR_ACK until 99.2495 (POST_TX_WAIT=21.5 s)
time_ns=77749472444 [t=77.7495] RX at node 4 from node 5 seq 11 rate 8 kbps txPower 33 dBm preamble SHORT pathloss 142.884 dB snr -2.90891 dB (slot 21, len 50B, ackable=0)
time_ns=77749472444 [MAC 4] Learned neighbor 5 uses slot 21 (rtCounter=21)
time_ns=77749472444 [HOP 4] RX ACK from 5 seq=11
time_ns=77749472444 [HOP 4] RX ACK from 5 seq=12
time_ns=77749472472 [NWK 4] CheckNwkQueue: size=0
time_ns=77749479163 [t=77.7495] RX MISS at node 3 from node 5 seq 11
time_ns=77776240000 [MAC 3] resumes Pre-Tx with live slot=28 counter=28
time_ns=77776248077 [t=77.7762] RX at node 1 from node 3 seq 11 rate 8 kbps txPower 33 dBm preamble SHORT pathloss 135.376 dB snr 4.59934 dB (slot 28, len 89B, ackable=1)
time_ns=77776248077 [MAC 1] Learned neighbor 3 uses slot 28 (rtCounter=28)
time_ns=77776248077 [HOP 1] Overheard frame from 3 for 5 type=1 ignored after neighbor update
time_ns=77776248077 [HOP 1] RX ACK from 3 seq=13
time_ns=77776248077 [HOP 1] Reliable RoutingControl ACK progress with 3 seq=13 routingSequence=12 section=0/1
time_ns=77776248077 [NWK 1] Reliable RoutingControl ACKed neighbor=3 routingSequence=12 operation=Update section=0/1 lastOfInfo=0
time_ns=77776248077 [NWK 1] Updated grouped routing-control residual ACKed=3 removed=0 lastOfInfo=0 remaining=1
time_ns=77776248077 [HOP 1] RoutingControl partial ACK neighbor=3 seq=13 resendEntryRetained=1
time_ns=77776248077 [HOP 1] link_control dest=3 neighborKnown=1 s0=-103 pathloss=135.376 failures=0 speed=8 txPower=33 rxPower=-103 cost=3587
time_ns=77776248077 [HOP 1] ACK authenticated duplicate Group16 RoutingControl to 3 seq=13
time_ns=77776248077 [MAC 1] Enqueue ACK dest=3 seq=13 window=0 ack_queue_size=1
time_ns=77776248077 [MAC 1] resumes Pre-Tx with live slot=19 counter=12
time_ns=77776248105 [NWK 1] CheckNwkQueue: size=0
time_ns=77779000000 [MAC 1] rtslot_counter expired for neighbor 5 reserveSlot=28
time_ns=77896000000 [MAC 5] rtslot_counter expired for neighbor 1 reserveSlot=19
time_ns=77935000000 [MAC 3] rtslot_counter expired for neighbor 1 reserveSlot=19
time_ns=77935000000 [MAC 1] PickTxSlot(dest=3) active_nodes_for_slotting=3 opnet_slot_range=31
time_ns=77935000000 [MAC 1] avoiding neighbor 3 currentReservedSlot=15 rtslot_counter=15
time_ns=77935000000 [MAC 1] PickTxSlot(dest=3) avoid: 15
time_ns=77935000000 [MAC 1] PickTxSlot chose 28 using historical next_tslot modulo probe
time_ns=77935000000 [MAC 1] TX opportunity reached currentSlot=19 reserveNextSlot=28
time_ns=77935000000 ... type=1 speedKey=8[t=77.935] TX from node 1 to dest 3 seq 13 size 64 bytes segments 2 at slot 28 rate 8 kbps txPower 33 dBm (7843.14 bps) preamble SHORT duration 0.08874 s
time_ns=77935000000 [t=77.935] RX OCCLUDED at node 2 from node 1 seq 13
time_ns=77935000000 [t=77.935] RX OCCLUDED at node 7 from node 1 seq 13
time_ns=77935000000 [t=77.935] RX OCCLUDED at node 8 from node 1 seq 13
time_ns=77935000000 [HOP 1] MAC sent confirmation dest=5 seq=11 transmission=2 sentAt=77.935
time_ns=77935000000 [MAC 1] ACK transmitted in aggregate dest=3 seq=13 txCount=1/5
time_ns=77935000000 [MAC 1] OPNET aggregate transmitted segments=2 ackSegments=1 dataSegments=1 bytes=64 rate=8
time_ns=77935008077 [t=77.935] RX SYNC at node 3 from node 1 seq 13 power -102.376 dBm noise -106.975 dBm snr 4.59934 dB state=1
time_ns=77935011086 [t=77.935] RX SYNC at node 5 from node 1 seq 13 power -107.876 dBm noise -106.975 dBm snr -0.900945 dB state=1
time_ns=77935023527 [t=77.935] RX SYNC at node 4 from node 1 seq 13 power -120.948 dBm noise -106.975 dBm snr -13.9725 dB state=1 below-threshold
time_ns=77941638077 [t=77.9416] MAC 3 enters Track on node 1 seq 13 power -102.376 dBm
time_ns=77941641086 [t=77.9416] MAC 5 enters Track on node 1 seq 13 power -107.876 dBm
time_ns=78023740000 [MAC 1] resumes Pre-Tx with live slot=28 counter=28
time_ns=78023748077 [t=78.0237] RX at node 3 from node 1 seq 13 rate 8 kbps txPower 33 dBm preamble SHORT pathloss 135.376 dB snr 4.59934 dB (slot 28, len 64B, ackable=1)
time_ns=78023748077 [MAC 3] Learned neighbor 1 uses slot 28 (rtCounter=28)
time_ns=78023748077 [HOP 3] RX ACK from 1 seq=13
time_ns=78023748077 [HOP 3] Reliable RoutingControl ACK progress with 1 seq=13 routingSequence=10 section=0/1
time_ns=78023748077 [NWK 3] Reliable RoutingControl ACKed neighbor=1 routingSequence=10 operation=Update section=0/1 lastOfInfo=0
time_ns=78023748077 [NWK 3] Updated grouped routing-control residual ACKed=1 removed=0 lastOfInfo=0 remaining=1
time_ns=78023748077 [HOP 3] RoutingControl partial ACK neighbor=1 seq=13 resendEntryRetained=1
time_ns=78023748077 [HOP 3] link_control dest=1 neighborKnown=1 s0=-103 pathloss=135.376 failures=0 speed=8 txPower=33 rxPower=-103 cost=3587
time_ns=78023748077 [HOP 3] ACK authenticated duplicate Group16 RoutingControl to 1 seq=13
time_ns=78023748077 [MAC 3] Ignore duplicate exact ACK dest=1 seq=13
time_ns=78023748105 [NWK 3] CheckNwkQueue: size=0
time_ns=78023751086 [t=78.0238] RX at node 5 from node 1 seq 13 rate 8 kbps txPower 33 dBm preamble SHORT pathloss 140.876 dB snr -0.900945 dB (slot 28, len 64B, ackable=1)
time_ns=78023751086 [MAC 5] Learned neighbor 1 uses slot 28 (rtCounter=28)
time_ns=78023751086 [HOP 5] Overheard frame from 1 for 3 type=1 ignored after neighbor update
time_ns=78023751086 [HOP 5] RX reliable RoutingControl from 1 seq=11 firstReception=1
time_ns=78023751086 [MAC 5] active_nodes set to 4 for local slotting and post-TX wait
time_ns=78023751086 [NWK 5] active_nodes=4 pushed to MAC
time_ns=78023751086 [NWK 5] Updated HELLO neighbor=1 hopSrc=1 speedKey=8 activeNodes=3 pathloss=140.876 snr=-0.900945
time_ns=78023751086 [NWK 5] link_calc neighbor=1 s0=-103 pathloss=140.876 numFailures=0 speed=8 txPower=33 estDistance=298 speedMargin=-4.87595 totalMargin=-4.87595 costMode=local-only cost=7450
time_ns=78023751086 [NWK 5] Updated route candidate dst=1 nextHop=1 hops=1 oldCost=7450 newCost=7450 valid=1->1 selectionDeferred=0 selected=1
time_ns=78023751086 [NWK 5] ARL route message from 1 type=RoutingUpdate advCount=0
time_ns=78023751086 [NWK 5] Buffered ARL routing section from=1 routingSequence=12 section=0/1 buffered=1
time_ns=78023751086 [NWK 5] Reassembled complete ARL routing message from=1 routingSequence=12 sections=1 recordBytes=17 records=1
time_ns=78023751086 [NWK 5] Routes: dst=1->nh=1(hops=1,cost=7450,linkCost=7450,advCost=0,from=1,imm=1,pl=140.876,valid=1,path=[1]) dst=3->nh=1(hops=2,cost=11037,linkCost=7450,advCost=3587,from=1,imm=0,pl=140.876,valid=1,path=[1->3]) dst=3->nh=3(hops=1,cost=7450,linkCost=7450,advCost=0,from=3,imm=1,pl=150.383,valid=1,path=[3]) dst=1->nh=3(hops=2,cost=11037,linkCost=7450,advCost=3587,from=3,imm=0,pl=150.383,valid=1,path=[3->1]) dst=4->nh=4(hops=1,cost=7450,linkCost=7450,advCost=0,from=4,imm=1,pl=142.884,valid=1,path=[4]) dst=3->nh=4(hops=3,cost=0,linkCost=0,advCost=14900,from=4,imm=0,pl=nan,valid=0,path=[5->3]) dst=1->nh=4(hops=3,cost=0,linkCost=0,advCost=14900,from=4,imm=0,pl=nan,valid=0,path=[5->1]) dst=4->nh=1(hops=3,cost=0,linkCost=0,advCost=14900,from=1,imm=0,pl=nan,valid=0,path=[5->4])
time_ns=78023751086 [HOP 5] link_control dest=1 neighborKnown=1 s0=-103 pathloss=140.876 failures=0 speed=8 txPower=33 rxPower=-103 cost=7450
time_ns=78023751086 [HOP 5] ACK RoutingControl to 1 seq=11
time_ns=78023751086 [MAC 5] Enqueue ACK dest=1 seq=11 window=0 ack_queue_size=1
time_ns=78023751086 [MAC 5] resumes Pre-Tx with live slot=21 counter=6
time_ns=78026000000 [MAC 4] rtslot_counter expired for neighbor 5 reserveSlot=21
time_ns=78104000000 [MAC 5] PickTxSlot(dest=1) active_nodes_for_slotting=4 opnet_slot_range=31
time_ns=78104000000 [MAC 5] avoiding neighbor 1 currentReservedSlot=21 rtslot_counter=21
time_ns=78104000000 [MAC 5] PickTxSlot(dest=1) avoid: 21
time_ns=78104000000 [MAC 5] PickTxSlot chose 11 using historical next_tslot modulo probe
time_ns=78104000000 [MAC 5] TX opportunity reached currentSlot=21 reserveNextSlot=11
time_ns=78104000000 ... type=1 speedKey=8[t=78.104] TX from node 5 to dest 1 seq 11 size 25 bytes segments 1 at slot 11 rate 8 kbps txPower 33 dBm (7843.14 bps) preamble SHORT duration 0.04896 s
time_ns=78104000000 [t=78.104] RX OCCLUDED at node 2 from node 5 seq 11
time_ns=78104000000 [t=78.104] RX OCCLUDED at node 7 from node 5 seq 11
time_ns=78104000000 [t=78.104] RX OCCLUDED at node 8 from node 5 seq 11
time_ns=78104000000 [MAC 5] ACK transmitted in aggregate dest=1 seq=11 txCount=1/5
time_ns=78104000000 [MAC 5] OPNET aggregate transmitted segments=1 ackSegments=1 dataSegments=0 bytes=25 rate=8
time_ns=78104011086 [t=78.104] RX SYNC at node 1 from node 5 seq 11 power -107.876 dBm noise -106.975 dBm snr -0.900945 dB state=1
time_ns=78104012444 [t=78.104] RX SYNC at node 4 from node 5 seq 11 power -109.884 dBm noise -106.975 dBm snr -2.90891 dB state=1
time_ns=78104019163 [t=78.104] RX SYNC at node 3 from node 5 seq 11 power -117.383 dBm noise -106.975 dBm snr -10.408 dB state=1
time_ns=78110641086 [t=78.1106] MAC 1 enters Track on node 5 seq 11 power -107.876 dBm
time_ns=78110642444 [t=78.1106] MAC 4 enters Track on node 5 seq 11 power -109.884 dBm
time_ns=78110649163 [t=78.1106] MAC 3 enters Track on node 5 seq 11 power -117.383 dBm
time_ns=78152960000 [MAC 5] resumes Pre-Tx with live slot=11 counter=11
time_ns=78152971086 [t=78.153] RX at node 1 from node 5 seq 11 rate 8 kbps txPower 33 dBm preamble SHORT pathloss 140.876 dB snr -0.900945 dB (slot 11, len 25B, ackable=0)
time_ns=78152971086 [MAC 1] Learned neighbor 5 uses slot 11 (rtCounter=11)
time_ns=78152971086 [HOP 1] RX ACK from 5 seq=11
time_ns=78152971086 [HOP 1] Reliable RoutingControl completed with 5 seq=11 routingSequence=12 section=0/1
time_ns=78152971086 [NWK 1] Reliable RoutingControl ACKed neighbor=5 routingSequence=12 operation=Update section=0/1 lastOfInfo=1
time_ns=78152971086 [NWK 1] Updated grouped routing-control residual ACKed=5 removed=1 lastOfInfo=1 remaining=0
time_ns=78152971086 [NWK 1] Released completed grouped routing-control owner routingSequence=12 section=0
time_ns=78152971114 [NWK 1] CheckNwkQueue: size=0
time_ns=78152972444 [t=78.153] RX OVERHEARD at node 4 from node 5 seq 11 rate 8 kbps txPower 33 dBm preamble SHORT pathloss 142.884 dB snr -2.90891 dB (slot 11, len 25B, ackable=0)
time_ns=78152972444 [MAC 4] Learned neighbor 5 uses slot 11 (rtCounter=11)
time_ns=78152972444 [HOP 4] Overheard frame from 5 for 1 type=1 ignored after neighbor update
time_ns=78152979163 [t=78.153] RX OVERHEARD at node 3 from node 5 seq 11 rate 8 kbps txPower 33 dBm preamble SHORT pathloss 150.383 dB snr -10.408 dB (slot 11, len 25B, ackable=0)
time_ns=78152979163 [MAC 3] Learned neighbor 5 uses slot 11 (rtCounter=11)
time_ns=78152979163 [HOP 3] Overheard frame from 5 for 1 type=1 ignored after neighbor update
time_ns=78260000000 [MAC 3] PickTxSlot(dest=1) active_nodes_for_slotting=3 opnet_slot_range=31
time_ns=78260000000 [MAC 3] avoiding neighbor 1 currentReservedSlot=12 rtslot_counter=12
time_ns=78260000000 [MAC 3] avoiding neighbor 5 currentReservedSlot=2 rtslot_counter=2
time_ns=78260000000 [MAC 3] PickTxSlot(dest=1) avoid: 2 12
time_ns=78260000000 [MAC 3] PickTxSlot chose 31 using historical next_tslot modulo probe
time_ns=78260000000 [MAC 3] TX opportunity reached currentSlot=28 reserveNextSlot=31
time_ns=78260000000 ... type=1 speedKey=8[t=78.26] TX from node 3 to dest 1 seq 13 size 25 bytes segments 1 at slot 31 rate 8 kbps txPower 33 dBm (7843.14 bps) preamble SHORT duration 0.04896 s
time_ns=78260000000 [t=78.26] RX OCCLUDED at node 2 from node 3 seq 13
time_ns=78260000000 [t=78.26] RX OCCLUDED at node 4 from node 3 seq 13
time_ns=78260000000 [t=78.26] RX OCCLUDED at node 7 from node 3 seq 13
time_ns=78260000000 [t=78.26] RX OCCLUDED at node 8 from node 3 seq 13
time_ns=78260000000 [MAC 3] ACK transmitted in aggregate dest=1 seq=13 txCount=5/5
time_ns=78260000000 [MAC 3] Remove ACK after OPNET resend limit dest=1 seq=13
time_ns=78260000000 [MAC 3] OPNET aggregate transmitted segments=1 ackSegments=1 dataSegments=0 bytes=25 rate=8
time_ns=78260000000 [MAC 1] rtslot_counter expired for neighbor 3 reserveSlot=28
time_ns=78260008077 [t=78.26] RX SYNC at node 1 from node 3 seq 13 power -102.376 dBm noise -106.975 dBm snr 4.59934 dB state=1
time_ns=78260019163 [t=78.26] RX SYNC at node 5 from node 3 seq 13 power -117.383 dBm noise -106.975 dBm snr -10.408 dB state=1 below-threshold
time_ns=78266638077 [t=78.2666] MAC 1 enters Track on node 3 seq 13 power -102.376 dBm
time_ns=78299000000 [MAC 5] PickTxSlot(dest=1) active_nodes_for_slotting=4 opnet_slot_range=31
time_ns=78299000000 [MAC 5] avoiding neighbor 1 currentReservedSlot=9 rtslot_counter=9
time_ns=78299000000 [MAC 5] PickTxSlot(dest=1) avoid: 9
time_ns=78299000000 [MAC 5] PickTxSlot chose 3 using historical next_tslot modulo probe
time_ns=78299000000 [MAC 5] TX opportunity reached currentSlot=11 reserveNextSlot=3
time_ns=78299000000 ... type=1 speedKey=8[t=78.299] TX from node 5 to dest 1 seq 11 size 25 bytes segments 1 at slot 3 rate 8 kbps txPower 33 dBm (7843.14 bps) preamble SHORT duration 0.04896 s
time_ns=78299000000 [t=78.299] RX OCCLUDED at node 2 from node 5 seq 11
time_ns=78299000000 [t=78.299] RX OCCLUDED at node 7 from node 5 seq 11
time_ns=78299000000 [t=78.299] RX OCCLUDED at node 8 from node 5 seq 11
time_ns=78299000000 [MAC 5] ACK transmitted in aggregate dest=1 seq=11 txCount=2/5
time_ns=78299000000 [MAC 5] OPNET aggregate transmitted segments=1 ackSegments=1 dataSegments=0 bytes=25 rate=8
time_ns=78299000000 [MAC 4] rtslot_counter expired for neighbor 5 reserveSlot=11
time_ns=78299011086 [t=78.299] RX SYNC at node 1 from node 5 seq 11 power -107.876 dBm noise -106.975 dBm snr -0.900945 dB state=2
time_ns=78299012444 [t=78.299] RX SYNC at node 4 from node 5 seq 11 power -109.884 dBm noise -106.975 dBm snr -2.90891 dB state=1
time_ns=78299019163 [t=78.299] RX SYNC at node 3 from node 5 seq 11 power -117.383 dBm noise -106.975 dBm snr -10.408 dB state=3
time_ns=78305642444 [t=78.3056] MAC 4 enters Track on node 5 seq 11 power -109.884 dBm
time_ns=78308960000 [MAC 3] post-TX WAIT_FOR_ACK until 98.309 (POST_TX_WAIT=20 s)
time_ns=78308968077 [t=78.309] RX at node 1 from node 3 seq 13 rate 8 kbps txPower 33 dBm preamble SHORT pathloss 135.376 dB snr 4.59934 dB (slot 31, len 25B, ackable=0)
time_ns=78308968077 [MAC 1] Learned neighbor 3 uses slot 31 (rtCounter=31)
time_ns=78308968077 [HOP 1] RX ACK from 3 seq=13
time_ns=78308968105 [NWK 1] CheckNwkQueue: size=0
time_ns=78347960000 [MAC 5] resumes Pre-Tx with live slot=3 counter=3
time_ns=78347972444 [t=78.348] RX OVERHEARD at node 4 from node 5 seq 11 rate 8 kbps txPower 33 dBm preamble SHORT pathloss 142.884 dB snr -2.90891 dB (slot 3, len 25B, ackable=0)
time_ns=78347972444 [MAC 4] Learned neighbor 5 uses slot 3 (rtCounter=3)
time_ns=78347972444 [HOP 4] Overheard frame from 5 for 1 type=1 ignored after neighbor update
time_ns=78347979163 [t=78.348] RX MISS at node 3 from node 5 seq 11
time_ns=78351000000 [MAC 3] rtslot_counter expired for neighbor 5 reserveSlot=11
time_ns=78351000000 [MAC 1] rtslot_counter expired for neighbor 5 reserveSlot=11
time_ns=78390000000 [MAC 5] PickTxSlot(dest=1) active_nodes_for_slotting=4 opnet_slot_range=31
time_ns=78390000000 [MAC 5] avoiding neighbor 1 currentReservedSlot=5 rtslot_counter=5
time_ns=78390000000 [MAC 5] PickTxSlot(dest=1) avoid: 5
time_ns=78390000000 [MAC 5] PickTxSlot chose 19 using historical next_tslot modulo probe
time_ns=78390000000 [MAC 5] TX opportunity reached currentSlot=3 reserveNextSlot=19
time_ns=78390000000 ... type=1 speedKey=8[t=78.39] TX from node 5 to dest 1 seq 11 size 25 bytes segments 1 at slot 19 rate 8 kbps txPower 33 dBm (7843.14 bps) preamble SHORT duration 0.04896 s
time_ns=78390000000 [t=78.39] RX OCCLUDED at node 2 from node 5 seq 11
time_ns=78390000000 [t=78.39] RX OCCLUDED at node 7 from node 5 seq 11
time_ns=78390000000 [t=78.39] RX OCCLUDED at node 8 from node 5 seq 11
time_ns=78390000000 [MAC 5] ACK transmitted in aggregate dest=1 seq=11 txCount=3/5
time_ns=78390000000 [MAC 5] OPNET aggregate transmitted segments=1 ackSegments=1 dataSegments=0 bytes=25 rate=8
time_ns=78390000000 [MAC 4] rtslot_counter expired for neighbor 5 reserveSlot=3
time_ns=78390011086 [t=78.39] RX SYNC at node 1 from node 5 seq 11 power -107.876 dBm noise -106.975 dBm snr -0.900945 dB state=1
time_ns=78390012444 [t=78.39] RX SYNC at node 4 from node 5 seq 11 power -109.884 dBm noise -106.975 dBm snr -2.90891 dB state=1
time_ns=78390019163 [t=78.39] RX SYNC at node 3 from node 5 seq 11 power -117.383 dBm noise -106.975 dBm snr -10.408 dB state=1
time_ns=78396641086 [t=78.3966] MAC 1 enters Track on node 5 seq 11 power -107.876 dBm
time_ns=78396642444 [t=78.3966] MAC 4 enters Track on node 5 seq 11 power -109.884 dBm
time_ns=78396649163 [t=78.3966] MAC 3 enters Track on node 5 seq 11 power -117.383 dBm
time_ns=78438960000 [MAC 5] resumes Pre-Tx with live slot=19 counter=19
time_ns=78438971086 [t=78.439] RX at node 1 from node 5 seq 11 rate 8 kbps txPower 33 dBm preamble SHORT pathloss 140.876 dB snr -0.900945 dB (slot 19, len 25B, ackable=0)
time_ns=78438971086 [MAC 1] Learned neighbor 5 uses slot 19 (rtCounter=19)
time_ns=78438971086 [HOP 1] RX ACK from 5 seq=11
time_ns=78438971114 [NWK 1] CheckNwkQueue: size=0
time_ns=78438972444 [t=78.439] RX OVERHEARD at node 4 from node 5 seq 11 rate 8 kbps txPower 33 dBm preamble SHORT pathloss 142.884 dB snr -2.90891 dB (slot 19, len 25B, ackable=0)
time_ns=78438972444 [MAC 4] Learned neighbor 5 uses slot 19 (rtCounter=19)
time_ns=78438972444 [HOP 4] Overheard frame from 5 for 1 type=1 ignored after neighbor update
time_ns=78438979163 [t=78.439] RX OVERHEARD at node 3 from node 5 seq 11 rate 8 kbps txPower 33 dBm preamble SHORT pathloss 150.383 dB snr -10.408 dB (slot 19, len 25B, ackable=0)
time_ns=78438979163 [MAC 3] Learned neighbor 5 uses slot 19 (rtCounter=19)
time_ns=78438979163 [HOP 3] Overheard frame from 5 for 1 type=1 ignored after neighbor update
time_ns=78507000000 [MAC 5] rtslot_counter expired for neighbor 1 reserveSlot=28
time_ns=78520000000 [MAC 3] rtslot_counter expired for neighbor 1 reserveSlot=28
time_ns=78520000000 [MAC 1] PickTxSlot(dest=3) active_nodes_for_slotting=3 opnet_slot_range=31
time_ns=78520000000 [MAC 1] avoiding neighbor 3 currentReservedSlot=18 rtslot_counter=18
time_ns=78520000000 [MAC 1] avoiding neighbor 5 currentReservedSlot=12 rtslot_counter=12
time_ns=78520000000 [MAC 1] PickTxSlot(dest=3) avoid: 12 18
time_ns=78520000000 [MAC 1] PickTxSlot chose 25 using historical next_tslot modulo probe
time_ns=78520000000 [MAC 1] TX opportunity reached currentSlot=28 reserveNextSlot=25
time_ns=78520000000 ... type=1 speedKey=8[t=78.52] TX from node 1 to dest 3 seq 13 size 25 bytes segments 1 at slot 25 rate 8 kbps txPower 33 dBm (7843.14 bps) preamble SHORT duration 0.04896 s
time_ns=78520000000 [t=78.52] RX OCCLUDED at node 2 from node 1 seq 13
time_ns=78520000000 [t=78.52] RX OCCLUDED at node 7 from node 1 seq 13
time_ns=78520000000 [t=78.52] RX OCCLUDED at node 8 from node 1 seq 13
time_ns=78520000000 [MAC 1] ACK transmitted in aggregate dest=3 seq=13 txCount=2/5
time_ns=78520000000 [MAC 1] OPNET aggregate transmitted segments=1 ackSegments=1 dataSegments=0 bytes=25 rate=8
time_ns=78520008077 [t=78.52] RX SYNC at node 3 from node 1 seq 13 power -102.376 dBm noise -106.975 dBm snr 4.59934 dB state=1
time_ns=78520011086 [t=78.52] RX SYNC at node 5 from node 1 seq 13 power -107.876 dBm noise -106.975 dBm snr -0.900945 dB state=1
time_ns=78520023527 [t=78.52] RX SYNC at node 4 from node 1 seq 13 power -120.948 dBm noise -106.975 dBm snr -13.9725 dB state=1 below-threshold
time_ns=78526638077 [t=78.5266] MAC 3 enters Track on node 1 seq 13 power -102.376 dBm
time_ns=78526641086 [t=78.5266] MAC 5 enters Track on node 1 seq 13 power -107.876 dBm
time_ns=78568960000 [MAC 1] resumes Pre-Tx with live slot=25 counter=25
time_ns=78568968077 [t=78.569] RX at node 3 from node 1 seq 13 rate 8 kbps txPower 33 dBm preamble SHORT pathloss 135.376 dB snr 4.59934 dB (slot 25, len 25B, ackable=0)
time_ns=78568968077 [MAC 3] Learned neighbor 1 uses slot 25 (rtCounter=25)
time_ns=78568968077 [HOP 3] RX ACK from 1 seq=13
time_ns=78568968077 [HOP 3] Reliable RoutingControl ACK progress with 1 seq=13 routingSequence=10 section=0/1
time_ns=78568968077 [NWK 3] Reliable RoutingControl ACKed neighbor=1 routingSequence=10 operation=Update section=0/1 lastOfInfo=0
time_ns=78568968077 [NWK 3] Updated grouped routing-control residual ACKed=1 removed=0 lastOfInfo=0 remaining=1
time_ns=78568968077 [HOP 3] RoutingControl partial ACK neighbor=1 seq=13 resendEntryRetained=1
time_ns=78568968105 [NWK 3] CheckNwkQueue: size=0
time_ns=78568971086 [t=78.569] RX OVERHEARD at node 5 from node 1 seq 13 rate 8 kbps txPower 33 dBm preamble SHORT pathloss 140.876 dB snr -0.900945 dB (slot 25, len 25B, ackable=0)
time_ns=78568971086 [MAC 5] Learned neighbor 1 uses slot 25 (rtCounter=25)
time_ns=78568971086 [HOP 5] Overheard frame from 1 for 3 type=1 ignored after neighbor update
time_ns=78689000000 [MAC 4] rtslot_counter expired for neighbor 5 reserveSlot=19
time_ns=78728000000 [MAC 3] rtslot_counter expired for neighbor 5 reserveSlot=19
time_ns=78728000000 [MAC 5] PickTxSlot(dest=1) active_nodes_for_slotting=4 opnet_slot_range=31
time_ns=78728000000 [MAC 5] avoiding neighbor 1 currentReservedSlot=12 rtslot_counter=12
time_ns=78728000000 [MAC 5] PickTxSlot(dest=1) avoid: 12
time_ns=78728000000 [MAC 5] PickTxSlot chose 29 using historical next_tslot modulo probe
time_ns=78728000000 [MAC 5] TX opportunity reached currentSlot=19 reserveNextSlot=29
time_ns=78728000000 ... type=1 speedKey=8[t=78.728] TX from node 5 to dest 1 seq 11 size 25 bytes segments 1 at slot 29 rate 8 kbps txPower 33 dBm (7843.14 bps) preamble SHORT duration 0.04896 s
time_ns=78728000000 [t=78.728] RX OCCLUDED at node 2 from node 5 seq 11
time_ns=78728000000 [t=78.728] RX OCCLUDED at node 7 from node 5 seq 11
time_ns=78728000000 [t=78.728] RX OCCLUDED at node 8 from node 5 seq 11
time_ns=78728000000 [MAC 5] ACK transmitted in aggregate dest=1 seq=11 txCount=4/5
time_ns=78728000000 [MAC 5] OPNET aggregate transmitted segments=1 ackSegments=1 dataSegments=0 bytes=25 rate=8
time_ns=78728000000 [MAC 1] rtslot_counter expired for neighbor 5 reserveSlot=19
time_ns=78728011086 [t=78.728] RX SYNC at node 1 from node 5 seq 11 power -107.876 dBm noise -106.975 dBm snr -0.900945 dB state=1
time_ns=78728012444 [t=78.728] RX SYNC at node 4 from node 5 seq 11 power -109.884 dBm noise -106.975 dBm snr -2.90891 dB state=1
time_ns=78728019163 [t=78.728] RX SYNC at node 3 from node 5 seq 11 power -117.383 dBm noise -106.975 dBm snr -10.408 dB state=1
time_ns=78734641086 [t=78.7346] MAC 1 enters Track on node 5 seq 11 power -107.876 dBm
time_ns=78734642444 [t=78.7346] MAC 4 enters Track on node 5 seq 11 power -109.884 dBm
time_ns=78734649163 [t=78.7346] MAC 3 enters Track on node 5 seq 11 power -117.383 dBm
time_ns=78776960000 [MAC 5] resumes Pre-Tx with live slot=29 counter=29
time_ns=78776971086 [t=78.777] RX at node 1 from node 5 seq 11 rate 8 kbps txPower 33 dBm preamble SHORT pathloss 140.876 dB snr -0.900945 dB (slot 29, len 25B, ackable=0)
time_ns=78776971086 [MAC 1] Learned neighbor 5 uses slot 29 (rtCounter=29)
time_ns=78776971086 [HOP 1] RX ACK from 5 seq=11
time_ns=78776971114 [NWK 1] CheckNwkQueue: size=0
time_ns=78776972444 [t=78.777] RX OVERHEARD at node 4 from node 5 seq 11 rate 8 kbps txPower 33 dBm preamble SHORT pathloss 142.884 dB snr -2.90891 dB (slot 29, len 25B, ackable=0)
time_ns=78776972444 [MAC 4] Learned neighbor 5 uses slot 29 (rtCounter=29)
time_ns=78776972444 [HOP 4] Overheard frame from 5 for 1 type=1 ignored after neighbor update
time_ns=78776979163 [t=78.777] RX OVERHEARD at node 3 from node 5 seq 11 rate 8 kbps txPower 33 dBm preamble SHORT pathloss 150.383 dB snr -10.408 dB (slot 29, len 25B, ackable=0)
time_ns=78776979163 [MAC 3] Learned neighbor 5 uses slot 29 (rtCounter=29)
time_ns=78776979163 [HOP 3] Overheard frame from 5 for 1 type=1 ignored after neighbor update
time_ns=78845000000 [MAC 3] local advertised reservation expired
time_ns=78845000000 [MAC 1] rtslot_counter expired for neighbor 3 reserveSlot=31
time_ns=78936000000 [MAC 3] rtslot_counter expired for neighbor 1 reserveSlot=25
time_ns=78936000000 [MAC 5] rtslot_counter expired for neighbor 1 reserveSlot=25
time_ns=78936000000 [MAC 1] PickTxSlot(dest=3) active_nodes_for_slotting=3 opnet_slot_range=31
time_ns=78936000000 [MAC 1] avoiding neighbor 5 currentReservedSlot=16 rtslot_counter=16
time_ns=78936000000 [MAC 1] PickTxSlot(dest=3) avoid: 16
time_ns=78936000000 [MAC 1] PickTxSlot chose 20 using historical next_tslot modulo probe
time_ns=78936000000 [MAC 1] TX opportunity reached currentSlot=25 reserveNextSlot=20
time_ns=78936000000 ... type=1 speedKey=8[t=78.936] TX from node 1 to dest 3 seq 13 size 25 bytes segments 1 at slot 20 rate 8 kbps txPower 33 dBm (7843.14 bps) preamble SHORT duration 0.04896 s
time_ns=78936000000 [t=78.936] RX OCCLUDED at node 2 from node 1 seq 13
time_ns=78936000000 [t=78.936] RX OCCLUDED at node 7 from node 1 seq 13
time_ns=78936000000 [t=78.936] RX OCCLUDED at node 8 from node 1 seq 13
time_ns=78936000000 [MAC 1] ACK transmitted in aggregate dest=3 seq=13 txCount=3/5
time_ns=78936000000 [MAC 1] OPNET aggregate transmitted segments=1 ackSegments=1 dataSegments=0 bytes=25 rate=8
time_ns=78936008077 [t=78.936] RX SYNC at node 3 from node 1 seq 13 power -102.376 dBm noise -106.975 dBm snr 4.59934 dB state=1
time_ns=78936011086 [t=78.936] RX SYNC at node 5 from node 1 seq 13 power -107.876 dBm noise -106.975 dBm snr -0.900945 dB state=1
time_ns=78936023527 [t=78.936] RX SYNC at node 4 from node 1 seq 13 power -120.948 dBm noise -106.975 dBm snr -13.9725 dB state=1 below-threshold
time_ns=78942638077 [t=78.9426] MAC 3 enters Track on node 1 seq 13 power -102.376 dBm
time_ns=78942641086 [t=78.9426] MAC 5 enters Track on node 1 seq 13 power -107.876 dBm
time_ns=78984960000 [MAC 1] resumes Pre-Tx with live slot=20 counter=20
time_ns=78984968077 [t=78.985] RX at node 3 from node 1 seq 13 rate 8 kbps txPower 33 dBm preamble SHORT pathloss 135.376 dB snr 4.59934 dB (slot 20, len 25B, ackable=0)
time_ns=78984968077 [MAC 3] Learned neighbor 1 uses slot 20 (rtCounter=20)
time_ns=78984968077 [HOP 3] RX ACK from 1 seq=13
time_ns=78984968077 [HOP 3] Reliable RoutingControl ACK progress with 1 seq=13 routingSequence=10 section=0/1
time_ns=78984968077 [NWK 3] Reliable RoutingControl ACKed neighbor=1 routingSequence=10 operation=Update section=0/1 lastOfInfo=0
time_ns=78984968077 [NWK 3] Updated grouped routing-control residual ACKed=1 removed=0 lastOfInfo=0 remaining=1
time_ns=78984968077 [HOP 3] RoutingControl partial ACK neighbor=1 seq=13 resendEntryRetained=1
time_ns=78984968105 [NWK 3] CheckNwkQueue: size=0
time_ns=78984971086 [t=78.985] RX OVERHEARD at node 5 from node 1 seq 13 rate 8 kbps txPower 33 dBm preamble SHORT pathloss 140.876 dB snr -0.900945 dB (slot 20, len 25B, ackable=0)
time_ns=78984971086 [MAC 5] Learned neighbor 1 uses slot 20 (rtCounter=20)
time_ns=78984971086 [HOP 5] Overheard frame from 1 for 3 type=1 ignored after neighbor update
time_ns=79157000000 [MAC 4] rtslot_counter expired for neighbor 5 reserveSlot=29
time_ns=79196000000 [MAC 3] rtslot_counter expired for neighbor 5 reserveSlot=29
time_ns=79196000000 [MAC 5] PickTxSlot(dest=1) active_nodes_for_slotting=4 opnet_slot_range=31
time_ns=79196000000 [MAC 5] avoiding neighbor 1 currentReservedSlot=3 rtslot_counter=3
time_ns=79196000000 [MAC 5] PickTxSlot(dest=1) avoid: 3
time_ns=79196000000 [MAC 5] PickTxSlot chose 4 using historical next_tslot modulo probe
time_ns=79196000000 [MAC 5] TX opportunity reached currentSlot=29 reserveNextSlot=4
time_ns=79196000000 ... type=1 speedKey=8[t=79.196] TX from node 5 to dest 1 seq 11 size 25 bytes segments 1 at slot 4 rate 8 kbps txPower 33 dBm (7843.14 bps) preamble SHORT duration 0.04896 s
time_ns=79196000000 [t=79.196] RX OCCLUDED at node 2 from node 5 seq 11
time_ns=79196000000 [t=79.196] RX OCCLUDED at node 7 from node 5 seq 11
time_ns=79196000000 [t=79.196] RX OCCLUDED at node 8 from node 5 seq 11
time_ns=79196000000 [MAC 5] ACK transmitted in aggregate dest=1 seq=11 txCount=5/5
time_ns=79196000000 [MAC 5] Remove ACK after OPNET resend limit dest=1 seq=11
time_ns=79196000000 [MAC 5] OPNET aggregate transmitted segments=1 ackSegments=1 dataSegments=0 bytes=25 rate=8
time_ns=79196000000 [MAC 1] rtslot_counter expired for neighbor 5 reserveSlot=29
time_ns=79196011086 [t=79.196] RX SYNC at node 1 from node 5 seq 11 power -107.876 dBm noise -106.975 dBm snr -0.900945 dB state=1
time_ns=79196012444 [t=79.196] RX SYNC at node 4 from node 5 seq 11 power -109.884 dBm noise -106.975 dBm snr -2.90891 dB state=1
time_ns=79196019163 [t=79.196] RX SYNC at node 3 from node 5 seq 11 power -117.383 dBm noise -106.975 dBm snr -10.408 dB state=1
time_ns=79202641086 [t=79.2026] MAC 1 enters Track on node 5 seq 11 power -107.876 dBm
time_ns=79202642444 [t=79.2026] MAC 4 enters Track on node 5 seq 11 power -109.884 dBm
time_ns=79202649163 [t=79.2026] MAC 3 enters Track on node 5 seq 11 power -117.383 dBm
time_ns=79244960000 [MAC 5] post-TX WAIT_FOR_ACK until 100.745 (POST_TX_WAIT=21.5 s)
time_ns=79244971086 [t=79.245] RX at node 1 from node 5 seq 11 rate 8 kbps txPower 33 dBm preamble SHORT pathloss 140.876 dB snr -0.900945 dB (slot 4, len 25B, ackable=0)
time_ns=79244971086 [MAC 1] Learned neighbor 5 uses slot 4 (rtCounter=4)
time_ns=79244971086 [HOP 1] RX ACK from 5 seq=11
time_ns=79244971114 [NWK 1] CheckNwkQueue: size=0
time_ns=79244972444 [t=79.245] RX OVERHEARD at node 4 from node 5 seq 11 rate 8 kbps txPower 33 dBm preamble SHORT pathloss 142.884 dB snr -2.90891 dB (slot 4, len 25B, ackable=0)
time_ns=79244972444 [MAC 4] Learned neighbor 5 uses slot 4 (rtCounter=4)
time_ns=79244972444 [HOP 4] Overheard frame from 5 for 1 type=1 ignored after neighbor update
time_ns=79244979163 [t=79.245] RX OVERHEARD at node 3 from node 5 seq 11 rate 8 kbps txPower 33 dBm preamble SHORT pathloss 150.383 dB snr -10.408 dB (slot 4, len 25B, ackable=0)
time_ns=79244979163 [MAC 3] Learned neighbor 5 uses slot 4 (rtCounter=4)
time_ns=79244979163 [HOP 3] Overheard frame from 5 for 1 type=1 ignored after neighbor update
time_ns=79287000000 [MAC 3] rtslot_counter expired for neighbor 1 reserveSlot=20
time_ns=79287000000 [MAC 5] rtslot_counter expired for neighbor 1 reserveSlot=20
time_ns=79287000000 [MAC 1] PickTxSlot(dest=3) active_nodes_for_slotting=3 opnet_slot_range=31
time_ns=79287000000 [MAC 1] avoiding neighbor 5 currentReservedSlot=0 rtslot_counter=0
time_ns=79287000000 [MAC 1] PickTxSlot(dest=3) avoid:
time_ns=79287000000 [MAC 1] PickTxSlot chose 5 using historical next_tslot modulo probe
time_ns=79287000000 [MAC 1] TX opportunity reached currentSlot=20 reserveNextSlot=5
time_ns=79287000000 ... type=1 speedKey=8[t=79.287] TX from node 1 to dest 3 seq 13 size 25 bytes segments 1 at slot 5 rate 8 kbps txPower 33 dBm (7843.14 bps) preamble SHORT duration 0.04896 s
time_ns=79287000000 [t=79.287] RX OCCLUDED at node 2 from node 1 seq 13
time_ns=79287000000 [t=79.287] RX OCCLUDED at node 7 from node 1 seq 13
time_ns=79287000000 [t=79.287] RX OCCLUDED at node 8 from node 1 seq 13
time_ns=79287000000 [MAC 1] ACK transmitted in aggregate dest=3 seq=13 txCount=4/5
time_ns=79287000000 [MAC 1] OPNET aggregate transmitted segments=1 ackSegments=1 dataSegments=0 bytes=25 rate=8
time_ns=79287008077 [t=79.287] RX SYNC at node 3 from node 1 seq 13 power -102.376 dBm noise -106.975 dBm snr 4.59934 dB state=1
time_ns=79287011086 [t=79.287] RX SYNC at node 5 from node 1 seq 13 power -107.876 dBm noise -106.975 dBm snr -0.900945 dB state=1
time_ns=79287023527 [t=79.287] RX SYNC at node 4 from node 1 seq 13 power -120.948 dBm noise -106.975 dBm snr -13.9725 dB state=1 below-threshold
time_ns=79293638077 [t=79.2936] MAC 3 enters Track on node 1 seq 13 power -102.376 dBm
time_ns=79293641086 [t=79.2936] MAC 5 enters Track on node 1 seq 13 power -107.876 dBm
time_ns=79300000000 [MAC 4] rtslot_counter expired for neighbor 5 reserveSlot=4
time_ns=79335960000 [MAC 1] resumes Pre-Tx with live slot=5 counter=5
time_ns=79335968077 [t=79.336] RX at node 3 from node 1 seq 13 rate 8 kbps txPower 33 dBm preamble SHORT pathloss 135.376 dB snr 4.59934 dB (slot 5, len 25B, ackable=0)
time_ns=79335968077 [MAC 3] Learned neighbor 1 uses slot 5 (rtCounter=5)
time_ns=79335968077 [HOP 3] RX ACK from 1 seq=13
time_ns=79335968077 [HOP 3] Reliable RoutingControl ACK progress with 1 seq=13 routingSequence=10 section=0/1
time_ns=79335968077 [NWK 3] Reliable RoutingControl ACKed neighbor=1 routingSequence=10 operation=Update section=0/1 lastOfInfo=0
time_ns=79335968077 [NWK 3] Updated grouped routing-control residual ACKed=1 removed=0 lastOfInfo=0 remaining=1
time_ns=79335968077 [HOP 3] RoutingControl partial ACK neighbor=1 seq=13 resendEntryRetained=1
time_ns=79335968105 [NWK 3] CheckNwkQueue: size=0
time_ns=79335971086 [t=79.336] RX OVERHEARD at node 5 from node 1 seq 13 rate 8 kbps txPower 33 dBm preamble SHORT pathloss 140.876 dB snr -0.900945 dB (slot 5, len 25B, ackable=0)
time_ns=79335971086 [MAC 5] Learned neighbor 1 uses slot 5 (rtCounter=5)
time_ns=79335971086 [HOP 5] Overheard frame from 1 for 3 type=1 ignored after neighbor update
time_ns=79339000000 [MAC 3] rtslot_counter expired for neighbor 5 reserveSlot=4
time_ns=79339000000 [MAC 5] local advertised reservation expired
time_ns=79339000000 [MAC 1] rtslot_counter expired for neighbor 5 reserveSlot=4
time_ns=79404000000 [MAC 3] rtslot_counter expired for neighbor 1 reserveSlot=5
time_ns=79404000000 [MAC 5] rtslot_counter expired for neighbor 1 reserveSlot=5
time_ns=79404000000 [MAC 1] PickTxSlot(dest=3) active_nodes_for_slotting=3 opnet_slot_range=31
time_ns=79404000000 [MAC 1] PickTxSlot(dest=3) avoid:
time_ns=79404000000 [MAC 1] PickTxSlot chose 29 using historical next_tslot modulo probe
time_ns=79404000000 [MAC 1] TX opportunity reached currentSlot=5 reserveNextSlot=29
time_ns=79404000000 ... type=1 speedKey=8[t=79.404] TX from node 1 to dest 3 seq 13 size 25 bytes segments 1 at slot 29 rate 8 kbps txPower 33 dBm (7843.14 bps) preamble SHORT duration 0.04896 s
time_ns=79404000000 [t=79.404] RX OCCLUDED at node 2 from node 1 seq 13
time_ns=79404000000 [t=79.404] RX OCCLUDED at node 7 from node 1 seq 13
time_ns=79404000000 [t=79.404] RX OCCLUDED at node 8 from node 1 seq 13
time_ns=79404000000 [MAC 1] ACK transmitted in aggregate dest=3 seq=13 txCount=5/5
time_ns=79404000000 [MAC 1] Remove ACK after OPNET resend limit dest=3 seq=13
time_ns=79404000000 [MAC 1] OPNET aggregate transmitted segments=1 ackSegments=1 dataSegments=0 bytes=25 rate=8
time_ns=79404008077 [t=79.404] RX SYNC at node 3 from node 1 seq 13 power -102.376 dBm noise -106.975 dBm snr 4.59934 dB state=1
time_ns=79404011086 [t=79.404] RX SYNC at node 5 from node 1 seq 13 power -107.876 dBm noise -106.975 dBm snr -0.900945 dB state=1
time_ns=79404023527 [t=79.404] RX SYNC at node 4 from node 1 seq 13 power -120.948 dBm noise -106.975 dBm snr -13.9725 dB state=1 below-threshold
time_ns=79410638077 [t=79.4106] MAC 3 enters Track on node 1 seq 13 power -102.376 dBm
time_ns=79410641086 [t=79.4106] MAC 5 enters Track on node 1 seq 13 power -107.876 dBm
time_ns=79452960000 [MAC 1] post-TX WAIT_FOR_ACK until 99.453 (POST_TX_WAIT=20 s)
time_ns=79452968077 [t=79.453] RX at node 3 from node 1 seq 13 rate 8 kbps txPower 33 dBm preamble SHORT pathloss 135.376 dB snr 4.59934 dB (slot 29, len 25B, ackable=0)
time_ns=79452968077 [MAC 3] Learned neighbor 1 uses slot 29 (rtCounter=29)
time_ns=79452968077 [HOP 3] RX ACK from 1 seq=13
time_ns=79452968077 [HOP 3] Reliable RoutingControl ACK progress with 1 seq=13 routingSequence=10 section=0/1
time_ns=79452968077 [NWK 3] Reliable RoutingControl ACKed neighbor=1 routingSequence=10 operation=Update section=0/1 lastOfInfo=0
time_ns=79452968077 [NWK 3] Updated grouped routing-control residual ACKed=1 removed=0 lastOfInfo=0 remaining=1
time_ns=79452968077 [HOP 3] RoutingControl partial ACK neighbor=1 seq=13 resendEntryRetained=1
time_ns=79452968105 [NWK 3] CheckNwkQueue: size=0
time_ns=79452971086 [t=79.453] RX OVERHEARD at node 5 from node 1 seq 13 rate 8 kbps txPower 33 dBm preamble SHORT pathloss 140.876 dB snr -0.900945 dB (slot 29, len 25B, ackable=0)
time_ns=79452971086 [MAC 5] Learned neighbor 1 uses slot 29 (rtCounter=29)
time_ns=79452971086 [HOP 5] Overheard frame from 1 for 3 type=1 ignored after neighbor update
time_ns=79662000028 [MAC] Enqueue TX pkt dscp=7 insert_pos=0 queue_size_before=0
time_ns=79664000000 [MAC 3] PickTxSlot(dest=5) active_nodes_for_slotting=3 opnet_slot_range=31
time_ns=79664000000 [MAC 3] avoiding neighbor 1 currentReservedSlot=12 rtslot_counter=12
time_ns=79664000000 [MAC 3] PickTxSlot(dest=5) avoid: 12
time_ns=79664000000 [MAC 3] PickTxSlot chose 14 using historical next_tslot modulo probe
time_ns=79664000000 [MAC 3] starts Pre-Tx with new slot=14 holdoff_over=1
time_ns=79833000000 [MAC 3] rtslot_counter expired for neighbor 1 reserveSlot=29
time_ns=79833000000 [MAC 5] rtslot_counter expired for neighbor 1 reserveSlot=29
time_ns=79833000000 [MAC 1] local advertised reservation expired
time_ns=79859000000 [MAC 3] PickTxSlot(dest=5) active_nodes_for_slotting=3 opnet_slot_range=31
time_ns=79859000000 [MAC 3] PickTxSlot(dest=5) avoid:
time_ns=79859000000 [MAC 3] PickTxSlot chose 21 using historical next_tslot modulo probe
time_ns=79859000000 [MAC 3] TX opportunity reached currentSlot=14 reserveNextSlot=21
time_ns=79859000000 ... type=6 speedKey=8[t=79.859] TX from node 3 to dest 5 seq 9 size 39 bytes segments 1 at slot 21 rate 8 kbps txPower 33 dBm (7843.14 bps) preamble SHORT duration 0.06324 s
time_ns=79859000000 [t=79.859] RX OCCLUDED at node 2 from node 3 seq 9
time_ns=79859000000 [t=79.859] RX OCCLUDED at node 4 from node 3 seq 9
time_ns=79859000000 [t=79.859] RX OCCLUDED at node 7 from node 3 seq 9
time_ns=79859000000 [t=79.859] RX OCCLUDED at node 8 from node 3 seq 9
time_ns=79859000000 [HOP 3] MAC sent confirmation dest=5 seq=9 transmission=3 sentAt=79.859
time_ns=79859000000 [MAC 3] OPNET aggregate transmitted segments=1 ackSegments=0 dataSegments=1 bytes=39 rate=8
time_ns=79859008077 [t=79.859] RX SYNC at node 1 from node 3 seq 9 power -102.376 dBm noise -106.975 dBm snr 4.59934 dB state=1
time_ns=79859019163 [t=79.859] RX SYNC at node 5 from node 3 seq 9 power -117.383 dBm noise -106.975 dBm snr -10.408 dB state=1
time_ns=79865638077 [t=79.8656] MAC 1 enters Track on node 3 seq 9 power -102.376 dBm
time_ns=79865649163 [t=79.8656] MAC 5 enters Track on node 3 seq 9 power -117.383 dBm
time_ns=79922240000 [MAC 3] post-TX WAIT_FOR_ACK until 99.9222 (POST_TX_WAIT=20 s)
time_ns=79922248077 [t=79.9222] RX at node 1 from node 3 seq 9 rate 8 kbps txPower 33 dBm preamble SHORT pathloss 135.376 dB snr 4.59934 dB (slot 21, len 39B, ackable=1)
time_ns=79922248077 [MAC 1] Learned neighbor 3 uses slot 21 (rtCounter=21)
time_ns=79922248077 [HOP 1] link_control dest=3 neighborKnown=1 s0=-103 pathloss=135.376 failures=0 speed=8 txPower=33 rxPower=-103 cost=3587
time_ns=79922248077 [HOP 1] ACK authenticated duplicate Group16 RoutingControl to 3 seq=13
time_ns=79922248077 [MAC 1] Enqueue ACK dest=3 seq=13 window=0 ack_queue_size=1
time_ns=79922248077 [MAC 1] PickTxSlot(dest=3) active_nodes_for_slotting=3 opnet_slot_range=31
time_ns=79922248077 [MAC 1] avoiding neighbor 3 currentReservedSlot=21 rtslot_counter=21
time_ns=79922248077 [MAC 1] PickTxSlot(dest=3) avoid: 21
time_ns=79922248077 [MAC 1] PickTxSlot chose 28 using historical next_tslot modulo probe
time_ns=79922248077 [MAC 1] starts Pre-Tx with new slot=28 holdoff_over=1
time_ns=79922259163 [t=79.9223] RX at node 5 from node 3 seq 9 rate 8 kbps txPower 33 dBm preamble SHORT pathloss 150.383 dB snr -10.408 dB (slot 21, len 39B, ackable=1)
time_ns=79922259163 [MAC 5] Learned neighbor 3 uses slot 21 (rtCounter=21)
time_ns=79922259163 [HOP 5] RX reliable RoutingControl from 3 seq=9 firstReception=1
time_ns=79922259163 [MAC 5] active_nodes set to 4 for local slotting and post-TX wait
time_ns=79922259163 [NWK 5] active_nodes=4 pushed to MAC
time_ns=79922259163 [NWK 5] Updated HELLO neighbor=3 hopSrc=3 speedKey=8 activeNodes=3 pathloss=150.383 snr=-10.408
time_ns=79922259163 [NWK 5] link_calc neighbor=3 s0=-103 pathloss=150.383 numFailures=0 speed=8 txPower=33 estDistance=298 speedMargin=-14.383 totalMargin=-14.383 costMode=local-only cost=7450
time_ns=79922259163 [NWK 5] Updated route candidate dst=3 nextHop=3 hops=1 oldCost=7450 newCost=7450 valid=1->1 selectionDeferred=0 selected=1
time_ns=79922259163 [NWK 5] ARL route message from 3 type=RoutingUpdate advCount=0
time_ns=79922259163 [NWK 5] Buffered ARL routing section from=3 routingSequence=10 section=0/1 buffered=1
time_ns=79922259163 [NWK 5] Reassembled complete ARL routing message from=3 routingSequence=10 sections=1 recordBytes=17 records=1
time_ns=79922259163 [NWK 5] Routes: dst=1->nh=1(hops=1,cost=7450,linkCost=7450,advCost=0,from=1,imm=1,pl=140.876,valid=1,path=[1]) dst=3->nh=1(hops=2,cost=11037,linkCost=7450,advCost=3587,from=1,imm=0,pl=140.876,valid=1,path=[1->3]) dst=3->nh=3(hops=1,cost=7450,linkCost=7450,advCost=0,from=3,imm=1,pl=150.383,valid=1,path=[3]) dst=1->nh=3(hops=2,cost=11037,linkCost=7450,advCost=3587,from=3,imm=0,pl=150.383,valid=1,path=[3->1]) dst=4->nh=4(hops=1,cost=7450,linkCost=7450,advCost=0,from=4,imm=1,pl=142.884,valid=1,path=[4]) dst=3->nh=4(hops=3,cost=0,linkCost=0,advCost=14900,from=4,imm=0,pl=nan,valid=0,path=[5->3]) dst=1->nh=4(hops=3,cost=0,linkCost=0,advCost=14900,from=4,imm=0,pl=nan,valid=0,path=[5->1]) dst=4->nh=1(hops=3,cost=0,linkCost=0,advCost=14900,from=1,imm=0,pl=nan,valid=0,path=[5->4]) dst=4->nh=3(hops=3,cost=0,linkCost=0,advCost=14900,from=3,imm=0,pl=nan,valid=0,path=[5->4])
time_ns=79922259163 [HOP 5] link_control dest=3 neighborKnown=1 s0=-103 pathloss=150.383 failures=0 speed=8 txPower=33 rxPower=-103 cost=7450
time_ns=79922259163 [HOP 5] ACK RoutingControl to 3 seq=9
time_ns=79922259163 [MAC 5] Enqueue ACK dest=3 seq=9 window=0 ack_queue_size=1
time_ns=79922259163 [MAC 5] PickTxSlot(dest=3) active_nodes_for_slotting=4 opnet_slot_range=31
time_ns=79922259163 [MAC 5] avoiding neighbor 3 currentReservedSlot=21 rtslot_counter=21
time_ns=79922259163 [MAC 5] PickTxSlot(dest=3) avoid: 21
time_ns=79922259163 [MAC 5] PickTxSlot chose 29 using historical next_tslot modulo probe
time_ns=79922259163 [MAC 5] starts Pre-Tx with new slot=29 holdoff_over=1
time_ns=80197000000 [MAC 3] local advertised reservation expired
time_ns=80197000000 [MAC 5] rtslot_counter expired for neighbor 3 reserveSlot=21
time_ns=80197000000 [MAC 1] rtslot_counter expired for neighbor 3 reserveSlot=21
time_ns=80288000000 [MAC 1] PickTxSlot(dest=3) active_nodes_for_slotting=3 opnet_slot_range=31
time_ns=80288000000 [MAC 1] PickTxSlot(dest=3) avoid:
time_ns=80288000000 [MAC 1] PickTxSlot chose 13 using historical next_tslot modulo probe
time_ns=80288000000 [MAC 1] TX opportunity reached currentSlot=28 reserveNextSlot=13
time_ns=80288000000 ... type=1 speedKey=8[t=80.288] TX from node 1 to dest 3 seq 13 size 25 bytes segments 1 at slot 13 rate 8 kbps txPower 33 dBm (7843.14 bps) preamble SHORT duration 0.04896 s
time_ns=80288000000 [t=80.288] RX OCCLUDED at node 2 from node 1 seq 13
time_ns=80288000000 [t=80.288] RX OCCLUDED at node 7 from node 1 seq 13
time_ns=80288000000 [t=80.288] RX OCCLUDED at node 8 from node 1 seq 13
time_ns=80288000000 [MAC 1] ACK transmitted in aggregate dest=3 seq=13 txCount=1/5
time_ns=80288000000 [MAC 1] OPNET aggregate transmitted segments=1 ackSegments=1 dataSegments=0 bytes=25 rate=8
time_ns=80288008077 [t=80.288] RX SYNC at node 3 from node 1 seq 13 power -102.376 dBm noise -106.975 dBm snr 4.59934 dB state=1
time_ns=80288011086 [t=80.288] RX SYNC at node 5 from node 1 seq 13 power -107.876 dBm noise -106.975 dBm snr -0.900945 dB state=1
time_ns=80288023527 [t=80.288] RX SYNC at node 4 from node 1 seq 13 power -120.948 dBm noise -106.975 dBm snr -13.9725 dB state=1 below-threshold
time_ns=80294638077 [t=80.2946] MAC 3 enters Track on node 1 seq 13 power -102.376 dBm
time_ns=80294641086 [t=80.2946] MAC 5 enters Track on node 1 seq 13 power -107.876 dBm
time_ns=80336960000 [MAC 1] resumes Pre-Tx with live slot=13 counter=13
time_ns=80336968077 [t=80.337] RX at node 3 from node 1 seq 13 rate 8 kbps txPower 33 dBm preamble SHORT pathloss 135.376 dB snr 4.59934 dB (slot 13, len 25B, ackable=0)
time_ns=80336968077 [MAC 3] Learned neighbor 1 uses slot 13 (rtCounter=13)
time_ns=80336968077 [HOP 3] RX ACK from 1 seq=13
time_ns=80336968077 [HOP 3] Reliable RoutingControl ACK progress with 1 seq=13 routingSequence=10 section=0/1
time_ns=80336968077 [NWK 3] Reliable RoutingControl ACKed neighbor=1 routingSequence=10 operation=Update section=0/1 lastOfInfo=0
time_ns=80336968077 [NWK 3] Updated grouped routing-control residual ACKed=1 removed=0 lastOfInfo=0 remaining=1
time_ns=80336968077 [HOP 3] RoutingControl partial ACK neighbor=1 seq=13 resendEntryRetained=1
time_ns=80336968105 [NWK 3] CheckNwkQueue: size=0
time_ns=80336971086 [t=80.337] RX OVERHEARD at node 5 from node 1 seq 13 rate 8 kbps txPower 33 dBm preamble SHORT pathloss 140.876 dB snr -0.900945 dB (slot 13, len 25B, ackable=0)
time_ns=80336971086 [MAC 5] Learned neighbor 1 uses slot 13 (rtCounter=13)
time_ns=80336971086 [HOP 5] Overheard frame from 1 for 3 type=1 ignored after neighbor update
time_ns=80340000000 [MAC 5] PickTxSlot(dest=3) active_nodes_for_slotting=4 opnet_slot_range=31
time_ns=80340000000 [MAC 5] avoiding neighbor 1 currentReservedSlot=12 rtslot_counter=12
time_ns=80340000000 [MAC 5] PickTxSlot(dest=3) avoid: 12
time_ns=80340000000 [MAC 5] PickTxSlot chose 11 using historical next_tslot modulo probe
time_ns=80340000000 [MAC 5] TX opportunity reached currentSlot=29 reserveNextSlot=11
time_ns=80340000000 ... type=1 speedKey=8[t=80.34] TX from node 5 to dest 3 seq 9 size 25 bytes segments 1 at slot 11 rate 8 kbps txPower 33 dBm (7843.14 bps) preamble SHORT duration 0.04896 s
time_ns=80340000000 [t=80.34] RX OCCLUDED at node 2 from node 5 seq 9
time_ns=80340000000 [t=80.34] RX OCCLUDED at node 7 from node 5 seq 9
time_ns=80340000000 [t=80.34] RX OCCLUDED at node 8 from node 5 seq 9
time_ns=80340000000 [MAC 5] ACK transmitted in aggregate dest=3 seq=9 txCount=1/5
time_ns=80340000000 [MAC 5] OPNET aggregate transmitted segments=1 ackSegments=1 dataSegments=0 bytes=25 rate=8
time_ns=80340011086 [t=80.34] RX SYNC at node 1 from node 5 seq 9 power -107.876 dBm noise -106.975 dBm snr -0.900945 dB state=1
time_ns=80340012444 [t=80.34] RX SYNC at node 4 from node 5 seq 9 power -109.884 dBm noise -106.975 dBm snr -2.90891 dB state=1
time_ns=80340019163 [t=80.34] RX SYNC at node 3 from node 5 seq 9 power -117.383 dBm noise -106.975 dBm snr -10.408 dB state=1
time_ns=80346641086 [t=80.3466] MAC 1 enters Track on node 5 seq 9 power -107.876 dBm
time_ns=80346642444 [t=80.3466] MAC 4 enters Track on node 5 seq 9 power -109.884 dBm
time_ns=80346649163 [t=80.3466] MAC 3 enters Track on node 5 seq 9 power -117.383 dBm
time_ns=80388960000 [MAC 5] resumes Pre-Tx with live slot=11 counter=11
time_ns=80388971086 [t=80.389] RX OVERHEARD at node 1 from node 5 seq 9 rate 8 kbps txPower 33 dBm preamble SHORT pathloss 140.876 dB snr -0.900945 dB (slot 11, len 25B, ackable=0)
time_ns=80388971086 [MAC 1] Learned neighbor 5 uses slot 11 (rtCounter=11)
time_ns=80388971086 [HOP 1] Overheard frame from 5 for 3 type=1 ignored after neighbor update
time_ns=80388972444 [t=80.389] RX OVERHEARD at node 4 from node 5 seq 9 rate 8 kbps txPower 33 dBm preamble SHORT pathloss 142.884 dB snr -2.90891 dB (slot 11, len 25B, ackable=0)
time_ns=80388972444 [MAC 4] Learned neighbor 5 uses slot 11 (rtCounter=11)
time_ns=80388972444 [HOP 4] Overheard frame from 5 for 3 type=1 ignored after neighbor update
time_ns=80388979163 [t=80.389] RX at node 3 from node 5 seq 9 rate 8 kbps txPower 33 dBm preamble SHORT pathloss 150.383 dB snr -10.408 dB (slot 11, len 25B, ackable=0)
time_ns=80388979163 [MAC 3] Learned neighbor 5 uses slot 11 (rtCounter=11)
time_ns=80388979163 [HOP 3] RX ACK from 5 seq=9
time_ns=80388979163 [HOP 3] Reliable RoutingControl completed with 5 seq=9 routingSequence=10 section=0/1
time_ns=80388979163 [NWK 3] Reliable RoutingControl ACKed neighbor=5 routingSequence=10 operation=Update section=0/1 lastOfInfo=1
time_ns=80388979163 [NWK 3] Updated grouped routing-control residual ACKed=5 removed=1 lastOfInfo=1 remaining=0
time_ns=80388979163 [NWK 3] Released completed grouped routing-control owner routingSequence=10 section=0
time_ns=80388979191 [NWK 3] CheckNwkQueue: size=0
time_ns=80535000000 [MAC 3] rtslot_counter expired for neighbor 5 reserveSlot=11
time_ns=80535000000 [MAC 5] PickTxSlot(dest=3) active_nodes_for_slotting=4 opnet_slot_range=31
time_ns=80535000000 [MAC 5] avoiding neighbor 1 currentReservedSlot=0 rtslot_counter=0
time_ns=80535000000 [MAC 5] PickTxSlot(dest=3) avoid:
time_ns=80535000000 [MAC 5] PickTxSlot chose 21 using historical next_tslot modulo probe
time_ns=80535000000 [MAC 5] TX opportunity reached currentSlot=11 reserveNextSlot=21
time_ns=80535000000 ... type=1 speedKey=8[t=80.535] TX from node 5 to dest 3 seq 9 size 25 bytes segments 1 at slot 21 rate 8 kbps txPower 33 dBm (7843.14 bps) preamble SHORT duration 0.04896 s
time_ns=80535000000 [t=80.535] RX OCCLUDED at node 2 from node 5 seq 9
time_ns=80535000000 [t=80.535] RX OCCLUDED at node 7 from node 5 seq 9
time_ns=80535000000 [t=80.535] RX OCCLUDED at node 8 from node 5 seq 9
time_ns=80535000000 [MAC 5] ACK transmitted in aggregate dest=3 seq=9 txCount=2/5
time_ns=80535000000 [MAC 5] OPNET aggregate transmitted segments=1 ackSegments=1 dataSegments=0 bytes=25 rate=8
time_ns=80535000000 [MAC 1] rtslot_counter expired for neighbor 5 reserveSlot=11
time_ns=80535000000 [MAC 4] rtslot_counter expired for neighbor 5 reserveSlot=11
time_ns=80535011086 [t=80.535] RX SYNC at node 1 from node 5 seq 9 power -107.876 dBm noise -106.975 dBm snr -0.900945 dB state=1
time_ns=80535012444 [t=80.535] RX SYNC at node 4 from node 5 seq 9 power -109.884 dBm noise -106.975 dBm snr -2.90891 dB state=1
time_ns=80535019163 [t=80.535] RX SYNC at node 3 from node 5 seq 9 power -117.383 dBm noise -106.975 dBm snr -10.408 dB state=1
time_ns=80541641086 [t=80.5416] MAC 1 enters Track on node 5 seq 9 power -107.876 dBm
time_ns=80541642444 [t=80.5416] MAC 4 enters Track on node 5 seq 9 power -109.884 dBm
time_ns=80541649163 [t=80.5416] MAC 3 enters Track on node 5 seq 9 power -117.383 dBm
time_ns=80583960000 [MAC 5] resumes Pre-Tx with live slot=21 counter=21
time_ns=80583971086 [t=80.584] RX OVERHEARD at node 1 from node 5 seq 9 rate 8 kbps txPower 33 dBm preamble SHORT pathloss 140.876 dB snr -0.900945 dB (slot 21, len 25B, ackable=0)
time_ns=80583971086 [MAC 1] Learned neighbor 5 uses slot 21 (rtCounter=21)
time_ns=80583971086 [HOP 1] Overheard frame from 5 for 3 type=1 ignored after neighbor update
time_ns=80583972444 [t=80.584] RX OVERHEARD at node 4 from node 5 seq 9 rate 8 kbps txPower 33 dBm preamble SHORT pathloss 142.884 dB snr -2.90891 dB (slot 21, len 25B, ackable=0)
time_ns=80583972444 [MAC 4] Learned neighbor 5 uses slot 21 (rtCounter=21)
time_ns=80583972444 [HOP 4] Overheard frame from 5 for 3 type=1 ignored after neighbor update
time_ns=80583979163 [t=80.584] RX at node 3 from node 5 seq 9 rate 8 kbps txPower 33 dBm preamble SHORT pathloss 150.383 dB snr -10.408 dB (slot 21, len 25B, ackable=0)
time_ns=80583979163 [MAC 3] Learned neighbor 5 uses slot 21 (rtCounter=21)
time_ns=80583979163 [HOP 3] RX ACK from 5 seq=9
time_ns=80583979191 [NWK 3] CheckNwkQueue: size=0
time_ns=80587000000 [MAC 3] rtslot_counter expired for neighbor 1 reserveSlot=13
time_ns=80587000000 [MAC 5] rtslot_counter expired for neighbor 1 reserveSlot=13
time_ns=80587000000 [MAC 1] PickTxSlot(dest=3) active_nodes_for_slotting=3 opnet_slot_range=31
time_ns=80587000000 [MAC 1] avoiding neighbor 5 currentReservedSlot=20 rtslot_counter=20
time_ns=80587000000 [MAC 1] PickTxSlot(dest=3) avoid: 20
time_ns=80587000000 [MAC 1] PickTxSlot chose 17 using historical next_tslot modulo probe
time_ns=80587000000 [MAC 1] TX opportunity reached currentSlot=13 reserveNextSlot=17
time_ns=80587000000 ... type=1 speedKey=8[t=80.587] TX from node 1 to dest 3 seq 13 size 25 bytes segments 1 at slot 17 rate 8 kbps txPower 33 dBm (7843.14 bps) preamble SHORT duration 0.04896 s
time_ns=80587000000 [t=80.587] RX OCCLUDED at node 2 from node 1 seq 13
time_ns=80587000000 [t=80.587] RX OCCLUDED at node 7 from node 1 seq 13
time_ns=80587000000 [t=80.587] RX OCCLUDED at node 8 from node 1 seq 13
time_ns=80587000000 [MAC 1] ACK transmitted in aggregate dest=3 seq=13 txCount=2/5
time_ns=80587000000 [MAC 1] OPNET aggregate transmitted segments=1 ackSegments=1 dataSegments=0 bytes=25 rate=8
time_ns=80587008077 [t=80.587] RX SYNC at node 3 from node 1 seq 13 power -102.376 dBm noise -106.975 dBm snr 4.59934 dB state=1
time_ns=80587011086 [t=80.587] RX SYNC at node 5 from node 1 seq 13 power -107.876 dBm noise -106.975 dBm snr -0.900945 dB state=1
time_ns=80587023527 [t=80.587] RX SYNC at node 4 from node 1 seq 13 power -120.948 dBm noise -106.975 dBm snr -13.9725 dB state=1 below-threshold
time_ns=80593638077 [t=80.5936] MAC 3 enters Track on node 1 seq 13 power -102.376 dBm
time_ns=80593641086 [t=80.5936] MAC 5 enters Track on node 1 seq 13 power -107.876 dBm
time_ns=80635960000 [MAC 1] resumes Pre-Tx with live slot=17 counter=17
time_ns=80635968077 [t=80.636] RX at node 3 from node 1 seq 13 rate 8 kbps txPower 33 dBm preamble SHORT pathloss 135.376 dB snr 4.59934 dB (slot 17, len 25B, ackable=0)
time_ns=80635968077 [MAC 3] Learned neighbor 1 uses slot 17 (rtCounter=17)
time_ns=80635968077 [HOP 3] RX ACK from 1 seq=13
time_ns=80635968105 [NWK 3] CheckNwkQueue: size=0
time_ns=80635971086 [t=80.636] RX OVERHEARD at node 5 from node 1 seq 13 rate 8 kbps txPower 33 dBm preamble SHORT pathloss 140.876 dB snr -0.900945 dB (slot 17, len 25B, ackable=0)
time_ns=80635971086 [MAC 5] Learned neighbor 1 uses slot 17 (rtCounter=17)
time_ns=80635971086 [HOP 5] Overheard frame from 1 for 3 type=1 ignored after neighbor update
time_ns=80860000000 [MAC 3] rtslot_counter expired for neighbor 1 reserveSlot=17
time_ns=80860000000 [MAC 5] rtslot_counter expired for neighbor 1 reserveSlot=17
time_ns=80860000000 [MAC 1] PickTxSlot(dest=3) active_nodes_for_slotting=3 opnet_slot_range=31
time_ns=80860000000 [MAC 1] avoiding neighbor 5 currentReservedSlot=2 rtslot_counter=2
time_ns=80860000000 [MAC 1] PickTxSlot(dest=3) avoid: 2
time_ns=80860000000 [MAC 1] PickTxSlot chose 14 using historical next_tslot modulo probe
time_ns=80860000000 [MAC 1] TX opportunity reached currentSlot=17 reserveNextSlot=14
time_ns=80860000000 ... type=1 speedKey=8[t=80.86] TX from node 1 to dest 3 seq 13 size 25 bytes segments 1 at slot 14 rate 8 kbps txPower 33 dBm (7843.14 bps) preamble SHORT duration 0.04896 s
time_ns=80860000000 [t=80.86] RX OCCLUDED at node 2 from node 1 seq 13
time_ns=80860000000 [t=80.86] RX OCCLUDED at node 7 from node 1 seq 13
time_ns=80860000000 [t=80.86] RX OCCLUDED at node 8 from node 1 seq 13
time_ns=80860000000 [MAC 1] ACK transmitted in aggregate dest=3 seq=13 txCount=3/5
time_ns=80860000000 [MAC 1] OPNET aggregate transmitted segments=1 ackSegments=1 dataSegments=0 bytes=25 rate=8
time_ns=80860000000 [MAC 4] rtslot_counter expired for neighbor 5 reserveSlot=21
time_ns=80860008077 [t=80.86] RX SYNC at node 3 from node 1 seq 13 power -102.376 dBm noise -106.975 dBm snr 4.59934 dB state=1
time_ns=80860011086 [t=80.86] RX SYNC at node 5 from node 1 seq 13 power -107.876 dBm noise -106.975 dBm snr -0.900945 dB state=1
time_ns=80860023527 [t=80.86] RX SYNC at node 4 from node 1 seq 13 power -120.948 dBm noise -106.975 dBm snr -13.9725 dB state=1 below-threshold
time_ns=80866638077 [t=80.8666] MAC 3 enters Track on node 1 seq 13 power -102.376 dBm
time_ns=80866641086 [t=80.8666] MAC 5 enters Track on node 1 seq 13 power -107.876 dBm
time_ns=80908960000 [MAC 1] resumes Pre-Tx with live slot=14 counter=14
time_ns=80908968077 [t=80.909] RX at node 3 from node 1 seq 13 rate 8 kbps txPower 33 dBm preamble SHORT pathloss 135.376 dB snr 4.59934 dB (slot 14, len 25B, ackable=0)
time_ns=80908968077 [MAC 3] Learned neighbor 1 uses slot 14 (rtCounter=14)
time_ns=80908968077 [HOP 3] RX ACK from 1 seq=13
time_ns=80908968105 [NWK 3] CheckNwkQueue: size=0
time_ns=80908971086 [t=80.909] RX OVERHEARD at node 5 from node 1 seq 13 rate 8 kbps txPower 33 dBm preamble SHORT pathloss 140.876 dB snr -0.900945 dB (slot 14, len 25B, ackable=0)
time_ns=80908971086 [MAC 5] Learned neighbor 1 uses slot 14 (rtCounter=14)
time_ns=80908971086 [HOP 5] Overheard frame from 1 for 3 type=1 ignored after neighbor update
time_ns=80938000000 [MAC 3] rtslot_counter expired for neighbor 5 reserveSlot=21
time_ns=80938000000 [MAC 5] PickTxSlot(dest=3) active_nodes_for_slotting=4 opnet_slot_range=31
time_ns=80938000000 [MAC 5] avoiding neighbor 1 currentReservedSlot=11 rtslot_counter=11
time_ns=80938000000 [MAC 5] PickTxSlot(dest=3) avoid: 11
time_ns=80938000000 [MAC 5] PickTxSlot chose 22 using historical next_tslot modulo probe
time_ns=80938000000 [MAC 5] TX opportunity reached currentSlot=21 reserveNextSlot=22
time_ns=80938000000 ... type=1 speedKey=8[t=80.938] TX from node 5 to dest 3 seq 9 size 25 bytes segments 1 at slot 22 rate 8 kbps txPower 33 dBm (7843.14 bps) preamble SHORT duration 0.04896 s
time_ns=80938000000 [t=80.938] RX OCCLUDED at node 2 from node 5 seq 9
time_ns=80938000000 [t=80.938] RX OCCLUDED at node 7 from node 5 seq 9
time_ns=80938000000 [t=80.938] RX OCCLUDED at node 8 from node 5 seq 9
time_ns=80938000000 [MAC 5] ACK transmitted in aggregate dest=3 seq=9 txCount=3/5
time_ns=80938000000 [MAC 5] OPNET aggregate transmitted segments=1 ackSegments=1 dataSegments=0 bytes=25 rate=8
time_ns=80938000000 [MAC 1] rtslot_counter expired for neighbor 5 reserveSlot=21
time_ns=80938011086 [t=80.938] RX SYNC at node 1 from node 5 seq 9 power -107.876 dBm noise -106.975 dBm snr -0.900945 dB state=1
time_ns=80938012444 [t=80.938] RX SYNC at node 4 from node 5 seq 9 power -109.884 dBm noise -106.975 dBm snr -2.90891 dB state=1
time_ns=80938019163 [t=80.938] RX SYNC at node 3 from node 5 seq 9 power -117.383 dBm noise -106.975 dBm snr -10.408 dB state=1
time_ns=80944641086 [t=80.9446] MAC 1 enters Track on node 5 seq 9 power -107.876 dBm
time_ns=80944642444 [t=80.9446] MAC 4 enters Track on node 5 seq 9 power -109.884 dBm
time_ns=80944649163 [t=80.9446] MAC 3 enters Track on node 5 seq 9 power -117.383 dBm
time_ns=80986960000 [MAC 5] resumes Pre-Tx with live slot=22 counter=22
time_ns=80986971086 [t=80.987] RX OVERHEARD at node 1 from node 5 seq 9 rate 8 kbps txPower 33 dBm preamble SHORT pathloss 140.876 dB snr -0.900945 dB (slot 22, len 25B, ackable=0)
time_ns=80986971086 [MAC 1] Learned neighbor 5 uses slot 22 (rtCounter=22)
time_ns=80986971086 [HOP 1] Overheard frame from 5 for 3 type=1 ignored after neighbor update
time_ns=80986972444 [t=80.987] RX OVERHEARD at node 4 from node 5 seq 9 rate 8 kbps txPower 33 dBm preamble SHORT pathloss 142.884 dB snr -2.90891 dB (slot 22, len 25B, ackable=0)
time_ns=80986972444 [MAC 4] Learned neighbor 5 uses slot 22 (rtCounter=22)
time_ns=80986972444 [HOP 4] Overheard frame from 5 for 3 type=1 ignored after neighbor update
time_ns=80986979163 [t=80.987] RX at node 3 from node 5 seq 9 rate 8 kbps txPower 33 dBm preamble SHORT pathloss 150.383 dB snr -10.408 dB (slot 22, len 25B, ackable=0)
time_ns=80986979163 [MAC 3] Learned neighbor 5 uses slot 22 (rtCounter=22)
time_ns=80986979163 [HOP 3] RX ACK from 5 seq=9
time_ns=80986979191 [NWK 3] CheckNwkQueue: size=0
time_ns=81133000000 [MAC 3] rtslot_counter expired for neighbor 1 reserveSlot=14
time_ns=81133000000 [MAC 5] rtslot_counter expired for neighbor 1 reserveSlot=14
time_ns=81133000000 [MAC 1] PickTxSlot(dest=3) active_nodes_for_slotting=3 opnet_slot_range=31
time_ns=81133000000 [MAC 1] avoiding neighbor 5 currentReservedSlot=10 rtslot_counter=10
time_ns=81133000000 [MAC 1] PickTxSlot(dest=3) avoid: 10
time_ns=81133000000 [MAC 1] PickTxSlot chose 14 using historical next_tslot modulo probe
time_ns=81133000000 [MAC 1] TX opportunity reached currentSlot=14 reserveNextSlot=14
time_ns=81133000000 ... type=1 speedKey=8[t=81.133] TX from node 1 to dest 3 seq 13 size 25 bytes segments 1 at slot 14 rate 8 kbps txPower 33 dBm (7843.14 bps) preamble SHORT duration 0.04896 s
time_ns=81133000000 [t=81.133] RX OCCLUDED at node 2 from node 1 seq 13
time_ns=81133000000 [t=81.133] RX OCCLUDED at node 7 from node 1 seq 13
time_ns=81133000000 [t=81.133] RX OCCLUDED at node 8 from node 1 seq 13
time_ns=81133000000 [MAC 1] ACK transmitted in aggregate dest=3 seq=13 txCount=4/5
time_ns=81133000000 [MAC 1] OPNET aggregate transmitted segments=1 ackSegments=1 dataSegments=0 bytes=25 rate=8
time_ns=81133008077 [t=81.133] RX SYNC at node 3 from node 1 seq 13 power -102.376 dBm noise -106.975 dBm snr 4.59934 dB state=1
time_ns=81133011086 [t=81.133] RX SYNC at node 5 from node 1 seq 13 power -107.876 dBm noise -106.975 dBm snr -0.900945 dB state=1
time_ns=81133023527 [t=81.133] RX SYNC at node 4 from node 1 seq 13 power -120.948 dBm noise -106.975 dBm snr -13.9725 dB state=1 below-threshold
time_ns=81139638077 [t=81.1396] MAC 3 enters Track on node 1 seq 13 power -102.376 dBm
time_ns=81139641086 [t=81.1396] MAC 5 enters Track on node 1 seq 13 power -107.876 dBm
time_ns=81181960000 [MAC 1] resumes Pre-Tx with live slot=14 counter=14
time_ns=81181968077 [t=81.182] RX at node 3 from node 1 seq 13 rate 8 kbps txPower 33 dBm preamble SHORT pathloss 135.376 dB snr 4.59934 dB (slot 14, len 25B, ackable=0)
time_ns=81181968077 [MAC 3] Learned neighbor 1 uses slot 14 (rtCounter=14)
time_ns=81181968077 [HOP 3] RX ACK from 1 seq=13
time_ns=81181968105 [NWK 3] CheckNwkQueue: size=0
time_ns=81181971086 [t=81.182] RX OVERHEARD at node 5 from node 1 seq 13 rate 8 kbps txPower 33 dBm preamble SHORT pathloss 140.876 dB snr -0.900945 dB (slot 14, len 25B, ackable=0)
time_ns=81181971086 [MAC 5] Learned neighbor 1 uses slot 14 (rtCounter=14)
time_ns=81181971086 [HOP 5] Overheard frame from 1 for 3 type=1 ignored after neighbor update
time_ns=81276000000 [MAC 4] rtslot_counter expired for neighbor 5 reserveSlot=22
time_ns=81315000000 [MAC 3] rtslot_counter expired for neighbor 5 reserveSlot=22
time_ns=81315000000 [MAC 5] PickTxSlot(dest=3) active_nodes_for_slotting=4 opnet_slot_range=31
time_ns=81315000000 [MAC 5] avoiding neighbor 1 currentReservedSlot=3 rtslot_counter=3
time_ns=81315000000 [MAC 5] PickTxSlot(dest=3) avoid: 3
time_ns=81315000000 [MAC 5] PickTxSlot chose 22 using historical next_tslot modulo probe
time_ns=81315000000 [MAC 5] TX opportunity reached currentSlot=22 reserveNextSlot=22
time_ns=81315000000 ... type=1 speedKey=8[t=81.315] TX from node 5 to dest 3 seq 9 size 25 bytes segments 1 at slot 22 rate 8 kbps txPower 33 dBm (7843.14 bps) preamble SHORT duration 0.04896 s
time_ns=81315000000 [t=81.315] RX OCCLUDED at node 2 from node 5 seq 9
time_ns=81315000000 [t=81.315] RX OCCLUDED at node 7 from node 5 seq 9
time_ns=81315000000 [t=81.315] RX OCCLUDED at node 8 from node 5 seq 9
time_ns=81315000000 [MAC 5] ACK transmitted in aggregate dest=3 seq=9 txCount=4/5
time_ns=81315000000 [MAC 5] OPNET aggregate transmitted segments=1 ackSegments=1 dataSegments=0 bytes=25 rate=8
time_ns=81315000000 [MAC 1] rtslot_counter expired for neighbor 5 reserveSlot=22
time_ns=81315011086 [t=81.315] RX SYNC at node 1 from node 5 seq 9 power -107.876 dBm noise -106.975 dBm snr -0.900945 dB state=1
time_ns=81315012444 [t=81.315] RX SYNC at node 4 from node 5 seq 9 power -109.884 dBm noise -106.975 dBm snr -2.90891 dB state=1
time_ns=81315019163 [t=81.315] RX SYNC at node 3 from node 5 seq 9 power -117.383 dBm noise -106.975 dBm snr -10.408 dB state=1
time_ns=81321641086 [t=81.3216] MAC 1 enters Track on node 5 seq 9 power -107.876 dBm
time_ns=81321642444 [t=81.3216] MAC 4 enters Track on node 5 seq 9 power -109.884 dBm
time_ns=81321649163 [t=81.3216] MAC 3 enters Track on node 5 seq 9 power -117.383 dBm
time_ns=81363960000 [MAC 5] resumes Pre-Tx with live slot=22 counter=22
time_ns=81363971086 [t=81.364] RX OVERHEARD at node 1 from node 5 seq 9 rate 8 kbps txPower 33 dBm preamble SHORT pathloss 140.876 dB snr -0.900945 dB (slot 22, len 25B, ackable=0)
time_ns=81363971086 [MAC 1] Learned neighbor 5 uses slot 22 (rtCounter=22)
time_ns=81363971086 [HOP 1] Overheard frame from 5 for 3 type=1 ignored after neighbor update
time_ns=81363972444 [t=81.364] RX OVERHEARD at node 4 from node 5 seq 9 rate 8 kbps txPower 33 dBm preamble SHORT pathloss 142.884 dB snr -2.90891 dB (slot 22, len 25B, ackable=0)
time_ns=81363972444 [MAC 4] Learned neighbor 5 uses slot 22 (rtCounter=22)
time_ns=81363972444 [HOP 4] Overheard frame from 5 for 3 type=1 ignored after neighbor update
time_ns=81363979163 [t=81.364] RX at node 3 from node 5 seq 9 rate 8 kbps txPower 33 dBm preamble SHORT pathloss 150.383 dB snr -10.408 dB (slot 22, len 25B, ackable=0)
time_ns=81363979163 [MAC 3] Learned neighbor 5 uses slot 22 (rtCounter=22)
time_ns=81363979163 [HOP 3] RX ACK from 5 seq=9
time_ns=81363979191 [NWK 3] CheckNwkQueue: size=0
time_ns=81406000000 [MAC 3] rtslot_counter expired for neighbor 1 reserveSlot=14
time_ns=81406000000 [MAC 5] rtslot_counter expired for neighbor 1 reserveSlot=14
time_ns=81406000000 [MAC 1] PickTxSlot(dest=3) active_nodes_for_slotting=3 opnet_slot_range=31
time_ns=81406000000 [MAC 1] avoiding neighbor 5 currentReservedSlot=18 rtslot_counter=18
time_ns=81406000000 [MAC 1] PickTxSlot(dest=3) avoid: 18
time_ns=81406000000 [MAC 1] PickTxSlot chose 11 using historical next_tslot modulo probe
time_ns=81406000000 [MAC 1] TX opportunity reached currentSlot=14 reserveNextSlot=11
time_ns=81406000000 ... type=1 speedKey=8[t=81.406] TX from node 1 to dest 3 seq 13 size 25 bytes segments 1 at slot 11 rate 8 kbps txPower 33 dBm (7843.14 bps) preamble SHORT duration 0.04896 s
time_ns=81406000000 [t=81.406] RX OCCLUDED at node 2 from node 1 seq 13
time_ns=81406000000 [t=81.406] RX OCCLUDED at node 7 from node 1 seq 13
time_ns=81406000000 [t=81.406] RX OCCLUDED at node 8 from node 1 seq 13
time_ns=81406000000 [MAC 1] ACK transmitted in aggregate dest=3 seq=13 txCount=5/5
time_ns=81406000000 [MAC 1] Remove ACK after OPNET resend limit dest=3 seq=13
time_ns=81406000000 [MAC 1] OPNET aggregate transmitted segments=1 ackSegments=1 dataSegments=0 bytes=25 rate=8
time_ns=81406008077 [t=81.406] RX SYNC at node 3 from node 1 seq 13 power -102.376 dBm noise -106.975 dBm snr 4.59934 dB state=1
time_ns=81406011086 [t=81.406] RX SYNC at node 5 from node 1 seq 13 power -107.876 dBm noise -106.975 dBm snr -0.900945 dB state=1
time_ns=81406023527 [t=81.406] RX SYNC at node 4 from node 1 seq 13 power -120.948 dBm noise -106.975 dBm snr -13.9725 dB state=1 below-threshold
time_ns=81412638077 [t=81.4126] MAC 3 enters Track on node 1 seq 13 power -102.376 dBm
time_ns=81412641086 [t=81.4126] MAC 5 enters Track on node 1 seq 13 power -107.876 dBm
time_ns=81454960000 [MAC 1] post-TX WAIT_FOR_ACK until 101.455 (POST_TX_WAIT=20 s)
time_ns=81454968077 [t=81.455] RX at node 3 from node 1 seq 13 rate 8 kbps txPower 33 dBm preamble SHORT pathloss 135.376 dB snr 4.59934 dB (slot 11, len 25B, ackable=0)
time_ns=81454968077 [MAC 3] Learned neighbor 1 uses slot 11 (rtCounter=11)
time_ns=81454968077 [HOP 3] RX ACK from 1 seq=13
time_ns=81454968105 [NWK 3] CheckNwkQueue: size=0
time_ns=81454971086 [t=81.455] RX OVERHEARD at node 5 from node 1 seq 13 rate 8 kbps txPower 33 dBm preamble SHORT pathloss 140.876 dB snr -0.900945 dB (slot 11, len 25B, ackable=0)
time_ns=81454971086 [MAC 5] Learned neighbor 1 uses slot 11 (rtCounter=11)
time_ns=81454971086 [HOP 5] Overheard frame from 1 for 3 type=1 ignored after neighbor update
time_ns=81601000000 [MAC 3] rtslot_counter expired for neighbor 1 reserveSlot=11
time_ns=81601000000 [MAC 5] rtslot_counter expired for neighbor 1 reserveSlot=11
time_ns=81601000000 [MAC 1] local advertised reservation expired
time_ns=81653000000 [MAC 4] rtslot_counter expired for neighbor 5 reserveSlot=22
time_ns=81692000000 [MAC 3] rtslot_counter expired for neighbor 5 reserveSlot=22
time_ns=81692000000 [MAC 5] PickTxSlot(dest=3) active_nodes_for_slotting=4 opnet_slot_range=31
time_ns=81692000000 [MAC 5] PickTxSlot(dest=3) avoid:
time_ns=81692000000 [MAC 5] PickTxSlot chose 1 using historical next_tslot modulo probe
time_ns=81692000000 [MAC 5] TX opportunity reached currentSlot=22 reserveNextSlot=1
time_ns=81692000000 ... type=1 speedKey=8[t=81.692] TX from node 5 to dest 3 seq 9 size 25 bytes segments 1 at slot 1 rate 8 kbps txPower 33 dBm (7843.14 bps) preamble SHORT duration 0.04896 s
time_ns=81692000000 [t=81.692] RX OCCLUDED at node 2 from node 5 seq 9
time_ns=81692000000 [t=81.692] RX OCCLUDED at node 7 from node 5 seq 9
time_ns=81692000000 [t=81.692] RX OCCLUDED at node 8 from node 5 seq 9
time_ns=81692000000 [MAC 5] ACK transmitted in aggregate dest=3 seq=9 txCount=5/5
time_ns=81692000000 [MAC 5] Remove ACK after OPNET resend limit dest=3 seq=9
time_ns=81692000000 [MAC 5] OPNET aggregate transmitted segments=1 ackSegments=1 dataSegments=0 bytes=25 rate=8
time_ns=81692000000 [MAC 1] rtslot_counter expired for neighbor 5 reserveSlot=22
time_ns=81692011086 [t=81.692] RX SYNC at node 1 from node 5 seq 9 power -107.876 dBm noise -106.975 dBm snr -0.900945 dB state=1
time_ns=81692012444 [t=81.692] RX SYNC at node 4 from node 5 seq 9 power -109.884 dBm noise -106.975 dBm snr -2.90891 dB state=1
time_ns=81692019163 [t=81.692] RX SYNC at node 3 from node 5 seq 9 power -117.383 dBm noise -106.975 dBm snr -10.408 dB state=1
time_ns=81698641086 [t=81.6986] MAC 1 enters Track on node 5 seq 9 power -107.876 dBm
time_ns=81698642444 [t=81.6986] MAC 4 enters Track on node 5 seq 9 power -109.884 dBm
time_ns=81698649163 [t=81.6986] MAC 3 enters Track on node 5 seq 9 power -117.383 dBm
time_ns=81740960000 [MAC 5] post-TX WAIT_FOR_ACK until 103.241 (POST_TX_WAIT=21.5 s)
time_ns=81740971086 [t=81.741] RX OVERHEARD at node 1 from node 5 seq 9 rate 8 kbps txPower 33 dBm preamble SHORT pathloss 140.876 dB snr -0.900945 dB (slot 1, len 25B, ackable=0)
time_ns=81740971086 [MAC 1] Learned neighbor 5 uses slot 1 (rtCounter=1)
time_ns=81740971086 [HOP 1] Overheard frame from 5 for 3 type=1 ignored after neighbor update
time_ns=81740972444 [t=81.741] RX OVERHEARD at node 4 from node 5 seq 9 rate 8 kbps txPower 33 dBm preamble SHORT pathloss 142.884 dB snr -2.90891 dB (slot 1, len 25B, ackable=0)
time_ns=81740972444 [MAC 4] Learned neighbor 5 uses slot 1 (rtCounter=1)
time_ns=81740972444 [HOP 4] Overheard frame from 5 for 3 type=1 ignored after neighbor update
time_ns=81740979163 [t=81.741] RX at node 3 from node 5 seq 9 rate 8 kbps txPower 33 dBm preamble SHORT pathloss 150.383 dB snr -10.408 dB (slot 1, len 25B, ackable=0)
time_ns=81740979163 [MAC 3] Learned neighbor 5 uses slot 1 (rtCounter=1)
time_ns=81740979163 [HOP 3] RX ACK from 5 seq=9
time_ns=81740979191 [NWK 3] CheckNwkQueue: size=0
time_ns=81757000000 [MAC 3] rtslot_counter expired for neighbor 5 reserveSlot=1
time_ns=81757000000 [MAC 5] local advertised reservation expired
time_ns=81757000000 [MAC 1] rtslot_counter expired for neighbor 5 reserveSlot=1
time_ns=81757000000 [MAC 4] rtslot_counter expired for neighbor 5 reserveSlot=1
CSR differential scenario complete: blue_radio_campus-multihop nodes=7 flows=6 stop=85 hopSecurityProfile=hist-adb97c54-bare hopSecurityProfileOrigin=explicit sourceExecutableSha256=adb97c54f7566439f1404e972d3d777a3bca613e2a965bf12f03353fb009d9af trace=/workspace/scratch/db3d3caa011d/two_case_next/native/seed131/ns3-trace.csv
