case,tx_id,group_id,segment_index,group_segments,tx_time_ns,arrival_ns,sender,receiver,kind,app_source,app_id,hop_seq,ack_bits,dack_bits,decision,reason,boundary_distance_ns
ok,1,1,1,1,351000028,373501028,4,5,DATA,4,1,1,0,0,pass,none,-1
ok,2,2,1,1,429000028,453961028,5,4,ACK,0,0,1,1,0,pass,none,-1
ok,2,3,2,1,429000028,453961028,5,1,DATA,5,1,1,0,0,pass,none,-1
ok,3,4,1,1,468000028,490501028,4,5,DATA,4,2,2,0,0,pass,none,-1
ok,4,5,1,1,468000028,490081028,5,4,ACK,0,0,1,1,0,pass,none,-1
ok,5,6,1,1,611000028,633081028,5,4,ACK,0,0,2,3,0,pass,none,-1
ok,6,7,1,1,650000028,672081028,5,4,ACK,0,0,2,3,0,pass,none,-1
ok,7,8,1,1,741000028,763501028,4,5,DATA,4,3,3,0,0,pass,none,-1
ok,8,9,1,1,778961028,801042028,1,5,ACK,0,0,1,1,0,pass,none,-1
ok,9,10,1,1,793000028,815081028,5,4,ACK,0,0,3,7,0,pass,none,-1
ok,10,11,1,1,817961028,840042028,1,5,ACK,0,0,1,1,0,pass,none,-1
ok,11,12,1,1,845000028,869961028,5,4,ACK,0,0,3,7,0,pass,none,-1
ok,11,13,2,1,845000028,869961028,5,1,DATA,5,2,2,0,0,pass,none,-1
ok,12,14,1,1,856961028,879042028,1,5,ACK,0,0,1,1,0,pass,none,-1
ok,13,15,1,1,895961028,918042028,1,5,ACK,0,0,2,3,0,pass,none,-1
ok,14,16,1,2,923000028,948381028,4,5,DATA,4,4,4,0,0,pass,none,-1
ok,14,16,2,2,923000028,948381028,4,5,DATA,4,5,5,0,0,pass,none,-1
ok,15,17,1,1,934961028,957042028,1,5,ACK,0,0,2,3,0,pass,none,-1
ok,16,18,1,1,973961028,996042028,1,5,ACK,0,0,2,3,0,pass,none,-1
ok,17,19,1,1,988000028,1012961028,5,4,ACK,0,0,5,31,0,pass,none,-1
ok,17,20,2,1,988000028,1012961028,5,1,DATA,5,3,3,0,0,pass,none,-1
ok,18,21,1,1,1012961028,1035042028,1,5,ACK,0,0,3,7,0,pass,none,-1
ok,19,22,1,1,1027000028,1049081028,5,4,ACK,0,0,5,31,0,pass,none,-1
ok,20,23,1,1,1051961028,1074042028,1,5,ACK,0,0,3,7,0,pass,none,-1
ok,21,24,1,1,1090961028,1113042028,1,5,ACK,0,0,3,7,0,pass,none,-1
ok,22,25,1,2,1118000028,1143381028,4,5,DATA,4,6,6,0,0,pass,none,-1
ok,22,25,2,2,1118000028,1143381028,4,5,DATA,4,7,7,0,0,pass,none,-1
ok,23,26,1,1,1129961028,1152042028,1,5,ACK,0,0,3,7,0,pass,none,-1
ok,24,27,1,1,1168961028,1191042028,1,5,ACK,0,0,3,7,0,pass,none,-1
ok,25,28,1,1,1170000028,1197841028,5,4,ACK,0,0,7,127,0,pass,none,-1
ok,25,29,2,2,1170000028,1197841028,5,1,DATA,5,4,4,0,0,pass,none,-1
ok,25,29,3,2,1170000028,1197841028,5,1,DATA,5,5,5,0,0,pass,none,-1
ok,26,30,1,1,1235000028,1257081028,5,4,ACK,0,0,7,127,0,pass,none,-1
ok,27,31,1,1,1246961028,1269042028,1,5,ACK,0,0,5,31,0,pass,none,-1
ok,28,32,1,1,1285961028,1308042028,1,5,ACK,0,0,5,31,0,pass,none,-1
ok,29,33,1,3,1313000028,1341261028,4,5,DATA,4,8,8,0,0,pass,none,-1
ok,29,33,2,3,1313000028,1341261028,4,5,DATA,4,9,9,0,0,pass,none,-1
ok,29,33,3,3,1313000028,1341261028,4,5,DATA,4,10,10,0,0,pass,none,-1
ok,30,34,1,1,1324961028,1347042028,1,5,ACK,0,0,5,31,0,pass,none,-1
ok,31,35,1,1,1363961028,1386042028,1,5,ACK,0,0,5,31,0,pass,none,-1
ok,32,36,1,1,1378000028,1405841028,5,4,ACK,0,0,10,1023,0,pass,none,-1
ok,32,37,2,2,1378000028,1405841028,5,1,DATA,5,6,6,0,0,pass,none,-1
ok,32,37,3,2,1378000028,1405841028,5,1,DATA,5,7,7,0,0,pass,none,-1
ok,33,38,1,1,1402961028,1425042028,1,5,ACK,0,0,5,31,0,pass,none,-1
ok,34,39,1,1,1430000028,1452081028,5,4,ACK,0,0,10,1023,0,pass,none,-1
ok,35,40,1,1,1441961028,1464042028,1,5,ACK,0,0,7,127,0,pass,none,-1
ok,36,41,1,1,1480961028,1503042028,1,5,ACK,0,0,7,127,0,pass,none,-1
ok,37,42,1,1,1519961028,1542042028,1,5,ACK,0,0,7,127,0,pass,none,-1
ok,38,43,1,4,1521000028,1552141028,4,5,DATA,4,11,11,0,0,pass,none,-1
ok,38,43,2,4,1521000028,1552141028,4,5,DATA,4,12,12,0,0,pass,none,-1
ok,38,43,3,4,1521000028,1552141028,4,5,DATA,4,13,13,0,0,pass,none,-1
ok,38,43,4,4,1521000028,1552141028,4,5,DATA,4,14,14,0,0,pass,none,-1
ok,39,44,1,1,1558961028,1581042028,1,5,ACK,0,0,7,127,0,pass,none,-1
ok,40,45,1,1,1573000028,1603721028,5,4,ACK,0,0,14,16383,0,pass,none,-1
ok,40,46,2,3,1573000028,1603721028,5,1,DATA,5,8,8,0,0,pass,none,-1
ok,40,46,3,3,1573000028,1603721028,5,1,DATA,5,9,9,0,0,pass,none,-1
ok,40,46,4,3,1573000028,1603721028,5,1,DATA,5,10,10,0,0,pass,none,-1
ok,41,47,1,1,1597961028,1620042028,1,5,ACK,0,0,7,127,0,pass,none,-1
ok,42,48,1,1,1625000028,1647081028,5,4,ACK,0,0,14,16383,0,pass,none,-1
ok,43,49,1,1,1636961028,1659042028,1,5,ACK,0,0,10,1023,0,pass,none,-1
ok,44,50,1,1,1675961028,1698042028,1,5,ACK,0,0,10,1023,0,pass,none,-1
ok,45,51,1,1,1714961028,1737042028,1,5,ACK,0,0,10,1023,0,pass,none,-1
ok,46,52,1,5,1716000028,1750021028,4,5,DATA,4,15,15,0,0,pass,none,-1
ok,46,52,2,5,1716000028,1750021028,4,5,DATA,4,16,16,0,0,pass,none,-1
ok,46,52,3,5,1716000028,1750021028,4,5,DATA,4,17,17,0,0,pass,none,-1
ok,46,52,4,5,1716000028,1750021028,4,5,DATA,4,18,18,0,0,pass,none,-1
ok,46,52,5,5,1716000028,1750021028,4,5,DATA,4,19,19,0,0,pass,none,-1
ok,47,53,1,1,1753961028,1776042028,1,5,ACK,0,0,10,1023,0,pass,none,-1
ok,48,54,1,1,1768000028,1801601028,5,4,ACK,0,0,19,524280,7,pass,none,-1
ok,48,55,2,4,1768000028,1801601028,5,1,DATA,5,11,11,0,0,pass,none,-1
ok,48,55,3,4,1768000028,1801601028,5,1,DATA,5,12,12,0,0,pass,none,-1
ok,48,55,4,4,1768000028,1801601028,5,1,DATA,5,13,13,0,0,pass,none,-1
ok,48,55,5,4,1768000028,1801601028,5,1,DATA,5,14,14,0,0,pass,none,-1
ok,49,56,1,1,1792961028,1815042028,1,5,ACK,0,0,10,1023,0,pass,none,-1
ok,50,57,1,1,1820000028,1842081028,5,4,ACK,0,0,19,524280,7,pass,none,-1
ok,51,58,1,1,1831961028,1854042028,1,5,ACK,0,0,14,16383,0,pass,none,-1
ok,52,59,1,1,1870961028,1893042028,1,5,ACK,0,0,14,16383,0,pass,none,-1
ok,53,60,1,1,1909961028,1932042028,1,5,ACK,0,0,14,16383,0,pass,none,-1
ok,54,61,1,2,1911000028,1936381028,4,5,DATA,4,20,20,0,0,pass,none,-1
ok,54,61,2,2,1911000028,1936381028,4,5,DATA,4,21,21,0,0,pass,none,-1
ok,55,62,1,1,1948961028,1971042028,1,5,ACK,0,0,14,16383,0,pass,none,-1
ok,56,63,1,1,1963000028,1999481028,5,4,ACK,0,0,21,2097120,31,pass,none,-1
ok,56,64,2,5,1963000028,1999481028,5,1,DATA,5,15,15,0,0,pass,none,-1
ok,56,64,3,5,1963000028,1999481028,5,1,DATA,5,16,16,0,0,pass,none,-1
ok,56,64,4,5,1963000028,1999481028,5,1,DATA,4,1,17,0,0,pass,none,-1
ok,56,64,5,5,1963000028,1999481028,5,1,DATA,4,2,18,0,0,pass,none,-1
ok,56,64,6,5,1963000028,1999481028,5,1,DATA,4,3,19,0,0,pass,none,-1
ok,57,65,1,1,1987961028,2010042028,1,5,ACK,0,0,14,16383,0,pass,none,-1
ok,58,66,1,1,2026961028,2049042028,1,5,ACK,0,0,19,524287,0,pass,none,-1
ok,59,67,1,1,2028000028,2050081028,5,4,ACK,0,0,21,2097120,31,pass,none,-1
ok,60,68,1,1,2065961028,2088042028,1,5,ACK,0,0,19,524287,0,pass,none,-1
ok,61,69,1,1,2104961028,2127042028,1,5,ACK,0,0,19,524287,0,pass,none,-1
ok,62,70,1,1,2143961028,2166042028,1,5,ACK,0,0,19,524287,0,pass,none,-1
ok,63,71,1,1,2171000028,2213241028,5,4,ACK,0,0,21,2097120,31,pass,none,-1
ok,63,72,2,7,2171000028,2213241028,5,1,DATA,5,17,20,0,0,pass,none,-1
ok,63,72,3,7,2171000028,2213241028,5,1,DATA,5,18,21,0,0,pass,none,-1
ok,63,72,4,7,2171000028,2213241028,5,1,DATA,4,4,22,0,0,pass,none,-1
ok,63,72,5,7,2171000028,2213241028,5,1,DATA,4,5,23,0,0,pass,none,-1
ok,63,72,6,7,2171000028,2213241028,5,1,DATA,5,19,24,0,0,pass,none,-1
ok,63,72,7,7,2171000028,2213241028,5,1,DATA,4,6,25,0,0,pass,none,-1
ok,63,72,8,7,2171000028,2213241028,5,1,DATA,4,7,26,0,0,pass,none,-1
ok,64,73,1,1,2182961028,2205042028,1,5,ACK,0,0,19,524287,0,pass,none,-1
ok,65,74,1,1,2236000028,2258081028,5,4,ACK,0,0,21,2097120,31,pass,none,-1
ok,66,75,1,1,2247961028,2270042028,1,5,ACK,0,0,26,67108863,0,pass,none,-1
ok,67,76,1,1,2286961028,2309042028,1,5,ACK,0,0,26,67108863,0,pass,none,-1
ok,68,77,1,1,2325961028,2348042028,1,5,ACK,0,0,26,67108863,0,pass,none,-1
ok,69,78,1,1,2364961028,2387042028,1,5,ACK,0,0,26,67108863,0,pass,none,-1
ok,70,79,1,1,2379000028,2427001028,5,4,ACK,0,0,21,2097120,31,pass,none,-1
ok,70,80,2,9,2379000028,2427001028,5,1,DATA,5,20,27,0,0,pass,none,-1
ok,70,80,3,9,2379000028,2427001028,5,1,DATA,5,21,28,0,0,pass,none,-1
ok,70,80,4,9,2379000028,2427001028,5,1,DATA,4,8,29,0,0,pass,none,-1
ok,70,80,5,9,2379000028,2427001028,5,1,DATA,4,9,30,0,0,pass,none,-1
ok,70,80,6,9,2379000028,2427001028,5,1,DATA,4,10,31,0,0,pass,none,-1
ok,70,80,7,9,2379000028,2427001028,5,1,DATA,4,11,32,0,0,pass,none,-1
ok,70,80,8,9,2379000028,2427001028,5,1,DATA,4,12,33,0,0,pass,none,-1
ok,70,80,9,9,2379000028,2427001028,5,1,DATA,4,13,34,0,0,pass,none,-1
ok,70,80,10,9,2379000028,2427001028,5,1,DATA,4,14,35,0,0,pass,none,-1
ok,71,81,1,1,2403961028,2426042028,1,5,ACK,0,0,26,67108863,0,pass,none,-1
ok,72,82,1,1,2442961028,2465042028,1,5,ACK,0,0,35,34359738367,0,pass,none,-1
ok,73,83,1,1,2481961028,2504042028,1,5,ACK,0,0,35,34359738367,0,pass,none,-1
ok,74,84,1,1,2520961028,2543042028,1,5,ACK,0,0,35,34359738367,0,pass,none,-1
ok,75,85,1,1,2559961028,2582042028,1,5,ACK,0,0,35,34359738367,0,pass,none,-1
ok,76,86,1,1,2598961028,2621042028,1,5,ACK,0,0,35,34359738367,0,pass,none,-1
ok,77,87,1,8,2600000028,2642661028,5,1,DATA,4,15,36,0,0,pass,none,-1
ok,77,87,2,8,2600000028,2642661028,5,1,DATA,4,16,37,0,0,pass,none,-1
ok,77,87,3,8,2600000028,2642661028,5,1,DATA,4,17,38,0,0,pass,none,-1
ok,77,87,4,8,2600000028,2642661028,5,1,DATA,4,18,39,0,0,pass,none,-1
ok,77,87,5,8,2600000028,2642661028,5,1,DATA,4,19,40,0,0,pass,none,-1
ok,77,87,6,8,2600000028,2642661028,5,1,DATA,4,20,41,0,0,pass,none,-1
ok,77,87,7,8,2600000028,2642661028,5,1,DATA,4,21,42,0,0,pass,none,-1
ok,77,87,8,8,2600000028,2642661028,5,1,DATA,5,22,43,0,0,pass,none,-1
ok,78,88,1,1,2676961028,2699042028,1,5,ACK,0,0,43,8796093022207,0,pass,none,-1
ok,79,89,1,1,2715961028,2738042028,1,5,ACK,0,0,43,8796093022207,0,pass,none,-1
ok,80,90,1,1,2754961028,2777042028,1,5,ACK,0,0,43,8796093022207,0,pass,none,-1
ok,81,91,1,1,2793961028,2816042028,1,5,ACK,0,0,43,8796093022207,0,pass,none,-1
ok,82,92,1,1,2832961028,2855042028,1,5,ACK,0,0,43,8796093022207,0,pass,none,-1
ok,83,93,1,1,3133000028,3155501028,5,1,DATA,5,23,44,0,0,pass,none,-1
ok,84,94,1,1,3183961028,3206042028,1,5,ACK,0,0,44,17592186044415,0,pass,none,-1
ok,85,95,1,1,3222961028,3245042028,1,5,ACK,0,0,44,17592186044415,0,pass,none,-1
ok,86,96,1,1,3261961028,3284042028,1,5,ACK,0,0,44,17592186044415,0,pass,none,-1
ok,87,97,1,1,3300961028,3323042028,1,5,ACK,0,0,44,17592186044415,0,pass,none,-1
ok,88,98,1,1,3339961028,3362042028,1,5,ACK,0,0,44,17592186044415,0,pass,none,-1
ok,89,99,1,1,4134000028,4156501028,5,1,DATA,5,24,45,0,0,pass,none,-1
ok,90,100,1,1,4184961028,4207042028,1,5,ACK,0,0,45,35184372088831,0,pass,none,-1
ok,91,101,1,1,4223961028,4246042028,1,5,ACK,0,0,45,35184372088831,0,pass,none,-1
ok,92,102,1,1,4262961028,4285042028,1,5,ACK,0,0,45,35184372088831,0,pass,none,-1
ok,93,103,1,1,4301961028,4324042028,1,5,ACK,0,0,45,35184372088831,0,pass,none,-1
ok,94,104,1,1,4340961028,4363042028,1,5,ACK,0,0,45,35184372088831,0,pass,none,-1
ok,95,105,1,1,5135000028,5157501028,5,1,DATA,5,25,46,0,0,pass,none,-1
ok,96,106,1,1,5185961028,5208042028,1,5,ACK,0,0,46,70368744177663,0,pass,none,-1
ok,97,107,1,1,5224961028,5247042028,1,5,ACK,0,0,46,70368744177663,0,pass,none,-1
ok,98,108,1,1,5263961028,5286042028,1,5,ACK,0,0,46,70368744177663,0,pass,none,-1
ok,99,109,1,1,5302961028,5325042028,1,5,ACK,0,0,46,70368744177663,0,pass,none,-1
ok,100,110,1,1,5341961028,5364042028,1,5,ACK,0,0,46,70368744177663,0,pass,none,-1
ok,101,111,1,1,6136000028,6158501028,5,1,DATA,5,26,47,0,0,pass,none,-1
ok,102,112,1,1,6186961028,6209042028,1,5,ACK,0,0,47,140737488355327,0,pass,none,-1
ok,103,113,1,1,6225961028,6248042028,1,5,ACK,0,0,47,140737488355327,0,pass,none,-1
ok,104,114,1,1,6264961028,6287042028,1,5,ACK,0,0,47,140737488355327,0,pass,none,-1
ok,105,115,1,1,6303961028,6326042028,1,5,ACK,0,0,47,140737488355327,0,pass,none,-1
ok,106,116,1,1,6342961028,6365042028,1,5,ACK,0,0,47,140737488355327,0,pass,none,-1
ok,107,117,1,1,7137000028,7159501028,5,1,DATA,5,27,48,0,0,pass,none,-1
ok,108,118,1,1,7187961028,7210042028,1,5,ACK,0,0,48,281474976710655,0,pass,none,-1
ok,109,119,1,1,7226961028,7249042028,1,5,ACK,0,0,48,281474976710655,0,pass,none,-1
ok,110,120,1,1,7265961028,7288042028,1,5,ACK,0,0,48,281474976710655,0,pass,none,-1
ok,111,121,1,1,7304961028,7327042028,1,5,ACK,0,0,48,281474976710655,0,pass,none,-1
ok,112,122,1,1,7343961028,7366042028,1,5,ACK,0,0,48,281474976710655,0,pass,none,-1
ok,113,123,1,1,8138000028,8160501028,5,1,DATA,5,28,49,0,0,pass,none,-1
ok,114,124,1,1,8188961028,8211042028,1,5,ACK,0,0,49,562949953421311,0,pass,none,-1
ok,115,125,1,1,8227961028,8250042028,1,5,ACK,0,0,49,562949953421311,0,pass,none,-1
ok,116,126,1,1,8266961028,8289042028,1,5,ACK,0,0,49,562949953421311,0,pass,none,-1
ok,117,127,1,1,8305961028,8328042028,1,5,ACK,0,0,49,562949953421311,0,pass,none,-1
ok,118,128,1,1,8344961028,8367042028,1,5,ACK,0,0,49,562949953421311,0,pass,none,-1
ok,119,129,1,1,9139000028,9161501028,5,1,DATA,5,29,50,0,0,pass,none,-1
ok,120,130,1,1,9189961028,9212042028,1,5,ACK,0,0,50,1125899906842623,0,pass,none,-1
ok,121,131,1,1,9228961028,9251042028,1,5,ACK,0,0,50,1125899906842623,0,pass,none,-1
ok,122,132,1,1,9267961028,9290042028,1,5,ACK,0,0,50,1125899906842623,0,pass,none,-1
ok,123,133,1,1,9306961028,9329042028,1,5,ACK,0,0,50,1125899906842623,0,pass,none,-1
ok,124,134,1,1,9345961028,9368042028,1,5,ACK,0,0,50,1125899906842623,0,pass,none,-1
ok,125,135,1,1,10140000028,10162501028,5,1,DATA,5,30,51,0,0,pass,none,-1
ok,126,136,1,1,10190961028,10213042028,1,5,ACK,0,0,51,2251799813685247,0,pass,none,-1
ok,127,137,1,1,10229961028,10252042028,1,5,ACK,0,0,51,2251799813685247,0,pass,none,-1
ok,128,138,1,1,10268961028,10291042028,1,5,ACK,0,0,51,2251799813685247,0,pass,none,-1
ok,129,139,1,1,10307961028,10330042028,1,5,ACK,0,0,51,2251799813685247,0,pass,none,-1
ok,130,140,1,1,10346961028,10369042028,1,5,ACK,0,0,51,2251799813685247,0,pass,none,-1
ok,131,141,1,1,11141000028,11163501028,5,1,DATA,5,31,52,0,0,pass,none,-1
ok,132,142,1,1,11191961028,11214042028,1,5,ACK,0,0,52,4503599627370495,0,pass,none,-1
ok,133,143,1,1,11230961028,11253042028,1,5,ACK,0,0,52,4503599627370495,0,pass,none,-1
ok,134,144,1,1,11269961028,11292042028,1,5,ACK,0,0,52,4503599627370495,0,pass,none,-1
ok,135,145,1,1,11308961028,11331042028,1,5,ACK,0,0,52,4503599627370495,0,pass,none,-1
ok,136,146,1,1,11347961028,11370042028,1,5,ACK,0,0,52,4503599627370495,0,pass,none,-1
ok,137,147,1,1,12142000028,12164501028,5,1,DATA,5,32,53,0,0,pass,none,-1
ok,138,148,1,1,12192961028,12215042028,1,5,ACK,0,0,53,9007199254740991,0,pass,none,-1
ok,139,149,1,1,12231961028,12254042028,1,5,ACK,0,0,53,9007199254740991,0,pass,none,-1
ok,140,150,1,1,12270961028,12293042028,1,5,ACK,0,0,53,9007199254740991,0,pass,none,-1
ok,141,151,1,1,12309961028,12332042028,1,5,ACK,0,0,53,9007199254740991,0,pass,none,-1
ok,142,152,1,1,12348961028,12371042028,1,5,ACK,0,0,53,9007199254740991,0,pass,none,-1
ok,143,153,1,1,13143000028,13165501028,5,1,DATA,5,33,54,0,0,pass,none,-1
ok,144,154,1,1,13193961028,13216042028,1,5,ACK,0,0,54,18014398509481983,0,pass,none,-1
ok,145,155,1,1,13232961028,13255042028,1,5,ACK,0,0,54,18014398509481983,0,pass,none,-1
ok,146,156,1,1,13271961028,13294042028,1,5,ACK,0,0,54,18014398509481983,0,pass,none,-1
ok,147,157,1,1,13310961028,13333042028,1,5,ACK,0,0,54,18014398509481983,0,pass,none,-1
ok,148,158,1,1,13349961028,13372042028,1,5,ACK,0,0,54,18014398509481983,0,pass,none,-1
ok,149,159,1,1,14131000028,14153501028,5,1,DATA,5,34,55,0,0,pass,none,-1
ok,150,160,1,1,14181961028,14204042028,1,5,ACK,0,0,55,36028797018963967,0,pass,none,-1
ok,151,161,1,1,14220961028,14243042028,1,5,ACK,0,0,55,36028797018963967,0,pass,none,-1
ok,152,162,1,1,14259961028,14282042028,1,5,ACK,0,0,55,36028797018963967,0,pass,none,-1
ok,153,163,1,1,14298961028,14321042028,1,5,ACK,0,0,55,36028797018963967,0,pass,none,-1
ok,154,164,1,1,14337961028,14360042028,1,5,ACK,0,0,55,36028797018963967,0,pass,none,-1
ok,155,165,1,1,15132000028,15154501028,5,1,DATA,5,35,56,0,0,pass,none,-1
ok,156,166,1,1,15182961028,15205042028,1,5,ACK,0,0,56,72057594037927935,0,pass,none,-1
ok,157,167,1,1,15221961028,15244042028,1,5,ACK,0,0,56,72057594037927935,0,pass,none,-1
ok,158,168,1,1,15260961028,15283042028,1,5,ACK,0,0,56,72057594037927935,0,pass,none,-1
ok,159,169,1,1,15299961028,15322042028,1,5,ACK,0,0,56,72057594037927935,0,pass,none,-1
ok,160,170,1,1,15338961028,15361042028,1,5,ACK,0,0,56,72057594037927935,0,pass,none,-1
ok,161,171,1,1,16133000028,16155501028,5,1,DATA,5,36,57,0,0,pass,none,-1
ok,162,172,1,1,16183961028,16206042028,1,5,ACK,0,0,57,144115188075855871,0,pass,none,-1
ok,163,173,1,1,16222961028,16245042028,1,5,ACK,0,0,57,144115188075855871,0,pass,none,-1
ok,164,174,1,1,16261961028,16284042028,1,5,ACK,0,0,57,144115188075855871,0,pass,none,-1
ok,165,175,1,1,16300961028,16323042028,1,5,ACK,0,0,57,144115188075855871,0,pass,none,-1
ok,166,176,1,1,16339961028,16362042028,1,5,ACK,0,0,57,144115188075855871,0,pass,none,-1
ok,167,177,1,1,17134000028,17156501028,5,1,DATA,5,37,58,0,0,pass,none,-1
ok,168,178,1,1,17184961028,17207042028,1,5,ACK,0,0,58,288230376151711743,0,pass,none,-1
ok,169,179,1,1,17223961028,17246042028,1,5,ACK,0,0,58,288230376151711743,0,pass,none,-1
ok,170,180,1,1,17262961028,17285042028,1,5,ACK,0,0,58,288230376151711743,0,pass,none,-1
ok,171,181,1,1,17301961028,17324042028,1,5,ACK,0,0,58,288230376151711743,0,pass,none,-1
ok,172,182,1,1,17340961028,17363042028,1,5,ACK,0,0,58,288230376151711743,0,pass,none,-1
ok,173,183,1,1,18135000028,18157501028,5,1,DATA,5,38,59,0,0,pass,none,-1
ok,174,184,1,1,18185961028,18208042028,1,5,ACK,0,0,59,576460752303423487,0,pass,none,-1
ok,175,185,1,1,18224961028,18247042028,1,5,ACK,0,0,59,576460752303423487,0,pass,none,-1
ok,176,186,1,1,18263961028,18286042028,1,5,ACK,0,0,59,576460752303423487,0,pass,none,-1
ok,177,187,1,1,18302961028,18325042028,1,5,ACK,0,0,59,576460752303423487,0,pass,none,-1
ok,178,188,1,1,18341961028,18364042028,1,5,ACK,0,0,59,576460752303423487,0,pass,none,-1
ok,179,189,1,1,19136000028,19158501028,5,1,DATA,5,39,60,0,0,pass,none,-1
ok,180,190,1,1,19186961028,19209042028,1,5,ACK,0,0,60,1152921504606846975,0,pass,none,-1
ok,181,191,1,1,19225961028,19248042028,1,5,ACK,0,0,60,1152921504606846975,0,pass,none,-1
ok,182,192,1,1,19264961028,19287042028,1,5,ACK,0,0,60,1152921504606846975,0,pass,none,-1
ok,183,193,1,1,19303961028,19326042028,1,5,ACK,0,0,60,1152921504606846975,0,pass,none,-1
ok,184,194,1,1,19342961028,19365042028,1,5,ACK,0,0,60,1152921504606846975,0,pass,none,-1
ok,185,195,1,1,20137000028,20159501028,5,1,DATA,5,40,61,0,0,pass,none,-1
ok,186,196,1,1,20187961028,20210042028,1,5,ACK,0,0,61,2305843009213693951,0,pass,none,-1
ok,187,197,1,1,20226961028,20249042028,1,5,ACK,0,0,61,2305843009213693951,0,pass,none,-1
ok,188,198,1,1,20265961028,20288042028,1,5,ACK,0,0,61,2305843009213693951,0,pass,none,-1
ok,189,199,1,1,20304961028,20327042028,1,5,ACK,0,0,61,2305843009213693951,0,pass,none,-1
ok,190,200,1,1,20343961028,20366042028,1,5,ACK,0,0,61,2305843009213693951,0,pass,none,-1
ok,191,201,1,1,21138000028,21160501028,5,1,DATA,5,41,62,0,0,pass,none,-1
ok,192,202,1,1,21188961028,21211042028,1,5,ACK,0,0,62,4611686018427387903,0,pass,none,-1
ok,193,203,1,1,21227961028,21250042028,1,5,ACK,0,0,62,4611686018427387903,0,pass,none,-1
ok,194,204,1,1,21266961028,21289042028,1,5,ACK,0,0,62,4611686018427387903,0,pass,none,-1
ok,195,205,1,1,21305961028,21328042028,1,5,ACK,0,0,62,4611686018427387903,0,pass,none,-1
ok,196,206,1,1,21344961028,21367042028,1,5,ACK,0,0,62,4611686018427387903,0,pass,none,-1
ok,197,207,1,3,21918000028,21946261028,4,5,DATA,4,22,22,0,0,pass,none,-1
ok,197,207,2,3,21918000028,21946261028,4,5,DATA,4,23,23,0,0,pass,none,-1
ok,197,207,3,3,21918000028,21946261028,4,5,DATA,4,24,24,0,0,pass,none,-1
ok,198,208,1,1,22087000028,22120601028,5,4,ACK,0,0,24,16776967,248,pass,none,-1
ok,198,209,2,4,22087000028,22120601028,5,1,DATA,4,22,63,0,0,pass,none,-1
ok,198,209,3,4,22087000028,22120601028,5,1,DATA,4,23,64,0,0,pass,none,-1
ok,198,209,4,4,22087000028,22120601028,5,1,DATA,4,24,65,0,0,pass,none,-1
ok,198,209,5,4,22087000028,22120601028,5,1,DATA,5,42,66,0,0,pass,none,-1
ok,199,210,1,2,22113000028,22138381028,4,5,DATA,4,25,25,0,0,pass,none,-1
ok,199,210,2,2,22113000028,22138381028,4,5,DATA,4,26,26,0,0,pass,none,-1
ok,200,211,1,1,22139000028,22166841028,5,4,ACK,0,0,26,67107871,992,pass,none,-1
ok,200,212,2,2,22139000028,22166841028,5,1,DATA,4,25,67,0,0,pass,none,-1
ok,200,212,3,2,22139000028,22166841028,5,1,DATA,4,26,68,0,0,pass,none,-1
ok,201,213,1,1,22150961028,22173042028,1,5,ACK,0,0,66,18446744073709551615,0,pass,none,-1
ok,202,214,1,6,22178000028,22214901028,4,5,DATA,4,27,27,0,0,pass,none,-1
ok,202,214,2,6,22178000028,22214901028,4,5,DATA,4,28,28,0,0,pass,none,-1
ok,202,214,3,6,22178000028,22214901028,4,5,DATA,4,29,29,0,0,pass,none,-1
ok,202,214,4,6,22178000028,22214901028,4,5,DATA,4,30,30,0,0,pass,none,-1
ok,202,214,5,6,22178000028,22214901028,4,5,DATA,4,31,31,0,0,pass,none,-1
ok,202,214,6,6,22178000028,22214901028,4,5,DATA,4,32,32,0,0,pass,none,-1
ok,203,215,1,1,22189961028,22212042028,1,5,ACK,0,0,68,18446744073709551615,0,pass,none,-1
ok,204,216,1,1,22228961028,22251042028,1,5,ACK,0,0,68,18446744073709551615,0,pass,none,-1
ok,205,217,1,1,22267961028,22290042028,1,5,ACK,0,0,68,18446744073709551615,0,pass,none,-1
ok,206,218,1,1,22295000028,22334361028,5,4,ACK,0,0,32,4294903807,63488,pass,none,-1
ok,206,219,2,6,22295000028,22334361028,5,1,DATA,4,27,69,0,0,pass,none,-1
ok,206,219,3,6,22295000028,22334361028,5,1,DATA,4,28,70,0,0,pass,none,-1
ok,206,219,4,6,22295000028,22334361028,5,1,DATA,4,29,71,0,0,pass,none,-1
ok,206,219,5,6,22295000028,22334361028,5,1,DATA,4,30,72,0,0,pass,none,-1
ok,206,219,6,6,22295000028,22334361028,5,1,DATA,4,31,73,0,0,pass,none,-1
ok,206,219,7,6,22295000028,22334361028,5,1,DATA,4,32,74,0,0,pass,none,-1
ok,207,220,1,1,22306961028,22329042028,1,5,ACK,0,0,68,18446744073709551615,0,pass,none,-1
ok,208,221,1,1,22358961028,22381042028,1,5,ACK,0,0,74,18446744073709551615,0,pass,none,-1
ok,209,222,1,1,22360000028,22382081028,5,4,ACK,0,0,32,4294903807,63488,pass,none,-1
ok,210,223,1,1,22397961028,22420042028,1,5,ACK,0,0,74,18446744073709551615,0,pass,none,-1
ok,211,224,1,8,22399000028,22441661028,4,5,DATA,4,33,33,0,0,pass,none,-1
ok,211,224,2,8,22399000028,22441661028,4,5,DATA,4,34,34,0,0,pass,none,-1
ok,211,224,3,8,22399000028,22441661028,4,5,DATA,4,35,35,0,0,pass,none,-1
ok,211,224,4,8,22399000028,22441661028,4,5,DATA,4,36,36,0,0,pass,none,-1
ok,211,224,5,8,22399000028,22441661028,4,5,DATA,4,37,37,0,0,pass,none,-1
ok,211,224,6,8,22399000028,22441661028,4,5,DATA,4,38,38,0,0,pass,none,-1
ok,211,224,7,8,22399000028,22441661028,4,5,DATA,4,39,39,0,0,pass,none,-1
ok,211,224,8,8,22399000028,22441661028,4,5,DATA,4,40,40,0,0,pass,none,-1
ok,212,225,1,1,22436961028,22459042028,1,5,ACK,0,0,74,18446744073709551615,0,pass,none,-1
ok,213,226,1,1,22475961028,22498042028,1,5,ACK,0,0,74,18446744073709551615,0,pass,none,-1
ok,214,227,1,1,22503000028,22548121028,5,4,ACK,0,0,40,1099495374847,16252928,pass,none,-1
ok,214,228,2,8,22503000028,22548121028,5,1,DATA,4,33,75,0,0,pass,none,-1
ok,214,228,3,8,22503000028,22548121028,5,1,DATA,4,34,76,0,0,pass,none,-1
ok,214,228,4,8,22503000028,22548121028,5,1,DATA,4,35,77,0,0,pass,none,-1
ok,214,228,5,8,22503000028,22548121028,5,1,DATA,4,36,78,0,0,pass,none,-1
ok,214,228,6,8,22503000028,22548121028,5,1,DATA,4,37,79,0,0,pass,none,-1
ok,214,228,7,8,22503000028,22548121028,5,1,DATA,4,38,80,0,0,pass,none,-1
ok,214,228,8,8,22503000028,22548121028,5,1,DATA,4,39,81,0,0,pass,none,-1
ok,214,228,9,8,22503000028,22548121028,5,1,DATA,4,40,82,0,0,pass,none,-1
ok,215,229,1,1,22514961028,22537042028,1,5,ACK,0,0,74,18446744073709551615,0,pass,none,-1
ok,216,230,1,1,22568000028,22590081028,5,4,ACK,0,0,40,1099495374847,16252928,pass,none,-1
ok,217,231,1,1,22579961028,22602042028,1,5,ACK,0,0,82,18446744073709551615,0,pass,none,-1
ok,218,232,1,2,22607000028,22632381028,4,5,DATA,4,41,41,0,0,pass,none,-1
ok,218,232,2,2,22607000028,22632381028,4,5,DATA,4,42,42,0,0,pass,none,-1
ok,219,233,1,1,22618961028,22641042028,1,5,ACK,0,0,82,18446744073709551615,0,pass,none,-1
ok,220,234,1,1,22657961028,22680042028,1,5,ACK,0,0,82,18446744073709551615,0,pass,none,-1
ok,221,235,1,1,22696961028,22719042028,1,5,ACK,0,0,82,18446744073709551615,0,pass,none,-1
ok,222,236,1,1,22711000028,22738841028,5,4,ACK,0,0,42,4397981499391,65011712,pass,none,-1
ok,222,237,2,2,22711000028,22738841028,5,1,DATA,4,41,83,0,0,pass,none,-1
ok,222,237,3,2,22711000028,22738841028,5,1,DATA,4,42,84,0,0,pass,none,-1
ok,223,238,1,1,22735961028,22758042028,1,5,ACK,0,0,82,18446744073709551615,0,pass,none,-1
ok,224,239,1,1,22774961028,22797042028,1,5,ACK,0,0,84,18446744073709551615,0,pass,none,-1
ok,225,240,1,1,22776000028,22798081028,5,4,ACK,0,0,42,4397981499391,65011712,pass,none,-1
ok,226,241,1,1,22813961028,22836042028,1,5,ACK,0,0,84,18446744073709551615,0,pass,none,-1
ok,227,242,1,1,22852961028,22875042028,1,5,ACK,0,0,84,18446744073709551615,0,pass,none,-1
ok,228,243,1,1,22891961028,22914042028,1,5,ACK,0,0,84,18446744073709551615,0,pass,none,-1
ok,229,244,1,1,22919000028,22941081028,5,4,ACK,0,0,42,4397981499391,65011712,pass,none,-1
ok,230,245,1,1,22930961028,22953042028,1,5,ACK,0,0,84,18446744073709551615,0,pass,none,-1
ok,231,246,1,1,22958000028,22980081028,5,4,ACK,0,0,42,4397981499391,65011712,pass,none,-1
ok,232,247,1,1,23062000028,23084501028,4,5,DATA,4,43,43,0,0,pass,none,-1
ok,233,248,1,1,23101000028,23128841028,5,4,ACK,0,0,43,8795962998783,130023424,pass,none,-1
ok,233,249,2,2,23101000028,23128841028,5,1,DATA,5,43,85,0,0,pass,none,-1
ok,233,249,3,2,23101000028,23128841028,5,1,DATA,4,43,86,0,0,pass,none,-1
ok,234,250,1,1,23153000028,23175081028,5,4,ACK,0,0,43,8795962998783,130023424,pass,none,-1
ok,235,251,1,1,23164961028,23187042028,1,5,ACK,0,0,86,18446744073709551615,0,pass,none,-1
ok,236,252,1,1,23203961028,23226042028,1,5,ACK,0,0,86,18446744073709551615,0,pass,none,-1
ok,237,253,1,1,23242961028,23265042028,1,5,ACK,0,0,86,18446744073709551615,0,pass,none,-1
ok,238,254,1,1,23281961028,23304042028,1,5,ACK,0,0,86,18446744073709551615,0,pass,none,-1
ok,239,255,1,1,23296000028,23318081028,5,4,ACK,0,0,43,8795962998783,130023424,pass,none,-1
ok,240,256,1,1,23320961028,23343042028,1,5,ACK,0,0,86,18446744073709551615,0,pass,none,-1
ok,241,257,1,1,23335000028,23357081028,5,4,ACK,0,0,43,8795962998783,130023424,pass,none,-1
ok,242,258,1,1,23478000028,23500081028,5,4,ACK,0,0,43,8795962998783,130023424,pass,none,-1
ok,243,259,1,1,24063000028,24085501028,4,5,DATA,4,44,44,0,0,pass,none,-1
ok,244,260,1,1,24141000028,24168841028,5,4,ACK,0,0,44,17591925997567,260046848,pass,none,-1
ok,244,261,2,2,24141000028,24168841028,5,1,DATA,5,44,87,0,0,pass,none,-1
ok,244,261,3,2,24141000028,24168841028,5,1,DATA,4,44,88,0,0,pass,none,-1
ok,245,262,1,1,24193000028,24215081028,5,4,ACK,0,0,44,17591925997567,260046848,pass,none,-1
ok,246,263,1,1,24204961028,24227042028,1,5,ACK,0,0,88,18446744073709551615,0,pass,none,-1
ok,247,264,1,1,24243961028,24266042028,1,5,ACK,0,0,88,18446744073709551615,0,pass,none,-1
ok,248,265,1,1,24282961028,24305042028,1,5,ACK,0,0,88,18446744073709551615,0,pass,none,-1
ok,249,266,1,1,24321961028,24344042028,1,5,ACK,0,0,88,18446744073709551615,0,pass,none,-1
ok,250,267,1,1,24336000028,24358081028,5,4,ACK,0,0,44,17591925997567,260046848,pass,none,-1
ok,251,268,1,1,24360961028,24383042028,1,5,ACK,0,0,88,18446744073709551615,0,pass,none,-1
ok,252,269,1,1,24375000028,24397081028,5,4,ACK,0,0,44,17591925997567,260046848,pass,none,-1
ok,253,270,1,1,24518000028,24540081028,5,4,ACK,0,0,44,17591925997567,260046848,pass,none,-1
ok,254,271,1,1,25064000028,25086501028,4,5,DATA,4,45,45,0,0,pass,none,-1
ok,255,272,1,1,25142000028,25169841028,5,4,ACK,0,0,45,35183851995135,520093696,pass,none,-1
ok,255,273,2,2,25142000028,25169841028,5,1,DATA,5,45,89,0,0,pass,none,-1
ok,255,273,3,2,25142000028,25169841028,5,1,DATA,4,45,90,0,0,pass,none,-1
ok,256,274,1,1,25194000028,25216081028,5,4,ACK,0,0,45,35183851995135,520093696,pass,none,-1
ok,257,275,1,1,25205961028,25228042028,1,5,ACK,0,0,90,18446744073709551615,0,pass,none,-1
ok,258,276,1,1,25244961028,25267042028,1,5,ACK,0,0,90,18446744073709551615,0,pass,none,-1
ok,259,277,1,1,25283961028,25306042028,1,5,ACK,0,0,90,18446744073709551615,0,pass,none,-1
ok,260,278,1,1,25322961028,25345042028,1,5,ACK,0,0,90,18446744073709551615,0,pass,none,-1
ok,261,279,1,1,25337000028,25359081028,5,4,ACK,0,0,45,35183851995135,520093696,pass,none,-1
ok,262,280,1,1,25361961028,25384042028,1,5,ACK,0,0,90,18446744073709551615,0,pass,none,-1
ok,263,281,1,1,25376000028,25398081028,5,4,ACK,0,0,45,35183851995135,520093696,pass,none,-1
ok,264,282,1,1,25519000028,25541081028,5,4,ACK,0,0,45,35183851995135,520093696,pass,none,-1
ok,265,283,1,1,26065000028,26087501028,4,5,DATA,4,46,46,0,0,pass,none,-1
ok,266,284,1,1,26143000028,26170841028,5,4,ACK,0,0,46,70367703990271,1040187392,pass,none,-1
ok,266,285,2,2,26143000028,26170841028,5,1,DATA,5,46,91,0,0,pass,none,-1
ok,266,285,3,2,26143000028,26170841028,5,1,DATA,4,46,92,0,0,pass,none,-1
ok,267,286,1,1,26195000028,26217081028,5,4,ACK,0,0,46,70367703990271,1040187392,pass,none,-1
ok,268,287,1,1,26206961028,26229042028,1,5,ACK,0,0,92,18446744073709551615,0,pass,none,-1
ok,269,288,1,1,26245961028,26268042028,1,5,ACK,0,0,92,18446744073709551615,0,pass,none,-1
ok,270,289,1,1,26284961028,26307042028,1,5,ACK,0,0,92,18446744073709551615,0,pass,none,-1
ok,271,290,1,1,26323961028,26346042028,1,5,ACK,0,0,92,18446744073709551615,0,pass,none,-1
ok,272,291,1,1,26338000028,26360081028,5,4,ACK,0,0,46,70367703990271,1040187392,pass,none,-1
ok,273,292,1,1,26362961028,26385042028,1,5,ACK,0,0,92,18446744073709551615,0,pass,none,-1
ok,274,293,1,1,26377000028,26399081028,5,4,ACK,0,0,46,70367703990271,1040187392,pass,none,-1
ok,275,294,1,1,26520000028,26542081028,5,4,ACK,0,0,46,70367703990271,1040187392,pass,none,-1
ok,276,295,1,1,27053000028,27075501028,4,5,DATA,4,47,47,0,0,pass,none,-1
ok,277,296,1,1,27131000028,27158841028,5,4,ACK,0,0,47,140735407980543,2080374784,pass,none,-1
ok,277,297,2,2,27131000028,27158841028,5,1,DATA,5,47,93,0,0,pass,none,-1
ok,277,297,3,2,27131000028,27158841028,5,1,DATA,4,47,94,0,0,pass,none,-1
ok,278,298,1,1,27183000028,27205081028,5,4,ACK,0,0,47,140735407980543,2080374784,pass,none,-1
ok,279,299,1,1,27194961028,27217042028,1,5,ACK,0,0,94,18446744073709551615,0,pass,none,-1
ok,280,300,1,1,27233961028,27256042028,1,5,ACK,0,0,94,18446744073709551615,0,pass,none,-1
ok,281,301,1,1,27272961028,27295042028,1,5,ACK,0,0,94,18446744073709551615,0,pass,none,-1
ok,282,302,1,1,27311961028,27334042028,1,5,ACK,0,0,94,18446744073709551615,0,pass,none,-1
ok,283,303,1,1,27326000028,27348081028,5,4,ACK,0,0,47,140735407980543,2080374784,pass,none,-1
ok,284,304,1,1,27350961028,27373042028,1,5,ACK,0,0,94,18446744073709551615,0,pass,none,-1
ok,285,305,1,1,27365000028,27387081028,5,4,ACK,0,0,47,140735407980543,2080374784,pass,none,-1
ok,286,306,1,1,27508000028,27530081028,5,4,ACK,0,0,47,140735407980543,2080374784,pass,none,-1
ok,287,307,1,1,28054000028,28076501028,4,5,DATA,4,48,48,0,0,pass,none,-1
ok,288,308,1,1,28132000028,28159841028,5,4,ACK,0,0,48,281470815961087,4160749568,pass,none,-1
ok,288,309,2,2,28132000028,28159841028,5,1,DATA,5,48,95,0,0,pass,none,-1
ok,288,309,3,2,28132000028,28159841028,5,1,DATA,4,48,96,0,0,pass,none,-1
ok,289,310,1,1,28184000028,28206081028,5,4,ACK,0,0,48,281470815961087,4160749568,pass,none,-1
ok,290,311,1,1,28195961028,28218042028,1,5,ACK,0,0,96,18446744073709551615,0,pass,none,-1
ok,291,312,1,1,28234961028,28257042028,1,5,ACK,0,0,96,18446744073709551615,0,pass,none,-1
ok,292,313,1,1,28273961028,28296042028,1,5,ACK,0,0,96,18446744073709551615,0,pass,none,-1
ok,293,314,1,1,28312961028,28335042028,1,5,ACK,0,0,96,18446744073709551615,0,pass,none,-1
ok,294,315,1,1,28327000028,28349081028,5,4,ACK,0,0,48,281470815961087,4160749568,pass,none,-1
ok,295,316,1,1,28351961028,28374042028,1,5,ACK,0,0,96,18446744073709551615,0,pass,none,-1
ok,296,317,1,1,28366000028,28388081028,5,4,ACK,0,0,48,281470815961087,4160749568,pass,none,-1
ok,297,318,1,1,28509000028,28531081028,5,4,ACK,0,0,48,281470815961087,4160749568,pass,none,-1
data,1,1,1,1,351000028,373501028,4,5,DATA,4,1,1,0,0,drop,first_data,-1
data,2,2,1,1,429000028,451501028,5,1,DATA,5,1,1,0,0,drop,first_data,-1
data,3,3,1,1,2405000028,2427501028,4,5,DATA,4,1,1,0,0,pass,none,-1
data,4,4,1,1,2561000028,2585961028,5,4,ACK,0,0,1,1,0,pass,none,-1
data,4,5,2,1,2561000028,2585961028,5,1,DATA,5,1,1,0,0,pass,none,-1
data,5,6,1,1,2600000028,2622081028,5,4,ACK,0,0,1,1,0,pass,none,-1
data,6,7,1,1,2639000028,2661501028,4,5,DATA,4,2,2,0,0,pass,none,-1
data,7,8,1,1,2743000028,2765081028,5,4,ACK,0,0,2,3,0,pass,none,-1
data,8,9,1,1,2795000028,2817081028,5,4,ACK,0,0,2,3,0,pass,none,-1
data,9,10,1,1,2821000028,2843501028,4,5,DATA,4,3,3,0,0,pass,none,-1
data,10,11,1,1,2910961028,2933042028,1,5,ACK,0,0,1,1,0,pass,none,-1
data,11,12,1,1,2938000028,2962961028,5,4,ACK,0,0,3,7,0,pass,none,-1
data,11,13,2,1,2938000028,2962961028,5,1,DATA,5,2,2,0,0,pass,none,-1
data,12,14,1,1,2949961028,2972042028,1,5,ACK,0,0,1,1,0,pass,none,-1
data,13,15,1,1,2977000028,2999081028,5,4,ACK,0,0,3,7,0,pass,none,-1
data,14,16,1,1,2988961028,3011042028,1,5,ACK,0,0,2,3,0,pass,none,-1
data,15,17,1,1,3016000028,3038501028,4,5,DATA,4,4,4,0,0,pass,none,-1
data,16,18,1,1,3027961028,3050042028,1,5,ACK,0,0,2,3,0,pass,none,-1
data,17,19,1,1,3066961028,3089042028,1,5,ACK,0,0,2,3,0,pass,none,-1
data,18,20,1,1,3105961028,3128042028,1,5,ACK,0,0,2,3,0,pass,none,-1
data,19,21,1,1,3120000028,3144961028,5,4,ACK,0,0,4,15,0,pass,none,-1
data,19,22,2,1,3120000028,3144961028,5,1,DATA,5,3,3,0,0,pass,none,-1
data,20,23,1,1,3144961028,3167042028,1,5,ACK,0,0,3,7,0,pass,none,-1
data,21,24,1,1,3172000028,3196961028,5,4,ACK,0,0,4,15,0,pass,none,-1
data,21,25,2,1,3172000028,3196961028,5,1,DATA,5,4,4,0,0,pass,none,-1
data,22,26,1,1,3196961028,3219042028,1,5,ACK,0,0,4,15,0,pass,none,-1
data,23,27,1,2,3198000028,3223381028,4,5,DATA,4,5,5,0,0,pass,none,-1
data,23,27,2,2,3198000028,3223381028,4,5,DATA,4,6,6,0,0,pass,none,-1
data,24,28,1,1,3235961028,3258042028,1,5,ACK,0,0,4,15,0,pass,none,-1
data,25,29,1,1,3274961028,3297042028,1,5,ACK,0,0,4,15,0,pass,none,-1
data,26,30,1,1,3313961028,3336042028,1,5,ACK,0,0,4,15,0,pass,none,-1
data,27,31,1,1,3315000028,3342841028,5,4,ACK,0,0,6,63,0,pass,none,-1
data,27,32,2,2,3315000028,3342841028,5,1,DATA,5,5,5,0,0,pass,none,-1
data,27,32,3,2,3315000028,3342841028,5,1,DATA,5,6,6,0,0,pass,none,-1
data,28,33,1,1,3352961028,3375042028,1,5,ACK,0,0,6,63,0,pass,none,-1
data,29,34,1,1,3367000028,3389081028,5,4,ACK,0,0,6,63,0,pass,none,-1
data,30,35,1,1,3391961028,3414042028,1,5,ACK,0,0,6,63,0,pass,none,-1
data,31,36,1,2,3406000028,3431381028,4,5,DATA,4,7,7,0,0,pass,none,-1
data,31,36,2,2,3406000028,3431381028,4,5,DATA,4,8,8,0,0,pass,none,-1
data,32,37,1,1,3430961028,3453042028,1,5,ACK,0,0,6,63,0,pass,none,-1
data,33,38,1,1,3469961028,3492042028,1,5,ACK,0,0,6,63,0,pass,none,-1
data,34,39,1,1,3508961028,3531042028,1,5,ACK,0,0,6,63,0,pass,none,-1
data,35,40,1,1,3510000028,3537841028,5,4,ACK,0,0,8,255,0,pass,none,-1
data,35,41,2,2,3510000028,3537841028,5,1,DATA,5,7,7,0,0,pass,none,-1
data,35,41,3,2,3510000028,3537841028,5,1,DATA,5,8,8,0,0,pass,none,-1
data,36,42,1,1,3575000028,3597081028,5,4,ACK,0,0,8,255,0,pass,none,-1
data,37,43,1,1,3586961028,3609042028,1,5,ACK,0,0,8,255,0,pass,none,-1
data,38,44,1,3,3601000028,3629261028,4,5,DATA,4,9,9,0,0,pass,none,-1
data,38,44,2,3,3601000028,3629261028,4,5,DATA,4,10,10,0,0,pass,none,-1
data,38,44,3,3,3601000028,3629261028,4,5,DATA,4,11,11,0,0,pass,none,-1
data,39,45,1,1,3625961028,3648042028,1,5,ACK,0,0,8,255,0,pass,none,-1
data,40,46,1,1,3664961028,3687042028,1,5,ACK,0,0,8,255,0,pass,none,-1
data,41,47,1,1,3703961028,3726042028,1,5,ACK,0,0,8,255,0,pass,none,-1
data,42,48,1,1,3718000028,3748721028,5,4,ACK,0,0,11,2047,0,pass,none,-1
data,42,49,2,3,3718000028,3748721028,5,1,DATA,5,9,9,0,0,pass,none,-1
data,42,49,3,3,3718000028,3748721028,5,1,DATA,5,10,10,0,0,pass,none,-1
data,42,49,4,3,3718000028,3748721028,5,1,DATA,5,11,11,0,0,pass,none,-1
data,43,50,1,1,3742961028,3765042028,1,5,ACK,0,0,8,255,0,pass,none,-1
data,44,51,1,1,3770000028,3792081028,5,4,ACK,0,0,11,2047,0,pass,none,-1
data,45,52,1,1,3781961028,3804042028,1,5,ACK,0,0,11,2047,0,pass,none,-1
data,46,53,1,4,3809000028,3840141028,4,5,DATA,4,12,12,0,0,pass,none,-1
data,46,53,2,4,3809000028,3840141028,4,5,DATA,4,13,13,0,0,pass,none,-1
data,46,53,3,4,3809000028,3840141028,4,5,DATA,4,14,14,0,0,pass,none,-1
data,46,53,4,4,3809000028,3840141028,4,5,DATA,4,15,15,0,0,pass,none,-1
data,47,54,1,1,3820961028,3843042028,1,5,ACK,0,0,11,2047,0,pass,none,-1
data,48,55,1,1,3859961028,3882042028,1,5,ACK,0,0,11,2047,0,pass,none,-1
data,49,56,1,1,3898961028,3921042028,1,5,ACK,0,0,11,2047,0,pass,none,-1
data,50,57,1,1,3913000028,3946601028,5,4,ACK,0,0,15,32767,0,pass,none,-1
data,50,58,2,4,3913000028,3946601028,5,1,DATA,5,12,12,0,0,pass,none,-1
data,50,58,3,4,3913000028,3946601028,5,1,DATA,5,13,13,0,0,pass,none,-1
data,50,58,4,4,3913000028,3946601028,5,1,DATA,5,14,14,0,0,pass,none,-1
data,50,58,5,4,3913000028,3946601028,5,1,DATA,5,15,15,0,0,pass,none,-1
data,51,59,1,1,3937961028,3960042028,1,5,ACK,0,0,11,2047,0,pass,none,-1
data,52,60,1,1,3965000028,3987081028,5,4,ACK,0,0,15,32767,0,pass,none,-1
data,53,61,1,1,3976961028,3999042028,1,5,ACK,0,0,15,32767,0,pass,none,-1
data,54,62,1,5,4004000028,4038021028,4,5,DATA,4,16,16,0,0,pass,none,-1
data,54,62,2,5,4004000028,4038021028,4,5,DATA,4,17,17,0,0,pass,none,-1
data,54,62,3,5,4004000028,4038021028,4,5,DATA,4,18,18,0,0,pass,none,-1
data,54,62,4,5,4004000028,4038021028,4,5,DATA,4,19,19,0,0,pass,none,-1
data,54,62,5,5,4004000028,4038021028,4,5,DATA,4,20,20,0,0,pass,none,-1
data,55,63,1,1,4015961028,4038042028,1,5,ACK,0,0,15,32767,0,pass,none,-1
data,56,64,1,1,4054961028,4077042028,1,5,ACK,0,0,15,32767,0,pass,none,-1
data,57,65,1,1,4093961028,4116042028,1,5,ACK,0,0,15,32767,0,pass,none,-1
data,58,66,1,1,4108000028,4144481028,5,4,ACK,0,0,20,1048560,15,pass,none,-1
data,58,67,2,5,4108000028,4144481028,5,1,DATA,5,16,16,0,0,pass,none,-1
data,58,67,3,5,4108000028,4144481028,5,1,DATA,4,1,17,0,0,pass,none,-1
data,58,67,4,5,4108000028,4144481028,5,1,DATA,4,2,18,0,0,pass,none,-1
data,58,67,5,5,4108000028,4144481028,5,1,DATA,4,3,19,0,0,pass,none,-1
data,58,67,6,5,4108000028,4144481028,5,1,DATA,5,17,20,0,0,pass,none,-1
data,59,68,1,1,4132961028,4155042028,1,5,ACK,0,0,15,32767,0,pass,none,-1
data,60,69,1,1,4160000028,4182081028,5,4,ACK,0,0,20,1048560,15,pass,none,-1
data,61,70,1,1,4171961028,4194042028,1,5,ACK,0,0,20,1048575,0,pass,none,-1
data,62,71,1,1,4199000028,4221501028,4,5,DATA,4,21,21,0,0,pass,none,-1
data,63,72,1,1,4210961028,4233042028,1,5,ACK,0,0,20,1048575,0,pass,none,-1
data,64,73,1,1,4249961028,4272042028,1,5,ACK,0,0,20,1048575,0,pass,none,-1
data,65,74,1,1,4288961028,4311042028,1,5,ACK,0,0,20,1048575,0,pass,none,-1
data,66,75,1,1,4303000028,4345241028,5,4,ACK,0,0,21,2097120,31,pass,none,-1
data,66,76,2,7,4303000028,4345241028,5,1,DATA,5,18,21,0,0,pass,none,-1
data,66,76,3,7,4303000028,4345241028,5,1,DATA,4,4,22,0,0,pass,none,-1
data,66,76,4,7,4303000028,4345241028,5,1,DATA,5,19,23,0,0,pass,none,-1
data,66,76,5,7,4303000028,4345241028,5,1,DATA,5,20,24,0,0,pass,none,-1
data,66,76,6,7,4303000028,4345241028,5,1,DATA,4,5,25,0,0,pass,none,-1
data,66,76,7,7,4303000028,4345241028,5,1,DATA,4,6,26,0,0,pass,none,-1
data,66,76,8,7,4303000028,4345241028,5,1,DATA,5,21,27,0,0,pass,none,-1
data,67,77,1,1,4327961028,4350042028,1,5,ACK,0,0,20,1048575,0,pass,none,-1
data,68,78,1,1,4366961028,4389042028,1,5,ACK,0,0,27,134217727,0,pass,none,-1
data,69,79,1,1,4381000028,4403081028,5,4,ACK,0,0,21,2097120,31,pass,none,-1
data,70,80,1,1,4405961028,4428042028,1,5,ACK,0,0,27,134217727,0,pass,none,-1
data,71,81,1,1,4444961028,4467042028,1,5,ACK,0,0,27,134217727,0,pass,none,-1
data,72,82,1,1,4483961028,4506042028,1,5,ACK,0,0,27,134217727,0,pass,none,-1
data,73,83,1,1,4522961028,4545042028,1,5,ACK,0,0,27,134217727,0,pass,none,-1
data,74,84,1,1,4524000028,4572001028,5,4,ACK,0,0,21,2097120,31,pass,none,-1
data,74,85,2,9,4524000028,4572001028,5,1,DATA,5,22,28,0,0,pass,none,-1
data,74,85,3,9,4524000028,4572001028,5,1,DATA,4,7,29,0,0,pass,none,-1
data,74,85,4,9,4524000028,4572001028,5,1,DATA,4,8,30,0,0,pass,none,-1
data,74,85,5,9,4524000028,4572001028,5,1,DATA,5,23,31,0,0,pass,none,-1
data,74,85,6,9,4524000028,4572001028,5,1,DATA,4,9,32,0,0,pass,none,-1
data,74,85,7,9,4524000028,4572001028,5,1,DATA,4,10,33,0,0,pass,none,-1
data,74,85,8,9,4524000028,4572001028,5,1,DATA,4,11,34,0,0,pass,none,-1
data,74,85,9,9,4524000028,4572001028,5,1,DATA,4,12,35,0,0,pass,none,-1
data,74,85,10,9,4524000028,4572001028,5,1,DATA,4,13,36,0,0,pass,none,-1
data,75,86,1,1,4589000028,4611081028,5,4,ACK,0,0,21,2097120,31,pass,none,-1
data,76,87,1,1,4600961028,4623042028,1,5,ACK,0,0,36,68719476735,0,pass,none,-1
data,77,88,1,1,4639961028,4662042028,1,5,ACK,0,0,36,68719476735,0,pass,none,-1
data,78,89,1,1,4678961028,4701042028,1,5,ACK,0,0,36,68719476735,0,pass,none,-1
data,79,90,1,1,4717961028,4740042028,1,5,ACK,0,0,36,68719476735,0,pass,none,-1
data,80,91,1,1,4732000028,4780001028,5,4,ACK,0,0,21,2097120,31,pass,none,-1
data,80,92,2,9,4732000028,4780001028,5,1,DATA,4,14,37,0,0,pass,none,-1
data,80,92,3,9,4732000028,4780001028,5,1,DATA,4,15,38,0,0,pass,none,-1
data,80,92,4,9,4732000028,4780001028,5,1,DATA,5,24,39,0,0,pass,none,-1
data,80,92,5,9,4732000028,4780001028,5,1,DATA,4,16,40,0,0,pass,none,-1
data,80,92,6,9,4732000028,4780001028,5,1,DATA,4,17,41,0,0,pass,none,-1
data,80,92,7,9,4732000028,4780001028,5,1,DATA,4,18,42,0,0,pass,none,-1
data,80,92,8,9,4732000028,4780001028,5,1,DATA,4,19,43,0,0,pass,none,-1
data,80,92,9,9,4732000028,4780001028,5,1,DATA,4,20,44,0,0,pass,none,-1
data,80,92,10,9,4732000028,4780001028,5,1,DATA,4,21,45,0,0,pass,none,-1
data,81,93,1,1,4756961028,4779042028,1,5,ACK,0,0,36,68719476735,0,pass,none,-1
data,82,94,1,1,4795961028,4818042028,1,5,ACK,0,0,45,35184372088831,0,pass,none,-1
data,83,95,1,1,4834961028,4857042028,1,5,ACK,0,0,45,35184372088831,0,pass,none,-1
data,84,96,1,1,4873961028,4896042028,1,5,ACK,0,0,45,35184372088831,0,pass,none,-1
data,85,97,1,1,4912961028,4935042028,1,5,ACK,0,0,45,35184372088831,0,pass,none,-1
data,86,98,1,1,4951961028,4974042028,1,5,ACK,0,0,45,35184372088831,0,pass,none,-1
data,87,99,1,1,5135000028,5157501028,5,1,DATA,5,25,46,0,0,pass,none,-1
data,88,100,1,1,5185961028,5208042028,1,5,ACK,0,0,46,70368744177663,0,pass,none,-1
data,89,101,1,1,5224961028,5247042028,1,5,ACK,0,0,46,70368744177663,0,pass,none,-1
data,90,102,1,1,5263961028,5286042028,1,5,ACK,0,0,46,70368744177663,0,pass,none,-1
data,91,103,1,1,5302961028,5325042028,1,5,ACK,0,0,46,70368744177663,0,pass,none,-1
data,92,104,1,1,5341961028,5364042028,1,5,ACK,0,0,46,70368744177663,0,pass,none,-1
data,93,105,1,1,6136000028,6158501028,5,1,DATA,5,26,47,0,0,pass,none,-1
data,94,106,1,1,6186961028,6209042028,1,5,ACK,0,0,47,140737488355327,0,pass,none,-1
data,95,107,1,1,6225961028,6248042028,1,5,ACK,0,0,47,140737488355327,0,pass,none,-1
data,96,108,1,1,6264961028,6287042028,1,5,ACK,0,0,47,140737488355327,0,pass,none,-1
data,97,109,1,1,6303961028,6326042028,1,5,ACK,0,0,47,140737488355327,0,pass,none,-1
data,98,110,1,1,6342961028,6365042028,1,5,ACK,0,0,47,140737488355327,0,pass,none,-1
data,99,111,1,1,7137000028,7159501028,5,1,DATA,5,27,48,0,0,pass,none,-1
data,100,112,1,1,7187961028,7210042028,1,5,ACK,0,0,48,281474976710655,0,pass,none,-1
data,101,113,1,1,7226961028,7249042028,1,5,ACK,0,0,48,281474976710655,0,pass,none,-1
data,102,114,1,1,7265961028,7288042028,1,5,ACK,0,0,48,281474976710655,0,pass,none,-1
data,103,115,1,1,7304961028,7327042028,1,5,ACK,0,0,48,281474976710655,0,pass,none,-1
data,104,116,1,1,7343961028,7366042028,1,5,ACK,0,0,48,281474976710655,0,pass,none,-1
data,105,117,1,1,8138000028,8160501028,5,1,DATA,5,28,49,0,0,pass,none,-1
data,106,118,1,1,8188961028,8211042028,1,5,ACK,0,0,49,562949953421311,0,pass,none,-1
data,107,119,1,1,8227961028,8250042028,1,5,ACK,0,0,49,562949953421311,0,pass,none,-1
data,108,120,1,1,8266961028,8289042028,1,5,ACK,0,0,49,562949953421311,0,pass,none,-1
data,109,121,1,1,8305961028,8328042028,1,5,ACK,0,0,49,562949953421311,0,pass,none,-1
data,110,122,1,1,8344961028,8367042028,1,5,ACK,0,0,49,562949953421311,0,pass,none,-1
data,111,123,1,1,9139000028,9161501028,5,1,DATA,5,29,50,0,0,pass,none,-1
data,112,124,1,1,9189961028,9212042028,1,5,ACK,0,0,50,1125899906842623,0,pass,none,-1
data,113,125,1,1,9228961028,9251042028,1,5,ACK,0,0,50,1125899906842623,0,pass,none,-1
data,114,126,1,1,9267961028,9290042028,1,5,ACK,0,0,50,1125899906842623,0,pass,none,-1
data,115,127,1,1,9306961028,9329042028,1,5,ACK,0,0,50,1125899906842623,0,pass,none,-1
data,116,128,1,1,9345961028,9368042028,1,5,ACK,0,0,50,1125899906842623,0,pass,none,-1
data,117,129,1,1,10140000028,10162501028,5,1,DATA,5,30,51,0,0,pass,none,-1
data,118,130,1,1,10190961028,10213042028,1,5,ACK,0,0,51,2251799813685247,0,pass,none,-1
data,119,131,1,1,10229961028,10252042028,1,5,ACK,0,0,51,2251799813685247,0,pass,none,-1
data,120,132,1,1,10268961028,10291042028,1,5,ACK,0,0,51,2251799813685247,0,pass,none,-1
data,121,133,1,1,10307961028,10330042028,1,5,ACK,0,0,51,2251799813685247,0,pass,none,-1
data,122,134,1,1,10346961028,10369042028,1,5,ACK,0,0,51,2251799813685247,0,pass,none,-1
data,123,135,1,1,11141000028,11163501028,5,1,DATA,5,31,52,0,0,pass,none,-1
data,124,136,1,1,11191961028,11214042028,1,5,ACK,0,0,52,4503599627370495,0,pass,none,-1
data,125,137,1,1,11230961028,11253042028,1,5,ACK,0,0,52,4503599627370495,0,pass,none,-1
data,126,138,1,1,11269961028,11292042028,1,5,ACK,0,0,52,4503599627370495,0,pass,none,-1
data,127,139,1,1,11308961028,11331042028,1,5,ACK,0,0,52,4503599627370495,0,pass,none,-1
data,128,140,1,1,11347961028,11370042028,1,5,ACK,0,0,52,4503599627370495,0,pass,none,-1
data,129,141,1,1,12142000028,12164501028,5,1,DATA,5,32,53,0,0,pass,none,-1
data,130,142,1,1,12192961028,12215042028,1,5,ACK,0,0,53,9007199254740991,0,pass,none,-1
data,131,143,1,1,12231961028,12254042028,1,5,ACK,0,0,53,9007199254740991,0,pass,none,-1
data,132,144,1,1,12270961028,12293042028,1,5,ACK,0,0,53,9007199254740991,0,pass,none,-1
data,133,145,1,1,12309961028,12332042028,1,5,ACK,0,0,53,9007199254740991,0,pass,none,-1
data,134,146,1,1,12348961028,12371042028,1,5,ACK,0,0,53,9007199254740991,0,pass,none,-1
data,135,147,1,1,13143000028,13165501028,5,1,DATA,5,33,54,0,0,pass,none,-1
data,136,148,1,1,13193961028,13216042028,1,5,ACK,0,0,54,18014398509481983,0,pass,none,-1
data,137,149,1,1,13232961028,13255042028,1,5,ACK,0,0,54,18014398509481983,0,pass,none,-1
data,138,150,1,1,13271961028,13294042028,1,5,ACK,0,0,54,18014398509481983,0,pass,none,-1
data,139,151,1,1,13310961028,13333042028,1,5,ACK,0,0,54,18014398509481983,0,pass,none,-1
data,140,152,1,1,13349961028,13372042028,1,5,ACK,0,0,54,18014398509481983,0,pass,none,-1
data,141,153,1,1,14131000028,14153501028,5,1,DATA,5,34,55,0,0,pass,none,-1
data,142,154,1,1,14181961028,14204042028,1,5,ACK,0,0,55,36028797018963967,0,pass,none,-1
data,143,155,1,1,14220961028,14243042028,1,5,ACK,0,0,55,36028797018963967,0,pass,none,-1
data,144,156,1,1,14259961028,14282042028,1,5,ACK,0,0,55,36028797018963967,0,pass,none,-1
data,145,157,1,1,14298961028,14321042028,1,5,ACK,0,0,55,36028797018963967,0,pass,none,-1
data,146,158,1,1,14337961028,14360042028,1,5,ACK,0,0,55,36028797018963967,0,pass,none,-1
data,147,159,1,1,15132000028,15154501028,5,1,DATA,5,35,56,0,0,pass,none,-1
data,148,160,1,1,15182961028,15205042028,1,5,ACK,0,0,56,72057594037927935,0,pass,none,-1
data,149,161,1,1,15221961028,15244042028,1,5,ACK,0,0,56,72057594037927935,0,pass,none,-1
data,150,162,1,1,15260961028,15283042028,1,5,ACK,0,0,56,72057594037927935,0,pass,none,-1
data,151,163,1,1,15299961028,15322042028,1,5,ACK,0,0,56,72057594037927935,0,pass,none,-1
data,152,164,1,1,15338961028,15361042028,1,5,ACK,0,0,56,72057594037927935,0,pass,none,-1
data,153,165,1,1,16133000028,16155501028,5,1,DATA,5,36,57,0,0,pass,none,-1
data,154,166,1,1,16183961028,16206042028,1,5,ACK,0,0,57,144115188075855871,0,pass,none,-1
data,155,167,1,1,16222961028,16245042028,1,5,ACK,0,0,57,144115188075855871,0,pass,none,-1
data,156,168,1,1,16261961028,16284042028,1,5,ACK,0,0,57,144115188075855871,0,pass,none,-1
data,157,169,1,1,16300961028,16323042028,1,5,ACK,0,0,57,144115188075855871,0,pass,none,-1
data,158,170,1,1,16339961028,16362042028,1,5,ACK,0,0,57,144115188075855871,0,pass,none,-1
data,159,171,1,1,17134000028,17156501028,5,1,DATA,5,37,58,0,0,pass,none,-1
data,160,172,1,1,17184961028,17207042028,1,5,ACK,0,0,58,288230376151711743,0,pass,none,-1
data,161,173,1,1,17223961028,17246042028,1,5,ACK,0,0,58,288230376151711743,0,pass,none,-1
data,162,174,1,1,17262961028,17285042028,1,5,ACK,0,0,58,288230376151711743,0,pass,none,-1
data,163,175,1,1,17301961028,17324042028,1,5,ACK,0,0,58,288230376151711743,0,pass,none,-1
data,164,176,1,1,17340961028,17363042028,1,5,ACK,0,0,58,288230376151711743,0,pass,none,-1
data,165,177,1,1,18135000028,18157501028,5,1,DATA,5,38,59,0,0,pass,none,-1
data,166,178,1,1,18185961028,18208042028,1,5,ACK,0,0,59,576460752303423487,0,pass,none,-1
data,167,179,1,1,18224961028,18247042028,1,5,ACK,0,0,59,576460752303423487,0,pass,none,-1
data,168,180,1,1,18263961028,18286042028,1,5,ACK,0,0,59,576460752303423487,0,pass,none,-1
data,169,181,1,1,18302961028,18325042028,1,5,ACK,0,0,59,576460752303423487,0,pass,none,-1
data,170,182,1,1,18341961028,18364042028,1,5,ACK,0,0,59,576460752303423487,0,pass,none,-1
data,171,183,1,1,19136000028,19158501028,5,1,DATA,5,39,60,0,0,pass,none,-1
data,172,184,1,1,19186961028,19209042028,1,5,ACK,0,0,60,1152921504606846975,0,pass,none,-1
data,173,185,1,1,19225961028,19248042028,1,5,ACK,0,0,60,1152921504606846975,0,pass,none,-1
data,174,186,1,1,19264961028,19287042028,1,5,ACK,0,0,60,1152921504606846975,0,pass,none,-1
data,175,187,1,1,19303961028,19326042028,1,5,ACK,0,0,60,1152921504606846975,0,pass,none,-1
data,176,188,1,1,19342961028,19365042028,1,5,ACK,0,0,60,1152921504606846975,0,pass,none,-1
data,177,189,1,1,20137000028,20159501028,5,1,DATA,5,40,61,0,0,pass,none,-1
data,178,190,1,1,20187961028,20210042028,1,5,ACK,0,0,61,2305843009213693951,0,pass,none,-1
data,179,191,1,1,20226961028,20249042028,1,5,ACK,0,0,61,2305843009213693951,0,pass,none,-1
data,180,192,1,1,20265961028,20288042028,1,5,ACK,0,0,61,2305843009213693951,0,pass,none,-1
data,181,193,1,1,20304961028,20327042028,1,5,ACK,0,0,61,2305843009213693951,0,pass,none,-1
data,182,194,1,1,20343961028,20366042028,1,5,ACK,0,0,61,2305843009213693951,0,pass,none,-1
data,183,195,1,1,21138000028,21160501028,5,1,DATA,5,41,62,0,0,pass,none,-1
data,184,196,1,1,21188961028,21211042028,1,5,ACK,0,0,62,4611686018427387903,0,pass,none,-1
data,185,197,1,1,21227961028,21250042028,1,5,ACK,0,0,62,4611686018427387903,0,pass,none,-1
data,186,198,1,1,21266961028,21289042028,1,5,ACK,0,0,62,4611686018427387903,0,pass,none,-1
data,187,199,1,1,21305961028,21328042028,1,5,ACK,0,0,62,4611686018427387903,0,pass,none,-1
data,188,200,1,1,21344961028,21367042028,1,5,ACK,0,0,62,4611686018427387903,0,pass,none,-1
data,189,201,1,1,22139000028,22161501028,5,1,DATA,5,42,63,0,0,pass,none,-1
data,190,202,1,1,22189961028,22212042028,1,5,ACK,0,0,63,9223372036854775807,0,pass,none,-1
data,191,203,1,1,22228961028,22251042028,1,5,ACK,0,0,63,9223372036854775807,0,pass,none,-1
data,192,204,1,1,22267961028,22290042028,1,5,ACK,0,0,63,9223372036854775807,0,pass,none,-1
data,193,205,1,1,22306961028,22329042028,1,5,ACK,0,0,63,9223372036854775807,0,pass,none,-1
data,194,206,1,1,22345961028,22368042028,1,5,ACK,0,0,63,9223372036854775807,0,pass,none,-1
data,195,207,1,1,23140000028,23162501028,5,1,DATA,5,43,64,0,0,pass,none,-1
data,196,208,1,1,23190961028,23213042028,1,5,ACK,0,0,64,18446744073709551615,0,pass,none,-1
data,197,209,1,1,23229961028,23252042028,1,5,ACK,0,0,64,18446744073709551615,0,pass,none,-1
data,198,210,1,1,23268961028,23291042028,1,5,ACK,0,0,64,18446744073709551615,0,pass,none,-1
data,199,211,1,1,23307961028,23330042028,1,5,ACK,0,0,64,18446744073709551615,0,pass,none,-1
data,200,212,1,1,23346961028,23369042028,1,5,ACK,0,0,64,18446744073709551615,0,pass,none,-1
data,201,213,1,1,24141000028,24163501028,5,1,DATA,5,44,65,0,0,pass,none,-1
data,202,214,1,1,24191961028,24214042028,1,5,ACK,0,0,65,18446744073709551615,0,pass,none,-1
data,203,215,1,4,24206000028,24237141028,4,5,DATA,4,22,22,0,0,pass,none,-1
data,203,215,2,4,24206000028,24237141028,4,5,DATA,4,23,23,0,0,pass,none,-1
data,203,215,3,4,24206000028,24237141028,4,5,DATA,4,24,24,0,0,pass,none,-1
data,203,215,4,4,24206000028,24237141028,4,5,DATA,4,25,25,0,0,pass,none,-1
data,204,216,1,1,24230961028,24253042028,1,5,ACK,0,0,65,18446744073709551615,0,pass,none,-1
data,205,217,1,1,24269961028,24292042028,1,5,ACK,0,0,65,18446744073709551615,0,pass,none,-1
data,206,218,1,1,24308961028,24331042028,1,5,ACK,0,0,65,18446744073709551615,0,pass,none,-1
data,207,219,1,1,24347961028,24370042028,1,5,ACK,0,0,65,18446744073709551615,0,pass,none,-1
data,208,220,1,1,24375000028,24408601028,5,4,ACK,0,0,25,33553935,496,pass,none,-1
data,208,221,2,4,24375000028,24408601028,5,1,DATA,4,22,66,0,0,pass,none,-1
data,208,221,3,4,24375000028,24408601028,5,1,DATA,4,23,67,0,0,pass,none,-1
data,208,221,4,4,24375000028,24408601028,5,1,DATA,4,24,68,0,0,pass,none,-1
data,208,221,5,4,24375000028,24408601028,5,1,DATA,4,25,69,0,0,pass,none,-1
data,209,222,1,1,24401000028,24423501028,4,5,DATA,4,26,26,0,0,pass,none,-1
data,210,223,1,1,24427000028,24451961028,5,4,ACK,0,0,26,67107871,992,pass,none,-1
data,210,224,2,1,24427000028,24451961028,5,1,DATA,4,26,70,0,0,pass,none,-1
data,211,225,1,1,24438961028,24461042028,1,5,ACK,0,0,69,18446744073709551615,0,pass,none,-1
data,212,226,1,1,24477961028,24500042028,1,5,ACK,0,0,70,18446744073709551615,0,pass,none,-1
data,213,227,1,1,24516961028,24539042028,1,5,ACK,0,0,70,18446744073709551615,0,pass,none,-1
data,214,228,1,6,24518000028,24554901028,4,5,DATA,4,27,27,0,0,pass,none,-1
data,214,228,2,6,24518000028,24554901028,4,5,DATA,4,28,28,0,0,pass,none,-1
data,214,228,3,6,24518000028,24554901028,4,5,DATA,4,29,29,0,0,pass,none,-1
data,214,228,4,6,24518000028,24554901028,4,5,DATA,4,30,30,0,0,pass,none,-1
data,214,228,5,6,24518000028,24554901028,4,5,DATA,4,31,31,0,0,pass,none,-1
data,214,228,6,6,24518000028,24554901028,4,5,DATA,4,32,32,0,0,pass,none,-1
data,215,229,1,1,24555961028,24578042028,1,5,ACK,0,0,70,18446744073709551615,0,pass,none,-1
data,216,230,1,1,24570000028,24609361028,5,4,ACK,0,0,32,4294903807,63488,pass,none,-1
data,216,231,2,6,24570000028,24609361028,5,1,DATA,4,27,71,0,0,pass,none,-1
data,216,231,3,6,24570000028,24609361028,5,1,DATA,4,28,72,0,0,pass,none,-1
data,216,231,4,6,24570000028,24609361028,5,1,DATA,4,29,73,0,0,pass,none,-1
data,216,231,5,6,24570000028,24609361028,5,1,DATA,4,30,74,0,0,pass,none,-1
data,216,231,6,6,24570000028,24609361028,5,1,DATA,4,31,75,0,0,pass,none,-1
data,216,231,7,6,24570000028,24609361028,5,1,DATA,4,32,76,0,0,pass,none,-1
data,217,232,1,1,24594961028,24617042028,1,5,ACK,0,0,70,18446744073709551615,0,pass,none,-1
data,218,233,1,1,24635000028,24657081028,5,4,ACK,0,0,32,4294903807,63488,pass,none,-1
data,219,234,1,1,24646961028,24669042028,1,5,ACK,0,0,76,18446744073709551615,0,pass,none,-1
data,220,235,1,1,24685961028,24708042028,1,5,ACK,0,0,76,18446744073709551615,0,pass,none,-1
data,221,236,1,1,24724961028,24747042028,1,5,ACK,0,0,76,18446744073709551615,0,pass,none,-1
data,222,237,1,8,24726000028,24768661028,4,5,DATA,4,33,33,0,0,pass,none,-1
data,222,237,2,8,24726000028,24768661028,4,5,DATA,4,34,34,0,0,pass,none,-1
data,222,237,3,8,24726000028,24768661028,4,5,DATA,4,35,35,0,0,pass,none,-1
data,222,237,4,8,24726000028,24768661028,4,5,DATA,4,36,36,0,0,pass,none,-1
data,222,237,5,8,24726000028,24768661028,4,5,DATA,4,37,37,0,0,pass,none,-1
data,222,237,6,8,24726000028,24768661028,4,5,DATA,4,38,38,0,0,pass,none,-1
data,222,237,7,8,24726000028,24768661028,4,5,DATA,4,39,39,0,0,pass,none,-1
data,222,237,8,8,24726000028,24768661028,4,5,DATA,4,40,40,0,0,pass,none,-1
data,223,238,1,1,24763961028,24786042028,1,5,ACK,0,0,76,18446744073709551615,0,pass,none,-1
data,224,239,1,1,24778000028,24823121028,5,4,ACK,0,0,40,1099495374847,16252928,pass,none,-1
data,224,240,2,8,24778000028,24823121028,5,1,DATA,4,33,77,0,0,pass,none,-1
data,224,240,3,8,24778000028,24823121028,5,1,DATA,4,34,78,0,0,pass,none,-1
data,224,240,4,8,24778000028,24823121028,5,1,DATA,4,35,79,0,0,pass,none,-1
data,224,240,5,8,24778000028,24823121028,5,1,DATA,4,36,80,0,0,pass,none,-1
data,224,240,6,8,24778000028,24823121028,5,1,DATA,4,37,81,0,0,pass,none,-1
data,224,240,7,8,24778000028,24823121028,5,1,DATA,4,38,82,0,0,pass,none,-1
data,224,240,8,8,24778000028,24823121028,5,1,DATA,4,39,83,0,0,pass,none,-1
data,224,240,9,8,24778000028,24823121028,5,1,DATA,4,40,84,0,0,pass,none,-1
data,225,241,1,1,24802961028,24825042028,1,5,ACK,0,0,76,18446744073709551615,0,pass,none,-1
data,226,242,1,1,24841961028,24864042028,1,5,ACK,0,0,84,18446744073709551615,0,pass,none,-1
data,227,243,1,1,24843000028,24865081028,5,4,ACK,0,0,40,1099495374847,16252928,pass,none,-1
data,228,244,1,1,24880961028,24903042028,1,5,ACK,0,0,84,18446744073709551615,0,pass,none,-1
data,229,245,1,1,24919961028,24942042028,1,5,ACK,0,0,84,18446744073709551615,0,pass,none,-1
data,230,246,1,4,24934000028,24965141028,4,5,DATA,4,41,41,0,0,pass,none,-1
data,230,246,2,4,24934000028,24965141028,4,5,DATA,4,42,42,0,0,pass,none,-1
data,230,246,3,4,24934000028,24965141028,4,5,DATA,4,43,43,0,0,pass,none,-1
data,230,246,4,4,24934000028,24965141028,4,5,DATA,4,44,44,0,0,pass,none,-1
data,231,247,1,1,24958961028,24981042028,1,5,ACK,0,0,84,18446744073709551615,0,pass,none,-1
data,232,248,1,1,24986000028,25019601028,5,4,ACK,0,0,44,17591925997567,260046848,pass,none,-1
data,232,249,2,4,24986000028,25019601028,5,1,DATA,4,41,85,0,0,pass,none,-1
data,232,249,3,4,24986000028,25019601028,5,1,DATA,4,42,86,0,0,pass,none,-1
data,232,249,4,4,24986000028,25019601028,5,1,DATA,4,43,87,0,0,pass,none,-1
data,232,249,5,4,24986000028,25019601028,5,1,DATA,4,44,88,0,0,pass,none,-1
data,233,250,1,1,24997961028,25020042028,1,5,ACK,0,0,84,18446744073709551615,0,pass,none,-1
data,234,251,1,1,25025000028,25047501028,4,5,DATA,4,45,45,0,0,pass,none,-1
data,235,252,1,1,25036961028,25059042028,1,5,ACK,0,0,88,18446744073709551615,0,pass,none,-1
data,236,253,1,1,25038000028,25062961028,5,4,ACK,0,0,44,17591925997567,260046848,pass,none,-1
data,236,254,2,1,25038000028,25062961028,5,1,DATA,5,45,89,0,0,pass,none,-1
data,237,255,1,1,25075961028,25098042028,1,5,ACK,0,0,89,18446744073709551615,0,pass,none,-1
data,238,256,1,1,25114961028,25137042028,1,5,ACK,0,0,89,18446744073709551615,0,pass,none,-1
data,239,257,1,1,25153961028,25176042028,1,5,ACK,0,0,89,18446744073709551615,0,pass,none,-1
data,240,258,1,1,25181000028,25205961028,5,4,ACK,0,0,45,35183851995135,520093696,pass,none,-1
data,240,259,2,1,25181000028,25205961028,5,1,DATA,4,45,90,0,0,pass,none,-1
data,241,260,1,1,25192961028,25215042028,1,5,ACK,0,0,89,18446744073709551615,0,pass,none,-1
data,242,261,1,1,25220000028,25242081028,5,4,ACK,0,0,45,35183851995135,520093696,pass,none,-1
data,243,262,1,1,25244961028,25267042028,1,5,ACK,0,0,90,18446744073709551615,0,pass,none,-1
data,244,263,1,1,25283961028,25306042028,1,5,ACK,0,0,90,18446744073709551615,0,pass,none,-1
data,245,264,1,1,25322961028,25345042028,1,5,ACK,0,0,90,18446744073709551615,0,pass,none,-1
data,246,265,1,1,25361961028,25384042028,1,5,ACK,0,0,90,18446744073709551615,0,pass,none,-1
data,247,266,1,1,25363000028,25385081028,5,4,ACK,0,0,45,35183851995135,520093696,pass,none,-1
data,248,267,1,1,25400961028,25423042028,1,5,ACK,0,0,90,18446744073709551615,0,pass,none,-1
data,249,268,1,1,25402000028,25424081028,5,4,ACK,0,0,45,35183851995135,520093696,pass,none,-1
data,250,269,1,1,25545000028,25567081028,5,4,ACK,0,0,45,35183851995135,520093696,pass,none,-1
data,251,270,1,1,26065000028,26087501028,4,5,DATA,4,46,46,0,0,pass,none,-1
data,252,271,1,1,26143000028,26170841028,5,4,ACK,0,0,46,70367703990271,1040187392,pass,none,-1
data,252,272,2,2,26143000028,26170841028,5,1,DATA,5,46,91,0,0,pass,none,-1
data,252,272,3,2,26143000028,26170841028,5,1,DATA,4,46,92,0,0,pass,none,-1
data,253,273,1,1,26195000028,26217081028,5,4,ACK,0,0,46,70367703990271,1040187392,pass,none,-1
data,254,274,1,1,26206961028,26229042028,1,5,ACK,0,0,92,18446744073709551615,0,pass,none,-1
data,255,275,1,1,26245961028,26268042028,1,5,ACK,0,0,92,18446744073709551615,0,pass,none,-1
data,256,276,1,1,26284961028,26307042028,1,5,ACK,0,0,92,18446744073709551615,0,pass,none,-1
data,257,277,1,1,26323961028,26346042028,1,5,ACK,0,0,92,18446744073709551615,0,pass,none,-1
data,258,278,1,1,26338000028,26360081028,5,4,ACK,0,0,46,70367703990271,1040187392,pass,none,-1
data,259,279,1,1,26362961028,26385042028,1,5,ACK,0,0,92,18446744073709551615,0,pass,none,-1
data,260,280,1,1,26377000028,26399081028,5,4,ACK,0,0,46,70367703990271,1040187392,pass,none,-1
data,261,281,1,1,26520000028,26542081028,5,4,ACK,0,0,46,70367703990271,1040187392,pass,none,-1
data,262,282,1,1,27053000028,27075501028,4,5,DATA,4,47,47,0,0,pass,none,-1
data,263,283,1,1,27131000028,27158841028,5,4,ACK,0,0,47,140735407980543,2080374784,pass,none,-1
data,263,284,2,2,27131000028,27158841028,5,1,DATA,5,47,93,0,0,pass,none,-1
data,263,284,3,2,27131000028,27158841028,5,1,DATA,4,47,94,0,0,pass,none,-1
data,264,285,1,1,27183000028,27205081028,5,4,ACK,0,0,47,140735407980543,2080374784,pass,none,-1
data,265,286,1,1,27194961028,27217042028,1,5,ACK,0,0,94,18446744073709551615,0,pass,none,-1
data,266,287,1,1,27233961028,27256042028,1,5,ACK,0,0,94,18446744073709551615,0,pass,none,-1
data,267,288,1,1,27272961028,27295042028,1,5,ACK,0,0,94,18446744073709551615,0,pass,none,-1
data,268,289,1,1,27311961028,27334042028,1,5,ACK,0,0,94,18446744073709551615,0,pass,none,-1
data,269,290,1,1,27326000028,27348081028,5,4,ACK,0,0,47,140735407980543,2080374784,pass,none,-1
data,270,291,1,1,27350961028,27373042028,1,5,ACK,0,0,94,18446744073709551615,0,pass,none,-1
data,271,292,1,1,27365000028,27387081028,5,4,ACK,0,0,47,140735407980543,2080374784,pass,none,-1
data,272,293,1,1,27508000028,27530081028,5,4,ACK,0,0,47,140735407980543,2080374784,pass,none,-1
data,273,294,1,1,28054000028,28076501028,4,5,DATA,4,48,48,0,0,pass,none,-1
data,274,295,1,1,28132000028,28159841028,5,4,ACK,0,0,48,281470815961087,4160749568,pass,none,-1
data,274,296,2,2,28132000028,28159841028,5,1,DATA,5,48,95,0,0,pass,none,-1
data,274,296,3,2,28132000028,28159841028,5,1,DATA,4,48,96,0,0,pass,none,-1
data,275,297,1,1,28184000028,28206081028,5,4,ACK,0,0,48,281470815961087,4160749568,pass,none,-1
data,276,298,1,1,28195961028,28218042028,1,5,ACK,0,0,96,18446744073709551615,0,pass,none,-1
data,277,299,1,1,28234961028,28257042028,1,5,ACK,0,0,96,18446744073709551615,0,pass,none,-1
data,278,300,1,1,28273961028,28296042028,1,5,ACK,0,0,96,18446744073709551615,0,pass,none,-1
data,279,301,1,1,28312961028,28335042028,1,5,ACK,0,0,96,18446744073709551615,0,pass,none,-1
data,280,302,1,1,28327000028,28349081028,5,4,ACK,0,0,48,281470815961087,4160749568,pass,none,-1
data,281,303,1,1,28351961028,28374042028,1,5,ACK,0,0,96,18446744073709551615,0,pass,none,-1
data,282,304,1,1,28366000028,28388081028,5,4,ACK,0,0,48,281470815961087,4160749568,pass,none,-1
data,283,305,1,1,28509000028,28531081028,5,4,ACK,0,0,48,281470815961087,4160749568,pass,none,-1
ack,1,1,1,1,351000028,373501028,4,5,DATA,4,1,1,0,0,pass,none,-1
ack,2,2,1,1,429000028,453961028,5,4,ACK,0,0,1,1,0,drop,first_feedback,-1
ack,2,3,2,1,429000028,453961028,5,1,DATA,5,1,1,0,0,pass,none,-1
ack,3,4,1,1,468000028,490081028,5,4,ACK,0,0,1,1,0,pass,none,-1
ack,4,5,1,1,546000028,568501028,4,5,DATA,4,2,2,0,0,pass,none,-1
ack,5,6,1,1,611000028,633081028,5,4,ACK,0,0,2,3,0,pass,none,-1
ack,6,7,1,1,650000028,672081028,5,4,ACK,0,0,2,3,0,pass,none,-1
ack,7,8,1,1,663000028,685501028,4,5,DATA,4,3,3,0,0,pass,none,-1
ack,8,9,1,1,778961028,801042028,1,5,ACK,0,0,1,1,0,drop,first_feedback,-1
ack,9,10,1,1,793000028,815081028,5,4,ACK,0,0,3,7,0,pass,none,-1
ack,10,11,1,1,817961028,840042028,1,5,ACK,0,0,1,1,0,pass,none,-1
ack,11,12,1,1,832000028,854081028,5,4,ACK,0,0,3,7,0,pass,none,-1
ack,12,13,1,1,856961028,879042028,1,5,ACK,0,0,1,1,0,pass,none,-1
ack,13,14,1,1,895961028,918042028,1,5,ACK,0,0,1,1,0,pass,none,-1
ack,14,15,1,2,923000028,948381028,4,5,DATA,4,4,4,0,0,pass,none,-1
ack,14,15,2,2,923000028,948381028,4,5,DATA,4,5,5,0,0,pass,none,-1
ack,15,16,1,1,934961028,957042028,1,5,ACK,0,0,1,1,0,pass,none,-1
ack,16,17,1,1,975000028,999961028,5,4,ACK,0,0,5,31,0,pass,none,-1
ack,16,18,2,1,975000028,999961028,5,1,DATA,5,2,2,0,0,pass,none,-1
ack,17,19,1,1,1027000028,1049081028,5,4,ACK,0,0,5,31,0,pass,none,-1
ack,18,20,1,1,1038961028,1061042028,1,5,ACK,0,0,2,3,0,pass,none,-1
ack,19,21,1,1,1077961028,1100042028,1,5,ACK,0,0,2,3,0,pass,none,-1
ack,20,22,1,2,1105000028,1130381028,4,5,DATA,4,6,6,0,0,pass,none,-1
ack,20,22,2,2,1105000028,1130381028,4,5,DATA,4,7,7,0,0,pass,none,-1
ack,21,23,1,1,1116961028,1139042028,1,5,ACK,0,0,2,3,0,pass,none,-1
ack,22,24,1,1,1155961028,1178042028,1,5,ACK,0,0,2,3,0,pass,none,-1
ack,23,25,1,1,1170000028,1194961028,5,4,ACK,0,0,7,127,0,pass,none,-1
ack,23,26,2,1,1170000028,1194961028,5,1,DATA,5,3,3,0,0,pass,none,-1
ack,24,27,1,1,1194961028,1217042028,1,5,ACK,0,0,3,7,0,pass,none,-1
ack,25,28,1,1,1209000028,1231081028,5,4,ACK,0,0,7,127,0,pass,none,-1
ack,26,29,1,1,1233961028,1256042028,1,5,ACK,0,0,3,7,0,pass,none,-1
ack,27,30,1,1,1272961028,1295042028,1,5,ACK,0,0,3,7,0,pass,none,-1
ack,28,31,1,3,1300000028,1328261028,4,5,DATA,4,8,8,0,0,pass,none,-1
ack,28,31,2,3,1300000028,1328261028,4,5,DATA,4,9,9,0,0,pass,none,-1
ack,28,31,3,3,1300000028,1328261028,4,5,DATA,4,10,10,0,0,pass,none,-1
ack,29,32,1,1,1311961028,1334042028,1,5,ACK,0,0,3,7,0,pass,none,-1
ack,30,33,1,1,1350961028,1373042028,1,5,ACK,0,0,3,7,0,pass,none,-1
ack,31,34,1,1,1352000028,1379841028,5,4,ACK,0,0,10,1023,0,pass,none,-1
ack,31,35,2,2,1352000028,1379841028,5,1,DATA,5,4,4,0,0,pass,none,-1
ack,31,35,3,2,1352000028,1379841028,5,1,DATA,5,5,5,0,0,pass,none,-1
ack,32,36,1,1,1404000028,1426081028,5,4,ACK,0,0,10,1023,0,pass,none,-1
ack,33,37,1,1,1415961028,1438042028,1,5,ACK,0,0,5,31,0,pass,none,-1
ack,34,38,1,1,1454961028,1477042028,1,5,ACK,0,0,5,31,0,pass,none,-1
ack,35,39,1,1,1493961028,1516042028,1,5,ACK,0,0,5,31,0,pass,none,-1
ack,36,40,1,4,1495000028,1526141028,4,5,DATA,4,11,11,0,0,pass,none,-1
ack,36,40,2,4,1495000028,1526141028,4,5,DATA,4,12,12,0,0,pass,none,-1
ack,36,40,3,4,1495000028,1526141028,4,5,DATA,4,13,13,0,0,pass,none,-1
ack,36,40,4,4,1495000028,1526141028,4,5,DATA,4,14,14,0,0,pass,none,-1
ack,37,41,1,1,1532961028,1555042028,1,5,ACK,0,0,5,31,0,pass,none,-1
ack,38,42,1,1,1547000028,1574841028,5,4,ACK,0,0,14,16383,0,pass,none,-1
ack,38,43,2,2,1547000028,1574841028,5,1,DATA,5,6,6,0,0,pass,none,-1
ack,38,43,3,2,1547000028,1574841028,5,1,DATA,5,7,7,0,0,pass,none,-1
ack,39,44,1,1,1571961028,1594042028,1,5,ACK,0,0,5,31,0,pass,none,-1
ack,40,45,1,1,1599000028,1621081028,5,4,ACK,0,0,14,16383,0,pass,none,-1
ack,41,46,1,1,1610961028,1633042028,1,5,ACK,0,0,7,127,0,pass,none,-1
ack,42,47,1,1,1649961028,1672042028,1,5,ACK,0,0,7,127,0,pass,none,-1
ack,43,48,1,1,1688961028,1711042028,1,5,ACK,0,0,7,127,0,pass,none,-1
ack,44,49,1,5,1690000028,1724021028,4,5,DATA,4,15,15,0,0,pass,none,-1
ack,44,49,2,5,1690000028,1724021028,4,5,DATA,4,16,16,0,0,pass,none,-1
ack,44,49,3,5,1690000028,1724021028,4,5,DATA,4,17,17,0,0,pass,none,-1
ack,44,49,4,5,1690000028,1724021028,4,5,DATA,4,18,18,0,0,pass,none,-1
ack,44,49,5,5,1690000028,1724021028,4,5,DATA,4,19,19,0,0,pass,none,-1
ack,45,50,1,1,1727961028,1750042028,1,5,ACK,0,0,7,127,0,pass,none,-1
ack,46,51,1,1,1742000028,1772721028,5,4,ACK,0,0,19,524280,7,pass,none,-1
ack,46,52,2,3,1742000028,1772721028,5,1,DATA,5,8,8,0,0,pass,none,-1
ack,46,52,3,3,1742000028,1772721028,5,1,DATA,5,9,9,0,0,pass,none,-1
ack,46,52,4,3,1742000028,1772721028,5,1,DATA,5,10,10,0,0,pass,none,-1
ack,47,53,1,1,1766961028,1789042028,1,5,ACK,0,0,7,127,0,pass,none,-1
ack,48,54,1,1,1794000028,1816081028,5,4,ACK,0,0,19,524280,7,pass,none,-1
ack,49,55,1,1,1805961028,1828042028,1,5,ACK,0,0,10,1023,0,pass,none,-1
ack,50,56,1,1,1844961028,1867042028,1,5,ACK,0,0,10,1023,0,pass,none,-1
ack,51,57,1,1,1883961028,1906042028,1,5,ACK,0,0,10,1023,0,pass,none,-1
ack,52,58,1,2,1885000028,1910381028,4,5,DATA,4,20,20,0,0,pass,none,-1
ack,52,58,2,2,1885000028,1910381028,4,5,DATA,4,21,21,0,0,pass,none,-1
ack,53,59,1,1,1922961028,1945042028,1,5,ACK,0,0,10,1023,0,pass,none,-1
ack,54,60,1,1,1937000028,1970601028,5,4,ACK,0,0,21,2097120,31,pass,none,-1
ack,54,61,2,4,1937000028,1970601028,5,1,DATA,5,11,11,0,0,pass,none,-1
ack,54,61,3,4,1937000028,1970601028,5,1,DATA,5,12,12,0,0,pass,none,-1
ack,54,61,4,4,1937000028,1970601028,5,1,DATA,5,13,13,0,0,pass,none,-1
ack,54,61,5,4,1937000028,1970601028,5,1,DATA,5,14,14,0,0,pass,none,-1
ack,55,62,1,1,1961961028,1984042028,1,5,ACK,0,0,10,1023,0,pass,none,-1
ack,56,63,1,1,2000961028,2023042028,1,5,ACK,0,0,14,16383,0,pass,none,-1
ack,57,64,1,1,2002000028,2024081028,5,4,ACK,0,0,21,2097120,31,pass,none,-1
ack,58,65,1,1,2039961028,2062042028,1,5,ACK,0,0,14,16383,0,pass,none,-1
ack,59,66,1,1,2078961028,2101042028,1,5,ACK,0,0,14,16383,0,pass,none,-1
ack,60,67,1,1,2117961028,2140042028,1,5,ACK,0,0,14,16383,0,pass,none,-1
ack,61,68,1,1,2145000028,2181481028,5,4,ACK,0,0,21,2097120,31,pass,none,-1
ack,61,69,2,5,2145000028,2181481028,5,1,DATA,5,15,15,0,0,pass,none,-1
ack,61,69,3,5,2145000028,2181481028,5,1,DATA,5,16,16,0,0,pass,none,-1
ack,61,69,4,5,2145000028,2181481028,5,1,DATA,4,1,17,0,0,pass,none,-1
ack,61,69,5,5,2145000028,2181481028,5,1,DATA,4,2,18,0,0,pass,none,-1
ack,61,69,6,5,2145000028,2181481028,5,1,DATA,4,3,19,0,0,pass,none,-1
ack,62,70,1,1,2156961028,2179042028,1,5,ACK,0,0,14,16383,0,pass,none,-1
ack,63,71,1,1,2195961028,2218042028,1,5,ACK,0,0,19,524287,0,pass,none,-1
ack,64,72,1,1,2197000028,2219081028,5,4,ACK,0,0,21,2097120,31,pass,none,-1
ack,65,73,1,1,2234961028,2257042028,1,5,ACK,0,0,19,524287,0,pass,none,-1
ack,66,74,1,1,2273961028,2296042028,1,5,ACK,0,0,19,524287,0,pass,none,-1
ack,67,75,1,1,2312961028,2335042028,1,5,ACK,0,0,19,524287,0,pass,none,-1
ack,68,76,1,1,2340000028,2382241028,5,4,ACK,0,0,21,2097120,31,pass,none,-1
ack,68,77,2,7,2340000028,2382241028,5,1,DATA,5,17,20,0,0,pass,none,-1
ack,68,77,3,7,2340000028,2382241028,5,1,DATA,4,4,21,0,0,pass,none,-1
ack,68,77,4,7,2340000028,2382241028,5,1,DATA,4,5,22,0,0,pass,none,-1
ack,68,77,5,7,2340000028,2382241028,5,1,DATA,5,18,23,0,0,pass,none,-1
ack,68,77,6,7,2340000028,2382241028,5,1,DATA,4,6,24,0,0,pass,none,-1
ack,68,77,7,7,2340000028,2382241028,5,1,DATA,4,7,25,0,0,pass,none,-1
ack,68,77,8,7,2340000028,2382241028,5,1,DATA,5,19,26,0,0,pass,none,-1
ack,69,78,1,1,2351961028,2374042028,1,5,ACK,0,0,19,524287,0,pass,none,-1
ack,70,79,1,1,2416961028,2439042028,1,5,ACK,0,0,26,67108863,0,pass,none,-1
ack,71,80,1,1,2455961028,2478042028,1,5,ACK,0,0,26,67108863,0,pass,none,-1
ack,72,81,1,1,2494961028,2517042028,1,5,ACK,0,0,26,67108863,0,pass,none,-1
ack,73,82,1,1,2533961028,2556042028,1,5,ACK,0,0,26,67108863,0,pass,none,-1
ack,74,83,1,1,2572961028,2595042028,1,5,ACK,0,0,26,67108863,0,pass,none,-1
ack,75,84,1,9,2574000028,2619541028,5,1,DATA,4,8,27,0,0,pass,none,-1
ack,75,84,2,9,2574000028,2619541028,5,1,DATA,4,9,28,0,0,pass,none,-1
ack,75,84,3,9,2574000028,2619541028,5,1,DATA,4,10,29,0,0,pass,none,-1
ack,75,84,4,9,2574000028,2619541028,5,1,DATA,5,20,30,0,0,pass,none,-1
ack,75,84,5,9,2574000028,2619541028,5,1,DATA,5,21,31,0,0,pass,none,-1
ack,75,84,6,9,2574000028,2619541028,5,1,DATA,4,11,32,0,0,pass,none,-1
ack,75,84,7,9,2574000028,2619541028,5,1,DATA,4,12,33,0,0,pass,none,-1
ack,75,84,8,9,2574000028,2619541028,5,1,DATA,4,13,34,0,0,pass,none,-1
ack,75,84,9,9,2574000028,2619541028,5,1,DATA,4,14,35,0,0,pass,none,-1
ack,76,85,1,1,2650961028,2673042028,1,5,ACK,0,0,35,34359738367,0,pass,none,-1
ack,77,86,1,1,2689961028,2712042028,1,5,ACK,0,0,35,34359738367,0,pass,none,-1
ack,78,87,1,1,2728961028,2751042028,1,5,ACK,0,0,35,34359738367,0,pass,none,-1
ack,79,88,1,1,2767961028,2790042028,1,5,ACK,0,0,35,34359738367,0,pass,none,-1
ack,80,89,1,1,2806961028,2829042028,1,5,ACK,0,0,35,34359738367,0,pass,none,-1
ack,81,90,1,8,2808000028,2850661028,5,1,DATA,4,15,36,0,0,pass,none,-1
ack,81,90,2,8,2808000028,2850661028,5,1,DATA,4,16,37,0,0,pass,none,-1
ack,81,90,3,8,2808000028,2850661028,5,1,DATA,4,17,38,0,0,pass,none,-1
ack,81,90,4,8,2808000028,2850661028,5,1,DATA,4,18,39,0,0,pass,none,-1
ack,81,90,5,8,2808000028,2850661028,5,1,DATA,4,19,40,0,0,pass,none,-1
ack,81,90,6,8,2808000028,2850661028,5,1,DATA,4,20,41,0,0,pass,none,-1
ack,81,90,7,8,2808000028,2850661028,5,1,DATA,4,21,42,0,0,pass,none,-1
ack,81,90,8,8,2808000028,2850661028,5,1,DATA,5,22,43,0,0,pass,none,-1
ack,82,91,1,1,2884961028,2907042028,1,5,ACK,0,0,43,8796093022207,0,pass,none,-1
ack,83,92,1,1,2923961028,2946042028,1,5,ACK,0,0,43,8796093022207,0,pass,none,-1
ack,84,93,1,1,2962961028,2985042028,1,5,ACK,0,0,43,8796093022207,0,pass,none,-1
ack,85,94,1,1,3001961028,3024042028,1,5,ACK,0,0,43,8796093022207,0,pass,none,-1
ack,86,95,1,1,3040961028,3063042028,1,5,ACK,0,0,43,8796093022207,0,pass,none,-1
ack,87,96,1,1,3133000028,3155501028,5,1,DATA,5,23,44,0,0,pass,none,-1
ack,88,97,1,1,3183961028,3206042028,1,5,ACK,0,0,44,17592186044415,0,pass,none,-1
ack,89,98,1,1,3222961028,3245042028,1,5,ACK,0,0,44,17592186044415,0,pass,none,-1
ack,90,99,1,1,3261961028,3284042028,1,5,ACK,0,0,44,17592186044415,0,pass,none,-1
ack,91,100,1,1,3300961028,3323042028,1,5,ACK,0,0,44,17592186044415,0,pass,none,-1
ack,92,101,1,1,3339961028,3362042028,1,5,ACK,0,0,44,17592186044415,0,pass,none,-1
ack,93,102,1,1,4134000028,4156501028,5,1,DATA,5,24,45,0,0,pass,none,-1
ack,94,103,1,1,4184961028,4207042028,1,5,ACK,0,0,45,35184372088831,0,pass,none,-1
ack,95,104,1,1,4223961028,4246042028,1,5,ACK,0,0,45,35184372088831,0,pass,none,-1
ack,96,105,1,1,4262961028,4285042028,1,5,ACK,0,0,45,35184372088831,0,pass,none,-1
ack,97,106,1,1,4301961028,4324042028,1,5,ACK,0,0,45,35184372088831,0,pass,none,-1
ack,98,107,1,1,4340961028,4363042028,1,5,ACK,0,0,45,35184372088831,0,pass,none,-1
ack,99,108,1,1,5135000028,5157501028,5,1,DATA,5,25,46,0,0,pass,none,-1
ack,100,109,1,1,5185961028,5208042028,1,5,ACK,0,0,46,70368744177663,0,pass,none,-1
ack,101,110,1,1,5224961028,5247042028,1,5,ACK,0,0,46,70368744177663,0,pass,none,-1
ack,102,111,1,1,5263961028,5286042028,1,5,ACK,0,0,46,70368744177663,0,pass,none,-1
ack,103,112,1,1,5302961028,5325042028,1,5,ACK,0,0,46,70368744177663,0,pass,none,-1
ack,104,113,1,1,5341961028,5364042028,1,5,ACK,0,0,46,70368744177663,0,pass,none,-1
ack,105,114,1,1,6136000028,6158501028,5,1,DATA,5,26,47,0,0,pass,none,-1
ack,106,115,1,1,6186961028,6209042028,1,5,ACK,0,0,47,140737488355327,0,pass,none,-1
ack,107,116,1,1,6225961028,6248042028,1,5,ACK,0,0,47,140737488355327,0,pass,none,-1
ack,108,117,1,1,6264961028,6287042028,1,5,ACK,0,0,47,140737488355327,0,pass,none,-1
ack,109,118,1,1,6303961028,6326042028,1,5,ACK,0,0,47,140737488355327,0,pass,none,-1
ack,110,119,1,1,6342961028,6365042028,1,5,ACK,0,0,47,140737488355327,0,pass,none,-1
ack,111,120,1,1,7137000028,7159501028,5,1,DATA,5,27,48,0,0,pass,none,-1
ack,112,121,1,1,7187961028,7210042028,1,5,ACK,0,0,48,281474976710655,0,pass,none,-1
ack,113,122,1,1,7226961028,7249042028,1,5,ACK,0,0,48,281474976710655,0,pass,none,-1
ack,114,123,1,1,7265961028,7288042028,1,5,ACK,0,0,48,281474976710655,0,pass,none,-1
ack,115,124,1,1,7304961028,7327042028,1,5,ACK,0,0,48,281474976710655,0,pass,none,-1
ack,116,125,1,1,7343961028,7366042028,1,5,ACK,0,0,48,281474976710655,0,pass,none,-1
ack,117,126,1,1,8138000028,8160501028,5,1,DATA,5,28,49,0,0,pass,none,-1
ack,118,127,1,1,8188961028,8211042028,1,5,ACK,0,0,49,562949953421311,0,pass,none,-1
ack,119,128,1,1,8227961028,8250042028,1,5,ACK,0,0,49,562949953421311,0,pass,none,-1
ack,120,129,1,1,8266961028,8289042028,1,5,ACK,0,0,49,562949953421311,0,pass,none,-1
ack,121,130,1,1,8305961028,8328042028,1,5,ACK,0,0,49,562949953421311,0,pass,none,-1
ack,122,131,1,1,8344961028,8367042028,1,5,ACK,0,0,49,562949953421311,0,pass,none,-1
ack,123,132,1,1,9139000028,9161501028,5,1,DATA,5,29,50,0,0,pass,none,-1
ack,124,133,1,1,9189961028,9212042028,1,5,ACK,0,0,50,1125899906842623,0,pass,none,-1
ack,125,134,1,1,9228961028,9251042028,1,5,ACK,0,0,50,1125899906842623,0,pass,none,-1
ack,126,135,1,1,9267961028,9290042028,1,5,ACK,0,0,50,1125899906842623,0,pass,none,-1
ack,127,136,1,1,9306961028,9329042028,1,5,ACK,0,0,50,1125899906842623,0,pass,none,-1
ack,128,137,1,1,9345961028,9368042028,1,5,ACK,0,0,50,1125899906842623,0,pass,none,-1
ack,129,138,1,1,10140000028,10162501028,5,1,DATA,5,30,51,0,0,pass,none,-1
ack,130,139,1,1,10190961028,10213042028,1,5,ACK,0,0,51,2251799813685247,0,pass,none,-1
ack,131,140,1,1,10229961028,10252042028,1,5,ACK,0,0,51,2251799813685247,0,pass,none,-1
ack,132,141,1,1,10268961028,10291042028,1,5,ACK,0,0,51,2251799813685247,0,pass,none,-1
ack,133,142,1,1,10307961028,10330042028,1,5,ACK,0,0,51,2251799813685247,0,pass,none,-1
ack,134,143,1,1,10346961028,10369042028,1,5,ACK,0,0,51,2251799813685247,0,pass,none,-1
ack,135,144,1,1,11141000028,11163501028,5,1,DATA,5,31,52,0,0,pass,none,-1
ack,136,145,1,1,11191961028,11214042028,1,5,ACK,0,0,52,4503599627370495,0,pass,none,-1
ack,137,146,1,1,11230961028,11253042028,1,5,ACK,0,0,52,4503599627370495,0,pass,none,-1
ack,138,147,1,1,11269961028,11292042028,1,5,ACK,0,0,52,4503599627370495,0,pass,none,-1
ack,139,148,1,1,11308961028,11331042028,1,5,ACK,0,0,52,4503599627370495,0,pass,none,-1
ack,140,149,1,1,11347961028,11370042028,1,5,ACK,0,0,52,4503599627370495,0,pass,none,-1
ack,141,150,1,1,12142000028,12164501028,5,1,DATA,5,32,53,0,0,pass,none,-1
ack,142,151,1,1,12192961028,12215042028,1,5,ACK,0,0,53,9007199254740991,0,pass,none,-1
ack,143,152,1,1,12231961028,12254042028,1,5,ACK,0,0,53,9007199254740991,0,pass,none,-1
ack,144,153,1,1,12270961028,12293042028,1,5,ACK,0,0,53,9007199254740991,0,pass,none,-1
ack,145,154,1,1,12309961028,12332042028,1,5,ACK,0,0,53,9007199254740991,0,pass,none,-1
ack,146,155,1,1,12348961028,12371042028,1,5,ACK,0,0,53,9007199254740991,0,pass,none,-1
ack,147,156,1,1,13143000028,13165501028,5,1,DATA,5,33,54,0,0,pass,none,-1
ack,148,157,1,1,13193961028,13216042028,1,5,ACK,0,0,54,18014398509481983,0,pass,none,-1
ack,149,158,1,1,13232961028,13255042028,1,5,ACK,0,0,54,18014398509481983,0,pass,none,-1
ack,150,159,1,1,13271961028,13294042028,1,5,ACK,0,0,54,18014398509481983,0,pass,none,-1
ack,151,160,1,1,13310961028,13333042028,1,5,ACK,0,0,54,18014398509481983,0,pass,none,-1
ack,152,161,1,1,13349961028,13372042028,1,5,ACK,0,0,54,18014398509481983,0,pass,none,-1
ack,153,162,1,1,14131000028,14153501028,5,1,DATA,5,34,55,0,0,pass,none,-1
ack,154,163,1,1,14181961028,14204042028,1,5,ACK,0,0,55,36028797018963967,0,pass,none,-1
ack,155,164,1,1,14220961028,14243042028,1,5,ACK,0,0,55,36028797018963967,0,pass,none,-1
ack,156,165,1,1,14259961028,14282042028,1,5,ACK,0,0,55,36028797018963967,0,pass,none,-1
ack,157,166,1,1,14298961028,14321042028,1,5,ACK,0,0,55,36028797018963967,0,pass,none,-1
ack,158,167,1,1,14337961028,14360042028,1,5,ACK,0,0,55,36028797018963967,0,pass,none,-1
ack,159,168,1,1,15132000028,15154501028,5,1,DATA,5,35,56,0,0,pass,none,-1
ack,160,169,1,1,15182961028,15205042028,1,5,ACK,0,0,56,72057594037927935,0,pass,none,-1
ack,161,170,1,1,15221961028,15244042028,1,5,ACK,0,0,56,72057594037927935,0,pass,none,-1
ack,162,171,1,1,15260961028,15283042028,1,5,ACK,0,0,56,72057594037927935,0,pass,none,-1
ack,163,172,1,1,15299961028,15322042028,1,5,ACK,0,0,56,72057594037927935,0,pass,none,-1
ack,164,173,1,1,15338961028,15361042028,1,5,ACK,0,0,56,72057594037927935,0,pass,none,-1
ack,165,174,1,1,16133000028,16155501028,5,1,DATA,5,36,57,0,0,pass,none,-1
ack,166,175,1,1,16183961028,16206042028,1,5,ACK,0,0,57,144115188075855871,0,pass,none,-1
ack,167,176,1,1,16222961028,16245042028,1,5,ACK,0,0,57,144115188075855871,0,pass,none,-1
ack,168,177,1,1,16261961028,16284042028,1,5,ACK,0,0,57,144115188075855871,0,pass,none,-1
ack,169,178,1,1,16300961028,16323042028,1,5,ACK,0,0,57,144115188075855871,0,pass,none,-1
ack,170,179,1,1,16339961028,16362042028,1,5,ACK,0,0,57,144115188075855871,0,pass,none,-1
ack,171,180,1,1,17134000028,17156501028,5,1,DATA,5,37,58,0,0,pass,none,-1
ack,172,181,1,1,17184961028,17207042028,1,5,ACK,0,0,58,288230376151711743,0,pass,none,-1
ack,173,182,1,1,17223961028,17246042028,1,5,ACK,0,0,58,288230376151711743,0,pass,none,-1
ack,174,183,1,1,17262961028,17285042028,1,5,ACK,0,0,58,288230376151711743,0,pass,none,-1
ack,175,184,1,1,17301961028,17324042028,1,5,ACK,0,0,58,288230376151711743,0,pass,none,-1
ack,176,185,1,1,17340961028,17363042028,1,5,ACK,0,0,58,288230376151711743,0,pass,none,-1
ack,177,186,1,1,18135000028,18157501028,5,1,DATA,5,38,59,0,0,pass,none,-1
ack,178,187,1,1,18185961028,18208042028,1,5,ACK,0,0,59,576460752303423487,0,pass,none,-1
ack,179,188,1,1,18224961028,18247042028,1,5,ACK,0,0,59,576460752303423487,0,pass,none,-1
ack,180,189,1,1,18263961028,18286042028,1,5,ACK,0,0,59,576460752303423487,0,pass,none,-1
ack,181,190,1,1,18302961028,18325042028,1,5,ACK,0,0,59,576460752303423487,0,pass,none,-1
ack,182,191,1,1,18341961028,18364042028,1,5,ACK,0,0,59,576460752303423487,0,pass,none,-1
ack,183,192,1,1,19136000028,19158501028,5,1,DATA,5,39,60,0,0,pass,none,-1
ack,184,193,1,1,19186961028,19209042028,1,5,ACK,0,0,60,1152921504606846975,0,pass,none,-1
ack,185,194,1,1,19225961028,19248042028,1,5,ACK,0,0,60,1152921504606846975,0,pass,none,-1
ack,186,195,1,1,19264961028,19287042028,1,5,ACK,0,0,60,1152921504606846975,0,pass,none,-1
ack,187,196,1,1,19303961028,19326042028,1,5,ACK,0,0,60,1152921504606846975,0,pass,none,-1
ack,188,197,1,1,19342961028,19365042028,1,5,ACK,0,0,60,1152921504606846975,0,pass,none,-1
ack,189,198,1,1,20137000028,20159501028,5,1,DATA,5,40,61,0,0,pass,none,-1
ack,190,199,1,1,20187961028,20210042028,1,5,ACK,0,0,61,2305843009213693951,0,pass,none,-1
ack,191,200,1,1,20226961028,20249042028,1,5,ACK,0,0,61,2305843009213693951,0,pass,none,-1
ack,192,201,1,1,20265961028,20288042028,1,5,ACK,0,0,61,2305843009213693951,0,pass,none,-1
ack,193,202,1,1,20304961028,20327042028,1,5,ACK,0,0,61,2305843009213693951,0,pass,none,-1
ack,194,203,1,1,20343961028,20366042028,1,5,ACK,0,0,61,2305843009213693951,0,pass,none,-1
ack,195,204,1,1,21138000028,21160501028,5,1,DATA,5,41,62,0,0,pass,none,-1
ack,196,205,1,1,21188961028,21211042028,1,5,ACK,0,0,62,4611686018427387903,0,pass,none,-1
ack,197,206,1,1,21227961028,21250042028,1,5,ACK,0,0,62,4611686018427387903,0,pass,none,-1
ack,198,207,1,1,21266961028,21289042028,1,5,ACK,0,0,62,4611686018427387903,0,pass,none,-1
ack,199,208,1,1,21305961028,21328042028,1,5,ACK,0,0,62,4611686018427387903,0,pass,none,-1
ack,200,209,1,1,21344961028,21367042028,1,5,ACK,0,0,62,4611686018427387903,0,pass,none,-1
ack,201,210,1,3,21879000028,21907261028,4,5,DATA,4,22,22,0,0,pass,none,-1
ack,201,210,2,3,21879000028,21907261028,4,5,DATA,4,23,23,0,0,pass,none,-1
ack,201,210,3,3,21879000028,21907261028,4,5,DATA,4,24,24,0,0,pass,none,-1
ack,202,211,1,1,22048000028,22081601028,5,4,ACK,0,0,24,16776967,248,pass,none,-1
ack,202,212,2,4,22048000028,22081601028,5,1,DATA,4,22,63,0,0,pass,none,-1
ack,202,212,3,4,22048000028,22081601028,5,1,DATA,4,23,64,0,0,pass,none,-1
ack,202,212,4,4,22048000028,22081601028,5,1,DATA,4,24,65,0,0,pass,none,-1
ack,202,212,5,4,22048000028,22081601028,5,1,DATA,5,42,66,0,0,pass,none,-1
ack,203,213,1,6,22087000028,22123901028,4,5,DATA,4,25,25,0,0,pass,none,-1
ack,203,213,2,6,22087000028,22123901028,4,5,DATA,4,26,26,0,0,pass,none,-1
ack,203,213,3,6,22087000028,22123901028,4,5,DATA,4,27,27,0,0,pass,none,-1
ack,203,213,4,6,22087000028,22123901028,4,5,DATA,4,28,28,0,0,pass,none,-1
ack,203,213,5,6,22087000028,22123901028,4,5,DATA,4,29,29,0,0,pass,none,-1
ack,203,213,6,6,22087000028,22123901028,4,5,DATA,4,30,30,0,0,pass,none,-1
ack,204,214,1,1,22100000028,22122081028,5,4,ACK,0,0,24,16776967,248,pass,none,-1
ack,205,215,1,1,22111961028,22134042028,1,5,ACK,0,0,66,18446744073709551615,0,pass,none,-1
ack,206,216,1,1,22150961028,22173042028,1,5,ACK,0,0,66,18446744073709551615,0,pass,none,-1
ack,207,217,1,1,22189961028,22212042028,1,5,ACK,0,0,66,18446744073709551615,0,pass,none,-1
ack,208,218,1,1,22228961028,22251042028,1,5,ACK,0,0,66,18446744073709551615,0,pass,none,-1
ack,209,219,1,1,22243000028,22282361028,5,4,ACK,0,0,30,1073725951,15872,pass,none,-1
ack,209,220,2,6,22243000028,22282361028,5,1,DATA,4,25,67,0,0,pass,none,-1
ack,209,220,3,6,22243000028,22282361028,5,1,DATA,4,26,68,0,0,pass,none,-1
ack,209,220,4,6,22243000028,22282361028,5,1,DATA,4,27,69,0,0,pass,none,-1
ack,209,220,5,6,22243000028,22282361028,5,1,DATA,4,28,70,0,0,pass,none,-1
ack,209,220,6,6,22243000028,22282361028,5,1,DATA,4,29,71,0,0,pass,none,-1
ack,209,220,7,6,22243000028,22282361028,5,1,DATA,4,30,72,0,0,pass,none,-1
ack,210,221,1,1,22267961028,22290042028,1,5,ACK,0,0,66,18446744073709551615,0,pass,none,-1
ack,211,222,1,1,22306961028,22329042028,1,5,ACK,0,0,72,18446744073709551615,0,pass,none,-1
ack,212,223,1,1,22308000028,22330081028,5,4,ACK,0,0,30,1073725951,15872,pass,none,-1
ack,213,224,1,1,22345961028,22368042028,1,5,ACK,0,0,72,18446744073709551615,0,pass,none,-1
ack,214,225,1,1,22384961028,22407042028,1,5,ACK,0,0,72,18446744073709551615,0,pass,none,-1
ack,215,226,1,8,22399000028,22441661028,4,5,DATA,4,31,31,0,0,pass,none,-1
ack,215,226,2,8,22399000028,22441661028,4,5,DATA,4,32,32,0,0,pass,none,-1
ack,215,226,3,8,22399000028,22441661028,4,5,DATA,4,33,33,0,0,pass,none,-1
ack,215,226,4,8,22399000028,22441661028,4,5,DATA,4,34,34,0,0,pass,none,-1
ack,215,226,5,8,22399000028,22441661028,4,5,DATA,4,35,35,0,0,pass,none,-1
ack,215,226,6,8,22399000028,22441661028,4,5,DATA,4,36,36,0,0,pass,none,-1
ack,215,226,7,8,22399000028,22441661028,4,5,DATA,4,37,37,0,0,pass,none,-1
ack,215,226,8,8,22399000028,22441661028,4,5,DATA,4,38,38,0,0,pass,none,-1
ack,216,227,1,1,22423961028,22446042028,1,5,ACK,0,0,72,18446744073709551615,0,pass,none,-1
ack,217,228,1,1,22451000028,22496121028,5,4,ACK,0,0,38,274873843711,4063232,pass,none,-1
ack,217,229,2,8,22451000028,22496121028,5,1,DATA,4,31,73,0,0,pass,none,-1
ack,217,229,3,8,22451000028,22496121028,5,1,DATA,4,32,74,0,0,pass,none,-1
ack,217,229,4,8,22451000028,22496121028,5,1,DATA,4,33,75,0,0,pass,none,-1
ack,217,229,5,8,22451000028,22496121028,5,1,DATA,4,34,76,0,0,pass,none,-1
ack,217,229,6,8,22451000028,22496121028,5,1,DATA,4,35,77,0,0,pass,none,-1
ack,217,229,7,8,22451000028,22496121028,5,1,DATA,4,36,78,0,0,pass,none,-1
ack,217,229,8,8,22451000028,22496121028,5,1,DATA,4,37,79,0,0,pass,none,-1
ack,217,229,9,8,22451000028,22496121028,5,1,DATA,4,38,80,0,0,pass,none,-1
ack,218,230,1,1,22462961028,22485042028,1,5,ACK,0,0,72,18446744073709551615,0,pass,none,-1
ack,219,231,1,1,22516000028,22538081028,5,4,ACK,0,0,38,274873843711,4063232,pass,none,-1
ack,220,232,1,1,22527961028,22550042028,1,5,ACK,0,0,80,18446744073709551615,0,pass,none,-1
ack,221,233,1,1,22566961028,22589042028,1,5,ACK,0,0,80,18446744073709551615,0,pass,none,-1
ack,222,234,1,1,22605961028,22628042028,1,5,ACK,0,0,80,18446744073709551615,0,pass,none,-1
ack,223,235,1,4,22607000028,22638141028,4,5,DATA,4,39,39,0,0,pass,none,-1
ack,223,235,2,4,22607000028,22638141028,4,5,DATA,4,40,40,0,0,pass,none,-1
ack,223,235,3,4,22607000028,22638141028,4,5,DATA,4,41,41,0,0,pass,none,-1
ack,223,235,4,4,22607000028,22638141028,4,5,DATA,4,42,42,0,0,pass,none,-1
ack,224,236,1,1,22644961028,22667042028,1,5,ACK,0,0,80,18446744073709551615,0,pass,none,-1
ack,225,237,1,1,22659000028,22692601028,5,4,ACK,0,0,42,4397981499391,65011712,pass,none,-1
ack,225,238,2,4,22659000028,22692601028,5,1,DATA,4,39,81,0,0,pass,none,-1
ack,225,238,3,4,22659000028,22692601028,5,1,DATA,4,40,82,0,0,pass,none,-1
ack,225,238,4,4,22659000028,22692601028,5,1,DATA,4,41,83,0,0,pass,none,-1
ack,225,238,5,4,22659000028,22692601028,5,1,DATA,4,42,84,0,0,pass,none,-1
ack,226,239,1,1,22683961028,22706042028,1,5,ACK,0,0,80,18446744073709551615,0,pass,none,-1
ack,227,240,1,1,22711000028,22733081028,5,4,ACK,0,0,42,4397981499391,65011712,pass,none,-1
ack,228,241,1,1,22722961028,22745042028,1,5,ACK,0,0,84,18446744073709551615,0,pass,none,-1
ack,229,242,1,1,22761961028,22784042028,1,5,ACK,0,0,84,18446744073709551615,0,pass,none,-1
ack,230,243,1,1,22800961028,22823042028,1,5,ACK,0,0,84,18446744073709551615,0,pass,none,-1
ack,231,244,1,1,22839961028,22862042028,1,5,ACK,0,0,84,18446744073709551615,0,pass,none,-1
ack,232,245,1,1,22854000028,22876081028,5,4,ACK,0,0,42,4397981499391,65011712,pass,none,-1
ack,233,246,1,1,22878961028,22901042028,1,5,ACK,0,0,84,18446744073709551615,0,pass,none,-1
ack,234,247,1,1,22893000028,22915081028,5,4,ACK,0,0,42,4397981499391,65011712,pass,none,-1
ack,235,248,1,1,23036000028,23060961028,5,4,ACK,0,0,42,4397981499391,65011712,pass,none,-1
ack,235,249,2,1,23036000028,23060961028,5,1,DATA,5,43,85,0,0,pass,none,-1
ack,236,250,1,1,23086961028,23109042028,1,5,ACK,0,0,85,18446744073709551615,0,pass,none,-1
ack,237,251,1,1,23114000028,23136501028,4,5,DATA,4,43,43,0,0,pass,none,-1
ack,238,252,1,1,23125961028,23148042028,1,5,ACK,0,0,85,18446744073709551615,0,pass,none,-1
ack,239,253,1,1,23164961028,23187042028,1,5,ACK,0,0,85,18446744073709551615,0,pass,none,-1
ack,240,254,1,1,23203961028,23226042028,1,5,ACK,0,0,85,18446744073709551615,0,pass,none,-1
ack,241,255,1,1,23242961028,23265042028,1,5,ACK,0,0,85,18446744073709551615,0,pass,none,-1
ack,242,256,1,1,23270000028,23294961028,5,4,ACK,0,0,43,8795962998783,130023424,pass,none,-1
ack,242,257,2,1,23270000028,23294961028,5,1,DATA,4,43,86,0,0,pass,none,-1
ack,243,258,1,1,23309000028,23331081028,5,4,ACK,0,0,43,8795962998783,130023424,pass,none,-1
ack,244,259,1,1,23320961028,23343042028,1,5,ACK,0,0,86,18446744073709551615,0,pass,none,-1
ack,245,260,1,1,23359961028,23382042028,1,5,ACK,0,0,86,18446744073709551615,0,pass,none,-1
ack,246,261,1,1,23398961028,23421042028,1,5,ACK,0,0,86,18446744073709551615,0,pass,none,-1
ack,247,262,1,1,23437961028,23460042028,1,5,ACK,0,0,86,18446744073709551615,0,pass,none,-1
ack,248,263,1,1,23452000028,23474081028,5,4,ACK,0,0,43,8795962998783,130023424,pass,none,-1
ack,249,264,1,1,23476961028,23499042028,1,5,ACK,0,0,86,18446744073709551615,0,pass,none,-1
ack,250,265,1,1,23491000028,23513081028,5,4,ACK,0,0,43,8795962998783,130023424,pass,none,-1
ack,251,266,1,1,23634000028,23656081028,5,4,ACK,0,0,43,8795962998783,130023424,pass,none,-1
ack,252,267,1,1,24115000028,24137501028,4,5,DATA,4,44,44,0,0,pass,none,-1
ack,253,268,1,1,24141000028,24168841028,5,4,ACK,0,0,44,17591925997567,260046848,pass,none,-1
ack,253,269,2,2,24141000028,24168841028,5,1,DATA,5,44,87,0,0,pass,none,-1
ack,253,269,3,2,24141000028,24168841028,5,1,DATA,4,44,88,0,0,pass,none,-1
ack,254,270,1,1,24193000028,24215081028,5,4,ACK,0,0,44,17591925997567,260046848,pass,none,-1
ack,255,271,1,1,24204961028,24227042028,1,5,ACK,0,0,88,18446744073709551615,0,pass,none,-1
ack,256,272,1,1,24243961028,24266042028,1,5,ACK,0,0,88,18446744073709551615,0,pass,none,-1
ack,257,273,1,1,24282961028,24305042028,1,5,ACK,0,0,88,18446744073709551615,0,pass,none,-1
ack,258,274,1,1,24321961028,24344042028,1,5,ACK,0,0,88,18446744073709551615,0,pass,none,-1
ack,259,275,1,1,24336000028,24358081028,5,4,ACK,0,0,44,17591925997567,260046848,pass,none,-1
ack,260,276,1,1,24360961028,24383042028,1,5,ACK,0,0,88,18446744073709551615,0,pass,none,-1
ack,261,277,1,1,24375000028,24397081028,5,4,ACK,0,0,44,17591925997567,260046848,pass,none,-1
ack,262,278,1,1,24518000028,24540081028,5,4,ACK,0,0,44,17591925997567,260046848,pass,none,-1
ack,263,279,1,1,25116000028,25138501028,4,5,DATA,4,45,45,0,0,pass,none,-1
ack,264,280,1,1,25142000028,25169841028,5,4,ACK,0,0,45,35183851995135,520093696,pass,none,-1
ack,264,281,2,2,25142000028,25169841028,5,1,DATA,5,45,89,0,0,pass,none,-1
ack,264,281,3,2,25142000028,25169841028,5,1,DATA,4,45,90,0,0,pass,none,-1
ack,265,282,1,1,25194000028,25216081028,5,4,ACK,0,0,45,35183851995135,520093696,pass,none,-1
ack,266,283,1,1,25205961028,25228042028,1,5,ACK,0,0,90,18446744073709551615,0,pass,none,-1
ack,267,284,1,1,25244961028,25267042028,1,5,ACK,0,0,90,18446744073709551615,0,pass,none,-1
ack,268,285,1,1,25283961028,25306042028,1,5,ACK,0,0,90,18446744073709551615,0,pass,none,-1
ack,269,286,1,1,25322961028,25345042028,1,5,ACK,0,0,90,18446744073709551615,0,pass,none,-1
ack,270,287,1,1,25337000028,25359081028,5,4,ACK,0,0,45,35183851995135,520093696,pass,none,-1
ack,271,288,1,1,25361961028,25384042028,1,5,ACK,0,0,90,18446744073709551615,0,pass,none,-1
ack,272,289,1,1,25376000028,25398081028,5,4,ACK,0,0,45,35183851995135,520093696,pass,none,-1
ack,273,290,1,1,25519000028,25541081028,5,4,ACK,0,0,45,35183851995135,520093696,pass,none,-1
ack,274,291,1,1,26117000028,26139501028,4,5,DATA,4,46,46,0,0,pass,none,-1
ack,275,292,1,1,26143000028,26170841028,5,4,ACK,0,0,46,70367703990271,1040187392,pass,none,-1
ack,275,293,2,2,26143000028,26170841028,5,1,DATA,5,46,91,0,0,pass,none,-1
ack,275,293,3,2,26143000028,26170841028,5,1,DATA,4,46,92,0,0,pass,none,-1
ack,276,294,1,1,26195000028,26217081028,5,4,ACK,0,0,46,70367703990271,1040187392,pass,none,-1
ack,277,295,1,1,26206961028,26229042028,1,5,ACK,0,0,92,18446744073709551615,0,pass,none,-1
ack,278,296,1,1,26245961028,26268042028,1,5,ACK,0,0,92,18446744073709551615,0,pass,none,-1
ack,279,297,1,1,26284961028,26307042028,1,5,ACK,0,0,92,18446744073709551615,0,pass,none,-1
ack,280,298,1,1,26323961028,26346042028,1,5,ACK,0,0,92,18446744073709551615,0,pass,none,-1
ack,281,299,1,1,26338000028,26360081028,5,4,ACK,0,0,46,70367703990271,1040187392,pass,none,-1
ack,282,300,1,1,26362961028,26385042028,1,5,ACK,0,0,92,18446744073709551615,0,pass,none,-1
ack,283,301,1,1,26377000028,26399081028,5,4,ACK,0,0,46,70367703990271,1040187392,pass,none,-1
ack,284,302,1,1,26520000028,26542081028,5,4,ACK,0,0,46,70367703990271,1040187392,pass,none,-1
ack,285,303,1,1,27105000028,27127501028,4,5,DATA,4,47,47,0,0,pass,none,-1
ack,286,304,1,1,27131000028,27158841028,5,4,ACK,0,0,47,140735407980543,2080374784,pass,none,-1
ack,286,305,2,2,27131000028,27158841028,5,1,DATA,5,47,93,0,0,pass,none,-1
ack,286,305,3,2,27131000028,27158841028,5,1,DATA,4,47,94,0,0,pass,none,-1
ack,287,306,1,1,27183000028,27205081028,5,4,ACK,0,0,47,140735407980543,2080374784,pass,none,-1
ack,288,307,1,1,27194961028,27217042028,1,5,ACK,0,0,94,18446744073709551615,0,pass,none,-1
ack,289,308,1,1,27233961028,27256042028,1,5,ACK,0,0,94,18446744073709551615,0,pass,none,-1
ack,290,309,1,1,27272961028,27295042028,1,5,ACK,0,0,94,18446744073709551615,0,pass,none,-1
ack,291,310,1,1,27311961028,27334042028,1,5,ACK,0,0,94,18446744073709551615,0,pass,none,-1
ack,292,311,1,1,27326000028,27348081028,5,4,ACK,0,0,47,140735407980543,2080374784,pass,none,-1
ack,293,312,1,1,27350961028,27373042028,1,5,ACK,0,0,94,18446744073709551615,0,pass,none,-1
ack,294,313,1,1,27365000028,27387081028,5,4,ACK,0,0,47,140735407980543,2080374784,pass,none,-1
ack,295,314,1,1,27508000028,27530081028,5,4,ACK,0,0,47,140735407980543,2080374784,pass,none,-1
ack,296,315,1,1,28106000028,28128501028,4,5,DATA,4,48,48,0,0,pass,none,-1
ack,297,316,1,1,28132000028,28159841028,5,4,ACK,0,0,48,281470815961087,4160749568,pass,none,-1
ack,297,317,2,2,28132000028,28159841028,5,1,DATA,5,48,95,0,0,pass,none,-1
ack,297,317,3,2,28132000028,28159841028,5,1,DATA,4,48,96,0,0,pass,none,-1
ack,298,318,1,1,28184000028,28206081028,5,4,ACK,0,0,48,281470815961087,4160749568,pass,none,-1
ack,299,319,1,1,28195961028,28218042028,1,5,ACK,0,0,96,18446744073709551615,0,pass,none,-1
ack,300,320,1,1,28234961028,28257042028,1,5,ACK,0,0,96,18446744073709551615,0,pass,none,-1
ack,301,321,1,1,28273961028,28296042028,1,5,ACK,0,0,96,18446744073709551615,0,pass,none,-1
ack,302,322,1,1,28312961028,28335042028,1,5,ACK,0,0,96,18446744073709551615,0,pass,none,-1
ack,303,323,1,1,28327000028,28349081028,5,4,ACK,0,0,48,281470815961087,4160749568,pass,none,-1
ack,304,324,1,1,28351961028,28374042028,1,5,ACK,0,0,96,18446744073709551615,0,pass,none,-1
ack,305,325,1,1,28366000028,28388081028,5,4,ACK,0,0,48,281470815961087,4160749568,pass,none,-1
ack,306,326,1,1,28509000028,28531081028,5,4,ACK,0,0,48,281470815961087,4160749568,pass,none,-1
out,1,1,1,1,351000028,373501028,4,5,DATA,4,1,1,0,0,pass,none,7648999972
out,2,2,1,1,429000028,453961028,5,4,ACK,0,0,1,1,0,pass,none,7570999972
out,2,3,2,1,429000028,453961028,5,1,DATA,5,1,1,0,0,pass,none,7570999972
out,3,4,1,1,468000028,490501028,4,5,DATA,4,2,2,0,0,pass,none,7531999972
out,4,5,1,1,468000028,490081028,5,4,ACK,0,0,1,1,0,pass,none,7531999972
out,5,6,1,1,611000028,633081028,5,4,ACK,0,0,2,3,0,pass,none,7388999972
out,6,7,1,1,650000028,672081028,5,4,ACK,0,0,2,3,0,pass,none,7349999972
out,7,8,1,1,741000028,763501028,4,5,DATA,4,3,3,0,0,pass,none,7258999972
out,8,9,1,1,778961028,801042028,1,5,ACK,0,0,1,1,0,pass,none,7221038972
out,9,10,1,1,793000028,815081028,5,4,ACK,0,0,3,7,0,pass,none,7206999972
out,10,11,1,1,817961028,840042028,1,5,ACK,0,0,1,1,0,pass,none,7182038972
out,11,12,1,1,845000028,869961028,5,4,ACK,0,0,3,7,0,pass,none,7154999972
out,11,13,2,1,845000028,869961028,5,1,DATA,5,2,2,0,0,pass,none,7154999972
out,12,14,1,1,856961028,879042028,1,5,ACK,0,0,1,1,0,pass,none,7143038972
out,13,15,1,1,895961028,918042028,1,5,ACK,0,0,2,3,0,pass,none,7104038972
out,14,16,1,2,923000028,948381028,4,5,DATA,4,4,4,0,0,pass,none,7076999972
out,14,16,2,2,923000028,948381028,4,5,DATA,4,5,5,0,0,pass,none,7076999972
out,15,17,1,1,934961028,957042028,1,5,ACK,0,0,2,3,0,pass,none,7065038972
out,16,18,1,1,973961028,996042028,1,5,ACK,0,0,2,3,0,pass,none,7026038972
out,17,19,1,1,988000028,1012961028,5,4,ACK,0,0,5,31,0,pass,none,7011999972
out,17,20,2,1,988000028,1012961028,5,1,DATA,5,3,3,0,0,pass,none,7011999972
out,18,21,1,1,1012961028,1035042028,1,5,ACK,0,0,3,7,0,pass,none,6987038972
out,19,22,1,1,1027000028,1049081028,5,4,ACK,0,0,5,31,0,pass,none,6972999972
out,20,23,1,1,1051961028,1074042028,1,5,ACK,0,0,3,7,0,pass,none,6948038972
out,21,24,1,1,1090961028,1113042028,1,5,ACK,0,0,3,7,0,pass,none,6909038972
out,22,25,1,2,1118000028,1143381028,4,5,DATA,4,6,6,0,0,pass,none,6881999972
out,22,25,2,2,1118000028,1143381028,4,5,DATA,4,7,7,0,0,pass,none,6881999972
out,23,26,1,1,1129961028,1152042028,1,5,ACK,0,0,3,7,0,pass,none,6870038972
out,24,27,1,1,1168961028,1191042028,1,5,ACK,0,0,3,7,0,pass,none,6831038972
out,25,28,1,1,1170000028,1197841028,5,4,ACK,0,0,7,127,0,pass,none,6829999972
out,25,29,2,2,1170000028,1197841028,5,1,DATA,5,4,4,0,0,pass,none,6829999972
out,25,29,3,2,1170000028,1197841028,5,1,DATA,5,5,5,0,0,pass,none,6829999972
out,26,30,1,1,1235000028,1257081028,5,4,ACK,0,0,7,127,0,pass,none,6764999972
out,27,31,1,1,1246961028,1269042028,1,5,ACK,0,0,5,31,0,pass,none,6753038972
out,28,32,1,1,1285961028,1308042028,1,5,ACK,0,0,5,31,0,pass,none,6714038972
out,29,33,1,3,1313000028,1341261028,4,5,DATA,4,8,8,0,0,pass,none,6686999972
out,29,33,2,3,1313000028,1341261028,4,5,DATA,4,9,9,0,0,pass,none,6686999972
out,29,33,3,3,1313000028,1341261028,4,5,DATA,4,10,10,0,0,pass,none,6686999972
out,30,34,1,1,1324961028,1347042028,1,5,ACK,0,0,5,31,0,pass,none,6675038972
out,31,35,1,1,1363961028,1386042028,1,5,ACK,0,0,5,31,0,pass,none,6636038972
out,32,36,1,1,1378000028,1405841028,5,4,ACK,0,0,10,1023,0,pass,none,6621999972
out,32,37,2,2,1378000028,1405841028,5,1,DATA,5,6,6,0,0,pass,none,6621999972
out,32,37,3,2,1378000028,1405841028,5,1,DATA,5,7,7,0,0,pass,none,6621999972
out,33,38,1,1,1402961028,1425042028,1,5,ACK,0,0,5,31,0,pass,none,6597038972
out,34,39,1,1,1430000028,1452081028,5,4,ACK,0,0,10,1023,0,pass,none,6569999972
out,35,40,1,1,1441961028,1464042028,1,5,ACK,0,0,7,127,0,pass,none,6558038972
out,36,41,1,1,1480961028,1503042028,1,5,ACK,0,0,7,127,0,pass,none,6519038972
out,37,42,1,1,1519961028,1542042028,1,5,ACK,0,0,7,127,0,pass,none,6480038972
out,38,43,1,4,1521000028,1552141028,4,5,DATA,4,11,11,0,0,pass,none,6478999972
out,38,43,2,4,1521000028,1552141028,4,5,DATA,4,12,12,0,0,pass,none,6478999972
out,38,43,3,4,1521000028,1552141028,4,5,DATA,4,13,13,0,0,pass,none,6478999972
out,38,43,4,4,1521000028,1552141028,4,5,DATA,4,14,14,0,0,pass,none,6478999972
out,39,44,1,1,1558961028,1581042028,1,5,ACK,0,0,7,127,0,pass,none,6441038972
out,40,45,1,1,1573000028,1603721028,5,4,ACK,0,0,14,16383,0,pass,none,6426999972
out,40,46,2,3,1573000028,1603721028,5,1,DATA,5,8,8,0,0,pass,none,6426999972
out,40,46,3,3,1573000028,1603721028,5,1,DATA,5,9,9,0,0,pass,none,6426999972
out,40,46,4,3,1573000028,1603721028,5,1,DATA,5,10,10,0,0,pass,none,6426999972
out,41,47,1,1,1597961028,1620042028,1,5,ACK,0,0,7,127,0,pass,none,6402038972
out,42,48,1,1,1625000028,1647081028,5,4,ACK,0,0,14,16383,0,pass,none,6374999972
out,43,49,1,1,1636961028,1659042028,1,5,ACK,0,0,10,1023,0,pass,none,6363038972
out,44,50,1,1,1675961028,1698042028,1,5,ACK,0,0,10,1023,0,pass,none,6324038972
out,45,51,1,1,1714961028,1737042028,1,5,ACK,0,0,10,1023,0,pass,none,6285038972
out,46,52,1,5,1716000028,1750021028,4,5,DATA,4,15,15,0,0,pass,none,6283999972
out,46,52,2,5,1716000028,1750021028,4,5,DATA,4,16,16,0,0,pass,none,6283999972
out,46,52,3,5,1716000028,1750021028,4,5,DATA,4,17,17,0,0,pass,none,6283999972
out,46,52,4,5,1716000028,1750021028,4,5,DATA,4,18,18,0,0,pass,none,6283999972
out,46,52,5,5,1716000028,1750021028,4,5,DATA,4,19,19,0,0,pass,none,6283999972
out,47,53,1,1,1753961028,1776042028,1,5,ACK,0,0,10,1023,0,pass,none,6246038972
out,48,54,1,1,1768000028,1801601028,5,4,ACK,0,0,19,524280,7,pass,none,6231999972
out,48,55,2,4,1768000028,1801601028,5,1,DATA,5,11,11,0,0,pass,none,6231999972
out,48,55,3,4,1768000028,1801601028,5,1,DATA,5,12,12,0,0,pass,none,6231999972
out,48,55,4,4,1768000028,1801601028,5,1,DATA,5,13,13,0,0,pass,none,6231999972
out,48,55,5,4,1768000028,1801601028,5,1,DATA,5,14,14,0,0,pass,none,6231999972
out,49,56,1,1,1792961028,1815042028,1,5,ACK,0,0,10,1023,0,pass,none,6207038972
out,50,57,1,1,1820000028,1842081028,5,4,ACK,0,0,19,524280,7,pass,none,6179999972
out,51,58,1,1,1831961028,1854042028,1,5,ACK,0,0,14,16383,0,pass,none,6168038972
out,52,59,1,1,1870961028,1893042028,1,5,ACK,0,0,14,16383,0,pass,none,6129038972
out,53,60,1,1,1909961028,1932042028,1,5,ACK,0,0,14,16383,0,pass,none,6090038972
out,54,61,1,2,1911000028,1936381028,4,5,DATA,4,20,20,0,0,pass,none,6088999972
out,54,61,2,2,1911000028,1936381028,4,5,DATA,4,21,21,0,0,pass,none,6088999972
out,55,62,1,1,1948961028,1971042028,1,5,ACK,0,0,14,16383,0,pass,none,6051038972
out,56,63,1,1,1963000028,1999481028,5,4,ACK,0,0,21,2097120,31,pass,none,6036999972
out,56,64,2,5,1963000028,1999481028,5,1,DATA,5,15,15,0,0,pass,none,6036999972
out,56,64,3,5,1963000028,1999481028,5,1,DATA,5,16,16,0,0,pass,none,6036999972
out,56,64,4,5,1963000028,1999481028,5,1,DATA,4,1,17,0,0,pass,none,6036999972
out,56,64,5,5,1963000028,1999481028,5,1,DATA,4,2,18,0,0,pass,none,6036999972
out,56,64,6,5,1963000028,1999481028,5,1,DATA,4,3,19,0,0,pass,none,6036999972
out,57,65,1,1,1987961028,2010042028,1,5,ACK,0,0,14,16383,0,pass,none,6012038972
out,58,66,1,1,2026961028,2049042028,1,5,ACK,0,0,19,524287,0,pass,none,5973038972
out,59,67,1,1,2028000028,2050081028,5,4,ACK,0,0,21,2097120,31,pass,none,5971999972
out,60,68,1,1,2065961028,2088042028,1,5,ACK,0,0,19,524287,0,pass,none,5934038972
out,61,69,1,1,2104961028,2127042028,1,5,ACK,0,0,19,524287,0,pass,none,5895038972
out,62,70,1,1,2143961028,2166042028,1,5,ACK,0,0,19,524287,0,pass,none,5856038972
out,63,71,1,1,2171000028,2213241028,5,4,ACK,0,0,21,2097120,31,pass,none,5828999972
out,63,72,2,7,2171000028,2213241028,5,1,DATA,5,17,20,0,0,pass,none,5828999972
out,63,72,3,7,2171000028,2213241028,5,1,DATA,5,18,21,0,0,pass,none,5828999972
out,63,72,4,7,2171000028,2213241028,5,1,DATA,4,4,22,0,0,pass,none,5828999972
out,63,72,5,7,2171000028,2213241028,5,1,DATA,4,5,23,0,0,pass,none,5828999972
out,63,72,6,7,2171000028,2213241028,5,1,DATA,5,19,24,0,0,pass,none,5828999972
out,63,72,7,7,2171000028,2213241028,5,1,DATA,4,6,25,0,0,pass,none,5828999972
out,63,72,8,7,2171000028,2213241028,5,1,DATA,4,7,26,0,0,pass,none,5828999972
out,64,73,1,1,2182961028,2205042028,1,5,ACK,0,0,19,524287,0,pass,none,5817038972
out,65,74,1,1,2236000028,2258081028,5,4,ACK,0,0,21,2097120,31,pass,none,5763999972
out,66,75,1,1,2247961028,2270042028,1,5,ACK,0,0,26,67108863,0,pass,none,5752038972
out,67,76,1,1,2286961028,2309042028,1,5,ACK,0,0,26,67108863,0,pass,none,5713038972
out,68,77,1,1,2325961028,2348042028,1,5,ACK,0,0,26,67108863,0,pass,none,5674038972
out,69,78,1,1,2364961028,2387042028,1,5,ACK,0,0,26,67108863,0,pass,none,5635038972
out,70,79,1,1,2379000028,2427001028,5,4,ACK,0,0,21,2097120,31,pass,none,5620999972
out,70,80,2,9,2379000028,2427001028,5,1,DATA,5,20,27,0,0,pass,none,5620999972
out,70,80,3,9,2379000028,2427001028,5,1,DATA,5,21,28,0,0,pass,none,5620999972
out,70,80,4,9,2379000028,2427001028,5,1,DATA,4,8,29,0,0,pass,none,5620999972
out,70,80,5,9,2379000028,2427001028,5,1,DATA,4,9,30,0,0,pass,none,5620999972
out,70,80,6,9,2379000028,2427001028,5,1,DATA,4,10,31,0,0,pass,none,5620999972
out,70,80,7,9,2379000028,2427001028,5,1,DATA,4,11,32,0,0,pass,none,5620999972
out,70,80,8,9,2379000028,2427001028,5,1,DATA,4,12,33,0,0,pass,none,5620999972
out,70,80,9,9,2379000028,2427001028,5,1,DATA,4,13,34,0,0,pass,none,5620999972
out,70,80,10,9,2379000028,2427001028,5,1,DATA,4,14,35,0,0,pass,none,5620999972
out,71,81,1,1,2403961028,2426042028,1,5,ACK,0,0,26,67108863,0,pass,none,5596038972
out,72,82,1,1,2442961028,2465042028,1,5,ACK,0,0,35,34359738367,0,pass,none,5557038972
out,73,83,1,1,2481961028,2504042028,1,5,ACK,0,0,35,34359738367,0,pass,none,5518038972
out,74,84,1,1,2520961028,2543042028,1,5,ACK,0,0,35,34359738367,0,pass,none,5479038972
out,75,85,1,1,2559961028,2582042028,1,5,ACK,0,0,35,34359738367,0,pass,none,5440038972
out,76,86,1,1,2598961028,2621042028,1,5,ACK,0,0,35,34359738367,0,pass,none,5401038972
out,77,87,1,8,2600000028,2642661028,5,1,DATA,4,15,36,0,0,pass,none,5399999972
out,77,87,2,8,2600000028,2642661028,5,1,DATA,4,16,37,0,0,pass,none,5399999972
out,77,87,3,8,2600000028,2642661028,5,1,DATA,4,17,38,0,0,pass,none,5399999972
out,77,87,4,8,2600000028,2642661028,5,1,DATA,4,18,39,0,0,pass,none,5399999972
out,77,87,5,8,2600000028,2642661028,5,1,DATA,4,19,40,0,0,pass,none,5399999972
out,77,87,6,8,2600000028,2642661028,5,1,DATA,4,20,41,0,0,pass,none,5399999972
out,77,87,7,8,2600000028,2642661028,5,1,DATA,4,21,42,0,0,pass,none,5399999972
out,77,87,8,8,2600000028,2642661028,5,1,DATA,5,22,43,0,0,pass,none,5399999972
out,78,88,1,1,2676961028,2699042028,1,5,ACK,0,0,43,8796093022207,0,pass,none,5323038972
out,79,89,1,1,2715961028,2738042028,1,5,ACK,0,0,43,8796093022207,0,pass,none,5284038972
out,80,90,1,1,2754961028,2777042028,1,5,ACK,0,0,43,8796093022207,0,pass,none,5245038972
out,81,91,1,1,2793961028,2816042028,1,5,ACK,0,0,43,8796093022207,0,pass,none,5206038972
out,82,92,1,1,2832961028,2855042028,1,5,ACK,0,0,43,8796093022207,0,pass,none,5167038972
out,83,93,1,1,3133000028,3155501028,5,1,DATA,5,23,44,0,0,pass,none,4866999972
out,84,94,1,1,3183961028,3206042028,1,5,ACK,0,0,44,17592186044415,0,pass,none,4816038972
out,85,95,1,1,3222961028,3245042028,1,5,ACK,0,0,44,17592186044415,0,pass,none,4777038972
out,86,96,1,1,3261961028,3284042028,1,5,ACK,0,0,44,17592186044415,0,pass,none,4738038972
out,87,97,1,1,3300961028,3323042028,1,5,ACK,0,0,44,17592186044415,0,pass,none,4699038972
out,88,98,1,1,3339961028,3362042028,1,5,ACK,0,0,44,17592186044415,0,pass,none,4660038972
out,89,99,1,1,4134000028,4156501028,5,1,DATA,5,24,45,0,0,pass,none,3865999972
out,90,100,1,1,4184961028,4207042028,1,5,ACK,0,0,45,35184372088831,0,pass,none,3815038972
out,91,101,1,1,4223961028,4246042028,1,5,ACK,0,0,45,35184372088831,0,pass,none,3776038972
out,92,102,1,1,4262961028,4285042028,1,5,ACK,0,0,45,35184372088831,0,pass,none,3737038972
out,93,103,1,1,4301961028,4324042028,1,5,ACK,0,0,45,35184372088831,0,pass,none,3698038972
out,94,104,1,1,4340961028,4363042028,1,5,ACK,0,0,45,35184372088831,0,pass,none,3659038972
out,95,105,1,1,5135000028,5157501028,5,1,DATA,5,25,46,0,0,pass,none,2864999972
out,96,106,1,1,5185961028,5208042028,1,5,ACK,0,0,46,70368744177663,0,pass,none,2814038972
out,97,107,1,1,5224961028,5247042028,1,5,ACK,0,0,46,70368744177663,0,pass,none,2775038972
out,98,108,1,1,5263961028,5286042028,1,5,ACK,0,0,46,70368744177663,0,pass,none,2736038972
out,99,109,1,1,5302961028,5325042028,1,5,ACK,0,0,46,70368744177663,0,pass,none,2697038972
out,100,110,1,1,5341961028,5364042028,1,5,ACK,0,0,46,70368744177663,0,pass,none,2658038972
out,101,111,1,1,6136000028,6158501028,5,1,DATA,5,26,47,0,0,pass,none,1863999972
out,102,112,1,1,6186961028,6209042028,1,5,ACK,0,0,47,140737488355327,0,pass,none,1813038972
out,103,113,1,1,6225961028,6248042028,1,5,ACK,0,0,47,140737488355327,0,pass,none,1774038972
out,104,114,1,1,6264961028,6287042028,1,5,ACK,0,0,47,140737488355327,0,pass,none,1735038972
out,105,115,1,1,6303961028,6326042028,1,5,ACK,0,0,47,140737488355327,0,pass,none,1696038972
out,106,116,1,1,6342961028,6365042028,1,5,ACK,0,0,47,140737488355327,0,pass,none,1657038972
out,107,117,1,1,7137000028,7159501028,5,1,DATA,5,27,48,0,0,pass,none,862999972
out,108,118,1,1,7187961028,7210042028,1,5,ACK,0,0,48,281474976710655,0,pass,none,812038972
out,109,119,1,1,7226961028,7249042028,1,5,ACK,0,0,48,281474976710655,0,pass,none,773038972
out,110,120,1,1,7265961028,7288042028,1,5,ACK,0,0,48,281474976710655,0,pass,none,734038972
out,111,121,1,1,7304961028,7327042028,1,5,ACK,0,0,48,281474976710655,0,pass,none,695038972
out,112,122,1,1,7343961028,7366042028,1,5,ACK,0,0,48,281474976710655,0,pass,none,656038972
out,113,123,1,1,8138000028,8160501028,5,1,DATA,5,28,49,0,0,drop,outage,138000028
out,114,124,1,1,9139000028,9161501028,5,1,DATA,5,29,50,0,0,drop,outage,360999972
out,115,125,1,2,10140000028,10165381028,5,1,DATA,5,30,51,0,0,pass,none,640000028
out,115,125,2,2,10140000028,10165381028,5,1,DATA,5,28,49,0,0,pass,none,640000028
out,116,126,1,1,10203961028,10226042028,1,5,ACK,0,0,51,2251799813685245,0,pass,none,703961028
out,117,127,1,1,10242961028,10265042028,1,5,ACK,0,0,51,2251799813685245,0,pass,none,742961028
out,118,128,1,1,10281961028,10304042028,1,5,ACK,0,0,51,2251799813685245,0,pass,none,781961028
out,119,129,1,1,10320961028,10343042028,1,5,ACK,0,0,51,2251799813685245,0,pass,none,820961028
out,120,130,1,1,10359961028,10382042028,1,5,ACK,0,0,51,2251799813685245,0,pass,none,859961028
out,121,131,1,2,11141000028,11166381028,5,1,DATA,5,31,52,0,0,pass,none,1641000028
out,121,131,2,2,11141000028,11166381028,5,1,DATA,5,29,50,0,0,pass,none,1641000028
out,122,132,1,1,11204961028,11227042028,1,5,ACK,0,0,52,4503599627370495,0,pass,none,1704961028
out,123,133,1,1,11243961028,11266042028,1,5,ACK,0,0,52,4503599627370495,0,pass,none,1743961028
out,124,134,1,1,11282961028,11305042028,1,5,ACK,0,0,52,4503599627370495,0,pass,none,1782961028
out,125,135,1,1,11321961028,11344042028,1,5,ACK,0,0,52,4503599627370495,0,pass,none,1821961028
out,126,136,1,1,11360961028,11383042028,1,5,ACK,0,0,52,4503599627370495,0,pass,none,1860961028
out,127,137,1,1,12142000028,12164501028,5,1,DATA,5,32,53,0,0,pass,none,2642000028
out,128,138,1,1,12192961028,12215042028,1,5,ACK,0,0,53,9007199254740991,0,pass,none,2692961028
out,129,139,1,1,12231961028,12254042028,1,5,ACK,0,0,53,9007199254740991,0,pass,none,2731961028
out,130,140,1,1,12270961028,12293042028,1,5,ACK,0,0,53,9007199254740991,0,pass,none,2770961028
out,131,141,1,1,12309961028,12332042028,1,5,ACK,0,0,53,9007199254740991,0,pass,none,2809961028
out,132,142,1,1,12348961028,12371042028,1,5,ACK,0,0,53,9007199254740991,0,pass,none,2848961028
out,133,143,1,1,13143000028,13165501028,5,1,DATA,5,33,54,0,0,pass,none,3643000028
out,134,144,1,1,13193961028,13216042028,1,5,ACK,0,0,54,18014398509481983,0,pass,none,3693961028
out,135,145,1,1,13232961028,13255042028,1,5,ACK,0,0,54,18014398509481983,0,pass,none,3732961028
out,136,146,1,1,13271961028,13294042028,1,5,ACK,0,0,54,18014398509481983,0,pass,none,3771961028
out,137,147,1,1,13310961028,13333042028,1,5,ACK,0,0,54,18014398509481983,0,pass,none,3810961028
out,138,148,1,1,13349961028,13372042028,1,5,ACK,0,0,54,18014398509481983,0,pass,none,3849961028
out,139,149,1,1,14131000028,14153501028,5,1,DATA,5,34,55,0,0,pass,none,4631000028
out,140,150,1,1,14181961028,14204042028,1,5,ACK,0,0,55,36028797018963967,0,pass,none,4681961028
out,141,151,1,1,14220961028,14243042028,1,5,ACK,0,0,55,36028797018963967,0,pass,none,4720961028
out,142,152,1,1,14259961028,14282042028,1,5,ACK,0,0,55,36028797018963967,0,pass,none,4759961028
out,143,153,1,1,14298961028,14321042028,1,5,ACK,0,0,55,36028797018963967,0,pass,none,4798961028
out,144,154,1,1,14337961028,14360042028,1,5,ACK,0,0,55,36028797018963967,0,pass,none,4837961028
out,145,155,1,1,15132000028,15154501028,5,1,DATA,5,35,56,0,0,pass,none,5632000028
out,146,156,1,1,15182961028,15205042028,1,5,ACK,0,0,56,72057594037927935,0,pass,none,5682961028
out,147,157,1,1,15221961028,15244042028,1,5,ACK,0,0,56,72057594037927935,0,pass,none,5721961028
out,148,158,1,1,15260961028,15283042028,1,5,ACK,0,0,56,72057594037927935,0,pass,none,5760961028
out,149,159,1,1,15299961028,15322042028,1,5,ACK,0,0,56,72057594037927935,0,pass,none,5799961028
out,150,160,1,1,15338961028,15361042028,1,5,ACK,0,0,56,72057594037927935,0,pass,none,5838961028
out,151,161,1,1,16133000028,16155501028,5,1,DATA,5,36,57,0,0,pass,none,6633000028
out,152,162,1,1,16183961028,16206042028,1,5,ACK,0,0,57,144115188075855871,0,pass,none,6683961028
out,153,163,1,1,16222961028,16245042028,1,5,ACK,0,0,57,144115188075855871,0,pass,none,6722961028
out,154,164,1,1,16261961028,16284042028,1,5,ACK,0,0,57,144115188075855871,0,pass,none,6761961028
out,155,165,1,1,16300961028,16323042028,1,5,ACK,0,0,57,144115188075855871,0,pass,none,6800961028
out,156,166,1,1,16339961028,16362042028,1,5,ACK,0,0,57,144115188075855871,0,pass,none,6839961028
out,157,167,1,1,17134000028,17156501028,5,1,DATA,5,37,58,0,0,pass,none,7634000028
out,158,168,1,1,17184961028,17207042028,1,5,ACK,0,0,58,288230376151711743,0,pass,none,7684961028
out,159,169,1,1,17223961028,17246042028,1,5,ACK,0,0,58,288230376151711743,0,pass,none,7723961028
out,160,170,1,1,17262961028,17285042028,1,5,ACK,0,0,58,288230376151711743,0,pass,none,7762961028
out,161,171,1,1,17301961028,17324042028,1,5,ACK,0,0,58,288230376151711743,0,pass,none,7801961028
out,162,172,1,1,17340961028,17363042028,1,5,ACK,0,0,58,288230376151711743,0,pass,none,7840961028
out,163,173,1,1,18135000028,18157501028,5,1,DATA,5,38,59,0,0,pass,none,8635000028
out,164,174,1,1,18185961028,18208042028,1,5,ACK,0,0,59,576460752303423487,0,pass,none,8685961028
out,165,175,1,1,18224961028,18247042028,1,5,ACK,0,0,59,576460752303423487,0,pass,none,8724961028
out,166,176,1,1,18263961028,18286042028,1,5,ACK,0,0,59,576460752303423487,0,pass,none,8763961028
out,167,177,1,1,18302961028,18325042028,1,5,ACK,0,0,59,576460752303423487,0,pass,none,8802961028
out,168,178,1,1,18341961028,18364042028,1,5,ACK,0,0,59,576460752303423487,0,pass,none,8841961028
out,169,179,1,1,19136000028,19158501028,5,1,DATA,5,39,60,0,0,pass,none,9636000028
out,170,180,1,1,19186961028,19209042028,1,5,ACK,0,0,60,1152921504606846975,0,pass,none,9686961028
out,171,181,1,1,19225961028,19248042028,1,5,ACK,0,0,60,1152921504606846975,0,pass,none,9725961028
out,172,182,1,1,19264961028,19287042028,1,5,ACK,0,0,60,1152921504606846975,0,pass,none,9764961028
out,173,183,1,1,19303961028,19326042028,1,5,ACK,0,0,60,1152921504606846975,0,pass,none,9803961028
out,174,184,1,1,19342961028,19365042028,1,5,ACK,0,0,60,1152921504606846975,0,pass,none,9842961028
out,175,185,1,1,20137000028,20159501028,5,1,DATA,5,40,61,0,0,pass,none,10637000028
out,176,186,1,1,20187961028,20210042028,1,5,ACK,0,0,61,2305843009213693951,0,pass,none,10687961028
out,177,187,1,1,20226961028,20249042028,1,5,ACK,0,0,61,2305843009213693951,0,pass,none,10726961028
out,178,188,1,1,20265961028,20288042028,1,5,ACK,0,0,61,2305843009213693951,0,pass,none,10765961028
out,179,189,1,1,20304961028,20327042028,1,5,ACK,0,0,61,2305843009213693951,0,pass,none,10804961028
out,180,190,1,1,20343961028,20366042028,1,5,ACK,0,0,61,2305843009213693951,0,pass,none,10843961028
out,181,191,1,1,21138000028,21160501028,5,1,DATA,5,41,62,0,0,pass,none,11638000028
out,182,192,1,1,21188961028,21211042028,1,5,ACK,0,0,62,4611686018427387903,0,pass,none,11688961028
out,183,193,1,1,21227961028,21250042028,1,5,ACK,0,0,62,4611686018427387903,0,pass,none,11727961028
out,184,194,1,1,21266961028,21289042028,1,5,ACK,0,0,62,4611686018427387903,0,pass,none,11766961028
out,185,195,1,1,21305961028,21328042028,1,5,ACK,0,0,62,4611686018427387903,0,pass,none,11805961028
out,186,196,1,1,21344961028,21367042028,1,5,ACK,0,0,62,4611686018427387903,0,pass,none,11844961028
out,187,197,1,3,21918000028,21946261028,4,5,DATA,4,22,22,0,0,pass,none,12418000028
out,187,197,2,3,21918000028,21946261028,4,5,DATA,4,23,23,0,0,pass,none,12418000028
out,187,197,3,3,21918000028,21946261028,4,5,DATA,4,24,24,0,0,pass,none,12418000028
out,188,198,1,1,22087000028,22120601028,5,4,ACK,0,0,24,16776967,248,pass,none,12587000028
out,188,199,2,4,22087000028,22120601028,5,1,DATA,4,22,63,0,0,pass,none,12587000028
out,188,199,3,4,22087000028,22120601028,5,1,DATA,4,23,64,0,0,pass,none,12587000028
out,188,199,4,4,22087000028,22120601028,5,1,DATA,4,24,65,0,0,pass,none,12587000028
out,188,199,5,4,22087000028,22120601028,5,1,DATA,5,42,66,0,0,pass,none,12587000028
out,189,200,1,2,22113000028,22138381028,4,5,DATA,4,25,25,0,0,pass,none,12613000028
out,189,200,2,2,22113000028,22138381028,4,5,DATA,4,26,26,0,0,pass,none,12613000028
out,190,201,1,1,22139000028,22166841028,5,4,ACK,0,0,26,67107871,992,pass,none,12639000028
out,190,202,2,2,22139000028,22166841028,5,1,DATA,4,25,67,0,0,pass,none,12639000028
out,190,202,3,2,22139000028,22166841028,5,1,DATA,4,26,68,0,0,pass,none,12639000028
out,191,203,1,1,22150961028,22173042028,1,5,ACK,0,0,66,18446744073709551615,0,pass,none,12650961028
out,192,204,1,6,22178000028,22214901028,4,5,DATA,4,27,27,0,0,pass,none,12678000028
out,192,204,2,6,22178000028,22214901028,4,5,DATA,4,28,28,0,0,pass,none,12678000028
out,192,204,3,6,22178000028,22214901028,4,5,DATA,4,29,29,0,0,pass,none,12678000028
out,192,204,4,6,22178000028,22214901028,4,5,DATA,4,30,30,0,0,pass,none,12678000028
out,192,204,5,6,22178000028,22214901028,4,5,DATA,4,31,31,0,0,pass,none,12678000028
out,192,204,6,6,22178000028,22214901028,4,5,DATA,4,32,32,0,0,pass,none,12678000028
out,193,205,1,1,22189961028,22212042028,1,5,ACK,0,0,68,18446744073709551615,0,pass,none,12689961028
out,194,206,1,1,22228961028,22251042028,1,5,ACK,0,0,68,18446744073709551615,0,pass,none,12728961028
out,195,207,1,1,22267961028,22290042028,1,5,ACK,0,0,68,18446744073709551615,0,pass,none,12767961028
out,196,208,1,1,22295000028,22334361028,5,4,ACK,0,0,32,4294903807,63488,pass,none,12795000028
out,196,209,2,6,22295000028,22334361028,5,1,DATA,4,27,69,0,0,pass,none,12795000028
out,196,209,3,6,22295000028,22334361028,5,1,DATA,4,28,70,0,0,pass,none,12795000028
out,196,209,4,6,22295000028,22334361028,5,1,DATA,4,29,71,0,0,pass,none,12795000028
out,196,209,5,6,22295000028,22334361028,5,1,DATA,4,30,72,0,0,pass,none,12795000028
out,196,209,6,6,22295000028,22334361028,5,1,DATA,4,31,73,0,0,pass,none,12795000028
out,196,209,7,6,22295000028,22334361028,5,1,DATA,4,32,74,0,0,pass,none,12795000028
out,197,210,1,1,22306961028,22329042028,1,5,ACK,0,0,68,18446744073709551615,0,pass,none,12806961028
out,198,211,1,1,22358961028,22381042028,1,5,ACK,0,0,74,18446744073709551615,0,pass,none,12858961028
out,199,212,1,1,22360000028,22382081028,5,4,ACK,0,0,32,4294903807,63488,pass,none,12860000028
out,200,213,1,1,22397961028,22420042028,1,5,ACK,0,0,74,18446744073709551615,0,pass,none,12897961028
out,201,214,1,8,22399000028,22441661028,4,5,DATA,4,33,33,0,0,pass,none,12899000028
out,201,214,2,8,22399000028,22441661028,4,5,DATA,4,34,34,0,0,pass,none,12899000028
out,201,214,3,8,22399000028,22441661028,4,5,DATA,4,35,35,0,0,pass,none,12899000028
out,201,214,4,8,22399000028,22441661028,4,5,DATA,4,36,36,0,0,pass,none,12899000028
out,201,214,5,8,22399000028,22441661028,4,5,DATA,4,37,37,0,0,pass,none,12899000028
out,201,214,6,8,22399000028,22441661028,4,5,DATA,4,38,38,0,0,pass,none,12899000028
out,201,214,7,8,22399000028,22441661028,4,5,DATA,4,39,39,0,0,pass,none,12899000028
out,201,214,8,8,22399000028,22441661028,4,5,DATA,4,40,40,0,0,pass,none,12899000028
out,202,215,1,1,22436961028,22459042028,1,5,ACK,0,0,74,18446744073709551615,0,pass,none,12936961028
out,203,216,1,1,22475961028,22498042028,1,5,ACK,0,0,74,18446744073709551615,0,pass,none,12975961028
out,204,217,1,1,22503000028,22548121028,5,4,ACK,0,0,40,1099495374847,16252928,pass,none,13003000028
out,204,218,2,8,22503000028,22548121028,5,1,DATA,4,33,75,0,0,pass,none,13003000028
out,204,218,3,8,22503000028,22548121028,5,1,DATA,4,34,76,0,0,pass,none,13003000028
out,204,218,4,8,22503000028,22548121028,5,1,DATA,4,35,77,0,0,pass,none,13003000028
out,204,218,5,8,22503000028,22548121028,5,1,DATA,4,36,78,0,0,pass,none,13003000028
out,204,218,6,8,22503000028,22548121028,5,1,DATA,4,37,79,0,0,pass,none,13003000028
out,204,218,7,8,22503000028,22548121028,5,1,DATA,4,38,80,0,0,pass,none,13003000028
out,204,218,8,8,22503000028,22548121028,5,1,DATA,4,39,81,0,0,pass,none,13003000028
out,204,218,9,8,22503000028,22548121028,5,1,DATA,4,40,82,0,0,pass,none,13003000028
out,205,219,1,1,22514961028,22537042028,1,5,ACK,0,0,74,18446744073709551615,0,pass,none,13014961028
out,206,220,1,1,22568000028,22590081028,5,4,ACK,0,0,40,1099495374847,16252928,pass,none,13068000028
out,207,221,1,1,22579961028,22602042028,1,5,ACK,0,0,82,18446744073709551615,0,pass,none,13079961028
out,208,222,1,2,22607000028,22632381028,4,5,DATA,4,41,41,0,0,pass,none,13107000028
out,208,222,2,2,22607000028,22632381028,4,5,DATA,4,42,42,0,0,pass,none,13107000028
out,209,223,1,1,22618961028,22641042028,1,5,ACK,0,0,82,18446744073709551615,0,pass,none,13118961028
out,210,224,1,1,22657961028,22680042028,1,5,ACK,0,0,82,18446744073709551615,0,pass,none,13157961028
out,211,225,1,1,22696961028,22719042028,1,5,ACK,0,0,82,18446744073709551615,0,pass,none,13196961028
out,212,226,1,1,22711000028,22738841028,5,4,ACK,0,0,42,4397981499391,65011712,pass,none,13211000028
out,212,227,2,2,22711000028,22738841028,5,1,DATA,4,41,83,0,0,pass,none,13211000028
out,212,227,3,2,22711000028,22738841028,5,1,DATA,4,42,84,0,0,pass,none,13211000028
out,213,228,1,1,22735961028,22758042028,1,5,ACK,0,0,82,18446744073709551615,0,pass,none,13235961028
out,214,229,1,1,22774961028,22797042028,1,5,ACK,0,0,84,18446744073709551615,0,pass,none,13274961028
out,215,230,1,1,22776000028,22798081028,5,4,ACK,0,0,42,4397981499391,65011712,pass,none,13276000028
out,216,231,1,1,22813961028,22836042028,1,5,ACK,0,0,84,18446744073709551615,0,pass,none,13313961028
out,217,232,1,1,22852961028,22875042028,1,5,ACK,0,0,84,18446744073709551615,0,pass,none,13352961028
out,218,233,1,1,22891961028,22914042028,1,5,ACK,0,0,84,18446744073709551615,0,pass,none,13391961028
out,219,234,1,1,22919000028,22941081028,5,4,ACK,0,0,42,4397981499391,65011712,pass,none,13419000028
out,220,235,1,1,22930961028,22953042028,1,5,ACK,0,0,84,18446744073709551615,0,pass,none,13430961028
out,221,236,1,1,22958000028,22980081028,5,4,ACK,0,0,42,4397981499391,65011712,pass,none,13458000028
out,222,237,1,1,23062000028,23084501028,4,5,DATA,4,43,43,0,0,pass,none,13562000028
out,223,238,1,1,23101000028,23128841028,5,4,ACK,0,0,43,8795962998783,130023424,pass,none,13601000028
out,223,239,2,2,23101000028,23128841028,5,1,DATA,5,43,85,0,0,pass,none,13601000028
out,223,239,3,2,23101000028,23128841028,5,1,DATA,4,43,86,0,0,pass,none,13601000028
out,224,240,1,1,23153000028,23175081028,5,4,ACK,0,0,43,8795962998783,130023424,pass,none,13653000028
out,225,241,1,1,23164961028,23187042028,1,5,ACK,0,0,86,18446744073709551615,0,pass,none,13664961028
out,226,242,1,1,23203961028,23226042028,1,5,ACK,0,0,86,18446744073709551615,0,pass,none,13703961028
out,227,243,1,1,23242961028,23265042028,1,5,ACK,0,0,86,18446744073709551615,0,pass,none,13742961028
out,228,244,1,1,23281961028,23304042028,1,5,ACK,0,0,86,18446744073709551615,0,pass,none,13781961028
out,229,245,1,1,23296000028,23318081028,5,4,ACK,0,0,43,8795962998783,130023424,pass,none,13796000028
out,230,246,1,1,23320961028,23343042028,1,5,ACK,0,0,86,18446744073709551615,0,pass,none,13820961028
out,231,247,1,1,23335000028,23357081028,5,4,ACK,0,0,43,8795962998783,130023424,pass,none,13835000028
out,232,248,1,1,23478000028,23500081028,5,4,ACK,0,0,43,8795962998783,130023424,pass,none,13978000028
out,233,249,1,1,24063000028,24085501028,4,5,DATA,4,44,44,0,0,pass,none,14563000028
out,234,250,1,1,24141000028,24168841028,5,4,ACK,0,0,44,17591925997567,260046848,pass,none,14641000028
out,234,251,2,2,24141000028,24168841028,5,1,DATA,5,44,87,0,0,pass,none,14641000028
out,234,251,3,2,24141000028,24168841028,5,1,DATA,4,44,88,0,0,pass,none,14641000028
out,235,252,1,1,24193000028,24215081028,5,4,ACK,0,0,44,17591925997567,260046848,pass,none,14693000028
out,236,253,1,1,24204961028,24227042028,1,5,ACK,0,0,88,18446744073709551615,0,pass,none,14704961028
out,237,254,1,1,24243961028,24266042028,1,5,ACK,0,0,88,18446744073709551615,0,pass,none,14743961028
out,238,255,1,1,24282961028,24305042028,1,5,ACK,0,0,88,18446744073709551615,0,pass,none,14782961028
out,239,256,1,1,24321961028,24344042028,1,5,ACK,0,0,88,18446744073709551615,0,pass,none,14821961028
out,240,257,1,1,24336000028,24358081028,5,4,ACK,0,0,44,17591925997567,260046848,pass,none,14836000028
out,241,258,1,1,24360961028,24383042028,1,5,ACK,0,0,88,18446744073709551615,0,pass,none,14860961028
out,242,259,1,1,24375000028,24397081028,5,4,ACK,0,0,44,17591925997567,260046848,pass,none,14875000028
out,243,260,1,1,24518000028,24540081028,5,4,ACK,0,0,44,17591925997567,260046848,pass,none,15018000028
out,244,261,1,1,25064000028,25086501028,4,5,DATA,4,45,45,0,0,pass,none,15564000028
out,245,262,1,1,25142000028,25169841028,5,4,ACK,0,0,45,35183851995135,520093696,pass,none,15642000028
out,245,263,2,2,25142000028,25169841028,5,1,DATA,5,45,89,0,0,pass,none,15642000028
out,245,263,3,2,25142000028,25169841028,5,1,DATA,4,45,90,0,0,pass,none,15642000028
out,246,264,1,1,25194000028,25216081028,5,4,ACK,0,0,45,35183851995135,520093696,pass,none,15694000028
out,247,265,1,1,25205961028,25228042028,1,5,ACK,0,0,90,18446744073709551615,0,pass,none,15705961028
out,248,266,1,1,25244961028,25267042028,1,5,ACK,0,0,90,18446744073709551615,0,pass,none,15744961028
out,249,267,1,1,25283961028,25306042028,1,5,ACK,0,0,90,18446744073709551615,0,pass,none,15783961028
out,250,268,1,1,25322961028,25345042028,1,5,ACK,0,0,90,18446744073709551615,0,pass,none,15822961028
out,251,269,1,1,25337000028,25359081028,5,4,ACK,0,0,45,35183851995135,520093696,pass,none,15837000028
out,252,270,1,1,25361961028,25384042028,1,5,ACK,0,0,90,18446744073709551615,0,pass,none,15861961028
out,253,271,1,1,25376000028,25398081028,5,4,ACK,0,0,45,35183851995135,520093696,pass,none,15876000028
out,254,272,1,1,25519000028,25541081028,5,4,ACK,0,0,45,35183851995135,520093696,pass,none,16019000028
out,255,273,1,1,26065000028,26087501028,4,5,DATA,4,46,46,0,0,pass,none,16565000028
out,256,274,1,1,26143000028,26170841028,5,4,ACK,0,0,46,70367703990271,1040187392,pass,none,16643000028
out,256,275,2,2,26143000028,26170841028,5,1,DATA,5,46,91,0,0,pass,none,16643000028
out,256,275,3,2,26143000028,26170841028,5,1,DATA,4,46,92,0,0,pass,none,16643000028
out,257,276,1,1,26195000028,26217081028,5,4,ACK,0,0,46,70367703990271,1040187392,pass,none,16695000028
out,258,277,1,1,26206961028,26229042028,1,5,ACK,0,0,92,18446744073709551615,0,pass,none,16706961028
out,259,278,1,1,26245961028,26268042028,1,5,ACK,0,0,92,18446744073709551615,0,pass,none,16745961028
out,260,279,1,1,26284961028,26307042028,1,5,ACK,0,0,92,18446744073709551615,0,pass,none,16784961028
out,261,280,1,1,26323961028,26346042028,1,5,ACK,0,0,92,18446744073709551615,0,pass,none,16823961028
out,262,281,1,1,26338000028,26360081028,5,4,ACK,0,0,46,70367703990271,1040187392,pass,none,16838000028
out,263,282,1,1,26362961028,26385042028,1,5,ACK,0,0,92,18446744073709551615,0,pass,none,16862961028
out,264,283,1,1,26377000028,26399081028,5,4,ACK,0,0,46,70367703990271,1040187392,pass,none,16877000028
out,265,284,1,1,26520000028,26542081028,5,4,ACK,0,0,46,70367703990271,1040187392,pass,none,17020000028
out,266,285,1,1,27053000028,27075501028,4,5,DATA,4,47,47,0,0,pass,none,17553000028
out,267,286,1,1,27131000028,27158841028,5,4,ACK,0,0,47,140735407980543,2080374784,pass,none,17631000028
out,267,287,2,2,27131000028,27158841028,5,1,DATA,5,47,93,0,0,pass,none,17631000028
out,267,287,3,2,27131000028,27158841028,5,1,DATA,4,47,94,0,0,pass,none,17631000028
out,268,288,1,1,27183000028,27205081028,5,4,ACK,0,0,47,140735407980543,2080374784,pass,none,17683000028
out,269,289,1,1,27194961028,27217042028,1,5,ACK,0,0,94,18446744073709551615,0,pass,none,17694961028
out,270,290,1,1,27233961028,27256042028,1,5,ACK,0,0,94,18446744073709551615,0,pass,none,17733961028
out,271,291,1,1,27272961028,27295042028,1,5,ACK,0,0,94,18446744073709551615,0,pass,none,17772961028
out,272,292,1,1,27311961028,27334042028,1,5,ACK,0,0,94,18446744073709551615,0,pass,none,17811961028
out,273,293,1,1,27326000028,27348081028,5,4,ACK,0,0,47,140735407980543,2080374784,pass,none,17826000028
out,274,294,1,1,27350961028,27373042028,1,5,ACK,0,0,94,18446744073709551615,0,pass,none,17850961028
out,275,295,1,1,27365000028,27387081028,5,4,ACK,0,0,47,140735407980543,2080374784,pass,none,17865000028
out,276,296,1,1,27508000028,27530081028,5,4,ACK,0,0,47,140735407980543,2080374784,pass,none,18008000028
out,277,297,1,1,28054000028,28076501028,4,5,DATA,4,48,48,0,0,pass,none,18554000028
out,278,298,1,1,28132000028,28159841028,5,4,ACK,0,0,48,281470815961087,4160749568,pass,none,18632000028
out,278,299,2,2,28132000028,28159841028,5,1,DATA,5,48,95,0,0,pass,none,18632000028
out,278,299,3,2,28132000028,28159841028,5,1,DATA,4,48,96,0,0,pass,none,18632000028
out,279,300,1,1,28184000028,28206081028,5,4,ACK,0,0,48,281470815961087,4160749568,pass,none,18684000028
out,280,301,1,1,28195961028,28218042028,1,5,ACK,0,0,96,18446744073709551615,0,pass,none,18695961028
out,281,302,1,1,28234961028,28257042028,1,5,ACK,0,0,96,18446744073709551615,0,pass,none,18734961028
out,282,303,1,1,28273961028,28296042028,1,5,ACK,0,0,96,18446744073709551615,0,pass,none,18773961028
out,283,304,1,1,28312961028,28335042028,1,5,ACK,0,0,96,18446744073709551615,0,pass,none,18812961028
out,284,305,1,1,28327000028,28349081028,5,4,ACK,0,0,48,281470815961087,4160749568,pass,none,18827000028
out,285,306,1,1,28351961028,28374042028,1,5,ACK,0,0,96,18446744073709551615,0,pass,none,18851961028
out,286,307,1,1,28366000028,28388081028,5,4,ACK,0,0,48,281470815961087,4160749568,pass,none,18866000028
out,287,308,1,1,28509000028,28531081028,5,4,ACK,0,0,48,281470815961087,4160749568,pass,none,19009000028
