schema,stage,time_s,node_id,peer_id,frame_type,hop_sequence,decision_id,packet_uid,has_ack_window,ack_bitmap,dack_bitmap,selected_rate_key_kbps,selected_rate_bps,selected_power_dbm,advertised_rx_power_dbm,peer_known,peer_s0_dbm,path_loss_db,hop_failure_count,min_rate_key_kbps,max_rate_key_kbps,min_power_dbm,max_power_dbm,link_margin_db,incoming_rate_key_kbps,incoming_rate_bps,incoming_power_dbm,actual_rate_key_kbps,actual_rate_bps,actual_power_dbm,aggregate_id,segment_index,segment_count
csr-ns3-feedback-observation-v1,feedback_selection,12.000064,2,1,ACK,1,1,6,0,0,0,128,133333.33333333334,33,-103,1,-103,123.16724984190499,0,8,128,-36,33,12,,,,,,,,,
csr-ns3-feedback-observation-v1,feedback_selection,12.000064,3,1,ACK,1,2,9,0,0,0,128,133333.33333333334,33,-103,1,-103,123.16724984190499,0,8,128,-36,33,12,,,,,,,,,
csr-ns3-feedback-observation-v1,ota_segment,12.012,2,1,ACK,1,1,6,0,0,0,128,133333.33333333334,33,-103,1,-103,123.16724984190499,0,8,128,-36,33,12,,,,128,133333.33333333334,33,8589934594,1,2
csr-ns3-feedback-observation-v1,feedback_selection,12.036844,1,2,ACK,2,3,13,0,0,0,128,133333.33333333334,33,-103,1,-103,123.16724984190499,0,8,128,-36,33,12,,,,,,,,,
csr-ns3-feedback-observation-v1,ota_segment,12.180999999999999,2,1,ACK,1,1,6,0,0,0,128,133333.33333333334,33,-103,1,-103,123.16724984190499,0,8,128,-36,33,12,,,,128,133333.33333333334,33,8589934595,1,1
csr-ns3-feedback-observation-v1,ota_segment,12.233000000000001,1,2,ACK,2,3,13,0,0,0,128,133333.33333333334,33,-103,1,-103,123.16724984190499,0,8,128,-36,33,12,,,,128,133333.33333333334,33,4294967299,1,3
csr-ns3-feedback-observation-v1,feedback_selection,12.256164,2,1,ACK,3,4,21,0,0,0,128,133333.33333333334,33,-103,1,-103,123.16724984190499,0,8,128,-36,33,12,,,,,,,,,
csr-ns3-feedback-observation-v1,ota_segment,12.285,3,1,ACK,1,2,9,0,0,0,128,133333.33333333334,33,-103,1,-103,123.16724984190499,0,8,128,-36,33,12,,,,128,133333.33333333334,33,12884901890,1,2
csr-ns3-feedback-observation-v1,feedback_selection,12.309844,1,3,ACK,2,5,23,0,0,0,128,133333.33333333334,33,-103,1,-103,123.16724984190499,0,8,128,-36,33,12,,,,,,,,,
csr-ns3-feedback-observation-v1,ota_segment,12.401999999999999,2,1,ACK,1,1,6,0,0,0,128,133333.33333333334,33,-103,1,-103,123.16724984190499,0,8,128,-36,33,12,,,,128,133333.33333333334,33,8589934596,1,4
csr-ns3-feedback-observation-v1,ota_segment,12.401999999999999,2,1,ACK,3,4,21,0,0,0,128,133333.33333333334,33,-103,1,-103,123.16724984190499,0,8,128,-36,33,12,,,,128,133333.33333333334,33,8589934596,2,4
csr-ns3-feedback-observation-v1,feedback_selection,12.426544,1,2,ACK,3,6,27,0,0,0,128,133333.33333333334,33,-103,1,-103,123.16724984190499,0,8,128,-36,33,12,,,,,,,,,
csr-ns3-feedback-observation-v1,feedback_selection,12.426544,1,2,ACK,4,7,29,0,0,0,128,133333.33333333334,33,-103,1,-103,123.16724984190499,0,8,128,-36,33,12,,,,,,,,,
csr-ns3-feedback-observation-v1,ota_segment,12.428000000000001,2,1,ACK,1,1,6,0,0,0,128,133333.33333333334,33,-103,1,-103,123.16724984190499,0,8,128,-36,33,12,,,,128,133333.33333333334,33,8589934597,1,2
csr-ns3-feedback-observation-v1,ota_segment,12.428000000000001,2,1,ACK,3,4,21,0,0,0,128,133333.33333333334,33,-103,1,-103,123.16724984190499,0,8,128,-36,33,12,,,,128,133333.33333333334,33,8589934597,2,2
csr-ns3-feedback-observation-v1,ota_segment,12.467000000000001,3,1,ACK,1,2,9,0,0,0,128,133333.33333333334,33,-103,1,-103,123.16724984190499,0,8,128,-36,33,12,,,,128,133333.33333333334,33,12884901891,1,1
csr-ns3-feedback-observation-v1,ota_segment,12.519,3,1,ACK,1,2,9,0,0,0,128,133333.33333333334,33,-103,1,-103,123.16724984190499,0,8,128,-36,33,12,,,,128,133333.33333333334,33,12884901892,1,1
csr-ns3-feedback-observation-v1,ota_segment,12.675000000000001,1,2,ACK,2,3,13,0,0,0,128,133333.33333333334,33,-103,1,-103,123.16724984190499,0,8,128,-36,33,12,,,,128,133333.33333333334,33,4294967300,1,8
csr-ns3-feedback-observation-v1,ota_segment,12.675000000000001,1,3,ACK,2,5,23,0,0,0,128,133333.33333333334,33,-103,1,-103,123.16724984190499,0,8,128,-36,33,12,,,,128,133333.33333333334,33,4294967300,2,8
csr-ns3-feedback-observation-v1,ota_segment,12.675000000000001,1,2,ACK,3,6,27,0,0,0,128,133333.33333333334,33,-103,1,-103,123.16724984190499,0,8,128,-36,33,12,,,,128,133333.33333333334,33,4294967300,3,8
csr-ns3-feedback-observation-v1,ota_segment,12.675000000000001,1,2,ACK,4,7,29,0,0,0,128,133333.33333333334,33,-103,1,-103,123.16724984190499,0,8,128,-36,33,12,,,,128,133333.33333333334,33,4294967300,4,8
csr-ns3-feedback-observation-v1,feedback_selection,12.707284,2,1,ACK,4,8,37,0,0,0,128,133333.33333333334,33,-103,1,-103,123.16724984190499,0,8,128,-36,33,12,,,,,,,,,
csr-ns3-feedback-observation-v1,feedback_selection,12.707284,2,1,ACK,5,9,39,0,0,0,128,133333.33333333334,33,-103,1,-103,123.16724984190499,0,8,128,-36,33,12,,,,,,,,,
csr-ns3-feedback-observation-v1,feedback_selection,12.707284,3,1,ACK,3,10,45,0,0,0,128,133333.33333333334,33,-103,1,-103,123.16724984190499,0,8,128,-36,33,12,,,,,,,,,
csr-ns3-feedback-observation-v1,ota_segment,12.727,2,1,ACK,1,1,6,0,0,0,128,133333.33333333334,33,-103,1,-103,123.16724984190499,0,8,128,-36,33,12,,,,128,133333.33333333334,33,8589934598,1,6
csr-ns3-feedback-observation-v1,ota_segment,12.727,2,1,ACK,3,4,21,0,0,0,128,133333.33333333334,33,-103,1,-103,123.16724984190499,0,8,128,-36,33,12,,,,128,133333.33333333334,33,8589934598,2,6
csr-ns3-feedback-observation-v1,ota_segment,12.727,2,1,ACK,4,8,37,0,0,0,128,133333.33333333334,33,-103,1,-103,123.16724984190499,0,8,128,-36,33,12,,,,128,133333.33333333334,33,8589934598,3,6
csr-ns3-feedback-observation-v1,ota_segment,12.727,2,1,ACK,5,9,39,0,0,0,128,133333.33333333334,33,-103,1,-103,123.16724984190499,0,8,128,-36,33,12,,,,128,133333.33333333334,33,8589934598,4,6
csr-ns3-feedback-observation-v1,feedback_selection,12.757844,1,2,ACK,5,11,53,0,0,0,128,133333.33333333334,33,-103,1,-103,123.16724984190499,0,8,128,-36,33,12,,,,,,,,,
csr-ns3-feedback-observation-v1,feedback_selection,12.757844,1,2,ACK,6,12,55,0,0,0,128,133333.33333333334,33,-103,1,-103,123.16724984190499,0,8,128,-36,33,12,,,,,,,,,
csr-ns3-feedback-observation-v1,ota_segment,12.869999999999999,3,1,ACK,1,2,9,0,0,0,128,133333.33333333334,33,-103,1,-103,123.16724984190499,0,8,128,-36,33,12,,,,128,133333.33333333334,33,12884901893,1,4
csr-ns3-feedback-observation-v1,ota_segment,12.869999999999999,3,1,ACK,3,10,45,0,0,0,128,133333.33333333334,33,-103,1,-103,123.16724984190499,0,8,128,-36,33,12,,,,128,133333.33333333334,33,12884901893,2,4
csr-ns3-feedback-observation-v1,feedback_selection,12.894544,1,3,ACK,3,13,60,0,0,0,128,133333.33333333334,33,-103,1,-103,123.16724984190499,0,8,128,-36,33,12,,,,,,,,,
csr-ns3-feedback-observation-v1,feedback_selection,12.894544,1,3,ACK,4,14,62,0,0,0,128,133333.33333333334,33,-103,1,-103,123.16724984190499,0,8,128,-36,33,12,,,,,,,,,
csr-ns3-feedback-observation-v1,ota_segment,13.013,2,1,ACK,3,4,21,0,0,0,128,133333.33333333334,33,-103,1,-103,123.16724984190499,0,8,128,-36,33,12,,,,128,133333.33333333334,33,8589934599,1,3
csr-ns3-feedback-observation-v1,ota_segment,13.013,2,1,ACK,4,8,37,0,0,0,128,133333.33333333334,33,-103,1,-103,123.16724984190499,0,8,128,-36,33,12,,,,128,133333.33333333334,33,8589934599,2,3
csr-ns3-feedback-observation-v1,ota_segment,13.013,2,1,ACK,5,9,39,0,0,0,128,133333.33333333334,33,-103,1,-103,123.16724984190499,0,8,128,-36,33,12,,,,128,133333.33333333334,33,8589934599,3,3
csr-ns3-feedback-observation-v1,ota_segment,13.052,1,2,ACK,2,3,13,0,0,0,128,133333.33333333334,33,-103,1,-103,123.16724984190499,0,8,128,-36,33,12,,,,128,133333.33333333334,33,4294967301,1,11
csr-ns3-feedback-observation-v1,ota_segment,13.052,1,3,ACK,2,5,23,0,0,0,128,133333.33333333334,33,-103,1,-103,123.16724984190499,0,8,128,-36,33,12,,,,128,133333.33333333334,33,4294967301,2,11
csr-ns3-feedback-observation-v1,ota_segment,13.052,1,2,ACK,3,6,27,0,0,0,128,133333.33333333334,33,-103,1,-103,123.16724984190499,0,8,128,-36,33,12,,,,128,133333.33333333334,33,4294967301,3,11
csr-ns3-feedback-observation-v1,ota_segment,13.052,1,2,ACK,4,7,29,0,0,0,128,133333.33333333334,33,-103,1,-103,123.16724984190499,0,8,128,-36,33,12,,,,128,133333.33333333334,33,4294967301,4,11
csr-ns3-feedback-observation-v1,ota_segment,13.052,1,2,ACK,5,11,53,0,0,0,128,133333.33333333334,33,-103,1,-103,123.16724984190499,0,8,128,-36,33,12,,,,128,133333.33333333334,33,4294967301,5,11
csr-ns3-feedback-observation-v1,ota_segment,13.052,1,2,ACK,6,12,55,0,0,0,128,133333.33333333334,33,-103,1,-103,123.16724984190499,0,8,128,-36,33,12,,,,128,133333.33333333334,33,4294967301,6,11
csr-ns3-feedback-observation-v1,ota_segment,13.052,1,3,ACK,3,13,60,0,0,0,128,133333.33333333334,33,-103,1,-103,123.16724984190499,0,8,128,-36,33,12,,,,128,133333.33333333334,33,4294967301,7,11
csr-ns3-feedback-observation-v1,ota_segment,13.052,1,3,ACK,4,14,62,0,0,0,128,133333.33333333334,33,-103,1,-103,123.16724984190499,0,8,128,-36,33,12,,,,128,133333.33333333334,33,4294967301,8,11
csr-ns3-feedback-observation-v1,feedback_selection,13.091244,2,1,ACK,6,15,70,0,0,0,128,133333.33333333334,33,-103,1,-103,123.16724984190499,0,8,128,-36,33,12,,,,,,,,,
csr-ns3-feedback-observation-v1,feedback_selection,13.091244,2,1,ACK,7,16,72,0,0,0,128,133333.33333333334,33,-103,1,-103,123.16724984190499,0,8,128,-36,33,12,,,,,,,,,
csr-ns3-feedback-observation-v1,feedback_selection,13.091244,3,1,ACK,4,17,74,0,0,0,128,133333.33333333334,33,-103,1,-103,123.16724984190499,0,8,128,-36,33,12,,,,,,,,,
csr-ns3-feedback-observation-v1,feedback_selection,13.091244,3,1,ACK,5,18,76,0,0,0,128,133333.33333333334,33,-103,1,-103,123.16724984190499,0,8,128,-36,33,12,,,,,,,,,
csr-ns3-feedback-observation-v1,ota_segment,13.143000000000001,3,1,ACK,1,2,9,0,0,0,128,133333.33333333334,33,-103,1,-103,123.16724984190499,0,8,128,-36,33,12,,,,128,133333.33333333334,33,12884901894,1,6
csr-ns3-feedback-observation-v1,ota_segment,13.143000000000001,3,1,ACK,3,10,45,0,0,0,128,133333.33333333334,33,-103,1,-103,123.16724984190499,0,8,128,-36,33,12,,,,128,133333.33333333334,33,12884901894,2,6
csr-ns3-feedback-observation-v1,ota_segment,13.143000000000001,3,1,ACK,4,17,74,0,0,0,128,133333.33333333334,33,-103,1,-103,123.16724984190499,0,8,128,-36,33,12,,,,128,133333.33333333334,33,12884901894,3,6
csr-ns3-feedback-observation-v1,ota_segment,13.143000000000001,3,1,ACK,5,18,76,0,0,0,128,133333.33333333334,33,-103,1,-103,123.16724984190499,0,8,128,-36,33,12,,,,128,133333.33333333334,33,12884901894,4,6
csr-ns3-feedback-observation-v1,feedback_selection,13.174863999999999,1,3,ACK,5,19,84,0,0,0,128,133333.33333333334,33,-103,1,-103,123.16724984190499,0,8,128,-36,33,12,,,,,,,,,
csr-ns3-feedback-observation-v1,feedback_selection,13.174863999999999,1,3,ACK,6,20,86,0,0,0,128,133333.33333333334,33,-103,1,-103,123.16724984190499,0,8,128,-36,33,12,,,,,,,,,
csr-ns3-feedback-observation-v1,ota_segment,13.195,1,2,ACK,2,3,13,0,0,0,128,133333.33333333334,33,-103,1,-103,123.16724984190499,0,8,128,-36,33,12,,,,128,133333.33333333334,33,4294967302,1,11
csr-ns3-feedback-observation-v1,ota_segment,13.195,1,3,ACK,2,5,23,0,0,0,128,133333.33333333334,33,-103,1,-103,123.16724984190499,0,8,128,-36,33,12,,,,128,133333.33333333334,33,4294967302,2,11
csr-ns3-feedback-observation-v1,ota_segment,13.195,1,2,ACK,3,6,27,0,0,0,128,133333.33333333334,33,-103,1,-103,123.16724984190499,0,8,128,-36,33,12,,,,128,133333.33333333334,33,4294967302,3,11
csr-ns3-feedback-observation-v1,ota_segment,13.195,1,2,ACK,4,7,29,0,0,0,128,133333.33333333334,33,-103,1,-103,123.16724984190499,0,8,128,-36,33,12,,,,128,133333.33333333334,33,4294967302,4,11
csr-ns3-feedback-observation-v1,ota_segment,13.195,1,2,ACK,5,11,53,0,0,0,128,133333.33333333334,33,-103,1,-103,123.16724984190499,0,8,128,-36,33,12,,,,128,133333.33333333334,33,4294967302,5,11
csr-ns3-feedback-observation-v1,ota_segment,13.195,1,2,ACK,6,12,55,0,0,0,128,133333.33333333334,33,-103,1,-103,123.16724984190499,0,8,128,-36,33,12,,,,128,133333.33333333334,33,4294967302,6,11
csr-ns3-feedback-observation-v1,ota_segment,13.195,1,3,ACK,3,13,60,0,0,0,128,133333.33333333334,33,-103,1,-103,123.16724984190499,0,8,128,-36,33,12,,,,128,133333.33333333334,33,4294967302,7,11
csr-ns3-feedback-observation-v1,ota_segment,13.195,1,3,ACK,4,14,62,0,0,0,128,133333.33333333334,33,-103,1,-103,123.16724984190499,0,8,128,-36,33,12,,,,128,133333.33333333334,33,4294967302,8,11
csr-ns3-feedback-observation-v1,ota_segment,13.195,1,3,ACK,5,19,84,0,0,0,128,133333.33333333334,33,-103,1,-103,123.16724984190499,0,8,128,-36,33,12,,,,128,133333.33333333334,33,4294967302,9,11
csr-ns3-feedback-observation-v1,ota_segment,13.195,1,3,ACK,6,20,86,0,0,0,128,133333.33333333334,33,-103,1,-103,123.16724984190499,0,8,128,-36,33,12,,,,128,133333.33333333334,33,4294967302,10,11
csr-ns3-feedback-observation-v1,feedback_selection,13.231783999999999,2,1,ACK,8,21,91,0,0,0,128,133333.33333333334,33,-103,1,-103,123.16724984190499,0,8,128,-36,33,12,,,,,,,,,
csr-ns3-feedback-observation-v1,feedback_selection,13.231783999999999,3,1,ACK,6,22,93,0,0,0,128,133333.33333333334,33,-103,1,-103,123.16724984190499,0,8,128,-36,33,12,,,,,,,,,
csr-ns3-feedback-observation-v1,ota_segment,13.286,3,1,ACK,3,10,45,0,0,0,128,133333.33333333334,33,-103,1,-103,123.16724984190499,0,8,128,-36,33,12,,,,128,133333.33333333334,33,12884901895,1,4
csr-ns3-feedback-observation-v1,ota_segment,13.286,3,1,ACK,4,17,74,0,0,0,128,133333.33333333334,33,-103,1,-103,123.16724984190499,0,8,128,-36,33,12,,,,128,133333.33333333334,33,12884901895,2,4
csr-ns3-feedback-observation-v1,ota_segment,13.286,3,1,ACK,5,18,76,0,0,0,128,133333.33333333334,33,-103,1,-103,123.16724984190499,0,8,128,-36,33,12,,,,128,133333.33333333334,33,12884901895,3,4
csr-ns3-feedback-observation-v1,ota_segment,13.286,3,1,ACK,6,22,93,0,0,0,128,133333.33333333334,33,-103,1,-103,123.16724984190499,0,8,128,-36,33,12,,,,128,133333.33333333334,33,12884901895,4,4
csr-ns3-feedback-observation-v1,ota_segment,13.390000000000001,1,2,ACK,2,3,13,0,0,0,128,133333.33333333334,33,-103,1,-103,123.16724984190499,0,8,128,-36,33,12,,,,128,133333.33333333334,33,4294967303,1,10
csr-ns3-feedback-observation-v1,ota_segment,13.390000000000001,1,3,ACK,2,5,23,0,0,0,128,133333.33333333334,33,-103,1,-103,123.16724984190499,0,8,128,-36,33,12,,,,128,133333.33333333334,33,4294967303,2,10
csr-ns3-feedback-observation-v1,ota_segment,13.390000000000001,1,2,ACK,3,6,27,0,0,0,128,133333.33333333334,33,-103,1,-103,123.16724984190499,0,8,128,-36,33,12,,,,128,133333.33333333334,33,4294967303,3,10
csr-ns3-feedback-observation-v1,ota_segment,13.390000000000001,1,2,ACK,4,7,29,0,0,0,128,133333.33333333334,33,-103,1,-103,123.16724984190499,0,8,128,-36,33,12,,,,128,133333.33333333334,33,4294967303,4,10
csr-ns3-feedback-observation-v1,ota_segment,13.390000000000001,1,2,ACK,5,11,53,0,0,0,128,133333.33333333334,33,-103,1,-103,123.16724984190499,0,8,128,-36,33,12,,,,128,133333.33333333334,33,4294967303,5,10
csr-ns3-feedback-observation-v1,ota_segment,13.390000000000001,1,2,ACK,6,12,55,0,0,0,128,133333.33333333334,33,-103,1,-103,123.16724984190499,0,8,128,-36,33,12,,,,128,133333.33333333334,33,4294967303,6,10
csr-ns3-feedback-observation-v1,ota_segment,13.390000000000001,1,3,ACK,3,13,60,0,0,0,128,133333.33333333334,33,-103,1,-103,123.16724984190499,0,8,128,-36,33,12,,,,128,133333.33333333334,33,4294967303,7,10
csr-ns3-feedback-observation-v1,ota_segment,13.390000000000001,1,3,ACK,4,14,62,0,0,0,128,133333.33333333334,33,-103,1,-103,123.16724984190499,0,8,128,-36,33,12,,,,128,133333.33333333334,33,4294967303,8,10
csr-ns3-feedback-observation-v1,ota_segment,13.390000000000001,1,3,ACK,5,19,84,0,0,0,128,133333.33333333334,33,-103,1,-103,123.16724984190499,0,8,128,-36,33,12,,,,128,133333.33333333334,33,4294967303,9,10
csr-ns3-feedback-observation-v1,ota_segment,13.390000000000001,1,3,ACK,6,20,86,0,0,0,128,133333.33333333334,33,-103,1,-103,123.16724984190499,0,8,128,-36,33,12,,,,128,133333.33333333334,33,4294967303,10,10
csr-ns3-feedback-observation-v1,ota_segment,13.442,3,1,ACK,3,10,45,0,0,0,128,133333.33333333334,33,-103,1,-103,123.16724984190499,0,8,128,-36,33,12,,,,128,133333.33333333334,33,12884901896,1,4
csr-ns3-feedback-observation-v1,ota_segment,13.442,3,1,ACK,4,17,74,0,0,0,128,133333.33333333334,33,-103,1,-103,123.16724984190499,0,8,128,-36,33,12,,,,128,133333.33333333334,33,12884901896,2,4
csr-ns3-feedback-observation-v1,ota_segment,13.442,3,1,ACK,5,18,76,0,0,0,128,133333.33333333334,33,-103,1,-103,123.16724984190499,0,8,128,-36,33,12,,,,128,133333.33333333334,33,12884901896,3,4
csr-ns3-feedback-observation-v1,ota_segment,13.442,3,1,ACK,6,22,93,0,0,0,128,133333.33333333334,33,-103,1,-103,123.16724984190499,0,8,128,-36,33,12,,,,128,133333.33333333334,33,12884901896,4,4
csr-ns3-feedback-observation-v1,ota_segment,13.558999999999999,2,1,ACK,3,4,21,0,0,0,128,133333.33333333334,33,-103,1,-103,123.16724984190499,0,8,128,-36,33,12,,,,128,133333.33333333334,33,8589934600,1,7
csr-ns3-feedback-observation-v1,ota_segment,13.558999999999999,2,1,ACK,4,8,37,0,0,0,128,133333.33333333334,33,-103,1,-103,123.16724984190499,0,8,128,-36,33,12,,,,128,133333.33333333334,33,8589934600,2,7
csr-ns3-feedback-observation-v1,ota_segment,13.558999999999999,2,1,ACK,5,9,39,0,0,0,128,133333.33333333334,33,-103,1,-103,123.16724984190499,0,8,128,-36,33,12,,,,128,133333.33333333334,33,8589934600,3,7
csr-ns3-feedback-observation-v1,ota_segment,13.558999999999999,2,1,ACK,6,15,70,0,0,0,128,133333.33333333334,33,-103,1,-103,123.16724984190499,0,8,128,-36,33,12,,,,128,133333.33333333334,33,8589934600,4,7
csr-ns3-feedback-observation-v1,ota_segment,13.558999999999999,2,1,ACK,7,16,72,0,0,0,128,133333.33333333334,33,-103,1,-103,123.16724984190499,0,8,128,-36,33,12,,,,128,133333.33333333334,33,8589934600,5,7
csr-ns3-feedback-observation-v1,ota_segment,13.558999999999999,2,1,ACK,8,21,91,0,0,0,128,133333.33333333334,33,-103,1,-103,123.16724984190499,0,8,128,-36,33,12,,,,128,133333.33333333334,33,8589934600,6,7
csr-ns3-feedback-observation-v1,feedback_selection,13.589964,1,2,ACK,7,23,98,0,0,0,128,133333.33333333334,33,-103,1,-103,123.16724984190499,0,8,128,-36,33,12,,,,,,,,,
csr-ns3-feedback-observation-v1,ota_segment,13.792999999999999,2,1,ACK,4,8,37,0,0,0,128,133333.33333333334,33,-103,1,-103,123.16724984190499,0,8,128,-36,33,12,,,,128,133333.33333333334,33,8589934601,1,5
csr-ns3-feedback-observation-v1,ota_segment,13.792999999999999,2,1,ACK,5,9,39,0,0,0,128,133333.33333333334,33,-103,1,-103,123.16724984190499,0,8,128,-36,33,12,,,,128,133333.33333333334,33,8589934601,2,5
csr-ns3-feedback-observation-v1,ota_segment,13.792999999999999,2,1,ACK,6,15,70,0,0,0,128,133333.33333333334,33,-103,1,-103,123.16724984190499,0,8,128,-36,33,12,,,,128,133333.33333333334,33,8589934601,3,5
csr-ns3-feedback-observation-v1,ota_segment,13.792999999999999,2,1,ACK,7,16,72,0,0,0,128,133333.33333333334,33,-103,1,-103,123.16724984190499,0,8,128,-36,33,12,,,,128,133333.33333333334,33,8589934601,4,5
csr-ns3-feedback-observation-v1,ota_segment,13.792999999999999,2,1,ACK,8,21,91,0,0,0,128,133333.33333333334,33,-103,1,-103,123.16724984190499,0,8,128,-36,33,12,,,,128,133333.33333333334,33,8589934601,5,5
csr-ns3-feedback-observation-v1,ota_segment,13.845000000000001,1,3,ACK,2,5,23,0,0,0,128,133333.33333333334,33,-103,1,-103,123.16724984190499,0,8,128,-36,33,12,,,,128,133333.33333333334,33,4294967304,1,10
csr-ns3-feedback-observation-v1,ota_segment,13.845000000000001,1,2,ACK,3,6,27,0,0,0,128,133333.33333333334,33,-103,1,-103,123.16724984190499,0,8,128,-36,33,12,,,,128,133333.33333333334,33,4294967304,2,10
csr-ns3-feedback-observation-v1,ota_segment,13.845000000000001,1,2,ACK,4,7,29,0,0,0,128,133333.33333333334,33,-103,1,-103,123.16724984190499,0,8,128,-36,33,12,,,,128,133333.33333333334,33,4294967304,3,10
csr-ns3-feedback-observation-v1,ota_segment,13.845000000000001,1,2,ACK,5,11,53,0,0,0,128,133333.33333333334,33,-103,1,-103,123.16724984190499,0,8,128,-36,33,12,,,,128,133333.33333333334,33,4294967304,4,10
csr-ns3-feedback-observation-v1,ota_segment,13.845000000000001,1,2,ACK,6,12,55,0,0,0,128,133333.33333333334,33,-103,1,-103,123.16724984190499,0,8,128,-36,33,12,,,,128,133333.33333333334,33,4294967304,5,10
csr-ns3-feedback-observation-v1,ota_segment,13.845000000000001,1,3,ACK,3,13,60,0,0,0,128,133333.33333333334,33,-103,1,-103,123.16724984190499,0,8,128,-36,33,12,,,,128,133333.33333333334,33,4294967304,6,10
csr-ns3-feedback-observation-v1,ota_segment,13.845000000000001,1,3,ACK,4,14,62,0,0,0,128,133333.33333333334,33,-103,1,-103,123.16724984190499,0,8,128,-36,33,12,,,,128,133333.33333333334,33,4294967304,7,10
csr-ns3-feedback-observation-v1,ota_segment,13.845000000000001,1,3,ACK,5,19,84,0,0,0,128,133333.33333333334,33,-103,1,-103,123.16724984190499,0,8,128,-36,33,12,,,,128,133333.33333333334,33,4294967304,8,10
csr-ns3-feedback-observation-v1,ota_segment,13.845000000000001,1,3,ACK,6,20,86,0,0,0,128,133333.33333333334,33,-103,1,-103,123.16724984190499,0,8,128,-36,33,12,,,,128,133333.33333333334,33,4294967304,9,10
csr-ns3-feedback-observation-v1,ota_segment,13.845000000000001,1,2,ACK,7,23,98,0,0,0,128,133333.33333333334,33,-103,1,-103,123.16724984190499,0,8,128,-36,33,12,,,,128,133333.33333333334,33,4294967304,10,10
csr-ns3-feedback-observation-v1,ota_segment,13.884,3,1,ACK,3,10,45,0,0,0,128,133333.33333333334,33,-103,1,-103,123.16724984190499,0,8,128,-36,33,12,,,,128,133333.33333333334,33,12884901897,1,4
csr-ns3-feedback-observation-v1,ota_segment,13.884,3,1,ACK,4,17,74,0,0,0,128,133333.33333333334,33,-103,1,-103,123.16724984190499,0,8,128,-36,33,12,,,,128,133333.33333333334,33,12884901897,2,4
csr-ns3-feedback-observation-v1,ota_segment,13.884,3,1,ACK,5,18,76,0,0,0,128,133333.33333333334,33,-103,1,-103,123.16724984190499,0,8,128,-36,33,12,,,,128,133333.33333333334,33,12884901897,3,4
csr-ns3-feedback-observation-v1,ota_segment,13.884,3,1,ACK,6,22,93,0,0,0,128,133333.33333333334,33,-103,1,-103,123.16724984190499,0,8,128,-36,33,12,,,,128,133333.33333333334,33,12884901897,4,4
csr-ns3-feedback-observation-v1,ota_segment,14.066000000000001,1,2,ACK,5,11,53,0,0,0,128,133333.33333333334,33,-103,1,-103,123.16724984190499,0,8,128,-36,33,12,,,,128,133333.33333333334,33,4294967305,1,7
csr-ns3-feedback-observation-v1,ota_segment,14.066000000000001,1,2,ACK,6,12,55,0,0,0,128,133333.33333333334,33,-103,1,-103,123.16724984190499,0,8,128,-36,33,12,,,,128,133333.33333333334,33,4294967305,2,7
csr-ns3-feedback-observation-v1,ota_segment,14.066000000000001,1,3,ACK,3,13,60,0,0,0,128,133333.33333333334,33,-103,1,-103,123.16724984190499,0,8,128,-36,33,12,,,,128,133333.33333333334,33,4294967305,3,7
csr-ns3-feedback-observation-v1,ota_segment,14.066000000000001,1,3,ACK,4,14,62,0,0,0,128,133333.33333333334,33,-103,1,-103,123.16724984190499,0,8,128,-36,33,12,,,,128,133333.33333333334,33,4294967305,4,7
csr-ns3-feedback-observation-v1,ota_segment,14.066000000000001,1,3,ACK,5,19,84,0,0,0,128,133333.33333333334,33,-103,1,-103,123.16724984190499,0,8,128,-36,33,12,,,,128,133333.33333333334,33,4294967305,5,7
csr-ns3-feedback-observation-v1,ota_segment,14.066000000000001,1,3,ACK,6,20,86,0,0,0,128,133333.33333333334,33,-103,1,-103,123.16724984190499,0,8,128,-36,33,12,,,,128,133333.33333333334,33,4294967305,6,7
csr-ns3-feedback-observation-v1,ota_segment,14.066000000000001,1,2,ACK,7,23,98,0,0,0,128,133333.33333333334,33,-103,1,-103,123.16724984190499,0,8,128,-36,33,12,,,,128,133333.33333333334,33,4294967305,7,7
csr-ns3-feedback-observation-v1,ota_segment,14.144,3,1,ACK,4,17,74,0,0,0,128,133333.33333333334,33,-103,1,-103,123.16724984190499,0,8,128,-36,33,12,,,,128,133333.33333333334,33,12884901898,1,3
csr-ns3-feedback-observation-v1,ota_segment,14.144,3,1,ACK,5,18,76,0,0,0,128,133333.33333333334,33,-103,1,-103,123.16724984190499,0,8,128,-36,33,12,,,,128,133333.33333333334,33,12884901898,2,3
csr-ns3-feedback-observation-v1,ota_segment,14.144,3,1,ACK,6,22,93,0,0,0,128,133333.33333333334,33,-103,1,-103,123.16724984190499,0,8,128,-36,33,12,,,,128,133333.33333333334,33,12884901898,3,3
csr-ns3-feedback-observation-v1,ota_segment,14.287000000000001,2,1,ACK,4,8,37,0,0,0,128,133333.33333333334,33,-103,1,-103,123.16724984190499,0,8,128,-36,33,12,,,,128,133333.33333333334,33,8589934602,1,5
csr-ns3-feedback-observation-v1,ota_segment,14.287000000000001,2,1,ACK,5,9,39,0,0,0,128,133333.33333333334,33,-103,1,-103,123.16724984190499,0,8,128,-36,33,12,,,,128,133333.33333333334,33,8589934602,2,5
csr-ns3-feedback-observation-v1,ota_segment,14.287000000000001,2,1,ACK,6,15,70,0,0,0,128,133333.33333333334,33,-103,1,-103,123.16724984190499,0,8,128,-36,33,12,,,,128,133333.33333333334,33,8589934602,3,5
csr-ns3-feedback-observation-v1,ota_segment,14.287000000000001,2,1,ACK,7,16,72,0,0,0,128,133333.33333333334,33,-103,1,-103,123.16724984190499,0,8,128,-36,33,12,,,,128,133333.33333333334,33,8589934602,4,5
csr-ns3-feedback-observation-v1,ota_segment,14.287000000000001,2,1,ACK,8,21,91,0,0,0,128,133333.33333333334,33,-103,1,-103,123.16724984190499,0,8,128,-36,33,12,,,,128,133333.33333333334,33,8589934602,5,5
csr-ns3-feedback-observation-v1,ota_segment,14.391,1,3,ACK,5,19,84,0,0,0,128,133333.33333333334,33,-103,1,-103,123.16724984190499,0,8,128,-36,33,12,,,,128,133333.33333333334,33,4294967306,1,3
csr-ns3-feedback-observation-v1,ota_segment,14.391,1,3,ACK,6,20,86,0,0,0,128,133333.33333333334,33,-103,1,-103,123.16724984190499,0,8,128,-36,33,12,,,,128,133333.33333333334,33,4294967306,2,3
csr-ns3-feedback-observation-v1,ota_segment,14.391,1,2,ACK,7,23,98,0,0,0,128,133333.33333333334,33,-103,1,-103,123.16724984190499,0,8,128,-36,33,12,,,,128,133333.33333333334,33,4294967306,3,3
csr-ns3-feedback-observation-v1,ota_segment,14.468999999999999,3,1,ACK,6,22,93,0,0,0,128,133333.33333333334,33,-103,1,-103,123.16724984190499,0,8,128,-36,33,12,,,,128,133333.33333333334,33,12884901899,1,1
csr-ns3-feedback-observation-v1,ota_segment,14.612,1,2,ACK,7,23,98,0,0,0,128,133333.33333333334,33,-103,1,-103,123.16724984190499,0,8,128,-36,33,12,,,,128,133333.33333333334,33,4294967307,1,1
csr-ns3-feedback-observation-v1,ota_segment,14.651,2,1,ACK,6,15,70,0,0,0,128,133333.33333333334,33,-103,1,-103,123.16724984190499,0,8,128,-36,33,12,,,,128,133333.33333333334,33,8589934603,1,3
csr-ns3-feedback-observation-v1,ota_segment,14.651,2,1,ACK,7,16,72,0,0,0,128,133333.33333333334,33,-103,1,-103,123.16724984190499,0,8,128,-36,33,12,,,,128,133333.33333333334,33,8589934603,2,3
csr-ns3-feedback-observation-v1,ota_segment,14.651,2,1,ACK,8,21,91,0,0,0,128,133333.33333333334,33,-103,1,-103,123.16724984190499,0,8,128,-36,33,12,,,,128,133333.33333333334,33,8589934603,3,3
csr-ns3-feedback-observation-v1,ota_segment,14.885,1,2,ACK,7,23,98,0,0,0,128,133333.33333333334,33,-103,1,-103,123.16724984190499,0,8,128,-36,33,12,,,,128,133333.33333333334,33,4294967308,1,1
csr-ns3-feedback-observation-v1,ota_segment,15.08,2,1,ACK,6,15,70,0,0,0,128,133333.33333333334,33,-103,1,-103,123.16724984190499,0,8,128,-36,33,12,,,,128,133333.33333333334,33,8589934604,1,3
csr-ns3-feedback-observation-v1,ota_segment,15.08,2,1,ACK,7,16,72,0,0,0,128,133333.33333333334,33,-103,1,-103,123.16724984190499,0,8,128,-36,33,12,,,,128,133333.33333333334,33,8589934604,2,3
csr-ns3-feedback-observation-v1,ota_segment,15.08,2,1,ACK,8,21,91,0,0,0,128,133333.33333333334,33,-103,1,-103,123.16724984190499,0,8,128,-36,33,12,,,,128,133333.33333333334,33,8589934604,3,3
csr-ns3-feedback-observation-v1,feedback_selection,25.203724000000001,2,1,ACK,9,24,115,0,0,0,128,133333.33333333334,33,-103,1,-103,123.16724984190499,0,8,128,-36,33,12,,,,,,,,,
csr-ns3-feedback-observation-v1,feedback_selection,25.203724000000001,3,1,ACK,7,25,117,0,0,0,128,133333.33333333334,33,-103,1,-103,123.16724984190499,0,8,128,-36,33,12,,,,,,,,,
csr-ns3-feedback-observation-v1,ota_segment,25.297999999999998,3,1,ACK,7,25,117,0,0,0,128,133333.33333333334,33,-103,1,-103,123.16724984190499,0,8,128,-36,33,12,,,,8,7843.1372549019607,33,12884901900,1,3
csr-ns3-feedback-observation-v1,feedback_selection,26.442443999999998,1,3,ACK,7,26,127,0,0,0,128,133333.33333333334,33,-103,1,-103,123.16724984190499,0,8,128,-36,33,12,,,,,,,,,
csr-ns3-feedback-observation-v1,ota_segment,26.494,1,3,ACK,7,26,127,0,0,0,128,133333.33333333334,33,-103,1,-103,123.16724984190499,0,8,128,-36,33,12,,,,128,133333.33333333334,33,4294967312,1,2
csr-ns3-feedback-observation-v1,feedback_selection,26.516083999999999,3,1,ACK,8,27,133,0,0,0,128,133333.33333333334,33,-103,1,-103,123.16724984190499,0,8,128,-36,33,12,,,,,,,,,
csr-ns3-feedback-observation-v1,ota_segment,26.675999999999998,2,1,ACK,9,24,115,0,0,0,128,133333.33333333334,33,-103,1,-103,123.16724984190499,0,8,128,-36,33,12,,,,8,7843.1372549019607,33,8589934605,1,3
csr-ns3-feedback-observation-v1,feedback_selection,26.826964,1,2,ACK,8,28,135,0,0,0,128,133333.33333333334,33,-103,1,-103,123.16724984190499,0,8,128,-36,33,12,,,,,,,,,
csr-ns3-feedback-observation-v1,ota_segment,26.988,1,3,ACK,7,26,127,0,0,0,128,133333.33333333334,33,-103,1,-103,123.16724984190499,0,8,128,-36,33,12,,,,128,133333.33333333334,33,4294967313,1,2
csr-ns3-feedback-observation-v1,ota_segment,26.988,1,2,ACK,8,28,135,0,0,0,128,133333.33333333334,33,-103,1,-103,123.16724984190499,0,8,128,-36,33,12,,,,128,133333.33333333334,33,4294967313,2,2
csr-ns3-feedback-observation-v1,ota_segment,27.013999999999999,3,1,ACK,7,25,117,0,0,0,128,133333.33333333334,33,-103,1,-103,123.16724984190499,0,8,128,-36,33,12,,,,8,7843.1372549019607,33,12884901901,1,3
csr-ns3-feedback-observation-v1,ota_segment,27.013999999999999,3,1,ACK,8,27,133,0,0,0,128,133333.33333333334,33,-103,1,-103,123.16724984190499,0,8,128,-36,33,12,,,,8,7843.1372549019607,33,12884901901,2,3
csr-ns3-feedback-observation-v1,feedback_selection,27.151707999999999,2,3,ACK,1,29,137,0,0,0,8,7843.1372549019607,33,-103,1,-103,135.20844966846423,0,8,128,-36,33,12,,,,,,,,,
csr-ns3-feedback-observation-v1,ota_segment,27.352,1,3,ACK,7,26,127,0,0,0,128,133333.33333333334,33,-103,1,-103,123.16724984190499,0,8,128,-36,33,12,,,,128,133333.33333333334,33,4294967314,1,2
csr-ns3-feedback-observation-v1,ota_segment,27.352,1,2,ACK,8,28,135,0,0,0,128,133333.33333333334,33,-103,1,-103,123.16724984190499,0,8,128,-36,33,12,,,,128,133333.33333333334,33,4294967314,2,2
csr-ns3-feedback-observation-v1,ota_segment,27.378,2,1,ACK,9,24,115,0,0,0,128,133333.33333333334,33,-103,1,-103,123.16724984190499,0,8,128,-36,33,12,,,,8,7843.1372549019607,33,8589934606,1,3
csr-ns3-feedback-observation-v1,ota_segment,27.378,2,3,ACK,1,29,137,0,0,0,8,7843.1372549019607,33,-103,1,-103,135.20844966846423,0,8,128,-36,33,12,,,,8,7843.1372549019607,33,8589934606,2,3
csr-ns3-feedback-observation-v1,feedback_selection,27.515708,3,2,ACK,2,30,141,0,0,0,8,7843.1372549019607,33,-103,1,-103,135.20844966846423,0,8,128,-36,33,12,,,,,,,,,
csr-ns3-feedback-observation-v1,ota_segment,27.599,3,1,ACK,7,25,117,0,0,0,128,133333.33333333334,33,-103,1,-103,123.16724984190499,0,8,128,-36,33,12,,,,8,7843.1372549019607,33,12884901902,1,5
csr-ns3-feedback-observation-v1,ota_segment,27.599,3,1,ACK,8,27,133,0,0,0,128,133333.33333333334,33,-103,1,-103,123.16724984190499,0,8,128,-36,33,12,,,,8,7843.1372549019607,33,12884901902,2,5
csr-ns3-feedback-observation-v1,ota_segment,27.599,3,2,ACK,2,30,141,0,0,0,8,7843.1372549019607,33,-103,1,-103,135.20844966846423,0,8,128,-36,33,12,,,,8,7843.1372549019607,33,12884901902,3,5
csr-ns3-feedback-observation-v1,feedback_selection,27.733647999999999,2,3,ACK,3,31,149,0,0,0,8,7843.1372549019607,33,-103,1,-103,135.20844966846423,0,8,128,-36,33,12,,,,,,,,,
csr-ns3-feedback-observation-v1,ota_segment,27.846,2,1,ACK,9,24,115,0,0,0,128,133333.33333333334,33,-103,1,-103,123.16724984190499,0,8,128,-36,33,12,,,,8,7843.1372549019607,33,8589934607,1,5
csr-ns3-feedback-observation-v1,ota_segment,27.846,2,3,ACK,1,29,137,0,0,0,8,7843.1372549019607,33,-103,1,-103,135.20844966846423,0,8,128,-36,33,12,,,,8,7843.1372549019607,33,8589934607,2,5
csr-ns3-feedback-observation-v1,ota_segment,27.846,2,3,ACK,3,31,149,0,0,0,8,7843.1372549019607,33,-103,1,-103,135.20844966846423,0,8,128,-36,33,12,,,,8,7843.1372549019607,33,8589934607,3,5
csr-ns3-feedback-observation-v1,feedback_selection,27.978608000000001,3,2,ACK,3,32,151,0,0,0,8,7843.1372549019607,33,-103,1,-103,135.20844966846423,0,8,128,-36,33,12,,,,,,,,,
csr-ns3-feedback-observation-v1,feedback_selection,27.978608000000001,3,2,ACK,4,33,153,0,0,0,8,7843.1372549019607,33,-103,1,-103,135.20844966846423,0,8,128,-36,33,12,,,,,,,,,
csr-ns3-feedback-observation-v1,ota_segment,28.001999999999999,1,3,ACK,7,26,127,0,0,0,128,133333.33333333334,33,-103,1,-103,123.16724984190499,0,8,128,-36,33,12,,,,128,133333.33333333334,33,4294967315,1,2
csr-ns3-feedback-observation-v1,ota_segment,28.001999999999999,1,2,ACK,8,28,135,0,0,0,128,133333.33333333334,33,-103,1,-103,123.16724984190499,0,8,128,-36,33,12,,,,128,133333.33333333334,33,4294967315,2,2
csr-ns3-feedback-observation-v1,ota_segment,28.067,3,1,ACK,7,25,117,0,0,0,128,133333.33333333334,33,-103,1,-103,123.16724984190499,0,8,128,-36,33,12,,,,8,7843.1372549019607,33,12884901903,1,6
csr-ns3-feedback-observation-v1,ota_segment,28.067,3,1,ACK,8,27,133,0,0,0,128,133333.33333333334,33,-103,1,-103,123.16724984190499,0,8,128,-36,33,12,,,,8,7843.1372549019607,33,12884901903,2,6
csr-ns3-feedback-observation-v1,ota_segment,28.067,3,2,ACK,2,30,141,0,0,0,8,7843.1372549019607,33,-103,1,-103,135.20844966846423,0,8,128,-36,33,12,,,,8,7843.1372549019607,33,12884901903,3,6
csr-ns3-feedback-observation-v1,ota_segment,28.067,3,2,ACK,3,32,151,0,0,0,8,7843.1372549019607,33,-103,1,-103,135.20844966846423,0,8,128,-36,33,12,,,,8,7843.1372549019607,33,12884901903,4,6
csr-ns3-feedback-observation-v1,ota_segment,28.067,3,2,ACK,4,33,153,0,0,0,8,7843.1372549019607,33,-103,1,-103,135.20844966846423,0,8,128,-36,33,12,,,,8,7843.1372549019607,33,12884901903,5,6
csr-ns3-feedback-observation-v1,feedback_selection,28.301608000000002,2,3,ACK,4,34,158,0,0,0,8,7843.1372549019607,33,-103,1,-103,135.20844966846423,0,8,128,-36,33,12,,,,,,,,,
csr-ns3-feedback-observation-v1,ota_segment,28.457000000000001,2,1,ACK,9,24,115,0,0,0,128,133333.33333333334,33,-103,1,-103,123.16724984190499,0,8,128,-36,33,12,,,,8,7843.1372549019607,33,8589934608,1,5
csr-ns3-feedback-observation-v1,ota_segment,28.457000000000001,2,3,ACK,1,29,137,0,0,0,8,7843.1372549019607,33,-103,1,-103,135.20844966846423,0,8,128,-36,33,12,,,,8,7843.1372549019607,33,8589934608,2,5
csr-ns3-feedback-observation-v1,ota_segment,28.457000000000001,2,3,ACK,3,31,149,0,0,0,8,7843.1372549019607,33,-103,1,-103,135.20844966846423,0,8,128,-36,33,12,,,,8,7843.1372549019607,33,8589934608,3,5
csr-ns3-feedback-observation-v1,ota_segment,28.457000000000001,2,3,ACK,4,34,158,0,0,0,8,7843.1372549019607,33,-103,1,-103,135.20844966846423,0,8,128,-36,33,12,,,,8,7843.1372549019607,33,8589934608,4,5
csr-ns3-feedback-observation-v1,feedback_selection,28.666108000000001,3,2,ACK,5,35,163,0,0,0,8,7843.1372549019607,33,-103,1,-103,135.20844966846423,0,8,128,-36,33,12,,,,,,,,,
csr-ns3-feedback-observation-v1,ota_segment,28.678000000000001,1,3,ACK,7,26,127,0,0,0,128,133333.33333333334,33,-103,1,-103,123.16724984190499,0,8,128,-36,33,12,,,,128,133333.33333333334,33,4294967316,1,2
csr-ns3-feedback-observation-v1,ota_segment,28.678000000000001,1,2,ACK,8,28,135,0,0,0,128,133333.33333333334,33,-103,1,-103,123.16724984190499,0,8,128,-36,33,12,,,,128,133333.33333333334,33,4294967316,2,2
csr-ns3-feedback-observation-v1,ota_segment,28.742999999999999,3,1,ACK,7,25,117,0,0,0,128,133333.33333333334,33,-103,1,-103,123.16724984190499,0,8,128,-36,33,12,,,,8,7843.1372549019607,33,12884901904,1,6
csr-ns3-feedback-observation-v1,ota_segment,28.742999999999999,3,1,ACK,8,27,133,0,0,0,128,133333.33333333334,33,-103,1,-103,123.16724984190499,0,8,128,-36,33,12,,,,8,7843.1372549019607,33,12884901904,2,6
csr-ns3-feedback-observation-v1,ota_segment,28.742999999999999,3,2,ACK,2,30,141,0,0,0,8,7843.1372549019607,33,-103,1,-103,135.20844966846423,0,8,128,-36,33,12,,,,8,7843.1372549019607,33,12884901904,3,6
csr-ns3-feedback-observation-v1,ota_segment,28.742999999999999,3,2,ACK,3,32,151,0,0,0,8,7843.1372549019607,33,-103,1,-103,135.20844966846423,0,8,128,-36,33,12,,,,8,7843.1372549019607,33,12884901904,4,6
csr-ns3-feedback-observation-v1,ota_segment,28.742999999999999,3,2,ACK,4,33,153,0,0,0,8,7843.1372549019607,33,-103,1,-103,135.20844966846423,0,8,128,-36,33,12,,,,8,7843.1372549019607,33,12884901904,5,6
csr-ns3-feedback-observation-v1,ota_segment,28.742999999999999,3,2,ACK,5,35,163,0,0,0,8,7843.1372549019607,33,-103,1,-103,135.20844966846423,0,8,128,-36,33,12,,,,8,7843.1372549019607,33,12884901904,6,6
csr-ns3-feedback-observation-v1,ota_segment,28.963999999999999,3,1,ACK,8,27,133,0,0,0,128,133333.33333333334,33,-103,1,-103,123.16724984190499,0,8,128,-36,33,12,,,,8,7843.1372549019607,33,12884901905,1,5
csr-ns3-feedback-observation-v1,ota_segment,28.963999999999999,3,2,ACK,2,30,141,0,0,0,8,7843.1372549019607,33,-103,1,-103,135.20844966846423,0,8,128,-36,33,12,,,,8,7843.1372549019607,33,12884901905,2,5
csr-ns3-feedback-observation-v1,ota_segment,28.963999999999999,3,2,ACK,3,32,151,0,0,0,8,7843.1372549019607,33,-103,1,-103,135.20844966846423,0,8,128,-36,33,12,,,,8,7843.1372549019607,33,12884901905,3,5
csr-ns3-feedback-observation-v1,ota_segment,28.963999999999999,3,2,ACK,4,33,153,0,0,0,8,7843.1372549019607,33,-103,1,-103,135.20844966846423,0,8,128,-36,33,12,,,,8,7843.1372549019607,33,12884901905,4,5
csr-ns3-feedback-observation-v1,ota_segment,28.963999999999999,3,2,ACK,5,35,163,0,0,0,8,7843.1372549019607,33,-103,1,-103,135.20844966846423,0,8,128,-36,33,12,,,,8,7843.1372549019607,33,12884901905,5,5
csr-ns3-feedback-observation-v1,ota_segment,29.210999999999999,2,1,ACK,9,24,115,0,0,0,128,133333.33333333334,33,-103,1,-103,123.16724984190499,0,8,128,-36,33,12,,,,8,7843.1372549019607,33,8589934609,1,4
csr-ns3-feedback-observation-v1,ota_segment,29.210999999999999,2,3,ACK,1,29,137,0,0,0,8,7843.1372549019607,33,-103,1,-103,135.20844966846423,0,8,128,-36,33,12,,,,8,7843.1372549019607,33,8589934609,2,4
csr-ns3-feedback-observation-v1,ota_segment,29.210999999999999,2,3,ACK,3,31,149,0,0,0,8,7843.1372549019607,33,-103,1,-103,135.20844966846423,0,8,128,-36,33,12,,,,8,7843.1372549019607,33,8589934609,3,4
csr-ns3-feedback-observation-v1,ota_segment,29.210999999999999,2,3,ACK,4,34,158,0,0,0,8,7843.1372549019607,33,-103,1,-103,135.20844966846423,0,8,128,-36,33,12,,,,8,7843.1372549019607,33,8589934609,4,4
csr-ns3-feedback-observation-v1,ota_segment,29.341000000000001,3,2,ACK,2,30,141,0,0,0,8,7843.1372549019607,33,-103,1,-103,135.20844966846423,0,8,128,-36,33,12,,,,8,7843.1372549019607,33,12884901906,1,4
csr-ns3-feedback-observation-v1,ota_segment,29.341000000000001,3,2,ACK,3,32,151,0,0,0,8,7843.1372549019607,33,-103,1,-103,135.20844966846423,0,8,128,-36,33,12,,,,8,7843.1372549019607,33,12884901906,2,4
csr-ns3-feedback-observation-v1,ota_segment,29.341000000000001,3,2,ACK,4,33,153,0,0,0,8,7843.1372549019607,33,-103,1,-103,135.20844966846423,0,8,128,-36,33,12,,,,8,7843.1372549019607,33,12884901906,3,4
csr-ns3-feedback-observation-v1,ota_segment,29.341000000000001,3,2,ACK,5,35,163,0,0,0,8,7843.1372549019607,33,-103,1,-103,135.20844966846423,0,8,128,-36,33,12,,,,8,7843.1372549019607,33,12884901906,4,4
csr-ns3-feedback-observation-v1,ota_segment,29.523,1,2,ACK,8,28,135,0,0,0,128,133333.33333333334,33,-103,1,-103,123.16724984190499,0,8,128,-36,33,12,,,,128,133333.33333333334,33,4294967317,1,1
csr-ns3-feedback-observation-v1,ota_segment,29.666,2,3,ACK,1,29,137,0,0,0,8,7843.1372549019607,33,-103,1,-103,135.20844966846423,0,8,128,-36,33,12,,,,8,7843.1372549019607,33,8589934610,1,3
csr-ns3-feedback-observation-v1,ota_segment,29.666,2,3,ACK,3,31,149,0,0,0,8,7843.1372549019607,33,-103,1,-103,135.20844966846423,0,8,128,-36,33,12,,,,8,7843.1372549019607,33,8589934610,2,3
csr-ns3-feedback-observation-v1,ota_segment,29.666,2,3,ACK,4,34,158,0,0,0,8,7843.1372549019607,33,-103,1,-103,135.20844966846423,0,8,128,-36,33,12,,,,8,7843.1372549019607,33,8589934610,3,3
csr-ns3-feedback-observation-v1,ota_segment,29.809000000000001,3,2,ACK,3,32,151,0,0,0,8,7843.1372549019607,33,-103,1,-103,135.20844966846423,0,8,128,-36,33,12,,,,8,7843.1372549019607,33,12884901907,1,3
csr-ns3-feedback-observation-v1,ota_segment,29.809000000000001,3,2,ACK,4,33,153,0,0,0,8,7843.1372549019607,33,-103,1,-103,135.20844966846423,0,8,128,-36,33,12,,,,8,7843.1372549019607,33,12884901907,2,3
csr-ns3-feedback-observation-v1,ota_segment,29.809000000000001,3,2,ACK,5,35,163,0,0,0,8,7843.1372549019607,33,-103,1,-103,135.20844966846423,0,8,128,-36,33,12,,,,8,7843.1372549019607,33,12884901907,3,3
csr-ns3-feedback-observation-v1,ota_segment,30.134,3,2,ACK,5,35,163,0,0,0,8,7843.1372549019607,33,-103,1,-103,135.20844966846423,0,8,128,-36,33,12,,,,8,7843.1372549019607,33,12884901908,1,1
csr-ns3-feedback-observation-v1,ota_segment,30.225000000000001,2,3,ACK,3,31,149,0,0,0,8,7843.1372549019607,33,-103,1,-103,135.20844966846423,0,8,128,-36,33,12,,,,8,7843.1372549019607,33,8589934611,1,2
csr-ns3-feedback-observation-v1,ota_segment,30.225000000000001,2,3,ACK,4,34,158,0,0,0,8,7843.1372549019607,33,-103,1,-103,135.20844966846423,0,8,128,-36,33,12,,,,8,7843.1372549019607,33,8589934611,2,2
csr-ns3-feedback-observation-v1,ota_segment,30.381,2,3,ACK,4,34,158,0,0,0,8,7843.1372549019607,33,-103,1,-103,135.20844966846423,0,8,128,-36,33,12,,,,8,7843.1372549019607,33,8589934612,1,1
csr-ns3-feedback-observation-v1,feedback_selection,40.549343999999998,1,3,ACK,8,36,181,0,0,0,128,133333.33333333334,33,-103,1,-103,123.16724984190499,0,8,128,-36,33,12,,,,,,,,,
csr-ns3-feedback-observation-v1,feedback_selection,40.549348000000002,2,3,ACK,5,37,187,0,0,0,8,7843.1372549019607,33,-103,1,-103,135.20844966846423,0,8,128,-36,33,12,,,,,,,,,
csr-ns3-feedback-observation-v1,ota_segment,40.780999999999999,2,3,ACK,5,37,187,0,0,0,8,7843.1372549019607,33,-103,1,-103,135.20844966846423,0,8,128,-36,33,12,,,,8,7843.1372549019607,33,8589934613,1,2
csr-ns3-feedback-observation-v1,feedback_selection,40.913608000000004,3,2,ACK,6,38,192,0,0,0,8,7843.1372549019607,33,-103,1,-103,135.20844966846423,0,8,128,-36,33,12,,,,,,,,,
csr-ns3-feedback-observation-v1,ota_segment,40.975999999999999,1,3,ACK,8,36,181,0,0,0,128,133333.33333333334,33,-103,1,-103,123.16724984190499,0,8,128,-36,33,12,,,,8,7843.1372549019607,33,4294967318,1,3
csr-ns3-feedback-observation-v1,feedback_selection,41.137163999999999,3,1,ACK,9,39,194,0,0,0,128,133333.33333333334,33,-103,1,-103,123.16724984190499,0,8,128,-36,33,12,,,,,,,,,
csr-ns3-feedback-observation-v1,ota_segment,41.183999999999997,1,3,ACK,8,36,181,0,0,0,128,133333.33333333334,33,-103,1,-103,123.16724984190499,0,8,128,-36,33,12,,,,128,133333.33333333334,33,4294967319,1,1
csr-ns3-feedback-observation-v1,ota_segment,41.274999999999999,1,3,ACK,8,36,181,0,0,0,128,133333.33333333334,33,-103,1,-103,123.16724984190499,0,8,128,-36,33,12,,,,128,133333.33333333334,33,4294967320,1,1
csr-ns3-feedback-observation-v1,ota_segment,41.314,3,2,ACK,6,38,192,0,0,0,8,7843.1372549019607,33,-103,1,-103,135.20844966846423,0,8,128,-36,33,12,,,,8,7843.1372549019607,33,12884901912,1,3
csr-ns3-feedback-observation-v1,ota_segment,41.314,3,1,ACK,9,39,194,0,0,0,128,133333.33333333334,33,-103,1,-103,123.16724984190499,0,8,128,-36,33,12,,,,8,7843.1372549019607,33,12884901912,2,3
csr-ns3-feedback-observation-v1,feedback_selection,41.428243999999999,1,3,ACK,9,40,201,0,0,0,128,133333.33333333334,33,-103,1,-103,123.16724984190499,0,8,128,-36,33,12,,,,,,,,,
csr-ns3-feedback-observation-v1,feedback_selection,41.428248000000004,2,3,ACK,6,41,203,0,0,0,8,7843.1372549019607,33,-103,1,-103,135.20844966846423,0,8,128,-36,33,12,,,,,,,,,
csr-ns3-feedback-observation-v1,ota_segment,41.521999999999998,2,3,ACK,5,37,187,0,0,0,8,7843.1372549019607,33,-103,1,-103,135.20844966846423,0,8,128,-36,33,12,,,,8,7843.1372549019607,33,8589934614,1,3
csr-ns3-feedback-observation-v1,ota_segment,41.521999999999998,2,3,ACK,6,41,203,0,0,0,8,7843.1372549019607,33,-103,1,-103,135.20844966846423,0,8,128,-36,33,12,,,,8,7843.1372549019607,33,8589934614,2,3
csr-ns3-feedback-observation-v1,ota_segment,42.692,2,3,ACK,5,37,187,0,0,0,8,7843.1372549019607,33,-103,1,-103,135.20844966846423,0,8,128,-36,33,12,,,,8,7843.1372549019607,33,8589934615,1,2
csr-ns3-feedback-observation-v1,ota_segment,42.692,2,3,ACK,6,41,203,0,0,0,8,7843.1372549019607,33,-103,1,-103,135.20844966846423,0,8,128,-36,33,12,,,,8,7843.1372549019607,33,8589934615,2,2
csr-ns3-feedback-observation-v1,ota_segment,42.887,1,3,ACK,8,36,181,0,0,0,128,133333.33333333334,33,-103,1,-103,123.16724984190499,0,8,128,-36,33,12,,,,128,133333.33333333334,33,4294967321,1,3
csr-ns3-feedback-observation-v1,ota_segment,42.887,1,3,ACK,9,40,201,0,0,0,128,133333.33333333334,33,-103,1,-103,123.16724984190499,0,8,128,-36,33,12,,,,128,133333.33333333334,33,4294967321,2,3
csr-ns3-feedback-observation-v1,feedback_selection,42.910584,2,1,ACK,10,42,211,0,0,0,128,133333.33333333334,33,-103,1,-103,123.16724984190499,0,8,128,-36,33,12,,,,,,,,,
csr-ns3-feedback-observation-v1,ota_segment,42.991,3,2,ACK,6,38,192,0,0,0,8,7843.1372549019607,33,-103,1,-103,135.20844966846423,0,8,128,-36,33,12,,,,8,7843.1372549019607,33,12884901913,1,3
csr-ns3-feedback-observation-v1,ota_segment,42.991,3,1,ACK,9,39,194,0,0,0,128,133333.33333333334,33,-103,1,-103,123.16724984190499,0,8,128,-36,33,12,,,,8,7843.1372549019607,33,12884901913,2,3
csr-ns3-feedback-observation-v1,feedback_selection,43.081788000000003,2,3,ACK,7,43,213,0,0,0,8,7843.1372549019607,33,-103,1,-103,135.20844966846423,0,8,128,-36,33,12,,,,,,,,,
csr-ns3-feedback-observation-v1,ota_segment,43.094999999999999,3,2,ACK,6,38,192,0,0,0,8,7843.1372549019607,33,-103,1,-103,135.20844966846423,0,8,128,-36,33,12,,,,8,7843.1372549019607,33,12884901914,1,2
csr-ns3-feedback-observation-v1,ota_segment,43.094999999999999,3,1,ACK,9,39,194,0,0,0,128,133333.33333333334,33,-103,1,-103,123.16724984190499,0,8,128,-36,33,12,,,,8,7843.1372549019607,33,12884901914,2,2
csr-ns3-feedback-observation-v1,ota_segment,43.238,2,3,ACK,5,37,187,0,0,0,8,7843.1372549019607,33,-103,1,-103,135.20844966846423,0,8,128,-36,33,12,,,,8,7843.1372549019607,33,8589934616,1,4
csr-ns3-feedback-observation-v1,ota_segment,43.238,2,3,ACK,6,41,203,0,0,0,8,7843.1372549019607,33,-103,1,-103,135.20844966846423,0,8,128,-36,33,12,,,,8,7843.1372549019607,33,8589934616,2,4
csr-ns3-feedback-observation-v1,ota_segment,43.238,2,1,ACK,10,42,211,0,0,0,128,133333.33333333334,33,-103,1,-103,123.16724984190499,0,8,128,-36,33,12,,,,8,7843.1372549019607,33,8589934616,3,4
csr-ns3-feedback-observation-v1,ota_segment,43.238,2,3,ACK,7,43,213,0,0,0,8,7843.1372549019607,33,-103,1,-103,135.20844966846423,0,8,128,-36,33,12,,,,8,7843.1372549019607,33,8589934616,4,4
csr-ns3-feedback-observation-v1,ota_segment,43.420000000000002,3,2,ACK,6,38,192,0,0,0,8,7843.1372549019607,33,-103,1,-103,135.20844966846423,0,8,128,-36,33,12,,,,8,7843.1372549019607,33,12884901915,1,2
csr-ns3-feedback-observation-v1,ota_segment,43.420000000000002,3,1,ACK,9,39,194,0,0,0,128,133333.33333333334,33,-103,1,-103,123.16724984190499,0,8,128,-36,33,12,,,,8,7843.1372549019607,33,12884901915,2,2
csr-ns3-feedback-observation-v1,ota_segment,43.497999999999998,2,3,ACK,5,37,187,0,0,0,8,7843.1372549019607,33,-103,1,-103,135.20844966846423,0,8,128,-36,33,12,,,,8,7843.1372549019607,33,8589934617,1,4
csr-ns3-feedback-observation-v1,ota_segment,43.497999999999998,2,3,ACK,6,41,203,0,0,0,8,7843.1372549019607,33,-103,1,-103,135.20844966846423,0,8,128,-36,33,12,,,,8,7843.1372549019607,33,8589934617,2,4
csr-ns3-feedback-observation-v1,ota_segment,43.497999999999998,2,1,ACK,10,42,211,0,0,0,128,133333.33333333334,33,-103,1,-103,123.16724984190499,0,8,128,-36,33,12,,,,8,7843.1372549019607,33,8589934617,3,4
csr-ns3-feedback-observation-v1,ota_segment,43.497999999999998,2,3,ACK,7,43,213,0,0,0,8,7843.1372549019607,33,-103,1,-103,135.20844966846423,0,8,128,-36,33,12,,,,8,7843.1372549019607,33,8589934617,4,4
csr-ns3-feedback-observation-v1,ota_segment,43.692999999999998,1,3,ACK,8,36,181,0,0,0,128,133333.33333333334,33,-103,1,-103,123.16724984190499,0,8,128,-36,33,12,,,,128,133333.33333333334,33,4294967322,1,2
csr-ns3-feedback-observation-v1,ota_segment,43.692999999999998,1,3,ACK,9,40,201,0,0,0,128,133333.33333333334,33,-103,1,-103,123.16724984190499,0,8,128,-36,33,12,,,,128,133333.33333333334,33,4294967322,2,2
csr-ns3-feedback-observation-v1,ota_segment,43.783999999999999,3,2,ACK,6,38,192,0,0,0,8,7843.1372549019607,33,-103,1,-103,135.20844966846423,0,8,128,-36,33,12,,,,8,7843.1372549019607,33,12884901916,1,2
csr-ns3-feedback-observation-v1,ota_segment,43.783999999999999,3,1,ACK,9,39,194,0,0,0,128,133333.33333333334,33,-103,1,-103,123.16724984190499,0,8,128,-36,33,12,,,,8,7843.1372549019607,33,12884901916,2,2
csr-ns3-feedback-observation-v1,ota_segment,43.914000000000001,2,3,ACK,6,41,203,0,0,0,8,7843.1372549019607,33,-103,1,-103,135.20844966846423,0,8,128,-36,33,12,,,,8,7843.1372549019607,33,8589934618,1,3
csr-ns3-feedback-observation-v1,ota_segment,43.914000000000001,2,1,ACK,10,42,211,0,0,0,128,133333.33333333334,33,-103,1,-103,123.16724984190499,0,8,128,-36,33,12,,,,8,7843.1372549019607,33,8589934618,2,3
csr-ns3-feedback-observation-v1,ota_segment,43.914000000000001,2,3,ACK,7,43,213,0,0,0,8,7843.1372549019607,33,-103,1,-103,135.20844966846423,0,8,128,-36,33,12,,,,8,7843.1372549019607,33,8589934618,3,3
csr-ns3-feedback-observation-v1,ota_segment,44.186999999999998,1,3,ACK,9,40,201,0,0,0,128,133333.33333333334,33,-103,1,-103,123.16724984190499,0,8,128,-36,33,12,,,,128,133333.33333333334,33,4294967323,1,1
csr-ns3-feedback-observation-v1,ota_segment,44.420999999999999,2,1,ACK,10,42,211,0,0,0,128,133333.33333333334,33,-103,1,-103,123.16724984190499,0,8,128,-36,33,12,,,,8,7843.1372549019607,33,8589934619,1,2
csr-ns3-feedback-observation-v1,ota_segment,44.420999999999999,2,3,ACK,7,43,213,0,0,0,8,7843.1372549019607,33,-103,1,-103,135.20844966846423,0,8,128,-36,33,12,,,,8,7843.1372549019607,33,8589934619,2,2
csr-ns3-feedback-observation-v1,ota_segment,44.512,1,3,ACK,9,40,201,0,0,0,128,133333.33333333334,33,-103,1,-103,123.16724984190499,0,8,128,-36,33,12,,,,128,133333.33333333334,33,4294967324,1,1
csr-ns3-feedback-observation-v1,ota_segment,44.784999999999997,1,3,ACK,9,40,201,0,0,0,128,133333.33333333334,33,-103,1,-103,123.16724984190499,0,8,128,-36,33,12,,,,128,133333.33333333334,33,4294967325,1,1
csr-ns3-feedback-observation-v1,ota_segment,44.875999999999998,2,1,ACK,10,42,211,0,0,0,128,133333.33333333334,33,-103,1,-103,123.16724984190499,0,8,128,-36,33,12,,,,8,7843.1372549019607,33,8589934620,1,2
csr-ns3-feedback-observation-v1,ota_segment,44.875999999999998,2,3,ACK,7,43,213,0,0,0,8,7843.1372549019607,33,-103,1,-103,135.20844966846423,0,8,128,-36,33,12,,,,8,7843.1372549019607,33,8589934620,2,2
csr-ns3-feedback-observation-v1,feedback_selection,56.526344000000002,1,2,ACK,9,44,231,0,0,0,128,133333.33333333334,33,-103,1,-103,123.16724984190499,0,8,128,-36,33,12,,,,,,,,,
csr-ns3-feedback-observation-v1,feedback_selection,56.526347999999999,3,2,ACK,7,45,236,0,0,0,8,7843.1372549019607,33,-103,1,-103,135.20844966846423,0,8,128,-36,33,12,,,,,,,,,
csr-ns3-feedback-observation-v1,ota_segment,56.744999999999997,1,2,ACK,9,44,231,0,0,0,128,133333.33333333334,33,-103,1,-103,123.16724984190499,0,8,128,-36,33,12,,,,128,133333.33333333334,33,4294967326,1,2
csr-ns3-feedback-observation-v1,feedback_selection,56.770864000000003,2,1,ACK,11,46,241,0,0,0,128,133333.33333333334,33,-103,1,-103,123.16724984190499,0,8,128,-36,33,12,,,,,,,,,
csr-ns3-feedback-observation-v1,ota_segment,56.848999999999997,2,1,ACK,11,46,241,0,0,0,128,133333.33333333334,33,-103,1,-103,123.16724984190499,0,8,128,-36,33,12,,,,8,7843.1372549019607,33,8589934624,1,2
csr-ns3-feedback-observation-v1,feedback_selection,56.937744000000002,1,2,ACK,10,47,246,0,0,0,128,133333.33333333334,33,-103,1,-103,123.16724984190499,0,8,128,-36,33,12,,,,,,,,,
csr-ns3-feedback-observation-v1,feedback_selection,56.937747999999999,3,2,ACK,8,48,248,0,0,0,8,7843.1372549019607,33,-103,1,-103,135.20844966846423,0,8,128,-36,33,12,,,,,,,,,
csr-ns3-feedback-observation-v1,ota_segment,57.005000000000003,1,2,ACK,9,44,231,0,0,0,128,133333.33333333334,33,-103,1,-103,123.16724984190499,0,8,128,-36,33,12,,,,128,133333.33333333334,33,4294967327,1,2
csr-ns3-feedback-observation-v1,ota_segment,57.005000000000003,1,2,ACK,10,47,246,0,0,0,128,133333.33333333334,33,-103,1,-103,123.16724984190499,0,8,128,-36,33,12,,,,128,133333.33333333334,33,4294967327,2,2
csr-ns3-feedback-observation-v1,ota_segment,57.030999999999999,3,2,ACK,7,45,236,0,0,0,8,7843.1372549019607,33,-103,1,-103,135.20844966846423,0,8,128,-36,33,12,,,,8,7843.1372549019607,33,12884901917,1,3
csr-ns3-feedback-observation-v1,ota_segment,57.030999999999999,3,2,ACK,8,48,248,0,0,0,8,7843.1372549019607,33,-103,1,-103,135.20844966846423,0,8,128,-36,33,12,,,,8,7843.1372549019607,33,12884901917,2,3
csr-ns3-feedback-observation-v1,feedback_selection,57.189107999999997,2,3,ACK,8,49,250,0,0,0,8,7843.1372549019607,33,-103,1,-103,135.20844966846423,0,8,128,-36,33,12,,,,,,,,,
csr-ns3-feedback-observation-v1,ota_segment,57.238999999999997,3,2,ACK,7,45,236,0,0,0,8,7843.1372549019607,33,-103,1,-103,135.20844966846423,0,8,128,-36,33,12,,,,8,7843.1372549019607,33,12884901918,1,2
csr-ns3-feedback-observation-v1,ota_segment,57.238999999999997,3,2,ACK,8,48,248,0,0,0,8,7843.1372549019607,33,-103,1,-103,135.20844966846423,0,8,128,-36,33,12,,,,8,7843.1372549019607,33,12884901918,2,2
csr-ns3-feedback-observation-v1,ota_segment,57.317,3,2,ACK,7,45,236,0,0,0,8,7843.1372549019607,33,-103,1,-103,135.20844966846423,0,8,128,-36,33,12,,,,8,7843.1372549019607,33,12884901919,1,2
csr-ns3-feedback-observation-v1,ota_segment,57.317,3,2,ACK,8,48,248,0,0,0,8,7843.1372549019607,33,-103,1,-103,135.20844966846423,0,8,128,-36,33,12,,,,8,7843.1372549019607,33,12884901919,2,2
csr-ns3-feedback-observation-v1,ota_segment,57.551000000000002,2,1,ACK,11,46,241,0,0,0,128,133333.33333333334,33,-103,1,-103,123.16724984190499,0,8,128,-36,33,12,,,,8,7843.1372549019607,33,8589934625,1,2
csr-ns3-feedback-observation-v1,ota_segment,57.551000000000002,2,3,ACK,8,49,250,0,0,0,8,7843.1372549019607,33,-103,1,-103,135.20844966846423,0,8,128,-36,33,12,,,,8,7843.1372549019607,33,8589934625,2,2
csr-ns3-feedback-observation-v1,ota_segment,57.707000000000001,1,2,ACK,9,44,231,0,0,0,128,133333.33333333334,33,-103,1,-103,123.16724984190499,0,8,128,-36,33,12,,,,128,133333.33333333334,33,4294967328,1,2
csr-ns3-feedback-observation-v1,ota_segment,57.707000000000001,1,2,ACK,10,47,246,0,0,0,128,133333.33333333334,33,-103,1,-103,123.16724984190499,0,8,128,-36,33,12,,,,128,133333.33333333334,33,4294967328,2,2
csr-ns3-feedback-observation-v1,ota_segment,57.746000000000002,3,2,ACK,7,45,236,0,0,0,8,7843.1372549019607,33,-103,1,-103,135.20844966846423,0,8,128,-36,33,12,,,,8,7843.1372549019607,33,12884901920,1,2
csr-ns3-feedback-observation-v1,ota_segment,57.746000000000002,3,2,ACK,8,48,248,0,0,0,8,7843.1372549019607,33,-103,1,-103,135.20844966846423,0,8,128,-36,33,12,,,,8,7843.1372549019607,33,12884901920,2,2
csr-ns3-feedback-observation-v1,ota_segment,57.889000000000003,1,2,ACK,9,44,231,0,0,0,128,133333.33333333334,33,-103,1,-103,123.16724984190499,0,8,128,-36,33,12,,,,128,133333.33333333334,33,4294967329,1,2
csr-ns3-feedback-observation-v1,ota_segment,57.889000000000003,1,2,ACK,10,47,246,0,0,0,128,133333.33333333334,33,-103,1,-103,123.16724984190499,0,8,128,-36,33,12,,,,128,133333.33333333334,33,4294967329,2,2
csr-ns3-feedback-observation-v1,ota_segment,57.914999999999999,3,2,ACK,7,45,236,0,0,0,8,7843.1372549019607,33,-103,1,-103,135.20844966846423,0,8,128,-36,33,12,,,,8,7843.1372549019607,33,12884901921,1,2
csr-ns3-feedback-observation-v1,ota_segment,57.914999999999999,3,2,ACK,8,48,248,0,0,0,8,7843.1372549019607,33,-103,1,-103,135.20844966846423,0,8,128,-36,33,12,,,,8,7843.1372549019607,33,12884901921,2,2
csr-ns3-feedback-observation-v1,ota_segment,58.031999999999996,1,2,ACK,9,44,231,0,0,0,128,133333.33333333334,33,-103,1,-103,123.16724984190499,0,8,128,-36,33,12,,,,128,133333.33333333334,33,4294967330,1,2
csr-ns3-feedback-observation-v1,ota_segment,58.031999999999996,1,2,ACK,10,47,246,0,0,0,128,133333.33333333334,33,-103,1,-103,123.16724984190499,0,8,128,-36,33,12,,,,128,133333.33333333334,33,4294967330,2,2
csr-ns3-feedback-observation-v1,ota_segment,58.109999999999999,2,1,ACK,11,46,241,0,0,0,128,133333.33333333334,33,-103,1,-103,123.16724984190499,0,8,128,-36,33,12,,,,8,7843.1372549019607,33,8589934626,1,2
csr-ns3-feedback-observation-v1,ota_segment,58.109999999999999,2,3,ACK,8,49,250,0,0,0,8,7843.1372549019607,33,-103,1,-103,135.20844966846423,0,8,128,-36,33,12,,,,8,7843.1372549019607,33,8589934626,2,2
csr-ns3-feedback-observation-v1,ota_segment,58.331000000000003,1,2,ACK,10,47,246,0,0,0,128,133333.33333333334,33,-103,1,-103,123.16724984190499,0,8,128,-36,33,12,,,,128,133333.33333333334,33,4294967331,1,1
csr-ns3-feedback-observation-v1,ota_segment,58.396000000000001,2,1,ACK,11,46,241,0,0,0,128,133333.33333333334,33,-103,1,-103,123.16724984190499,0,8,128,-36,33,12,,,,8,7843.1372549019607,33,8589934627,1,2
csr-ns3-feedback-observation-v1,ota_segment,58.396000000000001,2,3,ACK,8,49,250,0,0,0,8,7843.1372549019607,33,-103,1,-103,135.20844966846423,0,8,128,-36,33,12,,,,8,7843.1372549019607,33,8589934627,2,2
csr-ns3-feedback-observation-v1,ota_segment,58.578000000000003,2,1,ACK,11,46,241,0,0,0,128,133333.33333333334,33,-103,1,-103,123.16724984190499,0,8,128,-36,33,12,,,,8,7843.1372549019607,33,8589934628,1,2
csr-ns3-feedback-observation-v1,ota_segment,58.578000000000003,2,3,ACK,8,49,250,0,0,0,8,7843.1372549019607,33,-103,1,-103,135.20844966846423,0,8,128,-36,33,12,,,,8,7843.1372549019607,33,8589934628,2,2
csr-ns3-feedback-observation-v1,ota_segment,59.045999999999999,2,3,ACK,8,49,250,0,0,0,8,7843.1372549019607,33,-103,1,-103,135.20844966846423,0,8,128,-36,33,12,,,,8,7843.1372549019607,33,8589934629,1,1
csr-ns3-feedback-observation-v1,feedback_selection,301.674104,1,3,ACK,10,50,283,1,1,0,128,133333.33333333334,33,-103,1,-103,123.16724984190499,0,8,128,-36,33,12,,,,,,,,,
csr-ns3-feedback-observation-v1,ack_response_context,301.674104,1,3,ACK,10,50,283,1,1,0,128,133333.33333333334,33,-103,1,-103,123.16724984190499,0,8,128,-36,33,12,128,133333.33333333334,33,,,,,,
csr-ns3-feedback-observation-v1,feedback_selection,302.77910400000002,1,2,ACK,11,51,284,1,1,0,128,133333.33333333334,33,-103,1,-103,123.16724984190499,0,8,128,-36,33,12,,,,,,,,,
csr-ns3-feedback-observation-v1,ack_response_context,302.77910400000002,1,2,ACK,11,51,284,1,1,0,128,133333.33333333334,33,-103,1,-103,123.16724984190499,0,8,128,-36,33,12,128,133333.33333333334,33,,,,,,
csr-ns3-feedback-observation-v1,feedback_selection,303.89710400000001,1,3,ACK,10,52,285,1,1,0,128,133333.33333333334,33,-103,1,-103,123.16724984190499,0,8,128,-36,33,12,,,,,,,,,
csr-ns3-feedback-observation-v1,ack_response_context,303.89710400000001,1,3,ACK,10,52,285,1,1,0,128,133333.33333333334,33,-103,1,-103,123.16724984190499,0,8,128,-36,33,12,128,133333.33333333334,33,,,,,,
csr-ns3-feedback-observation-v1,ota_segment,303.90100000000001,1,3,ACK,10,52,285,1,1,0,128,133333.33333333334,33,-103,1,-103,123.16724984190499,0,8,128,-36,33,12,128,133333.33333333334,33,128,133333.33333333334,33,4294967332,1,2
csr-ns3-feedback-observation-v1,ota_segment,303.90100000000001,1,2,ACK,11,51,284,1,1,0,128,133333.33333333334,33,-103,1,-103,123.16724984190499,0,8,128,-36,33,12,128,133333.33333333334,33,128,133333.33333333334,33,4294967332,2,2
csr-ns3-feedback-observation-v1,ota_segment,304.161,1,3,ACK,10,52,285,1,1,0,128,133333.33333333334,33,-103,1,-103,123.16724984190499,0,8,128,-36,33,12,128,133333.33333333334,33,128,133333.33333333334,33,4294967333,1,2
csr-ns3-feedback-observation-v1,ota_segment,304.161,1,2,ACK,11,51,284,1,1,0,128,133333.33333333334,33,-103,1,-103,123.16724984190499,0,8,128,-36,33,12,128,133333.33333333334,33,128,133333.33333333334,33,4294967333,2,2
csr-ns3-feedback-observation-v1,feedback_selection,304.282644,1,2,ACK,12,53,288,1,3,0,128,133333.33333333334,33,-103,1,-103,123.16724984190499,0,8,128,-36,33,12,,,,,,,,,
csr-ns3-feedback-observation-v1,ack_response_context,304.282644,1,2,ACK,12,53,288,1,3,0,128,133333.33333333334,33,-103,1,-103,123.16724984190499,0,8,128,-36,33,12,128,133333.33333333334,33,,,,,,
csr-ns3-feedback-observation-v1,feedback_selection,304.39964400000002,1,3,ACK,11,54,289,1,3,0,128,133333.33333333334,33,-103,1,-103,123.16724984190499,0,8,128,-36,33,12,,,,,,,,,
csr-ns3-feedback-observation-v1,ack_response_context,304.39964400000002,1,3,ACK,11,54,289,1,3,0,128,133333.33333333334,33,-103,1,-103,123.16724984190499,0,8,128,-36,33,12,128,133333.33333333334,33,,,,,,
csr-ns3-feedback-observation-v1,ota_segment,304.58999999999997,1,3,ACK,11,54,289,1,3,0,128,133333.33333333334,33,-103,1,-103,123.16724984190499,0,8,128,-36,33,12,128,133333.33333333334,33,128,133333.33333333334,33,4294967334,1,2
csr-ns3-feedback-observation-v1,ota_segment,304.58999999999997,1,2,ACK,12,53,288,1,3,0,128,133333.33333333334,33,-103,1,-103,123.16724984190499,0,8,128,-36,33,12,128,133333.33333333334,33,128,133333.33333333334,33,4294967334,2,2
csr-ns3-feedback-observation-v1,ota_segment,304.798,1,3,ACK,11,54,289,1,3,0,128,133333.33333333334,33,-103,1,-103,123.16724984190499,0,8,128,-36,33,12,128,133333.33333333334,33,128,133333.33333333334,33,4294967335,1,2
csr-ns3-feedback-observation-v1,ota_segment,304.798,1,2,ACK,12,53,288,1,3,0,128,133333.33333333334,33,-103,1,-103,123.16724984190499,0,8,128,-36,33,12,128,133333.33333333334,33,128,133333.33333333334,33,4294967335,2,2
csr-ns3-feedback-observation-v1,ota_segment,304.82400000000001,1,3,ACK,11,54,289,1,3,0,128,133333.33333333334,33,-103,1,-103,123.16724984190499,0,8,128,-36,33,12,128,133333.33333333334,33,128,133333.33333333334,33,4294967336,1,2
csr-ns3-feedback-observation-v1,ota_segment,304.82400000000001,1,2,ACK,12,53,288,1,3,0,128,133333.33333333334,33,-103,1,-103,123.16724984190499,0,8,128,-36,33,12,128,133333.33333333334,33,128,133333.33333333334,33,4294967336,2,2
csr-ns3-feedback-observation-v1,feedback_selection,304.93264399999998,1,2,ACK,13,55,292,1,7,0,128,133333.33333333334,33,-103,1,-103,123.16724984190499,0,8,128,-36,33,12,,,,,,,,,
csr-ns3-feedback-observation-v1,ack_response_context,304.93264399999998,1,2,ACK,13,55,292,1,7,0,128,133333.33333333334,33,-103,1,-103,123.16724984190499,0,8,128,-36,33,12,128,133333.33333333334,33,,,,,,
csr-ns3-feedback-observation-v1,ota_segment,305.01900000000001,1,3,ACK,11,54,289,1,3,0,128,133333.33333333334,33,-103,1,-103,123.16724984190499,0,8,128,-36,33,12,128,133333.33333333334,33,128,133333.33333333334,33,4294967337,1,2
csr-ns3-feedback-observation-v1,ota_segment,305.01900000000001,1,2,ACK,13,55,292,1,7,0,128,133333.33333333334,33,-103,1,-103,123.16724984190499,0,8,128,-36,33,12,128,133333.33333333334,33,128,133333.33333333334,33,4294967337,2,2
csr-ns3-feedback-observation-v1,feedback_selection,305.114644,1,2,ACK,14,56,294,1,15,0,128,133333.33333333334,33,-103,1,-103,123.16724984190499,0,8,128,-36,33,12,,,,,,,,,
csr-ns3-feedback-observation-v1,ack_response_context,305.114644,1,2,ACK,14,56,294,1,15,0,128,133333.33333333334,33,-103,1,-103,123.16724984190499,0,8,128,-36,33,12,128,133333.33333333334,33,,,,,,
csr-ns3-feedback-observation-v1,feedback_selection,305.19264399999997,1,3,ACK,12,57,295,1,7,0,128,133333.33333333334,33,-103,1,-103,123.16724984190499,0,8,128,-36,33,12,,,,,,,,,
csr-ns3-feedback-observation-v1,ack_response_context,305.19264399999997,1,3,ACK,12,57,295,1,7,0,128,133333.33333333334,33,-103,1,-103,123.16724984190499,0,8,128,-36,33,12,128,133333.33333333334,33,,,,,,
csr-ns3-feedback-observation-v1,ota_segment,305.35700000000003,1,3,ACK,12,57,295,1,7,0,128,133333.33333333334,33,-103,1,-103,123.16724984190499,0,8,128,-36,33,12,128,133333.33333333334,33,128,133333.33333333334,33,4294967338,1,2
csr-ns3-feedback-observation-v1,ota_segment,305.35700000000003,1,2,ACK,14,56,294,1,15,0,128,133333.33333333334,33,-103,1,-103,123.16724984190499,0,8,128,-36,33,12,128,133333.33333333334,33,128,133333.33333333334,33,4294967338,2,2
csr-ns3-feedback-observation-v1,ota_segment,305.47399999999999,1,3,ACK,12,57,295,1,7,0,128,133333.33333333334,33,-103,1,-103,123.16724984190499,0,8,128,-36,33,12,128,133333.33333333334,33,128,133333.33333333334,33,4294967339,1,2
csr-ns3-feedback-observation-v1,ota_segment,305.47399999999999,1,2,ACK,14,56,294,1,15,0,128,133333.33333333334,33,-103,1,-103,123.16724984190499,0,8,128,-36,33,12,128,133333.33333333334,33,128,133333.33333333334,33,4294967339,2,2
csr-ns3-feedback-observation-v1,ota_segment,305.52600000000001,1,3,ACK,12,57,295,1,7,0,128,133333.33333333334,33,-103,1,-103,123.16724984190499,0,8,128,-36,33,12,128,133333.33333333334,33,128,133333.33333333334,33,4294967340,1,2
csr-ns3-feedback-observation-v1,ota_segment,305.52600000000001,1,2,ACK,14,56,294,1,15,0,128,133333.33333333334,33,-103,1,-103,123.16724984190499,0,8,128,-36,33,12,128,133333.33333333334,33,128,133333.33333333334,33,4294967340,2,2
csr-ns3-feedback-observation-v1,feedback_selection,305.64566400000001,1,2,ACK,15,58,298,1,31,0,128,133333.33333333334,33,-103,1,-103,123.16724984190499,0,8,128,-36,33,12,,,,,,,,,
csr-ns3-feedback-observation-v1,ack_response_context,305.64566400000001,1,2,ACK,15,58,298,1,31,0,128,133333.33333333334,33,-103,1,-103,123.16724984190499,0,8,128,-36,33,12,128,133333.33333333334,33,,,,,,
csr-ns3-feedback-observation-v1,feedback_selection,305.64566400000001,1,2,ACK,16,59,299,1,63,0,128,133333.33333333334,33,-103,1,-103,123.16724984190499,0,8,128,-36,33,12,,,,,,,,,
csr-ns3-feedback-observation-v1,ack_response_context,305.64566400000001,1,2,ACK,16,59,299,1,63,0,128,133333.33333333334,33,-103,1,-103,123.16724984190499,0,8,128,-36,33,12,128,133333.33333333334,33,,,,,,
csr-ns3-feedback-observation-v1,feedback_selection,305.84264400000001,1,3,ACK,13,60,300,1,15,0,128,133333.33333333334,33,-103,1,-103,123.16724984190499,0,8,128,-36,33,12,,,,,,,,,
csr-ns3-feedback-observation-v1,ack_response_context,305.84264400000001,1,3,ACK,13,60,300,1,15,0,128,133333.33333333334,33,-103,1,-103,123.16724984190499,0,8,128,-36,33,12,128,133333.33333333334,33,,,,,,
csr-ns3-feedback-observation-v1,ota_segment,306.09800000000001,1,3,ACK,13,60,300,1,15,0,128,133333.33333333334,33,-103,1,-103,123.16724984190499,0,8,128,-36,33,12,128,133333.33333333334,33,128,133333.33333333334,33,4294967341,1,2
csr-ns3-feedback-observation-v1,ota_segment,306.09800000000001,1,2,ACK,16,59,299,1,63,0,128,133333.33333333334,33,-103,1,-103,123.16724984190499,0,8,128,-36,33,12,128,133333.33333333334,33,128,133333.33333333334,33,4294967341,2,2
csr-ns3-feedback-observation-v1,feedback_selection,306.24366400000002,1,3,ACK,14,61,304,1,31,0,128,133333.33333333334,33,-103,1,-103,123.16724984190499,0,8,128,-36,33,12,,,,,,,,,
csr-ns3-feedback-observation-v1,ack_response_context,306.24366400000002,1,3,ACK,14,61,304,1,31,0,128,133333.33333333334,33,-103,1,-103,123.16724984190499,0,8,128,-36,33,12,128,133333.33333333334,33,,,,,,
csr-ns3-feedback-observation-v1,feedback_selection,306.24366400000002,1,3,ACK,15,62,305,1,63,0,128,133333.33333333334,33,-103,1,-103,123.16724984190499,0,8,128,-36,33,12,,,,,,,,,
csr-ns3-feedback-observation-v1,ack_response_context,306.24366400000002,1,3,ACK,15,62,305,1,63,0,128,133333.33333333334,33,-103,1,-103,123.16724984190499,0,8,128,-36,33,12,128,133333.33333333334,33,,,,,,
csr-ns3-feedback-observation-v1,feedback_selection,306.49066399999998,1,2,ACK,17,63,306,1,127,0,128,133333.33333333334,33,-103,1,-103,123.16724984190499,0,8,128,-36,33,12,,,,,,,,,
csr-ns3-feedback-observation-v1,ack_response_context,306.49066399999998,1,2,ACK,17,63,306,1,127,0,128,133333.33333333334,33,-103,1,-103,123.16724984190499,0,8,128,-36,33,12,128,133333.33333333334,33,,,,,,
csr-ns3-feedback-observation-v1,feedback_selection,306.49066399999998,1,2,ACK,18,64,307,1,255,0,128,133333.33333333334,33,-103,1,-103,123.16724984190499,0,8,128,-36,33,12,,,,,,,,,
csr-ns3-feedback-observation-v1,ack_response_context,306.49066399999998,1,2,ACK,18,64,307,1,255,0,128,133333.33333333334,33,-103,1,-103,123.16724984190499,0,8,128,-36,33,12,128,133333.33333333334,33,,,,,,
csr-ns3-feedback-observation-v1,ota_segment,306.56599999999997,1,3,ACK,15,62,305,1,63,0,128,133333.33333333334,33,-103,1,-103,123.16724984190499,0,8,128,-36,33,12,128,133333.33333333334,33,128,133333.33333333334,33,4294967342,1,2
csr-ns3-feedback-observation-v1,ota_segment,306.56599999999997,1,2,ACK,18,64,307,1,255,0,128,133333.33333333334,33,-103,1,-103,123.16724984190499,0,8,128,-36,33,12,128,133333.33333333334,33,128,133333.33333333334,33,4294967342,2,2
csr-ns3-feedback-observation-v1,feedback_selection,306.84166399999998,1,3,ACK,16,65,312,1,127,0,128,133333.33333333334,33,-103,1,-103,123.16724984190499,0,8,128,-36,33,12,,,,,,,,,
csr-ns3-feedback-observation-v1,ack_response_context,306.84166399999998,1,3,ACK,16,65,312,1,127,0,128,133333.33333333334,33,-103,1,-103,123.16724984190499,0,8,128,-36,33,12,128,133333.33333333334,33,,,,,,
csr-ns3-feedback-observation-v1,feedback_selection,306.84166399999998,1,3,ACK,17,66,313,1,255,0,128,133333.33333333334,33,-103,1,-103,123.16724984190499,0,8,128,-36,33,12,,,,,,,,,
csr-ns3-feedback-observation-v1,ack_response_context,306.84166399999998,1,3,ACK,17,66,313,1,255,0,128,133333.33333333334,33,-103,1,-103,123.16724984190499,0,8,128,-36,33,12,128,133333.33333333334,33,,,,,,
csr-ns3-feedback-observation-v1,feedback_selection,306.98268400000001,1,2,ACK,19,67,314,1,511,0,128,133333.33333333334,33,-103,1,-103,123.16724984190499,0,8,128,-36,33,12,,,,,,,,,
csr-ns3-feedback-observation-v1,ack_response_context,306.98268400000001,1,2,ACK,19,67,314,1,511,0,128,133333.33333333334,33,-103,1,-103,123.16724984190499,0,8,128,-36,33,12,128,133333.33333333334,33,,,,,,
csr-ns3-feedback-observation-v1,feedback_selection,306.98268400000001,1,2,ACK,20,68,315,1,1023,0,128,133333.33333333334,33,-103,1,-103,123.16724984190499,0,8,128,-36,33,12,,,,,,,,,
csr-ns3-feedback-observation-v1,ack_response_context,306.98268400000001,1,2,ACK,20,68,315,1,1023,0,128,133333.33333333334,33,-103,1,-103,123.16724984190499,0,8,128,-36,33,12,128,133333.33333333334,33,,,,,,
csr-ns3-feedback-observation-v1,feedback_selection,306.98268400000001,1,2,ACK,21,69,316,1,2047,0,128,133333.33333333334,33,-103,1,-103,123.16724984190499,0,8,128,-36,33,12,,,,,,,,,
csr-ns3-feedback-observation-v1,ack_response_context,306.98268400000001,1,2,ACK,21,69,316,1,2047,0,128,133333.33333333334,33,-103,1,-103,123.16724984190499,0,8,128,-36,33,12,128,133333.33333333334,33,,,,,,
csr-ns3-feedback-observation-v1,ota_segment,307.125,1,3,ACK,17,66,313,1,255,0,128,133333.33333333334,33,-103,1,-103,123.16724984190499,0,8,128,-36,33,12,128,133333.33333333334,33,128,133333.33333333334,33,4294967343,1,2
csr-ns3-feedback-observation-v1,ota_segment,307.125,1,2,ACK,21,69,316,1,2047,0,128,133333.33333333334,33,-103,1,-103,123.16724984190499,0,8,128,-36,33,12,128,133333.33333333334,33,128,133333.33333333334,33,4294967343,2,2
csr-ns3-feedback-observation-v1,ota_segment,307.19,1,3,ACK,17,66,313,1,255,0,128,133333.33333333334,33,-103,1,-103,123.16724984190499,0,8,128,-36,33,12,128,133333.33333333334,33,128,133333.33333333334,33,4294967344,1,2
csr-ns3-feedback-observation-v1,ota_segment,307.19,1,2,ACK,21,69,316,1,2047,0,128,133333.33333333334,33,-103,1,-103,123.16724984190499,0,8,128,-36,33,12,128,133333.33333333334,33,128,133333.33333333334,33,4294967344,2,2
csr-ns3-feedback-observation-v1,ota_segment,307.255,1,3,ACK,17,66,313,1,255,0,128,133333.33333333334,33,-103,1,-103,123.16724984190499,0,8,128,-36,33,12,128,133333.33333333334,33,128,133333.33333333334,33,4294967345,1,2
csr-ns3-feedback-observation-v1,ota_segment,307.255,1,2,ACK,21,69,316,1,2047,0,128,133333.33333333334,33,-103,1,-103,123.16724984190499,0,8,128,-36,33,12,128,133333.33333333334,33,128,133333.33333333334,33,4294967345,2,2
csr-ns3-feedback-observation-v1,feedback_selection,307.463684,1,3,ACK,18,70,322,1,511,0,128,133333.33333333334,33,-103,1,-103,123.16724984190499,0,8,128,-36,33,12,,,,,,,,,
csr-ns3-feedback-observation-v1,ack_response_context,307.463684,1,3,ACK,18,70,322,1,511,0,128,133333.33333333334,33,-103,1,-103,123.16724984190499,0,8,128,-36,33,12,128,133333.33333333334,33,,,,,,
csr-ns3-feedback-observation-v1,feedback_selection,307.463684,1,3,ACK,19,71,323,1,1023,0,128,133333.33333333334,33,-103,1,-103,123.16724984190499,0,8,128,-36,33,12,,,,,,,,,
csr-ns3-feedback-observation-v1,ack_response_context,307.463684,1,3,ACK,19,71,323,1,1023,0,128,133333.33333333334,33,-103,1,-103,123.16724984190499,0,8,128,-36,33,12,128,133333.33333333334,33,,,,,,
csr-ns3-feedback-observation-v1,feedback_selection,307.463684,1,3,ACK,20,72,324,1,2047,0,128,133333.33333333334,33,-103,1,-103,123.16724984190499,0,8,128,-36,33,12,,,,,,,,,
csr-ns3-feedback-observation-v1,ack_response_context,307.463684,1,3,ACK,20,72,324,1,2047,0,128,133333.33333333334,33,-103,1,-103,123.16724984190499,0,8,128,-36,33,12,128,133333.33333333334,33,,,,,,
csr-ns3-feedback-observation-v1,feedback_selection,307.73470400000002,1,2,ACK,22,73,325,1,4095,0,128,133333.33333333334,33,-103,1,-103,123.16724984190499,0,8,128,-36,33,12,,,,,,,,,
csr-ns3-feedback-observation-v1,ack_response_context,307.73470400000002,1,2,ACK,22,73,325,1,4095,0,128,133333.33333333334,33,-103,1,-103,123.16724984190499,0,8,128,-36,33,12,128,133333.33333333334,33,,,,,,
csr-ns3-feedback-observation-v1,feedback_selection,307.73470400000002,1,2,ACK,23,74,326,1,8191,0,128,133333.33333333334,33,-103,1,-103,123.16724984190499,0,8,128,-36,33,12,,,,,,,,,
csr-ns3-feedback-observation-v1,ack_response_context,307.73470400000002,1,2,ACK,23,74,326,1,8191,0,128,133333.33333333334,33,-103,1,-103,123.16724984190499,0,8,128,-36,33,12,128,133333.33333333334,33,,,,,,
csr-ns3-feedback-observation-v1,feedback_selection,307.73470400000002,1,2,ACK,24,75,327,1,16383,0,128,133333.33333333334,33,-103,1,-103,123.16724984190499,0,8,128,-36,33,12,,,,,,,,,
csr-ns3-feedback-observation-v1,ack_response_context,307.73470400000002,1,2,ACK,24,75,327,1,16383,0,128,133333.33333333334,33,-103,1,-103,123.16724984190499,0,8,128,-36,33,12,128,133333.33333333334,33,,,,,,
csr-ns3-feedback-observation-v1,feedback_selection,307.73470400000002,1,2,ACK,25,76,328,1,32767,0,128,133333.33333333334,33,-103,1,-103,123.16724984190499,0,8,128,-36,33,12,,,,,,,,,
csr-ns3-feedback-observation-v1,ack_response_context,307.73470400000002,1,2,ACK,25,76,328,1,32767,0,128,133333.33333333334,33,-103,1,-103,123.16724984190499,0,8,128,-36,33,12,128,133333.33333333334,33,,,,,,
csr-ns3-feedback-observation-v1,ota_segment,307.94400000000002,1,3,ACK,20,72,324,1,2047,0,128,133333.33333333334,33,-103,1,-103,123.16724984190499,0,8,128,-36,33,12,128,133333.33333333334,33,128,133333.33333333334,33,4294967346,1,2
csr-ns3-feedback-observation-v1,ota_segment,307.94400000000002,1,2,ACK,25,76,328,1,32767,0,128,133333.33333333334,33,-103,1,-103,123.16724984190499,0,8,128,-36,33,12,128,133333.33333333334,33,128,133333.33333333334,33,4294967346,2,2
csr-ns3-feedback-observation-v1,feedback_selection,308.15070400000002,1,3,ACK,21,77,336,1,4095,0,128,133333.33333333334,33,-103,1,-103,123.16724984190499,0,8,128,-36,33,12,,,,,,,,,
csr-ns3-feedback-observation-v1,ack_response_context,308.15070400000002,1,3,ACK,21,77,336,1,4095,0,128,133333.33333333334,33,-103,1,-103,123.16724984190499,0,8,128,-36,33,12,128,133333.33333333334,33,,,,,,
csr-ns3-feedback-observation-v1,feedback_selection,308.15070400000002,1,3,ACK,22,78,337,1,8191,0,128,133333.33333333334,33,-103,1,-103,123.16724984190499,0,8,128,-36,33,12,,,,,,,,,
csr-ns3-feedback-observation-v1,ack_response_context,308.15070400000002,1,3,ACK,22,78,337,1,8191,0,128,133333.33333333334,33,-103,1,-103,123.16724984190499,0,8,128,-36,33,12,128,133333.33333333334,33,,,,,,
csr-ns3-feedback-observation-v1,feedback_selection,308.15070400000002,1,3,ACK,23,79,338,1,16383,0,128,133333.33333333334,33,-103,1,-103,123.16724984190499,0,8,128,-36,33,12,,,,,,,,,
csr-ns3-feedback-observation-v1,ack_response_context,308.15070400000002,1,3,ACK,23,79,338,1,16383,0,128,133333.33333333334,33,-103,1,-103,123.16724984190499,0,8,128,-36,33,12,128,133333.33333333334,33,,,,,,
csr-ns3-feedback-observation-v1,feedback_selection,308.15070400000002,1,3,ACK,24,80,339,1,32767,0,128,133333.33333333334,33,-103,1,-103,123.16724984190499,0,8,128,-36,33,12,,,,,,,,,
csr-ns3-feedback-observation-v1,ack_response_context,308.15070400000002,1,3,ACK,24,80,339,1,32767,0,128,133333.33333333334,33,-103,1,-103,123.16724984190499,0,8,128,-36,33,12,128,133333.33333333334,33,,,,,,
csr-ns3-feedback-observation-v1,feedback_selection,308.473724,1,2,ACK,26,81,340,1,65535,0,128,133333.33333333334,33,-103,1,-103,123.16724984190499,0,8,128,-36,33,12,,,,,,,,,
csr-ns3-feedback-observation-v1,ack_response_context,308.473724,1,2,ACK,26,81,340,1,65535,0,128,133333.33333333334,33,-103,1,-103,123.16724984190499,0,8,128,-36,33,12,128,133333.33333333334,33,,,,,,
csr-ns3-feedback-observation-v1,feedback_selection,308.473724,1,2,ACK,27,82,341,1,131071,0,128,133333.33333333334,33,-103,1,-103,123.16724984190499,0,8,128,-36,33,12,,,,,,,,,
csr-ns3-feedback-observation-v1,ack_response_context,308.473724,1,2,ACK,27,82,341,1,131071,0,128,133333.33333333334,33,-103,1,-103,123.16724984190499,0,8,128,-36,33,12,128,133333.33333333334,33,,,,,,
csr-ns3-feedback-observation-v1,feedback_selection,308.473724,1,2,ACK,28,83,342,1,262143,0,128,133333.33333333334,33,-103,1,-103,123.16724984190499,0,8,128,-36,33,12,,,,,,,,,
csr-ns3-feedback-observation-v1,ack_response_context,308.473724,1,2,ACK,28,83,342,1,262143,0,128,133333.33333333334,33,-103,1,-103,123.16724984190499,0,8,128,-36,33,12,128,133333.33333333334,33,,,,,,
csr-ns3-feedback-observation-v1,feedback_selection,308.473724,1,2,ACK,29,84,343,1,524287,0,128,133333.33333333334,33,-103,1,-103,123.16724984190499,0,8,128,-36,33,12,,,,,,,,,
csr-ns3-feedback-observation-v1,ack_response_context,308.473724,1,2,ACK,29,84,343,1,524287,0,128,133333.33333333334,33,-103,1,-103,123.16724984190499,0,8,128,-36,33,12,128,133333.33333333334,33,,,,,,
csr-ns3-feedback-observation-v1,feedback_selection,308.473724,1,2,ACK,30,85,344,1,1048575,0,128,133333.33333333334,33,-103,1,-103,123.16724984190499,0,8,128,-36,33,12,,,,,,,,,
csr-ns3-feedback-observation-v1,ack_response_context,308.473724,1,2,ACK,30,85,344,1,1048575,0,128,133333.33333333334,33,-103,1,-103,123.16724984190499,0,8,128,-36,33,12,128,133333.33333333334,33,,,,,,
csr-ns3-feedback-observation-v1,ota_segment,308.72399999999999,1,3,ACK,24,80,339,1,32767,0,128,133333.33333333334,33,-103,1,-103,123.16724984190499,0,8,128,-36,33,12,128,133333.33333333334,33,128,133333.33333333334,33,4294967347,1,2
csr-ns3-feedback-observation-v1,ota_segment,308.72399999999999,1,2,ACK,30,85,344,1,1048575,0,128,133333.33333333334,33,-103,1,-103,123.16724984190499,0,8,128,-36,33,12,128,133333.33333333334,33,128,133333.33333333334,33,4294967347,2,2
csr-ns3-feedback-observation-v1,ota_segment,308.80200000000002,1,3,ACK,24,80,339,1,32767,0,128,133333.33333333334,33,-103,1,-103,123.16724984190499,0,8,128,-36,33,12,128,133333.33333333334,33,128,133333.33333333334,33,4294967348,1,2
csr-ns3-feedback-observation-v1,ota_segment,308.80200000000002,1,2,ACK,30,85,344,1,1048575,0,128,133333.33333333334,33,-103,1,-103,123.16724984190499,0,8,128,-36,33,12,128,133333.33333333334,33,128,133333.33333333334,33,4294967348,2,2
csr-ns3-feedback-observation-v1,feedback_selection,309.06974400000001,1,2,ACK,31,86,354,1,2097151,0,128,133333.33333333334,33,-103,1,-103,123.16724984190499,0,8,128,-36,33,12,,,,,,,,,
csr-ns3-feedback-observation-v1,ack_response_context,309.06974400000001,1,2,ACK,31,86,354,1,2097151,0,128,133333.33333333334,33,-103,1,-103,123.16724984190499,0,8,128,-36,33,12,128,133333.33333333334,33,,,,,,
csr-ns3-feedback-observation-v1,feedback_selection,309.06974400000001,1,2,ACK,32,87,355,1,4194303,0,128,133333.33333333334,33,-103,1,-103,123.16724984190499,0,8,128,-36,33,12,,,,,,,,,
csr-ns3-feedback-observation-v1,ack_response_context,309.06974400000001,1,2,ACK,32,87,355,1,4194303,0,128,133333.33333333334,33,-103,1,-103,123.16724984190499,0,8,128,-36,33,12,128,133333.33333333334,33,,,,,,
csr-ns3-feedback-observation-v1,feedback_selection,309.06974400000001,1,2,ACK,33,88,356,1,8388607,0,128,133333.33333333334,33,-103,1,-103,123.16724984190499,0,8,128,-36,33,12,,,,,,,,,
csr-ns3-feedback-observation-v1,ack_response_context,309.06974400000001,1,2,ACK,33,88,356,1,8388607,0,128,133333.33333333334,33,-103,1,-103,123.16724984190499,0,8,128,-36,33,12,128,133333.33333333334,33,,,,,,
csr-ns3-feedback-observation-v1,feedback_selection,309.06974400000001,1,2,ACK,34,89,357,1,16777215,0,128,133333.33333333334,33,-103,1,-103,123.16724984190499,0,8,128,-36,33,12,,,,,,,,,
csr-ns3-feedback-observation-v1,ack_response_context,309.06974400000001,1,2,ACK,34,89,357,1,16777215,0,128,133333.33333333334,33,-103,1,-103,123.16724984190499,0,8,128,-36,33,12,128,133333.33333333334,33,,,,,,
csr-ns3-feedback-observation-v1,feedback_selection,309.06974400000001,1,2,ACK,35,90,358,1,33554431,0,128,133333.33333333334,33,-103,1,-103,123.16724984190499,0,8,128,-36,33,12,,,,,,,,,
csr-ns3-feedback-observation-v1,ack_response_context,309.06974400000001,1,2,ACK,35,90,358,1,33554431,0,128,133333.33333333334,33,-103,1,-103,123.16724984190499,0,8,128,-36,33,12,128,133333.33333333334,33,,,,,,
csr-ns3-feedback-observation-v1,feedback_selection,309.06974400000001,1,2,ACK,36,91,359,1,67108863,0,128,133333.33333333334,33,-103,1,-103,123.16724984190499,0,8,128,-36,33,12,,,,,,,,,
csr-ns3-feedback-observation-v1,ack_response_context,309.06974400000001,1,2,ACK,36,91,359,1,67108863,0,128,133333.33333333334,33,-103,1,-103,123.16724984190499,0,8,128,-36,33,12,128,133333.33333333334,33,,,,,,
csr-ns3-feedback-observation-v1,ota_segment,309.15300000000002,1,3,ACK,24,80,339,1,32767,0,128,133333.33333333334,33,-103,1,-103,123.16724984190499,0,8,128,-36,33,12,128,133333.33333333334,33,128,133333.33333333334,33,4294967349,1,2
csr-ns3-feedback-observation-v1,ota_segment,309.15300000000002,1,2,ACK,36,91,359,1,67108863,0,128,133333.33333333334,33,-103,1,-103,123.16724984190499,0,8,128,-36,33,12,128,133333.33333333334,33,128,133333.33333333334,33,4294967349,2,2
csr-ns3-feedback-observation-v1,feedback_selection,309.53774399999998,1,2,ACK,37,92,366,1,134217727,0,128,133333.33333333334,33,-103,1,-103,123.16724984190499,0,8,128,-36,33,12,,,,,,,,,
csr-ns3-feedback-observation-v1,ack_response_context,309.53774399999998,1,2,ACK,37,92,366,1,134217727,0,128,133333.33333333334,33,-103,1,-103,123.16724984190499,0,8,128,-36,33,12,128,133333.33333333334,33,,,,,,
csr-ns3-feedback-observation-v1,feedback_selection,309.53774399999998,1,2,ACK,38,93,367,1,268435455,0,128,133333.33333333334,33,-103,1,-103,123.16724984190499,0,8,128,-36,33,12,,,,,,,,,
csr-ns3-feedback-observation-v1,ack_response_context,309.53774399999998,1,2,ACK,38,93,367,1,268435455,0,128,133333.33333333334,33,-103,1,-103,123.16724984190499,0,8,128,-36,33,12,128,133333.33333333334,33,,,,,,
csr-ns3-feedback-observation-v1,feedback_selection,309.53774399999998,1,2,ACK,39,94,368,1,536870911,0,128,133333.33333333334,33,-103,1,-103,123.16724984190499,0,8,128,-36,33,12,,,,,,,,,
csr-ns3-feedback-observation-v1,ack_response_context,309.53774399999998,1,2,ACK,39,94,368,1,536870911,0,128,133333.33333333334,33,-103,1,-103,123.16724984190499,0,8,128,-36,33,12,128,133333.33333333334,33,,,,,,
csr-ns3-feedback-observation-v1,feedback_selection,309.53774399999998,1,2,ACK,40,95,369,1,1073741823,0,128,133333.33333333334,33,-103,1,-103,123.16724984190499,0,8,128,-36,33,12,,,,,,,,,
csr-ns3-feedback-observation-v1,ack_response_context,309.53774399999998,1,2,ACK,40,95,369,1,1073741823,0,128,133333.33333333334,33,-103,1,-103,123.16724984190499,0,8,128,-36,33,12,128,133333.33333333334,33,,,,,,
csr-ns3-feedback-observation-v1,feedback_selection,309.53774399999998,1,2,ACK,41,96,370,1,2147483647,0,128,133333.33333333334,33,-103,1,-103,123.16724984190499,0,8,128,-36,33,12,,,,,,,,,
csr-ns3-feedback-observation-v1,ack_response_context,309.53774399999998,1,2,ACK,41,96,370,1,2147483647,0,128,133333.33333333334,33,-103,1,-103,123.16724984190499,0,8,128,-36,33,12,128,133333.33333333334,33,,,,,,
csr-ns3-feedback-observation-v1,feedback_selection,309.53774399999998,1,2,ACK,42,97,371,1,4294967295,0,128,133333.33333333334,33,-103,1,-103,123.16724984190499,0,8,128,-36,33,12,,,,,,,,,
csr-ns3-feedback-observation-v1,ack_response_context,309.53774399999998,1,2,ACK,42,97,371,1,4294967295,0,128,133333.33333333334,33,-103,1,-103,123.16724984190499,0,8,128,-36,33,12,128,133333.33333333334,33,,,,,,
csr-ns3-feedback-observation-v1,ota_segment,309.54300000000001,1,3,ACK,24,80,339,1,32767,0,128,133333.33333333334,33,-103,1,-103,123.16724984190499,0,8,128,-36,33,12,128,133333.33333333334,33,128,133333.33333333334,33,4294967350,1,2
csr-ns3-feedback-observation-v1,ota_segment,309.54300000000001,1,2,ACK,42,97,371,1,4294967295,0,128,133333.33333333334,33,-103,1,-103,123.16724984190499,0,8,128,-36,33,12,128,133333.33333333334,33,128,133333.33333333334,33,4294967350,2,2
csr-ns3-feedback-observation-v1,feedback_selection,309.88874399999997,1,2,ACK,43,98,378,1,8589934591,0,128,133333.33333333334,33,-103,1,-103,123.16724984190499,0,8,128,-36,33,12,,,,,,,,,
csr-ns3-feedback-observation-v1,ack_response_context,309.88874399999997,1,2,ACK,43,98,378,1,8589934591,0,128,133333.33333333334,33,-103,1,-103,123.16724984190499,0,8,128,-36,33,12,128,133333.33333333334,33,,,,,,
csr-ns3-feedback-observation-v1,feedback_selection,309.88874399999997,1,2,ACK,44,99,379,1,17179869183,0,128,133333.33333333334,33,-103,1,-103,123.16724984190499,0,8,128,-36,33,12,,,,,,,,,
csr-ns3-feedback-observation-v1,ack_response_context,309.88874399999997,1,2,ACK,44,99,379,1,17179869183,0,128,133333.33333333334,33,-103,1,-103,123.16724984190499,0,8,128,-36,33,12,128,133333.33333333334,33,,,,,,
csr-ns3-feedback-observation-v1,feedback_selection,309.88874399999997,1,2,ACK,45,100,380,1,34359738367,0,128,133333.33333333334,33,-103,1,-103,123.16724984190499,0,8,128,-36,33,12,,,,,,,,,
csr-ns3-feedback-observation-v1,ack_response_context,309.88874399999997,1,2,ACK,45,100,380,1,34359738367,0,128,133333.33333333334,33,-103,1,-103,123.16724984190499,0,8,128,-36,33,12,128,133333.33333333334,33,,,,,,
csr-ns3-feedback-observation-v1,feedback_selection,309.88874399999997,1,2,ACK,46,101,381,1,68719476735,0,128,133333.33333333334,33,-103,1,-103,123.16724984190499,0,8,128,-36,33,12,,,,,,,,,
csr-ns3-feedback-observation-v1,ack_response_context,309.88874399999997,1,2,ACK,46,101,381,1,68719476735,0,128,133333.33333333334,33,-103,1,-103,123.16724984190499,0,8,128,-36,33,12,128,133333.33333333334,33,,,,,,
csr-ns3-feedback-observation-v1,feedback_selection,309.88874399999997,1,2,ACK,47,102,382,1,137438953471,0,128,133333.33333333334,33,-103,1,-103,123.16724984190499,0,8,128,-36,33,12,,,,,,,,,
csr-ns3-feedback-observation-v1,ack_response_context,309.88874399999997,1,2,ACK,47,102,382,1,137438953471,0,128,133333.33333333334,33,-103,1,-103,123.16724984190499,0,8,128,-36,33,12,128,133333.33333333334,33,,,,,,
csr-ns3-feedback-observation-v1,feedback_selection,309.88874399999997,1,2,ACK,48,103,383,1,274877906943,0,128,133333.33333333334,33,-103,1,-103,123.16724984190499,0,8,128,-36,33,12,,,,,,,,,
csr-ns3-feedback-observation-v1,ack_response_context,309.88874399999997,1,2,ACK,48,103,383,1,274877906943,0,128,133333.33333333334,33,-103,1,-103,123.16724984190499,0,8,128,-36,33,12,128,133333.33333333334,33,,,,,,
csr-ns3-feedback-observation-v1,feedback_selection,310.11172399999998,1,3,ACK,25,104,384,1,65535,0,128,133333.33333333334,33,-103,1,-103,123.16724984190499,0,8,128,-36,33,12,,,,,,,,,
csr-ns3-feedback-observation-v1,ack_response_context,310.11172399999998,1,3,ACK,25,104,384,1,65535,0,128,133333.33333333334,33,-103,1,-103,123.16724984190499,0,8,128,-36,33,12,128,133333.33333333334,33,,,,,,
csr-ns3-feedback-observation-v1,feedback_selection,310.11172399999998,1,3,ACK,26,105,385,1,131071,0,128,133333.33333333334,33,-103,1,-103,123.16724984190499,0,8,128,-36,33,12,,,,,,,,,
csr-ns3-feedback-observation-v1,ack_response_context,310.11172399999998,1,3,ACK,26,105,385,1,131071,0,128,133333.33333333334,33,-103,1,-103,123.16724984190499,0,8,128,-36,33,12,128,133333.33333333334,33,,,,,,
csr-ns3-feedback-observation-v1,feedback_selection,310.11172399999998,1,3,ACK,27,106,386,1,262143,0,128,133333.33333333334,33,-103,1,-103,123.16724984190499,0,8,128,-36,33,12,,,,,,,,,
csr-ns3-feedback-observation-v1,ack_response_context,310.11172399999998,1,3,ACK,27,106,386,1,262143,0,128,133333.33333333334,33,-103,1,-103,123.16724984190499,0,8,128,-36,33,12,128,133333.33333333334,33,,,,,,
csr-ns3-feedback-observation-v1,feedback_selection,310.11172399999998,1,3,ACK,28,107,387,1,524287,0,128,133333.33333333334,33,-103,1,-103,123.16724984190499,0,8,128,-36,33,12,,,,,,,,,
csr-ns3-feedback-observation-v1,ack_response_context,310.11172399999998,1,3,ACK,28,107,387,1,524287,0,128,133333.33333333334,33,-103,1,-103,123.16724984190499,0,8,128,-36,33,12,128,133333.33333333334,33,,,,,,
csr-ns3-feedback-observation-v1,feedback_selection,310.11172399999998,1,3,ACK,29,108,388,1,1048575,0,128,133333.33333333334,33,-103,1,-103,123.16724984190499,0,8,128,-36,33,12,,,,,,,,,
csr-ns3-feedback-observation-v1,ack_response_context,310.11172399999998,1,3,ACK,29,108,388,1,1048575,0,128,133333.33333333334,33,-103,1,-103,123.16724984190499,0,8,128,-36,33,12,128,133333.33333333334,33,,,,,,
csr-ns3-feedback-observation-v1,ota_segment,310.12799999999999,1,3,ACK,29,108,388,1,1048575,0,128,133333.33333333334,33,-103,1,-103,123.16724984190499,0,8,128,-36,33,12,128,133333.33333333334,33,128,133333.33333333334,33,4294967351,1,2
csr-ns3-feedback-observation-v1,ota_segment,310.12799999999999,1,2,ACK,48,103,383,1,274877906943,0,128,133333.33333333334,33,-103,1,-103,123.16724984190499,0,8,128,-36,33,12,128,133333.33333333334,33,128,133333.33333333334,33,4294967351,2,2
csr-ns3-feedback-observation-v1,feedback_selection,310.52574399999997,1,2,ACK,49,109,400,1,549755813887,0,128,133333.33333333334,33,-103,1,-103,123.16724984190499,0,8,128,-36,33,12,,,,,,,,,
csr-ns3-feedback-observation-v1,ack_response_context,310.52574399999997,1,2,ACK,49,109,400,1,549755813887,0,128,133333.33333333334,33,-103,1,-103,123.16724984190499,0,8,128,-36,33,12,128,133333.33333333334,33,,,,,,
csr-ns3-feedback-observation-v1,feedback_selection,310.52574399999997,1,2,ACK,50,110,401,1,1099511627775,0,128,133333.33333333334,33,-103,1,-103,123.16724984190499,0,8,128,-36,33,12,,,,,,,,,
csr-ns3-feedback-observation-v1,ack_response_context,310.52574399999997,1,2,ACK,50,110,401,1,1099511627775,0,128,133333.33333333334,33,-103,1,-103,123.16724984190499,0,8,128,-36,33,12,128,133333.33333333334,33,,,,,,
csr-ns3-feedback-observation-v1,feedback_selection,310.52574399999997,1,2,ACK,51,111,402,1,2199023255551,0,128,133333.33333333334,33,-103,1,-103,123.16724984190499,0,8,128,-36,33,12,,,,,,,,,
csr-ns3-feedback-observation-v1,ack_response_context,310.52574399999997,1,2,ACK,51,111,402,1,2199023255551,0,128,133333.33333333334,33,-103,1,-103,123.16724984190499,0,8,128,-36,33,12,128,133333.33333333334,33,,,,,,
csr-ns3-feedback-observation-v1,feedback_selection,310.52574399999997,1,2,ACK,52,112,403,1,4398046511103,0,128,133333.33333333334,33,-103,1,-103,123.16724984190499,0,8,128,-36,33,12,,,,,,,,,
csr-ns3-feedback-observation-v1,ack_response_context,310.52574399999997,1,2,ACK,52,112,403,1,4398046511103,0,128,133333.33333333334,33,-103,1,-103,123.16724984190499,0,8,128,-36,33,12,128,133333.33333333334,33,,,,,,
csr-ns3-feedback-observation-v1,feedback_selection,310.52574399999997,1,2,ACK,53,113,404,1,8796093022207,0,128,133333.33333333334,33,-103,1,-103,123.16724984190499,0,8,128,-36,33,12,,,,,,,,,
csr-ns3-feedback-observation-v1,ack_response_context,310.52574399999997,1,2,ACK,53,113,404,1,8796093022207,0,128,133333.33333333334,33,-103,1,-103,123.16724984190499,0,8,128,-36,33,12,128,133333.33333333334,33,,,,,,
csr-ns3-feedback-observation-v1,feedback_selection,310.52574399999997,1,2,ACK,54,114,405,1,17592186044415,0,128,133333.33333333334,33,-103,1,-103,123.16724984190499,0,8,128,-36,33,12,,,,,,,,,
csr-ns3-feedback-observation-v1,ack_response_context,310.52574399999997,1,2,ACK,54,114,405,1,17592186044415,0,128,133333.33333333334,33,-103,1,-103,123.16724984190499,0,8,128,-36,33,12,128,133333.33333333334,33,,,,,,
csr-ns3-feedback-observation-v1,feedback_selection,310.798744,1,3,ACK,30,115,406,1,2097151,0,128,133333.33333333334,33,-103,1,-103,123.16724984190499,0,8,128,-36,33,12,,,,,,,,,
csr-ns3-feedback-observation-v1,ack_response_context,310.798744,1,3,ACK,30,115,406,1,2097151,0,128,133333.33333333334,33,-103,1,-103,123.16724984190499,0,8,128,-36,33,12,128,133333.33333333334,33,,,,,,
csr-ns3-feedback-observation-v1,feedback_selection,310.798744,1,3,ACK,31,116,407,1,4194303,0,128,133333.33333333334,33,-103,1,-103,123.16724984190499,0,8,128,-36,33,12,,,,,,,,,
csr-ns3-feedback-observation-v1,ack_response_context,310.798744,1,3,ACK,31,116,407,1,4194303,0,128,133333.33333333334,33,-103,1,-103,123.16724984190499,0,8,128,-36,33,12,128,133333.33333333334,33,,,,,,
csr-ns3-feedback-observation-v1,feedback_selection,310.798744,1,3,ACK,32,117,408,1,8388607,0,128,133333.33333333334,33,-103,1,-103,123.16724984190499,0,8,128,-36,33,12,,,,,,,,,
csr-ns3-feedback-observation-v1,ack_response_context,310.798744,1,3,ACK,32,117,408,1,8388607,0,128,133333.33333333334,33,-103,1,-103,123.16724984190499,0,8,128,-36,33,12,128,133333.33333333334,33,,,,,,
csr-ns3-feedback-observation-v1,feedback_selection,310.798744,1,3,ACK,33,118,409,1,16777215,0,128,133333.33333333334,33,-103,1,-103,123.16724984190499,0,8,128,-36,33,12,,,,,,,,,
csr-ns3-feedback-observation-v1,ack_response_context,310.798744,1,3,ACK,33,118,409,1,16777215,0,128,133333.33333333334,33,-103,1,-103,123.16724984190499,0,8,128,-36,33,12,128,133333.33333333334,33,,,,,,
csr-ns3-feedback-observation-v1,feedback_selection,310.798744,1,3,ACK,34,119,410,1,33554431,0,128,133333.33333333334,33,-103,1,-103,123.16724984190499,0,8,128,-36,33,12,,,,,,,,,
csr-ns3-feedback-observation-v1,ack_response_context,310.798744,1,3,ACK,34,119,410,1,33554431,0,128,133333.33333333334,33,-103,1,-103,123.16724984190499,0,8,128,-36,33,12,128,133333.33333333334,33,,,,,,
csr-ns3-feedback-observation-v1,feedback_selection,310.798744,1,3,ACK,35,120,411,1,67108863,0,128,133333.33333333334,33,-103,1,-103,123.16724984190499,0,8,128,-36,33,12,,,,,,,,,
csr-ns3-feedback-observation-v1,ack_response_context,310.798744,1,3,ACK,35,120,411,1,67108863,0,128,133333.33333333334,33,-103,1,-103,123.16724984190499,0,8,128,-36,33,12,128,133333.33333333334,33,,,,,,
csr-ns3-feedback-observation-v1,ota_segment,310.95999999999998,1,3,ACK,35,120,411,1,67108863,0,128,133333.33333333334,33,-103,1,-103,123.16724984190499,0,8,128,-36,33,12,128,133333.33333333334,33,128,133333.33333333334,33,4294967352,1,2
csr-ns3-feedback-observation-v1,ota_segment,310.95999999999998,1,2,ACK,54,114,405,1,17592186044415,0,128,133333.33333333334,33,-103,1,-103,123.16724984190499,0,8,128,-36,33,12,128,133333.33333333334,33,128,133333.33333333334,33,4294967352,2,2
csr-ns3-feedback-observation-v1,feedback_selection,311.29274400000003,1,3,ACK,36,121,424,1,134217727,0,128,133333.33333333334,33,-103,1,-103,123.16724984190499,0,8,128,-36,33,12,,,,,,,,,
csr-ns3-feedback-observation-v1,ack_response_context,311.29274400000003,1,3,ACK,36,121,424,1,134217727,0,128,133333.33333333334,33,-103,1,-103,123.16724984190499,0,8,128,-36,33,12,128,133333.33333333334,33,,,,,,
csr-ns3-feedback-observation-v1,feedback_selection,311.29274400000003,1,3,ACK,37,122,425,1,268435455,0,128,133333.33333333334,33,-103,1,-103,123.16724984190499,0,8,128,-36,33,12,,,,,,,,,
csr-ns3-feedback-observation-v1,ack_response_context,311.29274400000003,1,3,ACK,37,122,425,1,268435455,0,128,133333.33333333334,33,-103,1,-103,123.16724984190499,0,8,128,-36,33,12,128,133333.33333333334,33,,,,,,
csr-ns3-feedback-observation-v1,feedback_selection,311.29274400000003,1,3,ACK,38,123,426,1,536870911,0,128,133333.33333333334,33,-103,1,-103,123.16724984190499,0,8,128,-36,33,12,,,,,,,,,
csr-ns3-feedback-observation-v1,ack_response_context,311.29274400000003,1,3,ACK,38,123,426,1,536870911,0,128,133333.33333333334,33,-103,1,-103,123.16724984190499,0,8,128,-36,33,12,128,133333.33333333334,33,,,,,,
csr-ns3-feedback-observation-v1,feedback_selection,311.29274400000003,1,3,ACK,39,124,427,1,1073741823,0,128,133333.33333333334,33,-103,1,-103,123.16724984190499,0,8,128,-36,33,12,,,,,,,,,
csr-ns3-feedback-observation-v1,ack_response_context,311.29274400000003,1,3,ACK,39,124,427,1,1073741823,0,128,133333.33333333334,33,-103,1,-103,123.16724984190499,0,8,128,-36,33,12,128,133333.33333333334,33,,,,,,
csr-ns3-feedback-observation-v1,feedback_selection,311.29274400000003,1,3,ACK,40,125,428,1,2147483647,0,128,133333.33333333334,33,-103,1,-103,123.16724984190499,0,8,128,-36,33,12,,,,,,,,,
csr-ns3-feedback-observation-v1,ack_response_context,311.29274400000003,1,3,ACK,40,125,428,1,2147483647,0,128,133333.33333333334,33,-103,1,-103,123.16724984190499,0,8,128,-36,33,12,128,133333.33333333334,33,,,,,,
csr-ns3-feedback-observation-v1,feedback_selection,311.29274400000003,1,3,ACK,41,126,429,1,4294967295,0,128,133333.33333333334,33,-103,1,-103,123.16724984190499,0,8,128,-36,33,12,,,,,,,,,
csr-ns3-feedback-observation-v1,ack_response_context,311.29274400000003,1,3,ACK,41,126,429,1,4294967295,0,128,133333.33333333334,33,-103,1,-103,123.16724984190499,0,8,128,-36,33,12,128,133333.33333333334,33,,,,,,
csr-ns3-feedback-observation-v1,feedback_selection,311.565744,1,2,ACK,55,127,430,1,35184372088831,0,128,133333.33333333334,33,-103,1,-103,123.16724984190499,0,8,128,-36,33,12,,,,,,,,,
csr-ns3-feedback-observation-v1,ack_response_context,311.565744,1,2,ACK,55,127,430,1,35184372088831,0,128,133333.33333333334,33,-103,1,-103,123.16724984190499,0,8,128,-36,33,12,128,133333.33333333334,33,,,,,,
csr-ns3-feedback-observation-v1,feedback_selection,311.565744,1,2,ACK,56,128,431,1,70368744177663,0,128,133333.33333333334,33,-103,1,-103,123.16724984190499,0,8,128,-36,33,12,,,,,,,,,
csr-ns3-feedback-observation-v1,ack_response_context,311.565744,1,2,ACK,56,128,431,1,70368744177663,0,128,133333.33333333334,33,-103,1,-103,123.16724984190499,0,8,128,-36,33,12,128,133333.33333333334,33,,,,,,
csr-ns3-feedback-observation-v1,feedback_selection,311.565744,1,2,ACK,57,129,432,1,140737488355327,0,128,133333.33333333334,33,-103,1,-103,123.16724984190499,0,8,128,-36,33,12,,,,,,,,,
csr-ns3-feedback-observation-v1,ack_response_context,311.565744,1,2,ACK,57,129,432,1,140737488355327,0,128,133333.33333333334,33,-103,1,-103,123.16724984190499,0,8,128,-36,33,12,128,133333.33333333334,33,,,,,,
csr-ns3-feedback-observation-v1,feedback_selection,311.565744,1,2,ACK,58,130,433,1,281474976710655,0,128,133333.33333333334,33,-103,1,-103,123.16724984190499,0,8,128,-36,33,12,,,,,,,,,
csr-ns3-feedback-observation-v1,ack_response_context,311.565744,1,2,ACK,58,130,433,1,281474976710655,0,128,133333.33333333334,33,-103,1,-103,123.16724984190499,0,8,128,-36,33,12,128,133333.33333333334,33,,,,,,
csr-ns3-feedback-observation-v1,feedback_selection,311.565744,1,2,ACK,59,131,434,1,562949953421311,0,128,133333.33333333334,33,-103,1,-103,123.16724984190499,0,8,128,-36,33,12,,,,,,,,,
csr-ns3-feedback-observation-v1,ack_response_context,311.565744,1,2,ACK,59,131,434,1,562949953421311,0,128,133333.33333333334,33,-103,1,-103,123.16724984190499,0,8,128,-36,33,12,128,133333.33333333334,33,,,,,,
csr-ns3-feedback-observation-v1,feedback_selection,311.565744,1,2,ACK,60,132,435,1,1125899906842623,0,128,133333.33333333334,33,-103,1,-103,123.16724984190499,0,8,128,-36,33,12,,,,,,,,,
csr-ns3-feedback-observation-v1,ack_response_context,311.565744,1,2,ACK,60,132,435,1,1125899906842623,0,128,133333.33333333334,33,-103,1,-103,123.16724984190499,0,8,128,-36,33,12,128,133333.33333333334,33,,,,,,
csr-ns3-feedback-observation-v1,ota_segment,311.70100000000002,1,3,ACK,41,126,429,1,4294967295,0,128,133333.33333333334,33,-103,1,-103,123.16724984190499,0,8,128,-36,33,12,128,133333.33333333334,33,128,133333.33333333334,33,4294967353,1,2
csr-ns3-feedback-observation-v1,ota_segment,311.70100000000002,1,2,ACK,60,132,435,1,1125899906842623,0,128,133333.33333333334,33,-103,1,-103,123.16724984190499,0,8,128,-36,33,12,128,133333.33333333334,33,128,133333.33333333334,33,4294967353,2,2
csr-ns3-feedback-observation-v1,ota_segment,311.80500000000001,1,3,ACK,41,126,429,1,4294967295,0,128,133333.33333333334,33,-103,1,-103,123.16724984190499,0,8,128,-36,33,12,128,133333.33333333334,33,128,133333.33333333334,33,4294967354,1,2
csr-ns3-feedback-observation-v1,ota_segment,311.80500000000001,1,2,ACK,60,132,435,1,1125899906842623,0,128,133333.33333333334,33,-103,1,-103,123.16724984190499,0,8,128,-36,33,12,128,133333.33333333334,33,128,133333.33333333334,33,4294967354,2,2
csr-ns3-feedback-observation-v1,feedback_selection,312.09874400000001,1,3,ACK,42,133,448,1,8589934591,0,128,133333.33333333334,33,-103,1,-103,123.16724984190499,0,8,128,-36,33,12,,,,,,,,,
csr-ns3-feedback-observation-v1,ack_response_context,312.09874400000001,1,3,ACK,42,133,448,1,8589934591,0,128,133333.33333333334,33,-103,1,-103,123.16724984190499,0,8,128,-36,33,12,128,133333.33333333334,33,,,,,,
csr-ns3-feedback-observation-v1,feedback_selection,312.09874400000001,1,3,ACK,43,134,449,1,17179869183,0,128,133333.33333333334,33,-103,1,-103,123.16724984190499,0,8,128,-36,33,12,,,,,,,,,
csr-ns3-feedback-observation-v1,ack_response_context,312.09874400000001,1,3,ACK,43,134,449,1,17179869183,0,128,133333.33333333334,33,-103,1,-103,123.16724984190499,0,8,128,-36,33,12,128,133333.33333333334,33,,,,,,
csr-ns3-feedback-observation-v1,feedback_selection,312.09874400000001,1,3,ACK,44,135,450,1,34359738367,0,128,133333.33333333334,33,-103,1,-103,123.16724984190499,0,8,128,-36,33,12,,,,,,,,,
csr-ns3-feedback-observation-v1,ack_response_context,312.09874400000001,1,3,ACK,44,135,450,1,34359738367,0,128,133333.33333333334,33,-103,1,-103,123.16724984190499,0,8,128,-36,33,12,128,133333.33333333334,33,,,,,,
csr-ns3-feedback-observation-v1,feedback_selection,312.09874400000001,1,3,ACK,45,136,451,1,68719476735,0,128,133333.33333333334,33,-103,1,-103,123.16724984190499,0,8,128,-36,33,12,,,,,,,,,
csr-ns3-feedback-observation-v1,ack_response_context,312.09874400000001,1,3,ACK,45,136,451,1,68719476735,0,128,133333.33333333334,33,-103,1,-103,123.16724984190499,0,8,128,-36,33,12,128,133333.33333333334,33,,,,,,
csr-ns3-feedback-observation-v1,feedback_selection,312.09874400000001,1,3,ACK,46,137,452,1,137438953471,0,128,133333.33333333334,33,-103,1,-103,123.16724984190499,0,8,128,-36,33,12,,,,,,,,,
csr-ns3-feedback-observation-v1,ack_response_context,312.09874400000001,1,3,ACK,46,137,452,1,137438953471,0,128,133333.33333333334,33,-103,1,-103,123.16724984190499,0,8,128,-36,33,12,128,133333.33333333334,33,,,,,,
csr-ns3-feedback-observation-v1,feedback_selection,312.09874400000001,1,3,ACK,47,138,453,1,274877906943,0,128,133333.33333333334,33,-103,1,-103,123.16724984190499,0,8,128,-36,33,12,,,,,,,,,
csr-ns3-feedback-observation-v1,ack_response_context,312.09874400000001,1,3,ACK,47,138,453,1,274877906943,0,128,133333.33333333334,33,-103,1,-103,123.16724984190499,0,8,128,-36,33,12,128,133333.33333333334,33,,,,,,
csr-ns3-feedback-observation-v1,ota_segment,312.13,1,3,ACK,47,138,453,1,274877906943,0,128,133333.33333333334,33,-103,1,-103,123.16724984190499,0,8,128,-36,33,12,128,133333.33333333334,33,128,133333.33333333334,33,4294967355,1,2
csr-ns3-feedback-observation-v1,ota_segment,312.13,1,2,ACK,60,132,435,1,1125899906842623,0,128,133333.33333333334,33,-103,1,-103,123.16724984190499,0,8,128,-36,33,12,128,133333.33333333334,33,128,133333.33333333334,33,4294967355,2,2
csr-ns3-feedback-observation-v1,feedback_selection,312.44974400000001,1,2,ACK,61,139,460,1,2251799813685247,0,128,133333.33333333334,33,-103,1,-103,123.16724984190499,0,8,128,-36,33,12,,,,,,,,,
csr-ns3-feedback-observation-v1,ack_response_context,312.44974400000001,1,2,ACK,61,139,460,1,2251799813685247,0,128,133333.33333333334,33,-103,1,-103,123.16724984190499,0,8,128,-36,33,12,128,133333.33333333334,33,,,,,,
csr-ns3-feedback-observation-v1,feedback_selection,312.44974400000001,1,2,ACK,62,140,461,1,4503599627370495,0,128,133333.33333333334,33,-103,1,-103,123.16724984190499,0,8,128,-36,33,12,,,,,,,,,
csr-ns3-feedback-observation-v1,ack_response_context,312.44974400000001,1,2,ACK,62,140,461,1,4503599627370495,0,128,133333.33333333334,33,-103,1,-103,123.16724984190499,0,8,128,-36,33,12,128,133333.33333333334,33,,,,,,
csr-ns3-feedback-observation-v1,feedback_selection,312.44974400000001,1,2,ACK,63,141,462,1,9007199254740991,0,128,133333.33333333334,33,-103,1,-103,123.16724984190499,0,8,128,-36,33,12,,,,,,,,,
csr-ns3-feedback-observation-v1,ack_response_context,312.44974400000001,1,2,ACK,63,141,462,1,9007199254740991,0,128,133333.33333333334,33,-103,1,-103,123.16724984190499,0,8,128,-36,33,12,128,133333.33333333334,33,,,,,,
csr-ns3-feedback-observation-v1,feedback_selection,312.44974400000001,1,2,ACK,64,142,463,1,18014398509481983,0,128,133333.33333333334,33,-103,1,-103,123.16724984190499,0,8,128,-36,33,12,,,,,,,,,
csr-ns3-feedback-observation-v1,ack_response_context,312.44974400000001,1,2,ACK,64,142,463,1,18014398509481983,0,128,133333.33333333334,33,-103,1,-103,123.16724984190499,0,8,128,-36,33,12,128,133333.33333333334,33,,,,,,
csr-ns3-feedback-observation-v1,feedback_selection,312.44974400000001,1,2,ACK,65,143,464,1,36028797018963967,0,128,133333.33333333334,33,-103,1,-103,123.16724984190499,0,8,128,-36,33,12,,,,,,,,,
csr-ns3-feedback-observation-v1,ack_response_context,312.44974400000001,1,2,ACK,65,143,464,1,36028797018963967,0,128,133333.33333333334,33,-103,1,-103,123.16724984190499,0,8,128,-36,33,12,128,133333.33333333334,33,,,,,,
csr-ns3-feedback-observation-v1,feedback_selection,312.44974400000001,1,2,ACK,66,144,465,1,72057594037927935,0,128,133333.33333333334,33,-103,1,-103,123.16724984190499,0,8,128,-36,33,12,,,,,,,,,
csr-ns3-feedback-observation-v1,ack_response_context,312.44974400000001,1,2,ACK,66,144,465,1,72057594037927935,0,128,133333.33333333334,33,-103,1,-103,123.16724984190499,0,8,128,-36,33,12,128,133333.33333333334,33,,,,,,
csr-ns3-feedback-observation-v1,feedback_selection,312.72274399999998,1,3,ACK,48,145,466,1,549755813887,0,128,133333.33333333334,33,-103,1,-103,123.16724984190499,0,8,128,-36,33,12,,,,,,,,,
csr-ns3-feedback-observation-v1,ack_response_context,312.72274399999998,1,3,ACK,48,145,466,1,549755813887,0,128,133333.33333333334,33,-103,1,-103,123.16724984190499,0,8,128,-36,33,12,128,133333.33333333334,33,,,,,,
csr-ns3-feedback-observation-v1,feedback_selection,312.72274399999998,1,3,ACK,49,146,467,1,1099511627775,0,128,133333.33333333334,33,-103,1,-103,123.16724984190499,0,8,128,-36,33,12,,,,,,,,,
csr-ns3-feedback-observation-v1,ack_response_context,312.72274399999998,1,3,ACK,49,146,467,1,1099511627775,0,128,133333.33333333334,33,-103,1,-103,123.16724984190499,0,8,128,-36,33,12,128,133333.33333333334,33,,,,,,
csr-ns3-feedback-observation-v1,feedback_selection,312.72274399999998,1,3,ACK,50,147,468,1,2199023255551,0,128,133333.33333333334,33,-103,1,-103,123.16724984190499,0,8,128,-36,33,12,,,,,,,,,
csr-ns3-feedback-observation-v1,ack_response_context,312.72274399999998,1,3,ACK,50,147,468,1,2199023255551,0,128,133333.33333333334,33,-103,1,-103,123.16724984190499,0,8,128,-36,33,12,128,133333.33333333334,33,,,,,,
csr-ns3-feedback-observation-v1,feedback_selection,312.72274399999998,1,3,ACK,51,148,469,1,4398046511103,0,128,133333.33333333334,33,-103,1,-103,123.16724984190499,0,8,128,-36,33,12,,,,,,,,,
csr-ns3-feedback-observation-v1,ack_response_context,312.72274399999998,1,3,ACK,51,148,469,1,4398046511103,0,128,133333.33333333334,33,-103,1,-103,123.16724984190499,0,8,128,-36,33,12,128,133333.33333333334,33,,,,,,
csr-ns3-feedback-observation-v1,feedback_selection,312.72274399999998,1,3,ACK,52,149,470,1,8796093022207,0,128,133333.33333333334,33,-103,1,-103,123.16724984190499,0,8,128,-36,33,12,,,,,,,,,
csr-ns3-feedback-observation-v1,ack_response_context,312.72274399999998,1,3,ACK,52,149,470,1,8796093022207,0,128,133333.33333333334,33,-103,1,-103,123.16724984190499,0,8,128,-36,33,12,128,133333.33333333334,33,,,,,,
csr-ns3-feedback-observation-v1,feedback_selection,312.72274399999998,1,3,ACK,53,150,471,1,17592186044415,0,128,133333.33333333334,33,-103,1,-103,123.16724984190499,0,8,128,-36,33,12,,,,,,,,,
csr-ns3-feedback-observation-v1,ack_response_context,312.72274399999998,1,3,ACK,53,150,471,1,17592186044415,0,128,133333.33333333334,33,-103,1,-103,123.16724984190499,0,8,128,-36,33,12,128,133333.33333333334,33,,,,,,
csr-ns3-feedback-observation-v1,ota_segment,312.80599999999998,1,3,ACK,53,150,471,1,17592186044415,0,128,133333.33333333334,33,-103,1,-103,123.16724984190499,0,8,128,-36,33,12,128,133333.33333333334,33,128,133333.33333333334,33,4294967356,1,2
csr-ns3-feedback-observation-v1,ota_segment,312.80599999999998,1,2,ACK,66,144,465,1,72057594037927935,0,128,133333.33333333334,33,-103,1,-103,123.16724984190499,0,8,128,-36,33,12,128,133333.33333333334,33,128,133333.33333333334,33,4294967356,2,2
csr-ns3-feedback-observation-v1,feedback_selection,313.125744,1,2,ACK,67,151,484,1,144115188075855871,0,128,133333.33333333334,33,-103,1,-103,123.16724984190499,0,8,128,-36,33,12,,,,,,,,,
csr-ns3-feedback-observation-v1,ack_response_context,313.125744,1,2,ACK,67,151,484,1,144115188075855871,0,128,133333.33333333334,33,-103,1,-103,123.16724984190499,0,8,128,-36,33,12,128,133333.33333333334,33,,,,,,
csr-ns3-feedback-observation-v1,feedback_selection,313.125744,1,2,ACK,68,152,485,1,288230376151711743,0,128,133333.33333333334,33,-103,1,-103,123.16724984190499,0,8,128,-36,33,12,,,,,,,,,
csr-ns3-feedback-observation-v1,ack_response_context,313.125744,1,2,ACK,68,152,485,1,288230376151711743,0,128,133333.33333333334,33,-103,1,-103,123.16724984190499,0,8,128,-36,33,12,128,133333.33333333334,33,,,,,,
csr-ns3-feedback-observation-v1,feedback_selection,313.125744,1,2,ACK,69,153,486,1,576460752303423487,0,128,133333.33333333334,33,-103,1,-103,123.16724984190499,0,8,128,-36,33,12,,,,,,,,,
csr-ns3-feedback-observation-v1,ack_response_context,313.125744,1,2,ACK,69,153,486,1,576460752303423487,0,128,133333.33333333334,33,-103,1,-103,123.16724984190499,0,8,128,-36,33,12,128,133333.33333333334,33,,,,,,
csr-ns3-feedback-observation-v1,feedback_selection,313.125744,1,2,ACK,70,154,487,1,1152921504606846975,0,128,133333.33333333334,33,-103,1,-103,123.16724984190499,0,8,128,-36,33,12,,,,,,,,,
csr-ns3-feedback-observation-v1,ack_response_context,313.125744,1,2,ACK,70,154,487,1,1152921504606846975,0,128,133333.33333333334,33,-103,1,-103,123.16724984190499,0,8,128,-36,33,12,128,133333.33333333334,33,,,,,,
csr-ns3-feedback-observation-v1,feedback_selection,313.125744,1,2,ACK,71,155,488,1,2305843009213693951,0,128,133333.33333333334,33,-103,1,-103,123.16724984190499,0,8,128,-36,33,12,,,,,,,,,
csr-ns3-feedback-observation-v1,ack_response_context,313.125744,1,2,ACK,71,155,488,1,2305843009213693951,0,128,133333.33333333334,33,-103,1,-103,123.16724984190499,0,8,128,-36,33,12,128,133333.33333333334,33,,,,,,
csr-ns3-feedback-observation-v1,feedback_selection,313.125744,1,2,ACK,72,156,489,1,4611686018427387903,0,128,133333.33333333334,33,-103,1,-103,123.16724984190499,0,8,128,-36,33,12,,,,,,,,,
csr-ns3-feedback-observation-v1,ack_response_context,313.125744,1,2,ACK,72,156,489,1,4611686018427387903,0,128,133333.33333333334,33,-103,1,-103,123.16724984190499,0,8,128,-36,33,12,128,133333.33333333334,33,,,,,,
csr-ns3-feedback-observation-v1,feedback_selection,313.37274400000001,1,3,ACK,54,157,490,1,35184372088831,0,128,133333.33333333334,33,-103,1,-103,123.16724984190499,0,8,128,-36,33,12,,,,,,,,,
csr-ns3-feedback-observation-v1,ack_response_context,313.37274400000001,1,3,ACK,54,157,490,1,35184372088831,0,128,133333.33333333334,33,-103,1,-103,123.16724984190499,0,8,128,-36,33,12,128,133333.33333333334,33,,,,,,
csr-ns3-feedback-observation-v1,feedback_selection,313.37274400000001,1,3,ACK,55,158,491,1,70368744177663,0,128,133333.33333333334,33,-103,1,-103,123.16724984190499,0,8,128,-36,33,12,,,,,,,,,
csr-ns3-feedback-observation-v1,ack_response_context,313.37274400000001,1,3,ACK,55,158,491,1,70368744177663,0,128,133333.33333333334,33,-103,1,-103,123.16724984190499,0,8,128,-36,33,12,128,133333.33333333334,33,,,,,,
csr-ns3-feedback-observation-v1,feedback_selection,313.37274400000001,1,3,ACK,56,159,492,1,140737488355327,0,128,133333.33333333334,33,-103,1,-103,123.16724984190499,0,8,128,-36,33,12,,,,,,,,,
csr-ns3-feedback-observation-v1,ack_response_context,313.37274400000001,1,3,ACK,56,159,492,1,140737488355327,0,128,133333.33333333334,33,-103,1,-103,123.16724984190499,0,8,128,-36,33,12,128,133333.33333333334,33,,,,,,
csr-ns3-feedback-observation-v1,feedback_selection,313.37274400000001,1,3,ACK,57,160,493,1,281474976710655,0,128,133333.33333333334,33,-103,1,-103,123.16724984190499,0,8,128,-36,33,12,,,,,,,,,
csr-ns3-feedback-observation-v1,ack_response_context,313.37274400000001,1,3,ACK,57,160,493,1,281474976710655,0,128,133333.33333333334,33,-103,1,-103,123.16724984190499,0,8,128,-36,33,12,128,133333.33333333334,33,,,,,,
csr-ns3-feedback-observation-v1,feedback_selection,313.37274400000001,1,3,ACK,58,161,494,1,562949953421311,0,128,133333.33333333334,33,-103,1,-103,123.16724984190499,0,8,128,-36,33,12,,,,,,,,,
csr-ns3-feedback-observation-v1,ack_response_context,313.37274400000001,1,3,ACK,58,161,494,1,562949953421311,0,128,133333.33333333334,33,-103,1,-103,123.16724984190499,0,8,128,-36,33,12,128,133333.33333333334,33,,,,,,
csr-ns3-feedback-observation-v1,feedback_selection,313.37274400000001,1,3,ACK,59,162,495,1,1125899906842623,0,128,133333.33333333334,33,-103,1,-103,123.16724984190499,0,8,128,-36,33,12,,,,,,,,,
csr-ns3-feedback-observation-v1,ack_response_context,313.37274400000001,1,3,ACK,59,162,495,1,1125899906842623,0,128,133333.33333333334,33,-103,1,-103,123.16724984190499,0,8,128,-36,33,12,128,133333.33333333334,33,,,,,,
csr-ns3-feedback-observation-v1,feedback_selection,313.632744,1,3,ACK,60,163,496,1,2251799813685247,0,128,133333.33333333334,33,-103,1,-103,123.16724984190499,0,8,128,-36,33,12,,,,,,,,,
csr-ns3-feedback-observation-v1,ack_response_context,313.632744,1,3,ACK,60,163,496,1,2251799813685247,0,128,133333.33333333334,33,-103,1,-103,123.16724984190499,0,8,128,-36,33,12,128,133333.33333333334,33,,,,,,
csr-ns3-feedback-observation-v1,feedback_selection,313.632744,1,3,ACK,61,164,497,1,4503599627370495,0,128,133333.33333333334,33,-103,1,-103,123.16724984190499,0,8,128,-36,33,12,,,,,,,,,
csr-ns3-feedback-observation-v1,ack_response_context,313.632744,1,3,ACK,61,164,497,1,4503599627370495,0,128,133333.33333333334,33,-103,1,-103,123.16724984190499,0,8,128,-36,33,12,128,133333.33333333334,33,,,,,,
csr-ns3-feedback-observation-v1,feedback_selection,313.632744,1,3,ACK,62,165,498,1,9007199254740991,0,128,133333.33333333334,33,-103,1,-103,123.16724984190499,0,8,128,-36,33,12,,,,,,,,,
csr-ns3-feedback-observation-v1,ack_response_context,313.632744,1,3,ACK,62,165,498,1,9007199254740991,0,128,133333.33333333334,33,-103,1,-103,123.16724984190499,0,8,128,-36,33,12,128,133333.33333333334,33,,,,,,
csr-ns3-feedback-observation-v1,feedback_selection,313.632744,1,3,ACK,63,166,499,1,18014398509481983,0,128,133333.33333333334,33,-103,1,-103,123.16724984190499,0,8,128,-36,33,12,,,,,,,,,
csr-ns3-feedback-observation-v1,ack_response_context,313.632744,1,3,ACK,63,166,499,1,18014398509481983,0,128,133333.33333333334,33,-103,1,-103,123.16724984190499,0,8,128,-36,33,12,128,133333.33333333334,33,,,,,,
csr-ns3-feedback-observation-v1,feedback_selection,313.632744,1,3,ACK,64,167,500,1,36028797018963967,0,128,133333.33333333334,33,-103,1,-103,123.16724984190499,0,8,128,-36,33,12,,,,,,,,,
csr-ns3-feedback-observation-v1,ack_response_context,313.632744,1,3,ACK,64,167,500,1,36028797018963967,0,128,133333.33333333334,33,-103,1,-103,123.16724984190499,0,8,128,-36,33,12,128,133333.33333333334,33,,,,,,
csr-ns3-feedback-observation-v1,feedback_selection,313.632744,1,3,ACK,65,168,501,1,72057594037927935,0,128,133333.33333333334,33,-103,1,-103,123.16724984190499,0,8,128,-36,33,12,,,,,,,,,
csr-ns3-feedback-observation-v1,ack_response_context,313.632744,1,3,ACK,65,168,501,1,72057594037927935,0,128,133333.33333333334,33,-103,1,-103,123.16724984190499,0,8,128,-36,33,12,128,133333.33333333334,33,,,,,,
csr-ns3-feedback-observation-v1,feedback_selection,313.82068400000003,1,3,ACK,66,169,502,1,144115188075855871,0,128,133333.33333333334,33,-103,1,-103,123.16724984190499,0,8,128,-36,33,12,,,,,,,,,
csr-ns3-feedback-observation-v1,ack_response_context,313.82068400000003,1,3,ACK,66,169,502,1,144115188075855871,0,128,133333.33333333334,33,-103,1,-103,123.16724984190499,0,8,128,-36,33,12,128,133333.33333333334,33,,,,,,
csr-ns3-feedback-observation-v1,feedback_selection,313.82068400000003,1,3,ACK,67,170,503,1,288230376151711743,0,128,133333.33333333334,33,-103,1,-103,123.16724984190499,0,8,128,-36,33,12,,,,,,,,,
csr-ns3-feedback-observation-v1,ack_response_context,313.82068400000003,1,3,ACK,67,170,503,1,288230376151711743,0,128,133333.33333333334,33,-103,1,-103,123.16724984190499,0,8,128,-36,33,12,128,133333.33333333334,33,,,,,,
csr-ns3-feedback-observation-v1,feedback_selection,313.82068400000003,1,3,ACK,68,171,504,1,576460752303423487,0,128,133333.33333333334,33,-103,1,-103,123.16724984190499,0,8,128,-36,33,12,,,,,,,,,
csr-ns3-feedback-observation-v1,ack_response_context,313.82068400000003,1,3,ACK,68,171,504,1,576460752303423487,0,128,133333.33333333334,33,-103,1,-103,123.16724984190499,0,8,128,-36,33,12,128,133333.33333333334,33,,,,,,
csr-ns3-feedback-observation-v1,feedback_selection,314.08774399999999,1,2,ACK,73,172,505,1,9223372036854775807,0,128,133333.33333333334,33,-103,1,-103,123.16724984190499,0,8,128,-36,33,12,,,,,,,,,
csr-ns3-feedback-observation-v1,ack_response_context,314.08774399999999,1,2,ACK,73,172,505,1,9223372036854775807,0,128,133333.33333333334,33,-103,1,-103,123.16724984190499,0,8,128,-36,33,12,128,133333.33333333334,33,,,,,,
csr-ns3-feedback-observation-v1,feedback_selection,314.08774399999999,1,2,ACK,74,173,506,1,18446744073709551615,0,128,133333.33333333334,33,-103,1,-103,123.16724984190499,0,8,128,-36,33,12,,,,,,,,,
csr-ns3-feedback-observation-v1,ack_response_context,314.08774399999999,1,2,ACK,74,173,506,1,18446744073709551615,0,128,133333.33333333334,33,-103,1,-103,123.16724984190499,0,8,128,-36,33,12,128,133333.33333333334,33,,,,,,
csr-ns3-feedback-observation-v1,feedback_selection,314.08774399999999,1,2,ACK,75,174,507,1,18446744073709551615,0,128,133333.33333333334,33,-103,1,-103,123.16724984190499,0,8,128,-36,33,12,,,,,,,,,
csr-ns3-feedback-observation-v1,ack_response_context,314.08774399999999,1,2,ACK,75,174,507,1,18446744073709551615,0,128,133333.33333333334,33,-103,1,-103,123.16724984190499,0,8,128,-36,33,12,128,133333.33333333334,33,,,,,,
csr-ns3-feedback-observation-v1,feedback_selection,314.08774399999999,1,2,ACK,76,175,508,1,18446744073709551615,0,128,133333.33333333334,33,-103,1,-103,123.16724984190499,0,8,128,-36,33,12,,,,,,,,,
csr-ns3-feedback-observation-v1,ack_response_context,314.08774399999999,1,2,ACK,76,175,508,1,18446744073709551615,0,128,133333.33333333334,33,-103,1,-103,123.16724984190499,0,8,128,-36,33,12,128,133333.33333333334,33,,,,,,
csr-ns3-feedback-observation-v1,feedback_selection,314.08774399999999,1,2,ACK,77,176,509,1,18446744073709551615,0,128,133333.33333333334,33,-103,1,-103,123.16724984190499,0,8,128,-36,33,12,,,,,,,,,
csr-ns3-feedback-observation-v1,ack_response_context,314.08774399999999,1,2,ACK,77,176,509,1,18446744073709551615,0,128,133333.33333333334,33,-103,1,-103,123.16724984190499,0,8,128,-36,33,12,128,133333.33333333334,33,,,,,,
csr-ns3-feedback-observation-v1,feedback_selection,314.08774399999999,1,2,ACK,78,177,510,1,18446744073709551615,0,128,133333.33333333334,33,-103,1,-103,123.16724984190499,0,8,128,-36,33,12,,,,,,,,,
csr-ns3-feedback-observation-v1,ack_response_context,314.08774399999999,1,2,ACK,78,177,510,1,18446744073709551615,0,128,133333.33333333334,33,-103,1,-103,123.16724984190499,0,8,128,-36,33,12,128,133333.33333333334,33,,,,,,
csr-ns3-feedback-observation-v1,feedback_selection,314.26070399999998,1,2,ACK,79,178,511,1,18446744073709551615,0,128,133333.33333333334,33,-103,1,-103,123.16724984190499,0,8,128,-36,33,12,,,,,,,,,
csr-ns3-feedback-observation-v1,ack_response_context,314.26070399999998,1,2,ACK,79,178,511,1,18446744073709551615,0,128,133333.33333333334,33,-103,1,-103,123.16724984190499,0,8,128,-36,33,12,128,133333.33333333334,33,,,,,,
csr-ns3-feedback-observation-v1,feedback_selection,314.26070399999998,1,2,ACK,80,179,512,1,18446744073709551615,0,128,133333.33333333334,33,-103,1,-103,123.16724984190499,0,8,128,-36,33,12,,,,,,,,,
csr-ns3-feedback-observation-v1,ack_response_context,314.26070399999998,1,2,ACK,80,179,512,1,18446744073709551615,0,128,133333.33333333334,33,-103,1,-103,123.16724984190499,0,8,128,-36,33,12,128,133333.33333333334,33,,,,,,
csr-ns3-feedback-observation-v1,feedback_selection,314.26070399999998,1,2,ACK,81,180,513,1,18446744073709551615,0,128,133333.33333333334,33,-103,1,-103,123.16724984190499,0,8,128,-36,33,12,,,,,,,,,
csr-ns3-feedback-observation-v1,ack_response_context,314.26070399999998,1,2,ACK,81,180,513,1,18446744073709551615,0,128,133333.33333333334,33,-103,1,-103,123.16724984190499,0,8,128,-36,33,12,128,133333.33333333334,33,,,,,,
csr-ns3-feedback-observation-v1,feedback_selection,314.26070399999998,1,2,ACK,82,181,514,1,18446744073709551615,0,128,133333.33333333334,33,-103,1,-103,123.16724984190499,0,8,128,-36,33,12,,,,,,,,,
csr-ns3-feedback-observation-v1,ack_response_context,314.26070399999998,1,2,ACK,82,181,514,1,18446744073709551615,0,128,133333.33333333334,33,-103,1,-103,123.16724984190499,0,8,128,-36,33,12,128,133333.33333333334,33,,,,,,
csr-ns3-feedback-observation-v1,ota_segment,314.392,1,3,ACK,68,171,504,1,576460752303423487,0,128,133333.33333333334,33,-103,1,-103,123.16724984190499,0,8,128,-36,33,12,128,133333.33333333334,33,128,133333.33333333334,33,4294967357,1,2
csr-ns3-feedback-observation-v1,ota_segment,314.392,1,2,ACK,82,181,514,1,18446744073709551615,0,128,133333.33333333334,33,-103,1,-103,123.16724984190499,0,8,128,-36,33,12,128,133333.33333333334,33,128,133333.33333333334,33,4294967357,2,2
csr-ns3-feedback-observation-v1,ota_segment,314.41800000000001,1,3,ACK,68,171,504,1,576460752303423487,0,128,133333.33333333334,33,-103,1,-103,123.16724984190499,0,8,128,-36,33,12,128,133333.33333333334,33,128,133333.33333333334,33,4294967358,1,2
csr-ns3-feedback-observation-v1,ota_segment,314.41800000000001,1,2,ACK,82,181,514,1,18446744073709551615,0,128,133333.33333333334,33,-103,1,-103,123.16724984190499,0,8,128,-36,33,12,128,133333.33333333334,33,128,133333.33333333334,33,4294967358,2,2
csr-ns3-feedback-observation-v1,feedback_selection,314.72474399999999,1,2,ACK,83,182,546,1,18446744073709551615,0,128,133333.33333333334,33,-103,1,-103,123.16724984190499,0,8,128,-36,33,12,,,,,,,,,
csr-ns3-feedback-observation-v1,ack_response_context,314.72474399999999,1,2,ACK,83,182,546,1,18446744073709551615,0,128,133333.33333333334,33,-103,1,-103,123.16724984190499,0,8,128,-36,33,12,128,133333.33333333334,33,,,,,,
csr-ns3-feedback-observation-v1,feedback_selection,314.72474399999999,1,2,ACK,84,183,547,1,18446744073709551615,0,128,133333.33333333334,33,-103,1,-103,123.16724984190499,0,8,128,-36,33,12,,,,,,,,,
csr-ns3-feedback-observation-v1,ack_response_context,314.72474399999999,1,2,ACK,84,183,547,1,18446744073709551615,0,128,133333.33333333334,33,-103,1,-103,123.16724984190499,0,8,128,-36,33,12,128,133333.33333333334,33,,,,,,
csr-ns3-feedback-observation-v1,feedback_selection,314.72474399999999,1,2,ACK,85,184,548,1,18446744073709551615,0,128,133333.33333333334,33,-103,1,-103,123.16724984190499,0,8,128,-36,33,12,,,,,,,,,
csr-ns3-feedback-observation-v1,ack_response_context,314.72474399999999,1,2,ACK,85,184,548,1,18446744073709551615,0,128,133333.33333333334,33,-103,1,-103,123.16724984190499,0,8,128,-36,33,12,128,133333.33333333334,33,,,,,,
csr-ns3-feedback-observation-v1,feedback_selection,314.72474399999999,1,2,ACK,86,185,549,1,18446744073709551615,0,128,133333.33333333334,33,-103,1,-103,123.16724984190499,0,8,128,-36,33,12,,,,,,,,,
csr-ns3-feedback-observation-v1,ack_response_context,314.72474399999999,1,2,ACK,86,185,549,1,18446744073709551615,0,128,133333.33333333334,33,-103,1,-103,123.16724984190499,0,8,128,-36,33,12,128,133333.33333333334,33,,,,,,
csr-ns3-feedback-observation-v1,feedback_selection,314.72474399999999,1,2,ACK,87,186,550,1,18446744073709551615,0,128,133333.33333333334,33,-103,1,-103,123.16724984190499,0,8,128,-36,33,12,,,,,,,,,
csr-ns3-feedback-observation-v1,ack_response_context,314.72474399999999,1,2,ACK,87,186,550,1,18446744073709551615,0,128,133333.33333333334,33,-103,1,-103,123.16724984190499,0,8,128,-36,33,12,128,133333.33333333334,33,,,,,,
csr-ns3-feedback-observation-v1,feedback_selection,314.72474399999999,1,2,ACK,88,187,551,1,18446744073709551615,0,128,133333.33333333334,33,-103,1,-103,123.16724984190499,0,8,128,-36,33,12,,,,,,,,,
csr-ns3-feedback-observation-v1,ack_response_context,314.72474399999999,1,2,ACK,88,187,551,1,18446744073709551615,0,128,133333.33333333334,33,-103,1,-103,123.16724984190499,0,8,128,-36,33,12,128,133333.33333333334,33,,,,,,
csr-ns3-feedback-observation-v1,ota_segment,314.73000000000002,1,3,ACK,68,171,504,1,576460752303423487,0,128,133333.33333333334,33,-103,1,-103,123.16724984190499,0,8,128,-36,33,12,128,133333.33333333334,33,128,133333.33333333334,33,4294967359,1,2
csr-ns3-feedback-observation-v1,ota_segment,314.73000000000002,1,2,ACK,88,187,551,1,18446744073709551615,0,128,133333.33333333334,33,-103,1,-103,123.16724984190499,0,8,128,-36,33,12,128,133333.33333333334,33,128,133333.33333333334,33,4294967359,2,2
csr-ns3-feedback-observation-v1,ota_segment,314.75599999999997,1,3,ACK,68,171,504,1,576460752303423487,0,128,133333.33333333334,33,-103,1,-103,123.16724984190499,0,8,128,-36,33,12,128,133333.33333333334,33,128,133333.33333333334,33,4294967360,1,2
csr-ns3-feedback-observation-v1,ota_segment,314.75599999999997,1,2,ACK,88,187,551,1,18446744073709551615,0,128,133333.33333333334,33,-103,1,-103,123.16724984190499,0,8,128,-36,33,12,128,133333.33333333334,33,128,133333.33333333334,33,4294967360,2,2
csr-ns3-feedback-observation-v1,feedback_selection,315.02374400000002,1,3,ACK,69,188,558,1,1152921504606846975,0,128,133333.33333333334,33,-103,1,-103,123.16724984190499,0,8,128,-36,33,12,,,,,,,,,
csr-ns3-feedback-observation-v1,ack_response_context,315.02374400000002,1,3,ACK,69,188,558,1,1152921504606846975,0,128,133333.33333333334,33,-103,1,-103,123.16724984190499,0,8,128,-36,33,12,128,133333.33333333334,33,,,,,,
csr-ns3-feedback-observation-v1,feedback_selection,315.02374400000002,1,3,ACK,70,189,559,1,2305843009213693951,0,128,133333.33333333334,33,-103,1,-103,123.16724984190499,0,8,128,-36,33,12,,,,,,,,,
csr-ns3-feedback-observation-v1,ack_response_context,315.02374400000002,1,3,ACK,70,189,559,1,2305843009213693951,0,128,133333.33333333334,33,-103,1,-103,123.16724984190499,0,8,128,-36,33,12,128,133333.33333333334,33,,,,,,
csr-ns3-feedback-observation-v1,feedback_selection,315.02374400000002,1,3,ACK,71,190,560,1,4611686018427387903,0,128,133333.33333333334,33,-103,1,-103,123.16724984190499,0,8,128,-36,33,12,,,,,,,,,
csr-ns3-feedback-observation-v1,ack_response_context,315.02374400000002,1,3,ACK,71,190,560,1,4611686018427387903,0,128,133333.33333333334,33,-103,1,-103,123.16724984190499,0,8,128,-36,33,12,128,133333.33333333334,33,,,,,,
csr-ns3-feedback-observation-v1,feedback_selection,315.02374400000002,1,3,ACK,72,191,561,1,9223372036854775807,0,128,133333.33333333334,33,-103,1,-103,123.16724984190499,0,8,128,-36,33,12,,,,,,,,,
csr-ns3-feedback-observation-v1,ack_response_context,315.02374400000002,1,3,ACK,72,191,561,1,9223372036854775807,0,128,133333.33333333334,33,-103,1,-103,123.16724984190499,0,8,128,-36,33,12,128,133333.33333333334,33,,,,,,
csr-ns3-feedback-observation-v1,feedback_selection,315.02374400000002,1,3,ACK,73,192,562,1,18446744073709551615,0,128,133333.33333333334,33,-103,1,-103,123.16724984190499,0,8,128,-36,33,12,,,,,,,,,
csr-ns3-feedback-observation-v1,ack_response_context,315.02374400000002,1,3,ACK,73,192,562,1,18446744073709551615,0,128,133333.33333333334,33,-103,1,-103,123.16724984190499,0,8,128,-36,33,12,128,133333.33333333334,33,,,,,,
csr-ns3-feedback-observation-v1,feedback_selection,315.02374400000002,1,3,ACK,74,193,563,1,18446744073709551615,0,128,133333.33333333334,33,-103,1,-103,123.16724984190499,0,8,128,-36,33,12,,,,,,,,,
csr-ns3-feedback-observation-v1,ack_response_context,315.02374400000002,1,3,ACK,74,193,563,1,18446744073709551615,0,128,133333.33333333334,33,-103,1,-103,123.16724984190499,0,8,128,-36,33,12,128,133333.33333333334,33,,,,,,
csr-ns3-feedback-observation-v1,ota_segment,315.029,1,3,ACK,74,193,563,1,18446744073709551615,0,128,133333.33333333334,33,-103,1,-103,123.16724984190499,0,8,128,-36,33,12,128,133333.33333333334,33,128,133333.33333333334,33,4294967361,1,2
csr-ns3-feedback-observation-v1,ota_segment,315.029,1,2,ACK,88,187,551,1,18446744073709551615,0,128,133333.33333333334,33,-103,1,-103,123.16724984190499,0,8,128,-36,33,12,128,133333.33333333334,33,128,133333.33333333334,33,4294967361,2,2
csr-ns3-feedback-observation-v1,ota_segment,315.27600000000001,1,3,ACK,74,193,563,1,18446744073709551615,0,128,133333.33333333334,33,-103,1,-103,123.16724984190499,0,8,128,-36,33,12,128,133333.33333333334,33,128,133333.33333333334,33,4294967362,1,2
csr-ns3-feedback-observation-v1,ota_segment,315.27600000000001,1,2,ACK,88,187,551,1,18446744073709551615,0,128,133333.33333333334,33,-103,1,-103,123.16724984190499,0,8,128,-36,33,12,128,133333.33333333334,33,128,133333.33333333334,33,4294967362,2,2
csr-ns3-feedback-observation-v1,feedback_selection,315.58274399999999,1,3,ACK,75,194,570,1,18446744073709551615,0,128,133333.33333333334,33,-103,1,-103,123.16724984190499,0,8,128,-36,33,12,,,,,,,,,
csr-ns3-feedback-observation-v1,ack_response_context,315.58274399999999,1,3,ACK,75,194,570,1,18446744073709551615,0,128,133333.33333333334,33,-103,1,-103,123.16724984190499,0,8,128,-36,33,12,128,133333.33333333334,33,,,,,,
csr-ns3-feedback-observation-v1,feedback_selection,315.58274399999999,1,3,ACK,76,195,571,1,18446744073709551615,0,128,133333.33333333334,33,-103,1,-103,123.16724984190499,0,8,128,-36,33,12,,,,,,,,,
csr-ns3-feedback-observation-v1,ack_response_context,315.58274399999999,1,3,ACK,76,195,571,1,18446744073709551615,0,128,133333.33333333334,33,-103,1,-103,123.16724984190499,0,8,128,-36,33,12,128,133333.33333333334,33,,,,,,
csr-ns3-feedback-observation-v1,feedback_selection,315.58274399999999,1,3,ACK,77,196,572,1,18446744073709551615,0,128,133333.33333333334,33,-103,1,-103,123.16724984190499,0,8,128,-36,33,12,,,,,,,,,
csr-ns3-feedback-observation-v1,ack_response_context,315.58274399999999,1,3,ACK,77,196,572,1,18446744073709551615,0,128,133333.33333333334,33,-103,1,-103,123.16724984190499,0,8,128,-36,33,12,128,133333.33333333334,33,,,,,,
csr-ns3-feedback-observation-v1,feedback_selection,315.58274399999999,1,3,ACK,78,197,573,1,18446744073709551615,0,128,133333.33333333334,33,-103,1,-103,123.16724984190499,0,8,128,-36,33,12,,,,,,,,,
csr-ns3-feedback-observation-v1,ack_response_context,315.58274399999999,1,3,ACK,78,197,573,1,18446744073709551615,0,128,133333.33333333334,33,-103,1,-103,123.16724984190499,0,8,128,-36,33,12,128,133333.33333333334,33,,,,,,
csr-ns3-feedback-observation-v1,feedback_selection,315.58274399999999,1,3,ACK,79,198,574,1,18446744073709551615,0,128,133333.33333333334,33,-103,1,-103,123.16724984190499,0,8,128,-36,33,12,,,,,,,,,
csr-ns3-feedback-observation-v1,ack_response_context,315.58274399999999,1,3,ACK,79,198,574,1,18446744073709551615,0,128,133333.33333333334,33,-103,1,-103,123.16724984190499,0,8,128,-36,33,12,128,133333.33333333334,33,,,,,,
csr-ns3-feedback-observation-v1,feedback_selection,315.58274399999999,1,3,ACK,80,199,575,1,18446744073709551615,0,128,133333.33333333334,33,-103,1,-103,123.16724984190499,0,8,128,-36,33,12,,,,,,,,,
csr-ns3-feedback-observation-v1,ack_response_context,315.58274399999999,1,3,ACK,80,199,575,1,18446744073709551615,0,128,133333.33333333334,33,-103,1,-103,123.16724984190499,0,8,128,-36,33,12,128,133333.33333333334,33,,,,,,
csr-ns3-feedback-observation-v1,feedback_selection,315.88174400000003,1,3,ACK,81,200,576,1,18446744073709551615,0,128,133333.33333333334,33,-103,1,-103,123.16724984190499,0,8,128,-36,33,12,,,,,,,,,
csr-ns3-feedback-observation-v1,ack_response_context,315.88174400000003,1,3,ACK,81,200,576,1,18446744073709551615,0,128,133333.33333333334,33,-103,1,-103,123.16724984190499,0,8,128,-36,33,12,128,133333.33333333334,33,,,,,,
csr-ns3-feedback-observation-v1,feedback_selection,315.88174400000003,1,3,ACK,82,201,577,1,18446744073709551615,0,128,133333.33333333334,33,-103,1,-103,123.16724984190499,0,8,128,-36,33,12,,,,,,,,,
csr-ns3-feedback-observation-v1,ack_response_context,315.88174400000003,1,3,ACK,82,201,577,1,18446744073709551615,0,128,133333.33333333334,33,-103,1,-103,123.16724984190499,0,8,128,-36,33,12,128,133333.33333333334,33,,,,,,
csr-ns3-feedback-observation-v1,feedback_selection,315.88174400000003,1,3,ACK,83,202,578,1,18446744073709551615,0,128,133333.33333333334,33,-103,1,-103,123.16724984190499,0,8,128,-36,33,12,,,,,,,,,
csr-ns3-feedback-observation-v1,ack_response_context,315.88174400000003,1,3,ACK,83,202,578,1,18446744073709551615,0,128,133333.33333333334,33,-103,1,-103,123.16724984190499,0,8,128,-36,33,12,128,133333.33333333334,33,,,,,,
csr-ns3-feedback-observation-v1,feedback_selection,315.88174400000003,1,3,ACK,84,203,579,1,18446744073709551615,0,128,133333.33333333334,33,-103,1,-103,123.16724984190499,0,8,128,-36,33,12,,,,,,,,,
csr-ns3-feedback-observation-v1,ack_response_context,315.88174400000003,1,3,ACK,84,203,579,1,18446744073709551615,0,128,133333.33333333334,33,-103,1,-103,123.16724984190499,0,8,128,-36,33,12,128,133333.33333333334,33,,,,,,
csr-ns3-feedback-observation-v1,feedback_selection,315.88174400000003,1,3,ACK,85,204,580,1,18446744073709551615,0,128,133333.33333333334,33,-103,1,-103,123.16724984190499,0,8,128,-36,33,12,,,,,,,,,
csr-ns3-feedback-observation-v1,ack_response_context,315.88174400000003,1,3,ACK,85,204,580,1,18446744073709551615,0,128,133333.33333333334,33,-103,1,-103,123.16724984190499,0,8,128,-36,33,12,128,133333.33333333334,33,,,,,,
csr-ns3-feedback-observation-v1,feedback_selection,315.88174400000003,1,3,ACK,86,205,581,1,18446744073709551615,0,128,133333.33333333334,33,-103,1,-103,123.16724984190499,0,8,128,-36,33,12,,,,,,,,,
csr-ns3-feedback-observation-v1,ack_response_context,315.88174400000003,1,3,ACK,86,205,581,1,18446744073709551615,0,128,133333.33333333334,33,-103,1,-103,123.16724984190499,0,8,128,-36,33,12,128,133333.33333333334,33,,,,,,
csr-ns3-feedback-observation-v1,feedback_selection,316.12874399999998,1,2,ACK,89,206,582,1,18446744073709551615,0,128,133333.33333333334,33,-103,1,-103,123.16724984190499,0,8,128,-36,33,12,,,,,,,,,
csr-ns3-feedback-observation-v1,ack_response_context,316.12874399999998,1,2,ACK,89,206,582,1,18446744073709551615,0,128,133333.33333333334,33,-103,1,-103,123.16724984190499,0,8,128,-36,33,12,128,133333.33333333334,33,,,,,,
csr-ns3-feedback-observation-v1,feedback_selection,316.12874399999998,1,2,ACK,90,207,583,1,18446744073709551615,0,128,133333.33333333334,33,-103,1,-103,123.16724984190499,0,8,128,-36,33,12,,,,,,,,,
csr-ns3-feedback-observation-v1,ack_response_context,316.12874399999998,1,2,ACK,90,207,583,1,18446744073709551615,0,128,133333.33333333334,33,-103,1,-103,123.16724984190499,0,8,128,-36,33,12,128,133333.33333333334,33,,,,,,
csr-ns3-feedback-observation-v1,feedback_selection,316.12874399999998,1,2,ACK,91,208,584,1,18446744073709551615,0,128,133333.33333333334,33,-103,1,-103,123.16724984190499,0,8,128,-36,33,12,,,,,,,,,
csr-ns3-feedback-observation-v1,ack_response_context,316.12874399999998,1,2,ACK,91,208,584,1,18446744073709551615,0,128,133333.33333333334,33,-103,1,-103,123.16724984190499,0,8,128,-36,33,12,128,133333.33333333334,33,,,,,,
csr-ns3-feedback-observation-v1,feedback_selection,316.12874399999998,1,2,ACK,92,209,585,1,18446744073709551615,0,128,133333.33333333334,33,-103,1,-103,123.16724984190499,0,8,128,-36,33,12,,,,,,,,,
csr-ns3-feedback-observation-v1,ack_response_context,316.12874399999998,1,2,ACK,92,209,585,1,18446744073709551615,0,128,133333.33333333334,33,-103,1,-103,123.16724984190499,0,8,128,-36,33,12,128,133333.33333333334,33,,,,,,
csr-ns3-feedback-observation-v1,feedback_selection,316.12874399999998,1,2,ACK,93,210,586,1,18446744073709551615,0,128,133333.33333333334,33,-103,1,-103,123.16724984190499,0,8,128,-36,33,12,,,,,,,,,
csr-ns3-feedback-observation-v1,ack_response_context,316.12874399999998,1,2,ACK,93,210,586,1,18446744073709551615,0,128,133333.33333333334,33,-103,1,-103,123.16724984190499,0,8,128,-36,33,12,128,133333.33333333334,33,,,,,,
csr-ns3-feedback-observation-v1,feedback_selection,316.12874399999998,1,2,ACK,94,211,587,1,18446744073709551615,0,128,133333.33333333334,33,-103,1,-103,123.16724984190499,0,8,128,-36,33,12,,,,,,,,,
csr-ns3-feedback-observation-v1,ack_response_context,316.12874399999998,1,2,ACK,94,211,587,1,18446744073709551615,0,128,133333.33333333334,33,-103,1,-103,123.16724984190499,0,8,128,-36,33,12,128,133333.33333333334,33,,,,,,
csr-ns3-feedback-observation-v1,feedback_selection,316.35370399999999,1,3,ACK,87,212,588,1,18446744073709551615,0,128,133333.33333333334,33,-103,1,-103,123.16724984190499,0,8,128,-36,33,12,,,,,,,,,
csr-ns3-feedback-observation-v1,ack_response_context,316.35370399999999,1,3,ACK,87,212,588,1,18446744073709551615,0,128,133333.33333333334,33,-103,1,-103,123.16724984190499,0,8,128,-36,33,12,128,133333.33333333334,33,,,,,,
csr-ns3-feedback-observation-v1,feedback_selection,316.35370399999999,1,3,ACK,88,213,589,1,18446744073709551615,0,128,133333.33333333334,33,-103,1,-103,123.16724984190499,0,8,128,-36,33,12,,,,,,,,,
csr-ns3-feedback-observation-v1,ack_response_context,316.35370399999999,1,3,ACK,88,213,589,1,18446744073709551615,0,128,133333.33333333334,33,-103,1,-103,123.16724984190499,0,8,128,-36,33,12,128,133333.33333333334,33,,,,,,
csr-ns3-feedback-observation-v1,feedback_selection,316.35370399999999,1,3,ACK,89,214,590,1,18446744073709551615,0,128,133333.33333333334,33,-103,1,-103,123.16724984190499,0,8,128,-36,33,12,,,,,,,,,
csr-ns3-feedback-observation-v1,ack_response_context,316.35370399999999,1,3,ACK,89,214,590,1,18446744073709551615,0,128,133333.33333333334,33,-103,1,-103,123.16724984190499,0,8,128,-36,33,12,128,133333.33333333334,33,,,,,,
csr-ns3-feedback-observation-v1,feedback_selection,316.35370399999999,1,3,ACK,90,215,591,1,18446744073709551615,0,128,133333.33333333334,33,-103,1,-103,123.16724984190499,0,8,128,-36,33,12,,,,,,,,,
csr-ns3-feedback-observation-v1,ack_response_context,316.35370399999999,1,3,ACK,90,215,591,1,18446744073709551615,0,128,133333.33333333334,33,-103,1,-103,123.16724984190499,0,8,128,-36,33,12,128,133333.33333333334,33,,,,,,
csr-ns3-feedback-observation-v1,ota_segment,316.56299999999999,1,3,ACK,90,215,591,1,18446744073709551615,0,128,133333.33333333334,33,-103,1,-103,123.16724984190499,0,8,128,-36,33,12,128,133333.33333333334,33,128,133333.33333333334,33,4294967363,1,2
csr-ns3-feedback-observation-v1,ota_segment,316.56299999999999,1,2,ACK,94,211,587,1,18446744073709551615,0,128,133333.33333333334,33,-103,1,-103,123.16724984190499,0,8,128,-36,33,12,128,133333.33333333334,33,128,133333.33333333334,33,4294967363,2,2
csr-ns3-feedback-observation-v1,feedback_selection,316.83074399999998,1,2,ACK,95,216,614,1,18446744073709551615,0,128,133333.33333333334,33,-103,1,-103,123.16724984190499,0,8,128,-36,33,12,,,,,,,,,
csr-ns3-feedback-observation-v1,ack_response_context,316.83074399999998,1,2,ACK,95,216,614,1,18446744073709551615,0,128,133333.33333333334,33,-103,1,-103,123.16724984190499,0,8,128,-36,33,12,128,133333.33333333334,33,,,,,,
csr-ns3-feedback-observation-v1,feedback_selection,316.83074399999998,1,2,ACK,96,217,615,1,18446744073709551615,0,128,133333.33333333334,33,-103,1,-103,123.16724984190499,0,8,128,-36,33,12,,,,,,,,,
csr-ns3-feedback-observation-v1,ack_response_context,316.83074399999998,1,2,ACK,96,217,615,1,18446744073709551615,0,128,133333.33333333334,33,-103,1,-103,123.16724984190499,0,8,128,-36,33,12,128,133333.33333333334,33,,,,,,
csr-ns3-feedback-observation-v1,feedback_selection,316.83074399999998,1,2,ACK,97,218,616,1,18446744073709551615,0,128,133333.33333333334,33,-103,1,-103,123.16724984190499,0,8,128,-36,33,12,,,,,,,,,
csr-ns3-feedback-observation-v1,ack_response_context,316.83074399999998,1,2,ACK,97,218,616,1,18446744073709551615,0,128,133333.33333333334,33,-103,1,-103,123.16724984190499,0,8,128,-36,33,12,128,133333.33333333334,33,,,,,,
csr-ns3-feedback-observation-v1,feedback_selection,316.83074399999998,1,2,ACK,98,219,617,1,18446744073709551615,0,128,133333.33333333334,33,-103,1,-103,123.16724984190499,0,8,128,-36,33,12,,,,,,,,,
csr-ns3-feedback-observation-v1,ack_response_context,316.83074399999998,1,2,ACK,98,219,617,1,18446744073709551615,0,128,133333.33333333334,33,-103,1,-103,123.16724984190499,0,8,128,-36,33,12,128,133333.33333333334,33,,,,,,
csr-ns3-feedback-observation-v1,feedback_selection,316.83074399999998,1,2,ACK,99,220,618,1,18446744073709551615,0,128,133333.33333333334,33,-103,1,-103,123.16724984190499,0,8,128,-36,33,12,,,,,,,,,
csr-ns3-feedback-observation-v1,ack_response_context,316.83074399999998,1,2,ACK,99,220,618,1,18446744073709551615,0,128,133333.33333333334,33,-103,1,-103,123.16724984190499,0,8,128,-36,33,12,128,133333.33333333334,33,,,,,,
csr-ns3-feedback-observation-v1,feedback_selection,316.83074399999998,1,2,ACK,100,221,619,1,18446744073709551615,0,128,133333.33333333334,33,-103,1,-103,123.16724984190499,0,8,128,-36,33,12,,,,,,,,,
csr-ns3-feedback-observation-v1,ack_response_context,316.83074399999998,1,2,ACK,100,221,619,1,18446744073709551615,0,128,133333.33333333334,33,-103,1,-103,123.16724984190499,0,8,128,-36,33,12,128,133333.33333333334,33,,,,,,
csr-ns3-feedback-observation-v1,feedback_selection,317.09074399999997,1,2,ACK,101,222,620,1,18446744073709551615,0,128,133333.33333333334,33,-103,1,-103,123.16724984190499,0,8,128,-36,33,12,,,,,,,,,
csr-ns3-feedback-observation-v1,ack_response_context,317.09074399999997,1,2,ACK,101,222,620,1,18446744073709551615,0,128,133333.33333333334,33,-103,1,-103,123.16724984190499,0,8,128,-36,33,12,128,133333.33333333334,33,,,,,,
csr-ns3-feedback-observation-v1,feedback_selection,317.09074399999997,1,2,ACK,102,223,621,1,18446744073709551615,0,128,133333.33333333334,33,-103,1,-103,123.16724984190499,0,8,128,-36,33,12,,,,,,,,,
csr-ns3-feedback-observation-v1,ack_response_context,317.09074399999997,1,2,ACK,102,223,621,1,18446744073709551615,0,128,133333.33333333334,33,-103,1,-103,123.16724984190499,0,8,128,-36,33,12,128,133333.33333333334,33,,,,,,
csr-ns3-feedback-observation-v1,feedback_selection,317.09074399999997,1,2,ACK,103,224,622,1,18446744073709551615,0,128,133333.33333333334,33,-103,1,-103,123.16724984190499,0,8,128,-36,33,12,,,,,,,,,
csr-ns3-feedback-observation-v1,ack_response_context,317.09074399999997,1,2,ACK,103,224,622,1,18446744073709551615,0,128,133333.33333333334,33,-103,1,-103,123.16724984190499,0,8,128,-36,33,12,128,133333.33333333334,33,,,,,,
csr-ns3-feedback-observation-v1,feedback_selection,317.09074399999997,1,2,ACK,104,225,623,1,18446744073709551615,0,128,133333.33333333334,33,-103,1,-103,123.16724984190499,0,8,128,-36,33,12,,,,,,,,,
csr-ns3-feedback-observation-v1,ack_response_context,317.09074399999997,1,2,ACK,104,225,623,1,18446744073709551615,0,128,133333.33333333334,33,-103,1,-103,123.16724984190499,0,8,128,-36,33,12,128,133333.33333333334,33,,,,,,
csr-ns3-feedback-observation-v1,feedback_selection,317.09074399999997,1,2,ACK,105,226,624,1,18446744073709551615,0,128,133333.33333333334,33,-103,1,-103,123.16724984190499,0,8,128,-36,33,12,,,,,,,,,
csr-ns3-feedback-observation-v1,ack_response_context,317.09074399999997,1,2,ACK,105,226,624,1,18446744073709551615,0,128,133333.33333333334,33,-103,1,-103,123.16724984190499,0,8,128,-36,33,12,128,133333.33333333334,33,,,,,,
csr-ns3-feedback-observation-v1,feedback_selection,317.09074399999997,1,2,ACK,106,227,625,1,18446744073709551615,0,128,133333.33333333334,33,-103,1,-103,123.16724984190499,0,8,128,-36,33,12,,,,,,,,,
csr-ns3-feedback-observation-v1,ack_response_context,317.09074399999997,1,2,ACK,106,227,625,1,18446744073709551615,0,128,133333.33333333334,33,-103,1,-103,123.16724984190499,0,8,128,-36,33,12,128,133333.33333333334,33,,,,,,
csr-ns3-feedback-observation-v1,feedback_selection,317.46774399999998,1,3,ACK,91,228,626,1,18446744073709551615,0,128,133333.33333333334,33,-103,1,-103,123.16724984190499,0,8,128,-36,33,12,,,,,,,,,
csr-ns3-feedback-observation-v1,ack_response_context,317.46774399999998,1,3,ACK,91,228,626,1,18446744073709551615,0,128,133333.33333333334,33,-103,1,-103,123.16724984190499,0,8,128,-36,33,12,128,133333.33333333334,33,,,,,,
csr-ns3-feedback-observation-v1,feedback_selection,317.46774399999998,1,3,ACK,92,229,627,1,18446744073709551615,0,128,133333.33333333334,33,-103,1,-103,123.16724984190499,0,8,128,-36,33,12,,,,,,,,,
csr-ns3-feedback-observation-v1,ack_response_context,317.46774399999998,1,3,ACK,92,229,627,1,18446744073709551615,0,128,133333.33333333334,33,-103,1,-103,123.16724984190499,0,8,128,-36,33,12,128,133333.33333333334,33,,,,,,
csr-ns3-feedback-observation-v1,feedback_selection,317.46774399999998,1,3,ACK,93,230,628,1,18446744073709551615,0,128,133333.33333333334,33,-103,1,-103,123.16724984190499,0,8,128,-36,33,12,,,,,,,,,
csr-ns3-feedback-observation-v1,ack_response_context,317.46774399999998,1,3,ACK,93,230,628,1,18446744073709551615,0,128,133333.33333333334,33,-103,1,-103,123.16724984190499,0,8,128,-36,33,12,128,133333.33333333334,33,,,,,,
csr-ns3-feedback-observation-v1,feedback_selection,317.46774399999998,1,3,ACK,94,231,629,1,18446744073709551615,0,128,133333.33333333334,33,-103,1,-103,123.16724984190499,0,8,128,-36,33,12,,,,,,,,,
csr-ns3-feedback-observation-v1,ack_response_context,317.46774399999998,1,3,ACK,94,231,629,1,18446744073709551615,0,128,133333.33333333334,33,-103,1,-103,123.16724984190499,0,8,128,-36,33,12,128,133333.33333333334,33,,,,,,
csr-ns3-feedback-observation-v1,feedback_selection,317.46774399999998,1,3,ACK,95,232,630,1,18446744073709551615,0,128,133333.33333333334,33,-103,1,-103,123.16724984190499,0,8,128,-36,33,12,,,,,,,,,
csr-ns3-feedback-observation-v1,ack_response_context,317.46774399999998,1,3,ACK,95,232,630,1,18446744073709551615,0,128,133333.33333333334,33,-103,1,-103,123.16724984190499,0,8,128,-36,33,12,128,133333.33333333334,33,,,,,,
csr-ns3-feedback-observation-v1,feedback_selection,317.46774399999998,1,3,ACK,96,233,631,1,18446744073709551615,0,128,133333.33333333334,33,-103,1,-103,123.16724984190499,0,8,128,-36,33,12,,,,,,,,,
csr-ns3-feedback-observation-v1,ack_response_context,317.46774399999998,1,3,ACK,96,233,631,1,18446744073709551615,0,128,133333.33333333334,33,-103,1,-103,123.16724984190499,0,8,128,-36,33,12,128,133333.33333333334,33,,,,,,
csr-ns3-feedback-observation-v1,feedback_selection,317.718704,1,2,ACK,107,234,632,1,18446744073709551615,0,128,133333.33333333334,33,-103,1,-103,123.16724984190499,0,8,128,-36,33,12,,,,,,,,,
csr-ns3-feedback-observation-v1,ack_response_context,317.718704,1,2,ACK,107,234,632,1,18446744073709551615,0,128,133333.33333333334,33,-103,1,-103,123.16724984190499,0,8,128,-36,33,12,128,133333.33333333334,33,,,,,,
csr-ns3-feedback-observation-v1,feedback_selection,317.718704,1,2,ACK,108,235,633,1,18446744073709551615,0,128,133333.33333333334,33,-103,1,-103,123.16724984190499,0,8,128,-36,33,12,,,,,,,,,
csr-ns3-feedback-observation-v1,ack_response_context,317.718704,1,2,ACK,108,235,633,1,18446744073709551615,0,128,133333.33333333334,33,-103,1,-103,123.16724984190499,0,8,128,-36,33,12,128,133333.33333333334,33,,,,,,
csr-ns3-feedback-observation-v1,feedback_selection,317.718704,1,2,ACK,109,236,634,1,18446744073709551615,0,128,133333.33333333334,33,-103,1,-103,123.16724984190499,0,8,128,-36,33,12,,,,,,,,,
csr-ns3-feedback-observation-v1,ack_response_context,317.718704,1,2,ACK,109,236,634,1,18446744073709551615,0,128,133333.33333333334,33,-103,1,-103,123.16724984190499,0,8,128,-36,33,12,128,133333.33333333334,33,,,,,,
csr-ns3-feedback-observation-v1,feedback_selection,317.718704,1,2,ACK,110,237,635,1,18446744073709551615,0,128,133333.33333333334,33,-103,1,-103,123.16724984190499,0,8,128,-36,33,12,,,,,,,,,
csr-ns3-feedback-observation-v1,ack_response_context,317.718704,1,2,ACK,110,237,635,1,18446744073709551615,0,128,133333.33333333334,33,-103,1,-103,123.16724984190499,0,8,128,-36,33,12,128,133333.33333333334,33,,,,,,
csr-ns3-feedback-observation-v1,ota_segment,317.72000000000003,1,3,ACK,96,233,631,1,18446744073709551615,0,128,133333.33333333334,33,-103,1,-103,123.16724984190499,0,8,128,-36,33,12,128,133333.33333333334,33,128,133333.33333333334,33,4294967364,1,2
csr-ns3-feedback-observation-v1,ota_segment,317.72000000000003,1,2,ACK,110,237,635,1,18446744073709551615,0,128,133333.33333333334,33,-103,1,-103,123.16724984190499,0,8,128,-36,33,12,128,133333.33333333334,33,128,133333.33333333334,33,4294967364,2,2
csr-ns3-feedback-observation-v1,feedback_selection,318.01374399999997,1,2,ACK,111,238,658,1,18446744073709551615,0,128,133333.33333333334,33,-103,1,-103,123.16724984190499,0,8,128,-36,33,12,,,,,,,,,
csr-ns3-feedback-observation-v1,ack_response_context,318.01374399999997,1,2,ACK,111,238,658,1,18446744073709551615,0,128,133333.33333333334,33,-103,1,-103,123.16724984190499,0,8,128,-36,33,12,128,133333.33333333334,33,,,,,,
csr-ns3-feedback-observation-v1,feedback_selection,318.01374399999997,1,2,ACK,112,239,659,1,18446744073709551615,0,128,133333.33333333334,33,-103,1,-103,123.16724984190499,0,8,128,-36,33,12,,,,,,,,,
csr-ns3-feedback-observation-v1,ack_response_context,318.01374399999997,1,2,ACK,112,239,659,1,18446744073709551615,0,128,133333.33333333334,33,-103,1,-103,123.16724984190499,0,8,128,-36,33,12,128,133333.33333333334,33,,,,,,
csr-ns3-feedback-observation-v1,feedback_selection,318.01374399999997,1,2,ACK,113,240,660,1,18446744073709551615,0,128,133333.33333333334,33,-103,1,-103,123.16724984190499,0,8,128,-36,33,12,,,,,,,,,
csr-ns3-feedback-observation-v1,ack_response_context,318.01374399999997,1,2,ACK,113,240,660,1,18446744073709551615,0,128,133333.33333333334,33,-103,1,-103,123.16724984190499,0,8,128,-36,33,12,128,133333.33333333334,33,,,,,,
csr-ns3-feedback-observation-v1,feedback_selection,318.01374399999997,1,2,ACK,114,241,661,1,18446744073709551615,0,128,133333.33333333334,33,-103,1,-103,123.16724984190499,0,8,128,-36,33,12,,,,,,,,,
csr-ns3-feedback-observation-v1,ack_response_context,318.01374399999997,1,2,ACK,114,241,661,1,18446744073709551615,0,128,133333.33333333334,33,-103,1,-103,123.16724984190499,0,8,128,-36,33,12,128,133333.33333333334,33,,,,,,
csr-ns3-feedback-observation-v1,feedback_selection,318.01374399999997,1,2,ACK,115,242,662,1,18446744073709551615,0,128,133333.33333333334,33,-103,1,-103,123.16724984190499,0,8,128,-36,33,12,,,,,,,,,
csr-ns3-feedback-observation-v1,ack_response_context,318.01374399999997,1,2,ACK,115,242,662,1,18446744073709551615,0,128,133333.33333333334,33,-103,1,-103,123.16724984190499,0,8,128,-36,33,12,128,133333.33333333334,33,,,,,,
csr-ns3-feedback-observation-v1,feedback_selection,318.01374399999997,1,2,ACK,116,243,663,1,18446744073709551615,0,128,133333.33333333334,33,-103,1,-103,123.16724984190499,0,8,128,-36,33,12,,,,,,,,,
csr-ns3-feedback-observation-v1,ack_response_context,318.01374399999997,1,2,ACK,116,243,663,1,18446744073709551615,0,128,133333.33333333334,33,-103,1,-103,123.16724984190499,0,8,128,-36,33,12,128,133333.33333333334,33,,,,,,
csr-ns3-feedback-observation-v1,ota_segment,318.05799999999999,1,3,ACK,96,233,631,1,18446744073709551615,0,128,133333.33333333334,33,-103,1,-103,123.16724984190499,0,8,128,-36,33,12,128,133333.33333333334,33,128,133333.33333333334,33,4294967365,1,2
csr-ns3-feedback-observation-v1,ota_segment,318.05799999999999,1,2,ACK,116,243,663,1,18446744073709551615,0,128,133333.33333333334,33,-103,1,-103,123.16724984190499,0,8,128,-36,33,12,128,133333.33333333334,33,128,133333.33333333334,33,4294967365,2,2
csr-ns3-feedback-observation-v1,feedback_selection,318.33874400000002,1,3,ACK,97,244,670,1,18446744073709551615,0,128,133333.33333333334,33,-103,1,-103,123.16724984190499,0,8,128,-36,33,12,,,,,,,,,
csr-ns3-feedback-observation-v1,ack_response_context,318.33874400000002,1,3,ACK,97,244,670,1,18446744073709551615,0,128,133333.33333333334,33,-103,1,-103,123.16724984190499,0,8,128,-36,33,12,128,133333.33333333334,33,,,,,,
csr-ns3-feedback-observation-v1,feedback_selection,318.33874400000002,1,3,ACK,98,245,671,1,18446744073709551615,0,128,133333.33333333334,33,-103,1,-103,123.16724984190499,0,8,128,-36,33,12,,,,,,,,,
csr-ns3-feedback-observation-v1,ack_response_context,318.33874400000002,1,3,ACK,98,245,671,1,18446744073709551615,0,128,133333.33333333334,33,-103,1,-103,123.16724984190499,0,8,128,-36,33,12,128,133333.33333333334,33,,,,,,
csr-ns3-feedback-observation-v1,feedback_selection,318.33874400000002,1,3,ACK,99,246,672,1,18446744073709551615,0,128,133333.33333333334,33,-103,1,-103,123.16724984190499,0,8,128,-36,33,12,,,,,,,,,
csr-ns3-feedback-observation-v1,ack_response_context,318.33874400000002,1,3,ACK,99,246,672,1,18446744073709551615,0,128,133333.33333333334,33,-103,1,-103,123.16724984190499,0,8,128,-36,33,12,128,133333.33333333334,33,,,,,,
csr-ns3-feedback-observation-v1,feedback_selection,318.33874400000002,1,3,ACK,100,247,673,1,18446744073709551615,0,128,133333.33333333334,33,-103,1,-103,123.16724984190499,0,8,128,-36,33,12,,,,,,,,,
csr-ns3-feedback-observation-v1,ack_response_context,318.33874400000002,1,3,ACK,100,247,673,1,18446744073709551615,0,128,133333.33333333334,33,-103,1,-103,123.16724984190499,0,8,128,-36,33,12,128,133333.33333333334,33,,,,,,
csr-ns3-feedback-observation-v1,feedback_selection,318.33874400000002,1,3,ACK,101,248,674,1,18446744073709551615,0,128,133333.33333333334,33,-103,1,-103,123.16724984190499,0,8,128,-36,33,12,,,,,,,,,
csr-ns3-feedback-observation-v1,ack_response_context,318.33874400000002,1,3,ACK,101,248,674,1,18446744073709551615,0,128,133333.33333333334,33,-103,1,-103,123.16724984190499,0,8,128,-36,33,12,128,133333.33333333334,33,,,,,,
csr-ns3-feedback-observation-v1,feedback_selection,318.33874400000002,1,3,ACK,102,249,675,1,18446744073709551615,0,128,133333.33333333334,33,-103,1,-103,123.16724984190499,0,8,128,-36,33,12,,,,,,,,,
csr-ns3-feedback-observation-v1,ack_response_context,318.33874400000002,1,3,ACK,102,249,675,1,18446744073709551615,0,128,133333.33333333334,33,-103,1,-103,123.16724984190499,0,8,128,-36,33,12,128,133333.33333333334,33,,,,,,
csr-ns3-feedback-observation-v1,ota_segment,318.63,1,3,ACK,102,249,675,1,18446744073709551615,0,128,133333.33333333334,33,-103,1,-103,123.16724984190499,0,8,128,-36,33,12,128,133333.33333333334,33,128,133333.33333333334,33,4294967366,1,2
csr-ns3-feedback-observation-v1,ota_segment,318.63,1,2,ACK,116,243,663,1,18446744073709551615,0,128,133333.33333333334,33,-103,1,-103,123.16724984190499,0,8,128,-36,33,12,128,133333.33333333334,33,128,133333.33333333334,33,4294967366,2,2
csr-ns3-feedback-observation-v1,feedback_selection,318.91074400000002,1,2,ACK,117,250,682,1,18446744073709551615,0,128,133333.33333333334,33,-103,1,-103,123.16724984190499,0,8,128,-36,33,12,,,,,,,,,
csr-ns3-feedback-observation-v1,ack_response_context,318.91074400000002,1,2,ACK,117,250,682,1,18446744073709551615,0,128,133333.33333333334,33,-103,1,-103,123.16724984190499,0,8,128,-36,33,12,128,133333.33333333334,33,,,,,,
csr-ns3-feedback-observation-v1,feedback_selection,318.91074400000002,1,2,ACK,118,251,683,1,18446744073709551615,0,128,133333.33333333334,33,-103,1,-103,123.16724984190499,0,8,128,-36,33,12,,,,,,,,,
csr-ns3-feedback-observation-v1,ack_response_context,318.91074400000002,1,2,ACK,118,251,683,1,18446744073709551615,0,128,133333.33333333334,33,-103,1,-103,123.16724984190499,0,8,128,-36,33,12,128,133333.33333333334,33,,,,,,
csr-ns3-feedback-observation-v1,feedback_selection,318.91074400000002,1,2,ACK,119,252,684,1,18446744073709551615,0,128,133333.33333333334,33,-103,1,-103,123.16724984190499,0,8,128,-36,33,12,,,,,,,,,
csr-ns3-feedback-observation-v1,ack_response_context,318.91074400000002,1,2,ACK,119,252,684,1,18446744073709551615,0,128,133333.33333333334,33,-103,1,-103,123.16724984190499,0,8,128,-36,33,12,128,133333.33333333334,33,,,,,,
csr-ns3-feedback-observation-v1,feedback_selection,318.91074400000002,1,2,ACK,120,253,685,1,18446744073709551615,0,128,133333.33333333334,33,-103,1,-103,123.16724984190499,0,8,128,-36,33,12,,,,,,,,,
csr-ns3-feedback-observation-v1,ack_response_context,318.91074400000002,1,2,ACK,120,253,685,1,18446744073709551615,0,128,133333.33333333334,33,-103,1,-103,123.16724984190499,0,8,128,-36,33,12,128,133333.33333333334,33,,,,,,
csr-ns3-feedback-observation-v1,feedback_selection,318.91074400000002,1,2,ACK,121,254,686,1,18446744073709551615,0,128,133333.33333333334,33,-103,1,-103,123.16724984190499,0,8,128,-36,33,12,,,,,,,,,
csr-ns3-feedback-observation-v1,ack_response_context,318.91074400000002,1,2,ACK,121,254,686,1,18446744073709551615,0,128,133333.33333333334,33,-103,1,-103,123.16724984190499,0,8,128,-36,33,12,128,133333.33333333334,33,,,,,,
csr-ns3-feedback-observation-v1,feedback_selection,318.91074400000002,1,2,ACK,122,255,687,1,18446744073709551615,0,128,133333.33333333334,33,-103,1,-103,123.16724984190499,0,8,128,-36,33,12,,,,,,,,,
csr-ns3-feedback-observation-v1,ack_response_context,318.91074400000002,1,2,ACK,122,255,687,1,18446744073709551615,0,128,133333.33333333334,33,-103,1,-103,123.16724984190499,0,8,128,-36,33,12,128,133333.33333333334,33,,,,,,
csr-ns3-feedback-observation-v1,feedback_selection,319.17074400000001,1,3,ACK,103,256,688,1,18446744073709551615,0,128,133333.33333333334,33,-103,1,-103,123.16724984190499,0,8,128,-36,33,12,,,,,,,,,
csr-ns3-feedback-observation-v1,ack_response_context,319.17074400000001,1,3,ACK,103,256,688,1,18446744073709551615,0,128,133333.33333333334,33,-103,1,-103,123.16724984190499,0,8,128,-36,33,12,128,133333.33333333334,33,,,,,,
csr-ns3-feedback-observation-v1,feedback_selection,319.17074400000001,1,3,ACK,104,257,689,1,18446744073709551615,0,128,133333.33333333334,33,-103,1,-103,123.16724984190499,0,8,128,-36,33,12,,,,,,,,,
csr-ns3-feedback-observation-v1,ack_response_context,319.17074400000001,1,3,ACK,104,257,689,1,18446744073709551615,0,128,133333.33333333334,33,-103,1,-103,123.16724984190499,0,8,128,-36,33,12,128,133333.33333333334,33,,,,,,
csr-ns3-feedback-observation-v1,feedback_selection,319.17074400000001,1,3,ACK,105,258,690,1,18446744073709551615,0,128,133333.33333333334,33,-103,1,-103,123.16724984190499,0,8,128,-36,33,12,,,,,,,,,
csr-ns3-feedback-observation-v1,ack_response_context,319.17074400000001,1,3,ACK,105,258,690,1,18446744073709551615,0,128,133333.33333333334,33,-103,1,-103,123.16724984190499,0,8,128,-36,33,12,128,133333.33333333334,33,,,,,,
csr-ns3-feedback-observation-v1,feedback_selection,319.17074400000001,1,3,ACK,106,259,691,1,18446744073709551615,0,128,133333.33333333334,33,-103,1,-103,123.16724984190499,0,8,128,-36,33,12,,,,,,,,,
csr-ns3-feedback-observation-v1,ack_response_context,319.17074400000001,1,3,ACK,106,259,691,1,18446744073709551615,0,128,133333.33333333334,33,-103,1,-103,123.16724984190499,0,8,128,-36,33,12,128,133333.33333333334,33,,,,,,
csr-ns3-feedback-observation-v1,feedback_selection,319.17074400000001,1,3,ACK,107,260,692,1,18446744073709551615,0,128,133333.33333333334,33,-103,1,-103,123.16724984190499,0,8,128,-36,33,12,,,,,,,,,
csr-ns3-feedback-observation-v1,ack_response_context,319.17074400000001,1,3,ACK,107,260,692,1,18446744073709551615,0,128,133333.33333333334,33,-103,1,-103,123.16724984190499,0,8,128,-36,33,12,128,133333.33333333334,33,,,,,,
csr-ns3-feedback-observation-v1,feedback_selection,319.17074400000001,1,3,ACK,108,261,693,1,18446744073709551615,0,128,133333.33333333334,33,-103,1,-103,123.16724984190499,0,8,128,-36,33,12,,,,,,,,,
csr-ns3-feedback-observation-v1,ack_response_context,319.17074400000001,1,3,ACK,108,261,693,1,18446744073709551615,0,128,133333.33333333334,33,-103,1,-103,123.16724984190499,0,8,128,-36,33,12,128,133333.33333333334,33,,,,,,
csr-ns3-feedback-observation-v1,feedback_selection,319.46974399999999,1,3,ACK,109,262,694,1,18446744073709551615,0,128,133333.33333333334,33,-103,1,-103,123.16724984190499,0,8,128,-36,33,12,,,,,,,,,
csr-ns3-feedback-observation-v1,ack_response_context,319.46974399999999,1,3,ACK,109,262,694,1,18446744073709551615,0,128,133333.33333333334,33,-103,1,-103,123.16724984190499,0,8,128,-36,33,12,128,133333.33333333334,33,,,,,,
csr-ns3-feedback-observation-v1,feedback_selection,319.46974399999999,1,3,ACK,110,263,695,1,18446744073709551615,0,128,133333.33333333334,33,-103,1,-103,123.16724984190499,0,8,128,-36,33,12,,,,,,,,,
csr-ns3-feedback-observation-v1,ack_response_context,319.46974399999999,1,3,ACK,110,263,695,1,18446744073709551615,0,128,133333.33333333334,33,-103,1,-103,123.16724984190499,0,8,128,-36,33,12,128,133333.33333333334,33,,,,,,
csr-ns3-feedback-observation-v1,feedback_selection,319.46974399999999,1,3,ACK,111,264,696,1,18446744073709551615,0,128,133333.33333333334,33,-103,1,-103,123.16724984190499,0,8,128,-36,33,12,,,,,,,,,
csr-ns3-feedback-observation-v1,ack_response_context,319.46974399999999,1,3,ACK,111,264,696,1,18446744073709551615,0,128,133333.33333333334,33,-103,1,-103,123.16724984190499,0,8,128,-36,33,12,128,133333.33333333334,33,,,,,,
csr-ns3-feedback-observation-v1,feedback_selection,319.46974399999999,1,3,ACK,112,265,697,1,18446744073709551615,0,128,133333.33333333334,33,-103,1,-103,123.16724984190499,0,8,128,-36,33,12,,,,,,,,,
csr-ns3-feedback-observation-v1,ack_response_context,319.46974399999999,1,3,ACK,112,265,697,1,18446744073709551615,0,128,133333.33333333334,33,-103,1,-103,123.16724984190499,0,8,128,-36,33,12,128,133333.33333333334,33,,,,,,
csr-ns3-feedback-observation-v1,feedback_selection,319.46974399999999,1,3,ACK,113,266,698,1,18446744073709551615,0,128,133333.33333333334,33,-103,1,-103,123.16724984190499,0,8,128,-36,33,12,,,,,,,,,
csr-ns3-feedback-observation-v1,ack_response_context,319.46974399999999,1,3,ACK,113,266,698,1,18446744073709551615,0,128,133333.33333333334,33,-103,1,-103,123.16724984190499,0,8,128,-36,33,12,128,133333.33333333334,33,,,,,,
csr-ns3-feedback-observation-v1,feedback_selection,319.46974399999999,1,3,ACK,114,267,699,1,18446744073709551615,0,128,133333.33333333334,33,-103,1,-103,123.16724984190499,0,8,128,-36,33,12,,,,,,,,,
csr-ns3-feedback-observation-v1,ack_response_context,319.46974399999999,1,3,ACK,114,267,699,1,18446744073709551615,0,128,133333.33333333334,33,-103,1,-103,123.16724984190499,0,8,128,-36,33,12,128,133333.33333333334,33,,,,,,
csr-ns3-feedback-observation-v1,feedback_selection,319.82074399999999,1,2,ACK,123,268,700,1,18446744073709551615,0,128,133333.33333333334,33,-103,1,-103,123.16724984190499,0,8,128,-36,33,12,,,,,,,,,
csr-ns3-feedback-observation-v1,ack_response_context,319.82074399999999,1,2,ACK,123,268,700,1,18446744073709551615,0,128,133333.33333333334,33,-103,1,-103,123.16724984190499,0,8,128,-36,33,12,128,133333.33333333334,33,,,,,,
csr-ns3-feedback-observation-v1,feedback_selection,319.82074399999999,1,2,ACK,124,269,701,1,18446744073709551615,0,128,133333.33333333334,33,-103,1,-103,123.16724984190499,0,8,128,-36,33,12,,,,,,,,,
csr-ns3-feedback-observation-v1,ack_response_context,319.82074399999999,1,2,ACK,124,269,701,1,18446744073709551615,0,128,133333.33333333334,33,-103,1,-103,123.16724984190499,0,8,128,-36,33,12,128,133333.33333333334,33,,,,,,
csr-ns3-feedback-observation-v1,feedback_selection,319.82074399999999,1,2,ACK,125,270,702,1,18446744073709551615,0,128,133333.33333333334,33,-103,1,-103,123.16724984190499,0,8,128,-36,33,12,,,,,,,,,
csr-ns3-feedback-observation-v1,ack_response_context,319.82074399999999,1,2,ACK,125,270,702,1,18446744073709551615,0,128,133333.33333333334,33,-103,1,-103,123.16724984190499,0,8,128,-36,33,12,128,133333.33333333334,33,,,,,,
csr-ns3-feedback-observation-v1,feedback_selection,319.82074399999999,1,2,ACK,126,271,703,1,18446744073709551615,0,128,133333.33333333334,33,-103,1,-103,123.16724984190499,0,8,128,-36,33,12,,,,,,,,,
csr-ns3-feedback-observation-v1,ack_response_context,319.82074399999999,1,2,ACK,126,271,703,1,18446744073709551615,0,128,133333.33333333334,33,-103,1,-103,123.16724984190499,0,8,128,-36,33,12,128,133333.33333333334,33,,,,,,
csr-ns3-feedback-observation-v1,feedback_selection,319.82074399999999,1,2,ACK,127,272,704,1,18446744073709551615,0,128,133333.33333333334,33,-103,1,-103,123.16724984190499,0,8,128,-36,33,12,,,,,,,,,
csr-ns3-feedback-observation-v1,ack_response_context,319.82074399999999,1,2,ACK,127,272,704,1,18446744073709551615,0,128,133333.33333333334,33,-103,1,-103,123.16724984190499,0,8,128,-36,33,12,128,133333.33333333334,33,,,,,,
csr-ns3-feedback-observation-v1,feedback_selection,319.82074399999999,1,2,ACK,128,273,705,1,18446744073709551615,0,128,133333.33333333334,33,-103,1,-103,123.16724984190499,0,8,128,-36,33,12,,,,,,,,,
csr-ns3-feedback-observation-v1,ack_response_context,319.82074399999999,1,2,ACK,128,273,705,1,18446744073709551615,0,128,133333.33333333334,33,-103,1,-103,123.16724984190499,0,8,128,-36,33,12,128,133333.33333333334,33,,,,,,
csr-ns3-feedback-observation-v1,ota_segment,319.839,1,3,ACK,114,267,699,1,18446744073709551615,0,128,133333.33333333334,33,-103,1,-103,123.16724984190499,0,8,128,-36,33,12,128,133333.33333333334,33,128,133333.33333333334,33,4294967367,1,2
csr-ns3-feedback-observation-v1,ota_segment,319.839,1,2,ACK,128,273,705,1,18446744073709551615,0,128,133333.33333333334,33,-103,1,-103,123.16724984190499,0,8,128,-36,33,12,128,133333.33333333334,33,128,133333.33333333334,33,4294967367,2,2
csr-ns3-feedback-observation-v1,feedback_selection,320.18474400000002,1,2,ACK,129,274,730,1,18446744073709551615,0,128,133333.33333333334,33,-103,1,-103,123.16724984190499,0,8,128,-36,33,12,,,,,,,,,
csr-ns3-feedback-observation-v1,ack_response_context,320.18474400000002,1,2,ACK,129,274,730,1,18446744073709551615,0,128,133333.33333333334,33,-103,1,-103,123.16724984190499,0,8,128,-36,33,12,128,133333.33333333334,33,,,,,,
csr-ns3-feedback-observation-v1,feedback_selection,320.18474400000002,1,2,ACK,130,275,731,1,18446744073709551615,0,128,133333.33333333334,33,-103,1,-103,123.16724984190499,0,8,128,-36,33,12,,,,,,,,,
csr-ns3-feedback-observation-v1,ack_response_context,320.18474400000002,1,2,ACK,130,275,731,1,18446744073709551615,0,128,133333.33333333334,33,-103,1,-103,123.16724984190499,0,8,128,-36,33,12,128,133333.33333333334,33,,,,,,
csr-ns3-feedback-observation-v1,feedback_selection,320.18474400000002,1,2,ACK,131,276,732,1,18446744073709551615,0,128,133333.33333333334,33,-103,1,-103,123.16724984190499,0,8,128,-36,33,12,,,,,,,,,
csr-ns3-feedback-observation-v1,ack_response_context,320.18474400000002,1,2,ACK,131,276,732,1,18446744073709551615,0,128,133333.33333333334,33,-103,1,-103,123.16724984190499,0,8,128,-36,33,12,128,133333.33333333334,33,,,,,,
csr-ns3-feedback-observation-v1,feedback_selection,320.18474400000002,1,2,ACK,132,277,733,1,18446744073709551615,0,128,133333.33333333334,33,-103,1,-103,123.16724984190499,0,8,128,-36,33,12,,,,,,,,,
csr-ns3-feedback-observation-v1,ack_response_context,320.18474400000002,1,2,ACK,132,277,733,1,18446744073709551615,0,128,133333.33333333334,33,-103,1,-103,123.16724984190499,0,8,128,-36,33,12,128,133333.33333333334,33,,,,,,
csr-ns3-feedback-observation-v1,feedback_selection,320.18474400000002,1,2,ACK,133,278,734,1,18446744073709551615,0,128,133333.33333333334,33,-103,1,-103,123.16724984190499,0,8,128,-36,33,12,,,,,,,,,
csr-ns3-feedback-observation-v1,ack_response_context,320.18474400000002,1,2,ACK,133,278,734,1,18446744073709551615,0,128,133333.33333333334,33,-103,1,-103,123.16724984190499,0,8,128,-36,33,12,128,133333.33333333334,33,,,,,,
csr-ns3-feedback-observation-v1,feedback_selection,320.18474400000002,1,2,ACK,134,279,735,1,18446744073709551615,0,128,133333.33333333334,33,-103,1,-103,123.16724984190499,0,8,128,-36,33,12,,,,,,,,,
csr-ns3-feedback-observation-v1,ack_response_context,320.18474400000002,1,2,ACK,134,279,735,1,18446744073709551615,0,128,133333.33333333334,33,-103,1,-103,123.16724984190499,0,8,128,-36,33,12,128,133333.33333333334,33,,,,,,
csr-ns3-feedback-observation-v1,feedback_selection,320.43174399999998,1,3,ACK,115,280,736,1,18446744073709551615,0,128,133333.33333333334,33,-103,1,-103,123.16724984190499,0,8,128,-36,33,12,,,,,,,,,
csr-ns3-feedback-observation-v1,ack_response_context,320.43174399999998,1,3,ACK,115,280,736,1,18446744073709551615,0,128,133333.33333333334,33,-103,1,-103,123.16724984190499,0,8,128,-36,33,12,128,133333.33333333334,33,,,,,,
csr-ns3-feedback-observation-v1,feedback_selection,320.43174399999998,1,3,ACK,116,281,737,1,18446744073709551615,0,128,133333.33333333334,33,-103,1,-103,123.16724984190499,0,8,128,-36,33,12,,,,,,,,,
csr-ns3-feedback-observation-v1,ack_response_context,320.43174399999998,1,3,ACK,116,281,737,1,18446744073709551615,0,128,133333.33333333334,33,-103,1,-103,123.16724984190499,0,8,128,-36,33,12,128,133333.33333333334,33,,,,,,
csr-ns3-feedback-observation-v1,feedback_selection,320.43174399999998,1,3,ACK,117,282,738,1,18446744073709551615,0,128,133333.33333333334,33,-103,1,-103,123.16724984190499,0,8,128,-36,33,12,,,,,,,,,
csr-ns3-feedback-observation-v1,ack_response_context,320.43174399999998,1,3,ACK,117,282,738,1,18446744073709551615,0,128,133333.33333333334,33,-103,1,-103,123.16724984190499,0,8,128,-36,33,12,128,133333.33333333334,33,,,,,,
csr-ns3-feedback-observation-v1,feedback_selection,320.43174399999998,1,3,ACK,118,283,739,1,18446744073709551615,0,128,133333.33333333334,33,-103,1,-103,123.16724984190499,0,8,128,-36,33,12,,,,,,,,,
csr-ns3-feedback-observation-v1,ack_response_context,320.43174399999998,1,3,ACK,118,283,739,1,18446744073709551615,0,128,133333.33333333334,33,-103,1,-103,123.16724984190499,0,8,128,-36,33,12,128,133333.33333333334,33,,,,,,
csr-ns3-feedback-observation-v1,feedback_selection,320.43174399999998,1,3,ACK,119,284,740,1,18446744073709551615,0,128,133333.33333333334,33,-103,1,-103,123.16724984190499,0,8,128,-36,33,12,,,,,,,,,
csr-ns3-feedback-observation-v1,ack_response_context,320.43174399999998,1,3,ACK,119,284,740,1,18446744073709551615,0,128,133333.33333333334,33,-103,1,-103,123.16724984190499,0,8,128,-36,33,12,128,133333.33333333334,33,,,,,,
csr-ns3-feedback-observation-v1,feedback_selection,320.43174399999998,1,3,ACK,120,285,741,1,18446744073709551615,0,128,133333.33333333334,33,-103,1,-103,123.16724984190499,0,8,128,-36,33,12,,,,,,,,,
csr-ns3-feedback-observation-v1,ack_response_context,320.43174399999998,1,3,ACK,120,285,741,1,18446744073709551615,0,128,133333.33333333334,33,-103,1,-103,123.16724984190499,0,8,128,-36,33,12,128,133333.33333333334,33,,,,,,
csr-ns3-feedback-observation-v1,ota_segment,320.43700000000001,1,3,ACK,120,285,741,1,18446744073709551615,0,128,133333.33333333334,33,-103,1,-103,123.16724984190499,0,8,128,-36,33,12,128,133333.33333333334,33,128,133333.33333333334,33,4294967368,1,2
csr-ns3-feedback-observation-v1,ota_segment,320.43700000000001,1,2,ACK,134,279,735,1,18446744073709551615,0,128,133333.33333333334,33,-103,1,-103,123.16724984190499,0,8,128,-36,33,12,128,133333.33333333334,33,128,133333.33333333334,33,4294967368,2,2
csr-ns3-feedback-observation-v1,feedback_selection,320.78274399999998,1,2,ACK,135,286,754,1,18446744073709551615,0,128,133333.33333333334,33,-103,1,-103,123.16724984190499,0,8,128,-36,33,12,,,,,,,,,
csr-ns3-feedback-observation-v1,ack_response_context,320.78274399999998,1,2,ACK,135,286,754,1,18446744073709551615,0,128,133333.33333333334,33,-103,1,-103,123.16724984190499,0,8,128,-36,33,12,128,133333.33333333334,33,,,,,,
csr-ns3-feedback-observation-v1,feedback_selection,320.78274399999998,1,2,ACK,136,287,755,1,18446744073709551615,0,128,133333.33333333334,33,-103,1,-103,123.16724984190499,0,8,128,-36,33,12,,,,,,,,,
csr-ns3-feedback-observation-v1,ack_response_context,320.78274399999998,1,2,ACK,136,287,755,1,18446744073709551615,0,128,133333.33333333334,33,-103,1,-103,123.16724984190499,0,8,128,-36,33,12,128,133333.33333333334,33,,,,,,
csr-ns3-feedback-observation-v1,feedback_selection,320.78274399999998,1,2,ACK,137,288,756,1,18446744073709551615,0,128,133333.33333333334,33,-103,1,-103,123.16724984190499,0,8,128,-36,33,12,,,,,,,,,
csr-ns3-feedback-observation-v1,ack_response_context,320.78274399999998,1,2,ACK,137,288,756,1,18446744073709551615,0,128,133333.33333333334,33,-103,1,-103,123.16724984190499,0,8,128,-36,33,12,128,133333.33333333334,33,,,,,,
csr-ns3-feedback-observation-v1,feedback_selection,320.78274399999998,1,2,ACK,138,289,757,1,18446744073709551615,0,128,133333.33333333334,33,-103,1,-103,123.16724984190499,0,8,128,-36,33,12,,,,,,,,,
csr-ns3-feedback-observation-v1,ack_response_context,320.78274399999998,1,2,ACK,138,289,757,1,18446744073709551615,0,128,133333.33333333334,33,-103,1,-103,123.16724984190499,0,8,128,-36,33,12,128,133333.33333333334,33,,,,,,
csr-ns3-feedback-observation-v1,feedback_selection,320.78274399999998,1,2,ACK,139,290,758,1,18446744073709551615,0,128,133333.33333333334,33,-103,1,-103,123.16724984190499,0,8,128,-36,33,12,,,,,,,,,
csr-ns3-feedback-observation-v1,ack_response_context,320.78274399999998,1,2,ACK,139,290,758,1,18446744073709551615,0,128,133333.33333333334,33,-103,1,-103,123.16724984190499,0,8,128,-36,33,12,128,133333.33333333334,33,,,,,,
csr-ns3-feedback-observation-v1,feedback_selection,320.78274399999998,1,2,ACK,140,291,759,1,18446744073709551615,0,128,133333.33333333334,33,-103,1,-103,123.16724984190499,0,8,128,-36,33,12,,,,,,,,,
csr-ns3-feedback-observation-v1,ack_response_context,320.78274399999998,1,2,ACK,140,291,759,1,18446744073709551615,0,128,133333.33333333334,33,-103,1,-103,123.16724984190499,0,8,128,-36,33,12,128,133333.33333333334,33,,,,,,
csr-ns3-feedback-observation-v1,feedback_selection,321.02974399999999,1,3,ACK,121,292,760,1,18446744073709551615,0,128,133333.33333333334,33,-103,1,-103,123.16724984190499,0,8,128,-36,33,12,,,,,,,,,
csr-ns3-feedback-observation-v1,ack_response_context,321.02974399999999,1,3,ACK,121,292,760,1,18446744073709551615,0,128,133333.33333333334,33,-103,1,-103,123.16724984190499,0,8,128,-36,33,12,128,133333.33333333334,33,,,,,,
csr-ns3-feedback-observation-v1,feedback_selection,321.02974399999999,1,3,ACK,122,293,761,1,18446744073709551615,0,128,133333.33333333334,33,-103,1,-103,123.16724984190499,0,8,128,-36,33,12,,,,,,,,,
csr-ns3-feedback-observation-v1,ack_response_context,321.02974399999999,1,3,ACK,122,293,761,1,18446744073709551615,0,128,133333.33333333334,33,-103,1,-103,123.16724984190499,0,8,128,-36,33,12,128,133333.33333333334,33,,,,,,
csr-ns3-feedback-observation-v1,feedback_selection,321.02974399999999,1,3,ACK,123,294,762,1,18446744073709551615,0,128,133333.33333333334,33,-103,1,-103,123.16724984190499,0,8,128,-36,33,12,,,,,,,,,
csr-ns3-feedback-observation-v1,ack_response_context,321.02974399999999,1,3,ACK,123,294,762,1,18446744073709551615,0,128,133333.33333333334,33,-103,1,-103,123.16724984190499,0,8,128,-36,33,12,128,133333.33333333334,33,,,,,,
csr-ns3-feedback-observation-v1,feedback_selection,321.02974399999999,1,3,ACK,124,295,763,1,18446744073709551615,0,128,133333.33333333334,33,-103,1,-103,123.16724984190499,0,8,128,-36,33,12,,,,,,,,,
csr-ns3-feedback-observation-v1,ack_response_context,321.02974399999999,1,3,ACK,124,295,763,1,18446744073709551615,0,128,133333.33333333334,33,-103,1,-103,123.16724984190499,0,8,128,-36,33,12,128,133333.33333333334,33,,,,,,
csr-ns3-feedback-observation-v1,feedback_selection,321.02974399999999,1,3,ACK,125,296,764,1,18446744073709551615,0,128,133333.33333333334,33,-103,1,-103,123.16724984190499,0,8,128,-36,33,12,,,,,,,,,
csr-ns3-feedback-observation-v1,ack_response_context,321.02974399999999,1,3,ACK,125,296,764,1,18446744073709551615,0,128,133333.33333333334,33,-103,1,-103,123.16724984190499,0,8,128,-36,33,12,128,133333.33333333334,33,,,,,,
csr-ns3-feedback-observation-v1,feedback_selection,321.02974399999999,1,3,ACK,126,297,765,1,18446744073709551615,0,128,133333.33333333334,33,-103,1,-103,123.16724984190499,0,8,128,-36,33,12,,,,,,,,,
csr-ns3-feedback-observation-v1,ack_response_context,321.02974399999999,1,3,ACK,126,297,765,1,18446744073709551615,0,128,133333.33333333334,33,-103,1,-103,123.16724984190499,0,8,128,-36,33,12,128,133333.33333333334,33,,,,,,
csr-ns3-feedback-observation-v1,ota_segment,321.21699999999998,1,3,ACK,126,297,765,1,18446744073709551615,0,128,133333.33333333334,33,-103,1,-103,123.16724984190499,0,8,128,-36,33,12,128,133333.33333333334,33,128,133333.33333333334,33,4294967369,1,2
csr-ns3-feedback-observation-v1,ota_segment,321.21699999999998,1,2,ACK,140,291,759,1,18446744073709551615,0,128,133333.33333333334,33,-103,1,-103,123.16724984190499,0,8,128,-36,33,12,128,133333.33333333334,33,128,133333.33333333334,33,4294967369,2,2
csr-ns3-feedback-observation-v1,feedback_selection,321.48474399999998,1,2,ACK,141,298,778,1,18446744073709551615,0,128,133333.33333333334,33,-103,1,-103,123.16724984190499,0,8,128,-36,33,12,,,,,,,,,
csr-ns3-feedback-observation-v1,ack_response_context,321.48474399999998,1,2,ACK,141,298,778,1,18446744073709551615,0,128,133333.33333333334,33,-103,1,-103,123.16724984190499,0,8,128,-36,33,12,128,133333.33333333334,33,,,,,,
csr-ns3-feedback-observation-v1,feedback_selection,321.48474399999998,1,2,ACK,142,299,779,1,18446744073709551615,0,128,133333.33333333334,33,-103,1,-103,123.16724984190499,0,8,128,-36,33,12,,,,,,,,,
csr-ns3-feedback-observation-v1,ack_response_context,321.48474399999998,1,2,ACK,142,299,779,1,18446744073709551615,0,128,133333.33333333334,33,-103,1,-103,123.16724984190499,0,8,128,-36,33,12,128,133333.33333333334,33,,,,,,
csr-ns3-feedback-observation-v1,feedback_selection,321.48474399999998,1,2,ACK,143,300,780,1,18446744073709551615,0,128,133333.33333333334,33,-103,1,-103,123.16724984190499,0,8,128,-36,33,12,,,,,,,,,
csr-ns3-feedback-observation-v1,ack_response_context,321.48474399999998,1,2,ACK,143,300,780,1,18446744073709551615,0,128,133333.33333333334,33,-103,1,-103,123.16724984190499,0,8,128,-36,33,12,128,133333.33333333334,33,,,,,,
csr-ns3-feedback-observation-v1,feedback_selection,321.48474399999998,1,2,ACK,144,301,781,1,18446744073709551615,0,128,133333.33333333334,33,-103,1,-103,123.16724984190499,0,8,128,-36,33,12,,,,,,,,,
csr-ns3-feedback-observation-v1,ack_response_context,321.48474399999998,1,2,ACK,144,301,781,1,18446744073709551615,0,128,133333.33333333334,33,-103,1,-103,123.16724984190499,0,8,128,-36,33,12,128,133333.33333333334,33,,,,,,
csr-ns3-feedback-observation-v1,feedback_selection,321.48474399999998,1,2,ACK,145,302,782,1,18446744073709551615,0,128,133333.33333333334,33,-103,1,-103,123.16724984190499,0,8,128,-36,33,12,,,,,,,,,
csr-ns3-feedback-observation-v1,ack_response_context,321.48474399999998,1,2,ACK,145,302,782,1,18446744073709551615,0,128,133333.33333333334,33,-103,1,-103,123.16724984190499,0,8,128,-36,33,12,128,133333.33333333334,33,,,,,,
csr-ns3-feedback-observation-v1,feedback_selection,321.48474399999998,1,2,ACK,146,303,783,1,18446744073709551615,0,128,133333.33333333334,33,-103,1,-103,123.16724984190499,0,8,128,-36,33,12,,,,,,,,,
csr-ns3-feedback-observation-v1,ack_response_context,321.48474399999998,1,2,ACK,146,303,783,1,18446744073709551615,0,128,133333.33333333334,33,-103,1,-103,123.16724984190499,0,8,128,-36,33,12,128,133333.33333333334,33,,,,,,
csr-ns3-feedback-observation-v1,ota_segment,321.49000000000001,1,3,ACK,126,297,765,1,18446744073709551615,0,128,133333.33333333334,33,-103,1,-103,123.16724984190499,0,8,128,-36,33,12,128,133333.33333333334,33,128,133333.33333333334,33,4294967370,1,2
csr-ns3-feedback-observation-v1,ota_segment,321.49000000000001,1,2,ACK,146,303,783,1,18446744073709551615,0,128,133333.33333333334,33,-103,1,-103,123.16724984190499,0,8,128,-36,33,12,128,133333.33333333334,33,128,133333.33333333334,33,4294967370,2,2
csr-ns3-feedback-observation-v1,feedback_selection,321.87474400000002,1,3,ACK,127,304,790,1,18446744073709551615,0,128,133333.33333333334,33,-103,1,-103,123.16724984190499,0,8,128,-36,33,12,,,,,,,,,
csr-ns3-feedback-observation-v1,ack_response_context,321.87474400000002,1,3,ACK,127,304,790,1,18446744073709551615,0,128,133333.33333333334,33,-103,1,-103,123.16724984190499,0,8,128,-36,33,12,128,133333.33333333334,33,,,,,,
csr-ns3-feedback-observation-v1,feedback_selection,321.87474400000002,1,3,ACK,128,305,791,1,18446744073709551615,0,128,133333.33333333334,33,-103,1,-103,123.16724984190499,0,8,128,-36,33,12,,,,,,,,,
csr-ns3-feedback-observation-v1,ack_response_context,321.87474400000002,1,3,ACK,128,305,791,1,18446744073709551615,0,128,133333.33333333334,33,-103,1,-103,123.16724984190499,0,8,128,-36,33,12,128,133333.33333333334,33,,,,,,
csr-ns3-feedback-observation-v1,feedback_selection,321.87474400000002,1,3,ACK,129,306,792,1,18446744073709551615,0,128,133333.33333333334,33,-103,1,-103,123.16724984190499,0,8,128,-36,33,12,,,,,,,,,
csr-ns3-feedback-observation-v1,ack_response_context,321.87474400000002,1,3,ACK,129,306,792,1,18446744073709551615,0,128,133333.33333333334,33,-103,1,-103,123.16724984190499,0,8,128,-36,33,12,128,133333.33333333334,33,,,,,,
csr-ns3-feedback-observation-v1,feedback_selection,321.87474400000002,1,3,ACK,130,307,793,1,18446744073709551615,0,128,133333.33333333334,33,-103,1,-103,123.16724984190499,0,8,128,-36,33,12,,,,,,,,,
csr-ns3-feedback-observation-v1,ack_response_context,321.87474400000002,1,3,ACK,130,307,793,1,18446744073709551615,0,128,133333.33333333334,33,-103,1,-103,123.16724984190499,0,8,128,-36,33,12,128,133333.33333333334,33,,,,,,
csr-ns3-feedback-observation-v1,feedback_selection,321.87474400000002,1,3,ACK,131,308,794,1,18446744073709551615,0,128,133333.33333333334,33,-103,1,-103,123.16724984190499,0,8,128,-36,33,12,,,,,,,,,
csr-ns3-feedback-observation-v1,ack_response_context,321.87474400000002,1,3,ACK,131,308,794,1,18446744073709551615,0,128,133333.33333333334,33,-103,1,-103,123.16724984190499,0,8,128,-36,33,12,128,133333.33333333334,33,,,,,,
csr-ns3-feedback-observation-v1,feedback_selection,321.87474400000002,1,3,ACK,132,309,795,1,18446744073709551615,0,128,133333.33333333334,33,-103,1,-103,123.16724984190499,0,8,128,-36,33,12,,,,,,,,,
csr-ns3-feedback-observation-v1,ack_response_context,321.87474400000002,1,3,ACK,132,309,795,1,18446744073709551615,0,128,133333.33333333334,33,-103,1,-103,123.16724984190499,0,8,128,-36,33,12,128,133333.33333333334,33,,,,,,
csr-ns3-feedback-observation-v1,feedback_selection,322.12174399999998,1,2,ACK,147,310,796,1,18446744073709551615,0,128,133333.33333333334,33,-103,1,-103,123.16724984190499,0,8,128,-36,33,12,,,,,,,,,
csr-ns3-feedback-observation-v1,ack_response_context,322.12174399999998,1,2,ACK,147,310,796,1,18446744073709551615,0,128,133333.33333333334,33,-103,1,-103,123.16724984190499,0,8,128,-36,33,12,128,133333.33333333334,33,,,,,,
csr-ns3-feedback-observation-v1,feedback_selection,322.12174399999998,1,2,ACK,148,311,797,1,18446744073709551615,0,128,133333.33333333334,33,-103,1,-103,123.16724984190499,0,8,128,-36,33,12,,,,,,,,,
csr-ns3-feedback-observation-v1,ack_response_context,322.12174399999998,1,2,ACK,148,311,797,1,18446744073709551615,0,128,133333.33333333334,33,-103,1,-103,123.16724984190499,0,8,128,-36,33,12,128,133333.33333333334,33,,,,,,
csr-ns3-feedback-observation-v1,feedback_selection,322.12174399999998,1,2,ACK,149,312,798,1,18446744073709551615,0,128,133333.33333333334,33,-103,1,-103,123.16724984190499,0,8,128,-36,33,12,,,,,,,,,
csr-ns3-feedback-observation-v1,ack_response_context,322.12174399999998,1,2,ACK,149,312,798,1,18446744073709551615,0,128,133333.33333333334,33,-103,1,-103,123.16724984190499,0,8,128,-36,33,12,128,133333.33333333334,33,,,,,,
csr-ns3-feedback-observation-v1,feedback_selection,322.12174399999998,1,2,ACK,150,313,799,1,18446744073709551615,0,128,133333.33333333334,33,-103,1,-103,123.16724984190499,0,8,128,-36,33,12,,,,,,,,,
csr-ns3-feedback-observation-v1,ack_response_context,322.12174399999998,1,2,ACK,150,313,799,1,18446744073709551615,0,128,133333.33333333334,33,-103,1,-103,123.16724984190499,0,8,128,-36,33,12,128,133333.33333333334,33,,,,,,
csr-ns3-feedback-observation-v1,feedback_selection,322.12174399999998,1,2,ACK,151,314,800,1,18446744073709551615,0,128,133333.33333333334,33,-103,1,-103,123.16724984190499,0,8,128,-36,33,12,,,,,,,,,
csr-ns3-feedback-observation-v1,ack_response_context,322.12174399999998,1,2,ACK,151,314,800,1,18446744073709551615,0,128,133333.33333333334,33,-103,1,-103,123.16724984190499,0,8,128,-36,33,12,128,133333.33333333334,33,,,,,,
csr-ns3-feedback-observation-v1,feedback_selection,322.12174399999998,1,2,ACK,152,315,801,1,18446744073709551615,0,128,133333.33333333334,33,-103,1,-103,123.16724984190499,0,8,128,-36,33,12,,,,,,,,,
csr-ns3-feedback-observation-v1,ack_response_context,322.12174399999998,1,2,ACK,152,315,801,1,18446744073709551615,0,128,133333.33333333334,33,-103,1,-103,123.16724984190499,0,8,128,-36,33,12,128,133333.33333333334,33,,,,,,
csr-ns3-feedback-observation-v1,ota_segment,322.19200000000001,1,3,ACK,132,309,795,1,18446744073709551615,0,128,133333.33333333334,33,-103,1,-103,123.16724984190499,0,8,128,-36,33,12,128,133333.33333333334,33,128,133333.33333333334,33,4294967371,1,2
csr-ns3-feedback-observation-v1,ota_segment,322.19200000000001,1,2,ACK,152,315,801,1,18446744073709551615,0,128,133333.33333333334,33,-103,1,-103,123.16724984190499,0,8,128,-36,33,12,128,133333.33333333334,33,128,133333.33333333334,33,4294967371,2,2
csr-ns3-feedback-observation-v1,feedback_selection,322.51174400000002,1,3,ACK,133,316,814,1,18446744073709551615,0,128,133333.33333333334,33,-103,1,-103,123.16724984190499,0,8,128,-36,33,12,,,,,,,,,
csr-ns3-feedback-observation-v1,ack_response_context,322.51174400000002,1,3,ACK,133,316,814,1,18446744073709551615,0,128,133333.33333333334,33,-103,1,-103,123.16724984190499,0,8,128,-36,33,12,128,133333.33333333334,33,,,,,,
csr-ns3-feedback-observation-v1,feedback_selection,322.51174400000002,1,3,ACK,134,317,815,1,18446744073709551615,0,128,133333.33333333334,33,-103,1,-103,123.16724984190499,0,8,128,-36,33,12,,,,,,,,,
csr-ns3-feedback-observation-v1,ack_response_context,322.51174400000002,1,3,ACK,134,317,815,1,18446744073709551615,0,128,133333.33333333334,33,-103,1,-103,123.16724984190499,0,8,128,-36,33,12,128,133333.33333333334,33,,,,,,
csr-ns3-feedback-observation-v1,feedback_selection,322.51174400000002,1,3,ACK,135,318,816,1,18446744073709551615,0,128,133333.33333333334,33,-103,1,-103,123.16724984190499,0,8,128,-36,33,12,,,,,,,,,
csr-ns3-feedback-observation-v1,ack_response_context,322.51174400000002,1,3,ACK,135,318,816,1,18446744073709551615,0,128,133333.33333333334,33,-103,1,-103,123.16724984190499,0,8,128,-36,33,12,128,133333.33333333334,33,,,,,,
csr-ns3-feedback-observation-v1,feedback_selection,322.51174400000002,1,3,ACK,136,319,817,1,18446744073709551615,0,128,133333.33333333334,33,-103,1,-103,123.16724984190499,0,8,128,-36,33,12,,,,,,,,,
csr-ns3-feedback-observation-v1,ack_response_context,322.51174400000002,1,3,ACK,136,319,817,1,18446744073709551615,0,128,133333.33333333334,33,-103,1,-103,123.16724984190499,0,8,128,-36,33,12,128,133333.33333333334,33,,,,,,
csr-ns3-feedback-observation-v1,feedback_selection,322.51174400000002,1,3,ACK,137,320,818,1,18446744073709551615,0,128,133333.33333333334,33,-103,1,-103,123.16724984190499,0,8,128,-36,33,12,,,,,,,,,
csr-ns3-feedback-observation-v1,ack_response_context,322.51174400000002,1,3,ACK,137,320,818,1,18446744073709551615,0,128,133333.33333333334,33,-103,1,-103,123.16724984190499,0,8,128,-36,33,12,128,133333.33333333334,33,,,,,,
csr-ns3-feedback-observation-v1,feedback_selection,322.51174400000002,1,3,ACK,138,321,819,1,18446744073709551615,0,128,133333.33333333334,33,-103,1,-103,123.16724984190499,0,8,128,-36,33,12,,,,,,,,,
csr-ns3-feedback-observation-v1,ack_response_context,322.51174400000002,1,3,ACK,138,321,819,1,18446744073709551615,0,128,133333.33333333334,33,-103,1,-103,123.16724984190499,0,8,128,-36,33,12,128,133333.33333333334,33,,,,,,
csr-ns3-feedback-observation-v1,ota_segment,322.55599999999998,1,3,ACK,138,321,819,1,18446744073709551615,0,128,133333.33333333334,33,-103,1,-103,123.16724984190499,0,8,128,-36,33,12,128,133333.33333333334,33,128,133333.33333333334,33,4294967372,1,2
csr-ns3-feedback-observation-v1,ota_segment,322.55599999999998,1,2,ACK,152,315,801,1,18446744073709551615,0,128,133333.33333333334,33,-103,1,-103,123.16724984190499,0,8,128,-36,33,12,128,133333.33333333334,33,128,133333.33333333334,33,4294967372,2,2
csr-ns3-feedback-observation-v1,feedback_selection,322.86274400000002,1,3,ACK,139,322,826,1,18446744073709551615,0,128,133333.33333333334,33,-103,1,-103,123.16724984190499,0,8,128,-36,33,12,,,,,,,,,
csr-ns3-feedback-observation-v1,ack_response_context,322.86274400000002,1,3,ACK,139,322,826,1,18446744073709551615,0,128,133333.33333333334,33,-103,1,-103,123.16724984190499,0,8,128,-36,33,12,128,133333.33333333334,33,,,,,,
csr-ns3-feedback-observation-v1,feedback_selection,322.86274400000002,1,3,ACK,140,323,827,1,18446744073709551615,0,128,133333.33333333334,33,-103,1,-103,123.16724984190499,0,8,128,-36,33,12,,,,,,,,,
csr-ns3-feedback-observation-v1,ack_response_context,322.86274400000002,1,3,ACK,140,323,827,1,18446744073709551615,0,128,133333.33333333334,33,-103,1,-103,123.16724984190499,0,8,128,-36,33,12,128,133333.33333333334,33,,,,,,
csr-ns3-feedback-observation-v1,feedback_selection,322.86274400000002,1,3,ACK,141,324,828,1,18446744073709551615,0,128,133333.33333333334,33,-103,1,-103,123.16724984190499,0,8,128,-36,33,12,,,,,,,,,
csr-ns3-feedback-observation-v1,ack_response_context,322.86274400000002,1,3,ACK,141,324,828,1,18446744073709551615,0,128,133333.33333333334,33,-103,1,-103,123.16724984190499,0,8,128,-36,33,12,128,133333.33333333334,33,,,,,,
csr-ns3-feedback-observation-v1,feedback_selection,322.86274400000002,1,3,ACK,142,325,829,1,18446744073709551615,0,128,133333.33333333334,33,-103,1,-103,123.16724984190499,0,8,128,-36,33,12,,,,,,,,,
csr-ns3-feedback-observation-v1,ack_response_context,322.86274400000002,1,3,ACK,142,325,829,1,18446744073709551615,0,128,133333.33333333334,33,-103,1,-103,123.16724984190499,0,8,128,-36,33,12,128,133333.33333333334,33,,,,,,
csr-ns3-feedback-observation-v1,feedback_selection,322.86274400000002,1,3,ACK,143,326,830,1,18446744073709551615,0,128,133333.33333333334,33,-103,1,-103,123.16724984190499,0,8,128,-36,33,12,,,,,,,,,
csr-ns3-feedback-observation-v1,ack_response_context,322.86274400000002,1,3,ACK,143,326,830,1,18446744073709551615,0,128,133333.33333333334,33,-103,1,-103,123.16724984190499,0,8,128,-36,33,12,128,133333.33333333334,33,,,,,,
csr-ns3-feedback-observation-v1,feedback_selection,322.86274400000002,1,3,ACK,144,327,831,1,18446744073709551615,0,128,133333.33333333334,33,-103,1,-103,123.16724984190499,0,8,128,-36,33,12,,,,,,,,,
csr-ns3-feedback-observation-v1,ack_response_context,322.86274400000002,1,3,ACK,144,327,831,1,18446744073709551615,0,128,133333.33333333334,33,-103,1,-103,123.16724984190499,0,8,128,-36,33,12,128,133333.33333333334,33,,,,,,
csr-ns3-feedback-observation-v1,feedback_selection,323.10974399999998,1,2,ACK,153,328,832,1,18446744073709551615,0,128,133333.33333333334,33,-103,1,-103,123.16724984190499,0,8,128,-36,33,12,,,,,,,,,
csr-ns3-feedback-observation-v1,ack_response_context,323.10974399999998,1,2,ACK,153,328,832,1,18446744073709551615,0,128,133333.33333333334,33,-103,1,-103,123.16724984190499,0,8,128,-36,33,12,128,133333.33333333334,33,,,,,,
csr-ns3-feedback-observation-v1,feedback_selection,323.10974399999998,1,2,ACK,154,329,833,1,18446744073709551615,0,128,133333.33333333334,33,-103,1,-103,123.16724984190499,0,8,128,-36,33,12,,,,,,,,,
csr-ns3-feedback-observation-v1,ack_response_context,323.10974399999998,1,2,ACK,154,329,833,1,18446744073709551615,0,128,133333.33333333334,33,-103,1,-103,123.16724984190499,0,8,128,-36,33,12,128,133333.33333333334,33,,,,,,
csr-ns3-feedback-observation-v1,feedback_selection,323.10974399999998,1,2,ACK,155,330,834,1,18446744073709551615,0,128,133333.33333333334,33,-103,1,-103,123.16724984190499,0,8,128,-36,33,12,,,,,,,,,
csr-ns3-feedback-observation-v1,ack_response_context,323.10974399999998,1,2,ACK,155,330,834,1,18446744073709551615,0,128,133333.33333333334,33,-103,1,-103,123.16724984190499,0,8,128,-36,33,12,128,133333.33333333334,33,,,,,,
csr-ns3-feedback-observation-v1,feedback_selection,323.10974399999998,1,2,ACK,156,331,835,1,18446744073709551615,0,128,133333.33333333334,33,-103,1,-103,123.16724984190499,0,8,128,-36,33,12,,,,,,,,,
csr-ns3-feedback-observation-v1,ack_response_context,323.10974399999998,1,2,ACK,156,331,835,1,18446744073709551615,0,128,133333.33333333334,33,-103,1,-103,123.16724984190499,0,8,128,-36,33,12,128,133333.33333333334,33,,,,,,
csr-ns3-feedback-observation-v1,feedback_selection,323.10974399999998,1,2,ACK,157,332,836,1,18446744073709551615,0,128,133333.33333333334,33,-103,1,-103,123.16724984190499,0,8,128,-36,33,12,,,,,,,,,
csr-ns3-feedback-observation-v1,ack_response_context,323.10974399999998,1,2,ACK,157,332,836,1,18446744073709551615,0,128,133333.33333333334,33,-103,1,-103,123.16724984190499,0,8,128,-36,33,12,128,133333.33333333334,33,,,,,,
csr-ns3-feedback-observation-v1,feedback_selection,323.10974399999998,1,2,ACK,158,333,837,1,18446744073709551615,0,128,133333.33333333334,33,-103,1,-103,123.16724984190499,0,8,128,-36,33,12,,,,,,,,,
csr-ns3-feedback-observation-v1,ack_response_context,323.10974399999998,1,2,ACK,158,333,837,1,18446744073709551615,0,128,133333.33333333334,33,-103,1,-103,123.16724984190499,0,8,128,-36,33,12,128,133333.33333333334,33,,,,,,
csr-ns3-feedback-observation-v1,feedback_selection,323.60374400000001,1,3,ACK,145,334,838,1,18446744073709551615,0,128,133333.33333333334,33,-103,1,-103,123.16724984190499,0,8,128,-36,33,12,,,,,,,,,
csr-ns3-feedback-observation-v1,ack_response_context,323.60374400000001,1,3,ACK,145,334,838,1,18446744073709551615,0,128,133333.33333333334,33,-103,1,-103,123.16724984190499,0,8,128,-36,33,12,128,133333.33333333334,33,,,,,,
csr-ns3-feedback-observation-v1,feedback_selection,323.60374400000001,1,3,ACK,146,335,839,1,18446744073709551615,0,128,133333.33333333334,33,-103,1,-103,123.16724984190499,0,8,128,-36,33,12,,,,,,,,,
csr-ns3-feedback-observation-v1,ack_response_context,323.60374400000001,1,3,ACK,146,335,839,1,18446744073709551615,0,128,133333.33333333334,33,-103,1,-103,123.16724984190499,0,8,128,-36,33,12,128,133333.33333333334,33,,,,,,
csr-ns3-feedback-observation-v1,feedback_selection,323.60374400000001,1,3,ACK,147,336,840,1,18446744073709551615,0,128,133333.33333333334,33,-103,1,-103,123.16724984190499,0,8,128,-36,33,12,,,,,,,,,
csr-ns3-feedback-observation-v1,ack_response_context,323.60374400000001,1,3,ACK,147,336,840,1,18446744073709551615,0,128,133333.33333333334,33,-103,1,-103,123.16724984190499,0,8,128,-36,33,12,128,133333.33333333334,33,,,,,,
csr-ns3-feedback-observation-v1,feedback_selection,323.60374400000001,1,3,ACK,148,337,841,1,18446744073709551615,0,128,133333.33333333334,33,-103,1,-103,123.16724984190499,0,8,128,-36,33,12,,,,,,,,,
csr-ns3-feedback-observation-v1,ack_response_context,323.60374400000001,1,3,ACK,148,337,841,1,18446744073709551615,0,128,133333.33333333334,33,-103,1,-103,123.16724984190499,0,8,128,-36,33,12,128,133333.33333333334,33,,,,,,
csr-ns3-feedback-observation-v1,feedback_selection,323.60374400000001,1,3,ACK,149,338,842,1,18446744073709551615,0,128,133333.33333333334,33,-103,1,-103,123.16724984190499,0,8,128,-36,33,12,,,,,,,,,
csr-ns3-feedback-observation-v1,ack_response_context,323.60374400000001,1,3,ACK,149,338,842,1,18446744073709551615,0,128,133333.33333333334,33,-103,1,-103,123.16724984190499,0,8,128,-36,33,12,128,133333.33333333334,33,,,,,,
csr-ns3-feedback-observation-v1,feedback_selection,323.60374400000001,1,3,ACK,150,339,843,1,18446744073709551615,0,128,133333.33333333334,33,-103,1,-103,123.16724984190499,0,8,128,-36,33,12,,,,,,,,,
csr-ns3-feedback-observation-v1,ack_response_context,323.60374400000001,1,3,ACK,150,339,843,1,18446744073709551615,0,128,133333.33333333334,33,-103,1,-103,123.16724984190499,0,8,128,-36,33,12,128,133333.33333333334,33,,,,,,
csr-ns3-feedback-observation-v1,feedback_selection,323.85074400000002,1,2,ACK,159,340,844,1,18446744073709551615,0,128,133333.33333333334,33,-103,1,-103,123.16724984190499,0,8,128,-36,33,12,,,,,,,,,
csr-ns3-feedback-observation-v1,ack_response_context,323.85074400000002,1,2,ACK,159,340,844,1,18446744073709551615,0,128,133333.33333333334,33,-103,1,-103,123.16724984190499,0,8,128,-36,33,12,128,133333.33333333334,33,,,,,,
csr-ns3-feedback-observation-v1,feedback_selection,323.85074400000002,1,2,ACK,160,341,845,1,18446744073709551615,0,128,133333.33333333334,33,-103,1,-103,123.16724984190499,0,8,128,-36,33,12,,,,,,,,,
csr-ns3-feedback-observation-v1,ack_response_context,323.85074400000002,1,2,ACK,160,341,845,1,18446744073709551615,0,128,133333.33333333334,33,-103,1,-103,123.16724984190499,0,8,128,-36,33,12,128,133333.33333333334,33,,,,,,
csr-ns3-feedback-observation-v1,feedback_selection,323.85074400000002,1,2,ACK,161,342,846,1,18446744073709551615,0,128,133333.33333333334,33,-103,1,-103,123.16724984190499,0,8,128,-36,33,12,,,,,,,,,
csr-ns3-feedback-observation-v1,ack_response_context,323.85074400000002,1,2,ACK,161,342,846,1,18446744073709551615,0,128,133333.33333333334,33,-103,1,-103,123.16724984190499,0,8,128,-36,33,12,128,133333.33333333334,33,,,,,,
csr-ns3-feedback-observation-v1,feedback_selection,323.85074400000002,1,2,ACK,162,343,847,1,18446744073709551615,0,128,133333.33333333334,33,-103,1,-103,123.16724984190499,0,8,128,-36,33,12,,,,,,,,,
csr-ns3-feedback-observation-v1,ack_response_context,323.85074400000002,1,2,ACK,162,343,847,1,18446744073709551615,0,128,133333.33333333334,33,-103,1,-103,123.16724984190499,0,8,128,-36,33,12,128,133333.33333333334,33,,,,,,
csr-ns3-feedback-observation-v1,feedback_selection,323.85074400000002,1,2,ACK,163,344,848,1,18446744073709551615,0,128,133333.33333333334,33,-103,1,-103,123.16724984190499,0,8,128,-36,33,12,,,,,,,,,
csr-ns3-feedback-observation-v1,ack_response_context,323.85074400000002,1,2,ACK,163,344,848,1,18446744073709551615,0,128,133333.33333333334,33,-103,1,-103,123.16724984190499,0,8,128,-36,33,12,128,133333.33333333334,33,,,,,,
csr-ns3-feedback-observation-v1,feedback_selection,323.85074400000002,1,2,ACK,164,345,849,1,18446744073709551615,0,128,133333.33333333334,33,-103,1,-103,123.16724984190499,0,8,128,-36,33,12,,,,,,,,,
csr-ns3-feedback-observation-v1,ack_response_context,323.85074400000002,1,2,ACK,164,345,849,1,18446744073709551615,0,128,133333.33333333334,33,-103,1,-103,123.16724984190499,0,8,128,-36,33,12,128,133333.33333333334,33,,,,,,
csr-ns3-feedback-observation-v1,ota_segment,323.85599999999999,1,3,ACK,150,339,843,1,18446744073709551615,0,128,133333.33333333334,33,-103,1,-103,123.16724984190499,0,8,128,-36,33,12,128,133333.33333333334,33,128,133333.33333333334,33,4294967373,1,2
csr-ns3-feedback-observation-v1,ota_segment,323.85599999999999,1,2,ACK,164,345,849,1,18446744073709551615,0,128,133333.33333333334,33,-103,1,-103,123.16724984190499,0,8,128,-36,33,12,128,133333.33333333334,33,128,133333.33333333334,33,4294967373,2,2
csr-ns3-feedback-observation-v1,ota_segment,324.10300000000001,1,3,ACK,150,339,843,1,18446744073709551615,0,128,133333.33333333334,33,-103,1,-103,123.16724984190499,0,8,128,-36,33,12,128,133333.33333333334,33,128,133333.33333333334,33,4294967374,1,2
csr-ns3-feedback-observation-v1,ota_segment,324.10300000000001,1,2,ACK,164,345,849,1,18446744073709551615,0,128,133333.33333333334,33,-103,1,-103,123.16724984190499,0,8,128,-36,33,12,128,133333.33333333334,33,128,133333.33333333334,33,4294967374,2,2
csr-ns3-feedback-observation-v1,feedback_selection,324.40974399999999,1,3,ACK,151,346,874,1,18446744073709551615,0,128,133333.33333333334,33,-103,1,-103,123.16724984190499,0,8,128,-36,33,12,,,,,,,,,
csr-ns3-feedback-observation-v1,ack_response_context,324.40974399999999,1,3,ACK,151,346,874,1,18446744073709551615,0,128,133333.33333333334,33,-103,1,-103,123.16724984190499,0,8,128,-36,33,12,128,133333.33333333334,33,,,,,,
csr-ns3-feedback-observation-v1,feedback_selection,324.40974399999999,1,3,ACK,152,347,875,1,18446744073709551615,0,128,133333.33333333334,33,-103,1,-103,123.16724984190499,0,8,128,-36,33,12,,,,,,,,,
csr-ns3-feedback-observation-v1,ack_response_context,324.40974399999999,1,3,ACK,152,347,875,1,18446744073709551615,0,128,133333.33333333334,33,-103,1,-103,123.16724984190499,0,8,128,-36,33,12,128,133333.33333333334,33,,,,,,
csr-ns3-feedback-observation-v1,feedback_selection,324.40974399999999,1,3,ACK,153,348,876,1,18446744073709551615,0,128,133333.33333333334,33,-103,1,-103,123.16724984190499,0,8,128,-36,33,12,,,,,,,,,
csr-ns3-feedback-observation-v1,ack_response_context,324.40974399999999,1,3,ACK,153,348,876,1,18446744073709551615,0,128,133333.33333333334,33,-103,1,-103,123.16724984190499,0,8,128,-36,33,12,128,133333.33333333334,33,,,,,,
csr-ns3-feedback-observation-v1,feedback_selection,324.40974399999999,1,3,ACK,154,349,877,1,18446744073709551615,0,128,133333.33333333334,33,-103,1,-103,123.16724984190499,0,8,128,-36,33,12,,,,,,,,,
csr-ns3-feedback-observation-v1,ack_response_context,324.40974399999999,1,3,ACK,154,349,877,1,18446744073709551615,0,128,133333.33333333334,33,-103,1,-103,123.16724984190499,0,8,128,-36,33,12,128,133333.33333333334,33,,,,,,
csr-ns3-feedback-observation-v1,feedback_selection,324.40974399999999,1,3,ACK,155,350,878,1,18446744073709551615,0,128,133333.33333333334,33,-103,1,-103,123.16724984190499,0,8,128,-36,33,12,,,,,,,,,
csr-ns3-feedback-observation-v1,ack_response_context,324.40974399999999,1,3,ACK,155,350,878,1,18446744073709551615,0,128,133333.33333333334,33,-103,1,-103,123.16724984190499,0,8,128,-36,33,12,128,133333.33333333334,33,,,,,,
csr-ns3-feedback-observation-v1,feedback_selection,324.40974399999999,1,3,ACK,156,351,879,1,18446744073709551615,0,128,133333.33333333334,33,-103,1,-103,123.16724984190499,0,8,128,-36,33,12,,,,,,,,,
csr-ns3-feedback-observation-v1,ack_response_context,324.40974399999999,1,3,ACK,156,351,879,1,18446744073709551615,0,128,133333.33333333334,33,-103,1,-103,123.16724984190499,0,8,128,-36,33,12,128,133333.33333333334,33,,,,,,
csr-ns3-feedback-observation-v1,feedback_selection,324.74774400000001,1,2,ACK,165,352,880,1,18446744073709551615,0,128,133333.33333333334,33,-103,1,-103,123.16724984190499,0,8,128,-36,33,12,,,,,,,,,
csr-ns3-feedback-observation-v1,ack_response_context,324.74774400000001,1,2,ACK,165,352,880,1,18446744073709551615,0,128,133333.33333333334,33,-103,1,-103,123.16724984190499,0,8,128,-36,33,12,128,133333.33333333334,33,,,,,,
csr-ns3-feedback-observation-v1,feedback_selection,324.74774400000001,1,2,ACK,166,353,881,1,18446744073709551615,0,128,133333.33333333334,33,-103,1,-103,123.16724984190499,0,8,128,-36,33,12,,,,,,,,,
csr-ns3-feedback-observation-v1,ack_response_context,324.74774400000001,1,2,ACK,166,353,881,1,18446744073709551615,0,128,133333.33333333334,33,-103,1,-103,123.16724984190499,0,8,128,-36,33,12,128,133333.33333333334,33,,,,,,
csr-ns3-feedback-observation-v1,feedback_selection,324.74774400000001,1,2,ACK,167,354,882,1,18446744073709551615,0,128,133333.33333333334,33,-103,1,-103,123.16724984190499,0,8,128,-36,33,12,,,,,,,,,
csr-ns3-feedback-observation-v1,ack_response_context,324.74774400000001,1,2,ACK,167,354,882,1,18446744073709551615,0,128,133333.33333333334,33,-103,1,-103,123.16724984190499,0,8,128,-36,33,12,128,133333.33333333334,33,,,,,,
csr-ns3-feedback-observation-v1,feedback_selection,324.74774400000001,1,2,ACK,168,355,883,1,18446744073709551615,0,128,133333.33333333334,33,-103,1,-103,123.16724984190499,0,8,128,-36,33,12,,,,,,,,,
csr-ns3-feedback-observation-v1,ack_response_context,324.74774400000001,1,2,ACK,168,355,883,1,18446744073709551615,0,128,133333.33333333334,33,-103,1,-103,123.16724984190499,0,8,128,-36,33,12,128,133333.33333333334,33,,,,,,
csr-ns3-feedback-observation-v1,feedback_selection,324.74774400000001,1,2,ACK,169,356,884,1,18446744073709551615,0,128,133333.33333333334,33,-103,1,-103,123.16724984190499,0,8,128,-36,33,12,,,,,,,,,
csr-ns3-feedback-observation-v1,ack_response_context,324.74774400000001,1,2,ACK,169,356,884,1,18446744073709551615,0,128,133333.33333333334,33,-103,1,-103,123.16724984190499,0,8,128,-36,33,12,128,133333.33333333334,33,,,,,,
csr-ns3-feedback-observation-v1,feedback_selection,324.74774400000001,1,2,ACK,170,357,885,1,18446744073709551615,0,128,133333.33333333334,33,-103,1,-103,123.16724984190499,0,8,128,-36,33,12,,,,,,,,,
csr-ns3-feedback-observation-v1,ack_response_context,324.74774400000001,1,2,ACK,170,357,885,1,18446744073709551615,0,128,133333.33333333334,33,-103,1,-103,123.16724984190499,0,8,128,-36,33,12,128,133333.33333333334,33,,,,,,
csr-ns3-feedback-observation-v1,feedback_selection,324.99474400000003,1,3,ACK,157,358,886,1,18446744073709551615,0,128,133333.33333333334,33,-103,1,-103,123.16724984190499,0,8,128,-36,33,12,,,,,,,,,
csr-ns3-feedback-observation-v1,ack_response_context,324.99474400000003,1,3,ACK,157,358,886,1,18446744073709551615,0,128,133333.33333333334,33,-103,1,-103,123.16724984190499,0,8,128,-36,33,12,128,133333.33333333334,33,,,,,,
csr-ns3-feedback-observation-v1,feedback_selection,324.99474400000003,1,3,ACK,158,359,887,1,18446744073709551615,0,128,133333.33333333334,33,-103,1,-103,123.16724984190499,0,8,128,-36,33,12,,,,,,,,,
csr-ns3-feedback-observation-v1,ack_response_context,324.99474400000003,1,3,ACK,158,359,887,1,18446744073709551615,0,128,133333.33333333334,33,-103,1,-103,123.16724984190499,0,8,128,-36,33,12,128,133333.33333333334,33,,,,,,
csr-ns3-feedback-observation-v1,feedback_selection,324.99474400000003,1,3,ACK,159,360,888,1,18446744073709551615,0,128,133333.33333333334,33,-103,1,-103,123.16724984190499,0,8,128,-36,33,12,,,,,,,,,
csr-ns3-feedback-observation-v1,ack_response_context,324.99474400000003,1,3,ACK,159,360,888,1,18446744073709551615,0,128,133333.33333333334,33,-103,1,-103,123.16724984190499,0,8,128,-36,33,12,128,133333.33333333334,33,,,,,,
csr-ns3-feedback-observation-v1,feedback_selection,324.99474400000003,1,3,ACK,160,361,889,1,18446744073709551615,0,128,133333.33333333334,33,-103,1,-103,123.16724984190499,0,8,128,-36,33,12,,,,,,,,,
csr-ns3-feedback-observation-v1,ack_response_context,324.99474400000003,1,3,ACK,160,361,889,1,18446744073709551615,0,128,133333.33333333334,33,-103,1,-103,123.16724984190499,0,8,128,-36,33,12,128,133333.33333333334,33,,,,,,
csr-ns3-feedback-observation-v1,feedback_selection,324.99474400000003,1,3,ACK,161,362,890,1,18446744073709551615,0,128,133333.33333333334,33,-103,1,-103,123.16724984190499,0,8,128,-36,33,12,,,,,,,,,
csr-ns3-feedback-observation-v1,ack_response_context,324.99474400000003,1,3,ACK,161,362,890,1,18446744073709551615,0,128,133333.33333333334,33,-103,1,-103,123.16724984190499,0,8,128,-36,33,12,128,133333.33333333334,33,,,,,,
csr-ns3-feedback-observation-v1,feedback_selection,324.99474400000003,1,3,ACK,162,363,891,1,18446744073709551615,0,128,133333.33333333334,33,-103,1,-103,123.16724984190499,0,8,128,-36,33,12,,,,,,,,,
csr-ns3-feedback-observation-v1,ack_response_context,324.99474400000003,1,3,ACK,162,363,891,1,18446744073709551615,0,128,133333.33333333334,33,-103,1,-103,123.16724984190499,0,8,128,-36,33,12,128,133333.33333333334,33,,,,,,
csr-ns3-feedback-observation-v1,ota_segment,325,1,3,ACK,162,363,891,1,18446744073709551615,0,128,133333.33333333334,33,-103,1,-103,123.16724984190499,0,8,128,-36,33,12,128,133333.33333333334,33,128,133333.33333333334,33,4294967375,1,2
csr-ns3-feedback-observation-v1,ota_segment,325,1,2,ACK,170,357,885,1,18446744073709551615,0,128,133333.33333333334,33,-103,1,-103,123.16724984190499,0,8,128,-36,33,12,128,133333.33333333334,33,128,133333.33333333334,33,4294967375,2,2
csr-ns3-feedback-observation-v1,feedback_selection,325.38474400000001,1,2,ACK,171,364,910,1,18446744073709551615,0,128,133333.33333333334,33,-103,1,-103,123.16724984190499,0,8,128,-36,33,12,,,,,,,,,
csr-ns3-feedback-observation-v1,ack_response_context,325.38474400000001,1,2,ACK,171,364,910,1,18446744073709551615,0,128,133333.33333333334,33,-103,1,-103,123.16724984190499,0,8,128,-36,33,12,128,133333.33333333334,33,,,,,,
csr-ns3-feedback-observation-v1,feedback_selection,325.38474400000001,1,2,ACK,172,365,911,1,18446744073709551615,0,128,133333.33333333334,33,-103,1,-103,123.16724984190499,0,8,128,-36,33,12,,,,,,,,,
csr-ns3-feedback-observation-v1,ack_response_context,325.38474400000001,1,2,ACK,172,365,911,1,18446744073709551615,0,128,133333.33333333334,33,-103,1,-103,123.16724984190499,0,8,128,-36,33,12,128,133333.33333333334,33,,,,,,
csr-ns3-feedback-observation-v1,feedback_selection,325.38474400000001,1,2,ACK,173,366,912,1,18446744073709551615,0,128,133333.33333333334,33,-103,1,-103,123.16724984190499,0,8,128,-36,33,12,,,,,,,,,
csr-ns3-feedback-observation-v1,ack_response_context,325.38474400000001,1,2,ACK,173,366,912,1,18446744073709551615,0,128,133333.33333333334,33,-103,1,-103,123.16724984190499,0,8,128,-36,33,12,128,133333.33333333334,33,,,,,,
csr-ns3-feedback-observation-v1,feedback_selection,325.38474400000001,1,2,ACK,174,367,913,1,18446744073709551615,0,128,133333.33333333334,33,-103,1,-103,123.16724984190499,0,8,128,-36,33,12,,,,,,,,,
csr-ns3-feedback-observation-v1,ack_response_context,325.38474400000001,1,2,ACK,174,367,913,1,18446744073709551615,0,128,133333.33333333334,33,-103,1,-103,123.16724984190499,0,8,128,-36,33,12,128,133333.33333333334,33,,,,,,
csr-ns3-feedback-observation-v1,feedback_selection,325.38474400000001,1,2,ACK,175,368,914,1,18446744073709551615,0,128,133333.33333333334,33,-103,1,-103,123.16724984190499,0,8,128,-36,33,12,,,,,,,,,
csr-ns3-feedback-observation-v1,ack_response_context,325.38474400000001,1,2,ACK,175,368,914,1,18446744073709551615,0,128,133333.33333333334,33,-103,1,-103,123.16724984190499,0,8,128,-36,33,12,128,133333.33333333334,33,,,,,,
csr-ns3-feedback-observation-v1,feedback_selection,325.38474400000001,1,2,ACK,176,369,915,1,18446744073709551615,0,128,133333.33333333334,33,-103,1,-103,123.16724984190499,0,8,128,-36,33,12,,,,,,,,,
csr-ns3-feedback-observation-v1,ack_response_context,325.38474400000001,1,2,ACK,176,369,915,1,18446744073709551615,0,128,133333.33333333334,33,-103,1,-103,123.16724984190499,0,8,128,-36,33,12,128,133333.33333333334,33,,,,,,
csr-ns3-feedback-observation-v1,ota_segment,325.42899999999997,1,3,ACK,162,363,891,1,18446744073709551615,0,128,133333.33333333334,33,-103,1,-103,123.16724984190499,0,8,128,-36,33,12,128,133333.33333333334,33,128,133333.33333333334,33,4294967376,1,2
csr-ns3-feedback-observation-v1,ota_segment,325.42899999999997,1,2,ACK,176,369,915,1,18446744073709551615,0,128,133333.33333333334,33,-103,1,-103,123.16724984190499,0,8,128,-36,33,12,128,133333.33333333334,33,128,133333.33333333334,33,4294967376,2,2
csr-ns3-feedback-observation-v1,feedback_selection,325.76174400000002,1,3,ACK,163,370,922,1,18446744073709551615,0,128,133333.33333333334,33,-103,1,-103,123.16724984190499,0,8,128,-36,33,12,,,,,,,,,
csr-ns3-feedback-observation-v1,ack_response_context,325.76174400000002,1,3,ACK,163,370,922,1,18446744073709551615,0,128,133333.33333333334,33,-103,1,-103,123.16724984190499,0,8,128,-36,33,12,128,133333.33333333334,33,,,,,,
csr-ns3-feedback-observation-v1,feedback_selection,325.76174400000002,1,3,ACK,164,371,923,1,18446744073709551615,0,128,133333.33333333334,33,-103,1,-103,123.16724984190499,0,8,128,-36,33,12,,,,,,,,,
csr-ns3-feedback-observation-v1,ack_response_context,325.76174400000002,1,3,ACK,164,371,923,1,18446744073709551615,0,128,133333.33333333334,33,-103,1,-103,123.16724984190499,0,8,128,-36,33,12,128,133333.33333333334,33,,,,,,
csr-ns3-feedback-observation-v1,feedback_selection,325.76174400000002,1,3,ACK,165,372,924,1,18446744073709551615,0,128,133333.33333333334,33,-103,1,-103,123.16724984190499,0,8,128,-36,33,12,,,,,,,,,
csr-ns3-feedback-observation-v1,ack_response_context,325.76174400000002,1,3,ACK,165,372,924,1,18446744073709551615,0,128,133333.33333333334,33,-103,1,-103,123.16724984190499,0,8,128,-36,33,12,128,133333.33333333334,33,,,,,,
csr-ns3-feedback-observation-v1,feedback_selection,325.76174400000002,1,3,ACK,166,373,925,1,18446744073709551615,0,128,133333.33333333334,33,-103,1,-103,123.16724984190499,0,8,128,-36,33,12,,,,,,,,,
csr-ns3-feedback-observation-v1,ack_response_context,325.76174400000002,1,3,ACK,166,373,925,1,18446744073709551615,0,128,133333.33333333334,33,-103,1,-103,123.16724984190499,0,8,128,-36,33,12,128,133333.33333333334,33,,,,,,
csr-ns3-feedback-observation-v1,feedback_selection,325.76174400000002,1,3,ACK,167,374,926,1,18446744073709551615,0,128,133333.33333333334,33,-103,1,-103,123.16724984190499,0,8,128,-36,33,12,,,,,,,,,
csr-ns3-feedback-observation-v1,ack_response_context,325.76174400000002,1,3,ACK,167,374,926,1,18446744073709551615,0,128,133333.33333333334,33,-103,1,-103,123.16724984190499,0,8,128,-36,33,12,128,133333.33333333334,33,,,,,,
csr-ns3-feedback-observation-v1,feedback_selection,325.76174400000002,1,3,ACK,168,375,927,1,18446744073709551615,0,128,133333.33333333334,33,-103,1,-103,123.16724984190499,0,8,128,-36,33,12,,,,,,,,,
csr-ns3-feedback-observation-v1,ack_response_context,325.76174400000002,1,3,ACK,168,375,927,1,18446744073709551615,0,128,133333.33333333334,33,-103,1,-103,123.16724984190499,0,8,128,-36,33,12,128,133333.33333333334,33,,,,,,
csr-ns3-feedback-observation-v1,ota_segment,325.88400000000001,1,3,ACK,168,375,927,1,18446744073709551615,0,128,133333.33333333334,33,-103,1,-103,123.16724984190499,0,8,128,-36,33,12,128,133333.33333333334,33,128,133333.33333333334,33,4294967377,1,2
csr-ns3-feedback-observation-v1,ota_segment,325.88400000000001,1,2,ACK,176,369,915,1,18446744073709551615,0,128,133333.33333333334,33,-103,1,-103,123.16724984190499,0,8,128,-36,33,12,128,133333.33333333334,33,128,133333.33333333334,33,4294967377,2,2
csr-ns3-feedback-observation-v1,feedback_selection,326.22974399999998,1,3,ACK,169,376,934,1,18446744073709551615,0,128,133333.33333333334,33,-103,1,-103,123.16724984190499,0,8,128,-36,33,12,,,,,,,,,
csr-ns3-feedback-observation-v1,ack_response_context,326.22974399999998,1,3,ACK,169,376,934,1,18446744073709551615,0,128,133333.33333333334,33,-103,1,-103,123.16724984190499,0,8,128,-36,33,12,128,133333.33333333334,33,,,,,,
csr-ns3-feedback-observation-v1,feedback_selection,326.22974399999998,1,3,ACK,170,377,935,1,18446744073709551615,0,128,133333.33333333334,33,-103,1,-103,123.16724984190499,0,8,128,-36,33,12,,,,,,,,,
csr-ns3-feedback-observation-v1,ack_response_context,326.22974399999998,1,3,ACK,170,377,935,1,18446744073709551615,0,128,133333.33333333334,33,-103,1,-103,123.16724984190499,0,8,128,-36,33,12,128,133333.33333333334,33,,,,,,
csr-ns3-feedback-observation-v1,feedback_selection,326.22974399999998,1,3,ACK,171,378,936,1,18446744073709551615,0,128,133333.33333333334,33,-103,1,-103,123.16724984190499,0,8,128,-36,33,12,,,,,,,,,
csr-ns3-feedback-observation-v1,ack_response_context,326.22974399999998,1,3,ACK,171,378,936,1,18446744073709551615,0,128,133333.33333333334,33,-103,1,-103,123.16724984190499,0,8,128,-36,33,12,128,133333.33333333334,33,,,,,,
csr-ns3-feedback-observation-v1,feedback_selection,326.22974399999998,1,3,ACK,172,379,937,1,18446744073709551615,0,128,133333.33333333334,33,-103,1,-103,123.16724984190499,0,8,128,-36,33,12,,,,,,,,,
csr-ns3-feedback-observation-v1,ack_response_context,326.22974399999998,1,3,ACK,172,379,937,1,18446744073709551615,0,128,133333.33333333334,33,-103,1,-103,123.16724984190499,0,8,128,-36,33,12,128,133333.33333333334,33,,,,,,
csr-ns3-feedback-observation-v1,feedback_selection,326.22974399999998,1,3,ACK,173,380,938,1,18446744073709551615,0,128,133333.33333333334,33,-103,1,-103,123.16724984190499,0,8,128,-36,33,12,,,,,,,,,
csr-ns3-feedback-observation-v1,ack_response_context,326.22974399999998,1,3,ACK,173,380,938,1,18446744073709551615,0,128,133333.33333333334,33,-103,1,-103,123.16724984190499,0,8,128,-36,33,12,128,133333.33333333334,33,,,,,,
csr-ns3-feedback-observation-v1,feedback_selection,326.22974399999998,1,3,ACK,174,381,939,1,18446744073709551615,0,128,133333.33333333334,33,-103,1,-103,123.16724984190499,0,8,128,-36,33,12,,,,,,,,,
csr-ns3-feedback-observation-v1,ack_response_context,326.22974399999998,1,3,ACK,174,381,939,1,18446744073709551615,0,128,133333.33333333334,33,-103,1,-103,123.16724984190499,0,8,128,-36,33,12,128,133333.33333333334,33,,,,,,
csr-ns3-feedback-observation-v1,feedback_selection,326.51574399999998,1,3,ACK,175,382,940,1,18446744073709551615,0,128,133333.33333333334,33,-103,1,-103,123.16724984190499,0,8,128,-36,33,12,,,,,,,,,
csr-ns3-feedback-observation-v1,ack_response_context,326.51574399999998,1,3,ACK,175,382,940,1,18446744073709551615,0,128,133333.33333333334,33,-103,1,-103,123.16724984190499,0,8,128,-36,33,12,128,133333.33333333334,33,,,,,,
csr-ns3-feedback-observation-v1,feedback_selection,326.51574399999998,1,3,ACK,176,383,941,1,18446744073709551615,0,128,133333.33333333334,33,-103,1,-103,123.16724984190499,0,8,128,-36,33,12,,,,,,,,,
csr-ns3-feedback-observation-v1,ack_response_context,326.51574399999998,1,3,ACK,176,383,941,1,18446744073709551615,0,128,133333.33333333334,33,-103,1,-103,123.16724984190499,0,8,128,-36,33,12,128,133333.33333333334,33,,,,,,
csr-ns3-feedback-observation-v1,feedback_selection,326.51574399999998,1,3,ACK,177,384,942,1,18446744073709551615,0,128,133333.33333333334,33,-103,1,-103,123.16724984190499,0,8,128,-36,33,12,,,,,,,,,
csr-ns3-feedback-observation-v1,ack_response_context,326.51574399999998,1,3,ACK,177,384,942,1,18446744073709551615,0,128,133333.33333333334,33,-103,1,-103,123.16724984190499,0,8,128,-36,33,12,128,133333.33333333334,33,,,,,,
csr-ns3-feedback-observation-v1,feedback_selection,326.51574399999998,1,3,ACK,178,385,943,1,18446744073709551615,0,128,133333.33333333334,33,-103,1,-103,123.16724984190499,0,8,128,-36,33,12,,,,,,,,,
csr-ns3-feedback-observation-v1,ack_response_context,326.51574399999998,1,3,ACK,178,385,943,1,18446744073709551615,0,128,133333.33333333334,33,-103,1,-103,123.16724984190499,0,8,128,-36,33,12,128,133333.33333333334,33,,,,,,
csr-ns3-feedback-observation-v1,feedback_selection,326.51574399999998,1,3,ACK,179,386,944,1,18446744073709551615,0,128,133333.33333333334,33,-103,1,-103,123.16724984190499,0,8,128,-36,33,12,,,,,,,,,
csr-ns3-feedback-observation-v1,ack_response_context,326.51574399999998,1,3,ACK,179,386,944,1,18446744073709551615,0,128,133333.33333333334,33,-103,1,-103,123.16724984190499,0,8,128,-36,33,12,128,133333.33333333334,33,,,,,,
csr-ns3-feedback-observation-v1,feedback_selection,326.51574399999998,1,3,ACK,180,387,945,1,18446744073709551615,0,128,133333.33333333334,33,-103,1,-103,123.16724984190499,0,8,128,-36,33,12,,,,,,,,,
csr-ns3-feedback-observation-v1,ack_response_context,326.51574399999998,1,3,ACK,180,387,945,1,18446744073709551615,0,128,133333.33333333334,33,-103,1,-103,123.16724984190499,0,8,128,-36,33,12,128,133333.33333333334,33,,,,,,
csr-ns3-feedback-observation-v1,feedback_selection,326.762744,1,2,ACK,177,388,946,1,18446744073709551615,0,128,133333.33333333334,33,-103,1,-103,123.16724984190499,0,8,128,-36,33,12,,,,,,,,,
csr-ns3-feedback-observation-v1,ack_response_context,326.762744,1,2,ACK,177,388,946,1,18446744073709551615,0,128,133333.33333333334,33,-103,1,-103,123.16724984190499,0,8,128,-36,33,12,128,133333.33333333334,33,,,,,,
csr-ns3-feedback-observation-v1,feedback_selection,326.762744,1,2,ACK,178,389,947,1,18446744073709551615,0,128,133333.33333333334,33,-103,1,-103,123.16724984190499,0,8,128,-36,33,12,,,,,,,,,
csr-ns3-feedback-observation-v1,ack_response_context,326.762744,1,2,ACK,178,389,947,1,18446744073709551615,0,128,133333.33333333334,33,-103,1,-103,123.16724984190499,0,8,128,-36,33,12,128,133333.33333333334,33,,,,,,
csr-ns3-feedback-observation-v1,feedback_selection,326.762744,1,2,ACK,179,390,948,1,18446744073709551615,0,128,133333.33333333334,33,-103,1,-103,123.16724984190499,0,8,128,-36,33,12,,,,,,,,,
csr-ns3-feedback-observation-v1,ack_response_context,326.762744,1,2,ACK,179,390,948,1,18446744073709551615,0,128,133333.33333333334,33,-103,1,-103,123.16724984190499,0,8,128,-36,33,12,128,133333.33333333334,33,,,,,,
csr-ns3-feedback-observation-v1,feedback_selection,326.762744,1,2,ACK,180,391,949,1,18446744073709551615,0,128,133333.33333333334,33,-103,1,-103,123.16724984190499,0,8,128,-36,33,12,,,,,,,,,
csr-ns3-feedback-observation-v1,ack_response_context,326.762744,1,2,ACK,180,391,949,1,18446744073709551615,0,128,133333.33333333334,33,-103,1,-103,123.16724984190499,0,8,128,-36,33,12,128,133333.33333333334,33,,,,,,
csr-ns3-feedback-observation-v1,feedback_selection,326.762744,1,2,ACK,181,392,950,1,18446744073709551615,0,128,133333.33333333334,33,-103,1,-103,123.16724984190499,0,8,128,-36,33,12,,,,,,,,,
csr-ns3-feedback-observation-v1,ack_response_context,326.762744,1,2,ACK,181,392,950,1,18446744073709551615,0,128,133333.33333333334,33,-103,1,-103,123.16724984190499,0,8,128,-36,33,12,128,133333.33333333334,33,,,,,,
csr-ns3-feedback-observation-v1,feedback_selection,326.762744,1,2,ACK,182,393,951,1,18446744073709551615,0,128,133333.33333333334,33,-103,1,-103,123.16724984190499,0,8,128,-36,33,12,,,,,,,,,
csr-ns3-feedback-observation-v1,ack_response_context,326.762744,1,2,ACK,182,393,951,1,18446744073709551615,0,128,133333.33333333334,33,-103,1,-103,123.16724984190499,0,8,128,-36,33,12,128,133333.33333333334,33,,,,,,
csr-ns3-feedback-observation-v1,feedback_selection,327.00974400000001,1,2,ACK,183,394,952,1,18446744073709551615,0,128,133333.33333333334,33,-103,1,-103,123.16724984190499,0,8,128,-36,33,12,,,,,,,,,
csr-ns3-feedback-observation-v1,ack_response_context,327.00974400000001,1,2,ACK,183,394,952,1,18446744073709551615,0,128,133333.33333333334,33,-103,1,-103,123.16724984190499,0,8,128,-36,33,12,128,133333.33333333334,33,,,,,,
csr-ns3-feedback-observation-v1,feedback_selection,327.00974400000001,1,2,ACK,184,395,953,1,18446744073709551615,0,128,133333.33333333334,33,-103,1,-103,123.16724984190499,0,8,128,-36,33,12,,,,,,,,,
csr-ns3-feedback-observation-v1,ack_response_context,327.00974400000001,1,2,ACK,184,395,953,1,18446744073709551615,0,128,133333.33333333334,33,-103,1,-103,123.16724984190499,0,8,128,-36,33,12,128,133333.33333333334,33,,,,,,
csr-ns3-feedback-observation-v1,feedback_selection,327.00974400000001,1,2,ACK,185,396,954,1,18446744073709551615,0,128,133333.33333333334,33,-103,1,-103,123.16724984190499,0,8,128,-36,33,12,,,,,,,,,
csr-ns3-feedback-observation-v1,ack_response_context,327.00974400000001,1,2,ACK,185,396,954,1,18446744073709551615,0,128,133333.33333333334,33,-103,1,-103,123.16724984190499,0,8,128,-36,33,12,128,133333.33333333334,33,,,,,,
csr-ns3-feedback-observation-v1,feedback_selection,327.00974400000001,1,2,ACK,186,397,955,1,18446744073709551615,0,128,133333.33333333334,33,-103,1,-103,123.16724984190499,0,8,128,-36,33,12,,,,,,,,,
csr-ns3-feedback-observation-v1,ack_response_context,327.00974400000001,1,2,ACK,186,397,955,1,18446744073709551615,0,128,133333.33333333334,33,-103,1,-103,123.16724984190499,0,8,128,-36,33,12,128,133333.33333333334,33,,,,,,
csr-ns3-feedback-observation-v1,feedback_selection,327.00974400000001,1,2,ACK,187,398,956,1,18446744073709551615,0,128,133333.33333333334,33,-103,1,-103,123.16724984190499,0,8,128,-36,33,12,,,,,,,,,
csr-ns3-feedback-observation-v1,ack_response_context,327.00974400000001,1,2,ACK,187,398,956,1,18446744073709551615,0,128,133333.33333333334,33,-103,1,-103,123.16724984190499,0,8,128,-36,33,12,128,133333.33333333334,33,,,,,,
csr-ns3-feedback-observation-v1,feedback_selection,327.00974400000001,1,2,ACK,188,399,957,1,18446744073709551615,0,128,133333.33333333334,33,-103,1,-103,123.16724984190499,0,8,128,-36,33,12,,,,,,,,,
csr-ns3-feedback-observation-v1,ack_response_context,327.00974400000001,1,2,ACK,188,399,957,1,18446744073709551615,0,128,133333.33333333334,33,-103,1,-103,123.16724984190499,0,8,128,-36,33,12,128,133333.33333333334,33,,,,,,
csr-ns3-feedback-observation-v1,feedback_selection,327.22170399999999,1,2,ACK,189,400,958,1,18446744073709551615,0,128,133333.33333333334,33,-103,1,-103,123.16724984190499,0,8,128,-36,33,12,,,,,,,,,
csr-ns3-feedback-observation-v1,ack_response_context,327.22170399999999,1,2,ACK,189,400,958,1,18446744073709551615,0,128,133333.33333333334,33,-103,1,-103,123.16724984190499,0,8,128,-36,33,12,128,133333.33333333334,33,,,,,,
csr-ns3-feedback-observation-v1,feedback_selection,327.22170399999999,1,2,ACK,190,401,959,1,18446744073709551615,0,128,133333.33333333334,33,-103,1,-103,123.16724984190499,0,8,128,-36,33,12,,,,,,,,,
csr-ns3-feedback-observation-v1,ack_response_context,327.22170399999999,1,2,ACK,190,401,959,1,18446744073709551615,0,128,133333.33333333334,33,-103,1,-103,123.16724984190499,0,8,128,-36,33,12,128,133333.33333333334,33,,,,,,
csr-ns3-feedback-observation-v1,feedback_selection,327.22170399999999,1,2,ACK,191,402,960,1,18446744073709551615,0,128,133333.33333333334,33,-103,1,-103,123.16724984190499,0,8,128,-36,33,12,,,,,,,,,
csr-ns3-feedback-observation-v1,ack_response_context,327.22170399999999,1,2,ACK,191,402,960,1,18446744073709551615,0,128,133333.33333333334,33,-103,1,-103,123.16724984190499,0,8,128,-36,33,12,128,133333.33333333334,33,,,,,,
csr-ns3-feedback-observation-v1,feedback_selection,327.22170399999999,1,2,ACK,192,403,961,1,18446744073709551615,0,128,133333.33333333334,33,-103,1,-103,123.16724984190499,0,8,128,-36,33,12,,,,,,,,,
csr-ns3-feedback-observation-v1,ack_response_context,327.22170399999999,1,2,ACK,192,403,961,1,18446744073709551615,0,128,133333.33333333334,33,-103,1,-103,123.16724984190499,0,8,128,-36,33,12,128,133333.33333333334,33,,,,,,
csr-ns3-feedback-observation-v1,feedback_selection,327.39070400000003,1,3,ACK,181,404,962,1,18446744073709551615,0,128,133333.33333333334,33,-103,1,-103,123.16724984190499,0,8,128,-36,33,12,,,,,,,,,
csr-ns3-feedback-observation-v1,ack_response_context,327.39070400000003,1,3,ACK,181,404,962,1,18446744073709551615,0,128,133333.33333333334,33,-103,1,-103,123.16724984190499,0,8,128,-36,33,12,128,133333.33333333334,33,,,,,,
csr-ns3-feedback-observation-v1,feedback_selection,327.39070400000003,1,3,ACK,182,405,963,1,18446744073709551615,0,128,133333.33333333334,33,-103,1,-103,123.16724984190499,0,8,128,-36,33,12,,,,,,,,,
csr-ns3-feedback-observation-v1,ack_response_context,327.39070400000003,1,3,ACK,182,405,963,1,18446744073709551615,0,128,133333.33333333334,33,-103,1,-103,123.16724984190499,0,8,128,-36,33,12,128,133333.33333333334,33,,,,,,
csr-ns3-feedback-observation-v1,feedback_selection,327.39070400000003,1,3,ACK,183,406,964,1,18446744073709551615,0,128,133333.33333333334,33,-103,1,-103,123.16724984190499,0,8,128,-36,33,12,,,,,,,,,
csr-ns3-feedback-observation-v1,ack_response_context,327.39070400000003,1,3,ACK,183,406,964,1,18446744073709551615,0,128,133333.33333333334,33,-103,1,-103,123.16724984190499,0,8,128,-36,33,12,128,133333.33333333334,33,,,,,,
csr-ns3-feedback-observation-v1,feedback_selection,327.39070400000003,1,3,ACK,184,407,965,1,18446744073709551615,0,128,133333.33333333334,33,-103,1,-103,123.16724984190499,0,8,128,-36,33,12,,,,,,,,,
csr-ns3-feedback-observation-v1,ack_response_context,327.39070400000003,1,3,ACK,184,407,965,1,18446744073709551615,0,128,133333.33333333334,33,-103,1,-103,123.16724984190499,0,8,128,-36,33,12,128,133333.33333333334,33,,,,,,
csr-ns3-feedback-observation-v1,ota_segment,327.52199999999999,1,3,ACK,184,407,965,1,18446744073709551615,0,128,133333.33333333334,33,-103,1,-103,123.16724984190499,0,8,128,-36,33,12,128,133333.33333333334,33,128,133333.33333333334,33,4294967378,1,2
csr-ns3-feedback-observation-v1,ota_segment,327.52199999999999,1,2,ACK,192,403,961,1,18446744073709551615,0,128,133333.33333333334,33,-103,1,-103,123.16724984190499,0,8,128,-36,33,12,128,133333.33333333334,33,128,133333.33333333334,33,4294967378,2,2
csr-ns3-feedback-observation-v1,feedback_selection,327.815744,1,2,ACK,193,408,998,1,18446744073709551615,0,128,133333.33333333334,33,-103,1,-103,123.16724984190499,0,8,128,-36,33,12,,,,,,,,,
csr-ns3-feedback-observation-v1,ack_response_context,327.815744,1,2,ACK,193,408,998,1,18446744073709551615,0,128,133333.33333333334,33,-103,1,-103,123.16724984190499,0,8,128,-36,33,12,128,133333.33333333334,33,,,,,,
csr-ns3-feedback-observation-v1,feedback_selection,327.815744,1,2,ACK,194,409,999,1,18446744073709551615,0,128,133333.33333333334,33,-103,1,-103,123.16724984190499,0,8,128,-36,33,12,,,,,,,,,
csr-ns3-feedback-observation-v1,ack_response_context,327.815744,1,2,ACK,194,409,999,1,18446744073709551615,0,128,133333.33333333334,33,-103,1,-103,123.16724984190499,0,8,128,-36,33,12,128,133333.33333333334,33,,,,,,
csr-ns3-feedback-observation-v1,feedback_selection,327.815744,1,2,ACK,195,410,1000,1,18446744073709551615,0,128,133333.33333333334,33,-103,1,-103,123.16724984190499,0,8,128,-36,33,12,,,,,,,,,
csr-ns3-feedback-observation-v1,ack_response_context,327.815744,1,2,ACK,195,410,1000,1,18446744073709551615,0,128,133333.33333333334,33,-103,1,-103,123.16724984190499,0,8,128,-36,33,12,128,133333.33333333334,33,,,,,,
csr-ns3-feedback-observation-v1,feedback_selection,327.815744,1,2,ACK,196,411,1001,1,18446744073709551615,0,128,133333.33333333334,33,-103,1,-103,123.16724984190499,0,8,128,-36,33,12,,,,,,,,,
csr-ns3-feedback-observation-v1,ack_response_context,327.815744,1,2,ACK,196,411,1001,1,18446744073709551615,0,128,133333.33333333334,33,-103,1,-103,123.16724984190499,0,8,128,-36,33,12,128,133333.33333333334,33,,,,,,
csr-ns3-feedback-observation-v1,feedback_selection,327.815744,1,2,ACK,197,412,1002,1,18446744073709551615,0,128,133333.33333333334,33,-103,1,-103,123.16724984190499,0,8,128,-36,33,12,,,,,,,,,
csr-ns3-feedback-observation-v1,ack_response_context,327.815744,1,2,ACK,197,412,1002,1,18446744073709551615,0,128,133333.33333333334,33,-103,1,-103,123.16724984190499,0,8,128,-36,33,12,128,133333.33333333334,33,,,,,,
csr-ns3-feedback-observation-v1,feedback_selection,327.815744,1,2,ACK,198,413,1003,1,18446744073709551615,0,128,133333.33333333334,33,-103,1,-103,123.16724984190499,0,8,128,-36,33,12,,,,,,,,,
csr-ns3-feedback-observation-v1,ack_response_context,327.815744,1,2,ACK,198,413,1003,1,18446744073709551615,0,128,133333.33333333334,33,-103,1,-103,123.16724984190499,0,8,128,-36,33,12,128,133333.33333333334,33,,,,,,
csr-ns3-feedback-observation-v1,ota_segment,327.834,1,3,ACK,184,407,965,1,18446744073709551615,0,128,133333.33333333334,33,-103,1,-103,123.16724984190499,0,8,128,-36,33,12,128,133333.33333333334,33,128,133333.33333333334,33,4294967379,1,2
csr-ns3-feedback-observation-v1,ota_segment,327.834,1,2,ACK,198,413,1003,1,18446744073709551615,0,128,133333.33333333334,33,-103,1,-103,123.16724984190499,0,8,128,-36,33,12,128,133333.33333333334,33,128,133333.33333333334,33,4294967379,2,2
csr-ns3-feedback-observation-v1,feedback_selection,328.21874400000002,1,2,ACK,199,414,1010,1,18446744073709551615,0,128,133333.33333333334,33,-103,1,-103,123.16724984190499,0,8,128,-36,33,12,,,,,,,,,
csr-ns3-feedback-observation-v1,ack_response_context,328.21874400000002,1,2,ACK,199,414,1010,1,18446744073709551615,0,128,133333.33333333334,33,-103,1,-103,123.16724984190499,0,8,128,-36,33,12,128,133333.33333333334,33,,,,,,
csr-ns3-feedback-observation-v1,feedback_selection,328.21874400000002,1,2,ACK,200,415,1011,1,18446744073709551615,0,128,133333.33333333334,33,-103,1,-103,123.16724984190499,0,8,128,-36,33,12,,,,,,,,,
csr-ns3-feedback-observation-v1,ack_response_context,328.21874400000002,1,2,ACK,200,415,1011,1,18446744073709551615,0,128,133333.33333333334,33,-103,1,-103,123.16724984190499,0,8,128,-36,33,12,128,133333.33333333334,33,,,,,,
csr-ns3-feedback-observation-v1,feedback_selection,328.21874400000002,1,2,ACK,201,416,1012,1,18446744073709551615,0,128,133333.33333333334,33,-103,1,-103,123.16724984190499,0,8,128,-36,33,12,,,,,,,,,
csr-ns3-feedback-observation-v1,ack_response_context,328.21874400000002,1,2,ACK,201,416,1012,1,18446744073709551615,0,128,133333.33333333334,33,-103,1,-103,123.16724984190499,0,8,128,-36,33,12,128,133333.33333333334,33,,,,,,
csr-ns3-feedback-observation-v1,feedback_selection,328.21874400000002,1,2,ACK,202,417,1013,1,18446744073709551615,0,128,133333.33333333334,33,-103,1,-103,123.16724984190499,0,8,128,-36,33,12,,,,,,,,,
csr-ns3-feedback-observation-v1,ack_response_context,328.21874400000002,1,2,ACK,202,417,1013,1,18446744073709551615,0,128,133333.33333333334,33,-103,1,-103,123.16724984190499,0,8,128,-36,33,12,128,133333.33333333334,33,,,,,,
csr-ns3-feedback-observation-v1,feedback_selection,328.21874400000002,1,2,ACK,203,418,1014,1,18446744073709551615,0,128,133333.33333333334,33,-103,1,-103,123.16724984190499,0,8,128,-36,33,12,,,,,,,,,
csr-ns3-feedback-observation-v1,ack_response_context,328.21874400000002,1,2,ACK,203,418,1014,1,18446744073709551615,0,128,133333.33333333334,33,-103,1,-103,123.16724984190499,0,8,128,-36,33,12,128,133333.33333333334,33,,,,,,
csr-ns3-feedback-observation-v1,feedback_selection,328.21874400000002,1,2,ACK,204,419,1015,1,18446744073709551615,0,128,133333.33333333334,33,-103,1,-103,123.16724984190499,0,8,128,-36,33,12,,,,,,,,,
csr-ns3-feedback-observation-v1,ack_response_context,328.21874400000002,1,2,ACK,204,419,1015,1,18446744073709551615,0,128,133333.33333333334,33,-103,1,-103,123.16724984190499,0,8,128,-36,33,12,128,133333.33333333334,33,,,,,,
csr-ns3-feedback-observation-v1,feedback_selection,328.47874400000001,1,3,ACK,185,420,1016,1,18446744073709551615,0,128,133333.33333333334,33,-103,1,-103,123.16724984190499,0,8,128,-36,33,12,,,,,,,,,
csr-ns3-feedback-observation-v1,ack_response_context,328.47874400000001,1,3,ACK,185,420,1016,1,18446744073709551615,0,128,133333.33333333334,33,-103,1,-103,123.16724984190499,0,8,128,-36,33,12,128,133333.33333333334,33,,,,,,
csr-ns3-feedback-observation-v1,feedback_selection,328.47874400000001,1,3,ACK,186,421,1017,1,18446744073709551615,0,128,133333.33333333334,33,-103,1,-103,123.16724984190499,0,8,128,-36,33,12,,,,,,,,,
csr-ns3-feedback-observation-v1,ack_response_context,328.47874400000001,1,3,ACK,186,421,1017,1,18446744073709551615,0,128,133333.33333333334,33,-103,1,-103,123.16724984190499,0,8,128,-36,33,12,128,133333.33333333334,33,,,,,,
csr-ns3-feedback-observation-v1,feedback_selection,328.47874400000001,1,3,ACK,187,422,1018,1,18446744073709551615,0,128,133333.33333333334,33,-103,1,-103,123.16724984190499,0,8,128,-36,33,12,,,,,,,,,
csr-ns3-feedback-observation-v1,ack_response_context,328.47874400000001,1,3,ACK,187,422,1018,1,18446744073709551615,0,128,133333.33333333334,33,-103,1,-103,123.16724984190499,0,8,128,-36,33,12,128,133333.33333333334,33,,,,,,
csr-ns3-feedback-observation-v1,feedback_selection,328.47874400000001,1,3,ACK,188,423,1019,1,18446744073709551615,0,128,133333.33333333334,33,-103,1,-103,123.16724984190499,0,8,128,-36,33,12,,,,,,,,,
csr-ns3-feedback-observation-v1,ack_response_context,328.47874400000001,1,3,ACK,188,423,1019,1,18446744073709551615,0,128,133333.33333333334,33,-103,1,-103,123.16724984190499,0,8,128,-36,33,12,128,133333.33333333334,33,,,,,,
csr-ns3-feedback-observation-v1,feedback_selection,328.47874400000001,1,3,ACK,189,424,1020,1,18446744073709551615,0,128,133333.33333333334,33,-103,1,-103,123.16724984190499,0,8,128,-36,33,12,,,,,,,,,
csr-ns3-feedback-observation-v1,ack_response_context,328.47874400000001,1,3,ACK,189,424,1020,1,18446744073709551615,0,128,133333.33333333334,33,-103,1,-103,123.16724984190499,0,8,128,-36,33,12,128,133333.33333333334,33,,,,,,
csr-ns3-feedback-observation-v1,feedback_selection,328.47874400000001,1,3,ACK,190,425,1021,1,18446744073709551615,0,128,133333.33333333334,33,-103,1,-103,123.16724984190499,0,8,128,-36,33,12,,,,,,,,,
csr-ns3-feedback-observation-v1,ack_response_context,328.47874400000001,1,3,ACK,190,425,1021,1,18446744073709551615,0,128,133333.33333333334,33,-103,1,-103,123.16724984190499,0,8,128,-36,33,12,128,133333.33333333334,33,,,,,,
csr-ns3-feedback-observation-v1,ota_segment,328.65300000000002,1,3,ACK,190,425,1021,1,18446744073709551615,0,128,133333.33333333334,33,-103,1,-103,123.16724984190499,0,8,128,-36,33,12,128,133333.33333333334,33,128,133333.33333333334,33,4294967380,1,2
csr-ns3-feedback-observation-v1,ota_segment,328.65300000000002,1,2,ACK,204,419,1015,1,18446744073709551615,0,128,133333.33333333334,33,-103,1,-103,123.16724984190499,0,8,128,-36,33,12,128,133333.33333333334,33,128,133333.33333333334,33,4294967380,2,2
csr-ns3-feedback-observation-v1,feedback_selection,329.03774399999998,1,3,ACK,191,426,1034,1,18446744073709551615,0,128,133333.33333333334,33,-103,1,-103,123.16724984190499,0,8,128,-36,33,12,,,,,,,,,
csr-ns3-feedback-observation-v1,ack_response_context,329.03774399999998,1,3,ACK,191,426,1034,1,18446744073709551615,0,128,133333.33333333334,33,-103,1,-103,123.16724984190499,0,8,128,-36,33,12,128,133333.33333333334,33,,,,,,
csr-ns3-feedback-observation-v1,feedback_selection,329.03774399999998,1,3,ACK,192,427,1035,1,18446744073709551615,0,128,133333.33333333334,33,-103,1,-103,123.16724984190499,0,8,128,-36,33,12,,,,,,,,,
csr-ns3-feedback-observation-v1,ack_response_context,329.03774399999998,1,3,ACK,192,427,1035,1,18446744073709551615,0,128,133333.33333333334,33,-103,1,-103,123.16724984190499,0,8,128,-36,33,12,128,133333.33333333334,33,,,,,,
csr-ns3-feedback-observation-v1,feedback_selection,329.03774399999998,1,3,ACK,193,428,1036,1,18446744073709551615,0,128,133333.33333333334,33,-103,1,-103,123.16724984190499,0,8,128,-36,33,12,,,,,,,,,
csr-ns3-feedback-observation-v1,ack_response_context,329.03774399999998,1,3,ACK,193,428,1036,1,18446744073709551615,0,128,133333.33333333334,33,-103,1,-103,123.16724984190499,0,8,128,-36,33,12,128,133333.33333333334,33,,,,,,
csr-ns3-feedback-observation-v1,feedback_selection,329.03774399999998,1,3,ACK,194,429,1037,1,18446744073709551615,0,128,133333.33333333334,33,-103,1,-103,123.16724984190499,0,8,128,-36,33,12,,,,,,,,,
csr-ns3-feedback-observation-v1,ack_response_context,329.03774399999998,1,3,ACK,194,429,1037,1,18446744073709551615,0,128,133333.33333333334,33,-103,1,-103,123.16724984190499,0,8,128,-36,33,12,128,133333.33333333334,33,,,,,,
csr-ns3-feedback-observation-v1,feedback_selection,329.03774399999998,1,3,ACK,195,430,1038,1,18446744073709551615,0,128,133333.33333333334,33,-103,1,-103,123.16724984190499,0,8,128,-36,33,12,,,,,,,,,
csr-ns3-feedback-observation-v1,ack_response_context,329.03774399999998,1,3,ACK,195,430,1038,1,18446744073709551615,0,128,133333.33333333334,33,-103,1,-103,123.16724984190499,0,8,128,-36,33,12,128,133333.33333333334,33,,,,,,
csr-ns3-feedback-observation-v1,feedback_selection,329.03774399999998,1,3,ACK,196,431,1039,1,18446744073709551615,0,128,133333.33333333334,33,-103,1,-103,123.16724984190499,0,8,128,-36,33,12,,,,,,,,,
csr-ns3-feedback-observation-v1,ack_response_context,329.03774399999998,1,3,ACK,196,431,1039,1,18446744073709551615,0,128,133333.33333333334,33,-103,1,-103,123.16724984190499,0,8,128,-36,33,12,128,133333.33333333334,33,,,,,,
csr-ns3-feedback-observation-v1,feedback_selection,329.28474399999999,1,2,ACK,205,432,1040,1,18446744073709551615,0,128,133333.33333333334,33,-103,1,-103,123.16724984190499,0,8,128,-36,33,12,,,,,,,,,
csr-ns3-feedback-observation-v1,ack_response_context,329.28474399999999,1,2,ACK,205,432,1040,1,18446744073709551615,0,128,133333.33333333334,33,-103,1,-103,123.16724984190499,0,8,128,-36,33,12,128,133333.33333333334,33,,,,,,
csr-ns3-feedback-observation-v1,feedback_selection,329.28474399999999,1,2,ACK,206,433,1041,1,18446744073709551615,0,128,133333.33333333334,33,-103,1,-103,123.16724984190499,0,8,128,-36,33,12,,,,,,,,,
csr-ns3-feedback-observation-v1,ack_response_context,329.28474399999999,1,2,ACK,206,433,1041,1,18446744073709551615,0,128,133333.33333333334,33,-103,1,-103,123.16724984190499,0,8,128,-36,33,12,128,133333.33333333334,33,,,,,,
csr-ns3-feedback-observation-v1,feedback_selection,329.28474399999999,1,2,ACK,207,434,1042,1,18446744073709551615,0,128,133333.33333333334,33,-103,1,-103,123.16724984190499,0,8,128,-36,33,12,,,,,,,,,
csr-ns3-feedback-observation-v1,ack_response_context,329.28474399999999,1,2,ACK,207,434,1042,1,18446744073709551615,0,128,133333.33333333334,33,-103,1,-103,123.16724984190499,0,8,128,-36,33,12,128,133333.33333333334,33,,,,,,
csr-ns3-feedback-observation-v1,feedback_selection,329.28474399999999,1,2,ACK,208,435,1043,1,18446744073709551615,0,128,133333.33333333334,33,-103,1,-103,123.16724984190499,0,8,128,-36,33,12,,,,,,,,,
csr-ns3-feedback-observation-v1,ack_response_context,329.28474399999999,1,2,ACK,208,435,1043,1,18446744073709551615,0,128,133333.33333333334,33,-103,1,-103,123.16724984190499,0,8,128,-36,33,12,128,133333.33333333334,33,,,,,,
csr-ns3-feedback-observation-v1,feedback_selection,329.28474399999999,1,2,ACK,209,436,1044,1,18446744073709551615,0,128,133333.33333333334,33,-103,1,-103,123.16724984190499,0,8,128,-36,33,12,,,,,,,,,
csr-ns3-feedback-observation-v1,ack_response_context,329.28474399999999,1,2,ACK,209,436,1044,1,18446744073709551615,0,128,133333.33333333334,33,-103,1,-103,123.16724984190499,0,8,128,-36,33,12,128,133333.33333333334,33,,,,,,
csr-ns3-feedback-observation-v1,feedback_selection,329.28474399999999,1,2,ACK,210,437,1045,1,18446744073709551615,0,128,133333.33333333334,33,-103,1,-103,123.16724984190499,0,8,128,-36,33,12,,,,,,,,,
csr-ns3-feedback-observation-v1,ack_response_context,329.28474399999999,1,2,ACK,210,437,1045,1,18446744073709551615,0,128,133333.33333333334,33,-103,1,-103,123.16724984190499,0,8,128,-36,33,12,128,133333.33333333334,33,,,,,,
csr-ns3-feedback-observation-v1,feedback_selection,329.726744,1,3,ACK,197,438,1046,1,18446744073709551615,0,128,133333.33333333334,33,-103,1,-103,123.16724984190499,0,8,128,-36,33,12,,,,,,,,,
csr-ns3-feedback-observation-v1,ack_response_context,329.726744,1,3,ACK,197,438,1046,1,18446744073709551615,0,128,133333.33333333334,33,-103,1,-103,123.16724984190499,0,8,128,-36,33,12,128,133333.33333333334,33,,,,,,
csr-ns3-feedback-observation-v1,feedback_selection,329.726744,1,3,ACK,198,439,1047,1,18446744073709551615,0,128,133333.33333333334,33,-103,1,-103,123.16724984190499,0,8,128,-36,33,12,,,,,,,,,
csr-ns3-feedback-observation-v1,ack_response_context,329.726744,1,3,ACK,198,439,1047,1,18446744073709551615,0,128,133333.33333333334,33,-103,1,-103,123.16724984190499,0,8,128,-36,33,12,128,133333.33333333334,33,,,,,,
csr-ns3-feedback-observation-v1,feedback_selection,329.726744,1,3,ACK,199,440,1048,1,18446744073709551615,0,128,133333.33333333334,33,-103,1,-103,123.16724984190499,0,8,128,-36,33,12,,,,,,,,,
csr-ns3-feedback-observation-v1,ack_response_context,329.726744,1,3,ACK,199,440,1048,1,18446744073709551615,0,128,133333.33333333334,33,-103,1,-103,123.16724984190499,0,8,128,-36,33,12,128,133333.33333333334,33,,,,,,
csr-ns3-feedback-observation-v1,feedback_selection,329.726744,1,3,ACK,200,441,1049,1,18446744073709551615,0,128,133333.33333333334,33,-103,1,-103,123.16724984190499,0,8,128,-36,33,12,,,,,,,,,
csr-ns3-feedback-observation-v1,ack_response_context,329.726744,1,3,ACK,200,441,1049,1,18446744073709551615,0,128,133333.33333333334,33,-103,1,-103,123.16724984190499,0,8,128,-36,33,12,128,133333.33333333334,33,,,,,,
csr-ns3-feedback-observation-v1,feedback_selection,329.726744,1,3,ACK,201,442,1050,1,18446744073709551615,0,128,133333.33333333334,33,-103,1,-103,123.16724984190499,0,8,128,-36,33,12,,,,,,,,,
csr-ns3-feedback-observation-v1,ack_response_context,329.726744,1,3,ACK,201,442,1050,1,18446744073709551615,0,128,133333.33333333334,33,-103,1,-103,123.16724984190499,0,8,128,-36,33,12,128,133333.33333333334,33,,,,,,
csr-ns3-feedback-observation-v1,feedback_selection,329.726744,1,3,ACK,202,443,1051,1,18446744073709551615,0,128,133333.33333333334,33,-103,1,-103,123.16724984190499,0,8,128,-36,33,12,,,,,,,,,
csr-ns3-feedback-observation-v1,ack_response_context,329.726744,1,3,ACK,202,443,1051,1,18446744073709551615,0,128,133333.33333333334,33,-103,1,-103,123.16724984190499,0,8,128,-36,33,12,128,133333.33333333334,33,,,,,,
csr-ns3-feedback-observation-v1,feedback_selection,329.99974400000002,1,2,ACK,211,444,1052,1,18446744073709551615,0,128,133333.33333333334,33,-103,1,-103,123.16724984190499,0,8,128,-36,33,12,,,,,,,,,
csr-ns3-feedback-observation-v1,ack_response_context,329.99974400000002,1,2,ACK,211,444,1052,1,18446744073709551615,0,128,133333.33333333334,33,-103,1,-103,123.16724984190499,0,8,128,-36,33,12,128,133333.33333333334,33,,,,,,
csr-ns3-feedback-observation-v1,feedback_selection,329.99974400000002,1,2,ACK,212,445,1053,1,18446744073709551615,0,128,133333.33333333334,33,-103,1,-103,123.16724984190499,0,8,128,-36,33,12,,,,,,,,,
csr-ns3-feedback-observation-v1,ack_response_context,329.99974400000002,1,2,ACK,212,445,1053,1,18446744073709551615,0,128,133333.33333333334,33,-103,1,-103,123.16724984190499,0,8,128,-36,33,12,128,133333.33333333334,33,,,,,,
csr-ns3-feedback-observation-v1,feedback_selection,329.99974400000002,1,2,ACK,213,446,1054,1,18446744073709551615,0,128,133333.33333333334,33,-103,1,-103,123.16724984190499,0,8,128,-36,33,12,,,,,,,,,
csr-ns3-feedback-observation-v1,ack_response_context,329.99974400000002,1,2,ACK,213,446,1054,1,18446744073709551615,0,128,133333.33333333334,33,-103,1,-103,123.16724984190499,0,8,128,-36,33,12,128,133333.33333333334,33,,,,,,
csr-ns3-feedback-observation-v1,feedback_selection,329.99974400000002,1,2,ACK,214,447,1055,1,18446744073709551615,0,128,133333.33333333334,33,-103,1,-103,123.16724984190499,0,8,128,-36,33,12,,,,,,,,,
csr-ns3-feedback-observation-v1,ack_response_context,329.99974400000002,1,2,ACK,214,447,1055,1,18446744073709551615,0,128,133333.33333333334,33,-103,1,-103,123.16724984190499,0,8,128,-36,33,12,128,133333.33333333334,33,,,,,,
csr-ns3-feedback-observation-v1,feedback_selection,329.99974400000002,1,2,ACK,215,448,1056,1,18446744073709551615,0,128,133333.33333333334,33,-103,1,-103,123.16724984190499,0,8,128,-36,33,12,,,,,,,,,
csr-ns3-feedback-observation-v1,ack_response_context,329.99974400000002,1,2,ACK,215,448,1056,1,18446744073709551615,0,128,133333.33333333334,33,-103,1,-103,123.16724984190499,0,8,128,-36,33,12,128,133333.33333333334,33,,,,,,
csr-ns3-feedback-observation-v1,feedback_selection,329.99974400000002,1,2,ACK,216,449,1057,1,18446744073709551615,0,128,133333.33333333334,33,-103,1,-103,123.16724984190499,0,8,128,-36,33,12,,,,,,,,,
csr-ns3-feedback-observation-v1,ack_response_context,329.99974400000002,1,2,ACK,216,449,1057,1,18446744073709551615,0,128,133333.33333333334,33,-103,1,-103,123.16724984190499,0,8,128,-36,33,12,128,133333.33333333334,33,,,,,,
csr-ns3-feedback-observation-v1,ota_segment,330.01799999999997,1,3,ACK,202,443,1051,1,18446744073709551615,0,128,133333.33333333334,33,-103,1,-103,123.16724984190499,0,8,128,-36,33,12,128,133333.33333333334,33,128,133333.33333333334,33,4294967381,1,2
csr-ns3-feedback-observation-v1,ota_segment,330.01799999999997,1,2,ACK,216,449,1057,1,18446744073709551615,0,128,133333.33333333334,33,-103,1,-103,123.16724984190499,0,8,128,-36,33,12,128,133333.33333333334,33,128,133333.33333333334,33,4294967381,2,2
csr-ns3-feedback-observation-v1,feedback_selection,330.42874399999999,1,3,ACK,203,450,1082,1,18446744073709551615,0,128,133333.33333333334,33,-103,1,-103,123.16724984190499,0,8,128,-36,33,12,,,,,,,,,
csr-ns3-feedback-observation-v1,ack_response_context,330.42874399999999,1,3,ACK,203,450,1082,1,18446744073709551615,0,128,133333.33333333334,33,-103,1,-103,123.16724984190499,0,8,128,-36,33,12,128,133333.33333333334,33,,,,,,
csr-ns3-feedback-observation-v1,feedback_selection,330.42874399999999,1,3,ACK,204,451,1083,1,18446744073709551615,0,128,133333.33333333334,33,-103,1,-103,123.16724984190499,0,8,128,-36,33,12,,,,,,,,,
csr-ns3-feedback-observation-v1,ack_response_context,330.42874399999999,1,3,ACK,204,451,1083,1,18446744073709551615,0,128,133333.33333333334,33,-103,1,-103,123.16724984190499,0,8,128,-36,33,12,128,133333.33333333334,33,,,,,,
csr-ns3-feedback-observation-v1,feedback_selection,330.42874399999999,1,3,ACK,205,452,1084,1,18446744073709551615,0,128,133333.33333333334,33,-103,1,-103,123.16724984190499,0,8,128,-36,33,12,,,,,,,,,
csr-ns3-feedback-observation-v1,ack_response_context,330.42874399999999,1,3,ACK,205,452,1084,1,18446744073709551615,0,128,133333.33333333334,33,-103,1,-103,123.16724984190499,0,8,128,-36,33,12,128,133333.33333333334,33,,,,,,
csr-ns3-feedback-observation-v1,feedback_selection,330.42874399999999,1,3,ACK,206,453,1085,1,18446744073709551615,0,128,133333.33333333334,33,-103,1,-103,123.16724984190499,0,8,128,-36,33,12,,,,,,,,,
csr-ns3-feedback-observation-v1,ack_response_context,330.42874399999999,1,3,ACK,206,453,1085,1,18446744073709551615,0,128,133333.33333333334,33,-103,1,-103,123.16724984190499,0,8,128,-36,33,12,128,133333.33333333334,33,,,,,,
csr-ns3-feedback-observation-v1,feedback_selection,330.42874399999999,1,3,ACK,207,454,1086,1,18446744073709551615,0,128,133333.33333333334,33,-103,1,-103,123.16724984190499,0,8,128,-36,33,12,,,,,,,,,
csr-ns3-feedback-observation-v1,ack_response_context,330.42874399999999,1,3,ACK,207,454,1086,1,18446744073709551615,0,128,133333.33333333334,33,-103,1,-103,123.16724984190499,0,8,128,-36,33,12,128,133333.33333333334,33,,,,,,
csr-ns3-feedback-observation-v1,feedback_selection,330.42874399999999,1,3,ACK,208,455,1087,1,18446744073709551615,0,128,133333.33333333334,33,-103,1,-103,123.16724984190499,0,8,128,-36,33,12,,,,,,,,,
csr-ns3-feedback-observation-v1,ack_response_context,330.42874399999999,1,3,ACK,208,455,1087,1,18446744073709551615,0,128,133333.33333333334,33,-103,1,-103,123.16724984190499,0,8,128,-36,33,12,128,133333.33333333334,33,,,,,,
csr-ns3-feedback-observation-v1,ota_segment,330.447,1,3,ACK,208,455,1087,1,18446744073709551615,0,128,133333.33333333334,33,-103,1,-103,123.16724984190499,0,8,128,-36,33,12,128,133333.33333333334,33,128,133333.33333333334,33,4294967382,1,2
csr-ns3-feedback-observation-v1,ota_segment,330.447,1,2,ACK,216,449,1057,1,18446744073709551615,0,128,133333.33333333334,33,-103,1,-103,123.16724984190499,0,8,128,-36,33,12,128,133333.33333333334,33,128,133333.33333333334,33,4294967382,2,2
csr-ns3-feedback-observation-v1,feedback_selection,330.83174400000001,1,3,ACK,209,456,1094,1,18446744073709551615,0,128,133333.33333333334,33,-103,1,-103,123.16724984190499,0,8,128,-36,33,12,,,,,,,,,
csr-ns3-feedback-observation-v1,ack_response_context,330.83174400000001,1,3,ACK,209,456,1094,1,18446744073709551615,0,128,133333.33333333334,33,-103,1,-103,123.16724984190499,0,8,128,-36,33,12,128,133333.33333333334,33,,,,,,
csr-ns3-feedback-observation-v1,feedback_selection,330.83174400000001,1,3,ACK,210,457,1095,1,18446744073709551615,0,128,133333.33333333334,33,-103,1,-103,123.16724984190499,0,8,128,-36,33,12,,,,,,,,,
csr-ns3-feedback-observation-v1,ack_response_context,330.83174400000001,1,3,ACK,210,457,1095,1,18446744073709551615,0,128,133333.33333333334,33,-103,1,-103,123.16724984190499,0,8,128,-36,33,12,128,133333.33333333334,33,,,,,,
csr-ns3-feedback-observation-v1,feedback_selection,330.83174400000001,1,3,ACK,211,458,1096,1,18446744073709551615,0,128,133333.33333333334,33,-103,1,-103,123.16724984190499,0,8,128,-36,33,12,,,,,,,,,
csr-ns3-feedback-observation-v1,ack_response_context,330.83174400000001,1,3,ACK,211,458,1096,1,18446744073709551615,0,128,133333.33333333334,33,-103,1,-103,123.16724984190499,0,8,128,-36,33,12,128,133333.33333333334,33,,,,,,
csr-ns3-feedback-observation-v1,feedback_selection,330.83174400000001,1,3,ACK,212,459,1097,1,18446744073709551615,0,128,133333.33333333334,33,-103,1,-103,123.16724984190499,0,8,128,-36,33,12,,,,,,,,,
csr-ns3-feedback-observation-v1,ack_response_context,330.83174400000001,1,3,ACK,212,459,1097,1,18446744073709551615,0,128,133333.33333333334,33,-103,1,-103,123.16724984190499,0,8,128,-36,33,12,128,133333.33333333334,33,,,,,,
csr-ns3-feedback-observation-v1,feedback_selection,330.83174400000001,1,3,ACK,213,460,1098,1,18446744073709551615,0,128,133333.33333333334,33,-103,1,-103,123.16724984190499,0,8,128,-36,33,12,,,,,,,,,
csr-ns3-feedback-observation-v1,ack_response_context,330.83174400000001,1,3,ACK,213,460,1098,1,18446744073709551615,0,128,133333.33333333334,33,-103,1,-103,123.16724984190499,0,8,128,-36,33,12,128,133333.33333333334,33,,,,,,
csr-ns3-feedback-observation-v1,feedback_selection,330.83174400000001,1,3,ACK,214,461,1099,1,18446744073709551615,0,128,133333.33333333334,33,-103,1,-103,123.16724984190499,0,8,128,-36,33,12,,,,,,,,,
csr-ns3-feedback-observation-v1,ack_response_context,330.83174400000001,1,3,ACK,214,461,1099,1,18446744073709551615,0,128,133333.33333333334,33,-103,1,-103,123.16724984190499,0,8,128,-36,33,12,128,133333.33333333334,33,,,,,,
csr-ns3-feedback-observation-v1,feedback_selection,331.10474399999998,1,2,ACK,217,462,1100,1,18446744073709551615,0,128,133333.33333333334,33,-103,1,-103,123.16724984190499,0,8,128,-36,33,12,,,,,,,,,
csr-ns3-feedback-observation-v1,ack_response_context,331.10474399999998,1,2,ACK,217,462,1100,1,18446744073709551615,0,128,133333.33333333334,33,-103,1,-103,123.16724984190499,0,8,128,-36,33,12,128,133333.33333333334,33,,,,,,
csr-ns3-feedback-observation-v1,feedback_selection,331.10474399999998,1,2,ACK,218,463,1101,1,18446744073709551615,0,128,133333.33333333334,33,-103,1,-103,123.16724984190499,0,8,128,-36,33,12,,,,,,,,,
csr-ns3-feedback-observation-v1,ack_response_context,331.10474399999998,1,2,ACK,218,463,1101,1,18446744073709551615,0,128,133333.33333333334,33,-103,1,-103,123.16724984190499,0,8,128,-36,33,12,128,133333.33333333334,33,,,,,,
csr-ns3-feedback-observation-v1,feedback_selection,331.10474399999998,1,2,ACK,219,464,1102,1,18446744073709551615,0,128,133333.33333333334,33,-103,1,-103,123.16724984190499,0,8,128,-36,33,12,,,,,,,,,
csr-ns3-feedback-observation-v1,ack_response_context,331.10474399999998,1,2,ACK,219,464,1102,1,18446744073709551615,0,128,133333.33333333334,33,-103,1,-103,123.16724984190499,0,8,128,-36,33,12,128,133333.33333333334,33,,,,,,
csr-ns3-feedback-observation-v1,feedback_selection,331.10474399999998,1,2,ACK,220,465,1103,1,18446744073709551615,0,128,133333.33333333334,33,-103,1,-103,123.16724984190499,0,8,128,-36,33,12,,,,,,,,,
csr-ns3-feedback-observation-v1,ack_response_context,331.10474399999998,1,2,ACK,220,465,1103,1,18446744073709551615,0,128,133333.33333333334,33,-103,1,-103,123.16724984190499,0,8,128,-36,33,12,128,133333.33333333334,33,,,,,,
csr-ns3-feedback-observation-v1,feedback_selection,331.10474399999998,1,2,ACK,221,466,1104,1,18446744073709551615,0,128,133333.33333333334,33,-103,1,-103,123.16724984190499,0,8,128,-36,33,12,,,,,,,,,
csr-ns3-feedback-observation-v1,ack_response_context,331.10474399999998,1,2,ACK,221,466,1104,1,18446744073709551615,0,128,133333.33333333334,33,-103,1,-103,123.16724984190499,0,8,128,-36,33,12,128,133333.33333333334,33,,,,,,
csr-ns3-feedback-observation-v1,feedback_selection,331.10474399999998,1,2,ACK,222,467,1105,1,18446744073709551615,0,128,133333.33333333334,33,-103,1,-103,123.16724984190499,0,8,128,-36,33,12,,,,,,,,,
csr-ns3-feedback-observation-v1,ack_response_context,331.10474399999998,1,2,ACK,222,467,1105,1,18446744073709551615,0,128,133333.33333333334,33,-103,1,-103,123.16724984190499,0,8,128,-36,33,12,128,133333.33333333334,33,,,,,,
csr-ns3-feedback-observation-v1,ota_segment,331.18799999999999,1,3,ACK,214,461,1099,1,18446744073709551615,0,128,133333.33333333334,33,-103,1,-103,123.16724984190499,0,8,128,-36,33,12,128,133333.33333333334,33,128,133333.33333333334,33,4294967383,1,2
csr-ns3-feedback-observation-v1,ota_segment,331.18799999999999,1,2,ACK,222,467,1105,1,18446744073709551615,0,128,133333.33333333334,33,-103,1,-103,123.16724984190499,0,8,128,-36,33,12,128,133333.33333333334,33,128,133333.33333333334,33,4294967383,2,2
csr-ns3-feedback-observation-v1,feedback_selection,331.49474400000003,1,3,ACK,215,468,1118,1,18446744073709551615,0,128,133333.33333333334,33,-103,1,-103,123.16724984190499,0,8,128,-36,33,12,,,,,,,,,
csr-ns3-feedback-observation-v1,ack_response_context,331.49474400000003,1,3,ACK,215,468,1118,1,18446744073709551615,0,128,133333.33333333334,33,-103,1,-103,123.16724984190499,0,8,128,-36,33,12,128,133333.33333333334,33,,,,,,
csr-ns3-feedback-observation-v1,feedback_selection,331.49474400000003,1,3,ACK,216,469,1119,1,18446744073709551615,0,128,133333.33333333334,33,-103,1,-103,123.16724984190499,0,8,128,-36,33,12,,,,,,,,,
csr-ns3-feedback-observation-v1,ack_response_context,331.49474400000003,1,3,ACK,216,469,1119,1,18446744073709551615,0,128,133333.33333333334,33,-103,1,-103,123.16724984190499,0,8,128,-36,33,12,128,133333.33333333334,33,,,,,,
csr-ns3-feedback-observation-v1,feedback_selection,331.49474400000003,1,3,ACK,217,470,1120,1,18446744073709551615,0,128,133333.33333333334,33,-103,1,-103,123.16724984190499,0,8,128,-36,33,12,,,,,,,,,
csr-ns3-feedback-observation-v1,ack_response_context,331.49474400000003,1,3,ACK,217,470,1120,1,18446744073709551615,0,128,133333.33333333334,33,-103,1,-103,123.16724984190499,0,8,128,-36,33,12,128,133333.33333333334,33,,,,,,
csr-ns3-feedback-observation-v1,feedback_selection,331.49474400000003,1,3,ACK,218,471,1121,1,18446744073709551615,0,128,133333.33333333334,33,-103,1,-103,123.16724984190499,0,8,128,-36,33,12,,,,,,,,,
csr-ns3-feedback-observation-v1,ack_response_context,331.49474400000003,1,3,ACK,218,471,1121,1,18446744073709551615,0,128,133333.33333333334,33,-103,1,-103,123.16724984190499,0,8,128,-36,33,12,128,133333.33333333334,33,,,,,,
csr-ns3-feedback-observation-v1,feedback_selection,331.49474400000003,1,3,ACK,219,472,1122,1,18446744073709551615,0,128,133333.33333333334,33,-103,1,-103,123.16724984190499,0,8,128,-36,33,12,,,,,,,,,
csr-ns3-feedback-observation-v1,ack_response_context,331.49474400000003,1,3,ACK,219,472,1122,1,18446744073709551615,0,128,133333.33333333334,33,-103,1,-103,123.16724984190499,0,8,128,-36,33,12,128,133333.33333333334,33,,,,,,
csr-ns3-feedback-observation-v1,feedback_selection,331.49474400000003,1,3,ACK,220,473,1123,1,18446744073709551615,0,128,133333.33333333334,33,-103,1,-103,123.16724984190499,0,8,128,-36,33,12,,,,,,,,,
csr-ns3-feedback-observation-v1,ack_response_context,331.49474400000003,1,3,ACK,220,473,1123,1,18446744073709551615,0,128,133333.33333333334,33,-103,1,-103,123.16724984190499,0,8,128,-36,33,12,128,133333.33333333334,33,,,,,,
csr-ns3-feedback-observation-v1,feedback_selection,331.76774399999999,1,2,ACK,223,474,1124,1,18446744073709551615,0,128,133333.33333333334,33,-103,1,-103,123.16724984190499,0,8,128,-36,33,12,,,,,,,,,
csr-ns3-feedback-observation-v1,ack_response_context,331.76774399999999,1,2,ACK,223,474,1124,1,18446744073709551615,0,128,133333.33333333334,33,-103,1,-103,123.16724984190499,0,8,128,-36,33,12,128,133333.33333333334,33,,,,,,
csr-ns3-feedback-observation-v1,feedback_selection,331.76774399999999,1,2,ACK,224,475,1125,1,18446744073709551615,0,128,133333.33333333334,33,-103,1,-103,123.16724984190499,0,8,128,-36,33,12,,,,,,,,,
csr-ns3-feedback-observation-v1,ack_response_context,331.76774399999999,1,2,ACK,224,475,1125,1,18446744073709551615,0,128,133333.33333333334,33,-103,1,-103,123.16724984190499,0,8,128,-36,33,12,128,133333.33333333334,33,,,,,,
csr-ns3-feedback-observation-v1,feedback_selection,331.76774399999999,1,2,ACK,225,476,1126,1,18446744073709551615,0,128,133333.33333333334,33,-103,1,-103,123.16724984190499,0,8,128,-36,33,12,,,,,,,,,
csr-ns3-feedback-observation-v1,ack_response_context,331.76774399999999,1,2,ACK,225,476,1126,1,18446744073709551615,0,128,133333.33333333334,33,-103,1,-103,123.16724984190499,0,8,128,-36,33,12,128,133333.33333333334,33,,,,,,
csr-ns3-feedback-observation-v1,feedback_selection,331.76774399999999,1,2,ACK,226,477,1127,1,18446744073709551615,0,128,133333.33333333334,33,-103,1,-103,123.16724984190499,0,8,128,-36,33,12,,,,,,,,,
csr-ns3-feedback-observation-v1,ack_response_context,331.76774399999999,1,2,ACK,226,477,1127,1,18446744073709551615,0,128,133333.33333333334,33,-103,1,-103,123.16724984190499,0,8,128,-36,33,12,128,133333.33333333334,33,,,,,,
csr-ns3-feedback-observation-v1,feedback_selection,331.76774399999999,1,2,ACK,227,478,1128,1,18446744073709551615,0,128,133333.33333333334,33,-103,1,-103,123.16724984190499,0,8,128,-36,33,12,,,,,,,,,
csr-ns3-feedback-observation-v1,ack_response_context,331.76774399999999,1,2,ACK,227,478,1128,1,18446744073709551615,0,128,133333.33333333334,33,-103,1,-103,123.16724984190499,0,8,128,-36,33,12,128,133333.33333333334,33,,,,,,
csr-ns3-feedback-observation-v1,feedback_selection,331.76774399999999,1,2,ACK,228,479,1129,1,18446744073709551615,0,128,133333.33333333334,33,-103,1,-103,123.16724984190499,0,8,128,-36,33,12,,,,,,,,,
csr-ns3-feedback-observation-v1,ack_response_context,331.76774399999999,1,2,ACK,228,479,1129,1,18446744073709551615,0,128,133333.33333333334,33,-103,1,-103,123.16724984190499,0,8,128,-36,33,12,128,133333.33333333334,33,,,,,,
csr-ns3-feedback-observation-v1,feedback_selection,332.10574400000002,1,3,ACK,221,480,1130,1,18446744073709551615,0,128,133333.33333333334,33,-103,1,-103,123.16724984190499,0,8,128,-36,33,12,,,,,,,,,
csr-ns3-feedback-observation-v1,ack_response_context,332.10574400000002,1,3,ACK,221,480,1130,1,18446744073709551615,0,128,133333.33333333334,33,-103,1,-103,123.16724984190499,0,8,128,-36,33,12,128,133333.33333333334,33,,,,,,
csr-ns3-feedback-observation-v1,feedback_selection,332.10574400000002,1,3,ACK,222,481,1131,1,18446744073709551615,0,128,133333.33333333334,33,-103,1,-103,123.16724984190499,0,8,128,-36,33,12,,,,,,,,,
csr-ns3-feedback-observation-v1,ack_response_context,332.10574400000002,1,3,ACK,222,481,1131,1,18446744073709551615,0,128,133333.33333333334,33,-103,1,-103,123.16724984190499,0,8,128,-36,33,12,128,133333.33333333334,33,,,,,,
csr-ns3-feedback-observation-v1,feedback_selection,332.10574400000002,1,3,ACK,223,482,1132,1,18446744073709551615,0,128,133333.33333333334,33,-103,1,-103,123.16724984190499,0,8,128,-36,33,12,,,,,,,,,
csr-ns3-feedback-observation-v1,ack_response_context,332.10574400000002,1,3,ACK,223,482,1132,1,18446744073709551615,0,128,133333.33333333334,33,-103,1,-103,123.16724984190499,0,8,128,-36,33,12,128,133333.33333333334,33,,,,,,
csr-ns3-feedback-observation-v1,feedback_selection,332.10574400000002,1,3,ACK,224,483,1133,1,18446744073709551615,0,128,133333.33333333334,33,-103,1,-103,123.16724984190499,0,8,128,-36,33,12,,,,,,,,,
csr-ns3-feedback-observation-v1,ack_response_context,332.10574400000002,1,3,ACK,224,483,1133,1,18446744073709551615,0,128,133333.33333333334,33,-103,1,-103,123.16724984190499,0,8,128,-36,33,12,128,133333.33333333334,33,,,,,,
csr-ns3-feedback-observation-v1,feedback_selection,332.10574400000002,1,3,ACK,225,484,1134,1,18446744073709551615,0,128,133333.33333333334,33,-103,1,-103,123.16724984190499,0,8,128,-36,33,12,,,,,,,,,
csr-ns3-feedback-observation-v1,ack_response_context,332.10574400000002,1,3,ACK,225,484,1134,1,18446744073709551615,0,128,133333.33333333334,33,-103,1,-103,123.16724984190499,0,8,128,-36,33,12,128,133333.33333333334,33,,,,,,
csr-ns3-feedback-observation-v1,feedback_selection,332.10574400000002,1,3,ACK,226,485,1135,1,18446744073709551615,0,128,133333.33333333334,33,-103,1,-103,123.16724984190499,0,8,128,-36,33,12,,,,,,,,,
csr-ns3-feedback-observation-v1,ack_response_context,332.10574400000002,1,3,ACK,226,485,1135,1,18446744073709551615,0,128,133333.33333333334,33,-103,1,-103,123.16724984190499,0,8,128,-36,33,12,128,133333.33333333334,33,,,,,,
csr-ns3-feedback-observation-v1,feedback_selection,332.37874399999998,1,2,ACK,229,486,1136,1,18446744073709551615,0,128,133333.33333333334,33,-103,1,-103,123.16724984190499,0,8,128,-36,33,12,,,,,,,,,
csr-ns3-feedback-observation-v1,ack_response_context,332.37874399999998,1,2,ACK,229,486,1136,1,18446744073709551615,0,128,133333.33333333334,33,-103,1,-103,123.16724984190499,0,8,128,-36,33,12,128,133333.33333333334,33,,,,,,
csr-ns3-feedback-observation-v1,feedback_selection,332.37874399999998,1,2,ACK,230,487,1137,1,18446744073709551615,0,128,133333.33333333334,33,-103,1,-103,123.16724984190499,0,8,128,-36,33,12,,,,,,,,,
csr-ns3-feedback-observation-v1,ack_response_context,332.37874399999998,1,2,ACK,230,487,1137,1,18446744073709551615,0,128,133333.33333333334,33,-103,1,-103,123.16724984190499,0,8,128,-36,33,12,128,133333.33333333334,33,,,,,,
csr-ns3-feedback-observation-v1,feedback_selection,332.37874399999998,1,2,ACK,231,488,1138,1,18446744073709551615,0,128,133333.33333333334,33,-103,1,-103,123.16724984190499,0,8,128,-36,33,12,,,,,,,,,
csr-ns3-feedback-observation-v1,ack_response_context,332.37874399999998,1,2,ACK,231,488,1138,1,18446744073709551615,0,128,133333.33333333334,33,-103,1,-103,123.16724984190499,0,8,128,-36,33,12,128,133333.33333333334,33,,,,,,
csr-ns3-feedback-observation-v1,feedback_selection,332.37874399999998,1,2,ACK,232,489,1139,1,18446744073709551615,0,128,133333.33333333334,33,-103,1,-103,123.16724984190499,0,8,128,-36,33,12,,,,,,,,,
csr-ns3-feedback-observation-v1,ack_response_context,332.37874399999998,1,2,ACK,232,489,1139,1,18446744073709551615,0,128,133333.33333333334,33,-103,1,-103,123.16724984190499,0,8,128,-36,33,12,128,133333.33333333334,33,,,,,,
csr-ns3-feedback-observation-v1,feedback_selection,332.37874399999998,1,2,ACK,233,490,1140,1,18446744073709551615,0,128,133333.33333333334,33,-103,1,-103,123.16724984190499,0,8,128,-36,33,12,,,,,,,,,
csr-ns3-feedback-observation-v1,ack_response_context,332.37874399999998,1,2,ACK,233,490,1140,1,18446744073709551615,0,128,133333.33333333334,33,-103,1,-103,123.16724984190499,0,8,128,-36,33,12,128,133333.33333333334,33,,,,,,
csr-ns3-feedback-observation-v1,feedback_selection,332.37874399999998,1,2,ACK,234,491,1141,1,18446744073709551615,0,128,133333.33333333334,33,-103,1,-103,123.16724984190499,0,8,128,-36,33,12,,,,,,,,,
csr-ns3-feedback-observation-v1,ack_response_context,332.37874399999998,1,2,ACK,234,491,1141,1,18446744073709551615,0,128,133333.33333333334,33,-103,1,-103,123.16724984190499,0,8,128,-36,33,12,128,133333.33333333334,33,,,,,,
csr-ns3-feedback-observation-v1,feedback_selection,332.57770399999998,1,3,ACK,227,492,1142,1,18446744073709551615,0,128,133333.33333333334,33,-103,1,-103,123.16724984190499,0,8,128,-36,33,12,,,,,,,,,
csr-ns3-feedback-observation-v1,ack_response_context,332.57770399999998,1,3,ACK,227,492,1142,1,18446744073709551615,0,128,133333.33333333334,33,-103,1,-103,123.16724984190499,0,8,128,-36,33,12,128,133333.33333333334,33,,,,,,
csr-ns3-feedback-observation-v1,feedback_selection,332.57770399999998,1,3,ACK,228,493,1143,1,18446744073709551615,0,128,133333.33333333334,33,-103,1,-103,123.16724984190499,0,8,128,-36,33,12,,,,,,,,,
csr-ns3-feedback-observation-v1,ack_response_context,332.57770399999998,1,3,ACK,228,493,1143,1,18446744073709551615,0,128,133333.33333333334,33,-103,1,-103,123.16724984190499,0,8,128,-36,33,12,128,133333.33333333334,33,,,,,,
csr-ns3-feedback-observation-v1,feedback_selection,332.57770399999998,1,3,ACK,229,494,1144,1,18446744073709551615,0,128,133333.33333333334,33,-103,1,-103,123.16724984190499,0,8,128,-36,33,12,,,,,,,,,
csr-ns3-feedback-observation-v1,ack_response_context,332.57770399999998,1,3,ACK,229,494,1144,1,18446744073709551615,0,128,133333.33333333334,33,-103,1,-103,123.16724984190499,0,8,128,-36,33,12,128,133333.33333333334,33,,,,,,
csr-ns3-feedback-observation-v1,feedback_selection,332.57770399999998,1,3,ACK,230,495,1145,1,18446744073709551615,0,128,133333.33333333334,33,-103,1,-103,123.16724984190499,0,8,128,-36,33,12,,,,,,,,,
csr-ns3-feedback-observation-v1,ack_response_context,332.57770399999998,1,3,ACK,230,495,1145,1,18446744073709551615,0,128,133333.33333333334,33,-103,1,-103,123.16724984190499,0,8,128,-36,33,12,128,133333.33333333334,33,,,,,,
csr-ns3-feedback-observation-v1,ota_segment,332.57900000000001,1,3,ACK,230,495,1145,1,18446744073709551615,0,128,133333.33333333334,33,-103,1,-103,123.16724984190499,0,8,128,-36,33,12,128,133333.33333333334,33,128,133333.33333333334,33,4294967384,1,2
csr-ns3-feedback-observation-v1,ota_segment,332.57900000000001,1,2,ACK,234,491,1141,1,18446744073709551615,0,128,133333.33333333334,33,-103,1,-103,123.16724984190499,0,8,128,-36,33,12,128,133333.33333333334,33,128,133333.33333333334,33,4294967384,2,2
csr-ns3-feedback-observation-v1,feedback_selection,332.80972400000002,1,2,ACK,235,496,1174,1,18446744073709551615,0,128,133333.33333333334,33,-103,1,-103,123.16724984190499,0,8,128,-36,33,12,,,,,,,,,
csr-ns3-feedback-observation-v1,ack_response_context,332.80972400000002,1,2,ACK,235,496,1174,1,18446744073709551615,0,128,133333.33333333334,33,-103,1,-103,123.16724984190499,0,8,128,-36,33,12,128,133333.33333333334,33,,,,,,
csr-ns3-feedback-observation-v1,feedback_selection,332.80972400000002,1,2,ACK,236,497,1175,1,18446744073709551615,0,128,133333.33333333334,33,-103,1,-103,123.16724984190499,0,8,128,-36,33,12,,,,,,,,,
csr-ns3-feedback-observation-v1,ack_response_context,332.80972400000002,1,2,ACK,236,497,1175,1,18446744073709551615,0,128,133333.33333333334,33,-103,1,-103,123.16724984190499,0,8,128,-36,33,12,128,133333.33333333334,33,,,,,,
csr-ns3-feedback-observation-v1,feedback_selection,332.80972400000002,1,2,ACK,237,498,1176,1,18446744073709551615,0,128,133333.33333333334,33,-103,1,-103,123.16724984190499,0,8,128,-36,33,12,,,,,,,,,
csr-ns3-feedback-observation-v1,ack_response_context,332.80972400000002,1,2,ACK,237,498,1176,1,18446744073709551615,0,128,133333.33333333334,33,-103,1,-103,123.16724984190499,0,8,128,-36,33,12,128,133333.33333333334,33,,,,,,
csr-ns3-feedback-observation-v1,feedback_selection,332.80972400000002,1,2,ACK,238,499,1177,1,18446744073709551615,0,128,133333.33333333334,33,-103,1,-103,123.16724984190499,0,8,128,-36,33,12,,,,,,,,,
csr-ns3-feedback-observation-v1,ack_response_context,332.80972400000002,1,2,ACK,238,499,1177,1,18446744073709551615,0,128,133333.33333333334,33,-103,1,-103,123.16724984190499,0,8,128,-36,33,12,128,133333.33333333334,33,,,,,,
csr-ns3-feedback-observation-v1,feedback_selection,332.80972400000002,1,2,ACK,239,500,1178,1,18446744073709551615,0,128,133333.33333333334,33,-103,1,-103,123.16724984190499,0,8,128,-36,33,12,,,,,,,,,
csr-ns3-feedback-observation-v1,ack_response_context,332.80972400000002,1,2,ACK,239,500,1178,1,18446744073709551615,0,128,133333.33333333334,33,-103,1,-103,123.16724984190499,0,8,128,-36,33,12,128,133333.33333333334,33,,,,,,
csr-ns3-feedback-observation-v1,feedback_selection,333.08074399999998,1,3,ACK,231,501,1179,1,18446744073709551615,0,128,133333.33333333334,33,-103,1,-103,123.16724984190499,0,8,128,-36,33,12,,,,,,,,,
csr-ns3-feedback-observation-v1,ack_response_context,333.08074399999998,1,3,ACK,231,501,1179,1,18446744073709551615,0,128,133333.33333333334,33,-103,1,-103,123.16724984190499,0,8,128,-36,33,12,128,133333.33333333334,33,,,,,,
csr-ns3-feedback-observation-v1,feedback_selection,333.08074399999998,1,3,ACK,232,502,1180,1,18446744073709551615,0,128,133333.33333333334,33,-103,1,-103,123.16724984190499,0,8,128,-36,33,12,,,,,,,,,
csr-ns3-feedback-observation-v1,ack_response_context,333.08074399999998,1,3,ACK,232,502,1180,1,18446744073709551615,0,128,133333.33333333334,33,-103,1,-103,123.16724984190499,0,8,128,-36,33,12,128,133333.33333333334,33,,,,,,
csr-ns3-feedback-observation-v1,feedback_selection,333.08074399999998,1,3,ACK,233,503,1181,1,18446744073709551615,0,128,133333.33333333334,33,-103,1,-103,123.16724984190499,0,8,128,-36,33,12,,,,,,,,,
csr-ns3-feedback-observation-v1,ack_response_context,333.08074399999998,1,3,ACK,233,503,1181,1,18446744073709551615,0,128,133333.33333333334,33,-103,1,-103,123.16724984190499,0,8,128,-36,33,12,128,133333.33333333334,33,,,,,,
csr-ns3-feedback-observation-v1,feedback_selection,333.08074399999998,1,3,ACK,234,504,1182,1,18446744073709551615,0,128,133333.33333333334,33,-103,1,-103,123.16724984190499,0,8,128,-36,33,12,,,,,,,,,
csr-ns3-feedback-observation-v1,ack_response_context,333.08074399999998,1,3,ACK,234,504,1182,1,18446744073709551615,0,128,133333.33333333334,33,-103,1,-103,123.16724984190499,0,8,128,-36,33,12,128,133333.33333333334,33,,,,,,
csr-ns3-feedback-observation-v1,feedback_selection,333.08074399999998,1,3,ACK,235,505,1183,1,18446744073709551615,0,128,133333.33333333334,33,-103,1,-103,123.16724984190499,0,8,128,-36,33,12,,,,,,,,,
csr-ns3-feedback-observation-v1,ack_response_context,333.08074399999998,1,3,ACK,235,505,1183,1,18446744073709551615,0,128,133333.33333333334,33,-103,1,-103,123.16724984190499,0,8,128,-36,33,12,128,133333.33333333334,33,,,,,,
csr-ns3-feedback-observation-v1,feedback_selection,333.08074399999998,1,3,ACK,236,506,1184,1,18446744073709551615,0,128,133333.33333333334,33,-103,1,-103,123.16724984190499,0,8,128,-36,33,12,,,,,,,,,
csr-ns3-feedback-observation-v1,ack_response_context,333.08074399999998,1,3,ACK,236,506,1184,1,18446744073709551615,0,128,133333.33333333334,33,-103,1,-103,123.16724984190499,0,8,128,-36,33,12,128,133333.33333333334,33,,,,,,
csr-ns3-feedback-observation-v1,feedback_selection,333.36674399999998,1,3,ACK,237,507,1185,1,18446744073709551615,0,128,133333.33333333334,33,-103,1,-103,123.16724984190499,0,8,128,-36,33,12,,,,,,,,,
csr-ns3-feedback-observation-v1,ack_response_context,333.36674399999998,1,3,ACK,237,507,1185,1,18446744073709551615,0,128,133333.33333333334,33,-103,1,-103,123.16724984190499,0,8,128,-36,33,12,128,133333.33333333334,33,,,,,,
csr-ns3-feedback-observation-v1,feedback_selection,333.36674399999998,1,3,ACK,238,508,1186,1,18446744073709551615,0,128,133333.33333333334,33,-103,1,-103,123.16724984190499,0,8,128,-36,33,12,,,,,,,,,
csr-ns3-feedback-observation-v1,ack_response_context,333.36674399999998,1,3,ACK,238,508,1186,1,18446744073709551615,0,128,133333.33333333334,33,-103,1,-103,123.16724984190499,0,8,128,-36,33,12,128,133333.33333333334,33,,,,,,
csr-ns3-feedback-observation-v1,feedback_selection,333.36674399999998,1,3,ACK,239,509,1187,1,18446744073709551615,0,128,133333.33333333334,33,-103,1,-103,123.16724984190499,0,8,128,-36,33,12,,,,,,,,,
csr-ns3-feedback-observation-v1,ack_response_context,333.36674399999998,1,3,ACK,239,509,1187,1,18446744073709551615,0,128,133333.33333333334,33,-103,1,-103,123.16724984190499,0,8,128,-36,33,12,128,133333.33333333334,33,,,,,,
csr-ns3-feedback-observation-v1,feedback_selection,333.36674399999998,1,3,ACK,240,510,1188,1,18446744073709551615,0,128,133333.33333333334,33,-103,1,-103,123.16724984190499,0,8,128,-36,33,12,,,,,,,,,
csr-ns3-feedback-observation-v1,ack_response_context,333.36674399999998,1,3,ACK,240,510,1188,1,18446744073709551615,0,128,133333.33333333334,33,-103,1,-103,123.16724984190499,0,8,128,-36,33,12,128,133333.33333333334,33,,,,,,
csr-ns3-feedback-observation-v1,feedback_selection,333.36674399999998,1,3,ACK,241,511,1189,1,18446744073709551615,0,128,133333.33333333334,33,-103,1,-103,123.16724984190499,0,8,128,-36,33,12,,,,,,,,,
csr-ns3-feedback-observation-v1,ack_response_context,333.36674399999998,1,3,ACK,241,511,1189,1,18446744073709551615,0,128,133333.33333333334,33,-103,1,-103,123.16724984190499,0,8,128,-36,33,12,128,133333.33333333334,33,,,,,,
csr-ns3-feedback-observation-v1,feedback_selection,333.36674399999998,1,3,ACK,242,512,1190,1,18446744073709551615,0,128,133333.33333333334,33,-103,1,-103,123.16724984190499,0,8,128,-36,33,12,,,,,,,,,
csr-ns3-feedback-observation-v1,ack_response_context,333.36674399999998,1,3,ACK,242,512,1190,1,18446744073709551615,0,128,133333.33333333334,33,-103,1,-103,123.16724984190499,0,8,128,-36,33,12,128,133333.33333333334,33,,,,,,
csr-ns3-feedback-observation-v1,ota_segment,333.52800000000002,1,3,ACK,242,512,1190,1,18446744073709551615,0,128,133333.33333333334,33,-103,1,-103,123.16724984190499,0,8,128,-36,33,12,128,133333.33333333334,33,128,133333.33333333334,33,4294967385,1,2
csr-ns3-feedback-observation-v1,ota_segment,333.52800000000002,1,2,ACK,239,500,1178,1,18446744073709551615,0,128,133333.33333333334,33,-103,1,-103,123.16724984190499,0,8,128,-36,33,12,128,133333.33333333334,33,128,133333.33333333334,33,4294967385,2,2
csr-ns3-feedback-observation-v1,feedback_selection,333.80874399999999,1,2,ACK,240,513,1208,1,18446744073709551615,0,128,133333.33333333334,33,-103,1,-103,123.16724984190499,0,8,128,-36,33,12,,,,,,,,,
csr-ns3-feedback-observation-v1,ack_response_context,333.80874399999999,1,2,ACK,240,513,1208,1,18446744073709551615,0,128,133333.33333333334,33,-103,1,-103,123.16724984190499,0,8,128,-36,33,12,128,133333.33333333334,33,,,,,,
csr-ns3-feedback-observation-v1,feedback_selection,333.80874399999999,1,2,ACK,241,514,1209,1,18446744073709551615,0,128,133333.33333333334,33,-103,1,-103,123.16724984190499,0,8,128,-36,33,12,,,,,,,,,
csr-ns3-feedback-observation-v1,ack_response_context,333.80874399999999,1,2,ACK,241,514,1209,1,18446744073709551615,0,128,133333.33333333334,33,-103,1,-103,123.16724984190499,0,8,128,-36,33,12,128,133333.33333333334,33,,,,,,
csr-ns3-feedback-observation-v1,feedback_selection,333.80874399999999,1,2,ACK,242,515,1210,1,18446744073709551615,0,128,133333.33333333334,33,-103,1,-103,123.16724984190499,0,8,128,-36,33,12,,,,,,,,,
csr-ns3-feedback-observation-v1,ack_response_context,333.80874399999999,1,2,ACK,242,515,1210,1,18446744073709551615,0,128,133333.33333333334,33,-103,1,-103,123.16724984190499,0,8,128,-36,33,12,128,133333.33333333334,33,,,,,,
csr-ns3-feedback-observation-v1,feedback_selection,333.80874399999999,1,2,ACK,243,516,1211,1,18446744073709551615,0,128,133333.33333333334,33,-103,1,-103,123.16724984190499,0,8,128,-36,33,12,,,,,,,,,
csr-ns3-feedback-observation-v1,ack_response_context,333.80874399999999,1,2,ACK,243,516,1211,1,18446744073709551615,0,128,133333.33333333334,33,-103,1,-103,123.16724984190499,0,8,128,-36,33,12,128,133333.33333333334,33,,,,,,
csr-ns3-feedback-observation-v1,feedback_selection,333.80874399999999,1,2,ACK,244,517,1212,1,18446744073709551615,0,128,133333.33333333334,33,-103,1,-103,123.16724984190499,0,8,128,-36,33,12,,,,,,,,,
csr-ns3-feedback-observation-v1,ack_response_context,333.80874399999999,1,2,ACK,244,517,1212,1,18446744073709551615,0,128,133333.33333333334,33,-103,1,-103,123.16724984190499,0,8,128,-36,33,12,128,133333.33333333334,33,,,,,,
csr-ns3-feedback-observation-v1,feedback_selection,333.80874399999999,1,2,ACK,245,518,1213,1,18446744073709551615,0,128,133333.33333333334,33,-103,1,-103,123.16724984190499,0,8,128,-36,33,12,,,,,,,,,
csr-ns3-feedback-observation-v1,ack_response_context,333.80874399999999,1,2,ACK,245,518,1213,1,18446744073709551615,0,128,133333.33333333334,33,-103,1,-103,123.16724984190499,0,8,128,-36,33,12,128,133333.33333333334,33,,,,,,
csr-ns3-feedback-observation-v1,feedback_selection,334.250744,1,3,ACK,243,519,1214,1,18446744073709551615,0,128,133333.33333333334,33,-103,1,-103,123.16724984190499,0,8,128,-36,33,12,,,,,,,,,
csr-ns3-feedback-observation-v1,ack_response_context,334.250744,1,3,ACK,243,519,1214,1,18446744073709551615,0,128,133333.33333333334,33,-103,1,-103,123.16724984190499,0,8,128,-36,33,12,128,133333.33333333334,33,,,,,,
csr-ns3-feedback-observation-v1,feedback_selection,334.250744,1,3,ACK,244,520,1215,1,18446744073709551615,0,128,133333.33333333334,33,-103,1,-103,123.16724984190499,0,8,128,-36,33,12,,,,,,,,,
csr-ns3-feedback-observation-v1,ack_response_context,334.250744,1,3,ACK,244,520,1215,1,18446744073709551615,0,128,133333.33333333334,33,-103,1,-103,123.16724984190499,0,8,128,-36,33,12,128,133333.33333333334,33,,,,,,
csr-ns3-feedback-observation-v1,feedback_selection,334.250744,1,3,ACK,245,521,1216,1,18446744073709551615,0,128,133333.33333333334,33,-103,1,-103,123.16724984190499,0,8,128,-36,33,12,,,,,,,,,
csr-ns3-feedback-observation-v1,ack_response_context,334.250744,1,3,ACK,245,521,1216,1,18446744073709551615,0,128,133333.33333333334,33,-103,1,-103,123.16724984190499,0,8,128,-36,33,12,128,133333.33333333334,33,,,,,,
csr-ns3-feedback-observation-v1,feedback_selection,334.250744,1,3,ACK,246,522,1217,1,18446744073709551615,0,128,133333.33333333334,33,-103,1,-103,123.16724984190499,0,8,128,-36,33,12,,,,,,,,,
csr-ns3-feedback-observation-v1,ack_response_context,334.250744,1,3,ACK,246,522,1217,1,18446744073709551615,0,128,133333.33333333334,33,-103,1,-103,123.16724984190499,0,8,128,-36,33,12,128,133333.33333333334,33,,,,,,
csr-ns3-feedback-observation-v1,feedback_selection,334.250744,1,3,ACK,247,523,1218,1,18446744073709551615,0,128,133333.33333333334,33,-103,1,-103,123.16724984190499,0,8,128,-36,33,12,,,,,,,,,
csr-ns3-feedback-observation-v1,ack_response_context,334.250744,1,3,ACK,247,523,1218,1,18446744073709551615,0,128,133333.33333333334,33,-103,1,-103,123.16724984190499,0,8,128,-36,33,12,128,133333.33333333334,33,,,,,,
csr-ns3-feedback-observation-v1,feedback_selection,334.250744,1,3,ACK,248,524,1219,1,18446744073709551615,0,128,133333.33333333334,33,-103,1,-103,123.16724984190499,0,8,128,-36,33,12,,,,,,,,,
csr-ns3-feedback-observation-v1,ack_response_context,334.250744,1,3,ACK,248,524,1219,1,18446744073709551615,0,128,133333.33333333334,33,-103,1,-103,123.16724984190499,0,8,128,-36,33,12,128,133333.33333333334,33,,,,,,
csr-ns3-feedback-observation-v1,feedback_selection,334.49774400000001,1,3,ACK,249,525,1220,1,18446744073709551615,0,128,133333.33333333334,33,-103,1,-103,123.16724984190499,0,8,128,-36,33,12,,,,,,,,,
csr-ns3-feedback-observation-v1,ack_response_context,334.49774400000001,1,3,ACK,249,525,1220,1,18446744073709551615,0,128,133333.33333333334,33,-103,1,-103,123.16724984190499,0,8,128,-36,33,12,128,133333.33333333334,33,,,,,,
csr-ns3-feedback-observation-v1,feedback_selection,334.49774400000001,1,3,ACK,250,526,1221,1,18446744073709551615,0,128,133333.33333333334,33,-103,1,-103,123.16724984190499,0,8,128,-36,33,12,,,,,,,,,
csr-ns3-feedback-observation-v1,ack_response_context,334.49774400000001,1,3,ACK,250,526,1221,1,18446744073709551615,0,128,133333.33333333334,33,-103,1,-103,123.16724984190499,0,8,128,-36,33,12,128,133333.33333333334,33,,,,,,
csr-ns3-feedback-observation-v1,feedback_selection,334.49774400000001,1,3,ACK,251,527,1222,1,18446744073709551615,0,128,133333.33333333334,33,-103,1,-103,123.16724984190499,0,8,128,-36,33,12,,,,,,,,,
csr-ns3-feedback-observation-v1,ack_response_context,334.49774400000001,1,3,ACK,251,527,1222,1,18446744073709551615,0,128,133333.33333333334,33,-103,1,-103,123.16724984190499,0,8,128,-36,33,12,128,133333.33333333334,33,,,,,,
csr-ns3-feedback-observation-v1,feedback_selection,334.49774400000001,1,3,ACK,252,528,1223,1,18446744073709551615,0,128,133333.33333333334,33,-103,1,-103,123.16724984190499,0,8,128,-36,33,12,,,,,,,,,
csr-ns3-feedback-observation-v1,ack_response_context,334.49774400000001,1,3,ACK,252,528,1223,1,18446744073709551615,0,128,133333.33333333334,33,-103,1,-103,123.16724984190499,0,8,128,-36,33,12,128,133333.33333333334,33,,,,,,
csr-ns3-feedback-observation-v1,feedback_selection,334.49774400000001,1,3,ACK,253,529,1224,1,18446744073709551615,0,128,133333.33333333334,33,-103,1,-103,123.16724984190499,0,8,128,-36,33,12,,,,,,,,,
csr-ns3-feedback-observation-v1,ack_response_context,334.49774400000001,1,3,ACK,253,529,1224,1,18446744073709551615,0,128,133333.33333333334,33,-103,1,-103,123.16724984190499,0,8,128,-36,33,12,128,133333.33333333334,33,,,,,,
csr-ns3-feedback-observation-v1,feedback_selection,334.49774400000001,1,3,ACK,254,530,1225,1,18446744073709551615,0,128,133333.33333333334,33,-103,1,-103,123.16724984190499,0,8,128,-36,33,12,,,,,,,,,
csr-ns3-feedback-observation-v1,ack_response_context,334.49774400000001,1,3,ACK,254,530,1225,1,18446744073709551615,0,128,133333.33333333334,33,-103,1,-103,123.16724984190499,0,8,128,-36,33,12,128,133333.33333333334,33,,,,,,
csr-ns3-feedback-observation-v1,feedback_selection,334.74474400000003,1,2,ACK,246,531,1226,1,18446744073709551615,0,128,133333.33333333334,33,-103,1,-103,123.16724984190499,0,8,128,-36,33,12,,,,,,,,,
csr-ns3-feedback-observation-v1,ack_response_context,334.74474400000003,1,2,ACK,246,531,1226,1,18446744073709551615,0,128,133333.33333333334,33,-103,1,-103,123.16724984190499,0,8,128,-36,33,12,128,133333.33333333334,33,,,,,,
csr-ns3-feedback-observation-v1,feedback_selection,334.74474400000003,1,2,ACK,247,532,1227,1,18446744073709551615,0,128,133333.33333333334,33,-103,1,-103,123.16724984190499,0,8,128,-36,33,12,,,,,,,,,
csr-ns3-feedback-observation-v1,ack_response_context,334.74474400000003,1,2,ACK,247,532,1227,1,18446744073709551615,0,128,133333.33333333334,33,-103,1,-103,123.16724984190499,0,8,128,-36,33,12,128,133333.33333333334,33,,,,,,
csr-ns3-feedback-observation-v1,feedback_selection,334.74474400000003,1,2,ACK,248,533,1228,1,18446744073709551615,0,128,133333.33333333334,33,-103,1,-103,123.16724984190499,0,8,128,-36,33,12,,,,,,,,,
csr-ns3-feedback-observation-v1,ack_response_context,334.74474400000003,1,2,ACK,248,533,1228,1,18446744073709551615,0,128,133333.33333333334,33,-103,1,-103,123.16724984190499,0,8,128,-36,33,12,128,133333.33333333334,33,,,,,,
csr-ns3-feedback-observation-v1,feedback_selection,334.74474400000003,1,2,ACK,249,534,1229,1,18446744073709551615,0,128,133333.33333333334,33,-103,1,-103,123.16724984190499,0,8,128,-36,33,12,,,,,,,,,
csr-ns3-feedback-observation-v1,ack_response_context,334.74474400000003,1,2,ACK,249,534,1229,1,18446744073709551615,0,128,133333.33333333334,33,-103,1,-103,123.16724984190499,0,8,128,-36,33,12,128,133333.33333333334,33,,,,,,
csr-ns3-feedback-observation-v1,feedback_selection,334.74474400000003,1,2,ACK,250,535,1230,1,18446744073709551615,0,128,133333.33333333334,33,-103,1,-103,123.16724984190499,0,8,128,-36,33,12,,,,,,,,,
csr-ns3-feedback-observation-v1,ack_response_context,334.74474400000003,1,2,ACK,250,535,1230,1,18446744073709551615,0,128,133333.33333333334,33,-103,1,-103,123.16724984190499,0,8,128,-36,33,12,128,133333.33333333334,33,,,,,,
csr-ns3-feedback-observation-v1,feedback_selection,334.74474400000003,1,2,ACK,251,536,1231,1,18446744073709551615,0,128,133333.33333333334,33,-103,1,-103,123.16724984190499,0,8,128,-36,33,12,,,,,,,,,
csr-ns3-feedback-observation-v1,ack_response_context,334.74474400000003,1,2,ACK,251,536,1231,1,18446744073709551615,0,128,133333.33333333334,33,-103,1,-103,123.16724984190499,0,8,128,-36,33,12,128,133333.33333333334,33,,,,,,
csr-ns3-feedback-observation-v1,ota_segment,334.77600000000001,1,3,ACK,254,530,1225,1,18446744073709551615,0,128,133333.33333333334,33,-103,1,-103,123.16724984190499,0,8,128,-36,33,12,128,133333.33333333334,33,128,133333.33333333334,33,4294967386,1,2
csr-ns3-feedback-observation-v1,ota_segment,334.77600000000001,1,2,ACK,251,536,1231,1,18446744073709551615,0,128,133333.33333333334,33,-103,1,-103,123.16724984190499,0,8,128,-36,33,12,128,133333.33333333334,33,128,133333.33333333334,33,4294967386,2,2
csr-ns3-feedback-observation-v1,ota_segment,334.84100000000001,1,3,ACK,254,530,1225,1,18446744073709551615,0,128,133333.33333333334,33,-103,1,-103,123.16724984190499,0,8,128,-36,33,12,128,133333.33333333334,33,128,133333.33333333334,33,4294967387,1,2
csr-ns3-feedback-observation-v1,ota_segment,334.84100000000001,1,2,ACK,251,536,1231,1,18446744073709551615,0,128,133333.33333333334,33,-103,1,-103,123.16724984190499,0,8,128,-36,33,12,128,133333.33333333334,33,128,133333.33333333334,33,4294967387,2,2
csr-ns3-feedback-observation-v1,ota_segment,335.036,1,3,ACK,254,530,1225,1,18446744073709551615,0,128,133333.33333333334,33,-103,1,-103,123.16724984190499,0,8,128,-36,33,12,128,133333.33333333334,33,128,133333.33333333334,33,4294967388,1,2
csr-ns3-feedback-observation-v1,ota_segment,335.036,1,2,ACK,251,536,1231,1,18446744073709551615,0,128,133333.33333333334,33,-103,1,-103,123.16724984190499,0,8,128,-36,33,12,128,133333.33333333334,33,128,133333.33333333334,33,4294967388,2,2
csr-ns3-feedback-observation-v1,feedback_selection,335.35574400000002,1,3,ACK,255,537,1256,1,18446744073709551615,0,128,133333.33333333334,33,-103,1,-103,123.16724984190499,0,8,128,-36,33,12,,,,,,,,,
csr-ns3-feedback-observation-v1,ack_response_context,335.35574400000002,1,3,ACK,255,537,1256,1,18446744073709551615,0,128,133333.33333333334,33,-103,1,-103,123.16724984190499,0,8,128,-36,33,12,128,133333.33333333334,33,,,,,,
csr-ns3-feedback-observation-v1,feedback_selection,335.35574400000002,1,3,ACK,256,538,1257,1,18446744073709551615,0,128,133333.33333333334,33,-103,1,-103,123.16724984190499,0,8,128,-36,33,12,,,,,,,,,
csr-ns3-feedback-observation-v1,ack_response_context,335.35574400000002,1,3,ACK,256,538,1257,1,18446744073709551615,0,128,133333.33333333334,33,-103,1,-103,123.16724984190499,0,8,128,-36,33,12,128,133333.33333333334,33,,,,,,
csr-ns3-feedback-observation-v1,feedback_selection,335.35574400000002,1,3,ACK,257,539,1258,1,18446744073709551615,0,128,133333.33333333334,33,-103,1,-103,123.16724984190499,0,8,128,-36,33,12,,,,,,,,,
csr-ns3-feedback-observation-v1,ack_response_context,335.35574400000002,1,3,ACK,257,539,1258,1,18446744073709551615,0,128,133333.33333333334,33,-103,1,-103,123.16724984190499,0,8,128,-36,33,12,128,133333.33333333334,33,,,,,,
csr-ns3-feedback-observation-v1,feedback_selection,335.35574400000002,1,3,ACK,258,540,1259,1,18446744073709551615,0,128,133333.33333333334,33,-103,1,-103,123.16724984190499,0,8,128,-36,33,12,,,,,,,,,
csr-ns3-feedback-observation-v1,ack_response_context,335.35574400000002,1,3,ACK,258,540,1259,1,18446744073709551615,0,128,133333.33333333334,33,-103,1,-103,123.16724984190499,0,8,128,-36,33,12,128,133333.33333333334,33,,,,,,
csr-ns3-feedback-observation-v1,feedback_selection,335.35574400000002,1,3,ACK,259,541,1260,1,18446744073709551615,0,128,133333.33333333334,33,-103,1,-103,123.16724984190499,0,8,128,-36,33,12,,,,,,,,,
csr-ns3-feedback-observation-v1,ack_response_context,335.35574400000002,1,3,ACK,259,541,1260,1,18446744073709551615,0,128,133333.33333333334,33,-103,1,-103,123.16724984190499,0,8,128,-36,33,12,128,133333.33333333334,33,,,,,,
csr-ns3-feedback-observation-v1,feedback_selection,335.35574400000002,1,3,ACK,260,542,1261,1,18446744073709551615,0,128,133333.33333333334,33,-103,1,-103,123.16724984190499,0,8,128,-36,33,12,,,,,,,,,
csr-ns3-feedback-observation-v1,ack_response_context,335.35574400000002,1,3,ACK,260,542,1261,1,18446744073709551615,0,128,133333.33333333334,33,-103,1,-103,123.16724984190499,0,8,128,-36,33,12,128,133333.33333333334,33,,,,,,
csr-ns3-feedback-observation-v1,feedback_selection,335.61574400000001,1,2,ACK,252,543,1262,1,18446744073709551615,0,128,133333.33333333334,33,-103,1,-103,123.16724984190499,0,8,128,-36,33,12,,,,,,,,,
csr-ns3-feedback-observation-v1,ack_response_context,335.61574400000001,1,2,ACK,252,543,1262,1,18446744073709551615,0,128,133333.33333333334,33,-103,1,-103,123.16724984190499,0,8,128,-36,33,12,128,133333.33333333334,33,,,,,,
csr-ns3-feedback-observation-v1,feedback_selection,335.61574400000001,1,2,ACK,253,544,1263,1,18446744073709551615,0,128,133333.33333333334,33,-103,1,-103,123.16724984190499,0,8,128,-36,33,12,,,,,,,,,
csr-ns3-feedback-observation-v1,ack_response_context,335.61574400000001,1,2,ACK,253,544,1263,1,18446744073709551615,0,128,133333.33333333334,33,-103,1,-103,123.16724984190499,0,8,128,-36,33,12,128,133333.33333333334,33,,,,,,
csr-ns3-feedback-observation-v1,feedback_selection,335.61574400000001,1,2,ACK,254,545,1264,1,18446744073709551615,0,128,133333.33333333334,33,-103,1,-103,123.16724984190499,0,8,128,-36,33,12,,,,,,,,,
csr-ns3-feedback-observation-v1,ack_response_context,335.61574400000001,1,2,ACK,254,545,1264,1,18446744073709551615,0,128,133333.33333333334,33,-103,1,-103,123.16724984190499,0,8,128,-36,33,12,128,133333.33333333334,33,,,,,,
csr-ns3-feedback-observation-v1,feedback_selection,335.61574400000001,1,2,ACK,255,546,1265,1,18446744073709551615,0,128,133333.33333333334,33,-103,1,-103,123.16724984190499,0,8,128,-36,33,12,,,,,,,,,
csr-ns3-feedback-observation-v1,ack_response_context,335.61574400000001,1,2,ACK,255,546,1265,1,18446744073709551615,0,128,133333.33333333334,33,-103,1,-103,123.16724984190499,0,8,128,-36,33,12,128,133333.33333333334,33,,,,,,
csr-ns3-feedback-observation-v1,feedback_selection,335.61574400000001,1,2,ACK,256,547,1266,1,18446744073709551615,0,128,133333.33333333334,33,-103,1,-103,123.16724984190499,0,8,128,-36,33,12,,,,,,,,,
csr-ns3-feedback-observation-v1,ack_response_context,335.61574400000001,1,2,ACK,256,547,1266,1,18446744073709551615,0,128,133333.33333333334,33,-103,1,-103,123.16724984190499,0,8,128,-36,33,12,128,133333.33333333334,33,,,,,,
csr-ns3-feedback-observation-v1,feedback_selection,335.61574400000001,1,2,ACK,257,548,1267,1,18446744073709551615,0,128,133333.33333333334,33,-103,1,-103,123.16724984190499,0,8,128,-36,33,12,,,,,,,,,
csr-ns3-feedback-observation-v1,ack_response_context,335.61574400000001,1,2,ACK,257,548,1267,1,18446744073709551615,0,128,133333.33333333334,33,-103,1,-103,123.16724984190499,0,8,128,-36,33,12,128,133333.33333333334,33,,,,,,
csr-ns3-feedback-observation-v1,feedback_selection,335.940744,1,3,ACK,261,549,1268,1,18446744073709551615,0,128,133333.33333333334,33,-103,1,-103,123.16724984190499,0,8,128,-36,33,12,,,,,,,,,
csr-ns3-feedback-observation-v1,ack_response_context,335.940744,1,3,ACK,261,549,1268,1,18446744073709551615,0,128,133333.33333333334,33,-103,1,-103,123.16724984190499,0,8,128,-36,33,12,128,133333.33333333334,33,,,,,,
csr-ns3-feedback-observation-v1,feedback_selection,335.940744,1,3,ACK,262,550,1269,1,18446744073709551615,0,128,133333.33333333334,33,-103,1,-103,123.16724984190499,0,8,128,-36,33,12,,,,,,,,,
csr-ns3-feedback-observation-v1,ack_response_context,335.940744,1,3,ACK,262,550,1269,1,18446744073709551615,0,128,133333.33333333334,33,-103,1,-103,123.16724984190499,0,8,128,-36,33,12,128,133333.33333333334,33,,,,,,
csr-ns3-feedback-observation-v1,feedback_selection,335.940744,1,3,ACK,263,551,1270,1,18446744073709551615,0,128,133333.33333333334,33,-103,1,-103,123.16724984190499,0,8,128,-36,33,12,,,,,,,,,
csr-ns3-feedback-observation-v1,ack_response_context,335.940744,1,3,ACK,263,551,1270,1,18446744073709551615,0,128,133333.33333333334,33,-103,1,-103,123.16724984190499,0,8,128,-36,33,12,128,133333.33333333334,33,,,,,,
csr-ns3-feedback-observation-v1,feedback_selection,335.940744,1,3,ACK,264,552,1271,1,18446744073709551615,0,128,133333.33333333334,33,-103,1,-103,123.16724984190499,0,8,128,-36,33,12,,,,,,,,,
csr-ns3-feedback-observation-v1,ack_response_context,335.940744,1,3,ACK,264,552,1271,1,18446744073709551615,0,128,133333.33333333334,33,-103,1,-103,123.16724984190499,0,8,128,-36,33,12,128,133333.33333333334,33,,,,,,
csr-ns3-feedback-observation-v1,feedback_selection,335.940744,1,3,ACK,265,553,1272,1,18446744073709551615,0,128,133333.33333333334,33,-103,1,-103,123.16724984190499,0,8,128,-36,33,12,,,,,,,,,
csr-ns3-feedback-observation-v1,ack_response_context,335.940744,1,3,ACK,265,553,1272,1,18446744073709551615,0,128,133333.33333333334,33,-103,1,-103,123.16724984190499,0,8,128,-36,33,12,128,133333.33333333334,33,,,,,,
csr-ns3-feedback-observation-v1,feedback_selection,335.940744,1,3,ACK,266,554,1273,1,18446744073709551615,0,128,133333.33333333334,33,-103,1,-103,123.16724984190499,0,8,128,-36,33,12,,,,,,,,,
csr-ns3-feedback-observation-v1,ack_response_context,335.940744,1,3,ACK,266,554,1273,1,18446744073709551615,0,128,133333.33333333334,33,-103,1,-103,123.16724984190499,0,8,128,-36,33,12,128,133333.33333333334,33,,,,,,
csr-ns3-feedback-observation-v1,ota_segment,336.024,1,3,ACK,266,554,1273,1,18446744073709551615,0,128,133333.33333333334,33,-103,1,-103,123.16724984190499,0,8,128,-36,33,12,128,133333.33333333334,33,128,133333.33333333334,33,4294967389,1,2
csr-ns3-feedback-observation-v1,ota_segment,336.024,1,2,ACK,257,548,1267,1,18446744073709551615,0,128,133333.33333333334,33,-103,1,-103,123.16724984190499,0,8,128,-36,33,12,128,133333.33333333334,33,128,133333.33333333334,33,4294967389,2,2
csr-ns3-feedback-observation-v1,feedback_selection,336.40874400000001,1,3,ACK,267,555,1292,1,18446744073709551615,0,128,133333.33333333334,33,-103,1,-103,123.16724984190499,0,8,128,-36,33,12,,,,,,,,,
csr-ns3-feedback-observation-v1,ack_response_context,336.40874400000001,1,3,ACK,267,555,1292,1,18446744073709551615,0,128,133333.33333333334,33,-103,1,-103,123.16724984190499,0,8,128,-36,33,12,128,133333.33333333334,33,,,,,,
csr-ns3-feedback-observation-v1,feedback_selection,336.40874400000001,1,3,ACK,268,556,1293,1,18446744073709551615,0,128,133333.33333333334,33,-103,1,-103,123.16724984190499,0,8,128,-36,33,12,,,,,,,,,
csr-ns3-feedback-observation-v1,ack_response_context,336.40874400000001,1,3,ACK,268,556,1293,1,18446744073709551615,0,128,133333.33333333334,33,-103,1,-103,123.16724984190499,0,8,128,-36,33,12,128,133333.33333333334,33,,,,,,
csr-ns3-feedback-observation-v1,feedback_selection,336.40874400000001,1,3,ACK,269,557,1294,1,18446744073709551615,0,128,133333.33333333334,33,-103,1,-103,123.16724984190499,0,8,128,-36,33,12,,,,,,,,,
csr-ns3-feedback-observation-v1,ack_response_context,336.40874400000001,1,3,ACK,269,557,1294,1,18446744073709551615,0,128,133333.33333333334,33,-103,1,-103,123.16724984190499,0,8,128,-36,33,12,128,133333.33333333334,33,,,,,,
csr-ns3-feedback-observation-v1,feedback_selection,336.40874400000001,1,3,ACK,270,558,1295,1,18446744073709551615,0,128,133333.33333333334,33,-103,1,-103,123.16724984190499,0,8,128,-36,33,12,,,,,,,,,
csr-ns3-feedback-observation-v1,ack_response_context,336.40874400000001,1,3,ACK,270,558,1295,1,18446744073709551615,0,128,133333.33333333334,33,-103,1,-103,123.16724984190499,0,8,128,-36,33,12,128,133333.33333333334,33,,,,,,
csr-ns3-feedback-observation-v1,feedback_selection,336.40874400000001,1,3,ACK,271,559,1296,1,18446744073709551615,0,128,133333.33333333334,33,-103,1,-103,123.16724984190499,0,8,128,-36,33,12,,,,,,,,,
csr-ns3-feedback-observation-v1,ack_response_context,336.40874400000001,1,3,ACK,271,559,1296,1,18446744073709551615,0,128,133333.33333333334,33,-103,1,-103,123.16724984190499,0,8,128,-36,33,12,128,133333.33333333334,33,,,,,,
csr-ns3-feedback-observation-v1,feedback_selection,336.40874400000001,1,3,ACK,272,560,1297,1,18446744073709551615,0,128,133333.33333333334,33,-103,1,-103,123.16724984190499,0,8,128,-36,33,12,,,,,,,,,
csr-ns3-feedback-observation-v1,ack_response_context,336.40874400000001,1,3,ACK,272,560,1297,1,18446744073709551615,0,128,133333.33333333334,33,-103,1,-103,123.16724984190499,0,8,128,-36,33,12,128,133333.33333333334,33,,,,,,
csr-ns3-feedback-observation-v1,feedback_selection,336.70774399999999,1,2,ACK,258,561,1298,1,18446744073709551615,0,128,133333.33333333334,33,-103,1,-103,123.16724984190499,0,8,128,-36,33,12,,,,,,,,,
csr-ns3-feedback-observation-v1,ack_response_context,336.70774399999999,1,2,ACK,258,561,1298,1,18446744073709551615,0,128,133333.33333333334,33,-103,1,-103,123.16724984190499,0,8,128,-36,33,12,128,133333.33333333334,33,,,,,,
csr-ns3-feedback-observation-v1,feedback_selection,336.70774399999999,1,2,ACK,259,562,1299,1,18446744073709551615,0,128,133333.33333333334,33,-103,1,-103,123.16724984190499,0,8,128,-36,33,12,,,,,,,,,
csr-ns3-feedback-observation-v1,ack_response_context,336.70774399999999,1,2,ACK,259,562,1299,1,18446744073709551615,0,128,133333.33333333334,33,-103,1,-103,123.16724984190499,0,8,128,-36,33,12,128,133333.33333333334,33,,,,,,
csr-ns3-feedback-observation-v1,feedback_selection,336.70774399999999,1,2,ACK,260,563,1300,1,18446744073709551615,0,128,133333.33333333334,33,-103,1,-103,123.16724984190499,0,8,128,-36,33,12,,,,,,,,,
csr-ns3-feedback-observation-v1,ack_response_context,336.70774399999999,1,2,ACK,260,563,1300,1,18446744073709551615,0,128,133333.33333333334,33,-103,1,-103,123.16724984190499,0,8,128,-36,33,12,128,133333.33333333334,33,,,,,,
csr-ns3-feedback-observation-v1,feedback_selection,336.70774399999999,1,2,ACK,261,564,1301,1,18446744073709551615,0,128,133333.33333333334,33,-103,1,-103,123.16724984190499,0,8,128,-36,33,12,,,,,,,,,
csr-ns3-feedback-observation-v1,ack_response_context,336.70774399999999,1,2,ACK,261,564,1301,1,18446744073709551615,0,128,133333.33333333334,33,-103,1,-103,123.16724984190499,0,8,128,-36,33,12,128,133333.33333333334,33,,,,,,
csr-ns3-feedback-observation-v1,feedback_selection,336.70774399999999,1,2,ACK,262,565,1302,1,18446744073709551615,0,128,133333.33333333334,33,-103,1,-103,123.16724984190499,0,8,128,-36,33,12,,,,,,,,,
csr-ns3-feedback-observation-v1,ack_response_context,336.70774399999999,1,2,ACK,262,565,1302,1,18446744073709551615,0,128,133333.33333333334,33,-103,1,-103,123.16724984190499,0,8,128,-36,33,12,128,133333.33333333334,33,,,,,,
csr-ns3-feedback-observation-v1,feedback_selection,336.70774399999999,1,2,ACK,263,566,1303,1,18446744073709551615,0,128,133333.33333333334,33,-103,1,-103,123.16724984190499,0,8,128,-36,33,12,,,,,,,,,
csr-ns3-feedback-observation-v1,ack_response_context,336.70774399999999,1,2,ACK,263,566,1303,1,18446744073709551615,0,128,133333.33333333334,33,-103,1,-103,123.16724984190499,0,8,128,-36,33,12,128,133333.33333333334,33,,,,,,
csr-ns3-feedback-observation-v1,feedback_selection,336.99374399999999,1,3,ACK,273,567,1304,1,18446744073709551615,0,128,133333.33333333334,33,-103,1,-103,123.16724984190499,0,8,128,-36,33,12,,,,,,,,,
csr-ns3-feedback-observation-v1,ack_response_context,336.99374399999999,1,3,ACK,273,567,1304,1,18446744073709551615,0,128,133333.33333333334,33,-103,1,-103,123.16724984190499,0,8,128,-36,33,12,128,133333.33333333334,33,,,,,,
csr-ns3-feedback-observation-v1,feedback_selection,336.99374399999999,1,3,ACK,274,568,1305,1,18446744073709551615,0,128,133333.33333333334,33,-103,1,-103,123.16724984190499,0,8,128,-36,33,12,,,,,,,,,
csr-ns3-feedback-observation-v1,ack_response_context,336.99374399999999,1,3,ACK,274,568,1305,1,18446744073709551615,0,128,133333.33333333334,33,-103,1,-103,123.16724984190499,0,8,128,-36,33,12,128,133333.33333333334,33,,,,,,
csr-ns3-feedback-observation-v1,feedback_selection,336.99374399999999,1,3,ACK,275,569,1306,1,18446744073709551615,0,128,133333.33333333334,33,-103,1,-103,123.16724984190499,0,8,128,-36,33,12,,,,,,,,,
csr-ns3-feedback-observation-v1,ack_response_context,336.99374399999999,1,3,ACK,275,569,1306,1,18446744073709551615,0,128,133333.33333333334,33,-103,1,-103,123.16724984190499,0,8,128,-36,33,12,128,133333.33333333334,33,,,,,,
csr-ns3-feedback-observation-v1,feedback_selection,336.99374399999999,1,3,ACK,276,570,1307,1,18446744073709551615,0,128,133333.33333333334,33,-103,1,-103,123.16724984190499,0,8,128,-36,33,12,,,,,,,,,
csr-ns3-feedback-observation-v1,ack_response_context,336.99374399999999,1,3,ACK,276,570,1307,1,18446744073709551615,0,128,133333.33333333334,33,-103,1,-103,123.16724984190499,0,8,128,-36,33,12,128,133333.33333333334,33,,,,,,
csr-ns3-feedback-observation-v1,feedback_selection,336.99374399999999,1,3,ACK,277,571,1308,1,18446744073709551615,0,128,133333.33333333334,33,-103,1,-103,123.16724984190499,0,8,128,-36,33,12,,,,,,,,,
csr-ns3-feedback-observation-v1,ack_response_context,336.99374399999999,1,3,ACK,277,571,1308,1,18446744073709551615,0,128,133333.33333333334,33,-103,1,-103,123.16724984190499,0,8,128,-36,33,12,128,133333.33333333334,33,,,,,,
csr-ns3-feedback-observation-v1,feedback_selection,336.99374399999999,1,3,ACK,278,572,1309,1,18446744073709551615,0,128,133333.33333333334,33,-103,1,-103,123.16724984190499,0,8,128,-36,33,12,,,,,,,,,
csr-ns3-feedback-observation-v1,ack_response_context,336.99374399999999,1,3,ACK,278,572,1309,1,18446744073709551615,0,128,133333.33333333334,33,-103,1,-103,123.16724984190499,0,8,128,-36,33,12,128,133333.33333333334,33,,,,,,
csr-ns3-feedback-observation-v1,ota_segment,337.12900000000002,1,3,ACK,278,572,1309,1,18446744073709551615,0,128,133333.33333333334,33,-103,1,-103,123.16724984190499,0,8,128,-36,33,12,128,133333.33333333334,33,128,133333.33333333334,33,4294967390,1,2
csr-ns3-feedback-observation-v1,ota_segment,337.12900000000002,1,2,ACK,263,566,1303,1,18446744073709551615,0,128,133333.33333333334,33,-103,1,-103,123.16724984190499,0,8,128,-36,33,12,128,133333.33333333334,33,128,133333.33333333334,33,4294967390,2,2
csr-ns3-feedback-observation-v1,feedback_selection,337.44874399999998,1,3,ACK,279,573,1328,1,18446744073709551615,0,128,133333.33333333334,33,-103,1,-103,123.16724984190499,0,8,128,-36,33,12,,,,,,,,,
csr-ns3-feedback-observation-v1,ack_response_context,337.44874399999998,1,3,ACK,279,573,1328,1,18446744073709551615,0,128,133333.33333333334,33,-103,1,-103,123.16724984190499,0,8,128,-36,33,12,128,133333.33333333334,33,,,,,,
csr-ns3-feedback-observation-v1,feedback_selection,337.44874399999998,1,3,ACK,280,574,1329,1,18446744073709551615,0,128,133333.33333333334,33,-103,1,-103,123.16724984190499,0,8,128,-36,33,12,,,,,,,,,
csr-ns3-feedback-observation-v1,ack_response_context,337.44874399999998,1,3,ACK,280,574,1329,1,18446744073709551615,0,128,133333.33333333334,33,-103,1,-103,123.16724984190499,0,8,128,-36,33,12,128,133333.33333333334,33,,,,,,
csr-ns3-feedback-observation-v1,feedback_selection,337.44874399999998,1,3,ACK,281,575,1330,1,18446744073709551615,0,128,133333.33333333334,33,-103,1,-103,123.16724984190499,0,8,128,-36,33,12,,,,,,,,,
csr-ns3-feedback-observation-v1,ack_response_context,337.44874399999998,1,3,ACK,281,575,1330,1,18446744073709551615,0,128,133333.33333333334,33,-103,1,-103,123.16724984190499,0,8,128,-36,33,12,128,133333.33333333334,33,,,,,,
csr-ns3-feedback-observation-v1,feedback_selection,337.44874399999998,1,3,ACK,282,576,1331,1,18446744073709551615,0,128,133333.33333333334,33,-103,1,-103,123.16724984190499,0,8,128,-36,33,12,,,,,,,,,
csr-ns3-feedback-observation-v1,ack_response_context,337.44874399999998,1,3,ACK,282,576,1331,1,18446744073709551615,0,128,133333.33333333334,33,-103,1,-103,123.16724984190499,0,8,128,-36,33,12,128,133333.33333333334,33,,,,,,
csr-ns3-feedback-observation-v1,feedback_selection,337.44874399999998,1,3,ACK,283,577,1332,1,18446744073709551615,0,128,133333.33333333334,33,-103,1,-103,123.16724984190499,0,8,128,-36,33,12,,,,,,,,,
csr-ns3-feedback-observation-v1,ack_response_context,337.44874399999998,1,3,ACK,283,577,1332,1,18446744073709551615,0,128,133333.33333333334,33,-103,1,-103,123.16724984190499,0,8,128,-36,33,12,128,133333.33333333334,33,,,,,,
csr-ns3-feedback-observation-v1,feedback_selection,337.44874399999998,1,3,ACK,284,578,1333,1,18446744073709551615,0,128,133333.33333333334,33,-103,1,-103,123.16724984190499,0,8,128,-36,33,12,,,,,,,,,
csr-ns3-feedback-observation-v1,ack_response_context,337.44874399999998,1,3,ACK,284,578,1333,1,18446744073709551615,0,128,133333.33333333334,33,-103,1,-103,123.16724984190499,0,8,128,-36,33,12,128,133333.33333333334,33,,,,,,
csr-ns3-feedback-observation-v1,feedback_selection,337.70874400000002,1,2,ACK,264,579,1334,1,18446744073709551615,0,128,133333.33333333334,33,-103,1,-103,123.16724984190499,0,8,128,-36,33,12,,,,,,,,,
csr-ns3-feedback-observation-v1,ack_response_context,337.70874400000002,1,2,ACK,264,579,1334,1,18446744073709551615,0,128,133333.33333333334,33,-103,1,-103,123.16724984190499,0,8,128,-36,33,12,128,133333.33333333334,33,,,,,,
csr-ns3-feedback-observation-v1,feedback_selection,337.70874400000002,1,2,ACK,265,580,1335,1,18446744073709551615,0,128,133333.33333333334,33,-103,1,-103,123.16724984190499,0,8,128,-36,33,12,,,,,,,,,
csr-ns3-feedback-observation-v1,ack_response_context,337.70874400000002,1,2,ACK,265,580,1335,1,18446744073709551615,0,128,133333.33333333334,33,-103,1,-103,123.16724984190499,0,8,128,-36,33,12,128,133333.33333333334,33,,,,,,
csr-ns3-feedback-observation-v1,feedback_selection,337.70874400000002,1,2,ACK,266,581,1336,1,18446744073709551615,0,128,133333.33333333334,33,-103,1,-103,123.16724984190499,0,8,128,-36,33,12,,,,,,,,,
csr-ns3-feedback-observation-v1,ack_response_context,337.70874400000002,1,2,ACK,266,581,1336,1,18446744073709551615,0,128,133333.33333333334,33,-103,1,-103,123.16724984190499,0,8,128,-36,33,12,128,133333.33333333334,33,,,,,,
csr-ns3-feedback-observation-v1,feedback_selection,337.70874400000002,1,2,ACK,267,582,1337,1,18446744073709551615,0,128,133333.33333333334,33,-103,1,-103,123.16724984190499,0,8,128,-36,33,12,,,,,,,,,
csr-ns3-feedback-observation-v1,ack_response_context,337.70874400000002,1,2,ACK,267,582,1337,1,18446744073709551615,0,128,133333.33333333334,33,-103,1,-103,123.16724984190499,0,8,128,-36,33,12,128,133333.33333333334,33,,,,,,
csr-ns3-feedback-observation-v1,feedback_selection,337.70874400000002,1,2,ACK,268,583,1338,1,18446744073709551615,0,128,133333.33333333334,33,-103,1,-103,123.16724984190499,0,8,128,-36,33,12,,,,,,,,,
csr-ns3-feedback-observation-v1,ack_response_context,337.70874400000002,1,2,ACK,268,583,1338,1,18446744073709551615,0,128,133333.33333333334,33,-103,1,-103,123.16724984190499,0,8,128,-36,33,12,128,133333.33333333334,33,,,,,,
csr-ns3-feedback-observation-v1,feedback_selection,337.70874400000002,1,2,ACK,269,584,1339,1,18446744073709551615,0,128,133333.33333333334,33,-103,1,-103,123.16724984190499,0,8,128,-36,33,12,,,,,,,,,
csr-ns3-feedback-observation-v1,ack_response_context,337.70874400000002,1,2,ACK,269,584,1339,1,18446744073709551615,0,128,133333.33333333334,33,-103,1,-103,123.16724984190499,0,8,128,-36,33,12,128,133333.33333333334,33,,,,,,
csr-ns3-feedback-observation-v1,ota_segment,337.779,1,3,ACK,284,578,1333,1,18446744073709551615,0,128,133333.33333333334,33,-103,1,-103,123.16724984190499,0,8,128,-36,33,12,128,133333.33333333334,33,128,133333.33333333334,33,4294967391,1,2
csr-ns3-feedback-observation-v1,ota_segment,337.779,1,2,ACK,269,584,1339,1,18446744073709551615,0,128,133333.33333333334,33,-103,1,-103,123.16724984190499,0,8,128,-36,33,12,128,133333.33333333334,33,128,133333.33333333334,33,4294967391,2,2
csr-ns3-feedback-observation-v1,feedback_selection,338.05974400000002,1,2,ACK,270,585,1352,1,18446744073709551615,0,128,133333.33333333334,33,-103,1,-103,123.16724984190499,0,8,128,-36,33,12,,,,,,,,,
csr-ns3-feedback-observation-v1,ack_response_context,338.05974400000002,1,2,ACK,270,585,1352,1,18446744073709551615,0,128,133333.33333333334,33,-103,1,-103,123.16724984190499,0,8,128,-36,33,12,128,133333.33333333334,33,,,,,,
csr-ns3-feedback-observation-v1,feedback_selection,338.05974400000002,1,2,ACK,271,586,1353,1,18446744073709551615,0,128,133333.33333333334,33,-103,1,-103,123.16724984190499,0,8,128,-36,33,12,,,,,,,,,
csr-ns3-feedback-observation-v1,ack_response_context,338.05974400000002,1,2,ACK,271,586,1353,1,18446744073709551615,0,128,133333.33333333334,33,-103,1,-103,123.16724984190499,0,8,128,-36,33,12,128,133333.33333333334,33,,,,,,
csr-ns3-feedback-observation-v1,feedback_selection,338.05974400000002,1,2,ACK,272,587,1354,1,18446744073709551615,0,128,133333.33333333334,33,-103,1,-103,123.16724984190499,0,8,128,-36,33,12,,,,,,,,,
csr-ns3-feedback-observation-v1,ack_response_context,338.05974400000002,1,2,ACK,272,587,1354,1,18446744073709551615,0,128,133333.33333333334,33,-103,1,-103,123.16724984190499,0,8,128,-36,33,12,128,133333.33333333334,33,,,,,,
csr-ns3-feedback-observation-v1,feedback_selection,338.05974400000002,1,2,ACK,273,588,1355,1,18446744073709551615,0,128,133333.33333333334,33,-103,1,-103,123.16724984190499,0,8,128,-36,33,12,,,,,,,,,
csr-ns3-feedback-observation-v1,ack_response_context,338.05974400000002,1,2,ACK,273,588,1355,1,18446744073709551615,0,128,133333.33333333334,33,-103,1,-103,123.16724984190499,0,8,128,-36,33,12,128,133333.33333333334,33,,,,,,
csr-ns3-feedback-observation-v1,feedback_selection,338.05974400000002,1,2,ACK,274,589,1356,1,18446744073709551615,0,128,133333.33333333334,33,-103,1,-103,123.16724984190499,0,8,128,-36,33,12,,,,,,,,,
csr-ns3-feedback-observation-v1,ack_response_context,338.05974400000002,1,2,ACK,274,589,1356,1,18446744073709551615,0,128,133333.33333333334,33,-103,1,-103,123.16724984190499,0,8,128,-36,33,12,128,133333.33333333334,33,,,,,,
csr-ns3-feedback-observation-v1,feedback_selection,338.05974400000002,1,2,ACK,275,590,1357,1,18446744073709551615,0,128,133333.33333333334,33,-103,1,-103,123.16724984190499,0,8,128,-36,33,12,,,,,,,,,
csr-ns3-feedback-observation-v1,ack_response_context,338.05974400000002,1,2,ACK,275,590,1357,1,18446744073709551615,0,128,133333.33333333334,33,-103,1,-103,123.16724984190499,0,8,128,-36,33,12,128,133333.33333333334,33,,,,,,
csr-ns3-feedback-observation-v1,feedback_selection,338.488744,1,2,ACK,276,591,1358,1,18446744073709551615,0,128,133333.33333333334,33,-103,1,-103,123.16724984190499,0,8,128,-36,33,12,,,,,,,,,
csr-ns3-feedback-observation-v1,ack_response_context,338.488744,1,2,ACK,276,591,1358,1,18446744073709551615,0,128,133333.33333333334,33,-103,1,-103,123.16724984190499,0,8,128,-36,33,12,128,133333.33333333334,33,,,,,,
csr-ns3-feedback-observation-v1,feedback_selection,338.488744,1,2,ACK,277,592,1359,1,18446744073709551615,0,128,133333.33333333334,33,-103,1,-103,123.16724984190499,0,8,128,-36,33,12,,,,,,,,,
csr-ns3-feedback-observation-v1,ack_response_context,338.488744,1,2,ACK,277,592,1359,1,18446744073709551615,0,128,133333.33333333334,33,-103,1,-103,123.16724984190499,0,8,128,-36,33,12,128,133333.33333333334,33,,,,,,
csr-ns3-feedback-observation-v1,feedback_selection,338.488744,1,2,ACK,278,593,1360,1,18446744073709551615,0,128,133333.33333333334,33,-103,1,-103,123.16724984190499,0,8,128,-36,33,12,,,,,,,,,
csr-ns3-feedback-observation-v1,ack_response_context,338.488744,1,2,ACK,278,593,1360,1,18446744073709551615,0,128,133333.33333333334,33,-103,1,-103,123.16724984190499,0,8,128,-36,33,12,128,133333.33333333334,33,,,,,,
csr-ns3-feedback-observation-v1,feedback_selection,338.488744,1,2,ACK,279,594,1361,1,18446744073709551615,0,128,133333.33333333334,33,-103,1,-103,123.16724984190499,0,8,128,-36,33,12,,,,,,,,,
csr-ns3-feedback-observation-v1,ack_response_context,338.488744,1,2,ACK,279,594,1361,1,18446744073709551615,0,128,133333.33333333334,33,-103,1,-103,123.16724984190499,0,8,128,-36,33,12,128,133333.33333333334,33,,,,,,
csr-ns3-feedback-observation-v1,feedback_selection,338.488744,1,2,ACK,280,595,1362,1,18446744073709551615,0,128,133333.33333333334,33,-103,1,-103,123.16724984190499,0,8,128,-36,33,12,,,,,,,,,
csr-ns3-feedback-observation-v1,ack_response_context,338.488744,1,2,ACK,280,595,1362,1,18446744073709551615,0,128,133333.33333333334,33,-103,1,-103,123.16724984190499,0,8,128,-36,33,12,128,133333.33333333334,33,,,,,,
csr-ns3-feedback-observation-v1,feedback_selection,338.488744,1,2,ACK,281,596,1363,1,18446744073709551615,0,128,133333.33333333334,33,-103,1,-103,123.16724984190499,0,8,128,-36,33,12,,,,,,,,,
csr-ns3-feedback-observation-v1,ack_response_context,338.488744,1,2,ACK,281,596,1363,1,18446744073709551615,0,128,133333.33333333334,33,-103,1,-103,123.16724984190499,0,8,128,-36,33,12,128,133333.33333333334,33,,,,,,
csr-ns3-feedback-observation-v1,feedback_selection,338.73574400000001,1,3,ACK,285,597,1364,1,18446744073709551615,0,128,133333.33333333334,33,-103,1,-103,123.16724984190499,0,8,128,-36,33,12,,,,,,,,,
csr-ns3-feedback-observation-v1,ack_response_context,338.73574400000001,1,3,ACK,285,597,1364,1,18446744073709551615,0,128,133333.33333333334,33,-103,1,-103,123.16724984190499,0,8,128,-36,33,12,128,133333.33333333334,33,,,,,,
csr-ns3-feedback-observation-v1,feedback_selection,338.73574400000001,1,3,ACK,286,598,1365,1,18446744073709551615,0,128,133333.33333333334,33,-103,1,-103,123.16724984190499,0,8,128,-36,33,12,,,,,,,,,
csr-ns3-feedback-observation-v1,ack_response_context,338.73574400000001,1,3,ACK,286,598,1365,1,18446744073709551615,0,128,133333.33333333334,33,-103,1,-103,123.16724984190499,0,8,128,-36,33,12,128,133333.33333333334,33,,,,,,
csr-ns3-feedback-observation-v1,feedback_selection,338.73574400000001,1,3,ACK,287,599,1366,1,18446744073709551615,0,128,133333.33333333334,33,-103,1,-103,123.16724984190499,0,8,128,-36,33,12,,,,,,,,,
csr-ns3-feedback-observation-v1,ack_response_context,338.73574400000001,1,3,ACK,287,599,1366,1,18446744073709551615,0,128,133333.33333333334,33,-103,1,-103,123.16724984190499,0,8,128,-36,33,12,128,133333.33333333334,33,,,,,,
csr-ns3-feedback-observation-v1,feedback_selection,338.73574400000001,1,3,ACK,288,600,1367,1,18446744073709551615,0,128,133333.33333333334,33,-103,1,-103,123.16724984190499,0,8,128,-36,33,12,,,,,,,,,
csr-ns3-feedback-observation-v1,ack_response_context,338.73574400000001,1,3,ACK,288,600,1367,1,18446744073709551615,0,128,133333.33333333334,33,-103,1,-103,123.16724984190499,0,8,128,-36,33,12,128,133333.33333333334,33,,,,,,
csr-ns3-feedback-observation-v1,feedback_selection,338.73574400000001,1,3,ACK,289,601,1368,1,18446744073709551615,0,128,133333.33333333334,33,-103,1,-103,123.16724984190499,0,8,128,-36,33,12,,,,,,,,,
csr-ns3-feedback-observation-v1,ack_response_context,338.73574400000001,1,3,ACK,289,601,1368,1,18446744073709551615,0,128,133333.33333333334,33,-103,1,-103,123.16724984190499,0,8,128,-36,33,12,128,133333.33333333334,33,,,,,,
csr-ns3-feedback-observation-v1,feedback_selection,338.73574400000001,1,3,ACK,290,602,1369,1,18446744073709551615,0,128,133333.33333333334,33,-103,1,-103,123.16724984190499,0,8,128,-36,33,12,,,,,,,,,
csr-ns3-feedback-observation-v1,ack_response_context,338.73574400000001,1,3,ACK,290,602,1369,1,18446744073709551615,0,128,133333.33333333334,33,-103,1,-103,123.16724984190499,0,8,128,-36,33,12,128,133333.33333333334,33,,,,,,
csr-ns3-feedback-observation-v1,ota_segment,338.83199999999999,1,3,ACK,290,602,1369,1,18446744073709551615,0,128,133333.33333333334,33,-103,1,-103,123.16724984190499,0,8,128,-36,33,12,128,133333.33333333334,33,128,133333.33333333334,33,4294967392,1,2
csr-ns3-feedback-observation-v1,ota_segment,338.83199999999999,1,2,ACK,281,596,1363,1,18446744073709551615,0,128,133333.33333333334,33,-103,1,-103,123.16724984190499,0,8,128,-36,33,12,128,133333.33333333334,33,128,133333.33333333334,33,4294967392,2,2
csr-ns3-feedback-observation-v1,feedback_selection,339.281744,1,3,ACK,291,603,1388,1,18446744073709551615,0,128,133333.33333333334,33,-103,1,-103,123.16724984190499,0,8,128,-36,33,12,,,,,,,,,
csr-ns3-feedback-observation-v1,ack_response_context,339.281744,1,3,ACK,291,603,1388,1,18446744073709551615,0,128,133333.33333333334,33,-103,1,-103,123.16724984190499,0,8,128,-36,33,12,128,133333.33333333334,33,,,,,,
csr-ns3-feedback-observation-v1,feedback_selection,339.281744,1,3,ACK,292,604,1389,1,18446744073709551615,0,128,133333.33333333334,33,-103,1,-103,123.16724984190499,0,8,128,-36,33,12,,,,,,,,,
csr-ns3-feedback-observation-v1,ack_response_context,339.281744,1,3,ACK,292,604,1389,1,18446744073709551615,0,128,133333.33333333334,33,-103,1,-103,123.16724984190499,0,8,128,-36,33,12,128,133333.33333333334,33,,,,,,
csr-ns3-feedback-observation-v1,feedback_selection,339.281744,1,3,ACK,293,605,1390,1,18446744073709551615,0,128,133333.33333333334,33,-103,1,-103,123.16724984190499,0,8,128,-36,33,12,,,,,,,,,
csr-ns3-feedback-observation-v1,ack_response_context,339.281744,1,3,ACK,293,605,1390,1,18446744073709551615,0,128,133333.33333333334,33,-103,1,-103,123.16724984190499,0,8,128,-36,33,12,128,133333.33333333334,33,,,,,,
csr-ns3-feedback-observation-v1,feedback_selection,339.281744,1,3,ACK,294,606,1391,1,18446744073709551615,0,128,133333.33333333334,33,-103,1,-103,123.16724984190499,0,8,128,-36,33,12,,,,,,,,,
csr-ns3-feedback-observation-v1,ack_response_context,339.281744,1,3,ACK,294,606,1391,1,18446744073709551615,0,128,133333.33333333334,33,-103,1,-103,123.16724984190499,0,8,128,-36,33,12,128,133333.33333333334,33,,,,,,
csr-ns3-feedback-observation-v1,feedback_selection,339.281744,1,3,ACK,295,607,1392,1,18446744073709551615,0,128,133333.33333333334,33,-103,1,-103,123.16724984190499,0,8,128,-36,33,12,,,,,,,,,
csr-ns3-feedback-observation-v1,ack_response_context,339.281744,1,3,ACK,295,607,1392,1,18446744073709551615,0,128,133333.33333333334,33,-103,1,-103,123.16724984190499,0,8,128,-36,33,12,128,133333.33333333334,33,,,,,,
csr-ns3-feedback-observation-v1,feedback_selection,339.281744,1,3,ACK,296,608,1393,1,18446744073709551615,0,128,133333.33333333334,33,-103,1,-103,123.16724984190499,0,8,128,-36,33,12,,,,,,,,,
csr-ns3-feedback-observation-v1,ack_response_context,339.281744,1,3,ACK,296,608,1393,1,18446744073709551615,0,128,133333.33333333334,33,-103,1,-103,123.16724984190499,0,8,128,-36,33,12,128,133333.33333333334,33,,,,,,
csr-ns3-feedback-observation-v1,feedback_selection,339.54174399999999,1,2,ACK,282,609,1394,1,18446744073709551615,0,128,133333.33333333334,33,-103,1,-103,123.16724984190499,0,8,128,-36,33,12,,,,,,,,,
csr-ns3-feedback-observation-v1,ack_response_context,339.54174399999999,1,2,ACK,282,609,1394,1,18446744073709551615,0,128,133333.33333333334,33,-103,1,-103,123.16724984190499,0,8,128,-36,33,12,128,133333.33333333334,33,,,,,,
csr-ns3-feedback-observation-v1,feedback_selection,339.54174399999999,1,2,ACK,283,610,1395,1,18446744073709551615,0,128,133333.33333333334,33,-103,1,-103,123.16724984190499,0,8,128,-36,33,12,,,,,,,,,
csr-ns3-feedback-observation-v1,ack_response_context,339.54174399999999,1,2,ACK,283,610,1395,1,18446744073709551615,0,128,133333.33333333334,33,-103,1,-103,123.16724984190499,0,8,128,-36,33,12,128,133333.33333333334,33,,,,,,
csr-ns3-feedback-observation-v1,feedback_selection,339.54174399999999,1,2,ACK,284,611,1396,1,18446744073709551615,0,128,133333.33333333334,33,-103,1,-103,123.16724984190499,0,8,128,-36,33,12,,,,,,,,,
csr-ns3-feedback-observation-v1,ack_response_context,339.54174399999999,1,2,ACK,284,611,1396,1,18446744073709551615,0,128,133333.33333333334,33,-103,1,-103,123.16724984190499,0,8,128,-36,33,12,128,133333.33333333334,33,,,,,,
csr-ns3-feedback-observation-v1,feedback_selection,339.54174399999999,1,2,ACK,285,612,1397,1,18446744073709551615,0,128,133333.33333333334,33,-103,1,-103,123.16724984190499,0,8,128,-36,33,12,,,,,,,,,
csr-ns3-feedback-observation-v1,ack_response_context,339.54174399999999,1,2,ACK,285,612,1397,1,18446744073709551615,0,128,133333.33333333334,33,-103,1,-103,123.16724984190499,0,8,128,-36,33,12,128,133333.33333333334,33,,,,,,
csr-ns3-feedback-observation-v1,feedback_selection,339.54174399999999,1,2,ACK,286,613,1398,1,18446744073709551615,0,128,133333.33333333334,33,-103,1,-103,123.16724984190499,0,8,128,-36,33,12,,,,,,,,,
csr-ns3-feedback-observation-v1,ack_response_context,339.54174399999999,1,2,ACK,286,613,1398,1,18446744073709551615,0,128,133333.33333333334,33,-103,1,-103,123.16724984190499,0,8,128,-36,33,12,128,133333.33333333334,33,,,,,,
csr-ns3-feedback-observation-v1,feedback_selection,339.54174399999999,1,2,ACK,287,614,1399,1,18446744073709551615,0,128,133333.33333333334,33,-103,1,-103,123.16724984190499,0,8,128,-36,33,12,,,,,,,,,
csr-ns3-feedback-observation-v1,ack_response_context,339.54174399999999,1,2,ACK,287,614,1399,1,18446744073709551615,0,128,133333.33333333334,33,-103,1,-103,123.16724984190499,0,8,128,-36,33,12,128,133333.33333333334,33,,,,,,
csr-ns3-feedback-observation-v1,ota_segment,339.54700000000003,1,3,ACK,296,608,1393,1,18446744073709551615,0,128,133333.33333333334,33,-103,1,-103,123.16724984190499,0,8,128,-36,33,12,128,133333.33333333334,33,128,133333.33333333334,33,4294967393,1,2
csr-ns3-feedback-observation-v1,ota_segment,339.54700000000003,1,2,ACK,287,614,1399,1,18446744073709551615,0,128,133333.33333333334,33,-103,1,-103,123.16724984190499,0,8,128,-36,33,12,128,133333.33333333334,33,128,133333.33333333334,33,4294967393,2,2
csr-ns3-feedback-observation-v1,feedback_selection,339.89274399999999,1,3,ACK,297,615,1412,1,18446744073709551615,0,128,133333.33333333334,33,-103,1,-103,123.16724984190499,0,8,128,-36,33,12,,,,,,,,,
csr-ns3-feedback-observation-v1,ack_response_context,339.89274399999999,1,3,ACK,297,615,1412,1,18446744073709551615,0,128,133333.33333333334,33,-103,1,-103,123.16724984190499,0,8,128,-36,33,12,128,133333.33333333334,33,,,,,,
csr-ns3-feedback-observation-v1,feedback_selection,339.89274399999999,1,3,ACK,298,616,1413,1,18446744073709551615,0,128,133333.33333333334,33,-103,1,-103,123.16724984190499,0,8,128,-36,33,12,,,,,,,,,
csr-ns3-feedback-observation-v1,ack_response_context,339.89274399999999,1,3,ACK,298,616,1413,1,18446744073709551615,0,128,133333.33333333334,33,-103,1,-103,123.16724984190499,0,8,128,-36,33,12,128,133333.33333333334,33,,,,,,
csr-ns3-feedback-observation-v1,feedback_selection,339.89274399999999,1,3,ACK,299,617,1414,1,18446744073709551615,0,128,133333.33333333334,33,-103,1,-103,123.16724984190499,0,8,128,-36,33,12,,,,,,,,,
csr-ns3-feedback-observation-v1,ack_response_context,339.89274399999999,1,3,ACK,299,617,1414,1,18446744073709551615,0,128,133333.33333333334,33,-103,1,-103,123.16724984190499,0,8,128,-36,33,12,128,133333.33333333334,33,,,,,,
csr-ns3-feedback-observation-v1,feedback_selection,339.89274399999999,1,3,ACK,300,618,1415,1,18446744073709551615,0,128,133333.33333333334,33,-103,1,-103,123.16724984190499,0,8,128,-36,33,12,,,,,,,,,
csr-ns3-feedback-observation-v1,ack_response_context,339.89274399999999,1,3,ACK,300,618,1415,1,18446744073709551615,0,128,133333.33333333334,33,-103,1,-103,123.16724984190499,0,8,128,-36,33,12,128,133333.33333333334,33,,,,,,
csr-ns3-feedback-observation-v1,feedback_selection,339.89274399999999,1,3,ACK,301,619,1416,1,18446744073709551615,0,128,133333.33333333334,33,-103,1,-103,123.16724984190499,0,8,128,-36,33,12,,,,,,,,,
csr-ns3-feedback-observation-v1,ack_response_context,339.89274399999999,1,3,ACK,301,619,1416,1,18446744073709551615,0,128,133333.33333333334,33,-103,1,-103,123.16724984190499,0,8,128,-36,33,12,128,133333.33333333334,33,,,,,,
csr-ns3-feedback-observation-v1,feedback_selection,339.89274399999999,1,3,ACK,302,620,1417,1,18446744073709551615,0,128,133333.33333333334,33,-103,1,-103,123.16724984190499,0,8,128,-36,33,12,,,,,,,,,
csr-ns3-feedback-observation-v1,ack_response_context,339.89274399999999,1,3,ACK,302,620,1417,1,18446744073709551615,0,128,133333.33333333334,33,-103,1,-103,123.16724984190499,0,8,128,-36,33,12,128,133333.33333333334,33,,,,,,
csr-ns3-feedback-observation-v1,feedback_selection,340.15274399999998,1,2,ACK,288,621,1418,1,18446744073709551615,0,128,133333.33333333334,33,-103,1,-103,123.16724984190499,0,8,128,-36,33,12,,,,,,,,,
csr-ns3-feedback-observation-v1,ack_response_context,340.15274399999998,1,2,ACK,288,621,1418,1,18446744073709551615,0,128,133333.33333333334,33,-103,1,-103,123.16724984190499,0,8,128,-36,33,12,128,133333.33333333334,33,,,,,,
csr-ns3-feedback-observation-v1,feedback_selection,340.15274399999998,1,2,ACK,289,622,1419,1,18446744073709551615,0,128,133333.33333333334,33,-103,1,-103,123.16724984190499,0,8,128,-36,33,12,,,,,,,,,
csr-ns3-feedback-observation-v1,ack_response_context,340.15274399999998,1,2,ACK,289,622,1419,1,18446744073709551615,0,128,133333.33333333334,33,-103,1,-103,123.16724984190499,0,8,128,-36,33,12,128,133333.33333333334,33,,,,,,
csr-ns3-feedback-observation-v1,feedback_selection,340.15274399999998,1,2,ACK,290,623,1420,1,18446744073709551615,0,128,133333.33333333334,33,-103,1,-103,123.16724984190499,0,8,128,-36,33,12,,,,,,,,,
csr-ns3-feedback-observation-v1,ack_response_context,340.15274399999998,1,2,ACK,290,623,1420,1,18446744073709551615,0,128,133333.33333333334,33,-103,1,-103,123.16724984190499,0,8,128,-36,33,12,128,133333.33333333334,33,,,,,,
csr-ns3-feedback-observation-v1,feedback_selection,340.15274399999998,1,2,ACK,291,624,1421,1,18446744073709551615,0,128,133333.33333333334,33,-103,1,-103,123.16724984190499,0,8,128,-36,33,12,,,,,,,,,
csr-ns3-feedback-observation-v1,ack_response_context,340.15274399999998,1,2,ACK,291,624,1421,1,18446744073709551615,0,128,133333.33333333334,33,-103,1,-103,123.16724984190499,0,8,128,-36,33,12,128,133333.33333333334,33,,,,,,
csr-ns3-feedback-observation-v1,feedback_selection,340.15274399999998,1,2,ACK,292,625,1422,1,18446744073709551615,0,128,133333.33333333334,33,-103,1,-103,123.16724984190499,0,8,128,-36,33,12,,,,,,,,,
csr-ns3-feedback-observation-v1,ack_response_context,340.15274399999998,1,2,ACK,292,625,1422,1,18446744073709551615,0,128,133333.33333333334,33,-103,1,-103,123.16724984190499,0,8,128,-36,33,12,128,133333.33333333334,33,,,,,,
csr-ns3-feedback-observation-v1,feedback_selection,340.15274399999998,1,2,ACK,293,626,1423,1,18446744073709551615,0,128,133333.33333333334,33,-103,1,-103,123.16724984190499,0,8,128,-36,33,12,,,,,,,,,
csr-ns3-feedback-observation-v1,ack_response_context,340.15274399999998,1,2,ACK,293,626,1423,1,18446744073709551615,0,128,133333.33333333334,33,-103,1,-103,123.16724984190499,0,8,128,-36,33,12,128,133333.33333333334,33,,,,,,
csr-ns3-feedback-observation-v1,ota_segment,340.18400000000003,1,3,ACK,302,620,1417,1,18446744073709551615,0,128,133333.33333333334,33,-103,1,-103,123.16724984190499,0,8,128,-36,33,12,128,133333.33333333334,33,128,133333.33333333334,33,4294967394,1,2
csr-ns3-feedback-observation-v1,ota_segment,340.18400000000003,1,2,ACK,293,626,1423,1,18446744073709551615,0,128,133333.33333333334,33,-103,1,-103,123.16724984190499,0,8,128,-36,33,12,128,133333.33333333334,33,128,133333.33333333334,33,4294967394,2,2
csr-ns3-feedback-observation-v1,feedback_selection,340.464744,1,2,ACK,294,627,1436,1,18446744073709551615,0,128,133333.33333333334,33,-103,1,-103,123.16724984190499,0,8,128,-36,33,12,,,,,,,,,
csr-ns3-feedback-observation-v1,ack_response_context,340.464744,1,2,ACK,294,627,1436,1,18446744073709551615,0,128,133333.33333333334,33,-103,1,-103,123.16724984190499,0,8,128,-36,33,12,128,133333.33333333334,33,,,,,,
csr-ns3-feedback-observation-v1,feedback_selection,340.464744,1,2,ACK,295,628,1437,1,18446744073709551615,0,128,133333.33333333334,33,-103,1,-103,123.16724984190499,0,8,128,-36,33,12,,,,,,,,,
csr-ns3-feedback-observation-v1,ack_response_context,340.464744,1,2,ACK,295,628,1437,1,18446744073709551615,0,128,133333.33333333334,33,-103,1,-103,123.16724984190499,0,8,128,-36,33,12,128,133333.33333333334,33,,,,,,
csr-ns3-feedback-observation-v1,feedback_selection,340.464744,1,2,ACK,296,629,1438,1,18446744073709551615,0,128,133333.33333333334,33,-103,1,-103,123.16724984190499,0,8,128,-36,33,12,,,,,,,,,
csr-ns3-feedback-observation-v1,ack_response_context,340.464744,1,2,ACK,296,629,1438,1,18446744073709551615,0,128,133333.33333333334,33,-103,1,-103,123.16724984190499,0,8,128,-36,33,12,128,133333.33333333334,33,,,,,,
csr-ns3-feedback-observation-v1,feedback_selection,340.464744,1,2,ACK,297,630,1439,1,18446744073709551615,0,128,133333.33333333334,33,-103,1,-103,123.16724984190499,0,8,128,-36,33,12,,,,,,,,,
csr-ns3-feedback-observation-v1,ack_response_context,340.464744,1,2,ACK,297,630,1439,1,18446744073709551615,0,128,133333.33333333334,33,-103,1,-103,123.16724984190499,0,8,128,-36,33,12,128,133333.33333333334,33,,,,,,
csr-ns3-feedback-observation-v1,feedback_selection,340.464744,1,2,ACK,298,631,1440,1,18446744073709551615,0,128,133333.33333333334,33,-103,1,-103,123.16724984190499,0,8,128,-36,33,12,,,,,,,,,
csr-ns3-feedback-observation-v1,ack_response_context,340.464744,1,2,ACK,298,631,1440,1,18446744073709551615,0,128,133333.33333333334,33,-103,1,-103,123.16724984190499,0,8,128,-36,33,12,128,133333.33333333334,33,,,,,,
csr-ns3-feedback-observation-v1,feedback_selection,340.464744,1,2,ACK,299,632,1441,1,18446744073709551615,0,128,133333.33333333334,33,-103,1,-103,123.16724984190499,0,8,128,-36,33,12,,,,,,,,,
csr-ns3-feedback-observation-v1,ack_response_context,340.464744,1,2,ACK,299,632,1441,1,18446744073709551615,0,128,133333.33333333334,33,-103,1,-103,123.16724984190499,0,8,128,-36,33,12,128,133333.33333333334,33,,,,,,
csr-ns3-feedback-observation-v1,feedback_selection,340.815744,1,3,ACK,303,633,1442,1,18446744073709551615,0,128,133333.33333333334,33,-103,1,-103,123.16724984190499,0,8,128,-36,33,12,,,,,,,,,
csr-ns3-feedback-observation-v1,ack_response_context,340.815744,1,3,ACK,303,633,1442,1,18446744073709551615,0,128,133333.33333333334,33,-103,1,-103,123.16724984190499,0,8,128,-36,33,12,128,133333.33333333334,33,,,,,,
csr-ns3-feedback-observation-v1,feedback_selection,340.815744,1,3,ACK,304,634,1443,1,18446744073709551615,0,128,133333.33333333334,33,-103,1,-103,123.16724984190499,0,8,128,-36,33,12,,,,,,,,,
csr-ns3-feedback-observation-v1,ack_response_context,340.815744,1,3,ACK,304,634,1443,1,18446744073709551615,0,128,133333.33333333334,33,-103,1,-103,123.16724984190499,0,8,128,-36,33,12,128,133333.33333333334,33,,,,,,
csr-ns3-feedback-observation-v1,feedback_selection,340.815744,1,3,ACK,305,635,1444,1,18446744073709551615,0,128,133333.33333333334,33,-103,1,-103,123.16724984190499,0,8,128,-36,33,12,,,,,,,,,
csr-ns3-feedback-observation-v1,ack_response_context,340.815744,1,3,ACK,305,635,1444,1,18446744073709551615,0,128,133333.33333333334,33,-103,1,-103,123.16724984190499,0,8,128,-36,33,12,128,133333.33333333334,33,,,,,,
csr-ns3-feedback-observation-v1,feedback_selection,340.815744,1,3,ACK,306,636,1445,1,18446744073709551615,0,128,133333.33333333334,33,-103,1,-103,123.16724984190499,0,8,128,-36,33,12,,,,,,,,,
csr-ns3-feedback-observation-v1,ack_response_context,340.815744,1,3,ACK,306,636,1445,1,18446744073709551615,0,128,133333.33333333334,33,-103,1,-103,123.16724984190499,0,8,128,-36,33,12,128,133333.33333333334,33,,,,,,
csr-ns3-feedback-observation-v1,feedback_selection,340.815744,1,3,ACK,307,637,1446,1,18446744073709551615,0,128,133333.33333333334,33,-103,1,-103,123.16724984190499,0,8,128,-36,33,12,,,,,,,,,
csr-ns3-feedback-observation-v1,ack_response_context,340.815744,1,3,ACK,307,637,1446,1,18446744073709551615,0,128,133333.33333333334,33,-103,1,-103,123.16724984190499,0,8,128,-36,33,12,128,133333.33333333334,33,,,,,,
csr-ns3-feedback-observation-v1,feedback_selection,340.815744,1,3,ACK,308,638,1447,1,18446744073709551615,0,128,133333.33333333334,33,-103,1,-103,123.16724984190499,0,8,128,-36,33,12,,,,,,,,,
csr-ns3-feedback-observation-v1,ack_response_context,340.815744,1,3,ACK,308,638,1447,1,18446744073709551615,0,128,133333.33333333334,33,-103,1,-103,123.16724984190499,0,8,128,-36,33,12,128,133333.33333333334,33,,,,,,
csr-ns3-feedback-observation-v1,feedback_selection,341.11474399999997,1,2,ACK,300,639,1448,1,18446744073709551615,0,128,133333.33333333334,33,-103,1,-103,123.16724984190499,0,8,128,-36,33,12,,,,,,,,,
csr-ns3-feedback-observation-v1,ack_response_context,341.11474399999997,1,2,ACK,300,639,1448,1,18446744073709551615,0,128,133333.33333333334,33,-103,1,-103,123.16724984190499,0,8,128,-36,33,12,128,133333.33333333334,33,,,,,,
csr-ns3-feedback-observation-v1,feedback_selection,341.11474399999997,1,2,ACK,301,640,1449,1,18446744073709551615,0,128,133333.33333333334,33,-103,1,-103,123.16724984190499,0,8,128,-36,33,12,,,,,,,,,
csr-ns3-feedback-observation-v1,ack_response_context,341.11474399999997,1,2,ACK,301,640,1449,1,18446744073709551615,0,128,133333.33333333334,33,-103,1,-103,123.16724984190499,0,8,128,-36,33,12,128,133333.33333333334,33,,,,,,
csr-ns3-feedback-observation-v1,feedback_selection,341.11474399999997,1,2,ACK,302,641,1450,1,18446744073709551615,0,128,133333.33333333334,33,-103,1,-103,123.16724984190499,0,8,128,-36,33,12,,,,,,,,,
csr-ns3-feedback-observation-v1,ack_response_context,341.11474399999997,1,2,ACK,302,641,1450,1,18446744073709551615,0,128,133333.33333333334,33,-103,1,-103,123.16724984190499,0,8,128,-36,33,12,128,133333.33333333334,33,,,,,,
csr-ns3-feedback-observation-v1,feedback_selection,341.11474399999997,1,2,ACK,303,642,1451,1,18446744073709551615,0,128,133333.33333333334,33,-103,1,-103,123.16724984190499,0,8,128,-36,33,12,,,,,,,,,
csr-ns3-feedback-observation-v1,ack_response_context,341.11474399999997,1,2,ACK,303,642,1451,1,18446744073709551615,0,128,133333.33333333334,33,-103,1,-103,123.16724984190499,0,8,128,-36,33,12,128,133333.33333333334,33,,,,,,
csr-ns3-feedback-observation-v1,feedback_selection,341.11474399999997,1,2,ACK,304,643,1452,1,18446744073709551615,0,128,133333.33333333334,33,-103,1,-103,123.16724984190499,0,8,128,-36,33,12,,,,,,,,,
csr-ns3-feedback-observation-v1,ack_response_context,341.11474399999997,1,2,ACK,304,643,1452,1,18446744073709551615,0,128,133333.33333333334,33,-103,1,-103,123.16724984190499,0,8,128,-36,33,12,128,133333.33333333334,33,,,,,,
csr-ns3-feedback-observation-v1,feedback_selection,341.11474399999997,1,2,ACK,305,644,1453,1,18446744073709551615,0,128,133333.33333333334,33,-103,1,-103,123.16724984190499,0,8,128,-36,33,12,,,,,,,,,
csr-ns3-feedback-observation-v1,ack_response_context,341.11474399999997,1,2,ACK,305,644,1453,1,18446744073709551615,0,128,133333.33333333334,33,-103,1,-103,123.16724984190499,0,8,128,-36,33,12,128,133333.33333333334,33,,,,,,
csr-ns3-feedback-observation-v1,ota_segment,341.185,1,3,ACK,308,638,1447,1,18446744073709551615,0,128,133333.33333333334,33,-103,1,-103,123.16724984190499,0,8,128,-36,33,12,128,133333.33333333334,33,128,133333.33333333334,33,4294967395,1,2
csr-ns3-feedback-observation-v1,ota_segment,341.185,1,2,ACK,305,644,1453,1,18446744073709551615,0,128,133333.33333333334,33,-103,1,-103,123.16724984190499,0,8,128,-36,33,12,128,133333.33333333334,33,128,133333.33333333334,33,4294967395,2,2
csr-ns3-feedback-observation-v1,feedback_selection,341.452744,1,3,ACK,309,645,1472,1,18446744073709551615,0,128,133333.33333333334,33,-103,1,-103,123.16724984190499,0,8,128,-36,33,12,,,,,,,,,
csr-ns3-feedback-observation-v1,ack_response_context,341.452744,1,3,ACK,309,645,1472,1,18446744073709551615,0,128,133333.33333333334,33,-103,1,-103,123.16724984190499,0,8,128,-36,33,12,128,133333.33333333334,33,,,,,,
csr-ns3-feedback-observation-v1,feedback_selection,341.452744,1,3,ACK,310,646,1473,1,18446744073709551615,0,128,133333.33333333334,33,-103,1,-103,123.16724984190499,0,8,128,-36,33,12,,,,,,,,,
csr-ns3-feedback-observation-v1,ack_response_context,341.452744,1,3,ACK,310,646,1473,1,18446744073709551615,0,128,133333.33333333334,33,-103,1,-103,123.16724984190499,0,8,128,-36,33,12,128,133333.33333333334,33,,,,,,
csr-ns3-feedback-observation-v1,feedback_selection,341.452744,1,3,ACK,311,647,1474,1,18446744073709551615,0,128,133333.33333333334,33,-103,1,-103,123.16724984190499,0,8,128,-36,33,12,,,,,,,,,
csr-ns3-feedback-observation-v1,ack_response_context,341.452744,1,3,ACK,311,647,1474,1,18446744073709551615,0,128,133333.33333333334,33,-103,1,-103,123.16724984190499,0,8,128,-36,33,12,128,133333.33333333334,33,,,,,,
csr-ns3-feedback-observation-v1,feedback_selection,341.452744,1,3,ACK,312,648,1475,1,18446744073709551615,0,128,133333.33333333334,33,-103,1,-103,123.16724984190499,0,8,128,-36,33,12,,,,,,,,,
csr-ns3-feedback-observation-v1,ack_response_context,341.452744,1,3,ACK,312,648,1475,1,18446744073709551615,0,128,133333.33333333334,33,-103,1,-103,123.16724984190499,0,8,128,-36,33,12,128,133333.33333333334,33,,,,,,
csr-ns3-feedback-observation-v1,feedback_selection,341.452744,1,3,ACK,313,649,1476,1,18446744073709551615,0,128,133333.33333333334,33,-103,1,-103,123.16724984190499,0,8,128,-36,33,12,,,,,,,,,
csr-ns3-feedback-observation-v1,ack_response_context,341.452744,1,3,ACK,313,649,1476,1,18446744073709551615,0,128,133333.33333333334,33,-103,1,-103,123.16724984190499,0,8,128,-36,33,12,128,133333.33333333334,33,,,,,,
csr-ns3-feedback-observation-v1,feedback_selection,341.452744,1,3,ACK,314,650,1477,1,18446744073709551615,0,128,133333.33333333334,33,-103,1,-103,123.16724984190499,0,8,128,-36,33,12,,,,,,,,,
csr-ns3-feedback-observation-v1,ack_response_context,341.452744,1,3,ACK,314,650,1477,1,18446744073709551615,0,128,133333.33333333334,33,-103,1,-103,123.16724984190499,0,8,128,-36,33,12,128,133333.33333333334,33,,,,,,
csr-ns3-feedback-observation-v1,feedback_selection,341.76474400000001,1,2,ACK,306,651,1478,1,18446744073709551615,0,128,133333.33333333334,33,-103,1,-103,123.16724984190499,0,8,128,-36,33,12,,,,,,,,,
csr-ns3-feedback-observation-v1,ack_response_context,341.76474400000001,1,2,ACK,306,651,1478,1,18446744073709551615,0,128,133333.33333333334,33,-103,1,-103,123.16724984190499,0,8,128,-36,33,12,128,133333.33333333334,33,,,,,,
csr-ns3-feedback-observation-v1,feedback_selection,341.76474400000001,1,2,ACK,307,652,1479,1,18446744073709551615,0,128,133333.33333333334,33,-103,1,-103,123.16724984190499,0,8,128,-36,33,12,,,,,,,,,
csr-ns3-feedback-observation-v1,ack_response_context,341.76474400000001,1,2,ACK,307,652,1479,1,18446744073709551615,0,128,133333.33333333334,33,-103,1,-103,123.16724984190499,0,8,128,-36,33,12,128,133333.33333333334,33,,,,,,
csr-ns3-feedback-observation-v1,feedback_selection,341.76474400000001,1,2,ACK,308,653,1480,1,18446744073709551615,0,128,133333.33333333334,33,-103,1,-103,123.16724984190499,0,8,128,-36,33,12,,,,,,,,,
csr-ns3-feedback-observation-v1,ack_response_context,341.76474400000001,1,2,ACK,308,653,1480,1,18446744073709551615,0,128,133333.33333333334,33,-103,1,-103,123.16724984190499,0,8,128,-36,33,12,128,133333.33333333334,33,,,,,,
csr-ns3-feedback-observation-v1,feedback_selection,341.76474400000001,1,2,ACK,309,654,1481,1,18446744073709551615,0,128,133333.33333333334,33,-103,1,-103,123.16724984190499,0,8,128,-36,33,12,,,,,,,,,
csr-ns3-feedback-observation-v1,ack_response_context,341.76474400000001,1,2,ACK,309,654,1481,1,18446744073709551615,0,128,133333.33333333334,33,-103,1,-103,123.16724984190499,0,8,128,-36,33,12,128,133333.33333333334,33,,,,,,
csr-ns3-feedback-observation-v1,feedback_selection,341.76474400000001,1,2,ACK,310,655,1482,1,18446744073709551615,0,128,133333.33333333334,33,-103,1,-103,123.16724984190499,0,8,128,-36,33,12,,,,,,,,,
csr-ns3-feedback-observation-v1,ack_response_context,341.76474400000001,1,2,ACK,310,655,1482,1,18446744073709551615,0,128,133333.33333333334,33,-103,1,-103,123.16724984190499,0,8,128,-36,33,12,128,133333.33333333334,33,,,,,,
csr-ns3-feedback-observation-v1,feedback_selection,341.76474400000001,1,2,ACK,311,656,1483,1,18446744073709551615,0,128,133333.33333333334,33,-103,1,-103,123.16724984190499,0,8,128,-36,33,12,,,,,,,,,
csr-ns3-feedback-observation-v1,ack_response_context,341.76474400000001,1,2,ACK,311,656,1483,1,18446744073709551615,0,128,133333.33333333334,33,-103,1,-103,123.16724984190499,0,8,128,-36,33,12,128,133333.33333333334,33,,,,,,
csr-ns3-feedback-observation-v1,ota_segment,341.87400000000002,1,3,ACK,314,650,1477,1,18446744073709551615,0,128,133333.33333333334,33,-103,1,-103,123.16724984190499,0,8,128,-36,33,12,128,133333.33333333334,33,128,133333.33333333334,33,4294967396,1,2
csr-ns3-feedback-observation-v1,ota_segment,341.87400000000002,1,2,ACK,311,656,1483,1,18446744073709551615,0,128,133333.33333333334,33,-103,1,-103,123.16724984190499,0,8,128,-36,33,12,128,133333.33333333334,33,128,133333.33333333334,33,4294967396,2,2
csr-ns3-feedback-observation-v1,feedback_selection,342.14174400000002,1,3,ACK,315,657,1496,1,18446744073709551615,0,128,133333.33333333334,33,-103,1,-103,123.16724984190499,0,8,128,-36,33,12,,,,,,,,,
csr-ns3-feedback-observation-v1,ack_response_context,342.14174400000002,1,3,ACK,315,657,1496,1,18446744073709551615,0,128,133333.33333333334,33,-103,1,-103,123.16724984190499,0,8,128,-36,33,12,128,133333.33333333334,33,,,,,,
csr-ns3-feedback-observation-v1,feedback_selection,342.14174400000002,1,3,ACK,316,658,1497,1,18446744073709551615,0,128,133333.33333333334,33,-103,1,-103,123.16724984190499,0,8,128,-36,33,12,,,,,,,,,
csr-ns3-feedback-observation-v1,ack_response_context,342.14174400000002,1,3,ACK,316,658,1497,1,18446744073709551615,0,128,133333.33333333334,33,-103,1,-103,123.16724984190499,0,8,128,-36,33,12,128,133333.33333333334,33,,,,,,
csr-ns3-feedback-observation-v1,feedback_selection,342.14174400000002,1,3,ACK,317,659,1498,1,18446744073709551615,0,128,133333.33333333334,33,-103,1,-103,123.16724984190499,0,8,128,-36,33,12,,,,,,,,,
csr-ns3-feedback-observation-v1,ack_response_context,342.14174400000002,1,3,ACK,317,659,1498,1,18446744073709551615,0,128,133333.33333333334,33,-103,1,-103,123.16724984190499,0,8,128,-36,33,12,128,133333.33333333334,33,,,,,,
csr-ns3-feedback-observation-v1,feedback_selection,342.14174400000002,1,3,ACK,318,660,1499,1,18446744073709551615,0,128,133333.33333333334,33,-103,1,-103,123.16724984190499,0,8,128,-36,33,12,,,,,,,,,
csr-ns3-feedback-observation-v1,ack_response_context,342.14174400000002,1,3,ACK,318,660,1499,1,18446744073709551615,0,128,133333.33333333334,33,-103,1,-103,123.16724984190499,0,8,128,-36,33,12,128,133333.33333333334,33,,,,,,
csr-ns3-feedback-observation-v1,feedback_selection,342.14174400000002,1,3,ACK,319,661,1500,1,18446744073709551615,0,128,133333.33333333334,33,-103,1,-103,123.16724984190499,0,8,128,-36,33,12,,,,,,,,,
csr-ns3-feedback-observation-v1,ack_response_context,342.14174400000002,1,3,ACK,319,661,1500,1,18446744073709551615,0,128,133333.33333333334,33,-103,1,-103,123.16724984190499,0,8,128,-36,33,12,128,133333.33333333334,33,,,,,,
csr-ns3-feedback-observation-v1,feedback_selection,342.14174400000002,1,3,ACK,320,662,1501,1,18446744073709551615,0,128,133333.33333333334,33,-103,1,-103,123.16724984190499,0,8,128,-36,33,12,,,,,,,,,
csr-ns3-feedback-observation-v1,ack_response_context,342.14174400000002,1,3,ACK,320,662,1501,1,18446744073709551615,0,128,133333.33333333334,33,-103,1,-103,123.16724984190499,0,8,128,-36,33,12,128,133333.33333333334,33,,,,,,
csr-ns3-feedback-observation-v1,feedback_selection,342.38874399999997,1,2,ACK,312,663,1502,1,18446744073709551615,0,128,133333.33333333334,33,-103,1,-103,123.16724984190499,0,8,128,-36,33,12,,,,,,,,,
csr-ns3-feedback-observation-v1,ack_response_context,342.38874399999997,1,2,ACK,312,663,1502,1,18446744073709551615,0,128,133333.33333333334,33,-103,1,-103,123.16724984190499,0,8,128,-36,33,12,128,133333.33333333334,33,,,,,,
csr-ns3-feedback-observation-v1,feedback_selection,342.38874399999997,1,2,ACK,313,664,1503,1,18446744073709551615,0,128,133333.33333333334,33,-103,1,-103,123.16724984190499,0,8,128,-36,33,12,,,,,,,,,
csr-ns3-feedback-observation-v1,ack_response_context,342.38874399999997,1,2,ACK,313,664,1503,1,18446744073709551615,0,128,133333.33333333334,33,-103,1,-103,123.16724984190499,0,8,128,-36,33,12,128,133333.33333333334,33,,,,,,
csr-ns3-feedback-observation-v1,feedback_selection,342.38874399999997,1,2,ACK,314,665,1504,1,18446744073709551615,0,128,133333.33333333334,33,-103,1,-103,123.16724984190499,0,8,128,-36,33,12,,,,,,,,,
csr-ns3-feedback-observation-v1,ack_response_context,342.38874399999997,1,2,ACK,314,665,1504,1,18446744073709551615,0,128,133333.33333333334,33,-103,1,-103,123.16724984190499,0,8,128,-36,33,12,128,133333.33333333334,33,,,,,,
csr-ns3-feedback-observation-v1,feedback_selection,342.38874399999997,1,2,ACK,315,666,1505,1,18446744073709551615,0,128,133333.33333333334,33,-103,1,-103,123.16724984190499,0,8,128,-36,33,12,,,,,,,,,
csr-ns3-feedback-observation-v1,ack_response_context,342.38874399999997,1,2,ACK,315,666,1505,1,18446744073709551615,0,128,133333.33333333334,33,-103,1,-103,123.16724984190499,0,8,128,-36,33,12,128,133333.33333333334,33,,,,,,
csr-ns3-feedback-observation-v1,feedback_selection,342.38874399999997,1,2,ACK,316,667,1506,1,18446744073709551615,0,128,133333.33333333334,33,-103,1,-103,123.16724984190499,0,8,128,-36,33,12,,,,,,,,,
csr-ns3-feedback-observation-v1,ack_response_context,342.38874399999997,1,2,ACK,316,667,1506,1,18446744073709551615,0,128,133333.33333333334,33,-103,1,-103,123.16724984190499,0,8,128,-36,33,12,128,133333.33333333334,33,,,,,,
csr-ns3-feedback-observation-v1,feedback_selection,342.38874399999997,1,2,ACK,317,668,1507,1,18446744073709551615,0,128,133333.33333333334,33,-103,1,-103,123.16724984190499,0,8,128,-36,33,12,,,,,,,,,
csr-ns3-feedback-observation-v1,ack_response_context,342.38874399999997,1,2,ACK,317,668,1507,1,18446744073709551615,0,128,133333.33333333334,33,-103,1,-103,123.16724984190499,0,8,128,-36,33,12,128,133333.33333333334,33,,,,,,
csr-ns3-feedback-observation-v1,ota_segment,342.42000000000002,1,3,ACK,320,662,1501,1,18446744073709551615,0,128,133333.33333333334,33,-103,1,-103,123.16724984190499,0,8,128,-36,33,12,128,133333.33333333334,33,128,133333.33333333334,33,4294967397,1,2
csr-ns3-feedback-observation-v1,ota_segment,342.42000000000002,1,2,ACK,317,668,1507,1,18446744073709551615,0,128,133333.33333333334,33,-103,1,-103,123.16724984190499,0,8,128,-36,33,12,128,133333.33333333334,33,128,133333.33333333334,33,4294967397,2,2
csr-ns3-feedback-observation-v1,feedback_selection,342.68774400000001,1,3,ACK,321,669,1520,1,18446744073709551615,0,128,133333.33333333334,33,-103,1,-103,123.16724984190499,0,8,128,-36,33,12,,,,,,,,,
csr-ns3-feedback-observation-v1,ack_response_context,342.68774400000001,1,3,ACK,321,669,1520,1,18446744073709551615,0,128,133333.33333333334,33,-103,1,-103,123.16724984190499,0,8,128,-36,33,12,128,133333.33333333334,33,,,,,,
csr-ns3-feedback-observation-v1,feedback_selection,342.68774400000001,1,3,ACK,322,670,1521,1,18446744073709551615,0,128,133333.33333333334,33,-103,1,-103,123.16724984190499,0,8,128,-36,33,12,,,,,,,,,
csr-ns3-feedback-observation-v1,ack_response_context,342.68774400000001,1,3,ACK,322,670,1521,1,18446744073709551615,0,128,133333.33333333334,33,-103,1,-103,123.16724984190499,0,8,128,-36,33,12,128,133333.33333333334,33,,,,,,
csr-ns3-feedback-observation-v1,feedback_selection,342.68774400000001,1,3,ACK,323,671,1522,1,18446744073709551615,0,128,133333.33333333334,33,-103,1,-103,123.16724984190499,0,8,128,-36,33,12,,,,,,,,,
csr-ns3-feedback-observation-v1,ack_response_context,342.68774400000001,1,3,ACK,323,671,1522,1,18446744073709551615,0,128,133333.33333333334,33,-103,1,-103,123.16724984190499,0,8,128,-36,33,12,128,133333.33333333334,33,,,,,,
csr-ns3-feedback-observation-v1,feedback_selection,342.68774400000001,1,3,ACK,324,672,1523,1,18446744073709551615,0,128,133333.33333333334,33,-103,1,-103,123.16724984190499,0,8,128,-36,33,12,,,,,,,,,
csr-ns3-feedback-observation-v1,ack_response_context,342.68774400000001,1,3,ACK,324,672,1523,1,18446744073709551615,0,128,133333.33333333334,33,-103,1,-103,123.16724984190499,0,8,128,-36,33,12,128,133333.33333333334,33,,,,,,
csr-ns3-feedback-observation-v1,feedback_selection,342.68774400000001,1,3,ACK,325,673,1524,1,18446744073709551615,0,128,133333.33333333334,33,-103,1,-103,123.16724984190499,0,8,128,-36,33,12,,,,,,,,,
csr-ns3-feedback-observation-v1,ack_response_context,342.68774400000001,1,3,ACK,325,673,1524,1,18446744073709551615,0,128,133333.33333333334,33,-103,1,-103,123.16724984190499,0,8,128,-36,33,12,128,133333.33333333334,33,,,,,,
csr-ns3-feedback-observation-v1,feedback_selection,342.68774400000001,1,3,ACK,326,674,1525,1,18446744073709551615,0,128,133333.33333333334,33,-103,1,-103,123.16724984190499,0,8,128,-36,33,12,,,,,,,,,
csr-ns3-feedback-observation-v1,ack_response_context,342.68774400000001,1,3,ACK,326,674,1525,1,18446744073709551615,0,128,133333.33333333334,33,-103,1,-103,123.16724984190499,0,8,128,-36,33,12,128,133333.33333333334,33,,,,,,
csr-ns3-feedback-observation-v1,feedback_selection,343.06474400000002,1,3,ACK,327,675,1526,1,18446744073709551615,0,128,133333.33333333334,33,-103,1,-103,123.16724984190499,0,8,128,-36,33,12,,,,,,,,,
csr-ns3-feedback-observation-v1,ack_response_context,343.06474400000002,1,3,ACK,327,675,1526,1,18446744073709551615,0,128,133333.33333333334,33,-103,1,-103,123.16724984190499,0,8,128,-36,33,12,128,133333.33333333334,33,,,,,,
csr-ns3-feedback-observation-v1,feedback_selection,343.06474400000002,1,3,ACK,328,676,1527,1,18446744073709551615,0,128,133333.33333333334,33,-103,1,-103,123.16724984190499,0,8,128,-36,33,12,,,,,,,,,
csr-ns3-feedback-observation-v1,ack_response_context,343.06474400000002,1,3,ACK,328,676,1527,1,18446744073709551615,0,128,133333.33333333334,33,-103,1,-103,123.16724984190499,0,8,128,-36,33,12,128,133333.33333333334,33,,,,,,
csr-ns3-feedback-observation-v1,feedback_selection,343.06474400000002,1,3,ACK,329,677,1528,1,18446744073709551615,0,128,133333.33333333334,33,-103,1,-103,123.16724984190499,0,8,128,-36,33,12,,,,,,,,,
csr-ns3-feedback-observation-v1,ack_response_context,343.06474400000002,1,3,ACK,329,677,1528,1,18446744073709551615,0,128,133333.33333333334,33,-103,1,-103,123.16724984190499,0,8,128,-36,33,12,128,133333.33333333334,33,,,,,,
csr-ns3-feedback-observation-v1,feedback_selection,343.06474400000002,1,3,ACK,330,678,1529,1,18446744073709551615,0,128,133333.33333333334,33,-103,1,-103,123.16724984190499,0,8,128,-36,33,12,,,,,,,,,
csr-ns3-feedback-observation-v1,ack_response_context,343.06474400000002,1,3,ACK,330,678,1529,1,18446744073709551615,0,128,133333.33333333334,33,-103,1,-103,123.16724984190499,0,8,128,-36,33,12,128,133333.33333333334,33,,,,,,
csr-ns3-feedback-observation-v1,feedback_selection,343.06474400000002,1,3,ACK,331,679,1530,1,18446744073709551615,0,128,133333.33333333334,33,-103,1,-103,123.16724984190499,0,8,128,-36,33,12,,,,,,,,,
csr-ns3-feedback-observation-v1,ack_response_context,343.06474400000002,1,3,ACK,331,679,1530,1,18446744073709551615,0,128,133333.33333333334,33,-103,1,-103,123.16724984190499,0,8,128,-36,33,12,128,133333.33333333334,33,,,,,,
csr-ns3-feedback-observation-v1,feedback_selection,343.06474400000002,1,3,ACK,332,680,1531,1,18446744073709551615,0,128,133333.33333333334,33,-103,1,-103,123.16724984190499,0,8,128,-36,33,12,,,,,,,,,
csr-ns3-feedback-observation-v1,ack_response_context,343.06474400000002,1,3,ACK,332,680,1531,1,18446744073709551615,0,128,133333.33333333334,33,-103,1,-103,123.16724984190499,0,8,128,-36,33,12,128,133333.33333333334,33,,,,,,
csr-ns3-feedback-observation-v1,feedback_selection,343.46774399999998,1,2,ACK,318,681,1532,1,18446744073709551615,0,128,133333.33333333334,33,-103,1,-103,123.16724984190499,0,8,128,-36,33,12,,,,,,,,,
csr-ns3-feedback-observation-v1,ack_response_context,343.46774399999998,1,2,ACK,318,681,1532,1,18446744073709551615,0,128,133333.33333333334,33,-103,1,-103,123.16724984190499,0,8,128,-36,33,12,128,133333.33333333334,33,,,,,,
csr-ns3-feedback-observation-v1,feedback_selection,343.46774399999998,1,2,ACK,319,682,1533,1,18446744073709551615,0,128,133333.33333333334,33,-103,1,-103,123.16724984190499,0,8,128,-36,33,12,,,,,,,,,
csr-ns3-feedback-observation-v1,ack_response_context,343.46774399999998,1,2,ACK,319,682,1533,1,18446744073709551615,0,128,133333.33333333334,33,-103,1,-103,123.16724984190499,0,8,128,-36,33,12,128,133333.33333333334,33,,,,,,
csr-ns3-feedback-observation-v1,feedback_selection,343.46774399999998,1,2,ACK,320,683,1534,1,18446744073709551615,0,128,133333.33333333334,33,-103,1,-103,123.16724984190499,0,8,128,-36,33,12,,,,,,,,,
csr-ns3-feedback-observation-v1,ack_response_context,343.46774399999998,1,2,ACK,320,683,1534,1,18446744073709551615,0,128,133333.33333333334,33,-103,1,-103,123.16724984190499,0,8,128,-36,33,12,128,133333.33333333334,33,,,,,,
csr-ns3-feedback-observation-v1,feedback_selection,343.46774399999998,1,2,ACK,321,684,1535,1,18446744073709551615,0,128,133333.33333333334,33,-103,1,-103,123.16724984190499,0,8,128,-36,33,12,,,,,,,,,
csr-ns3-feedback-observation-v1,ack_response_context,343.46774399999998,1,2,ACK,321,684,1535,1,18446744073709551615,0,128,133333.33333333334,33,-103,1,-103,123.16724984190499,0,8,128,-36,33,12,128,133333.33333333334,33,,,,,,
csr-ns3-feedback-observation-v1,feedback_selection,343.46774399999998,1,2,ACK,322,685,1536,1,18446744073709551615,0,128,133333.33333333334,33,-103,1,-103,123.16724984190499,0,8,128,-36,33,12,,,,,,,,,
csr-ns3-feedback-observation-v1,ack_response_context,343.46774399999998,1,2,ACK,322,685,1536,1,18446744073709551615,0,128,133333.33333333334,33,-103,1,-103,123.16724984190499,0,8,128,-36,33,12,128,133333.33333333334,33,,,,,,
csr-ns3-feedback-observation-v1,feedback_selection,343.46774399999998,1,2,ACK,323,686,1537,1,18446744073709551615,0,128,133333.33333333334,33,-103,1,-103,123.16724984190499,0,8,128,-36,33,12,,,,,,,,,
csr-ns3-feedback-observation-v1,ack_response_context,343.46774399999998,1,2,ACK,323,686,1537,1,18446744073709551615,0,128,133333.33333333334,33,-103,1,-103,123.16724984190499,0,8,128,-36,33,12,128,133333.33333333334,33,,,,,,
csr-ns3-feedback-observation-v1,ota_segment,343.53800000000001,1,3,ACK,332,680,1531,1,18446744073709551615,0,128,133333.33333333334,33,-103,1,-103,123.16724984190499,0,8,128,-36,33,12,128,133333.33333333334,33,128,133333.33333333334,33,4294967398,1,2
csr-ns3-feedback-observation-v1,ota_segment,343.53800000000001,1,2,ACK,323,686,1537,1,18446744073709551615,0,128,133333.33333333334,33,-103,1,-103,123.16724984190499,0,8,128,-36,33,12,128,133333.33333333334,33,128,133333.33333333334,33,4294967398,2,2
csr-ns3-feedback-observation-v1,feedback_selection,343.81874399999998,1,3,ACK,333,687,1556,1,18446744073709551615,0,128,133333.33333333334,33,-103,1,-103,123.16724984190499,0,8,128,-36,33,12,,,,,,,,,
csr-ns3-feedback-observation-v1,ack_response_context,343.81874399999998,1,3,ACK,333,687,1556,1,18446744073709551615,0,128,133333.33333333334,33,-103,1,-103,123.16724984190499,0,8,128,-36,33,12,128,133333.33333333334,33,,,,,,
csr-ns3-feedback-observation-v1,feedback_selection,343.81874399999998,1,3,ACK,334,688,1557,1,18446744073709551615,0,128,133333.33333333334,33,-103,1,-103,123.16724984190499,0,8,128,-36,33,12,,,,,,,,,
csr-ns3-feedback-observation-v1,ack_response_context,343.81874399999998,1,3,ACK,334,688,1557,1,18446744073709551615,0,128,133333.33333333334,33,-103,1,-103,123.16724984190499,0,8,128,-36,33,12,128,133333.33333333334,33,,,,,,
csr-ns3-feedback-observation-v1,feedback_selection,343.81874399999998,1,3,ACK,335,689,1558,1,18446744073709551615,0,128,133333.33333333334,33,-103,1,-103,123.16724984190499,0,8,128,-36,33,12,,,,,,,,,
csr-ns3-feedback-observation-v1,ack_response_context,343.81874399999998,1,3,ACK,335,689,1558,1,18446744073709551615,0,128,133333.33333333334,33,-103,1,-103,123.16724984190499,0,8,128,-36,33,12,128,133333.33333333334,33,,,,,,
csr-ns3-feedback-observation-v1,feedback_selection,343.81874399999998,1,3,ACK,336,690,1559,1,18446744073709551615,0,128,133333.33333333334,33,-103,1,-103,123.16724984190499,0,8,128,-36,33,12,,,,,,,,,
csr-ns3-feedback-observation-v1,ack_response_context,343.81874399999998,1,3,ACK,336,690,1559,1,18446744073709551615,0,128,133333.33333333334,33,-103,1,-103,123.16724984190499,0,8,128,-36,33,12,128,133333.33333333334,33,,,,,,
csr-ns3-feedback-observation-v1,feedback_selection,343.81874399999998,1,3,ACK,337,691,1560,1,18446744073709551615,0,128,133333.33333333334,33,-103,1,-103,123.16724984190499,0,8,128,-36,33,12,,,,,,,,,
csr-ns3-feedback-observation-v1,ack_response_context,343.81874399999998,1,3,ACK,337,691,1560,1,18446744073709551615,0,128,133333.33333333334,33,-103,1,-103,123.16724984190499,0,8,128,-36,33,12,128,133333.33333333334,33,,,,,,
csr-ns3-feedback-observation-v1,feedback_selection,343.81874399999998,1,3,ACK,338,692,1561,1,18446744073709551615,0,128,133333.33333333334,33,-103,1,-103,123.16724984190499,0,8,128,-36,33,12,,,,,,,,,
csr-ns3-feedback-observation-v1,ack_response_context,343.81874399999998,1,3,ACK,338,692,1561,1,18446744073709551615,0,128,133333.33333333334,33,-103,1,-103,123.16724984190499,0,8,128,-36,33,12,128,133333.33333333334,33,,,,,,
csr-ns3-feedback-observation-v1,feedback_selection,344.18274400000001,1,2,ACK,324,693,1562,1,18446744073709551615,0,128,133333.33333333334,33,-103,1,-103,123.16724984190499,0,8,128,-36,33,12,,,,,,,,,
csr-ns3-feedback-observation-v1,ack_response_context,344.18274400000001,1,2,ACK,324,693,1562,1,18446744073709551615,0,128,133333.33333333334,33,-103,1,-103,123.16724984190499,0,8,128,-36,33,12,128,133333.33333333334,33,,,,,,
csr-ns3-feedback-observation-v1,feedback_selection,344.18274400000001,1,2,ACK,325,694,1563,1,18446744073709551615,0,128,133333.33333333334,33,-103,1,-103,123.16724984190499,0,8,128,-36,33,12,,,,,,,,,
csr-ns3-feedback-observation-v1,ack_response_context,344.18274400000001,1,2,ACK,325,694,1563,1,18446744073709551615,0,128,133333.33333333334,33,-103,1,-103,123.16724984190499,0,8,128,-36,33,12,128,133333.33333333334,33,,,,,,
csr-ns3-feedback-observation-v1,feedback_selection,344.18274400000001,1,2,ACK,326,695,1564,1,18446744073709551615,0,128,133333.33333333334,33,-103,1,-103,123.16724984190499,0,8,128,-36,33,12,,,,,,,,,
csr-ns3-feedback-observation-v1,ack_response_context,344.18274400000001,1,2,ACK,326,695,1564,1,18446744073709551615,0,128,133333.33333333334,33,-103,1,-103,123.16724984190499,0,8,128,-36,33,12,128,133333.33333333334,33,,,,,,
csr-ns3-feedback-observation-v1,feedback_selection,344.18274400000001,1,2,ACK,327,696,1565,1,18446744073709551615,0,128,133333.33333333334,33,-103,1,-103,123.16724984190499,0,8,128,-36,33,12,,,,,,,,,
csr-ns3-feedback-observation-v1,ack_response_context,344.18274400000001,1,2,ACK,327,696,1565,1,18446744073709551615,0,128,133333.33333333334,33,-103,1,-103,123.16724984190499,0,8,128,-36,33,12,128,133333.33333333334,33,,,,,,
csr-ns3-feedback-observation-v1,feedback_selection,344.18274400000001,1,2,ACK,328,697,1566,1,18446744073709551615,0,128,133333.33333333334,33,-103,1,-103,123.16724984190499,0,8,128,-36,33,12,,,,,,,,,
csr-ns3-feedback-observation-v1,ack_response_context,344.18274400000001,1,2,ACK,328,697,1566,1,18446744073709551615,0,128,133333.33333333334,33,-103,1,-103,123.16724984190499,0,8,128,-36,33,12,128,133333.33333333334,33,,,,,,
csr-ns3-feedback-observation-v1,feedback_selection,344.18274400000001,1,2,ACK,329,698,1567,1,18446744073709551615,0,128,133333.33333333334,33,-103,1,-103,123.16724984190499,0,8,128,-36,33,12,,,,,,,,,
csr-ns3-feedback-observation-v1,ack_response_context,344.18274400000001,1,2,ACK,329,698,1567,1,18446744073709551615,0,128,133333.33333333334,33,-103,1,-103,123.16724984190499,0,8,128,-36,33,12,128,133333.33333333334,33,,,,,,
csr-ns3-feedback-observation-v1,feedback_selection,344.62474400000002,1,3,ACK,339,699,1568,1,18446744073709551615,0,128,133333.33333333334,33,-103,1,-103,123.16724984190499,0,8,128,-36,33,12,,,,,,,,,
csr-ns3-feedback-observation-v1,ack_response_context,344.62474400000002,1,3,ACK,339,699,1568,1,18446744073709551615,0,128,133333.33333333334,33,-103,1,-103,123.16724984190499,0,8,128,-36,33,12,128,133333.33333333334,33,,,,,,
csr-ns3-feedback-observation-v1,feedback_selection,344.62474400000002,1,3,ACK,340,700,1569,1,18446744073709551615,0,128,133333.33333333334,33,-103,1,-103,123.16724984190499,0,8,128,-36,33,12,,,,,,,,,
csr-ns3-feedback-observation-v1,ack_response_context,344.62474400000002,1,3,ACK,340,700,1569,1,18446744073709551615,0,128,133333.33333333334,33,-103,1,-103,123.16724984190499,0,8,128,-36,33,12,128,133333.33333333334,33,,,,,,
csr-ns3-feedback-observation-v1,feedback_selection,344.62474400000002,1,3,ACK,341,701,1570,1,18446744073709551615,0,128,133333.33333333334,33,-103,1,-103,123.16724984190499,0,8,128,-36,33,12,,,,,,,,,
csr-ns3-feedback-observation-v1,ack_response_context,344.62474400000002,1,3,ACK,341,701,1570,1,18446744073709551615,0,128,133333.33333333334,33,-103,1,-103,123.16724984190499,0,8,128,-36,33,12,128,133333.33333333334,33,,,,,,
csr-ns3-feedback-observation-v1,feedback_selection,344.62474400000002,1,3,ACK,342,702,1571,1,18446744073709551615,0,128,133333.33333333334,33,-103,1,-103,123.16724984190499,0,8,128,-36,33,12,,,,,,,,,
csr-ns3-feedback-observation-v1,ack_response_context,344.62474400000002,1,3,ACK,342,702,1571,1,18446744073709551615,0,128,133333.33333333334,33,-103,1,-103,123.16724984190499,0,8,128,-36,33,12,128,133333.33333333334,33,,,,,,
csr-ns3-feedback-observation-v1,feedback_selection,344.62474400000002,1,3,ACK,343,703,1572,1,18446744073709551615,0,128,133333.33333333334,33,-103,1,-103,123.16724984190499,0,8,128,-36,33,12,,,,,,,,,
csr-ns3-feedback-observation-v1,ack_response_context,344.62474400000002,1,3,ACK,343,703,1572,1,18446744073709551615,0,128,133333.33333333334,33,-103,1,-103,123.16724984190499,0,8,128,-36,33,12,128,133333.33333333334,33,,,,,,
csr-ns3-feedback-observation-v1,feedback_selection,344.62474400000002,1,3,ACK,344,704,1573,1,18446744073709551615,0,128,133333.33333333334,33,-103,1,-103,123.16724984190499,0,8,128,-36,33,12,,,,,,,,,
csr-ns3-feedback-observation-v1,ack_response_context,344.62474400000002,1,3,ACK,344,704,1573,1,18446744073709551615,0,128,133333.33333333334,33,-103,1,-103,123.16724984190499,0,8,128,-36,33,12,128,133333.33333333334,33,,,,,,
csr-ns3-feedback-observation-v1,ota_segment,344.64299999999997,1,3,ACK,344,704,1573,1,18446744073709551615,0,128,133333.33333333334,33,-103,1,-103,123.16724984190499,0,8,128,-36,33,12,128,133333.33333333334,33,128,133333.33333333334,33,4294967399,1,2
csr-ns3-feedback-observation-v1,ota_segment,344.64299999999997,1,2,ACK,329,698,1567,1,18446744073709551615,0,128,133333.33333333334,33,-103,1,-103,123.16724984190499,0,8,128,-36,33,12,128,133333.33333333334,33,128,133333.33333333334,33,4294967399,2,2
csr-ns3-feedback-observation-v1,feedback_selection,345.02774399999998,1,2,ACK,330,705,1592,1,18446744073709551615,0,128,133333.33333333334,33,-103,1,-103,123.16724984190499,0,8,128,-36,33,12,,,,,,,,,
csr-ns3-feedback-observation-v1,ack_response_context,345.02774399999998,1,2,ACK,330,705,1592,1,18446744073709551615,0,128,133333.33333333334,33,-103,1,-103,123.16724984190499,0,8,128,-36,33,12,128,133333.33333333334,33,,,,,,
csr-ns3-feedback-observation-v1,feedback_selection,345.02774399999998,1,2,ACK,331,706,1593,1,18446744073709551615,0,128,133333.33333333334,33,-103,1,-103,123.16724984190499,0,8,128,-36,33,12,,,,,,,,,
csr-ns3-feedback-observation-v1,ack_response_context,345.02774399999998,1,2,ACK,331,706,1593,1,18446744073709551615,0,128,133333.33333333334,33,-103,1,-103,123.16724984190499,0,8,128,-36,33,12,128,133333.33333333334,33,,,,,,
csr-ns3-feedback-observation-v1,feedback_selection,345.02774399999998,1,2,ACK,332,707,1594,1,18446744073709551615,0,128,133333.33333333334,33,-103,1,-103,123.16724984190499,0,8,128,-36,33,12,,,,,,,,,
csr-ns3-feedback-observation-v1,ack_response_context,345.02774399999998,1,2,ACK,332,707,1594,1,18446744073709551615,0,128,133333.33333333334,33,-103,1,-103,123.16724984190499,0,8,128,-36,33,12,128,133333.33333333334,33,,,,,,
csr-ns3-feedback-observation-v1,feedback_selection,345.02774399999998,1,2,ACK,333,708,1595,1,18446744073709551615,0,128,133333.33333333334,33,-103,1,-103,123.16724984190499,0,8,128,-36,33,12,,,,,,,,,
csr-ns3-feedback-observation-v1,ack_response_context,345.02774399999998,1,2,ACK,333,708,1595,1,18446744073709551615,0,128,133333.33333333334,33,-103,1,-103,123.16724984190499,0,8,128,-36,33,12,128,133333.33333333334,33,,,,,,
csr-ns3-feedback-observation-v1,feedback_selection,345.02774399999998,1,2,ACK,334,709,1596,1,18446744073709551615,0,128,133333.33333333334,33,-103,1,-103,123.16724984190499,0,8,128,-36,33,12,,,,,,,,,
csr-ns3-feedback-observation-v1,ack_response_context,345.02774399999998,1,2,ACK,334,709,1596,1,18446744073709551615,0,128,133333.33333333334,33,-103,1,-103,123.16724984190499,0,8,128,-36,33,12,128,133333.33333333334,33,,,,,,
csr-ns3-feedback-observation-v1,feedback_selection,345.02774399999998,1,2,ACK,335,710,1597,1,18446744073709551615,0,128,133333.33333333334,33,-103,1,-103,123.16724984190499,0,8,128,-36,33,12,,,,,,,,,
csr-ns3-feedback-observation-v1,ack_response_context,345.02774399999998,1,2,ACK,335,710,1597,1,18446744073709551615,0,128,133333.33333333334,33,-103,1,-103,123.16724984190499,0,8,128,-36,33,12,128,133333.33333333334,33,,,,,,
csr-ns3-feedback-observation-v1,feedback_selection,345.31374399999999,1,2,ACK,336,711,1598,1,18446744073709551615,0,128,133333.33333333334,33,-103,1,-103,123.16724984190499,0,8,128,-36,33,12,,,,,,,,,
csr-ns3-feedback-observation-v1,ack_response_context,345.31374399999999,1,2,ACK,336,711,1598,1,18446744073709551615,0,128,133333.33333333334,33,-103,1,-103,123.16724984190499,0,8,128,-36,33,12,128,133333.33333333334,33,,,,,,
csr-ns3-feedback-observation-v1,feedback_selection,345.31374399999999,1,2,ACK,337,712,1599,1,18446744073709551615,0,128,133333.33333333334,33,-103,1,-103,123.16724984190499,0,8,128,-36,33,12,,,,,,,,,
csr-ns3-feedback-observation-v1,ack_response_context,345.31374399999999,1,2,ACK,337,712,1599,1,18446744073709551615,0,128,133333.33333333334,33,-103,1,-103,123.16724984190499,0,8,128,-36,33,12,128,133333.33333333334,33,,,,,,
csr-ns3-feedback-observation-v1,feedback_selection,345.31374399999999,1,2,ACK,338,713,1600,1,18446744073709551615,0,128,133333.33333333334,33,-103,1,-103,123.16724984190499,0,8,128,-36,33,12,,,,,,,,,
csr-ns3-feedback-observation-v1,ack_response_context,345.31374399999999,1,2,ACK,338,713,1600,1,18446744073709551615,0,128,133333.33333333334,33,-103,1,-103,123.16724984190499,0,8,128,-36,33,12,128,133333.33333333334,33,,,,,,
csr-ns3-feedback-observation-v1,feedback_selection,345.31374399999999,1,2,ACK,339,714,1601,1,18446744073709551615,0,128,133333.33333333334,33,-103,1,-103,123.16724984190499,0,8,128,-36,33,12,,,,,,,,,
csr-ns3-feedback-observation-v1,ack_response_context,345.31374399999999,1,2,ACK,339,714,1601,1,18446744073709551615,0,128,133333.33333333334,33,-103,1,-103,123.16724984190499,0,8,128,-36,33,12,128,133333.33333333334,33,,,,,,
csr-ns3-feedback-observation-v1,feedback_selection,345.31374399999999,1,2,ACK,340,715,1602,1,18446744073709551615,0,128,133333.33333333334,33,-103,1,-103,123.16724984190499,0,8,128,-36,33,12,,,,,,,,,
csr-ns3-feedback-observation-v1,ack_response_context,345.31374399999999,1,2,ACK,340,715,1602,1,18446744073709551615,0,128,133333.33333333334,33,-103,1,-103,123.16724984190499,0,8,128,-36,33,12,128,133333.33333333334,33,,,,,,
csr-ns3-feedback-observation-v1,feedback_selection,345.31374399999999,1,2,ACK,341,716,1603,1,18446744073709551615,0,128,133333.33333333334,33,-103,1,-103,123.16724984190499,0,8,128,-36,33,12,,,,,,,,,
csr-ns3-feedback-observation-v1,ack_response_context,345.31374399999999,1,2,ACK,341,716,1603,1,18446744073709551615,0,128,133333.33333333334,33,-103,1,-103,123.16724984190499,0,8,128,-36,33,12,128,133333.33333333334,33,,,,,,
csr-ns3-feedback-observation-v1,feedback_selection,345.58674400000001,1,3,ACK,345,717,1604,1,18446744073709551615,0,128,133333.33333333334,33,-103,1,-103,123.16724984190499,0,8,128,-36,33,12,,,,,,,,,
csr-ns3-feedback-observation-v1,ack_response_context,345.58674400000001,1,3,ACK,345,717,1604,1,18446744073709551615,0,128,133333.33333333334,33,-103,1,-103,123.16724984190499,0,8,128,-36,33,12,128,133333.33333333334,33,,,,,,
csr-ns3-feedback-observation-v1,feedback_selection,345.58674400000001,1,3,ACK,346,718,1605,1,18446744073709551615,0,128,133333.33333333334,33,-103,1,-103,123.16724984190499,0,8,128,-36,33,12,,,,,,,,,
csr-ns3-feedback-observation-v1,ack_response_context,345.58674400000001,1,3,ACK,346,718,1605,1,18446744073709551615,0,128,133333.33333333334,33,-103,1,-103,123.16724984190499,0,8,128,-36,33,12,128,133333.33333333334,33,,,,,,
csr-ns3-feedback-observation-v1,feedback_selection,345.58674400000001,1,3,ACK,347,719,1606,1,18446744073709551615,0,128,133333.33333333334,33,-103,1,-103,123.16724984190499,0,8,128,-36,33,12,,,,,,,,,
csr-ns3-feedback-observation-v1,ack_response_context,345.58674400000001,1,3,ACK,347,719,1606,1,18446744073709551615,0,128,133333.33333333334,33,-103,1,-103,123.16724984190499,0,8,128,-36,33,12,128,133333.33333333334,33,,,,,,
csr-ns3-feedback-observation-v1,feedback_selection,345.58674400000001,1,3,ACK,348,720,1607,1,18446744073709551615,0,128,133333.33333333334,33,-103,1,-103,123.16724984190499,0,8,128,-36,33,12,,,,,,,,,
csr-ns3-feedback-observation-v1,ack_response_context,345.58674400000001,1,3,ACK,348,720,1607,1,18446744073709551615,0,128,133333.33333333334,33,-103,1,-103,123.16724984190499,0,8,128,-36,33,12,128,133333.33333333334,33,,,,,,
csr-ns3-feedback-observation-v1,feedback_selection,345.58674400000001,1,3,ACK,349,721,1608,1,18446744073709551615,0,128,133333.33333333334,33,-103,1,-103,123.16724984190499,0,8,128,-36,33,12,,,,,,,,,
csr-ns3-feedback-observation-v1,ack_response_context,345.58674400000001,1,3,ACK,349,721,1608,1,18446744073709551615,0,128,133333.33333333334,33,-103,1,-103,123.16724984190499,0,8,128,-36,33,12,128,133333.33333333334,33,,,,,,
csr-ns3-feedback-observation-v1,feedback_selection,345.58674400000001,1,3,ACK,350,722,1609,1,18446744073709551615,0,128,133333.33333333334,33,-103,1,-103,123.16724984190499,0,8,128,-36,33,12,,,,,,,,,
csr-ns3-feedback-observation-v1,ack_response_context,345.58674400000001,1,3,ACK,350,722,1609,1,18446744073709551615,0,128,133333.33333333334,33,-103,1,-103,123.16724984190499,0,8,128,-36,33,12,128,133333.33333333334,33,,,,,,
csr-ns3-feedback-observation-v1,feedback_selection,345.81170400000002,1,2,ACK,342,723,1610,1,18446744073709551615,0,128,133333.33333333334,33,-103,1,-103,123.16724984190499,0,8,128,-36,33,12,,,,,,,,,
csr-ns3-feedback-observation-v1,ack_response_context,345.81170400000002,1,2,ACK,342,723,1610,1,18446744073709551615,0,128,133333.33333333334,33,-103,1,-103,123.16724984190499,0,8,128,-36,33,12,128,133333.33333333334,33,,,,,,
csr-ns3-feedback-observation-v1,feedback_selection,345.81170400000002,1,2,ACK,343,724,1611,1,18446744073709551615,0,128,133333.33333333334,33,-103,1,-103,123.16724984190499,0,8,128,-36,33,12,,,,,,,,,
csr-ns3-feedback-observation-v1,ack_response_context,345.81170400000002,1,2,ACK,343,724,1611,1,18446744073709551615,0,128,133333.33333333334,33,-103,1,-103,123.16724984190499,0,8,128,-36,33,12,128,133333.33333333334,33,,,,,,
csr-ns3-feedback-observation-v1,feedback_selection,345.81170400000002,1,2,ACK,344,725,1612,1,18446744073709551615,0,128,133333.33333333334,33,-103,1,-103,123.16724984190499,0,8,128,-36,33,12,,,,,,,,,
csr-ns3-feedback-observation-v1,ack_response_context,345.81170400000002,1,2,ACK,344,725,1612,1,18446744073709551615,0,128,133333.33333333334,33,-103,1,-103,123.16724984190499,0,8,128,-36,33,12,128,133333.33333333334,33,,,,,,
csr-ns3-feedback-observation-v1,feedback_selection,345.81170400000002,1,2,ACK,345,726,1613,1,18446744073709551615,0,128,133333.33333333334,33,-103,1,-103,123.16724984190499,0,8,128,-36,33,12,,,,,,,,,
csr-ns3-feedback-observation-v1,ack_response_context,345.81170400000002,1,2,ACK,345,726,1613,1,18446744073709551615,0,128,133333.33333333334,33,-103,1,-103,123.16724984190499,0,8,128,-36,33,12,128,133333.33333333334,33,,,,,,
csr-ns3-feedback-observation-v1,ota_segment,345.839,1,3,ACK,350,722,1609,1,18446744073709551615,0,128,133333.33333333334,33,-103,1,-103,123.16724984190499,0,8,128,-36,33,12,128,133333.33333333334,33,128,133333.33333333334,33,4294967400,1,2
csr-ns3-feedback-observation-v1,ota_segment,345.839,1,2,ACK,345,726,1613,1,18446744073709551615,0,128,133333.33333333334,33,-103,1,-103,123.16724984190499,0,8,128,-36,33,12,128,133333.33333333334,33,128,133333.33333333334,33,4294967400,2,2
csr-ns3-feedback-observation-v1,feedback_selection,346.15874400000001,1,3,ACK,351,727,1636,1,18446744073709551615,0,128,133333.33333333334,33,-103,1,-103,123.16724984190499,0,8,128,-36,33,12,,,,,,,,,
csr-ns3-feedback-observation-v1,ack_response_context,346.15874400000001,1,3,ACK,351,727,1636,1,18446744073709551615,0,128,133333.33333333334,33,-103,1,-103,123.16724984190499,0,8,128,-36,33,12,128,133333.33333333334,33,,,,,,
csr-ns3-feedback-observation-v1,feedback_selection,346.15874400000001,1,3,ACK,352,728,1637,1,18446744073709551615,0,128,133333.33333333334,33,-103,1,-103,123.16724984190499,0,8,128,-36,33,12,,,,,,,,,
csr-ns3-feedback-observation-v1,ack_response_context,346.15874400000001,1,3,ACK,352,728,1637,1,18446744073709551615,0,128,133333.33333333334,33,-103,1,-103,123.16724984190499,0,8,128,-36,33,12,128,133333.33333333334,33,,,,,,
csr-ns3-feedback-observation-v1,feedback_selection,346.15874400000001,1,3,ACK,353,729,1638,1,18446744073709551615,0,128,133333.33333333334,33,-103,1,-103,123.16724984190499,0,8,128,-36,33,12,,,,,,,,,
csr-ns3-feedback-observation-v1,ack_response_context,346.15874400000001,1,3,ACK,353,729,1638,1,18446744073709551615,0,128,133333.33333333334,33,-103,1,-103,123.16724984190499,0,8,128,-36,33,12,128,133333.33333333334,33,,,,,,
csr-ns3-feedback-observation-v1,feedback_selection,346.15874400000001,1,3,ACK,354,730,1639,1,18446744073709551615,0,128,133333.33333333334,33,-103,1,-103,123.16724984190499,0,8,128,-36,33,12,,,,,,,,,
csr-ns3-feedback-observation-v1,ack_response_context,346.15874400000001,1,3,ACK,354,730,1639,1,18446744073709551615,0,128,133333.33333333334,33,-103,1,-103,123.16724984190499,0,8,128,-36,33,12,128,133333.33333333334,33,,,,,,
csr-ns3-feedback-observation-v1,feedback_selection,346.15874400000001,1,3,ACK,355,731,1640,1,18446744073709551615,0,128,133333.33333333334,33,-103,1,-103,123.16724984190499,0,8,128,-36,33,12,,,,,,,,,
csr-ns3-feedback-observation-v1,ack_response_context,346.15874400000001,1,3,ACK,355,731,1640,1,18446744073709551615,0,128,133333.33333333334,33,-103,1,-103,123.16724984190499,0,8,128,-36,33,12,128,133333.33333333334,33,,,,,,
csr-ns3-feedback-observation-v1,feedback_selection,346.15874400000001,1,3,ACK,356,732,1641,1,18446744073709551615,0,128,133333.33333333334,33,-103,1,-103,123.16724984190499,0,8,128,-36,33,12,,,,,,,,,
csr-ns3-feedback-observation-v1,ack_response_context,346.15874400000001,1,3,ACK,356,732,1641,1,18446744073709551615,0,128,133333.33333333334,33,-103,1,-103,123.16724984190499,0,8,128,-36,33,12,128,133333.33333333334,33,,,,,,
csr-ns3-feedback-observation-v1,feedback_selection,346.58774399999999,1,2,ACK,346,733,1642,1,18446744073709551615,0,128,133333.33333333334,33,-103,1,-103,123.16724984190499,0,8,128,-36,33,12,,,,,,,,,
csr-ns3-feedback-observation-v1,ack_response_context,346.58774399999999,1,2,ACK,346,733,1642,1,18446744073709551615,0,128,133333.33333333334,33,-103,1,-103,123.16724984190499,0,8,128,-36,33,12,128,133333.33333333334,33,,,,,,
csr-ns3-feedback-observation-v1,feedback_selection,346.58774399999999,1,2,ACK,347,734,1643,1,18446744073709551615,0,128,133333.33333333334,33,-103,1,-103,123.16724984190499,0,8,128,-36,33,12,,,,,,,,,
csr-ns3-feedback-observation-v1,ack_response_context,346.58774399999999,1,2,ACK,347,734,1643,1,18446744073709551615,0,128,133333.33333333334,33,-103,1,-103,123.16724984190499,0,8,128,-36,33,12,128,133333.33333333334,33,,,,,,
csr-ns3-feedback-observation-v1,feedback_selection,346.58774399999999,1,2,ACK,348,735,1644,1,18446744073709551615,0,128,133333.33333333334,33,-103,1,-103,123.16724984190499,0,8,128,-36,33,12,,,,,,,,,
csr-ns3-feedback-observation-v1,ack_response_context,346.58774399999999,1,2,ACK,348,735,1644,1,18446744073709551615,0,128,133333.33333333334,33,-103,1,-103,123.16724984190499,0,8,128,-36,33,12,128,133333.33333333334,33,,,,,,
csr-ns3-feedback-observation-v1,feedback_selection,346.58774399999999,1,2,ACK,349,736,1645,1,18446744073709551615,0,128,133333.33333333334,33,-103,1,-103,123.16724984190499,0,8,128,-36,33,12,,,,,,,,,
csr-ns3-feedback-observation-v1,ack_response_context,346.58774399999999,1,2,ACK,349,736,1645,1,18446744073709551615,0,128,133333.33333333334,33,-103,1,-103,123.16724984190499,0,8,128,-36,33,12,128,133333.33333333334,33,,,,,,
csr-ns3-feedback-observation-v1,feedback_selection,346.58774399999999,1,2,ACK,350,737,1646,1,18446744073709551615,0,128,133333.33333333334,33,-103,1,-103,123.16724984190499,0,8,128,-36,33,12,,,,,,,,,
csr-ns3-feedback-observation-v1,ack_response_context,346.58774399999999,1,2,ACK,350,737,1646,1,18446744073709551615,0,128,133333.33333333334,33,-103,1,-103,123.16724984190499,0,8,128,-36,33,12,128,133333.33333333334,33,,,,,,
csr-ns3-feedback-observation-v1,feedback_selection,346.58774399999999,1,2,ACK,351,738,1647,1,18446744073709551615,0,128,133333.33333333334,33,-103,1,-103,123.16724984190499,0,8,128,-36,33,12,,,,,,,,,
csr-ns3-feedback-observation-v1,ack_response_context,346.58774399999999,1,2,ACK,351,738,1647,1,18446744073709551615,0,128,133333.33333333334,33,-103,1,-103,123.16724984190499,0,8,128,-36,33,12,128,133333.33333333334,33,,,,,,
csr-ns3-feedback-observation-v1,feedback_selection,346.834744,1,3,ACK,357,739,1648,1,18446744073709551615,0,128,133333.33333333334,33,-103,1,-103,123.16724984190499,0,8,128,-36,33,12,,,,,,,,,
csr-ns3-feedback-observation-v1,ack_response_context,346.834744,1,3,ACK,357,739,1648,1,18446744073709551615,0,128,133333.33333333334,33,-103,1,-103,123.16724984190499,0,8,128,-36,33,12,128,133333.33333333334,33,,,,,,
csr-ns3-feedback-observation-v1,feedback_selection,346.834744,1,3,ACK,358,740,1649,1,18446744073709551615,0,128,133333.33333333334,33,-103,1,-103,123.16724984190499,0,8,128,-36,33,12,,,,,,,,,
csr-ns3-feedback-observation-v1,ack_response_context,346.834744,1,3,ACK,358,740,1649,1,18446744073709551615,0,128,133333.33333333334,33,-103,1,-103,123.16724984190499,0,8,128,-36,33,12,128,133333.33333333334,33,,,,,,
csr-ns3-feedback-observation-v1,feedback_selection,346.834744,1,3,ACK,359,741,1650,1,18446744073709551615,0,128,133333.33333333334,33,-103,1,-103,123.16724984190499,0,8,128,-36,33,12,,,,,,,,,
csr-ns3-feedback-observation-v1,ack_response_context,346.834744,1,3,ACK,359,741,1650,1,18446744073709551615,0,128,133333.33333333334,33,-103,1,-103,123.16724984190499,0,8,128,-36,33,12,128,133333.33333333334,33,,,,,,
csr-ns3-feedback-observation-v1,feedback_selection,346.834744,1,3,ACK,360,742,1651,1,18446744073709551615,0,128,133333.33333333334,33,-103,1,-103,123.16724984190499,0,8,128,-36,33,12,,,,,,,,,
csr-ns3-feedback-observation-v1,ack_response_context,346.834744,1,3,ACK,360,742,1651,1,18446744073709551615,0,128,133333.33333333334,33,-103,1,-103,123.16724984190499,0,8,128,-36,33,12,128,133333.33333333334,33,,,,,,
csr-ns3-feedback-observation-v1,feedback_selection,346.834744,1,3,ACK,361,743,1652,1,18446744073709551615,0,128,133333.33333333334,33,-103,1,-103,123.16724984190499,0,8,128,-36,33,12,,,,,,,,,
csr-ns3-feedback-observation-v1,ack_response_context,346.834744,1,3,ACK,361,743,1652,1,18446744073709551615,0,128,133333.33333333334,33,-103,1,-103,123.16724984190499,0,8,128,-36,33,12,128,133333.33333333334,33,,,,,,
csr-ns3-feedback-observation-v1,feedback_selection,346.834744,1,3,ACK,362,744,1653,1,18446744073709551615,0,128,133333.33333333334,33,-103,1,-103,123.16724984190499,0,8,128,-36,33,12,,,,,,,,,
csr-ns3-feedback-observation-v1,ack_response_context,346.834744,1,3,ACK,362,744,1653,1,18446744073709551615,0,128,133333.33333333334,33,-103,1,-103,123.16724984190499,0,8,128,-36,33,12,128,133333.33333333334,33,,,,,,
csr-ns3-feedback-observation-v1,ota_segment,346.90499999999997,1,3,ACK,362,744,1653,1,18446744073709551615,0,128,133333.33333333334,33,-103,1,-103,123.16724984190499,0,8,128,-36,33,12,128,133333.33333333334,33,128,133333.33333333334,33,4294967401,1,2
csr-ns3-feedback-observation-v1,ota_segment,346.90499999999997,1,2,ACK,351,738,1647,1,18446744073709551615,0,128,133333.33333333334,33,-103,1,-103,123.16724984190499,0,8,128,-36,33,12,128,133333.33333333334,33,128,133333.33333333334,33,4294967401,2,2
csr-ns3-feedback-observation-v1,feedback_selection,347.250744,1,2,ACK,352,745,1672,1,18446744073709551615,0,128,133333.33333333334,33,-103,1,-103,123.16724984190499,0,8,128,-36,33,12,,,,,,,,,
csr-ns3-feedback-observation-v1,ack_response_context,347.250744,1,2,ACK,352,745,1672,1,18446744073709551615,0,128,133333.33333333334,33,-103,1,-103,123.16724984190499,0,8,128,-36,33,12,128,133333.33333333334,33,,,,,,
csr-ns3-feedback-observation-v1,feedback_selection,347.250744,1,2,ACK,353,746,1673,1,18446744073709551615,0,128,133333.33333333334,33,-103,1,-103,123.16724984190499,0,8,128,-36,33,12,,,,,,,,,
csr-ns3-feedback-observation-v1,ack_response_context,347.250744,1,2,ACK,353,746,1673,1,18446744073709551615,0,128,133333.33333333334,33,-103,1,-103,123.16724984190499,0,8,128,-36,33,12,128,133333.33333333334,33,,,,,,
csr-ns3-feedback-observation-v1,feedback_selection,347.250744,1,2,ACK,354,747,1674,1,18446744073709551615,0,128,133333.33333333334,33,-103,1,-103,123.16724984190499,0,8,128,-36,33,12,,,,,,,,,
csr-ns3-feedback-observation-v1,ack_response_context,347.250744,1,2,ACK,354,747,1674,1,18446744073709551615,0,128,133333.33333333334,33,-103,1,-103,123.16724984190499,0,8,128,-36,33,12,128,133333.33333333334,33,,,,,,
csr-ns3-feedback-observation-v1,feedback_selection,347.250744,1,2,ACK,355,748,1675,1,18446744073709551615,0,128,133333.33333333334,33,-103,1,-103,123.16724984190499,0,8,128,-36,33,12,,,,,,,,,
csr-ns3-feedback-observation-v1,ack_response_context,347.250744,1,2,ACK,355,748,1675,1,18446744073709551615,0,128,133333.33333333334,33,-103,1,-103,123.16724984190499,0,8,128,-36,33,12,128,133333.33333333334,33,,,,,,
csr-ns3-feedback-observation-v1,feedback_selection,347.250744,1,2,ACK,356,749,1676,1,18446744073709551615,0,128,133333.33333333334,33,-103,1,-103,123.16724984190499,0,8,128,-36,33,12,,,,,,,,,
csr-ns3-feedback-observation-v1,ack_response_context,347.250744,1,2,ACK,356,749,1676,1,18446744073709551615,0,128,133333.33333333334,33,-103,1,-103,123.16724984190499,0,8,128,-36,33,12,128,133333.33333333334,33,,,,,,
csr-ns3-feedback-observation-v1,feedback_selection,347.250744,1,2,ACK,357,750,1677,1,18446744073709551615,0,128,133333.33333333334,33,-103,1,-103,123.16724984190499,0,8,128,-36,33,12,,,,,,,,,
csr-ns3-feedback-observation-v1,ack_response_context,347.250744,1,2,ACK,357,750,1677,1,18446744073709551615,0,128,133333.33333333334,33,-103,1,-103,123.16724984190499,0,8,128,-36,33,12,128,133333.33333333334,33,,,,,,
csr-ns3-feedback-observation-v1,ota_segment,347.26900000000001,1,3,ACK,362,744,1653,1,18446744073709551615,0,128,133333.33333333334,33,-103,1,-103,123.16724984190499,0,8,128,-36,33,12,128,133333.33333333334,33,128,133333.33333333334,33,4294967402,1,2
csr-ns3-feedback-observation-v1,ota_segment,347.26900000000001,1,2,ACK,357,750,1677,1,18446744073709551615,0,128,133333.33333333334,33,-103,1,-103,123.16724984190499,0,8,128,-36,33,12,128,133333.33333333334,33,128,133333.33333333334,33,4294967402,2,2
csr-ns3-feedback-observation-v1,feedback_selection,347.57574399999999,1,3,ACK,363,751,1684,1,18446744073709551615,0,128,133333.33333333334,33,-103,1,-103,123.16724984190499,0,8,128,-36,33,12,,,,,,,,,
csr-ns3-feedback-observation-v1,ack_response_context,347.57574399999999,1,3,ACK,363,751,1684,1,18446744073709551615,0,128,133333.33333333334,33,-103,1,-103,123.16724984190499,0,8,128,-36,33,12,128,133333.33333333334,33,,,,,,
csr-ns3-feedback-observation-v1,feedback_selection,347.57574399999999,1,3,ACK,364,752,1685,1,18446744073709551615,0,128,133333.33333333334,33,-103,1,-103,123.16724984190499,0,8,128,-36,33,12,,,,,,,,,
csr-ns3-feedback-observation-v1,ack_response_context,347.57574399999999,1,3,ACK,364,752,1685,1,18446744073709551615,0,128,133333.33333333334,33,-103,1,-103,123.16724984190499,0,8,128,-36,33,12,128,133333.33333333334,33,,,,,,
csr-ns3-feedback-observation-v1,feedback_selection,347.57574399999999,1,3,ACK,365,753,1686,1,18446744073709551615,0,128,133333.33333333334,33,-103,1,-103,123.16724984190499,0,8,128,-36,33,12,,,,,,,,,
csr-ns3-feedback-observation-v1,ack_response_context,347.57574399999999,1,3,ACK,365,753,1686,1,18446744073709551615,0,128,133333.33333333334,33,-103,1,-103,123.16724984190499,0,8,128,-36,33,12,128,133333.33333333334,33,,,,,,
csr-ns3-feedback-observation-v1,feedback_selection,347.57574399999999,1,3,ACK,366,754,1687,1,18446744073709551615,0,128,133333.33333333334,33,-103,1,-103,123.16724984190499,0,8,128,-36,33,12,,,,,,,,,
csr-ns3-feedback-observation-v1,ack_response_context,347.57574399999999,1,3,ACK,366,754,1687,1,18446744073709551615,0,128,133333.33333333334,33,-103,1,-103,123.16724984190499,0,8,128,-36,33,12,128,133333.33333333334,33,,,,,,
csr-ns3-feedback-observation-v1,feedback_selection,347.57574399999999,1,3,ACK,367,755,1688,1,18446744073709551615,0,128,133333.33333333334,33,-103,1,-103,123.16724984190499,0,8,128,-36,33,12,,,,,,,,,
csr-ns3-feedback-observation-v1,ack_response_context,347.57574399999999,1,3,ACK,367,755,1688,1,18446744073709551615,0,128,133333.33333333334,33,-103,1,-103,123.16724984190499,0,8,128,-36,33,12,128,133333.33333333334,33,,,,,,
csr-ns3-feedback-observation-v1,feedback_selection,347.57574399999999,1,3,ACK,368,756,1689,1,18446744073709551615,0,128,133333.33333333334,33,-103,1,-103,123.16724984190499,0,8,128,-36,33,12,,,,,,,,,
csr-ns3-feedback-observation-v1,ack_response_context,347.57574399999999,1,3,ACK,368,756,1689,1,18446744073709551615,0,128,133333.33333333334,33,-103,1,-103,123.16724984190499,0,8,128,-36,33,12,128,133333.33333333334,33,,,,,,
csr-ns3-feedback-observation-v1,ota_segment,347.58100000000002,1,3,ACK,368,756,1689,1,18446744073709551615,0,128,133333.33333333334,33,-103,1,-103,123.16724984190499,0,8,128,-36,33,12,128,133333.33333333334,33,128,133333.33333333334,33,4294967403,1,2
csr-ns3-feedback-observation-v1,ota_segment,347.58100000000002,1,2,ACK,357,750,1677,1,18446744073709551615,0,128,133333.33333333334,33,-103,1,-103,123.16724984190499,0,8,128,-36,33,12,128,133333.33333333334,33,128,133333.33333333334,33,4294967403,2,2
csr-ns3-feedback-observation-v1,feedback_selection,347.86174399999999,1,3,ACK,369,757,1696,1,18446744073709551615,0,128,133333.33333333334,33,-103,1,-103,123.16724984190499,0,8,128,-36,33,12,,,,,,,,,
csr-ns3-feedback-observation-v1,ack_response_context,347.86174399999999,1,3,ACK,369,757,1696,1,18446744073709551615,0,128,133333.33333333334,33,-103,1,-103,123.16724984190499,0,8,128,-36,33,12,128,133333.33333333334,33,,,,,,
csr-ns3-feedback-observation-v1,feedback_selection,347.86174399999999,1,3,ACK,370,758,1697,1,18446744073709551615,0,128,133333.33333333334,33,-103,1,-103,123.16724984190499,0,8,128,-36,33,12,,,,,,,,,
csr-ns3-feedback-observation-v1,ack_response_context,347.86174399999999,1,3,ACK,370,758,1697,1,18446744073709551615,0,128,133333.33333333334,33,-103,1,-103,123.16724984190499,0,8,128,-36,33,12,128,133333.33333333334,33,,,,,,
csr-ns3-feedback-observation-v1,feedback_selection,347.86174399999999,1,3,ACK,371,759,1698,1,18446744073709551615,0,128,133333.33333333334,33,-103,1,-103,123.16724984190499,0,8,128,-36,33,12,,,,,,,,,
csr-ns3-feedback-observation-v1,ack_response_context,347.86174399999999,1,3,ACK,371,759,1698,1,18446744073709551615,0,128,133333.33333333334,33,-103,1,-103,123.16724984190499,0,8,128,-36,33,12,128,133333.33333333334,33,,,,,,
csr-ns3-feedback-observation-v1,feedback_selection,347.86174399999999,1,3,ACK,372,760,1699,1,18446744073709551615,0,128,133333.33333333334,33,-103,1,-103,123.16724984190499,0,8,128,-36,33,12,,,,,,,,,
csr-ns3-feedback-observation-v1,ack_response_context,347.86174399999999,1,3,ACK,372,760,1699,1,18446744073709551615,0,128,133333.33333333334,33,-103,1,-103,123.16724984190499,0,8,128,-36,33,12,128,133333.33333333334,33,,,,,,
csr-ns3-feedback-observation-v1,feedback_selection,347.86174399999999,1,3,ACK,373,761,1700,1,18446744073709551615,0,128,133333.33333333334,33,-103,1,-103,123.16724984190499,0,8,128,-36,33,12,,,,,,,,,
csr-ns3-feedback-observation-v1,ack_response_context,347.86174399999999,1,3,ACK,373,761,1700,1,18446744073709551615,0,128,133333.33333333334,33,-103,1,-103,123.16724984190499,0,8,128,-36,33,12,128,133333.33333333334,33,,,,,,
csr-ns3-feedback-observation-v1,feedback_selection,347.86174399999999,1,3,ACK,374,762,1701,1,18446744073709551615,0,128,133333.33333333334,33,-103,1,-103,123.16724984190499,0,8,128,-36,33,12,,,,,,,,,
csr-ns3-feedback-observation-v1,ack_response_context,347.86174399999999,1,3,ACK,374,762,1701,1,18446744073709551615,0,128,133333.33333333334,33,-103,1,-103,123.16724984190499,0,8,128,-36,33,12,128,133333.33333333334,33,,,,,,
csr-ns3-feedback-observation-v1,feedback_selection,348.19974400000001,1,3,ACK,375,763,1702,1,18446744073709551615,0,128,133333.33333333334,33,-103,1,-103,123.16724984190499,0,8,128,-36,33,12,,,,,,,,,
csr-ns3-feedback-observation-v1,ack_response_context,348.19974400000001,1,3,ACK,375,763,1702,1,18446744073709551615,0,128,133333.33333333334,33,-103,1,-103,123.16724984190499,0,8,128,-36,33,12,128,133333.33333333334,33,,,,,,
csr-ns3-feedback-observation-v1,feedback_selection,348.19974400000001,1,3,ACK,376,764,1703,1,18446744073709551615,0,128,133333.33333333334,33,-103,1,-103,123.16724984190499,0,8,128,-36,33,12,,,,,,,,,
csr-ns3-feedback-observation-v1,ack_response_context,348.19974400000001,1,3,ACK,376,764,1703,1,18446744073709551615,0,128,133333.33333333334,33,-103,1,-103,123.16724984190499,0,8,128,-36,33,12,128,133333.33333333334,33,,,,,,
csr-ns3-feedback-observation-v1,feedback_selection,348.19974400000001,1,3,ACK,377,765,1704,1,18446744073709551615,0,128,133333.33333333334,33,-103,1,-103,123.16724984190499,0,8,128,-36,33,12,,,,,,,,,
csr-ns3-feedback-observation-v1,ack_response_context,348.19974400000001,1,3,ACK,377,765,1704,1,18446744073709551615,0,128,133333.33333333334,33,-103,1,-103,123.16724984190499,0,8,128,-36,33,12,128,133333.33333333334,33,,,,,,
csr-ns3-feedback-observation-v1,feedback_selection,348.19974400000001,1,3,ACK,378,766,1705,1,18446744073709551615,0,128,133333.33333333334,33,-103,1,-103,123.16724984190499,0,8,128,-36,33,12,,,,,,,,,
csr-ns3-feedback-observation-v1,ack_response_context,348.19974400000001,1,3,ACK,378,766,1705,1,18446744073709551615,0,128,133333.33333333334,33,-103,1,-103,123.16724984190499,0,8,128,-36,33,12,128,133333.33333333334,33,,,,,,
csr-ns3-feedback-observation-v1,feedback_selection,348.19974400000001,1,3,ACK,379,767,1706,1,18446744073709551615,0,128,133333.33333333334,33,-103,1,-103,123.16724984190499,0,8,128,-36,33,12,,,,,,,,,
csr-ns3-feedback-observation-v1,ack_response_context,348.19974400000001,1,3,ACK,379,767,1706,1,18446744073709551615,0,128,133333.33333333334,33,-103,1,-103,123.16724984190499,0,8,128,-36,33,12,128,133333.33333333334,33,,,,,,
csr-ns3-feedback-observation-v1,feedback_selection,348.19974400000001,1,3,ACK,380,768,1707,1,18446744073709551615,0,128,133333.33333333334,33,-103,1,-103,123.16724984190499,0,8,128,-36,33,12,,,,,,,,,
csr-ns3-feedback-observation-v1,ack_response_context,348.19974400000001,1,3,ACK,380,768,1707,1,18446744073709551615,0,128,133333.33333333334,33,-103,1,-103,123.16724984190499,0,8,128,-36,33,12,128,133333.33333333334,33,,,,,,
csr-ns3-feedback-observation-v1,feedback_selection,348.42470400000002,1,3,ACK,381,769,1708,1,18446744073709551615,0,128,133333.33333333334,33,-103,1,-103,123.16724984190499,0,8,128,-36,33,12,,,,,,,,,
csr-ns3-feedback-observation-v1,ack_response_context,348.42470400000002,1,3,ACK,381,769,1708,1,18446744073709551615,0,128,133333.33333333334,33,-103,1,-103,123.16724984190499,0,8,128,-36,33,12,128,133333.33333333334,33,,,,,,
csr-ns3-feedback-observation-v1,feedback_selection,348.42470400000002,1,3,ACK,382,770,1709,1,18446744073709551615,0,128,133333.33333333334,33,-103,1,-103,123.16724984190499,0,8,128,-36,33,12,,,,,,,,,
csr-ns3-feedback-observation-v1,ack_response_context,348.42470400000002,1,3,ACK,382,770,1709,1,18446744073709551615,0,128,133333.33333333334,33,-103,1,-103,123.16724984190499,0,8,128,-36,33,12,128,133333.33333333334,33,,,,,,
csr-ns3-feedback-observation-v1,feedback_selection,348.42470400000002,1,3,ACK,383,771,1710,1,18446744073709551615,0,128,133333.33333333334,33,-103,1,-103,123.16724984190499,0,8,128,-36,33,12,,,,,,,,,
csr-ns3-feedback-observation-v1,ack_response_context,348.42470400000002,1,3,ACK,383,771,1710,1,18446744073709551615,0,128,133333.33333333334,33,-103,1,-103,123.16724984190499,0,8,128,-36,33,12,128,133333.33333333334,33,,,,,,
csr-ns3-feedback-observation-v1,feedback_selection,348.42470400000002,1,3,ACK,384,772,1711,1,18446744073709551615,0,128,133333.33333333334,33,-103,1,-103,123.16724984190499,0,8,128,-36,33,12,,,,,,,,,
csr-ns3-feedback-observation-v1,ack_response_context,348.42470400000002,1,3,ACK,384,772,1711,1,18446744073709551615,0,128,133333.33333333334,33,-103,1,-103,123.16724984190499,0,8,128,-36,33,12,128,133333.33333333334,33,,,,,,
csr-ns3-feedback-observation-v1,ota_segment,348.47800000000001,1,3,ACK,384,772,1711,1,18446744073709551615,0,128,133333.33333333334,33,-103,1,-103,123.16724984190499,0,8,128,-36,33,12,128,133333.33333333334,33,128,133333.33333333334,33,4294967404,1,2
csr-ns3-feedback-observation-v1,ota_segment,348.47800000000001,1,2,ACK,357,750,1677,1,18446744073709551615,0,128,133333.33333333334,33,-103,1,-103,123.16724984190499,0,8,128,-36,33,12,128,133333.33333333334,33,128,133333.33333333334,33,4294967404,2,2
csr-ns3-feedback-observation-v1,feedback_selection,348.77174400000001,1,2,ACK,358,773,1728,1,18446744073709551615,0,128,133333.33333333334,33,-103,1,-103,123.16724984190499,0,8,128,-36,33,12,,,,,,,,,
csr-ns3-feedback-observation-v1,ack_response_context,348.77174400000001,1,2,ACK,358,773,1728,1,18446744073709551615,0,128,133333.33333333334,33,-103,1,-103,123.16724984190499,0,8,128,-36,33,12,128,133333.33333333334,33,,,,,,
csr-ns3-feedback-observation-v1,feedback_selection,348.77174400000001,1,2,ACK,359,774,1729,1,18446744073709551615,0,128,133333.33333333334,33,-103,1,-103,123.16724984190499,0,8,128,-36,33,12,,,,,,,,,
csr-ns3-feedback-observation-v1,ack_response_context,348.77174400000001,1,2,ACK,359,774,1729,1,18446744073709551615,0,128,133333.33333333334,33,-103,1,-103,123.16724984190499,0,8,128,-36,33,12,128,133333.33333333334,33,,,,,,
csr-ns3-feedback-observation-v1,feedback_selection,348.77174400000001,1,2,ACK,360,775,1730,1,18446744073709551615,0,128,133333.33333333334,33,-103,1,-103,123.16724984190499,0,8,128,-36,33,12,,,,,,,,,
csr-ns3-feedback-observation-v1,ack_response_context,348.77174400000001,1,2,ACK,360,775,1730,1,18446744073709551615,0,128,133333.33333333334,33,-103,1,-103,123.16724984190499,0,8,128,-36,33,12,128,133333.33333333334,33,,,,,,
csr-ns3-feedback-observation-v1,feedback_selection,348.77174400000001,1,2,ACK,361,776,1731,1,18446744073709551615,0,128,133333.33333333334,33,-103,1,-103,123.16724984190499,0,8,128,-36,33,12,,,,,,,,,
csr-ns3-feedback-observation-v1,ack_response_context,348.77174400000001,1,2,ACK,361,776,1731,1,18446744073709551615,0,128,133333.33333333334,33,-103,1,-103,123.16724984190499,0,8,128,-36,33,12,128,133333.33333333334,33,,,,,,
csr-ns3-feedback-observation-v1,feedback_selection,348.77174400000001,1,2,ACK,362,777,1732,1,18446744073709551615,0,128,133333.33333333334,33,-103,1,-103,123.16724984190499,0,8,128,-36,33,12,,,,,,,,,
csr-ns3-feedback-observation-v1,ack_response_context,348.77174400000001,1,2,ACK,362,777,1732,1,18446744073709551615,0,128,133333.33333333334,33,-103,1,-103,123.16724984190499,0,8,128,-36,33,12,128,133333.33333333334,33,,,,,,
csr-ns3-feedback-observation-v1,feedback_selection,348.77174400000001,1,2,ACK,363,778,1733,1,18446744073709551615,0,128,133333.33333333334,33,-103,1,-103,123.16724984190499,0,8,128,-36,33,12,,,,,,,,,
csr-ns3-feedback-observation-v1,ack_response_context,348.77174400000001,1,2,ACK,363,778,1733,1,18446744073709551615,0,128,133333.33333333334,33,-103,1,-103,123.16724984190499,0,8,128,-36,33,12,128,133333.33333333334,33,,,,,,
csr-ns3-feedback-observation-v1,feedback_selection,349.031744,1,3,ACK,385,779,1734,1,18446744073709551615,0,128,133333.33333333334,33,-103,1,-103,123.16724984190499,0,8,128,-36,33,12,,,,,,,,,
csr-ns3-feedback-observation-v1,ack_response_context,349.031744,1,3,ACK,385,779,1734,1,18446744073709551615,0,128,133333.33333333334,33,-103,1,-103,123.16724984190499,0,8,128,-36,33,12,128,133333.33333333334,33,,,,,,
csr-ns3-feedback-observation-v1,feedback_selection,349.031744,1,3,ACK,386,780,1735,1,18446744073709551615,0,128,133333.33333333334,33,-103,1,-103,123.16724984190499,0,8,128,-36,33,12,,,,,,,,,
csr-ns3-feedback-observation-v1,ack_response_context,349.031744,1,3,ACK,386,780,1735,1,18446744073709551615,0,128,133333.33333333334,33,-103,1,-103,123.16724984190499,0,8,128,-36,33,12,128,133333.33333333334,33,,,,,,
csr-ns3-feedback-observation-v1,feedback_selection,349.031744,1,3,ACK,387,781,1736,1,18446744073709551615,0,128,133333.33333333334,33,-103,1,-103,123.16724984190499,0,8,128,-36,33,12,,,,,,,,,
csr-ns3-feedback-observation-v1,ack_response_context,349.031744,1,3,ACK,387,781,1736,1,18446744073709551615,0,128,133333.33333333334,33,-103,1,-103,123.16724984190499,0,8,128,-36,33,12,128,133333.33333333334,33,,,,,,
csr-ns3-feedback-observation-v1,feedback_selection,349.031744,1,3,ACK,388,782,1737,1,18446744073709551615,0,128,133333.33333333334,33,-103,1,-103,123.16724984190499,0,8,128,-36,33,12,,,,,,,,,
csr-ns3-feedback-observation-v1,ack_response_context,349.031744,1,3,ACK,388,782,1737,1,18446744073709551615,0,128,133333.33333333334,33,-103,1,-103,123.16724984190499,0,8,128,-36,33,12,128,133333.33333333334,33,,,,,,
csr-ns3-feedback-observation-v1,feedback_selection,349.031744,1,3,ACK,389,783,1738,1,18446744073709551615,0,128,133333.33333333334,33,-103,1,-103,123.16724984190499,0,8,128,-36,33,12,,,,,,,,,
csr-ns3-feedback-observation-v1,ack_response_context,349.031744,1,3,ACK,389,783,1738,1,18446744073709551615,0,128,133333.33333333334,33,-103,1,-103,123.16724984190499,0,8,128,-36,33,12,128,133333.33333333334,33,,,,,,
csr-ns3-feedback-observation-v1,feedback_selection,349.031744,1,3,ACK,390,784,1739,1,18446744073709551615,0,128,133333.33333333334,33,-103,1,-103,123.16724984190499,0,8,128,-36,33,12,,,,,,,,,
csr-ns3-feedback-observation-v1,ack_response_context,349.031744,1,3,ACK,390,784,1739,1,18446744073709551615,0,128,133333.33333333334,33,-103,1,-103,123.16724984190499,0,8,128,-36,33,12,128,133333.33333333334,33,,,,,,
csr-ns3-feedback-observation-v1,feedback_selection,349.27874400000002,1,3,ACK,391,785,1740,1,18446744073709551615,0,128,133333.33333333334,33,-103,1,-103,123.16724984190499,0,8,128,-36,33,12,,,,,,,,,
csr-ns3-feedback-observation-v1,ack_response_context,349.27874400000002,1,3,ACK,391,785,1740,1,18446744073709551615,0,128,133333.33333333334,33,-103,1,-103,123.16724984190499,0,8,128,-36,33,12,128,133333.33333333334,33,,,,,,
csr-ns3-feedback-observation-v1,feedback_selection,349.27874400000002,1,3,ACK,392,786,1741,1,18446744073709551615,0,128,133333.33333333334,33,-103,1,-103,123.16724984190499,0,8,128,-36,33,12,,,,,,,,,
csr-ns3-feedback-observation-v1,ack_response_context,349.27874400000002,1,3,ACK,392,786,1741,1,18446744073709551615,0,128,133333.33333333334,33,-103,1,-103,123.16724984190499,0,8,128,-36,33,12,128,133333.33333333334,33,,,,,,
csr-ns3-feedback-observation-v1,feedback_selection,349.27874400000002,1,3,ACK,393,787,1742,1,18446744073709551615,0,128,133333.33333333334,33,-103,1,-103,123.16724984190499,0,8,128,-36,33,12,,,,,,,,,
csr-ns3-feedback-observation-v1,ack_response_context,349.27874400000002,1,3,ACK,393,787,1742,1,18446744073709551615,0,128,133333.33333333334,33,-103,1,-103,123.16724984190499,0,8,128,-36,33,12,128,133333.33333333334,33,,,,,,
csr-ns3-feedback-observation-v1,feedback_selection,349.27874400000002,1,3,ACK,394,788,1743,1,18446744073709551615,0,128,133333.33333333334,33,-103,1,-103,123.16724984190499,0,8,128,-36,33,12,,,,,,,,,
csr-ns3-feedback-observation-v1,ack_response_context,349.27874400000002,1,3,ACK,394,788,1743,1,18446744073709551615,0,128,133333.33333333334,33,-103,1,-103,123.16724984190499,0,8,128,-36,33,12,128,133333.33333333334,33,,,,,,
csr-ns3-feedback-observation-v1,feedback_selection,349.27874400000002,1,3,ACK,395,789,1744,1,18446744073709551615,0,128,133333.33333333334,33,-103,1,-103,123.16724984190499,0,8,128,-36,33,12,,,,,,,,,
csr-ns3-feedback-observation-v1,ack_response_context,349.27874400000002,1,3,ACK,395,789,1744,1,18446744073709551615,0,128,133333.33333333334,33,-103,1,-103,123.16724984190499,0,8,128,-36,33,12,128,133333.33333333334,33,,,,,,
csr-ns3-feedback-observation-v1,feedback_selection,349.27874400000002,1,3,ACK,396,790,1745,1,18446744073709551615,0,128,133333.33333333334,33,-103,1,-103,123.16724984190499,0,8,128,-36,33,12,,,,,,,,,
csr-ns3-feedback-observation-v1,ack_response_context,349.27874400000002,1,3,ACK,396,790,1745,1,18446744073709551615,0,128,133333.33333333334,33,-103,1,-103,123.16724984190499,0,8,128,-36,33,12,128,133333.33333333334,33,,,,,,
csr-ns3-feedback-observation-v1,ota_segment,349.34899999999999,1,3,ACK,396,790,1745,1,18446744073709551615,0,128,133333.33333333334,33,-103,1,-103,123.16724984190499,0,8,128,-36,33,12,128,133333.33333333334,33,128,133333.33333333334,33,4294967405,1,2
csr-ns3-feedback-observation-v1,ota_segment,349.34899999999999,1,2,ACK,363,778,1733,1,18446744073709551615,0,128,133333.33333333334,33,-103,1,-103,123.16724984190499,0,8,128,-36,33,12,128,133333.33333333334,33,128,133333.33333333334,33,4294967405,2,2
csr-ns3-feedback-observation-v1,feedback_selection,349.62974400000002,1,3,ACK,397,791,1764,1,18446744073709551615,0,128,133333.33333333334,33,-103,1,-103,123.16724984190499,0,8,128,-36,33,12,,,,,,,,,
csr-ns3-feedback-observation-v1,ack_response_context,349.62974400000002,1,3,ACK,397,791,1764,1,18446744073709551615,0,128,133333.33333333334,33,-103,1,-103,123.16724984190499,0,8,128,-36,33,12,128,133333.33333333334,33,,,,,,
csr-ns3-feedback-observation-v1,feedback_selection,349.62974400000002,1,3,ACK,398,792,1765,1,18446744073709551615,0,128,133333.33333333334,33,-103,1,-103,123.16724984190499,0,8,128,-36,33,12,,,,,,,,,
csr-ns3-feedback-observation-v1,ack_response_context,349.62974400000002,1,3,ACK,398,792,1765,1,18446744073709551615,0,128,133333.33333333334,33,-103,1,-103,123.16724984190499,0,8,128,-36,33,12,128,133333.33333333334,33,,,,,,
csr-ns3-feedback-observation-v1,feedback_selection,349.62974400000002,1,3,ACK,399,793,1766,1,18446744073709551615,0,128,133333.33333333334,33,-103,1,-103,123.16724984190499,0,8,128,-36,33,12,,,,,,,,,
csr-ns3-feedback-observation-v1,ack_response_context,349.62974400000002,1,3,ACK,399,793,1766,1,18446744073709551615,0,128,133333.33333333334,33,-103,1,-103,123.16724984190499,0,8,128,-36,33,12,128,133333.33333333334,33,,,,,,
csr-ns3-feedback-observation-v1,feedback_selection,349.62974400000002,1,3,ACK,400,794,1767,1,18446744073709551615,0,128,133333.33333333334,33,-103,1,-103,123.16724984190499,0,8,128,-36,33,12,,,,,,,,,
csr-ns3-feedback-observation-v1,ack_response_context,349.62974400000002,1,3,ACK,400,794,1767,1,18446744073709551615,0,128,133333.33333333334,33,-103,1,-103,123.16724984190499,0,8,128,-36,33,12,128,133333.33333333334,33,,,,,,
csr-ns3-feedback-observation-v1,feedback_selection,349.62974400000002,1,3,ACK,401,795,1768,1,18446744073709551615,0,128,133333.33333333334,33,-103,1,-103,123.16724984190499,0,8,128,-36,33,12,,,,,,,,,
csr-ns3-feedback-observation-v1,ack_response_context,349.62974400000002,1,3,ACK,401,795,1768,1,18446744073709551615,0,128,133333.33333333334,33,-103,1,-103,123.16724984190499,0,8,128,-36,33,12,128,133333.33333333334,33,,,,,,
csr-ns3-feedback-observation-v1,feedback_selection,349.62974400000002,1,3,ACK,402,796,1769,1,18446744073709551615,0,128,133333.33333333334,33,-103,1,-103,123.16724984190499,0,8,128,-36,33,12,,,,,,,,,
csr-ns3-feedback-observation-v1,ack_response_context,349.62974400000002,1,3,ACK,402,796,1769,1,18446744073709551615,0,128,133333.33333333334,33,-103,1,-103,123.16724984190499,0,8,128,-36,33,12,128,133333.33333333334,33,,,,,,
csr-ns3-feedback-observation-v1,feedback_selection,349.95474400000001,1,2,ACK,364,797,1770,1,18446744073709551615,0,128,133333.33333333334,33,-103,1,-103,123.16724984190499,0,8,128,-36,33,12,,,,,,,,,
csr-ns3-feedback-observation-v1,ack_response_context,349.95474400000001,1,2,ACK,364,797,1770,1,18446744073709551615,0,128,133333.33333333334,33,-103,1,-103,123.16724984190499,0,8,128,-36,33,12,128,133333.33333333334,33,,,,,,
csr-ns3-feedback-observation-v1,feedback_selection,349.95474400000001,1,2,ACK,365,798,1771,1,18446744073709551615,0,128,133333.33333333334,33,-103,1,-103,123.16724984190499,0,8,128,-36,33,12,,,,,,,,,
csr-ns3-feedback-observation-v1,ack_response_context,349.95474400000001,1,2,ACK,365,798,1771,1,18446744073709551615,0,128,133333.33333333334,33,-103,1,-103,123.16724984190499,0,8,128,-36,33,12,128,133333.33333333334,33,,,,,,
csr-ns3-feedback-observation-v1,feedback_selection,349.95474400000001,1,2,ACK,366,799,1772,1,18446744073709551615,0,128,133333.33333333334,33,-103,1,-103,123.16724984190499,0,8,128,-36,33,12,,,,,,,,,
csr-ns3-feedback-observation-v1,ack_response_context,349.95474400000001,1,2,ACK,366,799,1772,1,18446744073709551615,0,128,133333.33333333334,33,-103,1,-103,123.16724984190499,0,8,128,-36,33,12,128,133333.33333333334,33,,,,,,
csr-ns3-feedback-observation-v1,feedback_selection,349.95474400000001,1,2,ACK,367,800,1773,1,18446744073709551615,0,128,133333.33333333334,33,-103,1,-103,123.16724984190499,0,8,128,-36,33,12,,,,,,,,,
csr-ns3-feedback-observation-v1,ack_response_context,349.95474400000001,1,2,ACK,367,800,1773,1,18446744073709551615,0,128,133333.33333333334,33,-103,1,-103,123.16724984190499,0,8,128,-36,33,12,128,133333.33333333334,33,,,,,,
csr-ns3-feedback-observation-v1,feedback_selection,349.95474400000001,1,2,ACK,368,801,1774,1,18446744073709551615,0,128,133333.33333333334,33,-103,1,-103,123.16724984190499,0,8,128,-36,33,12,,,,,,,,,
csr-ns3-feedback-observation-v1,ack_response_context,349.95474400000001,1,2,ACK,368,801,1774,1,18446744073709551615,0,128,133333.33333333334,33,-103,1,-103,123.16724984190499,0,8,128,-36,33,12,128,133333.33333333334,33,,,,,,
csr-ns3-feedback-observation-v1,feedback_selection,349.95474400000001,1,2,ACK,369,802,1775,1,18446744073709551615,0,128,133333.33333333334,33,-103,1,-103,123.16724984190499,0,8,128,-36,33,12,,,,,,,,,
csr-ns3-feedback-observation-v1,ack_response_context,349.95474400000001,1,2,ACK,369,802,1775,1,18446744073709551615,0,128,133333.33333333334,33,-103,1,-103,123.16724984190499,0,8,128,-36,33,12,128,133333.33333333334,33,,,,,,
csr-ns3-feedback-observation-v1,ota_segment,350.15499999999997,1,3,ACK,402,796,1769,1,18446744073709551615,0,128,133333.33333333334,33,-103,1,-103,123.16724984190499,0,8,128,-36,33,12,128,133333.33333333334,33,128,133333.33333333334,33,4294967406,1,2
csr-ns3-feedback-observation-v1,ota_segment,350.15499999999997,1,2,ACK,369,802,1775,1,18446744073709551615,0,128,133333.33333333334,33,-103,1,-103,123.16724984190499,0,8,128,-36,33,12,128,133333.33333333334,33,128,133333.33333333334,33,4294967406,2,2
csr-ns3-feedback-observation-v1,feedback_selection,350.42274400000002,1,2,ACK,370,803,1788,1,18446744073709551615,0,128,133333.33333333334,33,-103,1,-103,123.16724984190499,0,8,128,-36,33,12,,,,,,,,,
csr-ns3-feedback-observation-v1,ack_response_context,350.42274400000002,1,2,ACK,370,803,1788,1,18446744073709551615,0,128,133333.33333333334,33,-103,1,-103,123.16724984190499,0,8,128,-36,33,12,128,133333.33333333334,33,,,,,,
csr-ns3-feedback-observation-v1,feedback_selection,350.42274400000002,1,2,ACK,371,804,1789,1,18446744073709551615,0,128,133333.33333333334,33,-103,1,-103,123.16724984190499,0,8,128,-36,33,12,,,,,,,,,
csr-ns3-feedback-observation-v1,ack_response_context,350.42274400000002,1,2,ACK,371,804,1789,1,18446744073709551615,0,128,133333.33333333334,33,-103,1,-103,123.16724984190499,0,8,128,-36,33,12,128,133333.33333333334,33,,,,,,
csr-ns3-feedback-observation-v1,feedback_selection,350.42274400000002,1,2,ACK,372,805,1790,1,18446744073709551615,0,128,133333.33333333334,33,-103,1,-103,123.16724984190499,0,8,128,-36,33,12,,,,,,,,,
csr-ns3-feedback-observation-v1,ack_response_context,350.42274400000002,1,2,ACK,372,805,1790,1,18446744073709551615,0,128,133333.33333333334,33,-103,1,-103,123.16724984190499,0,8,128,-36,33,12,128,133333.33333333334,33,,,,,,
csr-ns3-feedback-observation-v1,feedback_selection,350.42274400000002,1,2,ACK,373,806,1791,1,18446744073709551615,0,128,133333.33333333334,33,-103,1,-103,123.16724984190499,0,8,128,-36,33,12,,,,,,,,,
csr-ns3-feedback-observation-v1,ack_response_context,350.42274400000002,1,2,ACK,373,806,1791,1,18446744073709551615,0,128,133333.33333333334,33,-103,1,-103,123.16724984190499,0,8,128,-36,33,12,128,133333.33333333334,33,,,,,,
csr-ns3-feedback-observation-v1,feedback_selection,350.42274400000002,1,2,ACK,374,807,1792,1,18446744073709551615,0,128,133333.33333333334,33,-103,1,-103,123.16724984190499,0,8,128,-36,33,12,,,,,,,,,
csr-ns3-feedback-observation-v1,ack_response_context,350.42274400000002,1,2,ACK,374,807,1792,1,18446744073709551615,0,128,133333.33333333334,33,-103,1,-103,123.16724984190499,0,8,128,-36,33,12,128,133333.33333333334,33,,,,,,
csr-ns3-feedback-observation-v1,feedback_selection,350.42274400000002,1,2,ACK,375,808,1793,1,18446744073709551615,0,128,133333.33333333334,33,-103,1,-103,123.16724984190499,0,8,128,-36,33,12,,,,,,,,,
csr-ns3-feedback-observation-v1,ack_response_context,350.42274400000002,1,2,ACK,375,808,1793,1,18446744073709551615,0,128,133333.33333333334,33,-103,1,-103,123.16724984190499,0,8,128,-36,33,12,128,133333.33333333334,33,,,,,,
csr-ns3-feedback-observation-v1,feedback_selection,350.76074399999999,1,3,ACK,403,809,1794,1,18446744073709551615,0,128,133333.33333333334,33,-103,1,-103,123.16724984190499,0,8,128,-36,33,12,,,,,,,,,
csr-ns3-feedback-observation-v1,ack_response_context,350.76074399999999,1,3,ACK,403,809,1794,1,18446744073709551615,0,128,133333.33333333334,33,-103,1,-103,123.16724984190499,0,8,128,-36,33,12,128,133333.33333333334,33,,,,,,
csr-ns3-feedback-observation-v1,feedback_selection,350.76074399999999,1,3,ACK,404,810,1795,1,18446744073709551615,0,128,133333.33333333334,33,-103,1,-103,123.16724984190499,0,8,128,-36,33,12,,,,,,,,,
csr-ns3-feedback-observation-v1,ack_response_context,350.76074399999999,1,3,ACK,404,810,1795,1,18446744073709551615,0,128,133333.33333333334,33,-103,1,-103,123.16724984190499,0,8,128,-36,33,12,128,133333.33333333334,33,,,,,,
csr-ns3-feedback-observation-v1,feedback_selection,350.76074399999999,1,3,ACK,405,811,1796,1,18446744073709551615,0,128,133333.33333333334,33,-103,1,-103,123.16724984190499,0,8,128,-36,33,12,,,,,,,,,
csr-ns3-feedback-observation-v1,ack_response_context,350.76074399999999,1,3,ACK,405,811,1796,1,18446744073709551615,0,128,133333.33333333334,33,-103,1,-103,123.16724984190499,0,8,128,-36,33,12,128,133333.33333333334,33,,,,,,
csr-ns3-feedback-observation-v1,feedback_selection,350.76074399999999,1,3,ACK,406,812,1797,1,18446744073709551615,0,128,133333.33333333334,33,-103,1,-103,123.16724984190499,0,8,128,-36,33,12,,,,,,,,,
csr-ns3-feedback-observation-v1,ack_response_context,350.76074399999999,1,3,ACK,406,812,1797,1,18446744073709551615,0,128,133333.33333333334,33,-103,1,-103,123.16724984190499,0,8,128,-36,33,12,128,133333.33333333334,33,,,,,,
csr-ns3-feedback-observation-v1,feedback_selection,350.76074399999999,1,3,ACK,407,813,1798,1,18446744073709551615,0,128,133333.33333333334,33,-103,1,-103,123.16724984190499,0,8,128,-36,33,12,,,,,,,,,
csr-ns3-feedback-observation-v1,ack_response_context,350.76074399999999,1,3,ACK,407,813,1798,1,18446744073709551615,0,128,133333.33333333334,33,-103,1,-103,123.16724984190499,0,8,128,-36,33,12,128,133333.33333333334,33,,,,,,
csr-ns3-feedback-observation-v1,feedback_selection,350.76074399999999,1,3,ACK,408,814,1799,1,18446744073709551615,0,128,133333.33333333334,33,-103,1,-103,123.16724984190499,0,8,128,-36,33,12,,,,,,,,,
csr-ns3-feedback-observation-v1,ack_response_context,350.76074399999999,1,3,ACK,408,814,1799,1,18446744073709551615,0,128,133333.33333333334,33,-103,1,-103,123.16724984190499,0,8,128,-36,33,12,128,133333.33333333334,33,,,,,,
csr-ns3-feedback-observation-v1,feedback_selection,351.072744,1,2,ACK,376,815,1800,1,18446744073709551615,0,128,133333.33333333334,33,-103,1,-103,123.16724984190499,0,8,128,-36,33,12,,,,,,,,,
csr-ns3-feedback-observation-v1,ack_response_context,351.072744,1,2,ACK,376,815,1800,1,18446744073709551615,0,128,133333.33333333334,33,-103,1,-103,123.16724984190499,0,8,128,-36,33,12,128,133333.33333333334,33,,,,,,
csr-ns3-feedback-observation-v1,feedback_selection,351.072744,1,2,ACK,377,816,1801,1,18446744073709551615,0,128,133333.33333333334,33,-103,1,-103,123.16724984190499,0,8,128,-36,33,12,,,,,,,,,
csr-ns3-feedback-observation-v1,ack_response_context,351.072744,1,2,ACK,377,816,1801,1,18446744073709551615,0,128,133333.33333333334,33,-103,1,-103,123.16724984190499,0,8,128,-36,33,12,128,133333.33333333334,33,,,,,,
csr-ns3-feedback-observation-v1,feedback_selection,351.072744,1,2,ACK,378,817,1802,1,18446744073709551615,0,128,133333.33333333334,33,-103,1,-103,123.16724984190499,0,8,128,-36,33,12,,,,,,,,,
csr-ns3-feedback-observation-v1,ack_response_context,351.072744,1,2,ACK,378,817,1802,1,18446744073709551615,0,128,133333.33333333334,33,-103,1,-103,123.16724984190499,0,8,128,-36,33,12,128,133333.33333333334,33,,,,,,
csr-ns3-feedback-observation-v1,feedback_selection,351.072744,1,2,ACK,379,818,1803,1,18446744073709551615,0,128,133333.33333333334,33,-103,1,-103,123.16724984190499,0,8,128,-36,33,12,,,,,,,,,
csr-ns3-feedback-observation-v1,ack_response_context,351.072744,1,2,ACK,379,818,1803,1,18446744073709551615,0,128,133333.33333333334,33,-103,1,-103,123.16724984190499,0,8,128,-36,33,12,128,133333.33333333334,33,,,,,,
csr-ns3-feedback-observation-v1,feedback_selection,351.072744,1,2,ACK,380,819,1804,1,18446744073709551615,0,128,133333.33333333334,33,-103,1,-103,123.16724984190499,0,8,128,-36,33,12,,,,,,,,,
csr-ns3-feedback-observation-v1,ack_response_context,351.072744,1,2,ACK,380,819,1804,1,18446744073709551615,0,128,133333.33333333334,33,-103,1,-103,123.16724984190499,0,8,128,-36,33,12,128,133333.33333333334,33,,,,,,
csr-ns3-feedback-observation-v1,feedback_selection,351.072744,1,2,ACK,381,820,1805,1,18446744073709551615,0,128,133333.33333333334,33,-103,1,-103,123.16724984190499,0,8,128,-36,33,12,,,,,,,,,
csr-ns3-feedback-observation-v1,ack_response_context,351.072744,1,2,ACK,381,820,1805,1,18446744073709551615,0,128,133333.33333333334,33,-103,1,-103,123.16724984190499,0,8,128,-36,33,12,128,133333.33333333334,33,,,,,,
csr-ns3-feedback-observation-v1,ota_segment,351.14299999999997,1,3,ACK,408,814,1799,1,18446744073709551615,0,128,133333.33333333334,33,-103,1,-103,123.16724984190499,0,8,128,-36,33,12,128,133333.33333333334,33,128,133333.33333333334,33,4294967407,1,2
csr-ns3-feedback-observation-v1,ota_segment,351.14299999999997,1,2,ACK,381,820,1805,1,18446744073709551615,0,128,133333.33333333334,33,-103,1,-103,123.16724984190499,0,8,128,-36,33,12,128,133333.33333333334,33,128,133333.33333333334,33,4294967407,2,2
csr-ns3-feedback-observation-v1,feedback_selection,351.37372399999998,1,2,ACK,382,821,1824,1,18446744073709551615,0,128,133333.33333333334,33,-103,1,-103,123.16724984190499,0,8,128,-36,33,12,,,,,,,,,
csr-ns3-feedback-observation-v1,ack_response_context,351.37372399999998,1,2,ACK,382,821,1824,1,18446744073709551615,0,128,133333.33333333334,33,-103,1,-103,123.16724984190499,0,8,128,-36,33,12,128,133333.33333333334,33,,,,,,
csr-ns3-feedback-observation-v1,feedback_selection,351.37372399999998,1,2,ACK,383,822,1825,1,18446744073709551615,0,128,133333.33333333334,33,-103,1,-103,123.16724984190499,0,8,128,-36,33,12,,,,,,,,,
csr-ns3-feedback-observation-v1,ack_response_context,351.37372399999998,1,2,ACK,383,822,1825,1,18446744073709551615,0,128,133333.33333333334,33,-103,1,-103,123.16724984190499,0,8,128,-36,33,12,128,133333.33333333334,33,,,,,,
csr-ns3-feedback-observation-v1,feedback_selection,351.37372399999998,1,2,ACK,384,823,1826,1,18446744073709551615,0,128,133333.33333333334,33,-103,1,-103,123.16724984190499,0,8,128,-36,33,12,,,,,,,,,
csr-ns3-feedback-observation-v1,ack_response_context,351.37372399999998,1,2,ACK,384,823,1826,1,18446744073709551615,0,128,133333.33333333334,33,-103,1,-103,123.16724984190499,0,8,128,-36,33,12,128,133333.33333333334,33,,,,,,
csr-ns3-feedback-observation-v1,feedback_selection,351.37372399999998,1,2,ACK,385,824,1827,1,18446744073709551615,0,128,133333.33333333334,33,-103,1,-103,123.16724984190499,0,8,128,-36,33,12,,,,,,,,,
csr-ns3-feedback-observation-v1,ack_response_context,351.37372399999998,1,2,ACK,385,824,1827,1,18446744073709551615,0,128,133333.33333333334,33,-103,1,-103,123.16724984190499,0,8,128,-36,33,12,128,133333.33333333334,33,,,,,,
csr-ns3-feedback-observation-v1,feedback_selection,351.37372399999998,1,2,ACK,386,825,1828,1,18446744073709551615,0,128,133333.33333333334,33,-103,1,-103,123.16724984190499,0,8,128,-36,33,12,,,,,,,,,
csr-ns3-feedback-observation-v1,ack_response_context,351.37372399999998,1,2,ACK,386,825,1828,1,18446744073709551615,0,128,133333.33333333334,33,-103,1,-103,123.16724984190499,0,8,128,-36,33,12,128,133333.33333333334,33,,,,,,
csr-ns3-feedback-observation-v1,feedback_selection,351.63174400000003,1,2,ACK,387,826,1829,1,18446744073709551615,0,128,133333.33333333334,33,-103,1,-103,123.16724984190499,0,8,128,-36,33,12,,,,,,,,,
csr-ns3-feedback-observation-v1,ack_response_context,351.63174400000003,1,2,ACK,387,826,1829,1,18446744073709551615,0,128,133333.33333333334,33,-103,1,-103,123.16724984190499,0,8,128,-36,33,12,128,133333.33333333334,33,,,,,,
csr-ns3-feedback-observation-v1,feedback_selection,351.63174400000003,1,2,ACK,388,827,1830,1,18446744073709551615,0,128,133333.33333333334,33,-103,1,-103,123.16724984190499,0,8,128,-36,33,12,,,,,,,,,
csr-ns3-feedback-observation-v1,ack_response_context,351.63174400000003,1,2,ACK,388,827,1830,1,18446744073709551615,0,128,133333.33333333334,33,-103,1,-103,123.16724984190499,0,8,128,-36,33,12,128,133333.33333333334,33,,,,,,
csr-ns3-feedback-observation-v1,feedback_selection,351.63174400000003,1,2,ACK,389,828,1831,1,18446744073709551615,0,128,133333.33333333334,33,-103,1,-103,123.16724984190499,0,8,128,-36,33,12,,,,,,,,,
csr-ns3-feedback-observation-v1,ack_response_context,351.63174400000003,1,2,ACK,389,828,1831,1,18446744073709551615,0,128,133333.33333333334,33,-103,1,-103,123.16724984190499,0,8,128,-36,33,12,128,133333.33333333334,33,,,,,,
csr-ns3-feedback-observation-v1,feedback_selection,351.63174400000003,1,2,ACK,390,829,1832,1,18446744073709551615,0,128,133333.33333333334,33,-103,1,-103,123.16724984190499,0,8,128,-36,33,12,,,,,,,,,
csr-ns3-feedback-observation-v1,ack_response_context,351.63174400000003,1,2,ACK,390,829,1832,1,18446744073709551615,0,128,133333.33333333334,33,-103,1,-103,123.16724984190499,0,8,128,-36,33,12,128,133333.33333333334,33,,,,,,
csr-ns3-feedback-observation-v1,feedback_selection,351.63174400000003,1,2,ACK,391,830,1833,1,18446744073709551615,0,128,133333.33333333334,33,-103,1,-103,123.16724984190499,0,8,128,-36,33,12,,,,,,,,,
csr-ns3-feedback-observation-v1,ack_response_context,351.63174400000003,1,2,ACK,391,830,1833,1,18446744073709551615,0,128,133333.33333333334,33,-103,1,-103,123.16724984190499,0,8,128,-36,33,12,128,133333.33333333334,33,,,,,,
csr-ns3-feedback-observation-v1,feedback_selection,351.63174400000003,1,2,ACK,392,831,1834,1,18446744073709551615,0,128,133333.33333333334,33,-103,1,-103,123.16724984190499,0,8,128,-36,33,12,,,,,,,,,
csr-ns3-feedback-observation-v1,ack_response_context,351.63174400000003,1,2,ACK,392,831,1834,1,18446744073709551615,0,128,133333.33333333334,33,-103,1,-103,123.16724984190499,0,8,128,-36,33,12,128,133333.33333333334,33,,,,,,
csr-ns3-feedback-observation-v1,feedback_selection,351.87874399999998,1,3,ACK,409,832,1835,1,18446744073709551615,0,128,133333.33333333334,33,-103,1,-103,123.16724984190499,0,8,128,-36,33,12,,,,,,,,,
csr-ns3-feedback-observation-v1,ack_response_context,351.87874399999998,1,3,ACK,409,832,1835,1,18446744073709551615,0,128,133333.33333333334,33,-103,1,-103,123.16724984190499,0,8,128,-36,33,12,128,133333.33333333334,33,,,,,,
csr-ns3-feedback-observation-v1,feedback_selection,351.87874399999998,1,3,ACK,410,833,1836,1,18446744073709551615,0,128,133333.33333333334,33,-103,1,-103,123.16724984190499,0,8,128,-36,33,12,,,,,,,,,
csr-ns3-feedback-observation-v1,ack_response_context,351.87874399999998,1,3,ACK,410,833,1836,1,18446744073709551615,0,128,133333.33333333334,33,-103,1,-103,123.16724984190499,0,8,128,-36,33,12,128,133333.33333333334,33,,,,,,
csr-ns3-feedback-observation-v1,feedback_selection,351.87874399999998,1,3,ACK,411,834,1837,1,18446744073709551615,0,128,133333.33333333334,33,-103,1,-103,123.16724984190499,0,8,128,-36,33,12,,,,,,,,,
csr-ns3-feedback-observation-v1,ack_response_context,351.87874399999998,1,3,ACK,411,834,1837,1,18446744073709551615,0,128,133333.33333333334,33,-103,1,-103,123.16724984190499,0,8,128,-36,33,12,128,133333.33333333334,33,,,,,,
csr-ns3-feedback-observation-v1,feedback_selection,351.87874399999998,1,3,ACK,412,835,1838,1,18446744073709551615,0,128,133333.33333333334,33,-103,1,-103,123.16724984190499,0,8,128,-36,33,12,,,,,,,,,
csr-ns3-feedback-observation-v1,ack_response_context,351.87874399999998,1,3,ACK,412,835,1838,1,18446744073709551615,0,128,133333.33333333334,33,-103,1,-103,123.16724984190499,0,8,128,-36,33,12,128,133333.33333333334,33,,,,,,
csr-ns3-feedback-observation-v1,feedback_selection,351.87874399999998,1,3,ACK,413,836,1839,1,18446744073709551615,0,128,133333.33333333334,33,-103,1,-103,123.16724984190499,0,8,128,-36,33,12,,,,,,,,,
csr-ns3-feedback-observation-v1,ack_response_context,351.87874399999998,1,3,ACK,413,836,1839,1,18446744073709551615,0,128,133333.33333333334,33,-103,1,-103,123.16724984190499,0,8,128,-36,33,12,128,133333.33333333334,33,,,,,,
csr-ns3-feedback-observation-v1,feedback_selection,351.87874399999998,1,3,ACK,414,837,1840,1,18446744073709551615,0,128,133333.33333333334,33,-103,1,-103,123.16724984190499,0,8,128,-36,33,12,,,,,,,,,
csr-ns3-feedback-observation-v1,ack_response_context,351.87874399999998,1,3,ACK,414,837,1840,1,18446744073709551615,0,128,133333.33333333334,33,-103,1,-103,123.16724984190499,0,8,128,-36,33,12,128,133333.33333333334,33,,,,,,
csr-ns3-feedback-observation-v1,feedback_selection,352.125744,1,3,ACK,415,838,1841,1,18446744073709551615,0,128,133333.33333333334,33,-103,1,-103,123.16724984190499,0,8,128,-36,33,12,,,,,,,,,
csr-ns3-feedback-observation-v1,ack_response_context,352.125744,1,3,ACK,415,838,1841,1,18446744073709551615,0,128,133333.33333333334,33,-103,1,-103,123.16724984190499,0,8,128,-36,33,12,128,133333.33333333334,33,,,,,,
csr-ns3-feedback-observation-v1,feedback_selection,352.125744,1,3,ACK,416,839,1842,1,18446744073709551615,0,128,133333.33333333334,33,-103,1,-103,123.16724984190499,0,8,128,-36,33,12,,,,,,,,,
csr-ns3-feedback-observation-v1,ack_response_context,352.125744,1,3,ACK,416,839,1842,1,18446744073709551615,0,128,133333.33333333334,33,-103,1,-103,123.16724984190499,0,8,128,-36,33,12,128,133333.33333333334,33,,,,,,
csr-ns3-feedback-observation-v1,feedback_selection,352.125744,1,3,ACK,417,840,1843,1,18446744073709551615,0,128,133333.33333333334,33,-103,1,-103,123.16724984190499,0,8,128,-36,33,12,,,,,,,,,
csr-ns3-feedback-observation-v1,ack_response_context,352.125744,1,3,ACK,417,840,1843,1,18446744073709551615,0,128,133333.33333333334,33,-103,1,-103,123.16724984190499,0,8,128,-36,33,12,128,133333.33333333334,33,,,,,,
csr-ns3-feedback-observation-v1,feedback_selection,352.125744,1,3,ACK,418,841,1844,1,18446744073709551615,0,128,133333.33333333334,33,-103,1,-103,123.16724984190499,0,8,128,-36,33,12,,,,,,,,,
csr-ns3-feedback-observation-v1,ack_response_context,352.125744,1,3,ACK,418,841,1844,1,18446744073709551615,0,128,133333.33333333334,33,-103,1,-103,123.16724984190499,0,8,128,-36,33,12,128,133333.33333333334,33,,,,,,
csr-ns3-feedback-observation-v1,feedback_selection,352.125744,1,3,ACK,419,842,1845,1,18446744073709551615,0,128,133333.33333333334,33,-103,1,-103,123.16724984190499,0,8,128,-36,33,12,,,,,,,,,
csr-ns3-feedback-observation-v1,ack_response_context,352.125744,1,3,ACK,419,842,1845,1,18446744073709551615,0,128,133333.33333333334,33,-103,1,-103,123.16724984190499,0,8,128,-36,33,12,128,133333.33333333334,33,,,,,,
csr-ns3-feedback-observation-v1,feedback_selection,352.125744,1,3,ACK,420,843,1846,1,18446744073709551615,0,128,133333.33333333334,33,-103,1,-103,123.16724984190499,0,8,128,-36,33,12,,,,,,,,,
csr-ns3-feedback-observation-v1,ack_response_context,352.125744,1,3,ACK,420,843,1846,1,18446744073709551615,0,128,133333.33333333334,33,-103,1,-103,123.16724984190499,0,8,128,-36,33,12,128,133333.33333333334,33,,,,,,
csr-ns3-feedback-observation-v1,feedback_selection,352.413724,1,2,ACK,393,844,1847,1,18446744073709551615,0,128,133333.33333333334,33,-103,1,-103,123.16724984190499,0,8,128,-36,33,12,,,,,,,,,
csr-ns3-feedback-observation-v1,ack_response_context,352.413724,1,2,ACK,393,844,1847,1,18446744073709551615,0,128,133333.33333333334,33,-103,1,-103,123.16724984190499,0,8,128,-36,33,12,128,133333.33333333334,33,,,,,,
csr-ns3-feedback-observation-v1,feedback_selection,352.413724,1,2,ACK,394,845,1848,1,18446744073709551615,0,128,133333.33333333334,33,-103,1,-103,123.16724984190499,0,8,128,-36,33,12,,,,,,,,,
csr-ns3-feedback-observation-v1,ack_response_context,352.413724,1,2,ACK,394,845,1848,1,18446744073709551615,0,128,133333.33333333334,33,-103,1,-103,123.16724984190499,0,8,128,-36,33,12,128,133333.33333333334,33,,,,,,
csr-ns3-feedback-observation-v1,feedback_selection,352.413724,1,2,ACK,395,846,1849,1,18446744073709551615,0,128,133333.33333333334,33,-103,1,-103,123.16724984190499,0,8,128,-36,33,12,,,,,,,,,
csr-ns3-feedback-observation-v1,ack_response_context,352.413724,1,2,ACK,395,846,1849,1,18446744073709551615,0,128,133333.33333333334,33,-103,1,-103,123.16724984190499,0,8,128,-36,33,12,128,133333.33333333334,33,,,,,,
csr-ns3-feedback-observation-v1,feedback_selection,352.413724,1,2,ACK,396,847,1850,1,18446744073709551615,0,128,133333.33333333334,33,-103,1,-103,123.16724984190499,0,8,128,-36,33,12,,,,,,,,,
csr-ns3-feedback-observation-v1,ack_response_context,352.413724,1,2,ACK,396,847,1850,1,18446744073709551615,0,128,133333.33333333334,33,-103,1,-103,123.16724984190499,0,8,128,-36,33,12,128,133333.33333333334,33,,,,,,
csr-ns3-feedback-observation-v1,feedback_selection,352.413724,1,2,ACK,397,848,1851,1,18446744073709551615,0,128,133333.33333333334,33,-103,1,-103,123.16724984190499,0,8,128,-36,33,12,,,,,,,,,
csr-ns3-feedback-observation-v1,ack_response_context,352.413724,1,2,ACK,397,848,1851,1,18446744073709551615,0,128,133333.33333333334,33,-103,1,-103,123.16724984190499,0,8,128,-36,33,12,128,133333.33333333334,33,,,,,,
csr-ns3-feedback-observation-v1,feedback_selection,352.71470399999998,1,3,ACK,421,849,1852,1,18446744073709551615,0,128,133333.33333333334,33,-103,1,-103,123.16724984190499,0,8,128,-36,33,12,,,,,,,,,
csr-ns3-feedback-observation-v1,ack_response_context,352.71470399999998,1,3,ACK,421,849,1852,1,18446744073709551615,0,128,133333.33333333334,33,-103,1,-103,123.16724984190499,0,8,128,-36,33,12,128,133333.33333333334,33,,,,,,
csr-ns3-feedback-observation-v1,feedback_selection,352.71470399999998,1,3,ACK,422,850,1853,1,18446744073709551615,0,128,133333.33333333334,33,-103,1,-103,123.16724984190499,0,8,128,-36,33,12,,,,,,,,,
csr-ns3-feedback-observation-v1,ack_response_context,352.71470399999998,1,3,ACK,422,850,1853,1,18446744073709551615,0,128,133333.33333333334,33,-103,1,-103,123.16724984190499,0,8,128,-36,33,12,128,133333.33333333334,33,,,,,,
csr-ns3-feedback-observation-v1,feedback_selection,352.71470399999998,1,3,ACK,423,851,1854,1,18446744073709551615,0,128,133333.33333333334,33,-103,1,-103,123.16724984190499,0,8,128,-36,33,12,,,,,,,,,
csr-ns3-feedback-observation-v1,ack_response_context,352.71470399999998,1,3,ACK,423,851,1854,1,18446744073709551615,0,128,133333.33333333334,33,-103,1,-103,123.16724984190499,0,8,128,-36,33,12,128,133333.33333333334,33,,,,,,
csr-ns3-feedback-observation-v1,feedback_selection,352.71470399999998,1,3,ACK,424,852,1855,1,18446744073709551615,0,128,133333.33333333334,33,-103,1,-103,123.16724984190499,0,8,128,-36,33,12,,,,,,,,,
csr-ns3-feedback-observation-v1,ack_response_context,352.71470399999998,1,3,ACK,424,852,1855,1,18446744073709551615,0,128,133333.33333333334,33,-103,1,-103,123.16724984190499,0,8,128,-36,33,12,128,133333.33333333334,33,,,,,,
csr-ns3-feedback-observation-v1,ota_segment,352.81999999999999,1,3,ACK,424,852,1855,1,18446744073709551615,0,128,133333.33333333334,33,-103,1,-103,123.16724984190499,0,8,128,-36,33,12,128,133333.33333333334,33,128,133333.33333333334,33,4294967408,1,2
csr-ns3-feedback-observation-v1,ota_segment,352.81999999999999,1,2,ACK,397,848,1851,1,18446744073709551615,0,128,133333.33333333334,33,-103,1,-103,123.16724984190499,0,8,128,-36,33,12,128,133333.33333333334,33,128,133333.33333333334,33,4294967408,2,2
csr-ns3-feedback-observation-v1,feedback_selection,353.12674399999997,1,2,ACK,398,853,1888,1,18446744073709551615,0,128,133333.33333333334,33,-103,1,-103,123.16724984190499,0,8,128,-36,33,12,,,,,,,,,
csr-ns3-feedback-observation-v1,ack_response_context,353.12674399999997,1,2,ACK,398,853,1888,1,18446744073709551615,0,128,133333.33333333334,33,-103,1,-103,123.16724984190499,0,8,128,-36,33,12,128,133333.33333333334,33,,,,,,
csr-ns3-feedback-observation-v1,feedback_selection,353.12674399999997,1,2,ACK,399,854,1889,1,18446744073709551615,0,128,133333.33333333334,33,-103,1,-103,123.16724984190499,0,8,128,-36,33,12,,,,,,,,,
csr-ns3-feedback-observation-v1,ack_response_context,353.12674399999997,1,2,ACK,399,854,1889,1,18446744073709551615,0,128,133333.33333333334,33,-103,1,-103,123.16724984190499,0,8,128,-36,33,12,128,133333.33333333334,33,,,,,,
csr-ns3-feedback-observation-v1,feedback_selection,353.12674399999997,1,2,ACK,400,855,1890,1,18446744073709551615,0,128,133333.33333333334,33,-103,1,-103,123.16724984190499,0,8,128,-36,33,12,,,,,,,,,
csr-ns3-feedback-observation-v1,ack_response_context,353.12674399999997,1,2,ACK,400,855,1890,1,18446744073709551615,0,128,133333.33333333334,33,-103,1,-103,123.16724984190499,0,8,128,-36,33,12,128,133333.33333333334,33,,,,,,
csr-ns3-feedback-observation-v1,feedback_selection,353.12674399999997,1,2,ACK,401,856,1891,1,18446744073709551615,0,128,133333.33333333334,33,-103,1,-103,123.16724984190499,0,8,128,-36,33,12,,,,,,,,,
csr-ns3-feedback-observation-v1,ack_response_context,353.12674399999997,1,2,ACK,401,856,1891,1,18446744073709551615,0,128,133333.33333333334,33,-103,1,-103,123.16724984190499,0,8,128,-36,33,12,128,133333.33333333334,33,,,,,,
csr-ns3-feedback-observation-v1,feedback_selection,353.12674399999997,1,2,ACK,402,857,1892,1,18446744073709551615,0,128,133333.33333333334,33,-103,1,-103,123.16724984190499,0,8,128,-36,33,12,,,,,,,,,
csr-ns3-feedback-observation-v1,ack_response_context,353.12674399999997,1,2,ACK,402,857,1892,1,18446744073709551615,0,128,133333.33333333334,33,-103,1,-103,123.16724984190499,0,8,128,-36,33,12,128,133333.33333333334,33,,,,,,
csr-ns3-feedback-observation-v1,feedback_selection,353.12674399999997,1,2,ACK,403,858,1893,1,18446744073709551615,0,128,133333.33333333334,33,-103,1,-103,123.16724984190499,0,8,128,-36,33,12,,,,,,,,,
csr-ns3-feedback-observation-v1,ack_response_context,353.12674399999997,1,2,ACK,403,858,1893,1,18446744073709551615,0,128,133333.33333333334,33,-103,1,-103,123.16724984190499,0,8,128,-36,33,12,128,133333.33333333334,33,,,,,,
csr-ns3-feedback-observation-v1,ota_segment,353.14499999999998,1,3,ACK,424,852,1855,1,18446744073709551615,0,128,133333.33333333334,33,-103,1,-103,123.16724984190499,0,8,128,-36,33,12,128,133333.33333333334,33,128,133333.33333333334,33,4294967409,1,2
csr-ns3-feedback-observation-v1,ota_segment,353.14499999999998,1,2,ACK,403,858,1893,1,18446744073709551615,0,128,133333.33333333334,33,-103,1,-103,123.16724984190499,0,8,128,-36,33,12,128,133333.33333333334,33,128,133333.33333333334,33,4294967409,2,2
csr-ns3-feedback-observation-v1,feedback_selection,353.45174400000002,1,2,ACK,404,859,1900,1,18446744073709551615,0,128,133333.33333333334,33,-103,1,-103,123.16724984190499,0,8,128,-36,33,12,,,,,,,,,
csr-ns3-feedback-observation-v1,ack_response_context,353.45174400000002,1,2,ACK,404,859,1900,1,18446744073709551615,0,128,133333.33333333334,33,-103,1,-103,123.16724984190499,0,8,128,-36,33,12,128,133333.33333333334,33,,,,,,
csr-ns3-feedback-observation-v1,feedback_selection,353.45174400000002,1,2,ACK,405,860,1901,1,18446744073709551615,0,128,133333.33333333334,33,-103,1,-103,123.16724984190499,0,8,128,-36,33,12,,,,,,,,,
csr-ns3-feedback-observation-v1,ack_response_context,353.45174400000002,1,2,ACK,405,860,1901,1,18446744073709551615,0,128,133333.33333333334,33,-103,1,-103,123.16724984190499,0,8,128,-36,33,12,128,133333.33333333334,33,,,,,,
csr-ns3-feedback-observation-v1,feedback_selection,353.45174400000002,1,2,ACK,406,861,1902,1,18446744073709551615,0,128,133333.33333333334,33,-103,1,-103,123.16724984190499,0,8,128,-36,33,12,,,,,,,,,
csr-ns3-feedback-observation-v1,ack_response_context,353.45174400000002,1,2,ACK,406,861,1902,1,18446744073709551615,0,128,133333.33333333334,33,-103,1,-103,123.16724984190499,0,8,128,-36,33,12,128,133333.33333333334,33,,,,,,
csr-ns3-feedback-observation-v1,feedback_selection,353.45174400000002,1,2,ACK,407,862,1903,1,18446744073709551615,0,128,133333.33333333334,33,-103,1,-103,123.16724984190499,0,8,128,-36,33,12,,,,,,,,,
csr-ns3-feedback-observation-v1,ack_response_context,353.45174400000002,1,2,ACK,407,862,1903,1,18446744073709551615,0,128,133333.33333333334,33,-103,1,-103,123.16724984190499,0,8,128,-36,33,12,128,133333.33333333334,33,,,,,,
csr-ns3-feedback-observation-v1,feedback_selection,353.45174400000002,1,2,ACK,408,863,1904,1,18446744073709551615,0,128,133333.33333333334,33,-103,1,-103,123.16724984190499,0,8,128,-36,33,12,,,,,,,,,
csr-ns3-feedback-observation-v1,ack_response_context,353.45174400000002,1,2,ACK,408,863,1904,1,18446744073709551615,0,128,133333.33333333334,33,-103,1,-103,123.16724984190499,0,8,128,-36,33,12,128,133333.33333333334,33,,,,,,
csr-ns3-feedback-observation-v1,feedback_selection,353.45174400000002,1,2,ACK,409,864,1905,1,18446744073709551615,0,128,133333.33333333334,33,-103,1,-103,123.16724984190499,0,8,128,-36,33,12,,,,,,,,,
csr-ns3-feedback-observation-v1,ack_response_context,353.45174400000002,1,2,ACK,409,864,1905,1,18446744073709551615,0,128,133333.33333333334,33,-103,1,-103,123.16724984190499,0,8,128,-36,33,12,128,133333.33333333334,33,,,,,,
csr-ns3-feedback-observation-v1,feedback_selection,353.750744,1,2,ACK,410,865,1906,1,18446744073709551615,0,128,133333.33333333334,33,-103,1,-103,123.16724984190499,0,8,128,-36,33,12,,,,,,,,,
csr-ns3-feedback-observation-v1,ack_response_context,353.750744,1,2,ACK,410,865,1906,1,18446744073709551615,0,128,133333.33333333334,33,-103,1,-103,123.16724984190499,0,8,128,-36,33,12,128,133333.33333333334,33,,,,,,
csr-ns3-feedback-observation-v1,feedback_selection,353.750744,1,2,ACK,411,866,1907,1,18446744073709551615,0,128,133333.33333333334,33,-103,1,-103,123.16724984190499,0,8,128,-36,33,12,,,,,,,,,
csr-ns3-feedback-observation-v1,ack_response_context,353.750744,1,2,ACK,411,866,1907,1,18446744073709551615,0,128,133333.33333333334,33,-103,1,-103,123.16724984190499,0,8,128,-36,33,12,128,133333.33333333334,33,,,,,,
csr-ns3-feedback-observation-v1,feedback_selection,353.750744,1,2,ACK,412,867,1908,1,18446744073709551615,0,128,133333.33333333334,33,-103,1,-103,123.16724984190499,0,8,128,-36,33,12,,,,,,,,,
csr-ns3-feedback-observation-v1,ack_response_context,353.750744,1,2,ACK,412,867,1908,1,18446744073709551615,0,128,133333.33333333334,33,-103,1,-103,123.16724984190499,0,8,128,-36,33,12,128,133333.33333333334,33,,,,,,
csr-ns3-feedback-observation-v1,feedback_selection,353.750744,1,2,ACK,413,868,1909,1,18446744073709551615,0,128,133333.33333333334,33,-103,1,-103,123.16724984190499,0,8,128,-36,33,12,,,,,,,,,
csr-ns3-feedback-observation-v1,ack_response_context,353.750744,1,2,ACK,413,868,1909,1,18446744073709551615,0,128,133333.33333333334,33,-103,1,-103,123.16724984190499,0,8,128,-36,33,12,128,133333.33333333334,33,,,,,,
csr-ns3-feedback-observation-v1,feedback_selection,353.750744,1,2,ACK,414,869,1910,1,18446744073709551615,0,128,133333.33333333334,33,-103,1,-103,123.16724984190499,0,8,128,-36,33,12,,,,,,,,,
csr-ns3-feedback-observation-v1,ack_response_context,353.750744,1,2,ACK,414,869,1910,1,18446744073709551615,0,128,133333.33333333334,33,-103,1,-103,123.16724984190499,0,8,128,-36,33,12,128,133333.33333333334,33,,,,,,
csr-ns3-feedback-observation-v1,feedback_selection,353.750744,1,2,ACK,415,870,1911,1,18446744073709551615,0,128,133333.33333333334,33,-103,1,-103,123.16724984190499,0,8,128,-36,33,12,,,,,,,,,
csr-ns3-feedback-observation-v1,ack_response_context,353.750744,1,2,ACK,415,870,1911,1,18446744073709551615,0,128,133333.33333333334,33,-103,1,-103,123.16724984190499,0,8,128,-36,33,12,128,133333.33333333334,33,,,,,,
csr-ns3-feedback-observation-v1,feedback_selection,354.04974399999998,1,3,ACK,425,871,1912,1,18446744073709551615,0,128,133333.33333333334,33,-103,1,-103,123.16724984190499,0,8,128,-36,33,12,,,,,,,,,
csr-ns3-feedback-observation-v1,ack_response_context,354.04974399999998,1,3,ACK,425,871,1912,1,18446744073709551615,0,128,133333.33333333334,33,-103,1,-103,123.16724984190499,0,8,128,-36,33,12,128,133333.33333333334,33,,,,,,
csr-ns3-feedback-observation-v1,feedback_selection,354.04974399999998,1,3,ACK,426,872,1913,1,18446744073709551615,0,128,133333.33333333334,33,-103,1,-103,123.16724984190499,0,8,128,-36,33,12,,,,,,,,,
csr-ns3-feedback-observation-v1,ack_response_context,354.04974399999998,1,3,ACK,426,872,1913,1,18446744073709551615,0,128,133333.33333333334,33,-103,1,-103,123.16724984190499,0,8,128,-36,33,12,128,133333.33333333334,33,,,,,,
csr-ns3-feedback-observation-v1,feedback_selection,354.04974399999998,1,3,ACK,427,873,1914,1,18446744073709551615,0,128,133333.33333333334,33,-103,1,-103,123.16724984190499,0,8,128,-36,33,12,,,,,,,,,
csr-ns3-feedback-observation-v1,ack_response_context,354.04974399999998,1,3,ACK,427,873,1914,1,18446744073709551615,0,128,133333.33333333334,33,-103,1,-103,123.16724984190499,0,8,128,-36,33,12,128,133333.33333333334,33,,,,,,
csr-ns3-feedback-observation-v1,feedback_selection,354.04974399999998,1,3,ACK,428,874,1915,1,18446744073709551615,0,128,133333.33333333334,33,-103,1,-103,123.16724984190499,0,8,128,-36,33,12,,,,,,,,,
csr-ns3-feedback-observation-v1,ack_response_context,354.04974399999998,1,3,ACK,428,874,1915,1,18446744073709551615,0,128,133333.33333333334,33,-103,1,-103,123.16724984190499,0,8,128,-36,33,12,128,133333.33333333334,33,,,,,,
csr-ns3-feedback-observation-v1,feedback_selection,354.04974399999998,1,3,ACK,429,875,1916,1,18446744073709551615,0,128,133333.33333333334,33,-103,1,-103,123.16724984190499,0,8,128,-36,33,12,,,,,,,,,
csr-ns3-feedback-observation-v1,ack_response_context,354.04974399999998,1,3,ACK,429,875,1916,1,18446744073709551615,0,128,133333.33333333334,33,-103,1,-103,123.16724984190499,0,8,128,-36,33,12,128,133333.33333333334,33,,,,,,
csr-ns3-feedback-observation-v1,feedback_selection,354.04974399999998,1,3,ACK,430,876,1917,1,18446744073709551615,0,128,133333.33333333334,33,-103,1,-103,123.16724984190499,0,8,128,-36,33,12,,,,,,,,,
csr-ns3-feedback-observation-v1,ack_response_context,354.04974399999998,1,3,ACK,430,876,1917,1,18446744073709551615,0,128,133333.33333333334,33,-103,1,-103,123.16724984190499,0,8,128,-36,33,12,128,133333.33333333334,33,,,,,,
csr-ns3-feedback-observation-v1,feedback_selection,354.24870399999998,1,2,ACK,416,877,1918,1,18446744073709551615,0,128,133333.33333333334,33,-103,1,-103,123.16724984190499,0,8,128,-36,33,12,,,,,,,,,
csr-ns3-feedback-observation-v1,ack_response_context,354.24870399999998,1,2,ACK,416,877,1918,1,18446744073709551615,0,128,133333.33333333334,33,-103,1,-103,123.16724984190499,0,8,128,-36,33,12,128,133333.33333333334,33,,,,,,
csr-ns3-feedback-observation-v1,feedback_selection,354.24870399999998,1,2,ACK,417,878,1919,1,18446744073709551615,0,128,133333.33333333334,33,-103,1,-103,123.16724984190499,0,8,128,-36,33,12,,,,,,,,,
csr-ns3-feedback-observation-v1,ack_response_context,354.24870399999998,1,2,ACK,417,878,1919,1,18446744073709551615,0,128,133333.33333333334,33,-103,1,-103,123.16724984190499,0,8,128,-36,33,12,128,133333.33333333334,33,,,,,,
csr-ns3-feedback-observation-v1,feedback_selection,354.24870399999998,1,2,ACK,418,879,1920,1,18446744073709551615,0,128,133333.33333333334,33,-103,1,-103,123.16724984190499,0,8,128,-36,33,12,,,,,,,,,
csr-ns3-feedback-observation-v1,ack_response_context,354.24870399999998,1,2,ACK,418,879,1920,1,18446744073709551615,0,128,133333.33333333334,33,-103,1,-103,123.16724984190499,0,8,128,-36,33,12,128,133333.33333333334,33,,,,,,
csr-ns3-feedback-observation-v1,feedback_selection,354.24870399999998,1,2,ACK,419,880,1921,1,18446744073709551615,0,128,133333.33333333334,33,-103,1,-103,123.16724984190499,0,8,128,-36,33,12,,,,,,,,,
csr-ns3-feedback-observation-v1,ack_response_context,354.24870399999998,1,2,ACK,419,880,1921,1,18446744073709551615,0,128,133333.33333333334,33,-103,1,-103,123.16724984190499,0,8,128,-36,33,12,128,133333.33333333334,33,,,,,,
csr-ns3-feedback-observation-v1,feedback_selection,354.66074400000002,1,3,ACK,431,881,1922,1,18446744073709551615,0,128,133333.33333333334,33,-103,1,-103,123.16724984190499,0,8,128,-36,33,12,,,,,,,,,
csr-ns3-feedback-observation-v1,ack_response_context,354.66074400000002,1,3,ACK,431,881,1922,1,18446744073709551615,0,128,133333.33333333334,33,-103,1,-103,123.16724984190499,0,8,128,-36,33,12,128,133333.33333333334,33,,,,,,
csr-ns3-feedback-observation-v1,feedback_selection,354.66074400000002,1,3,ACK,432,882,1923,1,18446744073709551615,0,128,133333.33333333334,33,-103,1,-103,123.16724984190499,0,8,128,-36,33,12,,,,,,,,,
csr-ns3-feedback-observation-v1,ack_response_context,354.66074400000002,1,3,ACK,432,882,1923,1,18446744073709551615,0,128,133333.33333333334,33,-103,1,-103,123.16724984190499,0,8,128,-36,33,12,128,133333.33333333334,33,,,,,,
csr-ns3-feedback-observation-v1,feedback_selection,354.66074400000002,1,3,ACK,433,883,1924,1,18446744073709551615,0,128,133333.33333333334,33,-103,1,-103,123.16724984190499,0,8,128,-36,33,12,,,,,,,,,
csr-ns3-feedback-observation-v1,ack_response_context,354.66074400000002,1,3,ACK,433,883,1924,1,18446744073709551615,0,128,133333.33333333334,33,-103,1,-103,123.16724984190499,0,8,128,-36,33,12,128,133333.33333333334,33,,,,,,
csr-ns3-feedback-observation-v1,feedback_selection,354.66074400000002,1,3,ACK,434,884,1925,1,18446744073709551615,0,128,133333.33333333334,33,-103,1,-103,123.16724984190499,0,8,128,-36,33,12,,,,,,,,,
csr-ns3-feedback-observation-v1,ack_response_context,354.66074400000002,1,3,ACK,434,884,1925,1,18446744073709551615,0,128,133333.33333333334,33,-103,1,-103,123.16724984190499,0,8,128,-36,33,12,128,133333.33333333334,33,,,,,,
csr-ns3-feedback-observation-v1,feedback_selection,354.66074400000002,1,3,ACK,435,885,1926,1,18446744073709551615,0,128,133333.33333333334,33,-103,1,-103,123.16724984190499,0,8,128,-36,33,12,,,,,,,,,
csr-ns3-feedback-observation-v1,ack_response_context,354.66074400000002,1,3,ACK,435,885,1926,1,18446744073709551615,0,128,133333.33333333334,33,-103,1,-103,123.16724984190499,0,8,128,-36,33,12,128,133333.33333333334,33,,,,,,
csr-ns3-feedback-observation-v1,feedback_selection,354.66074400000002,1,3,ACK,436,886,1927,1,18446744073709551615,0,128,133333.33333333334,33,-103,1,-103,123.16724984190499,0,8,128,-36,33,12,,,,,,,,,
csr-ns3-feedback-observation-v1,ack_response_context,354.66074400000002,1,3,ACK,436,886,1927,1,18446744073709551615,0,128,133333.33333333334,33,-103,1,-103,123.16724984190499,0,8,128,-36,33,12,128,133333.33333333334,33,,,,,,
csr-ns3-feedback-observation-v1,ota_segment,354.666,1,3,ACK,436,886,1927,1,18446744073709551615,0,128,133333.33333333334,33,-103,1,-103,123.16724984190499,0,8,128,-36,33,12,128,133333.33333333334,33,128,133333.33333333334,33,4294967410,1,2
csr-ns3-feedback-observation-v1,ota_segment,354.666,1,2,ACK,419,880,1921,1,18446744073709551615,0,128,133333.33333333334,33,-103,1,-103,123.16724984190499,0,8,128,-36,33,12,128,133333.33333333334,33,128,133333.33333333334,33,4294967410,2,2
csr-ns3-feedback-observation-v1,feedback_selection,355.089744,1,2,ACK,420,887,1956,1,18446744073709551615,0,128,133333.33333333334,33,-103,1,-103,123.16724984190499,0,8,128,-36,33,12,,,,,,,,,
csr-ns3-feedback-observation-v1,ack_response_context,355.089744,1,2,ACK,420,887,1956,1,18446744073709551615,0,128,133333.33333333334,33,-103,1,-103,123.16724984190499,0,8,128,-36,33,12,128,133333.33333333334,33,,,,,,
csr-ns3-feedback-observation-v1,feedback_selection,355.089744,1,2,ACK,421,888,1957,1,18446744073709551615,0,128,133333.33333333334,33,-103,1,-103,123.16724984190499,0,8,128,-36,33,12,,,,,,,,,
csr-ns3-feedback-observation-v1,ack_response_context,355.089744,1,2,ACK,421,888,1957,1,18446744073709551615,0,128,133333.33333333334,33,-103,1,-103,123.16724984190499,0,8,128,-36,33,12,128,133333.33333333334,33,,,,,,
csr-ns3-feedback-observation-v1,feedback_selection,355.089744,1,2,ACK,422,889,1958,1,18446744073709551615,0,128,133333.33333333334,33,-103,1,-103,123.16724984190499,0,8,128,-36,33,12,,,,,,,,,
csr-ns3-feedback-observation-v1,ack_response_context,355.089744,1,2,ACK,422,889,1958,1,18446744073709551615,0,128,133333.33333333334,33,-103,1,-103,123.16724984190499,0,8,128,-36,33,12,128,133333.33333333334,33,,,,,,
csr-ns3-feedback-observation-v1,feedback_selection,355.089744,1,2,ACK,423,890,1959,1,18446744073709551615,0,128,133333.33333333334,33,-103,1,-103,123.16724984190499,0,8,128,-36,33,12,,,,,,,,,
csr-ns3-feedback-observation-v1,ack_response_context,355.089744,1,2,ACK,423,890,1959,1,18446744073709551615,0,128,133333.33333333334,33,-103,1,-103,123.16724984190499,0,8,128,-36,33,12,128,133333.33333333334,33,,,,,,
csr-ns3-feedback-observation-v1,feedback_selection,355.089744,1,2,ACK,424,891,1960,1,18446744073709551615,0,128,133333.33333333334,33,-103,1,-103,123.16724984190499,0,8,128,-36,33,12,,,,,,,,,
csr-ns3-feedback-observation-v1,ack_response_context,355.089744,1,2,ACK,424,891,1960,1,18446744073709551615,0,128,133333.33333333334,33,-103,1,-103,123.16724984190499,0,8,128,-36,33,12,128,133333.33333333334,33,,,,,,
csr-ns3-feedback-observation-v1,feedback_selection,355.089744,1,2,ACK,425,892,1961,1,18446744073709551615,0,128,133333.33333333334,33,-103,1,-103,123.16724984190499,0,8,128,-36,33,12,,,,,,,,,
csr-ns3-feedback-observation-v1,ack_response_context,355.089744,1,2,ACK,425,892,1961,1,18446744073709551615,0,128,133333.33333333334,33,-103,1,-103,123.16724984190499,0,8,128,-36,33,12,128,133333.33333333334,33,,,,,,
csr-ns3-feedback-observation-v1,feedback_selection,355.38874399999997,1,3,ACK,437,893,1962,1,18446744073709551615,0,128,133333.33333333334,33,-103,1,-103,123.16724984190499,0,8,128,-36,33,12,,,,,,,,,
csr-ns3-feedback-observation-v1,ack_response_context,355.38874399999997,1,3,ACK,437,893,1962,1,18446744073709551615,0,128,133333.33333333334,33,-103,1,-103,123.16724984190499,0,8,128,-36,33,12,128,133333.33333333334,33,,,,,,
csr-ns3-feedback-observation-v1,feedback_selection,355.38874399999997,1,3,ACK,438,894,1963,1,18446744073709551615,0,128,133333.33333333334,33,-103,1,-103,123.16724984190499,0,8,128,-36,33,12,,,,,,,,,
csr-ns3-feedback-observation-v1,ack_response_context,355.38874399999997,1,3,ACK,438,894,1963,1,18446744073709551615,0,128,133333.33333333334,33,-103,1,-103,123.16724984190499,0,8,128,-36,33,12,128,133333.33333333334,33,,,,,,
csr-ns3-feedback-observation-v1,feedback_selection,355.38874399999997,1,3,ACK,439,895,1964,1,18446744073709551615,0,128,133333.33333333334,33,-103,1,-103,123.16724984190499,0,8,128,-36,33,12,,,,,,,,,
csr-ns3-feedback-observation-v1,ack_response_context,355.38874399999997,1,3,ACK,439,895,1964,1,18446744073709551615,0,128,133333.33333333334,33,-103,1,-103,123.16724984190499,0,8,128,-36,33,12,128,133333.33333333334,33,,,,,,
csr-ns3-feedback-observation-v1,feedback_selection,355.38874399999997,1,3,ACK,440,896,1965,1,18446744073709551615,0,128,133333.33333333334,33,-103,1,-103,123.16724984190499,0,8,128,-36,33,12,,,,,,,,,
csr-ns3-feedback-observation-v1,ack_response_context,355.38874399999997,1,3,ACK,440,896,1965,1,18446744073709551615,0,128,133333.33333333334,33,-103,1,-103,123.16724984190499,0,8,128,-36,33,12,128,133333.33333333334,33,,,,,,
csr-ns3-feedback-observation-v1,feedback_selection,355.38874399999997,1,3,ACK,441,897,1966,1,18446744073709551615,0,128,133333.33333333334,33,-103,1,-103,123.16724984190499,0,8,128,-36,33,12,,,,,,,,,
csr-ns3-feedback-observation-v1,ack_response_context,355.38874399999997,1,3,ACK,441,897,1966,1,18446744073709551615,0,128,133333.33333333334,33,-103,1,-103,123.16724984190499,0,8,128,-36,33,12,128,133333.33333333334,33,,,,,,
csr-ns3-feedback-observation-v1,feedback_selection,355.38874399999997,1,3,ACK,442,898,1967,1,18446744073709551615,0,128,133333.33333333334,33,-103,1,-103,123.16724984190499,0,8,128,-36,33,12,,,,,,,,,
csr-ns3-feedback-observation-v1,ack_response_context,355.38874399999997,1,3,ACK,442,898,1967,1,18446744073709551615,0,128,133333.33333333334,33,-103,1,-103,123.16724984190499,0,8,128,-36,33,12,128,133333.33333333334,33,,,,,,
csr-ns3-feedback-observation-v1,ota_segment,355.42000000000002,1,3,ACK,442,898,1967,1,18446744073709551615,0,128,133333.33333333334,33,-103,1,-103,123.16724984190499,0,8,128,-36,33,12,128,133333.33333333334,33,128,133333.33333333334,33,4294967411,1,2
csr-ns3-feedback-observation-v1,ota_segment,355.42000000000002,1,2,ACK,425,892,1961,1,18446744073709551615,0,128,133333.33333333334,33,-103,1,-103,123.16724984190499,0,8,128,-36,33,12,128,133333.33333333334,33,128,133333.33333333334,33,4294967411,2,2
csr-ns3-feedback-observation-v1,ota_segment,355.56299999999999,1,3,ACK,442,898,1967,1,18446744073709551615,0,128,133333.33333333334,33,-103,1,-103,123.16724984190499,0,8,128,-36,33,12,128,133333.33333333334,33,128,133333.33333333334,33,4294967412,1,2
csr-ns3-feedback-observation-v1,ota_segment,355.56299999999999,1,2,ACK,425,892,1961,1,18446744073709551615,0,128,133333.33333333334,33,-103,1,-103,123.16724984190499,0,8,128,-36,33,12,128,133333.33333333334,33,128,133333.33333333334,33,4294967412,2,2
csr-ns3-feedback-observation-v1,feedback_selection,355.85674399999999,1,3,ACK,443,899,1980,1,18446744073709551615,0,128,133333.33333333334,33,-103,1,-103,123.16724984190499,0,8,128,-36,33,12,,,,,,,,,
csr-ns3-feedback-observation-v1,ack_response_context,355.85674399999999,1,3,ACK,443,899,1980,1,18446744073709551615,0,128,133333.33333333334,33,-103,1,-103,123.16724984190499,0,8,128,-36,33,12,128,133333.33333333334,33,,,,,,
csr-ns3-feedback-observation-v1,feedback_selection,355.85674399999999,1,3,ACK,444,900,1981,1,18446744073709551615,0,128,133333.33333333334,33,-103,1,-103,123.16724984190499,0,8,128,-36,33,12,,,,,,,,,
csr-ns3-feedback-observation-v1,ack_response_context,355.85674399999999,1,3,ACK,444,900,1981,1,18446744073709551615,0,128,133333.33333333334,33,-103,1,-103,123.16724984190499,0,8,128,-36,33,12,128,133333.33333333334,33,,,,,,
csr-ns3-feedback-observation-v1,feedback_selection,355.85674399999999,1,3,ACK,445,901,1982,1,18446744073709551615,0,128,133333.33333333334,33,-103,1,-103,123.16724984190499,0,8,128,-36,33,12,,,,,,,,,
csr-ns3-feedback-observation-v1,ack_response_context,355.85674399999999,1,3,ACK,445,901,1982,1,18446744073709551615,0,128,133333.33333333334,33,-103,1,-103,123.16724984190499,0,8,128,-36,33,12,128,133333.33333333334,33,,,,,,
csr-ns3-feedback-observation-v1,feedback_selection,355.85674399999999,1,3,ACK,446,902,1983,1,18446744073709551615,0,128,133333.33333333334,33,-103,1,-103,123.16724984190499,0,8,128,-36,33,12,,,,,,,,,
csr-ns3-feedback-observation-v1,ack_response_context,355.85674399999999,1,3,ACK,446,902,1983,1,18446744073709551615,0,128,133333.33333333334,33,-103,1,-103,123.16724984190499,0,8,128,-36,33,12,128,133333.33333333334,33,,,,,,
csr-ns3-feedback-observation-v1,feedback_selection,355.85674399999999,1,3,ACK,447,903,1984,1,18446744073709551615,0,128,133333.33333333334,33,-103,1,-103,123.16724984190499,0,8,128,-36,33,12,,,,,,,,,
csr-ns3-feedback-observation-v1,ack_response_context,355.85674399999999,1,3,ACK,447,903,1984,1,18446744073709551615,0,128,133333.33333333334,33,-103,1,-103,123.16724984190499,0,8,128,-36,33,12,128,133333.33333333334,33,,,,,,
csr-ns3-feedback-observation-v1,feedback_selection,355.85674399999999,1,3,ACK,448,904,1985,1,18446744073709551615,0,128,133333.33333333334,33,-103,1,-103,123.16724984190499,0,8,128,-36,33,12,,,,,,,,,
csr-ns3-feedback-observation-v1,ack_response_context,355.85674399999999,1,3,ACK,448,904,1985,1,18446744073709551615,0,128,133333.33333333334,33,-103,1,-103,123.16724984190499,0,8,128,-36,33,12,128,133333.33333333334,33,,,,,,
csr-ns3-feedback-observation-v1,feedback_selection,356.12974400000002,1,2,ACK,426,905,1986,1,18446744073709551615,0,128,133333.33333333334,33,-103,1,-103,123.16724984190499,0,8,128,-36,33,12,,,,,,,,,
csr-ns3-feedback-observation-v1,ack_response_context,356.12974400000002,1,2,ACK,426,905,1986,1,18446744073709551615,0,128,133333.33333333334,33,-103,1,-103,123.16724984190499,0,8,128,-36,33,12,128,133333.33333333334,33,,,,,,
csr-ns3-feedback-observation-v1,feedback_selection,356.12974400000002,1,2,ACK,427,906,1987,1,18446744073709551615,0,128,133333.33333333334,33,-103,1,-103,123.16724984190499,0,8,128,-36,33,12,,,,,,,,,
csr-ns3-feedback-observation-v1,ack_response_context,356.12974400000002,1,2,ACK,427,906,1987,1,18446744073709551615,0,128,133333.33333333334,33,-103,1,-103,123.16724984190499,0,8,128,-36,33,12,128,133333.33333333334,33,,,,,,
csr-ns3-feedback-observation-v1,feedback_selection,356.12974400000002,1,2,ACK,428,907,1988,1,18446744073709551615,0,128,133333.33333333334,33,-103,1,-103,123.16724984190499,0,8,128,-36,33,12,,,,,,,,,
csr-ns3-feedback-observation-v1,ack_response_context,356.12974400000002,1,2,ACK,428,907,1988,1,18446744073709551615,0,128,133333.33333333334,33,-103,1,-103,123.16724984190499,0,8,128,-36,33,12,128,133333.33333333334,33,,,,,,
csr-ns3-feedback-observation-v1,feedback_selection,356.12974400000002,1,2,ACK,429,908,1989,1,18446744073709551615,0,128,133333.33333333334,33,-103,1,-103,123.16724984190499,0,8,128,-36,33,12,,,,,,,,,
csr-ns3-feedback-observation-v1,ack_response_context,356.12974400000002,1,2,ACK,429,908,1989,1,18446744073709551615,0,128,133333.33333333334,33,-103,1,-103,123.16724984190499,0,8,128,-36,33,12,128,133333.33333333334,33,,,,,,
csr-ns3-feedback-observation-v1,feedback_selection,356.12974400000002,1,2,ACK,430,909,1990,1,18446744073709551615,0,128,133333.33333333334,33,-103,1,-103,123.16724984190499,0,8,128,-36,33,12,,,,,,,,,
csr-ns3-feedback-observation-v1,ack_response_context,356.12974400000002,1,2,ACK,430,909,1990,1,18446744073709551615,0,128,133333.33333333334,33,-103,1,-103,123.16724984190499,0,8,128,-36,33,12,128,133333.33333333334,33,,,,,,
csr-ns3-feedback-observation-v1,feedback_selection,356.12974400000002,1,2,ACK,431,910,1991,1,18446744073709551615,0,128,133333.33333333334,33,-103,1,-103,123.16724984190499,0,8,128,-36,33,12,,,,,,,,,
csr-ns3-feedback-observation-v1,ack_response_context,356.12974400000002,1,2,ACK,431,910,1991,1,18446744073709551615,0,128,133333.33333333334,33,-103,1,-103,123.16724984190499,0,8,128,-36,33,12,128,133333.33333333334,33,,,,,,
csr-ns3-feedback-observation-v1,feedback_selection,356.46774399999998,1,3,ACK,449,911,1992,1,18446744073709551615,0,128,133333.33333333334,33,-103,1,-103,123.16724984190499,0,8,128,-36,33,12,,,,,,,,,
csr-ns3-feedback-observation-v1,ack_response_context,356.46774399999998,1,3,ACK,449,911,1992,1,18446744073709551615,0,128,133333.33333333334,33,-103,1,-103,123.16724984190499,0,8,128,-36,33,12,128,133333.33333333334,33,,,,,,
csr-ns3-feedback-observation-v1,feedback_selection,356.46774399999998,1,3,ACK,450,912,1993,1,18446744073709551615,0,128,133333.33333333334,33,-103,1,-103,123.16724984190499,0,8,128,-36,33,12,,,,,,,,,
csr-ns3-feedback-observation-v1,ack_response_context,356.46774399999998,1,3,ACK,450,912,1993,1,18446744073709551615,0,128,133333.33333333334,33,-103,1,-103,123.16724984190499,0,8,128,-36,33,12,128,133333.33333333334,33,,,,,,
csr-ns3-feedback-observation-v1,feedback_selection,356.46774399999998,1,3,ACK,451,913,1994,1,18446744073709551615,0,128,133333.33333333334,33,-103,1,-103,123.16724984190499,0,8,128,-36,33,12,,,,,,,,,
csr-ns3-feedback-observation-v1,ack_response_context,356.46774399999998,1,3,ACK,451,913,1994,1,18446744073709551615,0,128,133333.33333333334,33,-103,1,-103,123.16724984190499,0,8,128,-36,33,12,128,133333.33333333334,33,,,,,,
csr-ns3-feedback-observation-v1,feedback_selection,356.46774399999998,1,3,ACK,452,914,1995,1,18446744073709551615,0,128,133333.33333333334,33,-103,1,-103,123.16724984190499,0,8,128,-36,33,12,,,,,,,,,
csr-ns3-feedback-observation-v1,ack_response_context,356.46774399999998,1,3,ACK,452,914,1995,1,18446744073709551615,0,128,133333.33333333334,33,-103,1,-103,123.16724984190499,0,8,128,-36,33,12,128,133333.33333333334,33,,,,,,
csr-ns3-feedback-observation-v1,feedback_selection,356.46774399999998,1,3,ACK,453,915,1996,1,18446744073709551615,0,128,133333.33333333334,33,-103,1,-103,123.16724984190499,0,8,128,-36,33,12,,,,,,,,,
csr-ns3-feedback-observation-v1,ack_response_context,356.46774399999998,1,3,ACK,453,915,1996,1,18446744073709551615,0,128,133333.33333333334,33,-103,1,-103,123.16724984190499,0,8,128,-36,33,12,128,133333.33333333334,33,,,,,,
csr-ns3-feedback-observation-v1,feedback_selection,356.46774399999998,1,3,ACK,454,916,1997,1,18446744073709551615,0,128,133333.33333333334,33,-103,1,-103,123.16724984190499,0,8,128,-36,33,12,,,,,,,,,
csr-ns3-feedback-observation-v1,ack_response_context,356.46774399999998,1,3,ACK,454,916,1997,1,18446744073709551615,0,128,133333.33333333334,33,-103,1,-103,123.16724984190499,0,8,128,-36,33,12,128,133333.33333333334,33,,,,,,
csr-ns3-feedback-observation-v1,ota_segment,356.48599999999999,1,3,ACK,454,916,1997,1,18446744073709551615,0,128,133333.33333333334,33,-103,1,-103,123.16724984190499,0,8,128,-36,33,12,128,133333.33333333334,33,128,133333.33333333334,33,4294967413,1,2
csr-ns3-feedback-observation-v1,ota_segment,356.48599999999999,1,2,ACK,431,910,1991,1,18446744073709551615,0,128,133333.33333333334,33,-103,1,-103,123.16724984190499,0,8,128,-36,33,12,128,133333.33333333334,33,128,133333.33333333334,33,4294967413,2,2
csr-ns3-feedback-observation-v1,ota_segment,356.77199999999999,1,3,ACK,454,916,1997,1,18446744073709551615,0,128,133333.33333333334,33,-103,1,-103,123.16724984190499,0,8,128,-36,33,12,128,133333.33333333334,33,128,133333.33333333334,33,4294967414,1,2
csr-ns3-feedback-observation-v1,ota_segment,356.77199999999999,1,2,ACK,431,910,1991,1,18446744073709551615,0,128,133333.33333333334,33,-103,1,-103,123.16724984190499,0,8,128,-36,33,12,128,133333.33333333334,33,128,133333.33333333334,33,4294967414,2,2
csr-ns3-feedback-observation-v1,feedback_selection,357.03974399999998,1,2,ACK,432,917,2016,1,18446744073709551615,0,128,133333.33333333334,33,-103,1,-103,123.16724984190499,0,8,128,-36,33,12,,,,,,,,,
csr-ns3-feedback-observation-v1,ack_response_context,357.03974399999998,1,2,ACK,432,917,2016,1,18446744073709551615,0,128,133333.33333333334,33,-103,1,-103,123.16724984190499,0,8,128,-36,33,12,128,133333.33333333334,33,,,,,,
csr-ns3-feedback-observation-v1,feedback_selection,357.03974399999998,1,2,ACK,433,918,2017,1,18446744073709551615,0,128,133333.33333333334,33,-103,1,-103,123.16724984190499,0,8,128,-36,33,12,,,,,,,,,
csr-ns3-feedback-observation-v1,ack_response_context,357.03974399999998,1,2,ACK,433,918,2017,1,18446744073709551615,0,128,133333.33333333334,33,-103,1,-103,123.16724984190499,0,8,128,-36,33,12,128,133333.33333333334,33,,,,,,
csr-ns3-feedback-observation-v1,feedback_selection,357.03974399999998,1,2,ACK,434,919,2018,1,18446744073709551615,0,128,133333.33333333334,33,-103,1,-103,123.16724984190499,0,8,128,-36,33,12,,,,,,,,,
csr-ns3-feedback-observation-v1,ack_response_context,357.03974399999998,1,2,ACK,434,919,2018,1,18446744073709551615,0,128,133333.33333333334,33,-103,1,-103,123.16724984190499,0,8,128,-36,33,12,128,133333.33333333334,33,,,,,,
csr-ns3-feedback-observation-v1,feedback_selection,357.03974399999998,1,2,ACK,435,920,2019,1,18446744073709551615,0,128,133333.33333333334,33,-103,1,-103,123.16724984190499,0,8,128,-36,33,12,,,,,,,,,
csr-ns3-feedback-observation-v1,ack_response_context,357.03974399999998,1,2,ACK,435,920,2019,1,18446744073709551615,0,128,133333.33333333334,33,-103,1,-103,123.16724984190499,0,8,128,-36,33,12,128,133333.33333333334,33,,,,,,
csr-ns3-feedback-observation-v1,feedback_selection,357.03974399999998,1,2,ACK,436,921,2020,1,18446744073709551615,0,128,133333.33333333334,33,-103,1,-103,123.16724984190499,0,8,128,-36,33,12,,,,,,,,,
csr-ns3-feedback-observation-v1,ack_response_context,357.03974399999998,1,2,ACK,436,921,2020,1,18446744073709551615,0,128,133333.33333333334,33,-103,1,-103,123.16724984190499,0,8,128,-36,33,12,128,133333.33333333334,33,,,,,,
csr-ns3-feedback-observation-v1,feedback_selection,357.03974399999998,1,2,ACK,437,922,2021,1,18446744073709551615,0,128,133333.33333333334,33,-103,1,-103,123.16724984190499,0,8,128,-36,33,12,,,,,,,,,
csr-ns3-feedback-observation-v1,ack_response_context,357.03974399999998,1,2,ACK,437,922,2021,1,18446744073709551615,0,128,133333.33333333334,33,-103,1,-103,123.16724984190499,0,8,128,-36,33,12,128,133333.33333333334,33,,,,,,
csr-ns3-feedback-observation-v1,feedback_selection,357.37774400000001,1,3,ACK,455,923,2022,1,18446744073709551615,0,128,133333.33333333334,33,-103,1,-103,123.16724984190499,0,8,128,-36,33,12,,,,,,,,,
csr-ns3-feedback-observation-v1,ack_response_context,357.37774400000001,1,3,ACK,455,923,2022,1,18446744073709551615,0,128,133333.33333333334,33,-103,1,-103,123.16724984190499,0,8,128,-36,33,12,128,133333.33333333334,33,,,,,,
csr-ns3-feedback-observation-v1,feedback_selection,357.37774400000001,1,3,ACK,456,924,2023,1,18446744073709551615,0,128,133333.33333333334,33,-103,1,-103,123.16724984190499,0,8,128,-36,33,12,,,,,,,,,
csr-ns3-feedback-observation-v1,ack_response_context,357.37774400000001,1,3,ACK,456,924,2023,1,18446744073709551615,0,128,133333.33333333334,33,-103,1,-103,123.16724984190499,0,8,128,-36,33,12,128,133333.33333333334,33,,,,,,
csr-ns3-feedback-observation-v1,feedback_selection,357.37774400000001,1,3,ACK,457,925,2024,1,18446744073709551615,0,128,133333.33333333334,33,-103,1,-103,123.16724984190499,0,8,128,-36,33,12,,,,,,,,,
csr-ns3-feedback-observation-v1,ack_response_context,357.37774400000001,1,3,ACK,457,925,2024,1,18446744073709551615,0,128,133333.33333333334,33,-103,1,-103,123.16724984190499,0,8,128,-36,33,12,128,133333.33333333334,33,,,,,,
csr-ns3-feedback-observation-v1,feedback_selection,357.37774400000001,1,3,ACK,458,926,2025,1,18446744073709551615,0,128,133333.33333333334,33,-103,1,-103,123.16724984190499,0,8,128,-36,33,12,,,,,,,,,
csr-ns3-feedback-observation-v1,ack_response_context,357.37774400000001,1,3,ACK,458,926,2025,1,18446744073709551615,0,128,133333.33333333334,33,-103,1,-103,123.16724984190499,0,8,128,-36,33,12,128,133333.33333333334,33,,,,,,
csr-ns3-feedback-observation-v1,feedback_selection,357.37774400000001,1,3,ACK,459,927,2026,1,18446744073709551615,0,128,133333.33333333334,33,-103,1,-103,123.16724984190499,0,8,128,-36,33,12,,,,,,,,,
csr-ns3-feedback-observation-v1,ack_response_context,357.37774400000001,1,3,ACK,459,927,2026,1,18446744073709551615,0,128,133333.33333333334,33,-103,1,-103,123.16724984190499,0,8,128,-36,33,12,128,133333.33333333334,33,,,,,,
csr-ns3-feedback-observation-v1,feedback_selection,357.37774400000001,1,3,ACK,460,928,2027,1,18446744073709551615,0,128,133333.33333333334,33,-103,1,-103,123.16724984190499,0,8,128,-36,33,12,,,,,,,,,
csr-ns3-feedback-observation-v1,ack_response_context,357.37774400000001,1,3,ACK,460,928,2027,1,18446744073709551615,0,128,133333.33333333334,33,-103,1,-103,123.16724984190499,0,8,128,-36,33,12,128,133333.33333333334,33,,,,,,
csr-ns3-feedback-observation-v1,ota_segment,357.435,1,3,ACK,460,928,2027,1,18446744073709551615,0,128,133333.33333333334,33,-103,1,-103,123.16724984190499,0,8,128,-36,33,12,128,133333.33333333334,33,128,133333.33333333334,33,4294967415,1,2
csr-ns3-feedback-observation-v1,ota_segment,357.435,1,2,ACK,437,922,2021,1,18446744073709551615,0,128,133333.33333333334,33,-103,1,-103,123.16724984190499,0,8,128,-36,33,12,128,133333.33333333334,33,128,133333.33333333334,33,4294967415,2,2
csr-ns3-feedback-observation-v1,feedback_selection,357.702744,1,2,ACK,438,929,2040,1,18446744073709551615,0,128,133333.33333333334,33,-103,1,-103,123.16724984190499,0,8,128,-36,33,12,,,,,,,,,
csr-ns3-feedback-observation-v1,ack_response_context,357.702744,1,2,ACK,438,929,2040,1,18446744073709551615,0,128,133333.33333333334,33,-103,1,-103,123.16724984190499,0,8,128,-36,33,12,128,133333.33333333334,33,,,,,,
csr-ns3-feedback-observation-v1,feedback_selection,357.702744,1,2,ACK,439,930,2041,1,18446744073709551615,0,128,133333.33333333334,33,-103,1,-103,123.16724984190499,0,8,128,-36,33,12,,,,,,,,,
csr-ns3-feedback-observation-v1,ack_response_context,357.702744,1,2,ACK,439,930,2041,1,18446744073709551615,0,128,133333.33333333334,33,-103,1,-103,123.16724984190499,0,8,128,-36,33,12,128,133333.33333333334,33,,,,,,
csr-ns3-feedback-observation-v1,feedback_selection,357.702744,1,2,ACK,440,931,2042,1,18446744073709551615,0,128,133333.33333333334,33,-103,1,-103,123.16724984190499,0,8,128,-36,33,12,,,,,,,,,
csr-ns3-feedback-observation-v1,ack_response_context,357.702744,1,2,ACK,440,931,2042,1,18446744073709551615,0,128,133333.33333333334,33,-103,1,-103,123.16724984190499,0,8,128,-36,33,12,128,133333.33333333334,33,,,,,,
csr-ns3-feedback-observation-v1,feedback_selection,357.702744,1,2,ACK,441,932,2043,1,18446744073709551615,0,128,133333.33333333334,33,-103,1,-103,123.16724984190499,0,8,128,-36,33,12,,,,,,,,,
csr-ns3-feedback-observation-v1,ack_response_context,357.702744,1,2,ACK,441,932,2043,1,18446744073709551615,0,128,133333.33333333334,33,-103,1,-103,123.16724984190499,0,8,128,-36,33,12,128,133333.33333333334,33,,,,,,
csr-ns3-feedback-observation-v1,feedback_selection,357.702744,1,2,ACK,442,933,2044,1,18446744073709551615,0,128,133333.33333333334,33,-103,1,-103,123.16724984190499,0,8,128,-36,33,12,,,,,,,,,
csr-ns3-feedback-observation-v1,ack_response_context,357.702744,1,2,ACK,442,933,2044,1,18446744073709551615,0,128,133333.33333333334,33,-103,1,-103,123.16724984190499,0,8,128,-36,33,12,128,133333.33333333334,33,,,,,,
csr-ns3-feedback-observation-v1,feedback_selection,357.702744,1,2,ACK,443,934,2045,1,18446744073709551615,0,128,133333.33333333334,33,-103,1,-103,123.16724984190499,0,8,128,-36,33,12,,,,,,,,,
csr-ns3-feedback-observation-v1,ack_response_context,357.702744,1,2,ACK,443,934,2045,1,18446744073709551615,0,128,133333.33333333334,33,-103,1,-103,123.16724984190499,0,8,128,-36,33,12,128,133333.33333333334,33,,,,,,
csr-ns3-feedback-observation-v1,ota_segment,357.786,1,3,ACK,460,928,2027,1,18446744073709551615,0,128,133333.33333333334,33,-103,1,-103,123.16724984190499,0,8,128,-36,33,12,128,133333.33333333334,33,128,133333.33333333334,33,4294967416,1,2
csr-ns3-feedback-observation-v1,ota_segment,357.786,1,2,ACK,443,934,2045,1,18446744073709551615,0,128,133333.33333333334,33,-103,1,-103,123.16724984190499,0,8,128,-36,33,12,128,133333.33333333334,33,128,133333.33333333334,33,4294967416,2,2
csr-ns3-feedback-observation-v1,feedback_selection,358.06674400000003,1,3,ACK,461,935,2052,1,18446744073709551615,0,128,133333.33333333334,33,-103,1,-103,123.16724984190499,0,8,128,-36,33,12,,,,,,,,,
csr-ns3-feedback-observation-v1,ack_response_context,358.06674400000003,1,3,ACK,461,935,2052,1,18446744073709551615,0,128,133333.33333333334,33,-103,1,-103,123.16724984190499,0,8,128,-36,33,12,128,133333.33333333334,33,,,,,,
csr-ns3-feedback-observation-v1,feedback_selection,358.06674400000003,1,3,ACK,462,936,2053,1,18446744073709551615,0,128,133333.33333333334,33,-103,1,-103,123.16724984190499,0,8,128,-36,33,12,,,,,,,,,
csr-ns3-feedback-observation-v1,ack_response_context,358.06674400000003,1,3,ACK,462,936,2053,1,18446744073709551615,0,128,133333.33333333334,33,-103,1,-103,123.16724984190499,0,8,128,-36,33,12,128,133333.33333333334,33,,,,,,
csr-ns3-feedback-observation-v1,feedback_selection,358.06674400000003,1,3,ACK,463,937,2054,1,18446744073709551615,0,128,133333.33333333334,33,-103,1,-103,123.16724984190499,0,8,128,-36,33,12,,,,,,,,,
csr-ns3-feedback-observation-v1,ack_response_context,358.06674400000003,1,3,ACK,463,937,2054,1,18446744073709551615,0,128,133333.33333333334,33,-103,1,-103,123.16724984190499,0,8,128,-36,33,12,128,133333.33333333334,33,,,,,,
csr-ns3-feedback-observation-v1,feedback_selection,358.06674400000003,1,3,ACK,464,938,2055,1,18446744073709551615,0,128,133333.33333333334,33,-103,1,-103,123.16724984190499,0,8,128,-36,33,12,,,,,,,,,
csr-ns3-feedback-observation-v1,ack_response_context,358.06674400000003,1,3,ACK,464,938,2055,1,18446744073709551615,0,128,133333.33333333334,33,-103,1,-103,123.16724984190499,0,8,128,-36,33,12,128,133333.33333333334,33,,,,,,
csr-ns3-feedback-observation-v1,feedback_selection,358.06674400000003,1,3,ACK,465,939,2056,1,18446744073709551615,0,128,133333.33333333334,33,-103,1,-103,123.16724984190499,0,8,128,-36,33,12,,,,,,,,,
csr-ns3-feedback-observation-v1,ack_response_context,358.06674400000003,1,3,ACK,465,939,2056,1,18446744073709551615,0,128,133333.33333333334,33,-103,1,-103,123.16724984190499,0,8,128,-36,33,12,128,133333.33333333334,33,,,,,,
csr-ns3-feedback-observation-v1,feedback_selection,358.06674400000003,1,3,ACK,466,940,2057,1,18446744073709551615,0,128,133333.33333333334,33,-103,1,-103,123.16724984190499,0,8,128,-36,33,12,,,,,,,,,
csr-ns3-feedback-observation-v1,ack_response_context,358.06674400000003,1,3,ACK,466,940,2057,1,18446744073709551615,0,128,133333.33333333334,33,-103,1,-103,123.16724984190499,0,8,128,-36,33,12,128,133333.33333333334,33,,,,,,
csr-ns3-feedback-observation-v1,ota_segment,358.14999999999998,1,3,ACK,466,940,2057,1,18446744073709551615,0,128,133333.33333333334,33,-103,1,-103,123.16724984190499,0,8,128,-36,33,12,128,133333.33333333334,33,128,133333.33333333334,33,4294967417,1,2
csr-ns3-feedback-observation-v1,ota_segment,358.14999999999998,1,2,ACK,443,934,2045,1,18446744073709551615,0,128,133333.33333333334,33,-103,1,-103,123.16724984190499,0,8,128,-36,33,12,128,133333.33333333334,33,128,133333.33333333334,33,4294967417,2,2
csr-ns3-feedback-observation-v1,ota_segment,358.17599999999999,1,3,ACK,466,940,2057,1,18446744073709551615,0,128,133333.33333333334,33,-103,1,-103,123.16724984190499,0,8,128,-36,33,12,128,133333.33333333334,33,128,133333.33333333334,33,4294967418,1,2
csr-ns3-feedback-observation-v1,ota_segment,358.17599999999999,1,2,ACK,443,934,2045,1,18446744073709551615,0,128,133333.33333333334,33,-103,1,-103,123.16724984190499,0,8,128,-36,33,12,128,133333.33333333334,33,128,133333.33333333334,33,4294967418,2,2
csr-ns3-feedback-observation-v1,ota_segment,358.25400000000002,1,3,ACK,466,940,2057,1,18446744073709551615,0,128,133333.33333333334,33,-103,1,-103,123.16724984190499,0,8,128,-36,33,12,128,133333.33333333334,33,128,133333.33333333334,33,4294967419,1,2
csr-ns3-feedback-observation-v1,ota_segment,358.25400000000002,1,2,ACK,443,934,2045,1,18446744073709551615,0,128,133333.33333333334,33,-103,1,-103,123.16724984190499,0,8,128,-36,33,12,128,133333.33333333334,33,128,133333.33333333334,33,4294967419,2,2
csr-ns3-feedback-observation-v1,feedback_selection,358.53474399999999,1,2,ACK,444,941,2064,1,18446744073709551615,0,128,133333.33333333334,33,-103,1,-103,123.16724984190499,0,8,128,-36,33,12,,,,,,,,,
csr-ns3-feedback-observation-v1,ack_response_context,358.53474399999999,1,2,ACK,444,941,2064,1,18446744073709551615,0,128,133333.33333333334,33,-103,1,-103,123.16724984190499,0,8,128,-36,33,12,128,133333.33333333334,33,,,,,,
csr-ns3-feedback-observation-v1,feedback_selection,358.53474399999999,1,2,ACK,445,942,2065,1,18446744073709551615,0,128,133333.33333333334,33,-103,1,-103,123.16724984190499,0,8,128,-36,33,12,,,,,,,,,
csr-ns3-feedback-observation-v1,ack_response_context,358.53474399999999,1,2,ACK,445,942,2065,1,18446744073709551615,0,128,133333.33333333334,33,-103,1,-103,123.16724984190499,0,8,128,-36,33,12,128,133333.33333333334,33,,,,,,
csr-ns3-feedback-observation-v1,feedback_selection,358.53474399999999,1,2,ACK,446,943,2066,1,18446744073709551615,0,128,133333.33333333334,33,-103,1,-103,123.16724984190499,0,8,128,-36,33,12,,,,,,,,,
csr-ns3-feedback-observation-v1,ack_response_context,358.53474399999999,1,2,ACK,446,943,2066,1,18446744073709551615,0,128,133333.33333333334,33,-103,1,-103,123.16724984190499,0,8,128,-36,33,12,128,133333.33333333334,33,,,,,,
csr-ns3-feedback-observation-v1,feedback_selection,358.53474399999999,1,2,ACK,447,944,2067,1,18446744073709551615,0,128,133333.33333333334,33,-103,1,-103,123.16724984190499,0,8,128,-36,33,12,,,,,,,,,
csr-ns3-feedback-observation-v1,ack_response_context,358.53474399999999,1,2,ACK,447,944,2067,1,18446744073709551615,0,128,133333.33333333334,33,-103,1,-103,123.16724984190499,0,8,128,-36,33,12,128,133333.33333333334,33,,,,,,
csr-ns3-feedback-observation-v1,feedback_selection,358.53474399999999,1,2,ACK,448,945,2068,1,18446744073709551615,0,128,133333.33333333334,33,-103,1,-103,123.16724984190499,0,8,128,-36,33,12,,,,,,,,,
csr-ns3-feedback-observation-v1,ack_response_context,358.53474399999999,1,2,ACK,448,945,2068,1,18446744073709551615,0,128,133333.33333333334,33,-103,1,-103,123.16724984190499,0,8,128,-36,33,12,128,133333.33333333334,33,,,,,,
csr-ns3-feedback-observation-v1,feedback_selection,358.53474399999999,1,2,ACK,449,946,2069,1,18446744073709551615,0,128,133333.33333333334,33,-103,1,-103,123.16724984190499,0,8,128,-36,33,12,,,,,,,,,
csr-ns3-feedback-observation-v1,ack_response_context,358.53474399999999,1,2,ACK,449,946,2069,1,18446744073709551615,0,128,133333.33333333334,33,-103,1,-103,123.16724984190499,0,8,128,-36,33,12,128,133333.33333333334,33,,,,,,
csr-ns3-feedback-observation-v1,ota_segment,358.57900000000001,1,3,ACK,466,940,2057,1,18446744073709551615,0,128,133333.33333333334,33,-103,1,-103,123.16724984190499,0,8,128,-36,33,12,128,133333.33333333334,33,128,133333.33333333334,33,4294967420,1,2
csr-ns3-feedback-observation-v1,ota_segment,358.57900000000001,1,2,ACK,449,946,2069,1,18446744073709551615,0,128,133333.33333333334,33,-103,1,-103,123.16724984190499,0,8,128,-36,33,12,128,133333.33333333334,33,128,133333.33333333334,33,4294967420,2,2
csr-ns3-feedback-observation-v1,feedback_selection,358.85974399999998,1,3,ACK,467,947,2076,1,18446744073709551615,0,128,133333.33333333334,33,-103,1,-103,123.16724984190499,0,8,128,-36,33,12,,,,,,,,,
csr-ns3-feedback-observation-v1,ack_response_context,358.85974399999998,1,3,ACK,467,947,2076,1,18446744073709551615,0,128,133333.33333333334,33,-103,1,-103,123.16724984190499,0,8,128,-36,33,12,128,133333.33333333334,33,,,,,,
csr-ns3-feedback-observation-v1,feedback_selection,358.85974399999998,1,3,ACK,468,948,2077,1,18446744073709551615,0,128,133333.33333333334,33,-103,1,-103,123.16724984190499,0,8,128,-36,33,12,,,,,,,,,
csr-ns3-feedback-observation-v1,ack_response_context,358.85974399999998,1,3,ACK,468,948,2077,1,18446744073709551615,0,128,133333.33333333334,33,-103,1,-103,123.16724984190499,0,8,128,-36,33,12,128,133333.33333333334,33,,,,,,
csr-ns3-feedback-observation-v1,feedback_selection,358.85974399999998,1,3,ACK,469,949,2078,1,18446744073709551615,0,128,133333.33333333334,33,-103,1,-103,123.16724984190499,0,8,128,-36,33,12,,,,,,,,,
csr-ns3-feedback-observation-v1,ack_response_context,358.85974399999998,1,3,ACK,469,949,2078,1,18446744073709551615,0,128,133333.33333333334,33,-103,1,-103,123.16724984190499,0,8,128,-36,33,12,128,133333.33333333334,33,,,,,,
csr-ns3-feedback-observation-v1,feedback_selection,358.85974399999998,1,3,ACK,470,950,2079,1,18446744073709551615,0,128,133333.33333333334,33,-103,1,-103,123.16724984190499,0,8,128,-36,33,12,,,,,,,,,
csr-ns3-feedback-observation-v1,ack_response_context,358.85974399999998,1,3,ACK,470,950,2079,1,18446744073709551615,0,128,133333.33333333334,33,-103,1,-103,123.16724984190499,0,8,128,-36,33,12,128,133333.33333333334,33,,,,,,
csr-ns3-feedback-observation-v1,feedback_selection,358.85974399999998,1,3,ACK,471,951,2080,1,18446744073709551615,0,128,133333.33333333334,33,-103,1,-103,123.16724984190499,0,8,128,-36,33,12,,,,,,,,,
csr-ns3-feedback-observation-v1,ack_response_context,358.85974399999998,1,3,ACK,471,951,2080,1,18446744073709551615,0,128,133333.33333333334,33,-103,1,-103,123.16724984190499,0,8,128,-36,33,12,128,133333.33333333334,33,,,,,,
csr-ns3-feedback-observation-v1,feedback_selection,358.85974399999998,1,3,ACK,472,952,2081,1,18446744073709551615,0,128,133333.33333333334,33,-103,1,-103,123.16724984190499,0,8,128,-36,33,12,,,,,,,,,
csr-ns3-feedback-observation-v1,ack_response_context,358.85974399999998,1,3,ACK,472,952,2081,1,18446744073709551615,0,128,133333.33333333334,33,-103,1,-103,123.16724984190499,0,8,128,-36,33,12,128,133333.33333333334,33,,,,,,
csr-ns3-feedback-observation-v1,feedback_selection,359.18474400000002,1,3,ACK,473,953,2082,1,18446744073709551615,0,128,133333.33333333334,33,-103,1,-103,123.16724984190499,0,8,128,-36,33,12,,,,,,,,,
csr-ns3-feedback-observation-v1,ack_response_context,359.18474400000002,1,3,ACK,473,953,2082,1,18446744073709551615,0,128,133333.33333333334,33,-103,1,-103,123.16724984190499,0,8,128,-36,33,12,128,133333.33333333334,33,,,,,,
csr-ns3-feedback-observation-v1,feedback_selection,359.18474400000002,1,3,ACK,474,954,2083,1,18446744073709551615,0,128,133333.33333333334,33,-103,1,-103,123.16724984190499,0,8,128,-36,33,12,,,,,,,,,
csr-ns3-feedback-observation-v1,ack_response_context,359.18474400000002,1,3,ACK,474,954,2083,1,18446744073709551615,0,128,133333.33333333334,33,-103,1,-103,123.16724984190499,0,8,128,-36,33,12,128,133333.33333333334,33,,,,,,
csr-ns3-feedback-observation-v1,feedback_selection,359.18474400000002,1,3,ACK,475,955,2084,1,18446744073709551615,0,128,133333.33333333334,33,-103,1,-103,123.16724984190499,0,8,128,-36,33,12,,,,,,,,,
csr-ns3-feedback-observation-v1,ack_response_context,359.18474400000002,1,3,ACK,475,955,2084,1,18446744073709551615,0,128,133333.33333333334,33,-103,1,-103,123.16724984190499,0,8,128,-36,33,12,128,133333.33333333334,33,,,,,,
csr-ns3-feedback-observation-v1,feedback_selection,359.18474400000002,1,3,ACK,476,956,2085,1,18446744073709551615,0,128,133333.33333333334,33,-103,1,-103,123.16724984190499,0,8,128,-36,33,12,,,,,,,,,
csr-ns3-feedback-observation-v1,ack_response_context,359.18474400000002,1,3,ACK,476,956,2085,1,18446744073709551615,0,128,133333.33333333334,33,-103,1,-103,123.16724984190499,0,8,128,-36,33,12,128,133333.33333333334,33,,,,,,
csr-ns3-feedback-observation-v1,feedback_selection,359.18474400000002,1,3,ACK,477,957,2086,1,18446744073709551615,0,128,133333.33333333334,33,-103,1,-103,123.16724984190499,0,8,128,-36,33,12,,,,,,,,,
csr-ns3-feedback-observation-v1,ack_response_context,359.18474400000002,1,3,ACK,477,957,2086,1,18446744073709551615,0,128,133333.33333333334,33,-103,1,-103,123.16724984190499,0,8,128,-36,33,12,128,133333.33333333334,33,,,,,,
csr-ns3-feedback-observation-v1,feedback_selection,359.18474400000002,1,3,ACK,478,958,2087,1,18446744073709551615,0,128,133333.33333333334,33,-103,1,-103,123.16724984190499,0,8,128,-36,33,12,,,,,,,,,
csr-ns3-feedback-observation-v1,ack_response_context,359.18474400000002,1,3,ACK,478,958,2087,1,18446744073709551615,0,128,133333.33333333334,33,-103,1,-103,123.16724984190499,0,8,128,-36,33,12,128,133333.33333333334,33,,,,,,
csr-ns3-feedback-observation-v1,feedback_selection,359.50974400000001,1,2,ACK,450,959,2088,1,18446744073709551615,0,128,133333.33333333334,33,-103,1,-103,123.16724984190499,0,8,128,-36,33,12,,,,,,,,,
csr-ns3-feedback-observation-v1,ack_response_context,359.50974400000001,1,2,ACK,450,959,2088,1,18446744073709551615,0,128,133333.33333333334,33,-103,1,-103,123.16724984190499,0,8,128,-36,33,12,128,133333.33333333334,33,,,,,,
csr-ns3-feedback-observation-v1,feedback_selection,359.50974400000001,1,2,ACK,451,960,2089,1,18446744073709551615,0,128,133333.33333333334,33,-103,1,-103,123.16724984190499,0,8,128,-36,33,12,,,,,,,,,
csr-ns3-feedback-observation-v1,ack_response_context,359.50974400000001,1,2,ACK,451,960,2089,1,18446744073709551615,0,128,133333.33333333334,33,-103,1,-103,123.16724984190499,0,8,128,-36,33,12,128,133333.33333333334,33,,,,,,
csr-ns3-feedback-observation-v1,feedback_selection,359.50974400000001,1,2,ACK,452,961,2090,1,18446744073709551615,0,128,133333.33333333334,33,-103,1,-103,123.16724984190499,0,8,128,-36,33,12,,,,,,,,,
csr-ns3-feedback-observation-v1,ack_response_context,359.50974400000001,1,2,ACK,452,961,2090,1,18446744073709551615,0,128,133333.33333333334,33,-103,1,-103,123.16724984190499,0,8,128,-36,33,12,128,133333.33333333334,33,,,,,,
csr-ns3-feedback-observation-v1,feedback_selection,359.50974400000001,1,2,ACK,453,962,2091,1,18446744073709551615,0,128,133333.33333333334,33,-103,1,-103,123.16724984190499,0,8,128,-36,33,12,,,,,,,,,
csr-ns3-feedback-observation-v1,ack_response_context,359.50974400000001,1,2,ACK,453,962,2091,1,18446744073709551615,0,128,133333.33333333334,33,-103,1,-103,123.16724984190499,0,8,128,-36,33,12,128,133333.33333333334,33,,,,,,
csr-ns3-feedback-observation-v1,feedback_selection,359.50974400000001,1,2,ACK,454,963,2092,1,18446744073709551615,0,128,133333.33333333334,33,-103,1,-103,123.16724984190499,0,8,128,-36,33,12,,,,,,,,,
csr-ns3-feedback-observation-v1,ack_response_context,359.50974400000001,1,2,ACK,454,963,2092,1,18446744073709551615,0,128,133333.33333333334,33,-103,1,-103,123.16724984190499,0,8,128,-36,33,12,128,133333.33333333334,33,,,,,,
csr-ns3-feedback-observation-v1,feedback_selection,359.50974400000001,1,2,ACK,455,964,2093,1,18446744073709551615,0,128,133333.33333333334,33,-103,1,-103,123.16724984190499,0,8,128,-36,33,12,,,,,,,,,
csr-ns3-feedback-observation-v1,ack_response_context,359.50974400000001,1,2,ACK,455,964,2093,1,18446744073709551615,0,128,133333.33333333334,33,-103,1,-103,123.16724984190499,0,8,128,-36,33,12,128,133333.33333333334,33,,,,,,
csr-ns3-feedback-observation-v1,feedback_selection,359.769744,1,2,ACK,456,965,2094,1,18446744073709551615,0,128,133333.33333333334,33,-103,1,-103,123.16724984190499,0,8,128,-36,33,12,,,,,,,,,
csr-ns3-feedback-observation-v1,ack_response_context,359.769744,1,2,ACK,456,965,2094,1,18446744073709551615,0,128,133333.33333333334,33,-103,1,-103,123.16724984190499,0,8,128,-36,33,12,128,133333.33333333334,33,,,,,,
csr-ns3-feedback-observation-v1,feedback_selection,359.769744,1,2,ACK,457,966,2095,1,18446744073709551615,0,128,133333.33333333334,33,-103,1,-103,123.16724984190499,0,8,128,-36,33,12,,,,,,,,,
csr-ns3-feedback-observation-v1,ack_response_context,359.769744,1,2,ACK,457,966,2095,1,18446744073709551615,0,128,133333.33333333334,33,-103,1,-103,123.16724984190499,0,8,128,-36,33,12,128,133333.33333333334,33,,,,,,
csr-ns3-feedback-observation-v1,feedback_selection,359.769744,1,2,ACK,458,967,2096,1,18446744073709551615,0,128,133333.33333333334,33,-103,1,-103,123.16724984190499,0,8,128,-36,33,12,,,,,,,,,
csr-ns3-feedback-observation-v1,ack_response_context,359.769744,1,2,ACK,458,967,2096,1,18446744073709551615,0,128,133333.33333333334,33,-103,1,-103,123.16724984190499,0,8,128,-36,33,12,128,133333.33333333334,33,,,,,,
csr-ns3-feedback-observation-v1,feedback_selection,359.769744,1,2,ACK,459,968,2097,1,18446744073709551615,0,128,133333.33333333334,33,-103,1,-103,123.16724984190499,0,8,128,-36,33,12,,,,,,,,,
csr-ns3-feedback-observation-v1,ack_response_context,359.769744,1,2,ACK,459,968,2097,1,18446744073709551615,0,128,133333.33333333334,33,-103,1,-103,123.16724984190499,0,8,128,-36,33,12,128,133333.33333333334,33,,,,,,
csr-ns3-feedback-observation-v1,feedback_selection,359.769744,1,2,ACK,460,969,2098,1,18446744073709551615,0,128,133333.33333333334,33,-103,1,-103,123.16724984190499,0,8,128,-36,33,12,,,,,,,,,
csr-ns3-feedback-observation-v1,ack_response_context,359.769744,1,2,ACK,460,969,2098,1,18446744073709551615,0,128,133333.33333333334,33,-103,1,-103,123.16724984190499,0,8,128,-36,33,12,128,133333.33333333334,33,,,,,,
csr-ns3-feedback-observation-v1,feedback_selection,359.769744,1,2,ACK,461,970,2099,1,18446744073709551615,0,128,133333.33333333334,33,-103,1,-103,123.16724984190499,0,8,128,-36,33,12,,,,,,,,,
csr-ns3-feedback-observation-v1,ack_response_context,359.769744,1,2,ACK,461,970,2099,1,18446744073709551615,0,128,133333.33333333334,33,-103,1,-103,123.16724984190499,0,8,128,-36,33,12,128,133333.33333333334,33,,,,,,
csr-ns3-feedback-observation-v1,ota_segment,359.85300000000001,1,3,ACK,478,958,2087,1,18446744073709551615,0,128,133333.33333333334,33,-103,1,-103,123.16724984190499,0,8,128,-36,33,12,128,133333.33333333334,33,128,133333.33333333334,33,4294967421,1,2
csr-ns3-feedback-observation-v1,ota_segment,359.85300000000001,1,2,ACK,461,970,2099,1,18446744073709551615,0,128,133333.33333333334,33,-103,1,-103,123.16724984190499,0,8,128,-36,33,12,128,133333.33333333334,33,128,133333.33333333334,33,4294967421,2,2
