[NWK 1] automatic_route_propagation=disabled
[NWK 1] routing_snapshot_response_enabled=false
[NWK 1] ARL neighbor admission=disabled
[NWK 1] Routing INFO changed reason=link-control limits changed
[MAC 1] active_nodes set to 3 for local slotting and post-TX wait
[MAC 1] max_reported_active_nodes updated to 3
[NWK 4] automatic_route_propagation=disabled
[NWK 4] routing_snapshot_response_enabled=false
[NWK 4] ARL neighbor admission=disabled
[NWK 4] Routing INFO changed reason=link-control limits changed
[MAC 4] active_nodes set to 3 for local slotting and post-TX wait
[MAC 4] max_reported_active_nodes updated to 3
[NWK 5] automatic_route_propagation=disabled
[NWK 5] routing_snapshot_response_enabled=false
[NWK 5] ARL neighbor admission=disabled
[NWK 5] Routing INFO changed reason=link-control limits changed
[MAC 5] active_nodes set to 3 for local slotting and post-TX wait
[MAC 5] max_reported_active_nodes updated to 3
[NWK 4] Added route candidate dst=1 nextHop=5 hops=2 cost=232 linkCost=232 advCost=0 learnedFrom=16777215 selectionDeferred=0 selected=1
[NWK 4] Updated selected-route preference dst=1 preferredNextHop=5
[NWK 4] Selected route changed dst=1 reason=candidate update pendingDestinations=1
[NWK 4] Static route link_calc dst=1 nextHop=5 pathloss=70 speed=128 txPower=33 estDistance=298 speedMargin=60 totalMargin=60 cost=232
[NWK 5] Added route candidate dst=1 nextHop=1 hops=1 cost=232 linkCost=232 advCost=0 learnedFrom=16777215 selectionDeferred=0 selected=1
[NWK 5] Updated selected-route preference dst=1 preferredNextHop=1
[NWK 5] Selected route changed dst=1 reason=candidate update pendingDestinations=1
[NWK 5] Static route link_calc dst=1 nextHop=1 pathloss=70 speed=128 txPower=33 estDistance=298 speedMargin=60 totalMargin=60 cost=232
[NWK 1] routesProcess grouped selected-route changes count=0 infoChanged=1 time=0
[NWK 1] Automatic route propagation disabled; reporting only
[NWK 4] routesProcess grouped selected-route changes count=1 infoChanged=1 time=0
[NWK 4] Best route dst=1 nextHop=5 cost=232 hops=2 learnedFrom=16777215 candidates=1 validCandidates=1
[NWK 4] Automatic route propagation disabled; reporting only
[NWK 5] routesProcess grouped selected-route changes count=1 infoChanged=1 time=0
[NWK 5] Best route dst=1 nextHop=1 cost=232 hops=1 learnedFrom=16777215 candidates=1 validCandidates=1
[NWK 5] Automatic route propagation disabled; reporting only
[NWK 4] NSDP(4->1) incremented to 1
[NWK 4] CheckNwkQueue: size=1
[HOP 4] CanSendToHop dest=5 outstanding=0 threshold=0 effectiveWindow=1 pendingData=0 globalLimit=16 neighborOK=1 nodeOK=1 -> YES
[HOP 4] link_control dest=5 neighborKnown=0 speed=128 txPower=33 rxPower=-109
[HOP 4] Pending DATA increment dest=5 pending=1
[HOP 4] TX historical-bare DATA neighbor=5 hopSeq=1
[MAC] Enqueue TX pkt dscp=0 insert_pos=0 queue_size_before=0
[MAC 4] PickTxSlot(dest=5) active_nodes_for_slotting=3 opnet_slot_range=31
[MAC 4] PickTxSlot(dest=5) avoid:
[MAC 4] PickTxSlot chose 3 using historical next_tslot modulo probe
[MAC 4] starts Pre-Tx with new slot=3 holdoff_over=0
[NWK 4] NSDP(4->1) incremented to 2
[NWK 4] CheckNwkQueue: size=1
[HOP 4] CanSendToHop dest=5 outstanding=1 threshold=0 effectiveWindow=1 pendingData=1 globalLimit=16 neighborOK=0 nodeOK=1 -> NO
[NWK 4] NSDP(4->1) incremented to 3
[NWK 4] CheckNwkQueue: size=2
[HOP 4] CanSendToHop dest=5 outstanding=1 threshold=0 effectiveWindow=1 pendingData=1 globalLimit=16 neighborOK=0 nodeOK=1 -> NO
[HOP 4] CanSendToHop dest=5 outstanding=1 threshold=0 effectiveWindow=1 pendingData=1 globalLimit=16 neighborOK=0 nodeOK=1 -> NO
[NWK 4] NSDP(4->1) incremented to 4
[NWK 4] CheckNwkQueue: size=3
[HOP 4] CanSendToHop dest=5 outstanding=1 threshold=0 effectiveWindow=1 pendingData=1 globalLimit=16 neighborOK=0 nodeOK=1 -> NO
[HOP 4] CanSendToHop dest=5 outstanding=1 threshold=0 effectiveWindow=1 pendingData=1 globalLimit=16 neighborOK=0 nodeOK=1 -> NO
[HOP 4] CanSendToHop dest=5 outstanding=1 threshold=0 effectiveWindow=1 pendingData=1 globalLimit=16 neighborOK=0 nodeOK=1 -> NO
[NWK 4] NSDP(4->1) incremented to 5
[NWK 4] CheckNwkQueue: size=4
[HOP 4] CanSendToHop dest=5 outstanding=1 threshold=0 effectiveWindow=1 pendingData=1 globalLimit=16 neighborOK=0 nodeOK=1 -> NO
[HOP 4] CanSendToHop dest=5 outstanding=1 threshold=0 effectiveWindow=1 pendingData=1 globalLimit=16 neighborOK=0 nodeOK=1 -> NO
[HOP 4] CanSendToHop dest=5 outstanding=1 threshold=0 effectiveWindow=1 pendingData=1 globalLimit=16 neighborOK=0 nodeOK=1 -> NO
[HOP 4] CanSendToHop dest=5 outstanding=1 threshold=0 effectiveWindow=1 pendingData=1 globalLimit=16 neighborOK=0 nodeOK=1 -> NO
[NWK 4] NSDP(4->1) incremented to 6
[NWK 4] CheckNwkQueue: size=5
[HOP 4] CanSendToHop dest=5 outstanding=1 threshold=0 effectiveWindow=1 pendingData=1 globalLimit=16 neighborOK=0 nodeOK=1 -> NO
[HOP 4] CanSendToHop dest=5 outstanding=1 threshold=0 effectiveWindow=1 pendingData=1 globalLimit=16 neighborOK=0 nodeOK=1 -> NO
[HOP 4] CanSendToHop dest=5 outstanding=1 threshold=0 effectiveWindow=1 pendingData=1 globalLimit=16 neighborOK=0 nodeOK=1 -> NO
[HOP 4] CanSendToHop dest=5 outstanding=1 threshold=0 effectiveWindow=1 pendingData=1 globalLimit=16 neighborOK=0 nodeOK=1 -> NO
[HOP 4] CanSendToHop dest=5 outstanding=1 threshold=0 effectiveWindow=1 pendingData=1 globalLimit=16 neighborOK=0 nodeOK=1 -> NO
[NWK 4] NSDP(4->1) incremented to 7
[NWK 4] CheckNwkQueue: size=6
[HOP 4] CanSendToHop dest=5 outstanding=1 threshold=0 effectiveWindow=1 pendingData=1 globalLimit=16 neighborOK=0 nodeOK=1 -> NO
[HOP 4] CanSendToHop dest=5 outstanding=1 threshold=0 effectiveWindow=1 pendingData=1 globalLimit=16 neighborOK=0 nodeOK=1 -> NO
[HOP 4] CanSendToHop dest=5 outstanding=1 threshold=0 effectiveWindow=1 pendingData=1 globalLimit=16 neighborOK=0 nodeOK=1 -> NO
[HOP 4] CanSendToHop dest=5 outstanding=1 threshold=0 effectiveWindow=1 pendingData=1 globalLimit=16 neighborOK=0 nodeOK=1 -> NO
[HOP 4] CanSendToHop dest=5 outstanding=1 threshold=0 effectiveWindow=1 pendingData=1 globalLimit=16 neighborOK=0 nodeOK=1 -> NO
[HOP 4] CanSendToHop dest=5 outstanding=1 threshold=0 effectiveWindow=1 pendingData=1 globalLimit=16 neighborOK=0 nodeOK=1 -> NO
[NWK 4] NSDP(4->1) incremented to 8
[NWK 4] CheckNwkQueue: size=7
[HOP 4] CanSendToHop dest=5 outstanding=1 threshold=0 effectiveWindow=1 pendingData=1 globalLimit=16 neighborOK=0 nodeOK=1 -> NO
[HOP 4] CanSendToHop dest=5 outstanding=1 threshold=0 effectiveWindow=1 pendingData=1 globalLimit=16 neighborOK=0 nodeOK=1 -> NO
[HOP 4] CanSendToHop dest=5 outstanding=1 threshold=0 effectiveWindow=1 pendingData=1 globalLimit=16 neighborOK=0 nodeOK=1 -> NO
[HOP 4] CanSendToHop dest=5 outstanding=1 threshold=0 effectiveWindow=1 pendingData=1 globalLimit=16 neighborOK=0 nodeOK=1 -> NO
[HOP 4] CanSendToHop dest=5 outstanding=1 threshold=0 effectiveWindow=1 pendingData=1 globalLimit=16 neighborOK=0 nodeOK=1 -> NO
[HOP 4] CanSendToHop dest=5 outstanding=1 threshold=0 effectiveWindow=1 pendingData=1 globalLimit=16 neighborOK=0 nodeOK=1 -> NO
[HOP 4] CanSendToHop dest=5 outstanding=1 threshold=0 effectiveWindow=1 pendingData=1 globalLimit=16 neighborOK=0 nodeOK=1 -> NO
[NWK 4] NSDP(4->1) incremented to 9
[NWK 4] CheckNwkQueue: size=8
[HOP 4] CanSendToHop dest=5 outstanding=1 threshold=0 effectiveWindow=1 pendingData=1 globalLimit=16 neighborOK=0 nodeOK=1 -> NO
[HOP 4] CanSendToHop dest=5 outstanding=1 threshold=0 effectiveWindow=1 pendingData=1 globalLimit=16 neighborOK=0 nodeOK=1 -> NO
[HOP 4] CanSendToHop dest=5 outstanding=1 threshold=0 effectiveWindow=1 pendingData=1 globalLimit=16 neighborOK=0 nodeOK=1 -> NO
[HOP 4] CanSendToHop dest=5 outstanding=1 threshold=0 effectiveWindow=1 pendingData=1 globalLimit=16 neighborOK=0 nodeOK=1 -> NO
[HOP 4] CanSendToHop dest=5 outstanding=1 threshold=0 effectiveWindow=1 pendingData=1 globalLimit=16 neighborOK=0 nodeOK=1 -> NO
[HOP 4] CanSendToHop dest=5 outstanding=1 threshold=0 effectiveWindow=1 pendingData=1 globalLimit=16 neighborOK=0 nodeOK=1 -> NO
[HOP 4] CanSendToHop dest=5 outstanding=1 threshold=0 effectiveWindow=1 pendingData=1 globalLimit=16 neighborOK=0 nodeOK=1 -> NO
[HOP 4] CanSendToHop dest=5 outstanding=1 threshold=0 effectiveWindow=1 pendingData=1 globalLimit=16 neighborOK=0 nodeOK=1 -> NO
[NWK 4] NSDP(4->1) incremented to 10
[NWK 4] CheckNwkQueue: size=9
[HOP 4] CanSendToHop dest=5 outstanding=1 threshold=0 effectiveWindow=1 pendingData=1 globalLimit=16 neighborOK=0 nodeOK=1 -> NO
[HOP 4] CanSendToHop dest=5 outstanding=1 threshold=0 effectiveWindow=1 pendingData=1 globalLimit=16 neighborOK=0 nodeOK=1 -> NO
[HOP 4] CanSendToHop dest=5 outstanding=1 threshold=0 effectiveWindow=1 pendingData=1 globalLimit=16 neighborOK=0 nodeOK=1 -> NO
[HOP 4] CanSendToHop dest=5 outstanding=1 threshold=0 effectiveWindow=1 pendingData=1 globalLimit=16 neighborOK=0 nodeOK=1 -> NO
[HOP 4] CanSendToHop dest=5 outstanding=1 threshold=0 effectiveWindow=1 pendingData=1 globalLimit=16 neighborOK=0 nodeOK=1 -> NO
[HOP 4] CanSendToHop dest=5 outstanding=1 threshold=0 effectiveWindow=1 pendingData=1 globalLimit=16 neighborOK=0 nodeOK=1 -> NO
[HOP 4] CanSendToHop dest=5 outstanding=1 threshold=0 effectiveWindow=1 pendingData=1 globalLimit=16 neighborOK=0 nodeOK=1 -> NO
[HOP 4] CanSendToHop dest=5 outstanding=1 threshold=0 effectiveWindow=1 pendingData=1 globalLimit=16 neighborOK=0 nodeOK=1 -> NO
[HOP 4] CanSendToHop dest=5 outstanding=1 threshold=0 effectiveWindow=1 pendingData=1 globalLimit=16 neighborOK=0 nodeOK=1 -> NO
[NWK 4] NSDP(4->1) incremented to 11
[NWK 4] CheckNwkQueue: size=10
[HOP 4] CanSendToHop dest=5 outstanding=1 threshold=0 effectiveWindow=1 pendingData=1 globalLimit=16 neighborOK=0 nodeOK=1 -> NO
[HOP 4] CanSendToHop dest=5 outstanding=1 threshold=0 effectiveWindow=1 pendingData=1 globalLimit=16 neighborOK=0 nodeOK=1 -> NO
[HOP 4] CanSendToHop dest=5 outstanding=1 threshold=0 effectiveWindow=1 pendingData=1 globalLimit=16 neighborOK=0 nodeOK=1 -> NO
[HOP 4] CanSendToHop dest=5 outstanding=1 threshold=0 effectiveWindow=1 pendingData=1 globalLimit=16 neighborOK=0 nodeOK=1 -> NO
[HOP 4] CanSendToHop dest=5 outstanding=1 threshold=0 effectiveWindow=1 pendingData=1 globalLimit=16 neighborOK=0 nodeOK=1 -> NO
[HOP 4] CanSendToHop dest=5 outstanding=1 threshold=0 effectiveWindow=1 pendingData=1 globalLimit=16 neighborOK=0 nodeOK=1 -> NO
[HOP 4] CanSendToHop dest=5 outstanding=1 threshold=0 effectiveWindow=1 pendingData=1 globalLimit=16 neighborOK=0 nodeOK=1 -> NO
[HOP 4] CanSendToHop dest=5 outstanding=1 threshold=0 effectiveWindow=1 pendingData=1 globalLimit=16 neighborOK=0 nodeOK=1 -> NO
[HOP 4] CanSendToHop dest=5 outstanding=1 threshold=0 effectiveWindow=1 pendingData=1 globalLimit=16 neighborOK=0 nodeOK=1 -> NO
[HOP 4] CanSendToHop dest=5 outstanding=1 threshold=0 effectiveWindow=1 pendingData=1 globalLimit=16 neighborOK=0 nodeOK=1 -> NO
[NWK 4] NSDP(4->1) incremented to 12
[NWK 4] CheckNwkQueue: size=11
[HOP 4] CanSendToHop dest=5 outstanding=1 threshold=0 effectiveWindow=1 pendingData=1 globalLimit=16 neighborOK=0 nodeOK=1 -> NO
[HOP 4] CanSendToHop dest=5 outstanding=1 threshold=0 effectiveWindow=1 pendingData=1 globalLimit=16 neighborOK=0 nodeOK=1 -> NO
[HOP 4] CanSendToHop dest=5 outstanding=1 threshold=0 effectiveWindow=1 pendingData=1 globalLimit=16 neighborOK=0 nodeOK=1 -> NO
[HOP 4] CanSendToHop dest=5 outstanding=1 threshold=0 effectiveWindow=1 pendingData=1 globalLimit=16 neighborOK=0 nodeOK=1 -> NO
[HOP 4] CanSendToHop dest=5 outstanding=1 threshold=0 effectiveWindow=1 pendingData=1 globalLimit=16 neighborOK=0 nodeOK=1 -> NO
[HOP 4] CanSendToHop dest=5 outstanding=1 threshold=0 effectiveWindow=1 pendingData=1 globalLimit=16 neighborOK=0 nodeOK=1 -> NO
[HOP 4] CanSendToHop dest=5 outstanding=1 threshold=0 effectiveWindow=1 pendingData=1 globalLimit=16 neighborOK=0 nodeOK=1 -> NO
[HOP 4] CanSendToHop dest=5 outstanding=1 threshold=0 effectiveWindow=1 pendingData=1 globalLimit=16 neighborOK=0 nodeOK=1 -> NO
[HOP 4] CanSendToHop dest=5 outstanding=1 threshold=0 effectiveWindow=1 pendingData=1 globalLimit=16 neighborOK=0 nodeOK=1 -> NO
[HOP 4] CanSendToHop dest=5 outstanding=1 threshold=0 effectiveWindow=1 pendingData=1 globalLimit=16 neighborOK=0 nodeOK=1 -> NO
[HOP 4] CanSendToHop dest=5 outstanding=1 threshold=0 effectiveWindow=1 pendingData=1 globalLimit=16 neighborOK=0 nodeOK=1 -> NO
[NWK 4] NSDP(4->1) incremented to 13
[NWK 4] CheckNwkQueue: size=12
[HOP 4] CanSendToHop dest=5 outstanding=1 threshold=0 effectiveWindow=1 pendingData=1 globalLimit=16 neighborOK=0 nodeOK=1 -> NO
[HOP 4] CanSendToHop dest=5 outstanding=1 threshold=0 effectiveWindow=1 pendingData=1 globalLimit=16 neighborOK=0 nodeOK=1 -> NO
[HOP 4] CanSendToHop dest=5 outstanding=1 threshold=0 effectiveWindow=1 pendingData=1 globalLimit=16 neighborOK=0 nodeOK=1 -> NO
[HOP 4] CanSendToHop dest=5 outstanding=1 threshold=0 effectiveWindow=1 pendingData=1 globalLimit=16 neighborOK=0 nodeOK=1 -> NO
[HOP 4] CanSendToHop dest=5 outstanding=1 threshold=0 effectiveWindow=1 pendingData=1 globalLimit=16 neighborOK=0 nodeOK=1 -> NO
[HOP 4] CanSendToHop dest=5 outstanding=1 threshold=0 effectiveWindow=1 pendingData=1 globalLimit=16 neighborOK=0 nodeOK=1 -> NO
[HOP 4] CanSendToHop dest=5 outstanding=1 threshold=0 effectiveWindow=1 pendingData=1 globalLimit=16 neighborOK=0 nodeOK=1 -> NO
[HOP 4] CanSendToHop dest=5 outstanding=1 threshold=0 effectiveWindow=1 pendingData=1 globalLimit=16 neighborOK=0 nodeOK=1 -> NO
[HOP 4] CanSendToHop dest=5 outstanding=1 threshold=0 effectiveWindow=1 pendingData=1 globalLimit=16 neighborOK=0 nodeOK=1 -> NO
[HOP 4] CanSendToHop dest=5 outstanding=1 threshold=0 effectiveWindow=1 pendingData=1 globalLimit=16 neighborOK=0 nodeOK=1 -> NO
[HOP 4] CanSendToHop dest=5 outstanding=1 threshold=0 effectiveWindow=1 pendingData=1 globalLimit=16 neighborOK=0 nodeOK=1 -> NO
[HOP 4] CanSendToHop dest=5 outstanding=1 threshold=0 effectiveWindow=1 pendingData=1 globalLimit=16 neighborOK=0 nodeOK=1 -> NO
[NWK 4] NSDP(4->1) incremented to 14
[NWK 4] CheckNwkQueue: size=13
[HOP 4] CanSendToHop dest=5 outstanding=1 threshold=0 effectiveWindow=1 pendingData=1 globalLimit=16 neighborOK=0 nodeOK=1 -> NO
[HOP 4] CanSendToHop dest=5 outstanding=1 threshold=0 effectiveWindow=1 pendingData=1 globalLimit=16 neighborOK=0 nodeOK=1 -> NO
[HOP 4] CanSendToHop dest=5 outstanding=1 threshold=0 effectiveWindow=1 pendingData=1 globalLimit=16 neighborOK=0 nodeOK=1 -> NO
[HOP 4] CanSendToHop dest=5 outstanding=1 threshold=0 effectiveWindow=1 pendingData=1 globalLimit=16 neighborOK=0 nodeOK=1 -> NO
[HOP 4] CanSendToHop dest=5 outstanding=1 threshold=0 effectiveWindow=1 pendingData=1 globalLimit=16 neighborOK=0 nodeOK=1 -> NO
[HOP 4] CanSendToHop dest=5 outstanding=1 threshold=0 effectiveWindow=1 pendingData=1 globalLimit=16 neighborOK=0 nodeOK=1 -> NO
[HOP 4] CanSendToHop dest=5 outstanding=1 threshold=0 effectiveWindow=1 pendingData=1 globalLimit=16 neighborOK=0 nodeOK=1 -> NO
[HOP 4] CanSendToHop dest=5 outstanding=1 threshold=0 effectiveWindow=1 pendingData=1 globalLimit=16 neighborOK=0 nodeOK=1 -> NO
[HOP 4] CanSendToHop dest=5 outstanding=1 threshold=0 effectiveWindow=1 pendingData=1 globalLimit=16 neighborOK=0 nodeOK=1 -> NO
[HOP 4] CanSendToHop dest=5 outstanding=1 threshold=0 effectiveWindow=1 pendingData=1 globalLimit=16 neighborOK=0 nodeOK=1 -> NO
[HOP 4] CanSendToHop dest=5 outstanding=1 threshold=0 effectiveWindow=1 pendingData=1 globalLimit=16 neighborOK=0 nodeOK=1 -> NO
[HOP 4] CanSendToHop dest=5 outstanding=1 threshold=0 effectiveWindow=1 pendingData=1 globalLimit=16 neighborOK=0 nodeOK=1 -> NO
[HOP 4] CanSendToHop dest=5 outstanding=1 threshold=0 effectiveWindow=1 pendingData=1 globalLimit=16 neighborOK=0 nodeOK=1 -> NO
[NWK 4] NSDP(4->1) incremented to 15
[NWK 4] CheckNwkQueue: size=14
[HOP 4] CanSendToHop dest=5 outstanding=1 threshold=0 effectiveWindow=1 pendingData=1 globalLimit=16 neighborOK=0 nodeOK=1 -> NO
[HOP 4] CanSendToHop dest=5 outstanding=1 threshold=0 effectiveWindow=1 pendingData=1 globalLimit=16 neighborOK=0 nodeOK=1 -> NO
[HOP 4] CanSendToHop dest=5 outstanding=1 threshold=0 effectiveWindow=1 pendingData=1 globalLimit=16 neighborOK=0 nodeOK=1 -> NO
[HOP 4] CanSendToHop dest=5 outstanding=1 threshold=0 effectiveWindow=1 pendingData=1 globalLimit=16 neighborOK=0 nodeOK=1 -> NO
[HOP 4] CanSendToHop dest=5 outstanding=1 threshold=0 effectiveWindow=1 pendingData=1 globalLimit=16 neighborOK=0 nodeOK=1 -> NO
[HOP 4] CanSendToHop dest=5 outstanding=1 threshold=0 effectiveWindow=1 pendingData=1 globalLimit=16 neighborOK=0 nodeOK=1 -> NO
[HOP 4] CanSendToHop dest=5 outstanding=1 threshold=0 effectiveWindow=1 pendingData=1 globalLimit=16 neighborOK=0 nodeOK=1 -> NO
[HOP 4] CanSendToHop dest=5 outstanding=1 threshold=0 effectiveWindow=1 pendingData=1 globalLimit=16 neighborOK=0 nodeOK=1 -> NO
[HOP 4] CanSendToHop dest=5 outstanding=1 threshold=0 effectiveWindow=1 pendingData=1 globalLimit=16 neighborOK=0 nodeOK=1 -> NO
[HOP 4] CanSendToHop dest=5 outstanding=1 threshold=0 effectiveWindow=1 pendingData=1 globalLimit=16 neighborOK=0 nodeOK=1 -> NO
[HOP 4] CanSendToHop dest=5 outstanding=1 threshold=0 effectiveWindow=1 pendingData=1 globalLimit=16 neighborOK=0 nodeOK=1 -> NO
[HOP 4] CanSendToHop dest=5 outstanding=1 threshold=0 effectiveWindow=1 pendingData=1 globalLimit=16 neighborOK=0 nodeOK=1 -> NO
[HOP 4] CanSendToHop dest=5 outstanding=1 threshold=0 effectiveWindow=1 pendingData=1 globalLimit=16 neighborOK=0 nodeOK=1 -> NO
[HOP 4] CanSendToHop dest=5 outstanding=1 threshold=0 effectiveWindow=1 pendingData=1 globalLimit=16 neighborOK=0 nodeOK=1 -> NO
[NWK 4] NSDP(4->1) incremented to 16
[MAC 4] OPNET 300-ms transmit holdoff complete
[NWK 4] CheckNwkQueue: size=15
[HOP 4] CanSendToHop dest=5 outstanding=1 threshold=0 effectiveWindow=1 pendingData=1 globalLimit=16 neighborOK=0 nodeOK=1 -> NO
[HOP 4] CanSendToHop dest=5 outstanding=1 threshold=0 effectiveWindow=1 pendingData=1 globalLimit=16 neighborOK=0 nodeOK=1 -> NO
[HOP 4] CanSendToHop dest=5 outstanding=1 threshold=0 effectiveWindow=1 pendingData=1 globalLimit=16 neighborOK=0 nodeOK=1 -> NO
[HOP 4] CanSendToHop dest=5 outstanding=1 threshold=0 effectiveWindow=1 pendingData=1 globalLimit=16 neighborOK=0 nodeOK=1 -> NO
[HOP 4] CanSendToHop dest=5 outstanding=1 threshold=0 effectiveWindow=1 pendingData=1 globalLimit=16 neighborOK=0 nodeOK=1 -> NO
[HOP 4] CanSendToHop dest=5 outstanding=1 threshold=0 effectiveWindow=1 pendingData=1 globalLimit=16 neighborOK=0 nodeOK=1 -> NO
[HOP 4] CanSendToHop dest=5 outstanding=1 threshold=0 effectiveWindow=1 pendingData=1 globalLimit=16 neighborOK=0 nodeOK=1 -> NO
[HOP 4] CanSendToHop dest=5 outstanding=1 threshold=0 effectiveWindow=1 pendingData=1 globalLimit=16 neighborOK=0 nodeOK=1 -> NO
[HOP 4] CanSendToHop dest=5 outstanding=1 threshold=0 effectiveWindow=1 pendingData=1 globalLimit=16 neighborOK=0 nodeOK=1 -> NO
[HOP 4] CanSendToHop dest=5 outstanding=1 threshold=0 effectiveWindow=1 pendingData=1 globalLimit=16 neighborOK=0 nodeOK=1 -> NO
[HOP 4] CanSendToHop dest=5 outstanding=1 threshold=0 effectiveWindow=1 pendingData=1 globalLimit=16 neighborOK=0 nodeOK=1 -> NO
[HOP 4] CanSendToHop dest=5 outstanding=1 threshold=0 effectiveWindow=1 pendingData=1 globalLimit=16 neighborOK=0 nodeOK=1 -> NO
[HOP 4] CanSendToHop dest=5 outstanding=1 threshold=0 effectiveWindow=1 pendingData=1 globalLimit=16 neighborOK=0 nodeOK=1 -> NO
[HOP 4] CanSendToHop dest=5 outstanding=1 threshold=0 effectiveWindow=1 pendingData=1 globalLimit=16 neighborOK=0 nodeOK=1 -> NO
[HOP 4] CanSendToHop dest=5 outstanding=1 threshold=0 effectiveWindow=1 pendingData=1 globalLimit=16 neighborOK=0 nodeOK=1 -> NO
[MAC 4] PickTxSlot(dest=5) active_nodes_for_slotting=3 opnet_slot_range=31
[MAC 4] PickTxSlot(dest=5) avoid:
[MAC 4] PickTxSlot chose 7 using historical next_tslot modulo probe
[MAC 4] TX opportunity reached currentSlot=3 reserveNextSlot=7
... type=0 speedKey=128[t=0.351] TX from node 4 to dest 5 seq 1 size 48 bytes segments 1 at slot 7 rate 128 kbps txPower 33 dBm (133333 bps) preamble SHORT duration 0.0225 s
[HOP 4] MAC sent confirmation dest=5 seq=1 transmission=1 sentAt=0.351
[MAC 4] OPNET aggregate transmitted segments=1 ackSegments=0 dataSegments=1 bytes=48 rate=128
[MAC 4] post-TX WAIT_FOR_ACK until 20.3735 (POST_TX_WAIT=20 s)
[MAC 5] Learned neighbor 4 uses slot 7 (rtCounter=7)
[HOP 5] New neighbor 4 heard at t=0.373501s
[HOP 5] link_control dest=4 neighborKnown=1 s0=-109 pathloss=70 failures=0 speed=128 txPower=33 rxPower=-109 cost=116
[NWK 5] Added reverse path netSrc=4 reverseHop=4
[MAC 5] Enqueue ACK dest=4 seq=1 window=1 ack_queue_size=1
[NWK 5] CheckNwkQueue: size=1
[HOP 5] CanSendToHop dest=1 outstanding=0 threshold=0 effectiveWindow=1 pendingData=0 globalLimit=16 neighborOK=1 nodeOK=1 -> YES
[HOP 5] link_control dest=1 neighborKnown=0 speed=128 txPower=33 rxPower=-109
[HOP 5] Pending DATA increment dest=1 pending=1
[HOP 5] TX historical-bare DATA neighbor=1 hopSeq=1
[MAC] Enqueue TX pkt dscp=0 insert_pos=0 queue_size_before=0
[MAC 5] PickTxSlot(dest=4) active_nodes_for_slotting=3 opnet_slot_range=31
[MAC 5] avoiding neighbor 4 currentReservedSlot=6 rtslot_counter=6
[MAC 5] PickTxSlot(dest=4) avoid: 6
[MAC 5] PickTxSlot chose 9 using historical next_tslot modulo probe
[MAC 5] starts Pre-Tx with new slot=9 holdoff_over=0
[MAC 4] local advertised reservation expired
[MAC 5] rtslot_counter expired for neighbor 4 reserveSlot=7
[MAC 5] OPNET 300-ms transmit holdoff complete
[MAC 5] PickTxSlot(dest=4) active_nodes_for_slotting=3 opnet_slot_range=31
[MAC 5] PickTxSlot(dest=4) avoid:
[MAC 5] PickTxSlot chose 1 using historical next_tslot modulo probe
[MAC 5] TX opportunity reached currentSlot=9 reserveNextSlot=1
... type=1 speedKey=128[t=0.802501] TX from node 5 to dest 4 seq 1 size 89 bytes segments 2 at slot 1 rate 128 kbps txPower 33 dBm (133333 bps) preamble SHORT duration 0.02496 s
[HOP 5] MAC sent confirmation dest=1 seq=1 transmission=1 sentAt=0.802501
[MAC 5] ACK transmitted in aggregate dest=4 seq=1 txCount=1/5
[MAC 5] OPNET aggregate transmitted segments=2 ackSegments=1 dataSegments=1 bytes=89 rate=128
[MAC 5] resumes Pre-Tx with live slot=1 counter=1
[MAC 4] Learned neighbor 5 uses slot 1 (rtCounter=1)
[HOP 4] New neighbor 5 heard at t=0.827462s
[HOP 4] RX ACK from 5 seq=1
[HOP 4] Pending DATA decrement reason=ACK neighbor=5 pending=0
[NWK 4] NSDP(4->1) decremented to 15
[NWK 4] HOP completion released NSDP slot; awaiting HOP queue wake flow=4->1
[MAC 1] Learned neighbor 5 uses slot 1 (rtCounter=1)
[HOP 1] New neighbor 5 heard at t=0.827462s
[HOP 1] link_control dest=5 neighborKnown=1 s0=-109 pathloss=70 failures=0 speed=128 txPower=33 rxPower=-109 cost=116
[MAC 1] Enqueue ACK dest=5 seq=1 window=1 ack_queue_size=1
[NWK 1] Added reverse path netSrc=4 reverseHop=5
[NWK 4] CheckNwkQueue: size=15
[HOP 4] CanSendToHop dest=5 outstanding=0 threshold=0 effectiveWindow=1 pendingData=0 globalLimit=16 neighborOK=1 nodeOK=1 -> YES
[HOP 4] link_control dest=5 neighborKnown=1 s0=-109 pathloss=70 failures=0 speed=128 txPower=33 rxPower=-109 cost=116
[HOP 4] Pending DATA increment dest=5 pending=1
[HOP 4] TX historical-bare DATA neighbor=5 hopSeq=2
[MAC] Enqueue TX pkt dscp=0 insert_pos=0 queue_size_before=0
[HOP 4] CanSendToHop dest=5 outstanding=1 threshold=0 effectiveWindow=1 pendingData=1 globalLimit=16 neighborOK=0 nodeOK=1 -> NO
[HOP 4] CanSendToHop dest=5 outstanding=1 threshold=0 effectiveWindow=1 pendingData=1 globalLimit=16 neighborOK=0 nodeOK=1 -> NO
[HOP 4] CanSendToHop dest=5 outstanding=1 threshold=0 effectiveWindow=1 pendingData=1 globalLimit=16 neighborOK=0 nodeOK=1 -> NO
[HOP 4] CanSendToHop dest=5 outstanding=1 threshold=0 effectiveWindow=1 pendingData=1 globalLimit=16 neighborOK=0 nodeOK=1 -> NO
[HOP 4] CanSendToHop dest=5 outstanding=1 threshold=0 effectiveWindow=1 pendingData=1 globalLimit=16 neighborOK=0 nodeOK=1 -> NO
[HOP 4] CanSendToHop dest=5 outstanding=1 threshold=0 effectiveWindow=1 pendingData=1 globalLimit=16 neighborOK=0 nodeOK=1 -> NO
[HOP 4] CanSendToHop dest=5 outstanding=1 threshold=0 effectiveWindow=1 pendingData=1 globalLimit=16 neighborOK=0 nodeOK=1 -> NO
[HOP 4] CanSendToHop dest=5 outstanding=1 threshold=0 effectiveWindow=1 pendingData=1 globalLimit=16 neighborOK=0 nodeOK=1 -> NO
[HOP 4] CanSendToHop dest=5 outstanding=1 threshold=0 effectiveWindow=1 pendingData=1 globalLimit=16 neighborOK=0 nodeOK=1 -> NO
[HOP 4] CanSendToHop dest=5 outstanding=1 threshold=0 effectiveWindow=1 pendingData=1 globalLimit=16 neighborOK=0 nodeOK=1 -> NO
[HOP 4] CanSendToHop dest=5 outstanding=1 threshold=0 effectiveWindow=1 pendingData=1 globalLimit=16 neighborOK=0 nodeOK=1 -> NO
[HOP 4] CanSendToHop dest=5 outstanding=1 threshold=0 effectiveWindow=1 pendingData=1 globalLimit=16 neighborOK=0 nodeOK=1 -> NO
[HOP 4] CanSendToHop dest=5 outstanding=1 threshold=0 effectiveWindow=1 pendingData=1 globalLimit=16 neighborOK=0 nodeOK=1 -> NO
[HOP 4] CanSendToHop dest=5 outstanding=1 threshold=0 effectiveWindow=1 pendingData=1 globalLimit=16 neighborOK=0 nodeOK=1 -> NO
[MAC 4] PickTxSlot(dest=5) active_nodes_for_slotting=3 opnet_slot_range=31
[MAC 4] avoiding neighbor 5 currentReservedSlot=0 rtslot_counter=0
[MAC 4] PickTxSlot(dest=5) avoid:
[MAC 4] PickTxSlot chose 3 using historical next_tslot modulo probe
[MAC 4] starts Pre-Tx with new slot=3 holdoff_over=1
[NWK 4] NSDP(4->1) incremented to 16
[NWK 4] CheckNwkQueue: size=15
[HOP 4] CanSendToHop dest=5 outstanding=1 threshold=0 effectiveWindow=1 pendingData=1 globalLimit=16 neighborOK=0 nodeOK=1 -> NO
[HOP 4] CanSendToHop dest=5 outstanding=1 threshold=0 effectiveWindow=1 pendingData=1 globalLimit=16 neighborOK=0 nodeOK=1 -> NO
[HOP 4] CanSendToHop dest=5 outstanding=1 threshold=0 effectiveWindow=1 pendingData=1 globalLimit=16 neighborOK=0 nodeOK=1 -> NO
[HOP 4] CanSendToHop dest=5 outstanding=1 threshold=0 effectiveWindow=1 pendingData=1 globalLimit=16 neighborOK=0 nodeOK=1 -> NO
[HOP 4] CanSendToHop dest=5 outstanding=1 threshold=0 effectiveWindow=1 pendingData=1 globalLimit=16 neighborOK=0 nodeOK=1 -> NO
[HOP 4] CanSendToHop dest=5 outstanding=1 threshold=0 effectiveWindow=1 pendingData=1 globalLimit=16 neighborOK=0 nodeOK=1 -> NO
[HOP 4] CanSendToHop dest=5 outstanding=1 threshold=0 effectiveWindow=1 pendingData=1 globalLimit=16 neighborOK=0 nodeOK=1 -> NO
[HOP 4] CanSendToHop dest=5 outstanding=1 threshold=0 effectiveWindow=1 pendingData=1 globalLimit=16 neighborOK=0 nodeOK=1 -> NO
[HOP 4] CanSendToHop dest=5 outstanding=1 threshold=0 effectiveWindow=1 pendingData=1 globalLimit=16 neighborOK=0 nodeOK=1 -> NO
[HOP 4] CanSendToHop dest=5 outstanding=1 threshold=0 effectiveWindow=1 pendingData=1 globalLimit=16 neighborOK=0 nodeOK=1 -> NO
[HOP 4] CanSendToHop dest=5 outstanding=1 threshold=0 effectiveWindow=1 pendingData=1 globalLimit=16 neighborOK=0 nodeOK=1 -> NO
[HOP 4] CanSendToHop dest=5 outstanding=1 threshold=0 effectiveWindow=1 pendingData=1 globalLimit=16 neighborOK=0 nodeOK=1 -> NO
[HOP 4] CanSendToHop dest=5 outstanding=1 threshold=0 effectiveWindow=1 pendingData=1 globalLimit=16 neighborOK=0 nodeOK=1 -> NO
[HOP 4] CanSendToHop dest=5 outstanding=1 threshold=0 effectiveWindow=1 pendingData=1 globalLimit=16 neighborOK=0 nodeOK=1 -> NO
[HOP 4] CanSendToHop dest=5 outstanding=1 threshold=0 effectiveWindow=1 pendingData=1 globalLimit=16 neighborOK=0 nodeOK=1 -> NO
[MAC 1] PickTxSlot(dest=5) active_nodes_for_slotting=3 opnet_slot_range=31
[MAC 1] avoiding neighbor 5 currentReservedSlot=0 rtslot_counter=0
[MAC 1] PickTxSlot(dest=5) avoid:
[MAC 1] PickTxSlot chose 1 using historical next_tslot modulo probe
[MAC 1] starts Pre-Tx with new slot=1 holdoff_over=0
[MAC 5] PickTxSlot(dest=4) active_nodes_for_slotting=3 opnet_slot_range=31
[MAC 5] PickTxSlot(dest=4) avoid:
[MAC 5] PickTxSlot chose 9 using historical next_tslot modulo probe
[MAC 5] TX opportunity reached currentSlot=1 reserveNextSlot=9
... type=1 speedKey=128[t=0.841501] TX from node 5 to dest 4 seq 1 size 41 bytes segments 1 at slot 9 rate 128 kbps txPower 33 dBm (133333 bps) preamble SHORT duration 0.02208 s
[MAC 5] ACK transmitted in aggregate dest=4 seq=1 txCount=2/5
[MAC 5] OPNET aggregate transmitted segments=1 ackSegments=1 dataSegments=0 bytes=41 rate=128
[MAC 4] rtslot_counter expired for neighbor 5 reserveSlot=1
[MAC 1] rtslot_counter expired for neighbor 5 reserveSlot=1
[MAC 5] resumes Pre-Tx with live slot=9 counter=9
[MAC 4] Learned neighbor 5 uses slot 9 (rtCounter=9)
[HOP 4] RX ACK from 5 seq=1
[NWK 4] CheckNwkQueue: size=15
[HOP 4] CanSendToHop dest=5 outstanding=1 threshold=0 effectiveWindow=1 pendingData=1 globalLimit=16 neighborOK=0 nodeOK=1 -> NO
[HOP 4] CanSendToHop dest=5 outstanding=1 threshold=0 effectiveWindow=1 pendingData=1 globalLimit=16 neighborOK=0 nodeOK=1 -> NO
[HOP 4] CanSendToHop dest=5 outstanding=1 threshold=0 effectiveWindow=1 pendingData=1 globalLimit=16 neighborOK=0 nodeOK=1 -> NO
[HOP 4] CanSendToHop dest=5 outstanding=1 threshold=0 effectiveWindow=1 pendingData=1 globalLimit=16 neighborOK=0 nodeOK=1 -> NO
[HOP 4] CanSendToHop dest=5 outstanding=1 threshold=0 effectiveWindow=1 pendingData=1 globalLimit=16 neighborOK=0 nodeOK=1 -> NO
[HOP 4] CanSendToHop dest=5 outstanding=1 threshold=0 effectiveWindow=1 pendingData=1 globalLimit=16 neighborOK=0 nodeOK=1 -> NO
[HOP 4] CanSendToHop dest=5 outstanding=1 threshold=0 effectiveWindow=1 pendingData=1 globalLimit=16 neighborOK=0 nodeOK=1 -> NO
[HOP 4] CanSendToHop dest=5 outstanding=1 threshold=0 effectiveWindow=1 pendingData=1 globalLimit=16 neighborOK=0 nodeOK=1 -> NO
[HOP 4] CanSendToHop dest=5 outstanding=1 threshold=0 effectiveWindow=1 pendingData=1 globalLimit=16 neighborOK=0 nodeOK=1 -> NO
[HOP 4] CanSendToHop dest=5 outstanding=1 threshold=0 effectiveWindow=1 pendingData=1 globalLimit=16 neighborOK=0 nodeOK=1 -> NO
[HOP 4] CanSendToHop dest=5 outstanding=1 threshold=0 effectiveWindow=1 pendingData=1 globalLimit=16 neighborOK=0 nodeOK=1 -> NO
[HOP 4] CanSendToHop dest=5 outstanding=1 threshold=0 effectiveWindow=1 pendingData=1 globalLimit=16 neighborOK=0 nodeOK=1 -> NO
[HOP 4] CanSendToHop dest=5 outstanding=1 threshold=0 effectiveWindow=1 pendingData=1 globalLimit=16 neighborOK=0 nodeOK=1 -> NO
[HOP 4] CanSendToHop dest=5 outstanding=1 threshold=0 effectiveWindow=1 pendingData=1 globalLimit=16 neighborOK=0 nodeOK=1 -> NO
[HOP 4] CanSendToHop dest=5 outstanding=1 threshold=0 effectiveWindow=1 pendingData=1 globalLimit=16 neighborOK=0 nodeOK=1 -> NO
[MAC 4] PickTxSlot(dest=5) active_nodes_for_slotting=3 opnet_slot_range=31
[MAC 4] avoiding neighbor 5 currentReservedSlot=7 rtslot_counter=7
[MAC 4] PickTxSlot(dest=5) avoid: 7
[MAC 4] PickTxSlot chose 8 using historical next_tslot modulo probe
[MAC 4] TX opportunity reached currentSlot=3 reserveNextSlot=8
... type=0 speedKey=128[t=0.884] TX from node 4 to dest 5 seq 2 size 48 bytes segments 1 at slot 8 rate 128 kbps txPower 33 dBm (133333 bps) preamble SHORT duration 0.0225 s
[HOP 4] MAC sent confirmation dest=5 seq=2 transmission=1 sentAt=0.884
[MAC 4] OPNET aggregate transmitted segments=1 ackSegments=0 dataSegments=1 bytes=48 rate=128
[MAC 4] post-TX WAIT_FOR_ACK until 20.9065 (POST_TX_WAIT=20 s)
[MAC 5] Learned neighbor 4 uses slot 8 (rtCounter=8)
[HOP 5] link_control dest=4 neighborKnown=1 s0=-109 pathloss=70 failures=0 speed=128 txPower=33 rxPower=-109 cost=116
[NWK 5] Updated reverse path netSrc=4 reverseHop=4
[MAC 5] Update cumulative ACK queue entry dest=4 baseSeq=2 txCount=0
[NWK 5] CheckNwkQueue: size=1
[HOP 5] CanSendToHop dest=1 outstanding=1 threshold=0 effectiveWindow=1 pendingData=1 globalLimit=16 neighborOK=0 nodeOK=1 -> NO
[MAC 5] PickTxSlot(dest=4) active_nodes_for_slotting=3 opnet_slot_range=31
[MAC 5] avoiding neighbor 4 currentReservedSlot=1 rtslot_counter=1
[MAC 5] PickTxSlot(dest=4) avoid: 1
[MAC 5] PickTxSlot chose 2 using historical next_tslot modulo probe
[MAC 5] TX opportunity reached currentSlot=9 reserveNextSlot=2
... type=1 speedKey=128[t=0.984501] TX from node 5 to dest 4 seq 2 size 41 bytes segments 1 at slot 2 rate 128 kbps txPower 33 dBm (133333 bps) preamble SHORT duration 0.02208 s
[MAC 5] ACK transmitted in aggregate dest=4 seq=2 txCount=1/5
[MAC 5] OPNET aggregate transmitted segments=1 ackSegments=1 dataSegments=0 bytes=41 rate=128
[MAC 4] rtslot_counter expired for neighbor 5 reserveSlot=9
[MAC 5] resumes Pre-Tx with live slot=2 counter=2
[MAC 4] Learned neighbor 5 uses slot 2 (rtCounter=2)
[HOP 4] RX ACK from 5 seq=2
[HOP 4] Pending DATA decrement reason=ACK neighbor=5 pending=0
[NWK 4] NSDP(4->1) decremented to 15
[NWK 4] HOP completion released NSDP slot; awaiting HOP queue wake flow=4->1
[NWK 4] CheckNwkQueue: size=15
[HOP 4] CanSendToHop dest=5 outstanding=0 threshold=0 effectiveWindow=1 pendingData=0 globalLimit=16 neighborOK=1 nodeOK=1 -> YES
[HOP 4] link_control dest=5 neighborKnown=1 s0=-109 pathloss=70 failures=0 speed=128 txPower=33 rxPower=-109 cost=116
[HOP 4] Pending DATA increment dest=5 pending=1
[HOP 4] TX historical-bare DATA neighbor=5 hopSeq=3
[MAC] Enqueue TX pkt dscp=0 insert_pos=0 queue_size_before=0
[HOP 4] CanSendToHop dest=5 outstanding=1 threshold=0 effectiveWindow=1 pendingData=1 globalLimit=16 neighborOK=0 nodeOK=1 -> NO
[HOP 4] CanSendToHop dest=5 outstanding=1 threshold=0 effectiveWindow=1 pendingData=1 globalLimit=16 neighborOK=0 nodeOK=1 -> NO
[HOP 4] CanSendToHop dest=5 outstanding=1 threshold=0 effectiveWindow=1 pendingData=1 globalLimit=16 neighborOK=0 nodeOK=1 -> NO
[HOP 4] CanSendToHop dest=5 outstanding=1 threshold=0 effectiveWindow=1 pendingData=1 globalLimit=16 neighborOK=0 nodeOK=1 -> NO
[HOP 4] CanSendToHop dest=5 outstanding=1 threshold=0 effectiveWindow=1 pendingData=1 globalLimit=16 neighborOK=0 nodeOK=1 -> NO
[HOP 4] CanSendToHop dest=5 outstanding=1 threshold=0 effectiveWindow=1 pendingData=1 globalLimit=16 neighborOK=0 nodeOK=1 -> NO
[HOP 4] CanSendToHop dest=5 outstanding=1 threshold=0 effectiveWindow=1 pendingData=1 globalLimit=16 neighborOK=0 nodeOK=1 -> NO
[HOP 4] CanSendToHop dest=5 outstanding=1 threshold=0 effectiveWindow=1 pendingData=1 globalLimit=16 neighborOK=0 nodeOK=1 -> NO
[HOP 4] CanSendToHop dest=5 outstanding=1 threshold=0 effectiveWindow=1 pendingData=1 globalLimit=16 neighborOK=0 nodeOK=1 -> NO
[HOP 4] CanSendToHop dest=5 outstanding=1 threshold=0 effectiveWindow=1 pendingData=1 globalLimit=16 neighborOK=0 nodeOK=1 -> NO
[HOP 4] CanSendToHop dest=5 outstanding=1 threshold=0 effectiveWindow=1 pendingData=1 globalLimit=16 neighborOK=0 nodeOK=1 -> NO
[HOP 4] CanSendToHop dest=5 outstanding=1 threshold=0 effectiveWindow=1 pendingData=1 globalLimit=16 neighborOK=0 nodeOK=1 -> NO
[HOP 4] CanSendToHop dest=5 outstanding=1 threshold=0 effectiveWindow=1 pendingData=1 globalLimit=16 neighborOK=0 nodeOK=1 -> NO
[HOP 4] CanSendToHop dest=5 outstanding=1 threshold=0 effectiveWindow=1 pendingData=1 globalLimit=16 neighborOK=0 nodeOK=1 -> NO
[MAC 4] local advertised reservation expired
[MAC 4] PickTxSlot(dest=5) active_nodes_for_slotting=3 opnet_slot_range=31
[MAC 4] avoiding neighbor 5 currentReservedSlot=1 rtslot_counter=1
[MAC 4] PickTxSlot(dest=5) avoid: 1
[MAC 4] PickTxSlot chose 3 using historical next_tslot modulo probe
[MAC 4] starts Pre-Tx with new slot=3 holdoff_over=1
[NWK 4] NSDP(4->1) incremented to 16
[NWK 4] CheckNwkQueue: size=15
[HOP 4] CanSendToHop dest=5 outstanding=1 threshold=0 effectiveWindow=1 pendingData=1 globalLimit=16 neighborOK=0 nodeOK=1 -> NO
[HOP 4] CanSendToHop dest=5 outstanding=1 threshold=0 effectiveWindow=1 pendingData=1 globalLimit=16 neighborOK=0 nodeOK=1 -> NO
[HOP 4] CanSendToHop dest=5 outstanding=1 threshold=0 effectiveWindow=1 pendingData=1 globalLimit=16 neighborOK=0 nodeOK=1 -> NO
[HOP 4] CanSendToHop dest=5 outstanding=1 threshold=0 effectiveWindow=1 pendingData=1 globalLimit=16 neighborOK=0 nodeOK=1 -> NO
[HOP 4] CanSendToHop dest=5 outstanding=1 threshold=0 effectiveWindow=1 pendingData=1 globalLimit=16 neighborOK=0 nodeOK=1 -> NO
[HOP 4] CanSendToHop dest=5 outstanding=1 threshold=0 effectiveWindow=1 pendingData=1 globalLimit=16 neighborOK=0 nodeOK=1 -> NO
[HOP 4] CanSendToHop dest=5 outstanding=1 threshold=0 effectiveWindow=1 pendingData=1 globalLimit=16 neighborOK=0 nodeOK=1 -> NO
[HOP 4] CanSendToHop dest=5 outstanding=1 threshold=0 effectiveWindow=1 pendingData=1 globalLimit=16 neighborOK=0 nodeOK=1 -> NO
[HOP 4] CanSendToHop dest=5 outstanding=1 threshold=0 effectiveWindow=1 pendingData=1 globalLimit=16 neighborOK=0 nodeOK=1 -> NO
[HOP 4] CanSendToHop dest=5 outstanding=1 threshold=0 effectiveWindow=1 pendingData=1 globalLimit=16 neighborOK=0 nodeOK=1 -> NO
[HOP 4] CanSendToHop dest=5 outstanding=1 threshold=0 effectiveWindow=1 pendingData=1 globalLimit=16 neighborOK=0 nodeOK=1 -> NO
[HOP 4] CanSendToHop dest=5 outstanding=1 threshold=0 effectiveWindow=1 pendingData=1 globalLimit=16 neighborOK=0 nodeOK=1 -> NO
[HOP 4] CanSendToHop dest=5 outstanding=1 threshold=0 effectiveWindow=1 pendingData=1 globalLimit=16 neighborOK=0 nodeOK=1 -> NO
[HOP 4] CanSendToHop dest=5 outstanding=1 threshold=0 effectiveWindow=1 pendingData=1 globalLimit=16 neighborOK=0 nodeOK=1 -> NO
[HOP 4] CanSendToHop dest=5 outstanding=1 threshold=0 effectiveWindow=1 pendingData=1 globalLimit=16 neighborOK=0 nodeOK=1 -> NO
[MAC 5] rtslot_counter expired for neighbor 4 reserveSlot=8
[MAC 5] PickTxSlot(dest=4) active_nodes_for_slotting=3 opnet_slot_range=31
[MAC 5] PickTxSlot(dest=4) avoid:
[MAC 5] PickTxSlot chose 9 using historical next_tslot modulo probe
[MAC 5] TX opportunity reached currentSlot=2 reserveNextSlot=9
... type=1 speedKey=128[t=1.0365] TX from node 5 to dest 4 seq 2 size 41 bytes segments 1 at slot 9 rate 128 kbps txPower 33 dBm (133333 bps) preamble SHORT duration 0.02208 s
[MAC 5] ACK transmitted in aggregate dest=4 seq=2 txCount=2/5
[MAC 5] OPNET aggregate transmitted segments=1 ackSegments=1 dataSegments=0 bytes=41 rate=128
[MAC 4] rtslot_counter expired for neighbor 5 reserveSlot=2
[MAC 5] resumes Pre-Tx with live slot=9 counter=9
[MAC 4] Learned neighbor 5 uses slot 9 (rtCounter=9)
[HOP 4] RX ACK from 5 seq=2
[NWK 4] CheckNwkQueue: size=15
[HOP 4] CanSendToHop dest=5 outstanding=1 threshold=0 effectiveWindow=1 pendingData=1 globalLimit=16 neighborOK=0 nodeOK=1 -> NO
[HOP 4] CanSendToHop dest=5 outstanding=1 threshold=0 effectiveWindow=1 pendingData=1 globalLimit=16 neighborOK=0 nodeOK=1 -> NO
[HOP 4] CanSendToHop dest=5 outstanding=1 threshold=0 effectiveWindow=1 pendingData=1 globalLimit=16 neighborOK=0 nodeOK=1 -> NO
[HOP 4] CanSendToHop dest=5 outstanding=1 threshold=0 effectiveWindow=1 pendingData=1 globalLimit=16 neighborOK=0 nodeOK=1 -> NO
[HOP 4] CanSendToHop dest=5 outstanding=1 threshold=0 effectiveWindow=1 pendingData=1 globalLimit=16 neighborOK=0 nodeOK=1 -> NO
[HOP 4] CanSendToHop dest=5 outstanding=1 threshold=0 effectiveWindow=1 pendingData=1 globalLimit=16 neighborOK=0 nodeOK=1 -> NO
[HOP 4] CanSendToHop dest=5 outstanding=1 threshold=0 effectiveWindow=1 pendingData=1 globalLimit=16 neighborOK=0 nodeOK=1 -> NO
[HOP 4] CanSendToHop dest=5 outstanding=1 threshold=0 effectiveWindow=1 pendingData=1 globalLimit=16 neighborOK=0 nodeOK=1 -> NO
[HOP 4] CanSendToHop dest=5 outstanding=1 threshold=0 effectiveWindow=1 pendingData=1 globalLimit=16 neighborOK=0 nodeOK=1 -> NO
[HOP 4] CanSendToHop dest=5 outstanding=1 threshold=0 effectiveWindow=1 pendingData=1 globalLimit=16 neighborOK=0 nodeOK=1 -> NO
[HOP 4] CanSendToHop dest=5 outstanding=1 threshold=0 effectiveWindow=1 pendingData=1 globalLimit=16 neighborOK=0 nodeOK=1 -> NO
[HOP 4] CanSendToHop dest=5 outstanding=1 threshold=0 effectiveWindow=1 pendingData=1 globalLimit=16 neighborOK=0 nodeOK=1 -> NO
[HOP 4] CanSendToHop dest=5 outstanding=1 threshold=0 effectiveWindow=1 pendingData=1 globalLimit=16 neighborOK=0 nodeOK=1 -> NO
[HOP 4] CanSendToHop dest=5 outstanding=1 threshold=0 effectiveWindow=1 pendingData=1 globalLimit=16 neighborOK=0 nodeOK=1 -> NO
[HOP 4] CanSendToHop dest=5 outstanding=1 threshold=0 effectiveWindow=1 pendingData=1 globalLimit=16 neighborOK=0 nodeOK=1 -> NO
[MAC 4] PickTxSlot(dest=5) active_nodes_for_slotting=3 opnet_slot_range=31
[MAC 4] avoiding neighbor 5 currentReservedSlot=8 rtslot_counter=8
[MAC 4] PickTxSlot(dest=5) avoid: 8
[MAC 4] PickTxSlot chose 7 using historical next_tslot modulo probe
[MAC 4] TX opportunity reached currentSlot=3 reserveNextSlot=7
... type=0 speedKey=128[t=1.066] TX from node 4 to dest 5 seq 3 size 48 bytes segments 1 at slot 7 rate 128 kbps txPower 33 dBm (133333 bps) preamble SHORT duration 0.0225 s
[HOP 4] MAC sent confirmation dest=5 seq=3 transmission=1 sentAt=1.066
[MAC 4] OPNET aggregate transmitted segments=1 ackSegments=0 dataSegments=1 bytes=48 rate=128
[MAC 4] post-TX WAIT_FOR_ACK until 21.0885 (POST_TX_WAIT=20 s)
[MAC 5] Learned neighbor 4 uses slot 7 (rtCounter=7)
[HOP 5] link_control dest=4 neighborKnown=1 s0=-109 pathloss=70 failures=0 speed=128 txPower=33 rxPower=-109 cost=116
[NWK 5] Updated reverse path netSrc=4 reverseHop=4
[MAC 5] Update cumulative ACK queue entry dest=4 baseSeq=3 txCount=0
[NWK 5] CheckNwkQueue: size=2
[HOP 5] CanSendToHop dest=1 outstanding=1 threshold=0 effectiveWindow=1 pendingData=1 globalLimit=16 neighborOK=0 nodeOK=1 -> NO
[HOP 5] CanSendToHop dest=1 outstanding=1 threshold=0 effectiveWindow=1 pendingData=1 globalLimit=16 neighborOK=0 nodeOK=1 -> NO
[MAC 1] OPNET 300-ms transmit holdoff complete
[MAC 1] PickTxSlot(dest=5) active_nodes_for_slotting=3 opnet_slot_range=31
[MAC 1] PickTxSlot(dest=5) avoid:
[MAC 1] PickTxSlot chose 1 using historical next_tslot modulo probe
[MAC 1] TX opportunity reached currentSlot=1 reserveNextSlot=1
... type=1 speedKey=128[t=1.15246] TX from node 1 to dest 5 seq 1 size 41 bytes segments 1 at slot 1 rate 128 kbps txPower 33 dBm (133333 bps) preamble SHORT duration 0.02208 s
[MAC 1] ACK transmitted in aggregate dest=5 seq=1 txCount=1/5
[MAC 1] OPNET aggregate transmitted segments=1 ackSegments=1 dataSegments=0 bytes=41 rate=128
[MAC 1] resumes Pre-Tx with live slot=1 counter=1
[MAC 5] Learned neighbor 1 uses slot 1 (rtCounter=1)
[HOP 5] New neighbor 1 heard at t=1.17454s
[HOP 5] RX ACK from 1 seq=1
[HOP 5] Pending DATA decrement reason=ACK neighbor=1 pending=0
[NWK 5] NSDP(4->1) decremented to 2
[NWK 5] HOP completion released NSDP slot; awaiting HOP queue wake flow=4->1
[NWK 5] CheckNwkQueue: size=2
[HOP 5] CanSendToHop dest=1 outstanding=0 threshold=0 effectiveWindow=1 pendingData=0 globalLimit=16 neighborOK=1 nodeOK=1 -> YES
[HOP 5] link_control dest=1 neighborKnown=1 s0=-109 pathloss=70 failures=0 speed=128 txPower=33 rxPower=-109 cost=116
[HOP 5] Pending DATA increment dest=1 pending=1
[HOP 5] TX historical-bare DATA neighbor=1 hopSeq=2
[MAC] Enqueue TX pkt dscp=0 insert_pos=0 queue_size_before=0
[HOP 5] CanSendToHop dest=1 outstanding=1 threshold=0 effectiveWindow=1 pendingData=1 globalLimit=16 neighborOK=0 nodeOK=1 -> NO
[MAC 5] rtslot_counter expired for neighbor 4 reserveSlot=7
[MAC 5] PickTxSlot(dest=4) active_nodes_for_slotting=3 opnet_slot_range=31
[MAC 5] avoiding neighbor 1 currentReservedSlot=0 rtslot_counter=0
[MAC 5] PickTxSlot(dest=4) avoid:
[MAC 5] PickTxSlot chose 1 using historical next_tslot modulo probe
[MAC 5] TX opportunity reached currentSlot=9 reserveNextSlot=1
... type=1 speedKey=128[t=1.1795] TX from node 5 to dest 4 seq 3 size 89 bytes segments 2 at slot 1 rate 128 kbps txPower 33 dBm (133333 bps) preamble SHORT duration 0.02496 s
[HOP 5] MAC sent confirmation dest=1 seq=2 transmission=1 sentAt=1.1795
[MAC 5] ACK transmitted in aggregate dest=4 seq=3 txCount=1/5
[MAC 5] OPNET aggregate transmitted segments=2 ackSegments=1 dataSegments=1 bytes=89 rate=128
[MAC 4] local advertised reservation expired
[MAC 1] PickTxSlot(dest=5) active_nodes_for_slotting=3 opnet_slot_range=31
[MAC 1] PickTxSlot(dest=5) avoid:
[MAC 1] PickTxSlot chose 1 using historical next_tslot modulo probe
[MAC 1] TX opportunity reached currentSlot=1 reserveNextSlot=1
... type=1 speedKey=128[t=1.19146] TX from node 1 to dest 5 seq 1 size 41 bytes segments 1 at slot 1 rate 128 kbps txPower 33 dBm (133333 bps) preamble SHORT duration 0.02208 s
[MAC 1] ACK transmitted in aggregate dest=5 seq=1 txCount=2/5
[MAC 1] OPNET aggregate transmitted segments=1 ackSegments=1 dataSegments=0 bytes=41 rate=128
[MAC 4] rtslot_counter expired for neighbor 5 reserveSlot=9
[MAC 5] resumes Pre-Tx with live slot=1 counter=1
[MAC 4] Learned neighbor 5 uses slot 1 (rtCounter=1)
[HOP 4] RX ACK from 5 seq=3
[HOP 4] Pending DATA decrement reason=ACK neighbor=5 pending=0
[HOP 4] Adaptive flow threshold increased neighbor=5 old=0 new=1 effectiveWindow=2
[NWK 4] NSDP(4->1) decremented to 15
[NWK 4] HOP completion released NSDP slot; awaiting HOP queue wake flow=4->1
[MAC 1] Learned neighbor 5 uses slot 1 (rtCounter=1)
[HOP 1] link_control dest=5 neighborKnown=1 s0=-109 pathloss=70 failures=0 speed=128 txPower=33 rxPower=-109 cost=116
[MAC 1] Update cumulative ACK queue entry dest=5 baseSeq=2 txCount=0
[NWK 1] Updated reverse path netSrc=4 reverseHop=5
[NWK 4] CheckNwkQueue: size=15
[HOP 4] CanSendToHop dest=5 outstanding=0 threshold=1 effectiveWindow=2 pendingData=0 globalLimit=16 neighborOK=1 nodeOK=1 -> YES
[HOP 4] link_control dest=5 neighborKnown=1 s0=-109 pathloss=70 failures=0 speed=128 txPower=33 rxPower=-109 cost=116
[HOP 4] Pending DATA increment dest=5 pending=1
[HOP 4] TX historical-bare DATA neighbor=5 hopSeq=4
[MAC] Enqueue TX pkt dscp=0 insert_pos=0 queue_size_before=0
[HOP 4] CanSendToHop dest=5 outstanding=1 threshold=1 effectiveWindow=2 pendingData=1 globalLimit=16 neighborOK=1 nodeOK=1 -> YES
[HOP 4] link_control dest=5 neighborKnown=1 s0=-109 pathloss=70 failures=0 speed=128 txPower=33 rxPower=-109 cost=116
[HOP 4] Pending DATA increment dest=5 pending=2
[HOP 4] TX historical-bare DATA neighbor=5 hopSeq=5
[MAC] Enqueue TX pkt dscp=0 insert_pos=1 queue_size_before=1
[HOP 4] CanSendToHop dest=5 outstanding=2 threshold=1 effectiveWindow=2 pendingData=2 globalLimit=16 neighborOK=0 nodeOK=1 -> NO
[HOP 4] CanSendToHop dest=5 outstanding=2 threshold=1 effectiveWindow=2 pendingData=2 globalLimit=16 neighborOK=0 nodeOK=1 -> NO
[HOP 4] CanSendToHop dest=5 outstanding=2 threshold=1 effectiveWindow=2 pendingData=2 globalLimit=16 neighborOK=0 nodeOK=1 -> NO
[HOP 4] CanSendToHop dest=5 outstanding=2 threshold=1 effectiveWindow=2 pendingData=2 globalLimit=16 neighborOK=0 nodeOK=1 -> NO
[HOP 4] CanSendToHop dest=5 outstanding=2 threshold=1 effectiveWindow=2 pendingData=2 globalLimit=16 neighborOK=0 nodeOK=1 -> NO
[HOP 4] CanSendToHop dest=5 outstanding=2 threshold=1 effectiveWindow=2 pendingData=2 globalLimit=16 neighborOK=0 nodeOK=1 -> NO
[HOP 4] CanSendToHop dest=5 outstanding=2 threshold=1 effectiveWindow=2 pendingData=2 globalLimit=16 neighborOK=0 nodeOK=1 -> NO
[HOP 4] CanSendToHop dest=5 outstanding=2 threshold=1 effectiveWindow=2 pendingData=2 globalLimit=16 neighborOK=0 nodeOK=1 -> NO
[HOP 4] CanSendToHop dest=5 outstanding=2 threshold=1 effectiveWindow=2 pendingData=2 globalLimit=16 neighborOK=0 nodeOK=1 -> NO
[HOP 4] CanSendToHop dest=5 outstanding=2 threshold=1 effectiveWindow=2 pendingData=2 globalLimit=16 neighborOK=0 nodeOK=1 -> NO
[HOP 4] CanSendToHop dest=5 outstanding=2 threshold=1 effectiveWindow=2 pendingData=2 globalLimit=16 neighborOK=0 nodeOK=1 -> NO
[HOP 4] CanSendToHop dest=5 outstanding=2 threshold=1 effectiveWindow=2 pendingData=2 globalLimit=16 neighborOK=0 nodeOK=1 -> NO
[HOP 4] CanSendToHop dest=5 outstanding=2 threshold=1 effectiveWindow=2 pendingData=2 globalLimit=16 neighborOK=0 nodeOK=1 -> NO
[MAC 5] rtslot_counter expired for neighbor 1 reserveSlot=1
[MAC 4] PickTxSlot(dest=5) active_nodes_for_slotting=3 opnet_slot_range=31
[MAC 4] avoiding neighbor 5 currentReservedSlot=0 rtslot_counter=0
[MAC 4] PickTxSlot(dest=5) avoid:
[MAC 4] PickTxSlot chose 3 using historical next_tslot modulo probe
[MAC 4] starts Pre-Tx with new slot=3 holdoff_over=1
[MAC 1] resumes Pre-Tx with live slot=1 counter=1
[MAC 5] Learned neighbor 1 uses slot 1 (rtCounter=1)
[HOP 5] RX ACK from 1 seq=1
[NWK 5] CheckNwkQueue: size=1
[HOP 5] CanSendToHop dest=1 outstanding=1 threshold=0 effectiveWindow=1 pendingData=1 globalLimit=16 neighborOK=0 nodeOK=1 -> NO
[MAC 5] PickTxSlot(dest=4) active_nodes_for_slotting=3 opnet_slot_range=31
[MAC 5] avoiding neighbor 1 currentReservedSlot=0 rtslot_counter=0
[MAC 5] PickTxSlot(dest=4) avoid:
[MAC 5] PickTxSlot chose 9 using historical next_tslot modulo probe
[MAC 5] TX opportunity reached currentSlot=1 reserveNextSlot=9
... type=1 speedKey=128[t=1.2185] TX from node 5 to dest 4 seq 3 size 41 bytes segments 1 at slot 9 rate 128 kbps txPower 33 dBm (133333 bps) preamble SHORT duration 0.02208 s
[MAC 5] ACK transmitted in aggregate dest=4 seq=3 txCount=2/5
[MAC 5] OPNET aggregate transmitted segments=1 ackSegments=1 dataSegments=0 bytes=41 rate=128
[NWK 4] NSDP(4->1) incremented to 16
[NWK 4] CheckNwkQueue: size=14
[HOP 4] CanSendToHop dest=5 outstanding=2 threshold=1 effectiveWindow=2 pendingData=2 globalLimit=16 neighborOK=0 nodeOK=1 -> NO
[HOP 4] CanSendToHop dest=5 outstanding=2 threshold=1 effectiveWindow=2 pendingData=2 globalLimit=16 neighborOK=0 nodeOK=1 -> NO
[HOP 4] CanSendToHop dest=5 outstanding=2 threshold=1 effectiveWindow=2 pendingData=2 globalLimit=16 neighborOK=0 nodeOK=1 -> NO
[HOP 4] CanSendToHop dest=5 outstanding=2 threshold=1 effectiveWindow=2 pendingData=2 globalLimit=16 neighborOK=0 nodeOK=1 -> NO
[HOP 4] CanSendToHop dest=5 outstanding=2 threshold=1 effectiveWindow=2 pendingData=2 globalLimit=16 neighborOK=0 nodeOK=1 -> NO
[HOP 4] CanSendToHop dest=5 outstanding=2 threshold=1 effectiveWindow=2 pendingData=2 globalLimit=16 neighborOK=0 nodeOK=1 -> NO
[HOP 4] CanSendToHop dest=5 outstanding=2 threshold=1 effectiveWindow=2 pendingData=2 globalLimit=16 neighborOK=0 nodeOK=1 -> NO
[HOP 4] CanSendToHop dest=5 outstanding=2 threshold=1 effectiveWindow=2 pendingData=2 globalLimit=16 neighborOK=0 nodeOK=1 -> NO
[HOP 4] CanSendToHop dest=5 outstanding=2 threshold=1 effectiveWindow=2 pendingData=2 globalLimit=16 neighborOK=0 nodeOK=1 -> NO
[HOP 4] CanSendToHop dest=5 outstanding=2 threshold=1 effectiveWindow=2 pendingData=2 globalLimit=16 neighborOK=0 nodeOK=1 -> NO
[HOP 4] CanSendToHop dest=5 outstanding=2 threshold=1 effectiveWindow=2 pendingData=2 globalLimit=16 neighborOK=0 nodeOK=1 -> NO
[HOP 4] CanSendToHop dest=5 outstanding=2 threshold=1 effectiveWindow=2 pendingData=2 globalLimit=16 neighborOK=0 nodeOK=1 -> NO
[HOP 4] CanSendToHop dest=5 outstanding=2 threshold=1 effectiveWindow=2 pendingData=2 globalLimit=16 neighborOK=0 nodeOK=1 -> NO
[HOP 4] CanSendToHop dest=5 outstanding=2 threshold=1 effectiveWindow=2 pendingData=2 globalLimit=16 neighborOK=0 nodeOK=1 -> NO
[MAC 4] rtslot_counter expired for neighbor 5 reserveSlot=1
[MAC 1] rtslot_counter expired for neighbor 5 reserveSlot=1
[MAC 1] PickTxSlot(dest=5) active_nodes_for_slotting=3 opnet_slot_range=31
[MAC 1] PickTxSlot(dest=5) avoid:
[MAC 1] PickTxSlot chose 1 using historical next_tslot modulo probe
[MAC 1] TX opportunity reached currentSlot=1 reserveNextSlot=1
... type=1 speedKey=128[t=1.23046] TX from node 1 to dest 5 seq 2 size 41 bytes segments 1 at slot 1 rate 128 kbps txPower 33 dBm (133333 bps) preamble SHORT duration 0.02208 s
[MAC 1] ACK transmitted in aggregate dest=5 seq=2 txCount=1/5
[MAC 1] OPNET aggregate transmitted segments=1 ackSegments=1 dataSegments=0 bytes=41 rate=128
[MAC 5] resumes Pre-Tx with live slot=9 counter=9
[MAC 4] Learned neighbor 5 uses slot 9 (rtCounter=9)
[HOP 4] RX ACK from 5 seq=3
[NWK 4] CheckNwkQueue: size=14
[HOP 4] CanSendToHop dest=5 outstanding=2 threshold=1 effectiveWindow=2 pendingData=2 globalLimit=16 neighborOK=0 nodeOK=1 -> NO
[HOP 4] CanSendToHop dest=5 outstanding=2 threshold=1 effectiveWindow=2 pendingData=2 globalLimit=16 neighborOK=0 nodeOK=1 -> NO
[HOP 4] CanSendToHop dest=5 outstanding=2 threshold=1 effectiveWindow=2 pendingData=2 globalLimit=16 neighborOK=0 nodeOK=1 -> NO
[HOP 4] CanSendToHop dest=5 outstanding=2 threshold=1 effectiveWindow=2 pendingData=2 globalLimit=16 neighborOK=0 nodeOK=1 -> NO
[HOP 4] CanSendToHop dest=5 outstanding=2 threshold=1 effectiveWindow=2 pendingData=2 globalLimit=16 neighborOK=0 nodeOK=1 -> NO
[HOP 4] CanSendToHop dest=5 outstanding=2 threshold=1 effectiveWindow=2 pendingData=2 globalLimit=16 neighborOK=0 nodeOK=1 -> NO
[HOP 4] CanSendToHop dest=5 outstanding=2 threshold=1 effectiveWindow=2 pendingData=2 globalLimit=16 neighborOK=0 nodeOK=1 -> NO
[HOP 4] CanSendToHop dest=5 outstanding=2 threshold=1 effectiveWindow=2 pendingData=2 globalLimit=16 neighborOK=0 nodeOK=1 -> NO
[HOP 4] CanSendToHop dest=5 outstanding=2 threshold=1 effectiveWindow=2 pendingData=2 globalLimit=16 neighborOK=0 nodeOK=1 -> NO
[HOP 4] CanSendToHop dest=5 outstanding=2 threshold=1 effectiveWindow=2 pendingData=2 globalLimit=16 neighborOK=0 nodeOK=1 -> NO
[HOP 4] CanSendToHop dest=5 outstanding=2 threshold=1 effectiveWindow=2 pendingData=2 globalLimit=16 neighborOK=0 nodeOK=1 -> NO
[HOP 4] CanSendToHop dest=5 outstanding=2 threshold=1 effectiveWindow=2 pendingData=2 globalLimit=16 neighborOK=0 nodeOK=1 -> NO
[HOP 4] CanSendToHop dest=5 outstanding=2 threshold=1 effectiveWindow=2 pendingData=2 globalLimit=16 neighborOK=0 nodeOK=1 -> NO
[HOP 4] CanSendToHop dest=5 outstanding=2 threshold=1 effectiveWindow=2 pendingData=2 globalLimit=16 neighborOK=0 nodeOK=1 -> NO
[MAC 5] rtslot_counter expired for neighbor 1 reserveSlot=1
[MAC 1] resumes Pre-Tx with live slot=1 counter=1
[MAC 5] Learned neighbor 1 uses slot 1 (rtCounter=1)
[HOP 5] RX ACK from 1 seq=2
[HOP 5] Pending DATA decrement reason=ACK neighbor=1 pending=0
[NWK 5] NSDP(4->1) decremented to 1
[NWK 5] HOP completion released NSDP slot; awaiting HOP queue wake flow=4->1
[NWK 5] CheckNwkQueue: size=1
[HOP 5] CanSendToHop dest=1 outstanding=0 threshold=0 effectiveWindow=1 pendingData=0 globalLimit=16 neighborOK=1 nodeOK=1 -> YES
[HOP 5] link_control dest=1 neighborKnown=1 s0=-109 pathloss=70 failures=0 speed=128 txPower=33 rxPower=-109 cost=116
[HOP 5] Pending DATA increment dest=1 pending=1
[HOP 5] TX historical-bare DATA neighbor=1 hopSeq=3
[MAC] Enqueue TX pkt dscp=0 insert_pos=0 queue_size_before=0
[MAC 4] PickTxSlot(dest=5) active_nodes_for_slotting=3 opnet_slot_range=31
[MAC 4] avoiding neighbor 5 currentReservedSlot=7 rtslot_counter=7
[MAC 4] PickTxSlot(dest=5) avoid: 7
[MAC 4] PickTxSlot chose 8 using historical next_tslot modulo probe
[MAC 4] TX opportunity reached currentSlot=3 reserveNextSlot=8
... type=0 speedKey=128[t=1.261] TX from node 4 to dest 5 seq 4 size 96 bytes segments 2 at slot 8 rate 128 kbps txPower 33 dBm (133333 bps) preamble SHORT duration 0.02538 s
[HOP 4] MAC sent confirmation dest=5 seq=4 transmission=1 sentAt=1.261
[HOP 4] MAC sent confirmation dest=5 seq=5 transmission=1 sentAt=1.261
[MAC 4] OPNET aggregate transmitted segments=2 ackSegments=0 dataSegments=2 bytes=96 rate=128
[MAC 1] PickTxSlot(dest=5) active_nodes_for_slotting=3 opnet_slot_range=31
[MAC 1] PickTxSlot(dest=5) avoid:
[MAC 1] PickTxSlot chose 1 using historical next_tslot modulo probe
[MAC 1] TX opportunity reached currentSlot=1 reserveNextSlot=1
... type=1 speedKey=128[t=1.26946] TX from node 1 to dest 5 seq 2 size 41 bytes segments 1 at slot 1 rate 128 kbps txPower 33 dBm (133333 bps) preamble SHORT duration 0.02208 s
[MAC 1] ACK transmitted in aggregate dest=5 seq=2 txCount=2/5
[MAC 1] OPNET aggregate transmitted segments=1 ackSegments=1 dataSegments=0 bytes=41 rate=128
[MAC 5] rtslot_counter expired for neighbor 1 reserveSlot=1
[MAC 4] post-TX WAIT_FOR_ACK until 21.2864 (POST_TX_WAIT=20 s)
[MAC 5] Learned neighbor 4 uses slot 8 (rtCounter=8)
[HOP 5] link_control dest=4 neighborKnown=1 s0=-109 pathloss=70 failures=0 speed=128 txPower=33 rxPower=-109 cost=116
[NWK 5] Updated reverse path netSrc=4 reverseHop=4
[MAC 5] Update cumulative ACK queue entry dest=4 baseSeq=4 txCount=0
[HOP 5] link_control dest=4 neighborKnown=1 s0=-109 pathloss=70 failures=0 speed=128 txPower=33 rxPower=-109 cost=116
[NWK 5] Updated reverse path netSrc=4 reverseHop=4
[MAC 5] Update cumulative ACK queue entry dest=4 baseSeq=5 txCount=0
[NWK 5] CheckNwkQueue: size=2
[HOP 5] CanSendToHop dest=1 outstanding=1 threshold=0 effectiveWindow=1 pendingData=1 globalLimit=16 neighborOK=0 nodeOK=1 -> NO
[HOP 5] CanSendToHop dest=1 outstanding=1 threshold=0 effectiveWindow=1 pendingData=1 globalLimit=16 neighborOK=0 nodeOK=1 -> NO
[MAC 1] resumes Pre-Tx with live slot=1 counter=1
[MAC 5] Learned neighbor 1 uses slot 1 (rtCounter=1)
[HOP 5] RX ACK from 1 seq=2
[NWK 5] CheckNwkQueue: size=2
[HOP 5] CanSendToHop dest=1 outstanding=1 threshold=0 effectiveWindow=1 pendingData=1 globalLimit=16 neighborOK=0 nodeOK=1 -> NO
[HOP 5] CanSendToHop dest=1 outstanding=1 threshold=0 effectiveWindow=1 pendingData=1 globalLimit=16 neighborOK=0 nodeOK=1 -> NO
[MAC 1] PickTxSlot(dest=5) active_nodes_for_slotting=3 opnet_slot_range=31
[MAC 1] PickTxSlot(dest=5) avoid:
[MAC 1] PickTxSlot chose 1 using historical next_tslot modulo probe
[MAC 1] TX opportunity reached currentSlot=1 reserveNextSlot=1
... type=1 speedKey=128[t=1.30846] TX from node 1 to dest 5 seq 2 size 41 bytes segments 1 at slot 1 rate 128 kbps txPower 33 dBm (133333 bps) preamble SHORT duration 0.02208 s
[MAC 1] ACK transmitted in aggregate dest=5 seq=2 txCount=3/5
[MAC 1] OPNET aggregate transmitted segments=1 ackSegments=1 dataSegments=0 bytes=41 rate=128
[MAC 5] rtslot_counter expired for neighbor 1 reserveSlot=1
[MAC 1] resumes Pre-Tx with live slot=1 counter=1
[MAC 5] Learned neighbor 1 uses slot 1 (rtCounter=1)
[HOP 5] RX ACK from 1 seq=2
[NWK 5] CheckNwkQueue: size=2
[HOP 5] CanSendToHop dest=1 outstanding=1 threshold=0 effectiveWindow=1 pendingData=1 globalLimit=16 neighborOK=0 nodeOK=1 -> NO
[HOP 5] CanSendToHop dest=1 outstanding=1 threshold=0 effectiveWindow=1 pendingData=1 globalLimit=16 neighborOK=0 nodeOK=1 -> NO
[MAC 1] PickTxSlot(dest=5) active_nodes_for_slotting=3 opnet_slot_range=31
[MAC 1] PickTxSlot(dest=5) avoid:
[MAC 1] PickTxSlot chose 1 using historical next_tslot modulo probe
[MAC 1] TX opportunity reached currentSlot=1 reserveNextSlot=1
... type=1 speedKey=128[t=1.34746] TX from node 1 to dest 5 seq 2 size 41 bytes segments 1 at slot 1 rate 128 kbps txPower 33 dBm (133333 bps) preamble SHORT duration 0.02208 s
[MAC 1] ACK transmitted in aggregate dest=5 seq=2 txCount=4/5
[MAC 1] OPNET aggregate transmitted segments=1 ackSegments=1 dataSegments=0 bytes=41 rate=128
[MAC 5] rtslot_counter expired for neighbor 1 reserveSlot=1
[MAC 5] PickTxSlot(dest=4) active_nodes_for_slotting=3 opnet_slot_range=31
[MAC 5] avoiding neighbor 4 currentReservedSlot=2 rtslot_counter=2
[MAC 5] PickTxSlot(dest=4) avoid: 2
[MAC 5] PickTxSlot chose 1 using historical next_tslot modulo probe
[MAC 5] TX opportunity reached currentSlot=9 reserveNextSlot=1
... type=1 speedKey=128[t=1.3615] TX from node 5 to dest 4 seq 5 size 89 bytes segments 2 at slot 1 rate 128 kbps txPower 33 dBm (133333 bps) preamble SHORT duration 0.02496 s
[HOP 5] MAC sent confirmation dest=1 seq=3 transmission=1 sentAt=1.3615
[MAC 5] ACK transmitted in aggregate dest=4 seq=5 txCount=1/5
[MAC 5] OPNET aggregate transmitted segments=2 ackSegments=1 dataSegments=1 bytes=89 rate=128
[MAC 1] resumes Pre-Tx with live slot=1 counter=1
[MAC 5] Learned neighbor 1 uses slot 1 (rtCounter=1)
[HOP 5] RX ACK from 1 seq=2
[NWK 5] CheckNwkQueue: size=2
[HOP 5] CanSendToHop dest=1 outstanding=1 threshold=0 effectiveWindow=1 pendingData=1 globalLimit=16 neighborOK=0 nodeOK=1 -> NO
[HOP 5] CanSendToHop dest=1 outstanding=1 threshold=0 effectiveWindow=1 pendingData=1 globalLimit=16 neighborOK=0 nodeOK=1 -> NO
[MAC 4] rtslot_counter expired for neighbor 5 reserveSlot=9
[MAC 5] resumes Pre-Tx with live slot=1 counter=1
[MAC 4] Learned neighbor 5 uses slot 1 (rtCounter=1)
[HOP 4] RX ACK from 5 seq=5
[HOP 4] Pending DATA decrement reason=ACK neighbor=5 pending=1
[NWK 4] NSDP(4->1) decremented to 15
[NWK 4] HOP completion released NSDP slot; awaiting HOP queue wake flow=4->1
[HOP 4] Pending DATA decrement reason=ACK neighbor=5 pending=0
[NWK 4] NSDP(4->1) decremented to 14
[NWK 4] HOP completion released NSDP slot; awaiting HOP queue wake flow=4->1
[MAC 1] Learned neighbor 5 uses slot 1 (rtCounter=1)
[HOP 1] link_control dest=5 neighborKnown=1 s0=-109 pathloss=70 failures=0 speed=128 txPower=33 rxPower=-109 cost=116
[MAC 1] Update cumulative ACK queue entry dest=5 baseSeq=3 txCount=0
[NWK 1] Updated reverse path netSrc=4 reverseHop=5
[MAC 1] PickTxSlot(dest=5) active_nodes_for_slotting=3 opnet_slot_range=31
[MAC 1] avoiding neighbor 5 currentReservedSlot=0 rtslot_counter=0
[MAC 1] PickTxSlot(dest=5) avoid:
[MAC 1] PickTxSlot chose 1 using historical next_tslot modulo probe
[MAC 1] TX opportunity reached currentSlot=1 reserveNextSlot=1
... type=1 speedKey=128[t=1.38646] TX from node 1 to dest 5 seq 3 size 41 bytes segments 1 at slot 1 rate 128 kbps txPower 33 dBm (133333 bps) preamble SHORT duration 0.02208 s
[MAC 1] ACK transmitted in aggregate dest=5 seq=3 txCount=1/5
[MAC 1] OPNET aggregate transmitted segments=1 ackSegments=1 dataSegments=0 bytes=41 rate=128
[NWK 4] CheckNwkQueue: size=14
[HOP 4] CanSendToHop dest=5 outstanding=0 threshold=1 effectiveWindow=2 pendingData=0 globalLimit=16 neighborOK=1 nodeOK=1 -> YES
[HOP 4] link_control dest=5 neighborKnown=1 s0=-109 pathloss=70 failures=0 speed=128 txPower=33 rxPower=-109 cost=116
[HOP 4] Pending DATA increment dest=5 pending=1
[HOP 4] TX historical-bare DATA neighbor=5 hopSeq=6
[MAC] Enqueue TX pkt dscp=0 insert_pos=0 queue_size_before=0
[HOP 4] CanSendToHop dest=5 outstanding=1 threshold=1 effectiveWindow=2 pendingData=1 globalLimit=16 neighborOK=1 nodeOK=1 -> YES
[HOP 4] link_control dest=5 neighborKnown=1 s0=-109 pathloss=70 failures=0 speed=128 txPower=33 rxPower=-109 cost=116
[HOP 4] Pending DATA increment dest=5 pending=2
[HOP 4] TX historical-bare DATA neighbor=5 hopSeq=7
[MAC] Enqueue TX pkt dscp=0 insert_pos=1 queue_size_before=1
[HOP 4] CanSendToHop dest=5 outstanding=2 threshold=1 effectiveWindow=2 pendingData=2 globalLimit=16 neighborOK=0 nodeOK=1 -> NO
[HOP 4] CanSendToHop dest=5 outstanding=2 threshold=1 effectiveWindow=2 pendingData=2 globalLimit=16 neighborOK=0 nodeOK=1 -> NO
[HOP 4] CanSendToHop dest=5 outstanding=2 threshold=1 effectiveWindow=2 pendingData=2 globalLimit=16 neighborOK=0 nodeOK=1 -> NO
[HOP 4] CanSendToHop dest=5 outstanding=2 threshold=1 effectiveWindow=2 pendingData=2 globalLimit=16 neighborOK=0 nodeOK=1 -> NO
[HOP 4] CanSendToHop dest=5 outstanding=2 threshold=1 effectiveWindow=2 pendingData=2 globalLimit=16 neighborOK=0 nodeOK=1 -> NO
[HOP 4] CanSendToHop dest=5 outstanding=2 threshold=1 effectiveWindow=2 pendingData=2 globalLimit=16 neighborOK=0 nodeOK=1 -> NO
[HOP 4] CanSendToHop dest=5 outstanding=2 threshold=1 effectiveWindow=2 pendingData=2 globalLimit=16 neighborOK=0 nodeOK=1 -> NO
[HOP 4] CanSendToHop dest=5 outstanding=2 threshold=1 effectiveWindow=2 pendingData=2 globalLimit=16 neighborOK=0 nodeOK=1 -> NO
[HOP 4] CanSendToHop dest=5 outstanding=2 threshold=1 effectiveWindow=2 pendingData=2 globalLimit=16 neighborOK=0 nodeOK=1 -> NO
[HOP 4] CanSendToHop dest=5 outstanding=2 threshold=1 effectiveWindow=2 pendingData=2 globalLimit=16 neighborOK=0 nodeOK=1 -> NO
[HOP 4] CanSendToHop dest=5 outstanding=2 threshold=1 effectiveWindow=2 pendingData=2 globalLimit=16 neighborOK=0 nodeOK=1 -> NO
[HOP 4] CanSendToHop dest=5 outstanding=2 threshold=1 effectiveWindow=2 pendingData=2 globalLimit=16 neighborOK=0 nodeOK=1 -> NO
[MAC 4] local advertised reservation expired
[MAC 4] PickTxSlot(dest=5) active_nodes_for_slotting=3 opnet_slot_range=31
[MAC 4] avoiding neighbor 5 currentReservedSlot=0 rtslot_counter=0
[MAC 4] PickTxSlot(dest=5) avoid:
[MAC 4] PickTxSlot chose 3 using historical next_tslot modulo probe
[MAC 4] starts Pre-Tx with new slot=3 holdoff_over=1
[NWK 4] NSDP(4->1) incremented to 15
[NWK 4] CheckNwkQueue: size=13
[HOP 4] CanSendToHop dest=5 outstanding=2 threshold=1 effectiveWindow=2 pendingData=2 globalLimit=16 neighborOK=0 nodeOK=1 -> NO
[HOP 4] CanSendToHop dest=5 outstanding=2 threshold=1 effectiveWindow=2 pendingData=2 globalLimit=16 neighborOK=0 nodeOK=1 -> NO
[HOP 4] CanSendToHop dest=5 outstanding=2 threshold=1 effectiveWindow=2 pendingData=2 globalLimit=16 neighborOK=0 nodeOK=1 -> NO
[HOP 4] CanSendToHop dest=5 outstanding=2 threshold=1 effectiveWindow=2 pendingData=2 globalLimit=16 neighborOK=0 nodeOK=1 -> NO
[HOP 4] CanSendToHop dest=5 outstanding=2 threshold=1 effectiveWindow=2 pendingData=2 globalLimit=16 neighborOK=0 nodeOK=1 -> NO
[HOP 4] CanSendToHop dest=5 outstanding=2 threshold=1 effectiveWindow=2 pendingData=2 globalLimit=16 neighborOK=0 nodeOK=1 -> NO
[HOP 4] CanSendToHop dest=5 outstanding=2 threshold=1 effectiveWindow=2 pendingData=2 globalLimit=16 neighborOK=0 nodeOK=1 -> NO
[HOP 4] CanSendToHop dest=5 outstanding=2 threshold=1 effectiveWindow=2 pendingData=2 globalLimit=16 neighborOK=0 nodeOK=1 -> NO
[HOP 4] CanSendToHop dest=5 outstanding=2 threshold=1 effectiveWindow=2 pendingData=2 globalLimit=16 neighborOK=0 nodeOK=1 -> NO
[HOP 4] CanSendToHop dest=5 outstanding=2 threshold=1 effectiveWindow=2 pendingData=2 globalLimit=16 neighborOK=0 nodeOK=1 -> NO
[HOP 4] CanSendToHop dest=5 outstanding=2 threshold=1 effectiveWindow=2 pendingData=2 globalLimit=16 neighborOK=0 nodeOK=1 -> NO
[HOP 4] CanSendToHop dest=5 outstanding=2 threshold=1 effectiveWindow=2 pendingData=2 globalLimit=16 neighborOK=0 nodeOK=1 -> NO
[HOP 4] CanSendToHop dest=5 outstanding=2 threshold=1 effectiveWindow=2 pendingData=2 globalLimit=16 neighborOK=0 nodeOK=1 -> NO
[MAC 5] rtslot_counter expired for neighbor 1 reserveSlot=1
[MAC 5] PickTxSlot(dest=4) active_nodes_for_slotting=3 opnet_slot_range=31
[MAC 5] avoiding neighbor 4 currentReservedSlot=0 rtslot_counter=0
[MAC 5] PickTxSlot(dest=4) avoid:
[MAC 5] PickTxSlot chose 9 using historical next_tslot modulo probe
[MAC 5] TX opportunity reached currentSlot=1 reserveNextSlot=9
... type=1 speedKey=128[t=1.4005] TX from node 5 to dest 4 seq 5 size 41 bytes segments 1 at slot 9 rate 128 kbps txPower 33 dBm (133333 bps) preamble SHORT duration 0.02208 s
[MAC 5] ACK transmitted in aggregate dest=4 seq=5 txCount=2/5
[MAC 5] OPNET aggregate transmitted segments=1 ackSegments=1 dataSegments=0 bytes=41 rate=128
[MAC 4] rtslot_counter expired for neighbor 5 reserveSlot=1
[MAC 1] resumes Pre-Tx with live slot=1 counter=1
[MAC 5] Learned neighbor 1 uses slot 1 (rtCounter=1)
[HOP 5] RX ACK from 1 seq=3
[HOP 5] Pending DATA decrement reason=ACK neighbor=1 pending=0
[HOP 5] Adaptive flow threshold increased neighbor=1 old=0 new=1 effectiveWindow=2
[NWK 5] NSDP(4->1) decremented to 2
[NWK 5] HOP completion released NSDP slot; awaiting HOP queue wake flow=4->1
[NWK 5] CheckNwkQueue: size=2
[HOP 5] CanSendToHop dest=1 outstanding=0 threshold=1 effectiveWindow=2 pendingData=0 globalLimit=16 neighborOK=1 nodeOK=1 -> YES
[HOP 5] link_control dest=1 neighborKnown=1 s0=-109 pathloss=70 failures=0 speed=128 txPower=33 rxPower=-109 cost=116
[HOP 5] Pending DATA increment dest=1 pending=1
[HOP 5] TX historical-bare DATA neighbor=1 hopSeq=4
[MAC] Enqueue TX pkt dscp=0 insert_pos=0 queue_size_before=0
[HOP 5] CanSendToHop dest=1 outstanding=1 threshold=1 effectiveWindow=2 pendingData=1 globalLimit=16 neighborOK=1 nodeOK=1 -> YES
[HOP 5] link_control dest=1 neighborKnown=1 s0=-109 pathloss=70 failures=0 speed=128 txPower=33 rxPower=-109 cost=116
[HOP 5] Pending DATA increment dest=1 pending=2
[HOP 5] TX historical-bare DATA neighbor=1 hopSeq=5
[MAC] Enqueue TX pkt dscp=0 insert_pos=1 queue_size_before=1
[MAC 1] rtslot_counter expired for neighbor 5 reserveSlot=1
[MAC 5] resumes Pre-Tx with live slot=9 counter=9
[MAC 4] Learned neighbor 5 uses slot 9 (rtCounter=9)
[HOP 4] RX ACK from 5 seq=5
[NWK 4] CheckNwkQueue: size=13
[HOP 4] CanSendToHop dest=5 outstanding=2 threshold=1 effectiveWindow=2 pendingData=2 globalLimit=16 neighborOK=0 nodeOK=1 -> NO
[HOP 4] CanSendToHop dest=5 outstanding=2 threshold=1 effectiveWindow=2 pendingData=2 globalLimit=16 neighborOK=0 nodeOK=1 -> NO
[HOP 4] CanSendToHop dest=5 outstanding=2 threshold=1 effectiveWindow=2 pendingData=2 globalLimit=16 neighborOK=0 nodeOK=1 -> NO
[HOP 4] CanSendToHop dest=5 outstanding=2 threshold=1 effectiveWindow=2 pendingData=2 globalLimit=16 neighborOK=0 nodeOK=1 -> NO
[HOP 4] CanSendToHop dest=5 outstanding=2 threshold=1 effectiveWindow=2 pendingData=2 globalLimit=16 neighborOK=0 nodeOK=1 -> NO
[HOP 4] CanSendToHop dest=5 outstanding=2 threshold=1 effectiveWindow=2 pendingData=2 globalLimit=16 neighborOK=0 nodeOK=1 -> NO
[HOP 4] CanSendToHop dest=5 outstanding=2 threshold=1 effectiveWindow=2 pendingData=2 globalLimit=16 neighborOK=0 nodeOK=1 -> NO
[HOP 4] CanSendToHop dest=5 outstanding=2 threshold=1 effectiveWindow=2 pendingData=2 globalLimit=16 neighborOK=0 nodeOK=1 -> NO
[HOP 4] CanSendToHop dest=5 outstanding=2 threshold=1 effectiveWindow=2 pendingData=2 globalLimit=16 neighborOK=0 nodeOK=1 -> NO
[HOP 4] CanSendToHop dest=5 outstanding=2 threshold=1 effectiveWindow=2 pendingData=2 globalLimit=16 neighborOK=0 nodeOK=1 -> NO
[HOP 4] CanSendToHop dest=5 outstanding=2 threshold=1 effectiveWindow=2 pendingData=2 globalLimit=16 neighborOK=0 nodeOK=1 -> NO
[HOP 4] CanSendToHop dest=5 outstanding=2 threshold=1 effectiveWindow=2 pendingData=2 globalLimit=16 neighborOK=0 nodeOK=1 -> NO
[HOP 4] CanSendToHop dest=5 outstanding=2 threshold=1 effectiveWindow=2 pendingData=2 globalLimit=16 neighborOK=0 nodeOK=1 -> NO
[MAC 1] PickTxSlot(dest=5) active_nodes_for_slotting=3 opnet_slot_range=31
[MAC 1] PickTxSlot(dest=5) avoid:
[MAC 1] PickTxSlot chose 1 using historical next_tslot modulo probe
[MAC 1] TX opportunity reached currentSlot=1 reserveNextSlot=1
... type=1 speedKey=128[t=1.42546] TX from node 1 to dest 5 seq 3 size 41 bytes segments 1 at slot 1 rate 128 kbps txPower 33 dBm (133333 bps) preamble SHORT duration 0.02208 s
[MAC 1] ACK transmitted in aggregate dest=5 seq=3 txCount=2/5
[MAC 1] OPNET aggregate transmitted segments=1 ackSegments=1 dataSegments=0 bytes=41 rate=128
[MAC 5] rtslot_counter expired for neighbor 4 reserveSlot=8
[MAC 5] rtslot_counter expired for neighbor 1 reserveSlot=1
[MAC 4] PickTxSlot(dest=5) active_nodes_for_slotting=3 opnet_slot_range=31
[MAC 4] avoiding neighbor 5 currentReservedSlot=7 rtslot_counter=7
[MAC 4] PickTxSlot(dest=5) avoid: 7
[MAC 4] PickTxSlot chose 8 using historical next_tslot modulo probe
[MAC 4] TX opportunity reached currentSlot=3 reserveNextSlot=8
... type=0 speedKey=128[t=1.443] TX from node 4 to dest 5 seq 6 size 96 bytes segments 2 at slot 8 rate 128 kbps txPower 33 dBm (133333 bps) preamble SHORT duration 0.02538 s
[HOP 4] MAC sent confirmation dest=5 seq=6 transmission=1 sentAt=1.443
[HOP 4] MAC sent confirmation dest=5 seq=7 transmission=1 sentAt=1.443
[MAC 4] OPNET aggregate transmitted segments=2 ackSegments=0 dataSegments=2 bytes=96 rate=128
[MAC 1] resumes Pre-Tx with live slot=1 counter=1
[MAC 5] Learned neighbor 1 uses slot 1 (rtCounter=1)
[HOP 5] RX ACK from 1 seq=3
[NWK 5] CheckNwkQueue: size=0
[MAC 1] PickTxSlot(dest=5) active_nodes_for_slotting=3 opnet_slot_range=31
[MAC 1] PickTxSlot(dest=5) avoid:
[MAC 1] PickTxSlot chose 1 using historical next_tslot modulo probe
[MAC 1] TX opportunity reached currentSlot=1 reserveNextSlot=1
... type=1 speedKey=128[t=1.46446] TX from node 1 to dest 5 seq 3 size 41 bytes segments 1 at slot 1 rate 128 kbps txPower 33 dBm (133333 bps) preamble SHORT duration 0.02208 s
[MAC 1] ACK transmitted in aggregate dest=5 seq=3 txCount=3/5
[MAC 1] OPNET aggregate transmitted segments=1 ackSegments=1 dataSegments=0 bytes=41 rate=128
[MAC 5] rtslot_counter expired for neighbor 1 reserveSlot=1
[MAC 4] post-TX WAIT_FOR_ACK until 21.4684 (POST_TX_WAIT=20 s)
[MAC 5] Learned neighbor 4 uses slot 8 (rtCounter=8)
[HOP 5] link_control dest=4 neighborKnown=1 s0=-109 pathloss=70 failures=0 speed=128 txPower=33 rxPower=-109 cost=116
[NWK 5] Updated reverse path netSrc=4 reverseHop=4
[MAC 5] Update cumulative ACK queue entry dest=4 baseSeq=6 txCount=0
[HOP 5] link_control dest=4 neighborKnown=1 s0=-109 pathloss=70 failures=0 speed=128 txPower=33 rxPower=-109 cost=116
[NWK 5] Updated reverse path netSrc=4 reverseHop=4
[MAC 5] Update cumulative ACK queue entry dest=4 baseSeq=7 txCount=0
[NWK 5] CheckNwkQueue: size=2
[HOP 5] CanSendToHop dest=1 outstanding=2 threshold=1 effectiveWindow=2 pendingData=2 globalLimit=16 neighborOK=0 nodeOK=1 -> NO
[HOP 5] CanSendToHop dest=1 outstanding=2 threshold=1 effectiveWindow=2 pendingData=2 globalLimit=16 neighborOK=0 nodeOK=1 -> NO
[MAC 1] resumes Pre-Tx with live slot=1 counter=1
[MAC 5] Learned neighbor 1 uses slot 1 (rtCounter=1)
[HOP 5] RX ACK from 1 seq=3
[NWK 5] CheckNwkQueue: size=2
[HOP 5] CanSendToHop dest=1 outstanding=2 threshold=1 effectiveWindow=2 pendingData=2 globalLimit=16 neighborOK=0 nodeOK=1 -> NO
[HOP 5] CanSendToHop dest=1 outstanding=2 threshold=1 effectiveWindow=2 pendingData=2 globalLimit=16 neighborOK=0 nodeOK=1 -> NO
[MAC 1] PickTxSlot(dest=5) active_nodes_for_slotting=3 opnet_slot_range=31
[MAC 1] PickTxSlot(dest=5) avoid:
[MAC 1] PickTxSlot chose 1 using historical next_tslot modulo probe
[MAC 1] TX opportunity reached currentSlot=1 reserveNextSlot=1
... type=1 speedKey=128[t=1.50346] TX from node 1 to dest 5 seq 3 size 41 bytes segments 1 at slot 1 rate 128 kbps txPower 33 dBm (133333 bps) preamble SHORT duration 0.02208 s
[MAC 1] ACK transmitted in aggregate dest=5 seq=3 txCount=4/5
[MAC 1] OPNET aggregate transmitted segments=1 ackSegments=1 dataSegments=0 bytes=41 rate=128
[MAC 5] rtslot_counter expired for neighbor 1 reserveSlot=1
[MAC 1] resumes Pre-Tx with live slot=1 counter=1
[MAC 5] Learned neighbor 1 uses slot 1 (rtCounter=1)
[HOP 5] RX ACK from 1 seq=3
[NWK 5] CheckNwkQueue: size=2
[HOP 5] CanSendToHop dest=1 outstanding=2 threshold=1 effectiveWindow=2 pendingData=2 globalLimit=16 neighborOK=0 nodeOK=1 -> NO
[HOP 5] CanSendToHop dest=1 outstanding=2 threshold=1 effectiveWindow=2 pendingData=2 globalLimit=16 neighborOK=0 nodeOK=1 -> NO
[MAC 1] PickTxSlot(dest=5) active_nodes_for_slotting=3 opnet_slot_range=31
[MAC 1] PickTxSlot(dest=5) avoid:
[MAC 1] PickTxSlot chose 1 using historical next_tslot modulo probe
[MAC 1] TX opportunity reached currentSlot=1 reserveNextSlot=1
... type=1 speedKey=128[t=1.54246] TX from node 1 to dest 5 seq 3 size 41 bytes segments 1 at slot 1 rate 128 kbps txPower 33 dBm (133333 bps) preamble SHORT duration 0.02208 s
[MAC 1] ACK transmitted in aggregate dest=5 seq=3 txCount=5/5
[MAC 1] Remove ACK after OPNET resend limit dest=5 seq=3
[MAC 1] OPNET aggregate transmitted segments=1 ackSegments=1 dataSegments=0 bytes=41 rate=128
[MAC 5] rtslot_counter expired for neighbor 1 reserveSlot=1
[MAC 5] PickTxSlot(dest=4) active_nodes_for_slotting=3 opnet_slot_range=31
[MAC 5] avoiding neighbor 4 currentReservedSlot=2 rtslot_counter=2
[MAC 5] PickTxSlot(dest=4) avoid: 2
[MAC 5] PickTxSlot chose 1 using historical next_tslot modulo probe
[MAC 5] TX opportunity reached currentSlot=9 reserveNextSlot=1
... type=1 speedKey=128[t=1.5435] TX from node 5 to dest 4 seq 7 size 137 bytes segments 3 at slot 1 rate 128 kbps txPower 33 dBm (133333 bps) preamble SHORT duration 0.02784 s
[HOP 5] MAC sent confirmation dest=1 seq=4 transmission=1 sentAt=1.5435
[HOP 5] MAC sent confirmation dest=1 seq=5 transmission=1 sentAt=1.5435
[MAC 5] ACK transmitted in aggregate dest=4 seq=7 txCount=1/5
[MAC 5] OPNET aggregate transmitted segments=3 ackSegments=1 dataSegments=2 bytes=137 rate=128
[MAC 4] rtslot_counter expired for neighbor 5 reserveSlot=9
[MAC 1] post-TX WAIT_FOR_ACK until 21.5645 (POST_TX_WAIT=20 s)
[MAC 5] Learned neighbor 1 uses slot 1 (rtCounter=1)
[HOP 5] RX ACK from 1 seq=3
[NWK 5] CheckNwkQueue: size=2
[HOP 5] CanSendToHop dest=1 outstanding=2 threshold=1 effectiveWindow=2 pendingData=2 globalLimit=16 neighborOK=0 nodeOK=1 -> NO
[HOP 5] CanSendToHop dest=1 outstanding=2 threshold=1 effectiveWindow=2 pendingData=2 globalLimit=16 neighborOK=0 nodeOK=1 -> NO
[MAC 5] resumes Pre-Tx with live slot=1 counter=1
[MAC 4] Learned neighbor 5 uses slot 1 (rtCounter=1)
[HOP 4] RX ACK from 5 seq=7
[HOP 4] Pending DATA decrement reason=ACK neighbor=5 pending=1
[HOP 4] Adaptive flow threshold increased neighbor=5 old=1 new=2 effectiveWindow=3
[NWK 4] NSDP(4->1) decremented to 14
[NWK 4] HOP completion released NSDP slot; awaiting HOP queue wake flow=4->1
[HOP 4] Pending DATA decrement reason=ACK neighbor=5 pending=0
[NWK 4] NSDP(4->1) decremented to 13
[NWK 4] HOP completion released NSDP slot; awaiting HOP queue wake flow=4->1
[MAC 1] Learned neighbor 5 uses slot 1 (rtCounter=1)
[HOP 1] link_control dest=5 neighborKnown=1 s0=-109 pathloss=70 failures=0 speed=128 txPower=33 rxPower=-109 cost=116
[MAC 1] Enqueue ACK dest=5 seq=4 window=1 ack_queue_size=1
[NWK 1] Updated reverse path netSrc=4 reverseHop=5
[HOP 1] link_control dest=5 neighborKnown=1 s0=-109 pathloss=70 failures=0 speed=128 txPower=33 rxPower=-109 cost=116
[MAC 1] Update cumulative ACK queue entry dest=5 baseSeq=5 txCount=0
[NWK 1] Updated reverse path netSrc=4 reverseHop=5
[NWK 4] CheckNwkQueue: size=13
[HOP 4] CanSendToHop dest=5 outstanding=0 threshold=2 effectiveWindow=3 pendingData=0 globalLimit=16 neighborOK=1 nodeOK=1 -> YES
[HOP 4] link_control dest=5 neighborKnown=1 s0=-109 pathloss=70 failures=0 speed=128 txPower=33 rxPower=-109 cost=116
[HOP 4] Pending DATA increment dest=5 pending=1
[HOP 4] TX historical-bare DATA neighbor=5 hopSeq=8
[MAC] Enqueue TX pkt dscp=0 insert_pos=0 queue_size_before=0
[HOP 4] CanSendToHop dest=5 outstanding=1 threshold=2 effectiveWindow=3 pendingData=1 globalLimit=16 neighborOK=1 nodeOK=1 -> YES
[HOP 4] link_control dest=5 neighborKnown=1 s0=-109 pathloss=70 failures=0 speed=128 txPower=33 rxPower=-109 cost=116
[HOP 4] Pending DATA increment dest=5 pending=2
[HOP 4] TX historical-bare DATA neighbor=5 hopSeq=9
[MAC] Enqueue TX pkt dscp=0 insert_pos=1 queue_size_before=1
[HOP 4] CanSendToHop dest=5 outstanding=2 threshold=2 effectiveWindow=3 pendingData=2 globalLimit=16 neighborOK=1 nodeOK=1 -> YES
[HOP 4] link_control dest=5 neighborKnown=1 s0=-109 pathloss=70 failures=0 speed=128 txPower=33 rxPower=-109 cost=116
[HOP 4] Pending DATA increment dest=5 pending=3
[HOP 4] TX historical-bare DATA neighbor=5 hopSeq=10
[MAC] Enqueue TX pkt dscp=0 insert_pos=2 queue_size_before=2
[HOP 4] CanSendToHop dest=5 outstanding=3 threshold=2 effectiveWindow=3 pendingData=3 globalLimit=16 neighborOK=0 nodeOK=1 -> NO
[HOP 4] CanSendToHop dest=5 outstanding=3 threshold=2 effectiveWindow=3 pendingData=3 globalLimit=16 neighborOK=0 nodeOK=1 -> NO
[HOP 4] CanSendToHop dest=5 outstanding=3 threshold=2 effectiveWindow=3 pendingData=3 globalLimit=16 neighborOK=0 nodeOK=1 -> NO
[HOP 4] CanSendToHop dest=5 outstanding=3 threshold=2 effectiveWindow=3 pendingData=3 globalLimit=16 neighborOK=0 nodeOK=1 -> NO
[HOP 4] CanSendToHop dest=5 outstanding=3 threshold=2 effectiveWindow=3 pendingData=3 globalLimit=16 neighborOK=0 nodeOK=1 -> NO
[HOP 4] CanSendToHop dest=5 outstanding=3 threshold=2 effectiveWindow=3 pendingData=3 globalLimit=16 neighborOK=0 nodeOK=1 -> NO
[HOP 4] CanSendToHop dest=5 outstanding=3 threshold=2 effectiveWindow=3 pendingData=3 globalLimit=16 neighborOK=0 nodeOK=1 -> NO
[HOP 4] CanSendToHop dest=5 outstanding=3 threshold=2 effectiveWindow=3 pendingData=3 globalLimit=16 neighborOK=0 nodeOK=1 -> NO
[HOP 4] CanSendToHop dest=5 outstanding=3 threshold=2 effectiveWindow=3 pendingData=3 globalLimit=16 neighborOK=0 nodeOK=1 -> NO
[HOP 4] CanSendToHop dest=5 outstanding=3 threshold=2 effectiveWindow=3 pendingData=3 globalLimit=16 neighborOK=0 nodeOK=1 -> NO
[MAC 4] local advertised reservation expired
[MAC 4] PickTxSlot(dest=5) active_nodes_for_slotting=3 opnet_slot_range=31
[MAC 4] avoiding neighbor 5 currentReservedSlot=0 rtslot_counter=0
[MAC 4] PickTxSlot(dest=5) avoid:
[MAC 4] PickTxSlot chose 3 using historical next_tslot modulo probe
[MAC 4] starts Pre-Tx with new slot=3 holdoff_over=1
[MAC 1] local advertised reservation expired
[MAC 1] PickTxSlot(dest=5) active_nodes_for_slotting=3 opnet_slot_range=31
[MAC 1] avoiding neighbor 5 currentReservedSlot=0 rtslot_counter=0
[MAC 1] PickTxSlot(dest=5) avoid:
[MAC 1] PickTxSlot chose 1 using historical next_tslot modulo probe
[MAC 1] starts Pre-Tx with new slot=1 holdoff_over=1
[MAC 4] rtslot_counter expired for neighbor 5 reserveSlot=1
[MAC 1] rtslot_counter expired for neighbor 5 reserveSlot=1
[MAC 5] rtslot_counter expired for neighbor 1 reserveSlot=1
[MAC 5] PickTxSlot(dest=4) active_nodes_for_slotting=3 opnet_slot_range=31
[MAC 5] avoiding neighbor 4 currentReservedSlot=0 rtslot_counter=0
[MAC 5] PickTxSlot(dest=4) avoid:
[MAC 5] PickTxSlot chose 9 using historical next_tslot modulo probe
[MAC 5] TX opportunity reached currentSlot=1 reserveNextSlot=9
... type=1 speedKey=128[t=1.5955] TX from node 5 to dest 4 seq 7 size 41 bytes segments 1 at slot 9 rate 128 kbps txPower 33 dBm (133333 bps) preamble SHORT duration 0.02208 s
[MAC 5] ACK transmitted in aggregate dest=4 seq=7 txCount=2/5
[MAC 5] OPNET aggregate transmitted segments=1 ackSegments=1 dataSegments=0 bytes=41 rate=128
[MAC 1] PickTxSlot(dest=5) active_nodes_for_slotting=3 opnet_slot_range=31
[MAC 1] PickTxSlot(dest=5) avoid:
[MAC 1] PickTxSlot chose 1 using historical next_tslot modulo probe
[MAC 1] TX opportunity reached currentSlot=1 reserveNextSlot=1
... type=1 speedKey=128[t=1.60746] TX from node 1 to dest 5 seq 5 size 41 bytes segments 1 at slot 1 rate 128 kbps txPower 33 dBm (133333 bps) preamble SHORT duration 0.02208 s
[MAC 1] ACK transmitted in aggregate dest=5 seq=5 txCount=1/5
[MAC 1] OPNET aggregate transmitted segments=1 ackSegments=1 dataSegments=0 bytes=41 rate=128
[MAC 5] resumes Pre-Tx with live slot=9 counter=9
[MAC 4] Learned neighbor 5 uses slot 9 (rtCounter=9)
[HOP 4] RX ACK from 5 seq=7
[NWK 4] CheckNwkQueue: size=10
[HOP 4] CanSendToHop dest=5 outstanding=3 threshold=2 effectiveWindow=3 pendingData=3 globalLimit=16 neighborOK=0 nodeOK=1 -> NO
[HOP 4] CanSendToHop dest=5 outstanding=3 threshold=2 effectiveWindow=3 pendingData=3 globalLimit=16 neighborOK=0 nodeOK=1 -> NO
[HOP 4] CanSendToHop dest=5 outstanding=3 threshold=2 effectiveWindow=3 pendingData=3 globalLimit=16 neighborOK=0 nodeOK=1 -> NO
[HOP 4] CanSendToHop dest=5 outstanding=3 threshold=2 effectiveWindow=3 pendingData=3 globalLimit=16 neighborOK=0 nodeOK=1 -> NO
[HOP 4] CanSendToHop dest=5 outstanding=3 threshold=2 effectiveWindow=3 pendingData=3 globalLimit=16 neighborOK=0 nodeOK=1 -> NO
[HOP 4] CanSendToHop dest=5 outstanding=3 threshold=2 effectiveWindow=3 pendingData=3 globalLimit=16 neighborOK=0 nodeOK=1 -> NO
[HOP 4] CanSendToHop dest=5 outstanding=3 threshold=2 effectiveWindow=3 pendingData=3 globalLimit=16 neighborOK=0 nodeOK=1 -> NO
[HOP 4] CanSendToHop dest=5 outstanding=3 threshold=2 effectiveWindow=3 pendingData=3 globalLimit=16 neighborOK=0 nodeOK=1 -> NO
[HOP 4] CanSendToHop dest=5 outstanding=3 threshold=2 effectiveWindow=3 pendingData=3 globalLimit=16 neighborOK=0 nodeOK=1 -> NO
[HOP 4] CanSendToHop dest=5 outstanding=3 threshold=2 effectiveWindow=3 pendingData=3 globalLimit=16 neighborOK=0 nodeOK=1 -> NO
[MAC 5] rtslot_counter expired for neighbor 4 reserveSlot=8
[MAC 4] PickTxSlot(dest=5) active_nodes_for_slotting=3 opnet_slot_range=31
[MAC 4] avoiding neighbor 5 currentReservedSlot=8 rtslot_counter=8
[MAC 4] PickTxSlot(dest=5) avoid: 8
[MAC 4] PickTxSlot chose 7 using historical next_tslot modulo probe
[MAC 4] TX opportunity reached currentSlot=3 reserveNextSlot=7
... type=0 speedKey=128[t=1.625] TX from node 4 to dest 5 seq 8 size 144 bytes segments 3 at slot 7 rate 128 kbps txPower 33 dBm (133333 bps) preamble SHORT duration 0.02826 s
[HOP 4] MAC sent confirmation dest=5 seq=8 transmission=1 sentAt=1.625
[HOP 4] MAC sent confirmation dest=5 seq=9 transmission=1 sentAt=1.625
[HOP 4] MAC sent confirmation dest=5 seq=10 transmission=1 sentAt=1.625
[MAC 4] OPNET aggregate transmitted segments=3 ackSegments=0 dataSegments=3 bytes=144 rate=128
[MAC 1] resumes Pre-Tx with live slot=1 counter=1
[MAC 5] Learned neighbor 1 uses slot 1 (rtCounter=1)
[HOP 5] RX ACK from 1 seq=5
[HOP 5] Pending DATA decrement reason=ACK neighbor=1 pending=1
[NWK 5] NSDP(4->1) decremented to 3
[NWK 5] HOP completion released NSDP slot; awaiting HOP queue wake flow=4->1
[HOP 5] Pending DATA decrement reason=ACK neighbor=1 pending=0
[NWK 5] NSDP(4->1) decremented to 2
[NWK 5] HOP completion released NSDP slot; awaiting HOP queue wake flow=4->1
[NWK 5] CheckNwkQueue: size=2
[HOP 5] CanSendToHop dest=1 outstanding=0 threshold=1 effectiveWindow=2 pendingData=0 globalLimit=16 neighborOK=1 nodeOK=1 -> YES
[HOP 5] link_control dest=1 neighborKnown=1 s0=-109 pathloss=70 failures=0 speed=128 txPower=33 rxPower=-109 cost=116
[HOP 5] Pending DATA increment dest=1 pending=1
[HOP 5] TX historical-bare DATA neighbor=1 hopSeq=6
[MAC] Enqueue TX pkt dscp=0 insert_pos=0 queue_size_before=0
[HOP 5] CanSendToHop dest=1 outstanding=1 threshold=1 effectiveWindow=2 pendingData=1 globalLimit=16 neighborOK=1 nodeOK=1 -> YES
[HOP 5] link_control dest=1 neighborKnown=1 s0=-109 pathloss=70 failures=0 speed=128 txPower=33 rxPower=-109 cost=116
[HOP 5] Pending DATA increment dest=1 pending=2
[HOP 5] TX historical-bare DATA neighbor=1 hopSeq=7
[MAC] Enqueue TX pkt dscp=0 insert_pos=1 queue_size_before=1
[MAC 1] PickTxSlot(dest=5) active_nodes_for_slotting=3 opnet_slot_range=31
[MAC 1] PickTxSlot(dest=5) avoid:
[MAC 1] PickTxSlot chose 1 using historical next_tslot modulo probe
[MAC 1] TX opportunity reached currentSlot=1 reserveNextSlot=1
... type=1 speedKey=128[t=1.64646] TX from node 1 to dest 5 seq 5 size 41 bytes segments 1 at slot 1 rate 128 kbps txPower 33 dBm (133333 bps) preamble SHORT duration 0.02208 s
[MAC 1] ACK transmitted in aggregate dest=5 seq=5 txCount=2/5
[MAC 1] OPNET aggregate transmitted segments=1 ackSegments=1 dataSegments=0 bytes=41 rate=128
[MAC 5] rtslot_counter expired for neighbor 1 reserveSlot=1
[MAC 4] post-TX WAIT_FOR_ACK until 21.6533 (POST_TX_WAIT=20 s)
[MAC 5] Learned neighbor 4 uses slot 7 (rtCounter=7)
[HOP 5] link_control dest=4 neighborKnown=1 s0=-109 pathloss=70 failures=0 speed=128 txPower=33 rxPower=-109 cost=116
[NWK 5] Updated reverse path netSrc=4 reverseHop=4
[MAC 5] Update cumulative ACK queue entry dest=4 baseSeq=8 txCount=0
[HOP 5] link_control dest=4 neighborKnown=1 s0=-109 pathloss=70 failures=0 speed=128 txPower=33 rxPower=-109 cost=116
[NWK 5] Updated reverse path netSrc=4 reverseHop=4
[MAC 5] Update cumulative ACK queue entry dest=4 baseSeq=9 txCount=0
[HOP 5] link_control dest=4 neighborKnown=1 s0=-109 pathloss=70 failures=0 speed=128 txPower=33 rxPower=-109 cost=116
[NWK 5] Updated reverse path netSrc=4 reverseHop=4
[MAC 5] Update cumulative ACK queue entry dest=4 baseSeq=10 txCount=0
[NWK 5] CheckNwkQueue: size=3
[HOP 5] CanSendToHop dest=1 outstanding=2 threshold=1 effectiveWindow=2 pendingData=2 globalLimit=16 neighborOK=0 nodeOK=1 -> NO
[HOP 5] CanSendToHop dest=1 outstanding=2 threshold=1 effectiveWindow=2 pendingData=2 globalLimit=16 neighborOK=0 nodeOK=1 -> NO
[HOP 5] CanSendToHop dest=1 outstanding=2 threshold=1 effectiveWindow=2 pendingData=2 globalLimit=16 neighborOK=0 nodeOK=1 -> NO
[MAC 1] resumes Pre-Tx with live slot=1 counter=1
[MAC 5] Learned neighbor 1 uses slot 1 (rtCounter=1)
[HOP 5] RX ACK from 1 seq=5
[NWK 5] CheckNwkQueue: size=3
[HOP 5] CanSendToHop dest=1 outstanding=2 threshold=1 effectiveWindow=2 pendingData=2 globalLimit=16 neighborOK=0 nodeOK=1 -> NO
[HOP 5] CanSendToHop dest=1 outstanding=2 threshold=1 effectiveWindow=2 pendingData=2 globalLimit=16 neighborOK=0 nodeOK=1 -> NO
[HOP 5] CanSendToHop dest=1 outstanding=2 threshold=1 effectiveWindow=2 pendingData=2 globalLimit=16 neighborOK=0 nodeOK=1 -> NO
[MAC 1] PickTxSlot(dest=5) active_nodes_for_slotting=3 opnet_slot_range=31
[MAC 1] PickTxSlot(dest=5) avoid:
[MAC 1] PickTxSlot chose 1 using historical next_tslot modulo probe
[MAC 1] TX opportunity reached currentSlot=1 reserveNextSlot=1
... type=1 speedKey=128[t=1.68546] TX from node 1 to dest 5 seq 5 size 41 bytes segments 1 at slot 1 rate 128 kbps txPower 33 dBm (133333 bps) preamble SHORT duration 0.02208 s
[MAC 1] ACK transmitted in aggregate dest=5 seq=5 txCount=3/5
[MAC 1] OPNET aggregate transmitted segments=1 ackSegments=1 dataSegments=0 bytes=41 rate=128
[MAC 5] rtslot_counter expired for neighbor 1 reserveSlot=1
[MAC 1] resumes Pre-Tx with live slot=1 counter=1
[MAC 5] Learned neighbor 1 uses slot 1 (rtCounter=1)
[HOP 5] RX ACK from 1 seq=5
[NWK 5] CheckNwkQueue: size=3
[HOP 5] CanSendToHop dest=1 outstanding=2 threshold=1 effectiveWindow=2 pendingData=2 globalLimit=16 neighborOK=0 nodeOK=1 -> NO
[HOP 5] CanSendToHop dest=1 outstanding=2 threshold=1 effectiveWindow=2 pendingData=2 globalLimit=16 neighborOK=0 nodeOK=1 -> NO
[HOP 5] CanSendToHop dest=1 outstanding=2 threshold=1 effectiveWindow=2 pendingData=2 globalLimit=16 neighborOK=0 nodeOK=1 -> NO
[MAC 1] PickTxSlot(dest=5) active_nodes_for_slotting=3 opnet_slot_range=31
[MAC 1] PickTxSlot(dest=5) avoid:
[MAC 1] PickTxSlot chose 1 using historical next_tslot modulo probe
[MAC 1] TX opportunity reached currentSlot=1 reserveNextSlot=1
... type=1 speedKey=128[t=1.72446] TX from node 1 to dest 5 seq 5 size 41 bytes segments 1 at slot 1 rate 128 kbps txPower 33 dBm (133333 bps) preamble SHORT duration 0.02208 s
[MAC 1] ACK transmitted in aggregate dest=5 seq=5 txCount=4/5
[MAC 1] OPNET aggregate transmitted segments=1 ackSegments=1 dataSegments=0 bytes=41 rate=128
[MAC 5] rtslot_counter expired for neighbor 1 reserveSlot=1
[MAC 5] PickTxSlot(dest=4) active_nodes_for_slotting=3 opnet_slot_range=31
[MAC 5] avoiding neighbor 4 currentReservedSlot=0 rtslot_counter=0
[MAC 5] PickTxSlot(dest=4) avoid:
[MAC 5] PickTxSlot chose 1 using historical next_tslot modulo probe
[MAC 5] TX opportunity reached currentSlot=9 reserveNextSlot=1
... type=1 speedKey=128[t=1.7385] TX from node 5 to dest 4 seq 10 size 137 bytes segments 3 at slot 1 rate 128 kbps txPower 33 dBm (133333 bps) preamble SHORT duration 0.02784 s
[HOP 5] MAC sent confirmation dest=1 seq=6 transmission=1 sentAt=1.7385
[HOP 5] MAC sent confirmation dest=1 seq=7 transmission=1 sentAt=1.7385
[MAC 5] ACK transmitted in aggregate dest=4 seq=10 txCount=1/5
[MAC 5] OPNET aggregate transmitted segments=3 ackSegments=1 dataSegments=2 bytes=137 rate=128
[MAC 1] resumes Pre-Tx with live slot=1 counter=1
[MAC 5] Learned neighbor 1 uses slot 1 (rtCounter=1)
[HOP 5] RX ACK from 1 seq=5
[NWK 5] CheckNwkQueue: size=3
[HOP 5] CanSendToHop dest=1 outstanding=2 threshold=1 effectiveWindow=2 pendingData=2 globalLimit=16 neighborOK=0 nodeOK=1 -> NO
[HOP 5] CanSendToHop dest=1 outstanding=2 threshold=1 effectiveWindow=2 pendingData=2 globalLimit=16 neighborOK=0 nodeOK=1 -> NO
[HOP 5] CanSendToHop dest=1 outstanding=2 threshold=1 effectiveWindow=2 pendingData=2 globalLimit=16 neighborOK=0 nodeOK=1 -> NO
[MAC 4] local advertised reservation expired
[MAC 1] PickTxSlot(dest=5) active_nodes_for_slotting=3 opnet_slot_range=31
[MAC 1] PickTxSlot(dest=5) avoid:
[MAC 1] PickTxSlot chose 1 using historical next_tslot modulo probe
[MAC 1] TX opportunity reached currentSlot=1 reserveNextSlot=1
... type=1 speedKey=128[t=1.76346] TX from node 1 to dest 5 seq 5 size 41 bytes segments 1 at slot 1 rate 128 kbps txPower 33 dBm (133333 bps) preamble SHORT duration 0.02208 s
[MAC 1] ACK transmitted in aggregate dest=5 seq=5 txCount=5/5
[MAC 1] Remove ACK after OPNET resend limit dest=5 seq=5
[MAC 1] OPNET aggregate transmitted segments=1 ackSegments=1 dataSegments=0 bytes=41 rate=128
[MAC 5] resumes Pre-Tx with live slot=1 counter=1
[MAC 4] Learned neighbor 5 uses slot 1 (rtCounter=1)
[HOP 4] RX ACK from 5 seq=10
[HOP 4] Pending DATA decrement reason=ACK neighbor=5 pending=2
[NWK 4] NSDP(4->1) decremented to 12
[NWK 4] HOP completion released NSDP slot; awaiting HOP queue wake flow=4->1
[HOP 4] Pending DATA decrement reason=ACK neighbor=5 pending=1
[HOP 4] Adaptive flow threshold increased neighbor=5 old=2 new=3 effectiveWindow=4
[NWK 4] NSDP(4->1) decremented to 11
[NWK 4] HOP completion released NSDP slot; awaiting HOP queue wake flow=4->1
[HOP 4] Pending DATA decrement reason=ACK neighbor=5 pending=0
[NWK 4] NSDP(4->1) decremented to 10
[NWK 4] HOP completion released NSDP slot; awaiting HOP queue wake flow=4->1
[MAC 1] Learned neighbor 5 uses slot 1 (rtCounter=1)
[HOP 1] link_control dest=5 neighborKnown=1 s0=-109 pathloss=70 failures=0 speed=128 txPower=33 rxPower=-109 cost=116
[MAC 1] Enqueue ACK dest=5 seq=6 window=1 ack_queue_size=1
[NWK 1] Updated reverse path netSrc=4 reverseHop=5
[HOP 1] link_control dest=5 neighborKnown=1 s0=-109 pathloss=70 failures=0 speed=128 txPower=33 rxPower=-109 cost=116
[MAC 1] Update cumulative ACK queue entry dest=5 baseSeq=7 txCount=0
[NWK 1] Updated reverse path netSrc=4 reverseHop=5
[NWK 4] CheckNwkQueue: size=10
[HOP 4] CanSendToHop dest=5 outstanding=0 threshold=3 effectiveWindow=4 pendingData=0 globalLimit=16 neighborOK=1 nodeOK=1 -> YES
[HOP 4] link_control dest=5 neighborKnown=1 s0=-109 pathloss=70 failures=0 speed=128 txPower=33 rxPower=-109 cost=116
[HOP 4] Pending DATA increment dest=5 pending=1
[HOP 4] TX historical-bare DATA neighbor=5 hopSeq=11
[MAC] Enqueue TX pkt dscp=0 insert_pos=0 queue_size_before=0
[HOP 4] CanSendToHop dest=5 outstanding=1 threshold=3 effectiveWindow=4 pendingData=1 globalLimit=16 neighborOK=1 nodeOK=1 -> YES
[HOP 4] link_control dest=5 neighborKnown=1 s0=-109 pathloss=70 failures=0 speed=128 txPower=33 rxPower=-109 cost=116
[HOP 4] Pending DATA increment dest=5 pending=2
[HOP 4] TX historical-bare DATA neighbor=5 hopSeq=12
[MAC] Enqueue TX pkt dscp=0 insert_pos=1 queue_size_before=1
[HOP 4] CanSendToHop dest=5 outstanding=2 threshold=3 effectiveWindow=4 pendingData=2 globalLimit=16 neighborOK=1 nodeOK=1 -> YES
[HOP 4] link_control dest=5 neighborKnown=1 s0=-109 pathloss=70 failures=0 speed=128 txPower=33 rxPower=-109 cost=116
[HOP 4] Pending DATA increment dest=5 pending=3
[HOP 4] TX historical-bare DATA neighbor=5 hopSeq=13
[MAC] Enqueue TX pkt dscp=0 insert_pos=2 queue_size_before=2
[HOP 4] CanSendToHop dest=5 outstanding=3 threshold=3 effectiveWindow=4 pendingData=3 globalLimit=16 neighborOK=1 nodeOK=1 -> YES
[HOP 4] link_control dest=5 neighborKnown=1 s0=-109 pathloss=70 failures=0 speed=128 txPower=33 rxPower=-109 cost=116
[HOP 4] Pending DATA increment dest=5 pending=4
[HOP 4] TX historical-bare DATA neighbor=5 hopSeq=14
[MAC] Enqueue TX pkt dscp=0 insert_pos=3 queue_size_before=3
[HOP 4] CanSendToHop dest=5 outstanding=4 threshold=3 effectiveWindow=4 pendingData=4 globalLimit=16 neighborOK=0 nodeOK=1 -> NO
[HOP 4] CanSendToHop dest=5 outstanding=4 threshold=3 effectiveWindow=4 pendingData=4 globalLimit=16 neighborOK=0 nodeOK=1 -> NO
[HOP 4] CanSendToHop dest=5 outstanding=4 threshold=3 effectiveWindow=4 pendingData=4 globalLimit=16 neighborOK=0 nodeOK=1 -> NO
[HOP 4] CanSendToHop dest=5 outstanding=4 threshold=3 effectiveWindow=4 pendingData=4 globalLimit=16 neighborOK=0 nodeOK=1 -> NO
[HOP 4] CanSendToHop dest=5 outstanding=4 threshold=3 effectiveWindow=4 pendingData=4 globalLimit=16 neighborOK=0 nodeOK=1 -> NO
[HOP 4] CanSendToHop dest=5 outstanding=4 threshold=3 effectiveWindow=4 pendingData=4 globalLimit=16 neighborOK=0 nodeOK=1 -> NO
[MAC 4] PickTxSlot(dest=5) active_nodes_for_slotting=3 opnet_slot_range=31
[MAC 4] avoiding neighbor 5 currentReservedSlot=0 rtslot_counter=0
[MAC 4] PickTxSlot(dest=5) avoid:
[MAC 4] PickTxSlot chose 3 using historical next_tslot modulo probe
[MAC 4] starts Pre-Tx with new slot=3 holdoff_over=1
[MAC 5] rtslot_counter expired for neighbor 4 reserveSlot=7
[MAC 4] rtslot_counter expired for neighbor 5 reserveSlot=1
[MAC 1] resumes Pre-Tx with live slot=1 counter=1
[MAC 5] Learned neighbor 1 uses slot 1 (rtCounter=1)
[HOP 5] RX ACK from 1 seq=5
[NWK 5] CheckNwkQueue: size=3
[HOP 5] CanSendToHop dest=1 outstanding=2 threshold=1 effectiveWindow=2 pendingData=2 globalLimit=16 neighborOK=0 nodeOK=1 -> NO
[HOP 5] CanSendToHop dest=1 outstanding=2 threshold=1 effectiveWindow=2 pendingData=2 globalLimit=16 neighborOK=0 nodeOK=1 -> NO
[HOP 5] CanSendToHop dest=1 outstanding=2 threshold=1 effectiveWindow=2 pendingData=2 globalLimit=16 neighborOK=0 nodeOK=1 -> NO
[MAC 5] PickTxSlot(dest=4) active_nodes_for_slotting=3 opnet_slot_range=31
[MAC 5] avoiding neighbor 1 currentReservedSlot=0 rtslot_counter=0
[MAC 5] PickTxSlot(dest=4) avoid:
[MAC 5] PickTxSlot chose 9 using historical next_tslot modulo probe
[MAC 5] TX opportunity reached currentSlot=1 reserveNextSlot=9
... type=1 speedKey=128[t=1.7905] TX from node 5 to dest 4 seq 10 size 41 bytes segments 1 at slot 9 rate 128 kbps txPower 33 dBm (133333 bps) preamble SHORT duration 0.02208 s
[MAC 5] ACK transmitted in aggregate dest=4 seq=10 txCount=2/5
[MAC 5] OPNET aggregate transmitted segments=1 ackSegments=1 dataSegments=0 bytes=41 rate=128
[MAC 1] rtslot_counter expired for neighbor 5 reserveSlot=1
[MAC 1] PickTxSlot(dest=5) active_nodes_for_slotting=3 opnet_slot_range=31
[MAC 1] PickTxSlot(dest=5) avoid:
[MAC 1] PickTxSlot chose 1 using historical next_tslot modulo probe
[MAC 1] TX opportunity reached currentSlot=1 reserveNextSlot=1
... type=1 speedKey=128[t=1.80246] TX from node 1 to dest 5 seq 7 size 41 bytes segments 1 at slot 1 rate 128 kbps txPower 33 dBm (133333 bps) preamble SHORT duration 0.02208 s
[MAC 1] ACK transmitted in aggregate dest=5 seq=7 txCount=1/5
[MAC 1] OPNET aggregate transmitted segments=1 ackSegments=1 dataSegments=0 bytes=41 rate=128
[MAC 5] resumes Pre-Tx with live slot=9 counter=9
[MAC 4] Learned neighbor 5 uses slot 9 (rtCounter=9)
[HOP 4] RX ACK from 5 seq=10
[NWK 4] CheckNwkQueue: size=6
[HOP 4] CanSendToHop dest=5 outstanding=4 threshold=3 effectiveWindow=4 pendingData=4 globalLimit=16 neighborOK=0 nodeOK=1 -> NO
[HOP 4] CanSendToHop dest=5 outstanding=4 threshold=3 effectiveWindow=4 pendingData=4 globalLimit=16 neighborOK=0 nodeOK=1 -> NO
[HOP 4] CanSendToHop dest=5 outstanding=4 threshold=3 effectiveWindow=4 pendingData=4 globalLimit=16 neighborOK=0 nodeOK=1 -> NO
[HOP 4] CanSendToHop dest=5 outstanding=4 threshold=3 effectiveWindow=4 pendingData=4 globalLimit=16 neighborOK=0 nodeOK=1 -> NO
[HOP 4] CanSendToHop dest=5 outstanding=4 threshold=3 effectiveWindow=4 pendingData=4 globalLimit=16 neighborOK=0 nodeOK=1 -> NO
[HOP 4] CanSendToHop dest=5 outstanding=4 threshold=3 effectiveWindow=4 pendingData=4 globalLimit=16 neighborOK=0 nodeOK=1 -> NO
[MAC 5] rtslot_counter expired for neighbor 1 reserveSlot=1
[MAC 4] PickTxSlot(dest=5) active_nodes_for_slotting=3 opnet_slot_range=31
[MAC 4] avoiding neighbor 5 currentReservedSlot=8 rtslot_counter=8
[MAC 4] PickTxSlot(dest=5) avoid: 8
[MAC 4] PickTxSlot chose 7 using historical next_tslot modulo probe
[MAC 4] TX opportunity reached currentSlot=3 reserveNextSlot=7
... type=0 speedKey=128[t=1.82] TX from node 4 to dest 5 seq 11 size 192 bytes segments 4 at slot 7 rate 128 kbps txPower 33 dBm (133333 bps) preamble SHORT duration 0.03114 s
[HOP 4] MAC sent confirmation dest=5 seq=11 transmission=1 sentAt=1.82
[HOP 4] MAC sent confirmation dest=5 seq=12 transmission=1 sentAt=1.82
[HOP 4] MAC sent confirmation dest=5 seq=13 transmission=1 sentAt=1.82
[HOP 4] MAC sent confirmation dest=5 seq=14 transmission=1 sentAt=1.82
[MAC 4] OPNET aggregate transmitted segments=4 ackSegments=0 dataSegments=4 bytes=192 rate=128
[MAC 1] resumes Pre-Tx with live slot=1 counter=1
[MAC 5] Learned neighbor 1 uses slot 1 (rtCounter=1)
[HOP 5] RX ACK from 1 seq=7
[HOP 5] Pending DATA decrement reason=ACK neighbor=1 pending=1
[HOP 5] Adaptive flow threshold increased neighbor=1 old=1 new=2 effectiveWindow=3
[NWK 5] NSDP(4->1) decremented to 4
[NWK 5] HOP completion released NSDP slot; awaiting HOP queue wake flow=4->1
[HOP 5] Pending DATA decrement reason=ACK neighbor=1 pending=0
[NWK 5] NSDP(4->1) decremented to 3
[NWK 5] HOP completion released NSDP slot; awaiting HOP queue wake flow=4->1
[NWK 5] CheckNwkQueue: size=3
[HOP 5] CanSendToHop dest=1 outstanding=0 threshold=2 effectiveWindow=3 pendingData=0 globalLimit=16 neighborOK=1 nodeOK=1 -> YES
[HOP 5] link_control dest=1 neighborKnown=1 s0=-109 pathloss=70 failures=0 speed=128 txPower=33 rxPower=-109 cost=116
[HOP 5] Pending DATA increment dest=1 pending=1
[HOP 5] TX historical-bare DATA neighbor=1 hopSeq=8
[MAC] Enqueue TX pkt dscp=0 insert_pos=0 queue_size_before=0
[HOP 5] CanSendToHop dest=1 outstanding=1 threshold=2 effectiveWindow=3 pendingData=1 globalLimit=16 neighborOK=1 nodeOK=1 -> YES
[HOP 5] link_control dest=1 neighborKnown=1 s0=-109 pathloss=70 failures=0 speed=128 txPower=33 rxPower=-109 cost=116
[HOP 5] Pending DATA increment dest=1 pending=2
[HOP 5] TX historical-bare DATA neighbor=1 hopSeq=9
[MAC] Enqueue TX pkt dscp=0 insert_pos=1 queue_size_before=1
[HOP 5] CanSendToHop dest=1 outstanding=2 threshold=2 effectiveWindow=3 pendingData=2 globalLimit=16 neighborOK=1 nodeOK=1 -> YES
[HOP 5] link_control dest=1 neighborKnown=1 s0=-109 pathloss=70 failures=0 speed=128 txPower=33 rxPower=-109 cost=116
[HOP 5] Pending DATA increment dest=1 pending=3
[HOP 5] TX historical-bare DATA neighbor=1 hopSeq=10
[MAC] Enqueue TX pkt dscp=0 insert_pos=2 queue_size_before=2
[MAC 1] PickTxSlot(dest=5) active_nodes_for_slotting=3 opnet_slot_range=31
[MAC 1] PickTxSlot(dest=5) avoid:
[MAC 1] PickTxSlot chose 1 using historical next_tslot modulo probe
[MAC 1] TX opportunity reached currentSlot=1 reserveNextSlot=1
... type=1 speedKey=128[t=1.84146] TX from node 1 to dest 5 seq 7 size 41 bytes segments 1 at slot 1 rate 128 kbps txPower 33 dBm (133333 bps) preamble SHORT duration 0.02208 s
[MAC 1] ACK transmitted in aggregate dest=5 seq=7 txCount=2/5
[MAC 1] OPNET aggregate transmitted segments=1 ackSegments=1 dataSegments=0 bytes=41 rate=128
[MAC 5] rtslot_counter expired for neighbor 1 reserveSlot=1
[MAC 4] post-TX WAIT_FOR_ACK until 21.8511 (POST_TX_WAIT=20 s)
[MAC 5] Learned neighbor 4 uses slot 7 (rtCounter=7)
[HOP 5] link_control dest=4 neighborKnown=1 s0=-109 pathloss=70 failures=0 speed=128 txPower=33 rxPower=-109 cost=116
[NWK 5] Updated reverse path netSrc=4 reverseHop=4
[MAC 5] Update cumulative ACK queue entry dest=4 baseSeq=11 txCount=0
[HOP 5] link_control dest=4 neighborKnown=1 s0=-109 pathloss=70 failures=0 speed=128 txPower=33 rxPower=-109 cost=116
[NWK 5] Updated reverse path netSrc=4 reverseHop=4
[MAC 5] Update cumulative ACK queue entry dest=4 baseSeq=12 txCount=0
[HOP 5] link_control dest=4 neighborKnown=1 s0=-109 pathloss=70 failures=0 speed=128 txPower=33 rxPower=-109 cost=116
[NWK 5] Updated reverse path netSrc=4 reverseHop=4
[MAC 5] Update cumulative ACK queue entry dest=4 baseSeq=13 txCount=0
[HOP 5] link_control dest=4 neighborKnown=1 s0=-109 pathloss=70 failures=0 speed=128 txPower=33 rxPower=-109 cost=116
[NWK 5] Updated reverse path netSrc=4 reverseHop=4
[MAC 5] Update cumulative ACK queue entry dest=4 baseSeq=14 txCount=0
[NWK 5] CheckNwkQueue: size=4
[HOP 5] CanSendToHop dest=1 outstanding=3 threshold=2 effectiveWindow=3 pendingData=3 globalLimit=16 neighborOK=0 nodeOK=1 -> NO
[HOP 5] CanSendToHop dest=1 outstanding=3 threshold=2 effectiveWindow=3 pendingData=3 globalLimit=16 neighborOK=0 nodeOK=1 -> NO
[HOP 5] CanSendToHop dest=1 outstanding=3 threshold=2 effectiveWindow=3 pendingData=3 globalLimit=16 neighborOK=0 nodeOK=1 -> NO
[HOP 5] CanSendToHop dest=1 outstanding=3 threshold=2 effectiveWindow=3 pendingData=3 globalLimit=16 neighborOK=0 nodeOK=1 -> NO
[MAC 1] resumes Pre-Tx with live slot=1 counter=1
[MAC 5] Learned neighbor 1 uses slot 1 (rtCounter=1)
[HOP 5] RX ACK from 1 seq=7
[NWK 5] CheckNwkQueue: size=4
[HOP 5] CanSendToHop dest=1 outstanding=3 threshold=2 effectiveWindow=3 pendingData=3 globalLimit=16 neighborOK=0 nodeOK=1 -> NO
[HOP 5] CanSendToHop dest=1 outstanding=3 threshold=2 effectiveWindow=3 pendingData=3 globalLimit=16 neighborOK=0 nodeOK=1 -> NO
[HOP 5] CanSendToHop dest=1 outstanding=3 threshold=2 effectiveWindow=3 pendingData=3 globalLimit=16 neighborOK=0 nodeOK=1 -> NO
[HOP 5] CanSendToHop dest=1 outstanding=3 threshold=2 effectiveWindow=3 pendingData=3 globalLimit=16 neighborOK=0 nodeOK=1 -> NO
[MAC 1] PickTxSlot(dest=5) active_nodes_for_slotting=3 opnet_slot_range=31
[MAC 1] PickTxSlot(dest=5) avoid:
[MAC 1] PickTxSlot chose 1 using historical next_tslot modulo probe
[MAC 1] TX opportunity reached currentSlot=1 reserveNextSlot=1
... type=1 speedKey=128[t=1.88046] TX from node 1 to dest 5 seq 7 size 41 bytes segments 1 at slot 1 rate 128 kbps txPower 33 dBm (133333 bps) preamble SHORT duration 0.02208 s
[MAC 1] ACK transmitted in aggregate dest=5 seq=7 txCount=3/5
[MAC 1] OPNET aggregate transmitted segments=1 ackSegments=1 dataSegments=0 bytes=41 rate=128
[MAC 5] rtslot_counter expired for neighbor 1 reserveSlot=1
[MAC 1] resumes Pre-Tx with live slot=1 counter=1
[MAC 5] Learned neighbor 1 uses slot 1 (rtCounter=1)
[HOP 5] RX ACK from 1 seq=7
[NWK 5] CheckNwkQueue: size=4
[HOP 5] CanSendToHop dest=1 outstanding=3 threshold=2 effectiveWindow=3 pendingData=3 globalLimit=16 neighborOK=0 nodeOK=1 -> NO
[HOP 5] CanSendToHop dest=1 outstanding=3 threshold=2 effectiveWindow=3 pendingData=3 globalLimit=16 neighborOK=0 nodeOK=1 -> NO
[HOP 5] CanSendToHop dest=1 outstanding=3 threshold=2 effectiveWindow=3 pendingData=3 globalLimit=16 neighborOK=0 nodeOK=1 -> NO
[HOP 5] CanSendToHop dest=1 outstanding=3 threshold=2 effectiveWindow=3 pendingData=3 globalLimit=16 neighborOK=0 nodeOK=1 -> NO
[MAC 1] PickTxSlot(dest=5) active_nodes_for_slotting=3 opnet_slot_range=31
[MAC 1] PickTxSlot(dest=5) avoid:
[MAC 1] PickTxSlot chose 1 using historical next_tslot modulo probe
[MAC 1] TX opportunity reached currentSlot=1 reserveNextSlot=1
... type=1 speedKey=128[t=1.91946] TX from node 1 to dest 5 seq 7 size 41 bytes segments 1 at slot 1 rate 128 kbps txPower 33 dBm (133333 bps) preamble SHORT duration 0.02208 s
[MAC 1] ACK transmitted in aggregate dest=5 seq=7 txCount=4/5
[MAC 1] OPNET aggregate transmitted segments=1 ackSegments=1 dataSegments=0 bytes=41 rate=128
[MAC 5] rtslot_counter expired for neighbor 1 reserveSlot=1
[MAC 5] PickTxSlot(dest=4) active_nodes_for_slotting=3 opnet_slot_range=31
[MAC 5] avoiding neighbor 4 currentReservedSlot=0 rtslot_counter=0
[MAC 5] PickTxSlot(dest=4) avoid:
[MAC 5] PickTxSlot chose 1 using historical next_tslot modulo probe
[MAC 5] TX opportunity reached currentSlot=9 reserveNextSlot=1
... type=1 speedKey=128[t=1.9335] TX from node 5 to dest 4 seq 14 size 185 bytes segments 4 at slot 1 rate 128 kbps txPower 33 dBm (133333 bps) preamble SHORT duration 0.03072 s
[HOP 5] MAC sent confirmation dest=1 seq=8 transmission=1 sentAt=1.9335
[HOP 5] MAC sent confirmation dest=1 seq=9 transmission=1 sentAt=1.9335
[HOP 5] MAC sent confirmation dest=1 seq=10 transmission=1 sentAt=1.9335
[MAC 5] ACK transmitted in aggregate dest=4 seq=14 txCount=1/5
[MAC 5] OPNET aggregate transmitted segments=4 ackSegments=1 dataSegments=3 bytes=185 rate=128
[MAC 1] resumes Pre-Tx with live slot=1 counter=1
[MAC 5] Learned neighbor 1 uses slot 1 (rtCounter=1)
[HOP 5] RX ACK from 1 seq=7
[NWK 5] CheckNwkQueue: size=4
[HOP 5] CanSendToHop dest=1 outstanding=3 threshold=2 effectiveWindow=3 pendingData=3 globalLimit=16 neighborOK=0 nodeOK=1 -> NO
[HOP 5] CanSendToHop dest=1 outstanding=3 threshold=2 effectiveWindow=3 pendingData=3 globalLimit=16 neighborOK=0 nodeOK=1 -> NO
[HOP 5] CanSendToHop dest=1 outstanding=3 threshold=2 effectiveWindow=3 pendingData=3 globalLimit=16 neighborOK=0 nodeOK=1 -> NO
[HOP 5] CanSendToHop dest=1 outstanding=3 threshold=2 effectiveWindow=3 pendingData=3 globalLimit=16 neighborOK=0 nodeOK=1 -> NO
[MAC 4] local advertised reservation expired
[MAC 1] PickTxSlot(dest=5) active_nodes_for_slotting=3 opnet_slot_range=31
[MAC 1] PickTxSlot(dest=5) avoid:
[MAC 1] PickTxSlot chose 1 using historical next_tslot modulo probe
[MAC 1] TX opportunity reached currentSlot=1 reserveNextSlot=1
... type=1 speedKey=128[t=1.95846] TX from node 1 to dest 5 seq 7 size 41 bytes segments 1 at slot 1 rate 128 kbps txPower 33 dBm (133333 bps) preamble SHORT duration 0.02208 s
[MAC 1] ACK transmitted in aggregate dest=5 seq=7 txCount=5/5
[MAC 1] Remove ACK after OPNET resend limit dest=5 seq=7
[MAC 1] OPNET aggregate transmitted segments=1 ackSegments=1 dataSegments=0 bytes=41 rate=128
[MAC 4] rtslot_counter expired for neighbor 5 reserveSlot=9
[MAC 5] resumes Pre-Tx with live slot=1 counter=1
[MAC 4] Learned neighbor 5 uses slot 1 (rtCounter=1)
[HOP 4] RX ACK from 5 seq=14
[HOP 4] Pending DATA decrement reason=ACK neighbor=5 pending=3
[NWK 4] NSDP(4->1) decremented to 9
[NWK 4] HOP completion released NSDP slot; awaiting HOP queue wake flow=4->1
[HOP 4] Pending DATA decrement reason=ACK neighbor=5 pending=2
[HOP 4] Adaptive flow threshold increased neighbor=5 old=3 new=4 effectiveWindow=5
[NWK 4] NSDP(4->1) decremented to 8
[NWK 4] HOP completion released NSDP slot; awaiting HOP queue wake flow=4->1
[HOP 4] Pending DATA decrement reason=ACK neighbor=5 pending=1
[NWK 4] NSDP(4->1) decremented to 7
[NWK 4] HOP completion released NSDP slot; awaiting HOP queue wake flow=4->1
[HOP 4] Pending DATA decrement reason=ACK neighbor=5 pending=0
[NWK 4] NSDP(4->1) decremented to 6
[NWK 4] HOP completion released NSDP slot; awaiting HOP queue wake flow=4->1
[MAC 1] Learned neighbor 5 uses slot 1 (rtCounter=1)
[HOP 1] link_control dest=5 neighborKnown=1 s0=-109 pathloss=70 failures=0 speed=128 txPower=33 rxPower=-109 cost=116
[MAC 1] Enqueue ACK dest=5 seq=8 window=1 ack_queue_size=1
[NWK 1] Updated reverse path netSrc=4 reverseHop=5
[HOP 1] link_control dest=5 neighborKnown=1 s0=-109 pathloss=70 failures=0 speed=128 txPower=33 rxPower=-109 cost=116
[MAC 1] Update cumulative ACK queue entry dest=5 baseSeq=9 txCount=0
[NWK 1] Updated reverse path netSrc=4 reverseHop=5
[HOP 1] link_control dest=5 neighborKnown=1 s0=-109 pathloss=70 failures=0 speed=128 txPower=33 rxPower=-109 cost=116
[MAC 1] Update cumulative ACK queue entry dest=5 baseSeq=10 txCount=0
[NWK 1] Updated reverse path netSrc=4 reverseHop=5
[NWK 4] CheckNwkQueue: size=6
[HOP 4] CanSendToHop dest=5 outstanding=0 threshold=4 effectiveWindow=5 pendingData=0 globalLimit=16 neighborOK=1 nodeOK=1 -> YES
[HOP 4] link_control dest=5 neighborKnown=1 s0=-109 pathloss=70 failures=0 speed=128 txPower=33 rxPower=-109 cost=116
[HOP 4] Pending DATA increment dest=5 pending=1
[HOP 4] TX historical-bare DATA neighbor=5 hopSeq=15
[MAC] Enqueue TX pkt dscp=0 insert_pos=0 queue_size_before=0
[HOP 4] CanSendToHop dest=5 outstanding=1 threshold=4 effectiveWindow=5 pendingData=1 globalLimit=16 neighborOK=1 nodeOK=1 -> YES
[HOP 4] link_control dest=5 neighborKnown=1 s0=-109 pathloss=70 failures=0 speed=128 txPower=33 rxPower=-109 cost=116
[HOP 4] Pending DATA increment dest=5 pending=2
[HOP 4] TX historical-bare DATA neighbor=5 hopSeq=16
[MAC] Enqueue TX pkt dscp=0 insert_pos=1 queue_size_before=1
[HOP 4] CanSendToHop dest=5 outstanding=2 threshold=4 effectiveWindow=5 pendingData=2 globalLimit=16 neighborOK=1 nodeOK=1 -> YES
[HOP 4] link_control dest=5 neighborKnown=1 s0=-109 pathloss=70 failures=0 speed=128 txPower=33 rxPower=-109 cost=116
[HOP 4] Pending DATA increment dest=5 pending=3
[HOP 4] TX historical-bare DATA neighbor=5 hopSeq=17
[MAC] Enqueue TX pkt dscp=0 insert_pos=2 queue_size_before=2
[HOP 4] CanSendToHop dest=5 outstanding=3 threshold=4 effectiveWindow=5 pendingData=3 globalLimit=16 neighborOK=1 nodeOK=1 -> YES
[HOP 4] link_control dest=5 neighborKnown=1 s0=-109 pathloss=70 failures=0 speed=128 txPower=33 rxPower=-109 cost=116
[HOP 4] Pending DATA increment dest=5 pending=4
[HOP 4] TX historical-bare DATA neighbor=5 hopSeq=18
[MAC] Enqueue TX pkt dscp=0 insert_pos=3 queue_size_before=3
[HOP 4] CanSendToHop dest=5 outstanding=4 threshold=4 effectiveWindow=5 pendingData=4 globalLimit=16 neighborOK=1 nodeOK=1 -> YES
[HOP 4] link_control dest=5 neighborKnown=1 s0=-109 pathloss=70 failures=0 speed=128 txPower=33 rxPower=-109 cost=116
[HOP 4] Pending DATA increment dest=5 pending=5
[HOP 4] TX historical-bare DATA neighbor=5 hopSeq=19
[MAC] Enqueue TX pkt dscp=0 insert_pos=4 queue_size_before=4
[HOP 4] CanSendToHop dest=5 outstanding=5 threshold=4 effectiveWindow=5 pendingData=5 globalLimit=16 neighborOK=0 nodeOK=1 -> NO
[MAC 5] rtslot_counter expired for neighbor 4 reserveSlot=7
[MAC 4] PickTxSlot(dest=5) active_nodes_for_slotting=3 opnet_slot_range=31
[MAC 4] avoiding neighbor 5 currentReservedSlot=0 rtslot_counter=0
[MAC 4] PickTxSlot(dest=5) avoid:
[MAC 4] PickTxSlot chose 3 using historical next_tslot modulo probe
[MAC 4] starts Pre-Tx with new slot=3 holdoff_over=1
[MAC 1] resumes Pre-Tx with live slot=1 counter=1
[MAC 5] Learned neighbor 1 uses slot 1 (rtCounter=1)
[HOP 5] RX ACK from 1 seq=7
[NWK 5] CheckNwkQueue: size=4
[HOP 5] CanSendToHop dest=1 outstanding=3 threshold=2 effectiveWindow=3 pendingData=3 globalLimit=16 neighborOK=0 nodeOK=1 -> NO
[HOP 5] CanSendToHop dest=1 outstanding=3 threshold=2 effectiveWindow=3 pendingData=3 globalLimit=16 neighborOK=0 nodeOK=1 -> NO
[HOP 5] CanSendToHop dest=1 outstanding=3 threshold=2 effectiveWindow=3 pendingData=3 globalLimit=16 neighborOK=0 nodeOK=1 -> NO
[HOP 5] CanSendToHop dest=1 outstanding=3 threshold=2 effectiveWindow=3 pendingData=3 globalLimit=16 neighborOK=0 nodeOK=1 -> NO
[MAC 5] PickTxSlot(dest=4) active_nodes_for_slotting=3 opnet_slot_range=31
[MAC 5] avoiding neighbor 1 currentReservedSlot=0 rtslot_counter=0
[MAC 5] PickTxSlot(dest=4) avoid:
[MAC 5] PickTxSlot chose 9 using historical next_tslot modulo probe
[MAC 5] TX opportunity reached currentSlot=1 reserveNextSlot=9
... type=1 speedKey=128[t=1.9855] TX from node 5 to dest 4 seq 14 size 41 bytes segments 1 at slot 9 rate 128 kbps txPower 33 dBm (133333 bps) preamble SHORT duration 0.02208 s
[MAC 5] ACK transmitted in aggregate dest=4 seq=14 txCount=2/5
[MAC 5] OPNET aggregate transmitted segments=1 ackSegments=1 dataSegments=0 bytes=41 rate=128
[MAC 4] rtslot_counter expired for neighbor 5 reserveSlot=1
[MAC 1] rtslot_counter expired for neighbor 5 reserveSlot=1
[MAC 1] PickTxSlot(dest=5) active_nodes_for_slotting=3 opnet_slot_range=31
[MAC 1] PickTxSlot(dest=5) avoid:
[MAC 1] PickTxSlot chose 1 using historical next_tslot modulo probe
[MAC 1] TX opportunity reached currentSlot=1 reserveNextSlot=1
... type=1 speedKey=128[t=1.99746] TX from node 1 to dest 5 seq 10 size 41 bytes segments 1 at slot 1 rate 128 kbps txPower 33 dBm (133333 bps) preamble SHORT duration 0.02208 s
[MAC 1] ACK transmitted in aggregate dest=5 seq=10 txCount=1/5
[MAC 1] OPNET aggregate transmitted segments=1 ackSegments=1 dataSegments=0 bytes=41 rate=128
[MAC 5] resumes Pre-Tx with live slot=9 counter=9
[MAC 4] Learned neighbor 5 uses slot 9 (rtCounter=9)
[HOP 4] RX ACK from 5 seq=14
[NWK 4] CheckNwkQueue: size=1
[HOP 4] CanSendToHop dest=5 outstanding=5 threshold=4 effectiveWindow=5 pendingData=5 globalLimit=16 neighborOK=0 nodeOK=1 -> NO
[MAC 5] rtslot_counter expired for neighbor 1 reserveSlot=1
[MAC 1] resumes Pre-Tx with live slot=1 counter=1
[MAC 5] Learned neighbor 1 uses slot 1 (rtCounter=1)
[HOP 5] RX ACK from 1 seq=10
[HOP 5] Pending DATA decrement reason=ACK neighbor=1 pending=2
[NWK 5] NSDP(4->1) decremented to 6
[NWK 5] HOP completion released NSDP slot; awaiting HOP queue wake flow=4->1
[HOP 5] Pending DATA decrement reason=ACK neighbor=1 pending=1
[HOP 5] Adaptive flow threshold increased neighbor=1 old=2 new=3 effectiveWindow=4
[NWK 5] NSDP(4->1) decremented to 5
[NWK 5] HOP completion released NSDP slot; awaiting HOP queue wake flow=4->1
[HOP 5] Pending DATA decrement reason=ACK neighbor=1 pending=0
[NWK 5] NSDP(4->1) decremented to 4
[NWK 5] HOP completion released NSDP slot; awaiting HOP queue wake flow=4->1
[NWK 5] CheckNwkQueue: size=4
[HOP 5] CanSendToHop dest=1 outstanding=0 threshold=3 effectiveWindow=4 pendingData=0 globalLimit=16 neighborOK=1 nodeOK=1 -> YES
[HOP 5] link_control dest=1 neighborKnown=1 s0=-109 pathloss=70 failures=0 speed=128 txPower=33 rxPower=-109 cost=116
[HOP 5] Pending DATA increment dest=1 pending=1
[HOP 5] TX historical-bare DATA neighbor=1 hopSeq=11
[MAC] Enqueue TX pkt dscp=0 insert_pos=0 queue_size_before=0
[HOP 5] CanSendToHop dest=1 outstanding=1 threshold=3 effectiveWindow=4 pendingData=1 globalLimit=16 neighborOK=1 nodeOK=1 -> YES
[HOP 5] link_control dest=1 neighborKnown=1 s0=-109 pathloss=70 failures=0 speed=128 txPower=33 rxPower=-109 cost=116
[HOP 5] Pending DATA increment dest=1 pending=2
[HOP 5] TX historical-bare DATA neighbor=1 hopSeq=12
[MAC] Enqueue TX pkt dscp=0 insert_pos=1 queue_size_before=1
[HOP 5] CanSendToHop dest=1 outstanding=2 threshold=3 effectiveWindow=4 pendingData=2 globalLimit=16 neighborOK=1 nodeOK=1 -> YES
[HOP 5] link_control dest=1 neighborKnown=1 s0=-109 pathloss=70 failures=0 speed=128 txPower=33 rxPower=-109 cost=116
[HOP 5] Pending DATA increment dest=1 pending=3
[HOP 5] TX historical-bare DATA neighbor=1 hopSeq=13
[MAC] Enqueue TX pkt dscp=0 insert_pos=2 queue_size_before=2
[HOP 5] CanSendToHop dest=1 outstanding=3 threshold=3 effectiveWindow=4 pendingData=3 globalLimit=16 neighborOK=1 nodeOK=1 -> YES
[HOP 5] link_control dest=1 neighborKnown=1 s0=-109 pathloss=70 failures=0 speed=128 txPower=33 rxPower=-109 cost=116
[HOP 5] Pending DATA increment dest=1 pending=4
[HOP 5] TX historical-bare DATA neighbor=1 hopSeq=14
[MAC] Enqueue TX pkt dscp=0 insert_pos=3 queue_size_before=3
[MAC 4] PickTxSlot(dest=5) active_nodes_for_slotting=3 opnet_slot_range=31
[MAC 4] avoiding neighbor 5 currentReservedSlot=7 rtslot_counter=7
[MAC 4] PickTxSlot(dest=5) avoid: 7
[MAC 4] PickTxSlot chose 8 using historical next_tslot modulo probe
[MAC 4] TX opportunity reached currentSlot=3 reserveNextSlot=8
... type=0 speedKey=128[t=2.028] TX from node 4 to dest 5 seq 15 size 240 bytes segments 5 at slot 8 rate 128 kbps txPower 33 dBm (133333 bps) preamble SHORT duration 0.03402 s
[HOP 4] MAC sent confirmation dest=5 seq=15 transmission=1 sentAt=2.028
[HOP 4] MAC sent confirmation dest=5 seq=16 transmission=1 sentAt=2.028
[HOP 4] MAC sent confirmation dest=5 seq=17 transmission=1 sentAt=2.028
[HOP 4] MAC sent confirmation dest=5 seq=18 transmission=1 sentAt=2.028
[HOP 4] MAC sent confirmation dest=5 seq=19 transmission=1 sentAt=2.028
[MAC 4] OPNET aggregate transmitted segments=5 ackSegments=0 dataSegments=5 bytes=240 rate=128
[MAC 1] PickTxSlot(dest=5) active_nodes_for_slotting=3 opnet_slot_range=31
[MAC 1] PickTxSlot(dest=5) avoid:
[MAC 1] PickTxSlot chose 1 using historical next_tslot modulo probe
[MAC 1] TX opportunity reached currentSlot=1 reserveNextSlot=1
... type=1 speedKey=128[t=2.03646] TX from node 1 to dest 5 seq 10 size 41 bytes segments 1 at slot 1 rate 128 kbps txPower 33 dBm (133333 bps) preamble SHORT duration 0.02208 s
[MAC 1] ACK transmitted in aggregate dest=5 seq=10 txCount=2/5
[MAC 1] OPNET aggregate transmitted segments=1 ackSegments=1 dataSegments=0 bytes=41 rate=128
[MAC 5] rtslot_counter expired for neighbor 1 reserveSlot=1
[MAC 1] resumes Pre-Tx with live slot=1 counter=1
[MAC 5] Learned neighbor 1 uses slot 1 (rtCounter=1)
[HOP 5] RX ACK from 1 seq=10
[NWK 5] CheckNwkQueue: size=0
[MAC 4] post-TX WAIT_FOR_ACK until 22.062 (POST_TX_WAIT=20 s)
[MAC 5] Learned neighbor 4 uses slot 8 (rtCounter=8)
[HOP 5] link_control dest=4 neighborKnown=1 s0=-109 pathloss=70 failures=0 speed=128 txPower=33 rxPower=-109 cost=116
[NWK 5] Updated reverse path netSrc=4 reverseHop=4
[MAC 5] Update cumulative ACK queue entry dest=4 baseSeq=15 txCount=0
[HOP 5] link_control dest=4 neighborKnown=1 s0=-109 pathloss=70 failures=0 speed=128 txPower=33 rxPower=-109 cost=116
[NWK 5] Updated reverse path netSrc=4 reverseHop=4
[MAC 5] Update cumulative ACK queue entry dest=4 baseSeq=16 txCount=0
[HOP 5] link_control dest=4 neighborKnown=1 s0=-109 pathloss=70 failures=0 speed=128 txPower=33 rxPower=-109 cost=116
[NWK 5] Updated reverse path netSrc=4 reverseHop=4
[MAC 5] Update cumulative ACK queue entry dest=4 baseSeq=17 txCount=0
[HOP 5] link_control dest=4 neighborKnown=1 s0=-109 pathloss=70 failures=0 speed=128 txPower=33 rxPower=-109 cost=116
[NWK 5] Updated reverse path netSrc=4 reverseHop=4
[MAC 5] Update cumulative ACK queue entry dest=4 baseSeq=18 txCount=0
[HOP 5] link_control dest=4 neighborKnown=1 s0=-109 pathloss=70 failures=0 speed=128 txPower=33 rxPower=-109 cost=116
[NWK 5] Updated reverse path netSrc=4 reverseHop=4
[MAC 5] Update cumulative ACK queue entry dest=4 baseSeq=19 txCount=0
[NWK 5] CheckNwkQueue: size=5
[HOP 5] CanSendToHop dest=1 outstanding=4 threshold=3 effectiveWindow=4 pendingData=4 globalLimit=16 neighborOK=0 nodeOK=1 -> NO
[HOP 5] CanSendToHop dest=1 outstanding=4 threshold=3 effectiveWindow=4 pendingData=4 globalLimit=16 neighborOK=0 nodeOK=1 -> NO
[HOP 5] CanSendToHop dest=1 outstanding=4 threshold=3 effectiveWindow=4 pendingData=4 globalLimit=16 neighborOK=0 nodeOK=1 -> NO
[HOP 5] CanSendToHop dest=1 outstanding=4 threshold=3 effectiveWindow=4 pendingData=4 globalLimit=16 neighborOK=0 nodeOK=1 -> NO
[HOP 5] CanSendToHop dest=1 outstanding=4 threshold=3 effectiveWindow=4 pendingData=4 globalLimit=16 neighborOK=0 nodeOK=1 -> NO
[MAC 1] PickTxSlot(dest=5) active_nodes_for_slotting=3 opnet_slot_range=31
[MAC 1] PickTxSlot(dest=5) avoid:
[MAC 1] PickTxSlot chose 1 using historical next_tslot modulo probe
[MAC 1] TX opportunity reached currentSlot=1 reserveNextSlot=1
... type=1 speedKey=128[t=2.07546] TX from node 1 to dest 5 seq 10 size 41 bytes segments 1 at slot 1 rate 128 kbps txPower 33 dBm (133333 bps) preamble SHORT duration 0.02208 s
[MAC 1] ACK transmitted in aggregate dest=5 seq=10 txCount=3/5
[MAC 1] OPNET aggregate transmitted segments=1 ackSegments=1 dataSegments=0 bytes=41 rate=128
[MAC 5] rtslot_counter expired for neighbor 1 reserveSlot=1
[MAC 1] resumes Pre-Tx with live slot=1 counter=1
[MAC 5] Learned neighbor 1 uses slot 1 (rtCounter=1)
[HOP 5] RX ACK from 1 seq=10
[NWK 5] CheckNwkQueue: size=5
[HOP 5] CanSendToHop dest=1 outstanding=4 threshold=3 effectiveWindow=4 pendingData=4 globalLimit=16 neighborOK=0 nodeOK=1 -> NO
[HOP 5] CanSendToHop dest=1 outstanding=4 threshold=3 effectiveWindow=4 pendingData=4 globalLimit=16 neighborOK=0 nodeOK=1 -> NO
[HOP 5] CanSendToHop dest=1 outstanding=4 threshold=3 effectiveWindow=4 pendingData=4 globalLimit=16 neighborOK=0 nodeOK=1 -> NO
[HOP 5] CanSendToHop dest=1 outstanding=4 threshold=3 effectiveWindow=4 pendingData=4 globalLimit=16 neighborOK=0 nodeOK=1 -> NO
[HOP 5] CanSendToHop dest=1 outstanding=4 threshold=3 effectiveWindow=4 pendingData=4 globalLimit=16 neighborOK=0 nodeOK=1 -> NO
[MAC 1] PickTxSlot(dest=5) active_nodes_for_slotting=3 opnet_slot_range=31
[MAC 1] PickTxSlot(dest=5) avoid:
[MAC 1] PickTxSlot chose 1 using historical next_tslot modulo probe
[MAC 1] TX opportunity reached currentSlot=1 reserveNextSlot=1
... type=1 speedKey=128[t=2.11446] TX from node 1 to dest 5 seq 10 size 41 bytes segments 1 at slot 1 rate 128 kbps txPower 33 dBm (133333 bps) preamble SHORT duration 0.02208 s
[MAC 1] ACK transmitted in aggregate dest=5 seq=10 txCount=4/5
[MAC 1] OPNET aggregate transmitted segments=1 ackSegments=1 dataSegments=0 bytes=41 rate=128
[MAC 5] rtslot_counter expired for neighbor 1 reserveSlot=1
[MAC 5] PickTxSlot(dest=4) active_nodes_for_slotting=3 opnet_slot_range=31
[MAC 5] avoiding neighbor 4 currentReservedSlot=2 rtslot_counter=2
[MAC 5] PickTxSlot(dest=4) avoid: 2
[MAC 5] PickTxSlot chose 1 using historical next_tslot modulo probe
[MAC 5] TX opportunity reached currentSlot=9 reserveNextSlot=1
... type=1 speedKey=128[t=2.1285] TX from node 5 to dest 4 seq 19 size 233 bytes segments 5 at slot 1 rate 128 kbps txPower 33 dBm (133333 bps) preamble SHORT duration 0.0336 s
[HOP 5] MAC sent confirmation dest=1 seq=11 transmission=1 sentAt=2.1285
[HOP 5] MAC sent confirmation dest=1 seq=12 transmission=1 sentAt=2.1285
[HOP 5] MAC sent confirmation dest=1 seq=13 transmission=1 sentAt=2.1285
[HOP 5] MAC sent confirmation dest=1 seq=14 transmission=1 sentAt=2.1285
[MAC 5] ACK transmitted in aggregate dest=4 seq=19 txCount=1/5
[MAC 5] OPNET aggregate transmitted segments=5 ackSegments=1 dataSegments=4 bytes=233 rate=128
[MAC 1] resumes Pre-Tx with live slot=1 counter=1
[MAC 5] Learned neighbor 1 uses slot 1 (rtCounter=1)
[HOP 5] RX ACK from 1 seq=10
[NWK 5] CheckNwkQueue: size=5
[HOP 5] CanSendToHop dest=1 outstanding=4 threshold=3 effectiveWindow=4 pendingData=4 globalLimit=16 neighborOK=0 nodeOK=1 -> NO
[HOP 5] CanSendToHop dest=1 outstanding=4 threshold=3 effectiveWindow=4 pendingData=4 globalLimit=16 neighborOK=0 nodeOK=1 -> NO
[HOP 5] CanSendToHop dest=1 outstanding=4 threshold=3 effectiveWindow=4 pendingData=4 globalLimit=16 neighborOK=0 nodeOK=1 -> NO
[HOP 5] CanSendToHop dest=1 outstanding=4 threshold=3 effectiveWindow=4 pendingData=4 globalLimit=16 neighborOK=0 nodeOK=1 -> NO
[HOP 5] CanSendToHop dest=1 outstanding=4 threshold=3 effectiveWindow=4 pendingData=4 globalLimit=16 neighborOK=0 nodeOK=1 -> NO
[MAC 1] PickTxSlot(dest=5) active_nodes_for_slotting=3 opnet_slot_range=31
[MAC 1] PickTxSlot(dest=5) avoid:
[MAC 1] PickTxSlot chose 1 using historical next_tslot modulo probe
[MAC 1] TX opportunity reached currentSlot=1 reserveNextSlot=1
... type=1 speedKey=128[t=2.15346] TX from node 1 to dest 5 seq 10 size 41 bytes segments 1 at slot 1 rate 128 kbps txPower 33 dBm (133333 bps) preamble SHORT duration 0.02208 s
[MAC 1] ACK transmitted in aggregate dest=5 seq=10 txCount=5/5
[MAC 1] Remove ACK after OPNET resend limit dest=5 seq=10
[MAC 1] OPNET aggregate transmitted segments=1 ackSegments=1 dataSegments=0 bytes=41 rate=128
[MAC 4] rtslot_counter expired for neighbor 5 reserveSlot=9
[MAC 5] resumes Pre-Tx with live slot=1 counter=1
[MAC 4] Learned neighbor 5 uses slot 1 (rtCounter=1)
[HOP 4] RX ACK from 5 seq=19
[HOP 4] Pending DATA decrement reason=ACK neighbor=5 pending=4
[HOP 4] Adaptive flow threshold increased neighbor=5 old=4 new=5 effectiveWindow=6
[NWK 4] NSDP(4->1) decremented to 5
[NWK 4] HOP completion released NSDP slot; awaiting HOP queue wake flow=4->1
[HOP 4] Pending DATA decrement reason=ACK neighbor=5 pending=3
[NWK 4] NSDP(4->1) decremented to 4
[NWK 4] HOP completion released NSDP slot; awaiting HOP queue wake flow=4->1
[HOP 4] Pending DATA decrement reason=ACK neighbor=5 pending=2
[NWK 4] NSDP(4->1) decremented to 3
[NWK 4] HOP completion released NSDP slot; awaiting HOP queue wake flow=4->1
[HOP 4] Pending DATA decrement reason=ACK neighbor=5 pending=1
[HOP 4] Adaptive flow threshold increased neighbor=5 old=5 new=6 effectiveWindow=7
[NWK 4] NSDP(4->1) decremented to 2
[NWK 4] HOP completion released NSDP slot; awaiting HOP queue wake flow=4->1
[HOP 4] Pending DATA decrement reason=ACK neighbor=5 pending=0
[NWK 4] NSDP(4->1) decremented to 1
[NWK 4] HOP completion released NSDP slot; awaiting HOP queue wake flow=4->1
[MAC 1] Learned neighbor 5 uses slot 1 (rtCounter=1)
[HOP 1] link_control dest=5 neighborKnown=1 s0=-109 pathloss=70 failures=0 speed=128 txPower=33 rxPower=-109 cost=116
[MAC 1] Enqueue ACK dest=5 seq=11 window=1 ack_queue_size=1
[NWK 1] Updated reverse path netSrc=4 reverseHop=5
[HOP 1] link_control dest=5 neighborKnown=1 s0=-109 pathloss=70 failures=0 speed=128 txPower=33 rxPower=-109 cost=116
[MAC 1] Update cumulative ACK queue entry dest=5 baseSeq=12 txCount=0
[NWK 1] Updated reverse path netSrc=4 reverseHop=5
[HOP 1] link_control dest=5 neighborKnown=1 s0=-109 pathloss=70 failures=0 speed=128 txPower=33 rxPower=-109 cost=116
[MAC 1] Update cumulative ACK queue entry dest=5 baseSeq=13 txCount=0
[NWK 1] Updated reverse path netSrc=4 reverseHop=5
[HOP 1] link_control dest=5 neighborKnown=1 s0=-109 pathloss=70 failures=0 speed=128 txPower=33 rxPower=-109 cost=116
[MAC 1] Update cumulative ACK queue entry dest=5 baseSeq=14 txCount=0
[NWK 1] Updated reverse path netSrc=4 reverseHop=5
[NWK 4] CheckNwkQueue: size=1
[HOP 4] CanSendToHop dest=5 outstanding=0 threshold=6 effectiveWindow=7 pendingData=0 globalLimit=16 neighborOK=1 nodeOK=1 -> YES
[HOP 4] link_control dest=5 neighborKnown=1 s0=-109 pathloss=70 failures=0 speed=128 txPower=33 rxPower=-109 cost=116
[HOP 4] Pending DATA increment dest=5 pending=1
[HOP 4] TX historical-bare DATA neighbor=5 hopSeq=20
[MAC] Enqueue TX pkt dscp=0 insert_pos=0 queue_size_before=0
[MAC 4] local advertised reservation expired
[MAC 4] PickTxSlot(dest=5) active_nodes_for_slotting=3 opnet_slot_range=31
[MAC 4] avoiding neighbor 5 currentReservedSlot=0 rtslot_counter=0
[MAC 4] PickTxSlot(dest=5) avoid:
[MAC 4] PickTxSlot chose 3 using historical next_tslot modulo probe
[MAC 4] starts Pre-Tx with new slot=3 holdoff_over=1
[MAC 1] resumes Pre-Tx with live slot=1 counter=1
[MAC 5] Learned neighbor 1 uses slot 1 (rtCounter=1)
[HOP 5] RX ACK from 1 seq=10
[NWK 5] CheckNwkQueue: size=5
[HOP 5] CanSendToHop dest=1 outstanding=4 threshold=3 effectiveWindow=4 pendingData=4 globalLimit=16 neighborOK=0 nodeOK=1 -> NO
[HOP 5] CanSendToHop dest=1 outstanding=4 threshold=3 effectiveWindow=4 pendingData=4 globalLimit=16 neighborOK=0 nodeOK=1 -> NO
[HOP 5] CanSendToHop dest=1 outstanding=4 threshold=3 effectiveWindow=4 pendingData=4 globalLimit=16 neighborOK=0 nodeOK=1 -> NO
[HOP 5] CanSendToHop dest=1 outstanding=4 threshold=3 effectiveWindow=4 pendingData=4 globalLimit=16 neighborOK=0 nodeOK=1 -> NO
[HOP 5] CanSendToHop dest=1 outstanding=4 threshold=3 effectiveWindow=4 pendingData=4 globalLimit=16 neighborOK=0 nodeOK=1 -> NO
[MAC 5] PickTxSlot(dest=4) active_nodes_for_slotting=3 opnet_slot_range=31
[MAC 5] avoiding neighbor 1 currentReservedSlot=0 rtslot_counter=0
[MAC 5] avoiding neighbor 4 currentReservedSlot=0 rtslot_counter=0
[MAC 5] PickTxSlot(dest=4) avoid:
[MAC 5] PickTxSlot chose 9 using historical next_tslot modulo probe
[MAC 5] TX opportunity reached currentSlot=1 reserveNextSlot=9
... type=1 speedKey=128[t=2.1805] TX from node 5 to dest 4 seq 19 size 41 bytes segments 1 at slot 9 rate 128 kbps txPower 33 dBm (133333 bps) preamble SHORT duration 0.02208 s
[MAC 5] ACK transmitted in aggregate dest=4 seq=19 txCount=2/5
[MAC 5] OPNET aggregate transmitted segments=1 ackSegments=1 dataSegments=0 bytes=41 rate=128
[MAC 4] rtslot_counter expired for neighbor 5 reserveSlot=1
[MAC 1] rtslot_counter expired for neighbor 5 reserveSlot=1
[MAC 1] PickTxSlot(dest=5) active_nodes_for_slotting=3 opnet_slot_range=31
[MAC 1] PickTxSlot(dest=5) avoid:
[MAC 1] PickTxSlot chose 1 using historical next_tslot modulo probe
[MAC 1] TX opportunity reached currentSlot=1 reserveNextSlot=1
... type=1 speedKey=128[t=2.19246] TX from node 1 to dest 5 seq 14 size 41 bytes segments 1 at slot 1 rate 128 kbps txPower 33 dBm (133333 bps) preamble SHORT duration 0.02208 s
[MAC 1] ACK transmitted in aggregate dest=5 seq=14 txCount=1/5
[MAC 1] OPNET aggregate transmitted segments=1 ackSegments=1 dataSegments=0 bytes=41 rate=128
[MAC 5] resumes Pre-Tx with live slot=9 counter=9
[MAC 4] Learned neighbor 5 uses slot 9 (rtCounter=9)
[HOP 4] RX ACK from 5 seq=19
[NWK 4] CheckNwkQueue: size=0
[MAC 5] rtslot_counter expired for neighbor 1 reserveSlot=1
[MAC 5] rtslot_counter expired for neighbor 4 reserveSlot=8
[MAC 1] resumes Pre-Tx with live slot=1 counter=1
[MAC 5] Learned neighbor 1 uses slot 1 (rtCounter=1)
[HOP 5] RX ACK from 1 seq=14
[HOP 5] Pending DATA decrement reason=ACK neighbor=1 pending=3
[NWK 5] NSDP(4->1) decremented to 8
[NWK 5] HOP completion released NSDP slot; awaiting HOP queue wake flow=4->1
[HOP 5] Pending DATA decrement reason=ACK neighbor=1 pending=2
[HOP 5] Adaptive flow threshold increased neighbor=1 old=3 new=4 effectiveWindow=5
[NWK 5] NSDP(4->1) decremented to 7
[NWK 5] HOP completion released NSDP slot; awaiting HOP queue wake flow=4->1
[HOP 5] Pending DATA decrement reason=ACK neighbor=1 pending=1
[NWK 5] NSDP(4->1) decremented to 6
[NWK 5] HOP completion released NSDP slot; awaiting HOP queue wake flow=4->1
[HOP 5] Pending DATA decrement reason=ACK neighbor=1 pending=0
[NWK 5] NSDP(4->1) decremented to 5
[NWK 5] HOP completion released NSDP slot; awaiting HOP queue wake flow=4->1
[NWK 5] CheckNwkQueue: size=5
[HOP 5] CanSendToHop dest=1 outstanding=0 threshold=4 effectiveWindow=5 pendingData=0 globalLimit=16 neighborOK=1 nodeOK=1 -> YES
[HOP 5] link_control dest=1 neighborKnown=1 s0=-109 pathloss=70 failures=0 speed=128 txPower=33 rxPower=-109 cost=116
[HOP 5] Pending DATA increment dest=1 pending=1
[HOP 5] TX historical-bare DATA neighbor=1 hopSeq=15
[MAC] Enqueue TX pkt dscp=0 insert_pos=0 queue_size_before=0
[HOP 5] CanSendToHop dest=1 outstanding=1 threshold=4 effectiveWindow=5 pendingData=1 globalLimit=16 neighborOK=1 nodeOK=1 -> YES
[HOP 5] link_control dest=1 neighborKnown=1 s0=-109 pathloss=70 failures=0 speed=128 txPower=33 rxPower=-109 cost=116
[HOP 5] Pending DATA increment dest=1 pending=2
[HOP 5] TX historical-bare DATA neighbor=1 hopSeq=16
[MAC] Enqueue TX pkt dscp=0 insert_pos=1 queue_size_before=1
[HOP 5] CanSendToHop dest=1 outstanding=2 threshold=4 effectiveWindow=5 pendingData=2 globalLimit=16 neighborOK=1 nodeOK=1 -> YES
[HOP 5] link_control dest=1 neighborKnown=1 s0=-109 pathloss=70 failures=0 speed=128 txPower=33 rxPower=-109 cost=116
[HOP 5] Pending DATA increment dest=1 pending=3
[HOP 5] TX historical-bare DATA neighbor=1 hopSeq=17
[MAC] Enqueue TX pkt dscp=0 insert_pos=2 queue_size_before=2
[HOP 5] CanSendToHop dest=1 outstanding=3 threshold=4 effectiveWindow=5 pendingData=3 globalLimit=16 neighborOK=1 nodeOK=1 -> YES
[HOP 5] link_control dest=1 neighborKnown=1 s0=-109 pathloss=70 failures=0 speed=128 txPower=33 rxPower=-109 cost=116
[HOP 5] Pending DATA increment dest=1 pending=4
[HOP 5] TX historical-bare DATA neighbor=1 hopSeq=18
[MAC] Enqueue TX pkt dscp=0 insert_pos=3 queue_size_before=3
[HOP 5] CanSendToHop dest=1 outstanding=4 threshold=4 effectiveWindow=5 pendingData=4 globalLimit=16 neighborOK=1 nodeOK=1 -> YES
[HOP 5] link_control dest=1 neighborKnown=1 s0=-109 pathloss=70 failures=0 speed=128 txPower=33 rxPower=-109 cost=116
[HOP 5] Pending DATA increment dest=1 pending=5
[HOP 5] TX historical-bare DATA neighbor=1 hopSeq=19
[MAC] Enqueue TX pkt dscp=0 insert_pos=4 queue_size_before=4
[MAC 4] PickTxSlot(dest=5) active_nodes_for_slotting=3 opnet_slot_range=31
[MAC 4] avoiding neighbor 5 currentReservedSlot=7 rtslot_counter=7
[MAC 4] PickTxSlot(dest=5) avoid: 7
[MAC 4] PickTxSlot chose 8 using historical next_tslot modulo probe
[MAC 4] TX opportunity reached currentSlot=3 reserveNextSlot=8
... type=0 speedKey=128[t=2.223] TX from node 4 to dest 5 seq 20 size 48 bytes segments 1 at slot 8 rate 128 kbps txPower 33 dBm (133333 bps) preamble SHORT duration 0.0225 s
[HOP 4] MAC sent confirmation dest=5 seq=20 transmission=1 sentAt=2.223
[MAC 4] OPNET aggregate transmitted segments=1 ackSegments=0 dataSegments=1 bytes=48 rate=128
[MAC 1] PickTxSlot(dest=5) active_nodes_for_slotting=3 opnet_slot_range=31
[MAC 1] PickTxSlot(dest=5) avoid:
[MAC 1] PickTxSlot chose 1 using historical next_tslot modulo probe
[MAC 1] TX opportunity reached currentSlot=1 reserveNextSlot=1
... type=1 speedKey=128[t=2.23146] TX from node 1 to dest 5 seq 14 size 41 bytes segments 1 at slot 1 rate 128 kbps txPower 33 dBm (133333 bps) preamble SHORT duration 0.02208 s
[MAC 1] ACK transmitted in aggregate dest=5 seq=14 txCount=2/5
[MAC 1] OPNET aggregate transmitted segments=1 ackSegments=1 dataSegments=0 bytes=41 rate=128
[MAC 5] rtslot_counter expired for neighbor 1 reserveSlot=1
[MAC 4] post-TX WAIT_FOR_ACK until 22.2455 (POST_TX_WAIT=20 s)
[MAC 5] Learned neighbor 4 uses slot 8 (rtCounter=8)
[HOP 5] link_control dest=4 neighborKnown=1 s0=-109 pathloss=70 failures=0 speed=128 txPower=33 rxPower=-109 cost=116
[NWK 5] Updated reverse path netSrc=4 reverseHop=4
[MAC 5] Update cumulative ACK queue entry dest=4 baseSeq=20 txCount=0
[NWK 5] CheckNwkQueue: size=1
[HOP 5] CanSendToHop dest=1 outstanding=5 threshold=4 effectiveWindow=5 pendingData=5 globalLimit=16 neighborOK=0 nodeOK=1 -> NO
[MAC 1] resumes Pre-Tx with live slot=1 counter=1
[MAC 5] Learned neighbor 1 uses slot 1 (rtCounter=1)
[HOP 5] RX ACK from 1 seq=14
[NWK 5] CheckNwkQueue: size=1
[HOP 5] CanSendToHop dest=1 outstanding=5 threshold=4 effectiveWindow=5 pendingData=5 globalLimit=16 neighborOK=0 nodeOK=1 -> NO
[MAC 1] PickTxSlot(dest=5) active_nodes_for_slotting=3 opnet_slot_range=31
[MAC 1] PickTxSlot(dest=5) avoid:
[MAC 1] PickTxSlot chose 1 using historical next_tslot modulo probe
[MAC 1] TX opportunity reached currentSlot=1 reserveNextSlot=1
... type=1 speedKey=128[t=2.27046] TX from node 1 to dest 5 seq 14 size 41 bytes segments 1 at slot 1 rate 128 kbps txPower 33 dBm (133333 bps) preamble SHORT duration 0.02208 s
[MAC 1] ACK transmitted in aggregate dest=5 seq=14 txCount=3/5
[MAC 1] OPNET aggregate transmitted segments=1 ackSegments=1 dataSegments=0 bytes=41 rate=128
[MAC 5] rtslot_counter expired for neighbor 1 reserveSlot=1
[MAC 1] resumes Pre-Tx with live slot=1 counter=1
[MAC 5] Learned neighbor 1 uses slot 1 (rtCounter=1)
[HOP 5] RX ACK from 1 seq=14
[NWK 5] CheckNwkQueue: size=1
[HOP 5] CanSendToHop dest=1 outstanding=5 threshold=4 effectiveWindow=5 pendingData=5 globalLimit=16 neighborOK=0 nodeOK=1 -> NO
[MAC 1] PickTxSlot(dest=5) active_nodes_for_slotting=3 opnet_slot_range=31
[MAC 1] PickTxSlot(dest=5) avoid:
[MAC 1] PickTxSlot chose 1 using historical next_tslot modulo probe
[MAC 1] TX opportunity reached currentSlot=1 reserveNextSlot=1
... type=1 speedKey=128[t=2.30946] TX from node 1 to dest 5 seq 14 size 41 bytes segments 1 at slot 1 rate 128 kbps txPower 33 dBm (133333 bps) preamble SHORT duration 0.02208 s
[MAC 1] ACK transmitted in aggregate dest=5 seq=14 txCount=4/5
[MAC 1] OPNET aggregate transmitted segments=1 ackSegments=1 dataSegments=0 bytes=41 rate=128
[MAC 5] rtslot_counter expired for neighbor 1 reserveSlot=1
[MAC 5] PickTxSlot(dest=4) active_nodes_for_slotting=3 opnet_slot_range=31
[MAC 5] avoiding neighbor 4 currentReservedSlot=1 rtslot_counter=1
[MAC 5] PickTxSlot(dest=4) avoid: 1
[MAC 5] PickTxSlot chose 2 using historical next_tslot modulo probe
[MAC 5] TX opportunity reached currentSlot=9 reserveNextSlot=2
... type=1 speedKey=128[t=2.3235] TX from node 5 to dest 4 seq 20 size 281 bytes segments 6 at slot 2 rate 128 kbps txPower 33 dBm (133333 bps) preamble SHORT duration 0.03648 s
[HOP 5] MAC sent confirmation dest=1 seq=15 transmission=1 sentAt=2.3235
[HOP 5] MAC sent confirmation dest=1 seq=16 transmission=1 sentAt=2.3235
[HOP 5] MAC sent confirmation dest=1 seq=17 transmission=1 sentAt=2.3235
[HOP 5] MAC sent confirmation dest=1 seq=18 transmission=1 sentAt=2.3235
[HOP 5] MAC sent confirmation dest=1 seq=19 transmission=1 sentAt=2.3235
[MAC 5] ACK transmitted in aggregate dest=4 seq=20 txCount=1/5
[MAC 5] OPNET aggregate transmitted segments=6 ackSegments=1 dataSegments=5 bytes=281 rate=128
[MAC 1] resumes Pre-Tx with live slot=1 counter=1
[MAC 5] Learned neighbor 1 uses slot 1 (rtCounter=1)
[HOP 5] RX ACK from 1 seq=14
[NWK 5] CheckNwkQueue: size=1
[HOP 5] CanSendToHop dest=1 outstanding=5 threshold=4 effectiveWindow=5 pendingData=5 globalLimit=16 neighborOK=0 nodeOK=1 -> NO
[MAC 4] rtslot_counter expired for neighbor 5 reserveSlot=9
[MAC 1] PickTxSlot(dest=5) active_nodes_for_slotting=3 opnet_slot_range=31
[MAC 1] PickTxSlot(dest=5) avoid:
[MAC 1] PickTxSlot chose 1 using historical next_tslot modulo probe
[MAC 1] TX opportunity reached currentSlot=1 reserveNextSlot=1
... type=1 speedKey=128[t=2.34846] TX from node 1 to dest 5 seq 14 size 41 bytes segments 1 at slot 1 rate 128 kbps txPower 33 dBm (133333 bps) preamble SHORT duration 0.02208 s
[MAC 1] ACK transmitted in aggregate dest=5 seq=14 txCount=5/5
[MAC 1] Remove ACK after OPNET resend limit dest=5 seq=14
[MAC 1] OPNET aggregate transmitted segments=1 ackSegments=1 dataSegments=0 bytes=41 rate=128
[MAC 4] local advertised reservation expired
[MAC 5] resumes Pre-Tx with live slot=2 counter=2
[MAC 4] Learned neighbor 5 uses slot 2 (rtCounter=2)
[HOP 4] RX ACK from 5 seq=20
[HOP 4] Pending DATA decrement reason=ACK neighbor=5 pending=0
[NWK 4] NSDP(4->1) decremented to 0
[NWK 4] HOP completion released NSDP slot; awaiting HOP queue wake flow=4->1
[MAC 1] Learned neighbor 5 uses slot 2 (rtCounter=2)
[HOP 1] link_control dest=5 neighborKnown=1 s0=-109 pathloss=70 failures=0 speed=128 txPower=33 rxPower=-109 cost=116
[MAC 1] Enqueue ACK dest=5 seq=15 window=1 ack_queue_size=1
[NWK 1] Updated reverse path netSrc=4 reverseHop=5
[HOP 1] link_control dest=5 neighborKnown=1 s0=-109 pathloss=70 failures=0 speed=128 txPower=33 rxPower=-109 cost=116
[MAC 1] Update cumulative ACK queue entry dest=5 baseSeq=16 txCount=0
[NWK 1] Updated reverse path netSrc=4 reverseHop=5
[HOP 1] link_control dest=5 neighborKnown=1 s0=-109 pathloss=70 failures=0 speed=128 txPower=33 rxPower=-109 cost=116
[MAC 1] Update cumulative ACK queue entry dest=5 baseSeq=17 txCount=0
[NWK 1] Updated reverse path netSrc=4 reverseHop=5
[HOP 1] link_control dest=5 neighborKnown=1 s0=-109 pathloss=70 failures=0 speed=128 txPower=33 rxPower=-109 cost=116
[MAC 1] Update cumulative ACK queue entry dest=5 baseSeq=18 txCount=0
[NWK 1] Updated reverse path netSrc=4 reverseHop=5
[HOP 1] link_control dest=5 neighborKnown=1 s0=-109 pathloss=70 failures=0 speed=128 txPower=33 rxPower=-109 cost=116
[MAC 1] Update cumulative ACK queue entry dest=5 baseSeq=19 txCount=0
[NWK 1] Updated reverse path netSrc=4 reverseHop=5
[NWK 4] CheckNwkQueue: size=0
[MAC 1] resumes Pre-Tx with live slot=1 counter=1
[MAC 5] Learned neighbor 1 uses slot 1 (rtCounter=1)
[HOP 5] RX ACK from 1 seq=14
[NWK 5] CheckNwkQueue: size=1
[HOP 5] CanSendToHop dest=1 outstanding=5 threshold=4 effectiveWindow=5 pendingData=5 globalLimit=16 neighborOK=0 nodeOK=1 -> NO
[MAC 5] rtslot_counter expired for neighbor 4 reserveSlot=8
[MAC 1] PickTxSlot(dest=5) active_nodes_for_slotting=3 opnet_slot_range=31
[MAC 1] avoiding neighbor 5 currentReservedSlot=0 rtslot_counter=0
[MAC 1] PickTxSlot(dest=5) avoid:
[MAC 1] PickTxSlot chose 1 using historical next_tslot modulo probe
[MAC 1] TX opportunity reached currentSlot=1 reserveNextSlot=1
... type=1 speedKey=128[t=2.38746] TX from node 1 to dest 5 seq 19 size 41 bytes segments 1 at slot 1 rate 128 kbps txPower 33 dBm (133333 bps) preamble SHORT duration 0.02208 s
[MAC 1] ACK transmitted in aggregate dest=5 seq=19 txCount=1/5
[MAC 1] OPNET aggregate transmitted segments=1 ackSegments=1 dataSegments=0 bytes=41 rate=128
[MAC 5] rtslot_counter expired for neighbor 1 reserveSlot=1
[MAC 5] PickTxSlot(dest=4) active_nodes_for_slotting=3 opnet_slot_range=31
[MAC 5] PickTxSlot(dest=4) avoid:
[MAC 5] PickTxSlot chose 9 using historical next_tslot modulo probe
[MAC 5] TX opportunity reached currentSlot=2 reserveNextSlot=9
... type=1 speedKey=128[t=2.3885] TX from node 5 to dest 4 seq 20 size 41 bytes segments 1 at slot 9 rate 128 kbps txPower 33 dBm (133333 bps) preamble SHORT duration 0.02208 s
[MAC 5] ACK transmitted in aggregate dest=4 seq=20 txCount=2/5
[MAC 5] OPNET aggregate transmitted segments=1 ackSegments=1 dataSegments=0 bytes=41 rate=128
[MAC 4] rtslot_counter expired for neighbor 5 reserveSlot=2
[MAC 1] resumes Pre-Tx with live slot=1 counter=1
[MAC 5] Learned neighbor 1 uses slot 1 (rtCounter=1)
[HOP 5] RX ACK from 1 seq=19
[HOP 5] Pending DATA decrement reason=ACK neighbor=1 pending=4
[HOP 5] Adaptive flow threshold increased neighbor=1 old=4 new=5 effectiveWindow=6
[NWK 5] NSDP(4->1) decremented to 5
[NWK 5] HOP completion released NSDP slot; awaiting HOP queue wake flow=4->1
[HOP 5] Pending DATA decrement reason=ACK neighbor=1 pending=3
[NWK 5] NSDP(4->1) decremented to 4
[NWK 5] HOP completion released NSDP slot; awaiting HOP queue wake flow=4->1
[HOP 5] Pending DATA decrement reason=ACK neighbor=1 pending=2
[NWK 5] NSDP(4->1) decremented to 3
[NWK 5] HOP completion released NSDP slot; awaiting HOP queue wake flow=4->1
[HOP 5] Pending DATA decrement reason=ACK neighbor=1 pending=1
[HOP 5] Adaptive flow threshold increased neighbor=1 old=5 new=6 effectiveWindow=7
[NWK 5] NSDP(4->1) decremented to 2
[NWK 5] HOP completion released NSDP slot; awaiting HOP queue wake flow=4->1
[HOP 5] Pending DATA decrement reason=ACK neighbor=1 pending=0
[NWK 5] NSDP(4->1) decremented to 1
[NWK 5] HOP completion released NSDP slot; awaiting HOP queue wake flow=4->1
[NWK 5] CheckNwkQueue: size=1
[HOP 5] CanSendToHop dest=1 outstanding=0 threshold=6 effectiveWindow=7 pendingData=0 globalLimit=16 neighborOK=1 nodeOK=1 -> YES
[HOP 5] link_control dest=1 neighborKnown=1 s0=-109 pathloss=70 failures=0 speed=128 txPower=33 rxPower=-109 cost=116
[HOP 5] Pending DATA increment dest=1 pending=1
[HOP 5] TX historical-bare DATA neighbor=1 hopSeq=20
[MAC] Enqueue TX pkt dscp=0 insert_pos=0 queue_size_before=0
[MAC 5] resumes Pre-Tx with live slot=9 counter=9
[MAC 4] Learned neighbor 5 uses slot 9 (rtCounter=9)
[HOP 4] RX ACK from 5 seq=20
[NWK 4] CheckNwkQueue: size=0
[MAC 1] rtslot_counter expired for neighbor 5 reserveSlot=2
[MAC 1] PickTxSlot(dest=5) active_nodes_for_slotting=3 opnet_slot_range=31
[MAC 1] PickTxSlot(dest=5) avoid:
[MAC 1] PickTxSlot chose 1 using historical next_tslot modulo probe
[MAC 1] TX opportunity reached currentSlot=1 reserveNextSlot=1
... type=1 speedKey=128[t=2.42646] TX from node 1 to dest 5 seq 19 size 41 bytes segments 1 at slot 1 rate 128 kbps txPower 33 dBm (133333 bps) preamble SHORT duration 0.02208 s
[MAC 1] ACK transmitted in aggregate dest=5 seq=19 txCount=2/5
[MAC 1] OPNET aggregate transmitted segments=1 ackSegments=1 dataSegments=0 bytes=41 rate=128
[MAC 5] rtslot_counter expired for neighbor 1 reserveSlot=1
[MAC 1] resumes Pre-Tx with live slot=1 counter=1
[MAC 5] Learned neighbor 1 uses slot 1 (rtCounter=1)
[HOP 5] RX ACK from 1 seq=19
[NWK 5] CheckNwkQueue: size=0
[MAC 1] PickTxSlot(dest=5) active_nodes_for_slotting=3 opnet_slot_range=31
[MAC 1] PickTxSlot(dest=5) avoid:
[MAC 1] PickTxSlot chose 1 using historical next_tslot modulo probe
[MAC 1] TX opportunity reached currentSlot=1 reserveNextSlot=1
... type=1 speedKey=128[t=2.46546] TX from node 1 to dest 5 seq 19 size 41 bytes segments 1 at slot 1 rate 128 kbps txPower 33 dBm (133333 bps) preamble SHORT duration 0.02208 s
[MAC 1] ACK transmitted in aggregate dest=5 seq=19 txCount=3/5
[MAC 1] OPNET aggregate transmitted segments=1 ackSegments=1 dataSegments=0 bytes=41 rate=128
[MAC 5] rtslot_counter expired for neighbor 1 reserveSlot=1
[MAC 1] resumes Pre-Tx with live slot=1 counter=1
[MAC 5] Learned neighbor 1 uses slot 1 (rtCounter=1)
[HOP 5] RX ACK from 1 seq=19
[NWK 5] CheckNwkQueue: size=0
[MAC 1] PickTxSlot(dest=5) active_nodes_for_slotting=3 opnet_slot_range=31
[MAC 1] PickTxSlot(dest=5) avoid:
[MAC 1] PickTxSlot chose 1 using historical next_tslot modulo probe
[MAC 1] TX opportunity reached currentSlot=1 reserveNextSlot=1
... type=1 speedKey=128[t=2.50446] TX from node 1 to dest 5 seq 19 size 41 bytes segments 1 at slot 1 rate 128 kbps txPower 33 dBm (133333 bps) preamble SHORT duration 0.02208 s
[MAC 1] ACK transmitted in aggregate dest=5 seq=19 txCount=4/5
[MAC 1] OPNET aggregate transmitted segments=1 ackSegments=1 dataSegments=0 bytes=41 rate=128
[MAC 5] rtslot_counter expired for neighbor 1 reserveSlot=1
[MAC 1] resumes Pre-Tx with live slot=1 counter=1
[MAC 5] Learned neighbor 1 uses slot 1 (rtCounter=1)
[HOP 5] RX ACK from 1 seq=19
[NWK 5] CheckNwkQueue: size=0
[MAC 5] PickTxSlot(dest=4) active_nodes_for_slotting=3 opnet_slot_range=31
[MAC 5] avoiding neighbor 1 currentReservedSlot=0 rtslot_counter=0
[MAC 5] PickTxSlot(dest=4) avoid:
[MAC 5] PickTxSlot chose 1 using historical next_tslot modulo probe
[MAC 5] TX opportunity reached currentSlot=9 reserveNextSlot=1
... type=1 speedKey=128[t=2.5315] TX from node 5 to dest 4 seq 20 size 89 bytes segments 2 at slot 1 rate 128 kbps txPower 33 dBm (133333 bps) preamble SHORT duration 0.02496 s
[HOP 5] MAC sent confirmation dest=1 seq=20 transmission=1 sentAt=2.5315
[MAC 5] ACK transmitted in aggregate dest=4 seq=20 txCount=3/5
[MAC 5] OPNET aggregate transmitted segments=2 ackSegments=1 dataSegments=1 bytes=89 rate=128
[MAC 4] rtslot_counter expired for neighbor 5 reserveSlot=9
[MAC 1] PickTxSlot(dest=5) active_nodes_for_slotting=3 opnet_slot_range=31
[MAC 1] PickTxSlot(dest=5) avoid:
[MAC 1] PickTxSlot chose 1 using historical next_tslot modulo probe
[MAC 1] TX opportunity reached currentSlot=1 reserveNextSlot=1
... type=1 speedKey=128[t=2.54346] TX from node 1 to dest 5 seq 19 size 41 bytes segments 1 at slot 1 rate 128 kbps txPower 33 dBm (133333 bps) preamble SHORT duration 0.02208 s
[MAC 1] ACK transmitted in aggregate dest=5 seq=19 txCount=5/5
[MAC 1] Remove ACK after OPNET resend limit dest=5 seq=19
[MAC 1] OPNET aggregate transmitted segments=1 ackSegments=1 dataSegments=0 bytes=41 rate=128
[MAC 5] resumes Pre-Tx with live slot=1 counter=1
[MAC 4] Learned neighbor 5 uses slot 1 (rtCounter=1)
[HOP 4] RX ACK from 5 seq=20
[MAC 1] Learned neighbor 5 uses slot 1 (rtCounter=1)
[HOP 1] link_control dest=5 neighborKnown=1 s0=-109 pathloss=70 failures=0 speed=128 txPower=33 rxPower=-109 cost=116
[MAC 1] Enqueue ACK dest=5 seq=20 window=1 ack_queue_size=1
[NWK 1] Updated reverse path netSrc=4 reverseHop=5
[NWK 4] CheckNwkQueue: size=0
[MAC 5] rtslot_counter expired for neighbor 1 reserveSlot=1
[MAC 1] resumes Pre-Tx with live slot=1 counter=1
[MAC 5] Learned neighbor 1 uses slot 1 (rtCounter=1)
[HOP 5] RX ACK from 1 seq=19
[NWK 5] CheckNwkQueue: size=0
[MAC 5] PickTxSlot(dest=4) active_nodes_for_slotting=3 opnet_slot_range=31
[MAC 5] avoiding neighbor 1 currentReservedSlot=0 rtslot_counter=0
[MAC 5] PickTxSlot(dest=4) avoid:
[MAC 5] PickTxSlot chose 9 using historical next_tslot modulo probe
[MAC 5] TX opportunity reached currentSlot=1 reserveNextSlot=9
... type=1 speedKey=128[t=2.5705] TX from node 5 to dest 4 seq 20 size 41 bytes segments 1 at slot 9 rate 128 kbps txPower 33 dBm (133333 bps) preamble SHORT duration 0.02208 s
[MAC 5] ACK transmitted in aggregate dest=4 seq=20 txCount=4/5
[MAC 5] OPNET aggregate transmitted segments=1 ackSegments=1 dataSegments=0 bytes=41 rate=128
[MAC 4] rtslot_counter expired for neighbor 5 reserveSlot=1
[MAC 1] rtslot_counter expired for neighbor 5 reserveSlot=1
[MAC 1] PickTxSlot(dest=5) active_nodes_for_slotting=3 opnet_slot_range=31
[MAC 1] PickTxSlot(dest=5) avoid:
[MAC 1] PickTxSlot chose 1 using historical next_tslot modulo probe
[MAC 1] TX opportunity reached currentSlot=1 reserveNextSlot=1
... type=1 speedKey=128[t=2.58246] TX from node 1 to dest 5 seq 20 size 41 bytes segments 1 at slot 1 rate 128 kbps txPower 33 dBm (133333 bps) preamble SHORT duration 0.02208 s
[MAC 1] ACK transmitted in aggregate dest=5 seq=20 txCount=1/5
[MAC 1] OPNET aggregate transmitted segments=1 ackSegments=1 dataSegments=0 bytes=41 rate=128
[MAC 5] resumes Pre-Tx with live slot=9 counter=9
[MAC 4] Learned neighbor 5 uses slot 9 (rtCounter=9)
[HOP 4] RX ACK from 5 seq=20
[NWK 4] CheckNwkQueue: size=0
[MAC 5] rtslot_counter expired for neighbor 1 reserveSlot=1
[MAC 1] resumes Pre-Tx with live slot=1 counter=1
[MAC 5] Learned neighbor 1 uses slot 1 (rtCounter=1)
[HOP 5] RX ACK from 1 seq=20
[HOP 5] Pending DATA decrement reason=ACK neighbor=1 pending=0
[NWK 5] NSDP(4->1) decremented to 0
[NWK 5] HOP completion released NSDP slot; awaiting HOP queue wake flow=4->1
[NWK 5] CheckNwkQueue: size=0
[MAC 1] PickTxSlot(dest=5) active_nodes_for_slotting=3 opnet_slot_range=31
[MAC 1] PickTxSlot(dest=5) avoid:
[MAC 1] PickTxSlot chose 1 using historical next_tslot modulo probe
[MAC 1] TX opportunity reached currentSlot=1 reserveNextSlot=1
... type=1 speedKey=128[t=2.62146] TX from node 1 to dest 5 seq 20 size 41 bytes segments 1 at slot 1 rate 128 kbps txPower 33 dBm (133333 bps) preamble SHORT duration 0.02208 s
[MAC 1] ACK transmitted in aggregate dest=5 seq=20 txCount=2/5
[MAC 1] OPNET aggregate transmitted segments=1 ackSegments=1 dataSegments=0 bytes=41 rate=128
[MAC 5] rtslot_counter expired for neighbor 1 reserveSlot=1
[MAC 1] resumes Pre-Tx with live slot=1 counter=1
[MAC 5] Learned neighbor 1 uses slot 1 (rtCounter=1)
[HOP 5] RX ACK from 1 seq=20
[NWK 5] CheckNwkQueue: size=0
[MAC 1] PickTxSlot(dest=5) active_nodes_for_slotting=3 opnet_slot_range=31
[MAC 1] PickTxSlot(dest=5) avoid:
[MAC 1] PickTxSlot chose 1 using historical next_tslot modulo probe
[MAC 1] TX opportunity reached currentSlot=1 reserveNextSlot=1
... type=1 speedKey=128[t=2.66046] TX from node 1 to dest 5 seq 20 size 41 bytes segments 1 at slot 1 rate 128 kbps txPower 33 dBm (133333 bps) preamble SHORT duration 0.02208 s
[MAC 1] ACK transmitted in aggregate dest=5 seq=20 txCount=3/5
[MAC 1] OPNET aggregate transmitted segments=1 ackSegments=1 dataSegments=0 bytes=41 rate=128
[MAC 5] rtslot_counter expired for neighbor 1 reserveSlot=1
[MAC 1] resumes Pre-Tx with live slot=1 counter=1
[MAC 5] Learned neighbor 1 uses slot 1 (rtCounter=1)
[HOP 5] RX ACK from 1 seq=20
[NWK 5] CheckNwkQueue: size=0
[MAC 1] PickTxSlot(dest=5) active_nodes_for_slotting=3 opnet_slot_range=31
[MAC 1] PickTxSlot(dest=5) avoid:
[MAC 1] PickTxSlot chose 1 using historical next_tslot modulo probe
[MAC 1] TX opportunity reached currentSlot=1 reserveNextSlot=1
... type=1 speedKey=128[t=2.69946] TX from node 1 to dest 5 seq 20 size 41 bytes segments 1 at slot 1 rate 128 kbps txPower 33 dBm (133333 bps) preamble SHORT duration 0.02208 s
[MAC 1] ACK transmitted in aggregate dest=5 seq=20 txCount=4/5
[MAC 1] OPNET aggregate transmitted segments=1 ackSegments=1 dataSegments=0 bytes=41 rate=128
[MAC 5] rtslot_counter expired for neighbor 1 reserveSlot=1
[MAC 5] PickTxSlot(dest=4) active_nodes_for_slotting=3 opnet_slot_range=31
[MAC 5] PickTxSlot(dest=4) avoid:
[MAC 5] PickTxSlot chose 1 using historical next_tslot modulo probe
[MAC 5] TX opportunity reached currentSlot=9 reserveNextSlot=1
... type=1 speedKey=128[t=2.7135] TX from node 5 to dest 4 seq 20 size 41 bytes segments 1 at slot 1 rate 128 kbps txPower 33 dBm (133333 bps) preamble SHORT duration 0.02208 s
[MAC 5] ACK transmitted in aggregate dest=4 seq=20 txCount=5/5
[MAC 5] Remove ACK after OPNET resend limit dest=4 seq=20
[MAC 5] OPNET aggregate transmitted segments=1 ackSegments=1 dataSegments=0 bytes=41 rate=128
[MAC 4] rtslot_counter expired for neighbor 5 reserveSlot=9
[MAC 1] resumes Pre-Tx with live slot=1 counter=1
[MAC 5] Learned neighbor 1 uses slot 1 (rtCounter=1)
[HOP 5] RX ACK from 1 seq=20
[NWK 5] CheckNwkQueue: size=0
[MAC 5] post-TX WAIT_FOR_ACK until 22.7356 (POST_TX_WAIT=20 s)
[MAC 4] Learned neighbor 5 uses slot 1 (rtCounter=1)
[HOP 4] RX ACK from 5 seq=20
[NWK 4] CheckNwkQueue: size=0
[MAC 1] PickTxSlot(dest=5) active_nodes_for_slotting=3 opnet_slot_range=31
[MAC 1] PickTxSlot(dest=5) avoid:
[MAC 1] PickTxSlot chose 1 using historical next_tslot modulo probe
[MAC 1] TX opportunity reached currentSlot=1 reserveNextSlot=1
... type=1 speedKey=128[t=2.73846] TX from node 1 to dest 5 seq 20 size 41 bytes segments 1 at slot 1 rate 128 kbps txPower 33 dBm (133333 bps) preamble SHORT duration 0.02208 s
[MAC 1] ACK transmitted in aggregate dest=5 seq=20 txCount=5/5
[MAC 1] Remove ACK after OPNET resend limit dest=5 seq=20
[MAC 1] OPNET aggregate transmitted segments=1 ackSegments=1 dataSegments=0 bytes=41 rate=128
[MAC 5] rtslot_counter expired for neighbor 1 reserveSlot=1
[MAC 5] local advertised reservation expired
[MAC 4] rtslot_counter expired for neighbor 5 reserveSlot=1
[MAC 1] post-TX WAIT_FOR_ACK until 22.7605 (POST_TX_WAIT=20 s)
[MAC 5] Learned neighbor 1 uses slot 1 (rtCounter=1)
[HOP 5] RX ACK from 1 seq=20
[NWK 5] CheckNwkQueue: size=0
[MAC 1] local advertised reservation expired
[MAC 5] rtslot_counter expired for neighbor 1 reserveSlot=1
[NWK 1] automatic_route_propagation=disabled
[NWK 1] routing_snapshot_response_enabled=false
[NWK 1] ARL neighbor admission=disabled
[NWK 1] Routing INFO changed reason=link-control limits changed
[MAC 1] active_nodes set to 3 for local slotting and post-TX wait
[MAC 1] max_reported_active_nodes updated to 3
[NWK 4] automatic_route_propagation=disabled
[NWK 4] routing_snapshot_response_enabled=false
[NWK 4] ARL neighbor admission=disabled
[NWK 4] Routing INFO changed reason=link-control limits changed
[MAC 4] active_nodes set to 3 for local slotting and post-TX wait
[MAC 4] max_reported_active_nodes updated to 3
[NWK 5] automatic_route_propagation=disabled
[NWK 5] routing_snapshot_response_enabled=false
[NWK 5] ARL neighbor admission=disabled
[NWK 5] Routing INFO changed reason=link-control limits changed
[MAC 5] active_nodes set to 3 for local slotting and post-TX wait
[MAC 5] max_reported_active_nodes updated to 3
[NWK 4] Added route candidate dst=1 nextHop=5 hops=2 cost=232 linkCost=232 advCost=0 learnedFrom=16777215 selectionDeferred=0 selected=1
[NWK 4] Updated selected-route preference dst=1 preferredNextHop=5
[NWK 4] Selected route changed dst=1 reason=candidate update pendingDestinations=1
[NWK 4] Static route link_calc dst=1 nextHop=5 pathloss=70 speed=128 txPower=33 estDistance=298 speedMargin=60 totalMargin=60 cost=232
[NWK 5] Added route candidate dst=1 nextHop=1 hops=1 cost=232 linkCost=232 advCost=0 learnedFrom=16777215 selectionDeferred=0 selected=1
[NWK 5] Updated selected-route preference dst=1 preferredNextHop=1
[NWK 5] Selected route changed dst=1 reason=candidate update pendingDestinations=1
[NWK 5] Static route link_calc dst=1 nextHop=1 pathloss=70 speed=128 txPower=33 estDistance=298 speedMargin=60 totalMargin=60 cost=232
[NWK 1] routesProcess grouped selected-route changes count=0 infoChanged=1 time=0
[NWK 1] Automatic route propagation disabled; reporting only
[NWK 4] routesProcess grouped selected-route changes count=1 infoChanged=1 time=0
[NWK 4] Best route dst=1 nextHop=5 cost=232 hops=2 learnedFrom=16777215 candidates=1 validCandidates=1
[NWK 4] Automatic route propagation disabled; reporting only
[NWK 5] routesProcess grouped selected-route changes count=1 infoChanged=1 time=0
[NWK 5] Best route dst=1 nextHop=1 cost=232 hops=1 learnedFrom=16777215 candidates=1 validCandidates=1
[NWK 5] Automatic route propagation disabled; reporting only
[NWK 5] NSDP(5->1) incremented to 1
[NWK 5] CheckNwkQueue: size=1
[HOP 5] CanSendToHop dest=1 outstanding=0 threshold=0 effectiveWindow=1 pendingData=0 globalLimit=16 neighborOK=1 nodeOK=1 -> YES
[HOP 5] link_control dest=1 neighborKnown=0 speed=128 txPower=33 rxPower=-109
[HOP 5] Pending DATA increment dest=1 pending=1
[HOP 5] TX historical-bare DATA neighbor=1 hopSeq=1
[MAC] Enqueue TX pkt dscp=0 insert_pos=0 queue_size_before=0
[MAC 5] PickTxSlot(dest=1) active_nodes_for_slotting=3 opnet_slot_range=31
[MAC 5] PickTxSlot(dest=1) avoid:
[MAC 5] PickTxSlot chose 9 using historical next_tslot modulo probe
[MAC 5] starts Pre-Tx with new slot=9 holdoff_over=0
[NWK 5] NSDP(5->1) incremented to 2
[NWK 5] CheckNwkQueue: size=1
[HOP 5] CanSendToHop dest=1 outstanding=1 threshold=0 effectiveWindow=1 pendingData=1 globalLimit=16 neighborOK=0 nodeOK=1 -> NO
[NWK 5] NSDP(5->1) incremented to 3
[NWK 5] CheckNwkQueue: size=2
[HOP 5] CanSendToHop dest=1 outstanding=1 threshold=0 effectiveWindow=1 pendingData=1 globalLimit=16 neighborOK=0 nodeOK=1 -> NO
[HOP 5] CanSendToHop dest=1 outstanding=1 threshold=0 effectiveWindow=1 pendingData=1 globalLimit=16 neighborOK=0 nodeOK=1 -> NO
[NWK 5] NSDP(5->1) incremented to 4
[NWK 5] CheckNwkQueue: size=3
[HOP 5] CanSendToHop dest=1 outstanding=1 threshold=0 effectiveWindow=1 pendingData=1 globalLimit=16 neighborOK=0 nodeOK=1 -> NO
[HOP 5] CanSendToHop dest=1 outstanding=1 threshold=0 effectiveWindow=1 pendingData=1 globalLimit=16 neighborOK=0 nodeOK=1 -> NO
[HOP 5] CanSendToHop dest=1 outstanding=1 threshold=0 effectiveWindow=1 pendingData=1 globalLimit=16 neighborOK=0 nodeOK=1 -> NO
[NWK 5] NSDP(5->1) incremented to 5
[NWK 5] CheckNwkQueue: size=4
[HOP 5] CanSendToHop dest=1 outstanding=1 threshold=0 effectiveWindow=1 pendingData=1 globalLimit=16 neighborOK=0 nodeOK=1 -> NO
[HOP 5] CanSendToHop dest=1 outstanding=1 threshold=0 effectiveWindow=1 pendingData=1 globalLimit=16 neighborOK=0 nodeOK=1 -> NO
[HOP 5] CanSendToHop dest=1 outstanding=1 threshold=0 effectiveWindow=1 pendingData=1 globalLimit=16 neighborOK=0 nodeOK=1 -> NO
[HOP 5] CanSendToHop dest=1 outstanding=1 threshold=0 effectiveWindow=1 pendingData=1 globalLimit=16 neighborOK=0 nodeOK=1 -> NO
[NWK 5] NSDP(5->1) incremented to 6
[NWK 5] CheckNwkQueue: size=5
[HOP 5] CanSendToHop dest=1 outstanding=1 threshold=0 effectiveWindow=1 pendingData=1 globalLimit=16 neighborOK=0 nodeOK=1 -> NO
[HOP 5] CanSendToHop dest=1 outstanding=1 threshold=0 effectiveWindow=1 pendingData=1 globalLimit=16 neighborOK=0 nodeOK=1 -> NO
[HOP 5] CanSendToHop dest=1 outstanding=1 threshold=0 effectiveWindow=1 pendingData=1 globalLimit=16 neighborOK=0 nodeOK=1 -> NO
[HOP 5] CanSendToHop dest=1 outstanding=1 threshold=0 effectiveWindow=1 pendingData=1 globalLimit=16 neighborOK=0 nodeOK=1 -> NO
[HOP 5] CanSendToHop dest=1 outstanding=1 threshold=0 effectiveWindow=1 pendingData=1 globalLimit=16 neighborOK=0 nodeOK=1 -> NO
[NWK 5] NSDP(5->1) incremented to 7
[NWK 5] CheckNwkQueue: size=6
[HOP 5] CanSendToHop dest=1 outstanding=1 threshold=0 effectiveWindow=1 pendingData=1 globalLimit=16 neighborOK=0 nodeOK=1 -> NO
[HOP 5] CanSendToHop dest=1 outstanding=1 threshold=0 effectiveWindow=1 pendingData=1 globalLimit=16 neighborOK=0 nodeOK=1 -> NO
[HOP 5] CanSendToHop dest=1 outstanding=1 threshold=0 effectiveWindow=1 pendingData=1 globalLimit=16 neighborOK=0 nodeOK=1 -> NO
[HOP 5] CanSendToHop dest=1 outstanding=1 threshold=0 effectiveWindow=1 pendingData=1 globalLimit=16 neighborOK=0 nodeOK=1 -> NO
[HOP 5] CanSendToHop dest=1 outstanding=1 threshold=0 effectiveWindow=1 pendingData=1 globalLimit=16 neighborOK=0 nodeOK=1 -> NO
[HOP 5] CanSendToHop dest=1 outstanding=1 threshold=0 effectiveWindow=1 pendingData=1 globalLimit=16 neighborOK=0 nodeOK=1 -> NO
[NWK 5] NSDP(5->1) incremented to 8
[NWK 5] CheckNwkQueue: size=7
[HOP 5] CanSendToHop dest=1 outstanding=1 threshold=0 effectiveWindow=1 pendingData=1 globalLimit=16 neighborOK=0 nodeOK=1 -> NO
[HOP 5] CanSendToHop dest=1 outstanding=1 threshold=0 effectiveWindow=1 pendingData=1 globalLimit=16 neighborOK=0 nodeOK=1 -> NO
[HOP 5] CanSendToHop dest=1 outstanding=1 threshold=0 effectiveWindow=1 pendingData=1 globalLimit=16 neighborOK=0 nodeOK=1 -> NO
[HOP 5] CanSendToHop dest=1 outstanding=1 threshold=0 effectiveWindow=1 pendingData=1 globalLimit=16 neighborOK=0 nodeOK=1 -> NO
[HOP 5] CanSendToHop dest=1 outstanding=1 threshold=0 effectiveWindow=1 pendingData=1 globalLimit=16 neighborOK=0 nodeOK=1 -> NO
[HOP 5] CanSendToHop dest=1 outstanding=1 threshold=0 effectiveWindow=1 pendingData=1 globalLimit=16 neighborOK=0 nodeOK=1 -> NO
[HOP 5] CanSendToHop dest=1 outstanding=1 threshold=0 effectiveWindow=1 pendingData=1 globalLimit=16 neighborOK=0 nodeOK=1 -> NO
[NWK 5] NSDP(5->1) incremented to 9
[NWK 5] CheckNwkQueue: size=8
[HOP 5] CanSendToHop dest=1 outstanding=1 threshold=0 effectiveWindow=1 pendingData=1 globalLimit=16 neighborOK=0 nodeOK=1 -> NO
[HOP 5] CanSendToHop dest=1 outstanding=1 threshold=0 effectiveWindow=1 pendingData=1 globalLimit=16 neighborOK=0 nodeOK=1 -> NO
[HOP 5] CanSendToHop dest=1 outstanding=1 threshold=0 effectiveWindow=1 pendingData=1 globalLimit=16 neighborOK=0 nodeOK=1 -> NO
[HOP 5] CanSendToHop dest=1 outstanding=1 threshold=0 effectiveWindow=1 pendingData=1 globalLimit=16 neighborOK=0 nodeOK=1 -> NO
[HOP 5] CanSendToHop dest=1 outstanding=1 threshold=0 effectiveWindow=1 pendingData=1 globalLimit=16 neighborOK=0 nodeOK=1 -> NO
[HOP 5] CanSendToHop dest=1 outstanding=1 threshold=0 effectiveWindow=1 pendingData=1 globalLimit=16 neighborOK=0 nodeOK=1 -> NO
[HOP 5] CanSendToHop dest=1 outstanding=1 threshold=0 effectiveWindow=1 pendingData=1 globalLimit=16 neighborOK=0 nodeOK=1 -> NO
[HOP 5] CanSendToHop dest=1 outstanding=1 threshold=0 effectiveWindow=1 pendingData=1 globalLimit=16 neighborOK=0 nodeOK=1 -> NO
[NWK 5] NSDP(5->1) incremented to 10
[NWK 5] CheckNwkQueue: size=9
[HOP 5] CanSendToHop dest=1 outstanding=1 threshold=0 effectiveWindow=1 pendingData=1 globalLimit=16 neighborOK=0 nodeOK=1 -> NO
[HOP 5] CanSendToHop dest=1 outstanding=1 threshold=0 effectiveWindow=1 pendingData=1 globalLimit=16 neighborOK=0 nodeOK=1 -> NO
[HOP 5] CanSendToHop dest=1 outstanding=1 threshold=0 effectiveWindow=1 pendingData=1 globalLimit=16 neighborOK=0 nodeOK=1 -> NO
[HOP 5] CanSendToHop dest=1 outstanding=1 threshold=0 effectiveWindow=1 pendingData=1 globalLimit=16 neighborOK=0 nodeOK=1 -> NO
[HOP 5] CanSendToHop dest=1 outstanding=1 threshold=0 effectiveWindow=1 pendingData=1 globalLimit=16 neighborOK=0 nodeOK=1 -> NO
[HOP 5] CanSendToHop dest=1 outstanding=1 threshold=0 effectiveWindow=1 pendingData=1 globalLimit=16 neighborOK=0 nodeOK=1 -> NO
[HOP 5] CanSendToHop dest=1 outstanding=1 threshold=0 effectiveWindow=1 pendingData=1 globalLimit=16 neighborOK=0 nodeOK=1 -> NO
[HOP 5] CanSendToHop dest=1 outstanding=1 threshold=0 effectiveWindow=1 pendingData=1 globalLimit=16 neighborOK=0 nodeOK=1 -> NO
[HOP 5] CanSendToHop dest=1 outstanding=1 threshold=0 effectiveWindow=1 pendingData=1 globalLimit=16 neighborOK=0 nodeOK=1 -> NO
[NWK 5] NSDP(5->1) incremented to 11
[NWK 5] CheckNwkQueue: size=10
[HOP 5] CanSendToHop dest=1 outstanding=1 threshold=0 effectiveWindow=1 pendingData=1 globalLimit=16 neighborOK=0 nodeOK=1 -> NO
[HOP 5] CanSendToHop dest=1 outstanding=1 threshold=0 effectiveWindow=1 pendingData=1 globalLimit=16 neighborOK=0 nodeOK=1 -> NO
[HOP 5] CanSendToHop dest=1 outstanding=1 threshold=0 effectiveWindow=1 pendingData=1 globalLimit=16 neighborOK=0 nodeOK=1 -> NO
[HOP 5] CanSendToHop dest=1 outstanding=1 threshold=0 effectiveWindow=1 pendingData=1 globalLimit=16 neighborOK=0 nodeOK=1 -> NO
[HOP 5] CanSendToHop dest=1 outstanding=1 threshold=0 effectiveWindow=1 pendingData=1 globalLimit=16 neighborOK=0 nodeOK=1 -> NO
[HOP 5] CanSendToHop dest=1 outstanding=1 threshold=0 effectiveWindow=1 pendingData=1 globalLimit=16 neighborOK=0 nodeOK=1 -> NO
[HOP 5] CanSendToHop dest=1 outstanding=1 threshold=0 effectiveWindow=1 pendingData=1 globalLimit=16 neighborOK=0 nodeOK=1 -> NO
[HOP 5] CanSendToHop dest=1 outstanding=1 threshold=0 effectiveWindow=1 pendingData=1 globalLimit=16 neighborOK=0 nodeOK=1 -> NO
[HOP 5] CanSendToHop dest=1 outstanding=1 threshold=0 effectiveWindow=1 pendingData=1 globalLimit=16 neighborOK=0 nodeOK=1 -> NO
[HOP 5] CanSendToHop dest=1 outstanding=1 threshold=0 effectiveWindow=1 pendingData=1 globalLimit=16 neighborOK=0 nodeOK=1 -> NO
[NWK 5] NSDP(5->1) incremented to 12
[NWK 5] CheckNwkQueue: size=11
[HOP 5] CanSendToHop dest=1 outstanding=1 threshold=0 effectiveWindow=1 pendingData=1 globalLimit=16 neighborOK=0 nodeOK=1 -> NO
[HOP 5] CanSendToHop dest=1 outstanding=1 threshold=0 effectiveWindow=1 pendingData=1 globalLimit=16 neighborOK=0 nodeOK=1 -> NO
[HOP 5] CanSendToHop dest=1 outstanding=1 threshold=0 effectiveWindow=1 pendingData=1 globalLimit=16 neighborOK=0 nodeOK=1 -> NO
[HOP 5] CanSendToHop dest=1 outstanding=1 threshold=0 effectiveWindow=1 pendingData=1 globalLimit=16 neighborOK=0 nodeOK=1 -> NO
[HOP 5] CanSendToHop dest=1 outstanding=1 threshold=0 effectiveWindow=1 pendingData=1 globalLimit=16 neighborOK=0 nodeOK=1 -> NO
[HOP 5] CanSendToHop dest=1 outstanding=1 threshold=0 effectiveWindow=1 pendingData=1 globalLimit=16 neighborOK=0 nodeOK=1 -> NO
[HOP 5] CanSendToHop dest=1 outstanding=1 threshold=0 effectiveWindow=1 pendingData=1 globalLimit=16 neighborOK=0 nodeOK=1 -> NO
[HOP 5] CanSendToHop dest=1 outstanding=1 threshold=0 effectiveWindow=1 pendingData=1 globalLimit=16 neighborOK=0 nodeOK=1 -> NO
[HOP 5] CanSendToHop dest=1 outstanding=1 threshold=0 effectiveWindow=1 pendingData=1 globalLimit=16 neighborOK=0 nodeOK=1 -> NO
[HOP 5] CanSendToHop dest=1 outstanding=1 threshold=0 effectiveWindow=1 pendingData=1 globalLimit=16 neighborOK=0 nodeOK=1 -> NO
[HOP 5] CanSendToHop dest=1 outstanding=1 threshold=0 effectiveWindow=1 pendingData=1 globalLimit=16 neighborOK=0 nodeOK=1 -> NO
[NWK 5] NSDP(5->1) incremented to 13
[NWK 5] CheckNwkQueue: size=12
[HOP 5] CanSendToHop dest=1 outstanding=1 threshold=0 effectiveWindow=1 pendingData=1 globalLimit=16 neighborOK=0 nodeOK=1 -> NO
[HOP 5] CanSendToHop dest=1 outstanding=1 threshold=0 effectiveWindow=1 pendingData=1 globalLimit=16 neighborOK=0 nodeOK=1 -> NO
[HOP 5] CanSendToHop dest=1 outstanding=1 threshold=0 effectiveWindow=1 pendingData=1 globalLimit=16 neighborOK=0 nodeOK=1 -> NO
[HOP 5] CanSendToHop dest=1 outstanding=1 threshold=0 effectiveWindow=1 pendingData=1 globalLimit=16 neighborOK=0 nodeOK=1 -> NO
[HOP 5] CanSendToHop dest=1 outstanding=1 threshold=0 effectiveWindow=1 pendingData=1 globalLimit=16 neighborOK=0 nodeOK=1 -> NO
[HOP 5] CanSendToHop dest=1 outstanding=1 threshold=0 effectiveWindow=1 pendingData=1 globalLimit=16 neighborOK=0 nodeOK=1 -> NO
[HOP 5] CanSendToHop dest=1 outstanding=1 threshold=0 effectiveWindow=1 pendingData=1 globalLimit=16 neighborOK=0 nodeOK=1 -> NO
[HOP 5] CanSendToHop dest=1 outstanding=1 threshold=0 effectiveWindow=1 pendingData=1 globalLimit=16 neighborOK=0 nodeOK=1 -> NO
[HOP 5] CanSendToHop dest=1 outstanding=1 threshold=0 effectiveWindow=1 pendingData=1 globalLimit=16 neighborOK=0 nodeOK=1 -> NO
[HOP 5] CanSendToHop dest=1 outstanding=1 threshold=0 effectiveWindow=1 pendingData=1 globalLimit=16 neighborOK=0 nodeOK=1 -> NO
[HOP 5] CanSendToHop dest=1 outstanding=1 threshold=0 effectiveWindow=1 pendingData=1 globalLimit=16 neighborOK=0 nodeOK=1 -> NO
[HOP 5] CanSendToHop dest=1 outstanding=1 threshold=0 effectiveWindow=1 pendingData=1 globalLimit=16 neighborOK=0 nodeOK=1 -> NO
[NWK 5] NSDP(5->1) incremented to 14
[NWK 5] CheckNwkQueue: size=13
[HOP 5] CanSendToHop dest=1 outstanding=1 threshold=0 effectiveWindow=1 pendingData=1 globalLimit=16 neighborOK=0 nodeOK=1 -> NO
[HOP 5] CanSendToHop dest=1 outstanding=1 threshold=0 effectiveWindow=1 pendingData=1 globalLimit=16 neighborOK=0 nodeOK=1 -> NO
[HOP 5] CanSendToHop dest=1 outstanding=1 threshold=0 effectiveWindow=1 pendingData=1 globalLimit=16 neighborOK=0 nodeOK=1 -> NO
[HOP 5] CanSendToHop dest=1 outstanding=1 threshold=0 effectiveWindow=1 pendingData=1 globalLimit=16 neighborOK=0 nodeOK=1 -> NO
[HOP 5] CanSendToHop dest=1 outstanding=1 threshold=0 effectiveWindow=1 pendingData=1 globalLimit=16 neighborOK=0 nodeOK=1 -> NO
[HOP 5] CanSendToHop dest=1 outstanding=1 threshold=0 effectiveWindow=1 pendingData=1 globalLimit=16 neighborOK=0 nodeOK=1 -> NO
[HOP 5] CanSendToHop dest=1 outstanding=1 threshold=0 effectiveWindow=1 pendingData=1 globalLimit=16 neighborOK=0 nodeOK=1 -> NO
[HOP 5] CanSendToHop dest=1 outstanding=1 threshold=0 effectiveWindow=1 pendingData=1 globalLimit=16 neighborOK=0 nodeOK=1 -> NO
[HOP 5] CanSendToHop dest=1 outstanding=1 threshold=0 effectiveWindow=1 pendingData=1 globalLimit=16 neighborOK=0 nodeOK=1 -> NO
[HOP 5] CanSendToHop dest=1 outstanding=1 threshold=0 effectiveWindow=1 pendingData=1 globalLimit=16 neighborOK=0 nodeOK=1 -> NO
[HOP 5] CanSendToHop dest=1 outstanding=1 threshold=0 effectiveWindow=1 pendingData=1 globalLimit=16 neighborOK=0 nodeOK=1 -> NO
[HOP 5] CanSendToHop dest=1 outstanding=1 threshold=0 effectiveWindow=1 pendingData=1 globalLimit=16 neighborOK=0 nodeOK=1 -> NO
[HOP 5] CanSendToHop dest=1 outstanding=1 threshold=0 effectiveWindow=1 pendingData=1 globalLimit=16 neighborOK=0 nodeOK=1 -> NO
[NWK 5] NSDP(5->1) incremented to 15
[NWK 5] CheckNwkQueue: size=14
[HOP 5] CanSendToHop dest=1 outstanding=1 threshold=0 effectiveWindow=1 pendingData=1 globalLimit=16 neighborOK=0 nodeOK=1 -> NO
[HOP 5] CanSendToHop dest=1 outstanding=1 threshold=0 effectiveWindow=1 pendingData=1 globalLimit=16 neighborOK=0 nodeOK=1 -> NO
[HOP 5] CanSendToHop dest=1 outstanding=1 threshold=0 effectiveWindow=1 pendingData=1 globalLimit=16 neighborOK=0 nodeOK=1 -> NO
[HOP 5] CanSendToHop dest=1 outstanding=1 threshold=0 effectiveWindow=1 pendingData=1 globalLimit=16 neighborOK=0 nodeOK=1 -> NO
[HOP 5] CanSendToHop dest=1 outstanding=1 threshold=0 effectiveWindow=1 pendingData=1 globalLimit=16 neighborOK=0 nodeOK=1 -> NO
[HOP 5] CanSendToHop dest=1 outstanding=1 threshold=0 effectiveWindow=1 pendingData=1 globalLimit=16 neighborOK=0 nodeOK=1 -> NO
[HOP 5] CanSendToHop dest=1 outstanding=1 threshold=0 effectiveWindow=1 pendingData=1 globalLimit=16 neighborOK=0 nodeOK=1 -> NO
[HOP 5] CanSendToHop dest=1 outstanding=1 threshold=0 effectiveWindow=1 pendingData=1 globalLimit=16 neighborOK=0 nodeOK=1 -> NO
[HOP 5] CanSendToHop dest=1 outstanding=1 threshold=0 effectiveWindow=1 pendingData=1 globalLimit=16 neighborOK=0 nodeOK=1 -> NO
[HOP 5] CanSendToHop dest=1 outstanding=1 threshold=0 effectiveWindow=1 pendingData=1 globalLimit=16 neighborOK=0 nodeOK=1 -> NO
[HOP 5] CanSendToHop dest=1 outstanding=1 threshold=0 effectiveWindow=1 pendingData=1 globalLimit=16 neighborOK=0 nodeOK=1 -> NO
[HOP 5] CanSendToHop dest=1 outstanding=1 threshold=0 effectiveWindow=1 pendingData=1 globalLimit=16 neighborOK=0 nodeOK=1 -> NO
[HOP 5] CanSendToHop dest=1 outstanding=1 threshold=0 effectiveWindow=1 pendingData=1 globalLimit=16 neighborOK=0 nodeOK=1 -> NO
[HOP 5] CanSendToHop dest=1 outstanding=1 threshold=0 effectiveWindow=1 pendingData=1 globalLimit=16 neighborOK=0 nodeOK=1 -> NO
[NWK 5] NSDP(5->1) incremented to 16
[MAC 5] OPNET 300-ms transmit holdoff complete
[NWK 5] CheckNwkQueue: size=15
[HOP 5] CanSendToHop dest=1 outstanding=1 threshold=0 effectiveWindow=1 pendingData=1 globalLimit=16 neighborOK=0 nodeOK=1 -> NO
[HOP 5] CanSendToHop dest=1 outstanding=1 threshold=0 effectiveWindow=1 pendingData=1 globalLimit=16 neighborOK=0 nodeOK=1 -> NO
[HOP 5] CanSendToHop dest=1 outstanding=1 threshold=0 effectiveWindow=1 pendingData=1 globalLimit=16 neighborOK=0 nodeOK=1 -> NO
[HOP 5] CanSendToHop dest=1 outstanding=1 threshold=0 effectiveWindow=1 pendingData=1 globalLimit=16 neighborOK=0 nodeOK=1 -> NO
[HOP 5] CanSendToHop dest=1 outstanding=1 threshold=0 effectiveWindow=1 pendingData=1 globalLimit=16 neighborOK=0 nodeOK=1 -> NO
[HOP 5] CanSendToHop dest=1 outstanding=1 threshold=0 effectiveWindow=1 pendingData=1 globalLimit=16 neighborOK=0 nodeOK=1 -> NO
[HOP 5] CanSendToHop dest=1 outstanding=1 threshold=0 effectiveWindow=1 pendingData=1 globalLimit=16 neighborOK=0 nodeOK=1 -> NO
[HOP 5] CanSendToHop dest=1 outstanding=1 threshold=0 effectiveWindow=1 pendingData=1 globalLimit=16 neighborOK=0 nodeOK=1 -> NO
[HOP 5] CanSendToHop dest=1 outstanding=1 threshold=0 effectiveWindow=1 pendingData=1 globalLimit=16 neighborOK=0 nodeOK=1 -> NO
[HOP 5] CanSendToHop dest=1 outstanding=1 threshold=0 effectiveWindow=1 pendingData=1 globalLimit=16 neighborOK=0 nodeOK=1 -> NO
[HOP 5] CanSendToHop dest=1 outstanding=1 threshold=0 effectiveWindow=1 pendingData=1 globalLimit=16 neighborOK=0 nodeOK=1 -> NO
[HOP 5] CanSendToHop dest=1 outstanding=1 threshold=0 effectiveWindow=1 pendingData=1 globalLimit=16 neighborOK=0 nodeOK=1 -> NO
[HOP 5] CanSendToHop dest=1 outstanding=1 threshold=0 effectiveWindow=1 pendingData=1 globalLimit=16 neighborOK=0 nodeOK=1 -> NO
[HOP 5] CanSendToHop dest=1 outstanding=1 threshold=0 effectiveWindow=1 pendingData=1 globalLimit=16 neighborOK=0 nodeOK=1 -> NO
[HOP 5] CanSendToHop dest=1 outstanding=1 threshold=0 effectiveWindow=1 pendingData=1 globalLimit=16 neighborOK=0 nodeOK=1 -> NO
[MAC 5] PickTxSlot(dest=1) active_nodes_for_slotting=3 opnet_slot_range=31
[MAC 5] PickTxSlot(dest=1) avoid:
[MAC 5] PickTxSlot chose 1 using historical next_tslot modulo probe
[MAC 5] TX opportunity reached currentSlot=9 reserveNextSlot=1
... type=0 speedKey=128[t=0.429] TX from node 5 to dest 1 seq 1 size 48 bytes segments 1 at slot 1 rate 128 kbps txPower 33 dBm (133333 bps) preamble SHORT duration 0.0225 s
[HOP 5] MAC sent confirmation dest=1 seq=1 transmission=1 sentAt=0.429
[MAC 5] OPNET aggregate transmitted segments=1 ackSegments=0 dataSegments=1 bytes=48 rate=128
[MAC 5] post-TX WAIT_FOR_ACK until 20.4515 (POST_TX_WAIT=20 s)
[MAC 1] Learned neighbor 5 uses slot 1 (rtCounter=1)
[HOP 1] New neighbor 5 heard at t=0.451501s
[HOP 1] link_control dest=5 neighborKnown=1 s0=-109 pathloss=70 failures=0 speed=128 txPower=33 rxPower=-109 cost=116
[MAC 1] Enqueue ACK dest=5 seq=1 window=1 ack_queue_size=1
[NWK 1] Added reverse path netSrc=5 reverseHop=5
[MAC 1] PickTxSlot(dest=5) active_nodes_for_slotting=3 opnet_slot_range=31
[MAC 1] avoiding neighbor 5 currentReservedSlot=0 rtslot_counter=0
[MAC 1] PickTxSlot(dest=5) avoid:
[MAC 1] PickTxSlot chose 1 using historical next_tslot modulo probe
[MAC 1] starts Pre-Tx with new slot=1 holdoff_over=0
[MAC 5] local advertised reservation expired
[MAC 1] rtslot_counter expired for neighbor 5 reserveSlot=1
[MAC 1] OPNET 300-ms transmit holdoff complete
[MAC 1] PickTxSlot(dest=5) active_nodes_for_slotting=3 opnet_slot_range=31
[MAC 1] PickTxSlot(dest=5) avoid:
[MAC 1] PickTxSlot chose 1 using historical next_tslot modulo probe
[MAC 1] TX opportunity reached currentSlot=1 reserveNextSlot=1
... type=1 speedKey=128[t=0.776501] TX from node 1 to dest 5 seq 1 size 41 bytes segments 1 at slot 1 rate 128 kbps txPower 33 dBm (133333 bps) preamble SHORT duration 0.02208 s
[MAC 1] ACK transmitted in aggregate dest=5 seq=1 txCount=1/5
[MAC 1] OPNET aggregate transmitted segments=1 ackSegments=1 dataSegments=0 bytes=41 rate=128
[MAC 1] resumes Pre-Tx with live slot=1 counter=1
[MAC 5] Learned neighbor 1 uses slot 1 (rtCounter=1)
[HOP 5] New neighbor 1 heard at t=0.798582s
[HOP 5] RX ACK from 1 seq=1
[HOP 5] Pending DATA decrement reason=ACK neighbor=1 pending=0
[NWK 5] NSDP(5->1) decremented to 15
[NWK 5] HOP completion released NSDP slot; awaiting HOP queue wake flow=5->1
[NWK 5] CheckNwkQueue: size=15
[HOP 5] CanSendToHop dest=1 outstanding=0 threshold=0 effectiveWindow=1 pendingData=0 globalLimit=16 neighborOK=1 nodeOK=1 -> YES
[HOP 5] link_control dest=1 neighborKnown=1 s0=-109 pathloss=70 failures=0 speed=128 txPower=33 rxPower=-109 cost=116
[HOP 5] Pending DATA increment dest=1 pending=1
[HOP 5] TX historical-bare DATA neighbor=1 hopSeq=2
[MAC] Enqueue TX pkt dscp=0 insert_pos=0 queue_size_before=0
[HOP 5] CanSendToHop dest=1 outstanding=1 threshold=0 effectiveWindow=1 pendingData=1 globalLimit=16 neighborOK=0 nodeOK=1 -> NO
[HOP 5] CanSendToHop dest=1 outstanding=1 threshold=0 effectiveWindow=1 pendingData=1 globalLimit=16 neighborOK=0 nodeOK=1 -> NO
[HOP 5] CanSendToHop dest=1 outstanding=1 threshold=0 effectiveWindow=1 pendingData=1 globalLimit=16 neighborOK=0 nodeOK=1 -> NO
[HOP 5] CanSendToHop dest=1 outstanding=1 threshold=0 effectiveWindow=1 pendingData=1 globalLimit=16 neighborOK=0 nodeOK=1 -> NO
[HOP 5] CanSendToHop dest=1 outstanding=1 threshold=0 effectiveWindow=1 pendingData=1 globalLimit=16 neighborOK=0 nodeOK=1 -> NO
[HOP 5] CanSendToHop dest=1 outstanding=1 threshold=0 effectiveWindow=1 pendingData=1 globalLimit=16 neighborOK=0 nodeOK=1 -> NO
[HOP 5] CanSendToHop dest=1 outstanding=1 threshold=0 effectiveWindow=1 pendingData=1 globalLimit=16 neighborOK=0 nodeOK=1 -> NO
[HOP 5] CanSendToHop dest=1 outstanding=1 threshold=0 effectiveWindow=1 pendingData=1 globalLimit=16 neighborOK=0 nodeOK=1 -> NO
[HOP 5] CanSendToHop dest=1 outstanding=1 threshold=0 effectiveWindow=1 pendingData=1 globalLimit=16 neighborOK=0 nodeOK=1 -> NO
[HOP 5] CanSendToHop dest=1 outstanding=1 threshold=0 effectiveWindow=1 pendingData=1 globalLimit=16 neighborOK=0 nodeOK=1 -> NO
[HOP 5] CanSendToHop dest=1 outstanding=1 threshold=0 effectiveWindow=1 pendingData=1 globalLimit=16 neighborOK=0 nodeOK=1 -> NO
[HOP 5] CanSendToHop dest=1 outstanding=1 threshold=0 effectiveWindow=1 pendingData=1 globalLimit=16 neighborOK=0 nodeOK=1 -> NO
[HOP 5] CanSendToHop dest=1 outstanding=1 threshold=0 effectiveWindow=1 pendingData=1 globalLimit=16 neighborOK=0 nodeOK=1 -> NO
[HOP 5] CanSendToHop dest=1 outstanding=1 threshold=0 effectiveWindow=1 pendingData=1 globalLimit=16 neighborOK=0 nodeOK=1 -> NO
[NWK 5] NSDP(5->1) incremented to 16
[NWK 5] CheckNwkQueue: size=15
[HOP 5] CanSendToHop dest=1 outstanding=1 threshold=0 effectiveWindow=1 pendingData=1 globalLimit=16 neighborOK=0 nodeOK=1 -> NO
[HOP 5] CanSendToHop dest=1 outstanding=1 threshold=0 effectiveWindow=1 pendingData=1 globalLimit=16 neighborOK=0 nodeOK=1 -> NO
[HOP 5] CanSendToHop dest=1 outstanding=1 threshold=0 effectiveWindow=1 pendingData=1 globalLimit=16 neighborOK=0 nodeOK=1 -> NO
[HOP 5] CanSendToHop dest=1 outstanding=1 threshold=0 effectiveWindow=1 pendingData=1 globalLimit=16 neighborOK=0 nodeOK=1 -> NO
[HOP 5] CanSendToHop dest=1 outstanding=1 threshold=0 effectiveWindow=1 pendingData=1 globalLimit=16 neighborOK=0 nodeOK=1 -> NO
[HOP 5] CanSendToHop dest=1 outstanding=1 threshold=0 effectiveWindow=1 pendingData=1 globalLimit=16 neighborOK=0 nodeOK=1 -> NO
[HOP 5] CanSendToHop dest=1 outstanding=1 threshold=0 effectiveWindow=1 pendingData=1 globalLimit=16 neighborOK=0 nodeOK=1 -> NO
[HOP 5] CanSendToHop dest=1 outstanding=1 threshold=0 effectiveWindow=1 pendingData=1 globalLimit=16 neighborOK=0 nodeOK=1 -> NO
[HOP 5] CanSendToHop dest=1 outstanding=1 threshold=0 effectiveWindow=1 pendingData=1 globalLimit=16 neighborOK=0 nodeOK=1 -> NO
[HOP 5] CanSendToHop dest=1 outstanding=1 threshold=0 effectiveWindow=1 pendingData=1 globalLimit=16 neighborOK=0 nodeOK=1 -> NO
[HOP 5] CanSendToHop dest=1 outstanding=1 threshold=0 effectiveWindow=1 pendingData=1 globalLimit=16 neighborOK=0 nodeOK=1 -> NO
[HOP 5] CanSendToHop dest=1 outstanding=1 threshold=0 effectiveWindow=1 pendingData=1 globalLimit=16 neighborOK=0 nodeOK=1 -> NO
[HOP 5] CanSendToHop dest=1 outstanding=1 threshold=0 effectiveWindow=1 pendingData=1 globalLimit=16 neighborOK=0 nodeOK=1 -> NO
[HOP 5] CanSendToHop dest=1 outstanding=1 threshold=0 effectiveWindow=1 pendingData=1 globalLimit=16 neighborOK=0 nodeOK=1 -> NO
[HOP 5] CanSendToHop dest=1 outstanding=1 threshold=0 effectiveWindow=1 pendingData=1 globalLimit=16 neighborOK=0 nodeOK=1 -> NO
[MAC 5] PickTxSlot(dest=1) active_nodes_for_slotting=3 opnet_slot_range=31
[MAC 5] avoiding neighbor 1 currentReservedSlot=0 rtslot_counter=0
[MAC 5] PickTxSlot(dest=1) avoid:
[MAC 5] PickTxSlot chose 9 using historical next_tslot modulo probe
[MAC 5] starts Pre-Tx with new slot=9 holdoff_over=1
[MAC 1] PickTxSlot(dest=5) active_nodes_for_slotting=3 opnet_slot_range=31
[MAC 1] PickTxSlot(dest=5) avoid:
[MAC 1] PickTxSlot chose 1 using historical next_tslot modulo probe
[MAC 1] TX opportunity reached currentSlot=1 reserveNextSlot=1
... type=1 speedKey=128[t=0.815501] TX from node 1 to dest 5 seq 1 size 41 bytes segments 1 at slot 1 rate 128 kbps txPower 33 dBm (133333 bps) preamble SHORT duration 0.02208 s
[MAC 1] ACK transmitted in aggregate dest=5 seq=1 txCount=2/5
[MAC 1] OPNET aggregate transmitted segments=1 ackSegments=1 dataSegments=0 bytes=41 rate=128
[MAC 5] rtslot_counter expired for neighbor 1 reserveSlot=1
[MAC 1] resumes Pre-Tx with live slot=1 counter=1
[MAC 5] Learned neighbor 1 uses slot 1 (rtCounter=1)
[HOP 5] RX ACK from 1 seq=1
[NWK 5] CheckNwkQueue: size=15
[HOP 5] CanSendToHop dest=1 outstanding=1 threshold=0 effectiveWindow=1 pendingData=1 globalLimit=16 neighborOK=0 nodeOK=1 -> NO
[HOP 5] CanSendToHop dest=1 outstanding=1 threshold=0 effectiveWindow=1 pendingData=1 globalLimit=16 neighborOK=0 nodeOK=1 -> NO
[HOP 5] CanSendToHop dest=1 outstanding=1 threshold=0 effectiveWindow=1 pendingData=1 globalLimit=16 neighborOK=0 nodeOK=1 -> NO
[HOP 5] CanSendToHop dest=1 outstanding=1 threshold=0 effectiveWindow=1 pendingData=1 globalLimit=16 neighborOK=0 nodeOK=1 -> NO
[HOP 5] CanSendToHop dest=1 outstanding=1 threshold=0 effectiveWindow=1 pendingData=1 globalLimit=16 neighborOK=0 nodeOK=1 -> NO
[HOP 5] CanSendToHop dest=1 outstanding=1 threshold=0 effectiveWindow=1 pendingData=1 globalLimit=16 neighborOK=0 nodeOK=1 -> NO
[HOP 5] CanSendToHop dest=1 outstanding=1 threshold=0 effectiveWindow=1 pendingData=1 globalLimit=16 neighborOK=0 nodeOK=1 -> NO
[HOP 5] CanSendToHop dest=1 outstanding=1 threshold=0 effectiveWindow=1 pendingData=1 globalLimit=16 neighborOK=0 nodeOK=1 -> NO
[HOP 5] CanSendToHop dest=1 outstanding=1 threshold=0 effectiveWindow=1 pendingData=1 globalLimit=16 neighborOK=0 nodeOK=1 -> NO
[HOP 5] CanSendToHop dest=1 outstanding=1 threshold=0 effectiveWindow=1 pendingData=1 globalLimit=16 neighborOK=0 nodeOK=1 -> NO
[HOP 5] CanSendToHop dest=1 outstanding=1 threshold=0 effectiveWindow=1 pendingData=1 globalLimit=16 neighborOK=0 nodeOK=1 -> NO
[HOP 5] CanSendToHop dest=1 outstanding=1 threshold=0 effectiveWindow=1 pendingData=1 globalLimit=16 neighborOK=0 nodeOK=1 -> NO
[HOP 5] CanSendToHop dest=1 outstanding=1 threshold=0 effectiveWindow=1 pendingData=1 globalLimit=16 neighborOK=0 nodeOK=1 -> NO
[HOP 5] CanSendToHop dest=1 outstanding=1 threshold=0 effectiveWindow=1 pendingData=1 globalLimit=16 neighborOK=0 nodeOK=1 -> NO
[HOP 5] CanSendToHop dest=1 outstanding=1 threshold=0 effectiveWindow=1 pendingData=1 globalLimit=16 neighborOK=0 nodeOK=1 -> NO
[MAC 1] PickTxSlot(dest=5) active_nodes_for_slotting=3 opnet_slot_range=31
[MAC 1] PickTxSlot(dest=5) avoid:
[MAC 1] PickTxSlot chose 1 using historical next_tslot modulo probe
[MAC 1] TX opportunity reached currentSlot=1 reserveNextSlot=1
... type=1 speedKey=128[t=0.854501] TX from node 1 to dest 5 seq 1 size 41 bytes segments 1 at slot 1 rate 128 kbps txPower 33 dBm (133333 bps) preamble SHORT duration 0.02208 s
[MAC 1] ACK transmitted in aggregate dest=5 seq=1 txCount=3/5
[MAC 1] OPNET aggregate transmitted segments=1 ackSegments=1 dataSegments=0 bytes=41 rate=128
[MAC 5] rtslot_counter expired for neighbor 1 reserveSlot=1
[MAC 1] resumes Pre-Tx with live slot=1 counter=1
[MAC 5] Learned neighbor 1 uses slot 1 (rtCounter=1)
[HOP 5] RX ACK from 1 seq=1
[NWK 5] CheckNwkQueue: size=15
[HOP 5] CanSendToHop dest=1 outstanding=1 threshold=0 effectiveWindow=1 pendingData=1 globalLimit=16 neighborOK=0 nodeOK=1 -> NO
[HOP 5] CanSendToHop dest=1 outstanding=1 threshold=0 effectiveWindow=1 pendingData=1 globalLimit=16 neighborOK=0 nodeOK=1 -> NO
[HOP 5] CanSendToHop dest=1 outstanding=1 threshold=0 effectiveWindow=1 pendingData=1 globalLimit=16 neighborOK=0 nodeOK=1 -> NO
[HOP 5] CanSendToHop dest=1 outstanding=1 threshold=0 effectiveWindow=1 pendingData=1 globalLimit=16 neighborOK=0 nodeOK=1 -> NO
[HOP 5] CanSendToHop dest=1 outstanding=1 threshold=0 effectiveWindow=1 pendingData=1 globalLimit=16 neighborOK=0 nodeOK=1 -> NO
[HOP 5] CanSendToHop dest=1 outstanding=1 threshold=0 effectiveWindow=1 pendingData=1 globalLimit=16 neighborOK=0 nodeOK=1 -> NO
[HOP 5] CanSendToHop dest=1 outstanding=1 threshold=0 effectiveWindow=1 pendingData=1 globalLimit=16 neighborOK=0 nodeOK=1 -> NO
[HOP 5] CanSendToHop dest=1 outstanding=1 threshold=0 effectiveWindow=1 pendingData=1 globalLimit=16 neighborOK=0 nodeOK=1 -> NO
[HOP 5] CanSendToHop dest=1 outstanding=1 threshold=0 effectiveWindow=1 pendingData=1 globalLimit=16 neighborOK=0 nodeOK=1 -> NO
[HOP 5] CanSendToHop dest=1 outstanding=1 threshold=0 effectiveWindow=1 pendingData=1 globalLimit=16 neighborOK=0 nodeOK=1 -> NO
[HOP 5] CanSendToHop dest=1 outstanding=1 threshold=0 effectiveWindow=1 pendingData=1 globalLimit=16 neighborOK=0 nodeOK=1 -> NO
[HOP 5] CanSendToHop dest=1 outstanding=1 threshold=0 effectiveWindow=1 pendingData=1 globalLimit=16 neighborOK=0 nodeOK=1 -> NO
[HOP 5] CanSendToHop dest=1 outstanding=1 threshold=0 effectiveWindow=1 pendingData=1 globalLimit=16 neighborOK=0 nodeOK=1 -> NO
[HOP 5] CanSendToHop dest=1 outstanding=1 threshold=0 effectiveWindow=1 pendingData=1 globalLimit=16 neighborOK=0 nodeOK=1 -> NO
[HOP 5] CanSendToHop dest=1 outstanding=1 threshold=0 effectiveWindow=1 pendingData=1 globalLimit=16 neighborOK=0 nodeOK=1 -> NO
[MAC 1] PickTxSlot(dest=5) active_nodes_for_slotting=3 opnet_slot_range=31
[MAC 1] PickTxSlot(dest=5) avoid:
[MAC 1] PickTxSlot chose 1 using historical next_tslot modulo probe
[MAC 1] TX opportunity reached currentSlot=1 reserveNextSlot=1
... type=1 speedKey=128[t=0.893501] TX from node 1 to dest 5 seq 1 size 41 bytes segments 1 at slot 1 rate 128 kbps txPower 33 dBm (133333 bps) preamble SHORT duration 0.02208 s
[MAC 1] ACK transmitted in aggregate dest=5 seq=1 txCount=4/5
[MAC 1] OPNET aggregate transmitted segments=1 ackSegments=1 dataSegments=0 bytes=41 rate=128
[MAC 5] rtslot_counter expired for neighbor 1 reserveSlot=1
[MAC 1] resumes Pre-Tx with live slot=1 counter=1
[MAC 5] Learned neighbor 1 uses slot 1 (rtCounter=1)
[HOP 5] RX ACK from 1 seq=1
[NWK 5] CheckNwkQueue: size=15
[HOP 5] CanSendToHop dest=1 outstanding=1 threshold=0 effectiveWindow=1 pendingData=1 globalLimit=16 neighborOK=0 nodeOK=1 -> NO
[HOP 5] CanSendToHop dest=1 outstanding=1 threshold=0 effectiveWindow=1 pendingData=1 globalLimit=16 neighborOK=0 nodeOK=1 -> NO
[HOP 5] CanSendToHop dest=1 outstanding=1 threshold=0 effectiveWindow=1 pendingData=1 globalLimit=16 neighborOK=0 nodeOK=1 -> NO
[HOP 5] CanSendToHop dest=1 outstanding=1 threshold=0 effectiveWindow=1 pendingData=1 globalLimit=16 neighborOK=0 nodeOK=1 -> NO
[HOP 5] CanSendToHop dest=1 outstanding=1 threshold=0 effectiveWindow=1 pendingData=1 globalLimit=16 neighborOK=0 nodeOK=1 -> NO
[HOP 5] CanSendToHop dest=1 outstanding=1 threshold=0 effectiveWindow=1 pendingData=1 globalLimit=16 neighborOK=0 nodeOK=1 -> NO
[HOP 5] CanSendToHop dest=1 outstanding=1 threshold=0 effectiveWindow=1 pendingData=1 globalLimit=16 neighborOK=0 nodeOK=1 -> NO
[HOP 5] CanSendToHop dest=1 outstanding=1 threshold=0 effectiveWindow=1 pendingData=1 globalLimit=16 neighborOK=0 nodeOK=1 -> NO
[HOP 5] CanSendToHop dest=1 outstanding=1 threshold=0 effectiveWindow=1 pendingData=1 globalLimit=16 neighborOK=0 nodeOK=1 -> NO
[HOP 5] CanSendToHop dest=1 outstanding=1 threshold=0 effectiveWindow=1 pendingData=1 globalLimit=16 neighborOK=0 nodeOK=1 -> NO
[HOP 5] CanSendToHop dest=1 outstanding=1 threshold=0 effectiveWindow=1 pendingData=1 globalLimit=16 neighborOK=0 nodeOK=1 -> NO
[HOP 5] CanSendToHop dest=1 outstanding=1 threshold=0 effectiveWindow=1 pendingData=1 globalLimit=16 neighborOK=0 nodeOK=1 -> NO
[HOP 5] CanSendToHop dest=1 outstanding=1 threshold=0 effectiveWindow=1 pendingData=1 globalLimit=16 neighborOK=0 nodeOK=1 -> NO
[HOP 5] CanSendToHop dest=1 outstanding=1 threshold=0 effectiveWindow=1 pendingData=1 globalLimit=16 neighborOK=0 nodeOK=1 -> NO
[HOP 5] CanSendToHop dest=1 outstanding=1 threshold=0 effectiveWindow=1 pendingData=1 globalLimit=16 neighborOK=0 nodeOK=1 -> NO
[MAC 1] PickTxSlot(dest=5) active_nodes_for_slotting=3 opnet_slot_range=31
[MAC 1] PickTxSlot(dest=5) avoid:
[MAC 1] PickTxSlot chose 1 using historical next_tslot modulo probe
[MAC 1] TX opportunity reached currentSlot=1 reserveNextSlot=1
... type=1 speedKey=128[t=0.932501] TX from node 1 to dest 5 seq 1 size 41 bytes segments 1 at slot 1 rate 128 kbps txPower 33 dBm (133333 bps) preamble SHORT duration 0.02208 s
[MAC 1] ACK transmitted in aggregate dest=5 seq=1 txCount=5/5
[MAC 1] Remove ACK after OPNET resend limit dest=5 seq=1
[MAC 1] OPNET aggregate transmitted segments=1 ackSegments=1 dataSegments=0 bytes=41 rate=128
[MAC 5] rtslot_counter expired for neighbor 1 reserveSlot=1
[MAC 5] PickTxSlot(dest=1) active_nodes_for_slotting=3 opnet_slot_range=31
[MAC 5] PickTxSlot(dest=1) avoid:
[MAC 5] PickTxSlot chose 1 using historical next_tslot modulo probe
[MAC 5] TX opportunity reached currentSlot=9 reserveNextSlot=1
... type=0 speedKey=128[t=0.936] TX from node 5 to dest 1 seq 2 size 48 bytes segments 1 at slot 1 rate 128 kbps txPower 33 dBm (133333 bps) preamble SHORT duration 0.0225 s
[HOP 5] MAC sent confirmation dest=1 seq=2 transmission=1 sentAt=0.936
[MAC 5] OPNET aggregate transmitted segments=1 ackSegments=0 dataSegments=1 bytes=48 rate=128
[MAC 1] post-TX WAIT_FOR_ACK until 20.9546 (POST_TX_WAIT=20 s)
[MAC 5] Learned neighbor 1 uses slot 1 (rtCounter=1)
[HOP 5] RX ACK from 1 seq=1
[NWK 5] CheckNwkQueue: size=15
[HOP 5] CanSendToHop dest=1 outstanding=1 threshold=0 effectiveWindow=1 pendingData=1 globalLimit=16 neighborOK=0 nodeOK=1 -> NO
[HOP 5] CanSendToHop dest=1 outstanding=1 threshold=0 effectiveWindow=1 pendingData=1 globalLimit=16 neighborOK=0 nodeOK=1 -> NO
[HOP 5] CanSendToHop dest=1 outstanding=1 threshold=0 effectiveWindow=1 pendingData=1 globalLimit=16 neighborOK=0 nodeOK=1 -> NO
[HOP 5] CanSendToHop dest=1 outstanding=1 threshold=0 effectiveWindow=1 pendingData=1 globalLimit=16 neighborOK=0 nodeOK=1 -> NO
[HOP 5] CanSendToHop dest=1 outstanding=1 threshold=0 effectiveWindow=1 pendingData=1 globalLimit=16 neighborOK=0 nodeOK=1 -> NO
[HOP 5] CanSendToHop dest=1 outstanding=1 threshold=0 effectiveWindow=1 pendingData=1 globalLimit=16 neighborOK=0 nodeOK=1 -> NO
[HOP 5] CanSendToHop dest=1 outstanding=1 threshold=0 effectiveWindow=1 pendingData=1 globalLimit=16 neighborOK=0 nodeOK=1 -> NO
[HOP 5] CanSendToHop dest=1 outstanding=1 threshold=0 effectiveWindow=1 pendingData=1 globalLimit=16 neighborOK=0 nodeOK=1 -> NO
[HOP 5] CanSendToHop dest=1 outstanding=1 threshold=0 effectiveWindow=1 pendingData=1 globalLimit=16 neighborOK=0 nodeOK=1 -> NO
[HOP 5] CanSendToHop dest=1 outstanding=1 threshold=0 effectiveWindow=1 pendingData=1 globalLimit=16 neighborOK=0 nodeOK=1 -> NO
[HOP 5] CanSendToHop dest=1 outstanding=1 threshold=0 effectiveWindow=1 pendingData=1 globalLimit=16 neighborOK=0 nodeOK=1 -> NO
[HOP 5] CanSendToHop dest=1 outstanding=1 threshold=0 effectiveWindow=1 pendingData=1 globalLimit=16 neighborOK=0 nodeOK=1 -> NO
[HOP 5] CanSendToHop dest=1 outstanding=1 threshold=0 effectiveWindow=1 pendingData=1 globalLimit=16 neighborOK=0 nodeOK=1 -> NO
[HOP 5] CanSendToHop dest=1 outstanding=1 threshold=0 effectiveWindow=1 pendingData=1 globalLimit=16 neighborOK=0 nodeOK=1 -> NO
[HOP 5] CanSendToHop dest=1 outstanding=1 threshold=0 effectiveWindow=1 pendingData=1 globalLimit=16 neighborOK=0 nodeOK=1 -> NO
[MAC 5] post-TX WAIT_FOR_ACK until 20.9585 (POST_TX_WAIT=20 s)
[MAC 1] Learned neighbor 5 uses slot 1 (rtCounter=1)
[HOP 1] link_control dest=5 neighborKnown=1 s0=-109 pathloss=70 failures=0 speed=128 txPower=33 rxPower=-109 cost=116
[MAC 1] Enqueue ACK dest=5 seq=2 window=1 ack_queue_size=1
[NWK 1] Updated reverse path netSrc=5 reverseHop=5
[MAC 1] resumes Pre-Tx with live slot=1 counter=0
[MAC 1] rtslot_counter expired for neighbor 5 reserveSlot=1
[MAC 1] PickTxSlot(dest=5) active_nodes_for_slotting=3 opnet_slot_range=31
[MAC 1] PickTxSlot(dest=5) avoid:
[MAC 1] PickTxSlot chose 1 using historical next_tslot modulo probe
[MAC 1] TX opportunity reached currentSlot=1 reserveNextSlot=1
... type=1 speedKey=128[t=0.971501] TX from node 1 to dest 5 seq 2 size 41 bytes segments 1 at slot 1 rate 128 kbps txPower 33 dBm (133333 bps) preamble SHORT duration 0.02208 s
[MAC 1] ACK transmitted in aggregate dest=5 seq=2 txCount=1/5
[MAC 1] OPNET aggregate transmitted segments=1 ackSegments=1 dataSegments=0 bytes=41 rate=128
[MAC 5] rtslot_counter expired for neighbor 1 reserveSlot=1
[MAC 5] local advertised reservation expired
[MAC 1] resumes Pre-Tx with live slot=1 counter=1
[MAC 5] Learned neighbor 1 uses slot 1 (rtCounter=1)
[HOP 5] RX ACK from 1 seq=2
[HOP 5] Pending DATA decrement reason=ACK neighbor=1 pending=0
[NWK 5] NSDP(5->1) decremented to 15
[NWK 5] HOP completion released NSDP slot; awaiting HOP queue wake flow=5->1
[NWK 5] CheckNwkQueue: size=15
[HOP 5] CanSendToHop dest=1 outstanding=0 threshold=0 effectiveWindow=1 pendingData=0 globalLimit=16 neighborOK=1 nodeOK=1 -> YES
[HOP 5] link_control dest=1 neighborKnown=1 s0=-109 pathloss=70 failures=0 speed=128 txPower=33 rxPower=-109 cost=116
[HOP 5] Pending DATA increment dest=1 pending=1
[HOP 5] TX historical-bare DATA neighbor=1 hopSeq=3
[MAC] Enqueue TX pkt dscp=0 insert_pos=0 queue_size_before=0
[HOP 5] CanSendToHop dest=1 outstanding=1 threshold=0 effectiveWindow=1 pendingData=1 globalLimit=16 neighborOK=0 nodeOK=1 -> NO
[HOP 5] CanSendToHop dest=1 outstanding=1 threshold=0 effectiveWindow=1 pendingData=1 globalLimit=16 neighborOK=0 nodeOK=1 -> NO
[HOP 5] CanSendToHop dest=1 outstanding=1 threshold=0 effectiveWindow=1 pendingData=1 globalLimit=16 neighborOK=0 nodeOK=1 -> NO
[HOP 5] CanSendToHop dest=1 outstanding=1 threshold=0 effectiveWindow=1 pendingData=1 globalLimit=16 neighborOK=0 nodeOK=1 -> NO
[HOP 5] CanSendToHop dest=1 outstanding=1 threshold=0 effectiveWindow=1 pendingData=1 globalLimit=16 neighborOK=0 nodeOK=1 -> NO
[HOP 5] CanSendToHop dest=1 outstanding=1 threshold=0 effectiveWindow=1 pendingData=1 globalLimit=16 neighborOK=0 nodeOK=1 -> NO
[HOP 5] CanSendToHop dest=1 outstanding=1 threshold=0 effectiveWindow=1 pendingData=1 globalLimit=16 neighborOK=0 nodeOK=1 -> NO
[HOP 5] CanSendToHop dest=1 outstanding=1 threshold=0 effectiveWindow=1 pendingData=1 globalLimit=16 neighborOK=0 nodeOK=1 -> NO
[HOP 5] CanSendToHop dest=1 outstanding=1 threshold=0 effectiveWindow=1 pendingData=1 globalLimit=16 neighborOK=0 nodeOK=1 -> NO
[HOP 5] CanSendToHop dest=1 outstanding=1 threshold=0 effectiveWindow=1 pendingData=1 globalLimit=16 neighborOK=0 nodeOK=1 -> NO
[HOP 5] CanSendToHop dest=1 outstanding=1 threshold=0 effectiveWindow=1 pendingData=1 globalLimit=16 neighborOK=0 nodeOK=1 -> NO
[HOP 5] CanSendToHop dest=1 outstanding=1 threshold=0 effectiveWindow=1 pendingData=1 globalLimit=16 neighborOK=0 nodeOK=1 -> NO
[HOP 5] CanSendToHop dest=1 outstanding=1 threshold=0 effectiveWindow=1 pendingData=1 globalLimit=16 neighborOK=0 nodeOK=1 -> NO
[HOP 5] CanSendToHop dest=1 outstanding=1 threshold=0 effectiveWindow=1 pendingData=1 globalLimit=16 neighborOK=0 nodeOK=1 -> NO
[NWK 5] NSDP(5->1) incremented to 16
[NWK 5] CheckNwkQueue: size=15
[HOP 5] CanSendToHop dest=1 outstanding=1 threshold=0 effectiveWindow=1 pendingData=1 globalLimit=16 neighborOK=0 nodeOK=1 -> NO
[HOP 5] CanSendToHop dest=1 outstanding=1 threshold=0 effectiveWindow=1 pendingData=1 globalLimit=16 neighborOK=0 nodeOK=1 -> NO
[HOP 5] CanSendToHop dest=1 outstanding=1 threshold=0 effectiveWindow=1 pendingData=1 globalLimit=16 neighborOK=0 nodeOK=1 -> NO
[HOP 5] CanSendToHop dest=1 outstanding=1 threshold=0 effectiveWindow=1 pendingData=1 globalLimit=16 neighborOK=0 nodeOK=1 -> NO
[HOP 5] CanSendToHop dest=1 outstanding=1 threshold=0 effectiveWindow=1 pendingData=1 globalLimit=16 neighborOK=0 nodeOK=1 -> NO
[HOP 5] CanSendToHop dest=1 outstanding=1 threshold=0 effectiveWindow=1 pendingData=1 globalLimit=16 neighborOK=0 nodeOK=1 -> NO
[HOP 5] CanSendToHop dest=1 outstanding=1 threshold=0 effectiveWindow=1 pendingData=1 globalLimit=16 neighborOK=0 nodeOK=1 -> NO
[HOP 5] CanSendToHop dest=1 outstanding=1 threshold=0 effectiveWindow=1 pendingData=1 globalLimit=16 neighborOK=0 nodeOK=1 -> NO
[HOP 5] CanSendToHop dest=1 outstanding=1 threshold=0 effectiveWindow=1 pendingData=1 globalLimit=16 neighborOK=0 nodeOK=1 -> NO
[HOP 5] CanSendToHop dest=1 outstanding=1 threshold=0 effectiveWindow=1 pendingData=1 globalLimit=16 neighborOK=0 nodeOK=1 -> NO
[HOP 5] CanSendToHop dest=1 outstanding=1 threshold=0 effectiveWindow=1 pendingData=1 globalLimit=16 neighborOK=0 nodeOK=1 -> NO
[HOP 5] CanSendToHop dest=1 outstanding=1 threshold=0 effectiveWindow=1 pendingData=1 globalLimit=16 neighborOK=0 nodeOK=1 -> NO
[HOP 5] CanSendToHop dest=1 outstanding=1 threshold=0 effectiveWindow=1 pendingData=1 globalLimit=16 neighborOK=0 nodeOK=1 -> NO
[HOP 5] CanSendToHop dest=1 outstanding=1 threshold=0 effectiveWindow=1 pendingData=1 globalLimit=16 neighborOK=0 nodeOK=1 -> NO
[HOP 5] CanSendToHop dest=1 outstanding=1 threshold=0 effectiveWindow=1 pendingData=1 globalLimit=16 neighborOK=0 nodeOK=1 -> NO
[MAC 5] PickTxSlot(dest=1) active_nodes_for_slotting=3 opnet_slot_range=31
[MAC 5] avoiding neighbor 1 currentReservedSlot=0 rtslot_counter=0
[MAC 5] PickTxSlot(dest=1) avoid:
[MAC 5] PickTxSlot chose 9 using historical next_tslot modulo probe
[MAC 5] starts Pre-Tx with new slot=9 holdoff_over=1
[MAC 1] PickTxSlot(dest=5) active_nodes_for_slotting=3 opnet_slot_range=31
[MAC 1] PickTxSlot(dest=5) avoid:
[MAC 1] PickTxSlot chose 1 using historical next_tslot modulo probe
[MAC 1] TX opportunity reached currentSlot=1 reserveNextSlot=1
... type=1 speedKey=128[t=1.0105] TX from node 1 to dest 5 seq 2 size 41 bytes segments 1 at slot 1 rate 128 kbps txPower 33 dBm (133333 bps) preamble SHORT duration 0.02208 s
[MAC 1] ACK transmitted in aggregate dest=5 seq=2 txCount=2/5
[MAC 1] OPNET aggregate transmitted segments=1 ackSegments=1 dataSegments=0 bytes=41 rate=128
[MAC 5] rtslot_counter expired for neighbor 1 reserveSlot=1
[MAC 1] resumes Pre-Tx with live slot=1 counter=1
[MAC 5] Learned neighbor 1 uses slot 1 (rtCounter=1)
[HOP 5] RX ACK from 1 seq=2
[NWK 5] CheckNwkQueue: size=15
[HOP 5] CanSendToHop dest=1 outstanding=1 threshold=0 effectiveWindow=1 pendingData=1 globalLimit=16 neighborOK=0 nodeOK=1 -> NO
[HOP 5] CanSendToHop dest=1 outstanding=1 threshold=0 effectiveWindow=1 pendingData=1 globalLimit=16 neighborOK=0 nodeOK=1 -> NO
[HOP 5] CanSendToHop dest=1 outstanding=1 threshold=0 effectiveWindow=1 pendingData=1 globalLimit=16 neighborOK=0 nodeOK=1 -> NO
[HOP 5] CanSendToHop dest=1 outstanding=1 threshold=0 effectiveWindow=1 pendingData=1 globalLimit=16 neighborOK=0 nodeOK=1 -> NO
[HOP 5] CanSendToHop dest=1 outstanding=1 threshold=0 effectiveWindow=1 pendingData=1 globalLimit=16 neighborOK=0 nodeOK=1 -> NO
[HOP 5] CanSendToHop dest=1 outstanding=1 threshold=0 effectiveWindow=1 pendingData=1 globalLimit=16 neighborOK=0 nodeOK=1 -> NO
[HOP 5] CanSendToHop dest=1 outstanding=1 threshold=0 effectiveWindow=1 pendingData=1 globalLimit=16 neighborOK=0 nodeOK=1 -> NO
[HOP 5] CanSendToHop dest=1 outstanding=1 threshold=0 effectiveWindow=1 pendingData=1 globalLimit=16 neighborOK=0 nodeOK=1 -> NO
[HOP 5] CanSendToHop dest=1 outstanding=1 threshold=0 effectiveWindow=1 pendingData=1 globalLimit=16 neighborOK=0 nodeOK=1 -> NO
[HOP 5] CanSendToHop dest=1 outstanding=1 threshold=0 effectiveWindow=1 pendingData=1 globalLimit=16 neighborOK=0 nodeOK=1 -> NO
[HOP 5] CanSendToHop dest=1 outstanding=1 threshold=0 effectiveWindow=1 pendingData=1 globalLimit=16 neighborOK=0 nodeOK=1 -> NO
[HOP 5] CanSendToHop dest=1 outstanding=1 threshold=0 effectiveWindow=1 pendingData=1 globalLimit=16 neighborOK=0 nodeOK=1 -> NO
[HOP 5] CanSendToHop dest=1 outstanding=1 threshold=0 effectiveWindow=1 pendingData=1 globalLimit=16 neighborOK=0 nodeOK=1 -> NO
[HOP 5] CanSendToHop dest=1 outstanding=1 threshold=0 effectiveWindow=1 pendingData=1 globalLimit=16 neighborOK=0 nodeOK=1 -> NO
[HOP 5] CanSendToHop dest=1 outstanding=1 threshold=0 effectiveWindow=1 pendingData=1 globalLimit=16 neighborOK=0 nodeOK=1 -> NO
[MAC 1] PickTxSlot(dest=5) active_nodes_for_slotting=3 opnet_slot_range=31
[MAC 1] PickTxSlot(dest=5) avoid:
[MAC 1] PickTxSlot chose 1 using historical next_tslot modulo probe
[MAC 1] TX opportunity reached currentSlot=1 reserveNextSlot=1
... type=1 speedKey=128[t=1.0495] TX from node 1 to dest 5 seq 2 size 41 bytes segments 1 at slot 1 rate 128 kbps txPower 33 dBm (133333 bps) preamble SHORT duration 0.02208 s
[MAC 1] ACK transmitted in aggregate dest=5 seq=2 txCount=3/5
[MAC 1] OPNET aggregate transmitted segments=1 ackSegments=1 dataSegments=0 bytes=41 rate=128
[MAC 5] rtslot_counter expired for neighbor 1 reserveSlot=1
[MAC 1] resumes Pre-Tx with live slot=1 counter=1
[MAC 5] Learned neighbor 1 uses slot 1 (rtCounter=1)
[HOP 5] RX ACK from 1 seq=2
[NWK 5] CheckNwkQueue: size=15
[HOP 5] CanSendToHop dest=1 outstanding=1 threshold=0 effectiveWindow=1 pendingData=1 globalLimit=16 neighborOK=0 nodeOK=1 -> NO
[HOP 5] CanSendToHop dest=1 outstanding=1 threshold=0 effectiveWindow=1 pendingData=1 globalLimit=16 neighborOK=0 nodeOK=1 -> NO
[HOP 5] CanSendToHop dest=1 outstanding=1 threshold=0 effectiveWindow=1 pendingData=1 globalLimit=16 neighborOK=0 nodeOK=1 -> NO
[HOP 5] CanSendToHop dest=1 outstanding=1 threshold=0 effectiveWindow=1 pendingData=1 globalLimit=16 neighborOK=0 nodeOK=1 -> NO
[HOP 5] CanSendToHop dest=1 outstanding=1 threshold=0 effectiveWindow=1 pendingData=1 globalLimit=16 neighborOK=0 nodeOK=1 -> NO
[HOP 5] CanSendToHop dest=1 outstanding=1 threshold=0 effectiveWindow=1 pendingData=1 globalLimit=16 neighborOK=0 nodeOK=1 -> NO
[HOP 5] CanSendToHop dest=1 outstanding=1 threshold=0 effectiveWindow=1 pendingData=1 globalLimit=16 neighborOK=0 nodeOK=1 -> NO
[HOP 5] CanSendToHop dest=1 outstanding=1 threshold=0 effectiveWindow=1 pendingData=1 globalLimit=16 neighborOK=0 nodeOK=1 -> NO
[HOP 5] CanSendToHop dest=1 outstanding=1 threshold=0 effectiveWindow=1 pendingData=1 globalLimit=16 neighborOK=0 nodeOK=1 -> NO
[HOP 5] CanSendToHop dest=1 outstanding=1 threshold=0 effectiveWindow=1 pendingData=1 globalLimit=16 neighborOK=0 nodeOK=1 -> NO
[HOP 5] CanSendToHop dest=1 outstanding=1 threshold=0 effectiveWindow=1 pendingData=1 globalLimit=16 neighborOK=0 nodeOK=1 -> NO
[HOP 5] CanSendToHop dest=1 outstanding=1 threshold=0 effectiveWindow=1 pendingData=1 globalLimit=16 neighborOK=0 nodeOK=1 -> NO
[HOP 5] CanSendToHop dest=1 outstanding=1 threshold=0 effectiveWindow=1 pendingData=1 globalLimit=16 neighborOK=0 nodeOK=1 -> NO
[HOP 5] CanSendToHop dest=1 outstanding=1 threshold=0 effectiveWindow=1 pendingData=1 globalLimit=16 neighborOK=0 nodeOK=1 -> NO
[HOP 5] CanSendToHop dest=1 outstanding=1 threshold=0 effectiveWindow=1 pendingData=1 globalLimit=16 neighborOK=0 nodeOK=1 -> NO
[MAC 1] PickTxSlot(dest=5) active_nodes_for_slotting=3 opnet_slot_range=31
[MAC 1] PickTxSlot(dest=5) avoid:
[MAC 1] PickTxSlot chose 1 using historical next_tslot modulo probe
[MAC 1] TX opportunity reached currentSlot=1 reserveNextSlot=1
... type=1 speedKey=128[t=1.0885] TX from node 1 to dest 5 seq 2 size 41 bytes segments 1 at slot 1 rate 128 kbps txPower 33 dBm (133333 bps) preamble SHORT duration 0.02208 s
[MAC 1] ACK transmitted in aggregate dest=5 seq=2 txCount=4/5
[MAC 1] OPNET aggregate transmitted segments=1 ackSegments=1 dataSegments=0 bytes=41 rate=128
[MAC 5] rtslot_counter expired for neighbor 1 reserveSlot=1
[MAC 1] resumes Pre-Tx with live slot=1 counter=1
[MAC 5] Learned neighbor 1 uses slot 1 (rtCounter=1)
[HOP 5] RX ACK from 1 seq=2
[NWK 5] CheckNwkQueue: size=15
[HOP 5] CanSendToHop dest=1 outstanding=1 threshold=0 effectiveWindow=1 pendingData=1 globalLimit=16 neighborOK=0 nodeOK=1 -> NO
[HOP 5] CanSendToHop dest=1 outstanding=1 threshold=0 effectiveWindow=1 pendingData=1 globalLimit=16 neighborOK=0 nodeOK=1 -> NO
[HOP 5] CanSendToHop dest=1 outstanding=1 threshold=0 effectiveWindow=1 pendingData=1 globalLimit=16 neighborOK=0 nodeOK=1 -> NO
[HOP 5] CanSendToHop dest=1 outstanding=1 threshold=0 effectiveWindow=1 pendingData=1 globalLimit=16 neighborOK=0 nodeOK=1 -> NO
[HOP 5] CanSendToHop dest=1 outstanding=1 threshold=0 effectiveWindow=1 pendingData=1 globalLimit=16 neighborOK=0 nodeOK=1 -> NO
[HOP 5] CanSendToHop dest=1 outstanding=1 threshold=0 effectiveWindow=1 pendingData=1 globalLimit=16 neighborOK=0 nodeOK=1 -> NO
[HOP 5] CanSendToHop dest=1 outstanding=1 threshold=0 effectiveWindow=1 pendingData=1 globalLimit=16 neighborOK=0 nodeOK=1 -> NO
[HOP 5] CanSendToHop dest=1 outstanding=1 threshold=0 effectiveWindow=1 pendingData=1 globalLimit=16 neighborOK=0 nodeOK=1 -> NO
[HOP 5] CanSendToHop dest=1 outstanding=1 threshold=0 effectiveWindow=1 pendingData=1 globalLimit=16 neighborOK=0 nodeOK=1 -> NO
[HOP 5] CanSendToHop dest=1 outstanding=1 threshold=0 effectiveWindow=1 pendingData=1 globalLimit=16 neighborOK=0 nodeOK=1 -> NO
[HOP 5] CanSendToHop dest=1 outstanding=1 threshold=0 effectiveWindow=1 pendingData=1 globalLimit=16 neighborOK=0 nodeOK=1 -> NO
[HOP 5] CanSendToHop dest=1 outstanding=1 threshold=0 effectiveWindow=1 pendingData=1 globalLimit=16 neighborOK=0 nodeOK=1 -> NO
[HOP 5] CanSendToHop dest=1 outstanding=1 threshold=0 effectiveWindow=1 pendingData=1 globalLimit=16 neighborOK=0 nodeOK=1 -> NO
[HOP 5] CanSendToHop dest=1 outstanding=1 threshold=0 effectiveWindow=1 pendingData=1 globalLimit=16 neighborOK=0 nodeOK=1 -> NO
[HOP 5] CanSendToHop dest=1 outstanding=1 threshold=0 effectiveWindow=1 pendingData=1 globalLimit=16 neighborOK=0 nodeOK=1 -> NO
[MAC 1] PickTxSlot(dest=5) active_nodes_for_slotting=3 opnet_slot_range=31
[MAC 1] PickTxSlot(dest=5) avoid:
[MAC 1] PickTxSlot chose 1 using historical next_tslot modulo probe
[MAC 1] TX opportunity reached currentSlot=1 reserveNextSlot=1
... type=1 speedKey=128[t=1.1275] TX from node 1 to dest 5 seq 2 size 41 bytes segments 1 at slot 1 rate 128 kbps txPower 33 dBm (133333 bps) preamble SHORT duration 0.02208 s
[MAC 1] ACK transmitted in aggregate dest=5 seq=2 txCount=5/5
[MAC 1] Remove ACK after OPNET resend limit dest=5 seq=2
[MAC 1] OPNET aggregate transmitted segments=1 ackSegments=1 dataSegments=0 bytes=41 rate=128
[MAC 5] rtslot_counter expired for neighbor 1 reserveSlot=1
[MAC 5] PickTxSlot(dest=1) active_nodes_for_slotting=3 opnet_slot_range=31
[MAC 5] PickTxSlot(dest=1) avoid:
[MAC 5] PickTxSlot chose 1 using historical next_tslot modulo probe
[MAC 5] TX opportunity reached currentSlot=9 reserveNextSlot=1
... type=0 speedKey=128[t=1.131] TX from node 5 to dest 1 seq 3 size 48 bytes segments 1 at slot 1 rate 128 kbps txPower 33 dBm (133333 bps) preamble SHORT duration 0.0225 s
[HOP 5] MAC sent confirmation dest=1 seq=3 transmission=1 sentAt=1.131
[MAC 5] OPNET aggregate transmitted segments=1 ackSegments=0 dataSegments=1 bytes=48 rate=128
[MAC 1] post-TX WAIT_FOR_ACK until 21.1496 (POST_TX_WAIT=20 s)
[MAC 5] Learned neighbor 1 uses slot 1 (rtCounter=1)
[HOP 5] RX ACK from 1 seq=2
[NWK 5] CheckNwkQueue: size=15
[HOP 5] CanSendToHop dest=1 outstanding=1 threshold=0 effectiveWindow=1 pendingData=1 globalLimit=16 neighborOK=0 nodeOK=1 -> NO
[HOP 5] CanSendToHop dest=1 outstanding=1 threshold=0 effectiveWindow=1 pendingData=1 globalLimit=16 neighborOK=0 nodeOK=1 -> NO
[HOP 5] CanSendToHop dest=1 outstanding=1 threshold=0 effectiveWindow=1 pendingData=1 globalLimit=16 neighborOK=0 nodeOK=1 -> NO
[HOP 5] CanSendToHop dest=1 outstanding=1 threshold=0 effectiveWindow=1 pendingData=1 globalLimit=16 neighborOK=0 nodeOK=1 -> NO
[HOP 5] CanSendToHop dest=1 outstanding=1 threshold=0 effectiveWindow=1 pendingData=1 globalLimit=16 neighborOK=0 nodeOK=1 -> NO
[HOP 5] CanSendToHop dest=1 outstanding=1 threshold=0 effectiveWindow=1 pendingData=1 globalLimit=16 neighborOK=0 nodeOK=1 -> NO
[HOP 5] CanSendToHop dest=1 outstanding=1 threshold=0 effectiveWindow=1 pendingData=1 globalLimit=16 neighborOK=0 nodeOK=1 -> NO
[HOP 5] CanSendToHop dest=1 outstanding=1 threshold=0 effectiveWindow=1 pendingData=1 globalLimit=16 neighborOK=0 nodeOK=1 -> NO
[HOP 5] CanSendToHop dest=1 outstanding=1 threshold=0 effectiveWindow=1 pendingData=1 globalLimit=16 neighborOK=0 nodeOK=1 -> NO
[HOP 5] CanSendToHop dest=1 outstanding=1 threshold=0 effectiveWindow=1 pendingData=1 globalLimit=16 neighborOK=0 nodeOK=1 -> NO
[HOP 5] CanSendToHop dest=1 outstanding=1 threshold=0 effectiveWindow=1 pendingData=1 globalLimit=16 neighborOK=0 nodeOK=1 -> NO
[HOP 5] CanSendToHop dest=1 outstanding=1 threshold=0 effectiveWindow=1 pendingData=1 globalLimit=16 neighborOK=0 nodeOK=1 -> NO
[HOP 5] CanSendToHop dest=1 outstanding=1 threshold=0 effectiveWindow=1 pendingData=1 globalLimit=16 neighborOK=0 nodeOK=1 -> NO
[HOP 5] CanSendToHop dest=1 outstanding=1 threshold=0 effectiveWindow=1 pendingData=1 globalLimit=16 neighborOK=0 nodeOK=1 -> NO
[HOP 5] CanSendToHop dest=1 outstanding=1 threshold=0 effectiveWindow=1 pendingData=1 globalLimit=16 neighborOK=0 nodeOK=1 -> NO
[MAC 5] post-TX WAIT_FOR_ACK until 21.1535 (POST_TX_WAIT=20 s)
[MAC 1] Learned neighbor 5 uses slot 1 (rtCounter=1)
[HOP 1] link_control dest=5 neighborKnown=1 s0=-109 pathloss=70 failures=0 speed=128 txPower=33 rxPower=-109 cost=116
[MAC 1] Enqueue ACK dest=5 seq=3 window=1 ack_queue_size=1
[NWK 1] Updated reverse path netSrc=5 reverseHop=5
[MAC 1] resumes Pre-Tx with live slot=1 counter=0
[MAC 1] rtslot_counter expired for neighbor 5 reserveSlot=1
[MAC 1] PickTxSlot(dest=5) active_nodes_for_slotting=3 opnet_slot_range=31
[MAC 1] PickTxSlot(dest=5) avoid:
[MAC 1] PickTxSlot chose 1 using historical next_tslot modulo probe
[MAC 1] TX opportunity reached currentSlot=1 reserveNextSlot=1
... type=1 speedKey=128[t=1.1665] TX from node 1 to dest 5 seq 3 size 41 bytes segments 1 at slot 1 rate 128 kbps txPower 33 dBm (133333 bps) preamble SHORT duration 0.02208 s
[MAC 1] ACK transmitted in aggregate dest=5 seq=3 txCount=1/5
[MAC 1] OPNET aggregate transmitted segments=1 ackSegments=1 dataSegments=0 bytes=41 rate=128
[MAC 5] rtslot_counter expired for neighbor 1 reserveSlot=1
[MAC 5] local advertised reservation expired
[MAC 1] resumes Pre-Tx with live slot=1 counter=1
[MAC 5] Learned neighbor 1 uses slot 1 (rtCounter=1)
[HOP 5] RX ACK from 1 seq=3
[HOP 5] Pending DATA decrement reason=ACK neighbor=1 pending=0
[HOP 5] Adaptive flow threshold increased neighbor=1 old=0 new=1 effectiveWindow=2
[NWK 5] NSDP(5->1) decremented to 15
[NWK 5] HOP completion released NSDP slot; awaiting HOP queue wake flow=5->1
[NWK 5] CheckNwkQueue: size=15
[HOP 5] CanSendToHop dest=1 outstanding=0 threshold=1 effectiveWindow=2 pendingData=0 globalLimit=16 neighborOK=1 nodeOK=1 -> YES
[HOP 5] link_control dest=1 neighborKnown=1 s0=-109 pathloss=70 failures=0 speed=128 txPower=33 rxPower=-109 cost=116
[HOP 5] Pending DATA increment dest=1 pending=1
[HOP 5] TX historical-bare DATA neighbor=1 hopSeq=4
[MAC] Enqueue TX pkt dscp=0 insert_pos=0 queue_size_before=0
[HOP 5] CanSendToHop dest=1 outstanding=1 threshold=1 effectiveWindow=2 pendingData=1 globalLimit=16 neighborOK=1 nodeOK=1 -> YES
[HOP 5] link_control dest=1 neighborKnown=1 s0=-109 pathloss=70 failures=0 speed=128 txPower=33 rxPower=-109 cost=116
[HOP 5] Pending DATA increment dest=1 pending=2
[HOP 5] TX historical-bare DATA neighbor=1 hopSeq=5
[MAC] Enqueue TX pkt dscp=0 insert_pos=1 queue_size_before=1
[HOP 5] CanSendToHop dest=1 outstanding=2 threshold=1 effectiveWindow=2 pendingData=2 globalLimit=16 neighborOK=0 nodeOK=1 -> NO
[HOP 5] CanSendToHop dest=1 outstanding=2 threshold=1 effectiveWindow=2 pendingData=2 globalLimit=16 neighborOK=0 nodeOK=1 -> NO
[HOP 5] CanSendToHop dest=1 outstanding=2 threshold=1 effectiveWindow=2 pendingData=2 globalLimit=16 neighborOK=0 nodeOK=1 -> NO
[HOP 5] CanSendToHop dest=1 outstanding=2 threshold=1 effectiveWindow=2 pendingData=2 globalLimit=16 neighborOK=0 nodeOK=1 -> NO
[HOP 5] CanSendToHop dest=1 outstanding=2 threshold=1 effectiveWindow=2 pendingData=2 globalLimit=16 neighborOK=0 nodeOK=1 -> NO
[HOP 5] CanSendToHop dest=1 outstanding=2 threshold=1 effectiveWindow=2 pendingData=2 globalLimit=16 neighborOK=0 nodeOK=1 -> NO
[HOP 5] CanSendToHop dest=1 outstanding=2 threshold=1 effectiveWindow=2 pendingData=2 globalLimit=16 neighborOK=0 nodeOK=1 -> NO
[HOP 5] CanSendToHop dest=1 outstanding=2 threshold=1 effectiveWindow=2 pendingData=2 globalLimit=16 neighborOK=0 nodeOK=1 -> NO
[HOP 5] CanSendToHop dest=1 outstanding=2 threshold=1 effectiveWindow=2 pendingData=2 globalLimit=16 neighborOK=0 nodeOK=1 -> NO
[HOP 5] CanSendToHop dest=1 outstanding=2 threshold=1 effectiveWindow=2 pendingData=2 globalLimit=16 neighborOK=0 nodeOK=1 -> NO
[HOP 5] CanSendToHop dest=1 outstanding=2 threshold=1 effectiveWindow=2 pendingData=2 globalLimit=16 neighborOK=0 nodeOK=1 -> NO
[HOP 5] CanSendToHop dest=1 outstanding=2 threshold=1 effectiveWindow=2 pendingData=2 globalLimit=16 neighborOK=0 nodeOK=1 -> NO
[HOP 5] CanSendToHop dest=1 outstanding=2 threshold=1 effectiveWindow=2 pendingData=2 globalLimit=16 neighborOK=0 nodeOK=1 -> NO
[MAC 5] PickTxSlot(dest=1) active_nodes_for_slotting=3 opnet_slot_range=31
[MAC 5] avoiding neighbor 1 currentReservedSlot=0 rtslot_counter=0
[MAC 5] PickTxSlot(dest=1) avoid:
[MAC 5] PickTxSlot chose 9 using historical next_tslot modulo probe
[MAC 5] starts Pre-Tx with new slot=9 holdoff_over=1
[NWK 5] NSDP(5->1) incremented to 16
[NWK 5] CheckNwkQueue: size=14
[HOP 5] CanSendToHop dest=1 outstanding=2 threshold=1 effectiveWindow=2 pendingData=2 globalLimit=16 neighborOK=0 nodeOK=1 -> NO
[HOP 5] CanSendToHop dest=1 outstanding=2 threshold=1 effectiveWindow=2 pendingData=2 globalLimit=16 neighborOK=0 nodeOK=1 -> NO
[HOP 5] CanSendToHop dest=1 outstanding=2 threshold=1 effectiveWindow=2 pendingData=2 globalLimit=16 neighborOK=0 nodeOK=1 -> NO
[HOP 5] CanSendToHop dest=1 outstanding=2 threshold=1 effectiveWindow=2 pendingData=2 globalLimit=16 neighborOK=0 nodeOK=1 -> NO
[HOP 5] CanSendToHop dest=1 outstanding=2 threshold=1 effectiveWindow=2 pendingData=2 globalLimit=16 neighborOK=0 nodeOK=1 -> NO
[HOP 5] CanSendToHop dest=1 outstanding=2 threshold=1 effectiveWindow=2 pendingData=2 globalLimit=16 neighborOK=0 nodeOK=1 -> NO
[HOP 5] CanSendToHop dest=1 outstanding=2 threshold=1 effectiveWindow=2 pendingData=2 globalLimit=16 neighborOK=0 nodeOK=1 -> NO
[HOP 5] CanSendToHop dest=1 outstanding=2 threshold=1 effectiveWindow=2 pendingData=2 globalLimit=16 neighborOK=0 nodeOK=1 -> NO
[HOP 5] CanSendToHop dest=1 outstanding=2 threshold=1 effectiveWindow=2 pendingData=2 globalLimit=16 neighborOK=0 nodeOK=1 -> NO
[HOP 5] CanSendToHop dest=1 outstanding=2 threshold=1 effectiveWindow=2 pendingData=2 globalLimit=16 neighborOK=0 nodeOK=1 -> NO
[HOP 5] CanSendToHop dest=1 outstanding=2 threshold=1 effectiveWindow=2 pendingData=2 globalLimit=16 neighborOK=0 nodeOK=1 -> NO
[HOP 5] CanSendToHop dest=1 outstanding=2 threshold=1 effectiveWindow=2 pendingData=2 globalLimit=16 neighborOK=0 nodeOK=1 -> NO
[HOP 5] CanSendToHop dest=1 outstanding=2 threshold=1 effectiveWindow=2 pendingData=2 globalLimit=16 neighborOK=0 nodeOK=1 -> NO
[HOP 5] CanSendToHop dest=1 outstanding=2 threshold=1 effectiveWindow=2 pendingData=2 globalLimit=16 neighborOK=0 nodeOK=1 -> NO
[MAC 1] PickTxSlot(dest=5) active_nodes_for_slotting=3 opnet_slot_range=31
[MAC 1] PickTxSlot(dest=5) avoid:
[MAC 1] PickTxSlot chose 1 using historical next_tslot modulo probe
[MAC 1] TX opportunity reached currentSlot=1 reserveNextSlot=1
... type=1 speedKey=128[t=1.2055] TX from node 1 to dest 5 seq 3 size 41 bytes segments 1 at slot 1 rate 128 kbps txPower 33 dBm (133333 bps) preamble SHORT duration 0.02208 s
[MAC 1] ACK transmitted in aggregate dest=5 seq=3 txCount=2/5
[MAC 1] OPNET aggregate transmitted segments=1 ackSegments=1 dataSegments=0 bytes=41 rate=128
[MAC 5] rtslot_counter expired for neighbor 1 reserveSlot=1
[MAC 1] resumes Pre-Tx with live slot=1 counter=1
[MAC 5] Learned neighbor 1 uses slot 1 (rtCounter=1)
[HOP 5] RX ACK from 1 seq=3
[NWK 5] CheckNwkQueue: size=14
[HOP 5] CanSendToHop dest=1 outstanding=2 threshold=1 effectiveWindow=2 pendingData=2 globalLimit=16 neighborOK=0 nodeOK=1 -> NO
[HOP 5] CanSendToHop dest=1 outstanding=2 threshold=1 effectiveWindow=2 pendingData=2 globalLimit=16 neighborOK=0 nodeOK=1 -> NO
[HOP 5] CanSendToHop dest=1 outstanding=2 threshold=1 effectiveWindow=2 pendingData=2 globalLimit=16 neighborOK=0 nodeOK=1 -> NO
[HOP 5] CanSendToHop dest=1 outstanding=2 threshold=1 effectiveWindow=2 pendingData=2 globalLimit=16 neighborOK=0 nodeOK=1 -> NO
[HOP 5] CanSendToHop dest=1 outstanding=2 threshold=1 effectiveWindow=2 pendingData=2 globalLimit=16 neighborOK=0 nodeOK=1 -> NO
[HOP 5] CanSendToHop dest=1 outstanding=2 threshold=1 effectiveWindow=2 pendingData=2 globalLimit=16 neighborOK=0 nodeOK=1 -> NO
[HOP 5] CanSendToHop dest=1 outstanding=2 threshold=1 effectiveWindow=2 pendingData=2 globalLimit=16 neighborOK=0 nodeOK=1 -> NO
[HOP 5] CanSendToHop dest=1 outstanding=2 threshold=1 effectiveWindow=2 pendingData=2 globalLimit=16 neighborOK=0 nodeOK=1 -> NO
[HOP 5] CanSendToHop dest=1 outstanding=2 threshold=1 effectiveWindow=2 pendingData=2 globalLimit=16 neighborOK=0 nodeOK=1 -> NO
[HOP 5] CanSendToHop dest=1 outstanding=2 threshold=1 effectiveWindow=2 pendingData=2 globalLimit=16 neighborOK=0 nodeOK=1 -> NO
[HOP 5] CanSendToHop dest=1 outstanding=2 threshold=1 effectiveWindow=2 pendingData=2 globalLimit=16 neighborOK=0 nodeOK=1 -> NO
[HOP 5] CanSendToHop dest=1 outstanding=2 threshold=1 effectiveWindow=2 pendingData=2 globalLimit=16 neighborOK=0 nodeOK=1 -> NO
[HOP 5] CanSendToHop dest=1 outstanding=2 threshold=1 effectiveWindow=2 pendingData=2 globalLimit=16 neighborOK=0 nodeOK=1 -> NO
[HOP 5] CanSendToHop dest=1 outstanding=2 threshold=1 effectiveWindow=2 pendingData=2 globalLimit=16 neighborOK=0 nodeOK=1 -> NO
[MAC 1] PickTxSlot(dest=5) active_nodes_for_slotting=3 opnet_slot_range=31
[MAC 1] PickTxSlot(dest=5) avoid:
[MAC 1] PickTxSlot chose 1 using historical next_tslot modulo probe
[MAC 1] TX opportunity reached currentSlot=1 reserveNextSlot=1
... type=1 speedKey=128[t=1.2445] TX from node 1 to dest 5 seq 3 size 41 bytes segments 1 at slot 1 rate 128 kbps txPower 33 dBm (133333 bps) preamble SHORT duration 0.02208 s
[MAC 1] ACK transmitted in aggregate dest=5 seq=3 txCount=3/5
[MAC 1] OPNET aggregate transmitted segments=1 ackSegments=1 dataSegments=0 bytes=41 rate=128
[MAC 5] rtslot_counter expired for neighbor 1 reserveSlot=1
[MAC 1] resumes Pre-Tx with live slot=1 counter=1
[MAC 5] Learned neighbor 1 uses slot 1 (rtCounter=1)
[HOP 5] RX ACK from 1 seq=3
[NWK 5] CheckNwkQueue: size=14
[HOP 5] CanSendToHop dest=1 outstanding=2 threshold=1 effectiveWindow=2 pendingData=2 globalLimit=16 neighborOK=0 nodeOK=1 -> NO
[HOP 5] CanSendToHop dest=1 outstanding=2 threshold=1 effectiveWindow=2 pendingData=2 globalLimit=16 neighborOK=0 nodeOK=1 -> NO
[HOP 5] CanSendToHop dest=1 outstanding=2 threshold=1 effectiveWindow=2 pendingData=2 globalLimit=16 neighborOK=0 nodeOK=1 -> NO
[HOP 5] CanSendToHop dest=1 outstanding=2 threshold=1 effectiveWindow=2 pendingData=2 globalLimit=16 neighborOK=0 nodeOK=1 -> NO
[HOP 5] CanSendToHop dest=1 outstanding=2 threshold=1 effectiveWindow=2 pendingData=2 globalLimit=16 neighborOK=0 nodeOK=1 -> NO
[HOP 5] CanSendToHop dest=1 outstanding=2 threshold=1 effectiveWindow=2 pendingData=2 globalLimit=16 neighborOK=0 nodeOK=1 -> NO
[HOP 5] CanSendToHop dest=1 outstanding=2 threshold=1 effectiveWindow=2 pendingData=2 globalLimit=16 neighborOK=0 nodeOK=1 -> NO
[HOP 5] CanSendToHop dest=1 outstanding=2 threshold=1 effectiveWindow=2 pendingData=2 globalLimit=16 neighborOK=0 nodeOK=1 -> NO
[HOP 5] CanSendToHop dest=1 outstanding=2 threshold=1 effectiveWindow=2 pendingData=2 globalLimit=16 neighborOK=0 nodeOK=1 -> NO
[HOP 5] CanSendToHop dest=1 outstanding=2 threshold=1 effectiveWindow=2 pendingData=2 globalLimit=16 neighborOK=0 nodeOK=1 -> NO
[HOP 5] CanSendToHop dest=1 outstanding=2 threshold=1 effectiveWindow=2 pendingData=2 globalLimit=16 neighborOK=0 nodeOK=1 -> NO
[HOP 5] CanSendToHop dest=1 outstanding=2 threshold=1 effectiveWindow=2 pendingData=2 globalLimit=16 neighborOK=0 nodeOK=1 -> NO
[HOP 5] CanSendToHop dest=1 outstanding=2 threshold=1 effectiveWindow=2 pendingData=2 globalLimit=16 neighborOK=0 nodeOK=1 -> NO
[HOP 5] CanSendToHop dest=1 outstanding=2 threshold=1 effectiveWindow=2 pendingData=2 globalLimit=16 neighborOK=0 nodeOK=1 -> NO
[MAC 1] PickTxSlot(dest=5) active_nodes_for_slotting=3 opnet_slot_range=31
[MAC 1] PickTxSlot(dest=5) avoid:
[MAC 1] PickTxSlot chose 1 using historical next_tslot modulo probe
[MAC 1] TX opportunity reached currentSlot=1 reserveNextSlot=1
... type=1 speedKey=128[t=1.2835] TX from node 1 to dest 5 seq 3 size 41 bytes segments 1 at slot 1 rate 128 kbps txPower 33 dBm (133333 bps) preamble SHORT duration 0.02208 s
[MAC 1] ACK transmitted in aggregate dest=5 seq=3 txCount=4/5
[MAC 1] OPNET aggregate transmitted segments=1 ackSegments=1 dataSegments=0 bytes=41 rate=128
[MAC 5] rtslot_counter expired for neighbor 1 reserveSlot=1
[MAC 1] resumes Pre-Tx with live slot=1 counter=1
[MAC 5] Learned neighbor 1 uses slot 1 (rtCounter=1)
[HOP 5] RX ACK from 1 seq=3
[NWK 5] CheckNwkQueue: size=14
[HOP 5] CanSendToHop dest=1 outstanding=2 threshold=1 effectiveWindow=2 pendingData=2 globalLimit=16 neighborOK=0 nodeOK=1 -> NO
[HOP 5] CanSendToHop dest=1 outstanding=2 threshold=1 effectiveWindow=2 pendingData=2 globalLimit=16 neighborOK=0 nodeOK=1 -> NO
[HOP 5] CanSendToHop dest=1 outstanding=2 threshold=1 effectiveWindow=2 pendingData=2 globalLimit=16 neighborOK=0 nodeOK=1 -> NO
[HOP 5] CanSendToHop dest=1 outstanding=2 threshold=1 effectiveWindow=2 pendingData=2 globalLimit=16 neighborOK=0 nodeOK=1 -> NO
[HOP 5] CanSendToHop dest=1 outstanding=2 threshold=1 effectiveWindow=2 pendingData=2 globalLimit=16 neighborOK=0 nodeOK=1 -> NO
[HOP 5] CanSendToHop dest=1 outstanding=2 threshold=1 effectiveWindow=2 pendingData=2 globalLimit=16 neighborOK=0 nodeOK=1 -> NO
[HOP 5] CanSendToHop dest=1 outstanding=2 threshold=1 effectiveWindow=2 pendingData=2 globalLimit=16 neighborOK=0 nodeOK=1 -> NO
[HOP 5] CanSendToHop dest=1 outstanding=2 threshold=1 effectiveWindow=2 pendingData=2 globalLimit=16 neighborOK=0 nodeOK=1 -> NO
[HOP 5] CanSendToHop dest=1 outstanding=2 threshold=1 effectiveWindow=2 pendingData=2 globalLimit=16 neighborOK=0 nodeOK=1 -> NO
[HOP 5] CanSendToHop dest=1 outstanding=2 threshold=1 effectiveWindow=2 pendingData=2 globalLimit=16 neighborOK=0 nodeOK=1 -> NO
[HOP 5] CanSendToHop dest=1 outstanding=2 threshold=1 effectiveWindow=2 pendingData=2 globalLimit=16 neighborOK=0 nodeOK=1 -> NO
[HOP 5] CanSendToHop dest=1 outstanding=2 threshold=1 effectiveWindow=2 pendingData=2 globalLimit=16 neighborOK=0 nodeOK=1 -> NO
[HOP 5] CanSendToHop dest=1 outstanding=2 threshold=1 effectiveWindow=2 pendingData=2 globalLimit=16 neighborOK=0 nodeOK=1 -> NO
[HOP 5] CanSendToHop dest=1 outstanding=2 threshold=1 effectiveWindow=2 pendingData=2 globalLimit=16 neighborOK=0 nodeOK=1 -> NO
[MAC 1] PickTxSlot(dest=5) active_nodes_for_slotting=3 opnet_slot_range=31
[MAC 1] PickTxSlot(dest=5) avoid:
[MAC 1] PickTxSlot chose 1 using historical next_tslot modulo probe
[MAC 1] TX opportunity reached currentSlot=1 reserveNextSlot=1
... type=1 speedKey=128[t=1.3225] TX from node 1 to dest 5 seq 3 size 41 bytes segments 1 at slot 1 rate 128 kbps txPower 33 dBm (133333 bps) preamble SHORT duration 0.02208 s
[MAC 1] ACK transmitted in aggregate dest=5 seq=3 txCount=5/5
[MAC 1] Remove ACK after OPNET resend limit dest=5 seq=3
[MAC 1] OPNET aggregate transmitted segments=1 ackSegments=1 dataSegments=0 bytes=41 rate=128
[MAC 5] rtslot_counter expired for neighbor 1 reserveSlot=1
[MAC 5] PickTxSlot(dest=1) active_nodes_for_slotting=3 opnet_slot_range=31
[MAC 5] PickTxSlot(dest=1) avoid:
[MAC 5] PickTxSlot chose 1 using historical next_tslot modulo probe
[MAC 5] TX opportunity reached currentSlot=9 reserveNextSlot=1
... type=0 speedKey=128[t=1.326] TX from node 5 to dest 1 seq 4 size 96 bytes segments 2 at slot 1 rate 128 kbps txPower 33 dBm (133333 bps) preamble SHORT duration 0.02538 s
[HOP 5] MAC sent confirmation dest=1 seq=4 transmission=1 sentAt=1.326
[HOP 5] MAC sent confirmation dest=1 seq=5 transmission=1 sentAt=1.326
[MAC 5] OPNET aggregate transmitted segments=2 ackSegments=0 dataSegments=2 bytes=96 rate=128
[MAC 1] post-TX WAIT_FOR_ACK until 21.3446 (POST_TX_WAIT=20 s)
[MAC 5] Learned neighbor 1 uses slot 1 (rtCounter=1)
[HOP 5] RX ACK from 1 seq=3
[NWK 5] CheckNwkQueue: size=14
[HOP 5] CanSendToHop dest=1 outstanding=2 threshold=1 effectiveWindow=2 pendingData=2 globalLimit=16 neighborOK=0 nodeOK=1 -> NO
[HOP 5] CanSendToHop dest=1 outstanding=2 threshold=1 effectiveWindow=2 pendingData=2 globalLimit=16 neighborOK=0 nodeOK=1 -> NO
[HOP 5] CanSendToHop dest=1 outstanding=2 threshold=1 effectiveWindow=2 pendingData=2 globalLimit=16 neighborOK=0 nodeOK=1 -> NO
[HOP 5] CanSendToHop dest=1 outstanding=2 threshold=1 effectiveWindow=2 pendingData=2 globalLimit=16 neighborOK=0 nodeOK=1 -> NO
[HOP 5] CanSendToHop dest=1 outstanding=2 threshold=1 effectiveWindow=2 pendingData=2 globalLimit=16 neighborOK=0 nodeOK=1 -> NO
[HOP 5] CanSendToHop dest=1 outstanding=2 threshold=1 effectiveWindow=2 pendingData=2 globalLimit=16 neighborOK=0 nodeOK=1 -> NO
[HOP 5] CanSendToHop dest=1 outstanding=2 threshold=1 effectiveWindow=2 pendingData=2 globalLimit=16 neighborOK=0 nodeOK=1 -> NO
[HOP 5] CanSendToHop dest=1 outstanding=2 threshold=1 effectiveWindow=2 pendingData=2 globalLimit=16 neighborOK=0 nodeOK=1 -> NO
[HOP 5] CanSendToHop dest=1 outstanding=2 threshold=1 effectiveWindow=2 pendingData=2 globalLimit=16 neighborOK=0 nodeOK=1 -> NO
[HOP 5] CanSendToHop dest=1 outstanding=2 threshold=1 effectiveWindow=2 pendingData=2 globalLimit=16 neighborOK=0 nodeOK=1 -> NO
[HOP 5] CanSendToHop dest=1 outstanding=2 threshold=1 effectiveWindow=2 pendingData=2 globalLimit=16 neighborOK=0 nodeOK=1 -> NO
[HOP 5] CanSendToHop dest=1 outstanding=2 threshold=1 effectiveWindow=2 pendingData=2 globalLimit=16 neighborOK=0 nodeOK=1 -> NO
[HOP 5] CanSendToHop dest=1 outstanding=2 threshold=1 effectiveWindow=2 pendingData=2 globalLimit=16 neighborOK=0 nodeOK=1 -> NO
[HOP 5] CanSendToHop dest=1 outstanding=2 threshold=1 effectiveWindow=2 pendingData=2 globalLimit=16 neighborOK=0 nodeOK=1 -> NO
[MAC 5] post-TX WAIT_FOR_ACK until 21.3514 (POST_TX_WAIT=20 s)
[MAC 1] Learned neighbor 5 uses slot 1 (rtCounter=1)
[HOP 1] link_control dest=5 neighborKnown=1 s0=-109 pathloss=70 failures=0 speed=128 txPower=33 rxPower=-109 cost=116
[MAC 1] Enqueue ACK dest=5 seq=4 window=1 ack_queue_size=1
[NWK 1] Updated reverse path netSrc=5 reverseHop=5
[HOP 1] link_control dest=5 neighborKnown=1 s0=-109 pathloss=70 failures=0 speed=128 txPower=33 rxPower=-109 cost=116
[MAC 1] Update cumulative ACK queue entry dest=5 baseSeq=5 txCount=0
[NWK 1] Updated reverse path netSrc=5 reverseHop=5
[MAC 1] local advertised reservation expired
[MAC 1] PickTxSlot(dest=5) active_nodes_for_slotting=3 opnet_slot_range=31
[MAC 1] avoiding neighbor 5 currentReservedSlot=0 rtslot_counter=0
[MAC 1] PickTxSlot(dest=5) avoid:
[MAC 1] PickTxSlot chose 1 using historical next_tslot modulo probe
[MAC 1] starts Pre-Tx with new slot=1 holdoff_over=1
[MAC 5] rtslot_counter expired for neighbor 1 reserveSlot=1
[MAC 5] local advertised reservation expired
[MAC 1] rtslot_counter expired for neighbor 5 reserveSlot=1
[MAC 1] PickTxSlot(dest=5) active_nodes_for_slotting=3 opnet_slot_range=31
[MAC 1] PickTxSlot(dest=5) avoid:
[MAC 1] PickTxSlot chose 1 using historical next_tslot modulo probe
[MAC 1] TX opportunity reached currentSlot=1 reserveNextSlot=1
... type=1 speedKey=128[t=1.3875] TX from node 1 to dest 5 seq 5 size 41 bytes segments 1 at slot 1 rate 128 kbps txPower 33 dBm (133333 bps) preamble SHORT duration 0.02208 s
[MAC 1] ACK transmitted in aggregate dest=5 seq=5 txCount=1/5
[MAC 1] OPNET aggregate transmitted segments=1 ackSegments=1 dataSegments=0 bytes=41 rate=128
[MAC 1] resumes Pre-Tx with live slot=1 counter=1
[MAC 5] Learned neighbor 1 uses slot 1 (rtCounter=1)
[HOP 5] RX ACK from 1 seq=5
[HOP 5] Pending DATA decrement reason=ACK neighbor=1 pending=1
[NWK 5] NSDP(5->1) decremented to 15
[NWK 5] HOP completion released NSDP slot; awaiting HOP queue wake flow=5->1
[HOP 5] Pending DATA decrement reason=ACK neighbor=1 pending=0
[NWK 5] NSDP(5->1) decremented to 14
[NWK 5] HOP completion released NSDP slot; awaiting HOP queue wake flow=5->1
[NWK 5] CheckNwkQueue: size=14
[HOP 5] CanSendToHop dest=1 outstanding=0 threshold=1 effectiveWindow=2 pendingData=0 globalLimit=16 neighborOK=1 nodeOK=1 -> YES
[HOP 5] link_control dest=1 neighborKnown=1 s0=-109 pathloss=70 failures=0 speed=128 txPower=33 rxPower=-109 cost=116
[HOP 5] Pending DATA increment dest=1 pending=1
[HOP 5] TX historical-bare DATA neighbor=1 hopSeq=6
[MAC] Enqueue TX pkt dscp=0 insert_pos=0 queue_size_before=0
[HOP 5] CanSendToHop dest=1 outstanding=1 threshold=1 effectiveWindow=2 pendingData=1 globalLimit=16 neighborOK=1 nodeOK=1 -> YES
[HOP 5] link_control dest=1 neighborKnown=1 s0=-109 pathloss=70 failures=0 speed=128 txPower=33 rxPower=-109 cost=116
[HOP 5] Pending DATA increment dest=1 pending=2
[HOP 5] TX historical-bare DATA neighbor=1 hopSeq=7
[MAC] Enqueue TX pkt dscp=0 insert_pos=1 queue_size_before=1
[HOP 5] CanSendToHop dest=1 outstanding=2 threshold=1 effectiveWindow=2 pendingData=2 globalLimit=16 neighborOK=0 nodeOK=1 -> NO
[HOP 5] CanSendToHop dest=1 outstanding=2 threshold=1 effectiveWindow=2 pendingData=2 globalLimit=16 neighborOK=0 nodeOK=1 -> NO
[HOP 5] CanSendToHop dest=1 outstanding=2 threshold=1 effectiveWindow=2 pendingData=2 globalLimit=16 neighborOK=0 nodeOK=1 -> NO
[HOP 5] CanSendToHop dest=1 outstanding=2 threshold=1 effectiveWindow=2 pendingData=2 globalLimit=16 neighborOK=0 nodeOK=1 -> NO
[HOP 5] CanSendToHop dest=1 outstanding=2 threshold=1 effectiveWindow=2 pendingData=2 globalLimit=16 neighborOK=0 nodeOK=1 -> NO
[HOP 5] CanSendToHop dest=1 outstanding=2 threshold=1 effectiveWindow=2 pendingData=2 globalLimit=16 neighborOK=0 nodeOK=1 -> NO
[HOP 5] CanSendToHop dest=1 outstanding=2 threshold=1 effectiveWindow=2 pendingData=2 globalLimit=16 neighborOK=0 nodeOK=1 -> NO
[HOP 5] CanSendToHop dest=1 outstanding=2 threshold=1 effectiveWindow=2 pendingData=2 globalLimit=16 neighborOK=0 nodeOK=1 -> NO
[HOP 5] CanSendToHop dest=1 outstanding=2 threshold=1 effectiveWindow=2 pendingData=2 globalLimit=16 neighborOK=0 nodeOK=1 -> NO
[HOP 5] CanSendToHop dest=1 outstanding=2 threshold=1 effectiveWindow=2 pendingData=2 globalLimit=16 neighborOK=0 nodeOK=1 -> NO
[HOP 5] CanSendToHop dest=1 outstanding=2 threshold=1 effectiveWindow=2 pendingData=2 globalLimit=16 neighborOK=0 nodeOK=1 -> NO
[HOP 5] CanSendToHop dest=1 outstanding=2 threshold=1 effectiveWindow=2 pendingData=2 globalLimit=16 neighborOK=0 nodeOK=1 -> NO
[MAC 5] PickTxSlot(dest=1) active_nodes_for_slotting=3 opnet_slot_range=31
[MAC 5] avoiding neighbor 1 currentReservedSlot=0 rtslot_counter=0
[MAC 5] PickTxSlot(dest=1) avoid:
[MAC 5] PickTxSlot chose 9 using historical next_tslot modulo probe
[MAC 5] starts Pre-Tx with new slot=9 holdoff_over=1
[NWK 5] NSDP(5->1) incremented to 15
[NWK 5] CheckNwkQueue: size=13
[HOP 5] CanSendToHop dest=1 outstanding=2 threshold=1 effectiveWindow=2 pendingData=2 globalLimit=16 neighborOK=0 nodeOK=1 -> NO
[HOP 5] CanSendToHop dest=1 outstanding=2 threshold=1 effectiveWindow=2 pendingData=2 globalLimit=16 neighborOK=0 nodeOK=1 -> NO
[HOP 5] CanSendToHop dest=1 outstanding=2 threshold=1 effectiveWindow=2 pendingData=2 globalLimit=16 neighborOK=0 nodeOK=1 -> NO
[HOP 5] CanSendToHop dest=1 outstanding=2 threshold=1 effectiveWindow=2 pendingData=2 globalLimit=16 neighborOK=0 nodeOK=1 -> NO
[HOP 5] CanSendToHop dest=1 outstanding=2 threshold=1 effectiveWindow=2 pendingData=2 globalLimit=16 neighborOK=0 nodeOK=1 -> NO
[HOP 5] CanSendToHop dest=1 outstanding=2 threshold=1 effectiveWindow=2 pendingData=2 globalLimit=16 neighborOK=0 nodeOK=1 -> NO
[HOP 5] CanSendToHop dest=1 outstanding=2 threshold=1 effectiveWindow=2 pendingData=2 globalLimit=16 neighborOK=0 nodeOK=1 -> NO
[HOP 5] CanSendToHop dest=1 outstanding=2 threshold=1 effectiveWindow=2 pendingData=2 globalLimit=16 neighborOK=0 nodeOK=1 -> NO
[HOP 5] CanSendToHop dest=1 outstanding=2 threshold=1 effectiveWindow=2 pendingData=2 globalLimit=16 neighborOK=0 nodeOK=1 -> NO
[HOP 5] CanSendToHop dest=1 outstanding=2 threshold=1 effectiveWindow=2 pendingData=2 globalLimit=16 neighborOK=0 nodeOK=1 -> NO
[HOP 5] CanSendToHop dest=1 outstanding=2 threshold=1 effectiveWindow=2 pendingData=2 globalLimit=16 neighborOK=0 nodeOK=1 -> NO
[HOP 5] CanSendToHop dest=1 outstanding=2 threshold=1 effectiveWindow=2 pendingData=2 globalLimit=16 neighborOK=0 nodeOK=1 -> NO
[HOP 5] CanSendToHop dest=1 outstanding=2 threshold=1 effectiveWindow=2 pendingData=2 globalLimit=16 neighborOK=0 nodeOK=1 -> NO
[MAC 1] PickTxSlot(dest=5) active_nodes_for_slotting=3 opnet_slot_range=31
[MAC 1] PickTxSlot(dest=5) avoid:
[MAC 1] PickTxSlot chose 1 using historical next_tslot modulo probe
[MAC 1] TX opportunity reached currentSlot=1 reserveNextSlot=1
... type=1 speedKey=128[t=1.4265] TX from node 1 to dest 5 seq 5 size 41 bytes segments 1 at slot 1 rate 128 kbps txPower 33 dBm (133333 bps) preamble SHORT duration 0.02208 s
[MAC 1] ACK transmitted in aggregate dest=5 seq=5 txCount=2/5
[MAC 1] OPNET aggregate transmitted segments=1 ackSegments=1 dataSegments=0 bytes=41 rate=128
[MAC 5] rtslot_counter expired for neighbor 1 reserveSlot=1
[MAC 1] resumes Pre-Tx with live slot=1 counter=1
[MAC 5] Learned neighbor 1 uses slot 1 (rtCounter=1)
[HOP 5] RX ACK from 1 seq=5
[NWK 5] CheckNwkQueue: size=13
[HOP 5] CanSendToHop dest=1 outstanding=2 threshold=1 effectiveWindow=2 pendingData=2 globalLimit=16 neighborOK=0 nodeOK=1 -> NO
[HOP 5] CanSendToHop dest=1 outstanding=2 threshold=1 effectiveWindow=2 pendingData=2 globalLimit=16 neighborOK=0 nodeOK=1 -> NO
[HOP 5] CanSendToHop dest=1 outstanding=2 threshold=1 effectiveWindow=2 pendingData=2 globalLimit=16 neighborOK=0 nodeOK=1 -> NO
[HOP 5] CanSendToHop dest=1 outstanding=2 threshold=1 effectiveWindow=2 pendingData=2 globalLimit=16 neighborOK=0 nodeOK=1 -> NO
[HOP 5] CanSendToHop dest=1 outstanding=2 threshold=1 effectiveWindow=2 pendingData=2 globalLimit=16 neighborOK=0 nodeOK=1 -> NO
[HOP 5] CanSendToHop dest=1 outstanding=2 threshold=1 effectiveWindow=2 pendingData=2 globalLimit=16 neighborOK=0 nodeOK=1 -> NO
[HOP 5] CanSendToHop dest=1 outstanding=2 threshold=1 effectiveWindow=2 pendingData=2 globalLimit=16 neighborOK=0 nodeOK=1 -> NO
[HOP 5] CanSendToHop dest=1 outstanding=2 threshold=1 effectiveWindow=2 pendingData=2 globalLimit=16 neighborOK=0 nodeOK=1 -> NO
[HOP 5] CanSendToHop dest=1 outstanding=2 threshold=1 effectiveWindow=2 pendingData=2 globalLimit=16 neighborOK=0 nodeOK=1 -> NO
[HOP 5] CanSendToHop dest=1 outstanding=2 threshold=1 effectiveWindow=2 pendingData=2 globalLimit=16 neighborOK=0 nodeOK=1 -> NO
[HOP 5] CanSendToHop dest=1 outstanding=2 threshold=1 effectiveWindow=2 pendingData=2 globalLimit=16 neighborOK=0 nodeOK=1 -> NO
[HOP 5] CanSendToHop dest=1 outstanding=2 threshold=1 effectiveWindow=2 pendingData=2 globalLimit=16 neighborOK=0 nodeOK=1 -> NO
[HOP 5] CanSendToHop dest=1 outstanding=2 threshold=1 effectiveWindow=2 pendingData=2 globalLimit=16 neighborOK=0 nodeOK=1 -> NO
[MAC 1] PickTxSlot(dest=5) active_nodes_for_slotting=3 opnet_slot_range=31
[MAC 1] PickTxSlot(dest=5) avoid:
[MAC 1] PickTxSlot chose 1 using historical next_tslot modulo probe
[MAC 1] TX opportunity reached currentSlot=1 reserveNextSlot=1
... type=1 speedKey=128[t=1.4655] TX from node 1 to dest 5 seq 5 size 41 bytes segments 1 at slot 1 rate 128 kbps txPower 33 dBm (133333 bps) preamble SHORT duration 0.02208 s
[MAC 1] ACK transmitted in aggregate dest=5 seq=5 txCount=3/5
[MAC 1] OPNET aggregate transmitted segments=1 ackSegments=1 dataSegments=0 bytes=41 rate=128
[MAC 5] rtslot_counter expired for neighbor 1 reserveSlot=1
[MAC 1] resumes Pre-Tx with live slot=1 counter=1
[MAC 5] Learned neighbor 1 uses slot 1 (rtCounter=1)
[HOP 5] RX ACK from 1 seq=5
[NWK 5] CheckNwkQueue: size=13
[HOP 5] CanSendToHop dest=1 outstanding=2 threshold=1 effectiveWindow=2 pendingData=2 globalLimit=16 neighborOK=0 nodeOK=1 -> NO
[HOP 5] CanSendToHop dest=1 outstanding=2 threshold=1 effectiveWindow=2 pendingData=2 globalLimit=16 neighborOK=0 nodeOK=1 -> NO
[HOP 5] CanSendToHop dest=1 outstanding=2 threshold=1 effectiveWindow=2 pendingData=2 globalLimit=16 neighborOK=0 nodeOK=1 -> NO
[HOP 5] CanSendToHop dest=1 outstanding=2 threshold=1 effectiveWindow=2 pendingData=2 globalLimit=16 neighborOK=0 nodeOK=1 -> NO
[HOP 5] CanSendToHop dest=1 outstanding=2 threshold=1 effectiveWindow=2 pendingData=2 globalLimit=16 neighborOK=0 nodeOK=1 -> NO
[HOP 5] CanSendToHop dest=1 outstanding=2 threshold=1 effectiveWindow=2 pendingData=2 globalLimit=16 neighborOK=0 nodeOK=1 -> NO
[HOP 5] CanSendToHop dest=1 outstanding=2 threshold=1 effectiveWindow=2 pendingData=2 globalLimit=16 neighborOK=0 nodeOK=1 -> NO
[HOP 5] CanSendToHop dest=1 outstanding=2 threshold=1 effectiveWindow=2 pendingData=2 globalLimit=16 neighborOK=0 nodeOK=1 -> NO
[HOP 5] CanSendToHop dest=1 outstanding=2 threshold=1 effectiveWindow=2 pendingData=2 globalLimit=16 neighborOK=0 nodeOK=1 -> NO
[HOP 5] CanSendToHop dest=1 outstanding=2 threshold=1 effectiveWindow=2 pendingData=2 globalLimit=16 neighborOK=0 nodeOK=1 -> NO
[HOP 5] CanSendToHop dest=1 outstanding=2 threshold=1 effectiveWindow=2 pendingData=2 globalLimit=16 neighborOK=0 nodeOK=1 -> NO
[HOP 5] CanSendToHop dest=1 outstanding=2 threshold=1 effectiveWindow=2 pendingData=2 globalLimit=16 neighborOK=0 nodeOK=1 -> NO
[HOP 5] CanSendToHop dest=1 outstanding=2 threshold=1 effectiveWindow=2 pendingData=2 globalLimit=16 neighborOK=0 nodeOK=1 -> NO
[MAC 1] PickTxSlot(dest=5) active_nodes_for_slotting=3 opnet_slot_range=31
[MAC 1] PickTxSlot(dest=5) avoid:
[MAC 1] PickTxSlot chose 1 using historical next_tslot modulo probe
[MAC 1] TX opportunity reached currentSlot=1 reserveNextSlot=1
... type=1 speedKey=128[t=1.5045] TX from node 1 to dest 5 seq 5 size 41 bytes segments 1 at slot 1 rate 128 kbps txPower 33 dBm (133333 bps) preamble SHORT duration 0.02208 s
[MAC 1] ACK transmitted in aggregate dest=5 seq=5 txCount=4/5
[MAC 1] OPNET aggregate transmitted segments=1 ackSegments=1 dataSegments=0 bytes=41 rate=128
[MAC 5] rtslot_counter expired for neighbor 1 reserveSlot=1
[MAC 1] resumes Pre-Tx with live slot=1 counter=1
[MAC 5] Learned neighbor 1 uses slot 1 (rtCounter=1)
[HOP 5] RX ACK from 1 seq=5
[NWK 5] CheckNwkQueue: size=13
[HOP 5] CanSendToHop dest=1 outstanding=2 threshold=1 effectiveWindow=2 pendingData=2 globalLimit=16 neighborOK=0 nodeOK=1 -> NO
[HOP 5] CanSendToHop dest=1 outstanding=2 threshold=1 effectiveWindow=2 pendingData=2 globalLimit=16 neighborOK=0 nodeOK=1 -> NO
[HOP 5] CanSendToHop dest=1 outstanding=2 threshold=1 effectiveWindow=2 pendingData=2 globalLimit=16 neighborOK=0 nodeOK=1 -> NO
[HOP 5] CanSendToHop dest=1 outstanding=2 threshold=1 effectiveWindow=2 pendingData=2 globalLimit=16 neighborOK=0 nodeOK=1 -> NO
[HOP 5] CanSendToHop dest=1 outstanding=2 threshold=1 effectiveWindow=2 pendingData=2 globalLimit=16 neighborOK=0 nodeOK=1 -> NO
[HOP 5] CanSendToHop dest=1 outstanding=2 threshold=1 effectiveWindow=2 pendingData=2 globalLimit=16 neighborOK=0 nodeOK=1 -> NO
[HOP 5] CanSendToHop dest=1 outstanding=2 threshold=1 effectiveWindow=2 pendingData=2 globalLimit=16 neighborOK=0 nodeOK=1 -> NO
[HOP 5] CanSendToHop dest=1 outstanding=2 threshold=1 effectiveWindow=2 pendingData=2 globalLimit=16 neighborOK=0 nodeOK=1 -> NO
[HOP 5] CanSendToHop dest=1 outstanding=2 threshold=1 effectiveWindow=2 pendingData=2 globalLimit=16 neighborOK=0 nodeOK=1 -> NO
[HOP 5] CanSendToHop dest=1 outstanding=2 threshold=1 effectiveWindow=2 pendingData=2 globalLimit=16 neighborOK=0 nodeOK=1 -> NO
[HOP 5] CanSendToHop dest=1 outstanding=2 threshold=1 effectiveWindow=2 pendingData=2 globalLimit=16 neighborOK=0 nodeOK=1 -> NO
[HOP 5] CanSendToHop dest=1 outstanding=2 threshold=1 effectiveWindow=2 pendingData=2 globalLimit=16 neighborOK=0 nodeOK=1 -> NO
[HOP 5] CanSendToHop dest=1 outstanding=2 threshold=1 effectiveWindow=2 pendingData=2 globalLimit=16 neighborOK=0 nodeOK=1 -> NO
[MAC 1] PickTxSlot(dest=5) active_nodes_for_slotting=3 opnet_slot_range=31
[MAC 1] PickTxSlot(dest=5) avoid:
[MAC 1] PickTxSlot chose 1 using historical next_tslot modulo probe
[MAC 1] TX opportunity reached currentSlot=1 reserveNextSlot=1
... type=1 speedKey=128[t=1.5435] TX from node 1 to dest 5 seq 5 size 41 bytes segments 1 at slot 1 rate 128 kbps txPower 33 dBm (133333 bps) preamble SHORT duration 0.02208 s
[MAC 1] ACK transmitted in aggregate dest=5 seq=5 txCount=5/5
[MAC 1] Remove ACK after OPNET resend limit dest=5 seq=5
[MAC 1] OPNET aggregate transmitted segments=1 ackSegments=1 dataSegments=0 bytes=41 rate=128
[MAC 5] rtslot_counter expired for neighbor 1 reserveSlot=1
[MAC 5] PickTxSlot(dest=1) active_nodes_for_slotting=3 opnet_slot_range=31
[MAC 5] PickTxSlot(dest=1) avoid:
[MAC 5] PickTxSlot chose 1 using historical next_tslot modulo probe
[MAC 5] TX opportunity reached currentSlot=9 reserveNextSlot=1
... type=0 speedKey=128[t=1.547] TX from node 5 to dest 1 seq 6 size 96 bytes segments 2 at slot 1 rate 128 kbps txPower 33 dBm (133333 bps) preamble SHORT duration 0.02538 s
[HOP 5] MAC sent confirmation dest=1 seq=6 transmission=1 sentAt=1.547
[HOP 5] MAC sent confirmation dest=1 seq=7 transmission=1 sentAt=1.547
[MAC 5] OPNET aggregate transmitted segments=2 ackSegments=0 dataSegments=2 bytes=96 rate=128
[MAC 1] post-TX WAIT_FOR_ACK until 21.5656 (POST_TX_WAIT=20 s)
[MAC 5] Learned neighbor 1 uses slot 1 (rtCounter=1)
[HOP 5] RX ACK from 1 seq=5
[NWK 5] CheckNwkQueue: size=13
[HOP 5] CanSendToHop dest=1 outstanding=2 threshold=1 effectiveWindow=2 pendingData=2 globalLimit=16 neighborOK=0 nodeOK=1 -> NO
[HOP 5] CanSendToHop dest=1 outstanding=2 threshold=1 effectiveWindow=2 pendingData=2 globalLimit=16 neighborOK=0 nodeOK=1 -> NO
[HOP 5] CanSendToHop dest=1 outstanding=2 threshold=1 effectiveWindow=2 pendingData=2 globalLimit=16 neighborOK=0 nodeOK=1 -> NO
[HOP 5] CanSendToHop dest=1 outstanding=2 threshold=1 effectiveWindow=2 pendingData=2 globalLimit=16 neighborOK=0 nodeOK=1 -> NO
[HOP 5] CanSendToHop dest=1 outstanding=2 threshold=1 effectiveWindow=2 pendingData=2 globalLimit=16 neighborOK=0 nodeOK=1 -> NO
[HOP 5] CanSendToHop dest=1 outstanding=2 threshold=1 effectiveWindow=2 pendingData=2 globalLimit=16 neighborOK=0 nodeOK=1 -> NO
[HOP 5] CanSendToHop dest=1 outstanding=2 threshold=1 effectiveWindow=2 pendingData=2 globalLimit=16 neighborOK=0 nodeOK=1 -> NO
[HOP 5] CanSendToHop dest=1 outstanding=2 threshold=1 effectiveWindow=2 pendingData=2 globalLimit=16 neighborOK=0 nodeOK=1 -> NO
[HOP 5] CanSendToHop dest=1 outstanding=2 threshold=1 effectiveWindow=2 pendingData=2 globalLimit=16 neighborOK=0 nodeOK=1 -> NO
[HOP 5] CanSendToHop dest=1 outstanding=2 threshold=1 effectiveWindow=2 pendingData=2 globalLimit=16 neighborOK=0 nodeOK=1 -> NO
[HOP 5] CanSendToHop dest=1 outstanding=2 threshold=1 effectiveWindow=2 pendingData=2 globalLimit=16 neighborOK=0 nodeOK=1 -> NO
[HOP 5] CanSendToHop dest=1 outstanding=2 threshold=1 effectiveWindow=2 pendingData=2 globalLimit=16 neighborOK=0 nodeOK=1 -> NO
[HOP 5] CanSendToHop dest=1 outstanding=2 threshold=1 effectiveWindow=2 pendingData=2 globalLimit=16 neighborOK=0 nodeOK=1 -> NO
[MAC 5] post-TX WAIT_FOR_ACK until 21.5724 (POST_TX_WAIT=20 s)
[MAC 1] Learned neighbor 5 uses slot 1 (rtCounter=1)
[HOP 1] link_control dest=5 neighborKnown=1 s0=-109 pathloss=70 failures=0 speed=128 txPower=33 rxPower=-109 cost=116
[MAC 1] Enqueue ACK dest=5 seq=6 window=1 ack_queue_size=1
[NWK 1] Updated reverse path netSrc=5 reverseHop=5
[HOP 1] link_control dest=5 neighborKnown=1 s0=-109 pathloss=70 failures=0 speed=128 txPower=33 rxPower=-109 cost=116
[MAC 1] Update cumulative ACK queue entry dest=5 baseSeq=7 txCount=0
[NWK 1] Updated reverse path netSrc=5 reverseHop=5
[MAC 1] local advertised reservation expired
[MAC 1] PickTxSlot(dest=5) active_nodes_for_slotting=3 opnet_slot_range=31
[MAC 1] avoiding neighbor 5 currentReservedSlot=0 rtslot_counter=0
[MAC 1] PickTxSlot(dest=5) avoid:
[MAC 1] PickTxSlot chose 1 using historical next_tslot modulo probe
[MAC 1] starts Pre-Tx with new slot=1 holdoff_over=1
[MAC 5] rtslot_counter expired for neighbor 1 reserveSlot=1
[MAC 5] local advertised reservation expired
[MAC 1] rtslot_counter expired for neighbor 5 reserveSlot=1
[MAC 1] PickTxSlot(dest=5) active_nodes_for_slotting=3 opnet_slot_range=31
[MAC 1] PickTxSlot(dest=5) avoid:
[MAC 1] PickTxSlot chose 1 using historical next_tslot modulo probe
[MAC 1] TX opportunity reached currentSlot=1 reserveNextSlot=1
... type=1 speedKey=128[t=1.6085] TX from node 1 to dest 5 seq 7 size 41 bytes segments 1 at slot 1 rate 128 kbps txPower 33 dBm (133333 bps) preamble SHORT duration 0.02208 s
[MAC 1] ACK transmitted in aggregate dest=5 seq=7 txCount=1/5
[MAC 1] OPNET aggregate transmitted segments=1 ackSegments=1 dataSegments=0 bytes=41 rate=128
[MAC 1] resumes Pre-Tx with live slot=1 counter=1
[MAC 5] Learned neighbor 1 uses slot 1 (rtCounter=1)
[HOP 5] RX ACK from 1 seq=7
[HOP 5] Pending DATA decrement reason=ACK neighbor=1 pending=1
[HOP 5] Adaptive flow threshold increased neighbor=1 old=1 new=2 effectiveWindow=3
[NWK 5] NSDP(5->1) decremented to 14
[NWK 5] HOP completion released NSDP slot; awaiting HOP queue wake flow=5->1
[HOP 5] Pending DATA decrement reason=ACK neighbor=1 pending=0
[NWK 5] NSDP(5->1) decremented to 13
[NWK 5] HOP completion released NSDP slot; awaiting HOP queue wake flow=5->1
[NWK 5] CheckNwkQueue: size=13
[HOP 5] CanSendToHop dest=1 outstanding=0 threshold=2 effectiveWindow=3 pendingData=0 globalLimit=16 neighborOK=1 nodeOK=1 -> YES
[HOP 5] link_control dest=1 neighborKnown=1 s0=-109 pathloss=70 failures=0 speed=128 txPower=33 rxPower=-109 cost=116
[HOP 5] Pending DATA increment dest=1 pending=1
[HOP 5] TX historical-bare DATA neighbor=1 hopSeq=8
[MAC] Enqueue TX pkt dscp=0 insert_pos=0 queue_size_before=0
[HOP 5] CanSendToHop dest=1 outstanding=1 threshold=2 effectiveWindow=3 pendingData=1 globalLimit=16 neighborOK=1 nodeOK=1 -> YES
[HOP 5] link_control dest=1 neighborKnown=1 s0=-109 pathloss=70 failures=0 speed=128 txPower=33 rxPower=-109 cost=116
[HOP 5] Pending DATA increment dest=1 pending=2
[HOP 5] TX historical-bare DATA neighbor=1 hopSeq=9
[MAC] Enqueue TX pkt dscp=0 insert_pos=1 queue_size_before=1
[HOP 5] CanSendToHop dest=1 outstanding=2 threshold=2 effectiveWindow=3 pendingData=2 globalLimit=16 neighborOK=1 nodeOK=1 -> YES
[HOP 5] link_control dest=1 neighborKnown=1 s0=-109 pathloss=70 failures=0 speed=128 txPower=33 rxPower=-109 cost=116
[HOP 5] Pending DATA increment dest=1 pending=3
[HOP 5] TX historical-bare DATA neighbor=1 hopSeq=10
[MAC] Enqueue TX pkt dscp=0 insert_pos=2 queue_size_before=2
[HOP 5] CanSendToHop dest=1 outstanding=3 threshold=2 effectiveWindow=3 pendingData=3 globalLimit=16 neighborOK=0 nodeOK=1 -> NO
[HOP 5] CanSendToHop dest=1 outstanding=3 threshold=2 effectiveWindow=3 pendingData=3 globalLimit=16 neighborOK=0 nodeOK=1 -> NO
[HOP 5] CanSendToHop dest=1 outstanding=3 threshold=2 effectiveWindow=3 pendingData=3 globalLimit=16 neighborOK=0 nodeOK=1 -> NO
[HOP 5] CanSendToHop dest=1 outstanding=3 threshold=2 effectiveWindow=3 pendingData=3 globalLimit=16 neighborOK=0 nodeOK=1 -> NO
[HOP 5] CanSendToHop dest=1 outstanding=3 threshold=2 effectiveWindow=3 pendingData=3 globalLimit=16 neighborOK=0 nodeOK=1 -> NO
[HOP 5] CanSendToHop dest=1 outstanding=3 threshold=2 effectiveWindow=3 pendingData=3 globalLimit=16 neighborOK=0 nodeOK=1 -> NO
[HOP 5] CanSendToHop dest=1 outstanding=3 threshold=2 effectiveWindow=3 pendingData=3 globalLimit=16 neighborOK=0 nodeOK=1 -> NO
[HOP 5] CanSendToHop dest=1 outstanding=3 threshold=2 effectiveWindow=3 pendingData=3 globalLimit=16 neighborOK=0 nodeOK=1 -> NO
[HOP 5] CanSendToHop dest=1 outstanding=3 threshold=2 effectiveWindow=3 pendingData=3 globalLimit=16 neighborOK=0 nodeOK=1 -> NO
[HOP 5] CanSendToHop dest=1 outstanding=3 threshold=2 effectiveWindow=3 pendingData=3 globalLimit=16 neighborOK=0 nodeOK=1 -> NO
[MAC 5] PickTxSlot(dest=1) active_nodes_for_slotting=3 opnet_slot_range=31
[MAC 5] avoiding neighbor 1 currentReservedSlot=0 rtslot_counter=0
[MAC 5] PickTxSlot(dest=1) avoid:
[MAC 5] PickTxSlot chose 9 using historical next_tslot modulo probe
[MAC 5] starts Pre-Tx with new slot=9 holdoff_over=1
[MAC 1] PickTxSlot(dest=5) active_nodes_for_slotting=3 opnet_slot_range=31
[MAC 1] PickTxSlot(dest=5) avoid:
[MAC 1] PickTxSlot chose 1 using historical next_tslot modulo probe
[MAC 1] TX opportunity reached currentSlot=1 reserveNextSlot=1
... type=1 speedKey=128[t=1.6475] TX from node 1 to dest 5 seq 7 size 41 bytes segments 1 at slot 1 rate 128 kbps txPower 33 dBm (133333 bps) preamble SHORT duration 0.02208 s
[MAC 1] ACK transmitted in aggregate dest=5 seq=7 txCount=2/5
[MAC 1] OPNET aggregate transmitted segments=1 ackSegments=1 dataSegments=0 bytes=41 rate=128
[MAC 5] rtslot_counter expired for neighbor 1 reserveSlot=1
[MAC 1] resumes Pre-Tx with live slot=1 counter=1
[MAC 5] Learned neighbor 1 uses slot 1 (rtCounter=1)
[HOP 5] RX ACK from 1 seq=7
[NWK 5] CheckNwkQueue: size=10
[HOP 5] CanSendToHop dest=1 outstanding=3 threshold=2 effectiveWindow=3 pendingData=3 globalLimit=16 neighborOK=0 nodeOK=1 -> NO
[HOP 5] CanSendToHop dest=1 outstanding=3 threshold=2 effectiveWindow=3 pendingData=3 globalLimit=16 neighborOK=0 nodeOK=1 -> NO
[HOP 5] CanSendToHop dest=1 outstanding=3 threshold=2 effectiveWindow=3 pendingData=3 globalLimit=16 neighborOK=0 nodeOK=1 -> NO
[HOP 5] CanSendToHop dest=1 outstanding=3 threshold=2 effectiveWindow=3 pendingData=3 globalLimit=16 neighborOK=0 nodeOK=1 -> NO
[HOP 5] CanSendToHop dest=1 outstanding=3 threshold=2 effectiveWindow=3 pendingData=3 globalLimit=16 neighborOK=0 nodeOK=1 -> NO
[HOP 5] CanSendToHop dest=1 outstanding=3 threshold=2 effectiveWindow=3 pendingData=3 globalLimit=16 neighborOK=0 nodeOK=1 -> NO
[HOP 5] CanSendToHop dest=1 outstanding=3 threshold=2 effectiveWindow=3 pendingData=3 globalLimit=16 neighborOK=0 nodeOK=1 -> NO
[HOP 5] CanSendToHop dest=1 outstanding=3 threshold=2 effectiveWindow=3 pendingData=3 globalLimit=16 neighborOK=0 nodeOK=1 -> NO
[HOP 5] CanSendToHop dest=1 outstanding=3 threshold=2 effectiveWindow=3 pendingData=3 globalLimit=16 neighborOK=0 nodeOK=1 -> NO
[HOP 5] CanSendToHop dest=1 outstanding=3 threshold=2 effectiveWindow=3 pendingData=3 globalLimit=16 neighborOK=0 nodeOK=1 -> NO
[MAC 1] PickTxSlot(dest=5) active_nodes_for_slotting=3 opnet_slot_range=31
[MAC 1] PickTxSlot(dest=5) avoid:
[MAC 1] PickTxSlot chose 1 using historical next_tslot modulo probe
[MAC 1] TX opportunity reached currentSlot=1 reserveNextSlot=1
... type=1 speedKey=128[t=1.6865] TX from node 1 to dest 5 seq 7 size 41 bytes segments 1 at slot 1 rate 128 kbps txPower 33 dBm (133333 bps) preamble SHORT duration 0.02208 s
[MAC 1] ACK transmitted in aggregate dest=5 seq=7 txCount=3/5
[MAC 1] OPNET aggregate transmitted segments=1 ackSegments=1 dataSegments=0 bytes=41 rate=128
[MAC 5] rtslot_counter expired for neighbor 1 reserveSlot=1
[MAC 1] resumes Pre-Tx with live slot=1 counter=1
[MAC 5] Learned neighbor 1 uses slot 1 (rtCounter=1)
[HOP 5] RX ACK from 1 seq=7
[NWK 5] CheckNwkQueue: size=10
[HOP 5] CanSendToHop dest=1 outstanding=3 threshold=2 effectiveWindow=3 pendingData=3 globalLimit=16 neighborOK=0 nodeOK=1 -> NO
[HOP 5] CanSendToHop dest=1 outstanding=3 threshold=2 effectiveWindow=3 pendingData=3 globalLimit=16 neighborOK=0 nodeOK=1 -> NO
[HOP 5] CanSendToHop dest=1 outstanding=3 threshold=2 effectiveWindow=3 pendingData=3 globalLimit=16 neighborOK=0 nodeOK=1 -> NO
[HOP 5] CanSendToHop dest=1 outstanding=3 threshold=2 effectiveWindow=3 pendingData=3 globalLimit=16 neighborOK=0 nodeOK=1 -> NO
[HOP 5] CanSendToHop dest=1 outstanding=3 threshold=2 effectiveWindow=3 pendingData=3 globalLimit=16 neighborOK=0 nodeOK=1 -> NO
[HOP 5] CanSendToHop dest=1 outstanding=3 threshold=2 effectiveWindow=3 pendingData=3 globalLimit=16 neighborOK=0 nodeOK=1 -> NO
[HOP 5] CanSendToHop dest=1 outstanding=3 threshold=2 effectiveWindow=3 pendingData=3 globalLimit=16 neighborOK=0 nodeOK=1 -> NO
[HOP 5] CanSendToHop dest=1 outstanding=3 threshold=2 effectiveWindow=3 pendingData=3 globalLimit=16 neighborOK=0 nodeOK=1 -> NO
[HOP 5] CanSendToHop dest=1 outstanding=3 threshold=2 effectiveWindow=3 pendingData=3 globalLimit=16 neighborOK=0 nodeOK=1 -> NO
[HOP 5] CanSendToHop dest=1 outstanding=3 threshold=2 effectiveWindow=3 pendingData=3 globalLimit=16 neighborOK=0 nodeOK=1 -> NO
[MAC 1] PickTxSlot(dest=5) active_nodes_for_slotting=3 opnet_slot_range=31
[MAC 1] PickTxSlot(dest=5) avoid:
[MAC 1] PickTxSlot chose 1 using historical next_tslot modulo probe
[MAC 1] TX opportunity reached currentSlot=1 reserveNextSlot=1
... type=1 speedKey=128[t=1.7255] TX from node 1 to dest 5 seq 7 size 41 bytes segments 1 at slot 1 rate 128 kbps txPower 33 dBm (133333 bps) preamble SHORT duration 0.02208 s
[MAC 1] ACK transmitted in aggregate dest=5 seq=7 txCount=4/5
[MAC 1] OPNET aggregate transmitted segments=1 ackSegments=1 dataSegments=0 bytes=41 rate=128
[MAC 5] rtslot_counter expired for neighbor 1 reserveSlot=1
[MAC 1] resumes Pre-Tx with live slot=1 counter=1
[MAC 5] Learned neighbor 1 uses slot 1 (rtCounter=1)
[HOP 5] RX ACK from 1 seq=7
[NWK 5] CheckNwkQueue: size=10
[HOP 5] CanSendToHop dest=1 outstanding=3 threshold=2 effectiveWindow=3 pendingData=3 globalLimit=16 neighborOK=0 nodeOK=1 -> NO
[HOP 5] CanSendToHop dest=1 outstanding=3 threshold=2 effectiveWindow=3 pendingData=3 globalLimit=16 neighborOK=0 nodeOK=1 -> NO
[HOP 5] CanSendToHop dest=1 outstanding=3 threshold=2 effectiveWindow=3 pendingData=3 globalLimit=16 neighborOK=0 nodeOK=1 -> NO
[HOP 5] CanSendToHop dest=1 outstanding=3 threshold=2 effectiveWindow=3 pendingData=3 globalLimit=16 neighborOK=0 nodeOK=1 -> NO
[HOP 5] CanSendToHop dest=1 outstanding=3 threshold=2 effectiveWindow=3 pendingData=3 globalLimit=16 neighborOK=0 nodeOK=1 -> NO
[HOP 5] CanSendToHop dest=1 outstanding=3 threshold=2 effectiveWindow=3 pendingData=3 globalLimit=16 neighborOK=0 nodeOK=1 -> NO
[HOP 5] CanSendToHop dest=1 outstanding=3 threshold=2 effectiveWindow=3 pendingData=3 globalLimit=16 neighborOK=0 nodeOK=1 -> NO
[HOP 5] CanSendToHop dest=1 outstanding=3 threshold=2 effectiveWindow=3 pendingData=3 globalLimit=16 neighborOK=0 nodeOK=1 -> NO
[HOP 5] CanSendToHop dest=1 outstanding=3 threshold=2 effectiveWindow=3 pendingData=3 globalLimit=16 neighborOK=0 nodeOK=1 -> NO
[HOP 5] CanSendToHop dest=1 outstanding=3 threshold=2 effectiveWindow=3 pendingData=3 globalLimit=16 neighborOK=0 nodeOK=1 -> NO
[MAC 1] PickTxSlot(dest=5) active_nodes_for_slotting=3 opnet_slot_range=31
[MAC 1] PickTxSlot(dest=5) avoid:
[MAC 1] PickTxSlot chose 1 using historical next_tslot modulo probe
[MAC 1] TX opportunity reached currentSlot=1 reserveNextSlot=1
... type=1 speedKey=128[t=1.7645] TX from node 1 to dest 5 seq 7 size 41 bytes segments 1 at slot 1 rate 128 kbps txPower 33 dBm (133333 bps) preamble SHORT duration 0.02208 s
[MAC 1] ACK transmitted in aggregate dest=5 seq=7 txCount=5/5
[MAC 1] Remove ACK after OPNET resend limit dest=5 seq=7
[MAC 1] OPNET aggregate transmitted segments=1 ackSegments=1 dataSegments=0 bytes=41 rate=128
[MAC 5] rtslot_counter expired for neighbor 1 reserveSlot=1
[MAC 5] PickTxSlot(dest=1) active_nodes_for_slotting=3 opnet_slot_range=31
[MAC 5] PickTxSlot(dest=1) avoid:
[MAC 5] PickTxSlot chose 1 using historical next_tslot modulo probe
[MAC 5] TX opportunity reached currentSlot=9 reserveNextSlot=1
... type=0 speedKey=128[t=1.768] TX from node 5 to dest 1 seq 8 size 144 bytes segments 3 at slot 1 rate 128 kbps txPower 33 dBm (133333 bps) preamble SHORT duration 0.02826 s
[HOP 5] MAC sent confirmation dest=1 seq=8 transmission=1 sentAt=1.768
[HOP 5] MAC sent confirmation dest=1 seq=9 transmission=1 sentAt=1.768
[HOP 5] MAC sent confirmation dest=1 seq=10 transmission=1 sentAt=1.768
[MAC 5] OPNET aggregate transmitted segments=3 ackSegments=0 dataSegments=3 bytes=144 rate=128
[MAC 1] post-TX WAIT_FOR_ACK until 21.7866 (POST_TX_WAIT=20 s)
[MAC 5] Learned neighbor 1 uses slot 1 (rtCounter=1)
[HOP 5] RX ACK from 1 seq=7
[NWK 5] CheckNwkQueue: size=10
[HOP 5] CanSendToHop dest=1 outstanding=3 threshold=2 effectiveWindow=3 pendingData=3 globalLimit=16 neighborOK=0 nodeOK=1 -> NO
[HOP 5] CanSendToHop dest=1 outstanding=3 threshold=2 effectiveWindow=3 pendingData=3 globalLimit=16 neighborOK=0 nodeOK=1 -> NO
[HOP 5] CanSendToHop dest=1 outstanding=3 threshold=2 effectiveWindow=3 pendingData=3 globalLimit=16 neighborOK=0 nodeOK=1 -> NO
[HOP 5] CanSendToHop dest=1 outstanding=3 threshold=2 effectiveWindow=3 pendingData=3 globalLimit=16 neighborOK=0 nodeOK=1 -> NO
[HOP 5] CanSendToHop dest=1 outstanding=3 threshold=2 effectiveWindow=3 pendingData=3 globalLimit=16 neighborOK=0 nodeOK=1 -> NO
[HOP 5] CanSendToHop dest=1 outstanding=3 threshold=2 effectiveWindow=3 pendingData=3 globalLimit=16 neighborOK=0 nodeOK=1 -> NO
[HOP 5] CanSendToHop dest=1 outstanding=3 threshold=2 effectiveWindow=3 pendingData=3 globalLimit=16 neighborOK=0 nodeOK=1 -> NO
[HOP 5] CanSendToHop dest=1 outstanding=3 threshold=2 effectiveWindow=3 pendingData=3 globalLimit=16 neighborOK=0 nodeOK=1 -> NO
[HOP 5] CanSendToHop dest=1 outstanding=3 threshold=2 effectiveWindow=3 pendingData=3 globalLimit=16 neighborOK=0 nodeOK=1 -> NO
[HOP 5] CanSendToHop dest=1 outstanding=3 threshold=2 effectiveWindow=3 pendingData=3 globalLimit=16 neighborOK=0 nodeOK=1 -> NO
[MAC 5] post-TX WAIT_FOR_ACK until 21.7963 (POST_TX_WAIT=20 s)
[MAC 1] Learned neighbor 5 uses slot 1 (rtCounter=1)
[HOP 1] link_control dest=5 neighborKnown=1 s0=-109 pathloss=70 failures=0 speed=128 txPower=33 rxPower=-109 cost=116
[MAC 1] Enqueue ACK dest=5 seq=8 window=1 ack_queue_size=1
[NWK 1] Updated reverse path netSrc=5 reverseHop=5
[HOP 1] link_control dest=5 neighborKnown=1 s0=-109 pathloss=70 failures=0 speed=128 txPower=33 rxPower=-109 cost=116
[MAC 1] Update cumulative ACK queue entry dest=5 baseSeq=9 txCount=0
[NWK 1] Updated reverse path netSrc=5 reverseHop=5
[HOP 1] link_control dest=5 neighborKnown=1 s0=-109 pathloss=70 failures=0 speed=128 txPower=33 rxPower=-109 cost=116
[MAC 1] Update cumulative ACK queue entry dest=5 baseSeq=10 txCount=0
[NWK 1] Updated reverse path netSrc=5 reverseHop=5
[MAC 1] local advertised reservation expired
[MAC 1] PickTxSlot(dest=5) active_nodes_for_slotting=3 opnet_slot_range=31
[MAC 1] avoiding neighbor 5 currentReservedSlot=0 rtslot_counter=0
[MAC 1] PickTxSlot(dest=5) avoid:
[MAC 1] PickTxSlot chose 1 using historical next_tslot modulo probe
[MAC 1] starts Pre-Tx with new slot=1 holdoff_over=1
[MAC 1] rtslot_counter expired for neighbor 5 reserveSlot=1
[MAC 5] rtslot_counter expired for neighbor 1 reserveSlot=1
[MAC 5] local advertised reservation expired
[MAC 1] PickTxSlot(dest=5) active_nodes_for_slotting=3 opnet_slot_range=31
[MAC 1] PickTxSlot(dest=5) avoid:
[MAC 1] PickTxSlot chose 1 using historical next_tslot modulo probe
[MAC 1] TX opportunity reached currentSlot=1 reserveNextSlot=1
... type=1 speedKey=128[t=1.8295] TX from node 1 to dest 5 seq 10 size 41 bytes segments 1 at slot 1 rate 128 kbps txPower 33 dBm (133333 bps) preamble SHORT duration 0.02208 s
[MAC 1] ACK transmitted in aggregate dest=5 seq=10 txCount=1/5
[MAC 1] OPNET aggregate transmitted segments=1 ackSegments=1 dataSegments=0 bytes=41 rate=128
[MAC 1] resumes Pre-Tx with live slot=1 counter=1
[MAC 5] Learned neighbor 1 uses slot 1 (rtCounter=1)
[HOP 5] RX ACK from 1 seq=10
[HOP 5] Pending DATA decrement reason=ACK neighbor=1 pending=2
[NWK 5] NSDP(5->1) decremented to 12
[NWK 5] HOP completion released NSDP slot; awaiting HOP queue wake flow=5->1
[HOP 5] Pending DATA decrement reason=ACK neighbor=1 pending=1
[HOP 5] Adaptive flow threshold increased neighbor=1 old=2 new=3 effectiveWindow=4
[NWK 5] NSDP(5->1) decremented to 11
[NWK 5] HOP completion released NSDP slot; awaiting HOP queue wake flow=5->1
[HOP 5] Pending DATA decrement reason=ACK neighbor=1 pending=0
[NWK 5] NSDP(5->1) decremented to 10
[NWK 5] HOP completion released NSDP slot; awaiting HOP queue wake flow=5->1
[NWK 5] CheckNwkQueue: size=10
[HOP 5] CanSendToHop dest=1 outstanding=0 threshold=3 effectiveWindow=4 pendingData=0 globalLimit=16 neighborOK=1 nodeOK=1 -> YES
[HOP 5] link_control dest=1 neighborKnown=1 s0=-109 pathloss=70 failures=0 speed=128 txPower=33 rxPower=-109 cost=116
[HOP 5] Pending DATA increment dest=1 pending=1
[HOP 5] TX historical-bare DATA neighbor=1 hopSeq=11
[MAC] Enqueue TX pkt dscp=0 insert_pos=0 queue_size_before=0
[HOP 5] CanSendToHop dest=1 outstanding=1 threshold=3 effectiveWindow=4 pendingData=1 globalLimit=16 neighborOK=1 nodeOK=1 -> YES
[HOP 5] link_control dest=1 neighborKnown=1 s0=-109 pathloss=70 failures=0 speed=128 txPower=33 rxPower=-109 cost=116
[HOP 5] Pending DATA increment dest=1 pending=2
[HOP 5] TX historical-bare DATA neighbor=1 hopSeq=12
[MAC] Enqueue TX pkt dscp=0 insert_pos=1 queue_size_before=1
[HOP 5] CanSendToHop dest=1 outstanding=2 threshold=3 effectiveWindow=4 pendingData=2 globalLimit=16 neighborOK=1 nodeOK=1 -> YES
[HOP 5] link_control dest=1 neighborKnown=1 s0=-109 pathloss=70 failures=0 speed=128 txPower=33 rxPower=-109 cost=116
[HOP 5] Pending DATA increment dest=1 pending=3
[HOP 5] TX historical-bare DATA neighbor=1 hopSeq=13
[MAC] Enqueue TX pkt dscp=0 insert_pos=2 queue_size_before=2
[HOP 5] CanSendToHop dest=1 outstanding=3 threshold=3 effectiveWindow=4 pendingData=3 globalLimit=16 neighborOK=1 nodeOK=1 -> YES
[HOP 5] link_control dest=1 neighborKnown=1 s0=-109 pathloss=70 failures=0 speed=128 txPower=33 rxPower=-109 cost=116
[HOP 5] Pending DATA increment dest=1 pending=4
[HOP 5] TX historical-bare DATA neighbor=1 hopSeq=14
[MAC] Enqueue TX pkt dscp=0 insert_pos=3 queue_size_before=3
[HOP 5] CanSendToHop dest=1 outstanding=4 threshold=3 effectiveWindow=4 pendingData=4 globalLimit=16 neighborOK=0 nodeOK=1 -> NO
[HOP 5] CanSendToHop dest=1 outstanding=4 threshold=3 effectiveWindow=4 pendingData=4 globalLimit=16 neighborOK=0 nodeOK=1 -> NO
[HOP 5] CanSendToHop dest=1 outstanding=4 threshold=3 effectiveWindow=4 pendingData=4 globalLimit=16 neighborOK=0 nodeOK=1 -> NO
[HOP 5] CanSendToHop dest=1 outstanding=4 threshold=3 effectiveWindow=4 pendingData=4 globalLimit=16 neighborOK=0 nodeOK=1 -> NO
[HOP 5] CanSendToHop dest=1 outstanding=4 threshold=3 effectiveWindow=4 pendingData=4 globalLimit=16 neighborOK=0 nodeOK=1 -> NO
[HOP 5] CanSendToHop dest=1 outstanding=4 threshold=3 effectiveWindow=4 pendingData=4 globalLimit=16 neighborOK=0 nodeOK=1 -> NO
[MAC 5] PickTxSlot(dest=1) active_nodes_for_slotting=3 opnet_slot_range=31
[MAC 5] avoiding neighbor 1 currentReservedSlot=0 rtslot_counter=0
[MAC 5] PickTxSlot(dest=1) avoid:
[MAC 5] PickTxSlot chose 9 using historical next_tslot modulo probe
[MAC 5] starts Pre-Tx with new slot=9 holdoff_over=1
[MAC 1] PickTxSlot(dest=5) active_nodes_for_slotting=3 opnet_slot_range=31
[MAC 1] PickTxSlot(dest=5) avoid:
[MAC 1] PickTxSlot chose 1 using historical next_tslot modulo probe
[MAC 1] TX opportunity reached currentSlot=1 reserveNextSlot=1
... type=1 speedKey=128[t=1.8685] TX from node 1 to dest 5 seq 10 size 41 bytes segments 1 at slot 1 rate 128 kbps txPower 33 dBm (133333 bps) preamble SHORT duration 0.02208 s
[MAC 1] ACK transmitted in aggregate dest=5 seq=10 txCount=2/5
[MAC 1] OPNET aggregate transmitted segments=1 ackSegments=1 dataSegments=0 bytes=41 rate=128
[MAC 5] rtslot_counter expired for neighbor 1 reserveSlot=1
[MAC 1] resumes Pre-Tx with live slot=1 counter=1
[MAC 5] Learned neighbor 1 uses slot 1 (rtCounter=1)
[HOP 5] RX ACK from 1 seq=10
[NWK 5] CheckNwkQueue: size=6
[HOP 5] CanSendToHop dest=1 outstanding=4 threshold=3 effectiveWindow=4 pendingData=4 globalLimit=16 neighborOK=0 nodeOK=1 -> NO
[HOP 5] CanSendToHop dest=1 outstanding=4 threshold=3 effectiveWindow=4 pendingData=4 globalLimit=16 neighborOK=0 nodeOK=1 -> NO
[HOP 5] CanSendToHop dest=1 outstanding=4 threshold=3 effectiveWindow=4 pendingData=4 globalLimit=16 neighborOK=0 nodeOK=1 -> NO
[HOP 5] CanSendToHop dest=1 outstanding=4 threshold=3 effectiveWindow=4 pendingData=4 globalLimit=16 neighborOK=0 nodeOK=1 -> NO
[HOP 5] CanSendToHop dest=1 outstanding=4 threshold=3 effectiveWindow=4 pendingData=4 globalLimit=16 neighborOK=0 nodeOK=1 -> NO
[HOP 5] CanSendToHop dest=1 outstanding=4 threshold=3 effectiveWindow=4 pendingData=4 globalLimit=16 neighborOK=0 nodeOK=1 -> NO
[MAC 1] PickTxSlot(dest=5) active_nodes_for_slotting=3 opnet_slot_range=31
[MAC 1] PickTxSlot(dest=5) avoid:
[MAC 1] PickTxSlot chose 1 using historical next_tslot modulo probe
[MAC 1] TX opportunity reached currentSlot=1 reserveNextSlot=1
... type=1 speedKey=128[t=1.9075] TX from node 1 to dest 5 seq 10 size 41 bytes segments 1 at slot 1 rate 128 kbps txPower 33 dBm (133333 bps) preamble SHORT duration 0.02208 s
[MAC 1] ACK transmitted in aggregate dest=5 seq=10 txCount=3/5
[MAC 1] OPNET aggregate transmitted segments=1 ackSegments=1 dataSegments=0 bytes=41 rate=128
[MAC 5] rtslot_counter expired for neighbor 1 reserveSlot=1
[MAC 1] resumes Pre-Tx with live slot=1 counter=1
[MAC 5] Learned neighbor 1 uses slot 1 (rtCounter=1)
[HOP 5] RX ACK from 1 seq=10
[NWK 5] CheckNwkQueue: size=6
[HOP 5] CanSendToHop dest=1 outstanding=4 threshold=3 effectiveWindow=4 pendingData=4 globalLimit=16 neighborOK=0 nodeOK=1 -> NO
[HOP 5] CanSendToHop dest=1 outstanding=4 threshold=3 effectiveWindow=4 pendingData=4 globalLimit=16 neighborOK=0 nodeOK=1 -> NO
[HOP 5] CanSendToHop dest=1 outstanding=4 threshold=3 effectiveWindow=4 pendingData=4 globalLimit=16 neighborOK=0 nodeOK=1 -> NO
[HOP 5] CanSendToHop dest=1 outstanding=4 threshold=3 effectiveWindow=4 pendingData=4 globalLimit=16 neighborOK=0 nodeOK=1 -> NO
[HOP 5] CanSendToHop dest=1 outstanding=4 threshold=3 effectiveWindow=4 pendingData=4 globalLimit=16 neighborOK=0 nodeOK=1 -> NO
[HOP 5] CanSendToHop dest=1 outstanding=4 threshold=3 effectiveWindow=4 pendingData=4 globalLimit=16 neighborOK=0 nodeOK=1 -> NO
[MAC 1] PickTxSlot(dest=5) active_nodes_for_slotting=3 opnet_slot_range=31
[MAC 1] PickTxSlot(dest=5) avoid:
[MAC 1] PickTxSlot chose 1 using historical next_tslot modulo probe
[MAC 1] TX opportunity reached currentSlot=1 reserveNextSlot=1
... type=1 speedKey=128[t=1.9465] TX from node 1 to dest 5 seq 10 size 41 bytes segments 1 at slot 1 rate 128 kbps txPower 33 dBm (133333 bps) preamble SHORT duration 0.02208 s
[MAC 1] ACK transmitted in aggregate dest=5 seq=10 txCount=4/5
[MAC 1] OPNET aggregate transmitted segments=1 ackSegments=1 dataSegments=0 bytes=41 rate=128
[MAC 5] rtslot_counter expired for neighbor 1 reserveSlot=1
[MAC 1] resumes Pre-Tx with live slot=1 counter=1
[MAC 5] Learned neighbor 1 uses slot 1 (rtCounter=1)
[HOP 5] RX ACK from 1 seq=10
[NWK 5] CheckNwkQueue: size=6
[HOP 5] CanSendToHop dest=1 outstanding=4 threshold=3 effectiveWindow=4 pendingData=4 globalLimit=16 neighborOK=0 nodeOK=1 -> NO
[HOP 5] CanSendToHop dest=1 outstanding=4 threshold=3 effectiveWindow=4 pendingData=4 globalLimit=16 neighborOK=0 nodeOK=1 -> NO
[HOP 5] CanSendToHop dest=1 outstanding=4 threshold=3 effectiveWindow=4 pendingData=4 globalLimit=16 neighborOK=0 nodeOK=1 -> NO
[HOP 5] CanSendToHop dest=1 outstanding=4 threshold=3 effectiveWindow=4 pendingData=4 globalLimit=16 neighborOK=0 nodeOK=1 -> NO
[HOP 5] CanSendToHop dest=1 outstanding=4 threshold=3 effectiveWindow=4 pendingData=4 globalLimit=16 neighborOK=0 nodeOK=1 -> NO
[HOP 5] CanSendToHop dest=1 outstanding=4 threshold=3 effectiveWindow=4 pendingData=4 globalLimit=16 neighborOK=0 nodeOK=1 -> NO
[MAC 1] PickTxSlot(dest=5) active_nodes_for_slotting=3 opnet_slot_range=31
[MAC 1] PickTxSlot(dest=5) avoid:
[MAC 1] PickTxSlot chose 1 using historical next_tslot modulo probe
[MAC 1] TX opportunity reached currentSlot=1 reserveNextSlot=1
... type=1 speedKey=128[t=1.9855] TX from node 1 to dest 5 seq 10 size 41 bytes segments 1 at slot 1 rate 128 kbps txPower 33 dBm (133333 bps) preamble SHORT duration 0.02208 s
[MAC 1] ACK transmitted in aggregate dest=5 seq=10 txCount=5/5
[MAC 1] Remove ACK after OPNET resend limit dest=5 seq=10
[MAC 1] OPNET aggregate transmitted segments=1 ackSegments=1 dataSegments=0 bytes=41 rate=128
[MAC 5] rtslot_counter expired for neighbor 1 reserveSlot=1
[MAC 5] PickTxSlot(dest=1) active_nodes_for_slotting=3 opnet_slot_range=31
[MAC 5] PickTxSlot(dest=1) avoid:
[MAC 5] PickTxSlot chose 1 using historical next_tslot modulo probe
[MAC 5] TX opportunity reached currentSlot=9 reserveNextSlot=1
... type=0 speedKey=128[t=1.989] TX from node 5 to dest 1 seq 11 size 192 bytes segments 4 at slot 1 rate 128 kbps txPower 33 dBm (133333 bps) preamble SHORT duration 0.03114 s
[HOP 5] MAC sent confirmation dest=1 seq=11 transmission=1 sentAt=1.989
[HOP 5] MAC sent confirmation dest=1 seq=12 transmission=1 sentAt=1.989
[HOP 5] MAC sent confirmation dest=1 seq=13 transmission=1 sentAt=1.989
[HOP 5] MAC sent confirmation dest=1 seq=14 transmission=1 sentAt=1.989
[MAC 5] OPNET aggregate transmitted segments=4 ackSegments=0 dataSegments=4 bytes=192 rate=128
[MAC 1] post-TX WAIT_FOR_ACK until 22.0076 (POST_TX_WAIT=20 s)
[MAC 5] Learned neighbor 1 uses slot 1 (rtCounter=1)
[HOP 5] RX ACK from 1 seq=10
[NWK 5] CheckNwkQueue: size=6
[HOP 5] CanSendToHop dest=1 outstanding=4 threshold=3 effectiveWindow=4 pendingData=4 globalLimit=16 neighborOK=0 nodeOK=1 -> NO
[HOP 5] CanSendToHop dest=1 outstanding=4 threshold=3 effectiveWindow=4 pendingData=4 globalLimit=16 neighborOK=0 nodeOK=1 -> NO
[HOP 5] CanSendToHop dest=1 outstanding=4 threshold=3 effectiveWindow=4 pendingData=4 globalLimit=16 neighborOK=0 nodeOK=1 -> NO
[HOP 5] CanSendToHop dest=1 outstanding=4 threshold=3 effectiveWindow=4 pendingData=4 globalLimit=16 neighborOK=0 nodeOK=1 -> NO
[HOP 5] CanSendToHop dest=1 outstanding=4 threshold=3 effectiveWindow=4 pendingData=4 globalLimit=16 neighborOK=0 nodeOK=1 -> NO
[HOP 5] CanSendToHop dest=1 outstanding=4 threshold=3 effectiveWindow=4 pendingData=4 globalLimit=16 neighborOK=0 nodeOK=1 -> NO
[MAC 5] post-TX WAIT_FOR_ACK until 22.0201 (POST_TX_WAIT=20 s)
[MAC 1] Learned neighbor 5 uses slot 1 (rtCounter=1)
[HOP 1] link_control dest=5 neighborKnown=1 s0=-109 pathloss=70 failures=0 speed=128 txPower=33 rxPower=-109 cost=116
[MAC 1] Enqueue ACK dest=5 seq=11 window=1 ack_queue_size=1
[NWK 1] Updated reverse path netSrc=5 reverseHop=5
[HOP 1] link_control dest=5 neighborKnown=1 s0=-109 pathloss=70 failures=0 speed=128 txPower=33 rxPower=-109 cost=116
[MAC 1] Update cumulative ACK queue entry dest=5 baseSeq=12 txCount=0
[NWK 1] Updated reverse path netSrc=5 reverseHop=5
[HOP 1] link_control dest=5 neighborKnown=1 s0=-109 pathloss=70 failures=0 speed=128 txPower=33 rxPower=-109 cost=116
[MAC 1] Update cumulative ACK queue entry dest=5 baseSeq=13 txCount=0
[NWK 1] Updated reverse path netSrc=5 reverseHop=5
[HOP 1] link_control dest=5 neighborKnown=1 s0=-109 pathloss=70 failures=0 speed=128 txPower=33 rxPower=-109 cost=116
[MAC 1] Update cumulative ACK queue entry dest=5 baseSeq=14 txCount=0
[NWK 1] Updated reverse path netSrc=5 reverseHop=5
[MAC 1] local advertised reservation expired
[MAC 1] PickTxSlot(dest=5) active_nodes_for_slotting=3 opnet_slot_range=31
[MAC 1] avoiding neighbor 5 currentReservedSlot=0 rtslot_counter=0
[MAC 1] PickTxSlot(dest=5) avoid:
[MAC 1] PickTxSlot chose 1 using historical next_tslot modulo probe
[MAC 1] starts Pre-Tx with new slot=1 holdoff_over=1
[MAC 1] rtslot_counter expired for neighbor 5 reserveSlot=1
[MAC 5] rtslot_counter expired for neighbor 1 reserveSlot=1
[MAC 5] local advertised reservation expired
[MAC 1] PickTxSlot(dest=5) active_nodes_for_slotting=3 opnet_slot_range=31
[MAC 1] PickTxSlot(dest=5) avoid:
[MAC 1] PickTxSlot chose 1 using historical next_tslot modulo probe
[MAC 1] TX opportunity reached currentSlot=1 reserveNextSlot=1
... type=1 speedKey=128[t=2.0505] TX from node 1 to dest 5 seq 14 size 41 bytes segments 1 at slot 1 rate 128 kbps txPower 33 dBm (133333 bps) preamble SHORT duration 0.02208 s
[MAC 1] ACK transmitted in aggregate dest=5 seq=14 txCount=1/5
[MAC 1] OPNET aggregate transmitted segments=1 ackSegments=1 dataSegments=0 bytes=41 rate=128
[MAC 1] resumes Pre-Tx with live slot=1 counter=1
[MAC 5] Learned neighbor 1 uses slot 1 (rtCounter=1)
[HOP 5] RX ACK from 1 seq=14
[HOP 5] Pending DATA decrement reason=ACK neighbor=1 pending=3
[NWK 5] NSDP(5->1) decremented to 9
[NWK 5] HOP completion released NSDP slot; awaiting HOP queue wake flow=5->1
[HOP 5] Pending DATA decrement reason=ACK neighbor=1 pending=2
[HOP 5] Adaptive flow threshold increased neighbor=1 old=3 new=4 effectiveWindow=5
[NWK 5] NSDP(5->1) decremented to 8
[NWK 5] HOP completion released NSDP slot; awaiting HOP queue wake flow=5->1
[HOP 5] Pending DATA decrement reason=ACK neighbor=1 pending=1
[NWK 5] NSDP(5->1) decremented to 7
[NWK 5] HOP completion released NSDP slot; awaiting HOP queue wake flow=5->1
[HOP 5] Pending DATA decrement reason=ACK neighbor=1 pending=0
[NWK 5] NSDP(5->1) decremented to 6
[NWK 5] HOP completion released NSDP slot; awaiting HOP queue wake flow=5->1
[NWK 5] CheckNwkQueue: size=6
[HOP 5] CanSendToHop dest=1 outstanding=0 threshold=4 effectiveWindow=5 pendingData=0 globalLimit=16 neighborOK=1 nodeOK=1 -> YES
[HOP 5] link_control dest=1 neighborKnown=1 s0=-109 pathloss=70 failures=0 speed=128 txPower=33 rxPower=-109 cost=116
[HOP 5] Pending DATA increment dest=1 pending=1
[HOP 5] TX historical-bare DATA neighbor=1 hopSeq=15
[MAC] Enqueue TX pkt dscp=0 insert_pos=0 queue_size_before=0
[HOP 5] CanSendToHop dest=1 outstanding=1 threshold=4 effectiveWindow=5 pendingData=1 globalLimit=16 neighborOK=1 nodeOK=1 -> YES
[HOP 5] link_control dest=1 neighborKnown=1 s0=-109 pathloss=70 failures=0 speed=128 txPower=33 rxPower=-109 cost=116
[HOP 5] Pending DATA increment dest=1 pending=2
[HOP 5] TX historical-bare DATA neighbor=1 hopSeq=16
[MAC] Enqueue TX pkt dscp=0 insert_pos=1 queue_size_before=1
[HOP 5] CanSendToHop dest=1 outstanding=2 threshold=4 effectiveWindow=5 pendingData=2 globalLimit=16 neighborOK=1 nodeOK=1 -> YES
[HOP 5] link_control dest=1 neighborKnown=1 s0=-109 pathloss=70 failures=0 speed=128 txPower=33 rxPower=-109 cost=116
[HOP 5] Pending DATA increment dest=1 pending=3
[HOP 5] TX historical-bare DATA neighbor=1 hopSeq=17
[MAC] Enqueue TX pkt dscp=0 insert_pos=2 queue_size_before=2
[HOP 5] CanSendToHop dest=1 outstanding=3 threshold=4 effectiveWindow=5 pendingData=3 globalLimit=16 neighborOK=1 nodeOK=1 -> YES
[HOP 5] link_control dest=1 neighborKnown=1 s0=-109 pathloss=70 failures=0 speed=128 txPower=33 rxPower=-109 cost=116
[HOP 5] Pending DATA increment dest=1 pending=4
[HOP 5] TX historical-bare DATA neighbor=1 hopSeq=18
[MAC] Enqueue TX pkt dscp=0 insert_pos=3 queue_size_before=3
[HOP 5] CanSendToHop dest=1 outstanding=4 threshold=4 effectiveWindow=5 pendingData=4 globalLimit=16 neighborOK=1 nodeOK=1 -> YES
[HOP 5] link_control dest=1 neighborKnown=1 s0=-109 pathloss=70 failures=0 speed=128 txPower=33 rxPower=-109 cost=116
[HOP 5] Pending DATA increment dest=1 pending=5
[HOP 5] TX historical-bare DATA neighbor=1 hopSeq=19
[MAC] Enqueue TX pkt dscp=0 insert_pos=4 queue_size_before=4
[HOP 5] CanSendToHop dest=1 outstanding=5 threshold=4 effectiveWindow=5 pendingData=5 globalLimit=16 neighborOK=0 nodeOK=1 -> NO
[MAC 5] PickTxSlot(dest=1) active_nodes_for_slotting=3 opnet_slot_range=31
[MAC 5] avoiding neighbor 1 currentReservedSlot=0 rtslot_counter=0
[MAC 5] PickTxSlot(dest=1) avoid:
[MAC 5] PickTxSlot chose 9 using historical next_tslot modulo probe
[MAC 5] starts Pre-Tx with new slot=9 holdoff_over=1
[MAC 1] PickTxSlot(dest=5) active_nodes_for_slotting=3 opnet_slot_range=31
[MAC 1] PickTxSlot(dest=5) avoid:
[MAC 1] PickTxSlot chose 1 using historical next_tslot modulo probe
[MAC 1] TX opportunity reached currentSlot=1 reserveNextSlot=1
... type=1 speedKey=128[t=2.0895] TX from node 1 to dest 5 seq 14 size 41 bytes segments 1 at slot 1 rate 128 kbps txPower 33 dBm (133333 bps) preamble SHORT duration 0.02208 s
[MAC 1] ACK transmitted in aggregate dest=5 seq=14 txCount=2/5
[MAC 1] OPNET aggregate transmitted segments=1 ackSegments=1 dataSegments=0 bytes=41 rate=128
[MAC 5] rtslot_counter expired for neighbor 1 reserveSlot=1
[MAC 1] resumes Pre-Tx with live slot=1 counter=1
[MAC 5] Learned neighbor 1 uses slot 1 (rtCounter=1)
[HOP 5] RX ACK from 1 seq=14
[NWK 5] CheckNwkQueue: size=1
[HOP 5] CanSendToHop dest=1 outstanding=5 threshold=4 effectiveWindow=5 pendingData=5 globalLimit=16 neighborOK=0 nodeOK=1 -> NO
[MAC 1] PickTxSlot(dest=5) active_nodes_for_slotting=3 opnet_slot_range=31
[MAC 1] PickTxSlot(dest=5) avoid:
[MAC 1] PickTxSlot chose 1 using historical next_tslot modulo probe
[MAC 1] TX opportunity reached currentSlot=1 reserveNextSlot=1
... type=1 speedKey=128[t=2.1285] TX from node 1 to dest 5 seq 14 size 41 bytes segments 1 at slot 1 rate 128 kbps txPower 33 dBm (133333 bps) preamble SHORT duration 0.02208 s
[MAC 1] ACK transmitted in aggregate dest=5 seq=14 txCount=3/5
[MAC 1] OPNET aggregate transmitted segments=1 ackSegments=1 dataSegments=0 bytes=41 rate=128
[MAC 5] rtslot_counter expired for neighbor 1 reserveSlot=1
[MAC 1] resumes Pre-Tx with live slot=1 counter=1
[MAC 5] Learned neighbor 1 uses slot 1 (rtCounter=1)
[HOP 5] RX ACK from 1 seq=14
[NWK 5] CheckNwkQueue: size=1
[HOP 5] CanSendToHop dest=1 outstanding=5 threshold=4 effectiveWindow=5 pendingData=5 globalLimit=16 neighborOK=0 nodeOK=1 -> NO
[MAC 1] PickTxSlot(dest=5) active_nodes_for_slotting=3 opnet_slot_range=31
[MAC 1] PickTxSlot(dest=5) avoid:
[MAC 1] PickTxSlot chose 1 using historical next_tslot modulo probe
[MAC 1] TX opportunity reached currentSlot=1 reserveNextSlot=1
... type=1 speedKey=128[t=2.1675] TX from node 1 to dest 5 seq 14 size 41 bytes segments 1 at slot 1 rate 128 kbps txPower 33 dBm (133333 bps) preamble SHORT duration 0.02208 s
[MAC 1] ACK transmitted in aggregate dest=5 seq=14 txCount=4/5
[MAC 1] OPNET aggregate transmitted segments=1 ackSegments=1 dataSegments=0 bytes=41 rate=128
[MAC 5] rtslot_counter expired for neighbor 1 reserveSlot=1
[MAC 1] resumes Pre-Tx with live slot=1 counter=1
[MAC 5] Learned neighbor 1 uses slot 1 (rtCounter=1)
[HOP 5] RX ACK from 1 seq=14
[NWK 5] CheckNwkQueue: size=1
[HOP 5] CanSendToHop dest=1 outstanding=5 threshold=4 effectiveWindow=5 pendingData=5 globalLimit=16 neighborOK=0 nodeOK=1 -> NO
[MAC 1] PickTxSlot(dest=5) active_nodes_for_slotting=3 opnet_slot_range=31
[MAC 1] PickTxSlot(dest=5) avoid:
[MAC 1] PickTxSlot chose 1 using historical next_tslot modulo probe
[MAC 1] TX opportunity reached currentSlot=1 reserveNextSlot=1
... type=1 speedKey=128[t=2.2065] TX from node 1 to dest 5 seq 14 size 41 bytes segments 1 at slot 1 rate 128 kbps txPower 33 dBm (133333 bps) preamble SHORT duration 0.02208 s
[MAC 1] ACK transmitted in aggregate dest=5 seq=14 txCount=5/5
[MAC 1] Remove ACK after OPNET resend limit dest=5 seq=14
[MAC 1] OPNET aggregate transmitted segments=1 ackSegments=1 dataSegments=0 bytes=41 rate=128
[MAC 5] rtslot_counter expired for neighbor 1 reserveSlot=1
[MAC 5] PickTxSlot(dest=1) active_nodes_for_slotting=3 opnet_slot_range=31
[MAC 5] PickTxSlot(dest=1) avoid:
[MAC 5] PickTxSlot chose 1 using historical next_tslot modulo probe
[MAC 5] TX opportunity reached currentSlot=9 reserveNextSlot=1
... type=0 speedKey=128[t=2.21] TX from node 5 to dest 1 seq 15 size 240 bytes segments 5 at slot 1 rate 128 kbps txPower 33 dBm (133333 bps) preamble SHORT duration 0.03402 s
[HOP 5] MAC sent confirmation dest=1 seq=15 transmission=1 sentAt=2.21
[HOP 5] MAC sent confirmation dest=1 seq=16 transmission=1 sentAt=2.21
[HOP 5] MAC sent confirmation dest=1 seq=17 transmission=1 sentAt=2.21
[HOP 5] MAC sent confirmation dest=1 seq=18 transmission=1 sentAt=2.21
[HOP 5] MAC sent confirmation dest=1 seq=19 transmission=1 sentAt=2.21
[MAC 5] OPNET aggregate transmitted segments=5 ackSegments=0 dataSegments=5 bytes=240 rate=128
[MAC 1] post-TX WAIT_FOR_ACK until 22.2286 (POST_TX_WAIT=20 s)
[MAC 5] Learned neighbor 1 uses slot 1 (rtCounter=1)
[HOP 5] RX ACK from 1 seq=14
[NWK 5] CheckNwkQueue: size=1
[HOP 5] CanSendToHop dest=1 outstanding=5 threshold=4 effectiveWindow=5 pendingData=5 globalLimit=16 neighborOK=0 nodeOK=1 -> NO
[MAC 5] post-TX WAIT_FOR_ACK until 22.244 (POST_TX_WAIT=20 s)
[MAC 1] Learned neighbor 5 uses slot 1 (rtCounter=1)
[HOP 1] link_control dest=5 neighborKnown=1 s0=-109 pathloss=70 failures=0 speed=128 txPower=33 rxPower=-109 cost=116
[MAC 1] Enqueue ACK dest=5 seq=15 window=1 ack_queue_size=1
[NWK 1] Updated reverse path netSrc=5 reverseHop=5
[HOP 1] link_control dest=5 neighborKnown=1 s0=-109 pathloss=70 failures=0 speed=128 txPower=33 rxPower=-109 cost=116
[MAC 1] Update cumulative ACK queue entry dest=5 baseSeq=16 txCount=0
[NWK 1] Updated reverse path netSrc=5 reverseHop=5
[HOP 1] link_control dest=5 neighborKnown=1 s0=-109 pathloss=70 failures=0 speed=128 txPower=33 rxPower=-109 cost=116
[MAC 1] Update cumulative ACK queue entry dest=5 baseSeq=17 txCount=0
[NWK 1] Updated reverse path netSrc=5 reverseHop=5
[HOP 1] link_control dest=5 neighborKnown=1 s0=-109 pathloss=70 failures=0 speed=128 txPower=33 rxPower=-109 cost=116
[MAC 1] Update cumulative ACK queue entry dest=5 baseSeq=18 txCount=0
[NWK 1] Updated reverse path netSrc=5 reverseHop=5
[HOP 1] link_control dest=5 neighborKnown=1 s0=-109 pathloss=70 failures=0 speed=128 txPower=33 rxPower=-109 cost=116
[MAC 1] Update cumulative ACK queue entry dest=5 baseSeq=19 txCount=0
[NWK 1] Updated reverse path netSrc=5 reverseHop=5
[MAC 1] local advertised reservation expired
[MAC 1] PickTxSlot(dest=5) active_nodes_for_slotting=3 opnet_slot_range=31
[MAC 1] avoiding neighbor 5 currentReservedSlot=0 rtslot_counter=0
[MAC 1] PickTxSlot(dest=5) avoid:
[MAC 1] PickTxSlot chose 1 using historical next_tslot modulo probe
[MAC 1] starts Pre-Tx with new slot=1 holdoff_over=1
[MAC 1] rtslot_counter expired for neighbor 5 reserveSlot=1
[MAC 5] rtslot_counter expired for neighbor 1 reserveSlot=1
[MAC 5] local advertised reservation expired
[MAC 1] PickTxSlot(dest=5) active_nodes_for_slotting=3 opnet_slot_range=31
[MAC 1] PickTxSlot(dest=5) avoid:
[MAC 1] PickTxSlot chose 1 using historical next_tslot modulo probe
[MAC 1] TX opportunity reached currentSlot=1 reserveNextSlot=1
... type=1 speedKey=128[t=2.2715] TX from node 1 to dest 5 seq 19 size 41 bytes segments 1 at slot 1 rate 128 kbps txPower 33 dBm (133333 bps) preamble SHORT duration 0.02208 s
[MAC 1] ACK transmitted in aggregate dest=5 seq=19 txCount=1/5
[MAC 1] OPNET aggregate transmitted segments=1 ackSegments=1 dataSegments=0 bytes=41 rate=128
[MAC 1] resumes Pre-Tx with live slot=1 counter=1
[MAC 5] Learned neighbor 1 uses slot 1 (rtCounter=1)
[HOP 5] RX ACK from 1 seq=19
[HOP 5] Pending DATA decrement reason=ACK neighbor=1 pending=4
[HOP 5] Adaptive flow threshold increased neighbor=1 old=4 new=5 effectiveWindow=6
[NWK 5] NSDP(5->1) decremented to 5
[NWK 5] HOP completion released NSDP slot; awaiting HOP queue wake flow=5->1
[HOP 5] Pending DATA decrement reason=ACK neighbor=1 pending=3
[NWK 5] NSDP(5->1) decremented to 4
[NWK 5] HOP completion released NSDP slot; awaiting HOP queue wake flow=5->1
[HOP 5] Pending DATA decrement reason=ACK neighbor=1 pending=2
[NWK 5] NSDP(5->1) decremented to 3
[NWK 5] HOP completion released NSDP slot; awaiting HOP queue wake flow=5->1
[HOP 5] Pending DATA decrement reason=ACK neighbor=1 pending=1
[HOP 5] Adaptive flow threshold increased neighbor=1 old=5 new=6 effectiveWindow=7
[NWK 5] NSDP(5->1) decremented to 2
[NWK 5] HOP completion released NSDP slot; awaiting HOP queue wake flow=5->1
[HOP 5] Pending DATA decrement reason=ACK neighbor=1 pending=0
[NWK 5] NSDP(5->1) decremented to 1
[NWK 5] HOP completion released NSDP slot; awaiting HOP queue wake flow=5->1
[NWK 5] CheckNwkQueue: size=1
[HOP 5] CanSendToHop dest=1 outstanding=0 threshold=6 effectiveWindow=7 pendingData=0 globalLimit=16 neighborOK=1 nodeOK=1 -> YES
[HOP 5] link_control dest=1 neighborKnown=1 s0=-109 pathloss=70 failures=0 speed=128 txPower=33 rxPower=-109 cost=116
[HOP 5] Pending DATA increment dest=1 pending=1
[HOP 5] TX historical-bare DATA neighbor=1 hopSeq=20
[MAC] Enqueue TX pkt dscp=0 insert_pos=0 queue_size_before=0
[MAC 5] PickTxSlot(dest=1) active_nodes_for_slotting=3 opnet_slot_range=31
[MAC 5] avoiding neighbor 1 currentReservedSlot=0 rtslot_counter=0
[MAC 5] PickTxSlot(dest=1) avoid:
[MAC 5] PickTxSlot chose 9 using historical next_tslot modulo probe
[MAC 5] starts Pre-Tx with new slot=9 holdoff_over=1
[MAC 1] PickTxSlot(dest=5) active_nodes_for_slotting=3 opnet_slot_range=31
[MAC 1] PickTxSlot(dest=5) avoid:
[MAC 1] PickTxSlot chose 1 using historical next_tslot modulo probe
[MAC 1] TX opportunity reached currentSlot=1 reserveNextSlot=1
... type=1 speedKey=128[t=2.3105] TX from node 1 to dest 5 seq 19 size 41 bytes segments 1 at slot 1 rate 128 kbps txPower 33 dBm (133333 bps) preamble SHORT duration 0.02208 s
[MAC 1] ACK transmitted in aggregate dest=5 seq=19 txCount=2/5
[MAC 1] OPNET aggregate transmitted segments=1 ackSegments=1 dataSegments=0 bytes=41 rate=128
[MAC 5] rtslot_counter expired for neighbor 1 reserveSlot=1
[MAC 1] resumes Pre-Tx with live slot=1 counter=1
[MAC 5] Learned neighbor 1 uses slot 1 (rtCounter=1)
[HOP 5] RX ACK from 1 seq=19
[NWK 5] CheckNwkQueue: size=0
[MAC 1] PickTxSlot(dest=5) active_nodes_for_slotting=3 opnet_slot_range=31
[MAC 1] PickTxSlot(dest=5) avoid:
[MAC 1] PickTxSlot chose 1 using historical next_tslot modulo probe
[MAC 1] TX opportunity reached currentSlot=1 reserveNextSlot=1
... type=1 speedKey=128[t=2.3495] TX from node 1 to dest 5 seq 19 size 41 bytes segments 1 at slot 1 rate 128 kbps txPower 33 dBm (133333 bps) preamble SHORT duration 0.02208 s
[MAC 1] ACK transmitted in aggregate dest=5 seq=19 txCount=3/5
[MAC 1] OPNET aggregate transmitted segments=1 ackSegments=1 dataSegments=0 bytes=41 rate=128
[MAC 5] rtslot_counter expired for neighbor 1 reserveSlot=1
[MAC 1] resumes Pre-Tx with live slot=1 counter=1
[MAC 5] Learned neighbor 1 uses slot 1 (rtCounter=1)
[HOP 5] RX ACK from 1 seq=19
[NWK 5] CheckNwkQueue: size=0
[MAC 1] PickTxSlot(dest=5) active_nodes_for_slotting=3 opnet_slot_range=31
[MAC 1] PickTxSlot(dest=5) avoid:
[MAC 1] PickTxSlot chose 1 using historical next_tslot modulo probe
[MAC 1] TX opportunity reached currentSlot=1 reserveNextSlot=1
... type=1 speedKey=128[t=2.3885] TX from node 1 to dest 5 seq 19 size 41 bytes segments 1 at slot 1 rate 128 kbps txPower 33 dBm (133333 bps) preamble SHORT duration 0.02208 s
[MAC 1] ACK transmitted in aggregate dest=5 seq=19 txCount=4/5
[MAC 1] OPNET aggregate transmitted segments=1 ackSegments=1 dataSegments=0 bytes=41 rate=128
[MAC 5] rtslot_counter expired for neighbor 1 reserveSlot=1
[MAC 1] resumes Pre-Tx with live slot=1 counter=1
[MAC 5] Learned neighbor 1 uses slot 1 (rtCounter=1)
[HOP 5] RX ACK from 1 seq=19
[NWK 5] CheckNwkQueue: size=0
[MAC 1] PickTxSlot(dest=5) active_nodes_for_slotting=3 opnet_slot_range=31
[MAC 1] PickTxSlot(dest=5) avoid:
[MAC 1] PickTxSlot chose 1 using historical next_tslot modulo probe
[MAC 1] TX opportunity reached currentSlot=1 reserveNextSlot=1
... type=1 speedKey=128[t=2.4275] TX from node 1 to dest 5 seq 19 size 41 bytes segments 1 at slot 1 rate 128 kbps txPower 33 dBm (133333 bps) preamble SHORT duration 0.02208 s
[MAC 1] ACK transmitted in aggregate dest=5 seq=19 txCount=5/5
[MAC 1] Remove ACK after OPNET resend limit dest=5 seq=19
[MAC 1] OPNET aggregate transmitted segments=1 ackSegments=1 dataSegments=0 bytes=41 rate=128
[MAC 5] rtslot_counter expired for neighbor 1 reserveSlot=1
[MAC 5] PickTxSlot(dest=1) active_nodes_for_slotting=3 opnet_slot_range=31
[MAC 5] PickTxSlot(dest=1) avoid:
[MAC 5] PickTxSlot chose 1 using historical next_tslot modulo probe
[MAC 5] TX opportunity reached currentSlot=9 reserveNextSlot=1
... type=0 speedKey=128[t=2.431] TX from node 5 to dest 1 seq 20 size 48 bytes segments 1 at slot 1 rate 128 kbps txPower 33 dBm (133333 bps) preamble SHORT duration 0.0225 s
[HOP 5] MAC sent confirmation dest=1 seq=20 transmission=1 sentAt=2.431
[MAC 5] OPNET aggregate transmitted segments=1 ackSegments=0 dataSegments=1 bytes=48 rate=128
[MAC 1] post-TX WAIT_FOR_ACK until 22.4496 (POST_TX_WAIT=20 s)
[MAC 5] Learned neighbor 1 uses slot 1 (rtCounter=1)
[HOP 5] RX ACK from 1 seq=19
[NWK 5] CheckNwkQueue: size=0
[MAC 5] post-TX WAIT_FOR_ACK until 22.4535 (POST_TX_WAIT=20 s)
[MAC 1] Learned neighbor 5 uses slot 1 (rtCounter=1)
[HOP 1] link_control dest=5 neighborKnown=1 s0=-109 pathloss=70 failures=0 speed=128 txPower=33 rxPower=-109 cost=116
[MAC 1] Enqueue ACK dest=5 seq=20 window=1 ack_queue_size=1
[NWK 1] Updated reverse path netSrc=5 reverseHop=5
[MAC 1] resumes Pre-Tx with live slot=1 counter=0
[MAC 1] rtslot_counter expired for neighbor 5 reserveSlot=1
[MAC 1] PickTxSlot(dest=5) active_nodes_for_slotting=3 opnet_slot_range=31
[MAC 1] PickTxSlot(dest=5) avoid:
[MAC 1] PickTxSlot chose 1 using historical next_tslot modulo probe
[MAC 1] TX opportunity reached currentSlot=1 reserveNextSlot=1
... type=1 speedKey=128[t=2.4665] TX from node 1 to dest 5 seq 20 size 41 bytes segments 1 at slot 1 rate 128 kbps txPower 33 dBm (133333 bps) preamble SHORT duration 0.02208 s
[MAC 1] ACK transmitted in aggregate dest=5 seq=20 txCount=1/5
[MAC 1] OPNET aggregate transmitted segments=1 ackSegments=1 dataSegments=0 bytes=41 rate=128
[MAC 5] rtslot_counter expired for neighbor 1 reserveSlot=1
[MAC 5] local advertised reservation expired
[MAC 1] resumes Pre-Tx with live slot=1 counter=1
[MAC 5] Learned neighbor 1 uses slot 1 (rtCounter=1)
[HOP 5] RX ACK from 1 seq=20
[HOP 5] Pending DATA decrement reason=ACK neighbor=1 pending=0
[NWK 5] NSDP(5->1) decremented to 0
[NWK 5] HOP completion released NSDP slot; awaiting HOP queue wake flow=5->1
[NWK 5] CheckNwkQueue: size=0
[MAC 1] PickTxSlot(dest=5) active_nodes_for_slotting=3 opnet_slot_range=31
[MAC 1] PickTxSlot(dest=5) avoid:
[MAC 1] PickTxSlot chose 1 using historical next_tslot modulo probe
[MAC 1] TX opportunity reached currentSlot=1 reserveNextSlot=1
... type=1 speedKey=128[t=2.5055] TX from node 1 to dest 5 seq 20 size 41 bytes segments 1 at slot 1 rate 128 kbps txPower 33 dBm (133333 bps) preamble SHORT duration 0.02208 s
[MAC 1] ACK transmitted in aggregate dest=5 seq=20 txCount=2/5
[MAC 1] OPNET aggregate transmitted segments=1 ackSegments=1 dataSegments=0 bytes=41 rate=128
[MAC 5] rtslot_counter expired for neighbor 1 reserveSlot=1
[MAC 1] resumes Pre-Tx with live slot=1 counter=1
[MAC 5] Learned neighbor 1 uses slot 1 (rtCounter=1)
[HOP 5] RX ACK from 1 seq=20
[NWK 5] CheckNwkQueue: size=0
[MAC 1] PickTxSlot(dest=5) active_nodes_for_slotting=3 opnet_slot_range=31
[MAC 1] PickTxSlot(dest=5) avoid:
[MAC 1] PickTxSlot chose 1 using historical next_tslot modulo probe
[MAC 1] TX opportunity reached currentSlot=1 reserveNextSlot=1
... type=1 speedKey=128[t=2.5445] TX from node 1 to dest 5 seq 20 size 41 bytes segments 1 at slot 1 rate 128 kbps txPower 33 dBm (133333 bps) preamble SHORT duration 0.02208 s
[MAC 1] ACK transmitted in aggregate dest=5 seq=20 txCount=3/5
[MAC 1] OPNET aggregate transmitted segments=1 ackSegments=1 dataSegments=0 bytes=41 rate=128
[MAC 5] rtslot_counter expired for neighbor 1 reserveSlot=1
[MAC 1] resumes Pre-Tx with live slot=1 counter=1
[MAC 5] Learned neighbor 1 uses slot 1 (rtCounter=1)
[HOP 5] RX ACK from 1 seq=20
[NWK 5] CheckNwkQueue: size=0
[MAC 1] PickTxSlot(dest=5) active_nodes_for_slotting=3 opnet_slot_range=31
[MAC 1] PickTxSlot(dest=5) avoid:
[MAC 1] PickTxSlot chose 1 using historical next_tslot modulo probe
[MAC 1] TX opportunity reached currentSlot=1 reserveNextSlot=1
... type=1 speedKey=128[t=2.5835] TX from node 1 to dest 5 seq 20 size 41 bytes segments 1 at slot 1 rate 128 kbps txPower 33 dBm (133333 bps) preamble SHORT duration 0.02208 s
[MAC 1] ACK transmitted in aggregate dest=5 seq=20 txCount=4/5
[MAC 1] OPNET aggregate transmitted segments=1 ackSegments=1 dataSegments=0 bytes=41 rate=128
[MAC 5] rtslot_counter expired for neighbor 1 reserveSlot=1
[MAC 1] resumes Pre-Tx with live slot=1 counter=1
[MAC 5] Learned neighbor 1 uses slot 1 (rtCounter=1)
[HOP 5] RX ACK from 1 seq=20
[NWK 5] CheckNwkQueue: size=0
[MAC 1] PickTxSlot(dest=5) active_nodes_for_slotting=3 opnet_slot_range=31
[MAC 1] PickTxSlot(dest=5) avoid:
[MAC 1] PickTxSlot chose 1 using historical next_tslot modulo probe
[MAC 1] TX opportunity reached currentSlot=1 reserveNextSlot=1
... type=1 speedKey=128[t=2.6225] TX from node 1 to dest 5 seq 20 size 41 bytes segments 1 at slot 1 rate 128 kbps txPower 33 dBm (133333 bps) preamble SHORT duration 0.02208 s
[MAC 1] ACK transmitted in aggregate dest=5 seq=20 txCount=5/5
[MAC 1] Remove ACK after OPNET resend limit dest=5 seq=20
[MAC 1] OPNET aggregate transmitted segments=1 ackSegments=1 dataSegments=0 bytes=41 rate=128
[MAC 5] rtslot_counter expired for neighbor 1 reserveSlot=1
[MAC 1] post-TX WAIT_FOR_ACK until 22.6446 (POST_TX_WAIT=20 s)
[MAC 5] Learned neighbor 1 uses slot 1 (rtCounter=1)
[HOP 5] RX ACK from 1 seq=20
[NWK 5] CheckNwkQueue: size=0
[MAC 1] local advertised reservation expired
[MAC 5] rtslot_counter expired for neighbor 1 reserveSlot=1
[NWK 1] automatic_route_propagation=disabled
[NWK 1] routing_snapshot_response_enabled=false
[NWK 1] ARL neighbor admission=disabled
[NWK 1] Routing INFO changed reason=link-control limits changed
[MAC 1] active_nodes set to 3 for local slotting and post-TX wait
[MAC 1] max_reported_active_nodes updated to 3
[NWK 4] automatic_route_propagation=disabled
[NWK 4] routing_snapshot_response_enabled=false
[NWK 4] ARL neighbor admission=disabled
[NWK 4] Routing INFO changed reason=link-control limits changed
[MAC 4] active_nodes set to 3 for local slotting and post-TX wait
[MAC 4] max_reported_active_nodes updated to 3
[NWK 5] automatic_route_propagation=disabled
[NWK 5] routing_snapshot_response_enabled=false
[NWK 5] ARL neighbor admission=disabled
[NWK 5] Routing INFO changed reason=link-control limits changed
[MAC 5] active_nodes set to 3 for local slotting and post-TX wait
[MAC 5] max_reported_active_nodes updated to 3
[NWK 4] Added route candidate dst=1 nextHop=5 hops=2 cost=232 linkCost=232 advCost=0 learnedFrom=16777215 selectionDeferred=0 selected=1
[NWK 4] Updated selected-route preference dst=1 preferredNextHop=5
[NWK 4] Selected route changed dst=1 reason=candidate update pendingDestinations=1
[NWK 4] Static route link_calc dst=1 nextHop=5 pathloss=70 speed=128 txPower=33 estDistance=298 speedMargin=60 totalMargin=60 cost=232
[NWK 5] Added route candidate dst=1 nextHop=1 hops=1 cost=232 linkCost=232 advCost=0 learnedFrom=16777215 selectionDeferred=0 selected=1
[NWK 5] Updated selected-route preference dst=1 preferredNextHop=1
[NWK 5] Selected route changed dst=1 reason=candidate update pendingDestinations=1
[NWK 5] Static route link_calc dst=1 nextHop=1 pathloss=70 speed=128 txPower=33 estDistance=298 speedMargin=60 totalMargin=60 cost=232
[NWK 1] routesProcess grouped selected-route changes count=0 infoChanged=1 time=0
[NWK 1] Automatic route propagation disabled; reporting only
[NWK 4] routesProcess grouped selected-route changes count=1 infoChanged=1 time=0
[NWK 4] Best route dst=1 nextHop=5 cost=232 hops=2 learnedFrom=16777215 candidates=1 validCandidates=1
[NWK 4] Automatic route propagation disabled; reporting only
[NWK 5] routesProcess grouped selected-route changes count=1 infoChanged=1 time=0
[NWK 5] Best route dst=1 nextHop=1 cost=232 hops=1 learnedFrom=16777215 candidates=1 validCandidates=1
[NWK 5] Automatic route propagation disabled; reporting only
[NWK 4] NSDP(4->1) incremented to 1
[NWK 5] NSDP(5->1) incremented to 1
[NWK 4] CheckNwkQueue: size=1
[HOP 4] CanSendToHop dest=5 outstanding=0 threshold=0 effectiveWindow=1 pendingData=0 globalLimit=16 neighborOK=1 nodeOK=1 -> YES
[HOP 4] link_control dest=5 neighborKnown=0 speed=128 txPower=33 rxPower=-109
[HOP 4] Pending DATA increment dest=5 pending=1
[HOP 4] TX historical-bare DATA neighbor=5 hopSeq=1
[MAC] Enqueue TX pkt dscp=0 insert_pos=0 queue_size_before=0
[NWK 5] CheckNwkQueue: size=1
[HOP 5] CanSendToHop dest=1 outstanding=0 threshold=0 effectiveWindow=1 pendingData=0 globalLimit=16 neighborOK=1 nodeOK=1 -> YES
[HOP 5] link_control dest=1 neighborKnown=0 speed=128 txPower=33 rxPower=-109
[HOP 5] Pending DATA increment dest=1 pending=1
[HOP 5] TX historical-bare DATA neighbor=1 hopSeq=1
[MAC] Enqueue TX pkt dscp=0 insert_pos=0 queue_size_before=0
[MAC 4] PickTxSlot(dest=5) active_nodes_for_slotting=3 opnet_slot_range=31
[MAC 4] PickTxSlot(dest=5) avoid:
[MAC 4] PickTxSlot chose 3 using historical next_tslot modulo probe
[MAC 4] starts Pre-Tx with new slot=3 holdoff_over=0
[MAC 5] PickTxSlot(dest=1) active_nodes_for_slotting=3 opnet_slot_range=31
[MAC 5] PickTxSlot(dest=1) avoid:
[MAC 5] PickTxSlot chose 9 using historical next_tslot modulo probe
[MAC 5] starts Pre-Tx with new slot=9 holdoff_over=0
[NWK 4] NSDP(4->1) incremented to 2
[NWK 5] NSDP(5->1) incremented to 2
[NWK 4] CheckNwkQueue: size=1
[HOP 4] CanSendToHop dest=5 outstanding=1 threshold=0 effectiveWindow=1 pendingData=1 globalLimit=16 neighborOK=0 nodeOK=1 -> NO
[NWK 5] CheckNwkQueue: size=1
[HOP 5] CanSendToHop dest=1 outstanding=1 threshold=0 effectiveWindow=1 pendingData=1 globalLimit=16 neighborOK=0 nodeOK=1 -> NO
[NWK 4] NSDP(4->1) incremented to 3
[NWK 5] NSDP(5->1) incremented to 3
[NWK 4] CheckNwkQueue: size=2
[HOP 4] CanSendToHop dest=5 outstanding=1 threshold=0 effectiveWindow=1 pendingData=1 globalLimit=16 neighborOK=0 nodeOK=1 -> NO
[HOP 4] CanSendToHop dest=5 outstanding=1 threshold=0 effectiveWindow=1 pendingData=1 globalLimit=16 neighborOK=0 nodeOK=1 -> NO
[NWK 5] CheckNwkQueue: size=2
[HOP 5] CanSendToHop dest=1 outstanding=1 threshold=0 effectiveWindow=1 pendingData=1 globalLimit=16 neighborOK=0 nodeOK=1 -> NO
[HOP 5] CanSendToHop dest=1 outstanding=1 threshold=0 effectiveWindow=1 pendingData=1 globalLimit=16 neighborOK=0 nodeOK=1 -> NO
[NWK 4] NSDP(4->1) incremented to 4
[NWK 5] NSDP(5->1) incremented to 4
[NWK 4] CheckNwkQueue: size=3
[HOP 4] CanSendToHop dest=5 outstanding=1 threshold=0 effectiveWindow=1 pendingData=1 globalLimit=16 neighborOK=0 nodeOK=1 -> NO
[HOP 4] CanSendToHop dest=5 outstanding=1 threshold=0 effectiveWindow=1 pendingData=1 globalLimit=16 neighborOK=0 nodeOK=1 -> NO
[HOP 4] CanSendToHop dest=5 outstanding=1 threshold=0 effectiveWindow=1 pendingData=1 globalLimit=16 neighborOK=0 nodeOK=1 -> NO
[NWK 5] CheckNwkQueue: size=3
[HOP 5] CanSendToHop dest=1 outstanding=1 threshold=0 effectiveWindow=1 pendingData=1 globalLimit=16 neighborOK=0 nodeOK=1 -> NO
[HOP 5] CanSendToHop dest=1 outstanding=1 threshold=0 effectiveWindow=1 pendingData=1 globalLimit=16 neighborOK=0 nodeOK=1 -> NO
[HOP 5] CanSendToHop dest=1 outstanding=1 threshold=0 effectiveWindow=1 pendingData=1 globalLimit=16 neighborOK=0 nodeOK=1 -> NO
[NWK 4] NSDP(4->1) incremented to 5
[NWK 5] NSDP(5->1) incremented to 5
[NWK 4] CheckNwkQueue: size=4
[HOP 4] CanSendToHop dest=5 outstanding=1 threshold=0 effectiveWindow=1 pendingData=1 globalLimit=16 neighborOK=0 nodeOK=1 -> NO
[HOP 4] CanSendToHop dest=5 outstanding=1 threshold=0 effectiveWindow=1 pendingData=1 globalLimit=16 neighborOK=0 nodeOK=1 -> NO
[HOP 4] CanSendToHop dest=5 outstanding=1 threshold=0 effectiveWindow=1 pendingData=1 globalLimit=16 neighborOK=0 nodeOK=1 -> NO
[HOP 4] CanSendToHop dest=5 outstanding=1 threshold=0 effectiveWindow=1 pendingData=1 globalLimit=16 neighborOK=0 nodeOK=1 -> NO
[NWK 5] CheckNwkQueue: size=4
[HOP 5] CanSendToHop dest=1 outstanding=1 threshold=0 effectiveWindow=1 pendingData=1 globalLimit=16 neighborOK=0 nodeOK=1 -> NO
[HOP 5] CanSendToHop dest=1 outstanding=1 threshold=0 effectiveWindow=1 pendingData=1 globalLimit=16 neighborOK=0 nodeOK=1 -> NO
[HOP 5] CanSendToHop dest=1 outstanding=1 threshold=0 effectiveWindow=1 pendingData=1 globalLimit=16 neighborOK=0 nodeOK=1 -> NO
[HOP 5] CanSendToHop dest=1 outstanding=1 threshold=0 effectiveWindow=1 pendingData=1 globalLimit=16 neighborOK=0 nodeOK=1 -> NO
[NWK 4] NSDP(4->1) incremented to 6
[NWK 5] NSDP(5->1) incremented to 6
[NWK 4] CheckNwkQueue: size=5
[HOP 4] CanSendToHop dest=5 outstanding=1 threshold=0 effectiveWindow=1 pendingData=1 globalLimit=16 neighborOK=0 nodeOK=1 -> NO
[HOP 4] CanSendToHop dest=5 outstanding=1 threshold=0 effectiveWindow=1 pendingData=1 globalLimit=16 neighborOK=0 nodeOK=1 -> NO
[HOP 4] CanSendToHop dest=5 outstanding=1 threshold=0 effectiveWindow=1 pendingData=1 globalLimit=16 neighborOK=0 nodeOK=1 -> NO
[HOP 4] CanSendToHop dest=5 outstanding=1 threshold=0 effectiveWindow=1 pendingData=1 globalLimit=16 neighborOK=0 nodeOK=1 -> NO
[HOP 4] CanSendToHop dest=5 outstanding=1 threshold=0 effectiveWindow=1 pendingData=1 globalLimit=16 neighborOK=0 nodeOK=1 -> NO
[NWK 5] CheckNwkQueue: size=5
[HOP 5] CanSendToHop dest=1 outstanding=1 threshold=0 effectiveWindow=1 pendingData=1 globalLimit=16 neighborOK=0 nodeOK=1 -> NO
[HOP 5] CanSendToHop dest=1 outstanding=1 threshold=0 effectiveWindow=1 pendingData=1 globalLimit=16 neighborOK=0 nodeOK=1 -> NO
[HOP 5] CanSendToHop dest=1 outstanding=1 threshold=0 effectiveWindow=1 pendingData=1 globalLimit=16 neighborOK=0 nodeOK=1 -> NO
[HOP 5] CanSendToHop dest=1 outstanding=1 threshold=0 effectiveWindow=1 pendingData=1 globalLimit=16 neighborOK=0 nodeOK=1 -> NO
[HOP 5] CanSendToHop dest=1 outstanding=1 threshold=0 effectiveWindow=1 pendingData=1 globalLimit=16 neighborOK=0 nodeOK=1 -> NO
[NWK 4] NSDP(4->1) incremented to 7
[NWK 5] NSDP(5->1) incremented to 7
[NWK 4] CheckNwkQueue: size=6
[HOP 4] CanSendToHop dest=5 outstanding=1 threshold=0 effectiveWindow=1 pendingData=1 globalLimit=16 neighborOK=0 nodeOK=1 -> NO
[HOP 4] CanSendToHop dest=5 outstanding=1 threshold=0 effectiveWindow=1 pendingData=1 globalLimit=16 neighborOK=0 nodeOK=1 -> NO
[HOP 4] CanSendToHop dest=5 outstanding=1 threshold=0 effectiveWindow=1 pendingData=1 globalLimit=16 neighborOK=0 nodeOK=1 -> NO
[HOP 4] CanSendToHop dest=5 outstanding=1 threshold=0 effectiveWindow=1 pendingData=1 globalLimit=16 neighborOK=0 nodeOK=1 -> NO
[HOP 4] CanSendToHop dest=5 outstanding=1 threshold=0 effectiveWindow=1 pendingData=1 globalLimit=16 neighborOK=0 nodeOK=1 -> NO
[HOP 4] CanSendToHop dest=5 outstanding=1 threshold=0 effectiveWindow=1 pendingData=1 globalLimit=16 neighborOK=0 nodeOK=1 -> NO
[NWK 5] CheckNwkQueue: size=6
[HOP 5] CanSendToHop dest=1 outstanding=1 threshold=0 effectiveWindow=1 pendingData=1 globalLimit=16 neighborOK=0 nodeOK=1 -> NO
[HOP 5] CanSendToHop dest=1 outstanding=1 threshold=0 effectiveWindow=1 pendingData=1 globalLimit=16 neighborOK=0 nodeOK=1 -> NO
[HOP 5] CanSendToHop dest=1 outstanding=1 threshold=0 effectiveWindow=1 pendingData=1 globalLimit=16 neighborOK=0 nodeOK=1 -> NO
[HOP 5] CanSendToHop dest=1 outstanding=1 threshold=0 effectiveWindow=1 pendingData=1 globalLimit=16 neighborOK=0 nodeOK=1 -> NO
[HOP 5] CanSendToHop dest=1 outstanding=1 threshold=0 effectiveWindow=1 pendingData=1 globalLimit=16 neighborOK=0 nodeOK=1 -> NO
[HOP 5] CanSendToHop dest=1 outstanding=1 threshold=0 effectiveWindow=1 pendingData=1 globalLimit=16 neighborOK=0 nodeOK=1 -> NO
[NWK 4] NSDP(4->1) incremented to 8
[NWK 5] NSDP(5->1) incremented to 8
[NWK 4] CheckNwkQueue: size=7
[HOP 4] CanSendToHop dest=5 outstanding=1 threshold=0 effectiveWindow=1 pendingData=1 globalLimit=16 neighborOK=0 nodeOK=1 -> NO
[HOP 4] CanSendToHop dest=5 outstanding=1 threshold=0 effectiveWindow=1 pendingData=1 globalLimit=16 neighborOK=0 nodeOK=1 -> NO
[HOP 4] CanSendToHop dest=5 outstanding=1 threshold=0 effectiveWindow=1 pendingData=1 globalLimit=16 neighborOK=0 nodeOK=1 -> NO
[HOP 4] CanSendToHop dest=5 outstanding=1 threshold=0 effectiveWindow=1 pendingData=1 globalLimit=16 neighborOK=0 nodeOK=1 -> NO
[HOP 4] CanSendToHop dest=5 outstanding=1 threshold=0 effectiveWindow=1 pendingData=1 globalLimit=16 neighborOK=0 nodeOK=1 -> NO
[HOP 4] CanSendToHop dest=5 outstanding=1 threshold=0 effectiveWindow=1 pendingData=1 globalLimit=16 neighborOK=0 nodeOK=1 -> NO
[HOP 4] CanSendToHop dest=5 outstanding=1 threshold=0 effectiveWindow=1 pendingData=1 globalLimit=16 neighborOK=0 nodeOK=1 -> NO
[NWK 5] CheckNwkQueue: size=7
[HOP 5] CanSendToHop dest=1 outstanding=1 threshold=0 effectiveWindow=1 pendingData=1 globalLimit=16 neighborOK=0 nodeOK=1 -> NO
[HOP 5] CanSendToHop dest=1 outstanding=1 threshold=0 effectiveWindow=1 pendingData=1 globalLimit=16 neighborOK=0 nodeOK=1 -> NO
[HOP 5] CanSendToHop dest=1 outstanding=1 threshold=0 effectiveWindow=1 pendingData=1 globalLimit=16 neighborOK=0 nodeOK=1 -> NO
[HOP 5] CanSendToHop dest=1 outstanding=1 threshold=0 effectiveWindow=1 pendingData=1 globalLimit=16 neighborOK=0 nodeOK=1 -> NO
[HOP 5] CanSendToHop dest=1 outstanding=1 threshold=0 effectiveWindow=1 pendingData=1 globalLimit=16 neighborOK=0 nodeOK=1 -> NO
[HOP 5] CanSendToHop dest=1 outstanding=1 threshold=0 effectiveWindow=1 pendingData=1 globalLimit=16 neighborOK=0 nodeOK=1 -> NO
[HOP 5] CanSendToHop dest=1 outstanding=1 threshold=0 effectiveWindow=1 pendingData=1 globalLimit=16 neighborOK=0 nodeOK=1 -> NO
[NWK 4] NSDP(4->1) incremented to 9
[NWK 5] NSDP(5->1) incremented to 9
[NWK 4] CheckNwkQueue: size=8
[HOP 4] CanSendToHop dest=5 outstanding=1 threshold=0 effectiveWindow=1 pendingData=1 globalLimit=16 neighborOK=0 nodeOK=1 -> NO
[HOP 4] CanSendToHop dest=5 outstanding=1 threshold=0 effectiveWindow=1 pendingData=1 globalLimit=16 neighborOK=0 nodeOK=1 -> NO
[HOP 4] CanSendToHop dest=5 outstanding=1 threshold=0 effectiveWindow=1 pendingData=1 globalLimit=16 neighborOK=0 nodeOK=1 -> NO
[HOP 4] CanSendToHop dest=5 outstanding=1 threshold=0 effectiveWindow=1 pendingData=1 globalLimit=16 neighborOK=0 nodeOK=1 -> NO
[HOP 4] CanSendToHop dest=5 outstanding=1 threshold=0 effectiveWindow=1 pendingData=1 globalLimit=16 neighborOK=0 nodeOK=1 -> NO
[HOP 4] CanSendToHop dest=5 outstanding=1 threshold=0 effectiveWindow=1 pendingData=1 globalLimit=16 neighborOK=0 nodeOK=1 -> NO
[HOP 4] CanSendToHop dest=5 outstanding=1 threshold=0 effectiveWindow=1 pendingData=1 globalLimit=16 neighborOK=0 nodeOK=1 -> NO
[HOP 4] CanSendToHop dest=5 outstanding=1 threshold=0 effectiveWindow=1 pendingData=1 globalLimit=16 neighborOK=0 nodeOK=1 -> NO
[NWK 5] CheckNwkQueue: size=8
[HOP 5] CanSendToHop dest=1 outstanding=1 threshold=0 effectiveWindow=1 pendingData=1 globalLimit=16 neighborOK=0 nodeOK=1 -> NO
[HOP 5] CanSendToHop dest=1 outstanding=1 threshold=0 effectiveWindow=1 pendingData=1 globalLimit=16 neighborOK=0 nodeOK=1 -> NO
[HOP 5] CanSendToHop dest=1 outstanding=1 threshold=0 effectiveWindow=1 pendingData=1 globalLimit=16 neighborOK=0 nodeOK=1 -> NO
[HOP 5] CanSendToHop dest=1 outstanding=1 threshold=0 effectiveWindow=1 pendingData=1 globalLimit=16 neighborOK=0 nodeOK=1 -> NO
[HOP 5] CanSendToHop dest=1 outstanding=1 threshold=0 effectiveWindow=1 pendingData=1 globalLimit=16 neighborOK=0 nodeOK=1 -> NO
[HOP 5] CanSendToHop dest=1 outstanding=1 threshold=0 effectiveWindow=1 pendingData=1 globalLimit=16 neighborOK=0 nodeOK=1 -> NO
[HOP 5] CanSendToHop dest=1 outstanding=1 threshold=0 effectiveWindow=1 pendingData=1 globalLimit=16 neighborOK=0 nodeOK=1 -> NO
[HOP 5] CanSendToHop dest=1 outstanding=1 threshold=0 effectiveWindow=1 pendingData=1 globalLimit=16 neighborOK=0 nodeOK=1 -> NO
[NWK 4] NSDP(4->1) incremented to 10
[NWK 5] NSDP(5->1) incremented to 10
[NWK 4] CheckNwkQueue: size=9
[HOP 4] CanSendToHop dest=5 outstanding=1 threshold=0 effectiveWindow=1 pendingData=1 globalLimit=16 neighborOK=0 nodeOK=1 -> NO
[HOP 4] CanSendToHop dest=5 outstanding=1 threshold=0 effectiveWindow=1 pendingData=1 globalLimit=16 neighborOK=0 nodeOK=1 -> NO
[HOP 4] CanSendToHop dest=5 outstanding=1 threshold=0 effectiveWindow=1 pendingData=1 globalLimit=16 neighborOK=0 nodeOK=1 -> NO
[HOP 4] CanSendToHop dest=5 outstanding=1 threshold=0 effectiveWindow=1 pendingData=1 globalLimit=16 neighborOK=0 nodeOK=1 -> NO
[HOP 4] CanSendToHop dest=5 outstanding=1 threshold=0 effectiveWindow=1 pendingData=1 globalLimit=16 neighborOK=0 nodeOK=1 -> NO
[HOP 4] CanSendToHop dest=5 outstanding=1 threshold=0 effectiveWindow=1 pendingData=1 globalLimit=16 neighborOK=0 nodeOK=1 -> NO
[HOP 4] CanSendToHop dest=5 outstanding=1 threshold=0 effectiveWindow=1 pendingData=1 globalLimit=16 neighborOK=0 nodeOK=1 -> NO
[HOP 4] CanSendToHop dest=5 outstanding=1 threshold=0 effectiveWindow=1 pendingData=1 globalLimit=16 neighborOK=0 nodeOK=1 -> NO
[HOP 4] CanSendToHop dest=5 outstanding=1 threshold=0 effectiveWindow=1 pendingData=1 globalLimit=16 neighborOK=0 nodeOK=1 -> NO
[NWK 5] CheckNwkQueue: size=9
[HOP 5] CanSendToHop dest=1 outstanding=1 threshold=0 effectiveWindow=1 pendingData=1 globalLimit=16 neighborOK=0 nodeOK=1 -> NO
[HOP 5] CanSendToHop dest=1 outstanding=1 threshold=0 effectiveWindow=1 pendingData=1 globalLimit=16 neighborOK=0 nodeOK=1 -> NO
[HOP 5] CanSendToHop dest=1 outstanding=1 threshold=0 effectiveWindow=1 pendingData=1 globalLimit=16 neighborOK=0 nodeOK=1 -> NO
[HOP 5] CanSendToHop dest=1 outstanding=1 threshold=0 effectiveWindow=1 pendingData=1 globalLimit=16 neighborOK=0 nodeOK=1 -> NO
[HOP 5] CanSendToHop dest=1 outstanding=1 threshold=0 effectiveWindow=1 pendingData=1 globalLimit=16 neighborOK=0 nodeOK=1 -> NO
[HOP 5] CanSendToHop dest=1 outstanding=1 threshold=0 effectiveWindow=1 pendingData=1 globalLimit=16 neighborOK=0 nodeOK=1 -> NO
[HOP 5] CanSendToHop dest=1 outstanding=1 threshold=0 effectiveWindow=1 pendingData=1 globalLimit=16 neighborOK=0 nodeOK=1 -> NO
[HOP 5] CanSendToHop dest=1 outstanding=1 threshold=0 effectiveWindow=1 pendingData=1 globalLimit=16 neighborOK=0 nodeOK=1 -> NO
[HOP 5] CanSendToHop dest=1 outstanding=1 threshold=0 effectiveWindow=1 pendingData=1 globalLimit=16 neighborOK=0 nodeOK=1 -> NO
[NWK 4] NSDP(4->1) incremented to 11
[NWK 5] NSDP(5->1) incremented to 11
[NWK 4] CheckNwkQueue: size=10
[HOP 4] CanSendToHop dest=5 outstanding=1 threshold=0 effectiveWindow=1 pendingData=1 globalLimit=16 neighborOK=0 nodeOK=1 -> NO
[HOP 4] CanSendToHop dest=5 outstanding=1 threshold=0 effectiveWindow=1 pendingData=1 globalLimit=16 neighborOK=0 nodeOK=1 -> NO
[HOP 4] CanSendToHop dest=5 outstanding=1 threshold=0 effectiveWindow=1 pendingData=1 globalLimit=16 neighborOK=0 nodeOK=1 -> NO
[HOP 4] CanSendToHop dest=5 outstanding=1 threshold=0 effectiveWindow=1 pendingData=1 globalLimit=16 neighborOK=0 nodeOK=1 -> NO
[HOP 4] CanSendToHop dest=5 outstanding=1 threshold=0 effectiveWindow=1 pendingData=1 globalLimit=16 neighborOK=0 nodeOK=1 -> NO
[HOP 4] CanSendToHop dest=5 outstanding=1 threshold=0 effectiveWindow=1 pendingData=1 globalLimit=16 neighborOK=0 nodeOK=1 -> NO
[HOP 4] CanSendToHop dest=5 outstanding=1 threshold=0 effectiveWindow=1 pendingData=1 globalLimit=16 neighborOK=0 nodeOK=1 -> NO
[HOP 4] CanSendToHop dest=5 outstanding=1 threshold=0 effectiveWindow=1 pendingData=1 globalLimit=16 neighborOK=0 nodeOK=1 -> NO
[HOP 4] CanSendToHop dest=5 outstanding=1 threshold=0 effectiveWindow=1 pendingData=1 globalLimit=16 neighborOK=0 nodeOK=1 -> NO
[HOP 4] CanSendToHop dest=5 outstanding=1 threshold=0 effectiveWindow=1 pendingData=1 globalLimit=16 neighborOK=0 nodeOK=1 -> NO
[NWK 5] CheckNwkQueue: size=10
[HOP 5] CanSendToHop dest=1 outstanding=1 threshold=0 effectiveWindow=1 pendingData=1 globalLimit=16 neighborOK=0 nodeOK=1 -> NO
[HOP 5] CanSendToHop dest=1 outstanding=1 threshold=0 effectiveWindow=1 pendingData=1 globalLimit=16 neighborOK=0 nodeOK=1 -> NO
[HOP 5] CanSendToHop dest=1 outstanding=1 threshold=0 effectiveWindow=1 pendingData=1 globalLimit=16 neighborOK=0 nodeOK=1 -> NO
[HOP 5] CanSendToHop dest=1 outstanding=1 threshold=0 effectiveWindow=1 pendingData=1 globalLimit=16 neighborOK=0 nodeOK=1 -> NO
[HOP 5] CanSendToHop dest=1 outstanding=1 threshold=0 effectiveWindow=1 pendingData=1 globalLimit=16 neighborOK=0 nodeOK=1 -> NO
[HOP 5] CanSendToHop dest=1 outstanding=1 threshold=0 effectiveWindow=1 pendingData=1 globalLimit=16 neighborOK=0 nodeOK=1 -> NO
[HOP 5] CanSendToHop dest=1 outstanding=1 threshold=0 effectiveWindow=1 pendingData=1 globalLimit=16 neighborOK=0 nodeOK=1 -> NO
[HOP 5] CanSendToHop dest=1 outstanding=1 threshold=0 effectiveWindow=1 pendingData=1 globalLimit=16 neighborOK=0 nodeOK=1 -> NO
[HOP 5] CanSendToHop dest=1 outstanding=1 threshold=0 effectiveWindow=1 pendingData=1 globalLimit=16 neighborOK=0 nodeOK=1 -> NO
[HOP 5] CanSendToHop dest=1 outstanding=1 threshold=0 effectiveWindow=1 pendingData=1 globalLimit=16 neighborOK=0 nodeOK=1 -> NO
[NWK 4] NSDP(4->1) incremented to 12
[NWK 5] NSDP(5->1) incremented to 12
[NWK 4] CheckNwkQueue: size=11
[HOP 4] CanSendToHop dest=5 outstanding=1 threshold=0 effectiveWindow=1 pendingData=1 globalLimit=16 neighborOK=0 nodeOK=1 -> NO
[HOP 4] CanSendToHop dest=5 outstanding=1 threshold=0 effectiveWindow=1 pendingData=1 globalLimit=16 neighborOK=0 nodeOK=1 -> NO
[HOP 4] CanSendToHop dest=5 outstanding=1 threshold=0 effectiveWindow=1 pendingData=1 globalLimit=16 neighborOK=0 nodeOK=1 -> NO
[HOP 4] CanSendToHop dest=5 outstanding=1 threshold=0 effectiveWindow=1 pendingData=1 globalLimit=16 neighborOK=0 nodeOK=1 -> NO
[HOP 4] CanSendToHop dest=5 outstanding=1 threshold=0 effectiveWindow=1 pendingData=1 globalLimit=16 neighborOK=0 nodeOK=1 -> NO
[HOP 4] CanSendToHop dest=5 outstanding=1 threshold=0 effectiveWindow=1 pendingData=1 globalLimit=16 neighborOK=0 nodeOK=1 -> NO
[HOP 4] CanSendToHop dest=5 outstanding=1 threshold=0 effectiveWindow=1 pendingData=1 globalLimit=16 neighborOK=0 nodeOK=1 -> NO
[HOP 4] CanSendToHop dest=5 outstanding=1 threshold=0 effectiveWindow=1 pendingData=1 globalLimit=16 neighborOK=0 nodeOK=1 -> NO
[HOP 4] CanSendToHop dest=5 outstanding=1 threshold=0 effectiveWindow=1 pendingData=1 globalLimit=16 neighborOK=0 nodeOK=1 -> NO
[HOP 4] CanSendToHop dest=5 outstanding=1 threshold=0 effectiveWindow=1 pendingData=1 globalLimit=16 neighborOK=0 nodeOK=1 -> NO
[HOP 4] CanSendToHop dest=5 outstanding=1 threshold=0 effectiveWindow=1 pendingData=1 globalLimit=16 neighborOK=0 nodeOK=1 -> NO
[NWK 5] CheckNwkQueue: size=11
[HOP 5] CanSendToHop dest=1 outstanding=1 threshold=0 effectiveWindow=1 pendingData=1 globalLimit=16 neighborOK=0 nodeOK=1 -> NO
[HOP 5] CanSendToHop dest=1 outstanding=1 threshold=0 effectiveWindow=1 pendingData=1 globalLimit=16 neighborOK=0 nodeOK=1 -> NO
[HOP 5] CanSendToHop dest=1 outstanding=1 threshold=0 effectiveWindow=1 pendingData=1 globalLimit=16 neighborOK=0 nodeOK=1 -> NO
[HOP 5] CanSendToHop dest=1 outstanding=1 threshold=0 effectiveWindow=1 pendingData=1 globalLimit=16 neighborOK=0 nodeOK=1 -> NO
[HOP 5] CanSendToHop dest=1 outstanding=1 threshold=0 effectiveWindow=1 pendingData=1 globalLimit=16 neighborOK=0 nodeOK=1 -> NO
[HOP 5] CanSendToHop dest=1 outstanding=1 threshold=0 effectiveWindow=1 pendingData=1 globalLimit=16 neighborOK=0 nodeOK=1 -> NO
[HOP 5] CanSendToHop dest=1 outstanding=1 threshold=0 effectiveWindow=1 pendingData=1 globalLimit=16 neighborOK=0 nodeOK=1 -> NO
[HOP 5] CanSendToHop dest=1 outstanding=1 threshold=0 effectiveWindow=1 pendingData=1 globalLimit=16 neighborOK=0 nodeOK=1 -> NO
[HOP 5] CanSendToHop dest=1 outstanding=1 threshold=0 effectiveWindow=1 pendingData=1 globalLimit=16 neighborOK=0 nodeOK=1 -> NO
[HOP 5] CanSendToHop dest=1 outstanding=1 threshold=0 effectiveWindow=1 pendingData=1 globalLimit=16 neighborOK=0 nodeOK=1 -> NO
[HOP 5] CanSendToHop dest=1 outstanding=1 threshold=0 effectiveWindow=1 pendingData=1 globalLimit=16 neighborOK=0 nodeOK=1 -> NO
[NWK 4] NSDP(4->1) incremented to 13
[NWK 5] NSDP(5->1) incremented to 13
[NWK 4] CheckNwkQueue: size=12
[HOP 4] CanSendToHop dest=5 outstanding=1 threshold=0 effectiveWindow=1 pendingData=1 globalLimit=16 neighborOK=0 nodeOK=1 -> NO
[HOP 4] CanSendToHop dest=5 outstanding=1 threshold=0 effectiveWindow=1 pendingData=1 globalLimit=16 neighborOK=0 nodeOK=1 -> NO
[HOP 4] CanSendToHop dest=5 outstanding=1 threshold=0 effectiveWindow=1 pendingData=1 globalLimit=16 neighborOK=0 nodeOK=1 -> NO
[HOP 4] CanSendToHop dest=5 outstanding=1 threshold=0 effectiveWindow=1 pendingData=1 globalLimit=16 neighborOK=0 nodeOK=1 -> NO
[HOP 4] CanSendToHop dest=5 outstanding=1 threshold=0 effectiveWindow=1 pendingData=1 globalLimit=16 neighborOK=0 nodeOK=1 -> NO
[HOP 4] CanSendToHop dest=5 outstanding=1 threshold=0 effectiveWindow=1 pendingData=1 globalLimit=16 neighborOK=0 nodeOK=1 -> NO
[HOP 4] CanSendToHop dest=5 outstanding=1 threshold=0 effectiveWindow=1 pendingData=1 globalLimit=16 neighborOK=0 nodeOK=1 -> NO
[HOP 4] CanSendToHop dest=5 outstanding=1 threshold=0 effectiveWindow=1 pendingData=1 globalLimit=16 neighborOK=0 nodeOK=1 -> NO
[HOP 4] CanSendToHop dest=5 outstanding=1 threshold=0 effectiveWindow=1 pendingData=1 globalLimit=16 neighborOK=0 nodeOK=1 -> NO
[HOP 4] CanSendToHop dest=5 outstanding=1 threshold=0 effectiveWindow=1 pendingData=1 globalLimit=16 neighborOK=0 nodeOK=1 -> NO
[HOP 4] CanSendToHop dest=5 outstanding=1 threshold=0 effectiveWindow=1 pendingData=1 globalLimit=16 neighborOK=0 nodeOK=1 -> NO
[HOP 4] CanSendToHop dest=5 outstanding=1 threshold=0 effectiveWindow=1 pendingData=1 globalLimit=16 neighborOK=0 nodeOK=1 -> NO
[NWK 5] CheckNwkQueue: size=12
[HOP 5] CanSendToHop dest=1 outstanding=1 threshold=0 effectiveWindow=1 pendingData=1 globalLimit=16 neighborOK=0 nodeOK=1 -> NO
[HOP 5] CanSendToHop dest=1 outstanding=1 threshold=0 effectiveWindow=1 pendingData=1 globalLimit=16 neighborOK=0 nodeOK=1 -> NO
[HOP 5] CanSendToHop dest=1 outstanding=1 threshold=0 effectiveWindow=1 pendingData=1 globalLimit=16 neighborOK=0 nodeOK=1 -> NO
[HOP 5] CanSendToHop dest=1 outstanding=1 threshold=0 effectiveWindow=1 pendingData=1 globalLimit=16 neighborOK=0 nodeOK=1 -> NO
[HOP 5] CanSendToHop dest=1 outstanding=1 threshold=0 effectiveWindow=1 pendingData=1 globalLimit=16 neighborOK=0 nodeOK=1 -> NO
[HOP 5] CanSendToHop dest=1 outstanding=1 threshold=0 effectiveWindow=1 pendingData=1 globalLimit=16 neighborOK=0 nodeOK=1 -> NO
[HOP 5] CanSendToHop dest=1 outstanding=1 threshold=0 effectiveWindow=1 pendingData=1 globalLimit=16 neighborOK=0 nodeOK=1 -> NO
[HOP 5] CanSendToHop dest=1 outstanding=1 threshold=0 effectiveWindow=1 pendingData=1 globalLimit=16 neighborOK=0 nodeOK=1 -> NO
[HOP 5] CanSendToHop dest=1 outstanding=1 threshold=0 effectiveWindow=1 pendingData=1 globalLimit=16 neighborOK=0 nodeOK=1 -> NO
[HOP 5] CanSendToHop dest=1 outstanding=1 threshold=0 effectiveWindow=1 pendingData=1 globalLimit=16 neighborOK=0 nodeOK=1 -> NO
[HOP 5] CanSendToHop dest=1 outstanding=1 threshold=0 effectiveWindow=1 pendingData=1 globalLimit=16 neighborOK=0 nodeOK=1 -> NO
[HOP 5] CanSendToHop dest=1 outstanding=1 threshold=0 effectiveWindow=1 pendingData=1 globalLimit=16 neighborOK=0 nodeOK=1 -> NO
[NWK 4] NSDP(4->1) incremented to 14
[NWK 5] NSDP(5->1) incremented to 14
[NWK 4] CheckNwkQueue: size=13
[HOP 4] CanSendToHop dest=5 outstanding=1 threshold=0 effectiveWindow=1 pendingData=1 globalLimit=16 neighborOK=0 nodeOK=1 -> NO
[HOP 4] CanSendToHop dest=5 outstanding=1 threshold=0 effectiveWindow=1 pendingData=1 globalLimit=16 neighborOK=0 nodeOK=1 -> NO
[HOP 4] CanSendToHop dest=5 outstanding=1 threshold=0 effectiveWindow=1 pendingData=1 globalLimit=16 neighborOK=0 nodeOK=1 -> NO
[HOP 4] CanSendToHop dest=5 outstanding=1 threshold=0 effectiveWindow=1 pendingData=1 globalLimit=16 neighborOK=0 nodeOK=1 -> NO
[HOP 4] CanSendToHop dest=5 outstanding=1 threshold=0 effectiveWindow=1 pendingData=1 globalLimit=16 neighborOK=0 nodeOK=1 -> NO
[HOP 4] CanSendToHop dest=5 outstanding=1 threshold=0 effectiveWindow=1 pendingData=1 globalLimit=16 neighborOK=0 nodeOK=1 -> NO
[HOP 4] CanSendToHop dest=5 outstanding=1 threshold=0 effectiveWindow=1 pendingData=1 globalLimit=16 neighborOK=0 nodeOK=1 -> NO
[HOP 4] CanSendToHop dest=5 outstanding=1 threshold=0 effectiveWindow=1 pendingData=1 globalLimit=16 neighborOK=0 nodeOK=1 -> NO
[HOP 4] CanSendToHop dest=5 outstanding=1 threshold=0 effectiveWindow=1 pendingData=1 globalLimit=16 neighborOK=0 nodeOK=1 -> NO
[HOP 4] CanSendToHop dest=5 outstanding=1 threshold=0 effectiveWindow=1 pendingData=1 globalLimit=16 neighborOK=0 nodeOK=1 -> NO
[HOP 4] CanSendToHop dest=5 outstanding=1 threshold=0 effectiveWindow=1 pendingData=1 globalLimit=16 neighborOK=0 nodeOK=1 -> NO
[HOP 4] CanSendToHop dest=5 outstanding=1 threshold=0 effectiveWindow=1 pendingData=1 globalLimit=16 neighborOK=0 nodeOK=1 -> NO
[HOP 4] CanSendToHop dest=5 outstanding=1 threshold=0 effectiveWindow=1 pendingData=1 globalLimit=16 neighborOK=0 nodeOK=1 -> NO
[NWK 5] CheckNwkQueue: size=13
[HOP 5] CanSendToHop dest=1 outstanding=1 threshold=0 effectiveWindow=1 pendingData=1 globalLimit=16 neighborOK=0 nodeOK=1 -> NO
[HOP 5] CanSendToHop dest=1 outstanding=1 threshold=0 effectiveWindow=1 pendingData=1 globalLimit=16 neighborOK=0 nodeOK=1 -> NO
[HOP 5] CanSendToHop dest=1 outstanding=1 threshold=0 effectiveWindow=1 pendingData=1 globalLimit=16 neighborOK=0 nodeOK=1 -> NO
[HOP 5] CanSendToHop dest=1 outstanding=1 threshold=0 effectiveWindow=1 pendingData=1 globalLimit=16 neighborOK=0 nodeOK=1 -> NO
[HOP 5] CanSendToHop dest=1 outstanding=1 threshold=0 effectiveWindow=1 pendingData=1 globalLimit=16 neighborOK=0 nodeOK=1 -> NO
[HOP 5] CanSendToHop dest=1 outstanding=1 threshold=0 effectiveWindow=1 pendingData=1 globalLimit=16 neighborOK=0 nodeOK=1 -> NO
[HOP 5] CanSendToHop dest=1 outstanding=1 threshold=0 effectiveWindow=1 pendingData=1 globalLimit=16 neighborOK=0 nodeOK=1 -> NO
[HOP 5] CanSendToHop dest=1 outstanding=1 threshold=0 effectiveWindow=1 pendingData=1 globalLimit=16 neighborOK=0 nodeOK=1 -> NO
[HOP 5] CanSendToHop dest=1 outstanding=1 threshold=0 effectiveWindow=1 pendingData=1 globalLimit=16 neighborOK=0 nodeOK=1 -> NO
[HOP 5] CanSendToHop dest=1 outstanding=1 threshold=0 effectiveWindow=1 pendingData=1 globalLimit=16 neighborOK=0 nodeOK=1 -> NO
[HOP 5] CanSendToHop dest=1 outstanding=1 threshold=0 effectiveWindow=1 pendingData=1 globalLimit=16 neighborOK=0 nodeOK=1 -> NO
[HOP 5] CanSendToHop dest=1 outstanding=1 threshold=0 effectiveWindow=1 pendingData=1 globalLimit=16 neighborOK=0 nodeOK=1 -> NO
[HOP 5] CanSendToHop dest=1 outstanding=1 threshold=0 effectiveWindow=1 pendingData=1 globalLimit=16 neighborOK=0 nodeOK=1 -> NO
[NWK 4] NSDP(4->1) incremented to 15
[NWK 5] NSDP(5->1) incremented to 15
[NWK 4] CheckNwkQueue: size=14
[HOP 4] CanSendToHop dest=5 outstanding=1 threshold=0 effectiveWindow=1 pendingData=1 globalLimit=16 neighborOK=0 nodeOK=1 -> NO
[HOP 4] CanSendToHop dest=5 outstanding=1 threshold=0 effectiveWindow=1 pendingData=1 globalLimit=16 neighborOK=0 nodeOK=1 -> NO
[HOP 4] CanSendToHop dest=5 outstanding=1 threshold=0 effectiveWindow=1 pendingData=1 globalLimit=16 neighborOK=0 nodeOK=1 -> NO
[HOP 4] CanSendToHop dest=5 outstanding=1 threshold=0 effectiveWindow=1 pendingData=1 globalLimit=16 neighborOK=0 nodeOK=1 -> NO
[HOP 4] CanSendToHop dest=5 outstanding=1 threshold=0 effectiveWindow=1 pendingData=1 globalLimit=16 neighborOK=0 nodeOK=1 -> NO
[HOP 4] CanSendToHop dest=5 outstanding=1 threshold=0 effectiveWindow=1 pendingData=1 globalLimit=16 neighborOK=0 nodeOK=1 -> NO
[HOP 4] CanSendToHop dest=5 outstanding=1 threshold=0 effectiveWindow=1 pendingData=1 globalLimit=16 neighborOK=0 nodeOK=1 -> NO
[HOP 4] CanSendToHop dest=5 outstanding=1 threshold=0 effectiveWindow=1 pendingData=1 globalLimit=16 neighborOK=0 nodeOK=1 -> NO
[HOP 4] CanSendToHop dest=5 outstanding=1 threshold=0 effectiveWindow=1 pendingData=1 globalLimit=16 neighborOK=0 nodeOK=1 -> NO
[HOP 4] CanSendToHop dest=5 outstanding=1 threshold=0 effectiveWindow=1 pendingData=1 globalLimit=16 neighborOK=0 nodeOK=1 -> NO
[HOP 4] CanSendToHop dest=5 outstanding=1 threshold=0 effectiveWindow=1 pendingData=1 globalLimit=16 neighborOK=0 nodeOK=1 -> NO
[HOP 4] CanSendToHop dest=5 outstanding=1 threshold=0 effectiveWindow=1 pendingData=1 globalLimit=16 neighborOK=0 nodeOK=1 -> NO
[HOP 4] CanSendToHop dest=5 outstanding=1 threshold=0 effectiveWindow=1 pendingData=1 globalLimit=16 neighborOK=0 nodeOK=1 -> NO
[HOP 4] CanSendToHop dest=5 outstanding=1 threshold=0 effectiveWindow=1 pendingData=1 globalLimit=16 neighborOK=0 nodeOK=1 -> NO
[NWK 5] CheckNwkQueue: size=14
[HOP 5] CanSendToHop dest=1 outstanding=1 threshold=0 effectiveWindow=1 pendingData=1 globalLimit=16 neighborOK=0 nodeOK=1 -> NO
[HOP 5] CanSendToHop dest=1 outstanding=1 threshold=0 effectiveWindow=1 pendingData=1 globalLimit=16 neighborOK=0 nodeOK=1 -> NO
[HOP 5] CanSendToHop dest=1 outstanding=1 threshold=0 effectiveWindow=1 pendingData=1 globalLimit=16 neighborOK=0 nodeOK=1 -> NO
[HOP 5] CanSendToHop dest=1 outstanding=1 threshold=0 effectiveWindow=1 pendingData=1 globalLimit=16 neighborOK=0 nodeOK=1 -> NO
[HOP 5] CanSendToHop dest=1 outstanding=1 threshold=0 effectiveWindow=1 pendingData=1 globalLimit=16 neighborOK=0 nodeOK=1 -> NO
[HOP 5] CanSendToHop dest=1 outstanding=1 threshold=0 effectiveWindow=1 pendingData=1 globalLimit=16 neighborOK=0 nodeOK=1 -> NO
[HOP 5] CanSendToHop dest=1 outstanding=1 threshold=0 effectiveWindow=1 pendingData=1 globalLimit=16 neighborOK=0 nodeOK=1 -> NO
[HOP 5] CanSendToHop dest=1 outstanding=1 threshold=0 effectiveWindow=1 pendingData=1 globalLimit=16 neighborOK=0 nodeOK=1 -> NO
[HOP 5] CanSendToHop dest=1 outstanding=1 threshold=0 effectiveWindow=1 pendingData=1 globalLimit=16 neighborOK=0 nodeOK=1 -> NO
[HOP 5] CanSendToHop dest=1 outstanding=1 threshold=0 effectiveWindow=1 pendingData=1 globalLimit=16 neighborOK=0 nodeOK=1 -> NO
[HOP 5] CanSendToHop dest=1 outstanding=1 threshold=0 effectiveWindow=1 pendingData=1 globalLimit=16 neighborOK=0 nodeOK=1 -> NO
[HOP 5] CanSendToHop dest=1 outstanding=1 threshold=0 effectiveWindow=1 pendingData=1 globalLimit=16 neighborOK=0 nodeOK=1 -> NO
[HOP 5] CanSendToHop dest=1 outstanding=1 threshold=0 effectiveWindow=1 pendingData=1 globalLimit=16 neighborOK=0 nodeOK=1 -> NO
[HOP 5] CanSendToHop dest=1 outstanding=1 threshold=0 effectiveWindow=1 pendingData=1 globalLimit=16 neighborOK=0 nodeOK=1 -> NO
[NWK 4] NSDP(4->1) incremented to 16
[NWK 5] NSDP(5->1) incremented to 16
[MAC 4] OPNET 300-ms transmit holdoff complete
[MAC 5] OPNET 300-ms transmit holdoff complete
[NWK 4] CheckNwkQueue: size=15
[HOP 4] CanSendToHop dest=5 outstanding=1 threshold=0 effectiveWindow=1 pendingData=1 globalLimit=16 neighborOK=0 nodeOK=1 -> NO
[HOP 4] CanSendToHop dest=5 outstanding=1 threshold=0 effectiveWindow=1 pendingData=1 globalLimit=16 neighborOK=0 nodeOK=1 -> NO
[HOP 4] CanSendToHop dest=5 outstanding=1 threshold=0 effectiveWindow=1 pendingData=1 globalLimit=16 neighborOK=0 nodeOK=1 -> NO
[HOP 4] CanSendToHop dest=5 outstanding=1 threshold=0 effectiveWindow=1 pendingData=1 globalLimit=16 neighborOK=0 nodeOK=1 -> NO
[HOP 4] CanSendToHop dest=5 outstanding=1 threshold=0 effectiveWindow=1 pendingData=1 globalLimit=16 neighborOK=0 nodeOK=1 -> NO
[HOP 4] CanSendToHop dest=5 outstanding=1 threshold=0 effectiveWindow=1 pendingData=1 globalLimit=16 neighborOK=0 nodeOK=1 -> NO
[HOP 4] CanSendToHop dest=5 outstanding=1 threshold=0 effectiveWindow=1 pendingData=1 globalLimit=16 neighborOK=0 nodeOK=1 -> NO
[HOP 4] CanSendToHop dest=5 outstanding=1 threshold=0 effectiveWindow=1 pendingData=1 globalLimit=16 neighborOK=0 nodeOK=1 -> NO
[HOP 4] CanSendToHop dest=5 outstanding=1 threshold=0 effectiveWindow=1 pendingData=1 globalLimit=16 neighborOK=0 nodeOK=1 -> NO
[HOP 4] CanSendToHop dest=5 outstanding=1 threshold=0 effectiveWindow=1 pendingData=1 globalLimit=16 neighborOK=0 nodeOK=1 -> NO
[HOP 4] CanSendToHop dest=5 outstanding=1 threshold=0 effectiveWindow=1 pendingData=1 globalLimit=16 neighborOK=0 nodeOK=1 -> NO
[HOP 4] CanSendToHop dest=5 outstanding=1 threshold=0 effectiveWindow=1 pendingData=1 globalLimit=16 neighborOK=0 nodeOK=1 -> NO
[HOP 4] CanSendToHop dest=5 outstanding=1 threshold=0 effectiveWindow=1 pendingData=1 globalLimit=16 neighborOK=0 nodeOK=1 -> NO
[HOP 4] CanSendToHop dest=5 outstanding=1 threshold=0 effectiveWindow=1 pendingData=1 globalLimit=16 neighborOK=0 nodeOK=1 -> NO
[HOP 4] CanSendToHop dest=5 outstanding=1 threshold=0 effectiveWindow=1 pendingData=1 globalLimit=16 neighborOK=0 nodeOK=1 -> NO
[NWK 5] CheckNwkQueue: size=15
[HOP 5] CanSendToHop dest=1 outstanding=1 threshold=0 effectiveWindow=1 pendingData=1 globalLimit=16 neighborOK=0 nodeOK=1 -> NO
[HOP 5] CanSendToHop dest=1 outstanding=1 threshold=0 effectiveWindow=1 pendingData=1 globalLimit=16 neighborOK=0 nodeOK=1 -> NO
[HOP 5] CanSendToHop dest=1 outstanding=1 threshold=0 effectiveWindow=1 pendingData=1 globalLimit=16 neighborOK=0 nodeOK=1 -> NO
[HOP 5] CanSendToHop dest=1 outstanding=1 threshold=0 effectiveWindow=1 pendingData=1 globalLimit=16 neighborOK=0 nodeOK=1 -> NO
[HOP 5] CanSendToHop dest=1 outstanding=1 threshold=0 effectiveWindow=1 pendingData=1 globalLimit=16 neighborOK=0 nodeOK=1 -> NO
[HOP 5] CanSendToHop dest=1 outstanding=1 threshold=0 effectiveWindow=1 pendingData=1 globalLimit=16 neighborOK=0 nodeOK=1 -> NO
[HOP 5] CanSendToHop dest=1 outstanding=1 threshold=0 effectiveWindow=1 pendingData=1 globalLimit=16 neighborOK=0 nodeOK=1 -> NO
[HOP 5] CanSendToHop dest=1 outstanding=1 threshold=0 effectiveWindow=1 pendingData=1 globalLimit=16 neighborOK=0 nodeOK=1 -> NO
[HOP 5] CanSendToHop dest=1 outstanding=1 threshold=0 effectiveWindow=1 pendingData=1 globalLimit=16 neighborOK=0 nodeOK=1 -> NO
[HOP 5] CanSendToHop dest=1 outstanding=1 threshold=0 effectiveWindow=1 pendingData=1 globalLimit=16 neighborOK=0 nodeOK=1 -> NO
[HOP 5] CanSendToHop dest=1 outstanding=1 threshold=0 effectiveWindow=1 pendingData=1 globalLimit=16 neighborOK=0 nodeOK=1 -> NO
[HOP 5] CanSendToHop dest=1 outstanding=1 threshold=0 effectiveWindow=1 pendingData=1 globalLimit=16 neighborOK=0 nodeOK=1 -> NO
[HOP 5] CanSendToHop dest=1 outstanding=1 threshold=0 effectiveWindow=1 pendingData=1 globalLimit=16 neighborOK=0 nodeOK=1 -> NO
[HOP 5] CanSendToHop dest=1 outstanding=1 threshold=0 effectiveWindow=1 pendingData=1 globalLimit=16 neighborOK=0 nodeOK=1 -> NO
[HOP 5] CanSendToHop dest=1 outstanding=1 threshold=0 effectiveWindow=1 pendingData=1 globalLimit=16 neighborOK=0 nodeOK=1 -> NO
[MAC 4] PickTxSlot(dest=5) active_nodes_for_slotting=3 opnet_slot_range=31
[MAC 4] PickTxSlot(dest=5) avoid:
[MAC 4] PickTxSlot chose 7 using historical next_tslot modulo probe
[MAC 4] TX opportunity reached currentSlot=3 reserveNextSlot=7
... type=0 speedKey=128[t=0.351] TX from node 4 to dest 5 seq 1 size 48 bytes segments 1 at slot 7 rate 128 kbps txPower 33 dBm (133333 bps) preamble SHORT duration 0.0225 s
[HOP 4] MAC sent confirmation dest=5 seq=1 transmission=1 sentAt=0.351
[MAC 4] OPNET aggregate transmitted segments=1 ackSegments=0 dataSegments=1 bytes=48 rate=128
[MAC 4] post-TX WAIT_FOR_ACK until 20.3735 (POST_TX_WAIT=20 s)
[MAC 5] Learned neighbor 4 uses slot 7 (rtCounter=7)
[HOP 5] New neighbor 4 heard at t=0.373501s
[HOP 5] link_control dest=4 neighborKnown=1 s0=-109 pathloss=70 failures=0 speed=128 txPower=33 rxPower=-109 cost=116
[NWK 5] Added reverse path netSrc=4 reverseHop=4
[MAC 5] Enqueue ACK dest=4 seq=1 window=1 ack_queue_size=1
[NWK 5] CheckNwkQueue: size=16
[HOP 5] CanSendToHop dest=1 outstanding=1 threshold=0 effectiveWindow=1 pendingData=1 globalLimit=16 neighborOK=0 nodeOK=1 -> NO
[HOP 5] CanSendToHop dest=1 outstanding=1 threshold=0 effectiveWindow=1 pendingData=1 globalLimit=16 neighborOK=0 nodeOK=1 -> NO
[HOP 5] CanSendToHop dest=1 outstanding=1 threshold=0 effectiveWindow=1 pendingData=1 globalLimit=16 neighborOK=0 nodeOK=1 -> NO
[HOP 5] CanSendToHop dest=1 outstanding=1 threshold=0 effectiveWindow=1 pendingData=1 globalLimit=16 neighborOK=0 nodeOK=1 -> NO
[HOP 5] CanSendToHop dest=1 outstanding=1 threshold=0 effectiveWindow=1 pendingData=1 globalLimit=16 neighborOK=0 nodeOK=1 -> NO
[HOP 5] CanSendToHop dest=1 outstanding=1 threshold=0 effectiveWindow=1 pendingData=1 globalLimit=16 neighborOK=0 nodeOK=1 -> NO
[HOP 5] CanSendToHop dest=1 outstanding=1 threshold=0 effectiveWindow=1 pendingData=1 globalLimit=16 neighborOK=0 nodeOK=1 -> NO
[HOP 5] CanSendToHop dest=1 outstanding=1 threshold=0 effectiveWindow=1 pendingData=1 globalLimit=16 neighborOK=0 nodeOK=1 -> NO
[HOP 5] CanSendToHop dest=1 outstanding=1 threshold=0 effectiveWindow=1 pendingData=1 globalLimit=16 neighborOK=0 nodeOK=1 -> NO
[HOP 5] CanSendToHop dest=1 outstanding=1 threshold=0 effectiveWindow=1 pendingData=1 globalLimit=16 neighborOK=0 nodeOK=1 -> NO
[HOP 5] CanSendToHop dest=1 outstanding=1 threshold=0 effectiveWindow=1 pendingData=1 globalLimit=16 neighborOK=0 nodeOK=1 -> NO
[HOP 5] CanSendToHop dest=1 outstanding=1 threshold=0 effectiveWindow=1 pendingData=1 globalLimit=16 neighborOK=0 nodeOK=1 -> NO
[HOP 5] CanSendToHop dest=1 outstanding=1 threshold=0 effectiveWindow=1 pendingData=1 globalLimit=16 neighborOK=0 nodeOK=1 -> NO
[HOP 5] CanSendToHop dest=1 outstanding=1 threshold=0 effectiveWindow=1 pendingData=1 globalLimit=16 neighborOK=0 nodeOK=1 -> NO
[HOP 5] CanSendToHop dest=1 outstanding=1 threshold=0 effectiveWindow=1 pendingData=1 globalLimit=16 neighborOK=0 nodeOK=1 -> NO
[HOP 5] CanSendToHop dest=1 outstanding=1 threshold=0 effectiveWindow=1 pendingData=1 globalLimit=16 neighborOK=0 nodeOK=1 -> NO
[MAC 5] PickTxSlot(dest=4) active_nodes_for_slotting=3 opnet_slot_range=31
[MAC 5] avoiding neighbor 4 currentReservedSlot=2 rtslot_counter=2
[MAC 5] PickTxSlot(dest=4) avoid: 2
[MAC 5] PickTxSlot chose 1 using historical next_tslot modulo probe
[MAC 5] TX opportunity reached currentSlot=9 reserveNextSlot=1
... type=1 speedKey=128[t=0.429] TX from node 5 to dest 4 seq 1 size 89 bytes segments 2 at slot 1 rate 128 kbps txPower 33 dBm (133333 bps) preamble SHORT duration 0.02496 s
[HOP 5] MAC sent confirmation dest=1 seq=1 transmission=1 sentAt=0.429
[MAC 5] ACK transmitted in aggregate dest=4 seq=1 txCount=1/5
[MAC 5] OPNET aggregate transmitted segments=2 ackSegments=1 dataSegments=1 bytes=89 rate=128
[MAC 5] resumes Pre-Tx with live slot=1 counter=1
[MAC 4] Learned neighbor 5 uses slot 1 (rtCounter=1)
[HOP 4] New neighbor 5 heard at t=0.453961s
[HOP 4] RX ACK from 5 seq=1
[HOP 4] Pending DATA decrement reason=ACK neighbor=5 pending=0
[NWK 4] NSDP(4->1) decremented to 15
[NWK 4] HOP completion released NSDP slot; awaiting HOP queue wake flow=4->1
[MAC 1] Learned neighbor 5 uses slot 1 (rtCounter=1)
[HOP 1] New neighbor 5 heard at t=0.453961s
[HOP 1] link_control dest=5 neighborKnown=1 s0=-109 pathloss=70 failures=0 speed=128 txPower=33 rxPower=-109 cost=116
[MAC 1] Enqueue ACK dest=5 seq=1 window=1 ack_queue_size=1
[NWK 1] Added reverse path netSrc=5 reverseHop=5
[NWK 4] CheckNwkQueue: size=15
[HOP 4] CanSendToHop dest=5 outstanding=0 threshold=0 effectiveWindow=1 pendingData=0 globalLimit=16 neighborOK=1 nodeOK=1 -> YES
[HOP 4] link_control dest=5 neighborKnown=1 s0=-109 pathloss=70 failures=0 speed=128 txPower=33 rxPower=-109 cost=116
[HOP 4] Pending DATA increment dest=5 pending=1
[HOP 4] TX historical-bare DATA neighbor=5 hopSeq=2
[MAC] Enqueue TX pkt dscp=0 insert_pos=0 queue_size_before=0
[HOP 4] CanSendToHop dest=5 outstanding=1 threshold=0 effectiveWindow=1 pendingData=1 globalLimit=16 neighborOK=0 nodeOK=1 -> NO
[HOP 4] CanSendToHop dest=5 outstanding=1 threshold=0 effectiveWindow=1 pendingData=1 globalLimit=16 neighborOK=0 nodeOK=1 -> NO
[HOP 4] CanSendToHop dest=5 outstanding=1 threshold=0 effectiveWindow=1 pendingData=1 globalLimit=16 neighborOK=0 nodeOK=1 -> NO
[HOP 4] CanSendToHop dest=5 outstanding=1 threshold=0 effectiveWindow=1 pendingData=1 globalLimit=16 neighborOK=0 nodeOK=1 -> NO
[HOP 4] CanSendToHop dest=5 outstanding=1 threshold=0 effectiveWindow=1 pendingData=1 globalLimit=16 neighborOK=0 nodeOK=1 -> NO
[HOP 4] CanSendToHop dest=5 outstanding=1 threshold=0 effectiveWindow=1 pendingData=1 globalLimit=16 neighborOK=0 nodeOK=1 -> NO
[HOP 4] CanSendToHop dest=5 outstanding=1 threshold=0 effectiveWindow=1 pendingData=1 globalLimit=16 neighborOK=0 nodeOK=1 -> NO
[HOP 4] CanSendToHop dest=5 outstanding=1 threshold=0 effectiveWindow=1 pendingData=1 globalLimit=16 neighborOK=0 nodeOK=1 -> NO
[HOP 4] CanSendToHop dest=5 outstanding=1 threshold=0 effectiveWindow=1 pendingData=1 globalLimit=16 neighborOK=0 nodeOK=1 -> NO
[HOP 4] CanSendToHop dest=5 outstanding=1 threshold=0 effectiveWindow=1 pendingData=1 globalLimit=16 neighborOK=0 nodeOK=1 -> NO
[HOP 4] CanSendToHop dest=5 outstanding=1 threshold=0 effectiveWindow=1 pendingData=1 globalLimit=16 neighborOK=0 nodeOK=1 -> NO
[HOP 4] CanSendToHop dest=5 outstanding=1 threshold=0 effectiveWindow=1 pendingData=1 globalLimit=16 neighborOK=0 nodeOK=1 -> NO
[HOP 4] CanSendToHop dest=5 outstanding=1 threshold=0 effectiveWindow=1 pendingData=1 globalLimit=16 neighborOK=0 nodeOK=1 -> NO
[HOP 4] CanSendToHop dest=5 outstanding=1 threshold=0 effectiveWindow=1 pendingData=1 globalLimit=16 neighborOK=0 nodeOK=1 -> NO
[MAC 4] resumes Pre-Tx with live slot=7 counter=0
[NWK 4] NSDP(4->1) incremented to 16
[NWK 4] CheckNwkQueue: size=15
[HOP 4] CanSendToHop dest=5 outstanding=1 threshold=0 effectiveWindow=1 pendingData=1 globalLimit=16 neighborOK=0 nodeOK=1 -> NO
[HOP 4] CanSendToHop dest=5 outstanding=1 threshold=0 effectiveWindow=1 pendingData=1 globalLimit=16 neighborOK=0 nodeOK=1 -> NO
[HOP 4] CanSendToHop dest=5 outstanding=1 threshold=0 effectiveWindow=1 pendingData=1 globalLimit=16 neighborOK=0 nodeOK=1 -> NO
[HOP 4] CanSendToHop dest=5 outstanding=1 threshold=0 effectiveWindow=1 pendingData=1 globalLimit=16 neighborOK=0 nodeOK=1 -> NO
[HOP 4] CanSendToHop dest=5 outstanding=1 threshold=0 effectiveWindow=1 pendingData=1 globalLimit=16 neighborOK=0 nodeOK=1 -> NO
[HOP 4] CanSendToHop dest=5 outstanding=1 threshold=0 effectiveWindow=1 pendingData=1 globalLimit=16 neighborOK=0 nodeOK=1 -> NO
[HOP 4] CanSendToHop dest=5 outstanding=1 threshold=0 effectiveWindow=1 pendingData=1 globalLimit=16 neighborOK=0 nodeOK=1 -> NO
[HOP 4] CanSendToHop dest=5 outstanding=1 threshold=0 effectiveWindow=1 pendingData=1 globalLimit=16 neighborOK=0 nodeOK=1 -> NO
[HOP 4] CanSendToHop dest=5 outstanding=1 threshold=0 effectiveWindow=1 pendingData=1 globalLimit=16 neighborOK=0 nodeOK=1 -> NO
[HOP 4] CanSendToHop dest=5 outstanding=1 threshold=0 effectiveWindow=1 pendingData=1 globalLimit=16 neighborOK=0 nodeOK=1 -> NO
[HOP 4] CanSendToHop dest=5 outstanding=1 threshold=0 effectiveWindow=1 pendingData=1 globalLimit=16 neighborOK=0 nodeOK=1 -> NO
[HOP 4] CanSendToHop dest=5 outstanding=1 threshold=0 effectiveWindow=1 pendingData=1 globalLimit=16 neighborOK=0 nodeOK=1 -> NO
[HOP 4] CanSendToHop dest=5 outstanding=1 threshold=0 effectiveWindow=1 pendingData=1 globalLimit=16 neighborOK=0 nodeOK=1 -> NO
[HOP 4] CanSendToHop dest=5 outstanding=1 threshold=0 effectiveWindow=1 pendingData=1 globalLimit=16 neighborOK=0 nodeOK=1 -> NO
[HOP 4] CanSendToHop dest=5 outstanding=1 threshold=0 effectiveWindow=1 pendingData=1 globalLimit=16 neighborOK=0 nodeOK=1 -> NO
[MAC 1] PickTxSlot(dest=5) active_nodes_for_slotting=3 opnet_slot_range=31
[MAC 1] avoiding neighbor 5 currentReservedSlot=0 rtslot_counter=0
[MAC 1] PickTxSlot(dest=5) avoid:
[MAC 1] PickTxSlot chose 1 using historical next_tslot modulo probe
[MAC 1] starts Pre-Tx with new slot=1 holdoff_over=0
[MAC 4] rtslot_counter expired for neighbor 5 reserveSlot=1
[MAC 4] PickTxSlot(dest=5) active_nodes_for_slotting=3 opnet_slot_range=31
[MAC 4] PickTxSlot(dest=5) avoid:
[MAC 4] PickTxSlot chose 3 using historical next_tslot modulo probe
[MAC 4] TX opportunity reached currentSlot=7 reserveNextSlot=3
... type=0 speedKey=128[t=0.468] TX from node 4 to dest 5 seq 2 size 48 bytes segments 1 at slot 3 rate 128 kbps txPower 33 dBm (133333 bps) preamble SHORT duration 0.0225 s
[HOP 4] MAC sent confirmation dest=5 seq=2 transmission=1 sentAt=0.468
[MAC 4] OPNET aggregate transmitted segments=1 ackSegments=0 dataSegments=1 bytes=48 rate=128
[MAC 5] PickTxSlot(dest=4) active_nodes_for_slotting=3 opnet_slot_range=31
[MAC 5] avoiding neighbor 4 currentReservedSlot=0 rtslot_counter=0
[MAC 5] PickTxSlot(dest=4) avoid:
[MAC 5] PickTxSlot chose 9 using historical next_tslot modulo probe
[MAC 5] TX opportunity reached currentSlot=1 reserveNextSlot=9
... type=1 speedKey=128[t=0.468] TX from node 5 to dest 4 seq 1 size 41 bytes segments 1 at slot 9 rate 128 kbps txPower 33 dBm (133333 bps) preamble SHORT duration 0.02208 s
[MAC 5] ACK transmitted in aggregate dest=4 seq=1 txCount=2/5
[MAC 5] OPNET aggregate transmitted segments=1 ackSegments=1 dataSegments=0 bytes=41 rate=128
[MAC 1] rtslot_counter expired for neighbor 5 reserveSlot=1
[MAC 5] resumes Pre-Tx with live slot=9 counter=9
[MAC 4] Learned neighbor 5 uses slot 9 (rtCounter=9)
[HOP 4] RX ACK from 5 seq=1
[NWK 4] CheckNwkQueue: size=15
[HOP 4] CanSendToHop dest=5 outstanding=1 threshold=0 effectiveWindow=1 pendingData=1 globalLimit=16 neighborOK=0 nodeOK=1 -> NO
[HOP 4] CanSendToHop dest=5 outstanding=1 threshold=0 effectiveWindow=1 pendingData=1 globalLimit=16 neighborOK=0 nodeOK=1 -> NO
[HOP 4] CanSendToHop dest=5 outstanding=1 threshold=0 effectiveWindow=1 pendingData=1 globalLimit=16 neighborOK=0 nodeOK=1 -> NO
[HOP 4] CanSendToHop dest=5 outstanding=1 threshold=0 effectiveWindow=1 pendingData=1 globalLimit=16 neighborOK=0 nodeOK=1 -> NO
[HOP 4] CanSendToHop dest=5 outstanding=1 threshold=0 effectiveWindow=1 pendingData=1 globalLimit=16 neighborOK=0 nodeOK=1 -> NO
[HOP 4] CanSendToHop dest=5 outstanding=1 threshold=0 effectiveWindow=1 pendingData=1 globalLimit=16 neighborOK=0 nodeOK=1 -> NO
[HOP 4] CanSendToHop dest=5 outstanding=1 threshold=0 effectiveWindow=1 pendingData=1 globalLimit=16 neighborOK=0 nodeOK=1 -> NO
[HOP 4] CanSendToHop dest=5 outstanding=1 threshold=0 effectiveWindow=1 pendingData=1 globalLimit=16 neighborOK=0 nodeOK=1 -> NO
[HOP 4] CanSendToHop dest=5 outstanding=1 threshold=0 effectiveWindow=1 pendingData=1 globalLimit=16 neighborOK=0 nodeOK=1 -> NO
[HOP 4] CanSendToHop dest=5 outstanding=1 threshold=0 effectiveWindow=1 pendingData=1 globalLimit=16 neighborOK=0 nodeOK=1 -> NO
[HOP 4] CanSendToHop dest=5 outstanding=1 threshold=0 effectiveWindow=1 pendingData=1 globalLimit=16 neighborOK=0 nodeOK=1 -> NO
[HOP 4] CanSendToHop dest=5 outstanding=1 threshold=0 effectiveWindow=1 pendingData=1 globalLimit=16 neighborOK=0 nodeOK=1 -> NO
[HOP 4] CanSendToHop dest=5 outstanding=1 threshold=0 effectiveWindow=1 pendingData=1 globalLimit=16 neighborOK=0 nodeOK=1 -> NO
[HOP 4] CanSendToHop dest=5 outstanding=1 threshold=0 effectiveWindow=1 pendingData=1 globalLimit=16 neighborOK=0 nodeOK=1 -> NO
[HOP 4] CanSendToHop dest=5 outstanding=1 threshold=0 effectiveWindow=1 pendingData=1 globalLimit=16 neighborOK=0 nodeOK=1 -> NO
[MAC 4] post-TX WAIT_FOR_ACK until 20.4905 (POST_TX_WAIT=20 s)
[MAC 5] Learned neighbor 4 uses slot 3 (rtCounter=3)
[HOP 5] link_control dest=4 neighborKnown=1 s0=-109 pathloss=70 failures=0 speed=128 txPower=33 rxPower=-109 cost=116
[NWK 5] Updated reverse path netSrc=4 reverseHop=4
[MAC 5] Update cumulative ACK queue entry dest=4 baseSeq=2 txCount=0
[NWK 5] CheckNwkQueue: size=17
[HOP 5] CanSendToHop dest=1 outstanding=1 threshold=0 effectiveWindow=1 pendingData=1 globalLimit=16 neighborOK=0 nodeOK=1 -> NO
[HOP 5] CanSendToHop dest=1 outstanding=1 threshold=0 effectiveWindow=1 pendingData=1 globalLimit=16 neighborOK=0 nodeOK=1 -> NO
[HOP 5] CanSendToHop dest=1 outstanding=1 threshold=0 effectiveWindow=1 pendingData=1 globalLimit=16 neighborOK=0 nodeOK=1 -> NO
[HOP 5] CanSendToHop dest=1 outstanding=1 threshold=0 effectiveWindow=1 pendingData=1 globalLimit=16 neighborOK=0 nodeOK=1 -> NO
[HOP 5] CanSendToHop dest=1 outstanding=1 threshold=0 effectiveWindow=1 pendingData=1 globalLimit=16 neighborOK=0 nodeOK=1 -> NO
[HOP 5] CanSendToHop dest=1 outstanding=1 threshold=0 effectiveWindow=1 pendingData=1 globalLimit=16 neighborOK=0 nodeOK=1 -> NO
[HOP 5] CanSendToHop dest=1 outstanding=1 threshold=0 effectiveWindow=1 pendingData=1 globalLimit=16 neighborOK=0 nodeOK=1 -> NO
[HOP 5] CanSendToHop dest=1 outstanding=1 threshold=0 effectiveWindow=1 pendingData=1 globalLimit=16 neighborOK=0 nodeOK=1 -> NO
[HOP 5] CanSendToHop dest=1 outstanding=1 threshold=0 effectiveWindow=1 pendingData=1 globalLimit=16 neighborOK=0 nodeOK=1 -> NO
[HOP 5] CanSendToHop dest=1 outstanding=1 threshold=0 effectiveWindow=1 pendingData=1 globalLimit=16 neighborOK=0 nodeOK=1 -> NO
[HOP 5] CanSendToHop dest=1 outstanding=1 threshold=0 effectiveWindow=1 pendingData=1 globalLimit=16 neighborOK=0 nodeOK=1 -> NO
[HOP 5] CanSendToHop dest=1 outstanding=1 threshold=0 effectiveWindow=1 pendingData=1 globalLimit=16 neighborOK=0 nodeOK=1 -> NO
[HOP 5] CanSendToHop dest=1 outstanding=1 threshold=0 effectiveWindow=1 pendingData=1 globalLimit=16 neighborOK=0 nodeOK=1 -> NO
[HOP 5] CanSendToHop dest=1 outstanding=1 threshold=0 effectiveWindow=1 pendingData=1 globalLimit=16 neighborOK=0 nodeOK=1 -> NO
[HOP 5] CanSendToHop dest=1 outstanding=1 threshold=0 effectiveWindow=1 pendingData=1 globalLimit=16 neighborOK=0 nodeOK=1 -> NO
[HOP 5] CanSendToHop dest=1 outstanding=1 threshold=0 effectiveWindow=1 pendingData=1 globalLimit=16 neighborOK=0 nodeOK=1 -> NO
[HOP 5] CanSendToHop dest=1 outstanding=1 threshold=0 effectiveWindow=1 pendingData=1 globalLimit=16 neighborOK=0 nodeOK=1 -> NO
[MAC 4] local advertised reservation expired
[MAC 5] rtslot_counter expired for neighbor 4 reserveSlot=3
[MAC 4] rtslot_counter expired for neighbor 5 reserveSlot=9
[MAC 5] PickTxSlot(dest=4) active_nodes_for_slotting=3 opnet_slot_range=31
[MAC 5] PickTxSlot(dest=4) avoid:
[MAC 5] PickTxSlot chose 1 using historical next_tslot modulo probe
[MAC 5] TX opportunity reached currentSlot=9 reserveNextSlot=1
... type=1 speedKey=128[t=0.611] TX from node 5 to dest 4 seq 2 size 41 bytes segments 1 at slot 1 rate 128 kbps txPower 33 dBm (133333 bps) preamble SHORT duration 0.02208 s
[MAC 5] ACK transmitted in aggregate dest=4 seq=2 txCount=1/5
[MAC 5] OPNET aggregate transmitted segments=1 ackSegments=1 dataSegments=0 bytes=41 rate=128
[MAC 5] resumes Pre-Tx with live slot=1 counter=1
[MAC 4] Learned neighbor 5 uses slot 1 (rtCounter=1)
[HOP 4] RX ACK from 5 seq=2
[HOP 4] Pending DATA decrement reason=ACK neighbor=5 pending=0
[NWK 4] NSDP(4->1) decremented to 15
[NWK 4] HOP completion released NSDP slot; awaiting HOP queue wake flow=4->1
[NWK 4] CheckNwkQueue: size=15
[HOP 4] CanSendToHop dest=5 outstanding=0 threshold=0 effectiveWindow=1 pendingData=0 globalLimit=16 neighborOK=1 nodeOK=1 -> YES
[HOP 4] link_control dest=5 neighborKnown=1 s0=-109 pathloss=70 failures=0 speed=128 txPower=33 rxPower=-109 cost=116
[HOP 4] Pending DATA increment dest=5 pending=1
[HOP 4] TX historical-bare DATA neighbor=5 hopSeq=3
[MAC] Enqueue TX pkt dscp=0 insert_pos=0 queue_size_before=0
[HOP 4] CanSendToHop dest=5 outstanding=1 threshold=0 effectiveWindow=1 pendingData=1 globalLimit=16 neighborOK=0 nodeOK=1 -> NO
[HOP 4] CanSendToHop dest=5 outstanding=1 threshold=0 effectiveWindow=1 pendingData=1 globalLimit=16 neighborOK=0 nodeOK=1 -> NO
[HOP 4] CanSendToHop dest=5 outstanding=1 threshold=0 effectiveWindow=1 pendingData=1 globalLimit=16 neighborOK=0 nodeOK=1 -> NO
[HOP 4] CanSendToHop dest=5 outstanding=1 threshold=0 effectiveWindow=1 pendingData=1 globalLimit=16 neighborOK=0 nodeOK=1 -> NO
[HOP 4] CanSendToHop dest=5 outstanding=1 threshold=0 effectiveWindow=1 pendingData=1 globalLimit=16 neighborOK=0 nodeOK=1 -> NO
[HOP 4] CanSendToHop dest=5 outstanding=1 threshold=0 effectiveWindow=1 pendingData=1 globalLimit=16 neighborOK=0 nodeOK=1 -> NO
[HOP 4] CanSendToHop dest=5 outstanding=1 threshold=0 effectiveWindow=1 pendingData=1 globalLimit=16 neighborOK=0 nodeOK=1 -> NO
[HOP 4] CanSendToHop dest=5 outstanding=1 threshold=0 effectiveWindow=1 pendingData=1 globalLimit=16 neighborOK=0 nodeOK=1 -> NO
[HOP 4] CanSendToHop dest=5 outstanding=1 threshold=0 effectiveWindow=1 pendingData=1 globalLimit=16 neighborOK=0 nodeOK=1 -> NO
[HOP 4] CanSendToHop dest=5 outstanding=1 threshold=0 effectiveWindow=1 pendingData=1 globalLimit=16 neighborOK=0 nodeOK=1 -> NO
[HOP 4] CanSendToHop dest=5 outstanding=1 threshold=0 effectiveWindow=1 pendingData=1 globalLimit=16 neighborOK=0 nodeOK=1 -> NO
[HOP 4] CanSendToHop dest=5 outstanding=1 threshold=0 effectiveWindow=1 pendingData=1 globalLimit=16 neighborOK=0 nodeOK=1 -> NO
[HOP 4] CanSendToHop dest=5 outstanding=1 threshold=0 effectiveWindow=1 pendingData=1 globalLimit=16 neighborOK=0 nodeOK=1 -> NO
[HOP 4] CanSendToHop dest=5 outstanding=1 threshold=0 effectiveWindow=1 pendingData=1 globalLimit=16 neighborOK=0 nodeOK=1 -> NO
[MAC 4] PickTxSlot(dest=5) active_nodes_for_slotting=3 opnet_slot_range=31
[MAC 4] avoiding neighbor 5 currentReservedSlot=0 rtslot_counter=0
[MAC 4] PickTxSlot(dest=5) avoid:
[MAC 4] PickTxSlot chose 7 using historical next_tslot modulo probe
[MAC 4] starts Pre-Tx with new slot=7 holdoff_over=1
[NWK 4] NSDP(4->1) incremented to 16
[NWK 4] CheckNwkQueue: size=15
[HOP 4] CanSendToHop dest=5 outstanding=1 threshold=0 effectiveWindow=1 pendingData=1 globalLimit=16 neighborOK=0 nodeOK=1 -> NO
[HOP 4] CanSendToHop dest=5 outstanding=1 threshold=0 effectiveWindow=1 pendingData=1 globalLimit=16 neighborOK=0 nodeOK=1 -> NO
[HOP 4] CanSendToHop dest=5 outstanding=1 threshold=0 effectiveWindow=1 pendingData=1 globalLimit=16 neighborOK=0 nodeOK=1 -> NO
[HOP 4] CanSendToHop dest=5 outstanding=1 threshold=0 effectiveWindow=1 pendingData=1 globalLimit=16 neighborOK=0 nodeOK=1 -> NO
[HOP 4] CanSendToHop dest=5 outstanding=1 threshold=0 effectiveWindow=1 pendingData=1 globalLimit=16 neighborOK=0 nodeOK=1 -> NO
[HOP 4] CanSendToHop dest=5 outstanding=1 threshold=0 effectiveWindow=1 pendingData=1 globalLimit=16 neighborOK=0 nodeOK=1 -> NO
[HOP 4] CanSendToHop dest=5 outstanding=1 threshold=0 effectiveWindow=1 pendingData=1 globalLimit=16 neighborOK=0 nodeOK=1 -> NO
[HOP 4] CanSendToHop dest=5 outstanding=1 threshold=0 effectiveWindow=1 pendingData=1 globalLimit=16 neighborOK=0 nodeOK=1 -> NO
[HOP 4] CanSendToHop dest=5 outstanding=1 threshold=0 effectiveWindow=1 pendingData=1 globalLimit=16 neighborOK=0 nodeOK=1 -> NO
[HOP 4] CanSendToHop dest=5 outstanding=1 threshold=0 effectiveWindow=1 pendingData=1 globalLimit=16 neighborOK=0 nodeOK=1 -> NO
[HOP 4] CanSendToHop dest=5 outstanding=1 threshold=0 effectiveWindow=1 pendingData=1 globalLimit=16 neighborOK=0 nodeOK=1 -> NO
[HOP 4] CanSendToHop dest=5 outstanding=1 threshold=0 effectiveWindow=1 pendingData=1 globalLimit=16 neighborOK=0 nodeOK=1 -> NO
[HOP 4] CanSendToHop dest=5 outstanding=1 threshold=0 effectiveWindow=1 pendingData=1 globalLimit=16 neighborOK=0 nodeOK=1 -> NO
[HOP 4] CanSendToHop dest=5 outstanding=1 threshold=0 effectiveWindow=1 pendingData=1 globalLimit=16 neighborOK=0 nodeOK=1 -> NO
[HOP 4] CanSendToHop dest=5 outstanding=1 threshold=0 effectiveWindow=1 pendingData=1 globalLimit=16 neighborOK=0 nodeOK=1 -> NO
[MAC 4] rtslot_counter expired for neighbor 5 reserveSlot=1
[MAC 5] PickTxSlot(dest=4) active_nodes_for_slotting=3 opnet_slot_range=31
[MAC 5] PickTxSlot(dest=4) avoid:
[MAC 5] PickTxSlot chose 9 using historical next_tslot modulo probe
[MAC 5] TX opportunity reached currentSlot=1 reserveNextSlot=9
... type=1 speedKey=128[t=0.65] TX from node 5 to dest 4 seq 2 size 41 bytes segments 1 at slot 9 rate 128 kbps txPower 33 dBm (133333 bps) preamble SHORT duration 0.02208 s
[MAC 5] ACK transmitted in aggregate dest=4 seq=2 txCount=2/5
[MAC 5] OPNET aggregate transmitted segments=1 ackSegments=1 dataSegments=0 bytes=41 rate=128
[MAC 5] resumes Pre-Tx with live slot=9 counter=9
[MAC 4] Learned neighbor 5 uses slot 9 (rtCounter=9)
[HOP 4] RX ACK from 5 seq=2
[NWK 4] CheckNwkQueue: size=15
[HOP 4] CanSendToHop dest=5 outstanding=1 threshold=0 effectiveWindow=1 pendingData=1 globalLimit=16 neighborOK=0 nodeOK=1 -> NO
[HOP 4] CanSendToHop dest=5 outstanding=1 threshold=0 effectiveWindow=1 pendingData=1 globalLimit=16 neighborOK=0 nodeOK=1 -> NO
[HOP 4] CanSendToHop dest=5 outstanding=1 threshold=0 effectiveWindow=1 pendingData=1 globalLimit=16 neighborOK=0 nodeOK=1 -> NO
[HOP 4] CanSendToHop dest=5 outstanding=1 threshold=0 effectiveWindow=1 pendingData=1 globalLimit=16 neighborOK=0 nodeOK=1 -> NO
[HOP 4] CanSendToHop dest=5 outstanding=1 threshold=0 effectiveWindow=1 pendingData=1 globalLimit=16 neighborOK=0 nodeOK=1 -> NO
[HOP 4] CanSendToHop dest=5 outstanding=1 threshold=0 effectiveWindow=1 pendingData=1 globalLimit=16 neighborOK=0 nodeOK=1 -> NO
[HOP 4] CanSendToHop dest=5 outstanding=1 threshold=0 effectiveWindow=1 pendingData=1 globalLimit=16 neighborOK=0 nodeOK=1 -> NO
[HOP 4] CanSendToHop dest=5 outstanding=1 threshold=0 effectiveWindow=1 pendingData=1 globalLimit=16 neighborOK=0 nodeOK=1 -> NO
[HOP 4] CanSendToHop dest=5 outstanding=1 threshold=0 effectiveWindow=1 pendingData=1 globalLimit=16 neighborOK=0 nodeOK=1 -> NO
[HOP 4] CanSendToHop dest=5 outstanding=1 threshold=0 effectiveWindow=1 pendingData=1 globalLimit=16 neighborOK=0 nodeOK=1 -> NO
[HOP 4] CanSendToHop dest=5 outstanding=1 threshold=0 effectiveWindow=1 pendingData=1 globalLimit=16 neighborOK=0 nodeOK=1 -> NO
[HOP 4] CanSendToHop dest=5 outstanding=1 threshold=0 effectiveWindow=1 pendingData=1 globalLimit=16 neighborOK=0 nodeOK=1 -> NO
[HOP 4] CanSendToHop dest=5 outstanding=1 threshold=0 effectiveWindow=1 pendingData=1 globalLimit=16 neighborOK=0 nodeOK=1 -> NO
[HOP 4] CanSendToHop dest=5 outstanding=1 threshold=0 effectiveWindow=1 pendingData=1 globalLimit=16 neighborOK=0 nodeOK=1 -> NO
[HOP 4] CanSendToHop dest=5 outstanding=1 threshold=0 effectiveWindow=1 pendingData=1 globalLimit=16 neighborOK=0 nodeOK=1 -> NO
[MAC 4] PickTxSlot(dest=5) active_nodes_for_slotting=3 opnet_slot_range=31
[MAC 4] avoiding neighbor 5 currentReservedSlot=3 rtslot_counter=3
[MAC 4] PickTxSlot(dest=5) avoid: 3
[MAC 4] PickTxSlot chose 4 using historical next_tslot modulo probe
[MAC 4] TX opportunity reached currentSlot=7 reserveNextSlot=4
... type=0 speedKey=128[t=0.741] TX from node 4 to dest 5 seq 3 size 48 bytes segments 1 at slot 4 rate 128 kbps txPower 33 dBm (133333 bps) preamble SHORT duration 0.0225 s
[HOP 4] MAC sent confirmation dest=5 seq=3 transmission=1 sentAt=0.741
[MAC 4] OPNET aggregate transmitted segments=1 ackSegments=0 dataSegments=1 bytes=48 rate=128
[MAC 1] OPNET 300-ms transmit holdoff complete
[MAC 4] post-TX WAIT_FOR_ACK until 20.7635 (POST_TX_WAIT=20 s)
[MAC 5] Learned neighbor 4 uses slot 4 (rtCounter=4)
[HOP 5] link_control dest=4 neighborKnown=1 s0=-109 pathloss=70 failures=0 speed=128 txPower=33 rxPower=-109 cost=116
[NWK 5] Updated reverse path netSrc=4 reverseHop=4
[MAC 5] Update cumulative ACK queue entry dest=4 baseSeq=3 txCount=0
[NWK 5] CheckNwkQueue: size=18
[HOP 5] CanSendToHop dest=1 outstanding=1 threshold=0 effectiveWindow=1 pendingData=1 globalLimit=16 neighborOK=0 nodeOK=1 -> NO
[HOP 5] CanSendToHop dest=1 outstanding=1 threshold=0 effectiveWindow=1 pendingData=1 globalLimit=16 neighborOK=0 nodeOK=1 -> NO
[HOP 5] CanSendToHop dest=1 outstanding=1 threshold=0 effectiveWindow=1 pendingData=1 globalLimit=16 neighborOK=0 nodeOK=1 -> NO
[HOP 5] CanSendToHop dest=1 outstanding=1 threshold=0 effectiveWindow=1 pendingData=1 globalLimit=16 neighborOK=0 nodeOK=1 -> NO
[HOP 5] CanSendToHop dest=1 outstanding=1 threshold=0 effectiveWindow=1 pendingData=1 globalLimit=16 neighborOK=0 nodeOK=1 -> NO
[HOP 5] CanSendToHop dest=1 outstanding=1 threshold=0 effectiveWindow=1 pendingData=1 globalLimit=16 neighborOK=0 nodeOK=1 -> NO
[HOP 5] CanSendToHop dest=1 outstanding=1 threshold=0 effectiveWindow=1 pendingData=1 globalLimit=16 neighborOK=0 nodeOK=1 -> NO
[HOP 5] CanSendToHop dest=1 outstanding=1 threshold=0 effectiveWindow=1 pendingData=1 globalLimit=16 neighborOK=0 nodeOK=1 -> NO
[HOP 5] CanSendToHop dest=1 outstanding=1 threshold=0 effectiveWindow=1 pendingData=1 globalLimit=16 neighborOK=0 nodeOK=1 -> NO
[HOP 5] CanSendToHop dest=1 outstanding=1 threshold=0 effectiveWindow=1 pendingData=1 globalLimit=16 neighborOK=0 nodeOK=1 -> NO
[HOP 5] CanSendToHop dest=1 outstanding=1 threshold=0 effectiveWindow=1 pendingData=1 globalLimit=16 neighborOK=0 nodeOK=1 -> NO
[HOP 5] CanSendToHop dest=1 outstanding=1 threshold=0 effectiveWindow=1 pendingData=1 globalLimit=16 neighborOK=0 nodeOK=1 -> NO
[HOP 5] CanSendToHop dest=1 outstanding=1 threshold=0 effectiveWindow=1 pendingData=1 globalLimit=16 neighborOK=0 nodeOK=1 -> NO
[HOP 5] CanSendToHop dest=1 outstanding=1 threshold=0 effectiveWindow=1 pendingData=1 globalLimit=16 neighborOK=0 nodeOK=1 -> NO
[HOP 5] CanSendToHop dest=1 outstanding=1 threshold=0 effectiveWindow=1 pendingData=1 globalLimit=16 neighborOK=0 nodeOK=1 -> NO
[HOP 5] CanSendToHop dest=1 outstanding=1 threshold=0 effectiveWindow=1 pendingData=1 globalLimit=16 neighborOK=0 nodeOK=1 -> NO
[HOP 5] CanSendToHop dest=1 outstanding=1 threshold=0 effectiveWindow=1 pendingData=1 globalLimit=16 neighborOK=0 nodeOK=1 -> NO
[HOP 5] CanSendToHop dest=1 outstanding=1 threshold=0 effectiveWindow=1 pendingData=1 globalLimit=16 neighborOK=0 nodeOK=1 -> NO
[MAC 1] PickTxSlot(dest=5) active_nodes_for_slotting=3 opnet_slot_range=31
[MAC 1] PickTxSlot(dest=5) avoid:
[MAC 1] PickTxSlot chose 1 using historical next_tslot modulo probe
[MAC 1] TX opportunity reached currentSlot=1 reserveNextSlot=1
... type=1 speedKey=128[t=0.778961] TX from node 1 to dest 5 seq 1 size 41 bytes segments 1 at slot 1 rate 128 kbps txPower 33 dBm (133333 bps) preamble SHORT duration 0.02208 s
[MAC 1] ACK transmitted in aggregate dest=5 seq=1 txCount=1/5
[MAC 1] OPNET aggregate transmitted segments=1 ackSegments=1 dataSegments=0 bytes=41 rate=128
[MAC 5] PickTxSlot(dest=4) active_nodes_for_slotting=3 opnet_slot_range=31
[MAC 5] avoiding neighbor 4 currentReservedSlot=1 rtslot_counter=1
[MAC 5] PickTxSlot(dest=4) avoid: 1
[MAC 5] PickTxSlot chose 2 using historical next_tslot modulo probe
[MAC 5] TX opportunity reached currentSlot=9 reserveNextSlot=2
... type=1 speedKey=128[t=0.793] TX from node 5 to dest 4 seq 3 size 41 bytes segments 1 at slot 2 rate 128 kbps txPower 33 dBm (133333 bps) preamble SHORT duration 0.02208 s
[MAC 5] ACK transmitted in aggregate dest=4 seq=3 txCount=1/5
[MAC 5] OPNET aggregate transmitted segments=1 ackSegments=1 dataSegments=0 bytes=41 rate=128
[MAC 1] resumes Pre-Tx with live slot=1 counter=1
[MAC 5] Learned neighbor 1 uses slot 1 (rtCounter=1)
[HOP 5] New neighbor 1 heard at t=0.801042s
[HOP 5] RX ACK from 1 seq=1
[HOP 5] Pending DATA decrement reason=ACK neighbor=1 pending=0
[NWK 5] NSDP(5->1) decremented to 15
[NWK 5] HOP completion released NSDP slot; awaiting HOP queue wake flow=5->1
[NWK 5] CheckNwkQueue: size=18
[HOP 5] CanSendToHop dest=1 outstanding=0 threshold=0 effectiveWindow=1 pendingData=0 globalLimit=16 neighborOK=1 nodeOK=1 -> YES
[HOP 5] link_control dest=1 neighborKnown=1 s0=-109 pathloss=70 failures=0 speed=128 txPower=33 rxPower=-109 cost=116
[HOP 5] Pending DATA increment dest=1 pending=1
[HOP 5] TX historical-bare DATA neighbor=1 hopSeq=2
[MAC] Enqueue TX pkt dscp=0 insert_pos=0 queue_size_before=0
[HOP 5] CanSendToHop dest=1 outstanding=1 threshold=0 effectiveWindow=1 pendingData=1 globalLimit=16 neighborOK=0 nodeOK=1 -> NO
[HOP 5] CanSendToHop dest=1 outstanding=1 threshold=0 effectiveWindow=1 pendingData=1 globalLimit=16 neighborOK=0 nodeOK=1 -> NO
[HOP 5] CanSendToHop dest=1 outstanding=1 threshold=0 effectiveWindow=1 pendingData=1 globalLimit=16 neighborOK=0 nodeOK=1 -> NO
[HOP 5] CanSendToHop dest=1 outstanding=1 threshold=0 effectiveWindow=1 pendingData=1 globalLimit=16 neighborOK=0 nodeOK=1 -> NO
[HOP 5] CanSendToHop dest=1 outstanding=1 threshold=0 effectiveWindow=1 pendingData=1 globalLimit=16 neighborOK=0 nodeOK=1 -> NO
[HOP 5] CanSendToHop dest=1 outstanding=1 threshold=0 effectiveWindow=1 pendingData=1 globalLimit=16 neighborOK=0 nodeOK=1 -> NO
[HOP 5] CanSendToHop dest=1 outstanding=1 threshold=0 effectiveWindow=1 pendingData=1 globalLimit=16 neighborOK=0 nodeOK=1 -> NO
[HOP 5] CanSendToHop dest=1 outstanding=1 threshold=0 effectiveWindow=1 pendingData=1 globalLimit=16 neighborOK=0 nodeOK=1 -> NO
[HOP 5] CanSendToHop dest=1 outstanding=1 threshold=0 effectiveWindow=1 pendingData=1 globalLimit=16 neighborOK=0 nodeOK=1 -> NO
[HOP 5] CanSendToHop dest=1 outstanding=1 threshold=0 effectiveWindow=1 pendingData=1 globalLimit=16 neighborOK=0 nodeOK=1 -> NO
[HOP 5] CanSendToHop dest=1 outstanding=1 threshold=0 effectiveWindow=1 pendingData=1 globalLimit=16 neighborOK=0 nodeOK=1 -> NO
[HOP 5] CanSendToHop dest=1 outstanding=1 threshold=0 effectiveWindow=1 pendingData=1 globalLimit=16 neighborOK=0 nodeOK=1 -> NO
[HOP 5] CanSendToHop dest=1 outstanding=1 threshold=0 effectiveWindow=1 pendingData=1 globalLimit=16 neighborOK=0 nodeOK=1 -> NO
[HOP 5] CanSendToHop dest=1 outstanding=1 threshold=0 effectiveWindow=1 pendingData=1 globalLimit=16 neighborOK=0 nodeOK=1 -> NO
[HOP 5] CanSendToHop dest=1 outstanding=1 threshold=0 effectiveWindow=1 pendingData=1 globalLimit=16 neighborOK=0 nodeOK=1 -> NO
[HOP 5] CanSendToHop dest=1 outstanding=1 threshold=0 effectiveWindow=1 pendingData=1 globalLimit=16 neighborOK=0 nodeOK=1 -> NO
[HOP 5] CanSendToHop dest=1 outstanding=1 threshold=0 effectiveWindow=1 pendingData=1 globalLimit=16 neighborOK=0 nodeOK=1 -> NO
[MAC 4] rtslot_counter expired for neighbor 5 reserveSlot=9
[MAC 5] resumes Pre-Tx with live slot=2 counter=2
[MAC 4] Learned neighbor 5 uses slot 2 (rtCounter=2)
[HOP 4] RX ACK from 5 seq=3
[HOP 4] Pending DATA decrement reason=ACK neighbor=5 pending=0
[HOP 4] Adaptive flow threshold increased neighbor=5 old=0 new=1 effectiveWindow=2
[NWK 4] NSDP(4->1) decremented to 15
[NWK 4] HOP completion released NSDP slot; awaiting HOP queue wake flow=4->1
[NWK 4] CheckNwkQueue: size=15
[HOP 4] CanSendToHop dest=5 outstanding=0 threshold=1 effectiveWindow=2 pendingData=0 globalLimit=16 neighborOK=1 nodeOK=1 -> YES
[HOP 4] link_control dest=5 neighborKnown=1 s0=-109 pathloss=70 failures=0 speed=128 txPower=33 rxPower=-109 cost=116
[HOP 4] Pending DATA increment dest=5 pending=1
[HOP 4] TX historical-bare DATA neighbor=5 hopSeq=4
[MAC] Enqueue TX pkt dscp=0 insert_pos=0 queue_size_before=0
[HOP 4] CanSendToHop dest=5 outstanding=1 threshold=1 effectiveWindow=2 pendingData=1 globalLimit=16 neighborOK=1 nodeOK=1 -> YES
[HOP 4] link_control dest=5 neighborKnown=1 s0=-109 pathloss=70 failures=0 speed=128 txPower=33 rxPower=-109 cost=116
[HOP 4] Pending DATA increment dest=5 pending=2
[HOP 4] TX historical-bare DATA neighbor=5 hopSeq=5
[MAC] Enqueue TX pkt dscp=0 insert_pos=1 queue_size_before=1
[HOP 4] CanSendToHop dest=5 outstanding=2 threshold=1 effectiveWindow=2 pendingData=2 globalLimit=16 neighborOK=0 nodeOK=1 -> NO
[HOP 4] CanSendToHop dest=5 outstanding=2 threshold=1 effectiveWindow=2 pendingData=2 globalLimit=16 neighborOK=0 nodeOK=1 -> NO
[HOP 4] CanSendToHop dest=5 outstanding=2 threshold=1 effectiveWindow=2 pendingData=2 globalLimit=16 neighborOK=0 nodeOK=1 -> NO
[HOP 4] CanSendToHop dest=5 outstanding=2 threshold=1 effectiveWindow=2 pendingData=2 globalLimit=16 neighborOK=0 nodeOK=1 -> NO
[HOP 4] CanSendToHop dest=5 outstanding=2 threshold=1 effectiveWindow=2 pendingData=2 globalLimit=16 neighborOK=0 nodeOK=1 -> NO
[HOP 4] CanSendToHop dest=5 outstanding=2 threshold=1 effectiveWindow=2 pendingData=2 globalLimit=16 neighborOK=0 nodeOK=1 -> NO
[HOP 4] CanSendToHop dest=5 outstanding=2 threshold=1 effectiveWindow=2 pendingData=2 globalLimit=16 neighborOK=0 nodeOK=1 -> NO
[HOP 4] CanSendToHop dest=5 outstanding=2 threshold=1 effectiveWindow=2 pendingData=2 globalLimit=16 neighborOK=0 nodeOK=1 -> NO
[HOP 4] CanSendToHop dest=5 outstanding=2 threshold=1 effectiveWindow=2 pendingData=2 globalLimit=16 neighborOK=0 nodeOK=1 -> NO
[HOP 4] CanSendToHop dest=5 outstanding=2 threshold=1 effectiveWindow=2 pendingData=2 globalLimit=16 neighborOK=0 nodeOK=1 -> NO
[HOP 4] CanSendToHop dest=5 outstanding=2 threshold=1 effectiveWindow=2 pendingData=2 globalLimit=16 neighborOK=0 nodeOK=1 -> NO
[HOP 4] CanSendToHop dest=5 outstanding=2 threshold=1 effectiveWindow=2 pendingData=2 globalLimit=16 neighborOK=0 nodeOK=1 -> NO
[HOP 4] CanSendToHop dest=5 outstanding=2 threshold=1 effectiveWindow=2 pendingData=2 globalLimit=16 neighborOK=0 nodeOK=1 -> NO
[MAC 1] PickTxSlot(dest=5) active_nodes_for_slotting=3 opnet_slot_range=31
[MAC 1] PickTxSlot(dest=5) avoid:
[MAC 1] PickTxSlot chose 1 using historical next_tslot modulo probe
[MAC 1] TX opportunity reached currentSlot=1 reserveNextSlot=1
... type=1 speedKey=128[t=0.817961] TX from node 1 to dest 5 seq 1 size 41 bytes segments 1 at slot 1 rate 128 kbps txPower 33 dBm (133333 bps) preamble SHORT duration 0.02208 s
[MAC 1] ACK transmitted in aggregate dest=5 seq=1 txCount=2/5
[MAC 1] OPNET aggregate transmitted segments=1 ackSegments=1 dataSegments=0 bytes=41 rate=128
[MAC 4] local advertised reservation expired
[MAC 4] PickTxSlot(dest=5) active_nodes_for_slotting=3 opnet_slot_range=31
[MAC 4] avoiding neighbor 5 currentReservedSlot=1 rtslot_counter=1
[MAC 4] PickTxSlot(dest=5) avoid: 1
[MAC 4] PickTxSlot chose 7 using historical next_tslot modulo probe
[MAC 4] starts Pre-Tx with new slot=7 holdoff_over=1
[NWK 4] NSDP(4->1) incremented to 16
[NWK 5] NSDP(5->1) incremented to 16
[NWK 4] CheckNwkQueue: size=14
[HOP 4] CanSendToHop dest=5 outstanding=2 threshold=1 effectiveWindow=2 pendingData=2 globalLimit=16 neighborOK=0 nodeOK=1 -> NO
[HOP 4] CanSendToHop dest=5 outstanding=2 threshold=1 effectiveWindow=2 pendingData=2 globalLimit=16 neighborOK=0 nodeOK=1 -> NO
[HOP 4] CanSendToHop dest=5 outstanding=2 threshold=1 effectiveWindow=2 pendingData=2 globalLimit=16 neighborOK=0 nodeOK=1 -> NO
[HOP 4] CanSendToHop dest=5 outstanding=2 threshold=1 effectiveWindow=2 pendingData=2 globalLimit=16 neighborOK=0 nodeOK=1 -> NO
[HOP 4] CanSendToHop dest=5 outstanding=2 threshold=1 effectiveWindow=2 pendingData=2 globalLimit=16 neighborOK=0 nodeOK=1 -> NO
[HOP 4] CanSendToHop dest=5 outstanding=2 threshold=1 effectiveWindow=2 pendingData=2 globalLimit=16 neighborOK=0 nodeOK=1 -> NO
[HOP 4] CanSendToHop dest=5 outstanding=2 threshold=1 effectiveWindow=2 pendingData=2 globalLimit=16 neighborOK=0 nodeOK=1 -> NO
[HOP 4] CanSendToHop dest=5 outstanding=2 threshold=1 effectiveWindow=2 pendingData=2 globalLimit=16 neighborOK=0 nodeOK=1 -> NO
[HOP 4] CanSendToHop dest=5 outstanding=2 threshold=1 effectiveWindow=2 pendingData=2 globalLimit=16 neighborOK=0 nodeOK=1 -> NO
[HOP 4] CanSendToHop dest=5 outstanding=2 threshold=1 effectiveWindow=2 pendingData=2 globalLimit=16 neighborOK=0 nodeOK=1 -> NO
[HOP 4] CanSendToHop dest=5 outstanding=2 threshold=1 effectiveWindow=2 pendingData=2 globalLimit=16 neighborOK=0 nodeOK=1 -> NO
[HOP 4] CanSendToHop dest=5 outstanding=2 threshold=1 effectiveWindow=2 pendingData=2 globalLimit=16 neighborOK=0 nodeOK=1 -> NO
[HOP 4] CanSendToHop dest=5 outstanding=2 threshold=1 effectiveWindow=2 pendingData=2 globalLimit=16 neighborOK=0 nodeOK=1 -> NO
[HOP 4] CanSendToHop dest=5 outstanding=2 threshold=1 effectiveWindow=2 pendingData=2 globalLimit=16 neighborOK=0 nodeOK=1 -> NO
[NWK 5] CheckNwkQueue: size=18
[HOP 5] CanSendToHop dest=1 outstanding=1 threshold=0 effectiveWindow=1 pendingData=1 globalLimit=16 neighborOK=0 nodeOK=1 -> NO
[HOP 5] CanSendToHop dest=1 outstanding=1 threshold=0 effectiveWindow=1 pendingData=1 globalLimit=16 neighborOK=0 nodeOK=1 -> NO
[HOP 5] CanSendToHop dest=1 outstanding=1 threshold=0 effectiveWindow=1 pendingData=1 globalLimit=16 neighborOK=0 nodeOK=1 -> NO
[HOP 5] CanSendToHop dest=1 outstanding=1 threshold=0 effectiveWindow=1 pendingData=1 globalLimit=16 neighborOK=0 nodeOK=1 -> NO
[HOP 5] CanSendToHop dest=1 outstanding=1 threshold=0 effectiveWindow=1 pendingData=1 globalLimit=16 neighborOK=0 nodeOK=1 -> NO
[HOP 5] CanSendToHop dest=1 outstanding=1 threshold=0 effectiveWindow=1 pendingData=1 globalLimit=16 neighborOK=0 nodeOK=1 -> NO
[HOP 5] CanSendToHop dest=1 outstanding=1 threshold=0 effectiveWindow=1 pendingData=1 globalLimit=16 neighborOK=0 nodeOK=1 -> NO
[HOP 5] CanSendToHop dest=1 outstanding=1 threshold=0 effectiveWindow=1 pendingData=1 globalLimit=16 neighborOK=0 nodeOK=1 -> NO
[HOP 5] CanSendToHop dest=1 outstanding=1 threshold=0 effectiveWindow=1 pendingData=1 globalLimit=16 neighborOK=0 nodeOK=1 -> NO
[HOP 5] CanSendToHop dest=1 outstanding=1 threshold=0 effectiveWindow=1 pendingData=1 globalLimit=16 neighborOK=0 nodeOK=1 -> NO
[HOP 5] CanSendToHop dest=1 outstanding=1 threshold=0 effectiveWindow=1 pendingData=1 globalLimit=16 neighborOK=0 nodeOK=1 -> NO
[HOP 5] CanSendToHop dest=1 outstanding=1 threshold=0 effectiveWindow=1 pendingData=1 globalLimit=16 neighborOK=0 nodeOK=1 -> NO
[HOP 5] CanSendToHop dest=1 outstanding=1 threshold=0 effectiveWindow=1 pendingData=1 globalLimit=16 neighborOK=0 nodeOK=1 -> NO
[HOP 5] CanSendToHop dest=1 outstanding=1 threshold=0 effectiveWindow=1 pendingData=1 globalLimit=16 neighborOK=0 nodeOK=1 -> NO
[HOP 5] CanSendToHop dest=1 outstanding=1 threshold=0 effectiveWindow=1 pendingData=1 globalLimit=16 neighborOK=0 nodeOK=1 -> NO
[HOP 5] CanSendToHop dest=1 outstanding=1 threshold=0 effectiveWindow=1 pendingData=1 globalLimit=16 neighborOK=0 nodeOK=1 -> NO
[HOP 5] CanSendToHop dest=1 outstanding=1 threshold=0 effectiveWindow=1 pendingData=1 globalLimit=16 neighborOK=0 nodeOK=1 -> NO
[HOP 5] CanSendToHop dest=1 outstanding=1 threshold=0 effectiveWindow=1 pendingData=1 globalLimit=16 neighborOK=0 nodeOK=1 -> NO
[MAC 5] rtslot_counter expired for neighbor 1 reserveSlot=1
[MAC 5] rtslot_counter expired for neighbor 4 reserveSlot=4
[MAC 1] resumes Pre-Tx with live slot=1 counter=1
[MAC 5] Learned neighbor 1 uses slot 1 (rtCounter=1)
[HOP 5] RX ACK from 1 seq=1
[NWK 5] CheckNwkQueue: size=18
[HOP 5] CanSendToHop dest=1 outstanding=1 threshold=0 effectiveWindow=1 pendingData=1 globalLimit=16 neighborOK=0 nodeOK=1 -> NO
[HOP 5] CanSendToHop dest=1 outstanding=1 threshold=0 effectiveWindow=1 pendingData=1 globalLimit=16 neighborOK=0 nodeOK=1 -> NO
[HOP 5] CanSendToHop dest=1 outstanding=1 threshold=0 effectiveWindow=1 pendingData=1 globalLimit=16 neighborOK=0 nodeOK=1 -> NO
[HOP 5] CanSendToHop dest=1 outstanding=1 threshold=0 effectiveWindow=1 pendingData=1 globalLimit=16 neighborOK=0 nodeOK=1 -> NO
[HOP 5] CanSendToHop dest=1 outstanding=1 threshold=0 effectiveWindow=1 pendingData=1 globalLimit=16 neighborOK=0 nodeOK=1 -> NO
[HOP 5] CanSendToHop dest=1 outstanding=1 threshold=0 effectiveWindow=1 pendingData=1 globalLimit=16 neighborOK=0 nodeOK=1 -> NO
[HOP 5] CanSendToHop dest=1 outstanding=1 threshold=0 effectiveWindow=1 pendingData=1 globalLimit=16 neighborOK=0 nodeOK=1 -> NO
[HOP 5] CanSendToHop dest=1 outstanding=1 threshold=0 effectiveWindow=1 pendingData=1 globalLimit=16 neighborOK=0 nodeOK=1 -> NO
[HOP 5] CanSendToHop dest=1 outstanding=1 threshold=0 effectiveWindow=1 pendingData=1 globalLimit=16 neighborOK=0 nodeOK=1 -> NO
[HOP 5] CanSendToHop dest=1 outstanding=1 threshold=0 effectiveWindow=1 pendingData=1 globalLimit=16 neighborOK=0 nodeOK=1 -> NO
[HOP 5] CanSendToHop dest=1 outstanding=1 threshold=0 effectiveWindow=1 pendingData=1 globalLimit=16 neighborOK=0 nodeOK=1 -> NO
[HOP 5] CanSendToHop dest=1 outstanding=1 threshold=0 effectiveWindow=1 pendingData=1 globalLimit=16 neighborOK=0 nodeOK=1 -> NO
[HOP 5] CanSendToHop dest=1 outstanding=1 threshold=0 effectiveWindow=1 pendingData=1 globalLimit=16 neighborOK=0 nodeOK=1 -> NO
[HOP 5] CanSendToHop dest=1 outstanding=1 threshold=0 effectiveWindow=1 pendingData=1 globalLimit=16 neighborOK=0 nodeOK=1 -> NO
[HOP 5] CanSendToHop dest=1 outstanding=1 threshold=0 effectiveWindow=1 pendingData=1 globalLimit=16 neighborOK=0 nodeOK=1 -> NO
[HOP 5] CanSendToHop dest=1 outstanding=1 threshold=0 effectiveWindow=1 pendingData=1 globalLimit=16 neighborOK=0 nodeOK=1 -> NO
[HOP 5] CanSendToHop dest=1 outstanding=1 threshold=0 effectiveWindow=1 pendingData=1 globalLimit=16 neighborOK=0 nodeOK=1 -> NO
[HOP 5] CanSendToHop dest=1 outstanding=1 threshold=0 effectiveWindow=1 pendingData=1 globalLimit=16 neighborOK=0 nodeOK=1 -> NO
[MAC 4] rtslot_counter expired for neighbor 5 reserveSlot=2
[MAC 5] PickTxSlot(dest=4) active_nodes_for_slotting=3 opnet_slot_range=31
[MAC 5] avoiding neighbor 1 currentReservedSlot=0 rtslot_counter=0
[MAC 5] PickTxSlot(dest=4) avoid:
[MAC 5] PickTxSlot chose 9 using historical next_tslot modulo probe
[MAC 5] TX opportunity reached currentSlot=2 reserveNextSlot=9
... type=1 speedKey=128[t=0.845] TX from node 5 to dest 4 seq 3 size 89 bytes segments 2 at slot 9 rate 128 kbps txPower 33 dBm (133333 bps) preamble SHORT duration 0.02496 s
[HOP 5] MAC sent confirmation dest=1 seq=2 transmission=1 sentAt=0.845
[MAC 5] ACK transmitted in aggregate dest=4 seq=3 txCount=2/5
[MAC 5] OPNET aggregate transmitted segments=2 ackSegments=1 dataSegments=1 bytes=89 rate=128
[MAC 1] PickTxSlot(dest=5) active_nodes_for_slotting=3 opnet_slot_range=31
[MAC 1] PickTxSlot(dest=5) avoid:
[MAC 1] PickTxSlot chose 1 using historical next_tslot modulo probe
[MAC 1] TX opportunity reached currentSlot=1 reserveNextSlot=1
... type=1 speedKey=128[t=0.856961] TX from node 1 to dest 5 seq 1 size 41 bytes segments 1 at slot 1 rate 128 kbps txPower 33 dBm (133333 bps) preamble SHORT duration 0.02208 s
[MAC 1] ACK transmitted in aggregate dest=5 seq=1 txCount=3/5
[MAC 1] OPNET aggregate transmitted segments=1 ackSegments=1 dataSegments=0 bytes=41 rate=128
[MAC 5] resumes Pre-Tx with live slot=9 counter=9
[MAC 4] Learned neighbor 5 uses slot 9 (rtCounter=9)
[HOP 4] RX ACK from 5 seq=3
[MAC 1] Learned neighbor 5 uses slot 9 (rtCounter=9)
[HOP 1] link_control dest=5 neighborKnown=1 s0=-109 pathloss=70 failures=0 speed=128 txPower=33 rxPower=-109 cost=116
[MAC 1] Update cumulative ACK queue entry dest=5 baseSeq=2 txCount=0
[NWK 1] Updated reverse path netSrc=5 reverseHop=5
[NWK 4] CheckNwkQueue: size=14
[HOP 4] CanSendToHop dest=5 outstanding=2 threshold=1 effectiveWindow=2 pendingData=2 globalLimit=16 neighborOK=0 nodeOK=1 -> NO
[HOP 4] CanSendToHop dest=5 outstanding=2 threshold=1 effectiveWindow=2 pendingData=2 globalLimit=16 neighborOK=0 nodeOK=1 -> NO
[HOP 4] CanSendToHop dest=5 outstanding=2 threshold=1 effectiveWindow=2 pendingData=2 globalLimit=16 neighborOK=0 nodeOK=1 -> NO
[HOP 4] CanSendToHop dest=5 outstanding=2 threshold=1 effectiveWindow=2 pendingData=2 globalLimit=16 neighborOK=0 nodeOK=1 -> NO
[HOP 4] CanSendToHop dest=5 outstanding=2 threshold=1 effectiveWindow=2 pendingData=2 globalLimit=16 neighborOK=0 nodeOK=1 -> NO
[HOP 4] CanSendToHop dest=5 outstanding=2 threshold=1 effectiveWindow=2 pendingData=2 globalLimit=16 neighborOK=0 nodeOK=1 -> NO
[HOP 4] CanSendToHop dest=5 outstanding=2 threshold=1 effectiveWindow=2 pendingData=2 globalLimit=16 neighborOK=0 nodeOK=1 -> NO
[HOP 4] CanSendToHop dest=5 outstanding=2 threshold=1 effectiveWindow=2 pendingData=2 globalLimit=16 neighborOK=0 nodeOK=1 -> NO
[HOP 4] CanSendToHop dest=5 outstanding=2 threshold=1 effectiveWindow=2 pendingData=2 globalLimit=16 neighborOK=0 nodeOK=1 -> NO
[HOP 4] CanSendToHop dest=5 outstanding=2 threshold=1 effectiveWindow=2 pendingData=2 globalLimit=16 neighborOK=0 nodeOK=1 -> NO
[HOP 4] CanSendToHop dest=5 outstanding=2 threshold=1 effectiveWindow=2 pendingData=2 globalLimit=16 neighborOK=0 nodeOK=1 -> NO
[HOP 4] CanSendToHop dest=5 outstanding=2 threshold=1 effectiveWindow=2 pendingData=2 globalLimit=16 neighborOK=0 nodeOK=1 -> NO
[HOP 4] CanSendToHop dest=5 outstanding=2 threshold=1 effectiveWindow=2 pendingData=2 globalLimit=16 neighborOK=0 nodeOK=1 -> NO
[HOP 4] CanSendToHop dest=5 outstanding=2 threshold=1 effectiveWindow=2 pendingData=2 globalLimit=16 neighborOK=0 nodeOK=1 -> NO
[MAC 5] rtslot_counter expired for neighbor 1 reserveSlot=1
[MAC 1] resumes Pre-Tx with live slot=1 counter=1
[MAC 5] Learned neighbor 1 uses slot 1 (rtCounter=1)
[HOP 5] RX ACK from 1 seq=1
[NWK 5] CheckNwkQueue: size=18
[HOP 5] CanSendToHop dest=1 outstanding=1 threshold=0 effectiveWindow=1 pendingData=1 globalLimit=16 neighborOK=0 nodeOK=1 -> NO
[HOP 5] CanSendToHop dest=1 outstanding=1 threshold=0 effectiveWindow=1 pendingData=1 globalLimit=16 neighborOK=0 nodeOK=1 -> NO
[HOP 5] CanSendToHop dest=1 outstanding=1 threshold=0 effectiveWindow=1 pendingData=1 globalLimit=16 neighborOK=0 nodeOK=1 -> NO
[HOP 5] CanSendToHop dest=1 outstanding=1 threshold=0 effectiveWindow=1 pendingData=1 globalLimit=16 neighborOK=0 nodeOK=1 -> NO
[HOP 5] CanSendToHop dest=1 outstanding=1 threshold=0 effectiveWindow=1 pendingData=1 globalLimit=16 neighborOK=0 nodeOK=1 -> NO
[HOP 5] CanSendToHop dest=1 outstanding=1 threshold=0 effectiveWindow=1 pendingData=1 globalLimit=16 neighborOK=0 nodeOK=1 -> NO
[HOP 5] CanSendToHop dest=1 outstanding=1 threshold=0 effectiveWindow=1 pendingData=1 globalLimit=16 neighborOK=0 nodeOK=1 -> NO
[HOP 5] CanSendToHop dest=1 outstanding=1 threshold=0 effectiveWindow=1 pendingData=1 globalLimit=16 neighborOK=0 nodeOK=1 -> NO
[HOP 5] CanSendToHop dest=1 outstanding=1 threshold=0 effectiveWindow=1 pendingData=1 globalLimit=16 neighborOK=0 nodeOK=1 -> NO
[HOP 5] CanSendToHop dest=1 outstanding=1 threshold=0 effectiveWindow=1 pendingData=1 globalLimit=16 neighborOK=0 nodeOK=1 -> NO
[HOP 5] CanSendToHop dest=1 outstanding=1 threshold=0 effectiveWindow=1 pendingData=1 globalLimit=16 neighborOK=0 nodeOK=1 -> NO
[HOP 5] CanSendToHop dest=1 outstanding=1 threshold=0 effectiveWindow=1 pendingData=1 globalLimit=16 neighborOK=0 nodeOK=1 -> NO
[HOP 5] CanSendToHop dest=1 outstanding=1 threshold=0 effectiveWindow=1 pendingData=1 globalLimit=16 neighborOK=0 nodeOK=1 -> NO
[HOP 5] CanSendToHop dest=1 outstanding=1 threshold=0 effectiveWindow=1 pendingData=1 globalLimit=16 neighborOK=0 nodeOK=1 -> NO
[HOP 5] CanSendToHop dest=1 outstanding=1 threshold=0 effectiveWindow=1 pendingData=1 globalLimit=16 neighborOK=0 nodeOK=1 -> NO
[HOP 5] CanSendToHop dest=1 outstanding=1 threshold=0 effectiveWindow=1 pendingData=1 globalLimit=16 neighborOK=0 nodeOK=1 -> NO
[HOP 5] CanSendToHop dest=1 outstanding=1 threshold=0 effectiveWindow=1 pendingData=1 globalLimit=16 neighborOK=0 nodeOK=1 -> NO
[HOP 5] CanSendToHop dest=1 outstanding=1 threshold=0 effectiveWindow=1 pendingData=1 globalLimit=16 neighborOK=0 nodeOK=1 -> NO
[MAC 1] PickTxSlot(dest=5) active_nodes_for_slotting=3 opnet_slot_range=31
[MAC 1] avoiding neighbor 5 currentReservedSlot=7 rtslot_counter=7
[MAC 1] PickTxSlot(dest=5) avoid: 7
[MAC 1] PickTxSlot chose 1 using historical next_tslot modulo probe
[MAC 1] TX opportunity reached currentSlot=1 reserveNextSlot=1
... type=1 speedKey=128[t=0.895961] TX from node 1 to dest 5 seq 2 size 41 bytes segments 1 at slot 1 rate 128 kbps txPower 33 dBm (133333 bps) preamble SHORT duration 0.02208 s
[MAC 1] ACK transmitted in aggregate dest=5 seq=2 txCount=1/5
[MAC 1] OPNET aggregate transmitted segments=1 ackSegments=1 dataSegments=0 bytes=41 rate=128
[MAC 5] rtslot_counter expired for neighbor 1 reserveSlot=1
[MAC 1] resumes Pre-Tx with live slot=1 counter=1
[MAC 5] Learned neighbor 1 uses slot 1 (rtCounter=1)
[HOP 5] RX ACK from 1 seq=2
[HOP 5] Pending DATA decrement reason=ACK neighbor=1 pending=0
[NWK 5] NSDP(5->1) decremented to 15
[NWK 5] HOP completion released NSDP slot; awaiting HOP queue wake flow=5->1
[NWK 5] CheckNwkQueue: size=18
[HOP 5] CanSendToHop dest=1 outstanding=0 threshold=0 effectiveWindow=1 pendingData=0 globalLimit=16 neighborOK=1 nodeOK=1 -> YES
[HOP 5] link_control dest=1 neighborKnown=1 s0=-109 pathloss=70 failures=0 speed=128 txPower=33 rxPower=-109 cost=116
[HOP 5] Pending DATA increment dest=1 pending=1
[HOP 5] TX historical-bare DATA neighbor=1 hopSeq=3
[MAC] Enqueue TX pkt dscp=0 insert_pos=0 queue_size_before=0
[HOP 5] CanSendToHop dest=1 outstanding=1 threshold=0 effectiveWindow=1 pendingData=1 globalLimit=16 neighborOK=0 nodeOK=1 -> NO
[HOP 5] CanSendToHop dest=1 outstanding=1 threshold=0 effectiveWindow=1 pendingData=1 globalLimit=16 neighborOK=0 nodeOK=1 -> NO
[HOP 5] CanSendToHop dest=1 outstanding=1 threshold=0 effectiveWindow=1 pendingData=1 globalLimit=16 neighborOK=0 nodeOK=1 -> NO
[HOP 5] CanSendToHop dest=1 outstanding=1 threshold=0 effectiveWindow=1 pendingData=1 globalLimit=16 neighborOK=0 nodeOK=1 -> NO
[HOP 5] CanSendToHop dest=1 outstanding=1 threshold=0 effectiveWindow=1 pendingData=1 globalLimit=16 neighborOK=0 nodeOK=1 -> NO
[HOP 5] CanSendToHop dest=1 outstanding=1 threshold=0 effectiveWindow=1 pendingData=1 globalLimit=16 neighborOK=0 nodeOK=1 -> NO
[HOP 5] CanSendToHop dest=1 outstanding=1 threshold=0 effectiveWindow=1 pendingData=1 globalLimit=16 neighborOK=0 nodeOK=1 -> NO
[HOP 5] CanSendToHop dest=1 outstanding=1 threshold=0 effectiveWindow=1 pendingData=1 globalLimit=16 neighborOK=0 nodeOK=1 -> NO
[HOP 5] CanSendToHop dest=1 outstanding=1 threshold=0 effectiveWindow=1 pendingData=1 globalLimit=16 neighborOK=0 nodeOK=1 -> NO
[HOP 5] CanSendToHop dest=1 outstanding=1 threshold=0 effectiveWindow=1 pendingData=1 globalLimit=16 neighborOK=0 nodeOK=1 -> NO
[HOP 5] CanSendToHop dest=1 outstanding=1 threshold=0 effectiveWindow=1 pendingData=1 globalLimit=16 neighborOK=0 nodeOK=1 -> NO
[HOP 5] CanSendToHop dest=1 outstanding=1 threshold=0 effectiveWindow=1 pendingData=1 globalLimit=16 neighborOK=0 nodeOK=1 -> NO
[HOP 5] CanSendToHop dest=1 outstanding=1 threshold=0 effectiveWindow=1 pendingData=1 globalLimit=16 neighborOK=0 nodeOK=1 -> NO
[HOP 5] CanSendToHop dest=1 outstanding=1 threshold=0 effectiveWindow=1 pendingData=1 globalLimit=16 neighborOK=0 nodeOK=1 -> NO
[HOP 5] CanSendToHop dest=1 outstanding=1 threshold=0 effectiveWindow=1 pendingData=1 globalLimit=16 neighborOK=0 nodeOK=1 -> NO
[HOP 5] CanSendToHop dest=1 outstanding=1 threshold=0 effectiveWindow=1 pendingData=1 globalLimit=16 neighborOK=0 nodeOK=1 -> NO
[HOP 5] CanSendToHop dest=1 outstanding=1 threshold=0 effectiveWindow=1 pendingData=1 globalLimit=16 neighborOK=0 nodeOK=1 -> NO
[NWK 5] NSDP(5->1) incremented to 16
[NWK 5] CheckNwkQueue: size=18
[HOP 5] CanSendToHop dest=1 outstanding=1 threshold=0 effectiveWindow=1 pendingData=1 globalLimit=16 neighborOK=0 nodeOK=1 -> NO
[HOP 5] CanSendToHop dest=1 outstanding=1 threshold=0 effectiveWindow=1 pendingData=1 globalLimit=16 neighborOK=0 nodeOK=1 -> NO
[HOP 5] CanSendToHop dest=1 outstanding=1 threshold=0 effectiveWindow=1 pendingData=1 globalLimit=16 neighborOK=0 nodeOK=1 -> NO
[HOP 5] CanSendToHop dest=1 outstanding=1 threshold=0 effectiveWindow=1 pendingData=1 globalLimit=16 neighborOK=0 nodeOK=1 -> NO
[HOP 5] CanSendToHop dest=1 outstanding=1 threshold=0 effectiveWindow=1 pendingData=1 globalLimit=16 neighborOK=0 nodeOK=1 -> NO
[HOP 5] CanSendToHop dest=1 outstanding=1 threshold=0 effectiveWindow=1 pendingData=1 globalLimit=16 neighborOK=0 nodeOK=1 -> NO
[HOP 5] CanSendToHop dest=1 outstanding=1 threshold=0 effectiveWindow=1 pendingData=1 globalLimit=16 neighborOK=0 nodeOK=1 -> NO
[HOP 5] CanSendToHop dest=1 outstanding=1 threshold=0 effectiveWindow=1 pendingData=1 globalLimit=16 neighborOK=0 nodeOK=1 -> NO
[HOP 5] CanSendToHop dest=1 outstanding=1 threshold=0 effectiveWindow=1 pendingData=1 globalLimit=16 neighborOK=0 nodeOK=1 -> NO
[HOP 5] CanSendToHop dest=1 outstanding=1 threshold=0 effectiveWindow=1 pendingData=1 globalLimit=16 neighborOK=0 nodeOK=1 -> NO
[HOP 5] CanSendToHop dest=1 outstanding=1 threshold=0 effectiveWindow=1 pendingData=1 globalLimit=16 neighborOK=0 nodeOK=1 -> NO
[HOP 5] CanSendToHop dest=1 outstanding=1 threshold=0 effectiveWindow=1 pendingData=1 globalLimit=16 neighborOK=0 nodeOK=1 -> NO
[HOP 5] CanSendToHop dest=1 outstanding=1 threshold=0 effectiveWindow=1 pendingData=1 globalLimit=16 neighborOK=0 nodeOK=1 -> NO
[HOP 5] CanSendToHop dest=1 outstanding=1 threshold=0 effectiveWindow=1 pendingData=1 globalLimit=16 neighborOK=0 nodeOK=1 -> NO
[HOP 5] CanSendToHop dest=1 outstanding=1 threshold=0 effectiveWindow=1 pendingData=1 globalLimit=16 neighborOK=0 nodeOK=1 -> NO
[HOP 5] CanSendToHop dest=1 outstanding=1 threshold=0 effectiveWindow=1 pendingData=1 globalLimit=16 neighborOK=0 nodeOK=1 -> NO
[HOP 5] CanSendToHop dest=1 outstanding=1 threshold=0 effectiveWindow=1 pendingData=1 globalLimit=16 neighborOK=0 nodeOK=1 -> NO
[HOP 5] CanSendToHop dest=1 outstanding=1 threshold=0 effectiveWindow=1 pendingData=1 globalLimit=16 neighborOK=0 nodeOK=1 -> NO
[MAC 4] PickTxSlot(dest=5) active_nodes_for_slotting=3 opnet_slot_range=31
[MAC 4] avoiding neighbor 5 currentReservedSlot=4 rtslot_counter=4
[MAC 4] PickTxSlot(dest=5) avoid: 4
[MAC 4] PickTxSlot chose 3 using historical next_tslot modulo probe
[MAC 4] TX opportunity reached currentSlot=7 reserveNextSlot=3
... type=0 speedKey=128[t=0.923] TX from node 4 to dest 5 seq 4 size 96 bytes segments 2 at slot 3 rate 128 kbps txPower 33 dBm (133333 bps) preamble SHORT duration 0.02538 s
[HOP 4] MAC sent confirmation dest=5 seq=4 transmission=1 sentAt=0.923
[HOP 4] MAC sent confirmation dest=5 seq=5 transmission=1 sentAt=0.923
[MAC 4] OPNET aggregate transmitted segments=2 ackSegments=0 dataSegments=2 bytes=96 rate=128
[MAC 1] PickTxSlot(dest=5) active_nodes_for_slotting=3 opnet_slot_range=31
[MAC 1] avoiding neighbor 5 currentReservedSlot=5 rtslot_counter=5
[MAC 1] PickTxSlot(dest=5) avoid: 5
[MAC 1] PickTxSlot chose 1 using historical next_tslot modulo probe
[MAC 1] TX opportunity reached currentSlot=1 reserveNextSlot=1
... type=1 speedKey=128[t=0.934961] TX from node 1 to dest 5 seq 2 size 41 bytes segments 1 at slot 1 rate 128 kbps txPower 33 dBm (133333 bps) preamble SHORT duration 0.02208 s
[MAC 1] ACK transmitted in aggregate dest=5 seq=2 txCount=2/5
[MAC 1] OPNET aggregate transmitted segments=1 ackSegments=1 dataSegments=0 bytes=41 rate=128
[MAC 5] rtslot_counter expired for neighbor 1 reserveSlot=1
[MAC 4] post-TX WAIT_FOR_ACK until 20.9484 (POST_TX_WAIT=20 s)
[MAC 5] Learned neighbor 4 uses slot 3 (rtCounter=3)
[HOP 5] link_control dest=4 neighborKnown=1 s0=-109 pathloss=70 failures=0 speed=128 txPower=33 rxPower=-109 cost=116
[NWK 5] Updated reverse path netSrc=4 reverseHop=4
[MAC 5] Update cumulative ACK queue entry dest=4 baseSeq=4 txCount=0
[HOP 5] link_control dest=4 neighborKnown=1 s0=-109 pathloss=70 failures=0 speed=128 txPower=33 rxPower=-109 cost=116
[NWK 5] Updated reverse path netSrc=4 reverseHop=4
[MAC 5] Update cumulative ACK queue entry dest=4 baseSeq=5 txCount=0
[NWK 5] CheckNwkQueue: size=20
[HOP 5] CanSendToHop dest=1 outstanding=1 threshold=0 effectiveWindow=1 pendingData=1 globalLimit=16 neighborOK=0 nodeOK=1 -> NO
[HOP 5] CanSendToHop dest=1 outstanding=1 threshold=0 effectiveWindow=1 pendingData=1 globalLimit=16 neighborOK=0 nodeOK=1 -> NO
[HOP 5] CanSendToHop dest=1 outstanding=1 threshold=0 effectiveWindow=1 pendingData=1 globalLimit=16 neighborOK=0 nodeOK=1 -> NO
[HOP 5] CanSendToHop dest=1 outstanding=1 threshold=0 effectiveWindow=1 pendingData=1 globalLimit=16 neighborOK=0 nodeOK=1 -> NO
[HOP 5] CanSendToHop dest=1 outstanding=1 threshold=0 effectiveWindow=1 pendingData=1 globalLimit=16 neighborOK=0 nodeOK=1 -> NO
[HOP 5] CanSendToHop dest=1 outstanding=1 threshold=0 effectiveWindow=1 pendingData=1 globalLimit=16 neighborOK=0 nodeOK=1 -> NO
[HOP 5] CanSendToHop dest=1 outstanding=1 threshold=0 effectiveWindow=1 pendingData=1 globalLimit=16 neighborOK=0 nodeOK=1 -> NO
[HOP 5] CanSendToHop dest=1 outstanding=1 threshold=0 effectiveWindow=1 pendingData=1 globalLimit=16 neighborOK=0 nodeOK=1 -> NO
[HOP 5] CanSendToHop dest=1 outstanding=1 threshold=0 effectiveWindow=1 pendingData=1 globalLimit=16 neighborOK=0 nodeOK=1 -> NO
[HOP 5] CanSendToHop dest=1 outstanding=1 threshold=0 effectiveWindow=1 pendingData=1 globalLimit=16 neighborOK=0 nodeOK=1 -> NO
[HOP 5] CanSendToHop dest=1 outstanding=1 threshold=0 effectiveWindow=1 pendingData=1 globalLimit=16 neighborOK=0 nodeOK=1 -> NO
[HOP 5] CanSendToHop dest=1 outstanding=1 threshold=0 effectiveWindow=1 pendingData=1 globalLimit=16 neighborOK=0 nodeOK=1 -> NO
[HOP 5] CanSendToHop dest=1 outstanding=1 threshold=0 effectiveWindow=1 pendingData=1 globalLimit=16 neighborOK=0 nodeOK=1 -> NO
[HOP 5] CanSendToHop dest=1 outstanding=1 threshold=0 effectiveWindow=1 pendingData=1 globalLimit=16 neighborOK=0 nodeOK=1 -> NO
[HOP 5] CanSendToHop dest=1 outstanding=1 threshold=0 effectiveWindow=1 pendingData=1 globalLimit=16 neighborOK=0 nodeOK=1 -> NO
[HOP 5] CanSendToHop dest=1 outstanding=1 threshold=0 effectiveWindow=1 pendingData=1 globalLimit=16 neighborOK=0 nodeOK=1 -> NO
[HOP 5] CanSendToHop dest=1 outstanding=1 threshold=0 effectiveWindow=1 pendingData=1 globalLimit=16 neighborOK=0 nodeOK=1 -> NO
[HOP 5] CanSendToHop dest=1 outstanding=1 threshold=0 effectiveWindow=1 pendingData=1 globalLimit=16 neighborOK=0 nodeOK=1 -> NO
[HOP 5] CanSendToHop dest=1 outstanding=1 threshold=0 effectiveWindow=1 pendingData=1 globalLimit=16 neighborOK=0 nodeOK=1 -> NO
[HOP 5] CanSendToHop dest=1 outstanding=1 threshold=0 effectiveWindow=1 pendingData=1 globalLimit=16 neighborOK=0 nodeOK=1 -> NO
[MAC 1] resumes Pre-Tx with live slot=1 counter=1
[MAC 5] Learned neighbor 1 uses slot 1 (rtCounter=1)
[HOP 5] RX ACK from 1 seq=2
[NWK 5] CheckNwkQueue: size=20
[HOP 5] CanSendToHop dest=1 outstanding=1 threshold=0 effectiveWindow=1 pendingData=1 globalLimit=16 neighborOK=0 nodeOK=1 -> NO
[HOP 5] CanSendToHop dest=1 outstanding=1 threshold=0 effectiveWindow=1 pendingData=1 globalLimit=16 neighborOK=0 nodeOK=1 -> NO
[HOP 5] CanSendToHop dest=1 outstanding=1 threshold=0 effectiveWindow=1 pendingData=1 globalLimit=16 neighborOK=0 nodeOK=1 -> NO
[HOP 5] CanSendToHop dest=1 outstanding=1 threshold=0 effectiveWindow=1 pendingData=1 globalLimit=16 neighborOK=0 nodeOK=1 -> NO
[HOP 5] CanSendToHop dest=1 outstanding=1 threshold=0 effectiveWindow=1 pendingData=1 globalLimit=16 neighborOK=0 nodeOK=1 -> NO
[HOP 5] CanSendToHop dest=1 outstanding=1 threshold=0 effectiveWindow=1 pendingData=1 globalLimit=16 neighborOK=0 nodeOK=1 -> NO
[HOP 5] CanSendToHop dest=1 outstanding=1 threshold=0 effectiveWindow=1 pendingData=1 globalLimit=16 neighborOK=0 nodeOK=1 -> NO
[HOP 5] CanSendToHop dest=1 outstanding=1 threshold=0 effectiveWindow=1 pendingData=1 globalLimit=16 neighborOK=0 nodeOK=1 -> NO
[HOP 5] CanSendToHop dest=1 outstanding=1 threshold=0 effectiveWindow=1 pendingData=1 globalLimit=16 neighborOK=0 nodeOK=1 -> NO
[HOP 5] CanSendToHop dest=1 outstanding=1 threshold=0 effectiveWindow=1 pendingData=1 globalLimit=16 neighborOK=0 nodeOK=1 -> NO
[HOP 5] CanSendToHop dest=1 outstanding=1 threshold=0 effectiveWindow=1 pendingData=1 globalLimit=16 neighborOK=0 nodeOK=1 -> NO
[HOP 5] CanSendToHop dest=1 outstanding=1 threshold=0 effectiveWindow=1 pendingData=1 globalLimit=16 neighborOK=0 nodeOK=1 -> NO
[HOP 5] CanSendToHop dest=1 outstanding=1 threshold=0 effectiveWindow=1 pendingData=1 globalLimit=16 neighborOK=0 nodeOK=1 -> NO
[HOP 5] CanSendToHop dest=1 outstanding=1 threshold=0 effectiveWindow=1 pendingData=1 globalLimit=16 neighborOK=0 nodeOK=1 -> NO
[HOP 5] CanSendToHop dest=1 outstanding=1 threshold=0 effectiveWindow=1 pendingData=1 globalLimit=16 neighborOK=0 nodeOK=1 -> NO
[HOP 5] CanSendToHop dest=1 outstanding=1 threshold=0 effectiveWindow=1 pendingData=1 globalLimit=16 neighborOK=0 nodeOK=1 -> NO
[HOP 5] CanSendToHop dest=1 outstanding=1 threshold=0 effectiveWindow=1 pendingData=1 globalLimit=16 neighborOK=0 nodeOK=1 -> NO
[HOP 5] CanSendToHop dest=1 outstanding=1 threshold=0 effectiveWindow=1 pendingData=1 globalLimit=16 neighborOK=0 nodeOK=1 -> NO
[HOP 5] CanSendToHop dest=1 outstanding=1 threshold=0 effectiveWindow=1 pendingData=1 globalLimit=16 neighborOK=0 nodeOK=1 -> NO
[HOP 5] CanSendToHop dest=1 outstanding=1 threshold=0 effectiveWindow=1 pendingData=1 globalLimit=16 neighborOK=0 nodeOK=1 -> NO
[MAC 1] PickTxSlot(dest=5) active_nodes_for_slotting=3 opnet_slot_range=31
[MAC 1] avoiding neighbor 5 currentReservedSlot=3 rtslot_counter=3
[MAC 1] PickTxSlot(dest=5) avoid: 3
[MAC 1] PickTxSlot chose 1 using historical next_tslot modulo probe
[MAC 1] TX opportunity reached currentSlot=1 reserveNextSlot=1
... type=1 speedKey=128[t=0.973961] TX from node 1 to dest 5 seq 2 size 41 bytes segments 1 at slot 1 rate 128 kbps txPower 33 dBm (133333 bps) preamble SHORT duration 0.02208 s
[MAC 1] ACK transmitted in aggregate dest=5 seq=2 txCount=3/5
[MAC 1] OPNET aggregate transmitted segments=1 ackSegments=1 dataSegments=0 bytes=41 rate=128
[MAC 5] rtslot_counter expired for neighbor 1 reserveSlot=1
[MAC 4] local advertised reservation expired
[MAC 5] rtslot_counter expired for neighbor 4 reserveSlot=3
[MAC 5] PickTxSlot(dest=4) active_nodes_for_slotting=3 opnet_slot_range=31
[MAC 5] PickTxSlot(dest=4) avoid:
[MAC 5] PickTxSlot chose 1 using historical next_tslot modulo probe
[MAC 5] TX opportunity reached currentSlot=9 reserveNextSlot=1
... type=1 speedKey=128[t=0.988] TX from node 5 to dest 4 seq 5 size 89 bytes segments 2 at slot 1 rate 128 kbps txPower 33 dBm (133333 bps) preamble SHORT duration 0.02496 s
[HOP 5] MAC sent confirmation dest=1 seq=3 transmission=1 sentAt=0.988
[MAC 5] ACK transmitted in aggregate dest=4 seq=5 txCount=1/5
[MAC 5] OPNET aggregate transmitted segments=2 ackSegments=1 dataSegments=1 bytes=89 rate=128
[MAC 1] resumes Pre-Tx with live slot=1 counter=1
[MAC 5] Learned neighbor 1 uses slot 1 (rtCounter=1)
[HOP 5] RX ACK from 1 seq=2
[NWK 5] CheckNwkQueue: size=20
[HOP 5] CanSendToHop dest=1 outstanding=1 threshold=0 effectiveWindow=1 pendingData=1 globalLimit=16 neighborOK=0 nodeOK=1 -> NO
[HOP 5] CanSendToHop dest=1 outstanding=1 threshold=0 effectiveWindow=1 pendingData=1 globalLimit=16 neighborOK=0 nodeOK=1 -> NO
[HOP 5] CanSendToHop dest=1 outstanding=1 threshold=0 effectiveWindow=1 pendingData=1 globalLimit=16 neighborOK=0 nodeOK=1 -> NO
[HOP 5] CanSendToHop dest=1 outstanding=1 threshold=0 effectiveWindow=1 pendingData=1 globalLimit=16 neighborOK=0 nodeOK=1 -> NO
[HOP 5] CanSendToHop dest=1 outstanding=1 threshold=0 effectiveWindow=1 pendingData=1 globalLimit=16 neighborOK=0 nodeOK=1 -> NO
[HOP 5] CanSendToHop dest=1 outstanding=1 threshold=0 effectiveWindow=1 pendingData=1 globalLimit=16 neighborOK=0 nodeOK=1 -> NO
[HOP 5] CanSendToHop dest=1 outstanding=1 threshold=0 effectiveWindow=1 pendingData=1 globalLimit=16 neighborOK=0 nodeOK=1 -> NO
[HOP 5] CanSendToHop dest=1 outstanding=1 threshold=0 effectiveWindow=1 pendingData=1 globalLimit=16 neighborOK=0 nodeOK=1 -> NO
[HOP 5] CanSendToHop dest=1 outstanding=1 threshold=0 effectiveWindow=1 pendingData=1 globalLimit=16 neighborOK=0 nodeOK=1 -> NO
[HOP 5] CanSendToHop dest=1 outstanding=1 threshold=0 effectiveWindow=1 pendingData=1 globalLimit=16 neighborOK=0 nodeOK=1 -> NO
[HOP 5] CanSendToHop dest=1 outstanding=1 threshold=0 effectiveWindow=1 pendingData=1 globalLimit=16 neighborOK=0 nodeOK=1 -> NO
[HOP 5] CanSendToHop dest=1 outstanding=1 threshold=0 effectiveWindow=1 pendingData=1 globalLimit=16 neighborOK=0 nodeOK=1 -> NO
[HOP 5] CanSendToHop dest=1 outstanding=1 threshold=0 effectiveWindow=1 pendingData=1 globalLimit=16 neighborOK=0 nodeOK=1 -> NO
[HOP 5] CanSendToHop dest=1 outstanding=1 threshold=0 effectiveWindow=1 pendingData=1 globalLimit=16 neighborOK=0 nodeOK=1 -> NO
[HOP 5] CanSendToHop dest=1 outstanding=1 threshold=0 effectiveWindow=1 pendingData=1 globalLimit=16 neighborOK=0 nodeOK=1 -> NO
[HOP 5] CanSendToHop dest=1 outstanding=1 threshold=0 effectiveWindow=1 pendingData=1 globalLimit=16 neighborOK=0 nodeOK=1 -> NO
[HOP 5] CanSendToHop dest=1 outstanding=1 threshold=0 effectiveWindow=1 pendingData=1 globalLimit=16 neighborOK=0 nodeOK=1 -> NO
[HOP 5] CanSendToHop dest=1 outstanding=1 threshold=0 effectiveWindow=1 pendingData=1 globalLimit=16 neighborOK=0 nodeOK=1 -> NO
[HOP 5] CanSendToHop dest=1 outstanding=1 threshold=0 effectiveWindow=1 pendingData=1 globalLimit=16 neighborOK=0 nodeOK=1 -> NO
[HOP 5] CanSendToHop dest=1 outstanding=1 threshold=0 effectiveWindow=1 pendingData=1 globalLimit=16 neighborOK=0 nodeOK=1 -> NO
[MAC 4] rtslot_counter expired for neighbor 5 reserveSlot=9
[MAC 5] resumes Pre-Tx with live slot=1 counter=1
[MAC 4] Learned neighbor 5 uses slot 1 (rtCounter=1)
[HOP 4] RX ACK from 5 seq=5
[HOP 4] Pending DATA decrement reason=ACK neighbor=5 pending=1
[NWK 4] NSDP(4->1) decremented to 15
[NWK 4] HOP completion released NSDP slot; awaiting HOP queue wake flow=4->1
[HOP 4] Pending DATA decrement reason=ACK neighbor=5 pending=0
[NWK 4] NSDP(4->1) decremented to 14
[NWK 4] HOP completion released NSDP slot; awaiting HOP queue wake flow=4->1
[MAC 1] Learned neighbor 5 uses slot 1 (rtCounter=1)
[HOP 1] link_control dest=5 neighborKnown=1 s0=-109 pathloss=70 failures=0 speed=128 txPower=33 rxPower=-109 cost=116
[MAC 1] Update cumulative ACK queue entry dest=5 baseSeq=3 txCount=0
[NWK 1] Updated reverse path netSrc=5 reverseHop=5
[MAC 1] PickTxSlot(dest=5) active_nodes_for_slotting=3 opnet_slot_range=31
[MAC 1] avoiding neighbor 5 currentReservedSlot=0 rtslot_counter=0
[MAC 1] PickTxSlot(dest=5) avoid:
[MAC 1] PickTxSlot chose 1 using historical next_tslot modulo probe
[MAC 1] TX opportunity reached currentSlot=1 reserveNextSlot=1
... type=1 speedKey=128[t=1.01296] TX from node 1 to dest 5 seq 3 size 41 bytes segments 1 at slot 1 rate 128 kbps txPower 33 dBm (133333 bps) preamble SHORT duration 0.02208 s
[MAC 1] ACK transmitted in aggregate dest=5 seq=3 txCount=1/5
[MAC 1] OPNET aggregate transmitted segments=1 ackSegments=1 dataSegments=0 bytes=41 rate=128
[NWK 4] CheckNwkQueue: size=14
[HOP 4] CanSendToHop dest=5 outstanding=0 threshold=1 effectiveWindow=2 pendingData=0 globalLimit=16 neighborOK=1 nodeOK=1 -> YES
[HOP 4] link_control dest=5 neighborKnown=1 s0=-109 pathloss=70 failures=0 speed=128 txPower=33 rxPower=-109 cost=116
[HOP 4] Pending DATA increment dest=5 pending=1
[HOP 4] TX historical-bare DATA neighbor=5 hopSeq=6
[MAC] Enqueue TX pkt dscp=0 insert_pos=0 queue_size_before=0
[HOP 4] CanSendToHop dest=5 outstanding=1 threshold=1 effectiveWindow=2 pendingData=1 globalLimit=16 neighborOK=1 nodeOK=1 -> YES
[HOP 4] link_control dest=5 neighborKnown=1 s0=-109 pathloss=70 failures=0 speed=128 txPower=33 rxPower=-109 cost=116
[HOP 4] Pending DATA increment dest=5 pending=2
[HOP 4] TX historical-bare DATA neighbor=5 hopSeq=7
[MAC] Enqueue TX pkt dscp=0 insert_pos=1 queue_size_before=1
[HOP 4] CanSendToHop dest=5 outstanding=2 threshold=1 effectiveWindow=2 pendingData=2 globalLimit=16 neighborOK=0 nodeOK=1 -> NO
[HOP 4] CanSendToHop dest=5 outstanding=2 threshold=1 effectiveWindow=2 pendingData=2 globalLimit=16 neighborOK=0 nodeOK=1 -> NO
[HOP 4] CanSendToHop dest=5 outstanding=2 threshold=1 effectiveWindow=2 pendingData=2 globalLimit=16 neighborOK=0 nodeOK=1 -> NO
[HOP 4] CanSendToHop dest=5 outstanding=2 threshold=1 effectiveWindow=2 pendingData=2 globalLimit=16 neighborOK=0 nodeOK=1 -> NO
[HOP 4] CanSendToHop dest=5 outstanding=2 threshold=1 effectiveWindow=2 pendingData=2 globalLimit=16 neighborOK=0 nodeOK=1 -> NO
[HOP 4] CanSendToHop dest=5 outstanding=2 threshold=1 effectiveWindow=2 pendingData=2 globalLimit=16 neighborOK=0 nodeOK=1 -> NO
[HOP 4] CanSendToHop dest=5 outstanding=2 threshold=1 effectiveWindow=2 pendingData=2 globalLimit=16 neighborOK=0 nodeOK=1 -> NO
[HOP 4] CanSendToHop dest=5 outstanding=2 threshold=1 effectiveWindow=2 pendingData=2 globalLimit=16 neighborOK=0 nodeOK=1 -> NO
[HOP 4] CanSendToHop dest=5 outstanding=2 threshold=1 effectiveWindow=2 pendingData=2 globalLimit=16 neighborOK=0 nodeOK=1 -> NO
[HOP 4] CanSendToHop dest=5 outstanding=2 threshold=1 effectiveWindow=2 pendingData=2 globalLimit=16 neighborOK=0 nodeOK=1 -> NO
[HOP 4] CanSendToHop dest=5 outstanding=2 threshold=1 effectiveWindow=2 pendingData=2 globalLimit=16 neighborOK=0 nodeOK=1 -> NO
[HOP 4] CanSendToHop dest=5 outstanding=2 threshold=1 effectiveWindow=2 pendingData=2 globalLimit=16 neighborOK=0 nodeOK=1 -> NO
[MAC 4] PickTxSlot(dest=5) active_nodes_for_slotting=3 opnet_slot_range=31
[MAC 4] avoiding neighbor 5 currentReservedSlot=0 rtslot_counter=0
[MAC 4] PickTxSlot(dest=5) avoid:
[MAC 4] PickTxSlot chose 7 using historical next_tslot modulo probe
[MAC 4] starts Pre-Tx with new slot=7 holdoff_over=1
[NWK 4] NSDP(4->1) incremented to 15
[NWK 4] CheckNwkQueue: size=13
[HOP 4] CanSendToHop dest=5 outstanding=2 threshold=1 effectiveWindow=2 pendingData=2 globalLimit=16 neighborOK=0 nodeOK=1 -> NO
[HOP 4] CanSendToHop dest=5 outstanding=2 threshold=1 effectiveWindow=2 pendingData=2 globalLimit=16 neighborOK=0 nodeOK=1 -> NO
[HOP 4] CanSendToHop dest=5 outstanding=2 threshold=1 effectiveWindow=2 pendingData=2 globalLimit=16 neighborOK=0 nodeOK=1 -> NO
[HOP 4] CanSendToHop dest=5 outstanding=2 threshold=1 effectiveWindow=2 pendingData=2 globalLimit=16 neighborOK=0 nodeOK=1 -> NO
[HOP 4] CanSendToHop dest=5 outstanding=2 threshold=1 effectiveWindow=2 pendingData=2 globalLimit=16 neighborOK=0 nodeOK=1 -> NO
[HOP 4] CanSendToHop dest=5 outstanding=2 threshold=1 effectiveWindow=2 pendingData=2 globalLimit=16 neighborOK=0 nodeOK=1 -> NO
[HOP 4] CanSendToHop dest=5 outstanding=2 threshold=1 effectiveWindow=2 pendingData=2 globalLimit=16 neighborOK=0 nodeOK=1 -> NO
[HOP 4] CanSendToHop dest=5 outstanding=2 threshold=1 effectiveWindow=2 pendingData=2 globalLimit=16 neighborOK=0 nodeOK=1 -> NO
[HOP 4] CanSendToHop dest=5 outstanding=2 threshold=1 effectiveWindow=2 pendingData=2 globalLimit=16 neighborOK=0 nodeOK=1 -> NO
[HOP 4] CanSendToHop dest=5 outstanding=2 threshold=1 effectiveWindow=2 pendingData=2 globalLimit=16 neighborOK=0 nodeOK=1 -> NO
[HOP 4] CanSendToHop dest=5 outstanding=2 threshold=1 effectiveWindow=2 pendingData=2 globalLimit=16 neighborOK=0 nodeOK=1 -> NO
[HOP 4] CanSendToHop dest=5 outstanding=2 threshold=1 effectiveWindow=2 pendingData=2 globalLimit=16 neighborOK=0 nodeOK=1 -> NO
[HOP 4] CanSendToHop dest=5 outstanding=2 threshold=1 effectiveWindow=2 pendingData=2 globalLimit=16 neighborOK=0 nodeOK=1 -> NO
[MAC 4] rtslot_counter expired for neighbor 5 reserveSlot=1
[MAC 5] rtslot_counter expired for neighbor 1 reserveSlot=1
[MAC 5] PickTxSlot(dest=4) active_nodes_for_slotting=3 opnet_slot_range=31
[MAC 5] PickTxSlot(dest=4) avoid:
[MAC 5] PickTxSlot chose 9 using historical next_tslot modulo probe
[MAC 5] TX opportunity reached currentSlot=1 reserveNextSlot=9
... type=1 speedKey=128[t=1.027] TX from node 5 to dest 4 seq 5 size 41 bytes segments 1 at slot 9 rate 128 kbps txPower 33 dBm (133333 bps) preamble SHORT duration 0.02208 s
[MAC 5] ACK transmitted in aggregate dest=4 seq=5 txCount=2/5
[MAC 5] OPNET aggregate transmitted segments=1 ackSegments=1 dataSegments=0 bytes=41 rate=128
[MAC 1] resumes Pre-Tx with live slot=1 counter=1
[MAC 5] Learned neighbor 1 uses slot 1 (rtCounter=1)
[HOP 5] RX ACK from 1 seq=3
[HOP 5] Pending DATA decrement reason=ACK neighbor=1 pending=0
[HOP 5] Adaptive flow threshold increased neighbor=1 old=0 new=1 effectiveWindow=2
[NWK 5] NSDP(5->1) decremented to 15
[NWK 5] HOP completion released NSDP slot; awaiting HOP queue wake flow=5->1
[NWK 5] CheckNwkQueue: size=20
[HOP 5] CanSendToHop dest=1 outstanding=0 threshold=1 effectiveWindow=2 pendingData=0 globalLimit=16 neighborOK=1 nodeOK=1 -> YES
[HOP 5] link_control dest=1 neighborKnown=1 s0=-109 pathloss=70 failures=0 speed=128 txPower=33 rxPower=-109 cost=116
[HOP 5] Pending DATA increment dest=1 pending=1
[HOP 5] TX historical-bare DATA neighbor=1 hopSeq=4
[MAC] Enqueue TX pkt dscp=0 insert_pos=0 queue_size_before=0
[HOP 5] CanSendToHop dest=1 outstanding=1 threshold=1 effectiveWindow=2 pendingData=1 globalLimit=16 neighborOK=1 nodeOK=1 -> YES
[HOP 5] link_control dest=1 neighborKnown=1 s0=-109 pathloss=70 failures=0 speed=128 txPower=33 rxPower=-109 cost=116
[HOP 5] Pending DATA increment dest=1 pending=2
[HOP 5] TX historical-bare DATA neighbor=1 hopSeq=5
[MAC] Enqueue TX pkt dscp=0 insert_pos=1 queue_size_before=1
[HOP 5] CanSendToHop dest=1 outstanding=2 threshold=1 effectiveWindow=2 pendingData=2 globalLimit=16 neighborOK=0 nodeOK=1 -> NO
[HOP 5] CanSendToHop dest=1 outstanding=2 threshold=1 effectiveWindow=2 pendingData=2 globalLimit=16 neighborOK=0 nodeOK=1 -> NO
[HOP 5] CanSendToHop dest=1 outstanding=2 threshold=1 effectiveWindow=2 pendingData=2 globalLimit=16 neighborOK=0 nodeOK=1 -> NO
[HOP 5] CanSendToHop dest=1 outstanding=2 threshold=1 effectiveWindow=2 pendingData=2 globalLimit=16 neighborOK=0 nodeOK=1 -> NO
[HOP 5] CanSendToHop dest=1 outstanding=2 threshold=1 effectiveWindow=2 pendingData=2 globalLimit=16 neighborOK=0 nodeOK=1 -> NO
[HOP 5] CanSendToHop dest=1 outstanding=2 threshold=1 effectiveWindow=2 pendingData=2 globalLimit=16 neighborOK=0 nodeOK=1 -> NO
[HOP 5] CanSendToHop dest=1 outstanding=2 threshold=1 effectiveWindow=2 pendingData=2 globalLimit=16 neighborOK=0 nodeOK=1 -> NO
[HOP 5] CanSendToHop dest=1 outstanding=2 threshold=1 effectiveWindow=2 pendingData=2 globalLimit=16 neighborOK=0 nodeOK=1 -> NO
[HOP 5] CanSendToHop dest=1 outstanding=2 threshold=1 effectiveWindow=2 pendingData=2 globalLimit=16 neighborOK=0 nodeOK=1 -> NO
[HOP 5] CanSendToHop dest=1 outstanding=2 threshold=1 effectiveWindow=2 pendingData=2 globalLimit=16 neighborOK=0 nodeOK=1 -> NO
[HOP 5] CanSendToHop dest=1 outstanding=2 threshold=1 effectiveWindow=2 pendingData=2 globalLimit=16 neighborOK=0 nodeOK=1 -> NO
[HOP 5] CanSendToHop dest=1 outstanding=2 threshold=1 effectiveWindow=2 pendingData=2 globalLimit=16 neighborOK=0 nodeOK=1 -> NO
[HOP 5] CanSendToHop dest=1 outstanding=2 threshold=1 effectiveWindow=2 pendingData=2 globalLimit=16 neighborOK=0 nodeOK=1 -> NO
[HOP 5] CanSendToHop dest=1 outstanding=2 threshold=1 effectiveWindow=2 pendingData=2 globalLimit=16 neighborOK=0 nodeOK=1 -> NO
[HOP 5] CanSendToHop dest=1 outstanding=2 threshold=1 effectiveWindow=2 pendingData=2 globalLimit=16 neighborOK=0 nodeOK=1 -> NO
[HOP 5] CanSendToHop dest=1 outstanding=2 threshold=1 effectiveWindow=2 pendingData=2 globalLimit=16 neighborOK=0 nodeOK=1 -> NO
[HOP 5] CanSendToHop dest=1 outstanding=2 threshold=1 effectiveWindow=2 pendingData=2 globalLimit=16 neighborOK=0 nodeOK=1 -> NO
[HOP 5] CanSendToHop dest=1 outstanding=2 threshold=1 effectiveWindow=2 pendingData=2 globalLimit=16 neighborOK=0 nodeOK=1 -> NO
[MAC 1] rtslot_counter expired for neighbor 5 reserveSlot=1
[NWK 5] NSDP(5->1) incremented to 16
[NWK 5] CheckNwkQueue: size=19
[HOP 5] CanSendToHop dest=1 outstanding=2 threshold=1 effectiveWindow=2 pendingData=2 globalLimit=16 neighborOK=0 nodeOK=1 -> NO
[HOP 5] CanSendToHop dest=1 outstanding=2 threshold=1 effectiveWindow=2 pendingData=2 globalLimit=16 neighborOK=0 nodeOK=1 -> NO
[HOP 5] CanSendToHop dest=1 outstanding=2 threshold=1 effectiveWindow=2 pendingData=2 globalLimit=16 neighborOK=0 nodeOK=1 -> NO
[HOP 5] CanSendToHop dest=1 outstanding=2 threshold=1 effectiveWindow=2 pendingData=2 globalLimit=16 neighborOK=0 nodeOK=1 -> NO
[HOP 5] CanSendToHop dest=1 outstanding=2 threshold=1 effectiveWindow=2 pendingData=2 globalLimit=16 neighborOK=0 nodeOK=1 -> NO
[HOP 5] CanSendToHop dest=1 outstanding=2 threshold=1 effectiveWindow=2 pendingData=2 globalLimit=16 neighborOK=0 nodeOK=1 -> NO
[HOP 5] CanSendToHop dest=1 outstanding=2 threshold=1 effectiveWindow=2 pendingData=2 globalLimit=16 neighborOK=0 nodeOK=1 -> NO
[HOP 5] CanSendToHop dest=1 outstanding=2 threshold=1 effectiveWindow=2 pendingData=2 globalLimit=16 neighborOK=0 nodeOK=1 -> NO
[HOP 5] CanSendToHop dest=1 outstanding=2 threshold=1 effectiveWindow=2 pendingData=2 globalLimit=16 neighborOK=0 nodeOK=1 -> NO
[HOP 5] CanSendToHop dest=1 outstanding=2 threshold=1 effectiveWindow=2 pendingData=2 globalLimit=16 neighborOK=0 nodeOK=1 -> NO
[HOP 5] CanSendToHop dest=1 outstanding=2 threshold=1 effectiveWindow=2 pendingData=2 globalLimit=16 neighborOK=0 nodeOK=1 -> NO
[HOP 5] CanSendToHop dest=1 outstanding=2 threshold=1 effectiveWindow=2 pendingData=2 globalLimit=16 neighborOK=0 nodeOK=1 -> NO
[HOP 5] CanSendToHop dest=1 outstanding=2 threshold=1 effectiveWindow=2 pendingData=2 globalLimit=16 neighborOK=0 nodeOK=1 -> NO
[HOP 5] CanSendToHop dest=1 outstanding=2 threshold=1 effectiveWindow=2 pendingData=2 globalLimit=16 neighborOK=0 nodeOK=1 -> NO
[HOP 5] CanSendToHop dest=1 outstanding=2 threshold=1 effectiveWindow=2 pendingData=2 globalLimit=16 neighborOK=0 nodeOK=1 -> NO
[HOP 5] CanSendToHop dest=1 outstanding=2 threshold=1 effectiveWindow=2 pendingData=2 globalLimit=16 neighborOK=0 nodeOK=1 -> NO
[HOP 5] CanSendToHop dest=1 outstanding=2 threshold=1 effectiveWindow=2 pendingData=2 globalLimit=16 neighborOK=0 nodeOK=1 -> NO
[HOP 5] CanSendToHop dest=1 outstanding=2 threshold=1 effectiveWindow=2 pendingData=2 globalLimit=16 neighborOK=0 nodeOK=1 -> NO
[HOP 5] CanSendToHop dest=1 outstanding=2 threshold=1 effectiveWindow=2 pendingData=2 globalLimit=16 neighborOK=0 nodeOK=1 -> NO
[MAC 5] resumes Pre-Tx with live slot=9 counter=9
[MAC 4] Learned neighbor 5 uses slot 9 (rtCounter=9)
[HOP 4] RX ACK from 5 seq=5
[NWK 4] CheckNwkQueue: size=13
[HOP 4] CanSendToHop dest=5 outstanding=2 threshold=1 effectiveWindow=2 pendingData=2 globalLimit=16 neighborOK=0 nodeOK=1 -> NO
[HOP 4] CanSendToHop dest=5 outstanding=2 threshold=1 effectiveWindow=2 pendingData=2 globalLimit=16 neighborOK=0 nodeOK=1 -> NO
[HOP 4] CanSendToHop dest=5 outstanding=2 threshold=1 effectiveWindow=2 pendingData=2 globalLimit=16 neighborOK=0 nodeOK=1 -> NO
[HOP 4] CanSendToHop dest=5 outstanding=2 threshold=1 effectiveWindow=2 pendingData=2 globalLimit=16 neighborOK=0 nodeOK=1 -> NO
[HOP 4] CanSendToHop dest=5 outstanding=2 threshold=1 effectiveWindow=2 pendingData=2 globalLimit=16 neighborOK=0 nodeOK=1 -> NO
[HOP 4] CanSendToHop dest=5 outstanding=2 threshold=1 effectiveWindow=2 pendingData=2 globalLimit=16 neighborOK=0 nodeOK=1 -> NO
[HOP 4] CanSendToHop dest=5 outstanding=2 threshold=1 effectiveWindow=2 pendingData=2 globalLimit=16 neighborOK=0 nodeOK=1 -> NO
[HOP 4] CanSendToHop dest=5 outstanding=2 threshold=1 effectiveWindow=2 pendingData=2 globalLimit=16 neighborOK=0 nodeOK=1 -> NO
[HOP 4] CanSendToHop dest=5 outstanding=2 threshold=1 effectiveWindow=2 pendingData=2 globalLimit=16 neighborOK=0 nodeOK=1 -> NO
[HOP 4] CanSendToHop dest=5 outstanding=2 threshold=1 effectiveWindow=2 pendingData=2 globalLimit=16 neighborOK=0 nodeOK=1 -> NO
[HOP 4] CanSendToHop dest=5 outstanding=2 threshold=1 effectiveWindow=2 pendingData=2 globalLimit=16 neighborOK=0 nodeOK=1 -> NO
[HOP 4] CanSendToHop dest=5 outstanding=2 threshold=1 effectiveWindow=2 pendingData=2 globalLimit=16 neighborOK=0 nodeOK=1 -> NO
[HOP 4] CanSendToHop dest=5 outstanding=2 threshold=1 effectiveWindow=2 pendingData=2 globalLimit=16 neighborOK=0 nodeOK=1 -> NO
[MAC 1] PickTxSlot(dest=5) active_nodes_for_slotting=3 opnet_slot_range=31
[MAC 1] PickTxSlot(dest=5) avoid:
[MAC 1] PickTxSlot chose 1 using historical next_tslot modulo probe
[MAC 1] TX opportunity reached currentSlot=1 reserveNextSlot=1
... type=1 speedKey=128[t=1.05196] TX from node 1 to dest 5 seq 3 size 41 bytes segments 1 at slot 1 rate 128 kbps txPower 33 dBm (133333 bps) preamble SHORT duration 0.02208 s
[MAC 1] ACK transmitted in aggregate dest=5 seq=3 txCount=2/5
[MAC 1] OPNET aggregate transmitted segments=1 ackSegments=1 dataSegments=0 bytes=41 rate=128
[MAC 5] rtslot_counter expired for neighbor 1 reserveSlot=1
[MAC 1] resumes Pre-Tx with live slot=1 counter=1
[MAC 5] Learned neighbor 1 uses slot 1 (rtCounter=1)
[HOP 5] RX ACK from 1 seq=3
[NWK 5] CheckNwkQueue: size=19
[HOP 5] CanSendToHop dest=1 outstanding=2 threshold=1 effectiveWindow=2 pendingData=2 globalLimit=16 neighborOK=0 nodeOK=1 -> NO
[HOP 5] CanSendToHop dest=1 outstanding=2 threshold=1 effectiveWindow=2 pendingData=2 globalLimit=16 neighborOK=0 nodeOK=1 -> NO
[HOP 5] CanSendToHop dest=1 outstanding=2 threshold=1 effectiveWindow=2 pendingData=2 globalLimit=16 neighborOK=0 nodeOK=1 -> NO
[HOP 5] CanSendToHop dest=1 outstanding=2 threshold=1 effectiveWindow=2 pendingData=2 globalLimit=16 neighborOK=0 nodeOK=1 -> NO
[HOP 5] CanSendToHop dest=1 outstanding=2 threshold=1 effectiveWindow=2 pendingData=2 globalLimit=16 neighborOK=0 nodeOK=1 -> NO
[HOP 5] CanSendToHop dest=1 outstanding=2 threshold=1 effectiveWindow=2 pendingData=2 globalLimit=16 neighborOK=0 nodeOK=1 -> NO
[HOP 5] CanSendToHop dest=1 outstanding=2 threshold=1 effectiveWindow=2 pendingData=2 globalLimit=16 neighborOK=0 nodeOK=1 -> NO
[HOP 5] CanSendToHop dest=1 outstanding=2 threshold=1 effectiveWindow=2 pendingData=2 globalLimit=16 neighborOK=0 nodeOK=1 -> NO
[HOP 5] CanSendToHop dest=1 outstanding=2 threshold=1 effectiveWindow=2 pendingData=2 globalLimit=16 neighborOK=0 nodeOK=1 -> NO
[HOP 5] CanSendToHop dest=1 outstanding=2 threshold=1 effectiveWindow=2 pendingData=2 globalLimit=16 neighborOK=0 nodeOK=1 -> NO
[HOP 5] CanSendToHop dest=1 outstanding=2 threshold=1 effectiveWindow=2 pendingData=2 globalLimit=16 neighborOK=0 nodeOK=1 -> NO
[HOP 5] CanSendToHop dest=1 outstanding=2 threshold=1 effectiveWindow=2 pendingData=2 globalLimit=16 neighborOK=0 nodeOK=1 -> NO
[HOP 5] CanSendToHop dest=1 outstanding=2 threshold=1 effectiveWindow=2 pendingData=2 globalLimit=16 neighborOK=0 nodeOK=1 -> NO
[HOP 5] CanSendToHop dest=1 outstanding=2 threshold=1 effectiveWindow=2 pendingData=2 globalLimit=16 neighborOK=0 nodeOK=1 -> NO
[HOP 5] CanSendToHop dest=1 outstanding=2 threshold=1 effectiveWindow=2 pendingData=2 globalLimit=16 neighborOK=0 nodeOK=1 -> NO
[HOP 5] CanSendToHop dest=1 outstanding=2 threshold=1 effectiveWindow=2 pendingData=2 globalLimit=16 neighborOK=0 nodeOK=1 -> NO
[HOP 5] CanSendToHop dest=1 outstanding=2 threshold=1 effectiveWindow=2 pendingData=2 globalLimit=16 neighborOK=0 nodeOK=1 -> NO
[HOP 5] CanSendToHop dest=1 outstanding=2 threshold=1 effectiveWindow=2 pendingData=2 globalLimit=16 neighborOK=0 nodeOK=1 -> NO
[HOP 5] CanSendToHop dest=1 outstanding=2 threshold=1 effectiveWindow=2 pendingData=2 globalLimit=16 neighborOK=0 nodeOK=1 -> NO
[MAC 1] PickTxSlot(dest=5) active_nodes_for_slotting=3 opnet_slot_range=31
[MAC 1] PickTxSlot(dest=5) avoid:
[MAC 1] PickTxSlot chose 1 using historical next_tslot modulo probe
[MAC 1] TX opportunity reached currentSlot=1 reserveNextSlot=1
... type=1 speedKey=128[t=1.09096] TX from node 1 to dest 5 seq 3 size 41 bytes segments 1 at slot 1 rate 128 kbps txPower 33 dBm (133333 bps) preamble SHORT duration 0.02208 s
[MAC 1] ACK transmitted in aggregate dest=5 seq=3 txCount=3/5
[MAC 1] OPNET aggregate transmitted segments=1 ackSegments=1 dataSegments=0 bytes=41 rate=128
[MAC 5] rtslot_counter expired for neighbor 1 reserveSlot=1
[MAC 1] resumes Pre-Tx with live slot=1 counter=1
[MAC 5] Learned neighbor 1 uses slot 1 (rtCounter=1)
[HOP 5] RX ACK from 1 seq=3
[NWK 5] CheckNwkQueue: size=19
[HOP 5] CanSendToHop dest=1 outstanding=2 threshold=1 effectiveWindow=2 pendingData=2 globalLimit=16 neighborOK=0 nodeOK=1 -> NO
[HOP 5] CanSendToHop dest=1 outstanding=2 threshold=1 effectiveWindow=2 pendingData=2 globalLimit=16 neighborOK=0 nodeOK=1 -> NO
[HOP 5] CanSendToHop dest=1 outstanding=2 threshold=1 effectiveWindow=2 pendingData=2 globalLimit=16 neighborOK=0 nodeOK=1 -> NO
[HOP 5] CanSendToHop dest=1 outstanding=2 threshold=1 effectiveWindow=2 pendingData=2 globalLimit=16 neighborOK=0 nodeOK=1 -> NO
[HOP 5] CanSendToHop dest=1 outstanding=2 threshold=1 effectiveWindow=2 pendingData=2 globalLimit=16 neighborOK=0 nodeOK=1 -> NO
[HOP 5] CanSendToHop dest=1 outstanding=2 threshold=1 effectiveWindow=2 pendingData=2 globalLimit=16 neighborOK=0 nodeOK=1 -> NO
[HOP 5] CanSendToHop dest=1 outstanding=2 threshold=1 effectiveWindow=2 pendingData=2 globalLimit=16 neighborOK=0 nodeOK=1 -> NO
[HOP 5] CanSendToHop dest=1 outstanding=2 threshold=1 effectiveWindow=2 pendingData=2 globalLimit=16 neighborOK=0 nodeOK=1 -> NO
[HOP 5] CanSendToHop dest=1 outstanding=2 threshold=1 effectiveWindow=2 pendingData=2 globalLimit=16 neighborOK=0 nodeOK=1 -> NO
[HOP 5] CanSendToHop dest=1 outstanding=2 threshold=1 effectiveWindow=2 pendingData=2 globalLimit=16 neighborOK=0 nodeOK=1 -> NO
[HOP 5] CanSendToHop dest=1 outstanding=2 threshold=1 effectiveWindow=2 pendingData=2 globalLimit=16 neighborOK=0 nodeOK=1 -> NO
[HOP 5] CanSendToHop dest=1 outstanding=2 threshold=1 effectiveWindow=2 pendingData=2 globalLimit=16 neighborOK=0 nodeOK=1 -> NO
[HOP 5] CanSendToHop dest=1 outstanding=2 threshold=1 effectiveWindow=2 pendingData=2 globalLimit=16 neighborOK=0 nodeOK=1 -> NO
[HOP 5] CanSendToHop dest=1 outstanding=2 threshold=1 effectiveWindow=2 pendingData=2 globalLimit=16 neighborOK=0 nodeOK=1 -> NO
[HOP 5] CanSendToHop dest=1 outstanding=2 threshold=1 effectiveWindow=2 pendingData=2 globalLimit=16 neighborOK=0 nodeOK=1 -> NO
[HOP 5] CanSendToHop dest=1 outstanding=2 threshold=1 effectiveWindow=2 pendingData=2 globalLimit=16 neighborOK=0 nodeOK=1 -> NO
[HOP 5] CanSendToHop dest=1 outstanding=2 threshold=1 effectiveWindow=2 pendingData=2 globalLimit=16 neighborOK=0 nodeOK=1 -> NO
[HOP 5] CanSendToHop dest=1 outstanding=2 threshold=1 effectiveWindow=2 pendingData=2 globalLimit=16 neighborOK=0 nodeOK=1 -> NO
[HOP 5] CanSendToHop dest=1 outstanding=2 threshold=1 effectiveWindow=2 pendingData=2 globalLimit=16 neighborOK=0 nodeOK=1 -> NO
[MAC 4] PickTxSlot(dest=5) active_nodes_for_slotting=3 opnet_slot_range=31
[MAC 4] avoiding neighbor 5 currentReservedSlot=3 rtslot_counter=3
[MAC 4] PickTxSlot(dest=5) avoid: 3
[MAC 4] PickTxSlot chose 4 using historical next_tslot modulo probe
[MAC 4] TX opportunity reached currentSlot=7 reserveNextSlot=4
... type=0 speedKey=128[t=1.118] TX from node 4 to dest 5 seq 6 size 96 bytes segments 2 at slot 4 rate 128 kbps txPower 33 dBm (133333 bps) preamble SHORT duration 0.02538 s
[HOP 4] MAC sent confirmation dest=5 seq=6 transmission=1 sentAt=1.118
[HOP 4] MAC sent confirmation dest=5 seq=7 transmission=1 sentAt=1.118
[MAC 4] OPNET aggregate transmitted segments=2 ackSegments=0 dataSegments=2 bytes=96 rate=128
[MAC 1] PickTxSlot(dest=5) active_nodes_for_slotting=3 opnet_slot_range=31
[MAC 1] PickTxSlot(dest=5) avoid:
[MAC 1] PickTxSlot chose 1 using historical next_tslot modulo probe
[MAC 1] TX opportunity reached currentSlot=1 reserveNextSlot=1
... type=1 speedKey=128[t=1.12996] TX from node 1 to dest 5 seq 3 size 41 bytes segments 1 at slot 1 rate 128 kbps txPower 33 dBm (133333 bps) preamble SHORT duration 0.02208 s
[MAC 1] ACK transmitted in aggregate dest=5 seq=3 txCount=4/5
[MAC 1] OPNET aggregate transmitted segments=1 ackSegments=1 dataSegments=0 bytes=41 rate=128
[MAC 5] rtslot_counter expired for neighbor 1 reserveSlot=1
[MAC 4] post-TX WAIT_FOR_ACK until 21.1434 (POST_TX_WAIT=20 s)
[MAC 5] Learned neighbor 4 uses slot 4 (rtCounter=4)
[HOP 5] link_control dest=4 neighborKnown=1 s0=-109 pathloss=70 failures=0 speed=128 txPower=33 rxPower=-109 cost=116
[NWK 5] Updated reverse path netSrc=4 reverseHop=4
[MAC 5] Update cumulative ACK queue entry dest=4 baseSeq=6 txCount=0
[HOP 5] link_control dest=4 neighborKnown=1 s0=-109 pathloss=70 failures=0 speed=128 txPower=33 rxPower=-109 cost=116
[NWK 5] Updated reverse path netSrc=4 reverseHop=4
[MAC 5] Update cumulative ACK queue entry dest=4 baseSeq=7 txCount=0
[NWK 5] CheckNwkQueue: size=21
[HOP 5] CanSendToHop dest=1 outstanding=2 threshold=1 effectiveWindow=2 pendingData=2 globalLimit=16 neighborOK=0 nodeOK=1 -> NO
[HOP 5] CanSendToHop dest=1 outstanding=2 threshold=1 effectiveWindow=2 pendingData=2 globalLimit=16 neighborOK=0 nodeOK=1 -> NO
[HOP 5] CanSendToHop dest=1 outstanding=2 threshold=1 effectiveWindow=2 pendingData=2 globalLimit=16 neighborOK=0 nodeOK=1 -> NO
[HOP 5] CanSendToHop dest=1 outstanding=2 threshold=1 effectiveWindow=2 pendingData=2 globalLimit=16 neighborOK=0 nodeOK=1 -> NO
[HOP 5] CanSendToHop dest=1 outstanding=2 threshold=1 effectiveWindow=2 pendingData=2 globalLimit=16 neighborOK=0 nodeOK=1 -> NO
[HOP 5] CanSendToHop dest=1 outstanding=2 threshold=1 effectiveWindow=2 pendingData=2 globalLimit=16 neighborOK=0 nodeOK=1 -> NO
[HOP 5] CanSendToHop dest=1 outstanding=2 threshold=1 effectiveWindow=2 pendingData=2 globalLimit=16 neighborOK=0 nodeOK=1 -> NO
[HOP 5] CanSendToHop dest=1 outstanding=2 threshold=1 effectiveWindow=2 pendingData=2 globalLimit=16 neighborOK=0 nodeOK=1 -> NO
[HOP 5] CanSendToHop dest=1 outstanding=2 threshold=1 effectiveWindow=2 pendingData=2 globalLimit=16 neighborOK=0 nodeOK=1 -> NO
[HOP 5] CanSendToHop dest=1 outstanding=2 threshold=1 effectiveWindow=2 pendingData=2 globalLimit=16 neighborOK=0 nodeOK=1 -> NO
[HOP 5] CanSendToHop dest=1 outstanding=2 threshold=1 effectiveWindow=2 pendingData=2 globalLimit=16 neighborOK=0 nodeOK=1 -> NO
[HOP 5] CanSendToHop dest=1 outstanding=2 threshold=1 effectiveWindow=2 pendingData=2 globalLimit=16 neighborOK=0 nodeOK=1 -> NO
[HOP 5] CanSendToHop dest=1 outstanding=2 threshold=1 effectiveWindow=2 pendingData=2 globalLimit=16 neighborOK=0 nodeOK=1 -> NO
[HOP 5] CanSendToHop dest=1 outstanding=2 threshold=1 effectiveWindow=2 pendingData=2 globalLimit=16 neighborOK=0 nodeOK=1 -> NO
[HOP 5] CanSendToHop dest=1 outstanding=2 threshold=1 effectiveWindow=2 pendingData=2 globalLimit=16 neighborOK=0 nodeOK=1 -> NO
[HOP 5] CanSendToHop dest=1 outstanding=2 threshold=1 effectiveWindow=2 pendingData=2 globalLimit=16 neighborOK=0 nodeOK=1 -> NO
[HOP 5] CanSendToHop dest=1 outstanding=2 threshold=1 effectiveWindow=2 pendingData=2 globalLimit=16 neighborOK=0 nodeOK=1 -> NO
[HOP 5] CanSendToHop dest=1 outstanding=2 threshold=1 effectiveWindow=2 pendingData=2 globalLimit=16 neighborOK=0 nodeOK=1 -> NO
[HOP 5] CanSendToHop dest=1 outstanding=2 threshold=1 effectiveWindow=2 pendingData=2 globalLimit=16 neighborOK=0 nodeOK=1 -> NO
[HOP 5] CanSendToHop dest=1 outstanding=2 threshold=1 effectiveWindow=2 pendingData=2 globalLimit=16 neighborOK=0 nodeOK=1 -> NO
[HOP 5] CanSendToHop dest=1 outstanding=2 threshold=1 effectiveWindow=2 pendingData=2 globalLimit=16 neighborOK=0 nodeOK=1 -> NO
[MAC 1] resumes Pre-Tx with live slot=1 counter=1
[MAC 5] Learned neighbor 1 uses slot 1 (rtCounter=1)
[HOP 5] RX ACK from 1 seq=3
[NWK 5] CheckNwkQueue: size=21
[HOP 5] CanSendToHop dest=1 outstanding=2 threshold=1 effectiveWindow=2 pendingData=2 globalLimit=16 neighborOK=0 nodeOK=1 -> NO
[HOP 5] CanSendToHop dest=1 outstanding=2 threshold=1 effectiveWindow=2 pendingData=2 globalLimit=16 neighborOK=0 nodeOK=1 -> NO
[HOP 5] CanSendToHop dest=1 outstanding=2 threshold=1 effectiveWindow=2 pendingData=2 globalLimit=16 neighborOK=0 nodeOK=1 -> NO
[HOP 5] CanSendToHop dest=1 outstanding=2 threshold=1 effectiveWindow=2 pendingData=2 globalLimit=16 neighborOK=0 nodeOK=1 -> NO
[HOP 5] CanSendToHop dest=1 outstanding=2 threshold=1 effectiveWindow=2 pendingData=2 globalLimit=16 neighborOK=0 nodeOK=1 -> NO
[HOP 5] CanSendToHop dest=1 outstanding=2 threshold=1 effectiveWindow=2 pendingData=2 globalLimit=16 neighborOK=0 nodeOK=1 -> NO
[HOP 5] CanSendToHop dest=1 outstanding=2 threshold=1 effectiveWindow=2 pendingData=2 globalLimit=16 neighborOK=0 nodeOK=1 -> NO
[HOP 5] CanSendToHop dest=1 outstanding=2 threshold=1 effectiveWindow=2 pendingData=2 globalLimit=16 neighborOK=0 nodeOK=1 -> NO
[HOP 5] CanSendToHop dest=1 outstanding=2 threshold=1 effectiveWindow=2 pendingData=2 globalLimit=16 neighborOK=0 nodeOK=1 -> NO
[HOP 5] CanSendToHop dest=1 outstanding=2 threshold=1 effectiveWindow=2 pendingData=2 globalLimit=16 neighborOK=0 nodeOK=1 -> NO
[HOP 5] CanSendToHop dest=1 outstanding=2 threshold=1 effectiveWindow=2 pendingData=2 globalLimit=16 neighborOK=0 nodeOK=1 -> NO
[HOP 5] CanSendToHop dest=1 outstanding=2 threshold=1 effectiveWindow=2 pendingData=2 globalLimit=16 neighborOK=0 nodeOK=1 -> NO
[HOP 5] CanSendToHop dest=1 outstanding=2 threshold=1 effectiveWindow=2 pendingData=2 globalLimit=16 neighborOK=0 nodeOK=1 -> NO
[HOP 5] CanSendToHop dest=1 outstanding=2 threshold=1 effectiveWindow=2 pendingData=2 globalLimit=16 neighborOK=0 nodeOK=1 -> NO
[HOP 5] CanSendToHop dest=1 outstanding=2 threshold=1 effectiveWindow=2 pendingData=2 globalLimit=16 neighborOK=0 nodeOK=1 -> NO
[HOP 5] CanSendToHop dest=1 outstanding=2 threshold=1 effectiveWindow=2 pendingData=2 globalLimit=16 neighborOK=0 nodeOK=1 -> NO
[HOP 5] CanSendToHop dest=1 outstanding=2 threshold=1 effectiveWindow=2 pendingData=2 globalLimit=16 neighborOK=0 nodeOK=1 -> NO
[HOP 5] CanSendToHop dest=1 outstanding=2 threshold=1 effectiveWindow=2 pendingData=2 globalLimit=16 neighborOK=0 nodeOK=1 -> NO
[HOP 5] CanSendToHop dest=1 outstanding=2 threshold=1 effectiveWindow=2 pendingData=2 globalLimit=16 neighborOK=0 nodeOK=1 -> NO
[HOP 5] CanSendToHop dest=1 outstanding=2 threshold=1 effectiveWindow=2 pendingData=2 globalLimit=16 neighborOK=0 nodeOK=1 -> NO
[HOP 5] CanSendToHop dest=1 outstanding=2 threshold=1 effectiveWindow=2 pendingData=2 globalLimit=16 neighborOK=0 nodeOK=1 -> NO
[MAC 1] PickTxSlot(dest=5) active_nodes_for_slotting=3 opnet_slot_range=31
[MAC 1] PickTxSlot(dest=5) avoid:
[MAC 1] PickTxSlot chose 1 using historical next_tslot modulo probe
[MAC 1] TX opportunity reached currentSlot=1 reserveNextSlot=1
... type=1 speedKey=128[t=1.16896] TX from node 1 to dest 5 seq 3 size 41 bytes segments 1 at slot 1 rate 128 kbps txPower 33 dBm (133333 bps) preamble SHORT duration 0.02208 s
[MAC 1] ACK transmitted in aggregate dest=5 seq=3 txCount=5/5
[MAC 1] Remove ACK after OPNET resend limit dest=5 seq=3
[MAC 1] OPNET aggregate transmitted segments=1 ackSegments=1 dataSegments=0 bytes=41 rate=128
[MAC 5] rtslot_counter expired for neighbor 1 reserveSlot=1
[MAC 5] PickTxSlot(dest=4) active_nodes_for_slotting=3 opnet_slot_range=31
[MAC 5] avoiding neighbor 4 currentReservedSlot=1 rtslot_counter=1
[MAC 5] PickTxSlot(dest=4) avoid: 1
[MAC 5] PickTxSlot chose 2 using historical next_tslot modulo probe
[MAC 5] TX opportunity reached currentSlot=9 reserveNextSlot=2
... type=1 speedKey=128[t=1.17] TX from node 5 to dest 4 seq 7 size 137 bytes segments 3 at slot 2 rate 128 kbps txPower 33 dBm (133333 bps) preamble SHORT duration 0.02784 s
[HOP 5] MAC sent confirmation dest=1 seq=4 transmission=1 sentAt=1.17
[HOP 5] MAC sent confirmation dest=1 seq=5 transmission=1 sentAt=1.17
[MAC 5] ACK transmitted in aggregate dest=4 seq=7 txCount=1/5
[MAC 5] OPNET aggregate transmitted segments=3 ackSegments=1 dataSegments=2 bytes=137 rate=128
[MAC 4] rtslot_counter expired for neighbor 5 reserveSlot=9
[MAC 1] post-TX WAIT_FOR_ACK until 21.191 (POST_TX_WAIT=20 s)
[MAC 5] Learned neighbor 1 uses slot 1 (rtCounter=1)
[HOP 5] RX ACK from 1 seq=3
[NWK 5] CheckNwkQueue: size=21
[HOP 5] CanSendToHop dest=1 outstanding=2 threshold=1 effectiveWindow=2 pendingData=2 globalLimit=16 neighborOK=0 nodeOK=1 -> NO
[HOP 5] CanSendToHop dest=1 outstanding=2 threshold=1 effectiveWindow=2 pendingData=2 globalLimit=16 neighborOK=0 nodeOK=1 -> NO
[HOP 5] CanSendToHop dest=1 outstanding=2 threshold=1 effectiveWindow=2 pendingData=2 globalLimit=16 neighborOK=0 nodeOK=1 -> NO
[HOP 5] CanSendToHop dest=1 outstanding=2 threshold=1 effectiveWindow=2 pendingData=2 globalLimit=16 neighborOK=0 nodeOK=1 -> NO
[HOP 5] CanSendToHop dest=1 outstanding=2 threshold=1 effectiveWindow=2 pendingData=2 globalLimit=16 neighborOK=0 nodeOK=1 -> NO
[HOP 5] CanSendToHop dest=1 outstanding=2 threshold=1 effectiveWindow=2 pendingData=2 globalLimit=16 neighborOK=0 nodeOK=1 -> NO
[HOP 5] CanSendToHop dest=1 outstanding=2 threshold=1 effectiveWindow=2 pendingData=2 globalLimit=16 neighborOK=0 nodeOK=1 -> NO
[HOP 5] CanSendToHop dest=1 outstanding=2 threshold=1 effectiveWindow=2 pendingData=2 globalLimit=16 neighborOK=0 nodeOK=1 -> NO
[HOP 5] CanSendToHop dest=1 outstanding=2 threshold=1 effectiveWindow=2 pendingData=2 globalLimit=16 neighborOK=0 nodeOK=1 -> NO
[HOP 5] CanSendToHop dest=1 outstanding=2 threshold=1 effectiveWindow=2 pendingData=2 globalLimit=16 neighborOK=0 nodeOK=1 -> NO
[HOP 5] CanSendToHop dest=1 outstanding=2 threshold=1 effectiveWindow=2 pendingData=2 globalLimit=16 neighborOK=0 nodeOK=1 -> NO
[HOP 5] CanSendToHop dest=1 outstanding=2 threshold=1 effectiveWindow=2 pendingData=2 globalLimit=16 neighborOK=0 nodeOK=1 -> NO
[HOP 5] CanSendToHop dest=1 outstanding=2 threshold=1 effectiveWindow=2 pendingData=2 globalLimit=16 neighborOK=0 nodeOK=1 -> NO
[HOP 5] CanSendToHop dest=1 outstanding=2 threshold=1 effectiveWindow=2 pendingData=2 globalLimit=16 neighborOK=0 nodeOK=1 -> NO
[HOP 5] CanSendToHop dest=1 outstanding=2 threshold=1 effectiveWindow=2 pendingData=2 globalLimit=16 neighborOK=0 nodeOK=1 -> NO
[HOP 5] CanSendToHop dest=1 outstanding=2 threshold=1 effectiveWindow=2 pendingData=2 globalLimit=16 neighborOK=0 nodeOK=1 -> NO
[HOP 5] CanSendToHop dest=1 outstanding=2 threshold=1 effectiveWindow=2 pendingData=2 globalLimit=16 neighborOK=0 nodeOK=1 -> NO
[HOP 5] CanSendToHop dest=1 outstanding=2 threshold=1 effectiveWindow=2 pendingData=2 globalLimit=16 neighborOK=0 nodeOK=1 -> NO
[HOP 5] CanSendToHop dest=1 outstanding=2 threshold=1 effectiveWindow=2 pendingData=2 globalLimit=16 neighborOK=0 nodeOK=1 -> NO
[HOP 5] CanSendToHop dest=1 outstanding=2 threshold=1 effectiveWindow=2 pendingData=2 globalLimit=16 neighborOK=0 nodeOK=1 -> NO
[HOP 5] CanSendToHop dest=1 outstanding=2 threshold=1 effectiveWindow=2 pendingData=2 globalLimit=16 neighborOK=0 nodeOK=1 -> NO
[MAC 4] local advertised reservation expired
[MAC 5] resumes Pre-Tx with live slot=2 counter=2
[MAC 4] Learned neighbor 5 uses slot 2 (rtCounter=2)
[HOP 4] RX ACK from 5 seq=7
[HOP 4] Pending DATA decrement reason=ACK neighbor=5 pending=1
[HOP 4] Adaptive flow threshold increased neighbor=5 old=1 new=2 effectiveWindow=3
[NWK 4] NSDP(4->1) decremented to 14
[NWK 4] HOP completion released NSDP slot; awaiting HOP queue wake flow=4->1
[HOP 4] Pending DATA decrement reason=ACK neighbor=5 pending=0
[NWK 4] NSDP(4->1) decremented to 13
[NWK 4] HOP completion released NSDP slot; awaiting HOP queue wake flow=4->1
[MAC 1] Learned neighbor 5 uses slot 2 (rtCounter=2)
[HOP 1] link_control dest=5 neighborKnown=1 s0=-109 pathloss=70 failures=0 speed=128 txPower=33 rxPower=-109 cost=116
[MAC 1] Enqueue ACK dest=5 seq=4 window=1 ack_queue_size=1
[NWK 1] Updated reverse path netSrc=5 reverseHop=5
[HOP 1] link_control dest=5 neighborKnown=1 s0=-109 pathloss=70 failures=0 speed=128 txPower=33 rxPower=-109 cost=116
[MAC 1] Update cumulative ACK queue entry dest=5 baseSeq=5 txCount=0
[NWK 1] Updated reverse path netSrc=5 reverseHop=5
[NWK 4] CheckNwkQueue: size=13
[HOP 4] CanSendToHop dest=5 outstanding=0 threshold=2 effectiveWindow=3 pendingData=0 globalLimit=16 neighborOK=1 nodeOK=1 -> YES
[HOP 4] link_control dest=5 neighborKnown=1 s0=-109 pathloss=70 failures=0 speed=128 txPower=33 rxPower=-109 cost=116
[HOP 4] Pending DATA increment dest=5 pending=1
[HOP 4] TX historical-bare DATA neighbor=5 hopSeq=8
[MAC] Enqueue TX pkt dscp=0 insert_pos=0 queue_size_before=0
[HOP 4] CanSendToHop dest=5 outstanding=1 threshold=2 effectiveWindow=3 pendingData=1 globalLimit=16 neighborOK=1 nodeOK=1 -> YES
[HOP 4] link_control dest=5 neighborKnown=1 s0=-109 pathloss=70 failures=0 speed=128 txPower=33 rxPower=-109 cost=116
[HOP 4] Pending DATA increment dest=5 pending=2
[HOP 4] TX historical-bare DATA neighbor=5 hopSeq=9
[MAC] Enqueue TX pkt dscp=0 insert_pos=1 queue_size_before=1
[HOP 4] CanSendToHop dest=5 outstanding=2 threshold=2 effectiveWindow=3 pendingData=2 globalLimit=16 neighborOK=1 nodeOK=1 -> YES
[HOP 4] link_control dest=5 neighborKnown=1 s0=-109 pathloss=70 failures=0 speed=128 txPower=33 rxPower=-109 cost=116
[HOP 4] Pending DATA increment dest=5 pending=3
[HOP 4] TX historical-bare DATA neighbor=5 hopSeq=10
[MAC] Enqueue TX pkt dscp=0 insert_pos=2 queue_size_before=2
[HOP 4] CanSendToHop dest=5 outstanding=3 threshold=2 effectiveWindow=3 pendingData=3 globalLimit=16 neighborOK=0 nodeOK=1 -> NO
[HOP 4] CanSendToHop dest=5 outstanding=3 threshold=2 effectiveWindow=3 pendingData=3 globalLimit=16 neighborOK=0 nodeOK=1 -> NO
[HOP 4] CanSendToHop dest=5 outstanding=3 threshold=2 effectiveWindow=3 pendingData=3 globalLimit=16 neighborOK=0 nodeOK=1 -> NO
[HOP 4] CanSendToHop dest=5 outstanding=3 threshold=2 effectiveWindow=3 pendingData=3 globalLimit=16 neighborOK=0 nodeOK=1 -> NO
[HOP 4] CanSendToHop dest=5 outstanding=3 threshold=2 effectiveWindow=3 pendingData=3 globalLimit=16 neighborOK=0 nodeOK=1 -> NO
[HOP 4] CanSendToHop dest=5 outstanding=3 threshold=2 effectiveWindow=3 pendingData=3 globalLimit=16 neighborOK=0 nodeOK=1 -> NO
[HOP 4] CanSendToHop dest=5 outstanding=3 threshold=2 effectiveWindow=3 pendingData=3 globalLimit=16 neighborOK=0 nodeOK=1 -> NO
[HOP 4] CanSendToHop dest=5 outstanding=3 threshold=2 effectiveWindow=3 pendingData=3 globalLimit=16 neighborOK=0 nodeOK=1 -> NO
[HOP 4] CanSendToHop dest=5 outstanding=3 threshold=2 effectiveWindow=3 pendingData=3 globalLimit=16 neighborOK=0 nodeOK=1 -> NO
[HOP 4] CanSendToHop dest=5 outstanding=3 threshold=2 effectiveWindow=3 pendingData=3 globalLimit=16 neighborOK=0 nodeOK=1 -> NO
[MAC 1] local advertised reservation expired
[MAC 1] PickTxSlot(dest=5) active_nodes_for_slotting=3 opnet_slot_range=31
[MAC 1] avoiding neighbor 5 currentReservedSlot=1 rtslot_counter=1
[MAC 1] PickTxSlot(dest=5) avoid: 1
[MAC 1] PickTxSlot chose 2 using historical next_tslot modulo probe
[MAC 1] starts Pre-Tx with new slot=2 holdoff_over=1
[MAC 4] PickTxSlot(dest=5) active_nodes_for_slotting=3 opnet_slot_range=31
[MAC 4] avoiding neighbor 5 currentReservedSlot=1 rtslot_counter=1
[MAC 4] PickTxSlot(dest=5) avoid: 1
[MAC 4] PickTxSlot chose 7 using historical next_tslot modulo probe
[MAC 4] starts Pre-Tx with new slot=7 holdoff_over=1
[MAC 5] rtslot_counter expired for neighbor 1 reserveSlot=1
[MAC 5] rtslot_counter expired for neighbor 4 reserveSlot=4
[MAC 1] rtslot_counter expired for neighbor 5 reserveSlot=2
[MAC 4] rtslot_counter expired for neighbor 5 reserveSlot=2
[MAC 5] PickTxSlot(dest=4) active_nodes_for_slotting=3 opnet_slot_range=31
[MAC 5] PickTxSlot(dest=4) avoid:
[MAC 5] PickTxSlot chose 9 using historical next_tslot modulo probe
[MAC 5] TX opportunity reached currentSlot=2 reserveNextSlot=9
... type=1 speedKey=128[t=1.235] TX from node 5 to dest 4 seq 7 size 41 bytes segments 1 at slot 9 rate 128 kbps txPower 33 dBm (133333 bps) preamble SHORT duration 0.02208 s
[MAC 5] ACK transmitted in aggregate dest=4 seq=7 txCount=2/5
[MAC 5] OPNET aggregate transmitted segments=1 ackSegments=1 dataSegments=0 bytes=41 rate=128
[MAC 1] PickTxSlot(dest=5) active_nodes_for_slotting=3 opnet_slot_range=31
[MAC 1] PickTxSlot(dest=5) avoid:
[MAC 1] PickTxSlot chose 1 using historical next_tslot modulo probe
[MAC 1] TX opportunity reached currentSlot=2 reserveNextSlot=1
... type=1 speedKey=128[t=1.24696] TX from node 1 to dest 5 seq 5 size 41 bytes segments 1 at slot 1 rate 128 kbps txPower 33 dBm (133333 bps) preamble SHORT duration 0.02208 s
[MAC 1] ACK transmitted in aggregate dest=5 seq=5 txCount=1/5
[MAC 1] OPNET aggregate transmitted segments=1 ackSegments=1 dataSegments=0 bytes=41 rate=128
[MAC 5] resumes Pre-Tx with live slot=9 counter=9
[MAC 4] Learned neighbor 5 uses slot 9 (rtCounter=9)
[HOP 4] RX ACK from 5 seq=7
[NWK 4] CheckNwkQueue: size=10
[HOP 4] CanSendToHop dest=5 outstanding=3 threshold=2 effectiveWindow=3 pendingData=3 globalLimit=16 neighborOK=0 nodeOK=1 -> NO
[HOP 4] CanSendToHop dest=5 outstanding=3 threshold=2 effectiveWindow=3 pendingData=3 globalLimit=16 neighborOK=0 nodeOK=1 -> NO
[HOP 4] CanSendToHop dest=5 outstanding=3 threshold=2 effectiveWindow=3 pendingData=3 globalLimit=16 neighborOK=0 nodeOK=1 -> NO
[HOP 4] CanSendToHop dest=5 outstanding=3 threshold=2 effectiveWindow=3 pendingData=3 globalLimit=16 neighborOK=0 nodeOK=1 -> NO
[HOP 4] CanSendToHop dest=5 outstanding=3 threshold=2 effectiveWindow=3 pendingData=3 globalLimit=16 neighborOK=0 nodeOK=1 -> NO
[HOP 4] CanSendToHop dest=5 outstanding=3 threshold=2 effectiveWindow=3 pendingData=3 globalLimit=16 neighborOK=0 nodeOK=1 -> NO
[HOP 4] CanSendToHop dest=5 outstanding=3 threshold=2 effectiveWindow=3 pendingData=3 globalLimit=16 neighborOK=0 nodeOK=1 -> NO
[HOP 4] CanSendToHop dest=5 outstanding=3 threshold=2 effectiveWindow=3 pendingData=3 globalLimit=16 neighborOK=0 nodeOK=1 -> NO
[HOP 4] CanSendToHop dest=5 outstanding=3 threshold=2 effectiveWindow=3 pendingData=3 globalLimit=16 neighborOK=0 nodeOK=1 -> NO
[HOP 4] CanSendToHop dest=5 outstanding=3 threshold=2 effectiveWindow=3 pendingData=3 globalLimit=16 neighborOK=0 nodeOK=1 -> NO
[MAC 1] resumes Pre-Tx with live slot=1 counter=1
[MAC 5] Learned neighbor 1 uses slot 1 (rtCounter=1)
[HOP 5] RX ACK from 1 seq=5
[HOP 5] Pending DATA decrement reason=ACK neighbor=1 pending=1
[NWK 5] NSDP(5->1) decremented to 15
[NWK 5] HOP completion released NSDP slot; awaiting HOP queue wake flow=5->1
[HOP 5] Pending DATA decrement reason=ACK neighbor=1 pending=0
[NWK 5] NSDP(5->1) decremented to 14
[NWK 5] HOP completion released NSDP slot; awaiting HOP queue wake flow=5->1
[NWK 5] CheckNwkQueue: size=21
[HOP 5] CanSendToHop dest=1 outstanding=0 threshold=1 effectiveWindow=2 pendingData=0 globalLimit=16 neighborOK=1 nodeOK=1 -> YES
[HOP 5] link_control dest=1 neighborKnown=1 s0=-109 pathloss=70 failures=0 speed=128 txPower=33 rxPower=-109 cost=116
[HOP 5] Pending DATA increment dest=1 pending=1
[HOP 5] TX historical-bare DATA neighbor=1 hopSeq=6
[MAC] Enqueue TX pkt dscp=0 insert_pos=0 queue_size_before=0
[HOP 5] CanSendToHop dest=1 outstanding=1 threshold=1 effectiveWindow=2 pendingData=1 globalLimit=16 neighborOK=1 nodeOK=1 -> YES
[HOP 5] link_control dest=1 neighborKnown=1 s0=-109 pathloss=70 failures=0 speed=128 txPower=33 rxPower=-109 cost=116
[HOP 5] Pending DATA increment dest=1 pending=2
[HOP 5] TX historical-bare DATA neighbor=1 hopSeq=7
[MAC] Enqueue TX pkt dscp=0 insert_pos=1 queue_size_before=1
[HOP 5] CanSendToHop dest=1 outstanding=2 threshold=1 effectiveWindow=2 pendingData=2 globalLimit=16 neighborOK=0 nodeOK=1 -> NO
[HOP 5] CanSendToHop dest=1 outstanding=2 threshold=1 effectiveWindow=2 pendingData=2 globalLimit=16 neighborOK=0 nodeOK=1 -> NO
[HOP 5] CanSendToHop dest=1 outstanding=2 threshold=1 effectiveWindow=2 pendingData=2 globalLimit=16 neighborOK=0 nodeOK=1 -> NO
[HOP 5] CanSendToHop dest=1 outstanding=2 threshold=1 effectiveWindow=2 pendingData=2 globalLimit=16 neighborOK=0 nodeOK=1 -> NO
[HOP 5] CanSendToHop dest=1 outstanding=2 threshold=1 effectiveWindow=2 pendingData=2 globalLimit=16 neighborOK=0 nodeOK=1 -> NO
[HOP 5] CanSendToHop dest=1 outstanding=2 threshold=1 effectiveWindow=2 pendingData=2 globalLimit=16 neighborOK=0 nodeOK=1 -> NO
[HOP 5] CanSendToHop dest=1 outstanding=2 threshold=1 effectiveWindow=2 pendingData=2 globalLimit=16 neighborOK=0 nodeOK=1 -> NO
[HOP 5] CanSendToHop dest=1 outstanding=2 threshold=1 effectiveWindow=2 pendingData=2 globalLimit=16 neighborOK=0 nodeOK=1 -> NO
[HOP 5] CanSendToHop dest=1 outstanding=2 threshold=1 effectiveWindow=2 pendingData=2 globalLimit=16 neighborOK=0 nodeOK=1 -> NO
[HOP 5] CanSendToHop dest=1 outstanding=2 threshold=1 effectiveWindow=2 pendingData=2 globalLimit=16 neighborOK=0 nodeOK=1 -> NO
[HOP 5] CanSendToHop dest=1 outstanding=2 threshold=1 effectiveWindow=2 pendingData=2 globalLimit=16 neighborOK=0 nodeOK=1 -> NO
[HOP 5] CanSendToHop dest=1 outstanding=2 threshold=1 effectiveWindow=2 pendingData=2 globalLimit=16 neighborOK=0 nodeOK=1 -> NO
[HOP 5] CanSendToHop dest=1 outstanding=2 threshold=1 effectiveWindow=2 pendingData=2 globalLimit=16 neighborOK=0 nodeOK=1 -> NO
[HOP 5] CanSendToHop dest=1 outstanding=2 threshold=1 effectiveWindow=2 pendingData=2 globalLimit=16 neighborOK=0 nodeOK=1 -> NO
[HOP 5] CanSendToHop dest=1 outstanding=2 threshold=1 effectiveWindow=2 pendingData=2 globalLimit=16 neighborOK=0 nodeOK=1 -> NO
[HOP 5] CanSendToHop dest=1 outstanding=2 threshold=1 effectiveWindow=2 pendingData=2 globalLimit=16 neighborOK=0 nodeOK=1 -> NO
[HOP 5] CanSendToHop dest=1 outstanding=2 threshold=1 effectiveWindow=2 pendingData=2 globalLimit=16 neighborOK=0 nodeOK=1 -> NO
[HOP 5] CanSendToHop dest=1 outstanding=2 threshold=1 effectiveWindow=2 pendingData=2 globalLimit=16 neighborOK=0 nodeOK=1 -> NO
[HOP 5] CanSendToHop dest=1 outstanding=2 threshold=1 effectiveWindow=2 pendingData=2 globalLimit=16 neighborOK=0 nodeOK=1 -> NO
[NWK 5] NSDP(5->1) incremented to 15
[NWK 5] CheckNwkQueue: size=20
[HOP 5] CanSendToHop dest=1 outstanding=2 threshold=1 effectiveWindow=2 pendingData=2 globalLimit=16 neighborOK=0 nodeOK=1 -> NO
[HOP 5] CanSendToHop dest=1 outstanding=2 threshold=1 effectiveWindow=2 pendingData=2 globalLimit=16 neighborOK=0 nodeOK=1 -> NO
[HOP 5] CanSendToHop dest=1 outstanding=2 threshold=1 effectiveWindow=2 pendingData=2 globalLimit=16 neighborOK=0 nodeOK=1 -> NO
[HOP 5] CanSendToHop dest=1 outstanding=2 threshold=1 effectiveWindow=2 pendingData=2 globalLimit=16 neighborOK=0 nodeOK=1 -> NO
[HOP 5] CanSendToHop dest=1 outstanding=2 threshold=1 effectiveWindow=2 pendingData=2 globalLimit=16 neighborOK=0 nodeOK=1 -> NO
[HOP 5] CanSendToHop dest=1 outstanding=2 threshold=1 effectiveWindow=2 pendingData=2 globalLimit=16 neighborOK=0 nodeOK=1 -> NO
[HOP 5] CanSendToHop dest=1 outstanding=2 threshold=1 effectiveWindow=2 pendingData=2 globalLimit=16 neighborOK=0 nodeOK=1 -> NO
[HOP 5] CanSendToHop dest=1 outstanding=2 threshold=1 effectiveWindow=2 pendingData=2 globalLimit=16 neighborOK=0 nodeOK=1 -> NO
[HOP 5] CanSendToHop dest=1 outstanding=2 threshold=1 effectiveWindow=2 pendingData=2 globalLimit=16 neighborOK=0 nodeOK=1 -> NO
[HOP 5] CanSendToHop dest=1 outstanding=2 threshold=1 effectiveWindow=2 pendingData=2 globalLimit=16 neighborOK=0 nodeOK=1 -> NO
[HOP 5] CanSendToHop dest=1 outstanding=2 threshold=1 effectiveWindow=2 pendingData=2 globalLimit=16 neighborOK=0 nodeOK=1 -> NO
[HOP 5] CanSendToHop dest=1 outstanding=2 threshold=1 effectiveWindow=2 pendingData=2 globalLimit=16 neighborOK=0 nodeOK=1 -> NO
[HOP 5] CanSendToHop dest=1 outstanding=2 threshold=1 effectiveWindow=2 pendingData=2 globalLimit=16 neighborOK=0 nodeOK=1 -> NO
[HOP 5] CanSendToHop dest=1 outstanding=2 threshold=1 effectiveWindow=2 pendingData=2 globalLimit=16 neighborOK=0 nodeOK=1 -> NO
[HOP 5] CanSendToHop dest=1 outstanding=2 threshold=1 effectiveWindow=2 pendingData=2 globalLimit=16 neighborOK=0 nodeOK=1 -> NO
[HOP 5] CanSendToHop dest=1 outstanding=2 threshold=1 effectiveWindow=2 pendingData=2 globalLimit=16 neighborOK=0 nodeOK=1 -> NO
[HOP 5] CanSendToHop dest=1 outstanding=2 threshold=1 effectiveWindow=2 pendingData=2 globalLimit=16 neighborOK=0 nodeOK=1 -> NO
[HOP 5] CanSendToHop dest=1 outstanding=2 threshold=1 effectiveWindow=2 pendingData=2 globalLimit=16 neighborOK=0 nodeOK=1 -> NO
[HOP 5] CanSendToHop dest=1 outstanding=2 threshold=1 effectiveWindow=2 pendingData=2 globalLimit=16 neighborOK=0 nodeOK=1 -> NO
[HOP 5] CanSendToHop dest=1 outstanding=2 threshold=1 effectiveWindow=2 pendingData=2 globalLimit=16 neighborOK=0 nodeOK=1 -> NO
[MAC 1] PickTxSlot(dest=5) active_nodes_for_slotting=3 opnet_slot_range=31
[MAC 1] PickTxSlot(dest=5) avoid:
[MAC 1] PickTxSlot chose 1 using historical next_tslot modulo probe
[MAC 1] TX opportunity reached currentSlot=1 reserveNextSlot=1
... type=1 speedKey=128[t=1.28596] TX from node 1 to dest 5 seq 5 size 41 bytes segments 1 at slot 1 rate 128 kbps txPower 33 dBm (133333 bps) preamble SHORT duration 0.02208 s
[MAC 1] ACK transmitted in aggregate dest=5 seq=5 txCount=2/5
[MAC 1] OPNET aggregate transmitted segments=1 ackSegments=1 dataSegments=0 bytes=41 rate=128
[MAC 5] rtslot_counter expired for neighbor 1 reserveSlot=1
[MAC 1] resumes Pre-Tx with live slot=1 counter=1
[MAC 5] Learned neighbor 1 uses slot 1 (rtCounter=1)
[HOP 5] RX ACK from 1 seq=5
[NWK 5] CheckNwkQueue: size=20
[HOP 5] CanSendToHop dest=1 outstanding=2 threshold=1 effectiveWindow=2 pendingData=2 globalLimit=16 neighborOK=0 nodeOK=1 -> NO
[HOP 5] CanSendToHop dest=1 outstanding=2 threshold=1 effectiveWindow=2 pendingData=2 globalLimit=16 neighborOK=0 nodeOK=1 -> NO
[HOP 5] CanSendToHop dest=1 outstanding=2 threshold=1 effectiveWindow=2 pendingData=2 globalLimit=16 neighborOK=0 nodeOK=1 -> NO
[HOP 5] CanSendToHop dest=1 outstanding=2 threshold=1 effectiveWindow=2 pendingData=2 globalLimit=16 neighborOK=0 nodeOK=1 -> NO
[HOP 5] CanSendToHop dest=1 outstanding=2 threshold=1 effectiveWindow=2 pendingData=2 globalLimit=16 neighborOK=0 nodeOK=1 -> NO
[HOP 5] CanSendToHop dest=1 outstanding=2 threshold=1 effectiveWindow=2 pendingData=2 globalLimit=16 neighborOK=0 nodeOK=1 -> NO
[HOP 5] CanSendToHop dest=1 outstanding=2 threshold=1 effectiveWindow=2 pendingData=2 globalLimit=16 neighborOK=0 nodeOK=1 -> NO
[HOP 5] CanSendToHop dest=1 outstanding=2 threshold=1 effectiveWindow=2 pendingData=2 globalLimit=16 neighborOK=0 nodeOK=1 -> NO
[HOP 5] CanSendToHop dest=1 outstanding=2 threshold=1 effectiveWindow=2 pendingData=2 globalLimit=16 neighborOK=0 nodeOK=1 -> NO
[HOP 5] CanSendToHop dest=1 outstanding=2 threshold=1 effectiveWindow=2 pendingData=2 globalLimit=16 neighborOK=0 nodeOK=1 -> NO
[HOP 5] CanSendToHop dest=1 outstanding=2 threshold=1 effectiveWindow=2 pendingData=2 globalLimit=16 neighborOK=0 nodeOK=1 -> NO
[HOP 5] CanSendToHop dest=1 outstanding=2 threshold=1 effectiveWindow=2 pendingData=2 globalLimit=16 neighborOK=0 nodeOK=1 -> NO
[HOP 5] CanSendToHop dest=1 outstanding=2 threshold=1 effectiveWindow=2 pendingData=2 globalLimit=16 neighborOK=0 nodeOK=1 -> NO
[HOP 5] CanSendToHop dest=1 outstanding=2 threshold=1 effectiveWindow=2 pendingData=2 globalLimit=16 neighborOK=0 nodeOK=1 -> NO
[HOP 5] CanSendToHop dest=1 outstanding=2 threshold=1 effectiveWindow=2 pendingData=2 globalLimit=16 neighborOK=0 nodeOK=1 -> NO
[HOP 5] CanSendToHop dest=1 outstanding=2 threshold=1 effectiveWindow=2 pendingData=2 globalLimit=16 neighborOK=0 nodeOK=1 -> NO
[HOP 5] CanSendToHop dest=1 outstanding=2 threshold=1 effectiveWindow=2 pendingData=2 globalLimit=16 neighborOK=0 nodeOK=1 -> NO
[HOP 5] CanSendToHop dest=1 outstanding=2 threshold=1 effectiveWindow=2 pendingData=2 globalLimit=16 neighborOK=0 nodeOK=1 -> NO
[HOP 5] CanSendToHop dest=1 outstanding=2 threshold=1 effectiveWindow=2 pendingData=2 globalLimit=16 neighborOK=0 nodeOK=1 -> NO
[HOP 5] CanSendToHop dest=1 outstanding=2 threshold=1 effectiveWindow=2 pendingData=2 globalLimit=16 neighborOK=0 nodeOK=1 -> NO
[MAC 4] PickTxSlot(dest=5) active_nodes_for_slotting=3 opnet_slot_range=31
[MAC 4] avoiding neighbor 5 currentReservedSlot=4 rtslot_counter=4
[MAC 4] PickTxSlot(dest=5) avoid: 4
[MAC 4] PickTxSlot chose 3 using historical next_tslot modulo probe
[MAC 4] TX opportunity reached currentSlot=7 reserveNextSlot=3
... type=0 speedKey=128[t=1.313] TX from node 4 to dest 5 seq 8 size 144 bytes segments 3 at slot 3 rate 128 kbps txPower 33 dBm (133333 bps) preamble SHORT duration 0.02826 s
[HOP 4] MAC sent confirmation dest=5 seq=8 transmission=1 sentAt=1.313
[HOP 4] MAC sent confirmation dest=5 seq=9 transmission=1 sentAt=1.313
[HOP 4] MAC sent confirmation dest=5 seq=10 transmission=1 sentAt=1.313
[MAC 4] OPNET aggregate transmitted segments=3 ackSegments=0 dataSegments=3 bytes=144 rate=128
[MAC 1] PickTxSlot(dest=5) active_nodes_for_slotting=3 opnet_slot_range=31
[MAC 1] PickTxSlot(dest=5) avoid:
[MAC 1] PickTxSlot chose 1 using historical next_tslot modulo probe
[MAC 1] TX opportunity reached currentSlot=1 reserveNextSlot=1
... type=1 speedKey=128[t=1.32496] TX from node 1 to dest 5 seq 5 size 41 bytes segments 1 at slot 1 rate 128 kbps txPower 33 dBm (133333 bps) preamble SHORT duration 0.02208 s
[MAC 1] ACK transmitted in aggregate dest=5 seq=5 txCount=3/5
[MAC 1] OPNET aggregate transmitted segments=1 ackSegments=1 dataSegments=0 bytes=41 rate=128
[MAC 5] rtslot_counter expired for neighbor 1 reserveSlot=1
[MAC 4] post-TX WAIT_FOR_ACK until 21.3413 (POST_TX_WAIT=20 s)
[MAC 5] Learned neighbor 4 uses slot 3 (rtCounter=3)
[HOP 5] link_control dest=4 neighborKnown=1 s0=-109 pathloss=70 failures=0 speed=128 txPower=33 rxPower=-109 cost=116
[NWK 5] Updated reverse path netSrc=4 reverseHop=4
[MAC 5] Update cumulative ACK queue entry dest=4 baseSeq=8 txCount=0
[HOP 5] link_control dest=4 neighborKnown=1 s0=-109 pathloss=70 failures=0 speed=128 txPower=33 rxPower=-109 cost=116
[NWK 5] Updated reverse path netSrc=4 reverseHop=4
[MAC 5] Update cumulative ACK queue entry dest=4 baseSeq=9 txCount=0
[HOP 5] link_control dest=4 neighborKnown=1 s0=-109 pathloss=70 failures=0 speed=128 txPower=33 rxPower=-109 cost=116
[NWK 5] Updated reverse path netSrc=4 reverseHop=4
[MAC 5] Update cumulative ACK queue entry dest=4 baseSeq=10 txCount=0
[NWK 5] CheckNwkQueue: size=23
[HOP 5] CanSendToHop dest=1 outstanding=2 threshold=1 effectiveWindow=2 pendingData=2 globalLimit=16 neighborOK=0 nodeOK=1 -> NO
[HOP 5] CanSendToHop dest=1 outstanding=2 threshold=1 effectiveWindow=2 pendingData=2 globalLimit=16 neighborOK=0 nodeOK=1 -> NO
[HOP 5] CanSendToHop dest=1 outstanding=2 threshold=1 effectiveWindow=2 pendingData=2 globalLimit=16 neighborOK=0 nodeOK=1 -> NO
[HOP 5] CanSendToHop dest=1 outstanding=2 threshold=1 effectiveWindow=2 pendingData=2 globalLimit=16 neighborOK=0 nodeOK=1 -> NO
[HOP 5] CanSendToHop dest=1 outstanding=2 threshold=1 effectiveWindow=2 pendingData=2 globalLimit=16 neighborOK=0 nodeOK=1 -> NO
[HOP 5] CanSendToHop dest=1 outstanding=2 threshold=1 effectiveWindow=2 pendingData=2 globalLimit=16 neighborOK=0 nodeOK=1 -> NO
[HOP 5] CanSendToHop dest=1 outstanding=2 threshold=1 effectiveWindow=2 pendingData=2 globalLimit=16 neighborOK=0 nodeOK=1 -> NO
[HOP 5] CanSendToHop dest=1 outstanding=2 threshold=1 effectiveWindow=2 pendingData=2 globalLimit=16 neighborOK=0 nodeOK=1 -> NO
[HOP 5] CanSendToHop dest=1 outstanding=2 threshold=1 effectiveWindow=2 pendingData=2 globalLimit=16 neighborOK=0 nodeOK=1 -> NO
[HOP 5] CanSendToHop dest=1 outstanding=2 threshold=1 effectiveWindow=2 pendingData=2 globalLimit=16 neighborOK=0 nodeOK=1 -> NO
[HOP 5] CanSendToHop dest=1 outstanding=2 threshold=1 effectiveWindow=2 pendingData=2 globalLimit=16 neighborOK=0 nodeOK=1 -> NO
[HOP 5] CanSendToHop dest=1 outstanding=2 threshold=1 effectiveWindow=2 pendingData=2 globalLimit=16 neighborOK=0 nodeOK=1 -> NO
[HOP 5] CanSendToHop dest=1 outstanding=2 threshold=1 effectiveWindow=2 pendingData=2 globalLimit=16 neighborOK=0 nodeOK=1 -> NO
[HOP 5] CanSendToHop dest=1 outstanding=2 threshold=1 effectiveWindow=2 pendingData=2 globalLimit=16 neighborOK=0 nodeOK=1 -> NO
[HOP 5] CanSendToHop dest=1 outstanding=2 threshold=1 effectiveWindow=2 pendingData=2 globalLimit=16 neighborOK=0 nodeOK=1 -> NO
[HOP 5] CanSendToHop dest=1 outstanding=2 threshold=1 effectiveWindow=2 pendingData=2 globalLimit=16 neighborOK=0 nodeOK=1 -> NO
[HOP 5] CanSendToHop dest=1 outstanding=2 threshold=1 effectiveWindow=2 pendingData=2 globalLimit=16 neighborOK=0 nodeOK=1 -> NO
[HOP 5] CanSendToHop dest=1 outstanding=2 threshold=1 effectiveWindow=2 pendingData=2 globalLimit=16 neighborOK=0 nodeOK=1 -> NO
[HOP 5] CanSendToHop dest=1 outstanding=2 threshold=1 effectiveWindow=2 pendingData=2 globalLimit=16 neighborOK=0 nodeOK=1 -> NO
[HOP 5] CanSendToHop dest=1 outstanding=2 threshold=1 effectiveWindow=2 pendingData=2 globalLimit=16 neighborOK=0 nodeOK=1 -> NO
[HOP 5] CanSendToHop dest=1 outstanding=2 threshold=1 effectiveWindow=2 pendingData=2 globalLimit=16 neighborOK=0 nodeOK=1 -> NO
[HOP 5] CanSendToHop dest=1 outstanding=2 threshold=1 effectiveWindow=2 pendingData=2 globalLimit=16 neighborOK=0 nodeOK=1 -> NO
[HOP 5] CanSendToHop dest=1 outstanding=2 threshold=1 effectiveWindow=2 pendingData=2 globalLimit=16 neighborOK=0 nodeOK=1 -> NO
[MAC 1] resumes Pre-Tx with live slot=1 counter=1
[MAC 5] Learned neighbor 1 uses slot 1 (rtCounter=1)
[HOP 5] RX ACK from 1 seq=5
[NWK 5] CheckNwkQueue: size=23
[HOP 5] CanSendToHop dest=1 outstanding=2 threshold=1 effectiveWindow=2 pendingData=2 globalLimit=16 neighborOK=0 nodeOK=1 -> NO
[HOP 5] CanSendToHop dest=1 outstanding=2 threshold=1 effectiveWindow=2 pendingData=2 globalLimit=16 neighborOK=0 nodeOK=1 -> NO
[HOP 5] CanSendToHop dest=1 outstanding=2 threshold=1 effectiveWindow=2 pendingData=2 globalLimit=16 neighborOK=0 nodeOK=1 -> NO
[HOP 5] CanSendToHop dest=1 outstanding=2 threshold=1 effectiveWindow=2 pendingData=2 globalLimit=16 neighborOK=0 nodeOK=1 -> NO
[HOP 5] CanSendToHop dest=1 outstanding=2 threshold=1 effectiveWindow=2 pendingData=2 globalLimit=16 neighborOK=0 nodeOK=1 -> NO
[HOP 5] CanSendToHop dest=1 outstanding=2 threshold=1 effectiveWindow=2 pendingData=2 globalLimit=16 neighborOK=0 nodeOK=1 -> NO
[HOP 5] CanSendToHop dest=1 outstanding=2 threshold=1 effectiveWindow=2 pendingData=2 globalLimit=16 neighborOK=0 nodeOK=1 -> NO
[HOP 5] CanSendToHop dest=1 outstanding=2 threshold=1 effectiveWindow=2 pendingData=2 globalLimit=16 neighborOK=0 nodeOK=1 -> NO
[HOP 5] CanSendToHop dest=1 outstanding=2 threshold=1 effectiveWindow=2 pendingData=2 globalLimit=16 neighborOK=0 nodeOK=1 -> NO
[HOP 5] CanSendToHop dest=1 outstanding=2 threshold=1 effectiveWindow=2 pendingData=2 globalLimit=16 neighborOK=0 nodeOK=1 -> NO
[HOP 5] CanSendToHop dest=1 outstanding=2 threshold=1 effectiveWindow=2 pendingData=2 globalLimit=16 neighborOK=0 nodeOK=1 -> NO
[HOP 5] CanSendToHop dest=1 outstanding=2 threshold=1 effectiveWindow=2 pendingData=2 globalLimit=16 neighborOK=0 nodeOK=1 -> NO
[HOP 5] CanSendToHop dest=1 outstanding=2 threshold=1 effectiveWindow=2 pendingData=2 globalLimit=16 neighborOK=0 nodeOK=1 -> NO
[HOP 5] CanSendToHop dest=1 outstanding=2 threshold=1 effectiveWindow=2 pendingData=2 globalLimit=16 neighborOK=0 nodeOK=1 -> NO
[HOP 5] CanSendToHop dest=1 outstanding=2 threshold=1 effectiveWindow=2 pendingData=2 globalLimit=16 neighborOK=0 nodeOK=1 -> NO
[HOP 5] CanSendToHop dest=1 outstanding=2 threshold=1 effectiveWindow=2 pendingData=2 globalLimit=16 neighborOK=0 nodeOK=1 -> NO
[HOP 5] CanSendToHop dest=1 outstanding=2 threshold=1 effectiveWindow=2 pendingData=2 globalLimit=16 neighborOK=0 nodeOK=1 -> NO
[HOP 5] CanSendToHop dest=1 outstanding=2 threshold=1 effectiveWindow=2 pendingData=2 globalLimit=16 neighborOK=0 nodeOK=1 -> NO
[HOP 5] CanSendToHop dest=1 outstanding=2 threshold=1 effectiveWindow=2 pendingData=2 globalLimit=16 neighborOK=0 nodeOK=1 -> NO
[HOP 5] CanSendToHop dest=1 outstanding=2 threshold=1 effectiveWindow=2 pendingData=2 globalLimit=16 neighborOK=0 nodeOK=1 -> NO
[HOP 5] CanSendToHop dest=1 outstanding=2 threshold=1 effectiveWindow=2 pendingData=2 globalLimit=16 neighborOK=0 nodeOK=1 -> NO
[HOP 5] CanSendToHop dest=1 outstanding=2 threshold=1 effectiveWindow=2 pendingData=2 globalLimit=16 neighborOK=0 nodeOK=1 -> NO
[HOP 5] CanSendToHop dest=1 outstanding=2 threshold=1 effectiveWindow=2 pendingData=2 globalLimit=16 neighborOK=0 nodeOK=1 -> NO
[MAC 1] PickTxSlot(dest=5) active_nodes_for_slotting=3 opnet_slot_range=31
[MAC 1] PickTxSlot(dest=5) avoid:
[MAC 1] PickTxSlot chose 1 using historical next_tslot modulo probe
[MAC 1] TX opportunity reached currentSlot=1 reserveNextSlot=1
... type=1 speedKey=128[t=1.36396] TX from node 1 to dest 5 seq 5 size 41 bytes segments 1 at slot 1 rate 128 kbps txPower 33 dBm (133333 bps) preamble SHORT duration 0.02208 s
[MAC 1] ACK transmitted in aggregate dest=5 seq=5 txCount=4/5
[MAC 1] OPNET aggregate transmitted segments=1 ackSegments=1 dataSegments=0 bytes=41 rate=128
[MAC 5] rtslot_counter expired for neighbor 1 reserveSlot=1
[MAC 5] PickTxSlot(dest=4) active_nodes_for_slotting=3 opnet_slot_range=31
[MAC 5] avoiding neighbor 4 currentReservedSlot=0 rtslot_counter=0
[MAC 5] PickTxSlot(dest=4) avoid:
[MAC 5] PickTxSlot chose 1 using historical next_tslot modulo probe
[MAC 5] TX opportunity reached currentSlot=9 reserveNextSlot=1
... type=1 speedKey=128[t=1.378] TX from node 5 to dest 4 seq 10 size 137 bytes segments 3 at slot 1 rate 128 kbps txPower 33 dBm (133333 bps) preamble SHORT duration 0.02784 s
[HOP 5] MAC sent confirmation dest=1 seq=6 transmission=1 sentAt=1.378
[HOP 5] MAC sent confirmation dest=1 seq=7 transmission=1 sentAt=1.378
[MAC 5] ACK transmitted in aggregate dest=4 seq=10 txCount=1/5
[MAC 5] OPNET aggregate transmitted segments=3 ackSegments=1 dataSegments=2 bytes=137 rate=128
[MAC 1] resumes Pre-Tx with live slot=1 counter=1
[MAC 5] Learned neighbor 1 uses slot 1 (rtCounter=1)
[HOP 5] RX ACK from 1 seq=5
[NWK 5] CheckNwkQueue: size=23
[HOP 5] CanSendToHop dest=1 outstanding=2 threshold=1 effectiveWindow=2 pendingData=2 globalLimit=16 neighborOK=0 nodeOK=1 -> NO
[HOP 5] CanSendToHop dest=1 outstanding=2 threshold=1 effectiveWindow=2 pendingData=2 globalLimit=16 neighborOK=0 nodeOK=1 -> NO
[HOP 5] CanSendToHop dest=1 outstanding=2 threshold=1 effectiveWindow=2 pendingData=2 globalLimit=16 neighborOK=0 nodeOK=1 -> NO
[HOP 5] CanSendToHop dest=1 outstanding=2 threshold=1 effectiveWindow=2 pendingData=2 globalLimit=16 neighborOK=0 nodeOK=1 -> NO
[HOP 5] CanSendToHop dest=1 outstanding=2 threshold=1 effectiveWindow=2 pendingData=2 globalLimit=16 neighborOK=0 nodeOK=1 -> NO
[HOP 5] CanSendToHop dest=1 outstanding=2 threshold=1 effectiveWindow=2 pendingData=2 globalLimit=16 neighborOK=0 nodeOK=1 -> NO
[HOP 5] CanSendToHop dest=1 outstanding=2 threshold=1 effectiveWindow=2 pendingData=2 globalLimit=16 neighborOK=0 nodeOK=1 -> NO
[HOP 5] CanSendToHop dest=1 outstanding=2 threshold=1 effectiveWindow=2 pendingData=2 globalLimit=16 neighborOK=0 nodeOK=1 -> NO
[HOP 5] CanSendToHop dest=1 outstanding=2 threshold=1 effectiveWindow=2 pendingData=2 globalLimit=16 neighborOK=0 nodeOK=1 -> NO
[HOP 5] CanSendToHop dest=1 outstanding=2 threshold=1 effectiveWindow=2 pendingData=2 globalLimit=16 neighborOK=0 nodeOK=1 -> NO
[HOP 5] CanSendToHop dest=1 outstanding=2 threshold=1 effectiveWindow=2 pendingData=2 globalLimit=16 neighborOK=0 nodeOK=1 -> NO
[HOP 5] CanSendToHop dest=1 outstanding=2 threshold=1 effectiveWindow=2 pendingData=2 globalLimit=16 neighborOK=0 nodeOK=1 -> NO
[HOP 5] CanSendToHop dest=1 outstanding=2 threshold=1 effectiveWindow=2 pendingData=2 globalLimit=16 neighborOK=0 nodeOK=1 -> NO
[HOP 5] CanSendToHop dest=1 outstanding=2 threshold=1 effectiveWindow=2 pendingData=2 globalLimit=16 neighborOK=0 nodeOK=1 -> NO
[HOP 5] CanSendToHop dest=1 outstanding=2 threshold=1 effectiveWindow=2 pendingData=2 globalLimit=16 neighborOK=0 nodeOK=1 -> NO
[HOP 5] CanSendToHop dest=1 outstanding=2 threshold=1 effectiveWindow=2 pendingData=2 globalLimit=16 neighborOK=0 nodeOK=1 -> NO
[HOP 5] CanSendToHop dest=1 outstanding=2 threshold=1 effectiveWindow=2 pendingData=2 globalLimit=16 neighborOK=0 nodeOK=1 -> NO
[HOP 5] CanSendToHop dest=1 outstanding=2 threshold=1 effectiveWindow=2 pendingData=2 globalLimit=16 neighborOK=0 nodeOK=1 -> NO
[HOP 5] CanSendToHop dest=1 outstanding=2 threshold=1 effectiveWindow=2 pendingData=2 globalLimit=16 neighborOK=0 nodeOK=1 -> NO
[HOP 5] CanSendToHop dest=1 outstanding=2 threshold=1 effectiveWindow=2 pendingData=2 globalLimit=16 neighborOK=0 nodeOK=1 -> NO
[HOP 5] CanSendToHop dest=1 outstanding=2 threshold=1 effectiveWindow=2 pendingData=2 globalLimit=16 neighborOK=0 nodeOK=1 -> NO
[HOP 5] CanSendToHop dest=1 outstanding=2 threshold=1 effectiveWindow=2 pendingData=2 globalLimit=16 neighborOK=0 nodeOK=1 -> NO
[HOP 5] CanSendToHop dest=1 outstanding=2 threshold=1 effectiveWindow=2 pendingData=2 globalLimit=16 neighborOK=0 nodeOK=1 -> NO
[MAC 4] local advertised reservation expired
[MAC 1] PickTxSlot(dest=5) active_nodes_for_slotting=3 opnet_slot_range=31
[MAC 1] PickTxSlot(dest=5) avoid:
[MAC 1] PickTxSlot chose 1 using historical next_tslot modulo probe
[MAC 1] TX opportunity reached currentSlot=1 reserveNextSlot=1
... type=1 speedKey=128[t=1.40296] TX from node 1 to dest 5 seq 5 size 41 bytes segments 1 at slot 1 rate 128 kbps txPower 33 dBm (133333 bps) preamble SHORT duration 0.02208 s
[MAC 1] ACK transmitted in aggregate dest=5 seq=5 txCount=5/5
[MAC 1] Remove ACK after OPNET resend limit dest=5 seq=5
[MAC 1] OPNET aggregate transmitted segments=1 ackSegments=1 dataSegments=0 bytes=41 rate=128
[MAC 4] rtslot_counter expired for neighbor 5 reserveSlot=9
[MAC 5] resumes Pre-Tx with live slot=1 counter=1
[MAC 4] Learned neighbor 5 uses slot 1 (rtCounter=1)
[HOP 4] RX ACK from 5 seq=10
[HOP 4] Pending DATA decrement reason=ACK neighbor=5 pending=2
[NWK 4] NSDP(4->1) decremented to 12
[NWK 4] HOP completion released NSDP slot; awaiting HOP queue wake flow=4->1
[HOP 4] Pending DATA decrement reason=ACK neighbor=5 pending=1
[HOP 4] Adaptive flow threshold increased neighbor=5 old=2 new=3 effectiveWindow=4
[NWK 4] NSDP(4->1) decremented to 11
[NWK 4] HOP completion released NSDP slot; awaiting HOP queue wake flow=4->1
[HOP 4] Pending DATA decrement reason=ACK neighbor=5 pending=0
[NWK 4] NSDP(4->1) decremented to 10
[NWK 4] HOP completion released NSDP slot; awaiting HOP queue wake flow=4->1
[MAC 1] Learned neighbor 5 uses slot 1 (rtCounter=1)
[HOP 1] link_control dest=5 neighborKnown=1 s0=-109 pathloss=70 failures=0 speed=128 txPower=33 rxPower=-109 cost=116
[MAC 1] Enqueue ACK dest=5 seq=6 window=1 ack_queue_size=1
[NWK 1] Updated reverse path netSrc=5 reverseHop=5
[HOP 1] link_control dest=5 neighborKnown=1 s0=-109 pathloss=70 failures=0 speed=128 txPower=33 rxPower=-109 cost=116
[MAC 1] Update cumulative ACK queue entry dest=5 baseSeq=7 txCount=0
[NWK 1] Updated reverse path netSrc=5 reverseHop=5
[NWK 4] CheckNwkQueue: size=10
[HOP 4] CanSendToHop dest=5 outstanding=0 threshold=3 effectiveWindow=4 pendingData=0 globalLimit=16 neighborOK=1 nodeOK=1 -> YES
[HOP 4] link_control dest=5 neighborKnown=1 s0=-109 pathloss=70 failures=0 speed=128 txPower=33 rxPower=-109 cost=116
[HOP 4] Pending DATA increment dest=5 pending=1
[HOP 4] TX historical-bare DATA neighbor=5 hopSeq=11
[MAC] Enqueue TX pkt dscp=0 insert_pos=0 queue_size_before=0
[HOP 4] CanSendToHop dest=5 outstanding=1 threshold=3 effectiveWindow=4 pendingData=1 globalLimit=16 neighborOK=1 nodeOK=1 -> YES
[HOP 4] link_control dest=5 neighborKnown=1 s0=-109 pathloss=70 failures=0 speed=128 txPower=33 rxPower=-109 cost=116
[HOP 4] Pending DATA increment dest=5 pending=2
[HOP 4] TX historical-bare DATA neighbor=5 hopSeq=12
[MAC] Enqueue TX pkt dscp=0 insert_pos=1 queue_size_before=1
[HOP 4] CanSendToHop dest=5 outstanding=2 threshold=3 effectiveWindow=4 pendingData=2 globalLimit=16 neighborOK=1 nodeOK=1 -> YES
[HOP 4] link_control dest=5 neighborKnown=1 s0=-109 pathloss=70 failures=0 speed=128 txPower=33 rxPower=-109 cost=116
[HOP 4] Pending DATA increment dest=5 pending=3
[HOP 4] TX historical-bare DATA neighbor=5 hopSeq=13
[MAC] Enqueue TX pkt dscp=0 insert_pos=2 queue_size_before=2
[HOP 4] CanSendToHop dest=5 outstanding=3 threshold=3 effectiveWindow=4 pendingData=3 globalLimit=16 neighborOK=1 nodeOK=1 -> YES
[HOP 4] link_control dest=5 neighborKnown=1 s0=-109 pathloss=70 failures=0 speed=128 txPower=33 rxPower=-109 cost=116
[HOP 4] Pending DATA increment dest=5 pending=4
[HOP 4] TX historical-bare DATA neighbor=5 hopSeq=14
[MAC] Enqueue TX pkt dscp=0 insert_pos=3 queue_size_before=3
[HOP 4] CanSendToHop dest=5 outstanding=4 threshold=3 effectiveWindow=4 pendingData=4 globalLimit=16 neighborOK=0 nodeOK=1 -> NO
[HOP 4] CanSendToHop dest=5 outstanding=4 threshold=3 effectiveWindow=4 pendingData=4 globalLimit=16 neighborOK=0 nodeOK=1 -> NO
[HOP 4] CanSendToHop dest=5 outstanding=4 threshold=3 effectiveWindow=4 pendingData=4 globalLimit=16 neighborOK=0 nodeOK=1 -> NO
[HOP 4] CanSendToHop dest=5 outstanding=4 threshold=3 effectiveWindow=4 pendingData=4 globalLimit=16 neighborOK=0 nodeOK=1 -> NO
[HOP 4] CanSendToHop dest=5 outstanding=4 threshold=3 effectiveWindow=4 pendingData=4 globalLimit=16 neighborOK=0 nodeOK=1 -> NO
[HOP 4] CanSendToHop dest=5 outstanding=4 threshold=3 effectiveWindow=4 pendingData=4 globalLimit=16 neighborOK=0 nodeOK=1 -> NO
[MAC 4] PickTxSlot(dest=5) active_nodes_for_slotting=3 opnet_slot_range=31
[MAC 4] avoiding neighbor 5 currentReservedSlot=0 rtslot_counter=0
[MAC 4] PickTxSlot(dest=5) avoid:
[MAC 4] PickTxSlot chose 7 using historical next_tslot modulo probe
[MAC 4] starts Pre-Tx with new slot=7 holdoff_over=1
[MAC 5] rtslot_counter expired for neighbor 4 reserveSlot=3
[MAC 1] resumes Pre-Tx with live slot=1 counter=1
[MAC 5] Learned neighbor 1 uses slot 1 (rtCounter=1)
[HOP 5] RX ACK from 1 seq=5
[NWK 5] CheckNwkQueue: size=23
[HOP 5] CanSendToHop dest=1 outstanding=2 threshold=1 effectiveWindow=2 pendingData=2 globalLimit=16 neighborOK=0 nodeOK=1 -> NO
[HOP 5] CanSendToHop dest=1 outstanding=2 threshold=1 effectiveWindow=2 pendingData=2 globalLimit=16 neighborOK=0 nodeOK=1 -> NO
[HOP 5] CanSendToHop dest=1 outstanding=2 threshold=1 effectiveWindow=2 pendingData=2 globalLimit=16 neighborOK=0 nodeOK=1 -> NO
[HOP 5] CanSendToHop dest=1 outstanding=2 threshold=1 effectiveWindow=2 pendingData=2 globalLimit=16 neighborOK=0 nodeOK=1 -> NO
[HOP 5] CanSendToHop dest=1 outstanding=2 threshold=1 effectiveWindow=2 pendingData=2 globalLimit=16 neighborOK=0 nodeOK=1 -> NO
[HOP 5] CanSendToHop dest=1 outstanding=2 threshold=1 effectiveWindow=2 pendingData=2 globalLimit=16 neighborOK=0 nodeOK=1 -> NO
[HOP 5] CanSendToHop dest=1 outstanding=2 threshold=1 effectiveWindow=2 pendingData=2 globalLimit=16 neighborOK=0 nodeOK=1 -> NO
[HOP 5] CanSendToHop dest=1 outstanding=2 threshold=1 effectiveWindow=2 pendingData=2 globalLimit=16 neighborOK=0 nodeOK=1 -> NO
[HOP 5] CanSendToHop dest=1 outstanding=2 threshold=1 effectiveWindow=2 pendingData=2 globalLimit=16 neighborOK=0 nodeOK=1 -> NO
[HOP 5] CanSendToHop dest=1 outstanding=2 threshold=1 effectiveWindow=2 pendingData=2 globalLimit=16 neighborOK=0 nodeOK=1 -> NO
[HOP 5] CanSendToHop dest=1 outstanding=2 threshold=1 effectiveWindow=2 pendingData=2 globalLimit=16 neighborOK=0 nodeOK=1 -> NO
[HOP 5] CanSendToHop dest=1 outstanding=2 threshold=1 effectiveWindow=2 pendingData=2 globalLimit=16 neighborOK=0 nodeOK=1 -> NO
[HOP 5] CanSendToHop dest=1 outstanding=2 threshold=1 effectiveWindow=2 pendingData=2 globalLimit=16 neighborOK=0 nodeOK=1 -> NO
[HOP 5] CanSendToHop dest=1 outstanding=2 threshold=1 effectiveWindow=2 pendingData=2 globalLimit=16 neighborOK=0 nodeOK=1 -> NO
[HOP 5] CanSendToHop dest=1 outstanding=2 threshold=1 effectiveWindow=2 pendingData=2 globalLimit=16 neighborOK=0 nodeOK=1 -> NO
[HOP 5] CanSendToHop dest=1 outstanding=2 threshold=1 effectiveWindow=2 pendingData=2 globalLimit=16 neighborOK=0 nodeOK=1 -> NO
[HOP 5] CanSendToHop dest=1 outstanding=2 threshold=1 effectiveWindow=2 pendingData=2 globalLimit=16 neighborOK=0 nodeOK=1 -> NO
[HOP 5] CanSendToHop dest=1 outstanding=2 threshold=1 effectiveWindow=2 pendingData=2 globalLimit=16 neighborOK=0 nodeOK=1 -> NO
[HOP 5] CanSendToHop dest=1 outstanding=2 threshold=1 effectiveWindow=2 pendingData=2 globalLimit=16 neighborOK=0 nodeOK=1 -> NO
[HOP 5] CanSendToHop dest=1 outstanding=2 threshold=1 effectiveWindow=2 pendingData=2 globalLimit=16 neighborOK=0 nodeOK=1 -> NO
[HOP 5] CanSendToHop dest=1 outstanding=2 threshold=1 effectiveWindow=2 pendingData=2 globalLimit=16 neighborOK=0 nodeOK=1 -> NO
[HOP 5] CanSendToHop dest=1 outstanding=2 threshold=1 effectiveWindow=2 pendingData=2 globalLimit=16 neighborOK=0 nodeOK=1 -> NO
[HOP 5] CanSendToHop dest=1 outstanding=2 threshold=1 effectiveWindow=2 pendingData=2 globalLimit=16 neighborOK=0 nodeOK=1 -> NO
[MAC 4] rtslot_counter expired for neighbor 5 reserveSlot=1
[MAC 5] PickTxSlot(dest=4) active_nodes_for_slotting=3 opnet_slot_range=31
[MAC 5] avoiding neighbor 1 currentReservedSlot=0 rtslot_counter=0
[MAC 5] PickTxSlot(dest=4) avoid:
[MAC 5] PickTxSlot chose 9 using historical next_tslot modulo probe
[MAC 5] TX opportunity reached currentSlot=1 reserveNextSlot=9
... type=1 speedKey=128[t=1.43] TX from node 5 to dest 4 seq 10 size 41 bytes segments 1 at slot 9 rate 128 kbps txPower 33 dBm (133333 bps) preamble SHORT duration 0.02208 s
[MAC 5] ACK transmitted in aggregate dest=4 seq=10 txCount=2/5
[MAC 5] OPNET aggregate transmitted segments=1 ackSegments=1 dataSegments=0 bytes=41 rate=128
[MAC 1] rtslot_counter expired for neighbor 5 reserveSlot=1
[MAC 1] PickTxSlot(dest=5) active_nodes_for_slotting=3 opnet_slot_range=31
[MAC 1] PickTxSlot(dest=5) avoid:
[MAC 1] PickTxSlot chose 1 using historical next_tslot modulo probe
[MAC 1] TX opportunity reached currentSlot=1 reserveNextSlot=1
... type=1 speedKey=128[t=1.44196] TX from node 1 to dest 5 seq 7 size 41 bytes segments 1 at slot 1 rate 128 kbps txPower 33 dBm (133333 bps) preamble SHORT duration 0.02208 s
[MAC 1] ACK transmitted in aggregate dest=5 seq=7 txCount=1/5
[MAC 1] OPNET aggregate transmitted segments=1 ackSegments=1 dataSegments=0 bytes=41 rate=128
[MAC 5] resumes Pre-Tx with live slot=9 counter=9
[MAC 4] Learned neighbor 5 uses slot 9 (rtCounter=9)
[HOP 4] RX ACK from 5 seq=10
[NWK 4] CheckNwkQueue: size=6
[HOP 4] CanSendToHop dest=5 outstanding=4 threshold=3 effectiveWindow=4 pendingData=4 globalLimit=16 neighborOK=0 nodeOK=1 -> NO
[HOP 4] CanSendToHop dest=5 outstanding=4 threshold=3 effectiveWindow=4 pendingData=4 globalLimit=16 neighborOK=0 nodeOK=1 -> NO
[HOP 4] CanSendToHop dest=5 outstanding=4 threshold=3 effectiveWindow=4 pendingData=4 globalLimit=16 neighborOK=0 nodeOK=1 -> NO
[HOP 4] CanSendToHop dest=5 outstanding=4 threshold=3 effectiveWindow=4 pendingData=4 globalLimit=16 neighborOK=0 nodeOK=1 -> NO
[HOP 4] CanSendToHop dest=5 outstanding=4 threshold=3 effectiveWindow=4 pendingData=4 globalLimit=16 neighborOK=0 nodeOK=1 -> NO
[HOP 4] CanSendToHop dest=5 outstanding=4 threshold=3 effectiveWindow=4 pendingData=4 globalLimit=16 neighborOK=0 nodeOK=1 -> NO
[MAC 5] rtslot_counter expired for neighbor 1 reserveSlot=1
[MAC 1] resumes Pre-Tx with live slot=1 counter=1
[MAC 5] Learned neighbor 1 uses slot 1 (rtCounter=1)
[HOP 5] RX ACK from 1 seq=7
[HOP 5] Pending DATA decrement reason=ACK neighbor=1 pending=1
[HOP 5] Adaptive flow threshold increased neighbor=1 old=1 new=2 effectiveWindow=3
[NWK 5] NSDP(5->1) decremented to 14
[NWK 5] HOP completion released NSDP slot; awaiting HOP queue wake flow=5->1
[HOP 5] Pending DATA decrement reason=ACK neighbor=1 pending=0
[NWK 5] NSDP(5->1) decremented to 13
[NWK 5] HOP completion released NSDP slot; awaiting HOP queue wake flow=5->1
[NWK 5] CheckNwkQueue: size=23
[HOP 5] CanSendToHop dest=1 outstanding=0 threshold=2 effectiveWindow=3 pendingData=0 globalLimit=16 neighborOK=1 nodeOK=1 -> YES
[HOP 5] link_control dest=1 neighborKnown=1 s0=-109 pathloss=70 failures=0 speed=128 txPower=33 rxPower=-109 cost=116
[HOP 5] Pending DATA increment dest=1 pending=1
[HOP 5] TX historical-bare DATA neighbor=1 hopSeq=8
[MAC] Enqueue TX pkt dscp=0 insert_pos=0 queue_size_before=0
[HOP 5] CanSendToHop dest=1 outstanding=1 threshold=2 effectiveWindow=3 pendingData=1 globalLimit=16 neighborOK=1 nodeOK=1 -> YES
[HOP 5] link_control dest=1 neighborKnown=1 s0=-109 pathloss=70 failures=0 speed=128 txPower=33 rxPower=-109 cost=116
[HOP 5] Pending DATA increment dest=1 pending=2
[HOP 5] TX historical-bare DATA neighbor=1 hopSeq=9
[MAC] Enqueue TX pkt dscp=0 insert_pos=1 queue_size_before=1
[HOP 5] CanSendToHop dest=1 outstanding=2 threshold=2 effectiveWindow=3 pendingData=2 globalLimit=16 neighborOK=1 nodeOK=1 -> YES
[HOP 5] link_control dest=1 neighborKnown=1 s0=-109 pathloss=70 failures=0 speed=128 txPower=33 rxPower=-109 cost=116
[HOP 5] Pending DATA increment dest=1 pending=3
[HOP 5] TX historical-bare DATA neighbor=1 hopSeq=10
[MAC] Enqueue TX pkt dscp=0 insert_pos=2 queue_size_before=2
[HOP 5] CanSendToHop dest=1 outstanding=3 threshold=2 effectiveWindow=3 pendingData=3 globalLimit=16 neighborOK=0 nodeOK=1 -> NO
[HOP 5] CanSendToHop dest=1 outstanding=3 threshold=2 effectiveWindow=3 pendingData=3 globalLimit=16 neighborOK=0 nodeOK=1 -> NO
[HOP 5] CanSendToHop dest=1 outstanding=3 threshold=2 effectiveWindow=3 pendingData=3 globalLimit=16 neighborOK=0 nodeOK=1 -> NO
[HOP 5] CanSendToHop dest=1 outstanding=3 threshold=2 effectiveWindow=3 pendingData=3 globalLimit=16 neighborOK=0 nodeOK=1 -> NO
[HOP 5] CanSendToHop dest=1 outstanding=3 threshold=2 effectiveWindow=3 pendingData=3 globalLimit=16 neighborOK=0 nodeOK=1 -> NO
[HOP 5] CanSendToHop dest=1 outstanding=3 threshold=2 effectiveWindow=3 pendingData=3 globalLimit=16 neighborOK=0 nodeOK=1 -> NO
[HOP 5] CanSendToHop dest=1 outstanding=3 threshold=2 effectiveWindow=3 pendingData=3 globalLimit=16 neighborOK=0 nodeOK=1 -> NO
[HOP 5] CanSendToHop dest=1 outstanding=3 threshold=2 effectiveWindow=3 pendingData=3 globalLimit=16 neighborOK=0 nodeOK=1 -> NO
[HOP 5] CanSendToHop dest=1 outstanding=3 threshold=2 effectiveWindow=3 pendingData=3 globalLimit=16 neighborOK=0 nodeOK=1 -> NO
[HOP 5] CanSendToHop dest=1 outstanding=3 threshold=2 effectiveWindow=3 pendingData=3 globalLimit=16 neighborOK=0 nodeOK=1 -> NO
[HOP 5] CanSendToHop dest=1 outstanding=3 threshold=2 effectiveWindow=3 pendingData=3 globalLimit=16 neighborOK=0 nodeOK=1 -> NO
[HOP 5] CanSendToHop dest=1 outstanding=3 threshold=2 effectiveWindow=3 pendingData=3 globalLimit=16 neighborOK=0 nodeOK=1 -> NO
[HOP 5] CanSendToHop dest=1 outstanding=3 threshold=2 effectiveWindow=3 pendingData=3 globalLimit=16 neighborOK=0 nodeOK=1 -> NO
[HOP 5] CanSendToHop dest=1 outstanding=3 threshold=2 effectiveWindow=3 pendingData=3 globalLimit=16 neighborOK=0 nodeOK=1 -> NO
[HOP 5] CanSendToHop dest=1 outstanding=3 threshold=2 effectiveWindow=3 pendingData=3 globalLimit=16 neighborOK=0 nodeOK=1 -> NO
[HOP 5] CanSendToHop dest=1 outstanding=3 threshold=2 effectiveWindow=3 pendingData=3 globalLimit=16 neighborOK=0 nodeOK=1 -> NO
[HOP 5] CanSendToHop dest=1 outstanding=3 threshold=2 effectiveWindow=3 pendingData=3 globalLimit=16 neighborOK=0 nodeOK=1 -> NO
[HOP 5] CanSendToHop dest=1 outstanding=3 threshold=2 effectiveWindow=3 pendingData=3 globalLimit=16 neighborOK=0 nodeOK=1 -> NO
[HOP 5] CanSendToHop dest=1 outstanding=3 threshold=2 effectiveWindow=3 pendingData=3 globalLimit=16 neighborOK=0 nodeOK=1 -> NO
[HOP 5] CanSendToHop dest=1 outstanding=3 threshold=2 effectiveWindow=3 pendingData=3 globalLimit=16 neighborOK=0 nodeOK=1 -> NO
[MAC 1] PickTxSlot(dest=5) active_nodes_for_slotting=3 opnet_slot_range=31
[MAC 1] PickTxSlot(dest=5) avoid:
[MAC 1] PickTxSlot chose 1 using historical next_tslot modulo probe
[MAC 1] TX opportunity reached currentSlot=1 reserveNextSlot=1
... type=1 speedKey=128[t=1.48096] TX from node 1 to dest 5 seq 7 size 41 bytes segments 1 at slot 1 rate 128 kbps txPower 33 dBm (133333 bps) preamble SHORT duration 0.02208 s
[MAC 1] ACK transmitted in aggregate dest=5 seq=7 txCount=2/5
[MAC 1] OPNET aggregate transmitted segments=1 ackSegments=1 dataSegments=0 bytes=41 rate=128
[MAC 5] rtslot_counter expired for neighbor 1 reserveSlot=1
[MAC 1] resumes Pre-Tx with live slot=1 counter=1
[MAC 5] Learned neighbor 1 uses slot 1 (rtCounter=1)
[HOP 5] RX ACK from 1 seq=7
[NWK 5] CheckNwkQueue: size=20
[HOP 5] CanSendToHop dest=1 outstanding=3 threshold=2 effectiveWindow=3 pendingData=3 globalLimit=16 neighborOK=0 nodeOK=1 -> NO
[HOP 5] CanSendToHop dest=1 outstanding=3 threshold=2 effectiveWindow=3 pendingData=3 globalLimit=16 neighborOK=0 nodeOK=1 -> NO
[HOP 5] CanSendToHop dest=1 outstanding=3 threshold=2 effectiveWindow=3 pendingData=3 globalLimit=16 neighborOK=0 nodeOK=1 -> NO
[HOP 5] CanSendToHop dest=1 outstanding=3 threshold=2 effectiveWindow=3 pendingData=3 globalLimit=16 neighborOK=0 nodeOK=1 -> NO
[HOP 5] CanSendToHop dest=1 outstanding=3 threshold=2 effectiveWindow=3 pendingData=3 globalLimit=16 neighborOK=0 nodeOK=1 -> NO
[HOP 5] CanSendToHop dest=1 outstanding=3 threshold=2 effectiveWindow=3 pendingData=3 globalLimit=16 neighborOK=0 nodeOK=1 -> NO
[HOP 5] CanSendToHop dest=1 outstanding=3 threshold=2 effectiveWindow=3 pendingData=3 globalLimit=16 neighborOK=0 nodeOK=1 -> NO
[HOP 5] CanSendToHop dest=1 outstanding=3 threshold=2 effectiveWindow=3 pendingData=3 globalLimit=16 neighborOK=0 nodeOK=1 -> NO
[HOP 5] CanSendToHop dest=1 outstanding=3 threshold=2 effectiveWindow=3 pendingData=3 globalLimit=16 neighborOK=0 nodeOK=1 -> NO
[HOP 5] CanSendToHop dest=1 outstanding=3 threshold=2 effectiveWindow=3 pendingData=3 globalLimit=16 neighborOK=0 nodeOK=1 -> NO
[HOP 5] CanSendToHop dest=1 outstanding=3 threshold=2 effectiveWindow=3 pendingData=3 globalLimit=16 neighborOK=0 nodeOK=1 -> NO
[HOP 5] CanSendToHop dest=1 outstanding=3 threshold=2 effectiveWindow=3 pendingData=3 globalLimit=16 neighborOK=0 nodeOK=1 -> NO
[HOP 5] CanSendToHop dest=1 outstanding=3 threshold=2 effectiveWindow=3 pendingData=3 globalLimit=16 neighborOK=0 nodeOK=1 -> NO
[HOP 5] CanSendToHop dest=1 outstanding=3 threshold=2 effectiveWindow=3 pendingData=3 globalLimit=16 neighborOK=0 nodeOK=1 -> NO
[HOP 5] CanSendToHop dest=1 outstanding=3 threshold=2 effectiveWindow=3 pendingData=3 globalLimit=16 neighborOK=0 nodeOK=1 -> NO
[HOP 5] CanSendToHop dest=1 outstanding=3 threshold=2 effectiveWindow=3 pendingData=3 globalLimit=16 neighborOK=0 nodeOK=1 -> NO
[HOP 5] CanSendToHop dest=1 outstanding=3 threshold=2 effectiveWindow=3 pendingData=3 globalLimit=16 neighborOK=0 nodeOK=1 -> NO
[HOP 5] CanSendToHop dest=1 outstanding=3 threshold=2 effectiveWindow=3 pendingData=3 globalLimit=16 neighborOK=0 nodeOK=1 -> NO
[HOP 5] CanSendToHop dest=1 outstanding=3 threshold=2 effectiveWindow=3 pendingData=3 globalLimit=16 neighborOK=0 nodeOK=1 -> NO
[HOP 5] CanSendToHop dest=1 outstanding=3 threshold=2 effectiveWindow=3 pendingData=3 globalLimit=16 neighborOK=0 nodeOK=1 -> NO
[MAC 1] PickTxSlot(dest=5) active_nodes_for_slotting=3 opnet_slot_range=31
[MAC 1] PickTxSlot(dest=5) avoid:
[MAC 1] PickTxSlot chose 1 using historical next_tslot modulo probe
[MAC 1] TX opportunity reached currentSlot=1 reserveNextSlot=1
... type=1 speedKey=128[t=1.51996] TX from node 1 to dest 5 seq 7 size 41 bytes segments 1 at slot 1 rate 128 kbps txPower 33 dBm (133333 bps) preamble SHORT duration 0.02208 s
[MAC 1] ACK transmitted in aggregate dest=5 seq=7 txCount=3/5
[MAC 1] OPNET aggregate transmitted segments=1 ackSegments=1 dataSegments=0 bytes=41 rate=128
[MAC 4] PickTxSlot(dest=5) active_nodes_for_slotting=3 opnet_slot_range=31
[MAC 4] avoiding neighbor 5 currentReservedSlot=3 rtslot_counter=3
[MAC 4] PickTxSlot(dest=5) avoid: 3
[MAC 4] PickTxSlot chose 4 using historical next_tslot modulo probe
[MAC 4] TX opportunity reached currentSlot=7 reserveNextSlot=4
... type=0 speedKey=128[t=1.521] TX from node 4 to dest 5 seq 11 size 192 bytes segments 4 at slot 4 rate 128 kbps txPower 33 dBm (133333 bps) preamble SHORT duration 0.03114 s
[HOP 4] MAC sent confirmation dest=5 seq=11 transmission=1 sentAt=1.521
[HOP 4] MAC sent confirmation dest=5 seq=12 transmission=1 sentAt=1.521
[HOP 4] MAC sent confirmation dest=5 seq=13 transmission=1 sentAt=1.521
[HOP 4] MAC sent confirmation dest=5 seq=14 transmission=1 sentAt=1.521
[MAC 4] OPNET aggregate transmitted segments=4 ackSegments=0 dataSegments=4 bytes=192 rate=128
[MAC 5] rtslot_counter expired for neighbor 1 reserveSlot=1
[MAC 1] resumes Pre-Tx with live slot=1 counter=1
[MAC 5] Learned neighbor 1 uses slot 1 (rtCounter=1)
[HOP 5] RX ACK from 1 seq=7
[NWK 5] CheckNwkQueue: size=20
[HOP 5] CanSendToHop dest=1 outstanding=3 threshold=2 effectiveWindow=3 pendingData=3 globalLimit=16 neighborOK=0 nodeOK=1 -> NO
[HOP 5] CanSendToHop dest=1 outstanding=3 threshold=2 effectiveWindow=3 pendingData=3 globalLimit=16 neighborOK=0 nodeOK=1 -> NO
[HOP 5] CanSendToHop dest=1 outstanding=3 threshold=2 effectiveWindow=3 pendingData=3 globalLimit=16 neighborOK=0 nodeOK=1 -> NO
[HOP 5] CanSendToHop dest=1 outstanding=3 threshold=2 effectiveWindow=3 pendingData=3 globalLimit=16 neighborOK=0 nodeOK=1 -> NO
[HOP 5] CanSendToHop dest=1 outstanding=3 threshold=2 effectiveWindow=3 pendingData=3 globalLimit=16 neighborOK=0 nodeOK=1 -> NO
[HOP 5] CanSendToHop dest=1 outstanding=3 threshold=2 effectiveWindow=3 pendingData=3 globalLimit=16 neighborOK=0 nodeOK=1 -> NO
[HOP 5] CanSendToHop dest=1 outstanding=3 threshold=2 effectiveWindow=3 pendingData=3 globalLimit=16 neighborOK=0 nodeOK=1 -> NO
[HOP 5] CanSendToHop dest=1 outstanding=3 threshold=2 effectiveWindow=3 pendingData=3 globalLimit=16 neighborOK=0 nodeOK=1 -> NO
[HOP 5] CanSendToHop dest=1 outstanding=3 threshold=2 effectiveWindow=3 pendingData=3 globalLimit=16 neighborOK=0 nodeOK=1 -> NO
[HOP 5] CanSendToHop dest=1 outstanding=3 threshold=2 effectiveWindow=3 pendingData=3 globalLimit=16 neighborOK=0 nodeOK=1 -> NO
[HOP 5] CanSendToHop dest=1 outstanding=3 threshold=2 effectiveWindow=3 pendingData=3 globalLimit=16 neighborOK=0 nodeOK=1 -> NO
[HOP 5] CanSendToHop dest=1 outstanding=3 threshold=2 effectiveWindow=3 pendingData=3 globalLimit=16 neighborOK=0 nodeOK=1 -> NO
[HOP 5] CanSendToHop dest=1 outstanding=3 threshold=2 effectiveWindow=3 pendingData=3 globalLimit=16 neighborOK=0 nodeOK=1 -> NO
[HOP 5] CanSendToHop dest=1 outstanding=3 threshold=2 effectiveWindow=3 pendingData=3 globalLimit=16 neighborOK=0 nodeOK=1 -> NO
[HOP 5] CanSendToHop dest=1 outstanding=3 threshold=2 effectiveWindow=3 pendingData=3 globalLimit=16 neighborOK=0 nodeOK=1 -> NO
[HOP 5] CanSendToHop dest=1 outstanding=3 threshold=2 effectiveWindow=3 pendingData=3 globalLimit=16 neighborOK=0 nodeOK=1 -> NO
[HOP 5] CanSendToHop dest=1 outstanding=3 threshold=2 effectiveWindow=3 pendingData=3 globalLimit=16 neighborOK=0 nodeOK=1 -> NO
[HOP 5] CanSendToHop dest=1 outstanding=3 threshold=2 effectiveWindow=3 pendingData=3 globalLimit=16 neighborOK=0 nodeOK=1 -> NO
[HOP 5] CanSendToHop dest=1 outstanding=3 threshold=2 effectiveWindow=3 pendingData=3 globalLimit=16 neighborOK=0 nodeOK=1 -> NO
[HOP 5] CanSendToHop dest=1 outstanding=3 threshold=2 effectiveWindow=3 pendingData=3 globalLimit=16 neighborOK=0 nodeOK=1 -> NO
[MAC 4] post-TX WAIT_FOR_ACK until 21.5521 (POST_TX_WAIT=20 s)
[MAC 5] Learned neighbor 4 uses slot 4 (rtCounter=4)
[HOP 5] link_control dest=4 neighborKnown=1 s0=-109 pathloss=70 failures=0 speed=128 txPower=33 rxPower=-109 cost=116
[NWK 5] Updated reverse path netSrc=4 reverseHop=4
[MAC 5] Update cumulative ACK queue entry dest=4 baseSeq=11 txCount=0
[HOP 5] link_control dest=4 neighborKnown=1 s0=-109 pathloss=70 failures=0 speed=128 txPower=33 rxPower=-109 cost=116
[NWK 5] Updated reverse path netSrc=4 reverseHop=4
[MAC 5] Update cumulative ACK queue entry dest=4 baseSeq=12 txCount=0
[HOP 5] link_control dest=4 neighborKnown=1 s0=-109 pathloss=70 failures=0 speed=128 txPower=33 rxPower=-109 cost=116
[NWK 5] Updated reverse path netSrc=4 reverseHop=4
[MAC 5] Update cumulative ACK queue entry dest=4 baseSeq=13 txCount=0
[HOP 5] link_control dest=4 neighborKnown=1 s0=-109 pathloss=70 failures=0 speed=128 txPower=33 rxPower=-109 cost=116
[NWK 5] Updated reverse path netSrc=4 reverseHop=4
[MAC 5] Update cumulative ACK queue entry dest=4 baseSeq=14 txCount=0
[NWK 5] CheckNwkQueue: size=24
[HOP 5] CanSendToHop dest=1 outstanding=3 threshold=2 effectiveWindow=3 pendingData=3 globalLimit=16 neighborOK=0 nodeOK=1 -> NO
[HOP 5] CanSendToHop dest=1 outstanding=3 threshold=2 effectiveWindow=3 pendingData=3 globalLimit=16 neighborOK=0 nodeOK=1 -> NO
[HOP 5] CanSendToHop dest=1 outstanding=3 threshold=2 effectiveWindow=3 pendingData=3 globalLimit=16 neighborOK=0 nodeOK=1 -> NO
[HOP 5] CanSendToHop dest=1 outstanding=3 threshold=2 effectiveWindow=3 pendingData=3 globalLimit=16 neighborOK=0 nodeOK=1 -> NO
[HOP 5] CanSendToHop dest=1 outstanding=3 threshold=2 effectiveWindow=3 pendingData=3 globalLimit=16 neighborOK=0 nodeOK=1 -> NO
[HOP 5] CanSendToHop dest=1 outstanding=3 threshold=2 effectiveWindow=3 pendingData=3 globalLimit=16 neighborOK=0 nodeOK=1 -> NO
[HOP 5] CanSendToHop dest=1 outstanding=3 threshold=2 effectiveWindow=3 pendingData=3 globalLimit=16 neighborOK=0 nodeOK=1 -> NO
[HOP 5] CanSendToHop dest=1 outstanding=3 threshold=2 effectiveWindow=3 pendingData=3 globalLimit=16 neighborOK=0 nodeOK=1 -> NO
[HOP 5] CanSendToHop dest=1 outstanding=3 threshold=2 effectiveWindow=3 pendingData=3 globalLimit=16 neighborOK=0 nodeOK=1 -> NO
[HOP 5] CanSendToHop dest=1 outstanding=3 threshold=2 effectiveWindow=3 pendingData=3 globalLimit=16 neighborOK=0 nodeOK=1 -> NO
[HOP 5] CanSendToHop dest=1 outstanding=3 threshold=2 effectiveWindow=3 pendingData=3 globalLimit=16 neighborOK=0 nodeOK=1 -> NO
[HOP 5] CanSendToHop dest=1 outstanding=3 threshold=2 effectiveWindow=3 pendingData=3 globalLimit=16 neighborOK=0 nodeOK=1 -> NO
[HOP 5] CanSendToHop dest=1 outstanding=3 threshold=2 effectiveWindow=3 pendingData=3 globalLimit=16 neighborOK=0 nodeOK=1 -> NO
[HOP 5] CanSendToHop dest=1 outstanding=3 threshold=2 effectiveWindow=3 pendingData=3 globalLimit=16 neighborOK=0 nodeOK=1 -> NO
[HOP 5] CanSendToHop dest=1 outstanding=3 threshold=2 effectiveWindow=3 pendingData=3 globalLimit=16 neighborOK=0 nodeOK=1 -> NO
[HOP 5] CanSendToHop dest=1 outstanding=3 threshold=2 effectiveWindow=3 pendingData=3 globalLimit=16 neighborOK=0 nodeOK=1 -> NO
[HOP 5] CanSendToHop dest=1 outstanding=3 threshold=2 effectiveWindow=3 pendingData=3 globalLimit=16 neighborOK=0 nodeOK=1 -> NO
[HOP 5] CanSendToHop dest=1 outstanding=3 threshold=2 effectiveWindow=3 pendingData=3 globalLimit=16 neighborOK=0 nodeOK=1 -> NO
[HOP 5] CanSendToHop dest=1 outstanding=3 threshold=2 effectiveWindow=3 pendingData=3 globalLimit=16 neighborOK=0 nodeOK=1 -> NO
[HOP 5] CanSendToHop dest=1 outstanding=3 threshold=2 effectiveWindow=3 pendingData=3 globalLimit=16 neighborOK=0 nodeOK=1 -> NO
[HOP 5] CanSendToHop dest=1 outstanding=3 threshold=2 effectiveWindow=3 pendingData=3 globalLimit=16 neighborOK=0 nodeOK=1 -> NO
[HOP 5] CanSendToHop dest=1 outstanding=3 threshold=2 effectiveWindow=3 pendingData=3 globalLimit=16 neighborOK=0 nodeOK=1 -> NO
[HOP 5] CanSendToHop dest=1 outstanding=3 threshold=2 effectiveWindow=3 pendingData=3 globalLimit=16 neighborOK=0 nodeOK=1 -> NO
[HOP 5] CanSendToHop dest=1 outstanding=3 threshold=2 effectiveWindow=3 pendingData=3 globalLimit=16 neighborOK=0 nodeOK=1 -> NO
[MAC 1] PickTxSlot(dest=5) active_nodes_for_slotting=3 opnet_slot_range=31
[MAC 1] PickTxSlot(dest=5) avoid:
[MAC 1] PickTxSlot chose 1 using historical next_tslot modulo probe
[MAC 1] TX opportunity reached currentSlot=1 reserveNextSlot=1
... type=1 speedKey=128[t=1.55896] TX from node 1 to dest 5 seq 7 size 41 bytes segments 1 at slot 1 rate 128 kbps txPower 33 dBm (133333 bps) preamble SHORT duration 0.02208 s
[MAC 1] ACK transmitted in aggregate dest=5 seq=7 txCount=4/5
[MAC 1] OPNET aggregate transmitted segments=1 ackSegments=1 dataSegments=0 bytes=41 rate=128
[MAC 5] rtslot_counter expired for neighbor 1 reserveSlot=1
[MAC 5] PickTxSlot(dest=4) active_nodes_for_slotting=3 opnet_slot_range=31
[MAC 5] avoiding neighbor 4 currentReservedSlot=2 rtslot_counter=2
[MAC 5] PickTxSlot(dest=4) avoid: 2
[MAC 5] PickTxSlot chose 1 using historical next_tslot modulo probe
[MAC 5] TX opportunity reached currentSlot=9 reserveNextSlot=1
... type=1 speedKey=128[t=1.573] TX from node 5 to dest 4 seq 14 size 185 bytes segments 4 at slot 1 rate 128 kbps txPower 33 dBm (133333 bps) preamble SHORT duration 0.03072 s
[HOP 5] MAC sent confirmation dest=1 seq=8 transmission=1 sentAt=1.573
[HOP 5] MAC sent confirmation dest=1 seq=9 transmission=1 sentAt=1.573
[HOP 5] MAC sent confirmation dest=1 seq=10 transmission=1 sentAt=1.573
[MAC 5] ACK transmitted in aggregate dest=4 seq=14 txCount=1/5
[MAC 5] OPNET aggregate transmitted segments=4 ackSegments=1 dataSegments=3 bytes=185 rate=128
[MAC 1] resumes Pre-Tx with live slot=1 counter=1
[MAC 5] Learned neighbor 1 uses slot 1 (rtCounter=1)
[HOP 5] RX ACK from 1 seq=7
[NWK 5] CheckNwkQueue: size=24
[HOP 5] CanSendToHop dest=1 outstanding=3 threshold=2 effectiveWindow=3 pendingData=3 globalLimit=16 neighborOK=0 nodeOK=1 -> NO
[HOP 5] CanSendToHop dest=1 outstanding=3 threshold=2 effectiveWindow=3 pendingData=3 globalLimit=16 neighborOK=0 nodeOK=1 -> NO
[HOP 5] CanSendToHop dest=1 outstanding=3 threshold=2 effectiveWindow=3 pendingData=3 globalLimit=16 neighborOK=0 nodeOK=1 -> NO
[HOP 5] CanSendToHop dest=1 outstanding=3 threshold=2 effectiveWindow=3 pendingData=3 globalLimit=16 neighborOK=0 nodeOK=1 -> NO
[HOP 5] CanSendToHop dest=1 outstanding=3 threshold=2 effectiveWindow=3 pendingData=3 globalLimit=16 neighborOK=0 nodeOK=1 -> NO
[HOP 5] CanSendToHop dest=1 outstanding=3 threshold=2 effectiveWindow=3 pendingData=3 globalLimit=16 neighborOK=0 nodeOK=1 -> NO
[HOP 5] CanSendToHop dest=1 outstanding=3 threshold=2 effectiveWindow=3 pendingData=3 globalLimit=16 neighborOK=0 nodeOK=1 -> NO
[HOP 5] CanSendToHop dest=1 outstanding=3 threshold=2 effectiveWindow=3 pendingData=3 globalLimit=16 neighborOK=0 nodeOK=1 -> NO
[HOP 5] CanSendToHop dest=1 outstanding=3 threshold=2 effectiveWindow=3 pendingData=3 globalLimit=16 neighborOK=0 nodeOK=1 -> NO
[HOP 5] CanSendToHop dest=1 outstanding=3 threshold=2 effectiveWindow=3 pendingData=3 globalLimit=16 neighborOK=0 nodeOK=1 -> NO
[HOP 5] CanSendToHop dest=1 outstanding=3 threshold=2 effectiveWindow=3 pendingData=3 globalLimit=16 neighborOK=0 nodeOK=1 -> NO
[HOP 5] CanSendToHop dest=1 outstanding=3 threshold=2 effectiveWindow=3 pendingData=3 globalLimit=16 neighborOK=0 nodeOK=1 -> NO
[HOP 5] CanSendToHop dest=1 outstanding=3 threshold=2 effectiveWindow=3 pendingData=3 globalLimit=16 neighborOK=0 nodeOK=1 -> NO
[HOP 5] CanSendToHop dest=1 outstanding=3 threshold=2 effectiveWindow=3 pendingData=3 globalLimit=16 neighborOK=0 nodeOK=1 -> NO
[HOP 5] CanSendToHop dest=1 outstanding=3 threshold=2 effectiveWindow=3 pendingData=3 globalLimit=16 neighborOK=0 nodeOK=1 -> NO
[HOP 5] CanSendToHop dest=1 outstanding=3 threshold=2 effectiveWindow=3 pendingData=3 globalLimit=16 neighborOK=0 nodeOK=1 -> NO
[HOP 5] CanSendToHop dest=1 outstanding=3 threshold=2 effectiveWindow=3 pendingData=3 globalLimit=16 neighborOK=0 nodeOK=1 -> NO
[HOP 5] CanSendToHop dest=1 outstanding=3 threshold=2 effectiveWindow=3 pendingData=3 globalLimit=16 neighborOK=0 nodeOK=1 -> NO
[HOP 5] CanSendToHop dest=1 outstanding=3 threshold=2 effectiveWindow=3 pendingData=3 globalLimit=16 neighborOK=0 nodeOK=1 -> NO
[HOP 5] CanSendToHop dest=1 outstanding=3 threshold=2 effectiveWindow=3 pendingData=3 globalLimit=16 neighborOK=0 nodeOK=1 -> NO
[HOP 5] CanSendToHop dest=1 outstanding=3 threshold=2 effectiveWindow=3 pendingData=3 globalLimit=16 neighborOK=0 nodeOK=1 -> NO
[HOP 5] CanSendToHop dest=1 outstanding=3 threshold=2 effectiveWindow=3 pendingData=3 globalLimit=16 neighborOK=0 nodeOK=1 -> NO
[HOP 5] CanSendToHop dest=1 outstanding=3 threshold=2 effectiveWindow=3 pendingData=3 globalLimit=16 neighborOK=0 nodeOK=1 -> NO
[HOP 5] CanSendToHop dest=1 outstanding=3 threshold=2 effectiveWindow=3 pendingData=3 globalLimit=16 neighborOK=0 nodeOK=1 -> NO
[MAC 1] PickTxSlot(dest=5) active_nodes_for_slotting=3 opnet_slot_range=31
[MAC 1] PickTxSlot(dest=5) avoid:
[MAC 1] PickTxSlot chose 1 using historical next_tslot modulo probe
[MAC 1] TX opportunity reached currentSlot=1 reserveNextSlot=1
... type=1 speedKey=128[t=1.59796] TX from node 1 to dest 5 seq 7 size 41 bytes segments 1 at slot 1 rate 128 kbps txPower 33 dBm (133333 bps) preamble SHORT duration 0.02208 s
[MAC 1] ACK transmitted in aggregate dest=5 seq=7 txCount=5/5
[MAC 1] Remove ACK after OPNET resend limit dest=5 seq=7
[MAC 1] OPNET aggregate transmitted segments=1 ackSegments=1 dataSegments=0 bytes=41 rate=128
[MAC 4] rtslot_counter expired for neighbor 5 reserveSlot=9
[MAC 5] resumes Pre-Tx with live slot=1 counter=1
[MAC 4] Learned neighbor 5 uses slot 1 (rtCounter=1)
[HOP 4] RX ACK from 5 seq=14
[HOP 4] Pending DATA decrement reason=ACK neighbor=5 pending=3
[NWK 4] NSDP(4->1) decremented to 9
[NWK 4] HOP completion released NSDP slot; awaiting HOP queue wake flow=4->1
[HOP 4] Pending DATA decrement reason=ACK neighbor=5 pending=2
[HOP 4] Adaptive flow threshold increased neighbor=5 old=3 new=4 effectiveWindow=5
[NWK 4] NSDP(4->1) decremented to 8
[NWK 4] HOP completion released NSDP slot; awaiting HOP queue wake flow=4->1
[HOP 4] Pending DATA decrement reason=ACK neighbor=5 pending=1
[NWK 4] NSDP(4->1) decremented to 7
[NWK 4] HOP completion released NSDP slot; awaiting HOP queue wake flow=4->1
[HOP 4] Pending DATA decrement reason=ACK neighbor=5 pending=0
[NWK 4] NSDP(4->1) decremented to 6
[NWK 4] HOP completion released NSDP slot; awaiting HOP queue wake flow=4->1
[MAC 1] Learned neighbor 5 uses slot 1 (rtCounter=1)
[HOP 1] link_control dest=5 neighborKnown=1 s0=-109 pathloss=70 failures=0 speed=128 txPower=33 rxPower=-109 cost=116
[MAC 1] Enqueue ACK dest=5 seq=8 window=1 ack_queue_size=1
[NWK 1] Updated reverse path netSrc=5 reverseHop=5
[HOP 1] link_control dest=5 neighborKnown=1 s0=-109 pathloss=70 failures=0 speed=128 txPower=33 rxPower=-109 cost=116
[MAC 1] Update cumulative ACK queue entry dest=5 baseSeq=9 txCount=0
[NWK 1] Updated reverse path netSrc=5 reverseHop=5
[HOP 1] link_control dest=5 neighborKnown=1 s0=-109 pathloss=70 failures=0 speed=128 txPower=33 rxPower=-109 cost=116
[MAC 1] Update cumulative ACK queue entry dest=5 baseSeq=10 txCount=0
[NWK 1] Updated reverse path netSrc=5 reverseHop=5
[NWK 4] CheckNwkQueue: size=6
[HOP 4] CanSendToHop dest=5 outstanding=0 threshold=4 effectiveWindow=5 pendingData=0 globalLimit=16 neighborOK=1 nodeOK=1 -> YES
[HOP 4] link_control dest=5 neighborKnown=1 s0=-109 pathloss=70 failures=0 speed=128 txPower=33 rxPower=-109 cost=116
[HOP 4] Pending DATA increment dest=5 pending=1
[HOP 4] TX historical-bare DATA neighbor=5 hopSeq=15
[MAC] Enqueue TX pkt dscp=0 insert_pos=0 queue_size_before=0
[HOP 4] CanSendToHop dest=5 outstanding=1 threshold=4 effectiveWindow=5 pendingData=1 globalLimit=16 neighborOK=1 nodeOK=1 -> YES
[HOP 4] link_control dest=5 neighborKnown=1 s0=-109 pathloss=70 failures=0 speed=128 txPower=33 rxPower=-109 cost=116
[HOP 4] Pending DATA increment dest=5 pending=2
[HOP 4] TX historical-bare DATA neighbor=5 hopSeq=16
[MAC] Enqueue TX pkt dscp=0 insert_pos=1 queue_size_before=1
[HOP 4] CanSendToHop dest=5 outstanding=2 threshold=4 effectiveWindow=5 pendingData=2 globalLimit=16 neighborOK=1 nodeOK=1 -> YES
[HOP 4] link_control dest=5 neighborKnown=1 s0=-109 pathloss=70 failures=0 speed=128 txPower=33 rxPower=-109 cost=116
[HOP 4] Pending DATA increment dest=5 pending=3
[HOP 4] TX historical-bare DATA neighbor=5 hopSeq=17
[MAC] Enqueue TX pkt dscp=0 insert_pos=2 queue_size_before=2
[HOP 4] CanSendToHop dest=5 outstanding=3 threshold=4 effectiveWindow=5 pendingData=3 globalLimit=16 neighborOK=1 nodeOK=1 -> YES
[HOP 4] link_control dest=5 neighborKnown=1 s0=-109 pathloss=70 failures=0 speed=128 txPower=33 rxPower=-109 cost=116
[HOP 4] Pending DATA increment dest=5 pending=4
[HOP 4] TX historical-bare DATA neighbor=5 hopSeq=18
[MAC] Enqueue TX pkt dscp=0 insert_pos=3 queue_size_before=3
[HOP 4] CanSendToHop dest=5 outstanding=4 threshold=4 effectiveWindow=5 pendingData=4 globalLimit=16 neighborOK=1 nodeOK=1 -> YES
[HOP 4] link_control dest=5 neighborKnown=1 s0=-109 pathloss=70 failures=0 speed=128 txPower=33 rxPower=-109 cost=116
[HOP 4] Pending DATA increment dest=5 pending=5
[HOP 4] TX historical-bare DATA neighbor=5 hopSeq=19
[MAC] Enqueue TX pkt dscp=0 insert_pos=4 queue_size_before=4
[HOP 4] CanSendToHop dest=5 outstanding=5 threshold=4 effectiveWindow=5 pendingData=5 globalLimit=16 neighborOK=0 nodeOK=1 -> NO
[MAC 4] local advertised reservation expired
[MAC 4] PickTxSlot(dest=5) active_nodes_for_slotting=3 opnet_slot_range=31
[MAC 4] avoiding neighbor 5 currentReservedSlot=0 rtslot_counter=0
[MAC 4] PickTxSlot(dest=5) avoid:
[MAC 4] PickTxSlot chose 7 using historical next_tslot modulo probe
[MAC 4] starts Pre-Tx with new slot=7 holdoff_over=1
[MAC 1] resumes Pre-Tx with live slot=1 counter=1
[MAC 5] Learned neighbor 1 uses slot 1 (rtCounter=1)
[HOP 5] RX ACK from 1 seq=7
[NWK 5] CheckNwkQueue: size=24
[HOP 5] CanSendToHop dest=1 outstanding=3 threshold=2 effectiveWindow=3 pendingData=3 globalLimit=16 neighborOK=0 nodeOK=1 -> NO
[HOP 5] CanSendToHop dest=1 outstanding=3 threshold=2 effectiveWindow=3 pendingData=3 globalLimit=16 neighborOK=0 nodeOK=1 -> NO
[HOP 5] CanSendToHop dest=1 outstanding=3 threshold=2 effectiveWindow=3 pendingData=3 globalLimit=16 neighborOK=0 nodeOK=1 -> NO
[HOP 5] CanSendToHop dest=1 outstanding=3 threshold=2 effectiveWindow=3 pendingData=3 globalLimit=16 neighborOK=0 nodeOK=1 -> NO
[HOP 5] CanSendToHop dest=1 outstanding=3 threshold=2 effectiveWindow=3 pendingData=3 globalLimit=16 neighborOK=0 nodeOK=1 -> NO
[HOP 5] CanSendToHop dest=1 outstanding=3 threshold=2 effectiveWindow=3 pendingData=3 globalLimit=16 neighborOK=0 nodeOK=1 -> NO
[HOP 5] CanSendToHop dest=1 outstanding=3 threshold=2 effectiveWindow=3 pendingData=3 globalLimit=16 neighborOK=0 nodeOK=1 -> NO
[HOP 5] CanSendToHop dest=1 outstanding=3 threshold=2 effectiveWindow=3 pendingData=3 globalLimit=16 neighborOK=0 nodeOK=1 -> NO
[HOP 5] CanSendToHop dest=1 outstanding=3 threshold=2 effectiveWindow=3 pendingData=3 globalLimit=16 neighborOK=0 nodeOK=1 -> NO
[HOP 5] CanSendToHop dest=1 outstanding=3 threshold=2 effectiveWindow=3 pendingData=3 globalLimit=16 neighborOK=0 nodeOK=1 -> NO
[HOP 5] CanSendToHop dest=1 outstanding=3 threshold=2 effectiveWindow=3 pendingData=3 globalLimit=16 neighborOK=0 nodeOK=1 -> NO
[HOP 5] CanSendToHop dest=1 outstanding=3 threshold=2 effectiveWindow=3 pendingData=3 globalLimit=16 neighborOK=0 nodeOK=1 -> NO
[HOP 5] CanSendToHop dest=1 outstanding=3 threshold=2 effectiveWindow=3 pendingData=3 globalLimit=16 neighborOK=0 nodeOK=1 -> NO
[HOP 5] CanSendToHop dest=1 outstanding=3 threshold=2 effectiveWindow=3 pendingData=3 globalLimit=16 neighborOK=0 nodeOK=1 -> NO
[HOP 5] CanSendToHop dest=1 outstanding=3 threshold=2 effectiveWindow=3 pendingData=3 globalLimit=16 neighborOK=0 nodeOK=1 -> NO
[HOP 5] CanSendToHop dest=1 outstanding=3 threshold=2 effectiveWindow=3 pendingData=3 globalLimit=16 neighborOK=0 nodeOK=1 -> NO
[HOP 5] CanSendToHop dest=1 outstanding=3 threshold=2 effectiveWindow=3 pendingData=3 globalLimit=16 neighborOK=0 nodeOK=1 -> NO
[HOP 5] CanSendToHop dest=1 outstanding=3 threshold=2 effectiveWindow=3 pendingData=3 globalLimit=16 neighborOK=0 nodeOK=1 -> NO
[HOP 5] CanSendToHop dest=1 outstanding=3 threshold=2 effectiveWindow=3 pendingData=3 globalLimit=16 neighborOK=0 nodeOK=1 -> NO
[HOP 5] CanSendToHop dest=1 outstanding=3 threshold=2 effectiveWindow=3 pendingData=3 globalLimit=16 neighborOK=0 nodeOK=1 -> NO
[HOP 5] CanSendToHop dest=1 outstanding=3 threshold=2 effectiveWindow=3 pendingData=3 globalLimit=16 neighborOK=0 nodeOK=1 -> NO
[HOP 5] CanSendToHop dest=1 outstanding=3 threshold=2 effectiveWindow=3 pendingData=3 globalLimit=16 neighborOK=0 nodeOK=1 -> NO
[HOP 5] CanSendToHop dest=1 outstanding=3 threshold=2 effectiveWindow=3 pendingData=3 globalLimit=16 neighborOK=0 nodeOK=1 -> NO
[HOP 5] CanSendToHop dest=1 outstanding=3 threshold=2 effectiveWindow=3 pendingData=3 globalLimit=16 neighborOK=0 nodeOK=1 -> NO
[MAC 4] rtslot_counter expired for neighbor 5 reserveSlot=1
[MAC 5] PickTxSlot(dest=4) active_nodes_for_slotting=3 opnet_slot_range=31
[MAC 5] avoiding neighbor 1 currentReservedSlot=0 rtslot_counter=0
[MAC 5] avoiding neighbor 4 currentReservedSlot=0 rtslot_counter=0
[MAC 5] PickTxSlot(dest=4) avoid:
[MAC 5] PickTxSlot chose 9 using historical next_tslot modulo probe
[MAC 5] TX opportunity reached currentSlot=1 reserveNextSlot=9
... type=1 speedKey=128[t=1.625] TX from node 5 to dest 4 seq 14 size 41 bytes segments 1 at slot 9 rate 128 kbps txPower 33 dBm (133333 bps) preamble SHORT duration 0.02208 s
[MAC 5] ACK transmitted in aggregate dest=4 seq=14 txCount=2/5
[MAC 5] OPNET aggregate transmitted segments=1 ackSegments=1 dataSegments=0 bytes=41 rate=128
[MAC 1] rtslot_counter expired for neighbor 5 reserveSlot=1
[MAC 1] PickTxSlot(dest=5) active_nodes_for_slotting=3 opnet_slot_range=31
[MAC 1] PickTxSlot(dest=5) avoid:
[MAC 1] PickTxSlot chose 1 using historical next_tslot modulo probe
[MAC 1] TX opportunity reached currentSlot=1 reserveNextSlot=1
... type=1 speedKey=128[t=1.63696] TX from node 1 to dest 5 seq 10 size 41 bytes segments 1 at slot 1 rate 128 kbps txPower 33 dBm (133333 bps) preamble SHORT duration 0.02208 s
[MAC 1] ACK transmitted in aggregate dest=5 seq=10 txCount=1/5
[MAC 1] OPNET aggregate transmitted segments=1 ackSegments=1 dataSegments=0 bytes=41 rate=128
[MAC 5] resumes Pre-Tx with live slot=9 counter=9
[MAC 4] Learned neighbor 5 uses slot 9 (rtCounter=9)
[HOP 4] RX ACK from 5 seq=14
[NWK 4] CheckNwkQueue: size=1
[HOP 4] CanSendToHop dest=5 outstanding=5 threshold=4 effectiveWindow=5 pendingData=5 globalLimit=16 neighborOK=0 nodeOK=1 -> NO
[MAC 5] rtslot_counter expired for neighbor 1 reserveSlot=1
[MAC 5] rtslot_counter expired for neighbor 4 reserveSlot=4
[MAC 1] resumes Pre-Tx with live slot=1 counter=1
[MAC 5] Learned neighbor 1 uses slot 1 (rtCounter=1)
[HOP 5] RX ACK from 1 seq=10
[HOP 5] Pending DATA decrement reason=ACK neighbor=1 pending=2
[NWK 5] NSDP(5->1) decremented to 12
[NWK 5] HOP completion released NSDP slot; awaiting HOP queue wake flow=5->1
[HOP 5] Pending DATA decrement reason=ACK neighbor=1 pending=1
[HOP 5] Adaptive flow threshold increased neighbor=1 old=2 new=3 effectiveWindow=4
[NWK 5] NSDP(5->1) decremented to 11
[NWK 5] HOP completion released NSDP slot; awaiting HOP queue wake flow=5->1
[HOP 5] Pending DATA decrement reason=ACK neighbor=1 pending=0
[NWK 5] NSDP(5->1) decremented to 10
[NWK 5] HOP completion released NSDP slot; awaiting HOP queue wake flow=5->1
[NWK 5] CheckNwkQueue: size=24
[HOP 5] CanSendToHop dest=1 outstanding=0 threshold=3 effectiveWindow=4 pendingData=0 globalLimit=16 neighborOK=1 nodeOK=1 -> YES
[HOP 5] link_control dest=1 neighborKnown=1 s0=-109 pathloss=70 failures=0 speed=128 txPower=33 rxPower=-109 cost=116
[HOP 5] Pending DATA increment dest=1 pending=1
[HOP 5] TX historical-bare DATA neighbor=1 hopSeq=11
[MAC] Enqueue TX pkt dscp=0 insert_pos=0 queue_size_before=0
[HOP 5] CanSendToHop dest=1 outstanding=1 threshold=3 effectiveWindow=4 pendingData=1 globalLimit=16 neighborOK=1 nodeOK=1 -> YES
[HOP 5] link_control dest=1 neighborKnown=1 s0=-109 pathloss=70 failures=0 speed=128 txPower=33 rxPower=-109 cost=116
[HOP 5] Pending DATA increment dest=1 pending=2
[HOP 5] TX historical-bare DATA neighbor=1 hopSeq=12
[MAC] Enqueue TX pkt dscp=0 insert_pos=1 queue_size_before=1
[HOP 5] CanSendToHop dest=1 outstanding=2 threshold=3 effectiveWindow=4 pendingData=2 globalLimit=16 neighborOK=1 nodeOK=1 -> YES
[HOP 5] link_control dest=1 neighborKnown=1 s0=-109 pathloss=70 failures=0 speed=128 txPower=33 rxPower=-109 cost=116
[HOP 5] Pending DATA increment dest=1 pending=3
[HOP 5] TX historical-bare DATA neighbor=1 hopSeq=13
[MAC] Enqueue TX pkt dscp=0 insert_pos=2 queue_size_before=2
[HOP 5] CanSendToHop dest=1 outstanding=3 threshold=3 effectiveWindow=4 pendingData=3 globalLimit=16 neighborOK=1 nodeOK=1 -> YES
[HOP 5] link_control dest=1 neighborKnown=1 s0=-109 pathloss=70 failures=0 speed=128 txPower=33 rxPower=-109 cost=116
[HOP 5] Pending DATA increment dest=1 pending=4
[HOP 5] TX historical-bare DATA neighbor=1 hopSeq=14
[MAC] Enqueue TX pkt dscp=0 insert_pos=3 queue_size_before=3
[HOP 5] CanSendToHop dest=1 outstanding=4 threshold=3 effectiveWindow=4 pendingData=4 globalLimit=16 neighborOK=0 nodeOK=1 -> NO
[HOP 5] CanSendToHop dest=1 outstanding=4 threshold=3 effectiveWindow=4 pendingData=4 globalLimit=16 neighborOK=0 nodeOK=1 -> NO
[HOP 5] CanSendToHop dest=1 outstanding=4 threshold=3 effectiveWindow=4 pendingData=4 globalLimit=16 neighborOK=0 nodeOK=1 -> NO
[HOP 5] CanSendToHop dest=1 outstanding=4 threshold=3 effectiveWindow=4 pendingData=4 globalLimit=16 neighborOK=0 nodeOK=1 -> NO
[HOP 5] CanSendToHop dest=1 outstanding=4 threshold=3 effectiveWindow=4 pendingData=4 globalLimit=16 neighborOK=0 nodeOK=1 -> NO
[HOP 5] CanSendToHop dest=1 outstanding=4 threshold=3 effectiveWindow=4 pendingData=4 globalLimit=16 neighborOK=0 nodeOK=1 -> NO
[HOP 5] CanSendToHop dest=1 outstanding=4 threshold=3 effectiveWindow=4 pendingData=4 globalLimit=16 neighborOK=0 nodeOK=1 -> NO
[HOP 5] CanSendToHop dest=1 outstanding=4 threshold=3 effectiveWindow=4 pendingData=4 globalLimit=16 neighborOK=0 nodeOK=1 -> NO
[HOP 5] CanSendToHop dest=1 outstanding=4 threshold=3 effectiveWindow=4 pendingData=4 globalLimit=16 neighborOK=0 nodeOK=1 -> NO
[HOP 5] CanSendToHop dest=1 outstanding=4 threshold=3 effectiveWindow=4 pendingData=4 globalLimit=16 neighborOK=0 nodeOK=1 -> NO
[HOP 5] CanSendToHop dest=1 outstanding=4 threshold=3 effectiveWindow=4 pendingData=4 globalLimit=16 neighborOK=0 nodeOK=1 -> NO
[HOP 5] CanSendToHop dest=1 outstanding=4 threshold=3 effectiveWindow=4 pendingData=4 globalLimit=16 neighborOK=0 nodeOK=1 -> NO
[HOP 5] CanSendToHop dest=1 outstanding=4 threshold=3 effectiveWindow=4 pendingData=4 globalLimit=16 neighborOK=0 nodeOK=1 -> NO
[HOP 5] CanSendToHop dest=1 outstanding=4 threshold=3 effectiveWindow=4 pendingData=4 globalLimit=16 neighborOK=0 nodeOK=1 -> NO
[HOP 5] CanSendToHop dest=1 outstanding=4 threshold=3 effectiveWindow=4 pendingData=4 globalLimit=16 neighborOK=0 nodeOK=1 -> NO
[HOP 5] CanSendToHop dest=1 outstanding=4 threshold=3 effectiveWindow=4 pendingData=4 globalLimit=16 neighborOK=0 nodeOK=1 -> NO
[HOP 5] CanSendToHop dest=1 outstanding=4 threshold=3 effectiveWindow=4 pendingData=4 globalLimit=16 neighborOK=0 nodeOK=1 -> NO
[HOP 5] CanSendToHop dest=1 outstanding=4 threshold=3 effectiveWindow=4 pendingData=4 globalLimit=16 neighborOK=0 nodeOK=1 -> NO
[HOP 5] CanSendToHop dest=1 outstanding=4 threshold=3 effectiveWindow=4 pendingData=4 globalLimit=16 neighborOK=0 nodeOK=1 -> NO
[HOP 5] CanSendToHop dest=1 outstanding=4 threshold=3 effectiveWindow=4 pendingData=4 globalLimit=16 neighborOK=0 nodeOK=1 -> NO
[MAC 1] PickTxSlot(dest=5) active_nodes_for_slotting=3 opnet_slot_range=31
[MAC 1] PickTxSlot(dest=5) avoid:
[MAC 1] PickTxSlot chose 1 using historical next_tslot modulo probe
[MAC 1] TX opportunity reached currentSlot=1 reserveNextSlot=1
... type=1 speedKey=128[t=1.67596] TX from node 1 to dest 5 seq 10 size 41 bytes segments 1 at slot 1 rate 128 kbps txPower 33 dBm (133333 bps) preamble SHORT duration 0.02208 s
[MAC 1] ACK transmitted in aggregate dest=5 seq=10 txCount=2/5
[MAC 1] OPNET aggregate transmitted segments=1 ackSegments=1 dataSegments=0 bytes=41 rate=128
[MAC 5] rtslot_counter expired for neighbor 1 reserveSlot=1
[MAC 1] resumes Pre-Tx with live slot=1 counter=1
[MAC 5] Learned neighbor 1 uses slot 1 (rtCounter=1)
[HOP 5] RX ACK from 1 seq=10
[NWK 5] CheckNwkQueue: size=20
[HOP 5] CanSendToHop dest=1 outstanding=4 threshold=3 effectiveWindow=4 pendingData=4 globalLimit=16 neighborOK=0 nodeOK=1 -> NO
[HOP 5] CanSendToHop dest=1 outstanding=4 threshold=3 effectiveWindow=4 pendingData=4 globalLimit=16 neighborOK=0 nodeOK=1 -> NO
[HOP 5] CanSendToHop dest=1 outstanding=4 threshold=3 effectiveWindow=4 pendingData=4 globalLimit=16 neighborOK=0 nodeOK=1 -> NO
[HOP 5] CanSendToHop dest=1 outstanding=4 threshold=3 effectiveWindow=4 pendingData=4 globalLimit=16 neighborOK=0 nodeOK=1 -> NO
[HOP 5] CanSendToHop dest=1 outstanding=4 threshold=3 effectiveWindow=4 pendingData=4 globalLimit=16 neighborOK=0 nodeOK=1 -> NO
[HOP 5] CanSendToHop dest=1 outstanding=4 threshold=3 effectiveWindow=4 pendingData=4 globalLimit=16 neighborOK=0 nodeOK=1 -> NO
[HOP 5] CanSendToHop dest=1 outstanding=4 threshold=3 effectiveWindow=4 pendingData=4 globalLimit=16 neighborOK=0 nodeOK=1 -> NO
[HOP 5] CanSendToHop dest=1 outstanding=4 threshold=3 effectiveWindow=4 pendingData=4 globalLimit=16 neighborOK=0 nodeOK=1 -> NO
[HOP 5] CanSendToHop dest=1 outstanding=4 threshold=3 effectiveWindow=4 pendingData=4 globalLimit=16 neighborOK=0 nodeOK=1 -> NO
[HOP 5] CanSendToHop dest=1 outstanding=4 threshold=3 effectiveWindow=4 pendingData=4 globalLimit=16 neighborOK=0 nodeOK=1 -> NO
[HOP 5] CanSendToHop dest=1 outstanding=4 threshold=3 effectiveWindow=4 pendingData=4 globalLimit=16 neighborOK=0 nodeOK=1 -> NO
[HOP 5] CanSendToHop dest=1 outstanding=4 threshold=3 effectiveWindow=4 pendingData=4 globalLimit=16 neighborOK=0 nodeOK=1 -> NO
[HOP 5] CanSendToHop dest=1 outstanding=4 threshold=3 effectiveWindow=4 pendingData=4 globalLimit=16 neighborOK=0 nodeOK=1 -> NO
[HOP 5] CanSendToHop dest=1 outstanding=4 threshold=3 effectiveWindow=4 pendingData=4 globalLimit=16 neighborOK=0 nodeOK=1 -> NO
[HOP 5] CanSendToHop dest=1 outstanding=4 threshold=3 effectiveWindow=4 pendingData=4 globalLimit=16 neighborOK=0 nodeOK=1 -> NO
[HOP 5] CanSendToHop dest=1 outstanding=4 threshold=3 effectiveWindow=4 pendingData=4 globalLimit=16 neighborOK=0 nodeOK=1 -> NO
[HOP 5] CanSendToHop dest=1 outstanding=4 threshold=3 effectiveWindow=4 pendingData=4 globalLimit=16 neighborOK=0 nodeOK=1 -> NO
[HOP 5] CanSendToHop dest=1 outstanding=4 threshold=3 effectiveWindow=4 pendingData=4 globalLimit=16 neighborOK=0 nodeOK=1 -> NO
[HOP 5] CanSendToHop dest=1 outstanding=4 threshold=3 effectiveWindow=4 pendingData=4 globalLimit=16 neighborOK=0 nodeOK=1 -> NO
[HOP 5] CanSendToHop dest=1 outstanding=4 threshold=3 effectiveWindow=4 pendingData=4 globalLimit=16 neighborOK=0 nodeOK=1 -> NO
[MAC 1] PickTxSlot(dest=5) active_nodes_for_slotting=3 opnet_slot_range=31
[MAC 1] PickTxSlot(dest=5) avoid:
[MAC 1] PickTxSlot chose 1 using historical next_tslot modulo probe
[MAC 1] TX opportunity reached currentSlot=1 reserveNextSlot=1
... type=1 speedKey=128[t=1.71496] TX from node 1 to dest 5 seq 10 size 41 bytes segments 1 at slot 1 rate 128 kbps txPower 33 dBm (133333 bps) preamble SHORT duration 0.02208 s
[MAC 1] ACK transmitted in aggregate dest=5 seq=10 txCount=3/5
[MAC 1] OPNET aggregate transmitted segments=1 ackSegments=1 dataSegments=0 bytes=41 rate=128
[MAC 4] PickTxSlot(dest=5) active_nodes_for_slotting=3 opnet_slot_range=31
[MAC 4] avoiding neighbor 5 currentReservedSlot=3 rtslot_counter=3
[MAC 4] PickTxSlot(dest=5) avoid: 3
[MAC 4] PickTxSlot chose 4 using historical next_tslot modulo probe
[MAC 4] TX opportunity reached currentSlot=7 reserveNextSlot=4
... type=0 speedKey=128[t=1.716] TX from node 4 to dest 5 seq 15 size 240 bytes segments 5 at slot 4 rate 128 kbps txPower 33 dBm (133333 bps) preamble SHORT duration 0.03402 s
[HOP 4] MAC sent confirmation dest=5 seq=15 transmission=1 sentAt=1.716
[HOP 4] MAC sent confirmation dest=5 seq=16 transmission=1 sentAt=1.716
[HOP 4] MAC sent confirmation dest=5 seq=17 transmission=1 sentAt=1.716
[HOP 4] MAC sent confirmation dest=5 seq=18 transmission=1 sentAt=1.716
[HOP 4] MAC sent confirmation dest=5 seq=19 transmission=1 sentAt=1.716
[MAC 4] OPNET aggregate transmitted segments=5 ackSegments=0 dataSegments=5 bytes=240 rate=128
[MAC 5] rtslot_counter expired for neighbor 1 reserveSlot=1
[MAC 1] resumes Pre-Tx with live slot=1 counter=1
[MAC 5] Learned neighbor 1 uses slot 1 (rtCounter=1)
[HOP 5] RX ACK from 1 seq=10
[NWK 5] CheckNwkQueue: size=20
[HOP 5] CanSendToHop dest=1 outstanding=4 threshold=3 effectiveWindow=4 pendingData=4 globalLimit=16 neighborOK=0 nodeOK=1 -> NO
[HOP 5] CanSendToHop dest=1 outstanding=4 threshold=3 effectiveWindow=4 pendingData=4 globalLimit=16 neighborOK=0 nodeOK=1 -> NO
[HOP 5] CanSendToHop dest=1 outstanding=4 threshold=3 effectiveWindow=4 pendingData=4 globalLimit=16 neighborOK=0 nodeOK=1 -> NO
[HOP 5] CanSendToHop dest=1 outstanding=4 threshold=3 effectiveWindow=4 pendingData=4 globalLimit=16 neighborOK=0 nodeOK=1 -> NO
[HOP 5] CanSendToHop dest=1 outstanding=4 threshold=3 effectiveWindow=4 pendingData=4 globalLimit=16 neighborOK=0 nodeOK=1 -> NO
[HOP 5] CanSendToHop dest=1 outstanding=4 threshold=3 effectiveWindow=4 pendingData=4 globalLimit=16 neighborOK=0 nodeOK=1 -> NO
[HOP 5] CanSendToHop dest=1 outstanding=4 threshold=3 effectiveWindow=4 pendingData=4 globalLimit=16 neighborOK=0 nodeOK=1 -> NO
[HOP 5] CanSendToHop dest=1 outstanding=4 threshold=3 effectiveWindow=4 pendingData=4 globalLimit=16 neighborOK=0 nodeOK=1 -> NO
[HOP 5] CanSendToHop dest=1 outstanding=4 threshold=3 effectiveWindow=4 pendingData=4 globalLimit=16 neighborOK=0 nodeOK=1 -> NO
[HOP 5] CanSendToHop dest=1 outstanding=4 threshold=3 effectiveWindow=4 pendingData=4 globalLimit=16 neighborOK=0 nodeOK=1 -> NO
[HOP 5] CanSendToHop dest=1 outstanding=4 threshold=3 effectiveWindow=4 pendingData=4 globalLimit=16 neighborOK=0 nodeOK=1 -> NO
[HOP 5] CanSendToHop dest=1 outstanding=4 threshold=3 effectiveWindow=4 pendingData=4 globalLimit=16 neighborOK=0 nodeOK=1 -> NO
[HOP 5] CanSendToHop dest=1 outstanding=4 threshold=3 effectiveWindow=4 pendingData=4 globalLimit=16 neighborOK=0 nodeOK=1 -> NO
[HOP 5] CanSendToHop dest=1 outstanding=4 threshold=3 effectiveWindow=4 pendingData=4 globalLimit=16 neighborOK=0 nodeOK=1 -> NO
[HOP 5] CanSendToHop dest=1 outstanding=4 threshold=3 effectiveWindow=4 pendingData=4 globalLimit=16 neighborOK=0 nodeOK=1 -> NO
[HOP 5] CanSendToHop dest=1 outstanding=4 threshold=3 effectiveWindow=4 pendingData=4 globalLimit=16 neighborOK=0 nodeOK=1 -> NO
[HOP 5] CanSendToHop dest=1 outstanding=4 threshold=3 effectiveWindow=4 pendingData=4 globalLimit=16 neighborOK=0 nodeOK=1 -> NO
[HOP 5] CanSendToHop dest=1 outstanding=4 threshold=3 effectiveWindow=4 pendingData=4 globalLimit=16 neighborOK=0 nodeOK=1 -> NO
[HOP 5] CanSendToHop dest=1 outstanding=4 threshold=3 effectiveWindow=4 pendingData=4 globalLimit=16 neighborOK=0 nodeOK=1 -> NO
[HOP 5] CanSendToHop dest=1 outstanding=4 threshold=3 effectiveWindow=4 pendingData=4 globalLimit=16 neighborOK=0 nodeOK=1 -> NO
[MAC 4] post-TX WAIT_FOR_ACK until 21.75 (POST_TX_WAIT=20 s)
[MAC 5] Learned neighbor 4 uses slot 4 (rtCounter=4)
[HOP 5] link_control dest=4 neighborKnown=1 s0=-109 pathloss=70 failures=0 speed=128 txPower=33 rxPower=-109 cost=116
[NWK 5] Updated reverse path netSrc=4 reverseHop=4
[MAC 5] Update cumulative ACK queue entry dest=4 baseSeq=15 txCount=0
[HOP 5] link_control dest=4 neighborKnown=1 s0=-109 pathloss=70 failures=0 speed=128 txPower=33 rxPower=-109 cost=116
[NWK 5] Updated reverse path netSrc=4 reverseHop=4
[MAC 5] Update cumulative ACK queue entry dest=4 baseSeq=16 txCount=0
[HOP 5] link_control dest=4 neighborKnown=1 s0=-109 pathloss=70 failures=0 speed=128 txPower=33 rxPower=-109 cost=116
[NWK 5] Updated reverse path netSrc=4 reverseHop=4
[MAC 5] Update cumulative ACK queue entry dest=4 baseSeq=17 txCount=0
[HOP 5] link_control dest=4 neighborKnown=1 s0=-109 pathloss=70 failures=0 speed=128 txPower=33 rxPower=-109 cost=116
[NWK 5] Updated reverse path netSrc=4 reverseHop=4
[MAC 5] Update cumulative ACK queue entry dest=4 baseSeq=18 txCount=0
[HOP 5] link_control dest=4 neighborKnown=1 s0=-109 pathloss=70 failures=0 speed=128 txPower=33 rxPower=-109 cost=116
[NWK 5] Updated reverse path netSrc=4 reverseHop=4
[MAC 5] Update cumulative ACK queue entry dest=4 baseSeq=19 txCount=0
[NWK 5] CheckNwkQueue: size=25
[HOP 5] CanSendToHop dest=1 outstanding=4 threshold=3 effectiveWindow=4 pendingData=4 globalLimit=16 neighborOK=0 nodeOK=1 -> NO
[HOP 5] CanSendToHop dest=1 outstanding=4 threshold=3 effectiveWindow=4 pendingData=4 globalLimit=16 neighborOK=0 nodeOK=1 -> NO
[HOP 5] CanSendToHop dest=1 outstanding=4 threshold=3 effectiveWindow=4 pendingData=4 globalLimit=16 neighborOK=0 nodeOK=1 -> NO
[HOP 5] CanSendToHop dest=1 outstanding=4 threshold=3 effectiveWindow=4 pendingData=4 globalLimit=16 neighborOK=0 nodeOK=1 -> NO
[HOP 5] CanSendToHop dest=1 outstanding=4 threshold=3 effectiveWindow=4 pendingData=4 globalLimit=16 neighborOK=0 nodeOK=1 -> NO
[HOP 5] CanSendToHop dest=1 outstanding=4 threshold=3 effectiveWindow=4 pendingData=4 globalLimit=16 neighborOK=0 nodeOK=1 -> NO
[HOP 5] CanSendToHop dest=1 outstanding=4 threshold=3 effectiveWindow=4 pendingData=4 globalLimit=16 neighborOK=0 nodeOK=1 -> NO
[HOP 5] CanSendToHop dest=1 outstanding=4 threshold=3 effectiveWindow=4 pendingData=4 globalLimit=16 neighborOK=0 nodeOK=1 -> NO
[HOP 5] CanSendToHop dest=1 outstanding=4 threshold=3 effectiveWindow=4 pendingData=4 globalLimit=16 neighborOK=0 nodeOK=1 -> NO
[HOP 5] CanSendToHop dest=1 outstanding=4 threshold=3 effectiveWindow=4 pendingData=4 globalLimit=16 neighborOK=0 nodeOK=1 -> NO
[HOP 5] CanSendToHop dest=1 outstanding=4 threshold=3 effectiveWindow=4 pendingData=4 globalLimit=16 neighborOK=0 nodeOK=1 -> NO
[HOP 5] CanSendToHop dest=1 outstanding=4 threshold=3 effectiveWindow=4 pendingData=4 globalLimit=16 neighborOK=0 nodeOK=1 -> NO
[HOP 5] CanSendToHop dest=1 outstanding=4 threshold=3 effectiveWindow=4 pendingData=4 globalLimit=16 neighborOK=0 nodeOK=1 -> NO
[HOP 5] CanSendToHop dest=1 outstanding=4 threshold=3 effectiveWindow=4 pendingData=4 globalLimit=16 neighborOK=0 nodeOK=1 -> NO
[HOP 5] CanSendToHop dest=1 outstanding=4 threshold=3 effectiveWindow=4 pendingData=4 globalLimit=16 neighborOK=0 nodeOK=1 -> NO
[HOP 5] CanSendToHop dest=1 outstanding=4 threshold=3 effectiveWindow=4 pendingData=4 globalLimit=16 neighborOK=0 nodeOK=1 -> NO
[HOP 5] CanSendToHop dest=1 outstanding=4 threshold=3 effectiveWindow=4 pendingData=4 globalLimit=16 neighborOK=0 nodeOK=1 -> NO
[HOP 5] CanSendToHop dest=1 outstanding=4 threshold=3 effectiveWindow=4 pendingData=4 globalLimit=16 neighborOK=0 nodeOK=1 -> NO
[HOP 5] CanSendToHop dest=1 outstanding=4 threshold=3 effectiveWindow=4 pendingData=4 globalLimit=16 neighborOK=0 nodeOK=1 -> NO
[HOP 5] CanSendToHop dest=1 outstanding=4 threshold=3 effectiveWindow=4 pendingData=4 globalLimit=16 neighborOK=0 nodeOK=1 -> NO
[HOP 5] CanSendToHop dest=1 outstanding=4 threshold=3 effectiveWindow=4 pendingData=4 globalLimit=16 neighborOK=0 nodeOK=1 -> NO
[HOP 5] CanSendToHop dest=1 outstanding=4 threshold=3 effectiveWindow=4 pendingData=4 globalLimit=16 neighborOK=0 nodeOK=1 -> NO
[HOP 5] CanSendToHop dest=1 outstanding=4 threshold=3 effectiveWindow=4 pendingData=4 globalLimit=16 neighborOK=0 nodeOK=1 -> NO
[HOP 5] CanSendToHop dest=1 outstanding=4 threshold=3 effectiveWindow=4 pendingData=4 globalLimit=16 neighborOK=0 nodeOK=1 -> NO
[HOP 5] CanSendToHop dest=1 outstanding=4 threshold=3 effectiveWindow=4 pendingData=4 globalLimit=16 neighborOK=0 nodeOK=1 -> NO
[MAC 1] PickTxSlot(dest=5) active_nodes_for_slotting=3 opnet_slot_range=31
[MAC 1] PickTxSlot(dest=5) avoid:
[MAC 1] PickTxSlot chose 1 using historical next_tslot modulo probe
[MAC 1] TX opportunity reached currentSlot=1 reserveNextSlot=1
... type=1 speedKey=128[t=1.75396] TX from node 1 to dest 5 seq 10 size 41 bytes segments 1 at slot 1 rate 128 kbps txPower 33 dBm (133333 bps) preamble SHORT duration 0.02208 s
[MAC 1] ACK transmitted in aggregate dest=5 seq=10 txCount=4/5
[MAC 1] OPNET aggregate transmitted segments=1 ackSegments=1 dataSegments=0 bytes=41 rate=128
[MAC 5] rtslot_counter expired for neighbor 1 reserveSlot=1
[MAC 5] PickTxSlot(dest=4) active_nodes_for_slotting=3 opnet_slot_range=31
[MAC 5] avoiding neighbor 4 currentReservedSlot=2 rtslot_counter=2
[MAC 5] PickTxSlot(dest=4) avoid: 2
[MAC 5] PickTxSlot chose 1 using historical next_tslot modulo probe
[MAC 5] TX opportunity reached currentSlot=9 reserveNextSlot=1
... type=1 speedKey=128[t=1.768] TX from node 5 to dest 4 seq 19 size 233 bytes segments 5 at slot 1 rate 128 kbps txPower 33 dBm (133333 bps) preamble SHORT duration 0.0336 s
[HOP 5] MAC sent confirmation dest=1 seq=11 transmission=1 sentAt=1.768
[HOP 5] MAC sent confirmation dest=1 seq=12 transmission=1 sentAt=1.768
[HOP 5] MAC sent confirmation dest=1 seq=13 transmission=1 sentAt=1.768
[HOP 5] MAC sent confirmation dest=1 seq=14 transmission=1 sentAt=1.768
[MAC 5] ACK transmitted in aggregate dest=4 seq=19 txCount=1/5
[MAC 5] OPNET aggregate transmitted segments=5 ackSegments=1 dataSegments=4 bytes=233 rate=128
[MAC 1] resumes Pre-Tx with live slot=1 counter=1
[MAC 5] Learned neighbor 1 uses slot 1 (rtCounter=1)
[HOP 5] RX ACK from 1 seq=10
[NWK 5] CheckNwkQueue: size=25
[HOP 5] CanSendToHop dest=1 outstanding=4 threshold=3 effectiveWindow=4 pendingData=4 globalLimit=16 neighborOK=0 nodeOK=1 -> NO
[HOP 5] CanSendToHop dest=1 outstanding=4 threshold=3 effectiveWindow=4 pendingData=4 globalLimit=16 neighborOK=0 nodeOK=1 -> NO
[HOP 5] CanSendToHop dest=1 outstanding=4 threshold=3 effectiveWindow=4 pendingData=4 globalLimit=16 neighborOK=0 nodeOK=1 -> NO
[HOP 5] CanSendToHop dest=1 outstanding=4 threshold=3 effectiveWindow=4 pendingData=4 globalLimit=16 neighborOK=0 nodeOK=1 -> NO
[HOP 5] CanSendToHop dest=1 outstanding=4 threshold=3 effectiveWindow=4 pendingData=4 globalLimit=16 neighborOK=0 nodeOK=1 -> NO
[HOP 5] CanSendToHop dest=1 outstanding=4 threshold=3 effectiveWindow=4 pendingData=4 globalLimit=16 neighborOK=0 nodeOK=1 -> NO
[HOP 5] CanSendToHop dest=1 outstanding=4 threshold=3 effectiveWindow=4 pendingData=4 globalLimit=16 neighborOK=0 nodeOK=1 -> NO
[HOP 5] CanSendToHop dest=1 outstanding=4 threshold=3 effectiveWindow=4 pendingData=4 globalLimit=16 neighborOK=0 nodeOK=1 -> NO
[HOP 5] CanSendToHop dest=1 outstanding=4 threshold=3 effectiveWindow=4 pendingData=4 globalLimit=16 neighborOK=0 nodeOK=1 -> NO
[HOP 5] CanSendToHop dest=1 outstanding=4 threshold=3 effectiveWindow=4 pendingData=4 globalLimit=16 neighborOK=0 nodeOK=1 -> NO
[HOP 5] CanSendToHop dest=1 outstanding=4 threshold=3 effectiveWindow=4 pendingData=4 globalLimit=16 neighborOK=0 nodeOK=1 -> NO
[HOP 5] CanSendToHop dest=1 outstanding=4 threshold=3 effectiveWindow=4 pendingData=4 globalLimit=16 neighborOK=0 nodeOK=1 -> NO
[HOP 5] CanSendToHop dest=1 outstanding=4 threshold=3 effectiveWindow=4 pendingData=4 globalLimit=16 neighborOK=0 nodeOK=1 -> NO
[HOP 5] CanSendToHop dest=1 outstanding=4 threshold=3 effectiveWindow=4 pendingData=4 globalLimit=16 neighborOK=0 nodeOK=1 -> NO
[HOP 5] CanSendToHop dest=1 outstanding=4 threshold=3 effectiveWindow=4 pendingData=4 globalLimit=16 neighborOK=0 nodeOK=1 -> NO
[HOP 5] CanSendToHop dest=1 outstanding=4 threshold=3 effectiveWindow=4 pendingData=4 globalLimit=16 neighborOK=0 nodeOK=1 -> NO
[HOP 5] CanSendToHop dest=1 outstanding=4 threshold=3 effectiveWindow=4 pendingData=4 globalLimit=16 neighborOK=0 nodeOK=1 -> NO
[HOP 5] CanSendToHop dest=1 outstanding=4 threshold=3 effectiveWindow=4 pendingData=4 globalLimit=16 neighborOK=0 nodeOK=1 -> NO
[HOP 5] CanSendToHop dest=1 outstanding=4 threshold=3 effectiveWindow=4 pendingData=4 globalLimit=16 neighborOK=0 nodeOK=1 -> NO
[HOP 5] CanSendToHop dest=1 outstanding=4 threshold=3 effectiveWindow=4 pendingData=4 globalLimit=16 neighborOK=0 nodeOK=1 -> NO
[HOP 5] CanSendToHop dest=1 outstanding=4 threshold=3 effectiveWindow=4 pendingData=4 globalLimit=16 neighborOK=0 nodeOK=1 -> NO
[HOP 5] CanSendToHop dest=1 outstanding=4 threshold=3 effectiveWindow=4 pendingData=4 globalLimit=16 neighborOK=0 nodeOK=1 -> NO
[HOP 5] CanSendToHop dest=1 outstanding=4 threshold=3 effectiveWindow=4 pendingData=4 globalLimit=16 neighborOK=0 nodeOK=1 -> NO
[HOP 5] CanSendToHop dest=1 outstanding=4 threshold=3 effectiveWindow=4 pendingData=4 globalLimit=16 neighborOK=0 nodeOK=1 -> NO
[HOP 5] CanSendToHop dest=1 outstanding=4 threshold=3 effectiveWindow=4 pendingData=4 globalLimit=16 neighborOK=0 nodeOK=1 -> NO
[MAC 1] PickTxSlot(dest=5) active_nodes_for_slotting=3 opnet_slot_range=31
[MAC 1] PickTxSlot(dest=5) avoid:
[MAC 1] PickTxSlot chose 1 using historical next_tslot modulo probe
[MAC 1] TX opportunity reached currentSlot=1 reserveNextSlot=1
... type=1 speedKey=128[t=1.79296] TX from node 1 to dest 5 seq 10 size 41 bytes segments 1 at slot 1 rate 128 kbps txPower 33 dBm (133333 bps) preamble SHORT duration 0.02208 s
[MAC 1] ACK transmitted in aggregate dest=5 seq=10 txCount=5/5
[MAC 1] Remove ACK after OPNET resend limit dest=5 seq=10
[MAC 1] OPNET aggregate transmitted segments=1 ackSegments=1 dataSegments=0 bytes=41 rate=128
[MAC 4] rtslot_counter expired for neighbor 5 reserveSlot=9
[MAC 5] resumes Pre-Tx with live slot=1 counter=1
[MAC 4] Learned neighbor 5 uses slot 1 (rtCounter=1)
[HOP 4] RX DACK from 5 seq=19
[NWK 4] NSDP(4->1) decremented to 5
[NWK 4] HOP completion released NSDP slot; awaiting HOP queue wake flow=4->1
[HOP 4] DACK received neighbor=5 seq=19 resendCount=0 holdSec=20 NSDP=release-now hopFlow=hold
[NWK 4] NSDP(4->1) decremented to 4
[NWK 4] HOP completion released NSDP slot; awaiting HOP queue wake flow=4->1
[HOP 4] DACK received neighbor=5 seq=18 resendCount=0 holdSec=20 NSDP=release-now hopFlow=hold
[NWK 4] NSDP(4->1) decremented to 3
[NWK 4] HOP completion released NSDP slot; awaiting HOP queue wake flow=4->1
[HOP 4] DACK received neighbor=5 seq=17 resendCount=0 holdSec=20 NSDP=release-now hopFlow=hold
[HOP 4] Pending DATA decrement reason=ACK neighbor=5 pending=4
[NWK 4] NSDP(4->1) decremented to 2
[NWK 4] HOP completion released NSDP slot; awaiting HOP queue wake flow=4->1
[HOP 4] Pending DATA decrement reason=ACK neighbor=5 pending=3
[NWK 4] NSDP(4->1) decremented to 1
[NWK 4] HOP completion released NSDP slot; awaiting HOP queue wake flow=4->1
[MAC 1] Learned neighbor 5 uses slot 1 (rtCounter=1)
[HOP 1] link_control dest=5 neighborKnown=1 s0=-109 pathloss=70 failures=0 speed=128 txPower=33 rxPower=-109 cost=116
[MAC 1] Enqueue ACK dest=5 seq=11 window=1 ack_queue_size=1
[NWK 1] Updated reverse path netSrc=5 reverseHop=5
[HOP 1] link_control dest=5 neighborKnown=1 s0=-109 pathloss=70 failures=0 speed=128 txPower=33 rxPower=-109 cost=116
[MAC 1] Update cumulative ACK queue entry dest=5 baseSeq=12 txCount=0
[NWK 1] Updated reverse path netSrc=5 reverseHop=5
[HOP 1] link_control dest=5 neighborKnown=1 s0=-109 pathloss=70 failures=0 speed=128 txPower=33 rxPower=-109 cost=116
[MAC 1] Update cumulative ACK queue entry dest=5 baseSeq=13 txCount=0
[NWK 1] Updated reverse path netSrc=5 reverseHop=5
[HOP 1] link_control dest=5 neighborKnown=1 s0=-109 pathloss=70 failures=0 speed=128 txPower=33 rxPower=-109 cost=116
[MAC 1] Update cumulative ACK queue entry dest=5 baseSeq=14 txCount=0
[NWK 1] Updated reverse path netSrc=5 reverseHop=5
[NWK 4] CheckNwkQueue: size=1
[HOP 4] CanSendToHop dest=5 outstanding=3 threshold=4 effectiveWindow=5 pendingData=3 globalLimit=16 neighborOK=1 nodeOK=1 -> YES
[HOP 4] link_control dest=5 neighborKnown=1 s0=-109 pathloss=70 failures=0 speed=128 txPower=33 rxPower=-109 cost=116
[HOP 4] Pending DATA increment dest=5 pending=4
[HOP 4] TX historical-bare DATA neighbor=5 hopSeq=20
[MAC] Enqueue TX pkt dscp=0 insert_pos=0 queue_size_before=0
[MAC 4] local advertised reservation expired
[MAC 4] PickTxSlot(dest=5) active_nodes_for_slotting=3 opnet_slot_range=31
[MAC 4] avoiding neighbor 5 currentReservedSlot=0 rtslot_counter=0
[MAC 4] PickTxSlot(dest=5) avoid:
[MAC 4] PickTxSlot chose 7 using historical next_tslot modulo probe
[MAC 4] starts Pre-Tx with new slot=7 holdoff_over=1
[MAC 1] resumes Pre-Tx with live slot=1 counter=1
[MAC 5] Learned neighbor 1 uses slot 1 (rtCounter=1)
[HOP 5] RX ACK from 1 seq=10
[NWK 5] CheckNwkQueue: size=25
[HOP 5] CanSendToHop dest=1 outstanding=4 threshold=3 effectiveWindow=4 pendingData=4 globalLimit=16 neighborOK=0 nodeOK=1 -> NO
[HOP 5] CanSendToHop dest=1 outstanding=4 threshold=3 effectiveWindow=4 pendingData=4 globalLimit=16 neighborOK=0 nodeOK=1 -> NO
[HOP 5] CanSendToHop dest=1 outstanding=4 threshold=3 effectiveWindow=4 pendingData=4 globalLimit=16 neighborOK=0 nodeOK=1 -> NO
[HOP 5] CanSendToHop dest=1 outstanding=4 threshold=3 effectiveWindow=4 pendingData=4 globalLimit=16 neighborOK=0 nodeOK=1 -> NO
[HOP 5] CanSendToHop dest=1 outstanding=4 threshold=3 effectiveWindow=4 pendingData=4 globalLimit=16 neighborOK=0 nodeOK=1 -> NO
[HOP 5] CanSendToHop dest=1 outstanding=4 threshold=3 effectiveWindow=4 pendingData=4 globalLimit=16 neighborOK=0 nodeOK=1 -> NO
[HOP 5] CanSendToHop dest=1 outstanding=4 threshold=3 effectiveWindow=4 pendingData=4 globalLimit=16 neighborOK=0 nodeOK=1 -> NO
[HOP 5] CanSendToHop dest=1 outstanding=4 threshold=3 effectiveWindow=4 pendingData=4 globalLimit=16 neighborOK=0 nodeOK=1 -> NO
[HOP 5] CanSendToHop dest=1 outstanding=4 threshold=3 effectiveWindow=4 pendingData=4 globalLimit=16 neighborOK=0 nodeOK=1 -> NO
[HOP 5] CanSendToHop dest=1 outstanding=4 threshold=3 effectiveWindow=4 pendingData=4 globalLimit=16 neighborOK=0 nodeOK=1 -> NO
[HOP 5] CanSendToHop dest=1 outstanding=4 threshold=3 effectiveWindow=4 pendingData=4 globalLimit=16 neighborOK=0 nodeOK=1 -> NO
[HOP 5] CanSendToHop dest=1 outstanding=4 threshold=3 effectiveWindow=4 pendingData=4 globalLimit=16 neighborOK=0 nodeOK=1 -> NO
[HOP 5] CanSendToHop dest=1 outstanding=4 threshold=3 effectiveWindow=4 pendingData=4 globalLimit=16 neighborOK=0 nodeOK=1 -> NO
[HOP 5] CanSendToHop dest=1 outstanding=4 threshold=3 effectiveWindow=4 pendingData=4 globalLimit=16 neighborOK=0 nodeOK=1 -> NO
[HOP 5] CanSendToHop dest=1 outstanding=4 threshold=3 effectiveWindow=4 pendingData=4 globalLimit=16 neighborOK=0 nodeOK=1 -> NO
[HOP 5] CanSendToHop dest=1 outstanding=4 threshold=3 effectiveWindow=4 pendingData=4 globalLimit=16 neighborOK=0 nodeOK=1 -> NO
[HOP 5] CanSendToHop dest=1 outstanding=4 threshold=3 effectiveWindow=4 pendingData=4 globalLimit=16 neighborOK=0 nodeOK=1 -> NO
[HOP 5] CanSendToHop dest=1 outstanding=4 threshold=3 effectiveWindow=4 pendingData=4 globalLimit=16 neighborOK=0 nodeOK=1 -> NO
[HOP 5] CanSendToHop dest=1 outstanding=4 threshold=3 effectiveWindow=4 pendingData=4 globalLimit=16 neighborOK=0 nodeOK=1 -> NO
[HOP 5] CanSendToHop dest=1 outstanding=4 threshold=3 effectiveWindow=4 pendingData=4 globalLimit=16 neighborOK=0 nodeOK=1 -> NO
[HOP 5] CanSendToHop dest=1 outstanding=4 threshold=3 effectiveWindow=4 pendingData=4 globalLimit=16 neighborOK=0 nodeOK=1 -> NO
[HOP 5] CanSendToHop dest=1 outstanding=4 threshold=3 effectiveWindow=4 pendingData=4 globalLimit=16 neighborOK=0 nodeOK=1 -> NO
[HOP 5] CanSendToHop dest=1 outstanding=4 threshold=3 effectiveWindow=4 pendingData=4 globalLimit=16 neighborOK=0 nodeOK=1 -> NO
[HOP 5] CanSendToHop dest=1 outstanding=4 threshold=3 effectiveWindow=4 pendingData=4 globalLimit=16 neighborOK=0 nodeOK=1 -> NO
[HOP 5] CanSendToHop dest=1 outstanding=4 threshold=3 effectiveWindow=4 pendingData=4 globalLimit=16 neighborOK=0 nodeOK=1 -> NO
[MAC 4] rtslot_counter expired for neighbor 5 reserveSlot=1
[MAC 5] PickTxSlot(dest=4) active_nodes_for_slotting=3 opnet_slot_range=31
[MAC 5] avoiding neighbor 1 currentReservedSlot=0 rtslot_counter=0
[MAC 5] avoiding neighbor 4 currentReservedSlot=0 rtslot_counter=0
[MAC 5] PickTxSlot(dest=4) avoid:
[MAC 5] PickTxSlot chose 9 using historical next_tslot modulo probe
[MAC 5] TX opportunity reached currentSlot=1 reserveNextSlot=9
... type=1 speedKey=128[t=1.82] TX from node 5 to dest 4 seq 19 size 41 bytes segments 1 at slot 9 rate 128 kbps txPower 33 dBm (133333 bps) preamble SHORT duration 0.02208 s
[MAC 5] ACK transmitted in aggregate dest=4 seq=19 txCount=2/5
[MAC 5] OPNET aggregate transmitted segments=1 ackSegments=1 dataSegments=0 bytes=41 rate=128
[MAC 1] rtslot_counter expired for neighbor 5 reserveSlot=1
[MAC 1] PickTxSlot(dest=5) active_nodes_for_slotting=3 opnet_slot_range=31
[MAC 1] PickTxSlot(dest=5) avoid:
[MAC 1] PickTxSlot chose 1 using historical next_tslot modulo probe
[MAC 1] TX opportunity reached currentSlot=1 reserveNextSlot=1
... type=1 speedKey=128[t=1.83196] TX from node 1 to dest 5 seq 14 size 41 bytes segments 1 at slot 1 rate 128 kbps txPower 33 dBm (133333 bps) preamble SHORT duration 0.02208 s
[MAC 1] ACK transmitted in aggregate dest=5 seq=14 txCount=1/5
[MAC 1] OPNET aggregate transmitted segments=1 ackSegments=1 dataSegments=0 bytes=41 rate=128
[MAC 5] resumes Pre-Tx with live slot=9 counter=9
[MAC 4] Learned neighbor 5 uses slot 9 (rtCounter=9)
[HOP 4] RX DACK from 5 seq=19
[NWK 4] CheckNwkQueue: size=0
[MAC 5] rtslot_counter expired for neighbor 1 reserveSlot=1
[MAC 5] rtslot_counter expired for neighbor 4 reserveSlot=4
[MAC 1] resumes Pre-Tx with live slot=1 counter=1
[MAC 5] Learned neighbor 1 uses slot 1 (rtCounter=1)
[HOP 5] RX ACK from 1 seq=14
[HOP 5] Pending DATA decrement reason=ACK neighbor=1 pending=3
[NWK 5] NSDP(5->1) decremented to 9
[NWK 5] HOP completion released NSDP slot; awaiting HOP queue wake flow=5->1
[HOP 5] Pending DATA decrement reason=ACK neighbor=1 pending=2
[HOP 5] Adaptive flow threshold increased neighbor=1 old=3 new=4 effectiveWindow=5
[NWK 5] NSDP(5->1) decremented to 8
[NWK 5] HOP completion released NSDP slot; awaiting HOP queue wake flow=5->1
[HOP 5] Pending DATA decrement reason=ACK neighbor=1 pending=1
[NWK 5] NSDP(5->1) decremented to 7
[NWK 5] HOP completion released NSDP slot; awaiting HOP queue wake flow=5->1
[HOP 5] Pending DATA decrement reason=ACK neighbor=1 pending=0
[NWK 5] NSDP(5->1) decremented to 6
[NWK 5] HOP completion released NSDP slot; awaiting HOP queue wake flow=5->1
[NWK 5] CheckNwkQueue: size=25
[HOP 5] CanSendToHop dest=1 outstanding=0 threshold=4 effectiveWindow=5 pendingData=0 globalLimit=16 neighborOK=1 nodeOK=1 -> YES
[HOP 5] link_control dest=1 neighborKnown=1 s0=-109 pathloss=70 failures=0 speed=128 txPower=33 rxPower=-109 cost=116
[HOP 5] Pending DATA increment dest=1 pending=1
[HOP 5] TX historical-bare DATA neighbor=1 hopSeq=15
[MAC] Enqueue TX pkt dscp=0 insert_pos=0 queue_size_before=0
[HOP 5] CanSendToHop dest=1 outstanding=1 threshold=4 effectiveWindow=5 pendingData=1 globalLimit=16 neighborOK=1 nodeOK=1 -> YES
[HOP 5] link_control dest=1 neighborKnown=1 s0=-109 pathloss=70 failures=0 speed=128 txPower=33 rxPower=-109 cost=116
[HOP 5] Pending DATA increment dest=1 pending=2
[HOP 5] TX historical-bare DATA neighbor=1 hopSeq=16
[MAC] Enqueue TX pkt dscp=0 insert_pos=1 queue_size_before=1
[HOP 5] CanSendToHop dest=1 outstanding=2 threshold=4 effectiveWindow=5 pendingData=2 globalLimit=16 neighborOK=1 nodeOK=1 -> YES
[HOP 5] link_control dest=1 neighborKnown=1 s0=-109 pathloss=70 failures=0 speed=128 txPower=33 rxPower=-109 cost=116
[HOP 5] Pending DATA increment dest=1 pending=3
[HOP 5] TX historical-bare DATA neighbor=1 hopSeq=17
[MAC] Enqueue TX pkt dscp=0 insert_pos=2 queue_size_before=2
[HOP 5] CanSendToHop dest=1 outstanding=3 threshold=4 effectiveWindow=5 pendingData=3 globalLimit=16 neighborOK=1 nodeOK=1 -> YES
[HOP 5] link_control dest=1 neighborKnown=1 s0=-109 pathloss=70 failures=0 speed=128 txPower=33 rxPower=-109 cost=116
[HOP 5] Pending DATA increment dest=1 pending=4
[HOP 5] TX historical-bare DATA neighbor=1 hopSeq=18
[MAC] Enqueue TX pkt dscp=0 insert_pos=3 queue_size_before=3
[HOP 5] CanSendToHop dest=1 outstanding=4 threshold=4 effectiveWindow=5 pendingData=4 globalLimit=16 neighborOK=1 nodeOK=1 -> YES
[HOP 5] link_control dest=1 neighborKnown=1 s0=-109 pathloss=70 failures=0 speed=128 txPower=33 rxPower=-109 cost=116
[HOP 5] Pending DATA increment dest=1 pending=5
[HOP 5] TX historical-bare DATA neighbor=1 hopSeq=19
[MAC] Enqueue TX pkt dscp=0 insert_pos=4 queue_size_before=4
[HOP 5] CanSendToHop dest=1 outstanding=5 threshold=4 effectiveWindow=5 pendingData=5 globalLimit=16 neighborOK=0 nodeOK=1 -> NO
[HOP 5] CanSendToHop dest=1 outstanding=5 threshold=4 effectiveWindow=5 pendingData=5 globalLimit=16 neighborOK=0 nodeOK=1 -> NO
[HOP 5] CanSendToHop dest=1 outstanding=5 threshold=4 effectiveWindow=5 pendingData=5 globalLimit=16 neighborOK=0 nodeOK=1 -> NO
[HOP 5] CanSendToHop dest=1 outstanding=5 threshold=4 effectiveWindow=5 pendingData=5 globalLimit=16 neighborOK=0 nodeOK=1 -> NO
[HOP 5] CanSendToHop dest=1 outstanding=5 threshold=4 effectiveWindow=5 pendingData=5 globalLimit=16 neighborOK=0 nodeOK=1 -> NO
[HOP 5] CanSendToHop dest=1 outstanding=5 threshold=4 effectiveWindow=5 pendingData=5 globalLimit=16 neighborOK=0 nodeOK=1 -> NO
[HOP 5] CanSendToHop dest=1 outstanding=5 threshold=4 effectiveWindow=5 pendingData=5 globalLimit=16 neighborOK=0 nodeOK=1 -> NO
[HOP 5] CanSendToHop dest=1 outstanding=5 threshold=4 effectiveWindow=5 pendingData=5 globalLimit=16 neighborOK=0 nodeOK=1 -> NO
[HOP 5] CanSendToHop dest=1 outstanding=5 threshold=4 effectiveWindow=5 pendingData=5 globalLimit=16 neighborOK=0 nodeOK=1 -> NO
[HOP 5] CanSendToHop dest=1 outstanding=5 threshold=4 effectiveWindow=5 pendingData=5 globalLimit=16 neighborOK=0 nodeOK=1 -> NO
[HOP 5] CanSendToHop dest=1 outstanding=5 threshold=4 effectiveWindow=5 pendingData=5 globalLimit=16 neighborOK=0 nodeOK=1 -> NO
[HOP 5] CanSendToHop dest=1 outstanding=5 threshold=4 effectiveWindow=5 pendingData=5 globalLimit=16 neighborOK=0 nodeOK=1 -> NO
[HOP 5] CanSendToHop dest=1 outstanding=5 threshold=4 effectiveWindow=5 pendingData=5 globalLimit=16 neighborOK=0 nodeOK=1 -> NO
[HOP 5] CanSendToHop dest=1 outstanding=5 threshold=4 effectiveWindow=5 pendingData=5 globalLimit=16 neighborOK=0 nodeOK=1 -> NO
[HOP 5] CanSendToHop dest=1 outstanding=5 threshold=4 effectiveWindow=5 pendingData=5 globalLimit=16 neighborOK=0 nodeOK=1 -> NO
[HOP 5] CanSendToHop dest=1 outstanding=5 threshold=4 effectiveWindow=5 pendingData=5 globalLimit=16 neighborOK=0 nodeOK=1 -> NO
[HOP 5] CanSendToHop dest=1 outstanding=5 threshold=4 effectiveWindow=5 pendingData=5 globalLimit=16 neighborOK=0 nodeOK=1 -> NO
[HOP 5] CanSendToHop dest=1 outstanding=5 threshold=4 effectiveWindow=5 pendingData=5 globalLimit=16 neighborOK=0 nodeOK=1 -> NO
[HOP 5] CanSendToHop dest=1 outstanding=5 threshold=4 effectiveWindow=5 pendingData=5 globalLimit=16 neighborOK=0 nodeOK=1 -> NO
[HOP 5] CanSendToHop dest=1 outstanding=5 threshold=4 effectiveWindow=5 pendingData=5 globalLimit=16 neighborOK=0 nodeOK=1 -> NO
[MAC 1] PickTxSlot(dest=5) active_nodes_for_slotting=3 opnet_slot_range=31
[MAC 1] PickTxSlot(dest=5) avoid:
[MAC 1] PickTxSlot chose 1 using historical next_tslot modulo probe
[MAC 1] TX opportunity reached currentSlot=1 reserveNextSlot=1
... type=1 speedKey=128[t=1.87096] TX from node 1 to dest 5 seq 14 size 41 bytes segments 1 at slot 1 rate 128 kbps txPower 33 dBm (133333 bps) preamble SHORT duration 0.02208 s
[MAC 1] ACK transmitted in aggregate dest=5 seq=14 txCount=2/5
[MAC 1] OPNET aggregate transmitted segments=1 ackSegments=1 dataSegments=0 bytes=41 rate=128
[MAC 5] rtslot_counter expired for neighbor 1 reserveSlot=1
[MAC 1] resumes Pre-Tx with live slot=1 counter=1
[MAC 5] Learned neighbor 1 uses slot 1 (rtCounter=1)
[HOP 5] RX ACK from 1 seq=14
[NWK 5] CheckNwkQueue: size=20
[HOP 5] CanSendToHop dest=1 outstanding=5 threshold=4 effectiveWindow=5 pendingData=5 globalLimit=16 neighborOK=0 nodeOK=1 -> NO
[HOP 5] CanSendToHop dest=1 outstanding=5 threshold=4 effectiveWindow=5 pendingData=5 globalLimit=16 neighborOK=0 nodeOK=1 -> NO
[HOP 5] CanSendToHop dest=1 outstanding=5 threshold=4 effectiveWindow=5 pendingData=5 globalLimit=16 neighborOK=0 nodeOK=1 -> NO
[HOP 5] CanSendToHop dest=1 outstanding=5 threshold=4 effectiveWindow=5 pendingData=5 globalLimit=16 neighborOK=0 nodeOK=1 -> NO
[HOP 5] CanSendToHop dest=1 outstanding=5 threshold=4 effectiveWindow=5 pendingData=5 globalLimit=16 neighborOK=0 nodeOK=1 -> NO
[HOP 5] CanSendToHop dest=1 outstanding=5 threshold=4 effectiveWindow=5 pendingData=5 globalLimit=16 neighborOK=0 nodeOK=1 -> NO
[HOP 5] CanSendToHop dest=1 outstanding=5 threshold=4 effectiveWindow=5 pendingData=5 globalLimit=16 neighborOK=0 nodeOK=1 -> NO
[HOP 5] CanSendToHop dest=1 outstanding=5 threshold=4 effectiveWindow=5 pendingData=5 globalLimit=16 neighborOK=0 nodeOK=1 -> NO
[HOP 5] CanSendToHop dest=1 outstanding=5 threshold=4 effectiveWindow=5 pendingData=5 globalLimit=16 neighborOK=0 nodeOK=1 -> NO
[HOP 5] CanSendToHop dest=1 outstanding=5 threshold=4 effectiveWindow=5 pendingData=5 globalLimit=16 neighborOK=0 nodeOK=1 -> NO
[HOP 5] CanSendToHop dest=1 outstanding=5 threshold=4 effectiveWindow=5 pendingData=5 globalLimit=16 neighborOK=0 nodeOK=1 -> NO
[HOP 5] CanSendToHop dest=1 outstanding=5 threshold=4 effectiveWindow=5 pendingData=5 globalLimit=16 neighborOK=0 nodeOK=1 -> NO
[HOP 5] CanSendToHop dest=1 outstanding=5 threshold=4 effectiveWindow=5 pendingData=5 globalLimit=16 neighborOK=0 nodeOK=1 -> NO
[HOP 5] CanSendToHop dest=1 outstanding=5 threshold=4 effectiveWindow=5 pendingData=5 globalLimit=16 neighborOK=0 nodeOK=1 -> NO
[HOP 5] CanSendToHop dest=1 outstanding=5 threshold=4 effectiveWindow=5 pendingData=5 globalLimit=16 neighborOK=0 nodeOK=1 -> NO
[HOP 5] CanSendToHop dest=1 outstanding=5 threshold=4 effectiveWindow=5 pendingData=5 globalLimit=16 neighborOK=0 nodeOK=1 -> NO
[HOP 5] CanSendToHop dest=1 outstanding=5 threshold=4 effectiveWindow=5 pendingData=5 globalLimit=16 neighborOK=0 nodeOK=1 -> NO
[HOP 5] CanSendToHop dest=1 outstanding=5 threshold=4 effectiveWindow=5 pendingData=5 globalLimit=16 neighborOK=0 nodeOK=1 -> NO
[HOP 5] CanSendToHop dest=1 outstanding=5 threshold=4 effectiveWindow=5 pendingData=5 globalLimit=16 neighborOK=0 nodeOK=1 -> NO
[HOP 5] CanSendToHop dest=1 outstanding=5 threshold=4 effectiveWindow=5 pendingData=5 globalLimit=16 neighborOK=0 nodeOK=1 -> NO
[MAC 1] PickTxSlot(dest=5) active_nodes_for_slotting=3 opnet_slot_range=31
[MAC 1] PickTxSlot(dest=5) avoid:
[MAC 1] PickTxSlot chose 1 using historical next_tslot modulo probe
[MAC 1] TX opportunity reached currentSlot=1 reserveNextSlot=1
... type=1 speedKey=128[t=1.90996] TX from node 1 to dest 5 seq 14 size 41 bytes segments 1 at slot 1 rate 128 kbps txPower 33 dBm (133333 bps) preamble SHORT duration 0.02208 s
[MAC 1] ACK transmitted in aggregate dest=5 seq=14 txCount=3/5
[MAC 1] OPNET aggregate transmitted segments=1 ackSegments=1 dataSegments=0 bytes=41 rate=128
[MAC 4] PickTxSlot(dest=5) active_nodes_for_slotting=3 opnet_slot_range=31
[MAC 4] avoiding neighbor 5 currentReservedSlot=3 rtslot_counter=3
[MAC 4] PickTxSlot(dest=5) avoid: 3
[MAC 4] PickTxSlot chose 4 using historical next_tslot modulo probe
[MAC 4] TX opportunity reached currentSlot=7 reserveNextSlot=4
... type=0 speedKey=128[t=1.911] TX from node 4 to dest 5 seq 20 size 48 bytes segments 1 at slot 4 rate 128 kbps txPower 33 dBm (133333 bps) preamble SHORT duration 0.0225 s
[HOP 4] MAC sent confirmation dest=5 seq=20 transmission=1 sentAt=1.911
[MAC 4] OPNET aggregate transmitted segments=1 ackSegments=0 dataSegments=1 bytes=48 rate=128
[MAC 5] rtslot_counter expired for neighbor 1 reserveSlot=1
[MAC 1] resumes Pre-Tx with live slot=1 counter=1
[MAC 5] Learned neighbor 1 uses slot 1 (rtCounter=1)
[HOP 5] RX ACK from 1 seq=14
[NWK 5] CheckNwkQueue: size=20
[HOP 5] CanSendToHop dest=1 outstanding=5 threshold=4 effectiveWindow=5 pendingData=5 globalLimit=16 neighborOK=0 nodeOK=1 -> NO
[HOP 5] CanSendToHop dest=1 outstanding=5 threshold=4 effectiveWindow=5 pendingData=5 globalLimit=16 neighborOK=0 nodeOK=1 -> NO
[HOP 5] CanSendToHop dest=1 outstanding=5 threshold=4 effectiveWindow=5 pendingData=5 globalLimit=16 neighborOK=0 nodeOK=1 -> NO
[HOP 5] CanSendToHop dest=1 outstanding=5 threshold=4 effectiveWindow=5 pendingData=5 globalLimit=16 neighborOK=0 nodeOK=1 -> NO
[HOP 5] CanSendToHop dest=1 outstanding=5 threshold=4 effectiveWindow=5 pendingData=5 globalLimit=16 neighborOK=0 nodeOK=1 -> NO
[HOP 5] CanSendToHop dest=1 outstanding=5 threshold=4 effectiveWindow=5 pendingData=5 globalLimit=16 neighborOK=0 nodeOK=1 -> NO
[HOP 5] CanSendToHop dest=1 outstanding=5 threshold=4 effectiveWindow=5 pendingData=5 globalLimit=16 neighborOK=0 nodeOK=1 -> NO
[HOP 5] CanSendToHop dest=1 outstanding=5 threshold=4 effectiveWindow=5 pendingData=5 globalLimit=16 neighborOK=0 nodeOK=1 -> NO
[HOP 5] CanSendToHop dest=1 outstanding=5 threshold=4 effectiveWindow=5 pendingData=5 globalLimit=16 neighborOK=0 nodeOK=1 -> NO
[HOP 5] CanSendToHop dest=1 outstanding=5 threshold=4 effectiveWindow=5 pendingData=5 globalLimit=16 neighborOK=0 nodeOK=1 -> NO
[HOP 5] CanSendToHop dest=1 outstanding=5 threshold=4 effectiveWindow=5 pendingData=5 globalLimit=16 neighborOK=0 nodeOK=1 -> NO
[HOP 5] CanSendToHop dest=1 outstanding=5 threshold=4 effectiveWindow=5 pendingData=5 globalLimit=16 neighborOK=0 nodeOK=1 -> NO
[HOP 5] CanSendToHop dest=1 outstanding=5 threshold=4 effectiveWindow=5 pendingData=5 globalLimit=16 neighborOK=0 nodeOK=1 -> NO
[HOP 5] CanSendToHop dest=1 outstanding=5 threshold=4 effectiveWindow=5 pendingData=5 globalLimit=16 neighborOK=0 nodeOK=1 -> NO
[HOP 5] CanSendToHop dest=1 outstanding=5 threshold=4 effectiveWindow=5 pendingData=5 globalLimit=16 neighborOK=0 nodeOK=1 -> NO
[HOP 5] CanSendToHop dest=1 outstanding=5 threshold=4 effectiveWindow=5 pendingData=5 globalLimit=16 neighborOK=0 nodeOK=1 -> NO
[HOP 5] CanSendToHop dest=1 outstanding=5 threshold=4 effectiveWindow=5 pendingData=5 globalLimit=16 neighborOK=0 nodeOK=1 -> NO
[HOP 5] CanSendToHop dest=1 outstanding=5 threshold=4 effectiveWindow=5 pendingData=5 globalLimit=16 neighborOK=0 nodeOK=1 -> NO
[HOP 5] CanSendToHop dest=1 outstanding=5 threshold=4 effectiveWindow=5 pendingData=5 globalLimit=16 neighborOK=0 nodeOK=1 -> NO
[HOP 5] CanSendToHop dest=1 outstanding=5 threshold=4 effectiveWindow=5 pendingData=5 globalLimit=16 neighborOK=0 nodeOK=1 -> NO
[MAC 4] post-TX WAIT_FOR_ACK until 21.9335 (POST_TX_WAIT=20 s)
[MAC 5] Learned neighbor 4 uses slot 4 (rtCounter=4)
[HOP 5] link_control dest=4 neighborKnown=1 s0=-109 pathloss=70 failures=0 speed=128 txPower=33 rxPower=-109 cost=116
[NWK 5] Updated reverse path netSrc=4 reverseHop=4
[MAC 5] Update cumulative ACK queue entry dest=4 baseSeq=20 txCount=0
[NWK 5] CheckNwkQueue: size=21
[HOP 5] CanSendToHop dest=1 outstanding=5 threshold=4 effectiveWindow=5 pendingData=5 globalLimit=16 neighborOK=0 nodeOK=1 -> NO
[HOP 5] CanSendToHop dest=1 outstanding=5 threshold=4 effectiveWindow=5 pendingData=5 globalLimit=16 neighborOK=0 nodeOK=1 -> NO
[HOP 5] CanSendToHop dest=1 outstanding=5 threshold=4 effectiveWindow=5 pendingData=5 globalLimit=16 neighborOK=0 nodeOK=1 -> NO
[HOP 5] CanSendToHop dest=1 outstanding=5 threshold=4 effectiveWindow=5 pendingData=5 globalLimit=16 neighborOK=0 nodeOK=1 -> NO
[HOP 5] CanSendToHop dest=1 outstanding=5 threshold=4 effectiveWindow=5 pendingData=5 globalLimit=16 neighborOK=0 nodeOK=1 -> NO
[HOP 5] CanSendToHop dest=1 outstanding=5 threshold=4 effectiveWindow=5 pendingData=5 globalLimit=16 neighborOK=0 nodeOK=1 -> NO
[HOP 5] CanSendToHop dest=1 outstanding=5 threshold=4 effectiveWindow=5 pendingData=5 globalLimit=16 neighborOK=0 nodeOK=1 -> NO
[HOP 5] CanSendToHop dest=1 outstanding=5 threshold=4 effectiveWindow=5 pendingData=5 globalLimit=16 neighborOK=0 nodeOK=1 -> NO
[HOP 5] CanSendToHop dest=1 outstanding=5 threshold=4 effectiveWindow=5 pendingData=5 globalLimit=16 neighborOK=0 nodeOK=1 -> NO
[HOP 5] CanSendToHop dest=1 outstanding=5 threshold=4 effectiveWindow=5 pendingData=5 globalLimit=16 neighborOK=0 nodeOK=1 -> NO
[HOP 5] CanSendToHop dest=1 outstanding=5 threshold=4 effectiveWindow=5 pendingData=5 globalLimit=16 neighborOK=0 nodeOK=1 -> NO
[HOP 5] CanSendToHop dest=1 outstanding=5 threshold=4 effectiveWindow=5 pendingData=5 globalLimit=16 neighborOK=0 nodeOK=1 -> NO
[HOP 5] CanSendToHop dest=1 outstanding=5 threshold=4 effectiveWindow=5 pendingData=5 globalLimit=16 neighborOK=0 nodeOK=1 -> NO
[HOP 5] CanSendToHop dest=1 outstanding=5 threshold=4 effectiveWindow=5 pendingData=5 globalLimit=16 neighborOK=0 nodeOK=1 -> NO
[HOP 5] CanSendToHop dest=1 outstanding=5 threshold=4 effectiveWindow=5 pendingData=5 globalLimit=16 neighborOK=0 nodeOK=1 -> NO
[HOP 5] CanSendToHop dest=1 outstanding=5 threshold=4 effectiveWindow=5 pendingData=5 globalLimit=16 neighborOK=0 nodeOK=1 -> NO
[HOP 5] CanSendToHop dest=1 outstanding=5 threshold=4 effectiveWindow=5 pendingData=5 globalLimit=16 neighborOK=0 nodeOK=1 -> NO
[HOP 5] CanSendToHop dest=1 outstanding=5 threshold=4 effectiveWindow=5 pendingData=5 globalLimit=16 neighborOK=0 nodeOK=1 -> NO
[HOP 5] CanSendToHop dest=1 outstanding=5 threshold=4 effectiveWindow=5 pendingData=5 globalLimit=16 neighborOK=0 nodeOK=1 -> NO
[HOP 5] CanSendToHop dest=1 outstanding=5 threshold=4 effectiveWindow=5 pendingData=5 globalLimit=16 neighborOK=0 nodeOK=1 -> NO
[HOP 5] CanSendToHop dest=1 outstanding=5 threshold=4 effectiveWindow=5 pendingData=5 globalLimit=16 neighborOK=0 nodeOK=1 -> NO
[MAC 1] PickTxSlot(dest=5) active_nodes_for_slotting=3 opnet_slot_range=31
[MAC 1] PickTxSlot(dest=5) avoid:
[MAC 1] PickTxSlot chose 1 using historical next_tslot modulo probe
[MAC 1] TX opportunity reached currentSlot=1 reserveNextSlot=1
... type=1 speedKey=128[t=1.94896] TX from node 1 to dest 5 seq 14 size 41 bytes segments 1 at slot 1 rate 128 kbps txPower 33 dBm (133333 bps) preamble SHORT duration 0.02208 s
[MAC 1] ACK transmitted in aggregate dest=5 seq=14 txCount=4/5
[MAC 1] OPNET aggregate transmitted segments=1 ackSegments=1 dataSegments=0 bytes=41 rate=128
[MAC 5] rtslot_counter expired for neighbor 1 reserveSlot=1
[MAC 5] PickTxSlot(dest=4) active_nodes_for_slotting=3 opnet_slot_range=31
[MAC 5] avoiding neighbor 4 currentReservedSlot=1 rtslot_counter=1
[MAC 5] PickTxSlot(dest=4) avoid: 1
[MAC 5] PickTxSlot chose 2 using historical next_tslot modulo probe
[MAC 5] TX opportunity reached currentSlot=9 reserveNextSlot=2
... type=1 speedKey=128[t=1.963] TX from node 5 to dest 4 seq 20 size 281 bytes segments 6 at slot 2 rate 128 kbps txPower 33 dBm (133333 bps) preamble SHORT duration 0.03648 s
[HOP 5] MAC sent confirmation dest=1 seq=15 transmission=1 sentAt=1.963
[HOP 5] MAC sent confirmation dest=1 seq=16 transmission=1 sentAt=1.963
[HOP 5] MAC sent confirmation dest=1 seq=17 transmission=1 sentAt=1.963
[HOP 5] MAC sent confirmation dest=1 seq=18 transmission=1 sentAt=1.963
[HOP 5] MAC sent confirmation dest=1 seq=19 transmission=1 sentAt=1.963
[MAC 5] ACK transmitted in aggregate dest=4 seq=20 txCount=1/5
[MAC 5] OPNET aggregate transmitted segments=6 ackSegments=1 dataSegments=5 bytes=281 rate=128
[MAC 1] resumes Pre-Tx with live slot=1 counter=1
[MAC 5] Learned neighbor 1 uses slot 1 (rtCounter=1)
[HOP 5] RX ACK from 1 seq=14
[NWK 5] CheckNwkQueue: size=21
[HOP 5] CanSendToHop dest=1 outstanding=5 threshold=4 effectiveWindow=5 pendingData=5 globalLimit=16 neighborOK=0 nodeOK=1 -> NO
[HOP 5] CanSendToHop dest=1 outstanding=5 threshold=4 effectiveWindow=5 pendingData=5 globalLimit=16 neighborOK=0 nodeOK=1 -> NO
[HOP 5] CanSendToHop dest=1 outstanding=5 threshold=4 effectiveWindow=5 pendingData=5 globalLimit=16 neighborOK=0 nodeOK=1 -> NO
[HOP 5] CanSendToHop dest=1 outstanding=5 threshold=4 effectiveWindow=5 pendingData=5 globalLimit=16 neighborOK=0 nodeOK=1 -> NO
[HOP 5] CanSendToHop dest=1 outstanding=5 threshold=4 effectiveWindow=5 pendingData=5 globalLimit=16 neighborOK=0 nodeOK=1 -> NO
[HOP 5] CanSendToHop dest=1 outstanding=5 threshold=4 effectiveWindow=5 pendingData=5 globalLimit=16 neighborOK=0 nodeOK=1 -> NO
[HOP 5] CanSendToHop dest=1 outstanding=5 threshold=4 effectiveWindow=5 pendingData=5 globalLimit=16 neighborOK=0 nodeOK=1 -> NO
[HOP 5] CanSendToHop dest=1 outstanding=5 threshold=4 effectiveWindow=5 pendingData=5 globalLimit=16 neighborOK=0 nodeOK=1 -> NO
[HOP 5] CanSendToHop dest=1 outstanding=5 threshold=4 effectiveWindow=5 pendingData=5 globalLimit=16 neighborOK=0 nodeOK=1 -> NO
[HOP 5] CanSendToHop dest=1 outstanding=5 threshold=4 effectiveWindow=5 pendingData=5 globalLimit=16 neighborOK=0 nodeOK=1 -> NO
[HOP 5] CanSendToHop dest=1 outstanding=5 threshold=4 effectiveWindow=5 pendingData=5 globalLimit=16 neighborOK=0 nodeOK=1 -> NO
[HOP 5] CanSendToHop dest=1 outstanding=5 threshold=4 effectiveWindow=5 pendingData=5 globalLimit=16 neighborOK=0 nodeOK=1 -> NO
[HOP 5] CanSendToHop dest=1 outstanding=5 threshold=4 effectiveWindow=5 pendingData=5 globalLimit=16 neighborOK=0 nodeOK=1 -> NO
[HOP 5] CanSendToHop dest=1 outstanding=5 threshold=4 effectiveWindow=5 pendingData=5 globalLimit=16 neighborOK=0 nodeOK=1 -> NO
[HOP 5] CanSendToHop dest=1 outstanding=5 threshold=4 effectiveWindow=5 pendingData=5 globalLimit=16 neighborOK=0 nodeOK=1 -> NO
[HOP 5] CanSendToHop dest=1 outstanding=5 threshold=4 effectiveWindow=5 pendingData=5 globalLimit=16 neighborOK=0 nodeOK=1 -> NO
[HOP 5] CanSendToHop dest=1 outstanding=5 threshold=4 effectiveWindow=5 pendingData=5 globalLimit=16 neighborOK=0 nodeOK=1 -> NO
[HOP 5] CanSendToHop dest=1 outstanding=5 threshold=4 effectiveWindow=5 pendingData=5 globalLimit=16 neighborOK=0 nodeOK=1 -> NO
[HOP 5] CanSendToHop dest=1 outstanding=5 threshold=4 effectiveWindow=5 pendingData=5 globalLimit=16 neighborOK=0 nodeOK=1 -> NO
[HOP 5] CanSendToHop dest=1 outstanding=5 threshold=4 effectiveWindow=5 pendingData=5 globalLimit=16 neighborOK=0 nodeOK=1 -> NO
[HOP 5] CanSendToHop dest=1 outstanding=5 threshold=4 effectiveWindow=5 pendingData=5 globalLimit=16 neighborOK=0 nodeOK=1 -> NO
[MAC 4] rtslot_counter expired for neighbor 5 reserveSlot=9
[MAC 1] PickTxSlot(dest=5) active_nodes_for_slotting=3 opnet_slot_range=31
[MAC 1] PickTxSlot(dest=5) avoid:
[MAC 1] PickTxSlot chose 1 using historical next_tslot modulo probe
[MAC 1] TX opportunity reached currentSlot=1 reserveNextSlot=1
... type=1 speedKey=128[t=1.98796] TX from node 1 to dest 5 seq 14 size 41 bytes segments 1 at slot 1 rate 128 kbps txPower 33 dBm (133333 bps) preamble SHORT duration 0.02208 s
[MAC 1] ACK transmitted in aggregate dest=5 seq=14 txCount=5/5
[MAC 1] Remove ACK after OPNET resend limit dest=5 seq=14
[MAC 1] OPNET aggregate transmitted segments=1 ackSegments=1 dataSegments=0 bytes=41 rate=128
[MAC 4] local advertised reservation expired
[MAC 5] resumes Pre-Tx with live slot=2 counter=2
[MAC 4] Learned neighbor 5 uses slot 2 (rtCounter=2)
[HOP 4] RX DACK from 5 seq=20
[NWK 4] NSDP(4->1) decremented to 0
[NWK 4] HOP completion released NSDP slot; awaiting HOP queue wake flow=4->1
[HOP 4] DACK received neighbor=5 seq=20 resendCount=0 holdSec=20 NSDP=release-now hopFlow=hold
[MAC 1] Learned neighbor 5 uses slot 2 (rtCounter=2)
[HOP 1] link_control dest=5 neighborKnown=1 s0=-109 pathloss=70 failures=0 speed=128 txPower=33 rxPower=-109 cost=116
[MAC 1] Enqueue ACK dest=5 seq=15 window=1 ack_queue_size=1
[NWK 1] Updated reverse path netSrc=5 reverseHop=5
[HOP 1] link_control dest=5 neighborKnown=1 s0=-109 pathloss=70 failures=0 speed=128 txPower=33 rxPower=-109 cost=116
[MAC 1] Update cumulative ACK queue entry dest=5 baseSeq=16 txCount=0
[NWK 1] Updated reverse path netSrc=5 reverseHop=5
[HOP 1] link_control dest=5 neighborKnown=1 s0=-109 pathloss=70 failures=0 speed=128 txPower=33 rxPower=-109 cost=116
[MAC 1] Update cumulative ACK queue entry dest=5 baseSeq=17 txCount=0
[NWK 1] Added reverse path netSrc=4 reverseHop=5
[HOP 1] link_control dest=5 neighborKnown=1 s0=-109 pathloss=70 failures=0 speed=128 txPower=33 rxPower=-109 cost=116
[MAC 1] Update cumulative ACK queue entry dest=5 baseSeq=18 txCount=0
[NWK 1] Updated reverse path netSrc=4 reverseHop=5
[HOP 1] link_control dest=5 neighborKnown=1 s0=-109 pathloss=70 failures=0 speed=128 txPower=33 rxPower=-109 cost=116
[MAC 1] Update cumulative ACK queue entry dest=5 baseSeq=19 txCount=0
[NWK 1] Updated reverse path netSrc=4 reverseHop=5
[NWK 4] CheckNwkQueue: size=0
[MAC 1] resumes Pre-Tx with live slot=1 counter=1
[MAC 5] Learned neighbor 1 uses slot 1 (rtCounter=1)
[HOP 5] RX ACK from 1 seq=14
[NWK 5] CheckNwkQueue: size=21
[HOP 5] CanSendToHop dest=1 outstanding=5 threshold=4 effectiveWindow=5 pendingData=5 globalLimit=16 neighborOK=0 nodeOK=1 -> NO
[HOP 5] CanSendToHop dest=1 outstanding=5 threshold=4 effectiveWindow=5 pendingData=5 globalLimit=16 neighborOK=0 nodeOK=1 -> NO
[HOP 5] CanSendToHop dest=1 outstanding=5 threshold=4 effectiveWindow=5 pendingData=5 globalLimit=16 neighborOK=0 nodeOK=1 -> NO
[HOP 5] CanSendToHop dest=1 outstanding=5 threshold=4 effectiveWindow=5 pendingData=5 globalLimit=16 neighborOK=0 nodeOK=1 -> NO
[HOP 5] CanSendToHop dest=1 outstanding=5 threshold=4 effectiveWindow=5 pendingData=5 globalLimit=16 neighborOK=0 nodeOK=1 -> NO
[HOP 5] CanSendToHop dest=1 outstanding=5 threshold=4 effectiveWindow=5 pendingData=5 globalLimit=16 neighborOK=0 nodeOK=1 -> NO
[HOP 5] CanSendToHop dest=1 outstanding=5 threshold=4 effectiveWindow=5 pendingData=5 globalLimit=16 neighborOK=0 nodeOK=1 -> NO
[HOP 5] CanSendToHop dest=1 outstanding=5 threshold=4 effectiveWindow=5 pendingData=5 globalLimit=16 neighborOK=0 nodeOK=1 -> NO
[HOP 5] CanSendToHop dest=1 outstanding=5 threshold=4 effectiveWindow=5 pendingData=5 globalLimit=16 neighborOK=0 nodeOK=1 -> NO
[HOP 5] CanSendToHop dest=1 outstanding=5 threshold=4 effectiveWindow=5 pendingData=5 globalLimit=16 neighborOK=0 nodeOK=1 -> NO
[HOP 5] CanSendToHop dest=1 outstanding=5 threshold=4 effectiveWindow=5 pendingData=5 globalLimit=16 neighborOK=0 nodeOK=1 -> NO
[HOP 5] CanSendToHop dest=1 outstanding=5 threshold=4 effectiveWindow=5 pendingData=5 globalLimit=16 neighborOK=0 nodeOK=1 -> NO
[HOP 5] CanSendToHop dest=1 outstanding=5 threshold=4 effectiveWindow=5 pendingData=5 globalLimit=16 neighborOK=0 nodeOK=1 -> NO
[HOP 5] CanSendToHop dest=1 outstanding=5 threshold=4 effectiveWindow=5 pendingData=5 globalLimit=16 neighborOK=0 nodeOK=1 -> NO
[HOP 5] CanSendToHop dest=1 outstanding=5 threshold=4 effectiveWindow=5 pendingData=5 globalLimit=16 neighborOK=0 nodeOK=1 -> NO
[HOP 5] CanSendToHop dest=1 outstanding=5 threshold=4 effectiveWindow=5 pendingData=5 globalLimit=16 neighborOK=0 nodeOK=1 -> NO
[HOP 5] CanSendToHop dest=1 outstanding=5 threshold=4 effectiveWindow=5 pendingData=5 globalLimit=16 neighborOK=0 nodeOK=1 -> NO
[HOP 5] CanSendToHop dest=1 outstanding=5 threshold=4 effectiveWindow=5 pendingData=5 globalLimit=16 neighborOK=0 nodeOK=1 -> NO
[HOP 5] CanSendToHop dest=1 outstanding=5 threshold=4 effectiveWindow=5 pendingData=5 globalLimit=16 neighborOK=0 nodeOK=1 -> NO
[HOP 5] CanSendToHop dest=1 outstanding=5 threshold=4 effectiveWindow=5 pendingData=5 globalLimit=16 neighborOK=0 nodeOK=1 -> NO
[HOP 5] CanSendToHop dest=1 outstanding=5 threshold=4 effectiveWindow=5 pendingData=5 globalLimit=16 neighborOK=0 nodeOK=1 -> NO
[MAC 5] rtslot_counter expired for neighbor 4 reserveSlot=4
[MAC 1] PickTxSlot(dest=5) active_nodes_for_slotting=3 opnet_slot_range=31
[MAC 1] avoiding neighbor 5 currentReservedSlot=0 rtslot_counter=0
[MAC 1] PickTxSlot(dest=5) avoid:
[MAC 1] PickTxSlot chose 1 using historical next_tslot modulo probe
[MAC 1] TX opportunity reached currentSlot=1 reserveNextSlot=1
... type=1 speedKey=128[t=2.02696] TX from node 1 to dest 5 seq 19 size 41 bytes segments 1 at slot 1 rate 128 kbps txPower 33 dBm (133333 bps) preamble SHORT duration 0.02208 s
[MAC 1] ACK transmitted in aggregate dest=5 seq=19 txCount=1/5
[MAC 1] OPNET aggregate transmitted segments=1 ackSegments=1 dataSegments=0 bytes=41 rate=128
[MAC 4] rtslot_counter expired for neighbor 5 reserveSlot=2
[MAC 5] rtslot_counter expired for neighbor 1 reserveSlot=1
[MAC 5] PickTxSlot(dest=4) active_nodes_for_slotting=3 opnet_slot_range=31
[MAC 5] PickTxSlot(dest=4) avoid:
[MAC 5] PickTxSlot chose 9 using historical next_tslot modulo probe
[MAC 5] TX opportunity reached currentSlot=2 reserveNextSlot=9
... type=1 speedKey=128[t=2.028] TX from node 5 to dest 4 seq 20 size 41 bytes segments 1 at slot 9 rate 128 kbps txPower 33 dBm (133333 bps) preamble SHORT duration 0.02208 s
[MAC 5] ACK transmitted in aggregate dest=4 seq=20 txCount=2/5
[MAC 5] OPNET aggregate transmitted segments=1 ackSegments=1 dataSegments=0 bytes=41 rate=128
[MAC 1] resumes Pre-Tx with live slot=1 counter=1
[MAC 5] Learned neighbor 1 uses slot 1 (rtCounter=1)
[HOP 5] RX ACK from 1 seq=19
[HOP 5] Pending DATA decrement reason=ACK neighbor=1 pending=4
[HOP 5] Adaptive flow threshold increased neighbor=1 old=4 new=5 effectiveWindow=6
[NWK 5] NSDP(4->1) decremented to 19
[NWK 5] HOP completion released NSDP slot; awaiting HOP queue wake flow=4->1
[HOP 5] Pending DATA decrement reason=ACK neighbor=1 pending=3
[NWK 5] NSDP(4->1) decremented to 18
[NWK 5] HOP completion released NSDP slot; awaiting HOP queue wake flow=4->1
[HOP 5] Pending DATA decrement reason=ACK neighbor=1 pending=2
[NWK 5] NSDP(4->1) decremented to 17
[NWK 5] HOP completion released NSDP slot; awaiting HOP queue wake flow=4->1
[HOP 5] Pending DATA decrement reason=ACK neighbor=1 pending=1
[HOP 5] Adaptive flow threshold increased neighbor=1 old=5 new=6 effectiveWindow=7
[NWK 5] NSDP(5->1) decremented to 5
[NWK 5] HOP completion released NSDP slot; awaiting HOP queue wake flow=5->1
[HOP 5] Pending DATA decrement reason=ACK neighbor=1 pending=0
[NWK 5] NSDP(5->1) decremented to 4
[NWK 5] HOP completion released NSDP slot; awaiting HOP queue wake flow=5->1
[NWK 5] CheckNwkQueue: size=21
[HOP 5] CanSendToHop dest=1 outstanding=0 threshold=6 effectiveWindow=7 pendingData=0 globalLimit=16 neighborOK=1 nodeOK=1 -> YES
[HOP 5] link_control dest=1 neighborKnown=1 s0=-109 pathloss=70 failures=0 speed=128 txPower=33 rxPower=-109 cost=116
[HOP 5] Pending DATA increment dest=1 pending=1
[HOP 5] TX historical-bare DATA neighbor=1 hopSeq=20
[MAC] Enqueue TX pkt dscp=0 insert_pos=0 queue_size_before=0
[HOP 5] CanSendToHop dest=1 outstanding=1 threshold=6 effectiveWindow=7 pendingData=1 globalLimit=16 neighborOK=1 nodeOK=1 -> YES
[HOP 5] link_control dest=1 neighborKnown=1 s0=-109 pathloss=70 failures=0 speed=128 txPower=33 rxPower=-109 cost=116
[HOP 5] Pending DATA increment dest=1 pending=2
[HOP 5] TX historical-bare DATA neighbor=1 hopSeq=21
[MAC] Enqueue TX pkt dscp=0 insert_pos=1 queue_size_before=1
[HOP 5] CanSendToHop dest=1 outstanding=2 threshold=6 effectiveWindow=7 pendingData=2 globalLimit=16 neighborOK=1 nodeOK=1 -> YES
[HOP 5] link_control dest=1 neighborKnown=1 s0=-109 pathloss=70 failures=0 speed=128 txPower=33 rxPower=-109 cost=116
[HOP 5] Pending DATA increment dest=1 pending=3
[HOP 5] TX historical-bare DATA neighbor=1 hopSeq=22
[MAC] Enqueue TX pkt dscp=0 insert_pos=2 queue_size_before=2
[HOP 5] CanSendToHop dest=1 outstanding=3 threshold=6 effectiveWindow=7 pendingData=3 globalLimit=16 neighborOK=1 nodeOK=1 -> YES
[HOP 5] link_control dest=1 neighborKnown=1 s0=-109 pathloss=70 failures=0 speed=128 txPower=33 rxPower=-109 cost=116
[HOP 5] Pending DATA increment dest=1 pending=4
[HOP 5] TX historical-bare DATA neighbor=1 hopSeq=23
[MAC] Enqueue TX pkt dscp=0 insert_pos=3 queue_size_before=3
[HOP 5] CanSendToHop dest=1 outstanding=4 threshold=6 effectiveWindow=7 pendingData=4 globalLimit=16 neighborOK=1 nodeOK=1 -> YES
[HOP 5] link_control dest=1 neighborKnown=1 s0=-109 pathloss=70 failures=0 speed=128 txPower=33 rxPower=-109 cost=116
[HOP 5] Pending DATA increment dest=1 pending=5
[HOP 5] TX historical-bare DATA neighbor=1 hopSeq=24
[MAC] Enqueue TX pkt dscp=0 insert_pos=4 queue_size_before=4
[HOP 5] CanSendToHop dest=1 outstanding=5 threshold=6 effectiveWindow=7 pendingData=5 globalLimit=16 neighborOK=1 nodeOK=1 -> YES
[HOP 5] link_control dest=1 neighborKnown=1 s0=-109 pathloss=70 failures=0 speed=128 txPower=33 rxPower=-109 cost=116
[HOP 5] Pending DATA increment dest=1 pending=6
[HOP 5] TX historical-bare DATA neighbor=1 hopSeq=25
[MAC] Enqueue TX pkt dscp=0 insert_pos=5 queue_size_before=5
[HOP 5] CanSendToHop dest=1 outstanding=6 threshold=6 effectiveWindow=7 pendingData=6 globalLimit=16 neighborOK=1 nodeOK=1 -> YES
[HOP 5] link_control dest=1 neighborKnown=1 s0=-109 pathloss=70 failures=0 speed=128 txPower=33 rxPower=-109 cost=116
[HOP 5] Pending DATA increment dest=1 pending=7
[HOP 5] TX historical-bare DATA neighbor=1 hopSeq=26
[MAC] Enqueue TX pkt dscp=0 insert_pos=6 queue_size_before=6
[HOP 5] CanSendToHop dest=1 outstanding=7 threshold=6 effectiveWindow=7 pendingData=7 globalLimit=16 neighborOK=0 nodeOK=1 -> NO
[HOP 5] CanSendToHop dest=1 outstanding=7 threshold=6 effectiveWindow=7 pendingData=7 globalLimit=16 neighborOK=0 nodeOK=1 -> NO
[HOP 5] CanSendToHop dest=1 outstanding=7 threshold=6 effectiveWindow=7 pendingData=7 globalLimit=16 neighborOK=0 nodeOK=1 -> NO
[HOP 5] CanSendToHop dest=1 outstanding=7 threshold=6 effectiveWindow=7 pendingData=7 globalLimit=16 neighborOK=0 nodeOK=1 -> NO
[HOP 5] CanSendToHop dest=1 outstanding=7 threshold=6 effectiveWindow=7 pendingData=7 globalLimit=16 neighborOK=0 nodeOK=1 -> NO
[HOP 5] CanSendToHop dest=1 outstanding=7 threshold=6 effectiveWindow=7 pendingData=7 globalLimit=16 neighborOK=0 nodeOK=1 -> NO
[HOP 5] CanSendToHop dest=1 outstanding=7 threshold=6 effectiveWindow=7 pendingData=7 globalLimit=16 neighborOK=0 nodeOK=1 -> NO
[HOP 5] CanSendToHop dest=1 outstanding=7 threshold=6 effectiveWindow=7 pendingData=7 globalLimit=16 neighborOK=0 nodeOK=1 -> NO
[HOP 5] CanSendToHop dest=1 outstanding=7 threshold=6 effectiveWindow=7 pendingData=7 globalLimit=16 neighborOK=0 nodeOK=1 -> NO
[HOP 5] CanSendToHop dest=1 outstanding=7 threshold=6 effectiveWindow=7 pendingData=7 globalLimit=16 neighborOK=0 nodeOK=1 -> NO
[HOP 5] CanSendToHop dest=1 outstanding=7 threshold=6 effectiveWindow=7 pendingData=7 globalLimit=16 neighborOK=0 nodeOK=1 -> NO
[HOP 5] CanSendToHop dest=1 outstanding=7 threshold=6 effectiveWindow=7 pendingData=7 globalLimit=16 neighborOK=0 nodeOK=1 -> NO
[HOP 5] CanSendToHop dest=1 outstanding=7 threshold=6 effectiveWindow=7 pendingData=7 globalLimit=16 neighborOK=0 nodeOK=1 -> NO
[HOP 5] CanSendToHop dest=1 outstanding=7 threshold=6 effectiveWindow=7 pendingData=7 globalLimit=16 neighborOK=0 nodeOK=1 -> NO
[MAC 5] resumes Pre-Tx with live slot=9 counter=9
[MAC 4] Learned neighbor 5 uses slot 9 (rtCounter=9)
[HOP 4] RX DACK from 5 seq=20
[NWK 4] CheckNwkQueue: size=0
[MAC 1] rtslot_counter expired for neighbor 5 reserveSlot=2
[MAC 1] PickTxSlot(dest=5) active_nodes_for_slotting=3 opnet_slot_range=31
[MAC 1] PickTxSlot(dest=5) avoid:
[MAC 1] PickTxSlot chose 1 using historical next_tslot modulo probe
[MAC 1] TX opportunity reached currentSlot=1 reserveNextSlot=1
... type=1 speedKey=128[t=2.06596] TX from node 1 to dest 5 seq 19 size 41 bytes segments 1 at slot 1 rate 128 kbps txPower 33 dBm (133333 bps) preamble SHORT duration 0.02208 s
[MAC 1] ACK transmitted in aggregate dest=5 seq=19 txCount=2/5
[MAC 1] OPNET aggregate transmitted segments=1 ackSegments=1 dataSegments=0 bytes=41 rate=128
[MAC 5] rtslot_counter expired for neighbor 1 reserveSlot=1
[MAC 1] resumes Pre-Tx with live slot=1 counter=1
[MAC 5] Learned neighbor 1 uses slot 1 (rtCounter=1)
[HOP 5] RX ACK from 1 seq=19
[NWK 5] CheckNwkQueue: size=14
[HOP 5] CanSendToHop dest=1 outstanding=7 threshold=6 effectiveWindow=7 pendingData=7 globalLimit=16 neighborOK=0 nodeOK=1 -> NO
[HOP 5] CanSendToHop dest=1 outstanding=7 threshold=6 effectiveWindow=7 pendingData=7 globalLimit=16 neighborOK=0 nodeOK=1 -> NO
[HOP 5] CanSendToHop dest=1 outstanding=7 threshold=6 effectiveWindow=7 pendingData=7 globalLimit=16 neighborOK=0 nodeOK=1 -> NO
[HOP 5] CanSendToHop dest=1 outstanding=7 threshold=6 effectiveWindow=7 pendingData=7 globalLimit=16 neighborOK=0 nodeOK=1 -> NO
[HOP 5] CanSendToHop dest=1 outstanding=7 threshold=6 effectiveWindow=7 pendingData=7 globalLimit=16 neighborOK=0 nodeOK=1 -> NO
[HOP 5] CanSendToHop dest=1 outstanding=7 threshold=6 effectiveWindow=7 pendingData=7 globalLimit=16 neighborOK=0 nodeOK=1 -> NO
[HOP 5] CanSendToHop dest=1 outstanding=7 threshold=6 effectiveWindow=7 pendingData=7 globalLimit=16 neighborOK=0 nodeOK=1 -> NO
[HOP 5] CanSendToHop dest=1 outstanding=7 threshold=6 effectiveWindow=7 pendingData=7 globalLimit=16 neighborOK=0 nodeOK=1 -> NO
[HOP 5] CanSendToHop dest=1 outstanding=7 threshold=6 effectiveWindow=7 pendingData=7 globalLimit=16 neighborOK=0 nodeOK=1 -> NO
[HOP 5] CanSendToHop dest=1 outstanding=7 threshold=6 effectiveWindow=7 pendingData=7 globalLimit=16 neighborOK=0 nodeOK=1 -> NO
[HOP 5] CanSendToHop dest=1 outstanding=7 threshold=6 effectiveWindow=7 pendingData=7 globalLimit=16 neighborOK=0 nodeOK=1 -> NO
[HOP 5] CanSendToHop dest=1 outstanding=7 threshold=6 effectiveWindow=7 pendingData=7 globalLimit=16 neighborOK=0 nodeOK=1 -> NO
[HOP 5] CanSendToHop dest=1 outstanding=7 threshold=6 effectiveWindow=7 pendingData=7 globalLimit=16 neighborOK=0 nodeOK=1 -> NO
[HOP 5] CanSendToHop dest=1 outstanding=7 threshold=6 effectiveWindow=7 pendingData=7 globalLimit=16 neighborOK=0 nodeOK=1 -> NO
[MAC 1] PickTxSlot(dest=5) active_nodes_for_slotting=3 opnet_slot_range=31
[MAC 1] PickTxSlot(dest=5) avoid:
[MAC 1] PickTxSlot chose 1 using historical next_tslot modulo probe
[MAC 1] TX opportunity reached currentSlot=1 reserveNextSlot=1
... type=1 speedKey=128[t=2.10496] TX from node 1 to dest 5 seq 19 size 41 bytes segments 1 at slot 1 rate 128 kbps txPower 33 dBm (133333 bps) preamble SHORT duration 0.02208 s
[MAC 1] ACK transmitted in aggregate dest=5 seq=19 txCount=3/5
[MAC 1] OPNET aggregate transmitted segments=1 ackSegments=1 dataSegments=0 bytes=41 rate=128
[MAC 5] rtslot_counter expired for neighbor 1 reserveSlot=1
[MAC 1] resumes Pre-Tx with live slot=1 counter=1
[MAC 5] Learned neighbor 1 uses slot 1 (rtCounter=1)
[HOP 5] RX ACK from 1 seq=19
[NWK 5] CheckNwkQueue: size=14
[HOP 5] CanSendToHop dest=1 outstanding=7 threshold=6 effectiveWindow=7 pendingData=7 globalLimit=16 neighborOK=0 nodeOK=1 -> NO
[HOP 5] CanSendToHop dest=1 outstanding=7 threshold=6 effectiveWindow=7 pendingData=7 globalLimit=16 neighborOK=0 nodeOK=1 -> NO
[HOP 5] CanSendToHop dest=1 outstanding=7 threshold=6 effectiveWindow=7 pendingData=7 globalLimit=16 neighborOK=0 nodeOK=1 -> NO
[HOP 5] CanSendToHop dest=1 outstanding=7 threshold=6 effectiveWindow=7 pendingData=7 globalLimit=16 neighborOK=0 nodeOK=1 -> NO
[HOP 5] CanSendToHop dest=1 outstanding=7 threshold=6 effectiveWindow=7 pendingData=7 globalLimit=16 neighborOK=0 nodeOK=1 -> NO
[HOP 5] CanSendToHop dest=1 outstanding=7 threshold=6 effectiveWindow=7 pendingData=7 globalLimit=16 neighborOK=0 nodeOK=1 -> NO
[HOP 5] CanSendToHop dest=1 outstanding=7 threshold=6 effectiveWindow=7 pendingData=7 globalLimit=16 neighborOK=0 nodeOK=1 -> NO
[HOP 5] CanSendToHop dest=1 outstanding=7 threshold=6 effectiveWindow=7 pendingData=7 globalLimit=16 neighborOK=0 nodeOK=1 -> NO
[HOP 5] CanSendToHop dest=1 outstanding=7 threshold=6 effectiveWindow=7 pendingData=7 globalLimit=16 neighborOK=0 nodeOK=1 -> NO
[HOP 5] CanSendToHop dest=1 outstanding=7 threshold=6 effectiveWindow=7 pendingData=7 globalLimit=16 neighborOK=0 nodeOK=1 -> NO
[HOP 5] CanSendToHop dest=1 outstanding=7 threshold=6 effectiveWindow=7 pendingData=7 globalLimit=16 neighborOK=0 nodeOK=1 -> NO
[HOP 5] CanSendToHop dest=1 outstanding=7 threshold=6 effectiveWindow=7 pendingData=7 globalLimit=16 neighborOK=0 nodeOK=1 -> NO
[HOP 5] CanSendToHop dest=1 outstanding=7 threshold=6 effectiveWindow=7 pendingData=7 globalLimit=16 neighborOK=0 nodeOK=1 -> NO
[HOP 5] CanSendToHop dest=1 outstanding=7 threshold=6 effectiveWindow=7 pendingData=7 globalLimit=16 neighborOK=0 nodeOK=1 -> NO
[MAC 1] PickTxSlot(dest=5) active_nodes_for_slotting=3 opnet_slot_range=31
[MAC 1] PickTxSlot(dest=5) avoid:
[MAC 1] PickTxSlot chose 1 using historical next_tslot modulo probe
[MAC 1] TX opportunity reached currentSlot=1 reserveNextSlot=1
... type=1 speedKey=128[t=2.14396] TX from node 1 to dest 5 seq 19 size 41 bytes segments 1 at slot 1 rate 128 kbps txPower 33 dBm (133333 bps) preamble SHORT duration 0.02208 s
[MAC 1] ACK transmitted in aggregate dest=5 seq=19 txCount=4/5
[MAC 1] OPNET aggregate transmitted segments=1 ackSegments=1 dataSegments=0 bytes=41 rate=128
[MAC 5] rtslot_counter expired for neighbor 1 reserveSlot=1
[MAC 1] resumes Pre-Tx with live slot=1 counter=1
[MAC 5] Learned neighbor 1 uses slot 1 (rtCounter=1)
[HOP 5] RX ACK from 1 seq=19
[NWK 5] CheckNwkQueue: size=14
[HOP 5] CanSendToHop dest=1 outstanding=7 threshold=6 effectiveWindow=7 pendingData=7 globalLimit=16 neighborOK=0 nodeOK=1 -> NO
[HOP 5] CanSendToHop dest=1 outstanding=7 threshold=6 effectiveWindow=7 pendingData=7 globalLimit=16 neighborOK=0 nodeOK=1 -> NO
[HOP 5] CanSendToHop dest=1 outstanding=7 threshold=6 effectiveWindow=7 pendingData=7 globalLimit=16 neighborOK=0 nodeOK=1 -> NO
[HOP 5] CanSendToHop dest=1 outstanding=7 threshold=6 effectiveWindow=7 pendingData=7 globalLimit=16 neighborOK=0 nodeOK=1 -> NO
[HOP 5] CanSendToHop dest=1 outstanding=7 threshold=6 effectiveWindow=7 pendingData=7 globalLimit=16 neighborOK=0 nodeOK=1 -> NO
[HOP 5] CanSendToHop dest=1 outstanding=7 threshold=6 effectiveWindow=7 pendingData=7 globalLimit=16 neighborOK=0 nodeOK=1 -> NO
[HOP 5] CanSendToHop dest=1 outstanding=7 threshold=6 effectiveWindow=7 pendingData=7 globalLimit=16 neighborOK=0 nodeOK=1 -> NO
[HOP 5] CanSendToHop dest=1 outstanding=7 threshold=6 effectiveWindow=7 pendingData=7 globalLimit=16 neighborOK=0 nodeOK=1 -> NO
[HOP 5] CanSendToHop dest=1 outstanding=7 threshold=6 effectiveWindow=7 pendingData=7 globalLimit=16 neighborOK=0 nodeOK=1 -> NO
[HOP 5] CanSendToHop dest=1 outstanding=7 threshold=6 effectiveWindow=7 pendingData=7 globalLimit=16 neighborOK=0 nodeOK=1 -> NO
[HOP 5] CanSendToHop dest=1 outstanding=7 threshold=6 effectiveWindow=7 pendingData=7 globalLimit=16 neighborOK=0 nodeOK=1 -> NO
[HOP 5] CanSendToHop dest=1 outstanding=7 threshold=6 effectiveWindow=7 pendingData=7 globalLimit=16 neighborOK=0 nodeOK=1 -> NO
[HOP 5] CanSendToHop dest=1 outstanding=7 threshold=6 effectiveWindow=7 pendingData=7 globalLimit=16 neighborOK=0 nodeOK=1 -> NO
[HOP 5] CanSendToHop dest=1 outstanding=7 threshold=6 effectiveWindow=7 pendingData=7 globalLimit=16 neighborOK=0 nodeOK=1 -> NO
[MAC 4] rtslot_counter expired for neighbor 5 reserveSlot=9
[MAC 5] PickTxSlot(dest=4) active_nodes_for_slotting=3 opnet_slot_range=31
[MAC 5] avoiding neighbor 1 currentReservedSlot=0 rtslot_counter=0
[MAC 5] PickTxSlot(dest=4) avoid:
[MAC 5] PickTxSlot chose 1 using historical next_tslot modulo probe
[MAC 5] TX opportunity reached currentSlot=9 reserveNextSlot=1
... type=1 speedKey=128[t=2.171] TX from node 5 to dest 4 seq 20 size 377 bytes segments 8 at slot 1 rate 128 kbps txPower 33 dBm (133333 bps) preamble SHORT duration 0.04224 s
[HOP 5] MAC sent confirmation dest=1 seq=20 transmission=1 sentAt=2.171
[HOP 5] MAC sent confirmation dest=1 seq=21 transmission=1 sentAt=2.171
[HOP 5] MAC sent confirmation dest=1 seq=22 transmission=1 sentAt=2.171
[HOP 5] MAC sent confirmation dest=1 seq=23 transmission=1 sentAt=2.171
[HOP 5] MAC sent confirmation dest=1 seq=24 transmission=1 sentAt=2.171
[HOP 5] MAC sent confirmation dest=1 seq=25 transmission=1 sentAt=2.171
[HOP 5] MAC sent confirmation dest=1 seq=26 transmission=1 sentAt=2.171
[MAC 5] ACK transmitted in aggregate dest=4 seq=20 txCount=3/5
[MAC 5] OPNET aggregate transmitted segments=8 ackSegments=1 dataSegments=7 bytes=377 rate=128
[MAC 1] PickTxSlot(dest=5) active_nodes_for_slotting=3 opnet_slot_range=31
[MAC 1] PickTxSlot(dest=5) avoid:
[MAC 1] PickTxSlot chose 1 using historical next_tslot modulo probe
[MAC 1] TX opportunity reached currentSlot=1 reserveNextSlot=1
... type=1 speedKey=128[t=2.18296] TX from node 1 to dest 5 seq 19 size 41 bytes segments 1 at slot 1 rate 128 kbps txPower 33 dBm (133333 bps) preamble SHORT duration 0.02208 s
[MAC 1] ACK transmitted in aggregate dest=5 seq=19 txCount=5/5
[MAC 1] Remove ACK after OPNET resend limit dest=5 seq=19
[MAC 1] OPNET aggregate transmitted segments=1 ackSegments=1 dataSegments=0 bytes=41 rate=128
[MAC 1] post-TX WAIT_FOR_ACK until 22.205 (POST_TX_WAIT=20 s)
[MAC 5] Learned neighbor 1 uses slot 1 (rtCounter=1)
[HOP 5] RX ACK from 1 seq=19
[NWK 5] CheckNwkQueue: size=14
[HOP 5] CanSendToHop dest=1 outstanding=7 threshold=6 effectiveWindow=7 pendingData=7 globalLimit=16 neighborOK=0 nodeOK=1 -> NO
[HOP 5] CanSendToHop dest=1 outstanding=7 threshold=6 effectiveWindow=7 pendingData=7 globalLimit=16 neighborOK=0 nodeOK=1 -> NO
[HOP 5] CanSendToHop dest=1 outstanding=7 threshold=6 effectiveWindow=7 pendingData=7 globalLimit=16 neighborOK=0 nodeOK=1 -> NO
[HOP 5] CanSendToHop dest=1 outstanding=7 threshold=6 effectiveWindow=7 pendingData=7 globalLimit=16 neighborOK=0 nodeOK=1 -> NO
[HOP 5] CanSendToHop dest=1 outstanding=7 threshold=6 effectiveWindow=7 pendingData=7 globalLimit=16 neighborOK=0 nodeOK=1 -> NO
[HOP 5] CanSendToHop dest=1 outstanding=7 threshold=6 effectiveWindow=7 pendingData=7 globalLimit=16 neighborOK=0 nodeOK=1 -> NO
[HOP 5] CanSendToHop dest=1 outstanding=7 threshold=6 effectiveWindow=7 pendingData=7 globalLimit=16 neighborOK=0 nodeOK=1 -> NO
[HOP 5] CanSendToHop dest=1 outstanding=7 threshold=6 effectiveWindow=7 pendingData=7 globalLimit=16 neighborOK=0 nodeOK=1 -> NO
[HOP 5] CanSendToHop dest=1 outstanding=7 threshold=6 effectiveWindow=7 pendingData=7 globalLimit=16 neighborOK=0 nodeOK=1 -> NO
[HOP 5] CanSendToHop dest=1 outstanding=7 threshold=6 effectiveWindow=7 pendingData=7 globalLimit=16 neighborOK=0 nodeOK=1 -> NO
[HOP 5] CanSendToHop dest=1 outstanding=7 threshold=6 effectiveWindow=7 pendingData=7 globalLimit=16 neighborOK=0 nodeOK=1 -> NO
[HOP 5] CanSendToHop dest=1 outstanding=7 threshold=6 effectiveWindow=7 pendingData=7 globalLimit=16 neighborOK=0 nodeOK=1 -> NO
[HOP 5] CanSendToHop dest=1 outstanding=7 threshold=6 effectiveWindow=7 pendingData=7 globalLimit=16 neighborOK=0 nodeOK=1 -> NO
[HOP 5] CanSendToHop dest=1 outstanding=7 threshold=6 effectiveWindow=7 pendingData=7 globalLimit=16 neighborOK=0 nodeOK=1 -> NO
[MAC 5] resumes Pre-Tx with live slot=1 counter=1
[MAC 4] Learned neighbor 5 uses slot 1 (rtCounter=1)
[HOP 4] RX DACK from 5 seq=20
[MAC 1] Learned neighbor 5 uses slot 1 (rtCounter=1)
[HOP 1] link_control dest=5 neighborKnown=1 s0=-109 pathloss=70 failures=0 speed=128 txPower=33 rxPower=-109 cost=116
[MAC 1] Enqueue ACK dest=5 seq=20 window=1 ack_queue_size=1
[NWK 1] Updated reverse path netSrc=5 reverseHop=5
[HOP 1] link_control dest=5 neighborKnown=1 s0=-109 pathloss=70 failures=0 speed=128 txPower=33 rxPower=-109 cost=116
[MAC 1] Update cumulative ACK queue entry dest=5 baseSeq=21 txCount=0
[NWK 1] Updated reverse path netSrc=5 reverseHop=5
[HOP 1] link_control dest=5 neighborKnown=1 s0=-109 pathloss=70 failures=0 speed=128 txPower=33 rxPower=-109 cost=116
[MAC 1] Update cumulative ACK queue entry dest=5 baseSeq=22 txCount=0
[NWK 1] Updated reverse path netSrc=4 reverseHop=5
[HOP 1] link_control dest=5 neighborKnown=1 s0=-109 pathloss=70 failures=0 speed=128 txPower=33 rxPower=-109 cost=116
[MAC 1] Update cumulative ACK queue entry dest=5 baseSeq=23 txCount=0
[NWK 1] Updated reverse path netSrc=4 reverseHop=5
[HOP 1] link_control dest=5 neighborKnown=1 s0=-109 pathloss=70 failures=0 speed=128 txPower=33 rxPower=-109 cost=116
[MAC 1] Update cumulative ACK queue entry dest=5 baseSeq=24 txCount=0
[NWK 1] Updated reverse path netSrc=5 reverseHop=5
[HOP 1] link_control dest=5 neighborKnown=1 s0=-109 pathloss=70 failures=0 speed=128 txPower=33 rxPower=-109 cost=116
[MAC 1] Update cumulative ACK queue entry dest=5 baseSeq=25 txCount=0
[NWK 1] Updated reverse path netSrc=4 reverseHop=5
[HOP 1] link_control dest=5 neighborKnown=1 s0=-109 pathloss=70 failures=0 speed=128 txPower=33 rxPower=-109 cost=116
[MAC 1] Update cumulative ACK queue entry dest=5 baseSeq=26 txCount=0
[NWK 1] Updated reverse path netSrc=4 reverseHop=5
[NWK 4] CheckNwkQueue: size=0
[MAC 1] local advertised reservation expired
[MAC 1] PickTxSlot(dest=5) active_nodes_for_slotting=3 opnet_slot_range=31
[MAC 1] avoiding neighbor 5 currentReservedSlot=0 rtslot_counter=0
[MAC 1] PickTxSlot(dest=5) avoid:
[MAC 1] PickTxSlot chose 1 using historical next_tslot modulo probe
[MAC 1] starts Pre-Tx with new slot=1 holdoff_over=1
[MAC 1] rtslot_counter expired for neighbor 5 reserveSlot=1
[MAC 4] rtslot_counter expired for neighbor 5 reserveSlot=1
[MAC 5] rtslot_counter expired for neighbor 1 reserveSlot=1
[MAC 5] PickTxSlot(dest=4) active_nodes_for_slotting=3 opnet_slot_range=31
[MAC 5] PickTxSlot(dest=4) avoid:
[MAC 5] PickTxSlot chose 9 using historical next_tslot modulo probe
[MAC 5] TX opportunity reached currentSlot=1 reserveNextSlot=9
... type=1 speedKey=128[t=2.236] TX from node 5 to dest 4 seq 20 size 41 bytes segments 1 at slot 9 rate 128 kbps txPower 33 dBm (133333 bps) preamble SHORT duration 0.02208 s
[MAC 5] ACK transmitted in aggregate dest=4 seq=20 txCount=4/5
[MAC 5] OPNET aggregate transmitted segments=1 ackSegments=1 dataSegments=0 bytes=41 rate=128
[MAC 1] PickTxSlot(dest=5) active_nodes_for_slotting=3 opnet_slot_range=31
[MAC 1] PickTxSlot(dest=5) avoid:
[MAC 1] PickTxSlot chose 1 using historical next_tslot modulo probe
[MAC 1] TX opportunity reached currentSlot=1 reserveNextSlot=1
... type=1 speedKey=128[t=2.24796] TX from node 1 to dest 5 seq 26 size 41 bytes segments 1 at slot 1 rate 128 kbps txPower 33 dBm (133333 bps) preamble SHORT duration 0.02208 s
[MAC 1] ACK transmitted in aggregate dest=5 seq=26 txCount=1/5
[MAC 1] OPNET aggregate transmitted segments=1 ackSegments=1 dataSegments=0 bytes=41 rate=128
[MAC 5] resumes Pre-Tx with live slot=9 counter=9
[MAC 4] Learned neighbor 5 uses slot 9 (rtCounter=9)
[HOP 4] RX DACK from 5 seq=20
[NWK 4] CheckNwkQueue: size=0
[MAC 1] resumes Pre-Tx with live slot=1 counter=1
[MAC 5] Learned neighbor 1 uses slot 1 (rtCounter=1)
[HOP 5] RX ACK from 1 seq=26
[HOP 5] Pending DATA decrement reason=ACK neighbor=1 pending=6
[NWK 5] NSDP(4->1) decremented to 16
[NWK 5] HOP completion released NSDP slot; awaiting HOP queue wake flow=4->1
[HOP 5] Pending DATA decrement reason=ACK neighbor=1 pending=5
[HOP 5] Adaptive flow threshold increased neighbor=1 old=6 new=7 effectiveWindow=8
[NWK 5] NSDP(4->1) decremented to 15
[NWK 5] HOP completion released NSDP slot; awaiting HOP queue wake flow=4->1
[HOP 5] Pending DATA decrement reason=ACK neighbor=1 pending=4
[NWK 5] NSDP(5->1) decremented to 3
[NWK 5] HOP completion released NSDP slot; awaiting HOP queue wake flow=5->1
[HOP 5] Pending DATA decrement reason=ACK neighbor=1 pending=3
[NWK 5] NSDP(4->1) decremented to 14
[NWK 5] HOP completion released NSDP slot; awaiting HOP queue wake flow=4->1
[HOP 5] Pending DATA decrement reason=ACK neighbor=1 pending=2
[HOP 5] Adaptive flow threshold increased neighbor=1 old=7 new=8 effectiveWindow=9
[NWK 5] NSDP(4->1) decremented to 13
[NWK 5] HOP completion released NSDP slot; awaiting HOP queue wake flow=4->1
[HOP 5] Pending DATA decrement reason=ACK neighbor=1 pending=1
[NWK 5] NSDP(5->1) decremented to 2
[NWK 5] HOP completion released NSDP slot; awaiting HOP queue wake flow=5->1
[HOP 5] Pending DATA decrement reason=ACK neighbor=1 pending=0
[NWK 5] NSDP(5->1) decremented to 1
[NWK 5] HOP completion released NSDP slot; awaiting HOP queue wake flow=5->1
[NWK 5] CheckNwkQueue: size=14
[HOP 5] CanSendToHop dest=1 outstanding=0 threshold=8 effectiveWindow=9 pendingData=0 globalLimit=16 neighborOK=1 nodeOK=1 -> YES
[HOP 5] link_control dest=1 neighborKnown=1 s0=-109 pathloss=70 failures=0 speed=128 txPower=33 rxPower=-109 cost=116
[HOP 5] Pending DATA increment dest=1 pending=1
[HOP 5] TX historical-bare DATA neighbor=1 hopSeq=27
[MAC] Enqueue TX pkt dscp=0 insert_pos=0 queue_size_before=0
[HOP 5] CanSendToHop dest=1 outstanding=1 threshold=8 effectiveWindow=9 pendingData=1 globalLimit=16 neighborOK=1 nodeOK=1 -> YES
[HOP 5] link_control dest=1 neighborKnown=1 s0=-109 pathloss=70 failures=0 speed=128 txPower=33 rxPower=-109 cost=116
[HOP 5] Pending DATA increment dest=1 pending=2
[HOP 5] TX historical-bare DATA neighbor=1 hopSeq=28
[MAC] Enqueue TX pkt dscp=0 insert_pos=1 queue_size_before=1
[HOP 5] CanSendToHop dest=1 outstanding=2 threshold=8 effectiveWindow=9 pendingData=2 globalLimit=16 neighborOK=1 nodeOK=1 -> YES
[HOP 5] link_control dest=1 neighborKnown=1 s0=-109 pathloss=70 failures=0 speed=128 txPower=33 rxPower=-109 cost=116
[HOP 5] Pending DATA increment dest=1 pending=3
[HOP 5] TX historical-bare DATA neighbor=1 hopSeq=29
[MAC] Enqueue TX pkt dscp=0 insert_pos=2 queue_size_before=2
[HOP 5] CanSendToHop dest=1 outstanding=3 threshold=8 effectiveWindow=9 pendingData=3 globalLimit=16 neighborOK=1 nodeOK=1 -> YES
[HOP 5] link_control dest=1 neighborKnown=1 s0=-109 pathloss=70 failures=0 speed=128 txPower=33 rxPower=-109 cost=116
[HOP 5] Pending DATA increment dest=1 pending=4
[HOP 5] TX historical-bare DATA neighbor=1 hopSeq=30
[MAC] Enqueue TX pkt dscp=0 insert_pos=3 queue_size_before=3
[HOP 5] CanSendToHop dest=1 outstanding=4 threshold=8 effectiveWindow=9 pendingData=4 globalLimit=16 neighborOK=1 nodeOK=1 -> YES
[HOP 5] link_control dest=1 neighborKnown=1 s0=-109 pathloss=70 failures=0 speed=128 txPower=33 rxPower=-109 cost=116
[HOP 5] Pending DATA increment dest=1 pending=5
[HOP 5] TX historical-bare DATA neighbor=1 hopSeq=31
[MAC] Enqueue TX pkt dscp=0 insert_pos=4 queue_size_before=4
[HOP 5] CanSendToHop dest=1 outstanding=5 threshold=8 effectiveWindow=9 pendingData=5 globalLimit=16 neighborOK=1 nodeOK=1 -> YES
[HOP 5] link_control dest=1 neighborKnown=1 s0=-109 pathloss=70 failures=0 speed=128 txPower=33 rxPower=-109 cost=116
[HOP 5] Pending DATA increment dest=1 pending=6
[HOP 5] TX historical-bare DATA neighbor=1 hopSeq=32
[MAC] Enqueue TX pkt dscp=0 insert_pos=5 queue_size_before=5
[HOP 5] CanSendToHop dest=1 outstanding=6 threshold=8 effectiveWindow=9 pendingData=6 globalLimit=16 neighborOK=1 nodeOK=1 -> YES
[HOP 5] link_control dest=1 neighborKnown=1 s0=-109 pathloss=70 failures=0 speed=128 txPower=33 rxPower=-109 cost=116
[HOP 5] Pending DATA increment dest=1 pending=7
[HOP 5] TX historical-bare DATA neighbor=1 hopSeq=33
[MAC] Enqueue TX pkt dscp=0 insert_pos=6 queue_size_before=6
[HOP 5] CanSendToHop dest=1 outstanding=7 threshold=8 effectiveWindow=9 pendingData=7 globalLimit=16 neighborOK=1 nodeOK=1 -> YES
[HOP 5] link_control dest=1 neighborKnown=1 s0=-109 pathloss=70 failures=0 speed=128 txPower=33 rxPower=-109 cost=116
[HOP 5] Pending DATA increment dest=1 pending=8
[HOP 5] TX historical-bare DATA neighbor=1 hopSeq=34
[MAC] Enqueue TX pkt dscp=0 insert_pos=7 queue_size_before=7
[HOP 5] CanSendToHop dest=1 outstanding=8 threshold=8 effectiveWindow=9 pendingData=8 globalLimit=16 neighborOK=1 nodeOK=1 -> YES
[HOP 5] link_control dest=1 neighborKnown=1 s0=-109 pathloss=70 failures=0 speed=128 txPower=33 rxPower=-109 cost=116
[HOP 5] Pending DATA increment dest=1 pending=9
[HOP 5] TX historical-bare DATA neighbor=1 hopSeq=35
[MAC] Enqueue TX pkt dscp=0 insert_pos=8 queue_size_before=8
[HOP 5] CanSendToHop dest=1 outstanding=9 threshold=8 effectiveWindow=9 pendingData=9 globalLimit=16 neighborOK=0 nodeOK=1 -> NO
[HOP 5] CanSendToHop dest=1 outstanding=9 threshold=8 effectiveWindow=9 pendingData=9 globalLimit=16 neighborOK=0 nodeOK=1 -> NO
[HOP 5] CanSendToHop dest=1 outstanding=9 threshold=8 effectiveWindow=9 pendingData=9 globalLimit=16 neighborOK=0 nodeOK=1 -> NO
[HOP 5] CanSendToHop dest=1 outstanding=9 threshold=8 effectiveWindow=9 pendingData=9 globalLimit=16 neighborOK=0 nodeOK=1 -> NO
[HOP 5] CanSendToHop dest=1 outstanding=9 threshold=8 effectiveWindow=9 pendingData=9 globalLimit=16 neighborOK=0 nodeOK=1 -> NO
[MAC 1] PickTxSlot(dest=5) active_nodes_for_slotting=3 opnet_slot_range=31
[MAC 1] PickTxSlot(dest=5) avoid:
[MAC 1] PickTxSlot chose 1 using historical next_tslot modulo probe
[MAC 1] TX opportunity reached currentSlot=1 reserveNextSlot=1
... type=1 speedKey=128[t=2.28696] TX from node 1 to dest 5 seq 26 size 41 bytes segments 1 at slot 1 rate 128 kbps txPower 33 dBm (133333 bps) preamble SHORT duration 0.02208 s
[MAC 1] ACK transmitted in aggregate dest=5 seq=26 txCount=2/5
[MAC 1] OPNET aggregate transmitted segments=1 ackSegments=1 dataSegments=0 bytes=41 rate=128
[MAC 5] rtslot_counter expired for neighbor 1 reserveSlot=1
[MAC 1] resumes Pre-Tx with live slot=1 counter=1
[MAC 5] Learned neighbor 1 uses slot 1 (rtCounter=1)
[HOP 5] RX ACK from 1 seq=26
[NWK 5] CheckNwkQueue: size=5
[HOP 5] CanSendToHop dest=1 outstanding=9 threshold=8 effectiveWindow=9 pendingData=9 globalLimit=16 neighborOK=0 nodeOK=1 -> NO
[HOP 5] CanSendToHop dest=1 outstanding=9 threshold=8 effectiveWindow=9 pendingData=9 globalLimit=16 neighborOK=0 nodeOK=1 -> NO
[HOP 5] CanSendToHop dest=1 outstanding=9 threshold=8 effectiveWindow=9 pendingData=9 globalLimit=16 neighborOK=0 nodeOK=1 -> NO
[HOP 5] CanSendToHop dest=1 outstanding=9 threshold=8 effectiveWindow=9 pendingData=9 globalLimit=16 neighborOK=0 nodeOK=1 -> NO
[HOP 5] CanSendToHop dest=1 outstanding=9 threshold=8 effectiveWindow=9 pendingData=9 globalLimit=16 neighborOK=0 nodeOK=1 -> NO
[MAC 1] PickTxSlot(dest=5) active_nodes_for_slotting=3 opnet_slot_range=31
[MAC 1] PickTxSlot(dest=5) avoid:
[MAC 1] PickTxSlot chose 1 using historical next_tslot modulo probe
[MAC 1] TX opportunity reached currentSlot=1 reserveNextSlot=1
... type=1 speedKey=128[t=2.32596] TX from node 1 to dest 5 seq 26 size 41 bytes segments 1 at slot 1 rate 128 kbps txPower 33 dBm (133333 bps) preamble SHORT duration 0.02208 s
[MAC 1] ACK transmitted in aggregate dest=5 seq=26 txCount=3/5
[MAC 1] OPNET aggregate transmitted segments=1 ackSegments=1 dataSegments=0 bytes=41 rate=128
[MAC 5] rtslot_counter expired for neighbor 1 reserveSlot=1
[MAC 1] resumes Pre-Tx with live slot=1 counter=1
[MAC 5] Learned neighbor 1 uses slot 1 (rtCounter=1)
[HOP 5] RX ACK from 1 seq=26
[NWK 5] CheckNwkQueue: size=5
[HOP 5] CanSendToHop dest=1 outstanding=9 threshold=8 effectiveWindow=9 pendingData=9 globalLimit=16 neighborOK=0 nodeOK=1 -> NO
[HOP 5] CanSendToHop dest=1 outstanding=9 threshold=8 effectiveWindow=9 pendingData=9 globalLimit=16 neighborOK=0 nodeOK=1 -> NO
[HOP 5] CanSendToHop dest=1 outstanding=9 threshold=8 effectiveWindow=9 pendingData=9 globalLimit=16 neighborOK=0 nodeOK=1 -> NO
[HOP 5] CanSendToHop dest=1 outstanding=9 threshold=8 effectiveWindow=9 pendingData=9 globalLimit=16 neighborOK=0 nodeOK=1 -> NO
[HOP 5] CanSendToHop dest=1 outstanding=9 threshold=8 effectiveWindow=9 pendingData=9 globalLimit=16 neighborOK=0 nodeOK=1 -> NO
[MAC 1] PickTxSlot(dest=5) active_nodes_for_slotting=3 opnet_slot_range=31
[MAC 1] PickTxSlot(dest=5) avoid:
[MAC 1] PickTxSlot chose 1 using historical next_tslot modulo probe
[MAC 1] TX opportunity reached currentSlot=1 reserveNextSlot=1
... type=1 speedKey=128[t=2.36496] TX from node 1 to dest 5 seq 26 size 41 bytes segments 1 at slot 1 rate 128 kbps txPower 33 dBm (133333 bps) preamble SHORT duration 0.02208 s
[MAC 1] ACK transmitted in aggregate dest=5 seq=26 txCount=4/5
[MAC 1] OPNET aggregate transmitted segments=1 ackSegments=1 dataSegments=0 bytes=41 rate=128
[MAC 5] rtslot_counter expired for neighbor 1 reserveSlot=1
[MAC 4] rtslot_counter expired for neighbor 5 reserveSlot=9
[MAC 5] PickTxSlot(dest=4) active_nodes_for_slotting=3 opnet_slot_range=31
[MAC 5] PickTxSlot(dest=4) avoid:
[MAC 5] PickTxSlot chose 1 using historical next_tslot modulo probe
[MAC 5] TX opportunity reached currentSlot=9 reserveNextSlot=1
... type=1 speedKey=128[t=2.379] TX from node 5 to dest 4 seq 20 size 473 bytes segments 10 at slot 1 rate 128 kbps txPower 33 dBm (133333 bps) preamble SHORT duration 0.048 s
[HOP 5] MAC sent confirmation dest=1 seq=27 transmission=1 sentAt=2.379
[HOP 5] MAC sent confirmation dest=1 seq=28 transmission=1 sentAt=2.379
[HOP 5] MAC sent confirmation dest=1 seq=29 transmission=1 sentAt=2.379
[HOP 5] MAC sent confirmation dest=1 seq=30 transmission=1 sentAt=2.379
[HOP 5] MAC sent confirmation dest=1 seq=31 transmission=1 sentAt=2.379
[HOP 5] MAC sent confirmation dest=1 seq=32 transmission=1 sentAt=2.379
[HOP 5] MAC sent confirmation dest=1 seq=33 transmission=1 sentAt=2.379
[HOP 5] MAC sent confirmation dest=1 seq=34 transmission=1 sentAt=2.379
[HOP 5] MAC sent confirmation dest=1 seq=35 transmission=1 sentAt=2.379
[MAC 5] ACK transmitted in aggregate dest=4 seq=20 txCount=5/5
[MAC 5] Remove ACK after OPNET resend limit dest=4 seq=20
[MAC 5] OPNET aggregate transmitted segments=10 ackSegments=1 dataSegments=9 bytes=473 rate=128
[MAC 1] resumes Pre-Tx with live slot=1 counter=1
[MAC 5] Learned neighbor 1 uses slot 1 (rtCounter=1)
[HOP 5] RX ACK from 1 seq=26
[NWK 5] CheckNwkQueue: size=5
[HOP 5] CanSendToHop dest=1 outstanding=9 threshold=8 effectiveWindow=9 pendingData=9 globalLimit=16 neighborOK=0 nodeOK=1 -> NO
[HOP 5] CanSendToHop dest=1 outstanding=9 threshold=8 effectiveWindow=9 pendingData=9 globalLimit=16 neighborOK=0 nodeOK=1 -> NO
[HOP 5] CanSendToHop dest=1 outstanding=9 threshold=8 effectiveWindow=9 pendingData=9 globalLimit=16 neighborOK=0 nodeOK=1 -> NO
[HOP 5] CanSendToHop dest=1 outstanding=9 threshold=8 effectiveWindow=9 pendingData=9 globalLimit=16 neighborOK=0 nodeOK=1 -> NO
[HOP 5] CanSendToHop dest=1 outstanding=9 threshold=8 effectiveWindow=9 pendingData=9 globalLimit=16 neighborOK=0 nodeOK=1 -> NO
[MAC 1] PickTxSlot(dest=5) active_nodes_for_slotting=3 opnet_slot_range=31
[MAC 1] PickTxSlot(dest=5) avoid:
[MAC 1] PickTxSlot chose 1 using historical next_tslot modulo probe
[MAC 1] TX opportunity reached currentSlot=1 reserveNextSlot=1
... type=1 speedKey=128[t=2.40396] TX from node 1 to dest 5 seq 26 size 41 bytes segments 1 at slot 1 rate 128 kbps txPower 33 dBm (133333 bps) preamble SHORT duration 0.02208 s
[MAC 1] ACK transmitted in aggregate dest=5 seq=26 txCount=5/5
[MAC 1] Remove ACK after OPNET resend limit dest=5 seq=26
[MAC 1] OPNET aggregate transmitted segments=1 ackSegments=1 dataSegments=0 bytes=41 rate=128
[MAC 1] post-TX WAIT_FOR_ACK until 22.426 (POST_TX_WAIT=20 s)
[MAC 5] Learned neighbor 1 uses slot 1 (rtCounter=1)
[HOP 5] RX ACK from 1 seq=26
[NWK 5] CheckNwkQueue: size=5
[HOP 5] CanSendToHop dest=1 outstanding=9 threshold=8 effectiveWindow=9 pendingData=9 globalLimit=16 neighborOK=0 nodeOK=1 -> NO
[HOP 5] CanSendToHop dest=1 outstanding=9 threshold=8 effectiveWindow=9 pendingData=9 globalLimit=16 neighborOK=0 nodeOK=1 -> NO
[HOP 5] CanSendToHop dest=1 outstanding=9 threshold=8 effectiveWindow=9 pendingData=9 globalLimit=16 neighborOK=0 nodeOK=1 -> NO
[HOP 5] CanSendToHop dest=1 outstanding=9 threshold=8 effectiveWindow=9 pendingData=9 globalLimit=16 neighborOK=0 nodeOK=1 -> NO
[HOP 5] CanSendToHop dest=1 outstanding=9 threshold=8 effectiveWindow=9 pendingData=9 globalLimit=16 neighborOK=0 nodeOK=1 -> NO
[MAC 5] post-TX WAIT_FOR_ACK until 22.427 (POST_TX_WAIT=20 s)
[MAC 4] Learned neighbor 5 uses slot 1 (rtCounter=1)
[HOP 4] RX DACK from 5 seq=20
[MAC 1] Learned neighbor 5 uses slot 1 (rtCounter=1)
[HOP 1] link_control dest=5 neighborKnown=1 s0=-109 pathloss=70 failures=0 speed=128 txPower=33 rxPower=-109 cost=116
[MAC 1] Enqueue ACK dest=5 seq=27 window=1 ack_queue_size=1
[NWK 1] Updated reverse path netSrc=5 reverseHop=5
[HOP 1] link_control dest=5 neighborKnown=1 s0=-109 pathloss=70 failures=0 speed=128 txPower=33 rxPower=-109 cost=116
[MAC 1] Update cumulative ACK queue entry dest=5 baseSeq=28 txCount=0
[NWK 1] Updated reverse path netSrc=4 reverseHop=5
[HOP 1] link_control dest=5 neighborKnown=1 s0=-109 pathloss=70 failures=0 speed=128 txPower=33 rxPower=-109 cost=116
[MAC 1] Update cumulative ACK queue entry dest=5 baseSeq=29 txCount=0
[NWK 1] Updated reverse path netSrc=4 reverseHop=5
[HOP 1] link_control dest=5 neighborKnown=1 s0=-109 pathloss=70 failures=0 speed=128 txPower=33 rxPower=-109 cost=116
[MAC 1] Update cumulative ACK queue entry dest=5 baseSeq=30 txCount=0
[NWK 1] Updated reverse path netSrc=4 reverseHop=5
[HOP 1] link_control dest=5 neighborKnown=1 s0=-109 pathloss=70 failures=0 speed=128 txPower=33 rxPower=-109 cost=116
[MAC 1] Update cumulative ACK queue entry dest=5 baseSeq=31 txCount=0
[NWK 1] Updated reverse path netSrc=4 reverseHop=5
[HOP 1] link_control dest=5 neighborKnown=1 s0=-109 pathloss=70 failures=0 speed=128 txPower=33 rxPower=-109 cost=116
[MAC 1] Update cumulative ACK queue entry dest=5 baseSeq=32 txCount=0
[NWK 1] Updated reverse path netSrc=4 reverseHop=5
[HOP 1] link_control dest=5 neighborKnown=1 s0=-109 pathloss=70 failures=0 speed=128 txPower=33 rxPower=-109 cost=116
[MAC 1] Update cumulative ACK queue entry dest=5 baseSeq=33 txCount=0
[NWK 1] Updated reverse path netSrc=4 reverseHop=5
[HOP 1] link_control dest=5 neighborKnown=1 s0=-109 pathloss=70 failures=0 speed=128 txPower=33 rxPower=-109 cost=116
[MAC 1] Update cumulative ACK queue entry dest=5 baseSeq=34 txCount=0
[NWK 1] Updated reverse path netSrc=4 reverseHop=5
[HOP 1] link_control dest=5 neighborKnown=1 s0=-109 pathloss=70 failures=0 speed=128 txPower=33 rxPower=-109 cost=116
[MAC 1] Update cumulative ACK queue entry dest=5 baseSeq=35 txCount=0
[NWK 1] Updated reverse path netSrc=4 reverseHop=5
[NWK 4] CheckNwkQueue: size=0
[MAC 1] resumes Pre-Tx with live slot=1 counter=0
[MAC 1] rtslot_counter expired for neighbor 5 reserveSlot=1
[MAC 1] PickTxSlot(dest=5) active_nodes_for_slotting=3 opnet_slot_range=31
[MAC 1] PickTxSlot(dest=5) avoid:
[MAC 1] PickTxSlot chose 1 using historical next_tslot modulo probe
[MAC 1] TX opportunity reached currentSlot=1 reserveNextSlot=1
... type=1 speedKey=128[t=2.44296] TX from node 1 to dest 5 seq 35 size 41 bytes segments 1 at slot 1 rate 128 kbps txPower 33 dBm (133333 bps) preamble SHORT duration 0.02208 s
[MAC 1] ACK transmitted in aggregate dest=5 seq=35 txCount=1/5
[MAC 1] OPNET aggregate transmitted segments=1 ackSegments=1 dataSegments=0 bytes=41 rate=128
[MAC 4] rtslot_counter expired for neighbor 5 reserveSlot=1
[MAC 5] rtslot_counter expired for neighbor 1 reserveSlot=1
[MAC 5] local advertised reservation expired
[MAC 1] resumes Pre-Tx with live slot=1 counter=1
[MAC 5] Learned neighbor 1 uses slot 1 (rtCounter=1)
[HOP 5] RX ACK from 1 seq=35
[HOP 5] Pending DATA decrement reason=ACK neighbor=1 pending=8
[HOP 5] Adaptive flow threshold increased neighbor=1 old=8 new=9 effectiveWindow=10
[NWK 5] NSDP(4->1) decremented to 12
[NWK 5] HOP completion released NSDP slot; awaiting HOP queue wake flow=4->1
[HOP 5] Pending DATA decrement reason=ACK neighbor=1 pending=7
[NWK 5] NSDP(4->1) decremented to 11
[NWK 5] HOP completion released NSDP slot; awaiting HOP queue wake flow=4->1
[HOP 5] Pending DATA decrement reason=ACK neighbor=1 pending=6
[NWK 5] NSDP(4->1) decremented to 10
[NWK 5] HOP completion released NSDP slot; awaiting HOP queue wake flow=4->1
[HOP 5] Pending DATA decrement reason=ACK neighbor=1 pending=5
[HOP 5] Adaptive flow threshold increased neighbor=1 old=9 new=10 effectiveWindow=11
[NWK 5] NSDP(4->1) decremented to 9
[NWK 5] HOP completion released NSDP slot; awaiting HOP queue wake flow=4->1
[HOP 5] Pending DATA decrement reason=ACK neighbor=1 pending=4
[NWK 5] NSDP(4->1) decremented to 8
[NWK 5] HOP completion released NSDP slot; awaiting HOP queue wake flow=4->1
[HOP 5] Pending DATA decrement reason=ACK neighbor=1 pending=3
[NWK 5] NSDP(4->1) decremented to 7
[NWK 5] HOP completion released NSDP slot; awaiting HOP queue wake flow=4->1
[HOP 5] Pending DATA decrement reason=ACK neighbor=1 pending=2
[HOP 5] Adaptive flow threshold increased neighbor=1 old=10 new=11 effectiveWindow=12
[NWK 5] NSDP(4->1) decremented to 6
[NWK 5] HOP completion released NSDP slot; awaiting HOP queue wake flow=4->1
[HOP 5] Pending DATA decrement reason=ACK neighbor=1 pending=1
[NWK 5] NSDP(4->1) decremented to 5
[NWK 5] HOP completion released NSDP slot; awaiting HOP queue wake flow=4->1
[HOP 5] Pending DATA decrement reason=ACK neighbor=1 pending=0
[NWK 5] NSDP(5->1) decremented to 0
[NWK 5] HOP completion released NSDP slot; awaiting HOP queue wake flow=5->1
[NWK 5] CheckNwkQueue: size=5
[HOP 5] CanSendToHop dest=1 outstanding=0 threshold=11 effectiveWindow=12 pendingData=0 globalLimit=16 neighborOK=1 nodeOK=1 -> YES
[HOP 5] link_control dest=1 neighborKnown=1 s0=-109 pathloss=70 failures=0 speed=128 txPower=33 rxPower=-109 cost=116
[HOP 5] Pending DATA increment dest=1 pending=1
[HOP 5] TX historical-bare DATA neighbor=1 hopSeq=36
[MAC] Enqueue TX pkt dscp=0 insert_pos=0 queue_size_before=0
[HOP 5] CanSendToHop dest=1 outstanding=1 threshold=11 effectiveWindow=12 pendingData=1 globalLimit=16 neighborOK=1 nodeOK=1 -> YES
[HOP 5] link_control dest=1 neighborKnown=1 s0=-109 pathloss=70 failures=0 speed=128 txPower=33 rxPower=-109 cost=116
[HOP 5] Pending DATA increment dest=1 pending=2
[HOP 5] TX historical-bare DATA neighbor=1 hopSeq=37
[MAC] Enqueue TX pkt dscp=0 insert_pos=1 queue_size_before=1
[HOP 5] CanSendToHop dest=1 outstanding=2 threshold=11 effectiveWindow=12 pendingData=2 globalLimit=16 neighborOK=1 nodeOK=1 -> YES
[HOP 5] link_control dest=1 neighborKnown=1 s0=-109 pathloss=70 failures=0 speed=128 txPower=33 rxPower=-109 cost=116
[HOP 5] Pending DATA increment dest=1 pending=3
[HOP 5] TX historical-bare DATA neighbor=1 hopSeq=38
[MAC] Enqueue TX pkt dscp=0 insert_pos=2 queue_size_before=2
[HOP 5] CanSendToHop dest=1 outstanding=3 threshold=11 effectiveWindow=12 pendingData=3 globalLimit=16 neighborOK=1 nodeOK=1 -> YES
[HOP 5] link_control dest=1 neighborKnown=1 s0=-109 pathloss=70 failures=0 speed=128 txPower=33 rxPower=-109 cost=116
[HOP 5] Pending DATA increment dest=1 pending=4
[HOP 5] TX historical-bare DATA neighbor=1 hopSeq=39
[MAC] Enqueue TX pkt dscp=0 insert_pos=3 queue_size_before=3
[HOP 5] CanSendToHop dest=1 outstanding=4 threshold=11 effectiveWindow=12 pendingData=4 globalLimit=16 neighborOK=1 nodeOK=1 -> YES
[HOP 5] link_control dest=1 neighborKnown=1 s0=-109 pathloss=70 failures=0 speed=128 txPower=33 rxPower=-109 cost=116
[HOP 5] Pending DATA increment dest=1 pending=5
[HOP 5] TX historical-bare DATA neighbor=1 hopSeq=40
[MAC] Enqueue TX pkt dscp=0 insert_pos=4 queue_size_before=4
[MAC 5] PickTxSlot(dest=1) active_nodes_for_slotting=3 opnet_slot_range=31
[MAC 5] avoiding neighbor 1 currentReservedSlot=0 rtslot_counter=0
[MAC 5] PickTxSlot(dest=1) avoid:
[MAC 5] PickTxSlot chose 9 using historical next_tslot modulo probe
[MAC 5] starts Pre-Tx with new slot=9 holdoff_over=1
[MAC 1] PickTxSlot(dest=5) active_nodes_for_slotting=3 opnet_slot_range=31
[MAC 1] PickTxSlot(dest=5) avoid:
[MAC 1] PickTxSlot chose 1 using historical next_tslot modulo probe
[MAC 1] TX opportunity reached currentSlot=1 reserveNextSlot=1
... type=1 speedKey=128[t=2.48196] TX from node 1 to dest 5 seq 35 size 41 bytes segments 1 at slot 1 rate 128 kbps txPower 33 dBm (133333 bps) preamble SHORT duration 0.02208 s
[MAC 1] ACK transmitted in aggregate dest=5 seq=35 txCount=2/5
[MAC 1] OPNET aggregate transmitted segments=1 ackSegments=1 dataSegments=0 bytes=41 rate=128
[MAC 5] rtslot_counter expired for neighbor 1 reserveSlot=1
[MAC 1] resumes Pre-Tx with live slot=1 counter=1
[MAC 5] Learned neighbor 1 uses slot 1 (rtCounter=1)
[HOP 5] RX ACK from 1 seq=35
[NWK 5] CheckNwkQueue: size=0
[MAC 1] PickTxSlot(dest=5) active_nodes_for_slotting=3 opnet_slot_range=31
[MAC 1] PickTxSlot(dest=5) avoid:
[MAC 1] PickTxSlot chose 1 using historical next_tslot modulo probe
[MAC 1] TX opportunity reached currentSlot=1 reserveNextSlot=1
... type=1 speedKey=128[t=2.52096] TX from node 1 to dest 5 seq 35 size 41 bytes segments 1 at slot 1 rate 128 kbps txPower 33 dBm (133333 bps) preamble SHORT duration 0.02208 s
[MAC 1] ACK transmitted in aggregate dest=5 seq=35 txCount=3/5
[MAC 1] OPNET aggregate transmitted segments=1 ackSegments=1 dataSegments=0 bytes=41 rate=128
[MAC 5] rtslot_counter expired for neighbor 1 reserveSlot=1
[MAC 1] resumes Pre-Tx with live slot=1 counter=1
[MAC 5] Learned neighbor 1 uses slot 1 (rtCounter=1)
[HOP 5] RX ACK from 1 seq=35
[NWK 5] CheckNwkQueue: size=0
[MAC 1] PickTxSlot(dest=5) active_nodes_for_slotting=3 opnet_slot_range=31
[MAC 1] PickTxSlot(dest=5) avoid:
[MAC 1] PickTxSlot chose 1 using historical next_tslot modulo probe
[MAC 1] TX opportunity reached currentSlot=1 reserveNextSlot=1
... type=1 speedKey=128[t=2.55996] TX from node 1 to dest 5 seq 35 size 41 bytes segments 1 at slot 1 rate 128 kbps txPower 33 dBm (133333 bps) preamble SHORT duration 0.02208 s
[MAC 1] ACK transmitted in aggregate dest=5 seq=35 txCount=4/5
[MAC 1] OPNET aggregate transmitted segments=1 ackSegments=1 dataSegments=0 bytes=41 rate=128
[MAC 5] rtslot_counter expired for neighbor 1 reserveSlot=1
[MAC 1] resumes Pre-Tx with live slot=1 counter=1
[MAC 5] Learned neighbor 1 uses slot 1 (rtCounter=1)
[HOP 5] RX ACK from 1 seq=35
[NWK 5] CheckNwkQueue: size=0
[MAC 1] PickTxSlot(dest=5) active_nodes_for_slotting=3 opnet_slot_range=31
[MAC 1] PickTxSlot(dest=5) avoid:
[MAC 1] PickTxSlot chose 1 using historical next_tslot modulo probe
[MAC 1] TX opportunity reached currentSlot=1 reserveNextSlot=1
... type=1 speedKey=128[t=2.59896] TX from node 1 to dest 5 seq 35 size 41 bytes segments 1 at slot 1 rate 128 kbps txPower 33 dBm (133333 bps) preamble SHORT duration 0.02208 s
[MAC 1] ACK transmitted in aggregate dest=5 seq=35 txCount=5/5
[MAC 1] Remove ACK after OPNET resend limit dest=5 seq=35
[MAC 1] OPNET aggregate transmitted segments=1 ackSegments=1 dataSegments=0 bytes=41 rate=128
[MAC 5] rtslot_counter expired for neighbor 1 reserveSlot=1
[MAC 5] PickTxSlot(dest=1) active_nodes_for_slotting=3 opnet_slot_range=31
[MAC 5] PickTxSlot(dest=1) avoid:
[MAC 5] PickTxSlot chose 1 using historical next_tslot modulo probe
[MAC 5] TX opportunity reached currentSlot=9 reserveNextSlot=1
... type=0 speedKey=128[t=2.6] TX from node 5 to dest 1 seq 36 size 240 bytes segments 5 at slot 1 rate 128 kbps txPower 33 dBm (133333 bps) preamble SHORT duration 0.03402 s
[HOP 5] MAC sent confirmation dest=1 seq=36 transmission=1 sentAt=2.6
[HOP 5] MAC sent confirmation dest=1 seq=37 transmission=1 sentAt=2.6
[HOP 5] MAC sent confirmation dest=1 seq=38 transmission=1 sentAt=2.6
[HOP 5] MAC sent confirmation dest=1 seq=39 transmission=1 sentAt=2.6
[HOP 5] MAC sent confirmation dest=1 seq=40 transmission=1 sentAt=2.6
[MAC 5] OPNET aggregate transmitted segments=5 ackSegments=0 dataSegments=5 bytes=240 rate=128
[MAC 1] post-TX WAIT_FOR_ACK until 22.621 (POST_TX_WAIT=20 s)
[MAC 5] Learned neighbor 1 uses slot 1 (rtCounter=1)
[HOP 5] RX ACK from 1 seq=35
[NWK 5] CheckNwkQueue: size=0
[MAC 5] post-TX WAIT_FOR_ACK until 22.634 (POST_TX_WAIT=20 s)
[MAC 1] Learned neighbor 5 uses slot 1 (rtCounter=1)
[HOP 1] link_control dest=5 neighborKnown=1 s0=-109 pathloss=70 failures=0 speed=128 txPower=33 rxPower=-109 cost=116
[MAC 1] Enqueue ACK dest=5 seq=36 window=1 ack_queue_size=1
[NWK 1] Updated reverse path netSrc=4 reverseHop=5
[HOP 1] link_control dest=5 neighborKnown=1 s0=-109 pathloss=70 failures=0 speed=128 txPower=33 rxPower=-109 cost=116
[MAC 1] Update cumulative ACK queue entry dest=5 baseSeq=37 txCount=0
[NWK 1] Updated reverse path netSrc=4 reverseHop=5
[HOP 1] link_control dest=5 neighborKnown=1 s0=-109 pathloss=70 failures=0 speed=128 txPower=33 rxPower=-109 cost=116
[MAC 1] Update cumulative ACK queue entry dest=5 baseSeq=38 txCount=0
[NWK 1] Updated reverse path netSrc=4 reverseHop=5
[HOP 1] link_control dest=5 neighborKnown=1 s0=-109 pathloss=70 failures=0 speed=128 txPower=33 rxPower=-109 cost=116
[MAC 1] Update cumulative ACK queue entry dest=5 baseSeq=39 txCount=0
[NWK 1] Updated reverse path netSrc=4 reverseHop=5
[HOP 1] link_control dest=5 neighborKnown=1 s0=-109 pathloss=70 failures=0 speed=128 txPower=33 rxPower=-109 cost=116
[MAC 1] Update cumulative ACK queue entry dest=5 baseSeq=40 txCount=0
[NWK 1] Updated reverse path netSrc=4 reverseHop=5
[MAC 1] local advertised reservation expired
[MAC 1] PickTxSlot(dest=5) active_nodes_for_slotting=3 opnet_slot_range=31
[MAC 1] avoiding neighbor 5 currentReservedSlot=0 rtslot_counter=0
[MAC 1] PickTxSlot(dest=5) avoid:
[MAC 1] PickTxSlot chose 1 using historical next_tslot modulo probe
[MAC 1] starts Pre-Tx with new slot=1 holdoff_over=1
[MAC 1] rtslot_counter expired for neighbor 5 reserveSlot=1
[MAC 5] rtslot_counter expired for neighbor 1 reserveSlot=1
[MAC 5] local advertised reservation expired
[MAC 1] PickTxSlot(dest=5) active_nodes_for_slotting=3 opnet_slot_range=31
[MAC 1] PickTxSlot(dest=5) avoid:
[MAC 1] PickTxSlot chose 1 using historical next_tslot modulo probe
[MAC 1] TX opportunity reached currentSlot=1 reserveNextSlot=1
... type=1 speedKey=128[t=2.66396] TX from node 1 to dest 5 seq 40 size 41 bytes segments 1 at slot 1 rate 128 kbps txPower 33 dBm (133333 bps) preamble SHORT duration 0.02208 s
[MAC 1] ACK transmitted in aggregate dest=5 seq=40 txCount=1/5
[MAC 1] OPNET aggregate transmitted segments=1 ackSegments=1 dataSegments=0 bytes=41 rate=128
[MAC 1] resumes Pre-Tx with live slot=1 counter=1
[MAC 5] Learned neighbor 1 uses slot 1 (rtCounter=1)
[HOP 5] RX ACK from 1 seq=40
[HOP 5] Pending DATA decrement reason=ACK neighbor=1 pending=4
[HOP 5] Adaptive flow threshold increased neighbor=1 old=11 new=12 effectiveWindow=13
[NWK 5] NSDP(4->1) decremented to 4
[NWK 5] HOP completion released NSDP slot; awaiting HOP queue wake flow=4->1
[HOP 5] Pending DATA decrement reason=ACK neighbor=1 pending=3
[NWK 5] NSDP(4->1) decremented to 3
[NWK 5] HOP completion released NSDP slot; awaiting HOP queue wake flow=4->1
[HOP 5] Pending DATA decrement reason=ACK neighbor=1 pending=2
[NWK 5] NSDP(4->1) decremented to 2
[NWK 5] HOP completion released NSDP slot; awaiting HOP queue wake flow=4->1
[HOP 5] Pending DATA decrement reason=ACK neighbor=1 pending=1
[HOP 5] Adaptive flow threshold increased neighbor=1 old=12 new=13 effectiveWindow=14
[NWK 5] NSDP(4->1) decremented to 1
[NWK 5] HOP completion released NSDP slot; awaiting HOP queue wake flow=4->1
[HOP 5] Pending DATA decrement reason=ACK neighbor=1 pending=0
[NWK 5] NSDP(4->1) decremented to 0
[NWK 5] HOP completion released NSDP slot; awaiting HOP queue wake flow=4->1
[NWK 5] CheckNwkQueue: size=0
[MAC 1] PickTxSlot(dest=5) active_nodes_for_slotting=3 opnet_slot_range=31
[MAC 1] PickTxSlot(dest=5) avoid:
[MAC 1] PickTxSlot chose 1 using historical next_tslot modulo probe
[MAC 1] TX opportunity reached currentSlot=1 reserveNextSlot=1
... type=1 speedKey=128[t=2.70296] TX from node 1 to dest 5 seq 40 size 41 bytes segments 1 at slot 1 rate 128 kbps txPower 33 dBm (133333 bps) preamble SHORT duration 0.02208 s
[MAC 1] ACK transmitted in aggregate dest=5 seq=40 txCount=2/5
[MAC 1] OPNET aggregate transmitted segments=1 ackSegments=1 dataSegments=0 bytes=41 rate=128
[MAC 5] rtslot_counter expired for neighbor 1 reserveSlot=1
[MAC 1] resumes Pre-Tx with live slot=1 counter=1
[MAC 5] Learned neighbor 1 uses slot 1 (rtCounter=1)
[HOP 5] RX ACK from 1 seq=40
[NWK 5] CheckNwkQueue: size=0
[MAC 1] PickTxSlot(dest=5) active_nodes_for_slotting=3 opnet_slot_range=31
[MAC 1] PickTxSlot(dest=5) avoid:
[MAC 1] PickTxSlot chose 1 using historical next_tslot modulo probe
[MAC 1] TX opportunity reached currentSlot=1 reserveNextSlot=1
... type=1 speedKey=128[t=2.74196] TX from node 1 to dest 5 seq 40 size 41 bytes segments 1 at slot 1 rate 128 kbps txPower 33 dBm (133333 bps) preamble SHORT duration 0.02208 s
[MAC 1] ACK transmitted in aggregate dest=5 seq=40 txCount=3/5
[MAC 1] OPNET aggregate transmitted segments=1 ackSegments=1 dataSegments=0 bytes=41 rate=128
[MAC 5] rtslot_counter expired for neighbor 1 reserveSlot=1
[MAC 1] resumes Pre-Tx with live slot=1 counter=1
[MAC 5] Learned neighbor 1 uses slot 1 (rtCounter=1)
[HOP 5] RX ACK from 1 seq=40
[NWK 5] CheckNwkQueue: size=0
[MAC 1] PickTxSlot(dest=5) active_nodes_for_slotting=3 opnet_slot_range=31
[MAC 1] PickTxSlot(dest=5) avoid:
[MAC 1] PickTxSlot chose 1 using historical next_tslot modulo probe
[MAC 1] TX opportunity reached currentSlot=1 reserveNextSlot=1
... type=1 speedKey=128[t=2.78096] TX from node 1 to dest 5 seq 40 size 41 bytes segments 1 at slot 1 rate 128 kbps txPower 33 dBm (133333 bps) preamble SHORT duration 0.02208 s
[MAC 1] ACK transmitted in aggregate dest=5 seq=40 txCount=4/5
[MAC 1] OPNET aggregate transmitted segments=1 ackSegments=1 dataSegments=0 bytes=41 rate=128
[MAC 5] rtslot_counter expired for neighbor 1 reserveSlot=1
[MAC 1] resumes Pre-Tx with live slot=1 counter=1
[MAC 5] Learned neighbor 1 uses slot 1 (rtCounter=1)
[HOP 5] RX ACK from 1 seq=40
[NWK 5] CheckNwkQueue: size=0
[MAC 1] PickTxSlot(dest=5) active_nodes_for_slotting=3 opnet_slot_range=31
[MAC 1] PickTxSlot(dest=5) avoid:
[MAC 1] PickTxSlot chose 1 using historical next_tslot modulo probe
[MAC 1] TX opportunity reached currentSlot=1 reserveNextSlot=1
... type=1 speedKey=128[t=2.81996] TX from node 1 to dest 5 seq 40 size 41 bytes segments 1 at slot 1 rate 128 kbps txPower 33 dBm (133333 bps) preamble SHORT duration 0.02208 s
[MAC 1] ACK transmitted in aggregate dest=5 seq=40 txCount=5/5
[MAC 1] Remove ACK after OPNET resend limit dest=5 seq=40
[MAC 1] OPNET aggregate transmitted segments=1 ackSegments=1 dataSegments=0 bytes=41 rate=128
[MAC 5] rtslot_counter expired for neighbor 1 reserveSlot=1
[MAC 1] post-TX WAIT_FOR_ACK until 22.842 (POST_TX_WAIT=20 s)
[MAC 5] Learned neighbor 1 uses slot 1 (rtCounter=1)
[HOP 5] RX ACK from 1 seq=40
[NWK 5] CheckNwkQueue: size=0
[MAC 1] local advertised reservation expired
[MAC 5] rtslot_counter expired for neighbor 1 reserveSlot=1
[HOP 4] DACK hold expired neighbor=5 seq=19 outstanding=3
[HOP 4] Pending DATA decrement reason=DACK-expiry neighbor=5 pending=3
[HOP 4] DACK release scheduling NWK queue wake neighbor=5 seq=19
[HOP 4] DACK hold expired neighbor=5 seq=18 outstanding=2
[HOP 4] Pending DATA decrement reason=DACK-expiry neighbor=5 pending=2
[HOP 4] DACK release scheduling NWK queue wake neighbor=5 seq=18
[HOP 4] DACK hold expired neighbor=5 seq=17 outstanding=1
[HOP 4] Pending DATA decrement reason=DACK-expiry neighbor=5 pending=1
[HOP 4] DACK release scheduling NWK queue wake neighbor=5 seq=17
[NWK 4] CheckNwkQueue: size=0
[HOP 4] DACK hold expired neighbor=5 seq=20 outstanding=0
[HOP 4] Pending DATA decrement reason=DACK-expiry neighbor=5 pending=0
[HOP 4] DACK release scheduling NWK queue wake neighbor=5 seq=20
[NWK 4] CheckNwkQueue: size=0
[NWK 1] automatic_route_propagation=disabled
[NWK 1] routing_snapshot_response_enabled=false
[NWK 1] ARL neighbor admission=disabled
[NWK 1] Routing INFO changed reason=link-control limits changed
[MAC 1] active_nodes set to 3 for local slotting and post-TX wait
[MAC 1] max_reported_active_nodes updated to 3
[NWK 4] automatic_route_propagation=disabled
[NWK 4] routing_snapshot_response_enabled=false
[NWK 4] ARL neighbor admission=disabled
[NWK 4] Routing INFO changed reason=link-control limits changed
[MAC 4] active_nodes set to 3 for local slotting and post-TX wait
[MAC 4] max_reported_active_nodes updated to 3
[NWK 5] automatic_route_propagation=disabled
[NWK 5] routing_snapshot_response_enabled=false
[NWK 5] ARL neighbor admission=disabled
[NWK 5] Routing INFO changed reason=link-control limits changed
[MAC 5] active_nodes set to 3 for local slotting and post-TX wait
[MAC 5] max_reported_active_nodes updated to 3
[NWK 4] Added route candidate dst=1 nextHop=5 hops=2 cost=232 linkCost=232 advCost=0 learnedFrom=16777215 selectionDeferred=0 selected=1
[NWK 4] Updated selected-route preference dst=1 preferredNextHop=5
[NWK 4] Selected route changed dst=1 reason=candidate update pendingDestinations=1
[NWK 4] Static route link_calc dst=1 nextHop=5 pathloss=70 speed=128 txPower=33 estDistance=298 speedMargin=60 totalMargin=60 cost=232
[NWK 5] Added route candidate dst=1 nextHop=1 hops=1 cost=232 linkCost=232 advCost=0 learnedFrom=16777215 selectionDeferred=0 selected=1
[NWK 5] Updated selected-route preference dst=1 preferredNextHop=1
[NWK 5] Selected route changed dst=1 reason=candidate update pendingDestinations=1
[NWK 5] Static route link_calc dst=1 nextHop=1 pathloss=70 speed=128 txPower=33 estDistance=298 speedMargin=60 totalMargin=60 cost=232
[NWK 1] routesProcess grouped selected-route changes count=0 infoChanged=1 time=0
[NWK 1] Automatic route propagation disabled; reporting only
[NWK 4] routesProcess grouped selected-route changes count=1 infoChanged=1 time=0
[NWK 4] Best route dst=1 nextHop=5 cost=232 hops=2 learnedFrom=16777215 candidates=1 validCandidates=1
[NWK 4] Automatic route propagation disabled; reporting only
[NWK 5] routesProcess grouped selected-route changes count=1 infoChanged=1 time=0
[NWK 5] Best route dst=1 nextHop=1 cost=232 hops=1 learnedFrom=16777215 candidates=1 validCandidates=1
[NWK 5] Automatic route propagation disabled; reporting only
[NWK 4] NSDP(4->1) incremented to 1
[NWK 5] NSDP(5->1) incremented to 1
[NWK 4] CheckNwkQueue: size=1
[HOP 4] CanSendToHop dest=5 outstanding=0 threshold=0 effectiveWindow=1 pendingData=0 globalLimit=16 neighborOK=1 nodeOK=1 -> YES
[HOP 4] link_control dest=5 neighborKnown=0 speed=128 txPower=33 rxPower=-109
[HOP 4] Pending DATA increment dest=5 pending=1
[HOP 4] TX historical-bare DATA neighbor=5 hopSeq=1
[MAC] Enqueue TX pkt dscp=0 insert_pos=0 queue_size_before=0
[NWK 5] CheckNwkQueue: size=1
[HOP 5] CanSendToHop dest=1 outstanding=0 threshold=0 effectiveWindow=1 pendingData=0 globalLimit=16 neighborOK=1 nodeOK=1 -> YES
[HOP 5] link_control dest=1 neighborKnown=0 speed=128 txPower=33 rxPower=-109
[HOP 5] Pending DATA increment dest=1 pending=1
[HOP 5] TX historical-bare DATA neighbor=1 hopSeq=1
[MAC] Enqueue TX pkt dscp=0 insert_pos=0 queue_size_before=0
[MAC 4] PickTxSlot(dest=5) active_nodes_for_slotting=3 opnet_slot_range=31
[MAC 4] PickTxSlot(dest=5) avoid:
[MAC 4] PickTxSlot chose 9 using historical next_tslot modulo probe
[MAC 4] starts Pre-Tx with new slot=9 holdoff_over=0
[MAC 5] PickTxSlot(dest=1) active_nodes_for_slotting=3 opnet_slot_range=31
[MAC 5] PickTxSlot(dest=1) avoid:
[MAC 5] PickTxSlot chose 3 using historical next_tslot modulo probe
[MAC 5] starts Pre-Tx with new slot=3 holdoff_over=0
[NWK 4] NSDP(4->1) incremented to 2
[NWK 5] NSDP(5->1) incremented to 2
[NWK 4] CheckNwkQueue: size=1
[HOP 4] CanSendToHop dest=5 outstanding=1 threshold=0 effectiveWindow=1 pendingData=1 globalLimit=16 neighborOK=0 nodeOK=1 -> NO
[NWK 5] CheckNwkQueue: size=1
[HOP 5] CanSendToHop dest=1 outstanding=1 threshold=0 effectiveWindow=1 pendingData=1 globalLimit=16 neighborOK=0 nodeOK=1 -> NO
[NWK 4] NSDP(4->1) incremented to 3
[NWK 5] NSDP(5->1) incremented to 3
[NWK 4] CheckNwkQueue: size=2
[HOP 4] CanSendToHop dest=5 outstanding=1 threshold=0 effectiveWindow=1 pendingData=1 globalLimit=16 neighborOK=0 nodeOK=1 -> NO
[HOP 4] CanSendToHop dest=5 outstanding=1 threshold=0 effectiveWindow=1 pendingData=1 globalLimit=16 neighborOK=0 nodeOK=1 -> NO
[NWK 5] CheckNwkQueue: size=2
[HOP 5] CanSendToHop dest=1 outstanding=1 threshold=0 effectiveWindow=1 pendingData=1 globalLimit=16 neighborOK=0 nodeOK=1 -> NO
[HOP 5] CanSendToHop dest=1 outstanding=1 threshold=0 effectiveWindow=1 pendingData=1 globalLimit=16 neighborOK=0 nodeOK=1 -> NO
[NWK 4] NSDP(4->1) incremented to 4
[NWK 5] NSDP(5->1) incremented to 4
[NWK 4] CheckNwkQueue: size=3
[HOP 4] CanSendToHop dest=5 outstanding=1 threshold=0 effectiveWindow=1 pendingData=1 globalLimit=16 neighborOK=0 nodeOK=1 -> NO
[HOP 4] CanSendToHop dest=5 outstanding=1 threshold=0 effectiveWindow=1 pendingData=1 globalLimit=16 neighborOK=0 nodeOK=1 -> NO
[HOP 4] CanSendToHop dest=5 outstanding=1 threshold=0 effectiveWindow=1 pendingData=1 globalLimit=16 neighborOK=0 nodeOK=1 -> NO
[NWK 5] CheckNwkQueue: size=3
[HOP 5] CanSendToHop dest=1 outstanding=1 threshold=0 effectiveWindow=1 pendingData=1 globalLimit=16 neighborOK=0 nodeOK=1 -> NO
[HOP 5] CanSendToHop dest=1 outstanding=1 threshold=0 effectiveWindow=1 pendingData=1 globalLimit=16 neighborOK=0 nodeOK=1 -> NO
[HOP 5] CanSendToHop dest=1 outstanding=1 threshold=0 effectiveWindow=1 pendingData=1 globalLimit=16 neighborOK=0 nodeOK=1 -> NO
[NWK 4] NSDP(4->1) incremented to 5
[NWK 5] NSDP(5->1) incremented to 5
[NWK 4] CheckNwkQueue: size=4
[HOP 4] CanSendToHop dest=5 outstanding=1 threshold=0 effectiveWindow=1 pendingData=1 globalLimit=16 neighborOK=0 nodeOK=1 -> NO
[HOP 4] CanSendToHop dest=5 outstanding=1 threshold=0 effectiveWindow=1 pendingData=1 globalLimit=16 neighborOK=0 nodeOK=1 -> NO
[HOP 4] CanSendToHop dest=5 outstanding=1 threshold=0 effectiveWindow=1 pendingData=1 globalLimit=16 neighborOK=0 nodeOK=1 -> NO
[HOP 4] CanSendToHop dest=5 outstanding=1 threshold=0 effectiveWindow=1 pendingData=1 globalLimit=16 neighborOK=0 nodeOK=1 -> NO
[NWK 5] CheckNwkQueue: size=4
[HOP 5] CanSendToHop dest=1 outstanding=1 threshold=0 effectiveWindow=1 pendingData=1 globalLimit=16 neighborOK=0 nodeOK=1 -> NO
[HOP 5] CanSendToHop dest=1 outstanding=1 threshold=0 effectiveWindow=1 pendingData=1 globalLimit=16 neighborOK=0 nodeOK=1 -> NO
[HOP 5] CanSendToHop dest=1 outstanding=1 threshold=0 effectiveWindow=1 pendingData=1 globalLimit=16 neighborOK=0 nodeOK=1 -> NO
[HOP 5] CanSendToHop dest=1 outstanding=1 threshold=0 effectiveWindow=1 pendingData=1 globalLimit=16 neighborOK=0 nodeOK=1 -> NO
[NWK 4] NSDP(4->1) incremented to 6
[NWK 5] NSDP(5->1) incremented to 6
[NWK 4] CheckNwkQueue: size=5
[HOP 4] CanSendToHop dest=5 outstanding=1 threshold=0 effectiveWindow=1 pendingData=1 globalLimit=16 neighborOK=0 nodeOK=1 -> NO
[HOP 4] CanSendToHop dest=5 outstanding=1 threshold=0 effectiveWindow=1 pendingData=1 globalLimit=16 neighborOK=0 nodeOK=1 -> NO
[HOP 4] CanSendToHop dest=5 outstanding=1 threshold=0 effectiveWindow=1 pendingData=1 globalLimit=16 neighborOK=0 nodeOK=1 -> NO
[HOP 4] CanSendToHop dest=5 outstanding=1 threshold=0 effectiveWindow=1 pendingData=1 globalLimit=16 neighborOK=0 nodeOK=1 -> NO
[HOP 4] CanSendToHop dest=5 outstanding=1 threshold=0 effectiveWindow=1 pendingData=1 globalLimit=16 neighborOK=0 nodeOK=1 -> NO
[NWK 5] CheckNwkQueue: size=5
[HOP 5] CanSendToHop dest=1 outstanding=1 threshold=0 effectiveWindow=1 pendingData=1 globalLimit=16 neighborOK=0 nodeOK=1 -> NO
[HOP 5] CanSendToHop dest=1 outstanding=1 threshold=0 effectiveWindow=1 pendingData=1 globalLimit=16 neighborOK=0 nodeOK=1 -> NO
[HOP 5] CanSendToHop dest=1 outstanding=1 threshold=0 effectiveWindow=1 pendingData=1 globalLimit=16 neighborOK=0 nodeOK=1 -> NO
[HOP 5] CanSendToHop dest=1 outstanding=1 threshold=0 effectiveWindow=1 pendingData=1 globalLimit=16 neighborOK=0 nodeOK=1 -> NO
[HOP 5] CanSendToHop dest=1 outstanding=1 threshold=0 effectiveWindow=1 pendingData=1 globalLimit=16 neighborOK=0 nodeOK=1 -> NO
[NWK 4] NSDP(4->1) incremented to 7
[NWK 5] NSDP(5->1) incremented to 7
[NWK 4] CheckNwkQueue: size=6
[HOP 4] CanSendToHop dest=5 outstanding=1 threshold=0 effectiveWindow=1 pendingData=1 globalLimit=16 neighborOK=0 nodeOK=1 -> NO
[HOP 4] CanSendToHop dest=5 outstanding=1 threshold=0 effectiveWindow=1 pendingData=1 globalLimit=16 neighborOK=0 nodeOK=1 -> NO
[HOP 4] CanSendToHop dest=5 outstanding=1 threshold=0 effectiveWindow=1 pendingData=1 globalLimit=16 neighborOK=0 nodeOK=1 -> NO
[HOP 4] CanSendToHop dest=5 outstanding=1 threshold=0 effectiveWindow=1 pendingData=1 globalLimit=16 neighborOK=0 nodeOK=1 -> NO
[HOP 4] CanSendToHop dest=5 outstanding=1 threshold=0 effectiveWindow=1 pendingData=1 globalLimit=16 neighborOK=0 nodeOK=1 -> NO
[HOP 4] CanSendToHop dest=5 outstanding=1 threshold=0 effectiveWindow=1 pendingData=1 globalLimit=16 neighborOK=0 nodeOK=1 -> NO
[NWK 5] CheckNwkQueue: size=6
[HOP 5] CanSendToHop dest=1 outstanding=1 threshold=0 effectiveWindow=1 pendingData=1 globalLimit=16 neighborOK=0 nodeOK=1 -> NO
[HOP 5] CanSendToHop dest=1 outstanding=1 threshold=0 effectiveWindow=1 pendingData=1 globalLimit=16 neighborOK=0 nodeOK=1 -> NO
[HOP 5] CanSendToHop dest=1 outstanding=1 threshold=0 effectiveWindow=1 pendingData=1 globalLimit=16 neighborOK=0 nodeOK=1 -> NO
[HOP 5] CanSendToHop dest=1 outstanding=1 threshold=0 effectiveWindow=1 pendingData=1 globalLimit=16 neighborOK=0 nodeOK=1 -> NO
[HOP 5] CanSendToHop dest=1 outstanding=1 threshold=0 effectiveWindow=1 pendingData=1 globalLimit=16 neighborOK=0 nodeOK=1 -> NO
[HOP 5] CanSendToHop dest=1 outstanding=1 threshold=0 effectiveWindow=1 pendingData=1 globalLimit=16 neighborOK=0 nodeOK=1 -> NO
[NWK 4] NSDP(4->1) incremented to 8
[NWK 5] NSDP(5->1) incremented to 8
[NWK 4] CheckNwkQueue: size=7
[HOP 4] CanSendToHop dest=5 outstanding=1 threshold=0 effectiveWindow=1 pendingData=1 globalLimit=16 neighborOK=0 nodeOK=1 -> NO
[HOP 4] CanSendToHop dest=5 outstanding=1 threshold=0 effectiveWindow=1 pendingData=1 globalLimit=16 neighborOK=0 nodeOK=1 -> NO
[HOP 4] CanSendToHop dest=5 outstanding=1 threshold=0 effectiveWindow=1 pendingData=1 globalLimit=16 neighborOK=0 nodeOK=1 -> NO
[HOP 4] CanSendToHop dest=5 outstanding=1 threshold=0 effectiveWindow=1 pendingData=1 globalLimit=16 neighborOK=0 nodeOK=1 -> NO
[HOP 4] CanSendToHop dest=5 outstanding=1 threshold=0 effectiveWindow=1 pendingData=1 globalLimit=16 neighborOK=0 nodeOK=1 -> NO
[HOP 4] CanSendToHop dest=5 outstanding=1 threshold=0 effectiveWindow=1 pendingData=1 globalLimit=16 neighborOK=0 nodeOK=1 -> NO
[HOP 4] CanSendToHop dest=5 outstanding=1 threshold=0 effectiveWindow=1 pendingData=1 globalLimit=16 neighborOK=0 nodeOK=1 -> NO
[NWK 5] CheckNwkQueue: size=7
[HOP 5] CanSendToHop dest=1 outstanding=1 threshold=0 effectiveWindow=1 pendingData=1 globalLimit=16 neighborOK=0 nodeOK=1 -> NO
[HOP 5] CanSendToHop dest=1 outstanding=1 threshold=0 effectiveWindow=1 pendingData=1 globalLimit=16 neighborOK=0 nodeOK=1 -> NO
[HOP 5] CanSendToHop dest=1 outstanding=1 threshold=0 effectiveWindow=1 pendingData=1 globalLimit=16 neighborOK=0 nodeOK=1 -> NO
[HOP 5] CanSendToHop dest=1 outstanding=1 threshold=0 effectiveWindow=1 pendingData=1 globalLimit=16 neighborOK=0 nodeOK=1 -> NO
[HOP 5] CanSendToHop dest=1 outstanding=1 threshold=0 effectiveWindow=1 pendingData=1 globalLimit=16 neighborOK=0 nodeOK=1 -> NO
[HOP 5] CanSendToHop dest=1 outstanding=1 threshold=0 effectiveWindow=1 pendingData=1 globalLimit=16 neighborOK=0 nodeOK=1 -> NO
[HOP 5] CanSendToHop dest=1 outstanding=1 threshold=0 effectiveWindow=1 pendingData=1 globalLimit=16 neighborOK=0 nodeOK=1 -> NO
[NWK 4] NSDP(4->1) incremented to 9
[NWK 5] NSDP(5->1) incremented to 9
[NWK 4] CheckNwkQueue: size=8
[HOP 4] CanSendToHop dest=5 outstanding=1 threshold=0 effectiveWindow=1 pendingData=1 globalLimit=16 neighborOK=0 nodeOK=1 -> NO
[HOP 4] CanSendToHop dest=5 outstanding=1 threshold=0 effectiveWindow=1 pendingData=1 globalLimit=16 neighborOK=0 nodeOK=1 -> NO
[HOP 4] CanSendToHop dest=5 outstanding=1 threshold=0 effectiveWindow=1 pendingData=1 globalLimit=16 neighborOK=0 nodeOK=1 -> NO
[HOP 4] CanSendToHop dest=5 outstanding=1 threshold=0 effectiveWindow=1 pendingData=1 globalLimit=16 neighborOK=0 nodeOK=1 -> NO
[HOP 4] CanSendToHop dest=5 outstanding=1 threshold=0 effectiveWindow=1 pendingData=1 globalLimit=16 neighborOK=0 nodeOK=1 -> NO
[HOP 4] CanSendToHop dest=5 outstanding=1 threshold=0 effectiveWindow=1 pendingData=1 globalLimit=16 neighborOK=0 nodeOK=1 -> NO
[HOP 4] CanSendToHop dest=5 outstanding=1 threshold=0 effectiveWindow=1 pendingData=1 globalLimit=16 neighborOK=0 nodeOK=1 -> NO
[HOP 4] CanSendToHop dest=5 outstanding=1 threshold=0 effectiveWindow=1 pendingData=1 globalLimit=16 neighborOK=0 nodeOK=1 -> NO
[NWK 5] CheckNwkQueue: size=8
[HOP 5] CanSendToHop dest=1 outstanding=1 threshold=0 effectiveWindow=1 pendingData=1 globalLimit=16 neighborOK=0 nodeOK=1 -> NO
[HOP 5] CanSendToHop dest=1 outstanding=1 threshold=0 effectiveWindow=1 pendingData=1 globalLimit=16 neighborOK=0 nodeOK=1 -> NO
[HOP 5] CanSendToHop dest=1 outstanding=1 threshold=0 effectiveWindow=1 pendingData=1 globalLimit=16 neighborOK=0 nodeOK=1 -> NO
[HOP 5] CanSendToHop dest=1 outstanding=1 threshold=0 effectiveWindow=1 pendingData=1 globalLimit=16 neighborOK=0 nodeOK=1 -> NO
[HOP 5] CanSendToHop dest=1 outstanding=1 threshold=0 effectiveWindow=1 pendingData=1 globalLimit=16 neighborOK=0 nodeOK=1 -> NO
[HOP 5] CanSendToHop dest=1 outstanding=1 threshold=0 effectiveWindow=1 pendingData=1 globalLimit=16 neighborOK=0 nodeOK=1 -> NO
[HOP 5] CanSendToHop dest=1 outstanding=1 threshold=0 effectiveWindow=1 pendingData=1 globalLimit=16 neighborOK=0 nodeOK=1 -> NO
[HOP 5] CanSendToHop dest=1 outstanding=1 threshold=0 effectiveWindow=1 pendingData=1 globalLimit=16 neighborOK=0 nodeOK=1 -> NO
[NWK 4] NSDP(4->1) incremented to 10
[NWK 5] NSDP(5->1) incremented to 10
[NWK 4] CheckNwkQueue: size=9
[HOP 4] CanSendToHop dest=5 outstanding=1 threshold=0 effectiveWindow=1 pendingData=1 globalLimit=16 neighborOK=0 nodeOK=1 -> NO
[HOP 4] CanSendToHop dest=5 outstanding=1 threshold=0 effectiveWindow=1 pendingData=1 globalLimit=16 neighborOK=0 nodeOK=1 -> NO
[HOP 4] CanSendToHop dest=5 outstanding=1 threshold=0 effectiveWindow=1 pendingData=1 globalLimit=16 neighborOK=0 nodeOK=1 -> NO
[HOP 4] CanSendToHop dest=5 outstanding=1 threshold=0 effectiveWindow=1 pendingData=1 globalLimit=16 neighborOK=0 nodeOK=1 -> NO
[HOP 4] CanSendToHop dest=5 outstanding=1 threshold=0 effectiveWindow=1 pendingData=1 globalLimit=16 neighborOK=0 nodeOK=1 -> NO
[HOP 4] CanSendToHop dest=5 outstanding=1 threshold=0 effectiveWindow=1 pendingData=1 globalLimit=16 neighborOK=0 nodeOK=1 -> NO
[HOP 4] CanSendToHop dest=5 outstanding=1 threshold=0 effectiveWindow=1 pendingData=1 globalLimit=16 neighborOK=0 nodeOK=1 -> NO
[HOP 4] CanSendToHop dest=5 outstanding=1 threshold=0 effectiveWindow=1 pendingData=1 globalLimit=16 neighborOK=0 nodeOK=1 -> NO
[HOP 4] CanSendToHop dest=5 outstanding=1 threshold=0 effectiveWindow=1 pendingData=1 globalLimit=16 neighborOK=0 nodeOK=1 -> NO
[NWK 5] CheckNwkQueue: size=9
[HOP 5] CanSendToHop dest=1 outstanding=1 threshold=0 effectiveWindow=1 pendingData=1 globalLimit=16 neighborOK=0 nodeOK=1 -> NO
[HOP 5] CanSendToHop dest=1 outstanding=1 threshold=0 effectiveWindow=1 pendingData=1 globalLimit=16 neighborOK=0 nodeOK=1 -> NO
[HOP 5] CanSendToHop dest=1 outstanding=1 threshold=0 effectiveWindow=1 pendingData=1 globalLimit=16 neighborOK=0 nodeOK=1 -> NO
[HOP 5] CanSendToHop dest=1 outstanding=1 threshold=0 effectiveWindow=1 pendingData=1 globalLimit=16 neighborOK=0 nodeOK=1 -> NO
[HOP 5] CanSendToHop dest=1 outstanding=1 threshold=0 effectiveWindow=1 pendingData=1 globalLimit=16 neighborOK=0 nodeOK=1 -> NO
[HOP 5] CanSendToHop dest=1 outstanding=1 threshold=0 effectiveWindow=1 pendingData=1 globalLimit=16 neighborOK=0 nodeOK=1 -> NO
[HOP 5] CanSendToHop dest=1 outstanding=1 threshold=0 effectiveWindow=1 pendingData=1 globalLimit=16 neighborOK=0 nodeOK=1 -> NO
[HOP 5] CanSendToHop dest=1 outstanding=1 threshold=0 effectiveWindow=1 pendingData=1 globalLimit=16 neighborOK=0 nodeOK=1 -> NO
[HOP 5] CanSendToHop dest=1 outstanding=1 threshold=0 effectiveWindow=1 pendingData=1 globalLimit=16 neighborOK=0 nodeOK=1 -> NO
[NWK 4] NSDP(4->1) incremented to 11
[NWK 5] NSDP(5->1) incremented to 11
[NWK 4] CheckNwkQueue: size=10
[HOP 4] CanSendToHop dest=5 outstanding=1 threshold=0 effectiveWindow=1 pendingData=1 globalLimit=16 neighborOK=0 nodeOK=1 -> NO
[HOP 4] CanSendToHop dest=5 outstanding=1 threshold=0 effectiveWindow=1 pendingData=1 globalLimit=16 neighborOK=0 nodeOK=1 -> NO
[HOP 4] CanSendToHop dest=5 outstanding=1 threshold=0 effectiveWindow=1 pendingData=1 globalLimit=16 neighborOK=0 nodeOK=1 -> NO
[HOP 4] CanSendToHop dest=5 outstanding=1 threshold=0 effectiveWindow=1 pendingData=1 globalLimit=16 neighborOK=0 nodeOK=1 -> NO
[HOP 4] CanSendToHop dest=5 outstanding=1 threshold=0 effectiveWindow=1 pendingData=1 globalLimit=16 neighborOK=0 nodeOK=1 -> NO
[HOP 4] CanSendToHop dest=5 outstanding=1 threshold=0 effectiveWindow=1 pendingData=1 globalLimit=16 neighborOK=0 nodeOK=1 -> NO
[HOP 4] CanSendToHop dest=5 outstanding=1 threshold=0 effectiveWindow=1 pendingData=1 globalLimit=16 neighborOK=0 nodeOK=1 -> NO
[HOP 4] CanSendToHop dest=5 outstanding=1 threshold=0 effectiveWindow=1 pendingData=1 globalLimit=16 neighborOK=0 nodeOK=1 -> NO
[HOP 4] CanSendToHop dest=5 outstanding=1 threshold=0 effectiveWindow=1 pendingData=1 globalLimit=16 neighborOK=0 nodeOK=1 -> NO
[HOP 4] CanSendToHop dest=5 outstanding=1 threshold=0 effectiveWindow=1 pendingData=1 globalLimit=16 neighborOK=0 nodeOK=1 -> NO
[NWK 5] CheckNwkQueue: size=10
[HOP 5] CanSendToHop dest=1 outstanding=1 threshold=0 effectiveWindow=1 pendingData=1 globalLimit=16 neighborOK=0 nodeOK=1 -> NO
[HOP 5] CanSendToHop dest=1 outstanding=1 threshold=0 effectiveWindow=1 pendingData=1 globalLimit=16 neighborOK=0 nodeOK=1 -> NO
[HOP 5] CanSendToHop dest=1 outstanding=1 threshold=0 effectiveWindow=1 pendingData=1 globalLimit=16 neighborOK=0 nodeOK=1 -> NO
[HOP 5] CanSendToHop dest=1 outstanding=1 threshold=0 effectiveWindow=1 pendingData=1 globalLimit=16 neighborOK=0 nodeOK=1 -> NO
[HOP 5] CanSendToHop dest=1 outstanding=1 threshold=0 effectiveWindow=1 pendingData=1 globalLimit=16 neighborOK=0 nodeOK=1 -> NO
[HOP 5] CanSendToHop dest=1 outstanding=1 threshold=0 effectiveWindow=1 pendingData=1 globalLimit=16 neighborOK=0 nodeOK=1 -> NO
[HOP 5] CanSendToHop dest=1 outstanding=1 threshold=0 effectiveWindow=1 pendingData=1 globalLimit=16 neighborOK=0 nodeOK=1 -> NO
[HOP 5] CanSendToHop dest=1 outstanding=1 threshold=0 effectiveWindow=1 pendingData=1 globalLimit=16 neighborOK=0 nodeOK=1 -> NO
[HOP 5] CanSendToHop dest=1 outstanding=1 threshold=0 effectiveWindow=1 pendingData=1 globalLimit=16 neighborOK=0 nodeOK=1 -> NO
[HOP 5] CanSendToHop dest=1 outstanding=1 threshold=0 effectiveWindow=1 pendingData=1 globalLimit=16 neighborOK=0 nodeOK=1 -> NO
[NWK 4] NSDP(4->1) incremented to 12
[NWK 5] NSDP(5->1) incremented to 12
[NWK 4] CheckNwkQueue: size=11
[HOP 4] CanSendToHop dest=5 outstanding=1 threshold=0 effectiveWindow=1 pendingData=1 globalLimit=16 neighborOK=0 nodeOK=1 -> NO
[HOP 4] CanSendToHop dest=5 outstanding=1 threshold=0 effectiveWindow=1 pendingData=1 globalLimit=16 neighborOK=0 nodeOK=1 -> NO
[HOP 4] CanSendToHop dest=5 outstanding=1 threshold=0 effectiveWindow=1 pendingData=1 globalLimit=16 neighborOK=0 nodeOK=1 -> NO
[HOP 4] CanSendToHop dest=5 outstanding=1 threshold=0 effectiveWindow=1 pendingData=1 globalLimit=16 neighborOK=0 nodeOK=1 -> NO
[HOP 4] CanSendToHop dest=5 outstanding=1 threshold=0 effectiveWindow=1 pendingData=1 globalLimit=16 neighborOK=0 nodeOK=1 -> NO
[HOP 4] CanSendToHop dest=5 outstanding=1 threshold=0 effectiveWindow=1 pendingData=1 globalLimit=16 neighborOK=0 nodeOK=1 -> NO
[HOP 4] CanSendToHop dest=5 outstanding=1 threshold=0 effectiveWindow=1 pendingData=1 globalLimit=16 neighborOK=0 nodeOK=1 -> NO
[HOP 4] CanSendToHop dest=5 outstanding=1 threshold=0 effectiveWindow=1 pendingData=1 globalLimit=16 neighborOK=0 nodeOK=1 -> NO
[HOP 4] CanSendToHop dest=5 outstanding=1 threshold=0 effectiveWindow=1 pendingData=1 globalLimit=16 neighborOK=0 nodeOK=1 -> NO
[HOP 4] CanSendToHop dest=5 outstanding=1 threshold=0 effectiveWindow=1 pendingData=1 globalLimit=16 neighborOK=0 nodeOK=1 -> NO
[HOP 4] CanSendToHop dest=5 outstanding=1 threshold=0 effectiveWindow=1 pendingData=1 globalLimit=16 neighborOK=0 nodeOK=1 -> NO
[NWK 5] CheckNwkQueue: size=11
[HOP 5] CanSendToHop dest=1 outstanding=1 threshold=0 effectiveWindow=1 pendingData=1 globalLimit=16 neighborOK=0 nodeOK=1 -> NO
[HOP 5] CanSendToHop dest=1 outstanding=1 threshold=0 effectiveWindow=1 pendingData=1 globalLimit=16 neighborOK=0 nodeOK=1 -> NO
[HOP 5] CanSendToHop dest=1 outstanding=1 threshold=0 effectiveWindow=1 pendingData=1 globalLimit=16 neighborOK=0 nodeOK=1 -> NO
[HOP 5] CanSendToHop dest=1 outstanding=1 threshold=0 effectiveWindow=1 pendingData=1 globalLimit=16 neighborOK=0 nodeOK=1 -> NO
[HOP 5] CanSendToHop dest=1 outstanding=1 threshold=0 effectiveWindow=1 pendingData=1 globalLimit=16 neighborOK=0 nodeOK=1 -> NO
[HOP 5] CanSendToHop dest=1 outstanding=1 threshold=0 effectiveWindow=1 pendingData=1 globalLimit=16 neighborOK=0 nodeOK=1 -> NO
[HOP 5] CanSendToHop dest=1 outstanding=1 threshold=0 effectiveWindow=1 pendingData=1 globalLimit=16 neighborOK=0 nodeOK=1 -> NO
[HOP 5] CanSendToHop dest=1 outstanding=1 threshold=0 effectiveWindow=1 pendingData=1 globalLimit=16 neighborOK=0 nodeOK=1 -> NO
[HOP 5] CanSendToHop dest=1 outstanding=1 threshold=0 effectiveWindow=1 pendingData=1 globalLimit=16 neighborOK=0 nodeOK=1 -> NO
[HOP 5] CanSendToHop dest=1 outstanding=1 threshold=0 effectiveWindow=1 pendingData=1 globalLimit=16 neighborOK=0 nodeOK=1 -> NO
[HOP 5] CanSendToHop dest=1 outstanding=1 threshold=0 effectiveWindow=1 pendingData=1 globalLimit=16 neighborOK=0 nodeOK=1 -> NO
[NWK 4] NSDP(4->1) incremented to 13
[NWK 5] NSDP(5->1) incremented to 13
[NWK 4] CheckNwkQueue: size=12
[HOP 4] CanSendToHop dest=5 outstanding=1 threshold=0 effectiveWindow=1 pendingData=1 globalLimit=16 neighborOK=0 nodeOK=1 -> NO
[HOP 4] CanSendToHop dest=5 outstanding=1 threshold=0 effectiveWindow=1 pendingData=1 globalLimit=16 neighborOK=0 nodeOK=1 -> NO
[HOP 4] CanSendToHop dest=5 outstanding=1 threshold=0 effectiveWindow=1 pendingData=1 globalLimit=16 neighborOK=0 nodeOK=1 -> NO
[HOP 4] CanSendToHop dest=5 outstanding=1 threshold=0 effectiveWindow=1 pendingData=1 globalLimit=16 neighborOK=0 nodeOK=1 -> NO
[HOP 4] CanSendToHop dest=5 outstanding=1 threshold=0 effectiveWindow=1 pendingData=1 globalLimit=16 neighborOK=0 nodeOK=1 -> NO
[HOP 4] CanSendToHop dest=5 outstanding=1 threshold=0 effectiveWindow=1 pendingData=1 globalLimit=16 neighborOK=0 nodeOK=1 -> NO
[HOP 4] CanSendToHop dest=5 outstanding=1 threshold=0 effectiveWindow=1 pendingData=1 globalLimit=16 neighborOK=0 nodeOK=1 -> NO
[HOP 4] CanSendToHop dest=5 outstanding=1 threshold=0 effectiveWindow=1 pendingData=1 globalLimit=16 neighborOK=0 nodeOK=1 -> NO
[HOP 4] CanSendToHop dest=5 outstanding=1 threshold=0 effectiveWindow=1 pendingData=1 globalLimit=16 neighborOK=0 nodeOK=1 -> NO
[HOP 4] CanSendToHop dest=5 outstanding=1 threshold=0 effectiveWindow=1 pendingData=1 globalLimit=16 neighborOK=0 nodeOK=1 -> NO
[HOP 4] CanSendToHop dest=5 outstanding=1 threshold=0 effectiveWindow=1 pendingData=1 globalLimit=16 neighborOK=0 nodeOK=1 -> NO
[HOP 4] CanSendToHop dest=5 outstanding=1 threshold=0 effectiveWindow=1 pendingData=1 globalLimit=16 neighborOK=0 nodeOK=1 -> NO
[NWK 5] CheckNwkQueue: size=12
[HOP 5] CanSendToHop dest=1 outstanding=1 threshold=0 effectiveWindow=1 pendingData=1 globalLimit=16 neighborOK=0 nodeOK=1 -> NO
[HOP 5] CanSendToHop dest=1 outstanding=1 threshold=0 effectiveWindow=1 pendingData=1 globalLimit=16 neighborOK=0 nodeOK=1 -> NO
[HOP 5] CanSendToHop dest=1 outstanding=1 threshold=0 effectiveWindow=1 pendingData=1 globalLimit=16 neighborOK=0 nodeOK=1 -> NO
[HOP 5] CanSendToHop dest=1 outstanding=1 threshold=0 effectiveWindow=1 pendingData=1 globalLimit=16 neighborOK=0 nodeOK=1 -> NO
[HOP 5] CanSendToHop dest=1 outstanding=1 threshold=0 effectiveWindow=1 pendingData=1 globalLimit=16 neighborOK=0 nodeOK=1 -> NO
[HOP 5] CanSendToHop dest=1 outstanding=1 threshold=0 effectiveWindow=1 pendingData=1 globalLimit=16 neighborOK=0 nodeOK=1 -> NO
[HOP 5] CanSendToHop dest=1 outstanding=1 threshold=0 effectiveWindow=1 pendingData=1 globalLimit=16 neighborOK=0 nodeOK=1 -> NO
[HOP 5] CanSendToHop dest=1 outstanding=1 threshold=0 effectiveWindow=1 pendingData=1 globalLimit=16 neighborOK=0 nodeOK=1 -> NO
[HOP 5] CanSendToHop dest=1 outstanding=1 threshold=0 effectiveWindow=1 pendingData=1 globalLimit=16 neighborOK=0 nodeOK=1 -> NO
[HOP 5] CanSendToHop dest=1 outstanding=1 threshold=0 effectiveWindow=1 pendingData=1 globalLimit=16 neighborOK=0 nodeOK=1 -> NO
[HOP 5] CanSendToHop dest=1 outstanding=1 threshold=0 effectiveWindow=1 pendingData=1 globalLimit=16 neighborOK=0 nodeOK=1 -> NO
[HOP 5] CanSendToHop dest=1 outstanding=1 threshold=0 effectiveWindow=1 pendingData=1 globalLimit=16 neighborOK=0 nodeOK=1 -> NO
[NWK 4] NSDP(4->1) incremented to 14
[NWK 5] NSDP(5->1) incremented to 14
[NWK 4] CheckNwkQueue: size=13
[HOP 4] CanSendToHop dest=5 outstanding=1 threshold=0 effectiveWindow=1 pendingData=1 globalLimit=16 neighborOK=0 nodeOK=1 -> NO
[HOP 4] CanSendToHop dest=5 outstanding=1 threshold=0 effectiveWindow=1 pendingData=1 globalLimit=16 neighborOK=0 nodeOK=1 -> NO
[HOP 4] CanSendToHop dest=5 outstanding=1 threshold=0 effectiveWindow=1 pendingData=1 globalLimit=16 neighborOK=0 nodeOK=1 -> NO
[HOP 4] CanSendToHop dest=5 outstanding=1 threshold=0 effectiveWindow=1 pendingData=1 globalLimit=16 neighborOK=0 nodeOK=1 -> NO
[HOP 4] CanSendToHop dest=5 outstanding=1 threshold=0 effectiveWindow=1 pendingData=1 globalLimit=16 neighborOK=0 nodeOK=1 -> NO
[HOP 4] CanSendToHop dest=5 outstanding=1 threshold=0 effectiveWindow=1 pendingData=1 globalLimit=16 neighborOK=0 nodeOK=1 -> NO
[HOP 4] CanSendToHop dest=5 outstanding=1 threshold=0 effectiveWindow=1 pendingData=1 globalLimit=16 neighborOK=0 nodeOK=1 -> NO
[HOP 4] CanSendToHop dest=5 outstanding=1 threshold=0 effectiveWindow=1 pendingData=1 globalLimit=16 neighborOK=0 nodeOK=1 -> NO
[HOP 4] CanSendToHop dest=5 outstanding=1 threshold=0 effectiveWindow=1 pendingData=1 globalLimit=16 neighborOK=0 nodeOK=1 -> NO
[HOP 4] CanSendToHop dest=5 outstanding=1 threshold=0 effectiveWindow=1 pendingData=1 globalLimit=16 neighborOK=0 nodeOK=1 -> NO
[HOP 4] CanSendToHop dest=5 outstanding=1 threshold=0 effectiveWindow=1 pendingData=1 globalLimit=16 neighborOK=0 nodeOK=1 -> NO
[HOP 4] CanSendToHop dest=5 outstanding=1 threshold=0 effectiveWindow=1 pendingData=1 globalLimit=16 neighborOK=0 nodeOK=1 -> NO
[HOP 4] CanSendToHop dest=5 outstanding=1 threshold=0 effectiveWindow=1 pendingData=1 globalLimit=16 neighborOK=0 nodeOK=1 -> NO
[NWK 5] CheckNwkQueue: size=13
[HOP 5] CanSendToHop dest=1 outstanding=1 threshold=0 effectiveWindow=1 pendingData=1 globalLimit=16 neighborOK=0 nodeOK=1 -> NO
[HOP 5] CanSendToHop dest=1 outstanding=1 threshold=0 effectiveWindow=1 pendingData=1 globalLimit=16 neighborOK=0 nodeOK=1 -> NO
[HOP 5] CanSendToHop dest=1 outstanding=1 threshold=0 effectiveWindow=1 pendingData=1 globalLimit=16 neighborOK=0 nodeOK=1 -> NO
[HOP 5] CanSendToHop dest=1 outstanding=1 threshold=0 effectiveWindow=1 pendingData=1 globalLimit=16 neighborOK=0 nodeOK=1 -> NO
[HOP 5] CanSendToHop dest=1 outstanding=1 threshold=0 effectiveWindow=1 pendingData=1 globalLimit=16 neighborOK=0 nodeOK=1 -> NO
[HOP 5] CanSendToHop dest=1 outstanding=1 threshold=0 effectiveWindow=1 pendingData=1 globalLimit=16 neighborOK=0 nodeOK=1 -> NO
[HOP 5] CanSendToHop dest=1 outstanding=1 threshold=0 effectiveWindow=1 pendingData=1 globalLimit=16 neighborOK=0 nodeOK=1 -> NO
[HOP 5] CanSendToHop dest=1 outstanding=1 threshold=0 effectiveWindow=1 pendingData=1 globalLimit=16 neighborOK=0 nodeOK=1 -> NO
[HOP 5] CanSendToHop dest=1 outstanding=1 threshold=0 effectiveWindow=1 pendingData=1 globalLimit=16 neighborOK=0 nodeOK=1 -> NO
[HOP 5] CanSendToHop dest=1 outstanding=1 threshold=0 effectiveWindow=1 pendingData=1 globalLimit=16 neighborOK=0 nodeOK=1 -> NO
[HOP 5] CanSendToHop dest=1 outstanding=1 threshold=0 effectiveWindow=1 pendingData=1 globalLimit=16 neighborOK=0 nodeOK=1 -> NO
[HOP 5] CanSendToHop dest=1 outstanding=1 threshold=0 effectiveWindow=1 pendingData=1 globalLimit=16 neighborOK=0 nodeOK=1 -> NO
[HOP 5] CanSendToHop dest=1 outstanding=1 threshold=0 effectiveWindow=1 pendingData=1 globalLimit=16 neighborOK=0 nodeOK=1 -> NO
[NWK 4] NSDP(4->1) incremented to 15
[NWK 5] NSDP(5->1) incremented to 15
[NWK 4] CheckNwkQueue: size=14
[HOP 4] CanSendToHop dest=5 outstanding=1 threshold=0 effectiveWindow=1 pendingData=1 globalLimit=16 neighborOK=0 nodeOK=1 -> NO
[HOP 4] CanSendToHop dest=5 outstanding=1 threshold=0 effectiveWindow=1 pendingData=1 globalLimit=16 neighborOK=0 nodeOK=1 -> NO
[HOP 4] CanSendToHop dest=5 outstanding=1 threshold=0 effectiveWindow=1 pendingData=1 globalLimit=16 neighborOK=0 nodeOK=1 -> NO
[HOP 4] CanSendToHop dest=5 outstanding=1 threshold=0 effectiveWindow=1 pendingData=1 globalLimit=16 neighborOK=0 nodeOK=1 -> NO
[HOP 4] CanSendToHop dest=5 outstanding=1 threshold=0 effectiveWindow=1 pendingData=1 globalLimit=16 neighborOK=0 nodeOK=1 -> NO
[HOP 4] CanSendToHop dest=5 outstanding=1 threshold=0 effectiveWindow=1 pendingData=1 globalLimit=16 neighborOK=0 nodeOK=1 -> NO
[HOP 4] CanSendToHop dest=5 outstanding=1 threshold=0 effectiveWindow=1 pendingData=1 globalLimit=16 neighborOK=0 nodeOK=1 -> NO
[HOP 4] CanSendToHop dest=5 outstanding=1 threshold=0 effectiveWindow=1 pendingData=1 globalLimit=16 neighborOK=0 nodeOK=1 -> NO
[HOP 4] CanSendToHop dest=5 outstanding=1 threshold=0 effectiveWindow=1 pendingData=1 globalLimit=16 neighborOK=0 nodeOK=1 -> NO
[HOP 4] CanSendToHop dest=5 outstanding=1 threshold=0 effectiveWindow=1 pendingData=1 globalLimit=16 neighborOK=0 nodeOK=1 -> NO
[HOP 4] CanSendToHop dest=5 outstanding=1 threshold=0 effectiveWindow=1 pendingData=1 globalLimit=16 neighborOK=0 nodeOK=1 -> NO
[HOP 4] CanSendToHop dest=5 outstanding=1 threshold=0 effectiveWindow=1 pendingData=1 globalLimit=16 neighborOK=0 nodeOK=1 -> NO
[HOP 4] CanSendToHop dest=5 outstanding=1 threshold=0 effectiveWindow=1 pendingData=1 globalLimit=16 neighborOK=0 nodeOK=1 -> NO
[HOP 4] CanSendToHop dest=5 outstanding=1 threshold=0 effectiveWindow=1 pendingData=1 globalLimit=16 neighborOK=0 nodeOK=1 -> NO
[NWK 5] CheckNwkQueue: size=14
[HOP 5] CanSendToHop dest=1 outstanding=1 threshold=0 effectiveWindow=1 pendingData=1 globalLimit=16 neighborOK=0 nodeOK=1 -> NO
[HOP 5] CanSendToHop dest=1 outstanding=1 threshold=0 effectiveWindow=1 pendingData=1 globalLimit=16 neighborOK=0 nodeOK=1 -> NO
[HOP 5] CanSendToHop dest=1 outstanding=1 threshold=0 effectiveWindow=1 pendingData=1 globalLimit=16 neighborOK=0 nodeOK=1 -> NO
[HOP 5] CanSendToHop dest=1 outstanding=1 threshold=0 effectiveWindow=1 pendingData=1 globalLimit=16 neighborOK=0 nodeOK=1 -> NO
[HOP 5] CanSendToHop dest=1 outstanding=1 threshold=0 effectiveWindow=1 pendingData=1 globalLimit=16 neighborOK=0 nodeOK=1 -> NO
[HOP 5] CanSendToHop dest=1 outstanding=1 threshold=0 effectiveWindow=1 pendingData=1 globalLimit=16 neighborOK=0 nodeOK=1 -> NO
[HOP 5] CanSendToHop dest=1 outstanding=1 threshold=0 effectiveWindow=1 pendingData=1 globalLimit=16 neighborOK=0 nodeOK=1 -> NO
[HOP 5] CanSendToHop dest=1 outstanding=1 threshold=0 effectiveWindow=1 pendingData=1 globalLimit=16 neighborOK=0 nodeOK=1 -> NO
[HOP 5] CanSendToHop dest=1 outstanding=1 threshold=0 effectiveWindow=1 pendingData=1 globalLimit=16 neighborOK=0 nodeOK=1 -> NO
[HOP 5] CanSendToHop dest=1 outstanding=1 threshold=0 effectiveWindow=1 pendingData=1 globalLimit=16 neighborOK=0 nodeOK=1 -> NO
[HOP 5] CanSendToHop dest=1 outstanding=1 threshold=0 effectiveWindow=1 pendingData=1 globalLimit=16 neighborOK=0 nodeOK=1 -> NO
[HOP 5] CanSendToHop dest=1 outstanding=1 threshold=0 effectiveWindow=1 pendingData=1 globalLimit=16 neighborOK=0 nodeOK=1 -> NO
[HOP 5] CanSendToHop dest=1 outstanding=1 threshold=0 effectiveWindow=1 pendingData=1 globalLimit=16 neighborOK=0 nodeOK=1 -> NO
[HOP 5] CanSendToHop dest=1 outstanding=1 threshold=0 effectiveWindow=1 pendingData=1 globalLimit=16 neighborOK=0 nodeOK=1 -> NO
[NWK 4] NSDP(4->1) incremented to 16
[NWK 5] NSDP(5->1) incremented to 16
[MAC 4] OPNET 300-ms transmit holdoff complete
[MAC 5] OPNET 300-ms transmit holdoff complete
[NWK 4] CheckNwkQueue: size=15
[HOP 4] CanSendToHop dest=5 outstanding=1 threshold=0 effectiveWindow=1 pendingData=1 globalLimit=16 neighborOK=0 nodeOK=1 -> NO
[HOP 4] CanSendToHop dest=5 outstanding=1 threshold=0 effectiveWindow=1 pendingData=1 globalLimit=16 neighborOK=0 nodeOK=1 -> NO
[HOP 4] CanSendToHop dest=5 outstanding=1 threshold=0 effectiveWindow=1 pendingData=1 globalLimit=16 neighborOK=0 nodeOK=1 -> NO
[HOP 4] CanSendToHop dest=5 outstanding=1 threshold=0 effectiveWindow=1 pendingData=1 globalLimit=16 neighborOK=0 nodeOK=1 -> NO
[HOP 4] CanSendToHop dest=5 outstanding=1 threshold=0 effectiveWindow=1 pendingData=1 globalLimit=16 neighborOK=0 nodeOK=1 -> NO
[HOP 4] CanSendToHop dest=5 outstanding=1 threshold=0 effectiveWindow=1 pendingData=1 globalLimit=16 neighborOK=0 nodeOK=1 -> NO
[HOP 4] CanSendToHop dest=5 outstanding=1 threshold=0 effectiveWindow=1 pendingData=1 globalLimit=16 neighborOK=0 nodeOK=1 -> NO
[HOP 4] CanSendToHop dest=5 outstanding=1 threshold=0 effectiveWindow=1 pendingData=1 globalLimit=16 neighborOK=0 nodeOK=1 -> NO
[HOP 4] CanSendToHop dest=5 outstanding=1 threshold=0 effectiveWindow=1 pendingData=1 globalLimit=16 neighborOK=0 nodeOK=1 -> NO
[HOP 4] CanSendToHop dest=5 outstanding=1 threshold=0 effectiveWindow=1 pendingData=1 globalLimit=16 neighborOK=0 nodeOK=1 -> NO
[HOP 4] CanSendToHop dest=5 outstanding=1 threshold=0 effectiveWindow=1 pendingData=1 globalLimit=16 neighborOK=0 nodeOK=1 -> NO
[HOP 4] CanSendToHop dest=5 outstanding=1 threshold=0 effectiveWindow=1 pendingData=1 globalLimit=16 neighborOK=0 nodeOK=1 -> NO
[HOP 4] CanSendToHop dest=5 outstanding=1 threshold=0 effectiveWindow=1 pendingData=1 globalLimit=16 neighborOK=0 nodeOK=1 -> NO
[HOP 4] CanSendToHop dest=5 outstanding=1 threshold=0 effectiveWindow=1 pendingData=1 globalLimit=16 neighborOK=0 nodeOK=1 -> NO
[HOP 4] CanSendToHop dest=5 outstanding=1 threshold=0 effectiveWindow=1 pendingData=1 globalLimit=16 neighborOK=0 nodeOK=1 -> NO
[NWK 5] CheckNwkQueue: size=15
[HOP 5] CanSendToHop dest=1 outstanding=1 threshold=0 effectiveWindow=1 pendingData=1 globalLimit=16 neighborOK=0 nodeOK=1 -> NO
[HOP 5] CanSendToHop dest=1 outstanding=1 threshold=0 effectiveWindow=1 pendingData=1 globalLimit=16 neighborOK=0 nodeOK=1 -> NO
[HOP 5] CanSendToHop dest=1 outstanding=1 threshold=0 effectiveWindow=1 pendingData=1 globalLimit=16 neighborOK=0 nodeOK=1 -> NO
[HOP 5] CanSendToHop dest=1 outstanding=1 threshold=0 effectiveWindow=1 pendingData=1 globalLimit=16 neighborOK=0 nodeOK=1 -> NO
[HOP 5] CanSendToHop dest=1 outstanding=1 threshold=0 effectiveWindow=1 pendingData=1 globalLimit=16 neighborOK=0 nodeOK=1 -> NO
[HOP 5] CanSendToHop dest=1 outstanding=1 threshold=0 effectiveWindow=1 pendingData=1 globalLimit=16 neighborOK=0 nodeOK=1 -> NO
[HOP 5] CanSendToHop dest=1 outstanding=1 threshold=0 effectiveWindow=1 pendingData=1 globalLimit=16 neighborOK=0 nodeOK=1 -> NO
[HOP 5] CanSendToHop dest=1 outstanding=1 threshold=0 effectiveWindow=1 pendingData=1 globalLimit=16 neighborOK=0 nodeOK=1 -> NO
[HOP 5] CanSendToHop dest=1 outstanding=1 threshold=0 effectiveWindow=1 pendingData=1 globalLimit=16 neighborOK=0 nodeOK=1 -> NO
[HOP 5] CanSendToHop dest=1 outstanding=1 threshold=0 effectiveWindow=1 pendingData=1 globalLimit=16 neighborOK=0 nodeOK=1 -> NO
[HOP 5] CanSendToHop dest=1 outstanding=1 threshold=0 effectiveWindow=1 pendingData=1 globalLimit=16 neighborOK=0 nodeOK=1 -> NO
[HOP 5] CanSendToHop dest=1 outstanding=1 threshold=0 effectiveWindow=1 pendingData=1 globalLimit=16 neighborOK=0 nodeOK=1 -> NO
[HOP 5] CanSendToHop dest=1 outstanding=1 threshold=0 effectiveWindow=1 pendingData=1 globalLimit=16 neighborOK=0 nodeOK=1 -> NO
[HOP 5] CanSendToHop dest=1 outstanding=1 threshold=0 effectiveWindow=1 pendingData=1 globalLimit=16 neighborOK=0 nodeOK=1 -> NO
[HOP 5] CanSendToHop dest=1 outstanding=1 threshold=0 effectiveWindow=1 pendingData=1 globalLimit=16 neighborOK=0 nodeOK=1 -> NO
[MAC 5] PickTxSlot(dest=1) active_nodes_for_slotting=3 opnet_slot_range=31
[MAC 5] PickTxSlot(dest=1) avoid:
[MAC 5] PickTxSlot chose 7 using historical next_tslot modulo probe
[MAC 5] TX opportunity reached currentSlot=3 reserveNextSlot=7
... type=0 speedKey=128[t=0.351] TX from node 5 to dest 1 seq 1 size 48 bytes segments 1 at slot 7 rate 128 kbps txPower 33 dBm (133333 bps) preamble SHORT duration 0.0225 s
[HOP 5] MAC sent confirmation dest=1 seq=1 transmission=1 sentAt=0.351
[MAC 5] OPNET aggregate transmitted segments=1 ackSegments=0 dataSegments=1 bytes=48 rate=128
[MAC 5] post-TX WAIT_FOR_ACK until 20.3735 (POST_TX_WAIT=20 s)
[MAC 1] Learned neighbor 5 uses slot 7 (rtCounter=7)
[HOP 1] New neighbor 5 heard at t=0.373501s
[HOP 1] link_control dest=5 neighborKnown=1 s0=-109 pathloss=70 failures=0 speed=128 txPower=33 rxPower=-109 cost=116
[MAC 1] Enqueue ACK dest=5 seq=1 window=1 ack_queue_size=1
[NWK 1] Added reverse path netSrc=5 reverseHop=5
[MAC 1] PickTxSlot(dest=5) active_nodes_for_slotting=3 opnet_slot_range=31
[MAC 1] avoiding neighbor 5 currentReservedSlot=6 rtslot_counter=6
[MAC 1] PickTxSlot(dest=5) avoid: 6
[MAC 1] PickTxSlot chose 1 using historical next_tslot modulo probe
[MAC 1] starts Pre-Tx with new slot=1 holdoff_over=0
[MAC 4] PickTxSlot(dest=5) active_nodes_for_slotting=3 opnet_slot_range=31
[MAC 4] PickTxSlot(dest=5) avoid:
[MAC 4] PickTxSlot chose 1 using historical next_tslot modulo probe
[MAC 4] TX opportunity reached currentSlot=9 reserveNextSlot=1
... type=0 speedKey=128[t=0.429] TX from node 4 to dest 5 seq 1 size 48 bytes segments 1 at slot 1 rate 128 kbps txPower 33 dBm (133333 bps) preamble SHORT duration 0.0225 s
[HOP 4] MAC sent confirmation dest=5 seq=1 transmission=1 sentAt=0.429
[MAC 4] OPNET aggregate transmitted segments=1 ackSegments=0 dataSegments=1 bytes=48 rate=128
[MAC 4] post-TX WAIT_FOR_ACK until 20.4515 (POST_TX_WAIT=20 s)
[MAC 5] Learned neighbor 4 uses slot 1 (rtCounter=1)
[HOP 5] New neighbor 4 heard at t=0.451501s
[HOP 5] link_control dest=4 neighborKnown=1 s0=-109 pathloss=70 failures=0 speed=128 txPower=33 rxPower=-109 cost=116
[NWK 5] Added reverse path netSrc=4 reverseHop=4
[MAC 5] Enqueue ACK dest=4 seq=1 window=1 ack_queue_size=1
[NWK 5] CheckNwkQueue: size=16
[HOP 5] CanSendToHop dest=1 outstanding=1 threshold=0 effectiveWindow=1 pendingData=1 globalLimit=16 neighborOK=0 nodeOK=1 -> NO
[HOP 5] CanSendToHop dest=1 outstanding=1 threshold=0 effectiveWindow=1 pendingData=1 globalLimit=16 neighborOK=0 nodeOK=1 -> NO
[HOP 5] CanSendToHop dest=1 outstanding=1 threshold=0 effectiveWindow=1 pendingData=1 globalLimit=16 neighborOK=0 nodeOK=1 -> NO
[HOP 5] CanSendToHop dest=1 outstanding=1 threshold=0 effectiveWindow=1 pendingData=1 globalLimit=16 neighborOK=0 nodeOK=1 -> NO
[HOP 5] CanSendToHop dest=1 outstanding=1 threshold=0 effectiveWindow=1 pendingData=1 globalLimit=16 neighborOK=0 nodeOK=1 -> NO
[HOP 5] CanSendToHop dest=1 outstanding=1 threshold=0 effectiveWindow=1 pendingData=1 globalLimit=16 neighborOK=0 nodeOK=1 -> NO
[HOP 5] CanSendToHop dest=1 outstanding=1 threshold=0 effectiveWindow=1 pendingData=1 globalLimit=16 neighborOK=0 nodeOK=1 -> NO
[HOP 5] CanSendToHop dest=1 outstanding=1 threshold=0 effectiveWindow=1 pendingData=1 globalLimit=16 neighborOK=0 nodeOK=1 -> NO
[HOP 5] CanSendToHop dest=1 outstanding=1 threshold=0 effectiveWindow=1 pendingData=1 globalLimit=16 neighborOK=0 nodeOK=1 -> NO
[HOP 5] CanSendToHop dest=1 outstanding=1 threshold=0 effectiveWindow=1 pendingData=1 globalLimit=16 neighborOK=0 nodeOK=1 -> NO
[HOP 5] CanSendToHop dest=1 outstanding=1 threshold=0 effectiveWindow=1 pendingData=1 globalLimit=16 neighborOK=0 nodeOK=1 -> NO
[HOP 5] CanSendToHop dest=1 outstanding=1 threshold=0 effectiveWindow=1 pendingData=1 globalLimit=16 neighborOK=0 nodeOK=1 -> NO
[HOP 5] CanSendToHop dest=1 outstanding=1 threshold=0 effectiveWindow=1 pendingData=1 globalLimit=16 neighborOK=0 nodeOK=1 -> NO
[HOP 5] CanSendToHop dest=1 outstanding=1 threshold=0 effectiveWindow=1 pendingData=1 globalLimit=16 neighborOK=0 nodeOK=1 -> NO
[HOP 5] CanSendToHop dest=1 outstanding=1 threshold=0 effectiveWindow=1 pendingData=1 globalLimit=16 neighborOK=0 nodeOK=1 -> NO
[HOP 5] CanSendToHop dest=1 outstanding=1 threshold=0 effectiveWindow=1 pendingData=1 globalLimit=16 neighborOK=0 nodeOK=1 -> NO
[MAC 5] resumes Pre-Tx with live slot=7 counter=0
[MAC 4] local advertised reservation expired
[MAC 5] rtslot_counter expired for neighbor 4 reserveSlot=1
[MAC 5] PickTxSlot(dest=4) active_nodes_for_slotting=3 opnet_slot_range=31
[MAC 5] PickTxSlot(dest=4) avoid:
[MAC 5] PickTxSlot chose 3 using historical next_tslot modulo probe
[MAC 5] TX opportunity reached currentSlot=7 reserveNextSlot=3
... type=1 speedKey=128[t=0.468] TX from node 5 to dest 4 seq 1 size 41 bytes segments 1 at slot 3 rate 128 kbps txPower 33 dBm (133333 bps) preamble SHORT duration 0.02208 s
[MAC 5] ACK transmitted in aggregate dest=4 seq=1 txCount=1/5
[MAC 5] OPNET aggregate transmitted segments=1 ackSegments=1 dataSegments=0 bytes=41 rate=128
[MAC 1] rtslot_counter expired for neighbor 5 reserveSlot=7
[MAC 5] resumes Pre-Tx with live slot=3 counter=3
[MAC 4] Learned neighbor 5 uses slot 3 (rtCounter=3)
[HOP 4] New neighbor 5 heard at t=0.490081s
[HOP 4] RX ACK from 5 seq=1
[HOP 4] Pending DATA decrement reason=ACK neighbor=5 pending=0
[NWK 4] NSDP(4->1) decremented to 15
[NWK 4] HOP completion released NSDP slot; awaiting HOP queue wake flow=4->1
[NWK 4] CheckNwkQueue: size=15
[HOP 4] CanSendToHop dest=5 outstanding=0 threshold=0 effectiveWindow=1 pendingData=0 globalLimit=16 neighborOK=1 nodeOK=1 -> YES
[HOP 4] link_control dest=5 neighborKnown=1 s0=-109 pathloss=70 failures=0 speed=128 txPower=33 rxPower=-109 cost=116
[HOP 4] Pending DATA increment dest=5 pending=1
[HOP 4] TX historical-bare DATA neighbor=5 hopSeq=2
[MAC] Enqueue TX pkt dscp=0 insert_pos=0 queue_size_before=0
[HOP 4] CanSendToHop dest=5 outstanding=1 threshold=0 effectiveWindow=1 pendingData=1 globalLimit=16 neighborOK=0 nodeOK=1 -> NO
[HOP 4] CanSendToHop dest=5 outstanding=1 threshold=0 effectiveWindow=1 pendingData=1 globalLimit=16 neighborOK=0 nodeOK=1 -> NO
[HOP 4] CanSendToHop dest=5 outstanding=1 threshold=0 effectiveWindow=1 pendingData=1 globalLimit=16 neighborOK=0 nodeOK=1 -> NO
[HOP 4] CanSendToHop dest=5 outstanding=1 threshold=0 effectiveWindow=1 pendingData=1 globalLimit=16 neighborOK=0 nodeOK=1 -> NO
[HOP 4] CanSendToHop dest=5 outstanding=1 threshold=0 effectiveWindow=1 pendingData=1 globalLimit=16 neighborOK=0 nodeOK=1 -> NO
[HOP 4] CanSendToHop dest=5 outstanding=1 threshold=0 effectiveWindow=1 pendingData=1 globalLimit=16 neighborOK=0 nodeOK=1 -> NO
[HOP 4] CanSendToHop dest=5 outstanding=1 threshold=0 effectiveWindow=1 pendingData=1 globalLimit=16 neighborOK=0 nodeOK=1 -> NO
[HOP 4] CanSendToHop dest=5 outstanding=1 threshold=0 effectiveWindow=1 pendingData=1 globalLimit=16 neighborOK=0 nodeOK=1 -> NO
[HOP 4] CanSendToHop dest=5 outstanding=1 threshold=0 effectiveWindow=1 pendingData=1 globalLimit=16 neighborOK=0 nodeOK=1 -> NO
[HOP 4] CanSendToHop dest=5 outstanding=1 threshold=0 effectiveWindow=1 pendingData=1 globalLimit=16 neighborOK=0 nodeOK=1 -> NO
[HOP 4] CanSendToHop dest=5 outstanding=1 threshold=0 effectiveWindow=1 pendingData=1 globalLimit=16 neighborOK=0 nodeOK=1 -> NO
[HOP 4] CanSendToHop dest=5 outstanding=1 threshold=0 effectiveWindow=1 pendingData=1 globalLimit=16 neighborOK=0 nodeOK=1 -> NO
[HOP 4] CanSendToHop dest=5 outstanding=1 threshold=0 effectiveWindow=1 pendingData=1 globalLimit=16 neighborOK=0 nodeOK=1 -> NO
[HOP 4] CanSendToHop dest=5 outstanding=1 threshold=0 effectiveWindow=1 pendingData=1 globalLimit=16 neighborOK=0 nodeOK=1 -> NO
[MAC 4] PickTxSlot(dest=5) active_nodes_for_slotting=3 opnet_slot_range=31
[MAC 4] avoiding neighbor 5 currentReservedSlot=2 rtslot_counter=2
[MAC 4] PickTxSlot(dest=5) avoid: 2
[MAC 4] PickTxSlot chose 9 using historical next_tslot modulo probe
[MAC 4] starts Pre-Tx with new slot=9 holdoff_over=1
[NWK 4] NSDP(4->1) incremented to 16
[NWK 4] CheckNwkQueue: size=15
[HOP 4] CanSendToHop dest=5 outstanding=1 threshold=0 effectiveWindow=1 pendingData=1 globalLimit=16 neighborOK=0 nodeOK=1 -> NO
[HOP 4] CanSendToHop dest=5 outstanding=1 threshold=0 effectiveWindow=1 pendingData=1 globalLimit=16 neighborOK=0 nodeOK=1 -> NO
[HOP 4] CanSendToHop dest=5 outstanding=1 threshold=0 effectiveWindow=1 pendingData=1 globalLimit=16 neighborOK=0 nodeOK=1 -> NO
[HOP 4] CanSendToHop dest=5 outstanding=1 threshold=0 effectiveWindow=1 pendingData=1 globalLimit=16 neighborOK=0 nodeOK=1 -> NO
[HOP 4] CanSendToHop dest=5 outstanding=1 threshold=0 effectiveWindow=1 pendingData=1 globalLimit=16 neighborOK=0 nodeOK=1 -> NO
[HOP 4] CanSendToHop dest=5 outstanding=1 threshold=0 effectiveWindow=1 pendingData=1 globalLimit=16 neighborOK=0 nodeOK=1 -> NO
[HOP 4] CanSendToHop dest=5 outstanding=1 threshold=0 effectiveWindow=1 pendingData=1 globalLimit=16 neighborOK=0 nodeOK=1 -> NO
[HOP 4] CanSendToHop dest=5 outstanding=1 threshold=0 effectiveWindow=1 pendingData=1 globalLimit=16 neighborOK=0 nodeOK=1 -> NO
[HOP 4] CanSendToHop dest=5 outstanding=1 threshold=0 effectiveWindow=1 pendingData=1 globalLimit=16 neighborOK=0 nodeOK=1 -> NO
[HOP 4] CanSendToHop dest=5 outstanding=1 threshold=0 effectiveWindow=1 pendingData=1 globalLimit=16 neighborOK=0 nodeOK=1 -> NO
[HOP 4] CanSendToHop dest=5 outstanding=1 threshold=0 effectiveWindow=1 pendingData=1 globalLimit=16 neighborOK=0 nodeOK=1 -> NO
[HOP 4] CanSendToHop dest=5 outstanding=1 threshold=0 effectiveWindow=1 pendingData=1 globalLimit=16 neighborOK=0 nodeOK=1 -> NO
[HOP 4] CanSendToHop dest=5 outstanding=1 threshold=0 effectiveWindow=1 pendingData=1 globalLimit=16 neighborOK=0 nodeOK=1 -> NO
[HOP 4] CanSendToHop dest=5 outstanding=1 threshold=0 effectiveWindow=1 pendingData=1 globalLimit=16 neighborOK=0 nodeOK=1 -> NO
[HOP 4] CanSendToHop dest=5 outstanding=1 threshold=0 effectiveWindow=1 pendingData=1 globalLimit=16 neighborOK=0 nodeOK=1 -> NO
[MAC 4] rtslot_counter expired for neighbor 5 reserveSlot=3
[MAC 5] PickTxSlot(dest=4) active_nodes_for_slotting=3 opnet_slot_range=31
[MAC 5] PickTxSlot(dest=4) avoid:
[MAC 5] PickTxSlot chose 7 using historical next_tslot modulo probe
[MAC 5] TX opportunity reached currentSlot=3 reserveNextSlot=7
... type=1 speedKey=128[t=0.533] TX from node 5 to dest 4 seq 1 size 41 bytes segments 1 at slot 7 rate 128 kbps txPower 33 dBm (133333 bps) preamble SHORT duration 0.02208 s
[MAC 5] ACK transmitted in aggregate dest=4 seq=1 txCount=2/5
[MAC 5] OPNET aggregate transmitted segments=1 ackSegments=1 dataSegments=0 bytes=41 rate=128
[MAC 5] resumes Pre-Tx with live slot=7 counter=7
[MAC 4] Learned neighbor 5 uses slot 7 (rtCounter=7)
[HOP 4] RX ACK from 5 seq=1
[NWK 4] CheckNwkQueue: size=15
[HOP 4] CanSendToHop dest=5 outstanding=1 threshold=0 effectiveWindow=1 pendingData=1 globalLimit=16 neighborOK=0 nodeOK=1 -> NO
[HOP 4] CanSendToHop dest=5 outstanding=1 threshold=0 effectiveWindow=1 pendingData=1 globalLimit=16 neighborOK=0 nodeOK=1 -> NO
[HOP 4] CanSendToHop dest=5 outstanding=1 threshold=0 effectiveWindow=1 pendingData=1 globalLimit=16 neighborOK=0 nodeOK=1 -> NO
[HOP 4] CanSendToHop dest=5 outstanding=1 threshold=0 effectiveWindow=1 pendingData=1 globalLimit=16 neighborOK=0 nodeOK=1 -> NO
[HOP 4] CanSendToHop dest=5 outstanding=1 threshold=0 effectiveWindow=1 pendingData=1 globalLimit=16 neighborOK=0 nodeOK=1 -> NO
[HOP 4] CanSendToHop dest=5 outstanding=1 threshold=0 effectiveWindow=1 pendingData=1 globalLimit=16 neighborOK=0 nodeOK=1 -> NO
[HOP 4] CanSendToHop dest=5 outstanding=1 threshold=0 effectiveWindow=1 pendingData=1 globalLimit=16 neighborOK=0 nodeOK=1 -> NO
[HOP 4] CanSendToHop dest=5 outstanding=1 threshold=0 effectiveWindow=1 pendingData=1 globalLimit=16 neighborOK=0 nodeOK=1 -> NO
[HOP 4] CanSendToHop dest=5 outstanding=1 threshold=0 effectiveWindow=1 pendingData=1 globalLimit=16 neighborOK=0 nodeOK=1 -> NO
[HOP 4] CanSendToHop dest=5 outstanding=1 threshold=0 effectiveWindow=1 pendingData=1 globalLimit=16 neighborOK=0 nodeOK=1 -> NO
[HOP 4] CanSendToHop dest=5 outstanding=1 threshold=0 effectiveWindow=1 pendingData=1 globalLimit=16 neighborOK=0 nodeOK=1 -> NO
[HOP 4] CanSendToHop dest=5 outstanding=1 threshold=0 effectiveWindow=1 pendingData=1 globalLimit=16 neighborOK=0 nodeOK=1 -> NO
[HOP 4] CanSendToHop dest=5 outstanding=1 threshold=0 effectiveWindow=1 pendingData=1 globalLimit=16 neighborOK=0 nodeOK=1 -> NO
[HOP 4] CanSendToHop dest=5 outstanding=1 threshold=0 effectiveWindow=1 pendingData=1 globalLimit=16 neighborOK=0 nodeOK=1 -> NO
[HOP 4] CanSendToHop dest=5 outstanding=1 threshold=0 effectiveWindow=1 pendingData=1 globalLimit=16 neighborOK=0 nodeOK=1 -> NO
[MAC 4] PickTxSlot(dest=5) active_nodes_for_slotting=3 opnet_slot_range=31
[MAC 4] avoiding neighbor 5 currentReservedSlot=1 rtslot_counter=1
[MAC 4] PickTxSlot(dest=5) avoid: 1
[MAC 4] PickTxSlot chose 2 using historical next_tslot modulo probe
[MAC 4] TX opportunity reached currentSlot=9 reserveNextSlot=2
... type=0 speedKey=128[t=0.624] TX from node 4 to dest 5 seq 2 size 48 bytes segments 1 at slot 2 rate 128 kbps txPower 33 dBm (133333 bps) preamble SHORT duration 0.0225 s
[HOP 4] MAC sent confirmation dest=5 seq=2 transmission=1 sentAt=0.624
[MAC 4] OPNET aggregate transmitted segments=1 ackSegments=0 dataSegments=1 bytes=48 rate=128
[MAC 4] post-TX WAIT_FOR_ACK until 20.6465 (POST_TX_WAIT=20 s)
[MAC 5] Learned neighbor 4 uses slot 2 (rtCounter=2)
[HOP 5] link_control dest=4 neighborKnown=1 s0=-109 pathloss=70 failures=0 speed=128 txPower=33 rxPower=-109 cost=116
[NWK 5] Updated reverse path netSrc=4 reverseHop=4
[MAC 5] Update cumulative ACK queue entry dest=4 baseSeq=2 txCount=0
[NWK 5] CheckNwkQueue: size=17
[HOP 5] CanSendToHop dest=1 outstanding=1 threshold=0 effectiveWindow=1 pendingData=1 globalLimit=16 neighborOK=0 nodeOK=1 -> NO
[HOP 5] CanSendToHop dest=1 outstanding=1 threshold=0 effectiveWindow=1 pendingData=1 globalLimit=16 neighborOK=0 nodeOK=1 -> NO
[HOP 5] CanSendToHop dest=1 outstanding=1 threshold=0 effectiveWindow=1 pendingData=1 globalLimit=16 neighborOK=0 nodeOK=1 -> NO
[HOP 5] CanSendToHop dest=1 outstanding=1 threshold=0 effectiveWindow=1 pendingData=1 globalLimit=16 neighborOK=0 nodeOK=1 -> NO
[HOP 5] CanSendToHop dest=1 outstanding=1 threshold=0 effectiveWindow=1 pendingData=1 globalLimit=16 neighborOK=0 nodeOK=1 -> NO
[HOP 5] CanSendToHop dest=1 outstanding=1 threshold=0 effectiveWindow=1 pendingData=1 globalLimit=16 neighborOK=0 nodeOK=1 -> NO
[HOP 5] CanSendToHop dest=1 outstanding=1 threshold=0 effectiveWindow=1 pendingData=1 globalLimit=16 neighborOK=0 nodeOK=1 -> NO
[HOP 5] CanSendToHop dest=1 outstanding=1 threshold=0 effectiveWindow=1 pendingData=1 globalLimit=16 neighborOK=0 nodeOK=1 -> NO
[HOP 5] CanSendToHop dest=1 outstanding=1 threshold=0 effectiveWindow=1 pendingData=1 globalLimit=16 neighborOK=0 nodeOK=1 -> NO
[HOP 5] CanSendToHop dest=1 outstanding=1 threshold=0 effectiveWindow=1 pendingData=1 globalLimit=16 neighborOK=0 nodeOK=1 -> NO
[HOP 5] CanSendToHop dest=1 outstanding=1 threshold=0 effectiveWindow=1 pendingData=1 globalLimit=16 neighborOK=0 nodeOK=1 -> NO
[HOP 5] CanSendToHop dest=1 outstanding=1 threshold=0 effectiveWindow=1 pendingData=1 globalLimit=16 neighborOK=0 nodeOK=1 -> NO
[HOP 5] CanSendToHop dest=1 outstanding=1 threshold=0 effectiveWindow=1 pendingData=1 globalLimit=16 neighborOK=0 nodeOK=1 -> NO
[HOP 5] CanSendToHop dest=1 outstanding=1 threshold=0 effectiveWindow=1 pendingData=1 globalLimit=16 neighborOK=0 nodeOK=1 -> NO
[HOP 5] CanSendToHop dest=1 outstanding=1 threshold=0 effectiveWindow=1 pendingData=1 globalLimit=16 neighborOK=0 nodeOK=1 -> NO
[HOP 5] CanSendToHop dest=1 outstanding=1 threshold=0 effectiveWindow=1 pendingData=1 globalLimit=16 neighborOK=0 nodeOK=1 -> NO
[HOP 5] CanSendToHop dest=1 outstanding=1 threshold=0 effectiveWindow=1 pendingData=1 globalLimit=16 neighborOK=0 nodeOK=1 -> NO
[MAC 5] PickTxSlot(dest=4) active_nodes_for_slotting=3 opnet_slot_range=31
[MAC 5] avoiding neighbor 4 currentReservedSlot=1 rtslot_counter=1
[MAC 5] PickTxSlot(dest=4) avoid: 1
[MAC 5] PickTxSlot chose 3 using historical next_tslot modulo probe
[MAC 5] TX opportunity reached currentSlot=7 reserveNextSlot=3
... type=1 speedKey=128[t=0.65] TX from node 5 to dest 4 seq 2 size 41 bytes segments 1 at slot 3 rate 128 kbps txPower 33 dBm (133333 bps) preamble SHORT duration 0.02208 s
[MAC 5] ACK transmitted in aggregate dest=4 seq=2 txCount=1/5
[MAC 5] OPNET aggregate transmitted segments=1 ackSegments=1 dataSegments=0 bytes=41 rate=128
[MAC 4] rtslot_counter expired for neighbor 5 reserveSlot=7
[MAC 5] resumes Pre-Tx with live slot=3 counter=3
[MAC 4] Learned neighbor 5 uses slot 3 (rtCounter=3)
[HOP 4] RX ACK from 5 seq=2
[HOP 4] Pending DATA decrement reason=ACK neighbor=5 pending=0
[NWK 4] NSDP(4->1) decremented to 15
[NWK 4] HOP completion released NSDP slot; awaiting HOP queue wake flow=4->1
[NWK 4] CheckNwkQueue: size=15
[HOP 4] CanSendToHop dest=5 outstanding=0 threshold=0 effectiveWindow=1 pendingData=0 globalLimit=16 neighborOK=1 nodeOK=1 -> YES
[HOP 4] link_control dest=5 neighborKnown=1 s0=-109 pathloss=70 failures=0 speed=128 txPower=33 rxPower=-109 cost=116
[HOP 4] Pending DATA increment dest=5 pending=1
[HOP 4] TX historical-bare DATA neighbor=5 hopSeq=3
[MAC] Enqueue TX pkt dscp=0 insert_pos=0 queue_size_before=0
[HOP 4] CanSendToHop dest=5 outstanding=1 threshold=0 effectiveWindow=1 pendingData=1 globalLimit=16 neighborOK=0 nodeOK=1 -> NO
[HOP 4] CanSendToHop dest=5 outstanding=1 threshold=0 effectiveWindow=1 pendingData=1 globalLimit=16 neighborOK=0 nodeOK=1 -> NO
[HOP 4] CanSendToHop dest=5 outstanding=1 threshold=0 effectiveWindow=1 pendingData=1 globalLimit=16 neighborOK=0 nodeOK=1 -> NO
[HOP 4] CanSendToHop dest=5 outstanding=1 threshold=0 effectiveWindow=1 pendingData=1 globalLimit=16 neighborOK=0 nodeOK=1 -> NO
[HOP 4] CanSendToHop dest=5 outstanding=1 threshold=0 effectiveWindow=1 pendingData=1 globalLimit=16 neighborOK=0 nodeOK=1 -> NO
[HOP 4] CanSendToHop dest=5 outstanding=1 threshold=0 effectiveWindow=1 pendingData=1 globalLimit=16 neighborOK=0 nodeOK=1 -> NO
[HOP 4] CanSendToHop dest=5 outstanding=1 threshold=0 effectiveWindow=1 pendingData=1 globalLimit=16 neighborOK=0 nodeOK=1 -> NO
[HOP 4] CanSendToHop dest=5 outstanding=1 threshold=0 effectiveWindow=1 pendingData=1 globalLimit=16 neighborOK=0 nodeOK=1 -> NO
[HOP 4] CanSendToHop dest=5 outstanding=1 threshold=0 effectiveWindow=1 pendingData=1 globalLimit=16 neighborOK=0 nodeOK=1 -> NO
[HOP 4] CanSendToHop dest=5 outstanding=1 threshold=0 effectiveWindow=1 pendingData=1 globalLimit=16 neighborOK=0 nodeOK=1 -> NO
[HOP 4] CanSendToHop dest=5 outstanding=1 threshold=0 effectiveWindow=1 pendingData=1 globalLimit=16 neighborOK=0 nodeOK=1 -> NO
[HOP 4] CanSendToHop dest=5 outstanding=1 threshold=0 effectiveWindow=1 pendingData=1 globalLimit=16 neighborOK=0 nodeOK=1 -> NO
[HOP 4] CanSendToHop dest=5 outstanding=1 threshold=0 effectiveWindow=1 pendingData=1 globalLimit=16 neighborOK=0 nodeOK=1 -> NO
[HOP 4] CanSendToHop dest=5 outstanding=1 threshold=0 effectiveWindow=1 pendingData=1 globalLimit=16 neighborOK=0 nodeOK=1 -> NO
[MAC 1] OPNET 300-ms transmit holdoff complete
[MAC 4] local advertised reservation expired
[MAC 4] PickTxSlot(dest=5) active_nodes_for_slotting=3 opnet_slot_range=31
[MAC 4] avoiding neighbor 5 currentReservedSlot=2 rtslot_counter=2
[MAC 4] PickTxSlot(dest=5) avoid: 2
[MAC 4] PickTxSlot chose 9 using historical next_tslot modulo probe
[MAC 4] starts Pre-Tx with new slot=9 holdoff_over=1
[NWK 4] NSDP(4->1) incremented to 16
[NWK 4] CheckNwkQueue: size=15
[HOP 4] CanSendToHop dest=5 outstanding=1 threshold=0 effectiveWindow=1 pendingData=1 globalLimit=16 neighborOK=0 nodeOK=1 -> NO
[HOP 4] CanSendToHop dest=5 outstanding=1 threshold=0 effectiveWindow=1 pendingData=1 globalLimit=16 neighborOK=0 nodeOK=1 -> NO
[HOP 4] CanSendToHop dest=5 outstanding=1 threshold=0 effectiveWindow=1 pendingData=1 globalLimit=16 neighborOK=0 nodeOK=1 -> NO
[HOP 4] CanSendToHop dest=5 outstanding=1 threshold=0 effectiveWindow=1 pendingData=1 globalLimit=16 neighborOK=0 nodeOK=1 -> NO
[HOP 4] CanSendToHop dest=5 outstanding=1 threshold=0 effectiveWindow=1 pendingData=1 globalLimit=16 neighborOK=0 nodeOK=1 -> NO
[HOP 4] CanSendToHop dest=5 outstanding=1 threshold=0 effectiveWindow=1 pendingData=1 globalLimit=16 neighborOK=0 nodeOK=1 -> NO
[HOP 4] CanSendToHop dest=5 outstanding=1 threshold=0 effectiveWindow=1 pendingData=1 globalLimit=16 neighborOK=0 nodeOK=1 -> NO
[HOP 4] CanSendToHop dest=5 outstanding=1 threshold=0 effectiveWindow=1 pendingData=1 globalLimit=16 neighborOK=0 nodeOK=1 -> NO
[HOP 4] CanSendToHop dest=5 outstanding=1 threshold=0 effectiveWindow=1 pendingData=1 globalLimit=16 neighborOK=0 nodeOK=1 -> NO
[HOP 4] CanSendToHop dest=5 outstanding=1 threshold=0 effectiveWindow=1 pendingData=1 globalLimit=16 neighborOK=0 nodeOK=1 -> NO
[HOP 4] CanSendToHop dest=5 outstanding=1 threshold=0 effectiveWindow=1 pendingData=1 globalLimit=16 neighborOK=0 nodeOK=1 -> NO
[HOP 4] CanSendToHop dest=5 outstanding=1 threshold=0 effectiveWindow=1 pendingData=1 globalLimit=16 neighborOK=0 nodeOK=1 -> NO
[HOP 4] CanSendToHop dest=5 outstanding=1 threshold=0 effectiveWindow=1 pendingData=1 globalLimit=16 neighborOK=0 nodeOK=1 -> NO
[HOP 4] CanSendToHop dest=5 outstanding=1 threshold=0 effectiveWindow=1 pendingData=1 globalLimit=16 neighborOK=0 nodeOK=1 -> NO
[HOP 4] CanSendToHop dest=5 outstanding=1 threshold=0 effectiveWindow=1 pendingData=1 globalLimit=16 neighborOK=0 nodeOK=1 -> NO
[MAC 5] rtslot_counter expired for neighbor 4 reserveSlot=2
[MAC 1] PickTxSlot(dest=5) active_nodes_for_slotting=3 opnet_slot_range=31
[MAC 1] PickTxSlot(dest=5) avoid:
[MAC 1] PickTxSlot chose 1 using historical next_tslot modulo probe
[MAC 1] TX opportunity reached currentSlot=1 reserveNextSlot=1
... type=1 speedKey=128[t=0.698501] TX from node 1 to dest 5 seq 1 size 41 bytes segments 1 at slot 1 rate 128 kbps txPower 33 dBm (133333 bps) preamble SHORT duration 0.02208 s
[MAC 1] ACK transmitted in aggregate dest=5 seq=1 txCount=1/5
[MAC 1] OPNET aggregate transmitted segments=1 ackSegments=1 dataSegments=0 bytes=41 rate=128
[MAC 4] rtslot_counter expired for neighbor 5 reserveSlot=3
[MAC 5] PickTxSlot(dest=4) active_nodes_for_slotting=3 opnet_slot_range=31
[MAC 5] PickTxSlot(dest=4) avoid:
[MAC 5] PickTxSlot chose 7 using historical next_tslot modulo probe
[MAC 5] TX opportunity reached currentSlot=3 reserveNextSlot=7
... type=1 speedKey=128[t=0.715] TX from node 5 to dest 4 seq 2 size 41 bytes segments 1 at slot 7 rate 128 kbps txPower 33 dBm (133333 bps) preamble SHORT duration 0.02208 s
[MAC 5] ACK transmitted in aggregate dest=4 seq=2 txCount=2/5
[MAC 5] OPNET aggregate transmitted segments=1 ackSegments=1 dataSegments=0 bytes=41 rate=128
[MAC 1] resumes Pre-Tx with live slot=1 counter=1
[MAC 5] Learned neighbor 1 uses slot 1 (rtCounter=1)
[HOP 5] New neighbor 1 heard at t=0.720582s
[HOP 5] RX ACK from 1 seq=1
[HOP 5] Pending DATA decrement reason=ACK neighbor=1 pending=0
[NWK 5] NSDP(5->1) decremented to 15
[NWK 5] HOP completion released NSDP slot; awaiting HOP queue wake flow=5->1
[NWK 5] CheckNwkQueue: size=17
[HOP 5] CanSendToHop dest=1 outstanding=0 threshold=0 effectiveWindow=1 pendingData=0 globalLimit=16 neighborOK=1 nodeOK=1 -> YES
[HOP 5] link_control dest=1 neighborKnown=1 s0=-109 pathloss=70 failures=0 speed=128 txPower=33 rxPower=-109 cost=116
[HOP 5] Pending DATA increment dest=1 pending=1
[HOP 5] TX historical-bare DATA neighbor=1 hopSeq=2
[MAC] Enqueue TX pkt dscp=0 insert_pos=0 queue_size_before=0
[HOP 5] CanSendToHop dest=1 outstanding=1 threshold=0 effectiveWindow=1 pendingData=1 globalLimit=16 neighborOK=0 nodeOK=1 -> NO
[HOP 5] CanSendToHop dest=1 outstanding=1 threshold=0 effectiveWindow=1 pendingData=1 globalLimit=16 neighborOK=0 nodeOK=1 -> NO
[HOP 5] CanSendToHop dest=1 outstanding=1 threshold=0 effectiveWindow=1 pendingData=1 globalLimit=16 neighborOK=0 nodeOK=1 -> NO
[HOP 5] CanSendToHop dest=1 outstanding=1 threshold=0 effectiveWindow=1 pendingData=1 globalLimit=16 neighborOK=0 nodeOK=1 -> NO
[HOP 5] CanSendToHop dest=1 outstanding=1 threshold=0 effectiveWindow=1 pendingData=1 globalLimit=16 neighborOK=0 nodeOK=1 -> NO
[HOP 5] CanSendToHop dest=1 outstanding=1 threshold=0 effectiveWindow=1 pendingData=1 globalLimit=16 neighborOK=0 nodeOK=1 -> NO
[HOP 5] CanSendToHop dest=1 outstanding=1 threshold=0 effectiveWindow=1 pendingData=1 globalLimit=16 neighborOK=0 nodeOK=1 -> NO
[HOP 5] CanSendToHop dest=1 outstanding=1 threshold=0 effectiveWindow=1 pendingData=1 globalLimit=16 neighborOK=0 nodeOK=1 -> NO
[HOP 5] CanSendToHop dest=1 outstanding=1 threshold=0 effectiveWindow=1 pendingData=1 globalLimit=16 neighborOK=0 nodeOK=1 -> NO
[HOP 5] CanSendToHop dest=1 outstanding=1 threshold=0 effectiveWindow=1 pendingData=1 globalLimit=16 neighborOK=0 nodeOK=1 -> NO
[HOP 5] CanSendToHop dest=1 outstanding=1 threshold=0 effectiveWindow=1 pendingData=1 globalLimit=16 neighborOK=0 nodeOK=1 -> NO
[HOP 5] CanSendToHop dest=1 outstanding=1 threshold=0 effectiveWindow=1 pendingData=1 globalLimit=16 neighborOK=0 nodeOK=1 -> NO
[HOP 5] CanSendToHop dest=1 outstanding=1 threshold=0 effectiveWindow=1 pendingData=1 globalLimit=16 neighborOK=0 nodeOK=1 -> NO
[HOP 5] CanSendToHop dest=1 outstanding=1 threshold=0 effectiveWindow=1 pendingData=1 globalLimit=16 neighborOK=0 nodeOK=1 -> NO
[HOP 5] CanSendToHop dest=1 outstanding=1 threshold=0 effectiveWindow=1 pendingData=1 globalLimit=16 neighborOK=0 nodeOK=1 -> NO
[HOP 5] CanSendToHop dest=1 outstanding=1 threshold=0 effectiveWindow=1 pendingData=1 globalLimit=16 neighborOK=0 nodeOK=1 -> NO
[MAC 5] resumes Pre-Tx with live slot=7 counter=7
[MAC 4] Learned neighbor 5 uses slot 7 (rtCounter=7)
[HOP 4] RX ACK from 5 seq=2
[NWK 4] CheckNwkQueue: size=15
[HOP 4] CanSendToHop dest=5 outstanding=1 threshold=0 effectiveWindow=1 pendingData=1 globalLimit=16 neighborOK=0 nodeOK=1 -> NO
[HOP 4] CanSendToHop dest=5 outstanding=1 threshold=0 effectiveWindow=1 pendingData=1 globalLimit=16 neighborOK=0 nodeOK=1 -> NO
[HOP 4] CanSendToHop dest=5 outstanding=1 threshold=0 effectiveWindow=1 pendingData=1 globalLimit=16 neighborOK=0 nodeOK=1 -> NO
[HOP 4] CanSendToHop dest=5 outstanding=1 threshold=0 effectiveWindow=1 pendingData=1 globalLimit=16 neighborOK=0 nodeOK=1 -> NO
[HOP 4] CanSendToHop dest=5 outstanding=1 threshold=0 effectiveWindow=1 pendingData=1 globalLimit=16 neighborOK=0 nodeOK=1 -> NO
[HOP 4] CanSendToHop dest=5 outstanding=1 threshold=0 effectiveWindow=1 pendingData=1 globalLimit=16 neighborOK=0 nodeOK=1 -> NO
[HOP 4] CanSendToHop dest=5 outstanding=1 threshold=0 effectiveWindow=1 pendingData=1 globalLimit=16 neighborOK=0 nodeOK=1 -> NO
[HOP 4] CanSendToHop dest=5 outstanding=1 threshold=0 effectiveWindow=1 pendingData=1 globalLimit=16 neighborOK=0 nodeOK=1 -> NO
[HOP 4] CanSendToHop dest=5 outstanding=1 threshold=0 effectiveWindow=1 pendingData=1 globalLimit=16 neighborOK=0 nodeOK=1 -> NO
[HOP 4] CanSendToHop dest=5 outstanding=1 threshold=0 effectiveWindow=1 pendingData=1 globalLimit=16 neighborOK=0 nodeOK=1 -> NO
[HOP 4] CanSendToHop dest=5 outstanding=1 threshold=0 effectiveWindow=1 pendingData=1 globalLimit=16 neighborOK=0 nodeOK=1 -> NO
[HOP 4] CanSendToHop dest=5 outstanding=1 threshold=0 effectiveWindow=1 pendingData=1 globalLimit=16 neighborOK=0 nodeOK=1 -> NO
[HOP 4] CanSendToHop dest=5 outstanding=1 threshold=0 effectiveWindow=1 pendingData=1 globalLimit=16 neighborOK=0 nodeOK=1 -> NO
[HOP 4] CanSendToHop dest=5 outstanding=1 threshold=0 effectiveWindow=1 pendingData=1 globalLimit=16 neighborOK=0 nodeOK=1 -> NO
[HOP 4] CanSendToHop dest=5 outstanding=1 threshold=0 effectiveWindow=1 pendingData=1 globalLimit=16 neighborOK=0 nodeOK=1 -> NO
[MAC 1] PickTxSlot(dest=5) active_nodes_for_slotting=3 opnet_slot_range=31
[MAC 1] PickTxSlot(dest=5) avoid:
[MAC 1] PickTxSlot chose 1 using historical next_tslot modulo probe
[MAC 1] TX opportunity reached currentSlot=1 reserveNextSlot=1
... type=1 speedKey=128[t=0.737501] TX from node 1 to dest 5 seq 1 size 41 bytes segments 1 at slot 1 rate 128 kbps txPower 33 dBm (133333 bps) preamble SHORT duration 0.02208 s
[MAC 1] ACK transmitted in aggregate dest=5 seq=1 txCount=2/5
[MAC 1] OPNET aggregate transmitted segments=1 ackSegments=1 dataSegments=0 bytes=41 rate=128
[NWK 5] NSDP(5->1) incremented to 16
[NWK 5] CheckNwkQueue: size=17
[HOP 5] CanSendToHop dest=1 outstanding=1 threshold=0 effectiveWindow=1 pendingData=1 globalLimit=16 neighborOK=0 nodeOK=1 -> NO
[HOP 5] CanSendToHop dest=1 outstanding=1 threshold=0 effectiveWindow=1 pendingData=1 globalLimit=16 neighborOK=0 nodeOK=1 -> NO
[HOP 5] CanSendToHop dest=1 outstanding=1 threshold=0 effectiveWindow=1 pendingData=1 globalLimit=16 neighborOK=0 nodeOK=1 -> NO
[HOP 5] CanSendToHop dest=1 outstanding=1 threshold=0 effectiveWindow=1 pendingData=1 globalLimit=16 neighborOK=0 nodeOK=1 -> NO
[HOP 5] CanSendToHop dest=1 outstanding=1 threshold=0 effectiveWindow=1 pendingData=1 globalLimit=16 neighborOK=0 nodeOK=1 -> NO
[HOP 5] CanSendToHop dest=1 outstanding=1 threshold=0 effectiveWindow=1 pendingData=1 globalLimit=16 neighborOK=0 nodeOK=1 -> NO
[HOP 5] CanSendToHop dest=1 outstanding=1 threshold=0 effectiveWindow=1 pendingData=1 globalLimit=16 neighborOK=0 nodeOK=1 -> NO
[HOP 5] CanSendToHop dest=1 outstanding=1 threshold=0 effectiveWindow=1 pendingData=1 globalLimit=16 neighborOK=0 nodeOK=1 -> NO
[HOP 5] CanSendToHop dest=1 outstanding=1 threshold=0 effectiveWindow=1 pendingData=1 globalLimit=16 neighborOK=0 nodeOK=1 -> NO
[HOP 5] CanSendToHop dest=1 outstanding=1 threshold=0 effectiveWindow=1 pendingData=1 globalLimit=16 neighborOK=0 nodeOK=1 -> NO
[HOP 5] CanSendToHop dest=1 outstanding=1 threshold=0 effectiveWindow=1 pendingData=1 globalLimit=16 neighborOK=0 nodeOK=1 -> NO
[HOP 5] CanSendToHop dest=1 outstanding=1 threshold=0 effectiveWindow=1 pendingData=1 globalLimit=16 neighborOK=0 nodeOK=1 -> NO
[HOP 5] CanSendToHop dest=1 outstanding=1 threshold=0 effectiveWindow=1 pendingData=1 globalLimit=16 neighborOK=0 nodeOK=1 -> NO
[HOP 5] CanSendToHop dest=1 outstanding=1 threshold=0 effectiveWindow=1 pendingData=1 globalLimit=16 neighborOK=0 nodeOK=1 -> NO
[HOP 5] CanSendToHop dest=1 outstanding=1 threshold=0 effectiveWindow=1 pendingData=1 globalLimit=16 neighborOK=0 nodeOK=1 -> NO
[HOP 5] CanSendToHop dest=1 outstanding=1 threshold=0 effectiveWindow=1 pendingData=1 globalLimit=16 neighborOK=0 nodeOK=1 -> NO
[HOP 5] CanSendToHop dest=1 outstanding=1 threshold=0 effectiveWindow=1 pendingData=1 globalLimit=16 neighborOK=0 nodeOK=1 -> NO
[MAC 5] rtslot_counter expired for neighbor 1 reserveSlot=1
[MAC 1] resumes Pre-Tx with live slot=1 counter=1
[MAC 5] Learned neighbor 1 uses slot 1 (rtCounter=1)
[HOP 5] RX ACK from 1 seq=1
[NWK 5] CheckNwkQueue: size=17
[HOP 5] CanSendToHop dest=1 outstanding=1 threshold=0 effectiveWindow=1 pendingData=1 globalLimit=16 neighborOK=0 nodeOK=1 -> NO
[HOP 5] CanSendToHop dest=1 outstanding=1 threshold=0 effectiveWindow=1 pendingData=1 globalLimit=16 neighborOK=0 nodeOK=1 -> NO
[HOP 5] CanSendToHop dest=1 outstanding=1 threshold=0 effectiveWindow=1 pendingData=1 globalLimit=16 neighborOK=0 nodeOK=1 -> NO
[HOP 5] CanSendToHop dest=1 outstanding=1 threshold=0 effectiveWindow=1 pendingData=1 globalLimit=16 neighborOK=0 nodeOK=1 -> NO
[HOP 5] CanSendToHop dest=1 outstanding=1 threshold=0 effectiveWindow=1 pendingData=1 globalLimit=16 neighborOK=0 nodeOK=1 -> NO
[HOP 5] CanSendToHop dest=1 outstanding=1 threshold=0 effectiveWindow=1 pendingData=1 globalLimit=16 neighborOK=0 nodeOK=1 -> NO
[HOP 5] CanSendToHop dest=1 outstanding=1 threshold=0 effectiveWindow=1 pendingData=1 globalLimit=16 neighborOK=0 nodeOK=1 -> NO
[HOP 5] CanSendToHop dest=1 outstanding=1 threshold=0 effectiveWindow=1 pendingData=1 globalLimit=16 neighborOK=0 nodeOK=1 -> NO
[HOP 5] CanSendToHop dest=1 outstanding=1 threshold=0 effectiveWindow=1 pendingData=1 globalLimit=16 neighborOK=0 nodeOK=1 -> NO
[HOP 5] CanSendToHop dest=1 outstanding=1 threshold=0 effectiveWindow=1 pendingData=1 globalLimit=16 neighborOK=0 nodeOK=1 -> NO
[HOP 5] CanSendToHop dest=1 outstanding=1 threshold=0 effectiveWindow=1 pendingData=1 globalLimit=16 neighborOK=0 nodeOK=1 -> NO
[HOP 5] CanSendToHop dest=1 outstanding=1 threshold=0 effectiveWindow=1 pendingData=1 globalLimit=16 neighborOK=0 nodeOK=1 -> NO
[HOP 5] CanSendToHop dest=1 outstanding=1 threshold=0 effectiveWindow=1 pendingData=1 globalLimit=16 neighborOK=0 nodeOK=1 -> NO
[HOP 5] CanSendToHop dest=1 outstanding=1 threshold=0 effectiveWindow=1 pendingData=1 globalLimit=16 neighborOK=0 nodeOK=1 -> NO
[HOP 5] CanSendToHop dest=1 outstanding=1 threshold=0 effectiveWindow=1 pendingData=1 globalLimit=16 neighborOK=0 nodeOK=1 -> NO
[HOP 5] CanSendToHop dest=1 outstanding=1 threshold=0 effectiveWindow=1 pendingData=1 globalLimit=16 neighborOK=0 nodeOK=1 -> NO
[HOP 5] CanSendToHop dest=1 outstanding=1 threshold=0 effectiveWindow=1 pendingData=1 globalLimit=16 neighborOK=0 nodeOK=1 -> NO
[MAC 1] PickTxSlot(dest=5) active_nodes_for_slotting=3 opnet_slot_range=31
[MAC 1] PickTxSlot(dest=5) avoid:
[MAC 1] PickTxSlot chose 1 using historical next_tslot modulo probe
[MAC 1] TX opportunity reached currentSlot=1 reserveNextSlot=1
... type=1 speedKey=128[t=0.776501] TX from node 1 to dest 5 seq 1 size 41 bytes segments 1 at slot 1 rate 128 kbps txPower 33 dBm (133333 bps) preamble SHORT duration 0.02208 s
[MAC 1] ACK transmitted in aggregate dest=5 seq=1 txCount=3/5
[MAC 1] OPNET aggregate transmitted segments=1 ackSegments=1 dataSegments=0 bytes=41 rate=128
[MAC 5] rtslot_counter expired for neighbor 1 reserveSlot=1
[MAC 1] resumes Pre-Tx with live slot=1 counter=1
[MAC 5] Learned neighbor 1 uses slot 1 (rtCounter=1)
[HOP 5] RX ACK from 1 seq=1
[NWK 5] CheckNwkQueue: size=17
[HOP 5] CanSendToHop dest=1 outstanding=1 threshold=0 effectiveWindow=1 pendingData=1 globalLimit=16 neighborOK=0 nodeOK=1 -> NO
[HOP 5] CanSendToHop dest=1 outstanding=1 threshold=0 effectiveWindow=1 pendingData=1 globalLimit=16 neighborOK=0 nodeOK=1 -> NO
[HOP 5] CanSendToHop dest=1 outstanding=1 threshold=0 effectiveWindow=1 pendingData=1 globalLimit=16 neighborOK=0 nodeOK=1 -> NO
[HOP 5] CanSendToHop dest=1 outstanding=1 threshold=0 effectiveWindow=1 pendingData=1 globalLimit=16 neighborOK=0 nodeOK=1 -> NO
[HOP 5] CanSendToHop dest=1 outstanding=1 threshold=0 effectiveWindow=1 pendingData=1 globalLimit=16 neighborOK=0 nodeOK=1 -> NO
[HOP 5] CanSendToHop dest=1 outstanding=1 threshold=0 effectiveWindow=1 pendingData=1 globalLimit=16 neighborOK=0 nodeOK=1 -> NO
[HOP 5] CanSendToHop dest=1 outstanding=1 threshold=0 effectiveWindow=1 pendingData=1 globalLimit=16 neighborOK=0 nodeOK=1 -> NO
[HOP 5] CanSendToHop dest=1 outstanding=1 threshold=0 effectiveWindow=1 pendingData=1 globalLimit=16 neighborOK=0 nodeOK=1 -> NO
[HOP 5] CanSendToHop dest=1 outstanding=1 threshold=0 effectiveWindow=1 pendingData=1 globalLimit=16 neighborOK=0 nodeOK=1 -> NO
[HOP 5] CanSendToHop dest=1 outstanding=1 threshold=0 effectiveWindow=1 pendingData=1 globalLimit=16 neighborOK=0 nodeOK=1 -> NO
[HOP 5] CanSendToHop dest=1 outstanding=1 threshold=0 effectiveWindow=1 pendingData=1 globalLimit=16 neighborOK=0 nodeOK=1 -> NO
[HOP 5] CanSendToHop dest=1 outstanding=1 threshold=0 effectiveWindow=1 pendingData=1 globalLimit=16 neighborOK=0 nodeOK=1 -> NO
[HOP 5] CanSendToHop dest=1 outstanding=1 threshold=0 effectiveWindow=1 pendingData=1 globalLimit=16 neighborOK=0 nodeOK=1 -> NO
[HOP 5] CanSendToHop dest=1 outstanding=1 threshold=0 effectiveWindow=1 pendingData=1 globalLimit=16 neighborOK=0 nodeOK=1 -> NO
[HOP 5] CanSendToHop dest=1 outstanding=1 threshold=0 effectiveWindow=1 pendingData=1 globalLimit=16 neighborOK=0 nodeOK=1 -> NO
[HOP 5] CanSendToHop dest=1 outstanding=1 threshold=0 effectiveWindow=1 pendingData=1 globalLimit=16 neighborOK=0 nodeOK=1 -> NO
[HOP 5] CanSendToHop dest=1 outstanding=1 threshold=0 effectiveWindow=1 pendingData=1 globalLimit=16 neighborOK=0 nodeOK=1 -> NO
[MAC 4] PickTxSlot(dest=5) active_nodes_for_slotting=3 opnet_slot_range=31
[MAC 4] avoiding neighbor 5 currentReservedSlot=1 rtslot_counter=1
[MAC 4] PickTxSlot(dest=5) avoid: 1
[MAC 4] PickTxSlot chose 2 using historical next_tslot modulo probe
[MAC 4] TX opportunity reached currentSlot=9 reserveNextSlot=2
... type=0 speedKey=128[t=0.806] TX from node 4 to dest 5 seq 3 size 48 bytes segments 1 at slot 2 rate 128 kbps txPower 33 dBm (133333 bps) preamble SHORT duration 0.0225 s
[HOP 4] MAC sent confirmation dest=5 seq=3 transmission=1 sentAt=0.806
[MAC 4] OPNET aggregate transmitted segments=1 ackSegments=0 dataSegments=1 bytes=48 rate=128
[MAC 1] PickTxSlot(dest=5) active_nodes_for_slotting=3 opnet_slot_range=31
[MAC 1] PickTxSlot(dest=5) avoid:
[MAC 1] PickTxSlot chose 1 using historical next_tslot modulo probe
[MAC 1] TX opportunity reached currentSlot=1 reserveNextSlot=1
... type=1 speedKey=128[t=0.815501] TX from node 1 to dest 5 seq 1 size 41 bytes segments 1 at slot 1 rate 128 kbps txPower 33 dBm (133333 bps) preamble SHORT duration 0.02208 s
[MAC 1] ACK transmitted in aggregate dest=5 seq=1 txCount=4/5
[MAC 1] OPNET aggregate transmitted segments=1 ackSegments=1 dataSegments=0 bytes=41 rate=128
[MAC 5] rtslot_counter expired for neighbor 1 reserveSlot=1
[MAC 4] post-TX WAIT_FOR_ACK until 20.8285 (POST_TX_WAIT=20 s)
[MAC 5] Learned neighbor 4 uses slot 2 (rtCounter=2)
[HOP 5] link_control dest=4 neighborKnown=1 s0=-109 pathloss=70 failures=0 speed=128 txPower=33 rxPower=-109 cost=116
[NWK 5] Updated reverse path netSrc=4 reverseHop=4
[MAC 5] Update cumulative ACK queue entry dest=4 baseSeq=3 txCount=0
[NWK 5] CheckNwkQueue: size=18
[HOP 5] CanSendToHop dest=1 outstanding=1 threshold=0 effectiveWindow=1 pendingData=1 globalLimit=16 neighborOK=0 nodeOK=1 -> NO
[HOP 5] CanSendToHop dest=1 outstanding=1 threshold=0 effectiveWindow=1 pendingData=1 globalLimit=16 neighborOK=0 nodeOK=1 -> NO
[HOP 5] CanSendToHop dest=1 outstanding=1 threshold=0 effectiveWindow=1 pendingData=1 globalLimit=16 neighborOK=0 nodeOK=1 -> NO
[HOP 5] CanSendToHop dest=1 outstanding=1 threshold=0 effectiveWindow=1 pendingData=1 globalLimit=16 neighborOK=0 nodeOK=1 -> NO
[HOP 5] CanSendToHop dest=1 outstanding=1 threshold=0 effectiveWindow=1 pendingData=1 globalLimit=16 neighborOK=0 nodeOK=1 -> NO
[HOP 5] CanSendToHop dest=1 outstanding=1 threshold=0 effectiveWindow=1 pendingData=1 globalLimit=16 neighborOK=0 nodeOK=1 -> NO
[HOP 5] CanSendToHop dest=1 outstanding=1 threshold=0 effectiveWindow=1 pendingData=1 globalLimit=16 neighborOK=0 nodeOK=1 -> NO
[HOP 5] CanSendToHop dest=1 outstanding=1 threshold=0 effectiveWindow=1 pendingData=1 globalLimit=16 neighborOK=0 nodeOK=1 -> NO
[HOP 5] CanSendToHop dest=1 outstanding=1 threshold=0 effectiveWindow=1 pendingData=1 globalLimit=16 neighborOK=0 nodeOK=1 -> NO
[HOP 5] CanSendToHop dest=1 outstanding=1 threshold=0 effectiveWindow=1 pendingData=1 globalLimit=16 neighborOK=0 nodeOK=1 -> NO
[HOP 5] CanSendToHop dest=1 outstanding=1 threshold=0 effectiveWindow=1 pendingData=1 globalLimit=16 neighborOK=0 nodeOK=1 -> NO
[HOP 5] CanSendToHop dest=1 outstanding=1 threshold=0 effectiveWindow=1 pendingData=1 globalLimit=16 neighborOK=0 nodeOK=1 -> NO
[HOP 5] CanSendToHop dest=1 outstanding=1 threshold=0 effectiveWindow=1 pendingData=1 globalLimit=16 neighborOK=0 nodeOK=1 -> NO
[HOP 5] CanSendToHop dest=1 outstanding=1 threshold=0 effectiveWindow=1 pendingData=1 globalLimit=16 neighborOK=0 nodeOK=1 -> NO
[HOP 5] CanSendToHop dest=1 outstanding=1 threshold=0 effectiveWindow=1 pendingData=1 globalLimit=16 neighborOK=0 nodeOK=1 -> NO
[HOP 5] CanSendToHop dest=1 outstanding=1 threshold=0 effectiveWindow=1 pendingData=1 globalLimit=16 neighborOK=0 nodeOK=1 -> NO
[HOP 5] CanSendToHop dest=1 outstanding=1 threshold=0 effectiveWindow=1 pendingData=1 globalLimit=16 neighborOK=0 nodeOK=1 -> NO
[HOP 5] CanSendToHop dest=1 outstanding=1 threshold=0 effectiveWindow=1 pendingData=1 globalLimit=16 neighborOK=0 nodeOK=1 -> NO
[MAC 5] PickTxSlot(dest=4) active_nodes_for_slotting=3 opnet_slot_range=31
[MAC 5] avoiding neighbor 4 currentReservedSlot=1 rtslot_counter=1
[MAC 5] PickTxSlot(dest=4) avoid: 1
[MAC 5] PickTxSlot chose 3 using historical next_tslot modulo probe
[MAC 5] TX opportunity reached currentSlot=7 reserveNextSlot=3
... type=1 speedKey=128[t=0.832] TX from node 5 to dest 4 seq 3 size 89 bytes segments 2 at slot 3 rate 128 kbps txPower 33 dBm (133333 bps) preamble SHORT duration 0.02496 s
[HOP 5] MAC sent confirmation dest=1 seq=2 transmission=1 sentAt=0.832
[MAC 5] ACK transmitted in aggregate dest=4 seq=3 txCount=1/5
[MAC 5] OPNET aggregate transmitted segments=2 ackSegments=1 dataSegments=1 bytes=89 rate=128
[MAC 1] resumes Pre-Tx with live slot=1 counter=1
[MAC 5] Learned neighbor 1 uses slot 1 (rtCounter=1)
[HOP 5] RX ACK from 1 seq=1
[NWK 5] CheckNwkQueue: size=18
[HOP 5] CanSendToHop dest=1 outstanding=1 threshold=0 effectiveWindow=1 pendingData=1 globalLimit=16 neighborOK=0 nodeOK=1 -> NO
[HOP 5] CanSendToHop dest=1 outstanding=1 threshold=0 effectiveWindow=1 pendingData=1 globalLimit=16 neighborOK=0 nodeOK=1 -> NO
[HOP 5] CanSendToHop dest=1 outstanding=1 threshold=0 effectiveWindow=1 pendingData=1 globalLimit=16 neighborOK=0 nodeOK=1 -> NO
[HOP 5] CanSendToHop dest=1 outstanding=1 threshold=0 effectiveWindow=1 pendingData=1 globalLimit=16 neighborOK=0 nodeOK=1 -> NO
[HOP 5] CanSendToHop dest=1 outstanding=1 threshold=0 effectiveWindow=1 pendingData=1 globalLimit=16 neighborOK=0 nodeOK=1 -> NO
[HOP 5] CanSendToHop dest=1 outstanding=1 threshold=0 effectiveWindow=1 pendingData=1 globalLimit=16 neighborOK=0 nodeOK=1 -> NO
[HOP 5] CanSendToHop dest=1 outstanding=1 threshold=0 effectiveWindow=1 pendingData=1 globalLimit=16 neighborOK=0 nodeOK=1 -> NO
[HOP 5] CanSendToHop dest=1 outstanding=1 threshold=0 effectiveWindow=1 pendingData=1 globalLimit=16 neighborOK=0 nodeOK=1 -> NO
[HOP 5] CanSendToHop dest=1 outstanding=1 threshold=0 effectiveWindow=1 pendingData=1 globalLimit=16 neighborOK=0 nodeOK=1 -> NO
[HOP 5] CanSendToHop dest=1 outstanding=1 threshold=0 effectiveWindow=1 pendingData=1 globalLimit=16 neighborOK=0 nodeOK=1 -> NO
[HOP 5] CanSendToHop dest=1 outstanding=1 threshold=0 effectiveWindow=1 pendingData=1 globalLimit=16 neighborOK=0 nodeOK=1 -> NO
[HOP 5] CanSendToHop dest=1 outstanding=1 threshold=0 effectiveWindow=1 pendingData=1 globalLimit=16 neighborOK=0 nodeOK=1 -> NO
[HOP 5] CanSendToHop dest=1 outstanding=1 threshold=0 effectiveWindow=1 pendingData=1 globalLimit=16 neighborOK=0 nodeOK=1 -> NO
[HOP 5] CanSendToHop dest=1 outstanding=1 threshold=0 effectiveWindow=1 pendingData=1 globalLimit=16 neighborOK=0 nodeOK=1 -> NO
[HOP 5] CanSendToHop dest=1 outstanding=1 threshold=0 effectiveWindow=1 pendingData=1 globalLimit=16 neighborOK=0 nodeOK=1 -> NO
[HOP 5] CanSendToHop dest=1 outstanding=1 threshold=0 effectiveWindow=1 pendingData=1 globalLimit=16 neighborOK=0 nodeOK=1 -> NO
[HOP 5] CanSendToHop dest=1 outstanding=1 threshold=0 effectiveWindow=1 pendingData=1 globalLimit=16 neighborOK=0 nodeOK=1 -> NO
[HOP 5] CanSendToHop dest=1 outstanding=1 threshold=0 effectiveWindow=1 pendingData=1 globalLimit=16 neighborOK=0 nodeOK=1 -> NO
[MAC 4] rtslot_counter expired for neighbor 5 reserveSlot=7
[MAC 1] PickTxSlot(dest=5) active_nodes_for_slotting=3 opnet_slot_range=31
[MAC 1] PickTxSlot(dest=5) avoid:
[MAC 1] PickTxSlot chose 1 using historical next_tslot modulo probe
[MAC 1] TX opportunity reached currentSlot=1 reserveNextSlot=1
... type=1 speedKey=128[t=0.854501] TX from node 1 to dest 5 seq 1 size 41 bytes segments 1 at slot 1 rate 128 kbps txPower 33 dBm (133333 bps) preamble SHORT duration 0.02208 s
[MAC 1] ACK transmitted in aggregate dest=5 seq=1 txCount=5/5
[MAC 1] Remove ACK after OPNET resend limit dest=5 seq=1
[MAC 1] OPNET aggregate transmitted segments=1 ackSegments=1 dataSegments=0 bytes=41 rate=128
[MAC 5] resumes Pre-Tx with live slot=3 counter=3
[MAC 4] Learned neighbor 5 uses slot 3 (rtCounter=3)
[HOP 4] RX ACK from 5 seq=3
[HOP 4] Pending DATA decrement reason=ACK neighbor=5 pending=0
[HOP 4] Adaptive flow threshold increased neighbor=5 old=0 new=1 effectiveWindow=2
[NWK 4] NSDP(4->1) decremented to 15
[NWK 4] HOP completion released NSDP slot; awaiting HOP queue wake flow=4->1
[MAC 1] Learned neighbor 5 uses slot 3 (rtCounter=3)
[HOP 1] link_control dest=5 neighborKnown=1 s0=-109 pathloss=70 failures=0 speed=128 txPower=33 rxPower=-109 cost=116
[MAC 1] Enqueue ACK dest=5 seq=2 window=1 ack_queue_size=1
[NWK 1] Updated reverse path netSrc=5 reverseHop=5
[NWK 4] CheckNwkQueue: size=15
[HOP 4] CanSendToHop dest=5 outstanding=0 threshold=1 effectiveWindow=2 pendingData=0 globalLimit=16 neighborOK=1 nodeOK=1 -> YES
[HOP 4] link_control dest=5 neighborKnown=1 s0=-109 pathloss=70 failures=0 speed=128 txPower=33 rxPower=-109 cost=116
[HOP 4] Pending DATA increment dest=5 pending=1
[HOP 4] TX historical-bare DATA neighbor=5 hopSeq=4
[MAC] Enqueue TX pkt dscp=0 insert_pos=0 queue_size_before=0
[HOP 4] CanSendToHop dest=5 outstanding=1 threshold=1 effectiveWindow=2 pendingData=1 globalLimit=16 neighborOK=1 nodeOK=1 -> YES
[HOP 4] link_control dest=5 neighborKnown=1 s0=-109 pathloss=70 failures=0 speed=128 txPower=33 rxPower=-109 cost=116
[HOP 4] Pending DATA increment dest=5 pending=2
[HOP 4] TX historical-bare DATA neighbor=5 hopSeq=5
[MAC] Enqueue TX pkt dscp=0 insert_pos=1 queue_size_before=1
[HOP 4] CanSendToHop dest=5 outstanding=2 threshold=1 effectiveWindow=2 pendingData=2 globalLimit=16 neighborOK=0 nodeOK=1 -> NO
[HOP 4] CanSendToHop dest=5 outstanding=2 threshold=1 effectiveWindow=2 pendingData=2 globalLimit=16 neighborOK=0 nodeOK=1 -> NO
[HOP 4] CanSendToHop dest=5 outstanding=2 threshold=1 effectiveWindow=2 pendingData=2 globalLimit=16 neighborOK=0 nodeOK=1 -> NO
[HOP 4] CanSendToHop dest=5 outstanding=2 threshold=1 effectiveWindow=2 pendingData=2 globalLimit=16 neighborOK=0 nodeOK=1 -> NO
[HOP 4] CanSendToHop dest=5 outstanding=2 threshold=1 effectiveWindow=2 pendingData=2 globalLimit=16 neighborOK=0 nodeOK=1 -> NO
[HOP 4] CanSendToHop dest=5 outstanding=2 threshold=1 effectiveWindow=2 pendingData=2 globalLimit=16 neighborOK=0 nodeOK=1 -> NO
[HOP 4] CanSendToHop dest=5 outstanding=2 threshold=1 effectiveWindow=2 pendingData=2 globalLimit=16 neighborOK=0 nodeOK=1 -> NO
[HOP 4] CanSendToHop dest=5 outstanding=2 threshold=1 effectiveWindow=2 pendingData=2 globalLimit=16 neighborOK=0 nodeOK=1 -> NO
[HOP 4] CanSendToHop dest=5 outstanding=2 threshold=1 effectiveWindow=2 pendingData=2 globalLimit=16 neighborOK=0 nodeOK=1 -> NO
[HOP 4] CanSendToHop dest=5 outstanding=2 threshold=1 effectiveWindow=2 pendingData=2 globalLimit=16 neighborOK=0 nodeOK=1 -> NO
[HOP 4] CanSendToHop dest=5 outstanding=2 threshold=1 effectiveWindow=2 pendingData=2 globalLimit=16 neighborOK=0 nodeOK=1 -> NO
[HOP 4] CanSendToHop dest=5 outstanding=2 threshold=1 effectiveWindow=2 pendingData=2 globalLimit=16 neighborOK=0 nodeOK=1 -> NO
[HOP 4] CanSendToHop dest=5 outstanding=2 threshold=1 effectiveWindow=2 pendingData=2 globalLimit=16 neighborOK=0 nodeOK=1 -> NO
[MAC 4] local advertised reservation expired
[MAC 4] PickTxSlot(dest=5) active_nodes_for_slotting=3 opnet_slot_range=31
[MAC 4] avoiding neighbor 5 currentReservedSlot=2 rtslot_counter=2
[MAC 4] PickTxSlot(dest=5) avoid: 2
[MAC 4] PickTxSlot chose 9 using historical next_tslot modulo probe
[MAC 4] starts Pre-Tx with new slot=9 holdoff_over=1
[NWK 4] NSDP(4->1) incremented to 16
[NWK 4] CheckNwkQueue: size=14
[HOP 4] CanSendToHop dest=5 outstanding=2 threshold=1 effectiveWindow=2 pendingData=2 globalLimit=16 neighborOK=0 nodeOK=1 -> NO
[HOP 4] CanSendToHop dest=5 outstanding=2 threshold=1 effectiveWindow=2 pendingData=2 globalLimit=16 neighborOK=0 nodeOK=1 -> NO
[HOP 4] CanSendToHop dest=5 outstanding=2 threshold=1 effectiveWindow=2 pendingData=2 globalLimit=16 neighborOK=0 nodeOK=1 -> NO
[HOP 4] CanSendToHop dest=5 outstanding=2 threshold=1 effectiveWindow=2 pendingData=2 globalLimit=16 neighborOK=0 nodeOK=1 -> NO
[HOP 4] CanSendToHop dest=5 outstanding=2 threshold=1 effectiveWindow=2 pendingData=2 globalLimit=16 neighborOK=0 nodeOK=1 -> NO
[HOP 4] CanSendToHop dest=5 outstanding=2 threshold=1 effectiveWindow=2 pendingData=2 globalLimit=16 neighborOK=0 nodeOK=1 -> NO
[HOP 4] CanSendToHop dest=5 outstanding=2 threshold=1 effectiveWindow=2 pendingData=2 globalLimit=16 neighborOK=0 nodeOK=1 -> NO
[HOP 4] CanSendToHop dest=5 outstanding=2 threshold=1 effectiveWindow=2 pendingData=2 globalLimit=16 neighborOK=0 nodeOK=1 -> NO
[HOP 4] CanSendToHop dest=5 outstanding=2 threshold=1 effectiveWindow=2 pendingData=2 globalLimit=16 neighborOK=0 nodeOK=1 -> NO
[HOP 4] CanSendToHop dest=5 outstanding=2 threshold=1 effectiveWindow=2 pendingData=2 globalLimit=16 neighborOK=0 nodeOK=1 -> NO
[HOP 4] CanSendToHop dest=5 outstanding=2 threshold=1 effectiveWindow=2 pendingData=2 globalLimit=16 neighborOK=0 nodeOK=1 -> NO
[HOP 4] CanSendToHop dest=5 outstanding=2 threshold=1 effectiveWindow=2 pendingData=2 globalLimit=16 neighborOK=0 nodeOK=1 -> NO
[HOP 4] CanSendToHop dest=5 outstanding=2 threshold=1 effectiveWindow=2 pendingData=2 globalLimit=16 neighborOK=0 nodeOK=1 -> NO
[HOP 4] CanSendToHop dest=5 outstanding=2 threshold=1 effectiveWindow=2 pendingData=2 globalLimit=16 neighborOK=0 nodeOK=1 -> NO
[MAC 5] rtslot_counter expired for neighbor 1 reserveSlot=1
[MAC 5] rtslot_counter expired for neighbor 4 reserveSlot=2
[MAC 1] resumes Pre-Tx with live slot=1 counter=1
[MAC 5] Learned neighbor 1 uses slot 1 (rtCounter=1)
[HOP 5] RX ACK from 1 seq=1
[NWK 5] CheckNwkQueue: size=18
[HOP 5] CanSendToHop dest=1 outstanding=1 threshold=0 effectiveWindow=1 pendingData=1 globalLimit=16 neighborOK=0 nodeOK=1 -> NO
[HOP 5] CanSendToHop dest=1 outstanding=1 threshold=0 effectiveWindow=1 pendingData=1 globalLimit=16 neighborOK=0 nodeOK=1 -> NO
[HOP 5] CanSendToHop dest=1 outstanding=1 threshold=0 effectiveWindow=1 pendingData=1 globalLimit=16 neighborOK=0 nodeOK=1 -> NO
[HOP 5] CanSendToHop dest=1 outstanding=1 threshold=0 effectiveWindow=1 pendingData=1 globalLimit=16 neighborOK=0 nodeOK=1 -> NO
[HOP 5] CanSendToHop dest=1 outstanding=1 threshold=0 effectiveWindow=1 pendingData=1 globalLimit=16 neighborOK=0 nodeOK=1 -> NO
[HOP 5] CanSendToHop dest=1 outstanding=1 threshold=0 effectiveWindow=1 pendingData=1 globalLimit=16 neighborOK=0 nodeOK=1 -> NO
[HOP 5] CanSendToHop dest=1 outstanding=1 threshold=0 effectiveWindow=1 pendingData=1 globalLimit=16 neighborOK=0 nodeOK=1 -> NO
[HOP 5] CanSendToHop dest=1 outstanding=1 threshold=0 effectiveWindow=1 pendingData=1 globalLimit=16 neighborOK=0 nodeOK=1 -> NO
[HOP 5] CanSendToHop dest=1 outstanding=1 threshold=0 effectiveWindow=1 pendingData=1 globalLimit=16 neighborOK=0 nodeOK=1 -> NO
[HOP 5] CanSendToHop dest=1 outstanding=1 threshold=0 effectiveWindow=1 pendingData=1 globalLimit=16 neighborOK=0 nodeOK=1 -> NO
[HOP 5] CanSendToHop dest=1 outstanding=1 threshold=0 effectiveWindow=1 pendingData=1 globalLimit=16 neighborOK=0 nodeOK=1 -> NO
[HOP 5] CanSendToHop dest=1 outstanding=1 threshold=0 effectiveWindow=1 pendingData=1 globalLimit=16 neighborOK=0 nodeOK=1 -> NO
[HOP 5] CanSendToHop dest=1 outstanding=1 threshold=0 effectiveWindow=1 pendingData=1 globalLimit=16 neighborOK=0 nodeOK=1 -> NO
[HOP 5] CanSendToHop dest=1 outstanding=1 threshold=0 effectiveWindow=1 pendingData=1 globalLimit=16 neighborOK=0 nodeOK=1 -> NO
[HOP 5] CanSendToHop dest=1 outstanding=1 threshold=0 effectiveWindow=1 pendingData=1 globalLimit=16 neighborOK=0 nodeOK=1 -> NO
[HOP 5] CanSendToHop dest=1 outstanding=1 threshold=0 effectiveWindow=1 pendingData=1 globalLimit=16 neighborOK=0 nodeOK=1 -> NO
[HOP 5] CanSendToHop dest=1 outstanding=1 threshold=0 effectiveWindow=1 pendingData=1 globalLimit=16 neighborOK=0 nodeOK=1 -> NO
[HOP 5] CanSendToHop dest=1 outstanding=1 threshold=0 effectiveWindow=1 pendingData=1 globalLimit=16 neighborOK=0 nodeOK=1 -> NO
[MAC 1] PickTxSlot(dest=5) active_nodes_for_slotting=3 opnet_slot_range=31
[MAC 1] avoiding neighbor 5 currentReservedSlot=1 rtslot_counter=1
[MAC 1] PickTxSlot(dest=5) avoid: 1
[MAC 1] PickTxSlot chose 2 using historical next_tslot modulo probe
[MAC 1] TX opportunity reached currentSlot=1 reserveNextSlot=2
... type=1 speedKey=128[t=0.893501] TX from node 1 to dest 5 seq 2 size 41 bytes segments 1 at slot 2 rate 128 kbps txPower 33 dBm (133333 bps) preamble SHORT duration 0.02208 s
[MAC 1] ACK transmitted in aggregate dest=5 seq=2 txCount=1/5
[MAC 1] OPNET aggregate transmitted segments=1 ackSegments=1 dataSegments=0 bytes=41 rate=128
[MAC 4] rtslot_counter expired for neighbor 5 reserveSlot=3
[MAC 5] rtslot_counter expired for neighbor 1 reserveSlot=1
[MAC 5] PickTxSlot(dest=4) active_nodes_for_slotting=3 opnet_slot_range=31
[MAC 5] PickTxSlot(dest=4) avoid:
[MAC 5] PickTxSlot chose 7 using historical next_tslot modulo probe
[MAC 5] TX opportunity reached currentSlot=3 reserveNextSlot=7
... type=1 speedKey=128[t=0.897] TX from node 5 to dest 4 seq 3 size 41 bytes segments 1 at slot 7 rate 128 kbps txPower 33 dBm (133333 bps) preamble SHORT duration 0.02208 s
[MAC 5] ACK transmitted in aggregate dest=4 seq=3 txCount=2/5
[MAC 5] OPNET aggregate transmitted segments=1 ackSegments=1 dataSegments=0 bytes=41 rate=128
[MAC 1] resumes Pre-Tx with live slot=2 counter=2
[MAC 5] Learned neighbor 1 uses slot 2 (rtCounter=2)
[HOP 5] RX ACK from 1 seq=2
[HOP 5] Pending DATA decrement reason=ACK neighbor=1 pending=0
[NWK 5] NSDP(5->1) decremented to 15
[NWK 5] HOP completion released NSDP slot; awaiting HOP queue wake flow=5->1
[NWK 5] CheckNwkQueue: size=18
[HOP 5] CanSendToHop dest=1 outstanding=0 threshold=0 effectiveWindow=1 pendingData=0 globalLimit=16 neighborOK=1 nodeOK=1 -> YES
[HOP 5] link_control dest=1 neighborKnown=1 s0=-109 pathloss=70 failures=0 speed=128 txPower=33 rxPower=-109 cost=116
[HOP 5] Pending DATA increment dest=1 pending=1
[HOP 5] TX historical-bare DATA neighbor=1 hopSeq=3
[MAC] Enqueue TX pkt dscp=0 insert_pos=0 queue_size_before=0
[HOP 5] CanSendToHop dest=1 outstanding=1 threshold=0 effectiveWindow=1 pendingData=1 globalLimit=16 neighborOK=0 nodeOK=1 -> NO
[HOP 5] CanSendToHop dest=1 outstanding=1 threshold=0 effectiveWindow=1 pendingData=1 globalLimit=16 neighborOK=0 nodeOK=1 -> NO
[HOP 5] CanSendToHop dest=1 outstanding=1 threshold=0 effectiveWindow=1 pendingData=1 globalLimit=16 neighborOK=0 nodeOK=1 -> NO
[HOP 5] CanSendToHop dest=1 outstanding=1 threshold=0 effectiveWindow=1 pendingData=1 globalLimit=16 neighborOK=0 nodeOK=1 -> NO
[HOP 5] CanSendToHop dest=1 outstanding=1 threshold=0 effectiveWindow=1 pendingData=1 globalLimit=16 neighborOK=0 nodeOK=1 -> NO
[HOP 5] CanSendToHop dest=1 outstanding=1 threshold=0 effectiveWindow=1 pendingData=1 globalLimit=16 neighborOK=0 nodeOK=1 -> NO
[HOP 5] CanSendToHop dest=1 outstanding=1 threshold=0 effectiveWindow=1 pendingData=1 globalLimit=16 neighborOK=0 nodeOK=1 -> NO
[HOP 5] CanSendToHop dest=1 outstanding=1 threshold=0 effectiveWindow=1 pendingData=1 globalLimit=16 neighborOK=0 nodeOK=1 -> NO
[HOP 5] CanSendToHop dest=1 outstanding=1 threshold=0 effectiveWindow=1 pendingData=1 globalLimit=16 neighborOK=0 nodeOK=1 -> NO
[HOP 5] CanSendToHop dest=1 outstanding=1 threshold=0 effectiveWindow=1 pendingData=1 globalLimit=16 neighborOK=0 nodeOK=1 -> NO
[HOP 5] CanSendToHop dest=1 outstanding=1 threshold=0 effectiveWindow=1 pendingData=1 globalLimit=16 neighborOK=0 nodeOK=1 -> NO
[HOP 5] CanSendToHop dest=1 outstanding=1 threshold=0 effectiveWindow=1 pendingData=1 globalLimit=16 neighborOK=0 nodeOK=1 -> NO
[HOP 5] CanSendToHop dest=1 outstanding=1 threshold=0 effectiveWindow=1 pendingData=1 globalLimit=16 neighborOK=0 nodeOK=1 -> NO
[HOP 5] CanSendToHop dest=1 outstanding=1 threshold=0 effectiveWindow=1 pendingData=1 globalLimit=16 neighborOK=0 nodeOK=1 -> NO
[HOP 5] CanSendToHop dest=1 outstanding=1 threshold=0 effectiveWindow=1 pendingData=1 globalLimit=16 neighborOK=0 nodeOK=1 -> NO
[HOP 5] CanSendToHop dest=1 outstanding=1 threshold=0 effectiveWindow=1 pendingData=1 globalLimit=16 neighborOK=0 nodeOK=1 -> NO
[HOP 5] CanSendToHop dest=1 outstanding=1 threshold=0 effectiveWindow=1 pendingData=1 globalLimit=16 neighborOK=0 nodeOK=1 -> NO
[MAC 5] resumes Pre-Tx with live slot=7 counter=7
[MAC 4] Learned neighbor 5 uses slot 7 (rtCounter=7)
[HOP 4] RX ACK from 5 seq=3
[NWK 4] CheckNwkQueue: size=14
[HOP 4] CanSendToHop dest=5 outstanding=2 threshold=1 effectiveWindow=2 pendingData=2 globalLimit=16 neighborOK=0 nodeOK=1 -> NO
[HOP 4] CanSendToHop dest=5 outstanding=2 threshold=1 effectiveWindow=2 pendingData=2 globalLimit=16 neighborOK=0 nodeOK=1 -> NO
[HOP 4] CanSendToHop dest=5 outstanding=2 threshold=1 effectiveWindow=2 pendingData=2 globalLimit=16 neighborOK=0 nodeOK=1 -> NO
[HOP 4] CanSendToHop dest=5 outstanding=2 threshold=1 effectiveWindow=2 pendingData=2 globalLimit=16 neighborOK=0 nodeOK=1 -> NO
[HOP 4] CanSendToHop dest=5 outstanding=2 threshold=1 effectiveWindow=2 pendingData=2 globalLimit=16 neighborOK=0 nodeOK=1 -> NO
[HOP 4] CanSendToHop dest=5 outstanding=2 threshold=1 effectiveWindow=2 pendingData=2 globalLimit=16 neighborOK=0 nodeOK=1 -> NO
[HOP 4] CanSendToHop dest=5 outstanding=2 threshold=1 effectiveWindow=2 pendingData=2 globalLimit=16 neighborOK=0 nodeOK=1 -> NO
[HOP 4] CanSendToHop dest=5 outstanding=2 threshold=1 effectiveWindow=2 pendingData=2 globalLimit=16 neighborOK=0 nodeOK=1 -> NO
[HOP 4] CanSendToHop dest=5 outstanding=2 threshold=1 effectiveWindow=2 pendingData=2 globalLimit=16 neighborOK=0 nodeOK=1 -> NO
[HOP 4] CanSendToHop dest=5 outstanding=2 threshold=1 effectiveWindow=2 pendingData=2 globalLimit=16 neighborOK=0 nodeOK=1 -> NO
[HOP 4] CanSendToHop dest=5 outstanding=2 threshold=1 effectiveWindow=2 pendingData=2 globalLimit=16 neighborOK=0 nodeOK=1 -> NO
[HOP 4] CanSendToHop dest=5 outstanding=2 threshold=1 effectiveWindow=2 pendingData=2 globalLimit=16 neighborOK=0 nodeOK=1 -> NO
[HOP 4] CanSendToHop dest=5 outstanding=2 threshold=1 effectiveWindow=2 pendingData=2 globalLimit=16 neighborOK=0 nodeOK=1 -> NO
[HOP 4] CanSendToHop dest=5 outstanding=2 threshold=1 effectiveWindow=2 pendingData=2 globalLimit=16 neighborOK=0 nodeOK=1 -> NO
[NWK 5] NSDP(5->1) incremented to 16
[NWK 5] CheckNwkQueue: size=18
[HOP 5] CanSendToHop dest=1 outstanding=1 threshold=0 effectiveWindow=1 pendingData=1 globalLimit=16 neighborOK=0 nodeOK=1 -> NO
[HOP 5] CanSendToHop dest=1 outstanding=1 threshold=0 effectiveWindow=1 pendingData=1 globalLimit=16 neighborOK=0 nodeOK=1 -> NO
[HOP 5] CanSendToHop dest=1 outstanding=1 threshold=0 effectiveWindow=1 pendingData=1 globalLimit=16 neighborOK=0 nodeOK=1 -> NO
[HOP 5] CanSendToHop dest=1 outstanding=1 threshold=0 effectiveWindow=1 pendingData=1 globalLimit=16 neighborOK=0 nodeOK=1 -> NO
[HOP 5] CanSendToHop dest=1 outstanding=1 threshold=0 effectiveWindow=1 pendingData=1 globalLimit=16 neighborOK=0 nodeOK=1 -> NO
[HOP 5] CanSendToHop dest=1 outstanding=1 threshold=0 effectiveWindow=1 pendingData=1 globalLimit=16 neighborOK=0 nodeOK=1 -> NO
[HOP 5] CanSendToHop dest=1 outstanding=1 threshold=0 effectiveWindow=1 pendingData=1 globalLimit=16 neighborOK=0 nodeOK=1 -> NO
[HOP 5] CanSendToHop dest=1 outstanding=1 threshold=0 effectiveWindow=1 pendingData=1 globalLimit=16 neighborOK=0 nodeOK=1 -> NO
[HOP 5] CanSendToHop dest=1 outstanding=1 threshold=0 effectiveWindow=1 pendingData=1 globalLimit=16 neighborOK=0 nodeOK=1 -> NO
[HOP 5] CanSendToHop dest=1 outstanding=1 threshold=0 effectiveWindow=1 pendingData=1 globalLimit=16 neighborOK=0 nodeOK=1 -> NO
[HOP 5] CanSendToHop dest=1 outstanding=1 threshold=0 effectiveWindow=1 pendingData=1 globalLimit=16 neighborOK=0 nodeOK=1 -> NO
[HOP 5] CanSendToHop dest=1 outstanding=1 threshold=0 effectiveWindow=1 pendingData=1 globalLimit=16 neighborOK=0 nodeOK=1 -> NO
[HOP 5] CanSendToHop dest=1 outstanding=1 threshold=0 effectiveWindow=1 pendingData=1 globalLimit=16 neighborOK=0 nodeOK=1 -> NO
[HOP 5] CanSendToHop dest=1 outstanding=1 threshold=0 effectiveWindow=1 pendingData=1 globalLimit=16 neighborOK=0 nodeOK=1 -> NO
[HOP 5] CanSendToHop dest=1 outstanding=1 threshold=0 effectiveWindow=1 pendingData=1 globalLimit=16 neighborOK=0 nodeOK=1 -> NO
[HOP 5] CanSendToHop dest=1 outstanding=1 threshold=0 effectiveWindow=1 pendingData=1 globalLimit=16 neighborOK=0 nodeOK=1 -> NO
[HOP 5] CanSendToHop dest=1 outstanding=1 threshold=0 effectiveWindow=1 pendingData=1 globalLimit=16 neighborOK=0 nodeOK=1 -> NO
[HOP 5] CanSendToHop dest=1 outstanding=1 threshold=0 effectiveWindow=1 pendingData=1 globalLimit=16 neighborOK=0 nodeOK=1 -> NO
[MAC 1] rtslot_counter expired for neighbor 5 reserveSlot=3
[MAC 1] PickTxSlot(dest=5) active_nodes_for_slotting=3 opnet_slot_range=31
[MAC 1] PickTxSlot(dest=5) avoid:
[MAC 1] PickTxSlot chose 1 using historical next_tslot modulo probe
[MAC 1] TX opportunity reached currentSlot=2 reserveNextSlot=1
... type=1 speedKey=128[t=0.945501] TX from node 1 to dest 5 seq 2 size 41 bytes segments 1 at slot 1 rate 128 kbps txPower 33 dBm (133333 bps) preamble SHORT duration 0.02208 s
[MAC 1] ACK transmitted in aggregate dest=5 seq=2 txCount=2/5
[MAC 1] OPNET aggregate transmitted segments=1 ackSegments=1 dataSegments=0 bytes=41 rate=128
[MAC 5] rtslot_counter expired for neighbor 1 reserveSlot=2
[MAC 1] resumes Pre-Tx with live slot=1 counter=1
[MAC 5] Learned neighbor 1 uses slot 1 (rtCounter=1)
[HOP 5] RX ACK from 1 seq=2
[NWK 5] CheckNwkQueue: size=18
[HOP 5] CanSendToHop dest=1 outstanding=1 threshold=0 effectiveWindow=1 pendingData=1 globalLimit=16 neighborOK=0 nodeOK=1 -> NO
[HOP 5] CanSendToHop dest=1 outstanding=1 threshold=0 effectiveWindow=1 pendingData=1 globalLimit=16 neighborOK=0 nodeOK=1 -> NO
[HOP 5] CanSendToHop dest=1 outstanding=1 threshold=0 effectiveWindow=1 pendingData=1 globalLimit=16 neighborOK=0 nodeOK=1 -> NO
[HOP 5] CanSendToHop dest=1 outstanding=1 threshold=0 effectiveWindow=1 pendingData=1 globalLimit=16 neighborOK=0 nodeOK=1 -> NO
[HOP 5] CanSendToHop dest=1 outstanding=1 threshold=0 effectiveWindow=1 pendingData=1 globalLimit=16 neighborOK=0 nodeOK=1 -> NO
[HOP 5] CanSendToHop dest=1 outstanding=1 threshold=0 effectiveWindow=1 pendingData=1 globalLimit=16 neighborOK=0 nodeOK=1 -> NO
[HOP 5] CanSendToHop dest=1 outstanding=1 threshold=0 effectiveWindow=1 pendingData=1 globalLimit=16 neighborOK=0 nodeOK=1 -> NO
[HOP 5] CanSendToHop dest=1 outstanding=1 threshold=0 effectiveWindow=1 pendingData=1 globalLimit=16 neighborOK=0 nodeOK=1 -> NO
[HOP 5] CanSendToHop dest=1 outstanding=1 threshold=0 effectiveWindow=1 pendingData=1 globalLimit=16 neighborOK=0 nodeOK=1 -> NO
[HOP 5] CanSendToHop dest=1 outstanding=1 threshold=0 effectiveWindow=1 pendingData=1 globalLimit=16 neighborOK=0 nodeOK=1 -> NO
[HOP 5] CanSendToHop dest=1 outstanding=1 threshold=0 effectiveWindow=1 pendingData=1 globalLimit=16 neighborOK=0 nodeOK=1 -> NO
[HOP 5] CanSendToHop dest=1 outstanding=1 threshold=0 effectiveWindow=1 pendingData=1 globalLimit=16 neighborOK=0 nodeOK=1 -> NO
[HOP 5] CanSendToHop dest=1 outstanding=1 threshold=0 effectiveWindow=1 pendingData=1 globalLimit=16 neighborOK=0 nodeOK=1 -> NO
[HOP 5] CanSendToHop dest=1 outstanding=1 threshold=0 effectiveWindow=1 pendingData=1 globalLimit=16 neighborOK=0 nodeOK=1 -> NO
[HOP 5] CanSendToHop dest=1 outstanding=1 threshold=0 effectiveWindow=1 pendingData=1 globalLimit=16 neighborOK=0 nodeOK=1 -> NO
[HOP 5] CanSendToHop dest=1 outstanding=1 threshold=0 effectiveWindow=1 pendingData=1 globalLimit=16 neighborOK=0 nodeOK=1 -> NO
[HOP 5] CanSendToHop dest=1 outstanding=1 threshold=0 effectiveWindow=1 pendingData=1 globalLimit=16 neighborOK=0 nodeOK=1 -> NO
[HOP 5] CanSendToHop dest=1 outstanding=1 threshold=0 effectiveWindow=1 pendingData=1 globalLimit=16 neighborOK=0 nodeOK=1 -> NO
[MAC 1] PickTxSlot(dest=5) active_nodes_for_slotting=3 opnet_slot_range=31
[MAC 1] PickTxSlot(dest=5) avoid:
[MAC 1] PickTxSlot chose 1 using historical next_tslot modulo probe
[MAC 1] TX opportunity reached currentSlot=1 reserveNextSlot=1
... type=1 speedKey=128[t=0.984501] TX from node 1 to dest 5 seq 2 size 41 bytes segments 1 at slot 1 rate 128 kbps txPower 33 dBm (133333 bps) preamble SHORT duration 0.02208 s
[MAC 1] ACK transmitted in aggregate dest=5 seq=2 txCount=3/5
[MAC 1] OPNET aggregate transmitted segments=1 ackSegments=1 dataSegments=0 bytes=41 rate=128
[MAC 4] PickTxSlot(dest=5) active_nodes_for_slotting=3 opnet_slot_range=31
[MAC 4] avoiding neighbor 5 currentReservedSlot=1 rtslot_counter=1
[MAC 4] PickTxSlot(dest=5) avoid: 1
[MAC 4] PickTxSlot chose 2 using historical next_tslot modulo probe
[MAC 4] TX opportunity reached currentSlot=9 reserveNextSlot=2
... type=0 speedKey=128[t=0.988] TX from node 4 to dest 5 seq 4 size 96 bytes segments 2 at slot 2 rate 128 kbps txPower 33 dBm (133333 bps) preamble SHORT duration 0.02538 s
[HOP 4] MAC sent confirmation dest=5 seq=4 transmission=1 sentAt=0.988
[HOP 4] MAC sent confirmation dest=5 seq=5 transmission=1 sentAt=0.988
[MAC 4] OPNET aggregate transmitted segments=2 ackSegments=0 dataSegments=2 bytes=96 rate=128
[MAC 5] rtslot_counter expired for neighbor 1 reserveSlot=1
[MAC 1] resumes Pre-Tx with live slot=1 counter=1
[MAC 5] Learned neighbor 1 uses slot 1 (rtCounter=1)
[HOP 5] RX ACK from 1 seq=2
[NWK 5] CheckNwkQueue: size=18
[HOP 5] CanSendToHop dest=1 outstanding=1 threshold=0 effectiveWindow=1 pendingData=1 globalLimit=16 neighborOK=0 nodeOK=1 -> NO
[HOP 5] CanSendToHop dest=1 outstanding=1 threshold=0 effectiveWindow=1 pendingData=1 globalLimit=16 neighborOK=0 nodeOK=1 -> NO
[HOP 5] CanSendToHop dest=1 outstanding=1 threshold=0 effectiveWindow=1 pendingData=1 globalLimit=16 neighborOK=0 nodeOK=1 -> NO
[HOP 5] CanSendToHop dest=1 outstanding=1 threshold=0 effectiveWindow=1 pendingData=1 globalLimit=16 neighborOK=0 nodeOK=1 -> NO
[HOP 5] CanSendToHop dest=1 outstanding=1 threshold=0 effectiveWindow=1 pendingData=1 globalLimit=16 neighborOK=0 nodeOK=1 -> NO
[HOP 5] CanSendToHop dest=1 outstanding=1 threshold=0 effectiveWindow=1 pendingData=1 globalLimit=16 neighborOK=0 nodeOK=1 -> NO
[HOP 5] CanSendToHop dest=1 outstanding=1 threshold=0 effectiveWindow=1 pendingData=1 globalLimit=16 neighborOK=0 nodeOK=1 -> NO
[HOP 5] CanSendToHop dest=1 outstanding=1 threshold=0 effectiveWindow=1 pendingData=1 globalLimit=16 neighborOK=0 nodeOK=1 -> NO
[HOP 5] CanSendToHop dest=1 outstanding=1 threshold=0 effectiveWindow=1 pendingData=1 globalLimit=16 neighborOK=0 nodeOK=1 -> NO
[HOP 5] CanSendToHop dest=1 outstanding=1 threshold=0 effectiveWindow=1 pendingData=1 globalLimit=16 neighborOK=0 nodeOK=1 -> NO
[HOP 5] CanSendToHop dest=1 outstanding=1 threshold=0 effectiveWindow=1 pendingData=1 globalLimit=16 neighborOK=0 nodeOK=1 -> NO
[HOP 5] CanSendToHop dest=1 outstanding=1 threshold=0 effectiveWindow=1 pendingData=1 globalLimit=16 neighborOK=0 nodeOK=1 -> NO
[HOP 5] CanSendToHop dest=1 outstanding=1 threshold=0 effectiveWindow=1 pendingData=1 globalLimit=16 neighborOK=0 nodeOK=1 -> NO
[HOP 5] CanSendToHop dest=1 outstanding=1 threshold=0 effectiveWindow=1 pendingData=1 globalLimit=16 neighborOK=0 nodeOK=1 -> NO
[HOP 5] CanSendToHop dest=1 outstanding=1 threshold=0 effectiveWindow=1 pendingData=1 globalLimit=16 neighborOK=0 nodeOK=1 -> NO
[HOP 5] CanSendToHop dest=1 outstanding=1 threshold=0 effectiveWindow=1 pendingData=1 globalLimit=16 neighborOK=0 nodeOK=1 -> NO
[HOP 5] CanSendToHop dest=1 outstanding=1 threshold=0 effectiveWindow=1 pendingData=1 globalLimit=16 neighborOK=0 nodeOK=1 -> NO
[HOP 5] CanSendToHop dest=1 outstanding=1 threshold=0 effectiveWindow=1 pendingData=1 globalLimit=16 neighborOK=0 nodeOK=1 -> NO
[MAC 4] post-TX WAIT_FOR_ACK until 21.0134 (POST_TX_WAIT=20 s)
[MAC 5] Learned neighbor 4 uses slot 2 (rtCounter=2)
[HOP 5] link_control dest=4 neighborKnown=1 s0=-109 pathloss=70 failures=0 speed=128 txPower=33 rxPower=-109 cost=116
[NWK 5] Updated reverse path netSrc=4 reverseHop=4
[MAC 5] Update cumulative ACK queue entry dest=4 baseSeq=4 txCount=0
[HOP 5] link_control dest=4 neighborKnown=1 s0=-109 pathloss=70 failures=0 speed=128 txPower=33 rxPower=-109 cost=116
[NWK 5] Updated reverse path netSrc=4 reverseHop=4
[MAC 5] Update cumulative ACK queue entry dest=4 baseSeq=5 txCount=0
[NWK 5] CheckNwkQueue: size=20
[HOP 5] CanSendToHop dest=1 outstanding=1 threshold=0 effectiveWindow=1 pendingData=1 globalLimit=16 neighborOK=0 nodeOK=1 -> NO
[HOP 5] CanSendToHop dest=1 outstanding=1 threshold=0 effectiveWindow=1 pendingData=1 globalLimit=16 neighborOK=0 nodeOK=1 -> NO
[HOP 5] CanSendToHop dest=1 outstanding=1 threshold=0 effectiveWindow=1 pendingData=1 globalLimit=16 neighborOK=0 nodeOK=1 -> NO
[HOP 5] CanSendToHop dest=1 outstanding=1 threshold=0 effectiveWindow=1 pendingData=1 globalLimit=16 neighborOK=0 nodeOK=1 -> NO
[HOP 5] CanSendToHop dest=1 outstanding=1 threshold=0 effectiveWindow=1 pendingData=1 globalLimit=16 neighborOK=0 nodeOK=1 -> NO
[HOP 5] CanSendToHop dest=1 outstanding=1 threshold=0 effectiveWindow=1 pendingData=1 globalLimit=16 neighborOK=0 nodeOK=1 -> NO
[HOP 5] CanSendToHop dest=1 outstanding=1 threshold=0 effectiveWindow=1 pendingData=1 globalLimit=16 neighborOK=0 nodeOK=1 -> NO
[HOP 5] CanSendToHop dest=1 outstanding=1 threshold=0 effectiveWindow=1 pendingData=1 globalLimit=16 neighborOK=0 nodeOK=1 -> NO
[HOP 5] CanSendToHop dest=1 outstanding=1 threshold=0 effectiveWindow=1 pendingData=1 globalLimit=16 neighborOK=0 nodeOK=1 -> NO
[HOP 5] CanSendToHop dest=1 outstanding=1 threshold=0 effectiveWindow=1 pendingData=1 globalLimit=16 neighborOK=0 nodeOK=1 -> NO
[HOP 5] CanSendToHop dest=1 outstanding=1 threshold=0 effectiveWindow=1 pendingData=1 globalLimit=16 neighborOK=0 nodeOK=1 -> NO
[HOP 5] CanSendToHop dest=1 outstanding=1 threshold=0 effectiveWindow=1 pendingData=1 globalLimit=16 neighborOK=0 nodeOK=1 -> NO
[HOP 5] CanSendToHop dest=1 outstanding=1 threshold=0 effectiveWindow=1 pendingData=1 globalLimit=16 neighborOK=0 nodeOK=1 -> NO
[HOP 5] CanSendToHop dest=1 outstanding=1 threshold=0 effectiveWindow=1 pendingData=1 globalLimit=16 neighborOK=0 nodeOK=1 -> NO
[HOP 5] CanSendToHop dest=1 outstanding=1 threshold=0 effectiveWindow=1 pendingData=1 globalLimit=16 neighborOK=0 nodeOK=1 -> NO
[HOP 5] CanSendToHop dest=1 outstanding=1 threshold=0 effectiveWindow=1 pendingData=1 globalLimit=16 neighborOK=0 nodeOK=1 -> NO
[HOP 5] CanSendToHop dest=1 outstanding=1 threshold=0 effectiveWindow=1 pendingData=1 globalLimit=16 neighborOK=0 nodeOK=1 -> NO
[HOP 5] CanSendToHop dest=1 outstanding=1 threshold=0 effectiveWindow=1 pendingData=1 globalLimit=16 neighborOK=0 nodeOK=1 -> NO
[HOP 5] CanSendToHop dest=1 outstanding=1 threshold=0 effectiveWindow=1 pendingData=1 globalLimit=16 neighborOK=0 nodeOK=1 -> NO
[HOP 5] CanSendToHop dest=1 outstanding=1 threshold=0 effectiveWindow=1 pendingData=1 globalLimit=16 neighborOK=0 nodeOK=1 -> NO
[MAC 5] PickTxSlot(dest=4) active_nodes_for_slotting=3 opnet_slot_range=31
[MAC 5] avoiding neighbor 1 currentReservedSlot=0 rtslot_counter=0
[MAC 5] avoiding neighbor 4 currentReservedSlot=1 rtslot_counter=1
[MAC 5] PickTxSlot(dest=4) avoid: 1
[MAC 5] PickTxSlot chose 3 using historical next_tslot modulo probe
[MAC 5] TX opportunity reached currentSlot=7 reserveNextSlot=3
... type=1 speedKey=128[t=1.014] TX from node 5 to dest 4 seq 5 size 89 bytes segments 2 at slot 3 rate 128 kbps txPower 33 dBm (133333 bps) preamble SHORT duration 0.02496 s
[HOP 5] MAC sent confirmation dest=1 seq=3 transmission=1 sentAt=1.014
[MAC 5] ACK transmitted in aggregate dest=4 seq=5 txCount=1/5
[MAC 5] OPNET aggregate transmitted segments=2 ackSegments=1 dataSegments=1 bytes=89 rate=128
[MAC 1] PickTxSlot(dest=5) active_nodes_for_slotting=3 opnet_slot_range=31
[MAC 1] PickTxSlot(dest=5) avoid:
[MAC 1] PickTxSlot chose 1 using historical next_tslot modulo probe
[MAC 1] TX opportunity reached currentSlot=1 reserveNextSlot=1
... type=1 speedKey=128[t=1.0235] TX from node 1 to dest 5 seq 2 size 41 bytes segments 1 at slot 1 rate 128 kbps txPower 33 dBm (133333 bps) preamble SHORT duration 0.02208 s
[MAC 1] ACK transmitted in aggregate dest=5 seq=2 txCount=4/5
[MAC 1] OPNET aggregate transmitted segments=1 ackSegments=1 dataSegments=0 bytes=41 rate=128
[MAC 4] rtslot_counter expired for neighbor 5 reserveSlot=7
[MAC 5] resumes Pre-Tx with live slot=3 counter=3
[MAC 4] Learned neighbor 5 uses slot 3 (rtCounter=3)
[HOP 4] RX ACK from 5 seq=5
[HOP 4] Pending DATA decrement reason=ACK neighbor=5 pending=1
[NWK 4] NSDP(4->1) decremented to 15
[NWK 4] HOP completion released NSDP slot; awaiting HOP queue wake flow=4->1
[HOP 4] Pending DATA decrement reason=ACK neighbor=5 pending=0
[NWK 4] NSDP(4->1) decremented to 14
[NWK 4] HOP completion released NSDP slot; awaiting HOP queue wake flow=4->1
[MAC 1] Learned neighbor 5 uses slot 3 (rtCounter=3)
[HOP 1] link_control dest=5 neighborKnown=1 s0=-109 pathloss=70 failures=0 speed=128 txPower=33 rxPower=-109 cost=116
[MAC 1] Update cumulative ACK queue entry dest=5 baseSeq=3 txCount=0
[NWK 1] Updated reverse path netSrc=5 reverseHop=5
[NWK 4] CheckNwkQueue: size=14
[HOP 4] CanSendToHop dest=5 outstanding=0 threshold=1 effectiveWindow=2 pendingData=0 globalLimit=16 neighborOK=1 nodeOK=1 -> YES
[HOP 4] link_control dest=5 neighborKnown=1 s0=-109 pathloss=70 failures=0 speed=128 txPower=33 rxPower=-109 cost=116
[HOP 4] Pending DATA increment dest=5 pending=1
[HOP 4] TX historical-bare DATA neighbor=5 hopSeq=6
[MAC] Enqueue TX pkt dscp=0 insert_pos=0 queue_size_before=0
[HOP 4] CanSendToHop dest=5 outstanding=1 threshold=1 effectiveWindow=2 pendingData=1 globalLimit=16 neighborOK=1 nodeOK=1 -> YES
[HOP 4] link_control dest=5 neighborKnown=1 s0=-109 pathloss=70 failures=0 speed=128 txPower=33 rxPower=-109 cost=116
[HOP 4] Pending DATA increment dest=5 pending=2
[HOP 4] TX historical-bare DATA neighbor=5 hopSeq=7
[MAC] Enqueue TX pkt dscp=0 insert_pos=1 queue_size_before=1
[HOP 4] CanSendToHop dest=5 outstanding=2 threshold=1 effectiveWindow=2 pendingData=2 globalLimit=16 neighborOK=0 nodeOK=1 -> NO
[HOP 4] CanSendToHop dest=5 outstanding=2 threshold=1 effectiveWindow=2 pendingData=2 globalLimit=16 neighborOK=0 nodeOK=1 -> NO
[HOP 4] CanSendToHop dest=5 outstanding=2 threshold=1 effectiveWindow=2 pendingData=2 globalLimit=16 neighborOK=0 nodeOK=1 -> NO
[HOP 4] CanSendToHop dest=5 outstanding=2 threshold=1 effectiveWindow=2 pendingData=2 globalLimit=16 neighborOK=0 nodeOK=1 -> NO
[HOP 4] CanSendToHop dest=5 outstanding=2 threshold=1 effectiveWindow=2 pendingData=2 globalLimit=16 neighborOK=0 nodeOK=1 -> NO
[HOP 4] CanSendToHop dest=5 outstanding=2 threshold=1 effectiveWindow=2 pendingData=2 globalLimit=16 neighborOK=0 nodeOK=1 -> NO
[HOP 4] CanSendToHop dest=5 outstanding=2 threshold=1 effectiveWindow=2 pendingData=2 globalLimit=16 neighborOK=0 nodeOK=1 -> NO
[HOP 4] CanSendToHop dest=5 outstanding=2 threshold=1 effectiveWindow=2 pendingData=2 globalLimit=16 neighborOK=0 nodeOK=1 -> NO
[HOP 4] CanSendToHop dest=5 outstanding=2 threshold=1 effectiveWindow=2 pendingData=2 globalLimit=16 neighborOK=0 nodeOK=1 -> NO
[HOP 4] CanSendToHop dest=5 outstanding=2 threshold=1 effectiveWindow=2 pendingData=2 globalLimit=16 neighborOK=0 nodeOK=1 -> NO
[HOP 4] CanSendToHop dest=5 outstanding=2 threshold=1 effectiveWindow=2 pendingData=2 globalLimit=16 neighborOK=0 nodeOK=1 -> NO
[HOP 4] CanSendToHop dest=5 outstanding=2 threshold=1 effectiveWindow=2 pendingData=2 globalLimit=16 neighborOK=0 nodeOK=1 -> NO
[NWK 4] NSDP(4->1) incremented to 15
[MAC 4] local advertised reservation expired
[MAC 4] PickTxSlot(dest=5) active_nodes_for_slotting=3 opnet_slot_range=31
[MAC 4] avoiding neighbor 5 currentReservedSlot=2 rtslot_counter=2
[MAC 4] PickTxSlot(dest=5) avoid: 2
[MAC 4] PickTxSlot chose 9 using historical next_tslot modulo probe
[MAC 4] starts Pre-Tx with new slot=9 holdoff_over=1
[MAC 5] rtslot_counter expired for neighbor 1 reserveSlot=1
[NWK 4] CheckNwkQueue: size=13
[HOP 4] CanSendToHop dest=5 outstanding=2 threshold=1 effectiveWindow=2 pendingData=2 globalLimit=16 neighborOK=0 nodeOK=1 -> NO
[HOP 4] CanSendToHop dest=5 outstanding=2 threshold=1 effectiveWindow=2 pendingData=2 globalLimit=16 neighborOK=0 nodeOK=1 -> NO
[HOP 4] CanSendToHop dest=5 outstanding=2 threshold=1 effectiveWindow=2 pendingData=2 globalLimit=16 neighborOK=0 nodeOK=1 -> NO
[HOP 4] CanSendToHop dest=5 outstanding=2 threshold=1 effectiveWindow=2 pendingData=2 globalLimit=16 neighborOK=0 nodeOK=1 -> NO
[HOP 4] CanSendToHop dest=5 outstanding=2 threshold=1 effectiveWindow=2 pendingData=2 globalLimit=16 neighborOK=0 nodeOK=1 -> NO
[HOP 4] CanSendToHop dest=5 outstanding=2 threshold=1 effectiveWindow=2 pendingData=2 globalLimit=16 neighborOK=0 nodeOK=1 -> NO
[HOP 4] CanSendToHop dest=5 outstanding=2 threshold=1 effectiveWindow=2 pendingData=2 globalLimit=16 neighborOK=0 nodeOK=1 -> NO
[HOP 4] CanSendToHop dest=5 outstanding=2 threshold=1 effectiveWindow=2 pendingData=2 globalLimit=16 neighborOK=0 nodeOK=1 -> NO
[HOP 4] CanSendToHop dest=5 outstanding=2 threshold=1 effectiveWindow=2 pendingData=2 globalLimit=16 neighborOK=0 nodeOK=1 -> NO
[HOP 4] CanSendToHop dest=5 outstanding=2 threshold=1 effectiveWindow=2 pendingData=2 globalLimit=16 neighborOK=0 nodeOK=1 -> NO
[HOP 4] CanSendToHop dest=5 outstanding=2 threshold=1 effectiveWindow=2 pendingData=2 globalLimit=16 neighborOK=0 nodeOK=1 -> NO
[HOP 4] CanSendToHop dest=5 outstanding=2 threshold=1 effectiveWindow=2 pendingData=2 globalLimit=16 neighborOK=0 nodeOK=1 -> NO
[HOP 4] CanSendToHop dest=5 outstanding=2 threshold=1 effectiveWindow=2 pendingData=2 globalLimit=16 neighborOK=0 nodeOK=1 -> NO
[MAC 1] resumes Pre-Tx with live slot=1 counter=1
[MAC 5] Learned neighbor 1 uses slot 1 (rtCounter=1)
[HOP 5] RX ACK from 1 seq=2
[NWK 5] CheckNwkQueue: size=20
[HOP 5] CanSendToHop dest=1 outstanding=1 threshold=0 effectiveWindow=1 pendingData=1 globalLimit=16 neighborOK=0 nodeOK=1 -> NO
[HOP 5] CanSendToHop dest=1 outstanding=1 threshold=0 effectiveWindow=1 pendingData=1 globalLimit=16 neighborOK=0 nodeOK=1 -> NO
[HOP 5] CanSendToHop dest=1 outstanding=1 threshold=0 effectiveWindow=1 pendingData=1 globalLimit=16 neighborOK=0 nodeOK=1 -> NO
[HOP 5] CanSendToHop dest=1 outstanding=1 threshold=0 effectiveWindow=1 pendingData=1 globalLimit=16 neighborOK=0 nodeOK=1 -> NO
[HOP 5] CanSendToHop dest=1 outstanding=1 threshold=0 effectiveWindow=1 pendingData=1 globalLimit=16 neighborOK=0 nodeOK=1 -> NO
[HOP 5] CanSendToHop dest=1 outstanding=1 threshold=0 effectiveWindow=1 pendingData=1 globalLimit=16 neighborOK=0 nodeOK=1 -> NO
[HOP 5] CanSendToHop dest=1 outstanding=1 threshold=0 effectiveWindow=1 pendingData=1 globalLimit=16 neighborOK=0 nodeOK=1 -> NO
[HOP 5] CanSendToHop dest=1 outstanding=1 threshold=0 effectiveWindow=1 pendingData=1 globalLimit=16 neighborOK=0 nodeOK=1 -> NO
[HOP 5] CanSendToHop dest=1 outstanding=1 threshold=0 effectiveWindow=1 pendingData=1 globalLimit=16 neighborOK=0 nodeOK=1 -> NO
[HOP 5] CanSendToHop dest=1 outstanding=1 threshold=0 effectiveWindow=1 pendingData=1 globalLimit=16 neighborOK=0 nodeOK=1 -> NO
[HOP 5] CanSendToHop dest=1 outstanding=1 threshold=0 effectiveWindow=1 pendingData=1 globalLimit=16 neighborOK=0 nodeOK=1 -> NO
[HOP 5] CanSendToHop dest=1 outstanding=1 threshold=0 effectiveWindow=1 pendingData=1 globalLimit=16 neighborOK=0 nodeOK=1 -> NO
[HOP 5] CanSendToHop dest=1 outstanding=1 threshold=0 effectiveWindow=1 pendingData=1 globalLimit=16 neighborOK=0 nodeOK=1 -> NO
[HOP 5] CanSendToHop dest=1 outstanding=1 threshold=0 effectiveWindow=1 pendingData=1 globalLimit=16 neighborOK=0 nodeOK=1 -> NO
[HOP 5] CanSendToHop dest=1 outstanding=1 threshold=0 effectiveWindow=1 pendingData=1 globalLimit=16 neighborOK=0 nodeOK=1 -> NO
[HOP 5] CanSendToHop dest=1 outstanding=1 threshold=0 effectiveWindow=1 pendingData=1 globalLimit=16 neighborOK=0 nodeOK=1 -> NO
[HOP 5] CanSendToHop dest=1 outstanding=1 threshold=0 effectiveWindow=1 pendingData=1 globalLimit=16 neighborOK=0 nodeOK=1 -> NO
[HOP 5] CanSendToHop dest=1 outstanding=1 threshold=0 effectiveWindow=1 pendingData=1 globalLimit=16 neighborOK=0 nodeOK=1 -> NO
[HOP 5] CanSendToHop dest=1 outstanding=1 threshold=0 effectiveWindow=1 pendingData=1 globalLimit=16 neighborOK=0 nodeOK=1 -> NO
[HOP 5] CanSendToHop dest=1 outstanding=1 threshold=0 effectiveWindow=1 pendingData=1 globalLimit=16 neighborOK=0 nodeOK=1 -> NO
[MAC 5] rtslot_counter expired for neighbor 4 reserveSlot=2
[MAC 1] PickTxSlot(dest=5) active_nodes_for_slotting=3 opnet_slot_range=31
[MAC 1] avoiding neighbor 5 currentReservedSlot=1 rtslot_counter=1
[MAC 1] PickTxSlot(dest=5) avoid: 1
[MAC 1] PickTxSlot chose 2 using historical next_tslot modulo probe
[MAC 1] TX opportunity reached currentSlot=1 reserveNextSlot=2
... type=1 speedKey=128[t=1.0625] TX from node 1 to dest 5 seq 3 size 41 bytes segments 1 at slot 2 rate 128 kbps txPower 33 dBm (133333 bps) preamble SHORT duration 0.02208 s
[MAC 1] ACK transmitted in aggregate dest=5 seq=3 txCount=1/5
[MAC 1] OPNET aggregate transmitted segments=1 ackSegments=1 dataSegments=0 bytes=41 rate=128
[MAC 5] rtslot_counter expired for neighbor 1 reserveSlot=1
[MAC 4] rtslot_counter expired for neighbor 5 reserveSlot=3
[MAC 5] PickTxSlot(dest=4) active_nodes_for_slotting=3 opnet_slot_range=31
[MAC 5] PickTxSlot(dest=4) avoid:
[MAC 5] PickTxSlot chose 7 using historical next_tslot modulo probe
[MAC 5] TX opportunity reached currentSlot=3 reserveNextSlot=7
... type=1 speedKey=128[t=1.079] TX from node 5 to dest 4 seq 5 size 41 bytes segments 1 at slot 7 rate 128 kbps txPower 33 dBm (133333 bps) preamble SHORT duration 0.02208 s
[MAC 5] ACK transmitted in aggregate dest=4 seq=5 txCount=2/5
[MAC 5] OPNET aggregate transmitted segments=1 ackSegments=1 dataSegments=0 bytes=41 rate=128
[MAC 1] resumes Pre-Tx with live slot=2 counter=2
[MAC 5] Learned neighbor 1 uses slot 2 (rtCounter=2)
[HOP 5] RX ACK from 1 seq=3
[HOP 5] Pending DATA decrement reason=ACK neighbor=1 pending=0
[HOP 5] Adaptive flow threshold increased neighbor=1 old=0 new=1 effectiveWindow=2
[NWK 5] NSDP(5->1) decremented to 15
[NWK 5] HOP completion released NSDP slot; awaiting HOP queue wake flow=5->1
[NWK 5] CheckNwkQueue: size=20
[HOP 5] CanSendToHop dest=1 outstanding=0 threshold=1 effectiveWindow=2 pendingData=0 globalLimit=16 neighborOK=1 nodeOK=1 -> YES
[HOP 5] link_control dest=1 neighborKnown=1 s0=-109 pathloss=70 failures=0 speed=128 txPower=33 rxPower=-109 cost=116
[HOP 5] Pending DATA increment dest=1 pending=1
[HOP 5] TX historical-bare DATA neighbor=1 hopSeq=4
[MAC] Enqueue TX pkt dscp=0 insert_pos=0 queue_size_before=0
[HOP 5] CanSendToHop dest=1 outstanding=1 threshold=1 effectiveWindow=2 pendingData=1 globalLimit=16 neighborOK=1 nodeOK=1 -> YES
[HOP 5] link_control dest=1 neighborKnown=1 s0=-109 pathloss=70 failures=0 speed=128 txPower=33 rxPower=-109 cost=116
[HOP 5] Pending DATA increment dest=1 pending=2
[HOP 5] TX historical-bare DATA neighbor=1 hopSeq=5
[MAC] Enqueue TX pkt dscp=0 insert_pos=1 queue_size_before=1
[HOP 5] CanSendToHop dest=1 outstanding=2 threshold=1 effectiveWindow=2 pendingData=2 globalLimit=16 neighborOK=0 nodeOK=1 -> NO
[HOP 5] CanSendToHop dest=1 outstanding=2 threshold=1 effectiveWindow=2 pendingData=2 globalLimit=16 neighborOK=0 nodeOK=1 -> NO
[HOP 5] CanSendToHop dest=1 outstanding=2 threshold=1 effectiveWindow=2 pendingData=2 globalLimit=16 neighborOK=0 nodeOK=1 -> NO
[HOP 5] CanSendToHop dest=1 outstanding=2 threshold=1 effectiveWindow=2 pendingData=2 globalLimit=16 neighborOK=0 nodeOK=1 -> NO
[HOP 5] CanSendToHop dest=1 outstanding=2 threshold=1 effectiveWindow=2 pendingData=2 globalLimit=16 neighborOK=0 nodeOK=1 -> NO
[HOP 5] CanSendToHop dest=1 outstanding=2 threshold=1 effectiveWindow=2 pendingData=2 globalLimit=16 neighborOK=0 nodeOK=1 -> NO
[HOP 5] CanSendToHop dest=1 outstanding=2 threshold=1 effectiveWindow=2 pendingData=2 globalLimit=16 neighborOK=0 nodeOK=1 -> NO
[HOP 5] CanSendToHop dest=1 outstanding=2 threshold=1 effectiveWindow=2 pendingData=2 globalLimit=16 neighborOK=0 nodeOK=1 -> NO
[HOP 5] CanSendToHop dest=1 outstanding=2 threshold=1 effectiveWindow=2 pendingData=2 globalLimit=16 neighborOK=0 nodeOK=1 -> NO
[HOP 5] CanSendToHop dest=1 outstanding=2 threshold=1 effectiveWindow=2 pendingData=2 globalLimit=16 neighborOK=0 nodeOK=1 -> NO
[HOP 5] CanSendToHop dest=1 outstanding=2 threshold=1 effectiveWindow=2 pendingData=2 globalLimit=16 neighborOK=0 nodeOK=1 -> NO
[HOP 5] CanSendToHop dest=1 outstanding=2 threshold=1 effectiveWindow=2 pendingData=2 globalLimit=16 neighborOK=0 nodeOK=1 -> NO
[HOP 5] CanSendToHop dest=1 outstanding=2 threshold=1 effectiveWindow=2 pendingData=2 globalLimit=16 neighborOK=0 nodeOK=1 -> NO
[HOP 5] CanSendToHop dest=1 outstanding=2 threshold=1 effectiveWindow=2 pendingData=2 globalLimit=16 neighborOK=0 nodeOK=1 -> NO
[HOP 5] CanSendToHop dest=1 outstanding=2 threshold=1 effectiveWindow=2 pendingData=2 globalLimit=16 neighborOK=0 nodeOK=1 -> NO
[HOP 5] CanSendToHop dest=1 outstanding=2 threshold=1 effectiveWindow=2 pendingData=2 globalLimit=16 neighborOK=0 nodeOK=1 -> NO
[HOP 5] CanSendToHop dest=1 outstanding=2 threshold=1 effectiveWindow=2 pendingData=2 globalLimit=16 neighborOK=0 nodeOK=1 -> NO
[HOP 5] CanSendToHop dest=1 outstanding=2 threshold=1 effectiveWindow=2 pendingData=2 globalLimit=16 neighborOK=0 nodeOK=1 -> NO
[NWK 5] NSDP(5->1) incremented to 16
[NWK 5] CheckNwkQueue: size=19
[HOP 5] CanSendToHop dest=1 outstanding=2 threshold=1 effectiveWindow=2 pendingData=2 globalLimit=16 neighborOK=0 nodeOK=1 -> NO
[HOP 5] CanSendToHop dest=1 outstanding=2 threshold=1 effectiveWindow=2 pendingData=2 globalLimit=16 neighborOK=0 nodeOK=1 -> NO
[HOP 5] CanSendToHop dest=1 outstanding=2 threshold=1 effectiveWindow=2 pendingData=2 globalLimit=16 neighborOK=0 nodeOK=1 -> NO
[HOP 5] CanSendToHop dest=1 outstanding=2 threshold=1 effectiveWindow=2 pendingData=2 globalLimit=16 neighborOK=0 nodeOK=1 -> NO
[HOP 5] CanSendToHop dest=1 outstanding=2 threshold=1 effectiveWindow=2 pendingData=2 globalLimit=16 neighborOK=0 nodeOK=1 -> NO
[HOP 5] CanSendToHop dest=1 outstanding=2 threshold=1 effectiveWindow=2 pendingData=2 globalLimit=16 neighborOK=0 nodeOK=1 -> NO
[HOP 5] CanSendToHop dest=1 outstanding=2 threshold=1 effectiveWindow=2 pendingData=2 globalLimit=16 neighborOK=0 nodeOK=1 -> NO
[HOP 5] CanSendToHop dest=1 outstanding=2 threshold=1 effectiveWindow=2 pendingData=2 globalLimit=16 neighborOK=0 nodeOK=1 -> NO
[HOP 5] CanSendToHop dest=1 outstanding=2 threshold=1 effectiveWindow=2 pendingData=2 globalLimit=16 neighborOK=0 nodeOK=1 -> NO
[HOP 5] CanSendToHop dest=1 outstanding=2 threshold=1 effectiveWindow=2 pendingData=2 globalLimit=16 neighborOK=0 nodeOK=1 -> NO
[HOP 5] CanSendToHop dest=1 outstanding=2 threshold=1 effectiveWindow=2 pendingData=2 globalLimit=16 neighborOK=0 nodeOK=1 -> NO
[HOP 5] CanSendToHop dest=1 outstanding=2 threshold=1 effectiveWindow=2 pendingData=2 globalLimit=16 neighborOK=0 nodeOK=1 -> NO
[HOP 5] CanSendToHop dest=1 outstanding=2 threshold=1 effectiveWindow=2 pendingData=2 globalLimit=16 neighborOK=0 nodeOK=1 -> NO
[HOP 5] CanSendToHop dest=1 outstanding=2 threshold=1 effectiveWindow=2 pendingData=2 globalLimit=16 neighborOK=0 nodeOK=1 -> NO
[HOP 5] CanSendToHop dest=1 outstanding=2 threshold=1 effectiveWindow=2 pendingData=2 globalLimit=16 neighborOK=0 nodeOK=1 -> NO
[HOP 5] CanSendToHop dest=1 outstanding=2 threshold=1 effectiveWindow=2 pendingData=2 globalLimit=16 neighborOK=0 nodeOK=1 -> NO
[HOP 5] CanSendToHop dest=1 outstanding=2 threshold=1 effectiveWindow=2 pendingData=2 globalLimit=16 neighborOK=0 nodeOK=1 -> NO
[HOP 5] CanSendToHop dest=1 outstanding=2 threshold=1 effectiveWindow=2 pendingData=2 globalLimit=16 neighborOK=0 nodeOK=1 -> NO
[HOP 5] CanSendToHop dest=1 outstanding=2 threshold=1 effectiveWindow=2 pendingData=2 globalLimit=16 neighborOK=0 nodeOK=1 -> NO
[MAC 5] resumes Pre-Tx with live slot=7 counter=7
[MAC 4] Learned neighbor 5 uses slot 7 (rtCounter=7)
[HOP 4] RX ACK from 5 seq=5
[NWK 4] CheckNwkQueue: size=13
[HOP 4] CanSendToHop dest=5 outstanding=2 threshold=1 effectiveWindow=2 pendingData=2 globalLimit=16 neighborOK=0 nodeOK=1 -> NO
[HOP 4] CanSendToHop dest=5 outstanding=2 threshold=1 effectiveWindow=2 pendingData=2 globalLimit=16 neighborOK=0 nodeOK=1 -> NO
[HOP 4] CanSendToHop dest=5 outstanding=2 threshold=1 effectiveWindow=2 pendingData=2 globalLimit=16 neighborOK=0 nodeOK=1 -> NO
[HOP 4] CanSendToHop dest=5 outstanding=2 threshold=1 effectiveWindow=2 pendingData=2 globalLimit=16 neighborOK=0 nodeOK=1 -> NO
[HOP 4] CanSendToHop dest=5 outstanding=2 threshold=1 effectiveWindow=2 pendingData=2 globalLimit=16 neighborOK=0 nodeOK=1 -> NO
[HOP 4] CanSendToHop dest=5 outstanding=2 threshold=1 effectiveWindow=2 pendingData=2 globalLimit=16 neighborOK=0 nodeOK=1 -> NO
[HOP 4] CanSendToHop dest=5 outstanding=2 threshold=1 effectiveWindow=2 pendingData=2 globalLimit=16 neighborOK=0 nodeOK=1 -> NO
[HOP 4] CanSendToHop dest=5 outstanding=2 threshold=1 effectiveWindow=2 pendingData=2 globalLimit=16 neighborOK=0 nodeOK=1 -> NO
[HOP 4] CanSendToHop dest=5 outstanding=2 threshold=1 effectiveWindow=2 pendingData=2 globalLimit=16 neighborOK=0 nodeOK=1 -> NO
[HOP 4] CanSendToHop dest=5 outstanding=2 threshold=1 effectiveWindow=2 pendingData=2 globalLimit=16 neighborOK=0 nodeOK=1 -> NO
[HOP 4] CanSendToHop dest=5 outstanding=2 threshold=1 effectiveWindow=2 pendingData=2 globalLimit=16 neighborOK=0 nodeOK=1 -> NO
[HOP 4] CanSendToHop dest=5 outstanding=2 threshold=1 effectiveWindow=2 pendingData=2 globalLimit=16 neighborOK=0 nodeOK=1 -> NO
[HOP 4] CanSendToHop dest=5 outstanding=2 threshold=1 effectiveWindow=2 pendingData=2 globalLimit=16 neighborOK=0 nodeOK=1 -> NO
[MAC 1] rtslot_counter expired for neighbor 5 reserveSlot=3
[MAC 1] PickTxSlot(dest=5) active_nodes_for_slotting=3 opnet_slot_range=31
[MAC 1] PickTxSlot(dest=5) avoid:
[MAC 1] PickTxSlot chose 1 using historical next_tslot modulo probe
[MAC 1] TX opportunity reached currentSlot=2 reserveNextSlot=1
... type=1 speedKey=128[t=1.1145] TX from node 1 to dest 5 seq 3 size 41 bytes segments 1 at slot 1 rate 128 kbps txPower 33 dBm (133333 bps) preamble SHORT duration 0.02208 s
[MAC 1] ACK transmitted in aggregate dest=5 seq=3 txCount=2/5
[MAC 1] OPNET aggregate transmitted segments=1 ackSegments=1 dataSegments=0 bytes=41 rate=128
[MAC 5] rtslot_counter expired for neighbor 1 reserveSlot=2
[MAC 1] resumes Pre-Tx with live slot=1 counter=1
[MAC 5] Learned neighbor 1 uses slot 1 (rtCounter=1)
[HOP 5] RX ACK from 1 seq=3
[NWK 5] CheckNwkQueue: size=19
[HOP 5] CanSendToHop dest=1 outstanding=2 threshold=1 effectiveWindow=2 pendingData=2 globalLimit=16 neighborOK=0 nodeOK=1 -> NO
[HOP 5] CanSendToHop dest=1 outstanding=2 threshold=1 effectiveWindow=2 pendingData=2 globalLimit=16 neighborOK=0 nodeOK=1 -> NO
[HOP 5] CanSendToHop dest=1 outstanding=2 threshold=1 effectiveWindow=2 pendingData=2 globalLimit=16 neighborOK=0 nodeOK=1 -> NO
[HOP 5] CanSendToHop dest=1 outstanding=2 threshold=1 effectiveWindow=2 pendingData=2 globalLimit=16 neighborOK=0 nodeOK=1 -> NO
[HOP 5] CanSendToHop dest=1 outstanding=2 threshold=1 effectiveWindow=2 pendingData=2 globalLimit=16 neighborOK=0 nodeOK=1 -> NO
[HOP 5] CanSendToHop dest=1 outstanding=2 threshold=1 effectiveWindow=2 pendingData=2 globalLimit=16 neighborOK=0 nodeOK=1 -> NO
[HOP 5] CanSendToHop dest=1 outstanding=2 threshold=1 effectiveWindow=2 pendingData=2 globalLimit=16 neighborOK=0 nodeOK=1 -> NO
[HOP 5] CanSendToHop dest=1 outstanding=2 threshold=1 effectiveWindow=2 pendingData=2 globalLimit=16 neighborOK=0 nodeOK=1 -> NO
[HOP 5] CanSendToHop dest=1 outstanding=2 threshold=1 effectiveWindow=2 pendingData=2 globalLimit=16 neighborOK=0 nodeOK=1 -> NO
[HOP 5] CanSendToHop dest=1 outstanding=2 threshold=1 effectiveWindow=2 pendingData=2 globalLimit=16 neighborOK=0 nodeOK=1 -> NO
[HOP 5] CanSendToHop dest=1 outstanding=2 threshold=1 effectiveWindow=2 pendingData=2 globalLimit=16 neighborOK=0 nodeOK=1 -> NO
[HOP 5] CanSendToHop dest=1 outstanding=2 threshold=1 effectiveWindow=2 pendingData=2 globalLimit=16 neighborOK=0 nodeOK=1 -> NO
[HOP 5] CanSendToHop dest=1 outstanding=2 threshold=1 effectiveWindow=2 pendingData=2 globalLimit=16 neighborOK=0 nodeOK=1 -> NO
[HOP 5] CanSendToHop dest=1 outstanding=2 threshold=1 effectiveWindow=2 pendingData=2 globalLimit=16 neighborOK=0 nodeOK=1 -> NO
[HOP 5] CanSendToHop dest=1 outstanding=2 threshold=1 effectiveWindow=2 pendingData=2 globalLimit=16 neighborOK=0 nodeOK=1 -> NO
[HOP 5] CanSendToHop dest=1 outstanding=2 threshold=1 effectiveWindow=2 pendingData=2 globalLimit=16 neighborOK=0 nodeOK=1 -> NO
[HOP 5] CanSendToHop dest=1 outstanding=2 threshold=1 effectiveWindow=2 pendingData=2 globalLimit=16 neighborOK=0 nodeOK=1 -> NO
[HOP 5] CanSendToHop dest=1 outstanding=2 threshold=1 effectiveWindow=2 pendingData=2 globalLimit=16 neighborOK=0 nodeOK=1 -> NO
[HOP 5] CanSendToHop dest=1 outstanding=2 threshold=1 effectiveWindow=2 pendingData=2 globalLimit=16 neighborOK=0 nodeOK=1 -> NO
[MAC 1] PickTxSlot(dest=5) active_nodes_for_slotting=3 opnet_slot_range=31
[MAC 1] PickTxSlot(dest=5) avoid:
[MAC 1] PickTxSlot chose 1 using historical next_tslot modulo probe
[MAC 1] TX opportunity reached currentSlot=1 reserveNextSlot=1
... type=1 speedKey=128[t=1.1535] TX from node 1 to dest 5 seq 3 size 41 bytes segments 1 at slot 1 rate 128 kbps txPower 33 dBm (133333 bps) preamble SHORT duration 0.02208 s
[MAC 1] ACK transmitted in aggregate dest=5 seq=3 txCount=3/5
[MAC 1] OPNET aggregate transmitted segments=1 ackSegments=1 dataSegments=0 bytes=41 rate=128
[MAC 5] rtslot_counter expired for neighbor 1 reserveSlot=1
[MAC 4] PickTxSlot(dest=5) active_nodes_for_slotting=3 opnet_slot_range=31
[MAC 4] avoiding neighbor 5 currentReservedSlot=1 rtslot_counter=1
[MAC 4] PickTxSlot(dest=5) avoid: 1
[MAC 4] PickTxSlot chose 2 using historical next_tslot modulo probe
[MAC 4] TX opportunity reached currentSlot=9 reserveNextSlot=2
... type=0 speedKey=128[t=1.17] TX from node 4 to dest 5 seq 6 size 96 bytes segments 2 at slot 2 rate 128 kbps txPower 33 dBm (133333 bps) preamble SHORT duration 0.02538 s
[HOP 4] MAC sent confirmation dest=5 seq=6 transmission=1 sentAt=1.17
[HOP 4] MAC sent confirmation dest=5 seq=7 transmission=1 sentAt=1.17
[MAC 4] OPNET aggregate transmitted segments=2 ackSegments=0 dataSegments=2 bytes=96 rate=128
[MAC 1] resumes Pre-Tx with live slot=1 counter=1
[MAC 5] Learned neighbor 1 uses slot 1 (rtCounter=1)
[HOP 5] RX ACK from 1 seq=3
[NWK 5] CheckNwkQueue: size=19
[HOP 5] CanSendToHop dest=1 outstanding=2 threshold=1 effectiveWindow=2 pendingData=2 globalLimit=16 neighborOK=0 nodeOK=1 -> NO
[HOP 5] CanSendToHop dest=1 outstanding=2 threshold=1 effectiveWindow=2 pendingData=2 globalLimit=16 neighborOK=0 nodeOK=1 -> NO
[HOP 5] CanSendToHop dest=1 outstanding=2 threshold=1 effectiveWindow=2 pendingData=2 globalLimit=16 neighborOK=0 nodeOK=1 -> NO
[HOP 5] CanSendToHop dest=1 outstanding=2 threshold=1 effectiveWindow=2 pendingData=2 globalLimit=16 neighborOK=0 nodeOK=1 -> NO
[HOP 5] CanSendToHop dest=1 outstanding=2 threshold=1 effectiveWindow=2 pendingData=2 globalLimit=16 neighborOK=0 nodeOK=1 -> NO
[HOP 5] CanSendToHop dest=1 outstanding=2 threshold=1 effectiveWindow=2 pendingData=2 globalLimit=16 neighborOK=0 nodeOK=1 -> NO
[HOP 5] CanSendToHop dest=1 outstanding=2 threshold=1 effectiveWindow=2 pendingData=2 globalLimit=16 neighborOK=0 nodeOK=1 -> NO
[HOP 5] CanSendToHop dest=1 outstanding=2 threshold=1 effectiveWindow=2 pendingData=2 globalLimit=16 neighborOK=0 nodeOK=1 -> NO
[HOP 5] CanSendToHop dest=1 outstanding=2 threshold=1 effectiveWindow=2 pendingData=2 globalLimit=16 neighborOK=0 nodeOK=1 -> NO
[HOP 5] CanSendToHop dest=1 outstanding=2 threshold=1 effectiveWindow=2 pendingData=2 globalLimit=16 neighborOK=0 nodeOK=1 -> NO
[HOP 5] CanSendToHop dest=1 outstanding=2 threshold=1 effectiveWindow=2 pendingData=2 globalLimit=16 neighborOK=0 nodeOK=1 -> NO
[HOP 5] CanSendToHop dest=1 outstanding=2 threshold=1 effectiveWindow=2 pendingData=2 globalLimit=16 neighborOK=0 nodeOK=1 -> NO
[HOP 5] CanSendToHop dest=1 outstanding=2 threshold=1 effectiveWindow=2 pendingData=2 globalLimit=16 neighborOK=0 nodeOK=1 -> NO
[HOP 5] CanSendToHop dest=1 outstanding=2 threshold=1 effectiveWindow=2 pendingData=2 globalLimit=16 neighborOK=0 nodeOK=1 -> NO
[HOP 5] CanSendToHop dest=1 outstanding=2 threshold=1 effectiveWindow=2 pendingData=2 globalLimit=16 neighborOK=0 nodeOK=1 -> NO
[HOP 5] CanSendToHop dest=1 outstanding=2 threshold=1 effectiveWindow=2 pendingData=2 globalLimit=16 neighborOK=0 nodeOK=1 -> NO
[HOP 5] CanSendToHop dest=1 outstanding=2 threshold=1 effectiveWindow=2 pendingData=2 globalLimit=16 neighborOK=0 nodeOK=1 -> NO
[HOP 5] CanSendToHop dest=1 outstanding=2 threshold=1 effectiveWindow=2 pendingData=2 globalLimit=16 neighborOK=0 nodeOK=1 -> NO
[HOP 5] CanSendToHop dest=1 outstanding=2 threshold=1 effectiveWindow=2 pendingData=2 globalLimit=16 neighborOK=0 nodeOK=1 -> NO
[MAC 1] PickTxSlot(dest=5) active_nodes_for_slotting=3 opnet_slot_range=31
[MAC 1] PickTxSlot(dest=5) avoid:
[MAC 1] PickTxSlot chose 1 using historical next_tslot modulo probe
[MAC 1] TX opportunity reached currentSlot=1 reserveNextSlot=1
... type=1 speedKey=128[t=1.1925] TX from node 1 to dest 5 seq 3 size 41 bytes segments 1 at slot 1 rate 128 kbps txPower 33 dBm (133333 bps) preamble SHORT duration 0.02208 s
[MAC 1] ACK transmitted in aggregate dest=5 seq=3 txCount=4/5
[MAC 1] OPNET aggregate transmitted segments=1 ackSegments=1 dataSegments=0 bytes=41 rate=128
[MAC 4] post-TX WAIT_FOR_ACK until 21.1954 (POST_TX_WAIT=20 s)
[MAC 5] Learned neighbor 4 uses slot 2 (rtCounter=2)
[HOP 5] link_control dest=4 neighborKnown=1 s0=-109 pathloss=70 failures=0 speed=128 txPower=33 rxPower=-109 cost=116
[NWK 5] Updated reverse path netSrc=4 reverseHop=4
[MAC 5] Update cumulative ACK queue entry dest=4 baseSeq=6 txCount=0
[HOP 5] link_control dest=4 neighborKnown=1 s0=-109 pathloss=70 failures=0 speed=128 txPower=33 rxPower=-109 cost=116
[NWK 5] Updated reverse path netSrc=4 reverseHop=4
[MAC 5] Update cumulative ACK queue entry dest=4 baseSeq=7 txCount=0
[NWK 5] CheckNwkQueue: size=21
[HOP 5] CanSendToHop dest=1 outstanding=2 threshold=1 effectiveWindow=2 pendingData=2 globalLimit=16 neighborOK=0 nodeOK=1 -> NO
[HOP 5] CanSendToHop dest=1 outstanding=2 threshold=1 effectiveWindow=2 pendingData=2 globalLimit=16 neighborOK=0 nodeOK=1 -> NO
[HOP 5] CanSendToHop dest=1 outstanding=2 threshold=1 effectiveWindow=2 pendingData=2 globalLimit=16 neighborOK=0 nodeOK=1 -> NO
[HOP 5] CanSendToHop dest=1 outstanding=2 threshold=1 effectiveWindow=2 pendingData=2 globalLimit=16 neighborOK=0 nodeOK=1 -> NO
[HOP 5] CanSendToHop dest=1 outstanding=2 threshold=1 effectiveWindow=2 pendingData=2 globalLimit=16 neighborOK=0 nodeOK=1 -> NO
[HOP 5] CanSendToHop dest=1 outstanding=2 threshold=1 effectiveWindow=2 pendingData=2 globalLimit=16 neighborOK=0 nodeOK=1 -> NO
[HOP 5] CanSendToHop dest=1 outstanding=2 threshold=1 effectiveWindow=2 pendingData=2 globalLimit=16 neighborOK=0 nodeOK=1 -> NO
[HOP 5] CanSendToHop dest=1 outstanding=2 threshold=1 effectiveWindow=2 pendingData=2 globalLimit=16 neighborOK=0 nodeOK=1 -> NO
[HOP 5] CanSendToHop dest=1 outstanding=2 threshold=1 effectiveWindow=2 pendingData=2 globalLimit=16 neighborOK=0 nodeOK=1 -> NO
[HOP 5] CanSendToHop dest=1 outstanding=2 threshold=1 effectiveWindow=2 pendingData=2 globalLimit=16 neighborOK=0 nodeOK=1 -> NO
[HOP 5] CanSendToHop dest=1 outstanding=2 threshold=1 effectiveWindow=2 pendingData=2 globalLimit=16 neighborOK=0 nodeOK=1 -> NO
[HOP 5] CanSendToHop dest=1 outstanding=2 threshold=1 effectiveWindow=2 pendingData=2 globalLimit=16 neighborOK=0 nodeOK=1 -> NO
[HOP 5] CanSendToHop dest=1 outstanding=2 threshold=1 effectiveWindow=2 pendingData=2 globalLimit=16 neighborOK=0 nodeOK=1 -> NO
[HOP 5] CanSendToHop dest=1 outstanding=2 threshold=1 effectiveWindow=2 pendingData=2 globalLimit=16 neighborOK=0 nodeOK=1 -> NO
[HOP 5] CanSendToHop dest=1 outstanding=2 threshold=1 effectiveWindow=2 pendingData=2 globalLimit=16 neighborOK=0 nodeOK=1 -> NO
[HOP 5] CanSendToHop dest=1 outstanding=2 threshold=1 effectiveWindow=2 pendingData=2 globalLimit=16 neighborOK=0 nodeOK=1 -> NO
[HOP 5] CanSendToHop dest=1 outstanding=2 threshold=1 effectiveWindow=2 pendingData=2 globalLimit=16 neighborOK=0 nodeOK=1 -> NO
[HOP 5] CanSendToHop dest=1 outstanding=2 threshold=1 effectiveWindow=2 pendingData=2 globalLimit=16 neighborOK=0 nodeOK=1 -> NO
[HOP 5] CanSendToHop dest=1 outstanding=2 threshold=1 effectiveWindow=2 pendingData=2 globalLimit=16 neighborOK=0 nodeOK=1 -> NO
[HOP 5] CanSendToHop dest=1 outstanding=2 threshold=1 effectiveWindow=2 pendingData=2 globalLimit=16 neighborOK=0 nodeOK=1 -> NO
[HOP 5] CanSendToHop dest=1 outstanding=2 threshold=1 effectiveWindow=2 pendingData=2 globalLimit=16 neighborOK=0 nodeOK=1 -> NO
[MAC 5] rtslot_counter expired for neighbor 1 reserveSlot=1
[MAC 5] PickTxSlot(dest=4) active_nodes_for_slotting=3 opnet_slot_range=31
[MAC 5] avoiding neighbor 4 currentReservedSlot=1 rtslot_counter=1
[MAC 5] PickTxSlot(dest=4) avoid: 1
[MAC 5] PickTxSlot chose 3 using historical next_tslot modulo probe
[MAC 5] TX opportunity reached currentSlot=7 reserveNextSlot=3
... type=1 speedKey=128[t=1.196] TX from node 5 to dest 4 seq 7 size 137 bytes segments 3 at slot 3 rate 128 kbps txPower 33 dBm (133333 bps) preamble SHORT duration 0.02784 s
[HOP 5] MAC sent confirmation dest=1 seq=4 transmission=1 sentAt=1.196
[HOP 5] MAC sent confirmation dest=1 seq=5 transmission=1 sentAt=1.196
[MAC 5] ACK transmitted in aggregate dest=4 seq=7 txCount=1/5
[MAC 5] OPNET aggregate transmitted segments=3 ackSegments=1 dataSegments=2 bytes=137 rate=128
[MAC 4] rtslot_counter expired for neighbor 5 reserveSlot=7
[MAC 1] resumes Pre-Tx with live slot=1 counter=1
[MAC 5] Learned neighbor 1 uses slot 1 (rtCounter=1)
[HOP 5] RX ACK from 1 seq=3
[NWK 5] CheckNwkQueue: size=21
[HOP 5] CanSendToHop dest=1 outstanding=2 threshold=1 effectiveWindow=2 pendingData=2 globalLimit=16 neighborOK=0 nodeOK=1 -> NO
[HOP 5] CanSendToHop dest=1 outstanding=2 threshold=1 effectiveWindow=2 pendingData=2 globalLimit=16 neighborOK=0 nodeOK=1 -> NO
[HOP 5] CanSendToHop dest=1 outstanding=2 threshold=1 effectiveWindow=2 pendingData=2 globalLimit=16 neighborOK=0 nodeOK=1 -> NO
[HOP 5] CanSendToHop dest=1 outstanding=2 threshold=1 effectiveWindow=2 pendingData=2 globalLimit=16 neighborOK=0 nodeOK=1 -> NO
[HOP 5] CanSendToHop dest=1 outstanding=2 threshold=1 effectiveWindow=2 pendingData=2 globalLimit=16 neighborOK=0 nodeOK=1 -> NO
[HOP 5] CanSendToHop dest=1 outstanding=2 threshold=1 effectiveWindow=2 pendingData=2 globalLimit=16 neighborOK=0 nodeOK=1 -> NO
[HOP 5] CanSendToHop dest=1 outstanding=2 threshold=1 effectiveWindow=2 pendingData=2 globalLimit=16 neighborOK=0 nodeOK=1 -> NO
[HOP 5] CanSendToHop dest=1 outstanding=2 threshold=1 effectiveWindow=2 pendingData=2 globalLimit=16 neighborOK=0 nodeOK=1 -> NO
[HOP 5] CanSendToHop dest=1 outstanding=2 threshold=1 effectiveWindow=2 pendingData=2 globalLimit=16 neighborOK=0 nodeOK=1 -> NO
[HOP 5] CanSendToHop dest=1 outstanding=2 threshold=1 effectiveWindow=2 pendingData=2 globalLimit=16 neighborOK=0 nodeOK=1 -> NO
[HOP 5] CanSendToHop dest=1 outstanding=2 threshold=1 effectiveWindow=2 pendingData=2 globalLimit=16 neighborOK=0 nodeOK=1 -> NO
[HOP 5] CanSendToHop dest=1 outstanding=2 threshold=1 effectiveWindow=2 pendingData=2 globalLimit=16 neighborOK=0 nodeOK=1 -> NO
[HOP 5] CanSendToHop dest=1 outstanding=2 threshold=1 effectiveWindow=2 pendingData=2 globalLimit=16 neighborOK=0 nodeOK=1 -> NO
[HOP 5] CanSendToHop dest=1 outstanding=2 threshold=1 effectiveWindow=2 pendingData=2 globalLimit=16 neighborOK=0 nodeOK=1 -> NO
[HOP 5] CanSendToHop dest=1 outstanding=2 threshold=1 effectiveWindow=2 pendingData=2 globalLimit=16 neighborOK=0 nodeOK=1 -> NO
[HOP 5] CanSendToHop dest=1 outstanding=2 threshold=1 effectiveWindow=2 pendingData=2 globalLimit=16 neighborOK=0 nodeOK=1 -> NO
[HOP 5] CanSendToHop dest=1 outstanding=2 threshold=1 effectiveWindow=2 pendingData=2 globalLimit=16 neighborOK=0 nodeOK=1 -> NO
[HOP 5] CanSendToHop dest=1 outstanding=2 threshold=1 effectiveWindow=2 pendingData=2 globalLimit=16 neighborOK=0 nodeOK=1 -> NO
[HOP 5] CanSendToHop dest=1 outstanding=2 threshold=1 effectiveWindow=2 pendingData=2 globalLimit=16 neighborOK=0 nodeOK=1 -> NO
[HOP 5] CanSendToHop dest=1 outstanding=2 threshold=1 effectiveWindow=2 pendingData=2 globalLimit=16 neighborOK=0 nodeOK=1 -> NO
[HOP 5] CanSendToHop dest=1 outstanding=2 threshold=1 effectiveWindow=2 pendingData=2 globalLimit=16 neighborOK=0 nodeOK=1 -> NO
[MAC 4] local advertised reservation expired
[MAC 5] resumes Pre-Tx with live slot=3 counter=3
[MAC 4] Learned neighbor 5 uses slot 3 (rtCounter=3)
[HOP 4] RX ACK from 5 seq=7
[HOP 4] Pending DATA decrement reason=ACK neighbor=5 pending=1
[HOP 4] Adaptive flow threshold increased neighbor=5 old=1 new=2 effectiveWindow=3
[NWK 4] NSDP(4->1) decremented to 14
[NWK 4] HOP completion released NSDP slot; awaiting HOP queue wake flow=4->1
[HOP 4] Pending DATA decrement reason=ACK neighbor=5 pending=0
[NWK 4] NSDP(4->1) decremented to 13
[NWK 4] HOP completion released NSDP slot; awaiting HOP queue wake flow=4->1
[MAC 1] Learned neighbor 5 uses slot 3 (rtCounter=3)
[HOP 1] link_control dest=5 neighborKnown=1 s0=-109 pathloss=70 failures=0 speed=128 txPower=33 rxPower=-109 cost=116
[MAC 1] Update cumulative ACK queue entry dest=5 baseSeq=4 txCount=0
[NWK 1] Updated reverse path netSrc=5 reverseHop=5
[HOP 1] link_control dest=5 neighborKnown=1 s0=-109 pathloss=70 failures=0 speed=128 txPower=33 rxPower=-109 cost=116
[MAC 1] Update cumulative ACK queue entry dest=5 baseSeq=5 txCount=0
[NWK 1] Updated reverse path netSrc=5 reverseHop=5
[NWK 4] CheckNwkQueue: size=13
[HOP 4] CanSendToHop dest=5 outstanding=0 threshold=2 effectiveWindow=3 pendingData=0 globalLimit=16 neighborOK=1 nodeOK=1 -> YES
[HOP 4] link_control dest=5 neighborKnown=1 s0=-109 pathloss=70 failures=0 speed=128 txPower=33 rxPower=-109 cost=116
[HOP 4] Pending DATA increment dest=5 pending=1
[HOP 4] TX historical-bare DATA neighbor=5 hopSeq=8
[MAC] Enqueue TX pkt dscp=0 insert_pos=0 queue_size_before=0
[HOP 4] CanSendToHop dest=5 outstanding=1 threshold=2 effectiveWindow=3 pendingData=1 globalLimit=16 neighborOK=1 nodeOK=1 -> YES
[HOP 4] link_control dest=5 neighborKnown=1 s0=-109 pathloss=70 failures=0 speed=128 txPower=33 rxPower=-109 cost=116
[HOP 4] Pending DATA increment dest=5 pending=2
[HOP 4] TX historical-bare DATA neighbor=5 hopSeq=9
[MAC] Enqueue TX pkt dscp=0 insert_pos=1 queue_size_before=1
[HOP 4] CanSendToHop dest=5 outstanding=2 threshold=2 effectiveWindow=3 pendingData=2 globalLimit=16 neighborOK=1 nodeOK=1 -> YES
[HOP 4] link_control dest=5 neighborKnown=1 s0=-109 pathloss=70 failures=0 speed=128 txPower=33 rxPower=-109 cost=116
[HOP 4] Pending DATA increment dest=5 pending=3
[HOP 4] TX historical-bare DATA neighbor=5 hopSeq=10
[MAC] Enqueue TX pkt dscp=0 insert_pos=2 queue_size_before=2
[HOP 4] CanSendToHop dest=5 outstanding=3 threshold=2 effectiveWindow=3 pendingData=3 globalLimit=16 neighborOK=0 nodeOK=1 -> NO
[HOP 4] CanSendToHop dest=5 outstanding=3 threshold=2 effectiveWindow=3 pendingData=3 globalLimit=16 neighborOK=0 nodeOK=1 -> NO
[HOP 4] CanSendToHop dest=5 outstanding=3 threshold=2 effectiveWindow=3 pendingData=3 globalLimit=16 neighborOK=0 nodeOK=1 -> NO
[HOP 4] CanSendToHop dest=5 outstanding=3 threshold=2 effectiveWindow=3 pendingData=3 globalLimit=16 neighborOK=0 nodeOK=1 -> NO
[HOP 4] CanSendToHop dest=5 outstanding=3 threshold=2 effectiveWindow=3 pendingData=3 globalLimit=16 neighborOK=0 nodeOK=1 -> NO
[HOP 4] CanSendToHop dest=5 outstanding=3 threshold=2 effectiveWindow=3 pendingData=3 globalLimit=16 neighborOK=0 nodeOK=1 -> NO
[HOP 4] CanSendToHop dest=5 outstanding=3 threshold=2 effectiveWindow=3 pendingData=3 globalLimit=16 neighborOK=0 nodeOK=1 -> NO
[HOP 4] CanSendToHop dest=5 outstanding=3 threshold=2 effectiveWindow=3 pendingData=3 globalLimit=16 neighborOK=0 nodeOK=1 -> NO
[HOP 4] CanSendToHop dest=5 outstanding=3 threshold=2 effectiveWindow=3 pendingData=3 globalLimit=16 neighborOK=0 nodeOK=1 -> NO
[HOP 4] CanSendToHop dest=5 outstanding=3 threshold=2 effectiveWindow=3 pendingData=3 globalLimit=16 neighborOK=0 nodeOK=1 -> NO
[MAC 1] PickTxSlot(dest=5) active_nodes_for_slotting=3 opnet_slot_range=31
[MAC 1] avoiding neighbor 5 currentReservedSlot=2 rtslot_counter=2
[MAC 1] PickTxSlot(dest=5) avoid: 2
[MAC 1] PickTxSlot chose 1 using historical next_tslot modulo probe
[MAC 1] TX opportunity reached currentSlot=1 reserveNextSlot=1
... type=1 speedKey=128[t=1.2315] TX from node 1 to dest 5 seq 5 size 41 bytes segments 1 at slot 1 rate 128 kbps txPower 33 dBm (133333 bps) preamble SHORT duration 0.02208 s
[MAC 1] ACK transmitted in aggregate dest=5 seq=5 txCount=1/5
[MAC 1] OPNET aggregate transmitted segments=1 ackSegments=1 dataSegments=0 bytes=41 rate=128
[MAC 4] PickTxSlot(dest=5) active_nodes_for_slotting=3 opnet_slot_range=31
[MAC 4] avoiding neighbor 5 currentReservedSlot=2 rtslot_counter=2
[MAC 4] PickTxSlot(dest=5) avoid: 2
[MAC 4] PickTxSlot chose 9 using historical next_tslot modulo probe
[MAC 4] starts Pre-Tx with new slot=9 holdoff_over=1
[MAC 5] rtslot_counter expired for neighbor 1 reserveSlot=1
[MAC 5] rtslot_counter expired for neighbor 4 reserveSlot=2
[MAC 1] resumes Pre-Tx with live slot=1 counter=1
[MAC 5] Learned neighbor 1 uses slot 1 (rtCounter=1)
[HOP 5] RX ACK from 1 seq=5
[HOP 5] Pending DATA decrement reason=ACK neighbor=1 pending=1
[NWK 5] NSDP(5->1) decremented to 15
[NWK 5] HOP completion released NSDP slot; awaiting HOP queue wake flow=5->1
[HOP 5] Pending DATA decrement reason=ACK neighbor=1 pending=0
[NWK 5] NSDP(5->1) decremented to 14
[NWK 5] HOP completion released NSDP slot; awaiting HOP queue wake flow=5->1
[NWK 5] CheckNwkQueue: size=21
[HOP 5] CanSendToHop dest=1 outstanding=0 threshold=1 effectiveWindow=2 pendingData=0 globalLimit=16 neighborOK=1 nodeOK=1 -> YES
[HOP 5] link_control dest=1 neighborKnown=1 s0=-109 pathloss=70 failures=0 speed=128 txPower=33 rxPower=-109 cost=116
[HOP 5] Pending DATA increment dest=1 pending=1
[HOP 5] TX historical-bare DATA neighbor=1 hopSeq=6
[MAC] Enqueue TX pkt dscp=0 insert_pos=0 queue_size_before=0
[HOP 5] CanSendToHop dest=1 outstanding=1 threshold=1 effectiveWindow=2 pendingData=1 globalLimit=16 neighborOK=1 nodeOK=1 -> YES
[HOP 5] link_control dest=1 neighborKnown=1 s0=-109 pathloss=70 failures=0 speed=128 txPower=33 rxPower=-109 cost=116
[HOP 5] Pending DATA increment dest=1 pending=2
[HOP 5] TX historical-bare DATA neighbor=1 hopSeq=7
[MAC] Enqueue TX pkt dscp=0 insert_pos=1 queue_size_before=1
[HOP 5] CanSendToHop dest=1 outstanding=2 threshold=1 effectiveWindow=2 pendingData=2 globalLimit=16 neighborOK=0 nodeOK=1 -> NO
[HOP 5] CanSendToHop dest=1 outstanding=2 threshold=1 effectiveWindow=2 pendingData=2 globalLimit=16 neighborOK=0 nodeOK=1 -> NO
[HOP 5] CanSendToHop dest=1 outstanding=2 threshold=1 effectiveWindow=2 pendingData=2 globalLimit=16 neighborOK=0 nodeOK=1 -> NO
[HOP 5] CanSendToHop dest=1 outstanding=2 threshold=1 effectiveWindow=2 pendingData=2 globalLimit=16 neighborOK=0 nodeOK=1 -> NO
[HOP 5] CanSendToHop dest=1 outstanding=2 threshold=1 effectiveWindow=2 pendingData=2 globalLimit=16 neighborOK=0 nodeOK=1 -> NO
[HOP 5] CanSendToHop dest=1 outstanding=2 threshold=1 effectiveWindow=2 pendingData=2 globalLimit=16 neighborOK=0 nodeOK=1 -> NO
[HOP 5] CanSendToHop dest=1 outstanding=2 threshold=1 effectiveWindow=2 pendingData=2 globalLimit=16 neighborOK=0 nodeOK=1 -> NO
[HOP 5] CanSendToHop dest=1 outstanding=2 threshold=1 effectiveWindow=2 pendingData=2 globalLimit=16 neighborOK=0 nodeOK=1 -> NO
[HOP 5] CanSendToHop dest=1 outstanding=2 threshold=1 effectiveWindow=2 pendingData=2 globalLimit=16 neighborOK=0 nodeOK=1 -> NO
[HOP 5] CanSendToHop dest=1 outstanding=2 threshold=1 effectiveWindow=2 pendingData=2 globalLimit=16 neighborOK=0 nodeOK=1 -> NO
[HOP 5] CanSendToHop dest=1 outstanding=2 threshold=1 effectiveWindow=2 pendingData=2 globalLimit=16 neighborOK=0 nodeOK=1 -> NO
[HOP 5] CanSendToHop dest=1 outstanding=2 threshold=1 effectiveWindow=2 pendingData=2 globalLimit=16 neighborOK=0 nodeOK=1 -> NO
[HOP 5] CanSendToHop dest=1 outstanding=2 threshold=1 effectiveWindow=2 pendingData=2 globalLimit=16 neighborOK=0 nodeOK=1 -> NO
[HOP 5] CanSendToHop dest=1 outstanding=2 threshold=1 effectiveWindow=2 pendingData=2 globalLimit=16 neighborOK=0 nodeOK=1 -> NO
[HOP 5] CanSendToHop dest=1 outstanding=2 threshold=1 effectiveWindow=2 pendingData=2 globalLimit=16 neighborOK=0 nodeOK=1 -> NO
[HOP 5] CanSendToHop dest=1 outstanding=2 threshold=1 effectiveWindow=2 pendingData=2 globalLimit=16 neighborOK=0 nodeOK=1 -> NO
[HOP 5] CanSendToHop dest=1 outstanding=2 threshold=1 effectiveWindow=2 pendingData=2 globalLimit=16 neighborOK=0 nodeOK=1 -> NO
[HOP 5] CanSendToHop dest=1 outstanding=2 threshold=1 effectiveWindow=2 pendingData=2 globalLimit=16 neighborOK=0 nodeOK=1 -> NO
[HOP 5] CanSendToHop dest=1 outstanding=2 threshold=1 effectiveWindow=2 pendingData=2 globalLimit=16 neighborOK=0 nodeOK=1 -> NO
[NWK 5] NSDP(5->1) incremented to 15
[NWK 5] CheckNwkQueue: size=20
[HOP 5] CanSendToHop dest=1 outstanding=2 threshold=1 effectiveWindow=2 pendingData=2 globalLimit=16 neighborOK=0 nodeOK=1 -> NO
[HOP 5] CanSendToHop dest=1 outstanding=2 threshold=1 effectiveWindow=2 pendingData=2 globalLimit=16 neighborOK=0 nodeOK=1 -> NO
[HOP 5] CanSendToHop dest=1 outstanding=2 threshold=1 effectiveWindow=2 pendingData=2 globalLimit=16 neighborOK=0 nodeOK=1 -> NO
[HOP 5] CanSendToHop dest=1 outstanding=2 threshold=1 effectiveWindow=2 pendingData=2 globalLimit=16 neighborOK=0 nodeOK=1 -> NO
[HOP 5] CanSendToHop dest=1 outstanding=2 threshold=1 effectiveWindow=2 pendingData=2 globalLimit=16 neighborOK=0 nodeOK=1 -> NO
[HOP 5] CanSendToHop dest=1 outstanding=2 threshold=1 effectiveWindow=2 pendingData=2 globalLimit=16 neighborOK=0 nodeOK=1 -> NO
[HOP 5] CanSendToHop dest=1 outstanding=2 threshold=1 effectiveWindow=2 pendingData=2 globalLimit=16 neighborOK=0 nodeOK=1 -> NO
[HOP 5] CanSendToHop dest=1 outstanding=2 threshold=1 effectiveWindow=2 pendingData=2 globalLimit=16 neighborOK=0 nodeOK=1 -> NO
[HOP 5] CanSendToHop dest=1 outstanding=2 threshold=1 effectiveWindow=2 pendingData=2 globalLimit=16 neighborOK=0 nodeOK=1 -> NO
[HOP 5] CanSendToHop dest=1 outstanding=2 threshold=1 effectiveWindow=2 pendingData=2 globalLimit=16 neighborOK=0 nodeOK=1 -> NO
[HOP 5] CanSendToHop dest=1 outstanding=2 threshold=1 effectiveWindow=2 pendingData=2 globalLimit=16 neighborOK=0 nodeOK=1 -> NO
[HOP 5] CanSendToHop dest=1 outstanding=2 threshold=1 effectiveWindow=2 pendingData=2 globalLimit=16 neighborOK=0 nodeOK=1 -> NO
[HOP 5] CanSendToHop dest=1 outstanding=2 threshold=1 effectiveWindow=2 pendingData=2 globalLimit=16 neighborOK=0 nodeOK=1 -> NO
[HOP 5] CanSendToHop dest=1 outstanding=2 threshold=1 effectiveWindow=2 pendingData=2 globalLimit=16 neighborOK=0 nodeOK=1 -> NO
[HOP 5] CanSendToHop dest=1 outstanding=2 threshold=1 effectiveWindow=2 pendingData=2 globalLimit=16 neighborOK=0 nodeOK=1 -> NO
[HOP 5] CanSendToHop dest=1 outstanding=2 threshold=1 effectiveWindow=2 pendingData=2 globalLimit=16 neighborOK=0 nodeOK=1 -> NO
[HOP 5] CanSendToHop dest=1 outstanding=2 threshold=1 effectiveWindow=2 pendingData=2 globalLimit=16 neighborOK=0 nodeOK=1 -> NO
[HOP 5] CanSendToHop dest=1 outstanding=2 threshold=1 effectiveWindow=2 pendingData=2 globalLimit=16 neighborOK=0 nodeOK=1 -> NO
[HOP 5] CanSendToHop dest=1 outstanding=2 threshold=1 effectiveWindow=2 pendingData=2 globalLimit=16 neighborOK=0 nodeOK=1 -> NO
[HOP 5] CanSendToHop dest=1 outstanding=2 threshold=1 effectiveWindow=2 pendingData=2 globalLimit=16 neighborOK=0 nodeOK=1 -> NO
[MAC 1] PickTxSlot(dest=5) active_nodes_for_slotting=3 opnet_slot_range=31
[MAC 1] avoiding neighbor 5 currentReservedSlot=0 rtslot_counter=0
[MAC 1] PickTxSlot(dest=5) avoid:
[MAC 1] PickTxSlot chose 1 using historical next_tslot modulo probe
[MAC 1] TX opportunity reached currentSlot=1 reserveNextSlot=1
... type=1 speedKey=128[t=1.2705] TX from node 1 to dest 5 seq 5 size 41 bytes segments 1 at slot 1 rate 128 kbps txPower 33 dBm (133333 bps) preamble SHORT duration 0.02208 s
[MAC 1] ACK transmitted in aggregate dest=5 seq=5 txCount=2/5
[MAC 1] OPNET aggregate transmitted segments=1 ackSegments=1 dataSegments=0 bytes=41 rate=128
[MAC 4] rtslot_counter expired for neighbor 5 reserveSlot=3
[MAC 5] rtslot_counter expired for neighbor 1 reserveSlot=1
[MAC 5] PickTxSlot(dest=4) active_nodes_for_slotting=3 opnet_slot_range=31
[MAC 5] PickTxSlot(dest=4) avoid:
[MAC 5] PickTxSlot chose 7 using historical next_tslot modulo probe
[MAC 5] TX opportunity reached currentSlot=3 reserveNextSlot=7
... type=1 speedKey=128[t=1.274] TX from node 5 to dest 4 seq 7 size 137 bytes segments 3 at slot 7 rate 128 kbps txPower 33 dBm (133333 bps) preamble SHORT duration 0.02784 s
[HOP 5] MAC sent confirmation dest=1 seq=6 transmission=1 sentAt=1.274
[HOP 5] MAC sent confirmation dest=1 seq=7 transmission=1 sentAt=1.274
[MAC 5] ACK transmitted in aggregate dest=4 seq=7 txCount=2/5
[MAC 5] OPNET aggregate transmitted segments=3 ackSegments=1 dataSegments=2 bytes=137 rate=128
[MAC 1] resumes Pre-Tx with live slot=1 counter=1
[MAC 5] Learned neighbor 1 uses slot 1 (rtCounter=1)
[HOP 5] RX ACK from 1 seq=5
[NWK 5] CheckNwkQueue: size=20
[HOP 5] CanSendToHop dest=1 outstanding=2 threshold=1 effectiveWindow=2 pendingData=2 globalLimit=16 neighborOK=0 nodeOK=1 -> NO
[HOP 5] CanSendToHop dest=1 outstanding=2 threshold=1 effectiveWindow=2 pendingData=2 globalLimit=16 neighborOK=0 nodeOK=1 -> NO
[HOP 5] CanSendToHop dest=1 outstanding=2 threshold=1 effectiveWindow=2 pendingData=2 globalLimit=16 neighborOK=0 nodeOK=1 -> NO
[HOP 5] CanSendToHop dest=1 outstanding=2 threshold=1 effectiveWindow=2 pendingData=2 globalLimit=16 neighborOK=0 nodeOK=1 -> NO
[HOP 5] CanSendToHop dest=1 outstanding=2 threshold=1 effectiveWindow=2 pendingData=2 globalLimit=16 neighborOK=0 nodeOK=1 -> NO
[HOP 5] CanSendToHop dest=1 outstanding=2 threshold=1 effectiveWindow=2 pendingData=2 globalLimit=16 neighborOK=0 nodeOK=1 -> NO
[HOP 5] CanSendToHop dest=1 outstanding=2 threshold=1 effectiveWindow=2 pendingData=2 globalLimit=16 neighborOK=0 nodeOK=1 -> NO
[HOP 5] CanSendToHop dest=1 outstanding=2 threshold=1 effectiveWindow=2 pendingData=2 globalLimit=16 neighborOK=0 nodeOK=1 -> NO
[HOP 5] CanSendToHop dest=1 outstanding=2 threshold=1 effectiveWindow=2 pendingData=2 globalLimit=16 neighborOK=0 nodeOK=1 -> NO
[HOP 5] CanSendToHop dest=1 outstanding=2 threshold=1 effectiveWindow=2 pendingData=2 globalLimit=16 neighborOK=0 nodeOK=1 -> NO
[HOP 5] CanSendToHop dest=1 outstanding=2 threshold=1 effectiveWindow=2 pendingData=2 globalLimit=16 neighborOK=0 nodeOK=1 -> NO
[HOP 5] CanSendToHop dest=1 outstanding=2 threshold=1 effectiveWindow=2 pendingData=2 globalLimit=16 neighborOK=0 nodeOK=1 -> NO
[HOP 5] CanSendToHop dest=1 outstanding=2 threshold=1 effectiveWindow=2 pendingData=2 globalLimit=16 neighborOK=0 nodeOK=1 -> NO
[HOP 5] CanSendToHop dest=1 outstanding=2 threshold=1 effectiveWindow=2 pendingData=2 globalLimit=16 neighborOK=0 nodeOK=1 -> NO
[HOP 5] CanSendToHop dest=1 outstanding=2 threshold=1 effectiveWindow=2 pendingData=2 globalLimit=16 neighborOK=0 nodeOK=1 -> NO
[HOP 5] CanSendToHop dest=1 outstanding=2 threshold=1 effectiveWindow=2 pendingData=2 globalLimit=16 neighborOK=0 nodeOK=1 -> NO
[HOP 5] CanSendToHop dest=1 outstanding=2 threshold=1 effectiveWindow=2 pendingData=2 globalLimit=16 neighborOK=0 nodeOK=1 -> NO
[HOP 5] CanSendToHop dest=1 outstanding=2 threshold=1 effectiveWindow=2 pendingData=2 globalLimit=16 neighborOK=0 nodeOK=1 -> NO
[HOP 5] CanSendToHop dest=1 outstanding=2 threshold=1 effectiveWindow=2 pendingData=2 globalLimit=16 neighborOK=0 nodeOK=1 -> NO
[HOP 5] CanSendToHop dest=1 outstanding=2 threshold=1 effectiveWindow=2 pendingData=2 globalLimit=16 neighborOK=0 nodeOK=1 -> NO
[MAC 1] rtslot_counter expired for neighbor 5 reserveSlot=3
[MAC 5] resumes Pre-Tx with live slot=7 counter=7
[MAC 4] Learned neighbor 5 uses slot 7 (rtCounter=7)
[HOP 4] RX ACK from 5 seq=7
[MAC 1] Learned neighbor 5 uses slot 7 (rtCounter=7)
[HOP 1] link_control dest=5 neighborKnown=1 s0=-109 pathloss=70 failures=0 speed=128 txPower=33 rxPower=-109 cost=116
[MAC 1] Update cumulative ACK queue entry dest=5 baseSeq=6 txCount=0
[NWK 1] Updated reverse path netSrc=5 reverseHop=5
[HOP 1] link_control dest=5 neighborKnown=1 s0=-109 pathloss=70 failures=0 speed=128 txPower=33 rxPower=-109 cost=116
[MAC 1] Update cumulative ACK queue entry dest=5 baseSeq=7 txCount=0
[NWK 1] Updated reverse path netSrc=5 reverseHop=5
[NWK 4] CheckNwkQueue: size=10
[HOP 4] CanSendToHop dest=5 outstanding=3 threshold=2 effectiveWindow=3 pendingData=3 globalLimit=16 neighborOK=0 nodeOK=1 -> NO
[HOP 4] CanSendToHop dest=5 outstanding=3 threshold=2 effectiveWindow=3 pendingData=3 globalLimit=16 neighborOK=0 nodeOK=1 -> NO
[HOP 4] CanSendToHop dest=5 outstanding=3 threshold=2 effectiveWindow=3 pendingData=3 globalLimit=16 neighborOK=0 nodeOK=1 -> NO
[HOP 4] CanSendToHop dest=5 outstanding=3 threshold=2 effectiveWindow=3 pendingData=3 globalLimit=16 neighborOK=0 nodeOK=1 -> NO
[HOP 4] CanSendToHop dest=5 outstanding=3 threshold=2 effectiveWindow=3 pendingData=3 globalLimit=16 neighborOK=0 nodeOK=1 -> NO
[HOP 4] CanSendToHop dest=5 outstanding=3 threshold=2 effectiveWindow=3 pendingData=3 globalLimit=16 neighborOK=0 nodeOK=1 -> NO
[HOP 4] CanSendToHop dest=5 outstanding=3 threshold=2 effectiveWindow=3 pendingData=3 globalLimit=16 neighborOK=0 nodeOK=1 -> NO
[HOP 4] CanSendToHop dest=5 outstanding=3 threshold=2 effectiveWindow=3 pendingData=3 globalLimit=16 neighborOK=0 nodeOK=1 -> NO
[HOP 4] CanSendToHop dest=5 outstanding=3 threshold=2 effectiveWindow=3 pendingData=3 globalLimit=16 neighborOK=0 nodeOK=1 -> NO
[HOP 4] CanSendToHop dest=5 outstanding=3 threshold=2 effectiveWindow=3 pendingData=3 globalLimit=16 neighborOK=0 nodeOK=1 -> NO
[MAC 1] PickTxSlot(dest=5) active_nodes_for_slotting=3 opnet_slot_range=31
[MAC 1] avoiding neighbor 5 currentReservedSlot=6 rtslot_counter=6
[MAC 1] PickTxSlot(dest=5) avoid: 6
[MAC 1] PickTxSlot chose 1 using historical next_tslot modulo probe
[MAC 1] TX opportunity reached currentSlot=1 reserveNextSlot=1
... type=1 speedKey=128[t=1.3095] TX from node 1 to dest 5 seq 7 size 41 bytes segments 1 at slot 1 rate 128 kbps txPower 33 dBm (133333 bps) preamble SHORT duration 0.02208 s
[MAC 1] ACK transmitted in aggregate dest=5 seq=7 txCount=1/5
[MAC 1] OPNET aggregate transmitted segments=1 ackSegments=1 dataSegments=0 bytes=41 rate=128
[MAC 5] rtslot_counter expired for neighbor 1 reserveSlot=1
[MAC 1] resumes Pre-Tx with live slot=1 counter=1
[MAC 5] Learned neighbor 1 uses slot 1 (rtCounter=1)
[HOP 5] RX ACK from 1 seq=7
[HOP 5] Pending DATA decrement reason=ACK neighbor=1 pending=1
[HOP 5] Adaptive flow threshold increased neighbor=1 old=1 new=2 effectiveWindow=3
[NWK 5] NSDP(5->1) decremented to 14
[NWK 5] HOP completion released NSDP slot; awaiting HOP queue wake flow=5->1
[HOP 5] Pending DATA decrement reason=ACK neighbor=1 pending=0
[NWK 5] NSDP(5->1) decremented to 13
[NWK 5] HOP completion released NSDP slot; awaiting HOP queue wake flow=5->1
[NWK 5] CheckNwkQueue: size=20
[HOP 5] CanSendToHop dest=1 outstanding=0 threshold=2 effectiveWindow=3 pendingData=0 globalLimit=16 neighborOK=1 nodeOK=1 -> YES
[HOP 5] link_control dest=1 neighborKnown=1 s0=-109 pathloss=70 failures=0 speed=128 txPower=33 rxPower=-109 cost=116
[HOP 5] Pending DATA increment dest=1 pending=1
[HOP 5] TX historical-bare DATA neighbor=1 hopSeq=8
[MAC] Enqueue TX pkt dscp=0 insert_pos=0 queue_size_before=0
[HOP 5] CanSendToHop dest=1 outstanding=1 threshold=2 effectiveWindow=3 pendingData=1 globalLimit=16 neighborOK=1 nodeOK=1 -> YES
[HOP 5] link_control dest=1 neighborKnown=1 s0=-109 pathloss=70 failures=0 speed=128 txPower=33 rxPower=-109 cost=116
[HOP 5] Pending DATA increment dest=1 pending=2
[HOP 5] TX historical-bare DATA neighbor=1 hopSeq=9
[MAC] Enqueue TX pkt dscp=0 insert_pos=1 queue_size_before=1
[HOP 5] CanSendToHop dest=1 outstanding=2 threshold=2 effectiveWindow=3 pendingData=2 globalLimit=16 neighborOK=1 nodeOK=1 -> YES
[HOP 5] link_control dest=1 neighborKnown=1 s0=-109 pathloss=70 failures=0 speed=128 txPower=33 rxPower=-109 cost=116
[HOP 5] Pending DATA increment dest=1 pending=3
[HOP 5] TX historical-bare DATA neighbor=1 hopSeq=10
[MAC] Enqueue TX pkt dscp=0 insert_pos=2 queue_size_before=2
[HOP 5] CanSendToHop dest=1 outstanding=3 threshold=2 effectiveWindow=3 pendingData=3 globalLimit=16 neighborOK=0 nodeOK=1 -> NO
[HOP 5] CanSendToHop dest=1 outstanding=3 threshold=2 effectiveWindow=3 pendingData=3 globalLimit=16 neighborOK=0 nodeOK=1 -> NO
[HOP 5] CanSendToHop dest=1 outstanding=3 threshold=2 effectiveWindow=3 pendingData=3 globalLimit=16 neighborOK=0 nodeOK=1 -> NO
[HOP 5] CanSendToHop dest=1 outstanding=3 threshold=2 effectiveWindow=3 pendingData=3 globalLimit=16 neighborOK=0 nodeOK=1 -> NO
[HOP 5] CanSendToHop dest=1 outstanding=3 threshold=2 effectiveWindow=3 pendingData=3 globalLimit=16 neighborOK=0 nodeOK=1 -> NO
[HOP 5] CanSendToHop dest=1 outstanding=3 threshold=2 effectiveWindow=3 pendingData=3 globalLimit=16 neighborOK=0 nodeOK=1 -> NO
[HOP 5] CanSendToHop dest=1 outstanding=3 threshold=2 effectiveWindow=3 pendingData=3 globalLimit=16 neighborOK=0 nodeOK=1 -> NO
[HOP 5] CanSendToHop dest=1 outstanding=3 threshold=2 effectiveWindow=3 pendingData=3 globalLimit=16 neighborOK=0 nodeOK=1 -> NO
[HOP 5] CanSendToHop dest=1 outstanding=3 threshold=2 effectiveWindow=3 pendingData=3 globalLimit=16 neighborOK=0 nodeOK=1 -> NO
[HOP 5] CanSendToHop dest=1 outstanding=3 threshold=2 effectiveWindow=3 pendingData=3 globalLimit=16 neighborOK=0 nodeOK=1 -> NO
[HOP 5] CanSendToHop dest=1 outstanding=3 threshold=2 effectiveWindow=3 pendingData=3 globalLimit=16 neighborOK=0 nodeOK=1 -> NO
[HOP 5] CanSendToHop dest=1 outstanding=3 threshold=2 effectiveWindow=3 pendingData=3 globalLimit=16 neighborOK=0 nodeOK=1 -> NO
[HOP 5] CanSendToHop dest=1 outstanding=3 threshold=2 effectiveWindow=3 pendingData=3 globalLimit=16 neighborOK=0 nodeOK=1 -> NO
[HOP 5] CanSendToHop dest=1 outstanding=3 threshold=2 effectiveWindow=3 pendingData=3 globalLimit=16 neighborOK=0 nodeOK=1 -> NO
[HOP 5] CanSendToHop dest=1 outstanding=3 threshold=2 effectiveWindow=3 pendingData=3 globalLimit=16 neighborOK=0 nodeOK=1 -> NO
[HOP 5] CanSendToHop dest=1 outstanding=3 threshold=2 effectiveWindow=3 pendingData=3 globalLimit=16 neighborOK=0 nodeOK=1 -> NO
[HOP 5] CanSendToHop dest=1 outstanding=3 threshold=2 effectiveWindow=3 pendingData=3 globalLimit=16 neighborOK=0 nodeOK=1 -> NO
[MAC 1] PickTxSlot(dest=5) active_nodes_for_slotting=3 opnet_slot_range=31
[MAC 1] avoiding neighbor 5 currentReservedSlot=4 rtslot_counter=4
[MAC 1] PickTxSlot(dest=5) avoid: 4
[MAC 1] PickTxSlot chose 1 using historical next_tslot modulo probe
[MAC 1] TX opportunity reached currentSlot=1 reserveNextSlot=1
... type=1 speedKey=128[t=1.3485] TX from node 1 to dest 5 seq 7 size 41 bytes segments 1 at slot 1 rate 128 kbps txPower 33 dBm (133333 bps) preamble SHORT duration 0.02208 s
[MAC 1] ACK transmitted in aggregate dest=5 seq=7 txCount=2/5
[MAC 1] OPNET aggregate transmitted segments=1 ackSegments=1 dataSegments=0 bytes=41 rate=128
[MAC 5] rtslot_counter expired for neighbor 1 reserveSlot=1
[MAC 4] PickTxSlot(dest=5) active_nodes_for_slotting=3 opnet_slot_range=31
[MAC 4] avoiding neighbor 5 currentReservedSlot=2 rtslot_counter=2
[MAC 4] PickTxSlot(dest=5) avoid: 2
[MAC 4] PickTxSlot chose 1 using historical next_tslot modulo probe
[MAC 4] TX opportunity reached currentSlot=9 reserveNextSlot=1
... type=0 speedKey=128[t=1.365] TX from node 4 to dest 5 seq 8 size 144 bytes segments 3 at slot 1 rate 128 kbps txPower 33 dBm (133333 bps) preamble SHORT duration 0.02826 s
[HOP 4] MAC sent confirmation dest=5 seq=8 transmission=1 sentAt=1.365
[HOP 4] MAC sent confirmation dest=5 seq=9 transmission=1 sentAt=1.365
[HOP 4] MAC sent confirmation dest=5 seq=10 transmission=1 sentAt=1.365
[MAC 4] OPNET aggregate transmitted segments=3 ackSegments=0 dataSegments=3 bytes=144 rate=128
[MAC 1] resumes Pre-Tx with live slot=1 counter=1
[MAC 5] Learned neighbor 1 uses slot 1 (rtCounter=1)
[HOP 5] RX ACK from 1 seq=7
[NWK 5] CheckNwkQueue: size=17
[HOP 5] CanSendToHop dest=1 outstanding=3 threshold=2 effectiveWindow=3 pendingData=3 globalLimit=16 neighborOK=0 nodeOK=1 -> NO
[HOP 5] CanSendToHop dest=1 outstanding=3 threshold=2 effectiveWindow=3 pendingData=3 globalLimit=16 neighborOK=0 nodeOK=1 -> NO
[HOP 5] CanSendToHop dest=1 outstanding=3 threshold=2 effectiveWindow=3 pendingData=3 globalLimit=16 neighborOK=0 nodeOK=1 -> NO
[HOP 5] CanSendToHop dest=1 outstanding=3 threshold=2 effectiveWindow=3 pendingData=3 globalLimit=16 neighborOK=0 nodeOK=1 -> NO
[HOP 5] CanSendToHop dest=1 outstanding=3 threshold=2 effectiveWindow=3 pendingData=3 globalLimit=16 neighborOK=0 nodeOK=1 -> NO
[HOP 5] CanSendToHop dest=1 outstanding=3 threshold=2 effectiveWindow=3 pendingData=3 globalLimit=16 neighborOK=0 nodeOK=1 -> NO
[HOP 5] CanSendToHop dest=1 outstanding=3 threshold=2 effectiveWindow=3 pendingData=3 globalLimit=16 neighborOK=0 nodeOK=1 -> NO
[HOP 5] CanSendToHop dest=1 outstanding=3 threshold=2 effectiveWindow=3 pendingData=3 globalLimit=16 neighborOK=0 nodeOK=1 -> NO
[HOP 5] CanSendToHop dest=1 outstanding=3 threshold=2 effectiveWindow=3 pendingData=3 globalLimit=16 neighborOK=0 nodeOK=1 -> NO
[HOP 5] CanSendToHop dest=1 outstanding=3 threshold=2 effectiveWindow=3 pendingData=3 globalLimit=16 neighborOK=0 nodeOK=1 -> NO
[HOP 5] CanSendToHop dest=1 outstanding=3 threshold=2 effectiveWindow=3 pendingData=3 globalLimit=16 neighborOK=0 nodeOK=1 -> NO
[HOP 5] CanSendToHop dest=1 outstanding=3 threshold=2 effectiveWindow=3 pendingData=3 globalLimit=16 neighborOK=0 nodeOK=1 -> NO
[HOP 5] CanSendToHop dest=1 outstanding=3 threshold=2 effectiveWindow=3 pendingData=3 globalLimit=16 neighborOK=0 nodeOK=1 -> NO
[HOP 5] CanSendToHop dest=1 outstanding=3 threshold=2 effectiveWindow=3 pendingData=3 globalLimit=16 neighborOK=0 nodeOK=1 -> NO
[HOP 5] CanSendToHop dest=1 outstanding=3 threshold=2 effectiveWindow=3 pendingData=3 globalLimit=16 neighborOK=0 nodeOK=1 -> NO
[HOP 5] CanSendToHop dest=1 outstanding=3 threshold=2 effectiveWindow=3 pendingData=3 globalLimit=16 neighborOK=0 nodeOK=1 -> NO
[HOP 5] CanSendToHop dest=1 outstanding=3 threshold=2 effectiveWindow=3 pendingData=3 globalLimit=16 neighborOK=0 nodeOK=1 -> NO
[MAC 1] PickTxSlot(dest=5) active_nodes_for_slotting=3 opnet_slot_range=31
[MAC 1] avoiding neighbor 5 currentReservedSlot=2 rtslot_counter=2
[MAC 1] PickTxSlot(dest=5) avoid: 2
[MAC 1] PickTxSlot chose 1 using historical next_tslot modulo probe
[MAC 1] TX opportunity reached currentSlot=1 reserveNextSlot=1
... type=1 speedKey=128[t=1.3875] TX from node 1 to dest 5 seq 7 size 41 bytes segments 1 at slot 1 rate 128 kbps txPower 33 dBm (133333 bps) preamble SHORT duration 0.02208 s
[MAC 1] ACK transmitted in aggregate dest=5 seq=7 txCount=3/5
[MAC 1] OPNET aggregate transmitted segments=1 ackSegments=1 dataSegments=0 bytes=41 rate=128
[MAC 5] rtslot_counter expired for neighbor 1 reserveSlot=1
[MAC 4] post-TX WAIT_FOR_ACK until 21.3933 (POST_TX_WAIT=20 s)
[MAC 5] Learned neighbor 4 uses slot 1 (rtCounter=1)
[HOP 5] link_control dest=4 neighborKnown=1 s0=-109 pathloss=70 failures=0 speed=128 txPower=33 rxPower=-109 cost=116
[NWK 5] Updated reverse path netSrc=4 reverseHop=4
[MAC 5] Update cumulative ACK queue entry dest=4 baseSeq=8 txCount=0
[HOP 5] link_control dest=4 neighborKnown=1 s0=-109 pathloss=70 failures=0 speed=128 txPower=33 rxPower=-109 cost=116
[NWK 5] Updated reverse path netSrc=4 reverseHop=4
[MAC 5] Update cumulative ACK queue entry dest=4 baseSeq=9 txCount=0
[HOP 5] link_control dest=4 neighborKnown=1 s0=-109 pathloss=70 failures=0 speed=128 txPower=33 rxPower=-109 cost=116
[NWK 5] Updated reverse path netSrc=4 reverseHop=4
[MAC 5] Update cumulative ACK queue entry dest=4 baseSeq=10 txCount=0
[NWK 5] CheckNwkQueue: size=20
[HOP 5] CanSendToHop dest=1 outstanding=3 threshold=2 effectiveWindow=3 pendingData=3 globalLimit=16 neighborOK=0 nodeOK=1 -> NO
[HOP 5] CanSendToHop dest=1 outstanding=3 threshold=2 effectiveWindow=3 pendingData=3 globalLimit=16 neighborOK=0 nodeOK=1 -> NO
[HOP 5] CanSendToHop dest=1 outstanding=3 threshold=2 effectiveWindow=3 pendingData=3 globalLimit=16 neighborOK=0 nodeOK=1 -> NO
[HOP 5] CanSendToHop dest=1 outstanding=3 threshold=2 effectiveWindow=3 pendingData=3 globalLimit=16 neighborOK=0 nodeOK=1 -> NO
[HOP 5] CanSendToHop dest=1 outstanding=3 threshold=2 effectiveWindow=3 pendingData=3 globalLimit=16 neighborOK=0 nodeOK=1 -> NO
[HOP 5] CanSendToHop dest=1 outstanding=3 threshold=2 effectiveWindow=3 pendingData=3 globalLimit=16 neighborOK=0 nodeOK=1 -> NO
[HOP 5] CanSendToHop dest=1 outstanding=3 threshold=2 effectiveWindow=3 pendingData=3 globalLimit=16 neighborOK=0 nodeOK=1 -> NO
[HOP 5] CanSendToHop dest=1 outstanding=3 threshold=2 effectiveWindow=3 pendingData=3 globalLimit=16 neighborOK=0 nodeOK=1 -> NO
[HOP 5] CanSendToHop dest=1 outstanding=3 threshold=2 effectiveWindow=3 pendingData=3 globalLimit=16 neighborOK=0 nodeOK=1 -> NO
[HOP 5] CanSendToHop dest=1 outstanding=3 threshold=2 effectiveWindow=3 pendingData=3 globalLimit=16 neighborOK=0 nodeOK=1 -> NO
[HOP 5] CanSendToHop dest=1 outstanding=3 threshold=2 effectiveWindow=3 pendingData=3 globalLimit=16 neighborOK=0 nodeOK=1 -> NO
[HOP 5] CanSendToHop dest=1 outstanding=3 threshold=2 effectiveWindow=3 pendingData=3 globalLimit=16 neighborOK=0 nodeOK=1 -> NO
[HOP 5] CanSendToHop dest=1 outstanding=3 threshold=2 effectiveWindow=3 pendingData=3 globalLimit=16 neighborOK=0 nodeOK=1 -> NO
[HOP 5] CanSendToHop dest=1 outstanding=3 threshold=2 effectiveWindow=3 pendingData=3 globalLimit=16 neighborOK=0 nodeOK=1 -> NO
[HOP 5] CanSendToHop dest=1 outstanding=3 threshold=2 effectiveWindow=3 pendingData=3 globalLimit=16 neighborOK=0 nodeOK=1 -> NO
[HOP 5] CanSendToHop dest=1 outstanding=3 threshold=2 effectiveWindow=3 pendingData=3 globalLimit=16 neighborOK=0 nodeOK=1 -> NO
[HOP 5] CanSendToHop dest=1 outstanding=3 threshold=2 effectiveWindow=3 pendingData=3 globalLimit=16 neighborOK=0 nodeOK=1 -> NO
[HOP 5] CanSendToHop dest=1 outstanding=3 threshold=2 effectiveWindow=3 pendingData=3 globalLimit=16 neighborOK=0 nodeOK=1 -> NO
[HOP 5] CanSendToHop dest=1 outstanding=3 threshold=2 effectiveWindow=3 pendingData=3 globalLimit=16 neighborOK=0 nodeOK=1 -> NO
[HOP 5] CanSendToHop dest=1 outstanding=3 threshold=2 effectiveWindow=3 pendingData=3 globalLimit=16 neighborOK=0 nodeOK=1 -> NO
[MAC 5] PickTxSlot(dest=4) active_nodes_for_slotting=3 opnet_slot_range=31
[MAC 5] avoiding neighbor 4 currentReservedSlot=0 rtslot_counter=0
[MAC 5] PickTxSlot(dest=4) avoid:
[MAC 5] PickTxSlot chose 3 using historical next_tslot modulo probe
[MAC 5] TX opportunity reached currentSlot=7 reserveNextSlot=3
... type=1 speedKey=128[t=1.404] TX from node 5 to dest 4 seq 10 size 185 bytes segments 4 at slot 3 rate 128 kbps txPower 33 dBm (133333 bps) preamble SHORT duration 0.03072 s
[HOP 5] MAC sent confirmation dest=1 seq=8 transmission=1 sentAt=1.404
[HOP 5] MAC sent confirmation dest=1 seq=9 transmission=1 sentAt=1.404
[HOP 5] MAC sent confirmation dest=1 seq=10 transmission=1 sentAt=1.404
[MAC 5] ACK transmitted in aggregate dest=4 seq=10 txCount=1/5
[MAC 5] OPNET aggregate transmitted segments=4 ackSegments=1 dataSegments=3 bytes=185 rate=128
[MAC 1] resumes Pre-Tx with live slot=1 counter=1
[MAC 5] Learned neighbor 1 uses slot 1 (rtCounter=1)
[HOP 5] RX ACK from 1 seq=7
[NWK 5] CheckNwkQueue: size=20
[HOP 5] CanSendToHop dest=1 outstanding=3 threshold=2 effectiveWindow=3 pendingData=3 globalLimit=16 neighborOK=0 nodeOK=1 -> NO
[HOP 5] CanSendToHop dest=1 outstanding=3 threshold=2 effectiveWindow=3 pendingData=3 globalLimit=16 neighborOK=0 nodeOK=1 -> NO
[HOP 5] CanSendToHop dest=1 outstanding=3 threshold=2 effectiveWindow=3 pendingData=3 globalLimit=16 neighborOK=0 nodeOK=1 -> NO
[HOP 5] CanSendToHop dest=1 outstanding=3 threshold=2 effectiveWindow=3 pendingData=3 globalLimit=16 neighborOK=0 nodeOK=1 -> NO
[HOP 5] CanSendToHop dest=1 outstanding=3 threshold=2 effectiveWindow=3 pendingData=3 globalLimit=16 neighborOK=0 nodeOK=1 -> NO
[HOP 5] CanSendToHop dest=1 outstanding=3 threshold=2 effectiveWindow=3 pendingData=3 globalLimit=16 neighborOK=0 nodeOK=1 -> NO
[HOP 5] CanSendToHop dest=1 outstanding=3 threshold=2 effectiveWindow=3 pendingData=3 globalLimit=16 neighborOK=0 nodeOK=1 -> NO
[HOP 5] CanSendToHop dest=1 outstanding=3 threshold=2 effectiveWindow=3 pendingData=3 globalLimit=16 neighborOK=0 nodeOK=1 -> NO
[HOP 5] CanSendToHop dest=1 outstanding=3 threshold=2 effectiveWindow=3 pendingData=3 globalLimit=16 neighborOK=0 nodeOK=1 -> NO
[HOP 5] CanSendToHop dest=1 outstanding=3 threshold=2 effectiveWindow=3 pendingData=3 globalLimit=16 neighborOK=0 nodeOK=1 -> NO
[HOP 5] CanSendToHop dest=1 outstanding=3 threshold=2 effectiveWindow=3 pendingData=3 globalLimit=16 neighborOK=0 nodeOK=1 -> NO
[HOP 5] CanSendToHop dest=1 outstanding=3 threshold=2 effectiveWindow=3 pendingData=3 globalLimit=16 neighborOK=0 nodeOK=1 -> NO
[HOP 5] CanSendToHop dest=1 outstanding=3 threshold=2 effectiveWindow=3 pendingData=3 globalLimit=16 neighborOK=0 nodeOK=1 -> NO
[HOP 5] CanSendToHop dest=1 outstanding=3 threshold=2 effectiveWindow=3 pendingData=3 globalLimit=16 neighborOK=0 nodeOK=1 -> NO
[HOP 5] CanSendToHop dest=1 outstanding=3 threshold=2 effectiveWindow=3 pendingData=3 globalLimit=16 neighborOK=0 nodeOK=1 -> NO
[HOP 5] CanSendToHop dest=1 outstanding=3 threshold=2 effectiveWindow=3 pendingData=3 globalLimit=16 neighborOK=0 nodeOK=1 -> NO
[HOP 5] CanSendToHop dest=1 outstanding=3 threshold=2 effectiveWindow=3 pendingData=3 globalLimit=16 neighborOK=0 nodeOK=1 -> NO
[HOP 5] CanSendToHop dest=1 outstanding=3 threshold=2 effectiveWindow=3 pendingData=3 globalLimit=16 neighborOK=0 nodeOK=1 -> NO
[HOP 5] CanSendToHop dest=1 outstanding=3 threshold=2 effectiveWindow=3 pendingData=3 globalLimit=16 neighborOK=0 nodeOK=1 -> NO
[HOP 5] CanSendToHop dest=1 outstanding=3 threshold=2 effectiveWindow=3 pendingData=3 globalLimit=16 neighborOK=0 nodeOK=1 -> NO
[MAC 4] local advertised reservation expired
[MAC 1] PickTxSlot(dest=5) active_nodes_for_slotting=3 opnet_slot_range=31
[MAC 1] avoiding neighbor 5 currentReservedSlot=0 rtslot_counter=0
[MAC 1] PickTxSlot(dest=5) avoid:
[MAC 1] PickTxSlot chose 1 using historical next_tslot modulo probe
[MAC 1] TX opportunity reached currentSlot=1 reserveNextSlot=1
... type=1 speedKey=128[t=1.4265] TX from node 1 to dest 5 seq 7 size 41 bytes segments 1 at slot 1 rate 128 kbps txPower 33 dBm (133333 bps) preamble SHORT duration 0.02208 s
[MAC 1] ACK transmitted in aggregate dest=5 seq=7 txCount=4/5
[MAC 1] OPNET aggregate transmitted segments=1 ackSegments=1 dataSegments=0 bytes=41 rate=128
[MAC 4] rtslot_counter expired for neighbor 5 reserveSlot=7
[MAC 5] resumes Pre-Tx with live slot=3 counter=3
[MAC 4] Learned neighbor 5 uses slot 3 (rtCounter=3)
[HOP 4] RX ACK from 5 seq=10
[HOP 4] Pending DATA decrement reason=ACK neighbor=5 pending=2
[NWK 4] NSDP(4->1) decremented to 12
[NWK 4] HOP completion released NSDP slot; awaiting HOP queue wake flow=4->1
[HOP 4] Pending DATA decrement reason=ACK neighbor=5 pending=1
[HOP 4] Adaptive flow threshold increased neighbor=5 old=2 new=3 effectiveWindow=4
[NWK 4] NSDP(4->1) decremented to 11
[NWK 4] HOP completion released NSDP slot; awaiting HOP queue wake flow=4->1
[HOP 4] Pending DATA decrement reason=ACK neighbor=5 pending=0
[NWK 4] NSDP(4->1) decremented to 10
[NWK 4] HOP completion released NSDP slot; awaiting HOP queue wake flow=4->1
[MAC 1] Learned neighbor 5 uses slot 3 (rtCounter=3)
[HOP 1] link_control dest=5 neighborKnown=1 s0=-109 pathloss=70 failures=0 speed=128 txPower=33 rxPower=-109 cost=116
[MAC 1] Update cumulative ACK queue entry dest=5 baseSeq=8 txCount=0
[NWK 1] Updated reverse path netSrc=5 reverseHop=5
[HOP 1] link_control dest=5 neighborKnown=1 s0=-109 pathloss=70 failures=0 speed=128 txPower=33 rxPower=-109 cost=116
[MAC 1] Update cumulative ACK queue entry dest=5 baseSeq=9 txCount=0
[NWK 1] Updated reverse path netSrc=5 reverseHop=5
[HOP 1] link_control dest=5 neighborKnown=1 s0=-109 pathloss=70 failures=0 speed=128 txPower=33 rxPower=-109 cost=116
[MAC 1] Update cumulative ACK queue entry dest=5 baseSeq=10 txCount=0
[NWK 1] Updated reverse path netSrc=5 reverseHop=5
[NWK 4] CheckNwkQueue: size=10
[HOP 4] CanSendToHop dest=5 outstanding=0 threshold=3 effectiveWindow=4 pendingData=0 globalLimit=16 neighborOK=1 nodeOK=1 -> YES
[HOP 4] link_control dest=5 neighborKnown=1 s0=-109 pathloss=70 failures=0 speed=128 txPower=33 rxPower=-109 cost=116
[HOP 4] Pending DATA increment dest=5 pending=1
[HOP 4] TX historical-bare DATA neighbor=5 hopSeq=11
[MAC] Enqueue TX pkt dscp=0 insert_pos=0 queue_size_before=0
[HOP 4] CanSendToHop dest=5 outstanding=1 threshold=3 effectiveWindow=4 pendingData=1 globalLimit=16 neighborOK=1 nodeOK=1 -> YES
[HOP 4] link_control dest=5 neighborKnown=1 s0=-109 pathloss=70 failures=0 speed=128 txPower=33 rxPower=-109 cost=116
[HOP 4] Pending DATA increment dest=5 pending=2
[HOP 4] TX historical-bare DATA neighbor=5 hopSeq=12
[MAC] Enqueue TX pkt dscp=0 insert_pos=1 queue_size_before=1
[HOP 4] CanSendToHop dest=5 outstanding=2 threshold=3 effectiveWindow=4 pendingData=2 globalLimit=16 neighborOK=1 nodeOK=1 -> YES
[HOP 4] link_control dest=5 neighborKnown=1 s0=-109 pathloss=70 failures=0 speed=128 txPower=33 rxPower=-109 cost=116
[HOP 4] Pending DATA increment dest=5 pending=3
[HOP 4] TX historical-bare DATA neighbor=5 hopSeq=13
[MAC] Enqueue TX pkt dscp=0 insert_pos=2 queue_size_before=2
[HOP 4] CanSendToHop dest=5 outstanding=3 threshold=3 effectiveWindow=4 pendingData=3 globalLimit=16 neighborOK=1 nodeOK=1 -> YES
[HOP 4] link_control dest=5 neighborKnown=1 s0=-109 pathloss=70 failures=0 speed=128 txPower=33 rxPower=-109 cost=116
[HOP 4] Pending DATA increment dest=5 pending=4
[HOP 4] TX historical-bare DATA neighbor=5 hopSeq=14
[MAC] Enqueue TX pkt dscp=0 insert_pos=3 queue_size_before=3
[HOP 4] CanSendToHop dest=5 outstanding=4 threshold=3 effectiveWindow=4 pendingData=4 globalLimit=16 neighborOK=0 nodeOK=1 -> NO
[HOP 4] CanSendToHop dest=5 outstanding=4 threshold=3 effectiveWindow=4 pendingData=4 globalLimit=16 neighborOK=0 nodeOK=1 -> NO
[HOP 4] CanSendToHop dest=5 outstanding=4 threshold=3 effectiveWindow=4 pendingData=4 globalLimit=16 neighborOK=0 nodeOK=1 -> NO
[HOP 4] CanSendToHop dest=5 outstanding=4 threshold=3 effectiveWindow=4 pendingData=4 globalLimit=16 neighborOK=0 nodeOK=1 -> NO
[HOP 4] CanSendToHop dest=5 outstanding=4 threshold=3 effectiveWindow=4 pendingData=4 globalLimit=16 neighborOK=0 nodeOK=1 -> NO
[HOP 4] CanSendToHop dest=5 outstanding=4 threshold=3 effectiveWindow=4 pendingData=4 globalLimit=16 neighborOK=0 nodeOK=1 -> NO
[MAC 4] PickTxSlot(dest=5) active_nodes_for_slotting=3 opnet_slot_range=31
[MAC 4] avoiding neighbor 5 currentReservedSlot=2 rtslot_counter=2
[MAC 4] PickTxSlot(dest=5) avoid: 2
[MAC 4] PickTxSlot chose 9 using historical next_tslot modulo probe
[MAC 4] starts Pre-Tx with new slot=9 holdoff_over=1
[MAC 5] rtslot_counter expired for neighbor 4 reserveSlot=1
[MAC 1] resumes Pre-Tx with live slot=1 counter=1
[MAC 5] Learned neighbor 1 uses slot 1 (rtCounter=1)
[HOP 5] RX ACK from 1 seq=7
[NWK 5] CheckNwkQueue: size=20
[HOP 5] CanSendToHop dest=1 outstanding=3 threshold=2 effectiveWindow=3 pendingData=3 globalLimit=16 neighborOK=0 nodeOK=1 -> NO
[HOP 5] CanSendToHop dest=1 outstanding=3 threshold=2 effectiveWindow=3 pendingData=3 globalLimit=16 neighborOK=0 nodeOK=1 -> NO
[HOP 5] CanSendToHop dest=1 outstanding=3 threshold=2 effectiveWindow=3 pendingData=3 globalLimit=16 neighborOK=0 nodeOK=1 -> NO
[HOP 5] CanSendToHop dest=1 outstanding=3 threshold=2 effectiveWindow=3 pendingData=3 globalLimit=16 neighborOK=0 nodeOK=1 -> NO
[HOP 5] CanSendToHop dest=1 outstanding=3 threshold=2 effectiveWindow=3 pendingData=3 globalLimit=16 neighborOK=0 nodeOK=1 -> NO
[HOP 5] CanSendToHop dest=1 outstanding=3 threshold=2 effectiveWindow=3 pendingData=3 globalLimit=16 neighborOK=0 nodeOK=1 -> NO
[HOP 5] CanSendToHop dest=1 outstanding=3 threshold=2 effectiveWindow=3 pendingData=3 globalLimit=16 neighborOK=0 nodeOK=1 -> NO
[HOP 5] CanSendToHop dest=1 outstanding=3 threshold=2 effectiveWindow=3 pendingData=3 globalLimit=16 neighborOK=0 nodeOK=1 -> NO
[HOP 5] CanSendToHop dest=1 outstanding=3 threshold=2 effectiveWindow=3 pendingData=3 globalLimit=16 neighborOK=0 nodeOK=1 -> NO
[HOP 5] CanSendToHop dest=1 outstanding=3 threshold=2 effectiveWindow=3 pendingData=3 globalLimit=16 neighborOK=0 nodeOK=1 -> NO
[HOP 5] CanSendToHop dest=1 outstanding=3 threshold=2 effectiveWindow=3 pendingData=3 globalLimit=16 neighborOK=0 nodeOK=1 -> NO
[HOP 5] CanSendToHop dest=1 outstanding=3 threshold=2 effectiveWindow=3 pendingData=3 globalLimit=16 neighborOK=0 nodeOK=1 -> NO
[HOP 5] CanSendToHop dest=1 outstanding=3 threshold=2 effectiveWindow=3 pendingData=3 globalLimit=16 neighborOK=0 nodeOK=1 -> NO
[HOP 5] CanSendToHop dest=1 outstanding=3 threshold=2 effectiveWindow=3 pendingData=3 globalLimit=16 neighborOK=0 nodeOK=1 -> NO
[HOP 5] CanSendToHop dest=1 outstanding=3 threshold=2 effectiveWindow=3 pendingData=3 globalLimit=16 neighborOK=0 nodeOK=1 -> NO
[HOP 5] CanSendToHop dest=1 outstanding=3 threshold=2 effectiveWindow=3 pendingData=3 globalLimit=16 neighborOK=0 nodeOK=1 -> NO
[HOP 5] CanSendToHop dest=1 outstanding=3 threshold=2 effectiveWindow=3 pendingData=3 globalLimit=16 neighborOK=0 nodeOK=1 -> NO
[HOP 5] CanSendToHop dest=1 outstanding=3 threshold=2 effectiveWindow=3 pendingData=3 globalLimit=16 neighborOK=0 nodeOK=1 -> NO
[HOP 5] CanSendToHop dest=1 outstanding=3 threshold=2 effectiveWindow=3 pendingData=3 globalLimit=16 neighborOK=0 nodeOK=1 -> NO
[HOP 5] CanSendToHop dest=1 outstanding=3 threshold=2 effectiveWindow=3 pendingData=3 globalLimit=16 neighborOK=0 nodeOK=1 -> NO
[MAC 1] PickTxSlot(dest=5) active_nodes_for_slotting=3 opnet_slot_range=31
[MAC 1] avoiding neighbor 5 currentReservedSlot=1 rtslot_counter=1
[MAC 1] PickTxSlot(dest=5) avoid: 1
[MAC 1] PickTxSlot chose 2 using historical next_tslot modulo probe
[MAC 1] TX opportunity reached currentSlot=1 reserveNextSlot=2
... type=1 speedKey=128[t=1.4655] TX from node 1 to dest 5 seq 10 size 41 bytes segments 1 at slot 2 rate 128 kbps txPower 33 dBm (133333 bps) preamble SHORT duration 0.02208 s
[MAC 1] ACK transmitted in aggregate dest=5 seq=10 txCount=1/5
[MAC 1] OPNET aggregate transmitted segments=1 ackSegments=1 dataSegments=0 bytes=41 rate=128
[MAC 5] rtslot_counter expired for neighbor 1 reserveSlot=1
[MAC 4] rtslot_counter expired for neighbor 5 reserveSlot=3
[MAC 5] PickTxSlot(dest=4) active_nodes_for_slotting=3 opnet_slot_range=31
[MAC 5] PickTxSlot(dest=4) avoid:
[MAC 5] PickTxSlot chose 7 using historical next_tslot modulo probe
[MAC 5] TX opportunity reached currentSlot=3 reserveNextSlot=7
... type=1 speedKey=128[t=1.482] TX from node 5 to dest 4 seq 10 size 41 bytes segments 1 at slot 7 rate 128 kbps txPower 33 dBm (133333 bps) preamble SHORT duration 0.02208 s
[MAC 5] ACK transmitted in aggregate dest=4 seq=10 txCount=2/5
[MAC 5] OPNET aggregate transmitted segments=1 ackSegments=1 dataSegments=0 bytes=41 rate=128
[MAC 1] resumes Pre-Tx with live slot=2 counter=2
[MAC 5] Learned neighbor 1 uses slot 2 (rtCounter=2)
[HOP 5] RX ACK from 1 seq=10
[HOP 5] Pending DATA decrement reason=ACK neighbor=1 pending=2
[NWK 5] NSDP(5->1) decremented to 12
[NWK 5] HOP completion released NSDP slot; awaiting HOP queue wake flow=5->1
[HOP 5] Pending DATA decrement reason=ACK neighbor=1 pending=1
[HOP 5] Adaptive flow threshold increased neighbor=1 old=2 new=3 effectiveWindow=4
[NWK 5] NSDP(5->1) decremented to 11
[NWK 5] HOP completion released NSDP slot; awaiting HOP queue wake flow=5->1
[HOP 5] Pending DATA decrement reason=ACK neighbor=1 pending=0
[NWK 5] NSDP(5->1) decremented to 10
[NWK 5] HOP completion released NSDP slot; awaiting HOP queue wake flow=5->1
[NWK 5] CheckNwkQueue: size=20
[HOP 5] CanSendToHop dest=1 outstanding=0 threshold=3 effectiveWindow=4 pendingData=0 globalLimit=16 neighborOK=1 nodeOK=1 -> YES
[HOP 5] link_control dest=1 neighborKnown=1 s0=-109 pathloss=70 failures=0 speed=128 txPower=33 rxPower=-109 cost=116
[HOP 5] Pending DATA increment dest=1 pending=1
[HOP 5] TX historical-bare DATA neighbor=1 hopSeq=11
[MAC] Enqueue TX pkt dscp=0 insert_pos=0 queue_size_before=0
[HOP 5] CanSendToHop dest=1 outstanding=1 threshold=3 effectiveWindow=4 pendingData=1 globalLimit=16 neighborOK=1 nodeOK=1 -> YES
[HOP 5] link_control dest=1 neighborKnown=1 s0=-109 pathloss=70 failures=0 speed=128 txPower=33 rxPower=-109 cost=116
[HOP 5] Pending DATA increment dest=1 pending=2
[HOP 5] TX historical-bare DATA neighbor=1 hopSeq=12
[MAC] Enqueue TX pkt dscp=0 insert_pos=1 queue_size_before=1
[HOP 5] CanSendToHop dest=1 outstanding=2 threshold=3 effectiveWindow=4 pendingData=2 globalLimit=16 neighborOK=1 nodeOK=1 -> YES
[HOP 5] link_control dest=1 neighborKnown=1 s0=-109 pathloss=70 failures=0 speed=128 txPower=33 rxPower=-109 cost=116
[HOP 5] Pending DATA increment dest=1 pending=3
[HOP 5] TX historical-bare DATA neighbor=1 hopSeq=13
[MAC] Enqueue TX pkt dscp=0 insert_pos=2 queue_size_before=2
[HOP 5] CanSendToHop dest=1 outstanding=3 threshold=3 effectiveWindow=4 pendingData=3 globalLimit=16 neighborOK=1 nodeOK=1 -> YES
[HOP 5] link_control dest=1 neighborKnown=1 s0=-109 pathloss=70 failures=0 speed=128 txPower=33 rxPower=-109 cost=116
[HOP 5] Pending DATA increment dest=1 pending=4
[HOP 5] TX historical-bare DATA neighbor=1 hopSeq=14
[MAC] Enqueue TX pkt dscp=0 insert_pos=3 queue_size_before=3
[HOP 5] CanSendToHop dest=1 outstanding=4 threshold=3 effectiveWindow=4 pendingData=4 globalLimit=16 neighborOK=0 nodeOK=1 -> NO
[HOP 5] CanSendToHop dest=1 outstanding=4 threshold=3 effectiveWindow=4 pendingData=4 globalLimit=16 neighborOK=0 nodeOK=1 -> NO
[HOP 5] CanSendToHop dest=1 outstanding=4 threshold=3 effectiveWindow=4 pendingData=4 globalLimit=16 neighborOK=0 nodeOK=1 -> NO
[HOP 5] CanSendToHop dest=1 outstanding=4 threshold=3 effectiveWindow=4 pendingData=4 globalLimit=16 neighborOK=0 nodeOK=1 -> NO
[HOP 5] CanSendToHop dest=1 outstanding=4 threshold=3 effectiveWindow=4 pendingData=4 globalLimit=16 neighborOK=0 nodeOK=1 -> NO
[HOP 5] CanSendToHop dest=1 outstanding=4 threshold=3 effectiveWindow=4 pendingData=4 globalLimit=16 neighborOK=0 nodeOK=1 -> NO
[HOP 5] CanSendToHop dest=1 outstanding=4 threshold=3 effectiveWindow=4 pendingData=4 globalLimit=16 neighborOK=0 nodeOK=1 -> NO
[HOP 5] CanSendToHop dest=1 outstanding=4 threshold=3 effectiveWindow=4 pendingData=4 globalLimit=16 neighborOK=0 nodeOK=1 -> NO
[HOP 5] CanSendToHop dest=1 outstanding=4 threshold=3 effectiveWindow=4 pendingData=4 globalLimit=16 neighborOK=0 nodeOK=1 -> NO
[HOP 5] CanSendToHop dest=1 outstanding=4 threshold=3 effectiveWindow=4 pendingData=4 globalLimit=16 neighborOK=0 nodeOK=1 -> NO
[HOP 5] CanSendToHop dest=1 outstanding=4 threshold=3 effectiveWindow=4 pendingData=4 globalLimit=16 neighborOK=0 nodeOK=1 -> NO
[HOP 5] CanSendToHop dest=1 outstanding=4 threshold=3 effectiveWindow=4 pendingData=4 globalLimit=16 neighborOK=0 nodeOK=1 -> NO
[HOP 5] CanSendToHop dest=1 outstanding=4 threshold=3 effectiveWindow=4 pendingData=4 globalLimit=16 neighborOK=0 nodeOK=1 -> NO
[HOP 5] CanSendToHop dest=1 outstanding=4 threshold=3 effectiveWindow=4 pendingData=4 globalLimit=16 neighborOK=0 nodeOK=1 -> NO
[HOP 5] CanSendToHop dest=1 outstanding=4 threshold=3 effectiveWindow=4 pendingData=4 globalLimit=16 neighborOK=0 nodeOK=1 -> NO
[HOP 5] CanSendToHop dest=1 outstanding=4 threshold=3 effectiveWindow=4 pendingData=4 globalLimit=16 neighborOK=0 nodeOK=1 -> NO
[MAC 5] resumes Pre-Tx with live slot=7 counter=7
[MAC 4] Learned neighbor 5 uses slot 7 (rtCounter=7)
[HOP 4] RX ACK from 5 seq=10
[NWK 4] CheckNwkQueue: size=6
[HOP 4] CanSendToHop dest=5 outstanding=4 threshold=3 effectiveWindow=4 pendingData=4 globalLimit=16 neighborOK=0 nodeOK=1 -> NO
[HOP 4] CanSendToHop dest=5 outstanding=4 threshold=3 effectiveWindow=4 pendingData=4 globalLimit=16 neighborOK=0 nodeOK=1 -> NO
[HOP 4] CanSendToHop dest=5 outstanding=4 threshold=3 effectiveWindow=4 pendingData=4 globalLimit=16 neighborOK=0 nodeOK=1 -> NO
[HOP 4] CanSendToHop dest=5 outstanding=4 threshold=3 effectiveWindow=4 pendingData=4 globalLimit=16 neighborOK=0 nodeOK=1 -> NO
[HOP 4] CanSendToHop dest=5 outstanding=4 threshold=3 effectiveWindow=4 pendingData=4 globalLimit=16 neighborOK=0 nodeOK=1 -> NO
[HOP 4] CanSendToHop dest=5 outstanding=4 threshold=3 effectiveWindow=4 pendingData=4 globalLimit=16 neighborOK=0 nodeOK=1 -> NO
[MAC 1] rtslot_counter expired for neighbor 5 reserveSlot=3
[MAC 1] PickTxSlot(dest=5) active_nodes_for_slotting=3 opnet_slot_range=31
[MAC 1] PickTxSlot(dest=5) avoid:
[MAC 1] PickTxSlot chose 1 using historical next_tslot modulo probe
[MAC 1] TX opportunity reached currentSlot=2 reserveNextSlot=1
... type=1 speedKey=128[t=1.5175] TX from node 1 to dest 5 seq 10 size 41 bytes segments 1 at slot 1 rate 128 kbps txPower 33 dBm (133333 bps) preamble SHORT duration 0.02208 s
[MAC 1] ACK transmitted in aggregate dest=5 seq=10 txCount=2/5
[MAC 1] OPNET aggregate transmitted segments=1 ackSegments=1 dataSegments=0 bytes=41 rate=128
[MAC 5] rtslot_counter expired for neighbor 1 reserveSlot=2
[MAC 1] resumes Pre-Tx with live slot=1 counter=1
[MAC 5] Learned neighbor 1 uses slot 1 (rtCounter=1)
[HOP 5] RX ACK from 1 seq=10
[NWK 5] CheckNwkQueue: size=16
[HOP 5] CanSendToHop dest=1 outstanding=4 threshold=3 effectiveWindow=4 pendingData=4 globalLimit=16 neighborOK=0 nodeOK=1 -> NO
[HOP 5] CanSendToHop dest=1 outstanding=4 threshold=3 effectiveWindow=4 pendingData=4 globalLimit=16 neighborOK=0 nodeOK=1 -> NO
[HOP 5] CanSendToHop dest=1 outstanding=4 threshold=3 effectiveWindow=4 pendingData=4 globalLimit=16 neighborOK=0 nodeOK=1 -> NO
[HOP 5] CanSendToHop dest=1 outstanding=4 threshold=3 effectiveWindow=4 pendingData=4 globalLimit=16 neighborOK=0 nodeOK=1 -> NO
[HOP 5] CanSendToHop dest=1 outstanding=4 threshold=3 effectiveWindow=4 pendingData=4 globalLimit=16 neighborOK=0 nodeOK=1 -> NO
[HOP 5] CanSendToHop dest=1 outstanding=4 threshold=3 effectiveWindow=4 pendingData=4 globalLimit=16 neighborOK=0 nodeOK=1 -> NO
[HOP 5] CanSendToHop dest=1 outstanding=4 threshold=3 effectiveWindow=4 pendingData=4 globalLimit=16 neighborOK=0 nodeOK=1 -> NO
[HOP 5] CanSendToHop dest=1 outstanding=4 threshold=3 effectiveWindow=4 pendingData=4 globalLimit=16 neighborOK=0 nodeOK=1 -> NO
[HOP 5] CanSendToHop dest=1 outstanding=4 threshold=3 effectiveWindow=4 pendingData=4 globalLimit=16 neighborOK=0 nodeOK=1 -> NO
[HOP 5] CanSendToHop dest=1 outstanding=4 threshold=3 effectiveWindow=4 pendingData=4 globalLimit=16 neighborOK=0 nodeOK=1 -> NO
[HOP 5] CanSendToHop dest=1 outstanding=4 threshold=3 effectiveWindow=4 pendingData=4 globalLimit=16 neighborOK=0 nodeOK=1 -> NO
[HOP 5] CanSendToHop dest=1 outstanding=4 threshold=3 effectiveWindow=4 pendingData=4 globalLimit=16 neighborOK=0 nodeOK=1 -> NO
[HOP 5] CanSendToHop dest=1 outstanding=4 threshold=3 effectiveWindow=4 pendingData=4 globalLimit=16 neighborOK=0 nodeOK=1 -> NO
[HOP 5] CanSendToHop dest=1 outstanding=4 threshold=3 effectiveWindow=4 pendingData=4 globalLimit=16 neighborOK=0 nodeOK=1 -> NO
[HOP 5] CanSendToHop dest=1 outstanding=4 threshold=3 effectiveWindow=4 pendingData=4 globalLimit=16 neighborOK=0 nodeOK=1 -> NO
[HOP 5] CanSendToHop dest=1 outstanding=4 threshold=3 effectiveWindow=4 pendingData=4 globalLimit=16 neighborOK=0 nodeOK=1 -> NO
[MAC 1] PickTxSlot(dest=5) active_nodes_for_slotting=3 opnet_slot_range=31
[MAC 1] PickTxSlot(dest=5) avoid:
[MAC 1] PickTxSlot chose 1 using historical next_tslot modulo probe
[MAC 1] TX opportunity reached currentSlot=1 reserveNextSlot=1
... type=1 speedKey=128[t=1.5565] TX from node 1 to dest 5 seq 10 size 41 bytes segments 1 at slot 1 rate 128 kbps txPower 33 dBm (133333 bps) preamble SHORT duration 0.02208 s
[MAC 1] ACK transmitted in aggregate dest=5 seq=10 txCount=3/5
[MAC 1] OPNET aggregate transmitted segments=1 ackSegments=1 dataSegments=0 bytes=41 rate=128
[MAC 5] rtslot_counter expired for neighbor 1 reserveSlot=1
[MAC 4] PickTxSlot(dest=5) active_nodes_for_slotting=3 opnet_slot_range=31
[MAC 4] avoiding neighbor 5 currentReservedSlot=1 rtslot_counter=1
[MAC 4] PickTxSlot(dest=5) avoid: 1
[MAC 4] PickTxSlot chose 2 using historical next_tslot modulo probe
[MAC 4] TX opportunity reached currentSlot=9 reserveNextSlot=2
... type=0 speedKey=128[t=1.573] TX from node 4 to dest 5 seq 11 size 192 bytes segments 4 at slot 2 rate 128 kbps txPower 33 dBm (133333 bps) preamble SHORT duration 0.03114 s
[HOP 4] MAC sent confirmation dest=5 seq=11 transmission=1 sentAt=1.573
[HOP 4] MAC sent confirmation dest=5 seq=12 transmission=1 sentAt=1.573
[HOP 4] MAC sent confirmation dest=5 seq=13 transmission=1 sentAt=1.573
[HOP 4] MAC sent confirmation dest=5 seq=14 transmission=1 sentAt=1.573
[MAC 4] OPNET aggregate transmitted segments=4 ackSegments=0 dataSegments=4 bytes=192 rate=128
[MAC 1] resumes Pre-Tx with live slot=1 counter=1
[MAC 5] Learned neighbor 1 uses slot 1 (rtCounter=1)
[HOP 5] RX ACK from 1 seq=10
[NWK 5] CheckNwkQueue: size=16
[HOP 5] CanSendToHop dest=1 outstanding=4 threshold=3 effectiveWindow=4 pendingData=4 globalLimit=16 neighborOK=0 nodeOK=1 -> NO
[HOP 5] CanSendToHop dest=1 outstanding=4 threshold=3 effectiveWindow=4 pendingData=4 globalLimit=16 neighborOK=0 nodeOK=1 -> NO
[HOP 5] CanSendToHop dest=1 outstanding=4 threshold=3 effectiveWindow=4 pendingData=4 globalLimit=16 neighborOK=0 nodeOK=1 -> NO
[HOP 5] CanSendToHop dest=1 outstanding=4 threshold=3 effectiveWindow=4 pendingData=4 globalLimit=16 neighborOK=0 nodeOK=1 -> NO
[HOP 5] CanSendToHop dest=1 outstanding=4 threshold=3 effectiveWindow=4 pendingData=4 globalLimit=16 neighborOK=0 nodeOK=1 -> NO
[HOP 5] CanSendToHop dest=1 outstanding=4 threshold=3 effectiveWindow=4 pendingData=4 globalLimit=16 neighborOK=0 nodeOK=1 -> NO
[HOP 5] CanSendToHop dest=1 outstanding=4 threshold=3 effectiveWindow=4 pendingData=4 globalLimit=16 neighborOK=0 nodeOK=1 -> NO
[HOP 5] CanSendToHop dest=1 outstanding=4 threshold=3 effectiveWindow=4 pendingData=4 globalLimit=16 neighborOK=0 nodeOK=1 -> NO
[HOP 5] CanSendToHop dest=1 outstanding=4 threshold=3 effectiveWindow=4 pendingData=4 globalLimit=16 neighborOK=0 nodeOK=1 -> NO
[HOP 5] CanSendToHop dest=1 outstanding=4 threshold=3 effectiveWindow=4 pendingData=4 globalLimit=16 neighborOK=0 nodeOK=1 -> NO
[HOP 5] CanSendToHop dest=1 outstanding=4 threshold=3 effectiveWindow=4 pendingData=4 globalLimit=16 neighborOK=0 nodeOK=1 -> NO
[HOP 5] CanSendToHop dest=1 outstanding=4 threshold=3 effectiveWindow=4 pendingData=4 globalLimit=16 neighborOK=0 nodeOK=1 -> NO
[HOP 5] CanSendToHop dest=1 outstanding=4 threshold=3 effectiveWindow=4 pendingData=4 globalLimit=16 neighborOK=0 nodeOK=1 -> NO
[HOP 5] CanSendToHop dest=1 outstanding=4 threshold=3 effectiveWindow=4 pendingData=4 globalLimit=16 neighborOK=0 nodeOK=1 -> NO
[HOP 5] CanSendToHop dest=1 outstanding=4 threshold=3 effectiveWindow=4 pendingData=4 globalLimit=16 neighborOK=0 nodeOK=1 -> NO
[HOP 5] CanSendToHop dest=1 outstanding=4 threshold=3 effectiveWindow=4 pendingData=4 globalLimit=16 neighborOK=0 nodeOK=1 -> NO
[MAC 1] PickTxSlot(dest=5) active_nodes_for_slotting=3 opnet_slot_range=31
[MAC 1] PickTxSlot(dest=5) avoid:
[MAC 1] PickTxSlot chose 1 using historical next_tslot modulo probe
[MAC 1] TX opportunity reached currentSlot=1 reserveNextSlot=1
... type=1 speedKey=128[t=1.5955] TX from node 1 to dest 5 seq 10 size 41 bytes segments 1 at slot 1 rate 128 kbps txPower 33 dBm (133333 bps) preamble SHORT duration 0.02208 s
[MAC 1] ACK transmitted in aggregate dest=5 seq=10 txCount=4/5
[MAC 1] OPNET aggregate transmitted segments=1 ackSegments=1 dataSegments=0 bytes=41 rate=128
[MAC 5] rtslot_counter expired for neighbor 1 reserveSlot=1
[MAC 5] PickTxSlot(dest=4) active_nodes_for_slotting=3 opnet_slot_range=31
[MAC 5] PickTxSlot(dest=4) avoid:
[MAC 5] PickTxSlot chose 3 using historical next_tslot modulo probe
[MAC 5] TX opportunity reached currentSlot=7 reserveNextSlot=3
... type=1 speedKey=128[t=1.599] TX from node 5 to dest 4 seq 10 size 233 bytes segments 5 at slot 3 rate 128 kbps txPower 33 dBm (133333 bps) preamble SHORT duration 0.0336 s
[HOP 5] MAC sent confirmation dest=1 seq=11 transmission=1 sentAt=1.599
[HOP 5] MAC sent confirmation dest=1 seq=12 transmission=1 sentAt=1.599
[HOP 5] MAC sent confirmation dest=1 seq=13 transmission=1 sentAt=1.599
[HOP 5] MAC sent confirmation dest=1 seq=14 transmission=1 sentAt=1.599
[MAC 5] ACK transmitted in aggregate dest=4 seq=10 txCount=3/5
[MAC 5] OPNET aggregate transmitted segments=5 ackSegments=1 dataSegments=4 bytes=233 rate=128
[MAC 4] post-TX WAIT_FOR_ACK until 21.6041 (POST_TX_WAIT=20 s)
[MAC 5] Learned neighbor 4 uses slot 2 (rtCounter=2)
[HOP 5] link_control dest=4 neighborKnown=1 s0=-109 pathloss=70 failures=0 speed=128 txPower=33 rxPower=-109 cost=116
[NWK 5] Updated reverse path netSrc=4 reverseHop=4
[MAC 5] Update cumulative ACK queue entry dest=4 baseSeq=11 txCount=0
[HOP 5] link_control dest=4 neighborKnown=1 s0=-109 pathloss=70 failures=0 speed=128 txPower=33 rxPower=-109 cost=116
[NWK 5] Updated reverse path netSrc=4 reverseHop=4
[MAC 5] Update cumulative ACK queue entry dest=4 baseSeq=12 txCount=0
[HOP 5] link_control dest=4 neighborKnown=1 s0=-109 pathloss=70 failures=0 speed=128 txPower=33 rxPower=-109 cost=116
[NWK 5] Updated reverse path netSrc=4 reverseHop=4
[MAC 5] Update cumulative ACK queue entry dest=4 baseSeq=13 txCount=0
[HOP 5] link_control dest=4 neighborKnown=1 s0=-109 pathloss=70 failures=0 speed=128 txPower=33 rxPower=-109 cost=116
[NWK 5] Updated reverse path netSrc=4 reverseHop=4
[MAC 5] Update cumulative ACK queue entry dest=4 baseSeq=14 txCount=0
[NWK 5] CheckNwkQueue: size=20
[HOP 5] CanSendToHop dest=1 outstanding=4 threshold=3 effectiveWindow=4 pendingData=4 globalLimit=16 neighborOK=0 nodeOK=1 -> NO
[HOP 5] CanSendToHop dest=1 outstanding=4 threshold=3 effectiveWindow=4 pendingData=4 globalLimit=16 neighborOK=0 nodeOK=1 -> NO
[HOP 5] CanSendToHop dest=1 outstanding=4 threshold=3 effectiveWindow=4 pendingData=4 globalLimit=16 neighborOK=0 nodeOK=1 -> NO
[HOP 5] CanSendToHop dest=1 outstanding=4 threshold=3 effectiveWindow=4 pendingData=4 globalLimit=16 neighborOK=0 nodeOK=1 -> NO
[HOP 5] CanSendToHop dest=1 outstanding=4 threshold=3 effectiveWindow=4 pendingData=4 globalLimit=16 neighborOK=0 nodeOK=1 -> NO
[HOP 5] CanSendToHop dest=1 outstanding=4 threshold=3 effectiveWindow=4 pendingData=4 globalLimit=16 neighborOK=0 nodeOK=1 -> NO
[HOP 5] CanSendToHop dest=1 outstanding=4 threshold=3 effectiveWindow=4 pendingData=4 globalLimit=16 neighborOK=0 nodeOK=1 -> NO
[HOP 5] CanSendToHop dest=1 outstanding=4 threshold=3 effectiveWindow=4 pendingData=4 globalLimit=16 neighborOK=0 nodeOK=1 -> NO
[HOP 5] CanSendToHop dest=1 outstanding=4 threshold=3 effectiveWindow=4 pendingData=4 globalLimit=16 neighborOK=0 nodeOK=1 -> NO
[HOP 5] CanSendToHop dest=1 outstanding=4 threshold=3 effectiveWindow=4 pendingData=4 globalLimit=16 neighborOK=0 nodeOK=1 -> NO
[HOP 5] CanSendToHop dest=1 outstanding=4 threshold=3 effectiveWindow=4 pendingData=4 globalLimit=16 neighborOK=0 nodeOK=1 -> NO
[HOP 5] CanSendToHop dest=1 outstanding=4 threshold=3 effectiveWindow=4 pendingData=4 globalLimit=16 neighborOK=0 nodeOK=1 -> NO
[HOP 5] CanSendToHop dest=1 outstanding=4 threshold=3 effectiveWindow=4 pendingData=4 globalLimit=16 neighborOK=0 nodeOK=1 -> NO
[HOP 5] CanSendToHop dest=1 outstanding=4 threshold=3 effectiveWindow=4 pendingData=4 globalLimit=16 neighborOK=0 nodeOK=1 -> NO
[HOP 5] CanSendToHop dest=1 outstanding=4 threshold=3 effectiveWindow=4 pendingData=4 globalLimit=16 neighborOK=0 nodeOK=1 -> NO
[HOP 5] CanSendToHop dest=1 outstanding=4 threshold=3 effectiveWindow=4 pendingData=4 globalLimit=16 neighborOK=0 nodeOK=1 -> NO
[HOP 5] CanSendToHop dest=1 outstanding=4 threshold=3 effectiveWindow=4 pendingData=4 globalLimit=16 neighborOK=0 nodeOK=1 -> NO
[HOP 5] CanSendToHop dest=1 outstanding=4 threshold=3 effectiveWindow=4 pendingData=4 globalLimit=16 neighborOK=0 nodeOK=1 -> NO
[HOP 5] CanSendToHop dest=1 outstanding=4 threshold=3 effectiveWindow=4 pendingData=4 globalLimit=16 neighborOK=0 nodeOK=1 -> NO
[HOP 5] CanSendToHop dest=1 outstanding=4 threshold=3 effectiveWindow=4 pendingData=4 globalLimit=16 neighborOK=0 nodeOK=1 -> NO
[MAC 1] resumes Pre-Tx with live slot=1 counter=1
[MAC 5] Learned neighbor 1 uses slot 1 (rtCounter=1)
[HOP 5] RX ACK from 1 seq=10
[NWK 5] CheckNwkQueue: size=20
[HOP 5] CanSendToHop dest=1 outstanding=4 threshold=3 effectiveWindow=4 pendingData=4 globalLimit=16 neighborOK=0 nodeOK=1 -> NO
[HOP 5] CanSendToHop dest=1 outstanding=4 threshold=3 effectiveWindow=4 pendingData=4 globalLimit=16 neighborOK=0 nodeOK=1 -> NO
[HOP 5] CanSendToHop dest=1 outstanding=4 threshold=3 effectiveWindow=4 pendingData=4 globalLimit=16 neighborOK=0 nodeOK=1 -> NO
[HOP 5] CanSendToHop dest=1 outstanding=4 threshold=3 effectiveWindow=4 pendingData=4 globalLimit=16 neighborOK=0 nodeOK=1 -> NO
[HOP 5] CanSendToHop dest=1 outstanding=4 threshold=3 effectiveWindow=4 pendingData=4 globalLimit=16 neighborOK=0 nodeOK=1 -> NO
[HOP 5] CanSendToHop dest=1 outstanding=4 threshold=3 effectiveWindow=4 pendingData=4 globalLimit=16 neighborOK=0 nodeOK=1 -> NO
[HOP 5] CanSendToHop dest=1 outstanding=4 threshold=3 effectiveWindow=4 pendingData=4 globalLimit=16 neighborOK=0 nodeOK=1 -> NO
[HOP 5] CanSendToHop dest=1 outstanding=4 threshold=3 effectiveWindow=4 pendingData=4 globalLimit=16 neighborOK=0 nodeOK=1 -> NO
[HOP 5] CanSendToHop dest=1 outstanding=4 threshold=3 effectiveWindow=4 pendingData=4 globalLimit=16 neighborOK=0 nodeOK=1 -> NO
[HOP 5] CanSendToHop dest=1 outstanding=4 threshold=3 effectiveWindow=4 pendingData=4 globalLimit=16 neighborOK=0 nodeOK=1 -> NO
[HOP 5] CanSendToHop dest=1 outstanding=4 threshold=3 effectiveWindow=4 pendingData=4 globalLimit=16 neighborOK=0 nodeOK=1 -> NO
[HOP 5] CanSendToHop dest=1 outstanding=4 threshold=3 effectiveWindow=4 pendingData=4 globalLimit=16 neighborOK=0 nodeOK=1 -> NO
[HOP 5] CanSendToHop dest=1 outstanding=4 threshold=3 effectiveWindow=4 pendingData=4 globalLimit=16 neighborOK=0 nodeOK=1 -> NO
[HOP 5] CanSendToHop dest=1 outstanding=4 threshold=3 effectiveWindow=4 pendingData=4 globalLimit=16 neighborOK=0 nodeOK=1 -> NO
[HOP 5] CanSendToHop dest=1 outstanding=4 threshold=3 effectiveWindow=4 pendingData=4 globalLimit=16 neighborOK=0 nodeOK=1 -> NO
[HOP 5] CanSendToHop dest=1 outstanding=4 threshold=3 effectiveWindow=4 pendingData=4 globalLimit=16 neighborOK=0 nodeOK=1 -> NO
[HOP 5] CanSendToHop dest=1 outstanding=4 threshold=3 effectiveWindow=4 pendingData=4 globalLimit=16 neighborOK=0 nodeOK=1 -> NO
[HOP 5] CanSendToHop dest=1 outstanding=4 threshold=3 effectiveWindow=4 pendingData=4 globalLimit=16 neighborOK=0 nodeOK=1 -> NO
[HOP 5] CanSendToHop dest=1 outstanding=4 threshold=3 effectiveWindow=4 pendingData=4 globalLimit=16 neighborOK=0 nodeOK=1 -> NO
[HOP 5] CanSendToHop dest=1 outstanding=4 threshold=3 effectiveWindow=4 pendingData=4 globalLimit=16 neighborOK=0 nodeOK=1 -> NO
[MAC 4] rtslot_counter expired for neighbor 5 reserveSlot=7
[MAC 5] resumes Pre-Tx with live slot=3 counter=3
[MAC 4] Learned neighbor 5 uses slot 3 (rtCounter=3)
[HOP 4] RX ACK from 5 seq=10
[MAC 1] Learned neighbor 5 uses slot 3 (rtCounter=3)
[HOP 1] link_control dest=5 neighborKnown=1 s0=-109 pathloss=70 failures=0 speed=128 txPower=33 rxPower=-109 cost=116
[MAC 1] Update cumulative ACK queue entry dest=5 baseSeq=11 txCount=0
[NWK 1] Updated reverse path netSrc=5 reverseHop=5
[HOP 1] link_control dest=5 neighborKnown=1 s0=-109 pathloss=70 failures=0 speed=128 txPower=33 rxPower=-109 cost=116
[MAC 1] Update cumulative ACK queue entry dest=5 baseSeq=12 txCount=0
[NWK 1] Updated reverse path netSrc=5 reverseHop=5
[HOP 1] link_control dest=5 neighborKnown=1 s0=-109 pathloss=70 failures=0 speed=128 txPower=33 rxPower=-109 cost=116
[MAC 1] Update cumulative ACK queue entry dest=5 baseSeq=13 txCount=0
[NWK 1] Updated reverse path netSrc=5 reverseHop=5
[HOP 1] link_control dest=5 neighborKnown=1 s0=-109 pathloss=70 failures=0 speed=128 txPower=33 rxPower=-109 cost=116
[MAC 1] Update cumulative ACK queue entry dest=5 baseSeq=14 txCount=0
[NWK 1] Updated reverse path netSrc=5 reverseHop=5
[NWK 4] CheckNwkQueue: size=6
[HOP 4] CanSendToHop dest=5 outstanding=4 threshold=3 effectiveWindow=4 pendingData=4 globalLimit=16 neighborOK=0 nodeOK=1 -> NO
[HOP 4] CanSendToHop dest=5 outstanding=4 threshold=3 effectiveWindow=4 pendingData=4 globalLimit=16 neighborOK=0 nodeOK=1 -> NO
[HOP 4] CanSendToHop dest=5 outstanding=4 threshold=3 effectiveWindow=4 pendingData=4 globalLimit=16 neighborOK=0 nodeOK=1 -> NO
[HOP 4] CanSendToHop dest=5 outstanding=4 threshold=3 effectiveWindow=4 pendingData=4 globalLimit=16 neighborOK=0 nodeOK=1 -> NO
[HOP 4] CanSendToHop dest=5 outstanding=4 threshold=3 effectiveWindow=4 pendingData=4 globalLimit=16 neighborOK=0 nodeOK=1 -> NO
[HOP 4] CanSendToHop dest=5 outstanding=4 threshold=3 effectiveWindow=4 pendingData=4 globalLimit=16 neighborOK=0 nodeOK=1 -> NO
[MAC 1] PickTxSlot(dest=5) active_nodes_for_slotting=3 opnet_slot_range=31
[MAC 1] avoiding neighbor 5 currentReservedSlot=2 rtslot_counter=2
[MAC 1] PickTxSlot(dest=5) avoid: 2
[MAC 1] PickTxSlot chose 1 using historical next_tslot modulo probe
[MAC 1] TX opportunity reached currentSlot=1 reserveNextSlot=1
... type=1 speedKey=128[t=1.6345] TX from node 1 to dest 5 seq 14 size 41 bytes segments 1 at slot 1 rate 128 kbps txPower 33 dBm (133333 bps) preamble SHORT duration 0.02208 s
[MAC 1] ACK transmitted in aggregate dest=5 seq=14 txCount=1/5
[MAC 1] OPNET aggregate transmitted segments=1 ackSegments=1 dataSegments=0 bytes=41 rate=128
[MAC 4] local advertised reservation expired
[MAC 5] rtslot_counter expired for neighbor 1 reserveSlot=1
[MAC 1] resumes Pre-Tx with live slot=1 counter=1
[MAC 5] Learned neighbor 1 uses slot 1 (rtCounter=1)
[HOP 5] RX ACK from 1 seq=14
[HOP 5] Pending DATA decrement reason=ACK neighbor=1 pending=3
[NWK 5] NSDP(5->1) decremented to 9
[NWK 5] HOP completion released NSDP slot; awaiting HOP queue wake flow=5->1
[HOP 5] Pending DATA decrement reason=ACK neighbor=1 pending=2
[HOP 5] Adaptive flow threshold increased neighbor=1 old=3 new=4 effectiveWindow=5
[NWK 5] NSDP(5->1) decremented to 8
[NWK 5] HOP completion released NSDP slot; awaiting HOP queue wake flow=5->1
[HOP 5] Pending DATA decrement reason=ACK neighbor=1 pending=1
[NWK 5] NSDP(5->1) decremented to 7
[NWK 5] HOP completion released NSDP slot; awaiting HOP queue wake flow=5->1
[HOP 5] Pending DATA decrement reason=ACK neighbor=1 pending=0
[NWK 5] NSDP(5->1) decremented to 6
[NWK 5] HOP completion released NSDP slot; awaiting HOP queue wake flow=5->1
[NWK 5] CheckNwkQueue: size=20
[HOP 5] CanSendToHop dest=1 outstanding=0 threshold=4 effectiveWindow=5 pendingData=0 globalLimit=16 neighborOK=1 nodeOK=1 -> YES
[HOP 5] link_control dest=1 neighborKnown=1 s0=-109 pathloss=70 failures=0 speed=128 txPower=33 rxPower=-109 cost=116
[HOP 5] Pending DATA increment dest=1 pending=1
[HOP 5] TX historical-bare DATA neighbor=1 hopSeq=15
[MAC] Enqueue TX pkt dscp=0 insert_pos=0 queue_size_before=0
[HOP 5] CanSendToHop dest=1 outstanding=1 threshold=4 effectiveWindow=5 pendingData=1 globalLimit=16 neighborOK=1 nodeOK=1 -> YES
[HOP 5] link_control dest=1 neighborKnown=1 s0=-109 pathloss=70 failures=0 speed=128 txPower=33 rxPower=-109 cost=116
[HOP 5] Pending DATA increment dest=1 pending=2
[HOP 5] TX historical-bare DATA neighbor=1 hopSeq=16
[MAC] Enqueue TX pkt dscp=0 insert_pos=1 queue_size_before=1
[HOP 5] CanSendToHop dest=1 outstanding=2 threshold=4 effectiveWindow=5 pendingData=2 globalLimit=16 neighborOK=1 nodeOK=1 -> YES
[HOP 5] link_control dest=1 neighborKnown=1 s0=-109 pathloss=70 failures=0 speed=128 txPower=33 rxPower=-109 cost=116
[HOP 5] Pending DATA increment dest=1 pending=3
[HOP 5] TX historical-bare DATA neighbor=1 hopSeq=17
[MAC] Enqueue TX pkt dscp=0 insert_pos=2 queue_size_before=2
[HOP 5] CanSendToHop dest=1 outstanding=3 threshold=4 effectiveWindow=5 pendingData=3 globalLimit=16 neighborOK=1 nodeOK=1 -> YES
[HOP 5] link_control dest=1 neighborKnown=1 s0=-109 pathloss=70 failures=0 speed=128 txPower=33 rxPower=-109 cost=116
[HOP 5] Pending DATA increment dest=1 pending=4
[HOP 5] TX historical-bare DATA neighbor=1 hopSeq=18
[MAC] Enqueue TX pkt dscp=0 insert_pos=3 queue_size_before=3
[HOP 5] CanSendToHop dest=1 outstanding=4 threshold=4 effectiveWindow=5 pendingData=4 globalLimit=16 neighborOK=1 nodeOK=1 -> YES
[HOP 5] link_control dest=1 neighborKnown=1 s0=-109 pathloss=70 failures=0 speed=128 txPower=33 rxPower=-109 cost=116
[HOP 5] Pending DATA increment dest=1 pending=5
[HOP 5] TX historical-bare DATA neighbor=1 hopSeq=19
[MAC] Enqueue TX pkt dscp=0 insert_pos=4 queue_size_before=4
[HOP 5] CanSendToHop dest=1 outstanding=5 threshold=4 effectiveWindow=5 pendingData=5 globalLimit=16 neighborOK=0 nodeOK=1 -> NO
[HOP 5] CanSendToHop dest=1 outstanding=5 threshold=4 effectiveWindow=5 pendingData=5 globalLimit=16 neighborOK=0 nodeOK=1 -> NO
[HOP 5] CanSendToHop dest=1 outstanding=5 threshold=4 effectiveWindow=5 pendingData=5 globalLimit=16 neighborOK=0 nodeOK=1 -> NO
[HOP 5] CanSendToHop dest=1 outstanding=5 threshold=4 effectiveWindow=5 pendingData=5 globalLimit=16 neighborOK=0 nodeOK=1 -> NO
[HOP 5] CanSendToHop dest=1 outstanding=5 threshold=4 effectiveWindow=5 pendingData=5 globalLimit=16 neighborOK=0 nodeOK=1 -> NO
[HOP 5] CanSendToHop dest=1 outstanding=5 threshold=4 effectiveWindow=5 pendingData=5 globalLimit=16 neighborOK=0 nodeOK=1 -> NO
[HOP 5] CanSendToHop dest=1 outstanding=5 threshold=4 effectiveWindow=5 pendingData=5 globalLimit=16 neighborOK=0 nodeOK=1 -> NO
[HOP 5] CanSendToHop dest=1 outstanding=5 threshold=4 effectiveWindow=5 pendingData=5 globalLimit=16 neighborOK=0 nodeOK=1 -> NO
[HOP 5] CanSendToHop dest=1 outstanding=5 threshold=4 effectiveWindow=5 pendingData=5 globalLimit=16 neighborOK=0 nodeOK=1 -> NO
[HOP 5] CanSendToHop dest=1 outstanding=5 threshold=4 effectiveWindow=5 pendingData=5 globalLimit=16 neighborOK=0 nodeOK=1 -> NO
[HOP 5] CanSendToHop dest=1 outstanding=5 threshold=4 effectiveWindow=5 pendingData=5 globalLimit=16 neighborOK=0 nodeOK=1 -> NO
[HOP 5] CanSendToHop dest=1 outstanding=5 threshold=4 effectiveWindow=5 pendingData=5 globalLimit=16 neighborOK=0 nodeOK=1 -> NO
[HOP 5] CanSendToHop dest=1 outstanding=5 threshold=4 effectiveWindow=5 pendingData=5 globalLimit=16 neighborOK=0 nodeOK=1 -> NO
[HOP 5] CanSendToHop dest=1 outstanding=5 threshold=4 effectiveWindow=5 pendingData=5 globalLimit=16 neighborOK=0 nodeOK=1 -> NO
[HOP 5] CanSendToHop dest=1 outstanding=5 threshold=4 effectiveWindow=5 pendingData=5 globalLimit=16 neighborOK=0 nodeOK=1 -> NO
[MAC 5] rtslot_counter expired for neighbor 4 reserveSlot=2
[MAC 1] PickTxSlot(dest=5) active_nodes_for_slotting=3 opnet_slot_range=31
[MAC 1] avoiding neighbor 5 currentReservedSlot=0 rtslot_counter=0
[MAC 1] PickTxSlot(dest=5) avoid:
[MAC 1] PickTxSlot chose 1 using historical next_tslot modulo probe
[MAC 1] TX opportunity reached currentSlot=1 reserveNextSlot=1
... type=1 speedKey=128[t=1.6735] TX from node 1 to dest 5 seq 14 size 41 bytes segments 1 at slot 1 rate 128 kbps txPower 33 dBm (133333 bps) preamble SHORT duration 0.02208 s
[MAC 1] ACK transmitted in aggregate dest=5 seq=14 txCount=2/5
[MAC 1] OPNET aggregate transmitted segments=1 ackSegments=1 dataSegments=0 bytes=41 rate=128
[MAC 4] rtslot_counter expired for neighbor 5 reserveSlot=3
[MAC 5] rtslot_counter expired for neighbor 1 reserveSlot=1
[MAC 5] PickTxSlot(dest=4) active_nodes_for_slotting=3 opnet_slot_range=31
[MAC 5] PickTxSlot(dest=4) avoid:
[MAC 5] PickTxSlot chose 7 using historical next_tslot modulo probe
[MAC 5] TX opportunity reached currentSlot=3 reserveNextSlot=7
... type=1 speedKey=128[t=1.677] TX from node 5 to dest 4 seq 14 size 281 bytes segments 6 at slot 7 rate 128 kbps txPower 33 dBm (133333 bps) preamble SHORT duration 0.03648 s
[HOP 5] MAC sent confirmation dest=1 seq=15 transmission=1 sentAt=1.677
[HOP 5] MAC sent confirmation dest=1 seq=16 transmission=1 sentAt=1.677
[HOP 5] MAC sent confirmation dest=1 seq=17 transmission=1 sentAt=1.677
[HOP 5] MAC sent confirmation dest=1 seq=18 transmission=1 sentAt=1.677
[HOP 5] MAC sent confirmation dest=1 seq=19 transmission=1 sentAt=1.677
[MAC 5] ACK transmitted in aggregate dest=4 seq=14 txCount=1/5
[MAC 5] OPNET aggregate transmitted segments=6 ackSegments=1 dataSegments=5 bytes=281 rate=128
[MAC 1] resumes Pre-Tx with live slot=1 counter=1
[MAC 5] Learned neighbor 1 uses slot 1 (rtCounter=1)
[HOP 5] RX ACK from 1 seq=14
[NWK 5] CheckNwkQueue: size=15
[HOP 5] CanSendToHop dest=1 outstanding=5 threshold=4 effectiveWindow=5 pendingData=5 globalLimit=16 neighborOK=0 nodeOK=1 -> NO
[HOP 5] CanSendToHop dest=1 outstanding=5 threshold=4 effectiveWindow=5 pendingData=5 globalLimit=16 neighborOK=0 nodeOK=1 -> NO
[HOP 5] CanSendToHop dest=1 outstanding=5 threshold=4 effectiveWindow=5 pendingData=5 globalLimit=16 neighborOK=0 nodeOK=1 -> NO
[HOP 5] CanSendToHop dest=1 outstanding=5 threshold=4 effectiveWindow=5 pendingData=5 globalLimit=16 neighborOK=0 nodeOK=1 -> NO
[HOP 5] CanSendToHop dest=1 outstanding=5 threshold=4 effectiveWindow=5 pendingData=5 globalLimit=16 neighborOK=0 nodeOK=1 -> NO
[HOP 5] CanSendToHop dest=1 outstanding=5 threshold=4 effectiveWindow=5 pendingData=5 globalLimit=16 neighborOK=0 nodeOK=1 -> NO
[HOP 5] CanSendToHop dest=1 outstanding=5 threshold=4 effectiveWindow=5 pendingData=5 globalLimit=16 neighborOK=0 nodeOK=1 -> NO
[HOP 5] CanSendToHop dest=1 outstanding=5 threshold=4 effectiveWindow=5 pendingData=5 globalLimit=16 neighborOK=0 nodeOK=1 -> NO
[HOP 5] CanSendToHop dest=1 outstanding=5 threshold=4 effectiveWindow=5 pendingData=5 globalLimit=16 neighborOK=0 nodeOK=1 -> NO
[HOP 5] CanSendToHop dest=1 outstanding=5 threshold=4 effectiveWindow=5 pendingData=5 globalLimit=16 neighborOK=0 nodeOK=1 -> NO
[HOP 5] CanSendToHop dest=1 outstanding=5 threshold=4 effectiveWindow=5 pendingData=5 globalLimit=16 neighborOK=0 nodeOK=1 -> NO
[HOP 5] CanSendToHop dest=1 outstanding=5 threshold=4 effectiveWindow=5 pendingData=5 globalLimit=16 neighborOK=0 nodeOK=1 -> NO
[HOP 5] CanSendToHop dest=1 outstanding=5 threshold=4 effectiveWindow=5 pendingData=5 globalLimit=16 neighborOK=0 nodeOK=1 -> NO
[HOP 5] CanSendToHop dest=1 outstanding=5 threshold=4 effectiveWindow=5 pendingData=5 globalLimit=16 neighborOK=0 nodeOK=1 -> NO
[HOP 5] CanSendToHop dest=1 outstanding=5 threshold=4 effectiveWindow=5 pendingData=5 globalLimit=16 neighborOK=0 nodeOK=1 -> NO
[MAC 1] rtslot_counter expired for neighbor 5 reserveSlot=3
[MAC 1] PickTxSlot(dest=5) active_nodes_for_slotting=3 opnet_slot_range=31
[MAC 1] PickTxSlot(dest=5) avoid:
[MAC 1] PickTxSlot chose 1 using historical next_tslot modulo probe
[MAC 1] TX opportunity reached currentSlot=1 reserveNextSlot=1
... type=1 speedKey=128[t=1.7125] TX from node 1 to dest 5 seq 14 size 41 bytes segments 1 at slot 1 rate 128 kbps txPower 33 dBm (133333 bps) preamble SHORT duration 0.02208 s
[MAC 1] ACK transmitted in aggregate dest=5 seq=14 txCount=3/5
[MAC 1] OPNET aggregate transmitted segments=1 ackSegments=1 dataSegments=0 bytes=41 rate=128
[MAC 5] resumes Pre-Tx with live slot=7 counter=7
[MAC 4] Learned neighbor 5 uses slot 7 (rtCounter=7)
[HOP 4] RX ACK from 5 seq=14
[HOP 4] Pending DATA decrement reason=ACK neighbor=5 pending=3
[NWK 4] NSDP(4->1) decremented to 9
[NWK 4] HOP completion released NSDP slot; awaiting HOP queue wake flow=4->1
[HOP 4] Pending DATA decrement reason=ACK neighbor=5 pending=2
[HOP 4] Adaptive flow threshold increased neighbor=5 old=3 new=4 effectiveWindow=5
[NWK 4] NSDP(4->1) decremented to 8
[NWK 4] HOP completion released NSDP slot; awaiting HOP queue wake flow=4->1
[HOP 4] Pending DATA decrement reason=ACK neighbor=5 pending=1
[NWK 4] NSDP(4->1) decremented to 7
[NWK 4] HOP completion released NSDP slot; awaiting HOP queue wake flow=4->1
[HOP 4] Pending DATA decrement reason=ACK neighbor=5 pending=0
[NWK 4] NSDP(4->1) decremented to 6
[NWK 4] HOP completion released NSDP slot; awaiting HOP queue wake flow=4->1
[MAC 1] Learned neighbor 5 uses slot 7 (rtCounter=7)
[HOP 1] link_control dest=5 neighborKnown=1 s0=-109 pathloss=70 failures=0 speed=128 txPower=33 rxPower=-109 cost=116
[MAC 1] Update cumulative ACK queue entry dest=5 baseSeq=15 txCount=0
[NWK 1] Updated reverse path netSrc=5 reverseHop=5
[HOP 1] link_control dest=5 neighborKnown=1 s0=-109 pathloss=70 failures=0 speed=128 txPower=33 rxPower=-109 cost=116
[MAC 1] Update cumulative ACK queue entry dest=5 baseSeq=16 txCount=0
[NWK 1] Updated reverse path netSrc=5 reverseHop=5
[HOP 1] link_control dest=5 neighborKnown=1 s0=-109 pathloss=70 failures=0 speed=128 txPower=33 rxPower=-109 cost=116
[MAC 1] Update cumulative ACK queue entry dest=5 baseSeq=17 txCount=0
[NWK 1] Added reverse path netSrc=4 reverseHop=5
[HOP 1] link_control dest=5 neighborKnown=1 s0=-109 pathloss=70 failures=0 speed=128 txPower=33 rxPower=-109 cost=116
[MAC 1] Update cumulative ACK queue entry dest=5 baseSeq=18 txCount=0
[NWK 1] Updated reverse path netSrc=4 reverseHop=5
[HOP 1] link_control dest=5 neighborKnown=1 s0=-109 pathloss=70 failures=0 speed=128 txPower=33 rxPower=-109 cost=116
[MAC 1] Update cumulative ACK queue entry dest=5 baseSeq=19 txCount=0
[NWK 1] Updated reverse path netSrc=5 reverseHop=5
[NWK 4] CheckNwkQueue: size=6
[HOP 4] CanSendToHop dest=5 outstanding=0 threshold=4 effectiveWindow=5 pendingData=0 globalLimit=16 neighborOK=1 nodeOK=1 -> YES
[HOP 4] link_control dest=5 neighborKnown=1 s0=-109 pathloss=70 failures=0 speed=128 txPower=33 rxPower=-109 cost=116
[HOP 4] Pending DATA increment dest=5 pending=1
[HOP 4] TX historical-bare DATA neighbor=5 hopSeq=15
[MAC] Enqueue TX pkt dscp=0 insert_pos=0 queue_size_before=0
[HOP 4] CanSendToHop dest=5 outstanding=1 threshold=4 effectiveWindow=5 pendingData=1 globalLimit=16 neighborOK=1 nodeOK=1 -> YES
[HOP 4] link_control dest=5 neighborKnown=1 s0=-109 pathloss=70 failures=0 speed=128 txPower=33 rxPower=-109 cost=116
[HOP 4] Pending DATA increment dest=5 pending=2
[HOP 4] TX historical-bare DATA neighbor=5 hopSeq=16
[MAC] Enqueue TX pkt dscp=0 insert_pos=1 queue_size_before=1
[HOP 4] CanSendToHop dest=5 outstanding=2 threshold=4 effectiveWindow=5 pendingData=2 globalLimit=16 neighborOK=1 nodeOK=1 -> YES
[HOP 4] link_control dest=5 neighborKnown=1 s0=-109 pathloss=70 failures=0 speed=128 txPower=33 rxPower=-109 cost=116
[HOP 4] Pending DATA increment dest=5 pending=3
[HOP 4] TX historical-bare DATA neighbor=5 hopSeq=17
[MAC] Enqueue TX pkt dscp=0 insert_pos=2 queue_size_before=2
[HOP 4] CanSendToHop dest=5 outstanding=3 threshold=4 effectiveWindow=5 pendingData=3 globalLimit=16 neighborOK=1 nodeOK=1 -> YES
[HOP 4] link_control dest=5 neighborKnown=1 s0=-109 pathloss=70 failures=0 speed=128 txPower=33 rxPower=-109 cost=116
[HOP 4] Pending DATA increment dest=5 pending=4
[HOP 4] TX historical-bare DATA neighbor=5 hopSeq=18
[MAC] Enqueue TX pkt dscp=0 insert_pos=3 queue_size_before=3
[HOP 4] CanSendToHop dest=5 outstanding=4 threshold=4 effectiveWindow=5 pendingData=4 globalLimit=16 neighborOK=1 nodeOK=1 -> YES
[HOP 4] link_control dest=5 neighborKnown=1 s0=-109 pathloss=70 failures=0 speed=128 txPower=33 rxPower=-109 cost=116
[HOP 4] Pending DATA increment dest=5 pending=5
[HOP 4] TX historical-bare DATA neighbor=5 hopSeq=19
[MAC] Enqueue TX pkt dscp=0 insert_pos=4 queue_size_before=4
[HOP 4] CanSendToHop dest=5 outstanding=5 threshold=4 effectiveWindow=5 pendingData=5 globalLimit=16 neighborOK=0 nodeOK=1 -> NO
[MAC 4] PickTxSlot(dest=5) active_nodes_for_slotting=3 opnet_slot_range=31
[MAC 4] avoiding neighbor 5 currentReservedSlot=6 rtslot_counter=6
[MAC 4] PickTxSlot(dest=5) avoid: 6
[MAC 4] PickTxSlot chose 9 using historical next_tslot modulo probe
[MAC 4] starts Pre-Tx with new slot=9 holdoff_over=1
[MAC 5] rtslot_counter expired for neighbor 1 reserveSlot=1
[MAC 1] resumes Pre-Tx with live slot=1 counter=1
[MAC 5] Learned neighbor 1 uses slot 1 (rtCounter=1)
[HOP 5] RX ACK from 1 seq=14
[NWK 5] CheckNwkQueue: size=15
[HOP 5] CanSendToHop dest=1 outstanding=5 threshold=4 effectiveWindow=5 pendingData=5 globalLimit=16 neighborOK=0 nodeOK=1 -> NO
[HOP 5] CanSendToHop dest=1 outstanding=5 threshold=4 effectiveWindow=5 pendingData=5 globalLimit=16 neighborOK=0 nodeOK=1 -> NO
[HOP 5] CanSendToHop dest=1 outstanding=5 threshold=4 effectiveWindow=5 pendingData=5 globalLimit=16 neighborOK=0 nodeOK=1 -> NO
[HOP 5] CanSendToHop dest=1 outstanding=5 threshold=4 effectiveWindow=5 pendingData=5 globalLimit=16 neighborOK=0 nodeOK=1 -> NO
[HOP 5] CanSendToHop dest=1 outstanding=5 threshold=4 effectiveWindow=5 pendingData=5 globalLimit=16 neighborOK=0 nodeOK=1 -> NO
[HOP 5] CanSendToHop dest=1 outstanding=5 threshold=4 effectiveWindow=5 pendingData=5 globalLimit=16 neighborOK=0 nodeOK=1 -> NO
[HOP 5] CanSendToHop dest=1 outstanding=5 threshold=4 effectiveWindow=5 pendingData=5 globalLimit=16 neighborOK=0 nodeOK=1 -> NO
[HOP 5] CanSendToHop dest=1 outstanding=5 threshold=4 effectiveWindow=5 pendingData=5 globalLimit=16 neighborOK=0 nodeOK=1 -> NO
[HOP 5] CanSendToHop dest=1 outstanding=5 threshold=4 effectiveWindow=5 pendingData=5 globalLimit=16 neighborOK=0 nodeOK=1 -> NO
[HOP 5] CanSendToHop dest=1 outstanding=5 threshold=4 effectiveWindow=5 pendingData=5 globalLimit=16 neighborOK=0 nodeOK=1 -> NO
[HOP 5] CanSendToHop dest=1 outstanding=5 threshold=4 effectiveWindow=5 pendingData=5 globalLimit=16 neighborOK=0 nodeOK=1 -> NO
[HOP 5] CanSendToHop dest=1 outstanding=5 threshold=4 effectiveWindow=5 pendingData=5 globalLimit=16 neighborOK=0 nodeOK=1 -> NO
[HOP 5] CanSendToHop dest=1 outstanding=5 threshold=4 effectiveWindow=5 pendingData=5 globalLimit=16 neighborOK=0 nodeOK=1 -> NO
[HOP 5] CanSendToHop dest=1 outstanding=5 threshold=4 effectiveWindow=5 pendingData=5 globalLimit=16 neighborOK=0 nodeOK=1 -> NO
[HOP 5] CanSendToHop dest=1 outstanding=5 threshold=4 effectiveWindow=5 pendingData=5 globalLimit=16 neighborOK=0 nodeOK=1 -> NO
[MAC 1] PickTxSlot(dest=5) active_nodes_for_slotting=3 opnet_slot_range=31
[MAC 1] avoiding neighbor 5 currentReservedSlot=5 rtslot_counter=5
[MAC 1] PickTxSlot(dest=5) avoid: 5
[MAC 1] PickTxSlot chose 1 using historical next_tslot modulo probe
[MAC 1] TX opportunity reached currentSlot=1 reserveNextSlot=1
... type=1 speedKey=128[t=1.7515] TX from node 1 to dest 5 seq 19 size 41 bytes segments 1 at slot 1 rate 128 kbps txPower 33 dBm (133333 bps) preamble SHORT duration 0.02208 s
[MAC 1] ACK transmitted in aggregate dest=5 seq=19 txCount=1/5
[MAC 1] OPNET aggregate transmitted segments=1 ackSegments=1 dataSegments=0 bytes=41 rate=128
[MAC 5] rtslot_counter expired for neighbor 1 reserveSlot=1
[MAC 1] resumes Pre-Tx with live slot=1 counter=1
[MAC 5] Learned neighbor 1 uses slot 1 (rtCounter=1)
[HOP 5] RX ACK from 1 seq=19
[HOP 5] Pending DATA decrement reason=ACK neighbor=1 pending=4
[HOP 5] Adaptive flow threshold increased neighbor=1 old=4 new=5 effectiveWindow=6
[NWK 5] NSDP(5->1) decremented to 5
[NWK 5] HOP completion released NSDP slot; awaiting HOP queue wake flow=5->1
[HOP 5] Pending DATA decrement reason=ACK neighbor=1 pending=3
[NWK 5] NSDP(4->1) decremented to 13
[NWK 5] HOP completion released NSDP slot; awaiting HOP queue wake flow=4->1
[HOP 5] Pending DATA decrement reason=ACK neighbor=1 pending=2
[NWK 5] NSDP(4->1) decremented to 12
[NWK 5] HOP completion released NSDP slot; awaiting HOP queue wake flow=4->1
[HOP 5] Pending DATA decrement reason=ACK neighbor=1 pending=1
[HOP 5] Adaptive flow threshold increased neighbor=1 old=5 new=6 effectiveWindow=7
[NWK 5] NSDP(5->1) decremented to 4
[NWK 5] HOP completion released NSDP slot; awaiting HOP queue wake flow=5->1
[HOP 5] Pending DATA decrement reason=ACK neighbor=1 pending=0
[NWK 5] NSDP(5->1) decremented to 3
[NWK 5] HOP completion released NSDP slot; awaiting HOP queue wake flow=5->1
[NWK 5] CheckNwkQueue: size=15
[HOP 5] CanSendToHop dest=1 outstanding=0 threshold=6 effectiveWindow=7 pendingData=0 globalLimit=16 neighborOK=1 nodeOK=1 -> YES
[HOP 5] link_control dest=1 neighborKnown=1 s0=-109 pathloss=70 failures=0 speed=128 txPower=33 rxPower=-109 cost=116
[HOP 5] Pending DATA increment dest=1 pending=1
[HOP 5] TX historical-bare DATA neighbor=1 hopSeq=20
[MAC] Enqueue TX pkt dscp=0 insert_pos=0 queue_size_before=0
[HOP 5] CanSendToHop dest=1 outstanding=1 threshold=6 effectiveWindow=7 pendingData=1 globalLimit=16 neighborOK=1 nodeOK=1 -> YES
[HOP 5] link_control dest=1 neighborKnown=1 s0=-109 pathloss=70 failures=0 speed=128 txPower=33 rxPower=-109 cost=116
[HOP 5] Pending DATA increment dest=1 pending=2
[HOP 5] TX historical-bare DATA neighbor=1 hopSeq=21
[MAC] Enqueue TX pkt dscp=0 insert_pos=1 queue_size_before=1
[HOP 5] CanSendToHop dest=1 outstanding=2 threshold=6 effectiveWindow=7 pendingData=2 globalLimit=16 neighborOK=1 nodeOK=1 -> YES
[HOP 5] link_control dest=1 neighborKnown=1 s0=-109 pathloss=70 failures=0 speed=128 txPower=33 rxPower=-109 cost=116
[HOP 5] Pending DATA increment dest=1 pending=3
[HOP 5] TX historical-bare DATA neighbor=1 hopSeq=22
[MAC] Enqueue TX pkt dscp=0 insert_pos=2 queue_size_before=2
[HOP 5] CanSendToHop dest=1 outstanding=3 threshold=6 effectiveWindow=7 pendingData=3 globalLimit=16 neighborOK=1 nodeOK=1 -> YES
[HOP 5] link_control dest=1 neighborKnown=1 s0=-109 pathloss=70 failures=0 speed=128 txPower=33 rxPower=-109 cost=116
[HOP 5] Pending DATA increment dest=1 pending=4
[HOP 5] TX historical-bare DATA neighbor=1 hopSeq=23
[MAC] Enqueue TX pkt dscp=0 insert_pos=3 queue_size_before=3
[HOP 5] CanSendToHop dest=1 outstanding=4 threshold=6 effectiveWindow=7 pendingData=4 globalLimit=16 neighborOK=1 nodeOK=1 -> YES
[HOP 5] link_control dest=1 neighborKnown=1 s0=-109 pathloss=70 failures=0 speed=128 txPower=33 rxPower=-109 cost=116
[HOP 5] Pending DATA increment dest=1 pending=5
[HOP 5] TX historical-bare DATA neighbor=1 hopSeq=24
[MAC] Enqueue TX pkt dscp=0 insert_pos=4 queue_size_before=4
[HOP 5] CanSendToHop dest=1 outstanding=5 threshold=6 effectiveWindow=7 pendingData=5 globalLimit=16 neighborOK=1 nodeOK=1 -> YES
[HOP 5] link_control dest=1 neighborKnown=1 s0=-109 pathloss=70 failures=0 speed=128 txPower=33 rxPower=-109 cost=116
[HOP 5] Pending DATA increment dest=1 pending=6
[HOP 5] TX historical-bare DATA neighbor=1 hopSeq=25
[MAC] Enqueue TX pkt dscp=0 insert_pos=5 queue_size_before=5
[HOP 5] CanSendToHop dest=1 outstanding=6 threshold=6 effectiveWindow=7 pendingData=6 globalLimit=16 neighborOK=1 nodeOK=1 -> YES
[HOP 5] link_control dest=1 neighborKnown=1 s0=-109 pathloss=70 failures=0 speed=128 txPower=33 rxPower=-109 cost=116
[HOP 5] Pending DATA increment dest=1 pending=7
[HOP 5] TX historical-bare DATA neighbor=1 hopSeq=26
[MAC] Enqueue TX pkt dscp=0 insert_pos=6 queue_size_before=6
[HOP 5] CanSendToHop dest=1 outstanding=7 threshold=6 effectiveWindow=7 pendingData=7 globalLimit=16 neighborOK=0 nodeOK=1 -> NO
[HOP 5] CanSendToHop dest=1 outstanding=7 threshold=6 effectiveWindow=7 pendingData=7 globalLimit=16 neighborOK=0 nodeOK=1 -> NO
[HOP 5] CanSendToHop dest=1 outstanding=7 threshold=6 effectiveWindow=7 pendingData=7 globalLimit=16 neighborOK=0 nodeOK=1 -> NO
[HOP 5] CanSendToHop dest=1 outstanding=7 threshold=6 effectiveWindow=7 pendingData=7 globalLimit=16 neighborOK=0 nodeOK=1 -> NO
[HOP 5] CanSendToHop dest=1 outstanding=7 threshold=6 effectiveWindow=7 pendingData=7 globalLimit=16 neighborOK=0 nodeOK=1 -> NO
[HOP 5] CanSendToHop dest=1 outstanding=7 threshold=6 effectiveWindow=7 pendingData=7 globalLimit=16 neighborOK=0 nodeOK=1 -> NO
[HOP 5] CanSendToHop dest=1 outstanding=7 threshold=6 effectiveWindow=7 pendingData=7 globalLimit=16 neighborOK=0 nodeOK=1 -> NO
[HOP 5] CanSendToHop dest=1 outstanding=7 threshold=6 effectiveWindow=7 pendingData=7 globalLimit=16 neighborOK=0 nodeOK=1 -> NO
[MAC 1] PickTxSlot(dest=5) active_nodes_for_slotting=3 opnet_slot_range=31
[MAC 1] avoiding neighbor 5 currentReservedSlot=3 rtslot_counter=3
[MAC 1] PickTxSlot(dest=5) avoid: 3
[MAC 1] PickTxSlot chose 1 using historical next_tslot modulo probe
[MAC 1] TX opportunity reached currentSlot=1 reserveNextSlot=1
... type=1 speedKey=128[t=1.7905] TX from node 1 to dest 5 seq 19 size 41 bytes segments 1 at slot 1 rate 128 kbps txPower 33 dBm (133333 bps) preamble SHORT duration 0.02208 s
[MAC 1] ACK transmitted in aggregate dest=5 seq=19 txCount=2/5
[MAC 1] OPNET aggregate transmitted segments=1 ackSegments=1 dataSegments=0 bytes=41 rate=128
[MAC 5] rtslot_counter expired for neighbor 1 reserveSlot=1
[MAC 4] rtslot_counter expired for neighbor 5 reserveSlot=7
[MAC 5] PickTxSlot(dest=4) active_nodes_for_slotting=3 opnet_slot_range=31
[MAC 5] PickTxSlot(dest=4) avoid:
[MAC 5] PickTxSlot chose 3 using historical next_tslot modulo probe
[MAC 5] TX opportunity reached currentSlot=7 reserveNextSlot=3
... type=1 speedKey=128[t=1.807] TX from node 5 to dest 4 seq 14 size 377 bytes segments 8 at slot 3 rate 128 kbps txPower 33 dBm (133333 bps) preamble SHORT duration 0.04224 s
[HOP 5] MAC sent confirmation dest=1 seq=20 transmission=1 sentAt=1.807
[HOP 5] MAC sent confirmation dest=1 seq=21 transmission=1 sentAt=1.807
[HOP 5] MAC sent confirmation dest=1 seq=22 transmission=1 sentAt=1.807
[HOP 5] MAC sent confirmation dest=1 seq=23 transmission=1 sentAt=1.807
[HOP 5] MAC sent confirmation dest=1 seq=24 transmission=1 sentAt=1.807
[HOP 5] MAC sent confirmation dest=1 seq=25 transmission=1 sentAt=1.807
[HOP 5] MAC sent confirmation dest=1 seq=26 transmission=1 sentAt=1.807
[MAC 5] ACK transmitted in aggregate dest=4 seq=14 txCount=2/5
[MAC 5] OPNET aggregate transmitted segments=8 ackSegments=1 dataSegments=7 bytes=377 rate=128
[MAC 1] resumes Pre-Tx with live slot=1 counter=1
[MAC 5] Learned neighbor 1 uses slot 1 (rtCounter=1)
[HOP 5] RX ACK from 1 seq=19
[NWK 5] CheckNwkQueue: size=8
[HOP 5] CanSendToHop dest=1 outstanding=7 threshold=6 effectiveWindow=7 pendingData=7 globalLimit=16 neighborOK=0 nodeOK=1 -> NO
[HOP 5] CanSendToHop dest=1 outstanding=7 threshold=6 effectiveWindow=7 pendingData=7 globalLimit=16 neighborOK=0 nodeOK=1 -> NO
[HOP 5] CanSendToHop dest=1 outstanding=7 threshold=6 effectiveWindow=7 pendingData=7 globalLimit=16 neighborOK=0 nodeOK=1 -> NO
[HOP 5] CanSendToHop dest=1 outstanding=7 threshold=6 effectiveWindow=7 pendingData=7 globalLimit=16 neighborOK=0 nodeOK=1 -> NO
[HOP 5] CanSendToHop dest=1 outstanding=7 threshold=6 effectiveWindow=7 pendingData=7 globalLimit=16 neighborOK=0 nodeOK=1 -> NO
[HOP 5] CanSendToHop dest=1 outstanding=7 threshold=6 effectiveWindow=7 pendingData=7 globalLimit=16 neighborOK=0 nodeOK=1 -> NO
[HOP 5] CanSendToHop dest=1 outstanding=7 threshold=6 effectiveWindow=7 pendingData=7 globalLimit=16 neighborOK=0 nodeOK=1 -> NO
[HOP 5] CanSendToHop dest=1 outstanding=7 threshold=6 effectiveWindow=7 pendingData=7 globalLimit=16 neighborOK=0 nodeOK=1 -> NO
[MAC 1] PickTxSlot(dest=5) active_nodes_for_slotting=3 opnet_slot_range=31
[MAC 1] avoiding neighbor 5 currentReservedSlot=1 rtslot_counter=1
[MAC 1] PickTxSlot(dest=5) avoid: 1
[MAC 1] PickTxSlot chose 2 using historical next_tslot modulo probe
[MAC 1] TX opportunity reached currentSlot=1 reserveNextSlot=2
... type=1 speedKey=128[t=1.8295] TX from node 1 to dest 5 seq 19 size 41 bytes segments 1 at slot 2 rate 128 kbps txPower 33 dBm (133333 bps) preamble SHORT duration 0.02208 s
[MAC 1] ACK transmitted in aggregate dest=5 seq=19 txCount=3/5
[MAC 1] OPNET aggregate transmitted segments=1 ackSegments=1 dataSegments=0 bytes=41 rate=128
[MAC 4] PickTxSlot(dest=5) active_nodes_for_slotting=3 opnet_slot_range=31
[MAC 4] PickTxSlot(dest=5) avoid:
[MAC 4] PickTxSlot chose 1 using historical next_tslot modulo probe
[MAC 4] TX opportunity reached currentSlot=9 reserveNextSlot=1
... type=0 speedKey=128[t=1.846] TX from node 4 to dest 5 seq 15 size 240 bytes segments 5 at slot 1 rate 128 kbps txPower 33 dBm (133333 bps) preamble SHORT duration 0.03402 s
[HOP 4] MAC sent confirmation dest=5 seq=15 transmission=1 sentAt=1.846
[HOP 4] MAC sent confirmation dest=5 seq=16 transmission=1 sentAt=1.846
[HOP 4] MAC sent confirmation dest=5 seq=17 transmission=1 sentAt=1.846
[HOP 4] MAC sent confirmation dest=5 seq=18 transmission=1 sentAt=1.846
[HOP 4] MAC sent confirmation dest=5 seq=19 transmission=1 sentAt=1.846
[MAC 4] OPNET aggregate transmitted segments=5 ackSegments=0 dataSegments=5 bytes=240 rate=128
[MAC 5] resumes Pre-Tx with live slot=3 counter=3
[MAC 4] Learned neighbor 5 uses slot 3 (rtCounter=3)
[HOP 4] RX ACK from 5 seq=14
[MAC 1] Learned neighbor 5 uses slot 3 (rtCounter=3)
[HOP 1] link_control dest=5 neighborKnown=1 s0=-109 pathloss=70 failures=0 speed=128 txPower=33 rxPower=-109 cost=116
[MAC 1] Update cumulative ACK queue entry dest=5 baseSeq=20 txCount=0
[NWK 1] Updated reverse path netSrc=4 reverseHop=5
[HOP 1] link_control dest=5 neighborKnown=1 s0=-109 pathloss=70 failures=0 speed=128 txPower=33 rxPower=-109 cost=116
[MAC 1] Update cumulative ACK queue entry dest=5 baseSeq=21 txCount=0
[NWK 1] Updated reverse path netSrc=5 reverseHop=5
[HOP 1] link_control dest=5 neighborKnown=1 s0=-109 pathloss=70 failures=0 speed=128 txPower=33 rxPower=-109 cost=116
[MAC 1] Update cumulative ACK queue entry dest=5 baseSeq=22 txCount=0
[NWK 1] Updated reverse path netSrc=4 reverseHop=5
[HOP 1] link_control dest=5 neighborKnown=1 s0=-109 pathloss=70 failures=0 speed=128 txPower=33 rxPower=-109 cost=116
[MAC 1] Update cumulative ACK queue entry dest=5 baseSeq=23 txCount=0
[NWK 1] Updated reverse path netSrc=4 reverseHop=5
[HOP 1] link_control dest=5 neighborKnown=1 s0=-109 pathloss=70 failures=0 speed=128 txPower=33 rxPower=-109 cost=116
[MAC 1] Update cumulative ACK queue entry dest=5 baseSeq=24 txCount=0
[NWK 1] Updated reverse path netSrc=5 reverseHop=5
[HOP 1] link_control dest=5 neighborKnown=1 s0=-109 pathloss=70 failures=0 speed=128 txPower=33 rxPower=-109 cost=116
[MAC 1] Update cumulative ACK queue entry dest=5 baseSeq=25 txCount=0
[NWK 1] Updated reverse path netSrc=4 reverseHop=5
[HOP 1] link_control dest=5 neighborKnown=1 s0=-109 pathloss=70 failures=0 speed=128 txPower=33 rxPower=-109 cost=116
[MAC 1] Update cumulative ACK queue entry dest=5 baseSeq=26 txCount=0
[NWK 1] Updated reverse path netSrc=4 reverseHop=5
[NWK 4] CheckNwkQueue: size=1
[HOP 4] CanSendToHop dest=5 outstanding=5 threshold=4 effectiveWindow=5 pendingData=5 globalLimit=16 neighborOK=0 nodeOK=1 -> NO
[MAC 1] resumes Pre-Tx with live slot=2 counter=2
[MAC 5] Learned neighbor 1 uses slot 2 (rtCounter=2)
[HOP 5] RX ACK from 1 seq=19
[NWK 5] CheckNwkQueue: size=8
[HOP 5] CanSendToHop dest=1 outstanding=7 threshold=6 effectiveWindow=7 pendingData=7 globalLimit=16 neighborOK=0 nodeOK=1 -> NO
[HOP 5] CanSendToHop dest=1 outstanding=7 threshold=6 effectiveWindow=7 pendingData=7 globalLimit=16 neighborOK=0 nodeOK=1 -> NO
[HOP 5] CanSendToHop dest=1 outstanding=7 threshold=6 effectiveWindow=7 pendingData=7 globalLimit=16 neighborOK=0 nodeOK=1 -> NO
[HOP 5] CanSendToHop dest=1 outstanding=7 threshold=6 effectiveWindow=7 pendingData=7 globalLimit=16 neighborOK=0 nodeOK=1 -> NO
[HOP 5] CanSendToHop dest=1 outstanding=7 threshold=6 effectiveWindow=7 pendingData=7 globalLimit=16 neighborOK=0 nodeOK=1 -> NO
[HOP 5] CanSendToHop dest=1 outstanding=7 threshold=6 effectiveWindow=7 pendingData=7 globalLimit=16 neighborOK=0 nodeOK=1 -> NO
[HOP 5] CanSendToHop dest=1 outstanding=7 threshold=6 effectiveWindow=7 pendingData=7 globalLimit=16 neighborOK=0 nodeOK=1 -> NO
[HOP 5] CanSendToHop dest=1 outstanding=7 threshold=6 effectiveWindow=7 pendingData=7 globalLimit=16 neighborOK=0 nodeOK=1 -> NO
[MAC 4] post-TX WAIT_FOR_ACK until 21.88 (POST_TX_WAIT=20 s)
[MAC 5] Learned neighbor 4 uses slot 1 (rtCounter=1)
[HOP 5] link_control dest=4 neighborKnown=1 s0=-109 pathloss=70 failures=0 speed=128 txPower=33 rxPower=-109 cost=116
[NWK 5] Updated reverse path netSrc=4 reverseHop=4
[MAC 5] Update cumulative ACK queue entry dest=4 baseSeq=15 txCount=0
[HOP 5] link_control dest=4 neighborKnown=1 s0=-109 pathloss=70 failures=0 speed=128 txPower=33 rxPower=-109 cost=116
[NWK 5] Updated reverse path netSrc=4 reverseHop=4
[MAC 5] Update cumulative ACK queue entry dest=4 baseSeq=16 txCount=0
[HOP 5] link_control dest=4 neighborKnown=1 s0=-109 pathloss=70 failures=0 speed=128 txPower=33 rxPower=-109 cost=116
[NWK 5] Updated reverse path netSrc=4 reverseHop=4
[MAC 5] Update cumulative ACK queue entry dest=4 baseSeq=17 txCount=0
[HOP 5] link_control dest=4 neighborKnown=1 s0=-109 pathloss=70 failures=0 speed=128 txPower=33 rxPower=-109 cost=116
[NWK 5] Updated reverse path netSrc=4 reverseHop=4
[MAC 5] Update cumulative ACK queue entry dest=4 baseSeq=18 txCount=0
[HOP 5] link_control dest=4 neighborKnown=1 s0=-109 pathloss=70 failures=0 speed=128 txPower=33 rxPower=-109 cost=116
[NWK 5] Updated reverse path netSrc=4 reverseHop=4
[MAC 5] Update cumulative ACK queue entry dest=4 baseSeq=19 txCount=0
[NWK 5] CheckNwkQueue: size=13
[HOP 5] CanSendToHop dest=1 outstanding=7 threshold=6 effectiveWindow=7 pendingData=7 globalLimit=16 neighborOK=0 nodeOK=1 -> NO
[HOP 5] CanSendToHop dest=1 outstanding=7 threshold=6 effectiveWindow=7 pendingData=7 globalLimit=16 neighborOK=0 nodeOK=1 -> NO
[HOP 5] CanSendToHop dest=1 outstanding=7 threshold=6 effectiveWindow=7 pendingData=7 globalLimit=16 neighborOK=0 nodeOK=1 -> NO
[HOP 5] CanSendToHop dest=1 outstanding=7 threshold=6 effectiveWindow=7 pendingData=7 globalLimit=16 neighborOK=0 nodeOK=1 -> NO
[HOP 5] CanSendToHop dest=1 outstanding=7 threshold=6 effectiveWindow=7 pendingData=7 globalLimit=16 neighborOK=0 nodeOK=1 -> NO
[HOP 5] CanSendToHop dest=1 outstanding=7 threshold=6 effectiveWindow=7 pendingData=7 globalLimit=16 neighborOK=0 nodeOK=1 -> NO
[HOP 5] CanSendToHop dest=1 outstanding=7 threshold=6 effectiveWindow=7 pendingData=7 globalLimit=16 neighborOK=0 nodeOK=1 -> NO
[HOP 5] CanSendToHop dest=1 outstanding=7 threshold=6 effectiveWindow=7 pendingData=7 globalLimit=16 neighborOK=0 nodeOK=1 -> NO
[HOP 5] CanSendToHop dest=1 outstanding=7 threshold=6 effectiveWindow=7 pendingData=7 globalLimit=16 neighborOK=0 nodeOK=1 -> NO
[HOP 5] CanSendToHop dest=1 outstanding=7 threshold=6 effectiveWindow=7 pendingData=7 globalLimit=16 neighborOK=0 nodeOK=1 -> NO
[HOP 5] CanSendToHop dest=1 outstanding=7 threshold=6 effectiveWindow=7 pendingData=7 globalLimit=16 neighborOK=0 nodeOK=1 -> NO
[HOP 5] CanSendToHop dest=1 outstanding=7 threshold=6 effectiveWindow=7 pendingData=7 globalLimit=16 neighborOK=0 nodeOK=1 -> NO
[HOP 5] CanSendToHop dest=1 outstanding=7 threshold=6 effectiveWindow=7 pendingData=7 globalLimit=16 neighborOK=0 nodeOK=1 -> NO
[MAC 1] PickTxSlot(dest=5) active_nodes_for_slotting=3 opnet_slot_range=31
[MAC 1] avoiding neighbor 5 currentReservedSlot=0 rtslot_counter=0
[MAC 1] PickTxSlot(dest=5) avoid:
[MAC 1] PickTxSlot chose 1 using historical next_tslot modulo probe
[MAC 1] TX opportunity reached currentSlot=2 reserveNextSlot=1
... type=1 speedKey=128[t=1.8815] TX from node 1 to dest 5 seq 26 size 41 bytes segments 1 at slot 1 rate 128 kbps txPower 33 dBm (133333 bps) preamble SHORT duration 0.02208 s
[MAC 1] ACK transmitted in aggregate dest=5 seq=26 txCount=1/5
[MAC 1] OPNET aggregate transmitted segments=1 ackSegments=1 dataSegments=0 bytes=41 rate=128
[MAC 5] rtslot_counter expired for neighbor 1 reserveSlot=2
[MAC 4] local advertised reservation expired
[MAC 5] rtslot_counter expired for neighbor 4 reserveSlot=1
[MAC 5] PickTxSlot(dest=4) active_nodes_for_slotting=3 opnet_slot_range=31
[MAC 5] PickTxSlot(dest=4) avoid:
[MAC 5] PickTxSlot chose 7 using historical next_tslot modulo probe
[MAC 5] TX opportunity reached currentSlot=3 reserveNextSlot=7
... type=1 speedKey=128[t=1.898] TX from node 5 to dest 4 seq 19 size 41 bytes segments 1 at slot 7 rate 128 kbps txPower 33 dBm (133333 bps) preamble SHORT duration 0.02208 s
[MAC 5] ACK transmitted in aggregate dest=4 seq=19 txCount=1/5
[MAC 5] OPNET aggregate transmitted segments=1 ackSegments=1 dataSegments=0 bytes=41 rate=128
[MAC 1] resumes Pre-Tx with live slot=1 counter=1
[MAC 5] Learned neighbor 1 uses slot 1 (rtCounter=1)
[HOP 5] RX ACK from 1 seq=26
[HOP 5] Pending DATA decrement reason=ACK neighbor=1 pending=6
[NWK 5] NSDP(4->1) decremented to 16
[NWK 5] HOP completion released NSDP slot; awaiting HOP queue wake flow=4->1
[HOP 5] Pending DATA decrement reason=ACK neighbor=1 pending=5
[HOP 5] Adaptive flow threshold increased neighbor=1 old=6 new=7 effectiveWindow=8
[NWK 5] NSDP(4->1) decremented to 15
[NWK 5] HOP completion released NSDP slot; awaiting HOP queue wake flow=4->1
[HOP 5] Pending DATA decrement reason=ACK neighbor=1 pending=4
[NWK 5] NSDP(5->1) decremented to 2
[NWK 5] HOP completion released NSDP slot; awaiting HOP queue wake flow=5->1
[HOP 5] Pending DATA decrement reason=ACK neighbor=1 pending=3
[NWK 5] NSDP(4->1) decremented to 14
[NWK 5] HOP completion released NSDP slot; awaiting HOP queue wake flow=4->1
[HOP 5] Pending DATA decrement reason=ACK neighbor=1 pending=2
[HOP 5] Adaptive flow threshold increased neighbor=1 old=7 new=8 effectiveWindow=9
[NWK 5] NSDP(4->1) decremented to 13
[NWK 5] HOP completion released NSDP slot; awaiting HOP queue wake flow=4->1
[HOP 5] Pending DATA decrement reason=ACK neighbor=1 pending=1
[NWK 5] NSDP(5->1) decremented to 1
[NWK 5] HOP completion released NSDP slot; awaiting HOP queue wake flow=5->1
[HOP 5] Pending DATA decrement reason=ACK neighbor=1 pending=0
[NWK 5] NSDP(4->1) decremented to 12
[NWK 5] HOP completion released NSDP slot; awaiting HOP queue wake flow=4->1
[NWK 5] CheckNwkQueue: size=13
[HOP 5] CanSendToHop dest=1 outstanding=0 threshold=8 effectiveWindow=9 pendingData=0 globalLimit=16 neighborOK=1 nodeOK=1 -> YES
[HOP 5] link_control dest=1 neighborKnown=1 s0=-109 pathloss=70 failures=0 speed=128 txPower=33 rxPower=-109 cost=116
[HOP 5] Pending DATA increment dest=1 pending=1
[HOP 5] TX historical-bare DATA neighbor=1 hopSeq=27
[MAC] Enqueue TX pkt dscp=0 insert_pos=0 queue_size_before=0
[HOP 5] CanSendToHop dest=1 outstanding=1 threshold=8 effectiveWindow=9 pendingData=1 globalLimit=16 neighborOK=1 nodeOK=1 -> YES
[HOP 5] link_control dest=1 neighborKnown=1 s0=-109 pathloss=70 failures=0 speed=128 txPower=33 rxPower=-109 cost=116
[HOP 5] Pending DATA increment dest=1 pending=2
[HOP 5] TX historical-bare DATA neighbor=1 hopSeq=28
[MAC] Enqueue TX pkt dscp=0 insert_pos=1 queue_size_before=1
[HOP 5] CanSendToHop dest=1 outstanding=2 threshold=8 effectiveWindow=9 pendingData=2 globalLimit=16 neighborOK=1 nodeOK=1 -> YES
[HOP 5] link_control dest=1 neighborKnown=1 s0=-109 pathloss=70 failures=0 speed=128 txPower=33 rxPower=-109 cost=116
[HOP 5] Pending DATA increment dest=1 pending=3
[HOP 5] TX historical-bare DATA neighbor=1 hopSeq=29
[MAC] Enqueue TX pkt dscp=0 insert_pos=2 queue_size_before=2
[HOP 5] CanSendToHop dest=1 outstanding=3 threshold=8 effectiveWindow=9 pendingData=3 globalLimit=16 neighborOK=1 nodeOK=1 -> YES
[HOP 5] link_control dest=1 neighborKnown=1 s0=-109 pathloss=70 failures=0 speed=128 txPower=33 rxPower=-109 cost=116
[HOP 5] Pending DATA increment dest=1 pending=4
[HOP 5] TX historical-bare DATA neighbor=1 hopSeq=30
[MAC] Enqueue TX pkt dscp=0 insert_pos=3 queue_size_before=3
[HOP 5] CanSendToHop dest=1 outstanding=4 threshold=8 effectiveWindow=9 pendingData=4 globalLimit=16 neighborOK=1 nodeOK=1 -> YES
[HOP 5] link_control dest=1 neighborKnown=1 s0=-109 pathloss=70 failures=0 speed=128 txPower=33 rxPower=-109 cost=116
[HOP 5] Pending DATA increment dest=1 pending=5
[HOP 5] TX historical-bare DATA neighbor=1 hopSeq=31
[MAC] Enqueue TX pkt dscp=0 insert_pos=4 queue_size_before=4
[HOP 5] CanSendToHop dest=1 outstanding=5 threshold=8 effectiveWindow=9 pendingData=5 globalLimit=16 neighborOK=1 nodeOK=1 -> YES
[HOP 5] link_control dest=1 neighborKnown=1 s0=-109 pathloss=70 failures=0 speed=128 txPower=33 rxPower=-109 cost=116
[HOP 5] Pending DATA increment dest=1 pending=6
[HOP 5] TX historical-bare DATA neighbor=1 hopSeq=32
[MAC] Enqueue TX pkt dscp=0 insert_pos=5 queue_size_before=5
[HOP 5] CanSendToHop dest=1 outstanding=6 threshold=8 effectiveWindow=9 pendingData=6 globalLimit=16 neighborOK=1 nodeOK=1 -> YES
[HOP 5] link_control dest=1 neighborKnown=1 s0=-109 pathloss=70 failures=0 speed=128 txPower=33 rxPower=-109 cost=116
[HOP 5] Pending DATA increment dest=1 pending=7
[HOP 5] TX historical-bare DATA neighbor=1 hopSeq=33
[MAC] Enqueue TX pkt dscp=0 insert_pos=6 queue_size_before=6
[HOP 5] CanSendToHop dest=1 outstanding=7 threshold=8 effectiveWindow=9 pendingData=7 globalLimit=16 neighborOK=1 nodeOK=1 -> YES
[HOP 5] link_control dest=1 neighborKnown=1 s0=-109 pathloss=70 failures=0 speed=128 txPower=33 rxPower=-109 cost=116
[HOP 5] Pending DATA increment dest=1 pending=8
[HOP 5] TX historical-bare DATA neighbor=1 hopSeq=34
[MAC] Enqueue TX pkt dscp=0 insert_pos=7 queue_size_before=7
[HOP 5] CanSendToHop dest=1 outstanding=8 threshold=8 effectiveWindow=9 pendingData=8 globalLimit=16 neighborOK=1 nodeOK=1 -> YES
[HOP 5] link_control dest=1 neighborKnown=1 s0=-109 pathloss=70 failures=0 speed=128 txPower=33 rxPower=-109 cost=116
[HOP 5] Pending DATA increment dest=1 pending=9
[HOP 5] TX historical-bare DATA neighbor=1 hopSeq=35
[MAC] Enqueue TX pkt dscp=0 insert_pos=8 queue_size_before=8
[HOP 5] CanSendToHop dest=1 outstanding=9 threshold=8 effectiveWindow=9 pendingData=9 globalLimit=16 neighborOK=0 nodeOK=1 -> NO
[HOP 5] CanSendToHop dest=1 outstanding=9 threshold=8 effectiveWindow=9 pendingData=9 globalLimit=16 neighborOK=0 nodeOK=1 -> NO
[HOP 5] CanSendToHop dest=1 outstanding=9 threshold=8 effectiveWindow=9 pendingData=9 globalLimit=16 neighborOK=0 nodeOK=1 -> NO
[HOP 5] CanSendToHop dest=1 outstanding=9 threshold=8 effectiveWindow=9 pendingData=9 globalLimit=16 neighborOK=0 nodeOK=1 -> NO
[MAC 1] rtslot_counter expired for neighbor 5 reserveSlot=3
[MAC 5] resumes Pre-Tx with live slot=7 counter=7
[MAC 4] Learned neighbor 5 uses slot 7 (rtCounter=7)
[HOP 4] RX DACK from 5 seq=19
[NWK 4] NSDP(4->1) decremented to 5
[NWK 4] HOP completion released NSDP slot; awaiting HOP queue wake flow=4->1
[HOP 4] DACK received neighbor=5 seq=19 resendCount=0 holdSec=20 NSDP=release-now hopFlow=hold
[HOP 4] Pending DATA decrement reason=ACK neighbor=5 pending=4
[NWK 4] NSDP(4->1) decremented to 4
[NWK 4] HOP completion released NSDP slot; awaiting HOP queue wake flow=4->1
[HOP 4] Pending DATA decrement reason=ACK neighbor=5 pending=3
[NWK 4] NSDP(4->1) decremented to 3
[NWK 4] HOP completion released NSDP slot; awaiting HOP queue wake flow=4->1
[HOP 4] Pending DATA decrement reason=ACK neighbor=5 pending=2
[HOP 4] Adaptive flow threshold increased neighbor=5 old=4 new=5 effectiveWindow=6
[NWK 4] NSDP(4->1) decremented to 2
[NWK 4] HOP completion released NSDP slot; awaiting HOP queue wake flow=4->1
[HOP 4] Pending DATA decrement reason=ACK neighbor=5 pending=1
[NWK 4] NSDP(4->1) decremented to 1
[NWK 4] HOP completion released NSDP slot; awaiting HOP queue wake flow=4->1
[NWK 4] CheckNwkQueue: size=1
[HOP 4] CanSendToHop dest=5 outstanding=1 threshold=5 effectiveWindow=6 pendingData=1 globalLimit=16 neighborOK=1 nodeOK=1 -> YES
[HOP 4] link_control dest=5 neighborKnown=1 s0=-109 pathloss=70 failures=0 speed=128 txPower=33 rxPower=-109 cost=116
[HOP 4] Pending DATA increment dest=5 pending=2
[HOP 4] TX historical-bare DATA neighbor=5 hopSeq=20
[MAC] Enqueue TX pkt dscp=0 insert_pos=0 queue_size_before=0
[MAC 1] PickTxSlot(dest=5) active_nodes_for_slotting=3 opnet_slot_range=31
[MAC 1] PickTxSlot(dest=5) avoid:
[MAC 1] PickTxSlot chose 1 using historical next_tslot modulo probe
[MAC 1] TX opportunity reached currentSlot=1 reserveNextSlot=1
... type=1 speedKey=128[t=1.9205] TX from node 1 to dest 5 seq 26 size 41 bytes segments 1 at slot 1 rate 128 kbps txPower 33 dBm (133333 bps) preamble SHORT duration 0.02208 s
[MAC 1] ACK transmitted in aggregate dest=5 seq=26 txCount=2/5
[MAC 1] OPNET aggregate transmitted segments=1 ackSegments=1 dataSegments=0 bytes=41 rate=128
[MAC 4] PickTxSlot(dest=5) active_nodes_for_slotting=3 opnet_slot_range=31
[MAC 4] avoiding neighbor 5 currentReservedSlot=6 rtslot_counter=6
[MAC 4] PickTxSlot(dest=5) avoid: 6
[MAC 4] PickTxSlot chose 9 using historical next_tslot modulo probe
[MAC 4] starts Pre-Tx with new slot=9 holdoff_over=1
[MAC 5] rtslot_counter expired for neighbor 1 reserveSlot=1
[MAC 1] resumes Pre-Tx with live slot=1 counter=1
[MAC 5] Learned neighbor 1 uses slot 1 (rtCounter=1)
[HOP 5] RX ACK from 1 seq=26
[NWK 5] CheckNwkQueue: size=4
[HOP 5] CanSendToHop dest=1 outstanding=9 threshold=8 effectiveWindow=9 pendingData=9 globalLimit=16 neighborOK=0 nodeOK=1 -> NO
[HOP 5] CanSendToHop dest=1 outstanding=9 threshold=8 effectiveWindow=9 pendingData=9 globalLimit=16 neighborOK=0 nodeOK=1 -> NO
[HOP 5] CanSendToHop dest=1 outstanding=9 threshold=8 effectiveWindow=9 pendingData=9 globalLimit=16 neighborOK=0 nodeOK=1 -> NO
[HOP 5] CanSendToHop dest=1 outstanding=9 threshold=8 effectiveWindow=9 pendingData=9 globalLimit=16 neighborOK=0 nodeOK=1 -> NO
[MAC 1] PickTxSlot(dest=5) active_nodes_for_slotting=3 opnet_slot_range=31
[MAC 1] PickTxSlot(dest=5) avoid:
[MAC 1] PickTxSlot chose 1 using historical next_tslot modulo probe
[MAC 1] TX opportunity reached currentSlot=1 reserveNextSlot=1
... type=1 speedKey=128[t=1.9595] TX from node 1 to dest 5 seq 26 size 41 bytes segments 1 at slot 1 rate 128 kbps txPower 33 dBm (133333 bps) preamble SHORT duration 0.02208 s
[MAC 1] ACK transmitted in aggregate dest=5 seq=26 txCount=3/5
[MAC 1] OPNET aggregate transmitted segments=1 ackSegments=1 dataSegments=0 bytes=41 rate=128
[MAC 5] rtslot_counter expired for neighbor 1 reserveSlot=1
[MAC 1] resumes Pre-Tx with live slot=1 counter=1
[MAC 5] Learned neighbor 1 uses slot 1 (rtCounter=1)
[HOP 5] RX ACK from 1 seq=26
[NWK 5] CheckNwkQueue: size=4
[HOP 5] CanSendToHop dest=1 outstanding=9 threshold=8 effectiveWindow=9 pendingData=9 globalLimit=16 neighborOK=0 nodeOK=1 -> NO
[HOP 5] CanSendToHop dest=1 outstanding=9 threshold=8 effectiveWindow=9 pendingData=9 globalLimit=16 neighborOK=0 nodeOK=1 -> NO
[HOP 5] CanSendToHop dest=1 outstanding=9 threshold=8 effectiveWindow=9 pendingData=9 globalLimit=16 neighborOK=0 nodeOK=1 -> NO
[HOP 5] CanSendToHop dest=1 outstanding=9 threshold=8 effectiveWindow=9 pendingData=9 globalLimit=16 neighborOK=0 nodeOK=1 -> NO
[MAC 1] PickTxSlot(dest=5) active_nodes_for_slotting=3 opnet_slot_range=31
[MAC 1] PickTxSlot(dest=5) avoid:
[MAC 1] PickTxSlot chose 1 using historical next_tslot modulo probe
[MAC 1] TX opportunity reached currentSlot=1 reserveNextSlot=1
... type=1 speedKey=128[t=1.9985] TX from node 1 to dest 5 seq 26 size 41 bytes segments 1 at slot 1 rate 128 kbps txPower 33 dBm (133333 bps) preamble SHORT duration 0.02208 s
[MAC 1] ACK transmitted in aggregate dest=5 seq=26 txCount=4/5
[MAC 1] OPNET aggregate transmitted segments=1 ackSegments=1 dataSegments=0 bytes=41 rate=128
[MAC 5] rtslot_counter expired for neighbor 1 reserveSlot=1
[MAC 4] rtslot_counter expired for neighbor 5 reserveSlot=7
[MAC 5] PickTxSlot(dest=4) active_nodes_for_slotting=3 opnet_slot_range=31
[MAC 5] PickTxSlot(dest=4) avoid:
[MAC 5] PickTxSlot chose 3 using historical next_tslot modulo probe
[MAC 5] TX opportunity reached currentSlot=7 reserveNextSlot=3
... type=1 speedKey=128[t=2.015] TX from node 5 to dest 4 seq 19 size 473 bytes segments 10 at slot 3 rate 128 kbps txPower 33 dBm (133333 bps) preamble SHORT duration 0.048 s
[HOP 5] MAC sent confirmation dest=1 seq=27 transmission=1 sentAt=2.015
[HOP 5] MAC sent confirmation dest=1 seq=28 transmission=1 sentAt=2.015
[HOP 5] MAC sent confirmation dest=1 seq=29 transmission=1 sentAt=2.015
[HOP 5] MAC sent confirmation dest=1 seq=30 transmission=1 sentAt=2.015
[HOP 5] MAC sent confirmation dest=1 seq=31 transmission=1 sentAt=2.015
[HOP 5] MAC sent confirmation dest=1 seq=32 transmission=1 sentAt=2.015
[HOP 5] MAC sent confirmation dest=1 seq=33 transmission=1 sentAt=2.015
[HOP 5] MAC sent confirmation dest=1 seq=34 transmission=1 sentAt=2.015
[HOP 5] MAC sent confirmation dest=1 seq=35 transmission=1 sentAt=2.015
[MAC 5] ACK transmitted in aggregate dest=4 seq=19 txCount=2/5
[MAC 5] OPNET aggregate transmitted segments=10 ackSegments=1 dataSegments=9 bytes=473 rate=128
[MAC 1] resumes Pre-Tx with live slot=1 counter=1
[MAC 5] Learned neighbor 1 uses slot 1 (rtCounter=1)
[HOP 5] RX ACK from 1 seq=26
[NWK 5] CheckNwkQueue: size=4
[HOP 5] CanSendToHop dest=1 outstanding=9 threshold=8 effectiveWindow=9 pendingData=9 globalLimit=16 neighborOK=0 nodeOK=1 -> NO
[HOP 5] CanSendToHop dest=1 outstanding=9 threshold=8 effectiveWindow=9 pendingData=9 globalLimit=16 neighborOK=0 nodeOK=1 -> NO
[HOP 5] CanSendToHop dest=1 outstanding=9 threshold=8 effectiveWindow=9 pendingData=9 globalLimit=16 neighborOK=0 nodeOK=1 -> NO
[HOP 5] CanSendToHop dest=1 outstanding=9 threshold=8 effectiveWindow=9 pendingData=9 globalLimit=16 neighborOK=0 nodeOK=1 -> NO
[MAC 1] PickTxSlot(dest=5) active_nodes_for_slotting=3 opnet_slot_range=31
[MAC 1] PickTxSlot(dest=5) avoid:
[MAC 1] PickTxSlot chose 1 using historical next_tslot modulo probe
[MAC 1] TX opportunity reached currentSlot=1 reserveNextSlot=1
... type=1 speedKey=128[t=2.0375] TX from node 1 to dest 5 seq 26 size 41 bytes segments 1 at slot 1 rate 128 kbps txPower 33 dBm (133333 bps) preamble SHORT duration 0.02208 s
[MAC 1] ACK transmitted in aggregate dest=5 seq=26 txCount=5/5
[MAC 1] Remove ACK after OPNET resend limit dest=5 seq=26
[MAC 1] OPNET aggregate transmitted segments=1 ackSegments=1 dataSegments=0 bytes=41 rate=128
[MAC 4] PickTxSlot(dest=5) active_nodes_for_slotting=3 opnet_slot_range=31
[MAC 4] PickTxSlot(dest=5) avoid:
[MAC 4] PickTxSlot chose 1 using historical next_tslot modulo probe
[MAC 4] TX opportunity reached currentSlot=9 reserveNextSlot=1
... type=0 speedKey=128[t=2.054] TX from node 4 to dest 5 seq 20 size 48 bytes segments 1 at slot 1 rate 128 kbps txPower 33 dBm (133333 bps) preamble SHORT duration 0.0225 s
[HOP 4] MAC sent confirmation dest=5 seq=20 transmission=1 sentAt=2.054
[MAC 4] OPNET aggregate transmitted segments=1 ackSegments=0 dataSegments=1 bytes=48 rate=128
[MAC 1] post-TX WAIT_FOR_ACK until 22.0596 (POST_TX_WAIT=20 s)
[MAC 5] Learned neighbor 1 uses slot 1 (rtCounter=1)
[HOP 5] RX ACK from 1 seq=26
[NWK 5] CheckNwkQueue: size=4
[HOP 5] CanSendToHop dest=1 outstanding=9 threshold=8 effectiveWindow=9 pendingData=9 globalLimit=16 neighborOK=0 nodeOK=1 -> NO
[HOP 5] CanSendToHop dest=1 outstanding=9 threshold=8 effectiveWindow=9 pendingData=9 globalLimit=16 neighborOK=0 nodeOK=1 -> NO
[HOP 5] CanSendToHop dest=1 outstanding=9 threshold=8 effectiveWindow=9 pendingData=9 globalLimit=16 neighborOK=0 nodeOK=1 -> NO
[HOP 5] CanSendToHop dest=1 outstanding=9 threshold=8 effectiveWindow=9 pendingData=9 globalLimit=16 neighborOK=0 nodeOK=1 -> NO
[MAC 5] resumes Pre-Tx with live slot=3 counter=3
[MAC 4] Learned neighbor 5 uses slot 3 (rtCounter=3)
[HOP 4] RX DACK from 5 seq=19
[MAC 1] Learned neighbor 5 uses slot 3 (rtCounter=3)
[HOP 1] link_control dest=5 neighborKnown=1 s0=-109 pathloss=70 failures=0 speed=128 txPower=33 rxPower=-109 cost=116
[MAC 1] Enqueue ACK dest=5 seq=27 window=1 ack_queue_size=1
[NWK 1] Updated reverse path netSrc=5 reverseHop=5
[HOP 1] link_control dest=5 neighborKnown=1 s0=-109 pathloss=70 failures=0 speed=128 txPower=33 rxPower=-109 cost=116
[MAC 1] Update cumulative ACK queue entry dest=5 baseSeq=28 txCount=0
[NWK 1] Updated reverse path netSrc=4 reverseHop=5
[HOP 1] link_control dest=5 neighborKnown=1 s0=-109 pathloss=70 failures=0 speed=128 txPower=33 rxPower=-109 cost=116
[MAC 1] Update cumulative ACK queue entry dest=5 baseSeq=29 txCount=0
[NWK 1] Updated reverse path netSrc=4 reverseHop=5
[HOP 1] link_control dest=5 neighborKnown=1 s0=-109 pathloss=70 failures=0 speed=128 txPower=33 rxPower=-109 cost=116
[MAC 1] Update cumulative ACK queue entry dest=5 baseSeq=30 txCount=0
[NWK 1] Updated reverse path netSrc=4 reverseHop=5
[HOP 1] link_control dest=5 neighborKnown=1 s0=-109 pathloss=70 failures=0 speed=128 txPower=33 rxPower=-109 cost=116
[MAC 1] Update cumulative ACK queue entry dest=5 baseSeq=31 txCount=0
[NWK 1] Updated reverse path netSrc=4 reverseHop=5
[HOP 1] link_control dest=5 neighborKnown=1 s0=-109 pathloss=70 failures=0 speed=128 txPower=33 rxPower=-109 cost=116
[MAC 1] Update cumulative ACK queue entry dest=5 baseSeq=32 txCount=0
[NWK 1] Updated reverse path netSrc=4 reverseHop=5
[HOP 1] link_control dest=5 neighborKnown=1 s0=-109 pathloss=70 failures=0 speed=128 txPower=33 rxPower=-109 cost=116
[MAC 1] Update cumulative ACK queue entry dest=5 baseSeq=33 txCount=0
[NWK 1] Updated reverse path netSrc=4 reverseHop=5
[HOP 1] link_control dest=5 neighborKnown=1 s0=-109 pathloss=70 failures=0 speed=128 txPower=33 rxPower=-109 cost=116
[MAC 1] Update cumulative ACK queue entry dest=5 baseSeq=34 txCount=0
[NWK 1] Updated reverse path netSrc=4 reverseHop=5
[HOP 1] link_control dest=5 neighborKnown=1 s0=-109 pathloss=70 failures=0 speed=128 txPower=33 rxPower=-109 cost=116
[MAC 1] Update cumulative ACK queue entry dest=5 baseSeq=35 txCount=0
[NWK 1] Updated reverse path netSrc=4 reverseHop=5
[NWK 4] CheckNwkQueue: size=0
[MAC 1] resumes Pre-Tx with live slot=1 counter=0
[MAC 4] post-TX WAIT_FOR_ACK until 22.0765 (POST_TX_WAIT=20 s)
[MAC 5] Learned neighbor 4 uses slot 1 (rtCounter=1)
[HOP 5] link_control dest=4 neighborKnown=1 s0=-109 pathloss=70 failures=0 speed=128 txPower=33 rxPower=-109 cost=116
[NWK 5] Updated reverse path netSrc=4 reverseHop=4
[MAC 5] Update cumulative ACK queue entry dest=4 baseSeq=20 txCount=0
[MAC 1] PickTxSlot(dest=5) active_nodes_for_slotting=3 opnet_slot_range=31
[MAC 1] avoiding neighbor 5 currentReservedSlot=1 rtslot_counter=1
[MAC 1] PickTxSlot(dest=5) avoid: 1
[MAC 1] PickTxSlot chose 2 using historical next_tslot modulo probe
[MAC 1] TX opportunity reached currentSlot=1 reserveNextSlot=2
... type=1 speedKey=128[t=2.0765] TX from node 1 to dest 5 seq 35 size 41 bytes segments 1 at slot 2 rate 128 kbps txPower 33 dBm (133333 bps) preamble SHORT duration 0.02208 s
[MAC 1] ACK transmitted in aggregate dest=5 seq=35 txCount=1/5
[MAC 1] OPNET aggregate transmitted segments=1 ackSegments=1 dataSegments=0 bytes=41 rate=128
[NWK 5] CheckNwkQueue: size=5
[HOP 5] CanSendToHop dest=1 outstanding=9 threshold=8 effectiveWindow=9 pendingData=9 globalLimit=16 neighborOK=0 nodeOK=1 -> NO
[HOP 5] CanSendToHop dest=1 outstanding=9 threshold=8 effectiveWindow=9 pendingData=9 globalLimit=16 neighborOK=0 nodeOK=1 -> NO
[HOP 5] CanSendToHop dest=1 outstanding=9 threshold=8 effectiveWindow=9 pendingData=9 globalLimit=16 neighborOK=0 nodeOK=1 -> NO
[HOP 5] CanSendToHop dest=1 outstanding=9 threshold=8 effectiveWindow=9 pendingData=9 globalLimit=16 neighborOK=0 nodeOK=1 -> NO
[HOP 5] CanSendToHop dest=1 outstanding=9 threshold=8 effectiveWindow=9 pendingData=9 globalLimit=16 neighborOK=0 nodeOK=1 -> NO
[MAC 5] rtslot_counter expired for neighbor 1 reserveSlot=1
[MAC 4] local advertised reservation expired
[MAC 5] rtslot_counter expired for neighbor 4 reserveSlot=1
[MAC 1] resumes Pre-Tx with live slot=2 counter=2
[MAC 5] Learned neighbor 1 uses slot 2 (rtCounter=2)
[HOP 5] RX ACK from 1 seq=35
[HOP 5] Pending DATA decrement reason=ACK neighbor=1 pending=8
[HOP 5] Adaptive flow threshold increased neighbor=1 old=8 new=9 effectiveWindow=10
[NWK 5] NSDP(4->1) decremented to 12
[NWK 5] HOP completion released NSDP slot; awaiting HOP queue wake flow=4->1
[HOP 5] Pending DATA decrement reason=ACK neighbor=1 pending=7
[NWK 5] NSDP(4->1) decremented to 11
[NWK 5] HOP completion released NSDP slot; awaiting HOP queue wake flow=4->1
[HOP 5] Pending DATA decrement reason=ACK neighbor=1 pending=6
[NWK 5] NSDP(4->1) decremented to 10
[NWK 5] HOP completion released NSDP slot; awaiting HOP queue wake flow=4->1
[HOP 5] Pending DATA decrement reason=ACK neighbor=1 pending=5
[HOP 5] Adaptive flow threshold increased neighbor=1 old=9 new=10 effectiveWindow=11
[NWK 5] NSDP(4->1) decremented to 9
[NWK 5] HOP completion released NSDP slot; awaiting HOP queue wake flow=4->1
[HOP 5] Pending DATA decrement reason=ACK neighbor=1 pending=4
[NWK 5] NSDP(4->1) decremented to 8
[NWK 5] HOP completion released NSDP slot; awaiting HOP queue wake flow=4->1
[HOP 5] Pending DATA decrement reason=ACK neighbor=1 pending=3
[NWK 5] NSDP(4->1) decremented to 7
[NWK 5] HOP completion released NSDP slot; awaiting HOP queue wake flow=4->1
[HOP 5] Pending DATA decrement reason=ACK neighbor=1 pending=2
[HOP 5] Adaptive flow threshold increased neighbor=1 old=10 new=11 effectiveWindow=12
[NWK 5] NSDP(4->1) decremented to 6
[NWK 5] HOP completion released NSDP slot; awaiting HOP queue wake flow=4->1
[HOP 5] Pending DATA decrement reason=ACK neighbor=1 pending=1
[NWK 5] NSDP(4->1) decremented to 5
[NWK 5] HOP completion released NSDP slot; awaiting HOP queue wake flow=4->1
[HOP 5] Pending DATA decrement reason=ACK neighbor=1 pending=0
[NWK 5] NSDP(5->1) decremented to 0
[NWK 5] HOP completion released NSDP slot; awaiting HOP queue wake flow=5->1
[NWK 5] CheckNwkQueue: size=5
[HOP 5] CanSendToHop dest=1 outstanding=0 threshold=11 effectiveWindow=12 pendingData=0 globalLimit=16 neighborOK=1 nodeOK=1 -> YES
[HOP 5] link_control dest=1 neighborKnown=1 s0=-109 pathloss=70 failures=0 speed=128 txPower=33 rxPower=-109 cost=116
[HOP 5] Pending DATA increment dest=1 pending=1
[HOP 5] TX historical-bare DATA neighbor=1 hopSeq=36
[MAC] Enqueue TX pkt dscp=0 insert_pos=0 queue_size_before=0
[HOP 5] CanSendToHop dest=1 outstanding=1 threshold=11 effectiveWindow=12 pendingData=1 globalLimit=16 neighborOK=1 nodeOK=1 -> YES
[HOP 5] link_control dest=1 neighborKnown=1 s0=-109 pathloss=70 failures=0 speed=128 txPower=33 rxPower=-109 cost=116
[HOP 5] Pending DATA increment dest=1 pending=2
[HOP 5] TX historical-bare DATA neighbor=1 hopSeq=37
[MAC] Enqueue TX pkt dscp=0 insert_pos=1 queue_size_before=1
[HOP 5] CanSendToHop dest=1 outstanding=2 threshold=11 effectiveWindow=12 pendingData=2 globalLimit=16 neighborOK=1 nodeOK=1 -> YES
[HOP 5] link_control dest=1 neighborKnown=1 s0=-109 pathloss=70 failures=0 speed=128 txPower=33 rxPower=-109 cost=116
[HOP 5] Pending DATA increment dest=1 pending=3
[HOP 5] TX historical-bare DATA neighbor=1 hopSeq=38
[MAC] Enqueue TX pkt dscp=0 insert_pos=2 queue_size_before=2
[HOP 5] CanSendToHop dest=1 outstanding=3 threshold=11 effectiveWindow=12 pendingData=3 globalLimit=16 neighborOK=1 nodeOK=1 -> YES
[HOP 5] link_control dest=1 neighborKnown=1 s0=-109 pathloss=70 failures=0 speed=128 txPower=33 rxPower=-109 cost=116
[HOP 5] Pending DATA increment dest=1 pending=4
[HOP 5] TX historical-bare DATA neighbor=1 hopSeq=39
[MAC] Enqueue TX pkt dscp=0 insert_pos=3 queue_size_before=3
[HOP 5] CanSendToHop dest=1 outstanding=4 threshold=11 effectiveWindow=12 pendingData=4 globalLimit=16 neighborOK=1 nodeOK=1 -> YES
[HOP 5] link_control dest=1 neighborKnown=1 s0=-109 pathloss=70 failures=0 speed=128 txPower=33 rxPower=-109 cost=116
[HOP 5] Pending DATA increment dest=1 pending=5
[HOP 5] TX historical-bare DATA neighbor=1 hopSeq=40
[MAC] Enqueue TX pkt dscp=0 insert_pos=4 queue_size_before=4
[MAC 5] PickTxSlot(dest=4) active_nodes_for_slotting=3 opnet_slot_range=31
[MAC 5] avoiding neighbor 1 currentReservedSlot=1 rtslot_counter=1
[MAC 5] PickTxSlot(dest=4) avoid: 1
[MAC 5] PickTxSlot chose 7 using historical next_tslot modulo probe
[MAC 5] TX opportunity reached currentSlot=3 reserveNextSlot=7
... type=1 speedKey=128[t=2.106] TX from node 5 to dest 4 seq 20 size 281 bytes segments 6 at slot 7 rate 128 kbps txPower 33 dBm (133333 bps) preamble SHORT duration 0.03648 s
[HOP 5] MAC sent confirmation dest=1 seq=36 transmission=1 sentAt=2.106
[HOP 5] MAC sent confirmation dest=1 seq=37 transmission=1 sentAt=2.106
[HOP 5] MAC sent confirmation dest=1 seq=38 transmission=1 sentAt=2.106
[HOP 5] MAC sent confirmation dest=1 seq=39 transmission=1 sentAt=2.106
[HOP 5] MAC sent confirmation dest=1 seq=40 transmission=1 sentAt=2.106
[MAC 5] ACK transmitted in aggregate dest=4 seq=20 txCount=1/5
[MAC 5] OPNET aggregate transmitted segments=6 ackSegments=1 dataSegments=5 bytes=281 rate=128
[MAC 1] rtslot_counter expired for neighbor 5 reserveSlot=3
[MAC 4] rtslot_counter expired for neighbor 5 reserveSlot=3
[MAC 1] PickTxSlot(dest=5) active_nodes_for_slotting=3 opnet_slot_range=31
[MAC 1] PickTxSlot(dest=5) avoid:
[MAC 1] PickTxSlot chose 1 using historical next_tslot modulo probe
[MAC 1] TX opportunity reached currentSlot=2 reserveNextSlot=1
... type=1 speedKey=128[t=2.1285] TX from node 1 to dest 5 seq 35 size 41 bytes segments 1 at slot 1 rate 128 kbps txPower 33 dBm (133333 bps) preamble SHORT duration 0.02208 s
[MAC 1] ACK transmitted in aggregate dest=5 seq=35 txCount=2/5
[MAC 1] OPNET aggregate transmitted segments=1 ackSegments=1 dataSegments=0 bytes=41 rate=128
[MAC 5] resumes Pre-Tx with live slot=7 counter=7
[MAC 4] Learned neighbor 5 uses slot 7 (rtCounter=7)
[HOP 4] RX ACK from 5 seq=20
[HOP 4] Pending DATA decrement reason=ACK neighbor=5 pending=1
[NWK 4] NSDP(4->1) decremented to 0
[NWK 4] HOP completion released NSDP slot; awaiting HOP queue wake flow=4->1
[MAC 1] Learned neighbor 5 uses slot 7 (rtCounter=7)
[HOP 1] link_control dest=5 neighborKnown=1 s0=-109 pathloss=70 failures=0 speed=128 txPower=33 rxPower=-109 cost=116
[MAC 1] Update cumulative ACK queue entry dest=5 baseSeq=36 txCount=0
[NWK 1] Updated reverse path netSrc=4 reverseHop=5
[HOP 1] link_control dest=5 neighborKnown=1 s0=-109 pathloss=70 failures=0 speed=128 txPower=33 rxPower=-109 cost=116
[MAC 1] Update cumulative ACK queue entry dest=5 baseSeq=37 txCount=0
[NWK 1] Updated reverse path netSrc=4 reverseHop=5
[HOP 1] link_control dest=5 neighborKnown=1 s0=-109 pathloss=70 failures=0 speed=128 txPower=33 rxPower=-109 cost=116
[MAC 1] Update cumulative ACK queue entry dest=5 baseSeq=38 txCount=0
[NWK 1] Updated reverse path netSrc=4 reverseHop=5
[HOP 1] link_control dest=5 neighborKnown=1 s0=-109 pathloss=70 failures=0 speed=128 txPower=33 rxPower=-109 cost=116
[MAC 1] Update cumulative ACK queue entry dest=5 baseSeq=39 txCount=0
[NWK 1] Updated reverse path netSrc=4 reverseHop=5
[HOP 1] link_control dest=5 neighborKnown=1 s0=-109 pathloss=70 failures=0 speed=128 txPower=33 rxPower=-109 cost=116
[MAC 1] Update cumulative ACK queue entry dest=5 baseSeq=40 txCount=0
[NWK 1] Updated reverse path netSrc=4 reverseHop=5
[NWK 4] CheckNwkQueue: size=0
[MAC 1] resumes Pre-Tx with live slot=1 counter=1
[MAC 5] Learned neighbor 1 uses slot 1 (rtCounter=1)
[HOP 5] RX ACK from 1 seq=35
[NWK 5] CheckNwkQueue: size=0
[MAC 1] PickTxSlot(dest=5) active_nodes_for_slotting=3 opnet_slot_range=31
[MAC 1] avoiding neighbor 5 currentReservedSlot=5 rtslot_counter=5
[MAC 1] PickTxSlot(dest=5) avoid: 5
[MAC 1] PickTxSlot chose 1 using historical next_tslot modulo probe
[MAC 1] TX opportunity reached currentSlot=1 reserveNextSlot=1
... type=1 speedKey=128[t=2.1675] TX from node 1 to dest 5 seq 40 size 41 bytes segments 1 at slot 1 rate 128 kbps txPower 33 dBm (133333 bps) preamble SHORT duration 0.02208 s
[MAC 1] ACK transmitted in aggregate dest=5 seq=40 txCount=1/5
[MAC 1] OPNET aggregate transmitted segments=1 ackSegments=1 dataSegments=0 bytes=41 rate=128
[MAC 5] rtslot_counter expired for neighbor 1 reserveSlot=1
[MAC 1] resumes Pre-Tx with live slot=1 counter=1
[MAC 5] Learned neighbor 1 uses slot 1 (rtCounter=1)
[HOP 5] RX ACK from 1 seq=40
[HOP 5] Pending DATA decrement reason=ACK neighbor=1 pending=4
[HOP 5] Adaptive flow threshold increased neighbor=1 old=11 new=12 effectiveWindow=13
[NWK 5] NSDP(4->1) decremented to 4
[NWK 5] HOP completion released NSDP slot; awaiting HOP queue wake flow=4->1
[HOP 5] Pending DATA decrement reason=ACK neighbor=1 pending=3
[NWK 5] NSDP(4->1) decremented to 3
[NWK 5] HOP completion released NSDP slot; awaiting HOP queue wake flow=4->1
[HOP 5] Pending DATA decrement reason=ACK neighbor=1 pending=2
[NWK 5] NSDP(4->1) decremented to 2
[NWK 5] HOP completion released NSDP slot; awaiting HOP queue wake flow=4->1
[HOP 5] Pending DATA decrement reason=ACK neighbor=1 pending=1
[HOP 5] Adaptive flow threshold increased neighbor=1 old=12 new=13 effectiveWindow=14
[NWK 5] NSDP(4->1) decremented to 1
[NWK 5] HOP completion released NSDP slot; awaiting HOP queue wake flow=4->1
[HOP 5] Pending DATA decrement reason=ACK neighbor=1 pending=0
[NWK 5] NSDP(4->1) decremented to 0
[NWK 5] HOP completion released NSDP slot; awaiting HOP queue wake flow=4->1
[NWK 5] CheckNwkQueue: size=0
[MAC 1] PickTxSlot(dest=5) active_nodes_for_slotting=3 opnet_slot_range=31
[MAC 1] avoiding neighbor 5 currentReservedSlot=3 rtslot_counter=3
[MAC 1] PickTxSlot(dest=5) avoid: 3
[MAC 1] PickTxSlot chose 1 using historical next_tslot modulo probe
[MAC 1] TX opportunity reached currentSlot=1 reserveNextSlot=1
... type=1 speedKey=128[t=2.2065] TX from node 1 to dest 5 seq 40 size 41 bytes segments 1 at slot 1 rate 128 kbps txPower 33 dBm (133333 bps) preamble SHORT duration 0.02208 s
[MAC 1] ACK transmitted in aggregate dest=5 seq=40 txCount=2/5
[MAC 1] OPNET aggregate transmitted segments=1 ackSegments=1 dataSegments=0 bytes=41 rate=128
[MAC 5] rtslot_counter expired for neighbor 1 reserveSlot=1
[MAC 1] resumes Pre-Tx with live slot=1 counter=1
[MAC 5] Learned neighbor 1 uses slot 1 (rtCounter=1)
[HOP 5] RX ACK from 1 seq=40
[NWK 5] CheckNwkQueue: size=0
[MAC 4] rtslot_counter expired for neighbor 5 reserveSlot=7
[MAC 5] PickTxSlot(dest=4) active_nodes_for_slotting=3 opnet_slot_range=31
[MAC 5] avoiding neighbor 1 currentReservedSlot=0 rtslot_counter=0
[MAC 5] PickTxSlot(dest=4) avoid:
[MAC 5] PickTxSlot chose 3 using historical next_tslot modulo probe
[MAC 5] TX opportunity reached currentSlot=7 reserveNextSlot=3
... type=1 speedKey=128[t=2.236] TX from node 5 to dest 4 seq 20 size 41 bytes segments 1 at slot 3 rate 128 kbps txPower 33 dBm (133333 bps) preamble SHORT duration 0.02208 s
[MAC 5] ACK transmitted in aggregate dest=4 seq=20 txCount=2/5
[MAC 5] OPNET aggregate transmitted segments=1 ackSegments=1 dataSegments=0 bytes=41 rate=128
[MAC 1] PickTxSlot(dest=5) active_nodes_for_slotting=3 opnet_slot_range=31
[MAC 1] avoiding neighbor 5 currentReservedSlot=1 rtslot_counter=1
[MAC 1] PickTxSlot(dest=5) avoid: 1
[MAC 1] PickTxSlot chose 2 using historical next_tslot modulo probe
[MAC 1] TX opportunity reached currentSlot=1 reserveNextSlot=2
... type=1 speedKey=128[t=2.2455] TX from node 1 to dest 5 seq 40 size 41 bytes segments 1 at slot 2 rate 128 kbps txPower 33 dBm (133333 bps) preamble SHORT duration 0.02208 s
[MAC 1] ACK transmitted in aggregate dest=5 seq=40 txCount=3/5
[MAC 1] OPNET aggregate transmitted segments=1 ackSegments=1 dataSegments=0 bytes=41 rate=128
[MAC 5] resumes Pre-Tx with live slot=3 counter=3
[MAC 4] Learned neighbor 5 uses slot 3 (rtCounter=3)
[HOP 4] RX ACK from 5 seq=20
[NWK 4] CheckNwkQueue: size=0
[MAC 5] rtslot_counter expired for neighbor 1 reserveSlot=1
[MAC 1] resumes Pre-Tx with live slot=2 counter=2
[MAC 5] Learned neighbor 1 uses slot 2 (rtCounter=2)
[HOP 5] RX ACK from 1 seq=40
[NWK 5] CheckNwkQueue: size=0
[MAC 1] rtslot_counter expired for neighbor 5 reserveSlot=7
[MAC 1] PickTxSlot(dest=5) active_nodes_for_slotting=3 opnet_slot_range=31
[MAC 1] PickTxSlot(dest=5) avoid:
[MAC 1] PickTxSlot chose 1 using historical next_tslot modulo probe
[MAC 1] TX opportunity reached currentSlot=2 reserveNextSlot=1
... type=1 speedKey=128[t=2.2975] TX from node 1 to dest 5 seq 40 size 41 bytes segments 1 at slot 1 rate 128 kbps txPower 33 dBm (133333 bps) preamble SHORT duration 0.02208 s
[MAC 1] ACK transmitted in aggregate dest=5 seq=40 txCount=4/5
[MAC 1] OPNET aggregate transmitted segments=1 ackSegments=1 dataSegments=0 bytes=41 rate=128
[MAC 4] rtslot_counter expired for neighbor 5 reserveSlot=3
[MAC 5] rtslot_counter expired for neighbor 1 reserveSlot=2
[MAC 5] PickTxSlot(dest=4) active_nodes_for_slotting=3 opnet_slot_range=31
[MAC 5] PickTxSlot(dest=4) avoid:
[MAC 5] PickTxSlot chose 7 using historical next_tslot modulo probe
[MAC 5] TX opportunity reached currentSlot=3 reserveNextSlot=7
... type=1 speedKey=128[t=2.301] TX from node 5 to dest 4 seq 20 size 41 bytes segments 1 at slot 7 rate 128 kbps txPower 33 dBm (133333 bps) preamble SHORT duration 0.02208 s
[MAC 5] ACK transmitted in aggregate dest=4 seq=20 txCount=3/5
[MAC 5] OPNET aggregate transmitted segments=1 ackSegments=1 dataSegments=0 bytes=41 rate=128
[MAC 1] resumes Pre-Tx with live slot=1 counter=1
[MAC 5] Learned neighbor 1 uses slot 1 (rtCounter=1)
[HOP 5] RX ACK from 1 seq=40
[NWK 5] CheckNwkQueue: size=0
[MAC 5] resumes Pre-Tx with live slot=7 counter=7
[MAC 4] Learned neighbor 5 uses slot 7 (rtCounter=7)
[HOP 4] RX ACK from 5 seq=20
[NWK 4] CheckNwkQueue: size=0
[MAC 1] PickTxSlot(dest=5) active_nodes_for_slotting=3 opnet_slot_range=31
[MAC 1] PickTxSlot(dest=5) avoid:
[MAC 1] PickTxSlot chose 1 using historical next_tslot modulo probe
[MAC 1] TX opportunity reached currentSlot=1 reserveNextSlot=1
... type=1 speedKey=128[t=2.3365] TX from node 1 to dest 5 seq 40 size 41 bytes segments 1 at slot 1 rate 128 kbps txPower 33 dBm (133333 bps) preamble SHORT duration 0.02208 s
[MAC 1] ACK transmitted in aggregate dest=5 seq=40 txCount=5/5
[MAC 1] Remove ACK after OPNET resend limit dest=5 seq=40
[MAC 1] OPNET aggregate transmitted segments=1 ackSegments=1 dataSegments=0 bytes=41 rate=128
[MAC 5] rtslot_counter expired for neighbor 1 reserveSlot=1
[MAC 1] post-TX WAIT_FOR_ACK until 22.3586 (POST_TX_WAIT=20 s)
[MAC 5] Learned neighbor 1 uses slot 1 (rtCounter=1)
[HOP 5] RX ACK from 1 seq=40
[NWK 5] CheckNwkQueue: size=0
[MAC 1] local advertised reservation expired
[MAC 5] rtslot_counter expired for neighbor 1 reserveSlot=1
[MAC 4] rtslot_counter expired for neighbor 5 reserveSlot=7
[MAC 5] PickTxSlot(dest=4) active_nodes_for_slotting=3 opnet_slot_range=31
[MAC 5] PickTxSlot(dest=4) avoid:
[MAC 5] PickTxSlot chose 3 using historical next_tslot modulo probe
[MAC 5] TX opportunity reached currentSlot=7 reserveNextSlot=3
... type=1 speedKey=128[t=2.418] TX from node 5 to dest 4 seq 20 size 41 bytes segments 1 at slot 3 rate 128 kbps txPower 33 dBm (133333 bps) preamble SHORT duration 0.02208 s
[MAC 5] ACK transmitted in aggregate dest=4 seq=20 txCount=4/5
[MAC 5] OPNET aggregate transmitted segments=1 ackSegments=1 dataSegments=0 bytes=41 rate=128
[MAC 5] resumes Pre-Tx with live slot=3 counter=3
[MAC 4] Learned neighbor 5 uses slot 3 (rtCounter=3)
[HOP 4] RX ACK from 5 seq=20
[NWK 4] CheckNwkQueue: size=0
[MAC 4] rtslot_counter expired for neighbor 5 reserveSlot=3
[MAC 5] PickTxSlot(dest=4) active_nodes_for_slotting=3 opnet_slot_range=31
[MAC 5] PickTxSlot(dest=4) avoid:
[MAC 5] PickTxSlot chose 7 using historical next_tslot modulo probe
[MAC 5] TX opportunity reached currentSlot=3 reserveNextSlot=7
... type=1 speedKey=128[t=2.483] TX from node 5 to dest 4 seq 20 size 41 bytes segments 1 at slot 7 rate 128 kbps txPower 33 dBm (133333 bps) preamble SHORT duration 0.02208 s
[MAC 5] ACK transmitted in aggregate dest=4 seq=20 txCount=5/5
[MAC 5] Remove ACK after OPNET resend limit dest=4 seq=20
[MAC 5] OPNET aggregate transmitted segments=1 ackSegments=1 dataSegments=0 bytes=41 rate=128
[MAC 5] post-TX WAIT_FOR_ACK until 22.5051 (POST_TX_WAIT=20 s)
[MAC 4] Learned neighbor 5 uses slot 7 (rtCounter=7)
[HOP 4] RX ACK from 5 seq=20
[NWK 4] CheckNwkQueue: size=0
[MAC 4] rtslot_counter expired for neighbor 5 reserveSlot=7
[MAC 5] local advertised reservation expired
[HOP 4] DACK hold expired neighbor=5 seq=19 outstanding=0
[HOP 4] Pending DATA decrement reason=DACK-expiry neighbor=5 pending=0
[HOP 4] DACK release scheduling NWK queue wake neighbor=5 seq=19
[NWK 4] CheckNwkQueue: size=0
REPLAY_SUMMARY cases=4 completed=1
