TimeSeconds,Event,NodeId,SourceId,DestinationId,PacketId,RateKeyKbps,ReceivedPowerDbm,PathlossDb,SnrDb,NoisePowerWatts,JsrDb,HeaderBer,PayloadBer,HeaderErrors,PayloadErrors,TotalErrors,CollisionCount,Success,Reason
490.074012444469,phy_signal_start,4,5,1,2382,8,-109.883905530753,NaN,-2.90890553075294,NaN,NaN,NaN,NaN,NaN,NaN,NaN,0,0,
490.175812444469,phy_interval,5,4,5,2381,8,NaN,NaN,NaN,2.00678109001819e-14,-2.00796035959661,NaN,NaN,0,0,NaN,1,0,
490.175812444469,phy_signal_end,5,4,5,2381,8,-109.883905530753,142.883905530753,-2.90890553075294,2.00678109001819e-14,-2.00796035959661,0,0,0,0,0,1,0,half_duplex
490.318812444469,phy_interval,4,5,1,2382,8,NaN,NaN,NaN,2.00678109001819e-14,-1.58379249041479,NaN,NaN,0,0,NaN,0,0,
490.318812444469,phy_signal_end,4,5,1,2382,8,-109.883905530753,142.883905530753,-2.90890553075294,2.00678109001819e-14,-1.58379249041479,0,0,0,0,0,0,0,half_duplex
490.373011086064,phy_signal_start,5,1,3,2383,8,-107.875945171156,NaN,-0.900945171156323,NaN,NaN,NaN,NaN,NaN,NaN,NaN,0,0,
490.373023527005,phy_signal_start,4,1,3,2383,8,-120.947516094342,NaN,-13.9725160943423,NaN,NaN,NaN,NaN,NaN,NaN,NaN,0,0,
490.379641086064,phy_interval,5,1,3,2383,8,NaN,NaN,NaN,2.00678109001819e-14,-2.00796035959661,NaN,NaN,0,0,NaN,0,0,
490.379641086064,phy_track,5,1,3,2383,8,NaN,NaN,NaN,NaN,-2.00796035959661,NaN,NaN,NaN,NaN,NaN,0,0,
490.480111086064,phy_interval,5,1,3,2383,8,NaN,NaN,NaN,2.00678109001819e-14,-2.00796035959661,NaN,NaN,0,0,NaN,0,0,
490.480111086064,phy_signal_end,5,1,3,2383,8,-107.875945171156,140.875945171156,-0.900945171156323,2.00678109001819e-14,-2.00796035959661,0,0,0,0,0,0,1,accepted
490.480123527005,phy_interval,4,1,3,2383,8,NaN,NaN,NaN,2.00678109001819e-14,-1.58379249041479,NaN,NaN,1,8,NaN,0,0,
490.480123527005,phy_signal_end,4,1,3,2383,8,-120.947516094342,153.947516094342,-13.9725160943423,2.00678109001819e-14,-1.58379249041479,0.0151165618870165,0.0151165618870165,1,8,9,0,0,sync_threshold
490.503019162592,phy_signal_start,5,3,1,2384,8,-117.383020596368,NaN,-10.4080205963685,NaN,NaN,NaN,NaN,NaN,NaN,NaN,0,0,
490.747819162592,phy_interval,5,3,1,2384,8,NaN,NaN,NaN,2.00678109001819e-14,-2.00796035959661,NaN,NaN,0,0,NaN,0,0,
490.747819162592,phy_signal_end,5,3,1,2384,8,-117.383020596368,150.383020596368,-10.4080205963685,2.00678109001819e-14,-2.00796035959661,3.40962752323828e-05,3.40962752323828e-05,0,0,0,0,0,sync_threshold
490.747831604377,phy_signal_end,4,3,1,2384,8,-126.074739474425,159.074739474425,Inf,0,-Inf,0,0,0,0,0,0,0,closure
490.802011086064,phy_signal_start,5,1,3,2385,8,-107.875945171156,NaN,-0.900945171156323,NaN,NaN,NaN,NaN,NaN,NaN,NaN,0,0,
490.802023527005,phy_signal_start,4,1,3,2385,8,-120.947516094342,NaN,-13.9725160943423,NaN,NaN,NaN,NaN,NaN,NaN,NaN,0,0,
490.808641086064,phy_interval,5,1,3,2385,8,NaN,NaN,NaN,2.00678109001819e-14,-2.00796035959661,NaN,NaN,0,0,NaN,0,0,
490.808641086064,phy_track,5,1,3,2385,8,NaN,NaN,NaN,NaN,-2.00796035959661,NaN,NaN,NaN,NaN,NaN,0,0,
490.909111086064,phy_interval,5,1,3,2385,8,NaN,NaN,NaN,2.00678109001819e-14,-2.00796035959661,NaN,NaN,0,0,NaN,0,0,
490.909111086064,phy_signal_end,5,1,3,2385,8,-107.875945171156,140.875945171156,-0.900945171156323,2.00678109001819e-14,-2.00796035959661,0,0,0,0,0,0,1,accepted
490.909123527005,phy_interval,4,1,3,2385,8,NaN,NaN,NaN,2.00678109001819e-14,-1.58379249041479,NaN,NaN,0,9,NaN,0,0,
490.909123527005,phy_signal_end,4,1,3,2385,8,-120.947516094342,153.947516094342,-13.9725160943423,2.00678109001819e-14,-1.58379249041479,0.0151165618870165,0.0151165618870165,0,9,9,0,0,sync_threshold
490.932012444469,phy_signal_start,4,5,1,2386,8,-109.883905530753,NaN,-2.90890553075294,NaN,NaN,NaN,NaN,NaN,NaN,NaN,0,0,
490.938642444469,phy_interval,4,5,1,2386,8,NaN,NaN,NaN,2.00678109001819e-14,-1.58379249041479,NaN,NaN,0,0,NaN,0,0,
490.938642444469,phy_track,4,5,1,2386,8,NaN,NaN,NaN,NaN,-1.58379249041479,NaN,NaN,NaN,NaN,NaN,0,0,
491.176812444469,phy_interval,4,5,1,2386,8,NaN,NaN,NaN,2.00678109001819e-14,-1.58379249041479,NaN,NaN,0,0,NaN,0,0,
491.176812444469,phy_signal_end,4,5,1,2386,8,-109.883905530753,142.883905530753,-2.90890553075294,2.00678109001819e-14,-1.58379249041479,0,0,0,0,0,0,1,accepted
491.335011086064,phy_signal_start,5,1,3,2388,8,-107.875945171156,NaN,-0.900945171156323,NaN,NaN,NaN,NaN,NaN,NaN,NaN,0,0,
491.335023527005,phy_signal_start,4,1,3,2388,8,-120.947516094342,NaN,-13.9725160943423,NaN,NaN,NaN,NaN,NaN,NaN,NaN,0,0,
491.341641086064,phy_interval,5,1,3,2388,8,NaN,NaN,NaN,2.00678109001819e-14,-2.00796035959661,NaN,NaN,0,0,NaN,0,0,
491.341641086064,phy_track,5,1,3,2388,8,NaN,NaN,NaN,NaN,-2.00796035959661,NaN,NaN,NaN,NaN,NaN,0,0,
491.442111086064,phy_interval,5,1,3,2388,8,NaN,NaN,NaN,2.00678109001819e-14,-2.00796035959661,NaN,NaN,0,0,NaN,0,0,
491.442111086064,phy_signal_end,5,1,3,2388,8,-107.875945171156,140.875945171156,-0.900945171156323,2.00678109001819e-14,-2.00796035959661,0,0,0,0,0,0,1,accepted
491.442123527005,phy_interval,4,1,3,2388,8,NaN,NaN,NaN,2.00678109001819e-14,-1.58379249041479,NaN,NaN,0,12,NaN,0,0,
491.442123527005,phy_signal_end,4,1,3,2388,8,-120.947516094342,153.947516094342,-13.9725160943423,2.00678109001819e-14,-1.58379249041479,0.0151165618870165,0.0151165618870165,0,12,12,0,0,sync_threshold
491.449841417929,phy_signal_end,4,7,8,2387,8,-130.772385180464,163.772385180464,Inf,0,-Inf,0,0,0,0,0,0,0,closure
491.449853861666,phy_signal_end,5,7,8,2387,8,-135.336041661606,168.336041661606,Inf,0,-Inf,0,0,0,0,0,0,0,closure
491.530019162592,phy_signal_start,5,3,1,2390,8,-117.383020596368,NaN,-10.4080205963685,NaN,NaN,NaN,NaN,NaN,NaN,NaN,0,0,
491.530308977105,phy_signal_end,4,8,7,2389,8,-124.567050032692,157.567050032692,Inf,0,-Inf,0,0,0,0,0,0,0,closure
491.530321420289,phy_signal_end,5,8,7,2389,8,-130.773375084599,163.773375084599,Inf,0,-Inf,0,0,0,0,0,0,0,closure
491.536649162592,phy_interval,5,3,1,2390,8,NaN,NaN,NaN,2.00678109001819e-14,-2.00796035959661,NaN,NaN,0,0,NaN,0,0,
491.536649162592,phy_track,5,3,1,2390,8,NaN,NaN,NaN,NaN,-2.00796035959661,NaN,NaN,NaN,NaN,NaN,0,0,
491.660308977105,phy_signal_end,4,8,7,2391,8,-124.567050032692,157.567050032692,Inf,0,-Inf,0,0,0,0,0,0,0,closure
491.660321420289,phy_signal_end,5,8,7,2391,8,-130.773375084599,163.773375084599,Inf,0,-Inf,0,0,0,0,0,0,0,closure
491.774819162592,phy_interval,5,3,1,2390,8,NaN,NaN,NaN,2.00678109001819e-14,-2.00796035959661,NaN,NaN,0,0,NaN,0,0,
491.774819162592,phy_signal_end,5,3,1,2390,8,-117.383020596368,150.383020596368,-10.4080205963685,2.00678109001819e-14,-2.00796035959661,3.40962752323828e-05,3.40962752323828e-05,0,0,0,0,1,accepted
491.774831604377,phy_signal_end,4,3,1,2390,8,-126.074739474425,159.074739474425,Inf,0,-Inf,0,0,0,0,0,0,0,closure
491.777019162592,phy_signal_start,5,3,1,2393,8,-117.383020596368,NaN,-10.4080205963685,NaN,NaN,NaN,NaN,NaN,NaN,NaN,0,0,
491.777308977105,phy_signal_end,4,8,7,2392,8,-124.567050032692,157.567050032692,Inf,0,-Inf,0,0,0,0,0,0,0,closure
491.777321420289,phy_signal_end,5,8,7,2392,8,-130.773375084599,163.773375084599,Inf,0,-Inf,0,0,0,0,0,0,0,closure
491.783649162592,phy_interval,5,3,1,2393,8,NaN,NaN,NaN,2.00678109001819e-14,-2.00796035959661,NaN,NaN,0,0,NaN,0,0,
491.783649162592,phy_track,5,3,1,2393,8,NaN,NaN,NaN,NaN,-2.00796035959661,NaN,NaN,NaN,NaN,NaN,0,0,
492.021819162592,phy_interval,5,3,1,2393,8,NaN,NaN,NaN,2.00678109001819e-14,-2.00796035959661,NaN,NaN,0,0,NaN,0,0,
492.021819162592,phy_signal_end,5,3,1,2393,8,-117.383020596368,150.383020596368,-10.4080205963685,2.00678109001819e-14,-2.00796035959661,3.40962752323828e-05,3.40962752323828e-05,0,0,0,0,1,accepted
492.021831604377,phy_signal_end,4,3,1,2393,8,-126.074739474425,159.074739474425,Inf,0,-Inf,0,0,0,0,0,0,0,closure
492.063012444469,phy_signal_start,4,5,1,2396,8,-109.883905530753,NaN,-2.90890553075294,NaN,NaN,NaN,NaN,NaN,NaN,NaN,0,0,
492.063013632365,phy_interval,4,5,1,2396,8,NaN,NaN,NaN,2.00678109001819e-14,-1.58379249041479,NaN,NaN,0,0,NaN,0,0,
492.063013632365,phy_signal_start,4,2,4,2395,8,-111.467698021168,NaN,-4.49269802116773,NaN,NaN,NaN,NaN,NaN,NaN,NaN,0,0,
492.069642444469,phy_interval,4,5,1,2396,8,NaN,NaN,NaN,2.00678109001819e-14,-1.58379249041479,NaN,NaN,0,0,NaN,1,0,
492.069642444469,phy_interval,4,2,4,2395,8,NaN,NaN,NaN,2.00678109001819e-14,-1.58379249041479,NaN,NaN,0,0,NaN,1,0,
492.069642444469,phy_track,4,5,1,2396,8,NaN,NaN,NaN,NaN,-1.58379249041479,NaN,NaN,NaN,NaN,NaN,0,0,
492.112841417929,phy_signal_end,4,7,8,2394,8,-130.772385180464,163.772385180464,Inf,0,-Inf,0,0,0,0,0,0,0,closure
492.112853861667,phy_signal_end,5,7,8,2394,8,-135.336041661606,168.336041661606,Inf,0,-Inf,0,0,0,0,0,0,0,closure
492.307812444469,phy_interval,4,5,1,2396,8,NaN,NaN,NaN,2.00678109001819e-14,-1.58379249041479,NaN,NaN,0,0,NaN,1,0,
492.307812444469,phy_interval,4,2,4,2395,8,NaN,NaN,NaN,2.00678109001819e-14,-1.58379249041479,NaN,NaN,0,0,NaN,1,0,
492.307812444469,phy_signal_end,4,5,1,2396,8,-109.883905530753,142.883905530753,-2.90890553075294,2.00678109001819e-14,-1.58379249041479,0,0,0,0,0,1,1,accepted
492.307813632365,phy_interval,4,2,4,2395,8,NaN,NaN,NaN,2.00678109001819e-14,-1.58379249041479,NaN,NaN,0,0,NaN,1,0,
492.307813632365,phy_signal_end,4,2,4,2395,8,-111.467698021168,144.467698021168,-4.49269802116773,2.00678109001819e-14,-1.58379249041479,0,0,0,0,0,1,0,not_acquired
492.307826076559,phy_signal_end,5,2,4,2395,8,-122.734861677906,155.734861677906,Inf,0,-Inf,0,0,0,0,0,0,0,closure
492.375308977105,phy_signal_end,4,8,7,2397,8,-124.567050032692,157.567050032692,Inf,0,-Inf,0,0,0,0,0,0,0,closure
492.375321420289,phy_signal_end,5,8,7,2397,8,-130.773375084599,163.773375084599,Inf,0,-Inf,0,0,0,0,0,0,0,closure
492.414011086064,phy_signal_start,5,1,3,2398,8,-107.875945171156,NaN,-0.900945171156323,NaN,NaN,NaN,NaN,NaN,NaN,NaN,0,0,
492.414023527005,phy_signal_start,4,1,3,2398,8,-120.947516094342,NaN,-13.9725160943423,NaN,NaN,NaN,NaN,NaN,NaN,NaN,0,0,
492.420641086064,phy_interval,5,1,3,2398,8,NaN,NaN,NaN,2.00678109001819e-14,-2.00796035959661,NaN,NaN,0,0,NaN,0,0,
492.420641086064,phy_track,5,1,3,2398,8,NaN,NaN,NaN,NaN,-2.00796035959661,NaN,NaN,NaN,NaN,NaN,0,0,
492.521111086064,phy_interval,5,1,3,2398,8,NaN,NaN,NaN,2.00678109001819e-14,-2.00796035959661,NaN,NaN,0,0,NaN,0,0,
492.521111086064,phy_signal_end,5,1,3,2398,8,-107.875945171156,140.875945171156,-0.900945171156323,2.00678109001819e-14,-2.00796035959661,0,0,0,0,0,0,1,accepted
492.521123527005,phy_interval,4,1,3,2398,8,NaN,NaN,NaN,2.00678109001819e-14,-1.58379249041479,NaN,NaN,3,15,NaN,0,0,
492.521123527005,phy_signal_end,4,1,3,2398,8,-120.947516094342,153.947516094342,-13.9725160943423,2.00678109001819e-14,-1.58379249041479,0.0151165618870165,0.0151165618870165,3,15,18,0,0,sync_threshold
492.544012444469,phy_signal_start,4,5,1,2400,8,-109.883905530753,NaN,-2.90890553075294,NaN,NaN,NaN,NaN,NaN,NaN,NaN,0,0,
492.550642444469,phy_interval,4,5,1,2400,8,NaN,NaN,NaN,2.00678109001819e-14,-1.58379249041479,NaN,NaN,0,0,NaN,0,0,
492.550642444469,phy_track,4,5,1,2400,8,NaN,NaN,NaN,NaN,-1.58379249041479,NaN,NaN,NaN,NaN,NaN,0,0,
492.570019162592,phy_signal_start,5,3,1,2401,8,-117.383020596368,NaN,-10.4080205963685,NaN,NaN,NaN,NaN,NaN,NaN,NaN,0,0,
492.622013632365,phy_interval,4,5,1,2400,8,NaN,NaN,NaN,2.00678109001819e-14,-1.58379249041479,NaN,NaN,0,0,NaN,0,0,
492.622013632365,phy_signal_start,4,2,4,2402,8,-111.467698021168,NaN,-4.49269802116773,NaN,NaN,NaN,NaN,NaN,NaN,NaN,0,0,
492.762841417929,phy_signal_end,4,7,8,2399,8,-130.772385180464,163.772385180464,Inf,0,-Inf,0,0,0,0,0,0,0,closure
492.762853861666,phy_signal_end,5,7,8,2399,8,-135.336041661606,168.336041661606,Inf,0,-Inf,0,0,0,0,0,0,0,closure
492.788812444469,phy_interval,4,5,1,2400,8,NaN,NaN,NaN,2.00678109001819e-14,-1.58379249041479,NaN,NaN,0,0,NaN,1,0,
492.788812444469,phy_interval,4,2,4,2402,8,NaN,NaN,NaN,2.00678109001819e-14,-1.58379249041479,NaN,NaN,0,0,NaN,1,0,
492.788812444469,phy_signal_end,4,5,1,2400,8,-109.883905530753,142.883905530753,-2.90890553075294,2.00678109001819e-14,-1.58379249041479,0,0,0,0,0,1,1,accepted
492.814819162592,phy_interval,5,3,1,2401,8,NaN,NaN,NaN,2.00678109001819e-14,-2.00796035959661,NaN,NaN,0,0,NaN,0,0,
492.814819162592,phy_signal_end,5,3,1,2401,8,-117.383020596368,150.383020596368,-10.4080205963685,2.00678109001819e-14,-2.00796035959661,3.40962752323828e-05,3.40962752323828e-05,0,0,0,0,0,half_duplex
492.814831604377,phy_signal_end,4,3,1,2401,8,-126.074739474425,159.074739474425,Inf,0,-Inf,0,0,0,0,0,0,0,closure
492.830019162592,phy_signal_start,5,3,1,2403,8,-117.383020596368,NaN,-10.4080205963685,NaN,NaN,NaN,NaN,NaN,NaN,NaN,0,0,
492.836649162592,phy_interval,5,3,1,2403,8,NaN,NaN,NaN,2.00678109001819e-14,-2.00796035959661,NaN,NaN,0,0,NaN,0,0,
492.836649162592,phy_track,5,3,1,2403,8,NaN,NaN,NaN,NaN,-2.00796035959661,NaN,NaN,NaN,NaN,NaN,0,0,
492.866813632365,phy_interval,4,2,4,2402,8,NaN,NaN,NaN,2.00678109001819e-14,-1.58379249041479,NaN,NaN,0,0,NaN,1,0,
492.866813632365,phy_signal_end,4,2,4,2402,8,-111.467698021168,144.467698021168,-4.49269802116773,2.00678109001819e-14,-1.58379249041479,0,0,0,0,0,1,0,not_acquired
492.866826076559,phy_signal_end,5,2,4,2402,8,-122.734861677906,155.734861677906,Inf,0,-Inf,0,0,0,0,0,0,0,closure
492.921308977105,phy_signal_end,4,8,7,2404,8,-124.567050032692,157.567050032692,Inf,0,-Inf,0,0,0,0,0,0,0,closure
492.921321420289,phy_signal_end,5,8,7,2404,8,-130.773375084599,163.773375084599,Inf,0,-Inf,0,0,0,0,0,0,0,closure
493.074819162592,phy_interval,5,3,1,2403,8,NaN,NaN,NaN,2.00678109001819e-14,-2.00796035959661,NaN,NaN,0,0,NaN,0,0,
493.074819162592,phy_signal_end,5,3,1,2403,8,-117.383020596368,150.383020596368,-10.4080205963685,2.00678109001819e-14,-2.00796035959661,3.40962752323828e-05,3.40962752323828e-05,0,0,0,0,1,accepted
493.074831604377,phy_signal_end,4,3,1,2403,8,-126.074739474425,159.074739474425,Inf,0,-Inf,0,0,0,0,0,0,0,closure
493.116013632365,phy_signal_start,4,2,4,2406,8,-111.467698021168,NaN,-4.49269802116773,NaN,NaN,NaN,NaN,NaN,NaN,NaN,0,0,
493.122643632365,phy_interval,4,2,4,2406,8,NaN,NaN,NaN,2.00678109001819e-14,-1.58379249041479,NaN,NaN,0,0,NaN,0,0,
493.122643632365,phy_track,4,2,4,2406,8,NaN,NaN,NaN,NaN,-1.58379249041479,NaN,NaN,NaN,NaN,NaN,0,0,
493.168012444469,phy_interval,4,2,4,2406,8,NaN,NaN,NaN,2.00678109001819e-14,-1.58379249041479,NaN,NaN,0,0,NaN,0,0,
493.168012444469,phy_signal_start,4,5,1,2407,8,-109.883905530753,NaN,-2.90890553075294,NaN,NaN,NaN,NaN,NaN,NaN,NaN,0,0,
493.269841417929,phy_signal_end,4,7,8,2405,8,-130.772385180464,163.772385180464,Inf,0,-Inf,0,0,0,0,0,0,0,closure
493.269853861666,phy_signal_end,5,7,8,2405,8,-135.336041661606,168.336041661606,Inf,0,-Inf,0,0,0,0,0,0,0,closure
493.360813632365,phy_interval,4,2,4,2406,8,NaN,NaN,NaN,2.00678109001819e-14,-1.58379249041479,NaN,NaN,0,0,NaN,1,0,
493.360813632365,phy_interval,4,5,1,2407,8,NaN,NaN,NaN,2.00678109001819e-14,-1.58379249041479,NaN,NaN,0,0,NaN,1,0,
493.360813632365,phy_signal_end,4,2,4,2406,8,-111.467698021168,144.467698021168,-4.49269802116773,2.00678109001819e-14,-1.58379249041479,0,0,0,0,0,1,1,accepted
493.360826076559,phy_signal_end,5,2,4,2406,8,-122.734861677906,155.734861677906,Inf,0,-Inf,0,0,0,0,0,0,0,closure
493.412812444469,phy_interval,4,5,1,2407,8,NaN,NaN,NaN,2.00678109001819e-14,-1.58379249041479,NaN,NaN,0,0,NaN,1,0,
493.412812444469,phy_signal_end,4,5,1,2407,8,-109.883905530753,142.883905530753,-2.90890553075294,2.00678109001819e-14,-1.58379249041479,0,0,0,0,0,1,0,not_acquired
493.415308977105,phy_signal_end,4,8,7,2408,8,-124.567050032692,157.567050032692,Inf,0,-Inf,0,0,0,0,0,0,0,closure
493.415321420289,phy_signal_end,5,8,7,2408,8,-130.773375084599,163.773375084599,Inf,0,-Inf,0,0,0,0,0,0,0,closure
493.506011086064,phy_signal_start,5,1,3,2409,8,-107.875945171156,NaN,-0.900945171156323,NaN,NaN,NaN,NaN,NaN,NaN,NaN,0,0,
493.506023527005,phy_signal_start,4,1,3,2409,8,-120.947516094342,NaN,-13.9725160943423,NaN,NaN,NaN,NaN,NaN,NaN,NaN,0,0,
493.512641086064,phy_interval,5,1,3,2409,8,NaN,NaN,NaN,2.00678109001819e-14,-2.00796035959661,NaN,NaN,0,0,NaN,0,0,
493.512641086064,phy_track,5,1,3,2409,8,NaN,NaN,NaN,NaN,-2.00796035959661,NaN,NaN,NaN,NaN,NaN,0,0,
493.597308977105,phy_signal_end,4,8,7,2410,8,-124.567050032692,157.567050032692,Inf,0,-Inf,0,0,0,0,0,0,0,closure
493.597321420289,phy_signal_end,5,8,7,2410,8,-130.773375084599,163.773375084599,Inf,0,-Inf,0,0,0,0,0,0,0,closure
493.613111086064,phy_interval,5,1,3,2409,8,NaN,NaN,NaN,2.00678109001819e-14,-2.00796035959661,NaN,NaN,0,0,NaN,0,0,
493.613111086064,phy_signal_end,5,1,3,2409,8,-107.875945171156,140.875945171156,-0.900945171156323,2.00678109001819e-14,-2.00796035959661,0,0,0,0,0,0,1,accepted
493.613123527005,phy_interval,4,1,3,2409,8,NaN,NaN,NaN,2.00678109001819e-14,-1.58379249041479,NaN,NaN,0,10,NaN,0,0,
493.613123527005,phy_signal_end,4,1,3,2409,8,-120.947516094342,153.947516094342,-13.9725160943423,2.00678109001819e-14,-1.58379249041479,0.0151165618870165,0.0151165618870165,0,10,10,0,0,sync_threshold
493.636019162592,phy_signal_start,5,3,1,2411,8,-117.383020596368,NaN,-10.4080205963685,NaN,NaN,NaN,NaN,NaN,NaN,NaN,0,0,
493.642649162592,phy_interval,5,3,1,2411,8,NaN,NaN,NaN,2.00678109001819e-14,-2.00796035959661,NaN,NaN,0,0,NaN,0,0,
493.642649162592,phy_track,5,3,1,2411,8,NaN,NaN,NaN,NaN,-2.00796035959661,NaN,NaN,NaN,NaN,NaN,0,0,
493.701012444469,phy_interval,5,3,1,2411,8,NaN,NaN,NaN,2.00678109001819e-14,-2.00796035959661,NaN,NaN,0,0,NaN,0,0,
493.701012444469,phy_signal_start,5,4,2,2413,8,-109.883905530753,NaN,-2.90890553075294,NaN,NaN,NaN,NaN,NaN,NaN,NaN,0,0,
493.766292444469,phy_interval,5,3,1,2411,8,NaN,NaN,NaN,2.00678109001819e-14,-7.49911506561554,NaN,NaN,0,0,NaN,1,0,
493.766292444469,phy_interval,5,4,2,2413,8,NaN,NaN,NaN,2.00678109001819e-14,-7.49911506561554,NaN,NaN,0,0,NaN,1,0,
493.766292444469,phy_signal_end,5,4,2,2413,8,-109.883905530753,142.883905530753,-2.90890553075294,2.00678109001819e-14,-7.49911506561554,0,0,0,0,0,1,0,not_acquired
493.766308977105,phy_signal_end,4,8,7,2412,8,-124.567050032692,157.567050032692,Inf,0,-Inf,0,0,0,0,0,0,0,closure
493.766321420289,phy_signal_end,5,8,7,2412,8,-130.773375084599,163.773375084599,Inf,0,-Inf,0,0,0,0,0,0,0,closure
493.880819162592,phy_interval,5,3,1,2411,8,NaN,NaN,NaN,2.00678109001819e-14,-7.49911506561554,NaN,NaN,0,0,NaN,1,0,
493.880819162592,phy_signal_end,5,3,1,2411,8,-117.383020596368,150.383020596368,-10.4080205963685,2.00678109001819e-14,-7.49911506561554,6.86157890302659e-05,6.86157890302659e-05,0,0,0,1,1,accepted
493.880831604377,phy_signal_end,4,3,1,2411,8,-126.074739474425,159.074739474425,Inf,0,-Inf,0,0,0,0,0,0,0,closure
493.922012444469,phy_signal_start,4,5,1,2415,8,-109.883905530753,NaN,-2.90890553075294,NaN,NaN,NaN,NaN,NaN,NaN,NaN,0,0,
493.928642444469,phy_interval,4,5,1,2415,8,NaN,NaN,NaN,2.00678109001819e-14,-1.58379249041479,NaN,NaN,0,0,NaN,0,0,
493.928642444469,phy_track,4,5,1,2415,8,NaN,NaN,NaN,NaN,-1.58379249041479,NaN,NaN,NaN,NaN,NaN,0,0,
494.023841417929,phy_signal_end,4,7,8,2414,8,-130.772385180464,163.772385180464,Inf,0,-Inf,0,0,0,0,0,0,0,closure
494.023853861667,phy_signal_end,5,7,8,2414,8,-135.336041661606,168.336041661606,Inf,0,-Inf,0,0,0,0,0,0,0,closure
494.117013632365,phy_interval,4,5,1,2415,8,NaN,NaN,NaN,2.00678109001819e-14,-1.58379249041479,NaN,NaN,0,0,NaN,0,0,
494.117013632365,phy_signal_start,4,2,4,2416,8,-111.467698021168,NaN,-4.49269802116773,NaN,NaN,NaN,NaN,NaN,NaN,NaN,0,0,
494.166812444469,phy_interval,4,5,1,2415,8,NaN,NaN,NaN,2.00678109001819e-14,-1.58379249041479,NaN,NaN,0,0,NaN,1,0,
494.166812444469,phy_interval,4,2,4,2416,8,NaN,NaN,NaN,2.00678109001819e-14,-1.58379249041479,NaN,NaN,0,0,NaN,1,0,
494.166812444469,phy_signal_end,4,5,1,2415,8,-109.883905530753,142.883905530753,-2.90890553075294,2.00678109001819e-14,-1.58379249041479,0,0,0,0,0,1,1,accepted
494.195012444469,phy_interval,4,2,4,2416,8,NaN,NaN,NaN,2.00678109001819e-14,-1.58379249041479,NaN,NaN,0,0,NaN,1,0,
494.195012444469,phy_signal_start,4,5,1,2418,8,-109.883905530753,NaN,-2.90890553075294,NaN,NaN,NaN,NaN,NaN,NaN,NaN,0,0,
494.201642444469,phy_interval,4,2,4,2416,8,NaN,NaN,NaN,2.00678109001819e-14,-1.58379249041479,NaN,NaN,0,0,NaN,2,0,
494.201642444469,phy_interval,4,5,1,2418,8,NaN,NaN,NaN,2.00678109001819e-14,-1.58379249041479,NaN,NaN,0,0,NaN,1,0,
494.201642444469,phy_track,4,5,1,2418,8,NaN,NaN,NaN,NaN,-1.58379249041479,NaN,NaN,NaN,NaN,NaN,0,0,
494.361813632365,phy_interval,4,2,4,2416,8,NaN,NaN,NaN,2.00678109001819e-14,-1.58379249041479,NaN,NaN,0,0,NaN,2,0,
494.361813632365,phy_interval,4,5,1,2418,8,NaN,NaN,NaN,2.00678109001819e-14,-1.58379249041479,NaN,NaN,0,0,NaN,1,0,
494.361813632365,phy_signal_end,4,2,4,2416,8,-111.467698021168,144.467698021168,-4.49269802116773,2.00678109001819e-14,-1.58379249041479,0,0,0,0,0,2,0,not_acquired
494.361826076559,phy_signal_end,5,2,4,2416,8,-122.734861677906,155.734861677906,Inf,0,-Inf,0,0,0,0,0,0,0,closure
494.400841417929,phy_signal_end,4,7,8,2417,8,-130.772385180464,163.772385180464,Inf,0,-Inf,0,0,0,0,0,0,0,closure
494.400853861667,phy_signal_end,5,7,8,2417,8,-135.336041661606,168.336041661606,Inf,0,-Inf,0,0,0,0,0,0,0,closure
494.439812444469,phy_interval,4,5,1,2418,8,NaN,NaN,NaN,2.00678109001819e-14,-1.58379249041479,NaN,NaN,0,0,NaN,1,0,
494.439812444469,phy_signal_end,4,5,1,2418,8,-109.883905530753,142.883905530753,-2.90890553075294,2.00678109001819e-14,-1.58379249041479,0,0,0,0,0,1,1,accepted
494.507308977105,phy_signal_end,4,8,7,2419,8,-124.567050032692,157.567050032692,Inf,0,-Inf,0,0,0,0,0,0,0,closure
494.507321420289,phy_signal_end,5,8,7,2419,8,-130.773375084599,163.773375084599,Inf,0,-Inf,0,0,0,0,0,0,0,closure
494.546013632365,phy_signal_start,4,2,4,2420,8,-111.467698021168,NaN,-4.49269802116773,NaN,NaN,NaN,NaN,NaN,NaN,NaN,0,0,
494.552643632365,phy_interval,4,2,4,2420,8,NaN,NaN,NaN,2.00678109001819e-14,-1.58379249041479,NaN,NaN,0,0,NaN,0,0,
494.552643632365,phy_track,4,2,4,2420,8,NaN,NaN,NaN,NaN,-1.58379249041479,NaN,NaN,NaN,NaN,NaN,0,0,
494.624019162592,phy_signal_start,5,3,1,2421,8,-117.383020596368,NaN,-10.4080205963685,NaN,NaN,NaN,NaN,NaN,NaN,NaN,0,0,
494.630649162592,phy_interval,5,3,1,2421,8,NaN,NaN,NaN,2.00678109001819e-14,-7.49911506561554,NaN,NaN,0,0,NaN,0,0,
494.630649162592,phy_track,5,3,1,2421,8,NaN,NaN,NaN,NaN,-7.49911506561554,NaN,NaN,NaN,NaN,NaN,0,0,
494.790813632365,phy_interval,4,2,4,2420,8,NaN,NaN,NaN,2.00678109001819e-14,-1.58379249041479,NaN,NaN,0,0,NaN,0,0,
494.790813632365,phy_signal_end,4,2,4,2420,8,-111.467698021168,144.467698021168,-4.49269802116773,2.00678109001819e-14,-1.58379249041479,0,0,0,0,0,0,1,accepted
494.790826076559,phy_signal_end,5,2,4,2420,8,-122.734861677906,155.734861677906,Inf,0,-Inf,0,0,0,0,0,0,0,closure
494.858012444469,phy_interval,5,3,1,2421,8,NaN,NaN,NaN,2.00678109001819e-14,-7.49911506561554,NaN,NaN,0,0,NaN,0,0,
494.858012444469,phy_signal_start,5,4,2,2423,8,-109.883905530753,NaN,-2.90890553075294,NaN,NaN,NaN,NaN,NaN,NaN,NaN,0,0,
494.868819162592,phy_interval,5,3,1,2421,8,NaN,NaN,NaN,2.00678109001819e-14,-7.49911506561554,NaN,NaN,0,0,NaN,1,0,
494.868819162592,phy_interval,5,4,2,2423,8,NaN,NaN,NaN,2.00678109001819e-14,-7.49911506561554,NaN,NaN,0,0,NaN,1,0,
494.868819162592,phy_signal_end,5,3,1,2421,8,-117.383020596368,150.383020596368,-10.4080205963685,2.00678109001819e-14,-7.49911506561554,7.08084671734674e-05,7.08084671734674e-05,0,0,0,1,1,accepted
494.868831604377,phy_signal_end,4,3,1,2421,8,-126.074739474425,159.074739474425,Inf,0,-Inf,0,0,0,0,0,0,0,closure
494.871011086064,phy_interval,5,4,2,2423,8,NaN,NaN,NaN,2.00678109001819e-14,-7.49911506561554,NaN,NaN,0,0,NaN,1,0,
494.871011086064,phy_signal_start,5,1,3,2424,8,-107.875945171156,NaN,-0.900945171156323,NaN,NaN,NaN,NaN,NaN,NaN,NaN,0,0,
494.871023527005,phy_signal_start,4,1,3,2424,8,-120.947516094342,NaN,-13.9725160943423,NaN,NaN,NaN,NaN,NaN,NaN,NaN,0,0,
494.907841417929,phy_signal_end,4,7,8,2422,8,-130.772385180464,163.772385180464,Inf,0,-Inf,0,0,0,0,0,0,0,closure
494.907853861667,phy_signal_end,5,7,8,2422,8,-135.336041661606,168.336041661606,Inf,0,-Inf,0,0,0,0,0,0,0,closure
494.923292444469,phy_interval,5,4,2,2423,8,NaN,NaN,NaN,2.00678109001819e-14,-2.00796035959661,NaN,NaN,0,0,NaN,2,0,
494.923292444469,phy_interval,5,1,3,2424,8,NaN,NaN,NaN,2.00678109001819e-14,-2.00796035959661,NaN,NaN,0,0,NaN,1,0,
494.923292444469,phy_signal_end,5,4,2,2423,8,-109.883905530753,142.883905530753,-2.90890553075294,2.00678109001819e-14,-2.00796035959661,0,0,0,0,0,2,0,not_acquired
494.978111086064,phy_interval,5,1,3,2424,8,NaN,NaN,NaN,2.00678109001819e-14,-2.00796035959661,NaN,NaN,0,0,NaN,1,0,
494.978111086064,phy_signal_end,5,1,3,2424,8,-107.875945171156,140.875945171156,-0.900945171156323,2.00678109001819e-14,-2.00796035959661,0,0,0,0,0,1,0,not_acquired
494.978123527005,phy_interval,4,1,3,2424,8,NaN,NaN,NaN,2.00678109001819e-14,-1.58379249041479,NaN,NaN,1,8,NaN,0,0,
494.978123527005,phy_signal_end,4,1,3,2424,8,-120.947516094342,153.947516094342,-13.9725160943423,2.00678109001819e-14,-1.58379249041479,0.0151165618870165,0.0151165618870165,1,8,9,0,0,half_duplex
495.027012444469,phy_signal_start,4,5,1,2427,8,-109.883905530753,NaN,-2.90890553075294,NaN,NaN,NaN,NaN,NaN,NaN,NaN,0,0,
495.027019162592,phy_signal_start,5,3,1,2426,8,-117.383020596368,NaN,-10.4080205963685,NaN,NaN,NaN,NaN,NaN,NaN,NaN,0,0,
495.027308977105,phy_signal_end,4,8,7,2425,8,-124.567050032692,157.567050032692,Inf,0,-Inf,0,0,0,0,0,0,0,closure
495.027321420289,phy_signal_end,5,8,7,2425,8,-130.773375084599,163.773375084599,Inf,0,-Inf,0,0,0,0,0,0,0,closure
495.033642444469,phy_interval,4,5,1,2427,8,NaN,NaN,NaN,2.00678109001819e-14,-1.58379249041479,NaN,NaN,0,0,NaN,0,0,
495.033642444469,phy_track,4,5,1,2427,8,NaN,NaN,NaN,NaN,-1.58379249041479,NaN,NaN,NaN,NaN,NaN,0,0,
495.271812444469,phy_interval,4,5,1,2427,8,NaN,NaN,NaN,2.00678109001819e-14,-1.58379249041479,NaN,NaN,0,0,NaN,0,0,
495.271812444469,phy_signal_end,4,5,1,2427,8,-109.883905530753,142.883905530753,-2.90890553075294,2.00678109001819e-14,-1.58379249041479,0,0,0,0,0,0,1,accepted
495.271819162592,phy_interval,5,3,1,2426,8,NaN,NaN,NaN,2.00678109001819e-14,-2.00796035959661,NaN,NaN,0,0,NaN,0,0,
495.271819162592,phy_signal_end,5,3,1,2426,8,-117.383020596368,150.383020596368,-10.4080205963685,2.00678109001819e-14,-2.00796035959661,3.40962752323828e-05,3.40962752323828e-05,0,0,0,0,0,half_duplex
495.271831604377,phy_signal_end,4,3,1,2426,8,-126.074739474425,159.074739474425,Inf,0,-Inf,0,0,0,0,0,0,0,closure
495.300013632365,phy_signal_start,4,2,4,2428,8,-111.467698021168,NaN,-4.49269802116773,NaN,NaN,NaN,NaN,NaN,NaN,NaN,0,0,
495.306643632365,phy_interval,4,2,4,2428,8,NaN,NaN,NaN,2.00678109001819e-14,-1.58379249041479,NaN,NaN,0,0,NaN,0,0,
495.306643632365,phy_track,4,2,4,2428,8,NaN,NaN,NaN,NaN,-1.58379249041479,NaN,NaN,NaN,NaN,NaN,0,0,
495.521011086064,phy_signal_start,5,1,3,2429,8,-107.875945171156,NaN,-0.900945171156323,NaN,NaN,NaN,NaN,NaN,NaN,NaN,0,0,
495.521023527005,phy_interval,4,2,4,2428,8,NaN,NaN,NaN,2.00678109001819e-14,-1.58379249041479,NaN,NaN,0,0,NaN,0,0,
495.521023527005,phy_signal_start,4,1,3,2429,8,-120.947516094342,NaN,-13.9725160943423,NaN,NaN,NaN,NaN,NaN,NaN,NaN,0,0,
495.527641086064,phy_interval,5,1,3,2429,8,NaN,NaN,NaN,2.00678109001819e-14,-2.00796035959661,NaN,NaN,0,0,NaN,0,0,
495.527641086064,phy_track,5,1,3,2429,8,NaN,NaN,NaN,NaN,-2.00796035959661,NaN,NaN,NaN,NaN,NaN,0,0,
495.544813632365,phy_interval,4,2,4,2428,8,NaN,NaN,NaN,2.00678109001819e-14,-9.4798180731745,NaN,NaN,0,0,NaN,1,0,
495.544813632365,phy_interval,4,1,3,2429,8,NaN,NaN,NaN,2.00678109001819e-14,-9.4798180731745,NaN,NaN,0,0,NaN,1,0,
495.544813632365,phy_signal_end,4,2,4,2428,8,-111.467698021168,144.467698021168,-4.49269802116773,2.00678109001819e-14,-9.4798180731745,0,0,0,0,0,1,1,accepted
495.544826076559,phy_signal_end,5,2,4,2428,8,-122.734861677906,155.734861677906,Inf,0,-Inf,0,0,0,0,0,0,0,closure
495.599012444469,phy_interval,5,1,3,2429,8,NaN,NaN,NaN,2.00678109001819e-14,-2.00796035959661,NaN,NaN,0,0,NaN,0,0,
495.599012444469,phy_signal_start,5,4,2,2430,8,-109.883905530753,NaN,-2.90890553075294,NaN,NaN,NaN,NaN,NaN,NaN,NaN,0,0,
495.628111086064,phy_interval,5,1,3,2429,8,NaN,NaN,NaN,2.00678109001819e-14,-2.00796035959661,NaN,NaN,0,0,NaN,1,0,
495.628111086064,phy_interval,5,4,2,2430,8,NaN,NaN,NaN,2.00678109001819e-14,-2.00796035959661,NaN,NaN,0,0,NaN,1,0,
495.628111086064,phy_signal_end,5,1,3,2429,8,-107.875945171156,140.875945171156,-0.900945171156323,2.00678109001819e-14,-2.00796035959661,0,0,0,0,0,1,1,accepted
495.628123527005,phy_interval,4,1,3,2429,8,NaN,NaN,NaN,2.00678109001819e-14,-9.4798180731745,NaN,NaN,0,14,NaN,1,0,
495.628123527005,phy_signal_end,4,1,3,2429,8,-120.947516094342,153.947516094342,-13.9725160943423,2.00678109001819e-14,-9.4798180731745,0.0172480486846025,0.0172480486846025,0,14,14,1,0,half_duplex
495.638011086064,phy_interval,5,4,2,2430,8,NaN,NaN,NaN,2.00678109001819e-14,-2.00796035959661,NaN,NaN,0,0,NaN,1,0,
495.638011086064,phy_signal_start,5,1,3,2431,8,-107.875945171156,NaN,-0.900945171156323,NaN,NaN,NaN,NaN,NaN,NaN,NaN,0,0,
495.638023527005,phy_signal_start,4,1,3,2431,8,-120.947516094342,NaN,-13.9725160943423,NaN,NaN,NaN,NaN,NaN,NaN,NaN,0,0,
495.644641086064,phy_interval,5,4,2,2430,8,NaN,NaN,NaN,2.00678109001819e-14,-2.00796035959661,NaN,NaN,0,0,NaN,2,0,
495.644641086064,phy_interval,5,1,3,2431,8,NaN,NaN,NaN,2.00678109001819e-14,-2.00796035959661,NaN,NaN,0,0,NaN,1,0,
495.644641086064,phy_track,5,1,3,2431,8,NaN,NaN,NaN,NaN,-2.00796035959661,NaN,NaN,NaN,NaN,NaN,0,0,
495.664292444469,phy_interval,5,4,2,2430,8,NaN,NaN,NaN,2.00678109001819e-14,-2.00796035959661,NaN,NaN,0,0,NaN,2,0,
495.664292444469,phy_interval,5,1,3,2431,8,NaN,NaN,NaN,2.00678109001819e-14,-2.00796035959661,NaN,NaN,0,0,NaN,1,0,
495.664292444469,phy_signal_end,5,4,2,2430,8,-109.883905530753,142.883905530753,-2.90890553075294,2.00678109001819e-14,-2.00796035959661,0,0,0,0,0,2,0,not_acquired
495.703308977105,phy_signal_end,4,8,7,2432,8,-124.567050032692,157.567050032692,Inf,0,-Inf,0,0,0,0,0,0,0,closure
495.703321420289,phy_signal_end,5,8,7,2432,8,-130.773375084599,163.773375084599,Inf,0,-Inf,0,0,0,0,0,0,0,closure
495.745111086064,phy_interval,5,1,3,2431,8,NaN,NaN,NaN,2.00678109001819e-14,-2.00796035959661,NaN,NaN,0,0,NaN,1,0,
495.745111086064,phy_signal_end,5,1,3,2431,8,-107.875945171156,140.875945171156,-0.900945171156323,2.00678109001819e-14,-2.00796035959661,0,0,0,0,0,1,1,accepted
495.745123527005,phy_interval,4,1,3,2431,8,NaN,NaN,NaN,2.00678109001819e-14,-9.4798180731745,NaN,NaN,0,8,NaN,0,0,
495.745123527005,phy_signal_end,4,1,3,2431,8,-120.947516094342,153.947516094342,-13.9725160943423,2.00678109001819e-14,-9.4798180731745,0.0151165618870165,0.0151165618870165,0,8,8,0,0,half_duplex
495.768019162592,phy_signal_start,5,3,1,2433,8,-117.383020596368,NaN,-10.4080205963685,NaN,NaN,NaN,NaN,NaN,NaN,NaN,0,0,
495.774649162592,phy_interval,5,3,1,2433,8,NaN,NaN,NaN,2.00678109001819e-14,-2.00796035959661,NaN,NaN,0,0,NaN,0,0,
495.774649162592,phy_track,5,3,1,2433,8,NaN,NaN,NaN,NaN,-2.00796035959661,NaN,NaN,NaN,NaN,NaN,0,0,
495.833013632365,phy_signal_start,4,2,4,2434,8,-111.467698021168,NaN,-4.49269802116773,NaN,NaN,NaN,NaN,NaN,NaN,NaN,0,0,
495.839643632365,phy_interval,4,2,4,2434,8,NaN,NaN,NaN,2.00678109001819e-14,-9.4798180731745,NaN,NaN,0,0,NaN,0,0,
495.839643632365,phy_track,4,2,4,2434,8,NaN,NaN,NaN,NaN,-9.4798180731745,NaN,NaN,NaN,NaN,NaN,0,0,
496.012819162592,phy_interval,5,3,1,2433,8,NaN,NaN,NaN,2.00678109001819e-14,-2.00796035959661,NaN,NaN,0,0,NaN,0,0,
496.012819162592,phy_signal_end,5,3,1,2433,8,-117.383020596368,150.383020596368,-10.4080205963685,2.00678109001819e-14,-2.00796035959661,3.40962752323828e-05,3.40962752323828e-05,0,0,0,0,1,accepted
496.012831604377,phy_signal_end,4,3,1,2433,8,-126.074739474425,159.074739474425,Inf,0,-Inf,0,0,0,0,0,0,0,closure
496.054012444469,phy_interval,4,2,4,2434,8,NaN,NaN,NaN,2.00678109001819e-14,-9.4798180731745,NaN,NaN,0,0,NaN,0,0,
496.054012444469,phy_signal_start,4,5,1,2436,8,-109.883905530753,NaN,-2.90890553075294,NaN,NaN,NaN,NaN,NaN,NaN,NaN,0,0,
496.054019162592,phy_signal_start,5,3,1,2435,8,-117.383020596368,NaN,-10.4080205963685,NaN,NaN,NaN,NaN,NaN,NaN,NaN,0,0,
496.077813632365,phy_interval,4,2,4,2434,8,NaN,NaN,NaN,2.00678109001819e-14,-1.58379249041479,NaN,NaN,0,0,NaN,1,0,
496.077813632365,phy_interval,4,5,1,2436,8,NaN,NaN,NaN,2.00678109001819e-14,-1.58379249041479,NaN,NaN,0,0,NaN,1,0,
496.077813632365,phy_signal_end,4,2,4,2434,8,-111.467698021168,144.467698021168,-4.49269802116773,2.00678109001819e-14,-1.58379249041479,0,0,0,0,0,1,1,accepted
496.077826076559,phy_signal_end,5,2,4,2434,8,-122.734861677906,155.734861677906,Inf,0,-Inf,0,0,0,0,0,0,0,closure
496.262308977105,phy_signal_end,4,8,7,2437,8,-124.567050032692,157.567050032692,Inf,0,-Inf,0,0,0,0,0,0,0,closure
496.262321420289,phy_signal_end,5,8,7,2437,8,-130.773375084599,163.773375084599,Inf,0,-Inf,0,0,0,0,0,0,0,closure
496.275012444469,phy_interval,5,3,1,2435,8,NaN,NaN,NaN,2.00678109001819e-14,-2.00796035959661,NaN,NaN,0,0,NaN,0,0,
496.275012444469,phy_signal_start,5,4,2,2439,8,-109.883905530753,NaN,-2.90890553075294,NaN,NaN,NaN,NaN,NaN,NaN,NaN,0,0,
496.275013632365,phy_interval,4,5,1,2436,8,NaN,NaN,NaN,2.00678109001819e-14,-1.58379249041479,NaN,NaN,0,0,NaN,1,0,
496.275013632365,phy_signal_start,4,2,4,2438,8,-111.467698021168,NaN,-4.49269802116773,NaN,NaN,NaN,NaN,NaN,NaN,NaN,0,0,
496.298812444469,phy_interval,4,5,1,2436,8,NaN,NaN,NaN,2.00678109001819e-14,1.58379249041479,NaN,NaN,0,0,NaN,2,0,
496.298812444469,phy_interval,4,2,4,2438,8,NaN,NaN,NaN,2.00678109001819e-14,1.58379249041479,NaN,NaN,0,0,NaN,1,0,
496.298812444469,phy_signal_end,4,5,1,2436,8,-109.883905530753,142.883905530753,-2.90890553075294,2.00678109001819e-14,1.58379249041479,0,0,0,0,0,2,0,half_duplex
496.298819162592,phy_interval,5,3,1,2435,8,NaN,NaN,NaN,2.00678109001819e-14,-7.49911506561554,NaN,NaN,0,0,NaN,1,0,
496.298819162592,phy_interval,5,4,2,2439,8,NaN,NaN,NaN,2.00678109001819e-14,-7.49911506561554,NaN,NaN,0,0,NaN,1,0,
496.298819162592,phy_signal_end,5,3,1,2435,8,-117.383020596368,150.383020596368,-10.4080205963685,2.00678109001819e-14,-7.49911506561554,8.01231744728451e-05,8.01231744728451e-05,0,0,0,1,0,half_duplex
496.298831604377,phy_signal_end,4,3,1,2435,8,-126.074739474425,159.074739474425,Inf,0,-Inf,0,0,0,0,0,0,0,closure
496.340292444469,phy_interval,5,4,2,2439,8,NaN,NaN,NaN,2.00678109001819e-14,-7.49911506561554,NaN,NaN,0,0,NaN,1,0,
496.340292444469,phy_signal_end,5,4,2,2439,8,-109.883905530753,142.883905530753,-2.90890553075294,2.00678109001819e-14,-7.49911506561554,0,0,0,0,0,1,0,half_duplex
496.379012444469,phy_interval,4,2,4,2438,8,NaN,NaN,NaN,2.00678109001819e-14,1.58379249041479,NaN,NaN,0,0,NaN,1,0,
496.379012444469,phy_signal_start,4,5,1,2441,8,-109.883905530753,NaN,-2.90890553075294,NaN,NaN,NaN,NaN,NaN,NaN,NaN,0,0,
496.385642444469,phy_interval,4,2,4,2438,8,NaN,NaN,NaN,2.00678109001819e-14,-1.58379249041479,NaN,NaN,0,0,NaN,2,0,
496.385642444469,phy_interval,4,5,1,2441,8,NaN,NaN,NaN,2.00678109001819e-14,-1.58379249041479,NaN,NaN,0,0,NaN,1,0,
496.385642444469,phy_track,4,5,1,2441,8,NaN,NaN,NaN,NaN,-1.58379249041479,NaN,NaN,NaN,NaN,NaN,0,0,
496.519813632365,phy_interval,4,2,4,2438,8,NaN,NaN,NaN,2.00678109001819e-14,-1.58379249041479,NaN,NaN,0,0,NaN,2,0,
496.519813632365,phy_interval,4,5,1,2441,8,NaN,NaN,NaN,2.00678109001819e-14,-1.58379249041479,NaN,NaN,0,0,NaN,1,0,
496.519813632365,phy_signal_end,4,2,4,2438,8,-111.467698021168,144.467698021168,-4.49269802116773,2.00678109001819e-14,-1.58379249041479,0,0,0,0,0,2,0,half_duplex
496.519826076559,phy_signal_end,5,2,4,2438,8,-122.734861677906,155.734861677906,Inf,0,-Inf,0,0,0,0,0,0,0,closure
496.545841417929,phy_signal_end,4,7,8,2440,8,-130.772385180464,163.772385180464,Inf,0,-Inf,0,0,0,0,0,0,0,closure
496.545853861667,phy_signal_end,5,7,8,2440,8,-135.336041661606,168.336041661606,Inf,0,-Inf,0,0,0,0,0,0,0,closure
496.623812444469,phy_interval,4,5,1,2441,8,NaN,NaN,NaN,2.00678109001819e-14,-1.58379249041479,NaN,NaN,0,0,NaN,1,0,
496.623812444469,phy_signal_end,4,5,1,2441,8,-109.883905530753,142.883905530753,-2.90890553075294,2.00678109001819e-14,-1.58379249041479,0,0,0,0,0,1,1,accepted
496.652012444469,phy_signal_start,5,4,2,2443,8,-109.883905530753,NaN,-2.90890553075294,NaN,NaN,NaN,NaN,NaN,NaN,NaN,0,0,
496.652308977105,phy_signal_end,4,8,7,2442,8,-124.567050032692,157.567050032692,Inf,0,-Inf,0,0,0,0,0,0,0,closure
496.652321420289,phy_signal_end,5,8,7,2442,8,-130.773375084599,163.773375084599,Inf,0,-Inf,0,0,0,0,0,0,0,closure
496.658642444469,phy_interval,5,4,2,2443,8,NaN,NaN,NaN,2.00678109001819e-14,-7.49911506561554,NaN,NaN,0,0,NaN,0,0,
496.658642444469,phy_track,5,4,2,2443,8,NaN,NaN,NaN,NaN,-7.49911506561554,NaN,NaN,NaN,NaN,NaN,0,0,
496.678011086064,phy_interval,5,4,2,2443,8,NaN,NaN,NaN,2.00678109001819e-14,-7.49911506561554,NaN,NaN,0,0,NaN,0,0,
496.678011086064,phy_signal_start,5,1,3,2444,8,-107.875945171156,NaN,-0.900945171156323,NaN,NaN,NaN,NaN,NaN,NaN,NaN,0,0,
496.678023527005,phy_signal_start,4,1,3,2444,8,-120.947516094342,NaN,-13.9725160943423,NaN,NaN,NaN,NaN,NaN,NaN,NaN,0,0,
496.717292444469,phy_interval,5,4,2,2443,8,NaN,NaN,NaN,2.00678109001819e-14,-2.00796035959661,NaN,NaN,0,0,NaN,1,0,
496.717292444469,phy_interval,5,1,3,2444,8,NaN,NaN,NaN,2.00678109001819e-14,-2.00796035959661,NaN,NaN,0,0,NaN,1,0,
496.717292444469,phy_signal_end,5,4,2,2443,8,-109.883905530753,142.883905530753,-2.90890553075294,2.00678109001819e-14,-2.00796035959661,0,0,0,0,0,1,1,accepted
496.785111086064,phy_interval,5,1,3,2444,8,NaN,NaN,NaN,2.00678109001819e-14,-2.00796035959661,NaN,NaN,0,0,NaN,1,0,
496.785111086064,phy_signal_end,5,1,3,2444,8,-107.875945171156,140.875945171156,-0.900945171156323,2.00678109001819e-14,-2.00796035959661,0,0,0,0,0,1,0,not_acquired
496.785123527005,phy_interval,4,1,3,2444,8,NaN,NaN,NaN,2.00678109001819e-14,-1.58379249041479,NaN,NaN,2,5,NaN,0,0,
496.785123527005,phy_signal_end,4,1,3,2444,8,-120.947516094342,153.947516094342,-13.9725160943423,2.00678109001819e-14,-1.58379249041479,0.0151165618870165,0.0151165618870165,2,5,7,0,0,half_duplex
496.821013632365,phy_signal_start,4,2,4,2445,8,-111.467698021168,NaN,-4.49269802116773,NaN,NaN,NaN,NaN,NaN,NaN,NaN,0,0,
496.827643632365,phy_interval,4,2,4,2445,8,NaN,NaN,NaN,2.00678109001819e-14,-1.58379249041479,NaN,NaN,0,0,NaN,0,0,
496.827643632365,phy_track,4,2,4,2445,8,NaN,NaN,NaN,NaN,-1.58379249041479,NaN,NaN,NaN,NaN,NaN,0,0,
496.899019162592,phy_signal_start,5,3,1,2446,8,-117.383020596368,NaN,-10.4080205963685,NaN,NaN,NaN,NaN,NaN,NaN,NaN,0,0,
496.905649162592,phy_interval,5,3,1,2446,8,NaN,NaN,NaN,2.00678109001819e-14,-2.00796035959661,NaN,NaN,0,0,NaN,0,0,
496.905649162592,phy_track,5,3,1,2446,8,NaN,NaN,NaN,NaN,-2.00796035959661,NaN,NaN,NaN,NaN,NaN,0,0,
497.065813632365,phy_interval,4,2,4,2445,8,NaN,NaN,NaN,2.00678109001819e-14,-1.58379249041479,NaN,NaN,0,0,NaN,0,0,
497.065813632365,phy_signal_end,4,2,4,2445,8,-111.467698021168,144.467698021168,-4.49269802116773,2.00678109001819e-14,-1.58379249041479,0,0,0,0,0,0,1,accepted
497.065826076559,phy_signal_end,5,2,4,2445,8,-122.734861677906,155.734861677906,Inf,0,-Inf,0,0,0,0,0,0,0,closure
497.107013632365,phy_signal_start,4,2,4,2448,8,-111.467698021168,NaN,-4.49269802116773,NaN,NaN,NaN,NaN,NaN,NaN,NaN,0,0,
497.113643632365,phy_interval,4,2,4,2448,8,NaN,NaN,NaN,2.00678109001819e-14,-1.58379249041479,NaN,NaN,0,0,NaN,0,0,
497.113643632365,phy_track,4,2,4,2448,8,NaN,NaN,NaN,NaN,-1.58379249041479,NaN,NaN,NaN,NaN,NaN,0,0,
497.143819162592,phy_interval,5,3,1,2446,8,NaN,NaN,NaN,2.00678109001819e-14,-2.00796035959661,NaN,NaN,0,0,NaN,0,0,
497.143819162592,phy_signal_end,5,3,1,2446,8,-117.383020596368,150.383020596368,-10.4080205963685,2.00678109001819e-14,-2.00796035959661,3.40962752323828e-05,3.40962752323828e-05,0,0,0,0,1,accepted
497.143831604377,phy_signal_end,4,3,1,2446,8,-126.074739474425,159.074739474425,Inf,0,-Inf,0,0,0,0,0,0,0,closure
497.169841417929,phy_signal_end,4,7,8,2447,8,-130.772385180464,163.772385180464,Inf,0,-Inf,0,0,0,0,0,0,0,closure
497.169853861667,phy_signal_end,5,7,8,2447,8,-135.336041661606,168.336041661606,Inf,0,-Inf,0,0,0,0,0,0,0,closure
497.172011086064,phy_signal_start,5,1,3,2449,8,-107.875945171156,NaN,-0.900945171156323,NaN,NaN,NaN,NaN,NaN,NaN,NaN,0,0,
497.172023527005,phy_interval,4,2,4,2448,8,NaN,NaN,NaN,2.00678109001819e-14,-1.58379249041479,NaN,NaN,0,0,NaN,0,0,
497.172023527005,phy_signal_start,4,1,3,2449,8,-120.947516094342,NaN,-13.9725160943423,NaN,NaN,NaN,NaN,NaN,NaN,NaN,0,0,
497.178641086064,phy_interval,5,1,3,2449,8,NaN,NaN,NaN,2.00678109001819e-14,-2.00796035959661,NaN,NaN,0,0,NaN,0,0,
497.178641086064,phy_track,5,1,3,2449,8,NaN,NaN,NaN,NaN,-2.00796035959661,NaN,NaN,NaN,NaN,NaN,0,0,
497.279111086064,phy_interval,5,1,3,2449,8,NaN,NaN,NaN,2.00678109001819e-14,-2.00796035959661,NaN,NaN,0,0,NaN,0,0,
497.279111086064,phy_signal_end,5,1,3,2449,8,-107.875945171156,140.875945171156,-0.900945171156323,2.00678109001819e-14,-2.00796035959661,0,0,0,0,0,0,1,accepted
497.279123527005,phy_interval,4,2,4,2448,8,NaN,NaN,NaN,2.00678109001819e-14,-9.4798180731745,NaN,NaN,0,0,NaN,1,0,
497.279123527005,phy_interval,4,1,3,2449,8,NaN,NaN,NaN,2.00678109001819e-14,-9.4798180731745,NaN,NaN,0,14,NaN,1,0,
497.279123527005,phy_signal_end,4,1,3,2449,8,-120.947516094342,153.947516094342,-13.9725160943423,2.00678109001819e-14,-9.4798180731745,0.017056479487118,0.017056479487118,0,14,14,1,0,sync_threshold
497.289011086064,phy_signal_start,5,1,3,2450,8,-107.875945171156,NaN,-0.900945171156323,NaN,NaN,NaN,NaN,NaN,NaN,NaN,0,0,
497.289023527005,phy_interval,4,2,4,2448,8,NaN,NaN,NaN,2.00678109001819e-14,-9.4798180731745,NaN,NaN,0,0,NaN,1,0,
497.289023527005,phy_signal_start,4,1,3,2450,8,-120.947516094342,NaN,-13.9725160943423,NaN,NaN,NaN,NaN,NaN,NaN,NaN,0,0,
497.295641086064,phy_interval,5,1,3,2450,8,NaN,NaN,NaN,2.00678109001819e-14,-2.00796035959661,NaN,NaN,0,0,NaN,0,0,
497.295641086064,phy_track,5,1,3,2450,8,NaN,NaN,NaN,NaN,-2.00796035959661,NaN,NaN,NaN,NaN,NaN,0,0,
497.351813632365,phy_interval,4,2,4,2448,8,NaN,NaN,NaN,2.00678109001819e-14,-9.4798180731745,NaN,NaN,0,0,NaN,2,0,
497.351813632365,phy_interval,4,1,3,2450,8,NaN,NaN,NaN,2.00678109001819e-14,-9.4798180731745,NaN,NaN,1,3,NaN,1,0,
497.351813632365,phy_signal_end,4,2,4,2448,8,-111.467698021168,144.467698021168,-4.49269802116773,2.00678109001819e-14,-9.4798180731745,0,0,0,0,0,2,1,accepted
497.351826076559,phy_signal_end,5,2,4,2448,8,-122.734861677906,155.734861677906,Inf,0,-Inf,0,0,0,0,0,0,0,closure
497.396111086064,phy_interval,5,1,3,2450,8,NaN,NaN,NaN,2.00678109001819e-14,-2.00796035959661,NaN,NaN,0,0,NaN,0,0,
497.396111086064,phy_signal_end,5,1,3,2450,8,-107.875945171156,140.875945171156,-0.900945171156323,2.00678109001819e-14,-2.00796035959661,0,0,0,0,0,0,1,accepted
497.396123527005,phy_interval,4,1,3,2450,8,NaN,NaN,NaN,2.00678109001819e-14,-9.4798180731745,NaN,NaN,0,8,NaN,1,0,
497.396123527005,phy_signal_end,4,1,3,2450,8,-120.947516094342,153.947516094342,-13.9725160943423,2.00678109001819e-14,-9.4798180731745,0.0164600267667148,0.0164600267667148,1,11,12,1,0,sync_threshold
497.419012444469,phy_signal_start,4,5,1,2451,8,-109.883905530753,NaN,-2.90890553075294,NaN,NaN,NaN,NaN,NaN,NaN,NaN,0,0,
497.425642444469,phy_interval,4,5,1,2451,8,NaN,NaN,NaN,2.00678109001819e-14,-9.4798180731745,NaN,NaN,0,0,NaN,0,0,
497.425642444469,phy_track,4,5,1,2451,8,NaN,NaN,NaN,NaN,-9.4798180731745,NaN,NaN,NaN,NaN,NaN,0,0,
497.663812444469,phy_interval,4,5,1,2451,8,NaN,NaN,NaN,2.00678109001819e-14,-9.4798180731745,NaN,NaN,0,0,NaN,0,0,
497.663812444469,phy_signal_end,4,5,1,2451,8,-109.883905530753,142.883905530753,-2.90890553075294,2.00678109001819e-14,-9.4798180731745,0,0,0,0,0,0,1,accepted
497.679011086064,phy_signal_start,5,1,3,2452,8,-107.875945171156,NaN,-0.900945171156323,NaN,NaN,NaN,NaN,NaN,NaN,NaN,0,0,
497.679023527005,phy_signal_start,4,1,3,2452,8,-120.947516094342,NaN,-13.9725160943423,NaN,NaN,NaN,NaN,NaN,NaN,NaN,0,0,
497.685641086064,phy_interval,5,1,3,2452,8,NaN,NaN,NaN,2.00678109001819e-14,-2.00796035959661,NaN,NaN,0,0,NaN,0,0,
497.685641086064,phy_track,5,1,3,2452,8,NaN,NaN,NaN,NaN,-2.00796035959661,NaN,NaN,NaN,NaN,NaN,0,0,
497.718012444469,phy_interval,5,1,3,2452,8,NaN,NaN,NaN,2.00678109001819e-14,-2.00796035959661,NaN,NaN,0,0,NaN,0,0,
497.718012444469,phy_signal_start,5,4,2,2453,8,-109.883905530753,NaN,-2.90890553075294,NaN,NaN,NaN,NaN,NaN,NaN,NaN,0,0,
497.783292444469,phy_interval,5,1,3,2452,8,NaN,NaN,NaN,2.00678109001819e-14,-2.00796035959661,NaN,NaN,0,0,NaN,1,0,
497.783292444469,phy_interval,5,4,2,2453,8,NaN,NaN,NaN,2.00678109001819e-14,-2.00796035959661,NaN,NaN,0,0,NaN,1,0,
497.783292444469,phy_signal_end,5,4,2,2453,8,-109.883905530753,142.883905530753,-2.90890553075294,2.00678109001819e-14,-2.00796035959661,0,0,0,0,0,1,0,not_acquired
497.786111086064,phy_interval,5,1,3,2452,8,NaN,NaN,NaN,2.00678109001819e-14,-2.00796035959661,NaN,NaN,0,0,NaN,1,0,
497.786111086064,phy_signal_end,5,1,3,2452,8,-107.875945171156,140.875945171156,-0.900945171156323,2.00678109001819e-14,-2.00796035959661,0,0,0,0,0,1,1,accepted
497.786123527005,phy_interval,4,1,3,2452,8,NaN,NaN,NaN,2.00678109001819e-14,-9.4798180731745,NaN,NaN,1,6,NaN,0,0,
497.786123527005,phy_signal_end,4,1,3,2452,8,-120.947516094342,153.947516094342,-13.9725160943423,2.00678109001819e-14,-9.4798180731745,0.0151165618870165,0.0151165618870165,1,6,7,0,0,half_duplex
497.835012444469,phy_signal_start,4,5,1,2454,8,-109.883905530753,NaN,-2.90890553075294,NaN,NaN,NaN,NaN,NaN,NaN,NaN,0,0,
497.841642444469,phy_interval,4,5,1,2454,8,NaN,NaN,NaN,2.00678109001819e-14,-9.4798180731745,NaN,NaN,0,0,NaN,0,0,
497.841642444469,phy_track,4,5,1,2454,8,NaN,NaN,NaN,NaN,-9.4798180731745,NaN,NaN,NaN,NaN,NaN,0,0,
498.079812444469,phy_interval,4,5,1,2454,8,NaN,NaN,NaN,2.00678109001819e-14,-9.4798180731745,NaN,NaN,0,0,NaN,0,0,
498.079812444469,phy_signal_end,4,5,1,2454,8,-109.883905530753,142.883905530753,-2.90890553075294,2.00678109001819e-14,-9.4798180731745,0,0,0,0,0,0,1,accepted
498.147019162592,phy_signal_start,5,3,1,2455,8,-117.383020596368,NaN,-10.4080205963685,NaN,NaN,NaN,NaN,NaN,NaN,NaN,0,0,
498.153649162592,phy_interval,5,3,1,2455,8,NaN,NaN,NaN,2.00678109001819e-14,-2.00796035959661,NaN,NaN,0,0,NaN,0,0,
498.153649162592,phy_track,5,3,1,2455,8,NaN,NaN,NaN,NaN,-2.00796035959661,NaN,NaN,NaN,NaN,NaN,0,0,
498.225012444469,phy_interval,5,3,1,2455,8,NaN,NaN,NaN,2.00678109001819e-14,-2.00796035959661,NaN,NaN,0,0,NaN,0,0,
498.225012444469,phy_signal_start,5,4,2,2457,8,-109.883905530753,NaN,-2.90890553075294,NaN,NaN,NaN,NaN,NaN,NaN,NaN,0,0,
498.290292444469,phy_interval,5,3,1,2455,8,NaN,NaN,NaN,2.00678109001819e-14,-7.49911506561554,NaN,NaN,0,0,NaN,1,0,
498.290292444469,phy_interval,5,4,2,2457,8,NaN,NaN,NaN,2.00678109001819e-14,-7.49911506561554,NaN,NaN,0,0,NaN,1,0,
498.290292444469,phy_signal_end,5,4,2,2457,8,-109.883905530753,142.883905530753,-2.90890553075294,2.00678109001819e-14,-7.49911506561554,0,0,0,0,0,1,0,not_acquired
498.391819162592,phy_interval,5,3,1,2455,8,NaN,NaN,NaN,2.00678109001819e-14,-7.49911506561554,NaN,NaN,0,0,NaN,1,0,
498.391819162592,phy_signal_end,5,3,1,2455,8,-117.383020596368,150.383020596368,-10.4080205963685,2.00678109001819e-14,-7.49911506561554,0.000104621757023778,0.000104621757023778,0,0,0,1,1,accepted
498.391831604377,phy_signal_end,4,3,1,2455,8,-126.074739474425,159.074739474425,Inf,0,-Inf,0,0,0,0,0,0,0,closure
498.394011086064,phy_signal_start,5,1,3,2458,8,-107.875945171156,NaN,-0.900945171156323,NaN,NaN,NaN,NaN,NaN,NaN,NaN,0,0,
498.394023527005,phy_signal_start,4,1,3,2458,8,-120.947516094342,NaN,-13.9725160943423,NaN,NaN,NaN,NaN,NaN,NaN,NaN,0,0,
498.400641086064,phy_interval,5,1,3,2458,8,NaN,NaN,NaN,2.00678109001819e-14,-7.49911506561554,NaN,NaN,0,0,NaN,0,0,
498.400641086064,phy_track,5,1,3,2458,8,NaN,NaN,NaN,NaN,-7.49911506561554,NaN,NaN,NaN,NaN,NaN,0,0,
498.443828977105,phy_signal_end,4,8,2,2456,8,-124.567050032692,157.567050032692,Inf,0,-Inf,0,0,0,0,0,0,0,closure
498.443841420289,phy_signal_end,5,8,2,2456,8,-130.773375084599,163.773375084599,Inf,0,-Inf,0,0,0,0,0,0,0,closure
498.501111086064,phy_interval,5,1,3,2458,8,NaN,NaN,NaN,2.00678109001819e-14,-7.49911506561554,NaN,NaN,0,0,NaN,0,0,
498.501111086064,phy_signal_end,5,1,3,2458,8,-107.875945171156,140.875945171156,-0.900945171156323,2.00678109001819e-14,-7.49911506561554,0,0,0,0,0,0,1,accepted
498.501123527005,phy_interval,4,1,3,2458,8,NaN,NaN,NaN,2.00678109001819e-14,-9.4798180731745,NaN,NaN,2,8,NaN,0,0,
498.501123527005,phy_signal_end,4,1,3,2458,8,-120.947516094342,153.947516094342,-13.9725160943423,2.00678109001819e-14,-9.4798180731745,0.0151165618870165,0.0151165618870165,2,8,10,0,0,sync_threshold
498.589012444469,phy_signal_start,5,4,2,2459,8,-109.883905530753,NaN,-2.90890553075294,NaN,NaN,NaN,NaN,NaN,NaN,NaN,0,0,
498.595642444469,phy_interval,5,4,2,2459,8,NaN,NaN,NaN,2.00678109001819e-14,-7.49911506561554,NaN,NaN,0,0,NaN,0,0,
498.595642444469,phy_track,5,4,2,2459,8,NaN,NaN,NaN,NaN,-7.49911506561554,NaN,NaN,NaN,NaN,NaN,0,0,
498.615019162592,phy_interval,5,4,2,2459,8,NaN,NaN,NaN,2.00678109001819e-14,-7.49911506561554,NaN,NaN,0,0,NaN,0,0,
498.615019162592,phy_signal_start,5,3,1,2460,8,-117.383020596368,NaN,-10.4080205963685,NaN,NaN,NaN,NaN,NaN,NaN,NaN,0,0,
498.654292444469,phy_interval,5,4,2,2459,8,NaN,NaN,NaN,2.00678109001819e-14,-7.49911506561554,NaN,NaN,0,0,NaN,1,0,
498.654292444469,phy_interval,5,3,1,2460,8,NaN,NaN,NaN,2.00678109001819e-14,-7.49911506561554,NaN,NaN,0,0,NaN,1,0,
498.654292444469,phy_signal_end,5,4,2,2459,8,-109.883905530753,142.883905530753,-2.90890553075294,2.00678109001819e-14,-7.49911506561554,0,0,0,0,0,1,1,accepted
498.859819162592,phy_interval,5,3,1,2460,8,NaN,NaN,NaN,2.00678109001819e-14,-7.49911506561554,NaN,NaN,0,0,NaN,1,0,
498.859819162592,phy_signal_end,5,3,1,2460,8,-117.383020596368,150.383020596368,-10.4080205963685,2.00678109001819e-14,-7.49911506561554,6.45601699586653e-05,6.45601699586653e-05,0,0,0,1,0,not_acquired
498.859831604377,phy_signal_end,4,3,1,2460,8,-126.074739474425,159.074739474425,Inf,0,-Inf,0,0,0,0,0,0,0,closure
498.888012444469,phy_signal_start,5,4,2,2462,8,-109.883905530753,NaN,-2.90890553075294,NaN,NaN,NaN,NaN,NaN,NaN,NaN,0,0,
498.888012444469,phy_signal_start,4,5,1,2463,8,-109.883905530753,NaN,-2.90890553075294,NaN,NaN,NaN,NaN,NaN,NaN,NaN,0,0,
498.953292444469,phy_interval,5,4,2,2462,8,NaN,NaN,NaN,2.00678109001819e-14,-7.49911506561554,NaN,NaN,0,0,NaN,0,0,
498.953292444469,phy_signal_end,5,4,2,2462,8,-109.883905530753,142.883905530753,-2.90890553075294,2.00678109001819e-14,-7.49911506561554,0,0,0,0,0,0,0,half_duplex
498.976828977105,phy_signal_end,4,8,2,2461,8,-124.567050032692,157.567050032692,Inf,0,-Inf,0,0,0,0,0,0,0,closure
498.976841420289,phy_signal_end,5,8,2,2461,8,-130.773375084599,163.773375084599,Inf,0,-Inf,0,0,0,0,0,0,0,closure
499.005012444469,phy_signal_start,5,4,2,2464,8,-109.883905530753,NaN,-2.90890553075294,NaN,NaN,NaN,NaN,NaN,NaN,NaN,0,0,
499.070292444469,phy_interval,5,4,2,2464,8,NaN,NaN,NaN,2.00678109001819e-14,-7.49911506561554,NaN,NaN,0,0,NaN,0,0,
499.070292444469,phy_signal_end,5,4,2,2464,8,-109.883905530753,142.883905530753,-2.90890553075294,2.00678109001819e-14,-7.49911506561554,0,0,0,0,0,0,0,half_duplex
499.132812444469,phy_interval,4,5,1,2463,8,NaN,NaN,NaN,2.00678109001819e-14,-9.4798180731745,NaN,NaN,0,0,NaN,0,0,
499.132812444469,phy_signal_end,4,5,1,2463,8,-109.883905530753,142.883905530753,-2.90890553075294,2.00678109001819e-14,-9.4798180731745,0,0,0,0,0,0,0,half_duplex
499.148012444469,phy_signal_start,4,5,1,2466,8,-109.883905530753,NaN,-2.90890553075294,NaN,NaN,NaN,NaN,NaN,NaN,NaN,0,0,
499.154642444469,phy_interval,4,5,1,2466,8,NaN,NaN,NaN,2.00678109001819e-14,-9.4798180731745,NaN,NaN,0,0,NaN,0,0,
499.154642444469,phy_track,4,5,1,2466,8,NaN,NaN,NaN,NaN,-9.4798180731745,NaN,NaN,NaN,NaN,NaN,0,0,
499.200013632365,phy_interval,4,5,1,2466,8,NaN,NaN,NaN,2.00678109001819e-14,-9.4798180731745,NaN,NaN,0,0,NaN,0,0,
499.200013632365,phy_signal_start,4,2,8,2467,8,-111.467698021168,NaN,-4.49269802116773,NaN,NaN,NaN,NaN,NaN,NaN,NaN,0,0,
499.249841417929,phy_signal_end,4,7,8,2465,8,-130.772385180464,163.772385180464,Inf,0,-Inf,0,0,0,0,0,0,0,closure
499.249853861667,phy_signal_end,5,7,8,2465,8,-135.336041661606,168.336041661606,Inf,0,-Inf,0,0,0,0,0,0,0,closure
499.265293632365,phy_interval,4,5,1,2466,8,NaN,NaN,NaN,2.00678109001819e-14,-1.58379249041479,NaN,NaN,0,0,NaN,1,0,
499.265293632365,phy_interval,4,2,8,2467,8,NaN,NaN,NaN,2.00678109001819e-14,-1.58379249041479,NaN,NaN,0,0,NaN,1,0,
499.265293632365,phy_signal_end,4,2,8,2467,8,-111.467698021168,144.467698021168,-4.49269802116773,2.00678109001819e-14,-1.58379249041479,0,0,0,0,0,1,0,not_acquired
499.265306076559,phy_signal_end,5,2,8,2467,8,-122.734861677906,155.734861677906,Inf,0,-Inf,0,0,0,0,0,0,0,closure
499.382308977105,phy_signal_end,4,8,7,2468,8,-124.567050032692,157.567050032692,Inf,0,-Inf,0,0,0,0,0,0,0,closure
499.382321420289,phy_signal_end,5,8,7,2468,8,-130.773375084599,163.773375084599,Inf,0,-Inf,0,0,0,0,0,0,0,closure
499.392812444469,phy_interval,4,5,1,2466,8,NaN,NaN,NaN,2.00678109001819e-14,-1.58379249041479,NaN,NaN,0,0,NaN,1,0,
499.392812444469,phy_signal_end,4,5,1,2466,8,-109.883905530753,142.883905530753,-2.90890553075294,2.00678109001819e-14,-1.58379249041479,0,0,0,0,0,1,1,accepted
499.590011086064,phy_signal_start,5,1,3,2470,8,-107.875945171156,NaN,-0.900945171156323,NaN,NaN,NaN,NaN,NaN,NaN,NaN,0,0,
499.590023527005,phy_signal_start,4,1,3,2470,8,-120.947516094342,NaN,-13.9725160943423,NaN,NaN,NaN,NaN,NaN,NaN,NaN,0,0,
499.596641086064,phy_interval,5,1,3,2470,8,NaN,NaN,NaN,2.00678109001819e-14,-7.49911506561554,NaN,NaN,0,0,NaN,0,0,
499.596641086064,phy_track,5,1,3,2470,8,NaN,NaN,NaN,NaN,-7.49911506561554,NaN,NaN,NaN,NaN,NaN,0,0,
499.642308977105,phy_signal_end,4,8,7,2469,8,-124.567050032692,157.567050032692,Inf,0,-Inf,0,0,0,0,0,0,0,closure
499.642321420289,phy_signal_end,5,8,7,2469,8,-130.773375084599,163.773375084599,Inf,0,-Inf,0,0,0,0,0,0,0,closure
499.668013632365,phy_interval,4,1,3,2470,8,NaN,NaN,NaN,2.00678109001819e-14,-1.58379249041479,NaN,NaN,0,2,NaN,0,0,
499.668013632365,phy_signal_start,4,2,8,2471,8,-111.467698021168,NaN,-4.49269802116773,NaN,NaN,NaN,NaN,NaN,NaN,NaN,0,0,
499.674643632365,phy_interval,4,1,3,2470,8,NaN,NaN,NaN,2.00678109001819e-14,-9.4798180731745,NaN,NaN,0,1,NaN,1,0,
499.674643632365,phy_interval,4,2,8,2471,8,NaN,NaN,NaN,2.00678109001819e-14,-9.4798180731745,NaN,NaN,0,0,NaN,1,0,
499.674643632365,phy_track,4,2,8,2471,8,NaN,NaN,NaN,NaN,-9.4798180731745,NaN,NaN,NaN,NaN,NaN,0,0,
499.697111086064,phy_interval,5,1,3,2470,8,NaN,NaN,NaN,2.00678109001819e-14,-7.49911506561554,NaN,NaN,0,0,NaN,0,0,
499.697111086064,phy_signal_end,5,1,3,2470,8,-107.875945171156,140.875945171156,-0.900945171156323,2.00678109001819e-14,-7.49911506561554,0,0,0,0,0,0,1,accepted
499.697123527005,phy_interval,4,1,3,2470,8,NaN,NaN,NaN,2.00678109001819e-14,-9.4798180731745,NaN,NaN,0,3,NaN,1,0,
499.697123527005,phy_interval,4,2,8,2471,8,NaN,NaN,NaN,2.00678109001819e-14,-9.4798180731745,NaN,NaN,0,0,NaN,1,0,
499.697123527005,phy_signal_end,4,1,3,2470,8,-120.947516094342,153.947516094342,-13.9725160943423,2.00678109001819e-14,-9.4798180731745,0.0171559367916038,0.0171559367916038,0,6,6,1,0,sync_threshold
499.707012444469,phy_interval,4,2,8,2471,8,NaN,NaN,NaN,2.00678109001819e-14,-9.4798180731745,NaN,NaN,0,0,NaN,1,0,
499.707012444469,phy_signal_start,4,5,1,2472,8,-109.883905530753,NaN,-2.90890553075294,NaN,NaN,NaN,NaN,NaN,NaN,NaN,0,0,
499.733293632365,phy_interval,4,2,8,2471,8,NaN,NaN,NaN,2.00678109001819e-14,-1.58379249041479,NaN,NaN,0,0,NaN,2,0,
499.733293632365,phy_interval,4,5,1,2472,8,NaN,NaN,NaN,2.00678109001819e-14,-1.58379249041479,NaN,NaN,0,0,NaN,1,0,
499.733293632365,phy_signal_end,4,2,8,2471,8,-111.467698021168,144.467698021168,-4.49269802116773,2.00678109001819e-14,-1.58379249041479,0,0,0,0,0,2,1,accepted
499.733306076559,phy_signal_end,5,2,8,2471,8,-122.734861677906,155.734861677906,Inf,0,-Inf,0,0,0,0,0,0,0,closure
499.746012444469,phy_signal_start,5,4,5,2473,8,-109.883905530753,NaN,-2.90890553075294,NaN,NaN,NaN,NaN,NaN,NaN,NaN,0,0,
499.951812444469,phy_interval,4,5,1,2472,8,NaN,NaN,NaN,2.00678109001819e-14,-1.58379249041479,NaN,NaN,0,0,NaN,1,0,
499.951812444469,phy_signal_end,4,5,1,2472,8,-109.883905530753,142.883905530753,-2.90890553075294,2.00678109001819e-14,-1.58379249041479,0,0,0,0,0,1,0,half_duplex
499.990812444469,phy_interval,5,4,5,2473,8,NaN,NaN,NaN,2.00678109001819e-14,-7.49911506561554,NaN,NaN,0,0,NaN,0,0,
499.990812444469,phy_signal_end,5,4,5,2473,8,-109.883905530753,142.883905530753,-2.90890553075294,2.00678109001819e-14,-7.49911506561554,0,0,0,0,0,0,0,half_duplex
500.003841417929,phy_signal_end,4,7,8,2474,8,-130.772385180464,163.772385180464,Inf,0,-Inf,0,0,0,0,0,0,0,closure
500.003853861667,phy_signal_end,5,7,8,2474,8,-135.336041661606,168.336041661606,Inf,0,-Inf,0,0,0,0,0,0,0,closure
500.006019162592,phy_signal_start,5,3,1,2475,8,-117.383020596368,NaN,-10.4080205963685,NaN,NaN,NaN,NaN,NaN,NaN,NaN,0,0,
500.188308977105,phy_signal_end,4,8,7,2476,8,-124.567050032692,157.567050032692,Inf,0,-Inf,0,0,0,0,0,0,0,closure
500.188321420289,phy_signal_end,5,8,7,2476,8,-130.773375084599,163.773375084599,Inf,0,-Inf,0,0,0,0,0,0,0,closure
500.250819162592,phy_interval,5,3,1,2475,8,NaN,NaN,NaN,2.00678109001819e-14,-7.49911506561554,NaN,NaN,0,0,NaN,0,0,
500.250819162592,phy_signal_end,5,3,1,2475,8,-117.383020596368,150.383020596368,-10.4080205963685,2.00678109001819e-14,-7.49911506561554,3.40962752323828e-05,3.40962752323828e-05,0,0,0,0,0,sync_threshold
500.250831604377,phy_signal_end,4,3,1,2475,8,-126.074739474425,159.074739474425,Inf,0,-Inf,0,0,0,0,0,0,0,closure
500.253011086064,phy_signal_start,5,1,3,2478,8,-107.875945171156,NaN,-0.900945171156323,NaN,NaN,NaN,NaN,NaN,NaN,NaN,0,0,
500.253023527005,phy_signal_start,4,1,3,2478,8,-120.947516094342,NaN,-13.9725160943423,NaN,NaN,NaN,NaN,NaN,NaN,NaN,0,0,
500.259641086064,phy_interval,5,1,3,2478,8,NaN,NaN,NaN,2.00678109001819e-14,-7.49911506561554,NaN,NaN,0,0,NaN,0,0,
500.259641086064,phy_track,5,1,3,2478,8,NaN,NaN,NaN,NaN,-7.49911506561554,NaN,NaN,NaN,NaN,NaN,0,0,
500.266308977105,phy_signal_end,4,8,7,2477,8,-124.567050032692,157.567050032692,Inf,0,-Inf,0,0,0,0,0,0,0,closure
500.266321420289,phy_signal_end,5,8,7,2477,8,-130.773375084599,163.773375084599,Inf,0,-Inf,0,0,0,0,0,0,0,closure
500.360111086064,phy_interval,5,1,3,2478,8,NaN,NaN,NaN,2.00678109001819e-14,-7.49911506561554,NaN,NaN,0,0,NaN,0,0,
500.360111086064,phy_signal_end,5,1,3,2478,8,-107.875945171156,140.875945171156,-0.900945171156323,2.00678109001819e-14,-7.49911506561554,0,0,0,0,0,0,1,accepted
500.360123527005,phy_interval,4,1,3,2478,8,NaN,NaN,NaN,2.00678109001819e-14,-1.58379249041479,NaN,NaN,1,13,NaN,0,0,
500.360123527005,phy_signal_end,4,1,3,2478,8,-120.947516094342,153.947516094342,-13.9725160943423,2.00678109001819e-14,-1.58379249041479,0.0151165618870165,0.0151165618870165,1,13,14,0,0,sync_threshold
500.370012444469,phy_signal_start,4,5,1,2479,8,-109.883905530753,NaN,-2.90890553075294,NaN,NaN,NaN,NaN,NaN,NaN,NaN,0,0,
500.376642444469,phy_interval,4,5,1,2479,8,NaN,NaN,NaN,2.00678109001819e-14,-1.58379249041479,NaN,NaN,0,0,NaN,0,0,
500.376642444469,phy_track,4,5,1,2479,8,NaN,NaN,NaN,NaN,-1.58379249041479,NaN,NaN,NaN,NaN,NaN,0,0,
500.435013632365,phy_interval,4,5,1,2479,8,NaN,NaN,NaN,2.00678109001819e-14,-1.58379249041479,NaN,NaN,0,0,NaN,0,0,
500.435013632365,phy_signal_start,4,2,8,2480,8,-111.467698021168,NaN,-4.49269802116773,NaN,NaN,NaN,NaN,NaN,NaN,NaN,0,0,
500.500293632365,phy_interval,4,5,1,2479,8,NaN,NaN,NaN,2.00678109001819e-14,-1.58379249041479,NaN,NaN,0,0,NaN,1,0,
500.500293632365,phy_interval,4,2,8,2480,8,NaN,NaN,NaN,2.00678109001819e-14,-1.58379249041479,NaN,NaN,0,0,NaN,1,0,
500.500293632365,phy_signal_end,4,2,8,2480,8,-111.467698021168,144.467698021168,-4.49269802116773,2.00678109001819e-14,-1.58379249041479,0,0,0,0,0,1,0,not_acquired
500.500306076559,phy_signal_end,5,2,8,2480,8,-122.734861677906,155.734861677906,Inf,0,-Inf,0,0,0,0,0,0,0,closure
500.591013632365,phy_interval,4,5,1,2479,8,NaN,NaN,NaN,2.00678109001819e-14,-1.58379249041479,NaN,NaN,0,0,NaN,1,0,
500.591013632365,phy_signal_start,4,2,8,2481,8,-111.467698021168,NaN,-4.49269802116773,NaN,NaN,NaN,NaN,NaN,NaN,NaN,0,0,
500.614812444469,phy_interval,4,5,1,2479,8,NaN,NaN,NaN,2.00678109001819e-14,-1.58379249041479,NaN,NaN,0,0,NaN,2,0,
500.614812444469,phy_interval,4,2,8,2481,8,NaN,NaN,NaN,2.00678109001819e-14,-1.58379249041479,NaN,NaN,0,0,NaN,1,0,
500.614812444469,phy_signal_end,4,5,1,2479,8,-109.883905530753,142.883905530753,-2.90890553075294,2.00678109001819e-14,-1.58379249041479,0,0,0,0,0,2,1,accepted
500.656293632365,phy_interval,4,2,8,2481,8,NaN,NaN,NaN,2.00678109001819e-14,-1.58379249041479,NaN,NaN,0,0,NaN,1,0,
500.656293632365,phy_signal_end,4,2,8,2481,8,-111.467698021168,144.467698021168,-4.49269802116773,2.00678109001819e-14,-1.58379249041479,0,0,0,0,0,1,0,not_acquired
500.656306076559,phy_signal_end,5,2,8,2481,8,-122.734861677906,155.734861677906,Inf,0,-Inf,0,0,0,0,0,0,0,closure
500.682011086064,phy_signal_start,5,1,3,2482,8,-107.875945171156,NaN,-0.900945171156323,NaN,NaN,NaN,NaN,NaN,NaN,NaN,0,0,
500.682023527005,phy_signal_start,4,1,3,2482,8,-120.947516094342,NaN,-13.9725160943423,NaN,NaN,NaN,NaN,NaN,NaN,NaN,0,0,
500.688641086064,phy_interval,5,1,3,2482,8,NaN,NaN,NaN,2.00678109001819e-14,-7.49911506561554,NaN,NaN,0,0,NaN,0,0,
500.688641086064,phy_track,5,1,3,2482,8,NaN,NaN,NaN,NaN,-7.49911506561554,NaN,NaN,NaN,NaN,NaN,0,0,
500.786308977105,phy_signal_end,4,8,7,2483,8,-124.567050032692,157.567050032692,Inf,0,-Inf,0,0,0,0,0,0,0,closure
500.786321420289,phy_signal_end,5,8,7,2483,8,-130.773375084599,163.773375084599,Inf,0,-Inf,0,0,0,0,0,0,0,closure
500.789111086064,phy_interval,5,1,3,2482,8,NaN,NaN,NaN,2.00678109001819e-14,-7.49911506561554,NaN,NaN,0,0,NaN,0,0,
500.789111086064,phy_signal_end,5,1,3,2482,8,-107.875945171156,140.875945171156,-0.900945171156323,2.00678109001819e-14,-7.49911506561554,0,0,0,0,0,0,1,accepted
500.789123527005,phy_interval,4,1,3,2482,8,NaN,NaN,NaN,2.00678109001819e-14,-1.58379249041479,NaN,NaN,0,11,NaN,0,0,
500.789123527005,phy_signal_end,4,1,3,2482,8,-120.947516094342,153.947516094342,-13.9725160943423,2.00678109001819e-14,-1.58379249041479,0.0151165618870165,0.0151165618870165,0,11,11,0,0,sync_threshold
500.851019162592,phy_signal_start,5,3,1,2484,8,-117.383020596368,NaN,-10.4080205963685,NaN,NaN,NaN,NaN,NaN,NaN,NaN,0,0,
500.857649162592,phy_interval,5,3,1,2484,8,NaN,NaN,NaN,2.00678109001819e-14,-7.49911506561554,NaN,NaN,0,0,NaN,0,0,
500.857649162592,phy_track,5,3,1,2484,8,NaN,NaN,NaN,NaN,-7.49911506561554,NaN,NaN,NaN,NaN,NaN,0,0,
501.095819162592,phy_interval,5,3,1,2484,8,NaN,NaN,NaN,2.00678109001819e-14,-7.49911506561554,NaN,NaN,0,0,NaN,0,0,
501.095819162592,phy_signal_end,5,3,1,2484,8,-117.383020596368,150.383020596368,-10.4080205963685,2.00678109001819e-14,-7.49911506561554,3.40962752323828e-05,3.40962752323828e-05,0,0,0,0,1,accepted
501.095831604377,phy_signal_end,4,3,1,2484,8,-126.074739474425,159.074739474425,Inf,0,-Inf,0,0,0,0,0,0,0,closure
501.111013632365,phy_signal_start,4,2,8,2485,8,-111.467698021168,NaN,-4.49269802116773,NaN,NaN,NaN,NaN,NaN,NaN,NaN,0,0,
501.117643632365,phy_interval,4,2,8,2485,8,NaN,NaN,NaN,2.00678109001819e-14,-1.58379249041479,NaN,NaN,0,0,NaN,0,0,
501.117643632365,phy_track,4,2,8,2485,8,NaN,NaN,NaN,NaN,-1.58379249041479,NaN,NaN,NaN,NaN,NaN,0,0,
501.176012444469,phy_interval,4,2,8,2485,8,NaN,NaN,NaN,2.00678109001819e-14,-1.58379249041479,NaN,NaN,0,0,NaN,0,0,
501.176012444469,phy_signal_start,4,5,1,2486,8,-109.883905530753,NaN,-2.90890553075294,NaN,NaN,NaN,NaN,NaN,NaN,NaN,0,0,
501.176293632365,phy_interval,4,2,8,2485,8,NaN,NaN,NaN,2.00678109001819e-14,-1.58379249041479,NaN,NaN,0,0,NaN,1,0,
501.176293632365,phy_interval,4,5,1,2486,8,NaN,NaN,NaN,2.00678109001819e-14,-1.58379249041479,NaN,NaN,0,0,NaN,1,0,
501.176293632365,phy_signal_end,4,2,8,2485,8,-111.467698021168,144.467698021168,-4.49269802116773,2.00678109001819e-14,-1.58379249041479,0,0,0,0,0,1,1,accepted
501.176306076559,phy_signal_end,5,2,8,2485,8,-122.734861677906,155.734861677906,Inf,0,-Inf,0,0,0,0,0,0,0,closure
501.182923632365,phy_interval,4,5,1,2486,8,NaN,NaN,NaN,2.00678109001819e-14,-1.58379249041479,NaN,NaN,0,0,NaN,1,0,
501.182923632365,phy_track,4,5,1,2486,8,NaN,NaN,NaN,NaN,-1.58379249041479,NaN,NaN,NaN,NaN,NaN,0,0,
501.319308977105,phy_signal_end,4,8,7,2487,8,-124.567050032692,157.567050032692,Inf,0,-Inf,0,0,0,0,0,0,0,closure
501.319321420289,phy_signal_end,5,8,7,2487,8,-130.773375084599,163.773375084599,Inf,0,-Inf,0,0,0,0,0,0,0,closure
501.420812444469,phy_interval,4,5,1,2486,8,NaN,NaN,NaN,2.00678109001819e-14,-1.58379249041479,NaN,NaN,0,0,NaN,1,0,
501.420812444469,phy_signal_end,4,5,1,2486,8,-109.883905530753,142.883905530753,-2.90890553075294,2.00678109001819e-14,-1.58379249041479,0,0,0,0,0,1,1,accepted
501.449308977105,phy_signal_end,4,8,7,2488,8,-124.567050032692,157.567050032692,Inf,0,-Inf,0,0,0,0,0,0,0,closure
501.449321420289,phy_signal_end,5,8,7,2488,8,-130.773375084599,163.773375084599,Inf,0,-Inf,0,0,0,0,0,0,0,closure
501.501019162592,phy_signal_start,5,3,1,2489,8,-117.383020596368,NaN,-10.4080205963685,NaN,NaN,NaN,NaN,NaN,NaN,NaN,0,0,
501.540012444469,phy_signal_start,4,5,1,2490,8,-109.883905530753,NaN,-2.90890553075294,NaN,NaN,NaN,NaN,NaN,NaN,NaN,0,0,
501.546642444469,phy_interval,4,5,1,2490,8,NaN,NaN,NaN,2.00678109001819e-14,-1.58379249041479,NaN,NaN,0,0,NaN,0,0,
501.546642444469,phy_track,4,5,1,2490,8,NaN,NaN,NaN,NaN,-1.58379249041479,NaN,NaN,NaN,NaN,NaN,0,0,
501.631013632365,phy_interval,4,5,1,2490,8,NaN,NaN,NaN,2.00678109001819e-14,-1.58379249041479,NaN,NaN,0,0,NaN,0,0,
501.631013632365,phy_signal_start,4,2,4,2491,8,-111.467698021168,NaN,-4.49269802116773,NaN,NaN,NaN,NaN,NaN,NaN,NaN,0,0,
501.745819162592,phy_interval,5,3,1,2489,8,NaN,NaN,NaN,2.00678109001819e-14,-7.49911506561554,NaN,NaN,0,0,NaN,0,0,
501.745819162592,phy_signal_end,5,3,1,2489,8,-117.383020596368,150.383020596368,-10.4080205963685,2.00678109001819e-14,-7.49911506561554,3.40962752323828e-05,3.40962752323828e-05,0,0,0,0,0,half_duplex
501.745831604377,phy_signal_end,4,3,1,2489,8,-126.074739474425,159.074739474425,Inf,0,-Inf,0,0,0,0,0,0,0,closure
501.784812444469,phy_interval,4,5,1,2490,8,NaN,NaN,NaN,2.00678109001819e-14,-1.58379249041479,NaN,NaN,0,0,NaN,1,0,
501.784812444469,phy_interval,4,2,4,2491,8,NaN,NaN,NaN,2.00678109001819e-14,-1.58379249041479,NaN,NaN,0,0,NaN,1,0,
501.784812444469,phy_signal_end,4,5,1,2490,8,-109.883905530753,142.883905530753,-2.90890553075294,2.00678109001819e-14,-1.58379249041479,0,0,0,0,0,1,1,accepted
501.852012444469,phy_signal_start,5,4,5,2492,8,-109.883905530753,NaN,-2.90890553075294,NaN,NaN,NaN,NaN,NaN,NaN,NaN,0,0,
501.858642444469,phy_interval,5,4,5,2492,8,NaN,NaN,NaN,2.00678109001819e-14,-7.49911506561554,NaN,NaN,0,0,NaN,0,0,
501.858642444469,phy_track,5,4,5,2492,8,NaN,NaN,NaN,NaN,-7.49911506561554,NaN,NaN,NaN,NaN,NaN,0,0,
501.875813632365,phy_interval,4,2,4,2491,8,NaN,NaN,NaN,2.00678109001819e-14,-1.58379249041479,NaN,NaN,0,0,NaN,1,0,
501.875813632365,phy_signal_end,4,2,4,2491,8,-111.467698021168,144.467698021168,-4.49269802116773,2.00678109001819e-14,-1.58379249041479,0,0,0,0,0,1,0,half_duplex
501.875826076559,phy_signal_end,5,2,4,2491,8,-122.734861677906,155.734861677906,Inf,0,-Inf,0,0,0,0,0,0,0,closure
501.904011086064,phy_interval,5,4,5,2492,8,NaN,NaN,NaN,2.00678109001819e-14,-7.49911506561554,NaN,NaN,0,0,NaN,0,0,
501.904011086064,phy_signal_start,5,1,3,2493,8,-107.875945171156,NaN,-0.900945171156323,NaN,NaN,NaN,NaN,NaN,NaN,NaN,0,0,
501.904023527005,phy_signal_start,4,1,3,2493,8,-120.947516094342,NaN,-13.9725160943423,NaN,NaN,NaN,NaN,NaN,NaN,NaN,0,0,
502.011111086064,phy_interval,5,4,5,2492,8,NaN,NaN,NaN,2.00678109001819e-14,-2.00796035959661,NaN,NaN,0,0,NaN,1,0,
502.011111086064,phy_interval,5,1,3,2493,8,NaN,NaN,NaN,2.00678109001819e-14,-2.00796035959661,NaN,NaN,0,0,NaN,1,0,
502.011111086064,phy_signal_end,5,1,3,2493,8,-107.875945171156,140.875945171156,-0.900945171156323,2.00678109001819e-14,-2.00796035959661,0,0,0,0,0,1,0,not_acquired
502.011123527005,phy_interval,4,1,3,2493,8,NaN,NaN,NaN,2.00678109001819e-14,-1.58379249041479,NaN,NaN,0,7,NaN,0,0,
502.011123527005,phy_signal_end,4,1,3,2493,8,-120.947516094342,153.947516094342,-13.9725160943423,2.00678109001819e-14,-1.58379249041479,0.0151165618870165,0.0151165618870165,0,7,7,0,0,half_duplex
502.073011086064,phy_interval,5,4,5,2492,8,NaN,NaN,NaN,2.00678109001819e-14,-2.00796035959661,NaN,NaN,0,0,NaN,1,0,
502.073011086064,phy_signal_start,5,1,3,2494,8,-107.875945171156,NaN,-0.900945171156323,NaN,NaN,NaN,NaN,NaN,NaN,NaN,0,0,
502.073023527005,phy_signal_start,4,1,3,2494,8,-120.947516094342,NaN,-13.9725160943423,NaN,NaN,NaN,NaN,NaN,NaN,NaN,0,0,
502.096812444469,phy_interval,5,4,5,2492,8,NaN,NaN,NaN,2.00678109001819e-14,-2.00796035959661,NaN,NaN,0,0,NaN,2,0,
502.096812444469,phy_interval,5,1,3,2494,8,NaN,NaN,NaN,2.00678109001819e-14,-2.00796035959661,NaN,NaN,0,0,NaN,1,0,
502.096812444469,phy_signal_end,5,4,5,2492,8,-109.883905530753,142.883905530753,-2.90890553075294,2.00678109001819e-14,-2.00796035959661,0,0,0,0,0,2,1,accepted
502.180111086064,phy_interval,5,1,3,2494,8,NaN,NaN,NaN,2.00678109001819e-14,-2.00796035959661,NaN,NaN,0,0,NaN,1,0,
502.180111086064,phy_signal_end,5,1,3,2494,8,-107.875945171156,140.875945171156,-0.900945171156323,2.00678109001819e-14,-2.00796035959661,0,0,0,0,0,1,0,not_acquired
502.180123527005,phy_interval,4,1,3,2494,8,NaN,NaN,NaN,2.00678109001819e-14,-1.58379249041479,NaN,NaN,3,6,NaN,0,0,
502.180123527005,phy_signal_end,4,1,3,2494,8,-120.947516094342,153.947516094342,-13.9725160943423,2.00678109001819e-14,-1.58379249041479,0.0151165618870165,0.0151165618870165,3,6,9,0,0,half_duplex
502.242019162592,phy_signal_start,5,3,1,2496,8,-117.383020596368,NaN,-10.4080205963685,NaN,NaN,NaN,NaN,NaN,NaN,NaN,0,0,
502.248649162592,phy_interval,5,3,1,2496,8,NaN,NaN,NaN,2.00678109001819e-14,-2.00796035959661,NaN,NaN,0,0,NaN,0,0,
502.248649162592,phy_track,5,3,1,2496,8,NaN,NaN,NaN,NaN,-2.00796035959661,NaN,NaN,NaN,NaN,NaN,0,0,
502.317828977105,phy_signal_end,4,8,2,2495,8,-124.567050032692,157.567050032692,Inf,0,-Inf,0,0,0,0,0,0,0,closure
502.317841420289,phy_signal_end,5,8,2,2495,8,-130.773375084599,163.773375084599,Inf,0,-Inf,0,0,0,0,0,0,0,closure
502.359013632365,phy_signal_start,4,2,8,2497,8,-111.467698021168,NaN,-4.49269802116773,NaN,NaN,NaN,NaN,NaN,NaN,NaN,0,0,
502.365643632365,phy_interval,4,2,8,2497,8,NaN,NaN,NaN,2.00678109001819e-14,-1.58379249041479,NaN,NaN,0,0,NaN,0,0,
502.365643632365,phy_track,4,2,8,2497,8,NaN,NaN,NaN,NaN,-1.58379249041479,NaN,NaN,NaN,NaN,NaN,0,0,
502.424293632365,phy_interval,4,2,8,2497,8,NaN,NaN,NaN,2.00678109001819e-14,-1.58379249041479,NaN,NaN,0,0,NaN,0,0,
502.424293632365,phy_signal_end,4,2,8,2497,8,-111.467698021168,144.467698021168,-4.49269802116773,2.00678109001819e-14,-1.58379249041479,0,0,0,0,0,0,1,accepted
502.424306076559,phy_signal_end,5,2,8,2497,8,-122.734861677906,155.734861677906,Inf,0,-Inf,0,0,0,0,0,0,0,closure
502.486819162592,phy_interval,5,3,1,2496,8,NaN,NaN,NaN,2.00678109001819e-14,-2.00796035959661,NaN,NaN,0,0,NaN,0,0,
502.486819162592,phy_signal_end,5,3,1,2496,8,-117.383020596368,150.383020596368,-10.4080205963685,2.00678109001819e-14,-2.00796035959661,3.40962752323828e-05,3.40962752323828e-05,0,0,0,0,1,accepted
502.486831604377,phy_signal_end,4,3,1,2496,8,-126.074739474425,159.074739474425,Inf,0,-Inf,0,0,0,0,0,0,0,closure
502.541012444469,phy_signal_start,4,5,4,2498,8,-109.883905530753,NaN,-2.90890553075294,NaN,NaN,NaN,NaN,NaN,NaN,NaN,0,0,
502.547642444469,phy_interval,4,5,4,2498,8,NaN,NaN,NaN,2.00678109001819e-14,-1.58379249041479,NaN,NaN,0,0,NaN,0,0,
502.547642444469,phy_track,4,5,4,2498,8,NaN,NaN,NaN,NaN,-1.58379249041479,NaN,NaN,NaN,NaN,NaN,0,0,
502.606292444469,phy_interval,4,5,4,2498,8,NaN,NaN,NaN,2.00678109001819e-14,-1.58379249041479,NaN,NaN,0,0,NaN,0,0,
502.606292444469,phy_signal_end,4,5,4,2498,8,-109.883905530753,142.883905530753,-2.90890553075294,2.00678109001819e-14,-1.58379249041479,0,0,0,0,0,0,1,accepted
502.697019162592,phy_signal_start,5,3,1,2499,8,-117.383020596368,NaN,-10.4080205963685,NaN,NaN,NaN,NaN,NaN,NaN,NaN,0,0,
502.703649162592,phy_interval,5,3,1,2499,8,NaN,NaN,NaN,2.00678109001819e-14,-2.00796035959661,NaN,NaN,0,0,NaN,0,0,
502.703649162592,phy_track,5,3,1,2499,8,NaN,NaN,NaN,NaN,-2.00796035959661,NaN,NaN,NaN,NaN,NaN,0,0,
502.736013632365,phy_signal_start,4,2,8,2500,8,-111.467698021168,NaN,-4.49269802116773,NaN,NaN,NaN,NaN,NaN,NaN,NaN,0,0,
502.742643632365,phy_interval,4,2,8,2500,8,NaN,NaN,NaN,2.00678109001819e-14,-1.58379249041479,NaN,NaN,0,0,NaN,0,0,
502.742643632365,phy_track,4,2,8,2500,8,NaN,NaN,NaN,NaN,-1.58379249041479,NaN,NaN,NaN,NaN,NaN,0,0,
502.801293632365,phy_interval,4,2,8,2500,8,NaN,NaN,NaN,2.00678109001819e-14,-1.58379249041479,NaN,NaN,0,0,NaN,0,0,
502.801293632365,phy_signal_end,4,2,8,2500,8,-111.467698021168,144.467698021168,-4.49269802116773,2.00678109001819e-14,-1.58379249041479,0,0,0,0,0,0,1,accepted
502.801306076559,phy_signal_end,5,2,8,2500,8,-122.734861677906,155.734861677906,Inf,0,-Inf,0,0,0,0,0,0,0,closure
502.814013632365,phy_signal_start,4,2,8,2501,8,-111.467698021168,NaN,-4.49269802116773,NaN,NaN,NaN,NaN,NaN,NaN,NaN,0,0,
502.820643632365,phy_interval,4,2,8,2501,8,NaN,NaN,NaN,2.00678109001819e-14,-1.58379249041479,NaN,NaN,0,0,NaN,0,0,
502.820643632365,phy_track,4,2,8,2501,8,NaN,NaN,NaN,NaN,-1.58379249041479,NaN,NaN,NaN,NaN,NaN,0,0,
502.879293632365,phy_interval,4,2,8,2501,8,NaN,NaN,NaN,2.00678109001819e-14,-1.58379249041479,NaN,NaN,0,0,NaN,0,0,
502.879293632365,phy_signal_end,4,2,8,2501,8,-111.467698021168,144.467698021168,-4.49269802116773,2.00678109001819e-14,-1.58379249041479,0,0,0,0,0,0,1,accepted
502.879306076559,phy_signal_end,5,2,8,2501,8,-122.734861677906,155.734861677906,Inf,0,-Inf,0,0,0,0,0,0,0,closure
502.941819162592,phy_interval,5,3,1,2499,8,NaN,NaN,NaN,2.00678109001819e-14,-2.00796035959661,NaN,NaN,0,0,NaN,0,0,
502.941819162592,phy_signal_end,5,3,1,2499,8,-117.383020596368,150.383020596368,-10.4080205963685,2.00678109001819e-14,-2.00796035959661,3.40962752323828e-05,3.40962752323828e-05,0,0,0,0,1,accepted
502.941831604377,phy_signal_end,4,3,1,2499,8,-126.074739474425,159.074739474425,Inf,0,-Inf,0,0,0,0,0,0,0,closure
502.983012444469,phy_signal_start,4,5,4,2503,8,-109.883905530753,NaN,-2.90890553075294,NaN,NaN,NaN,NaN,NaN,NaN,NaN,0,0,
502.989642444469,phy_interval,4,5,4,2503,8,NaN,NaN,NaN,2.00678109001819e-14,-1.58379249041479,NaN,NaN,0,0,NaN,0,0,
502.989642444469,phy_track,4,5,4,2503,8,NaN,NaN,NaN,NaN,-1.58379249041479,NaN,NaN,NaN,NaN,NaN,0,0,
503.048292444469,phy_interval,4,5,4,2503,8,NaN,NaN,NaN,2.00678109001819e-14,-1.58379249041479,NaN,NaN,0,0,NaN,0,0,
503.048292444469,phy_signal_end,4,5,4,2503,8,-109.883905530753,142.883905530753,-2.90890553075294,2.00678109001819e-14,-1.58379249041479,0,0,0,0,0,0,1,accepted
503.126012444469,phy_signal_start,5,4,5,2504,8,-109.883905530753,NaN,-2.90890553075294,NaN,NaN,NaN,NaN,NaN,NaN,NaN,0,0,
503.132642444469,phy_interval,5,4,5,2504,8,NaN,NaN,NaN,2.00678109001819e-14,-2.00796035959661,NaN,NaN,0,0,NaN,0,0,
503.132642444469,phy_track,5,4,5,2504,8,NaN,NaN,NaN,NaN,-2.00796035959661,NaN,NaN,NaN,NaN,NaN,0,0,
503.149828977105,phy_signal_end,4,8,2,2502,8,-124.567050032692,157.567050032692,Inf,0,-Inf,0,0,0,0,0,0,0,closure
503.149841420289,phy_signal_end,5,8,2,2502,8,-130.773375084599,163.773375084599,Inf,0,-Inf,0,0,0,0,0,0,0,closure
503.152011086064,phy_interval,5,4,5,2504,8,NaN,NaN,NaN,2.00678109001819e-14,-2.00796035959661,NaN,NaN,0,0,NaN,0,0,
503.152011086064,phy_signal_start,5,1,3,2505,8,-107.875945171156,NaN,-0.900945171156323,NaN,NaN,NaN,NaN,NaN,NaN,NaN,0,0,
503.152023527005,phy_signal_start,4,1,3,2505,8,-120.947516094342,NaN,-13.9725160943423,NaN,NaN,NaN,NaN,NaN,NaN,NaN,0,0,
503.259111086064,phy_interval,5,4,5,2504,8,NaN,NaN,NaN,2.00678109001819e-14,-2.00796035959661,NaN,NaN,0,0,NaN,1,0,
503.259111086064,phy_interval,5,1,3,2505,8,NaN,NaN,NaN,2.00678109001819e-14,-2.00796035959661,NaN,NaN,0,0,NaN,1,0,
503.259111086064,phy_signal_end,5,1,3,2505,8,-107.875945171156,140.875945171156,-0.900945171156323,2.00678109001819e-14,-2.00796035959661,0,0,0,0,0,1,0,not_acquired
503.259123527005,phy_interval,4,1,3,2505,8,NaN,NaN,NaN,2.00678109001819e-14,-1.58379249041479,NaN,NaN,1,13,NaN,0,0,
503.259123527005,phy_signal_end,4,1,3,2505,8,-120.947516094342,153.947516094342,-13.9725160943423,2.00678109001819e-14,-1.58379249041479,0.0151165618870165,0.0151165618870165,1,13,14,0,0,half_duplex
503.308019162592,phy_interval,5,4,5,2504,8,NaN,NaN,NaN,2.00678109001819e-14,-2.00796035959661,NaN,NaN,0,0,NaN,1,0,
503.308019162592,phy_signal_start,5,3,1,2506,8,-117.383020596368,NaN,-10.4080205963685,NaN,NaN,NaN,NaN,NaN,NaN,NaN,0,0,
503.370812444469,phy_interval,5,4,5,2504,8,NaN,NaN,NaN,2.00678109001819e-14,-7.49911506561554,NaN,NaN,0,0,NaN,2,0,
503.370812444469,phy_interval,5,3,1,2506,8,NaN,NaN,NaN,2.00678109001819e-14,-7.49911506561554,NaN,NaN,0,0,NaN,1,0,
503.370812444469,phy_signal_end,5,4,5,2504,8,-109.883905530753,142.883905530753,-2.90890553075294,2.00678109001819e-14,-7.49911506561554,0,0,0,0,0,2,1,accepted
503.529013632365,phy_signal_start,4,2,8,2507,8,-111.467698021168,NaN,-4.49269802116773,NaN,NaN,NaN,NaN,NaN,NaN,NaN,0,0,
503.535643632365,phy_interval,4,2,8,2507,8,NaN,NaN,NaN,2.00678109001819e-14,-1.58379249041479,NaN,NaN,0,0,NaN,0,0,
503.535643632365,phy_track,4,2,8,2507,8,NaN,NaN,NaN,NaN,-1.58379249041479,NaN,NaN,NaN,NaN,NaN,0,0,
503.552819162592,phy_interval,5,3,1,2506,8,NaN,NaN,NaN,2.00678109001819e-14,-7.49911506561554,NaN,NaN,0,0,NaN,1,0,
503.552819162592,phy_signal_end,5,3,1,2506,8,-117.383020596368,150.383020596368,-10.4080205963685,2.00678109001819e-14,-7.49911506561554,6.86157890302659e-05,6.86157890302659e-05,0,0,0,1,0,not_acquired
503.552831604377,phy_signal_end,4,3,1,2506,8,-126.074739474425,159.074739474425,Inf,0,-Inf,0,0,0,0,0,0,0,closure
503.594293632365,phy_interval,4,2,8,2507,8,NaN,NaN,NaN,2.00678109001819e-14,-1.58379249041479,NaN,NaN,0,0,NaN,0,0,
503.594293632365,phy_signal_end,4,2,8,2507,8,-111.467698021168,144.467698021168,-4.49269802116773,2.00678109001819e-14,-1.58379249041479,0,0,0,0,0,0,1,accepted
503.594306076559,phy_signal_end,5,2,8,2507,8,-122.734861677906,155.734861677906,Inf,0,-Inf,0,0,0,0,0,0,0,closure
503.607012444469,phy_signal_start,4,5,4,2508,8,-109.883905530753,NaN,-2.90890553075294,NaN,NaN,NaN,NaN,NaN,NaN,NaN,0,0,
503.613642444469,phy_interval,4,5,4,2508,8,NaN,NaN,NaN,2.00678109001819e-14,-1.58379249041479,NaN,NaN,0,0,NaN,0,0,
503.613642444469,phy_track,4,5,4,2508,8,NaN,NaN,NaN,NaN,-1.58379249041479,NaN,NaN,NaN,NaN,NaN,0,0,
503.672292444469,phy_interval,4,5,4,2508,8,NaN,NaN,NaN,2.00678109001819e-14,-1.58379249041479,NaN,NaN,0,0,NaN,0,0,
503.672292444469,phy_signal_end,4,5,4,2508,8,-109.883905530753,142.883905530753,-2.90890553075294,2.00678109001819e-14,-1.58379249041479,0,0,0,0,0,0,1,accepted
503.737011086064,phy_signal_start,5,1,3,2509,8,-107.875945171156,NaN,-0.900945171156323,NaN,NaN,NaN,NaN,NaN,NaN,NaN,0,0,
503.737023527005,phy_signal_start,4,1,3,2509,8,-120.947516094342,NaN,-13.9725160943423,NaN,NaN,NaN,NaN,NaN,NaN,NaN,0,0,
503.743641086064,phy_interval,5,1,3,2509,8,NaN,NaN,NaN,2.00678109001819e-14,-7.49911506561554,NaN,NaN,0,0,NaN,0,0,
503.743641086064,phy_track,5,1,3,2509,8,NaN,NaN,NaN,NaN,-7.49911506561554,NaN,NaN,NaN,NaN,NaN,0,0,
503.750013632365,phy_interval,4,1,3,2509,8,NaN,NaN,NaN,2.00678109001819e-14,-1.58379249041479,NaN,NaN,0,0,NaN,0,0,
503.750013632365,phy_signal_start,4,2,8,2510,8,-111.467698021168,NaN,-4.49269802116773,NaN,NaN,NaN,NaN,NaN,NaN,NaN,0,0,
503.756643632365,phy_interval,4,1,3,2509,8,NaN,NaN,NaN,2.00678109001819e-14,-9.4798180731745,NaN,NaN,2,0,NaN,1,0,
503.756643632365,phy_interval,4,2,8,2510,8,NaN,NaN,NaN,2.00678109001819e-14,-9.4798180731745,NaN,NaN,0,0,NaN,1,0,
503.756643632365,phy_track,4,2,8,2510,8,NaN,NaN,NaN,NaN,-9.4798180731745,NaN,NaN,NaN,NaN,NaN,0,0,
503.815293632365,phy_interval,4,1,3,2509,8,NaN,NaN,NaN,2.00678109001819e-14,-9.4798180731745,NaN,NaN,0,7,NaN,1,0,
503.815293632365,phy_interval,4,2,8,2510,8,NaN,NaN,NaN,2.00678109001819e-14,-9.4798180731745,NaN,NaN,0,0,NaN,1,0,
503.815293632365,phy_signal_end,4,2,8,2510,8,-111.467698021168,144.467698021168,-4.49269802116773,2.00678109001819e-14,-9.4798180731745,0,0,0,0,0,1,1,accepted
503.815306076559,phy_signal_end,5,2,8,2510,8,-122.734861677906,155.734861677906,Inf,0,-Inf,0,0,0,0,0,0,0,closure
503.844111086064,phy_interval,5,1,3,2509,8,NaN,NaN,NaN,2.00678109001819e-14,-7.49911506561554,NaN,NaN,0,0,NaN,0,0,
503.844111086064,phy_signal_end,5,1,3,2509,8,-107.875945171156,140.875945171156,-0.900945171156323,2.00678109001819e-14,-7.49911506561554,0,0,0,0,0,0,1,accepted
503.844123527005,phy_interval,4,1,3,2509,8,NaN,NaN,NaN,2.00678109001819e-14,-9.4798180731745,NaN,NaN,0,4,NaN,1,0,
503.844123527005,phy_signal_end,4,1,3,2509,8,-120.947516094342,153.947516094342,-13.9725160943423,2.00678109001819e-14,-9.4798180731745,0.0166563100757083,0.0166563100757083,2,11,13,1,0,sync_threshold
503.867012444469,phy_signal_start,4,5,4,2511,8,-109.883905530753,NaN,-2.90890553075294,NaN,NaN,NaN,NaN,NaN,NaN,NaN,0,0,
503.873642444469,phy_interval,4,5,4,2511,8,NaN,NaN,NaN,2.00678109001819e-14,-9.4798180731745,NaN,NaN,0,0,NaN,0,0,
503.873642444469,phy_track,4,5,4,2511,8,NaN,NaN,NaN,NaN,-9.4798180731745,NaN,NaN,NaN,NaN,NaN,0,0,
503.932292444469,phy_interval,4,5,4,2511,8,NaN,NaN,NaN,2.00678109001819e-14,-9.4798180731745,NaN,NaN,0,0,NaN,0,0,
503.932292444469,phy_signal_end,4,5,4,2511,8,-109.883905530753,142.883905530753,-2.90890553075294,2.00678109001819e-14,-9.4798180731745,0,0,0,0,0,0,1,accepted
504.023012444469,phy_signal_start,5,4,5,2513,8,-109.883905530753,NaN,-2.90890553075294,NaN,NaN,NaN,NaN,NaN,NaN,NaN,0,0,
504.029642444469,phy_interval,5,4,5,2513,8,NaN,NaN,NaN,2.00678109001819e-14,-7.49911506561554,NaN,NaN,0,0,NaN,0,0,
504.029642444469,phy_track,5,4,5,2513,8,NaN,NaN,NaN,NaN,-7.49911506561554,NaN,NaN,NaN,NaN,NaN,0,0,
504.101019162592,phy_interval,5,4,5,2513,8,NaN,NaN,NaN,2.00678109001819e-14,-7.49911506561554,NaN,NaN,0,0,NaN,0,0,
504.101019162592,phy_signal_start,5,3,1,2514,8,-117.383020596368,NaN,-10.4080205963685,NaN,NaN,NaN,NaN,NaN,NaN,NaN,0,0,
504.124828977105,phy_signal_end,4,8,2,2512,8,-124.567050032692,157.567050032692,Inf,0,-Inf,0,0,0,0,0,0,0,closure
504.124841420289,phy_signal_end,5,8,2,2512,8,-130.773375084599,163.773375084599,Inf,0,-Inf,0,0,0,0,0,0,0,closure
504.267812444469,phy_interval,5,4,5,2513,8,NaN,NaN,NaN,2.00678109001819e-14,-7.49911506561554,NaN,NaN,0,0,NaN,1,0,
504.267812444469,phy_interval,5,3,1,2514,8,NaN,NaN,NaN,2.00678109001819e-14,-7.49911506561554,NaN,NaN,0,0,NaN,1,0,
504.267812444469,phy_signal_end,5,4,5,2513,8,-109.883905530753,142.883905530753,-2.90890553075294,2.00678109001819e-14,-7.49911506561554,0,0,0,0,0,1,1,accepted
504.335012444469,phy_signal_start,4,5,4,2516,8,-109.883905530753,NaN,-2.90890553075294,NaN,NaN,NaN,NaN,NaN,NaN,NaN,0,0,
504.335013632365,phy_interval,4,5,4,2516,8,NaN,NaN,NaN,2.00678109001819e-14,-9.4798180731745,NaN,NaN,0,0,NaN,0,0,
504.335013632365,phy_signal_start,4,2,8,2515,8,-111.467698021168,NaN,-4.49269802116773,NaN,NaN,NaN,NaN,NaN,NaN,NaN,0,0,
504.341642444469,phy_interval,4,5,4,2516,8,NaN,NaN,NaN,2.00678109001819e-14,-1.58379249041479,NaN,NaN,0,0,NaN,1,0,
504.341642444469,phy_interval,4,2,8,2515,8,NaN,NaN,NaN,2.00678109001819e-14,-1.58379249041479,NaN,NaN,0,0,NaN,1,0,
504.341642444469,phy_track,4,5,4,2516,8,NaN,NaN,NaN,NaN,-1.58379249041479,NaN,NaN,NaN,NaN,NaN,0,0,
504.345819162592,phy_interval,5,3,1,2514,8,NaN,NaN,NaN,2.00678109001819e-14,-7.49911506561554,NaN,NaN,0,0,NaN,1,0,
504.345819162592,phy_signal_end,5,3,1,2514,8,-117.383020596368,150.383020596368,-10.4080205963685,2.00678109001819e-14,-7.49911506561554,9.44827091734674e-05,9.44827091734674e-05,0,0,0,1,0,half_duplex
504.345831604377,phy_signal_end,4,3,1,2514,8,-126.074739474425,159.074739474425,Inf,0,-Inf,0,0,0,0,0,0,0,closure
504.387011086064,phy_signal_start,5,1,3,2517,8,-107.875945171156,NaN,-0.900945171156323,NaN,NaN,NaN,NaN,NaN,NaN,NaN,0,0,
504.387023527005,phy_interval,4,5,4,2516,8,NaN,NaN,NaN,2.00678109001819e-14,-1.58379249041479,NaN,NaN,0,0,NaN,1,0,
504.387023527005,phy_interval,4,2,8,2515,8,NaN,NaN,NaN,2.00678109001819e-14,-1.58379249041479,NaN,NaN,0,0,NaN,1,0,
504.387023527005,phy_signal_start,4,1,3,2517,8,-120.947516094342,NaN,-13.9725160943423,NaN,NaN,NaN,NaN,NaN,NaN,NaN,0,0,
504.400292444469,phy_interval,4,5,4,2516,8,NaN,NaN,NaN,2.00678109001819e-14,9.4798180731745,NaN,NaN,0,0,NaN,2,0,
504.400292444469,phy_interval,4,2,8,2515,8,NaN,NaN,NaN,2.00678109001819e-14,9.4798180731745,NaN,NaN,0,0,NaN,2,0,
504.400292444469,phy_interval,4,1,3,2517,8,NaN,NaN,NaN,2.00678109001819e-14,9.4798180731745,NaN,NaN,0,0,NaN,2,0,
504.400292444469,phy_signal_end,4,5,4,2516,8,-109.883905530753,142.883905530753,-2.90890553075294,2.00678109001819e-14,9.4798180731745,0,0,0,0,0,2,1,accepted
504.400293632365,phy_interval,4,2,8,2515,8,NaN,NaN,NaN,2.00678109001819e-14,9.4798180731745,NaN,NaN,0,0,NaN,2,0,
504.400293632365,phy_interval,4,1,3,2517,8,NaN,NaN,NaN,2.00678109001819e-14,9.4798180731745,NaN,NaN,0,0,NaN,2,0,
504.400293632365,phy_signal_end,4,2,8,2515,8,-111.467698021168,144.467698021168,-4.49269802116773,2.00678109001819e-14,9.4798180731745,0,0,0,0,0,2,0,not_acquired
504.400306076559,phy_signal_end,5,2,8,2515,8,-122.734861677906,155.734861677906,Inf,0,-Inf,0,0,0,0,0,0,0,closure
504.494111086064,phy_interval,5,1,3,2517,8,NaN,NaN,NaN,2.00678109001819e-14,-7.49911506561554,NaN,NaN,0,0,NaN,0,0,
504.494111086064,phy_signal_end,5,1,3,2517,8,-107.875945171156,140.875945171156,-0.900945171156323,2.00678109001819e-14,-7.49911506561554,0,0,0,0,0,0,0,half_duplex
504.494123527005,phy_interval,4,1,3,2517,8,NaN,NaN,NaN,2.00678109001819e-14,9.4798180731745,NaN,NaN,0,14,NaN,2,0,
504.494123527005,phy_signal_end,4,1,3,2517,8,-120.947516094342,153.947516094342,-13.9725160943423,2.00678109001819e-14,9.4798180731745,0.0194726203385986,0.0194726203385986,0,14,14,2,0,sync_threshold
504.569019162592,phy_signal_start,5,3,1,2518,8,-117.383020596368,NaN,-10.4080205963685,NaN,NaN,NaN,NaN,NaN,NaN,NaN,0,0,
504.575649162592,phy_interval,5,3,1,2518,8,NaN,NaN,NaN,2.00678109001819e-14,-7.49911506561554,NaN,NaN,0,0,NaN,0,0,
504.575649162592,phy_track,5,3,1,2518,8,NaN,NaN,NaN,NaN,-7.49911506561554,NaN,NaN,NaN,NaN,NaN,0,0,
504.634013632365,phy_signal_start,4,2,8,2519,8,-111.467698021168,NaN,-4.49269802116773,NaN,NaN,NaN,NaN,NaN,NaN,NaN,0,0,
504.640643632365,phy_interval,4,2,8,2519,8,NaN,NaN,NaN,2.00678109001819e-14,9.4798180731745,NaN,NaN,0,0,NaN,0,0,
504.640643632365,phy_track,4,2,8,2519,8,NaN,NaN,NaN,NaN,9.4798180731745,NaN,NaN,NaN,NaN,NaN,0,0,
504.699293632365,phy_interval,4,2,8,2519,8,NaN,NaN,NaN,2.00678109001819e-14,9.4798180731745,NaN,NaN,0,0,NaN,0,0,
504.699293632365,phy_signal_end,4,2,8,2519,8,-111.467698021168,144.467698021168,-4.49269802116773,2.00678109001819e-14,9.4798180731745,0,0,0,0,0,0,1,accepted
504.699306076559,phy_signal_end,5,2,8,2519,8,-122.734861677906,155.734861677906,Inf,0,-Inf,0,0,0,0,0,0,0,closure
504.790012444469,phy_interval,5,3,1,2518,8,NaN,NaN,NaN,2.00678109001819e-14,-7.49911506561554,NaN,NaN,0,0,NaN,0,0,
504.790012444469,phy_signal_start,5,4,5,2520,8,-109.883905530753,NaN,-2.90890553075294,NaN,NaN,NaN,NaN,NaN,NaN,NaN,0,0,
504.813819162592,phy_interval,5,3,1,2518,8,NaN,NaN,NaN,2.00678109001819e-14,-7.49911506561554,NaN,NaN,0,0,NaN,1,0,
504.813819162592,phy_interval,5,4,5,2520,8,NaN,NaN,NaN,2.00678109001819e-14,-7.49911506561554,NaN,NaN,0,0,NaN,1,0,
504.813819162592,phy_signal_end,5,3,1,2518,8,-117.383020596368,150.383020596368,-10.4080205963685,2.00678109001819e-14,-7.49911506561554,8.01231744728451e-05,8.01231744728451e-05,0,0,0,1,1,accepted
504.813831604377,phy_signal_end,4,3,1,2518,8,-126.074739474425,159.074739474425,Inf,0,-Inf,0,0,0,0,0,0,0,closure
504.816011086064,phy_interval,5,4,5,2520,8,NaN,NaN,NaN,2.00678109001819e-14,-7.49911506561554,NaN,NaN,0,0,NaN,1,0,
504.816011086064,phy_signal_start,5,1,3,2521,8,-107.875945171156,NaN,-0.900945171156323,NaN,NaN,NaN,NaN,NaN,NaN,NaN,0,0,
504.816023527005,phy_signal_start,4,1,3,2521,8,-120.947516094342,NaN,-13.9725160943423,NaN,NaN,NaN,NaN,NaN,NaN,NaN,0,0,
504.822641086064,phy_interval,5,4,5,2520,8,NaN,NaN,NaN,2.00678109001819e-14,-2.00796035959661,NaN,NaN,0,0,NaN,2,0,
504.822641086064,phy_interval,5,1,3,2521,8,NaN,NaN,NaN,2.00678109001819e-14,-2.00796035959661,NaN,NaN,0,0,NaN,1,0,
504.822641086064,phy_track,5,1,3,2521,8,NaN,NaN,NaN,NaN,-2.00796035959661,NaN,NaN,NaN,NaN,NaN,0,0,
504.881291086064,phy_interval,5,4,5,2520,8,NaN,NaN,NaN,2.00678109001819e-14,-2.00796035959661,NaN,NaN,0,0,NaN,2,0,
504.881291086064,phy_interval,5,1,3,2521,8,NaN,NaN,NaN,2.00678109001819e-14,-2.00796035959661,NaN,NaN,0,0,NaN,1,0,
504.881291086064,phy_signal_end,5,1,3,2521,8,-107.875945171156,140.875945171156,-0.900945171156323,2.00678109001819e-14,-2.00796035959661,0,0,0,0,0,1,1,accepted
504.881303527005,phy_interval,4,1,3,2521,8,NaN,NaN,NaN,2.00678109001819e-14,9.4798180731745,NaN,NaN,0,4,NaN,0,0,
504.881303527005,phy_signal_end,4,1,3,2521,8,-120.947516094342,153.947516094342,-13.9725160943423,2.00678109001819e-14,9.4798180731745,0.0151165618870165,0.0151165618870165,0,4,4,0,0,half_duplex
504.985012444469,phy_signal_start,4,5,4,2522,8,-109.883905530753,NaN,-2.90890553075294,NaN,NaN,NaN,NaN,NaN,NaN,NaN,0,0,
505.034812444469,phy_interval,5,4,5,2520,8,NaN,NaN,NaN,2.00678109001819e-14,-2.00796035959661,NaN,NaN,0,0,NaN,2,0,
505.034812444469,phy_signal_end,5,4,5,2520,8,-109.883905530753,142.883905530753,-2.90890553075294,2.00678109001819e-14,-2.00796035959661,0,0,0,0,0,2,0,half_duplex
505.050292444469,phy_interval,4,5,4,2522,8,NaN,NaN,NaN,2.00678109001819e-14,9.4798180731745,NaN,NaN,0,0,NaN,0,0,
505.050292444469,phy_signal_end,4,5,4,2522,8,-109.883905530753,142.883905530753,-2.90890553075294,2.00678109001819e-14,9.4798180731745,0,0,0,0,0,0,0,half_duplex
505.115011086064,phy_signal_start,5,1,3,2523,8,-107.875945171156,NaN,-0.900945171156323,NaN,NaN,NaN,NaN,NaN,NaN,NaN,0,0,
505.115023527005,phy_signal_start,4,1,3,2523,8,-120.947516094342,NaN,-13.9725160943423,NaN,NaN,NaN,NaN,NaN,NaN,NaN,0,0,
505.121641086064,phy_interval,5,1,3,2523,8,NaN,NaN,NaN,2.00678109001819e-14,-2.00796035959661,NaN,NaN,0,0,NaN,0,0,
505.121641086064,phy_track,5,1,3,2523,8,NaN,NaN,NaN,NaN,-2.00796035959661,NaN,NaN,NaN,NaN,NaN,0,0,
505.154013632365,phy_interval,4,1,3,2523,8,NaN,NaN,NaN,2.00678109001819e-14,9.4798180731745,NaN,NaN,3,3,NaN,0,0,
505.154013632365,phy_signal_start,4,2,8,2524,8,-111.467698021168,NaN,-4.49269802116773,NaN,NaN,NaN,NaN,NaN,NaN,NaN,0,0,
505.160643632365,phy_interval,4,1,3,2523,8,NaN,NaN,NaN,2.00678109001819e-14,-9.4798180731745,NaN,NaN,0,0,NaN,1,0,
505.160643632365,phy_interval,4,2,8,2524,8,NaN,NaN,NaN,2.00678109001819e-14,-9.4798180731745,NaN,NaN,0,0,NaN,1,0,
505.160643632365,phy_track,4,2,8,2524,8,NaN,NaN,NaN,NaN,-9.4798180731745,NaN,NaN,NaN,NaN,NaN,0,0,
505.180291086064,phy_interval,5,1,3,2523,8,NaN,NaN,NaN,2.00678109001819e-14,-2.00796035959661,NaN,NaN,0,0,NaN,0,0,
505.180291086064,phy_signal_end,5,1,3,2523,8,-107.875945171156,140.875945171156,-0.900945171156323,2.00678109001819e-14,-2.00796035959661,0,0,0,0,0,0,1,accepted
505.180303527005,phy_interval,4,1,3,2523,8,NaN,NaN,NaN,2.00678109001819e-14,-9.4798180731745,NaN,NaN,0,2,NaN,1,0,
505.180303527005,phy_interval,4,2,8,2524,8,NaN,NaN,NaN,2.00678109001819e-14,-9.4798180731745,NaN,NaN,0,0,NaN,1,0,
505.180303527005,phy_signal_end,4,1,3,2523,8,-120.947516094342,153.947516094342,-13.9725160943423,2.00678109001819e-14,-9.4798180731745,0.0159403866428901,0.0159403866428901,3,5,8,1,0,sync_threshold
505.219293632365,phy_interval,4,2,8,2524,8,NaN,NaN,NaN,2.00678109001819e-14,-9.4798180731745,NaN,NaN,0,0,NaN,1,0,
505.219293632365,phy_signal_end,4,2,8,2524,8,-111.467698021168,144.467698021168,-4.49269802116773,2.00678109001819e-14,-9.4798180731745,0,0,0,0,0,1,1,accepted
505.219306076559,phy_signal_end,5,2,8,2524,8,-122.734861677906,155.734861677906,Inf,0,-Inf,0,0,0,0,0,0,0,closure
505.245013632365,phy_signal_start,4,2,8,2525,8,-111.467698021168,NaN,-4.49269802116773,NaN,NaN,NaN,NaN,NaN,NaN,NaN,0,0,
505.251643632365,phy_interval,4,2,8,2525,8,NaN,NaN,NaN,2.00678109001819e-14,-9.4798180731745,NaN,NaN,0,0,NaN,0,0,
505.251643632365,phy_track,4,2,8,2525,8,NaN,NaN,NaN,NaN,-9.4798180731745,NaN,NaN,NaN,NaN,NaN,0,0,
505.258012444469,phy_interval,4,2,8,2525,8,NaN,NaN,NaN,2.00678109001819e-14,-9.4798180731745,NaN,NaN,0,0,NaN,0,0,
505.258012444469,phy_signal_start,4,5,4,2526,8,-109.883905530753,NaN,-2.90890553075294,NaN,NaN,NaN,NaN,NaN,NaN,NaN,0,0,
505.310293632365,phy_interval,4,2,8,2525,8,NaN,NaN,NaN,2.00678109001819e-14,-1.58379249041479,NaN,NaN,0,0,NaN,1,0,
505.310293632365,phy_interval,4,5,4,2526,8,NaN,NaN,NaN,2.00678109001819e-14,-1.58379249041479,NaN,NaN,0,0,NaN,1,0,
505.310293632365,phy_signal_end,4,2,8,2525,8,-111.467698021168,144.467698021168,-4.49269802116773,2.00678109001819e-14,-1.58379249041479,0,0,0,0,0,1,1,accepted
505.310306076559,phy_signal_end,5,2,8,2525,8,-122.734861677906,155.734861677906,Inf,0,-Inf,0,0,0,0,0,0,0,closure
505.323013632365,phy_interval,4,5,4,2526,8,NaN,NaN,NaN,2.00678109001819e-14,-1.58379249041479,NaN,NaN,0,0,NaN,1,0,
505.323013632365,phy_signal_start,4,2,8,2527,8,-111.467698021168,NaN,-4.49269802116773,NaN,NaN,NaN,NaN,NaN,NaN,NaN,0,0,
505.323292444469,phy_interval,4,5,4,2526,8,NaN,NaN,NaN,2.00678109001819e-14,1.58379249041479,NaN,NaN,0,0,NaN,2,0,
505.323292444469,phy_interval,4,2,8,2527,8,NaN,NaN,NaN,2.00678109001819e-14,1.58379249041479,NaN,NaN,0,0,NaN,1,0,
505.323292444469,phy_signal_end,4,5,4,2526,8,-109.883905530753,142.883905530753,-2.90890553075294,2.00678109001819e-14,1.58379249041479,0,0,0,0,0,2,0,not_acquired
505.329643632365,phy_interval,4,2,8,2527,8,NaN,NaN,NaN,2.00678109001819e-14,1.58379249041479,NaN,NaN,0,0,NaN,1,0,
505.329643632365,phy_track,4,2,8,2527,8,NaN,NaN,NaN,NaN,1.58379249041479,NaN,NaN,NaN,NaN,NaN,0,0,
505.362011086064,phy_signal_start,5,1,3,2528,8,-107.875945171156,NaN,-0.900945171156323,NaN,NaN,NaN,NaN,NaN,NaN,NaN,0,0,
505.362023527005,phy_interval,4,2,8,2527,8,NaN,NaN,NaN,2.00678109001819e-14,1.58379249041479,NaN,NaN,0,0,NaN,1,0,
505.362023527005,phy_signal_start,4,1,3,2528,8,-120.947516094342,NaN,-13.9725160943423,NaN,NaN,NaN,NaN,NaN,NaN,NaN,0,0,
505.368641086064,phy_interval,5,1,3,2528,8,NaN,NaN,NaN,2.00678109001819e-14,-2.00796035959661,NaN,NaN,0,0,NaN,0,0,
505.368641086064,phy_track,5,1,3,2528,8,NaN,NaN,NaN,NaN,-2.00796035959661,NaN,NaN,NaN,NaN,NaN,0,0,
505.388293632365,phy_interval,4,2,8,2527,8,NaN,NaN,NaN,2.00678109001819e-14,-9.4798180731745,NaN,NaN,0,0,NaN,2,0,
505.388293632365,phy_interval,4,1,3,2528,8,NaN,NaN,NaN,2.00678109001819e-14,-9.4798180731745,NaN,NaN,1,0,NaN,1,0,
505.388293632365,phy_signal_end,4,2,8,2527,8,-111.467698021168,144.467698021168,-4.49269802116773,2.00678109001819e-14,-9.4798180731745,0,0,0,0,0,2,1,accepted
505.388306076559,phy_signal_end,5,2,8,2527,8,-122.734861677906,155.734861677906,Inf,0,-Inf,0,0,0,0,0,0,0,closure
505.401013632365,phy_interval,4,1,3,2528,8,NaN,NaN,NaN,2.00678109001819e-14,-9.4798180731745,NaN,NaN,0,0,NaN,1,0,
505.401013632365,phy_signal_start,4,2,4,2530,8,-111.467698021168,NaN,-4.49269802116773,NaN,NaN,NaN,NaN,NaN,NaN,NaN,0,0,
505.407643632365,phy_interval,4,1,3,2528,8,NaN,NaN,NaN,2.00678109001819e-14,-9.4798180731745,NaN,NaN,0,0,NaN,2,0,
505.407643632365,phy_interval,4,2,4,2530,8,NaN,NaN,NaN,2.00678109001819e-14,-9.4798180731745,NaN,NaN,0,0,NaN,1,0,
505.407643632365,phy_track,4,2,4,2530,8,NaN,NaN,NaN,NaN,-9.4798180731745,NaN,NaN,NaN,NaN,NaN,0,0,
505.427291086064,phy_interval,5,1,3,2528,8,NaN,NaN,NaN,2.00678109001819e-14,-2.00796035959661,NaN,NaN,0,0,NaN,0,0,
505.427291086064,phy_signal_end,5,1,3,2528,8,-107.875945171156,140.875945171156,-0.900945171156323,2.00678109001819e-14,-2.00796035959661,0,0,0,0,0,0,1,accepted
505.427303527005,phy_interval,4,1,3,2528,8,NaN,NaN,NaN,2.00678109001819e-14,-9.4798180731745,NaN,NaN,0,3,NaN,2,0,
505.427303527005,phy_interval,4,2,4,2530,8,NaN,NaN,NaN,2.00678109001819e-14,-9.4798180731745,NaN,NaN,0,0,NaN,1,0,
505.427303527005,phy_signal_end,4,1,3,2528,8,-120.947516094342,153.947516094342,-13.9725160943423,2.00678109001819e-14,-9.4798180731745,0.0159403866428901,0.0159403866428901,1,3,4,2,0,sync_threshold
505.453011086064,phy_signal_start,5,1,3,2531,8,-107.875945171156,NaN,-0.900945171156323,NaN,NaN,NaN,NaN,NaN,NaN,NaN,0,0,
505.453019162592,phy_interval,5,1,3,2531,8,NaN,NaN,NaN,2.00678109001819e-14,-2.00796035959661,NaN,NaN,0,0,NaN,0,0,
505.453019162592,phy_signal_start,5,3,1,2532,8,-117.383020596368,NaN,-10.4080205963685,NaN,NaN,NaN,NaN,NaN,NaN,NaN,0,0,
505.453023527005,phy_interval,4,2,4,2530,8,NaN,NaN,NaN,2.00678109001819e-14,-9.4798180731745,NaN,NaN,0,0,NaN,1,0,
505.453023527005,phy_signal_start,4,1,3,2531,8,-120.947516094342,NaN,-13.9725160943423,NaN,NaN,NaN,NaN,NaN,NaN,NaN,0,0,
505.459641086064,phy_interval,5,1,3,2531,8,NaN,NaN,NaN,2.00678109001819e-14,-9.50707542521215,NaN,NaN,0,0,NaN,1,0,
505.459641086064,phy_interval,5,3,1,2532,8,NaN,NaN,NaN,2.00678109001819e-14,-9.50707542521215,NaN,NaN,0,0,NaN,1,0,
505.459641086064,phy_track,5,1,3,2531,8,NaN,NaN,NaN,NaN,-9.50707542521215,NaN,NaN,NaN,NaN,NaN,0,0,
505.518291086064,phy_interval,5,1,3,2531,8,NaN,NaN,NaN,2.00678109001819e-14,-9.50707542521215,NaN,NaN,0,0,NaN,1,0,
505.518291086064,phy_interval,5,3,1,2532,8,NaN,NaN,NaN,2.00678109001819e-14,-9.50707542521215,NaN,NaN,0,0,NaN,1,0,
505.518291086064,phy_signal_end,5,1,3,2531,8,-107.875945171156,140.875945171156,-0.900945171156323,2.00678109001819e-14,-9.50707542521215,0,0,0,0,0,1,1,accepted
505.518303527005,phy_interval,4,2,4,2530,8,NaN,NaN,NaN,2.00678109001819e-14,-9.4798180731745,NaN,NaN,0,0,NaN,2,0,
505.518303527005,phy_interval,4,1,3,2531,8,NaN,NaN,NaN,2.00678109001819e-14,-9.4798180731745,NaN,NaN,3,5,NaN,1,0,
505.518303527005,phy_signal_end,4,1,3,2531,8,-120.947516094342,153.947516094342,-13.9725160943423,2.00678109001819e-14,-9.4798180731745,0.0166581817265589,0.0166581817265589,3,5,8,1,0,sync_threshold
505.596012444469,phy_interval,4,2,4,2530,8,NaN,NaN,NaN,2.00678109001819e-14,-9.4798180731745,NaN,NaN,0,0,NaN,2,0,
505.596012444469,phy_signal_start,4,5,4,2533,8,-109.883905530753,NaN,-2.90890553075294,NaN,NaN,NaN,NaN,NaN,NaN,NaN,0,0,
505.645813632365,phy_interval,4,2,4,2530,8,NaN,NaN,NaN,2.00678109001819e-14,-1.58379249041479,NaN,NaN,0,0,NaN,3,0,
505.645813632365,phy_interval,4,5,4,2533,8,NaN,NaN,NaN,2.00678109001819e-14,-1.58379249041479,NaN,NaN,0,0,NaN,1,0,
505.645813632365,phy_signal_end,4,2,4,2530,8,-111.467698021168,144.467698021168,-4.49269802116773,2.00678109001819e-14,-1.58379249041479,0,0,0,0,0,3,1,accepted
505.645826076559,phy_signal_end,5,2,4,2530,8,-122.734861677906,155.734861677906,Inf,0,-Inf,0,0,0,0,0,0,0,closure
505.645828977105,phy_signal_end,4,8,2,2529,8,-124.567050032692,157.567050032692,Inf,0,-Inf,0,0,0,0,0,0,0,closure
505.645841420289,phy_signal_end,5,8,2,2529,8,-130.773375084599,163.773375084599,Inf,0,-Inf,0,0,0,0,0,0,0,closure
505.661292444469,phy_interval,4,5,4,2533,8,NaN,NaN,NaN,2.00678109001819e-14,-1.58379249041479,NaN,NaN,0,0,NaN,1,0,
505.661292444469,phy_signal_end,4,5,4,2533,8,-109.883905530753,142.883905530753,-2.90890553075294,2.00678109001819e-14,-1.58379249041479,0,0,0,0,0,1,0,not_acquired
505.697819162592,phy_interval,5,3,1,2532,8,NaN,NaN,NaN,2.00678109001819e-14,-9.50707542521215,NaN,NaN,0,0,NaN,1,0,
505.697819162592,phy_signal_end,5,3,1,2532,8,-117.383020596368,150.383020596368,-10.4080205963685,2.00678109001819e-14,-9.50707542521215,8.04529100302659e-05,8.04529100302659e-05,0,0,0,1,0,half_duplex
505.697831604377,phy_signal_end,4,3,1,2532,8,-126.074739474425,159.074739474425,Inf,0,-Inf,0,0,0,0,0,0,0,closure
505.713012444469,phy_signal_start,4,5,4,2534,8,-109.883905530753,NaN,-2.90890553075294,NaN,NaN,NaN,NaN,NaN,NaN,NaN,0,0,
505.719642444469,phy_interval,4,5,4,2534,8,NaN,NaN,NaN,2.00678109001819e-14,-1.58379249041479,NaN,NaN,0,0,NaN,0,0,
505.719642444469,phy_track,4,5,4,2534,8,NaN,NaN,NaN,NaN,-1.58379249041479,NaN,NaN,NaN,NaN,NaN,0,0,
505.778292444469,phy_interval,4,5,4,2534,8,NaN,NaN,NaN,2.00678109001819e-14,-1.58379249041479,NaN,NaN,0,0,NaN,0,0,
505.778292444469,phy_signal_end,4,5,4,2534,8,-109.883905530753,142.883905530753,-2.90890553075294,2.00678109001819e-14,-1.58379249041479,0,0,0,0,0,0,1,accepted
505.817011086064,phy_signal_start,5,1,3,2536,8,-107.875945171156,NaN,-0.900945171156323,NaN,NaN,NaN,NaN,NaN,NaN,NaN,0,0,
505.817019162592,phy_interval,5,1,3,2536,8,NaN,NaN,NaN,2.00678109001819e-14,-9.50707542521215,NaN,NaN,0,0,NaN,0,0,
505.817019162592,phy_signal_start,5,3,1,2537,8,-117.383020596368,NaN,-10.4080205963685,NaN,NaN,NaN,NaN,NaN,NaN,NaN,0,0,
505.817023527005,phy_signal_start,4,1,3,2536,8,-120.947516094342,NaN,-13.9725160943423,NaN,NaN,NaN,NaN,NaN,NaN,NaN,0,0,
505.823641086064,phy_interval,5,1,3,2536,8,NaN,NaN,NaN,2.00678109001819e-14,-9.50707542521215,NaN,NaN,0,0,NaN,1,0,
505.823641086064,phy_interval,5,3,1,2537,8,NaN,NaN,NaN,2.00678109001819e-14,-9.50707542521215,NaN,NaN,0,0,NaN,1,0,
505.823641086064,phy_track,5,1,3,2536,8,NaN,NaN,NaN,NaN,-9.50707542521215,NaN,NaN,NaN,NaN,NaN,0,0,
505.882291086064,phy_interval,5,1,3,2536,8,NaN,NaN,NaN,2.00678109001819e-14,-9.50707542521215,NaN,NaN,0,0,NaN,1,0,
505.882291086064,phy_interval,5,3,1,2537,8,NaN,NaN,NaN,2.00678109001819e-14,-9.50707542521215,NaN,NaN,0,0,NaN,1,0,
505.882291086064,phy_signal_end,5,1,3,2536,8,-107.875945171156,140.875945171156,-0.900945171156323,2.00678109001819e-14,-9.50707542521215,0,0,0,0,0,1,1,accepted
505.882303527005,phy_interval,4,1,3,2536,8,NaN,NaN,NaN,2.00678109001819e-14,-1.58379249041479,NaN,NaN,0,3,NaN,0,0,
505.882303527005,phy_signal_end,4,1,3,2536,8,-120.947516094342,153.947516094342,-13.9725160943423,2.00678109001819e-14,-1.58379249041479,0.0151165618870165,0.0151165618870165,0,3,3,0,0,sync_threshold
505.973012444469,phy_interval,5,3,1,2537,8,NaN,NaN,NaN,2.00678109001819e-14,-9.50707542521215,NaN,NaN,0,0,NaN,1,0,
505.973012444469,phy_signal_start,5,4,2,2538,8,-109.883905530753,NaN,-2.90890553075294,NaN,NaN,NaN,NaN,NaN,NaN,NaN,0,0,
505.979642444469,phy_interval,5,3,1,2537,8,NaN,NaN,NaN,2.00678109001819e-14,-7.49911506561554,NaN,NaN,0,0,NaN,2,0,
505.979642444469,phy_interval,5,4,2,2538,8,NaN,NaN,NaN,2.00678109001819e-14,-7.49911506561554,NaN,NaN,0,0,NaN,1,0,
505.979642444469,phy_track,5,4,2,2538,8,NaN,NaN,NaN,NaN,-7.49911506561554,NaN,NaN,NaN,NaN,NaN,0,0,
506.035828977105,phy_signal_end,4,8,2,2535,8,-124.567050032692,157.567050032692,Inf,0,-Inf,0,0,0,0,0,0,0,closure
506.035841420289,phy_signal_end,5,8,2,2535,8,-130.773375084599,163.773375084599,Inf,0,-Inf,0,0,0,0,0,0,0,closure
506.038292444469,phy_interval,5,3,1,2537,8,NaN,NaN,NaN,2.00678109001819e-14,-7.49911506561554,NaN,NaN,0,0,NaN,2,0,
506.038292444469,phy_interval,5,4,2,2538,8,NaN,NaN,NaN,2.00678109001819e-14,-7.49911506561554,NaN,NaN,0,0,NaN,1,0,
506.038292444469,phy_signal_end,5,4,2,2538,8,-109.883905530753,142.883905530753,-2.90890553075294,2.00678109001819e-14,-7.49911506561554,0,0,0,0,0,1,1,accepted
506.061819162592,phy_interval,5,3,1,2537,8,NaN,NaN,NaN,2.00678109001819e-14,-7.49911506561554,NaN,NaN,0,0,NaN,2,0,
506.061819162592,phy_signal_end,5,3,1,2537,8,-117.383020596368,150.383020596368,-10.4080205963685,2.00678109001819e-14,-7.49911506561554,9.88680648024889e-05,9.88680648024889e-05,0,0,0,2,0,not_acquired
506.061831604377,phy_signal_end,4,3,1,2537,8,-126.074739474425,159.074739474425,Inf,0,-Inf,0,0,0,0,0,0,0,closure
506.077013632365,phy_signal_start,4,2,8,2539,8,-111.467698021168,NaN,-4.49269802116773,NaN,NaN,NaN,NaN,NaN,NaN,NaN,0,0,
506.083643632365,phy_interval,4,2,8,2539,8,NaN,NaN,NaN,2.00678109001819e-14,-1.58379249041479,NaN,NaN,0,0,NaN,0,0,
506.083643632365,phy_track,4,2,8,2539,8,NaN,NaN,NaN,NaN,-1.58379249041479,NaN,NaN,NaN,NaN,NaN,0,0,
506.142293632365,phy_interval,4,2,8,2539,8,NaN,NaN,NaN,2.00678109001819e-14,-1.58379249041479,NaN,NaN,0,0,NaN,0,0,
506.142293632365,phy_signal_end,4,2,8,2539,8,-111.467698021168,144.467698021168,-4.49269802116773,2.00678109001819e-14,-1.58379249041479,0,0,0,0,0,0,1,accepted
506.142306076559,phy_signal_end,5,2,8,2539,8,-122.734861677906,155.734861677906,Inf,0,-Inf,0,0,0,0,0,0,0,closure
506.311012444469,phy_signal_start,4,5,1,2540,8,-109.883905530753,NaN,-2.90890553075294,NaN,NaN,NaN,NaN,NaN,NaN,NaN,0,0,
506.317642444469,phy_interval,4,5,1,2540,8,NaN,NaN,NaN,2.00678109001819e-14,-1.58379249041479,NaN,NaN,0,0,NaN,0,0,
506.317642444469,phy_track,4,5,1,2540,8,NaN,NaN,NaN,NaN,-1.58379249041479,NaN,NaN,NaN,NaN,NaN,0,0,
506.480013632365,phy_interval,4,5,1,2540,8,NaN,NaN,NaN,2.00678109001819e-14,-1.58379249041479,NaN,NaN,0,0,NaN,0,0,
506.480013632365,phy_signal_start,4,2,8,2541,8,-111.467698021168,NaN,-4.49269802116773,NaN,NaN,NaN,NaN,NaN,NaN,NaN,0,0,
506.545293632365,phy_interval,4,5,1,2540,8,NaN,NaN,NaN,2.00678109001819e-14,-1.58379249041479,NaN,NaN,0,0,NaN,1,0,
506.545293632365,phy_interval,4,2,8,2541,8,NaN,NaN,NaN,2.00678109001819e-14,-1.58379249041479,NaN,NaN,0,0,NaN,1,0,
506.545293632365,phy_signal_end,4,2,8,2541,8,-111.467698021168,144.467698021168,-4.49269802116773,2.00678109001819e-14,-1.58379249041479,0,0,0,0,0,1,0,not_acquired
506.545306076559,phy_signal_end,5,2,8,2541,8,-122.734861677906,155.734861677906,Inf,0,-Inf,0,0,0,0,0,0,0,closure
506.555812444469,phy_interval,4,5,1,2540,8,NaN,NaN,NaN,2.00678109001819e-14,-1.58379249041479,NaN,NaN,0,0,NaN,1,0,
506.555812444469,phy_signal_end,4,5,1,2540,8,-109.883905530753,142.883905530753,-2.90890553075294,2.00678109001819e-14,-1.58379249041479,0,0,0,0,0,1,1,accepted
506.558019162592,phy_signal_start,5,3,1,2542,8,-117.383020596368,NaN,-10.4080205963685,NaN,NaN,NaN,NaN,NaN,NaN,NaN,0,0,
506.649013632365,phy_signal_start,4,2,8,2543,8,-111.467698021168,NaN,-4.49269802116773,NaN,NaN,NaN,NaN,NaN,NaN,NaN,0,0,
506.655643632365,phy_interval,4,2,8,2543,8,NaN,NaN,NaN,2.00678109001819e-14,-1.58379249041479,NaN,NaN,0,0,NaN,0,0,
506.655643632365,phy_track,4,2,8,2543,8,NaN,NaN,NaN,NaN,-1.58379249041479,NaN,NaN,NaN,NaN,NaN,0,0,
506.714012444469,phy_interval,4,2,8,2543,8,NaN,NaN,NaN,2.00678109001819e-14,-1.58379249041479,NaN,NaN,0,0,NaN,0,0,
506.714012444469,phy_signal_start,4,5,1,2544,8,-109.883905530753,NaN,-2.90890553075294,NaN,NaN,NaN,NaN,NaN,NaN,NaN,0,0,
506.714293632365,phy_interval,4,2,8,2543,8,NaN,NaN,NaN,2.00678109001819e-14,-1.58379249041479,NaN,NaN,0,0,NaN,1,0,
506.714293632365,phy_interval,4,5,1,2544,8,NaN,NaN,NaN,2.00678109001819e-14,-1.58379249041479,NaN,NaN,0,0,NaN,1,0,
506.714293632365,phy_signal_end,4,2,8,2543,8,-111.467698021168,144.467698021168,-4.49269802116773,2.00678109001819e-14,-1.58379249041479,0,0,0,0,0,1,1,accepted
506.714306076559,phy_signal_end,5,2,8,2543,8,-122.734861677906,155.734861677906,Inf,0,-Inf,0,0,0,0,0,0,0,closure
506.720923632365,phy_interval,4,5,1,2544,8,NaN,NaN,NaN,2.00678109001819e-14,-1.58379249041479,NaN,NaN,0,0,NaN,1,0,
506.720923632365,phy_track,4,5,1,2544,8,NaN,NaN,NaN,NaN,-1.58379249041479,NaN,NaN,NaN,NaN,NaN,0,0,
506.802819162592,phy_interval,5,3,1,2542,8,NaN,NaN,NaN,2.00678109001819e-14,-7.49911506561554,NaN,NaN,0,1,NaN,0,0,
506.802819162592,phy_signal_end,5,3,1,2542,8,-117.383020596368,150.383020596368,-10.4080205963685,2.00678109001819e-14,-7.49911506561554,3.40962752323828e-05,3.40962752323828e-05,0,1,1,0,0,half_duplex
506.802831604377,phy_signal_end,4,3,1,2542,8,-126.074739474425,159.074739474425,Inf,0,-Inf,0,0,0,0,0,0,0,closure
506.922019162592,phy_signal_start,5,3,1,2546,8,-117.383020596368,NaN,-10.4080205963685,NaN,NaN,NaN,NaN,NaN,NaN,NaN,0,0,
506.958812444469,phy_interval,4,5,1,2544,8,NaN,NaN,NaN,2.00678109001819e-14,-1.58379249041479,NaN,NaN,0,0,NaN,1,0,
506.958812444469,phy_signal_end,4,5,1,2544,8,-109.883905530753,142.883905530753,-2.90890553075294,2.00678109001819e-14,-1.58379249041479,0,0,0,0,0,1,1,accepted
506.987012444469,phy_interval,5,3,1,2546,8,NaN,NaN,NaN,2.00678109001819e-14,-7.49911506561554,NaN,NaN,0,0,NaN,0,0,
506.987012444469,phy_signal_start,5,4,2,2547,8,-109.883905530753,NaN,-2.90890553075294,NaN,NaN,NaN,NaN,NaN,NaN,NaN,0,0,
506.993642444469,phy_interval,5,3,1,2546,8,NaN,NaN,NaN,2.00678109001819e-14,-7.49911506561554,NaN,NaN,0,0,NaN,1,0,
506.993642444469,phy_interval,5,4,2,2547,8,NaN,NaN,NaN,2.00678109001819e-14,-7.49911506561554,NaN,NaN,0,0,NaN,1,0,
506.993642444469,phy_track,5,4,2,2547,8,NaN,NaN,NaN,NaN,-7.49911506561554,NaN,NaN,NaN,NaN,NaN,0,0,
507.036828977105,phy_signal_end,4,8,2,2545,8,-124.567050032692,157.567050032692,Inf,0,-Inf,0,0,0,0,0,0,0,closure
507.036841420289,phy_signal_end,5,8,2,2545,8,-130.773375084599,163.773375084599,Inf,0,-Inf,0,0,0,0,0,0,0,closure
507.039013632365,phy_signal_start,4,2,8,2548,8,-111.467698021168,NaN,-4.49269802116773,NaN,NaN,NaN,NaN,NaN,NaN,NaN,0,0,
507.052292444469,phy_interval,5,3,1,2546,8,NaN,NaN,NaN,2.00678109001819e-14,-7.49911506561554,NaN,NaN,0,0,NaN,1,0,
507.052292444469,phy_interval,5,4,2,2547,8,NaN,NaN,NaN,2.00678109001819e-14,-7.49911506561554,NaN,NaN,0,0,NaN,1,0,
507.052292444469,phy_signal_end,5,4,2,2547,8,-109.883905530753,142.883905530753,-2.90890553075294,2.00678109001819e-14,-7.49911506561554,0,0,0,0,0,1,1,accepted
507.078012444469,phy_interval,5,3,1,2546,8,NaN,NaN,NaN,2.00678109001819e-14,-7.49911506561554,NaN,NaN,0,0,NaN,1,0,
507.078012444469,phy_signal_start,5,4,2,2549,8,-109.883905530753,NaN,-2.90890553075294,NaN,NaN,NaN,NaN,NaN,NaN,NaN,0,0,
507.084642444469,phy_interval,5,3,1,2546,8,NaN,NaN,NaN,2.00678109001819e-14,-7.49911506561554,NaN,NaN,0,0,NaN,2,0,
507.084642444469,phy_interval,5,4,2,2549,8,NaN,NaN,NaN,2.00678109001819e-14,-7.49911506561554,NaN,NaN,0,0,NaN,1,0,
507.084642444469,phy_track,5,4,2,2549,8,NaN,NaN,NaN,NaN,-7.49911506561554,NaN,NaN,NaN,NaN,NaN,0,0,
507.104293632365,phy_interval,4,2,8,2548,8,NaN,NaN,NaN,2.00678109001819e-14,-1.58379249041479,NaN,NaN,0,0,NaN,0,0,
507.104293632365,phy_signal_end,4,2,8,2548,8,-111.467698021168,144.467698021168,-4.49269802116773,2.00678109001819e-14,-1.58379249041479,0,0,0,0,0,0,0,half_duplex
507.104306076559,phy_signal_end,5,2,8,2548,8,-122.734861677906,155.734861677906,Inf,0,-Inf,0,0,0,0,0,0,0,closure
507.143292444469,phy_interval,5,3,1,2546,8,NaN,NaN,NaN,2.00678109001819e-14,-7.49911506561554,NaN,NaN,0,0,NaN,2,0,
507.143292444469,phy_interval,5,4,2,2549,8,NaN,NaN,NaN,2.00678109001819e-14,-7.49911506561554,NaN,NaN,0,0,NaN,1,0,
507.143292444469,phy_signal_end,5,4,2,2549,8,-109.883905530753,142.883905530753,-2.90890553075294,2.00678109001819e-14,-7.49911506561554,0,0,0,0,0,1,1,accepted
507.166819162592,phy_interval,5,3,1,2546,8,NaN,NaN,NaN,2.00678109001819e-14,-7.49911506561554,NaN,NaN,0,0,NaN,2,0,
507.166819162592,phy_signal_end,5,3,1,2546,8,-117.383020596368,150.383020596368,-10.4080205963685,2.00678109001819e-14,-7.49911506561554,9.88680648024889e-05,9.88680648024889e-05,0,0,0,2,0,half_duplex
507.166831604377,phy_signal_end,4,3,1,2546,8,-126.074739474425,159.074739474425,Inf,0,-Inf,0,0,0,0,0,0,0,closure
507.195011086064,phy_signal_start,5,1,5,2550,8,-107.875945171156,NaN,-0.900945171156323,NaN,NaN,NaN,NaN,NaN,NaN,NaN,0,0,
507.195023527005,phy_signal_start,4,1,5,2550,8,-120.947516094342,NaN,-13.9725160943423,NaN,NaN,NaN,NaN,NaN,NaN,NaN,0,0,
507.201641086064,phy_interval,5,1,5,2550,8,NaN,NaN,NaN,2.00678109001819e-14,-7.49911506561554,NaN,NaN,0,0,NaN,0,0,
507.201641086064,phy_track,5,1,5,2550,8,NaN,NaN,NaN,NaN,-7.49911506561554,NaN,NaN,NaN,NaN,NaN,0,0,
507.221012444469,phy_interval,5,1,5,2550,8,NaN,NaN,NaN,2.00678109001819e-14,-7.49911506561554,NaN,NaN,0,0,NaN,0,0,
507.221012444469,phy_signal_start,5,4,2,2551,8,-109.883905530753,NaN,-2.90890553075294,NaN,NaN,NaN,NaN,NaN,NaN,NaN,0,0,
507.286292444469,phy_interval,5,1,5,2550,8,NaN,NaN,NaN,2.00678109001819e-14,-2.00796035959661,NaN,NaN,0,0,NaN,1,0,
507.286292444469,phy_interval,5,4,2,2551,8,NaN,NaN,NaN,2.00678109001819e-14,-2.00796035959661,NaN,NaN,0,0,NaN,1,0,
507.286292444469,phy_signal_end,5,4,2,2551,8,-109.883905530753,142.883905530753,-2.90890553075294,2.00678109001819e-14,-2.00796035959661,0,0,0,0,0,1,0,not_acquired
507.302111086064,phy_interval,5,1,5,2550,8,NaN,NaN,NaN,2.00678109001819e-14,-2.00796035959661,NaN,NaN,0,0,NaN,1,0,
507.302111086064,phy_signal_end,5,1,5,2550,8,-107.875945171156,140.875945171156,-0.900945171156323,2.00678109001819e-14,-2.00796035959661,0,0,0,0,0,1,1,accepted
507.302123527005,phy_interval,4,1,5,2550,8,NaN,NaN,NaN,2.00678109001819e-14,-1.58379249041479,NaN,NaN,0,7,NaN,0,0,
507.302123527005,phy_signal_end,4,1,5,2550,8,-120.947516094342,153.947516094342,-13.9725160943423,2.00678109001819e-14,-1.58379249041479,0.0151165618870165,0.0151165618870165,0,7,7,0,0,half_duplex
507.338013632365,phy_signal_start,4,2,8,2552,8,-111.467698021168,NaN,-4.49269802116773,NaN,NaN,NaN,NaN,NaN,NaN,NaN,0,0,
507.344643632365,phy_interval,4,2,8,2552,8,NaN,NaN,NaN,2.00678109001819e-14,-1.58379249041479,NaN,NaN,0,0,NaN,0,0,
507.344643632365,phy_track,4,2,8,2552,8,NaN,NaN,NaN,NaN,-1.58379249041479,NaN,NaN,NaN,NaN,NaN,0,0,
507.403293632365,phy_interval,4,2,8,2552,8,NaN,NaN,NaN,2.00678109001819e-14,-1.58379249041479,NaN,NaN,0,0,NaN,0,0,
507.403293632365,phy_signal_end,4,2,8,2552,8,-111.467698021168,144.467698021168,-4.49269802116773,2.00678109001819e-14,-1.58379249041479,0,0,0,0,0,0,1,accepted
507.403306076559,phy_signal_end,5,2,8,2552,8,-122.734861677906,155.734861677906,Inf,0,-Inf,0,0,0,0,0,0,0,closure
507.416012444469,phy_signal_start,4,5,1,2553,8,-109.883905530753,NaN,-2.90890553075294,NaN,NaN,NaN,NaN,NaN,NaN,NaN,0,0,
507.422642444469,phy_interval,4,5,1,2553,8,NaN,NaN,NaN,2.00678109001819e-14,-1.58379249041479,NaN,NaN,0,0,NaN,0,0,
507.422642444469,phy_track,4,5,1,2553,8,NaN,NaN,NaN,NaN,-1.58379249041479,NaN,NaN,NaN,NaN,NaN,0,0,
507.660812444469,phy_interval,4,5,1,2553,8,NaN,NaN,NaN,2.00678109001819e-14,-1.58379249041479,NaN,NaN,0,0,NaN,0,0,
507.660812444469,phy_signal_end,4,5,1,2553,8,-109.883905530753,142.883905530753,-2.90890553075294,2.00678109001819e-14,-1.58379249041479,0,0,0,0,0,0,1,accepted
507.663011086064,phy_signal_start,5,1,5,2555,8,-107.875945171156,NaN,-0.900945171156323,NaN,NaN,NaN,NaN,NaN,NaN,NaN,0,0,
507.663023527005,phy_signal_start,4,1,5,2555,8,-120.947516094342,NaN,-13.9725160943423,NaN,NaN,NaN,NaN,NaN,NaN,NaN,0,0,
507.669641086064,phy_interval,5,1,5,2555,8,NaN,NaN,NaN,2.00678109001819e-14,-2.00796035959661,NaN,NaN,0,0,NaN,0,0,
507.669641086064,phy_track,5,1,5,2555,8,NaN,NaN,NaN,NaN,-2.00796035959661,NaN,NaN,NaN,NaN,NaN,0,0,
507.764828977105,phy_signal_end,4,8,2,2554,8,-124.567050032692,157.567050032692,Inf,0,-Inf,0,0,0,0,0,0,0,closure
507.764841420289,phy_signal_end,5,8,2,2554,8,-130.773375084599,163.773375084599,Inf,0,-Inf,0,0,0,0,0,0,0,closure
507.770111086064,phy_interval,5,1,5,2555,8,NaN,NaN,NaN,2.00678109001819e-14,-2.00796035959661,NaN,NaN,0,0,NaN,0,0,
507.770111086064,phy_signal_end,5,1,5,2555,8,-107.875945171156,140.875945171156,-0.900945171156323,2.00678109001819e-14,-2.00796035959661,0,0,0,0,0,0,1,accepted
507.770123527005,phy_interval,4,1,5,2555,8,NaN,NaN,NaN,2.00678109001819e-14,-1.58379249041479,NaN,NaN,0,15,NaN,0,0,
507.770123527005,phy_signal_end,4,1,5,2555,8,-120.947516094342,153.947516094342,-13.9725160943423,2.00678109001819e-14,-1.58379249041479,0.0151165618870165,0.0151165618870165,0,15,15,0,0,sync_threshold
507.793019162592,phy_signal_start,5,3,1,2556,8,-117.383020596368,NaN,-10.4080205963685,NaN,NaN,NaN,NaN,NaN,NaN,NaN,0,0,
507.799649162592,phy_interval,5,3,1,2556,8,NaN,NaN,NaN,2.00678109001819e-14,-2.00796035959661,NaN,NaN,0,0,NaN,0,0,
507.799649162592,phy_track,5,3,1,2556,8,NaN,NaN,NaN,NaN,-2.00796035959661,NaN,NaN,NaN,NaN,NaN,0,0,
507.845013632365,phy_signal_start,4,2,8,2557,8,-111.467698021168,NaN,-4.49269802116773,NaN,NaN,NaN,NaN,NaN,NaN,NaN,0,0,
507.851643632365,phy_interval,4,2,8,2557,8,NaN,NaN,NaN,2.00678109001819e-14,-1.58379249041479,NaN,NaN,0,0,NaN,0,0,
507.851643632365,phy_track,4,2,8,2557,8,NaN,NaN,NaN,NaN,-1.58379249041479,NaN,NaN,NaN,NaN,NaN,0,0,
507.910293632365,phy_interval,4,2,8,2557,8,NaN,NaN,NaN,2.00678109001819e-14,-1.58379249041479,NaN,NaN,0,0,NaN,0,0,
507.910293632365,phy_signal_end,4,2,8,2557,8,-111.467698021168,144.467698021168,-4.49269802116773,2.00678109001819e-14,-1.58379249041479,0,0,0,0,0,0,1,accepted
507.910306076559,phy_signal_end,5,2,8,2557,8,-122.734861677906,155.734861677906,Inf,0,-Inf,0,0,0,0,0,0,0,closure
507.988012444469,phy_interval,5,3,1,2556,8,NaN,NaN,NaN,2.00678109001819e-14,-2.00796035959661,NaN,NaN,0,0,NaN,0,0,
507.988012444469,phy_signal_start,5,4,2,2558,8,-109.883905530753,NaN,-2.90890553075294,NaN,NaN,NaN,NaN,NaN,NaN,NaN,0,0,
508.037819162592,phy_interval,5,3,1,2556,8,NaN,NaN,NaN,2.00678109001819e-14,-7.49911506561554,NaN,NaN,0,0,NaN,1,0,
508.037819162592,phy_interval,5,4,2,2558,8,NaN,NaN,NaN,2.00678109001819e-14,-7.49911506561554,NaN,NaN,0,0,NaN,1,0,
508.037819162592,phy_signal_end,5,3,1,2556,8,-117.383020596368,150.383020596368,-10.4080205963685,2.00678109001819e-14,-7.49911506561554,8.80695441799548e-05,8.80695441799548e-05,0,0,0,1,1,accepted
508.037831604377,phy_signal_end,4,3,1,2556,8,-126.074739474425,159.074739474425,Inf,0,-Inf,0,0,0,0,0,0,0,closure
508.053292444469,phy_interval,5,4,2,2558,8,NaN,NaN,NaN,2.00678109001819e-14,-7.49911506561554,NaN,NaN,0,0,NaN,1,0,
508.053292444469,phy_signal_end,5,4,2,2558,8,-109.883905530753,142.883905530753,-2.90890553075294,2.00678109001819e-14,-7.49911506561554,0,0,0,0,0,1,0,not_acquired
508.092013632365,phy_signal_start,4,2,8,2559,8,-111.467698021168,NaN,-4.49269802116773,NaN,NaN,NaN,NaN,NaN,NaN,NaN,0,0,
508.098643632365,phy_interval,4,2,8,2559,8,NaN,NaN,NaN,2.00678109001819e-14,-1.58379249041479,NaN,NaN,0,0,NaN,0,0,
508.098643632365,phy_track,4,2,8,2559,8,NaN,NaN,NaN,NaN,-1.58379249041479,NaN,NaN,NaN,NaN,NaN,0,0,
508.157293632365,phy_interval,4,2,8,2559,8,NaN,NaN,NaN,2.00678109001819e-14,-1.58379249041479,NaN,NaN,0,0,NaN,0,0,
508.157293632365,phy_signal_end,4,2,8,2559,8,-111.467698021168,144.467698021168,-4.49269802116773,2.00678109001819e-14,-1.58379249041479,0,0,0,0,0,0,1,accepted
508.157306076559,phy_signal_end,5,2,8,2559,8,-122.734861677906,155.734861677906,Inf,0,-Inf,0,0,0,0,0,0,0,closure
508.170012444469,phy_signal_start,5,4,5,2560,8,-109.883905530753,NaN,-2.90890553075294,NaN,NaN,NaN,NaN,NaN,NaN,NaN,0,0,
508.176642444469,phy_interval,5,4,5,2560,8,NaN,NaN,NaN,2.00678109001819e-14,-7.49911506561554,NaN,NaN,0,0,NaN,0,0,
508.176642444469,phy_track,5,4,5,2560,8,NaN,NaN,NaN,NaN,-7.49911506561554,NaN,NaN,NaN,NaN,NaN,0,0,
508.404011086064,phy_interval,5,4,5,2560,8,NaN,NaN,NaN,2.00678109001819e-14,-7.49911506561554,NaN,NaN,0,0,NaN,0,0,
508.404011086064,phy_signal_start,5,1,5,2562,8,-107.875945171156,NaN,-0.900945171156323,NaN,NaN,NaN,NaN,NaN,NaN,NaN,0,0,
508.404023527005,phy_signal_start,4,1,5,2562,8,-120.947516094342,NaN,-13.9725160943423,NaN,NaN,NaN,NaN,NaN,NaN,NaN,0,0,
508.414812444469,phy_interval,5,4,5,2560,8,NaN,NaN,NaN,2.00678109001819e-14,-2.00796035959661,NaN,NaN,0,0,NaN,1,0,
508.414812444469,phy_interval,5,1,5,2562,8,NaN,NaN,NaN,2.00678109001819e-14,-2.00796035959661,NaN,NaN,0,0,NaN,1,0,
508.414812444469,phy_signal_end,5,4,5,2560,8,-109.883905530753,142.883905530753,-2.90890553075294,2.00678109001819e-14,-2.00796035959661,0,0,0,0,0,1,1,accepted
508.505828977105,phy_signal_end,4,8,2,2561,8,-124.567050032692,157.567050032692,Inf,0,-Inf,0,0,0,0,0,0,0,closure
508.505841420289,phy_signal_end,5,8,2,2561,8,-130.773375084599,163.773375084599,Inf,0,-Inf,0,0,0,0,0,0,0,closure
508.511111086064,phy_interval,5,1,5,2562,8,NaN,NaN,NaN,2.00678109001819e-14,-2.00796035959661,NaN,NaN,0,0,NaN,1,0,
508.511111086064,phy_signal_end,5,1,5,2562,8,-107.875945171156,140.875945171156,-0.900945171156323,2.00678109001819e-14,-2.00796035959661,0,0,0,0,0,1,0,not_acquired
508.511123527005,phy_interval,4,1,5,2562,8,NaN,NaN,NaN,2.00678109001819e-14,-1.58379249041479,NaN,NaN,2,6,NaN,0,0,
508.511123527005,phy_signal_end,4,1,5,2562,8,-120.947516094342,153.947516094342,-13.9725160943423,2.00678109001819e-14,-1.58379249041479,0.0151165618870165,0.0151165618870165,2,6,8,0,0,half_duplex
508.521019162592,phy_signal_start,5,3,1,2563,8,-117.383020596368,NaN,-10.4080205963685,NaN,NaN,NaN,NaN,NaN,NaN,NaN,0,0,
508.527649162592,phy_interval,5,3,1,2563,8,NaN,NaN,NaN,2.00678109001819e-14,-2.00796035959661,NaN,NaN,0,0,NaN,0,0,
508.527649162592,phy_track,5,3,1,2563,8,NaN,NaN,NaN,NaN,-2.00796035959661,NaN,NaN,NaN,NaN,NaN,0,0,
508.599013632365,phy_signal_start,4,2,8,2564,8,-111.467698021168,NaN,-4.49269802116773,NaN,NaN,NaN,NaN,NaN,NaN,NaN,0,0,
508.605643632365,phy_interval,4,2,8,2564,8,NaN,NaN,NaN,2.00678109001819e-14,-1.58379249041479,NaN,NaN,0,0,NaN,0,0,
508.605643632365,phy_track,4,2,8,2564,8,NaN,NaN,NaN,NaN,-1.58379249041479,NaN,NaN,NaN,NaN,NaN,0,0,
508.664293632365,phy_interval,4,2,8,2564,8,NaN,NaN,NaN,2.00678109001819e-14,-1.58379249041479,NaN,NaN,0,0,NaN,0,0,
508.664293632365,phy_signal_end,4,2,8,2564,8,-111.467698021168,144.467698021168,-4.49269802116773,2.00678109001819e-14,-1.58379249041479,0,0,0,0,0,0,1,accepted
508.664306076559,phy_signal_end,5,2,8,2564,8,-122.734861677906,155.734861677906,Inf,0,-Inf,0,0,0,0,0,0,0,closure
508.703013632365,phy_signal_start,4,2,8,2565,8,-111.467698021168,NaN,-4.49269802116773,NaN,NaN,NaN,NaN,NaN,NaN,NaN,0,0,
508.709643632365,phy_interval,4,2,8,2565,8,NaN,NaN,NaN,2.00678109001819e-14,-1.58379249041479,NaN,NaN,0,0,NaN,0,0,
508.709643632365,phy_track,4,2,8,2565,8,NaN,NaN,NaN,NaN,-1.58379249041479,NaN,NaN,NaN,NaN,NaN,0,0,
508.765819162592,phy_interval,5,3,1,2563,8,NaN,NaN,NaN,2.00678109001819e-14,-2.00796035959661,NaN,NaN,0,1,NaN,0,0,
508.765819162592,phy_signal_end,5,3,1,2563,8,-117.383020596368,150.383020596368,-10.4080205963685,2.00678109001819e-14,-2.00796035959661,3.40962752323828e-05,3.40962752323828e-05,0,1,1,0,1,accepted
508.765831604377,phy_signal_end,4,3,1,2563,8,-126.074739474425,159.074739474425,Inf,0,-Inf,0,0,0,0,0,0,0,closure
508.768012444469,phy_interval,4,2,8,2565,8,NaN,NaN,NaN,2.00678109001819e-14,-1.58379249041479,NaN,NaN,0,0,NaN,0,0,
508.768012444469,phy_signal_start,4,5,4,2566,8,-109.883905530753,NaN,-2.90890553075294,NaN,NaN,NaN,NaN,NaN,NaN,NaN,0,0,
508.768293632365,phy_interval,4,2,8,2565,8,NaN,NaN,NaN,2.00678109001819e-14,-1.58379249041479,NaN,NaN,0,0,NaN,1,0,
508.768293632365,phy_interval,4,5,4,2566,8,NaN,NaN,NaN,2.00678109001819e-14,-1.58379249041479,NaN,NaN,0,0,NaN,1,0,
508.768293632365,phy_signal_end,4,2,8,2565,8,-111.467698021168,144.467698021168,-4.49269802116773,2.00678109001819e-14,-1.58379249041479,0,0,0,0,0,1,1,accepted
508.768306076559,phy_signal_end,5,2,8,2565,8,-122.734861677906,155.734861677906,Inf,0,-Inf,0,0,0,0,0,0,0,closure
508.774923632365,phy_interval,4,5,4,2566,8,NaN,NaN,NaN,2.00678109001819e-14,-1.58379249041479,NaN,NaN,0,0,NaN,1,0,
508.774923632365,phy_track,4,5,4,2566,8,NaN,NaN,NaN,NaN,-1.58379249041479,NaN,NaN,NaN,NaN,NaN,0,0,
508.833292444469,phy_interval,4,5,4,2566,8,NaN,NaN,NaN,2.00678109001819e-14,-1.58379249041479,NaN,NaN,0,0,NaN,1,0,
508.833292444469,phy_signal_end,4,5,4,2566,8,-109.883905530753,142.883905530753,-2.90890553075294,2.00678109001819e-14,-1.58379249041479,0,0,0,0,0,1,1,accepted
508.885012444469,phy_signal_start,4,5,4,2567,8,-109.883905530753,NaN,-2.90890553075294,NaN,NaN,NaN,NaN,NaN,NaN,NaN,0,0,
508.891642444469,phy_interval,4,5,4,2567,8,NaN,NaN,NaN,2.00678109001819e-14,-1.58379249041479,NaN,NaN,0,0,NaN,0,0,
508.891642444469,phy_track,4,5,4,2567,8,NaN,NaN,NaN,NaN,-1.58379249041479,NaN,NaN,NaN,NaN,NaN,0,0,
508.950292444469,phy_interval,4,5,4,2567,8,NaN,NaN,NaN,2.00678109001819e-14,-1.58379249041479,NaN,NaN,0,0,NaN,0,0,
508.950292444469,phy_signal_end,4,5,4,2567,8,-109.883905530753,142.883905530753,-2.90890553075294,2.00678109001819e-14,-1.58379249041479,0,0,0,0,0,0,1,accepted
509.145011086064,phy_signal_start,5,1,5,2569,8,-107.875945171156,NaN,-0.900945171156323,NaN,NaN,NaN,NaN,NaN,NaN,NaN,0,0,
509.145023527005,phy_signal_start,4,1,5,2569,8,-120.947516094342,NaN,-13.9725160943423,NaN,NaN,NaN,NaN,NaN,NaN,NaN,0,0,
509.151641086064,phy_interval,5,1,5,2569,8,NaN,NaN,NaN,2.00678109001819e-14,-2.00796035959661,NaN,NaN,0,0,NaN,0,0,
509.151641086064,phy_track,5,1,5,2569,8,NaN,NaN,NaN,NaN,-2.00796035959661,NaN,NaN,NaN,NaN,NaN,0,0,
509.181828977105,phy_signal_end,4,8,2,2568,8,-124.567050032692,157.567050032692,Inf,0,-Inf,0,0,0,0,0,0,0,closure
509.181841420289,phy_signal_end,5,8,2,2568,8,-130.773375084599,163.773375084599,Inf,0,-Inf,0,0,0,0,0,0,0,closure
509.252111086064,phy_interval,5,1,5,2569,8,NaN,NaN,NaN,2.00678109001819e-14,-2.00796035959661,NaN,NaN,0,0,NaN,0,0,
509.252111086064,phy_signal_end,5,1,5,2569,8,-107.875945171156,140.875945171156,-0.900945171156323,2.00678109001819e-14,-2.00796035959661,0,0,0,0,0,0,1,accepted
509.252123527005,phy_interval,4,1,5,2569,8,NaN,NaN,NaN,2.00678109001819e-14,-1.58379249041479,NaN,NaN,0,9,NaN,0,0,
509.252123527005,phy_signal_end,4,1,5,2569,8,-120.947516094342,153.947516094342,-13.9725160943423,2.00678109001819e-14,-1.58379249041479,0.0151165618870165,0.0151165618870165,0,9,9,0,0,sync_threshold
509.262012444469,phy_signal_start,5,4,5,2570,8,-109.883905530753,NaN,-2.90890553075294,NaN,NaN,NaN,NaN,NaN,NaN,NaN,0,0,
509.268642444469,phy_interval,5,4,5,2570,8,NaN,NaN,NaN,2.00678109001819e-14,-2.00796035959661,NaN,NaN,0,0,NaN,0,0,
509.268642444469,phy_track,5,4,5,2570,8,NaN,NaN,NaN,NaN,-2.00796035959661,NaN,NaN,NaN,NaN,NaN,0,0,
509.314019162592,phy_interval,5,4,5,2570,8,NaN,NaN,NaN,2.00678109001819e-14,-2.00796035959661,NaN,NaN,0,0,NaN,0,0,
509.314019162592,phy_signal_start,5,3,1,2571,8,-117.383020596368,NaN,-10.4080205963685,NaN,NaN,NaN,NaN,NaN,NaN,NaN,0,0,
509.506812444469,phy_interval,5,4,5,2570,8,NaN,NaN,NaN,2.00678109001819e-14,-7.49911506561554,NaN,NaN,0,0,NaN,1,0,
509.506812444469,phy_interval,5,3,1,2571,8,NaN,NaN,NaN,2.00678109001819e-14,-7.49911506561554,NaN,NaN,0,0,NaN,1,0,
509.506812444469,phy_signal_end,5,4,5,2570,8,-109.883905530753,142.883905530753,-2.90890553075294,2.00678109001819e-14,-7.49911506561554,0,0,0,0,0,1,1,accepted
509.535013632365,phy_signal_start,4,2,8,2572,8,-111.467698021168,NaN,-4.49269802116773,NaN,NaN,NaN,NaN,NaN,NaN,NaN,0,0,
509.541643632365,phy_interval,4,2,8,2572,8,NaN,NaN,NaN,2.00678109001819e-14,-1.58379249041479,NaN,NaN,0,0,NaN,0,0,
509.541643632365,phy_track,4,2,8,2572,8,NaN,NaN,NaN,NaN,-1.58379249041479,NaN,NaN,NaN,NaN,NaN,0,0,
509.558819162592,phy_interval,5,3,1,2571,8,NaN,NaN,NaN,2.00678109001819e-14,-7.49911506561554,NaN,NaN,0,0,NaN,1,0,
509.558819162592,phy_signal_end,5,3,1,2571,8,-117.383020596368,150.383020596368,-10.4080205963685,2.00678109001819e-14,-7.49911506561554,9.44827091734674e-05,9.44827091734674e-05,0,0,0,1,0,not_acquired
509.558831604377,phy_signal_end,4,3,1,2571,8,-126.074739474425,159.074739474425,Inf,0,-Inf,0,0,0,0,0,0,0,closure
509.587012444469,phy_interval,4,2,8,2572,8,NaN,NaN,NaN,2.00678109001819e-14,-1.58379249041479,NaN,NaN,0,0,NaN,0,0,
509.587012444469,phy_signal_start,4,5,4,2573,8,-109.883905530753,NaN,-2.90890553075294,NaN,NaN,NaN,NaN,NaN,NaN,NaN,0,0,
509.600293632365,phy_interval,4,2,8,2572,8,NaN,NaN,NaN,2.00678109001819e-14,-1.58379249041479,NaN,NaN,0,0,NaN,1,0,
509.600293632365,phy_interval,4,5,4,2573,8,NaN,NaN,NaN,2.00678109001819e-14,-1.58379249041479,NaN,NaN,0,0,NaN,1,0,
509.600293632365,phy_signal_end,4,2,8,2572,8,-111.467698021168,144.467698021168,-4.49269802116773,2.00678109001819e-14,-1.58379249041479,0,0,0,0,0,1,1,accepted
509.600306076559,phy_signal_end,5,2,8,2572,8,-122.734861677906,155.734861677906,Inf,0,-Inf,0,0,0,0,0,0,0,closure
509.652292444469,phy_interval,4,5,4,2573,8,NaN,NaN,NaN,2.00678109001819e-14,-1.58379249041479,NaN,NaN,0,0,NaN,1,0,
509.652292444469,phy_signal_end,4,5,4,2573,8,-109.883905530753,142.883905530753,-2.90890553075294,2.00678109001819e-14,-1.58379249041479,0,0,0,0,0,1,0,not_acquired
509.665013632365,phy_signal_start,4,2,8,2574,8,-111.467698021168,NaN,-4.49269802116773,NaN,NaN,NaN,NaN,NaN,NaN,NaN,0,0,
509.665019162592,phy_signal_start,5,3,1,2575,8,-117.383020596368,NaN,-10.4080205963685,NaN,NaN,NaN,NaN,NaN,NaN,NaN,0,0,
509.671643632365,phy_interval,4,2,8,2574,8,NaN,NaN,NaN,2.00678109001819e-14,-1.58379249041479,NaN,NaN,0,0,NaN,0,0,
509.671643632365,phy_track,4,2,8,2574,8,NaN,NaN,NaN,NaN,-1.58379249041479,NaN,NaN,NaN,NaN,NaN,0,0,
509.671649162592,phy_interval,5,3,1,2575,8,NaN,NaN,NaN,2.00678109001819e-14,-7.49911506561554,NaN,NaN,0,0,NaN,0,0,
509.671649162592,phy_track,5,3,1,2575,8,NaN,NaN,NaN,NaN,-7.49911506561554,NaN,NaN,NaN,NaN,NaN,0,0,
509.730293632365,phy_interval,4,2,8,2574,8,NaN,NaN,NaN,2.00678109001819e-14,-1.58379249041479,NaN,NaN,0,0,NaN,0,0,
509.730293632365,phy_signal_end,4,2,8,2574,8,-111.467698021168,144.467698021168,-4.49269802116773,2.00678109001819e-14,-1.58379249041479,0,0,0,0,0,0,1,accepted
509.730306076559,phy_signal_end,5,2,8,2574,8,-122.734861677906,155.734861677906,Inf,0,-Inf,0,0,0,0,0,0,0,closure
509.821012444469,phy_interval,5,3,1,2575,8,NaN,NaN,NaN,2.00678109001819e-14,-7.49911506561554,NaN,NaN,0,0,NaN,0,0,
509.821012444469,phy_signal_start,5,4,5,2576,8,-109.883905530753,NaN,-2.90890553075294,NaN,NaN,NaN,NaN,NaN,NaN,NaN,0,0,
509.909819162592,phy_interval,5,3,1,2575,8,NaN,NaN,NaN,2.00678109001819e-14,-7.49911506561554,NaN,NaN,0,0,NaN,1,0,
509.909819162592,phy_interval,5,4,5,2576,8,NaN,NaN,NaN,2.00678109001819e-14,-7.49911506561554,NaN,NaN,0,0,NaN,1,0,
509.909819162592,phy_signal_end,5,3,1,2575,8,-117.383020596368,150.383020596368,-10.4080205963685,2.00678109001819e-14,-7.49911506561554,9.88680648024889e-05,9.88680648024889e-05,0,0,0,1,1,accepted
509.909831604377,phy_signal_end,4,3,1,2575,8,-126.074739474425,159.074739474425,Inf,0,-Inf,0,0,0,0,0,0,0,closure
509.925011086064,phy_interval,5,4,5,2576,8,NaN,NaN,NaN,2.00678109001819e-14,-7.49911506561554,NaN,NaN,0,0,NaN,1,0,
509.925011086064,phy_signal_start,5,1,5,2577,8,-107.875945171156,NaN,-0.900945171156323,NaN,NaN,NaN,NaN,NaN,NaN,NaN,0,0,
509.925023527005,phy_signal_start,4,1,5,2577,8,-120.947516094342,NaN,-13.9725160943423,NaN,NaN,NaN,NaN,NaN,NaN,NaN,0,0,
509.931641086064,phy_interval,5,4,5,2576,8,NaN,NaN,NaN,2.00678109001819e-14,-2.00796035959661,NaN,NaN,0,0,NaN,2,0,
509.931641086064,phy_interval,5,1,5,2577,8,NaN,NaN,NaN,2.00678109001819e-14,-2.00796035959661,NaN,NaN,0,0,NaN,1,0,
509.931641086064,phy_track,5,1,5,2577,8,NaN,NaN,NaN,NaN,-2.00796035959661,NaN,NaN,NaN,NaN,NaN,0,0,
510.032111086064,phy_interval,5,4,5,2576,8,NaN,NaN,NaN,2.00678109001819e-14,-2.00796035959661,NaN,NaN,0,0,NaN,2,0,
510.032111086064,phy_interval,5,1,5,2577,8,NaN,NaN,NaN,2.00678109001819e-14,-2.00796035959661,NaN,NaN,0,0,NaN,1,0,
510.032111086064,phy_signal_end,5,1,5,2577,8,-107.875945171156,140.875945171156,-0.900945171156323,2.00678109001819e-14,-2.00796035959661,0,0,0,0,0,1,1,accepted
510.032123527005,phy_interval,4,1,5,2577,8,NaN,NaN,NaN,2.00678109001819e-14,-1.58379249041479,NaN,NaN,0,10,NaN,0,0,
510.032123527005,phy_signal_end,4,1,5,2577,8,-120.947516094342,153.947516094342,-13.9725160943423,2.00678109001819e-14,-1.58379249041479,0.0151165618870165,0.0151165618870165,0,10,10,0,0,half_duplex
510.065812444469,phy_interval,5,4,5,2576,8,NaN,NaN,NaN,2.00678109001819e-14,-2.00796035959661,NaN,NaN,0,0,NaN,2,0,
510.065812444469,phy_signal_end,5,4,5,2576,8,-109.883905530753,142.883905530753,-2.90890553075294,2.00678109001819e-14,-2.00796035959661,0,0,0,0,0,2,0,not_acquired
510.146012444469,phy_signal_start,4,5,4,2578,8,-109.883905530753,NaN,-2.90890553075294,NaN,NaN,NaN,NaN,NaN,NaN,NaN,0,0,
510.152642444469,phy_interval,4,5,4,2578,8,NaN,NaN,NaN,2.00678109001819e-14,-1.58379249041479,NaN,NaN,0,0,NaN,0,0,
510.152642444469,phy_track,4,5,4,2578,8,NaN,NaN,NaN,NaN,-1.58379249041479,NaN,NaN,NaN,NaN,NaN,0,0,
510.185013632365,phy_interval,4,5,4,2578,8,NaN,NaN,NaN,2.00678109001819e-14,-1.58379249041479,NaN,NaN,0,0,NaN,0,0,
510.185013632365,phy_signal_start,4,2,8,2579,8,-111.467698021168,NaN,-4.49269802116773,NaN,NaN,NaN,NaN,NaN,NaN,NaN,0,0,
510.211292444469,phy_interval,4,5,4,2578,8,NaN,NaN,NaN,2.00678109001819e-14,-1.58379249041479,NaN,NaN,0,0,NaN,1,0,
510.211292444469,phy_interval,4,2,8,2579,8,NaN,NaN,NaN,2.00678109001819e-14,-1.58379249041479,NaN,NaN,0,0,NaN,1,0,
510.211292444469,phy_signal_end,4,5,4,2578,8,-109.883905530753,142.883905530753,-2.90890553075294,2.00678109001819e-14,-1.58379249041479,0,0,0,0,0,1,1,accepted
510.250019162592,phy_signal_start,5,3,1,2580,8,-117.383020596368,NaN,-10.4080205963685,NaN,NaN,NaN,NaN,NaN,NaN,NaN,0,0,
510.250293632365,phy_interval,4,2,8,2579,8,NaN,NaN,NaN,2.00678109001819e-14,-1.58379249041479,NaN,NaN,0,0,NaN,1,0,
510.250293632365,phy_signal_end,4,2,8,2579,8,-111.467698021168,144.467698021168,-4.49269802116773,2.00678109001819e-14,-1.58379249041479,0,0,0,0,0,1,0,not_acquired
510.250306076559,phy_signal_end,5,2,8,2579,8,-122.734861677906,155.734861677906,Inf,0,-Inf,0,0,0,0,0,0,0,closure
510.256649162592,phy_interval,5,3,1,2580,8,NaN,NaN,NaN,2.00678109001819e-14,-2.00796035959661,NaN,NaN,0,0,NaN,0,0,
510.256649162592,phy_track,5,3,1,2580,8,NaN,NaN,NaN,NaN,-2.00796035959661,NaN,NaN,NaN,NaN,NaN,0,0,
510.458012444469,phy_interval,5,3,1,2580,8,NaN,NaN,NaN,2.00678109001819e-14,-2.00796035959661,NaN,NaN,0,0,NaN,0,0,
510.458012444469,phy_signal_start,5,4,5,2582,8,-109.883905530753,NaN,-2.90890553075294,NaN,NaN,NaN,NaN,NaN,NaN,NaN,0,0,
510.494819162592,phy_interval,5,3,1,2580,8,NaN,NaN,NaN,2.00678109001819e-14,-7.49911506561554,NaN,NaN,0,0,NaN,1,0,
510.494819162592,phy_interval,5,4,5,2582,8,NaN,NaN,NaN,2.00678109001819e-14,-7.49911506561554,NaN,NaN,0,0,NaN,1,0,
510.494819162592,phy_signal_end,5,3,1,2580,8,-117.383020596368,150.383020596368,-10.4080205963685,2.00678109001819e-14,-7.49911506561554,6.05045508870646e-05,6.05045508870646e-05,0,0,0,1,1,accepted
510.494831604377,phy_signal_end,4,3,1,2580,8,-126.074739474425,159.074739474425,Inf,0,-Inf,0,0,0,0,0,0,0,closure
510.497011086064,phy_interval,5,4,5,2582,8,NaN,NaN,NaN,2.00678109001819e-14,-7.49911506561554,NaN,NaN,0,0,NaN,1,0,
510.497011086064,phy_signal_start,5,1,5,2583,8,-107.875945171156,NaN,-0.900945171156323,NaN,NaN,NaN,NaN,NaN,NaN,NaN,0,0,
510.497023527005,phy_signal_start,4,1,5,2583,8,-120.947516094342,NaN,-13.9725160943423,NaN,NaN,NaN,NaN,NaN,NaN,NaN,0,0,
510.503641086064,phy_interval,5,4,5,2582,8,NaN,NaN,NaN,2.00678109001819e-14,-2.00796035959661,NaN,NaN,0,0,NaN,2,0,
510.503641086064,phy_interval,5,1,5,2583,8,NaN,NaN,NaN,2.00678109001819e-14,-2.00796035959661,NaN,NaN,0,0,NaN,1,0,
510.503641086064,phy_track,5,1,5,2583,8,NaN,NaN,NaN,NaN,-2.00796035959661,NaN,NaN,NaN,NaN,NaN,0,0,
510.604111086064,phy_interval,5,4,5,2582,8,NaN,NaN,NaN,2.00678109001819e-14,-2.00796035959661,NaN,NaN,0,0,NaN,2,0,
510.604111086064,phy_interval,5,1,5,2583,8,NaN,NaN,NaN,2.00678109001819e-14,-2.00796035959661,NaN,NaN,0,0,NaN,1,0,
510.604111086064,phy_signal_end,5,1,5,2583,8,-107.875945171156,140.875945171156,-0.900945171156323,2.00678109001819e-14,-2.00796035959661,0,0,0,0,0,1,1,accepted
510.604123527005,phy_interval,4,1,5,2583,8,NaN,NaN,NaN,2.00678109001819e-14,-1.58379249041479,NaN,NaN,0,6,NaN,0,0,
510.604123527005,phy_signal_end,4,1,5,2583,8,-120.947516094342,153.947516094342,-13.9725160943423,2.00678109001819e-14,-1.58379249041479,0.0151165618870165,0.0151165618870165,0,6,6,0,0,half_duplex
510.666019162592,phy_interval,5,4,5,2582,8,NaN,NaN,NaN,2.00678109001819e-14,-2.00796035959661,NaN,NaN,0,0,NaN,2,0,
510.666019162592,phy_signal_start,5,3,1,2584,8,-117.383020596368,NaN,-10.4080205963685,NaN,NaN,NaN,NaN,NaN,NaN,NaN,0,0,
510.672649162592,phy_interval,5,4,5,2582,8,NaN,NaN,NaN,2.00678109001819e-14,7.49911506561554,NaN,NaN,0,0,NaN,3,0,
510.672649162592,phy_interval,5,3,1,2584,8,NaN,NaN,NaN,2.00678109001819e-14,7.49911506561554,NaN,NaN,0,0,NaN,1,0,
510.672649162592,phy_track,5,3,1,2584,8,NaN,NaN,NaN,NaN,7.49911506561554,NaN,NaN,NaN,NaN,NaN,0,0,
510.689828977105,phy_signal_end,4,8,2,2581,8,-124.567050032692,157.567050032692,Inf,0,-Inf,0,0,0,0,0,0,0,closure
510.689841420289,phy_signal_end,5,8,2,2581,8,-130.773375084599,163.773375084599,Inf,0,-Inf,0,0,0,0,0,0,0,closure
510.702812444469,phy_interval,5,4,5,2582,8,NaN,NaN,NaN,2.00678109001819e-14,7.49911506561554,NaN,NaN,0,0,NaN,3,0,
510.702812444469,phy_interval,5,3,1,2584,8,NaN,NaN,NaN,2.00678109001819e-14,7.49911506561554,NaN,NaN,0,0,NaN,1,0,
510.702812444469,phy_signal_end,5,4,5,2582,8,-109.883905530753,142.883905530753,-2.90890553075294,2.00678109001819e-14,7.49911506561554,0,0,0,0,0,3,0,not_acquired
510.796013632365,phy_signal_start,4,2,8,2585,8,-111.467698021168,NaN,-4.49269802116773,NaN,NaN,NaN,NaN,NaN,NaN,NaN,0,0,
510.802643632365,phy_interval,4,2,8,2585,8,NaN,NaN,NaN,2.00678109001819e-14,-1.58379249041479,NaN,NaN,0,0,NaN,0,0,
510.802643632365,phy_track,4,2,8,2585,8,NaN,NaN,NaN,NaN,-1.58379249041479,NaN,NaN,NaN,NaN,NaN,0,0,
510.861293632365,phy_interval,4,2,8,2585,8,NaN,NaN,NaN,2.00678109001819e-14,-1.58379249041479,NaN,NaN,0,0,NaN,0,0,
510.861293632365,phy_signal_end,4,2,8,2585,8,-111.467698021168,144.467698021168,-4.49269802116773,2.00678109001819e-14,-1.58379249041479,0,0,0,0,0,0,1,accepted
510.861306076559,phy_signal_end,5,2,8,2585,8,-122.734861677906,155.734861677906,Inf,0,-Inf,0,0,0,0,0,0,0,closure
510.910819162592,phy_interval,5,3,1,2584,8,NaN,NaN,NaN,2.00678109001819e-14,7.49911506561554,NaN,NaN,0,0,NaN,1,0,
510.910819162592,phy_signal_end,5,3,1,2584,8,-117.383020596368,150.383020596368,-10.4080205963685,2.00678109001819e-14,7.49911506561554,0.000104951493581199,0.000104951493581199,0,0,0,1,1,accepted
510.910831604377,phy_signal_end,4,3,1,2584,8,-126.074739474425,159.074739474425,Inf,0,-Inf,0,0,0,0,0,0,0,closure
510.913013632365,phy_signal_start,4,2,8,2586,8,-111.467698021168,NaN,-4.49269802116773,NaN,NaN,NaN,NaN,NaN,NaN,NaN,0,0,
510.919643632365,phy_interval,4,2,8,2586,8,NaN,NaN,NaN,2.00678109001819e-14,-1.58379249041479,NaN,NaN,0,0,NaN,0,0,
510.919643632365,phy_track,4,2,8,2586,8,NaN,NaN,NaN,NaN,-1.58379249041479,NaN,NaN,NaN,NaN,NaN,0,0,
510.978293632365,phy_interval,4,2,8,2586,8,NaN,NaN,NaN,2.00678109001819e-14,-1.58379249041479,NaN,NaN,0,0,NaN,0,0,
510.978293632365,phy_signal_end,4,2,8,2586,8,-111.467698021168,144.467698021168,-4.49269802116773,2.00678109001819e-14,-1.58379249041479,0,0,0,0,0,0,1,accepted
510.978306076559,phy_signal_end,5,2,8,2586,8,-122.734861677906,155.734861677906,Inf,0,-Inf,0,0,0,0,0,0,0,closure
510.991013632365,phy_signal_start,4,2,8,2587,8,-111.467698021168,NaN,-4.49269802116773,NaN,NaN,NaN,NaN,NaN,NaN,NaN,0,0,
510.997643632365,phy_interval,4,2,8,2587,8,NaN,NaN,NaN,2.00678109001819e-14,-1.58379249041479,NaN,NaN,0,0,NaN,0,0,
510.997643632365,phy_track,4,2,8,2587,8,NaN,NaN,NaN,NaN,-1.58379249041479,NaN,NaN,NaN,NaN,NaN,0,0,
511.056011086064,phy_signal_start,5,1,3,2588,8,-107.875945171156,NaN,-0.900945171156323,NaN,NaN,NaN,NaN,NaN,NaN,NaN,0,0,
511.056023527005,phy_interval,4,2,8,2587,8,NaN,NaN,NaN,2.00678109001819e-14,-1.58379249041479,NaN,NaN,0,0,NaN,0,0,
511.056023527005,phy_signal_start,4,1,3,2588,8,-120.947516094342,NaN,-13.9725160943423,NaN,NaN,NaN,NaN,NaN,NaN,NaN,0,0,
511.056293632365,phy_interval,4,2,8,2587,8,NaN,NaN,NaN,2.00678109001819e-14,-9.4798180731745,NaN,NaN,0,0,NaN,1,0,
511.056293632365,phy_interval,4,1,3,2588,8,NaN,NaN,NaN,2.00678109001819e-14,-9.4798180731745,NaN,NaN,0,0,NaN,1,0,
511.056293632365,phy_signal_end,4,2,8,2587,8,-111.467698021168,144.467698021168,-4.49269802116773,2.00678109001819e-14,-9.4798180731745,0,0,0,0,0,1,1,accepted
511.056306076559,phy_signal_end,5,2,8,2587,8,-122.734861677906,155.734861677906,Inf,0,-Inf,0,0,0,0,0,0,0,closure
511.062641086064,phy_interval,5,1,3,2588,8,NaN,NaN,NaN,2.00678109001819e-14,7.49911506561554,NaN,NaN,0,0,NaN,0,0,
511.062641086064,phy_track,5,1,3,2588,8,NaN,NaN,NaN,NaN,7.49911506561554,NaN,NaN,NaN,NaN,NaN,0,0,
511.121291086064,phy_interval,5,1,3,2588,8,NaN,NaN,NaN,2.00678109001819e-14,7.49911506561554,NaN,NaN,0,0,NaN,0,0,
511.121291086064,phy_signal_end,5,1,3,2588,8,-107.875945171156,140.875945171156,-0.900945171156323,2.00678109001819e-14,7.49911506561554,0,0,0,0,0,0,1,accepted
511.121303527005,phy_interval,4,1,3,2588,8,NaN,NaN,NaN,2.00678109001819e-14,-9.4798180731745,NaN,NaN,1,10,NaN,1,0,
511.121303527005,phy_signal_end,4,1,3,2588,8,-120.947516094342,153.947516094342,-13.9725160943423,2.00678109001819e-14,-9.4798180731745,0.017056479487118,0.017056479487118,1,10,11,1,0,sync_threshold
511.160019162592,phy_signal_start,5,3,1,2589,8,-117.383020596368,NaN,-10.4080205963685,NaN,NaN,NaN,NaN,NaN,NaN,NaN,0,0,
511.166649162592,phy_interval,5,3,1,2589,8,NaN,NaN,NaN,2.00678109001819e-14,7.49911506561554,NaN,NaN,0,0,NaN,0,0,
511.166649162592,phy_track,5,3,1,2589,8,NaN,NaN,NaN,NaN,7.49911506561554,NaN,NaN,NaN,NaN,NaN,0,0,
511.394013632365,phy_signal_start,4,2,8,2590,8,-111.467698021168,NaN,-4.49269802116773,NaN,NaN,NaN,NaN,NaN,NaN,NaN,0,0,
511.400643632365,phy_interval,4,2,8,2590,8,NaN,NaN,NaN,2.00678109001819e-14,-9.4798180731745,NaN,NaN,0,0,NaN,0,0,
511.400643632365,phy_track,4,2,8,2590,8,NaN,NaN,NaN,NaN,-9.4798180731745,NaN,NaN,NaN,NaN,NaN,0,0,
511.404819162592,phy_interval,5,3,1,2589,8,NaN,NaN,NaN,2.00678109001819e-14,7.49911506561554,NaN,NaN,0,0,NaN,0,0,
511.404819162592,phy_signal_end,5,3,1,2589,8,-117.383020596368,150.383020596368,-10.4080205963685,2.00678109001819e-14,7.49911506561554,3.40962752323828e-05,3.40962752323828e-05,0,0,0,0,1,accepted
511.404831604377,phy_signal_end,4,3,1,2589,8,-126.074739474425,159.074739474425,Inf,0,-Inf,0,0,0,0,0,0,0,closure
511.407011086064,phy_signal_start,5,1,3,2591,8,-107.875945171156,NaN,-0.900945171156323,NaN,NaN,NaN,NaN,NaN,NaN,NaN,0,0,
511.407023527005,phy_interval,4,2,8,2590,8,NaN,NaN,NaN,2.00678109001819e-14,-9.4798180731745,NaN,NaN,0,0,NaN,0,0,
511.407023527005,phy_signal_start,4,1,3,2591,8,-120.947516094342,NaN,-13.9725160943423,NaN,NaN,NaN,NaN,NaN,NaN,NaN,0,0,
511.413641086064,phy_interval,5,1,3,2591,8,NaN,NaN,NaN,2.00678109001819e-14,7.49911506561554,NaN,NaN,0,0,NaN,0,0,
511.413641086064,phy_track,5,1,3,2591,8,NaN,NaN,NaN,NaN,7.49911506561554,NaN,NaN,NaN,NaN,NaN,0,0,
511.459293632365,phy_interval,4,2,8,2590,8,NaN,NaN,NaN,2.00678109001819e-14,-9.4798180731745,NaN,NaN,0,0,NaN,1,0,
511.459293632365,phy_interval,4,1,3,2591,8,NaN,NaN,NaN,2.00678109001819e-14,-9.4798180731745,NaN,NaN,1,2,NaN,1,0,
511.459293632365,phy_signal_end,4,2,8,2590,8,-111.467698021168,144.467698021168,-4.49269802116773,2.00678109001819e-14,-9.4798180731745,0,0,0,0,0,1,1,accepted
511.459306076559,phy_signal_end,5,2,8,2590,8,-122.734861677906,155.734861677906,Inf,0,-Inf,0,0,0,0,0,0,0,closure
511.472291086064,phy_interval,5,1,3,2591,8,NaN,NaN,NaN,2.00678109001819e-14,7.49911506561554,NaN,NaN,0,0,NaN,0,0,
511.472291086064,phy_signal_end,5,1,3,2591,8,-107.875945171156,140.875945171156,-0.900945171156323,2.00678109001819e-14,7.49911506561554,0,0,0,0,0,0,1,accepted
511.472303527005,phy_interval,4,1,3,2591,8,NaN,NaN,NaN,2.00678109001819e-14,-9.4798180731745,NaN,NaN,0,3,NaN,1,0,
511.472303527005,phy_signal_end,4,1,3,2591,8,-120.947516094342,153.947516094342,-13.9725160943423,2.00678109001819e-14,-9.4798180731745,0.0163498668243979,0.0163498668243979,1,5,6,1,0,sync_threshold
511.550012444469,phy_signal_start,4,5,4,2592,8,-109.883905530753,NaN,-2.90890553075294,NaN,NaN,NaN,NaN,NaN,NaN,NaN,0,0,
511.556642444469,phy_interval,4,5,4,2592,8,NaN,NaN,NaN,2.00678109001819e-14,-9.4798180731745,NaN,NaN,0,0,NaN,0,0,
511.556642444469,phy_track,4,5,4,2592,8,NaN,NaN,NaN,NaN,-9.4798180731745,NaN,NaN,NaN,NaN,NaN,0,0,
511.615292444469,phy_interval,4,5,4,2592,8,NaN,NaN,NaN,2.00678109001819e-14,-9.4798180731745,NaN,NaN,0,0,NaN,0,0,
511.615292444469,phy_signal_end,4,5,4,2592,8,-109.883905530753,142.883905530753,-2.90890553075294,2.00678109001819e-14,-9.4798180731745,0,0,0,0,0,0,1,accepted
511.745019162592,phy_signal_start,5,3,1,2593,8,-117.383020596368,NaN,-10.4080205963685,NaN,NaN,NaN,NaN,NaN,NaN,NaN,0,0,
511.751649162592,phy_interval,5,3,1,2593,8,NaN,NaN,NaN,2.00678109001819e-14,7.49911506561554,NaN,NaN,0,0,NaN,0,0,
511.751649162592,phy_track,5,3,1,2593,8,NaN,NaN,NaN,NaN,7.49911506561554,NaN,NaN,NaN,NaN,NaN,0,0,
511.758013632365,phy_signal_start,4,2,8,2594,8,-111.467698021168,NaN,-4.49269802116773,NaN,NaN,NaN,NaN,NaN,NaN,NaN,0,0,
511.764643632365,phy_interval,4,2,8,2594,8,NaN,NaN,NaN,2.00678109001819e-14,-9.4798180731745,NaN,NaN,0,0,NaN,0,0,
511.764643632365,phy_track,4,2,8,2594,8,NaN,NaN,NaN,NaN,-9.4798180731745,NaN,NaN,NaN,NaN,NaN,0,0,
511.823293632365,phy_interval,4,2,8,2594,8,NaN,NaN,NaN,2.00678109001819e-14,-9.4798180731745,NaN,NaN,0,0,NaN,0,0,
511.823293632365,phy_signal_end,4,2,8,2594,8,-111.467698021168,144.467698021168,-4.49269802116773,2.00678109001819e-14,-9.4798180731745,0,0,0,0,0,0,1,accepted
511.823306076559,phy_signal_end,5,2,8,2594,8,-122.734861677906,155.734861677906,Inf,0,-Inf,0,0,0,0,0,0,0,closure
511.966013632365,phy_signal_start,4,2,4,2595,8,-111.467698021168,NaN,-4.49269802116773,NaN,NaN,NaN,NaN,NaN,NaN,NaN,0,0,
511.972643632365,phy_interval,4,2,4,2595,8,NaN,NaN,NaN,2.00678109001819e-14,-9.4798180731745,NaN,NaN,0,0,NaN,0,0,
511.972643632365,phy_track,4,2,4,2595,8,NaN,NaN,NaN,NaN,-9.4798180731745,NaN,NaN,NaN,NaN,NaN,0,0,
511.989819162592,phy_interval,5,3,1,2593,8,NaN,NaN,NaN,2.00678109001819e-14,7.49911506561554,NaN,NaN,0,0,NaN,0,0,
511.989819162592,phy_signal_end,5,3,1,2593,8,-117.383020596368,150.383020596368,-10.4080205963685,2.00678109001819e-14,7.49911506561554,3.40962752323828e-05,3.40962752323828e-05,0,0,0,0,1,accepted
511.989831604377,phy_signal_end,4,3,1,2593,8,-126.074739474425,159.074739474425,Inf,0,-Inf,0,0,0,0,0,0,0,closure
512.057011086064,phy_signal_start,5,1,3,2596,8,-107.875945171156,NaN,-0.900945171156323,NaN,NaN,NaN,NaN,NaN,NaN,NaN,0,0,
512.057023527005,phy_interval,4,2,4,2595,8,NaN,NaN,NaN,2.00678109001819e-14,-9.4798180731745,NaN,NaN,0,0,NaN,0,0,
512.057023527005,phy_signal_start,4,1,3,2596,8,-120.947516094342,NaN,-13.9725160943423,NaN,NaN,NaN,NaN,NaN,NaN,NaN,0,0,
512.063641086064,phy_interval,5,1,3,2596,8,NaN,NaN,NaN,2.00678109001819e-14,7.49911506561554,NaN,NaN,0,0,NaN,0,0,
512.063641086064,phy_track,5,1,3,2596,8,NaN,NaN,NaN,NaN,7.49911506561554,NaN,NaN,NaN,NaN,NaN,0,0,
512.122291086064,phy_interval,5,1,3,2596,8,NaN,NaN,NaN,2.00678109001819e-14,7.49911506561554,NaN,NaN,0,0,NaN,0,0,
512.122291086064,phy_signal_end,5,1,3,2596,8,-107.875945171156,140.875945171156,-0.900945171156323,2.00678109001819e-14,7.49911506561554,0,0,0,0,0,0,1,accepted
512.122303527005,phy_interval,4,2,4,2595,8,NaN,NaN,NaN,2.00678109001819e-14,-9.4798180731745,NaN,NaN,0,0,NaN,1,0,
512.122303527005,phy_interval,4,1,3,2596,8,NaN,NaN,NaN,2.00678109001819e-14,-9.4798180731745,NaN,NaN,0,4,NaN,1,0,
512.122303527005,phy_signal_end,4,1,3,2596,8,-120.947516094342,153.947516094342,-13.9725160943423,2.00678109001819e-14,-9.4798180731745,0.0168626875454583,0.0168626875454583,0,4,4,1,0,sync_threshold
512.148012444469,phy_interval,4,2,4,2595,8,NaN,NaN,NaN,2.00678109001819e-14,-9.4798180731745,NaN,NaN,0,0,NaN,1,0,
512.148012444469,phy_signal_start,4,5,4,2597,8,-109.883905530753,NaN,-2.90890553075294,NaN,NaN,NaN,NaN,NaN,NaN,NaN,0,0,
512.210813632365,phy_interval,4,2,4,2595,8,NaN,NaN,NaN,2.00678109001819e-14,-1.58379249041479,NaN,NaN,0,0,NaN,2,0,
512.210813632365,phy_interval,4,5,4,2597,8,NaN,NaN,NaN,2.00678109001819e-14,-1.58379249041479,NaN,NaN,0,0,NaN,1,0,
512.210813632365,phy_signal_end,4,2,4,2595,8,-111.467698021168,144.467698021168,-4.49269802116773,2.00678109001819e-14,-1.58379249041479,0,0,0,0,0,2,1,accepted
512.210826076559,phy_signal_end,5,2,4,2595,8,-122.734861677906,155.734861677906,Inf,0,-Inf,0,0,0,0,0,0,0,closure
512.213292444469,phy_interval,4,5,4,2597,8,NaN,NaN,NaN,2.00678109001819e-14,-1.58379249041479,NaN,NaN,0,0,NaN,1,0,
512.213292444469,phy_signal_end,4,5,4,2597,8,-109.883905530753,142.883905530753,-2.90890553075294,2.00678109001819e-14,-1.58379249041479,0,0,0,0,0,1,0,not_acquired
512.226012444469,phy_signal_start,5,4,2,2598,8,-109.883905530753,NaN,-2.90890553075294,NaN,NaN,NaN,NaN,NaN,NaN,NaN,0,0,
512.232642444469,phy_interval,5,4,2,2598,8,NaN,NaN,NaN,2.00678109001819e-14,7.49911506561554,NaN,NaN,0,0,NaN,0,0,
512.232642444469,phy_track,5,4,2,2598,8,NaN,NaN,NaN,NaN,7.49911506561554,NaN,NaN,NaN,NaN,NaN,0,0,
512.291292444469,phy_interval,5,4,2,2598,8,NaN,NaN,NaN,2.00678109001819e-14,7.49911506561554,NaN,NaN,0,0,NaN,0,0,
512.291292444469,phy_signal_end,5,4,2,2598,8,-109.883905530753,142.883905530753,-2.90890553075294,2.00678109001819e-14,7.49911506561554,0,0,0,0,0,0,1,accepted
512.408012444469,phy_signal_start,5,4,2,2599,8,-109.883905530753,NaN,-2.90890553075294,NaN,NaN,NaN,NaN,NaN,NaN,NaN,0,0,
512.414642444469,phy_interval,5,4,2,2599,8,NaN,NaN,NaN,2.00678109001819e-14,7.49911506561554,NaN,NaN,0,0,NaN,0,0,
512.414642444469,phy_track,5,4,2,2599,8,NaN,NaN,NaN,NaN,7.49911506561554,NaN,NaN,NaN,NaN,NaN,0,0,
512.434019162592,phy_interval,5,4,2,2599,8,NaN,NaN,NaN,2.00678109001819e-14,7.49911506561554,NaN,NaN,0,0,NaN,0,0,
512.434019162592,phy_signal_start,5,3,1,2600,8,-117.383020596368,NaN,-10.4080205963685,NaN,NaN,NaN,NaN,NaN,NaN,NaN,0,0,
512.473292444469,phy_interval,5,4,2,2599,8,NaN,NaN,NaN,2.00678109001819e-14,-7.49911506561554,NaN,NaN,0,0,NaN,1,0,
512.473292444469,phy_interval,5,3,1,2600,8,NaN,NaN,NaN,2.00678109001819e-14,-7.49911506561554,NaN,NaN,1,0,NaN,1,0,
512.473292444469,phy_signal_end,5,4,2,2599,8,-109.883905530753,142.883905530753,-2.90890553075294,2.00678109001819e-14,-7.49911506561554,0,0,0,0,0,1,1,accepted
512.590012444469,phy_signal_start,4,5,4,2602,8,-109.883905530753,NaN,-2.90890553075294,NaN,NaN,NaN,NaN,NaN,NaN,NaN,0,0,
512.590013632365,phy_interval,4,5,4,2602,8,NaN,NaN,NaN,2.00678109001819e-14,-1.58379249041479,NaN,NaN,0,0,NaN,0,0,
512.590013632365,phy_signal_start,4,2,4,2601,8,-111.467698021168,NaN,-4.49269802116773,NaN,NaN,NaN,NaN,NaN,NaN,NaN,0,0,
512.596642444469,phy_interval,4,5,4,2602,8,NaN,NaN,NaN,2.00678109001819e-14,-1.58379249041479,NaN,NaN,0,0,NaN,1,0,
512.596642444469,phy_interval,4,2,4,2601,8,NaN,NaN,NaN,2.00678109001819e-14,-1.58379249041479,NaN,NaN,0,0,NaN,1,0,
512.596642444469,phy_track,4,5,4,2602,8,NaN,NaN,NaN,NaN,-1.58379249041479,NaN,NaN,NaN,NaN,NaN,0,0,
512.655292444469,phy_interval,4,5,4,2602,8,NaN,NaN,NaN,2.00678109001819e-14,-1.58379249041479,NaN,NaN,0,0,NaN,1,0,
512.655292444469,phy_interval,4,2,4,2601,8,NaN,NaN,NaN,2.00678109001819e-14,-1.58379249041479,NaN,NaN,0,0,NaN,1,0,
512.655292444469,phy_signal_end,4,5,4,2602,8,-109.883905530753,142.883905530753,-2.90890553075294,2.00678109001819e-14,-1.58379249041479,0,0,0,0,0,1,1,accepted
512.678819162592,phy_interval,5,3,1,2600,8,NaN,NaN,NaN,2.00678109001819e-14,-7.49911506561554,NaN,NaN,0,0,NaN,1,0,
512.678819162592,phy_signal_end,5,3,1,2600,8,-117.383020596368,150.383020596368,-10.4080205963685,2.00678109001819e-14,-7.49911506561554,6.45601699586653e-05,6.45601699586653e-05,1,0,1,1,0,half_duplex
512.678831604377,phy_signal_end,4,3,1,2600,8,-126.074739474425,159.074739474425,Inf,0,-Inf,0,0,0,0,0,0,0,closure
512.720011086064,phy_signal_start,5,1,3,2603,8,-107.875945171156,NaN,-0.900945171156323,NaN,NaN,NaN,NaN,NaN,NaN,NaN,0,0,
512.720023527005,phy_interval,4,2,4,2601,8,NaN,NaN,NaN,2.00678109001819e-14,-1.58379249041479,NaN,NaN,0,0,NaN,1,0,
512.720023527005,phy_signal_start,4,1,3,2603,8,-120.947516094342,NaN,-13.9725160943423,NaN,NaN,NaN,NaN,NaN,NaN,NaN,0,0,
512.726641086064,phy_interval,5,1,3,2603,8,NaN,NaN,NaN,2.00678109001819e-14,-7.49911506561554,NaN,NaN,0,0,NaN,0,0,
512.726641086064,phy_track,5,1,3,2603,8,NaN,NaN,NaN,NaN,-7.49911506561554,NaN,NaN,NaN,NaN,NaN,0,0,
512.785291086064,phy_interval,5,1,3,2603,8,NaN,NaN,NaN,2.00678109001819e-14,-7.49911506561554,NaN,NaN,0,0,NaN,0,0,
512.785291086064,phy_signal_end,5,1,3,2603,8,-107.875945171156,140.875945171156,-0.900945171156323,2.00678109001819e-14,-7.49911506561554,0,0,0,0,0,0,1,accepted
512.785303527005,phy_interval,4,2,4,2601,8,NaN,NaN,NaN,2.00678109001819e-14,9.4798180731745,NaN,NaN,0,0,NaN,2,0,
512.785303527005,phy_interval,4,1,3,2603,8,NaN,NaN,NaN,2.00678109001819e-14,9.4798180731745,NaN,NaN,2,5,NaN,1,0,
512.785303527005,phy_signal_end,4,1,3,2603,8,-120.947516094342,153.947516094342,-13.9725160943423,2.00678109001819e-14,9.4798180731745,0.0198813633533317,0.0198813633533317,2,5,7,1,0,sync_threshold
512.834813632365,phy_interval,4,2,4,2601,8,NaN,NaN,NaN,2.00678109001819e-14,9.4798180731745,NaN,NaN,0,0,NaN,2,0,
512.834813632365,phy_signal_end,4,2,4,2601,8,-111.467698021168,144.467698021168,-4.49269802116773,2.00678109001819e-14,9.4798180731745,0,0,0,0,0,2,0,not_acquired
512.834826076559,phy_signal_end,5,2,4,2601,8,-122.734861677906,155.734861677906,Inf,0,-Inf,0,0,0,0,0,0,0,closure
512.850013632365,phy_signal_start,4,2,4,2604,8,-111.467698021168,NaN,-4.49269802116773,NaN,NaN,NaN,NaN,NaN,NaN,NaN,0,0,
512.856643632365,phy_interval,4,2,4,2604,8,NaN,NaN,NaN,2.00678109001819e-14,9.4798180731745,NaN,NaN,0,0,NaN,0,0,
512.856643632365,phy_track,4,2,4,2604,8,NaN,NaN,NaN,NaN,9.4798180731745,NaN,NaN,NaN,NaN,NaN,0,0,
512.876019162592,phy_signal_start,5,3,1,2605,8,-117.383020596368,NaN,-10.4080205963685,NaN,NaN,NaN,NaN,NaN,NaN,NaN,0,0,
512.882649162592,phy_interval,5,3,1,2605,8,NaN,NaN,NaN,2.00678109001819e-14,-7.49911506561554,NaN,NaN,0,0,NaN,0,0,
512.882649162592,phy_track,5,3,1,2605,8,NaN,NaN,NaN,NaN,-7.49911506561554,NaN,NaN,NaN,NaN,NaN,0,0,
513.094813632365,phy_interval,4,2,4,2604,8,NaN,NaN,NaN,2.00678109001819e-14,9.4798180731745,NaN,NaN,0,0,NaN,0,0,
513.094813632365,phy_signal_end,4,2,4,2604,8,-111.467698021168,144.467698021168,-4.49269802116773,2.00678109001819e-14,9.4798180731745,0,0,0,0,0,0,1,accepted
513.094826076559,phy_signal_end,5,2,4,2604,8,-122.734861677906,155.734861677906,Inf,0,-Inf,0,0,0,0,0,0,0,closure
513.120819162592,phy_interval,5,3,1,2605,8,NaN,NaN,NaN,2.00678109001819e-14,-7.49911506561554,NaN,NaN,0,0,NaN,0,0,
513.120819162592,phy_signal_end,5,3,1,2605,8,-117.383020596368,150.383020596368,-10.4080205963685,2.00678109001819e-14,-7.49911506561554,3.40962752323828e-05,3.40962752323828e-05,0,0,0,0,1,accepted
513.120831604377,phy_signal_end,4,3,1,2605,8,-126.074739474425,159.074739474425,Inf,0,-Inf,0,0,0,0,0,0,0,closure
513.123012444469,phy_signal_start,5,4,2,2606,8,-109.883905530753,NaN,-2.90890553075294,NaN,NaN,NaN,NaN,NaN,NaN,NaN,0,0,
513.129642444469,phy_interval,5,4,2,2606,8,NaN,NaN,NaN,2.00678109001819e-14,-7.49911506561554,NaN,NaN,0,0,NaN,0,0,
513.129642444469,phy_track,5,4,2,2606,8,NaN,NaN,NaN,NaN,-7.49911506561554,NaN,NaN,NaN,NaN,NaN,0,0,
513.188292444469,phy_interval,5,4,2,2606,8,NaN,NaN,NaN,2.00678109001819e-14,-7.49911506561554,NaN,NaN,0,0,NaN,0,0,
513.188292444469,phy_signal_end,5,4,2,2606,8,-109.883905530753,142.883905530753,-2.90890553075294,2.00678109001819e-14,-7.49911506561554,0,0,0,0,0,0,1,accepted
513.331012444469,phy_signal_start,4,5,1,2607,8,-109.883905530753,NaN,-2.90890553075294,NaN,NaN,NaN,NaN,NaN,NaN,NaN,0,0,
513.337642444469,phy_interval,4,5,1,2607,8,NaN,NaN,NaN,2.00678109001819e-14,9.4798180731745,NaN,NaN,0,0,NaN,0,0,
513.337642444469,phy_track,4,5,1,2607,8,NaN,NaN,NaN,NaN,9.4798180731745,NaN,NaN,NaN,NaN,NaN,0,0,
513.575812444469,phy_interval,4,5,1,2607,8,NaN,NaN,NaN,2.00678109001819e-14,9.4798180731745,NaN,NaN,0,0,NaN,0,0,
513.575812444469,phy_signal_end,4,5,1,2607,8,-109.883905530753,142.883905530753,-2.90890553075294,2.00678109001819e-14,9.4798180731745,0,0,0,0,0,0,1,accepted
513.630011086064,phy_signal_start,5,1,3,2608,8,-107.875945171156,NaN,-0.900945171156323,NaN,NaN,NaN,NaN,NaN,NaN,NaN,0,0,
513.630023527005,phy_signal_start,4,1,3,2608,8,-120.947516094342,NaN,-13.9725160943423,NaN,NaN,NaN,NaN,NaN,NaN,NaN,0,0,
513.636641086064,phy_interval,5,1,3,2608,8,NaN,NaN,NaN,2.00678109001819e-14,-7.49911506561554,NaN,NaN,0,0,NaN,0,0,
513.636641086064,phy_track,5,1,3,2608,8,NaN,NaN,NaN,NaN,-7.49911506561554,NaN,NaN,NaN,NaN,NaN,0,0,
513.737111086064,phy_interval,5,1,3,2608,8,NaN,NaN,NaN,2.00678109001819e-14,-7.49911506561554,NaN,NaN,0,0,NaN,0,0,
513.737111086064,phy_signal_end,5,1,3,2608,8,-107.875945171156,140.875945171156,-0.900945171156323,2.00678109001819e-14,-7.49911506561554,0,0,0,0,0,0,1,accepted
513.737123527005,phy_interval,4,1,3,2608,8,NaN,NaN,NaN,2.00678109001819e-14,9.4798180731745,NaN,NaN,0,9,NaN,0,0,
513.737123527005,phy_signal_end,4,1,3,2608,8,-120.947516094342,153.947516094342,-13.9725160943423,2.00678109001819e-14,9.4798180731745,0.0151165618870165,0.0151165618870165,0,9,9,0,0,sync_threshold
513.747011086064,phy_signal_start,5,1,3,2610,8,-107.875945171156,NaN,-0.900945171156323,NaN,NaN,NaN,NaN,NaN,NaN,NaN,0,0,
513.747023527005,phy_signal_start,4,1,3,2610,8,-120.947516094342,NaN,-13.9725160943423,NaN,NaN,NaN,NaN,NaN,NaN,NaN,0,0,
513.753641086064,phy_interval,5,1,3,2610,8,NaN,NaN,NaN,2.00678109001819e-14,-7.49911506561554,NaN,NaN,0,0,NaN,0,0,
513.753641086064,phy_track,5,1,3,2610,8,NaN,NaN,NaN,NaN,-7.49911506561554,NaN,NaN,NaN,NaN,NaN,0,0,
513.812012444469,phy_interval,5,1,3,2610,8,NaN,NaN,NaN,2.00678109001819e-14,-7.49911506561554,NaN,NaN,0,0,NaN,0,0,
513.812012444469,phy_signal_start,5,4,2,2611,8,-109.883905530753,NaN,-2.90890553075294,NaN,NaN,NaN,NaN,NaN,NaN,NaN,0,0,
513.854111086064,phy_interval,5,1,3,2610,8,NaN,NaN,NaN,2.00678109001819e-14,-2.00796035959661,NaN,NaN,0,0,NaN,1,0,
513.854111086064,phy_interval,5,4,2,2611,8,NaN,NaN,NaN,2.00678109001819e-14,-2.00796035959661,NaN,NaN,0,0,NaN,1,0,
513.854111086064,phy_signal_end,5,1,3,2610,8,-107.875945171156,140.875945171156,-0.900945171156323,2.00678109001819e-14,-2.00796035959661,0,0,0,0,0,1,1,accepted
513.854123527005,phy_interval,4,1,3,2610,8,NaN,NaN,NaN,2.00678109001819e-14,9.4798180731745,NaN,NaN,1,7,NaN,0,0,
513.854123527005,phy_signal_end,4,1,3,2610,8,-120.947516094342,153.947516094342,-13.9725160943423,2.00678109001819e-14,9.4798180731745,0.0151165618870165,0.0151165618870165,1,7,8,0,0,half_duplex
513.877292444469,phy_interval,5,4,2,2611,8,NaN,NaN,NaN,2.00678109001819e-14,-2.00796035959661,NaN,NaN,0,0,NaN,1,0,
513.877292444469,phy_signal_end,5,4,2,2611,8,-109.883905530753,142.883905530753,-2.90890553075294,2.00678109001819e-14,-2.00796035959661,0,0,0,0,0,1,0,not_acquired
513.903019162592,phy_signal_start,5,3,1,2612,8,-117.383020596368,NaN,-10.4080205963685,NaN,NaN,NaN,NaN,NaN,NaN,NaN,0,0,
513.909649162592,phy_interval,5,3,1,2612,8,NaN,NaN,NaN,2.00678109001819e-14,-2.00796035959661,NaN,NaN,0,0,NaN,0,0,
513.909649162592,phy_track,5,3,1,2612,8,NaN,NaN,NaN,NaN,-2.00796035959661,NaN,NaN,NaN,NaN,NaN,0,0,
513.926841417929,phy_signal_end,4,7,8,2609,8,-130.772385180464,163.772385180464,Inf,0,-Inf,0,0,0,0,0,0,0,closure
513.926853861667,phy_signal_end,5,7,8,2609,8,-135.336041661606,168.336041661606,Inf,0,-Inf,0,0,0,0,0,0,0,closure
514.020308977105,phy_signal_end,4,8,7,2613,8,-124.567050032692,157.567050032692,Inf,0,-Inf,0,0,0,0,0,0,0,closure
514.020321420289,phy_signal_end,5,8,7,2613,8,-130.773375084599,163.773375084599,Inf,0,-Inf,0,0,0,0,0,0,0,closure
514.147819162592,phy_interval,5,3,1,2612,8,NaN,NaN,NaN,2.00678109001819e-14,-2.00796035959661,NaN,NaN,0,0,NaN,0,0,
514.147819162592,phy_signal_end,5,3,1,2612,8,-117.383020596368,150.383020596368,-10.4080205963685,2.00678109001819e-14,-2.00796035959661,3.40962752323828e-05,3.40962752323828e-05,0,0,0,0,1,accepted
514.147831604377,phy_signal_end,4,3,1,2612,8,-126.074739474425,159.074739474425,Inf,0,-Inf,0,0,0,0,0,0,0,closure
514.163012444469,phy_signal_start,5,4,2,2615,8,-109.883905530753,NaN,-2.90890553075294,NaN,NaN,NaN,NaN,NaN,NaN,NaN,0,0,
514.169642444469,phy_interval,5,4,2,2615,8,NaN,NaN,NaN,2.00678109001819e-14,-2.00796035959661,NaN,NaN,0,0,NaN,0,0,
514.169642444469,phy_track,5,4,2,2615,8,NaN,NaN,NaN,NaN,-2.00796035959661,NaN,NaN,NaN,NaN,NaN,0,0,
514.202308977105,phy_signal_end,4,8,7,2614,8,-124.567050032692,157.567050032692,Inf,0,-Inf,0,0,0,0,0,0,0,closure
514.202321420289,phy_signal_end,5,8,7,2614,8,-130.773375084599,163.773375084599,Inf,0,-Inf,0,0,0,0,0,0,0,closure
514.228292444469,phy_interval,5,4,2,2615,8,NaN,NaN,NaN,2.00678109001819e-14,-2.00796035959661,NaN,NaN,0,0,NaN,0,0,
514.228292444469,phy_signal_end,5,4,2,2615,8,-109.883905530753,142.883905530753,-2.90890553075294,2.00678109001819e-14,-2.00796035959661,0,0,0,0,0,0,1,accepted
514.280019162592,phy_signal_start,5,3,1,2617,8,-117.383020596368,NaN,-10.4080205963685,NaN,NaN,NaN,NaN,NaN,NaN,NaN,0,0,
514.306012444469,phy_interval,5,3,1,2617,8,NaN,NaN,NaN,2.00678109001819e-14,-2.00796035959661,NaN,NaN,0,0,NaN,0,0,
514.306012444469,phy_signal_start,5,4,2,2618,8,-109.883905530753,NaN,-2.90890553075294,NaN,NaN,NaN,NaN,NaN,NaN,NaN,0,0,
514.312642444469,phy_interval,5,3,1,2617,8,NaN,NaN,NaN,2.00678109001819e-14,-7.49911506561554,NaN,NaN,0,0,NaN,1,0,
514.312642444469,phy_interval,5,4,2,2618,8,NaN,NaN,NaN,2.00678109001819e-14,-7.49911506561554,NaN,NaN,0,0,NaN,1,0,
514.312642444469,phy_track,5,4,2,2618,8,NaN,NaN,NaN,NaN,-7.49911506561554,NaN,NaN,NaN,NaN,NaN,0,0,
514.332308977105,phy_signal_end,4,8,7,2616,8,-124.567050032692,157.567050032692,Inf,0,-Inf,0,0,0,0,0,0,0,closure
514.332321420289,phy_signal_end,5,8,7,2616,8,-130.773375084599,163.773375084599,Inf,0,-Inf,0,0,0,0,0,0,0,closure
514.371292444469,phy_interval,5,3,1,2617,8,NaN,NaN,NaN,2.00678109001819e-14,-7.49911506561554,NaN,NaN,0,0,NaN,1,0,
514.371292444469,phy_interval,5,4,2,2618,8,NaN,NaN,NaN,2.00678109001819e-14,-7.49911506561554,NaN,NaN,0,0,NaN,1,0,
514.371292444469,phy_signal_end,5,4,2,2618,8,-109.883905530753,142.883905530753,-2.90890553075294,2.00678109001819e-14,-7.49911506561554,0,0,0,0,0,1,1,accepted
514.449013632365,phy_signal_start,4,2,4,2619,8,-111.467698021168,NaN,-4.49269802116773,NaN,NaN,NaN,NaN,NaN,NaN,NaN,0,0,
514.455643632365,phy_interval,4,2,4,2619,8,NaN,NaN,NaN,2.00678109001819e-14,9.4798180731745,NaN,NaN,0,0,NaN,0,0,
514.455643632365,phy_track,4,2,4,2619,8,NaN,NaN,NaN,NaN,9.4798180731745,NaN,NaN,NaN,NaN,NaN,0,0,
514.524819162592,phy_interval,5,3,1,2617,8,NaN,NaN,NaN,2.00678109001819e-14,-7.49911506561554,NaN,NaN,0,0,NaN,1,0,
514.524819162592,phy_signal_end,5,3,1,2617,8,-117.383020596368,150.383020596368,-10.4080205963685,2.00678109001819e-14,-7.49911506561554,7.80953647657354e-05,7.80953647657354e-05,0,0,0,1,0,sync_threshold
514.524831604377,phy_signal_end,4,3,1,2617,8,-126.074739474425,159.074739474425,Inf,0,-Inf,0,0,0,0,0,0,0,closure
514.527011086064,phy_signal_start,5,1,3,2621,8,-107.875945171156,NaN,-0.900945171156323,NaN,NaN,NaN,NaN,NaN,NaN,NaN,0,0,
514.527023527005,phy_interval,4,2,4,2619,8,NaN,NaN,NaN,2.00678109001819e-14,9.4798180731745,NaN,NaN,0,0,NaN,0,0,
514.527023527005,phy_signal_start,4,1,3,2621,8,-120.947516094342,NaN,-13.9725160943423,NaN,NaN,NaN,NaN,NaN,NaN,NaN,0,0,
514.533641086064,phy_interval,5,1,3,2621,8,NaN,NaN,NaN,2.00678109001819e-14,-7.49911506561554,NaN,NaN,0,0,NaN,0,0,
514.533641086064,phy_track,5,1,3,2621,8,NaN,NaN,NaN,NaN,-7.49911506561554,NaN,NaN,NaN,NaN,NaN,0,0,
514.634111086064,phy_interval,5,1,3,2621,8,NaN,NaN,NaN,2.00678109001819e-14,-7.49911506561554,NaN,NaN,0,0,NaN,0,0,
514.634111086064,phy_signal_end,5,1,3,2621,8,-107.875945171156,140.875945171156,-0.900945171156323,2.00678109001819e-14,-7.49911506561554,0,0,0,0,0,0,1,accepted
514.634123527005,phy_interval,4,2,4,2619,8,NaN,NaN,NaN,2.00678109001819e-14,-9.4798180731745,NaN,NaN,0,0,NaN,1,0,
514.634123527005,phy_interval,4,1,3,2621,8,NaN,NaN,NaN,2.00678109001819e-14,-9.4798180731745,NaN,NaN,0,16,NaN,1,0,
514.634123527005,phy_signal_end,4,1,3,2621,8,-120.947516094342,153.947516094342,-13.9725160943423,2.00678109001819e-14,-9.4798180731745,0.0173875677886077,0.0173875677886077,0,16,16,1,0,sync_threshold
514.657012444469,phy_interval,4,2,4,2619,8,NaN,NaN,NaN,2.00678109001819e-14,-9.4798180731745,NaN,NaN,0,0,NaN,1,0,
514.657012444469,phy_signal_start,4,5,1,2623,8,-109.883905530753,NaN,-2.90890553075294,NaN,NaN,NaN,NaN,NaN,NaN,NaN,0,0,
514.657019162592,phy_signal_start,5,3,1,2622,8,-117.383020596368,NaN,-10.4080205963685,NaN,NaN,NaN,NaN,NaN,NaN,NaN,0,0,
514.693813632365,phy_interval,4,2,4,2619,8,NaN,NaN,NaN,2.00678109001819e-14,-1.58379249041479,NaN,NaN,0,0,NaN,2,0,
514.693813632365,phy_interval,4,5,1,2623,8,NaN,NaN,NaN,2.00678109001819e-14,-1.58379249041479,NaN,NaN,0,0,NaN,1,0,
514.693813632365,phy_signal_end,4,2,4,2619,8,-111.467698021168,144.467698021168,-4.49269802116773,2.00678109001819e-14,-1.58379249041479,0,0,0,0,0,2,1,accepted
514.693826076559,phy_signal_end,5,2,4,2619,8,-122.734861677906,155.734861677906,Inf,0,-Inf,0,0,0,0,0,0,0,closure
514.732841417929,phy_signal_end,4,7,8,2620,8,-130.772385180464,163.772385180464,Inf,0,-Inf,0,0,0,0,0,0,0,closure
514.732853861667,phy_signal_end,5,7,8,2620,8,-135.336041661606,168.336041661606,Inf,0,-Inf,0,0,0,0,0,0,0,closure
514.878012444469,phy_interval,5,3,1,2622,8,NaN,NaN,NaN,2.00678109001819e-14,-7.49911506561554,NaN,NaN,0,0,NaN,0,0,
514.878012444469,phy_signal_start,5,4,2,2625,8,-109.883905530753,NaN,-2.90890553075294,NaN,NaN,NaN,NaN,NaN,NaN,NaN,0,0,
514.901812444469,phy_interval,4,5,1,2623,8,NaN,NaN,NaN,2.00678109001819e-14,-1.58379249041479,NaN,NaN,0,0,NaN,1,0,
514.901812444469,phy_signal_end,4,5,1,2623,8,-109.883905530753,142.883905530753,-2.90890553075294,2.00678109001819e-14,-1.58379249041479,0,0,0,0,0,1,0,half_duplex
514.901819162592,phy_interval,5,3,1,2622,8,NaN,NaN,NaN,2.00678109001819e-14,-7.49911506561554,NaN,NaN,0,0,NaN,1,0,
514.901819162592,phy_interval,5,4,2,2625,8,NaN,NaN,NaN,2.00678109001819e-14,-7.49911506561554,NaN,NaN,0,0,NaN,1,0,
514.901819162592,phy_signal_end,5,3,1,2622,8,-117.383020596368,150.383020596368,-10.4080205963685,2.00678109001819e-14,-7.49911506561554,8.01231744728451e-05,8.01231744728451e-05,0,0,0,1,0,half_duplex
514.901831604377,phy_signal_end,4,3,1,2622,8,-126.074739474425,159.074739474425,Inf,0,-Inf,0,0,0,0,0,0,0,closure
514.943292444469,phy_interval,5,4,2,2625,8,NaN,NaN,NaN,2.00678109001819e-14,-7.49911506561554,NaN,NaN,0,0,NaN,1,0,
514.943292444469,phy_signal_end,5,4,2,2625,8,-109.883905530753,142.883905530753,-2.90890553075294,2.00678109001819e-14,-7.49911506561554,0,0,0,0,0,1,0,half_duplex
514.956013632365,phy_signal_start,4,2,4,2626,8,-111.467698021168,NaN,-4.49269802116773,NaN,NaN,NaN,NaN,NaN,NaN,NaN,0,0,
514.962643632365,phy_interval,4,2,4,2626,8,NaN,NaN,NaN,2.00678109001819e-14,-1.58379249041479,NaN,NaN,0,0,NaN,0,0,
514.962643632365,phy_track,4,2,4,2626,8,NaN,NaN,NaN,NaN,-1.58379249041479,NaN,NaN,NaN,NaN,NaN,0,0,
515.008011086064,phy_signal_start,5,1,3,2627,8,-107.875945171156,NaN,-0.900945171156323,NaN,NaN,NaN,NaN,NaN,NaN,NaN,0,0,
515.008023527005,phy_interval,4,2,4,2626,8,NaN,NaN,NaN,2.00678109001819e-14,-1.58379249041479,NaN,NaN,0,0,NaN,0,0,
515.008023527005,phy_signal_start,4,1,3,2627,8,-120.947516094342,NaN,-13.9725160943423,NaN,NaN,NaN,NaN,NaN,NaN,NaN,0,0,
515.014641086064,phy_interval,5,1,3,2627,8,NaN,NaN,NaN,2.00678109001819e-14,-7.49911506561554,NaN,NaN,0,0,NaN,0,0,
515.014641086064,phy_track,5,1,3,2627,8,NaN,NaN,NaN,NaN,-7.49911506561554,NaN,NaN,NaN,NaN,NaN,0,0,
515.083841417929,phy_signal_end,4,7,8,2624,8,-130.772385180464,163.772385180464,Inf,0,-Inf,0,0,0,0,0,0,0,closure
515.083853861667,phy_signal_end,5,7,8,2624,8,-135.336041661606,168.336041661606,Inf,0,-Inf,0,0,0,0,0,0,0,closure
515.115111086064,phy_interval,5,1,3,2627,8,NaN,NaN,NaN,2.00678109001819e-14,-7.49911506561554,NaN,NaN,0,0,NaN,0,0,
515.115111086064,phy_signal_end,5,1,3,2627,8,-107.875945171156,140.875945171156,-0.900945171156323,2.00678109001819e-14,-7.49911506561554,0,0,0,0,0,0,1,accepted
515.115123527005,phy_interval,4,2,4,2626,8,NaN,NaN,NaN,2.00678109001819e-14,-9.4798180731745,NaN,NaN,0,0,NaN,1,0,
515.115123527005,phy_interval,4,1,3,2627,8,NaN,NaN,NaN,2.00678109001819e-14,-9.4798180731745,NaN,NaN,1,8,NaN,1,0,
515.115123527005,phy_signal_end,4,1,3,2627,8,-120.947516094342,153.947516094342,-13.9725160943423,2.00678109001819e-14,-9.4798180731745,0.0166581817265589,0.0166581817265589,1,8,9,1,0,sync_threshold
515.200813632365,phy_interval,4,2,4,2626,8,NaN,NaN,NaN,2.00678109001819e-14,-9.4798180731745,NaN,NaN,0,0,NaN,1,0,
515.200813632365,phy_signal_end,4,2,4,2626,8,-111.467698021168,144.467698021168,-4.49269802116773,2.00678109001819e-14,-9.4798180731745,0,0,0,0,0,1,1,accepted
515.200826076559,phy_signal_end,5,2,4,2626,8,-122.734861677906,155.734861677906,Inf,0,-Inf,0,0,0,0,0,0,0,closure
515.255308977105,phy_signal_end,4,8,7,2628,8,-124.567050032692,157.567050032692,Inf,0,-Inf,0,0,0,0,0,0,0,closure
515.255321420289,phy_signal_end,5,8,7,2628,8,-130.773375084599,163.773375084599,Inf,0,-Inf,0,0,0,0,0,0,0,closure
515.307013632365,phy_signal_start,4,2,4,2629,8,-111.467698021168,NaN,-4.49269802116773,NaN,NaN,NaN,NaN,NaN,NaN,NaN,0,0,
515.313643632365,phy_interval,4,2,4,2629,8,NaN,NaN,NaN,2.00678109001819e-14,-9.4798180731745,NaN,NaN,0,0,NaN,0,0,
515.313643632365,phy_track,4,2,4,2629,8,NaN,NaN,NaN,NaN,-9.4798180731745,NaN,NaN,NaN,NaN,NaN,0,0,
515.346012444469,phy_interval,4,2,4,2629,8,NaN,NaN,NaN,2.00678109001819e-14,-9.4798180731745,NaN,NaN,0,0,NaN,0,0,
515.346012444469,phy_signal_start,4,5,1,2631,8,-109.883905530753,NaN,-2.90890553075294,NaN,NaN,NaN,NaN,NaN,NaN,NaN,0,0,
515.551813632365,phy_interval,4,2,4,2629,8,NaN,NaN,NaN,2.00678109001819e-14,-1.58379249041479,NaN,NaN,0,0,NaN,1,0,
515.551813632365,phy_interval,4,5,1,2631,8,NaN,NaN,NaN,2.00678109001819e-14,-1.58379249041479,NaN,NaN,0,0,NaN,1,0,
515.551813632365,phy_signal_end,4,2,4,2629,8,-111.467698021168,144.467698021168,-4.49269802116773,2.00678109001819e-14,-1.58379249041479,0,0,0,0,0,1,1,accepted
515.551826076559,phy_signal_end,5,2,4,2629,8,-122.734861677906,155.734861677906,Inf,0,-Inf,0,0,0,0,0,0,0,closure
515.577841417929,phy_signal_end,4,7,8,2630,8,-130.772385180464,163.772385180464,Inf,0,-Inf,0,0,0,0,0,0,0,closure
515.577853861667,phy_signal_end,5,7,8,2630,8,-135.336041661606,168.336041661606,Inf,0,-Inf,0,0,0,0,0,0,0,closure
515.590812444469,phy_interval,4,5,1,2631,8,NaN,NaN,NaN,2.00678109001819e-14,-1.58379249041479,NaN,NaN,0,0,NaN,1,0,
515.590812444469,phy_signal_end,4,5,1,2631,8,-109.883905530753,142.883905530753,-2.90890553075294,2.00678109001819e-14,-1.58379249041479,0,0,0,0,0,1,0,not_acquired
515.593019162592,phy_signal_start,5,3,1,2632,8,-117.383020596368,NaN,-10.4080205963685,NaN,NaN,NaN,NaN,NaN,NaN,NaN,0,0,
515.599649162592,phy_interval,5,3,1,2632,8,NaN,NaN,NaN,2.00678109001819e-14,-7.49911506561554,NaN,NaN,0,0,NaN,0,0,
515.599649162592,phy_track,5,3,1,2632,8,NaN,NaN,NaN,NaN,-7.49911506561554,NaN,NaN,NaN,NaN,NaN,0,0,
515.619012444469,phy_interval,5,3,1,2632,8,NaN,NaN,NaN,2.00678109001819e-14,-7.49911506561554,NaN,NaN,0,0,NaN,0,0,
515.619012444469,phy_signal_start,5,4,2,2633,8,-109.883905530753,NaN,-2.90890553075294,NaN,NaN,NaN,NaN,NaN,NaN,NaN,0,0,
515.684292444469,phy_interval,5,3,1,2632,8,NaN,NaN,NaN,2.00678109001819e-14,-7.49911506561554,NaN,NaN,0,0,NaN,1,0,
515.684292444469,phy_interval,5,4,2,2633,8,NaN,NaN,NaN,2.00678109001819e-14,-7.49911506561554,NaN,NaN,0,0,NaN,1,0,
515.684292444469,phy_signal_end,5,4,2,2633,8,-109.883905530753,142.883905530753,-2.90890553075294,2.00678109001819e-14,-7.49911506561554,0,0,0,0,0,1,0,not_acquired
515.723013632365,phy_signal_start,4,2,4,2634,8,-111.467698021168,NaN,-4.49269802116773,NaN,NaN,NaN,NaN,NaN,NaN,NaN,0,0,
515.729643632365,phy_interval,4,2,4,2634,8,NaN,NaN,NaN,2.00678109001819e-14,-1.58379249041479,NaN,NaN,0,0,NaN,0,0,
515.729643632365,phy_track,4,2,4,2634,8,NaN,NaN,NaN,NaN,-1.58379249041479,NaN,NaN,NaN,NaN,NaN,0,0,
515.837819162592,phy_interval,5,3,1,2632,8,NaN,NaN,NaN,2.00678109001819e-14,-7.49911506561554,NaN,NaN,0,0,NaN,1,0,
515.837819162592,phy_signal_end,5,3,1,2632,8,-117.383020596368,150.383020596368,-10.4080205963685,2.00678109001819e-14,-7.49911506561554,7.80953647657354e-05,7.80953647657354e-05,0,0,0,1,1,accepted
515.837831604377,phy_signal_end,4,3,1,2632,8,-126.074739474425,159.074739474425,Inf,0,-Inf,0,0,0,0,0,0,0,closure
515.853011086064,phy_signal_start,5,1,3,2635,8,-107.875945171156,NaN,-0.900945171156323,NaN,NaN,NaN,NaN,NaN,NaN,NaN,0,0,
515.853023527005,phy_interval,4,2,4,2634,8,NaN,NaN,NaN,2.00678109001819e-14,-1.58379249041479,NaN,NaN,0,0,NaN,0,0,
515.853023527005,phy_signal_start,4,1,3,2635,8,-120.947516094342,NaN,-13.9725160943423,NaN,NaN,NaN,NaN,NaN,NaN,NaN,0,0,
515.859641086064,phy_interval,5,1,3,2635,8,NaN,NaN,NaN,2.00678109001819e-14,-7.49911506561554,NaN,NaN,0,0,NaN,0,0,
515.859641086064,phy_track,5,1,3,2635,8,NaN,NaN,NaN,NaN,-7.49911506561554,NaN,NaN,NaN,NaN,NaN,0,0,
515.960111086064,phy_interval,5,1,3,2635,8,NaN,NaN,NaN,2.00678109001819e-14,-7.49911506561554,NaN,NaN,0,0,NaN,0,0,
515.960111086064,phy_signal_end,5,1,3,2635,8,-107.875945171156,140.875945171156,-0.900945171156323,2.00678109001819e-14,-7.49911506561554,0,0,0,0,0,0,1,accepted
515.960123527005,phy_interval,4,2,4,2634,8,NaN,NaN,NaN,2.00678109001819e-14,-9.4798180731745,NaN,NaN,0,0,NaN,1,0,
515.960123527005,phy_interval,4,1,3,2635,8,NaN,NaN,NaN,2.00678109001819e-14,-9.4798180731745,NaN,NaN,2,9,NaN,1,0,
515.960123527005,phy_signal_end,4,1,3,2635,8,-120.947516094342,153.947516094342,-13.9725160943423,2.00678109001819e-14,-9.4798180731745,0.0167392049064622,0.0167392049064622,2,9,11,1,0,sync_threshold
515.967813632365,phy_interval,4,2,4,2634,8,NaN,NaN,NaN,2.00678109001819e-14,-9.4798180731745,NaN,NaN,0,0,NaN,1,0,
515.967813632365,phy_signal_end,4,2,4,2634,8,-111.467698021168,144.467698021168,-4.49269802116773,2.00678109001819e-14,-9.4798180731745,0,0,0,0,0,1,1,accepted
515.967826076559,phy_signal_end,5,2,4,2634,8,-122.734861677906,155.734861677906,Inf,0,-Inf,0,0,0,0,0,0,0,closure
516.204308977105,phy_signal_end,4,8,7,2636,8,-124.567050032692,157.567050032692,Inf,0,-Inf,0,0,0,0,0,0,0,closure
516.204321420289,phy_signal_end,5,8,7,2636,8,-130.773375084599,163.773375084599,Inf,0,-Inf,0,0,0,0,0,0,0,closure
516.230012444469,phy_signal_start,4,5,1,2637,8,-109.883905530753,NaN,-2.90890553075294,NaN,NaN,NaN,NaN,NaN,NaN,NaN,0,0,
516.236642444469,phy_interval,4,5,1,2637,8,NaN,NaN,NaN,2.00678109001819e-14,-9.4798180731745,NaN,NaN,0,0,NaN,0,0,
516.236642444469,phy_track,4,5,1,2637,8,NaN,NaN,NaN,NaN,-9.4798180731745,NaN,NaN,NaN,NaN,NaN,0,0,
516.399308977105,phy_signal_end,4,8,7,2638,8,-124.567050032692,157.567050032692,Inf,0,-Inf,0,0,0,0,0,0,0,closure
516.399321420289,phy_signal_end,5,8,7,2638,8,-130.773375084599,163.773375084599,Inf,0,-Inf,0,0,0,0,0,0,0,closure
516.474812444469,phy_interval,4,5,1,2637,8,NaN,NaN,NaN,2.00678109001819e-14,-9.4798180731745,NaN,NaN,0,0,NaN,0,0,
516.474812444469,phy_signal_end,4,5,1,2637,8,-109.883905530753,142.883905530753,-2.90890553075294,2.00678109001819e-14,-9.4798180731745,0,0,0,0,0,0,1,accepted
516.490012444469,phy_signal_start,5,4,2,2640,8,-109.883905530753,NaN,-2.90890553075294,NaN,NaN,NaN,NaN,NaN,NaN,NaN,0,0,
516.490019162592,phy_interval,5,4,2,2640,8,NaN,NaN,NaN,2.00678109001819e-14,-7.49911506561554,NaN,NaN,0,0,NaN,0,0,
516.490019162592,phy_signal_start,5,3,1,2639,8,-117.383020596368,NaN,-10.4080205963685,NaN,NaN,NaN,NaN,NaN,NaN,NaN,0,0,
516.496642444469,phy_interval,5,4,2,2640,8,NaN,NaN,NaN,2.00678109001819e-14,-7.49911506561554,NaN,NaN,0,0,NaN,1,0,
516.496642444469,phy_interval,5,3,1,2639,8,NaN,NaN,NaN,2.00678109001819e-14,-7.49911506561554,NaN,NaN,0,0,NaN,1,0,
516.496642444469,phy_track,5,4,2,2640,8,NaN,NaN,NaN,NaN,-7.49911506561554,NaN,NaN,NaN,NaN,NaN,0,0,
516.555292444469,phy_interval,5,4,2,2640,8,NaN,NaN,NaN,2.00678109001819e-14,-7.49911506561554,NaN,NaN,0,0,NaN,1,0,
516.555292444469,phy_interval,5,3,1,2639,8,NaN,NaN,NaN,2.00678109001819e-14,-7.49911506561554,NaN,NaN,0,0,NaN,1,0,
516.555292444469,phy_signal_end,5,4,2,2640,8,-109.883905530753,142.883905530753,-2.90890553075294,2.00678109001819e-14,-7.49911506561554,0,0,0,0,0,1,1,accepted
516.581012444469,phy_interval,5,3,1,2639,8,NaN,NaN,NaN,2.00678109001819e-14,-7.49911506561554,NaN,NaN,0,0,NaN,1,0,
516.581012444469,phy_signal_start,5,4,2,2642,8,-109.883905530753,NaN,-2.90890553075294,NaN,NaN,NaN,NaN,NaN,NaN,NaN,0,0,
516.587642444469,phy_interval,5,3,1,2639,8,NaN,NaN,NaN,2.00678109001819e-14,-7.49911506561554,NaN,NaN,0,0,NaN,2,0,
516.587642444469,phy_interval,5,4,2,2642,8,NaN,NaN,NaN,2.00678109001819e-14,-7.49911506561554,NaN,NaN,0,0,NaN,1,0,
516.587642444469,phy_track,5,4,2,2642,8,NaN,NaN,NaN,NaN,-7.49911506561554,NaN,NaN,NaN,NaN,NaN,0,0,
516.607308977105,phy_signal_end,4,8,7,2641,8,-124.567050032692,157.567050032692,Inf,0,-Inf,0,0,0,0,0,0,0,closure
516.607321420289,phy_signal_end,5,8,7,2641,8,-130.773375084599,163.773375084599,Inf,0,-Inf,0,0,0,0,0,0,0,closure
516.646292444469,phy_interval,5,3,1,2639,8,NaN,NaN,NaN,2.00678109001819e-14,-7.49911506561554,NaN,NaN,0,0,NaN,2,0,
516.646292444469,phy_interval,5,4,2,2642,8,NaN,NaN,NaN,2.00678109001819e-14,-7.49911506561554,NaN,NaN,0,0,NaN,1,0,
516.646292444469,phy_signal_end,5,4,2,2642,8,-109.883905530753,142.883905530753,-2.90890553075294,2.00678109001819e-14,-7.49911506561554,0,0,0,0,0,1,1,accepted
516.734819162592,phy_interval,5,3,1,2639,8,NaN,NaN,NaN,2.00678109001819e-14,-7.49911506561554,NaN,NaN,0,0,NaN,2,0,
516.734819162592,phy_signal_end,5,3,1,2639,8,-117.383020596368,150.383020596368,-10.4080205963685,2.00678109001819e-14,-7.49911506561554,0.00010697930294569,0.00010697930294569,0,0,0,2,0,sync_threshold
516.734831604377,phy_signal_end,4,3,1,2639,8,-126.074739474425,159.074739474425,Inf,0,-Inf,0,0,0,0,0,0,0,closure
516.802011086064,phy_signal_start,5,1,3,2644,8,-107.875945171156,NaN,-0.900945171156323,NaN,NaN,NaN,NaN,NaN,NaN,NaN,0,0,
516.802023527005,phy_signal_start,4,1,3,2644,8,-120.947516094342,NaN,-13.9725160943423,NaN,NaN,NaN,NaN,NaN,NaN,NaN,0,0,
516.808641086064,phy_interval,5,1,3,2644,8,NaN,NaN,NaN,2.00678109001819e-14,-7.49911506561554,NaN,NaN,0,0,NaN,0,0,
516.808641086064,phy_track,5,1,3,2644,8,NaN,NaN,NaN,NaN,-7.49911506561554,NaN,NaN,NaN,NaN,NaN,0,0,
516.815013632365,phy_interval,4,1,3,2644,8,NaN,NaN,NaN,2.00678109001819e-14,-9.4798180731745,NaN,NaN,0,0,NaN,0,0,
516.815013632365,phy_signal_start,4,2,4,2645,8,-111.467698021168,NaN,-4.49269802116773,NaN,NaN,NaN,NaN,NaN,NaN,NaN,0,0,
516.821643632365,phy_interval,4,1,3,2644,8,NaN,NaN,NaN,2.00678109001819e-14,-9.4798180731745,NaN,NaN,3,0,NaN,1,0,
516.821643632365,phy_interval,4,2,4,2645,8,NaN,NaN,NaN,2.00678109001819e-14,-9.4798180731745,NaN,NaN,0,0,NaN,1,0,
516.821643632365,phy_track,4,2,4,2645,8,NaN,NaN,NaN,NaN,-9.4798180731745,NaN,NaN,NaN,NaN,NaN,0,0,
516.909111086064,phy_interval,5,1,3,2644,8,NaN,NaN,NaN,2.00678109001819e-14,-7.49911506561554,NaN,NaN,0,0,NaN,0,0,
516.909111086064,phy_signal_end,5,1,3,2644,8,-107.875945171156,140.875945171156,-0.900945171156323,2.00678109001819e-14,-7.49911506561554,0,0,0,0,0,0,1,accepted
516.909123527005,phy_interval,4,1,3,2644,8,NaN,NaN,NaN,2.00678109001819e-14,-9.4798180731745,NaN,NaN,0,14,NaN,1,0,
516.909123527005,phy_interval,4,2,4,2645,8,NaN,NaN,NaN,2.00678109001819e-14,-9.4798180731745,NaN,NaN,0,0,NaN,1,0,
516.909123527005,phy_signal_end,4,1,3,2644,8,-120.947516094342,153.947516094342,-13.9725160943423,2.00678109001819e-14,-9.4798180731745,0.0166563100757083,0.0166563100757083,3,14,17,1,0,sync_threshold
516.971011086064,phy_signal_start,5,1,3,2646,8,-107.875945171156,NaN,-0.900945171156323,NaN,NaN,NaN,NaN,NaN,NaN,NaN,0,0,
516.971023527005,phy_interval,4,2,4,2645,8,NaN,NaN,NaN,2.00678109001819e-14,-9.4798180731745,NaN,NaN,0,0,NaN,1,0,
516.971023527005,phy_signal_start,4,1,3,2646,8,-120.947516094342,NaN,-13.9725160943423,NaN,NaN,NaN,NaN,NaN,NaN,NaN,0,0,
516.977641086064,phy_interval,5,1,3,2646,8,NaN,NaN,NaN,2.00678109001819e-14,-7.49911506561554,NaN,NaN,0,0,NaN,0,0,
516.977641086064,phy_track,5,1,3,2646,8,NaN,NaN,NaN,NaN,-7.49911506561554,NaN,NaN,NaN,NaN,NaN,0,0,
516.994841417929,phy_signal_end,4,7,8,2643,8,-130.772385180464,163.772385180464,Inf,0,-Inf,0,0,0,0,0,0,0,closure
516.994853861667,phy_signal_end,5,7,8,2643,8,-135.336041661606,168.336041661606,Inf,0,-Inf,0,0,0,0,0,0,0,closure
517.059813632365,phy_interval,4,2,4,2645,8,NaN,NaN,NaN,2.00678109001819e-14,-9.4798180731745,NaN,NaN,0,0,NaN,2,0,
517.059813632365,phy_interval,4,1,3,2646,8,NaN,NaN,NaN,2.00678109001819e-14,-9.4798180731745,NaN,NaN,0,5,NaN,1,0,
517.059813632365,phy_signal_end,4,2,4,2645,8,-111.467698021168,144.467698021168,-4.49269802116773,2.00678109001819e-14,-9.4798180731745,0,0,0,0,0,2,1,accepted
517.059826076559,phy_signal_end,5,2,4,2645,8,-122.734861677906,155.734861677906,Inf,0,-Inf,0,0,0,0,0,0,0,closure
517.078111086064,phy_interval,5,1,3,2646,8,NaN,NaN,NaN,2.00678109001819e-14,-7.49911506561554,NaN,NaN,0,0,NaN,0,0,
517.078111086064,phy_signal_end,5,1,3,2646,8,-107.875945171156,140.875945171156,-0.900945171156323,2.00678109001819e-14,-7.49911506561554,0,0,0,0,0,0,1,accepted
517.078123527005,phy_interval,4,1,3,2646,8,NaN,NaN,NaN,2.00678109001819e-14,-9.4798180731745,NaN,NaN,0,1,NaN,1,0,
517.078123527005,phy_signal_end,4,1,3,2646,8,-120.947516094342,153.947516094342,-13.9725160943423,2.00678109001819e-14,-9.4798180731745,0.0165322776865511,0.0165322776865511,0,6,6,1,0,sync_threshold
517.127012444469,phy_signal_start,4,5,1,2647,8,-109.883905530753,NaN,-2.90890553075294,NaN,NaN,NaN,NaN,NaN,NaN,NaN,0,0,
517.133642444469,phy_interval,4,5,1,2647,8,NaN,NaN,NaN,2.00678109001819e-14,-9.4798180731745,NaN,NaN,0,0,NaN,0,0,
517.133642444469,phy_track,4,5,1,2647,8,NaN,NaN,NaN,NaN,-9.4798180731745,NaN,NaN,NaN,NaN,NaN,0,0,
517.283308977105,phy_signal_end,4,8,7,2648,8,-124.567050032692,157.567050032692,Inf,0,-Inf,0,0,0,0,0,0,0,closure
517.283321420289,phy_signal_end,5,8,7,2648,8,-130.773375084599,163.773375084599,Inf,0,-Inf,0,0,0,0,0,0,0,closure
517.371812444469,phy_interval,4,5,1,2647,8,NaN,NaN,NaN,2.00678109001819e-14,-9.4798180731745,NaN,NaN,0,0,NaN,0,0,
517.371812444469,phy_signal_end,4,5,1,2647,8,-109.883905530753,142.883905530753,-2.90890553075294,2.00678109001819e-14,-9.4798180731745,0,0,0,0,0,0,1,accepted
517.387019162592,phy_signal_start,5,3,1,2649,8,-117.383020596368,NaN,-10.4080205963685,NaN,NaN,NaN,NaN,NaN,NaN,NaN,0,0,
517.393649162592,phy_interval,5,3,1,2649,8,NaN,NaN,NaN,2.00678109001819e-14,-7.49911506561554,NaN,NaN,0,0,NaN,0,0,
517.393649162592,phy_track,5,3,1,2649,8,NaN,NaN,NaN,NaN,-7.49911506561554,NaN,NaN,NaN,NaN,NaN,0,0,
517.478012444469,phy_interval,5,3,1,2649,8,NaN,NaN,NaN,2.00678109001819e-14,-7.49911506561554,NaN,NaN,0,0,NaN,0,0,
517.478012444469,phy_signal_start,5,4,2,2651,8,-109.883905530753,NaN,-2.90890553075294,NaN,NaN,NaN,NaN,NaN,NaN,NaN,0,0,
517.543292444469,phy_interval,5,3,1,2649,8,NaN,NaN,NaN,2.00678109001819e-14,-7.49911506561554,NaN,NaN,0,1,NaN,1,0,
517.543292444469,phy_interval,5,4,2,2651,8,NaN,NaN,NaN,2.00678109001819e-14,-7.49911506561554,NaN,NaN,0,0,NaN,1,0,
517.543292444469,phy_signal_end,5,4,2,2651,8,-109.883905530753,142.883905530753,-2.90890553075294,2.00678109001819e-14,-7.49911506561554,0,0,0,0,0,1,0,not_acquired
517.631819162592,phy_interval,5,3,1,2649,8,NaN,NaN,NaN,2.00678109001819e-14,-7.49911506561554,NaN,NaN,0,0,NaN,1,0,
517.631819162592,phy_signal_end,5,3,1,2649,8,-117.383020596368,150.383020596368,-10.4080205963685,2.00678109001819e-14,-7.49911506561554,0.00010697930294569,0.00010697930294569,0,1,1,1,1,accepted
517.631831604377,phy_signal_end,4,3,1,2649,8,-126.074739474425,159.074739474425,Inf,0,-Inf,0,0,0,0,0,0,0,closure
517.644841417929,phy_signal_end,4,7,8,2650,8,-130.772385180464,163.772385180464,Inf,0,-Inf,0,0,0,0,0,0,0,closure
517.644853861667,phy_signal_end,5,7,8,2650,8,-135.336041661606,168.336041661606,Inf,0,-Inf,0,0,0,0,0,0,0,closure
517.712011086064,phy_signal_start,5,1,3,2652,8,-107.875945171156,NaN,-0.900945171156323,NaN,NaN,NaN,NaN,NaN,NaN,NaN,0,0,
517.712023527005,phy_signal_start,4,1,3,2652,8,-120.947516094342,NaN,-13.9725160943423,NaN,NaN,NaN,NaN,NaN,NaN,NaN,0,0,
517.718641086064,phy_interval,5,1,3,2652,8,NaN,NaN,NaN,2.00678109001819e-14,-7.49911506561554,NaN,NaN,0,0,NaN,0,0,
517.718641086064,phy_track,5,1,3,2652,8,NaN,NaN,NaN,NaN,-7.49911506561554,NaN,NaN,NaN,NaN,NaN,0,0,
517.819111086064,phy_interval,5,1,3,2652,8,NaN,NaN,NaN,2.00678109001819e-14,-7.49911506561554,NaN,NaN,0,0,NaN,0,0,
517.819111086064,phy_signal_end,5,1,3,2652,8,-107.875945171156,140.875945171156,-0.900945171156323,2.00678109001819e-14,-7.49911506561554,0,0,0,0,0,0,1,accepted
517.819123527005,phy_interval,4,1,3,2652,8,NaN,NaN,NaN,2.00678109001819e-14,-9.4798180731745,NaN,NaN,0,13,NaN,0,0,
517.819123527005,phy_signal_end,4,1,3,2652,8,-120.947516094342,153.947516094342,-13.9725160943423,2.00678109001819e-14,-9.4798180731745,0.0151165618870165,0.0151165618870165,0,13,13,0,0,sync_threshold
517.829308977105,phy_signal_end,4,8,7,2653,8,-124.567050032692,157.567050032692,Inf,0,-Inf,0,0,0,0,0,0,0,closure
517.829321420289,phy_signal_end,5,8,7,2653,8,-130.773375084599,163.773375084599,Inf,0,-Inf,0,0,0,0,0,0,0,closure
517.868012444469,phy_signal_start,5,4,2,2654,8,-109.883905530753,NaN,-2.90890553075294,NaN,NaN,NaN,NaN,NaN,NaN,NaN,0,0,
517.874642444469,phy_interval,5,4,2,2654,8,NaN,NaN,NaN,2.00678109001819e-14,-7.49911506561554,NaN,NaN,0,0,NaN,0,0,
517.874642444469,phy_track,5,4,2,2654,8,NaN,NaN,NaN,NaN,-7.49911506561554,NaN,NaN,NaN,NaN,NaN,0,0,
517.933292444469,phy_interval,5,4,2,2654,8,NaN,NaN,NaN,2.00678109001819e-14,-7.49911506561554,NaN,NaN,0,0,NaN,0,0,
517.933292444469,phy_signal_end,5,4,2,2654,8,-109.883905530753,142.883905530753,-2.90890553075294,2.00678109001819e-14,-7.49911506561554,0,0,0,0,0,0,1,accepted
517.946013632365,phy_signal_start,4,2,4,2655,8,-111.467698021168,NaN,-4.49269802116773,NaN,NaN,NaN,NaN,NaN,NaN,NaN,0,0,
517.952643632365,phy_interval,4,2,4,2655,8,NaN,NaN,NaN,2.00678109001819e-14,-9.4798180731745,NaN,NaN,0,0,NaN,0,0,
517.952643632365,phy_track,4,2,4,2655,8,NaN,NaN,NaN,NaN,-9.4798180731745,NaN,NaN,NaN,NaN,NaN,0,0,
518.063012444469,phy_interval,4,2,4,2655,8,NaN,NaN,NaN,2.00678109001819e-14,-9.4798180731745,NaN,NaN,0,0,NaN,0,0,
518.063012444469,phy_signal_start,4,5,1,2657,8,-109.883905530753,NaN,-2.90890553075294,NaN,NaN,NaN,NaN,NaN,NaN,NaN,0,0,
518.063019162592,phy_signal_start,5,3,1,2656,8,-117.383020596368,NaN,-10.4080205963685,NaN,NaN,NaN,NaN,NaN,NaN,NaN,0,0,
518.190813632365,phy_interval,4,2,4,2655,8,NaN,NaN,NaN,2.00678109001819e-14,-1.58379249041479,NaN,NaN,0,0,NaN,1,0,
518.190813632365,phy_interval,4,5,1,2657,8,NaN,NaN,NaN,2.00678109001819e-14,-1.58379249041479,NaN,NaN,0,0,NaN,1,0,
518.190813632365,phy_signal_end,4,2,4,2655,8,-111.467698021168,144.467698021168,-4.49269802116773,2.00678109001819e-14,-1.58379249041479,0,0,0,0,0,1,1,accepted
518.190826076559,phy_signal_end,5,2,4,2655,8,-122.734861677906,155.734861677906,Inf,0,-Inf,0,0,0,0,0,0,0,closure
518.307812444469,phy_interval,4,5,1,2657,8,NaN,NaN,NaN,2.00678109001819e-14,-1.58379249041479,NaN,NaN,0,0,NaN,1,0,
518.307812444469,phy_signal_end,4,5,1,2657,8,-109.883905530753,142.883905530753,-2.90890553075294,2.00678109001819e-14,-1.58379249041479,0,0,0,0,0,1,0,not_acquired
518.307819162592,phy_interval,5,3,1,2656,8,NaN,NaN,NaN,2.00678109001819e-14,-7.49911506561554,NaN,NaN,0,0,NaN,0,0,
518.307819162592,phy_signal_end,5,3,1,2656,8,-117.383020596368,150.383020596368,-10.4080205963685,2.00678109001819e-14,-7.49911506561554,3.40962752323828e-05,3.40962752323828e-05,0,0,0,0,0,half_duplex
518.307831604377,phy_signal_end,4,3,1,2656,8,-126.074739474425,159.074739474425,Inf,0,-Inf,0,0,0,0,0,0,0,closure
518.362011086064,phy_signal_start,5,1,3,2658,8,-107.875945171156,NaN,-0.900945171156323,NaN,NaN,NaN,NaN,NaN,NaN,NaN,0,0,
518.362023527005,phy_signal_start,4,1,3,2658,8,-120.947516094342,NaN,-13.9725160943423,NaN,NaN,NaN,NaN,NaN,NaN,NaN,0,0,
518.368641086064,phy_interval,5,1,3,2658,8,NaN,NaN,NaN,2.00678109001819e-14,-7.49911506561554,NaN,NaN,0,0,NaN,0,0,
518.368641086064,phy_track,5,1,3,2658,8,NaN,NaN,NaN,NaN,-7.49911506561554,NaN,NaN,NaN,NaN,NaN,0,0,
518.469111086064,phy_interval,5,1,3,2658,8,NaN,NaN,NaN,2.00678109001819e-14,-7.49911506561554,NaN,NaN,0,0,NaN,0,0,
518.469111086064,phy_signal_end,5,1,3,2658,8,-107.875945171156,140.875945171156,-0.900945171156323,2.00678109001819e-14,-7.49911506561554,0,0,0,0,0,0,1,accepted
518.469123527005,phy_interval,4,1,3,2658,8,NaN,NaN,NaN,2.00678109001819e-14,-1.58379249041479,NaN,NaN,0,7,NaN,0,0,
518.469123527005,phy_signal_end,4,1,3,2658,8,-120.947516094342,153.947516094342,-13.9725160943423,2.00678109001819e-14,-1.58379249041479,0.0151165618870165,0.0151165618870165,0,7,7,0,0,sync_threshold
518.544308977105,phy_signal_end,4,8,7,2659,8,-124.567050032692,157.567050032692,Inf,0,-Inf,0,0,0,0,0,0,0,closure
518.544321420289,phy_signal_end,5,8,7,2659,8,-130.773375084599,163.773375084599,Inf,0,-Inf,0,0,0,0,0,0,0,closure
518.557012444469,phy_signal_start,4,5,1,2660,8,-109.883905530753,NaN,-2.90890553075294,NaN,NaN,NaN,NaN,NaN,NaN,NaN,0,0,
518.563642444469,phy_interval,4,5,1,2660,8,NaN,NaN,NaN,2.00678109001819e-14,-1.58379249041479,NaN,NaN,0,0,NaN,0,0,
518.563642444469,phy_track,4,5,1,2660,8,NaN,NaN,NaN,NaN,-1.58379249041479,NaN,NaN,NaN,NaN,NaN,0,0,
518.713308977105,phy_signal_end,4,8,7,2661,8,-124.567050032692,157.567050032692,Inf,0,-Inf,0,0,0,0,0,0,0,closure
518.713321420289,phy_signal_end,5,8,7,2661,8,-130.773375084599,163.773375084599,Inf,0,-Inf,0,0,0,0,0,0,0,closure
518.791308977105,phy_signal_end,4,8,7,2662,8,-124.567050032692,157.567050032692,Inf,0,-Inf,0,0,0,0,0,0,0,closure
518.791321420289,phy_signal_end,5,8,7,2662,8,-130.773375084599,163.773375084599,Inf,0,-Inf,0,0,0,0,0,0,0,closure
518.801812444469,phy_interval,4,5,1,2660,8,NaN,NaN,NaN,2.00678109001819e-14,-1.58379249041479,NaN,NaN,0,0,NaN,0,0,
518.801812444469,phy_signal_end,4,5,1,2660,8,-109.883905530753,142.883905530753,-2.90890553075294,2.00678109001819e-14,-1.58379249041479,0,0,0,0,0,0,1,accepted
518.817012444469,phy_signal_start,5,4,2,2663,8,-109.883905530753,NaN,-2.90890553075294,NaN,NaN,NaN,NaN,NaN,NaN,NaN,0,0,
518.823642444469,phy_interval,5,4,2,2663,8,NaN,NaN,NaN,2.00678109001819e-14,-7.49911506561554,NaN,NaN,0,0,NaN,0,0,
518.823642444469,phy_track,5,4,2,2663,8,NaN,NaN,NaN,NaN,-7.49911506561554,NaN,NaN,NaN,NaN,NaN,0,0,
518.856011086064,phy_interval,5,4,2,2663,8,NaN,NaN,NaN,2.00678109001819e-14,-7.49911506561554,NaN,NaN,0,0,NaN,0,0,
518.856011086064,phy_signal_start,5,1,3,2664,8,-107.875945171156,NaN,-0.900945171156323,NaN,NaN,NaN,NaN,NaN,NaN,NaN,0,0,
518.856023527005,phy_signal_start,4,1,3,2664,8,-120.947516094342,NaN,-13.9725160943423,NaN,NaN,NaN,NaN,NaN,NaN,NaN,0,0,
518.882292444469,phy_interval,5,4,2,2663,8,NaN,NaN,NaN,2.00678109001819e-14,-2.00796035959661,NaN,NaN,0,0,NaN,1,0,
518.882292444469,phy_interval,5,1,3,2664,8,NaN,NaN,NaN,2.00678109001819e-14,-2.00796035959661,NaN,NaN,0,0,NaN,1,0,
518.882292444469,phy_signal_end,5,4,2,2663,8,-109.883905530753,142.883905530753,-2.90890553075294,2.00678109001819e-14,-2.00796035959661,0,0,0,0,0,1,1,accepted
518.963111086064,phy_interval,5,1,3,2664,8,NaN,NaN,NaN,2.00678109001819e-14,-2.00796035959661,NaN,NaN,0,0,NaN,1,0,
518.963111086064,phy_signal_end,5,1,3,2664,8,-107.875945171156,140.875945171156,-0.900945171156323,2.00678109001819e-14,-2.00796035959661,0,0,0,0,0,1,0,not_acquired
518.963123527005,phy_interval,4,1,3,2664,8,NaN,NaN,NaN,2.00678109001819e-14,-1.58379249041479,NaN,NaN,0,16,NaN,0,0,
518.963123527005,phy_signal_end,4,1,3,2664,8,-120.947516094342,153.947516094342,-13.9725160943423,2.00678109001819e-14,-1.58379249041479,0.0151165618870165,0.0151165618870165,0,16,16,0,0,half_duplex
519.064019162592,phy_signal_start,5,3,1,2665,8,-117.383020596368,NaN,-10.4080205963685,NaN,NaN,NaN,NaN,NaN,NaN,NaN,0,0,
519.070649162592,phy_interval,5,3,1,2665,8,NaN,NaN,NaN,2.00678109001819e-14,-2.00796035959661,NaN,NaN,0,0,NaN,0,0,
519.070649162592,phy_track,5,3,1,2665,8,NaN,NaN,NaN,NaN,-2.00796035959661,NaN,NaN,NaN,NaN,NaN,0,0,
519.181308977105,phy_signal_end,4,8,7,2666,8,-124.567050032692,157.567050032692,Inf,0,-Inf,0,0,0,0,0,0,0,closure
519.181321420289,phy_signal_end,5,8,7,2666,8,-130.773375084599,163.773375084599,Inf,0,-Inf,0,0,0,0,0,0,0,closure
519.298012444469,phy_interval,5,3,1,2665,8,NaN,NaN,NaN,2.00678109001819e-14,-2.00796035959661,NaN,NaN,0,0,NaN,0,0,
519.298012444469,phy_signal_start,5,4,2,2667,8,-109.883905530753,NaN,-2.90890553075294,NaN,NaN,NaN,NaN,NaN,NaN,NaN,0,0,
519.308819162592,phy_interval,5,3,1,2665,8,NaN,NaN,NaN,2.00678109001819e-14,-7.49911506561554,NaN,NaN,0,0,NaN,1,0,
519.308819162592,phy_interval,5,4,2,2667,8,NaN,NaN,NaN,2.00678109001819e-14,-7.49911506561554,NaN,NaN,0,0,NaN,1,0,
519.308819162592,phy_signal_end,5,3,1,2665,8,-117.383020596368,150.383020596368,-10.4080205963685,2.00678109001819e-14,-7.49911506561554,7.08084671734674e-05,7.08084671734674e-05,0,0,0,1,1,accepted
519.308831604377,phy_signal_end,4,3,1,2665,8,-126.074739474425,159.074739474425,Inf,0,-Inf,0,0,0,0,0,0,0,closure
519.363292444469,phy_interval,5,4,2,2667,8,NaN,NaN,NaN,2.00678109001819e-14,-7.49911506561554,NaN,NaN,0,0,NaN,1,0,
519.363292444469,phy_signal_end,5,4,2,2667,8,-109.883905530753,142.883905530753,-2.90890553075294,2.00678109001819e-14,-7.49911506561554,0,0,0,0,0,1,0,not_acquired
519.480012444469,phy_signal_start,4,5,1,2668,8,-109.883905530753,NaN,-2.90890553075294,NaN,NaN,NaN,NaN,NaN,NaN,NaN,0,0,
519.486642444469,phy_interval,4,5,1,2668,8,NaN,NaN,NaN,2.00678109001819e-14,-1.58379249041479,NaN,NaN,0,0,NaN,0,0,
519.486642444469,phy_track,4,5,1,2668,8,NaN,NaN,NaN,NaN,-1.58379249041479,NaN,NaN,NaN,NaN,NaN,0,0,
519.724812444469,phy_interval,4,5,1,2668,8,NaN,NaN,NaN,2.00678109001819e-14,-1.58379249041479,NaN,NaN,0,0,NaN,0,0,
519.724812444469,phy_signal_end,4,5,1,2668,8,-109.883905530753,142.883905530753,-2.90890553075294,2.00678109001819e-14,-1.58379249041479,0,0,0,0,0,0,1,accepted
519.753011086064,phy_signal_start,5,1,3,2669,8,-107.875945171156,NaN,-0.900945171156323,NaN,NaN,NaN,NaN,NaN,NaN,NaN,0,0,
519.753023527005,phy_signal_start,4,1,3,2669,8,-120.947516094342,NaN,-13.9725160943423,NaN,NaN,NaN,NaN,NaN,NaN,NaN,0,0,
519.759641086064,phy_interval,5,1,3,2669,8,NaN,NaN,NaN,2.00678109001819e-14,-7.49911506561554,NaN,NaN,0,0,NaN,0,0,
519.759641086064,phy_track,5,1,3,2669,8,NaN,NaN,NaN,NaN,-7.49911506561554,NaN,NaN,NaN,NaN,NaN,0,0,
519.860111086064,phy_interval,5,1,3,2669,8,NaN,NaN,NaN,2.00678109001819e-14,-7.49911506561554,NaN,NaN,0,0,NaN,0,0,
519.860111086064,phy_signal_end,5,1,3,2669,8,-107.875945171156,140.875945171156,-0.900945171156323,2.00678109001819e-14,-7.49911506561554,0,0,0,0,0,0,1,accepted
519.860123527005,phy_interval,4,1,3,2669,8,NaN,NaN,NaN,2.00678109001819e-14,-1.58379249041479,NaN,NaN,3,10,NaN,0,0,
519.860123527005,phy_signal_end,4,1,3,2669,8,-120.947516094342,153.947516094342,-13.9725160943423,2.00678109001819e-14,-1.58379249041479,0.0151165618870165,0.0151165618870165,3,10,13,0,0,sync_threshold
519.896019162592,phy_signal_start,5,3,1,2671,8,-117.383020596368,NaN,-10.4080205963685,NaN,NaN,NaN,NaN,NaN,NaN,NaN,0,0,
520.013012444469,phy_interval,5,3,1,2671,8,NaN,NaN,NaN,2.00678109001819e-14,-7.49911506561554,NaN,NaN,0,0,NaN,0,0,
520.013012444469,phy_signal_start,5,4,2,2672,8,-109.883905530753,NaN,-2.90890553075294,NaN,NaN,NaN,NaN,NaN,NaN,NaN,0,0,
520.019642444469,phy_interval,5,3,1,2671,8,NaN,NaN,NaN,2.00678109001819e-14,-7.49911506561554,NaN,NaN,0,0,NaN,1,0,
520.019642444469,phy_interval,5,4,2,2672,8,NaN,NaN,NaN,2.00678109001819e-14,-7.49911506561554,NaN,NaN,0,0,NaN,1,0,
520.019642444469,phy_track,5,4,2,2672,8,NaN,NaN,NaN,NaN,-7.49911506561554,NaN,NaN,NaN,NaN,NaN,0,0,
520.036828977105,phy_signal_end,4,8,2,2670,8,-124.567050032692,157.567050032692,Inf,0,-Inf,0,0,0,0,0,0,0,closure
520.036841420289,phy_signal_end,5,8,2,2670,8,-130.773375084599,163.773375084599,Inf,0,-Inf,0,0,0,0,0,0,0,closure
520.078292444469,phy_interval,5,3,1,2671,8,NaN,NaN,NaN,2.00678109001819e-14,-7.49911506561554,NaN,NaN,0,0,NaN,1,0,
520.078292444469,phy_interval,5,4,2,2672,8,NaN,NaN,NaN,2.00678109001819e-14,-7.49911506561554,NaN,NaN,0,0,NaN,1,0,
520.078292444469,phy_signal_end,5,4,2,2672,8,-109.883905530753,142.883905530753,-2.90890553075294,2.00678109001819e-14,-7.49911506561554,0,0,0,0,0,1,1,accepted
520.140819162592,phy_interval,5,3,1,2671,8,NaN,NaN,NaN,2.00678109001819e-14,-7.49911506561554,NaN,NaN,0,0,NaN,1,0,
520.140819162592,phy_signal_end,5,3,1,2671,8,-117.383020596368,150.383020596368,-10.4080205963685,2.00678109001819e-14,-7.49911506561554,9.26197675876868e-05,9.26197675876868e-05,0,0,0,1,0,sync_threshold
520.140831604377,phy_signal_end,4,3,1,2671,8,-126.074739474425,159.074739474425,Inf,0,-Inf,0,0,0,0,0,0,0,closure
520.156019162592,phy_signal_start,5,3,1,2673,8,-117.383020596368,NaN,-10.4080205963685,NaN,NaN,NaN,NaN,NaN,NaN,NaN,0,0,
520.162649162592,phy_interval,5,3,1,2673,8,NaN,NaN,NaN,2.00678109001819e-14,-7.49911506561554,NaN,NaN,0,0,NaN,0,0,
520.162649162592,phy_track,5,3,1,2673,8,NaN,NaN,NaN,NaN,-7.49911506561554,NaN,NaN,NaN,NaN,NaN,0,0,
520.325013632365,phy_signal_start,4,2,8,2674,8,-111.467698021168,NaN,-4.49269802116773,NaN,NaN,NaN,NaN,NaN,NaN,NaN,0,0,
520.331643632365,phy_interval,4,2,8,2674,8,NaN,NaN,NaN,2.00678109001819e-14,-1.58379249041479,NaN,NaN,0,0,NaN,0,0,
520.331643632365,phy_track,4,2,8,2674,8,NaN,NaN,NaN,NaN,-1.58379249041479,NaN,NaN,NaN,NaN,NaN,0,0,
520.390293632365,phy_interval,4,2,8,2674,8,NaN,NaN,NaN,2.00678109001819e-14,-1.58379249041479,NaN,NaN,0,0,NaN,0,0,
520.390293632365,phy_signal_end,4,2,8,2674,8,-111.467698021168,144.467698021168,-4.49269802116773,2.00678109001819e-14,-1.58379249041479,0,0,0,0,0,0,1,accepted
520.390306076559,phy_signal_end,5,2,8,2674,8,-122.734861677906,155.734861677906,Inf,0,-Inf,0,0,0,0,0,0,0,closure
520.400819162592,phy_interval,5,3,1,2673,8,NaN,NaN,NaN,2.00678109001819e-14,-7.49911506561554,NaN,NaN,0,0,NaN,0,0,
520.400819162592,phy_signal_end,5,3,1,2673,8,-117.383020596368,150.383020596368,-10.4080205963685,2.00678109001819e-14,-7.49911506561554,3.40962752323828e-05,3.40962752323828e-05,0,0,0,0,1,accepted
520.400831604377,phy_signal_end,4,3,1,2673,8,-126.074739474425,159.074739474425,Inf,0,-Inf,0,0,0,0,0,0,0,closure
520.468019162592,phy_signal_start,5,3,1,2676,8,-117.383020596368,NaN,-10.4080205963685,NaN,NaN,NaN,NaN,NaN,NaN,NaN,0,0,
520.474649162592,phy_interval,5,3,1,2676,8,NaN,NaN,NaN,2.00678109001819e-14,-7.49911506561554,NaN,NaN,0,0,NaN,0,0,
520.474649162592,phy_track,5,3,1,2676,8,NaN,NaN,NaN,NaN,-7.49911506561554,NaN,NaN,NaN,NaN,NaN,0,0,
520.494012444469,phy_interval,5,3,1,2676,8,NaN,NaN,NaN,2.00678109001819e-14,-7.49911506561554,NaN,NaN,0,0,NaN,0,0,
520.494012444469,phy_signal_start,5,4,2,2677,8,-109.883905530753,NaN,-2.90890553075294,NaN,NaN,NaN,NaN,NaN,NaN,NaN,0,0,
520.559292444469,phy_interval,5,3,1,2676,8,NaN,NaN,NaN,2.00678109001819e-14,-7.49911506561554,NaN,NaN,0,0,NaN,1,0,
520.559292444469,phy_interval,5,4,2,2677,8,NaN,NaN,NaN,2.00678109001819e-14,-7.49911506561554,NaN,NaN,0,0,NaN,1,0,
520.559292444469,phy_signal_end,5,4,2,2677,8,-109.883905530753,142.883905530753,-2.90890553075294,2.00678109001819e-14,-7.49911506561554,0,0,0,0,0,1,0,not_acquired
520.660828977105,phy_signal_end,4,8,2,2675,8,-124.567050032692,157.567050032692,Inf,0,-Inf,0,0,0,0,0,0,0,closure
520.660841420289,phy_signal_end,5,8,2,2675,8,-130.773375084599,163.773375084599,Inf,0,-Inf,0,0,0,0,0,0,0,closure
520.712819162592,phy_interval,5,3,1,2676,8,NaN,NaN,NaN,2.00678109001819e-14,-7.49911506561554,NaN,NaN,0,0,NaN,1,0,
520.712819162592,phy_signal_end,5,3,1,2676,8,-117.383020596368,150.383020596368,-10.4080205963685,2.00678109001819e-14,-7.49911506561554,7.80953647657354e-05,7.80953647657354e-05,0,0,0,1,1,accepted
520.712831604377,phy_signal_end,4,3,1,2676,8,-126.074739474425,159.074739474425,Inf,0,-Inf,0,0,0,0,0,0,0,closure
520.728019162592,phy_signal_start,5,3,1,2678,8,-117.383020596368,NaN,-10.4080205963685,NaN,NaN,NaN,NaN,NaN,NaN,NaN,0,0,
520.734649162592,phy_interval,5,3,1,2678,8,NaN,NaN,NaN,2.00678109001819e-14,-7.49911506561554,NaN,NaN,0,0,NaN,0,0,
520.734649162592,phy_track,5,3,1,2678,8,NaN,NaN,NaN,NaN,-7.49911506561554,NaN,NaN,NaN,NaN,NaN,0,0,
520.806013632365,phy_signal_start,4,2,8,2679,8,-111.467698021168,NaN,-4.49269802116773,NaN,NaN,NaN,NaN,NaN,NaN,NaN,0,0,
520.812643632365,phy_interval,4,2,8,2679,8,NaN,NaN,NaN,2.00678109001819e-14,-1.58379249041479,NaN,NaN,0,0,NaN,0,0,
520.812643632365,phy_track,4,2,8,2679,8,NaN,NaN,NaN,NaN,-1.58379249041479,NaN,NaN,NaN,NaN,NaN,0,0,
520.871293632365,phy_interval,4,2,8,2679,8,NaN,NaN,NaN,2.00678109001819e-14,-1.58379249041479,NaN,NaN,0,0,NaN,0,0,
520.871293632365,phy_signal_end,4,2,8,2679,8,-111.467698021168,144.467698021168,-4.49269802116773,2.00678109001819e-14,-1.58379249041479,0,0,0,0,0,0,1,accepted
520.871306076559,phy_signal_end,5,2,8,2679,8,-122.734861677906,155.734861677906,Inf,0,-Inf,0,0,0,0,0,0,0,closure
520.897012444469,phy_interval,5,3,1,2678,8,NaN,NaN,NaN,2.00678109001819e-14,-7.49911506561554,NaN,NaN,0,0,NaN,0,0,
520.897012444469,phy_signal_start,5,4,2,2680,8,-109.883905530753,NaN,-2.90890553075294,NaN,NaN,NaN,NaN,NaN,NaN,NaN,0,0,
520.962292444469,phy_interval,5,3,1,2678,8,NaN,NaN,NaN,2.00678109001819e-14,-7.49911506561554,NaN,NaN,0,0,NaN,1,0,
520.962292444469,phy_interval,5,4,2,2680,8,NaN,NaN,NaN,2.00678109001819e-14,-7.49911506561554,NaN,NaN,0,0,NaN,1,0,
520.962292444469,phy_signal_end,5,4,2,2680,8,-109.883905530753,142.883905530753,-2.90890553075294,2.00678109001819e-14,-7.49911506561554,0,0,0,0,0,1,0,not_acquired
520.972819162592,phy_interval,5,3,1,2678,8,NaN,NaN,NaN,2.00678109001819e-14,-7.49911506561554,NaN,NaN,0,0,NaN,1,0,
520.972819162592,phy_signal_end,5,3,1,2678,8,-117.383020596368,150.383020596368,-10.4080205963685,2.00678109001819e-14,-7.49911506561554,8.46733978805771e-05,8.46733978805771e-05,0,0,0,1,1,accepted
520.972831604377,phy_signal_end,4,3,1,2678,8,-126.074739474425,159.074739474425,Inf,0,-Inf,0,0,0,0,0,0,0,closure
521.001012444469,phy_signal_start,4,5,1,2681,8,-109.883905530753,NaN,-2.90890553075294,NaN,NaN,NaN,NaN,NaN,NaN,NaN,0,0,
521.007642444469,phy_interval,4,5,1,2681,8,NaN,NaN,NaN,2.00678109001819e-14,-1.58379249041479,NaN,NaN,0,0,NaN,0,0,
521.007642444469,phy_track,4,5,1,2681,8,NaN,NaN,NaN,NaN,-1.58379249041479,NaN,NaN,NaN,NaN,NaN,0,0,
521.170013632365,phy_interval,4,5,1,2681,8,NaN,NaN,NaN,2.00678109001819e-14,-1.58379249041479,NaN,NaN,0,0,NaN,0,0,
521.170013632365,phy_signal_start,4,2,8,2682,8,-111.467698021168,NaN,-4.49269802116773,NaN,NaN,NaN,NaN,NaN,NaN,NaN,0,0,
521.235293632365,phy_interval,4,5,1,2681,8,NaN,NaN,NaN,2.00678109001819e-14,-1.58379249041479,NaN,NaN,0,0,NaN,1,0,
521.235293632365,phy_interval,4,2,8,2682,8,NaN,NaN,NaN,2.00678109001819e-14,-1.58379249041479,NaN,NaN,0,0,NaN,1,0,
521.235293632365,phy_signal_end,4,2,8,2682,8,-111.467698021168,144.467698021168,-4.49269802116773,2.00678109001819e-14,-1.58379249041479,0,0,0,0,0,1,0,not_acquired
521.235306076559,phy_signal_end,5,2,8,2682,8,-122.734861677906,155.734861677906,Inf,0,-Inf,0,0,0,0,0,0,0,closure
521.245812444469,phy_interval,4,5,1,2681,8,NaN,NaN,NaN,2.00678109001819e-14,-1.58379249041479,NaN,NaN,0,0,NaN,1,0,
521.245812444469,phy_signal_end,4,5,1,2681,8,-109.883905530753,142.883905530753,-2.90890553075294,2.00678109001819e-14,-1.58379249041479,0,0,0,0,0,1,1,accepted
521.352012444469,phy_signal_start,5,4,5,2683,8,-109.883905530753,NaN,-2.90890553075294,NaN,NaN,NaN,NaN,NaN,NaN,NaN,0,0,
521.358642444469,phy_interval,5,4,5,2683,8,NaN,NaN,NaN,2.00678109001819e-14,-7.49911506561554,NaN,NaN,0,0,NaN,0,0,
521.358642444469,phy_track,5,4,5,2683,8,NaN,NaN,NaN,NaN,-7.49911506561554,NaN,NaN,NaN,NaN,NaN,0,0,
521.391011086064,phy_interval,5,4,5,2683,8,NaN,NaN,NaN,2.00678109001819e-14,-7.49911506561554,NaN,NaN,0,0,NaN,0,0,
521.391011086064,phy_signal_start,5,1,3,2684,8,-107.875945171156,NaN,-0.900945171156323,NaN,NaN,NaN,NaN,NaN,NaN,NaN,0,0,
521.391023527005,phy_signal_start,4,1,3,2684,8,-120.947516094342,NaN,-13.9725160943423,NaN,NaN,NaN,NaN,NaN,NaN,NaN,0,0,
521.498111086064,phy_interval,5,4,5,2683,8,NaN,NaN,NaN,2.00678109001819e-14,-2.00796035959661,NaN,NaN,0,0,NaN,1,0,
521.498111086064,phy_interval,5,1,3,2684,8,NaN,NaN,NaN,2.00678109001819e-14,-2.00796035959661,NaN,NaN,0,0,NaN,1,0,
521.498111086064,phy_signal_end,5,1,3,2684,8,-107.875945171156,140.875945171156,-0.900945171156323,2.00678109001819e-14,-2.00796035959661,0,0,0,0,0,1,0,not_acquired
521.498123527005,phy_interval,4,1,3,2684,8,NaN,NaN,NaN,2.00678109001819e-14,-1.58379249041479,NaN,NaN,0,13,NaN,0,0,
521.498123527005,phy_signal_end,4,1,3,2684,8,-120.947516094342,153.947516094342,-13.9725160943423,2.00678109001819e-14,-1.58379249041479,0.0151165618870165,0.0151165618870165,0,13,13,0,0,half_duplex
521.521019162592,phy_interval,5,4,5,2683,8,NaN,NaN,NaN,2.00678109001819e-14,-2.00796035959661,NaN,NaN,0,0,NaN,1,0,
521.521019162592,phy_signal_start,5,3,1,2685,8,-117.383020596368,NaN,-10.4080205963685,NaN,NaN,NaN,NaN,NaN,NaN,NaN,0,0,
521.596812444469,phy_interval,5,4,5,2683,8,NaN,NaN,NaN,2.00678109001819e-14,-7.49911506561554,NaN,NaN,0,0,NaN,2,0,
521.596812444469,phy_interval,5,3,1,2685,8,NaN,NaN,NaN,2.00678109001819e-14,-7.49911506561554,NaN,NaN,0,0,NaN,1,0,
521.596812444469,phy_signal_end,5,4,5,2683,8,-109.883905530753,142.883905530753,-2.90890553075294,2.00678109001819e-14,-7.49911506561554,0,0,0,0,0,2,1,accepted
521.599013632365,phy_signal_start,4,2,8,2686,8,-111.467698021168,NaN,-4.49269802116773,NaN,NaN,NaN,NaN,NaN,NaN,NaN,0,0,
521.605643632365,phy_interval,4,2,8,2686,8,NaN,NaN,NaN,2.00678109001819e-14,-1.58379249041479,NaN,NaN,0,0,NaN,0,0,
521.605643632365,phy_track,4,2,8,2686,8,NaN,NaN,NaN,NaN,-1.58379249041479,NaN,NaN,NaN,NaN,NaN,0,0,
521.664012444469,phy_interval,4,2,8,2686,8,NaN,NaN,NaN,2.00678109001819e-14,-1.58379249041479,NaN,NaN,0,0,NaN,0,0,
521.664012444469,phy_signal_start,4,5,4,2687,8,-109.883905530753,NaN,-2.90890553075294,NaN,NaN,NaN,NaN,NaN,NaN,NaN,0,0,
521.664293632365,phy_interval,4,2,8,2686,8,NaN,NaN,NaN,2.00678109001819e-14,-1.58379249041479,NaN,NaN,0,0,NaN,1,0,
521.664293632365,phy_interval,4,5,4,2687,8,NaN,NaN,NaN,2.00678109001819e-14,-1.58379249041479,NaN,NaN,0,0,NaN,1,0,
521.664293632365,phy_signal_end,4,2,8,2686,8,-111.467698021168,144.467698021168,-4.49269802116773,2.00678109001819e-14,-1.58379249041479,0,0,0,0,0,1,1,accepted
521.664306076559,phy_signal_end,5,2,8,2686,8,-122.734861677906,155.734861677906,Inf,0,-Inf,0,0,0,0,0,0,0,closure
521.670923632365,phy_interval,4,5,4,2687,8,NaN,NaN,NaN,2.00678109001819e-14,-1.58379249041479,NaN,NaN,0,0,NaN,1,0,
521.670923632365,phy_track,4,5,4,2687,8,NaN,NaN,NaN,NaN,-1.58379249041479,NaN,NaN,NaN,NaN,NaN,0,0,
521.729292444469,phy_interval,4,5,4,2687,8,NaN,NaN,NaN,2.00678109001819e-14,-1.58379249041479,NaN,NaN,0,0,NaN,1,0,
521.729292444469,phy_signal_end,4,5,4,2687,8,-109.883905530753,142.883905530753,-2.90890553075294,2.00678109001819e-14,-1.58379249041479,0,0,0,0,0,1,1,accepted
521.765819162592,phy_interval,5,3,1,2685,8,NaN,NaN,NaN,2.00678109001819e-14,-7.49911506561554,NaN,NaN,0,1,NaN,1,0,
521.765819162592,phy_signal_end,5,3,1,2685,8,-117.383020596368,150.383020596368,-10.4080205963685,2.00678109001819e-14,-7.49911506561554,7.03138621799548e-05,7.03138621799548e-05,0,1,1,1,0,half_duplex
521.765831604377,phy_signal_end,4,3,1,2685,8,-126.074739474425,159.074739474425,Inf,0,-Inf,0,0,0,0,0,0,0,closure
521.781013632365,phy_signal_start,4,2,8,2688,8,-111.467698021168,NaN,-4.49269802116773,NaN,NaN,NaN,NaN,NaN,NaN,NaN,0,0,
521.787643632365,phy_interval,4,2,8,2688,8,NaN,NaN,NaN,2.00678109001819e-14,-1.58379249041479,NaN,NaN,0,0,NaN,0,0,
521.787643632365,phy_track,4,2,8,2688,8,NaN,NaN,NaN,NaN,-1.58379249041479,NaN,NaN,NaN,NaN,NaN,0,0,
521.820019162592,phy_signal_start,5,3,1,2689,8,-117.383020596368,NaN,-10.4080205963685,NaN,NaN,NaN,NaN,NaN,NaN,NaN,0,0,
521.826649162592,phy_interval,5,3,1,2689,8,NaN,NaN,NaN,2.00678109001819e-14,-7.49911506561554,NaN,NaN,0,0,NaN,0,0,
521.826649162592,phy_track,5,3,1,2689,8,NaN,NaN,NaN,NaN,-7.49911506561554,NaN,NaN,NaN,NaN,NaN,0,0,
521.846293632365,phy_interval,4,2,8,2688,8,NaN,NaN,NaN,2.00678109001819e-14,-1.58379249041479,NaN,NaN,0,0,NaN,0,0,
521.846293632365,phy_signal_end,4,2,8,2688,8,-111.467698021168,144.467698021168,-4.49269802116773,2.00678109001819e-14,-1.58379249041479,0,0,0,0,0,0,1,accepted
521.846306076559,phy_signal_end,5,2,8,2688,8,-122.734861677906,155.734861677906,Inf,0,-Inf,0,0,0,0,0,0,0,closure
521.885012444469,phy_interval,5,3,1,2689,8,NaN,NaN,NaN,2.00678109001819e-14,-7.49911506561554,NaN,NaN,0,0,NaN,0,0,
521.885012444469,phy_signal_start,5,4,5,2690,8,-109.883905530753,NaN,-2.90890553075294,NaN,NaN,NaN,NaN,NaN,NaN,NaN,0,0,
522.064819162592,phy_interval,5,3,1,2689,8,NaN,NaN,NaN,2.00678109001819e-14,-7.49911506561554,NaN,NaN,0,0,NaN,1,0,
522.064819162592,phy_interval,5,4,5,2690,8,NaN,NaN,NaN,2.00678109001819e-14,-7.49911506561554,NaN,NaN,0,0,NaN,1,0,
522.064819162592,phy_signal_end,5,3,1,2689,8,-117.383020596368,150.383020596368,-10.4080205963685,2.00678109001819e-14,-7.49911506561554,6.86157890302659e-05,6.86157890302659e-05,0,0,0,1,1,accepted
522.064831604377,phy_signal_end,4,3,1,2689,8,-126.074739474425,159.074739474425,Inf,0,-Inf,0,0,0,0,0,0,0,closure
522.093019162592,phy_interval,5,4,5,2690,8,NaN,NaN,NaN,2.00678109001819e-14,-7.49911506561554,NaN,NaN,0,0,NaN,1,0,
522.093019162592,phy_signal_start,5,3,1,2691,8,-117.383020596368,NaN,-10.4080205963685,NaN,NaN,NaN,NaN,NaN,NaN,NaN,0,0,
522.099649162592,phy_interval,5,4,5,2690,8,NaN,NaN,NaN,2.00678109001819e-14,7.49911506561554,NaN,NaN,0,0,NaN,2,0,
522.099649162592,phy_interval,5,3,1,2691,8,NaN,NaN,NaN,2.00678109001819e-14,7.49911506561554,NaN,NaN,0,0,NaN,1,0,
522.099649162592,phy_track,5,3,1,2691,8,NaN,NaN,NaN,NaN,7.49911506561554,NaN,NaN,NaN,NaN,NaN,0,0,
522.129812444469,phy_interval,5,4,5,2690,8,NaN,NaN,NaN,2.00678109001819e-14,7.49911506561554,NaN,NaN,0,0,NaN,2,0,
522.129812444469,phy_interval,5,3,1,2691,8,NaN,NaN,NaN,2.00678109001819e-14,7.49911506561554,NaN,NaN,0,0,NaN,1,0,
522.129812444469,phy_signal_end,5,4,5,2690,8,-109.883905530753,142.883905530753,-2.90890553075294,2.00678109001819e-14,7.49911506561554,0,0,0,0,0,2,0,not_acquired
522.197013632365,phy_signal_start,4,2,8,2692,8,-111.467698021168,NaN,-4.49269802116773,NaN,NaN,NaN,NaN,NaN,NaN,NaN,0,0,
522.203643632365,phy_interval,4,2,8,2692,8,NaN,NaN,NaN,2.00678109001819e-14,-1.58379249041479,NaN,NaN,0,0,NaN,0,0,
522.203643632365,phy_track,4,2,8,2692,8,NaN,NaN,NaN,NaN,-1.58379249041479,NaN,NaN,NaN,NaN,NaN,0,0,
522.262293632365,phy_interval,4,2,8,2692,8,NaN,NaN,NaN,2.00678109001819e-14,-1.58379249041479,NaN,NaN,0,0,NaN,0,0,
522.262293632365,phy_signal_end,4,2,8,2692,8,-111.467698021168,144.467698021168,-4.49269802116773,2.00678109001819e-14,-1.58379249041479,0,0,0,0,0,0,1,accepted
522.262306076559,phy_signal_end,5,2,8,2692,8,-122.734861677906,155.734861677906,Inf,0,-Inf,0,0,0,0,0,0,0,closure
522.337819162592,phy_interval,5,3,1,2691,8,NaN,NaN,NaN,2.00678109001819e-14,7.49911506561554,NaN,NaN,0,0,NaN,1,0,
522.337819162592,phy_signal_end,5,3,1,2691,8,-117.383020596368,150.383020596368,-10.4080205963685,2.00678109001819e-14,7.49911506561554,0.000104951493581199,0.000104951493581199,0,0,0,1,1,accepted
522.337831604377,phy_signal_end,4,3,1,2691,8,-126.074739474425,159.074739474425,Inf,0,-Inf,0,0,0,0,0,0,0,closure
522.353011086064,phy_signal_start,5,1,3,2693,8,-107.875945171156,NaN,-0.900945171156323,NaN,NaN,NaN,NaN,NaN,NaN,NaN,0,0,
522.353023527005,phy_signal_start,4,1,3,2693,8,-120.947516094342,NaN,-13.9725160943423,NaN,NaN,NaN,NaN,NaN,NaN,NaN,0,0,
522.359641086064,phy_interval,5,1,3,2693,8,NaN,NaN,NaN,2.00678109001819e-14,7.49911506561554,NaN,NaN,0,0,NaN,0,0,
522.359641086064,phy_track,5,1,3,2693,8,NaN,NaN,NaN,NaN,7.49911506561554,NaN,NaN,NaN,NaN,NaN,0,0,
522.460111086064,phy_interval,5,1,3,2693,8,NaN,NaN,NaN,2.00678109001819e-14,7.49911506561554,NaN,NaN,0,0,NaN,0,0,
522.460111086064,phy_signal_end,5,1,3,2693,8,-107.875945171156,140.875945171156,-0.900945171156323,2.00678109001819e-14,7.49911506561554,0,0,0,0,0,0,1,accepted
522.460123527005,phy_interval,4,1,3,2693,8,NaN,NaN,NaN,2.00678109001819e-14,-1.58379249041479,NaN,NaN,0,6,NaN,0,0,
522.460123527005,phy_signal_end,4,1,3,2693,8,-120.947516094342,153.947516094342,-13.9725160943423,2.00678109001819e-14,-1.58379249041479,0.0151165618870165,0.0151165618870165,0,6,6,0,0,sync_threshold
522.522011086064,phy_signal_start,5,1,3,2695,8,-107.875945171156,NaN,-0.900945171156323,NaN,NaN,NaN,NaN,NaN,NaN,NaN,0,0,
522.522023527005,phy_signal_start,4,1,3,2695,8,-120.947516094342,NaN,-13.9725160943423,NaN,NaN,NaN,NaN,NaN,NaN,NaN,0,0,
522.528641086064,phy_interval,5,1,3,2695,8,NaN,NaN,NaN,2.00678109001819e-14,7.49911506561554,NaN,NaN,0,0,NaN,0,0,
522.528641086064,phy_track,5,1,3,2695,8,NaN,NaN,NaN,NaN,7.49911506561554,NaN,NaN,NaN,NaN,NaN,0,0,
522.574012444469,phy_interval,5,1,3,2695,8,NaN,NaN,NaN,2.00678109001819e-14,7.49911506561554,NaN,NaN,0,0,NaN,0,0,
522.574012444469,phy_signal_start,5,4,5,2696,8,-109.883905530753,NaN,-2.90890553075294,NaN,NaN,NaN,NaN,NaN,NaN,NaN,0,0,
522.629111086064,phy_interval,5,1,3,2695,8,NaN,NaN,NaN,2.00678109001819e-14,-2.00796035959661,NaN,NaN,0,0,NaN,1,0,
522.629111086064,phy_interval,5,4,5,2696,8,NaN,NaN,NaN,2.00678109001819e-14,-2.00796035959661,NaN,NaN,0,0,NaN,1,0,
522.629111086064,phy_signal_end,5,1,3,2695,8,-107.875945171156,140.875945171156,-0.900945171156323,2.00678109001819e-14,-2.00796035959661,0,0,0,0,0,1,1,accepted
522.629123527005,phy_interval,4,1,3,2695,8,NaN,NaN,NaN,2.00678109001819e-14,-1.58379249041479,NaN,NaN,0,12,NaN,0,0,
522.629123527005,phy_signal_end,4,1,3,2695,8,-120.947516094342,153.947516094342,-13.9725160943423,2.00678109001819e-14,-1.58379249041479,0.0151165618870165,0.0151165618870165,0,12,12,0,0,half_duplex
522.665011086064,phy_interval,5,4,5,2696,8,NaN,NaN,NaN,2.00678109001819e-14,-2.00796035959661,NaN,NaN,0,0,NaN,1,0,
522.665011086064,phy_signal_start,5,1,3,2697,8,-107.875945171156,NaN,-0.900945171156323,NaN,NaN,NaN,NaN,NaN,NaN,NaN,0,0,
522.665023527005,phy_signal_start,4,1,3,2697,8,-120.947516094342,NaN,-13.9725160943423,NaN,NaN,NaN,NaN,NaN,NaN,NaN,0,0,
522.671641086064,phy_interval,5,4,5,2696,8,NaN,NaN,NaN,2.00678109001819e-14,-2.00796035959661,NaN,NaN,0,0,NaN,2,0,
522.671641086064,phy_interval,5,1,3,2697,8,NaN,NaN,NaN,2.00678109001819e-14,-2.00796035959661,NaN,NaN,0,0,NaN,1,0,
522.671641086064,phy_track,5,1,3,2697,8,NaN,NaN,NaN,NaN,-2.00796035959661,NaN,NaN,NaN,NaN,NaN,0,0,
522.701828977105,phy_signal_end,4,8,2,2694,8,-124.567050032692,157.567050032692,Inf,0,-Inf,0,0,0,0,0,0,0,closure
522.701841420289,phy_signal_end,5,8,2,2694,8,-130.773375084599,163.773375084599,Inf,0,-Inf,0,0,0,0,0,0,0,closure
522.772111086064,phy_interval,5,4,5,2696,8,NaN,NaN,NaN,2.00678109001819e-14,-2.00796035959661,NaN,NaN,0,0,NaN,2,0,
522.772111086064,phy_interval,5,1,3,2697,8,NaN,NaN,NaN,2.00678109001819e-14,-2.00796035959661,NaN,NaN,0,0,NaN,1,0,
522.772111086064,phy_signal_end,5,1,3,2697,8,-107.875945171156,140.875945171156,-0.900945171156323,2.00678109001819e-14,-2.00796035959661,0,0,0,0,0,1,1,accepted
522.772123527005,phy_interval,4,1,3,2697,8,NaN,NaN,NaN,2.00678109001819e-14,-1.58379249041479,NaN,NaN,2,17,NaN,0,0,
522.772123527005,phy_signal_end,4,1,3,2697,8,-120.947516094342,153.947516094342,-13.9725160943423,2.00678109001819e-14,-1.58379249041479,0.0151165618870165,0.0151165618870165,2,17,19,0,0,half_duplex
522.818812444469,phy_interval,5,4,5,2696,8,NaN,NaN,NaN,2.00678109001819e-14,-2.00796035959661,NaN,NaN,0,0,NaN,2,0,
522.818812444469,phy_signal_end,5,4,5,2696,8,-109.883905530753,142.883905530753,-2.90890553075294,2.00678109001819e-14,-2.00796035959661,0,0,0,0,0,2,0,not_acquired
522.834013632365,phy_signal_start,4,2,8,2698,8,-111.467698021168,NaN,-4.49269802116773,NaN,NaN,NaN,NaN,NaN,NaN,NaN,0,0,
522.834019162592,phy_signal_start,5,3,1,2699,8,-117.383020596368,NaN,-10.4080205963685,NaN,NaN,NaN,NaN,NaN,NaN,NaN,0,0,
522.840643632365,phy_interval,4,2,8,2698,8,NaN,NaN,NaN,2.00678109001819e-14,-1.58379249041479,NaN,NaN,0,0,NaN,0,0,
522.840643632365,phy_track,4,2,8,2698,8,NaN,NaN,NaN,NaN,-1.58379249041479,NaN,NaN,NaN,NaN,NaN,0,0,
522.840649162592,phy_interval,5,3,1,2699,8,NaN,NaN,NaN,2.00678109001819e-14,-2.00796035959661,NaN,NaN,0,0,NaN,0,0,
522.840649162592,phy_track,5,3,1,2699,8,NaN,NaN,NaN,NaN,-2.00796035959661,NaN,NaN,NaN,NaN,NaN,0,0,
522.899293632365,phy_interval,4,2,8,2698,8,NaN,NaN,NaN,2.00678109001819e-14,-1.58379249041479,NaN,NaN,0,0,NaN,0,0,
522.899293632365,phy_signal_end,4,2,8,2698,8,-111.467698021168,144.467698021168,-4.49269802116773,2.00678109001819e-14,-1.58379249041479,0,0,0,0,0,0,1,accepted
522.899306076559,phy_signal_end,5,2,8,2698,8,-122.734861677906,155.734861677906,Inf,0,-Inf,0,0,0,0,0,0,0,closure
523.078819162592,phy_interval,5,3,1,2699,8,NaN,NaN,NaN,2.00678109001819e-14,-2.00796035959661,NaN,NaN,0,0,NaN,0,0,
523.078819162592,phy_signal_end,5,3,1,2699,8,-117.383020596368,150.383020596368,-10.4080205963685,2.00678109001819e-14,-2.00796035959661,3.40962752323828e-05,3.40962752323828e-05,0,0,0,0,1,accepted
523.078831604377,phy_signal_end,4,3,1,2699,8,-126.074739474425,159.074739474425,Inf,0,-Inf,0,0,0,0,0,0,0,closure
523.107013632365,phy_signal_start,4,2,8,2700,8,-111.467698021168,NaN,-4.49269802116773,NaN,NaN,NaN,NaN,NaN,NaN,NaN,0,0,
523.113643632365,phy_interval,4,2,8,2700,8,NaN,NaN,NaN,2.00678109001819e-14,-1.58379249041479,NaN,NaN,0,0,NaN,0,0,
523.113643632365,phy_track,4,2,8,2700,8,NaN,NaN,NaN,NaN,-1.58379249041479,NaN,NaN,NaN,NaN,NaN,0,0,
523.120012444469,phy_interval,4,2,8,2700,8,NaN,NaN,NaN,2.00678109001819e-14,-1.58379249041479,NaN,NaN,0,0,NaN,0,0,
523.120012444469,phy_signal_start,4,5,4,2701,8,-109.883905530753,NaN,-2.90890553075294,NaN,NaN,NaN,NaN,NaN,NaN,NaN,0,0,
523.172293632365,phy_interval,4,2,8,2700,8,NaN,NaN,NaN,2.00678109001819e-14,-1.58379249041479,NaN,NaN,0,0,NaN,1,0,
523.172293632365,phy_interval,4,5,4,2701,8,NaN,NaN,NaN,2.00678109001819e-14,-1.58379249041479,NaN,NaN,0,0,NaN,1,0,
523.172293632365,phy_signal_end,4,2,8,2700,8,-111.467698021168,144.467698021168,-4.49269802116773,2.00678109001819e-14,-1.58379249041479,0,0,0,0,0,1,1,accepted
523.172306076559,phy_signal_end,5,2,8,2700,8,-122.734861677906,155.734861677906,Inf,0,-Inf,0,0,0,0,0,0,0,closure
523.185292444469,phy_interval,4,5,4,2701,8,NaN,NaN,NaN,2.00678109001819e-14,-1.58379249041479,NaN,NaN,0,0,NaN,1,0,
523.185292444469,phy_signal_end,4,5,4,2701,8,-109.883905530753,142.883905530753,-2.90890553075294,2.00678109001819e-14,-1.58379249041479,0,0,0,0,0,1,0,not_acquired
523.237011086064,phy_signal_start,5,1,3,2702,8,-107.875945171156,NaN,-0.900945171156323,NaN,NaN,NaN,NaN,NaN,NaN,NaN,0,0,
523.237023527005,phy_signal_start,4,1,3,2702,8,-120.947516094342,NaN,-13.9725160943423,NaN,NaN,NaN,NaN,NaN,NaN,NaN,0,0,
523.243641086064,phy_interval,5,1,3,2702,8,NaN,NaN,NaN,2.00678109001819e-14,-2.00796035959661,NaN,NaN,0,0,NaN,0,0,
523.243641086064,phy_track,5,1,3,2702,8,NaN,NaN,NaN,NaN,-2.00796035959661,NaN,NaN,NaN,NaN,NaN,0,0,
523.344111086064,phy_interval,5,1,3,2702,8,NaN,NaN,NaN,2.00678109001819e-14,-2.00796035959661,NaN,NaN,0,0,NaN,0,0,
523.344111086064,phy_signal_end,5,1,3,2702,8,-107.875945171156,140.875945171156,-0.900945171156323,2.00678109001819e-14,-2.00796035959661,0,0,0,0,0,0,1,accepted
523.344123527005,phy_interval,4,1,3,2702,8,NaN,NaN,NaN,2.00678109001819e-14,-1.58379249041479,NaN,NaN,0,9,NaN,0,0,
523.344123527005,phy_signal_end,4,1,3,2702,8,-120.947516094342,153.947516094342,-13.9725160943423,2.00678109001819e-14,-1.58379249041479,0.0151165618870165,0.0151165618870165,0,9,9,0,0,sync_threshold
523.354012444469,phy_signal_start,4,5,4,2703,8,-109.883905530753,NaN,-2.90890553075294,NaN,NaN,NaN,NaN,NaN,NaN,NaN,0,0,
523.360642444469,phy_interval,4,5,4,2703,8,NaN,NaN,NaN,2.00678109001819e-14,-1.58379249041479,NaN,NaN,0,0,NaN,0,0,
523.360642444469,phy_track,4,5,4,2703,8,NaN,NaN,NaN,NaN,-1.58379249041479,NaN,NaN,NaN,NaN,NaN,0,0,
523.419292444469,phy_interval,4,5,4,2703,8,NaN,NaN,NaN,2.00678109001819e-14,-1.58379249041479,NaN,NaN,0,0,NaN,0,0,
523.419292444469,phy_signal_end,4,5,4,2703,8,-109.883905530753,142.883905530753,-2.90890553075294,2.00678109001819e-14,-1.58379249041479,0,0,0,0,0,0,1,accepted
523.445013632365,phy_signal_start,4,2,8,2704,8,-111.467698021168,NaN,-4.49269802116773,NaN,NaN,NaN,NaN,NaN,NaN,NaN,0,0,
523.445019162592,phy_signal_start,5,3,1,2705,8,-117.383020596368,NaN,-10.4080205963685,NaN,NaN,NaN,NaN,NaN,NaN,NaN,0,0,
523.451643632365,phy_interval,4,2,8,2704,8,NaN,NaN,NaN,2.00678109001819e-14,-1.58379249041479,NaN,NaN,0,0,NaN,0,0,
523.451643632365,phy_track,4,2,8,2704,8,NaN,NaN,NaN,NaN,-1.58379249041479,NaN,NaN,NaN,NaN,NaN,0,0,
523.451649162592,phy_interval,5,3,1,2705,8,NaN,NaN,NaN,2.00678109001819e-14,-2.00796035959661,NaN,NaN,0,0,NaN,0,0,
523.451649162592,phy_track,5,3,1,2705,8,NaN,NaN,NaN,NaN,-2.00796035959661,NaN,NaN,NaN,NaN,NaN,0,0,
523.510293632365,phy_interval,4,2,8,2704,8,NaN,NaN,NaN,2.00678109001819e-14,-1.58379249041479,NaN,NaN,0,0,NaN,0,0,
523.510293632365,phy_signal_end,4,2,8,2704,8,-111.467698021168,144.467698021168,-4.49269802116773,2.00678109001819e-14,-1.58379249041479,0,0,0,0,0,0,1,accepted
523.510306076559,phy_signal_end,5,2,8,2704,8,-122.734861677906,155.734861677906,Inf,0,-Inf,0,0,0,0,0,0,0,closure
523.640013632365,phy_signal_start,4,2,8,2706,8,-111.467698021168,NaN,-4.49269802116773,NaN,NaN,NaN,NaN,NaN,NaN,NaN,0,0,
523.646643632365,phy_interval,4,2,8,2706,8,NaN,NaN,NaN,2.00678109001819e-14,-1.58379249041479,NaN,NaN,0,0,NaN,0,0,
523.646643632365,phy_track,4,2,8,2706,8,NaN,NaN,NaN,NaN,-1.58379249041479,NaN,NaN,NaN,NaN,NaN,0,0,
523.689819162592,phy_interval,5,3,1,2705,8,NaN,NaN,NaN,2.00678109001819e-14,-2.00796035959661,NaN,NaN,0,0,NaN,0,0,
523.689819162592,phy_signal_end,5,3,1,2705,8,-117.383020596368,150.383020596368,-10.4080205963685,2.00678109001819e-14,-2.00796035959661,3.40962752323828e-05,3.40962752323828e-05,0,0,0,0,1,accepted
523.689831604377,phy_signal_end,4,3,1,2705,8,-126.074739474425,159.074739474425,Inf,0,-Inf,0,0,0,0,0,0,0,closure
523.705293632365,phy_interval,4,2,8,2706,8,NaN,NaN,NaN,2.00678109001819e-14,-1.58379249041479,NaN,NaN,0,0,NaN,0,0,
523.705293632365,phy_signal_end,4,2,8,2706,8,-111.467698021168,144.467698021168,-4.49269802116773,2.00678109001819e-14,-1.58379249041479,0,0,0,0,0,0,1,accepted
523.705306076559,phy_signal_end,5,2,8,2706,8,-122.734861677906,155.734861677906,Inf,0,-Inf,0,0,0,0,0,0,0,closure
523.939011086064,phy_signal_start,5,1,3,2707,8,-107.875945171156,NaN,-0.900945171156323,NaN,NaN,NaN,NaN,NaN,NaN,NaN,0,0,
523.939023527005,phy_signal_start,4,1,3,2707,8,-120.947516094342,NaN,-13.9725160943423,NaN,NaN,NaN,NaN,NaN,NaN,NaN,0,0,
523.945641086064,phy_interval,5,1,3,2707,8,NaN,NaN,NaN,2.00678109001819e-14,-2.00796035959661,NaN,NaN,0,0,NaN,0,0,
523.945641086064,phy_track,5,1,3,2707,8,NaN,NaN,NaN,NaN,-2.00796035959661,NaN,NaN,NaN,NaN,NaN,0,0,
523.991013632365,phy_interval,4,1,3,2707,8,NaN,NaN,NaN,2.00678109001819e-14,-1.58379249041479,NaN,NaN,0,6,NaN,0,0,
523.991013632365,phy_signal_start,4,2,8,2708,8,-111.467698021168,NaN,-4.49269802116773,NaN,NaN,NaN,NaN,NaN,NaN,NaN,0,0,
523.997643632365,phy_interval,4,1,3,2707,8,NaN,NaN,NaN,2.00678109001819e-14,-9.4798180731745,NaN,NaN,0,0,NaN,1,0,
523.997643632365,phy_interval,4,2,8,2708,8,NaN,NaN,NaN,2.00678109001819e-14,-9.4798180731745,NaN,NaN,0,0,NaN,1,0,
523.997643632365,phy_track,4,2,8,2708,8,NaN,NaN,NaN,NaN,-9.4798180731745,NaN,NaN,NaN,NaN,NaN,0,0,
524.004291086064,phy_interval,5,1,3,2707,8,NaN,NaN,NaN,2.00678109001819e-14,-2.00796035959661,NaN,NaN,0,0,NaN,0,0,
524.004291086064,phy_signal_end,5,1,3,2707,8,-107.875945171156,140.875945171156,-0.900945171156323,2.00678109001819e-14,-2.00796035959661,0,0,0,0,0,0,1,accepted
524.004303527005,phy_interval,4,1,3,2707,8,NaN,NaN,NaN,2.00678109001819e-14,-9.4798180731745,NaN,NaN,0,0,NaN,1,0,
524.004303527005,phy_interval,4,2,8,2708,8,NaN,NaN,NaN,2.00678109001819e-14,-9.4798180731745,NaN,NaN,0,0,NaN,1,0,
524.004303527005,phy_signal_end,4,1,3,2707,8,-120.947516094342,153.947516094342,-13.9725160943423,2.00678109001819e-14,-9.4798180731745,0.0164826364919609,0.0164826364919609,0,6,6,1,0,sync_threshold
524.056293632365,phy_interval,4,2,8,2708,8,NaN,NaN,NaN,2.00678109001819e-14,-9.4798180731745,NaN,NaN,0,0,NaN,1,0,
524.056293632365,phy_signal_end,4,2,8,2708,8,-111.467698021168,144.467698021168,-4.49269802116773,2.00678109001819e-14,-9.4798180731745,0,0,0,0,0,1,1,accepted
524.056306076559,phy_signal_end,5,2,8,2708,8,-122.734861677906,155.734861677906,Inf,0,-Inf,0,0,0,0,0,0,0,closure
524.069012444469,phy_signal_start,4,5,4,2710,8,-109.883905530753,NaN,-2.90890553075294,NaN,NaN,NaN,NaN,NaN,NaN,NaN,0,0,
524.075642444469,phy_interval,4,5,4,2710,8,NaN,NaN,NaN,2.00678109001819e-14,-9.4798180731745,NaN,NaN,0,0,NaN,0,0,
524.075642444469,phy_track,4,5,4,2710,8,NaN,NaN,NaN,NaN,-9.4798180731745,NaN,NaN,NaN,NaN,NaN,0,0,
524.134292444469,phy_interval,4,5,4,2710,8,NaN,NaN,NaN,2.00678109001819e-14,-9.4798180731745,NaN,NaN,0,0,NaN,0,0,
524.134292444469,phy_signal_end,4,5,4,2710,8,-109.883905530753,142.883905530753,-2.90890553075294,2.00678109001819e-14,-9.4798180731745,0,0,0,0,0,0,1,accepted
524.160011086064,phy_signal_start,5,1,3,2711,8,-107.875945171156,NaN,-0.900945171156323,NaN,NaN,NaN,NaN,NaN,NaN,NaN,0,0,
524.160023527005,phy_signal_start,4,1,3,2711,8,-120.947516094342,NaN,-13.9725160943423,NaN,NaN,NaN,NaN,NaN,NaN,NaN,0,0,
524.166641086064,phy_interval,5,1,3,2711,8,NaN,NaN,NaN,2.00678109001819e-14,-2.00796035959661,NaN,NaN,0,0,NaN,0,0,
524.166641086064,phy_track,5,1,3,2711,8,NaN,NaN,NaN,NaN,-2.00796035959661,NaN,NaN,NaN,NaN,NaN,0,0,
524.225291086064,phy_interval,5,1,3,2711,8,NaN,NaN,NaN,2.00678109001819e-14,-2.00796035959661,NaN,NaN,0,0,NaN,0,0,
524.225291086064,phy_signal_end,5,1,3,2711,8,-107.875945171156,140.875945171156,-0.900945171156323,2.00678109001819e-14,-2.00796035959661,0,0,0,0,0,0,1,accepted
524.225303527005,phy_interval,4,1,3,2711,8,NaN,NaN,NaN,2.00678109001819e-14,-9.4798180731745,NaN,NaN,1,6,NaN,0,0,
524.225303527005,phy_signal_end,4,1,3,2711,8,-120.947516094342,153.947516094342,-13.9725160943423,2.00678109001819e-14,-9.4798180731745,0.0151165618870165,0.0151165618870165,1,6,7,0,0,sync_threshold
524.238012444469,phy_signal_start,4,5,4,2712,8,-109.883905530753,NaN,-2.90890553075294,NaN,NaN,NaN,NaN,NaN,NaN,NaN,0,0,
524.244642444469,phy_interval,4,5,4,2712,8,NaN,NaN,NaN,2.00678109001819e-14,-9.4798180731745,NaN,NaN,0,0,NaN,0,0,
524.244642444469,phy_track,4,5,4,2712,8,NaN,NaN,NaN,NaN,-9.4798180731745,NaN,NaN,NaN,NaN,NaN,0,0,
524.303292444469,phy_interval,4,5,4,2712,8,NaN,NaN,NaN,2.00678109001819e-14,-9.4798180731745,NaN,NaN,0,0,NaN,0,0,
524.303292444469,phy_signal_end,4,5,4,2712,8,-109.883905530753,142.883905530753,-2.90890553075294,2.00678109001819e-14,-9.4798180731745,0,0,0,0,0,0,1,accepted
524.313828977105,phy_signal_end,4,8,2,2709,8,-124.567050032692,157.567050032692,Inf,0,-Inf,0,0,0,0,0,0,0,closure
524.313841420289,phy_signal_end,5,8,2,2709,8,-130.773375084599,163.773375084599,Inf,0,-Inf,0,0,0,0,0,0,0,closure
524.329019162592,phy_signal_start,5,3,1,2713,8,-117.383020596368,NaN,-10.4080205963685,NaN,NaN,NaN,NaN,NaN,NaN,NaN,0,0,
524.335649162592,phy_interval,5,3,1,2713,8,NaN,NaN,NaN,2.00678109001819e-14,-2.00796035959661,NaN,NaN,0,0,NaN,0,0,
524.335649162592,phy_track,5,3,1,2713,8,NaN,NaN,NaN,NaN,-2.00796035959661,NaN,NaN,NaN,NaN,NaN,0,0,
524.433012444469,phy_interval,5,3,1,2713,8,NaN,NaN,NaN,2.00678109001819e-14,-2.00796035959661,NaN,NaN,0,0,NaN,0,0,
524.433012444469,phy_signal_start,5,4,5,2714,8,-109.883905530753,NaN,-2.90890553075294,NaN,NaN,NaN,NaN,NaN,NaN,NaN,0,0,
524.573819162592,phy_interval,5,3,1,2713,8,NaN,NaN,NaN,2.00678109001819e-14,-7.49911506561554,NaN,NaN,0,0,NaN,1,0,
524.573819162592,phy_interval,5,4,5,2714,8,NaN,NaN,NaN,2.00678109001819e-14,-7.49911506561554,NaN,NaN,0,0,NaN,1,0,
524.573819162592,phy_signal_end,5,3,1,2713,8,-117.383020596368,150.383020596368,-10.4080205963685,2.00678109001819e-14,-7.49911506561554,5.44211221083541e-05,5.44211221083541e-05,0,0,0,1,1,accepted
524.573831604377,phy_signal_end,4,3,1,2713,8,-126.074739474425,159.074739474425,Inf,0,-Inf,0,0,0,0,0,0,0,closure
524.677812444469,phy_interval,5,4,5,2714,8,NaN,NaN,NaN,2.00678109001819e-14,-7.49911506561554,NaN,NaN,0,0,NaN,1,0,
524.677812444469,phy_signal_end,5,4,5,2714,8,-109.883905530753,142.883905530753,-2.90890553075294,2.00678109001819e-14,-7.49911506561554,0,0,0,0,0,1,0,not_acquired
524.771011086064,phy_signal_start,5,1,3,2716,8,-107.875945171156,NaN,-0.900945171156323,NaN,NaN,NaN,NaN,NaN,NaN,NaN,0,0,
524.771023527005,phy_signal_start,4,1,3,2716,8,-120.947516094342,NaN,-13.9725160943423,NaN,NaN,NaN,NaN,NaN,NaN,NaN,0,0,
524.777641086064,phy_interval,5,1,3,2716,8,NaN,NaN,NaN,2.00678109001819e-14,-7.49911506561554,NaN,NaN,0,0,NaN,0,0,
524.777641086064,phy_track,5,1,3,2716,8,NaN,NaN,NaN,NaN,-7.49911506561554,NaN,NaN,NaN,NaN,NaN,0,0,
524.794828977105,phy_signal_end,4,8,2,2715,8,-124.567050032692,157.567050032692,Inf,0,-Inf,0,0,0,0,0,0,0,closure
524.794841420289,phy_signal_end,5,8,2,2715,8,-130.773375084599,163.773375084599,Inf,0,-Inf,0,0,0,0,0,0,0,closure
524.797012444469,phy_interval,5,1,3,2716,8,NaN,NaN,NaN,2.00678109001819e-14,-7.49911506561554,NaN,NaN,0,0,NaN,0,0,
524.797012444469,phy_signal_start,5,4,5,2717,8,-109.883905530753,NaN,-2.90890553075294,NaN,NaN,NaN,NaN,NaN,NaN,NaN,0,0,
524.836291086064,phy_interval,5,1,3,2716,8,NaN,NaN,NaN,2.00678109001819e-14,-2.00796035959661,NaN,NaN,0,0,NaN,1,0,
524.836291086064,phy_interval,5,4,5,2717,8,NaN,NaN,NaN,2.00678109001819e-14,-2.00796035959661,NaN,NaN,0,0,NaN,1,0,
524.836291086064,phy_signal_end,5,1,3,2716,8,-107.875945171156,140.875945171156,-0.900945171156323,2.00678109001819e-14,-2.00796035959661,0,0,0,0,0,1,1,accepted
524.836303527005,phy_interval,4,1,3,2716,8,NaN,NaN,NaN,2.00678109001819e-14,-9.4798180731745,NaN,NaN,0,6,NaN,0,0,
524.836303527005,phy_signal_end,4,1,3,2716,8,-120.947516094342,153.947516094342,-13.9725160943423,2.00678109001819e-14,-9.4798180731745,0.0151165618870165,0.0151165618870165,0,6,6,0,0,half_duplex
524.953011086064,phy_interval,5,4,5,2717,8,NaN,NaN,NaN,2.00678109001819e-14,-2.00796035959661,NaN,NaN,0,0,NaN,1,0,
524.953011086064,phy_signal_start,5,1,3,2718,8,-107.875945171156,NaN,-0.900945171156323,NaN,NaN,NaN,NaN,NaN,NaN,NaN,0,0,
524.953023527005,phy_signal_start,4,1,3,2718,8,-120.947516094342,NaN,-13.9725160943423,NaN,NaN,NaN,NaN,NaN,NaN,NaN,0,0,
524.959641086064,phy_interval,5,4,5,2717,8,NaN,NaN,NaN,2.00678109001819e-14,-2.00796035959661,NaN,NaN,0,0,NaN,2,0,
524.959641086064,phy_interval,5,1,3,2718,8,NaN,NaN,NaN,2.00678109001819e-14,-2.00796035959661,NaN,NaN,0,0,NaN,1,0,
524.959641086064,phy_track,5,1,3,2718,8,NaN,NaN,NaN,NaN,-2.00796035959661,NaN,NaN,NaN,NaN,NaN,0,0,
525.018291086064,phy_interval,5,4,5,2717,8,NaN,NaN,NaN,2.00678109001819e-14,-2.00796035959661,NaN,NaN,0,0,NaN,2,0,
525.018291086064,phy_interval,5,1,3,2718,8,NaN,NaN,NaN,2.00678109001819e-14,-2.00796035959661,NaN,NaN,0,0,NaN,1,0,
525.018291086064,phy_signal_end,5,1,3,2718,8,-107.875945171156,140.875945171156,-0.900945171156323,2.00678109001819e-14,-2.00796035959661,0,0,0,0,0,1,1,accepted
525.018303527005,phy_interval,4,1,3,2718,8,NaN,NaN,NaN,2.00678109001819e-14,-9.4798180731745,NaN,NaN,1,9,NaN,0,0,
525.018303527005,phy_signal_end,4,1,3,2718,8,-120.947516094342,153.947516094342,-13.9725160943423,2.00678109001819e-14,-9.4798180731745,0.0151165618870165,0.0151165618870165,1,9,10,0,0,half_duplex
525.041812444469,phy_interval,5,4,5,2717,8,NaN,NaN,NaN,2.00678109001819e-14,-2.00796035959661,NaN,NaN,0,0,NaN,2,0,
525.041812444469,phy_signal_end,5,4,5,2717,8,-109.883905530753,142.883905530753,-2.90890553075294,2.00678109001819e-14,-2.00796035959661,0,0,0,0,0,2,0,not_acquired
525.057019162592,phy_signal_start,5,3,1,2719,8,-117.383020596368,NaN,-10.4080205963685,NaN,NaN,NaN,NaN,NaN,NaN,NaN,0,0,
525.063649162592,phy_interval,5,3,1,2719,8,NaN,NaN,NaN,2.00678109001819e-14,-2.00796035959661,NaN,NaN,0,0,NaN,0,0,
525.063649162592,phy_track,5,3,1,2719,8,NaN,NaN,NaN,NaN,-2.00796035959661,NaN,NaN,NaN,NaN,NaN,0,0,
525.122013632365,phy_signal_start,4,2,8,2720,8,-111.467698021168,NaN,-4.49269802116773,NaN,NaN,NaN,NaN,NaN,NaN,NaN,0,0,
525.128643632365,phy_interval,4,2,8,2720,8,NaN,NaN,NaN,2.00678109001819e-14,-9.4798180731745,NaN,NaN,0,0,NaN,0,0,
525.128643632365,phy_track,4,2,8,2720,8,NaN,NaN,NaN,NaN,-9.4798180731745,NaN,NaN,NaN,NaN,NaN,0,0,
525.187293632365,phy_interval,4,2,8,2720,8,NaN,NaN,NaN,2.00678109001819e-14,-9.4798180731745,NaN,NaN,0,0,NaN,0,0,
525.187293632365,phy_signal_end,4,2,8,2720,8,-111.467698021168,144.467698021168,-4.49269802116773,2.00678109001819e-14,-9.4798180731745,0,0,0,0,0,0,1,accepted
525.187306076559,phy_signal_end,5,2,8,2720,8,-122.734861677906,155.734861677906,Inf,0,-Inf,0,0,0,0,0,0,0,closure
525.301819162592,phy_interval,5,3,1,2719,8,NaN,NaN,NaN,2.00678109001819e-14,-2.00796035959661,NaN,NaN,0,0,NaN,0,0,
525.301819162592,phy_signal_end,5,3,1,2719,8,-117.383020596368,150.383020596368,-10.4080205963685,2.00678109001819e-14,-2.00796035959661,3.40962752323828e-05,3.40962752323828e-05,0,0,0,0,1,accepted
525.301831604377,phy_signal_end,4,3,1,2719,8,-126.074739474425,159.074739474425,Inf,0,-Inf,0,0,0,0,0,0,0,closure
525.304012444469,phy_signal_start,4,5,1,2721,8,-109.883905530753,NaN,-2.90890553075294,NaN,NaN,NaN,NaN,NaN,NaN,NaN,0,0,
525.310642444469,phy_interval,4,5,1,2721,8,NaN,NaN,NaN,2.00678109001819e-14,-9.4798180731745,NaN,NaN,0,0,NaN,0,0,
525.310642444469,phy_track,4,5,1,2721,8,NaN,NaN,NaN,NaN,-9.4798180731745,NaN,NaN,NaN,NaN,NaN,0,0,
525.548812444469,phy_interval,4,5,1,2721,8,NaN,NaN,NaN,2.00678109001819e-14,-9.4798180731745,NaN,NaN,0,0,NaN,0,0,
525.548812444469,phy_signal_end,4,5,1,2721,8,-109.883905530753,142.883905530753,-2.90890553075294,2.00678109001819e-14,-9.4798180731745,0,0,0,0,0,0,1,accepted
525.590013632365,phy_signal_start,4,2,8,2722,8,-111.467698021168,NaN,-4.49269802116773,NaN,NaN,NaN,NaN,NaN,NaN,NaN,0,0,
525.596643632365,phy_interval,4,2,8,2722,8,NaN,NaN,NaN,2.00678109001819e-14,-9.4798180731745,NaN,NaN,0,0,NaN,0,0,
525.596643632365,phy_track,4,2,8,2722,8,NaN,NaN,NaN,NaN,-9.4798180731745,NaN,NaN,NaN,NaN,NaN,0,0,
525.642019162592,phy_signal_start,5,3,1,2723,8,-117.383020596368,NaN,-10.4080205963685,NaN,NaN,NaN,NaN,NaN,NaN,NaN,0,0,
525.648649162592,phy_interval,5,3,1,2723,8,NaN,NaN,NaN,2.00678109001819e-14,-2.00796035959661,NaN,NaN,0,0,NaN,0,0,
525.648649162592,phy_track,5,3,1,2723,8,NaN,NaN,NaN,NaN,-2.00796035959661,NaN,NaN,NaN,NaN,NaN,0,0,
525.655293632365,phy_interval,4,2,8,2722,8,NaN,NaN,NaN,2.00678109001819e-14,-9.4798180731745,NaN,NaN,0,0,NaN,0,0,
525.655293632365,phy_signal_end,4,2,8,2722,8,-111.467698021168,144.467698021168,-4.49269802116773,2.00678109001819e-14,-9.4798180731745,0,0,0,0,0,0,1,accepted
525.655306076559,phy_signal_end,5,2,8,2722,8,-122.734861677906,155.734861677906,Inf,0,-Inf,0,0,0,0,0,0,0,closure
525.886819162592,phy_interval,5,3,1,2723,8,NaN,NaN,NaN,2.00678109001819e-14,-2.00796035959661,NaN,NaN,0,0,NaN,0,0,
525.886819162592,phy_signal_end,5,3,1,2723,8,-117.383020596368,150.383020596368,-10.4080205963685,2.00678109001819e-14,-2.00796035959661,3.40962752323828e-05,3.40962752323828e-05,0,0,0,0,1,accepted
525.886831604377,phy_signal_end,4,3,1,2723,8,-126.074739474425,159.074739474425,Inf,0,-Inf,0,0,0,0,0,0,0,closure
525.889012444469,phy_signal_start,4,5,1,2725,8,-109.883905530753,NaN,-2.90890553075294,NaN,NaN,NaN,NaN,NaN,NaN,NaN,0,0,
525.889013632365,phy_interval,4,5,1,2725,8,NaN,NaN,NaN,2.00678109001819e-14,-9.4798180731745,NaN,NaN,0,0,NaN,0,0,
525.889013632365,phy_signal_start,4,2,8,2724,8,-111.467698021168,NaN,-4.49269802116773,NaN,NaN,NaN,NaN,NaN,NaN,NaN,0,0,
525.895642444469,phy_interval,4,5,1,2725,8,NaN,NaN,NaN,2.00678109001819e-14,-1.58379249041479,NaN,NaN,0,0,NaN,1,0,
525.895642444469,phy_interval,4,2,8,2724,8,NaN,NaN,NaN,2.00678109001819e-14,-1.58379249041479,NaN,NaN,0,0,NaN,1,0,
525.895642444469,phy_track,4,5,1,2725,8,NaN,NaN,NaN,NaN,-1.58379249041479,NaN,NaN,NaN,NaN,NaN,0,0,
525.954293632365,phy_interval,4,5,1,2725,8,NaN,NaN,NaN,2.00678109001819e-14,-1.58379249041479,NaN,NaN,0,0,NaN,1,0,
525.954293632365,phy_interval,4,2,8,2724,8,NaN,NaN,NaN,2.00678109001819e-14,-1.58379249041479,NaN,NaN,0,0,NaN,1,0,
525.954293632365,phy_signal_end,4,2,8,2724,8,-111.467698021168,144.467698021168,-4.49269802116773,2.00678109001819e-14,-1.58379249041479,0,0,0,0,0,1,0,not_acquired
525.954306076559,phy_signal_end,5,2,8,2724,8,-122.734861677906,155.734861677906,Inf,0,-Inf,0,0,0,0,0,0,0,closure
525.993013632365,phy_interval,4,5,1,2725,8,NaN,NaN,NaN,2.00678109001819e-14,-1.58379249041479,NaN,NaN,0,0,NaN,1,0,
525.993013632365,phy_signal_start,4,2,8,2726,8,-111.467698021168,NaN,-4.49269802116773,NaN,NaN,NaN,NaN,NaN,NaN,NaN,0,0,
526.058293632365,phy_interval,4,5,1,2725,8,NaN,NaN,NaN,2.00678109001819e-14,-1.58379249041479,NaN,NaN,0,0,NaN,2,0,
526.058293632365,phy_interval,4,2,8,2726,8,NaN,NaN,NaN,2.00678109001819e-14,-1.58379249041479,NaN,NaN,0,0,NaN,1,0,
526.058293632365,phy_signal_end,4,2,8,2726,8,-111.467698021168,144.467698021168,-4.49269802116773,2.00678109001819e-14,-1.58379249041479,0,0,0,0,0,1,0,not_acquired
526.058306076559,phy_signal_end,5,2,8,2726,8,-122.734861677906,155.734861677906,Inf,0,-Inf,0,0,0,0,0,0,0,closure
526.133812444469,phy_interval,4,5,1,2725,8,NaN,NaN,NaN,2.00678109001819e-14,-1.58379249041479,NaN,NaN,0,0,NaN,2,0,
526.133812444469,phy_signal_end,4,5,1,2725,8,-109.883905530753,142.883905530753,-2.90890553075294,2.00678109001819e-14,-1.58379249041479,0,0,0,0,0,2,1,accepted
526.292011086064,phy_signal_start,5,1,3,2727,8,-107.875945171156,NaN,-0.900945171156323,NaN,NaN,NaN,NaN,NaN,NaN,NaN,0,0,
526.292023527005,phy_signal_start,4,1,3,2727,8,-120.947516094342,NaN,-13.9725160943423,NaN,NaN,NaN,NaN,NaN,NaN,NaN,0,0,
526.298641086064,phy_interval,5,1,3,2727,8,NaN,NaN,NaN,2.00678109001819e-14,-2.00796035959661,NaN,NaN,0,0,NaN,0,0,
526.298641086064,phy_track,5,1,3,2727,8,NaN,NaN,NaN,NaN,-2.00796035959661,NaN,NaN,NaN,NaN,NaN,0,0,
526.331013632365,phy_interval,4,1,3,2727,8,NaN,NaN,NaN,2.00678109001819e-14,-1.58379249041479,NaN,NaN,0,0,NaN,0,0,
526.331013632365,phy_signal_start,4,2,8,2728,8,-111.467698021168,NaN,-4.49269802116773,NaN,NaN,NaN,NaN,NaN,NaN,NaN,0,0,
526.337643632365,phy_interval,4,1,3,2727,8,NaN,NaN,NaN,2.00678109001819e-14,-9.4798180731745,NaN,NaN,0,1,NaN,1,0,
526.337643632365,phy_interval,4,2,8,2728,8,NaN,NaN,NaN,2.00678109001819e-14,-9.4798180731745,NaN,NaN,0,0,NaN,1,0,
526.337643632365,phy_track,4,2,8,2728,8,NaN,NaN,NaN,NaN,-9.4798180731745,NaN,NaN,NaN,NaN,NaN,0,0,
526.396293632365,phy_interval,4,1,3,2727,8,NaN,NaN,NaN,2.00678109001819e-14,-9.4798180731745,NaN,NaN,0,11,NaN,1,0,
526.396293632365,phy_interval,4,2,8,2728,8,NaN,NaN,NaN,2.00678109001819e-14,-9.4798180731745,NaN,NaN,0,0,NaN,1,0,
526.396293632365,phy_signal_end,4,2,8,2728,8,-111.467698021168,144.467698021168,-4.49269802116773,2.00678109001819e-14,-9.4798180731745,0,0,0,0,0,1,1,accepted
526.396306076559,phy_signal_end,5,2,8,2728,8,-122.734861677906,155.734861677906,Inf,0,-Inf,0,0,0,0,0,0,0,closure
526.399111086064,phy_interval,5,1,3,2727,8,NaN,NaN,NaN,2.00678109001819e-14,-2.00796035959661,NaN,NaN,0,0,NaN,0,0,
526.399111086064,phy_signal_end,5,1,3,2727,8,-107.875945171156,140.875945171156,-0.900945171156323,2.00678109001819e-14,-2.00796035959661,0,0,0,0,0,0,1,accepted
526.399123527005,phy_interval,4,1,3,2727,8,NaN,NaN,NaN,2.00678109001819e-14,-9.4798180731745,NaN,NaN,0,0,NaN,1,0,
526.399123527005,phy_signal_end,4,1,3,2727,8,-120.947516094342,153.947516094342,-13.9725160943423,2.00678109001819e-14,-9.4798180731745,0.0159403866428901,0.0159403866428901,0,12,12,1,0,sync_threshold
526.474019162592,phy_signal_start,5,3,1,2729,8,-117.383020596368,NaN,-10.4080205963685,NaN,NaN,NaN,NaN,NaN,NaN,NaN,0,0,
526.480649162592,phy_interval,5,3,1,2729,8,NaN,NaN,NaN,2.00678109001819e-14,-2.00796035959661,NaN,NaN,0,0,NaN,0,0,
526.480649162592,phy_track,5,3,1,2729,8,NaN,NaN,NaN,NaN,-2.00796035959661,NaN,NaN,NaN,NaN,NaN,0,0,
526.718819162592,phy_interval,5,3,1,2729,8,NaN,NaN,NaN,2.00678109001819e-14,-2.00796035959661,NaN,NaN,0,0,NaN,0,0,
526.718819162592,phy_signal_end,5,3,1,2729,8,-117.383020596368,150.383020596368,-10.4080205963685,2.00678109001819e-14,-2.00796035959661,3.40962752323828e-05,3.40962752323828e-05,0,0,0,0,1,accepted
526.718831604377,phy_signal_end,4,3,1,2729,8,-126.074739474425,159.074739474425,Inf,0,-Inf,0,0,0,0,0,0,0,closure
526.734012444469,phy_signal_start,4,5,1,2731,8,-109.883905530753,NaN,-2.90890553075294,NaN,NaN,NaN,NaN,NaN,NaN,NaN,0,0,
526.740642444469,phy_interval,4,5,1,2731,8,NaN,NaN,NaN,2.00678109001819e-14,-9.4798180731745,NaN,NaN,0,0,NaN,0,0,
526.740642444469,phy_track,4,5,1,2731,8,NaN,NaN,NaN,NaN,-9.4798180731745,NaN,NaN,NaN,NaN,NaN,0,0,
526.796828977105,phy_signal_end,4,8,2,2730,8,-124.567050032692,157.567050032692,Inf,0,-Inf,0,0,0,0,0,0,0,closure
526.796841420289,phy_signal_end,5,8,2,2730,8,-130.773375084599,163.773375084599,Inf,0,-Inf,0,0,0,0,0,0,0,closure
526.838013632365,phy_interval,4,5,1,2731,8,NaN,NaN,NaN,2.00678109001819e-14,-9.4798180731745,NaN,NaN,0,0,NaN,0,0,
526.838013632365,phy_signal_start,4,2,8,2732,8,-111.467698021168,NaN,-4.49269802116773,NaN,NaN,NaN,NaN,NaN,NaN,NaN,0,0,
526.903293632365,phy_interval,4,5,1,2731,8,NaN,NaN,NaN,2.00678109001819e-14,-1.58379249041479,NaN,NaN,0,0,NaN,1,0,
526.903293632365,phy_interval,4,2,8,2732,8,NaN,NaN,NaN,2.00678109001819e-14,-1.58379249041479,NaN,NaN,0,0,NaN,1,0,
526.903293632365,phy_signal_end,4,2,8,2732,8,-111.467698021168,144.467698021168,-4.49269802116773,2.00678109001819e-14,-1.58379249041479,0,0,0,0,0,1,0,not_acquired
526.903306076559,phy_signal_end,5,2,8,2732,8,-122.734861677906,155.734861677906,Inf,0,-Inf,0,0,0,0,0,0,0,closure
526.978812444469,phy_interval,4,5,1,2731,8,NaN,NaN,NaN,2.00678109001819e-14,-1.58379249041479,NaN,NaN,0,0,NaN,1,0,
526.978812444469,phy_signal_end,4,5,1,2731,8,-109.883905530753,142.883905530753,-2.90890553075294,2.00678109001819e-14,-1.58379249041479,0,0,0,0,0,1,1,accepted
527.059013632365,phy_signal_start,4,2,8,2733,8,-111.467698021168,NaN,-4.49269802116773,NaN,NaN,NaN,NaN,NaN,NaN,NaN,0,0,
527.065643632365,phy_interval,4,2,8,2733,8,NaN,NaN,NaN,2.00678109001819e-14,-1.58379249041479,NaN,NaN,0,0,NaN,0,0,
527.065643632365,phy_track,4,2,8,2733,8,NaN,NaN,NaN,NaN,-1.58379249041479,NaN,NaN,NaN,NaN,NaN,0,0,
527.124293632365,phy_interval,4,2,8,2733,8,NaN,NaN,NaN,2.00678109001819e-14,-1.58379249041479,NaN,NaN,0,0,NaN,0,0,
527.124293632365,phy_signal_end,4,2,8,2733,8,-111.467698021168,144.467698021168,-4.49269802116773,2.00678109001819e-14,-1.58379249041479,0,0,0,0,0,0,1,accepted
527.124306076559,phy_signal_end,5,2,8,2733,8,-122.734861677906,155.734861677906,Inf,0,-Inf,0,0,0,0,0,0,0,closure
527.215012444469,phy_signal_start,5,4,5,2734,8,-109.883905530753,NaN,-2.90890553075294,NaN,NaN,NaN,NaN,NaN,NaN,NaN,0,0,
527.221642444469,phy_interval,5,4,5,2734,8,NaN,NaN,NaN,2.00678109001819e-14,-2.00796035959661,NaN,NaN,0,0,NaN,0,0,
527.221642444469,phy_track,5,4,5,2734,8,NaN,NaN,NaN,NaN,-2.00796035959661,NaN,NaN,NaN,NaN,NaN,0,0,
527.241011086064,phy_interval,5,4,5,2734,8,NaN,NaN,NaN,2.00678109001819e-14,-2.00796035959661,NaN,NaN,0,0,NaN,0,0,
527.241011086064,phy_signal_start,5,1,3,2735,8,-107.875945171156,NaN,-0.900945171156323,NaN,NaN,NaN,NaN,NaN,NaN,NaN,0,0,
527.241023527005,phy_signal_start,4,1,3,2735,8,-120.947516094342,NaN,-13.9725160943423,NaN,NaN,NaN,NaN,NaN,NaN,NaN,0,0,
527.348111086064,phy_interval,5,4,5,2734,8,NaN,NaN,NaN,2.00678109001819e-14,-2.00796035959661,NaN,NaN,0,0,NaN,1,0,
527.348111086064,phy_interval,5,1,3,2735,8,NaN,NaN,NaN,2.00678109001819e-14,-2.00796035959661,NaN,NaN,0,0,NaN,1,0,
527.348111086064,phy_signal_end,5,1,3,2735,8,-107.875945171156,140.875945171156,-0.900945171156323,2.00678109001819e-14,-2.00796035959661,0,0,0,0,0,1,0,not_acquired
527.348123527005,phy_interval,4,1,3,2735,8,NaN,NaN,NaN,2.00678109001819e-14,-1.58379249041479,NaN,NaN,2,12,NaN,0,0,
527.348123527005,phy_signal_end,4,1,3,2735,8,-120.947516094342,153.947516094342,-13.9725160943423,2.00678109001819e-14,-1.58379249041479,0.0151165618870165,0.0151165618870165,2,12,14,0,0,half_duplex
527.371011086064,phy_interval,5,4,5,2734,8,NaN,NaN,NaN,2.00678109001819e-14,-2.00796035959661,NaN,NaN,0,0,NaN,1,0,
527.371011086064,phy_signal_start,5,1,3,2737,8,-107.875945171156,NaN,-0.900945171156323,NaN,NaN,NaN,NaN,NaN,NaN,NaN,0,0,
527.371023527005,phy_signal_start,4,1,3,2737,8,-120.947516094342,NaN,-13.9725160943423,NaN,NaN,NaN,NaN,NaN,NaN,NaN,0,0,
527.459812444469,phy_interval,5,4,5,2734,8,NaN,NaN,NaN,2.00678109001819e-14,-2.00796035959661,NaN,NaN,0,0,NaN,2,0,
527.459812444469,phy_interval,5,1,3,2737,8,NaN,NaN,NaN,2.00678109001819e-14,-2.00796035959661,NaN,NaN,0,0,NaN,1,0,
527.459812444469,phy_signal_end,5,4,5,2734,8,-109.883905530753,142.883905530753,-2.90890553075294,2.00678109001819e-14,-2.00796035959661,0,0,0,0,0,2,1,accepted
527.478111086064,phy_interval,5,1,3,2737,8,NaN,NaN,NaN,2.00678109001819e-14,-2.00796035959661,NaN,NaN,0,0,NaN,1,0,
527.478111086064,phy_signal_end,5,1,3,2737,8,-107.875945171156,140.875945171156,-0.900945171156323,2.00678109001819e-14,-2.00796035959661,0,0,0,0,0,1,0,not_acquired
527.478123527005,phy_interval,4,1,3,2737,8,NaN,NaN,NaN,2.00678109001819e-14,-1.58379249041479,NaN,NaN,0,13,NaN,0,0,
527.478123527005,phy_signal_end,4,1,3,2737,8,-120.947516094342,153.947516094342,-13.9725160943423,2.00678109001819e-14,-1.58379249041479,0.0151165618870165,0.0151165618870165,0,13,13,0,0,half_duplex
527.514012444469,phy_signal_start,4,5,4,2738,8,-109.883905530753,NaN,-2.90890553075294,NaN,NaN,NaN,NaN,NaN,NaN,NaN,0,0,
527.520642444469,phy_interval,4,5,4,2738,8,NaN,NaN,NaN,2.00678109001819e-14,-1.58379249041479,NaN,NaN,0,0,NaN,0,0,
527.520642444469,phy_track,4,5,4,2738,8,NaN,NaN,NaN,NaN,-1.58379249041479,NaN,NaN,NaN,NaN,NaN,0,0,
527.524828977105,phy_signal_end,4,8,2,2736,8,-124.567050032692,157.567050032692,Inf,0,-Inf,0,0,0,0,0,0,0,closure
527.524841420289,phy_signal_end,5,8,2,2736,8,-130.773375084599,163.773375084599,Inf,0,-Inf,0,0,0,0,0,0,0,closure
527.579292444469,phy_interval,4,5,4,2738,8,NaN,NaN,NaN,2.00678109001819e-14,-1.58379249041479,NaN,NaN,0,0,NaN,0,0,
527.579292444469,phy_signal_end,4,5,4,2738,8,-109.883905530753,142.883905530753,-2.90890553075294,2.00678109001819e-14,-1.58379249041479,0,0,0,0,0,0,1,accepted
527.631019162592,phy_signal_start,5,3,1,2740,8,-117.383020596368,NaN,-10.4080205963685,NaN,NaN,NaN,NaN,NaN,NaN,NaN,0,0,
527.637649162592,phy_interval,5,3,1,2740,8,NaN,NaN,NaN,2.00678109001819e-14,-2.00796035959661,NaN,NaN,0,0,NaN,0,0,
527.637649162592,phy_track,5,3,1,2740,8,NaN,NaN,NaN,NaN,-2.00796035959661,NaN,NaN,NaN,NaN,NaN,0,0,
527.771828977105,phy_signal_end,4,8,2,2739,8,-124.567050032692,157.567050032692,Inf,0,-Inf,0,0,0,0,0,0,0,closure
527.771841420289,phy_signal_end,5,8,2,2739,8,-130.773375084599,163.773375084599,Inf,0,-Inf,0,0,0,0,0,0,0,closure
527.865012444469,phy_interval,5,3,1,2740,8,NaN,NaN,NaN,2.00678109001819e-14,-2.00796035959661,NaN,NaN,0,0,NaN,0,0,
527.865012444469,phy_signal_start,5,4,5,2741,8,-109.883905530753,NaN,-2.90890553075294,NaN,NaN,NaN,NaN,NaN,NaN,NaN,0,0,
527.875819162592,phy_interval,5,3,1,2740,8,NaN,NaN,NaN,2.00678109001819e-14,-7.49911506561554,NaN,NaN,0,0,NaN,1,0,
527.875819162592,phy_interval,5,4,5,2741,8,NaN,NaN,NaN,2.00678109001819e-14,-7.49911506561554,NaN,NaN,0,0,NaN,1,0,
527.875819162592,phy_signal_end,5,3,1,2740,8,-117.383020596368,150.383020596368,-10.4080205963685,2.00678109001819e-14,-7.49911506561554,7.08084671734674e-05,7.08084671734674e-05,0,0,0,1,1,accepted
527.875831604377,phy_signal_end,4,3,1,2740,8,-126.074739474425,159.074739474425,Inf,0,-Inf,0,0,0,0,0,0,0,closure
527.995011086064,phy_interval,5,4,5,2741,8,NaN,NaN,NaN,2.00678109001819e-14,-7.49911506561554,NaN,NaN,0,0,NaN,1,0,
527.995011086064,phy_signal_start,5,1,3,2742,8,-107.875945171156,NaN,-0.900945171156323,NaN,NaN,NaN,NaN,NaN,NaN,NaN,0,0,
527.995023527005,phy_signal_start,4,1,3,2742,8,-120.947516094342,NaN,-13.9725160943423,NaN,NaN,NaN,NaN,NaN,NaN,NaN,0,0,
528.001641086064,phy_interval,5,4,5,2741,8,NaN,NaN,NaN,2.00678109001819e-14,-2.00796035959661,NaN,NaN,0,0,NaN,2,0,
528.001641086064,phy_interval,5,1,3,2742,8,NaN,NaN,NaN,2.00678109001819e-14,-2.00796035959661,NaN,NaN,0,0,NaN,1,0,
528.001641086064,phy_track,5,1,3,2742,8,NaN,NaN,NaN,NaN,-2.00796035959661,NaN,NaN,NaN,NaN,NaN,0,0,
528.102111086064,phy_interval,5,4,5,2741,8,NaN,NaN,NaN,2.00678109001819e-14,-2.00796035959661,NaN,NaN,0,0,NaN,2,0,
528.102111086064,phy_interval,5,1,3,2742,8,NaN,NaN,NaN,2.00678109001819e-14,-2.00796035959661,NaN,NaN,0,0,NaN,1,0,
528.102111086064,phy_signal_end,5,1,3,2742,8,-107.875945171156,140.875945171156,-0.900945171156323,2.00678109001819e-14,-2.00796035959661,0,0,0,0,0,1,1,accepted
528.102123527005,phy_interval,4,1,3,2742,8,NaN,NaN,NaN,2.00678109001819e-14,-1.58379249041479,NaN,NaN,1,7,NaN,0,0,
528.102123527005,phy_signal_end,4,1,3,2742,8,-120.947516094342,153.947516094342,-13.9725160943423,2.00678109001819e-14,-1.58379249041479,0.0151165618870165,0.0151165618870165,1,7,8,0,0,half_duplex
528.109812444469,phy_interval,5,4,5,2741,8,NaN,NaN,NaN,2.00678109001819e-14,-2.00796035959661,NaN,NaN,0,0,NaN,2,0,
528.109812444469,phy_signal_end,5,4,5,2741,8,-109.883905530753,142.883905530753,-2.90890553075294,2.00678109001819e-14,-2.00796035959661,0,0,0,0,0,2,0,not_acquired
528.242013632365,phy_signal_start,4,2,8,2744,8,-111.467698021168,NaN,-4.49269802116773,NaN,NaN,NaN,NaN,NaN,NaN,NaN,0,0,
528.248643632365,phy_interval,4,2,8,2744,8,NaN,NaN,NaN,2.00678109001819e-14,-1.58379249041479,NaN,NaN,0,0,NaN,0,0,
528.248643632365,phy_track,4,2,8,2744,8,NaN,NaN,NaN,NaN,-1.58379249041479,NaN,NaN,NaN,NaN,NaN,0,0,
528.291828977105,phy_signal_end,4,8,2,2743,8,-124.567050032692,157.567050032692,Inf,0,-Inf,0,0,0,0,0,0,0,closure
528.291841420289,phy_signal_end,5,8,2,2743,8,-130.773375084599,163.773375084599,Inf,0,-Inf,0,0,0,0,0,0,0,closure
528.307293632365,phy_interval,4,2,8,2744,8,NaN,NaN,NaN,2.00678109001819e-14,-1.58379249041479,NaN,NaN,0,0,NaN,0,0,
528.307293632365,phy_signal_end,4,2,8,2744,8,-111.467698021168,144.467698021168,-4.49269802116773,2.00678109001819e-14,-1.58379249041479,0,0,0,0,0,0,1,accepted
528.307306076559,phy_signal_end,5,2,8,2744,8,-122.734861677906,155.734861677906,Inf,0,-Inf,0,0,0,0,0,0,0,closure
528.333012444469,phy_signal_start,4,5,4,2745,8,-109.883905530753,NaN,-2.90890553075294,NaN,NaN,NaN,NaN,NaN,NaN,NaN,0,0,
528.339642444469,phy_interval,4,5,4,2745,8,NaN,NaN,NaN,2.00678109001819e-14,-1.58379249041479,NaN,NaN,0,0,NaN,0,0,
528.339642444469,phy_track,4,5,4,2745,8,NaN,NaN,NaN,NaN,-1.58379249041479,NaN,NaN,NaN,NaN,NaN,0,0,
528.346019162592,phy_signal_start,5,3,1,2746,8,-117.383020596368,NaN,-10.4080205963685,NaN,NaN,NaN,NaN,NaN,NaN,NaN,0,0,
528.359013632365,phy_interval,4,5,4,2745,8,NaN,NaN,NaN,2.00678109001819e-14,-1.58379249041479,NaN,NaN,0,0,NaN,0,0,
528.359013632365,phy_signal_start,4,2,8,2747,8,-111.467698021168,NaN,-4.49269802116773,NaN,NaN,NaN,NaN,NaN,NaN,NaN,0,0,
528.398292444469,phy_interval,4,5,4,2745,8,NaN,NaN,NaN,2.00678109001819e-14,-1.58379249041479,NaN,NaN,0,0,NaN,1,0,
528.398292444469,phy_interval,4,2,8,2747,8,NaN,NaN,NaN,2.00678109001819e-14,-1.58379249041479,NaN,NaN,0,0,NaN,1,0,
528.398292444469,phy_signal_end,4,5,4,2745,8,-109.883905530753,142.883905530753,-2.90890553075294,2.00678109001819e-14,-1.58379249041479,0,0,0,0,0,1,1,accepted
528.424293632365,phy_interval,4,2,8,2747,8,NaN,NaN,NaN,2.00678109001819e-14,-1.58379249041479,NaN,NaN,0,0,NaN,1,0,
528.424293632365,phy_signal_end,4,2,8,2747,8,-111.467698021168,144.467698021168,-4.49269802116773,2.00678109001819e-14,-1.58379249041479,0,0,0,0,0,1,0,not_acquired
528.424306076559,phy_signal_end,5,2,8,2747,8,-122.734861677906,155.734861677906,Inf,0,-Inf,0,0,0,0,0,0,0,closure
528.567011086064,phy_interval,5,3,1,2746,8,NaN,NaN,NaN,2.00678109001819e-14,-2.00796035959661,NaN,NaN,0,0,NaN,0,0,
528.567011086064,phy_signal_start,5,1,3,2748,8,-107.875945171156,NaN,-0.900945171156323,NaN,NaN,NaN,NaN,NaN,NaN,NaN,0,0,
528.567023527005,phy_signal_start,4,1,3,2748,8,-120.947516094342,NaN,-13.9725160943423,NaN,NaN,NaN,NaN,NaN,NaN,NaN,0,0,
528.573641086064,phy_interval,5,3,1,2746,8,NaN,NaN,NaN,2.00678109001819e-14,-9.50707542521215,NaN,NaN,0,0,NaN,1,0,
528.573641086064,phy_interval,5,1,3,2748,8,NaN,NaN,NaN,2.00678109001819e-14,-9.50707542521215,NaN,NaN,0,0,NaN,1,0,
528.573641086064,phy_track,5,1,3,2748,8,NaN,NaN,NaN,NaN,-9.50707542521215,NaN,NaN,NaN,NaN,NaN,0,0,
528.590819162592,phy_interval,5,3,1,2746,8,NaN,NaN,NaN,2.00678109001819e-14,-9.50707542521215,NaN,NaN,0,0,NaN,1,0,
528.590819162592,phy_interval,5,1,3,2748,8,NaN,NaN,NaN,2.00678109001819e-14,-9.50707542521215,NaN,NaN,0,0,NaN,1,0,
528.590819162592,phy_signal_end,5,3,1,2746,8,-117.383020596368,150.383020596368,-10.4080205963685,2.00678109001819e-14,-9.50707542521215,7.89197053166688e-05,7.89197053166688e-05,0,0,0,1,0,half_duplex
528.590831604377,phy_signal_end,4,3,1,2746,8,-126.074739474425,159.074739474425,Inf,0,-Inf,0,0,0,0,0,0,0,closure
528.645013632365,phy_interval,4,1,3,2748,8,NaN,NaN,NaN,2.00678109001819e-14,-1.58379249041479,NaN,NaN,1,7,NaN,0,0,
528.645013632365,phy_signal_start,4,2,8,2749,8,-111.467698021168,NaN,-4.49269802116773,NaN,NaN,NaN,NaN,NaN,NaN,NaN,0,0,
528.651643632365,phy_interval,4,1,3,2748,8,NaN,NaN,NaN,2.00678109001819e-14,-9.4798180731745,NaN,NaN,0,0,NaN,1,0,
528.651643632365,phy_interval,4,2,8,2749,8,NaN,NaN,NaN,2.00678109001819e-14,-9.4798180731745,NaN,NaN,0,0,NaN,1,0,
528.651643632365,phy_track,4,2,8,2749,8,NaN,NaN,NaN,NaN,-9.4798180731745,NaN,NaN,NaN,NaN,NaN,0,0,
528.674111086064,phy_interval,5,1,3,2748,8,NaN,NaN,NaN,2.00678109001819e-14,-9.50707542521215,NaN,NaN,0,0,NaN,1,0,
528.674111086064,phy_signal_end,5,1,3,2748,8,-107.875945171156,140.875945171156,-0.900945171156323,2.00678109001819e-14,-9.50707542521215,0,0,0,0,0,1,1,accepted
528.674123527005,phy_interval,4,1,3,2748,8,NaN,NaN,NaN,2.00678109001819e-14,-9.4798180731745,NaN,NaN,0,4,NaN,1,0,
528.674123527005,phy_interval,4,2,8,2749,8,NaN,NaN,NaN,2.00678109001819e-14,-9.4798180731745,NaN,NaN,0,0,NaN,1,0,
528.674123527005,phy_signal_end,4,1,3,2748,8,-120.947516094342,153.947516094342,-13.9725160943423,2.00678109001819e-14,-9.4798180731745,0.0171559367916038,0.0171559367916038,1,11,12,1,0,sync_threshold
528.710293632365,phy_interval,4,2,8,2749,8,NaN,NaN,NaN,2.00678109001819e-14,-9.4798180731745,NaN,NaN,0,0,NaN,1,0,
528.710293632365,phy_signal_end,4,2,8,2749,8,-111.467698021168,144.467698021168,-4.49269802116773,2.00678109001819e-14,-9.4798180731745,0,0,0,0,0,1,1,accepted
528.710306076559,phy_signal_end,5,2,8,2749,8,-122.734861677906,155.734861677906,Inf,0,-Inf,0,0,0,0,0,0,0,closure
528.775012444469,phy_signal_start,4,5,4,2750,8,-109.883905530753,NaN,-2.90890553075294,NaN,NaN,NaN,NaN,NaN,NaN,NaN,0,0,
528.781642444469,phy_interval,4,5,4,2750,8,NaN,NaN,NaN,2.00678109001819e-14,-9.4798180731745,NaN,NaN,0,0,NaN,0,0,
528.781642444469,phy_track,4,5,4,2750,8,NaN,NaN,NaN,NaN,-9.4798180731745,NaN,NaN,NaN,NaN,NaN,0,0,
528.840292444469,phy_interval,4,5,4,2750,8,NaN,NaN,NaN,2.00678109001819e-14,-9.4798180731745,NaN,NaN,0,0,NaN,0,0,
528.840292444469,phy_signal_end,4,5,4,2750,8,-109.883905530753,142.883905530753,-2.90890553075294,2.00678109001819e-14,-9.4798180731745,0,0,0,0,0,0,1,accepted
528.853011086064,phy_signal_start,5,1,3,2751,8,-107.875945171156,NaN,-0.900945171156323,NaN,NaN,NaN,NaN,NaN,NaN,NaN,0,0,
528.853023527005,phy_signal_start,4,1,3,2751,8,-120.947516094342,NaN,-13.9725160943423,NaN,NaN,NaN,NaN,NaN,NaN,NaN,0,0,
528.859641086064,phy_interval,5,1,3,2751,8,NaN,NaN,NaN,2.00678109001819e-14,-9.50707542521215,NaN,NaN,0,0,NaN,0,0,
528.859641086064,phy_track,5,1,3,2751,8,NaN,NaN,NaN,NaN,-9.50707542521215,NaN,NaN,NaN,NaN,NaN,0,0,
528.879013632365,phy_interval,4,1,3,2751,8,NaN,NaN,NaN,2.00678109001819e-14,-9.4798180731745,NaN,NaN,1,2,NaN,0,0,
528.879013632365,phy_signal_start,4,2,8,2752,8,-111.467698021168,NaN,-4.49269802116773,NaN,NaN,NaN,NaN,NaN,NaN,NaN,0,0,
528.885643632365,phy_interval,4,1,3,2751,8,NaN,NaN,NaN,2.00678109001819e-14,-9.4798180731745,NaN,NaN,0,0,NaN,1,0,
528.885643632365,phy_interval,4,2,8,2752,8,NaN,NaN,NaN,2.00678109001819e-14,-9.4798180731745,NaN,NaN,0,0,NaN,1,0,
528.885643632365,phy_track,4,2,8,2752,8,NaN,NaN,NaN,NaN,-9.4798180731745,NaN,NaN,NaN,NaN,NaN,0,0,
528.944293632365,phy_interval,4,1,3,2751,8,NaN,NaN,NaN,2.00678109001819e-14,-9.4798180731745,NaN,NaN,0,9,NaN,1,0,
528.944293632365,phy_interval,4,2,8,2752,8,NaN,NaN,NaN,2.00678109001819e-14,-9.4798180731745,NaN,NaN,0,0,NaN,1,0,
528.944293632365,phy_signal_end,4,2,8,2752,8,-111.467698021168,144.467698021168,-4.49269802116773,2.00678109001819e-14,-9.4798180731745,0,0,0,0,0,1,1,accepted
528.944306076559,phy_signal_end,5,2,8,2752,8,-122.734861677906,155.734861677906,Inf,0,-Inf,0,0,0,0,0,0,0,closure
528.960111086064,phy_interval,5,1,3,2751,8,NaN,NaN,NaN,2.00678109001819e-14,-9.50707542521215,NaN,NaN,0,0,NaN,0,0,
528.960111086064,phy_signal_end,5,1,3,2751,8,-107.875945171156,140.875945171156,-0.900945171156323,2.00678109001819e-14,-9.50707542521215,0,0,0,0,0,0,1,accepted
528.960123527005,phy_interval,4,1,3,2751,8,NaN,NaN,NaN,2.00678109001819e-14,-9.4798180731745,NaN,NaN,0,2,NaN,1,0,
528.960123527005,phy_signal_end,4,1,3,2751,8,-120.947516094342,153.947516094342,-13.9725160943423,2.00678109001819e-14,-9.4798180731745,0.0163939867743823,0.0163939867743823,1,13,14,1,0,sync_threshold
528.970019162592,phy_signal_start,5,3,1,2753,8,-117.383020596368,NaN,-10.4080205963685,NaN,NaN,NaN,NaN,NaN,NaN,NaN,0,0,
528.976649162592,phy_interval,5,3,1,2753,8,NaN,NaN,NaN,2.00678109001819e-14,-9.50707542521215,NaN,NaN,0,0,NaN,0,0,
528.976649162592,phy_track,5,3,1,2753,8,NaN,NaN,NaN,NaN,-9.50707542521215,NaN,NaN,NaN,NaN,NaN,0,0,
529.214819162592,phy_interval,5,3,1,2753,8,NaN,NaN,NaN,2.00678109001819e-14,-9.50707542521215,NaN,NaN,0,0,NaN,0,0,
529.214819162592,phy_signal_end,5,3,1,2753,8,-117.383020596368,150.383020596368,-10.4080205963685,2.00678109001819e-14,-9.50707542521215,3.40962752323828e-05,3.40962752323828e-05,0,0,0,0,1,accepted
529.214831604377,phy_signal_end,4,3,1,2753,8,-126.074739474425,159.074739474425,Inf,0,-Inf,0,0,0,0,0,0,0,closure
529.230013632365,phy_signal_start,4,2,8,2754,8,-111.467698021168,NaN,-4.49269802116773,NaN,NaN,NaN,NaN,NaN,NaN,NaN,0,0,
529.236643632365,phy_interval,4,2,8,2754,8,NaN,NaN,NaN,2.00678109001819e-14,-9.4798180731745,NaN,NaN,0,0,NaN,0,0,
529.236643632365,phy_track,4,2,8,2754,8,NaN,NaN,NaN,NaN,-9.4798180731745,NaN,NaN,NaN,NaN,NaN,0,0,
529.256011086064,phy_signal_start,5,1,3,2755,8,-107.875945171156,NaN,-0.900945171156323,NaN,NaN,NaN,NaN,NaN,NaN,NaN,0,0,
529.256023527005,phy_interval,4,2,8,2754,8,NaN,NaN,NaN,2.00678109001819e-14,-9.4798180731745,NaN,NaN,0,0,NaN,0,0,
529.256023527005,phy_signal_start,4,1,3,2755,8,-120.947516094342,NaN,-13.9725160943423,NaN,NaN,NaN,NaN,NaN,NaN,NaN,0,0,
529.262641086064,phy_interval,5,1,3,2755,8,NaN,NaN,NaN,2.00678109001819e-14,-9.50707542521215,NaN,NaN,0,0,NaN,0,0,
529.262641086064,phy_track,5,1,3,2755,8,NaN,NaN,NaN,NaN,-9.50707542521215,NaN,NaN,NaN,NaN,NaN,0,0,
529.295293632365,phy_interval,4,2,8,2754,8,NaN,NaN,NaN,2.00678109001819e-14,-9.4798180731745,NaN,NaN,0,0,NaN,1,0,
529.295293632365,phy_interval,4,1,3,2755,8,NaN,NaN,NaN,2.00678109001819e-14,-9.4798180731745,NaN,NaN,1,4,NaN,1,0,
529.295293632365,phy_signal_end,4,2,8,2754,8,-111.467698021168,144.467698021168,-4.49269802116773,2.00678109001819e-14,-9.4798180731745,0,0,0,0,0,1,1,accepted
529.295306076559,phy_signal_end,5,2,8,2754,8,-122.734861677906,155.734861677906,Inf,0,-Inf,0,0,0,0,0,0,0,closure
529.321291086064,phy_interval,5,1,3,2755,8,NaN,NaN,NaN,2.00678109001819e-14,-9.50707542521215,NaN,NaN,0,0,NaN,0,0,
529.321291086064,phy_signal_end,5,1,3,2755,8,-107.875945171156,140.875945171156,-0.900945171156323,2.00678109001819e-14,-9.50707542521215,0,0,0,0,0,0,1,accepted
529.321303527005,phy_interval,4,1,3,2755,8,NaN,NaN,NaN,2.00678109001819e-14,-9.4798180731745,NaN,NaN,0,4,NaN,1,0,
529.321303527005,phy_signal_end,4,1,3,2755,8,-120.947516094342,153.947516094342,-13.9725160943423,2.00678109001819e-14,-9.4798180731745,0.0223338114625005,0.0223338114625005,1,8,9,1,0,sync_threshold
529.334019162592,phy_signal_start,5,3,1,2756,8,-117.383020596368,NaN,-10.4080205963685,NaN,NaN,NaN,NaN,NaN,NaN,NaN,0,0,
529.340649162592,phy_interval,5,3,1,2756,8,NaN,NaN,NaN,2.00678109001819e-14,-9.50707542521215,NaN,NaN,0,0,NaN,0,0,
529.340649162592,phy_track,5,3,1,2756,8,NaN,NaN,NaN,NaN,-9.50707542521215,NaN,NaN,NaN,NaN,NaN,0,0,
529.578819162592,phy_interval,5,3,1,2756,8,NaN,NaN,NaN,2.00678109001819e-14,-9.50707542521215,NaN,NaN,0,0,NaN,0,0,
529.578819162592,phy_signal_end,5,3,1,2756,8,-117.383020596368,150.383020596368,-10.4080205963685,2.00678109001819e-14,-9.50707542521215,3.40962752323828e-05,3.40962752323828e-05,0,0,0,0,1,accepted
529.578831604377,phy_signal_end,4,3,1,2756,8,-126.074739474425,159.074739474425,Inf,0,-Inf,0,0,0,0,0,0,0,closure
529.630828977105,phy_signal_end,4,8,2,2757,8,-124.567050032692,157.567050032692,Inf,0,-Inf,0,0,0,0,0,0,0,closure
529.630841420289,phy_signal_end,5,8,2,2757,8,-130.773375084599,163.773375084599,Inf,0,-Inf,0,0,0,0,0,0,0,closure
529.633011086064,phy_signal_start,5,1,3,2758,8,-107.875945171156,NaN,-0.900945171156323,NaN,NaN,NaN,NaN,NaN,NaN,NaN,0,0,
529.633023527005,phy_signal_start,4,1,3,2758,8,-120.947516094342,NaN,-13.9725160943423,NaN,NaN,NaN,NaN,NaN,NaN,NaN,0,0,
529.639641086064,phy_interval,5,1,3,2758,8,NaN,NaN,NaN,2.00678109001819e-14,-9.50707542521215,NaN,NaN,0,0,NaN,0,0,
529.639641086064,phy_track,5,1,3,2758,8,NaN,NaN,NaN,NaN,-9.50707542521215,NaN,NaN,NaN,NaN,NaN,0,0,
529.698291086064,phy_interval,5,1,3,2758,8,NaN,NaN,NaN,2.00678109001819e-14,-9.50707542521215,NaN,NaN,0,0,NaN,0,0,
529.698291086064,phy_signal_end,5,1,3,2758,8,-107.875945171156,140.875945171156,-0.900945171156323,2.00678109001819e-14,-9.50707542521215,0,0,0,0,0,0,1,accepted
529.698303527005,phy_interval,4,1,3,2758,8,NaN,NaN,NaN,2.00678109001819e-14,-9.4798180731745,NaN,NaN,0,3,NaN,0,0,
529.698303527005,phy_signal_end,4,1,3,2758,8,-120.947516094342,153.947516094342,-13.9725160943423,2.00678109001819e-14,-9.4798180731745,0.0151165618870165,0.0151165618870165,0,3,3,0,0,sync_threshold
529.724011086064,phy_signal_start,5,1,3,2760,8,-107.875945171156,NaN,-0.900945171156323,NaN,NaN,NaN,NaN,NaN,NaN,NaN,0,0,
529.724023527005,phy_signal_start,4,1,3,2760,8,-120.947516094342,NaN,-13.9725160943423,NaN,NaN,NaN,NaN,NaN,NaN,NaN,0,0,
529.730641086064,phy_interval,5,1,3,2760,8,NaN,NaN,NaN,2.00678109001819e-14,-9.50707542521215,NaN,NaN,0,0,NaN,0,0,
529.730641086064,phy_track,5,1,3,2760,8,NaN,NaN,NaN,NaN,-9.50707542521215,NaN,NaN,NaN,NaN,NaN,0,0,
529.789291086064,phy_interval,5,1,3,2760,8,NaN,NaN,NaN,2.00678109001819e-14,-9.50707542521215,NaN,NaN,0,0,NaN,0,0,
529.789291086064,phy_signal_end,5,1,3,2760,8,-107.875945171156,140.875945171156,-0.900945171156323,2.00678109001819e-14,-9.50707542521215,0,0,0,0,0,0,1,accepted
529.789303527005,phy_interval,4,1,3,2760,8,NaN,NaN,NaN,2.00678109001819e-14,-9.4798180731745,NaN,NaN,0,3,NaN,0,0,
529.789303527005,phy_signal_end,4,1,3,2760,8,-120.947516094342,153.947516094342,-13.9725160943423,2.00678109001819e-14,-9.4798180731745,0.0151165618870165,0.0151165618870165,0,3,3,0,0,sync_threshold
529.854012444469,phy_signal_start,4,5,4,2761,8,-109.883905530753,NaN,-2.90890553075294,NaN,NaN,NaN,NaN,NaN,NaN,NaN,0,0,
529.860642444469,phy_interval,4,5,4,2761,8,NaN,NaN,NaN,2.00678109001819e-14,-9.4798180731745,NaN,NaN,0,0,NaN,0,0,
529.860642444469,phy_track,4,5,4,2761,8,NaN,NaN,NaN,NaN,-9.4798180731745,NaN,NaN,NaN,NaN,NaN,0,0,
529.877828977105,phy_signal_end,4,8,2,2759,8,-124.567050032692,157.567050032692,Inf,0,-Inf,0,0,0,0,0,0,0,closure
529.877841420289,phy_signal_end,5,8,2,2759,8,-130.773375084599,163.773375084599,Inf,0,-Inf,0,0,0,0,0,0,0,closure
529.919292444469,phy_interval,4,5,4,2761,8,NaN,NaN,NaN,2.00678109001819e-14,-9.4798180731745,NaN,NaN,0,0,NaN,0,0,
529.919292444469,phy_signal_end,4,5,4,2761,8,-109.883905530753,142.883905530753,-2.90890553075294,2.00678109001819e-14,-9.4798180731745,0,0,0,0,0,0,1,accepted
529.984012444469,phy_signal_start,4,5,4,2762,8,-109.883905530753,NaN,-2.90890553075294,NaN,NaN,NaN,NaN,NaN,NaN,NaN,0,0,
529.990642444469,phy_interval,4,5,4,2762,8,NaN,NaN,NaN,2.00678109001819e-14,-9.4798180731745,NaN,NaN,0,0,NaN,0,0,
529.990642444469,phy_track,4,5,4,2762,8,NaN,NaN,NaN,NaN,-9.4798180731745,NaN,NaN,NaN,NaN,NaN,0,0,
530.049292444469,phy_interval,4,5,4,2762,8,NaN,NaN,NaN,2.00678109001819e-14,-9.4798180731745,NaN,NaN,0,0,NaN,0,0,
530.049292444469,phy_signal_end,4,5,4,2762,8,-109.883905530753,142.883905530753,-2.90890553075294,2.00678109001819e-14,-9.4798180731745,0,0,0,0,0,0,1,accepted
530.062011086064,phy_signal_start,5,1,3,2763,8,-107.875945171156,NaN,-0.900945171156323,NaN,NaN,NaN,NaN,NaN,NaN,NaN,0,0,
530.062023527005,phy_signal_start,4,1,3,2763,8,-120.947516094342,NaN,-13.9725160943423,NaN,NaN,NaN,NaN,NaN,NaN,NaN,0,0,
530.068641086064,phy_interval,5,1,3,2763,8,NaN,NaN,NaN,2.00678109001819e-14,-9.50707542521215,NaN,NaN,0,0,NaN,0,0,
530.068641086064,phy_track,5,1,3,2763,8,NaN,NaN,NaN,NaN,-9.50707542521215,NaN,NaN,NaN,NaN,NaN,0,0,
530.127291086064,phy_interval,5,1,3,2763,8,NaN,NaN,NaN,2.00678109001819e-14,-9.50707542521215,NaN,NaN,0,0,NaN,0,0,
530.127291086064,phy_signal_end,5,1,3,2763,8,-107.875945171156,140.875945171156,-0.900945171156323,2.00678109001819e-14,-9.50707542521215,0,0,0,0,0,0,1,accepted
530.127303527005,phy_interval,4,1,3,2763,8,NaN,NaN,NaN,2.00678109001819e-14,-9.4798180731745,NaN,NaN,1,6,NaN,0,0,
530.127303527005,phy_signal_end,4,1,3,2763,8,-120.947516094342,153.947516094342,-13.9725160943423,2.00678109001819e-14,-9.4798180731745,0.0151165618870165,0.0151165618870165,1,6,7,0,0,sync_threshold
530.140012444469,phy_signal_start,4,5,1,2764,8,-109.883905530753,NaN,-2.90890553075294,NaN,NaN,NaN,NaN,NaN,NaN,NaN,0,0,
530.146642444469,phy_interval,4,5,1,2764,8,NaN,NaN,NaN,2.00678109001819e-14,-9.4798180731745,NaN,NaN,0,0,NaN,0,0,
530.146642444469,phy_track,4,5,1,2764,8,NaN,NaN,NaN,NaN,-9.4798180731745,NaN,NaN,NaN,NaN,NaN,0,0,
530.179013632365,phy_interval,4,5,1,2764,8,NaN,NaN,NaN,2.00678109001819e-14,-9.4798180731745,NaN,NaN,0,0,NaN,0,0,
530.179013632365,phy_signal_start,4,2,8,2765,8,-111.467698021168,NaN,-4.49269802116773,NaN,NaN,NaN,NaN,NaN,NaN,NaN,0,0,
530.244293632365,phy_interval,4,5,1,2764,8,NaN,NaN,NaN,2.00678109001819e-14,-1.58379249041479,NaN,NaN,0,0,NaN,1,0,
530.244293632365,phy_interval,4,2,8,2765,8,NaN,NaN,NaN,2.00678109001819e-14,-1.58379249041479,NaN,NaN,0,0,NaN,1,0,
530.244293632365,phy_signal_end,4,2,8,2765,8,-111.467698021168,144.467698021168,-4.49269802116773,2.00678109001819e-14,-1.58379249041479,0,0,0,0,0,1,0,not_acquired
530.244306076559,phy_signal_end,5,2,8,2765,8,-122.734861677906,155.734861677906,Inf,0,-Inf,0,0,0,0,0,0,0,closure
530.384812444469,phy_interval,4,5,1,2764,8,NaN,NaN,NaN,2.00678109001819e-14,-1.58379249041479,NaN,NaN,0,0,NaN,1,0,
530.384812444469,phy_signal_end,4,5,1,2764,8,-109.883905530753,142.883905530753,-2.90890553075294,2.00678109001819e-14,-1.58379249041479,0,0,0,0,0,1,1,accepted
530.387012444469,phy_signal_start,5,4,5,2767,8,-109.883905530753,NaN,-2.90890553075294,NaN,NaN,NaN,NaN,NaN,NaN,NaN,0,0,
530.393642444469,phy_interval,5,4,5,2767,8,NaN,NaN,NaN,2.00678109001819e-14,-9.50707542521215,NaN,NaN,0,0,NaN,0,0,
530.393642444469,phy_track,5,4,5,2767,8,NaN,NaN,NaN,NaN,-9.50707542521215,NaN,NaN,NaN,NaN,NaN,0,0,
530.478019162592,phy_interval,5,4,5,2767,8,NaN,NaN,NaN,2.00678109001819e-14,-9.50707542521215,NaN,NaN,0,0,NaN,0,0,
530.478019162592,phy_signal_start,5,3,1,2768,8,-117.383020596368,NaN,-10.4080205963685,NaN,NaN,NaN,NaN,NaN,NaN,NaN,0,0,
530.579828977105,phy_signal_end,4,8,2,2766,8,-124.567050032692,157.567050032692,Inf,0,-Inf,0,0,0,0,0,0,0,closure
530.579841420289,phy_signal_end,5,8,2,2766,8,-130.773375084599,163.773375084599,Inf,0,-Inf,0,0,0,0,0,0,0,closure
530.631812444469,phy_interval,5,4,5,2767,8,NaN,NaN,NaN,2.00678109001819e-14,-7.49911506561554,NaN,NaN,0,0,NaN,1,0,
530.631812444469,phy_interval,5,3,1,2768,8,NaN,NaN,NaN,2.00678109001819e-14,-7.49911506561554,NaN,NaN,0,0,NaN,1,0,
530.631812444469,phy_signal_end,5,4,5,2767,8,-109.883905530753,142.883905530753,-2.90890553075294,2.00678109001819e-14,-7.49911506561554,0,0,0,0,0,1,1,accepted
530.634013632365,phy_signal_start,4,2,8,2769,8,-111.467698021168,NaN,-4.49269802116773,NaN,NaN,NaN,NaN,NaN,NaN,NaN,0,0,
530.640643632365,phy_interval,4,2,8,2769,8,NaN,NaN,NaN,2.00678109001819e-14,-1.58379249041479,NaN,NaN,0,0,NaN,0,0,
530.640643632365,phy_track,4,2,8,2769,8,NaN,NaN,NaN,NaN,-1.58379249041479,NaN,NaN,NaN,NaN,NaN,0,0,
530.686012444469,phy_interval,4,2,8,2769,8,NaN,NaN,NaN,2.00678109001819e-14,-1.58379249041479,NaN,NaN,0,0,NaN,0,0,
530.686012444469,phy_signal_start,4,5,4,2770,8,-109.883905530753,NaN,-2.90890553075294,NaN,NaN,NaN,NaN,NaN,NaN,NaN,0,0,
530.699293632365,phy_interval,4,2,8,2769,8,NaN,NaN,NaN,2.00678109001819e-14,-1.58379249041479,NaN,NaN,0,0,NaN,1,0,
530.699293632365,phy_interval,4,5,4,2770,8,NaN,NaN,NaN,2.00678109001819e-14,-1.58379249041479,NaN,NaN,0,0,NaN,1,0,
530.699293632365,phy_signal_end,4,2,8,2769,8,-111.467698021168,144.467698021168,-4.49269802116773,2.00678109001819e-14,-1.58379249041479,0,0,0,0,0,1,1,accepted
530.699306076559,phy_signal_end,5,2,8,2769,8,-122.734861677906,155.734861677906,Inf,0,-Inf,0,0,0,0,0,0,0,closure
530.722819162592,phy_interval,5,3,1,2768,8,NaN,NaN,NaN,2.00678109001819e-14,-7.49911506561554,NaN,NaN,0,0,NaN,1,0,
530.722819162592,phy_signal_end,5,3,1,2768,8,-117.383020596368,150.383020596368,-10.4080205963685,2.00678109001819e-14,-7.49911506561554,0.000106814434509599,0.000106814434509599,0,0,0,1,0,half_duplex
530.722831604377,phy_signal_end,4,3,1,2768,8,-126.074739474425,159.074739474425,Inf,0,-Inf,0,0,0,0,0,0,0,closure
530.751292444469,phy_interval,4,5,4,2770,8,NaN,NaN,NaN,2.00678109001819e-14,-1.58379249041479,NaN,NaN,0,0,NaN,1,0,
530.751292444469,phy_signal_end,4,5,4,2770,8,-109.883905530753,142.883905530753,-2.90890553075294,2.00678109001819e-14,-1.58379249041479,0,0,0,0,0,1,0,not_acquired
530.855019162592,phy_signal_start,5,3,1,2771,8,-117.383020596368,NaN,-10.4080205963685,NaN,NaN,NaN,NaN,NaN,NaN,NaN,0,0,
530.861649162592,phy_interval,5,3,1,2771,8,NaN,NaN,NaN,2.00678109001819e-14,-7.49911506561554,NaN,NaN,0,0,NaN,0,0,
530.861649162592,phy_track,5,3,1,2771,8,NaN,NaN,NaN,NaN,-7.49911506561554,NaN,NaN,NaN,NaN,NaN,0,0,
531.099819162592,phy_interval,5,3,1,2771,8,NaN,NaN,NaN,2.00678109001819e-14,-7.49911506561554,NaN,NaN,0,0,NaN,0,0,
531.099819162592,phy_signal_end,5,3,1,2771,8,-117.383020596368,150.383020596368,-10.4080205963685,2.00678109001819e-14,-7.49911506561554,3.40962752323828e-05,3.40962752323828e-05,0,0,0,0,1,accepted
531.099831604377,phy_signal_end,4,3,1,2771,8,-126.074739474425,159.074739474425,Inf,0,-Inf,0,0,0,0,0,0,0,closure
531.115011086064,phy_signal_start,5,1,3,2773,8,-107.875945171156,NaN,-0.900945171156323,NaN,NaN,NaN,NaN,NaN,NaN,NaN,0,0,
531.115023527005,phy_signal_start,4,1,3,2773,8,-120.947516094342,NaN,-13.9725160943423,NaN,NaN,NaN,NaN,NaN,NaN,NaN,0,0,
531.121641086064,phy_interval,5,1,3,2773,8,NaN,NaN,NaN,2.00678109001819e-14,-7.49911506561554,NaN,NaN,0,0,NaN,0,0,
531.121641086064,phy_track,5,1,3,2773,8,NaN,NaN,NaN,NaN,-7.49911506561554,NaN,NaN,NaN,NaN,NaN,0,0,
531.138828977105,phy_signal_end,4,8,2,2772,8,-124.567050032692,157.567050032692,Inf,0,-Inf,0,0,0,0,0,0,0,closure
531.138841420289,phy_signal_end,5,8,2,2772,8,-130.773375084599,163.773375084599,Inf,0,-Inf,0,0,0,0,0,0,0,closure
531.141013632365,phy_interval,4,1,3,2773,8,NaN,NaN,NaN,2.00678109001819e-14,-1.58379249041479,NaN,NaN,1,2,NaN,0,0,
531.141013632365,phy_signal_start,4,2,8,2774,8,-111.467698021168,NaN,-4.49269802116773,NaN,NaN,NaN,NaN,NaN,NaN,NaN,0,0,
531.147643632365,phy_interval,4,1,3,2773,8,NaN,NaN,NaN,2.00678109001819e-14,-9.4798180731745,NaN,NaN,0,2,NaN,1,0,
531.147643632365,phy_interval,4,2,8,2774,8,NaN,NaN,NaN,2.00678109001819e-14,-9.4798180731745,NaN,NaN,0,0,NaN,1,0,
531.147643632365,phy_track,4,2,8,2774,8,NaN,NaN,NaN,NaN,-9.4798180731745,NaN,NaN,NaN,NaN,NaN,0,0,
531.206293632365,phy_interval,4,1,3,2773,8,NaN,NaN,NaN,2.00678109001819e-14,-9.4798180731745,NaN,NaN,0,7,NaN,1,0,
531.206293632365,phy_interval,4,2,8,2774,8,NaN,NaN,NaN,2.00678109001819e-14,-9.4798180731745,NaN,NaN,0,0,NaN,1,0,
531.206293632365,phy_signal_end,4,2,8,2774,8,-111.467698021168,144.467698021168,-4.49269802116773,2.00678109001819e-14,-9.4798180731745,0,0,0,0,0,1,1,accepted
531.206306076559,phy_signal_end,5,2,8,2774,8,-122.734861677906,155.734861677906,Inf,0,-Inf,0,0,0,0,0,0,0,closure
531.222111086064,phy_interval,5,1,3,2773,8,NaN,NaN,NaN,2.00678109001819e-14,-7.49911506561554,NaN,NaN,0,0,NaN,0,0,
531.222111086064,phy_signal_end,5,1,3,2773,8,-107.875945171156,140.875945171156,-0.900945171156323,2.00678109001819e-14,-7.49911506561554,0,0,0,0,0,0,1,accepted
531.222123527005,phy_interval,4,1,3,2773,8,NaN,NaN,NaN,2.00678109001819e-14,-9.4798180731745,NaN,NaN,0,2,NaN,1,0,
531.222123527005,phy_signal_end,4,1,3,2773,8,-120.947516094342,153.947516094342,-13.9725160943423,2.00678109001819e-14,-9.4798180731745,0.0163939867743823,0.0163939867743823,1,13,14,1,0,sync_threshold
531.258011086064,phy_signal_start,5,1,3,2775,8,-107.875945171156,NaN,-0.900945171156323,NaN,NaN,NaN,NaN,NaN,NaN,NaN,0,0,
531.258023527005,phy_signal_start,4,1,3,2775,8,-120.947516094342,NaN,-13.9725160943423,NaN,NaN,NaN,NaN,NaN,NaN,NaN,0,0,
531.264641086064,phy_interval,5,1,3,2775,8,NaN,NaN,NaN,2.00678109001819e-14,-7.49911506561554,NaN,NaN,0,0,NaN,0,0,
531.264641086064,phy_track,5,1,3,2775,8,NaN,NaN,NaN,NaN,-7.49911506561554,NaN,NaN,NaN,NaN,NaN,0,0,
531.336013632365,phy_interval,4,1,3,2775,8,NaN,NaN,NaN,2.00678109001819e-14,-9.4798180731745,NaN,NaN,0,7,NaN,0,0,
531.336013632365,phy_signal_start,4,2,8,2776,8,-111.467698021168,NaN,-4.49269802116773,NaN,NaN,NaN,NaN,NaN,NaN,NaN,0,0,
531.342643632365,phy_interval,4,1,3,2775,8,NaN,NaN,NaN,2.00678109001819e-14,-9.4798180731745,NaN,NaN,0,1,NaN,1,0,
531.342643632365,phy_interval,4,2,8,2776,8,NaN,NaN,NaN,2.00678109001819e-14,-9.4798180731745,NaN,NaN,0,0,NaN,1,0,
531.342643632365,phy_track,4,2,8,2776,8,NaN,NaN,NaN,NaN,-9.4798180731745,NaN,NaN,NaN,NaN,NaN,0,0,
531.365111086064,phy_interval,5,1,3,2775,8,NaN,NaN,NaN,2.00678109001819e-14,-7.49911506561554,NaN,NaN,0,0,NaN,0,0,
531.365111086064,phy_signal_end,5,1,3,2775,8,-107.875945171156,140.875945171156,-0.900945171156323,2.00678109001819e-14,-7.49911506561554,0,0,0,0,0,0,1,accepted
531.365123527005,phy_interval,4,1,3,2775,8,NaN,NaN,NaN,2.00678109001819e-14,-9.4798180731745,NaN,NaN,0,3,NaN,1,0,
531.365123527005,phy_interval,4,2,8,2776,8,NaN,NaN,NaN,2.00678109001819e-14,-9.4798180731745,NaN,NaN,0,0,NaN,1,0,
531.365123527005,phy_signal_end,4,1,3,2775,8,-120.947516094342,153.947516094342,-13.9725160943423,2.00678109001819e-14,-9.4798180731745,0.0171559367916038,0.0171559367916038,0,11,11,1,0,sync_threshold
531.401293632365,phy_interval,4,2,8,2776,8,NaN,NaN,NaN,2.00678109001819e-14,-9.4798180731745,NaN,NaN,0,0,NaN,1,0,
531.401293632365,phy_signal_end,4,2,8,2776,8,-111.467698021168,144.467698021168,-4.49269802116773,2.00678109001819e-14,-9.4798180731745,0,0,0,0,0,1,1,accepted
531.401306076559,phy_signal_end,5,2,8,2776,8,-122.734861677906,155.734861677906,Inf,0,-Inf,0,0,0,0,0,0,0,closure
531.440013632365,phy_signal_start,4,2,8,2777,8,-111.467698021168,NaN,-4.49269802116773,NaN,NaN,NaN,NaN,NaN,NaN,NaN,0,0,
531.446643632365,phy_interval,4,2,8,2777,8,NaN,NaN,NaN,2.00678109001819e-14,-9.4798180731745,NaN,NaN,0,0,NaN,0,0,
531.446643632365,phy_track,4,2,8,2777,8,NaN,NaN,NaN,NaN,-9.4798180731745,NaN,NaN,NaN,NaN,NaN,0,0,
531.453019162592,phy_signal_start,5,3,1,2778,8,-117.383020596368,NaN,-10.4080205963685,NaN,NaN,NaN,NaN,NaN,NaN,NaN,0,0,
531.505293632365,phy_interval,4,2,8,2777,8,NaN,NaN,NaN,2.00678109001819e-14,-9.4798180731745,NaN,NaN,0,0,NaN,0,0,
531.505293632365,phy_signal_end,4,2,8,2777,8,-111.467698021168,144.467698021168,-4.49269802116773,2.00678109001819e-14,-9.4798180731745,0,0,0,0,0,0,1,accepted
531.505306076559,phy_signal_end,5,2,8,2777,8,-122.734861677906,155.734861677906,Inf,0,-Inf,0,0,0,0,0,0,0,closure
531.596012444469,phy_signal_start,4,5,4,2779,8,-109.883905530753,NaN,-2.90890553075294,NaN,NaN,NaN,NaN,NaN,NaN,NaN,0,0,
531.602642444469,phy_interval,4,5,4,2779,8,NaN,NaN,NaN,2.00678109001819e-14,-9.4798180731745,NaN,NaN,0,0,NaN,0,0,
531.602642444469,phy_track,4,5,4,2779,8,NaN,NaN,NaN,NaN,-9.4798180731745,NaN,NaN,NaN,NaN,NaN,0,0,
531.661292444469,phy_interval,4,5,4,2779,8,NaN,NaN,NaN,2.00678109001819e-14,-9.4798180731745,NaN,NaN,0,0,NaN,0,0,
531.661292444469,phy_signal_end,4,5,4,2779,8,-109.883905530753,142.883905530753,-2.90890553075294,2.00678109001819e-14,-9.4798180731745,0,0,0,0,0,0,1,accepted
531.697819162592,phy_interval,5,3,1,2778,8,NaN,NaN,NaN,2.00678109001819e-14,-7.49911506561554,NaN,NaN,0,0,NaN,0,0,
531.697819162592,phy_signal_end,5,3,1,2778,8,-117.383020596368,150.383020596368,-10.4080205963685,2.00678109001819e-14,-7.49911506561554,3.40962752323828e-05,3.40962752323828e-05,0,0,0,0,0,half_duplex
531.697831604377,phy_signal_end,4,3,1,2778,8,-126.074739474425,159.074739474425,Inf,0,-Inf,0,0,0,0,0,0,0,closure
531.713013632365,phy_signal_start,4,2,8,2780,8,-111.467698021168,NaN,-4.49269802116773,NaN,NaN,NaN,NaN,NaN,NaN,NaN,0,0,
531.719643632365,phy_interval,4,2,8,2780,8,NaN,NaN,NaN,2.00678109001819e-14,-9.4798180731745,NaN,NaN,0,0,NaN,0,0,
531.719643632365,phy_track,4,2,8,2780,8,NaN,NaN,NaN,NaN,-9.4798180731745,NaN,NaN,NaN,NaN,NaN,0,0,
531.726019162592,phy_signal_start,5,3,1,2781,8,-117.383020596368,NaN,-10.4080205963685,NaN,NaN,NaN,NaN,NaN,NaN,NaN,0,0,
531.732649162592,phy_interval,5,3,1,2781,8,NaN,NaN,NaN,2.00678109001819e-14,-7.49911506561554,NaN,NaN,0,0,NaN,0,0,
531.732649162592,phy_track,5,3,1,2781,8,NaN,NaN,NaN,NaN,-7.49911506561554,NaN,NaN,NaN,NaN,NaN,0,0,
531.778293632365,phy_interval,4,2,8,2780,8,NaN,NaN,NaN,2.00678109001819e-14,-9.4798180731745,NaN,NaN,0,0,NaN,0,0,
531.778293632365,phy_signal_end,4,2,8,2780,8,-111.467698021168,144.467698021168,-4.49269802116773,2.00678109001819e-14,-9.4798180731745,0,0,0,0,0,0,1,accepted
531.778306076559,phy_signal_end,5,2,8,2780,8,-122.734861677906,155.734861677906,Inf,0,-Inf,0,0,0,0,0,0,0,closure
531.970819162592,phy_interval,5,3,1,2781,8,NaN,NaN,NaN,2.00678109001819e-14,-7.49911506561554,NaN,NaN,0,0,NaN,0,0,
531.970819162592,phy_signal_end,5,3,1,2781,8,-117.383020596368,150.383020596368,-10.4080205963685,2.00678109001819e-14,-7.49911506561554,3.40962752323828e-05,3.40962752323828e-05,0,0,0,0,1,accepted
531.970831604377,phy_signal_end,4,3,1,2781,8,-126.074739474425,159.074739474425,Inf,0,-Inf,0,0,0,0,0,0,0,closure
532.025013632365,phy_signal_start,4,2,8,2782,8,-111.467698021168,NaN,-4.49269802116773,NaN,NaN,NaN,NaN,NaN,NaN,NaN,0,0,
532.031643632365,phy_interval,4,2,8,2782,8,NaN,NaN,NaN,2.00678109001819e-14,-9.4798180731745,NaN,NaN,0,0,NaN,0,0,
532.031643632365,phy_track,4,2,8,2782,8,NaN,NaN,NaN,NaN,-9.4798180731745,NaN,NaN,NaN,NaN,NaN,0,0,
532.051011086064,phy_signal_start,5,1,3,2783,8,-107.875945171156,NaN,-0.900945171156323,NaN,NaN,NaN,NaN,NaN,NaN,NaN,0,0,
532.051023527005,phy_interval,4,2,8,2782,8,NaN,NaN,NaN,2.00678109001819e-14,-9.4798180731745,NaN,NaN,0,0,NaN,0,0,
532.051023527005,phy_signal_start,4,1,3,2783,8,-120.947516094342,NaN,-13.9725160943423,NaN,NaN,NaN,NaN,NaN,NaN,NaN,0,0,
532.057641086064,phy_interval,5,1,3,2783,8,NaN,NaN,NaN,2.00678109001819e-14,-7.49911506561554,NaN,NaN,0,0,NaN,0,0,
532.057641086064,phy_track,5,1,3,2783,8,NaN,NaN,NaN,NaN,-7.49911506561554,NaN,NaN,NaN,NaN,NaN,0,0,
532.090293632365,phy_interval,4,2,8,2782,8,NaN,NaN,NaN,2.00678109001819e-14,-9.4798180731745,NaN,NaN,0,0,NaN,1,0,
532.090293632365,phy_interval,4,1,3,2783,8,NaN,NaN,NaN,2.00678109001819e-14,-9.4798180731745,NaN,NaN,2,4,NaN,1,0,
532.090293632365,phy_signal_end,4,2,8,2782,8,-111.467698021168,144.467698021168,-4.49269802116773,2.00678109001819e-14,-9.4798180731745,0,0,0,0,0,1,1,accepted
532.090306076559,phy_signal_end,5,2,8,2782,8,-122.734861677906,155.734861677906,Inf,0,-Inf,0,0,0,0,0,0,0,closure
532.116012444469,phy_interval,5,1,3,2783,8,NaN,NaN,NaN,2.00678109001819e-14,-7.49911506561554,NaN,NaN,0,0,NaN,0,0,
532.116012444469,phy_signal_start,5,4,5,2784,8,-109.883905530753,NaN,-2.90890553075294,NaN,NaN,NaN,NaN,NaN,NaN,NaN,0,0,
532.158111086064,phy_interval,5,1,3,2783,8,NaN,NaN,NaN,2.00678109001819e-14,-2.00796035959661,NaN,NaN,0,0,NaN,1,0,
532.158111086064,phy_interval,5,4,5,2784,8,NaN,NaN,NaN,2.00678109001819e-14,-2.00796035959661,NaN,NaN,0,0,NaN,1,0,
532.158111086064,phy_signal_end,5,1,3,2783,8,-107.875945171156,140.875945171156,-0.900945171156323,2.00678109001819e-14,-2.00796035959661,0,0,0,0,0,1,1,accepted
532.158123527005,phy_interval,4,1,3,2783,8,NaN,NaN,NaN,2.00678109001819e-14,-9.4798180731745,NaN,NaN,0,10,NaN,1,0,
532.158123527005,phy_signal_end,4,1,3,2783,8,-120.947516094342,153.947516094342,-13.9725160943423,2.00678109001819e-14,-9.4798180731745,0.0223338114625005,0.0223338114625005,2,14,16,1,0,half_duplex
532.194012444469,phy_signal_start,4,5,4,2785,8,-109.883905530753,NaN,-2.90890553075294,NaN,NaN,NaN,NaN,NaN,NaN,NaN,0,0,
532.259292444469,phy_interval,4,5,4,2785,8,NaN,NaN,NaN,2.00678109001819e-14,-9.4798180731745,NaN,NaN,0,0,NaN,0,0,
532.259292444469,phy_signal_end,4,5,4,2785,8,-109.883905530753,142.883905530753,-2.90890553075294,2.00678109001819e-14,-9.4798180731745,0,0,0,0,0,0,0,half_duplex
532.360812444469,phy_interval,5,4,5,2784,8,NaN,NaN,NaN,2.00678109001819e-14,-2.00796035959661,NaN,NaN,0,0,NaN,1,0,
532.360812444469,phy_signal_end,5,4,5,2784,8,-109.883905530753,142.883905530753,-2.90890553075294,2.00678109001819e-14,-2.00796035959661,0,0,0,0,0,1,0,half_duplex
532.376012444469,phy_signal_start,4,5,4,2786,8,-109.883905530753,NaN,-2.90890553075294,NaN,NaN,NaN,NaN,NaN,NaN,NaN,0,0,
532.382642444469,phy_interval,4,5,4,2786,8,NaN,NaN,NaN,2.00678109001819e-14,-9.4798180731745,NaN,NaN,0,0,NaN,0,0,
532.382642444469,phy_track,4,5,4,2786,8,NaN,NaN,NaN,NaN,-9.4798180731745,NaN,NaN,NaN,NaN,NaN,0,0,
532.441292444469,phy_interval,4,5,4,2786,8,NaN,NaN,NaN,2.00678109001819e-14,-9.4798180731745,NaN,NaN,0,0,NaN,0,0,
532.441292444469,phy_signal_end,4,5,4,2786,8,-109.883905530753,142.883905530753,-2.90890553075294,2.00678109001819e-14,-9.4798180731745,0,0,0,0,0,0,1,accepted
532.584013632365,phy_signal_start,4,2,4,2787,8,-111.467698021168,NaN,-4.49269802116773,NaN,NaN,NaN,NaN,NaN,NaN,NaN,0,0,
532.590643632365,phy_interval,4,2,4,2787,8,NaN,NaN,NaN,2.00678109001819e-14,-9.4798180731745,NaN,NaN,0,0,NaN,0,0,
532.590643632365,phy_track,4,2,4,2787,8,NaN,NaN,NaN,NaN,-9.4798180731745,NaN,NaN,NaN,NaN,NaN,0,0,
532.597019162592,phy_signal_start,5,3,1,2788,8,-117.383020596368,NaN,-10.4080205963685,NaN,NaN,NaN,NaN,NaN,NaN,NaN,0,0,
532.603649162592,phy_interval,5,3,1,2788,8,NaN,NaN,NaN,2.00678109001819e-14,-2.00796035959661,NaN,NaN,0,0,NaN,0,0,
532.603649162592,phy_track,5,3,1,2788,8,NaN,NaN,NaN,NaN,-2.00796035959661,NaN,NaN,NaN,NaN,NaN,0,0,
532.828813632365,phy_interval,4,2,4,2787,8,NaN,NaN,NaN,2.00678109001819e-14,-9.4798180731745,NaN,NaN,0,0,NaN,0,0,
532.828813632365,phy_signal_end,4,2,4,2787,8,-111.467698021168,144.467698021168,-4.49269802116773,2.00678109001819e-14,-9.4798180731745,0,0,0,0,0,0,1,accepted
532.828826076559,phy_signal_end,5,2,4,2787,8,-122.734861677906,155.734861677906,Inf,0,-Inf,0,0,0,0,0,0,0,closure
532.841819162592,phy_interval,5,3,1,2788,8,NaN,NaN,NaN,2.00678109001819e-14,-2.00796035959661,NaN,NaN,0,0,NaN,0,0,
532.841819162592,phy_signal_end,5,3,1,2788,8,-117.383020596368,150.383020596368,-10.4080205963685,2.00678109001819e-14,-2.00796035959661,3.40962752323828e-05,3.40962752323828e-05,0,0,0,0,1,accepted
532.841831604377,phy_signal_end,4,3,1,2788,8,-126.074739474425,159.074739474425,Inf,0,-Inf,0,0,0,0,0,0,0,closure
532.857011086064,phy_signal_start,5,1,3,2789,8,-107.875945171156,NaN,-0.900945171156323,NaN,NaN,NaN,NaN,NaN,NaN,NaN,0,0,
532.857023527005,phy_signal_start,4,1,3,2789,8,-120.947516094342,NaN,-13.9725160943423,NaN,NaN,NaN,NaN,NaN,NaN,NaN,0,0,
532.863641086064,phy_interval,5,1,3,2789,8,NaN,NaN,NaN,2.00678109001819e-14,-2.00796035959661,NaN,NaN,0,0,NaN,0,0,
532.863641086064,phy_track,5,1,3,2789,8,NaN,NaN,NaN,NaN,-2.00796035959661,NaN,NaN,NaN,NaN,NaN,0,0,
532.964111086064,phy_interval,5,1,3,2789,8,NaN,NaN,NaN,2.00678109001819e-14,-2.00796035959661,NaN,NaN,0,0,NaN,0,0,
532.964111086064,phy_signal_end,5,1,3,2789,8,-107.875945171156,140.875945171156,-0.900945171156323,2.00678109001819e-14,-2.00796035959661,0,0,0,0,0,0,1,accepted
532.964123527005,phy_interval,4,1,3,2789,8,NaN,NaN,NaN,2.00678109001819e-14,-9.4798180731745,NaN,NaN,0,9,NaN,0,0,
532.964123527005,phy_signal_end,4,1,3,2789,8,-120.947516094342,153.947516094342,-13.9725160943423,2.00678109001819e-14,-9.4798180731745,0.0151165618870165,0.0151165618870165,0,9,9,0,0,sync_threshold
532.987012444469,phy_signal_start,4,5,4,2790,8,-109.883905530753,NaN,-2.90890553075294,NaN,NaN,NaN,NaN,NaN,NaN,NaN,0,0,
532.993642444469,phy_interval,4,5,4,2790,8,NaN,NaN,NaN,2.00678109001819e-14,-9.4798180731745,NaN,NaN,0,0,NaN,0,0,
532.993642444469,phy_track,4,5,4,2790,8,NaN,NaN,NaN,NaN,-9.4798180731745,NaN,NaN,NaN,NaN,NaN,0,0,
533.052292444469,phy_interval,4,5,4,2790,8,NaN,NaN,NaN,2.00678109001819e-14,-9.4798180731745,NaN,NaN,0,0,NaN,0,0,
533.052292444469,phy_signal_end,4,5,4,2790,8,-109.883905530753,142.883905530753,-2.90890553075294,2.00678109001819e-14,-9.4798180731745,0,0,0,0,0,0,1,accepted
533.130011086064,phy_signal_start,5,1,3,2791,8,-107.875945171156,NaN,-0.900945171156323,NaN,NaN,NaN,NaN,NaN,NaN,NaN,0,0,
533.130023527005,phy_signal_start,4,1,3,2791,8,-120.947516094342,NaN,-13.9725160943423,NaN,NaN,NaN,NaN,NaN,NaN,NaN,0,0,
533.136641086064,phy_interval,5,1,3,2791,8,NaN,NaN,NaN,2.00678109001819e-14,-2.00796035959661,NaN,NaN,0,0,NaN,0,0,
533.136641086064,phy_track,5,1,3,2791,8,NaN,NaN,NaN,NaN,-2.00796035959661,NaN,NaN,NaN,NaN,NaN,0,0,
533.237111086064,phy_interval,5,1,3,2791,8,NaN,NaN,NaN,2.00678109001819e-14,-2.00796035959661,NaN,NaN,0,0,NaN,0,0,
533.237111086064,phy_signal_end,5,1,3,2791,8,-107.875945171156,140.875945171156,-0.900945171156323,2.00678109001819e-14,-2.00796035959661,0,0,0,0,0,0,1,accepted
533.237123527005,phy_interval,4,1,3,2791,8,NaN,NaN,NaN,2.00678109001819e-14,-9.4798180731745,NaN,NaN,2,8,NaN,0,0,
533.237123527005,phy_signal_end,4,1,3,2791,8,-120.947516094342,153.947516094342,-13.9725160943423,2.00678109001819e-14,-9.4798180731745,0.0151165618870165,0.0151165618870165,2,8,10,0,0,sync_threshold
533.247019162592,phy_signal_start,5,3,1,2792,8,-117.383020596368,NaN,-10.4080205963685,NaN,NaN,NaN,NaN,NaN,NaN,NaN,0,0,
533.253649162592,phy_interval,5,3,1,2792,8,NaN,NaN,NaN,2.00678109001819e-14,-2.00796035959661,NaN,NaN,0,0,NaN,0,0,
533.253649162592,phy_track,5,3,1,2792,8,NaN,NaN,NaN,NaN,-2.00796035959661,NaN,NaN,NaN,NaN,NaN,0,0,
533.299012444469,phy_interval,5,3,1,2792,8,NaN,NaN,NaN,2.00678109001819e-14,-2.00796035959661,NaN,NaN,0,0,NaN,0,0,
533.299012444469,phy_signal_start,5,4,2,2793,8,-109.883905530753,NaN,-2.90890553075294,NaN,NaN,NaN,NaN,NaN,NaN,NaN,0,0,
533.364292444469,phy_interval,5,3,1,2792,8,NaN,NaN,NaN,2.00678109001819e-14,-7.49911506561554,NaN,NaN,0,0,NaN,1,0,
533.364292444469,phy_interval,5,4,2,2793,8,NaN,NaN,NaN,2.00678109001819e-14,-7.49911506561554,NaN,NaN,0,0,NaN,1,0,
533.364292444469,phy_signal_end,5,4,2,2793,8,-109.883905530753,142.883905530753,-2.90890553075294,2.00678109001819e-14,-7.49911506561554,0,0,0,0,0,1,0,not_acquired
533.491819162592,phy_interval,5,3,1,2792,8,NaN,NaN,NaN,2.00678109001819e-14,-7.49911506561554,NaN,NaN,0,0,NaN,1,0,
533.491819162592,phy_signal_end,5,3,1,2792,8,-117.383020596368,150.383020596368,-10.4080205963685,2.00678109001819e-14,-7.49911506561554,0.00010292368387409,0.00010292368387409,0,0,0,1,1,accepted
533.491831604377,phy_signal_end,4,3,1,2792,8,-126.074739474425,159.074739474425,Inf,0,-Inf,0,0,0,0,0,0,0,closure
533.507012444469,phy_signal_start,5,4,2,2795,8,-109.883905530753,NaN,-2.90890553075294,NaN,NaN,NaN,NaN,NaN,NaN,NaN,0,0,
533.507013632365,phy_signal_start,4,2,4,2794,8,-111.467698021168,NaN,-4.49269802116773,NaN,NaN,NaN,NaN,NaN,NaN,NaN,0,0,
533.513642444469,phy_interval,5,4,2,2795,8,NaN,NaN,NaN,2.00678109001819e-14,-7.49911506561554,NaN,NaN,0,0,NaN,0,0,
533.513642444469,phy_track,5,4,2,2795,8,NaN,NaN,NaN,NaN,-7.49911506561554,NaN,NaN,NaN,NaN,NaN,0,0,
533.559019162592,phy_interval,5,4,2,2795,8,NaN,NaN,NaN,2.00678109001819e-14,-7.49911506561554,NaN,NaN,0,0,NaN,0,0,
533.559019162592,phy_signal_start,5,3,1,2796,8,-117.383020596368,NaN,-10.4080205963685,NaN,NaN,NaN,NaN,NaN,NaN,NaN,0,0,
533.572292444469,phy_interval,5,4,2,2795,8,NaN,NaN,NaN,2.00678109001819e-14,-7.49911506561554,NaN,NaN,0,0,NaN,1,0,
533.572292444469,phy_interval,5,3,1,2796,8,NaN,NaN,NaN,2.00678109001819e-14,-7.49911506561554,NaN,NaN,0,0,NaN,1,0,
533.572292444469,phy_signal_end,5,4,2,2795,8,-109.883905530753,142.883905530753,-2.90890553075294,2.00678109001819e-14,-7.49911506561554,0,0,0,0,0,1,1,accepted
533.715012444469,phy_interval,4,2,4,2794,8,NaN,NaN,NaN,2.00678109001819e-14,-9.4798180731745,NaN,NaN,0,0,NaN,0,0,
533.715012444469,phy_signal_start,4,5,1,2797,8,-109.883905530753,NaN,-2.90890553075294,NaN,NaN,NaN,NaN,NaN,NaN,NaN,0,0,
533.721642444469,phy_interval,4,2,4,2794,8,NaN,NaN,NaN,2.00678109001819e-14,-1.58379249041479,NaN,NaN,0,0,NaN,1,0,
533.721642444469,phy_interval,4,5,1,2797,8,NaN,NaN,NaN,2.00678109001819e-14,-1.58379249041479,NaN,NaN,0,0,NaN,1,0,
533.721642444469,phy_track,4,5,1,2797,8,NaN,NaN,NaN,NaN,-1.58379249041479,NaN,NaN,NaN,NaN,NaN,0,0,
533.751813632365,phy_interval,4,2,4,2794,8,NaN,NaN,NaN,2.00678109001819e-14,-1.58379249041479,NaN,NaN,0,0,NaN,1,0,
533.751813632365,phy_interval,4,5,1,2797,8,NaN,NaN,NaN,2.00678109001819e-14,-1.58379249041479,NaN,NaN,0,0,NaN,1,0,
533.751813632365,phy_signal_end,4,2,4,2794,8,-111.467698021168,144.467698021168,-4.49269802116773,2.00678109001819e-14,-1.58379249041479,0,0,0,0,0,1,0,half_duplex
533.751826076559,phy_signal_end,5,2,4,2794,8,-122.734861677906,155.734861677906,Inf,0,-Inf,0,0,0,0,0,0,0,closure
533.803819162592,phy_interval,5,3,1,2796,8,NaN,NaN,NaN,2.00678109001819e-14,-7.49911506561554,NaN,NaN,0,1,NaN,1,0,
533.803819162592,phy_signal_end,5,3,1,2796,8,-117.383020596368,150.383020596368,-10.4080205963685,2.00678109001819e-14,-7.49911506561554,9.44827091734674e-05,9.44827091734674e-05,0,1,1,1,0,half_duplex
533.803831604377,phy_signal_end,4,3,1,2796,8,-126.074739474425,159.074739474425,Inf,0,-Inf,0,0,0,0,0,0,0,closure
533.959812444469,phy_interval,4,5,1,2797,8,NaN,NaN,NaN,2.00678109001819e-14,-1.58379249041479,NaN,NaN,0,0,NaN,1,0,
533.959812444469,phy_signal_end,4,5,1,2797,8,-109.883905530753,142.883905530753,-2.90890553075294,2.00678109001819e-14,-1.58379249041479,0,0,0,0,0,1,1,accepted
533.975012444469,phy_signal_start,5,4,2,2798,8,-109.883905530753,NaN,-2.90890553075294,NaN,NaN,NaN,NaN,NaN,NaN,NaN,0,0,
533.981642444469,phy_interval,5,4,2,2798,8,NaN,NaN,NaN,2.00678109001819e-14,-7.49911506561554,NaN,NaN,0,0,NaN,0,0,
533.981642444469,phy_track,5,4,2,2798,8,NaN,NaN,NaN,NaN,-7.49911506561554,NaN,NaN,NaN,NaN,NaN,0,0,
534.040019162592,phy_interval,5,4,2,2798,8,NaN,NaN,NaN,2.00678109001819e-14,-7.49911506561554,NaN,NaN,0,0,NaN,0,0,
534.040019162592,phy_signal_start,5,3,1,2799,8,-117.383020596368,NaN,-10.4080205963685,NaN,NaN,NaN,NaN,NaN,NaN,NaN,0,0,
534.040292444469,phy_interval,5,4,2,2798,8,NaN,NaN,NaN,2.00678109001819e-14,-7.49911506561554,NaN,NaN,0,0,NaN,1,0,
534.040292444469,phy_interval,5,3,1,2799,8,NaN,NaN,NaN,2.00678109001819e-14,-7.49911506561554,NaN,NaN,0,0,NaN,1,0,
534.040292444469,phy_signal_end,5,4,2,2798,8,-109.883905530753,142.883905530753,-2.90890553075294,2.00678109001819e-14,-7.49911506561554,0,0,0,0,0,1,1,accepted
534.131012444469,phy_signal_start,4,5,1,2800,8,-109.883905530753,NaN,-2.90890553075294,NaN,NaN,NaN,NaN,NaN,NaN,NaN,0,0,
534.137642444469,phy_interval,4,5,1,2800,8,NaN,NaN,NaN,2.00678109001819e-14,-1.58379249041479,NaN,NaN,0,0,NaN,0,0,
534.137642444469,phy_track,4,5,1,2800,8,NaN,NaN,NaN,NaN,-1.58379249041479,NaN,NaN,NaN,NaN,NaN,0,0,
534.284819162592,phy_interval,5,3,1,2799,8,NaN,NaN,NaN,2.00678109001819e-14,-7.49911506561554,NaN,NaN,0,0,NaN,1,0,
534.284819162592,phy_signal_end,5,3,1,2799,8,-117.383020596368,150.383020596368,-10.4080205963685,2.00678109001819e-14,-7.49911506561554,8.28104559521778e-05,8.28104559521778e-05,0,0,0,1,0,half_duplex
534.284831604377,phy_signal_end,4,3,1,2799,8,-126.074739474425,159.074739474425,Inf,0,-Inf,0,0,0,0,0,0,0,closure
534.313011086064,phy_signal_start,5,1,3,2801,8,-107.875945171156,NaN,-0.900945171156323,NaN,NaN,NaN,NaN,NaN,NaN,NaN,0,0,
534.313023527005,phy_interval,4,5,1,2800,8,NaN,NaN,NaN,2.00678109001819e-14,-1.58379249041479,NaN,NaN,0,0,NaN,0,0,
534.313023527005,phy_signal_start,4,1,3,2801,8,-120.947516094342,NaN,-13.9725160943423,NaN,NaN,NaN,NaN,NaN,NaN,NaN,0,0,
534.375812444469,phy_interval,4,5,1,2800,8,NaN,NaN,NaN,2.00678109001819e-14,-11.0636105635893,NaN,NaN,0,0,NaN,1,0,
534.375812444469,phy_interval,4,1,3,2801,8,NaN,NaN,NaN,2.00678109001819e-14,-11.0636105635893,NaN,NaN,3,7,NaN,1,0,
534.375812444469,phy_signal_end,4,5,1,2800,8,-109.883905530753,142.883905530753,-2.90890553075294,2.00678109001819e-14,-11.0636105635893,0,0,0,0,0,1,1,accepted
534.378012444469,phy_interval,5,1,3,2801,8,NaN,NaN,NaN,2.00678109001819e-14,-7.49911506561554,NaN,NaN,0,0,NaN,0,0,
534.378012444469,phy_signal_start,5,4,2,2802,8,-109.883905530753,NaN,-2.90890553075294,NaN,NaN,NaN,NaN,NaN,NaN,NaN,0,0,
534.378291086064,phy_interval,5,1,3,2801,8,NaN,NaN,NaN,2.00678109001819e-14,2.00796035959661,NaN,NaN,0,0,NaN,1,0,
534.378291086064,phy_interval,5,4,2,2802,8,NaN,NaN,NaN,2.00678109001819e-14,2.00796035959661,NaN,NaN,0,0,NaN,1,0,
534.378291086064,phy_signal_end,5,1,3,2801,8,-107.875945171156,140.875945171156,-0.900945171156323,2.00678109001819e-14,2.00796035959661,0,0,0,0,0,1,0,half_duplex
534.378303527005,phy_interval,4,1,3,2801,8,NaN,NaN,NaN,2.00678109001819e-14,-11.0636105635893,NaN,NaN,0,0,NaN,1,0,
534.378303527005,phy_signal_end,4,1,3,2801,8,-120.947516094342,153.947516094342,-13.9725160943423,2.00678109001819e-14,-11.0636105635893,0.0162582459555538,0.0162582459555538,3,7,10,1,0,half_duplex
534.384642444469,phy_interval,5,4,2,2802,8,NaN,NaN,NaN,2.00678109001819e-14,2.00796035959661,NaN,NaN,0,0,NaN,1,0,
534.384642444469,phy_track,5,4,2,2802,8,NaN,NaN,NaN,NaN,2.00796035959661,NaN,NaN,NaN,NaN,NaN,0,0,
534.417019162592,phy_interval,5,4,2,2802,8,NaN,NaN,NaN,2.00678109001819e-14,2.00796035959661,NaN,NaN,0,0,NaN,1,0,
534.417019162592,phy_signal_start,5,3,1,2803,8,-117.383020596368,NaN,-10.4080205963685,NaN,NaN,NaN,NaN,NaN,NaN,NaN,0,0,
534.443292444469,phy_interval,5,4,2,2802,8,NaN,NaN,NaN,2.00678109001819e-14,-7.49911506561554,NaN,NaN,0,0,NaN,2,0,
534.443292444469,phy_interval,5,3,1,2803,8,NaN,NaN,NaN,2.00678109001819e-14,-7.49911506561554,NaN,NaN,0,0,NaN,1,0,
534.443292444469,phy_signal_end,5,4,2,2802,8,-109.883905530753,142.883905530753,-2.90890553075294,2.00678109001819e-14,-7.49911506561554,0,0,0,0,0,2,1,accepted
534.456012444469,phy_signal_start,4,5,1,2804,8,-109.883905530753,NaN,-2.90890553075294,NaN,NaN,NaN,NaN,NaN,NaN,NaN,0,0,
534.462642444469,phy_interval,4,5,1,2804,8,NaN,NaN,NaN,2.00678109001819e-14,-11.0636105635893,NaN,NaN,0,0,NaN,0,0,
534.462642444469,phy_track,4,5,1,2804,8,NaN,NaN,NaN,NaN,-11.0636105635893,NaN,NaN,NaN,NaN,NaN,0,0,
534.661819162592,phy_interval,5,3,1,2803,8,NaN,NaN,NaN,2.00678109001819e-14,-7.49911506561554,NaN,NaN,0,0,NaN,1,0,
534.661819162592,phy_signal_end,5,3,1,2803,8,-117.383020596368,150.383020596368,-10.4080205963685,2.00678109001819e-14,-7.49911506561554,0.0001030885516528,0.0001030885516528,0,0,0,1,0,half_duplex
534.661831604377,phy_signal_end,4,3,1,2803,8,-126.074739474425,159.074739474425,Inf,0,-Inf,0,0,0,0,0,0,0,closure
534.700812444469,phy_interval,4,5,1,2804,8,NaN,NaN,NaN,2.00678109001819e-14,-11.0636105635893,NaN,NaN,0,0,NaN,0,0,
534.700812444469,phy_signal_end,4,5,1,2804,8,-109.883905530753,142.883905530753,-2.90890553075294,2.00678109001819e-14,-11.0636105635893,0,0,0,0,0,0,1,accepted
534.768011086064,phy_signal_start,5,1,3,2805,8,-107.875945171156,NaN,-0.900945171156323,NaN,NaN,NaN,NaN,NaN,NaN,NaN,0,0,
534.768023527005,phy_signal_start,4,1,3,2805,8,-120.947516094342,NaN,-13.9725160943423,NaN,NaN,NaN,NaN,NaN,NaN,NaN,0,0,
534.774641086064,phy_interval,5,1,3,2805,8,NaN,NaN,NaN,2.00678109001819e-14,-7.49911506561554,NaN,NaN,0,0,NaN,0,0,
534.774641086064,phy_track,5,1,3,2805,8,NaN,NaN,NaN,NaN,-7.49911506561554,NaN,NaN,NaN,NaN,NaN,0,0,
534.833291086064,phy_interval,5,1,3,2805,8,NaN,NaN,NaN,2.00678109001819e-14,-7.49911506561554,NaN,NaN,0,0,NaN,0,0,
534.833291086064,phy_signal_end,5,1,3,2805,8,-107.875945171156,140.875945171156,-0.900945171156323,2.00678109001819e-14,-7.49911506561554,0,0,0,0,0,0,1,accepted
534.833303527005,phy_interval,4,1,3,2805,8,NaN,NaN,NaN,2.00678109001819e-14,-11.0636105635893,NaN,NaN,1,4,NaN,0,0,
534.833303527005,phy_signal_end,4,1,3,2805,8,-120.947516094342,153.947516094342,-13.9725160943423,2.00678109001819e-14,-11.0636105635893,0.0151165618870165,0.0151165618870165,1,4,5,0,0,sync_threshold
534.898019162592,phy_signal_start,5,3,1,2806,8,-117.383020596368,NaN,-10.4080205963685,NaN,NaN,NaN,NaN,NaN,NaN,NaN,0,0,
534.904649162592,phy_interval,5,3,1,2806,8,NaN,NaN,NaN,2.00678109001819e-14,-7.49911506561554,NaN,NaN,0,0,NaN,0,0,
534.904649162592,phy_track,5,3,1,2806,8,NaN,NaN,NaN,NaN,-7.49911506561554,NaN,NaN,NaN,NaN,NaN,0,0,
535.002012444469,phy_interval,5,3,1,2806,8,NaN,NaN,NaN,2.00678109001819e-14,-7.49911506561554,NaN,NaN,0,0,NaN,0,0,
535.002012444469,phy_signal_start,5,4,2,2807,8,-109.883905530753,NaN,-2.90890553075294,NaN,NaN,NaN,NaN,NaN,NaN,NaN,0,0,
535.067292444469,phy_interval,5,3,1,2806,8,NaN,NaN,NaN,2.00678109001819e-14,-7.49911506561554,NaN,NaN,0,0,NaN,1,0,
535.067292444469,phy_interval,5,4,2,2807,8,NaN,NaN,NaN,2.00678109001819e-14,-7.49911506561554,NaN,NaN,0,0,NaN,1,0,
535.067292444469,phy_signal_end,5,4,2,2807,8,-109.883905530753,142.883905530753,-2.90890553075294,2.00678109001819e-14,-7.49911506561554,0,0,0,0,0,1,0,not_acquired
535.080013632365,phy_signal_start,4,2,4,2808,8,-111.467698021168,NaN,-4.49269802116773,NaN,NaN,NaN,NaN,NaN,NaN,NaN,0,0,
535.086643632365,phy_interval,4,2,4,2808,8,NaN,NaN,NaN,2.00678109001819e-14,-11.0636105635893,NaN,NaN,0,0,NaN,0,0,
535.086643632365,phy_track,4,2,4,2808,8,NaN,NaN,NaN,NaN,-11.0636105635893,NaN,NaN,NaN,NaN,NaN,0,0,
535.142819162592,phy_interval,5,3,1,2806,8,NaN,NaN,NaN,2.00678109001819e-14,-7.49911506561554,NaN,NaN,0,0,NaN,1,0,
535.142819162592,phy_signal_end,5,3,1,2806,8,-117.383020596368,150.383020596368,-10.4080205963685,2.00678109001819e-14,-7.49911506561554,5.44211221083541e-05,5.44211221083541e-05,0,0,0,1,1,accepted
535.142831604377,phy_signal_end,4,3,1,2806,8,-126.074739474425,159.074739474425,Inf,0,-Inf,0,0,0,0,0,0,0,closure
535.145019162592,phy_signal_start,5,3,1,2809,8,-117.383020596368,NaN,-10.4080205963685,NaN,NaN,NaN,NaN,NaN,NaN,NaN,0,0,
535.151649162592,phy_interval,5,3,1,2809,8,NaN,NaN,NaN,2.00678109001819e-14,-7.49911506561554,NaN,NaN,0,0,NaN,0,0,
535.151649162592,phy_track,5,3,1,2809,8,NaN,NaN,NaN,NaN,-7.49911506561554,NaN,NaN,NaN,NaN,NaN,0,0,
535.324813632365,phy_interval,4,2,4,2808,8,NaN,NaN,NaN,2.00678109001819e-14,-11.0636105635893,NaN,NaN,0,0,NaN,0,0,
535.324813632365,phy_signal_end,4,2,4,2808,8,-111.467698021168,144.467698021168,-4.49269802116773,2.00678109001819e-14,-11.0636105635893,0,0,0,0,0,0,1,accepted
535.324826076559,phy_signal_end,5,2,4,2808,8,-122.734861677906,155.734861677906,Inf,0,-Inf,0,0,0,0,0,0,0,closure
535.340012444469,phy_interval,5,3,1,2809,8,NaN,NaN,NaN,2.00678109001819e-14,-7.49911506561554,NaN,NaN,0,0,NaN,0,0,
535.340012444469,phy_signal_start,5,4,2,2810,8,-109.883905530753,NaN,-2.90890553075294,NaN,NaN,NaN,NaN,NaN,NaN,NaN,0,0,
535.389819162592,phy_interval,5,3,1,2809,8,NaN,NaN,NaN,2.00678109001819e-14,-7.49911506561554,NaN,NaN,0,0,NaN,1,0,
535.389819162592,phy_interval,5,4,2,2810,8,NaN,NaN,NaN,2.00678109001819e-14,-7.49911506561554,NaN,NaN,0,0,NaN,1,0,
535.389819162592,phy_signal_end,5,3,1,2809,8,-117.383020596368,150.383020596368,-10.4080205963685,2.00678109001819e-14,-7.49911506561554,8.80695441799548e-05,8.80695441799548e-05,0,0,0,1,1,accepted
535.389831604377,phy_signal_end,4,3,1,2809,8,-126.074739474425,159.074739474425,Inf,0,-Inf,0,0,0,0,0,0,0,closure
535.405292444469,phy_interval,5,4,2,2810,8,NaN,NaN,NaN,2.00678109001819e-14,-7.49911506561554,NaN,NaN,0,0,NaN,1,0,
535.405292444469,phy_signal_end,5,4,2,2810,8,-109.883905530753,142.883905530753,-2.90890553075294,2.00678109001819e-14,-7.49911506561554,0,0,0,0,0,1,0,not_acquired
535.431012444469,phy_signal_start,4,5,1,2811,8,-109.883905530753,NaN,-2.90890553075294,NaN,NaN,NaN,NaN,NaN,NaN,NaN,0,0,
535.437642444469,phy_interval,4,5,1,2811,8,NaN,NaN,NaN,2.00678109001819e-14,-11.0636105635893,NaN,NaN,0,0,NaN,0,0,
535.437642444469,phy_track,4,5,1,2811,8,NaN,NaN,NaN,NaN,-11.0636105635893,NaN,NaN,NaN,NaN,NaN,0,0,
535.675812444469,phy_interval,4,5,1,2811,8,NaN,NaN,NaN,2.00678109001819e-14,-11.0636105635893,NaN,NaN,0,0,NaN,0,0,
535.675812444469,phy_signal_end,4,5,1,2811,8,-109.883905530753,142.883905530753,-2.90890553075294,2.00678109001819e-14,-11.0636105635893,0,0,0,0,0,0,1,accepted
535.678013632365,phy_signal_start,4,2,4,2812,8,-111.467698021168,NaN,-4.49269802116773,NaN,NaN,NaN,NaN,NaN,NaN,NaN,0,0,
535.684643632365,phy_interval,4,2,4,2812,8,NaN,NaN,NaN,2.00678109001819e-14,-11.0636105635893,NaN,NaN,0,0,NaN,0,0,
535.684643632365,phy_track,4,2,4,2812,8,NaN,NaN,NaN,NaN,-11.0636105635893,NaN,NaN,NaN,NaN,NaN,0,0,
535.717011086064,phy_signal_start,5,1,3,2813,8,-107.875945171156,NaN,-0.900945171156323,NaN,NaN,NaN,NaN,NaN,NaN,NaN,0,0,
535.717023527005,phy_interval,4,2,4,2812,8,NaN,NaN,NaN,2.00678109001819e-14,-11.0636105635893,NaN,NaN,0,0,NaN,0,0,
535.717023527005,phy_signal_start,4,1,3,2813,8,-120.947516094342,NaN,-13.9725160943423,NaN,NaN,NaN,NaN,NaN,NaN,NaN,0,0,
535.723641086064,phy_interval,5,1,3,2813,8,NaN,NaN,NaN,2.00678109001819e-14,-7.49911506561554,NaN,NaN,0,0,NaN,0,0,
535.723641086064,phy_track,5,1,3,2813,8,NaN,NaN,NaN,NaN,-7.49911506561554,NaN,NaN,NaN,NaN,NaN,0,0,
535.824111086064,phy_interval,5,1,3,2813,8,NaN,NaN,NaN,2.00678109001819e-14,-7.49911506561554,NaN,NaN,0,0,NaN,0,0,
535.824111086064,phy_signal_end,5,1,3,2813,8,-107.875945171156,140.875945171156,-0.900945171156323,2.00678109001819e-14,-7.49911506561554,0,0,0,0,0,0,1,accepted
535.824123527005,phy_interval,4,2,4,2812,8,NaN,NaN,NaN,2.00678109001819e-14,-9.4798180731745,NaN,NaN,0,0,NaN,1,0,
535.824123527005,phy_interval,4,1,3,2813,8,NaN,NaN,NaN,2.00678109001819e-14,-9.4798180731745,NaN,NaN,0,10,NaN,1,0,
535.824123527005,phy_signal_end,4,1,3,2813,8,-120.947516094342,153.947516094342,-13.9725160943423,2.00678109001819e-14,-9.4798180731745,0.0163414918796323,0.0163414918796323,0,10,10,1,0,sync_threshold
535.847019162592,phy_signal_start,5,3,1,2814,8,-117.383020596368,NaN,-10.4080205963685,NaN,NaN,NaN,NaN,NaN,NaN,NaN,0,0,
535.853649162592,phy_interval,5,3,1,2814,8,NaN,NaN,NaN,2.00678109001819e-14,-7.49911506561554,NaN,NaN,0,0,NaN,0,0,
535.853649162592,phy_track,5,3,1,2814,8,NaN,NaN,NaN,NaN,-7.49911506561554,NaN,NaN,NaN,NaN,NaN,0,0,
535.922813632365,phy_interval,4,2,4,2812,8,NaN,NaN,NaN,2.00678109001819e-14,-9.4798180731745,NaN,NaN,0,0,NaN,1,0,
535.922813632365,phy_signal_end,4,2,4,2812,8,-111.467698021168,144.467698021168,-4.49269802116773,2.00678109001819e-14,-9.4798180731745,0,0,0,0,0,1,1,accepted
535.922826076559,phy_signal_end,5,2,4,2812,8,-122.734861677906,155.734861677906,Inf,0,-Inf,0,0,0,0,0,0,0,closure
536.091819162592,phy_interval,5,3,1,2814,8,NaN,NaN,NaN,2.00678109001819e-14,-7.49911506561554,NaN,NaN,0,0,NaN,0,0,
536.091819162592,phy_signal_end,5,3,1,2814,8,-117.383020596368,150.383020596368,-10.4080205963685,2.00678109001819e-14,-7.49911506561554,3.40962752323828e-05,3.40962752323828e-05,0,0,0,0,1,accepted
536.091831604377,phy_signal_end,4,3,1,2814,8,-126.074739474425,159.074739474425,Inf,0,-Inf,0,0,0,0,0,0,0,closure
536.133013632365,phy_signal_start,4,2,4,2815,8,-111.467698021168,NaN,-4.49269802116773,NaN,NaN,NaN,NaN,NaN,NaN,NaN,0,0,
536.139643632365,phy_interval,4,2,4,2815,8,NaN,NaN,NaN,2.00678109001819e-14,-9.4798180731745,NaN,NaN,0,0,NaN,0,0,
536.139643632365,phy_track,4,2,4,2815,8,NaN,NaN,NaN,NaN,-9.4798180731745,NaN,NaN,NaN,NaN,NaN,0,0,
536.211011086064,phy_signal_start,5,1,3,2816,8,-107.875945171156,NaN,-0.900945171156323,NaN,NaN,NaN,NaN,NaN,NaN,NaN,0,0,
536.211023527005,phy_interval,4,2,4,2815,8,NaN,NaN,NaN,2.00678109001819e-14,-9.4798180731745,NaN,NaN,0,0,NaN,0,0,
536.211023527005,phy_signal_start,4,1,3,2816,8,-120.947516094342,NaN,-13.9725160943423,NaN,NaN,NaN,NaN,NaN,NaN,NaN,0,0,
536.217641086064,phy_interval,5,1,3,2816,8,NaN,NaN,NaN,2.00678109001819e-14,-7.49911506561554,NaN,NaN,0,0,NaN,0,0,
536.217641086064,phy_track,5,1,3,2816,8,NaN,NaN,NaN,NaN,-7.49911506561554,NaN,NaN,NaN,NaN,NaN,0,0,
536.318111086064,phy_interval,5,1,3,2816,8,NaN,NaN,NaN,2.00678109001819e-14,-7.49911506561554,NaN,NaN,0,0,NaN,0,0,
536.318111086064,phy_signal_end,5,1,3,2816,8,-107.875945171156,140.875945171156,-0.900945171156323,2.00678109001819e-14,-7.49911506561554,0,0,0,0,0,0,1,accepted
536.318123527005,phy_interval,4,2,4,2815,8,NaN,NaN,NaN,2.00678109001819e-14,-9.4798180731745,NaN,NaN,0,0,NaN,1,0,
536.318123527005,phy_interval,4,1,3,2816,8,NaN,NaN,NaN,2.00678109001819e-14,-9.4798180731745,NaN,NaN,2,12,NaN,1,0,
536.318123527005,phy_signal_end,4,1,3,2816,8,-120.947516094342,153.947516094342,-13.9725160943423,2.00678109001819e-14,-9.4798180731745,0.0173875677886077,0.0173875677886077,2,12,14,1,0,sync_threshold
536.377813632365,phy_interval,4,2,4,2815,8,NaN,NaN,NaN,2.00678109001819e-14,-9.4798180731745,NaN,NaN,0,0,NaN,1,0,
536.377813632365,phy_signal_end,4,2,4,2815,8,-111.467698021168,144.467698021168,-4.49269802116773,2.00678109001819e-14,-9.4798180731745,0,0,0,0,0,1,1,accepted
536.377826076559,phy_signal_end,5,2,4,2815,8,-122.734861677906,155.734861677906,Inf,0,-Inf,0,0,0,0,0,0,0,closure
536.419012444469,phy_signal_start,4,5,1,2817,8,-109.883905530753,NaN,-2.90890553075294,NaN,NaN,NaN,NaN,NaN,NaN,NaN,0,0,
536.425642444469,phy_interval,4,5,1,2817,8,NaN,NaN,NaN,2.00678109001819e-14,-9.4798180731745,NaN,NaN,0,0,NaN,0,0,
536.425642444469,phy_track,4,5,1,2817,8,NaN,NaN,NaN,NaN,-9.4798180731745,NaN,NaN,NaN,NaN,NaN,0,0,
536.536013632365,phy_interval,4,5,1,2817,8,NaN,NaN,NaN,2.00678109001819e-14,-9.4798180731745,NaN,NaN,0,0,NaN,0,0,
536.536013632365,phy_signal_start,4,2,4,2818,8,-111.467698021168,NaN,-4.49269802116773,NaN,NaN,NaN,NaN,NaN,NaN,NaN,0,0,
536.663812444469,phy_interval,4,5,1,2817,8,NaN,NaN,NaN,2.00678109001819e-14,-1.58379249041479,NaN,NaN,0,0,NaN,1,0,
536.663812444469,phy_interval,4,2,4,2818,8,NaN,NaN,NaN,2.00678109001819e-14,-1.58379249041479,NaN,NaN,0,0,NaN,1,0,
536.663812444469,phy_signal_end,4,5,1,2817,8,-109.883905530753,142.883905530753,-2.90890553075294,2.00678109001819e-14,-1.58379249041479,0,0,0,0,0,1,1,accepted
536.731019162592,phy_signal_start,5,3,1,2819,8,-117.383020596368,NaN,-10.4080205963685,NaN,NaN,NaN,NaN,NaN,NaN,NaN,0,0,
536.737649162592,phy_interval,5,3,1,2819,8,NaN,NaN,NaN,2.00678109001819e-14,-7.49911506561554,NaN,NaN,0,0,NaN,0,0,
536.737649162592,phy_track,5,3,1,2819,8,NaN,NaN,NaN,NaN,-7.49911506561554,NaN,NaN,NaN,NaN,NaN,0,0,
536.757012444469,phy_interval,5,3,1,2819,8,NaN,NaN,NaN,2.00678109001819e-14,-7.49911506561554,NaN,NaN,0,0,NaN,0,0,
536.757012444469,phy_signal_start,5,4,2,2820,8,-109.883905530753,NaN,-2.90890553075294,NaN,NaN,NaN,NaN,NaN,NaN,NaN,0,0,
536.780813632365,phy_interval,4,2,4,2818,8,NaN,NaN,NaN,2.00678109001819e-14,-1.58379249041479,NaN,NaN,0,0,NaN,1,0,
536.780813632365,phy_signal_end,4,2,4,2818,8,-111.467698021168,144.467698021168,-4.49269802116773,2.00678109001819e-14,-1.58379249041479,0,0,0,0,0,1,0,half_duplex
536.780826076559,phy_signal_end,5,2,4,2818,8,-122.734861677906,155.734861677906,Inf,0,-Inf,0,0,0,0,0,0,0,closure
536.822292444469,phy_interval,5,3,1,2819,8,NaN,NaN,NaN,2.00678109001819e-14,-7.49911506561554,NaN,NaN,0,0,NaN,1,0,
536.822292444469,phy_interval,5,4,2,2820,8,NaN,NaN,NaN,2.00678109001819e-14,-7.49911506561554,NaN,NaN,0,0,NaN,1,0,
536.822292444469,phy_signal_end,5,4,2,2820,8,-109.883905530753,142.883905530753,-2.90890553075294,2.00678109001819e-14,-7.49911506561554,0,0,0,0,0,1,0,not_acquired
536.975819162592,phy_interval,5,3,1,2819,8,NaN,NaN,NaN,2.00678109001819e-14,-7.49911506561554,NaN,NaN,0,0,NaN,1,0,
536.975819162592,phy_signal_end,5,3,1,2819,8,-117.383020596368,150.383020596368,-10.4080205963685,2.00678109001819e-14,-7.49911506561554,7.80953647657354e-05,7.80953647657354e-05,0,0,0,1,1,accepted
536.975831604377,phy_signal_end,4,3,1,2819,8,-126.074739474425,159.074739474425,Inf,0,-Inf,0,0,0,0,0,0,0,closure
537.030013632365,phy_signal_start,4,2,4,2821,8,-111.467698021168,NaN,-4.49269802116773,NaN,NaN,NaN,NaN,NaN,NaN,NaN,0,0,
537.030019162592,phy_signal_start,5,3,1,2822,8,-117.383020596368,NaN,-10.4080205963685,NaN,NaN,NaN,NaN,NaN,NaN,NaN,0,0,
537.036643632365,phy_interval,4,2,4,2821,8,NaN,NaN,NaN,2.00678109001819e-14,-1.58379249041479,NaN,NaN,0,0,NaN,0,0,
537.036643632365,phy_track,4,2,4,2821,8,NaN,NaN,NaN,NaN,-1.58379249041479,NaN,NaN,NaN,NaN,NaN,0,0,
537.036649162592,phy_interval,5,3,1,2822,8,NaN,NaN,NaN,2.00678109001819e-14,-7.49911506561554,NaN,NaN,0,0,NaN,0,0,
537.036649162592,phy_track,5,3,1,2822,8,NaN,NaN,NaN,NaN,-7.49911506561554,NaN,NaN,NaN,NaN,NaN,0,0,
537.274813632365,phy_interval,4,2,4,2821,8,NaN,NaN,NaN,2.00678109001819e-14,-1.58379249041479,NaN,NaN,0,0,NaN,0,0,
537.274813632365,phy_signal_end,4,2,4,2821,8,-111.467698021168,144.467698021168,-4.49269802116773,2.00678109001819e-14,-1.58379249041479,0,0,0,0,0,0,1,accepted
537.274819162592,phy_interval,5,3,1,2822,8,NaN,NaN,NaN,2.00678109001819e-14,-7.49911506561554,NaN,NaN,0,0,NaN,0,0,
537.274819162592,phy_signal_end,5,3,1,2822,8,-117.383020596368,150.383020596368,-10.4080205963685,2.00678109001819e-14,-7.49911506561554,3.40962752323828e-05,3.40962752323828e-05,0,0,0,0,1,accepted
537.274826076559,phy_signal_end,5,2,4,2821,8,-122.734861677906,155.734861677906,Inf,0,-Inf,0,0,0,0,0,0,0,closure
537.274831604377,phy_signal_end,4,3,1,2822,8,-126.074739474425,159.074739474425,Inf,0,-Inf,0,0,0,0,0,0,0,closure
537.303012444469,phy_signal_start,5,4,2,2824,8,-109.883905530753,NaN,-2.90890553075294,NaN,NaN,NaN,NaN,NaN,NaN,NaN,0,0,
537.303019162592,phy_interval,5,4,2,2824,8,NaN,NaN,NaN,2.00678109001819e-14,-7.49911506561554,NaN,NaN,0,0,NaN,0,0,
537.303019162592,phy_signal_start,5,3,1,2823,8,-117.383020596368,NaN,-10.4080205963685,NaN,NaN,NaN,NaN,NaN,NaN,NaN,0,0,
537.309642444469,phy_interval,5,4,2,2824,8,NaN,NaN,NaN,2.00678109001819e-14,-7.49911506561554,NaN,NaN,0,0,NaN,1,0,
537.309642444469,phy_interval,5,3,1,2823,8,NaN,NaN,NaN,2.00678109001819e-14,-7.49911506561554,NaN,NaN,0,0,NaN,1,0,
537.309642444469,phy_track,5,4,2,2824,8,NaN,NaN,NaN,NaN,-7.49911506561554,NaN,NaN,NaN,NaN,NaN,0,0,
537.368292444469,phy_interval,5,4,2,2824,8,NaN,NaN,NaN,2.00678109001819e-14,-7.49911506561554,NaN,NaN,0,0,NaN,1,0,
537.368292444469,phy_interval,5,3,1,2823,8,NaN,NaN,NaN,2.00678109001819e-14,-7.49911506561554,NaN,NaN,0,0,NaN,1,0,
537.368292444469,phy_signal_end,5,4,2,2824,8,-109.883905530753,142.883905530753,-2.90890553075294,2.00678109001819e-14,-7.49911506561554,0,0,0,0,0,1,1,accepted
537.547819162592,phy_interval,5,3,1,2823,8,NaN,NaN,NaN,2.00678109001819e-14,-7.49911506561554,NaN,NaN,0,0,NaN,1,0,
537.547819162592,phy_signal_end,5,3,1,2823,8,-117.383020596368,150.383020596368,-10.4080205963685,2.00678109001819e-14,-7.49911506561554,8.31401925095986e-05,8.31401925095986e-05,0,0,0,1,0,not_acquired
537.547831604377,phy_signal_end,4,3,1,2823,8,-126.074739474425,159.074739474425,Inf,0,-Inf,0,0,0,0,0,0,0,closure
537.550011086064,phy_signal_start,5,1,3,2825,8,-107.875945171156,NaN,-0.900945171156323,NaN,NaN,NaN,NaN,NaN,NaN,NaN,0,0,
537.550023527005,phy_signal_start,4,1,3,2825,8,-120.947516094342,NaN,-13.9725160943423,NaN,NaN,NaN,NaN,NaN,NaN,NaN,0,0,
537.556641086064,phy_interval,5,1,3,2825,8,NaN,NaN,NaN,2.00678109001819e-14,-7.49911506561554,NaN,NaN,0,0,NaN,0,0,
537.556641086064,phy_track,5,1,3,2825,8,NaN,NaN,NaN,NaN,-7.49911506561554,NaN,NaN,NaN,NaN,NaN,0,0,
537.657111086064,phy_interval,5,1,3,2825,8,NaN,NaN,NaN,2.00678109001819e-14,-7.49911506561554,NaN,NaN,0,0,NaN,0,0,
537.657111086064,phy_signal_end,5,1,3,2825,8,-107.875945171156,140.875945171156,-0.900945171156323,2.00678109001819e-14,-7.49911506561554,0,0,0,0,0,0,1,accepted
537.657123527005,phy_interval,4,1,3,2825,8,NaN,NaN,NaN,2.00678109001819e-14,-1.58379249041479,NaN,NaN,0,12,NaN,0,0,
537.657123527005,phy_signal_end,4,1,3,2825,8,-120.947516094342,153.947516094342,-13.9725160943423,2.00678109001819e-14,-1.58379249041479,0.0151165618870165,0.0151165618870165,0,12,12,0,0,sync_threshold
537.667012444469,phy_signal_start,5,4,2,2826,8,-109.883905530753,NaN,-2.90890553075294,NaN,NaN,NaN,NaN,NaN,NaN,NaN,0,0,
537.673642444469,phy_interval,5,4,2,2826,8,NaN,NaN,NaN,2.00678109001819e-14,-7.49911506561554,NaN,NaN,0,0,NaN,0,0,
537.673642444469,phy_track,5,4,2,2826,8,NaN,NaN,NaN,NaN,-7.49911506561554,NaN,NaN,NaN,NaN,NaN,0,0,
537.732011086064,phy_interval,5,4,2,2826,8,NaN,NaN,NaN,2.00678109001819e-14,-7.49911506561554,NaN,NaN,0,0,NaN,0,0,
537.732011086064,phy_signal_start,5,1,3,2827,8,-107.875945171156,NaN,-0.900945171156323,NaN,NaN,NaN,NaN,NaN,NaN,NaN,0,0,
537.732023527005,phy_signal_start,4,1,3,2827,8,-120.947516094342,NaN,-13.9725160943423,NaN,NaN,NaN,NaN,NaN,NaN,NaN,0,0,
537.732292444469,phy_interval,5,4,2,2826,8,NaN,NaN,NaN,2.00678109001819e-14,-2.00796035959661,NaN,NaN,0,0,NaN,1,0,
537.732292444469,phy_interval,5,1,3,2827,8,NaN,NaN,NaN,2.00678109001819e-14,-2.00796035959661,NaN,NaN,0,0,NaN,1,0,
537.732292444469,phy_signal_end,5,4,2,2826,8,-109.883905530753,142.883905530753,-2.90890553075294,2.00678109001819e-14,-2.00796035959661,0,0,0,0,0,1,1,accepted
537.738922444469,phy_interval,5,1,3,2827,8,NaN,NaN,NaN,2.00678109001819e-14,-2.00796035959661,NaN,NaN,0,0,NaN,1,0,
537.738922444469,phy_track,5,1,3,2827,8,NaN,NaN,NaN,NaN,-2.00796035959661,NaN,NaN,NaN,NaN,NaN,0,0,
537.784013632365,phy_interval,4,1,3,2827,8,NaN,NaN,NaN,2.00678109001819e-14,-1.58379249041479,NaN,NaN,2,3,NaN,0,0,
537.784013632365,phy_signal_start,4,2,4,2828,8,-111.467698021168,NaN,-4.49269802116773,NaN,NaN,NaN,NaN,NaN,NaN,NaN,0,0,
537.790643632365,phy_interval,4,1,3,2827,8,NaN,NaN,NaN,2.00678109001819e-14,-9.4798180731745,NaN,NaN,0,3,NaN,1,0,
537.790643632365,phy_interval,4,2,4,2828,8,NaN,NaN,NaN,2.00678109001819e-14,-9.4798180731745,NaN,NaN,0,0,NaN,1,0,
537.790643632365,phy_track,4,2,4,2828,8,NaN,NaN,NaN,NaN,-9.4798180731745,NaN,NaN,NaN,NaN,NaN,0,0,
537.839111086064,phy_interval,5,1,3,2827,8,NaN,NaN,NaN,2.00678109001819e-14,-2.00796035959661,NaN,NaN,0,0,NaN,1,0,
537.839111086064,phy_signal_end,5,1,3,2827,8,-107.875945171156,140.875945171156,-0.900945171156323,2.00678109001819e-14,-2.00796035959661,0,0,0,0,0,1,1,accepted
537.839123527005,phy_interval,4,1,3,2827,8,NaN,NaN,NaN,2.00678109001819e-14,-9.4798180731745,NaN,NaN,0,5,NaN,1,0,
537.839123527005,phy_interval,4,2,4,2828,8,NaN,NaN,NaN,2.00678109001819e-14,-9.4798180731745,NaN,NaN,0,0,NaN,1,0,
537.839123527005,phy_signal_end,4,1,3,2827,8,-120.947516094342,153.947516094342,-13.9725160943423,2.00678109001819e-14,-9.4798180731745,0.0164826364919609,0.0164826364919609,2,11,13,1,0,half_duplex
537.862012444469,phy_interval,4,2,4,2828,8,NaN,NaN,NaN,2.00678109001819e-14,-9.4798180731745,NaN,NaN,0,0,NaN,1,0,
537.862012444469,phy_signal_start,4,5,1,2829,8,-109.883905530753,NaN,-2.90890553075294,NaN,NaN,NaN,NaN,NaN,NaN,NaN,0,0,
537.888019162592,phy_signal_start,5,3,1,2830,8,-117.383020596368,NaN,-10.4080205963685,NaN,NaN,NaN,NaN,NaN,NaN,NaN,0,0,
538.028813632365,phy_interval,4,2,4,2828,8,NaN,NaN,NaN,2.00678109001819e-14,-1.58379249041479,NaN,NaN,0,0,NaN,2,0,
538.028813632365,phy_interval,4,5,1,2829,8,NaN,NaN,NaN,2.00678109001819e-14,-1.58379249041479,NaN,NaN,0,0,NaN,1,0,
538.028813632365,phy_signal_end,4,2,4,2828,8,-111.467698021168,144.467698021168,-4.49269802116773,2.00678109001819e-14,-1.58379249041479,0,0,0,0,0,2,1,accepted
538.028826076559,phy_signal_end,5,2,4,2828,8,-122.734861677906,155.734861677906,Inf,0,-Inf,0,0,0,0,0,0,0,closure
538.106812444469,phy_interval,4,5,1,2829,8,NaN,NaN,NaN,2.00678109001819e-14,-1.58379249041479,NaN,NaN,0,0,NaN,1,0,
538.106812444469,phy_signal_end,4,5,1,2829,8,-109.883905530753,142.883905530753,-2.90890553075294,2.00678109001819e-14,-1.58379249041479,0,0,0,0,0,1,0,not_acquired
538.132819162592,phy_interval,5,3,1,2830,8,NaN,NaN,NaN,2.00678109001819e-14,-2.00796035959661,NaN,NaN,0,0,NaN,0,0,
538.132819162592,phy_signal_end,5,3,1,2830,8,-117.383020596368,150.383020596368,-10.4080205963685,2.00678109001819e-14,-2.00796035959661,3.40962752323828e-05,3.40962752323828e-05,0,0,0,0,0,half_duplex
538.132831604377,phy_signal_end,4,3,1,2830,8,-126.074739474425,159.074739474425,Inf,0,-Inf,0,0,0,0,0,0,0,closure
538.200012444469,phy_signal_start,5,4,2,2832,8,-109.883905530753,NaN,-2.90890553075294,NaN,NaN,NaN,NaN,NaN,NaN,NaN,0,0,
538.206642444469,phy_interval,5,4,2,2832,8,NaN,NaN,NaN,2.00678109001819e-14,-2.00796035959661,NaN,NaN,0,0,NaN,0,0,
538.206642444469,phy_track,5,4,2,2832,8,NaN,NaN,NaN,NaN,-2.00796035959661,NaN,NaN,NaN,NaN,NaN,0,0,
538.236841417929,phy_signal_end,4,7,8,2831,8,-130.772385180464,163.772385180464,Inf,0,-Inf,0,0,0,0,0,0,0,closure
538.236853861667,phy_signal_end,5,7,8,2831,8,-135.336041661606,168.336041661606,Inf,0,-Inf,0,0,0,0,0,0,0,closure
538.239019162592,phy_interval,5,4,2,2832,8,NaN,NaN,NaN,2.00678109001819e-14,-2.00796035959661,NaN,NaN,0,0,NaN,0,0,
538.239019162592,phy_signal_start,5,3,1,2833,8,-117.383020596368,NaN,-10.4080205963685,NaN,NaN,NaN,NaN,NaN,NaN,NaN,0,0,
538.265292444469,phy_interval,5,4,2,2832,8,NaN,NaN,NaN,2.00678109001819e-14,-7.49911506561554,NaN,NaN,0,0,NaN,1,0,
538.265292444469,phy_interval,5,3,1,2833,8,NaN,NaN,NaN,2.00678109001819e-14,-7.49911506561554,NaN,NaN,0,0,NaN,1,0,
538.265292444469,phy_signal_end,5,4,2,2832,8,-109.883905530753,142.883905530753,-2.90890553075294,2.00678109001819e-14,-7.49911506561554,0,0,0,0,0,1,1,accepted
538.317013632365,phy_signal_start,4,2,4,2834,8,-111.467698021168,NaN,-4.49269802116773,NaN,NaN,NaN,NaN,NaN,NaN,NaN,0,0,
538.323643632365,phy_interval,4,2,4,2834,8,NaN,NaN,NaN,2.00678109001819e-14,-1.58379249041479,NaN,NaN,0,0,NaN,0,0,
538.323643632365,phy_track,4,2,4,2834,8,NaN,NaN,NaN,NaN,-1.58379249041479,NaN,NaN,NaN,NaN,NaN,0,0,
538.382012444469,phy_interval,4,2,4,2834,8,NaN,NaN,NaN,2.00678109001819e-14,-1.58379249041479,NaN,NaN,0,0,NaN,0,0,
538.382012444469,phy_signal_start,4,5,1,2836,8,-109.883905530753,NaN,-2.90890553075294,NaN,NaN,NaN,NaN,NaN,NaN,NaN,0,0,
538.483819162592,phy_interval,5,3,1,2833,8,NaN,NaN,NaN,2.00678109001819e-14,-7.49911506561554,NaN,NaN,0,0,NaN,1,0,
538.483819162592,phy_signal_end,5,3,1,2833,8,-117.383020596368,150.383020596368,-10.4080205963685,2.00678109001819e-14,-7.49911506561554,0.0001030885516528,0.0001030885516528,0,0,0,1,0,half_duplex
538.483831604377,phy_signal_end,4,3,1,2833,8,-126.074739474425,159.074739474425,Inf,0,-Inf,0,0,0,0,0,0,0,closure
538.561813632365,phy_interval,4,2,4,2834,8,NaN,NaN,NaN,2.00678109001819e-14,-1.58379249041479,NaN,NaN,0,0,NaN,1,0,
538.561813632365,phy_interval,4,5,1,2836,8,NaN,NaN,NaN,2.00678109001819e-14,-1.58379249041479,NaN,NaN,0,0,NaN,1,0,
538.561813632365,phy_signal_end,4,2,4,2834,8,-111.467698021168,144.467698021168,-4.49269802116773,2.00678109001819e-14,-1.58379249041479,0,0,0,0,0,1,1,accepted
538.561826076559,phy_signal_end,5,2,4,2834,8,-122.734861677906,155.734861677906,Inf,0,-Inf,0,0,0,0,0,0,0,closure
538.561841417929,phy_signal_end,4,7,8,2835,8,-130.772385180464,163.772385180464,Inf,0,-Inf,0,0,0,0,0,0,0,closure
538.561853861667,phy_signal_end,5,7,8,2835,8,-135.336041661606,168.336041661606,Inf,0,-Inf,0,0,0,0,0,0,0,closure
538.603011086064,phy_signal_start,5,1,3,2837,8,-107.875945171156,NaN,-0.900945171156323,NaN,NaN,NaN,NaN,NaN,NaN,NaN,0,0,
538.603023527005,phy_interval,4,5,1,2836,8,NaN,NaN,NaN,2.00678109001819e-14,-1.58379249041479,NaN,NaN,0,0,NaN,1,0,
538.603023527005,phy_signal_start,4,1,3,2837,8,-120.947516094342,NaN,-13.9725160943423,NaN,NaN,NaN,NaN,NaN,NaN,NaN,0,0,
538.626812444469,phy_interval,4,5,1,2836,8,NaN,NaN,NaN,2.00678109001819e-14,11.0636105635893,NaN,NaN,0,0,NaN,2,0,
538.626812444469,phy_interval,4,1,3,2837,8,NaN,NaN,NaN,2.00678109001819e-14,11.0636105635893,NaN,NaN,0,0,NaN,1,0,
538.626812444469,phy_signal_end,4,5,1,2836,8,-109.883905530753,142.883905530753,-2.90890553075294,2.00678109001819e-14,11.0636105635893,0,0,0,0,0,2,0,not_acquired
538.642012444469,phy_interval,4,1,3,2837,8,NaN,NaN,NaN,2.00678109001819e-14,11.0636105635893,NaN,NaN,0,2,NaN,1,0,
538.642012444469,phy_signal_start,4,5,1,2838,8,-109.883905530753,NaN,-2.90890553075294,NaN,NaN,NaN,NaN,NaN,NaN,NaN,0,0,
538.648642444469,phy_interval,4,1,3,2837,8,NaN,NaN,NaN,2.00678109001819e-14,-11.0636105635893,NaN,NaN,0,0,NaN,2,0,
538.648642444469,phy_interval,4,5,1,2838,8,NaN,NaN,NaN,2.00678109001819e-14,-11.0636105635893,NaN,NaN,0,0,NaN,1,0,
538.648642444469,phy_track,4,5,1,2838,8,NaN,NaN,NaN,NaN,-11.0636105635893,NaN,NaN,NaN,NaN,NaN,0,0,
538.710111086064,phy_interval,5,1,3,2837,8,NaN,NaN,NaN,2.00678109001819e-14,-7.49911506561554,NaN,NaN,0,0,NaN,0,0,
538.710111086064,phy_signal_end,5,1,3,2837,8,-107.875945171156,140.875945171156,-0.900945171156323,2.00678109001819e-14,-7.49911506561554,0,0,0,0,0,0,0,half_duplex
538.710123527005,phy_interval,4,1,3,2837,8,NaN,NaN,NaN,2.00678109001819e-14,-11.0636105635893,NaN,NaN,0,11,NaN,2,0,
538.710123527005,phy_interval,4,5,1,2838,8,NaN,NaN,NaN,2.00678109001819e-14,-11.0636105635893,NaN,NaN,0,0,NaN,1,0,
538.710123527005,phy_signal_end,4,1,3,2837,8,-120.947516094342,153.947516094342,-13.9725160943423,2.00678109001819e-14,-11.0636105635893,0.0165408163062135,0.0165408163062135,0,13,13,2,0,sync_threshold
538.759308977105,phy_signal_end,4,8,7,2839,8,-124.567050032692,157.567050032692,Inf,0,-Inf,0,0,0,0,0,0,0,closure
538.759321420289,phy_signal_end,5,8,7,2839,8,-130.773375084599,163.773375084599,Inf,0,-Inf,0,0,0,0,0,0,0,closure
538.772011086064,phy_signal_start,5,1,3,2840,8,-107.875945171156,NaN,-0.900945171156323,NaN,NaN,NaN,NaN,NaN,NaN,NaN,0,0,
538.772023527005,phy_interval,4,5,1,2838,8,NaN,NaN,NaN,2.00678109001819e-14,-11.0636105635893,NaN,NaN,0,0,NaN,1,0,
538.772023527005,phy_signal_start,4,1,3,2840,8,-120.947516094342,NaN,-13.9725160943423,NaN,NaN,NaN,NaN,NaN,NaN,NaN,0,0,
538.879111086064,phy_interval,5,1,3,2840,8,NaN,NaN,NaN,2.00678109001819e-14,-7.49911506561554,NaN,NaN,0,0,NaN,0,0,
538.879111086064,phy_signal_end,5,1,3,2840,8,-107.875945171156,140.875945171156,-0.900945171156323,2.00678109001819e-14,-7.49911506561554,0,0,0,0,0,0,0,half_duplex
538.879123527005,phy_interval,4,5,1,2838,8,NaN,NaN,NaN,2.00678109001819e-14,-11.0636105635893,NaN,NaN,0,0,NaN,2,0,
538.879123527005,phy_interval,4,1,3,2840,8,NaN,NaN,NaN,2.00678109001819e-14,-11.0636105635893,NaN,NaN,0,10,NaN,1,0,
538.879123527005,phy_signal_end,4,1,3,2840,8,-120.947516094342,153.947516094342,-13.9725160943423,2.00678109001819e-14,-11.0636105635893,0.0163439245218667,0.0163439245218667,0,10,10,1,0,sync_threshold
538.886812444469,phy_interval,4,5,1,2838,8,NaN,NaN,NaN,2.00678109001819e-14,-11.0636105635893,NaN,NaN,0,0,NaN,2,0,
538.886812444469,phy_signal_end,4,5,1,2838,8,-109.883905530753,142.883905530753,-2.90890553075294,2.00678109001819e-14,-11.0636105635893,0,0,0,0,0,2,1,accepted
538.928012444469,phy_signal_start,5,4,2,2841,8,-109.883905530753,NaN,-2.90890553075294,NaN,NaN,NaN,NaN,NaN,NaN,NaN,0,0,
538.934642444469,phy_interval,5,4,2,2841,8,NaN,NaN,NaN,2.00678109001819e-14,-7.49911506561554,NaN,NaN,0,0,NaN,0,0,
538.934642444469,phy_track,5,4,2,2841,8,NaN,NaN,NaN,NaN,-7.49911506561554,NaN,NaN,NaN,NaN,NaN,0,0,
538.993011086064,phy_interval,5,4,2,2841,8,NaN,NaN,NaN,2.00678109001819e-14,-7.49911506561554,NaN,NaN,0,0,NaN,0,0,
538.993011086064,phy_signal_start,5,1,3,2843,8,-107.875945171156,NaN,-0.900945171156323,NaN,NaN,NaN,NaN,NaN,NaN,NaN,0,0,
538.993023527005,phy_signal_start,4,1,3,2843,8,-120.947516094342,NaN,-13.9725160943423,NaN,NaN,NaN,NaN,NaN,NaN,NaN,0,0,
538.993292444469,phy_interval,5,4,2,2841,8,NaN,NaN,NaN,2.00678109001819e-14,-2.00796035959661,NaN,NaN,0,0,NaN,1,0,
538.993292444469,phy_interval,5,1,3,2843,8,NaN,NaN,NaN,2.00678109001819e-14,-2.00796035959661,NaN,NaN,0,0,NaN,1,0,
538.993292444469,phy_signal_end,5,4,2,2841,8,-109.883905530753,142.883905530753,-2.90890553075294,2.00678109001819e-14,-2.00796035959661,0,0,0,0,0,1,1,accepted
538.999922444469,phy_interval,5,1,3,2843,8,NaN,NaN,NaN,2.00678109001819e-14,-2.00796035959661,NaN,NaN,0,0,NaN,1,0,
538.999922444469,phy_track,5,1,3,2843,8,NaN,NaN,NaN,NaN,-2.00796035959661,NaN,NaN,NaN,NaN,NaN,0,0,
539.019013632365,phy_interval,4,1,3,2843,8,NaN,NaN,NaN,2.00678109001819e-14,-11.0636105635893,NaN,NaN,0,0,NaN,0,0,
539.019013632365,phy_signal_start,4,2,4,2844,8,-111.467698021168,NaN,-4.49269802116773,NaN,NaN,NaN,NaN,NaN,NaN,NaN,0,0,
539.019308977105,phy_signal_end,4,8,7,2842,8,-124.567050032692,157.567050032692,Inf,0,-Inf,0,0,0,0,0,0,0,closure
539.019321420289,phy_signal_end,5,8,7,2842,8,-130.773375084599,163.773375084599,Inf,0,-Inf,0,0,0,0,0,0,0,closure
539.025643632365,phy_interval,4,1,3,2843,8,NaN,NaN,NaN,2.00678109001819e-14,-9.4798180731745,NaN,NaN,0,2,NaN,1,0,
539.025643632365,phy_interval,4,2,4,2844,8,NaN,NaN,NaN,2.00678109001819e-14,-9.4798180731745,NaN,NaN,0,0,NaN,1,0,
539.025643632365,phy_track,4,2,4,2844,8,NaN,NaN,NaN,NaN,-9.4798180731745,NaN,NaN,NaN,NaN,NaN,0,0,
539.100111086064,phy_interval,5,1,3,2843,8,NaN,NaN,NaN,2.00678109001819e-14,-2.00796035959661,NaN,NaN,0,0,NaN,1,0,
539.100111086064,phy_signal_end,5,1,3,2843,8,-107.875945171156,140.875945171156,-0.900945171156323,2.00678109001819e-14,-2.00796035959661,0,0,0,0,0,1,1,accepted
539.100123527005,phy_interval,4,1,3,2843,8,NaN,NaN,NaN,2.00678109001819e-14,-9.4798180731745,NaN,NaN,0,11,NaN,1,0,
539.100123527005,phy_interval,4,2,4,2844,8,NaN,NaN,NaN,2.00678109001819e-14,-9.4798180731745,NaN,NaN,0,0,NaN,1,0,
539.100123527005,phy_signal_end,4,1,3,2843,8,-120.947516094342,153.947516094342,-13.9725160943423,2.00678109001819e-14,-9.4798180731745,0.0163939867743823,0.0163939867743823,0,13,13,1,0,half_duplex
539.149019162592,phy_signal_start,5,3,1,2846,8,-117.383020596368,NaN,-10.4080205963685,NaN,NaN,NaN,NaN,NaN,NaN,NaN,0,0,
539.155649162592,phy_interval,5,3,1,2846,8,NaN,NaN,NaN,2.00678109001819e-14,-2.00796035959661,NaN,NaN,0,0,NaN,0,0,
539.155649162592,phy_track,5,3,1,2846,8,NaN,NaN,NaN,NaN,-2.00796035959661,NaN,NaN,NaN,NaN,NaN,0,0,
539.263813632365,phy_interval,4,2,4,2844,8,NaN,NaN,NaN,2.00678109001819e-14,-9.4798180731745,NaN,NaN,0,0,NaN,1,0,
539.263813632365,phy_signal_end,4,2,4,2844,8,-111.467698021168,144.467698021168,-4.49269802116773,2.00678109001819e-14,-9.4798180731745,0,0,0,0,0,1,1,accepted
539.263826076559,phy_signal_end,5,2,4,2844,8,-122.734861677906,155.734861677906,Inf,0,-Inf,0,0,0,0,0,0,0,closure
539.276841417929,phy_signal_end,4,7,8,2845,8,-130.772385180464,163.772385180464,Inf,0,-Inf,0,0,0,0,0,0,0,closure
539.276853861667,phy_signal_end,5,7,8,2845,8,-135.336041661606,168.336041661606,Inf,0,-Inf,0,0,0,0,0,0,0,closure
539.393819162592,phy_interval,5,3,1,2846,8,NaN,NaN,NaN,2.00678109001819e-14,-2.00796035959661,NaN,NaN,0,0,NaN,0,0,
539.393819162592,phy_signal_end,5,3,1,2846,8,-117.383020596368,150.383020596368,-10.4080205963685,2.00678109001819e-14,-2.00796035959661,3.40962752323828e-05,3.40962752323828e-05,0,0,0,0,1,accepted
539.393831604377,phy_signal_end,4,3,1,2846,8,-126.074739474425,159.074739474425,Inf,0,-Inf,0,0,0,0,0,0,0,closure
539.409012444469,phy_signal_start,4,5,1,2847,8,-109.883905530753,NaN,-2.90890553075294,NaN,NaN,NaN,NaN,NaN,NaN,NaN,0,0,
539.415642444469,phy_interval,4,5,1,2847,8,NaN,NaN,NaN,2.00678109001819e-14,-9.4798180731745,NaN,NaN,0,0,NaN,0,0,
539.415642444469,phy_track,4,5,1,2847,8,NaN,NaN,NaN,NaN,-9.4798180731745,NaN,NaN,NaN,NaN,NaN,0,0,
539.591013632365,phy_interval,4,5,1,2847,8,NaN,NaN,NaN,2.00678109001819e-14,-9.4798180731745,NaN,NaN,0,0,NaN,0,0,
539.591013632365,phy_signal_start,4,2,4,2849,8,-111.467698021168,NaN,-4.49269802116773,NaN,NaN,NaN,NaN,NaN,NaN,NaN,0,0,
539.653812444469,phy_interval,4,5,1,2847,8,NaN,NaN,NaN,2.00678109001819e-14,-1.58379249041479,NaN,NaN,0,0,NaN,1,0,
539.653812444469,phy_interval,4,2,4,2849,8,NaN,NaN,NaN,2.00678109001819e-14,-1.58379249041479,NaN,NaN,0,0,NaN,1,0,
539.653812444469,phy_signal_end,4,5,1,2847,8,-109.883905530753,142.883905530753,-2.90890553075294,2.00678109001819e-14,-1.58379249041479,0,0,0,0,0,1,1,accepted
539.666841417929,phy_signal_end,4,7,8,2848,8,-130.772385180464,163.772385180464,Inf,0,-Inf,0,0,0,0,0,0,0,closure
539.666853861667,phy_signal_end,5,7,8,2848,8,-135.336041661606,168.336041661606,Inf,0,-Inf,0,0,0,0,0,0,0,closure
539.708011086064,phy_signal_start,5,1,3,2850,8,-107.875945171156,NaN,-0.900945171156323,NaN,NaN,NaN,NaN,NaN,NaN,NaN,0,0,
539.708023527005,phy_interval,4,2,4,2849,8,NaN,NaN,NaN,2.00678109001819e-14,-1.58379249041479,NaN,NaN,0,0,NaN,1,0,
539.708023527005,phy_signal_start,4,1,3,2850,8,-120.947516094342,NaN,-13.9725160943423,NaN,NaN,NaN,NaN,NaN,NaN,NaN,0,0,
539.714641086064,phy_interval,5,1,3,2850,8,NaN,NaN,NaN,2.00678109001819e-14,-2.00796035959661,NaN,NaN,0,0,NaN,0,0,
539.714641086064,phy_track,5,1,3,2850,8,NaN,NaN,NaN,NaN,-2.00796035959661,NaN,NaN,NaN,NaN,NaN,0,0,
539.760012444469,phy_interval,5,1,3,2850,8,NaN,NaN,NaN,2.00678109001819e-14,-2.00796035959661,NaN,NaN,0,0,NaN,0,0,
539.760012444469,phy_signal_start,5,4,2,2851,8,-109.883905530753,NaN,-2.90890553075294,NaN,NaN,NaN,NaN,NaN,NaN,NaN,0,0,
539.815111086064,phy_interval,5,1,3,2850,8,NaN,NaN,NaN,2.00678109001819e-14,-2.00796035959661,NaN,NaN,0,0,NaN,1,0,
539.815111086064,phy_interval,5,4,2,2851,8,NaN,NaN,NaN,2.00678109001819e-14,-2.00796035959661,NaN,NaN,0,0,NaN,1,0,
539.815111086064,phy_signal_end,5,1,3,2850,8,-107.875945171156,140.875945171156,-0.900945171156323,2.00678109001819e-14,-2.00796035959661,0,0,0,0,0,1,1,accepted
539.815123527005,phy_interval,4,2,4,2849,8,NaN,NaN,NaN,2.00678109001819e-14,9.4798180731745,NaN,NaN,0,0,NaN,2,0,
539.815123527005,phy_interval,4,1,3,2850,8,NaN,NaN,NaN,2.00678109001819e-14,9.4798180731745,NaN,NaN,1,15,NaN,1,0,
539.815123527005,phy_signal_end,4,1,3,2850,8,-120.947516094342,153.947516094342,-13.9725160943423,2.00678109001819e-14,9.4798180731745,0.0199545500985934,0.0199545500985934,1,15,16,1,0,half_duplex
539.825292444469,phy_interval,5,4,2,2851,8,NaN,NaN,NaN,2.00678109001819e-14,-2.00796035959661,NaN,NaN,0,0,NaN,1,0,
539.825292444469,phy_signal_end,5,4,2,2851,8,-109.883905530753,142.883905530753,-2.90890553075294,2.00678109001819e-14,-2.00796035959661,0,0,0,0,0,1,0,not_acquired
539.835813632365,phy_interval,4,2,4,2849,8,NaN,NaN,NaN,2.00678109001819e-14,9.4798180731745,NaN,NaN,0,0,NaN,2,0,
539.835813632365,phy_signal_end,4,2,4,2849,8,-111.467698021168,144.467698021168,-4.49269802116773,2.00678109001819e-14,9.4798180731745,0,0,0,0,0,2,0,half_duplex
539.835826076559,phy_signal_end,5,2,4,2849,8,-122.734861677906,155.734861677906,Inf,0,-Inf,0,0,0,0,0,0,0,closure
539.838019162592,phy_signal_start,5,3,1,2852,8,-117.383020596368,NaN,-10.4080205963685,NaN,NaN,NaN,NaN,NaN,NaN,NaN,0,0,
539.844649162592,phy_interval,5,3,1,2852,8,NaN,NaN,NaN,2.00678109001819e-14,-2.00796035959661,NaN,NaN,0,0,NaN,0,0,
539.844649162592,phy_track,5,3,1,2852,8,NaN,NaN,NaN,NaN,-2.00796035959661,NaN,NaN,NaN,NaN,NaN,0,0,
539.929308977105,phy_signal_end,4,8,7,2853,8,-124.567050032692,157.567050032692,Inf,0,-Inf,0,0,0,0,0,0,0,closure
539.929321420289,phy_signal_end,5,8,7,2853,8,-130.773375084599,163.773375084599,Inf,0,-Inf,0,0,0,0,0,0,0,closure
540.082819162592,phy_interval,5,3,1,2852,8,NaN,NaN,NaN,2.00678109001819e-14,-2.00796035959661,NaN,NaN,0,0,NaN,0,0,
540.082819162592,phy_signal_end,5,3,1,2852,8,-117.383020596368,150.383020596368,-10.4080205963685,2.00678109001819e-14,-2.00796035959661,3.40962752323828e-05,3.40962752323828e-05,0,0,0,0,1,accepted
540.082831604377,phy_signal_end,4,3,1,2852,8,-126.074739474425,159.074739474425,Inf,0,-Inf,0,0,0,0,0,0,0,closure
540.085019162592,phy_signal_start,5,3,1,2854,8,-117.383020596368,NaN,-10.4080205963685,NaN,NaN,NaN,NaN,NaN,NaN,NaN,0,0,
540.091649162592,phy_interval,5,3,1,2854,8,NaN,NaN,NaN,2.00678109001819e-14,-2.00796035959661,NaN,NaN,0,0,NaN,0,0,
540.091649162592,phy_track,5,3,1,2854,8,NaN,NaN,NaN,NaN,-2.00796035959661,NaN,NaN,NaN,NaN,NaN,0,0,
540.241012444469,phy_interval,5,3,1,2854,8,NaN,NaN,NaN,2.00678109001819e-14,-2.00796035959661,NaN,NaN,0,0,NaN,0,0,
540.241012444469,phy_signal_start,5,4,2,2856,8,-109.883905530753,NaN,-2.90890553075294,NaN,NaN,NaN,NaN,NaN,NaN,NaN,0,0,
540.306292444469,phy_interval,5,3,1,2854,8,NaN,NaN,NaN,2.00678109001819e-14,-7.49911506561554,NaN,NaN,0,0,NaN,1,0,
540.306292444469,phy_interval,5,4,2,2856,8,NaN,NaN,NaN,2.00678109001819e-14,-7.49911506561554,NaN,NaN,0,0,NaN,1,0,
540.306292444469,phy_signal_end,5,4,2,2856,8,-109.883905530753,142.883905530753,-2.90890553075294,2.00678109001819e-14,-7.49911506561554,0,0,0,0,0,1,0,not_acquired
540.329819162592,phy_interval,5,3,1,2854,8,NaN,NaN,NaN,2.00678109001819e-14,-7.49911506561554,NaN,NaN,0,0,NaN,1,0,
540.329819162592,phy_signal_end,5,3,1,2854,8,-117.383020596368,150.383020596368,-10.4080205963685,2.00678109001819e-14,-7.49911506561554,9.88680648024889e-05,9.88680648024889e-05,0,0,0,1,1,accepted
540.329831604377,phy_signal_end,4,3,1,2854,8,-126.074739474425,159.074739474425,Inf,0,-Inf,0,0,0,0,0,0,0,closure
540.368841417929,phy_signal_end,4,7,8,2855,8,-130.772385180464,163.772385180464,Inf,0,-Inf,0,0,0,0,0,0,0,closure
540.368853861667,phy_signal_end,5,7,8,2855,8,-135.336041661606,168.336041661606,Inf,0,-Inf,0,0,0,0,0,0,0,closure
540.423012444469,phy_signal_start,4,5,1,2858,8,-109.883905530753,NaN,-2.90890553075294,NaN,NaN,NaN,NaN,NaN,NaN,NaN,0,0,
540.429642444469,phy_interval,4,5,1,2858,8,NaN,NaN,NaN,2.00678109001819e-14,9.4798180731745,NaN,NaN,0,0,NaN,0,0,
540.429642444469,phy_track,4,5,1,2858,8,NaN,NaN,NaN,NaN,9.4798180731745,NaN,NaN,NaN,NaN,NaN,0,0,
540.475308977105,phy_signal_end,4,8,7,2857,8,-124.567050032692,157.567050032692,Inf,0,-Inf,0,0,0,0,0,0,0,closure
540.475321420289,phy_signal_end,5,8,7,2857,8,-130.773375084599,163.773375084599,Inf,0,-Inf,0,0,0,0,0,0,0,closure
540.667812444469,phy_interval,4,5,1,2858,8,NaN,NaN,NaN,2.00678109001819e-14,9.4798180731745,NaN,NaN,0,0,NaN,0,0,
540.667812444469,phy_signal_end,4,5,1,2858,8,-109.883905530753,142.883905530753,-2.90890553075294,2.00678109001819e-14,9.4798180731745,0,0,0,0,0,0,1,accepted
540.722012444469,phy_signal_start,5,4,2,2860,8,-109.883905530753,NaN,-2.90890553075294,NaN,NaN,NaN,NaN,NaN,NaN,NaN,0,0,
540.728642444469,phy_interval,5,4,2,2860,8,NaN,NaN,NaN,2.00678109001819e-14,-7.49911506561554,NaN,NaN,0,0,NaN,0,0,
540.728642444469,phy_track,5,4,2,2860,8,NaN,NaN,NaN,NaN,-7.49911506561554,NaN,NaN,NaN,NaN,NaN,0,0,
540.761011086064,phy_interval,5,4,2,2860,8,NaN,NaN,NaN,2.00678109001819e-14,-7.49911506561554,NaN,NaN,0,0,NaN,0,0,
540.761011086064,phy_signal_start,5,1,3,2861,8,-107.875945171156,NaN,-0.900945171156323,NaN,NaN,NaN,NaN,NaN,NaN,NaN,0,0,
540.761023527005,phy_signal_start,4,1,3,2861,8,-120.947516094342,NaN,-13.9725160943423,NaN,NaN,NaN,NaN,NaN,NaN,NaN,0,0,
540.787292444469,phy_interval,5,4,2,2860,8,NaN,NaN,NaN,2.00678109001819e-14,-2.00796035959661,NaN,NaN,0,0,NaN,1,0,
540.787292444469,phy_interval,5,1,3,2861,8,NaN,NaN,NaN,2.00678109001819e-14,-2.00796035959661,NaN,NaN,0,0,NaN,1,0,
540.787292444469,phy_signal_end,5,4,2,2860,8,-109.883905530753,142.883905530753,-2.90890553075294,2.00678109001819e-14,-2.00796035959661,0,0,0,0,0,1,1,accepted
540.852012444469,phy_interval,4,1,3,2861,8,NaN,NaN,NaN,2.00678109001819e-14,9.4798180731745,NaN,NaN,1,9,NaN,0,0,
540.852012444469,phy_signal_start,4,5,1,2862,8,-109.883905530753,NaN,-2.90890553075294,NaN,NaN,NaN,NaN,NaN,NaN,NaN,0,0,
540.858642444469,phy_interval,4,1,3,2861,8,NaN,NaN,NaN,2.00678109001819e-14,-11.0636105635893,NaN,NaN,0,1,NaN,1,0,
540.858642444469,phy_interval,4,5,1,2862,8,NaN,NaN,NaN,2.00678109001819e-14,-11.0636105635893,NaN,NaN,0,0,NaN,1,0,
540.858642444469,phy_track,4,5,1,2862,8,NaN,NaN,NaN,NaN,-11.0636105635893,NaN,NaN,NaN,NaN,NaN,0,0,
540.868111086064,phy_interval,5,1,3,2861,8,NaN,NaN,NaN,2.00678109001819e-14,-2.00796035959661,NaN,NaN,0,0,NaN,1,0,
540.868111086064,phy_signal_end,5,1,3,2861,8,-107.875945171156,140.875945171156,-0.900945171156323,2.00678109001819e-14,-2.00796035959661,0,0,0,0,0,1,0,half_duplex
540.868123527005,phy_interval,4,1,3,2861,8,NaN,NaN,NaN,2.00678109001819e-14,-11.0636105635893,NaN,NaN,0,1,NaN,1,0,
540.868123527005,phy_interval,4,5,1,2862,8,NaN,NaN,NaN,2.00678109001819e-14,-11.0636105635893,NaN,NaN,0,0,NaN,1,0,
540.868123527005,phy_signal_end,4,1,3,2861,8,-120.947516094342,153.947516094342,-13.9725160943423,2.00678109001819e-14,-11.0636105635893,0.0163834128287869,0.0163834128287869,1,11,12,1,0,half_duplex
540.901841417929,phy_signal_end,4,7,8,2859,8,-130.772385180464,163.772385180464,Inf,0,-Inf,0,0,0,0,0,0,0,closure
540.901853861667,phy_signal_end,5,7,8,2859,8,-135.336041661606,168.336041661606,Inf,0,-Inf,0,0,0,0,0,0,0,closure
540.904011086064,phy_signal_start,5,1,3,2863,8,-107.875945171156,NaN,-0.900945171156323,NaN,NaN,NaN,NaN,NaN,NaN,NaN,0,0,
540.904023527005,phy_interval,4,5,1,2862,8,NaN,NaN,NaN,2.00678109001819e-14,-11.0636105635893,NaN,NaN,0,0,NaN,1,0,
540.904023527005,phy_signal_start,4,1,3,2863,8,-120.947516094342,NaN,-13.9725160943423,NaN,NaN,NaN,NaN,NaN,NaN,NaN,0,0,
541.011111086064,phy_interval,5,1,3,2863,8,NaN,NaN,NaN,2.00678109001819e-14,-2.00796035959661,NaN,NaN,0,0,NaN,0,0,
541.011111086064,phy_signal_end,5,1,3,2863,8,-107.875945171156,140.875945171156,-0.900945171156323,2.00678109001819e-14,-2.00796035959661,0,0,0,0,0,0,0,half_duplex
541.011123527005,phy_interval,4,5,1,2862,8,NaN,NaN,NaN,2.00678109001819e-14,-11.0636105635893,NaN,NaN,0,0,NaN,2,0,
541.011123527005,phy_interval,4,1,3,2863,8,NaN,NaN,NaN,2.00678109001819e-14,-11.0636105635893,NaN,NaN,0,16,NaN,1,0,
541.011123527005,phy_signal_end,4,1,3,2863,8,-120.947516094342,153.947516094342,-13.9725160943423,2.00678109001819e-14,-11.0636105635893,0.016611745324546,0.016611745324546,0,16,16,1,0,sync_threshold
541.021011086064,phy_signal_start,5,1,3,2864,8,-107.875945171156,NaN,-0.900945171156323,NaN,NaN,NaN,NaN,NaN,NaN,NaN,0,0,
541.021023527005,phy_interval,4,5,1,2862,8,NaN,NaN,NaN,2.00678109001819e-14,-11.0636105635893,NaN,NaN,0,0,NaN,2,0,
541.021023527005,phy_signal_start,4,1,3,2864,8,-120.947516094342,NaN,-13.9725160943423,NaN,NaN,NaN,NaN,NaN,NaN,NaN,0,0,
541.086308977105,phy_signal_end,4,8,7,2865,8,-124.567050032692,157.567050032692,Inf,0,-Inf,0,0,0,0,0,0,0,closure
541.086321420289,phy_signal_end,5,8,7,2865,8,-130.773375084599,163.773375084599,Inf,0,-Inf,0,0,0,0,0,0,0,closure
541.096812444469,phy_interval,4,5,1,2862,8,NaN,NaN,NaN,2.00678109001819e-14,-11.0636105635893,NaN,NaN,0,0,NaN,3,0,
541.096812444469,phy_interval,4,1,3,2864,8,NaN,NaN,NaN,2.00678109001819e-14,-11.0636105635893,NaN,NaN,0,5,NaN,1,0,
541.096812444469,phy_signal_end,4,5,1,2862,8,-109.883905530753,142.883905530753,-2.90890553075294,2.00678109001819e-14,-11.0636105635893,0,0,0,0,0,3,1,accepted
541.128111086064,phy_interval,5,1,3,2864,8,NaN,NaN,NaN,2.00678109001819e-14,-2.00796035959661,NaN,NaN,0,0,NaN,0,0,
541.128111086064,phy_signal_end,5,1,3,2864,8,-107.875945171156,140.875945171156,-0.900945171156323,2.00678109001819e-14,-2.00796035959661,0,0,0,0,0,0,0,half_duplex
541.128123527005,phy_interval,4,1,3,2864,8,NaN,NaN,NaN,2.00678109001819e-14,-11.0636105635893,NaN,NaN,0,3,NaN,1,0,
541.128123527005,phy_signal_end,4,1,3,2864,8,-120.947516094342,153.947516094342,-13.9725160943423,2.00678109001819e-14,-11.0636105635893,0.0162784580221336,0.0162784580221336,0,8,8,1,0,sync_threshold
541.138019162592,phy_signal_start,5,3,1,2866,8,-117.383020596368,NaN,-10.4080205963685,NaN,NaN,NaN,NaN,NaN,NaN,NaN,0,0,
541.144649162592,phy_interval,5,3,1,2866,8,NaN,NaN,NaN,2.00678109001819e-14,-2.00796035959661,NaN,NaN,0,0,NaN,0,0,
541.144649162592,phy_track,5,3,1,2866,8,NaN,NaN,NaN,NaN,-2.00796035959661,NaN,NaN,NaN,NaN,NaN,0,0,
541.382819162592,phy_interval,5,3,1,2866,8,NaN,NaN,NaN,2.00678109001819e-14,-2.00796035959661,NaN,NaN,0,0,NaN,0,0,
541.382819162592,phy_signal_end,5,3,1,2866,8,-117.383020596368,150.383020596368,-10.4080205963685,2.00678109001819e-14,-2.00796035959661,3.40962752323828e-05,3.40962752323828e-05,0,0,0,0,1,accepted
541.382831604377,phy_signal_end,4,3,1,2866,8,-126.074739474425,159.074739474425,Inf,0,-Inf,0,0,0,0,0,0,0,closure
541.385011086064,phy_signal_start,5,1,3,2868,8,-107.875945171156,NaN,-0.900945171156323,NaN,NaN,NaN,NaN,NaN,NaN,NaN,0,0,
541.385012444469,phy_interval,5,1,3,2868,8,NaN,NaN,NaN,2.00678109001819e-14,-2.00796035959661,NaN,NaN,0,0,NaN,0,0,
541.385012444469,phy_signal_start,5,4,2,2869,8,-109.883905530753,NaN,-2.90890553075294,NaN,NaN,NaN,NaN,NaN,NaN,NaN,0,0,
541.385023527005,phy_signal_start,4,1,3,2868,8,-120.947516094342,NaN,-13.9725160943423,NaN,NaN,NaN,NaN,NaN,NaN,NaN,0,0,
541.391641086064,phy_interval,5,1,3,2868,8,NaN,NaN,NaN,2.00678109001819e-14,-2.00796035959661,NaN,NaN,0,0,NaN,1,0,
541.391641086064,phy_interval,5,4,2,2869,8,NaN,NaN,NaN,2.00678109001819e-14,-2.00796035959661,NaN,NaN,0,0,NaN,1,0,
541.391641086064,phy_track,5,1,3,2868,8,NaN,NaN,NaN,NaN,-2.00796035959661,NaN,NaN,NaN,NaN,NaN,0,0,
541.421841417929,phy_signal_end,4,7,8,2867,8,-130.772385180464,163.772385180464,Inf,0,-Inf,0,0,0,0,0,0,0,closure
541.421853861667,phy_signal_end,5,7,8,2867,8,-135.336041661606,168.336041661606,Inf,0,-Inf,0,0,0,0,0,0,0,closure
541.450292444469,phy_interval,5,1,3,2868,8,NaN,NaN,NaN,2.00678109001819e-14,-2.00796035959661,NaN,NaN,0,0,NaN,1,0,
541.450292444469,phy_interval,5,4,2,2869,8,NaN,NaN,NaN,2.00678109001819e-14,-2.00796035959661,NaN,NaN,0,0,NaN,1,0,
541.450292444469,phy_signal_end,5,4,2,2869,8,-109.883905530753,142.883905530753,-2.90890553075294,2.00678109001819e-14,-2.00796035959661,0,0,0,0,0,1,0,not_acquired
541.489308977105,phy_signal_end,4,8,7,2870,8,-124.567050032692,157.567050032692,Inf,0,-Inf,0,0,0,0,0,0,0,closure
541.489321420289,phy_signal_end,5,8,7,2870,8,-130.773375084599,163.773375084599,Inf,0,-Inf,0,0,0,0,0,0,0,closure
541.492111086064,phy_interval,5,1,3,2868,8,NaN,NaN,NaN,2.00678109001819e-14,-2.00796035959661,NaN,NaN,0,0,NaN,1,0,
541.492111086064,phy_signal_end,5,1,3,2868,8,-107.875945171156,140.875945171156,-0.900945171156323,2.00678109001819e-14,-2.00796035959661,0,0,0,0,0,1,1,accepted
541.492123527005,phy_interval,4,1,3,2868,8,NaN,NaN,NaN,2.00678109001819e-14,-11.0636105635893,NaN,NaN,0,13,NaN,0,0,
541.492123527005,phy_signal_end,4,1,3,2868,8,-120.947516094342,153.947516094342,-13.9725160943423,2.00678109001819e-14,-11.0636105635893,0.0151165618870165,0.0151165618870165,0,13,13,0,0,half_duplex
541.606308977105,phy_signal_end,4,8,7,2871,8,-124.567050032692,157.567050032692,Inf,0,-Inf,0,0,0,0,0,0,0,closure
541.606321420289,phy_signal_end,5,8,7,2871,8,-130.773375084599,163.773375084599,Inf,0,-Inf,0,0,0,0,0,0,0,closure
541.710013632365,phy_signal_start,4,2,4,2872,8,-111.467698021168,NaN,-4.49269802116773,NaN,NaN,NaN,NaN,NaN,NaN,NaN,0,0,
541.716643632365,phy_interval,4,2,4,2872,8,NaN,NaN,NaN,2.00678109001819e-14,-11.0636105635893,NaN,NaN,0,0,NaN,0,0,
541.716643632365,phy_track,4,2,4,2872,8,NaN,NaN,NaN,NaN,-11.0636105635893,NaN,NaN,NaN,NaN,NaN,0,0,
541.840012444469,phy_interval,4,2,4,2872,8,NaN,NaN,NaN,2.00678109001819e-14,-11.0636105635893,NaN,NaN,0,0,NaN,0,0,
541.840012444469,phy_signal_start,4,5,1,2873,8,-109.883905530753,NaN,-2.90890553075294,NaN,NaN,NaN,NaN,NaN,NaN,NaN,0,0,
541.954813632365,phy_interval,4,2,4,2872,8,NaN,NaN,NaN,2.00678109001819e-14,-1.58379249041479,NaN,NaN,0,0,NaN,1,0,
541.954813632365,phy_interval,4,5,1,2873,8,NaN,NaN,NaN,2.00678109001819e-14,-1.58379249041479,NaN,NaN,0,0,NaN,1,0,
541.954813632365,phy_signal_end,4,2,4,2872,8,-111.467698021168,144.467698021168,-4.49269802116773,2.00678109001819e-14,-1.58379249041479,0,0,0,0,0,1,1,accepted
541.954826076559,phy_signal_end,5,2,4,2872,8,-122.734861677906,155.734861677906,Inf,0,-Inf,0,0,0,0,0,0,0,closure
542.009012444469,phy_signal_start,5,4,2,2875,8,-109.883905530753,NaN,-2.90890553075294,NaN,NaN,NaN,NaN,NaN,NaN,NaN,0,0,
542.074292444469,phy_interval,5,4,2,2875,8,NaN,NaN,NaN,2.00678109001819e-14,-2.00796035959661,NaN,NaN,0,0,NaN,0,0,
542.074292444469,phy_signal_end,5,4,2,2875,8,-109.883905530753,142.883905530753,-2.90890553075294,2.00678109001819e-14,-2.00796035959661,0,0,0,0,0,0,0,half_duplex
542.084812444469,phy_interval,4,5,1,2873,8,NaN,NaN,NaN,2.00678109001819e-14,-1.58379249041479,NaN,NaN,0,0,NaN,1,0,
542.084812444469,phy_signal_end,4,5,1,2873,8,-109.883905530753,142.883905530753,-2.90890553075294,2.00678109001819e-14,-1.58379249041479,0,0,0,0,0,1,0,half_duplex
542.087011086064,phy_signal_start,5,1,3,2877,8,-107.875945171156,NaN,-0.900945171156323,NaN,NaN,NaN,NaN,NaN,NaN,NaN,0,0,
542.087023527005,phy_signal_start,4,1,3,2877,8,-120.947516094342,NaN,-13.9725160943423,NaN,NaN,NaN,NaN,NaN,NaN,NaN,0,0,
542.087308977105,phy_signal_end,4,8,7,2876,8,-124.567050032692,157.567050032692,Inf,0,-Inf,0,0,0,0,0,0,0,closure
542.087321420289,phy_signal_end,5,8,7,2876,8,-130.773375084599,163.773375084599,Inf,0,-Inf,0,0,0,0,0,0,0,closure
542.093641086064,phy_interval,5,1,3,2877,8,NaN,NaN,NaN,2.00678109001819e-14,-2.00796035959661,NaN,NaN,0,0,NaN,0,0,
542.093641086064,phy_track,5,1,3,2877,8,NaN,NaN,NaN,NaN,-2.00796035959661,NaN,NaN,NaN,NaN,NaN,0,0,
542.162841417929,phy_signal_end,4,7,8,2874,8,-130.772385180464,163.772385180464,Inf,0,-Inf,0,0,0,0,0,0,0,closure
542.162853861667,phy_signal_end,5,7,8,2874,8,-135.336041661606,168.336041661606,Inf,0,-Inf,0,0,0,0,0,0,0,closure
542.194111086064,phy_interval,5,1,3,2877,8,NaN,NaN,NaN,2.00678109001819e-14,-2.00796035959661,NaN,NaN,0,0,NaN,0,0,
542.194111086064,phy_signal_end,5,1,3,2877,8,-107.875945171156,140.875945171156,-0.900945171156323,2.00678109001819e-14,-2.00796035959661,0,0,0,0,0,0,1,accepted
542.194123527005,phy_interval,4,1,3,2877,8,NaN,NaN,NaN,2.00678109001819e-14,-1.58379249041479,NaN,NaN,1,16,NaN,0,0,
542.194123527005,phy_signal_end,4,1,3,2877,8,-120.947516094342,153.947516094342,-13.9725160943423,2.00678109001819e-14,-1.58379249041479,0.0151165618870165,0.0151165618870165,1,16,17,0,0,sync_threshold
542.230019162592,phy_signal_start,5,3,1,2878,8,-117.383020596368,NaN,-10.4080205963685,NaN,NaN,NaN,NaN,NaN,NaN,NaN,0,0,
542.236649162592,phy_interval,5,3,1,2878,8,NaN,NaN,NaN,2.00678109001819e-14,-2.00796035959661,NaN,NaN,0,0,NaN,0,0,
542.236649162592,phy_track,5,3,1,2878,8,NaN,NaN,NaN,NaN,-2.00796035959661,NaN,NaN,NaN,NaN,NaN,0,0,
542.412012444469,phy_interval,5,3,1,2878,8,NaN,NaN,NaN,2.00678109001819e-14,-2.00796035959661,NaN,NaN,0,0,NaN,0,0,
542.412012444469,phy_signal_start,5,4,2,2879,8,-109.883905530753,NaN,-2.90890553075294,NaN,NaN,NaN,NaN,NaN,NaN,NaN,0,0,
542.474819162592,phy_interval,5,3,1,2878,8,NaN,NaN,NaN,2.00678109001819e-14,-7.49911506561554,NaN,NaN,0,0,NaN,1,0,
542.474819162592,phy_interval,5,4,2,2879,8,NaN,NaN,NaN,2.00678109001819e-14,-7.49911506561554,NaN,NaN,0,0,NaN,1,0,
542.474819162592,phy_signal_end,5,3,1,2878,8,-117.383020596368,150.383020596368,-10.4080205963685,2.00678109001819e-14,-7.49911506561554,9.39881051799548e-05,9.39881051799548e-05,0,0,0,1,1,accepted
542.474831604377,phy_signal_end,4,3,1,2878,8,-126.074739474425,159.074739474425,Inf,0,-Inf,0,0,0,0,0,0,0,closure
542.477292444469,phy_interval,5,4,2,2879,8,NaN,NaN,NaN,2.00678109001819e-14,-7.49911506561554,NaN,NaN,0,0,NaN,1,0,
542.477292444469,phy_signal_end,5,4,2,2879,8,-109.883905530753,142.883905530753,-2.90890553075294,2.00678109001819e-14,-7.49911506561554,0,0,0,0,0,1,0,not_acquired
542.516308977105,phy_signal_end,4,8,7,2880,8,-124.567050032692,157.567050032692,Inf,0,-Inf,0,0,0,0,0,0,0,closure
542.516321420289,phy_signal_end,5,8,7,2880,8,-130.773375084599,163.773375084599,Inf,0,-Inf,0,0,0,0,0,0,0,closure
542.646019162592,phy_signal_start,5,3,1,2881,8,-117.383020596368,NaN,-10.4080205963685,NaN,NaN,NaN,NaN,NaN,NaN,NaN,0,0,
542.652649162592,phy_interval,5,3,1,2881,8,NaN,NaN,NaN,2.00678109001819e-14,-7.49911506561554,NaN,NaN,0,0,NaN,0,0,
542.652649162592,phy_track,5,3,1,2881,8,NaN,NaN,NaN,NaN,-7.49911506561554,NaN,NaN,NaN,NaN,NaN,0,0,
542.685012444469,phy_interval,5,3,1,2881,8,NaN,NaN,NaN,2.00678109001819e-14,-7.49911506561554,NaN,NaN,0,0,NaN,0,0,
542.685012444469,phy_signal_start,5,4,2,2882,8,-109.883905530753,NaN,-2.90890553075294,NaN,NaN,NaN,NaN,NaN,NaN,NaN,0,0,
542.750292444469,phy_interval,5,3,1,2881,8,NaN,NaN,NaN,2.00678109001819e-14,-7.49911506561554,NaN,NaN,0,0,NaN,1,0,
542.750292444469,phy_interval,5,4,2,2882,8,NaN,NaN,NaN,2.00678109001819e-14,-7.49911506561554,NaN,NaN,0,0,NaN,1,0,
542.750292444469,phy_signal_end,5,4,2,2882,8,-109.883905530753,142.883905530753,-2.90890553075294,2.00678109001819e-14,-7.49911506561554,0,0,0,0,0,1,0,not_acquired
542.880308977105,phy_signal_end,4,8,7,2883,8,-124.567050032692,157.567050032692,Inf,0,-Inf,0,0,0,0,0,0,0,closure
542.880321420289,phy_signal_end,5,8,7,2883,8,-130.773375084599,163.773375084599,Inf,0,-Inf,0,0,0,0,0,0,0,closure
542.890819162592,phy_interval,5,3,1,2881,8,NaN,NaN,NaN,2.00678109001819e-14,-7.49911506561554,NaN,NaN,0,0,NaN,1,0,
542.890819162592,phy_signal_end,5,3,1,2881,8,-117.383020596368,150.383020596368,-10.4080205963685,2.00678109001819e-14,-7.49911506561554,6.03396831083541e-05,6.03396831083541e-05,0,0,0,1,1,accepted
542.890831604377,phy_signal_end,4,3,1,2881,8,-126.074739474425,159.074739474425,Inf,0,-Inf,0,0,0,0,0,0,0,closure
542.893012444469,phy_signal_start,4,5,1,2884,8,-109.883905530753,NaN,-2.90890553075294,NaN,NaN,NaN,NaN,NaN,NaN,NaN,0,0,
542.899642444469,phy_interval,4,5,1,2884,8,NaN,NaN,NaN,2.00678109001819e-14,-1.58379249041479,NaN,NaN,0,0,NaN,0,0,
542.899642444469,phy_track,4,5,1,2884,8,NaN,NaN,NaN,NaN,-1.58379249041479,NaN,NaN,NaN,NaN,NaN,0,0,
543.114019162592,phy_signal_start,5,3,1,2886,8,-117.383020596368,NaN,-10.4080205963685,NaN,NaN,NaN,NaN,NaN,NaN,NaN,0,0,
543.137812444469,phy_interval,4,5,1,2884,8,NaN,NaN,NaN,2.00678109001819e-14,-1.58379249041479,NaN,NaN,0,0,NaN,0,0,
543.137812444469,phy_signal_end,4,5,1,2884,8,-109.883905530753,142.883905530753,-2.90890553075294,2.00678109001819e-14,-1.58379249041479,0,0,0,0,0,0,1,accepted
543.218011086064,phy_interval,5,3,1,2886,8,NaN,NaN,NaN,2.00678109001819e-14,-7.49911506561554,NaN,NaN,0,0,NaN,0,0,
543.218011086064,phy_signal_start,5,1,3,2887,8,-107.875945171156,NaN,-0.900945171156323,NaN,NaN,NaN,NaN,NaN,NaN,NaN,0,0,
543.218023527005,phy_signal_start,4,1,3,2887,8,-120.947516094342,NaN,-13.9725160943423,NaN,NaN,NaN,NaN,NaN,NaN,NaN,0,0,
543.224641086064,phy_interval,5,3,1,2886,8,NaN,NaN,NaN,2.00678109001819e-14,-9.50707542521215,NaN,NaN,0,0,NaN,1,0,
543.224641086064,phy_interval,5,1,3,2887,8,NaN,NaN,NaN,2.00678109001819e-14,-9.50707542521215,NaN,NaN,0,0,NaN,1,0,
543.224641086064,phy_track,5,1,3,2887,8,NaN,NaN,NaN,NaN,-9.50707542521215,NaN,NaN,NaN,NaN,NaN,0,0,
543.244012444469,phy_interval,5,3,1,2886,8,NaN,NaN,NaN,2.00678109001819e-14,-9.50707542521215,NaN,NaN,0,0,NaN,1,0,
543.244012444469,phy_interval,5,1,3,2887,8,NaN,NaN,NaN,2.00678109001819e-14,-9.50707542521215,NaN,NaN,0,0,NaN,1,0,
543.244012444469,phy_signal_start,5,4,2,2888,8,-109.883905530753,NaN,-2.90890553075294,NaN,NaN,NaN,NaN,NaN,NaN,NaN,0,0,
543.309292444469,phy_interval,5,3,1,2886,8,NaN,NaN,NaN,2.00678109001819e-14,-2.00796035959661,NaN,NaN,0,0,NaN,2,0,
543.309292444469,phy_interval,5,1,3,2887,8,NaN,NaN,NaN,2.00678109001819e-14,-2.00796035959661,NaN,NaN,0,0,NaN,2,0,
543.309292444469,phy_interval,5,4,2,2888,8,NaN,NaN,NaN,2.00678109001819e-14,-2.00796035959661,NaN,NaN,0,0,NaN,2,0,
543.309292444469,phy_signal_end,5,4,2,2888,8,-109.883905530753,142.883905530753,-2.90890553075294,2.00678109001819e-14,-2.00796035959661,0,0,0,0,0,2,0,not_acquired
543.319828977105,phy_signal_end,4,8,2,2885,8,-124.567050032692,157.567050032692,Inf,0,-Inf,0,0,0,0,0,0,0,closure
543.319841420289,phy_signal_end,5,8,2,2885,8,-130.773375084599,163.773375084599,Inf,0,-Inf,0,0,0,0,0,0,0,closure
543.325111086064,phy_interval,5,3,1,2886,8,NaN,NaN,NaN,2.00678109001819e-14,-2.00796035959661,NaN,NaN,0,0,NaN,2,0,
543.325111086064,phy_interval,5,1,3,2887,8,NaN,NaN,NaN,2.00678109001819e-14,-2.00796035959661,NaN,NaN,0,0,NaN,2,0,
543.325111086064,phy_signal_end,5,1,3,2887,8,-107.875945171156,140.875945171156,-0.900945171156323,2.00678109001819e-14,-2.00796035959661,0,0,0,0,0,2,1,accepted
543.325123527005,phy_interval,4,1,3,2887,8,NaN,NaN,NaN,2.00678109001819e-14,-1.58379249041479,NaN,NaN,1,16,NaN,0,0,
543.325123527005,phy_signal_end,4,1,3,2887,8,-120.947516094342,153.947516094342,-13.9725160943423,2.00678109001819e-14,-1.58379249041479,0.0151165618870165,0.0151165618870165,1,16,17,0,0,half_duplex
543.358819162592,phy_interval,5,3,1,2886,8,NaN,NaN,NaN,2.00678109001819e-14,-2.00796035959661,NaN,NaN,0,0,NaN,2,0,
543.358819162592,phy_signal_end,5,3,1,2886,8,-117.383020596368,150.383020596368,-10.4080205963685,2.00678109001819e-14,-2.00796035959661,0.000101934474887065,0.000101934474887065,0,0,0,2,0,half_duplex
543.358831604377,phy_signal_end,4,3,1,2886,8,-126.074739474425,159.074739474425,Inf,0,-Inf,0,0,0,0,0,0,0,closure
543.556012444469,phy_signal_start,4,5,1,2890,8,-109.883905530753,NaN,-2.90890553075294,NaN,NaN,NaN,NaN,NaN,NaN,NaN,0,0,
543.562642444469,phy_interval,4,5,1,2890,8,NaN,NaN,NaN,2.00678109001819e-14,-1.58379249041479,NaN,NaN,0,0,NaN,0,0,
543.562642444469,phy_track,4,5,1,2890,8,NaN,NaN,NaN,NaN,-1.58379249041479,NaN,NaN,NaN,NaN,NaN,0,0,
543.579828977105,phy_signal_end,4,8,2,2889,8,-124.567050032692,157.567050032692,Inf,0,-Inf,0,0,0,0,0,0,0,closure
543.579841420289,phy_signal_end,5,8,2,2889,8,-130.773375084599,163.773375084599,Inf,0,-Inf,0,0,0,0,0,0,0,closure
543.751013632365,phy_interval,4,5,1,2890,8,NaN,NaN,NaN,2.00678109001819e-14,-1.58379249041479,NaN,NaN,0,0,NaN,0,0,
543.751013632365,phy_signal_start,4,2,8,2891,8,-111.467698021168,NaN,-4.49269802116773,NaN,NaN,NaN,NaN,NaN,NaN,NaN,0,0,
543.800812444469,phy_interval,4,5,1,2890,8,NaN,NaN,NaN,2.00678109001819e-14,-1.58379249041479,NaN,NaN,0,0,NaN,1,0,
543.800812444469,phy_interval,4,2,8,2891,8,NaN,NaN,NaN,2.00678109001819e-14,-1.58379249041479,NaN,NaN,0,0,NaN,1,0,
543.800812444469,phy_signal_end,4,5,1,2890,8,-109.883905530753,142.883905530753,-2.90890553075294,2.00678109001819e-14,-1.58379249041479,0,0,0,0,0,1,1,accepted
543.816293632365,phy_interval,4,2,8,2891,8,NaN,NaN,NaN,2.00678109001819e-14,-1.58379249041479,NaN,NaN,0,0,NaN,1,0,
543.816293632365,phy_signal_end,4,2,8,2891,8,-111.467698021168,144.467698021168,-4.49269802116773,2.00678109001819e-14,-1.58379249041479,0,0,0,0,0,1,0,not_acquired
543.816306076559,phy_signal_end,5,2,8,2891,8,-122.734861677906,155.734861677906,Inf,0,-Inf,0,0,0,0,0,0,0,closure
543.894011086064,phy_signal_start,5,1,3,2892,8,-107.875945171156,NaN,-0.900945171156323,NaN,NaN,NaN,NaN,NaN,NaN,NaN,0,0,
543.894023527005,phy_signal_start,4,1,3,2892,8,-120.947516094342,NaN,-13.9725160943423,NaN,NaN,NaN,NaN,NaN,NaN,NaN,0,0,
543.900641086064,phy_interval,5,1,3,2892,8,NaN,NaN,NaN,2.00678109001819e-14,-2.00796035959661,NaN,NaN,0,0,NaN,0,0,
543.900641086064,phy_track,5,1,3,2892,8,NaN,NaN,NaN,NaN,-2.00796035959661,NaN,NaN,NaN,NaN,NaN,0,0,
543.959012444469,phy_interval,5,1,3,2892,8,NaN,NaN,NaN,2.00678109001819e-14,-2.00796035959661,NaN,NaN,0,0,NaN,0,0,
543.959012444469,phy_signal_start,5,4,2,2894,8,-109.883905530753,NaN,-2.90890553075294,NaN,NaN,NaN,NaN,NaN,NaN,NaN,0,0,
544.001111086064,phy_interval,5,1,3,2892,8,NaN,NaN,NaN,2.00678109001819e-14,-2.00796035959661,NaN,NaN,0,0,NaN,1,0,
544.001111086064,phy_interval,5,4,2,2894,8,NaN,NaN,NaN,2.00678109001819e-14,-2.00796035959661,NaN,NaN,0,0,NaN,1,0,
544.001111086064,phy_signal_end,5,1,3,2892,8,-107.875945171156,140.875945171156,-0.900945171156323,2.00678109001819e-14,-2.00796035959661,0,0,0,0,0,1,1,accepted
544.001123527005,phy_interval,4,1,3,2892,8,NaN,NaN,NaN,2.00678109001819e-14,-1.58379249041479,NaN,NaN,2,13,NaN,0,0,
544.001123527005,phy_signal_end,4,1,3,2892,8,-120.947516094342,153.947516094342,-13.9725160943423,2.00678109001819e-14,-1.58379249041479,0.0151165618870165,0.0151165618870165,2,13,15,0,0,half_duplex
544.011012444469,phy_signal_start,4,5,1,2895,8,-109.883905530753,NaN,-2.90890553075294,NaN,NaN,NaN,NaN,NaN,NaN,NaN,0,0,
544.024292444469,phy_interval,5,4,2,2894,8,NaN,NaN,NaN,2.00678109001819e-14,-2.00796035959661,NaN,NaN,0,0,NaN,1,0,
544.024292444469,phy_signal_end,5,4,2,2894,8,-109.883905530753,142.883905530753,-2.90890553075294,2.00678109001819e-14,-2.00796035959661,0,0,0,0,0,1,0,half_duplex
544.151828977105,phy_signal_end,4,8,2,2893,8,-124.567050032692,157.567050032692,Inf,0,-Inf,0,0,0,0,0,0,0,closure
544.151841420289,phy_signal_end,5,8,2,2893,8,-130.773375084599,163.773375084599,Inf,0,-Inf,0,0,0,0,0,0,0,closure
544.206013632365,phy_interval,4,5,1,2895,8,NaN,NaN,NaN,2.00678109001819e-14,-1.58379249041479,NaN,NaN,0,0,NaN,0,0,
544.206013632365,phy_signal_start,4,2,8,2896,8,-111.467698021168,NaN,-4.49269802116773,NaN,NaN,NaN,NaN,NaN,NaN,NaN,0,0,
544.212643632365,phy_interval,4,5,1,2895,8,NaN,NaN,NaN,2.00678109001819e-14,1.58379249041479,NaN,NaN,0,0,NaN,1,0,
544.212643632365,phy_interval,4,2,8,2896,8,NaN,NaN,NaN,2.00678109001819e-14,1.58379249041479,NaN,NaN,0,0,NaN,1,0,
544.212643632365,phy_track,4,2,8,2896,8,NaN,NaN,NaN,NaN,1.58379249041479,NaN,NaN,NaN,NaN,NaN,0,0,
544.255812444469,phy_interval,4,5,1,2895,8,NaN,NaN,NaN,2.00678109001819e-14,1.58379249041479,NaN,NaN,0,0,NaN,1,0,
544.255812444469,phy_interval,4,2,8,2896,8,NaN,NaN,NaN,2.00678109001819e-14,1.58379249041479,NaN,NaN,0,0,NaN,1,0,
544.255812444469,phy_signal_end,4,5,1,2895,8,-109.883905530753,142.883905530753,-2.90890553075294,2.00678109001819e-14,1.58379249041479,0,0,0,0,0,1,0,half_duplex
544.271293632365,phy_interval,4,2,8,2896,8,NaN,NaN,NaN,2.00678109001819e-14,1.58379249041479,NaN,NaN,0,0,NaN,1,0,
544.271293632365,phy_signal_end,4,2,8,2896,8,-111.467698021168,144.467698021168,-4.49269802116773,2.00678109001819e-14,1.58379249041479,0,0,0,0,0,1,1,accepted
544.271306076559,phy_signal_end,5,2,8,2896,8,-122.734861677906,155.734861677906,Inf,0,-Inf,0,0,0,0,0,0,0,closure
544.284019162592,phy_signal_start,5,3,1,2897,8,-117.383020596368,NaN,-10.4080205963685,NaN,NaN,NaN,NaN,NaN,NaN,NaN,0,0,
544.290649162592,phy_interval,5,3,1,2897,8,NaN,NaN,NaN,2.00678109001819e-14,-2.00796035959661,NaN,NaN,0,0,NaN,0,0,
544.290649162592,phy_track,5,3,1,2897,8,NaN,NaN,NaN,NaN,-2.00796035959661,NaN,NaN,NaN,NaN,NaN,0,0,
544.310012444469,phy_interval,5,3,1,2897,8,NaN,NaN,NaN,2.00678109001819e-14,-2.00796035959661,NaN,NaN,0,0,NaN,0,0,
544.310012444469,phy_signal_start,5,4,5,2898,8,-109.883905530753,NaN,-2.90890553075294,NaN,NaN,NaN,NaN,NaN,NaN,NaN,0,0,
544.528819162592,phy_interval,5,3,1,2897,8,NaN,NaN,NaN,2.00678109001819e-14,-7.49911506561554,NaN,NaN,0,0,NaN,1,0,
544.528819162592,phy_interval,5,4,5,2898,8,NaN,NaN,NaN,2.00678109001819e-14,-7.49911506561554,NaN,NaN,0,0,NaN,1,0,
544.528819162592,phy_signal_end,5,3,1,2897,8,-117.383020596368,150.383020596368,-10.4080205963685,2.00678109001819e-14,-7.49911506561554,7.80953647657354e-05,7.80953647657354e-05,0,0,0,1,1,accepted
544.528831604377,phy_signal_end,4,3,1,2897,8,-126.074739474425,159.074739474425,Inf,0,-Inf,0,0,0,0,0,0,0,closure
544.554812444469,phy_interval,5,4,5,2898,8,NaN,NaN,NaN,2.00678109001819e-14,-7.49911506561554,NaN,NaN,0,0,NaN,1,0,
544.554812444469,phy_signal_end,5,4,5,2898,8,-109.883905530753,142.883905530753,-2.90890553075294,2.00678109001819e-14,-7.49911506561554,0,0,0,0,0,1,0,not_acquired
544.596011086064,phy_signal_start,5,1,3,2900,8,-107.875945171156,NaN,-0.900945171156323,NaN,NaN,NaN,NaN,NaN,NaN,NaN,0,0,
544.596023527005,phy_signal_start,4,1,3,2900,8,-120.947516094342,NaN,-13.9725160943423,NaN,NaN,NaN,NaN,NaN,NaN,NaN,0,0,
544.602641086064,phy_interval,5,1,3,2900,8,NaN,NaN,NaN,2.00678109001819e-14,-7.49911506561554,NaN,NaN,0,0,NaN,0,0,
544.602641086064,phy_track,5,1,3,2900,8,NaN,NaN,NaN,NaN,-7.49911506561554,NaN,NaN,NaN,NaN,NaN,0,0,
544.687013632365,phy_interval,4,1,3,2900,8,NaN,NaN,NaN,2.00678109001819e-14,1.58379249041479,NaN,NaN,1,16,NaN,0,0,
544.687013632365,phy_signal_start,4,2,8,2901,8,-111.467698021168,NaN,-4.49269802116773,NaN,NaN,NaN,NaN,NaN,NaN,NaN,0,0,
544.693643632365,phy_interval,4,1,3,2900,8,NaN,NaN,NaN,2.00678109001819e-14,-9.4798180731745,NaN,NaN,0,2,NaN,1,0,
544.693643632365,phy_interval,4,2,8,2901,8,NaN,NaN,NaN,2.00678109001819e-14,-9.4798180731745,NaN,NaN,0,0,NaN,1,0,
544.693643632365,phy_track,4,2,8,2901,8,NaN,NaN,NaN,NaN,-9.4798180731745,NaN,NaN,NaN,NaN,NaN,0,0,
544.703111086064,phy_interval,5,1,3,2900,8,NaN,NaN,NaN,2.00678109001819e-14,-7.49911506561554,NaN,NaN,0,0,NaN,0,0,
544.703111086064,phy_signal_end,5,1,3,2900,8,-107.875945171156,140.875945171156,-0.900945171156323,2.00678109001819e-14,-7.49911506561554,0,0,0,0,0,0,1,accepted
544.703123527005,phy_interval,4,1,3,2900,8,NaN,NaN,NaN,2.00678109001819e-14,-9.4798180731745,NaN,NaN,0,2,NaN,1,0,
544.703123527005,phy_interval,4,2,8,2901,8,NaN,NaN,NaN,2.00678109001819e-14,-9.4798180731745,NaN,NaN,0,0,NaN,1,0,
544.703123527005,phy_signal_end,4,1,3,2900,8,-120.947516094342,153.947516094342,-13.9725160943423,2.00678109001819e-14,-9.4798180731745,0.0165951828517213,0.0165951828517213,1,20,21,1,0,sync_threshold
544.752293632365,phy_interval,4,2,8,2901,8,NaN,NaN,NaN,2.00678109001819e-14,-9.4798180731745,NaN,NaN,0,0,NaN,1,0,
544.752293632365,phy_signal_end,4,2,8,2901,8,-111.467698021168,144.467698021168,-4.49269802116773,2.00678109001819e-14,-9.4798180731745,0,0,0,0,0,1,1,accepted
544.752306076559,phy_signal_end,5,2,8,2901,8,-122.734861677906,155.734861677906,Inf,0,-Inf,0,0,0,0,0,0,0,closure
544.762841417929,phy_signal_end,4,7,8,2899,8,-130.772385180464,163.772385180464,Inf,0,-Inf,0,0,0,0,0,0,0,closure
544.762853861667,phy_signal_end,5,7,8,2899,8,-135.336041661606,168.336041661606,Inf,0,-Inf,0,0,0,0,0,0,0,closure
544.765011086064,phy_signal_start,5,1,3,2902,8,-107.875945171156,NaN,-0.900945171156323,NaN,NaN,NaN,NaN,NaN,NaN,NaN,0,0,
544.765023527005,phy_signal_start,4,1,3,2902,8,-120.947516094342,NaN,-13.9725160943423,NaN,NaN,NaN,NaN,NaN,NaN,NaN,0,0,
544.771641086064,phy_interval,5,1,3,2902,8,NaN,NaN,NaN,2.00678109001819e-14,-7.49911506561554,NaN,NaN,0,0,NaN,0,0,
544.771641086064,phy_track,5,1,3,2902,8,NaN,NaN,NaN,NaN,-7.49911506561554,NaN,NaN,NaN,NaN,NaN,0,0,
544.872111086064,phy_interval,5,1,3,2902,8,NaN,NaN,NaN,2.00678109001819e-14,-7.49911506561554,NaN,NaN,0,0,NaN,0,0,
544.872111086064,phy_signal_end,5,1,3,2902,8,-107.875945171156,140.875945171156,-0.900945171156323,2.00678109001819e-14,-7.49911506561554,0,0,0,0,0,0,1,accepted
544.872123527005,phy_interval,4,1,3,2902,8,NaN,NaN,NaN,2.00678109001819e-14,-9.4798180731745,NaN,NaN,0,7,NaN,0,0,
544.872123527005,phy_signal_end,4,1,3,2902,8,-120.947516094342,153.947516094342,-13.9725160943423,2.00678109001819e-14,-9.4798180731745,0.0151165618870165,0.0151165618870165,0,7,7,0,0,sync_threshold
544.895012444469,phy_signal_start,4,5,1,2904,8,-109.883905530753,NaN,-2.90890553075294,NaN,NaN,NaN,NaN,NaN,NaN,NaN,0,0,
544.901642444469,phy_interval,4,5,1,2904,8,NaN,NaN,NaN,2.00678109001819e-14,-9.4798180731745,NaN,NaN,0,0,NaN,0,0,
544.901642444469,phy_track,4,5,1,2904,8,NaN,NaN,NaN,NaN,-9.4798180731745,NaN,NaN,NaN,NaN,NaN,0,0,
544.908308977105,phy_signal_end,4,8,7,2903,8,-124.567050032692,157.567050032692,Inf,0,-Inf,0,0,0,0,0,0,0,closure
544.908321420289,phy_signal_end,5,8,7,2903,8,-130.773375084599,163.773375084599,Inf,0,-Inf,0,0,0,0,0,0,0,closure
544.960019162592,phy_signal_start,5,3,1,2905,8,-117.383020596368,NaN,-10.4080205963685,NaN,NaN,NaN,NaN,NaN,NaN,NaN,0,0,
544.986013632365,phy_interval,4,5,1,2904,8,NaN,NaN,NaN,2.00678109001819e-14,-9.4798180731745,NaN,NaN,0,0,NaN,0,0,
544.986013632365,phy_signal_start,4,2,8,2906,8,-111.467698021168,NaN,-4.49269802116773,NaN,NaN,NaN,NaN,NaN,NaN,NaN,0,0,
545.051293632365,phy_interval,4,5,1,2904,8,NaN,NaN,NaN,2.00678109001819e-14,-1.58379249041479,NaN,NaN,0,0,NaN,1,0,
545.051293632365,phy_interval,4,2,8,2906,8,NaN,NaN,NaN,2.00678109001819e-14,-1.58379249041479,NaN,NaN,0,0,NaN,1,0,
545.051293632365,phy_signal_end,4,2,8,2906,8,-111.467698021168,144.467698021168,-4.49269802116773,2.00678109001819e-14,-1.58379249041479,0,0,0,0,0,1,0,not_acquired
545.051306076559,phy_signal_end,5,2,8,2906,8,-122.734861677906,155.734861677906,Inf,0,-Inf,0,0,0,0,0,0,0,closure
545.064013632365,phy_interval,4,5,1,2904,8,NaN,NaN,NaN,2.00678109001819e-14,-1.58379249041479,NaN,NaN,0,0,NaN,1,0,
545.064013632365,phy_signal_start,4,2,8,2907,8,-111.467698021168,NaN,-4.49269802116773,NaN,NaN,NaN,NaN,NaN,NaN,NaN,0,0,
545.129293632365,phy_interval,4,5,1,2904,8,NaN,NaN,NaN,2.00678109001819e-14,-1.58379249041479,NaN,NaN,0,0,NaN,2,0,
545.129293632365,phy_interval,4,2,8,2907,8,NaN,NaN,NaN,2.00678109001819e-14,-1.58379249041479,NaN,NaN,0,0,NaN,1,0,
545.129293632365,phy_signal_end,4,2,8,2907,8,-111.467698021168,144.467698021168,-4.49269802116773,2.00678109001819e-14,-1.58379249041479,0,0,0,0,0,1,0,not_acquired
545.129306076559,phy_signal_end,5,2,8,2907,8,-122.734861677906,155.734861677906,Inf,0,-Inf,0,0,0,0,0,0,0,closure
545.139812444469,phy_interval,4,5,1,2904,8,NaN,NaN,NaN,2.00678109001819e-14,-1.58379249041479,NaN,NaN,0,0,NaN,2,0,
545.139812444469,phy_signal_end,4,5,1,2904,8,-109.883905530753,142.883905530753,-2.90890553075294,2.00678109001819e-14,-1.58379249041479,0,0,0,0,0,2,1,accepted
545.181012444469,phy_signal_start,4,5,1,2908,8,-109.883905530753,NaN,-2.90890553075294,NaN,NaN,NaN,NaN,NaN,NaN,NaN,0,0,
545.187642444469,phy_interval,4,5,1,2908,8,NaN,NaN,NaN,2.00678109001819e-14,-1.58379249041479,NaN,NaN,0,0,NaN,0,0,
545.187642444469,phy_track,4,5,1,2908,8,NaN,NaN,NaN,NaN,-1.58379249041479,NaN,NaN,NaN,NaN,NaN,0,0,
545.204819162592,phy_interval,5,3,1,2905,8,NaN,NaN,NaN,2.00678109001819e-14,-7.49911506561554,NaN,NaN,0,0,NaN,0,0,
545.204819162592,phy_signal_end,5,3,1,2905,8,-117.383020596368,150.383020596368,-10.4080205963685,2.00678109001819e-14,-7.49911506561554,3.40962752323828e-05,3.40962752323828e-05,0,0,0,0,0,half_duplex
545.204831604377,phy_signal_end,4,3,1,2905,8,-126.074739474425,159.074739474425,Inf,0,-Inf,0,0,0,0,0,0,0,closure
545.233019162592,phy_signal_start,5,3,1,2910,8,-117.383020596368,NaN,-10.4080205963685,NaN,NaN,NaN,NaN,NaN,NaN,NaN,0,0,
545.259308977105,phy_signal_end,4,8,7,2909,8,-124.567050032692,157.567050032692,Inf,0,-Inf,0,0,0,0,0,0,0,closure
545.259321420289,phy_signal_end,5,8,7,2909,8,-130.773375084599,163.773375084599,Inf,0,-Inf,0,0,0,0,0,0,0,closure
545.425812444469,phy_interval,4,5,1,2908,8,NaN,NaN,NaN,2.00678109001819e-14,-1.58379249041479,NaN,NaN,0,0,NaN,0,0,
545.425812444469,phy_signal_end,4,5,1,2908,8,-109.883905530753,142.883905530753,-2.90890553075294,2.00678109001819e-14,-1.58379249041479,0,0,0,0,0,0,1,accepted
545.441013632365,phy_signal_start,4,2,8,2911,8,-111.467698021168,NaN,-4.49269802116773,NaN,NaN,NaN,NaN,NaN,NaN,NaN,0,0,
545.447643632365,phy_interval,4,2,8,2911,8,NaN,NaN,NaN,2.00678109001819e-14,-1.58379249041479,NaN,NaN,0,0,NaN,0,0,
545.447643632365,phy_track,4,2,8,2911,8,NaN,NaN,NaN,NaN,-1.58379249041479,NaN,NaN,NaN,NaN,NaN,0,0,
545.477819162592,phy_interval,5,3,1,2910,8,NaN,NaN,NaN,2.00678109001819e-14,-7.49911506561554,NaN,NaN,0,0,NaN,0,0,
545.477819162592,phy_signal_end,5,3,1,2910,8,-117.383020596368,150.383020596368,-10.4080205963685,2.00678109001819e-14,-7.49911506561554,3.40962752323828e-05,3.40962752323828e-05,0,0,0,0,0,half_duplex
545.477831604377,phy_signal_end,4,3,1,2910,8,-126.074739474425,159.074739474425,Inf,0,-Inf,0,0,0,0,0,0,0,closure
545.506293632365,phy_interval,4,2,8,2911,8,NaN,NaN,NaN,2.00678109001819e-14,-1.58379249041479,NaN,NaN,0,0,NaN,0,0,
545.506293632365,phy_signal_end,4,2,8,2911,8,-111.467698021168,144.467698021168,-4.49269802116773,2.00678109001819e-14,-1.58379249041479,0,0,0,0,0,0,1,accepted
545.506306076559,phy_signal_end,5,2,8,2911,8,-122.734861677906,155.734861677906,Inf,0,-Inf,0,0,0,0,0,0,0,closure
545.675308977105,phy_signal_end,4,8,7,2912,8,-124.567050032692,157.567050032692,Inf,0,-Inf,0,0,0,0,0,0,0,closure
545.675321420289,phy_signal_end,5,8,7,2912,8,-130.773375084599,163.773375084599,Inf,0,-Inf,0,0,0,0,0,0,0,closure
545.714011086064,phy_signal_start,5,1,3,2913,8,-107.875945171156,NaN,-0.900945171156323,NaN,NaN,NaN,NaN,NaN,NaN,NaN,0,0,
545.714023527005,phy_signal_start,4,1,3,2913,8,-120.947516094342,NaN,-13.9725160943423,NaN,NaN,NaN,NaN,NaN,NaN,NaN,0,0,
545.720641086064,phy_interval,5,1,3,2913,8,NaN,NaN,NaN,2.00678109001819e-14,-7.49911506561554,NaN,NaN,0,0,NaN,0,0,
545.720641086064,phy_track,5,1,3,2913,8,NaN,NaN,NaN,NaN,-7.49911506561554,NaN,NaN,NaN,NaN,NaN,0,0,
545.821111086064,phy_interval,5,1,3,2913,8,NaN,NaN,NaN,2.00678109001819e-14,-7.49911506561554,NaN,NaN,0,0,NaN,0,0,
545.821111086064,phy_signal_end,5,1,3,2913,8,-107.875945171156,140.875945171156,-0.900945171156323,2.00678109001819e-14,-7.49911506561554,0,0,0,0,0,0,1,accepted
545.821123527005,phy_interval,4,1,3,2913,8,NaN,NaN,NaN,2.00678109001819e-14,-1.58379249041479,NaN,NaN,1,9,NaN,0,0,
545.821123527005,phy_signal_end,4,1,3,2913,8,-120.947516094342,153.947516094342,-13.9725160943423,2.00678109001819e-14,-1.58379249041479,0.0151165618870165,0.0151165618870165,1,9,10,0,0,sync_threshold
545.896019162592,phy_signal_start,5,3,1,2915,8,-117.383020596368,NaN,-10.4080205963685,NaN,NaN,NaN,NaN,NaN,NaN,NaN,0,0,
545.902649162592,phy_interval,5,3,1,2915,8,NaN,NaN,NaN,2.00678109001819e-14,-7.49911506561554,NaN,NaN,0,0,NaN,0,0,
545.902649162592,phy_track,5,3,1,2915,8,NaN,NaN,NaN,NaN,-7.49911506561554,NaN,NaN,NaN,NaN,NaN,0,0,
545.948308977105,phy_signal_end,4,8,7,2914,8,-124.567050032692,157.567050032692,Inf,0,-Inf,0,0,0,0,0,0,0,closure
545.948321420289,phy_signal_end,5,8,7,2914,8,-130.773375084599,163.773375084599,Inf,0,-Inf,0,0,0,0,0,0,0,closure
546.140819162592,phy_interval,5,3,1,2915,8,NaN,NaN,NaN,2.00678109001819e-14,-7.49911506561554,NaN,NaN,0,0,NaN,0,0,
546.140819162592,phy_signal_end,5,3,1,2915,8,-117.383020596368,150.383020596368,-10.4080205963685,2.00678109001819e-14,-7.49911506561554,3.40962752323828e-05,3.40962752323828e-05,0,0,0,0,1,accepted
546.140831604377,phy_signal_end,4,3,1,2915,8,-126.074739474425,159.074739474425,Inf,0,-Inf,0,0,0,0,0,0,0,closure
546.169012444469,phy_signal_start,4,5,1,2916,8,-109.883905530753,NaN,-2.90890553075294,NaN,NaN,NaN,NaN,NaN,NaN,NaN,0,0,
546.175642444469,phy_interval,4,5,1,2916,8,NaN,NaN,NaN,2.00678109001819e-14,-1.58379249041479,NaN,NaN,0,0,NaN,0,0,
546.175642444469,phy_track,4,5,1,2916,8,NaN,NaN,NaN,NaN,-1.58379249041479,NaN,NaN,NaN,NaN,NaN,0,0,
546.413812444469,phy_interval,4,5,1,2916,8,NaN,NaN,NaN,2.00678109001819e-14,-1.58379249041479,NaN,NaN,0,0,NaN,0,0,
546.413812444469,phy_signal_end,4,5,1,2916,8,-109.883905530753,142.883905530753,-2.90890553075294,2.00678109001819e-14,-1.58379249041479,0,0,0,0,0,0,1,accepted
546.429308977105,phy_signal_end,4,8,7,2917,8,-124.567050032692,157.567050032692,Inf,0,-Inf,0,0,0,0,0,0,0,closure
546.429321420289,phy_signal_end,5,8,7,2917,8,-130.773375084599,163.773375084599,Inf,0,-Inf,0,0,0,0,0,0,0,closure
546.585011086064,phy_signal_start,5,1,3,2918,8,-107.875945171156,NaN,-0.900945171156323,NaN,NaN,NaN,NaN,NaN,NaN,NaN,0,0,
546.585023527005,phy_signal_start,4,1,3,2918,8,-120.947516094342,NaN,-13.9725160943423,NaN,NaN,NaN,NaN,NaN,NaN,NaN,0,0,
546.591641086064,phy_interval,5,1,3,2918,8,NaN,NaN,NaN,2.00678109001819e-14,-7.49911506561554,NaN,NaN,0,0,NaN,0,0,
546.591641086064,phy_track,5,1,3,2918,8,NaN,NaN,NaN,NaN,-7.49911506561554,NaN,NaN,NaN,NaN,NaN,0,0,
546.611012444469,phy_interval,5,1,3,2918,8,NaN,NaN,NaN,2.00678109001819e-14,-7.49911506561554,NaN,NaN,0,0,NaN,0,0,
546.611012444469,phy_signal_start,5,4,5,2920,8,-109.883905530753,NaN,-2.90890553075294,NaN,NaN,NaN,NaN,NaN,NaN,NaN,0,0,
546.692111086064,phy_interval,5,1,3,2918,8,NaN,NaN,NaN,2.00678109001819e-14,-2.00796035959661,NaN,NaN,0,0,NaN,1,0,
546.692111086064,phy_interval,5,4,5,2920,8,NaN,NaN,NaN,2.00678109001819e-14,-2.00796035959661,NaN,NaN,0,0,NaN,1,0,
546.692111086064,phy_signal_end,5,1,3,2918,8,-107.875945171156,140.875945171156,-0.900945171156323,2.00678109001819e-14,-2.00796035959661,0,0,0,0,0,1,1,accepted
546.692123527005,phy_interval,4,1,3,2918,8,NaN,NaN,NaN,2.00678109001819e-14,-1.58379249041479,NaN,NaN,1,9,NaN,0,0,
546.692123527005,phy_signal_end,4,1,3,2918,8,-120.947516094342,153.947516094342,-13.9725160943423,2.00678109001819e-14,-1.58379249041479,0.0151165618870165,0.0151165618870165,1,9,10,0,0,half_duplex
546.793019162592,phy_interval,5,4,5,2920,8,NaN,NaN,NaN,2.00678109001819e-14,-2.00796035959661,NaN,NaN,0,0,NaN,1,0,
546.793019162592,phy_signal_start,5,3,1,2921,8,-117.383020596368,NaN,-10.4080205963685,NaN,NaN,NaN,NaN,NaN,NaN,NaN,0,0,
546.799649162592,phy_interval,5,4,5,2920,8,NaN,NaN,NaN,2.00678109001819e-14,7.49911506561554,NaN,NaN,0,0,NaN,2,0,
546.799649162592,phy_interval,5,3,1,2921,8,NaN,NaN,NaN,2.00678109001819e-14,7.49911506561554,NaN,NaN,0,0,NaN,1,0,
546.799649162592,phy_track,5,3,1,2921,8,NaN,NaN,NaN,NaN,7.49911506561554,NaN,NaN,NaN,NaN,NaN,0,0,
546.829828977105,phy_signal_end,4,8,2,2919,8,-124.567050032692,157.567050032692,Inf,0,-Inf,0,0,0,0,0,0,0,closure
546.829841420289,phy_signal_end,5,8,2,2919,8,-130.773375084599,163.773375084599,Inf,0,-Inf,0,0,0,0,0,0,0,closure
546.855812444469,phy_interval,5,4,5,2920,8,NaN,NaN,NaN,2.00678109001819e-14,7.49911506561554,NaN,NaN,0,0,NaN,2,0,
546.855812444469,phy_interval,5,3,1,2921,8,NaN,NaN,NaN,2.00678109001819e-14,7.49911506561554,NaN,NaN,0,0,NaN,1,0,
546.855812444469,phy_signal_end,5,4,5,2920,8,-109.883905530753,142.883905530753,-2.90890553075294,2.00678109001819e-14,7.49911506561554,0,0,0,0,0,2,0,not_acquired
547.037819162592,phy_interval,5,3,1,2921,8,NaN,NaN,NaN,2.00678109001819e-14,7.49911506561554,NaN,NaN,0,0,NaN,1,0,
547.037819162592,phy_signal_end,5,3,1,2921,8,-117.383020596368,150.383020596368,-10.4080205963685,2.00678109001819e-14,7.49911506561554,0.00012692766243151,0.00012692766243151,0,0,0,1,1,accepted
547.037831604377,phy_signal_end,4,3,1,2921,8,-126.074739474425,159.074739474425,Inf,0,-Inf,0,0,0,0,0,0,0,closure
547.092011086064,phy_signal_start,5,1,3,2923,8,-107.875945171156,NaN,-0.900945171156323,NaN,NaN,NaN,NaN,NaN,NaN,NaN,0,0,
547.092023527005,phy_signal_start,4,1,3,2923,8,-120.947516094342,NaN,-13.9725160943423,NaN,NaN,NaN,NaN,NaN,NaN,NaN,0,0,
547.098641086064,phy_interval,5,1,3,2923,8,NaN,NaN,NaN,2.00678109001819e-14,7.49911506561554,NaN,NaN,0,0,NaN,0,0,
547.098641086064,phy_track,5,1,3,2923,8,NaN,NaN,NaN,NaN,7.49911506561554,NaN,NaN,NaN,NaN,NaN,0,0,
547.193828977105,phy_signal_end,4,8,2,2922,8,-124.567050032692,157.567050032692,Inf,0,-Inf,0,0,0,0,0,0,0,closure
547.193841420289,phy_signal_end,5,8,2,2922,8,-130.773375084599,163.773375084599,Inf,0,-Inf,0,0,0,0,0,0,0,closure
547.199111086064,phy_interval,5,1,3,2923,8,NaN,NaN,NaN,2.00678109001819e-14,7.49911506561554,NaN,NaN,0,0,NaN,0,0,
547.199111086064,phy_signal_end,5,1,3,2923,8,-107.875945171156,140.875945171156,-0.900945171156323,2.00678109001819e-14,7.49911506561554,0,0,0,0,0,0,1,accepted
547.199123527005,phy_interval,4,1,3,2923,8,NaN,NaN,NaN,2.00678109001819e-14,-1.58379249041479,NaN,NaN,0,7,NaN,0,0,
547.199123527005,phy_signal_end,4,1,3,2923,8,-120.947516094342,153.947516094342,-13.9725160943423,2.00678109001819e-14,-1.58379249041479,0.0151165618870165,0.0151165618870165,0,7,7,0,0,sync_threshold
547.235012444469,phy_signal_start,4,5,1,2924,8,-109.883905530753,NaN,-2.90890553075294,NaN,NaN,NaN,NaN,NaN,NaN,NaN,0,0,
547.241642444469,phy_interval,4,5,1,2924,8,NaN,NaN,NaN,2.00678109001819e-14,-1.58379249041479,NaN,NaN,0,0,NaN,0,0,
547.241642444469,phy_track,4,5,1,2924,8,NaN,NaN,NaN,NaN,-1.58379249041479,NaN,NaN,NaN,NaN,NaN,0,0,
547.261013632365,phy_interval,4,5,1,2924,8,NaN,NaN,NaN,2.00678109001819e-14,-1.58379249041479,NaN,NaN,0,0,NaN,0,0,
547.261013632365,phy_signal_start,4,2,8,2925,8,-111.467698021168,NaN,-4.49269802116773,NaN,NaN,NaN,NaN,NaN,NaN,NaN,0,0,
547.326293632365,phy_interval,4,5,1,2924,8,NaN,NaN,NaN,2.00678109001819e-14,-1.58379249041479,NaN,NaN,0,0,NaN,1,0,
547.326293632365,phy_interval,4,2,8,2925,8,NaN,NaN,NaN,2.00678109001819e-14,-1.58379249041479,NaN,NaN,0,0,NaN,1,0,
547.326293632365,phy_signal_end,4,2,8,2925,8,-111.467698021168,144.467698021168,-4.49269802116773,2.00678109001819e-14,-1.58379249041479,0,0,0,0,0,1,0,not_acquired
547.326306076559,phy_signal_end,5,2,8,2925,8,-122.734861677906,155.734861677906,Inf,0,-Inf,0,0,0,0,0,0,0,closure
547.479812444469,phy_interval,4,5,1,2924,8,NaN,NaN,NaN,2.00678109001819e-14,-1.58379249041479,NaN,NaN,0,0,NaN,1,0,
547.479812444469,phy_signal_end,4,5,1,2924,8,-109.883905530753,142.883905530753,-2.90890553075294,2.00678109001819e-14,-1.58379249041479,0,0,0,0,0,1,1,accepted
547.521011086064,phy_signal_start,5,1,3,2926,8,-107.875945171156,NaN,-0.900945171156323,NaN,NaN,NaN,NaN,NaN,NaN,NaN,0,0,
547.521023527005,phy_signal_start,4,1,3,2926,8,-120.947516094342,NaN,-13.9725160943423,NaN,NaN,NaN,NaN,NaN,NaN,NaN,0,0,
547.527641086064,phy_interval,5,1,3,2926,8,NaN,NaN,NaN,2.00678109001819e-14,7.49911506561554,NaN,NaN,0,0,NaN,0,0,
547.527641086064,phy_track,5,1,3,2926,8,NaN,NaN,NaN,NaN,7.49911506561554,NaN,NaN,NaN,NaN,NaN,0,0,
547.628111086064,phy_interval,5,1,3,2926,8,NaN,NaN,NaN,2.00678109001819e-14,7.49911506561554,NaN,NaN,0,0,NaN,0,0,
547.628111086064,phy_signal_end,5,1,3,2926,8,-107.875945171156,140.875945171156,-0.900945171156323,2.00678109001819e-14,7.49911506561554,0,0,0,0,0,0,1,accepted
547.628123527005,phy_interval,4,1,3,2926,8,NaN,NaN,NaN,2.00678109001819e-14,-1.58379249041479,NaN,NaN,1,10,NaN,0,0,
547.628123527005,phy_signal_end,4,1,3,2926,8,-120.947516094342,153.947516094342,-13.9725160943423,2.00678109001819e-14,-1.58379249041479,0.0151165618870165,0.0151165618870165,1,10,11,0,0,sync_threshold
547.742013632365,phy_signal_start,4,2,8,2927,8,-111.467698021168,NaN,-4.49269802116773,NaN,NaN,NaN,NaN,NaN,NaN,NaN,0,0,
547.748643632365,phy_interval,4,2,8,2927,8,NaN,NaN,NaN,2.00678109001819e-14,-1.58379249041479,NaN,NaN,0,0,NaN,0,0,
547.748643632365,phy_track,4,2,8,2927,8,NaN,NaN,NaN,NaN,-1.58379249041479,NaN,NaN,NaN,NaN,NaN,0,0,
547.768011086064,phy_signal_start,5,1,3,2928,8,-107.875945171156,NaN,-0.900945171156323,NaN,NaN,NaN,NaN,NaN,NaN,NaN,0,0,
547.768023527005,phy_interval,4,2,8,2927,8,NaN,NaN,NaN,2.00678109001819e-14,-1.58379249041479,NaN,NaN,0,0,NaN,0,0,
547.768023527005,phy_signal_start,4,1,3,2928,8,-120.947516094342,NaN,-13.9725160943423,NaN,NaN,NaN,NaN,NaN,NaN,NaN,0,0,
547.774641086064,phy_interval,5,1,3,2928,8,NaN,NaN,NaN,2.00678109001819e-14,7.49911506561554,NaN,NaN,0,0,NaN,0,0,
547.774641086064,phy_track,5,1,3,2928,8,NaN,NaN,NaN,NaN,7.49911506561554,NaN,NaN,NaN,NaN,NaN,0,0,
547.807293632365,phy_interval,4,2,8,2927,8,NaN,NaN,NaN,2.00678109001819e-14,-9.4798180731745,NaN,NaN,0,0,NaN,1,0,
547.807293632365,phy_interval,4,1,3,2928,8,NaN,NaN,NaN,2.00678109001819e-14,-9.4798180731745,NaN,NaN,1,4,NaN,1,0,
547.807293632365,phy_signal_end,4,2,8,2927,8,-111.467698021168,144.467698021168,-4.49269802116773,2.00678109001819e-14,-9.4798180731745,0,0,0,0,0,1,1,accepted
547.807306076559,phy_signal_end,5,2,8,2927,8,-122.734861677906,155.734861677906,Inf,0,-Inf,0,0,0,0,0,0,0,closure
547.875111086064,phy_interval,5,1,3,2928,8,NaN,NaN,NaN,2.00678109001819e-14,7.49911506561554,NaN,NaN,0,0,NaN,0,0,
547.875111086064,phy_signal_end,5,1,3,2928,8,-107.875945171156,140.875945171156,-0.900945171156323,2.00678109001819e-14,7.49911506561554,0,0,0,0,0,0,1,accepted
547.875123527005,phy_interval,4,1,3,2928,8,NaN,NaN,NaN,2.00678109001819e-14,-9.4798180731745,NaN,NaN,0,16,NaN,1,0,
547.875123527005,phy_signal_end,4,1,3,2928,8,-120.947516094342,153.947516094342,-13.9725160943423,2.00678109001819e-14,-9.4798180731745,0.0223338114625005,0.0223338114625005,1,20,21,1,0,sync_threshold
547.898011086064,phy_signal_start,5,1,3,2929,8,-107.875945171156,NaN,-0.900945171156323,NaN,NaN,NaN,NaN,NaN,NaN,NaN,0,0,
547.898023527005,phy_signal_start,4,1,3,2929,8,-120.947516094342,NaN,-13.9725160943423,NaN,NaN,NaN,NaN,NaN,NaN,NaN,0,0,
547.904641086064,phy_interval,5,1,3,2929,8,NaN,NaN,NaN,2.00678109001819e-14,7.49911506561554,NaN,NaN,0,0,NaN,0,0,
547.904641086064,phy_track,5,1,3,2929,8,NaN,NaN,NaN,NaN,7.49911506561554,NaN,NaN,NaN,NaN,NaN,0,0,
548.005111086064,phy_interval,5,1,3,2929,8,NaN,NaN,NaN,2.00678109001819e-14,7.49911506561554,NaN,NaN,0,0,NaN,0,0,
548.005111086064,phy_signal_end,5,1,3,2929,8,-107.875945171156,140.875945171156,-0.900945171156323,2.00678109001819e-14,7.49911506561554,0,0,0,0,0,0,1,accepted
548.005123527005,phy_interval,4,1,3,2929,8,NaN,NaN,NaN,2.00678109001819e-14,-9.4798180731745,NaN,NaN,1,9,NaN,0,0,
548.005123527005,phy_signal_end,4,1,3,2929,8,-120.947516094342,153.947516094342,-13.9725160943423,2.00678109001819e-14,-9.4798180731745,0.0151165618870165,0.0151165618870165,1,9,10,0,0,sync_threshold
548.028013632365,phy_signal_start,4,2,8,2930,8,-111.467698021168,NaN,-4.49269802116773,NaN,NaN,NaN,NaN,NaN,NaN,NaN,0,0,
548.034643632365,phy_interval,4,2,8,2930,8,NaN,NaN,NaN,2.00678109001819e-14,-9.4798180731745,NaN,NaN,0,0,NaN,0,0,
548.034643632365,phy_track,4,2,8,2930,8,NaN,NaN,NaN,NaN,-9.4798180731745,NaN,NaN,NaN,NaN,NaN,0,0,
548.067019162592,phy_signal_start,5,3,1,2931,8,-117.383020596368,NaN,-10.4080205963685,NaN,NaN,NaN,NaN,NaN,NaN,NaN,0,0,
548.073649162592,phy_interval,5,3,1,2931,8,NaN,NaN,NaN,2.00678109001819e-14,7.49911506561554,NaN,NaN,0,0,NaN,0,0,
548.073649162592,phy_track,5,3,1,2931,8,NaN,NaN,NaN,NaN,7.49911506561554,NaN,NaN,NaN,NaN,NaN,0,0,
548.093293632365,phy_interval,4,2,8,2930,8,NaN,NaN,NaN,2.00678109001819e-14,-9.4798180731745,NaN,NaN,0,0,NaN,0,0,
548.093293632365,phy_signal_end,4,2,8,2930,8,-111.467698021168,144.467698021168,-4.49269802116773,2.00678109001819e-14,-9.4798180731745,0,0,0,0,0,0,1,accepted
548.093306076559,phy_signal_end,5,2,8,2930,8,-122.734861677906,155.734861677906,Inf,0,-Inf,0,0,0,0,0,0,0,closure
548.197013632365,phy_signal_start,4,2,8,2932,8,-111.467698021168,NaN,-4.49269802116773,NaN,NaN,NaN,NaN,NaN,NaN,NaN,0,0,
548.203643632365,phy_interval,4,2,8,2932,8,NaN,NaN,NaN,2.00678109001819e-14,-9.4798180731745,NaN,NaN,0,0,NaN,0,0,
548.203643632365,phy_track,4,2,8,2932,8,NaN,NaN,NaN,NaN,-9.4798180731745,NaN,NaN,NaN,NaN,NaN,0,0,
548.262293632365,phy_interval,4,2,8,2932,8,NaN,NaN,NaN,2.00678109001819e-14,-9.4798180731745,NaN,NaN,0,0,NaN,0,0,
548.262293632365,phy_signal_end,4,2,8,2932,8,-111.467698021168,144.467698021168,-4.49269802116773,2.00678109001819e-14,-9.4798180731745,0,0,0,0,0,0,1,accepted
548.262306076559,phy_signal_end,5,2,8,2932,8,-122.734861677906,155.734861677906,Inf,0,-Inf,0,0,0,0,0,0,0,closure
548.311819162592,phy_interval,5,3,1,2931,8,NaN,NaN,NaN,2.00678109001819e-14,7.49911506561554,NaN,NaN,0,0,NaN,0,0,
548.311819162592,phy_signal_end,5,3,1,2931,8,-117.383020596368,150.383020596368,-10.4080205963685,2.00678109001819e-14,7.49911506561554,3.40962752323828e-05,3.40962752323828e-05,0,0,0,0,1,accepted
548.311831604377,phy_signal_end,4,3,1,2931,8,-126.074739474425,159.074739474425,Inf,0,-Inf,0,0,0,0,0,0,0,closure
548.327019162592,phy_signal_start,5,3,1,2933,8,-117.383020596368,NaN,-10.4080205963685,NaN,NaN,NaN,NaN,NaN,NaN,NaN,0,0,
548.353012444469,phy_signal_start,4,5,1,2934,8,-109.883905530753,NaN,-2.90890553075294,NaN,NaN,NaN,NaN,NaN,NaN,NaN,0,0,
548.359642444469,phy_interval,4,5,1,2934,8,NaN,NaN,NaN,2.00678109001819e-14,-9.4798180731745,NaN,NaN,0,0,NaN,0,0,
548.359642444469,phy_track,4,5,1,2934,8,NaN,NaN,NaN,NaN,-9.4798180731745,NaN,NaN,NaN,NaN,NaN,0,0,
548.571819162592,phy_interval,5,3,1,2933,8,NaN,NaN,NaN,2.00678109001819e-14,7.49911506561554,NaN,NaN,0,0,NaN,0,0,
548.571819162592,phy_signal_end,5,3,1,2933,8,-117.383020596368,150.383020596368,-10.4080205963685,2.00678109001819e-14,7.49911506561554,3.40962752323828e-05,3.40962752323828e-05,0,0,0,0,0,half_duplex
548.571831604377,phy_signal_end,4,3,1,2933,8,-126.074739474425,159.074739474425,Inf,0,-Inf,0,0,0,0,0,0,0,closure
548.597812444469,phy_interval,4,5,1,2934,8,NaN,NaN,NaN,2.00678109001819e-14,-9.4798180731745,NaN,NaN,0,0,NaN,0,0,
548.597812444469,phy_signal_end,4,5,1,2934,8,-109.883905530753,142.883905530753,-2.90890553075294,2.00678109001819e-14,-9.4798180731745,0,0,0,0,0,0,1,accepted
548.701828977105,phy_signal_end,4,8,2,2935,8,-124.567050032692,157.567050032692,Inf,0,-Inf,0,0,0,0,0,0,0,closure
548.701841420289,phy_signal_end,5,8,2,2935,8,-130.773375084599,163.773375084599,Inf,0,-Inf,0,0,0,0,0,0,0,closure
548.769011086064,phy_signal_start,5,1,3,2936,8,-107.875945171156,NaN,-0.900945171156323,NaN,NaN,NaN,NaN,NaN,NaN,NaN,0,0,
548.769023527005,phy_signal_start,4,1,3,2936,8,-120.947516094342,NaN,-13.9725160943423,NaN,NaN,NaN,NaN,NaN,NaN,NaN,0,0,
548.775641086064,phy_interval,5,1,3,2936,8,NaN,NaN,NaN,2.00678109001819e-14,7.49911506561554,NaN,NaN,0,0,NaN,0,0,
548.775641086064,phy_track,5,1,3,2936,8,NaN,NaN,NaN,NaN,7.49911506561554,NaN,NaN,NaN,NaN,NaN,0,0,
548.834013632365,phy_interval,4,1,3,2936,8,NaN,NaN,NaN,2.00678109001819e-14,-9.4798180731745,NaN,NaN,0,6,NaN,0,0,
548.834013632365,phy_signal_start,4,2,8,2937,8,-111.467698021168,NaN,-4.49269802116773,NaN,NaN,NaN,NaN,NaN,NaN,NaN,0,0,
548.840643632365,phy_interval,4,1,3,2936,8,NaN,NaN,NaN,2.00678109001819e-14,-9.4798180731745,NaN,NaN,0,0,NaN,1,0,
548.840643632365,phy_interval,4,2,8,2937,8,NaN,NaN,NaN,2.00678109001819e-14,-9.4798180731745,NaN,NaN,0,0,NaN,1,0,
548.840643632365,phy_track,4,2,8,2937,8,NaN,NaN,NaN,NaN,-9.4798180731745,NaN,NaN,NaN,NaN,NaN,0,0,
548.876111086064,phy_interval,5,1,3,2936,8,NaN,NaN,NaN,2.00678109001819e-14,7.49911506561554,NaN,NaN,0,0,NaN,0,0,
548.876111086064,phy_signal_end,5,1,3,2936,8,-107.875945171156,140.875945171156,-0.900945171156323,2.00678109001819e-14,7.49911506561554,0,0,0,0,0,0,1,accepted
548.876123527005,phy_interval,4,1,3,2936,8,NaN,NaN,NaN,2.00678109001819e-14,-9.4798180731745,NaN,NaN,0,2,NaN,1,0,
548.876123527005,phy_interval,4,2,8,2937,8,NaN,NaN,NaN,2.00678109001819e-14,-9.4798180731745,NaN,NaN,0,0,NaN,1,0,
548.876123527005,phy_signal_end,4,1,3,2936,8,-120.947516094342,153.947516094342,-13.9725160943423,2.00678109001819e-14,-9.4798180731745,0.0164714778125434,0.0164714778125434,0,8,8,1,0,sync_threshold
548.886019162592,phy_signal_start,5,3,1,2938,8,-117.383020596368,NaN,-10.4080205963685,NaN,NaN,NaN,NaN,NaN,NaN,NaN,0,0,
548.892649162592,phy_interval,5,3,1,2938,8,NaN,NaN,NaN,2.00678109001819e-14,7.49911506561554,NaN,NaN,0,0,NaN,0,0,
548.892649162592,phy_track,5,3,1,2938,8,NaN,NaN,NaN,NaN,7.49911506561554,NaN,NaN,NaN,NaN,NaN,0,0,
548.899293632365,phy_interval,4,2,8,2937,8,NaN,NaN,NaN,2.00678109001819e-14,-9.4798180731745,NaN,NaN,0,0,NaN,1,0,
548.899293632365,phy_signal_end,4,2,8,2937,8,-111.467698021168,144.467698021168,-4.49269802116773,2.00678109001819e-14,-9.4798180731745,0,0,0,0,0,1,1,accepted
548.899306076559,phy_signal_end,5,2,8,2937,8,-122.734861677906,155.734861677906,Inf,0,-Inf,0,0,0,0,0,0,0,closure
548.925013632365,phy_signal_start,4,2,8,2939,8,-111.467698021168,NaN,-4.49269802116773,NaN,NaN,NaN,NaN,NaN,NaN,NaN,0,0,
548.931643632365,phy_interval,4,2,8,2939,8,NaN,NaN,NaN,2.00678109001819e-14,-9.4798180731745,NaN,NaN,0,0,NaN,0,0,
548.931643632365,phy_track,4,2,8,2939,8,NaN,NaN,NaN,NaN,-9.4798180731745,NaN,NaN,NaN,NaN,NaN,0,0,
548.990293632365,phy_interval,4,2,8,2939,8,NaN,NaN,NaN,2.00678109001819e-14,-9.4798180731745,NaN,NaN,0,0,NaN,0,0,
548.990293632365,phy_signal_end,4,2,8,2939,8,-111.467698021168,144.467698021168,-4.49269802116773,2.00678109001819e-14,-9.4798180731745,0,0,0,0,0,0,1,accepted
548.990306076559,phy_signal_end,5,2,8,2939,8,-122.734861677906,155.734861677906,Inf,0,-Inf,0,0,0,0,0,0,0,closure
549.130819162592,phy_interval,5,3,1,2938,8,NaN,NaN,NaN,2.00678109001819e-14,7.49911506561554,NaN,NaN,0,1,NaN,0,0,
549.130819162592,phy_signal_end,5,3,1,2938,8,-117.383020596368,150.383020596368,-10.4080205963685,2.00678109001819e-14,7.49911506561554,3.40962752323828e-05,3.40962752323828e-05,0,1,1,0,1,accepted
549.130831604377,phy_signal_end,4,3,1,2938,8,-126.074739474425,159.074739474425,Inf,0,-Inf,0,0,0,0,0,0,0,closure
549.289012444469,phy_signal_start,4,5,1,2940,8,-109.883905530753,NaN,-2.90890553075294,NaN,NaN,NaN,NaN,NaN,NaN,NaN,0,0,
549.295642444469,phy_interval,4,5,1,2940,8,NaN,NaN,NaN,2.00678109001819e-14,-9.4798180731745,NaN,NaN,0,0,NaN,0,0,
549.295642444469,phy_track,4,5,1,2940,8,NaN,NaN,NaN,NaN,-9.4798180731745,NaN,NaN,NaN,NaN,NaN,0,0,
549.367013632365,phy_interval,4,5,1,2940,8,NaN,NaN,NaN,2.00678109001819e-14,-9.4798180731745,NaN,NaN,0,0,NaN,0,0,
549.367013632365,phy_signal_start,4,2,8,2941,8,-111.467698021168,NaN,-4.49269802116773,NaN,NaN,NaN,NaN,NaN,NaN,NaN,0,0,
549.432293632365,phy_interval,4,5,1,2940,8,NaN,NaN,NaN,2.00678109001819e-14,-1.58379249041479,NaN,NaN,0,0,NaN,1,0,
549.432293632365,phy_interval,4,2,8,2941,8,NaN,NaN,NaN,2.00678109001819e-14,-1.58379249041479,NaN,NaN,0,0,NaN,1,0,
549.432293632365,phy_signal_end,4,2,8,2941,8,-111.467698021168,144.467698021168,-4.49269802116773,2.00678109001819e-14,-1.58379249041479,0,0,0,0,0,1,0,not_acquired
549.432306076559,phy_signal_end,5,2,8,2941,8,-122.734861677906,155.734861677906,Inf,0,-Inf,0,0,0,0,0,0,0,closure
549.445013632365,phy_interval,4,5,1,2940,8,NaN,NaN,NaN,2.00678109001819e-14,-1.58379249041479,NaN,NaN,0,0,NaN,1,0,
549.445013632365,phy_signal_start,4,2,8,2942,8,-111.467698021168,NaN,-4.49269802116773,NaN,NaN,NaN,NaN,NaN,NaN,NaN,0,0,
549.510293632365,phy_interval,4,5,1,2940,8,NaN,NaN,NaN,2.00678109001819e-14,-1.58379249041479,NaN,NaN,0,0,NaN,2,0,
549.510293632365,phy_interval,4,2,8,2942,8,NaN,NaN,NaN,2.00678109001819e-14,-1.58379249041479,NaN,NaN,0,0,NaN,1,0,
549.510293632365,phy_signal_end,4,2,8,2942,8,-111.467698021168,144.467698021168,-4.49269802116773,2.00678109001819e-14,-1.58379249041479,0,0,0,0,0,1,0,not_acquired
549.510306076559,phy_signal_end,5,2,8,2942,8,-122.734861677906,155.734861677906,Inf,0,-Inf,0,0,0,0,0,0,0,closure
549.533812444469,phy_interval,4,5,1,2940,8,NaN,NaN,NaN,2.00678109001819e-14,-1.58379249041479,NaN,NaN,0,0,NaN,2,0,
549.533812444469,phy_signal_end,4,5,1,2940,8,-109.883905530753,142.883905530753,-2.90890553075294,2.00678109001819e-14,-1.58379249041479,0,0,0,0,0,2,1,accepted
549.653011086064,phy_signal_start,5,1,3,2943,8,-107.875945171156,NaN,-0.900945171156323,NaN,NaN,NaN,NaN,NaN,NaN,NaN,0,0,
549.653023527005,phy_signal_start,4,1,3,2943,8,-120.947516094342,NaN,-13.9725160943423,NaN,NaN,NaN,NaN,NaN,NaN,NaN,0,0,
549.659641086064,phy_interval,5,1,3,2943,8,NaN,NaN,NaN,2.00678109001819e-14,7.49911506561554,NaN,NaN,0,0,NaN,0,0,
549.659641086064,phy_track,5,1,3,2943,8,NaN,NaN,NaN,NaN,7.49911506561554,NaN,NaN,NaN,NaN,NaN,0,0,
549.760111086064,phy_interval,5,1,3,2943,8,NaN,NaN,NaN,2.00678109001819e-14,7.49911506561554,NaN,NaN,0,0,NaN,0,0,
549.760111086064,phy_signal_end,5,1,3,2943,8,-107.875945171156,140.875945171156,-0.900945171156323,2.00678109001819e-14,7.49911506561554,0,0,0,0,0,0,1,accepted
549.760123527005,phy_interval,4,1,3,2943,8,NaN,NaN,NaN,2.00678109001819e-14,-1.58379249041479,NaN,NaN,0,3,NaN,0,0,
549.760123527005,phy_signal_end,4,1,3,2943,8,-120.947516094342,153.947516094342,-13.9725160943423,2.00678109001819e-14,-1.58379249041479,0.0151165618870165,0.0151165618870165,0,3,3,0,0,sync_threshold
549.770012444469,phy_signal_start,4,5,1,2945,8,-109.883905530753,NaN,-2.90890553075294,NaN,NaN,NaN,NaN,NaN,NaN,NaN,0,0,
549.770013632365,phy_interval,4,5,1,2945,8,NaN,NaN,NaN,2.00678109001819e-14,-1.58379249041479,NaN,NaN,0,0,NaN,0,0,
549.770013632365,phy_signal_start,4,2,8,2944,8,-111.467698021168,NaN,-4.49269802116773,NaN,NaN,NaN,NaN,NaN,NaN,NaN,0,0,
549.776642444469,phy_interval,4,5,1,2945,8,NaN,NaN,NaN,2.00678109001819e-14,-1.58379249041479,NaN,NaN,0,0,NaN,1,0,
549.776642444469,phy_interval,4,2,8,2944,8,NaN,NaN,NaN,2.00678109001819e-14,-1.58379249041479,NaN,NaN,0,0,NaN,1,0,
549.776642444469,phy_track,4,5,1,2945,8,NaN,NaN,NaN,NaN,-1.58379249041479,NaN,NaN,NaN,NaN,NaN,0,0,
549.835293632365,phy_interval,4,5,1,2945,8,NaN,NaN,NaN,2.00678109001819e-14,-1.58379249041479,NaN,NaN,0,0,NaN,1,0,
549.835293632365,phy_interval,4,2,8,2944,8,NaN,NaN,NaN,2.00678109001819e-14,-1.58379249041479,NaN,NaN,0,0,NaN,1,0,
549.835293632365,phy_signal_end,4,2,8,2944,8,-111.467698021168,144.467698021168,-4.49269802116773,2.00678109001819e-14,-1.58379249041479,0,0,0,0,0,1,0,not_acquired
549.835306076559,phy_signal_end,5,2,8,2944,8,-122.734861677906,155.734861677906,Inf,0,-Inf,0,0,0,0,0,0,0,closure
550.004013632365,phy_interval,4,5,1,2945,8,NaN,NaN,NaN,2.00678109001819e-14,-1.58379249041479,NaN,NaN,0,0,NaN,1,0,
550.004013632365,phy_signal_start,4,2,4,2946,8,-111.467698021168,NaN,-4.49269802116773,NaN,NaN,NaN,NaN,NaN,NaN,NaN,0,0,
550.014812444469,phy_interval,4,5,1,2945,8,NaN,NaN,NaN,2.00678109001819e-14,-1.58379249041479,NaN,NaN,0,0,NaN,2,0,
550.014812444469,phy_interval,4,2,4,2946,8,NaN,NaN,NaN,2.00678109001819e-14,-1.58379249041479,NaN,NaN,0,0,NaN,1,0,
550.014812444469,phy_signal_end,4,5,1,2945,8,-109.883905530753,142.883905530753,-2.90890553075294,2.00678109001819e-14,-1.58379249041479,0,0,0,0,0,2,1,accepted
550.030019162592,phy_signal_start,5,3,1,2947,8,-117.383020596368,NaN,-10.4080205963685,NaN,NaN,NaN,NaN,NaN,NaN,NaN,0,0,
550.036649162592,phy_interval,5,3,1,2947,8,NaN,NaN,NaN,2.00678109001819e-14,7.49911506561554,NaN,NaN,0,0,NaN,0,0,
550.036649162592,phy_track,5,3,1,2947,8,NaN,NaN,NaN,NaN,7.49911506561554,NaN,NaN,NaN,NaN,NaN,0,0,
550.248813632365,phy_interval,4,2,4,2946,8,NaN,NaN,NaN,2.00678109001819e-14,-1.58379249041479,NaN,NaN,0,0,NaN,1,0,
550.248813632365,phy_signal_end,4,2,4,2946,8,-111.467698021168,144.467698021168,-4.49269802116773,2.00678109001819e-14,-1.58379249041479,0,0,0,0,0,1,0,not_acquired
550.248826076559,phy_signal_end,5,2,4,2946,8,-122.734861677906,155.734861677906,Inf,0,-Inf,0,0,0,0,0,0,0,closure
550.274819162592,phy_interval,5,3,1,2947,8,NaN,NaN,NaN,2.00678109001819e-14,7.49911506561554,NaN,NaN,0,0,NaN,0,0,
550.274819162592,phy_signal_end,5,3,1,2947,8,-117.383020596368,150.383020596368,-10.4080205963685,2.00678109001819e-14,7.49911506561554,3.40962752323828e-05,3.40962752323828e-05,0,0,0,0,1,accepted
550.274831604377,phy_signal_end,4,3,1,2947,8,-126.074739474425,159.074739474425,Inf,0,-Inf,0,0,0,0,0,0,0,closure
550.420011086064,phy_signal_start,5,1,3,2948,8,-107.875945171156,NaN,-0.900945171156323,NaN,NaN,NaN,NaN,NaN,NaN,NaN,0,0,
550.420023527005,phy_signal_start,4,1,3,2948,8,-120.947516094342,NaN,-13.9725160943423,NaN,NaN,NaN,NaN,NaN,NaN,NaN,0,0,
550.426641086064,phy_interval,5,1,3,2948,8,NaN,NaN,NaN,2.00678109001819e-14,7.49911506561554,NaN,NaN,0,0,NaN,0,0,
550.426641086064,phy_track,5,1,3,2948,8,NaN,NaN,NaN,NaN,7.49911506561554,NaN,NaN,NaN,NaN,NaN,0,0,
550.527111086064,phy_interval,5,1,3,2948,8,NaN,NaN,NaN,2.00678109001819e-14,7.49911506561554,NaN,NaN,0,0,NaN,0,0,
550.527111086064,phy_signal_end,5,1,3,2948,8,-107.875945171156,140.875945171156,-0.900945171156323,2.00678109001819e-14,7.49911506561554,0,0,0,0,0,0,1,accepted
550.527123527005,phy_interval,4,1,3,2948,8,NaN,NaN,NaN,2.00678109001819e-14,-1.58379249041479,NaN,NaN,0,5,NaN,0,0,
550.527123527005,phy_signal_end,4,1,3,2948,8,-120.947516094342,153.947516094342,-13.9725160943423,2.00678109001819e-14,-1.58379249041479,0.0151165618870165,0.0151165618870165,0,5,5,0,0,sync_threshold
550.550011086064,phy_signal_start,5,1,3,2950,8,-107.875945171156,NaN,-0.900945171156323,NaN,NaN,NaN,NaN,NaN,NaN,NaN,0,0,
550.550023527005,phy_signal_start,4,1,3,2950,8,-120.947516094342,NaN,-13.9725160943423,NaN,NaN,NaN,NaN,NaN,NaN,NaN,0,0,
550.556641086064,phy_interval,5,1,3,2950,8,NaN,NaN,NaN,2.00678109001819e-14,7.49911506561554,NaN,NaN,0,0,NaN,0,0,
550.556641086064,phy_track,5,1,3,2950,8,NaN,NaN,NaN,NaN,7.49911506561554,NaN,NaN,NaN,NaN,NaN,0,0,
550.657111086064,phy_interval,5,1,3,2950,8,NaN,NaN,NaN,2.00678109001819e-14,7.49911506561554,NaN,NaN,0,0,NaN,0,0,
550.657111086064,phy_signal_end,5,1,3,2950,8,-107.875945171156,140.875945171156,-0.900945171156323,2.00678109001819e-14,7.49911506561554,0,0,0,0,0,0,1,accepted
550.657123527005,phy_interval,4,1,3,2950,8,NaN,NaN,NaN,2.00678109001819e-14,-1.58379249041479,NaN,NaN,1,9,NaN,0,0,
550.657123527005,phy_signal_end,4,1,3,2950,8,-120.947516094342,153.947516094342,-13.9725160943423,2.00678109001819e-14,-1.58379249041479,0.0151165618870165,0.0151165618870165,1,9,10,0,0,sync_threshold
550.680019162592,phy_signal_start,5,3,1,2951,8,-117.383020596368,NaN,-10.4080205963685,NaN,NaN,NaN,NaN,NaN,NaN,NaN,0,0,
550.686649162592,phy_interval,5,3,1,2951,8,NaN,NaN,NaN,2.00678109001819e-14,7.49911506561554,NaN,NaN,0,0,NaN,0,0,
550.686649162592,phy_track,5,3,1,2951,8,NaN,NaN,NaN,NaN,7.49911506561554,NaN,NaN,NaN,NaN,NaN,0,0,
550.729828977105,phy_signal_end,4,8,2,2949,8,-124.567050032692,157.567050032692,Inf,0,-Inf,0,0,0,0,0,0,0,closure
550.729841420289,phy_signal_end,5,8,2,2949,8,-130.773375084599,163.773375084599,Inf,0,-Inf,0,0,0,0,0,0,0,closure
550.797013632365,phy_signal_start,4,2,8,2952,8,-111.467698021168,NaN,-4.49269802116773,NaN,NaN,NaN,NaN,NaN,NaN,NaN,0,0,
550.803643632365,phy_interval,4,2,8,2952,8,NaN,NaN,NaN,2.00678109001819e-14,-1.58379249041479,NaN,NaN,0,0,NaN,0,0,
550.803643632365,phy_track,4,2,8,2952,8,NaN,NaN,NaN,NaN,-1.58379249041479,NaN,NaN,NaN,NaN,NaN,0,0,
550.862293632365,phy_interval,4,2,8,2952,8,NaN,NaN,NaN,2.00678109001819e-14,-1.58379249041479,NaN,NaN,0,0,NaN,0,0,
550.862293632365,phy_signal_end,4,2,8,2952,8,-111.467698021168,144.467698021168,-4.49269802116773,2.00678109001819e-14,-1.58379249041479,0,0,0,0,0,0,1,accepted
550.862306076559,phy_signal_end,5,2,8,2952,8,-122.734861677906,155.734861677906,Inf,0,-Inf,0,0,0,0,0,0,0,closure
550.924819162592,phy_interval,5,3,1,2951,8,NaN,NaN,NaN,2.00678109001819e-14,7.49911506561554,NaN,NaN,0,1,NaN,0,0,
550.924819162592,phy_signal_end,5,3,1,2951,8,-117.383020596368,150.383020596368,-10.4080205963685,2.00678109001819e-14,7.49911506561554,3.40962752323828e-05,3.40962752323828e-05,0,1,1,0,1,accepted
550.924831604377,phy_signal_end,4,3,1,2951,8,-126.074739474425,159.074739474425,Inf,0,-Inf,0,0,0,0,0,0,0,closure
551.018012444469,phy_signal_start,4,5,1,2954,8,-109.883905530753,NaN,-2.90890553075294,NaN,NaN,NaN,NaN,NaN,NaN,NaN,0,0,
551.024642444469,phy_interval,4,5,1,2954,8,NaN,NaN,NaN,2.00678109001819e-14,-1.58379249041479,NaN,NaN,0,0,NaN,0,0,
551.024642444469,phy_track,4,5,1,2954,8,NaN,NaN,NaN,NaN,-1.58379249041479,NaN,NaN,NaN,NaN,NaN,0,0,
551.145828977105,phy_signal_end,4,8,2,2953,8,-124.567050032692,157.567050032692,Inf,0,-Inf,0,0,0,0,0,0,0,closure
551.145841420289,phy_signal_end,5,8,2,2953,8,-130.773375084599,163.773375084599,Inf,0,-Inf,0,0,0,0,0,0,0,closure
551.262812444469,phy_interval,4,5,1,2954,8,NaN,NaN,NaN,2.00678109001819e-14,-1.58379249041479,NaN,NaN,0,0,NaN,0,0,
551.262812444469,phy_signal_end,4,5,1,2954,8,-109.883905530753,142.883905530753,-2.90890553075294,2.00678109001819e-14,-1.58379249041479,0,0,0,0,0,0,1,accepted
551.278012444469,phy_signal_start,5,4,5,2956,8,-109.883905530753,NaN,-2.90890553075294,NaN,NaN,NaN,NaN,NaN,NaN,NaN,0,0,
551.278019162592,phy_interval,5,4,5,2956,8,NaN,NaN,NaN,2.00678109001819e-14,7.49911506561554,NaN,NaN,0,0,NaN,0,0,
551.278019162592,phy_signal_start,5,3,1,2955,8,-117.383020596368,NaN,-10.4080205963685,NaN,NaN,NaN,NaN,NaN,NaN,NaN,0,0,
551.284642444469,phy_interval,5,4,5,2956,8,NaN,NaN,NaN,2.00678109001819e-14,-7.49911506561554,NaN,NaN,0,0,NaN,1,0,
551.284642444469,phy_interval,5,3,1,2955,8,NaN,NaN,NaN,2.00678109001819e-14,-7.49911506561554,NaN,NaN,0,0,NaN,1,0,
551.284642444469,phy_track,5,4,5,2956,8,NaN,NaN,NaN,NaN,-7.49911506561554,NaN,NaN,NaN,NaN,NaN,0,0,
551.522812444469,phy_interval,5,4,5,2956,8,NaN,NaN,NaN,2.00678109001819e-14,-7.49911506561554,NaN,NaN,0,0,NaN,1,0,
551.522812444469,phy_interval,5,3,1,2955,8,NaN,NaN,NaN,2.00678109001819e-14,-7.49911506561554,NaN,NaN,0,0,NaN,1,0,
551.522812444469,phy_signal_end,5,4,5,2956,8,-109.883905530753,142.883905530753,-2.90890553075294,2.00678109001819e-14,-7.49911506561554,0,0,0,0,0,1,1,accepted
551.522819162592,phy_interval,5,3,1,2955,8,NaN,NaN,NaN,2.00678109001819e-14,-7.49911506561554,NaN,NaN,0,0,NaN,1,0,
551.522819162592,phy_signal_end,5,3,1,2955,8,-117.383020596368,150.383020596368,-10.4080205963685,2.00678109001819e-14,-7.49911506561554,8.31401925095986e-05,8.31401925095986e-05,0,0,0,1,0,not_acquired
551.522831604377,phy_signal_end,4,3,1,2955,8,-126.074739474425,159.074739474425,Inf,0,-Inf,0,0,0,0,0,0,0,closure
551.603011086064,phy_signal_start,5,1,3,2958,8,-107.875945171156,NaN,-0.900945171156323,NaN,NaN,NaN,NaN,NaN,NaN,NaN,0,0,
551.603023527005,phy_signal_start,4,1,3,2958,8,-120.947516094342,NaN,-13.9725160943423,NaN,NaN,NaN,NaN,NaN,NaN,NaN,0,0,
551.609641086064,phy_interval,5,1,3,2958,8,NaN,NaN,NaN,2.00678109001819e-14,-7.49911506561554,NaN,NaN,0,0,NaN,0,0,
551.609641086064,phy_track,5,1,3,2958,8,NaN,NaN,NaN,NaN,-7.49911506561554,NaN,NaN,NaN,NaN,NaN,0,0,
551.694013632365,phy_interval,4,1,3,2958,8,NaN,NaN,NaN,2.00678109001819e-14,-1.58379249041479,NaN,NaN,0,9,NaN,0,0,
551.694013632365,phy_signal_start,4,2,8,2959,8,-111.467698021168,NaN,-4.49269802116773,NaN,NaN,NaN,NaN,NaN,NaN,NaN,0,0,
551.700643632365,phy_interval,4,1,3,2958,8,NaN,NaN,NaN,2.00678109001819e-14,-9.4798180731745,NaN,NaN,0,0,NaN,1,0,
551.700643632365,phy_interval,4,2,8,2959,8,NaN,NaN,NaN,2.00678109001819e-14,-9.4798180731745,NaN,NaN,0,0,NaN,1,0,
551.700643632365,phy_track,4,2,8,2959,8,NaN,NaN,NaN,NaN,-9.4798180731745,NaN,NaN,NaN,NaN,NaN,0,0,
551.710111086064,phy_interval,5,1,3,2958,8,NaN,NaN,NaN,2.00678109001819e-14,-7.49911506561554,NaN,NaN,0,0,NaN,0,0,
551.710111086064,phy_signal_end,5,1,3,2958,8,-107.875945171156,140.875945171156,-0.900945171156323,2.00678109001819e-14,-7.49911506561554,0,0,0,0,0,0,1,accepted
551.710123527005,phy_interval,4,1,3,2958,8,NaN,NaN,NaN,2.00678109001819e-14,-9.4798180731745,NaN,NaN,0,2,NaN,1,0,
551.710123527005,phy_interval,4,2,8,2959,8,NaN,NaN,NaN,2.00678109001819e-14,-9.4798180731745,NaN,NaN,0,0,NaN,1,0,
551.710123527005,phy_signal_end,4,1,3,2958,8,-120.947516094342,153.947516094342,-13.9725160943423,2.00678109001819e-14,-9.4798180731745,0.0165951828517213,0.0165951828517213,0,11,11,1,0,sync_threshold
551.720012444469,phy_interval,4,2,8,2959,8,NaN,NaN,NaN,2.00678109001819e-14,-9.4798180731745,NaN,NaN,0,0,NaN,1,0,
551.720012444469,phy_signal_start,4,5,4,2960,8,-109.883905530753,NaN,-2.90890553075294,NaN,NaN,NaN,NaN,NaN,NaN,NaN,0,0,
551.743828977105,phy_signal_end,4,8,2,2957,8,-124.567050032692,157.567050032692,Inf,0,-Inf,0,0,0,0,0,0,0,closure
551.743841420289,phy_signal_end,5,8,2,2957,8,-130.773375084599,163.773375084599,Inf,0,-Inf,0,0,0,0,0,0,0,closure
551.759293632365,phy_interval,4,2,8,2959,8,NaN,NaN,NaN,2.00678109001819e-14,-1.58379249041479,NaN,NaN,0,0,NaN,2,0,
551.759293632365,phy_interval,4,5,4,2960,8,NaN,NaN,NaN,2.00678109001819e-14,-1.58379249041479,NaN,NaN,0,0,NaN,1,0,
551.759293632365,phy_signal_end,4,2,8,2959,8,-111.467698021168,144.467698021168,-4.49269802116773,2.00678109001819e-14,-1.58379249041479,0,0,0,0,0,2,1,accepted
551.759306076559,phy_signal_end,5,2,8,2959,8,-122.734861677906,155.734861677906,Inf,0,-Inf,0,0,0,0,0,0,0,closure
551.785292444469,phy_interval,4,5,4,2960,8,NaN,NaN,NaN,2.00678109001819e-14,-1.58379249041479,NaN,NaN,0,0,NaN,1,0,
551.785292444469,phy_signal_end,4,5,4,2960,8,-109.883905530753,142.883905530753,-2.90890553075294,2.00678109001819e-14,-1.58379249041479,0,0,0,0,0,1,0,not_acquired
551.811013632365,phy_signal_start,4,2,8,2961,8,-111.467698021168,NaN,-4.49269802116773,NaN,NaN,NaN,NaN,NaN,NaN,NaN,0,0,
551.817643632365,phy_interval,4,2,8,2961,8,NaN,NaN,NaN,2.00678109001819e-14,-1.58379249041479,NaN,NaN,0,0,NaN,0,0,
551.817643632365,phy_track,4,2,8,2961,8,NaN,NaN,NaN,NaN,-1.58379249041479,NaN,NaN,NaN,NaN,NaN,0,0,
551.876293632365,phy_interval,4,2,8,2961,8,NaN,NaN,NaN,2.00678109001819e-14,-1.58379249041479,NaN,NaN,0,0,NaN,0,0,
551.876293632365,phy_signal_end,4,2,8,2961,8,-111.467698021168,144.467698021168,-4.49269802116773,2.00678109001819e-14,-1.58379249041479,0,0,0,0,0,0,1,accepted
551.876306076559,phy_signal_end,5,2,8,2961,8,-122.734861677906,155.734861677906,Inf,0,-Inf,0,0,0,0,0,0,0,closure
552.019013632365,phy_signal_start,4,2,8,2962,8,-111.467698021168,NaN,-4.49269802116773,NaN,NaN,NaN,NaN,NaN,NaN,NaN,0,0,
552.025643632365,phy_interval,4,2,8,2962,8,NaN,NaN,NaN,2.00678109001819e-14,-1.58379249041479,NaN,NaN,0,0,NaN,0,0,
552.025643632365,phy_track,4,2,8,2962,8,NaN,NaN,NaN,NaN,-1.58379249041479,NaN,NaN,NaN,NaN,NaN,0,0,
552.032019162592,phy_signal_start,5,3,1,2963,8,-117.383020596368,NaN,-10.4080205963685,NaN,NaN,NaN,NaN,NaN,NaN,NaN,0,0,
552.038649162592,phy_interval,5,3,1,2963,8,NaN,NaN,NaN,2.00678109001819e-14,-7.49911506561554,NaN,NaN,0,0,NaN,0,0,
552.038649162592,phy_track,5,3,1,2963,8,NaN,NaN,NaN,NaN,-7.49911506561554,NaN,NaN,NaN,NaN,NaN,0,0,
552.084293632365,phy_interval,4,2,8,2962,8,NaN,NaN,NaN,2.00678109001819e-14,-1.58379249041479,NaN,NaN,0,0,NaN,0,0,
552.084293632365,phy_signal_end,4,2,8,2962,8,-111.467698021168,144.467698021168,-4.49269802116773,2.00678109001819e-14,-1.58379249041479,0,0,0,0,0,0,1,accepted
552.084306076559,phy_signal_end,5,2,8,2962,8,-122.734861677906,155.734861677906,Inf,0,-Inf,0,0,0,0,0,0,0,closure
552.276819162592,phy_interval,5,3,1,2963,8,NaN,NaN,NaN,2.00678109001819e-14,-7.49911506561554,NaN,NaN,0,0,NaN,0,0,
552.276819162592,phy_signal_end,5,3,1,2963,8,-117.383020596368,150.383020596368,-10.4080205963685,2.00678109001819e-14,-7.49911506561554,3.40962752323828e-05,3.40962752323828e-05,0,0,0,0,1,accepted
552.276831604377,phy_signal_end,4,3,1,2963,8,-126.074739474425,159.074739474425,Inf,0,-Inf,0,0,0,0,0,0,0,closure
552.279011086064,phy_signal_start,5,1,3,2964,8,-107.875945171156,NaN,-0.900945171156323,NaN,NaN,NaN,NaN,NaN,NaN,NaN,0,0,
552.279023527005,phy_signal_start,4,1,3,2964,8,-120.947516094342,NaN,-13.9725160943423,NaN,NaN,NaN,NaN,NaN,NaN,NaN,0,0,
552.285641086064,phy_interval,5,1,3,2964,8,NaN,NaN,NaN,2.00678109001819e-14,-7.49911506561554,NaN,NaN,0,0,NaN,0,0,
552.285641086064,phy_track,5,1,3,2964,8,NaN,NaN,NaN,NaN,-7.49911506561554,NaN,NaN,NaN,NaN,NaN,0,0,
552.386111086064,phy_interval,5,1,3,2964,8,NaN,NaN,NaN,2.00678109001819e-14,-7.49911506561554,NaN,NaN,0,0,NaN,0,0,
552.386111086064,phy_signal_end,5,1,3,2964,8,-107.875945171156,140.875945171156,-0.900945171156323,2.00678109001819e-14,-7.49911506561554,0,0,0,0,0,0,1,accepted
552.386123527005,phy_interval,4,1,3,2964,8,NaN,NaN,NaN,2.00678109001819e-14,-1.58379249041479,NaN,NaN,0,12,NaN,0,0,
552.386123527005,phy_signal_end,4,1,3,2964,8,-120.947516094342,153.947516094342,-13.9725160943423,2.00678109001819e-14,-1.58379249041479,0.0151165618870165,0.0151165618870165,0,12,12,0,0,sync_threshold
552.396012444469,phy_signal_start,4,5,4,2965,8,-109.883905530753,NaN,-2.90890553075294,NaN,NaN,NaN,NaN,NaN,NaN,NaN,0,0,
552.402642444469,phy_interval,4,5,4,2965,8,NaN,NaN,NaN,2.00678109001819e-14,-1.58379249041479,NaN,NaN,0,0,NaN,0,0,
552.402642444469,phy_track,4,5,4,2965,8,NaN,NaN,NaN,NaN,-1.58379249041479,NaN,NaN,NaN,NaN,NaN,0,0,
552.435013632365,phy_interval,4,5,4,2965,8,NaN,NaN,NaN,2.00678109001819e-14,-1.58379249041479,NaN,NaN,0,0,NaN,0,0,
552.435013632365,phy_signal_start,4,2,8,2966,8,-111.467698021168,NaN,-4.49269802116773,NaN,NaN,NaN,NaN,NaN,NaN,NaN,0,0,
552.461292444469,phy_interval,4,5,4,2965,8,NaN,NaN,NaN,2.00678109001819e-14,-1.58379249041479,NaN,NaN,0,0,NaN,1,0,
552.461292444469,phy_interval,4,2,8,2966,8,NaN,NaN,NaN,2.00678109001819e-14,-1.58379249041479,NaN,NaN,0,0,NaN,1,0,
552.461292444469,phy_signal_end,4,5,4,2965,8,-109.883905530753,142.883905530753,-2.90890553075294,2.00678109001819e-14,-1.58379249041479,0,0,0,0,0,1,1,accepted
552.500293632365,phy_interval,4,2,8,2966,8,NaN,NaN,NaN,2.00678109001819e-14,-1.58379249041479,NaN,NaN,0,0,NaN,1,0,
552.500293632365,phy_signal_end,4,2,8,2966,8,-111.467698021168,144.467698021168,-4.49269802116773,2.00678109001819e-14,-1.58379249041479,0,0,0,0,0,1,0,not_acquired
552.500306076559,phy_signal_end,5,2,8,2966,8,-122.734861677906,155.734861677906,Inf,0,-Inf,0,0,0,0,0,0,0,closure
552.526019162592,phy_signal_start,5,3,1,2967,8,-117.383020596368,NaN,-10.4080205963685,NaN,NaN,NaN,NaN,NaN,NaN,NaN,0,0,
552.532649162592,phy_interval,5,3,1,2967,8,NaN,NaN,NaN,2.00678109001819e-14,-7.49911506561554,NaN,NaN,0,0,NaN,0,0,
552.532649162592,phy_track,5,3,1,2967,8,NaN,NaN,NaN,NaN,-7.49911506561554,NaN,NaN,NaN,NaN,NaN,0,0,
552.578012444469,phy_interval,5,3,1,2967,8,NaN,NaN,NaN,2.00678109001819e-14,-7.49911506561554,NaN,NaN,0,0,NaN,0,0,
552.578012444469,phy_signal_start,5,4,5,2968,8,-109.883905530753,NaN,-2.90890553075294,NaN,NaN,NaN,NaN,NaN,NaN,NaN,0,0,
552.770819162592,phy_interval,5,3,1,2967,8,NaN,NaN,NaN,2.00678109001819e-14,-7.49911506561554,NaN,NaN,0,0,NaN,1,0,
552.770819162592,phy_interval,5,4,5,2968,8,NaN,NaN,NaN,2.00678109001819e-14,-7.49911506561554,NaN,NaN,0,0,NaN,1,0,
552.770819162592,phy_signal_end,5,3,1,2967,8,-117.383020596368,150.383020596368,-10.4080205963685,2.00678109001819e-14,-7.49911506561554,0.00010292368387409,0.00010292368387409,0,0,0,1,1,accepted
552.770831604377,phy_signal_end,4,3,1,2967,8,-126.074739474425,159.074739474425,Inf,0,-Inf,0,0,0,0,0,0,0,closure
552.822812444469,phy_interval,5,4,5,2968,8,NaN,NaN,NaN,2.00678109001819e-14,-7.49911506561554,NaN,NaN,0,0,NaN,1,0,
552.822812444469,phy_signal_end,5,4,5,2968,8,-109.883905530753,142.883905530753,-2.90890553075294,2.00678109001819e-14,-7.49911506561554,0,0,0,0,0,1,0,not_acquired
552.877013632365,phy_signal_start,4,2,8,2969,8,-111.467698021168,NaN,-4.49269802116773,NaN,NaN,NaN,NaN,NaN,NaN,NaN,0,0,
552.883643632365,phy_interval,4,2,8,2969,8,NaN,NaN,NaN,2.00678109001819e-14,-1.58379249041479,NaN,NaN,0,0,NaN,0,0,
552.883643632365,phy_track,4,2,8,2969,8,NaN,NaN,NaN,NaN,-1.58379249041479,NaN,NaN,NaN,NaN,NaN,0,0,
552.942019162592,phy_signal_start,5,3,1,2970,8,-117.383020596368,NaN,-10.4080205963685,NaN,NaN,NaN,NaN,NaN,NaN,NaN,0,0,
552.942293632365,phy_interval,4,2,8,2969,8,NaN,NaN,NaN,2.00678109001819e-14,-1.58379249041479,NaN,NaN,0,0,NaN,0,0,
552.942293632365,phy_signal_end,4,2,8,2969,8,-111.467698021168,144.467698021168,-4.49269802116773,2.00678109001819e-14,-1.58379249041479,0,0,0,0,0,0,1,accepted
552.942306076559,phy_signal_end,5,2,8,2969,8,-122.734861677906,155.734861677906,Inf,0,-Inf,0,0,0,0,0,0,0,closure
552.948649162592,phy_interval,5,3,1,2970,8,NaN,NaN,NaN,2.00678109001819e-14,-7.49911506561554,NaN,NaN,0,0,NaN,0,0,
552.948649162592,phy_track,5,3,1,2970,8,NaN,NaN,NaN,NaN,-7.49911506561554,NaN,NaN,NaN,NaN,NaN,0,0,
553.186819162592,phy_interval,5,3,1,2970,8,NaN,NaN,NaN,2.00678109001819e-14,-7.49911506561554,NaN,NaN,0,0,NaN,0,0,
553.186819162592,phy_signal_end,5,3,1,2970,8,-117.383020596368,150.383020596368,-10.4080205963685,2.00678109001819e-14,-7.49911506561554,3.40962752323828e-05,3.40962752323828e-05,0,0,0,0,1,accepted
553.186831604377,phy_signal_end,4,3,1,2970,8,-126.074739474425,159.074739474425,Inf,0,-Inf,0,0,0,0,0,0,0,closure
553.215012444469,phy_signal_start,4,5,4,2971,8,-109.883905530753,NaN,-2.90890553075294,NaN,NaN,NaN,NaN,NaN,NaN,NaN,0,0,
553.221642444469,phy_interval,4,5,4,2971,8,NaN,NaN,NaN,2.00678109001819e-14,-1.58379249041479,NaN,NaN,0,0,NaN,0,0,
553.221642444469,phy_track,4,5,4,2971,8,NaN,NaN,NaN,NaN,-1.58379249041479,NaN,NaN,NaN,NaN,NaN,0,0,
553.280292444469,phy_interval,4,5,4,2971,8,NaN,NaN,NaN,2.00678109001819e-14,-1.58379249041479,NaN,NaN,0,0,NaN,0,0,
553.280292444469,phy_signal_end,4,5,4,2971,8,-109.883905530753,142.883905530753,-2.90890553075294,2.00678109001819e-14,-1.58379249041479,0,0,0,0,0,0,1,accepted
553.358013632365,phy_signal_start,4,2,4,2972,8,-111.467698021168,NaN,-4.49269802116773,NaN,NaN,NaN,NaN,NaN,NaN,NaN,0,0,
553.364643632365,phy_interval,4,2,4,2972,8,NaN,NaN,NaN,2.00678109001819e-14,-1.58379249041479,NaN,NaN,0,0,NaN,0,0,
553.364643632365,phy_track,4,2,4,2972,8,NaN,NaN,NaN,NaN,-1.58379249041479,NaN,NaN,NaN,NaN,NaN,0,0,
553.397011086064,phy_signal_start,5,1,3,2973,8,-107.875945171156,NaN,-0.900945171156323,NaN,NaN,NaN,NaN,NaN,NaN,NaN,0,0,
553.397023527005,phy_interval,4,2,4,2972,8,NaN,NaN,NaN,2.00678109001819e-14,-1.58379249041479,NaN,NaN,0,0,NaN,0,0,
553.397023527005,phy_signal_start,4,1,3,2973,8,-120.947516094342,NaN,-13.9725160943423,NaN,NaN,NaN,NaN,NaN,NaN,NaN,0,0,
553.403641086064,phy_interval,5,1,3,2973,8,NaN,NaN,NaN,2.00678109001819e-14,-7.49911506561554,NaN,NaN,0,0,NaN,0,0,
553.403641086064,phy_track,5,1,3,2973,8,NaN,NaN,NaN,NaN,-7.49911506561554,NaN,NaN,NaN,NaN,NaN,0,0,
553.504111086064,phy_interval,5,1,3,2973,8,NaN,NaN,NaN,2.00678109001819e-14,-7.49911506561554,NaN,NaN,0,0,NaN,0,0,
553.504111086064,phy_signal_end,5,1,3,2973,8,-107.875945171156,140.875945171156,-0.900945171156323,2.00678109001819e-14,-7.49911506561554,0,0,0,0,0,0,1,accepted
553.504123527005,phy_interval,4,2,4,2972,8,NaN,NaN,NaN,2.00678109001819e-14,-9.4798180731745,NaN,NaN,0,0,NaN,1,0,
553.504123527005,phy_interval,4,1,3,2973,8,NaN,NaN,NaN,2.00678109001819e-14,-9.4798180731745,NaN,NaN,0,12,NaN,1,0,
553.504123527005,phy_signal_end,4,1,3,2973,8,-120.947516094342,153.947516094342,-13.9725160943423,2.00678109001819e-14,-9.4798180731745,0.0163414918796323,0.0163414918796323,0,12,12,1,0,sync_threshold
553.540019162592,phy_signal_start,5,3,1,2974,8,-117.383020596368,NaN,-10.4080205963685,NaN,NaN,NaN,NaN,NaN,NaN,NaN,0,0,
553.546649162592,phy_interval,5,3,1,2974,8,NaN,NaN,NaN,2.00678109001819e-14,-7.49911506561554,NaN,NaN,0,0,NaN,0,0,
553.546649162592,phy_track,5,3,1,2974,8,NaN,NaN,NaN,NaN,-7.49911506561554,NaN,NaN,NaN,NaN,NaN,0,0,
553.602813632365,phy_interval,4,2,4,2972,8,NaN,NaN,NaN,2.00678109001819e-14,-9.4798180731745,NaN,NaN,0,0,NaN,1,0,
553.602813632365,phy_signal_end,4,2,4,2972,8,-111.467698021168,144.467698021168,-4.49269802116773,2.00678109001819e-14,-9.4798180731745,0,0,0,0,0,1,1,accepted
553.602826076559,phy_signal_end,5,2,4,2972,8,-122.734861677906,155.734861677906,Inf,0,-Inf,0,0,0,0,0,0,0,closure
553.631012444469,phy_interval,5,3,1,2974,8,NaN,NaN,NaN,2.00678109001819e-14,-7.49911506561554,NaN,NaN,0,0,NaN,0,0,
553.631012444469,phy_signal_start,5,4,2,2975,8,-109.883905530753,NaN,-2.90890553075294,NaN,NaN,NaN,NaN,NaN,NaN,NaN,0,0,
553.696292444469,phy_interval,5,3,1,2974,8,NaN,NaN,NaN,2.00678109001819e-14,-7.49911506561554,NaN,NaN,0,0,NaN,1,0,
553.696292444469,phy_interval,5,4,2,2975,8,NaN,NaN,NaN,2.00678109001819e-14,-7.49911506561554,NaN,NaN,0,0,NaN,1,0,
553.696292444469,phy_signal_end,5,4,2,2975,8,-109.883905530753,142.883905530753,-2.90890553075294,2.00678109001819e-14,-7.49911506561554,0,0,0,0,0,1,0,not_acquired
553.784819162592,phy_interval,5,3,1,2974,8,NaN,NaN,NaN,2.00678109001819e-14,-7.49911506561554,NaN,NaN,0,0,NaN,1,0,
553.784819162592,phy_signal_end,5,3,1,2974,8,-117.383020596368,150.383020596368,-10.4080205963685,2.00678109001819e-14,-7.49911506561554,0.00010697930294569,0.00010697930294569,0,0,0,1,1,accepted
553.784831604377,phy_signal_end,4,3,1,2974,8,-126.074739474425,159.074739474425,Inf,0,-Inf,0,0,0,0,0,0,0,closure
553.787012444469,phy_signal_start,4,5,4,2977,8,-109.883905530753,NaN,-2.90890553075294,NaN,NaN,NaN,NaN,NaN,NaN,NaN,0,0,
553.787013632365,phy_interval,4,5,4,2977,8,NaN,NaN,NaN,2.00678109001819e-14,-9.4798180731745,NaN,NaN,0,0,NaN,0,0,
553.787013632365,phy_signal_start,4,2,4,2976,8,-111.467698021168,NaN,-4.49269802116773,NaN,NaN,NaN,NaN,NaN,NaN,NaN,0,0,
553.793642444469,phy_interval,4,5,4,2977,8,NaN,NaN,NaN,2.00678109001819e-14,-1.58379249041479,NaN,NaN,0,0,NaN,1,0,
553.793642444469,phy_interval,4,2,4,2976,8,NaN,NaN,NaN,2.00678109001819e-14,-1.58379249041479,NaN,NaN,0,0,NaN,1,0,
553.793642444469,phy_track,4,5,4,2977,8,NaN,NaN,NaN,NaN,-1.58379249041479,NaN,NaN,NaN,NaN,NaN,0,0,
553.852292444469,phy_interval,4,5,4,2977,8,NaN,NaN,NaN,2.00678109001819e-14,-1.58379249041479,NaN,NaN,0,0,NaN,1,0,
553.852292444469,phy_interval,4,2,4,2976,8,NaN,NaN,NaN,2.00678109001819e-14,-1.58379249041479,NaN,NaN,0,0,NaN,1,0,
553.852292444469,phy_signal_end,4,5,4,2977,8,-109.883905530753,142.883905530753,-2.90890553075294,2.00678109001819e-14,-1.58379249041479,0,0,0,0,0,1,1,accepted
553.865012444469,phy_signal_start,5,4,2,2978,8,-109.883905530753,NaN,-2.90890553075294,NaN,NaN,NaN,NaN,NaN,NaN,NaN,0,0,
553.871642444469,phy_interval,5,4,2,2978,8,NaN,NaN,NaN,2.00678109001819e-14,-7.49911506561554,NaN,NaN,0,0,NaN,0,0,
553.871642444469,phy_track,5,4,2,2978,8,NaN,NaN,NaN,NaN,-7.49911506561554,NaN,NaN,NaN,NaN,NaN,0,0,
553.930292444469,phy_interval,5,4,2,2978,8,NaN,NaN,NaN,2.00678109001819e-14,-7.49911506561554,NaN,NaN,0,0,NaN,0,0,
553.930292444469,phy_signal_end,5,4,2,2978,8,-109.883905530753,142.883905530753,-2.90890553075294,2.00678109001819e-14,-7.49911506561554,0,0,0,0,0,0,1,accepted
554.008011086064,phy_signal_start,5,1,3,2979,8,-107.875945171156,NaN,-0.900945171156323,NaN,NaN,NaN,NaN,NaN,NaN,NaN,0,0,
554.008023527005,phy_interval,4,2,4,2976,8,NaN,NaN,NaN,2.00678109001819e-14,-1.58379249041479,NaN,NaN,0,0,NaN,1,0,
554.008023527005,phy_signal_start,4,1,3,2979,8,-120.947516094342,NaN,-13.9725160943423,NaN,NaN,NaN,NaN,NaN,NaN,NaN,0,0,
554.014641086064,phy_interval,5,1,3,2979,8,NaN,NaN,NaN,2.00678109001819e-14,-7.49911506561554,NaN,NaN,0,0,NaN,0,0,
554.014641086064,phy_track,5,1,3,2979,8,NaN,NaN,NaN,NaN,-7.49911506561554,NaN,NaN,NaN,NaN,NaN,0,0,
554.031813632365,phy_interval,4,2,4,2976,8,NaN,NaN,NaN,2.00678109001819e-14,9.4798180731745,NaN,NaN,0,0,NaN,2,0,
554.031813632365,phy_interval,4,1,3,2979,8,NaN,NaN,NaN,2.00678109001819e-14,9.4798180731745,NaN,NaN,1,1,NaN,1,0,
554.031813632365,phy_signal_end,4,2,4,2976,8,-111.467698021168,144.467698021168,-4.49269802116773,2.00678109001819e-14,9.4798180731745,0,0,0,0,0,2,0,half_duplex
554.031826076559,phy_signal_end,5,2,4,2976,8,-122.734861677906,155.734861677906,Inf,0,-Inf,0,0,0,0,0,0,0,closure
554.115111086064,phy_interval,5,1,3,2979,8,NaN,NaN,NaN,2.00678109001819e-14,-7.49911506561554,NaN,NaN,0,0,NaN,0,0,
554.115111086064,phy_signal_end,5,1,3,2979,8,-107.875945171156,140.875945171156,-0.900945171156323,2.00678109001819e-14,-7.49911506561554,0,0,0,0,0,0,1,accepted
554.115123527005,phy_interval,4,1,3,2979,8,NaN,NaN,NaN,2.00678109001819e-14,9.4798180731745,NaN,NaN,0,15,NaN,1,0,
554.115123527005,phy_signal_end,4,1,3,2979,8,-120.947516094342,153.947516094342,-13.9725160943423,2.00678109001819e-14,9.4798180731745,0.021081509255735,0.021081509255735,1,16,17,1,0,sync_threshold
554.177019162592,phy_signal_start,5,3,1,2981,8,-117.383020596368,NaN,-10.4080205963685,NaN,NaN,NaN,NaN,NaN,NaN,NaN,0,0,
554.183649162592,phy_interval,5,3,1,2981,8,NaN,NaN,NaN,2.00678109001819e-14,-7.49911506561554,NaN,NaN,0,0,NaN,0,0,
554.183649162592,phy_track,5,3,1,2981,8,NaN,NaN,NaN,NaN,-7.49911506561554,NaN,NaN,NaN,NaN,NaN,0,0,
554.320012444469,phy_interval,5,3,1,2981,8,NaN,NaN,NaN,2.00678109001819e-14,-7.49911506561554,NaN,NaN,0,0,NaN,0,0,
554.320012444469,phy_signal_start,5,4,2,2982,8,-109.883905530753,NaN,-2.90890553075294,NaN,NaN,NaN,NaN,NaN,NaN,NaN,0,0,
554.343828977105,phy_signal_end,4,8,2,2980,8,-124.567050032692,157.567050032692,Inf,0,-Inf,0,0,0,0,0,0,0,closure
554.343841420289,phy_signal_end,5,8,2,2980,8,-130.773375084599,163.773375084599,Inf,0,-Inf,0,0,0,0,0,0,0,closure
554.385292444469,phy_interval,5,3,1,2981,8,NaN,NaN,NaN,2.00678109001819e-14,-7.49911506561554,NaN,NaN,0,0,NaN,1,0,
554.385292444469,phy_interval,5,4,2,2982,8,NaN,NaN,NaN,2.00678109001819e-14,-7.49911506561554,NaN,NaN,0,0,NaN,1,0,
554.385292444469,phy_signal_end,5,4,2,2982,8,-109.883905530753,142.883905530753,-2.90890553075294,2.00678109001819e-14,-7.49911506561554,0,0,0,0,0,1,0,not_acquired
554.421819162592,phy_interval,5,3,1,2981,8,NaN,NaN,NaN,2.00678109001819e-14,-7.49911506561554,NaN,NaN,0,0,NaN,1,0,
554.421819162592,phy_signal_end,5,3,1,2981,8,-117.383020596368,150.383020596368,-10.4080205963685,2.00678109001819e-14,-7.49911506561554,8.99324861083541e-05,8.99324861083541e-05,0,0,0,1,1,accepted
554.421831604377,phy_signal_end,4,3,1,2981,8,-126.074739474425,159.074739474425,Inf,0,-Inf,0,0,0,0,0,0,0,closure
554.489013632365,phy_signal_start,4,2,8,2983,8,-111.467698021168,NaN,-4.49269802116773,NaN,NaN,NaN,NaN,NaN,NaN,NaN,0,0,
554.495643632365,phy_interval,4,2,8,2983,8,NaN,NaN,NaN,2.00678109001819e-14,9.4798180731745,NaN,NaN,0,0,NaN,0,0,
554.495643632365,phy_track,4,2,8,2983,8,NaN,NaN,NaN,NaN,9.4798180731745,NaN,NaN,NaN,NaN,NaN,0,0,
554.541012444469,phy_interval,4,2,8,2983,8,NaN,NaN,NaN,2.00678109001819e-14,9.4798180731745,NaN,NaN,0,0,NaN,0,0,
554.541012444469,phy_signal_start,4,5,4,2984,8,-109.883905530753,NaN,-2.90890553075294,NaN,NaN,NaN,NaN,NaN,NaN,NaN,0,0,
554.554293632365,phy_interval,4,2,8,2983,8,NaN,NaN,NaN,2.00678109001819e-14,-1.58379249041479,NaN,NaN,0,0,NaN,1,0,
554.554293632365,phy_interval,4,5,4,2984,8,NaN,NaN,NaN,2.00678109001819e-14,-1.58379249041479,NaN,NaN,0,0,NaN,1,0,
554.554293632365,phy_signal_end,4,2,8,2983,8,-111.467698021168,144.467698021168,-4.49269802116773,2.00678109001819e-14,-1.58379249041479,0,0,0,0,0,1,1,accepted
554.554306076559,phy_signal_end,5,2,8,2983,8,-122.734861677906,155.734861677906,Inf,0,-Inf,0,0,0,0,0,0,0,closure
554.606292444469,phy_interval,4,5,4,2984,8,NaN,NaN,NaN,2.00678109001819e-14,-1.58379249041479,NaN,NaN,0,0,NaN,1,0,
554.606292444469,phy_signal_end,4,5,4,2984,8,-109.883905530753,142.883905530753,-2.90890553075294,2.00678109001819e-14,-1.58379249041479,0,0,0,0,0,1,0,not_acquired
554.658012444469,phy_signal_start,5,4,2,2985,8,-109.883905530753,NaN,-2.90890553075294,NaN,NaN,NaN,NaN,NaN,NaN,NaN,0,0,
554.664642444469,phy_interval,5,4,2,2985,8,NaN,NaN,NaN,2.00678109001819e-14,-7.49911506561554,NaN,NaN,0,0,NaN,0,0,
554.664642444469,phy_track,5,4,2,2985,8,NaN,NaN,NaN,NaN,-7.49911506561554,NaN,NaN,NaN,NaN,NaN,0,0,
554.723292444469,phy_interval,5,4,2,2985,8,NaN,NaN,NaN,2.00678109001819e-14,-7.49911506561554,NaN,NaN,0,0,NaN,0,0,
554.723292444469,phy_signal_end,5,4,2,2985,8,-109.883905530753,142.883905530753,-2.90890553075294,2.00678109001819e-14,-7.49911506561554,0,0,0,0,0,0,1,accepted
554.736019162592,phy_signal_start,5,3,1,2986,8,-117.383020596368,NaN,-10.4080205963685,NaN,NaN,NaN,NaN,NaN,NaN,NaN,0,0,
554.742649162592,phy_interval,5,3,1,2986,8,NaN,NaN,NaN,2.00678109001819e-14,-7.49911506561554,NaN,NaN,0,0,NaN,0,0,
554.742649162592,phy_track,5,3,1,2986,8,NaN,NaN,NaN,NaN,-7.49911506561554,NaN,NaN,NaN,NaN,NaN,0,0,
554.749012444469,phy_interval,5,3,1,2986,8,NaN,NaN,NaN,2.00678109001819e-14,-7.49911506561554,NaN,NaN,0,0,NaN,0,0,
554.749012444469,phy_signal_start,5,4,2,2987,8,-109.883905530753,NaN,-2.90890553075294,NaN,NaN,NaN,NaN,NaN,NaN,NaN,0,0,
554.814292444469,phy_interval,5,3,1,2986,8,NaN,NaN,NaN,2.00678109001819e-14,-7.49911506561554,NaN,NaN,0,0,NaN,1,0,
554.814292444469,phy_interval,5,4,2,2987,8,NaN,NaN,NaN,2.00678109001819e-14,-7.49911506561554,NaN,NaN,0,0,NaN,1,0,
554.814292444469,phy_signal_end,5,4,2,2987,8,-109.883905530753,142.883905530753,-2.90890553075294,2.00678109001819e-14,-7.49911506561554,0,0,0,0,0,1,0,not_acquired
554.866013632365,phy_signal_start,4,2,8,2988,8,-111.467698021168,NaN,-4.49269802116773,NaN,NaN,NaN,NaN,NaN,NaN,NaN,0,0,
554.872643632365,phy_interval,4,2,8,2988,8,NaN,NaN,NaN,2.00678109001819e-14,-1.58379249041479,NaN,NaN,0,0,NaN,0,0,
554.872643632365,phy_track,4,2,8,2988,8,NaN,NaN,NaN,NaN,-1.58379249041479,NaN,NaN,NaN,NaN,NaN,0,0,
554.931293632365,phy_interval,4,2,8,2988,8,NaN,NaN,NaN,2.00678109001819e-14,-1.58379249041479,NaN,NaN,0,0,NaN,0,0,
554.931293632365,phy_signal_end,4,2,8,2988,8,-111.467698021168,144.467698021168,-4.49269802116773,2.00678109001819e-14,-1.58379249041479,0,0,0,0,0,0,1,accepted
554.931306076559,phy_signal_end,5,2,8,2988,8,-122.734861677906,155.734861677906,Inf,0,-Inf,0,0,0,0,0,0,0,closure
554.970013632365,phy_signal_start,4,2,8,2989,8,-111.467698021168,NaN,-4.49269802116773,NaN,NaN,NaN,NaN,NaN,NaN,NaN,0,0,
554.976643632365,phy_interval,4,2,8,2989,8,NaN,NaN,NaN,2.00678109001819e-14,-1.58379249041479,NaN,NaN,0,0,NaN,0,0,
554.976643632365,phy_track,4,2,8,2989,8,NaN,NaN,NaN,NaN,-1.58379249041479,NaN,NaN,NaN,NaN,NaN,0,0,
554.980819162592,phy_interval,5,3,1,2986,8,NaN,NaN,NaN,2.00678109001819e-14,-7.49911506561554,NaN,NaN,0,0,NaN,1,0,
554.980819162592,phy_signal_end,5,3,1,2986,8,-117.383020596368,150.383020596368,-10.4080205963685,2.00678109001819e-14,-7.49911506561554,7.43694815941743e-05,7.43694815941743e-05,0,0,0,1,1,accepted
554.980831604377,phy_signal_end,4,3,1,2986,8,-126.074739474425,159.074739474425,Inf,0,-Inf,0,0,0,0,0,0,0,closure
555.035293632365,phy_interval,4,2,8,2989,8,NaN,NaN,NaN,2.00678109001819e-14,-1.58379249041479,NaN,NaN,0,0,NaN,0,0,
555.035293632365,phy_signal_end,4,2,8,2989,8,-111.467698021168,144.467698021168,-4.49269802116773,2.00678109001819e-14,-1.58379249041479,0,0,0,0,0,0,1,accepted
555.035306076559,phy_signal_end,5,2,8,2989,8,-122.734861677906,155.734861677906,Inf,0,-Inf,0,0,0,0,0,0,0,closure
555.061011086064,phy_signal_start,5,1,3,2990,8,-107.875945171156,NaN,-0.900945171156323,NaN,NaN,NaN,NaN,NaN,NaN,NaN,0,0,
555.061023527005,phy_signal_start,4,1,3,2990,8,-120.947516094342,NaN,-13.9725160943423,NaN,NaN,NaN,NaN,NaN,NaN,NaN,0,0,
555.067641086064,phy_interval,5,1,3,2990,8,NaN,NaN,NaN,2.00678109001819e-14,-7.49911506561554,NaN,NaN,0,0,NaN,0,0,
555.067641086064,phy_track,5,1,3,2990,8,NaN,NaN,NaN,NaN,-7.49911506561554,NaN,NaN,NaN,NaN,NaN,0,0,
555.126012444469,phy_interval,5,1,3,2990,8,NaN,NaN,NaN,2.00678109001819e-14,-7.49911506561554,NaN,NaN,0,0,NaN,0,0,
555.126012444469,phy_signal_start,5,4,5,2991,8,-109.883905530753,NaN,-2.90890553075294,NaN,NaN,NaN,NaN,NaN,NaN,NaN,0,0,
555.168111086064,phy_interval,5,1,3,2990,8,NaN,NaN,NaN,2.00678109001819e-14,-2.00796035959661,NaN,NaN,0,0,NaN,1,0,
555.168111086064,phy_interval,5,4,5,2991,8,NaN,NaN,NaN,2.00678109001819e-14,-2.00796035959661,NaN,NaN,0,0,NaN,1,0,
555.168111086064,phy_signal_end,5,1,3,2990,8,-107.875945171156,140.875945171156,-0.900945171156323,2.00678109001819e-14,-2.00796035959661,0,0,0,0,0,1,1,accepted
555.168123527005,phy_interval,4,1,3,2990,8,NaN,NaN,NaN,2.00678109001819e-14,-1.58379249041479,NaN,NaN,1,5,NaN,0,0,
555.168123527005,phy_signal_end,4,1,3,2990,8,-120.947516094342,153.947516094342,-13.9725160943423,2.00678109001819e-14,-1.58379249041479,0.0151165618870165,0.0151165618870165,1,5,6,0,0,half_duplex
555.256019162592,phy_interval,5,4,5,2991,8,NaN,NaN,NaN,2.00678109001819e-14,-2.00796035959661,NaN,NaN,0,0,NaN,1,0,
555.256019162592,phy_signal_start,5,3,1,2992,8,-117.383020596368,NaN,-10.4080205963685,NaN,NaN,NaN,NaN,NaN,NaN,NaN,0,0,
555.262649162592,phy_interval,5,4,5,2991,8,NaN,NaN,NaN,2.00678109001819e-14,7.49911506561554,NaN,NaN,0,0,NaN,2,0,
555.262649162592,phy_interval,5,3,1,2992,8,NaN,NaN,NaN,2.00678109001819e-14,7.49911506561554,NaN,NaN,0,0,NaN,1,0,
555.262649162592,phy_track,5,3,1,2992,8,NaN,NaN,NaN,NaN,7.49911506561554,NaN,NaN,NaN,NaN,NaN,0,0,
555.370812444469,phy_interval,5,4,5,2991,8,NaN,NaN,NaN,2.00678109001819e-14,7.49911506561554,NaN,NaN,0,0,NaN,2,0,
555.370812444469,phy_interval,5,3,1,2992,8,NaN,NaN,NaN,2.00678109001819e-14,7.49911506561554,NaN,NaN,0,0,NaN,1,0,
555.370812444469,phy_signal_end,5,4,5,2991,8,-109.883905530753,142.883905530753,-2.90890553075294,2.00678109001819e-14,7.49911506561554,0,0,0,0,0,2,0,not_acquired
555.500819162592,phy_interval,5,3,1,2992,8,NaN,NaN,NaN,2.00678109001819e-14,7.49911506561554,NaN,NaN,0,0,NaN,1,0,
555.500819162592,phy_signal_end,5,3,1,2992,8,-117.383020596368,150.383020596368,-10.4080205963685,2.00678109001819e-14,7.49911506561554,0.00014079259313862,0.00014079259313862,0,0,0,1,1,accepted
555.500831604377,phy_signal_end,4,3,1,2992,8,-126.074739474425,159.074739474425,Inf,0,-Inf,0,0,0,0,0,0,0,closure
555.529012444469,phy_signal_start,4,5,1,2993,8,-109.883905530753,NaN,-2.90890553075294,NaN,NaN,NaN,NaN,NaN,NaN,NaN,0,0,
555.535642444469,phy_interval,4,5,1,2993,8,NaN,NaN,NaN,2.00678109001819e-14,-1.58379249041479,NaN,NaN,0,0,NaN,0,0,
555.535642444469,phy_track,4,5,1,2993,8,NaN,NaN,NaN,NaN,-1.58379249041479,NaN,NaN,NaN,NaN,NaN,0,0,
555.555013632365,phy_interval,4,5,1,2993,8,NaN,NaN,NaN,2.00678109001819e-14,-1.58379249041479,NaN,NaN,0,0,NaN,0,0,
555.555013632365,phy_signal_start,4,2,8,2994,8,-111.467698021168,NaN,-4.49269802116773,NaN,NaN,NaN,NaN,NaN,NaN,NaN,0,0,
555.620293632365,phy_interval,4,5,1,2993,8,NaN,NaN,NaN,2.00678109001819e-14,-1.58379249041479,NaN,NaN,0,0,NaN,1,0,
555.620293632365,phy_interval,4,2,8,2994,8,NaN,NaN,NaN,2.00678109001819e-14,-1.58379249041479,NaN,NaN,0,0,NaN,1,0,
555.620293632365,phy_signal_end,4,2,8,2994,8,-111.467698021168,144.467698021168,-4.49269802116773,2.00678109001819e-14,-1.58379249041479,0,0,0,0,0,1,0,not_acquired
555.620306076559,phy_signal_end,5,2,8,2994,8,-122.734861677906,155.734861677906,Inf,0,-Inf,0,0,0,0,0,0,0,closure
555.724013632365,phy_interval,4,5,1,2993,8,NaN,NaN,NaN,2.00678109001819e-14,-1.58379249041479,NaN,NaN,0,0,NaN,1,0,
555.724013632365,phy_signal_start,4,2,8,2995,8,-111.467698021168,NaN,-4.49269802116773,NaN,NaN,NaN,NaN,NaN,NaN,NaN,0,0,
555.773812444469,phy_interval,4,5,1,2993,8,NaN,NaN,NaN,2.00678109001819e-14,-1.58379249041479,NaN,NaN,0,0,NaN,2,0,
555.773812444469,phy_interval,4,2,8,2995,8,NaN,NaN,NaN,2.00678109001819e-14,-1.58379249041479,NaN,NaN,0,0,NaN,1,0,
555.773812444469,phy_signal_end,4,5,1,2993,8,-109.883905530753,142.883905530753,-2.90890553075294,2.00678109001819e-14,-1.58379249041479,0,0,0,0,0,2,1,accepted
555.789012444469,phy_interval,4,2,8,2995,8,NaN,NaN,NaN,2.00678109001819e-14,-1.58379249041479,NaN,NaN,0,0,NaN,1,0,
555.789012444469,phy_signal_start,4,5,1,2996,8,-109.883905530753,NaN,-2.90890553075294,NaN,NaN,NaN,NaN,NaN,NaN,NaN,0,0,
555.789293632365,phy_interval,4,2,8,2995,8,NaN,NaN,NaN,2.00678109001819e-14,-1.58379249041479,NaN,NaN,0,0,NaN,2,0,
555.789293632365,phy_interval,4,5,1,2996,8,NaN,NaN,NaN,2.00678109001819e-14,-1.58379249041479,NaN,NaN,0,0,NaN,1,0,
555.789293632365,phy_signal_end,4,2,8,2995,8,-111.467698021168,144.467698021168,-4.49269802116773,2.00678109001819e-14,-1.58379249041479,0,0,0,0,0,2,0,not_acquired
555.789306076559,phy_signal_end,5,2,8,2995,8,-122.734861677906,155.734861677906,Inf,0,-Inf,0,0,0,0,0,0,0,closure
555.795642444469,phy_interval,4,5,1,2996,8,NaN,NaN,NaN,2.00678109001819e-14,-1.58379249041479,NaN,NaN,0,0,NaN,1,0,
555.795642444469,phy_track,4,5,1,2996,8,NaN,NaN,NaN,NaN,-1.58379249041479,NaN,NaN,NaN,NaN,NaN,0,0,
556.033812444469,phy_interval,4,5,1,2996,8,NaN,NaN,NaN,2.00678109001819e-14,-1.58379249041479,NaN,NaN,0,0,NaN,1,0,
556.033812444469,phy_signal_end,4,5,1,2996,8,-109.883905530753,142.883905530753,-2.90890553075294,2.00678109001819e-14,-1.58379249041479,0,0,0,0,0,1,1,accepted
556.062011086064,phy_signal_start,5,1,3,2997,8,-107.875945171156,NaN,-0.900945171156323,NaN,NaN,NaN,NaN,NaN,NaN,NaN,0,0,
556.062023527005,phy_signal_start,4,1,3,2997,8,-120.947516094342,NaN,-13.9725160943423,NaN,NaN,NaN,NaN,NaN,NaN,NaN,0,0,
556.068641086064,phy_interval,5,1,3,2997,8,NaN,NaN,NaN,2.00678109001819e-14,7.49911506561554,NaN,NaN,0,0,NaN,0,0,
556.068641086064,phy_track,5,1,3,2997,8,NaN,NaN,NaN,NaN,7.49911506561554,NaN,NaN,NaN,NaN,NaN,0,0,
556.075013632365,phy_interval,4,1,3,2997,8,NaN,NaN,NaN,2.00678109001819e-14,-1.58379249041479,NaN,NaN,0,0,NaN,0,0,
556.075013632365,phy_signal_start,4,2,4,2998,8,-111.467698021168,NaN,-4.49269802116773,NaN,NaN,NaN,NaN,NaN,NaN,NaN,0,0,
556.081643632365,phy_interval,4,1,3,2997,8,NaN,NaN,NaN,2.00678109001819e-14,-9.4798180731745,NaN,NaN,1,0,NaN,1,0,
556.081643632365,phy_interval,4,2,4,2998,8,NaN,NaN,NaN,2.00678109001819e-14,-9.4798180731745,NaN,NaN,0,0,NaN,1,0,
556.081643632365,phy_track,4,2,4,2998,8,NaN,NaN,NaN,NaN,-9.4798180731745,NaN,NaN,NaN,NaN,NaN,0,0,
556.169111086064,phy_interval,5,1,3,2997,8,NaN,NaN,NaN,2.00678109001819e-14,7.49911506561554,NaN,NaN,0,0,NaN,0,0,
556.169111086064,phy_signal_end,5,1,3,2997,8,-107.875945171156,140.875945171156,-0.900945171156323,2.00678109001819e-14,7.49911506561554,0,0,0,0,0,0,1,accepted
556.169123527005,phy_interval,4,1,3,2997,8,NaN,NaN,NaN,2.00678109001819e-14,-9.4798180731745,NaN,NaN,0,9,NaN,1,0,
556.169123527005,phy_interval,4,2,4,2998,8,NaN,NaN,NaN,2.00678109001819e-14,-9.4798180731745,NaN,NaN,0,0,NaN,1,0,
556.169123527005,phy_signal_end,4,1,3,2997,8,-120.947516094342,153.947516094342,-13.9725160943423,2.00678109001819e-14,-9.4798180731745,0.0166563100757083,0.0166563100757083,1,9,10,1,0,sync_threshold
556.205011086064,phy_signal_start,5,1,3,2999,8,-107.875945171156,NaN,-0.900945171156323,NaN,NaN,NaN,NaN,NaN,NaN,NaN,0,0,
556.205023527005,phy_interval,4,2,4,2998,8,NaN,NaN,NaN,2.00678109001819e-14,-9.4798180731745,NaN,NaN,0,0,NaN,1,0,
556.205023527005,phy_signal_start,4,1,3,2999,8,-120.947516094342,NaN,-13.9725160943423,NaN,NaN,NaN,NaN,NaN,NaN,NaN,0,0,
556.211641086064,phy_interval,5,1,3,2999,8,NaN,NaN,NaN,2.00678109001819e-14,7.49911506561554,NaN,NaN,0,0,NaN,0,0,
556.211641086064,phy_track,5,1,3,2999,8,NaN,NaN,NaN,NaN,7.49911506561554,NaN,NaN,NaN,NaN,NaN,0,0,
556.312111086064,phy_interval,5,1,3,2999,8,NaN,NaN,NaN,2.00678109001819e-14,7.49911506561554,NaN,NaN,0,0,NaN,0,0,
556.312111086064,phy_signal_end,5,1,3,2999,8,-107.875945171156,140.875945171156,-0.900945171156323,2.00678109001819e-14,7.49911506561554,0,0,0,0,0,0,1,accepted
556.312123527005,phy_interval,4,2,4,2998,8,NaN,NaN,NaN,2.00678109001819e-14,-9.4798180731745,NaN,NaN,0,0,NaN,2,0,
556.312123527005,phy_interval,4,1,3,2999,8,NaN,NaN,NaN,2.00678109001819e-14,-9.4798180731745,NaN,NaN,1,7,NaN,1,0,
556.312123527005,phy_signal_end,4,1,3,2999,8,-120.947516094342,153.947516094342,-13.9725160943423,2.00678109001819e-14,-9.4798180731745,0.0167392049064622,0.0167392049064622,1,7,8,1,0,sync_threshold
556.319813632365,phy_interval,4,2,4,2998,8,NaN,NaN,NaN,2.00678109001819e-14,-9.4798180731745,NaN,NaN,0,0,NaN,2,0,
556.319813632365,phy_signal_end,4,2,4,2998,8,-111.467698021168,144.467698021168,-4.49269802116773,2.00678109001819e-14,-9.4798180731745,0,0,0,0,0,2,1,accepted
556.319826076559,phy_signal_end,5,2,4,2998,8,-122.734861677906,155.734861677906,Inf,0,-Inf,0,0,0,0,0,0,0,closure
556.361011086064,phy_signal_start,5,1,3,3000,8,-107.875945171156,NaN,-0.900945171156323,NaN,NaN,NaN,NaN,NaN,NaN,NaN,0,0,
556.361023527005,phy_signal_start,4,1,3,3000,8,-120.947516094342,NaN,-13.9725160943423,NaN,NaN,NaN,NaN,NaN,NaN,NaN,0,0,
556.367641086064,phy_interval,5,1,3,3000,8,NaN,NaN,NaN,2.00678109001819e-14,7.49911506561554,NaN,NaN,0,0,NaN,0,0,
556.367641086064,phy_track,5,1,3,3000,8,NaN,NaN,NaN,NaN,7.49911506561554,NaN,NaN,NaN,NaN,NaN,0,0,
556.468111086064,phy_interval,5,1,3,3000,8,NaN,NaN,NaN,2.00678109001819e-14,7.49911506561554,NaN,NaN,0,0,NaN,0,0,
556.468111086064,phy_signal_end,5,1,3,3000,8,-107.875945171156,140.875945171156,-0.900945171156323,2.00678109001819e-14,7.49911506561554,0,0,0,0,0,0,1,accepted
556.468123527005,phy_interval,4,1,3,3000,8,NaN,NaN,NaN,2.00678109001819e-14,-9.4798180731745,NaN,NaN,1,9,NaN,0,0,
556.468123527005,phy_signal_end,4,1,3,3000,8,-120.947516094342,153.947516094342,-13.9725160943423,2.00678109001819e-14,-9.4798180731745,0.0151165618870165,0.0151165618870165,1,9,10,0,0,sync_threshold
556.556019162592,phy_signal_start,5,3,1,3001,8,-117.383020596368,NaN,-10.4080205963685,NaN,NaN,NaN,NaN,NaN,NaN,NaN,0,0,
556.562649162592,phy_interval,5,3,1,3001,8,NaN,NaN,NaN,2.00678109001819e-14,7.49911506561554,NaN,NaN,0,0,NaN,0,0,
556.562649162592,phy_track,5,3,1,3001,8,NaN,NaN,NaN,NaN,7.49911506561554,NaN,NaN,NaN,NaN,NaN,0,0,
556.582012444469,phy_interval,5,3,1,3001,8,NaN,NaN,NaN,2.00678109001819e-14,7.49911506561554,NaN,NaN,0,0,NaN,0,0,
556.582012444469,phy_signal_start,5,4,2,3002,8,-109.883905530753,NaN,-2.90890553075294,NaN,NaN,NaN,NaN,NaN,NaN,NaN,0,0,
556.647292444469,phy_interval,5,3,1,3001,8,NaN,NaN,NaN,2.00678109001819e-14,-7.49911506561554,NaN,NaN,0,0,NaN,1,0,
556.647292444469,phy_interval,5,4,2,3002,8,NaN,NaN,NaN,2.00678109001819e-14,-7.49911506561554,NaN,NaN,0,0,NaN,1,0,
556.647292444469,phy_signal_end,5,4,2,3002,8,-109.883905530753,142.883905530753,-2.90890553075294,2.00678109001819e-14,-7.49911506561554,0,0,0,0,0,1,0,not_acquired
556.699012444469,phy_interval,5,3,1,3001,8,NaN,NaN,NaN,2.00678109001819e-14,-7.49911506561554,NaN,NaN,0,0,NaN,1,0,
556.699012444469,phy_signal_start,5,4,2,3003,8,-109.883905530753,NaN,-2.90890553075294,NaN,NaN,NaN,NaN,NaN,NaN,NaN,0,0,
556.764292444469,phy_interval,5,3,1,3001,8,NaN,NaN,NaN,2.00678109001819e-14,-7.49911506561554,NaN,NaN,0,0,NaN,2,0,
556.764292444469,phy_interval,5,4,2,3003,8,NaN,NaN,NaN,2.00678109001819e-14,-7.49911506561554,NaN,NaN,0,0,NaN,1,0,
556.764292444469,phy_signal_end,5,4,2,3003,8,-109.883905530753,142.883905530753,-2.90890553075294,2.00678109001819e-14,-7.49911506561554,0,0,0,0,0,1,0,not_acquired
556.800819162592,phy_interval,5,3,1,3001,8,NaN,NaN,NaN,2.00678109001819e-14,-7.49911506561554,NaN,NaN,0,0,NaN,2,0,
556.800819162592,phy_signal_end,5,3,1,3001,8,-117.383020596368,150.383020596368,-10.4080205963685,2.00678109001819e-14,-7.49911506561554,8.99324861083541e-05,8.99324861083541e-05,0,0,0,2,1,accepted
556.800831604377,phy_signal_end,4,3,1,3001,8,-126.074739474425,159.074739474425,Inf,0,-Inf,0,0,0,0,0,0,0,closure
556.803013632365,phy_signal_start,4,2,4,3004,8,-111.467698021168,NaN,-4.49269802116773,NaN,NaN,NaN,NaN,NaN,NaN,NaN,0,0,
556.809643632365,phy_interval,4,2,4,3004,8,NaN,NaN,NaN,2.00678109001819e-14,-9.4798180731745,NaN,NaN,0,0,NaN,0,0,
556.809643632365,phy_track,4,2,4,3004,8,NaN,NaN,NaN,NaN,-9.4798180731745,NaN,NaN,NaN,NaN,NaN,0,0,
556.855019162592,phy_signal_start,5,3,1,3005,8,-117.383020596368,NaN,-10.4080205963685,NaN,NaN,NaN,NaN,NaN,NaN,NaN,0,0,
556.861649162592,phy_interval,5,3,1,3005,8,NaN,NaN,NaN,2.00678109001819e-14,-7.49911506561554,NaN,NaN,0,0,NaN,0,0,
556.861649162592,phy_track,5,3,1,3005,8,NaN,NaN,NaN,NaN,-7.49911506561554,NaN,NaN,NaN,NaN,NaN,0,0,
557.047813632365,phy_interval,4,2,4,3004,8,NaN,NaN,NaN,2.00678109001819e-14,-9.4798180731745,NaN,NaN,0,0,NaN,0,0,
557.047813632365,phy_signal_end,4,2,4,3004,8,-111.467698021168,144.467698021168,-4.49269802116773,2.00678109001819e-14,-9.4798180731745,0,0,0,0,0,0,1,accepted
557.047826076559,phy_signal_end,5,2,4,3004,8,-122.734861677906,155.734861677906,Inf,0,-Inf,0,0,0,0,0,0,0,closure
557.050012444469,phy_interval,5,3,1,3005,8,NaN,NaN,NaN,2.00678109001819e-14,-7.49911506561554,NaN,NaN,0,0,NaN,0,0,
557.050012444469,phy_signal_start,5,4,2,3006,8,-109.883905530753,NaN,-2.90890553075294,NaN,NaN,NaN,NaN,NaN,NaN,NaN,0,0,
557.099819162592,phy_interval,5,3,1,3005,8,NaN,NaN,NaN,2.00678109001819e-14,-7.49911506561554,NaN,NaN,0,0,NaN,1,0,
557.099819162592,phy_interval,5,4,2,3006,8,NaN,NaN,NaN,2.00678109001819e-14,-7.49911506561554,NaN,NaN,0,0,NaN,1,0,
557.099819162592,phy_signal_end,5,3,1,3005,8,-117.383020596368,150.383020596368,-10.4080205963685,2.00678109001819e-14,-7.49911506561554,8.80695441799548e-05,8.80695441799548e-05,0,0,0,1,1,accepted
557.099831604377,phy_signal_end,4,3,1,3005,8,-126.074739474425,159.074739474425,Inf,0,-Inf,0,0,0,0,0,0,0,closure
557.102019162592,phy_interval,5,4,2,3006,8,NaN,NaN,NaN,2.00678109001819e-14,-7.49911506561554,NaN,NaN,0,0,NaN,1,0,
557.102019162592,phy_signal_start,5,3,1,3007,8,-117.383020596368,NaN,-10.4080205963685,NaN,NaN,NaN,NaN,NaN,NaN,NaN,0,0,
557.108649162592,phy_interval,5,4,2,3006,8,NaN,NaN,NaN,2.00678109001819e-14,7.49911506561554,NaN,NaN,0,0,NaN,2,0,
557.108649162592,phy_interval,5,3,1,3007,8,NaN,NaN,NaN,2.00678109001819e-14,7.49911506561554,NaN,NaN,0,0,NaN,1,0,
557.108649162592,phy_track,5,3,1,3007,8,NaN,NaN,NaN,NaN,7.49911506561554,NaN,NaN,NaN,NaN,NaN,0,0,
557.115292444469,phy_interval,5,4,2,3006,8,NaN,NaN,NaN,2.00678109001819e-14,7.49911506561554,NaN,NaN,0,0,NaN,2,0,
557.115292444469,phy_interval,5,3,1,3007,8,NaN,NaN,NaN,2.00678109001819e-14,7.49911506561554,NaN,NaN,0,0,NaN,1,0,
557.115292444469,phy_signal_end,5,4,2,3006,8,-109.883905530753,142.883905530753,-2.90890553075294,2.00678109001819e-14,7.49911506561554,0,0,0,0,0,2,0,not_acquired
557.346819162592,phy_interval,5,3,1,3007,8,NaN,NaN,NaN,2.00678109001819e-14,7.49911506561554,NaN,NaN,0,0,NaN,1,0,
557.346819162592,phy_signal_end,5,3,1,3007,8,-117.383020596368,150.383020596368,-10.4080205963685,2.00678109001819e-14,7.49911506561554,0.00012895547213862,0.00012895547213862,0,0,0,1,1,accepted
557.346831604377,phy_signal_end,4,3,1,3007,8,-126.074739474425,159.074739474425,Inf,0,-Inf,0,0,0,0,0,0,0,closure
557.375012444469,phy_signal_start,4,5,1,3008,8,-109.883905530753,NaN,-2.90890553075294,NaN,NaN,NaN,NaN,NaN,NaN,NaN,0,0,
557.381642444469,phy_interval,4,5,1,3008,8,NaN,NaN,NaN,2.00678109001819e-14,-9.4798180731745,NaN,NaN,0,0,NaN,0,0,
557.381642444469,phy_track,4,5,1,3008,8,NaN,NaN,NaN,NaN,-9.4798180731745,NaN,NaN,NaN,NaN,NaN,0,0,
557.609013632365,phy_interval,4,5,1,3008,8,NaN,NaN,NaN,2.00678109001819e-14,-9.4798180731745,NaN,NaN,0,0,NaN,0,0,
557.609013632365,phy_signal_start,4,2,4,3009,8,-111.467698021168,NaN,-4.49269802116773,NaN,NaN,NaN,NaN,NaN,NaN,NaN,0,0,
557.619812444469,phy_interval,4,5,1,3008,8,NaN,NaN,NaN,2.00678109001819e-14,-1.58379249041479,NaN,NaN,0,0,NaN,1,0,
557.619812444469,phy_interval,4,2,4,3009,8,NaN,NaN,NaN,2.00678109001819e-14,-1.58379249041479,NaN,NaN,0,0,NaN,1,0,
557.619812444469,phy_signal_end,4,5,1,3008,8,-109.883905530753,142.883905530753,-2.90890553075294,2.00678109001819e-14,-1.58379249041479,0,0,0,0,0,1,1,accepted
557.687011086064,phy_signal_start,5,1,3,3010,8,-107.875945171156,NaN,-0.900945171156323,NaN,NaN,NaN,NaN,NaN,NaN,NaN,0,0,
557.687023527005,phy_interval,4,2,4,3009,8,NaN,NaN,NaN,2.00678109001819e-14,-1.58379249041479,NaN,NaN,0,0,NaN,1,0,
557.687023527005,phy_signal_start,4,1,3,3010,8,-120.947516094342,NaN,-13.9725160943423,NaN,NaN,NaN,NaN,NaN,NaN,NaN,0,0,
557.693641086064,phy_interval,5,1,3,3010,8,NaN,NaN,NaN,2.00678109001819e-14,7.49911506561554,NaN,NaN,0,0,NaN,0,0,
557.693641086064,phy_track,5,1,3,3010,8,NaN,NaN,NaN,NaN,7.49911506561554,NaN,NaN,NaN,NaN,NaN,0,0,
557.739012444469,phy_interval,5,1,3,3010,8,NaN,NaN,NaN,2.00678109001819e-14,7.49911506561554,NaN,NaN,0,0,NaN,0,0,
557.739012444469,phy_signal_start,5,4,2,3011,8,-109.883905530753,NaN,-2.90890553075294,NaN,NaN,NaN,NaN,NaN,NaN,NaN,0,0,
557.794111086064,phy_interval,5,1,3,3010,8,NaN,NaN,NaN,2.00678109001819e-14,-2.00796035959661,NaN,NaN,0,0,NaN,1,0,
557.794111086064,phy_interval,5,4,2,3011,8,NaN,NaN,NaN,2.00678109001819e-14,-2.00796035959661,NaN,NaN,0,0,NaN,1,0,
557.794111086064,phy_signal_end,5,1,3,3010,8,-107.875945171156,140.875945171156,-0.900945171156323,2.00678109001819e-14,-2.00796035959661,0,0,0,0,0,1,1,accepted
557.794123527005,phy_interval,4,2,4,3009,8,NaN,NaN,NaN,2.00678109001819e-14,9.4798180731745,NaN,NaN,0,0,NaN,2,0,
557.794123527005,phy_interval,4,1,3,3010,8,NaN,NaN,NaN,2.00678109001819e-14,9.4798180731745,NaN,NaN,0,9,NaN,1,0,
557.794123527005,phy_signal_end,4,1,3,3010,8,-120.947516094342,153.947516094342,-13.9725160943423,2.00678109001819e-14,9.4798180731745,0.0197401250323356,0.0197401250323356,0,9,9,1,0,half_duplex
557.804012444469,phy_interval,4,2,4,3009,8,NaN,NaN,NaN,2.00678109001819e-14,9.4798180731745,NaN,NaN,0,0,NaN,2,0,
557.804012444469,phy_signal_start,4,5,1,3012,8,-109.883905530753,NaN,-2.90890553075294,NaN,NaN,NaN,NaN,NaN,NaN,NaN,0,0,
557.804292444469,phy_interval,5,4,2,3011,8,NaN,NaN,NaN,2.00678109001819e-14,-2.00796035959661,NaN,NaN,0,0,NaN,1,0,
557.804292444469,phy_signal_end,5,4,2,3011,8,-109.883905530753,142.883905530753,-2.90890553075294,2.00678109001819e-14,-2.00796035959661,0,0,0,0,0,1,0,half_duplex
557.81091,phy_interval,4,2,4,3009,8,NaN,NaN,NaN,2.00678109001819e-14,-1.58379249041479,NaN,NaN,0,0,NaN,3,0,
557.81091,phy_interval,4,5,1,3012,8,NaN,NaN,NaN,2.00678109001819e-14,-1.58379249041479,NaN,NaN,0,0,NaN,1,0,
557.81091,phy_track,4,5,1,3012,8,NaN,NaN,NaN,NaN,-1.58379249041479,NaN,NaN,NaN,NaN,NaN,0,0,
557.853813632365,phy_interval,4,2,4,3009,8,NaN,NaN,NaN,2.00678109001819e-14,-1.58379249041479,NaN,NaN,0,0,NaN,3,0,
557.853813632365,phy_interval,4,5,1,3012,8,NaN,NaN,NaN,2.00678109001819e-14,-1.58379249041479,NaN,NaN,0,0,NaN,1,0,
557.853813632365,phy_signal_end,4,2,4,3009,8,-111.467698021168,144.467698021168,-4.49269802116773,2.00678109001819e-14,-1.58379249041479,0,0,0,0,0,3,0,half_duplex
557.853826076559,phy_signal_end,5,2,4,3009,8,-122.734861677906,155.734861677906,Inf,0,-Inf,0,0,0,0,0,0,0,closure
557.869013632365,phy_interval,4,5,1,3012,8,NaN,NaN,NaN,2.00678109001819e-14,-1.58379249041479,NaN,NaN,0,0,NaN,1,0,
557.869013632365,phy_signal_start,4,2,4,3013,8,-111.467698021168,NaN,-4.49269802116773,NaN,NaN,NaN,NaN,NaN,NaN,NaN,0,0,
558.048812444469,phy_interval,4,5,1,3012,8,NaN,NaN,NaN,2.00678109001819e-14,-1.58379249041479,NaN,NaN,0,0,NaN,2,0,
558.048812444469,phy_interval,4,2,4,3013,8,NaN,NaN,NaN,2.00678109001819e-14,-1.58379249041479,NaN,NaN,0,0,NaN,1,0,
558.048812444469,phy_signal_end,4,5,1,3012,8,-109.883905530753,142.883905530753,-2.90890553075294,2.00678109001819e-14,-1.58379249041479,0,0,0,0,0,2,1,accepted
558.064019162592,phy_signal_start,5,3,1,3014,8,-117.383020596368,NaN,-10.4080205963685,NaN,NaN,NaN,NaN,NaN,NaN,NaN,0,0,
558.077012444469,phy_interval,5,3,1,3014,8,NaN,NaN,NaN,2.00678109001819e-14,-2.00796035959661,NaN,NaN,0,0,NaN,0,0,
558.077012444469,phy_signal_start,5,4,2,3015,8,-109.883905530753,NaN,-2.90890553075294,NaN,NaN,NaN,NaN,NaN,NaN,NaN,0,0,
558.083642444469,phy_interval,5,3,1,3014,8,NaN,NaN,NaN,2.00678109001819e-14,-7.49911506561554,NaN,NaN,0,0,NaN,1,0,
558.083642444469,phy_interval,5,4,2,3015,8,NaN,NaN,NaN,2.00678109001819e-14,-7.49911506561554,NaN,NaN,0,0,NaN,1,0,
558.083642444469,phy_track,5,4,2,3015,8,NaN,NaN,NaN,NaN,-7.49911506561554,NaN,NaN,NaN,NaN,NaN,0,0,
558.113813632365,phy_interval,4,2,4,3013,8,NaN,NaN,NaN,2.00678109001819e-14,-1.58379249041479,NaN,NaN,0,0,NaN,1,0,
558.113813632365,phy_signal_end,4,2,4,3013,8,-111.467698021168,144.467698021168,-4.49269802116773,2.00678109001819e-14,-1.58379249041479,0,0,0,0,0,1,0,half_duplex
558.113826076559,phy_signal_end,5,2,4,3013,8,-122.734861677906,155.734861677906,Inf,0,-Inf,0,0,0,0,0,0,0,closure
558.142292444469,phy_interval,5,3,1,3014,8,NaN,NaN,NaN,2.00678109001819e-14,-7.49911506561554,NaN,NaN,0,0,NaN,1,0,
558.142292444469,phy_interval,5,4,2,3015,8,NaN,NaN,NaN,2.00678109001819e-14,-7.49911506561554,NaN,NaN,0,0,NaN,1,0,
558.142292444469,phy_signal_end,5,4,2,3015,8,-109.883905530753,142.883905530753,-2.90890553075294,2.00678109001819e-14,-7.49911506561554,0,0,0,0,0,1,1,accepted
558.308819162592,phy_interval,5,3,1,3014,8,NaN,NaN,NaN,2.00678109001819e-14,-7.49911506561554,NaN,NaN,0,0,NaN,1,0,
558.308819162592,phy_signal_end,5,3,1,3014,8,-117.383020596368,150.383020596368,-10.4080205963685,2.00678109001819e-14,-7.49911506561554,7.43694815941743e-05,7.43694815941743e-05,0,0,0,1,0,sync_threshold
558.308831604377,phy_signal_end,4,3,1,3014,8,-126.074739474425,159.074739474425,Inf,0,-Inf,0,0,0,0,0,0,0,closure
558.428012444469,phy_signal_start,5,4,2,3016,8,-109.883905530753,NaN,-2.90890553075294,NaN,NaN,NaN,NaN,NaN,NaN,NaN,0,0,
558.434642444469,phy_interval,5,4,2,3016,8,NaN,NaN,NaN,2.00678109001819e-14,-7.49911506561554,NaN,NaN,0,0,NaN,0,0,
558.434642444469,phy_track,5,4,2,3016,8,NaN,NaN,NaN,NaN,-7.49911506561554,NaN,NaN,NaN,NaN,NaN,0,0,
558.493011086064,phy_interval,5,4,2,3016,8,NaN,NaN,NaN,2.00678109001819e-14,-7.49911506561554,NaN,NaN,0,0,NaN,0,0,
558.493011086064,phy_signal_start,5,1,3,3017,8,-107.875945171156,NaN,-0.900945171156323,NaN,NaN,NaN,NaN,NaN,NaN,NaN,0,0,
558.493023527005,phy_signal_start,4,1,3,3017,8,-120.947516094342,NaN,-13.9725160943423,NaN,NaN,NaN,NaN,NaN,NaN,NaN,0,0,
558.493292444469,phy_interval,5,4,2,3016,8,NaN,NaN,NaN,2.00678109001819e-14,-2.00796035959661,NaN,NaN,0,0,NaN,1,0,
558.493292444469,phy_interval,5,1,3,3017,8,NaN,NaN,NaN,2.00678109001819e-14,-2.00796035959661,NaN,NaN,0,0,NaN,1,0,
558.493292444469,phy_signal_end,5,4,2,3016,8,-109.883905530753,142.883905530753,-2.90890553075294,2.00678109001819e-14,-2.00796035959661,0,0,0,0,0,1,1,accepted
558.499922444469,phy_interval,5,1,3,3017,8,NaN,NaN,NaN,2.00678109001819e-14,-2.00796035959661,NaN,NaN,0,0,NaN,1,0,
558.499922444469,phy_track,5,1,3,3017,8,NaN,NaN,NaN,NaN,-2.00796035959661,NaN,NaN,NaN,NaN,NaN,0,0,
558.532013632365,phy_interval,4,1,3,3017,8,NaN,NaN,NaN,2.00678109001819e-14,-1.58379249041479,NaN,NaN,0,2,NaN,0,0,
558.532013632365,phy_signal_start,4,2,4,3018,8,-111.467698021168,NaN,-4.49269802116773,NaN,NaN,NaN,NaN,NaN,NaN,NaN,0,0,
558.538643632365,phy_interval,4,1,3,3017,8,NaN,NaN,NaN,2.00678109001819e-14,-9.4798180731745,NaN,NaN,0,1,NaN,1,0,
558.538643632365,phy_interval,4,2,4,3018,8,NaN,NaN,NaN,2.00678109001819e-14,-9.4798180731745,NaN,NaN,0,0,NaN,1,0,
558.538643632365,phy_track,4,2,4,3018,8,NaN,NaN,NaN,NaN,-9.4798180731745,NaN,NaN,NaN,NaN,NaN,0,0,
558.600111086064,phy_interval,5,1,3,3017,8,NaN,NaN,NaN,2.00678109001819e-14,-2.00796035959661,NaN,NaN,0,0,NaN,1,0,
558.600111086064,phy_signal_end,5,1,3,3017,8,-107.875945171156,140.875945171156,-0.900945171156323,2.00678109001819e-14,-2.00796035959661,0,0,0,0,0,1,1,accepted
558.600123527005,phy_interval,4,1,3,3017,8,NaN,NaN,NaN,2.00678109001819e-14,-9.4798180731745,NaN,NaN,0,8,NaN,1,0,
558.600123527005,phy_interval,4,2,4,3018,8,NaN,NaN,NaN,2.00678109001819e-14,-9.4798180731745,NaN,NaN,0,0,NaN,1,0,
558.600123527005,phy_signal_end,4,1,3,3017,8,-120.947516094342,153.947516094342,-13.9725160943423,2.00678109001819e-14,-9.4798180731745,0.0159403866428901,0.0159403866428901,0,11,11,1,0,half_duplex
558.662012444469,phy_interval,4,2,4,3018,8,NaN,NaN,NaN,2.00678109001819e-14,-9.4798180731745,NaN,NaN,0,0,NaN,1,0,
558.662012444469,phy_signal_start,4,5,1,3019,8,-109.883905530753,NaN,-2.90890553075294,NaN,NaN,NaN,NaN,NaN,NaN,NaN,0,0,
558.776813632365,phy_interval,4,2,4,3018,8,NaN,NaN,NaN,2.00678109001819e-14,-1.58379249041479,NaN,NaN,0,0,NaN,2,0,
558.776813632365,phy_interval,4,5,1,3019,8,NaN,NaN,NaN,2.00678109001819e-14,-1.58379249041479,NaN,NaN,0,0,NaN,1,0,
558.776813632365,phy_signal_end,4,2,4,3018,8,-111.467698021168,144.467698021168,-4.49269802116773,2.00678109001819e-14,-1.58379249041479,0,0,0,0,0,2,1,accepted
558.776826076559,phy_signal_end,5,2,4,3018,8,-122.734861677906,155.734861677906,Inf,0,-Inf,0,0,0,0,0,0,0,closure
558.805012444469,phy_signal_start,5,4,2,3020,8,-109.883905530753,NaN,-2.90890553075294,NaN,NaN,NaN,NaN,NaN,NaN,NaN,0,0,
558.870292444469,phy_interval,5,4,2,3020,8,NaN,NaN,NaN,2.00678109001819e-14,-2.00796035959661,NaN,NaN,0,0,NaN,0,0,
558.870292444469,phy_signal_end,5,4,2,3020,8,-109.883905530753,142.883905530753,-2.90890553075294,2.00678109001819e-14,-2.00796035959661,0,0,0,0,0,0,0,half_duplex
558.906812444469,phy_interval,4,5,1,3019,8,NaN,NaN,NaN,2.00678109001819e-14,-1.58379249041479,NaN,NaN,0,0,NaN,1,0,
558.906812444469,phy_signal_end,4,5,1,3019,8,-109.883905530753,142.883905530753,-2.90890553075294,2.00678109001819e-14,-1.58379249041479,0,0,0,0,0,1,0,half_duplex
559.013019162592,phy_signal_start,5,3,1,3021,8,-117.383020596368,NaN,-10.4080205963685,NaN,NaN,NaN,NaN,NaN,NaN,NaN,0,0,
559.019649162592,phy_interval,5,3,1,3021,8,NaN,NaN,NaN,2.00678109001819e-14,-2.00796035959661,NaN,NaN,0,0,NaN,0,0,
559.019649162592,phy_track,5,3,1,3021,8,NaN,NaN,NaN,NaN,-2.00796035959661,NaN,NaN,NaN,NaN,NaN,0,0,
559.026012444469,phy_interval,5,3,1,3021,8,NaN,NaN,NaN,2.00678109001819e-14,-2.00796035959661,NaN,NaN,0,0,NaN,0,0,
559.026012444469,phy_signal_start,5,4,2,3022,8,-109.883905530753,NaN,-2.90890553075294,NaN,NaN,NaN,NaN,NaN,NaN,NaN,0,0,
559.091292444469,phy_interval,5,3,1,3021,8,NaN,NaN,NaN,2.00678109001819e-14,-7.49911506561554,NaN,NaN,0,0,NaN,1,0,
559.091292444469,phy_interval,5,4,2,3022,8,NaN,NaN,NaN,2.00678109001819e-14,-7.49911506561554,NaN,NaN,0,0,NaN,1,0,
559.091292444469,phy_signal_end,5,4,2,3022,8,-109.883905530753,142.883905530753,-2.90890553075294,2.00678109001819e-14,-7.49911506561554,0,0,0,0,0,1,0,not_acquired
559.182013632365,phy_signal_start,4,2,4,3023,8,-111.467698021168,NaN,-4.49269802116773,NaN,NaN,NaN,NaN,NaN,NaN,NaN,0,0,
559.188643632365,phy_interval,4,2,4,3023,8,NaN,NaN,NaN,2.00678109001819e-14,-1.58379249041479,NaN,NaN,0,0,NaN,0,0,
559.188643632365,phy_track,4,2,4,3023,8,NaN,NaN,NaN,NaN,-1.58379249041479,NaN,NaN,NaN,NaN,NaN,0,0,
559.257819162592,phy_interval,5,3,1,3021,8,NaN,NaN,NaN,2.00678109001819e-14,-7.49911506561554,NaN,NaN,0,0,NaN,1,0,
559.257819162592,phy_signal_end,5,3,1,3021,8,-117.383020596368,150.383020596368,-10.4080205963685,2.00678109001819e-14,-7.49911506561554,7.43694815941743e-05,7.43694815941743e-05,0,0,0,1,1,accepted
559.257831604377,phy_signal_end,4,3,1,3021,8,-126.074739474425,159.074739474425,Inf,0,-Inf,0,0,0,0,0,0,0,closure
559.377011086064,phy_signal_start,5,1,3,3024,8,-107.875945171156,NaN,-0.900945171156323,NaN,NaN,NaN,NaN,NaN,NaN,NaN,0,0,
559.377023527005,phy_interval,4,2,4,3023,8,NaN,NaN,NaN,2.00678109001819e-14,-1.58379249041479,NaN,NaN,0,0,NaN,0,0,
559.377023527005,phy_signal_start,4,1,3,3024,8,-120.947516094342,NaN,-13.9725160943423,NaN,NaN,NaN,NaN,NaN,NaN,NaN,0,0,
559.383641086064,phy_interval,5,1,3,3024,8,NaN,NaN,NaN,2.00678109001819e-14,-7.49911506561554,NaN,NaN,0,0,NaN,0,0,
559.383641086064,phy_track,5,1,3,3024,8,NaN,NaN,NaN,NaN,-7.49911506561554,NaN,NaN,NaN,NaN,NaN,0,0,
559.426813632365,phy_interval,4,2,4,3023,8,NaN,NaN,NaN,2.00678109001819e-14,-9.4798180731745,NaN,NaN,0,0,NaN,1,0,
559.426813632365,phy_interval,4,1,3,3024,8,NaN,NaN,NaN,2.00678109001819e-14,-9.4798180731745,NaN,NaN,2,2,NaN,1,0,
559.426813632365,phy_signal_end,4,2,4,3023,8,-111.467698021168,144.467698021168,-4.49269802116773,2.00678109001819e-14,-9.4798180731745,0,0,0,0,0,1,1,accepted
559.426826076559,phy_signal_end,5,2,4,3023,8,-122.734861677906,155.734861677906,Inf,0,-Inf,0,0,0,0,0,0,0,closure
559.484111086064,phy_interval,5,1,3,3024,8,NaN,NaN,NaN,2.00678109001819e-14,-7.49911506561554,NaN,NaN,0,0,NaN,0,0,
559.484111086064,phy_signal_end,5,1,3,3024,8,-107.875945171156,140.875945171156,-0.900945171156323,2.00678109001819e-14,-7.49911506561554,0,0,0,0,0,0,1,accepted
559.484123527005,phy_interval,4,1,3,3024,8,NaN,NaN,NaN,2.00678109001819e-14,-9.4798180731745,NaN,NaN,0,6,NaN,1,0,
559.484123527005,phy_signal_end,4,1,3,3024,8,-120.947516094342,153.947516094342,-13.9725160943423,2.00678109001819e-14,-9.4798180731745,0.0166631057360343,0.0166631057360343,2,8,10,1,0,sync_threshold
559.572013632365,phy_signal_start,4,2,4,3025,8,-111.467698021168,NaN,-4.49269802116773,NaN,NaN,NaN,NaN,NaN,NaN,NaN,0,0,
559.578643632365,phy_interval,4,2,4,3025,8,NaN,NaN,NaN,2.00678109001819e-14,-9.4798180731745,NaN,NaN,0,0,NaN,0,0,
559.578643632365,phy_track,4,2,4,3025,8,NaN,NaN,NaN,NaN,-9.4798180731745,NaN,NaN,NaN,NaN,NaN,0,0,
559.624012444469,phy_interval,4,2,4,3025,8,NaN,NaN,NaN,2.00678109001819e-14,-9.4798180731745,NaN,NaN,0,0,NaN,0,0,
559.624012444469,phy_signal_start,4,5,1,3026,8,-109.883905530753,NaN,-2.90890553075294,NaN,NaN,NaN,NaN,NaN,NaN,NaN,0,0,
559.816813632365,phy_interval,4,2,4,3025,8,NaN,NaN,NaN,2.00678109001819e-14,-1.58379249041479,NaN,NaN,0,0,NaN,1,0,
559.816813632365,phy_interval,4,5,1,3026,8,NaN,NaN,NaN,2.00678109001819e-14,-1.58379249041479,NaN,NaN,0,0,NaN,1,0,
559.816813632365,phy_signal_end,4,2,4,3025,8,-111.467698021168,144.467698021168,-4.49269802116773,2.00678109001819e-14,-1.58379249041479,0,0,0,0,0,1,1,accepted
559.816826076559,phy_signal_end,5,2,4,3025,8,-122.734861677906,155.734861677906,Inf,0,-Inf,0,0,0,0,0,0,0,closure
559.868812444469,phy_interval,4,5,1,3026,8,NaN,NaN,NaN,2.00678109001819e-14,-1.58379249041479,NaN,NaN,0,0,NaN,1,0,
559.868812444469,phy_signal_end,4,5,1,3026,8,-109.883905530753,142.883905530753,-2.90890553075294,2.00678109001819e-14,-1.58379249041479,0,0,0,0,0,1,0,not_acquired
559.910012444469,phy_signal_start,5,4,2,3028,8,-109.883905530753,NaN,-2.90890553075294,NaN,NaN,NaN,NaN,NaN,NaN,NaN,0,0,
559.910019162592,phy_interval,5,4,2,3028,8,NaN,NaN,NaN,2.00678109001819e-14,-7.49911506561554,NaN,NaN,0,0,NaN,0,0,
559.910019162592,phy_signal_start,5,3,1,3027,8,-117.383020596368,NaN,-10.4080205963685,NaN,NaN,NaN,NaN,NaN,NaN,NaN,0,0,
559.916642444469,phy_interval,5,4,2,3028,8,NaN,NaN,NaN,2.00678109001819e-14,-7.49911506561554,NaN,NaN,0,0,NaN,1,0,
559.916642444469,phy_interval,5,3,1,3027,8,NaN,NaN,NaN,2.00678109001819e-14,-7.49911506561554,NaN,NaN,0,0,NaN,1,0,
559.916642444469,phy_track,5,4,2,3028,8,NaN,NaN,NaN,NaN,-7.49911506561554,NaN,NaN,NaN,NaN,NaN,0,0,
559.975292444469,phy_interval,5,4,2,3028,8,NaN,NaN,NaN,2.00678109001819e-14,-7.49911506561554,NaN,NaN,0,0,NaN,1,0,
559.975292444469,phy_interval,5,3,1,3027,8,NaN,NaN,NaN,2.00678109001819e-14,-7.49911506561554,NaN,NaN,0,0,NaN,1,0,
559.975292444469,phy_signal_end,5,4,2,3028,8,-109.883905530753,142.883905530753,-2.90890553075294,2.00678109001819e-14,-7.49911506561554,0,0,0,0,0,1,1,accepted
560.079012444469,phy_interval,5,3,1,3027,8,NaN,NaN,NaN,2.00678109001819e-14,-7.49911506561554,NaN,NaN,0,0,NaN,1,0,
560.079012444469,phy_signal_start,5,4,2,3029,8,-109.883905530753,NaN,-2.90890553075294,NaN,NaN,NaN,NaN,NaN,NaN,NaN,0,0,
560.085642444469,phy_interval,5,3,1,3027,8,NaN,NaN,NaN,2.00678109001819e-14,-7.49911506561554,NaN,NaN,0,0,NaN,2,0,
560.085642444469,phy_interval,5,4,2,3029,8,NaN,NaN,NaN,2.00678109001819e-14,-7.49911506561554,NaN,NaN,0,0,NaN,1,0,
560.085642444469,phy_track,5,4,2,3029,8,NaN,NaN,NaN,NaN,-7.49911506561554,NaN,NaN,NaN,NaN,NaN,0,0,
560.144292444469,phy_interval,5,3,1,3027,8,NaN,NaN,NaN,2.00678109001819e-14,-7.49911506561554,NaN,NaN,0,0,NaN,2,0,
560.144292444469,phy_interval,5,4,2,3029,8,NaN,NaN,NaN,2.00678109001819e-14,-7.49911506561554,NaN,NaN,0,0,NaN,1,0,
560.144292444469,phy_signal_end,5,4,2,3029,8,-109.883905530753,142.883905530753,-2.90890553075294,2.00678109001819e-14,-7.49911506561554,0,0,0,0,0,1,1,accepted
560.154819162592,phy_interval,5,3,1,3027,8,NaN,NaN,NaN,2.00678109001819e-14,-7.49911506561554,NaN,NaN,0,0,NaN,2,0,
560.154819162592,phy_signal_end,5,3,1,3027,8,-117.383020596368,150.383020596368,-10.4080205963685,2.00678109001819e-14,-7.49911506561554,8.46733978805771e-05,8.46733978805771e-05,0,0,0,2,0,not_acquired
560.154831604377,phy_signal_end,4,3,1,3027,8,-126.074739474425,159.074739474425,Inf,0,-Inf,0,0,0,0,0,0,0,closure
560.170011086064,phy_signal_start,5,1,3,3030,8,-107.875945171156,NaN,-0.900945171156323,NaN,NaN,NaN,NaN,NaN,NaN,NaN,0,0,
560.170023527005,phy_signal_start,4,1,3,3030,8,-120.947516094342,NaN,-13.9725160943423,NaN,NaN,NaN,NaN,NaN,NaN,NaN,0,0,
560.176641086064,phy_interval,5,1,3,3030,8,NaN,NaN,NaN,2.00678109001819e-14,-7.49911506561554,NaN,NaN,0,0,NaN,0,0,
560.176641086064,phy_track,5,1,3,3030,8,NaN,NaN,NaN,NaN,-7.49911506561554,NaN,NaN,NaN,NaN,NaN,0,0,
560.183012444469,phy_interval,5,1,3,3030,8,NaN,NaN,NaN,2.00678109001819e-14,-7.49911506561554,NaN,NaN,0,0,NaN,0,0,
560.183012444469,phy_signal_start,5,4,2,3031,8,-109.883905530753,NaN,-2.90890553075294,NaN,NaN,NaN,NaN,NaN,NaN,NaN,0,0,
560.248292444469,phy_interval,5,1,3,3030,8,NaN,NaN,NaN,2.00678109001819e-14,-2.00796035959661,NaN,NaN,0,0,NaN,1,0,
560.248292444469,phy_interval,5,4,2,3031,8,NaN,NaN,NaN,2.00678109001819e-14,-2.00796035959661,NaN,NaN,0,0,NaN,1,0,
560.248292444469,phy_signal_end,5,4,2,3031,8,-109.883905530753,142.883905530753,-2.90890553075294,2.00678109001819e-14,-2.00796035959661,0,0,0,0,0,1,0,not_acquired
560.277111086064,phy_interval,5,1,3,3030,8,NaN,NaN,NaN,2.00678109001819e-14,-2.00796035959661,NaN,NaN,0,0,NaN,1,0,
560.277111086064,phy_signal_end,5,1,3,3030,8,-107.875945171156,140.875945171156,-0.900945171156323,2.00678109001819e-14,-2.00796035959661,0,0,0,0,0,1,1,accepted
560.277123527005,phy_interval,4,1,3,3030,8,NaN,NaN,NaN,2.00678109001819e-14,-1.58379249041479,NaN,NaN,0,9,NaN,0,0,
560.277123527005,phy_signal_end,4,1,3,3030,8,-120.947516094342,153.947516094342,-13.9725160943423,2.00678109001819e-14,-1.58379249041479,0.0151165618870165,0.0151165618870165,0,9,9,0,0,half_duplex
560.313012444469,phy_signal_start,5,4,2,3032,8,-109.883905530753,NaN,-2.90890553075294,NaN,NaN,NaN,NaN,NaN,NaN,NaN,0,0,
560.313012444469,phy_signal_start,4,5,1,3033,8,-109.883905530753,NaN,-2.90890553075294,NaN,NaN,NaN,NaN,NaN,NaN,NaN,0,0,
560.378292444469,phy_interval,5,4,2,3032,8,NaN,NaN,NaN,2.00678109001819e-14,-2.00796035959661,NaN,NaN,0,0,NaN,0,0,
560.378292444469,phy_signal_end,5,4,2,3032,8,-109.883905530753,142.883905530753,-2.90890553075294,2.00678109001819e-14,-2.00796035959661,0,0,0,0,0,0,0,half_duplex
560.391013632365,phy_interval,4,5,1,3033,8,NaN,NaN,NaN,2.00678109001819e-14,-1.58379249041479,NaN,NaN,0,0,NaN,0,0,
560.391013632365,phy_signal_start,4,2,4,3034,8,-111.467698021168,NaN,-4.49269802116773,NaN,NaN,NaN,NaN,NaN,NaN,NaN,0,0,
560.397643632365,phy_interval,4,5,1,3033,8,NaN,NaN,NaN,2.00678109001819e-14,1.58379249041479,NaN,NaN,0,0,NaN,1,0,
560.397643632365,phy_interval,4,2,4,3034,8,NaN,NaN,NaN,2.00678109001819e-14,1.58379249041479,NaN,NaN,0,0,NaN,1,0,
560.397643632365,phy_track,4,2,4,3034,8,NaN,NaN,NaN,NaN,1.58379249041479,NaN,NaN,NaN,NaN,NaN,0,0,
560.557812444469,phy_interval,4,5,1,3033,8,NaN,NaN,NaN,2.00678109001819e-14,1.58379249041479,NaN,NaN,0,0,NaN,1,0,
560.557812444469,phy_interval,4,2,4,3034,8,NaN,NaN,NaN,2.00678109001819e-14,1.58379249041479,NaN,NaN,0,0,NaN,1,0,
560.557812444469,phy_signal_end,4,5,1,3033,8,-109.883905530753,142.883905530753,-2.90890553075294,2.00678109001819e-14,1.58379249041479,0,0,0,0,0,1,0,half_duplex
560.635813632365,phy_interval,4,2,4,3034,8,NaN,NaN,NaN,2.00678109001819e-14,1.58379249041479,NaN,NaN,0,0,NaN,1,0,
560.635813632365,phy_signal_end,4,2,4,3034,8,-111.467698021168,144.467698021168,-4.49269802116773,2.00678109001819e-14,1.58379249041479,0,0,0,0,0,1,1,accepted
560.635826076559,phy_signal_end,5,2,4,3034,8,-122.734861677906,155.734861677906,Inf,0,-Inf,0,0,0,0,0,0,0,closure
560.729019162592,phy_signal_start,5,3,1,3035,8,-117.383020596368,NaN,-10.4080205963685,NaN,NaN,NaN,NaN,NaN,NaN,NaN,0,0,
560.755013632365,phy_signal_start,4,2,4,3037,8,-111.467698021168,NaN,-4.49269802116773,NaN,NaN,NaN,NaN,NaN,NaN,NaN,0,0,
560.761643632365,phy_interval,4,2,4,3037,8,NaN,NaN,NaN,2.00678109001819e-14,1.58379249041479,NaN,NaN,0,0,NaN,0,0,
560.761643632365,phy_track,4,2,4,3037,8,NaN,NaN,NaN,NaN,1.58379249041479,NaN,NaN,NaN,NaN,NaN,0,0,
560.794012444469,phy_interval,4,2,4,3037,8,NaN,NaN,NaN,2.00678109001819e-14,1.58379249041479,NaN,NaN,0,0,NaN,0,0,
560.794012444469,phy_signal_start,4,5,1,3038,8,-109.883905530753,NaN,-2.90890553075294,NaN,NaN,NaN,NaN,NaN,NaN,NaN,0,0,
560.973819162592,phy_interval,5,3,1,3035,8,NaN,NaN,NaN,2.00678109001819e-14,-2.00796035959661,NaN,NaN,0,0,NaN,0,0,
560.973819162592,phy_signal_end,5,3,1,3035,8,-117.383020596368,150.383020596368,-10.4080205963685,2.00678109001819e-14,-2.00796035959661,3.40962752323828e-05,3.40962752323828e-05,0,0,0,0,0,half_duplex
560.973831604377,phy_signal_end,4,3,1,3035,8,-126.074739474425,159.074739474425,Inf,0,-Inf,0,0,0,0,0,0,0,closure
560.973841417929,phy_signal_end,4,7,8,3036,8,-130.772385180464,163.772385180464,Inf,0,-Inf,0,0,0,0,0,0,0,closure
560.973853861667,phy_signal_end,5,7,8,3036,8,-135.336041661606,168.336041661606,Inf,0,-Inf,0,0,0,0,0,0,0,closure
560.999813632365,phy_interval,4,2,4,3037,8,NaN,NaN,NaN,2.00678109001819e-14,-1.58379249041479,NaN,NaN,0,0,NaN,1,0,
560.999813632365,phy_interval,4,5,1,3038,8,NaN,NaN,NaN,2.00678109001819e-14,-1.58379249041479,NaN,NaN,0,0,NaN,1,0,
560.999813632365,phy_signal_end,4,2,4,3037,8,-111.467698021168,144.467698021168,-4.49269802116773,2.00678109001819e-14,-1.58379249041479,0,0,0,0,0,1,1,accepted
560.999826076559,phy_signal_end,5,2,4,3037,8,-122.734861677906,155.734861677906,Inf,0,-Inf,0,0,0,0,0,0,0,closure
561.028012444469,phy_signal_start,5,4,2,3039,8,-109.883905530753,NaN,-2.90890553075294,NaN,NaN,NaN,NaN,NaN,NaN,NaN,0,0,
561.038812444469,phy_interval,4,5,1,3038,8,NaN,NaN,NaN,2.00678109001819e-14,-1.58379249041479,NaN,NaN,0,0,NaN,1,0,
561.038812444469,phy_signal_end,4,5,1,3038,8,-109.883905530753,142.883905530753,-2.90890553075294,2.00678109001819e-14,-1.58379249041479,0,0,0,0,0,1,0,half_duplex
561.067011086064,phy_interval,5,4,2,3039,8,NaN,NaN,NaN,2.00678109001819e-14,-2.00796035959661,NaN,NaN,0,0,NaN,0,0,
561.067011086064,phy_signal_start,5,1,3,3041,8,-107.875945171156,NaN,-0.900945171156323,NaN,NaN,NaN,NaN,NaN,NaN,NaN,0,0,
561.067023527005,phy_signal_start,4,1,3,3041,8,-120.947516094342,NaN,-13.9725160943423,NaN,NaN,NaN,NaN,NaN,NaN,NaN,0,0,
561.073641086064,phy_interval,5,4,2,3039,8,NaN,NaN,NaN,2.00678109001819e-14,-2.00796035959661,NaN,NaN,0,0,NaN,1,0,
561.073641086064,phy_interval,5,1,3,3041,8,NaN,NaN,NaN,2.00678109001819e-14,-2.00796035959661,NaN,NaN,0,0,NaN,1,0,
561.073641086064,phy_track,5,1,3,3041,8,NaN,NaN,NaN,NaN,-2.00796035959661,NaN,NaN,NaN,NaN,NaN,0,0,
561.093292444469,phy_interval,5,4,2,3039,8,NaN,NaN,NaN,2.00678109001819e-14,-2.00796035959661,NaN,NaN,0,0,NaN,1,0,
561.093292444469,phy_interval,5,1,3,3041,8,NaN,NaN,NaN,2.00678109001819e-14,-2.00796035959661,NaN,NaN,0,0,NaN,1,0,
561.093292444469,phy_signal_end,5,4,2,3039,8,-109.883905530753,142.883905530753,-2.90890553075294,2.00678109001819e-14,-2.00796035959661,0,0,0,0,0,1,0,half_duplex
561.119308977105,phy_signal_end,4,8,7,3040,8,-124.567050032692,157.567050032692,Inf,0,-Inf,0,0,0,0,0,0,0,closure
561.119321420289,phy_signal_end,5,8,7,3040,8,-130.773375084599,163.773375084599,Inf,0,-Inf,0,0,0,0,0,0,0,closure
561.174111086064,phy_interval,5,1,3,3041,8,NaN,NaN,NaN,2.00678109001819e-14,-2.00796035959661,NaN,NaN,0,0,NaN,1,0,
561.174111086064,phy_signal_end,5,1,3,3041,8,-107.875945171156,140.875945171156,-0.900945171156323,2.00678109001819e-14,-2.00796035959661,0,0,0,0,0,1,1,accepted
561.174123527005,phy_interval,4,1,3,3041,8,NaN,NaN,NaN,2.00678109001819e-14,-1.58379249041479,NaN,NaN,0,12,NaN,0,0,
561.174123527005,phy_signal_end,4,1,3,3041,8,-120.947516094342,153.947516094342,-13.9725160943423,2.00678109001819e-14,-1.58379249041479,0.0151165618870165,0.0151165618870165,0,12,12,0,0,half_duplex
561.327013632365,phy_signal_start,4,2,4,3043,8,-111.467698021168,NaN,-4.49269802116773,NaN,NaN,NaN,NaN,NaN,NaN,NaN,0,0,
561.327019162592,phy_signal_start,5,3,1,3044,8,-117.383020596368,NaN,-10.4080205963685,NaN,NaN,NaN,NaN,NaN,NaN,NaN,0,0,
561.333643632365,phy_interval,4,2,4,3043,8,NaN,NaN,NaN,2.00678109001819e-14,-1.58379249041479,NaN,NaN,0,0,NaN,0,0,
561.333643632365,phy_track,4,2,4,3043,8,NaN,NaN,NaN,NaN,-1.58379249041479,NaN,NaN,NaN,NaN,NaN,0,0,
561.415841417929,phy_signal_end,4,7,8,3042,8,-130.772385180464,163.772385180464,Inf,0,-Inf,0,0,0,0,0,0,0,closure
561.415853861667,phy_signal_end,5,7,8,3042,8,-135.336041661606,168.336041661606,Inf,0,-Inf,0,0,0,0,0,0,0,closure
561.470012444469,phy_interval,4,2,4,3043,8,NaN,NaN,NaN,2.00678109001819e-14,-1.58379249041479,NaN,NaN,0,0,NaN,0,0,
561.470012444469,phy_signal_start,4,5,1,3045,8,-109.883905530753,NaN,-2.90890553075294,NaN,NaN,NaN,NaN,NaN,NaN,NaN,0,0,
561.571813632365,phy_interval,4,2,4,3043,8,NaN,NaN,NaN,2.00678109001819e-14,-1.58379249041479,NaN,NaN,0,0,NaN,1,0,
561.571813632365,phy_interval,4,5,1,3045,8,NaN,NaN,NaN,2.00678109001819e-14,-1.58379249041479,NaN,NaN,0,0,NaN,1,0,
561.571813632365,phy_signal_end,4,2,4,3043,8,-111.467698021168,144.467698021168,-4.49269802116773,2.00678109001819e-14,-1.58379249041479,0,0,0,0,0,1,1,accepted
561.571819162592,phy_interval,5,3,1,3044,8,NaN,NaN,NaN,2.00678109001819e-14,-2.00796035959661,NaN,NaN,0,0,NaN,0,0,
561.571819162592,phy_signal_end,5,3,1,3044,8,-117.383020596368,150.383020596368,-10.4080205963685,2.00678109001819e-14,-2.00796035959661,3.40962752323828e-05,3.40962752323828e-05,0,0,0,0,0,half_duplex
561.571826076559,phy_signal_end,5,2,4,3043,8,-122.734861677906,155.734861677906,Inf,0,-Inf,0,0,0,0,0,0,0,closure
561.571831604377,phy_signal_end,4,3,1,3044,8,-126.074739474425,159.074739474425,Inf,0,-Inf,0,0,0,0,0,0,0,closure
561.574012444469,phy_signal_start,5,4,2,3047,8,-109.883905530753,NaN,-2.90890553075294,NaN,NaN,NaN,NaN,NaN,NaN,NaN,0,0,
561.574308977105,phy_signal_end,4,8,7,3046,8,-124.567050032692,157.567050032692,Inf,0,-Inf,0,0,0,0,0,0,0,closure
561.574321420289,phy_signal_end,5,8,7,3046,8,-130.773375084599,163.773375084599,Inf,0,-Inf,0,0,0,0,0,0,0,closure
561.626011086064,phy_interval,5,4,2,3047,8,NaN,NaN,NaN,2.00678109001819e-14,-2.00796035959661,NaN,NaN,0,0,NaN,0,0,
561.626011086064,phy_signal_start,5,1,3,3048,8,-107.875945171156,NaN,-0.900945171156323,NaN,NaN,NaN,NaN,NaN,NaN,NaN,0,0,
561.626023527005,phy_interval,4,5,1,3045,8,NaN,NaN,NaN,2.00678109001819e-14,-1.58379249041479,NaN,NaN,0,0,NaN,1,0,
561.626023527005,phy_signal_start,4,1,3,3048,8,-120.947516094342,NaN,-13.9725160943423,NaN,NaN,NaN,NaN,NaN,NaN,NaN,0,0,
561.639292444469,phy_interval,5,4,2,3047,8,NaN,NaN,NaN,2.00678109001819e-14,-2.00796035959661,NaN,NaN,0,0,NaN,1,0,
561.639292444469,phy_interval,5,1,3,3048,8,NaN,NaN,NaN,2.00678109001819e-14,-2.00796035959661,NaN,NaN,0,0,NaN,1,0,
561.639292444469,phy_signal_end,5,4,2,3047,8,-109.883905530753,142.883905530753,-2.90890553075294,2.00678109001819e-14,-2.00796035959661,0,0,0,0,0,1,0,half_duplex
561.714812444469,phy_interval,4,5,1,3045,8,NaN,NaN,NaN,2.00678109001819e-14,11.0636105635893,NaN,NaN,0,0,NaN,2,0,
561.714812444469,phy_interval,4,1,3,3048,8,NaN,NaN,NaN,2.00678109001819e-14,11.0636105635893,NaN,NaN,1,7,NaN,1,0,
561.714812444469,phy_signal_end,4,5,1,3045,8,-109.883905530753,142.883905530753,-2.90890553075294,2.00678109001819e-14,11.0636105635893,0,0,0,0,0,2,0,half_duplex
561.733111086064,phy_interval,5,1,3,3048,8,NaN,NaN,NaN,2.00678109001819e-14,-2.00796035959661,NaN,NaN,0,0,NaN,1,0,
561.733111086064,phy_signal_end,5,1,3,3048,8,-107.875945171156,140.875945171156,-0.900945171156323,2.00678109001819e-14,-2.00796035959661,0,0,0,0,0,1,0,half_duplex
561.733123527005,phy_interval,4,1,3,3048,8,NaN,NaN,NaN,2.00678109001819e-14,11.0636105635893,NaN,NaN,0,4,NaN,1,0,
561.733123527005,phy_signal_end,4,1,3,3048,8,-120.947516094342,153.947516094342,-13.9725160943423,2.00678109001819e-14,11.0636105635893,0.017898891693859,0.017898891693859,1,11,12,1,0,half_duplex
561.808012444469,phy_signal_start,4,5,1,3050,8,-109.883905530753,NaN,-2.90890553075294,NaN,NaN,NaN,NaN,NaN,NaN,NaN,0,0,
561.814642444469,phy_interval,4,5,1,3050,8,NaN,NaN,NaN,2.00678109001819e-14,11.0636105635893,NaN,NaN,0,0,NaN,0,0,
561.814642444469,phy_track,4,5,1,3050,8,NaN,NaN,NaN,NaN,11.0636105635893,NaN,NaN,NaN,NaN,NaN,0,0,
561.935841417929,phy_signal_end,4,7,8,3049,8,-130.772385180464,163.772385180464,Inf,0,-Inf,0,0,0,0,0,0,0,closure
561.935853861667,phy_signal_end,5,7,8,3049,8,-135.336041661606,168.336041661606,Inf,0,-Inf,0,0,0,0,0,0,0,closure
562.052812444469,phy_interval,4,5,1,3050,8,NaN,NaN,NaN,2.00678109001819e-14,11.0636105635893,NaN,NaN,0,0,NaN,0,0,
562.052812444469,phy_signal_end,4,5,1,3050,8,-109.883905530753,142.883905530753,-2.90890553075294,2.00678109001819e-14,11.0636105635893,0,0,0,0,0,0,1,accepted
562.055019162592,phy_signal_start,5,3,1,3052,8,-117.383020596368,NaN,-10.4080205963685,NaN,NaN,NaN,NaN,NaN,NaN,NaN,0,0,
562.094012444469,phy_signal_start,4,5,1,3053,8,-109.883905530753,NaN,-2.90890553075294,NaN,NaN,NaN,NaN,NaN,NaN,NaN,0,0,
562.094308977105,phy_signal_end,4,8,7,3051,8,-124.567050032692,157.567050032692,Inf,0,-Inf,0,0,0,0,0,0,0,closure
562.094321420289,phy_signal_end,5,8,7,3051,8,-130.773375084599,163.773375084599,Inf,0,-Inf,0,0,0,0,0,0,0,closure
562.100642444469,phy_interval,4,5,1,3053,8,NaN,NaN,NaN,2.00678109001819e-14,11.0636105635893,NaN,NaN,0,0,NaN,0,0,
562.100642444469,phy_track,4,5,1,3053,8,NaN,NaN,NaN,NaN,11.0636105635893,NaN,NaN,NaN,NaN,NaN,0,0,
562.185308977105,phy_signal_end,4,8,7,3054,8,-124.567050032692,157.567050032692,Inf,0,-Inf,0,0,0,0,0,0,0,closure
562.185321420289,phy_signal_end,5,8,7,3054,8,-130.773375084599,163.773375084599,Inf,0,-Inf,0,0,0,0,0,0,0,closure
562.299819162592,phy_interval,5,3,1,3052,8,NaN,NaN,NaN,2.00678109001819e-14,-2.00796035959661,NaN,NaN,0,0,NaN,0,0,
562.299819162592,phy_signal_end,5,3,1,3052,8,-117.383020596368,150.383020596368,-10.4080205963685,2.00678109001819e-14,-2.00796035959661,3.40962752323828e-05,3.40962752323828e-05,0,0,0,0,0,half_duplex
562.299831604377,phy_signal_end,4,3,1,3052,8,-126.074739474425,159.074739474425,Inf,0,-Inf,0,0,0,0,0,0,0,closure
562.315011086064,phy_signal_start,5,1,3,3055,8,-107.875945171156,NaN,-0.900945171156323,NaN,NaN,NaN,NaN,NaN,NaN,NaN,0,0,
562.315023527005,phy_interval,4,5,1,3053,8,NaN,NaN,NaN,2.00678109001819e-14,11.0636105635893,NaN,NaN,0,0,NaN,0,0,
562.315023527005,phy_signal_start,4,1,3,3055,8,-120.947516094342,NaN,-13.9725160943423,NaN,NaN,NaN,NaN,NaN,NaN,NaN,0,0,
562.338812444469,phy_interval,4,5,1,3053,8,NaN,NaN,NaN,2.00678109001819e-14,-11.0636105635893,NaN,NaN,0,0,NaN,1,0,
562.338812444469,phy_interval,4,1,3,3055,8,NaN,NaN,NaN,2.00678109001819e-14,-11.0636105635893,NaN,NaN,1,1,NaN,1,0,
562.338812444469,phy_signal_end,4,5,1,3053,8,-109.883905530753,142.883905530753,-2.90890553075294,2.00678109001819e-14,-11.0636105635893,0,0,0,0,0,1,1,accepted
562.393308977105,phy_signal_end,4,8,7,3056,8,-124.567050032692,157.567050032692,Inf,0,-Inf,0,0,0,0,0,0,0,closure
562.393321420289,phy_signal_end,5,8,7,3056,8,-130.773375084599,163.773375084599,Inf,0,-Inf,0,0,0,0,0,0,0,closure
562.422111086064,phy_interval,5,1,3,3055,8,NaN,NaN,NaN,2.00678109001819e-14,-2.00796035959661,NaN,NaN,0,0,NaN,0,0,
562.422111086064,phy_signal_end,5,1,3,3055,8,-107.875945171156,140.875945171156,-0.900945171156323,2.00678109001819e-14,-2.00796035959661,0,0,0,0,0,0,0,half_duplex
562.422123527005,phy_interval,4,1,3,3055,8,NaN,NaN,NaN,2.00678109001819e-14,-11.0636105635893,NaN,NaN,0,8,NaN,1,0,
562.422123527005,phy_signal_end,4,1,3,3055,8,-120.947516094342,153.947516094342,-13.9725160943423,2.00678109001819e-14,-11.0636105635893,0.0165081236596193,0.0165081236596193,1,9,10,1,0,sync_threshold
562.458013632365,phy_signal_start,4,2,4,3057,8,-111.467698021168,NaN,-4.49269802116773,NaN,NaN,NaN,NaN,NaN,NaN,NaN,0,0,
562.464643632365,phy_interval,4,2,4,3057,8,NaN,NaN,NaN,2.00678109001819e-14,-11.0636105635893,NaN,NaN,0,0,NaN,0,0,
562.464643632365,phy_track,4,2,4,3057,8,NaN,NaN,NaN,NaN,-11.0636105635893,NaN,NaN,NaN,NaN,NaN,0,0,
562.627011086064,phy_signal_start,5,1,3,3058,8,-107.875945171156,NaN,-0.900945171156323,NaN,NaN,NaN,NaN,NaN,NaN,NaN,0,0,
562.627023527005,phy_interval,4,2,4,3057,8,NaN,NaN,NaN,2.00678109001819e-14,-11.0636105635893,NaN,NaN,0,0,NaN,0,0,
562.627023527005,phy_signal_start,4,1,3,3058,8,-120.947516094342,NaN,-13.9725160943423,NaN,NaN,NaN,NaN,NaN,NaN,NaN,0,0,
562.633641086064,phy_interval,5,1,3,3058,8,NaN,NaN,NaN,2.00678109001819e-14,-2.00796035959661,NaN,NaN,0,0,NaN,0,0,
562.633641086064,phy_track,5,1,3,3058,8,NaN,NaN,NaN,NaN,-2.00796035959661,NaN,NaN,NaN,NaN,NaN,0,0,
562.702813632365,phy_interval,4,2,4,3057,8,NaN,NaN,NaN,2.00678109001819e-14,-9.4798180731745,NaN,NaN,0,0,NaN,1,0,
562.702813632365,phy_interval,4,1,3,3058,8,NaN,NaN,NaN,2.00678109001819e-14,-9.4798180731745,NaN,NaN,0,10,NaN,1,0,
562.702813632365,phy_signal_end,4,2,4,3057,8,-111.467698021168,144.467698021168,-4.49269802116773,2.00678109001819e-14,-9.4798180731745,0,0,0,0,0,1,1,accepted
562.702826076559,phy_signal_end,5,2,4,3057,8,-122.734861677906,155.734861677906,Inf,0,-Inf,0,0,0,0,0,0,0,closure
562.731012444469,phy_interval,5,1,3,3058,8,NaN,NaN,NaN,2.00678109001819e-14,-2.00796035959661,NaN,NaN,0,0,NaN,0,0,
562.731012444469,phy_signal_start,5,4,2,3059,8,-109.883905530753,NaN,-2.90890553075294,NaN,NaN,NaN,NaN,NaN,NaN,NaN,0,0,
562.734111086064,phy_interval,5,1,3,3058,8,NaN,NaN,NaN,2.00678109001819e-14,-2.00796035959661,NaN,NaN,0,0,NaN,1,0,
562.734111086064,phy_interval,5,4,2,3059,8,NaN,NaN,NaN,2.00678109001819e-14,-2.00796035959661,NaN,NaN,0,0,NaN,1,0,
562.734111086064,phy_signal_end,5,1,3,3058,8,-107.875945171156,140.875945171156,-0.900945171156323,2.00678109001819e-14,-2.00796035959661,0,0,0,0,0,1,1,accepted
562.734123527005,phy_interval,4,1,3,3058,8,NaN,NaN,NaN,2.00678109001819e-14,-9.4798180731745,NaN,NaN,0,5,NaN,1,0,
562.734123527005,phy_signal_end,4,1,3,3058,8,-120.947516094342,153.947516094342,-13.9725160943423,2.00678109001819e-14,-9.4798180731745,0.0167928580276336,0.0167928580276336,0,15,15,1,0,half_duplex
562.740741086064,phy_interval,5,4,2,3059,8,NaN,NaN,NaN,2.00678109001819e-14,-2.00796035959661,NaN,NaN,0,0,NaN,1,0,
562.740741086064,phy_track,5,4,2,3059,8,NaN,NaN,NaN,NaN,-2.00796035959661,NaN,NaN,NaN,NaN,NaN,0,0,
562.744019162592,phy_interval,5,4,2,3059,8,NaN,NaN,NaN,2.00678109001819e-14,-2.00796035959661,NaN,NaN,0,0,NaN,1,0,
562.744019162592,phy_signal_start,5,3,1,3060,8,-117.383020596368,NaN,-10.4080205963685,NaN,NaN,NaN,NaN,NaN,NaN,NaN,0,0,
562.796292444469,phy_interval,5,4,2,3059,8,NaN,NaN,NaN,2.00678109001819e-14,-7.49911506561554,NaN,NaN,0,0,NaN,2,0,
562.796292444469,phy_interval,5,3,1,3060,8,NaN,NaN,NaN,2.00678109001819e-14,-7.49911506561554,NaN,NaN,0,0,NaN,1,0,
562.796292444469,phy_signal_end,5,4,2,3059,8,-109.883905530753,142.883905530753,-2.90890553075294,2.00678109001819e-14,-7.49911506561554,0,0,0,0,0,2,1,accepted
562.848012444469,phy_signal_start,4,5,1,3062,8,-109.883905530753,NaN,-2.90890553075294,NaN,NaN,NaN,NaN,NaN,NaN,NaN,0,0,
562.854642444469,phy_interval,4,5,1,3062,8,NaN,NaN,NaN,2.00678109001819e-14,-9.4798180731745,NaN,NaN,0,0,NaN,0,0,
562.854642444469,phy_track,4,5,1,3062,8,NaN,NaN,NaN,NaN,-9.4798180731745,NaN,NaN,NaN,NaN,NaN,0,0,
562.874308977105,phy_signal_end,4,8,7,3061,8,-124.567050032692,157.567050032692,Inf,0,-Inf,0,0,0,0,0,0,0,closure
562.874321420289,phy_signal_end,5,8,7,3061,8,-130.773375084599,163.773375084599,Inf,0,-Inf,0,0,0,0,0,0,0,closure
562.988819162592,phy_interval,5,3,1,3060,8,NaN,NaN,NaN,2.00678109001819e-14,-7.49911506561554,NaN,NaN,0,0,NaN,1,0,
562.988819162592,phy_signal_end,5,3,1,3060,8,-117.383020596368,150.383020596368,-10.4080205963685,2.00678109001819e-14,-7.49911506561554,8.04529100302659e-05,8.04529100302659e-05,0,0,0,1,0,half_duplex
562.988831604377,phy_signal_end,4,3,1,3060,8,-126.074739474425,159.074739474425,Inf,0,-Inf,0,0,0,0,0,0,0,closure
563.069019162592,phy_signal_start,5,3,1,3064,8,-117.383020596368,NaN,-10.4080205963685,NaN,NaN,NaN,NaN,NaN,NaN,NaN,0,0,
563.092812444469,phy_interval,4,5,1,3062,8,NaN,NaN,NaN,2.00678109001819e-14,-9.4798180731745,NaN,NaN,0,0,NaN,0,0,
563.092812444469,phy_signal_end,4,5,1,3062,8,-109.883905530753,142.883905530753,-2.90890553075294,2.00678109001819e-14,-9.4798180731745,0,0,0,0,0,0,1,accepted
563.134308977105,phy_signal_end,4,8,7,3063,8,-124.567050032692,157.567050032692,Inf,0,-Inf,0,0,0,0,0,0,0,closure
563.134321420289,phy_signal_end,5,8,7,3063,8,-130.773375084599,163.773375084599,Inf,0,-Inf,0,0,0,0,0,0,0,closure
563.238012444469,phy_signal_start,4,5,1,3065,8,-109.883905530753,NaN,-2.90890553075294,NaN,NaN,NaN,NaN,NaN,NaN,NaN,0,0,
563.244642444469,phy_interval,4,5,1,3065,8,NaN,NaN,NaN,2.00678109001819e-14,-9.4798180731745,NaN,NaN,0,0,NaN,0,0,
563.244642444469,phy_track,4,5,1,3065,8,NaN,NaN,NaN,NaN,-9.4798180731745,NaN,NaN,NaN,NaN,NaN,0,0,
563.313819162592,phy_interval,5,3,1,3064,8,NaN,NaN,NaN,2.00678109001819e-14,-7.49911506561554,NaN,NaN,0,0,NaN,0,0,
563.313819162592,phy_signal_end,5,3,1,3064,8,-117.383020596368,150.383020596368,-10.4080205963685,2.00678109001819e-14,-7.49911506561554,3.40962752323828e-05,3.40962752323828e-05,0,0,0,0,0,half_duplex
563.313831604377,phy_signal_end,4,3,1,3064,8,-126.074739474425,159.074739474425,Inf,0,-Inf,0,0,0,0,0,0,0,closure
563.342019162592,phy_signal_start,5,3,1,3066,8,-117.383020596368,NaN,-10.4080205963685,NaN,NaN,NaN,NaN,NaN,NaN,NaN,0,0,
563.482812444469,phy_interval,4,5,1,3065,8,NaN,NaN,NaN,2.00678109001819e-14,-9.4798180731745,NaN,NaN,0,0,NaN,0,0,
563.482812444469,phy_signal_end,4,5,1,3065,8,-109.883905530753,142.883905530753,-2.90890553075294,2.00678109001819e-14,-9.4798180731745,0,0,0,0,0,0,1,accepted
563.576012444469,phy_interval,5,3,1,3066,8,NaN,NaN,NaN,2.00678109001819e-14,-7.49911506561554,NaN,NaN,0,0,NaN,0,0,
563.576012444469,phy_signal_start,5,4,2,3067,8,-109.883905530753,NaN,-2.90890553075294,NaN,NaN,NaN,NaN,NaN,NaN,NaN,0,0,
563.582642444469,phy_interval,5,3,1,3066,8,NaN,NaN,NaN,2.00678109001819e-14,-7.49911506561554,NaN,NaN,0,0,NaN,1,0,
563.582642444469,phy_interval,5,4,2,3067,8,NaN,NaN,NaN,2.00678109001819e-14,-7.49911506561554,NaN,NaN,0,0,NaN,1,0,
563.582642444469,phy_track,5,4,2,3067,8,NaN,NaN,NaN,NaN,-7.49911506561554,NaN,NaN,NaN,NaN,NaN,0,0,
563.586819162592,phy_interval,5,3,1,3066,8,NaN,NaN,NaN,2.00678109001819e-14,-7.49911506561554,NaN,NaN,0,0,NaN,1,0,
563.586819162592,phy_interval,5,4,2,3067,8,NaN,NaN,NaN,2.00678109001819e-14,-7.49911506561554,NaN,NaN,0,0,NaN,1,0,
563.586819162592,phy_signal_end,5,3,1,3066,8,-117.383020596368,150.383020596368,-10.4080205963685,2.00678109001819e-14,-7.49911506561554,7.08084671734674e-05,7.08084671734674e-05,0,0,0,1,0,half_duplex
563.586831604377,phy_signal_end,4,3,1,3066,8,-126.074739474425,159.074739474425,Inf,0,-Inf,0,0,0,0,0,0,0,closure
563.589011086064,phy_interval,5,4,2,3067,8,NaN,NaN,NaN,2.00678109001819e-14,-7.49911506561554,NaN,NaN,0,0,NaN,1,0,
563.589011086064,phy_signal_start,5,1,3,3068,8,-107.875945171156,NaN,-0.900945171156323,NaN,NaN,NaN,NaN,NaN,NaN,NaN,0,0,
563.589023527005,phy_signal_start,4,1,3,3068,8,-120.947516094342,NaN,-13.9725160943423,NaN,NaN,NaN,NaN,NaN,NaN,NaN,0,0,
563.641292444469,phy_interval,5,4,2,3067,8,NaN,NaN,NaN,2.00678109001819e-14,-2.00796035959661,NaN,NaN,0,0,NaN,2,0,
563.641292444469,phy_interval,5,1,3,3068,8,NaN,NaN,NaN,2.00678109001819e-14,-2.00796035959661,NaN,NaN,0,0,NaN,1,0,
563.641292444469,phy_signal_end,5,4,2,3067,8,-109.883905530753,142.883905530753,-2.90890553075294,2.00678109001819e-14,-2.00796035959661,0,0,0,0,0,2,1,accepted
563.696111086064,phy_interval,5,1,3,3068,8,NaN,NaN,NaN,2.00678109001819e-14,-2.00796035959661,NaN,NaN,0,0,NaN,1,0,
563.696111086064,phy_signal_end,5,1,3,3068,8,-107.875945171156,140.875945171156,-0.900945171156323,2.00678109001819e-14,-2.00796035959661,0,0,0,0,0,1,0,not_acquired
563.696123527005,phy_interval,4,1,3,3068,8,NaN,NaN,NaN,2.00678109001819e-14,-9.4798180731745,NaN,NaN,1,7,NaN,0,0,
563.696123527005,phy_signal_end,4,1,3,3068,8,-120.947516094342,153.947516094342,-13.9725160943423,2.00678109001819e-14,-9.4798180731745,0.0151165618870165,0.0151165618870165,1,7,8,0,0,half_duplex
563.784012444469,phy_signal_start,5,4,2,3070,8,-109.883905530753,NaN,-2.90890553075294,NaN,NaN,NaN,NaN,NaN,NaN,NaN,0,0,
563.784019162592,phy_interval,5,4,2,3070,8,NaN,NaN,NaN,2.00678109001819e-14,-2.00796035959661,NaN,NaN,0,0,NaN,0,0,
563.784019162592,phy_signal_start,5,3,1,3069,8,-117.383020596368,NaN,-10.4080205963685,NaN,NaN,NaN,NaN,NaN,NaN,NaN,0,0,
563.790642444469,phy_interval,5,4,2,3070,8,NaN,NaN,NaN,2.00678109001819e-14,-7.49911506561554,NaN,NaN,0,0,NaN,1,0,
563.790642444469,phy_interval,5,3,1,3069,8,NaN,NaN,NaN,2.00678109001819e-14,-7.49911506561554,NaN,NaN,0,0,NaN,1,0,
563.790642444469,phy_track,5,4,2,3070,8,NaN,NaN,NaN,NaN,-7.49911506561554,NaN,NaN,NaN,NaN,NaN,0,0,
563.849292444469,phy_interval,5,4,2,3070,8,NaN,NaN,NaN,2.00678109001819e-14,-7.49911506561554,NaN,NaN,0,0,NaN,1,0,
563.849292444469,phy_interval,5,3,1,3069,8,NaN,NaN,NaN,2.00678109001819e-14,-7.49911506561554,NaN,NaN,0,0,NaN,1,0,
563.849292444469,phy_signal_end,5,4,2,3070,8,-109.883905530753,142.883905530753,-2.90890553075294,2.00678109001819e-14,-7.49911506561554,0,0,0,0,0,1,1,accepted
563.862012444469,phy_signal_start,4,5,1,3071,8,-109.883905530753,NaN,-2.90890553075294,NaN,NaN,NaN,NaN,NaN,NaN,NaN,0,0,
563.868642444469,phy_interval,4,5,1,3071,8,NaN,NaN,NaN,2.00678109001819e-14,-9.4798180731745,NaN,NaN,0,0,NaN,0,0,
563.868642444469,phy_track,4,5,1,3071,8,NaN,NaN,NaN,NaN,-9.4798180731745,NaN,NaN,NaN,NaN,NaN,0,0,
564.028819162592,phy_interval,5,3,1,3069,8,NaN,NaN,NaN,2.00678109001819e-14,-7.49911506561554,NaN,NaN,0,0,NaN,1,0,
564.028819162592,phy_signal_end,5,3,1,3069,8,-117.383020596368,150.383020596368,-10.4080205963685,2.00678109001819e-14,-7.49911506561554,8.31401925095986e-05,8.31401925095986e-05,0,0,0,1,0,half_duplex
564.028831604377,phy_signal_end,4,3,1,3069,8,-126.074739474425,159.074739474425,Inf,0,-Inf,0,0,0,0,0,0,0,closure
564.096011086064,phy_signal_start,5,1,3,3073,8,-107.875945171156,NaN,-0.900945171156323,NaN,NaN,NaN,NaN,NaN,NaN,NaN,0,0,
564.096023527005,phy_interval,4,5,1,3071,8,NaN,NaN,NaN,2.00678109001819e-14,-9.4798180731745,NaN,NaN,0,0,NaN,0,0,
564.096023527005,phy_signal_start,4,1,3,3073,8,-120.947516094342,NaN,-13.9725160943423,NaN,NaN,NaN,NaN,NaN,NaN,NaN,0,0,
564.106812444469,phy_interval,4,5,1,3071,8,NaN,NaN,NaN,2.00678109001819e-14,-11.0636105635893,NaN,NaN,0,0,NaN,1,0,
564.106812444469,phy_interval,4,1,3,3073,8,NaN,NaN,NaN,2.00678109001819e-14,-11.0636105635893,NaN,NaN,0,0,NaN,1,0,
564.106812444469,phy_signal_end,4,5,1,3071,8,-109.883905530753,142.883905530753,-2.90890553075294,2.00678109001819e-14,-11.0636105635893,0,0,0,0,0,1,1,accepted
564.148012444469,phy_interval,4,1,3,3073,8,NaN,NaN,NaN,2.00678109001819e-14,-11.0636105635893,NaN,NaN,0,1,NaN,1,0,
564.148012444469,phy_signal_start,4,5,1,3074,8,-109.883905530753,NaN,-2.90890553075294,NaN,NaN,NaN,NaN,NaN,NaN,NaN,0,0,
564.154642444469,phy_interval,4,1,3,3073,8,NaN,NaN,NaN,2.00678109001819e-14,-11.0636105635893,NaN,NaN,0,1,NaN,2,0,
564.154642444469,phy_interval,4,5,1,3074,8,NaN,NaN,NaN,2.00678109001819e-14,-11.0636105635893,NaN,NaN,0,0,NaN,1,0,
564.154642444469,phy_track,4,5,1,3074,8,NaN,NaN,NaN,NaN,-11.0636105635893,NaN,NaN,NaN,NaN,NaN,0,0,
564.203111086064,phy_interval,5,1,3,3073,8,NaN,NaN,NaN,2.00678109001819e-14,-7.49911506561554,NaN,NaN,0,0,NaN,0,0,
564.203111086064,phy_signal_end,5,1,3,3073,8,-107.875945171156,140.875945171156,-0.900945171156323,2.00678109001819e-14,-7.49911506561554,0,0,0,0,0,0,0,half_duplex
564.203123527005,phy_interval,4,1,3,3073,8,NaN,NaN,NaN,2.00678109001819e-14,-11.0636105635893,NaN,NaN,0,3,NaN,2,0,
564.203123527005,phy_interval,4,5,1,3074,8,NaN,NaN,NaN,2.00678109001819e-14,-11.0636105635893,NaN,NaN,0,0,NaN,1,0,
564.203123527005,phy_signal_end,4,1,3,3073,8,-120.947516094342,153.947516094342,-13.9725160943423,2.00678109001819e-14,-11.0636105635893,0.0160086956014674,0.0160086956014674,0,5,5,2,0,sync_threshold
564.226019162592,phy_signal_start,5,3,1,3075,8,-117.383020596368,NaN,-10.4080205963685,NaN,NaN,NaN,NaN,NaN,NaN,NaN,0,0,
564.301828977105,phy_signal_end,4,8,2,3072,8,-124.567050032692,157.567050032692,Inf,0,-Inf,0,0,0,0,0,0,0,closure
564.301841420289,phy_signal_end,5,8,2,3072,8,-130.773375084599,163.773375084599,Inf,0,-Inf,0,0,0,0,0,0,0,closure
564.343013632365,phy_interval,4,5,1,3074,8,NaN,NaN,NaN,2.00678109001819e-14,-11.0636105635893,NaN,NaN,0,0,NaN,1,0,
564.343013632365,phy_signal_start,4,2,8,3076,8,-111.467698021168,NaN,-4.49269802116773,NaN,NaN,NaN,NaN,NaN,NaN,NaN,0,0,
564.392812444469,phy_interval,4,5,1,3074,8,NaN,NaN,NaN,2.00678109001819e-14,-1.58379249041479,NaN,NaN,0,0,NaN,2,0,
564.392812444469,phy_interval,4,2,8,3076,8,NaN,NaN,NaN,2.00678109001819e-14,-1.58379249041479,NaN,NaN,0,0,NaN,1,0,
564.392812444469,phy_signal_end,4,5,1,3074,8,-109.883905530753,142.883905530753,-2.90890553075294,2.00678109001819e-14,-1.58379249041479,0,0,0,0,0,2,1,accepted
564.408012444469,phy_interval,4,2,8,3076,8,NaN,NaN,NaN,2.00678109001819e-14,-1.58379249041479,NaN,NaN,0,0,NaN,1,0,
564.408012444469,phy_signal_start,4,5,1,3077,8,-109.883905530753,NaN,-2.90890553075294,NaN,NaN,NaN,NaN,NaN,NaN,NaN,0,0,
564.408293632365,phy_interval,4,2,8,3076,8,NaN,NaN,NaN,2.00678109001819e-14,-1.58379249041479,NaN,NaN,0,0,NaN,2,0,
564.408293632365,phy_interval,4,5,1,3077,8,NaN,NaN,NaN,2.00678109001819e-14,-1.58379249041479,NaN,NaN,0,0,NaN,1,0,
564.408293632365,phy_signal_end,4,2,8,3076,8,-111.467698021168,144.467698021168,-4.49269802116773,2.00678109001819e-14,-1.58379249041479,0,0,0,0,0,2,0,not_acquired
564.408306076559,phy_signal_end,5,2,8,3076,8,-122.734861677906,155.734861677906,Inf,0,-Inf,0,0,0,0,0,0,0,closure
564.414642444469,phy_interval,4,5,1,3077,8,NaN,NaN,NaN,2.00678109001819e-14,-1.58379249041479,NaN,NaN,0,0,NaN,1,0,
564.414642444469,phy_track,4,5,1,3077,8,NaN,NaN,NaN,NaN,-1.58379249041479,NaN,NaN,NaN,NaN,NaN,0,0,
564.470819162592,phy_interval,5,3,1,3075,8,NaN,NaN,NaN,2.00678109001819e-14,-7.49911506561554,NaN,NaN,0,0,NaN,0,0,
564.470819162592,phy_signal_end,5,3,1,3075,8,-117.383020596368,150.383020596368,-10.4080205963685,2.00678109001819e-14,-7.49911506561554,3.40962752323828e-05,3.40962752323828e-05,0,0,0,0,0,half_duplex
564.470831604377,phy_signal_end,4,3,1,3075,8,-126.074739474425,159.074739474425,Inf,0,-Inf,0,0,0,0,0,0,0,closure
564.551011086064,phy_signal_start,5,1,3,3079,8,-107.875945171156,NaN,-0.900945171156323,NaN,NaN,NaN,NaN,NaN,NaN,NaN,0,0,
564.551023527005,phy_interval,4,5,1,3077,8,NaN,NaN,NaN,2.00678109001819e-14,-1.58379249041479,NaN,NaN,0,0,NaN,1,0,
564.551023527005,phy_signal_start,4,1,3,3079,8,-120.947516094342,NaN,-13.9725160943423,NaN,NaN,NaN,NaN,NaN,NaN,NaN,0,0,
564.652812444469,phy_interval,4,5,1,3077,8,NaN,NaN,NaN,2.00678109001819e-14,-11.0636105635893,NaN,NaN,0,0,NaN,2,0,
564.652812444469,phy_interval,4,1,3,3079,8,NaN,NaN,NaN,2.00678109001819e-14,-11.0636105635893,NaN,NaN,1,7,NaN,1,0,
564.652812444469,phy_signal_end,4,5,1,3077,8,-109.883905530753,142.883905530753,-2.90890553075294,2.00678109001819e-14,-11.0636105635893,0,0,0,0,0,2,1,accepted
564.658111086064,phy_interval,5,1,3,3079,8,NaN,NaN,NaN,2.00678109001819e-14,-7.49911506561554,NaN,NaN,0,0,NaN,0,0,
564.658111086064,phy_signal_end,5,1,3,3079,8,-107.875945171156,140.875945171156,-0.900945171156323,2.00678109001819e-14,-7.49911506561554,0,0,0,0,0,0,0,half_duplex
564.658123527005,phy_interval,4,1,3,3079,8,NaN,NaN,NaN,2.00678109001819e-14,-11.0636105635893,NaN,NaN,0,3,NaN,1,0,
564.658123527005,phy_signal_end,4,1,3,3079,8,-120.947516094342,153.947516094342,-13.9725160943423,2.00678109001819e-14,-11.0636105635893,0.0157703976355589,0.0157703976355589,1,10,11,1,0,sync_threshold
564.678828977105,phy_signal_end,4,8,2,3078,8,-124.567050032692,157.567050032692,Inf,0,-Inf,0,0,0,0,0,0,0,closure
564.678841420289,phy_signal_end,5,8,2,3078,8,-130.773375084599,163.773375084599,Inf,0,-Inf,0,0,0,0,0,0,0,closure
564.681013632365,phy_signal_start,4,2,8,3080,8,-111.467698021168,NaN,-4.49269802116773,NaN,NaN,NaN,NaN,NaN,NaN,NaN,0,0,
564.687643632365,phy_interval,4,2,8,3080,8,NaN,NaN,NaN,2.00678109001819e-14,-11.0636105635893,NaN,NaN,0,0,NaN,0,0,
564.687643632365,phy_track,4,2,8,3080,8,NaN,NaN,NaN,NaN,-11.0636105635893,NaN,NaN,NaN,NaN,NaN,0,0,
564.746293632365,phy_interval,4,2,8,3080,8,NaN,NaN,NaN,2.00678109001819e-14,-11.0636105635893,NaN,NaN,0,0,NaN,0,0,
564.746293632365,phy_signal_end,4,2,8,3080,8,-111.467698021168,144.467698021168,-4.49269802116773,2.00678109001819e-14,-11.0636105635893,0,0,0,0,0,0,1,accepted
564.746306076559,phy_signal_end,5,2,8,3080,8,-122.734861677906,155.734861677906,Inf,0,-Inf,0,0,0,0,0,0,0,closure
564.863012444469,phy_signal_start,5,4,2,3082,8,-109.883905530753,NaN,-2.90890553075294,NaN,NaN,NaN,NaN,NaN,NaN,NaN,0,0,
564.869642444469,phy_interval,5,4,2,3082,8,NaN,NaN,NaN,2.00678109001819e-14,-7.49911506561554,NaN,NaN,0,0,NaN,0,0,
564.869642444469,phy_track,5,4,2,3082,8,NaN,NaN,NaN,NaN,-7.49911506561554,NaN,NaN,NaN,NaN,NaN,0,0,
564.915019162592,phy_interval,5,4,2,3082,8,NaN,NaN,NaN,2.00678109001819e-14,-7.49911506561554,NaN,NaN,0,0,NaN,0,0,
564.915019162592,phy_signal_start,5,3,1,3083,8,-117.383020596368,NaN,-10.4080205963685,NaN,NaN,NaN,NaN,NaN,NaN,NaN,0,0,
564.928292444469,phy_interval,5,4,2,3082,8,NaN,NaN,NaN,2.00678109001819e-14,-7.49911506561554,NaN,NaN,0,0,NaN,1,0,
564.928292444469,phy_interval,5,3,1,3083,8,NaN,NaN,NaN,2.00678109001819e-14,-7.49911506561554,NaN,NaN,0,0,NaN,1,0,
564.928292444469,phy_signal_end,5,4,2,3082,8,-109.883905530753,142.883905530753,-2.90890553075294,2.00678109001819e-14,-7.49911506561554,0,0,0,0,0,1,1,accepted
564.941012444469,phy_signal_start,4,5,1,3084,8,-109.883905530753,NaN,-2.90890553075294,NaN,NaN,NaN,NaN,NaN,NaN,NaN,0,0,
564.947642444469,phy_interval,4,5,1,3084,8,NaN,NaN,NaN,2.00678109001819e-14,-11.0636105635893,NaN,NaN,0,0,NaN,0,0,
564.947642444469,phy_track,4,5,1,3084,8,NaN,NaN,NaN,NaN,-11.0636105635893,NaN,NaN,NaN,NaN,NaN,0,0,
565.094828977105,phy_signal_end,4,8,2,3081,8,-124.567050032692,157.567050032692,Inf,0,-Inf,0,0,0,0,0,0,0,closure
565.094841420289,phy_signal_end,5,8,2,3081,8,-130.773375084599,163.773375084599,Inf,0,-Inf,0,0,0,0,0,0,0,closure
565.159819162592,phy_interval,5,3,1,3083,8,NaN,NaN,NaN,2.00678109001819e-14,-7.49911506561554,NaN,NaN,0,0,NaN,1,0,
565.159819162592,phy_signal_end,5,3,1,3083,8,-117.383020596368,150.383020596368,-10.4080205963685,2.00678109001819e-14,-7.49911506561554,9.44827091734674e-05,9.44827091734674e-05,0,0,0,1,0,half_duplex
565.159831604377,phy_signal_end,4,3,1,3083,8,-126.074739474425,159.074739474425,Inf,0,-Inf,0,0,0,0,0,0,0,closure
565.185812444469,phy_interval,4,5,1,3084,8,NaN,NaN,NaN,2.00678109001819e-14,-11.0636105635893,NaN,NaN,0,0,NaN,0,0,
565.185812444469,phy_signal_end,4,5,1,3084,8,-109.883905530753,142.883905530753,-2.90890553075294,2.00678109001819e-14,-11.0636105635893,0,0,0,0,0,0,1,accepted
565.214011086064,phy_signal_start,5,1,3,3085,8,-107.875945171156,NaN,-0.900945171156323,NaN,NaN,NaN,NaN,NaN,NaN,NaN,0,0,
565.214023527005,phy_signal_start,4,1,3,3085,8,-120.947516094342,NaN,-13.9725160943423,NaN,NaN,NaN,NaN,NaN,NaN,NaN,0,0,
565.220641086064,phy_interval,5,1,3,3085,8,NaN,NaN,NaN,2.00678109001819e-14,-7.49911506561554,NaN,NaN,0,0,NaN,0,0,
565.220641086064,phy_track,5,1,3,3085,8,NaN,NaN,NaN,NaN,-7.49911506561554,NaN,NaN,NaN,NaN,NaN,0,0,
565.253012444469,phy_interval,5,1,3,3085,8,NaN,NaN,NaN,2.00678109001819e-14,-7.49911506561554,NaN,NaN,0,0,NaN,0,0,
565.253012444469,phy_signal_start,5,4,2,3086,8,-109.883905530753,NaN,-2.90890553075294,NaN,NaN,NaN,NaN,NaN,NaN,NaN,0,0,
565.279291086064,phy_interval,5,1,3,3085,8,NaN,NaN,NaN,2.00678109001819e-14,-2.00796035959661,NaN,NaN,0,0,NaN,1,0,
565.279291086064,phy_interval,5,4,2,3086,8,NaN,NaN,NaN,2.00678109001819e-14,-2.00796035959661,NaN,NaN,0,0,NaN,1,0,
565.279291086064,phy_signal_end,5,1,3,3085,8,-107.875945171156,140.875945171156,-0.900945171156323,2.00678109001819e-14,-2.00796035959661,0,0,0,0,0,1,1,accepted
565.279303527005,phy_interval,4,1,3,3085,8,NaN,NaN,NaN,2.00678109001819e-14,-11.0636105635893,NaN,NaN,0,6,NaN,0,0,
565.279303527005,phy_signal_end,4,1,3,3085,8,-120.947516094342,153.947516094342,-13.9725160943423,2.00678109001819e-14,-11.0636105635893,0.0151165618870165,0.0151165618870165,0,6,6,0,0,half_duplex
565.305012444469,phy_signal_start,4,5,1,3088,8,-109.883905530753,NaN,-2.90890553075294,NaN,NaN,NaN,NaN,NaN,NaN,NaN,0,0,
565.305019162592,phy_interval,5,4,2,3086,8,NaN,NaN,NaN,2.00678109001819e-14,-2.00796035959661,NaN,NaN,0,0,NaN,1,0,
565.305019162592,phy_signal_start,5,3,1,3087,8,-117.383020596368,NaN,-10.4080205963685,NaN,NaN,NaN,NaN,NaN,NaN,NaN,0,0,
565.318292444469,phy_interval,5,4,2,3086,8,NaN,NaN,NaN,2.00678109001819e-14,7.49911506561554,NaN,NaN,0,0,NaN,2,0,
565.318292444469,phy_interval,5,3,1,3087,8,NaN,NaN,NaN,2.00678109001819e-14,7.49911506561554,NaN,NaN,0,0,NaN,1,0,
565.318292444469,phy_signal_end,5,4,2,3086,8,-109.883905530753,142.883905530753,-2.90890553075294,2.00678109001819e-14,7.49911506561554,0,0,0,0,0,2,0,half_duplex
565.422012444469,phy_interval,5,3,1,3087,8,NaN,NaN,NaN,2.00678109001819e-14,7.49911506561554,NaN,NaN,0,0,NaN,1,0,
565.422012444469,phy_signal_start,5,4,5,3090,8,-109.883905530753,NaN,-2.90890553075294,NaN,NaN,NaN,NaN,NaN,NaN,NaN,0,0,
565.422013632365,phy_interval,4,5,1,3088,8,NaN,NaN,NaN,2.00678109001819e-14,-11.0636105635893,NaN,NaN,0,0,NaN,0,0,
565.422013632365,phy_signal_start,4,2,8,3089,8,-111.467698021168,NaN,-4.49269802116773,NaN,NaN,NaN,NaN,NaN,NaN,NaN,0,0,
565.487293632365,phy_interval,4,5,1,3088,8,NaN,NaN,NaN,2.00678109001819e-14,1.58379249041479,NaN,NaN,0,0,NaN,1,0,
565.487293632365,phy_interval,4,2,8,3089,8,NaN,NaN,NaN,2.00678109001819e-14,1.58379249041479,NaN,NaN,0,0,NaN,1,0,
565.487293632365,phy_signal_end,4,2,8,3089,8,-111.467698021168,144.467698021168,-4.49269802116773,2.00678109001819e-14,1.58379249041479,0,0,0,0,0,1,0,half_duplex
565.487306076559,phy_signal_end,5,2,8,3089,8,-122.734861677906,155.734861677906,Inf,0,-Inf,0,0,0,0,0,0,0,closure
565.549812444469,phy_interval,4,5,1,3088,8,NaN,NaN,NaN,2.00678109001819e-14,1.58379249041479,NaN,NaN,0,0,NaN,1,0,
565.549812444469,phy_signal_end,4,5,1,3088,8,-109.883905530753,142.883905530753,-2.90890553075294,2.00678109001819e-14,1.58379249041479,0,0,0,0,0,1,0,half_duplex
565.549819162592,phy_interval,5,3,1,3087,8,NaN,NaN,NaN,2.00678109001819e-14,-7.49911506561554,NaN,NaN,0,1,NaN,2,0,
565.549819162592,phy_interval,5,4,5,3090,8,NaN,NaN,NaN,2.00678109001819e-14,-7.49911506561554,NaN,NaN,0,0,NaN,1,0,
565.549819162592,phy_signal_end,5,3,1,3087,8,-117.383020596368,150.383020596368,-10.4080205963685,2.00678109001819e-14,-7.49911506561554,9.26197675876868e-05,9.26197675876868e-05,0,1,1,2,0,half_duplex
565.549831604377,phy_signal_end,4,3,1,3087,8,-126.074739474425,159.074739474425,Inf,0,-Inf,0,0,0,0,0,0,0,closure
565.666812444469,phy_interval,5,4,5,3090,8,NaN,NaN,NaN,2.00678109001819e-14,-7.49911506561554,NaN,NaN,0,0,NaN,1,0,
565.666812444469,phy_signal_end,5,4,5,3090,8,-109.883905530753,142.883905530753,-2.90890553075294,2.00678109001819e-14,-7.49911506561554,0,0,0,0,0,1,0,half_duplex
565.721013632365,phy_signal_start,4,2,8,3091,8,-111.467698021168,NaN,-4.49269802116773,NaN,NaN,NaN,NaN,NaN,NaN,NaN,0,0,
565.727643632365,phy_interval,4,2,8,3091,8,NaN,NaN,NaN,2.00678109001819e-14,1.58379249041479,NaN,NaN,0,0,NaN,0,0,
565.727643632365,phy_track,4,2,8,3091,8,NaN,NaN,NaN,NaN,1.58379249041479,NaN,NaN,NaN,NaN,NaN,0,0,
565.786293632365,phy_interval,4,2,8,3091,8,NaN,NaN,NaN,2.00678109001819e-14,1.58379249041479,NaN,NaN,0,0,NaN,0,0,
565.786293632365,phy_signal_end,4,2,8,3091,8,-111.467698021168,144.467698021168,-4.49269802116773,2.00678109001819e-14,1.58379249041479,0,0,0,0,0,0,1,accepted
565.786306076559,phy_signal_end,5,2,8,3091,8,-122.734861677906,155.734861677906,Inf,0,-Inf,0,0,0,0,0,0,0,closure
565.851019162592,phy_signal_start,5,3,1,3092,8,-117.383020596368,NaN,-10.4080205963685,NaN,NaN,NaN,NaN,NaN,NaN,NaN,0,0,
565.857649162592,phy_interval,5,3,1,3092,8,NaN,NaN,NaN,2.00678109001819e-14,-7.49911506561554,NaN,NaN,0,0,NaN,0,0,
565.857649162592,phy_track,5,3,1,3092,8,NaN,NaN,NaN,NaN,-7.49911506561554,NaN,NaN,NaN,NaN,NaN,0,0,
566.095819162592,phy_interval,5,3,1,3092,8,NaN,NaN,NaN,2.00678109001819e-14,-7.49911506561554,NaN,NaN,0,0,NaN,0,0,
566.095819162592,phy_signal_end,5,3,1,3092,8,-117.383020596368,150.383020596368,-10.4080205963685,2.00678109001819e-14,-7.49911506561554,3.40962752323828e-05,3.40962752323828e-05,0,0,0,0,1,accepted
566.095831604377,phy_signal_end,4,3,1,3092,8,-126.074739474425,159.074739474425,Inf,0,-Inf,0,0,0,0,0,0,0,closure
566.111011086064,phy_signal_start,5,1,3,3093,8,-107.875945171156,NaN,-0.900945171156323,NaN,NaN,NaN,NaN,NaN,NaN,NaN,0,0,
566.111023527005,phy_signal_start,4,1,3,3093,8,-120.947516094342,NaN,-13.9725160943423,NaN,NaN,NaN,NaN,NaN,NaN,NaN,0,0,
566.117641086064,phy_interval,5,1,3,3093,8,NaN,NaN,NaN,2.00678109001819e-14,-7.49911506561554,NaN,NaN,0,0,NaN,0,0,
566.117641086064,phy_track,5,1,3,3093,8,NaN,NaN,NaN,NaN,-7.49911506561554,NaN,NaN,NaN,NaN,NaN,0,0,
566.176291086064,phy_interval,5,1,3,3093,8,NaN,NaN,NaN,2.00678109001819e-14,-7.49911506561554,NaN,NaN,0,0,NaN,0,0,
566.176291086064,phy_signal_end,5,1,3,3093,8,-107.875945171156,140.875945171156,-0.900945171156323,2.00678109001819e-14,-7.49911506561554,0,0,0,0,0,0,1,accepted
566.176303527005,phy_interval,4,1,3,3093,8,NaN,NaN,NaN,2.00678109001819e-14,1.58379249041479,NaN,NaN,1,10,NaN,0,0,
566.176303527005,phy_signal_end,4,1,3,3093,8,-120.947516094342,153.947516094342,-13.9725160943423,2.00678109001819e-14,1.58379249041479,0.0151165618870165,0.0151165618870165,1,10,11,0,0,sync_threshold
566.189012444469,phy_signal_start,4,5,1,3094,8,-109.883905530753,NaN,-2.90890553075294,NaN,NaN,NaN,NaN,NaN,NaN,NaN,0,0,
566.195642444469,phy_interval,4,5,1,3094,8,NaN,NaN,NaN,2.00678109001819e-14,1.58379249041479,NaN,NaN,0,0,NaN,0,0,
566.195642444469,phy_track,4,5,1,3094,8,NaN,NaN,NaN,NaN,1.58379249041479,NaN,NaN,NaN,NaN,NaN,0,0,
566.202013632365,phy_interval,4,5,1,3094,8,NaN,NaN,NaN,2.00678109001819e-14,1.58379249041479,NaN,NaN,0,0,NaN,0,0,
566.202013632365,phy_signal_start,4,2,8,3095,8,-111.467698021168,NaN,-4.49269802116773,NaN,NaN,NaN,NaN,NaN,NaN,NaN,0,0,
566.267293632365,phy_interval,4,5,1,3094,8,NaN,NaN,NaN,2.00678109001819e-14,-1.58379249041479,NaN,NaN,0,0,NaN,1,0,
566.267293632365,phy_interval,4,2,8,3095,8,NaN,NaN,NaN,2.00678109001819e-14,-1.58379249041479,NaN,NaN,0,0,NaN,1,0,
566.267293632365,phy_signal_end,4,2,8,3095,8,-111.467698021168,144.467698021168,-4.49269802116773,2.00678109001819e-14,-1.58379249041479,0,0,0,0,0,1,0,not_acquired
566.267306076559,phy_signal_end,5,2,8,3095,8,-122.734861677906,155.734861677906,Inf,0,-Inf,0,0,0,0,0,0,0,closure
566.433812444469,phy_interval,4,5,1,3094,8,NaN,NaN,NaN,2.00678109001819e-14,-1.58379249041479,NaN,NaN,0,0,NaN,1,0,
566.433812444469,phy_signal_end,4,5,1,3094,8,-109.883905530753,142.883905530753,-2.90890553075294,2.00678109001819e-14,-1.58379249041479,0,0,0,0,0,1,1,accepted
566.449019162592,phy_signal_start,5,3,1,3096,8,-117.383020596368,NaN,-10.4080205963685,NaN,NaN,NaN,NaN,NaN,NaN,NaN,0,0,
566.455649162592,phy_interval,5,3,1,3096,8,NaN,NaN,NaN,2.00678109001819e-14,-7.49911506561554,NaN,NaN,0,0,NaN,0,0,
566.455649162592,phy_track,5,3,1,3096,8,NaN,NaN,NaN,NaN,-7.49911506561554,NaN,NaN,NaN,NaN,NaN,0,0,
566.683013632365,phy_signal_start,4,2,8,3097,8,-111.467698021168,NaN,-4.49269802116773,NaN,NaN,NaN,NaN,NaN,NaN,NaN,0,0,
566.689643632365,phy_interval,4,2,8,3097,8,NaN,NaN,NaN,2.00678109001819e-14,-1.58379249041479,NaN,NaN,0,0,NaN,0,0,
566.689643632365,phy_track,4,2,8,3097,8,NaN,NaN,NaN,NaN,-1.58379249041479,NaN,NaN,NaN,NaN,NaN,0,0,
566.693819162592,phy_interval,5,3,1,3096,8,NaN,NaN,NaN,2.00678109001819e-14,-7.49911506561554,NaN,NaN,0,0,NaN,0,0,
566.693819162592,phy_signal_end,5,3,1,3096,8,-117.383020596368,150.383020596368,-10.4080205963685,2.00678109001819e-14,-7.49911506561554,3.40962752323828e-05,3.40962752323828e-05,0,0,0,0,1,accepted
566.693831604377,phy_signal_end,4,3,1,3096,8,-126.074739474425,159.074739474425,Inf,0,-Inf,0,0,0,0,0,0,0,closure
566.748293632365,phy_interval,4,2,8,3097,8,NaN,NaN,NaN,2.00678109001819e-14,-1.58379249041479,NaN,NaN,0,0,NaN,0,0,
566.748293632365,phy_signal_end,4,2,8,3097,8,-111.467698021168,144.467698021168,-4.49269802116773,2.00678109001819e-14,-1.58379249041479,0,0,0,0,0,0,1,accepted
566.748306076559,phy_signal_end,5,2,8,3097,8,-122.734861677906,155.734861677906,Inf,0,-Inf,0,0,0,0,0,0,0,closure
566.774011086064,phy_signal_start,5,1,3,3098,8,-107.875945171156,NaN,-0.900945171156323,NaN,NaN,NaN,NaN,NaN,NaN,NaN,0,0,
566.774023527005,phy_signal_start,4,1,3,3098,8,-120.947516094342,NaN,-13.9725160943423,NaN,NaN,NaN,NaN,NaN,NaN,NaN,0,0,
566.780641086064,phy_interval,5,1,3,3098,8,NaN,NaN,NaN,2.00678109001819e-14,-7.49911506561554,NaN,NaN,0,0,NaN,0,0,
566.780641086064,phy_track,5,1,3,3098,8,NaN,NaN,NaN,NaN,-7.49911506561554,NaN,NaN,NaN,NaN,NaN,0,0,
566.881111086064,phy_interval,5,1,3,3098,8,NaN,NaN,NaN,2.00678109001819e-14,-7.49911506561554,NaN,NaN,0,0,NaN,0,0,
566.881111086064,phy_signal_end,5,1,3,3098,8,-107.875945171156,140.875945171156,-0.900945171156323,2.00678109001819e-14,-7.49911506561554,0,0,0,0,0,0,1,accepted
566.881123527005,phy_interval,4,1,3,3098,8,NaN,NaN,NaN,2.00678109001819e-14,-1.58379249041479,NaN,NaN,1,13,NaN,0,0,
566.881123527005,phy_signal_end,4,1,3,3098,8,-120.947516094342,153.947516094342,-13.9725160943423,2.00678109001819e-14,-1.58379249041479,0.0151165618870165,0.0151165618870165,1,13,14,0,0,sync_threshold
566.995019162592,phy_signal_start,5,3,1,3099,8,-117.383020596368,NaN,-10.4080205963685,NaN,NaN,NaN,NaN,NaN,NaN,NaN,0,0,
567.001649162592,phy_interval,5,3,1,3099,8,NaN,NaN,NaN,2.00678109001819e-14,-7.49911506561554,NaN,NaN,0,0,NaN,0,0,
567.001649162592,phy_track,5,3,1,3099,8,NaN,NaN,NaN,NaN,-7.49911506561554,NaN,NaN,NaN,NaN,NaN,0,0,
567.034013632365,phy_signal_start,4,2,8,3100,8,-111.467698021168,NaN,-4.49269802116773,NaN,NaN,NaN,NaN,NaN,NaN,NaN,0,0,
567.040643632365,phy_interval,4,2,8,3100,8,NaN,NaN,NaN,2.00678109001819e-14,-1.58379249041479,NaN,NaN,0,0,NaN,0,0,
567.040643632365,phy_track,4,2,8,3100,8,NaN,NaN,NaN,NaN,-1.58379249041479,NaN,NaN,NaN,NaN,NaN,0,0,
567.099293632365,phy_interval,4,2,8,3100,8,NaN,NaN,NaN,2.00678109001819e-14,-1.58379249041479,NaN,NaN,0,0,NaN,0,0,
567.099293632365,phy_signal_end,4,2,8,3100,8,-111.467698021168,144.467698021168,-4.49269802116773,2.00678109001819e-14,-1.58379249041479,0,0,0,0,0,0,1,accepted
567.099306076559,phy_signal_end,5,2,8,3100,8,-122.734861677906,155.734861677906,Inf,0,-Inf,0,0,0,0,0,0,0,closure
567.239819162592,phy_interval,5,3,1,3099,8,NaN,NaN,NaN,2.00678109001819e-14,-7.49911506561554,NaN,NaN,0,0,NaN,0,0,
567.239819162592,phy_signal_end,5,3,1,3099,8,-117.383020596368,150.383020596368,-10.4080205963685,2.00678109001819e-14,-7.49911506561554,3.40962752323828e-05,3.40962752323828e-05,0,0,0,0,1,accepted
567.239831604377,phy_signal_end,4,3,1,3099,8,-126.074739474425,159.074739474425,Inf,0,-Inf,0,0,0,0,0,0,0,closure
567.281012444469,phy_signal_start,4,5,1,3101,8,-109.883905530753,NaN,-2.90890553075294,NaN,NaN,NaN,NaN,NaN,NaN,NaN,0,0,
567.287642444469,phy_interval,4,5,1,3101,8,NaN,NaN,NaN,2.00678109001819e-14,-1.58379249041479,NaN,NaN,0,0,NaN,0,0,
567.287642444469,phy_track,4,5,1,3101,8,NaN,NaN,NaN,NaN,-1.58379249041479,NaN,NaN,NaN,NaN,NaN,0,0,
567.525812444469,phy_interval,4,5,1,3101,8,NaN,NaN,NaN,2.00678109001819e-14,-1.58379249041479,NaN,NaN,0,0,NaN,0,0,
567.525812444469,phy_signal_end,4,5,1,3101,8,-109.883905530753,142.883905530753,-2.90890553075294,2.00678109001819e-14,-1.58379249041479,0,0,0,0,0,0,1,accepted
567.580011086064,phy_signal_start,5,1,3,3102,8,-107.875945171156,NaN,-0.900945171156323,NaN,NaN,NaN,NaN,NaN,NaN,NaN,0,0,
567.580023527005,phy_signal_start,4,1,3,3102,8,-120.947516094342,NaN,-13.9725160943423,NaN,NaN,NaN,NaN,NaN,NaN,NaN,0,0,
567.586641086064,phy_interval,5,1,3,3102,8,NaN,NaN,NaN,2.00678109001819e-14,-7.49911506561554,NaN,NaN,0,0,NaN,0,0,
567.586641086064,phy_track,5,1,3,3102,8,NaN,NaN,NaN,NaN,-7.49911506561554,NaN,NaN,NaN,NaN,NaN,0,0,
567.687111086064,phy_interval,5,1,3,3102,8,NaN,NaN,NaN,2.00678109001819e-14,-7.49911506561554,NaN,NaN,0,0,NaN,0,0,
567.687111086064,phy_signal_end,5,1,3,3102,8,-107.875945171156,140.875945171156,-0.900945171156323,2.00678109001819e-14,-7.49911506561554,0,0,0,0,0,0,1,accepted
567.687123527005,phy_interval,4,1,3,3102,8,NaN,NaN,NaN,2.00678109001819e-14,-1.58379249041479,NaN,NaN,0,12,NaN,0,0,
567.687123527005,phy_signal_end,4,1,3,3102,8,-120.947516094342,153.947516094342,-13.9725160943423,2.00678109001819e-14,-1.58379249041479,0.0151165618870165,0.0151165618870165,0,12,12,0,0,sync_threshold
567.840012444469,phy_signal_start,4,5,1,3104,8,-109.883905530753,NaN,-2.90890553075294,NaN,NaN,NaN,NaN,NaN,NaN,NaN,0,0,
567.846642444469,phy_interval,4,5,1,3104,8,NaN,NaN,NaN,2.00678109001819e-14,-1.58379249041479,NaN,NaN,0,0,NaN,0,0,
567.846642444469,phy_track,4,5,1,3104,8,NaN,NaN,NaN,NaN,-1.58379249041479,NaN,NaN,NaN,NaN,NaN,0,0,
567.928828977105,phy_signal_end,4,8,2,3103,8,-124.567050032692,157.567050032692,Inf,0,-Inf,0,0,0,0,0,0,0,closure
567.928841420289,phy_signal_end,5,8,2,3103,8,-130.773375084599,163.773375084599,Inf,0,-Inf,0,0,0,0,0,0,0,closure
568.084812444469,phy_interval,4,5,1,3104,8,NaN,NaN,NaN,2.00678109001819e-14,-1.58379249041479,NaN,NaN,0,0,NaN,0,0,
568.084812444469,phy_signal_end,4,5,1,3104,8,-109.883905530753,142.883905530753,-2.90890553075294,2.00678109001819e-14,-1.58379249041479,0,0,0,0,0,0,1,accepted
568.087019162592,phy_signal_start,5,3,1,3106,8,-117.383020596368,NaN,-10.4080205963685,NaN,NaN,NaN,NaN,NaN,NaN,NaN,0,0,
568.093649162592,phy_interval,5,3,1,3106,8,NaN,NaN,NaN,2.00678109001819e-14,-7.49911506561554,NaN,NaN,0,0,NaN,0,0,
568.093649162592,phy_track,5,3,1,3106,8,NaN,NaN,NaN,NaN,-7.49911506561554,NaN,NaN,NaN,NaN,NaN,0,0,
568.214828977105,phy_signal_end,4,8,2,3105,8,-124.567050032692,157.567050032692,Inf,0,-Inf,0,0,0,0,0,0,0,closure
568.214841420289,phy_signal_end,5,8,2,3105,8,-130.773375084599,163.773375084599,Inf,0,-Inf,0,0,0,0,0,0,0,closure
568.331819162592,phy_interval,5,3,1,3106,8,NaN,NaN,NaN,2.00678109001819e-14,-7.49911506561554,NaN,NaN,0,0,NaN,0,0,
568.331819162592,phy_signal_end,5,3,1,3106,8,-117.383020596368,150.383020596368,-10.4080205963685,2.00678109001819e-14,-7.49911506561554,3.40962752323828e-05,3.40962752323828e-05,0,0,0,0,1,accepted
568.331831604377,phy_signal_end,4,3,1,3106,8,-126.074739474425,159.074739474425,Inf,0,-Inf,0,0,0,0,0,0,0,closure
568.334011086064,phy_signal_start,5,1,3,3107,8,-107.875945171156,NaN,-0.900945171156323,NaN,NaN,NaN,NaN,NaN,NaN,NaN,0,0,
568.334023527005,phy_signal_start,4,1,3,3107,8,-120.947516094342,NaN,-13.9725160943423,NaN,NaN,NaN,NaN,NaN,NaN,NaN,0,0,
568.340641086064,phy_interval,5,1,3,3107,8,NaN,NaN,NaN,2.00678109001819e-14,-7.49911506561554,NaN,NaN,0,0,NaN,0,0,
568.340641086064,phy_track,5,1,3,3107,8,NaN,NaN,NaN,NaN,-7.49911506561554,NaN,NaN,NaN,NaN,NaN,0,0,
568.441111086064,phy_interval,5,1,3,3107,8,NaN,NaN,NaN,2.00678109001819e-14,-7.49911506561554,NaN,NaN,0,0,NaN,0,0,
568.441111086064,phy_signal_end,5,1,3,3107,8,-107.875945171156,140.875945171156,-0.900945171156323,2.00678109001819e-14,-7.49911506561554,0,0,0,0,0,0,1,accepted
568.441123527005,phy_interval,4,1,3,3107,8,NaN,NaN,NaN,2.00678109001819e-14,-1.58379249041479,NaN,NaN,2,9,NaN,0,0,
568.441123527005,phy_signal_end,4,1,3,3107,8,-120.947516094342,153.947516094342,-13.9725160943423,2.00678109001819e-14,-1.58379249041479,0.0151165618870165,0.0151165618870165,2,9,11,0,0,sync_threshold
568.529013632365,phy_signal_start,4,2,8,3108,8,-111.467698021168,NaN,-4.49269802116773,NaN,NaN,NaN,NaN,NaN,NaN,NaN,0,0,
568.535643632365,phy_interval,4,2,8,3108,8,NaN,NaN,NaN,2.00678109001819e-14,-1.58379249041479,NaN,NaN,0,0,NaN,0,0,
568.535643632365,phy_track,4,2,8,3108,8,NaN,NaN,NaN,NaN,-1.58379249041479,NaN,NaN,NaN,NaN,NaN,0,0,
568.542012444469,phy_interval,4,2,8,3108,8,NaN,NaN,NaN,2.00678109001819e-14,-1.58379249041479,NaN,NaN,0,0,NaN,0,0,
568.542012444469,phy_signal_start,4,5,1,3109,8,-109.883905530753,NaN,-2.90890553075294,NaN,NaN,NaN,NaN,NaN,NaN,NaN,0,0,
568.594293632365,phy_interval,4,2,8,3108,8,NaN,NaN,NaN,2.00678109001819e-14,-1.58379249041479,NaN,NaN,0,0,NaN,1,0,
568.594293632365,phy_interval,4,5,1,3109,8,NaN,NaN,NaN,2.00678109001819e-14,-1.58379249041479,NaN,NaN,0,0,NaN,1,0,
568.594293632365,phy_signal_end,4,2,8,3108,8,-111.467698021168,144.467698021168,-4.49269802116773,2.00678109001819e-14,-1.58379249041479,0,0,0,0,0,1,1,accepted
568.594306076559,phy_signal_end,5,2,8,3108,8,-122.734861677906,155.734861677906,Inf,0,-Inf,0,0,0,0,0,0,0,closure
568.786812444469,phy_interval,4,5,1,3109,8,NaN,NaN,NaN,2.00678109001819e-14,-1.58379249041479,NaN,NaN,0,0,NaN,1,0,
568.786812444469,phy_signal_end,4,5,1,3109,8,-109.883905530753,142.883905530753,-2.90890553075294,2.00678109001819e-14,-1.58379249041479,0,0,0,0,0,1,0,not_acquired
568.906011086064,phy_signal_start,5,1,3,3110,8,-107.875945171156,NaN,-0.900945171156323,NaN,NaN,NaN,NaN,NaN,NaN,NaN,0,0,
568.906023527005,phy_signal_start,4,1,3,3110,8,-120.947516094342,NaN,-13.9725160943423,NaN,NaN,NaN,NaN,NaN,NaN,NaN,0,0,
568.912641086064,phy_interval,5,1,3,3110,8,NaN,NaN,NaN,2.00678109001819e-14,-7.49911506561554,NaN,NaN,0,0,NaN,0,0,
568.912641086064,phy_track,5,1,3,3110,8,NaN,NaN,NaN,NaN,-7.49911506561554,NaN,NaN,NaN,NaN,NaN,0,0,
568.932013632365,phy_interval,4,1,3,3110,8,NaN,NaN,NaN,2.00678109001819e-14,-1.58379249041479,NaN,NaN,1,0,NaN,0,0,
568.932013632365,phy_signal_start,4,2,8,3111,8,-111.467698021168,NaN,-4.49269802116773,NaN,NaN,NaN,NaN,NaN,NaN,NaN,0,0,
568.938643632365,phy_interval,4,1,3,3110,8,NaN,NaN,NaN,2.00678109001819e-14,-9.4798180731745,NaN,NaN,0,0,NaN,1,0,
568.938643632365,phy_interval,4,2,8,3111,8,NaN,NaN,NaN,2.00678109001819e-14,-9.4798180731745,NaN,NaN,0,0,NaN,1,0,
568.938643632365,phy_track,4,2,8,3111,8,NaN,NaN,NaN,NaN,-9.4798180731745,NaN,NaN,NaN,NaN,NaN,0,0,
568.997293632365,phy_interval,4,1,3,3110,8,NaN,NaN,NaN,2.00678109001819e-14,-9.4798180731745,NaN,NaN,0,5,NaN,1,0,
568.997293632365,phy_interval,4,2,8,3111,8,NaN,NaN,NaN,2.00678109001819e-14,-9.4798180731745,NaN,NaN,0,0,NaN,1,0,
568.997293632365,phy_signal_end,4,2,8,3111,8,-111.467698021168,144.467698021168,-4.49269802116773,2.00678109001819e-14,-9.4798180731745,0,0,0,0,0,1,1,accepted
568.997306076559,phy_signal_end,5,2,8,3111,8,-122.734861677906,155.734861677906,Inf,0,-Inf,0,0,0,0,0,0,0,closure
569.013111086064,phy_interval,5,1,3,3110,8,NaN,NaN,NaN,2.00678109001819e-14,-7.49911506561554,NaN,NaN,0,0,NaN,0,0,
569.013111086064,phy_signal_end,5,1,3,3110,8,-107.875945171156,140.875945171156,-0.900945171156323,2.00678109001819e-14,-7.49911506561554,0,0,0,0,0,0,1,accepted
569.013123527005,phy_interval,4,1,3,3110,8,NaN,NaN,NaN,2.00678109001819e-14,-9.4798180731745,NaN,NaN,0,1,NaN,1,0,
569.013123527005,phy_signal_end,4,1,3,3110,8,-120.947516094342,153.947516094342,-13.9725160943423,2.00678109001819e-14,-9.4798180731745,0.0163939867743823,0.0163939867743823,1,6,7,1,0,sync_threshold
569.114019162592,phy_signal_start,5,3,1,3112,8,-117.383020596368,NaN,-10.4080205963685,NaN,NaN,NaN,NaN,NaN,NaN,NaN,0,0,
569.120649162592,phy_interval,5,3,1,3112,8,NaN,NaN,NaN,2.00678109001819e-14,-7.49911506561554,NaN,NaN,0,0,NaN,0,0,
569.120649162592,phy_track,5,3,1,3112,8,NaN,NaN,NaN,NaN,-7.49911506561554,NaN,NaN,NaN,NaN,NaN,0,0,
569.153013632365,phy_signal_start,4,2,8,3113,8,-111.467698021168,NaN,-4.49269802116773,NaN,NaN,NaN,NaN,NaN,NaN,NaN,0,0,
569.159643632365,phy_interval,4,2,8,3113,8,NaN,NaN,NaN,2.00678109001819e-14,-9.4798180731745,NaN,NaN,0,0,NaN,0,0,
569.159643632365,phy_track,4,2,8,3113,8,NaN,NaN,NaN,NaN,-9.4798180731745,NaN,NaN,NaN,NaN,NaN,0,0,
569.218293632365,phy_interval,4,2,8,3113,8,NaN,NaN,NaN,2.00678109001819e-14,-9.4798180731745,NaN,NaN,0,0,NaN,0,0,
569.218293632365,phy_signal_end,4,2,8,3113,8,-111.467698021168,144.467698021168,-4.49269802116773,2.00678109001819e-14,-9.4798180731745,0,0,0,0,0,0,1,accepted
569.218306076559,phy_signal_end,5,2,8,3113,8,-122.734861677906,155.734861677906,Inf,0,-Inf,0,0,0,0,0,0,0,closure
569.358819162592,phy_interval,5,3,1,3112,8,NaN,NaN,NaN,2.00678109001819e-14,-7.49911506561554,NaN,NaN,0,0,NaN,0,0,
569.358819162592,phy_signal_end,5,3,1,3112,8,-117.383020596368,150.383020596368,-10.4080205963685,2.00678109001819e-14,-7.49911506561554,3.40962752323828e-05,3.40962752323828e-05,0,0,0,0,1,accepted
569.358831604377,phy_signal_end,4,3,1,3112,8,-126.074739474425,159.074739474425,Inf,0,-Inf,0,0,0,0,0,0,0,closure
569.426012444469,phy_signal_start,4,5,1,3115,8,-109.883905530753,NaN,-2.90890553075294,NaN,NaN,NaN,NaN,NaN,NaN,NaN,0,0,
569.432642444469,phy_interval,4,5,1,3115,8,NaN,NaN,NaN,2.00678109001819e-14,-9.4798180731745,NaN,NaN,0,0,NaN,0,0,
569.432642444469,phy_track,4,5,1,3115,8,NaN,NaN,NaN,NaN,-9.4798180731745,NaN,NaN,NaN,NaN,NaN,0,0,
569.517019162592,phy_signal_start,5,3,1,3116,8,-117.383020596368,NaN,-10.4080205963685,NaN,NaN,NaN,NaN,NaN,NaN,NaN,0,0,
569.566828977105,phy_signal_end,4,8,2,3114,8,-124.567050032692,157.567050032692,Inf,0,-Inf,0,0,0,0,0,0,0,closure
569.566841420289,phy_signal_end,5,8,2,3114,8,-130.773375084599,163.773375084599,Inf,0,-Inf,0,0,0,0,0,0,0,closure
569.634013632365,phy_interval,4,5,1,3115,8,NaN,NaN,NaN,2.00678109001819e-14,-9.4798180731745,NaN,NaN,0,0,NaN,0,0,
569.634013632365,phy_signal_start,4,2,8,3117,8,-111.467698021168,NaN,-4.49269802116773,NaN,NaN,NaN,NaN,NaN,NaN,NaN,0,0,
569.670812444469,phy_interval,4,5,1,3115,8,NaN,NaN,NaN,2.00678109001819e-14,-1.58379249041479,NaN,NaN,0,0,NaN,1,0,
569.670812444469,phy_interval,4,2,8,3117,8,NaN,NaN,NaN,2.00678109001819e-14,-1.58379249041479,NaN,NaN,0,0,NaN,1,0,
569.670812444469,phy_signal_end,4,5,1,3115,8,-109.883905530753,142.883905530753,-2.90890553075294,2.00678109001819e-14,-1.58379249041479,0,0,0,0,0,1,1,accepted
569.686011086064,phy_interval,5,3,1,3116,8,NaN,NaN,NaN,2.00678109001819e-14,-7.49911506561554,NaN,NaN,0,0,NaN,0,0,
569.686011086064,phy_signal_start,5,1,3,3118,8,-107.875945171156,NaN,-0.900945171156323,NaN,NaN,NaN,NaN,NaN,NaN,NaN,0,0,
569.686023527005,phy_interval,4,2,8,3117,8,NaN,NaN,NaN,2.00678109001819e-14,-1.58379249041479,NaN,NaN,0,0,NaN,1,0,
569.686023527005,phy_signal_start,4,1,3,3118,8,-120.947516094342,NaN,-13.9725160943423,NaN,NaN,NaN,NaN,NaN,NaN,NaN,0,0,
569.692641086064,phy_interval,5,3,1,3116,8,NaN,NaN,NaN,2.00678109001819e-14,-9.50707542521215,NaN,NaN,0,0,NaN,1,0,
569.692641086064,phy_interval,5,1,3,3118,8,NaN,NaN,NaN,2.00678109001819e-14,-9.50707542521215,NaN,NaN,0,0,NaN,1,0,
569.692641086064,phy_track,5,1,3,3118,8,NaN,NaN,NaN,NaN,-9.50707542521215,NaN,NaN,NaN,NaN,NaN,0,0,
569.699293632365,phy_interval,4,2,8,3117,8,NaN,NaN,NaN,2.00678109001819e-14,9.4798180731745,NaN,NaN,0,0,NaN,2,0,
569.699293632365,phy_interval,4,1,3,3118,8,NaN,NaN,NaN,2.00678109001819e-14,9.4798180731745,NaN,NaN,0,0,NaN,1,0,
569.699293632365,phy_signal_end,4,2,8,3117,8,-111.467698021168,144.467698021168,-4.49269802116773,2.00678109001819e-14,9.4798180731745,0,0,0,0,0,2,0,not_acquired
569.699306076559,phy_signal_end,5,2,8,3117,8,-122.734861677906,155.734861677906,Inf,0,-Inf,0,0,0,0,0,0,0,closure
569.761819162592,phy_interval,5,3,1,3116,8,NaN,NaN,NaN,2.00678109001819e-14,-9.50707542521215,NaN,NaN,0,0,NaN,1,0,
569.761819162592,phy_interval,5,1,3,3118,8,NaN,NaN,NaN,2.00678109001819e-14,-9.50707542521215,NaN,NaN,0,0,NaN,1,0,
569.761819162592,phy_signal_end,5,3,1,3116,8,-117.383020596368,150.383020596368,-10.4080205963685,2.00678109001819e-14,-9.50707542521215,7.67270275160861e-05,7.67270275160861e-05,0,0,0,1,0,half_duplex
569.761831604377,phy_signal_end,4,3,1,3116,8,-126.074739474425,159.074739474425,Inf,0,-Inf,0,0,0,0,0,0,0,closure
569.793111086064,phy_interval,5,1,3,3118,8,NaN,NaN,NaN,2.00678109001819e-14,-9.50707542521215,NaN,NaN,0,0,NaN,1,0,
569.793111086064,phy_signal_end,5,1,3,3118,8,-107.875945171156,140.875945171156,-0.900945171156323,2.00678109001819e-14,-9.50707542521215,0,0,0,0,0,1,1,accepted
569.793123527005,phy_interval,4,1,3,3118,8,NaN,NaN,NaN,2.00678109001819e-14,9.4798180731745,NaN,NaN,0,11,NaN,1,0,
569.793123527005,phy_signal_end,4,1,3,3118,8,-120.947516094342,153.947516094342,-13.9725160943423,2.00678109001819e-14,9.4798180731745,0.0194726203385986,0.0194726203385986,0,11,11,1,0,sync_threshold
569.829013632365,phy_signal_start,4,2,8,3119,8,-111.467698021168,NaN,-4.49269802116773,NaN,NaN,NaN,NaN,NaN,NaN,NaN,0,0,
569.835643632365,phy_interval,4,2,8,3119,8,NaN,NaN,NaN,2.00678109001819e-14,9.4798180731745,NaN,NaN,0,0,NaN,0,0,
569.835643632365,phy_track,4,2,8,3119,8,NaN,NaN,NaN,NaN,9.4798180731745,NaN,NaN,NaN,NaN,NaN,0,0,
569.894019162592,phy_signal_start,5,3,1,3120,8,-117.383020596368,NaN,-10.4080205963685,NaN,NaN,NaN,NaN,NaN,NaN,NaN,0,0,
569.894293632365,phy_interval,4,2,8,3119,8,NaN,NaN,NaN,2.00678109001819e-14,9.4798180731745,NaN,NaN,0,0,NaN,0,0,
569.894293632365,phy_signal_end,4,2,8,3119,8,-111.467698021168,144.467698021168,-4.49269802116773,2.00678109001819e-14,9.4798180731745,0,0,0,0,0,0,1,accepted
569.894306076559,phy_signal_end,5,2,8,3119,8,-122.734861677906,155.734861677906,Inf,0,-Inf,0,0,0,0,0,0,0,closure
569.946012444469,phy_interval,5,3,1,3120,8,NaN,NaN,NaN,2.00678109001819e-14,-9.50707542521215,NaN,NaN,0,0,NaN,0,0,
569.946012444469,phy_signal_start,5,4,5,3121,8,-109.883905530753,NaN,-2.90890553075294,NaN,NaN,NaN,NaN,NaN,NaN,NaN,0,0,
569.952642444469,phy_interval,5,3,1,3120,8,NaN,NaN,NaN,2.00678109001819e-14,-7.49911506561554,NaN,NaN,0,0,NaN,1,0,
569.952642444469,phy_interval,5,4,5,3121,8,NaN,NaN,NaN,2.00678109001819e-14,-7.49911506561554,NaN,NaN,0,0,NaN,1,0,
569.952642444469,phy_track,5,4,5,3121,8,NaN,NaN,NaN,NaN,-7.49911506561554,NaN,NaN,NaN,NaN,NaN,0,0,
570.138819162592,phy_interval,5,3,1,3120,8,NaN,NaN,NaN,2.00678109001819e-14,-7.49911506561554,NaN,NaN,0,0,NaN,1,0,
570.138819162592,phy_interval,5,4,5,3121,8,NaN,NaN,NaN,2.00678109001819e-14,-7.49911506561554,NaN,NaN,0,0,NaN,1,0,
570.138819162592,phy_signal_end,5,3,1,3120,8,-117.383020596368,150.383020596368,-10.4080205963685,2.00678109001819e-14,-7.49911506561554,0.00010292368387409,0.00010292368387409,0,0,0,1,0,sync_threshold
570.138831604377,phy_signal_end,4,3,1,3120,8,-126.074739474425,159.074739474425,Inf,0,-Inf,0,0,0,0,0,0,0,closure
570.190812444469,phy_interval,5,4,5,3121,8,NaN,NaN,NaN,2.00678109001819e-14,-7.49911506561554,NaN,NaN,0,0,NaN,1,0,
570.190812444469,phy_signal_end,5,4,5,3121,8,-109.883905530753,142.883905530753,-2.90890553075294,2.00678109001819e-14,-7.49911506561554,0,0,0,0,0,1,1,accepted
570.219013632365,phy_signal_start,4,2,8,3122,8,-111.467698021168,NaN,-4.49269802116773,NaN,NaN,NaN,NaN,NaN,NaN,NaN,0,0,
570.225643632365,phy_interval,4,2,8,3122,8,NaN,NaN,NaN,2.00678109001819e-14,9.4798180731745,NaN,NaN,0,0,NaN,0,0,
570.225643632365,phy_track,4,2,8,3122,8,NaN,NaN,NaN,NaN,9.4798180731745,NaN,NaN,NaN,NaN,NaN,0,0,
570.258012444469,phy_interval,4,2,8,3122,8,NaN,NaN,NaN,2.00678109001819e-14,9.4798180731745,NaN,NaN,0,0,NaN,0,0,
570.258012444469,phy_signal_start,4,5,4,3123,8,-109.883905530753,NaN,-2.90890553075294,NaN,NaN,NaN,NaN,NaN,NaN,NaN,0,0,
570.284293632365,phy_interval,4,2,8,3122,8,NaN,NaN,NaN,2.00678109001819e-14,-1.58379249041479,NaN,NaN,0,0,NaN,1,0,
570.284293632365,phy_interval,4,5,4,3123,8,NaN,NaN,NaN,2.00678109001819e-14,-1.58379249041479,NaN,NaN,0,0,NaN,1,0,
570.284293632365,phy_signal_end,4,2,8,3122,8,-111.467698021168,144.467698021168,-4.49269802116773,2.00678109001819e-14,-1.58379249041479,0,0,0,0,0,1,1,accepted
570.284306076559,phy_signal_end,5,2,8,3122,8,-122.734861677906,155.734861677906,Inf,0,-Inf,0,0,0,0,0,0,0,closure
570.323292444469,phy_interval,4,5,4,3123,8,NaN,NaN,NaN,2.00678109001819e-14,-1.58379249041479,NaN,NaN,0,0,NaN,1,0,
570.323292444469,phy_signal_end,4,5,4,3123,8,-109.883905530753,142.883905530753,-2.90890553075294,2.00678109001819e-14,-1.58379249041479,0,0,0,0,0,1,0,not_acquired
570.388011086064,phy_signal_start,5,1,3,3124,8,-107.875945171156,NaN,-0.900945171156323,NaN,NaN,NaN,NaN,NaN,NaN,NaN,0,0,
570.388023527005,phy_signal_start,4,1,3,3124,8,-120.947516094342,NaN,-13.9725160943423,NaN,NaN,NaN,NaN,NaN,NaN,NaN,0,0,
570.394641086064,phy_interval,5,1,3,3124,8,NaN,NaN,NaN,2.00678109001819e-14,-7.49911506561554,NaN,NaN,0,0,NaN,0,0,
570.394641086064,phy_track,5,1,3,3124,8,NaN,NaN,NaN,NaN,-7.49911506561554,NaN,NaN,NaN,NaN,NaN,0,0,
570.495111086064,phy_interval,5,1,3,3124,8,NaN,NaN,NaN,2.00678109001819e-14,-7.49911506561554,NaN,NaN,0,0,NaN,0,0,
570.495111086064,phy_signal_end,5,1,3,3124,8,-107.875945171156,140.875945171156,-0.900945171156323,2.00678109001819e-14,-7.49911506561554,0,0,0,0,0,0,1,accepted
570.495123527005,phy_interval,4,1,3,3124,8,NaN,NaN,NaN,2.00678109001819e-14,-1.58379249041479,NaN,NaN,1,7,NaN,0,0,
570.495123527005,phy_signal_end,4,1,3,3124,8,-120.947516094342,153.947516094342,-13.9725160943423,2.00678109001819e-14,-1.58379249041479,0.0151165618870165,0.0151165618870165,1,7,8,0,0,sync_threshold
570.596019162592,phy_signal_start,5,3,1,3126,8,-117.383020596368,NaN,-10.4080205963685,NaN,NaN,NaN,NaN,NaN,NaN,NaN,0,0,
570.602649162592,phy_interval,5,3,1,3126,8,NaN,NaN,NaN,2.00678109001819e-14,-7.49911506561554,NaN,NaN,0,0,NaN,0,0,
570.602649162592,phy_track,5,3,1,3126,8,NaN,NaN,NaN,NaN,-7.49911506561554,NaN,NaN,NaN,NaN,NaN,0,0,
570.632828977105,phy_signal_end,4,8,2,3125,8,-124.567050032692,157.567050032692,Inf,0,-Inf,0,0,0,0,0,0,0,closure
570.632841420289,phy_signal_end,5,8,2,3125,8,-130.773375084599,163.773375084599,Inf,0,-Inf,0,0,0,0,0,0,0,closure
570.817013632365,phy_signal_start,4,2,8,3127,8,-111.467698021168,NaN,-4.49269802116773,NaN,NaN,NaN,NaN,NaN,NaN,NaN,0,0,
570.823643632365,phy_interval,4,2,8,3127,8,NaN,NaN,NaN,2.00678109001819e-14,-1.58379249041479,NaN,NaN,0,0,NaN,0,0,
570.823643632365,phy_track,4,2,8,3127,8,NaN,NaN,NaN,NaN,-1.58379249041479,NaN,NaN,NaN,NaN,NaN,0,0,
570.840819162592,phy_interval,5,3,1,3126,8,NaN,NaN,NaN,2.00678109001819e-14,-7.49911506561554,NaN,NaN,0,0,NaN,0,0,
570.840819162592,phy_signal_end,5,3,1,3126,8,-117.383020596368,150.383020596368,-10.4080205963685,2.00678109001819e-14,-7.49911506561554,3.40962752323828e-05,3.40962752323828e-05,0,0,0,0,1,accepted
570.840831604377,phy_signal_end,4,3,1,3126,8,-126.074739474425,159.074739474425,Inf,0,-Inf,0,0,0,0,0,0,0,closure
570.882012444469,phy_interval,4,2,8,3127,8,NaN,NaN,NaN,2.00678109001819e-14,-1.58379249041479,NaN,NaN,0,0,NaN,0,0,
570.882012444469,phy_signal_start,4,5,4,3128,8,-109.883905530753,NaN,-2.90890553075294,NaN,NaN,NaN,NaN,NaN,NaN,NaN,0,0,
570.882293632365,phy_interval,4,2,8,3127,8,NaN,NaN,NaN,2.00678109001819e-14,-1.58379249041479,NaN,NaN,0,0,NaN,1,0,
570.882293632365,phy_interval,4,5,4,3128,8,NaN,NaN,NaN,2.00678109001819e-14,-1.58379249041479,NaN,NaN,0,0,NaN,1,0,
570.882293632365,phy_signal_end,4,2,8,3127,8,-111.467698021168,144.467698021168,-4.49269802116773,2.00678109001819e-14,-1.58379249041479,0,0,0,0,0,1,1,accepted
570.882306076559,phy_signal_end,5,2,8,3127,8,-122.734861677906,155.734861677906,Inf,0,-Inf,0,0,0,0,0,0,0,closure
570.888923632365,phy_interval,4,5,4,3128,8,NaN,NaN,NaN,2.00678109001819e-14,-1.58379249041479,NaN,NaN,0,0,NaN,1,0,
570.888923632365,phy_track,4,5,4,3128,8,NaN,NaN,NaN,NaN,-1.58379249041479,NaN,NaN,NaN,NaN,NaN,0,0,
570.947292444469,phy_interval,4,5,4,3128,8,NaN,NaN,NaN,2.00678109001819e-14,-1.58379249041479,NaN,NaN,0,0,NaN,1,0,
570.947292444469,phy_signal_end,4,5,4,3128,8,-109.883905530753,142.883905530753,-2.90890553075294,2.00678109001819e-14,-1.58379249041479,0,0,0,0,0,1,1,accepted
571.025011086064,phy_signal_start,5,1,3,3129,8,-107.875945171156,NaN,-0.900945171156323,NaN,NaN,NaN,NaN,NaN,NaN,NaN,0,0,
571.025023527005,phy_signal_start,4,1,3,3129,8,-120.947516094342,NaN,-13.9725160943423,NaN,NaN,NaN,NaN,NaN,NaN,NaN,0,0,
571.031641086064,phy_interval,5,1,3,3129,8,NaN,NaN,NaN,2.00678109001819e-14,-7.49911506561554,NaN,NaN,0,0,NaN,0,0,
571.031641086064,phy_track,5,1,3,3129,8,NaN,NaN,NaN,NaN,-7.49911506561554,NaN,NaN,NaN,NaN,NaN,0,0,
571.038013632365,phy_interval,4,1,3,3129,8,NaN,NaN,NaN,2.00678109001819e-14,-1.58379249041479,NaN,NaN,0,0,NaN,0,0,
571.038013632365,phy_signal_start,4,2,8,3130,8,-111.467698021168,NaN,-4.49269802116773,NaN,NaN,NaN,NaN,NaN,NaN,NaN,0,0,
571.044643632365,phy_interval,4,1,3,3129,8,NaN,NaN,NaN,2.00678109001819e-14,-9.4798180731745,NaN,NaN,1,0,NaN,1,0,
571.044643632365,phy_interval,4,2,8,3130,8,NaN,NaN,NaN,2.00678109001819e-14,-9.4798180731745,NaN,NaN,0,0,NaN,1,0,
571.044643632365,phy_track,4,2,8,3130,8,NaN,NaN,NaN,NaN,-9.4798180731745,NaN,NaN,NaN,NaN,NaN,0,0,
571.103293632365,phy_interval,4,1,3,3129,8,NaN,NaN,NaN,2.00678109001819e-14,-9.4798180731745,NaN,NaN,0,10,NaN,1,0,
571.103293632365,phy_interval,4,2,8,3130,8,NaN,NaN,NaN,2.00678109001819e-14,-9.4798180731745,NaN,NaN,0,0,NaN,1,0,
571.103293632365,phy_signal_end,4,2,8,3130,8,-111.467698021168,144.467698021168,-4.49269802116773,2.00678109001819e-14,-9.4798180731745,0,0,0,0,0,1,1,accepted
571.103306076559,phy_signal_end,5,2,8,3130,8,-122.734861677906,155.734861677906,Inf,0,-Inf,0,0,0,0,0,0,0,closure
571.132111086064,phy_interval,5,1,3,3129,8,NaN,NaN,NaN,2.00678109001819e-14,-7.49911506561554,NaN,NaN,0,0,NaN,0,0,
571.132111086064,phy_signal_end,5,1,3,3129,8,-107.875945171156,140.875945171156,-0.900945171156323,2.00678109001819e-14,-7.49911506561554,0,0,0,0,0,0,1,accepted
571.132123527005,phy_interval,4,1,3,3129,8,NaN,NaN,NaN,2.00678109001819e-14,-9.4798180731745,NaN,NaN,0,3,NaN,1,0,
571.132123527005,phy_signal_end,4,1,3,3129,8,-120.947516094342,153.947516094342,-13.9725160943423,2.00678109001819e-14,-9.4798180731745,0.0166563100757083,0.0166563100757083,1,13,14,1,0,sync_threshold
571.194012444469,phy_signal_start,4,5,4,3132,8,-109.883905530753,NaN,-2.90890553075294,NaN,NaN,NaN,NaN,NaN,NaN,NaN,0,0,
571.200642444469,phy_interval,4,5,4,3132,8,NaN,NaN,NaN,2.00678109001819e-14,-9.4798180731745,NaN,NaN,0,0,NaN,0,0,
571.200642444469,phy_track,4,5,4,3132,8,NaN,NaN,NaN,NaN,-9.4798180731745,NaN,NaN,NaN,NaN,NaN,0,0,
571.259292444469,phy_interval,4,5,4,3132,8,NaN,NaN,NaN,2.00678109001819e-14,-9.4798180731745,NaN,NaN,0,0,NaN,0,0,
571.259292444469,phy_signal_end,4,5,4,3132,8,-109.883905530753,142.883905530753,-2.90890553075294,2.00678109001819e-14,-9.4798180731745,0,0,0,0,0,0,1,accepted
571.311012444469,phy_signal_start,4,5,4,3133,8,-109.883905530753,NaN,-2.90890553075294,NaN,NaN,NaN,NaN,NaN,NaN,NaN,0,0,
571.317642444469,phy_interval,4,5,4,3133,8,NaN,NaN,NaN,2.00678109001819e-14,-9.4798180731745,NaN,NaN,0,0,NaN,0,0,
571.317642444469,phy_track,4,5,4,3133,8,NaN,NaN,NaN,NaN,-9.4798180731745,NaN,NaN,NaN,NaN,NaN,0,0,
571.376292444469,phy_interval,4,5,4,3133,8,NaN,NaN,NaN,2.00678109001819e-14,-9.4798180731745,NaN,NaN,0,0,NaN,0,0,
571.376292444469,phy_signal_end,4,5,4,3133,8,-109.883905530753,142.883905530753,-2.90890553075294,2.00678109001819e-14,-9.4798180731745,0,0,0,0,0,0,1,accepted
571.386828977105,phy_signal_end,4,8,2,3131,8,-124.567050032692,157.567050032692,Inf,0,-Inf,0,0,0,0,0,0,0,closure
571.386841420289,phy_signal_end,5,8,2,3131,8,-130.773375084599,163.773375084599,Inf,0,-Inf,0,0,0,0,0,0,0,closure
571.415019162592,phy_signal_start,5,3,1,3134,8,-117.383020596368,NaN,-10.4080205963685,NaN,NaN,NaN,NaN,NaN,NaN,NaN,0,0,
571.421649162592,phy_interval,5,3,1,3134,8,NaN,NaN,NaN,2.00678109001819e-14,-7.49911506561554,NaN,NaN,0,0,NaN,0,0,
571.421649162592,phy_track,5,3,1,3134,8,NaN,NaN,NaN,NaN,-7.49911506561554,NaN,NaN,NaN,NaN,NaN,0,0,
571.493012444469,phy_interval,5,3,1,3134,8,NaN,NaN,NaN,2.00678109001819e-14,-7.49911506561554,NaN,NaN,0,0,NaN,0,0,
571.493012444469,phy_signal_start,5,4,5,3135,8,-109.883905530753,NaN,-2.90890553075294,NaN,NaN,NaN,NaN,NaN,NaN,NaN,0,0,
571.659819162592,phy_interval,5,3,1,3134,8,NaN,NaN,NaN,2.00678109001819e-14,-7.49911506561554,NaN,NaN,0,0,NaN,1,0,
571.659819162592,phy_interval,5,4,5,3135,8,NaN,NaN,NaN,2.00678109001819e-14,-7.49911506561554,NaN,NaN,0,0,NaN,1,0,
571.659819162592,phy_signal_end,5,3,1,3134,8,-117.383020596368,150.383020596368,-10.4080205963685,2.00678109001819e-14,-7.49911506561554,0.000104621757023778,0.000104621757023778,0,0,0,1,1,accepted
571.659831604377,phy_signal_end,4,3,1,3134,8,-126.074739474425,159.074739474425,Inf,0,-Inf,0,0,0,0,0,0,0,closure
571.737812444469,phy_interval,5,4,5,3135,8,NaN,NaN,NaN,2.00678109001819e-14,-7.49911506561554,NaN,NaN,0,0,NaN,1,0,
571.737812444469,phy_signal_end,5,4,5,3135,8,-109.883905530753,142.883905530753,-2.90890553075294,2.00678109001819e-14,-7.49911506561554,0,0,0,0,0,1,0,not_acquired
571.779012444469,phy_signal_start,4,5,4,3136,8,-109.883905530753,NaN,-2.90890553075294,NaN,NaN,NaN,NaN,NaN,NaN,NaN,0,0,
571.785642444469,phy_interval,4,5,4,3136,8,NaN,NaN,NaN,2.00678109001819e-14,-9.4798180731745,NaN,NaN,0,0,NaN,0,0,
571.785642444469,phy_track,4,5,4,3136,8,NaN,NaN,NaN,NaN,-9.4798180731745,NaN,NaN,NaN,NaN,NaN,0,0,
571.844292444469,phy_interval,4,5,4,3136,8,NaN,NaN,NaN,2.00678109001819e-14,-9.4798180731745,NaN,NaN,0,0,NaN,0,0,
571.844292444469,phy_signal_end,4,5,4,3136,8,-109.883905530753,142.883905530753,-2.90890553075294,2.00678109001819e-14,-9.4798180731745,0,0,0,0,0,0,1,accepted
571.857013632365,phy_signal_start,4,2,8,3137,8,-111.467698021168,NaN,-4.49269802116773,NaN,NaN,NaN,NaN,NaN,NaN,NaN,0,0,
571.863643632365,phy_interval,4,2,8,3137,8,NaN,NaN,NaN,2.00678109001819e-14,-9.4798180731745,NaN,NaN,0,0,NaN,0,0,
571.863643632365,phy_track,4,2,8,3137,8,NaN,NaN,NaN,NaN,-9.4798180731745,NaN,NaN,NaN,NaN,NaN,0,0,
571.922293632365,phy_interval,4,2,8,3137,8,NaN,NaN,NaN,2.00678109001819e-14,-9.4798180731745,NaN,NaN,0,0,NaN,0,0,
571.922293632365,phy_signal_end,4,2,8,3137,8,-111.467698021168,144.467698021168,-4.49269802116773,2.00678109001819e-14,-9.4798180731745,0,0,0,0,0,0,1,accepted
571.922306076559,phy_signal_end,5,2,8,3137,8,-122.734861677906,155.734861677906,Inf,0,-Inf,0,0,0,0,0,0,0,closure
571.974011086064,phy_signal_start,5,1,3,3138,8,-107.875945171156,NaN,-0.900945171156323,NaN,NaN,NaN,NaN,NaN,NaN,NaN,0,0,
571.974023527005,phy_signal_start,4,1,3,3138,8,-120.947516094342,NaN,-13.9725160943423,NaN,NaN,NaN,NaN,NaN,NaN,NaN,0,0,
571.980641086064,phy_interval,5,1,3,3138,8,NaN,NaN,NaN,2.00678109001819e-14,-7.49911506561554,NaN,NaN,0,0,NaN,0,0,
571.980641086064,phy_track,5,1,3,3138,8,NaN,NaN,NaN,NaN,-7.49911506561554,NaN,NaN,NaN,NaN,NaN,0,0,
572.039013632365,phy_interval,4,1,3,3138,8,NaN,NaN,NaN,2.00678109001819e-14,-9.4798180731745,NaN,NaN,0,7,NaN,0,0,
572.039013632365,phy_signal_start,4,2,8,3139,8,-111.467698021168,NaN,-4.49269802116773,NaN,NaN,NaN,NaN,NaN,NaN,NaN,0,0,
572.045643632365,phy_interval,4,1,3,3138,8,NaN,NaN,NaN,2.00678109001819e-14,-9.4798180731745,NaN,NaN,0,0,NaN,1,0,
572.045643632365,phy_interval,4,2,8,3139,8,NaN,NaN,NaN,2.00678109001819e-14,-9.4798180731745,NaN,NaN,0,0,NaN,1,0,
572.045643632365,phy_track,4,2,8,3139,8,NaN,NaN,NaN,NaN,-9.4798180731745,NaN,NaN,NaN,NaN,NaN,0,0,
572.081111086064,phy_interval,5,1,3,3138,8,NaN,NaN,NaN,2.00678109001819e-14,-7.49911506561554,NaN,NaN,0,0,NaN,0,0,
572.081111086064,phy_signal_end,5,1,3,3138,8,-107.875945171156,140.875945171156,-0.900945171156323,2.00678109001819e-14,-7.49911506561554,0,0,0,0,0,0,1,accepted
572.081123527005,phy_interval,4,1,3,3138,8,NaN,NaN,NaN,2.00678109001819e-14,-9.4798180731745,NaN,NaN,0,4,NaN,1,0,
572.081123527005,phy_interval,4,2,8,3139,8,NaN,NaN,NaN,2.00678109001819e-14,-9.4798180731745,NaN,NaN,0,0,NaN,1,0,
572.081123527005,phy_signal_end,4,1,3,3138,8,-120.947516094342,153.947516094342,-13.9725160943423,2.00678109001819e-14,-9.4798180731745,0.0164714778125434,0.0164714778125434,0,11,11,1,0,sync_threshold
572.104293632365,phy_interval,4,2,8,3139,8,NaN,NaN,NaN,2.00678109001819e-14,-9.4798180731745,NaN,NaN,0,0,NaN,1,0,
572.104293632365,phy_signal_end,4,2,8,3139,8,-111.467698021168,144.467698021168,-4.49269802116773,2.00678109001819e-14,-9.4798180731745,0,0,0,0,0,1,1,accepted
572.104306076559,phy_signal_end,5,2,8,3139,8,-122.734861677906,155.734861677906,Inf,0,-Inf,0,0,0,0,0,0,0,closure
572.156011086064,phy_signal_start,5,1,3,3140,8,-107.875945171156,NaN,-0.900945171156323,NaN,NaN,NaN,NaN,NaN,NaN,NaN,0,0,
572.156023527005,phy_signal_start,4,1,3,3140,8,-120.947516094342,NaN,-13.9725160943423,NaN,NaN,NaN,NaN,NaN,NaN,NaN,0,0,
572.162641086064,phy_interval,5,1,3,3140,8,NaN,NaN,NaN,2.00678109001819e-14,-7.49911506561554,NaN,NaN,0,0,NaN,0,0,
572.162641086064,phy_track,5,1,3,3140,8,NaN,NaN,NaN,NaN,-7.49911506561554,NaN,NaN,NaN,NaN,NaN,0,0,
572.263111086064,phy_interval,5,1,3,3140,8,NaN,NaN,NaN,2.00678109001819e-14,-7.49911506561554,NaN,NaN,0,0,NaN,0,0,
572.263111086064,phy_signal_end,5,1,3,3140,8,-107.875945171156,140.875945171156,-0.900945171156323,2.00678109001819e-14,-7.49911506561554,0,0,0,0,0,0,1,accepted
572.263123527005,phy_interval,4,1,3,3140,8,NaN,NaN,NaN,2.00678109001819e-14,-9.4798180731745,NaN,NaN,0,17,NaN,0,0,
572.263123527005,phy_signal_end,4,1,3,3140,8,-120.947516094342,153.947516094342,-13.9725160943423,2.00678109001819e-14,-9.4798180731745,0.0151165618870165,0.0151165618870165,0,17,17,0,0,sync_threshold
572.299019162592,phy_signal_start,5,3,1,3142,8,-117.383020596368,NaN,-10.4080205963685,NaN,NaN,NaN,NaN,NaN,NaN,NaN,0,0,
572.305649162592,phy_interval,5,3,1,3142,8,NaN,NaN,NaN,2.00678109001819e-14,-7.49911506561554,NaN,NaN,0,0,NaN,0,0,
572.305649162592,phy_track,5,3,1,3142,8,NaN,NaN,NaN,NaN,-7.49911506561554,NaN,NaN,NaN,NaN,NaN,0,0,
572.426828977105,phy_signal_end,4,8,2,3141,8,-124.567050032692,157.567050032692,Inf,0,-Inf,0,0,0,0,0,0,0,closure
572.426841420289,phy_signal_end,5,8,2,3141,8,-130.773375084599,163.773375084599,Inf,0,-Inf,0,0,0,0,0,0,0,closure
572.455013632365,phy_signal_start,4,2,8,3143,8,-111.467698021168,NaN,-4.49269802116773,NaN,NaN,NaN,NaN,NaN,NaN,NaN,0,0,
572.461643632365,phy_interval,4,2,8,3143,8,NaN,NaN,NaN,2.00678109001819e-14,-9.4798180731745,NaN,NaN,0,0,NaN,0,0,
572.461643632365,phy_track,4,2,8,3143,8,NaN,NaN,NaN,NaN,-9.4798180731745,NaN,NaN,NaN,NaN,NaN,0,0,
572.520293632365,phy_interval,4,2,8,3143,8,NaN,NaN,NaN,2.00678109001819e-14,-9.4798180731745,NaN,NaN,0,0,NaN,0,0,
572.520293632365,phy_signal_end,4,2,8,3143,8,-111.467698021168,144.467698021168,-4.49269802116773,2.00678109001819e-14,-9.4798180731745,0,0,0,0,0,0,1,accepted
572.520306076559,phy_signal_end,5,2,8,3143,8,-122.734861677906,155.734861677906,Inf,0,-Inf,0,0,0,0,0,0,0,closure
572.543819162592,phy_interval,5,3,1,3142,8,NaN,NaN,NaN,2.00678109001819e-14,-7.49911506561554,NaN,NaN,0,0,NaN,0,0,
572.543819162592,phy_signal_end,5,3,1,3142,8,-117.383020596368,150.383020596368,-10.4080205963685,2.00678109001819e-14,-7.49911506561554,3.40962752323828e-05,3.40962752323828e-05,0,0,0,0,1,accepted
572.543831604377,phy_signal_end,4,3,1,3142,8,-126.074739474425,159.074739474425,Inf,0,-Inf,0,0,0,0,0,0,0,closure
572.585013632365,phy_signal_start,4,2,8,3144,8,-111.467698021168,NaN,-4.49269802116773,NaN,NaN,NaN,NaN,NaN,NaN,NaN,0,0,
572.591643632365,phy_interval,4,2,8,3144,8,NaN,NaN,NaN,2.00678109001819e-14,-9.4798180731745,NaN,NaN,0,0,NaN,0,0,
572.591643632365,phy_track,4,2,8,3144,8,NaN,NaN,NaN,NaN,-9.4798180731745,NaN,NaN,NaN,NaN,NaN,0,0,
572.611012444469,phy_interval,4,2,8,3144,8,NaN,NaN,NaN,2.00678109001819e-14,-9.4798180731745,NaN,NaN,0,0,NaN,0,0,
572.611012444469,phy_signal_start,4,5,1,3145,8,-109.883905530753,NaN,-2.90890553075294,NaN,NaN,NaN,NaN,NaN,NaN,NaN,0,0,
572.650293632365,phy_interval,4,2,8,3144,8,NaN,NaN,NaN,2.00678109001819e-14,-1.58379249041479,NaN,NaN,0,0,NaN,1,0,
572.650293632365,phy_interval,4,5,1,3145,8,NaN,NaN,NaN,2.00678109001819e-14,-1.58379249041479,NaN,NaN,0,0,NaN,1,0,
572.650293632365,phy_signal_end,4,2,8,3144,8,-111.467698021168,144.467698021168,-4.49269802116773,2.00678109001819e-14,-1.58379249041479,0,0,0,0,0,1,1,accepted
572.650306076559,phy_signal_end,5,2,8,3144,8,-122.734861677906,155.734861677906,Inf,0,-Inf,0,0,0,0,0,0,0,closure
572.855812444469,phy_interval,4,5,1,3145,8,NaN,NaN,NaN,2.00678109001819e-14,-1.58379249041479,NaN,NaN,0,0,NaN,1,0,
572.855812444469,phy_signal_end,4,5,1,3145,8,-109.883905530753,142.883905530753,-2.90890553075294,2.00678109001819e-14,-1.58379249041479,0,0,0,0,0,1,0,not_acquired
572.858019162592,phy_signal_start,5,3,1,3146,8,-117.383020596368,NaN,-10.4080205963685,NaN,NaN,NaN,NaN,NaN,NaN,NaN,0,0,
572.864649162592,phy_interval,5,3,1,3146,8,NaN,NaN,NaN,2.00678109001819e-14,-7.49911506561554,NaN,NaN,0,0,NaN,0,0,
572.864649162592,phy_track,5,3,1,3146,8,NaN,NaN,NaN,NaN,-7.49911506561554,NaN,NaN,NaN,NaN,NaN,0,0,
572.923013632365,phy_signal_start,4,2,8,3147,8,-111.467698021168,NaN,-4.49269802116773,NaN,NaN,NaN,NaN,NaN,NaN,NaN,0,0,
572.929643632365,phy_interval,4,2,8,3147,8,NaN,NaN,NaN,2.00678109001819e-14,-1.58379249041479,NaN,NaN,0,0,NaN,0,0,
572.929643632365,phy_track,4,2,8,3147,8,NaN,NaN,NaN,NaN,-1.58379249041479,NaN,NaN,NaN,NaN,NaN,0,0,
572.988293632365,phy_interval,4,2,8,3147,8,NaN,NaN,NaN,2.00678109001819e-14,-1.58379249041479,NaN,NaN,0,0,NaN,0,0,
572.988293632365,phy_signal_end,4,2,8,3147,8,-111.467698021168,144.467698021168,-4.49269802116773,2.00678109001819e-14,-1.58379249041479,0,0,0,0,0,0,1,accepted
572.988306076559,phy_signal_end,5,2,8,3147,8,-122.734861677906,155.734861677906,Inf,0,-Inf,0,0,0,0,0,0,0,closure
573.053013632365,phy_signal_start,4,2,8,3148,8,-111.467698021168,NaN,-4.49269802116773,NaN,NaN,NaN,NaN,NaN,NaN,NaN,0,0,
573.059643632365,phy_interval,4,2,8,3148,8,NaN,NaN,NaN,2.00678109001819e-14,-1.58379249041479,NaN,NaN,0,0,NaN,0,0,
573.059643632365,phy_track,4,2,8,3148,8,NaN,NaN,NaN,NaN,-1.58379249041479,NaN,NaN,NaN,NaN,NaN,0,0,
573.102819162592,phy_interval,5,3,1,3146,8,NaN,NaN,NaN,2.00678109001819e-14,-7.49911506561554,NaN,NaN,0,0,NaN,0,0,
573.102819162592,phy_signal_end,5,3,1,3146,8,-117.383020596368,150.383020596368,-10.4080205963685,2.00678109001819e-14,-7.49911506561554,3.40962752323828e-05,3.40962752323828e-05,0,0,0,0,1,accepted
573.102831604377,phy_signal_end,4,3,1,3146,8,-126.074739474425,159.074739474425,Inf,0,-Inf,0,0,0,0,0,0,0,closure
573.118293632365,phy_interval,4,2,8,3148,8,NaN,NaN,NaN,2.00678109001819e-14,-1.58379249041479,NaN,NaN,0,0,NaN,0,0,
573.118293632365,phy_signal_end,4,2,8,3148,8,-111.467698021168,144.467698021168,-4.49269802116773,2.00678109001819e-14,-1.58379249041479,0,0,0,0,0,0,1,accepted
573.118306076559,phy_signal_end,5,2,8,3148,8,-122.734861677906,155.734861677906,Inf,0,-Inf,0,0,0,0,0,0,0,closure
573.196011086064,phy_signal_start,5,1,3,3149,8,-107.875945171156,NaN,-0.900945171156323,NaN,NaN,NaN,NaN,NaN,NaN,NaN,0,0,
573.196013632365,phy_signal_start,4,2,8,3150,8,-111.467698021168,NaN,-4.49269802116773,NaN,NaN,NaN,NaN,NaN,NaN,NaN,0,0,
573.196023527005,phy_interval,4,2,8,3150,8,NaN,NaN,NaN,2.00678109001819e-14,-1.58379249041479,NaN,NaN,0,0,NaN,0,0,
573.196023527005,phy_signal_start,4,1,3,3149,8,-120.947516094342,NaN,-13.9725160943423,NaN,NaN,NaN,NaN,NaN,NaN,NaN,0,0,
573.202641086064,phy_interval,5,1,3,3149,8,NaN,NaN,NaN,2.00678109001819e-14,-7.49911506561554,NaN,NaN,0,0,NaN,0,0,
573.202641086064,phy_track,5,1,3,3149,8,NaN,NaN,NaN,NaN,-7.49911506561554,NaN,NaN,NaN,NaN,NaN,0,0,
573.202643632365,phy_interval,4,2,8,3150,8,NaN,NaN,NaN,2.00678109001819e-14,-9.4798180731745,NaN,NaN,0,0,NaN,1,0,
573.202643632365,phy_interval,4,1,3,3149,8,NaN,NaN,NaN,2.00678109001819e-14,-9.4798180731745,NaN,NaN,0,0,NaN,1,0,
573.202643632365,phy_track,4,2,8,3150,8,NaN,NaN,NaN,NaN,-9.4798180731745,NaN,NaN,NaN,NaN,NaN,0,0,
573.261293632365,phy_interval,4,2,8,3150,8,NaN,NaN,NaN,2.00678109001819e-14,-9.4798180731745,NaN,NaN,0,0,NaN,1,0,
573.261293632365,phy_interval,4,1,3,3149,8,NaN,NaN,NaN,2.00678109001819e-14,-9.4798180731745,NaN,NaN,2,12,NaN,1,0,
573.261293632365,phy_signal_end,4,2,8,3150,8,-111.467698021168,144.467698021168,-4.49269802116773,2.00678109001819e-14,-9.4798180731745,0,0,0,0,0,1,1,accepted
573.261306076559,phy_signal_end,5,2,8,3150,8,-122.734861677906,155.734861677906,Inf,0,-Inf,0,0,0,0,0,0,0,closure
573.303111086064,phy_interval,5,1,3,3149,8,NaN,NaN,NaN,2.00678109001819e-14,-7.49911506561554,NaN,NaN,0,0,NaN,0,0,
573.303111086064,phy_signal_end,5,1,3,3149,8,-107.875945171156,140.875945171156,-0.900945171156323,2.00678109001819e-14,-7.49911506561554,0,0,0,0,0,0,1,accepted
573.303123527005,phy_interval,4,1,3,3149,8,NaN,NaN,NaN,2.00678109001819e-14,-9.4798180731745,NaN,NaN,0,7,NaN,1,0,
573.303123527005,phy_signal_end,4,1,3,3149,8,-120.947516094342,153.947516094342,-13.9725160943423,2.00678109001819e-14,-9.4798180731745,0.0165100302940382,0.0165100302940382,2,19,21,1,0,sync_threshold
573.313012444469,phy_signal_start,4,5,1,3151,8,-109.883905530753,NaN,-2.90890553075294,NaN,NaN,NaN,NaN,NaN,NaN,NaN,0,0,
573.319642444469,phy_interval,4,5,1,3151,8,NaN,NaN,NaN,2.00678109001819e-14,-9.4798180731745,NaN,NaN,0,0,NaN,0,0,
573.319642444469,phy_track,4,5,1,3151,8,NaN,NaN,NaN,NaN,-9.4798180731745,NaN,NaN,NaN,NaN,NaN,0,0,
573.557812444469,phy_interval,4,5,1,3151,8,NaN,NaN,NaN,2.00678109001819e-14,-9.4798180731745,NaN,NaN,0,0,NaN,0,0,
573.557812444469,phy_signal_end,4,5,1,3151,8,-109.883905530753,142.883905530753,-2.90890553075294,2.00678109001819e-14,-9.4798180731745,0,0,0,0,0,0,1,accepted
573.625011086064,phy_signal_start,5,1,3,3152,8,-107.875945171156,NaN,-0.900945171156323,NaN,NaN,NaN,NaN,NaN,NaN,NaN,0,0,
573.625023527005,phy_signal_start,4,1,3,3152,8,-120.947516094342,NaN,-13.9725160943423,NaN,NaN,NaN,NaN,NaN,NaN,NaN,0,0,
573.631641086064,phy_interval,5,1,3,3152,8,NaN,NaN,NaN,2.00678109001819e-14,-7.49911506561554,NaN,NaN,0,0,NaN,0,0,
573.631641086064,phy_track,5,1,3,3152,8,NaN,NaN,NaN,NaN,-7.49911506561554,NaN,NaN,NaN,NaN,NaN,0,0,
573.732111086064,phy_interval,5,1,3,3152,8,NaN,NaN,NaN,2.00678109001819e-14,-7.49911506561554,NaN,NaN,0,0,NaN,0,0,
573.732111086064,phy_signal_end,5,1,3,3152,8,-107.875945171156,140.875945171156,-0.900945171156323,2.00678109001819e-14,-7.49911506561554,0,0,0,0,0,0,1,accepted
573.732123527005,phy_interval,4,1,3,3152,8,NaN,NaN,NaN,2.00678109001819e-14,-9.4798180731745,NaN,NaN,1,13,NaN,0,0,
573.732123527005,phy_signal_end,4,1,3,3152,8,-120.947516094342,153.947516094342,-13.9725160943423,2.00678109001819e-14,-9.4798180731745,0.0151165618870165,0.0151165618870165,1,13,14,0,0,sync_threshold
573.768013632365,phy_signal_start,4,2,4,3153,8,-111.467698021168,NaN,-4.49269802116773,NaN,NaN,NaN,NaN,NaN,NaN,NaN,0,0,
573.774643632365,phy_interval,4,2,4,3153,8,NaN,NaN,NaN,2.00678109001819e-14,-9.4798180731745,NaN,NaN,0,0,NaN,0,0,
573.774643632365,phy_track,4,2,4,3153,8,NaN,NaN,NaN,NaN,-9.4798180731745,NaN,NaN,NaN,NaN,NaN,0,0,
573.820019162592,phy_signal_start,5,3,1,3154,8,-117.383020596368,NaN,-10.4080205963685,NaN,NaN,NaN,NaN,NaN,NaN,NaN,0,0,
573.826649162592,phy_interval,5,3,1,3154,8,NaN,NaN,NaN,2.00678109001819e-14,-7.49911506561554,NaN,NaN,0,0,NaN,0,0,
573.826649162592,phy_track,5,3,1,3154,8,NaN,NaN,NaN,NaN,-7.49911506561554,NaN,NaN,NaN,NaN,NaN,0,0,
574.012813632365,phy_interval,4,2,4,3153,8,NaN,NaN,NaN,2.00678109001819e-14,-9.4798180731745,NaN,NaN,0,0,NaN,0,0,
574.012813632365,phy_signal_end,4,2,4,3153,8,-111.467698021168,144.467698021168,-4.49269802116773,2.00678109001819e-14,-9.4798180731745,0,0,0,0,0,0,1,accepted
574.012826076559,phy_signal_end,5,2,4,3153,8,-122.734861677906,155.734861677906,Inf,0,-Inf,0,0,0,0,0,0,0,closure
574.064819162592,phy_interval,5,3,1,3154,8,NaN,NaN,NaN,2.00678109001819e-14,-7.49911506561554,NaN,NaN,0,0,NaN,0,0,
574.064819162592,phy_signal_end,5,3,1,3154,8,-117.383020596368,150.383020596368,-10.4080205963685,2.00678109001819e-14,-7.49911506561554,3.40962752323828e-05,3.40962752323828e-05,0,0,0,0,1,accepted
574.064831604377,phy_signal_end,4,3,1,3154,8,-126.074739474425,159.074739474425,Inf,0,-Inf,0,0,0,0,0,0,0,closure
574.080012444469,phy_signal_start,5,4,2,3155,8,-109.883905530753,NaN,-2.90890553075294,NaN,NaN,NaN,NaN,NaN,NaN,NaN,0,0,
574.086642444469,phy_interval,5,4,2,3155,8,NaN,NaN,NaN,2.00678109001819e-14,-7.49911506561554,NaN,NaN,0,0,NaN,0,0,
574.086642444469,phy_track,5,4,2,3155,8,NaN,NaN,NaN,NaN,-7.49911506561554,NaN,NaN,NaN,NaN,NaN,0,0,
574.106019162592,phy_interval,5,4,2,3155,8,NaN,NaN,NaN,2.00678109001819e-14,-7.49911506561554,NaN,NaN,0,0,NaN,0,0,
574.106019162592,phy_signal_start,5,3,1,3156,8,-117.383020596368,NaN,-10.4080205963685,NaN,NaN,NaN,NaN,NaN,NaN,NaN,0,0,
574.145292444469,phy_interval,5,4,2,3155,8,NaN,NaN,NaN,2.00678109001819e-14,-7.49911506561554,NaN,NaN,0,0,NaN,1,0,
574.145292444469,phy_interval,5,3,1,3156,8,NaN,NaN,NaN,2.00678109001819e-14,-7.49911506561554,NaN,NaN,0,0,NaN,1,0,
574.145292444469,phy_signal_end,5,4,2,3155,8,-109.883905530753,142.883905530753,-2.90890553075294,2.00678109001819e-14,-7.49911506561554,0,0,0,0,0,1,1,accepted
574.249012444469,phy_interval,5,3,1,3156,8,NaN,NaN,NaN,2.00678109001819e-14,-7.49911506561554,NaN,NaN,0,0,NaN,1,0,
574.249012444469,phy_signal_start,5,4,2,3157,8,-109.883905530753,NaN,-2.90890553075294,NaN,NaN,NaN,NaN,NaN,NaN,NaN,0,0,
574.255642444469,phy_interval,5,3,1,3156,8,NaN,NaN,NaN,2.00678109001819e-14,-7.49911506561554,NaN,NaN,0,0,NaN,2,0,
574.255642444469,phy_interval,5,4,2,3157,8,NaN,NaN,NaN,2.00678109001819e-14,-7.49911506561554,NaN,NaN,0,0,NaN,1,0,
574.255642444469,phy_track,5,4,2,3157,8,NaN,NaN,NaN,NaN,-7.49911506561554,NaN,NaN,NaN,NaN,NaN,0,0,
574.314292444469,phy_interval,5,3,1,3156,8,NaN,NaN,NaN,2.00678109001819e-14,-7.49911506561554,NaN,NaN,0,0,NaN,2,0,
574.314292444469,phy_interval,5,4,2,3157,8,NaN,NaN,NaN,2.00678109001819e-14,-7.49911506561554,NaN,NaN,0,0,NaN,1,0,
574.314292444469,phy_signal_end,5,4,2,3157,8,-109.883905530753,142.883905530753,-2.90890553075294,2.00678109001819e-14,-7.49911506561554,0,0,0,0,0,1,1,accepted
574.340012444469,phy_signal_start,4,5,1,3158,8,-109.883905530753,NaN,-2.90890553075294,NaN,NaN,NaN,NaN,NaN,NaN,NaN,0,0,
574.346642444469,phy_interval,4,5,1,3158,8,NaN,NaN,NaN,2.00678109001819e-14,-9.4798180731745,NaN,NaN,0,0,NaN,0,0,
574.346642444469,phy_track,4,5,1,3158,8,NaN,NaN,NaN,NaN,-9.4798180731745,NaN,NaN,NaN,NaN,NaN,0,0,
574.350819162592,phy_interval,5,3,1,3156,8,NaN,NaN,NaN,2.00678109001819e-14,-7.49911506561554,NaN,NaN,0,0,NaN,2,0,
574.350819162592,phy_signal_end,5,3,1,3156,8,-117.383020596368,150.383020596368,-10.4080205963685,2.00678109001819e-14,-7.49911506561554,8.99324861083541e-05,8.99324861083541e-05,0,0,0,2,0,half_duplex
574.350831604377,phy_signal_end,4,3,1,3156,8,-126.074739474425,159.074739474425,Inf,0,-Inf,0,0,0,0,0,0,0,closure
574.483011086064,phy_signal_start,5,1,3,3159,8,-107.875945171156,NaN,-0.900945171156323,NaN,NaN,NaN,NaN,NaN,NaN,NaN,0,0,
574.483023527005,phy_interval,4,5,1,3158,8,NaN,NaN,NaN,2.00678109001819e-14,-9.4798180731745,NaN,NaN,0,0,NaN,0,0,
574.483023527005,phy_signal_start,4,1,3,3159,8,-120.947516094342,NaN,-13.9725160943423,NaN,NaN,NaN,NaN,NaN,NaN,NaN,0,0,
574.584812444469,phy_interval,4,5,1,3158,8,NaN,NaN,NaN,2.00678109001819e-14,-11.0636105635893,NaN,NaN,0,0,NaN,1,0,
574.584812444469,phy_interval,4,1,3,3159,8,NaN,NaN,NaN,2.00678109001819e-14,-11.0636105635893,NaN,NaN,3,14,NaN,1,0,
574.584812444469,phy_signal_end,4,5,1,3158,8,-109.883905530753,142.883905530753,-2.90890553075294,2.00678109001819e-14,-11.0636105635893,0,0,0,0,0,1,1,accepted
574.590111086064,phy_interval,5,1,3,3159,8,NaN,NaN,NaN,2.00678109001819e-14,-7.49911506561554,NaN,NaN,0,0,NaN,0,0,
574.590111086064,phy_signal_end,5,1,3,3159,8,-107.875945171156,140.875945171156,-0.900945171156323,2.00678109001819e-14,-7.49911506561554,0,0,0,0,0,0,0,half_duplex
574.590123527005,phy_interval,4,1,3,3159,8,NaN,NaN,NaN,2.00678109001819e-14,-11.0636105635893,NaN,NaN,0,1,NaN,1,0,
574.590123527005,phy_signal_end,4,1,3,3159,8,-120.947516094342,153.947516094342,-13.9725160943423,2.00678109001819e-14,-11.0636105635893,0.0157703976355589,0.0157703976355589,3,15,18,1,0,sync_threshold
574.626012444469,phy_signal_start,4,5,1,3160,8,-109.883905530753,NaN,-2.90890553075294,NaN,NaN,NaN,NaN,NaN,NaN,NaN,0,0,
574.632642444469,phy_interval,4,5,1,3160,8,NaN,NaN,NaN,2.00678109001819e-14,-11.0636105635893,NaN,NaN,0,0,NaN,0,0,
574.632642444469,phy_track,4,5,1,3160,8,NaN,NaN,NaN,NaN,-11.0636105635893,NaN,NaN,NaN,NaN,NaN,0,0,
574.870812444469,phy_interval,4,5,1,3160,8,NaN,NaN,NaN,2.00678109001819e-14,-11.0636105635893,NaN,NaN,0,0,NaN,0,0,
574.870812444469,phy_signal_end,4,5,1,3160,8,-109.883905530753,142.883905530753,-2.90890553075294,2.00678109001819e-14,-11.0636105635893,0,0,0,0,0,0,1,accepted
574.899012444469,phy_signal_start,5,4,2,3162,8,-109.883905530753,NaN,-2.90890553075294,NaN,NaN,NaN,NaN,NaN,NaN,NaN,0,0,
574.905642444469,phy_interval,5,4,2,3162,8,NaN,NaN,NaN,2.00678109001819e-14,-7.49911506561554,NaN,NaN,0,0,NaN,0,0,
574.905642444469,phy_track,5,4,2,3162,8,NaN,NaN,NaN,NaN,-7.49911506561554,NaN,NaN,NaN,NaN,NaN,0,0,
574.964292444469,phy_interval,5,4,2,3162,8,NaN,NaN,NaN,2.00678109001819e-14,-7.49911506561554,NaN,NaN,0,0,NaN,0,0,
574.964292444469,phy_signal_end,5,4,2,3162,8,-109.883905530753,142.883905530753,-2.90890553075294,2.00678109001819e-14,-7.49911506561554,0,0,0,0,0,0,1,accepted
575.016012444469,phy_signal_start,4,5,1,3163,8,-109.883905530753,NaN,-2.90890553075294,NaN,NaN,NaN,NaN,NaN,NaN,NaN,0,0,
575.022642444469,phy_interval,4,5,1,3163,8,NaN,NaN,NaN,2.00678109001819e-14,-11.0636105635893,NaN,NaN,0,0,NaN,0,0,
575.022642444469,phy_track,4,5,1,3163,8,NaN,NaN,NaN,NaN,-11.0636105635893,NaN,NaN,NaN,NaN,NaN,0,0,
575.130828977105,phy_signal_end,4,8,2,3161,8,-124.567050032692,157.567050032692,Inf,0,-Inf,0,0,0,0,0,0,0,closure
575.130841420289,phy_signal_end,5,8,2,3161,8,-130.773375084599,163.773375084599,Inf,0,-Inf,0,0,0,0,0,0,0,closure
575.172013632365,phy_interval,4,5,1,3163,8,NaN,NaN,NaN,2.00678109001819e-14,-11.0636105635893,NaN,NaN,0,0,NaN,0,0,
575.172013632365,phy_signal_start,4,2,8,3164,8,-111.467698021168,NaN,-4.49269802116773,NaN,NaN,NaN,NaN,NaN,NaN,NaN,0,0,
575.237293632365,phy_interval,4,5,1,3163,8,NaN,NaN,NaN,2.00678109001819e-14,-1.58379249041479,NaN,NaN,0,0,NaN,1,0,
575.237293632365,phy_interval,4,2,8,3164,8,NaN,NaN,NaN,2.00678109001819e-14,-1.58379249041479,NaN,NaN,0,0,NaN,1,0,
575.237293632365,phy_signal_end,4,2,8,3164,8,-111.467698021168,144.467698021168,-4.49269802116773,2.00678109001819e-14,-1.58379249041479,0,0,0,0,0,1,0,not_acquired
575.237306076559,phy_signal_end,5,2,8,3164,8,-122.734861677906,155.734861677906,Inf,0,-Inf,0,0,0,0,0,0,0,closure
575.260812444469,phy_interval,4,5,1,3163,8,NaN,NaN,NaN,2.00678109001819e-14,-1.58379249041479,NaN,NaN,0,0,NaN,1,0,
575.260812444469,phy_signal_end,4,5,1,3163,8,-109.883905530753,142.883905530753,-2.90890553075294,2.00678109001819e-14,-1.58379249041479,0,0,0,0,0,1,1,accepted
575.289012444469,phy_signal_start,5,4,2,3167,8,-109.883905530753,NaN,-2.90890553075294,NaN,NaN,NaN,NaN,NaN,NaN,NaN,0,0,
575.289013632365,phy_signal_start,4,2,8,3165,8,-111.467698021168,NaN,-4.49269802116773,NaN,NaN,NaN,NaN,NaN,NaN,NaN,0,0,
575.289019162592,phy_interval,5,4,2,3167,8,NaN,NaN,NaN,2.00678109001819e-14,-7.49911506561554,NaN,NaN,0,0,NaN,0,0,
575.289019162592,phy_signal_start,5,3,1,3166,8,-117.383020596368,NaN,-10.4080205963685,NaN,NaN,NaN,NaN,NaN,NaN,NaN,0,0,
575.295642444469,phy_interval,5,4,2,3167,8,NaN,NaN,NaN,2.00678109001819e-14,-7.49911506561554,NaN,NaN,0,0,NaN,1,0,
575.295642444469,phy_interval,5,3,1,3166,8,NaN,NaN,NaN,2.00678109001819e-14,-7.49911506561554,NaN,NaN,0,0,NaN,1,0,
575.295642444469,phy_track,5,4,2,3167,8,NaN,NaN,NaN,NaN,-7.49911506561554,NaN,NaN,NaN,NaN,NaN,0,0,
575.354292444469,phy_interval,5,4,2,3167,8,NaN,NaN,NaN,2.00678109001819e-14,-7.49911506561554,NaN,NaN,0,0,NaN,1,0,
575.354292444469,phy_interval,5,3,1,3166,8,NaN,NaN,NaN,2.00678109001819e-14,-7.49911506561554,NaN,NaN,0,0,NaN,1,0,
575.354292444469,phy_signal_end,5,4,2,3167,8,-109.883905530753,142.883905530753,-2.90890553075294,2.00678109001819e-14,-7.49911506561554,0,0,0,0,0,1,1,accepted
575.354293632365,phy_interval,4,2,8,3165,8,NaN,NaN,NaN,2.00678109001819e-14,-1.58379249041479,NaN,NaN,0,0,NaN,0,0,
575.354293632365,phy_signal_end,4,2,8,3165,8,-111.467698021168,144.467698021168,-4.49269802116773,2.00678109001819e-14,-1.58379249041479,0,0,0,0,0,0,0,half_duplex
575.354306076559,phy_signal_end,5,2,8,3165,8,-122.734861677906,155.734861677906,Inf,0,-Inf,0,0,0,0,0,0,0,closure
575.419013632365,phy_signal_start,4,2,8,3168,8,-111.467698021168,NaN,-4.49269802116773,NaN,NaN,NaN,NaN,NaN,NaN,NaN,0,0,
575.425643632365,phy_interval,4,2,8,3168,8,NaN,NaN,NaN,2.00678109001819e-14,-1.58379249041479,NaN,NaN,0,0,NaN,0,0,
575.425643632365,phy_track,4,2,8,3168,8,NaN,NaN,NaN,NaN,-1.58379249041479,NaN,NaN,NaN,NaN,NaN,0,0,
575.484293632365,phy_interval,4,2,8,3168,8,NaN,NaN,NaN,2.00678109001819e-14,-1.58379249041479,NaN,NaN,0,0,NaN,0,0,
575.484293632365,phy_signal_end,4,2,8,3168,8,-111.467698021168,144.467698021168,-4.49269802116773,2.00678109001819e-14,-1.58379249041479,0,0,0,0,0,0,1,accepted
575.484306076559,phy_signal_end,5,2,8,3168,8,-122.734861677906,155.734861677906,Inf,0,-Inf,0,0,0,0,0,0,0,closure
575.533819162592,phy_interval,5,3,1,3166,8,NaN,NaN,NaN,2.00678109001819e-14,-7.49911506561554,NaN,NaN,0,0,NaN,1,0,
575.533819162592,phy_signal_end,5,3,1,3166,8,-117.383020596368,150.383020596368,-10.4080205963685,2.00678109001819e-14,-7.49911506561554,8.31401925095986e-05,8.31401925095986e-05,0,0,0,1,0,not_acquired
575.533831604377,phy_signal_end,4,3,1,3166,8,-126.074739474425,159.074739474425,Inf,0,-Inf,0,0,0,0,0,0,0,closure
575.588012444469,phy_signal_start,4,5,1,3169,8,-109.883905530753,NaN,-2.90890553075294,NaN,NaN,NaN,NaN,NaN,NaN,NaN,0,0,
575.594642444469,phy_interval,4,5,1,3169,8,NaN,NaN,NaN,2.00678109001819e-14,-1.58379249041479,NaN,NaN,0,0,NaN,0,0,
575.594642444469,phy_track,4,5,1,3169,8,NaN,NaN,NaN,NaN,-1.58379249041479,NaN,NaN,NaN,NaN,NaN,0,0,
575.614013632365,phy_interval,4,5,1,3169,8,NaN,NaN,NaN,2.00678109001819e-14,-1.58379249041479,NaN,NaN,0,0,NaN,0,0,
575.614013632365,phy_signal_start,4,2,8,3170,8,-111.467698021168,NaN,-4.49269802116773,NaN,NaN,NaN,NaN,NaN,NaN,NaN,0,0,
575.679293632365,phy_interval,4,5,1,3169,8,NaN,NaN,NaN,2.00678109001819e-14,-1.58379249041479,NaN,NaN,0,0,NaN,1,0,
575.679293632365,phy_interval,4,2,8,3170,8,NaN,NaN,NaN,2.00678109001819e-14,-1.58379249041479,NaN,NaN,0,0,NaN,1,0,
575.679293632365,phy_signal_end,4,2,8,3170,8,-111.467698021168,144.467698021168,-4.49269802116773,2.00678109001819e-14,-1.58379249041479,0,0,0,0,0,1,0,not_acquired
575.679306076559,phy_signal_end,5,2,8,3170,8,-122.734861677906,155.734861677906,Inf,0,-Inf,0,0,0,0,0,0,0,closure
575.832812444469,phy_interval,4,5,1,3169,8,NaN,NaN,NaN,2.00678109001819e-14,-1.58379249041479,NaN,NaN,0,0,NaN,1,0,
575.832812444469,phy_signal_end,4,5,1,3169,8,-109.883905530753,142.883905530753,-2.90890553075294,2.00678109001819e-14,-1.58379249041479,0,0,0,0,0,1,1,accepted
575.848012444469,phy_signal_start,5,4,2,3171,8,-109.883905530753,NaN,-2.90890553075294,NaN,NaN,NaN,NaN,NaN,NaN,NaN,0,0,
575.854642444469,phy_interval,5,4,2,3171,8,NaN,NaN,NaN,2.00678109001819e-14,-7.49911506561554,NaN,NaN,0,0,NaN,0,0,
575.854642444469,phy_track,5,4,2,3171,8,NaN,NaN,NaN,NaN,-7.49911506561554,NaN,NaN,NaN,NaN,NaN,0,0,
575.913019162592,phy_interval,5,4,2,3171,8,NaN,NaN,NaN,2.00678109001819e-14,-7.49911506561554,NaN,NaN,0,0,NaN,0,0,
575.913019162592,phy_signal_start,5,3,1,3172,8,-117.383020596368,NaN,-10.4080205963685,NaN,NaN,NaN,NaN,NaN,NaN,NaN,0,0,
575.913292444469,phy_interval,5,4,2,3171,8,NaN,NaN,NaN,2.00678109001819e-14,-7.49911506561554,NaN,NaN,0,0,NaN,1,0,
575.913292444469,phy_interval,5,3,1,3172,8,NaN,NaN,NaN,2.00678109001819e-14,-7.49911506561554,NaN,NaN,0,0,NaN,1,0,
575.913292444469,phy_signal_end,5,4,2,3171,8,-109.883905530753,142.883905530753,-2.90890553075294,2.00678109001819e-14,-7.49911506561554,0,0,0,0,0,1,1,accepted
575.919922444469,phy_interval,5,3,1,3172,8,NaN,NaN,NaN,2.00678109001819e-14,-7.49911506561554,NaN,NaN,0,0,NaN,1,0,
575.919922444469,phy_track,5,3,1,3172,8,NaN,NaN,NaN,NaN,-7.49911506561554,NaN,NaN,NaN,NaN,NaN,0,0,
576.069013632365,phy_signal_start,4,2,8,3173,8,-111.467698021168,NaN,-4.49269802116773,NaN,NaN,NaN,NaN,NaN,NaN,NaN,0,0,
576.075643632365,phy_interval,4,2,8,3173,8,NaN,NaN,NaN,2.00678109001819e-14,-1.58379249041479,NaN,NaN,0,0,NaN,0,0,
576.075643632365,phy_track,4,2,8,3173,8,NaN,NaN,NaN,NaN,-1.58379249041479,NaN,NaN,NaN,NaN,NaN,0,0,
576.134293632365,phy_interval,4,2,8,3173,8,NaN,NaN,NaN,2.00678109001819e-14,-1.58379249041479,NaN,NaN,0,0,NaN,0,0,
576.134293632365,phy_signal_end,4,2,8,3173,8,-111.467698021168,144.467698021168,-4.49269802116773,2.00678109001819e-14,-1.58379249041479,0,0,0,0,0,0,1,accepted
576.134306076559,phy_signal_end,5,2,8,3173,8,-122.734861677906,155.734861677906,Inf,0,-Inf,0,0,0,0,0,0,0,closure
576.147012444469,phy_interval,5,3,1,3172,8,NaN,NaN,NaN,2.00678109001819e-14,-7.49911506561554,NaN,NaN,0,0,NaN,1,0,
576.147012444469,phy_signal_start,5,4,5,3174,8,-109.883905530753,NaN,-2.90890553075294,NaN,NaN,NaN,NaN,NaN,NaN,NaN,0,0,
576.157819162592,phy_interval,5,3,1,3172,8,NaN,NaN,NaN,2.00678109001819e-14,-7.49911506561554,NaN,NaN,0,0,NaN,2,0,
576.157819162592,phy_interval,5,4,5,3174,8,NaN,NaN,NaN,2.00678109001819e-14,-7.49911506561554,NaN,NaN,0,0,NaN,1,0,
576.157819162592,phy_signal_end,5,3,1,3172,8,-117.383020596368,150.383020596368,-10.4080205963685,2.00678109001819e-14,-7.49911506561554,7.08084671734674e-05,7.08084671734674e-05,0,0,0,2,1,accepted
576.157831604377,phy_signal_end,4,3,1,3172,8,-126.074739474425,159.074739474425,Inf,0,-Inf,0,0,0,0,0,0,0,closure
576.173011086064,phy_interval,5,4,5,3174,8,NaN,NaN,NaN,2.00678109001819e-14,-7.49911506561554,NaN,NaN,0,0,NaN,1,0,
576.173011086064,phy_signal_start,5,1,3,3175,8,-107.875945171156,NaN,-0.900945171156323,NaN,NaN,NaN,NaN,NaN,NaN,NaN,0,0,
576.173023527005,phy_signal_start,4,1,3,3175,8,-120.947516094342,NaN,-13.9725160943423,NaN,NaN,NaN,NaN,NaN,NaN,NaN,0,0,
576.179641086064,phy_interval,5,4,5,3174,8,NaN,NaN,NaN,2.00678109001819e-14,-2.00796035959661,NaN,NaN,0,0,NaN,2,0,
576.179641086064,phy_interval,5,1,3,3175,8,NaN,NaN,NaN,2.00678109001819e-14,-2.00796035959661,NaN,NaN,0,0,NaN,1,0,
576.179641086064,phy_track,5,1,3,3175,8,NaN,NaN,NaN,NaN,-2.00796035959661,NaN,NaN,NaN,NaN,NaN,0,0,
576.280111086064,phy_interval,5,4,5,3174,8,NaN,NaN,NaN,2.00678109001819e-14,-2.00796035959661,NaN,NaN,0,0,NaN,2,0,
576.280111086064,phy_interval,5,1,3,3175,8,NaN,NaN,NaN,2.00678109001819e-14,-2.00796035959661,NaN,NaN,0,0,NaN,1,0,
576.280111086064,phy_signal_end,5,1,3,3175,8,-107.875945171156,140.875945171156,-0.900945171156323,2.00678109001819e-14,-2.00796035959661,0,0,0,0,0,1,1,accepted
576.280123527005,phy_interval,4,1,3,3175,8,NaN,NaN,NaN,2.00678109001819e-14,-1.58379249041479,NaN,NaN,3,8,NaN,0,0,
576.280123527005,phy_signal_end,4,1,3,3175,8,-120.947516094342,153.947516094342,-13.9725160943423,2.00678109001819e-14,-1.58379249041479,0.0151165618870165,0.0151165618870165,3,8,11,0,0,half_duplex
576.391812444469,phy_interval,5,4,5,3174,8,NaN,NaN,NaN,2.00678109001819e-14,-2.00796035959661,NaN,NaN,0,0,NaN,2,0,
576.391812444469,phy_signal_end,5,4,5,3174,8,-109.883905530753,142.883905530753,-2.90890553075294,2.00678109001819e-14,-2.00796035959661,0,0,0,0,0,2,0,not_acquired
576.433011086064,phy_signal_start,5,1,3,3176,8,-107.875945171156,NaN,-0.900945171156323,NaN,NaN,NaN,NaN,NaN,NaN,NaN,0,0,
576.433023527005,phy_signal_start,4,1,3,3176,8,-120.947516094342,NaN,-13.9725160943423,NaN,NaN,NaN,NaN,NaN,NaN,NaN,0,0,
576.439641086064,phy_interval,5,1,3,3176,8,NaN,NaN,NaN,2.00678109001819e-14,-2.00796035959661,NaN,NaN,0,0,NaN,0,0,
576.439641086064,phy_track,5,1,3,3176,8,NaN,NaN,NaN,NaN,-2.00796035959661,NaN,NaN,NaN,NaN,NaN,0,0,
576.540111086064,phy_interval,5,1,3,3176,8,NaN,NaN,NaN,2.00678109001819e-14,-2.00796035959661,NaN,NaN,0,0,NaN,0,0,
576.540111086064,phy_signal_end,5,1,3,3176,8,-107.875945171156,140.875945171156,-0.900945171156323,2.00678109001819e-14,-2.00796035959661,0,0,0,0,0,0,1,accepted
576.540123527005,phy_interval,4,1,3,3176,8,NaN,NaN,NaN,2.00678109001819e-14,-1.58379249041479,NaN,NaN,2,11,NaN,0,0,
576.540123527005,phy_signal_end,4,1,3,3176,8,-120.947516094342,153.947516094342,-13.9725160943423,2.00678109001819e-14,-1.58379249041479,0.0151165618870165,0.0151165618870165,2,11,13,0,0,sync_threshold
576.550011086064,phy_signal_start,5,1,3,3177,8,-107.875945171156,NaN,-0.900945171156323,NaN,NaN,NaN,NaN,NaN,NaN,NaN,0,0,
576.550023527005,phy_signal_start,4,1,3,3177,8,-120.947516094342,NaN,-13.9725160943423,NaN,NaN,NaN,NaN,NaN,NaN,NaN,0,0,
576.556641086064,phy_interval,5,1,3,3177,8,NaN,NaN,NaN,2.00678109001819e-14,-2.00796035959661,NaN,NaN,0,0,NaN,0,0,
576.556641086064,phy_track,5,1,3,3177,8,NaN,NaN,NaN,NaN,-2.00796035959661,NaN,NaN,NaN,NaN,NaN,0,0,
576.657111086064,phy_interval,5,1,3,3177,8,NaN,NaN,NaN,2.00678109001819e-14,-2.00796035959661,NaN,NaN,0,0,NaN,0,0,
576.657111086064,phy_signal_end,5,1,3,3177,8,-107.875945171156,140.875945171156,-0.900945171156323,2.00678109001819e-14,-2.00796035959661,0,0,0,0,0,0,1,accepted
576.657123527005,phy_interval,4,1,3,3177,8,NaN,NaN,NaN,2.00678109001819e-14,-1.58379249041479,NaN,NaN,1,8,NaN,0,0,
576.657123527005,phy_signal_end,4,1,3,3177,8,-120.947516094342,153.947516094342,-13.9725160943423,2.00678109001819e-14,-1.58379249041479,0.0151165618870165,0.0151165618870165,1,8,9,0,0,sync_threshold
576.719013632365,phy_signal_start,4,2,4,3178,8,-111.467698021168,NaN,-4.49269802116773,NaN,NaN,NaN,NaN,NaN,NaN,NaN,0,0,
576.725643632365,phy_interval,4,2,4,3178,8,NaN,NaN,NaN,2.00678109001819e-14,-1.58379249041479,NaN,NaN,0,0,NaN,0,0,
576.725643632365,phy_track,4,2,4,3178,8,NaN,NaN,NaN,NaN,-1.58379249041479,NaN,NaN,NaN,NaN,NaN,0,0,
576.732019162592,phy_signal_start,5,3,1,3179,8,-117.383020596368,NaN,-10.4080205963685,NaN,NaN,NaN,NaN,NaN,NaN,NaN,0,0,
576.738649162592,phy_interval,5,3,1,3179,8,NaN,NaN,NaN,2.00678109001819e-14,-2.00796035959661,NaN,NaN,0,0,NaN,0,0,
576.738649162592,phy_track,5,3,1,3179,8,NaN,NaN,NaN,NaN,-2.00796035959661,NaN,NaN,NaN,NaN,NaN,0,0,
576.963813632365,phy_interval,4,2,4,3178,8,NaN,NaN,NaN,2.00678109001819e-14,-1.58379249041479,NaN,NaN,0,0,NaN,0,0,
576.963813632365,phy_signal_end,4,2,4,3178,8,-111.467698021168,144.467698021168,-4.49269802116773,2.00678109001819e-14,-1.58379249041479,0,0,0,0,0,0,1,accepted
576.963826076559,phy_signal_end,5,2,4,3178,8,-122.734861677906,155.734861677906,Inf,0,-Inf,0,0,0,0,0,0,0,closure
576.976819162592,phy_interval,5,3,1,3179,8,NaN,NaN,NaN,2.00678109001819e-14,-2.00796035959661,NaN,NaN,0,0,NaN,0,0,
576.976819162592,phy_signal_end,5,3,1,3179,8,-117.383020596368,150.383020596368,-10.4080205963685,2.00678109001819e-14,-2.00796035959661,3.40962752323828e-05,3.40962752323828e-05,0,0,0,0,1,accepted
576.976831604377,phy_signal_end,4,3,1,3179,8,-126.074739474425,159.074739474425,Inf,0,-Inf,0,0,0,0,0,0,0,closure
577.005019162592,phy_signal_start,5,3,1,3180,8,-117.383020596368,NaN,-10.4080205963685,NaN,NaN,NaN,NaN,NaN,NaN,NaN,0,0,
577.011649162592,phy_interval,5,3,1,3180,8,NaN,NaN,NaN,2.00678109001819e-14,-2.00796035959661,NaN,NaN,0,0,NaN,0,0,
577.011649162592,phy_track,5,3,1,3180,8,NaN,NaN,NaN,NaN,-2.00796035959661,NaN,NaN,NaN,NaN,NaN,0,0,
577.031012444469,phy_interval,5,3,1,3180,8,NaN,NaN,NaN,2.00678109001819e-14,-2.00796035959661,NaN,NaN,0,0,NaN,0,0,
577.031012444469,phy_signal_start,5,4,2,3181,8,-109.883905530753,NaN,-2.90890553075294,NaN,NaN,NaN,NaN,NaN,NaN,NaN,0,0,
577.096292444469,phy_interval,5,3,1,3180,8,NaN,NaN,NaN,2.00678109001819e-14,-7.49911506561554,NaN,NaN,0,0,NaN,1,0,
577.096292444469,phy_interval,5,4,2,3181,8,NaN,NaN,NaN,2.00678109001819e-14,-7.49911506561554,NaN,NaN,0,0,NaN,1,0,
577.096292444469,phy_signal_end,5,4,2,3181,8,-109.883905530753,142.883905530753,-2.90890553075294,2.00678109001819e-14,-7.49911506561554,0,0,0,0,0,1,0,not_acquired
577.213013632365,phy_signal_start,4,2,4,3182,8,-111.467698021168,NaN,-4.49269802116773,NaN,NaN,NaN,NaN,NaN,NaN,NaN,0,0,
577.219643632365,phy_interval,4,2,4,3182,8,NaN,NaN,NaN,2.00678109001819e-14,-1.58379249041479,NaN,NaN,0,0,NaN,0,0,
577.219643632365,phy_track,4,2,4,3182,8,NaN,NaN,NaN,NaN,-1.58379249041479,NaN,NaN,NaN,NaN,NaN,0,0,
577.249819162592,phy_interval,5,3,1,3180,8,NaN,NaN,NaN,2.00678109001819e-14,-7.49911506561554,NaN,NaN,0,0,NaN,1,0,
577.249819162592,phy_signal_end,5,3,1,3180,8,-117.383020596368,150.383020596368,-10.4080205963685,2.00678109001819e-14,-7.49911506561554,7.80953647657354e-05,7.80953647657354e-05,0,0,0,1,1,accepted
577.249831604377,phy_signal_end,4,3,1,3180,8,-126.074739474425,159.074739474425,Inf,0,-Inf,0,0,0,0,0,0,0,closure
577.265012444469,phy_interval,4,2,4,3182,8,NaN,NaN,NaN,2.00678109001819e-14,-1.58379249041479,NaN,NaN,0,0,NaN,0,0,
577.265012444469,phy_signal_start,4,5,1,3183,8,-109.883905530753,NaN,-2.90890553075294,NaN,NaN,NaN,NaN,NaN,NaN,NaN,0,0,
577.457813632365,phy_interval,4,2,4,3182,8,NaN,NaN,NaN,2.00678109001819e-14,-1.58379249041479,NaN,NaN,0,0,NaN,1,0,
577.457813632365,phy_interval,4,5,1,3183,8,NaN,NaN,NaN,2.00678109001819e-14,-1.58379249041479,NaN,NaN,0,0,NaN,1,0,
577.457813632365,phy_signal_end,4,2,4,3182,8,-111.467698021168,144.467698021168,-4.49269802116773,2.00678109001819e-14,-1.58379249041479,0,0,0,0,0,1,1,accepted
577.457826076559,phy_signal_end,5,2,4,3182,8,-122.734861677906,155.734861677906,Inf,0,-Inf,0,0,0,0,0,0,0,closure
577.499012444469,phy_signal_start,5,4,2,3184,8,-109.883905530753,NaN,-2.90890553075294,NaN,NaN,NaN,NaN,NaN,NaN,NaN,0,0,
577.509812444469,phy_interval,4,5,1,3183,8,NaN,NaN,NaN,2.00678109001819e-14,-1.58379249041479,NaN,NaN,0,0,NaN,1,0,
577.509812444469,phy_signal_end,4,5,1,3183,8,-109.883905530753,142.883905530753,-2.90890553075294,2.00678109001819e-14,-1.58379249041479,0,0,0,0,0,1,0,half_duplex
577.564292444469,phy_interval,5,4,2,3184,8,NaN,NaN,NaN,2.00678109001819e-14,-7.49911506561554,NaN,NaN,0,0,NaN,0,0,
577.564292444469,phy_signal_end,5,4,2,3184,8,-109.883905530753,142.883905530753,-2.90890553075294,2.00678109001819e-14,-7.49911506561554,0,0,0,0,0,0,0,half_duplex
577.577011086064,phy_signal_start,5,1,3,3185,8,-107.875945171156,NaN,-0.900945171156323,NaN,NaN,NaN,NaN,NaN,NaN,NaN,0,0,
577.577023527005,phy_signal_start,4,1,3,3185,8,-120.947516094342,NaN,-13.9725160943423,NaN,NaN,NaN,NaN,NaN,NaN,NaN,0,0,
577.583641086064,phy_interval,5,1,3,3185,8,NaN,NaN,NaN,2.00678109001819e-14,-7.49911506561554,NaN,NaN,0,0,NaN,0,0,
577.583641086064,phy_track,5,1,3,3185,8,NaN,NaN,NaN,NaN,-7.49911506561554,NaN,NaN,NaN,NaN,NaN,0,0,
577.684111086064,phy_interval,5,1,3,3185,8,NaN,NaN,NaN,2.00678109001819e-14,-7.49911506561554,NaN,NaN,0,0,NaN,0,0,
577.684111086064,phy_signal_end,5,1,3,3185,8,-107.875945171156,140.875945171156,-0.900945171156323,2.00678109001819e-14,-7.49911506561554,0,0,0,0,0,0,1,accepted
577.684123527005,phy_interval,4,1,3,3185,8,NaN,NaN,NaN,2.00678109001819e-14,-1.58379249041479,NaN,NaN,1,6,NaN,0,0,
577.684123527005,phy_signal_end,4,1,3,3185,8,-120.947516094342,153.947516094342,-13.9725160943423,2.00678109001819e-14,-1.58379249041479,0.0151165618870165,0.0151165618870165,1,6,7,0,0,sync_threshold
577.746012444469,phy_signal_start,4,5,1,3186,8,-109.883905530753,NaN,-2.90890553075294,NaN,NaN,NaN,NaN,NaN,NaN,NaN,0,0,
577.752642444469,phy_interval,4,5,1,3186,8,NaN,NaN,NaN,2.00678109001819e-14,-1.58379249041479,NaN,NaN,0,0,NaN,0,0,
577.752642444469,phy_track,4,5,1,3186,8,NaN,NaN,NaN,NaN,-1.58379249041479,NaN,NaN,NaN,NaN,NaN,0,0,
577.990812444469,phy_interval,4,5,1,3186,8,NaN,NaN,NaN,2.00678109001819e-14,-1.58379249041479,NaN,NaN,0,0,NaN,0,0,
577.990812444469,phy_signal_end,4,5,1,3186,8,-109.883905530753,142.883905530753,-2.90890553075294,2.00678109001819e-14,-1.58379249041479,0,0,0,0,0,0,1,accepted
578.071011086064,phy_signal_start,5,1,3,3187,8,-107.875945171156,NaN,-0.900945171156323,NaN,NaN,NaN,NaN,NaN,NaN,NaN,0,0,
578.071023527005,phy_signal_start,4,1,3,3187,8,-120.947516094342,NaN,-13.9725160943423,NaN,NaN,NaN,NaN,NaN,NaN,NaN,0,0,
578.077641086064,phy_interval,5,1,3,3187,8,NaN,NaN,NaN,2.00678109001819e-14,-7.49911506561554,NaN,NaN,0,0,NaN,0,0,
578.077641086064,phy_track,5,1,3,3187,8,NaN,NaN,NaN,NaN,-7.49911506561554,NaN,NaN,NaN,NaN,NaN,0,0,
578.178111086064,phy_interval,5,1,3,3187,8,NaN,NaN,NaN,2.00678109001819e-14,-7.49911506561554,NaN,NaN,0,0,NaN,0,0,
578.178111086064,phy_signal_end,5,1,3,3187,8,-107.875945171156,140.875945171156,-0.900945171156323,2.00678109001819e-14,-7.49911506561554,0,0,0,0,0,0,1,accepted
578.178123527005,phy_interval,4,1,3,3187,8,NaN,NaN,NaN,2.00678109001819e-14,-1.58379249041479,NaN,NaN,1,13,NaN,0,0,
578.178123527005,phy_signal_end,4,1,3,3187,8,-120.947516094342,153.947516094342,-13.9725160943423,2.00678109001819e-14,-1.58379249041479,0.0151165618870165,0.0151165618870165,1,13,14,0,0,sync_threshold
578.188012444469,phy_signal_start,5,4,2,3188,8,-109.883905530753,NaN,-2.90890553075294,NaN,NaN,NaN,NaN,NaN,NaN,NaN,0,0,
578.194642444469,phy_interval,5,4,2,3188,8,NaN,NaN,NaN,2.00678109001819e-14,-7.49911506561554,NaN,NaN,0,0,NaN,0,0,
578.194642444469,phy_track,5,4,2,3188,8,NaN,NaN,NaN,NaN,-7.49911506561554,NaN,NaN,NaN,NaN,NaN,0,0,
578.214011086064,phy_interval,5,4,2,3188,8,NaN,NaN,NaN,2.00678109001819e-14,-7.49911506561554,NaN,NaN,0,0,NaN,0,0,
578.214011086064,phy_signal_start,5,1,3,3189,8,-107.875945171156,NaN,-0.900945171156323,NaN,NaN,NaN,NaN,NaN,NaN,NaN,0,0,
578.214023527005,phy_signal_start,4,1,3,3189,8,-120.947516094342,NaN,-13.9725160943423,NaN,NaN,NaN,NaN,NaN,NaN,NaN,0,0,
578.253292444469,phy_interval,5,4,2,3188,8,NaN,NaN,NaN,2.00678109001819e-14,-2.00796035959661,NaN,NaN,0,0,NaN,1,0,
578.253292444469,phy_interval,5,1,3,3189,8,NaN,NaN,NaN,2.00678109001819e-14,-2.00796035959661,NaN,NaN,0,0,NaN,1,0,
578.253292444469,phy_signal_end,5,4,2,3188,8,-109.883905530753,142.883905530753,-2.90890553075294,2.00678109001819e-14,-2.00796035959661,0,0,0,0,0,1,1,accepted
578.321111086064,phy_interval,5,1,3,3189,8,NaN,NaN,NaN,2.00678109001819e-14,-2.00796035959661,NaN,NaN,0,0,NaN,1,0,
578.321111086064,phy_signal_end,5,1,3,3189,8,-107.875945171156,140.875945171156,-0.900945171156323,2.00678109001819e-14,-2.00796035959661,0,0,0,0,0,1,0,not_acquired
578.321123527005,phy_interval,4,1,3,3189,8,NaN,NaN,NaN,2.00678109001819e-14,-1.58379249041479,NaN,NaN,1,11,NaN,0,0,
578.321123527005,phy_signal_end,4,1,3,3189,8,-120.947516094342,153.947516094342,-13.9725160943423,2.00678109001819e-14,-1.58379249041479,0.0151165618870165,0.0151165618870165,1,11,12,0,0,half_duplex
578.409019162592,phy_signal_start,5,3,1,3190,8,-117.383020596368,NaN,-10.4080205963685,NaN,NaN,NaN,NaN,NaN,NaN,NaN,0,0,
578.415649162592,phy_interval,5,3,1,3190,8,NaN,NaN,NaN,2.00678109001819e-14,-2.00796035959661,NaN,NaN,0,0,NaN,0,0,
578.415649162592,phy_track,5,3,1,3190,8,NaN,NaN,NaN,NaN,-2.00796035959661,NaN,NaN,NaN,NaN,NaN,0,0,
578.539012444469,phy_interval,5,3,1,3190,8,NaN,NaN,NaN,2.00678109001819e-14,-2.00796035959661,NaN,NaN,0,0,NaN,0,0,
578.539012444469,phy_signal_start,5,4,2,3191,8,-109.883905530753,NaN,-2.90890553075294,NaN,NaN,NaN,NaN,NaN,NaN,NaN,0,0,
578.604292444469,phy_interval,5,3,1,3190,8,NaN,NaN,NaN,2.00678109001819e-14,-7.49911506561554,NaN,NaN,0,0,NaN,1,0,
578.604292444469,phy_interval,5,4,2,3191,8,NaN,NaN,NaN,2.00678109001819e-14,-7.49911506561554,NaN,NaN,0,0,NaN,1,0,
578.604292444469,phy_signal_end,5,4,2,3191,8,-109.883905530753,142.883905530753,-2.90890553075294,2.00678109001819e-14,-7.49911506561554,0,0,0,0,0,1,0,not_acquired
578.653819162592,phy_interval,5,3,1,3190,8,NaN,NaN,NaN,2.00678109001819e-14,-7.49911506561554,NaN,NaN,0,0,NaN,1,0,
578.653819162592,phy_signal_end,5,3,1,3190,8,-117.383020596368,150.383020596368,-10.4080205963685,2.00678109001819e-14,-7.49911506561554,7.03138621799548e-05,7.03138621799548e-05,0,0,0,1,1,accepted
578.653831604377,phy_signal_end,4,3,1,3190,8,-126.074739474425,159.074739474425,Inf,0,-Inf,0,0,0,0,0,0,0,closure
578.734012444469,phy_signal_start,4,5,1,3192,8,-109.883905530753,NaN,-2.90890553075294,NaN,NaN,NaN,NaN,NaN,NaN,NaN,0,0,
578.740642444469,phy_interval,4,5,1,3192,8,NaN,NaN,NaN,2.00678109001819e-14,-1.58379249041479,NaN,NaN,0,0,NaN,0,0,
578.740642444469,phy_track,4,5,1,3192,8,NaN,NaN,NaN,NaN,-1.58379249041479,NaN,NaN,NaN,NaN,NaN,0,0,
578.955013632365,phy_interval,4,5,1,3192,8,NaN,NaN,NaN,2.00678109001819e-14,-1.58379249041479,NaN,NaN,0,0,NaN,0,0,
578.955013632365,phy_signal_start,4,2,4,3193,8,-111.467698021168,NaN,-4.49269802116773,NaN,NaN,NaN,NaN,NaN,NaN,NaN,0,0,
578.978812444469,phy_interval,4,5,1,3192,8,NaN,NaN,NaN,2.00678109001819e-14,-1.58379249041479,NaN,NaN,0,0,NaN,1,0,
578.978812444469,phy_interval,4,2,4,3193,8,NaN,NaN,NaN,2.00678109001819e-14,-1.58379249041479,NaN,NaN,0,0,NaN,1,0,
578.978812444469,phy_signal_end,4,5,1,3192,8,-109.883905530753,142.883905530753,-2.90890553075294,2.00678109001819e-14,-1.58379249041479,0,0,0,0,0,1,1,accepted
579.072019162592,phy_signal_start,5,3,1,3194,8,-117.383020596368,NaN,-10.4080205963685,NaN,NaN,NaN,NaN,NaN,NaN,NaN,0,0,
579.111012444469,phy_interval,5,3,1,3194,8,NaN,NaN,NaN,2.00678109001819e-14,-7.49911506561554,NaN,NaN,0,0,NaN,0,0,
579.111012444469,phy_signal_start,5,4,2,3195,8,-109.883905530753,NaN,-2.90890553075294,NaN,NaN,NaN,NaN,NaN,NaN,NaN,0,0,
579.117642444469,phy_interval,5,3,1,3194,8,NaN,NaN,NaN,2.00678109001819e-14,-7.49911506561554,NaN,NaN,0,0,NaN,1,0,
579.117642444469,phy_interval,5,4,2,3195,8,NaN,NaN,NaN,2.00678109001819e-14,-7.49911506561554,NaN,NaN,0,0,NaN,1,0,
579.117642444469,phy_track,5,4,2,3195,8,NaN,NaN,NaN,NaN,-7.49911506561554,NaN,NaN,NaN,NaN,NaN,0,0,
579.176292444469,phy_interval,5,3,1,3194,8,NaN,NaN,NaN,2.00678109001819e-14,-7.49911506561554,NaN,NaN,0,0,NaN,1,0,
579.176292444469,phy_interval,5,4,2,3195,8,NaN,NaN,NaN,2.00678109001819e-14,-7.49911506561554,NaN,NaN,0,0,NaN,1,0,
579.176292444469,phy_signal_end,5,4,2,3195,8,-109.883905530753,142.883905530753,-2.90890553075294,2.00678109001819e-14,-7.49911506561554,0,0,0,0,0,1,1,accepted
579.199813632365,phy_interval,4,2,4,3193,8,NaN,NaN,NaN,2.00678109001819e-14,-1.58379249041479,NaN,NaN,0,0,NaN,1,0,
579.199813632365,phy_signal_end,4,2,4,3193,8,-111.467698021168,144.467698021168,-4.49269802116773,2.00678109001819e-14,-1.58379249041479,0,0,0,0,0,1,0,half_duplex
579.199826076559,phy_signal_end,5,2,4,3193,8,-122.734861677906,155.734861677906,Inf,0,-Inf,0,0,0,0,0,0,0,closure
579.202012444469,phy_signal_start,4,5,1,3196,8,-109.883905530753,NaN,-2.90890553075294,NaN,NaN,NaN,NaN,NaN,NaN,NaN,0,0,
579.208642444469,phy_interval,4,5,1,3196,8,NaN,NaN,NaN,2.00678109001819e-14,-1.58379249041479,NaN,NaN,0,0,NaN,0,0,
579.208642444469,phy_track,4,5,1,3196,8,NaN,NaN,NaN,NaN,-1.58379249041479,NaN,NaN,NaN,NaN,NaN,0,0,
579.316819162592,phy_interval,5,3,1,3194,8,NaN,NaN,NaN,2.00678109001819e-14,-7.49911506561554,NaN,NaN,0,0,NaN,1,0,
579.316819162592,phy_signal_end,5,3,1,3194,8,-117.383020596368,150.383020596368,-10.4080205963685,2.00678109001819e-14,-7.49911506561554,6.03396831083541e-05,6.03396831083541e-05,0,0,0,1,0,half_duplex
579.316831604377,phy_signal_end,4,3,1,3194,8,-126.074739474425,159.074739474425,Inf,0,-Inf,0,0,0,0,0,0,0,closure
579.332011086064,phy_signal_start,5,1,3,3197,8,-107.875945171156,NaN,-0.900945171156323,NaN,NaN,NaN,NaN,NaN,NaN,NaN,0,0,
579.332023527005,phy_interval,4,5,1,3196,8,NaN,NaN,NaN,2.00678109001819e-14,-1.58379249041479,NaN,NaN,0,0,NaN,0,0,
579.332023527005,phy_signal_start,4,1,3,3197,8,-120.947516094342,NaN,-13.9725160943423,NaN,NaN,NaN,NaN,NaN,NaN,NaN,0,0,
579.439111086064,phy_interval,5,1,3,3197,8,NaN,NaN,NaN,2.00678109001819e-14,-7.49911506561554,NaN,NaN,0,0,NaN,0,0,
579.439111086064,phy_signal_end,5,1,3,3197,8,-107.875945171156,140.875945171156,-0.900945171156323,2.00678109001819e-14,-7.49911506561554,0,0,0,0,0,0,0,half_duplex
579.439123527005,phy_interval,4,5,1,3196,8,NaN,NaN,NaN,2.00678109001819e-14,-11.0636105635893,NaN,NaN,0,0,NaN,1,0,
579.439123527005,phy_interval,4,1,3,3197,8,NaN,NaN,NaN,2.00678109001819e-14,-11.0636105635893,NaN,NaN,1,14,NaN,1,0,
579.439123527005,phy_signal_end,4,1,3,3197,8,-120.947516094342,153.947516094342,-13.9725160943423,2.00678109001819e-14,-11.0636105635893,0.0163439245218667,0.0163439245218667,1,14,15,1,0,sync_threshold
579.446812444469,phy_interval,4,5,1,3196,8,NaN,NaN,NaN,2.00678109001819e-14,-11.0636105635893,NaN,NaN,0,0,NaN,1,0,
579.446812444469,phy_signal_end,4,5,1,3196,8,-109.883905530753,142.883905530753,-2.90890553075294,2.00678109001819e-14,-11.0636105635893,0,0,0,0,0,1,1,accepted
579.488012444469,phy_signal_start,5,4,2,3198,8,-109.883905530753,NaN,-2.90890553075294,NaN,NaN,NaN,NaN,NaN,NaN,NaN,0,0,
579.494642444469,phy_interval,5,4,2,3198,8,NaN,NaN,NaN,2.00678109001819e-14,-7.49911506561554,NaN,NaN,0,0,NaN,0,0,
579.494642444469,phy_track,5,4,2,3198,8,NaN,NaN,NaN,NaN,-7.49911506561554,NaN,NaN,NaN,NaN,NaN,0,0,
579.553011086064,phy_interval,5,4,2,3198,8,NaN,NaN,NaN,2.00678109001819e-14,-7.49911506561554,NaN,NaN,0,0,NaN,0,0,
579.553011086064,phy_signal_start,5,1,3,3199,8,-107.875945171156,NaN,-0.900945171156323,NaN,NaN,NaN,NaN,NaN,NaN,NaN,0,0,
579.553023527005,phy_signal_start,4,1,3,3199,8,-120.947516094342,NaN,-13.9725160943423,NaN,NaN,NaN,NaN,NaN,NaN,NaN,0,0,
579.553292444469,phy_interval,5,4,2,3198,8,NaN,NaN,NaN,2.00678109001819e-14,-2.00796035959661,NaN,NaN,0,0,NaN,1,0,
579.553292444469,phy_interval,5,1,3,3199,8,NaN,NaN,NaN,2.00678109001819e-14,-2.00796035959661,NaN,NaN,0,0,NaN,1,0,
579.553292444469,phy_signal_end,5,4,2,3198,8,-109.883905530753,142.883905530753,-2.90890553075294,2.00678109001819e-14,-2.00796035959661,0,0,0,0,0,1,1,accepted
579.559922444469,phy_interval,5,1,3,3199,8,NaN,NaN,NaN,2.00678109001819e-14,-2.00796035959661,NaN,NaN,0,0,NaN,1,0,
579.559922444469,phy_track,5,1,3,3199,8,NaN,NaN,NaN,NaN,-2.00796035959661,NaN,NaN,NaN,NaN,NaN,0,0,
579.660111086064,phy_interval,5,1,3,3199,8,NaN,NaN,NaN,2.00678109001819e-14,-2.00796035959661,NaN,NaN,0,0,NaN,1,0,
579.660111086064,phy_signal_end,5,1,3,3199,8,-107.875945171156,140.875945171156,-0.900945171156323,2.00678109001819e-14,-2.00796035959661,0,0,0,0,0,1,1,accepted
579.660123527005,phy_interval,4,1,3,3199,8,NaN,NaN,NaN,2.00678109001819e-14,-11.0636105635893,NaN,NaN,1,6,NaN,0,0,
579.660123527005,phy_signal_end,4,1,3,3199,8,-120.947516094342,153.947516094342,-13.9725160943423,2.00678109001819e-14,-11.0636105635893,0.0151165618870165,0.0151165618870165,1,6,7,0,0,half_duplex
579.761012444469,phy_signal_start,5,4,5,3200,8,-109.883905530753,NaN,-2.90890553075294,NaN,NaN,NaN,NaN,NaN,NaN,NaN,0,0,
579.767642444469,phy_interval,5,4,5,3200,8,NaN,NaN,NaN,2.00678109001819e-14,-2.00796035959661,NaN,NaN,0,0,NaN,0,0,
579.767642444469,phy_track,5,4,5,3200,8,NaN,NaN,NaN,NaN,-2.00796035959661,NaN,NaN,NaN,NaN,NaN,0,0,
579.813019162592,phy_interval,5,4,5,3200,8,NaN,NaN,NaN,2.00678109001819e-14,-2.00796035959661,NaN,NaN,0,0,NaN,0,0,
579.813019162592,phy_signal_start,5,3,1,3201,8,-117.383020596368,NaN,-10.4080205963685,NaN,NaN,NaN,NaN,NaN,NaN,NaN,0,0,
580.005812444469,phy_interval,5,4,5,3200,8,NaN,NaN,NaN,2.00678109001819e-14,-7.49911506561554,NaN,NaN,0,0,NaN,1,0,
580.005812444469,phy_interval,5,3,1,3201,8,NaN,NaN,NaN,2.00678109001819e-14,-7.49911506561554,NaN,NaN,0,0,NaN,1,0,
580.005812444469,phy_signal_end,5,4,5,3200,8,-109.883905530753,142.883905530753,-2.90890553075294,2.00678109001819e-14,-7.49911506561554,0,0,0,0,0,1,1,accepted
580.047012444469,phy_signal_start,4,5,4,3202,8,-109.883905530753,NaN,-2.90890553075294,NaN,NaN,NaN,NaN,NaN,NaN,NaN,0,0,
580.053642444469,phy_interval,4,5,4,3202,8,NaN,NaN,NaN,2.00678109001819e-14,-11.0636105635893,NaN,NaN,0,0,NaN,0,0,
580.053642444469,phy_track,4,5,4,3202,8,NaN,NaN,NaN,NaN,-11.0636105635893,NaN,NaN,NaN,NaN,NaN,0,0,
580.057819162592,phy_interval,5,3,1,3201,8,NaN,NaN,NaN,2.00678109001819e-14,-7.49911506561554,NaN,NaN,0,0,NaN,1,0,
580.057819162592,phy_signal_end,5,3,1,3201,8,-117.383020596368,150.383020596368,-10.4080205963685,2.00678109001819e-14,-7.49911506561554,9.44827091734674e-05,9.44827091734674e-05,0,0,0,1,0,half_duplex
580.057831604377,phy_signal_end,4,3,1,3201,8,-126.074739474425,159.074739474425,Inf,0,-Inf,0,0,0,0,0,0,0,closure
580.112292444469,phy_interval,4,5,4,3202,8,NaN,NaN,NaN,2.00678109001819e-14,-11.0636105635893,NaN,NaN,0,0,NaN,0,0,
580.112292444469,phy_signal_end,4,5,4,3202,8,-109.883905530753,142.883905530753,-2.90890553075294,2.00678109001819e-14,-11.0636105635893,0,0,0,0,0,0,1,accepted
580.216011086064,phy_signal_start,5,1,3,3203,8,-107.875945171156,NaN,-0.900945171156323,NaN,NaN,NaN,NaN,NaN,NaN,NaN,0,0,
580.216023527005,phy_signal_start,4,1,3,3203,8,-120.947516094342,NaN,-13.9725160943423,NaN,NaN,NaN,NaN,NaN,NaN,NaN,0,0,
580.222641086064,phy_interval,5,1,3,3203,8,NaN,NaN,NaN,2.00678109001819e-14,-7.49911506561554,NaN,NaN,0,0,NaN,0,0,
580.222641086064,phy_track,5,1,3,3203,8,NaN,NaN,NaN,NaN,-7.49911506561554,NaN,NaN,NaN,NaN,NaN,0,0,
580.281012444469,phy_interval,5,1,3,3203,8,NaN,NaN,NaN,2.00678109001819e-14,-7.49911506561554,NaN,NaN,0,0,NaN,0,0,
580.281012444469,phy_signal_start,5,4,5,3204,8,-109.883905530753,NaN,-2.90890553075294,NaN,NaN,NaN,NaN,NaN,NaN,NaN,0,0,
580.323111086064,phy_interval,5,1,3,3203,8,NaN,NaN,NaN,2.00678109001819e-14,-2.00796035959661,NaN,NaN,0,0,NaN,1,0,
580.323111086064,phy_interval,5,4,5,3204,8,NaN,NaN,NaN,2.00678109001819e-14,-2.00796035959661,NaN,NaN,0,0,NaN,1,0,
580.323111086064,phy_signal_end,5,1,3,3203,8,-107.875945171156,140.875945171156,-0.900945171156323,2.00678109001819e-14,-2.00796035959661,0,0,0,0,0,1,1,accepted
580.323123527005,phy_interval,4,1,3,3203,8,NaN,NaN,NaN,2.00678109001819e-14,-11.0636105635893,NaN,NaN,0,13,NaN,0,0,
580.323123527005,phy_signal_end,4,1,3,3203,8,-120.947516094342,153.947516094342,-13.9725160943423,2.00678109001819e-14,-11.0636105635893,0.0151165618870165,0.0151165618870165,0,13,13,0,0,half_duplex
580.411011086064,phy_interval,5,4,5,3204,8,NaN,NaN,NaN,2.00678109001819e-14,-2.00796035959661,NaN,NaN,0,0,NaN,1,0,
580.411011086064,phy_signal_start,5,1,3,3205,8,-107.875945171156,NaN,-0.900945171156323,NaN,NaN,NaN,NaN,NaN,NaN,NaN,0,0,
580.411023527005,phy_signal_start,4,1,3,3205,8,-120.947516094342,NaN,-13.9725160943423,NaN,NaN,NaN,NaN,NaN,NaN,NaN,0,0,
580.417641086064,phy_interval,5,4,5,3204,8,NaN,NaN,NaN,2.00678109001819e-14,-2.00796035959661,NaN,NaN,0,0,NaN,2,0,
580.417641086064,phy_interval,5,1,3,3205,8,NaN,NaN,NaN,2.00678109001819e-14,-2.00796035959661,NaN,NaN,0,0,NaN,1,0,
580.417641086064,phy_track,5,1,3,3205,8,NaN,NaN,NaN,NaN,-2.00796035959661,NaN,NaN,NaN,NaN,NaN,0,0,
580.518111086064,phy_interval,5,4,5,3204,8,NaN,NaN,NaN,2.00678109001819e-14,-2.00796035959661,NaN,NaN,0,0,NaN,2,0,
580.518111086064,phy_interval,5,1,3,3205,8,NaN,NaN,NaN,2.00678109001819e-14,-2.00796035959661,NaN,NaN,0,0,NaN,1,0,
580.518111086064,phy_signal_end,5,1,3,3205,8,-107.875945171156,140.875945171156,-0.900945171156323,2.00678109001819e-14,-2.00796035959661,0,0,0,0,0,1,1,accepted
580.518123527005,phy_interval,4,1,3,3205,8,NaN,NaN,NaN,2.00678109001819e-14,-11.0636105635893,NaN,NaN,0,6,NaN,0,0,
580.518123527005,phy_signal_end,4,1,3,3205,8,-120.947516094342,153.947516094342,-13.9725160943423,2.00678109001819e-14,-11.0636105635893,0.0151165618870165,0.0151165618870165,0,6,6,0,0,half_duplex
580.525812444469,phy_interval,5,4,5,3204,8,NaN,NaN,NaN,2.00678109001819e-14,-2.00796035959661,NaN,NaN,0,0,NaN,2,0,
580.525812444469,phy_signal_end,5,4,5,3204,8,-109.883905530753,142.883905530753,-2.90890553075294,2.00678109001819e-14,-2.00796035959661,0,0,0,0,0,2,0,not_acquired
580.528012444469,phy_signal_start,4,5,4,3206,8,-109.883905530753,NaN,-2.90890553075294,NaN,NaN,NaN,NaN,NaN,NaN,NaN,0,0,
580.534642444469,phy_interval,4,5,4,3206,8,NaN,NaN,NaN,2.00678109001819e-14,-11.0636105635893,NaN,NaN,0,0,NaN,0,0,
580.534642444469,phy_track,4,5,4,3206,8,NaN,NaN,NaN,NaN,-11.0636105635893,NaN,NaN,NaN,NaN,NaN,0,0,
580.593013632365,phy_interval,4,5,4,3206,8,NaN,NaN,NaN,2.00678109001819e-14,-11.0636105635893,NaN,NaN,0,0,NaN,0,0,
580.593013632365,phy_signal_start,4,2,4,3207,8,-111.467698021168,NaN,-4.49269802116773,NaN,NaN,NaN,NaN,NaN,NaN,NaN,0,0,
580.593292444469,phy_interval,4,5,4,3206,8,NaN,NaN,NaN,2.00678109001819e-14,-1.58379249041479,NaN,NaN,0,0,NaN,1,0,
580.593292444469,phy_interval,4,2,4,3207,8,NaN,NaN,NaN,2.00678109001819e-14,-1.58379249041479,NaN,NaN,0,0,NaN,1,0,
580.593292444469,phy_signal_end,4,5,4,3206,8,-109.883905530753,142.883905530753,-2.90890553075294,2.00678109001819e-14,-1.58379249041479,0,0,0,0,0,1,1,accepted
580.599922444469,phy_interval,4,2,4,3207,8,NaN,NaN,NaN,2.00678109001819e-14,-1.58379249041479,NaN,NaN,0,0,NaN,1,0,
580.599922444469,phy_track,4,2,4,3207,8,NaN,NaN,NaN,NaN,-1.58379249041479,NaN,NaN,NaN,NaN,NaN,0,0,
580.658019162592,phy_signal_start,5,3,1,3208,8,-117.383020596368,NaN,-10.4080205963685,NaN,NaN,NaN,NaN,NaN,NaN,NaN,0,0,
580.664649162592,phy_interval,5,3,1,3208,8,NaN,NaN,NaN,2.00678109001819e-14,-2.00796035959661,NaN,NaN,0,0,NaN,0,0,
580.664649162592,phy_track,5,3,1,3208,8,NaN,NaN,NaN,NaN,-2.00796035959661,NaN,NaN,NaN,NaN,NaN,0,0,
580.837813632365,phy_interval,4,2,4,3207,8,NaN,NaN,NaN,2.00678109001819e-14,-1.58379249041479,NaN,NaN,0,0,NaN,1,0,
580.837813632365,phy_signal_end,4,2,4,3207,8,-111.467698021168,144.467698021168,-4.49269802116773,2.00678109001819e-14,-1.58379249041479,0,0,0,0,0,1,1,accepted
580.837826076559,phy_signal_end,5,2,4,3207,8,-122.734861677906,155.734861677906,Inf,0,-Inf,0,0,0,0,0,0,0,closure
580.902819162592,phy_interval,5,3,1,3208,8,NaN,NaN,NaN,2.00678109001819e-14,-2.00796035959661,NaN,NaN,0,0,NaN,0,0,
580.902819162592,phy_signal_end,5,3,1,3208,8,-117.383020596368,150.383020596368,-10.4080205963685,2.00678109001819e-14,-2.00796035959661,3.40962752323828e-05,3.40962752323828e-05,0,0,0,0,1,accepted
580.902831604377,phy_signal_end,4,3,1,3208,8,-126.074739474425,159.074739474425,Inf,0,-Inf,0,0,0,0,0,0,0,closure
580.931012444469,phy_signal_start,4,5,4,3209,8,-109.883905530753,NaN,-2.90890553075294,NaN,NaN,NaN,NaN,NaN,NaN,NaN,0,0,
580.937642444469,phy_interval,4,5,4,3209,8,NaN,NaN,NaN,2.00678109001819e-14,-1.58379249041479,NaN,NaN,0,0,NaN,0,0,
580.937642444469,phy_track,4,5,4,3209,8,NaN,NaN,NaN,NaN,-1.58379249041479,NaN,NaN,NaN,NaN,NaN,0,0,
580.996292444469,phy_interval,4,5,4,3209,8,NaN,NaN,NaN,2.00678109001819e-14,-1.58379249041479,NaN,NaN,0,0,NaN,0,0,
580.996292444469,phy_signal_end,4,5,4,3209,8,-109.883905530753,142.883905530753,-2.90890553075294,2.00678109001819e-14,-1.58379249041479,0,0,0,0,0,0,1,accepted
581.074011086064,phy_signal_start,5,1,3,3210,8,-107.875945171156,NaN,-0.900945171156323,NaN,NaN,NaN,NaN,NaN,NaN,NaN,0,0,
581.074023527005,phy_signal_start,4,1,3,3210,8,-120.947516094342,NaN,-13.9725160943423,NaN,NaN,NaN,NaN,NaN,NaN,NaN,0,0,
581.080641086064,phy_interval,5,1,3,3210,8,NaN,NaN,NaN,2.00678109001819e-14,-2.00796035959661,NaN,NaN,0,0,NaN,0,0,
581.080641086064,phy_track,5,1,3,3210,8,NaN,NaN,NaN,NaN,-2.00796035959661,NaN,NaN,NaN,NaN,NaN,0,0,
581.126013632365,phy_interval,4,1,3,3210,8,NaN,NaN,NaN,2.00678109001819e-14,-1.58379249041479,NaN,NaN,1,4,NaN,0,0,
581.126013632365,phy_signal_start,4,2,4,3211,8,-111.467698021168,NaN,-4.49269802116773,NaN,NaN,NaN,NaN,NaN,NaN,NaN,0,0,
581.132643632365,phy_interval,4,1,3,3210,8,NaN,NaN,NaN,2.00678109001819e-14,-9.4798180731745,NaN,NaN,0,0,NaN,1,0,
581.132643632365,phy_interval,4,2,4,3211,8,NaN,NaN,NaN,2.00678109001819e-14,-9.4798180731745,NaN,NaN,0,0,NaN,1,0,
581.132643632365,phy_track,4,2,4,3211,8,NaN,NaN,NaN,NaN,-9.4798180731745,NaN,NaN,NaN,NaN,NaN,0,0,
581.181111086064,phy_interval,5,1,3,3210,8,NaN,NaN,NaN,2.00678109001819e-14,-2.00796035959661,NaN,NaN,0,0,NaN,0,0,
581.181111086064,phy_signal_end,5,1,3,3210,8,-107.875945171156,140.875945171156,-0.900945171156323,2.00678109001819e-14,-2.00796035959661,0,0,0,0,0,0,1,accepted
581.181123527005,phy_interval,4,1,3,3210,8,NaN,NaN,NaN,2.00678109001819e-14,-9.4798180731745,NaN,NaN,0,5,NaN,1,0,
581.181123527005,phy_interval,4,2,4,3211,8,NaN,NaN,NaN,2.00678109001819e-14,-9.4798180731745,NaN,NaN,0,0,NaN,1,0,
581.181123527005,phy_signal_end,4,1,3,3210,8,-120.947516094342,153.947516094342,-13.9725160943423,2.00678109001819e-14,-9.4798180731745,0.0164826364919609,0.0164826364919609,1,9,10,1,0,sync_threshold
581.334012444469,phy_interval,4,2,4,3211,8,NaN,NaN,NaN,2.00678109001819e-14,-9.4798180731745,NaN,NaN,0,0,NaN,1,0,
581.334012444469,phy_signal_start,4,5,4,3212,8,-109.883905530753,NaN,-2.90890553075294,NaN,NaN,NaN,NaN,NaN,NaN,NaN,0,0,
581.370813632365,phy_interval,4,2,4,3211,8,NaN,NaN,NaN,2.00678109001819e-14,-1.58379249041479,NaN,NaN,0,0,NaN,2,0,
581.370813632365,phy_interval,4,5,4,3212,8,NaN,NaN,NaN,2.00678109001819e-14,-1.58379249041479,NaN,NaN,0,0,NaN,1,0,
581.370813632365,phy_signal_end,4,2,4,3211,8,-111.467698021168,144.467698021168,-4.49269802116773,2.00678109001819e-14,-1.58379249041479,0,0,0,0,0,2,1,accepted
581.370826076559,phy_signal_end,5,2,4,3211,8,-122.734861677906,155.734861677906,Inf,0,-Inf,0,0,0,0,0,0,0,closure
581.399292444469,phy_interval,4,5,4,3212,8,NaN,NaN,NaN,2.00678109001819e-14,-1.58379249041479,NaN,NaN,0,0,NaN,1,0,
581.399292444469,phy_signal_end,4,5,4,3212,8,-109.883905530753,142.883905530753,-2.90890553075294,2.00678109001819e-14,-1.58379249041479,0,0,0,0,0,1,0,not_acquired
581.425012444469,phy_signal_start,4,5,4,3213,8,-109.883905530753,NaN,-2.90890553075294,NaN,NaN,NaN,NaN,NaN,NaN,NaN,0,0,
581.431642444469,phy_interval,4,5,4,3213,8,NaN,NaN,NaN,2.00678109001819e-14,-1.58379249041479,NaN,NaN,0,0,NaN,0,0,
581.431642444469,phy_track,4,5,4,3213,8,NaN,NaN,NaN,NaN,-1.58379249041479,NaN,NaN,NaN,NaN,NaN,0,0,
581.490292444469,phy_interval,4,5,4,3213,8,NaN,NaN,NaN,2.00678109001819e-14,-1.58379249041479,NaN,NaN,0,0,NaN,0,0,
581.490292444469,phy_signal_end,4,5,4,3213,8,-109.883905530753,142.883905530753,-2.90890553075294,2.00678109001819e-14,-1.58379249041479,0,0,0,0,0,0,1,accepted
581.581012444469,phy_signal_start,5,4,2,3215,8,-109.883905530753,NaN,-2.90890553075294,NaN,NaN,NaN,NaN,NaN,NaN,NaN,0,0,
581.581019162592,phy_interval,5,4,2,3215,8,NaN,NaN,NaN,2.00678109001819e-14,-2.00796035959661,NaN,NaN,0,0,NaN,0,0,
581.581019162592,phy_signal_start,5,3,1,3214,8,-117.383020596368,NaN,-10.4080205963685,NaN,NaN,NaN,NaN,NaN,NaN,NaN,0,0,
581.587642444469,phy_interval,5,4,2,3215,8,NaN,NaN,NaN,2.00678109001819e-14,-7.49911506561554,NaN,NaN,0,0,NaN,1,0,
581.587642444469,phy_interval,5,3,1,3214,8,NaN,NaN,NaN,2.00678109001819e-14,-7.49911506561554,NaN,NaN,0,0,NaN,1,0,
581.587642444469,phy_track,5,4,2,3215,8,NaN,NaN,NaN,NaN,-7.49911506561554,NaN,NaN,NaN,NaN,NaN,0,0,
581.646292444469,phy_interval,5,4,2,3215,8,NaN,NaN,NaN,2.00678109001819e-14,-7.49911506561554,NaN,NaN,0,0,NaN,1,0,
581.646292444469,phy_interval,5,3,1,3214,8,NaN,NaN,NaN,2.00678109001819e-14,-7.49911506561554,NaN,NaN,0,0,NaN,1,0,
581.646292444469,phy_signal_end,5,4,2,3215,8,-109.883905530753,142.883905530753,-2.90890553075294,2.00678109001819e-14,-7.49911506561554,0,0,0,0,0,1,1,accepted
581.724013632365,phy_signal_start,4,2,4,3216,8,-111.467698021168,NaN,-4.49269802116773,NaN,NaN,NaN,NaN,NaN,NaN,NaN,0,0,
581.730643632365,phy_interval,4,2,4,3216,8,NaN,NaN,NaN,2.00678109001819e-14,-1.58379249041479,NaN,NaN,0,0,NaN,0,0,
581.730643632365,phy_track,4,2,4,3216,8,NaN,NaN,NaN,NaN,-1.58379249041479,NaN,NaN,NaN,NaN,NaN,0,0,
581.789012444469,phy_interval,4,2,4,3216,8,NaN,NaN,NaN,2.00678109001819e-14,-1.58379249041479,NaN,NaN,0,0,NaN,0,0,
581.789012444469,phy_signal_start,4,5,1,3218,8,-109.883905530753,NaN,-2.90890553075294,NaN,NaN,NaN,NaN,NaN,NaN,NaN,0,0,
581.825819162592,phy_interval,5,3,1,3214,8,NaN,NaN,NaN,2.00678109001819e-14,-7.49911506561554,NaN,NaN,0,0,NaN,1,0,
581.825819162592,phy_signal_end,5,3,1,3214,8,-117.383020596368,150.383020596368,-10.4080205963685,2.00678109001819e-14,-7.49911506561554,8.31401925095986e-05,8.31401925095986e-05,0,0,0,1,0,half_duplex
581.825831604377,phy_signal_end,4,3,1,3214,8,-126.074739474425,159.074739474425,Inf,0,-Inf,0,0,0,0,0,0,0,closure
581.919011086064,phy_signal_start,5,1,3,3219,8,-107.875945171156,NaN,-0.900945171156323,NaN,NaN,NaN,NaN,NaN,NaN,NaN,0,0,
581.919023527005,phy_interval,4,2,4,3216,8,NaN,NaN,NaN,2.00678109001819e-14,-1.58379249041479,NaN,NaN,0,0,NaN,1,0,
581.919023527005,phy_interval,4,5,1,3218,8,NaN,NaN,NaN,2.00678109001819e-14,-1.58379249041479,NaN,NaN,0,0,NaN,1,0,
581.919023527005,phy_signal_start,4,1,3,3219,8,-120.947516094342,NaN,-13.9725160943423,NaN,NaN,NaN,NaN,NaN,NaN,NaN,0,0,
581.968813632365,phy_interval,4,2,4,3216,8,NaN,NaN,NaN,2.00678109001819e-14,11.0636105635893,NaN,NaN,0,0,NaN,2,0,
581.968813632365,phy_interval,4,5,1,3218,8,NaN,NaN,NaN,2.00678109001819e-14,11.0636105635893,NaN,NaN,0,0,NaN,2,0,
581.968813632365,phy_interval,4,1,3,3219,8,NaN,NaN,NaN,2.00678109001819e-14,11.0636105635893,NaN,NaN,2,6,NaN,2,0,
581.968813632365,phy_signal_end,4,2,4,3216,8,-111.467698021168,144.467698021168,-4.49269802116773,2.00678109001819e-14,11.0636105635893,0,0,0,0,0,2,1,accepted
581.968826076559,phy_signal_end,5,2,4,3216,8,-122.734861677906,155.734861677906,Inf,0,-Inf,0,0,0,0,0,0,0,closure
581.968841417929,phy_signal_end,4,7,8,3217,8,-130.772385180464,163.772385180464,Inf,0,-Inf,0,0,0,0,0,0,0,closure
581.968853861667,phy_signal_end,5,7,8,3217,8,-135.336041661606,168.336041661606,Inf,0,-Inf,0,0,0,0,0,0,0,closure
581.984291086064,phy_interval,5,1,3,3219,8,NaN,NaN,NaN,2.00678109001819e-14,-7.49911506561554,NaN,NaN,0,0,NaN,0,0,
581.984291086064,phy_signal_end,5,1,3,3219,8,-107.875945171156,140.875945171156,-0.900945171156323,2.00678109001819e-14,-7.49911506561554,0,0,0,0,0,0,0,half_duplex
581.984303527005,phy_interval,4,5,1,3218,8,NaN,NaN,NaN,2.00678109001819e-14,11.0636105635893,NaN,NaN,0,0,NaN,2,0,
581.984303527005,phy_interval,4,1,3,3219,8,NaN,NaN,NaN,2.00678109001819e-14,11.0636105635893,NaN,NaN,0,1,NaN,2,0,
581.984303527005,phy_signal_end,4,1,3,3219,8,-120.947516094342,153.947516094342,-13.9725160943423,2.00678109001819e-14,11.0636105635893,0.0181567232838577,0.0181567232838577,2,7,9,2,0,sync_threshold
582.033812444469,phy_interval,4,5,1,3218,8,NaN,NaN,NaN,2.00678109001819e-14,11.0636105635893,NaN,NaN,0,0,NaN,2,0,
582.033812444469,phy_signal_end,4,5,1,3218,8,-109.883905530753,142.883905530753,-2.90890553075294,2.00678109001819e-14,11.0636105635893,0,0,0,0,0,2,0,not_acquired
582.036308977105,phy_signal_end,4,8,7,3220,8,-124.567050032692,157.567050032692,Inf,0,-Inf,0,0,0,0,0,0,0,closure
582.036321420289,phy_signal_end,5,8,7,3220,8,-130.773375084599,163.773375084599,Inf,0,-Inf,0,0,0,0,0,0,0,closure
582.049011086064,phy_signal_start,5,1,3,3221,8,-107.875945171156,NaN,-0.900945171156323,NaN,NaN,NaN,NaN,NaN,NaN,NaN,0,0,
582.049023527005,phy_signal_start,4,1,3,3221,8,-120.947516094342,NaN,-13.9725160943423,NaN,NaN,NaN,NaN,NaN,NaN,NaN,0,0,
582.055641086064,phy_interval,5,1,3,3221,8,NaN,NaN,NaN,2.00678109001819e-14,-7.49911506561554,NaN,NaN,0,0,NaN,0,0,
582.055641086064,phy_track,5,1,3,3221,8,NaN,NaN,NaN,NaN,-7.49911506561554,NaN,NaN,NaN,NaN,NaN,0,0,
582.114291086064,phy_interval,5,1,3,3221,8,NaN,NaN,NaN,2.00678109001819e-14,-7.49911506561554,NaN,NaN,0,0,NaN,0,0,
582.114291086064,phy_signal_end,5,1,3,3221,8,-107.875945171156,140.875945171156,-0.900945171156323,2.00678109001819e-14,-7.49911506561554,0,0,0,0,0,0,1,accepted
582.114303527005,phy_interval,4,1,3,3221,8,NaN,NaN,NaN,2.00678109001819e-14,11.0636105635893,NaN,NaN,2,6,NaN,0,0,
582.114303527005,phy_signal_end,4,1,3,3221,8,-120.947516094342,153.947516094342,-13.9725160943423,2.00678109001819e-14,11.0636105635893,0.0151165618870165,0.0151165618870165,2,6,8,0,0,sync_threshold
582.140012444469,phy_signal_start,5,4,2,3222,8,-109.883905530753,NaN,-2.90890553075294,NaN,NaN,NaN,NaN,NaN,NaN,NaN,0,0,
582.146642444469,phy_interval,5,4,2,3222,8,NaN,NaN,NaN,2.00678109001819e-14,-7.49911506561554,NaN,NaN,0,0,NaN,0,0,
582.146642444469,phy_track,5,4,2,3222,8,NaN,NaN,NaN,NaN,-7.49911506561554,NaN,NaN,NaN,NaN,NaN,0,0,
582.205292444469,phy_interval,5,4,2,3222,8,NaN,NaN,NaN,2.00678109001819e-14,-7.49911506561554,NaN,NaN,0,0,NaN,0,0,
582.205292444469,phy_signal_end,5,4,2,3222,8,-109.883905530753,142.883905530753,-2.90890553075294,2.00678109001819e-14,-7.49911506561554,0,0,0,0,0,0,1,accepted
582.309308977105,phy_signal_end,4,8,7,3223,8,-124.567050032692,157.567050032692,Inf,0,-Inf,0,0,0,0,0,0,0,closure
582.309321420289,phy_signal_end,5,8,7,3223,8,-130.773375084599,163.773375084599,Inf,0,-Inf,0,0,0,0,0,0,0,closure
582.335012444469,phy_signal_start,4,5,1,3224,8,-109.883905530753,NaN,-2.90890553075294,NaN,NaN,NaN,NaN,NaN,NaN,NaN,0,0,
582.341642444469,phy_interval,4,5,1,3224,8,NaN,NaN,NaN,2.00678109001819e-14,11.0636105635893,NaN,NaN,0,0,NaN,0,0,
582.341642444469,phy_track,4,5,1,3224,8,NaN,NaN,NaN,NaN,11.0636105635893,NaN,NaN,NaN,NaN,NaN,0,0,
582.478013632365,phy_interval,4,5,1,3224,8,NaN,NaN,NaN,2.00678109001819e-14,11.0636105635893,NaN,NaN,0,0,NaN,0,0,
582.478013632365,phy_signal_start,4,2,4,3226,8,-111.467698021168,NaN,-4.49269802116773,NaN,NaN,NaN,NaN,NaN,NaN,NaN,0,0,
582.579812444469,phy_interval,4,5,1,3224,8,NaN,NaN,NaN,2.00678109001819e-14,-1.58379249041479,NaN,NaN,0,0,NaN,1,0,
582.579812444469,phy_interval,4,2,4,3226,8,NaN,NaN,NaN,2.00678109001819e-14,-1.58379249041479,NaN,NaN,0,0,NaN,1,0,
582.579812444469,phy_signal_end,4,5,1,3224,8,-109.883905530753,142.883905530753,-2.90890553075294,2.00678109001819e-14,-1.58379249041479,0,0,0,0,0,1,1,accepted
582.582019162592,phy_signal_start,5,3,1,3227,8,-117.383020596368,NaN,-10.4080205963685,NaN,NaN,NaN,NaN,NaN,NaN,NaN,0,0,
582.588649162592,phy_interval,5,3,1,3227,8,NaN,NaN,NaN,2.00678109001819e-14,-7.49911506561554,NaN,NaN,0,0,NaN,0,0,
582.588649162592,phy_track,5,3,1,3227,8,NaN,NaN,NaN,NaN,-7.49911506561554,NaN,NaN,NaN,NaN,NaN,0,0,
582.605841417929,phy_signal_end,4,7,8,3225,8,-130.772385180464,163.772385180464,Inf,0,-Inf,0,0,0,0,0,0,0,closure
582.605853861667,phy_signal_end,5,7,8,3225,8,-135.336041661606,168.336041661606,Inf,0,-Inf,0,0,0,0,0,0,0,closure
582.722813632365,phy_interval,4,2,4,3226,8,NaN,NaN,NaN,2.00678109001819e-14,-1.58379249041479,NaN,NaN,0,0,NaN,1,0,
582.722813632365,phy_signal_end,4,2,4,3226,8,-111.467698021168,144.467698021168,-4.49269802116773,2.00678109001819e-14,-1.58379249041479,0,0,0,0,0,1,0,not_acquired
582.722826076559,phy_signal_end,5,2,4,3226,8,-122.734861677906,155.734861677906,Inf,0,-Inf,0,0,0,0,0,0,0,closure
582.751013632365,phy_signal_start,4,2,4,3229,8,-111.467698021168,NaN,-4.49269802116773,NaN,NaN,NaN,NaN,NaN,NaN,NaN,0,0,
582.757643632365,phy_interval,4,2,4,3229,8,NaN,NaN,NaN,2.00678109001819e-14,-1.58379249041479,NaN,NaN,0,0,NaN,0,0,
582.757643632365,phy_track,4,2,4,3229,8,NaN,NaN,NaN,NaN,-1.58379249041479,NaN,NaN,NaN,NaN,NaN,0,0,
582.826819162592,phy_interval,5,3,1,3227,8,NaN,NaN,NaN,2.00678109001819e-14,-7.49911506561554,NaN,NaN,0,0,NaN,0,0,
582.826819162592,phy_signal_end,5,3,1,3227,8,-117.383020596368,150.383020596368,-10.4080205963685,2.00678109001819e-14,-7.49911506561554,3.40962752323828e-05,3.40962752323828e-05,0,0,0,0,1,accepted
582.826831604377,phy_signal_end,4,3,1,3227,8,-126.074739474425,159.074739474425,Inf,0,-Inf,0,0,0,0,0,0,0,closure
582.943841417929,phy_signal_end,4,7,8,3228,8,-130.772385180464,163.772385180464,Inf,0,-Inf,0,0,0,0,0,0,0,closure
582.943853861667,phy_signal_end,5,7,8,3228,8,-135.336041661606,168.336041661606,Inf,0,-Inf,0,0,0,0,0,0,0,closure
582.985011086064,phy_signal_start,5,1,3,3230,8,-107.875945171156,NaN,-0.900945171156323,NaN,NaN,NaN,NaN,NaN,NaN,NaN,0,0,
582.985023527005,phy_interval,4,2,4,3229,8,NaN,NaN,NaN,2.00678109001819e-14,-1.58379249041479,NaN,NaN,0,0,NaN,0,0,
582.985023527005,phy_signal_start,4,1,3,3230,8,-120.947516094342,NaN,-13.9725160943423,NaN,NaN,NaN,NaN,NaN,NaN,NaN,0,0,
582.991641086064,phy_interval,5,1,3,3230,8,NaN,NaN,NaN,2.00678109001819e-14,-7.49911506561554,NaN,NaN,0,0,NaN,0,0,
582.991641086064,phy_track,5,1,3,3230,8,NaN,NaN,NaN,NaN,-7.49911506561554,NaN,NaN,NaN,NaN,NaN,0,0,
582.995813632365,phy_interval,4,2,4,3229,8,NaN,NaN,NaN,2.00678109001819e-14,-9.4798180731745,NaN,NaN,0,0,NaN,1,0,
582.995813632365,phy_interval,4,1,3,3230,8,NaN,NaN,NaN,2.00678109001819e-14,-9.4798180731745,NaN,NaN,0,0,NaN,1,0,
582.995813632365,phy_signal_end,4,2,4,3229,8,-111.467698021168,144.467698021168,-4.49269802116773,2.00678109001819e-14,-9.4798180731745,0,0,0,0,0,1,1,accepted
582.995826076559,phy_signal_end,5,2,4,3229,8,-122.734861677906,155.734861677906,Inf,0,-Inf,0,0,0,0,0,0,0,closure
583.024012444469,phy_interval,5,1,3,3230,8,NaN,NaN,NaN,2.00678109001819e-14,-7.49911506561554,NaN,NaN,0,0,NaN,0,0,
583.024012444469,phy_signal_start,5,4,2,3231,8,-109.883905530753,NaN,-2.90890553075294,NaN,NaN,NaN,NaN,NaN,NaN,NaN,0,0,
583.089292444469,phy_interval,5,1,3,3230,8,NaN,NaN,NaN,2.00678109001819e-14,-2.00796035959661,NaN,NaN,0,0,NaN,1,0,
583.089292444469,phy_interval,5,4,2,3231,8,NaN,NaN,NaN,2.00678109001819e-14,-2.00796035959661,NaN,NaN,0,0,NaN,1,0,
583.089292444469,phy_signal_end,5,4,2,3231,8,-109.883905530753,142.883905530753,-2.90890553075294,2.00678109001819e-14,-2.00796035959661,0,0,0,0,0,1,0,not_acquired
583.092111086064,phy_interval,5,1,3,3230,8,NaN,NaN,NaN,2.00678109001819e-14,-2.00796035959661,NaN,NaN,0,0,NaN,1,0,
583.092111086064,phy_signal_end,5,1,3,3230,8,-107.875945171156,140.875945171156,-0.900945171156323,2.00678109001819e-14,-2.00796035959661,0,0,0,0,0,1,1,accepted
583.092123527005,phy_interval,4,1,3,3230,8,NaN,NaN,NaN,2.00678109001819e-14,-9.4798180731745,NaN,NaN,1,12,NaN,1,0,
583.092123527005,phy_signal_end,4,1,3,3230,8,-120.947516094342,153.947516094342,-13.9725160943423,2.00678109001819e-14,-9.4798180731745,0.0172950698195304,0.0172950698195304,1,12,13,1,0,half_duplex
583.141012444469,phy_signal_start,4,5,1,3232,8,-109.883905530753,NaN,-2.90890553075294,NaN,NaN,NaN,NaN,NaN,NaN,NaN,0,0,
583.147642444469,phy_interval,4,5,1,3232,8,NaN,NaN,NaN,2.00678109001819e-14,-9.4798180731745,NaN,NaN,0,0,NaN,0,0,
583.147642444469,phy_track,4,5,1,3232,8,NaN,NaN,NaN,NaN,-9.4798180731745,NaN,NaN,NaN,NaN,NaN,0,0,
583.232308977105,phy_signal_end,4,8,7,3233,8,-124.567050032692,157.567050032692,Inf,0,-Inf,0,0,0,0,0,0,0,closure
583.232321420289,phy_signal_end,5,8,7,3233,8,-130.773375084599,163.773375084599,Inf,0,-Inf,0,0,0,0,0,0,0,closure
583.375013632365,phy_interval,4,5,1,3232,8,NaN,NaN,NaN,2.00678109001819e-14,-9.4798180731745,NaN,NaN,0,0,NaN,0,0,
583.375013632365,phy_signal_start,4,2,4,3234,8,-111.467698021168,NaN,-4.49269802116773,NaN,NaN,NaN,NaN,NaN,NaN,NaN,0,0,
583.385812444469,phy_interval,4,5,1,3232,8,NaN,NaN,NaN,2.00678109001819e-14,-1.58379249041479,NaN,NaN,0,0,NaN,1,0,
583.385812444469,phy_interval,4,2,4,3234,8,NaN,NaN,NaN,2.00678109001819e-14,-1.58379249041479,NaN,NaN,0,0,NaN,1,0,
583.385812444469,phy_signal_end,4,5,1,3232,8,-109.883905530753,142.883905530753,-2.90890553075294,2.00678109001819e-14,-1.58379249041479,0,0,0,0,0,1,1,accepted
583.466019162592,phy_signal_start,5,3,1,3236,8,-117.383020596368,NaN,-10.4080205963685,NaN,NaN,NaN,NaN,NaN,NaN,NaN,0,0,
583.472649162592,phy_interval,5,3,1,3236,8,NaN,NaN,NaN,2.00678109001819e-14,-2.00796035959661,NaN,NaN,0,0,NaN,0,0,
583.472649162592,phy_track,5,3,1,3236,8,NaN,NaN,NaN,NaN,-2.00796035959661,NaN,NaN,NaN,NaN,NaN,0,0,
583.619813632365,phy_interval,4,2,4,3234,8,NaN,NaN,NaN,2.00678109001819e-14,-1.58379249041479,NaN,NaN,0,0,NaN,1,0,
583.619813632365,phy_signal_end,4,2,4,3234,8,-111.467698021168,144.467698021168,-4.49269802116773,2.00678109001819e-14,-1.58379249041479,0,0,0,0,0,1,0,not_acquired
583.619826076559,phy_signal_end,5,2,4,3234,8,-122.734861677906,155.734861677906,Inf,0,-Inf,0,0,0,0,0,0,0,closure
583.635012444469,phy_interval,5,3,1,3236,8,NaN,NaN,NaN,2.00678109001819e-14,-2.00796035959661,NaN,NaN,0,0,NaN,0,0,
583.635012444469,phy_signal_start,5,4,2,3237,8,-109.883905530753,NaN,-2.90890553075294,NaN,NaN,NaN,NaN,NaN,NaN,NaN,0,0,
583.658841417929,phy_signal_end,4,7,8,3235,8,-130.772385180464,163.772385180464,Inf,0,-Inf,0,0,0,0,0,0,0,closure
583.658853861667,phy_signal_end,5,7,8,3235,8,-135.336041661606,168.336041661606,Inf,0,-Inf,0,0,0,0,0,0,0,closure
583.700292444469,phy_interval,5,3,1,3236,8,NaN,NaN,NaN,2.00678109001819e-14,-7.49911506561554,NaN,NaN,0,0,NaN,1,0,
583.700292444469,phy_interval,5,4,2,3237,8,NaN,NaN,NaN,2.00678109001819e-14,-7.49911506561554,NaN,NaN,0,0,NaN,1,0,
583.700292444469,phy_signal_end,5,4,2,3237,8,-109.883905530753,142.883905530753,-2.90890553075294,2.00678109001819e-14,-7.49911506561554,0,0,0,0,0,1,0,not_acquired
583.710819162592,phy_interval,5,3,1,3236,8,NaN,NaN,NaN,2.00678109001819e-14,-7.49911506561554,NaN,NaN,0,0,NaN,1,0,
583.710819162592,phy_signal_end,5,3,1,3236,8,-117.383020596368,150.383020596368,-10.4080205963685,2.00678109001819e-14,-7.49911506561554,8.46733978805771e-05,8.46733978805771e-05,0,0,0,1,1,accepted
583.710831604377,phy_signal_end,4,3,1,3236,8,-126.074739474425,159.074739474425,Inf,0,-Inf,0,0,0,0,0,0,0,closure
583.726308977105,phy_signal_end,4,8,7,3238,8,-124.567050032692,157.567050032692,Inf,0,-Inf,0,0,0,0,0,0,0,closure
583.726321420289,phy_signal_end,5,8,7,3238,8,-130.773375084599,163.773375084599,Inf,0,-Inf,0,0,0,0,0,0,0,closure
583.739013632365,phy_signal_start,4,2,4,3239,8,-111.467698021168,NaN,-4.49269802116773,NaN,NaN,NaN,NaN,NaN,NaN,NaN,0,0,
583.745643632365,phy_interval,4,2,4,3239,8,NaN,NaN,NaN,2.00678109001819e-14,-1.58379249041479,NaN,NaN,0,0,NaN,0,0,
583.745643632365,phy_track,4,2,4,3239,8,NaN,NaN,NaN,NaN,-1.58379249041479,NaN,NaN,NaN,NaN,NaN,0,0,
583.908019162592,phy_signal_start,5,3,1,3241,8,-117.383020596368,NaN,-10.4080205963685,NaN,NaN,NaN,NaN,NaN,NaN,NaN,0,0,
583.914649162592,phy_interval,5,3,1,3241,8,NaN,NaN,NaN,2.00678109001819e-14,-7.49911506561554,NaN,NaN,0,0,NaN,0,0,
583.914649162592,phy_track,5,3,1,3241,8,NaN,NaN,NaN,NaN,-7.49911506561554,NaN,NaN,NaN,NaN,NaN,0,0,
583.983813632365,phy_interval,4,2,4,3239,8,NaN,NaN,NaN,2.00678109001819e-14,-1.58379249041479,NaN,NaN,0,0,NaN,0,0,
583.983813632365,phy_signal_end,4,2,4,3239,8,-111.467698021168,144.467698021168,-4.49269802116773,2.00678109001819e-14,-1.58379249041479,0,0,0,0,0,0,1,accepted
583.983826076559,phy_signal_end,5,2,4,3239,8,-122.734861677906,155.734861677906,Inf,0,-Inf,0,0,0,0,0,0,0,closure
583.983841417929,phy_signal_end,4,7,8,3240,8,-130.772385180464,163.772385180464,Inf,0,-Inf,0,0,0,0,0,0,0,closure
583.983853861667,phy_signal_end,5,7,8,3240,8,-135.336041661606,168.336041661606,Inf,0,-Inf,0,0,0,0,0,0,0,closure
584.152819162592,phy_interval,5,3,1,3241,8,NaN,NaN,NaN,2.00678109001819e-14,-7.49911506561554,NaN,NaN,0,0,NaN,0,0,
584.152819162592,phy_signal_end,5,3,1,3241,8,-117.383020596368,150.383020596368,-10.4080205963685,2.00678109001819e-14,-7.49911506561554,3.40962752323828e-05,3.40962752323828e-05,0,0,0,0,1,accepted
584.152831604377,phy_signal_end,4,3,1,3241,8,-126.074739474425,159.074739474425,Inf,0,-Inf,0,0,0,0,0,0,0,closure
584.155012444469,phy_signal_start,5,4,2,3243,8,-109.883905530753,NaN,-2.90890553075294,NaN,NaN,NaN,NaN,NaN,NaN,NaN,0,0,
584.161642444469,phy_interval,5,4,2,3243,8,NaN,NaN,NaN,2.00678109001819e-14,-7.49911506561554,NaN,NaN,0,0,NaN,0,0,
584.161642444469,phy_track,5,4,2,3243,8,NaN,NaN,NaN,NaN,-7.49911506561554,NaN,NaN,NaN,NaN,NaN,0,0,
584.181011086064,phy_interval,5,4,2,3243,8,NaN,NaN,NaN,2.00678109001819e-14,-7.49911506561554,NaN,NaN,0,0,NaN,0,0,
584.181011086064,phy_signal_start,5,1,3,3244,8,-107.875945171156,NaN,-0.900945171156323,NaN,NaN,NaN,NaN,NaN,NaN,NaN,0,0,
584.181023527005,phy_signal_start,4,1,3,3244,8,-120.947516094342,NaN,-13.9725160943423,NaN,NaN,NaN,NaN,NaN,NaN,NaN,0,0,
584.220292444469,phy_interval,5,4,2,3243,8,NaN,NaN,NaN,2.00678109001819e-14,-2.00796035959661,NaN,NaN,0,0,NaN,1,0,
584.220292444469,phy_interval,5,1,3,3244,8,NaN,NaN,NaN,2.00678109001819e-14,-2.00796035959661,NaN,NaN,0,0,NaN,1,0,
584.220292444469,phy_signal_end,5,4,2,3243,8,-109.883905530753,142.883905530753,-2.90890553075294,2.00678109001819e-14,-2.00796035959661,0,0,0,0,0,1,1,accepted
584.230841417929,phy_signal_end,4,7,8,3242,8,-130.772385180464,163.772385180464,Inf,0,-Inf,0,0,0,0,0,0,0,closure
584.230853861667,phy_signal_end,5,7,8,3242,8,-135.336041661606,168.336041661606,Inf,0,-Inf,0,0,0,0,0,0,0,closure
584.288111086064,phy_interval,5,1,3,3244,8,NaN,NaN,NaN,2.00678109001819e-14,-2.00796035959661,NaN,NaN,0,0,NaN,1,0,
584.288111086064,phy_signal_end,5,1,3,3244,8,-107.875945171156,140.875945171156,-0.900945171156323,2.00678109001819e-14,-2.00796035959661,0,0,0,0,0,1,0,not_acquired
584.288123527005,phy_interval,4,1,3,3244,8,NaN,NaN,NaN,2.00678109001819e-14,-1.58379249041479,NaN,NaN,0,13,NaN,0,0,
584.288123527005,phy_signal_end,4,1,3,3244,8,-120.947516094342,153.947516094342,-13.9725160943423,2.00678109001819e-14,-1.58379249041479,0.0151165618870165,0.0151165618870165,0,13,13,0,0,half_duplex
584.324012444469,phy_signal_start,4,5,1,3246,8,-109.883905530753,NaN,-2.90890553075294,NaN,NaN,NaN,NaN,NaN,NaN,NaN,0,0,
584.330642444469,phy_interval,4,5,1,3246,8,NaN,NaN,NaN,2.00678109001819e-14,-1.58379249041479,NaN,NaN,0,0,NaN,0,0,
584.330642444469,phy_track,4,5,1,3246,8,NaN,NaN,NaN,NaN,-1.58379249041479,NaN,NaN,NaN,NaN,NaN,0,0,
584.529841417929,phy_signal_end,4,7,8,3245,8,-130.772385180464,163.772385180464,Inf,0,-Inf,0,0,0,0,0,0,0,closure
584.529853861667,phy_signal_end,5,7,8,3245,8,-135.336041661606,168.336041661606,Inf,0,-Inf,0,0,0,0,0,0,0,closure
584.568812444469,phy_interval,4,5,1,3246,8,NaN,NaN,NaN,2.00678109001819e-14,-1.58379249041479,NaN,NaN,0,0,NaN,0,0,
584.568812444469,phy_signal_end,4,5,1,3246,8,-109.883905530753,142.883905530753,-2.90890553075294,2.00678109001819e-14,-1.58379249041479,0,0,0,0,0,0,1,accepted
584.597013632365,phy_signal_start,4,2,4,3247,8,-111.467698021168,NaN,-4.49269802116773,NaN,NaN,NaN,NaN,NaN,NaN,NaN,0,0,
584.603643632365,phy_interval,4,2,4,3247,8,NaN,NaN,NaN,2.00678109001819e-14,-1.58379249041479,NaN,NaN,0,0,NaN,0,0,
584.603643632365,phy_track,4,2,4,3247,8,NaN,NaN,NaN,NaN,-1.58379249041479,NaN,NaN,NaN,NaN,NaN,0,0,
584.636011086064,phy_signal_start,5,1,3,3248,8,-107.875945171156,NaN,-0.900945171156323,NaN,NaN,NaN,NaN,NaN,NaN,NaN,0,0,
584.636023527005,phy_interval,4,2,4,3247,8,NaN,NaN,NaN,2.00678109001819e-14,-1.58379249041479,NaN,NaN,0,0,NaN,0,0,
584.636023527005,phy_signal_start,4,1,3,3248,8,-120.947516094342,NaN,-13.9725160943423,NaN,NaN,NaN,NaN,NaN,NaN,NaN,0,0,
584.642641086064,phy_interval,5,1,3,3248,8,NaN,NaN,NaN,2.00678109001819e-14,-2.00796035959661,NaN,NaN,0,0,NaN,0,0,
584.642641086064,phy_track,5,1,3,3248,8,NaN,NaN,NaN,NaN,-2.00796035959661,NaN,NaN,NaN,NaN,NaN,0,0,
584.743111086064,phy_interval,5,1,3,3248,8,NaN,NaN,NaN,2.00678109001819e-14,-2.00796035959661,NaN,NaN,0,0,NaN,0,0,
584.743111086064,phy_signal_end,5,1,3,3248,8,-107.875945171156,140.875945171156,-0.900945171156323,2.00678109001819e-14,-2.00796035959661,0,0,0,0,0,0,1,accepted
584.743123527005,phy_interval,4,2,4,3247,8,NaN,NaN,NaN,2.00678109001819e-14,-9.4798180731745,NaN,NaN,0,0,NaN,1,0,
584.743123527005,phy_interval,4,1,3,3248,8,NaN,NaN,NaN,2.00678109001819e-14,-9.4798180731745,NaN,NaN,1,13,NaN,1,0,
584.743123527005,phy_signal_end,4,1,3,3248,8,-120.947516094342,153.947516094342,-13.9725160943423,2.00678109001819e-14,-9.4798180731745,0.0163414918796323,0.0163414918796323,1,13,14,1,0,sync_threshold
584.779019162592,phy_signal_start,5,3,1,3249,8,-117.383020596368,NaN,-10.4080205963685,NaN,NaN,NaN,NaN,NaN,NaN,NaN,0,0,
584.841813632365,phy_interval,4,2,4,3247,8,NaN,NaN,NaN,2.00678109001819e-14,-9.4798180731745,NaN,NaN,0,0,NaN,1,0,
584.841813632365,phy_signal_end,4,2,4,3247,8,-111.467698021168,144.467698021168,-4.49269802116773,2.00678109001819e-14,-9.4798180731745,0,0,0,0,0,1,1,accepted
584.841826076559,phy_signal_end,5,2,4,3247,8,-122.734861677906,155.734861677906,Inf,0,-Inf,0,0,0,0,0,0,0,closure
584.909012444469,phy_signal_start,4,5,1,3250,8,-109.883905530753,NaN,-2.90890553075294,NaN,NaN,NaN,NaN,NaN,NaN,NaN,0,0,
584.915642444469,phy_interval,4,5,1,3250,8,NaN,NaN,NaN,2.00678109001819e-14,-9.4798180731745,NaN,NaN,0,0,NaN,0,0,
584.915642444469,phy_track,4,5,1,3250,8,NaN,NaN,NaN,NaN,-9.4798180731745,NaN,NaN,NaN,NaN,NaN,0,0,
584.987308977105,phy_signal_end,4,8,7,3251,8,-124.567050032692,157.567050032692,Inf,0,-Inf,0,0,0,0,0,0,0,closure
584.987321420289,phy_signal_end,5,8,7,3251,8,-130.773375084599,163.773375084599,Inf,0,-Inf,0,0,0,0,0,0,0,closure
585.023819162592,phy_interval,5,3,1,3249,8,NaN,NaN,NaN,2.00678109001819e-14,-2.00796035959661,NaN,NaN,0,0,NaN,0,0,
585.023819162592,phy_signal_end,5,3,1,3249,8,-117.383020596368,150.383020596368,-10.4080205963685,2.00678109001819e-14,-2.00796035959661,3.40962752323828e-05,3.40962752323828e-05,0,0,0,0,0,half_duplex
585.023831604377,phy_signal_end,4,3,1,3249,8,-126.074739474425,159.074739474425,Inf,0,-Inf,0,0,0,0,0,0,0,closure
585.153812444469,phy_interval,4,5,1,3250,8,NaN,NaN,NaN,2.00678109001819e-14,-9.4798180731745,NaN,NaN,0,0,NaN,0,0,
585.153812444469,phy_signal_end,4,5,1,3250,8,-109.883905530753,142.883905530753,-2.90890553075294,2.00678109001819e-14,-9.4798180731745,0,0,0,0,0,0,1,accepted
585.273012444469,phy_signal_start,4,5,1,3253,8,-109.883905530753,NaN,-2.90890553075294,NaN,NaN,NaN,NaN,NaN,NaN,NaN,0,0,
585.279642444469,phy_interval,4,5,1,3253,8,NaN,NaN,NaN,2.00678109001819e-14,-9.4798180731745,NaN,NaN,0,0,NaN,0,0,
585.279642444469,phy_track,4,5,1,3253,8,NaN,NaN,NaN,NaN,-9.4798180731745,NaN,NaN,NaN,NaN,NaN,0,0,
585.309841417929,phy_signal_end,4,7,8,3252,8,-130.772385180464,163.772385180464,Inf,0,-Inf,0,0,0,0,0,0,0,closure
585.309853861667,phy_signal_end,5,7,8,3252,8,-135.336041661606,168.336041661606,Inf,0,-Inf,0,0,0,0,0,0,0,closure
585.429013632365,phy_interval,4,5,1,3253,8,NaN,NaN,NaN,2.00678109001819e-14,-9.4798180731745,NaN,NaN,0,0,NaN,0,0,
585.429013632365,phy_signal_start,4,2,4,3254,8,-111.467698021168,NaN,-4.49269802116773,NaN,NaN,NaN,NaN,NaN,NaN,NaN,0,0,
585.517812444469,phy_interval,4,5,1,3253,8,NaN,NaN,NaN,2.00678109001819e-14,-1.58379249041479,NaN,NaN,0,0,NaN,1,0,
585.517812444469,phy_interval,4,2,4,3254,8,NaN,NaN,NaN,2.00678109001819e-14,-1.58379249041479,NaN,NaN,0,0,NaN,1,0,
585.517812444469,phy_signal_end,4,5,1,3253,8,-109.883905530753,142.883905530753,-2.90890553075294,2.00678109001819e-14,-1.58379249041479,0,0,0,0,0,1,1,accepted
585.520019162592,phy_signal_start,5,3,1,3255,8,-117.383020596368,NaN,-10.4080205963685,NaN,NaN,NaN,NaN,NaN,NaN,NaN,0,0,
585.526649162592,phy_interval,5,3,1,3255,8,NaN,NaN,NaN,2.00678109001819e-14,-2.00796035959661,NaN,NaN,0,0,NaN,0,0,
585.526649162592,phy_track,5,3,1,3255,8,NaN,NaN,NaN,NaN,-2.00796035959661,NaN,NaN,NaN,NaN,NaN,0,0,
585.559012444469,phy_interval,5,3,1,3255,8,NaN,NaN,NaN,2.00678109001819e-14,-2.00796035959661,NaN,NaN,0,0,NaN,0,0,
585.559012444469,phy_signal_start,5,4,2,3256,8,-109.883905530753,NaN,-2.90890553075294,NaN,NaN,NaN,NaN,NaN,NaN,NaN,0,0,
585.624292444469,phy_interval,5,3,1,3255,8,NaN,NaN,NaN,2.00678109001819e-14,-7.49911506561554,NaN,NaN,0,0,NaN,1,0,
585.624292444469,phy_interval,5,4,2,3256,8,NaN,NaN,NaN,2.00678109001819e-14,-7.49911506561554,NaN,NaN,0,0,NaN,1,0,
585.624292444469,phy_signal_end,5,4,2,3256,8,-109.883905530753,142.883905530753,-2.90890553075294,2.00678109001819e-14,-7.49911506561554,0,0,0,0,0,1,0,not_acquired
585.673813632365,phy_interval,4,2,4,3254,8,NaN,NaN,NaN,2.00678109001819e-14,-1.58379249041479,NaN,NaN,0,0,NaN,1,0,
585.673813632365,phy_signal_end,4,2,4,3254,8,-111.467698021168,144.467698021168,-4.49269802116773,2.00678109001819e-14,-1.58379249041479,0,0,0,0,0,1,0,half_duplex
585.673826076559,phy_signal_end,5,2,4,3254,8,-122.734861677906,155.734861677906,Inf,0,-Inf,0,0,0,0,0,0,0,closure
585.741012444469,phy_interval,5,3,1,3255,8,NaN,NaN,NaN,2.00678109001819e-14,-7.49911506561554,NaN,NaN,0,0,NaN,1,0,
585.741012444469,phy_signal_start,5,4,2,3257,8,-109.883905530753,NaN,-2.90890553075294,NaN,NaN,NaN,NaN,NaN,NaN,NaN,0,0,
585.764819162592,phy_interval,5,3,1,3255,8,NaN,NaN,NaN,2.00678109001819e-14,-7.49911506561554,NaN,NaN,0,0,NaN,2,0,
585.764819162592,phy_interval,5,4,2,3257,8,NaN,NaN,NaN,2.00678109001819e-14,-7.49911506561554,NaN,NaN,0,0,NaN,1,0,
585.764819162592,phy_signal_end,5,3,1,3255,8,-117.383020596368,150.383020596368,-10.4080205963685,2.00678109001819e-14,-7.49911506561554,8.01231744728451e-05,8.01231744728451e-05,0,0,0,2,1,accepted
585.764831604377,phy_signal_end,4,3,1,3255,8,-126.074739474425,159.074739474425,Inf,0,-Inf,0,0,0,0,0,0,0,closure
585.806292444469,phy_interval,5,4,2,3257,8,NaN,NaN,NaN,2.00678109001819e-14,-7.49911506561554,NaN,NaN,0,0,NaN,1,0,
585.806292444469,phy_signal_end,5,4,2,3257,8,-109.883905530753,142.883905530753,-2.90890553075294,2.00678109001819e-14,-7.49911506561554,0,0,0,0,0,1,0,not_acquired
585.858011086064,phy_signal_start,5,1,3,3259,8,-107.875945171156,NaN,-0.900945171156323,NaN,NaN,NaN,NaN,NaN,NaN,NaN,0,0,
585.858023527005,phy_signal_start,4,1,3,3259,8,-120.947516094342,NaN,-13.9725160943423,NaN,NaN,NaN,NaN,NaN,NaN,NaN,0,0,
585.864641086064,phy_interval,5,1,3,3259,8,NaN,NaN,NaN,2.00678109001819e-14,-7.49911506561554,NaN,NaN,0,0,NaN,0,0,
585.864641086064,phy_track,5,1,3,3259,8,NaN,NaN,NaN,NaN,-7.49911506561554,NaN,NaN,NaN,NaN,NaN,0,0,
585.965111086064,phy_interval,5,1,3,3259,8,NaN,NaN,NaN,2.00678109001819e-14,-7.49911506561554,NaN,NaN,0,0,NaN,0,0,
585.965111086064,phy_signal_end,5,1,3,3259,8,-107.875945171156,140.875945171156,-0.900945171156323,2.00678109001819e-14,-7.49911506561554,0,0,0,0,0,0,1,accepted
585.965123527005,phy_interval,4,1,3,3259,8,NaN,NaN,NaN,2.00678109001819e-14,-1.58379249041479,NaN,NaN,2,14,NaN,0,0,
585.965123527005,phy_signal_end,4,1,3,3259,8,-120.947516094342,153.947516094342,-13.9725160943423,2.00678109001819e-14,-1.58379249041479,0.0151165618870165,0.0151165618870165,2,14,16,0,0,sync_threshold
585.975012444469,phy_signal_start,4,5,1,3260,8,-109.883905530753,NaN,-2.90890553075294,NaN,NaN,NaN,NaN,NaN,NaN,NaN,0,0,
585.981642444469,phy_interval,4,5,1,3260,8,NaN,NaN,NaN,2.00678109001819e-14,-1.58379249041479,NaN,NaN,0,0,NaN,0,0,
585.981642444469,phy_track,4,5,1,3260,8,NaN,NaN,NaN,NaN,-1.58379249041479,NaN,NaN,NaN,NaN,NaN,0,0,
586.076841417929,phy_signal_end,4,7,8,3258,8,-130.772385180464,163.772385180464,Inf,0,-Inf,0,0,0,0,0,0,0,closure
586.076853861667,phy_signal_end,5,7,8,3258,8,-135.336041661606,168.336041661606,Inf,0,-Inf,0,0,0,0,0,0,0,closure
586.170308977105,phy_signal_end,4,8,7,3261,8,-124.567050032692,157.567050032692,Inf,0,-Inf,0,0,0,0,0,0,0,closure
586.170321420289,phy_signal_end,5,8,7,3261,8,-130.773375084599,163.773375084599,Inf,0,-Inf,0,0,0,0,0,0,0,closure
586.219812444469,phy_interval,4,5,1,3260,8,NaN,NaN,NaN,2.00678109001819e-14,-1.58379249041479,NaN,NaN,0,0,NaN,0,0,
586.219812444469,phy_signal_end,4,5,1,3260,8,-109.883905530753,142.883905530753,-2.90890553075294,2.00678109001819e-14,-1.58379249041479,0,0,0,0,0,0,1,accepted
586.274012444469,phy_signal_start,5,4,2,3262,8,-109.883905530753,NaN,-2.90890553075294,NaN,NaN,NaN,NaN,NaN,NaN,NaN,0,0,
586.280642444469,phy_interval,5,4,2,3262,8,NaN,NaN,NaN,2.00678109001819e-14,-7.49911506561554,NaN,NaN,0,0,NaN,0,0,
586.280642444469,phy_track,5,4,2,3262,8,NaN,NaN,NaN,NaN,-7.49911506561554,NaN,NaN,NaN,NaN,NaN,0,0,
586.339292444469,phy_interval,5,4,2,3262,8,NaN,NaN,NaN,2.00678109001819e-14,-7.49911506561554,NaN,NaN,0,0,NaN,0,0,
586.339292444469,phy_signal_end,5,4,2,3262,8,-109.883905530753,142.883905530753,-2.90890553075294,2.00678109001819e-14,-7.49911506561554,0,0,0,0,0,0,1,accepted
586.495011086064,phy_signal_start,5,1,3,3263,8,-107.875945171156,NaN,-0.900945171156323,NaN,NaN,NaN,NaN,NaN,NaN,NaN,0,0,
586.495023527005,phy_signal_start,4,1,3,3263,8,-120.947516094342,NaN,-13.9725160943423,NaN,NaN,NaN,NaN,NaN,NaN,NaN,0,0,
586.501641086064,phy_interval,5,1,3,3263,8,NaN,NaN,NaN,2.00678109001819e-14,-7.49911506561554,NaN,NaN,0,0,NaN,0,0,
586.501641086064,phy_track,5,1,3,3263,8,NaN,NaN,NaN,NaN,-7.49911506561554,NaN,NaN,NaN,NaN,NaN,0,0,
586.560308977105,phy_signal_end,4,8,7,3264,8,-124.567050032692,157.567050032692,Inf,0,-Inf,0,0,0,0,0,0,0,closure
586.560321420289,phy_signal_end,5,8,7,3264,8,-130.773375084599,163.773375084599,Inf,0,-Inf,0,0,0,0,0,0,0,closure
586.599012444469,phy_interval,5,1,3,3263,8,NaN,NaN,NaN,2.00678109001819e-14,-7.49911506561554,NaN,NaN,0,0,NaN,0,0,
586.599012444469,phy_signal_start,5,4,2,3265,8,-109.883905530753,NaN,-2.90890553075294,NaN,NaN,NaN,NaN,NaN,NaN,NaN,0,0,
586.602111086064,phy_interval,5,1,3,3263,8,NaN,NaN,NaN,2.00678109001819e-14,-2.00796035959661,NaN,NaN,0,0,NaN,1,0,
586.602111086064,phy_interval,5,4,2,3265,8,NaN,NaN,NaN,2.00678109001819e-14,-2.00796035959661,NaN,NaN,0,0,NaN,1,0,
586.602111086064,phy_signal_end,5,1,3,3263,8,-107.875945171156,140.875945171156,-0.900945171156323,2.00678109001819e-14,-2.00796035959661,0,0,0,0,0,1,1,accepted
586.602123527005,phy_interval,4,1,3,3263,8,NaN,NaN,NaN,2.00678109001819e-14,-1.58379249041479,NaN,NaN,0,9,NaN,0,0,
586.602123527005,phy_signal_end,4,1,3,3263,8,-120.947516094342,153.947516094342,-13.9725160943423,2.00678109001819e-14,-1.58379249041479,0.0151165618870165,0.0151165618870165,0,9,9,0,0,half_duplex
586.608741086064,phy_interval,5,4,2,3265,8,NaN,NaN,NaN,2.00678109001819e-14,-2.00796035959661,NaN,NaN,0,0,NaN,1,0,
586.608741086064,phy_track,5,4,2,3265,8,NaN,NaN,NaN,NaN,-2.00796035959661,NaN,NaN,NaN,NaN,NaN,0,0,
586.612019162592,phy_interval,5,4,2,3265,8,NaN,NaN,NaN,2.00678109001819e-14,-2.00796035959661,NaN,NaN,0,0,NaN,1,0,
586.612019162592,phy_signal_start,5,3,1,3266,8,-117.383020596368,NaN,-10.4080205963685,NaN,NaN,NaN,NaN,NaN,NaN,NaN,0,0,
586.664292444469,phy_interval,5,4,2,3265,8,NaN,NaN,NaN,2.00678109001819e-14,-7.49911506561554,NaN,NaN,0,0,NaN,2,0,
586.664292444469,phy_interval,5,3,1,3266,8,NaN,NaN,NaN,2.00678109001819e-14,-7.49911506561554,NaN,NaN,0,0,NaN,1,0,
586.664292444469,phy_signal_end,5,4,2,3265,8,-109.883905530753,142.883905530753,-2.90890553075294,2.00678109001819e-14,-7.49911506561554,0,0,0,0,0,2,1,accepted
586.716012444469,phy_signal_start,4,5,1,3267,8,-109.883905530753,NaN,-2.90890553075294,NaN,NaN,NaN,NaN,NaN,NaN,NaN,0,0,
586.722642444469,phy_interval,4,5,1,3267,8,NaN,NaN,NaN,2.00678109001819e-14,-1.58379249041479,NaN,NaN,0,0,NaN,0,0,
586.722642444469,phy_track,4,5,1,3267,8,NaN,NaN,NaN,NaN,-1.58379249041479,NaN,NaN,NaN,NaN,NaN,0,0,
586.856819162592,phy_interval,5,3,1,3266,8,NaN,NaN,NaN,2.00678109001819e-14,-7.49911506561554,NaN,NaN,0,0,NaN,1,0,
586.856819162592,phy_signal_end,5,3,1,3266,8,-117.383020596368,150.383020596368,-10.4080205963685,2.00678109001819e-14,-7.49911506561554,8.04529100302659e-05,8.04529100302659e-05,0,0,0,1,0,half_duplex
586.856831604377,phy_signal_end,4,3,1,3266,8,-126.074739474425,159.074739474425,Inf,0,-Inf,0,0,0,0,0,0,0,closure
586.898308977105,phy_signal_end,4,8,7,3268,8,-124.567050032692,157.567050032692,Inf,0,-Inf,0,0,0,0,0,0,0,closure
586.898321420289,phy_signal_end,5,8,7,3268,8,-130.773375084599,163.773375084599,Inf,0,-Inf,0,0,0,0,0,0,0,closure
586.960812444469,phy_interval,4,5,1,3267,8,NaN,NaN,NaN,2.00678109001819e-14,-1.58379249041479,NaN,NaN,0,0,NaN,0,0,
586.960812444469,phy_signal_end,4,5,1,3267,8,-109.883905530753,142.883905530753,-2.90890553075294,2.00678109001819e-14,-1.58379249041479,0,0,0,0,0,0,1,accepted
587.028308977105,phy_signal_end,4,8,7,3269,8,-124.567050032692,157.567050032692,Inf,0,-Inf,0,0,0,0,0,0,0,closure
587.028321420289,phy_signal_end,5,8,7,3269,8,-130.773375084599,163.773375084599,Inf,0,-Inf,0,0,0,0,0,0,0,closure
587.054011086064,phy_signal_start,5,1,3,3270,8,-107.875945171156,NaN,-0.900945171156323,NaN,NaN,NaN,NaN,NaN,NaN,NaN,0,0,
587.054012444469,phy_interval,5,1,3,3270,8,NaN,NaN,NaN,2.00678109001819e-14,-7.49911506561554,NaN,NaN,0,0,NaN,0,0,
587.054012444469,phy_signal_start,5,4,2,3271,8,-109.883905530753,NaN,-2.90890553075294,NaN,NaN,NaN,NaN,NaN,NaN,NaN,0,0,
587.054023527005,phy_signal_start,4,1,3,3270,8,-120.947516094342,NaN,-13.9725160943423,NaN,NaN,NaN,NaN,NaN,NaN,NaN,0,0,
587.060641086064,phy_interval,5,1,3,3270,8,NaN,NaN,NaN,2.00678109001819e-14,-2.00796035959661,NaN,NaN,0,0,NaN,1,0,
587.060641086064,phy_interval,5,4,2,3271,8,NaN,NaN,NaN,2.00678109001819e-14,-2.00796035959661,NaN,NaN,0,0,NaN,1,0,
587.060641086064,phy_track,5,1,3,3270,8,NaN,NaN,NaN,NaN,-2.00796035959661,NaN,NaN,NaN,NaN,NaN,0,0,
587.119292444469,phy_interval,5,1,3,3270,8,NaN,NaN,NaN,2.00678109001819e-14,-2.00796035959661,NaN,NaN,0,0,NaN,1,0,
587.119292444469,phy_interval,5,4,2,3271,8,NaN,NaN,NaN,2.00678109001819e-14,-2.00796035959661,NaN,NaN,0,0,NaN,1,0,
587.119292444469,phy_signal_end,5,4,2,3271,8,-109.883905530753,142.883905530753,-2.90890553075294,2.00678109001819e-14,-2.00796035959661,0,0,0,0,0,1,0,not_acquired
587.161111086064,phy_interval,5,1,3,3270,8,NaN,NaN,NaN,2.00678109001819e-14,-2.00796035959661,NaN,NaN,0,0,NaN,1,0,
587.161111086064,phy_signal_end,5,1,3,3270,8,-107.875945171156,140.875945171156,-0.900945171156323,2.00678109001819e-14,-2.00796035959661,0,0,0,0,0,1,1,accepted
587.161123527005,phy_interval,4,1,3,3270,8,NaN,NaN,NaN,2.00678109001819e-14,-1.58379249041479,NaN,NaN,1,4,NaN,0,0,
587.161123527005,phy_signal_end,4,1,3,3270,8,-120.947516094342,153.947516094342,-13.9725160943423,2.00678109001819e-14,-1.58379249041479,0.0151165618870165,0.0151165618870165,1,4,5,0,0,half_duplex
587.366019162592,phy_signal_start,5,3,1,3272,8,-117.383020596368,NaN,-10.4080205963685,NaN,NaN,NaN,NaN,NaN,NaN,NaN,0,0,
587.444012444469,phy_signal_start,4,5,1,3274,8,-109.883905530753,NaN,-2.90890553075294,NaN,NaN,NaN,NaN,NaN,NaN,NaN,0,0,
587.444308977105,phy_signal_end,4,8,7,3273,8,-124.567050032692,157.567050032692,Inf,0,-Inf,0,0,0,0,0,0,0,closure
587.444321420289,phy_signal_end,5,8,7,3273,8,-130.773375084599,163.773375084599,Inf,0,-Inf,0,0,0,0,0,0,0,closure
587.450642444469,phy_interval,4,5,1,3274,8,NaN,NaN,NaN,2.00678109001819e-14,-1.58379249041479,NaN,NaN,0,0,NaN,0,0,
587.450642444469,phy_track,4,5,1,3274,8,NaN,NaN,NaN,NaN,-1.58379249041479,NaN,NaN,NaN,NaN,NaN,0,0,
587.496013632365,phy_interval,4,5,1,3274,8,NaN,NaN,NaN,2.00678109001819e-14,-1.58379249041479,NaN,NaN,0,0,NaN,0,0,
587.496013632365,phy_signal_start,4,2,4,3275,8,-111.467698021168,NaN,-4.49269802116773,NaN,NaN,NaN,NaN,NaN,NaN,NaN,0,0,
587.610819162592,phy_interval,5,3,1,3272,8,NaN,NaN,NaN,2.00678109001819e-14,-2.00796035959661,NaN,NaN,0,0,NaN,0,0,
587.610819162592,phy_signal_end,5,3,1,3272,8,-117.383020596368,150.383020596368,-10.4080205963685,2.00678109001819e-14,-2.00796035959661,3.40962752323828e-05,3.40962752323828e-05,0,0,0,0,0,half_duplex
587.610831604377,phy_signal_end,4,3,1,3272,8,-126.074739474425,159.074739474425,Inf,0,-Inf,0,0,0,0,0,0,0,closure
587.688812444469,phy_interval,4,5,1,3274,8,NaN,NaN,NaN,2.00678109001819e-14,-1.58379249041479,NaN,NaN,0,0,NaN,1,0,
587.688812444469,phy_interval,4,2,4,3275,8,NaN,NaN,NaN,2.00678109001819e-14,-1.58379249041479,NaN,NaN,0,0,NaN,1,0,
587.688812444469,phy_signal_end,4,5,1,3274,8,-109.883905530753,142.883905530753,-2.90890553075294,2.00678109001819e-14,-1.58379249041479,0,0,0,0,0,1,1,accepted
587.740813632365,phy_interval,4,2,4,3275,8,NaN,NaN,NaN,2.00678109001819e-14,-1.58379249041479,NaN,NaN,0,0,NaN,1,0,
587.740813632365,phy_signal_end,4,2,4,3275,8,-111.467698021168,144.467698021168,-4.49269802116773,2.00678109001819e-14,-1.58379249041479,0,0,0,0,0,1,0,not_acquired
587.740826076559,phy_signal_end,5,2,4,3275,8,-122.734861677906,155.734861677906,Inf,0,-Inf,0,0,0,0,0,0,0,closure
587.756012444469,phy_signal_start,5,4,5,3277,8,-109.883905530753,NaN,-2.90890553075294,NaN,NaN,NaN,NaN,NaN,NaN,NaN,0,0,
587.762642444469,phy_interval,5,4,5,3277,8,NaN,NaN,NaN,2.00678109001819e-14,-2.00796035959661,NaN,NaN,0,0,NaN,0,0,
587.762642444469,phy_track,5,4,5,3277,8,NaN,NaN,NaN,NaN,-2.00796035959661,NaN,NaN,NaN,NaN,NaN,0,0,
587.795011086064,phy_interval,5,4,5,3277,8,NaN,NaN,NaN,2.00678109001819e-14,-2.00796035959661,NaN,NaN,0,0,NaN,0,0,
587.795011086064,phy_signal_start,5,1,3,3278,8,-107.875945171156,NaN,-0.900945171156323,NaN,NaN,NaN,NaN,NaN,NaN,NaN,0,0,
587.795023527005,phy_signal_start,4,1,3,3278,8,-120.947516094342,NaN,-13.9725160943423,NaN,NaN,NaN,NaN,NaN,NaN,NaN,0,0,
587.902111086064,phy_interval,5,4,5,3277,8,NaN,NaN,NaN,2.00678109001819e-14,-2.00796035959661,NaN,NaN,0,0,NaN,1,0,
587.902111086064,phy_interval,5,1,3,3278,8,NaN,NaN,NaN,2.00678109001819e-14,-2.00796035959661,NaN,NaN,0,0,NaN,1,0,
587.902111086064,phy_signal_end,5,1,3,3278,8,-107.875945171156,140.875945171156,-0.900945171156323,2.00678109001819e-14,-2.00796035959661,0,0,0,0,0,1,0,not_acquired
587.902123527005,phy_interval,4,1,3,3278,8,NaN,NaN,NaN,2.00678109001819e-14,-1.58379249041479,NaN,NaN,1,10,NaN,0,0,
587.902123527005,phy_signal_end,4,1,3,3278,8,-120.947516094342,153.947516094342,-13.9725160943423,2.00678109001819e-14,-1.58379249041479,0.0151165618870165,0.0151165618870165,1,10,11,0,0,half_duplex
587.938011086064,phy_interval,5,4,5,3277,8,NaN,NaN,NaN,2.00678109001819e-14,-2.00796035959661,NaN,NaN,0,0,NaN,1,0,
587.938011086064,phy_signal_start,5,1,3,3279,8,-107.875945171156,NaN,-0.900945171156323,NaN,NaN,NaN,NaN,NaN,NaN,NaN,0,0,
587.938023527005,phy_signal_start,4,1,3,3279,8,-120.947516094342,NaN,-13.9725160943423,NaN,NaN,NaN,NaN,NaN,NaN,NaN,0,0,
587.987828977105,phy_signal_end,4,8,2,3276,8,-124.567050032692,157.567050032692,Inf,0,-Inf,0,0,0,0,0,0,0,closure
587.987841420289,phy_signal_end,5,8,2,3276,8,-130.773375084599,163.773375084599,Inf,0,-Inf,0,0,0,0,0,0,0,closure
588.000812444469,phy_interval,5,4,5,3277,8,NaN,NaN,NaN,2.00678109001819e-14,-2.00796035959661,NaN,NaN,0,0,NaN,2,0,
588.000812444469,phy_interval,5,1,3,3279,8,NaN,NaN,NaN,2.00678109001819e-14,-2.00796035959661,NaN,NaN,0,0,NaN,1,0,
588.000812444469,phy_signal_end,5,4,5,3277,8,-109.883905530753,142.883905530753,-2.90890553075294,2.00678109001819e-14,-2.00796035959661,0,0,0,0,0,2,1,accepted
588.045111086064,phy_interval,5,1,3,3279,8,NaN,NaN,NaN,2.00678109001819e-14,-2.00796035959661,NaN,NaN,0,0,NaN,1,0,
588.045111086064,phy_signal_end,5,1,3,3279,8,-107.875945171156,140.875945171156,-0.900945171156323,2.00678109001819e-14,-2.00796035959661,0,0,0,0,0,1,0,not_acquired
588.045123527005,phy_interval,4,1,3,3279,8,NaN,NaN,NaN,2.00678109001819e-14,-1.58379249041479,NaN,NaN,3,11,NaN,0,0,
588.045123527005,phy_signal_end,4,1,3,3279,8,-120.947516094342,153.947516094342,-13.9725160943423,2.00678109001819e-14,-1.58379249041479,0.0151165618870165,0.0151165618870165,3,11,14,0,0,half_duplex
588.094013632365,phy_signal_start,4,2,8,3280,8,-111.467698021168,NaN,-4.49269802116773,NaN,NaN,NaN,NaN,NaN,NaN,NaN,0,0,
588.100643632365,phy_interval,4,2,8,3280,8,NaN,NaN,NaN,2.00678109001819e-14,-1.58379249041479,NaN,NaN,0,0,NaN,0,0,
588.100643632365,phy_track,4,2,8,3280,8,NaN,NaN,NaN,NaN,-1.58379249041479,NaN,NaN,NaN,NaN,NaN,0,0,
588.133019162592,phy_signal_start,5,3,1,3281,8,-117.383020596368,NaN,-10.4080205963685,NaN,NaN,NaN,NaN,NaN,NaN,NaN,0,0,
588.139649162592,phy_interval,5,3,1,3281,8,NaN,NaN,NaN,2.00678109001819e-14,-2.00796035959661,NaN,NaN,0,0,NaN,0,0,
588.139649162592,phy_track,5,3,1,3281,8,NaN,NaN,NaN,NaN,-2.00796035959661,NaN,NaN,NaN,NaN,NaN,0,0,
588.159293632365,phy_interval,4,2,8,3280,8,NaN,NaN,NaN,2.00678109001819e-14,-1.58379249041479,NaN,NaN,0,0,NaN,0,0,
588.159293632365,phy_signal_end,4,2,8,3280,8,-111.467698021168,144.467698021168,-4.49269802116773,2.00678109001819e-14,-1.58379249041479,0,0,0,0,0,0,1,accepted
588.159306076559,phy_signal_end,5,2,8,3280,8,-122.734861677906,155.734861677906,Inf,0,-Inf,0,0,0,0,0,0,0,closure
588.377819162592,phy_interval,5,3,1,3281,8,NaN,NaN,NaN,2.00678109001819e-14,-2.00796035959661,NaN,NaN,0,0,NaN,0,0,
588.377819162592,phy_signal_end,5,3,1,3281,8,-117.383020596368,150.383020596368,-10.4080205963685,2.00678109001819e-14,-2.00796035959661,3.40962752323828e-05,3.40962752323828e-05,0,0,0,0,1,accepted
588.377831604377,phy_signal_end,4,3,1,3281,8,-126.074739474425,159.074739474425,Inf,0,-Inf,0,0,0,0,0,0,0,closure
588.406012444469,phy_signal_start,4,5,4,3283,8,-109.883905530753,NaN,-2.90890553075294,NaN,NaN,NaN,NaN,NaN,NaN,NaN,0,0,
588.412642444469,phy_interval,4,5,4,3283,8,NaN,NaN,NaN,2.00678109001819e-14,-1.58379249041479,NaN,NaN,0,0,NaN,0,0,
588.412642444469,phy_track,4,5,4,3283,8,NaN,NaN,NaN,NaN,-1.58379249041479,NaN,NaN,NaN,NaN,NaN,0,0,
588.429828977105,phy_signal_end,4,8,2,3282,8,-124.567050032692,157.567050032692,Inf,0,-Inf,0,0,0,0,0,0,0,closure
588.429841420289,phy_signal_end,5,8,2,3282,8,-130.773375084599,163.773375084599,Inf,0,-Inf,0,0,0,0,0,0,0,closure
588.471292444469,phy_interval,4,5,4,3283,8,NaN,NaN,NaN,2.00678109001819e-14,-1.58379249041479,NaN,NaN,0,0,NaN,0,0,
588.471292444469,phy_signal_end,4,5,4,3283,8,-109.883905530753,142.883905530753,-2.90890553075294,2.00678109001819e-14,-1.58379249041479,0,0,0,0,0,0,1,accepted
588.523012444469,phy_signal_start,5,4,5,3284,8,-109.883905530753,NaN,-2.90890553075294,NaN,NaN,NaN,NaN,NaN,NaN,NaN,0,0,
588.529642444469,phy_interval,5,4,5,3284,8,NaN,NaN,NaN,2.00678109001819e-14,-2.00796035959661,NaN,NaN,0,0,NaN,0,0,
588.529642444469,phy_track,5,4,5,3284,8,NaN,NaN,NaN,NaN,-2.00796035959661,NaN,NaN,NaN,NaN,NaN,0,0,
588.549011086064,phy_interval,5,4,5,3284,8,NaN,NaN,NaN,2.00678109001819e-14,-2.00796035959661,NaN,NaN,0,0,NaN,0,0,
588.549011086064,phy_signal_start,5,1,3,3285,8,-107.875945171156,NaN,-0.900945171156323,NaN,NaN,NaN,NaN,NaN,NaN,NaN,0,0,
588.549023527005,phy_signal_start,4,1,3,3285,8,-120.947516094342,NaN,-13.9725160943423,NaN,NaN,NaN,NaN,NaN,NaN,NaN,0,0,
588.656111086064,phy_interval,5,4,5,3284,8,NaN,NaN,NaN,2.00678109001819e-14,-2.00796035959661,NaN,NaN,0,0,NaN,1,0,
588.656111086064,phy_interval,5,1,3,3285,8,NaN,NaN,NaN,2.00678109001819e-14,-2.00796035959661,NaN,NaN,0,0,NaN,1,0,
588.656111086064,phy_signal_end,5,1,3,3285,8,-107.875945171156,140.875945171156,-0.900945171156323,2.00678109001819e-14,-2.00796035959661,0,0,0,0,0,1,0,not_acquired
588.656123527005,phy_interval,4,1,3,3285,8,NaN,NaN,NaN,2.00678109001819e-14,-1.58379249041479,NaN,NaN,1,17,NaN,0,0,
588.656123527005,phy_signal_end,4,1,3,3285,8,-120.947516094342,153.947516094342,-13.9725160943423,2.00678109001819e-14,-1.58379249041479,0.0151165618870165,0.0151165618870165,1,17,18,0,0,half_duplex
588.679011086064,phy_interval,5,4,5,3284,8,NaN,NaN,NaN,2.00678109001819e-14,-2.00796035959661,NaN,NaN,0,0,NaN,1,0,
588.679011086064,phy_signal_start,5,1,3,3286,8,-107.875945171156,NaN,-0.900945171156323,NaN,NaN,NaN,NaN,NaN,NaN,NaN,0,0,
588.679023527005,phy_signal_start,4,1,3,3286,8,-120.947516094342,NaN,-13.9725160943423,NaN,NaN,NaN,NaN,NaN,NaN,NaN,0,0,
588.744291086064,phy_interval,5,4,5,3284,8,NaN,NaN,NaN,2.00678109001819e-14,-2.00796035959661,NaN,NaN,0,0,NaN,2,0,
588.744291086064,phy_interval,5,1,3,3286,8,NaN,NaN,NaN,2.00678109001819e-14,-2.00796035959661,NaN,NaN,0,0,NaN,1,0,
588.744291086064,phy_signal_end,5,1,3,3286,8,-107.875945171156,140.875945171156,-0.900945171156323,2.00678109001819e-14,-2.00796035959661,0,0,0,0,0,1,0,not_acquired
588.744303527005,phy_interval,4,1,3,3286,8,NaN,NaN,NaN,2.00678109001819e-14,-1.58379249041479,NaN,NaN,1,9,NaN,0,0,
588.744303527005,phy_signal_end,4,1,3,3286,8,-120.947516094342,153.947516094342,-13.9725160943423,2.00678109001819e-14,-1.58379249041479,0.0151165618870165,0.0151165618870165,1,9,10,0,0,half_duplex
588.757011086064,phy_interval,5,4,5,3284,8,NaN,NaN,NaN,2.00678109001819e-14,-2.00796035959661,NaN,NaN,0,0,NaN,2,0,
588.757011086064,phy_signal_start,5,1,3,3288,8,-107.875945171156,NaN,-0.900945171156323,NaN,NaN,NaN,NaN,NaN,NaN,NaN,0,0,
588.757023527005,phy_signal_start,4,1,3,3288,8,-120.947516094342,NaN,-13.9725160943423,NaN,NaN,NaN,NaN,NaN,NaN,NaN,0,0,
588.767812444469,phy_interval,5,4,5,3284,8,NaN,NaN,NaN,2.00678109001819e-14,-2.00796035959661,NaN,NaN,0,0,NaN,3,0,
588.767812444469,phy_interval,5,1,3,3288,8,NaN,NaN,NaN,2.00678109001819e-14,-2.00796035959661,NaN,NaN,0,0,NaN,1,0,
588.767812444469,phy_signal_end,5,4,5,3284,8,-109.883905530753,142.883905530753,-2.90890553075294,2.00678109001819e-14,-2.00796035959661,0,0,0,0,0,3,1,accepted
588.783013632365,phy_interval,4,1,3,3288,8,NaN,NaN,NaN,2.00678109001819e-14,-1.58379249041479,NaN,NaN,0,0,NaN,0,0,
588.783013632365,phy_signal_start,4,2,8,3289,8,-111.467698021168,NaN,-4.49269802116773,NaN,NaN,NaN,NaN,NaN,NaN,NaN,0,0,
588.789643632365,phy_interval,4,1,3,3288,8,NaN,NaN,NaN,2.00678109001819e-14,-9.4798180731745,NaN,NaN,0,1,NaN,1,0,
588.789643632365,phy_interval,4,2,8,3289,8,NaN,NaN,NaN,2.00678109001819e-14,-9.4798180731745,NaN,NaN,0,0,NaN,1,0,
588.789643632365,phy_track,4,2,8,3289,8,NaN,NaN,NaN,NaN,-9.4798180731745,NaN,NaN,NaN,NaN,NaN,0,0,
588.822291086064,phy_interval,5,1,3,3288,8,NaN,NaN,NaN,2.00678109001819e-14,-2.00796035959661,NaN,NaN,0,0,NaN,1,0,
588.822291086064,phy_signal_end,5,1,3,3288,8,-107.875945171156,140.875945171156,-0.900945171156323,2.00678109001819e-14,-2.00796035959661,0,0,0,0,0,1,0,not_acquired
588.822303527005,phy_interval,4,1,3,3288,8,NaN,NaN,NaN,2.00678109001819e-14,-9.4798180731745,NaN,NaN,0,3,NaN,1,0,
588.822303527005,phy_interval,4,2,8,3289,8,NaN,NaN,NaN,2.00678109001819e-14,-9.4798180731745,NaN,NaN,0,0,NaN,1,0,
588.822303527005,phy_signal_end,4,1,3,3288,8,-120.947516094342,153.947516094342,-13.9725160943423,2.00678109001819e-14,-9.4798180731745,0.0163939867743823,0.0163939867743823,0,4,4,1,0,half_duplex
588.848293632365,phy_interval,4,2,8,3289,8,NaN,NaN,NaN,2.00678109001819e-14,-9.4798180731745,NaN,NaN,0,0,NaN,1,0,
588.848293632365,phy_signal_end,4,2,8,3289,8,-111.467698021168,144.467698021168,-4.49269802116773,2.00678109001819e-14,-9.4798180731745,0,0,0,0,0,1,1,accepted
588.848306076559,phy_signal_end,5,2,8,3289,8,-122.734861677906,155.734861677906,Inf,0,-Inf,0,0,0,0,0,0,0,closure
588.949828977105,phy_signal_end,4,8,2,3287,8,-124.567050032692,157.567050032692,Inf,0,-Inf,0,0,0,0,0,0,0,closure
588.949841420289,phy_signal_end,5,8,2,3287,8,-130.773375084599,163.773375084599,Inf,0,-Inf,0,0,0,0,0,0,0,closure
588.952013632365,phy_signal_start,4,2,8,3290,8,-111.467698021168,NaN,-4.49269802116773,NaN,NaN,NaN,NaN,NaN,NaN,NaN,0,0,
588.958643632365,phy_interval,4,2,8,3290,8,NaN,NaN,NaN,2.00678109001819e-14,-9.4798180731745,NaN,NaN,0,0,NaN,0,0,
588.958643632365,phy_track,4,2,8,3290,8,NaN,NaN,NaN,NaN,-9.4798180731745,NaN,NaN,NaN,NaN,NaN,0,0,
588.965012444469,phy_interval,4,2,8,3290,8,NaN,NaN,NaN,2.00678109001819e-14,-9.4798180731745,NaN,NaN,0,0,NaN,0,0,
588.965012444469,phy_signal_start,4,5,4,3292,8,-109.883905530753,NaN,-2.90890553075294,NaN,NaN,NaN,NaN,NaN,NaN,NaN,0,0,
588.965019162592,phy_signal_start,5,3,1,3291,8,-117.383020596368,NaN,-10.4080205963685,NaN,NaN,NaN,NaN,NaN,NaN,NaN,0,0,
589.017293632365,phy_interval,4,2,8,3290,8,NaN,NaN,NaN,2.00678109001819e-14,-1.58379249041479,NaN,NaN,0,0,NaN,1,0,
589.017293632365,phy_interval,4,5,4,3292,8,NaN,NaN,NaN,2.00678109001819e-14,-1.58379249041479,NaN,NaN,0,0,NaN,1,0,
589.017293632365,phy_signal_end,4,2,8,3290,8,-111.467698021168,144.467698021168,-4.49269802116773,2.00678109001819e-14,-1.58379249041479,0,0,0,0,0,1,1,accepted
589.017306076559,phy_signal_end,5,2,8,3290,8,-122.734861677906,155.734861677906,Inf,0,-Inf,0,0,0,0,0,0,0,closure
589.030292444469,phy_interval,4,5,4,3292,8,NaN,NaN,NaN,2.00678109001819e-14,-1.58379249041479,NaN,NaN,0,0,NaN,1,0,
589.030292444469,phy_signal_end,4,5,4,3292,8,-109.883905530753,142.883905530753,-2.90890553075294,2.00678109001819e-14,-1.58379249041479,0,0,0,0,0,1,0,not_acquired
589.186013632365,phy_signal_start,4,2,8,3293,8,-111.467698021168,NaN,-4.49269802116773,NaN,NaN,NaN,NaN,NaN,NaN,NaN,0,0,
589.192643632365,phy_interval,4,2,8,3293,8,NaN,NaN,NaN,2.00678109001819e-14,-1.58379249041479,NaN,NaN,0,0,NaN,0,0,
589.192643632365,phy_track,4,2,8,3293,8,NaN,NaN,NaN,NaN,-1.58379249041479,NaN,NaN,NaN,NaN,NaN,0,0,
589.209819162592,phy_interval,5,3,1,3291,8,NaN,NaN,NaN,2.00678109001819e-14,-2.00796035959661,NaN,NaN,0,0,NaN,0,0,
589.209819162592,phy_signal_end,5,3,1,3291,8,-117.383020596368,150.383020596368,-10.4080205963685,2.00678109001819e-14,-2.00796035959661,3.40962752323828e-05,3.40962752323828e-05,0,0,0,0,0,half_duplex
589.209831604377,phy_signal_end,4,3,1,3291,8,-126.074739474425,159.074739474425,Inf,0,-Inf,0,0,0,0,0,0,0,closure
589.238012444469,phy_interval,4,2,8,3293,8,NaN,NaN,NaN,2.00678109001819e-14,-1.58379249041479,NaN,NaN,0,0,NaN,0,0,
589.238012444469,phy_signal_start,4,5,4,3294,8,-109.883905530753,NaN,-2.90890553075294,NaN,NaN,NaN,NaN,NaN,NaN,NaN,0,0,
589.251293632365,phy_interval,4,2,8,3293,8,NaN,NaN,NaN,2.00678109001819e-14,-1.58379249041479,NaN,NaN,0,0,NaN,1,0,
589.251293632365,phy_interval,4,5,4,3294,8,NaN,NaN,NaN,2.00678109001819e-14,-1.58379249041479,NaN,NaN,0,0,NaN,1,0,
589.251293632365,phy_signal_end,4,2,8,3293,8,-111.467698021168,144.467698021168,-4.49269802116773,2.00678109001819e-14,-1.58379249041479,0,0,0,0,0,1,1,accepted
589.251306076559,phy_signal_end,5,2,8,3293,8,-122.734861677906,155.734861677906,Inf,0,-Inf,0,0,0,0,0,0,0,closure
589.303292444469,phy_interval,4,5,4,3294,8,NaN,NaN,NaN,2.00678109001819e-14,-1.58379249041479,NaN,NaN,0,0,NaN,1,0,
589.303292444469,phy_signal_end,4,5,4,3294,8,-109.883905530753,142.883905530753,-2.90890553075294,2.00678109001819e-14,-1.58379249041479,0,0,0,0,0,1,0,not_acquired
589.394011086064,phy_signal_start,5,1,3,3295,8,-107.875945171156,NaN,-0.900945171156323,NaN,NaN,NaN,NaN,NaN,NaN,NaN,0,0,
589.394023527005,phy_signal_start,4,1,3,3295,8,-120.947516094342,NaN,-13.9725160943423,NaN,NaN,NaN,NaN,NaN,NaN,NaN,0,0,
589.400641086064,phy_interval,5,1,3,3295,8,NaN,NaN,NaN,2.00678109001819e-14,-2.00796035959661,NaN,NaN,0,0,NaN,0,0,
589.400641086064,phy_track,5,1,3,3295,8,NaN,NaN,NaN,NaN,-2.00796035959661,NaN,NaN,NaN,NaN,NaN,0,0,
589.459291086064,phy_interval,5,1,3,3295,8,NaN,NaN,NaN,2.00678109001819e-14,-2.00796035959661,NaN,NaN,0,0,NaN,0,0,
589.459291086064,phy_signal_end,5,1,3,3295,8,-107.875945171156,140.875945171156,-0.900945171156323,2.00678109001819e-14,-2.00796035959661,0,0,0,0,0,0,1,accepted
589.459303527005,phy_interval,4,1,3,3295,8,NaN,NaN,NaN,2.00678109001819e-14,-1.58379249041479,NaN,NaN,0,3,NaN,0,0,
589.459303527005,phy_signal_end,4,1,3,3295,8,-120.947516094342,153.947516094342,-13.9725160943423,2.00678109001819e-14,-1.58379249041479,0.0151165618870165,0.0151165618870165,0,3,3,0,0,sync_threshold
589.563019162592,phy_signal_start,5,3,1,3297,8,-117.383020596368,NaN,-10.4080205963685,NaN,NaN,NaN,NaN,NaN,NaN,NaN,0,0,
589.569649162592,phy_interval,5,3,1,3297,8,NaN,NaN,NaN,2.00678109001819e-14,-2.00796035959661,NaN,NaN,0,0,NaN,0,0,
589.569649162592,phy_track,5,3,1,3297,8,NaN,NaN,NaN,NaN,-2.00796035959661,NaN,NaN,NaN,NaN,NaN,0,0,
589.638828977105,phy_signal_end,4,8,2,3296,8,-124.567050032692,157.567050032692,Inf,0,-Inf,0,0,0,0,0,0,0,closure
589.638841420289,phy_signal_end,5,8,2,3296,8,-130.773375084599,163.773375084599,Inf,0,-Inf,0,0,0,0,0,0,0,closure
589.667013632365,phy_signal_start,4,2,8,3298,8,-111.467698021168,NaN,-4.49269802116773,NaN,NaN,NaN,NaN,NaN,NaN,NaN,0,0,
589.673643632365,phy_interval,4,2,8,3298,8,NaN,NaN,NaN,2.00678109001819e-14,-1.58379249041479,NaN,NaN,0,0,NaN,0,0,
589.673643632365,phy_track,4,2,8,3298,8,NaN,NaN,NaN,NaN,-1.58379249041479,NaN,NaN,NaN,NaN,NaN,0,0,
589.732293632365,phy_interval,4,2,8,3298,8,NaN,NaN,NaN,2.00678109001819e-14,-1.58379249041479,NaN,NaN,0,0,NaN,0,0,
589.732293632365,phy_signal_end,4,2,8,3298,8,-111.467698021168,144.467698021168,-4.49269802116773,2.00678109001819e-14,-1.58379249041479,0,0,0,0,0,0,1,accepted
589.732306076559,phy_signal_end,5,2,8,3298,8,-122.734861677906,155.734861677906,Inf,0,-Inf,0,0,0,0,0,0,0,closure
589.807819162592,phy_interval,5,3,1,3297,8,NaN,NaN,NaN,2.00678109001819e-14,-2.00796035959661,NaN,NaN,0,0,NaN,0,0,
589.807819162592,phy_signal_end,5,3,1,3297,8,-117.383020596368,150.383020596368,-10.4080205963685,2.00678109001819e-14,-2.00796035959661,3.40962752323828e-05,3.40962752323828e-05,0,0,0,0,1,accepted
589.807831604377,phy_signal_end,4,3,1,3297,8,-126.074739474425,159.074739474425,Inf,0,-Inf,0,0,0,0,0,0,0,closure
589.836012444469,phy_signal_start,4,5,4,3300,8,-109.883905530753,NaN,-2.90890553075294,NaN,NaN,NaN,NaN,NaN,NaN,NaN,0,0,
589.842642444469,phy_interval,4,5,4,3300,8,NaN,NaN,NaN,2.00678109001819e-14,-1.58379249041479,NaN,NaN,0,0,NaN,0,0,
589.842642444469,phy_track,4,5,4,3300,8,NaN,NaN,NaN,NaN,-1.58379249041479,NaN,NaN,NaN,NaN,NaN,0,0,
589.901292444469,phy_interval,4,5,4,3300,8,NaN,NaN,NaN,2.00678109001819e-14,-1.58379249041479,NaN,NaN,0,0,NaN,0,0,
589.901292444469,phy_signal_end,4,5,4,3300,8,-109.883905530753,142.883905530753,-2.90890553075294,2.00678109001819e-14,-1.58379249041479,0,0,0,0,0,0,1,accepted
589.927011086064,phy_signal_start,5,1,3,3301,8,-107.875945171156,NaN,-0.900945171156323,NaN,NaN,NaN,NaN,NaN,NaN,NaN,0,0,
589.927023527005,phy_signal_start,4,1,3,3301,8,-120.947516094342,NaN,-13.9725160943423,NaN,NaN,NaN,NaN,NaN,NaN,NaN,0,0,
589.933641086064,phy_interval,5,1,3,3301,8,NaN,NaN,NaN,2.00678109001819e-14,-2.00796035959661,NaN,NaN,0,0,NaN,0,0,
589.933641086064,phy_track,5,1,3,3301,8,NaN,NaN,NaN,NaN,-2.00796035959661,NaN,NaN,NaN,NaN,NaN,0,0,
589.992291086064,phy_interval,5,1,3,3301,8,NaN,NaN,NaN,2.00678109001819e-14,-2.00796035959661,NaN,NaN,0,0,NaN,0,0,
589.992291086064,phy_signal_end,5,1,3,3301,8,-107.875945171156,140.875945171156,-0.900945171156323,2.00678109001819e-14,-2.00796035959661,0,0,0,0,0,0,1,accepted
589.992303527005,phy_interval,4,1,3,3301,8,NaN,NaN,NaN,2.00678109001819e-14,-1.58379249041479,NaN,NaN,1,4,NaN,0,0,
589.992303527005,phy_signal_end,4,1,3,3301,8,-120.947516094342,153.947516094342,-13.9725160943423,2.00678109001819e-14,-1.58379249041479,0.0151165618870165,0.0151165618870165,1,4,5,0,0,sync_threshold
590.054828977105,phy_signal_end,4,8,2,3299,8,-124.567050032692,157.567050032692,Inf,0,-Inf,0,0,0,0,0,0,0,closure
590.054841420289,phy_signal_end,5,8,2,3299,8,-130.773375084599,163.773375084599,Inf,0,-Inf,0,0,0,0,0,0,0,closure
590.096011086064,phy_signal_start,5,1,3,3302,8,-107.875945171156,NaN,-0.900945171156323,NaN,NaN,NaN,NaN,NaN,NaN,NaN,0,0,
590.096023527005,phy_signal_start,4,1,3,3302,8,-120.947516094342,NaN,-13.9725160943423,NaN,NaN,NaN,NaN,NaN,NaN,NaN,0,0,
590.102641086064,phy_interval,5,1,3,3302,8,NaN,NaN,NaN,2.00678109001819e-14,-2.00796035959661,NaN,NaN,0,0,NaN,0,0,
590.102641086064,phy_track,5,1,3,3302,8,NaN,NaN,NaN,NaN,-2.00796035959661,NaN,NaN,NaN,NaN,NaN,0,0,
590.122013632365,phy_interval,4,1,3,3302,8,NaN,NaN,NaN,2.00678109001819e-14,-1.58379249041479,NaN,NaN,0,2,NaN,0,0,
590.122013632365,phy_signal_start,4,2,8,3303,8,-111.467698021168,NaN,-4.49269802116773,NaN,NaN,NaN,NaN,NaN,NaN,NaN,0,0,
590.128643632365,phy_interval,4,1,3,3302,8,NaN,NaN,NaN,2.00678109001819e-14,-9.4798180731745,NaN,NaN,0,1,NaN,1,0,
590.128643632365,phy_interval,4,2,8,3303,8,NaN,NaN,NaN,2.00678109001819e-14,-9.4798180731745,NaN,NaN,0,0,NaN,1,0,
590.128643632365,phy_track,4,2,8,3303,8,NaN,NaN,NaN,NaN,-9.4798180731745,NaN,NaN,NaN,NaN,NaN,0,0,
590.161291086064,phy_interval,5,1,3,3302,8,NaN,NaN,NaN,2.00678109001819e-14,-2.00796035959661,NaN,NaN,0,0,NaN,0,0,
590.161291086064,phy_signal_end,5,1,3,3302,8,-107.875945171156,140.875945171156,-0.900945171156323,2.00678109001819e-14,-2.00796035959661,0,0,0,0,0,0,1,accepted
590.161303527005,phy_interval,4,1,3,3302,8,NaN,NaN,NaN,2.00678109001819e-14,-9.4798180731745,NaN,NaN,0,5,NaN,1,0,
590.161303527005,phy_interval,4,2,8,3303,8,NaN,NaN,NaN,2.00678109001819e-14,-9.4798180731745,NaN,NaN,0,0,NaN,1,0,
590.161303527005,phy_signal_end,4,1,3,3302,8,-120.947516094342,153.947516094342,-13.9725160943423,2.00678109001819e-14,-9.4798180731745,0.0163939867743823,0.0163939867743823,0,8,8,1,0,sync_threshold
590.187293632365,phy_interval,4,2,8,3303,8,NaN,NaN,NaN,2.00678109001819e-14,-9.4798180731745,NaN,NaN,0,0,NaN,1,0,
590.187293632365,phy_signal_end,4,2,8,3303,8,-111.467698021168,144.467698021168,-4.49269802116773,2.00678109001819e-14,-9.4798180731745,0,0,0,0,0,1,1,accepted
590.187306076559,phy_signal_end,5,2,8,3303,8,-122.734861677906,155.734861677906,Inf,0,-Inf,0,0,0,0,0,0,0,closure
590.226013632365,phy_signal_start,4,2,8,3304,8,-111.467698021168,NaN,-4.49269802116773,NaN,NaN,NaN,NaN,NaN,NaN,NaN,0,0,
590.232643632365,phy_interval,4,2,8,3304,8,NaN,NaN,NaN,2.00678109001819e-14,-9.4798180731745,NaN,NaN,0,0,NaN,0,0,
590.232643632365,phy_track,4,2,8,3304,8,NaN,NaN,NaN,NaN,-9.4798180731745,NaN,NaN,NaN,NaN,NaN,0,0,
590.291293632365,phy_interval,4,2,8,3304,8,NaN,NaN,NaN,2.00678109001819e-14,-9.4798180731745,NaN,NaN,0,0,NaN,0,0,
590.291293632365,phy_signal_end,4,2,8,3304,8,-111.467698021168,144.467698021168,-4.49269802116773,2.00678109001819e-14,-9.4798180731745,0,0,0,0,0,0,1,accepted
590.291306076559,phy_signal_end,5,2,8,3304,8,-122.734861677906,155.734861677906,Inf,0,-Inf,0,0,0,0,0,0,0,closure
590.304019162592,phy_signal_start,5,3,1,3305,8,-117.383020596368,NaN,-10.4080205963685,NaN,NaN,NaN,NaN,NaN,NaN,NaN,0,0,
590.310649162592,phy_interval,5,3,1,3305,8,NaN,NaN,NaN,2.00678109001819e-14,-2.00796035959661,NaN,NaN,0,0,NaN,0,0,
590.310649162592,phy_track,5,3,1,3305,8,NaN,NaN,NaN,NaN,-2.00796035959661,NaN,NaN,NaN,NaN,NaN,0,0,
590.317012444469,phy_interval,5,3,1,3305,8,NaN,NaN,NaN,2.00678109001819e-14,-2.00796035959661,NaN,NaN,0,0,NaN,0,0,
590.317012444469,phy_signal_start,5,4,5,3307,8,-109.883905530753,NaN,-2.90890553075294,NaN,NaN,NaN,NaN,NaN,NaN,NaN,0,0,
590.317013632365,phy_signal_start,4,2,8,3306,8,-111.467698021168,NaN,-4.49269802116773,NaN,NaN,NaN,NaN,NaN,NaN,NaN,0,0,
590.382293632365,phy_interval,4,2,8,3306,8,NaN,NaN,NaN,2.00678109001819e-14,-9.4798180731745,NaN,NaN,0,0,NaN,0,0,
590.382293632365,phy_signal_end,4,2,8,3306,8,-111.467698021168,144.467698021168,-4.49269802116773,2.00678109001819e-14,-9.4798180731745,0,0,0,0,0,0,0,half_duplex
590.382306076559,phy_signal_end,5,2,8,3306,8,-122.734861677906,155.734861677906,Inf,0,-Inf,0,0,0,0,0,0,0,closure
590.447013632365,phy_signal_start,4,2,8,3308,8,-111.467698021168,NaN,-4.49269802116773,NaN,NaN,NaN,NaN,NaN,NaN,NaN,0,0,
590.512293632365,phy_interval,4,2,8,3308,8,NaN,NaN,NaN,2.00678109001819e-14,-9.4798180731745,NaN,NaN,0,0,NaN,0,0,
590.512293632365,phy_signal_end,4,2,8,3308,8,-111.467698021168,144.467698021168,-4.49269802116773,2.00678109001819e-14,-9.4798180731745,0,0,0,0,0,0,0,half_duplex
590.512306076559,phy_signal_end,5,2,8,3308,8,-122.734861677906,155.734861677906,Inf,0,-Inf,0,0,0,0,0,0,0,closure
590.538013632365,phy_signal_start,4,2,8,3309,8,-111.467698021168,NaN,-4.49269802116773,NaN,NaN,NaN,NaN,NaN,NaN,NaN,0,0,
590.548819162592,phy_interval,5,3,1,3305,8,NaN,NaN,NaN,2.00678109001819e-14,-7.49911506561554,NaN,NaN,0,0,NaN,1,0,
590.548819162592,phy_interval,5,4,5,3307,8,NaN,NaN,NaN,2.00678109001819e-14,-7.49911506561554,NaN,NaN,0,0,NaN,1,0,
590.548819162592,phy_signal_end,5,3,1,3305,8,-117.383020596368,150.383020596368,-10.4080205963685,2.00678109001819e-14,-7.49911506561554,7.43694815941743e-05,7.43694815941743e-05,0,0,0,1,1,accepted
590.548831604377,phy_signal_end,4,3,1,3305,8,-126.074739474425,159.074739474425,Inf,0,-Inf,0,0,0,0,0,0,0,closure
590.561812444469,phy_interval,5,4,5,3307,8,NaN,NaN,NaN,2.00678109001819e-14,-7.49911506561554,NaN,NaN,0,0,NaN,1,0,
590.561812444469,phy_signal_end,5,4,5,3307,8,-109.883905530753,142.883905530753,-2.90890553075294,2.00678109001819e-14,-7.49911506561554,0,0,0,0,0,1,0,not_acquired
590.564012444469,phy_interval,4,2,8,3309,8,NaN,NaN,NaN,2.00678109001819e-14,-9.4798180731745,NaN,NaN,0,0,NaN,0,0,
590.564012444469,phy_signal_start,4,5,4,3310,8,-109.883905530753,NaN,-2.90890553075294,NaN,NaN,NaN,NaN,NaN,NaN,NaN,0,0,
590.570642444469,phy_interval,4,2,8,3309,8,NaN,NaN,NaN,2.00678109001819e-14,-1.58379249041479,NaN,NaN,0,0,NaN,1,0,
590.570642444469,phy_interval,4,5,4,3310,8,NaN,NaN,NaN,2.00678109001819e-14,-1.58379249041479,NaN,NaN,0,0,NaN,1,0,
590.570642444469,phy_track,4,5,4,3310,8,NaN,NaN,NaN,NaN,-1.58379249041479,NaN,NaN,NaN,NaN,NaN,0,0,
590.603293632365,phy_interval,4,2,8,3309,8,NaN,NaN,NaN,2.00678109001819e-14,-1.58379249041479,NaN,NaN,0,0,NaN,1,0,
590.603293632365,phy_interval,4,5,4,3310,8,NaN,NaN,NaN,2.00678109001819e-14,-1.58379249041479,NaN,NaN,0,0,NaN,1,0,
590.603293632365,phy_signal_end,4,2,8,3309,8,-111.467698021168,144.467698021168,-4.49269802116773,2.00678109001819e-14,-1.58379249041479,0,0,0,0,0,1,0,half_duplex
590.603306076559,phy_signal_end,5,2,8,3309,8,-122.734861677906,155.734861677906,Inf,0,-Inf,0,0,0,0,0,0,0,closure
590.629292444469,phy_interval,4,5,4,3310,8,NaN,NaN,NaN,2.00678109001819e-14,-1.58379249041479,NaN,NaN,0,0,NaN,1,0,
590.629292444469,phy_signal_end,4,5,4,3310,8,-109.883905530753,142.883905530753,-2.90890553075294,2.00678109001819e-14,-1.58379249041479,0,0,0,0,0,1,1,accepted
590.798012444469,phy_signal_start,4,5,4,3312,8,-109.883905530753,NaN,-2.90890553075294,NaN,NaN,NaN,NaN,NaN,NaN,NaN,0,0,
590.804642444469,phy_interval,4,5,4,3312,8,NaN,NaN,NaN,2.00678109001819e-14,-1.58379249041479,NaN,NaN,0,0,NaN,0,0,
590.804642444469,phy_track,4,5,4,3312,8,NaN,NaN,NaN,NaN,-1.58379249041479,NaN,NaN,NaN,NaN,NaN,0,0,
590.863292444469,phy_interval,4,5,4,3312,8,NaN,NaN,NaN,2.00678109001819e-14,-1.58379249041479,NaN,NaN,0,0,NaN,0,0,
590.863292444469,phy_signal_end,4,5,4,3312,8,-109.883905530753,142.883905530753,-2.90890553075294,2.00678109001819e-14,-1.58379249041479,0,0,0,0,0,0,1,accepted
590.876011086064,phy_signal_start,5,1,3,3313,8,-107.875945171156,NaN,-0.900945171156323,NaN,NaN,NaN,NaN,NaN,NaN,NaN,0,0,
590.876023527005,phy_signal_start,4,1,3,3313,8,-120.947516094342,NaN,-13.9725160943423,NaN,NaN,NaN,NaN,NaN,NaN,NaN,0,0,
590.882641086064,phy_interval,5,1,3,3313,8,NaN,NaN,NaN,2.00678109001819e-14,-7.49911506561554,NaN,NaN,0,0,NaN,0,0,
590.882641086064,phy_track,5,1,3,3313,8,NaN,NaN,NaN,NaN,-7.49911506561554,NaN,NaN,NaN,NaN,NaN,0,0,
590.938828977105,phy_signal_end,4,8,2,3311,8,-124.567050032692,157.567050032692,Inf,0,-Inf,0,0,0,0,0,0,0,closure
590.938841420289,phy_signal_end,5,8,2,3311,8,-130.773375084599,163.773375084599,Inf,0,-Inf,0,0,0,0,0,0,0,closure
590.941291086064,phy_interval,5,1,3,3313,8,NaN,NaN,NaN,2.00678109001819e-14,-7.49911506561554,NaN,NaN,0,0,NaN,0,0,
590.941291086064,phy_signal_end,5,1,3,3313,8,-107.875945171156,140.875945171156,-0.900945171156323,2.00678109001819e-14,-7.49911506561554,0,0,0,0,0,0,1,accepted
590.941303527005,phy_interval,4,1,3,3313,8,NaN,NaN,NaN,2.00678109001819e-14,-1.58379249041479,NaN,NaN,1,7,NaN,0,0,
590.941303527005,phy_signal_end,4,1,3,3313,8,-120.947516094342,153.947516094342,-13.9725160943423,2.00678109001819e-14,-1.58379249041479,0.0151165618870165,0.0151165618870165,1,7,8,0,0,sync_threshold
591.045013632365,phy_signal_start,4,2,8,3314,8,-111.467698021168,NaN,-4.49269802116773,NaN,NaN,NaN,NaN,NaN,NaN,NaN,0,0,
591.051643632365,phy_interval,4,2,8,3314,8,NaN,NaN,NaN,2.00678109001819e-14,-1.58379249041479,NaN,NaN,0,0,NaN,0,0,
591.051643632365,phy_track,4,2,8,3314,8,NaN,NaN,NaN,NaN,-1.58379249041479,NaN,NaN,NaN,NaN,NaN,0,0,
591.071019162592,phy_signal_start,5,3,1,3315,8,-117.383020596368,NaN,-10.4080205963685,NaN,NaN,NaN,NaN,NaN,NaN,NaN,0,0,
591.077649162592,phy_interval,5,3,1,3315,8,NaN,NaN,NaN,2.00678109001819e-14,-7.49911506561554,NaN,NaN,0,0,NaN,0,0,
591.077649162592,phy_track,5,3,1,3315,8,NaN,NaN,NaN,NaN,-7.49911506561554,NaN,NaN,NaN,NaN,NaN,0,0,
591.110293632365,phy_interval,4,2,8,3314,8,NaN,NaN,NaN,2.00678109001819e-14,-1.58379249041479,NaN,NaN,0,0,NaN,0,0,
591.110293632365,phy_signal_end,4,2,8,3314,8,-111.467698021168,144.467698021168,-4.49269802116773,2.00678109001819e-14,-1.58379249041479,0,0,0,0,0,0,1,accepted
591.110306076559,phy_signal_end,5,2,8,3314,8,-122.734861677906,155.734861677906,Inf,0,-Inf,0,0,0,0,0,0,0,closure
591.279013632365,phy_signal_start,4,2,8,3316,8,-111.467698021168,NaN,-4.49269802116773,NaN,NaN,NaN,NaN,NaN,NaN,NaN,0,0,
591.285643632365,phy_interval,4,2,8,3316,8,NaN,NaN,NaN,2.00678109001819e-14,-1.58379249041479,NaN,NaN,0,0,NaN,0,0,
591.285643632365,phy_track,4,2,8,3316,8,NaN,NaN,NaN,NaN,-1.58379249041479,NaN,NaN,NaN,NaN,NaN,0,0,
591.315819162592,phy_interval,5,3,1,3315,8,NaN,NaN,NaN,2.00678109001819e-14,-7.49911506561554,NaN,NaN,0,0,NaN,0,0,
591.315819162592,phy_signal_end,5,3,1,3315,8,-117.383020596368,150.383020596368,-10.4080205963685,2.00678109001819e-14,-7.49911506561554,3.40962752323828e-05,3.40962752323828e-05,0,0,0,0,1,accepted
591.315831604377,phy_signal_end,4,3,1,3315,8,-126.074739474425,159.074739474425,Inf,0,-Inf,0,0,0,0,0,0,0,closure
591.318011086064,phy_signal_start,5,1,3,3317,8,-107.875945171156,NaN,-0.900945171156323,NaN,NaN,NaN,NaN,NaN,NaN,NaN,0,0,
591.318023527005,phy_interval,4,2,8,3316,8,NaN,NaN,NaN,2.00678109001819e-14,-1.58379249041479,NaN,NaN,0,0,NaN,0,0,
591.318023527005,phy_signal_start,4,1,3,3317,8,-120.947516094342,NaN,-13.9725160943423,NaN,NaN,NaN,NaN,NaN,NaN,NaN,0,0,
591.324641086064,phy_interval,5,1,3,3317,8,NaN,NaN,NaN,2.00678109001819e-14,-7.49911506561554,NaN,NaN,0,0,NaN,0,0,
591.324641086064,phy_track,5,1,3,3317,8,NaN,NaN,NaN,NaN,-7.49911506561554,NaN,NaN,NaN,NaN,NaN,0,0,
591.344293632365,phy_interval,4,2,8,3316,8,NaN,NaN,NaN,2.00678109001819e-14,-9.4798180731745,NaN,NaN,0,0,NaN,1,0,
591.344293632365,phy_interval,4,1,3,3317,8,NaN,NaN,NaN,2.00678109001819e-14,-9.4798180731745,NaN,NaN,0,1,NaN,1,0,
591.344293632365,phy_signal_end,4,2,8,3316,8,-111.467698021168,144.467698021168,-4.49269802116773,2.00678109001819e-14,-9.4798180731745,0,0,0,0,0,1,1,accepted
591.344306076559,phy_signal_end,5,2,8,3316,8,-122.734861677906,155.734861677906,Inf,0,-Inf,0,0,0,0,0,0,0,closure
591.383291086064,phy_interval,5,1,3,3317,8,NaN,NaN,NaN,2.00678109001819e-14,-7.49911506561554,NaN,NaN,0,0,NaN,0,0,
591.383291086064,phy_signal_end,5,1,3,3317,8,-107.875945171156,140.875945171156,-0.900945171156323,2.00678109001819e-14,-7.49911506561554,0,0,0,0,0,0,1,accepted
591.383303527005,phy_interval,4,1,3,3317,8,NaN,NaN,NaN,2.00678109001819e-14,-9.4798180731745,NaN,NaN,0,5,NaN,1,0,
591.383303527005,phy_signal_end,4,1,3,3317,8,-120.947516094342,153.947516094342,-13.9725160943423,2.00678109001819e-14,-9.4798180731745,0.0163414918796323,0.0163414918796323,0,6,6,1,0,sync_threshold
591.461011086064,phy_signal_start,5,1,3,3319,8,-107.875945171156,NaN,-0.900945171156323,NaN,NaN,NaN,NaN,NaN,NaN,NaN,0,0,
591.461023527005,phy_signal_start,4,1,3,3319,8,-120.947516094342,NaN,-13.9725160943423,NaN,NaN,NaN,NaN,NaN,NaN,NaN,0,0,
591.467641086064,phy_interval,5,1,3,3319,8,NaN,NaN,NaN,2.00678109001819e-14,-7.49911506561554,NaN,NaN,0,0,NaN,0,0,
591.467641086064,phy_track,5,1,3,3319,8,NaN,NaN,NaN,NaN,-7.49911506561554,NaN,NaN,NaN,NaN,NaN,0,0,
591.526291086064,phy_interval,5,1,3,3319,8,NaN,NaN,NaN,2.00678109001819e-14,-7.49911506561554,NaN,NaN,0,0,NaN,0,0,
591.526291086064,phy_signal_end,5,1,3,3319,8,-107.875945171156,140.875945171156,-0.900945171156323,2.00678109001819e-14,-7.49911506561554,0,0,0,0,0,0,1,accepted
591.526303527005,phy_interval,4,1,3,3319,8,NaN,NaN,NaN,2.00678109001819e-14,-9.4798180731745,NaN,NaN,3,5,NaN,0,0,
591.526303527005,phy_signal_end,4,1,3,3319,8,-120.947516094342,153.947516094342,-13.9725160943423,2.00678109001819e-14,-9.4798180731745,0.0151165618870165,0.0151165618870165,3,5,8,0,0,sync_threshold
591.617012444469,phy_signal_start,4,5,1,3320,8,-109.883905530753,NaN,-2.90890553075294,NaN,NaN,NaN,NaN,NaN,NaN,NaN,0,0,
591.623642444469,phy_interval,4,5,1,3320,8,NaN,NaN,NaN,2.00678109001819e-14,-9.4798180731745,NaN,NaN,0,0,NaN,0,0,
591.623642444469,phy_track,4,5,1,3320,8,NaN,NaN,NaN,NaN,-9.4798180731745,NaN,NaN,NaN,NaN,NaN,0,0,
591.640828977105,phy_signal_end,4,8,2,3318,8,-124.567050032692,157.567050032692,Inf,0,-Inf,0,0,0,0,0,0,0,closure
591.640841420289,phy_signal_end,5,8,2,3318,8,-130.773375084599,163.773375084599,Inf,0,-Inf,0,0,0,0,0,0,0,closure
591.708013632365,phy_interval,4,5,1,3320,8,NaN,NaN,NaN,2.00678109001819e-14,-9.4798180731745,NaN,NaN,0,0,NaN,0,0,
591.708013632365,phy_signal_start,4,2,8,3321,8,-111.467698021168,NaN,-4.49269802116773,NaN,NaN,NaN,NaN,NaN,NaN,NaN,0,0,
591.773293632365,phy_interval,4,5,1,3320,8,NaN,NaN,NaN,2.00678109001819e-14,-1.58379249041479,NaN,NaN,0,0,NaN,1,0,
591.773293632365,phy_interval,4,2,8,3321,8,NaN,NaN,NaN,2.00678109001819e-14,-1.58379249041479,NaN,NaN,0,0,NaN,1,0,
591.773293632365,phy_signal_end,4,2,8,3321,8,-111.467698021168,144.467698021168,-4.49269802116773,2.00678109001819e-14,-1.58379249041479,0,0,0,0,0,1,0,not_acquired
591.773306076559,phy_signal_end,5,2,8,3321,8,-122.734861677906,155.734861677906,Inf,0,-Inf,0,0,0,0,0,0,0,closure
591.861812444469,phy_interval,4,5,1,3320,8,NaN,NaN,NaN,2.00678109001819e-14,-1.58379249041479,NaN,NaN,0,0,NaN,1,0,
591.861812444469,phy_signal_end,4,5,1,3320,8,-109.883905530753,142.883905530753,-2.90890553075294,2.00678109001819e-14,-1.58379249041479,0,0,0,0,0,1,1,accepted
591.994019162592,phy_signal_start,5,3,1,3323,8,-117.383020596368,NaN,-10.4080205963685,NaN,NaN,NaN,NaN,NaN,NaN,NaN,0,0,
592.000649162592,phy_interval,5,3,1,3323,8,NaN,NaN,NaN,2.00678109001819e-14,-7.49911506561554,NaN,NaN,0,0,NaN,0,0,
592.000649162592,phy_track,5,3,1,3323,8,NaN,NaN,NaN,NaN,-7.49911506561554,NaN,NaN,NaN,NaN,NaN,0,0,
592.030828977105,phy_signal_end,4,8,2,3322,8,-124.567050032692,157.567050032692,Inf,0,-Inf,0,0,0,0,0,0,0,closure
592.030841420289,phy_signal_end,5,8,2,3322,8,-130.773375084599,163.773375084599,Inf,0,-Inf,0,0,0,0,0,0,0,closure
592.189013632365,phy_signal_start,4,2,8,3324,8,-111.467698021168,NaN,-4.49269802116773,NaN,NaN,NaN,NaN,NaN,NaN,NaN,0,0,
592.195643632365,phy_interval,4,2,8,3324,8,NaN,NaN,NaN,2.00678109001819e-14,-1.58379249041479,NaN,NaN,0,0,NaN,0,0,
592.195643632365,phy_track,4,2,8,3324,8,NaN,NaN,NaN,NaN,-1.58379249041479,NaN,NaN,NaN,NaN,NaN,0,0,
592.238819162592,phy_interval,5,3,1,3323,8,NaN,NaN,NaN,2.00678109001819e-14,-7.49911506561554,NaN,NaN,0,0,NaN,0,0,
592.238819162592,phy_signal_end,5,3,1,3323,8,-117.383020596368,150.383020596368,-10.4080205963685,2.00678109001819e-14,-7.49911506561554,3.40962752323828e-05,3.40962752323828e-05,0,0,0,0,1,accepted
592.238831604377,phy_signal_end,4,3,1,3323,8,-126.074739474425,159.074739474425,Inf,0,-Inf,0,0,0,0,0,0,0,closure
592.254293632365,phy_interval,4,2,8,3324,8,NaN,NaN,NaN,2.00678109001819e-14,-1.58379249041479,NaN,NaN,0,0,NaN,0,0,
592.254293632365,phy_signal_end,4,2,8,3324,8,-111.467698021168,144.467698021168,-4.49269802116773,2.00678109001819e-14,-1.58379249041479,0,0,0,0,0,0,1,accepted
592.254306076559,phy_signal_end,5,2,8,3324,8,-122.734861677906,155.734861677906,Inf,0,-Inf,0,0,0,0,0,0,0,closure
592.267019162592,phy_signal_start,5,3,1,3325,8,-117.383020596368,NaN,-10.4080205963685,NaN,NaN,NaN,NaN,NaN,NaN,NaN,0,0,
592.273649162592,phy_interval,5,3,1,3325,8,NaN,NaN,NaN,2.00678109001819e-14,-7.49911506561554,NaN,NaN,0,0,NaN,0,0,
592.273649162592,phy_track,5,3,1,3325,8,NaN,NaN,NaN,NaN,-7.49911506561554,NaN,NaN,NaN,NaN,NaN,0,0,
592.501012444469,phy_interval,5,3,1,3325,8,NaN,NaN,NaN,2.00678109001819e-14,-7.49911506561554,NaN,NaN,0,0,NaN,0,0,
592.501012444469,phy_signal_start,5,4,5,3327,8,-109.883905530753,NaN,-2.90890553075294,NaN,NaN,NaN,NaN,NaN,NaN,NaN,0,0,
592.511819162592,phy_interval,5,3,1,3325,8,NaN,NaN,NaN,2.00678109001819e-14,-7.49911506561554,NaN,NaN,0,0,NaN,1,0,
592.511819162592,phy_interval,5,4,5,3327,8,NaN,NaN,NaN,2.00678109001819e-14,-7.49911506561554,NaN,NaN,0,0,NaN,1,0,
592.511819162592,phy_signal_end,5,3,1,3325,8,-117.383020596368,150.383020596368,-10.4080205963685,2.00678109001819e-14,-7.49911506561554,7.08084671734674e-05,7.08084671734674e-05,0,0,0,1,1,accepted
592.511831604377,phy_signal_end,4,3,1,3325,8,-126.074739474425,159.074739474425,Inf,0,-Inf,0,0,0,0,0,0,0,closure
592.524828977105,phy_signal_end,4,8,2,3326,8,-124.567050032692,157.567050032692,Inf,0,-Inf,0,0,0,0,0,0,0,closure
592.524841420289,phy_signal_end,5,8,2,3326,8,-130.773375084599,163.773375084599,Inf,0,-Inf,0,0,0,0,0,0,0,closure
592.579011086064,phy_interval,5,4,5,3327,8,NaN,NaN,NaN,2.00678109001819e-14,-7.49911506561554,NaN,NaN,0,0,NaN,1,0,
592.579011086064,phy_signal_start,5,1,3,3328,8,-107.875945171156,NaN,-0.900945171156323,NaN,NaN,NaN,NaN,NaN,NaN,NaN,0,0,
592.579023527005,phy_signal_start,4,1,3,3328,8,-120.947516094342,NaN,-13.9725160943423,NaN,NaN,NaN,NaN,NaN,NaN,NaN,0,0,
592.585641086064,phy_interval,5,4,5,3327,8,NaN,NaN,NaN,2.00678109001819e-14,-2.00796035959661,NaN,NaN,0,0,NaN,2,0,
592.585641086064,phy_interval,5,1,3,3328,8,NaN,NaN,NaN,2.00678109001819e-14,-2.00796035959661,NaN,NaN,0,0,NaN,1,0,
592.585641086064,phy_track,5,1,3,3328,8,NaN,NaN,NaN,NaN,-2.00796035959661,NaN,NaN,NaN,NaN,NaN,0,0,
592.686111086064,phy_interval,5,4,5,3327,8,NaN,NaN,NaN,2.00678109001819e-14,-2.00796035959661,NaN,NaN,0,0,NaN,2,0,
592.686111086064,phy_interval,5,1,3,3328,8,NaN,NaN,NaN,2.00678109001819e-14,-2.00796035959661,NaN,NaN,0,0,NaN,1,0,
592.686111086064,phy_signal_end,5,1,3,3328,8,-107.875945171156,140.875945171156,-0.900945171156323,2.00678109001819e-14,-2.00796035959661,0,0,0,0,0,1,1,accepted
592.686123527005,phy_interval,4,1,3,3328,8,NaN,NaN,NaN,2.00678109001819e-14,-1.58379249041479,NaN,NaN,0,13,NaN,0,0,
592.686123527005,phy_signal_end,4,1,3,3328,8,-120.947516094342,153.947516094342,-13.9725160943423,2.00678109001819e-14,-1.58379249041479,0.0151165618870165,0.0151165618870165,0,13,13,0,0,half_duplex
592.745812444469,phy_interval,5,4,5,3327,8,NaN,NaN,NaN,2.00678109001819e-14,-2.00796035959661,NaN,NaN,0,0,NaN,2,0,
592.745812444469,phy_signal_end,5,4,5,3327,8,-109.883905530753,142.883905530753,-2.90890553075294,2.00678109001819e-14,-2.00796035959661,0,0,0,0,0,2,0,not_acquired
592.774012444469,phy_signal_start,4,5,1,3330,8,-109.883905530753,NaN,-2.90890553075294,NaN,NaN,NaN,NaN,NaN,NaN,NaN,0,0,
592.780642444469,phy_interval,4,5,1,3330,8,NaN,NaN,NaN,2.00678109001819e-14,-1.58379249041479,NaN,NaN,0,0,NaN,0,0,
592.780642444469,phy_track,4,5,1,3330,8,NaN,NaN,NaN,NaN,-1.58379249041479,NaN,NaN,NaN,NaN,NaN,0,0,
593.005828977105,phy_signal_end,4,8,2,3329,8,-124.567050032692,157.567050032692,Inf,0,-Inf,0,0,0,0,0,0,0,closure
593.005841420289,phy_signal_end,5,8,2,3329,8,-130.773375084599,163.773375084599,Inf,0,-Inf,0,0,0,0,0,0,0,closure
593.018812444469,phy_interval,4,5,1,3330,8,NaN,NaN,NaN,2.00678109001819e-14,-1.58379249041479,NaN,NaN,0,0,NaN,0,0,
593.018812444469,phy_signal_end,4,5,1,3330,8,-109.883905530753,142.883905530753,-2.90890553075294,2.00678109001819e-14,-1.58379249041479,0,0,0,0,0,0,1,accepted
593.099013632365,phy_signal_start,4,2,8,3331,8,-111.467698021168,NaN,-4.49269802116773,NaN,NaN,NaN,NaN,NaN,NaN,NaN,0,0,
593.105643632365,phy_interval,4,2,8,3331,8,NaN,NaN,NaN,2.00678109001819e-14,-1.58379249041479,NaN,NaN,0,0,NaN,0,0,
593.105643632365,phy_track,4,2,8,3331,8,NaN,NaN,NaN,NaN,-1.58379249041479,NaN,NaN,NaN,NaN,NaN,0,0,
593.164293632365,phy_interval,4,2,8,3331,8,NaN,NaN,NaN,2.00678109001819e-14,-1.58379249041479,NaN,NaN,0,0,NaN,0,0,
593.164293632365,phy_signal_end,4,2,8,3331,8,-111.467698021168,144.467698021168,-4.49269802116773,2.00678109001819e-14,-1.58379249041479,0,0,0,0,0,0,1,accepted
593.164306076559,phy_signal_end,5,2,8,3331,8,-122.734861677906,155.734861677906,Inf,0,-Inf,0,0,0,0,0,0,0,closure
593.190011086064,phy_signal_start,5,1,3,3332,8,-107.875945171156,NaN,-0.900945171156323,NaN,NaN,NaN,NaN,NaN,NaN,NaN,0,0,
593.190023527005,phy_signal_start,4,1,3,3332,8,-120.947516094342,NaN,-13.9725160943423,NaN,NaN,NaN,NaN,NaN,NaN,NaN,0,0,
593.196641086064,phy_interval,5,1,3,3332,8,NaN,NaN,NaN,2.00678109001819e-14,-2.00796035959661,NaN,NaN,0,0,NaN,0,0,
593.196641086064,phy_track,5,1,3,3332,8,NaN,NaN,NaN,NaN,-2.00796035959661,NaN,NaN,NaN,NaN,NaN,0,0,
593.297111086064,phy_interval,5,1,3,3332,8,NaN,NaN,NaN,2.00678109001819e-14,-2.00796035959661,NaN,NaN,0,0,NaN,0,0,
593.297111086064,phy_signal_end,5,1,3,3332,8,-107.875945171156,140.875945171156,-0.900945171156323,2.00678109001819e-14,-2.00796035959661,0,0,0,0,0,0,1,accepted
593.297123527005,phy_interval,4,1,3,3332,8,NaN,NaN,NaN,2.00678109001819e-14,-1.58379249041479,NaN,NaN,0,8,NaN,0,0,
593.297123527005,phy_signal_end,4,1,3,3332,8,-120.947516094342,153.947516094342,-13.9725160943423,2.00678109001819e-14,-1.58379249041479,0.0151165618870165,0.0151165618870165,0,8,8,0,0,sync_threshold
593.346012444469,phy_signal_start,4,5,1,3334,8,-109.883905530753,NaN,-2.90890553075294,NaN,NaN,NaN,NaN,NaN,NaN,NaN,0,0,
593.346019162592,phy_signal_start,5,3,1,3333,8,-117.383020596368,NaN,-10.4080205963685,NaN,NaN,NaN,NaN,NaN,NaN,NaN,0,0,
593.352642444469,phy_interval,4,5,1,3334,8,NaN,NaN,NaN,2.00678109001819e-14,-1.58379249041479,NaN,NaN,0,0,NaN,0,0,
593.352642444469,phy_track,4,5,1,3334,8,NaN,NaN,NaN,NaN,-1.58379249041479,NaN,NaN,NaN,NaN,NaN,0,0,
593.411013632365,phy_interval,4,5,1,3334,8,NaN,NaN,NaN,2.00678109001819e-14,-1.58379249041479,NaN,NaN,0,0,NaN,0,0,
593.411013632365,phy_signal_start,4,2,8,3335,8,-111.467698021168,NaN,-4.49269802116773,NaN,NaN,NaN,NaN,NaN,NaN,NaN,0,0,
593.476293632365,phy_interval,4,5,1,3334,8,NaN,NaN,NaN,2.00678109001819e-14,-1.58379249041479,NaN,NaN,0,0,NaN,1,0,
593.476293632365,phy_interval,4,2,8,3335,8,NaN,NaN,NaN,2.00678109001819e-14,-1.58379249041479,NaN,NaN,0,0,NaN,1,0,
593.476293632365,phy_signal_end,4,2,8,3335,8,-111.467698021168,144.467698021168,-4.49269802116773,2.00678109001819e-14,-1.58379249041479,0,0,0,0,0,1,0,not_acquired
593.476306076559,phy_signal_end,5,2,8,3335,8,-122.734861677906,155.734861677906,Inf,0,-Inf,0,0,0,0,0,0,0,closure
593.541013632365,phy_interval,4,5,1,3334,8,NaN,NaN,NaN,2.00678109001819e-14,-1.58379249041479,NaN,NaN,0,0,NaN,1,0,
593.541013632365,phy_signal_start,4,2,8,3336,8,-111.467698021168,NaN,-4.49269802116773,NaN,NaN,NaN,NaN,NaN,NaN,NaN,0,0,
593.590812444469,phy_interval,4,5,1,3334,8,NaN,NaN,NaN,2.00678109001819e-14,-1.58379249041479,NaN,NaN,0,0,NaN,2,0,
593.590812444469,phy_interval,4,2,8,3336,8,NaN,NaN,NaN,2.00678109001819e-14,-1.58379249041479,NaN,NaN,0,0,NaN,1,0,
593.590812444469,phy_signal_end,4,5,1,3334,8,-109.883905530753,142.883905530753,-2.90890553075294,2.00678109001819e-14,-1.58379249041479,0,0,0,0,0,2,1,accepted
593.590819162592,phy_interval,5,3,1,3333,8,NaN,NaN,NaN,2.00678109001819e-14,-2.00796035959661,NaN,NaN,0,0,NaN,0,0,
593.590819162592,phy_signal_end,5,3,1,3333,8,-117.383020596368,150.383020596368,-10.4080205963685,2.00678109001819e-14,-2.00796035959661,3.40962752323828e-05,3.40962752323828e-05,0,0,0,0,0,half_duplex
593.590831604377,phy_signal_end,4,3,1,3333,8,-126.074739474425,159.074739474425,Inf,0,-Inf,0,0,0,0,0,0,0,closure
593.606293632365,phy_interval,4,2,8,3336,8,NaN,NaN,NaN,2.00678109001819e-14,-1.58379249041479,NaN,NaN,0,0,NaN,1,0,
593.606293632365,phy_signal_end,4,2,8,3336,8,-111.467698021168,144.467698021168,-4.49269802116773,2.00678109001819e-14,-1.58379249041479,0,0,0,0,0,1,0,not_acquired
593.606306076559,phy_signal_end,5,2,8,3336,8,-122.734861677906,155.734861677906,Inf,0,-Inf,0,0,0,0,0,0,0,closure
593.866012444469,phy_signal_start,4,5,1,3337,8,-109.883905530753,NaN,-2.90890553075294,NaN,NaN,NaN,NaN,NaN,NaN,NaN,0,0,
593.872642444469,phy_interval,4,5,1,3337,8,NaN,NaN,NaN,2.00678109001819e-14,-1.58379249041479,NaN,NaN,0,0,NaN,0,0,
593.872642444469,phy_track,4,5,1,3337,8,NaN,NaN,NaN,NaN,-1.58379249041479,NaN,NaN,NaN,NaN,NaN,0,0,
593.931013632365,phy_interval,4,5,1,3337,8,NaN,NaN,NaN,2.00678109001819e-14,-1.58379249041479,NaN,NaN,0,0,NaN,0,0,
593.931013632365,phy_signal_start,4,2,8,3338,8,-111.467698021168,NaN,-4.49269802116773,NaN,NaN,NaN,NaN,NaN,NaN,NaN,0,0,
593.996293632365,phy_interval,4,5,1,3337,8,NaN,NaN,NaN,2.00678109001819e-14,-1.58379249041479,NaN,NaN,0,0,NaN,1,0,
593.996293632365,phy_interval,4,2,8,3338,8,NaN,NaN,NaN,2.00678109001819e-14,-1.58379249041479,NaN,NaN,0,0,NaN,1,0,
593.996293632365,phy_signal_end,4,2,8,3338,8,-111.467698021168,144.467698021168,-4.49269802116773,2.00678109001819e-14,-1.58379249041479,0,0,0,0,0,1,0,not_acquired
593.996306076559,phy_signal_end,5,2,8,3338,8,-122.734861677906,155.734861677906,Inf,0,-Inf,0,0,0,0,0,0,0,closure
594.022013632365,phy_interval,4,5,1,3337,8,NaN,NaN,NaN,2.00678109001819e-14,-1.58379249041479,NaN,NaN,0,0,NaN,1,0,
594.022013632365,phy_signal_start,4,2,8,3339,8,-111.467698021168,NaN,-4.49269802116773,NaN,NaN,NaN,NaN,NaN,NaN,NaN,0,0,
594.087293632365,phy_interval,4,5,1,3337,8,NaN,NaN,NaN,2.00678109001819e-14,-1.58379249041479,NaN,NaN,0,0,NaN,2,0,
594.087293632365,phy_interval,4,2,8,3339,8,NaN,NaN,NaN,2.00678109001819e-14,-1.58379249041479,NaN,NaN,0,0,NaN,1,0,
594.087293632365,phy_signal_end,4,2,8,3339,8,-111.467698021168,144.467698021168,-4.49269802116773,2.00678109001819e-14,-1.58379249041479,0,0,0,0,0,1,0,not_acquired
594.087306076559,phy_signal_end,5,2,8,3339,8,-122.734861677906,155.734861677906,Inf,0,-Inf,0,0,0,0,0,0,0,closure
594.110812444469,phy_interval,4,5,1,3337,8,NaN,NaN,NaN,2.00678109001819e-14,-1.58379249041479,NaN,NaN,0,0,NaN,2,0,
594.110812444469,phy_signal_end,4,5,1,3337,8,-109.883905530753,142.883905530753,-2.90890553075294,2.00678109001819e-14,-1.58379249041479,0,0,0,0,0,2,1,accepted
594.126011086064,phy_signal_start,5,1,3,3340,8,-107.875945171156,NaN,-0.900945171156323,NaN,NaN,NaN,NaN,NaN,NaN,NaN,0,0,
594.126023527005,phy_signal_start,4,1,3,3340,8,-120.947516094342,NaN,-13.9725160943423,NaN,NaN,NaN,NaN,NaN,NaN,NaN,0,0,
594.132641086064,phy_interval,5,1,3,3340,8,NaN,NaN,NaN,2.00678109001819e-14,-2.00796035959661,NaN,NaN,0,0,NaN,0,0,
594.132641086064,phy_track,5,1,3,3340,8,NaN,NaN,NaN,NaN,-2.00796035959661,NaN,NaN,NaN,NaN,NaN,0,0,
594.165013632365,phy_interval,4,1,3,3340,8,NaN,NaN,NaN,2.00678109001819e-14,-1.58379249041479,NaN,NaN,4,2,NaN,0,0,
594.165013632365,phy_signal_start,4,2,4,3341,8,-111.467698021168,NaN,-4.49269802116773,NaN,NaN,NaN,NaN,NaN,NaN,NaN,0,0,
594.171643632365,phy_interval,4,1,3,3340,8,NaN,NaN,NaN,2.00678109001819e-14,-9.4798180731745,NaN,NaN,0,1,NaN,1,0,
594.171643632365,phy_interval,4,2,4,3341,8,NaN,NaN,NaN,2.00678109001819e-14,-9.4798180731745,NaN,NaN,0,0,NaN,1,0,
594.171643632365,phy_track,4,2,4,3341,8,NaN,NaN,NaN,NaN,-9.4798180731745,NaN,NaN,NaN,NaN,NaN,0,0,
594.233111086064,phy_interval,5,1,3,3340,8,NaN,NaN,NaN,2.00678109001819e-14,-2.00796035959661,NaN,NaN,0,0,NaN,0,0,
594.233111086064,phy_signal_end,5,1,3,3340,8,-107.875945171156,140.875945171156,-0.900945171156323,2.00678109001819e-14,-2.00796035959661,0,0,0,0,0,0,1,accepted
594.233123527005,phy_interval,4,1,3,3340,8,NaN,NaN,NaN,2.00678109001819e-14,-9.4798180731745,NaN,NaN,0,5,NaN,1,0,
594.233123527005,phy_interval,4,2,4,3341,8,NaN,NaN,NaN,2.00678109001819e-14,-9.4798180731745,NaN,NaN,0,0,NaN,1,0,
594.233123527005,phy_signal_end,4,1,3,3340,8,-120.947516094342,153.947516094342,-13.9725160943423,2.00678109001819e-14,-9.4798180731745,0.0159403866428901,0.0159403866428901,4,8,12,1,0,sync_threshold
594.308019162592,phy_signal_start,5,3,1,3342,8,-117.383020596368,NaN,-10.4080205963685,NaN,NaN,NaN,NaN,NaN,NaN,NaN,0,0,
594.314649162592,phy_interval,5,3,1,3342,8,NaN,NaN,NaN,2.00678109001819e-14,-2.00796035959661,NaN,NaN,0,0,NaN,0,0,
594.314649162592,phy_track,5,3,1,3342,8,NaN,NaN,NaN,NaN,-2.00796035959661,NaN,NaN,NaN,NaN,NaN,0,0,
594.409813632365,phy_interval,4,2,4,3341,8,NaN,NaN,NaN,2.00678109001819e-14,-9.4798180731745,NaN,NaN,0,0,NaN,1,0,
594.409813632365,phy_signal_end,4,2,4,3341,8,-111.467698021168,144.467698021168,-4.49269802116773,2.00678109001819e-14,-9.4798180731745,0,0,0,0,0,1,1,accepted
594.409826076559,phy_signal_end,5,2,4,3341,8,-122.734861677906,155.734861677906,Inf,0,-Inf,0,0,0,0,0,0,0,closure
594.552819162592,phy_interval,5,3,1,3342,8,NaN,NaN,NaN,2.00678109001819e-14,-2.00796035959661,NaN,NaN,0,0,NaN,0,0,
594.552819162592,phy_signal_end,5,3,1,3342,8,-117.383020596368,150.383020596368,-10.4080205963685,2.00678109001819e-14,-2.00796035959661,3.40962752323828e-05,3.40962752323828e-05,0,0,0,0,1,accepted
594.552831604377,phy_signal_end,4,3,1,3342,8,-126.074739474425,159.074739474425,Inf,0,-Inf,0,0,0,0,0,0,0,closure
594.581011086064,phy_signal_start,5,1,3,3343,8,-107.875945171156,NaN,-0.900945171156323,NaN,NaN,NaN,NaN,NaN,NaN,NaN,0,0,
594.581023527005,phy_signal_start,4,1,3,3343,8,-120.947516094342,NaN,-13.9725160943423,NaN,NaN,NaN,NaN,NaN,NaN,NaN,0,0,
594.587641086064,phy_interval,5,1,3,3343,8,NaN,NaN,NaN,2.00678109001819e-14,-2.00796035959661,NaN,NaN,0,0,NaN,0,0,
594.587641086064,phy_track,5,1,3,3343,8,NaN,NaN,NaN,NaN,-2.00796035959661,NaN,NaN,NaN,NaN,NaN,0,0,
594.607012444469,phy_interval,5,1,3,3343,8,NaN,NaN,NaN,2.00678109001819e-14,-2.00796035959661,NaN,NaN,0,0,NaN,0,0,
594.607012444469,phy_signal_start,5,4,2,3344,8,-109.883905530753,NaN,-2.90890553075294,NaN,NaN,NaN,NaN,NaN,NaN,NaN,0,0,
594.672292444469,phy_interval,5,1,3,3343,8,NaN,NaN,NaN,2.00678109001819e-14,-2.00796035959661,NaN,NaN,0,0,NaN,1,0,
594.672292444469,phy_interval,5,4,2,3344,8,NaN,NaN,NaN,2.00678109001819e-14,-2.00796035959661,NaN,NaN,0,0,NaN,1,0,
594.672292444469,phy_signal_end,5,4,2,3344,8,-109.883905530753,142.883905530753,-2.90890553075294,2.00678109001819e-14,-2.00796035959661,0,0,0,0,0,1,0,not_acquired
594.688111086064,phy_interval,5,1,3,3343,8,NaN,NaN,NaN,2.00678109001819e-14,-2.00796035959661,NaN,NaN,0,0,NaN,1,0,
594.688111086064,phy_signal_end,5,1,3,3343,8,-107.875945171156,140.875945171156,-0.900945171156323,2.00678109001819e-14,-2.00796035959661,0,0,0,0,0,1,1,accepted
594.688123527005,phy_interval,4,1,3,3343,8,NaN,NaN,NaN,2.00678109001819e-14,-9.4798180731745,NaN,NaN,3,11,NaN,0,0,
594.688123527005,phy_signal_end,4,1,3,3343,8,-120.947516094342,153.947516094342,-13.9725160943423,2.00678109001819e-14,-9.4798180731745,0.0151165618870165,0.0151165618870165,3,11,14,0,0,half_duplex
594.828019162592,phy_signal_start,5,3,1,3345,8,-117.383020596368,NaN,-10.4080205963685,NaN,NaN,NaN,NaN,NaN,NaN,NaN,0,0,
594.834649162592,phy_interval,5,3,1,3345,8,NaN,NaN,NaN,2.00678109001819e-14,-2.00796035959661,NaN,NaN,0,0,NaN,0,0,
594.834649162592,phy_track,5,3,1,3345,8,NaN,NaN,NaN,NaN,-2.00796035959661,NaN,NaN,NaN,NaN,NaN,0,0,
594.958012444469,phy_interval,5,3,1,3345,8,NaN,NaN,NaN,2.00678109001819e-14,-2.00796035959661,NaN,NaN,0,0,NaN,0,0,
594.958012444469,phy_signal_start,5,4,2,3346,8,-109.883905530753,NaN,-2.90890553075294,NaN,NaN,NaN,NaN,NaN,NaN,NaN,0,0,
595.023292444469,phy_interval,5,3,1,3345,8,NaN,NaN,NaN,2.00678109001819e-14,-7.49911506561554,NaN,NaN,0,0,NaN,1,0,
595.023292444469,phy_interval,5,4,2,3346,8,NaN,NaN,NaN,2.00678109001819e-14,-7.49911506561554,NaN,NaN,0,0,NaN,1,0,
595.023292444469,phy_signal_end,5,4,2,3346,8,-109.883905530753,142.883905530753,-2.90890553075294,2.00678109001819e-14,-7.49911506561554,0,0,0,0,0,1,0,not_acquired
595.072819162592,phy_interval,5,3,1,3345,8,NaN,NaN,NaN,2.00678109001819e-14,-7.49911506561554,NaN,NaN,0,0,NaN,1,0,
595.072819162592,phy_signal_end,5,3,1,3345,8,-117.383020596368,150.383020596368,-10.4080205963685,2.00678109001819e-14,-7.49911506561554,7.03138621799548e-05,7.03138621799548e-05,0,0,0,1,1,accepted
595.072831604377,phy_signal_end,4,3,1,3345,8,-126.074739474425,159.074739474425,Inf,0,-Inf,0,0,0,0,0,0,0,closure
595.153012444469,phy_signal_start,4,5,1,3347,8,-109.883905530753,NaN,-2.90890553075294,NaN,NaN,NaN,NaN,NaN,NaN,NaN,0,0,
595.159642444469,phy_interval,4,5,1,3347,8,NaN,NaN,NaN,2.00678109001819e-14,-9.4798180731745,NaN,NaN,0,0,NaN,0,0,
595.159642444469,phy_track,4,5,1,3347,8,NaN,NaN,NaN,NaN,-9.4798180731745,NaN,NaN,NaN,NaN,NaN,0,0,
595.397812444469,phy_interval,4,5,1,3347,8,NaN,NaN,NaN,2.00678109001819e-14,-9.4798180731745,NaN,NaN,0,0,NaN,0,0,
595.397812444469,phy_signal_end,4,5,1,3347,8,-109.883905530753,142.883905530753,-2.90890553075294,2.00678109001819e-14,-9.4798180731745,0,0,0,0,0,0,1,accepted
595.400012444469,phy_signal_start,5,4,2,3349,8,-109.883905530753,NaN,-2.90890553075294,NaN,NaN,NaN,NaN,NaN,NaN,NaN,0,0,
595.406642444469,phy_interval,5,4,2,3349,8,NaN,NaN,NaN,2.00678109001819e-14,-7.49911506561554,NaN,NaN,0,0,NaN,0,0,
595.406642444469,phy_track,5,4,2,3349,8,NaN,NaN,NaN,NaN,-7.49911506561554,NaN,NaN,NaN,NaN,NaN,0,0,
595.465292444469,phy_interval,5,4,2,3349,8,NaN,NaN,NaN,2.00678109001819e-14,-7.49911506561554,NaN,NaN,0,0,NaN,0,0,
595.465292444469,phy_signal_end,5,4,2,3349,8,-109.883905530753,142.883905530753,-2.90890553075294,2.00678109001819e-14,-7.49911506561554,0,0,0,0,0,0,1,accepted
595.478012444469,phy_signal_start,4,5,1,3350,8,-109.883905530753,NaN,-2.90890553075294,NaN,NaN,NaN,NaN,NaN,NaN,NaN,0,0,
595.484642444469,phy_interval,4,5,1,3350,8,NaN,NaN,NaN,2.00678109001819e-14,-9.4798180731745,NaN,NaN,0,0,NaN,0,0,
595.484642444469,phy_track,4,5,1,3350,8,NaN,NaN,NaN,NaN,-9.4798180731745,NaN,NaN,NaN,NaN,NaN,0,0,
595.514828977105,phy_signal_end,4,8,2,3348,8,-124.567050032692,157.567050032692,Inf,0,-Inf,0,0,0,0,0,0,0,closure
595.514841420289,phy_signal_end,5,8,2,3348,8,-130.773375084599,163.773375084599,Inf,0,-Inf,0,0,0,0,0,0,0,closure
595.621013632365,phy_interval,4,5,1,3350,8,NaN,NaN,NaN,2.00678109001819e-14,-9.4798180731745,NaN,NaN,0,0,NaN,0,0,
595.621013632365,phy_signal_start,4,2,8,3351,8,-111.467698021168,NaN,-4.49269802116773,NaN,NaN,NaN,NaN,NaN,NaN,NaN,0,0,
595.686293632365,phy_interval,4,5,1,3350,8,NaN,NaN,NaN,2.00678109001819e-14,-1.58379249041479,NaN,NaN,0,0,NaN,1,0,
595.686293632365,phy_interval,4,2,8,3351,8,NaN,NaN,NaN,2.00678109001819e-14,-1.58379249041479,NaN,NaN,0,0,NaN,1,0,
595.686293632365,phy_signal_end,4,2,8,3351,8,-111.467698021168,144.467698021168,-4.49269802116773,2.00678109001819e-14,-1.58379249041479,0,0,0,0,0,1,0,not_acquired
595.686306076559,phy_signal_end,5,2,8,3351,8,-122.734861677906,155.734861677906,Inf,0,-Inf,0,0,0,0,0,0,0,closure
595.722812444469,phy_interval,4,5,1,3350,8,NaN,NaN,NaN,2.00678109001819e-14,-1.58379249041479,NaN,NaN,0,0,NaN,1,0,
595.722812444469,phy_signal_end,4,5,1,3350,8,-109.883905530753,142.883905530753,-2.90890553075294,2.00678109001819e-14,-1.58379249041479,0,0,0,0,0,1,1,accepted
595.777011086064,phy_signal_start,5,1,3,3352,8,-107.875945171156,NaN,-0.900945171156323,NaN,NaN,NaN,NaN,NaN,NaN,NaN,0,0,
595.777023527005,phy_signal_start,4,1,3,3352,8,-120.947516094342,NaN,-13.9725160943423,NaN,NaN,NaN,NaN,NaN,NaN,NaN,0,0,
595.783641086064,phy_interval,5,1,3,3352,8,NaN,NaN,NaN,2.00678109001819e-14,-7.49911506561554,NaN,NaN,0,0,NaN,0,0,
595.783641086064,phy_track,5,1,3,3352,8,NaN,NaN,NaN,NaN,-7.49911506561554,NaN,NaN,NaN,NaN,NaN,0,0,
595.884111086064,phy_interval,5,1,3,3352,8,NaN,NaN,NaN,2.00678109001819e-14,-7.49911506561554,NaN,NaN,0,0,NaN,0,0,
595.884111086064,phy_signal_end,5,1,3,3352,8,-107.875945171156,140.875945171156,-0.900945171156323,2.00678109001819e-14,-7.49911506561554,0,0,0,0,0,0,1,accepted
595.884123527005,phy_interval,4,1,3,3352,8,NaN,NaN,NaN,2.00678109001819e-14,-1.58379249041479,NaN,NaN,1,14,NaN,0,0,
595.884123527005,phy_signal_end,4,1,3,3352,8,-120.947516094342,153.947516094342,-13.9725160943423,2.00678109001819e-14,-1.58379249041479,0.0151165618870165,0.0151165618870165,1,14,15,0,0,sync_threshold
595.894011086064,phy_signal_start,5,1,3,3353,8,-107.875945171156,NaN,-0.900945171156323,NaN,NaN,NaN,NaN,NaN,NaN,NaN,0,0,
595.894023527005,phy_signal_start,4,1,3,3353,8,-120.947516094342,NaN,-13.9725160943423,NaN,NaN,NaN,NaN,NaN,NaN,NaN,0,0,
595.900641086064,phy_interval,5,1,3,3353,8,NaN,NaN,NaN,2.00678109001819e-14,-7.49911506561554,NaN,NaN,0,0,NaN,0,0,
595.900641086064,phy_track,5,1,3,3353,8,NaN,NaN,NaN,NaN,-7.49911506561554,NaN,NaN,NaN,NaN,NaN,0,0,
596.001111086064,phy_interval,5,1,3,3353,8,NaN,NaN,NaN,2.00678109001819e-14,-7.49911506561554,NaN,NaN,0,0,NaN,0,0,
596.001111086064,phy_signal_end,5,1,3,3353,8,-107.875945171156,140.875945171156,-0.900945171156323,2.00678109001819e-14,-7.49911506561554,0,0,0,0,0,0,1,accepted
596.001123527005,phy_interval,4,1,3,3353,8,NaN,NaN,NaN,2.00678109001819e-14,-1.58379249041479,NaN,NaN,0,13,NaN,0,0,
596.001123527005,phy_signal_end,4,1,3,3353,8,-120.947516094342,153.947516094342,-13.9725160943423,2.00678109001819e-14,-1.58379249041479,0.0151165618870165,0.0151165618870165,0,13,13,0,0,sync_threshold
596.011013632365,phy_signal_start,4,2,8,3354,8,-111.467698021168,NaN,-4.49269802116773,NaN,NaN,NaN,NaN,NaN,NaN,NaN,0,0,
596.017643632365,phy_interval,4,2,8,3354,8,NaN,NaN,NaN,2.00678109001819e-14,-1.58379249041479,NaN,NaN,0,0,NaN,0,0,
596.017643632365,phy_track,4,2,8,3354,8,NaN,NaN,NaN,NaN,-1.58379249041479,NaN,NaN,NaN,NaN,NaN,0,0,
596.076293632365,phy_interval,4,2,8,3354,8,NaN,NaN,NaN,2.00678109001819e-14,-1.58379249041479,NaN,NaN,0,0,NaN,0,0,
596.076293632365,phy_signal_end,4,2,8,3354,8,-111.467698021168,144.467698021168,-4.49269802116773,2.00678109001819e-14,-1.58379249041479,0,0,0,0,0,0,1,accepted
596.076306076559,phy_signal_end,5,2,8,3354,8,-122.734861677906,155.734861677906,Inf,0,-Inf,0,0,0,0,0,0,0,closure
596.089012444469,phy_signal_start,5,4,2,3355,8,-109.883905530753,NaN,-2.90890553075294,NaN,NaN,NaN,NaN,NaN,NaN,NaN,0,0,
596.095642444469,phy_interval,5,4,2,3355,8,NaN,NaN,NaN,2.00678109001819e-14,-7.49911506561554,NaN,NaN,0,0,NaN,0,0,
596.095642444469,phy_track,5,4,2,3355,8,NaN,NaN,NaN,NaN,-7.49911506561554,NaN,NaN,NaN,NaN,NaN,0,0,
596.115019162592,phy_interval,5,4,2,3355,8,NaN,NaN,NaN,2.00678109001819e-14,-7.49911506561554,NaN,NaN,0,0,NaN,0,0,
596.115019162592,phy_signal_start,5,3,1,3356,8,-117.383020596368,NaN,-10.4080205963685,NaN,NaN,NaN,NaN,NaN,NaN,NaN,0,0,
596.154292444469,phy_interval,5,4,2,3355,8,NaN,NaN,NaN,2.00678109001819e-14,-7.49911506561554,NaN,NaN,0,0,NaN,1,0,
596.154292444469,phy_interval,5,3,1,3356,8,NaN,NaN,NaN,2.00678109001819e-14,-7.49911506561554,NaN,NaN,0,0,NaN,1,0,
596.154292444469,phy_signal_end,5,4,2,3355,8,-109.883905530753,142.883905530753,-2.90890553075294,2.00678109001819e-14,-7.49911506561554,0,0,0,0,0,1,1,accepted
596.219012444469,phy_signal_start,4,5,1,3357,8,-109.883905530753,NaN,-2.90890553075294,NaN,NaN,NaN,NaN,NaN,NaN,NaN,0,0,
596.225642444469,phy_interval,4,5,1,3357,8,NaN,NaN,NaN,2.00678109001819e-14,-1.58379249041479,NaN,NaN,0,0,NaN,0,0,
596.225642444469,phy_track,4,5,1,3357,8,NaN,NaN,NaN,NaN,-1.58379249041479,NaN,NaN,NaN,NaN,NaN,0,0,
596.323013632365,phy_interval,4,5,1,3357,8,NaN,NaN,NaN,2.00678109001819e-14,-1.58379249041479,NaN,NaN,0,0,NaN,0,0,
596.323013632365,phy_signal_start,4,2,8,3358,8,-111.467698021168,NaN,-4.49269802116773,NaN,NaN,NaN,NaN,NaN,NaN,NaN,0,0,
596.359819162592,phy_interval,5,3,1,3356,8,NaN,NaN,NaN,2.00678109001819e-14,-7.49911506561554,NaN,NaN,0,0,NaN,1,0,
596.359819162592,phy_signal_end,5,3,1,3356,8,-117.383020596368,150.383020596368,-10.4080205963685,2.00678109001819e-14,-7.49911506561554,6.45601699586653e-05,6.45601699586653e-05,0,0,0,1,0,half_duplex
596.359831604377,phy_signal_end,4,3,1,3356,8,-126.074739474425,159.074739474425,Inf,0,-Inf,0,0,0,0,0,0,0,closure
596.388293632365,phy_interval,4,5,1,3357,8,NaN,NaN,NaN,2.00678109001819e-14,-1.58379249041479,NaN,NaN,0,0,NaN,1,0,
596.388293632365,phy_interval,4,2,8,3358,8,NaN,NaN,NaN,2.00678109001819e-14,-1.58379249041479,NaN,NaN,0,0,NaN,1,0,
596.388293632365,phy_signal_end,4,2,8,3358,8,-111.467698021168,144.467698021168,-4.49269802116773,2.00678109001819e-14,-1.58379249041479,0,0,0,0,0,1,0,not_acquired
596.388306076559,phy_signal_end,5,2,8,3358,8,-122.734861677906,155.734861677906,Inf,0,-Inf,0,0,0,0,0,0,0,closure
596.427019162592,phy_signal_start,5,3,1,3359,8,-117.383020596368,NaN,-10.4080205963685,NaN,NaN,NaN,NaN,NaN,NaN,NaN,0,0,
596.463812444469,phy_interval,4,5,1,3357,8,NaN,NaN,NaN,2.00678109001819e-14,-1.58379249041479,NaN,NaN,0,0,NaN,1,0,
596.463812444469,phy_signal_end,4,5,1,3357,8,-109.883905530753,142.883905530753,-2.90890553075294,2.00678109001819e-14,-1.58379249041479,0,0,0,0,0,1,1,accepted
596.518012444469,phy_signal_start,4,5,1,3360,8,-109.883905530753,NaN,-2.90890553075294,NaN,NaN,NaN,NaN,NaN,NaN,NaN,0,0,
596.524642444469,phy_interval,4,5,1,3360,8,NaN,NaN,NaN,2.00678109001819e-14,-1.58379249041479,NaN,NaN,0,0,NaN,0,0,
596.524642444469,phy_track,4,5,1,3360,8,NaN,NaN,NaN,NaN,-1.58379249041479,NaN,NaN,NaN,NaN,NaN,0,0,
596.648013632365,phy_interval,4,5,1,3360,8,NaN,NaN,NaN,2.00678109001819e-14,-1.58379249041479,NaN,NaN,0,0,NaN,0,0,
596.648013632365,phy_signal_start,4,2,8,3361,8,-111.467698021168,NaN,-4.49269802116773,NaN,NaN,NaN,NaN,NaN,NaN,NaN,0,0,
596.671819162592,phy_interval,5,3,1,3359,8,NaN,NaN,NaN,2.00678109001819e-14,-7.49911506561554,NaN,NaN,0,0,NaN,0,0,
596.671819162592,phy_signal_end,5,3,1,3359,8,-117.383020596368,150.383020596368,-10.4080205963685,2.00678109001819e-14,-7.49911506561554,3.40962752323828e-05,3.40962752323828e-05,0,0,0,0,0,half_duplex
596.671831604377,phy_signal_end,4,3,1,3359,8,-126.074739474425,159.074739474425,Inf,0,-Inf,0,0,0,0,0,0,0,closure
596.713293632365,phy_interval,4,5,1,3360,8,NaN,NaN,NaN,2.00678109001819e-14,-1.58379249041479,NaN,NaN,0,0,NaN,1,0,
596.713293632365,phy_interval,4,2,8,3361,8,NaN,NaN,NaN,2.00678109001819e-14,-1.58379249041479,NaN,NaN,0,0,NaN,1,0,
596.713293632365,phy_signal_end,4,2,8,3361,8,-111.467698021168,144.467698021168,-4.49269802116773,2.00678109001819e-14,-1.58379249041479,0,0,0,0,0,1,0,not_acquired
596.713306076559,phy_signal_end,5,2,8,3361,8,-122.734861677906,155.734861677906,Inf,0,-Inf,0,0,0,0,0,0,0,closure
596.739011086064,phy_signal_start,5,1,3,3362,8,-107.875945171156,NaN,-0.900945171156323,NaN,NaN,NaN,NaN,NaN,NaN,NaN,0,0,
596.739023527005,phy_interval,4,5,1,3360,8,NaN,NaN,NaN,2.00678109001819e-14,-1.58379249041479,NaN,NaN,0,0,NaN,1,0,
596.739023527005,phy_signal_start,4,1,3,3362,8,-120.947516094342,NaN,-13.9725160943423,NaN,NaN,NaN,NaN,NaN,NaN,NaN,0,0,
596.762812444469,phy_interval,4,5,1,3360,8,NaN,NaN,NaN,2.00678109001819e-14,-11.0636105635893,NaN,NaN,0,0,NaN,2,0,
596.762812444469,phy_interval,4,1,3,3362,8,NaN,NaN,NaN,2.00678109001819e-14,-11.0636105635893,NaN,NaN,1,0,NaN,1,0,
596.762812444469,phy_signal_end,4,5,1,3360,8,-109.883905530753,142.883905530753,-2.90890553075294,2.00678109001819e-14,-11.0636105635893,0,0,0,0,0,2,1,accepted
596.846111086064,phy_interval,5,1,3,3362,8,NaN,NaN,NaN,2.00678109001819e-14,-7.49911506561554,NaN,NaN,0,0,NaN,0,0,
596.846111086064,phy_signal_end,5,1,3,3362,8,-107.875945171156,140.875945171156,-0.900945171156323,2.00678109001819e-14,-7.49911506561554,0,0,0,0,0,0,0,half_duplex
596.846123527005,phy_interval,4,1,3,3362,8,NaN,NaN,NaN,2.00678109001819e-14,-11.0636105635893,NaN,NaN,0,12,NaN,1,0,
596.846123527005,phy_signal_end,4,1,3,3362,8,-120.947516094342,153.947516094342,-13.9725160943423,2.00678109001819e-14,-11.0636105635893,0.0165081236596193,0.0165081236596193,1,12,13,1,0,sync_threshold
596.869012444469,phy_signal_start,5,4,2,3363,8,-109.883905530753,NaN,-2.90890553075294,NaN,NaN,NaN,NaN,NaN,NaN,NaN,0,0,
596.875642444469,phy_interval,5,4,2,3363,8,NaN,NaN,NaN,2.00678109001819e-14,-7.49911506561554,NaN,NaN,0,0,NaN,0,0,
596.875642444469,phy_track,5,4,2,3363,8,NaN,NaN,NaN,NaN,-7.49911506561554,NaN,NaN,NaN,NaN,NaN,0,0,
596.908019162592,phy_interval,5,4,2,3363,8,NaN,NaN,NaN,2.00678109001819e-14,-7.49911506561554,NaN,NaN,0,0,NaN,0,0,
596.908019162592,phy_signal_start,5,3,1,3364,8,-117.383020596368,NaN,-10.4080205963685,NaN,NaN,NaN,NaN,NaN,NaN,NaN,0,0,
596.934292444469,phy_interval,5,4,2,3363,8,NaN,NaN,NaN,2.00678109001819e-14,-7.49911506561554,NaN,NaN,0,0,NaN,1,0,
596.934292444469,phy_interval,5,3,1,3364,8,NaN,NaN,NaN,2.00678109001819e-14,-7.49911506561554,NaN,NaN,0,0,NaN,1,0,
596.934292444469,phy_signal_end,5,4,2,3363,8,-109.883905530753,142.883905530753,-2.90890553075294,2.00678109001819e-14,-7.49911506561554,0,0,0,0,0,1,1,accepted
596.947012444469,phy_signal_start,4,5,1,3365,8,-109.883905530753,NaN,-2.90890553075294,NaN,NaN,NaN,NaN,NaN,NaN,NaN,0,0,
596.953642444469,phy_interval,4,5,1,3365,8,NaN,NaN,NaN,2.00678109001819e-14,-11.0636105635893,NaN,NaN,0,0,NaN,0,0,
596.953642444469,phy_track,4,5,1,3365,8,NaN,NaN,NaN,NaN,-11.0636105635893,NaN,NaN,NaN,NaN,NaN,0,0,
596.960013632365,phy_interval,4,5,1,3365,8,NaN,NaN,NaN,2.00678109001819e-14,-11.0636105635893,NaN,NaN,0,0,NaN,0,0,
596.960013632365,phy_signal_start,4,2,8,3366,8,-111.467698021168,NaN,-4.49269802116773,NaN,NaN,NaN,NaN,NaN,NaN,NaN,0,0,
597.025293632365,phy_interval,4,5,1,3365,8,NaN,NaN,NaN,2.00678109001819e-14,-1.58379249041479,NaN,NaN,0,0,NaN,1,0,
597.025293632365,phy_interval,4,2,8,3366,8,NaN,NaN,NaN,2.00678109001819e-14,-1.58379249041479,NaN,NaN,0,0,NaN,1,0,
597.025293632365,phy_signal_end,4,2,8,3366,8,-111.467698021168,144.467698021168,-4.49269802116773,2.00678109001819e-14,-1.58379249041479,0,0,0,0,0,1,0,not_acquired
597.025306076559,phy_signal_end,5,2,8,3366,8,-122.734861677906,155.734861677906,Inf,0,-Inf,0,0,0,0,0,0,0,closure
597.152819162592,phy_interval,5,3,1,3364,8,NaN,NaN,NaN,2.00678109001819e-14,-7.49911506561554,NaN,NaN,0,0,NaN,1,0,
597.152819162592,phy_signal_end,5,3,1,3364,8,-117.383020596368,150.383020596368,-10.4080205963685,2.00678109001819e-14,-7.49911506561554,0.0001030885516528,0.0001030885516528,0,0,0,1,0,half_duplex
597.152831604377,phy_signal_end,4,3,1,3364,8,-126.074739474425,159.074739474425,Inf,0,-Inf,0,0,0,0,0,0,0,closure
597.191812444469,phy_interval,4,5,1,3365,8,NaN,NaN,NaN,2.00678109001819e-14,-1.58379249041479,NaN,NaN,0,0,NaN,1,0,
597.191812444469,phy_signal_end,4,5,1,3365,8,-109.883905530753,142.883905530753,-2.90890553075294,2.00678109001819e-14,-1.58379249041479,0,0,0,0,0,1,1,accepted
597.233011086064,phy_signal_start,5,1,3,3367,8,-107.875945171156,NaN,-0.900945171156323,NaN,NaN,NaN,NaN,NaN,NaN,NaN,0,0,
597.233023527005,phy_signal_start,4,1,3,3367,8,-120.947516094342,NaN,-13.9725160943423,NaN,NaN,NaN,NaN,NaN,NaN,NaN,0,0,
597.239641086064,phy_interval,5,1,3,3367,8,NaN,NaN,NaN,2.00678109001819e-14,-7.49911506561554,NaN,NaN,0,0,NaN,0,0,
597.239641086064,phy_track,5,1,3,3367,8,NaN,NaN,NaN,NaN,-7.49911506561554,NaN,NaN,NaN,NaN,NaN,0,0,
597.340111086064,phy_interval,5,1,3,3367,8,NaN,NaN,NaN,2.00678109001819e-14,-7.49911506561554,NaN,NaN,0,0,NaN,0,0,
597.340111086064,phy_signal_end,5,1,3,3367,8,-107.875945171156,140.875945171156,-0.900945171156323,2.00678109001819e-14,-7.49911506561554,0,0,0,0,0,0,1,accepted
597.340123527005,phy_interval,4,1,3,3367,8,NaN,NaN,NaN,2.00678109001819e-14,-1.58379249041479,NaN,NaN,0,7,NaN,0,0,
597.340123527005,phy_signal_end,4,1,3,3367,8,-120.947516094342,153.947516094342,-13.9725160943423,2.00678109001819e-14,-1.58379249041479,0.0151165618870165,0.0151165618870165,0,7,7,0,0,sync_threshold
597.350012444469,phy_signal_start,4,5,1,3369,8,-109.883905530753,NaN,-2.90890553075294,NaN,NaN,NaN,NaN,NaN,NaN,NaN,0,0,
597.350019162592,phy_signal_start,5,3,1,3368,8,-117.383020596368,NaN,-10.4080205963685,NaN,NaN,NaN,NaN,NaN,NaN,NaN,0,0,
597.356642444469,phy_interval,4,5,1,3369,8,NaN,NaN,NaN,2.00678109001819e-14,-1.58379249041479,NaN,NaN,0,0,NaN,0,0,
597.356642444469,phy_track,4,5,1,3369,8,NaN,NaN,NaN,NaN,-1.58379249041479,NaN,NaN,NaN,NaN,NaN,0,0,
597.402013632365,phy_interval,4,5,1,3369,8,NaN,NaN,NaN,2.00678109001819e-14,-1.58379249041479,NaN,NaN,0,0,NaN,0,0,
597.402013632365,phy_signal_start,4,2,4,3370,8,-111.467698021168,NaN,-4.49269802116773,NaN,NaN,NaN,NaN,NaN,NaN,NaN,0,0,
597.594812444469,phy_interval,4,5,1,3369,8,NaN,NaN,NaN,2.00678109001819e-14,-1.58379249041479,NaN,NaN,0,0,NaN,1,0,
597.594812444469,phy_interval,4,2,4,3370,8,NaN,NaN,NaN,2.00678109001819e-14,-1.58379249041479,NaN,NaN,0,0,NaN,1,0,
597.594812444469,phy_signal_end,4,5,1,3369,8,-109.883905530753,142.883905530753,-2.90890553075294,2.00678109001819e-14,-1.58379249041479,0,0,0,0,0,1,1,accepted
597.594819162592,phy_interval,5,3,1,3368,8,NaN,NaN,NaN,2.00678109001819e-14,-7.49911506561554,NaN,NaN,0,0,NaN,0,0,
597.594819162592,phy_signal_end,5,3,1,3368,8,-117.383020596368,150.383020596368,-10.4080205963685,2.00678109001819e-14,-7.49911506561554,3.40962752323828e-05,3.40962752323828e-05,0,0,0,0,0,half_duplex
597.594831604377,phy_signal_end,4,3,1,3368,8,-126.074739474425,159.074739474425,Inf,0,-Inf,0,0,0,0,0,0,0,closure
597.610019162592,phy_signal_start,5,3,1,3371,8,-117.383020596368,NaN,-10.4080205963685,NaN,NaN,NaN,NaN,NaN,NaN,NaN,0,0,
597.616649162592,phy_interval,5,3,1,3371,8,NaN,NaN,NaN,2.00678109001819e-14,-7.49911506561554,NaN,NaN,0,0,NaN,0,0,
597.616649162592,phy_track,5,3,1,3371,8,NaN,NaN,NaN,NaN,-7.49911506561554,NaN,NaN,NaN,NaN,NaN,0,0,
597.646813632365,phy_interval,4,2,4,3370,8,NaN,NaN,NaN,2.00678109001819e-14,-1.58379249041479,NaN,NaN,0,0,NaN,1,0,
597.646813632365,phy_signal_end,4,2,4,3370,8,-111.467698021168,144.467698021168,-4.49269802116773,2.00678109001819e-14,-1.58379249041479,0,0,0,0,0,1,0,not_acquired
597.646826076559,phy_signal_end,5,2,4,3370,8,-122.734861677906,155.734861677906,Inf,0,-Inf,0,0,0,0,0,0,0,closure
597.649013632365,phy_signal_start,4,2,4,3372,8,-111.467698021168,NaN,-4.49269802116773,NaN,NaN,NaN,NaN,NaN,NaN,NaN,0,0,
597.655643632365,phy_interval,4,2,4,3372,8,NaN,NaN,NaN,2.00678109001819e-14,-1.58379249041479,NaN,NaN,0,0,NaN,0,0,
597.655643632365,phy_track,4,2,4,3372,8,NaN,NaN,NaN,NaN,-1.58379249041479,NaN,NaN,NaN,NaN,NaN,0,0,
597.854819162592,phy_interval,5,3,1,3371,8,NaN,NaN,NaN,2.00678109001819e-14,-7.49911506561554,NaN,NaN,0,0,NaN,0,0,
597.854819162592,phy_signal_end,5,3,1,3371,8,-117.383020596368,150.383020596368,-10.4080205963685,2.00678109001819e-14,-7.49911506561554,3.40962752323828e-05,3.40962752323828e-05,0,0,0,0,1,accepted
597.854831604377,phy_signal_end,4,3,1,3371,8,-126.074739474425,159.074739474425,Inf,0,-Inf,0,0,0,0,0,0,0,closure
597.893813632365,phy_interval,4,2,4,3372,8,NaN,NaN,NaN,2.00678109001819e-14,-1.58379249041479,NaN,NaN,0,0,NaN,0,0,
597.893813632365,phy_signal_end,4,2,4,3372,8,-111.467698021168,144.467698021168,-4.49269802116773,2.00678109001819e-14,-1.58379249041479,0,0,0,0,0,0,1,accepted
597.893826076559,phy_signal_end,5,2,4,3372,8,-122.734861677906,155.734861677906,Inf,0,-Inf,0,0,0,0,0,0,0,closure
597.935019162592,phy_signal_start,5,3,1,3373,8,-117.383020596368,NaN,-10.4080205963685,NaN,NaN,NaN,NaN,NaN,NaN,NaN,0,0,
597.961012444469,phy_interval,5,3,1,3373,8,NaN,NaN,NaN,2.00678109001819e-14,-7.49911506561554,NaN,NaN,0,0,NaN,0,0,
597.961012444469,phy_signal_start,5,4,2,3374,8,-109.883905530753,NaN,-2.90890553075294,NaN,NaN,NaN,NaN,NaN,NaN,NaN,0,0,
597.967642444469,phy_interval,5,3,1,3373,8,NaN,NaN,NaN,2.00678109001819e-14,-7.49911506561554,NaN,NaN,0,0,NaN,1,0,
597.967642444469,phy_interval,5,4,2,3374,8,NaN,NaN,NaN,2.00678109001819e-14,-7.49911506561554,NaN,NaN,0,0,NaN,1,0,
597.967642444469,phy_track,5,4,2,3374,8,NaN,NaN,NaN,NaN,-7.49911506561554,NaN,NaN,NaN,NaN,NaN,0,0,
598.026292444469,phy_interval,5,3,1,3373,8,NaN,NaN,NaN,2.00678109001819e-14,-7.49911506561554,NaN,NaN,0,0,NaN,1,0,
598.026292444469,phy_interval,5,4,2,3374,8,NaN,NaN,NaN,2.00678109001819e-14,-7.49911506561554,NaN,NaN,0,0,NaN,1,0,
598.026292444469,phy_signal_end,5,4,2,3374,8,-109.883905530753,142.883905530753,-2.90890553075294,2.00678109001819e-14,-7.49911506561554,0,0,0,0,0,1,1,accepted
598.169012444469,phy_interval,5,3,1,3373,8,NaN,NaN,NaN,2.00678109001819e-14,-7.49911506561554,NaN,NaN,0,0,NaN,1,0,
598.169012444469,phy_signal_start,5,4,2,3375,8,-109.883905530753,NaN,-2.90890553075294,NaN,NaN,NaN,NaN,NaN,NaN,NaN,0,0,
598.175642444469,phy_interval,5,3,1,3373,8,NaN,NaN,NaN,2.00678109001819e-14,-7.49911506561554,NaN,NaN,0,0,NaN,2,0,
598.175642444469,phy_interval,5,4,2,3375,8,NaN,NaN,NaN,2.00678109001819e-14,-7.49911506561554,NaN,NaN,0,0,NaN,1,0,
598.175642444469,phy_track,5,4,2,3375,8,NaN,NaN,NaN,NaN,-7.49911506561554,NaN,NaN,NaN,NaN,NaN,0,0,
598.179819162592,phy_interval,5,3,1,3373,8,NaN,NaN,NaN,2.00678109001819e-14,-7.49911506561554,NaN,NaN,0,0,NaN,2,0,
598.179819162592,phy_interval,5,4,2,3375,8,NaN,NaN,NaN,2.00678109001819e-14,-7.49911506561554,NaN,NaN,0,0,NaN,1,0,
598.179819162592,phy_signal_end,5,3,1,3373,8,-117.383020596368,150.383020596368,-10.4080205963685,2.00678109001819e-14,-7.49911506561554,7.08084671734674e-05,7.08084671734674e-05,0,0,0,2,0,sync_threshold
598.179831604377,phy_signal_end,4,3,1,3373,8,-126.074739474425,159.074739474425,Inf,0,-Inf,0,0,0,0,0,0,0,closure
598.195011086064,phy_interval,5,4,2,3375,8,NaN,NaN,NaN,2.00678109001819e-14,-7.49911506561554,NaN,NaN,0,0,NaN,1,0,
598.195011086064,phy_signal_start,5,1,3,3376,8,-107.875945171156,NaN,-0.900945171156323,NaN,NaN,NaN,NaN,NaN,NaN,NaN,0,0,
598.195023527005,phy_signal_start,4,1,3,3376,8,-120.947516094342,NaN,-13.9725160943423,NaN,NaN,NaN,NaN,NaN,NaN,NaN,0,0,
598.234292444469,phy_interval,5,4,2,3375,8,NaN,NaN,NaN,2.00678109001819e-14,-2.00796035959661,NaN,NaN,0,0,NaN,2,0,
598.234292444469,phy_interval,5,1,3,3376,8,NaN,NaN,NaN,2.00678109001819e-14,-2.00796035959661,NaN,NaN,0,0,NaN,1,0,
598.234292444469,phy_signal_end,5,4,2,3375,8,-109.883905530753,142.883905530753,-2.90890553075294,2.00678109001819e-14,-2.00796035959661,0,0,0,0,0,2,1,accepted
598.302111086064,phy_interval,5,1,3,3376,8,NaN,NaN,NaN,2.00678109001819e-14,-2.00796035959661,NaN,NaN,0,0,NaN,1,0,
598.302111086064,phy_signal_end,5,1,3,3376,8,-107.875945171156,140.875945171156,-0.900945171156323,2.00678109001819e-14,-2.00796035959661,0,0,0,0,0,1,0,not_acquired
598.302123527005,phy_interval,4,1,3,3376,8,NaN,NaN,NaN,2.00678109001819e-14,-1.58379249041479,NaN,NaN,0,9,NaN,0,0,
598.302123527005,phy_signal_end,4,1,3,3376,8,-120.947516094342,153.947516094342,-13.9725160943423,2.00678109001819e-14,-1.58379249041479,0.0151165618870165,0.0151165618870165,0,9,9,0,0,half_duplex
598.351012444469,phy_signal_start,4,5,1,3377,8,-109.883905530753,NaN,-2.90890553075294,NaN,NaN,NaN,NaN,NaN,NaN,NaN,0,0,
598.357642444469,phy_interval,4,5,1,3377,8,NaN,NaN,NaN,2.00678109001819e-14,-1.58379249041479,NaN,NaN,0,0,NaN,0,0,
598.357642444469,phy_track,4,5,1,3377,8,NaN,NaN,NaN,NaN,-1.58379249041479,NaN,NaN,NaN,NaN,NaN,0,0,
598.595812444469,phy_interval,4,5,1,3377,8,NaN,NaN,NaN,2.00678109001819e-14,-1.58379249041479,NaN,NaN,0,0,NaN,0,0,
598.595812444469,phy_signal_end,4,5,1,3377,8,-109.883905530753,142.883905530753,-2.90890553075294,2.00678109001819e-14,-1.58379249041479,0,0,0,0,0,0,1,accepted
598.728019162592,phy_signal_start,5,3,1,3378,8,-117.383020596368,NaN,-10.4080205963685,NaN,NaN,NaN,NaN,NaN,NaN,NaN,0,0,
598.734649162592,phy_interval,5,3,1,3378,8,NaN,NaN,NaN,2.00678109001819e-14,-2.00796035959661,NaN,NaN,0,0,NaN,0,0,
598.734649162592,phy_track,5,3,1,3378,8,NaN,NaN,NaN,NaN,-2.00796035959661,NaN,NaN,NaN,NaN,NaN,0,0,
598.871012444469,phy_interval,5,3,1,3378,8,NaN,NaN,NaN,2.00678109001819e-14,-2.00796035959661,NaN,NaN,0,0,NaN,0,0,
598.871012444469,phy_signal_start,5,4,2,3379,8,-109.883905530753,NaN,-2.90890553075294,NaN,NaN,NaN,NaN,NaN,NaN,NaN,0,0,
598.936292444469,phy_interval,5,3,1,3378,8,NaN,NaN,NaN,2.00678109001819e-14,-7.49911506561554,NaN,NaN,0,0,NaN,1,0,
598.936292444469,phy_interval,5,4,2,3379,8,NaN,NaN,NaN,2.00678109001819e-14,-7.49911506561554,NaN,NaN,0,0,NaN,1,0,
598.936292444469,phy_signal_end,5,4,2,3379,8,-109.883905530753,142.883905530753,-2.90890553075294,2.00678109001819e-14,-7.49911506561554,0,0,0,0,0,1,0,not_acquired
598.972819162592,phy_interval,5,3,1,3378,8,NaN,NaN,NaN,2.00678109001819e-14,-7.49911506561554,NaN,NaN,0,0,NaN,1,0,
598.972819162592,phy_signal_end,5,3,1,3378,8,-117.383020596368,150.383020596368,-10.4080205963685,2.00678109001819e-14,-7.49911506561554,8.99324861083541e-05,8.99324861083541e-05,0,0,0,1,1,accepted
598.972831604377,phy_signal_end,4,3,1,3378,8,-126.074739474425,159.074739474425,Inf,0,-Inf,0,0,0,0,0,0,0,closure
599.092012444469,phy_signal_start,4,5,1,3380,8,-109.883905530753,NaN,-2.90890553075294,NaN,NaN,NaN,NaN,NaN,NaN,NaN,0,0,
599.098642444469,phy_interval,4,5,1,3380,8,NaN,NaN,NaN,2.00678109001819e-14,-1.58379249041479,NaN,NaN,0,0,NaN,0,0,
599.098642444469,phy_track,4,5,1,3380,8,NaN,NaN,NaN,NaN,-1.58379249041479,NaN,NaN,NaN,NaN,NaN,0,0,
599.336812444469,phy_interval,4,5,1,3380,8,NaN,NaN,NaN,2.00678109001819e-14,-1.58379249041479,NaN,NaN,0,0,NaN,0,0,
599.336812444469,phy_signal_end,4,5,1,3380,8,-109.883905530753,142.883905530753,-2.90890553075294,2.00678109001819e-14,-1.58379249041479,0,0,0,0,0,0,1,accepted
599.339012444469,phy_signal_start,5,4,2,3381,8,-109.883905530753,NaN,-2.90890553075294,NaN,NaN,NaN,NaN,NaN,NaN,NaN,0,0,
599.345642444469,phy_interval,5,4,2,3381,8,NaN,NaN,NaN,2.00678109001819e-14,-7.49911506561554,NaN,NaN,0,0,NaN,0,0,
599.345642444469,phy_track,5,4,2,3381,8,NaN,NaN,NaN,NaN,-7.49911506561554,NaN,NaN,NaN,NaN,NaN,0,0,
599.391011086064,phy_interval,5,4,2,3381,8,NaN,NaN,NaN,2.00678109001819e-14,-7.49911506561554,NaN,NaN,0,0,NaN,0,0,
599.391011086064,phy_signal_start,5,1,3,3382,8,-107.875945171156,NaN,-0.900945171156323,NaN,NaN,NaN,NaN,NaN,NaN,NaN,0,0,
599.391023527005,phy_signal_start,4,1,3,3382,8,-120.947516094342,NaN,-13.9725160943423,NaN,NaN,NaN,NaN,NaN,NaN,NaN,0,0,
599.404292444469,phy_interval,5,4,2,3381,8,NaN,NaN,NaN,2.00678109001819e-14,-2.00796035959661,NaN,NaN,0,0,NaN,1,0,
599.404292444469,phy_interval,5,1,3,3382,8,NaN,NaN,NaN,2.00678109001819e-14,-2.00796035959661,NaN,NaN,0,0,NaN,1,0,
599.404292444469,phy_signal_end,5,4,2,3381,8,-109.883905530753,142.883905530753,-2.90890553075294,2.00678109001819e-14,-2.00796035959661,0,0,0,0,0,1,1,accepted
599.456012444469,phy_interval,5,1,3,3382,8,NaN,NaN,NaN,2.00678109001819e-14,-2.00796035959661,NaN,NaN,0,0,NaN,1,0,
599.456012444469,phy_signal_start,5,4,2,3383,8,-109.883905530753,NaN,-2.90890553075294,NaN,NaN,NaN,NaN,NaN,NaN,NaN,0,0,
599.462642444469,phy_interval,5,1,3,3382,8,NaN,NaN,NaN,2.00678109001819e-14,2.00796035959661,NaN,NaN,0,0,NaN,2,0,
599.462642444469,phy_interval,5,4,2,3383,8,NaN,NaN,NaN,2.00678109001819e-14,2.00796035959661,NaN,NaN,0,0,NaN,1,0,
599.462642444469,phy_track,5,4,2,3383,8,NaN,NaN,NaN,NaN,2.00796035959661,NaN,NaN,NaN,NaN,NaN,0,0,
599.498111086064,phy_interval,5,1,3,3382,8,NaN,NaN,NaN,2.00678109001819e-14,2.00796035959661,NaN,NaN,0,0,NaN,2,0,
599.498111086064,phy_interval,5,4,2,3383,8,NaN,NaN,NaN,2.00678109001819e-14,2.00796035959661,NaN,NaN,0,0,NaN,1,0,
599.498111086064,phy_signal_end,5,1,3,3382,8,-107.875945171156,140.875945171156,-0.900945171156323,2.00678109001819e-14,2.00796035959661,0,0,0,0,0,2,0,not_acquired
599.498123527005,phy_interval,4,1,3,3382,8,NaN,NaN,NaN,2.00678109001819e-14,-1.58379249041479,NaN,NaN,3,10,NaN,0,0,
599.498123527005,phy_signal_end,4,1,3,3382,8,-120.947516094342,153.947516094342,-13.9725160943423,2.00678109001819e-14,-1.58379249041479,0.0151165618870165,0.0151165618870165,3,10,13,0,0,half_duplex
599.521292444469,phy_interval,5,4,2,3383,8,NaN,NaN,NaN,2.00678109001819e-14,2.00796035959661,NaN,NaN,0,0,NaN,1,0,
599.521292444469,phy_signal_end,5,4,2,3383,8,-109.883905530753,142.883905530753,-2.90890553075294,2.00678109001819e-14,2.00796035959661,0,0,0,0,0,1,1,accepted
599.612019162592,phy_signal_start,5,3,1,3384,8,-117.383020596368,NaN,-10.4080205963685,NaN,NaN,NaN,NaN,NaN,NaN,NaN,0,0,
599.618649162592,phy_interval,5,3,1,3384,8,NaN,NaN,NaN,2.00678109001819e-14,2.00796035959661,NaN,NaN,0,0,NaN,0,0,
599.618649162592,phy_track,5,3,1,3384,8,NaN,NaN,NaN,NaN,2.00796035959661,NaN,NaN,NaN,NaN,NaN,0,0,
599.638013632365,phy_signal_start,4,2,4,3385,8,-111.467698021168,NaN,-4.49269802116773,NaN,NaN,NaN,NaN,NaN,NaN,NaN,0,0,
599.644643632365,phy_interval,4,2,4,3385,8,NaN,NaN,NaN,2.00678109001819e-14,-1.58379249041479,NaN,NaN,0,0,NaN,0,0,
599.644643632365,phy_track,4,2,4,3385,8,NaN,NaN,NaN,NaN,-1.58379249041479,NaN,NaN,NaN,NaN,NaN,0,0,
599.856819162592,phy_interval,5,3,1,3384,8,NaN,NaN,NaN,2.00678109001819e-14,2.00796035959661,NaN,NaN,0,0,NaN,0,0,
599.856819162592,phy_signal_end,5,3,1,3384,8,-117.383020596368,150.383020596368,-10.4080205963685,2.00678109001819e-14,2.00796035959661,3.40962752323828e-05,3.40962752323828e-05,0,0,0,0,1,accepted
599.856831604377,phy_signal_end,4,3,1,3384,8,-126.074739474425,159.074739474425,Inf,0,-Inf,0,0,0,0,0,0,0,closure
599.882813632365,phy_interval,4,2,4,3385,8,NaN,NaN,NaN,2.00678109001819e-14,-1.58379249041479,NaN,NaN,0,0,NaN,0,0,
599.882813632365,phy_signal_end,4,2,4,3385,8,-111.467698021168,144.467698021168,-4.49269802116773,2.00678109001819e-14,-1.58379249041479,0,0,0,0,0,0,1,accepted
599.882826076559,phy_signal_end,5,2,4,3385,8,-122.734861677906,155.734861677906,Inf,0,-Inf,0,0,0,0,0,0,0,closure
599.898011086064,phy_signal_start,5,1,3,3386,8,-107.875945171156,NaN,-0.900945171156323,NaN,NaN,NaN,NaN,NaN,NaN,NaN,0,0,
599.898023527005,phy_signal_start,4,1,3,3386,8,-120.947516094342,NaN,-13.9725160943423,NaN,NaN,NaN,NaN,NaN,NaN,NaN,0,0,
599.904641086064,phy_interval,5,1,3,3386,8,NaN,NaN,NaN,2.00678109001819e-14,2.00796035959661,NaN,NaN,0,0,NaN,0,0,
599.904641086064,phy_track,5,1,3,3386,8,NaN,NaN,NaN,NaN,2.00796035959661,NaN,NaN,NaN,NaN,NaN,0,0,
