time_ns,event_order,node,kind,peer,sequence,frame_id,value,value2,value3,ack_bitmap,dack_bitmap
0,1,1,receiver_state,,,,idle,,,,
0,2,2,receiver_state,,,,idle,,,,
0,3,3,receiver_state,,,,idle,,,,
0,4,4,receiver_state,,,,idle,,,,
0,5,5,receiver_state,,,,idle,,,,
0,6,7,receiver_state,,,,idle,,,,
0,7,8,receiver_state,,,,idle,,,,
988000000,8,1,receiver_state,,,,search,,,,
988000000,9,2,receiver_state,,,,search,,,,
988000000,10,3,receiver_state,,,,search,,,,
988000000,11,4,receiver_state,,,,search,,,,
988000000,12,5,receiver_state,,,,search,,,,
988000000,13,7,receiver_state,,,,search,,,,
988000000,14,8,receiver_state,,,,search,,,,
996900000,15,1,receiver_state,,,,idle,,,,
996900000,16,2,receiver_state,,,,idle,,,,
996900000,17,3,receiver_state,,,,idle,,,,
996900000,18,4,receiver_state,,,,idle,,,,
996900000,19,5,receiver_state,,,,idle,,,,
996900000,20,7,receiver_state,,,,idle,,,,
996900000,21,8,receiver_state,,,,idle,,,,
1976000000,22,1,receiver_state,,,,search,,,,
1976000000,23,2,receiver_state,,,,search,,,,
1976000000,24,3,receiver_state,,,,search,,,,
1976000000,25,4,receiver_state,,,,search,,,,
1976000000,26,5,receiver_state,,,,search,,,,
1976000000,27,7,receiver_state,,,,search,,,,
1976000000,28,8,receiver_state,,,,search,,,,
1984900000,29,1,receiver_state,,,,idle,,,,
1984900000,30,2,receiver_state,,,,idle,,,,
1984900000,31,3,receiver_state,,,,idle,,,,
1984900000,32,4,receiver_state,,,,idle,,,,
1984900000,33,5,receiver_state,,,,idle,,,,
1984900000,34,7,receiver_state,,,,idle,,,,
1984900000,35,8,receiver_state,,,,idle,,,,
2964000000,36,1,receiver_state,,,,search,,,,
2964000000,37,2,receiver_state,,,,search,,,,
2964000000,38,3,receiver_state,,,,search,,,,
2964000000,39,4,receiver_state,,,,search,,,,
2964000000,40,5,receiver_state,,,,search,,,,
2964000000,41,7,receiver_state,,,,search,,,,
2964000000,42,8,receiver_state,,,,search,,,,
2972900000,43,1,receiver_state,,,,idle,,,,
2972900000,44,2,receiver_state,,,,idle,,,,
2972900000,45,3,receiver_state,,,,idle,,,,
2972900000,46,4,receiver_state,,,,idle,,,,
2972900000,47,5,receiver_state,,,,idle,,,,
2972900000,48,7,receiver_state,,,,idle,,,,
2972900000,49,8,receiver_state,,,,idle,,,,
3952000000,50,1,receiver_state,,,,search,,,,
3952000000,51,2,receiver_state,,,,search,,,,
3952000000,52,3,receiver_state,,,,search,,,,
3952000000,53,4,receiver_state,,,,search,,,,
3952000000,54,5,receiver_state,,,,search,,,,
3952000000,55,7,receiver_state,,,,search,,,,
3952000000,56,8,receiver_state,,,,search,,,,
3960900000,57,1,receiver_state,,,,idle,,,,
3960900000,58,2,receiver_state,,,,idle,,,,
3960900000,59,3,receiver_state,,,,idle,,,,
3960900000,60,4,receiver_state,,,,idle,,,,
3960900000,61,5,receiver_state,,,,idle,,,,
3960900000,62,7,receiver_state,,,,idle,,,,
3960900000,63,8,receiver_state,,,,idle,,,,
4940000000,64,1,receiver_state,,,,search,,,,
4940000000,65,2,receiver_state,,,,search,,,,
4940000000,66,3,receiver_state,,,,search,,,,
4940000000,67,4,receiver_state,,,,search,,,,
4940000000,68,5,receiver_state,,,,search,,,,
4940000000,69,7,receiver_state,,,,search,,,,
4940000000,70,8,receiver_state,,,,search,,,,
4948900000,71,1,receiver_state,,,,idle,,,,
4948900000,72,2,receiver_state,,,,idle,,,,
4948900000,73,3,receiver_state,,,,idle,,,,
4948900000,74,4,receiver_state,,,,idle,,,,
4948900000,75,5,receiver_state,,,,idle,,,,
4948900000,76,7,receiver_state,,,,idle,,,,
4948900000,77,8,receiver_state,,,,idle,,,,
5928000000,78,1,receiver_state,,,,search,,,,
5928000000,79,2,receiver_state,,,,search,,,,
5928000000,80,3,receiver_state,,,,search,,,,
5928000000,81,4,receiver_state,,,,search,,,,
5928000000,82,5,receiver_state,,,,search,,,,
5928000000,83,7,receiver_state,,,,search,,,,
5928000000,84,8,receiver_state,,,,search,,,,
5936900000,85,1,receiver_state,,,,idle,,,,
5936900000,86,2,receiver_state,,,,idle,,,,
5936900000,87,3,receiver_state,,,,idle,,,,
5936900000,88,4,receiver_state,,,,idle,,,,
5936900000,89,5,receiver_state,,,,idle,,,,
5936900000,90,7,receiver_state,,,,idle,,,,
5936900000,91,8,receiver_state,,,,idle,,,,
6916000000,92,1,receiver_state,,,,search,,,,
6916000000,93,2,receiver_state,,,,search,,,,
6916000000,94,3,receiver_state,,,,search,,,,
6916000000,95,4,receiver_state,,,,search,,,,
6916000000,96,5,receiver_state,,,,search,,,,
6916000000,97,7,receiver_state,,,,search,,,,
6916000000,98,8,receiver_state,,,,search,,,,
6924900000,99,1,receiver_state,,,,idle,,,,
6924900000,100,2,receiver_state,,,,idle,,,,
6924900000,101,3,receiver_state,,,,idle,,,,
6924900000,102,4,receiver_state,,,,idle,,,,
6924900000,103,5,receiver_state,,,,idle,,,,
6924900000,104,7,receiver_state,,,,idle,,,,
6924900000,105,8,receiver_state,,,,idle,,,,
7904000000,106,1,receiver_state,,,,search,,,,
7904000000,107,2,receiver_state,,,,search,,,,
7904000000,108,3,receiver_state,,,,search,,,,
7904000000,109,4,receiver_state,,,,search,,,,
7904000000,110,5,receiver_state,,,,search,,,,
7904000000,111,7,receiver_state,,,,search,,,,
7904000000,112,8,receiver_state,,,,search,,,,
7912900000,113,1,receiver_state,,,,idle,,,,
7912900000,114,2,receiver_state,,,,idle,,,,
7912900000,115,3,receiver_state,,,,idle,,,,
7912900000,116,4,receiver_state,,,,idle,,,,
7912900000,117,5,receiver_state,,,,idle,,,,
7912900000,118,7,receiver_state,,,,idle,,,,
7912900000,119,8,receiver_state,,,,idle,,,,
8892000000,120,1,receiver_state,,,,search,,,,
8892000000,121,2,receiver_state,,,,search,,,,
8892000000,122,3,receiver_state,,,,search,,,,
8892000000,123,4,receiver_state,,,,search,,,,
8892000000,124,5,receiver_state,,,,search,,,,
8892000000,125,7,receiver_state,,,,search,,,,
8892000000,126,8,receiver_state,,,,search,,,,
8900900000,127,1,receiver_state,,,,idle,,,,
8900900000,128,2,receiver_state,,,,idle,,,,
8900900000,129,3,receiver_state,,,,idle,,,,
8900900000,130,4,receiver_state,,,,idle,,,,
8900900000,131,5,receiver_state,,,,idle,,,,
8900900000,132,7,receiver_state,,,,idle,,,,
8900900000,133,8,receiver_state,,,,idle,,,,
9880000000,134,1,receiver_state,,,,search,,,,
9880000000,135,2,receiver_state,,,,search,,,,
9880000000,136,3,receiver_state,,,,search,,,,
9880000000,137,4,receiver_state,,,,search,,,,
9880000000,138,5,receiver_state,,,,search,,,,
9880000000,139,7,receiver_state,,,,search,,,,
9880000000,140,8,receiver_state,,,,search,,,,
9888900000,141,1,receiver_state,,,,idle,,,,
9888900000,142,2,receiver_state,,,,idle,,,,
9888900000,143,3,receiver_state,,,,idle,,,,
9888900000,144,4,receiver_state,,,,idle,,,,
9888900000,145,5,receiver_state,,,,idle,,,,
9888900000,146,7,receiver_state,,,,idle,,,,
9888900000,147,8,receiver_state,,,,idle,,,,
10000000000,148,1,enqueue,16777215,,1,7,0,,,
10439008077,152,3,sync,,,,1,,,,
10439008077,153,3,receiver_state,,,,idle,,,,
10439011086,154,5,sync,,,,1,,,,
10439011086,155,5,receiver_state,,,,idle,,,,
10439023527,156,4,sync,,,,0,,,,
10439023527,157,4,receiver_state,,,,idle,,,,
10868000000,158,2,receiver_state,,,,search,,,,
10868000000,159,3,receiver_state,,,,search,,,,
10868000000,160,4,receiver_state,,,,search,,,,
10868000000,161,5,receiver_state,,,,search,,,,
10868000000,162,7,receiver_state,,,,search,,,,
10868000000,163,8,receiver_state,,,,search,,,,
10874630000,164,3,receiver_state,,,,track,,,,
10874630000,165,5,receiver_state,,,,track,,,,
10876900000,166,2,receiver_state,,,,idle,,,,
10876900000,167,4,receiver_state,,,,idle,,,,
10876900000,168,7,receiver_state,,,,idle,,,,
10876900000,169,8,receiver_state,,,,idle,,,,
11444728077,170,3,sync,,,,0,,,,
11444731086,171,5,sync,,,,0,,,,
11474300000,172,1,sync,,,,0,,,,
11474300000,173,1,receiver_state,,,,search,,,,
11474308077,174,3,received,1,,,11.474308077,135.37565585291233,31,,
11474308077,175,3,active,,,,2,,,,
11474308077,176,3,cancel_type,1,,,8,,,,
11474308077,177,3,enqueue,1,,2,7,0,,,
11474308077,178,3,sync,,,,0,,,,
11474308077,179,3,receiver_state,,,,search,,,,
11474311086,181,5,received,1,,,11.474311086,140.8759451711563,31,,
11474311086,182,5,active,,,,2,,,,
11474311086,183,5,cancel_type,1,,,8,,,,
11474311086,184,5,enqueue,1,,3,7,0,,,
11474311086,185,5,sync,,,,0,,,,
11474311086,186,5,receiver_state,,,,search,,,,
11474323527,188,4,sync,,,,0,,,,
11474323527,189,4,receiver_state,,,,idle,,,,
11830008077,192,1,sync,,,,1,,,,
11830008077,193,1,receiver_state,,,,search,,,,
11830019163,194,5,sync,,,,0,,,,
11830019163,195,5,receiver_state,,,,search,,,,
11836638077,196,1,receiver_state,,,,track,,,,
11843268077,197,1,sync,,,,0,,,,
11856000000,198,2,receiver_state,,,,search,,,,
11856000000,199,4,receiver_state,,,,search,,,,
11856000000,200,7,receiver_state,,,,search,,,,
11856000000,201,8,receiver_state,,,,search,,,,
11856011086,204,1,sync,,,,1,,,,
11856012444,205,4,sync,,,,1,,,,
11856012444,206,4,receiver_state,,,,search,,,,
11856019163,207,3,sync,,,,1,,,,
11862642444,208,4,receiver_state,,,,track,,,,
11864900000,209,2,receiver_state,,,,idle,,,,
11864900000,210,7,receiver_state,,,,idle,,,,
11864900000,211,8,receiver_state,,,,idle,,,,
11869271086,212,1,sync,,,,0,,,,
11869272444,213,4,sync,,,,0,,,,
11869279163,214,3,sync,,,,0,,,,
11871820000,215,3,sync,,,,0,,,,
11871820000,216,3,receiver_state,,,,search,,,,
11871828077,217,1,received,3,,,11.871828077,135.37565585291233,4,,
11871828077,218,1,enqueue,3,,4,7,1,,,
11871828077,219,1,sync,,,,0,,,,
11871828077,220,1,receiver_state,,,,search,,,,
11871839163,221,5,sync,,,,0,,,,
11897820000,222,5,sync,,,,0,,,,
11897820000,223,5,receiver_state,,,,search,,,,
11897831086,224,1,sync,,,,0,,,,
11897831086,225,1,receiver_state,,,,search,,,,
11897832444,226,4,received,5,,,11.897832444000001,142.88390553075294,15,,
11897832444,227,4,sync,,,,0,,,,
11897832444,228,4,receiver_state,,,,search,,,,
11897839163,229,3,sync,,,,0,,,,
11897839163,230,3,receiver_state,,,,search,,,,
11905632444,231,4,receiver_state,,,,idle,,,,
11921008077,234,3,sync,,,,1,,,,
11921008077,235,3,receiver_state,,,,search,,,,
11921011086,236,5,sync,,,,1,,,,
11921011086,237,5,receiver_state,,,,search,,,,
11921023527,238,4,sync,,,,0,,,,
11921023527,239,4,receiver_state,,,,idle,,,,
11927638077,240,3,receiver_state,,,,track,,,,
11927641086,241,5,receiver_state,,,,track,,,,
11934268077,242,3,sync,,,,0,,,,
11934271086,243,5,sync,,,,0,,,,
12007700000,244,1,sync,,,,0,,,,
12007700000,245,1,receiver_state,,,,search,,,,
12007708077,246,3,received,1,,,12.007708077,135.37565585291233,1,,
12007708077,247,3,enqueue,1,,5,7,0,,,
12007708077,248,3,enqueue,1,,6,7,1,,,
12007708077,249,3,active,,,,2,,,,
12007708077,250,3,reported,,,,1,,,,
12007708077,251,3,sync,,,,0,,,,
12007708077,252,3,receiver_state,,,,search,,,,
12007711086,253,5,received,1,,,12.007711086,140.8759451711563,1,,
12007711086,254,5,sync,,,,0,,,,
12007711086,255,5,receiver_state,,,,search,,,,
12007723527,256,4,sync,,,,0,,,,
12007723527,257,4,receiver_state,,,,idle,,,,
12012008077,260,1,sync,,,,1,,,,
12012008077,261,1,receiver_state,,,,search,,,,
12012019163,262,5,sync,,,,0,,,,
12012019163,263,5,receiver_state,,,,search,,,,
12018638077,264,1,receiver_state,,,,track,,,,
12025268077,265,1,sync,,,,0,,,,
12124200000,266,3,sync,,,,0,,,,
12124200000,267,3,receiver_state,,,,search,,,,
12124208077,268,1,received,3,,,12.124208077,135.37565585291233,10,,
12124208077,269,1,cancel_ack,3,1,,,,,1,0
12124208077,270,1,cancel_type,3,,,8,,,,
12124208077,271,1,enqueue,3,,7,7,0,,,
12124208077,272,1,enqueue,3,,8,7,0,,,
12124208077,273,1,enqueue,3,,9,7,1,,,
12124208077,274,1,sync,,,,0,,,,
12124208077,275,1,receiver_state,,,,search,,,,
12124219163,276,5,sync,,,,0,,,,
12124219163,277,5,receiver_state,,,,search,,,,
12129008077,280,3,sync,,,,1,,,,
12129008077,281,3,receiver_state,,,,search,,,,
12129011086,282,5,sync,,,,1,,,,
12129011086,283,5,receiver_state,,,,search,,,,
12129023527,284,4,sync,,,,0,,,,
12129023527,285,4,receiver_state,,,,idle,,,,
12135638077,286,3,receiver_state,,,,track,,,,
12135641086,287,5,receiver_state,,,,track,,,,
12142268077,288,3,sync,,,,0,,,,
12142271086,289,5,sync,,,,0,,,,
12212640000,290,1,sync,,,,0,,,,
12212640000,291,1,receiver_state,,,,search,,,,
12212648077,292,3,received,1,,,12.212648077000001,135.37565585291233,17,,
12212648077,293,3,cancel_ack,1,2,,,,,1,0
12212648077,294,3,enqueue,1,,10,7,1,,,
12212648077,295,3,active,,,,2,,,,
12212648077,296,3,reported,,,,1,,,,
12212648077,297,3,enqueue,1,,11,7,1,,,
12212648077,298,3,enqueue,1,,12,7,0,,,
12212648077,299,3,sync,,,,0,,,,
12212648077,300,3,receiver_state,,,,search,,,,
12212651086,301,5,received,1,,,12.212651085999999,140.8759451711563,17,,
12212651086,302,5,sync,,,,0,,,,
12212651086,303,5,receiver_state,,,,search,,,,
12212663527,304,4,sync,,,,0,,,,
12212663527,305,4,receiver_state,,,,idle,,,,
12337008077,308,1,sync,,,,1,,,,
12337008077,309,1,receiver_state,,,,search,,,,
12337019163,310,5,sync,,,,1,,,,
12337019163,311,5,receiver_state,,,,search,,,,
12343638077,312,1,receiver_state,,,,track,,,,
12343649163,313,5,receiver_state,,,,track,,,,
12350268077,314,1,sync,,,,0,,,,
12350279163,315,5,sync,,,,0,,,,
12444100000,316,3,sync,,,,0,,,,
12444100000,317,3,receiver_state,,,,search,,,,
12444108077,318,1,received,3,,,12.444108076999999,135.37565585291233,30,,
12444108077,319,1,cancel_ack,3,1,,,,,1,0
12444108077,320,1,cancel_ack,3,3,,,,,1,0
12444108077,321,1,active,,,,2,,,,
12444108077,322,1,reported,,,,0,,,,
12444108077,323,1,enqueue,3,,13,7,0,,,
12444108077,324,1,active,,,,2,,,,
12444108077,325,1,reported,,,,2,,,,
12444108077,326,1,enqueue,3,,14,7,0,,,
12444108077,327,1,sync,,,,0,,,,
12444108077,328,1,receiver_state,,,,search,,,,
12444108077,329,1,enqueue,3,,15,7,1,,,
12444108077,330,1,enqueue,3,,16,7,1,,,
12444119163,331,5,received,3,,,12.444119163,150.38302059636848,30,,
12444119163,332,5,sync,,,,0,,,,
12444119163,333,5,receiver_state,,,,search,,,,
12545008077,336,3,sync,,,,1,,,,
12545008077,337,3,receiver_state,,,,search,,,,
12545011086,338,5,sync,,,,1,,,,
12545011086,339,5,receiver_state,,,,search,,,,
12545023527,340,4,sync,,,,0,,,,
12545023527,341,4,receiver_state,,,,idle,,,,
12551638077,342,3,receiver_state,,,,track,,,,
12551641086,343,5,receiver_state,,,,track,,,,
12558268077,344,3,sync,,,,0,,,,
12558271086,345,5,sync,,,,0,,,,
12723500000,346,1,sync,,,,0,,,,
12723500000,347,1,receiver_state,,,,search,,,,
12723508077,348,3,received,1,,,12.723508077,135.37565585291233,26,,
12723508077,349,3,cancel_ack,1,2,,,,,1,0
12723508077,350,3,cancel_ack,1,3,,,,,1,0
12723508077,351,3,cancel_ack,1,4,,,,,1,0
12723508077,352,3,active,,,,2,,,,
12723508077,353,3,reported,,,,2,,,,
12723508077,354,3,enqueue,1,,17,7,0,,,
12723508077,355,3,active,,,,2,,,,
12723508077,356,3,reported,,,,2,,,,
12723508077,357,3,enqueue,1,,18,7,0,,,
12723508077,358,3,sync,,,,0,,,,
12723508077,359,3,receiver_state,,,,search,,,,
12723508077,360,3,enqueue,1,,19,7,1,,,
12723508077,361,3,enqueue,1,,20,7,1,,,
12723511086,362,5,received,1,,,12.723511086,140.8759451711563,26,,
12723511086,363,5,sync,,,,0,,,,
12723511086,364,5,receiver_state,,,,search,,,,
12723523527,365,4,sync,,,,0,,,,
12723523527,366,4,receiver_state,,,,idle,,,,
12844000000,367,2,receiver_state,,,,search,,,,
12844000000,368,4,receiver_state,,,,search,,,,
12844000000,369,7,receiver_state,,,,search,,,,
12844000000,370,8,receiver_state,,,,search,,,,
12852900000,371,2,receiver_state,,,,idle,,,,
12852900000,372,4,receiver_state,,,,idle,,,,
12852900000,373,7,receiver_state,,,,idle,,,,
12852900000,374,8,receiver_state,,,,idle,,,,
13013008077,377,1,sync,,,,1,,,,
13013008077,378,1,receiver_state,,,,search,,,,
13013019163,379,5,sync,,,,1,,,,
13013019163,380,5,receiver_state,,,,search,,,,
13019638077,381,1,receiver_state,,,,track,,,,
13019649163,382,5,receiver_state,,,,track,,,,
13026268077,383,1,sync,,,,0,,,,
13026279163,384,5,sync,,,,0,,,,
13227200000,385,3,sync,,,,0,,,,
13227200000,386,3,receiver_state,,,,search,,,,
13227208077,387,1,received,3,,,13.227208077,135.37565585291233,13,,
13227208077,388,1,cancel_ack,3,1,,,,,1,0
13227208077,389,1,cancel_ack,3,3,,,,,1,0
13227208077,390,1,cancel_ack,3,4,,,,,1,0
13227208077,391,1,cancel_ack,3,5,,,,,1,0
13227208077,392,1,active,,,,2,,,,
13227208077,393,1,reported,,,,2,,,,
13227208077,394,1,enqueue,3,,21,7,0,,,
13227208077,395,1,active,,,,2,,,,
13227208077,396,1,reported,,,,2,,,,
13227208077,397,1,enqueue,3,,22,7,0,,,
13227208077,398,1,sync,,,,0,,,,
13227208077,399,1,receiver_state,,,,search,,,,
13227208077,400,1,enqueue,3,,23,7,1,,,
13227219163,401,5,received,3,,,13.227219162999999,150.38302059636848,13,,
13227219163,402,5,sync,,,,0,,,,
13227219163,403,5,receiver_state,,,,search,,,,
13273008077,406,3,sync,,,,1,,,,
13273008077,407,3,receiver_state,,,,search,,,,
13273011086,408,5,sync,,,,1,,,,
13273011086,409,5,receiver_state,,,,search,,,,
13273023527,410,4,sync,,,,0,,,,
13273023527,411,4,receiver_state,,,,idle,,,,
13279638077,412,3,receiver_state,,,,track,,,,
13279641086,413,5,receiver_state,,,,track,,,,
13286268077,414,3,sync,,,,0,,,,
13286271086,415,5,sync,,,,0,,,,
13460680000,416,1,sync,,,,0,,,,
13460680000,417,1,receiver_state,,,,search,,,,
13460688077,418,3,received,1,,,13.460688077,135.37565585291233,15,,
13460688077,419,3,cancel_ack,1,2,,,,,1,0
13460688077,420,3,cancel_ack,1,3,,,,,1,0
13460688077,421,3,cancel_ack,1,4,,,,,1,0
13460688077,422,3,cancel_ack,1,5,,,,,1,0
13460688077,423,3,cancel_ack,1,6,,,,,1,0
13460688077,424,3,active,,,,2,,,,
13460688077,425,3,reported,,,,2,,,,
13460688077,426,3,enqueue,1,,24,7,0,,,
13460688077,427,3,sync,,,,0,,,,
13460688077,428,3,receiver_state,,,,search,,,,
13460691086,429,5,received,1,,,13.460691086000001,140.8759451711563,15,,
13460691086,430,5,sync,,,,0,,,,
13460691086,431,5,receiver_state,,,,search,,,,
13460703527,432,4,sync,,,,0,,,,
13460703527,433,4,receiver_state,,,,idle,,,,
13585008077,436,1,sync,,,,1,,,,
13585008077,437,1,receiver_state,,,,search,,,,
13585019163,438,5,sync,,,,1,,,,
13585019163,439,5,receiver_state,,,,search,,,,
13591638077,440,1,receiver_state,,,,track,,,,
13591649163,441,5,receiver_state,,,,track,,,,
13598268077,442,1,sync,,,,0,,,,
13598279163,443,5,sync,,,,0,,,,
13735960000,444,3,sync,,,,0,,,,
13735960000,445,3,receiver_state,,,,search,,,,
13735968077,446,1,received,3,,,13.735968077000001,135.37565585291233,9,,
13735968077,447,1,cancel_ack,3,1,,,,,1,0
13735968077,448,1,cancel_ack,3,3,,,,,1,0
13735968077,449,1,cancel_ack,3,4,,,,,1,0
13735968077,450,1,cancel_ack,3,5,,,,,1,0
13735968077,451,1,cancel_ack,3,6,,,,,1,0
13735968077,452,1,sync,,,,0,,,,
13735968077,453,1,receiver_state,,,,search,,,,
13735979163,454,5,received,3,,,13.735979163,150.38302059636848,9,,
13735979163,455,5,sync,,,,0,,,,
13735979163,456,5,receiver_state,,,,search,,,,
13806008077,459,3,sync,,,,1,,,,
13806008077,460,3,receiver_state,,,,search,,,,
13806011086,461,5,sync,,,,1,,,,
13806011086,462,5,receiver_state,,,,search,,,,
13806023527,463,4,sync,,,,0,,,,
13806023527,464,4,receiver_state,,,,idle,,,,
13812638077,465,3,receiver_state,,,,track,,,,
13812641086,466,5,receiver_state,,,,track,,,,
13819268077,467,3,sync,,,,0,,,,
13819271086,468,5,sync,,,,0,,,,
13832000000,469,2,receiver_state,,,,search,,,,
13832000000,470,4,receiver_state,,,,search,,,,
13832000000,471,7,receiver_state,,,,search,,,,
13832000000,472,8,receiver_state,,,,search,,,,
13840900000,473,2,receiver_state,,,,idle,,,,
13840900000,474,4,receiver_state,,,,idle,,,,
13840900000,475,7,receiver_state,,,,idle,,,,
13840900000,476,8,receiver_state,,,,idle,,,,
13956960000,477,1,sync,,,,0,,,,
13956960000,478,1,receiver_state,,,,search,,,,
13956968077,479,3,received,1,,,13.956968077000001,135.37565585291233,1,,
13956968077,480,3,cancel_ack,1,2,,,,,1,0
13956968077,481,3,cancel_ack,1,3,,,,,1,0
13956968077,482,3,cancel_ack,1,4,,,,,1,0
13956968077,483,3,cancel_ack,1,5,,,,,1,0
13956968077,484,3,cancel_ack,1,6,,,,,1,0
13956968077,485,3,sync,,,,0,,,,
13956968077,486,3,receiver_state,,,,search,,,,
13956971086,487,5,received,1,,,13.956971085999999,140.8759451711563,1,,
13956971086,488,5,sync,,,,0,,,,
13956971086,489,5,receiver_state,,,,search,,,,
13956983527,490,4,sync,,,,0,,,,
13956983527,491,4,receiver_state,,,,idle,,,,
13975008077,494,3,sync,,,,1,,,,
13975008077,495,3,receiver_state,,,,search,,,,
13975011086,496,5,sync,,,,1,,,,
13975011086,497,5,receiver_state,,,,search,,,,
13975023527,498,4,sync,,,,0,,,,
13975023527,499,4,receiver_state,,,,idle,,,,
13981638077,500,3,receiver_state,,,,track,,,,
13981641086,501,5,receiver_state,,,,track,,,,
13988268077,502,3,sync,,,,0,,,,
13988271086,503,5,sync,,,,0,,,,
14125960000,504,1,sync,,,,0,,,,
14125960000,505,1,receiver_state,,,,search,,,,
14125968077,506,3,received,1,,,14.125968077,135.37565585291233,16,,
14125968077,507,3,cancel_ack,1,2,,,,,1,0
14125968077,508,3,cancel_ack,1,3,,,,,1,0
14125968077,509,3,cancel_ack,1,4,,,,,1,0
14125968077,510,3,cancel_ack,1,5,,,,,1,0
14125968077,511,3,cancel_ack,1,6,,,,,1,0
14125968077,512,3,sync,,,,0,,,,
14125968077,513,3,receiver_state,,,,search,,,,
14125971086,514,5,received,1,,,14.125971086,140.8759451711563,16,,
14125971086,515,5,sync,,,,0,,,,
14125971086,516,5,receiver_state,,,,search,,,,
14125983527,517,4,sync,,,,0,,,,
14125983527,518,4,receiver_state,,,,idle,,,,
14144008077,521,1,sync,,,,1,,,,
14144008077,522,1,receiver_state,,,,search,,,,
14144019163,523,5,sync,,,,1,,,,
14144019163,524,5,receiver_state,,,,search,,,,
14150638077,525,1,receiver_state,,,,track,,,,
14150649163,526,5,receiver_state,,,,track,,,,
14157268077,527,1,sync,,,,0,,,,
14157279163,528,5,sync,,,,0,,,,
14294960000,529,3,sync,,,,0,,,,
14294960000,530,3,receiver_state,,,,search,,,,
14294968077,531,1,received,3,,,14.294968077,135.37565585291233,11,,
14294968077,532,1,cancel_ack,3,1,,,,,1,0
14294968077,533,1,cancel_ack,3,3,,,,,1,0
14294968077,534,1,cancel_ack,3,4,,,,,1,0
14294968077,535,1,cancel_ack,3,5,,,,,1,0
14294968077,536,1,cancel_ack,3,6,,,,,1,0
14294968077,537,1,sync,,,,0,,,,
14294968077,538,1,receiver_state,,,,search,,,,
14294979163,539,5,received,3,,,14.294979163000001,150.38302059636848,11,,
14294979163,540,5,sync,,,,0,,,,
14294979163,541,5,receiver_state,,,,search,,,,
14443008077,544,1,sync,,,,1,,,,
14443008077,545,1,receiver_state,,,,search,,,,
14443019163,546,5,sync,,,,1,,,,
14443019163,547,5,receiver_state,,,,search,,,,
14449638077,548,1,receiver_state,,,,track,,,,
14449649163,549,5,receiver_state,,,,track,,,,
14456268077,550,1,sync,,,,0,,,,
14456279163,551,5,sync,,,,0,,,,
14568460000,552,3,sync,,,,0,,,,
14568460000,553,3,receiver_state,,,,search,,,,
14568468077,554,1,received,3,,,14.568468077,135.37565585291233,9,,
14568468077,555,1,cancel_ack,3,3,,,,,1,0
14568468077,556,1,cancel_ack,3,4,,,,,1,0
14568468077,557,1,cancel_ack,3,5,,,,,1,0
14568468077,558,1,cancel_ack,3,6,,,,,1,0
14568468077,559,1,sync,,,,0,,,,
14568468077,560,1,receiver_state,,,,search,,,,
14568479163,561,5,received,3,,,14.568479162999999,150.38302059636848,9,,
14568479163,562,5,sync,,,,0,,,,
14568479163,563,5,receiver_state,,,,search,,,,
14599008077,566,3,sync,,,,1,,,,
14599008077,567,3,receiver_state,,,,search,,,,
14599011086,568,5,sync,,,,1,,,,
14599011086,569,5,receiver_state,,,,search,,,,
14599023527,570,4,sync,,,,0,,,,
14599023527,571,4,receiver_state,,,,idle,,,,
14605638077,572,3,receiver_state,,,,track,,,,
14605641086,573,5,receiver_state,,,,track,,,,
14612268077,574,3,sync,,,,0,,,,
14612271086,575,5,sync,,,,0,,,,
14724460000,576,1,sync,,,,0,,,,
14724460000,577,1,receiver_state,,,,search,,,,
14724468077,578,3,received,1,,,14.724468076999999,135.37565585291233,5,,
14724468077,579,3,cancel_ack,1,3,,,,,1,0
14724468077,580,3,cancel_ack,1,4,,,,,1,0
14724468077,581,3,cancel_ack,1,5,,,,,1,0
14724468077,582,3,cancel_ack,1,6,,,,,1,0
14724468077,583,3,sync,,,,0,,,,
14724468077,584,3,receiver_state,,,,search,,,,
14724471086,585,5,received,1,,,14.724471085999999,140.8759451711563,5,,
14724471086,586,5,sync,,,,0,,,,
14724471086,587,5,receiver_state,,,,search,,,,
14724483527,588,4,sync,,,,0,,,,
14724483527,589,4,receiver_state,,,,idle,,,,
14794008077,592,3,sync,,,,1,,,,
14794008077,593,3,receiver_state,,,,search,,,,
14794011086,594,5,sync,,,,1,,,,
14794011086,595,5,receiver_state,,,,search,,,,
14794023527,596,4,sync,,,,0,,,,
14794023527,597,4,receiver_state,,,,idle,,,,
14800638077,598,3,receiver_state,,,,track,,,,
14800641086,599,5,receiver_state,,,,track,,,,
14807268077,600,3,sync,,,,0,,,,
14807271086,601,5,sync,,,,0,,,,
14820000000,602,2,receiver_state,,,,search,,,,
14820000000,603,4,receiver_state,,,,search,,,,
14820000000,604,7,receiver_state,,,,search,,,,
14820000000,605,8,receiver_state,,,,search,,,,
14828900000,606,2,receiver_state,,,,idle,,,,
14828900000,607,4,receiver_state,,,,idle,,,,
14828900000,608,7,receiver_state,,,,idle,,,,
14828900000,609,8,receiver_state,,,,idle,,,,
14868460000,610,1,sync,,,,0,,,,
14868460000,611,1,receiver_state,,,,search,,,,
14868468077,612,3,received,1,,,14.868468076999999,135.37565585291233,7,,
14868468077,613,3,cancel_ack,1,5,,,,,1,0
14868468077,614,3,cancel_ack,1,6,,,,,1,0
14868468077,615,3,sync,,,,0,,,,
14868468077,616,3,receiver_state,,,,search,,,,
14868471086,617,5,received,1,,,14.868471086,140.8759451711563,7,,
14868471086,618,5,sync,,,,0,,,,
14868471086,619,5,receiver_state,,,,search,,,,
14868483527,620,4,sync,,,,0,,,,
14868483527,621,4,receiver_state,,,,idle,,,,
14872008077,624,1,sync,,,,1,,,,
14872008077,625,1,receiver_state,,,,search,,,,
14872019163,626,5,sync,,,,0,,,,
14872019163,627,5,receiver_state,,,,search,,,,
14878638077,628,1,receiver_state,,,,track,,,,
14885268077,629,1,sync,,,,0,,,,
14971960000,630,3,sync,,,,0,,,,
14971960000,631,3,receiver_state,,,,search,,,,
14971968077,632,1,received,3,,,14.971968077,135.37565585291233,25,,
14971968077,633,1,cancel_ack,3,4,,,,,1,0
14971968077,634,1,cancel_ack,3,5,,,,,1,0
14971968077,635,1,cancel_ack,3,6,,,,,1,0
14971968077,636,1,sync,,,,0,,,,
14971968077,637,1,receiver_state,,,,search,,,,
14971979163,638,5,sync,,,,0,,,,
14971979163,639,5,receiver_state,,,,search,,,,
15000000000,640,1,enqueue,16777215,,25,7,0,,,
15054008077,643,3,sync,,,,1,,,,
15054008077,644,3,receiver_state,,,,search,,,,
15054011086,645,5,sync,,,,1,,,,
15054011086,646,5,receiver_state,,,,search,,,,
15054023527,647,4,sync,,,,0,,,,
15054023527,648,4,receiver_state,,,,idle,,,,
15060638077,649,3,receiver_state,,,,track,,,,
15060641086,650,5,receiver_state,,,,track,,,,
15808000000,651,2,receiver_state,,,,search,,,,
15808000000,652,4,receiver_state,,,,search,,,,
15808000000,653,7,receiver_state,,,,search,,,,
15808000000,654,8,receiver_state,,,,search,,,,
15816900000,655,2,receiver_state,,,,idle,,,,
15816900000,656,4,receiver_state,,,,idle,,,,
15816900000,657,7,receiver_state,,,,idle,,,,
15816900000,658,8,receiver_state,,,,idle,,,,
16059728077,659,3,sync,,,,0,,,,
16059731086,660,5,sync,,,,0,,,,
16089300000,661,1,sync,,,,0,,,,
16089300000,662,1,receiver_state,,,,search,,,,
16089308077,663,3,received,1,,,16.089308076999998,135.37565585291233,19,,
16089308077,664,3,active,,,,2,,,,
16089308077,665,3,reported,,,,2,,,,
16089308077,666,3,sync,,,,0,,,,
16089308077,667,3,receiver_state,,,,search,,,,
16089311086,668,5,received,1,,,16.089311085999999,140.8759451711563,19,,
16089311086,669,5,active,,,,2,,,,
16089311086,670,5,cancel_type,1,,,8,,,,
16089311086,671,5,enqueue,1,,26,7,0,,,
16089311086,672,5,sync,,,,0,,,,
16089311086,673,5,receiver_state,,,,search,,,,
16089323527,675,4,sync,,,,0,,,,
16089323527,676,4,receiver_state,,,,idle,,,,
16094011086,679,1,sync,,,,1,,,,
16094011086,680,1,receiver_state,,,,search,,,,
16094012444,681,4,sync,,,,1,,,,
16094012444,682,4,receiver_state,,,,idle,,,,
16094019163,683,3,sync,,,,1,,,,
16094019163,684,3,receiver_state,,,,search,,,,
16100641086,685,1,receiver_state,,,,track,,,,
16100649163,686,3,receiver_state,,,,track,,,,
16107271086,687,1,sync,,,,0,,,,
16107272444,688,4,sync,,,,0,,,,
16107279163,689,3,sync,,,,0,,,,
16135820000,690,5,sync,,,,0,,,,
16135820000,691,5,receiver_state,,,,search,,,,
16135831086,692,1,received,5,,,16.135831086,140.8759451711563,2,,
16135831086,693,1,enqueue,5,,27,7,1,,,
16135831086,694,1,sync,,,,0,,,,
16135831086,695,1,receiver_state,,,,search,,,,
16135832444,696,4,sync,,,,0,,,,
16135832444,697,4,receiver_state,,,,idle,,,,
16135839163,698,3,received,5,,,16.135839163,150.38302059636848,2,,
16135839163,699,3,sync,,,,0,,,,
16135839163,700,3,receiver_state,,,,search,,,,
16367008077,703,1,sync,,,,1,,,,
16367008077,704,1,receiver_state,,,,search,,,,
16367019163,705,5,sync,,,,1,,,,
16367019163,706,5,receiver_state,,,,search,,,,
16373638077,707,1,receiver_state,,,,track,,,,
16373649163,708,5,receiver_state,,,,track,,,,
16380268077,709,1,sync,,,,0,,,,
16380279163,710,5,sync,,,,0,,,,
16415960000,711,3,sync,,,,0,,,,
16415960000,712,3,receiver_state,,,,search,,,,
16415968077,713,1,received,3,,,16.415968076999999,135.37565585291233,16,,
16415968077,714,1,cancel_ack,3,6,,,,,1,0
16415968077,715,1,sync,,,,0,,,,
16415968077,716,1,receiver_state,,,,search,,,,
16415979163,717,5,received,3,,,16.415979162999999,150.38302059636848,16,,
16415979163,718,5,sync,,,,0,,,,
16415979163,719,5,receiver_state,,,,search,,,,
16419008077,722,3,sync,,,,1,,,,
16419008077,723,3,receiver_state,,,,search,,,,
16419011086,724,5,sync,,,,1,,,,
16419011086,725,5,receiver_state,,,,search,,,,
16419023527,726,4,sync,,,,0,,,,
16419023527,727,4,receiver_state,,,,idle,,,,
16425638077,728,3,receiver_state,,,,track,,,,
16425641086,729,5,receiver_state,,,,track,,,,
16432268077,730,3,sync,,,,0,,,,
16432271086,731,5,sync,,,,0,,,,
16505700000,732,1,sync,,,,0,,,,
16505700000,733,1,receiver_state,,,,search,,,,
16505708077,734,3,received,1,,,16.505708077000001,135.37565585291233,17,,
16505708077,735,3,sync,,,,0,,,,
16505708077,736,3,receiver_state,,,,search,,,,
16505711086,737,5,received,1,,,16.505711086000002,140.8759451711563,17,,
16505711086,738,5,enqueue,1,,28,7,0,,,
16505711086,739,5,enqueue,1,,29,7,1,,,
16505711086,740,5,active,,,,2,,,,
16505711086,741,5,reported,,,,2,,,,
16505711086,742,5,sync,,,,0,,,,
16505711086,743,5,receiver_state,,,,search,,,,
16505723527,745,4,sync,,,,0,,,,
16505723527,746,4,receiver_state,,,,idle,,,,
16718011086,749,1,sync,,,,1,,,,
16718011086,750,1,receiver_state,,,,search,,,,
16718012444,751,4,sync,,,,1,,,,
16718012444,752,4,receiver_state,,,,idle,,,,
16718019163,753,3,sync,,,,0,,,,
16718019163,754,3,receiver_state,,,,search,,,,
16724641086,755,1,receiver_state,,,,track,,,,
16731271086,756,1,sync,,,,0,,,,
16731272444,757,4,sync,,,,0,,,,
16796000000,758,2,receiver_state,,,,search,,,,
16796000000,759,4,receiver_state,,,,search,,,,
16796000000,760,7,receiver_state,,,,search,,,,
16796000000,761,8,receiver_state,,,,search,,,,
16804900000,762,2,receiver_state,,,,idle,,,,
16804900000,763,4,receiver_state,,,,idle,,,,
16804900000,764,7,receiver_state,,,,idle,,,,
16804900000,765,8,receiver_state,,,,idle,,,,
16830200000,766,5,sync,,,,0,,,,
16830200000,767,5,receiver_state,,,,search,,,,
16830211086,768,1,received,5,,,16.830211085999998,140.8759451711563,14,,
16830211086,769,1,cancel_ack,5,1,,,,,1,0
16830211086,770,1,cancel_type,5,,,8,,,,
16830211086,771,1,enqueue,5,,30,7,0,,,
16830211086,772,1,enqueue,5,,31,7,0,,,
16830211086,773,1,enqueue,5,,32,7,1,,,
16830211086,774,1,sync,,,,0,,,,
16830211086,775,1,receiver_state,,,,search,,,,
16830212444,776,4,sync,,,,0,,,,
16830212444,777,4,receiver_state,,,,idle,,,,
16830219163,778,3,sync,,,,0,,,,
16830219163,779,3,receiver_state,,,,search,,,,
16835008077,782,3,sync,,,,1,,,,
16835008077,783,3,receiver_state,,,,search,,,,
16835011086,784,5,sync,,,,1,,,,
16835011086,785,5,receiver_state,,,,search,,,,
16835023527,786,4,sync,,,,0,,,,
16835023527,787,4,receiver_state,,,,idle,,,,
16841638077,788,3,receiver_state,,,,track,,,,
16841641086,789,5,receiver_state,,,,track,,,,
16848268077,790,3,sync,,,,0,,,,
16848271086,791,5,sync,,,,0,,,,
16918640000,792,1,sync,,,,0,,,,
16918640000,793,1,receiver_state,,,,search,,,,
16918648077,794,3,received,1,,,16.918648077,135.37565585291233,31,,
16918648077,795,3,sync,,,,0,,,,
16918648077,796,3,receiver_state,,,,search,,,,
16918651086,797,5,received,1,,,16.918651086000001,140.8759451711563,31,,
16918651086,798,5,cancel_ack,1,3,,,,,1,0
16918651086,799,5,enqueue,1,,33,7,1,,,
16918651086,800,5,active,,,,2,,,,
16918651086,801,5,reported,,,,2,,,,
16918651086,802,5,enqueue,1,,34,7,1,,,
16918651086,803,5,enqueue,1,,35,7,0,,,
16918651086,804,5,sync,,,,0,,,,
16918651086,805,5,receiver_state,,,,search,,,,
16918663527,806,4,sync,,,,0,,,,
16918663527,807,4,receiver_state,,,,idle,,,,
17095011086,810,1,sync,,,,1,,,,
17095011086,811,1,receiver_state,,,,search,,,,
17095012444,812,4,sync,,,,1,,,,
17095012444,813,4,receiver_state,,,,idle,,,,
17095019163,814,3,sync,,,,1,,,,
17095019163,815,3,receiver_state,,,,search,,,,
17101641086,816,1,receiver_state,,,,track,,,,
17101649163,817,3,receiver_state,,,,track,,,,
17108271086,818,1,sync,,,,0,,,,
17108272444,819,4,sync,,,,0,,,,
17108279163,820,3,sync,,,,0,,,,
17202100000,821,5,sync,,,,0,,,,
17202100000,822,5,receiver_state,,,,search,,,,
17202111086,823,1,received,5,,,17.202111085999999,140.8759451711563,9,,
17202111086,824,1,cancel_ack,5,1,,,,,1,0
17202111086,825,1,cancel_ack,5,3,,,,,1,0
17202111086,826,1,active,,,,3,,,,
17202111086,827,1,reported,,,,0,,,,
17202111086,828,1,enqueue,5,,36,7,0,,,
17202111086,829,1,active,,,,3,,,,
17202111086,830,1,reported,,,,2,,,,
17202111086,831,1,enqueue,5,,37,7,0,,,
17202111086,832,1,sync,,,,0,,,,
17202111086,833,1,receiver_state,,,,search,,,,
17202111086,834,1,enqueue,5,,38,7,1,,,
17202111086,835,1,enqueue,5,,39,7,1,,,
17202112444,836,4,sync,,,,0,,,,
17202112444,837,4,receiver_state,,,,idle,,,,
17202119163,838,3,received,5,,,17.202119162999999,150.38302059636848,9,,
17202119163,839,3,sync,,,,0,,,,
17202119163,840,3,receiver_state,,,,search,,,,
17329011086,843,1,sync,,,,1,,,,
17329011086,844,1,receiver_state,,,,search,,,,
17329012444,845,4,sync,,,,1,,,,
17329012444,846,4,receiver_state,,,,idle,,,,
17329019163,847,3,sync,,,,1,,,,
17329019163,848,3,receiver_state,,,,search,,,,
17335641086,849,1,receiver_state,,,,track,,,,
17335649163,850,3,receiver_state,,,,track,,,,
17342271086,851,1,sync,,,,0,,,,
17342272444,852,4,sync,,,,0,,,,
17342279163,853,3,sync,,,,0,,,,
17403460000,854,5,sync,,,,0,,,,
17403460000,855,5,receiver_state,,,,search,,,,
17403471086,856,1,received,5,,,17.403471086,140.8759451711563,16,,
17403471086,857,1,cancel_ack,5,1,,,,,1,0
17403471086,858,1,cancel_ack,5,3,,,,,1,0
17403471086,859,1,sync,,,,0,,,,
17403471086,860,1,receiver_state,,,,search,,,,
17403472444,861,4,sync,,,,0,,,,
17403472444,862,4,receiver_state,,,,idle,,,,
17403479163,863,3,received,5,,,17.403479163,150.38302059636848,16,,
17403479163,864,3,sync,,,,0,,,,
17403479163,865,3,receiver_state,,,,search,,,,
17498008077,868,3,sync,,,,1,,,,
17498008077,869,3,receiver_state,,,,search,,,,
17498011086,870,5,sync,,,,1,,,,
17498011086,871,5,receiver_state,,,,search,,,,
17498023527,872,4,sync,,,,0,,,,
17498023527,873,4,receiver_state,,,,idle,,,,
17504638077,874,3,receiver_state,,,,track,,,,
17504641086,875,5,receiver_state,,,,track,,,,
17511268077,876,3,sync,,,,0,,,,
17511271086,877,5,sync,,,,0,,,,
17690780000,878,1,sync,,,,0,,,,
17690780000,879,1,receiver_state,,,,search,,,,
17690788077,880,3,received,1,,,17.690788077000001,135.37565585291233,31,,
17690788077,881,3,active,,,,2,,,,
17690788077,882,3,reported,,,,3,,,,
17690788077,883,3,enqueue,1,,40,7,0,,,
17690788077,884,3,sync,,,,0,,,,
17690788077,885,3,receiver_state,,,,search,,,,
17690791086,887,5,received,1,,,17.690791086000001,140.8759451711563,31,,
17690791086,888,5,cancel_ack,1,3,,,,,1,0
17690791086,889,5,cancel_ack,1,4,,,,,1,0
17690791086,890,5,cancel_ack,1,5,,,,,1,0
17690791086,891,5,active,,,,2,,,,
17690791086,892,5,reported,,,,3,,,,
17690791086,893,5,enqueue,1,,41,7,0,,,
17690791086,894,5,active,,,,2,,,,
17690791086,895,5,reported,,,,3,,,,
17690791086,896,5,enqueue,1,,42,7,0,,,
17690791086,897,5,sync,,,,0,,,,
17690791086,898,5,receiver_state,,,,search,,,,
17690791086,899,5,enqueue,1,,43,7,1,,,
17690791086,900,5,enqueue,1,,44,7,1,,,
17690803527,901,4,sync,,,,0,,,,
17690803527,902,4,receiver_state,,,,idle,,,,
17784000000,903,2,receiver_state,,,,search,,,,
17784000000,904,4,receiver_state,,,,search,,,,
17784000000,905,7,receiver_state,,,,search,,,,
17784000000,906,8,receiver_state,,,,search,,,,
17792900000,907,2,receiver_state,,,,idle,,,,
17792900000,908,4,receiver_state,,,,idle,,,,
17792900000,909,7,receiver_state,,,,idle,,,,
17792900000,910,8,receiver_state,,,,idle,,,,
17797011086,913,1,sync,,,,1,,,,
17797011086,914,1,receiver_state,,,,search,,,,
17797012444,915,4,sync,,,,1,,,,
17797012444,916,4,receiver_state,,,,idle,,,,
17797019163,917,3,sync,,,,1,,,,
17797019163,918,3,receiver_state,,,,search,,,,
17803641086,919,1,receiver_state,,,,track,,,,
17803649163,920,3,receiver_state,,,,track,,,,
17810271086,921,1,sync,,,,0,,,,
17810272444,922,4,sync,,,,0,,,,
17810279163,923,3,sync,,,,0,,,,
18028540000,924,5,sync,,,,0,,,,
18028540000,925,5,receiver_state,,,,search,,,,
18028551086,926,1,received,5,,,18.028551086,140.8759451711563,6,,
18028551086,927,1,cancel_ack,5,1,,,,,1,0
18028551086,928,1,cancel_ack,5,3,,,,,1,0
18028551086,929,1,cancel_ack,5,4,,,,,1,0
18028551086,930,1,cancel_ack,5,5,,,,,1,0
18028551086,931,1,active,,,,3,,,,
18028551086,932,1,reported,,,,2,,,,
18028551086,933,1,enqueue,5,,45,7,0,,,
18028551086,934,1,active,,,,3,,,,
18028551086,935,1,reported,,,,2,,,,
18028551086,936,1,enqueue,5,,46,7,0,,,
18028551086,937,1,sync,,,,0,,,,
18028551086,938,1,receiver_state,,,,search,,,,
18028551086,939,1,enqueue,5,,47,7,1,,,
18028552444,940,4,sync,,,,0,,,,
18028552444,941,4,receiver_state,,,,idle,,,,
18028559163,942,3,received,5,,,18.028559163000001,150.38302059636848,6,,
18028559163,943,3,sync,,,,0,,,,
18028559163,944,3,receiver_state,,,,search,,,,
18109011086,947,1,sync,,,,1,,,,
18109011086,948,1,receiver_state,,,,search,,,,
18109012444,949,4,sync,,,,1,,,,
18109012444,950,4,receiver_state,,,,idle,,,,
18109019163,951,3,sync,,,,1,,,,
18109019163,952,3,receiver_state,,,,search,,,,
18115641086,953,1,receiver_state,,,,track,,,,
18115649163,954,3,receiver_state,,,,track,,,,
18122271086,955,1,sync,,,,0,,,,
18122272444,956,4,sync,,,,0,,,,
18122279163,957,3,sync,,,,0,,,,
18234460000,958,5,sync,,,,0,,,,
18234460000,959,5,receiver_state,,,,search,,,,
18234471086,960,1,received,5,,,18.234471085999999,140.8759451711563,8,,
18234471086,961,1,cancel_ack,5,1,,,,,1,0
18234471086,962,1,cancel_ack,5,3,,,,,1,0
18234471086,963,1,cancel_ack,5,4,,,,,1,0
18234471086,964,1,cancel_ack,5,5,,,,,1,0
18234471086,965,1,sync,,,,0,,,,
18234471086,966,1,receiver_state,,,,search,,,,
18234472444,967,4,sync,,,,0,,,,
18234472444,968,4,receiver_state,,,,idle,,,,
18234479163,969,3,received,5,,,18.234479163,150.38302059636848,8,,
18234479163,970,3,sync,,,,0,,,,
18234479163,971,3,receiver_state,,,,search,,,,
18343011086,974,1,sync,,,,1,,,,
18343011086,975,1,receiver_state,,,,search,,,,
18343012444,976,4,sync,,,,1,,,,
18343012444,977,4,receiver_state,,,,idle,,,,
18343019163,978,3,sync,,,,1,,,,
18343019163,979,3,receiver_state,,,,search,,,,
18349641086,980,1,receiver_state,,,,track,,,,
18349649163,981,3,receiver_state,,,,track,,,,
18356271086,982,1,sync,,,,0,,,,
18356272444,983,4,sync,,,,0,,,,
18356279163,984,3,sync,,,,0,,,,
18442960000,985,5,sync,,,,0,,,,
18442960000,986,5,receiver_state,,,,search,,,,
18442971086,987,1,received,5,,,18.442971086,140.8759451711563,9,,
18442971086,988,1,cancel_ack,5,3,,,,,1,0
18442971086,989,1,cancel_ack,5,4,,,,,1,0
18442971086,990,1,cancel_ack,5,5,,,,,1,0
18442971086,991,1,sync,,,,0,,,,
18442971086,992,1,receiver_state,,,,search,,,,
18442972444,993,4,sync,,,,0,,,,
18442972444,994,4,receiver_state,,,,idle,,,,
18442979163,995,3,received,5,,,18.442979163,150.38302059636848,9,,
18442979163,996,3,sync,,,,0,,,,
18442979163,997,3,receiver_state,,,,search,,,,
18499008077,1000,1,sync,,,,1,,,,
18499008077,1001,1,receiver_state,,,,search,,,,
18499019163,1002,5,sync,,,,1,,,,
18499019163,1003,5,receiver_state,,,,search,,,,
18505638077,1004,1,receiver_state,,,,track,,,,
18505649163,1005,5,receiver_state,,,,track,,,,
18512268077,1006,1,sync,,,,0,,,,
18512279163,1007,5,sync,,,,0,,,,
18547960000,1008,3,sync,,,,0,,,,
18547960000,1009,3,receiver_state,,,,search,,,,
18547968077,1010,1,received,3,,,18.547968077,135.37565585291233,13,,
18547968077,1011,1,cancel_ack,3,7,,,,,1,0
18547968077,1012,1,sync,,,,0,,,,
18547968077,1013,1,receiver_state,,,,search,,,,
18547979163,1014,5,received,3,,,18.547979163000001,150.38302059636848,13,,
18547979163,1015,5,sync,,,,0,,,,
18547979163,1016,5,receiver_state,,,,search,,,,
18564008077,1019,3,sync,,,,1,,,,
18564008077,1020,3,receiver_state,,,,search,,,,
18564011086,1021,5,sync,,,,1,,,,
18564011086,1022,5,receiver_state,,,,search,,,,
18564023527,1023,4,sync,,,,0,,,,
18564023527,1024,4,receiver_state,,,,idle,,,,
18570638077,1025,3,receiver_state,,,,track,,,,
18570641086,1026,5,receiver_state,,,,track,,,,
18577268077,1027,3,sync,,,,0,,,,
18577271086,1028,5,sync,,,,0,,,,
18751680000,1029,1,sync,,,,0,,,,
18751680000,1030,1,receiver_state,,,,search,,,,
18751688077,1031,3,received,1,,,18.751688077000001,135.37565585291233,16,,
18751688077,1032,3,active,,,,2,,,,
18751688077,1033,3,reported,,,,3,,,,
18751688077,1034,3,enqueue,1,,48,7,0,,,
18751688077,1035,3,sync,,,,0,,,,
18751688077,1036,3,receiver_state,,,,search,,,,
18751688077,1037,3,enqueue,1,,49,7,1,,,
18751691086,1038,5,received,1,,,18.751691086000001,140.8759451711563,16,,
18751691086,1039,5,cancel_ack,1,3,,,,,1,0
18751691086,1040,5,cancel_ack,1,4,,,,,1,0
18751691086,1041,5,cancel_ack,1,5,,,,,1,0
18751691086,1042,5,cancel_ack,1,6,,,,,1,0
18751691086,1043,5,cancel_ack,1,7,,,,,1,0
18751691086,1044,5,active,,,,2,,,,
18751691086,1045,5,reported,,,,3,,,,
18751691086,1046,5,enqueue,1,,50,7,0,,,
18751691086,1047,5,sync,,,,0,,,,
18751691086,1048,5,receiver_state,,,,search,,,,
18751703527,1049,4,sync,,,,0,,,,
18751703527,1050,4,receiver_state,,,,idle,,,,
18772000000,1051,2,receiver_state,,,,search,,,,
18772000000,1052,4,receiver_state,,,,search,,,,
18772000000,1053,7,receiver_state,,,,search,,,,
18772000000,1054,8,receiver_state,,,,search,,,,
18780900000,1055,2,receiver_state,,,,idle,,,,
18780900000,1056,4,receiver_state,,,,idle,,,,
18780900000,1057,7,receiver_state,,,,idle,,,,
18780900000,1058,8,receiver_state,,,,idle,,,,
18785011086,1061,1,sync,,,,1,,,,
18785011086,1062,1,receiver_state,,,,search,,,,
18785012444,1063,4,sync,,,,1,,,,
18785012444,1064,4,receiver_state,,,,idle,,,,
18785019163,1065,3,sync,,,,0,,,,
18785019163,1066,3,receiver_state,,,,search,,,,
18791641086,1067,1,receiver_state,,,,track,,,,
18798271086,1068,1,sync,,,,0,,,,
18798272444,1069,4,sync,,,,0,,,,
18884960000,1070,5,sync,,,,0,,,,
18884960000,1071,5,receiver_state,,,,search,,,,
18884971086,1072,1,received,5,,,18.884971086,140.8759451711563,6,,
18884971086,1073,1,cancel_ack,5,4,,,,,1,0
18884971086,1074,1,cancel_ack,5,5,,,,,1,0
18884971086,1075,1,cancel_ack,5,6,,,,,1,0
18884971086,1076,1,sync,,,,0,,,,
18884971086,1077,1,receiver_state,,,,search,,,,
18884972444,1078,4,sync,,,,0,,,,
18884972444,1079,4,receiver_state,,,,idle,,,,
18884979163,1080,3,sync,,,,0,,,,
18884979163,1081,3,receiver_state,,,,search,,,,
18902008077,1084,1,sync,,,,1,,,,
18902008077,1085,1,receiver_state,,,,search,,,,
18902019163,1086,5,sync,,,,1,,,,
18902019163,1087,5,receiver_state,,,,search,,,,
18908638077,1088,1,receiver_state,,,,track,,,,
18908649163,1089,5,receiver_state,,,,track,,,,
18915268077,1090,1,sync,,,,0,,,,
18915279163,1091,5,sync,,,,0,,,,
19016240000,1092,3,sync,,,,0,,,,
19016240000,1093,3,receiver_state,,,,search,,,,
19016248077,1094,1,received,3,,,19.016248077,135.37565585291233,23,,
19016248077,1095,1,cancel_ack,3,7,,,,,1,0
19016248077,1096,1,cancel_ack,3,8,,,,,1,0
19016248077,1097,1,active,,,,3,,,,
19016248077,1098,1,reported,,,,2,,,,
19016248077,1099,1,enqueue,3,,51,7,0,,,
19016248077,1100,1,sync,,,,0,,,,
19016248077,1101,1,receiver_state,,,,search,,,,
19016259163,1102,5,received,3,,,19.016259163000001,150.38302059636848,23,,
19016259163,1103,5,sync,,,,0,,,,
19016259163,1104,5,receiver_state,,,,search,,,,
19071011086,1107,1,sync,,,,1,,,,
19071011086,1108,1,receiver_state,,,,search,,,,
19071012444,1109,4,sync,,,,1,,,,
19071012444,1110,4,receiver_state,,,,idle,,,,
19071019163,1111,3,sync,,,,1,,,,
19071019163,1112,3,receiver_state,,,,search,,,,
19077641086,1113,1,receiver_state,,,,track,,,,
19077649163,1114,3,receiver_state,,,,track,,,,
19084271086,1115,1,sync,,,,0,,,,
19084272444,1116,4,sync,,,,0,,,,
19084279163,1117,3,sync,,,,0,,,,
19170960000,1118,5,sync,,,,0,,,,
19170960000,1119,5,receiver_state,,,,search,,,,
19170971086,1120,1,received,5,,,19.170971086000002,140.8759451711563,28,,
19170971086,1121,1,cancel_ack,5,4,,,,,1,0
19170971086,1122,1,cancel_ack,5,5,,,,,1,0
19170971086,1123,1,cancel_ack,5,6,,,,,1,0
19170971086,1124,1,sync,,,,0,,,,
19170971086,1125,1,receiver_state,,,,search,,,,
19170972444,1126,4,sync,,,,0,,,,
19170972444,1127,4,receiver_state,,,,idle,,,,
19170979163,1128,3,received,5,,,19.170979162999998,150.38302059636848,28,,
19170979163,1129,3,sync,,,,0,,,,
19170979163,1130,3,receiver_state,,,,search,,,,
19253008077,1133,3,sync,,,,1,,,,
19253008077,1134,3,receiver_state,,,,search,,,,
19253011086,1135,5,sync,,,,1,,,,
19253011086,1136,5,receiver_state,,,,search,,,,
19253023527,1137,4,sync,,,,0,,,,
19253023527,1138,4,receiver_state,,,,idle,,,,
19259638077,1139,3,receiver_state,,,,track,,,,
19259641086,1140,5,receiver_state,,,,track,,,,
19266268077,1141,3,sync,,,,0,,,,
19266271086,1142,5,sync,,,,0,,,,
19429460000,1143,1,sync,,,,0,,,,
19429460000,1144,1,receiver_state,,,,search,,,,
19429468077,1145,3,received,1,,,19.429468076999999,135.37565585291233,15,,
19429468077,1146,3,cancel_ack,1,7,,,,,1,0
19429468077,1147,3,sync,,,,0,,,,
19429468077,1148,3,receiver_state,,,,search,,,,
19429471086,1149,5,received,1,,,19.429471086,140.8759451711563,15,,
19429471086,1150,5,cancel_ack,1,3,,,,,1,0
19429471086,1151,5,cancel_ack,1,4,,,,,1,0
19429471086,1152,5,cancel_ack,1,5,,,,,1,0
19429471086,1153,5,cancel_ack,1,6,,,,,1,0
19429471086,1154,5,cancel_ack,1,7,,,,,1,0
19429471086,1155,5,sync,,,,0,,,,
19429471086,1156,5,receiver_state,,,,search,,,,
19429483527,1157,4,sync,,,,0,,,,
19429483527,1158,4,receiver_state,,,,idle,,,,
19578008077,1161,1,sync,,,,1,,,,
19578008077,1162,1,receiver_state,,,,search,,,,
19578019163,1163,5,sync,,,,1,,,,
19578019163,1164,5,receiver_state,,,,search,,,,
19584638077,1165,1,receiver_state,,,,track,,,,
19584649163,1166,5,receiver_state,,,,track,,,,
19591268077,1167,1,sync,,,,0,,,,
19591279163,1168,5,sync,,,,0,,,,
19652460000,1169,3,sync,,,,0,,,,
19652460000,1170,3,receiver_state,,,,search,,,,
19652468077,1171,1,received,3,,,19.652468077000002,135.37565585291233,22,,
19652468077,1172,1,cancel_ack,3,7,,,,,1,0
19652468077,1173,1,cancel_ack,3,8,,,,,1,0
19652468077,1174,1,sync,,,,0,,,,
19652468077,1175,1,receiver_state,,,,search,,,,
19652479163,1176,5,received,3,,,19.652479162999999,150.38302059636848,22,,
19652479163,1177,5,sync,,,,0,,,,
19652479163,1178,5,receiver_state,,,,search,,,,
19695008077,1181,3,sync,,,,1,,,,
19695008077,1182,3,receiver_state,,,,search,,,,
19695011086,1183,5,sync,,,,1,,,,
19695011086,1184,5,receiver_state,,,,search,,,,
19695023527,1185,4,sync,,,,0,,,,
19695023527,1186,4,receiver_state,,,,idle,,,,
19701638077,1187,3,receiver_state,,,,track,,,,
19701641086,1188,5,receiver_state,,,,track,,,,
19708268077,1189,3,sync,,,,0,,,,
19708271086,1190,5,sync,,,,0,,,,
19760000000,1191,2,receiver_state,,,,search,,,,
19760000000,1192,4,receiver_state,,,,search,,,,
19760000000,1193,7,receiver_state,,,,search,,,,
19760000000,1194,8,receiver_state,,,,search,,,,
19768900000,1195,2,receiver_state,,,,idle,,,,
19768900000,1196,4,receiver_state,,,,idle,,,,
19768900000,1197,7,receiver_state,,,,idle,,,,
19768900000,1198,8,receiver_state,,,,idle,,,,
19871460000,1199,1,sync,,,,0,,,,
19871460000,1200,1,receiver_state,,,,search,,,,
19871468077,1201,3,received,1,,,19.871468076999999,135.37565585291233,19,,
19871468077,1202,3,cancel_ack,1,7,,,,,1,0
19871468077,1203,3,sync,,,,0,,,,
19871468077,1204,3,receiver_state,,,,search,,,,
19871471086,1205,5,received,1,,,19.871471086,140.8759451711563,19,,
19871471086,1206,5,cancel_ack,1,3,,,,,1,0
19871471086,1207,5,cancel_ack,1,4,,,,,1,0
19871471086,1208,5,cancel_ack,1,5,,,,,1,0
19871471086,1209,5,cancel_ack,1,6,,,,,1,0
19871471086,1210,5,cancel_ack,1,7,,,,,1,0
19871471086,1211,5,sync,,,,0,,,,
19871471086,1212,5,receiver_state,,,,search,,,,
19871483527,1213,4,sync,,,,0,,,,
19871483527,1214,4,receiver_state,,,,idle,,,,
19942011086,1217,1,sync,,,,1,,,,
19942011086,1218,1,receiver_state,,,,search,,,,
19942012444,1219,4,sync,,,,1,,,,
19942012444,1220,4,receiver_state,,,,idle,,,,
19942019163,1221,3,sync,,,,1,,,,
19942019163,1222,3,receiver_state,,,,search,,,,
19948641086,1223,1,receiver_state,,,,track,,,,
19948649163,1224,3,receiver_state,,,,track,,,,
19955271086,1225,1,sync,,,,0,,,,
19955272444,1226,4,sync,,,,0,,,,
19955279163,1227,3,sync,,,,0,,,,
19990960000,1228,5,sync,,,,0,,,,
19990960000,1229,5,receiver_state,,,,search,,,,
19990971086,1230,1,received,5,,,19.990971085999998,140.8759451711563,16,,
19990971086,1231,1,cancel_ack,5,6,,,,,1,0
19990971086,1232,1,sync,,,,0,,,,
19990971086,1233,1,receiver_state,,,,search,,,,
19990972444,1234,4,sync,,,,0,,,,
19990972444,1235,4,receiver_state,,,,idle,,,,
19990979163,1236,3,received,5,,,19.990979162999999,150.38302059636848,16,,
19990979163,1237,3,sync,,,,0,,,,
19990979163,1238,3,receiver_state,,,,search,,,,
20000000000,1239,1,enqueue,16777215,,52,7,0,,,
20150008077,1242,1,sync,,,,1,,,,
20150008077,1243,1,receiver_state,,,,search,,,,
20150019163,1244,5,sync,,,,1,,,,
20150019163,1245,5,receiver_state,,,,search,,,,
20156638077,1246,1,receiver_state,,,,track,,,,
20156649163,1247,5,receiver_state,,,,track,,,,
20163268077,1248,1,sync,,,,0,,,,
20163279163,1249,5,sync,,,,0,,,,
20224460000,1250,3,sync,,,,0,,,,
20224460000,1251,3,receiver_state,,,,search,,,,
20224468077,1252,1,received,3,,,20.224468077000001,135.37565585291233,8,,
20224468077,1253,1,cancel_ack,3,7,,,,,1,0
20224468077,1254,1,cancel_ack,3,8,,,,,1,0
20224468077,1255,1,sync,,,,0,,,,
20224468077,1256,1,receiver_state,,,,search,,,,
20224479163,1257,5,received,3,,,20.224479163000002,150.38302059636848,8,,
20224479163,1258,5,sync,,,,0,,,,
20224479163,1259,5,receiver_state,,,,search,,,,
20228008077,1262,3,sync,,,,1,,,,
20228008077,1263,3,receiver_state,,,,search,,,,
20228011086,1264,5,sync,,,,1,,,,
20228011086,1265,5,receiver_state,,,,search,,,,
20228023527,1266,4,sync,,,,0,,,,
20228023527,1267,4,receiver_state,,,,idle,,,,
20234638077,1268,3,receiver_state,,,,track,,,,
20234641086,1269,5,receiver_state,,,,track,,,,
20748000000,1270,2,receiver_state,,,,search,,,,
20748000000,1271,4,receiver_state,,,,search,,,,
20748000000,1272,7,receiver_state,,,,search,,,,
20748000000,1273,8,receiver_state,,,,search,,,,
20756900000,1274,2,receiver_state,,,,idle,,,,
20756900000,1275,4,receiver_state,,,,idle,,,,
20756900000,1276,7,receiver_state,,,,idle,,,,
20756900000,1277,8,receiver_state,,,,idle,,,,
21233728077,1278,3,sync,,,,0,,,,
21233731086,1279,5,sync,,,,0,,,,
21390800000,1280,1,sync,,,,0,,,,
21390800000,1281,1,receiver_state,,,,search,,,,
21390808077,1282,3,received,1,,,21.390808076999999,135.37565585291233,0,,
21390808077,1283,3,cancel_ack,1,7,,,,,1,0
21390808077,1284,3,active,,,,2,,,,
21390808077,1285,3,reported,,,,3,,,,
21390808077,1286,3,sync,,,,0,,,,
21390808077,1287,3,receiver_state,,,,search,,,,
21390811086,1288,5,received,1,,,21.390811085999999,140.8759451711563,0,,
21390811086,1289,5,cancel_ack,1,4,,,,,1,0
21390811086,1290,5,cancel_ack,1,5,,,,,1,0
21390811086,1291,5,cancel_ack,1,6,,,,,1,0
21390811086,1292,5,cancel_ack,1,7,,,,,1,0
21390811086,1293,5,active,,,,2,,,,
21390811086,1294,5,reported,,,,3,,,,
21390811086,1295,5,sync,,,,0,,,,
21390811086,1296,5,receiver_state,,,,search,,,,
21390823527,1297,4,sync,,,,0,,,,
21390823527,1298,4,receiver_state,,,,idle,,,,
21398008077,1301,3,sync,,,,1,,,,
21398008077,1302,3,receiver_state,,,,search,,,,
21398011086,1303,5,sync,,,,1,,,,
21398011086,1304,5,receiver_state,,,,search,,,,
21398023527,1305,4,sync,,,,0,,,,
21398023527,1306,4,receiver_state,,,,idle,,,,
21404638077,1307,3,receiver_state,,,,track,,,,
21404641086,1308,5,receiver_state,,,,track,,,,
21411268077,1309,3,sync,,,,0,,,,
21411271086,1310,5,sync,,,,0,,,,
21497960000,1311,1,sync,,,,0,,,,
21497960000,1312,1,receiver_state,,,,search,,,,
21497968077,1313,3,received,1,,,21.497968076999999,135.37565585291233,13,,
21497968077,1314,3,cancel_ack,1,7,,,,,1,0
21497968077,1315,3,sync,,,,0,,,,
21497968077,1316,3,receiver_state,,,,search,,,,
21497971086,1317,5,received,1,,,21.497971086,140.8759451711563,13,,
21497971086,1318,5,cancel_ack,1,6,,,,,1,0
21497971086,1319,5,cancel_ack,1,7,,,,,1,0
21497971086,1320,5,sync,,,,0,,,,
21497971086,1321,5,receiver_state,,,,search,,,,
21497983527,1322,4,sync,,,,0,,,,
21497983527,1323,4,receiver_state,,,,idle,,,,
21515011086,1326,1,sync,,,,1,,,,
21515011086,1327,1,receiver_state,,,,search,,,,
21515012444,1328,4,sync,,,,1,,,,
21515012444,1329,4,receiver_state,,,,idle,,,,
21515019163,1330,3,sync,,,,1,,,,
21515019163,1331,3,receiver_state,,,,search,,,,
21521641086,1332,1,receiver_state,,,,track,,,,
21521649163,1333,3,receiver_state,,,,track,,,,
21528271086,1334,1,sync,,,,0,,,,
21528272444,1335,4,sync,,,,0,,,,
21528279163,1336,3,sync,,,,0,,,,
21563960000,1337,5,sync,,,,0,,,,
21563960000,1338,5,receiver_state,,,,search,,,,
21563971086,1339,1,received,5,,,21.563971085999999,140.8759451711563,19,,
21563971086,1340,1,cancel_ack,5,6,,,,,1,0
21563971086,1341,1,sync,,,,0,,,,
21563971086,1342,1,receiver_state,,,,search,,,,
21563972444,1343,4,sync,,,,0,,,,
21563972444,1344,4,receiver_state,,,,idle,,,,
21563979163,1345,3,received,5,,,21.563979162999999,150.38302059636848,19,,
21563979163,1346,3,sync,,,,0,,,,
21563979163,1347,3,receiver_state,,,,search,,,,
21619008077,1350,1,sync,,,,1,,,,
21619008077,1351,1,receiver_state,,,,search,,,,
21619019163,1352,5,sync,,,,1,,,,
21619019163,1353,5,receiver_state,,,,search,,,,
21625638077,1354,1,receiver_state,,,,track,,,,
21625649163,1355,5,receiver_state,,,,track,,,,
21632268077,1356,1,sync,,,,0,,,,
21632279163,1357,5,sync,,,,0,,,,
21693460000,1358,3,sync,,,,0,,,,
21693460000,1359,3,receiver_state,,,,search,,,,
21693468077,1360,1,received,3,,,21.693468076999999,135.37565585291233,24,,
21693468077,1361,1,cancel_ack,3,7,,,,,1,0
21693468077,1362,1,cancel_ack,3,8,,,,,1,0
21693468077,1363,1,sync,,,,0,,,,
21693468077,1364,1,receiver_state,,,,search,,,,
21693479163,1365,5,received,3,,,21.693479162999999,150.38302059636848,24,,
21693479163,1366,5,sync,,,,0,,,,
21693479163,1367,5,receiver_state,,,,search,,,,
21736000000,1368,2,receiver_state,,,,search,,,,
21736000000,1369,4,receiver_state,,,,search,,,,
21736000000,1370,7,receiver_state,,,,search,,,,
21736000000,1371,8,receiver_state,,,,search,,,,
21744900000,1372,2,receiver_state,,,,idle,,,,
21744900000,1373,4,receiver_state,,,,idle,,,,
21744900000,1374,7,receiver_state,,,,idle,,,,
21744900000,1375,8,receiver_state,,,,idle,,,,
21775008077,1378,3,sync,,,,1,,,,
21775008077,1379,3,receiver_state,,,,search,,,,
21775011086,1380,5,sync,,,,1,,,,
21775011086,1381,5,receiver_state,,,,search,,,,
21775023527,1382,4,sync,,,,0,,,,
21775023527,1383,4,receiver_state,,,,idle,,,,
21781638077,1384,3,receiver_state,,,,track,,,,
21781641086,1385,5,receiver_state,,,,track,,,,
21788268077,1386,3,sync,,,,0,,,,
21788271086,1387,5,sync,,,,0,,,,
21823960000,1388,1,sync,,,,0,,,,
21823960000,1389,1,receiver_state,,,,search,,,,
21823968077,1390,3,received,1,,,21.823968077,135.37565585291233,2,,
21823968077,1391,3,cancel_ack,1,7,,,,,1,0
21823968077,1392,3,sync,,,,0,,,,
21823968077,1393,3,receiver_state,,,,search,,,,
21823971086,1394,5,received,1,,,21.823971086,140.8759451711563,2,,
21823971086,1395,5,sync,,,,0,,,,
21823971086,1396,5,receiver_state,,,,search,,,,
21823983527,1397,4,sync,,,,0,,,,
21823983527,1398,4,receiver_state,,,,idle,,,,
21918011086,1401,1,sync,,,,1,,,,
21918011086,1402,1,receiver_state,,,,search,,,,
21918012444,1403,4,sync,,,,1,,,,
21918012444,1404,4,receiver_state,,,,idle,,,,
21918019163,1405,3,sync,,,,0,,,,
21918019163,1406,3,receiver_state,,,,search,,,,
21924641086,1407,1,receiver_state,,,,track,,,,
21931271086,1408,1,sync,,,,0,,,,
21931272444,1409,4,sync,,,,0,,,,
21966960000,1410,5,sync,,,,0,,,,
21966960000,1411,5,receiver_state,,,,search,,,,
21966971086,1412,1,received,5,,,21.966971086000001,140.8759451711563,3,,
21966971086,1413,1,cancel_ack,5,6,,,,,1,0
21966971086,1414,1,sync,,,,0,,,,
21966971086,1415,1,receiver_state,,,,search,,,,
21966972444,1416,4,sync,,,,0,,,,
21966972444,1417,4,receiver_state,,,,idle,,,,
21966979163,1418,3,sync,,,,0,,,,
21966979163,1419,3,receiver_state,,,,search,,,,
22048008077,1422,1,sync,,,,1,,,,
22048008077,1423,1,receiver_state,,,,search,,,,
22048019163,1424,5,sync,,,,1,,,,
22048019163,1425,5,receiver_state,,,,search,,,,
22054638077,1426,1,receiver_state,,,,track,,,,
22054649163,1427,5,receiver_state,,,,track,,,,
22061268077,1428,1,sync,,,,0,,,,
22061279163,1429,5,sync,,,,0,,,,
22096960000,1430,3,sync,,,,0,,,,
22096960000,1431,3,receiver_state,,,,search,,,,
22096968077,1432,1,received,3,,,22.096968077,135.37565585291233,3,,
22096968077,1433,1,cancel_ack,3,8,,,,,1,0
22096968077,1434,1,sync,,,,0,,,,
22096968077,1435,1,receiver_state,,,,search,,,,
22096979163,1436,5,received,3,,,22.096979163,150.38302059636848,3,,
22096979163,1437,5,sync,,,,0,,,,
22096979163,1438,5,receiver_state,,,,search,,,,
22724000000,1439,2,receiver_state,,,,search,,,,
22724000000,1440,4,receiver_state,,,,search,,,,
22724000000,1441,7,receiver_state,,,,search,,,,
22724000000,1442,8,receiver_state,,,,search,,,,
22732900000,1443,2,receiver_state,,,,idle,,,,
22732900000,1444,4,receiver_state,,,,idle,,,,
22732900000,1445,7,receiver_state,,,,idle,,,,
22732900000,1446,8,receiver_state,,,,idle,,,,
23712000000,1447,2,receiver_state,,,,search,,,,
23712000000,1448,4,receiver_state,,,,search,,,,
23712000000,1449,7,receiver_state,,,,search,,,,
23712000000,1450,8,receiver_state,,,,search,,,,
23720900000,1451,2,receiver_state,,,,idle,,,,
23720900000,1452,4,receiver_state,,,,idle,,,,
23720900000,1453,7,receiver_state,,,,idle,,,,
23720900000,1454,8,receiver_state,,,,idle,,,,
24700000000,1455,2,receiver_state,,,,search,,,,
24700000000,1456,4,receiver_state,,,,search,,,,
24700000000,1457,7,receiver_state,,,,search,,,,
24700000000,1458,8,receiver_state,,,,search,,,,
24708900000,1459,2,receiver_state,,,,idle,,,,
24708900000,1460,4,receiver_state,,,,idle,,,,
24708900000,1461,7,receiver_state,,,,idle,,,,
24708900000,1462,8,receiver_state,,,,idle,,,,
25000000000,1463,1,enqueue,3,,53,7,1,,,
25000000000,1464,1,enqueue,5,,54,7,1,,,
25000000000,1465,1,enqueue,5,,55,0,0,,,
25220008077,1469,3,sync,,,,1,,,,
25220008077,1470,3,receiver_state,,,,search,,,,
25220011086,1471,5,sync,,,,1,,,,
25220011086,1472,5,receiver_state,,,,search,,,,
25220023527,1473,4,sync,,,,0,,,,
25220023527,1474,4,receiver_state,,,,idle,,,,
25226638077,1475,3,receiver_state,,,,track,,,,
25226641086,1476,5,receiver_state,,,,track,,,,
25233268077,1477,3,sync,,,,0,,,,
25233271086,1478,5,sync,,,,0,,,,
25307720000,1479,1,sync,,,,0,,,,
25307720000,1480,1,receiver_state,,,,search,,,,
25307728077,1481,3,received,1,,,25.307728077,135.37565585291233,7,,
25307728077,1482,3,active,,,,2,,,,
25307728077,1483,3,reported,,,,3,,,,
25307728077,1484,3,enqueue,1,,56,7,0,,,
25307728077,1485,3,sync,,,,0,,,,
25307728077,1486,3,receiver_state,,,,search,,,,
25307728077,1488,3,enqueue,1,,57,7,1,,,
25307731086,1489,5,received,1,,,25.307731086,140.8759451711563,7,,
25307731086,1490,5,active,,,,2,,,,
25307731086,1491,5,reported,,,,3,,,,
25307731086,1492,5,enqueue,1,,58,7,0,,,
25307731086,1493,5,sync,,,,0,,,,
25307731086,1494,5,receiver_state,,,,search,,,,
25307731086,1496,5,enqueue,1,,59,7,1,,,
25307731086,1497,5,enqueue,16777215,,60,7,0,,,
25307743527,1498,4,sync,,,,0,,,,
25307743527,1499,4,receiver_state,,,,idle,,,,
25480008077,1502,1,sync,,,,1,,,,
25480008077,1503,1,receiver_state,,,,search,,,,
25480019163,1504,5,sync,,,,0,,,,
25480019163,1505,5,receiver_state,,,,search,,,,
25486638077,1506,1,receiver_state,,,,track,,,,
25493268077,1507,1,sync,,,,0,,,,
25612600000,1508,3,sync,,,,0,,,,
25612600000,1509,3,receiver_state,,,,search,,,,
25612608077,1510,1,received,3,,,25.612608077000001,135.37565585291233,24,,
25612608077,1511,1,cancel_ack,3,9,,,,,1,0
25612608077,1512,1,active,,,,3,,,,
25612608077,1513,1,reported,,,,2,,,,
25612608077,1514,1,enqueue,3,,61,7,0,,,
25612608077,1515,1,sync,,,,0,,,,
25612608077,1516,1,receiver_state,,,,search,,,,
25612619163,1518,5,sync,,,,0,,,,
25612619163,1519,5,receiver_state,,,,search,,,,
25649011086,1522,1,sync,,,,1,,,,
25649011086,1523,1,receiver_state,,,,search,,,,
25649012444,1524,4,sync,,,,1,,,,
25649012444,1525,4,receiver_state,,,,idle,,,,
25649019163,1526,3,sync,,,,1,,,,
25649019163,1527,3,receiver_state,,,,search,,,,
25655641086,1528,1,receiver_state,,,,track,,,,
25655649163,1529,3,receiver_state,,,,track,,,,
25688000000,1530,2,receiver_state,,,,search,,,,
25688000000,1531,4,receiver_state,,,,search,,,,
25688000000,1532,7,receiver_state,,,,search,,,,
25688000000,1533,8,receiver_state,,,,search,,,,
25694630000,1534,4,receiver_state,,,,track,,,,
25696900000,1535,2,receiver_state,,,,idle,,,,
25696900000,1536,7,receiver_state,,,,idle,,,,
25696900000,1537,8,receiver_state,,,,idle,,,,
26654731086,1538,1,sync,,,,0,,,,
26654732444,1539,4,sync,,,,0,,,,
26654739163,1540,3,sync,,,,0,,,,
26676000000,1541,2,receiver_state,,,,search,,,,
26676000000,1542,7,receiver_state,,,,search,,,,
26676000000,1543,8,receiver_state,,,,search,,,,
26684900000,1544,2,receiver_state,,,,idle,,,,
26684900000,1545,7,receiver_state,,,,idle,,,,
26684900000,1546,8,receiver_state,,,,idle,,,,
26793440000,1547,5,sync,,,,0,,,,
26793440000,1548,5,receiver_state,,,,search,,,,
26793451086,1549,1,received,5,,,26.793451086000001,140.8759451711563,25,,
26793451086,1550,1,cancel_ack,5,7,,,,,1,0
26793451086,1551,1,active,,,,3,,,,
26793451086,1552,1,reported,,,,2,,,,
26793451086,1553,1,enqueue,5,,62,7,0,,,
26793451086,1554,1,active,,,,3,,,,
26793451086,1555,1,reported,,,,2,,,,
26793451086,1556,1,sync,,,,0,,,,
26793451086,1557,1,receiver_state,,,,search,,,,
26793452444,1558,4,received,5,,,26.793452444,142.88390553075294,25,,
26793452444,1559,4,active,,,,2,,,,
26793452444,1560,4,cancel_type,5,,,8,,,,
26793452444,1561,4,enqueue,5,,63,7,0,,,
26793452444,1562,4,sync,,,,0,,,,
26793452444,1563,4,receiver_state,,,,search,,,,
26793459163,1565,3,received,5,,,26.793459163000001,150.38302059636848,25,,
26793459163,1566,3,active,,,,3,,,,
26793459163,1567,3,cancel_type,5,,,8,,,,
26793459163,1568,3,enqueue,5,,64,7,0,,,
26793459163,1569,3,sync,,,,0,,,,
26793459163,1570,3,receiver_state,,,,search,,,,
26813451086,1571,1,enqueue,5,,65,7,1,,,
27079008077,1574,1,sync,,,,1,,,,
27079008077,1575,1,receiver_state,,,,search,,,,
27079019163,1576,5,sync,,,,1,,,,
27079019163,1577,5,receiver_state,,,,search,,,,
27085638077,1578,1,receiver_state,,,,track,,,,
27085649163,1579,5,receiver_state,,,,track,,,,
27092012444,1582,5,sync,,,,1,,,,
27092013632,1583,2,sync,,,,1,,,,
27092013632,1584,2,receiver_state,,,,idle,,,,
27092023527,1585,1,sync,,,,1,,,,
27092268077,1586,1,sync,,,,0,,,,
27092279163,1587,5,sync,,,,1,,,,
27105272444,1588,5,sync,,,,0,,,,
27105273632,1589,2,sync,,,,0,,,,
27133820000,1590,4,sync,,,,0,,,,
27133820000,1591,4,receiver_state,,,,search,,,,
27133832444,1592,5,sync,,,,0,,,,
27133833632,1593,2,sync,,,,0,,,,
27133833632,1594,2,receiver_state,,,,idle,,,,
27133843527,1595,1,sync,,,,0,,,,
27146320000,1596,3,sync,,,,0,,,,
27146320000,1597,3,receiver_state,,,,search,,,,
27146328077,1598,1,received,3,,,27.146328077,135.37565585291233,2,,
27146328077,1599,1,cancel_ack,3,9,,,,,1,0
27146328077,1600,1,sync,,,,0,,,,
27146328077,1601,1,receiver_state,,,,search,,,,
27146339163,1602,5,received,3,,,27.146339163,150.38302059636848,2,,
27146339163,1603,5,enqueue,3,,66,7,1,,,
27146339163,1604,5,sync,,,,0,,,,
27146339163,1605,5,receiver_state,,,,search,,,,
27183008077,1608,1,sync,,,,1,,,,
27183008077,1609,1,receiver_state,,,,search,,,,
27183019163,1610,5,sync,,,,1,,,,
27183019163,1611,5,receiver_state,,,,search,,,,
27189638077,1612,1,receiver_state,,,,track,,,,
27189649163,1613,5,receiver_state,,,,track,,,,
27196268077,1614,1,sync,,,,0,,,,
27196279163,1615,5,sync,,,,0,,,,
27231960000,1616,3,sync,,,,0,,,,
27231960000,1617,3,receiver_state,,,,search,,,,
27231968077,1618,1,received,3,,,27.231968077000001,135.37565585291233,7,,
27231968077,1619,1,cancel_ack,3,9,,,,,1,0
27231968077,1620,1,sync,,,,0,,,,
27231968077,1621,1,receiver_state,,,,search,,,,
27231979163,1622,5,received,3,,,27.231979162999998,150.38302059636848,7,,
27231979163,1623,5,sync,,,,0,,,,
27231979163,1624,5,receiver_state,,,,search,,,,
27235008077,1629,3,sync,,,,1,,,,
27235008077,1630,3,receiver_state,,,,search,,,,
27235011086,1631,1,sync,,,,1,,,,
27235011086,1632,5,sync,,,,1,,,,
27235012444,1633,4,sync,,,,1,,,,
27235012444,1634,4,receiver_state,,,,search,,,,
27235019163,1635,3,sync,,,,1,,,,
27235019163,1636,3,receiver_state,,,,search,,,,
27235023527,1637,4,sync,,,,1,,,,
27235023527,1638,4,receiver_state,,,,search,,,,
27241638077,1639,3,receiver_state,,,,track,,,,
27241642444,1640,4,receiver_state,,,,track,,,,
27248268077,1641,3,sync,,,,1,,,,
27248271086,1642,1,sync,,,,0,,,,
27248271086,1643,5,sync,,,,0,,,,
27248272444,1644,4,sync,,,,0,,,,
27248279163,1645,3,sync,,,,0,,,,
27325780000,1646,1,sync,,,,0,,,,
27325780000,1647,1,receiver_state,,,,search,,,,
27325788077,1648,3,received,1,,,27.325788076999999,135.37565585291233,7,,
27325788077,1649,3,cancel_ack,1,8,,,,,1,0
27325788077,1650,3,sync,,,,0,,,,
27325788077,1651,3,receiver_state,,,,search,,,,
27325791086,1652,5,sync,,,,0,,,,
27325803527,1653,4,sync,,,,0,,,,
27347200000,1654,5,sync,,,,0,,,,
27347200000,1655,5,receiver_state,,,,search,,,,
27347211086,1656,1,sync,,,,0,,,,
27347211086,1657,1,receiver_state,,,,search,,,,
27347212444,1658,4,received,5,,,27.347212444,142.88390553075294,8,,
27347212444,1659,4,sync,,,,0,,,,
27347212444,1660,4,receiver_state,,,,search,,,,
27347219163,1661,3,sync,,,,0,,,,
27347219163,1662,3,receiver_state,,,,search,,,,
27404008077,1665,1,sync,,,,1,,,,
27404008077,1666,1,receiver_state,,,,search,,,,
27404019163,1667,5,sync,,,,1,,,,
27404019163,1668,5,receiver_state,,,,search,,,,
27410638077,1669,1,receiver_state,,,,track,,,,
27410649163,1670,5,receiver_state,,,,track,,,,
27417268077,1671,1,sync,,,,0,,,,
27417279163,1672,5,sync,,,,0,,,,
27452960000,1673,3,sync,,,,0,,,,
27452960000,1674,3,receiver_state,,,,search,,,,
27452968077,1675,1,received,3,,,27.452968077000001,135.37565585291233,30,,
27452968077,1676,1,cancel_ack,3,9,,,,,1,0
27452968077,1677,1,sync,,,,0,,,,
27452968077,1678,1,receiver_state,,,,search,,,,
27452979163,1679,5,received,3,,,27.452979162999998,150.38302059636848,30,,
27452979163,1680,5,sync,,,,0,,,,
27452979163,1681,5,receiver_state,,,,search,,,,
27456008077,1684,3,sync,,,,1,,,,
27456008077,1685,3,receiver_state,,,,search,,,,
27456011086,1686,5,sync,,,,1,,,,
27456011086,1687,5,receiver_state,,,,search,,,,
27456023527,1688,4,sync,,,,0,,,,
27456023527,1689,4,receiver_state,,,,search,,,,
27462638077,1690,3,receiver_state,,,,track,,,,
27462641086,1691,5,receiver_state,,,,track,,,,
27469268077,1692,3,sync,,,,0,,,,
27469271086,1693,5,sync,,,,0,,,,
27530460000,1694,1,sync,,,,0,,,,
27530460000,1695,1,receiver_state,,,,search,,,,
27530468077,1696,3,received,1,,,27.530468076999998,135.37565585291233,25,,
27530468077,1697,3,cancel_ack,1,8,,,,,1,0
27530468077,1698,3,sync,,,,0,,,,
27530468077,1699,3,receiver_state,,,,search,,,,
27530471086,1700,5,received,1,,,27.530471085999999,140.8759451711563,25,,
27530471086,1701,5,cancel_ack,1,8,,,,,1,0
27530471086,1702,5,sync,,,,0,,,,
27530471086,1703,5,receiver_state,,,,search,,,,
27530483527,1704,4,sync,,,,0,,,,
27530483527,1705,4,receiver_state,,,,search,,,,
27560011086,1708,1,sync,,,,1,,,,
27560011086,1709,1,receiver_state,,,,search,,,,
27560012444,1710,4,sync,,,,1,,,,
27560012444,1711,4,receiver_state,,,,search,,,,
27560019163,1712,3,sync,,,,1,,,,
27560019163,1713,3,receiver_state,,,,search,,,,
27566641086,1714,1,receiver_state,,,,track,,,,
27566642444,1715,4,receiver_state,,,,track,,,,
27566649163,1716,3,receiver_state,,,,track,,,,
27573271086,1717,1,sync,,,,0,,,,
27573272444,1718,4,sync,,,,0,,,,
27573279163,1719,3,sync,,,,0,,,,
27608960000,1720,5,sync,,,,0,,,,
27608960000,1721,5,receiver_state,,,,search,,,,
27608971086,1722,1,received,5,,,27.608971086,140.8759451711563,31,,
27608971086,1723,1,cancel_ack,5,7,,,,,1,0
27608971086,1724,1,sync,,,,0,,,,
27608971086,1725,1,receiver_state,,,,search,,,,
27608972444,1726,4,received,5,,,27.608972443999999,142.88390553075294,31,,
27608972444,1727,4,sync,,,,0,,,,
27608972444,1728,4,receiver_state,,,,search,,,,
27608979163,1729,3,received,5,,,27.608979163000001,150.38302059636848,31,,
27608979163,1730,3,sync,,,,0,,,,
27608979163,1731,3,receiver_state,,,,search,,,,
27664000000,1732,2,receiver_state,,,,search,,,,
27664000000,1733,7,receiver_state,,,,search,,,,
27664000000,1734,8,receiver_state,,,,search,,,,
27672900000,1735,2,receiver_state,,,,idle,,,,
27672900000,1736,7,receiver_state,,,,idle,,,,
27672900000,1737,8,receiver_state,,,,idle,,,,
27898008077,1740,3,sync,,,,1,,,,
27898008077,1741,3,receiver_state,,,,search,,,,
27898011086,1742,5,sync,,,,1,,,,
27898011086,1743,5,receiver_state,,,,search,,,,
27898023527,1744,4,sync,,,,0,,,,
27898023527,1745,4,receiver_state,,,,search,,,,
27904638077,1746,3,receiver_state,,,,track,,,,
27904641086,1747,5,receiver_state,,,,track,,,,
27911268077,1748,3,sync,,,,0,,,,
27911271086,1749,5,sync,,,,0,,,,
27972460000,1750,1,sync,,,,0,,,,
27972460000,1751,1,receiver_state,,,,search,,,,
27972468077,1752,3,received,1,,,27.972468076999998,135.37565585291233,1,,
27972468077,1753,3,cancel_ack,1,8,,,,,1,0
27972468077,1754,3,sync,,,,0,,,,
27972468077,1755,3,receiver_state,,,,search,,,,
27972471086,1756,5,received,1,,,27.972471085999999,140.8759451711563,1,,
27972471086,1757,5,cancel_ack,1,8,,,,,1,0
27972471086,1758,5,sync,,,,0,,,,
27972471086,1759,5,receiver_state,,,,search,,,,
27972483527,1760,4,sync,,,,0,,,,
27972483527,1761,4,receiver_state,,,,search,,,,
27989008077,1764,3,sync,,,,1,,,,
27989008077,1765,3,receiver_state,,,,search,,,,
27989011086,1766,5,sync,,,,1,,,,
27989011086,1767,5,receiver_state,,,,search,,,,
27989023527,1768,4,sync,,,,0,,,,
27989023527,1769,4,receiver_state,,,,search,,,,
27995638077,1770,3,receiver_state,,,,track,,,,
27995641086,1771,5,receiver_state,,,,track,,,,
28002268077,1772,3,sync,,,,0,,,,
28002271086,1773,5,sync,,,,0,,,,
28063460000,1774,1,sync,,,,0,,,,
28063460000,1775,1,receiver_state,,,,search,,,,
28063468077,1776,3,received,1,,,28.063468077,135.37565585291233,27,,
28063468077,1777,3,cancel_ack,1,8,,,,,1,0
28063468077,1778,3,sync,,,,0,,,,
28063468077,1779,3,receiver_state,,,,search,,,,
28063471086,1780,5,received,1,,,28.063471086,140.8759451711563,27,,
28063471086,1781,5,cancel_ack,1,8,,,,,1,0
28063471086,1782,5,sync,,,,0,,,,
28063471086,1783,5,receiver_state,,,,search,,,,
28063483527,1784,4,sync,,,,0,,,,
28063483527,1785,4,receiver_state,,,,search,,,,
28080008077,1788,1,sync,,,,1,,,,
28080008077,1789,1,receiver_state,,,,search,,,,
28080019163,1790,5,sync,,,,1,,,,
28080019163,1791,5,receiver_state,,,,search,,,,
28086638077,1792,1,receiver_state,,,,track,,,,
28086649163,1793,5,receiver_state,,,,track,,,,
28093268077,1794,1,sync,,,,0,,,,
28093279163,1795,5,sync,,,,0,,,,
28128960000,1796,3,sync,,,,0,,,,
28128960000,1797,3,receiver_state,,,,search,,,,
28128968077,1798,1,received,3,,,28.128968077,135.37565585291233,30,,
28128968077,1799,1,cancel_ack,3,9,,,,,1,0
28128968077,1800,1,sync,,,,0,,,,
28128968077,1801,1,receiver_state,,,,search,,,,
28128979163,1802,5,received,3,,,28.128979163,150.38302059636848,30,,
28128979163,1803,5,sync,,,,0,,,,
28128979163,1804,5,receiver_state,,,,search,,,,
28184011086,1807,1,sync,,,,1,,,,
28184011086,1808,1,receiver_state,,,,search,,,,
28184012444,1809,4,sync,,,,1,,,,
28184012444,1810,4,receiver_state,,,,search,,,,
28184019163,1811,3,sync,,,,1,,,,
28184019163,1812,3,receiver_state,,,,search,,,,
28190641086,1813,1,receiver_state,,,,track,,,,
28190642444,1814,4,receiver_state,,,,track,,,,
28190649163,1815,3,receiver_state,,,,track,,,,
28197271086,1816,1,sync,,,,0,,,,
28197272444,1817,4,sync,,,,0,,,,
28197279163,1818,3,sync,,,,0,,,,
28232960000,1819,5,sync,,,,0,,,,
28232960000,1820,5,receiver_state,,,,search,,,,
28232971086,1821,1,received,5,,,28.232971085999999,140.8759451711563,12,,
28232971086,1822,1,cancel_ack,5,7,,,,,1,0
28232971086,1823,1,sync,,,,0,,,,
28232971086,1824,1,receiver_state,,,,search,,,,
28232972444,1825,4,received,5,,,28.232972444000001,142.88390553075294,12,,
28232972444,1826,4,sync,,,,0,,,,
28232972444,1827,4,receiver_state,,,,search,,,,
28232979163,1828,3,received,5,,,28.232979163,150.38302059636848,12,,
28232979163,1829,3,sync,,,,0,,,,
28232979163,1830,3,receiver_state,,,,search,,,,
28392011086,1833,1,sync,,,,1,,,,
28392011086,1834,1,receiver_state,,,,search,,,,
28392012444,1835,4,sync,,,,1,,,,
28392012444,1836,4,receiver_state,,,,search,,,,
28392019163,1837,3,sync,,,,1,,,,
28392019163,1838,3,receiver_state,,,,search,,,,
28398641086,1839,1,receiver_state,,,,track,,,,
28398642444,1840,4,receiver_state,,,,track,,,,
28398649163,1841,3,receiver_state,,,,track,,,,
28405271086,1842,1,sync,,,,0,,,,
28405272444,1843,4,sync,,,,0,,,,
28405279163,1844,3,sync,,,,0,,,,
28440960000,1845,5,sync,,,,0,,,,
28440960000,1846,5,receiver_state,,,,search,,,,
28440971086,1847,1,received,5,,,28.440971086000001,140.8759451711563,17,,
28440971086,1848,1,cancel_ack,5,7,,,,,1,0
28440971086,1849,1,sync,,,,0,,,,
28440971086,1850,1,receiver_state,,,,search,,,,
28440972444,1851,4,received,5,,,28.440972444,142.88390553075294,17,,
28440972444,1852,4,sync,,,,0,,,,
28440972444,1853,4,receiver_state,,,,search,,,,
28440979163,1854,3,received,5,,,28.440979163000002,150.38302059636848,17,,
28440979163,1855,3,sync,,,,0,,,,
28440979163,1856,3,receiver_state,,,,search,,,,
28535008077,1859,3,sync,,,,1,,,,
28535008077,1860,3,receiver_state,,,,search,,,,
28535011086,1861,5,sync,,,,1,,,,
28535011086,1862,5,receiver_state,,,,search,,,,
28535023527,1863,4,sync,,,,0,,,,
28535023527,1864,4,receiver_state,,,,search,,,,
28541638077,1865,3,receiver_state,,,,track,,,,
28541641086,1866,5,receiver_state,,,,track,,,,
28548268077,1867,3,sync,,,,0,,,,
28548271086,1868,5,sync,,,,0,,,,
28609460000,1869,1,sync,,,,0,,,,
28609460000,1870,1,receiver_state,,,,search,,,,
28609468077,1871,3,received,1,,,28.609468076999999,135.37565585291233,27,,
28609468077,1872,3,cancel_ack,1,8,,,,,1,0
28609468077,1873,3,sync,,,,0,,,,
28609468077,1874,3,receiver_state,,,,search,,,,
28609471086,1875,5,received,1,,,28.609471085999999,140.8759451711563,27,,
28609471086,1876,5,cancel_ack,1,8,,,,,1,0
28609471086,1877,5,sync,,,,0,,,,
28609471086,1878,5,receiver_state,,,,search,,,,
28609483527,1879,4,sync,,,,0,,,,
28609483527,1880,4,receiver_state,,,,search,,,,
28652000000,1881,2,receiver_state,,,,search,,,,
28652000000,1882,7,receiver_state,,,,search,,,,
28652000000,1883,8,receiver_state,,,,search,,,,
28660900000,1884,2,receiver_state,,,,idle,,,,
28660900000,1885,7,receiver_state,,,,idle,,,,
28660900000,1886,8,receiver_state,,,,idle,,,,
29235000028,1887,5,enqueue,3,,67,7,1,,,
29235000028,1888,1,enqueue,5,,68,7,1,,,
29276008077,1893,3,sync,,,,1,,,,
29276008077,1894,3,receiver_state,,,,search,,,,
29276011086,1895,5,sync,,,,1,,,,
29276011086,1896,5,receiver_state,,,,search,,,,
29276023527,1897,4,sync,,,,0,,,,
29276023527,1898,4,receiver_state,,,,search,,,,
29282638077,1899,3,receiver_state,,,,track,,,,
29282641086,1900,5,receiver_state,,,,track,,,,
29289268077,1901,3,sync,,,,0,,,,
29289271086,1902,5,sync,,,,0,,,,
29315780000,1903,1,sync,,,,0,,,,
29315780000,1904,1,receiver_state,,,,search,,,,
29315788077,1905,3,received,1,,,29.315788077000001,135.37565585291233,8,,
29315788077,1906,3,sync,,,,0,,,,
29315788077,1907,3,receiver_state,,,,search,,,,
29315791086,1908,5,received,1,,,29.315791086000001,140.8759451711563,8,,
29315791086,1909,5,active,,,,2,,,,
29315791086,1910,5,reported,,,,3,,,,
29315791086,1911,5,enqueue,1,,69,7,0,,,
29315791086,1912,5,sync,,,,0,,,,
29315791086,1913,5,receiver_state,,,,search,,,,
29315803527,1914,4,sync,,,,0,,,,
29315803527,1915,4,receiver_state,,,,search,,,,
29484011086,1918,1,sync,,,,1,,,,
29484011086,1919,1,receiver_state,,,,search,,,,
29484012444,1920,4,sync,,,,1,,,,
29484012444,1921,4,receiver_state,,,,search,,,,
29484019163,1922,3,sync,,,,1,,,,
29484019163,1923,3,receiver_state,,,,search,,,,
29490641086,1924,1,receiver_state,,,,track,,,,
29490642444,1925,4,receiver_state,,,,track,,,,
29490649163,1926,3,receiver_state,,,,track,,,,
29497271086,1927,1,sync,,,,0,,,,
29497272444,1928,4,sync,,,,0,,,,
29497279163,1929,3,sync,,,,0,,,,
29596200000,1930,5,sync,,,,0,,,,
29596200000,1931,5,receiver_state,,,,search,,,,
29596211086,1932,1,received,5,,,29.596211086,140.8759451711563,24,,
29596211086,1933,1,cancel_ack,5,8,,,,,1,0
29596211086,1934,1,sync,,,,0,,,,
29596211086,1935,1,receiver_state,,,,search,,,,
29596212444,1936,4,received,5,,,29.596212443999999,142.88390553075294,24,,
29596212444,1937,4,sync,,,,0,,,,
29596212444,1938,4,receiver_state,,,,search,,,,
29596219163,1939,3,received,5,,,29.596219163000001,150.38302059636848,24,,
29596219163,1940,3,enqueue,5,,70,7,0,,,
29596219163,1941,3,enqueue,5,,71,7,1,,,
29596219163,1942,3,active,,,,3,,,,
29596219163,1943,3,reported,,,,2,,,,
29596219163,1944,3,sync,,,,0,,,,
29596219163,1945,3,receiver_state,,,,search,,,,
29640000000,1947,2,receiver_state,,,,search,,,,
29640000000,1948,7,receiver_state,,,,search,,,,
29640000000,1949,8,receiver_state,,,,search,,,,
29648900000,1950,2,receiver_state,,,,idle,,,,
29648900000,1951,7,receiver_state,,,,idle,,,,
29648900000,1952,8,receiver_state,,,,idle,,,,
29835008077,1955,1,sync,,,,1,,,,
29835008077,1956,1,receiver_state,,,,search,,,,
29835019163,1957,5,sync,,,,1,,,,
29835019163,1958,5,receiver_state,,,,search,,,,
29841638077,1959,1,receiver_state,,,,track,,,,
29841649163,1960,5,receiver_state,,,,track,,,,
29848268077,1961,1,sync,,,,0,,,,
29848279163,1962,5,sync,,,,0,,,,
29947200000,1963,3,sync,,,,0,,,,
29947200000,1964,3,receiver_state,,,,search,,,,
29947208077,1965,1,received,3,,,29.947208076999999,135.37565585291233,10,,
29947208077,1966,1,sync,,,,0,,,,
29947208077,1967,1,receiver_state,,,,search,,,,
29947219163,1968,5,received,3,,,29.947219163,150.38302059636848,10,,
29947219163,1969,5,cancel_ack,3,1,,,,,1,0
29947219163,1970,5,cancel_type,3,,,8,,,,
29947219163,1971,5,enqueue,3,,72,7,0,,,
29947219163,1972,5,enqueue,3,,73,7,0,,,
29947219163,1973,5,enqueue,3,,74,7,1,,,
29947219163,1974,5,sync,,,,0,,,,
29947219163,1975,5,receiver_state,,,,search,,,,
30017011086,1978,1,sync,,,,1,,,,
30017011086,1979,1,receiver_state,,,,search,,,,
30017012444,1980,4,sync,,,,1,,,,
30017012444,1981,4,receiver_state,,,,search,,,,
30017019163,1982,3,sync,,,,1,,,,
30017019163,1983,3,receiver_state,,,,search,,,,
30023641086,1984,1,receiver_state,,,,track,,,,
30023642444,1985,4,receiver_state,,,,track,,,,
30023649163,1986,3,receiver_state,,,,track,,,,
30030271086,1987,1,sync,,,,0,,,,
30030272444,1988,4,sync,,,,0,,,,
30030279163,1989,3,sync,,,,0,,,,
30126140000,1990,5,sync,,,,0,,,,
30126140000,1991,5,receiver_state,,,,search,,,,
30126151086,1992,1,received,5,,,30.126151086,140.8759451711563,30,,
30126151086,1993,1,cancel_ack,5,8,,,,,1,0
30126151086,1994,1,sync,,,,0,,,,
30126151086,1995,1,receiver_state,,,,search,,,,
30126152444,1996,4,received,5,,,30.126152443999999,142.88390553075294,30,,
30126152444,1997,4,sync,,,,0,,,,
30126152444,1998,4,receiver_state,,,,search,,,,
30126159163,1999,3,received,5,,,30.126159163000001,150.38302059636848,30,,
30126159163,2000,3,cancel_ack,5,2,,,,,1,0
30126159163,2001,3,enqueue,5,,75,7,1,,,
30126159163,2002,3,active,,,,3,,,,
30126159163,2003,3,reported,,,,2,,,,
30126159163,2004,3,enqueue,5,,76,7,1,,,
30126159163,2005,3,enqueue,5,,77,7,0,,,
30126159163,2006,3,sync,,,,0,,,,
30126159163,2007,3,receiver_state,,,,search,,,,
30186008077,2010,1,sync,,,,1,,,,
30186008077,2011,1,receiver_state,,,,search,,,,
30186019163,2012,5,sync,,,,1,,,,
30186019163,2013,5,receiver_state,,,,search,,,,
30192638077,2014,1,receiver_state,,,,track,,,,
30192649163,2015,5,receiver_state,,,,track,,,,
30199268077,2016,1,sync,,,,0,,,,
30199279163,2017,5,sync,,,,0,,,,
30293100000,2018,3,sync,,,,0,,,,
30293100000,2019,3,receiver_state,,,,search,,,,
30293108077,2020,1,received,3,,,30.293108076999999,135.37565585291233,3,,
30293108077,2021,1,sync,,,,0,,,,
30293108077,2022,1,receiver_state,,,,search,,,,
30293119163,2023,5,received,3,,,30.293119163,150.38302059636848,3,,
30293119163,2024,5,cancel_ack,3,1,,,,,1,0
30293119163,2025,5,cancel_ack,3,3,,,,,1,0
30293119163,2026,5,active,,,,3,,,,
30293119163,2027,5,reported,,,,0,,,,
30293119163,2028,5,enqueue,3,,78,7,0,,,
30293119163,2029,5,active,,,,3,,,,
30293119163,2030,5,reported,,,,3,,,,
30293119163,2031,5,enqueue,3,,79,7,0,,,
30293119163,2032,5,sync,,,,0,,,,
30293119163,2033,5,receiver_state,,,,search,,,,
30293119163,2034,5,enqueue,3,,80,7,1,,,
30293119163,2035,5,enqueue,3,,81,7,1,,,
30307731086,2036,5,enqueue,16777215,,82,7,0,,,
30342008077,2039,1,sync,,,,1,,,,
30342008077,2040,1,receiver_state,,,,search,,,,
30342019163,2041,5,sync,,,,1,,,,
30342019163,2042,5,receiver_state,,,,search,,,,
30348638077,2043,1,receiver_state,,,,track,,,,
30348649163,2044,5,receiver_state,,,,track,,,,
30355268077,2045,1,sync,,,,0,,,,
30355279163,2046,5,sync,,,,0,,,,
30416460000,2047,3,sync,,,,0,,,,
30416460000,2048,3,receiver_state,,,,search,,,,
30416468077,2049,1,received,3,,,30.416468077000001,135.37565585291233,16,,
30416468077,2050,1,sync,,,,0,,,,
30416468077,2051,1,receiver_state,,,,search,,,,
30416479163,2052,5,received,3,,,30.416479163000002,150.38302059636848,16,,
30416479163,2053,5,cancel_ack,3,1,,,,,1,0
30416479163,2054,5,cancel_ack,3,3,,,,,1,0
30416479163,2055,5,sync,,,,0,,,,
30416479163,2056,5,receiver_state,,,,search,,,,
30628000000,2057,2,receiver_state,,,,search,,,,
30628000000,2058,7,receiver_state,,,,search,,,,
30628000000,2059,8,receiver_state,,,,search,,,,
30628008077,2062,1,sync,,,,1,,,,
30628008077,2063,1,receiver_state,,,,search,,,,
30628019163,2064,5,sync,,,,1,,,,
30628019163,2065,5,receiver_state,,,,search,,,,
30634638077,2066,1,receiver_state,,,,track,,,,
30634649163,2067,5,receiver_state,,,,track,,,,
30636900000,2068,2,receiver_state,,,,idle,,,,
30636900000,2069,7,receiver_state,,,,idle,,,,
30636900000,2070,8,receiver_state,,,,idle,,,,
30641268077,2071,1,sync,,,,0,,,,
30641279163,2072,5,sync,,,,0,,,,
30702460000,2073,3,sync,,,,0,,,,
30702460000,2074,3,receiver_state,,,,search,,,,
30702468077,2075,1,received,3,,,30.702468076999999,135.37565585291233,24,,
30702468077,2076,1,sync,,,,0,,,,
30702468077,2077,1,receiver_state,,,,search,,,,
30702479163,2078,5,received,3,,,30.702479163,150.38302059636848,24,,
30702479163,2079,5,cancel_ack,3,1,,,,,1,0
30702479163,2080,5,cancel_ack,3,3,,,,,1,0
30702479163,2081,5,sync,,,,0,,,,
30702479163,2082,5,receiver_state,,,,search,,,,
30758011086,2085,1,sync,,,,1,,,,
30758011086,2086,1,receiver_state,,,,search,,,,
30758012444,2087,4,sync,,,,1,,,,
30758012444,2088,4,receiver_state,,,,search,,,,
30758019163,2089,3,sync,,,,1,,,,
30758019163,2090,3,receiver_state,,,,search,,,,
30764641086,2091,1,receiver_state,,,,track,,,,
30764642444,2092,4,receiver_state,,,,track,,,,
30764649163,2093,3,receiver_state,,,,track,,,,
31616000000,2094,2,receiver_state,,,,search,,,,
31616000000,2095,7,receiver_state,,,,search,,,,
31616000000,2096,8,receiver_state,,,,search,,,,
31624900000,2097,2,receiver_state,,,,idle,,,,
31624900000,2098,7,receiver_state,,,,idle,,,,
31624900000,2099,8,receiver_state,,,,idle,,,,
31763731086,2100,1,sync,,,,0,,,,
31763732444,2101,4,sync,,,,0,,,,
31763739163,2102,3,sync,,,,0,,,,
31793452444,2103,4,cancel_type,5,,,8,,,,
31793452444,2104,4,enqueue,5,,83,7,0,,,
31988120000,2105,5,sync,,,,0,,,,
31988120000,2106,5,receiver_state,,,,search,,,,
31988131086,2107,1,received,5,,,31.988131085999999,140.8759451711563,6,,
31988131086,2108,1,cancel_ack,5,8,,,,,1,0
31988131086,2109,1,active,,,,3,,,,
31988131086,2110,1,reported,,,,3,,,,
31988131086,2111,1,enqueue,5,,84,7,0,,,
31988131086,2112,1,active,,,,3,,,,
31988131086,2113,1,reported,,,,3,,,,
31988131086,2114,1,sync,,,,0,,,,
31988131086,2115,1,receiver_state,,,,search,,,,
31988132444,2117,4,received,5,,,31.988132444000001,142.88390553075294,6,,
31988132444,2118,4,active,,,,2,,,,
31988132444,2119,4,cancel_type,5,,,8,,,,
31988132444,2120,4,enqueue,5,,85,7,0,,,
31988132444,2121,4,sync,,,,0,,,,
31988132444,2122,4,receiver_state,,,,search,,,,
31988139163,2124,3,received,5,,,31.988139163,150.38302059636848,6,,
31988139163,2125,3,cancel_ack,5,2,,,,,1,0
31988139163,2126,3,cancel_ack,5,3,,,,,1,0
31988139163,2127,3,cancel_ack,5,4,,,,,1,0
31988139163,2128,3,active,,,,3,,,,
31988139163,2129,3,reported,,,,3,,,,
31988139163,2130,3,enqueue,5,,86,7,0,,,
31988139163,2131,3,active,,,,3,,,,
31988139163,2132,3,reported,,,,3,,,,
31988139163,2133,3,enqueue,5,,87,7,0,,,
31988139163,2134,3,active,,,,3,,,,
31988139163,2135,3,reported,,,,3,,,,
31988139163,2136,3,sync,,,,0,,,,
31988139163,2137,3,receiver_state,,,,search,,,,
31988139163,2138,3,enqueue,5,,88,7,1,,,
31988139163,2139,3,enqueue,5,,89,7,1,,,
32071011086,2142,1,sync,,,,1,,,,
32071011086,2143,1,receiver_state,,,,search,,,,
32071012444,2144,4,sync,,,,1,,,,
32071012444,2145,4,receiver_state,,,,search,,,,
32071019163,2146,3,sync,,,,1,,,,
32071019163,2147,3,receiver_state,,,,search,,,,
32077641086,2148,1,receiver_state,,,,track,,,,
32077642444,2149,4,receiver_state,,,,track,,,,
32077649163,2150,3,receiver_state,,,,track,,,,
32084271086,2151,1,sync,,,,0,,,,
32084272444,2152,4,sync,,,,0,,,,
32084279163,2153,3,sync,,,,0,,,,
32196460000,2154,5,sync,,,,0,,,,
32196460000,2155,5,receiver_state,,,,search,,,,
32196471086,2156,1,received,5,,,32.196471086000003,140.8759451711563,3,,
32196471086,2157,1,cancel_ack,5,8,,,,,1,0
32196471086,2158,1,sync,,,,0,,,,
32196471086,2159,1,receiver_state,,,,search,,,,
32196472444,2160,4,received,5,,,32.196472444000001,142.88390553075294,3,,
32196472444,2161,4,sync,,,,0,,,,
32196472444,2162,4,receiver_state,,,,search,,,,
32196479163,2163,3,received,5,,,32.196479162999999,150.38302059636848,3,,
32196479163,2164,3,cancel_ack,5,2,,,,,1,0
32196479163,2165,3,cancel_ack,5,3,,,,,1,0
32196479163,2166,3,cancel_ack,5,4,,,,,1,0
32196479163,2167,3,sync,,,,0,,,,
32196479163,2168,3,receiver_state,,,,search,,,,
32240011086,2171,1,sync,,,,1,,,,
32240011086,2172,1,receiver_state,,,,search,,,,
32240012444,2173,4,sync,,,,1,,,,
32240012444,2174,4,receiver_state,,,,search,,,,
32240019163,2175,3,sync,,,,1,,,,
32240019163,2176,3,receiver_state,,,,search,,,,
32246641086,2177,1,receiver_state,,,,track,,,,
32246642444,2178,4,receiver_state,,,,track,,,,
32246649163,2179,3,receiver_state,,,,track,,,,
32253271086,2180,1,sync,,,,0,,,,
32253272444,2181,4,sync,,,,0,,,,
32253279163,2182,3,sync,,,,0,,,,
32365460000,2183,5,sync,,,,0,,,,
32365460000,2184,5,receiver_state,,,,search,,,,
32365471086,2185,1,received,5,,,32.365471085999999,140.8759451711563,5,,
32365471086,2186,1,cancel_ack,5,8,,,,,1,0
32365471086,2187,1,sync,,,,0,,,,
32365471086,2188,1,receiver_state,,,,search,,,,
32365472444,2189,4,received,5,,,32.365472443999998,142.88390553075294,5,,
32365472444,2190,4,sync,,,,0,,,,
32365472444,2191,4,receiver_state,,,,search,,,,
32365479163,2192,3,received,5,,,32.365479163000003,150.38302059636848,5,,
32365479163,2193,3,cancel_ack,5,2,,,,,1,0
32365479163,2194,3,cancel_ack,5,3,,,,,1,0
32365479163,2195,3,cancel_ack,5,4,,,,,1,0
32365479163,2196,3,sync,,,,0,,,,
32365479163,2197,3,receiver_state,,,,search,,,,
32435011086,2200,1,sync,,,,1,,,,
32435011086,2201,1,receiver_state,,,,search,,,,
32435012444,2202,4,sync,,,,1,,,,
32435012444,2203,4,receiver_state,,,,search,,,,
32435019163,2204,3,sync,,,,1,,,,
32435019163,2205,3,receiver_state,,,,search,,,,
32441641086,2206,1,receiver_state,,,,track,,,,
32441642444,2207,4,receiver_state,,,,track,,,,
32441649163,2208,3,receiver_state,,,,track,,,,
32448271086,2209,1,sync,,,,0,,,,
32448272444,2210,4,sync,,,,0,,,,
32448279163,2211,3,sync,,,,0,,,,
32534960000,2212,5,sync,,,,0,,,,
32534960000,2213,5,receiver_state,,,,search,,,,
32534971086,2214,1,received,5,,,32.534971085999999,140.8759451711563,16,,
32534971086,2215,1,sync,,,,0,,,,
32534971086,2216,1,receiver_state,,,,search,,,,
32534972444,2217,4,received,5,,,32.534972443999997,142.88390553075294,16,,
32534972444,2218,4,sync,,,,0,,,,
32534972444,2219,4,receiver_state,,,,search,,,,
32534979163,2220,3,received,5,,,32.534979163000003,150.38302059636848,16,,
32534979163,2221,3,cancel_ack,5,2,,,,,1,0
32534979163,2222,3,cancel_ack,5,3,,,,,1,0
32534979163,2223,3,cancel_ack,5,4,,,,,1,0
32534979163,2224,3,sync,,,,0,,,,
32534979163,2225,3,receiver_state,,,,search,,,,
32539008077,2228,3,sync,,,,1,,,,
32539008077,2229,3,receiver_state,,,,search,,,,
32539011086,2230,5,sync,,,,1,,,,
32539011086,2231,5,receiver_state,,,,search,,,,
32539023527,2232,4,sync,,,,0,,,,
32539023527,2233,4,receiver_state,,,,search,,,,
32545638077,2234,3,receiver_state,,,,track,,,,
32545641086,2235,5,receiver_state,,,,track,,,,
32552268077,2236,3,sync,,,,0,,,,
32552271086,2237,5,sync,,,,0,,,,
32587960000,2238,1,sync,,,,0,,,,
32587960000,2239,1,receiver_state,,,,search,,,,
32587968077,2240,3,received,1,,,32.587968076999999,135.37565585291233,31,,
32587968077,2241,3,sync,,,,0,,,,
32587968077,2242,3,receiver_state,,,,search,,,,
32587971086,2243,5,received,1,,,32.587971086000003,140.8759451711563,31,,
32587971086,2244,5,cancel_ack,1,9,,,,,1,0
32587971086,2245,5,sync,,,,0,,,,
32587971086,2246,5,receiver_state,,,,search,,,,
32587983527,2247,4,sync,,,,0,,,,
32587983527,2248,4,receiver_state,,,,search,,,,
32604000000,2249,2,receiver_state,,,,search,,,,
32604000000,2250,7,receiver_state,,,,search,,,,
32604000000,2251,8,receiver_state,,,,search,,,,
32604008077,2254,1,sync,,,,1,,,,
32604008077,2255,1,receiver_state,,,,search,,,,
32604019163,2256,5,sync,,,,1,,,,
32604019163,2257,5,receiver_state,,,,search,,,,
32610638077,2258,1,receiver_state,,,,track,,,,
32610649163,2259,5,receiver_state,,,,track,,,,
32612900000,2260,2,receiver_state,,,,idle,,,,
32612900000,2261,7,receiver_state,,,,idle,,,,
32612900000,2262,8,receiver_state,,,,idle,,,,
32617268077,2263,1,sync,,,,0,,,,
32617279163,2264,5,sync,,,,0,,,,
32708012444,2267,5,sync,,,,1,,,,
32708013632,2268,2,sync,,,,1,,,,
32708013632,2269,2,receiver_state,,,,idle,,,,
32708023527,2270,1,sync,,,,0,,,,
32721272444,2271,5,sync,,,,0,,,,
32721273632,2272,2,sync,,,,0,,,,
32749820000,2273,4,sync,,,,0,,,,
32749820000,2274,4,receiver_state,,,,search,,,,
32749832444,2275,5,sync,,,,0,,,,
32749833632,2276,2,sync,,,,0,,,,
32749833632,2277,2,receiver_state,,,,idle,,,,
32749843527,2278,1,sync,,,,0,,,,
32758000028,2279,5,enqueue,3,,90,7,1,,,
32758000028,2280,5,enqueue,3,,91,7,1,,,
32832480000,2281,3,sync,,,,0,,,,
32832480000,2282,3,receiver_state,,,,search,,,,
32832488077,2283,1,received,3,,,32.832488077000001,135.37565585291233,20,,
32832488077,2284,1,active,,,,3,,,,
32832488077,2285,1,reported,,,,3,,,,
32832488077,2286,1,enqueue,3,,92,7,0,,,
32832488077,2287,1,sync,,,,0,,,,
32832488077,2288,1,receiver_state,,,,search,,,,
32832499163,2289,5,received,3,,,32.832499163000001,150.38302059636848,20,,
32832499163,2290,5,cancel_ack,3,1,,,,,1,0
32832499163,2291,5,cancel_ack,3,3,,,,,1,0
32832499163,2292,5,cancel_ack,3,4,,,,,1,0
32832499163,2293,5,cancel_ack,3,5,,,,,1,0
32832499163,2294,5,active,,,,3,,,,
32832499163,2295,5,reported,,,,3,,,,
32832499163,2296,5,enqueue,3,,93,7,0,,,
32832499163,2297,5,active,,,,3,,,,
32832499163,2298,5,reported,,,,3,,,,
32832499163,2299,5,enqueue,3,,94,7,0,,,
32832499163,2300,5,sync,,,,0,,,,
32832499163,2301,5,receiver_state,,,,search,,,,
32832499163,2302,5,enqueue,3,,95,7,1,,,
33007011086,2305,1,sync,,,,1,,,,
33007011086,2306,1,receiver_state,,,,search,,,,
33007012444,2307,4,sync,,,,1,,,,
33007012444,2308,4,receiver_state,,,,search,,,,
33007019163,2309,3,sync,,,,1,,,,
33007019163,2310,3,receiver_state,,,,search,,,,
33013641086,2311,1,receiver_state,,,,track,,,,
33013642444,2312,4,receiver_state,,,,track,,,,
33013649163,2313,3,receiver_state,,,,track,,,,
33020271086,2314,1,sync,,,,0,,,,
33020272444,2315,4,sync,,,,0,,,,
33020279163,2316,3,sync,,,,0,,,,
33262000000,2317,5,sync,,,,0,,,,
33262000000,2318,5,receiver_state,,,,search,,,,
33262011086,2319,1,received,5,,,33.262011086000001,140.8759451711563,27,,
33262011086,2320,1,enqueue,5,,96,7,0,,,
33262011086,2321,1,active,,,,3,,,,
33262011086,2322,1,reported,,,,3,,,,
33262011086,2323,1,enqueue,5,,97,7,0,,,
33262011086,2324,1,sync,,,,0,,,,
33262011086,2325,1,receiver_state,,,,search,,,,
33262012444,2326,4,received,5,,,33.262012444,142.88390553075294,27,,
33262012444,2327,4,sync,,,,0,,,,
33262012444,2328,4,receiver_state,,,,search,,,,
33262019163,2329,3,received,5,,,33.262019162999998,150.38302059636848,27,,
33262019163,2330,3,cancel_ack,5,3,,,,,1,0
33262019163,2331,3,cancel_ack,5,4,,,,,1,0
33262019163,2332,3,cancel_ack,5,5,,,,,1,0
33262019163,2333,3,cancel_ack,5,6,,,,,1,0
33262019163,2334,3,enqueue,5,,98,7,0,,,
33262019163,2335,3,enqueue,5,,99,7,0,,,
33262019163,2336,3,active,,,,3,,,,
33262019163,2337,3,reported,,,,3,,,,
33262019163,2338,3,enqueue,5,,100,7,0,,,
33262019163,2339,3,sync,,,,0,,,,
33262019163,2340,3,receiver_state,,,,search,,,,
33345008077,2343,1,sync,,,,1,,,,
33345008077,2344,1,receiver_state,,,,search,,,,
33345019163,2345,5,sync,,,,1,,,,
33345019163,2346,5,receiver_state,,,,search,,,,
33351638077,2347,1,receiver_state,,,,track,,,,
33351649163,2348,5,receiver_state,,,,track,,,,
33358268077,2349,1,sync,,,,0,,,,
33358279163,2350,5,sync,,,,0,,,,
33470460000,2351,3,sync,,,,0,,,,
33470460000,2352,3,receiver_state,,,,search,,,,
33470468077,2353,1,received,3,,,33.470468077,135.37565585291233,12,,
33470468077,2354,1,sync,,,,0,,,,
33470468077,2355,1,receiver_state,,,,search,,,,
33470479163,2356,5,received,3,,,33.470479163,150.38302059636848,12,,
33470479163,2357,5,cancel_ack,3,3,,,,,1,0
33470479163,2358,5,cancel_ack,3,4,,,,,1,0
33470479163,2359,5,cancel_ack,3,5,,,,,1,0
33470479163,2360,5,cancel_ack,3,6,,,,,1,0
33470479163,2361,5,sync,,,,0,,,,
33470479163,2362,5,receiver_state,,,,search,,,,
33579008077,2365,3,sync,,,,1,,,,
33579008077,2366,3,receiver_state,,,,search,,,,
33579011086,2367,5,sync,,,,1,,,,
33579011086,2368,5,receiver_state,,,,search,,,,
33579023527,2369,4,sync,,,,0,,,,
33579023527,2370,4,receiver_state,,,,search,,,,
33585638077,2371,3,receiver_state,,,,track,,,,
33585641086,2372,5,receiver_state,,,,track,,,,
33592000000,2373,2,receiver_state,,,,search,,,,
33592000000,2374,7,receiver_state,,,,search,,,,
33592000000,2375,8,receiver_state,,,,search,,,,
33592268077,2376,3,sync,,,,0,,,,
33592271086,2377,5,sync,,,,0,,,,
33600900000,2378,2,receiver_state,,,,idle,,,,
33600900000,2379,7,receiver_state,,,,idle,,,,
33600900000,2380,8,receiver_state,,,,idle,,,,
33678960000,2381,1,sync,,,,0,,,,
33678960000,2382,1,receiver_state,,,,search,,,,
33678968077,2383,3,received,1,,,33.678968077,135.37565585291233,9,,
33678968077,2384,3,cancel_ack,1,9,,,,,1,0
33678968077,2385,3,sync,,,,0,,,,
33678968077,2386,3,receiver_state,,,,search,,,,
33678971086,2387,5,received,1,,,33.678971085999997,140.8759451711563,9,,
33678971086,2388,5,cancel_ack,1,9,,,,,1,0
33678971086,2389,5,cancel_ack,1,10,,,,,1,0
33678971086,2390,5,sync,,,,0,,,,
33678971086,2391,5,receiver_state,,,,search,,,,
33678983527,2392,4,sync,,,,0,,,,
33678983527,2393,4,receiver_state,,,,search,,,,
33722008077,2396,1,sync,,,,1,,,,
33722008077,2397,1,receiver_state,,,,search,,,,
33722019163,2398,5,sync,,,,1,,,,
33722019163,2399,5,receiver_state,,,,search,,,,
33728638077,2400,1,receiver_state,,,,track,,,,
33728649163,2401,5,receiver_state,,,,track,,,,
33735268077,2402,1,sync,,,,0,,,,
33735279163,2403,5,sync,,,,0,,,,
33821960000,2404,3,sync,,,,0,,,,
33821960000,2405,3,receiver_state,,,,search,,,,
33821968077,2406,1,received,3,,,33.821968077000001,135.37565585291233,31,,
33821968077,2407,1,sync,,,,0,,,,
33821968077,2408,1,receiver_state,,,,search,,,,
33821979163,2409,5,received,3,,,33.821979163000002,150.38302059636848,31,,
33821979163,2410,5,cancel_ack,3,4,,,,,1,0
33821979163,2411,5,cancel_ack,3,5,,,,,1,0
33821979163,2412,5,cancel_ack,3,6,,,,,1,0
33821979163,2413,5,sync,,,,0,,,,
33821979163,2414,5,receiver_state,,,,search,,,,
33891008077,2417,3,sync,,,,1,,,,
33891008077,2418,3,receiver_state,,,,search,,,,
33891011086,2419,5,sync,,,,1,,,,
33891011086,2420,5,receiver_state,,,,search,,,,
33891023527,2421,4,sync,,,,0,,,,
33891023527,2422,4,receiver_state,,,,search,,,,
33897638077,2423,3,receiver_state,,,,track,,,,
33897641086,2424,5,receiver_state,,,,track,,,,
33904268077,2425,3,sync,,,,0,,,,
33904271086,2426,5,sync,,,,0,,,,
33990960000,2427,1,sync,,,,0,,,,
33990960000,2428,1,receiver_state,,,,search,,,,
33990968077,2429,3,received,1,,,33.990968076999998,135.37565585291233,8,,
33990968077,2430,3,cancel_ack,1,9,,,,,1,0
33990968077,2431,3,sync,,,,0,,,,
33990968077,2432,3,receiver_state,,,,search,,,,
33990971086,2433,5,received,1,,,33.990971086000002,140.8759451711563,8,,
33990971086,2434,5,cancel_ack,1,9,,,,,1,0
33990971086,2435,5,cancel_ack,1,10,,,,,1,0
33990971086,2436,5,sync,,,,0,,,,
33990971086,2437,5,receiver_state,,,,search,,,,
33990983527,2438,4,sync,,,,0,,,,
33990983527,2439,4,receiver_state,,,,search,,,,
34008011086,2442,1,sync,,,,1,,,,
34008011086,2443,1,receiver_state,,,,search,,,,
34008012444,2444,4,sync,,,,1,,,,
34008012444,2445,4,receiver_state,,,,search,,,,
34008019163,2446,3,sync,,,,1,,,,
34008019163,2447,3,receiver_state,,,,search,,,,
34014641086,2448,1,receiver_state,,,,track,,,,
34014642444,2449,4,receiver_state,,,,track,,,,
34014649163,2450,3,receiver_state,,,,track,,,,
34021271086,2451,1,sync,,,,0,,,,
34021272444,2452,4,sync,,,,0,,,,
34021279163,2453,3,sync,,,,0,,,,
34082460000,2454,5,sync,,,,0,,,,
34082460000,2455,5,receiver_state,,,,search,,,,
34082471086,2456,1,received,5,,,34.082471085999998,140.8759451711563,0,,
34082471086,2457,1,sync,,,,0,,,,
34082471086,2458,1,receiver_state,,,,search,,,,
34082472444,2459,4,received,5,,,34.082472443999997,142.88390553075294,0,,
34082472444,2460,4,sync,,,,0,,,,
34082472444,2461,4,receiver_state,,,,search,,,,
34082479163,2462,3,received,5,,,34.082479163000002,150.38302059636848,0,,
34082479163,2463,3,cancel_ack,5,5,,,,,1,0
34082479163,2464,3,cancel_ack,5,6,,,,,1,0
34082479163,2465,3,sync,,,,0,,,,
34082479163,2466,3,receiver_state,,,,search,,,,
34086011086,2469,1,sync,,,,1,,,,
34086011086,2470,1,receiver_state,,,,search,,,,
34086012444,2471,4,sync,,,,1,,,,
34086012444,2472,4,receiver_state,,,,search,,,,
34086019163,2473,3,sync,,,,1,,,,
34086019163,2474,3,receiver_state,,,,search,,,,
34092641086,2475,1,receiver_state,,,,track,,,,
34092642444,2476,4,receiver_state,,,,track,,,,
34092649163,2477,3,receiver_state,,,,track,,,,
34099271086,2478,1,sync,,,,0,,,,
34099272444,2479,4,sync,,,,0,,,,
34099279163,2480,3,sync,,,,0,,,,
34160460000,2481,5,sync,,,,0,,,,
34160460000,2482,5,receiver_state,,,,search,,,,
34160471086,2483,1,received,5,,,34.160471086000001,140.8759451711563,30,,
34160471086,2484,1,sync,,,,0,,,,
34160471086,2485,1,receiver_state,,,,search,,,,
34160472444,2486,4,received,5,,,34.160472444,142.88390553075294,30,,
34160472444,2487,4,sync,,,,0,,,,
34160472444,2488,4,receiver_state,,,,search,,,,
34160479163,2489,3,received,5,,,34.160479162999998,150.38302059636848,30,,
34160479163,2490,3,cancel_ack,5,5,,,,,1,0
34160479163,2491,3,cancel_ack,5,6,,,,,1,0
34160479163,2492,3,sync,,,,0,,,,
34160479163,2493,3,receiver_state,,,,search,,,,
34229008077,2496,3,sync,,,,1,,,,
34229008077,2497,3,receiver_state,,,,search,,,,
34229011086,2498,5,sync,,,,1,,,,
34229011086,2499,5,receiver_state,,,,search,,,,
34229023527,2500,4,sync,,,,0,,,,
34229023527,2501,4,receiver_state,,,,search,,,,
34235638077,2502,3,receiver_state,,,,track,,,,
34235641086,2503,5,receiver_state,,,,track,,,,
34242268077,2504,3,sync,,,,0,,,,
34242271086,2505,5,sync,,,,0,,,,
34328960000,2506,1,sync,,,,0,,,,
34328960000,2507,1,receiver_state,,,,search,,,,
34328968077,2508,3,received,1,,,34.328968076999999,135.37565585291233,22,,
34328968077,2509,3,cancel_ack,1,9,,,,,1,0
34328968077,2510,3,sync,,,,0,,,,
34328968077,2511,3,receiver_state,,,,search,,,,
34328971086,2512,5,received,1,,,34.328971086000003,140.8759451711563,22,,
34328971086,2513,5,cancel_ack,1,9,,,,,1,0
34328971086,2514,5,cancel_ack,1,10,,,,,1,0
34328971086,2515,5,sync,,,,0,,,,
34328971086,2516,5,receiver_state,,,,search,,,,
34328983527,2517,4,sync,,,,0,,,,
34328983527,2518,4,receiver_state,,,,search,,,,
34541008077,2521,1,sync,,,,1,,,,
34541008077,2522,1,receiver_state,,,,search,,,,
34541019163,2523,5,sync,,,,1,,,,
34541019163,2524,5,receiver_state,,,,search,,,,
34547638077,2525,1,receiver_state,,,,track,,,,
34547649163,2526,5,receiver_state,,,,track,,,,
34554268077,2527,1,sync,,,,0,,,,
34554279163,2528,5,sync,,,,0,,,,
34580000000,2529,2,receiver_state,,,,search,,,,
34580000000,2530,7,receiver_state,,,,search,,,,
34580000000,2531,8,receiver_state,,,,search,,,,
34588900000,2532,2,receiver_state,,,,idle,,,,
34588900000,2533,7,receiver_state,,,,idle,,,,
34588900000,2534,8,receiver_state,,,,idle,,,,
34640960000,2535,3,sync,,,,0,,,,
34640960000,2536,3,receiver_state,,,,search,,,,
34640968077,2537,1,received,3,,,34.640968076999997,135.37565585291233,20,,
34640968077,2538,1,sync,,,,0,,,,
34640968077,2539,1,receiver_state,,,,search,,,,
34640979163,2540,5,received,3,,,34.640979162999997,150.38302059636848,20,,
34640979163,2541,5,cancel_ack,3,4,,,,,1,0
34640979163,2542,5,cancel_ack,3,5,,,,,1,0
34640979163,2543,5,cancel_ack,3,6,,,,,1,0
34640979163,2544,5,sync,,,,0,,,,
34640979163,2545,5,receiver_state,,,,search,,,,
34710008077,2548,3,sync,,,,1,,,,
34710008077,2549,3,receiver_state,,,,search,,,,
34710011086,2550,5,sync,,,,1,,,,
34710011086,2551,5,receiver_state,,,,search,,,,
34710023527,2552,4,sync,,,,0,,,,
34710023527,2553,4,receiver_state,,,,search,,,,
34716638077,2554,3,receiver_state,,,,track,,,,
34716641086,2555,5,receiver_state,,,,track,,,,
34723268077,2556,3,sync,,,,0,,,,
34723271086,2557,5,sync,,,,0,,,,
34809960000,2558,1,sync,,,,0,,,,
34809960000,2559,1,receiver_state,,,,search,,,,
34809968077,2560,3,received,1,,,34.809968077000001,135.37565585291233,20,,
34809968077,2561,3,cancel_ack,1,9,,,,,1,0
34809968077,2562,3,sync,,,,0,,,,
34809968077,2563,3,receiver_state,,,,search,,,,
34809971086,2564,5,received,1,,,34.809971085999997,140.8759451711563,20,,
34809971086,2565,5,cancel_ack,1,9,,,,,1,0
34809971086,2566,5,cancel_ack,1,10,,,,,1,0
34809971086,2567,5,sync,,,,0,,,,
34809971086,2568,5,receiver_state,,,,search,,,,
34809983527,2569,4,sync,,,,0,,,,
34809983527,2570,4,receiver_state,,,,search,,,,
34827011086,2573,1,sync,,,,1,,,,
34827011086,2574,1,receiver_state,,,,search,,,,
34827012444,2575,4,sync,,,,1,,,,
34827012444,2576,4,receiver_state,,,,search,,,,
34827019163,2577,3,sync,,,,1,,,,
34827019163,2578,3,receiver_state,,,,search,,,,
34833641086,2579,1,receiver_state,,,,track,,,,
34833642444,2580,4,receiver_state,,,,track,,,,
34833649163,2581,3,receiver_state,,,,track,,,,
34840271086,2582,1,sync,,,,0,,,,
34840272444,2583,4,sync,,,,0,,,,
34840279163,2584,3,sync,,,,0,,,,
34901460000,2585,5,sync,,,,0,,,,
34901460000,2586,5,receiver_state,,,,search,,,,
34901471086,2587,1,received,5,,,34.901471086000001,140.8759451711563,27,,
34901471086,2588,1,sync,,,,0,,,,
34901471086,2589,1,receiver_state,,,,search,,,,
34901472444,2590,4,received,5,,,34.901472443999999,142.88390553075294,27,,
34901472444,2591,4,sync,,,,0,,,,
34901472444,2592,4,receiver_state,,,,search,,,,
34901479163,2593,3,received,5,,,34.901479162999998,150.38302059636848,27,,
34901479163,2594,3,cancel_ack,5,5,,,,,1,0
34901479163,2595,3,cancel_ack,5,6,,,,,1,0
34901479163,2596,3,sync,,,,0,,,,
34901479163,2597,3,receiver_state,,,,search,,,,
35061008077,2600,1,sync,,,,1,,,,
35061008077,2601,1,receiver_state,,,,search,,,,
35061019163,2602,5,sync,,,,1,,,,
35061019163,2603,5,receiver_state,,,,search,,,,
35067638077,2604,1,receiver_state,,,,track,,,,
35067649163,2605,5,receiver_state,,,,track,,,,
35074268077,2606,1,sync,,,,0,,,,
35074279163,2607,5,sync,,,,0,,,,
35160960000,2608,3,sync,,,,0,,,,
35160960000,2609,3,receiver_state,,,,search,,,,
35160968077,2610,1,received,3,,,35.160968077,135.37565585291233,28,,
35160968077,2611,1,sync,,,,0,,,,
35160968077,2612,1,receiver_state,,,,search,,,,
35160979163,2613,5,received,3,,,35.160979163,150.38302059636848,28,,
35160979163,2614,5,cancel_ack,3,4,,,,,1,0
35160979163,2615,5,cancel_ack,3,5,,,,,1,0
35160979163,2616,5,cancel_ack,3,6,,,,,1,0
35160979163,2617,5,sync,,,,0,,,,
35160979163,2618,5,receiver_state,,,,search,,,,
35230008077,2621,3,sync,,,,1,,,,
35230008077,2622,3,receiver_state,,,,search,,,,
35230011086,2623,5,sync,,,,1,,,,
35230011086,2624,5,receiver_state,,,,search,,,,
35230023527,2625,4,sync,,,,0,,,,
35230023527,2626,4,receiver_state,,,,search,,,,
35236638077,2627,3,receiver_state,,,,track,,,,
35236641086,2628,5,receiver_state,,,,track,,,,
35243268077,2629,3,sync,,,,0,,,,
35243271086,2630,5,sync,,,,0,,,,
35304460000,2631,1,sync,,,,0,,,,
35304460000,2632,1,receiver_state,,,,search,,,,
35304468077,2633,3,received,1,,,35.304468077000003,135.37565585291233,17,,
35304468077,2634,3,cancel_ack,1,9,,,,,1,0
35304468077,2635,3,sync,,,,0,,,,
35304468077,2636,3,receiver_state,,,,search,,,,
35304471086,2637,5,received,1,,,35.304471086,140.8759451711563,17,,
35304471086,2638,5,cancel_ack,1,10,,,,,1,0
35304471086,2639,5,sync,,,,0,,,,
35304471086,2640,5,receiver_state,,,,search,,,,
35304483527,2641,4,sync,,,,0,,,,
35304483527,2642,4,receiver_state,,,,search,,,,
35307731086,2643,5,enqueue,16777215,,101,7,0,,,
35412011086,2646,1,sync,,,,1,,,,
35412011086,2647,1,receiver_state,,,,search,,,,
35412012444,2648,4,sync,,,,1,,,,
35412012444,2649,4,receiver_state,,,,search,,,,
35412019163,2650,3,sync,,,,1,,,,
35412019163,2651,3,receiver_state,,,,search,,,,
35418641086,2652,1,receiver_state,,,,track,,,,
35418642444,2653,4,receiver_state,,,,track,,,,
35418649163,2654,3,receiver_state,,,,track,,,,
35568000000,2655,2,receiver_state,,,,search,,,,
35568000000,2656,7,receiver_state,,,,search,,,,
35568000000,2657,8,receiver_state,,,,search,,,,
35576900000,2658,2,receiver_state,,,,idle,,,,
35576900000,2659,7,receiver_state,,,,idle,,,,
35576900000,2660,8,receiver_state,,,,idle,,,,
36417731086,2661,1,sync,,,,0,,,,
36417732444,2662,4,sync,,,,0,,,,
36417739163,2663,3,sync,,,,0,,,,
36498300000,2664,5,sync,,,,0,,,,
36498300000,2665,5,receiver_state,,,,search,,,,
36498311086,2666,1,received,5,,,36.498311086000001,140.8759451711563,7,,
36498311086,2667,1,active,,,,3,,,,
36498311086,2668,1,reported,,,,3,,,,
36498311086,2669,1,sync,,,,0,,,,
36498311086,2670,1,receiver_state,,,,search,,,,
36498312444,2671,4,received,5,,,36.498312444,142.88390553075294,7,,
36498312444,2672,4,active,,,,2,,,,
36498312444,2673,4,cancel_type,5,,,8,,,,
36498312444,2674,4,enqueue,5,,102,7,0,,,
36498312444,2675,4,sync,,,,0,,,,
36498312444,2676,4,receiver_state,,,,search,,,,
36498319163,2678,3,received,5,,,36.498319162999998,150.38302059636848,7,,
36498319163,2679,3,cancel_ack,5,5,,,,,1,0
36498319163,2680,3,cancel_ack,5,6,,,,,1,0
36498319163,2681,3,active,,,,3,,,,
36498319163,2682,3,reported,,,,3,,,,
36498319163,2683,3,sync,,,,0,,,,
36498319163,2684,3,receiver_state,,,,search,,,,
36556000000,2685,2,receiver_state,,,,search,,,,
36556000000,2686,7,receiver_state,,,,search,,,,
36556000000,2687,8,receiver_state,,,,search,,,,
36564900000,2688,2,receiver_state,,,,idle,,,,
36564900000,2689,7,receiver_state,,,,idle,,,,
36564900000,2690,8,receiver_state,,,,idle,,,,
36673008077,2693,1,sync,,,,1,,,,
36673008077,2694,1,receiver_state,,,,search,,,,
36673019163,2695,5,sync,,,,1,,,,
36673019163,2696,5,receiver_state,,,,search,,,,
36679638077,2697,1,receiver_state,,,,track,,,,
36679649163,2698,5,receiver_state,,,,track,,,,
36686012444,2701,5,sync,,,,1,,,,
36686013632,2702,2,sync,,,,1,,,,
36686013632,2703,2,receiver_state,,,,idle,,,,
36686023527,2704,1,sync,,,,1,,,,
36686268077,2705,1,sync,,,,0,,,,
36686279163,2706,5,sync,,,,1,,,,
36699272444,2707,5,sync,,,,0,,,,
36699273632,2708,2,sync,,,,0,,,,
36721960000,2709,3,sync,,,,0,,,,
36721960000,2710,3,receiver_state,,,,search,,,,
36721968077,2711,1,received,3,,,36.721968077,135.37565585291233,22,,
36721968077,2712,1,sync,,,,0,,,,
36721968077,2713,1,receiver_state,,,,search,,,,
36721979163,2714,5,received,3,,,36.721979163,150.38302059636848,22,,
36721979163,2715,5,cancel_ack,3,6,,,,,1,0
36721979163,2716,5,sync,,,,0,,,,
36721979163,2717,5,receiver_state,,,,search,,,,
36727820000,2718,4,sync,,,,0,,,,
36727820000,2719,4,receiver_state,,,,search,,,,
36727832444,2720,5,sync,,,,0,,,,
36727832444,2721,5,receiver_state,,,,search,,,,
36727833632,2722,2,sync,,,,0,,,,
36727833632,2723,2,receiver_state,,,,idle,,,,
36727843527,2724,1,sync,,,,0,,,,
36727843527,2725,1,receiver_state,,,,search,,,,
37544000000,2726,2,receiver_state,,,,search,,,,
37544000000,2727,7,receiver_state,,,,search,,,,
37544000000,2728,8,receiver_state,,,,search,,,,
37552900000,2729,2,receiver_state,,,,idle,,,,
37552900000,2730,7,receiver_state,,,,idle,,,,
37552900000,2731,8,receiver_state,,,,idle,,,,
38532000000,2732,2,receiver_state,,,,search,,,,
38532000000,2733,7,receiver_state,,,,search,,,,
38532000000,2734,8,receiver_state,,,,search,,,,
38540900000,2735,2,receiver_state,,,,idle,,,,
38540900000,2736,7,receiver_state,,,,idle,,,,
38540900000,2737,8,receiver_state,,,,idle,,,,
39520000000,2738,2,receiver_state,,,,search,,,,
39520000000,2739,7,receiver_state,,,,search,,,,
39520000000,2740,8,receiver_state,,,,search,,,,
39528900000,2741,2,receiver_state,,,,idle,,,,
39528900000,2742,7,receiver_state,,,,idle,,,,
39528900000,2743,8,receiver_state,,,,idle,,,,
40307731086,2744,5,enqueue,1,,103,7,1,,,
40307731086,2745,5,enqueue,3,,104,7,1,,,
40307731086,2746,5,enqueue,1,,105,0,0,,,
40307731086,2747,5,enqueue,3,,106,0,0,,,
40339011086,2751,1,sync,,,,1,,,,
40339011086,2752,1,receiver_state,,,,search,,,,
40339012444,2753,4,sync,,,,1,,,,
40339012444,2754,4,receiver_state,,,,search,,,,
40339019163,2755,3,sync,,,,1,,,,
40339019163,2756,3,receiver_state,,,,search,,,,
40345641086,2757,1,receiver_state,,,,track,,,,
40345642444,2758,4,receiver_state,,,,track,,,,
40345649163,2759,3,receiver_state,,,,track,,,,
40352271086,2760,1,sync,,,,0,,,,
40352272444,2761,4,sync,,,,0,,,,
40352279163,2762,3,sync,,,,0,,,,
40458340000,2763,5,sync,,,,0,,,,
40458340000,2764,5,receiver_state,,,,search,,,,
40458351086,2765,1,received,5,,,40.458351086,140.8759451711563,29,,
40458351086,2766,1,active,,,,3,,,,
40458351086,2767,1,reported,,,,3,,,,
40458351086,2768,1,enqueue,5,,107,7,0,,,
40458351086,2769,1,enqueue,3,,108,0,0,,,
40458351086,2770,1,sync,,,,0,,,,
40458351086,2771,1,receiver_state,,,,search,,,,
40458351086,2773,1,enqueue,5,,109,7,1,,,
40458352444,2774,4,received,5,,,40.458352443999999,142.88390553075294,29,,
40458352444,2775,4,sync,,,,0,,,,
40458352444,2776,4,receiver_state,,,,search,,,,
40458359163,2777,3,received,5,,,40.458359162999997,150.38302059636848,29,,
40458359163,2778,3,active,,,,3,,,,
40458359163,2779,3,reported,,,,3,,,,
40458359163,2780,3,enqueue,5,,110,7,0,,,
40458359163,2781,3,sync,,,,0,,,,
40458359163,2782,3,receiver_state,,,,search,,,,
40458359163,2784,3,enqueue,5,,111,7,1,,,
40458359163,2785,3,enqueue,16777215,,112,7,0,,,
40482008077,2788,1,sync,,,,1,,,,
40482008077,2789,1,receiver_state,,,,search,,,,
40482019163,2790,5,sync,,,,1,,,,
40482019163,2791,5,receiver_state,,,,search,,,,
40488638077,2792,1,receiver_state,,,,track,,,,
40488649163,2793,5,receiver_state,,,,track,,,,
40508000000,2794,2,receiver_state,,,,search,,,,
40508000000,2795,7,receiver_state,,,,search,,,,
40508000000,2796,8,receiver_state,,,,search,,,,
40516900000,2797,2,receiver_state,,,,idle,,,,
40516900000,2798,7,receiver_state,,,,idle,,,,
40516900000,2799,8,receiver_state,,,,idle,,,,
41487728077,2800,1,sync,,,,0,,,,
41487739163,2801,5,sync,,,,0,,,,
41496000000,2802,2,receiver_state,,,,search,,,,
41496000000,2803,7,receiver_state,,,,search,,,,
41496000000,2804,8,receiver_state,,,,search,,,,
41498312444,2805,4,cancel_type,5,,,8,,,,
41498312444,2806,4,enqueue,5,,113,7,0,,,
41504900000,2807,2,receiver_state,,,,idle,,,,
41504900000,2808,7,receiver_state,,,,idle,,,,
41504900000,2809,8,receiver_state,,,,idle,,,,
41623380000,2811,3,sync,,,,0,,,,
41623380000,2812,3,receiver_state,,,,search,,,,
41623388077,2813,1,received,3,,,41.623388077000001,135.37565585291233,29,,
41623388077,2814,1,active,,,,3,,,,
41623388077,2815,1,reported,,,,3,,,,
41623388077,2816,1,sync,,,,0,,,,
41623388077,2817,1,receiver_state,,,,search,,,,
41623399163,2818,5,received,3,,,41.623399163000002,150.38302059636848,29,,
41623399163,2819,5,cancel_ack,3,7,,,,,1,0
41623399163,2820,5,active,,,,3,,,,
41623399163,2821,5,reported,,,,3,,,,
41623399163,2822,5,enqueue,3,,114,7,0,,,
41623399163,2823,5,active,,,,3,,,,
41623399163,2824,5,reported,,,,3,,,,
41623399163,2825,5,sync,,,,0,,,,
41623399163,2826,5,receiver_state,,,,search,,,,
41643388077,2827,1,enqueue,3,,115,7,1,,,
41643399163,2828,5,enqueue,3,,116,7,1,,,
41834008077,2831,3,sync,,,,1,,,,
41834008077,2832,3,receiver_state,,,,search,,,,
41834011086,2833,5,sync,,,,1,,,,
41834011086,2834,5,receiver_state,,,,search,,,,
41834023527,2835,4,sync,,,,0,,,,
41834023527,2836,4,receiver_state,,,,search,,,,
41840638077,2837,3,receiver_state,,,,track,,,,
41840641086,2838,5,receiver_state,,,,track,,,,
41847012444,2841,5,sync,,,,1,,,,
41847013632,2842,2,sync,,,,1,,,,
41847013632,2843,2,receiver_state,,,,idle,,,,
41847023527,2844,1,sync,,,,0,,,,
41847268077,2845,3,sync,,,,0,,,,
41847271086,2846,5,sync,,,,1,,,,
41860272444,2847,5,sync,,,,0,,,,
41860273632,2848,2,sync,,,,0,,,,
41888820000,2849,4,sync,,,,0,,,,
41888820000,2850,4,receiver_state,,,,search,,,,
41888832444,2851,5,sync,,,,0,,,,
41888833632,2852,2,sync,,,,0,,,,
41888833632,2853,2,receiver_state,,,,idle,,,,
41888843527,2854,1,sync,,,,0,,,,
42011480000,2855,1,sync,,,,0,,,,
42011480000,2856,1,receiver_state,,,,search,,,,
42011488077,2857,3,received,1,,,42.011488077000003,135.37565585291233,2,,
42011488077,2858,3,active,,,,3,,,,
42011488077,2859,3,reported,,,,3,,,,
42011488077,2860,3,enqueue,1,,117,7,0,,,
42011488077,2861,3,sync,,,,0,,,,
42011488077,2862,3,receiver_state,,,,search,,,,
42011491086,2863,5,received,1,,,42.011491085999999,140.8759451711563,2,,
42011491086,2864,5,cancel_ack,1,11,,,,,1,0
42011491086,2865,5,active,,,,3,,,,
42011491086,2866,5,reported,,,,3,,,,
42011491086,2867,5,enqueue,1,,118,7,0,,,
42011491086,2868,5,sync,,,,0,,,,
42011491086,2869,5,receiver_state,,,,search,,,,
42011503527,2870,4,sync,,,,0,,,,
42011503527,2871,4,receiver_state,,,,search,,,,
42042008077,2874,3,sync,,,,1,,,,
42042008077,2875,3,receiver_state,,,,search,,,,
42042011086,2876,5,sync,,,,1,,,,
42042011086,2877,5,receiver_state,,,,search,,,,
42042023527,2878,4,sync,,,,0,,,,
42042023527,2879,4,receiver_state,,,,search,,,,
42048638077,2880,3,receiver_state,,,,track,,,,
42048641086,2881,5,receiver_state,,,,track,,,,
42055268077,2882,3,sync,,,,0,,,,
42055271086,2883,5,sync,,,,0,,,,
42090960000,2884,1,sync,,,,0,,,,
42090960000,2885,1,receiver_state,,,,search,,,,
42090968077,2886,3,received,1,,,42.090968076999999,135.37565585291233,10,,
42090968077,2887,3,sync,,,,0,,,,
42090968077,2888,3,receiver_state,,,,search,,,,
42090971086,2889,5,received,1,,,42.090971086000003,140.8759451711563,10,,
42090971086,2890,5,cancel_ack,1,11,,,,,1,0
42090971086,2891,5,sync,,,,0,,,,
42090971086,2892,5,receiver_state,,,,search,,,,
42090983527,2893,4,sync,,,,0,,,,
42090983527,2894,4,receiver_state,,,,search,,,,
42185011086,2897,1,sync,,,,1,,,,
42185011086,2898,1,receiver_state,,,,search,,,,
42185012444,2899,4,sync,,,,1,,,,
42185012444,2900,4,receiver_state,,,,search,,,,
42185019163,2901,3,sync,,,,1,,,,
42185019163,2902,3,receiver_state,,,,search,,,,
42191641086,2903,1,receiver_state,,,,track,,,,
42191642444,2904,4,receiver_state,,,,track,,,,
42191649163,2905,3,receiver_state,,,,track,,,,
42198271086,2906,1,sync,,,,0,,,,
42198272444,2907,4,sync,,,,0,,,,
42198279163,2908,3,sync,,,,0,,,,
42275780000,2909,5,sync,,,,0,,,,
42275780000,2910,5,receiver_state,,,,search,,,,
42275791086,2911,1,received,5,,,42.275791085999998,140.8759451711563,7,,
42275791086,2912,1,cancel_ack,5,9,,,,,1,0
42275791086,2913,1,sync,,,,0,,,,
42275791086,2914,1,receiver_state,,,,search,,,,
42275792444,2915,4,received,5,,,42.275792443999997,142.88390553075294,7,,
42275792444,2916,4,sync,,,,0,,,,
42275792444,2917,4,receiver_state,,,,search,,,,
42275799163,2918,3,received,5,,,42.275799163000002,150.38302059636848,7,,
42275799163,2919,3,cancel_ack,5,7,,,,,1,0
42275799163,2920,3,active,,,,3,,,,
42275799163,2921,3,reported,,,,3,,,,
42275799163,2922,3,enqueue,5,,119,7,0,,,
42275799163,2923,3,sync,,,,0,,,,
42275799163,2924,3,receiver_state,,,,search,,,,
42289008077,2927,1,sync,,,,1,,,,
42289008077,2928,1,receiver_state,,,,search,,,,
42289019163,2929,5,sync,,,,1,,,,
42289019163,2930,5,receiver_state,,,,search,,,,
42295638077,2931,1,receiver_state,,,,track,,,,
42295649163,2932,5,receiver_state,,,,track,,,,
42302268077,2933,1,sync,,,,0,,,,
42302279163,2934,5,sync,,,,0,,,,
42388960000,2935,3,sync,,,,0,,,,
42388960000,2936,3,receiver_state,,,,search,,,,
42388968077,2937,1,received,3,,,42.388968077000001,135.37565585291233,9,,
42388968077,2938,1,cancel_ack,3,10,,,,,1,0
42388968077,2939,1,sync,,,,0,,,,
42388968077,2940,1,receiver_state,,,,search,,,,
42388979163,2941,5,received,3,,,42.388979163000002,150.38302059636848,9,,
42388979163,2942,5,cancel_ack,3,7,,,,,1,0
42388979163,2943,5,cancel_ack,3,8,,,,,1,0
42388979163,2944,5,sync,,,,0,,,,
42388979163,2945,5,receiver_state,,,,search,,,,
42393008077,2948,3,sync,,,,1,,,,
42393008077,2949,3,receiver_state,,,,search,,,,
42393011086,2950,5,sync,,,,1,,,,
42393011086,2951,5,receiver_state,,,,search,,,,
42393023527,2952,4,sync,,,,0,,,,
42393023527,2953,4,receiver_state,,,,search,,,,
42399638077,2954,3,receiver_state,,,,track,,,,
42399641086,2955,5,receiver_state,,,,track,,,,
42406268077,2956,3,sync,,,,0,,,,
42406271086,2957,5,sync,,,,0,,,,
42441960000,2958,1,sync,,,,0,,,,
42441960000,2959,1,receiver_state,,,,search,,,,
42441968077,2960,3,received,1,,,42.441968076999999,135.37565585291233,19,,
42441968077,2961,3,sync,,,,0,,,,
42441968077,2962,3,receiver_state,,,,search,,,,
42441971086,2963,5,received,1,,,42.441971086000002,140.8759451711563,19,,
42441971086,2964,5,cancel_ack,1,11,,,,,1,0
42441971086,2965,5,sync,,,,0,,,,
42441971086,2966,5,receiver_state,,,,search,,,,
42441983527,2967,4,sync,,,,0,,,,
42441983527,2968,4,receiver_state,,,,search,,,,
42484000000,2969,2,receiver_state,,,,search,,,,
42484000000,2970,7,receiver_state,,,,search,,,,
42484000000,2971,8,receiver_state,,,,search,,,,
42492900000,2972,2,receiver_state,,,,idle,,,,
42492900000,2973,7,receiver_state,,,,idle,,,,
42492900000,2974,8,receiver_state,,,,idle,,,,
42497011086,2977,1,sync,,,,1,,,,
42497011086,2978,1,receiver_state,,,,search,,,,
42497012444,2979,4,sync,,,,1,,,,
42497012444,2980,4,receiver_state,,,,search,,,,
42497019163,2981,3,sync,,,,1,,,,
42497019163,2982,3,receiver_state,,,,search,,,,
42503641086,2983,1,receiver_state,,,,track,,,,
42503642444,2984,4,receiver_state,,,,track,,,,
42503649163,2985,3,receiver_state,,,,track,,,,
42510271086,2986,1,sync,,,,0,,,,
42510272444,2987,4,sync,,,,0,,,,
42510279163,2988,3,sync,,,,0,,,,
42571460000,2989,5,sync,,,,0,,,,
42571460000,2990,5,receiver_state,,,,search,,,,
42571471086,2991,1,received,5,,,42.571471086000003,140.8759451711563,8,,
42571471086,2992,1,cancel_ack,5,9,,,,,1,0
42571471086,2993,1,sync,,,,0,,,,
42571471086,2994,1,receiver_state,,,,search,,,,
42571472444,2995,4,received,5,,,42.571472444000001,142.88390553075294,8,,
42571472444,2996,4,sync,,,,0,,,,
42571472444,2997,4,receiver_state,,,,search,,,,
42571479163,2998,3,received,5,,,42.571479162999999,150.38302059636848,8,,
42571479163,2999,3,cancel_ack,5,7,,,,,1,0
42571479163,3000,3,sync,,,,0,,,,
42571479163,3001,3,receiver_state,,,,search,,,,
42614008077,3004,1,sync,,,,1,,,,
42614008077,3005,1,receiver_state,,,,search,,,,
42614019163,3006,5,sync,,,,1,,,,
42614019163,3007,5,receiver_state,,,,search,,,,
42620638077,3008,1,receiver_state,,,,track,,,,
42620649163,3009,5,receiver_state,,,,track,,,,
42627268077,3010,1,sync,,,,0,,,,
42627279163,3011,5,sync,,,,0,,,,
42713960000,3012,3,sync,,,,0,,,,
42713960000,3013,3,receiver_state,,,,search,,,,
42713968077,3014,1,received,3,,,42.713968076999997,135.37565585291233,24,,
42713968077,3015,1,cancel_ack,3,10,,,,,1,0
42713968077,3016,1,sync,,,,0,,,,
42713968077,3017,1,receiver_state,,,,search,,,,
42713979163,3018,5,received,3,,,42.713979162999998,150.38302059636848,24,,
42713979163,3019,5,cancel_ack,3,7,,,,,1,0
42713979163,3020,5,cancel_ack,3,8,,,,,1,0
42713979163,3021,5,sync,,,,0,,,,
42713979163,3022,5,receiver_state,,,,search,,,,
42770011086,3025,1,sync,,,,1,,,,
42770011086,3026,1,receiver_state,,,,search,,,,
42770012444,3027,4,sync,,,,1,,,,
42770012444,3028,4,receiver_state,,,,search,,,,
42770019163,3029,3,sync,,,,1,,,,
42770019163,3030,3,receiver_state,,,,search,,,,
42776641086,3031,1,receiver_state,,,,track,,,,
42776642444,3032,4,receiver_state,,,,track,,,,
42776649163,3033,3,receiver_state,,,,track,,,,
42783271086,3034,1,sync,,,,0,,,,
42783272444,3035,4,sync,,,,0,,,,
42783279163,3036,3,sync,,,,0,,,,
42844460000,3037,5,sync,,,,0,,,,
42844460000,3038,5,receiver_state,,,,search,,,,
42844471086,3039,1,received,5,,,42.844471085999999,140.8759451711563,31,,
42844471086,3040,1,cancel_ack,5,9,,,,,1,0
42844471086,3041,1,sync,,,,0,,,,
42844471086,3042,1,receiver_state,,,,search,,,,
42844472444,3043,4,received,5,,,42.844472443999997,142.88390553075294,31,,
42844472444,3044,4,sync,,,,0,,,,
42844472444,3045,4,receiver_state,,,,search,,,,
42844479163,3046,3,received,5,,,42.844479163000003,150.38302059636848,31,,
42844479163,3047,3,cancel_ack,5,7,,,,,1,0
42844479163,3048,3,sync,,,,0,,,,
42844479163,3049,3,receiver_state,,,,search,,,,
42913008077,3052,3,sync,,,,1,,,,
42913008077,3053,3,receiver_state,,,,search,,,,
42913011086,3054,5,sync,,,,1,,,,
42913011086,3055,5,receiver_state,,,,search,,,,
42913023527,3056,4,sync,,,,0,,,,
42913023527,3057,4,receiver_state,,,,search,,,,
42919638077,3058,3,receiver_state,,,,track,,,,
42919641086,3059,5,receiver_state,,,,track,,,,
42926268077,3060,3,sync,,,,0,,,,
42926271086,3061,5,sync,,,,0,,,,
42961960000,3062,1,sync,,,,0,,,,
42961960000,3063,1,receiver_state,,,,search,,,,
42961968077,3064,3,received,1,,,42.961968077000002,135.37565585291233,26,,
42961968077,3065,3,sync,,,,0,,,,
42961968077,3066,3,receiver_state,,,,search,,,,
42961971086,3067,5,received,1,,,42.961971085999998,140.8759451711563,26,,
42961971086,3068,5,cancel_ack,1,11,,,,,1,0
42961971086,3069,5,sync,,,,0,,,,
42961971086,3070,5,receiver_state,,,,search,,,,
42961983527,3071,4,sync,,,,0,,,,
42961983527,3072,4,receiver_state,,,,search,,,,
43134008077,3075,1,sync,,,,1,,,,
43134008077,3076,1,receiver_state,,,,search,,,,
43134019163,3077,5,sync,,,,0,,,,
43134019163,3078,5,receiver_state,,,,search,,,,
43140638077,3079,1,receiver_state,,,,track,,,,
43147268077,3080,1,sync,,,,0,,,,
43233960000,3081,3,sync,,,,0,,,,
43233960000,3082,3,receiver_state,,,,search,,,,
43233968077,3083,1,received,3,,,43.233968077,135.37565585291233,13,,
43233968077,3084,1,cancel_ack,3,10,,,,,1,0
43233968077,3085,1,sync,,,,0,,,,
43233968077,3086,1,receiver_state,,,,search,,,,
43233979163,3087,5,sync,,,,0,,,,
43233979163,3088,5,receiver_state,,,,search,,,,
43290011086,3091,1,sync,,,,1,,,,
43290011086,3092,1,receiver_state,,,,search,,,,
43290012444,3093,4,sync,,,,1,,,,
43290012444,3094,4,receiver_state,,,,search,,,,
43290019163,3095,3,sync,,,,1,,,,
43290019163,3096,3,receiver_state,,,,search,,,,
43296641086,3097,1,receiver_state,,,,track,,,,
43296642444,3098,4,receiver_state,,,,track,,,,
43296649163,3099,3,receiver_state,,,,track,,,,
43303271086,3100,1,sync,,,,0,,,,
43303272444,3101,4,sync,,,,0,,,,
43303279163,3102,3,sync,,,,0,,,,
43364460000,3103,5,sync,,,,0,,,,
43364460000,3104,5,receiver_state,,,,search,,,,
43364471086,3105,1,received,5,,,43.364471086000002,140.8759451711563,3,,
43364471086,3106,1,cancel_ack,5,9,,,,,1,0
43364471086,3107,1,sync,,,,0,,,,
43364471086,3108,1,receiver_state,,,,search,,,,
43364472444,3109,4,received,5,,,43.364472444,142.88390553075294,3,,
43364472444,3110,4,sync,,,,0,,,,
43364472444,3111,4,receiver_state,,,,search,,,,
43364479163,3112,3,received,5,,,43.364479162999999,150.38302059636848,3,,
43364479163,3113,3,cancel_ack,5,7,,,,,1,0
43364479163,3114,3,sync,,,,0,,,,
43364479163,3115,3,receiver_state,,,,search,,,,
43407011086,3118,1,sync,,,,1,,,,
43407011086,3119,1,receiver_state,,,,search,,,,
43407012444,3120,4,sync,,,,1,,,,
43407012444,3121,4,receiver_state,,,,search,,,,
43407019163,3122,3,sync,,,,0,,,,
43407019163,3123,3,receiver_state,,,,search,,,,
43413641086,3124,1,receiver_state,,,,track,,,,
43413642444,3125,4,receiver_state,,,,track,,,,
43420271086,3126,1,sync,,,,0,,,,
43420272444,3127,4,sync,,,,0,,,,
43472000000,3128,2,receiver_state,,,,search,,,,
43472000000,3129,7,receiver_state,,,,search,,,,
43472000000,3130,8,receiver_state,,,,search,,,,
43472008077,3133,1,sync,,,,1,,,,
43472019163,3134,5,sync,,,,1,,,,
43480900000,3135,2,receiver_state,,,,idle,,,,
43480900000,3136,7,receiver_state,,,,idle,,,,
43480900000,3137,8,receiver_state,,,,idle,,,,
43481460000,3138,5,sync,,,,1,,,,
43481460000,3139,5,receiver_state,,,,search,,,,
43481471086,3140,1,received,5,,,43.481471085999999,140.8759451711563,3,,
43481471086,3141,1,cancel_ack,5,9,,,,,1,0
43481471086,3142,1,sync,,,,1,,,,
43481471086,3143,1,receiver_state,,,,search,,,,
43481472444,3144,4,received,5,,,43.481472443999998,142.88390553075294,3,,
43481472444,3145,4,sync,,,,0,,,,
43481472444,3146,4,receiver_state,,,,search,,,,
43481479163,3147,3,sync,,,,0,,,,
43485268077,3148,1,sync,,,,0,,,,
43485279163,3149,5,sync,,,,0,,,,
43537008077,3152,3,sync,,,,1,,,,
43537011086,3153,5,sync,,,,1,,,,
43537011086,3154,5,receiver_state,,,,search,,,,
43537023527,3155,4,sync,,,,0,,,,
43537023527,3156,4,receiver_state,,,,search,,,,
43543641086,3157,5,receiver_state,,,,track,,,,
43550268077,3158,3,sync,,,,0,,,,
43550271086,3159,5,sync,,,,0,,,,
43571960000,3160,3,sync,,,,0,,,,
43571960000,3161,3,receiver_state,,,,search,,,,
43571968077,3162,1,sync,,,,0,,,,
43571979163,3163,5,sync,,,,0,,,,
43585960000,3164,1,sync,,,,0,,,,
43585960000,3165,1,receiver_state,,,,search,,,,
43585968077,3166,3,sync,,,,0,,,,
43585968077,3167,3,receiver_state,,,,search,,,,
43585971086,3168,5,received,1,,,43.585971086000001,140.8759451711563,23,,
43585971086,3169,5,cancel_ack,1,11,,,,,1,0
43585971086,3170,5,sync,,,,0,,,,
43585971086,3171,5,receiver_state,,,,search,,,,
43585983527,3172,4,sync,,,,0,,,,
43585983527,3173,4,receiver_state,,,,search,,,,
43953008077,3176,1,sync,,,,1,,,,
43953008077,3177,1,receiver_state,,,,search,,,,
43953019163,3178,5,sync,,,,1,,,,
43953019163,3179,5,receiver_state,,,,search,,,,
43959638077,3180,1,receiver_state,,,,track,,,,
43959649163,3181,5,receiver_state,,,,track,,,,
43966268077,3182,1,sync,,,,0,,,,
43966279163,3183,5,sync,,,,0,,,,
44027460000,3184,3,sync,,,,0,,,,
44027460000,3185,3,receiver_state,,,,search,,,,
44027468077,3186,1,received,3,,,44.027468077000002,135.37565585291233,29,,
44027468077,3187,1,cancel_ack,3,10,,,,,1,0
44027468077,3188,1,sync,,,,0,,,,
44027468077,3189,1,receiver_state,,,,search,,,,
44027479163,3190,5,received,3,,,44.027479163000002,150.38302059636848,29,,
44027479163,3191,5,cancel_ack,3,8,,,,,1,0
44027479163,3192,5,sync,,,,0,,,,
44027479163,3193,5,receiver_state,,,,search,,,,
44460000000,3194,2,receiver_state,,,,search,,,,
44460000000,3195,7,receiver_state,,,,search,,,,
44460000000,3196,8,receiver_state,,,,search,,,,
44468900000,3197,2,receiver_state,,,,idle,,,,
44468900000,3198,7,receiver_state,,,,idle,,,,
44468900000,3199,8,receiver_state,,,,idle,,,,
45448000000,3200,2,receiver_state,,,,search,,,,
45448000000,3201,7,receiver_state,,,,search,,,,
45448000000,3202,8,receiver_state,,,,search,,,,
45456900000,3203,2,receiver_state,,,,idle,,,,
45456900000,3204,7,receiver_state,,,,idle,,,,
45456900000,3205,8,receiver_state,,,,idle,,,,
45458359163,3206,3,enqueue,16777215,,120,7,0,,,
45578008077,3210,1,sync,,,,1,,,,
45578008077,3211,1,receiver_state,,,,search,,,,
45578019163,3212,5,sync,,,,1,,,,
45578019163,3213,5,receiver_state,,,,search,,,,
45584638077,3214,1,receiver_state,,,,track,,,,
45584649163,3215,5,receiver_state,,,,track,,,,
46436000000,3216,2,receiver_state,,,,search,,,,
46436000000,3217,7,receiver_state,,,,search,,,,
46436000000,3218,8,receiver_state,,,,search,,,,
46444900000,3219,2,receiver_state,,,,idle,,,,
46444900000,3220,7,receiver_state,,,,idle,,,,
46444900000,3221,8,receiver_state,,,,idle,,,,
46583728077,3222,1,sync,,,,0,,,,
46583739163,3223,5,sync,,,,0,,,,
46613300000,3224,3,sync,,,,0,,,,
46613300000,3225,3,receiver_state,,,,search,,,,
46613308077,3226,1,received,3,,,46.613308076999999,135.37565585291233,6,,
46613308077,3227,1,active,,,,3,,,,
46613308077,3228,1,reported,,,,3,,,,
46613308077,3229,1,sync,,,,0,,,,
46613308077,3230,1,receiver_state,,,,search,,,,
46613319163,3231,5,received,3,,,46.613319163,150.38302059636848,6,,
46613319163,3232,5,active,,,,3,,,,
46613319163,3233,5,reported,,,,3,,,,
46613319163,3234,5,sync,,,,0,,,,
46613319163,3235,5,receiver_state,,,,search,,,,
47424000000,3236,2,receiver_state,,,,search,,,,
47424000000,3237,7,receiver_state,,,,search,,,,
47424000000,3238,8,receiver_state,,,,search,,,,
47432900000,3239,2,receiver_state,,,,idle,,,,
47432900000,3240,7,receiver_state,,,,idle,,,,
47432900000,3241,8,receiver_state,,,,idle,,,,
48412000000,3242,2,receiver_state,,,,search,,,,
48412000000,3243,7,receiver_state,,,,search,,,,
48412000000,3244,8,receiver_state,,,,search,,,,
48420900000,3245,2,receiver_state,,,,idle,,,,
48420900000,3246,7,receiver_state,,,,idle,,,,
48420900000,3247,8,receiver_state,,,,idle,,,,
49400000000,3248,2,receiver_state,,,,search,,,,
49400000000,3249,7,receiver_state,,,,search,,,,
49400000000,3250,8,receiver_state,,,,search,,,,
49408900000,3251,2,receiver_state,,,,idle,,,,
49408900000,3252,7,receiver_state,,,,idle,,,,
49408900000,3253,8,receiver_state,,,,idle,,,,
50388000000,3254,2,receiver_state,,,,search,,,,
50388000000,3255,7,receiver_state,,,,search,,,,
50388000000,3256,8,receiver_state,,,,search,,,,
50396900000,3257,2,receiver_state,,,,idle,,,,
50396900000,3258,7,receiver_state,,,,idle,,,,
50396900000,3259,8,receiver_state,,,,idle,,,,
50458359163,3260,3,enqueue,16777215,,121,7,0,,,
50830008077,3264,1,sync,,,,1,,,,
50830008077,3265,1,receiver_state,,,,search,,,,
50830019163,3266,5,sync,,,,1,,,,
50830019163,3267,5,receiver_state,,,,search,,,,
50836638077,3268,1,receiver_state,,,,track,,,,
50836649163,3269,5,receiver_state,,,,track,,,,
51376000000,3270,2,receiver_state,,,,search,,,,
51376000000,3271,7,receiver_state,,,,search,,,,
51376000000,3272,8,receiver_state,,,,search,,,,
51384900000,3273,2,receiver_state,,,,idle,,,,
51384900000,3274,7,receiver_state,,,,idle,,,,
51384900000,3275,8,receiver_state,,,,idle,,,,
51498312444,3276,4,cancel_type,5,,,8,,,,
51498312444,3277,4,enqueue,5,,122,7,0,,,
51792012444,3281,5,sync,,,,1,,,,
51792013632,3282,2,sync,,,,1,,,,
51792013632,3283,2,receiver_state,,,,idle,,,,
51792023527,3284,1,sync,,,,1,,,,
51805272444,3285,5,sync,,,,1,,,,
51805273632,3286,2,sync,,,,0,,,,
51833820000,3287,4,sync,,,,0,,,,
51833820000,3288,4,receiver_state,,,,search,,,,
51833832444,3289,5,sync,,,,1,,,,
51833833632,3290,2,sync,,,,0,,,,
51833833632,3291,2,receiver_state,,,,idle,,,,
51833843527,3292,1,sync,,,,1,,,,
51835728077,3293,1,sync,,,,0,,,,
51835739163,3294,5,sync,,,,0,,,,
51865300000,3295,3,sync,,,,0,,,,
51865300000,3296,3,receiver_state,,,,search,,,,
51865308077,3297,1,received,3,,,51.865308077000002,135.37565585291233,21,,
51865308077,3298,1,active,,,,3,,,,
51865308077,3299,1,reported,,,,3,,,,
51865308077,3300,1,sync,,,,0,,,,
51865308077,3301,1,receiver_state,,,,search,,,,
51865319163,3302,5,received,3,,,51.865319163000002,150.38302059636848,21,,
51865319163,3303,5,active,,,,3,,,,
51865319163,3304,5,reported,,,,3,,,,
51865319163,3305,5,sync,,,,0,,,,
51865319163,3306,5,receiver_state,,,,search,,,,
52364000000,3307,2,receiver_state,,,,search,,,,
52364000000,3308,7,receiver_state,,,,search,,,,
52364000000,3309,8,receiver_state,,,,search,,,,
52372900000,3310,2,receiver_state,,,,idle,,,,
52372900000,3311,7,receiver_state,,,,idle,,,,
52372900000,3312,8,receiver_state,,,,idle,,,,
53352000000,3313,2,receiver_state,,,,search,,,,
53352000000,3314,7,receiver_state,,,,search,,,,
53352000000,3315,8,receiver_state,,,,search,,,,
53360900000,3316,2,receiver_state,,,,idle,,,,
53360900000,3317,7,receiver_state,,,,idle,,,,
53360900000,3318,8,receiver_state,,,,idle,,,,
54340000000,3319,2,receiver_state,,,,search,,,,
54340000000,3320,7,receiver_state,,,,search,,,,
54340000000,3321,8,receiver_state,,,,search,,,,
54348900000,3322,2,receiver_state,,,,idle,,,,
54348900000,3323,7,receiver_state,,,,idle,,,,
54348900000,3324,8,receiver_state,,,,idle,,,,
55328000000,3325,2,receiver_state,,,,search,,,,
55328000000,3326,7,receiver_state,,,,search,,,,
55328000000,3327,8,receiver_state,,,,search,,,,
55336900000,3328,2,receiver_state,,,,idle,,,,
55336900000,3329,7,receiver_state,,,,idle,,,,
55336900000,3330,8,receiver_state,,,,idle,,,,
55458359163,3331,3,enqueue,1,,123,7,1,,,
55458359163,3332,3,enqueue,5,,124,7,1,,,
55458359163,3333,3,enqueue,5,,125,0,0,,,
55458359163,3334,3,enqueue,1,,126,0,0,,,
55458359163,3335,3,enqueue,1,,127,0,0,,,
55575008077,3339,1,sync,,,,1,,,,
55575008077,3340,1,receiver_state,,,,search,,,,
55575019163,3341,5,sync,,,,1,,,,
55575019163,3342,5,receiver_state,,,,search,,,,
55581638077,3343,1,receiver_state,,,,track,,,,
55581649163,3344,5,receiver_state,,,,track,,,,
55588268077,3345,1,sync,,,,0,,,,
55588279163,3346,5,sync,,,,0,,,,
55725960000,3347,3,sync,,,,0,,,,
55725960000,3348,3,receiver_state,,,,search,,,,
55725968077,3349,1,received,3,,,55.725968076999997,135.37565585291233,13,,
55725968077,3350,1,active,,,,3,,,,
55725968077,3351,1,reported,,,,3,,,,
55725968077,3352,1,enqueue,3,,128,7,0,,,
55725968077,3353,1,sync,,,,0,,,,
55725968077,3354,1,receiver_state,,,,search,,,,
55725968077,3356,1,enqueue,3,,129,7,1,,,
55725968077,3357,1,enqueue,16777215,,130,7,0,,,
55725979163,3358,5,received,3,,,55.725979162999998,150.38302059636848,13,,
55725979163,3359,5,active,,,,3,,,,
55725979163,3360,5,reported,,,,3,,,,
55725979163,3361,5,enqueue,3,,131,7,0,,,
55725979163,3362,5,sync,,,,0,,,,
55725979163,3363,5,receiver_state,,,,search,,,,
55725979163,3365,5,enqueue,3,,132,7,1,,,
55757011086,3368,1,sync,,,,1,,,,
55757011086,3369,1,receiver_state,,,,search,,,,
55757012444,3370,4,sync,,,,1,,,,
55757012444,3371,4,receiver_state,,,,search,,,,
55757019163,3372,3,sync,,,,1,,,,
55757019163,3373,3,receiver_state,,,,search,,,,
55763641086,3374,1,receiver_state,,,,track,,,,
55763642444,3375,4,receiver_state,,,,track,,,,
55763649163,3376,3,receiver_state,,,,track,,,,
55770271086,3377,1,sync,,,,0,,,,
55770272444,3378,4,sync,,,,0,,,,
55770279163,3379,3,sync,,,,0,,,,
55886540000,3380,5,sync,,,,0,,,,
55886540000,3381,5,receiver_state,,,,search,,,,
55886551086,3382,1,received,5,,,55.886551085999997,140.8759451711563,0,,
55886551086,3383,1,sync,,,,0,,,,
55886551086,3384,1,receiver_state,,,,search,,,,
55886552444,3385,4,received,5,,,55.886552444000003,142.88390553075294,0,,
55886552444,3386,4,sync,,,,0,,,,
55886552444,3387,4,receiver_state,,,,search,,,,
55886559163,3388,3,received,5,,,55.886559163000001,150.38302059636848,0,,
55886559163,3389,3,cancel_ack,5,8,,,,,1,0
55886559163,3390,3,active,,,,3,,,,
55886559163,3391,3,reported,,,,3,,,,
55886559163,3392,3,enqueue,5,,133,7,0,,,
55886559163,3393,3,sync,,,,0,,,,
55886559163,3394,3,receiver_state,,,,search,,,,
55887011086,3397,1,sync,,,,1,,,,
55887011086,3398,1,receiver_state,,,,search,,,,
55887012444,3399,4,sync,,,,1,,,,
55887012444,3400,4,receiver_state,,,,search,,,,
55887019163,3401,3,sync,,,,1,,,,
55887019163,3402,3,receiver_state,,,,search,,,,
55893641086,3403,1,receiver_state,,,,track,,,,
55893642444,3404,4,receiver_state,,,,track,,,,
55893649163,3405,3,receiver_state,,,,track,,,,
55900271086,3406,1,sync,,,,0,,,,
55900272444,3407,4,sync,,,,0,,,,
55900279163,3408,3,sync,,,,0,,,,
55935960000,3409,5,sync,,,,0,,,,
55935960000,3410,5,receiver_state,,,,search,,,,
55935971086,3411,1,received,5,,,55.935971086000002,140.8759451711563,22,,
55935971086,3412,1,sync,,,,0,,,,
55935971086,3413,1,receiver_state,,,,search,,,,
55935972444,3414,4,received,5,,,55.935972444000001,142.88390553075294,22,,
55935972444,3415,4,sync,,,,0,,,,
55935972444,3416,4,receiver_state,,,,search,,,,
55935979163,3417,3,received,5,,,55.935979162999999,150.38302059636848,22,,
55935979163,3418,3,cancel_ack,5,8,,,,,1,0
55935979163,3419,3,sync,,,,0,,,,
55935979163,3420,3,receiver_state,,,,search,,,,
56056008077,3423,1,sync,,,,1,,,,
56056008077,3424,1,receiver_state,,,,search,,,,
56056019163,3425,5,sync,,,,1,,,,
56056019163,3426,5,receiver_state,,,,search,,,,
56062638077,3427,1,receiver_state,,,,track,,,,
56062649163,3428,5,receiver_state,,,,track,,,,
56069268077,3429,1,sync,,,,0,,,,
56069279163,3430,5,sync,,,,0,,,,
56104960000,3431,3,sync,,,,0,,,,
56104960000,3432,3,receiver_state,,,,search,,,,
56104968077,3433,1,received,3,,,56.104968077000002,135.37565585291233,27,,
56104968077,3434,1,sync,,,,0,,,,
56104968077,3435,1,receiver_state,,,,search,,,,
56104979163,3436,5,received,3,,,56.104979163000003,150.38302059636848,27,,
56104979163,3437,5,cancel_ack,3,9,,,,,1,0
56104979163,3438,5,sync,,,,0,,,,
56104979163,3439,5,receiver_state,,,,search,,,,
56108008077,3442,3,sync,,,,1,,,,
56108008077,3443,3,receiver_state,,,,search,,,,
56108011086,3444,5,sync,,,,1,,,,
56108011086,3445,5,receiver_state,,,,search,,,,
56108023527,3446,4,sync,,,,0,,,,
56108023527,3447,4,receiver_state,,,,search,,,,
56114638077,3448,3,receiver_state,,,,track,,,,
56114641086,3449,5,receiver_state,,,,track,,,,
56316000000,3450,2,receiver_state,,,,search,,,,
56316000000,3451,7,receiver_state,,,,search,,,,
56316000000,3452,8,receiver_state,,,,search,,,,
56324900000,3453,2,receiver_state,,,,idle,,,,
56324900000,3454,7,receiver_state,,,,idle,,,,
56324900000,3455,8,receiver_state,,,,idle,,,,
57113728077,3456,3,sync,,,,0,,,,
57113731086,3457,5,sync,,,,0,,,,
57249380000,3458,1,sync,,,,0,,,,
57249380000,3459,1,receiver_state,,,,search,,,,
57249388077,3460,3,received,1,,,57.249388076999999,135.37565585291233,17,,
57249388077,3461,3,cancel_ack,1,10,,,,,1,0
57249388077,3462,3,active,,,,3,,,,
57249388077,3463,3,reported,,,,3,,,,
57249388077,3464,3,enqueue,1,,134,7,0,,,
57249388077,3465,3,active,,,,3,,,,
57249388077,3466,3,reported,,,,3,,,,
57249388077,3467,3,sync,,,,0,,,,
57249388077,3468,3,receiver_state,,,,search,,,,
57249391086,3469,5,received,1,,,57.249391086000003,140.8759451711563,17,,
57249391086,3470,5,active,,,,3,,,,
57249391086,3471,5,reported,,,,3,,,,
57249391086,3472,5,sync,,,,0,,,,
57249391086,3473,5,receiver_state,,,,search,,,,
57249403527,3474,4,sync,,,,0,,,,
57249403527,3475,4,receiver_state,,,,search,,,,
57269388077,3476,3,enqueue,1,,135,7,1,,,
57269391086,3477,5,enqueue,1,,136,7,1,,,
57304000000,3478,2,receiver_state,,,,search,,,,
57304000000,3479,7,receiver_state,,,,search,,,,
57304000000,3480,8,receiver_state,,,,search,,,,
57312900000,3481,2,receiver_state,,,,idle,,,,
57312900000,3482,7,receiver_state,,,,idle,,,,
57312900000,3483,8,receiver_state,,,,idle,,,,
57395011086,3486,1,sync,,,,1,,,,
57395011086,3487,1,receiver_state,,,,search,,,,
57395012444,3488,4,sync,,,,1,,,,
57395012444,3489,4,receiver_state,,,,search,,,,
57395019163,3490,3,sync,,,,1,,,,
57395019163,3491,3,receiver_state,,,,search,,,,
57401641086,3492,1,receiver_state,,,,track,,,,
57401642444,3493,4,receiver_state,,,,track,,,,
57401649163,3494,3,receiver_state,,,,track,,,,
57408271086,3495,1,sync,,,,0,,,,
57408272444,3496,4,sync,,,,0,,,,
57408279163,3497,3,sync,,,,0,,,,
57460280000,3498,5,sync,,,,0,,,,
57460280000,3499,5,receiver_state,,,,search,,,,
57460291086,3500,1,received,5,,,57.460291085999998,140.8759451711563,23,,
57460291086,3501,1,active,,,,3,,,,
57460291086,3502,1,reported,,,,3,,,,
57460291086,3503,1,enqueue,5,,137,7,0,,,
57460291086,3504,1,sync,,,,0,,,,
57460291086,3505,1,receiver_state,,,,search,,,,
57460292444,3506,4,received,5,,,57.460292443999997,142.88390553075294,23,,
57460292444,3507,4,sync,,,,0,,,,
57460292444,3508,4,receiver_state,,,,search,,,,
57460299163,3509,3,received,5,,,57.460299163000002,150.38302059636848,23,,
57460299163,3510,3,cancel_ack,5,8,,,,,1,0
57460299163,3511,3,sync,,,,0,,,,
57460299163,3512,3,receiver_state,,,,search,,,,
57538008077,3515,3,sync,,,,1,,,,
57538008077,3516,3,receiver_state,,,,search,,,,
57538011086,3517,5,sync,,,,1,,,,
57538011086,3518,5,receiver_state,,,,search,,,,
57538023527,3519,4,sync,,,,0,,,,
57538023527,3520,4,receiver_state,,,,search,,,,
57544638077,3521,3,receiver_state,,,,track,,,,
57544641086,3522,5,receiver_state,,,,track,,,,
57551268077,3523,3,sync,,,,0,,,,
57551271086,3524,5,sync,,,,0,,,,
57612460000,3525,1,sync,,,,0,,,,
57612460000,3526,1,receiver_state,,,,search,,,,
57612468077,3527,3,received,1,,,57.612468077000003,135.37565585291233,21,,
57612468077,3528,3,cancel_ack,1,10,,,,,1,0
57612468077,3529,3,sync,,,,0,,,,
57612468077,3530,3,receiver_state,,,,search,,,,
57612471086,3531,5,received,1,,,57.612471085999999,140.8759451711563,21,,
57612471086,3532,5,cancel_ack,1,12,,,,,1,0
57612471086,3533,5,sync,,,,0,,,,
57612471086,3534,5,receiver_state,,,,search,,,,
57612483527,3535,4,sync,,,,0,,,,
57612483527,3536,4,receiver_state,,,,search,,,,
57720008077,3539,1,sync,,,,1,,,,
57720008077,3540,1,receiver_state,,,,search,,,,
57720019163,3541,5,sync,,,,0,,,,
57720019163,3542,5,receiver_state,,,,search,,,,
57726638077,3543,1,receiver_state,,,,track,,,,
57733268077,3544,1,sync,,,,0,,,,
57810780000,3545,3,sync,,,,0,,,,
57810780000,3546,3,receiver_state,,,,search,,,,
57810788077,3547,1,received,3,,,57.810788076999998,135.37565585291233,9,,
57810788077,3548,1,cancel_ack,3,11,,,,,1,0
57810788077,3549,1,active,,,,3,,,,
57810788077,3550,1,reported,,,,3,,,,
57810788077,3551,1,enqueue,3,,138,7,0,,,
57810788077,3552,1,sync,,,,0,,,,
57810788077,3553,1,receiver_state,,,,search,,,,
57810799163,3554,5,sync,,,,0,,,,
57810799163,3555,5,receiver_state,,,,search,,,,
57837011086,3558,1,sync,,,,1,,,,
57837011086,3559,1,receiver_state,,,,search,,,,
57837012444,3560,4,sync,,,,1,,,,
57837012444,3561,4,receiver_state,,,,search,,,,
57837019163,3562,3,sync,,,,1,,,,
57837019163,3563,3,receiver_state,,,,search,,,,
57843641086,3564,1,receiver_state,,,,track,,,,
57843642444,3565,4,receiver_state,,,,track,,,,
57843649163,3566,3,receiver_state,,,,track,,,,
57850271086,3567,1,sync,,,,0,,,,
57850272444,3568,4,sync,,,,0,,,,
57850279163,3569,3,sync,,,,0,,,,
57885960000,3570,5,sync,,,,0,,,,
57885960000,3571,5,receiver_state,,,,search,,,,
57885971086,3572,1,received,5,,,57.885971085999998,140.8759451711563,9,,
57885971086,3573,1,sync,,,,0,,,,
57885971086,3574,1,receiver_state,,,,search,,,,
57885972444,3575,4,received,5,,,57.885972443999997,142.88390553075294,9,,
57885972444,3576,4,sync,,,,0,,,,
57885972444,3577,4,receiver_state,,,,search,,,,
57885979163,3578,3,received,5,,,57.885979163000002,150.38302059636848,9,,
57885979163,3579,3,cancel_ack,5,8,,,,,1,0
57885979163,3580,3,sync,,,,0,,,,
57885979163,3581,3,receiver_state,,,,search,,,,
57967008077,3584,1,sync,,,,1,,,,
57967008077,3585,1,receiver_state,,,,search,,,,
57967019163,3586,5,sync,,,,1,,,,
57967019163,3587,5,receiver_state,,,,search,,,,
57973638077,3588,1,receiver_state,,,,track,,,,
57973649163,3589,5,receiver_state,,,,track,,,,
57980268077,3590,1,sync,,,,0,,,,
57980279163,3591,5,sync,,,,0,,,,
58041460000,3592,3,sync,,,,0,,,,
58041460000,3593,3,receiver_state,,,,search,,,,
58041468077,3594,1,received,3,,,58.041468076999998,135.37565585291233,0,,
58041468077,3595,1,cancel_ack,3,11,,,,,1,0
58041468077,3596,1,sync,,,,0,,,,
58041468077,3597,1,receiver_state,,,,search,,,,
58041479163,3598,5,received,3,,,58.041479162999998,150.38302059636848,0,,
58041479163,3599,5,cancel_ack,3,9,,,,,1,0
58041479163,3600,5,sync,,,,0,,,,
58041479163,3601,5,receiver_state,,,,search,,,,
58045008077,3604,1,sync,,,,1,,,,
58045008077,3605,1,receiver_state,,,,search,,,,
58045019163,3606,5,sync,,,,1,,,,
58045019163,3607,5,receiver_state,,,,search,,,,
58051638077,3608,1,receiver_state,,,,track,,,,
58051649163,3609,5,receiver_state,,,,track,,,,
58058268077,3610,1,sync,,,,0,,,,
58058279163,3611,5,sync,,,,0,,,,
58119460000,3612,3,sync,,,,0,,,,
58119460000,3613,3,receiver_state,,,,search,,,,
58119468077,3614,1,received,3,,,58.119468077000001,135.37565585291233,31,,
58119468077,3615,1,cancel_ack,3,11,,,,,1,0
58119468077,3616,1,sync,,,,0,,,,
58119468077,3617,1,receiver_state,,,,search,,,,
58119479163,3618,5,received,3,,,58.119479163000001,150.38302059636848,31,,
58119479163,3619,5,cancel_ack,3,9,,,,,1,0
58119479163,3620,5,sync,,,,0,,,,
58119479163,3621,5,receiver_state,,,,search,,,,
58136008077,3626,3,sync,,,,1,,,,
58136008077,3627,3,receiver_state,,,,search,,,,
58136011086,3628,1,sync,,,,1,,,,
58136011086,3629,5,sync,,,,1,,,,
58136012444,3630,4,sync,,,,1,,,,
58136012444,3631,4,receiver_state,,,,search,,,,
58136019163,3632,3,sync,,,,1,,,,
58136019163,3633,3,receiver_state,,,,search,,,,
58136023527,3634,4,sync,,,,1,,,,
58136023527,3635,4,receiver_state,,,,search,,,,
58142638077,3636,3,receiver_state,,,,track,,,,
58142642444,3637,4,receiver_state,,,,track,,,,
58149268077,3638,3,sync,,,,1,,,,
58149271086,3639,1,sync,,,,0,,,,
58149271086,3640,5,sync,,,,0,,,,
58149272444,3641,4,sync,,,,0,,,,
58149279163,3642,3,sync,,,,0,,,,
58184960000,3643,5,sync,,,,0,,,,
58184960000,3644,5,receiver_state,,,,search,,,,
58184971086,3645,1,sync,,,,0,,,,
58184972444,3646,4,received,5,,,58.184972444000003,142.88390553075294,24,,
58184972444,3647,4,sync,,,,0,,,,
58184972444,3648,4,receiver_state,,,,search,,,,
58184979163,3649,3,sync,,,,0,,,,
58235960000,3650,1,sync,,,,0,,,,
58235960000,3651,1,receiver_state,,,,search,,,,
58235968077,3652,3,received,1,,,58.235968077000003,135.37565585291233,14,,
58235968077,3653,3,cancel_ack,1,10,,,,,1,0
58235968077,3654,3,cancel_ack,1,11,,,,,1,0
58235968077,3655,3,sync,,,,0,,,,
58235968077,3656,3,receiver_state,,,,search,,,,
58235971086,3657,5,sync,,,,0,,,,
58235971086,3658,5,receiver_state,,,,search,,,,
58235983527,3659,4,sync,,,,0,,,,
58235983527,3660,4,receiver_state,,,,search,,,,
58292000000,3661,2,receiver_state,,,,search,,,,
58292000000,3662,7,receiver_state,,,,search,,,,
58292000000,3663,8,receiver_state,,,,search,,,,
58300900000,3664,2,receiver_state,,,,idle,,,,
58300900000,3665,7,receiver_state,,,,idle,,,,
58300900000,3666,8,receiver_state,,,,idle,,,,
58422008077,3669,3,sync,,,,1,,,,
58422008077,3670,3,receiver_state,,,,search,,,,
58422011086,3671,5,sync,,,,1,,,,
58422011086,3672,5,receiver_state,,,,search,,,,
58422023527,3673,4,sync,,,,0,,,,
58422023527,3674,4,receiver_state,,,,search,,,,
58428638077,3675,3,receiver_state,,,,track,,,,
58428641086,3676,5,receiver_state,,,,track,,,,
58435268077,3677,3,sync,,,,0,,,,
58435271086,3678,5,sync,,,,0,,,,
58521960000,3679,1,sync,,,,0,,,,
58521960000,3680,1,receiver_state,,,,search,,,,
58521968077,3681,3,received,1,,,58.521968076999997,135.37565585291233,22,,
58521968077,3682,3,cancel_ack,1,10,,,,,1,0
58521968077,3683,3,cancel_ack,1,11,,,,,1,0
58521968077,3684,3,sync,,,,0,,,,
58521968077,3685,3,receiver_state,,,,search,,,,
58521971086,3686,5,received,1,,,58.521971086000001,140.8759451711563,22,,
58521971086,3687,5,cancel_ack,1,12,,,,,1,0
58521971086,3688,5,sync,,,,0,,,,
58521971086,3689,5,receiver_state,,,,search,,,,
58521983527,3690,4,sync,,,,0,,,,
58521983527,3691,4,receiver_state,,,,search,,,,
58708008077,3694,1,sync,,,,1,,,,
58708008077,3695,1,receiver_state,,,,search,,,,
58708019163,3696,5,sync,,,,1,,,,
58708019163,3697,5,receiver_state,,,,search,,,,
58714638077,3698,1,receiver_state,,,,track,,,,
58714649163,3699,5,receiver_state,,,,track,,,,
58721268077,3700,1,sync,,,,0,,,,
58721279163,3701,5,sync,,,,0,,,,
58782460000,3702,3,sync,,,,0,,,,
58782460000,3703,3,receiver_state,,,,search,,,,
58782468077,3704,1,received,3,,,58.782468076999997,135.37565585291233,13,,
58782468077,3705,1,cancel_ack,3,11,,,,,1,0
58782468077,3706,1,sync,,,,0,,,,
58782468077,3707,1,receiver_state,,,,search,,,,
58782479163,3708,5,received,3,,,58.782479162999998,150.38302059636848,13,,
58782479163,3709,5,cancel_ack,3,9,,,,,1,0
58782479163,3710,5,sync,,,,0,,,,
58782479163,3711,5,receiver_state,,,,search,,,,
58877008077,3714,3,sync,,,,1,,,,
58877008077,3715,3,receiver_state,,,,search,,,,
58877011086,3716,5,sync,,,,1,,,,
58877011086,3717,5,receiver_state,,,,search,,,,
58877023527,3718,4,sync,,,,0,,,,
58877023527,3719,4,receiver_state,,,,search,,,,
58883638077,3720,3,receiver_state,,,,track,,,,
58883641086,3721,5,receiver_state,,,,track,,,,
58890268077,3722,3,sync,,,,0,,,,
58890271086,3723,5,sync,,,,0,,,,
58976960000,3724,1,sync,,,,0,,,,
58976960000,3725,1,receiver_state,,,,search,,,,
58976968077,3726,3,received,1,,,58.976968077000002,135.37565585291233,16,,
58976968077,3727,3,cancel_ack,1,10,,,,,1,0
58976968077,3728,3,cancel_ack,1,11,,,,,1,0
58976968077,3729,3,sync,,,,0,,,,
58976968077,3730,3,receiver_state,,,,search,,,,
58976971086,3731,5,received,1,,,58.976971085999999,140.8759451711563,16,,
58976971086,3732,5,cancel_ack,1,12,,,,,1,0
58976971086,3733,5,sync,,,,0,,,,
58976971086,3734,5,receiver_state,,,,search,,,,
58976983527,3735,4,sync,,,,0,,,,
58976983527,3736,4,receiver_state,,,,search,,,,
59046008077,3739,1,sync,,,,1,,,,
59046008077,3740,1,receiver_state,,,,search,,,,
59046019163,3741,5,sync,,,,1,,,,
59046019163,3742,5,receiver_state,,,,search,,,,
59052638077,3743,1,receiver_state,,,,track,,,,
59052649163,3744,5,receiver_state,,,,track,,,,
59059268077,3745,1,sync,,,,0,,,,
59059279163,3746,5,sync,,,,0,,,,
59094960000,3747,3,sync,,,,0,,,,
59094960000,3748,3,receiver_state,,,,search,,,,
59094968077,3749,1,received,3,,,59.094968076999997,135.37565585291233,7,,
59094968077,3750,1,cancel_ack,3,11,,,,,1,0
59094968077,3751,1,sync,,,,0,,,,
59094968077,3752,1,receiver_state,,,,search,,,,
59094979163,3753,5,received,3,,,59.094979162999998,150.38302059636848,7,,
59094979163,3754,5,sync,,,,0,,,,
59094979163,3755,5,receiver_state,,,,search,,,,
59228008077,3758,3,sync,,,,1,,,,
59228008077,3759,3,receiver_state,,,,search,,,,
59228011086,3760,5,sync,,,,1,,,,
59228011086,3761,5,receiver_state,,,,search,,,,
59228023527,3762,4,sync,,,,0,,,,
59228023527,3763,4,receiver_state,,,,search,,,,
59234638077,3764,3,receiver_state,,,,track,,,,
59234641086,3765,5,receiver_state,,,,track,,,,
59241268077,3766,3,sync,,,,0,,,,
59241271086,3767,5,sync,,,,0,,,,
59280000000,3768,2,receiver_state,,,,search,,,,
59280000000,3769,7,receiver_state,,,,search,,,,
59280000000,3770,8,receiver_state,,,,search,,,,
59288900000,3771,2,receiver_state,,,,idle,,,,
59288900000,3772,7,receiver_state,,,,idle,,,,
59288900000,3773,8,receiver_state,,,,idle,,,,
59302460000,3774,1,sync,,,,0,,,,
59302460000,3775,1,receiver_state,,,,search,,,,
59302468077,3776,3,received,1,,,59.302468077,135.37565585291233,22,,
59302468077,3777,3,cancel_ack,1,11,,,,,1,0
59302468077,3778,3,sync,,,,0,,,,
59302468077,3779,3,receiver_state,,,,search,,,,
59302471086,3780,5,received,1,,,59.302471085999997,140.8759451711563,22,,
59302471086,3781,5,cancel_ack,1,12,,,,,1,0
59302471086,3782,5,sync,,,,0,,,,
59302471086,3783,5,receiver_state,,,,search,,,,
59302483527,3784,4,sync,,,,0,,,,
59302483527,3785,4,receiver_state,,,,search,,,,
59592008077,3788,3,sync,,,,1,,,,
59592008077,3789,3,receiver_state,,,,search,,,,
59592011086,3790,5,sync,,,,1,,,,
59592011086,3791,5,receiver_state,,,,search,,,,
59592023527,3792,4,sync,,,,0,,,,
59592023527,3793,4,receiver_state,,,,search,,,,
59598638077,3794,3,receiver_state,,,,track,,,,
59598641086,3795,5,receiver_state,,,,track,,,,
59605268077,3796,3,sync,,,,0,,,,
59605271086,3797,5,sync,,,,0,,,,
59640960000,3798,1,sync,,,,0,,,,
59640960000,3799,1,receiver_state,,,,search,,,,
59640968077,3800,3,received,1,,,59.640968076999997,135.37565585291233,5,,
59640968077,3801,3,cancel_ack,1,11,,,,,1,0
59640968077,3802,3,sync,,,,0,,,,
59640968077,3803,3,receiver_state,,,,search,,,,
59640971086,3804,5,received,1,,,59.640971086,140.8759451711563,5,,
59640971086,3805,5,sync,,,,0,,,,
59640971086,3806,5,receiver_state,,,,search,,,,
59640983527,3807,4,sync,,,,0,,,,
59640983527,3808,4,receiver_state,,,,search,,,,
60268000000,3809,2,receiver_state,,,,search,,,,
60268000000,3810,7,receiver_state,,,,search,,,,
60268000000,3811,8,receiver_state,,,,search,,,,
60276900000,3812,2,receiver_state,,,,idle,,,,
60276900000,3813,7,receiver_state,,,,idle,,,,
60276900000,3814,8,receiver_state,,,,idle,,,,
60725968077,3815,1,enqueue,16777215,,139,7,0,,,
60866008077,3819,3,sync,,,,1,,,,
60866008077,3820,3,receiver_state,,,,search,,,,
60866011086,3821,5,sync,,,,1,,,,
60866011086,3822,5,receiver_state,,,,search,,,,
60866023527,3823,4,sync,,,,0,,,,
60866023527,3824,4,receiver_state,,,,search,,,,
60872638077,3825,3,receiver_state,,,,track,,,,
60872641086,3826,5,receiver_state,,,,track,,,,
61256000000,3827,2,receiver_state,,,,search,,,,
61256000000,3828,7,receiver_state,,,,search,,,,
61256000000,3829,8,receiver_state,,,,search,,,,
61264900000,3830,2,receiver_state,,,,idle,,,,
61264900000,3831,7,receiver_state,,,,idle,,,,
61264900000,3832,8,receiver_state,,,,idle,,,,
61871728077,3833,3,sync,,,,0,,,,
61871731086,3834,5,sync,,,,0,,,,
61901300000,3835,1,sync,,,,0,,,,
61901300000,3836,1,receiver_state,,,,search,,,,
61901308077,3837,3,received,1,,,61.901308077000003,135.37565585291233,12,,
61901308077,3838,3,active,,,,3,,,,
61901308077,3839,3,reported,,,,3,,,,
61901308077,3840,3,sync,,,,0,,,,
61901308077,3841,3,receiver_state,,,,search,,,,
61901311086,3842,5,received,1,,,61.901311086,140.8759451711563,12,,
61901311086,3843,5,active,,,,3,,,,
61901311086,3844,5,reported,,,,3,,,,
61901311086,3845,5,sync,,,,0,,,,
61901311086,3846,5,receiver_state,,,,search,,,,
61901323527,3847,4,sync,,,,0,,,,
61901323527,3848,4,receiver_state,,,,search,,,,
62244000000,3849,2,receiver_state,,,,search,,,,
62244000000,3850,7,receiver_state,,,,search,,,,
62244000000,3851,8,receiver_state,,,,search,,,,
62252900000,3852,2,receiver_state,,,,idle,,,,
62252900000,3853,7,receiver_state,,,,idle,,,,
62252900000,3854,8,receiver_state,,,,idle,,,,
63232000000,3855,2,receiver_state,,,,search,,,,
63232000000,3856,7,receiver_state,,,,search,,,,
63232000000,3857,8,receiver_state,,,,search,,,,
63240900000,3858,2,receiver_state,,,,idle,,,,
63240900000,3859,7,receiver_state,,,,idle,,,,
63240900000,3860,8,receiver_state,,,,idle,,,,
64220000000,3861,2,receiver_state,,,,search,,,,
64220000000,3862,7,receiver_state,,,,search,,,,
64220000000,3863,8,receiver_state,,,,search,,,,
64228900000,3864,2,receiver_state,,,,idle,,,,
64228900000,3865,7,receiver_state,,,,idle,,,,
64228900000,3866,8,receiver_state,,,,idle,,,,
65208000000,3867,2,receiver_state,,,,search,,,,
65208000000,3868,7,receiver_state,,,,search,,,,
65208000000,3869,8,receiver_state,,,,search,,,,
65216900000,3870,2,receiver_state,,,,idle,,,,
65216900000,3871,7,receiver_state,,,,idle,,,,
65216900000,3872,8,receiver_state,,,,idle,,,,
65725968077,3873,1,enqueue,16777215,,140,7,0,,,
65871008077,3877,3,sync,,,,1,,,,
65871008077,3878,3,receiver_state,,,,search,,,,
65871011086,3879,5,sync,,,,1,,,,
65871011086,3880,5,receiver_state,,,,search,,,,
65871023527,3881,4,sync,,,,0,,,,
65871023527,3882,4,receiver_state,,,,search,,,,
65877638077,3883,3,receiver_state,,,,track,,,,
65877641086,3884,5,receiver_state,,,,track,,,,
66196000000,3885,2,receiver_state,,,,search,,,,
66196000000,3886,7,receiver_state,,,,search,,,,
66196000000,3887,8,receiver_state,,,,search,,,,
66204900000,3888,2,receiver_state,,,,idle,,,,
66204900000,3889,7,receiver_state,,,,idle,,,,
66204900000,3890,8,receiver_state,,,,idle,,,,
66876728077,3891,3,sync,,,,0,,,,
66876731086,3892,5,sync,,,,0,,,,
66906300000,3893,1,sync,,,,0,,,,
66906300000,3894,1,receiver_state,,,,search,,,,
66906308077,3895,3,received,1,,,66.906308077000006,135.37565585291233,4,,
66906308077,3896,3,active,,,,3,,,,
66906308077,3897,3,reported,,,,3,,,,
66906308077,3898,3,sync,,,,0,,,,
66906308077,3899,3,receiver_state,,,,search,,,,
66906311086,3900,5,received,1,,,66.906311086000002,140.8759451711563,4,,
66906311086,3901,5,active,,,,3,,,,
66906311086,3902,5,reported,,,,3,,,,
66906311086,3903,5,sync,,,,0,,,,
66906311086,3904,5,receiver_state,,,,search,,,,
66906323527,3905,4,sync,,,,0,,,,
66906323527,3906,4,receiver_state,,,,search,,,,
67184000000,3907,2,receiver_state,,,,search,,,,
67184000000,3908,7,receiver_state,,,,search,,,,
67184000000,3909,8,receiver_state,,,,search,,,,
67192900000,3910,2,receiver_state,,,,idle,,,,
67192900000,3911,7,receiver_state,,,,idle,,,,
67192900000,3912,8,receiver_state,,,,idle,,,,
68172000000,3913,2,receiver_state,,,,search,,,,
68172000000,3914,7,receiver_state,,,,search,,,,
68172000000,3915,8,receiver_state,,,,search,,,,
68180900000,3916,2,receiver_state,,,,idle,,,,
68180900000,3917,7,receiver_state,,,,idle,,,,
68180900000,3918,8,receiver_state,,,,idle,,,,
69160000000,3919,2,receiver_state,,,,search,,,,
69160000000,3920,7,receiver_state,,,,search,,,,
69160000000,3921,8,receiver_state,,,,search,,,,
69168900000,3922,2,receiver_state,,,,idle,,,,
69168900000,3923,7,receiver_state,,,,idle,,,,
69168900000,3924,8,receiver_state,,,,idle,,,,
70148000000,3925,2,receiver_state,,,,search,,,,
70148000000,3926,7,receiver_state,,,,search,,,,
70148000000,3927,8,receiver_state,,,,search,,,,
70156900000,3928,2,receiver_state,,,,idle,,,,
70156900000,3929,7,receiver_state,,,,idle,,,,
70156900000,3930,8,receiver_state,,,,idle,,,,
70333820000,3931,4,receiver_state,,,,idle,,,,
70725968077,3932,1,enqueue,3,,141,7,1,,,
70725968077,3933,1,enqueue,5,,142,7,1,,,
70725968077,3934,1,enqueue,3,,143,0,0,,,
70863008077,3938,3,sync,,,,1,,,,
70863008077,3939,3,receiver_state,,,,search,,,,
70863011086,3940,5,sync,,,,1,,,,
70863011086,3941,5,receiver_state,,,,search,,,,
70863023527,3942,4,sync,,,,0,,,,
70863023527,3943,4,receiver_state,,,,idle,,,,
70869638077,3944,3,receiver_state,,,,track,,,,
70869641086,3945,5,receiver_state,,,,track,,,,
70876268077,3946,3,sync,,,,0,,,,
70876271086,3947,5,sync,,,,0,,,,
70950720000,3948,1,sync,,,,0,,,,
70950720000,3949,1,receiver_state,,,,search,,,,
70950728077,3950,3,received,1,,,70.950728076999994,135.37565585291233,25,,
70950728077,3951,3,active,,,,3,,,,
70950728077,3952,3,reported,,,,3,,,,
70950728077,3953,3,enqueue,1,,144,7,0,,,
70950728077,3954,3,sync,,,,0,,,,
70950728077,3955,3,receiver_state,,,,search,,,,
70950728077,3957,3,enqueue,1,,145,7,1,,,
70950731086,3958,5,received,1,,,70.950731086000005,140.8759451711563,25,,
70950731086,3959,5,active,,,,3,,,,
70950731086,3960,5,reported,,,,3,,,,
70950731086,3961,5,enqueue,1,,146,7,0,,,
70950731086,3962,5,sync,,,,0,,,,
70950731086,3963,5,receiver_state,,,,search,,,,
70950731086,3965,5,enqueue,1,,147,7,1,,,
70950743527,3966,4,sync,,,,0,,,,
70950743527,3967,4,receiver_state,,,,idle,,,,
71084008077,3970,1,sync,,,,1,,,,
71084008077,3971,1,receiver_state,,,,search,,,,
71084019163,3972,5,sync,,,,1,,,,
71084019163,3973,5,receiver_state,,,,search,,,,
71090638077,3974,1,receiver_state,,,,track,,,,
71090649163,3975,5,receiver_state,,,,track,,,,
71097268077,3976,1,sync,,,,0,,,,
71097279163,3977,5,sync,,,,0,,,,
71136000000,3978,2,receiver_state,,,,search,,,,
71136000000,3979,4,receiver_state,,,,search,,,,
71136000000,3980,7,receiver_state,,,,search,,,,
71136000000,3981,8,receiver_state,,,,search,,,,
71144900000,3982,2,receiver_state,,,,idle,,,,
71144900000,3983,4,receiver_state,,,,idle,,,,
71144900000,3984,7,receiver_state,,,,idle,,,,
71144900000,3985,8,receiver_state,,,,idle,,,,
71213540000,3986,3,sync,,,,0,,,,
71213540000,3987,3,receiver_state,,,,search,,,,
71213548077,3988,1,received,3,,,71.213548076999999,135.37565585291233,7,,
71213548077,3989,1,cancel_ack,3,12,,,,,1,0
71213548077,3990,1,active,,,,3,,,,
71213548077,3991,1,reported,,,,3,,,,
71213548077,3992,1,enqueue,3,,148,7,0,,,
71213548077,3993,1,sync,,,,0,,,,
71213548077,3994,1,receiver_state,,,,search,,,,
71213559163,3995,5,received,3,,,71.213559162999999,150.38302059636848,7,,
71213559163,3996,5,sync,,,,0,,,,
71213559163,3997,5,receiver_state,,,,search,,,,
71240011086,4000,1,sync,,,,1,,,,
71240011086,4001,1,receiver_state,,,,search,,,,
71240012444,4002,4,sync,,,,1,,,,
71240012444,4003,4,receiver_state,,,,idle,,,,
71240019163,4004,3,sync,,,,1,,,,
71240019163,4005,3,receiver_state,,,,search,,,,
71246641086,4006,1,receiver_state,,,,track,,,,
71246649163,4007,3,receiver_state,,,,track,,,,
71253271086,4008,1,sync,,,,0,,,,
71253272444,4009,4,sync,,,,0,,,,
71253279163,4010,3,sync,,,,0,,,,
71369540000,4011,5,sync,,,,0,,,,
71369540000,4012,5,receiver_state,,,,search,,,,
71369551086,4013,1,received,5,,,71.369551086000001,140.8759451711563,2,,
71369551086,4014,1,cancel_ack,5,10,,,,,1,0
71369551086,4015,1,active,,,,3,,,,
71369551086,4016,1,reported,,,,3,,,,
71369551086,4017,1,enqueue,5,,149,7,0,,,
71369551086,4018,1,sync,,,,0,,,,
71369551086,4019,1,receiver_state,,,,search,,,,
71369552444,4020,4,sync,,,,0,,,,
71369552444,4021,4,receiver_state,,,,idle,,,,
71369559163,4022,3,received,5,,,71.369559163000005,150.38302059636848,2,,
71369559163,4023,3,sync,,,,0,,,,
71369559163,4024,3,receiver_state,,,,search,,,,
71396011086,4027,1,sync,,,,1,,,,
71396011086,4028,1,receiver_state,,,,search,,,,
71396012444,4029,4,sync,,,,1,,,,
71396012444,4030,4,receiver_state,,,,idle,,,,
71396019163,4031,3,sync,,,,1,,,,
71396019163,4032,3,receiver_state,,,,search,,,,
71402641086,4033,1,receiver_state,,,,track,,,,
71402649163,4034,3,receiver_state,,,,track,,,,
71409271086,4035,1,sync,,,,0,,,,
71409272444,4036,4,sync,,,,0,,,,
71409279163,4037,3,sync,,,,0,,,,
71444960000,4038,5,sync,,,,0,,,,
71444960000,4039,5,receiver_state,,,,search,,,,
71444971086,4040,1,received,5,,,71.444971085999995,140.8759451711563,21,,
71444971086,4041,1,cancel_ack,5,10,,,,,1,0
71444971086,4042,1,sync,,,,0,,,,
71444971086,4043,1,receiver_state,,,,search,,,,
71444972444,4044,4,sync,,,,0,,,,
71444972444,4045,4,receiver_state,,,,idle,,,,
71444979163,4046,3,received,5,,,71.444979162999999,150.38302059636848,21,,
71444979163,4047,3,sync,,,,0,,,,
71444979163,4048,3,receiver_state,,,,search,,,,
71461008077,4051,1,sync,,,,1,,,,
71461008077,4052,1,receiver_state,,,,search,,,,
71461019163,4053,5,sync,,,,1,,,,
71461019163,4054,5,receiver_state,,,,search,,,,
71467638077,4055,1,receiver_state,,,,track,,,,
71467649163,4056,5,receiver_state,,,,track,,,,
71474268077,4057,1,sync,,,,0,,,,
71474279163,4058,5,sync,,,,0,,,,
71498312444,4059,4,cancel_type,5,,,8,,,,
71498312444,4060,4,enqueue,5,,150,7,0,,,
71509960000,4062,3,sync,,,,0,,,,
71509960000,4063,3,receiver_state,,,,search,,,,
71509968077,4064,1,received,3,,,71.509968076999996,135.37565585291233,31,,
71509968077,4065,1,cancel_ack,3,12,,,,,1,0
71509968077,4066,1,sync,,,,0,,,,
71509968077,4067,1,receiver_state,,,,search,,,,
71509979163,4068,5,received,3,,,71.509979162999997,150.38302059636848,31,,
71509979163,4069,5,sync,,,,0,,,,
71509979163,4070,5,receiver_state,,,,search,,,,
71591008077,4073,3,sync,,,,1,,,,
71591008077,4074,3,receiver_state,,,,search,,,,
71591011086,4075,5,sync,,,,1,,,,
71591011086,4076,5,receiver_state,,,,search,,,,
71591023527,4077,4,sync,,,,0,,,,
71591023527,4078,4,receiver_state,,,,search,,,,
71597638077,4079,3,receiver_state,,,,track,,,,
71597641086,4080,5,receiver_state,,,,track,,,,
71604268077,4081,3,sync,,,,0,,,,
71604271086,4082,5,sync,,,,0,,,,
71665460000,4083,1,sync,,,,0,,,,
71665460000,4084,1,receiver_state,,,,search,,,,
71665468077,4085,3,received,1,,,71.665468077,135.37565585291233,16,,
71665468077,4086,3,cancel_ack,1,12,,,,,1,0
71665468077,4087,3,sync,,,,0,,,,
71665468077,4088,3,receiver_state,,,,search,,,,
71665471086,4089,5,received,1,,,71.665471085999997,140.8759451711563,16,,
71665471086,4090,5,cancel_ack,1,13,,,,,1,0
71665471086,4091,5,sync,,,,0,,,,
71665471086,4092,5,receiver_state,,,,search,,,,
71665483527,4093,4,sync,,,,0,,,,
71665483527,4094,4,receiver_state,,,,search,,,,
71825011086,4097,1,sync,,,,1,,,,
71825011086,4098,1,receiver_state,,,,search,,,,
71825012444,4099,4,sync,,,,1,,,,
71825012444,4100,4,receiver_state,,,,search,,,,
71825019163,4101,3,sync,,,,1,,,,
71825019163,4102,3,receiver_state,,,,search,,,,
71831641086,4103,1,receiver_state,,,,track,,,,
71831642444,4104,4,receiver_state,,,,track,,,,
71831649163,4105,3,receiver_state,,,,track,,,,
71838271086,4106,1,sync,,,,0,,,,
71838272444,4107,4,sync,,,,0,,,,
71838279163,4108,3,sync,,,,0,,,,
71873960000,4109,5,sync,,,,0,,,,
71873960000,4110,5,receiver_state,,,,search,,,,
71873971086,4111,1,received,5,,,71.873971085999997,140.8759451711563,5,,
71873971086,4112,1,cancel_ack,5,10,,,,,1,0
71873971086,4113,1,sync,,,,0,,,,
71873971086,4114,1,receiver_state,,,,search,,,,
71873972444,4115,4,received,5,,,71.873972444000003,142.88390553075294,5,,
71873972444,4116,4,sync,,,,0,,,,
71873972444,4117,4,receiver_state,,,,search,,,,
71873979163,4118,3,received,5,,,71.873979163000001,150.38302059636848,5,,
71873979163,4119,3,sync,,,,0,,,,
71873979163,4120,3,receiver_state,,,,search,,,,
71916008077,4123,3,sync,,,,1,,,,
71916008077,4124,3,receiver_state,,,,search,,,,
71916011086,4125,5,sync,,,,1,,,,
71916011086,4126,5,receiver_state,,,,search,,,,
71916023527,4127,4,sync,,,,0,,,,
71916023527,4128,4,receiver_state,,,,search,,,,
71922638077,4129,3,receiver_state,,,,track,,,,
71922641086,4130,5,receiver_state,,,,track,,,,
71929268077,4131,3,sync,,,,0,,,,
71929271086,4132,5,sync,,,,0,,,,
71990460000,4133,1,sync,,,,0,,,,
71990460000,4134,1,receiver_state,,,,search,,,,
71990468077,4135,3,received,1,,,71.990468077000003,135.37565585291233,24,,
71990468077,4136,3,cancel_ack,1,12,,,,,1,0
71990468077,4137,3,sync,,,,0,,,,
71990468077,4138,3,receiver_state,,,,search,,,,
71990471086,4139,5,received,1,,,71.990471085999999,140.8759451711563,24,,
71990471086,4140,5,cancel_ack,1,13,,,,,1,0
71990471086,4141,5,sync,,,,0,,,,
71990471086,4142,5,receiver_state,,,,search,,,,
71990483527,4143,4,sync,,,,0,,,,
71990483527,4144,4,receiver_state,,,,search,,,,
72007011086,4147,1,sync,,,,1,,,,
72007011086,4148,1,receiver_state,,,,search,,,,
72007012444,4149,4,sync,,,,1,,,,
72007012444,4150,4,receiver_state,,,,search,,,,
72007019163,4151,3,sync,,,,1,,,,
72007019163,4152,3,receiver_state,,,,search,,,,
72013641086,4153,1,receiver_state,,,,track,,,,
72013642444,4154,4,receiver_state,,,,track,,,,
72013649163,4155,3,receiver_state,,,,track,,,,
72020271086,4156,1,sync,,,,0,,,,
72020272444,4157,4,sync,,,,0,,,,
72020279163,4158,3,sync,,,,0,,,,
72055960000,4159,5,sync,,,,0,,,,
72055960000,4160,5,receiver_state,,,,search,,,,
72055971086,4161,1,received,5,,,72.055971086,140.8759451711563,23,,
72055971086,4162,1,cancel_ack,5,10,,,,,1,0
72055971086,4163,1,sync,,,,0,,,,
72055971086,4164,1,receiver_state,,,,search,,,,
72055972444,4165,4,received,5,,,72.055972444000005,142.88390553075294,23,,
72055972444,4166,4,sync,,,,0,,,,
72055972444,4167,4,receiver_state,,,,search,,,,
72055979163,4168,3,received,5,,,72.055979163000003,150.38302059636848,23,,
72055979163,4169,3,sync,,,,0,,,,
72055979163,4170,3,receiver_state,,,,search,,,,
72124000000,4171,2,receiver_state,,,,search,,,,
72124000000,4172,7,receiver_state,,,,search,,,,
72124000000,4173,8,receiver_state,,,,search,,,,
72124008077,4176,1,sync,,,,1,,,,
72124008077,4177,1,receiver_state,,,,search,,,,
72124019163,4178,5,sync,,,,1,,,,
72124019163,4179,5,receiver_state,,,,search,,,,
72130638077,4180,1,receiver_state,,,,track,,,,
72130649163,4181,5,receiver_state,,,,track,,,,
72132900000,4182,2,receiver_state,,,,idle,,,,
72132900000,4183,7,receiver_state,,,,idle,,,,
72132900000,4184,8,receiver_state,,,,idle,,,,
72137268077,4185,1,sync,,,,0,,,,
72137279163,4186,5,sync,,,,0,,,,
72172960000,4187,3,sync,,,,0,,,,
72172960000,4188,3,receiver_state,,,,search,,,,
72172968077,4189,1,received,3,,,72.172968076999993,135.37565585291233,29,,
72172968077,4190,1,cancel_ack,3,12,,,,,1,0
72172968077,4191,1,sync,,,,0,,,,
72172968077,4192,1,receiver_state,,,,search,,,,
72172979163,4193,5,received,3,,,72.172979162999994,150.38302059636848,29,,
72172979163,4194,5,sync,,,,0,,,,
72172979163,4195,5,receiver_state,,,,search,,,,
72267012444,4198,5,sync,,,,1,,,,
72267012444,4199,5,receiver_state,,,,search,,,,
72267013632,4200,2,sync,,,,1,,,,
72267013632,4201,2,receiver_state,,,,idle,,,,
72267023527,4202,1,sync,,,,0,,,,
72267023527,4203,1,receiver_state,,,,search,,,,
72273642444,4204,5,receiver_state,,,,track,,,,
72280272444,4205,5,sync,,,,0,,,,
72280273632,4206,2,sync,,,,0,,,,
72308820000,4207,4,sync,,,,0,,,,
72308820000,4208,4,receiver_state,,,,search,,,,
72308832444,4209,5,received,4,,,72.308832444000004,142.88390553075294,11,,
72308832444,4210,5,enqueue,4,,151,7,1,,,
72308832444,4211,5,sync,,,,0,,,,
72308832444,4212,5,receiver_state,,,,search,,,,
72308833632,4213,2,sync,,,,0,,,,
72308833632,4214,2,receiver_state,,,,idle,,,,
72308843527,4215,1,sync,,,,0,,,,
72308843527,4216,1,receiver_state,,,,search,,,,
72384008077,4219,3,sync,,,,1,,,,
72384008077,4220,3,receiver_state,,,,search,,,,
72384011086,4221,5,sync,,,,1,,,,
72384011086,4222,5,receiver_state,,,,search,,,,
72384023527,4223,4,sync,,,,0,,,,
72384023527,4224,4,receiver_state,,,,search,,,,
72390638077,4225,3,receiver_state,,,,track,,,,
72390641086,4226,5,receiver_state,,,,track,,,,
72397268077,4227,3,sync,,,,0,,,,
72397271086,4228,5,sync,,,,0,,,,
72458460000,4229,1,sync,,,,0,,,,
72458460000,4230,1,receiver_state,,,,search,,,,
72458468077,4231,3,received,1,,,72.458468077000006,135.37565585291233,16,,
72458468077,4232,3,cancel_ack,1,12,,,,,1,0
72458468077,4233,3,sync,,,,0,,,,
72458468077,4234,3,receiver_state,,,,search,,,,
72458471086,4235,5,received,1,,,72.458471086000003,140.8759451711563,16,,
72458471086,4236,5,cancel_ack,1,13,,,,,1,0
72458471086,4237,5,sync,,,,0,,,,
72458471086,4238,5,receiver_state,,,,search,,,,
72458483527,4239,4,sync,,,,0,,,,
72458483527,4240,4,receiver_state,,,,search,,,,
72501011086,4243,1,sync,,,,1,,,,
72501011086,4244,1,receiver_state,,,,search,,,,
72501012444,4245,4,sync,,,,1,,,,
72501012444,4246,4,receiver_state,,,,search,,,,
72501019163,4247,3,sync,,,,1,,,,
72501019163,4248,3,receiver_state,,,,search,,,,
72507641086,4249,1,receiver_state,,,,track,,,,
72507642444,4250,4,receiver_state,,,,track,,,,
72507649163,4251,3,receiver_state,,,,track,,,,
72514271086,4252,1,sync,,,,0,,,,
72514272444,4253,4,sync,,,,0,,,,
72514279163,4254,3,sync,,,,0,,,,
72613200000,4255,5,sync,,,,0,,,,
72613200000,4256,5,receiver_state,,,,search,,,,
72613211086,4257,1,received,5,,,72.613211086000007,140.8759451711563,5,,
72613211086,4258,1,cancel_ack,5,10,,,,,1,0
72613211086,4259,1,sync,,,,0,,,,
72613211086,4260,1,receiver_state,,,,search,,,,
72613212444,4261,4,received,5,,,72.613212443999998,142.88390553075294,5,,
72613212444,4262,4,enqueue,5,,152,7,0,,,
72613212444,4263,4,enqueue,5,,153,7,1,,,
72613212444,4264,4,active,,,,2,,,,
72613212444,4265,4,reported,,,,3,,,,
72613212444,4266,4,sync,,,,0,,,,
72613212444,4267,4,receiver_state,,,,search,,,,
72613219163,4269,3,received,5,,,72.613219162999997,150.38302059636848,5,,
72613219163,4270,3,sync,,,,0,,,,
72613219163,4271,3,receiver_state,,,,search,,,,
72722008077,4274,1,sync,,,,1,,,,
72722008077,4275,1,receiver_state,,,,search,,,,
72722019163,4276,5,sync,,,,1,,,,
72722019163,4277,5,receiver_state,,,,search,,,,
72728638077,4278,1,receiver_state,,,,track,,,,
72728649163,4279,5,receiver_state,,,,track,,,,
72735268077,4280,1,sync,,,,0,,,,
72735279163,4281,5,sync,,,,0,,,,
72770960000,4282,3,sync,,,,0,,,,
72770960000,4283,3,receiver_state,,,,search,,,,
72770968077,4284,1,received,3,,,72.770968077000006,135.37565585291233,2,,
72770968077,4285,1,cancel_ack,3,12,,,,,1,0
72770968077,4286,1,sync,,,,0,,,,
72770968077,4287,1,receiver_state,,,,search,,,,
72770979163,4288,5,received,3,,,72.770979163000007,150.38302059636848,2,,
72770979163,4289,5,sync,,,,0,,,,
72770979163,4290,5,receiver_state,,,,search,,,,
72800008077,4293,1,sync,,,,1,,,,
72800008077,4294,1,receiver_state,,,,search,,,,
72800019163,4295,5,sync,,,,1,,,,
72800019163,4296,5,receiver_state,,,,search,,,,
72806638077,4297,1,receiver_state,,,,track,,,,
72806649163,4298,5,receiver_state,,,,track,,,,
72813268077,4299,1,sync,,,,0,,,,
72813279163,4300,5,sync,,,,0,,,,
72848960000,4301,3,sync,,,,0,,,,
72848960000,4302,3,receiver_state,,,,search,,,,
72848968077,4303,1,received,3,,,72.848968076999995,135.37565585291233,2,,
72848968077,4304,1,cancel_ack,3,12,,,,,1,0
72848968077,4305,1,sync,,,,0,,,,
72848968077,4306,1,receiver_state,,,,search,,,,
72848979163,4307,5,received,3,,,72.848979162999996,150.38302059636848,2,,
72848979163,4308,5,sync,,,,0,,,,
72848979163,4309,5,receiver_state,,,,search,,,,
72852008077,4312,3,sync,,,,1,,,,
72852008077,4313,3,receiver_state,,,,search,,,,
72852011086,4314,5,sync,,,,1,,,,
72852011086,4315,5,receiver_state,,,,search,,,,
72852023527,4316,4,sync,,,,0,,,,
72852023527,4317,4,receiver_state,,,,search,,,,
72858638077,4318,3,receiver_state,,,,track,,,,
72858641086,4319,5,receiver_state,,,,track,,,,
72865268077,4320,3,sync,,,,0,,,,
72865271086,4321,5,sync,,,,0,,,,
72926460000,4322,1,sync,,,,0,,,,
72926460000,4323,1,receiver_state,,,,search,,,,
72926468077,4324,3,received,1,,,72.926468076999996,135.37565585291233,30,,
72926468077,4325,3,cancel_ack,1,12,,,,,1,0
72926468077,4326,3,sync,,,,0,,,,
72926468077,4327,3,receiver_state,,,,search,,,,
72926471086,4328,5,received,1,,,72.926471086000006,140.8759451711563,30,,
72926471086,4329,5,cancel_ack,1,13,,,,,1,0
72926471086,4330,5,sync,,,,0,,,,
72926471086,4331,5,receiver_state,,,,search,,,,
72926483527,4332,4,sync,,,,0,,,,
72926483527,4333,4,receiver_state,,,,search,,,,
72995012444,4336,5,sync,,,,1,,,,
72995012444,4337,5,receiver_state,,,,search,,,,
72995013632,4338,2,sync,,,,1,,,,
72995013632,4339,2,receiver_state,,,,idle,,,,
72995023527,4340,1,sync,,,,0,,,,
72995023527,4341,1,receiver_state,,,,search,,,,
73001642444,4342,5,receiver_state,,,,track,,,,
73008272444,4343,5,sync,,,,0,,,,
73008273632,4344,2,sync,,,,0,,,,
73107200000,4345,4,sync,,,,0,,,,
73107200000,4346,4,receiver_state,,,,search,,,,
73107212444,4347,5,received,4,,,73.107212443999998,142.88390553075294,29,,
73107212444,4348,5,cancel_ack,4,1,,,,,1,0
73107212444,4349,5,cancel_type,4,,,8,,,,
73107212444,4350,5,enqueue,4,,154,7,0,,,
73107212444,4351,5,enqueue,4,,155,7,0,,,
73107212444,4352,5,enqueue,4,,156,7,1,,,
73107212444,4353,5,sync,,,,0,,,,
73107212444,4354,5,receiver_state,,,,search,,,,
73107213632,4356,2,sync,,,,0,,,,
73107213632,4357,2,receiver_state,,,,idle,,,,
73107223527,4358,1,sync,,,,0,,,,
73107223527,4359,1,receiver_state,,,,search,,,,
73112000000,4360,2,receiver_state,,,,search,,,,
73112000000,4361,7,receiver_state,,,,search,,,,
73112000000,4362,8,receiver_state,,,,search,,,,
73120900000,4363,2,receiver_state,,,,idle,,,,
73120900000,4364,7,receiver_state,,,,idle,,,,
73120900000,4365,8,receiver_state,,,,idle,,,,
73190011086,4368,1,sync,,,,1,,,,
73190011086,4369,1,receiver_state,,,,search,,,,
73190012444,4370,4,sync,,,,1,,,,
73190012444,4371,4,receiver_state,,,,search,,,,
73190019163,4372,3,sync,,,,1,,,,
73190019163,4373,3,receiver_state,,,,search,,,,
73196641086,4374,1,receiver_state,,,,track,,,,
73196642444,4375,4,receiver_state,,,,track,,,,
73196649163,4376,3,receiver_state,,,,track,,,,
73203271086,4377,1,sync,,,,0,,,,
73203272444,4378,4,sync,,,,0,,,,
73203279163,4379,3,sync,,,,0,,,,
73273640000,4380,5,sync,,,,0,,,,
73273640000,4381,5,receiver_state,,,,search,,,,
73273651086,4382,1,received,5,,,73.273651086000001,140.8759451711563,28,,
73273651086,4383,1,sync,,,,0,,,,
73273651086,4384,1,receiver_state,,,,search,,,,
73273652444,4385,4,received,5,,,73.273652444000007,142.88390553075294,28,,
73273652444,4386,4,cancel_ack,5,8,,,,,1,0
73273652444,4387,4,enqueue,5,,157,7,1,,,
73273652444,4388,4,active,,,,2,,,,
73273652444,4389,4,reported,,,,3,,,,
73273652444,4390,4,enqueue,5,,158,7,1,,,
73273652444,4391,4,enqueue,5,,159,7,0,,,
73273652444,4392,4,sync,,,,0,,,,
73273652444,4393,4,receiver_state,,,,search,,,,
73273659163,4394,3,received,5,,,73.273659163000005,150.38302059636848,28,,
73273659163,4395,3,sync,,,,0,,,,
73273659163,4396,3,receiver_state,,,,search,,,,
73398008077,4399,3,sync,,,,1,,,,
73398008077,4400,3,receiver_state,,,,search,,,,
73398011086,4401,5,sync,,,,1,,,,
73398011086,4402,5,receiver_state,,,,search,,,,
73398023527,4403,4,sync,,,,0,,,,
73398023527,4404,4,receiver_state,,,,search,,,,
73404638077,4405,3,receiver_state,,,,track,,,,
73404641086,4406,5,receiver_state,,,,track,,,,
73411268077,4407,3,sync,,,,0,,,,
73411271086,4408,5,sync,,,,0,,,,
73472460000,4409,1,sync,,,,0,,,,
73472460000,4410,1,receiver_state,,,,search,,,,
73472468077,4411,3,received,1,,,73.472468077000002,135.37565585291233,17,,
73472468077,4412,3,cancel_ack,1,12,,,,,1,0
73472468077,4413,3,sync,,,,0,,,,
73472468077,4414,3,receiver_state,,,,search,,,,
73472471086,4415,5,received,1,,,73.472471085999999,140.8759451711563,17,,
73472471086,4416,5,cancel_ack,1,13,,,,,1,0
73472471086,4417,5,sync,,,,0,,,,
73472471086,4418,5,receiver_state,,,,search,,,,
73472483527,4419,4,sync,,,,0,,,,
73472483527,4420,4,receiver_state,,,,search,,,,
73567012444,4423,5,sync,,,,1,,,,
73567012444,4424,5,receiver_state,,,,search,,,,
73567013632,4425,2,sync,,,,1,,,,
73567013632,4426,2,receiver_state,,,,idle,,,,
73567023527,4427,1,sync,,,,0,,,,
73567023527,4428,1,receiver_state,,,,search,,,,
73573642444,4429,5,receiver_state,,,,track,,,,
73580272444,4430,5,sync,,,,0,,,,
73580273632,4431,2,sync,,,,0,,,,
73674100000,4432,4,sync,,,,0,,,,
73674100000,4433,4,receiver_state,,,,search,,,,
73674112444,4434,5,received,4,,,73.674112444000002,142.88390553075294,6,,
73674112444,4435,5,cancel_ack,4,1,,,,,1,0
73674112444,4436,5,cancel_ack,4,3,,,,,1,0
73674112444,4437,5,active,,,,4,,,,
73674112444,4438,5,reported,,,,0,,,,
73674112444,4439,5,enqueue,4,,160,7,0,,,
73674112444,4440,5,active,,,,4,,,,
73674112444,4441,5,reported,,,,2,,,,
73674112444,4442,5,enqueue,4,,161,7,0,,,
73674112444,4443,5,sync,,,,0,,,,
73674112444,4444,5,receiver_state,,,,search,,,,
73674112444,4445,5,enqueue,4,,162,7,1,,,
73674112444,4446,5,enqueue,4,,163,7,1,,,
73674113632,4447,2,sync,,,,0,,,,
73674113632,4448,2,receiver_state,,,,idle,,,,
73674123527,4449,1,sync,,,,0,,,,
73674123527,4450,1,receiver_state,,,,search,,,,
73762012444,4453,5,sync,,,,1,,,,
73762012444,4454,5,receiver_state,,,,search,,,,
73762013632,4455,2,sync,,,,1,,,,
73762013632,4456,2,receiver_state,,,,idle,,,,
73762023527,4457,1,sync,,,,0,,,,
73762023527,4458,1,receiver_state,,,,search,,,,
73768642444,4459,5,receiver_state,,,,track,,,,
73775272444,4460,5,sync,,,,0,,,,
73775273632,4461,2,sync,,,,0,,,,
73836460000,4462,4,sync,,,,0,,,,
73836460000,4463,4,receiver_state,,,,search,,,,
73836472444,4464,5,received,4,,,73.836472443999995,142.88390553075294,29,,
73836472444,4465,5,cancel_ack,4,1,,,,,1,0
73836472444,4466,5,cancel_ack,4,3,,,,,1,0
73836472444,4467,5,sync,,,,0,,,,
73836472444,4468,5,receiver_state,,,,search,,,,
73836473632,4469,2,sync,,,,0,,,,
73836473632,4470,2,receiver_state,,,,idle,,,,
73836483527,4471,1,sync,,,,0,,,,
73836483527,4472,1,receiver_state,,,,search,,,,
73879011086,4475,1,sync,,,,1,,,,
73879011086,4476,1,receiver_state,,,,search,,,,
73879012444,4477,4,sync,,,,1,,,,
73879012444,4478,4,receiver_state,,,,search,,,,
73879019163,4479,3,sync,,,,1,,,,
73879019163,4480,3,receiver_state,,,,search,,,,
73885641086,4481,1,receiver_state,,,,track,,,,
73885642444,4482,4,receiver_state,,,,track,,,,
73885649163,4483,3,receiver_state,,,,track,,,,
73892271086,4484,1,sync,,,,0,,,,
73892272444,4485,4,sync,,,,0,,,,
73892279163,4486,3,sync,,,,0,,,,
74086060000,4487,5,sync,,,,0,,,,
74086060000,4488,5,receiver_state,,,,search,,,,
74086071086,4489,1,received,5,,,74.086071086000004,140.8759451711563,16,,
74086071086,4490,1,active,,,,3,,,,
74086071086,4491,1,reported,,,,4,,,,
74086071086,4492,1,enqueue,5,,164,7,0,,,
74086071086,4493,1,sync,,,,0,,,,
74086071086,4494,1,receiver_state,,,,search,,,,
74086072444,4496,4,received,5,,,74.086072443999996,142.88390553075294,16,,
74086072444,4497,4,cancel_ack,5,8,,,,,1,0
74086072444,4498,4,cancel_ack,5,9,,,,,1,0
74086072444,4499,4,cancel_ack,5,10,,,,,1,0
74086072444,4500,4,active,,,,2,,,,
74086072444,4501,4,reported,,,,4,,,,
74086072444,4502,4,enqueue,5,,165,7,0,,,
74086072444,4503,4,active,,,,2,,,,
74086072444,4504,4,reported,,,,4,,,,
74086072444,4505,4,enqueue,5,,166,7,0,,,
74086072444,4506,4,sync,,,,0,,,,
74086072444,4507,4,receiver_state,,,,search,,,,
74086072444,4508,4,enqueue,5,,167,7,1,,,
74086072444,4509,4,enqueue,5,,168,7,1,,,
74086079163,4510,3,received,5,,,74.086079162999994,150.38302059636848,16,,
74086079163,4511,3,active,,,,3,,,,
74086079163,4512,3,reported,,,,4,,,,
74086079163,4513,3,enqueue,5,,169,7,0,,,
74086079163,4514,3,sync,,,,0,,,,
74086079163,4515,3,receiver_state,,,,search,,,,
74100000000,4517,2,receiver_state,,,,search,,,,
74100000000,4518,7,receiver_state,,,,search,,,,
74100000000,4519,8,receiver_state,,,,search,,,,
74108900000,4520,2,receiver_state,,,,idle,,,,
74108900000,4521,7,receiver_state,,,,idle,,,,
74108900000,4522,8,receiver_state,,,,idle,,,,
74152008077,4525,3,sync,,,,1,,,,
74152008077,4526,3,receiver_state,,,,search,,,,
74152011086,4527,5,sync,,,,1,,,,
74152011086,4528,5,receiver_state,,,,search,,,,
74152023527,4529,4,sync,,,,0,,,,
74152023527,4530,4,receiver_state,,,,search,,,,
74158638077,4531,3,receiver_state,,,,track,,,,
74158641086,4532,5,receiver_state,,,,track,,,,
74165268077,4533,3,sync,,,,0,,,,
74165271086,4534,5,sync,,,,0,,,,
74200960000,4535,1,sync,,,,0,,,,
74200960000,4536,1,receiver_state,,,,search,,,,
74200968077,4537,3,received,1,,,74.200968076999999,135.37565585291233,3,,
74200968077,4538,3,sync,,,,0,,,,
74200968077,4539,3,receiver_state,,,,search,,,,
74200971086,4540,5,received,1,,,74.200971085999996,140.8759451711563,3,,
74200971086,4541,5,cancel_ack,1,14,,,,,1,0
74200971086,4542,5,sync,,,,0,,,,
74200971086,4543,5,receiver_state,,,,search,,,,
74200983527,4544,4,sync,,,,0,,,,
74200983527,4545,4,receiver_state,,,,search,,,,
74243008077,4548,3,sync,,,,1,,,,
74243008077,4549,3,receiver_state,,,,search,,,,
74243011086,4550,5,sync,,,,1,,,,
74243011086,4551,5,receiver_state,,,,search,,,,
74243023527,4552,4,sync,,,,0,,,,
74243023527,4553,4,receiver_state,,,,search,,,,
74249638077,4554,3,receiver_state,,,,track,,,,
74249641086,4555,5,receiver_state,,,,track,,,,
74256268077,4556,3,sync,,,,0,,,,
74256271086,4557,5,sync,,,,0,,,,
74291960000,4558,1,sync,,,,0,,,,
74291960000,4559,1,receiver_state,,,,search,,,,
74291968077,4560,3,received,1,,,74.291968077000007,135.37565585291233,31,,
74291968077,4561,3,sync,,,,0,,,,
74291968077,4562,3,receiver_state,,,,search,,,,
74291971086,4563,5,received,1,,,74.291971086000004,140.8759451711563,31,,
74291971086,4564,5,cancel_ack,1,14,,,,,1,0
74291971086,4565,5,sync,,,,0,,,,
74291971086,4566,5,receiver_state,,,,search,,,,
74291983527,4567,4,sync,,,,0,,,,
74291983527,4568,4,receiver_state,,,,search,,,,
74373011086,4571,1,sync,,,,1,,,,
74373011086,4572,1,receiver_state,,,,search,,,,
74373012444,4573,4,sync,,,,1,,,,
74373012444,4574,4,receiver_state,,,,search,,,,
74373019163,4575,3,sync,,,,1,,,,
74373019163,4576,3,receiver_state,,,,search,,,,
74379641086,4577,1,receiver_state,,,,track,,,,
74379642444,4578,4,receiver_state,,,,track,,,,
74379649163,4579,3,receiver_state,,,,track,,,,
74386271086,4580,1,sync,,,,0,,,,
74386272444,4581,4,sync,,,,0,,,,
74386279163,4582,3,sync,,,,0,,,,
74472960000,4583,5,sync,,,,0,,,,
74472960000,4584,5,receiver_state,,,,search,,,,
74472971086,4585,1,received,5,,,74.472971086000001,140.8759451711563,27,,
74472971086,4586,1,sync,,,,0,,,,
74472971086,4587,1,receiver_state,,,,search,,,,
74472972444,4588,4,received,5,,,74.472972444000007,142.88390553075294,27,,
74472972444,4589,4,cancel_ack,5,8,,,,,1,0
74472972444,4590,4,cancel_ack,5,9,,,,,1,0
74472972444,4591,4,cancel_ack,5,10,,,,,1,0
74472972444,4592,4,sync,,,,0,,,,
74472972444,4593,4,receiver_state,,,,search,,,,
74472979163,4594,3,received,5,,,74.472979163000005,150.38302059636848,27,,
74472979163,4595,3,sync,,,,0,,,,
74472979163,4596,3,receiver_state,,,,search,,,,
74503012444,4599,5,sync,,,,1,,,,
74503012444,4600,5,receiver_state,,,,search,,,,
74503013632,4601,2,sync,,,,1,,,,
74503013632,4602,2,receiver_state,,,,idle,,,,
74503023527,4603,1,sync,,,,0,,,,
74503023527,4604,1,receiver_state,,,,search,,,,
74509642444,4605,5,receiver_state,,,,track,,,,
74516272444,4606,5,sync,,,,0,,,,
74516273632,4607,2,sync,,,,0,,,,
74646008077,4610,1,sync,,,,1,,,,
74646008077,4611,1,receiver_state,,,,search,,,,
74646019163,4612,5,sync,,,,0,,,,
74652638077,4613,1,receiver_state,,,,track,,,,
74659268077,4614,1,sync,,,,0,,,,
74694960000,4615,3,sync,,,,0,,,,
74694960000,4616,3,receiver_state,,,,search,,,,
74694968077,4617,1,received,3,,,74.694968076999999,135.37565585291233,18,,
74694968077,4618,1,sync,,,,0,,,,
74694968077,4619,1,receiver_state,,,,search,,,,
74694979163,4620,5,sync,,,,0,,,,
74751880000,4621,4,sync,,,,0,,,,
74751880000,4622,4,receiver_state,,,,search,,,,
74751892444,4623,5,received,4,,,74.751892444000006,142.88390553075294,8,,
74751892444,4624,5,cancel_ack,4,1,,,,,1,0
74751892444,4625,5,cancel_ack,4,3,,,,,1,0
74751892444,4626,5,cancel_ack,4,4,,,,,1,0
74751892444,4627,5,cancel_ack,4,5,,,,,1,0
74751892444,4628,5,active,,,,4,,,,
74751892444,4629,5,reported,,,,2,,,,
74751892444,4630,5,enqueue,4,,170,7,0,,,
74751892444,4631,5,active,,,,4,,,,
74751892444,4632,5,reported,,,,2,,,,
74751892444,4633,5,enqueue,4,,171,7,0,,,
74751892444,4634,5,sync,,,,0,,,,
74751892444,4635,5,receiver_state,,,,search,,,,
74751892444,4636,5,enqueue,4,,172,7,1,,,
74751893632,4637,2,sync,,,,0,,,,
74751893632,4638,2,receiver_state,,,,idle,,,,
74751903527,4639,1,sync,,,,0,,,,
74751903527,4640,1,receiver_state,,,,search,,,,
74828008077,4643,3,sync,,,,1,,,,
74828008077,4644,3,receiver_state,,,,search,,,,
74828011086,4645,5,sync,,,,1,,,,
74828011086,4646,5,receiver_state,,,,search,,,,
74828023527,4647,4,sync,,,,0,,,,
74828023527,4648,4,receiver_state,,,,search,,,,
74834638077,4649,3,receiver_state,,,,track,,,,
74834641086,4650,5,receiver_state,,,,track,,,,
74841268077,4651,3,sync,,,,0,,,,
74841271086,4652,5,sync,,,,0,,,,
74867012444,4655,5,sync,,,,1,,,,
74867013632,4656,2,sync,,,,1,,,,
74867013632,4657,2,receiver_state,,,,idle,,,,
74867023527,4658,1,sync,,,,0,,,,
74876960000,4659,1,sync,,,,0,,,,
74876960000,4660,1,receiver_state,,,,search,,,,
74876968077,4661,3,received,1,,,74.876968077000001,135.37565585291233,12,,
74876968077,4662,3,sync,,,,0,,,,
74876968077,4663,3,receiver_state,,,,search,,,,
74876971086,4664,5,received,1,,,74.876971085999998,140.8759451711563,12,,
74876971086,4665,5,cancel_ack,1,14,,,,,1,0
74876971086,4666,5,sync,,,,1,,,,
74876971086,4667,5,receiver_state,,,,search,,,,
74876983527,4668,4,sync,,,,0,,,,
74880272444,4669,5,sync,,,,0,,,,
74880273632,4670,2,sync,,,,0,,,,
74971008077,4673,1,sync,,,,1,,,,
74971008077,4674,1,receiver_state,,,,search,,,,
74971019163,4675,5,sync,,,,1,,,,
74971019163,4676,5,receiver_state,,,,search,,,,
74977638077,4677,1,receiver_state,,,,track,,,,
74977649163,4678,5,receiver_state,,,,track,,,,
74984268077,4679,1,sync,,,,0,,,,
74984279163,4680,5,sync,,,,0,,,,
74992460000,4681,4,sync,,,,0,,,,
74992460000,4682,4,receiver_state,,,,search,,,,
74992472444,4683,5,sync,,,,0,,,,
74992473632,4684,2,sync,,,,0,,,,
74992473632,4685,2,receiver_state,,,,idle,,,,
74992483527,4686,1,sync,,,,0,,,,
75019960000,4687,3,sync,,,,0,,,,
75019960000,4688,3,receiver_state,,,,search,,,,
75019968077,4689,1,received,3,,,75.019968077000001,135.37565585291233,20,,
75019968077,4690,1,sync,,,,0,,,,
75019968077,4691,1,receiver_state,,,,search,,,,
75019979163,4692,5,received,3,,,75.019979163000002,150.38302059636848,20,,
75019979163,4693,5,cancel_ack,3,10,,,,,1,0
75019979163,4694,5,sync,,,,0,,,,
75019979163,4695,5,receiver_state,,,,search,,,,
75075008077,4698,3,sync,,,,1,,,,
75075008077,4699,3,receiver_state,,,,search,,,,
75075011086,4700,5,sync,,,,1,,,,
75075011086,4701,5,receiver_state,,,,search,,,,
75075023527,4702,4,sync,,,,0,,,,
75075023527,4703,4,receiver_state,,,,search,,,,
75081638077,4704,3,receiver_state,,,,track,,,,
75081641086,4705,5,receiver_state,,,,track,,,,
75088000000,4706,2,receiver_state,,,,search,,,,
75088000000,4707,7,receiver_state,,,,search,,,,
75088000000,4708,8,receiver_state,,,,search,,,,
75088268077,4709,3,sync,,,,0,,,,
75088271086,4710,5,sync,,,,0,,,,
75096900000,4711,2,receiver_state,,,,idle,,,,
75096900000,4712,7,receiver_state,,,,idle,,,,
75096900000,4713,8,receiver_state,,,,idle,,,,
75123960000,4714,1,sync,,,,0,,,,
75123960000,4715,1,receiver_state,,,,search,,,,
75123968077,4716,3,received,1,,,75.123968077000001,135.37565585291233,21,,
75123968077,4717,3,sync,,,,0,,,,
75123968077,4718,3,receiver_state,,,,search,,,,
75123971086,4719,5,received,1,,,75.123971085999997,140.8759451711563,21,,
75123971086,4720,5,cancel_ack,1,14,,,,,1,0
75123971086,4721,5,sync,,,,0,,,,
75123971086,4722,5,receiver_state,,,,search,,,,
75123983527,4723,4,sync,,,,0,,,,
75123983527,4724,4,receiver_state,,,,search,,,,
75205011086,4727,1,sync,,,,1,,,,
75205011086,4728,1,receiver_state,,,,search,,,,
75205012444,4729,4,sync,,,,1,,,,
75205012444,4730,4,receiver_state,,,,search,,,,
75205019163,4731,3,sync,,,,1,,,,
75205019163,4732,3,receiver_state,,,,search,,,,
75211641086,4733,1,receiver_state,,,,track,,,,
75211642444,4734,4,receiver_state,,,,track,,,,
75211649163,4735,3,receiver_state,,,,track,,,,
75218271086,4736,1,sync,,,,0,,,,
75218272444,4737,4,sync,,,,0,,,,
75218279163,4738,3,sync,,,,0,,,,
75392680000,4739,5,sync,,,,0,,,,
75392680000,4740,5,receiver_state,,,,search,,,,
75392691086,4741,1,received,5,,,75.392691085999999,140.8759451711563,9,,
75392691086,4742,1,active,,,,3,,,,
75392691086,4743,1,reported,,,,4,,,,
75392691086,4744,1,enqueue,5,,173,7,0,,,
75392691086,4745,1,sync,,,,0,,,,
75392691086,4746,1,receiver_state,,,,search,,,,
75392691086,4747,1,enqueue,5,,174,7,1,,,
75392692444,4748,4,received,5,,,75.392692444000005,142.88390553075294,9,,
75392692444,4749,4,cancel_ack,5,8,,,,,1,0
75392692444,4750,4,cancel_ack,5,9,,,,,1,0
75392692444,4751,4,cancel_ack,5,10,,,,,1,0
75392692444,4752,4,cancel_ack,5,11,,,,,1,0
75392692444,4753,4,cancel_ack,5,12,,,,,1,0
75392692444,4754,4,active,,,,2,,,,
75392692444,4755,4,reported,,,,4,,,,
75392692444,4756,4,enqueue,5,,175,7,0,,,
75392692444,4757,4,sync,,,,0,,,,
75392692444,4758,4,receiver_state,,,,search,,,,
75392699163,4759,3,received,5,,,75.392699163000003,150.38302059636848,9,,
75392699163,4760,3,active,,,,3,,,,
75392699163,4761,3,reported,,,,4,,,,
75392699163,4762,3,enqueue,5,,176,7,0,,,
75392699163,4763,3,sync,,,,0,,,,
75392699163,4764,3,receiver_state,,,,search,,,,
75392699163,4765,3,enqueue,5,,177,7,1,,,
75400012444,4768,5,sync,,,,1,,,,
75400012444,4769,5,receiver_state,,,,search,,,,
75400013632,4770,2,sync,,,,1,,,,
75400013632,4771,2,receiver_state,,,,idle,,,,
75400023527,4772,1,sync,,,,0,,,,
75400023527,4773,1,receiver_state,,,,search,,,,
75406642444,4774,5,receiver_state,,,,track,,,,
75413272444,4775,5,sync,,,,0,,,,
75413273632,4776,2,sync,,,,0,,,,
75504008077,4779,1,sync,,,,1,,,,
75504008077,4780,1,receiver_state,,,,search,,,,
75504019163,4781,5,sync,,,,1,,,,
75510638077,4782,1,receiver_state,,,,track,,,,
75517268077,4783,1,sync,,,,0,,,,
75517279163,4784,5,sync,,,,0,,,,
75525460000,4785,4,sync,,,,0,,,,
75525460000,4786,4,receiver_state,,,,search,,,,
75525472444,4787,5,received,4,,,75.525472444000002,142.88390553075294,7,,
75525472444,4788,5,cancel_ack,4,3,,,,,1,0
75525472444,4789,5,cancel_ack,4,4,,,,,1,0
75525472444,4790,5,cancel_ack,4,5,,,,,1,0
75525472444,4791,5,cancel_ack,4,6,,,,,1,0
75525472444,4792,5,sync,,,,0,,,,
75525472444,4793,5,receiver_state,,,,search,,,,
75525473632,4794,2,sync,,,,0,,,,
75525473632,4795,2,receiver_state,,,,idle,,,,
75525483527,4796,1,sync,,,,0,,,,
75618240000,4797,3,sync,,,,0,,,,
75618240000,4798,3,receiver_state,,,,search,,,,
75618248077,4799,1,received,3,,,75.618248077000004,135.37565585291233,30,,
75618248077,4800,1,active,,,,3,,,,
75618248077,4801,1,reported,,,,3,,,,
75618248077,4802,1,enqueue,3,,178,7,0,,,
75618248077,4803,1,sync,,,,0,,,,
75618248077,4804,1,receiver_state,,,,search,,,,
75618259163,4805,5,sync,,,,0,,,,
75618259163,4806,5,receiver_state,,,,search,,,,
75621012444,4809,5,sync,,,,1,,,,
75621012444,4810,5,receiver_state,,,,search,,,,
75621013632,4811,2,sync,,,,1,,,,
75621013632,4812,2,receiver_state,,,,idle,,,,
75621023527,4813,1,sync,,,,0,,,,
75621023527,4814,1,receiver_state,,,,search,,,,
75627642444,4815,5,receiver_state,,,,track,,,,
75634272444,4816,5,sync,,,,0,,,,
75634273632,4817,2,sync,,,,0,,,,
75686008077,4820,3,sync,,,,1,,,,
75686008077,4821,3,receiver_state,,,,search,,,,
75686011086,4822,5,sync,,,,1,,,,
75686023527,4823,4,sync,,,,0,,,,
75692638077,4824,3,receiver_state,,,,track,,,,
75699268077,4825,3,sync,,,,0,,,,
75699271086,4826,5,sync,,,,0,,,,
75720960000,4827,4,sync,,,,0,,,,
75720960000,4828,4,receiver_state,,,,search,,,,
75720972444,4829,5,received,4,,,75.720972443999997,142.88390553075294,10,,
75720972444,4830,5,cancel_ack,4,4,,,,,1,0
75720972444,4831,5,cancel_ack,4,5,,,,,1,0
75720972444,4832,5,cancel_ack,4,6,,,,,1,0
75720972444,4833,5,sync,,,,0,,,,
75720972444,4834,5,receiver_state,,,,search,,,,
75720973632,4835,2,sync,,,,0,,,,
75720973632,4836,2,receiver_state,,,,idle,,,,
75720983527,4837,1,sync,,,,0,,,,
75725011086,4840,1,sync,,,,1,,,,
75725012444,4841,4,sync,,,,1,,,,
75725012444,4842,4,receiver_state,,,,search,,,,
75725019163,4843,3,sync,,,,1,,,,
75731642444,4844,4,receiver_state,,,,track,,,,
75738271086,4845,1,sync,,,,0,,,,
75738272444,4846,4,sync,,,,0,,,,
75738279163,4847,3,sync,,,,0,,,,
75825740000,4848,1,sync,,,,0,,,,
75825740000,4849,1,receiver_state,,,,search,,,,
75825748077,4850,3,received,1,,,75.825748077,135.37565585291233,25,,
75825748077,4851,3,cancel_ack,1,13,,,,,1,0
75825748077,4852,3,active,,,,3,,,,
75825748077,4853,3,reported,,,,3,,,,
75825748077,4854,3,enqueue,1,,179,7,0,,,
75825748077,4855,3,sync,,,,0,,,,
75825748077,4856,3,receiver_state,,,,search,,,,
75825751086,4857,5,sync,,,,0,,,,
75825763527,4858,4,sync,,,,0,,,,
75875960000,4859,5,sync,,,,0,,,,
75875960000,4860,5,receiver_state,,,,search,,,,
75875971086,4861,1,sync,,,,0,,,,
75875971086,4862,1,receiver_state,,,,search,,,,
75875972444,4863,4,received,5,,,75.875972443999999,142.88390553075294,22,,
75875972444,4864,4,cancel_ack,5,8,,,,,1,0
75875972444,4865,4,cancel_ack,5,9,,,,,1,0
75875972444,4866,4,cancel_ack,5,10,,,,,1,0
75875972444,4867,4,cancel_ack,5,11,,,,,1,0
75875972444,4868,4,cancel_ack,5,12,,,,,1,0
75875972444,4869,4,sync,,,,0,,,,
75875972444,4870,4,receiver_state,,,,search,,,,
75875979163,4871,3,sync,,,,0,,,,
75875979163,4872,3,receiver_state,,,,search,,,,
75998012444,4875,5,sync,,,,1,,,,
75998012444,4876,5,receiver_state,,,,search,,,,
75998013632,4877,2,sync,,,,1,,,,
75998013632,4878,2,receiver_state,,,,idle,,,,
75998023527,4879,1,sync,,,,0,,,,
75998023527,4880,1,receiver_state,,,,search,,,,
76004642444,4881,5,receiver_state,,,,track,,,,
76011272444,4882,5,sync,,,,0,,,,
76011273632,4883,2,sync,,,,0,,,,
76076000000,4884,2,receiver_state,,,,search,,,,
76076000000,4885,7,receiver_state,,,,search,,,,
76076000000,4886,8,receiver_state,,,,search,,,,
76084900000,4887,2,receiver_state,,,,idle,,,,
76084900000,4888,7,receiver_state,,,,idle,,,,
76084900000,4889,8,receiver_state,,,,idle,,,,
76097960000,4890,4,sync,,,,0,,,,
76097960000,4891,4,receiver_state,,,,search,,,,
76097972444,4892,5,received,4,,,76.097972444000007,142.88390553075294,19,,
76097972444,4893,5,cancel_ack,4,4,,,,,1,0
76097972444,4894,5,cancel_ack,4,5,,,,,1,0
76097972444,4895,5,cancel_ack,4,6,,,,,1,0
76097972444,4896,5,sync,,,,0,,,,
76097972444,4897,5,receiver_state,,,,search,,,,
76097973632,4898,2,sync,,,,0,,,,
76097973632,4899,2,receiver_state,,,,idle,,,,
76097983527,4900,1,sync,,,,0,,,,
76097983527,4901,1,receiver_state,,,,search,,,,
76141008077,4904,1,sync,,,,1,,,,
76141008077,4905,1,receiver_state,,,,search,,,,
76141019163,4906,5,sync,,,,1,,,,
76141019163,4907,5,receiver_state,,,,search,,,,
76147638077,4908,1,receiver_state,,,,track,,,,
76147649163,4909,5,receiver_state,,,,track,,,,
76154268077,4910,1,sync,,,,0,,,,
76154279163,4911,5,sync,,,,0,,,,
76240960000,4912,3,sync,,,,0,,,,
76240960000,4913,3,receiver_state,,,,search,,,,
76240968077,4914,1,received,3,,,76.240968077000005,135.37565585291233,22,,
76240968077,4915,1,cancel_ack,3,13,,,,,1,0
76240968077,4916,1,sync,,,,0,,,,
76240968077,4917,1,receiver_state,,,,search,,,,
76240979163,4918,5,received,3,,,76.240979163000006,150.38302059636848,22,,
76240979163,4919,5,cancel_ack,3,10,,,,,1,0
76240979163,4920,5,cancel_ack,3,11,,,,,1,0
76240979163,4921,5,sync,,,,0,,,,
76240979163,4922,5,receiver_state,,,,search,,,,
76245008077,4925,3,sync,,,,1,,,,
76245008077,4926,3,receiver_state,,,,search,,,,
76245011086,4927,5,sync,,,,1,,,,
76245011086,4928,5,receiver_state,,,,search,,,,
76245023527,4929,4,sync,,,,0,,,,
76245023527,4930,4,receiver_state,,,,search,,,,
76251638077,4931,3,receiver_state,,,,track,,,,
76251641086,4932,5,receiver_state,,,,track,,,,
76258268077,4933,3,sync,,,,0,,,,
76258271086,4934,5,sync,,,,0,,,,
76319460000,4935,1,sync,,,,0,,,,
76319460000,4936,1,receiver_state,,,,search,,,,
76319468077,4937,3,received,1,,,76.319468076999996,135.37565585291233,29,,
76319468077,4938,3,cancel_ack,1,13,,,,,1,0
76319468077,4939,3,sync,,,,0,,,,
76319468077,4940,3,receiver_state,,,,search,,,,
76319471086,4941,5,received,1,,,76.319471085999993,140.8759451711563,29,,
76319471086,4942,5,cancel_ack,1,15,,,,,1,0
76319471086,4943,5,sync,,,,0,,,,
76319471086,4944,5,receiver_state,,,,search,,,,
76319483527,4945,4,sync,,,,0,,,,
76319483527,4946,4,receiver_state,,,,search,,,,
76349012444,4949,5,sync,,,,1,,,,
76349012444,4950,5,receiver_state,,,,search,,,,
76349013632,4951,2,sync,,,,1,,,,
76349013632,4952,2,receiver_state,,,,idle,,,,
76349023527,4953,1,sync,,,,0,,,,
76349023527,4954,1,receiver_state,,,,search,,,,
76355642444,4955,5,receiver_state,,,,track,,,,
76362272444,4956,5,sync,,,,0,,,,
76362273632,4957,2,sync,,,,0,,,,
76397960000,4958,4,sync,,,,0,,,,
76397960000,4959,4,receiver_state,,,,search,,,,
76397972444,4960,5,received,4,,,76.397972444000004,142.88390553075294,10,,
76397972444,4961,5,cancel_ack,4,6,,,,,1,0
76397972444,4962,5,sync,,,,0,,,,
76397972444,4963,5,receiver_state,,,,search,,,,
76397973632,4964,2,sync,,,,0,,,,
76397973632,4965,2,receiver_state,,,,idle,,,,
76397983527,4966,1,sync,,,,0,,,,
76397983527,4967,1,receiver_state,,,,search,,,,
76453011086,4970,1,sync,,,,1,,,,
76453011086,4971,1,receiver_state,,,,search,,,,
76453012444,4972,4,sync,,,,1,,,,
76453012444,4973,4,receiver_state,,,,search,,,,
76453019163,4974,3,sync,,,,1,,,,
76453019163,4975,3,receiver_state,,,,search,,,,
76459641086,4976,1,receiver_state,,,,track,,,,
76459642444,4977,4,receiver_state,,,,track,,,,
76459649163,4978,3,receiver_state,,,,track,,,,
76466271086,4979,1,sync,,,,0,,,,
76466272444,4980,4,sync,,,,0,,,,
76466279163,4981,3,sync,,,,0,,,,
76578460000,4982,5,sync,,,,0,,,,
76578460000,4983,5,receiver_state,,,,search,,,,
76578471086,4984,1,received,5,,,76.578471085999993,140.8759451711563,20,,
76578471086,4985,1,sync,,,,0,,,,
76578471086,4986,1,receiver_state,,,,search,,,,
76578472444,4987,4,received,5,,,76.578472443999999,142.88390553075294,20,,
76578472444,4988,4,cancel_ack,5,9,,,,,1,0
76578472444,4989,4,cancel_ack,5,10,,,,,1,0
76578472444,4990,4,cancel_ack,5,11,,,,,1,0
76578472444,4991,4,cancel_ack,5,12,,,,,1,0
76578472444,4992,4,sync,,,,0,,,,
76578472444,4993,4,receiver_state,,,,search,,,,
76578479163,4994,3,received,5,,,76.578479162999997,150.38302059636848,20,,
76578479163,4995,3,sync,,,,0,,,,
76578479163,4996,3,receiver_state,,,,search,,,,
76648012444,4999,5,sync,,,,1,,,,
76648012444,5000,5,receiver_state,,,,search,,,,
76648013632,5001,2,sync,,,,1,,,,
76648013632,5002,2,receiver_state,,,,idle,,,,
76648023527,5003,1,sync,,,,0,,,,
76648023527,5004,1,receiver_state,,,,search,,,,
76654642444,5005,5,receiver_state,,,,track,,,,
76661272444,5006,5,sync,,,,0,,,,
76661273632,5007,2,sync,,,,0,,,,
76696960000,5008,4,sync,,,,0,,,,
76696960000,5009,4,receiver_state,,,,search,,,,
76696972444,5010,5,received,4,,,76.696972443999996,142.88390553075294,1,,
76696972444,5011,5,cancel_ack,4,6,,,,,1,0
76696972444,5012,5,sync,,,,0,,,,
76696972444,5013,5,receiver_state,,,,search,,,,
76696973632,5014,2,sync,,,,0,,,,
76696973632,5015,2,receiver_state,,,,idle,,,,
76696983527,5016,1,sync,,,,0,,,,
76696983527,5017,1,receiver_state,,,,search,,,,
76713008077,5020,1,sync,,,,1,,,,
76713008077,5021,1,receiver_state,,,,search,,,,
76713019163,5022,5,sync,,,,1,,,,
76713019163,5023,5,receiver_state,,,,search,,,,
76719638077,5024,1,receiver_state,,,,track,,,,
76719649163,5025,5,receiver_state,,,,track,,,,
76726268077,5026,1,sync,,,,0,,,,
76726279163,5027,5,sync,,,,0,,,,
76812960000,5028,3,sync,,,,0,,,,
76812960000,5029,3,receiver_state,,,,search,,,,
76812968077,5030,1,received,3,,,76.812968076999994,135.37565585291233,25,,
76812968077,5031,1,cancel_ack,3,13,,,,,1,0
76812968077,5032,1,sync,,,,0,,,,
76812968077,5033,1,receiver_state,,,,search,,,,
76812979163,5034,5,received,3,,,76.812979162999994,150.38302059636848,25,,
76812979163,5035,5,cancel_ack,3,10,,,,,1,0
76812979163,5036,5,cancel_ack,3,11,,,,,1,0
76812979163,5037,5,sync,,,,0,,,,
76812979163,5038,5,receiver_state,,,,search,,,,
76908008077,5041,3,sync,,,,1,,,,
76908008077,5042,3,receiver_state,,,,search,,,,
76908011086,5043,5,sync,,,,1,,,,
76908011086,5044,5,receiver_state,,,,search,,,,
76908023527,5045,4,sync,,,,0,,,,
76908023527,5046,4,receiver_state,,,,search,,,,
76914638077,5047,3,receiver_state,,,,track,,,,
76914641086,5048,5,receiver_state,,,,track,,,,
76921268077,5049,3,sync,,,,0,,,,
76921271086,5050,5,sync,,,,0,,,,
76982460000,5051,1,sync,,,,0,,,,
76982460000,5052,1,receiver_state,,,,search,,,,
76982468077,5053,3,received,1,,,76.982468076999993,135.37565585291233,22,,
76982468077,5054,3,cancel_ack,1,13,,,,,1,0
76982468077,5055,3,sync,,,,0,,,,
76982468077,5056,3,receiver_state,,,,search,,,,
76982471086,5057,5,received,1,,,76.982471086000004,140.8759451711563,22,,
76982471086,5058,5,cancel_ack,1,15,,,,,1,0
76982471086,5059,5,sync,,,,0,,,,
76982471086,5060,5,receiver_state,,,,search,,,,
76982483527,5061,4,sync,,,,0,,,,
76982483527,5062,4,receiver_state,,,,search,,,,
77038011086,5065,1,sync,,,,1,,,,
77038011086,5066,1,receiver_state,,,,search,,,,
77038012444,5067,4,sync,,,,1,,,,
77038012444,5068,4,receiver_state,,,,search,,,,
77038019163,5069,3,sync,,,,0,,,,
77038019163,5070,3,receiver_state,,,,search,,,,
77044641086,5071,1,receiver_state,,,,track,,,,
77044642444,5072,4,receiver_state,,,,track,,,,
77051271086,5073,1,sync,,,,0,,,,
77051272444,5074,4,sync,,,,0,,,,
77064000000,5075,2,receiver_state,,,,search,,,,
77064000000,5076,7,receiver_state,,,,search,,,,
77064000000,5077,8,receiver_state,,,,search,,,,
77072900000,5078,2,receiver_state,,,,idle,,,,
77072900000,5079,7,receiver_state,,,,idle,,,,
77072900000,5080,8,receiver_state,,,,idle,,,,
77112460000,5081,5,sync,,,,0,,,,
77112460000,5082,5,receiver_state,,,,search,,,,
77112471086,5083,1,received,5,,,77.112471085999999,140.8759451711563,28,,
77112471086,5084,1,sync,,,,0,,,,
77112471086,5085,1,receiver_state,,,,search,,,,
77112472444,5086,4,received,5,,,77.112472444000005,142.88390553075294,28,,
77112472444,5087,4,cancel_ack,5,11,,,,,1,0
77112472444,5088,4,cancel_ack,5,12,,,,,1,0
77112472444,5089,4,sync,,,,0,,,,
77112472444,5090,4,receiver_state,,,,search,,,,
77112479163,5091,3,sync,,,,0,,,,
77112479163,5092,3,receiver_state,,,,search,,,,
77207008077,5095,1,sync,,,,1,,,,
77207008077,5096,1,receiver_state,,,,search,,,,
77207019163,5097,5,sync,,,,1,,,,
77207019163,5098,5,receiver_state,,,,search,,,,
77213638077,5099,1,receiver_state,,,,track,,,,
77213649163,5100,5,receiver_state,,,,track,,,,
77220268077,5101,1,sync,,,,0,,,,
77220279163,5102,5,sync,,,,0,,,,
77281460000,5103,3,sync,,,,0,,,,
77281460000,5104,3,receiver_state,,,,search,,,,
77281468077,5105,1,received,3,,,77.281468077,135.37565585291233,19,,
77281468077,5106,1,cancel_ack,3,13,,,,,1,0
77281468077,5107,1,sync,,,,0,,,,
77281468077,5108,1,receiver_state,,,,search,,,,
77281479163,5109,5,received,3,,,77.281479163,150.38302059636848,19,,
77281479163,5110,5,cancel_ack,3,11,,,,,1,0
77281479163,5111,5,sync,,,,0,,,,
77281479163,5112,5,receiver_state,,,,search,,,,
77402008077,5115,3,sync,,,,1,,,,
77402008077,5116,3,receiver_state,,,,search,,,,
77402011086,5117,5,sync,,,,1,,,,
77402011086,5118,5,receiver_state,,,,search,,,,
77402023527,5119,4,sync,,,,0,,,,
77402023527,5120,4,receiver_state,,,,search,,,,
77408638077,5121,3,receiver_state,,,,track,,,,
77408641086,5122,5,receiver_state,,,,track,,,,
77415268077,5123,3,sync,,,,0,,,,
77415271086,5124,5,sync,,,,0,,,,
77476460000,5125,1,sync,,,,0,,,,
77476460000,5126,1,receiver_state,,,,search,,,,
77476468077,5127,3,received,1,,,77.476468077000007,135.37565585291233,2,,
77476468077,5128,3,cancel_ack,1,13,,,,,1,0
77476468077,5129,3,sync,,,,0,,,,
77476468077,5130,3,receiver_state,,,,search,,,,
77476471086,5131,5,received,1,,,77.476471086000004,140.8759451711563,2,,
77476471086,5132,5,cancel_ack,1,15,,,,,1,0
77476471086,5133,5,sync,,,,0,,,,
77476471086,5134,5,receiver_state,,,,search,,,,
77476483527,5135,4,sync,,,,0,,,,
77476483527,5136,4,receiver_state,,,,search,,,,
77504000028,5137,3,enqueue,5,,180,7,1,,,
77506008077,5140,3,sync,,,,1,,,,
77506008077,5141,3,receiver_state,,,,search,,,,
77506011086,5142,5,sync,,,,1,,,,
77506011086,5143,5,receiver_state,,,,search,,,,
77506023527,5144,4,sync,,,,0,,,,
77506023527,5145,4,receiver_state,,,,search,,,,
77512638077,5146,3,receiver_state,,,,track,,,,
77512641086,5147,5,receiver_state,,,,track,,,,
77519268077,5148,3,sync,,,,0,,,,
77519271086,5149,5,sync,,,,0,,,,
77580460000,5150,1,sync,,,,0,,,,
77580460000,5151,1,receiver_state,,,,search,,,,
77580468077,5152,3,received,1,,,77.580468077000006,135.37565585291233,19,,
77580468077,5153,3,cancel_ack,1,13,,,,,1,0
77580468077,5154,3,sync,,,,0,,,,
77580468077,5155,3,receiver_state,,,,search,,,,
77580471086,5156,5,received,1,,,77.580471086000003,140.8759451711563,19,,
77580471086,5157,5,cancel_ack,1,15,,,,,1,0
77580471086,5158,5,sync,,,,0,,,,
77580471086,5159,5,receiver_state,,,,search,,,,
77580483527,5160,4,sync,,,,0,,,,
77580483527,5161,4,receiver_state,,,,search,,,,
77662008077,5164,1,sync,,,,1,,,,
77662008077,5165,1,receiver_state,,,,search,,,,
77662019163,5166,5,sync,,,,0,,,,
77662019163,5167,5,receiver_state,,,,search,,,,
77668638077,5168,1,receiver_state,,,,track,,,,
77675011086,5171,1,sync,,,,1,,,,
77675012444,5172,4,sync,,,,1,,,,
77675012444,5173,4,receiver_state,,,,search,,,,
77675019163,5174,3,sync,,,,1,,,,
77675268077,5175,1,sync,,,,1,,,,
77681642444,5176,4,receiver_state,,,,track,,,,
77686000028,5177,1,enqueue,5,,181,7,1,,,
77688271086,5178,1,sync,,,,0,,,,
77688272444,5179,4,sync,,,,0,,,,
77688279163,5180,3,sync,,,,0,,,,
77749460000,5181,5,sync,,,,0,,,,
77749460000,5182,5,receiver_state,,,,search,,,,
77749471086,5183,1,sync,,,,0,,,,
77749472444,5184,4,received,5,,,77.749472444000006,142.88390553075294,21,,
77749472444,5185,4,cancel_ack,5,11,,,,,1,0
77749472444,5186,4,cancel_ack,5,12,,,,,1,0
77749472444,5187,4,sync,,,,0,,,,
77749472444,5188,4,receiver_state,,,,search,,,,
77749479163,5189,3,sync,,,,0,,,,
77776240000,5190,3,sync,,,,0,,,,
77776240000,5191,3,receiver_state,,,,search,,,,
77776248077,5192,1,received,3,,,77.776248077000005,135.37565585291233,28,,
77776248077,5193,1,cancel_ack,3,13,,,,,1,0
77776248077,5194,1,enqueue,3,,182,7,0,,,
77776248077,5195,1,sync,,,,0,,,,
77776248077,5196,1,receiver_state,,,,search,,,,
77776259163,5197,5,sync,,,,0,,,,
77776259163,5198,5,receiver_state,,,,search,,,,
77935008077,5201,3,sync,,,,1,,,,
77935008077,5202,3,receiver_state,,,,search,,,,
77935011086,5203,5,sync,,,,1,,,,
77935011086,5204,5,receiver_state,,,,search,,,,
77935023527,5205,4,sync,,,,0,,,,
77935023527,5206,4,receiver_state,,,,search,,,,
77941638077,5207,3,receiver_state,,,,track,,,,
77941641086,5208,5,receiver_state,,,,track,,,,
77948268077,5209,3,sync,,,,0,,,,
77948271086,5210,5,sync,,,,0,,,,
78023740000,5211,1,sync,,,,0,,,,
78023740000,5212,1,receiver_state,,,,search,,,,
78023748077,5213,3,received,1,,,78.023748076999993,135.37565585291233,28,,
78023748077,5214,3,cancel_ack,1,13,,,,,1,0
78023748077,5215,3,enqueue,1,,183,7,0,,,
78023748077,5216,3,sync,,,,0,,,,
78023748077,5217,3,receiver_state,,,,search,,,,
78023751086,5218,5,received,1,,,78.023751086000004,140.8759451711563,28,,
78023751086,5219,5,active,,,,4,,,,
78023751086,5220,5,reported,,,,3,,,,
78023751086,5221,5,enqueue,1,,184,7,0,,,
78023751086,5222,5,sync,,,,0,,,,
78023751086,5223,5,receiver_state,,,,search,,,,
78023763527,5224,4,sync,,,,0,,,,
78023763527,5225,4,receiver_state,,,,search,,,,
78052000000,5226,2,receiver_state,,,,search,,,,
78052000000,5227,7,receiver_state,,,,search,,,,
78052000000,5228,8,receiver_state,,,,search,,,,
78060900000,5229,2,receiver_state,,,,idle,,,,
78060900000,5230,7,receiver_state,,,,idle,,,,
78060900000,5231,8,receiver_state,,,,idle,,,,
78104011086,5234,1,sync,,,,1,,,,
78104011086,5235,1,receiver_state,,,,search,,,,
78104012444,5236,4,sync,,,,1,,,,
78104012444,5237,4,receiver_state,,,,search,,,,
78104019163,5238,3,sync,,,,1,,,,
78104019163,5239,3,receiver_state,,,,search,,,,
78110641086,5240,1,receiver_state,,,,track,,,,
78110642444,5241,4,receiver_state,,,,track,,,,
78110649163,5242,3,receiver_state,,,,track,,,,
78117271086,5243,1,sync,,,,0,,,,
78117272444,5244,4,sync,,,,0,,,,
78117279163,5245,3,sync,,,,0,,,,
78152960000,5246,5,sync,,,,0,,,,
78152960000,5247,5,receiver_state,,,,search,,,,
78152971086,5248,1,received,5,,,78.152971085999994,140.8759451711563,11,,
78152971086,5249,1,cancel_ack,5,11,,,,,1,0
78152971086,5250,1,sync,,,,0,,,,
78152971086,5251,1,receiver_state,,,,search,,,,
78152972444,5252,4,received,5,,,78.152972444,142.88390553075294,11,,
78152972444,5253,4,sync,,,,0,,,,
78152972444,5254,4,receiver_state,,,,search,,,,
78152979163,5255,3,received,5,,,78.152979162999998,150.38302059636848,11,,
78152979163,5256,3,sync,,,,0,,,,
78152979163,5257,3,receiver_state,,,,search,,,,
78260008077,5260,1,sync,,,,1,,,,
78260008077,5261,1,receiver_state,,,,search,,,,
78260019163,5262,5,sync,,,,0,,,,
78260019163,5263,5,receiver_state,,,,search,,,,
78266638077,5264,1,receiver_state,,,,track,,,,
78273268077,5265,1,sync,,,,0,,,,
78299011086,5268,1,sync,,,,1,,,,
78299012444,5269,4,sync,,,,1,,,,
78299012444,5270,4,receiver_state,,,,search,,,,
78299019163,5271,3,sync,,,,1,,,,
78305642444,5272,4,receiver_state,,,,track,,,,
78308960000,5273,3,sync,,,,1,,,,
78308960000,5274,3,receiver_state,,,,search,,,,
78308968077,5275,1,received,3,,,78.308968077000003,135.37565585291233,31,,
78308968077,5276,1,cancel_ack,3,13,,,,,1,0
78308968077,5277,1,sync,,,,1,,,,
78308968077,5278,1,receiver_state,,,,search,,,,
78308979163,5279,5,sync,,,,0,,,,
78312271086,5280,1,sync,,,,0,,,,
78312272444,5281,4,sync,,,,0,,,,
78312279163,5282,3,sync,,,,0,,,,
78347960000,5283,5,sync,,,,0,,,,
78347960000,5284,5,receiver_state,,,,search,,,,
78347971086,5285,1,sync,,,,0,,,,
78347971086,5286,1,receiver_state,,,,search,,,,
78347972444,5287,4,received,5,,,78.347972444000007,142.88390553075294,3,,
78347972444,5288,4,sync,,,,0,,,,
78347972444,5289,4,receiver_state,,,,search,,,,
78347979163,5290,3,sync,,,,0,,,,
78347979163,5291,3,receiver_state,,,,search,,,,
78390011086,5294,1,sync,,,,1,,,,
78390011086,5295,1,receiver_state,,,,search,,,,
78390012444,5296,4,sync,,,,1,,,,
78390012444,5297,4,receiver_state,,,,search,,,,
78390019163,5298,3,sync,,,,1,,,,
78390019163,5299,3,receiver_state,,,,search,,,,
78396641086,5300,1,receiver_state,,,,track,,,,
78396642444,5301,4,receiver_state,,,,track,,,,
78396649163,5302,3,receiver_state,,,,track,,,,
78403271086,5303,1,sync,,,,0,,,,
78403272444,5304,4,sync,,,,0,,,,
78403279163,5305,3,sync,,,,0,,,,
78438960000,5306,5,sync,,,,0,,,,
78438960000,5307,5,receiver_state,,,,search,,,,
78438971086,5308,1,received,5,,,78.438971085999995,140.8759451711563,19,,
78438971086,5309,1,cancel_ack,5,11,,,,,1,0
78438971086,5310,1,sync,,,,0,,,,
78438971086,5311,1,receiver_state,,,,search,,,,
78438972444,5312,4,received,5,,,78.438972444000001,142.88390553075294,19,,
78438972444,5313,4,sync,,,,0,,,,
78438972444,5314,4,receiver_state,,,,search,,,,
78438979163,5315,3,received,5,,,78.438979162999999,150.38302059636848,19,,
78438979163,5316,3,sync,,,,0,,,,
78438979163,5317,3,receiver_state,,,,search,,,,
78520008077,5320,3,sync,,,,1,,,,
78520008077,5321,3,receiver_state,,,,search,,,,
78520011086,5322,5,sync,,,,1,,,,
78520011086,5323,5,receiver_state,,,,search,,,,
78520023527,5324,4,sync,,,,0,,,,
78520023527,5325,4,receiver_state,,,,search,,,,
78526638077,5326,3,receiver_state,,,,track,,,,
78526641086,5327,5,receiver_state,,,,track,,,,
78533268077,5328,3,sync,,,,0,,,,
78533271086,5329,5,sync,,,,0,,,,
78568960000,5330,1,sync,,,,0,,,,
78568960000,5331,1,receiver_state,,,,search,,,,
78568968077,5332,3,received,1,,,78.568968076999994,135.37565585291233,25,,
78568968077,5333,3,cancel_ack,1,13,,,,,1,0
78568968077,5334,3,sync,,,,0,,,,
78568968077,5335,3,receiver_state,,,,search,,,,
78568971086,5336,5,received,1,,,78.568971086000005,140.8759451711563,25,,
78568971086,5337,5,sync,,,,0,,,,
78568971086,5338,5,receiver_state,,,,search,,,,
78568983527,5339,4,sync,,,,0,,,,
78568983527,5340,4,receiver_state,,,,search,,,,
78728011086,5343,1,sync,,,,1,,,,
78728011086,5344,1,receiver_state,,,,search,,,,
78728012444,5345,4,sync,,,,1,,,,
78728012444,5346,4,receiver_state,,,,search,,,,
78728019163,5347,3,sync,,,,1,,,,
78728019163,5348,3,receiver_state,,,,search,,,,
78734641086,5349,1,receiver_state,,,,track,,,,
78734642444,5350,4,receiver_state,,,,track,,,,
78734649163,5351,3,receiver_state,,,,track,,,,
78741271086,5352,1,sync,,,,0,,,,
78741272444,5353,4,sync,,,,0,,,,
78741279163,5354,3,sync,,,,0,,,,
78776960000,5355,5,sync,,,,0,,,,
78776960000,5356,5,receiver_state,,,,search,,,,
78776971086,5357,1,received,5,,,78.776971086000003,140.8759451711563,29,,
78776971086,5358,1,cancel_ack,5,11,,,,,1,0
78776971086,5359,1,sync,,,,0,,,,
78776971086,5360,1,receiver_state,,,,search,,,,
78776972444,5361,4,received,5,,,78.776972443999995,142.88390553075294,29,,
78776972444,5362,4,sync,,,,0,,,,
78776972444,5363,4,receiver_state,,,,search,,,,
78776979163,5364,3,received,5,,,78.776979162999993,150.38302059636848,29,,
78776979163,5365,3,sync,,,,0,,,,
78776979163,5366,3,receiver_state,,,,search,,,,
78936008077,5369,3,sync,,,,1,,,,
78936008077,5370,3,receiver_state,,,,search,,,,
78936011086,5371,5,sync,,,,1,,,,
78936011086,5372,5,receiver_state,,,,search,,,,
78936023527,5373,4,sync,,,,0,,,,
78936023527,5374,4,receiver_state,,,,search,,,,
78942638077,5375,3,receiver_state,,,,track,,,,
78942641086,5376,5,receiver_state,,,,track,,,,
78949268077,5377,3,sync,,,,0,,,,
78949271086,5378,5,sync,,,,0,,,,
78984960000,5379,1,sync,,,,0,,,,
78984960000,5380,1,receiver_state,,,,search,,,,
78984968077,5381,3,received,1,,,78.984968077000005,135.37565585291233,20,,
78984968077,5382,3,cancel_ack,1,13,,,,,1,0
78984968077,5383,3,sync,,,,0,,,,
78984968077,5384,3,receiver_state,,,,search,,,,
78984971086,5385,5,received,1,,,78.984971086000002,140.8759451711563,20,,
78984971086,5386,5,sync,,,,0,,,,
78984971086,5387,5,receiver_state,,,,search,,,,
78984983527,5388,4,sync,,,,0,,,,
78984983527,5389,4,receiver_state,,,,search,,,,
79040000000,5390,2,receiver_state,,,,search,,,,
79040000000,5391,7,receiver_state,,,,search,,,,
79040000000,5392,8,receiver_state,,,,search,,,,
79048900000,5393,2,receiver_state,,,,idle,,,,
79048900000,5394,7,receiver_state,,,,idle,,,,
79048900000,5395,8,receiver_state,,,,idle,,,,
79196011086,5398,1,sync,,,,1,,,,
79196011086,5399,1,receiver_state,,,,search,,,,
79196012444,5400,4,sync,,,,1,,,,
79196012444,5401,4,receiver_state,,,,search,,,,
79196019163,5402,3,sync,,,,1,,,,
79196019163,5403,3,receiver_state,,,,search,,,,
79202641086,5404,1,receiver_state,,,,track,,,,
79202642444,5405,4,receiver_state,,,,track,,,,
79202649163,5406,3,receiver_state,,,,track,,,,
79209271086,5407,1,sync,,,,0,,,,
79209272444,5408,4,sync,,,,0,,,,
79209279163,5409,3,sync,,,,0,,,,
79244960000,5410,5,sync,,,,0,,,,
79244960000,5411,5,receiver_state,,,,search,,,,
79244971086,5412,1,received,5,,,79.244971086000007,140.8759451711563,4,,
79244971086,5413,1,cancel_ack,5,11,,,,,1,0
79244971086,5414,1,sync,,,,0,,,,
79244971086,5415,1,receiver_state,,,,search,,,,
79244972444,5416,4,received,5,,,79.244972443999998,142.88390553075294,4,,
79244972444,5417,4,sync,,,,0,,,,
79244972444,5418,4,receiver_state,,,,search,,,,
79244979163,5419,3,received,5,,,79.244979162999996,150.38302059636848,4,,
79244979163,5420,3,sync,,,,0,,,,
79244979163,5421,3,receiver_state,,,,search,,,,
79287008077,5424,3,sync,,,,1,,,,
79287008077,5425,3,receiver_state,,,,search,,,,
79287011086,5426,5,sync,,,,1,,,,
79287011086,5427,5,receiver_state,,,,search,,,,
79287023527,5428,4,sync,,,,0,,,,
79287023527,5429,4,receiver_state,,,,search,,,,
79293638077,5430,3,receiver_state,,,,track,,,,
79293641086,5431,5,receiver_state,,,,track,,,,
79300268077,5432,3,sync,,,,0,,,,
79300271086,5433,5,sync,,,,0,,,,
79335960000,5434,1,sync,,,,0,,,,
79335960000,5435,1,receiver_state,,,,search,,,,
79335968077,5436,3,received,1,,,79.335968077000004,135.37565585291233,5,,
79335968077,5437,3,cancel_ack,1,13,,,,,1,0
79335968077,5438,3,sync,,,,0,,,,
79335968077,5439,3,receiver_state,,,,search,,,,
79335971086,5440,5,received,1,,,79.335971086000001,140.8759451711563,5,,
79335971086,5441,5,sync,,,,0,,,,
79335971086,5442,5,receiver_state,,,,search,,,,
79335983527,5443,4,sync,,,,0,,,,
79335983527,5444,4,receiver_state,,,,search,,,,
79404008077,5447,3,sync,,,,1,,,,
79404008077,5448,3,receiver_state,,,,search,,,,
79404011086,5449,5,sync,,,,1,,,,
79404011086,5450,5,receiver_state,,,,search,,,,
79404023527,5451,4,sync,,,,0,,,,
79404023527,5452,4,receiver_state,,,,search,,,,
79410638077,5453,3,receiver_state,,,,track,,,,
79410641086,5454,5,receiver_state,,,,track,,,,
79417268077,5455,3,sync,,,,0,,,,
79417271086,5456,5,sync,,,,0,,,,
79452960000,5457,1,sync,,,,0,,,,
79452960000,5458,1,receiver_state,,,,search,,,,
79452968077,5459,3,received,1,,,79.452968076999994,135.37565585291233,29,,
79452968077,5460,3,cancel_ack,1,13,,,,,1,0
79452968077,5461,3,sync,,,,0,,,,
79452968077,5462,3,receiver_state,,,,search,,,,
79452971086,5463,5,received,1,,,79.452971086000005,140.8759451711563,29,,
79452971086,5464,5,sync,,,,0,,,,
79452971086,5465,5,receiver_state,,,,search,,,,
79452983527,5466,4,sync,,,,0,,,,
79452983527,5467,4,receiver_state,,,,search,,,,
79662000028,5468,3,enqueue,5,,185,7,1,,,
79859008077,5472,1,sync,,,,1,,,,
79859008077,5473,1,receiver_state,,,,search,,,,
79859019163,5474,5,sync,,,,1,,,,
79859019163,5475,5,receiver_state,,,,search,,,,
79865638077,5476,1,receiver_state,,,,track,,,,
79865649163,5477,5,receiver_state,,,,track,,,,
79872268077,5478,1,sync,,,,0,,,,
79872279163,5479,5,sync,,,,0,,,,
79922240000,5480,3,sync,,,,0,,,,
79922240000,5481,3,receiver_state,,,,search,,,,
79922248077,5482,1,received,3,,,79.922248077000006,135.37565585291233,21,,
79922248077,5483,1,enqueue,3,,186,7,0,,,
79922248077,5484,1,sync,,,,0,,,,
79922248077,5485,1,receiver_state,,,,search,,,,
79922259163,5487,5,received,3,,,79.922259163000007,150.38302059636848,21,,
79922259163,5488,5,active,,,,4,,,,
79922259163,5489,5,reported,,,,3,,,,
79922259163,5490,5,enqueue,3,,187,7,0,,,
79922259163,5491,5,sync,,,,0,,,,
79922259163,5492,5,receiver_state,,,,search,,,,
80028000000,5494,2,receiver_state,,,,search,,,,
80028000000,5495,7,receiver_state,,,,search,,,,
80028000000,5496,8,receiver_state,,,,search,,,,
80036900000,5497,2,receiver_state,,,,idle,,,,
80036900000,5498,7,receiver_state,,,,idle,,,,
80036900000,5499,8,receiver_state,,,,idle,,,,
80288008077,5502,3,sync,,,,1,,,,
80288008077,5503,3,receiver_state,,,,search,,,,
80288011086,5504,5,sync,,,,1,,,,
80288011086,5505,5,receiver_state,,,,search,,,,
80288023527,5506,4,sync,,,,0,,,,
80288023527,5507,4,receiver_state,,,,search,,,,
80294638077,5508,3,receiver_state,,,,track,,,,
80294641086,5509,5,receiver_state,,,,track,,,,
80301268077,5510,3,sync,,,,0,,,,
80301271086,5511,5,sync,,,,0,,,,
80336960000,5512,1,sync,,,,0,,,,
80336960000,5513,1,receiver_state,,,,search,,,,
80336968077,5514,3,received,1,,,80.336968076999995,135.37565585291233,13,,
80336968077,5515,3,cancel_ack,1,13,,,,,1,0
80336968077,5516,3,sync,,,,0,,,,
80336968077,5517,3,receiver_state,,,,search,,,,
80336971086,5518,5,received,1,,,80.336971086000005,140.8759451711563,13,,
80336971086,5519,5,sync,,,,0,,,,
80336971086,5520,5,receiver_state,,,,search,,,,
80336983527,5521,4,sync,,,,0,,,,
80336983527,5522,4,receiver_state,,,,search,,,,
80340011086,5525,1,sync,,,,1,,,,
80340011086,5526,1,receiver_state,,,,search,,,,
80340012444,5527,4,sync,,,,1,,,,
80340012444,5528,4,receiver_state,,,,search,,,,
80340019163,5529,3,sync,,,,1,,,,
80340019163,5530,3,receiver_state,,,,search,,,,
80346641086,5531,1,receiver_state,,,,track,,,,
80346642444,5532,4,receiver_state,,,,track,,,,
80346649163,5533,3,receiver_state,,,,track,,,,
80353271086,5534,1,sync,,,,0,,,,
80353272444,5535,4,sync,,,,0,,,,
80353279163,5536,3,sync,,,,0,,,,
80388960000,5537,5,sync,,,,0,,,,
80388960000,5538,5,receiver_state,,,,search,,,,
80388971086,5539,1,received,5,,,80.388971085999998,140.8759451711563,11,,
80388971086,5540,1,sync,,,,0,,,,
80388971086,5541,1,receiver_state,,,,search,,,,
80388972444,5542,4,received,5,,,80.388972444000004,142.88390553075294,11,,
80388972444,5543,4,sync,,,,0,,,,
80388972444,5544,4,receiver_state,,,,search,,,,
80388979163,5545,3,received,5,,,80.388979163000002,150.38302059636848,11,,
80388979163,5546,3,cancel_ack,5,9,,,,,1,0
80388979163,5547,3,sync,,,,0,,,,
80388979163,5548,3,receiver_state,,,,search,,,,
80535011086,5551,1,sync,,,,1,,,,
80535011086,5552,1,receiver_state,,,,search,,,,
80535012444,5553,4,sync,,,,1,,,,
80535012444,5554,4,receiver_state,,,,search,,,,
80535019163,5555,3,sync,,,,1,,,,
80535019163,5556,3,receiver_state,,,,search,,,,
80541641086,5557,1,receiver_state,,,,track,,,,
80541642444,5558,4,receiver_state,,,,track,,,,
80541649163,5559,3,receiver_state,,,,track,,,,
80548271086,5560,1,sync,,,,0,,,,
80548272444,5561,4,sync,,,,0,,,,
80548279163,5562,3,sync,,,,0,,,,
80583960000,5563,5,sync,,,,0,,,,
80583960000,5564,5,receiver_state,,,,search,,,,
80583971086,5565,1,received,5,,,80.583971086000005,140.8759451711563,21,,
80583971086,5566,1,sync,,,,0,,,,
80583971086,5567,1,receiver_state,,,,search,,,,
80583972444,5568,4,received,5,,,80.583972443999997,142.88390553075294,21,,
80583972444,5569,4,sync,,,,0,,,,
80583972444,5570,4,receiver_state,,,,search,,,,
80583979163,5571,3,received,5,,,80.583979162999995,150.38302059636848,21,,
80583979163,5572,3,cancel_ack,5,9,,,,,1,0
80583979163,5573,3,sync,,,,0,,,,
80583979163,5574,3,receiver_state,,,,search,,,,
80587008077,5577,3,sync,,,,1,,,,
80587008077,5578,3,receiver_state,,,,search,,,,
80587011086,5579,5,sync,,,,1,,,,
80587011086,5580,5,receiver_state,,,,search,,,,
80587023527,5581,4,sync,,,,0,,,,
80587023527,5582,4,receiver_state,,,,search,,,,
80593638077,5583,3,receiver_state,,,,track,,,,
80593641086,5584,5,receiver_state,,,,track,,,,
80600268077,5585,3,sync,,,,0,,,,
80600271086,5586,5,sync,,,,0,,,,
80635960000,5587,1,sync,,,,0,,,,
80635960000,5588,1,receiver_state,,,,search,,,,
80635968077,5589,3,received,1,,,80.635968077000001,135.37565585291233,17,,
80635968077,5590,3,cancel_ack,1,13,,,,,1,0
80635968077,5591,3,sync,,,,0,,,,
80635968077,5592,3,receiver_state,,,,search,,,,
80635971086,5593,5,received,1,,,80.635971085999998,140.8759451711563,17,,
80635971086,5594,5,sync,,,,0,,,,
80635971086,5595,5,receiver_state,,,,search,,,,
80635983527,5596,4,sync,,,,0,,,,
80635983527,5597,4,receiver_state,,,,search,,,,
80860008077,5600,3,sync,,,,1,,,,
80860008077,5601,3,receiver_state,,,,search,,,,
80860011086,5602,5,sync,,,,1,,,,
80860011086,5603,5,receiver_state,,,,search,,,,
80860023527,5604,4,sync,,,,0,,,,
80860023527,5605,4,receiver_state,,,,search,,,,
80866638077,5606,3,receiver_state,,,,track,,,,
80866641086,5607,5,receiver_state,,,,track,,,,
80873268077,5608,3,sync,,,,0,,,,
80873271086,5609,5,sync,,,,0,,,,
80908960000,5610,1,sync,,,,0,,,,
80908960000,5611,1,receiver_state,,,,search,,,,
80908968077,5612,3,received,1,,,80.908968076999997,135.37565585291233,14,,
80908968077,5613,3,cancel_ack,1,13,,,,,1,0
80908968077,5614,3,sync,,,,0,,,,
80908968077,5615,3,receiver_state,,,,search,,,,
80908971086,5616,5,received,1,,,80.908971085999994,140.8759451711563,14,,
80908971086,5617,5,sync,,,,0,,,,
80908971086,5618,5,receiver_state,,,,search,,,,
80908983527,5619,4,sync,,,,0,,,,
80908983527,5620,4,receiver_state,,,,search,,,,
80938011086,5623,1,sync,,,,1,,,,
80938011086,5624,1,receiver_state,,,,search,,,,
80938012444,5625,4,sync,,,,1,,,,
80938012444,5626,4,receiver_state,,,,search,,,,
80938019163,5627,3,sync,,,,1,,,,
80938019163,5628,3,receiver_state,,,,search,,,,
80944641086,5629,1,receiver_state,,,,track,,,,
80944642444,5630,4,receiver_state,,,,track,,,,
80944649163,5631,3,receiver_state,,,,track,,,,
80951271086,5632,1,sync,,,,0,,,,
80951272444,5633,4,sync,,,,0,,,,
80951279163,5634,3,sync,,,,0,,,,
80986960000,5635,5,sync,,,,0,,,,
80986960000,5636,5,receiver_state,,,,search,,,,
80986971086,5637,1,received,5,,,80.986971085999997,140.8759451711563,22,,
80986971086,5638,1,sync,,,,0,,,,
80986971086,5639,1,receiver_state,,,,search,,,,
80986972444,5640,4,received,5,,,80.986972444000003,142.88390553075294,22,,
80986972444,5641,4,sync,,,,0,,,,
80986972444,5642,4,receiver_state,,,,search,,,,
80986979163,5643,3,received,5,,,80.986979163000001,150.38302059636848,22,,
80986979163,5644,3,cancel_ack,5,9,,,,,1,0
80986979163,5645,3,sync,,,,0,,,,
80986979163,5646,3,receiver_state,,,,search,,,,
81016000000,5647,2,receiver_state,,,,search,,,,
81016000000,5648,7,receiver_state,,,,search,,,,
81016000000,5649,8,receiver_state,,,,search,,,,
81024900000,5650,2,receiver_state,,,,idle,,,,
81024900000,5651,7,receiver_state,,,,idle,,,,
81024900000,5652,8,receiver_state,,,,idle,,,,
81133008077,5655,3,sync,,,,1,,,,
81133008077,5656,3,receiver_state,,,,search,,,,
81133011086,5657,5,sync,,,,1,,,,
81133011086,5658,5,receiver_state,,,,search,,,,
81133023527,5659,4,sync,,,,0,,,,
81133023527,5660,4,receiver_state,,,,search,,,,
81139638077,5661,3,receiver_state,,,,track,,,,
81139641086,5662,5,receiver_state,,,,track,,,,
81146268077,5663,3,sync,,,,0,,,,
81146271086,5664,5,sync,,,,0,,,,
81181960000,5665,1,sync,,,,0,,,,
81181960000,5666,1,receiver_state,,,,search,,,,
81181968077,5667,3,received,1,,,81.181968076999993,135.37565585291233,14,,
81181968077,5668,3,cancel_ack,1,13,,,,,1,0
81181968077,5669,3,sync,,,,0,,,,
81181968077,5670,3,receiver_state,,,,search,,,,
81181971086,5671,5,received,1,,,81.181971086000004,140.8759451711563,14,,
81181971086,5672,5,sync,,,,0,,,,
81181971086,5673,5,receiver_state,,,,search,,,,
81181983527,5674,4,sync,,,,0,,,,
81181983527,5675,4,receiver_state,,,,search,,,,
81315011086,5678,1,sync,,,,1,,,,
81315011086,5679,1,receiver_state,,,,search,,,,
81315012444,5680,4,sync,,,,1,,,,
81315012444,5681,4,receiver_state,,,,search,,,,
81315019163,5682,3,sync,,,,1,,,,
81315019163,5683,3,receiver_state,,,,search,,,,
81321641086,5684,1,receiver_state,,,,track,,,,
81321642444,5685,4,receiver_state,,,,track,,,,
81321649163,5686,3,receiver_state,,,,track,,,,
81328271086,5687,1,sync,,,,0,,,,
81328272444,5688,4,sync,,,,0,,,,
81328279163,5689,3,sync,,,,0,,,,
81363960000,5690,5,sync,,,,0,,,,
81363960000,5691,5,receiver_state,,,,search,,,,
81363971086,5692,1,received,5,,,81.363971086000006,140.8759451711563,22,,
81363971086,5693,1,sync,,,,0,,,,
81363971086,5694,1,receiver_state,,,,search,,,,
81363972444,5695,4,received,5,,,81.363972443999998,142.88390553075294,22,,
81363972444,5696,4,sync,,,,0,,,,
81363972444,5697,4,receiver_state,,,,search,,,,
81363979163,5698,3,received,5,,,81.363979162999996,150.38302059636848,22,,
81363979163,5699,3,cancel_ack,5,9,,,,,1,0
81363979163,5700,3,sync,,,,0,,,,
81363979163,5701,3,receiver_state,,,,search,,,,
81406008077,5704,3,sync,,,,1,,,,
81406008077,5705,3,receiver_state,,,,search,,,,
81406011086,5706,5,sync,,,,1,,,,
81406011086,5707,5,receiver_state,,,,search,,,,
81406023527,5708,4,sync,,,,0,,,,
81406023527,5709,4,receiver_state,,,,search,,,,
81412638077,5710,3,receiver_state,,,,track,,,,
81412641086,5711,5,receiver_state,,,,track,,,,
81419268077,5712,3,sync,,,,0,,,,
81419271086,5713,5,sync,,,,0,,,,
81454960000,5714,1,sync,,,,0,,,,
81454960000,5715,1,receiver_state,,,,search,,,,
81454968077,5716,3,received,1,,,81.454968077000004,135.37565585291233,11,,
81454968077,5717,3,cancel_ack,1,13,,,,,1,0
81454968077,5718,3,sync,,,,0,,,,
81454968077,5719,3,receiver_state,,,,search,,,,
81454971086,5720,5,received,1,,,81.454971086,140.8759451711563,11,,
81454971086,5721,5,sync,,,,0,,,,
81454971086,5722,5,receiver_state,,,,search,,,,
81454983527,5723,4,sync,,,,0,,,,
81454983527,5724,4,receiver_state,,,,search,,,,
81692011086,5727,1,sync,,,,1,,,,
81692011086,5728,1,receiver_state,,,,search,,,,
81692012444,5729,4,sync,,,,1,,,,
81692012444,5730,4,receiver_state,,,,search,,,,
81692019163,5731,3,sync,,,,1,,,,
81692019163,5732,3,receiver_state,,,,search,,,,
81698641086,5733,1,receiver_state,,,,track,,,,
81698642444,5734,4,receiver_state,,,,track,,,,
81698649163,5735,3,receiver_state,,,,track,,,,
81705271086,5736,1,sync,,,,0,,,,
81705272444,5737,4,sync,,,,0,,,,
81705279163,5738,3,sync,,,,0,,,,
81740960000,5739,5,sync,,,,0,,,,
81740960000,5740,5,receiver_state,,,,search,,,,
81740971086,5741,1,received,5,,,81.740971086000002,140.8759451711563,1,,
81740971086,5742,1,sync,,,,0,,,,
81740971086,5743,1,receiver_state,,,,search,,,,
81740972444,5744,4,received,5,,,81.740972443999993,142.88390553075294,1,,
81740972444,5745,4,sync,,,,0,,,,
81740972444,5746,4,receiver_state,,,,search,,,,
81740979163,5747,3,received,5,,,81.740979163000006,150.38302059636848,1,,
81740979163,5748,3,cancel_ack,5,9,,,,,1,0
81740979163,5749,3,sync,,,,0,,,,
81740979163,5750,3,receiver_state,,,,search,,,,
82004000000,5751,2,receiver_state,,,,search,,,,
82004000000,5752,7,receiver_state,,,,search,,,,
82004000000,5753,8,receiver_state,,,,search,,,,
82012900000,5754,2,receiver_state,,,,idle,,,,
82012900000,5755,7,receiver_state,,,,idle,,,,
82012900000,5756,8,receiver_state,,,,idle,,,,
82992000000,5757,2,receiver_state,,,,search,,,,
82992000000,5758,7,receiver_state,,,,search,,,,
82992000000,5759,8,receiver_state,,,,search,,,,
83000900000,5760,2,receiver_state,,,,idle,,,,
83000900000,5761,7,receiver_state,,,,idle,,,,
83000900000,5762,8,receiver_state,,,,idle,,,,
83980000000,5763,2,receiver_state,,,,search,,,,
83980000000,5764,7,receiver_state,,,,search,,,,
83980000000,5765,8,receiver_state,,,,search,,,,
83988900000,5766,2,receiver_state,,,,idle,,,,
83988900000,5767,7,receiver_state,,,,idle,,,,
83988900000,5768,8,receiver_state,,,,idle,,,,
84968000000,5769,2,receiver_state,,,,search,,,,
84968000000,5770,7,receiver_state,,,,search,,,,
84968000000,5771,8,receiver_state,,,,search,,,,
84976900000,5772,2,receiver_state,,,,idle,,,,
84976900000,5773,7,receiver_state,,,,idle,,,,
84976900000,5774,8,receiver_state,,,,idle,,,,
