[HOP 1] link_control dest=2 neighborKnown=0 speed=8 txPower=30 rxPower=-105
[HOP 1] Pending DATA increment dest=2 pending=1
[HOP 1] TX Pairwise16 DATA neighbor=2 hopSeq=1 securityCount=1
[MAC] Enqueue TX pkt dscp=5 insert_pos=0 queue_size_before=0
[HOP 1] New neighbor 2 heard at t=0s
[HOP 1] RX ACK from 2 seq=1
[HOP 1] Pending DATA decrement reason=ACK neighbor=2 pending=0
[MAC 1] Cancel queued acknowledged frame neighbor=2 seq=1 baseSeq=1 windowIndex=0
[NWK 361] ARL neighbor admission=disabled
[NWK 361] automatic_route_propagation=disabled
[NWK 361] Cleared selected-route preference dst=361 reason=no-valid-route
[NWK 361] Selected route changed dst=361 reason=local capability changed pendingDestinations=1
[NWK 361] nodeType=Routable
[NWK 361] Added reverse path netSrc=362 reverseHop=360
[NWK 361] Updated reverse path netSrc=362 reverseHop=360
[NWK 361] Updated reverse path netSrc=362 reverseHop=360
[NWK 361] Updated reverse path netSrc=362 reverseHop=360
[NWK 361] Updated reverse path netSrc=362 reverseHop=360
[NWK 361] Updated reverse path netSrc=362 reverseHop=360
[NWK 361] Updated reverse path netSrc=362 reverseHop=360
[NWK 361] Updated reverse path netSrc=362 reverseHop=360
[NWK 361] Updated reverse path netSrc=362 reverseHop=360
[NWK 361] Updated reverse path netSrc=362 reverseHop=360
[NWK 361] Updated reverse path netSrc=362 reverseHop=360
[NWK 361] Updated reverse path netSrc=362 reverseHop=360
[NWK 361] Updated reverse path netSrc=362 reverseHop=360
[NWK 361] Updated reverse path netSrc=362 reverseHop=360
[NWK 361] Updated reverse path netSrc=362 reverseHop=360
[NWK 361] Added route candidate dst=363 nextHop=364 hops=1 cost=29 linkCost=29 advCost=0 learnedFrom=16777215 selectionDeferred=0 selected=1
[NWK 361] Updated selected-route preference dst=363 preferredNextHop=364
[NWK 361] Selected route changed dst=363 reason=candidate update pendingDestinations=2
[NWK 361] Static route link_calc dst=363 nextHop=364 pathloss=70 speed=128 txPower=0 estDistance=75 speedMargin=53 totalMargin=65 cost=29
[HOP 361] New neighbor 360 heard at t=0s
[HOP 361] link_control dest=360 neighborKnown=1 s0=0 pathloss=70 failures=0 speed=8 txPower=30 rxPower=-105 cost=6274
[NWK 361] Updated reverse path netSrc=362 reverseHop=360
[MAC 361] Enqueue ACK dest=360 seq=41 window=1 ack_queue_size=1
[HOP 361] link_control dest=360 neighborKnown=1 s0=0 pathloss=70 failures=0 speed=8 txPower=30 rxPower=-105 cost=6274
[MAC 361] Update cumulative ACK queue entry dest=360 baseSeq=41 txCount=0
[NWK 371] ARL neighbor admission=disabled
[NWK 371] automatic_route_propagation=disabled
[NWK 371] Cleared selected-route preference dst=371 reason=no-valid-route
[NWK 371] Selected route changed dst=371 reason=local capability changed pendingDestinations=1
[NWK 371] nodeType=Routable
[NWK 371] Added reverse path netSrc=372 reverseHop=370
[NWK 371] Updated reverse path netSrc=372 reverseHop=370
[NWK 371] Updated reverse path netSrc=372 reverseHop=370
[NWK 371] Updated reverse path netSrc=372 reverseHop=370
[NWK 371] Updated reverse path netSrc=372 reverseHop=370
[NWK 371] Updated reverse path netSrc=372 reverseHop=370
[NWK 371] Updated reverse path netSrc=372 reverseHop=370
[NWK 371] Updated reverse path netSrc=372 reverseHop=370
[NWK 371] Updated reverse path netSrc=372 reverseHop=370
[NWK 371] Updated reverse path netSrc=372 reverseHop=370
[NWK 371] Updated reverse path netSrc=372 reverseHop=370
[NWK 371] Updated reverse path netSrc=372 reverseHop=370
[NWK 371] Updated reverse path netSrc=372 reverseHop=370
[NWK 371] Updated reverse path netSrc=372 reverseHop=370
[NWK 371] Updated reverse path netSrc=372 reverseHop=370
[NWK 371] Updated reverse path netSrc=372 reverseHop=370
[NWK 371] Added route candidate dst=373 nextHop=374 hops=1 cost=29 linkCost=29 advCost=0 learnedFrom=16777215 selectionDeferred=0 selected=1
[NWK 371] Updated selected-route preference dst=373 preferredNextHop=374
[NWK 371] Selected route changed dst=373 reason=candidate update pendingDestinations=2
[NWK 371] Static route link_calc dst=373 nextHop=374 pathloss=70 speed=128 txPower=0 estDistance=75 speedMargin=53 totalMargin=65 cost=29
[HOP 371] New neighbor 370 heard at t=0s
[HOP 371] link_control dest=370 neighborKnown=1 s0=0 pathloss=70 failures=0 speed=8 txPower=30 rxPower=-105 cost=6274
[NWK 371] Updated reverse path netSrc=372 reverseHop=370
[MAC 371] Enqueue ACK dest=370 seq=41 window=1 ack_queue_size=1
[HOP 371] link_control dest=370 neighborKnown=1 s0=0 pathloss=70 failures=0 speed=8 txPower=30 rxPower=-105 cost=6274
[NWK 371] Updated reverse path netSrc=372 reverseHop=370
[MAC 371] Update cumulative ACK queue entry dest=370 baseSeq=41 txCount=0
[MAC] Enqueue TX pkt dscp=1 insert_pos=0 queue_size_before=0
[MAC 10] PickTxSlot(dest=20) active_nodes_for_slotting=1 opnet_slot_range=18
[MAC 10] PickTxSlot(dest=20) avoid:
[MAC 10] controlled differential reservation slot=1
[MAC 10] starts Pre-Tx with new slot=1 holdoff_over=0
[MAC] Enqueue TX pkt dscp=7 insert_pos=0 queue_size_before=1
[MAC 10] OPNET 300-ms transmit holdoff complete
[MAC 10] PickTxSlot(dest=20) active_nodes_for_slotting=1 opnet_slot_range=18
[MAC 10] PickTxSlot(dest=20) avoid:
[MAC 10] controlled differential reservation slot=1
[MAC 10] TX opportunity reached currentSlot=1 reserveNextSlot=1
... type=0 speedKey=8[t=0.413] TX from node 10 to dest 20 seq 2 size 90 bytes segments 2 at slot 1 rate 8 kbps txPower 0 dBm (7843.14 bps) preamble LONG duration 1.10772 s
[MAC 10] OPNET aggregate transmitted segments=2 ackSegments=0 dataSegments=2 bytes=90 rate=8
[MAC 30] Enqueue ACK dest=40 seq=1 window=0 ack_queue_size=1
[MAC 30] Ignore duplicate exact ACK dest=40 seq=1
[MAC 30] Update cumulative ACK queue entry dest=40 baseSeq=1000 txCount=0
[MAC 30] Enqueue ACK dest=40 seq=2 window=0 ack_queue_size=2
[MAC 30] Enqueue ACK dest=40 seq=3 window=0 ack_queue_size=3
[MAC 30] Enqueue ACK dest=40 seq=4 window=0 ack_queue_size=4
[MAC 30] Enqueue ACK dest=40 seq=5 window=0 ack_queue_size=5
[MAC 30] Enqueue ACK dest=40 seq=6 window=0 ack_queue_size=6
[MAC 30] Enqueue ACK dest=40 seq=7 window=0 ack_queue_size=7
[MAC 30] Enqueue ACK dest=40 seq=8 window=0 ack_queue_size=8
[MAC 30] Enqueue ACK dest=40 seq=9 window=0 ack_queue_size=9
[MAC 30] Enqueue ACK dest=40 seq=10 window=0 ack_queue_size=10
[MAC 30] Enqueue ACK dest=40 seq=11 window=0 ack_queue_size=11
[MAC 30] Enqueue ACK dest=40 seq=12 window=0 ack_queue_size=12
[MAC 30] Enqueue ACK dest=40 seq=13 window=0 ack_queue_size=13
[MAC 30] Enqueue ACK dest=40 seq=14 window=0 ack_queue_size=14
[MAC 30] Enqueue ACK dest=40 seq=15 window=0 ack_queue_size=15
[MAC 30] Enqueue ACK dest=40 seq=16 window=0 ack_queue_size=16
[MAC 30] Enqueue ACK dest=40 seq=17 window=0 ack_queue_size=17
[MAC 30] Enqueue ACK dest=40 seq=18 window=0 ack_queue_size=18
[MAC 30] Enqueue ACK dest=40 seq=19 window=0 ack_queue_size=19
[MAC 30] Enqueue ACK dest=40 seq=20 window=0 ack_queue_size=20
[MAC 30] Enqueue ACK dest=40 seq=21 window=0 ack_queue_size=21
[MAC 30] Enqueue ACK dest=40 seq=22 window=0 ack_queue_size=22
[MAC 30] Enqueue ACK dest=40 seq=23 window=0 ack_queue_size=23
[MAC 30] Enqueue ACK dest=40 seq=24 window=0 ack_queue_size=24
[MAC 30] Enqueue ACK dest=40 seq=25 window=0 ack_queue_size=25
[MAC 30] Enqueue ACK dest=40 seq=26 window=0 ack_queue_size=26
[MAC 30] Enqueue ACK dest=40 seq=27 window=0 ack_queue_size=27
[MAC 30] Enqueue ACK dest=40 seq=28 window=0 ack_queue_size=28
[MAC 30] Enqueue ACK dest=40 seq=29 window=0 ack_queue_size=29
[MAC 30] Enqueue ACK dest=40 seq=30 window=0 ack_queue_size=30
[MAC 30] Enqueue ACK dest=40 seq=31 window=0 ack_queue_size=31
[MAC 30] Enqueue ACK dest=40 seq=32 window=0 ack_queue_size=32
[MAC 30] Enqueue ACK dest=40 seq=33 window=0 ack_queue_size=33
[MAC 30] Enqueue ACK dest=40 seq=34 window=0 ack_queue_size=34
[MAC 30] Enqueue ACK dest=40 seq=35 window=0 ack_queue_size=35
[MAC 30] Enqueue ACK dest=40 seq=36 window=0 ack_queue_size=36
[MAC 30] Enqueue ACK dest=40 seq=37 window=0 ack_queue_size=37
[MAC 30] Enqueue ACK dest=40 seq=38 window=0 ack_queue_size=38
[MAC 30] Enqueue ACK dest=40 seq=39 window=0 ack_queue_size=39
[MAC 30] Enqueue ACK dest=40 seq=40 window=0 ack_queue_size=40
[MAC 30] Enqueue ACK dest=40 seq=41 window=0 ack_queue_size=41
[MAC 30] Enqueue ACK dest=40 seq=42 window=0 ack_queue_size=42
[MAC 30] Enqueue ACK dest=40 seq=43 window=0 ack_queue_size=43
[MAC 30] Enqueue ACK dest=40 seq=44 window=0 ack_queue_size=44
[MAC 30] Enqueue ACK dest=40 seq=45 window=0 ack_queue_size=45
[MAC 30] Enqueue ACK dest=40 seq=46 window=0 ack_queue_size=46
[MAC 30] Enqueue ACK dest=40 seq=47 window=0 ack_queue_size=47
[MAC 30] Enqueue ACK dest=40 seq=48 window=0 ack_queue_size=48
[MAC 30] Enqueue ACK dest=40 seq=49 window=0 ack_queue_size=49
[MAC 30] Enqueue ACK dest=40 seq=50 window=0 ack_queue_size=50
[MAC 30] Enqueue ACK dest=40 seq=51 window=0 ack_queue_size=51
[MAC 30] Enqueue ACK dest=40 seq=52 window=0 ack_queue_size=52
[MAC 30] Enqueue ACK dest=40 seq=53 window=0 ack_queue_size=53
[MAC 30] Enqueue ACK dest=40 seq=54 window=0 ack_queue_size=54
[MAC 30] Enqueue ACK dest=40 seq=55 window=0 ack_queue_size=55
[MAC 30] Enqueue ACK dest=40 seq=56 window=0 ack_queue_size=56
[MAC 30] Enqueue ACK dest=40 seq=57 window=0 ack_queue_size=57
[MAC 30] Enqueue ACK dest=40 seq=58 window=0 ack_queue_size=58
[MAC 30] Enqueue ACK dest=40 seq=59 window=0 ack_queue_size=59
[MAC 30] Enqueue ACK dest=40 seq=60 window=0 ack_queue_size=60
[MAC 30] Enqueue ACK dest=40 seq=61 window=0 ack_queue_size=61
[MAC 30] Enqueue ACK dest=40 seq=62 window=0 ack_queue_size=62
[MAC 30] Enqueue ACK dest=40 seq=63 window=0 ack_queue_size=63
[MAC 30] Enqueue ACK dest=40 seq=64 window=0 ack_queue_size=64
[MAC 30] Enqueue ACK dest=40 seq=65 window=0 ack_queue_size=65
[MAC 30] Enqueue ACK dest=40 seq=66 window=0 ack_queue_size=66
[MAC 30] Enqueue ACK dest=40 seq=67 window=0 ack_queue_size=67
[MAC 30] Enqueue ACK dest=40 seq=68 window=0 ack_queue_size=68
[MAC 30] Enqueue ACK dest=40 seq=69 window=0 ack_queue_size=69
[MAC 30] Enqueue ACK dest=40 seq=70 window=0 ack_queue_size=70
[MAC 30] Enqueue ACK dest=40 seq=71 window=0 ack_queue_size=71
[MAC 30] Enqueue ACK dest=40 seq=72 window=0 ack_queue_size=72
[MAC 30] Enqueue ACK dest=40 seq=73 window=0 ack_queue_size=73
[MAC 30] Enqueue ACK dest=40 seq=74 window=0 ack_queue_size=74
[MAC 30] Enqueue ACK dest=40 seq=75 window=0 ack_queue_size=75
[MAC 30] Enqueue ACK dest=40 seq=76 window=0 ack_queue_size=76
[MAC 30] Enqueue ACK dest=40 seq=77 window=0 ack_queue_size=77
[MAC 30] Enqueue ACK dest=40 seq=78 window=0 ack_queue_size=78
[MAC 30] Enqueue ACK dest=40 seq=79 window=0 ack_queue_size=79
[MAC 30] Enqueue ACK dest=40 seq=80 window=0 ack_queue_size=80
[MAC 30] Enqueue ACK dest=40 seq=81 window=0 ack_queue_size=81
[MAC 30] Enqueue ACK dest=40 seq=82 window=0 ack_queue_size=82
[MAC 30] Enqueue ACK dest=40 seq=83 window=0 ack_queue_size=83
[MAC 30] Enqueue ACK dest=40 seq=84 window=0 ack_queue_size=84
[MAC 30] Enqueue ACK dest=40 seq=85 window=0 ack_queue_size=85
[MAC 30] Enqueue ACK dest=40 seq=86 window=0 ack_queue_size=86
[MAC 30] Enqueue ACK dest=40 seq=87 window=0 ack_queue_size=87
[MAC 30] Enqueue ACK dest=40 seq=88 window=0 ack_queue_size=88
[MAC 30] Enqueue ACK dest=40 seq=89 window=0 ack_queue_size=89
[MAC 30] Enqueue ACK dest=40 seq=90 window=0 ack_queue_size=90
[MAC 30] Enqueue ACK dest=40 seq=91 window=0 ack_queue_size=91
[MAC 30] Enqueue ACK dest=40 seq=92 window=0 ack_queue_size=92
[MAC 30] Enqueue ACK dest=40 seq=93 window=0 ack_queue_size=93
[MAC 30] Enqueue ACK dest=40 seq=94 window=0 ack_queue_size=94
[MAC 30] Enqueue ACK dest=40 seq=95 window=0 ack_queue_size=95
[MAC 30] Enqueue ACK dest=40 seq=96 window=0 ack_queue_size=96
[MAC 30] Enqueue ACK dest=40 seq=97 window=0 ack_queue_size=97
[MAC 30] Enqueue ACK dest=40 seq=98 window=0 ack_queue_size=98
[MAC 30] Enqueue ACK dest=40 seq=99 window=0 ack_queue_size=99
[MAC 30] Enqueue ACK dest=40 seq=100 window=0 ack_queue_size=100
[MAC 30] Enqueue ACK dest=40 seq=101 window=0 ack_queue_size=101
[MAC 30] Enqueue ACK dest=40 seq=102 window=0 ack_queue_size=102
[MAC 30] Enqueue ACK dest=40 seq=103 window=0 ack_queue_size=103
[MAC 30] Enqueue ACK dest=40 seq=104 window=0 ack_queue_size=104
[MAC 30] Enqueue ACK dest=40 seq=105 window=0 ack_queue_size=105
[MAC 30] Enqueue ACK dest=40 seq=106 window=0 ack_queue_size=106
[MAC 30] Enqueue ACK dest=40 seq=107 window=0 ack_queue_size=107
[MAC 30] Enqueue ACK dest=40 seq=108 window=0 ack_queue_size=108
[MAC 30] Enqueue ACK dest=40 seq=109 window=0 ack_queue_size=109
[MAC 30] Enqueue ACK dest=40 seq=110 window=0 ack_queue_size=110
[MAC 30] Enqueue ACK dest=40 seq=111 window=0 ack_queue_size=111
[MAC 30] Enqueue ACK dest=40 seq=112 window=0 ack_queue_size=112
[MAC 30] Enqueue ACK dest=40 seq=113 window=0 ack_queue_size=113
[MAC 30] Enqueue ACK dest=40 seq=114 window=0 ack_queue_size=114
[MAC 30] Enqueue ACK dest=40 seq=115 window=0 ack_queue_size=115
[MAC 30] Enqueue ACK dest=40 seq=116 window=0 ack_queue_size=116
[MAC 30] Enqueue ACK dest=40 seq=117 window=0 ack_queue_size=117
[MAC 30] Enqueue ACK dest=40 seq=118 window=0 ack_queue_size=118
[MAC 30] Enqueue ACK dest=40 seq=119 window=0 ack_queue_size=119
[MAC 30] Enqueue ACK dest=40 seq=120 window=0 ack_queue_size=120
[MAC 30] Enqueue ACK dest=40 seq=121 window=0 ack_queue_size=121
[MAC 30] Enqueue ACK dest=40 seq=122 window=0 ack_queue_size=122
[MAC 30] Enqueue ACK dest=40 seq=123 window=0 ack_queue_size=123
[MAC 30] Enqueue ACK dest=40 seq=124 window=0 ack_queue_size=124
[MAC 30] Enqueue ACK dest=40 seq=125 window=0 ack_queue_size=125
[MAC 30] Enqueue ACK dest=40 seq=126 window=0 ack_queue_size=126
[MAC 30] Enqueue ACK dest=40 seq=127 window=0 ack_queue_size=127
[MAC 30] Enqueue ACK dest=40 seq=128 window=0 ack_queue_size=128
[MAC 30] Enqueue ACK dest=40 seq=129 window=0 ack_queue_size=129
[MAC 30] Enqueue ACK dest=40 seq=130 window=0 ack_queue_size=130
[MAC 30] Enqueue ACK dest=40 seq=131 window=0 ack_queue_size=131
[MAC 30] Enqueue ACK dest=40 seq=132 window=0 ack_queue_size=132
[MAC 30] Enqueue ACK dest=40 seq=133 window=0 ack_queue_size=133
[MAC 30] Enqueue ACK dest=40 seq=134 window=0 ack_queue_size=134
[MAC 30] Enqueue ACK dest=40 seq=135 window=0 ack_queue_size=135
[MAC 30] Enqueue ACK dest=40 seq=136 window=0 ack_queue_size=136
[MAC 30] Enqueue ACK dest=40 seq=137 window=0 ack_queue_size=137
[MAC 30] Enqueue ACK dest=40 seq=138 window=0 ack_queue_size=138
[MAC 30] Enqueue ACK dest=40 seq=139 window=0 ack_queue_size=139
[MAC 30] Enqueue ACK dest=40 seq=140 window=0 ack_queue_size=140
[MAC 30] Enqueue ACK dest=40 seq=141 window=0 ack_queue_size=141
[MAC 30] Enqueue ACK dest=40 seq=142 window=0 ack_queue_size=142
[MAC 30] Enqueue ACK dest=40 seq=143 window=0 ack_queue_size=143
[MAC 30] Enqueue ACK dest=40 seq=144 window=0 ack_queue_size=144
[MAC 30] Enqueue ACK dest=40 seq=145 window=0 ack_queue_size=145
[MAC 30] Enqueue ACK dest=40 seq=146 window=0 ack_queue_size=146
[MAC 30] Enqueue ACK dest=40 seq=147 window=0 ack_queue_size=147
[MAC 30] Enqueue ACK dest=40 seq=148 window=0 ack_queue_size=148
[MAC 30] Enqueue ACK dest=40 seq=149 window=0 ack_queue_size=149
[MAC 30] Enqueue ACK dest=40 seq=150 window=0 ack_queue_size=150
[MAC 30] Enqueue ACK dest=40 seq=151 window=0 ack_queue_size=151
[MAC 30] Enqueue ACK dest=40 seq=152 window=0 ack_queue_size=152
[MAC 30] Enqueue ACK dest=40 seq=153 window=0 ack_queue_size=153
[MAC 30] Enqueue ACK dest=40 seq=154 window=0 ack_queue_size=154
[MAC 30] Enqueue ACK dest=40 seq=155 window=0 ack_queue_size=155
[MAC 30] Enqueue ACK dest=40 seq=156 window=0 ack_queue_size=156
[MAC 30] Enqueue ACK dest=40 seq=157 window=0 ack_queue_size=157
[MAC 30] Enqueue ACK dest=40 seq=158 window=0 ack_queue_size=158
[MAC 30] Enqueue ACK dest=40 seq=159 window=0 ack_queue_size=159
[MAC 30] Enqueue ACK dest=40 seq=160 window=0 ack_queue_size=160
[MAC 30] Enqueue ACK dest=40 seq=161 window=0 ack_queue_size=161
[MAC 30] Enqueue ACK dest=40 seq=162 window=0 ack_queue_size=162
[MAC 30] Enqueue ACK dest=40 seq=163 window=0 ack_queue_size=163
[MAC 30] Enqueue ACK dest=40 seq=164 window=0 ack_queue_size=164
[MAC 30] Enqueue ACK dest=40 seq=165 window=0 ack_queue_size=165
[MAC 30] Enqueue ACK dest=40 seq=166 window=0 ack_queue_size=166
[MAC 30] Enqueue ACK dest=40 seq=167 window=0 ack_queue_size=167
[MAC 30] Enqueue ACK dest=40 seq=168 window=0 ack_queue_size=168
[MAC 30] Enqueue ACK dest=40 seq=169 window=0 ack_queue_size=169
[MAC 30] Enqueue ACK dest=40 seq=170 window=0 ack_queue_size=170
[MAC 30] Enqueue ACK dest=40 seq=171 window=0 ack_queue_size=171
[MAC 30] Enqueue ACK dest=40 seq=172 window=0 ack_queue_size=172
[MAC 30] Enqueue ACK dest=40 seq=173 window=0 ack_queue_size=173
[MAC 30] Enqueue ACK dest=40 seq=174 window=0 ack_queue_size=174
[MAC 30] Enqueue ACK dest=40 seq=175 window=0 ack_queue_size=175
[MAC 30] Enqueue ACK dest=40 seq=176 window=0 ack_queue_size=176
[MAC 30] Enqueue ACK dest=40 seq=177 window=0 ack_queue_size=177
[MAC 30] Enqueue ACK dest=40 seq=178 window=0 ack_queue_size=178
[MAC 30] Enqueue ACK dest=40 seq=179 window=0 ack_queue_size=179
[MAC 30] Enqueue ACK dest=40 seq=180 window=0 ack_queue_size=180
[MAC 30] Enqueue ACK dest=40 seq=181 window=0 ack_queue_size=181
[MAC 30] Enqueue ACK dest=40 seq=182 window=0 ack_queue_size=182
[MAC 30] Enqueue ACK dest=40 seq=183 window=0 ack_queue_size=183
[MAC 30] Enqueue ACK dest=40 seq=184 window=0 ack_queue_size=184
[MAC 30] Enqueue ACK dest=40 seq=185 window=0 ack_queue_size=185
[MAC 30] Enqueue ACK dest=40 seq=186 window=0 ack_queue_size=186
[MAC 30] Enqueue ACK dest=40 seq=187 window=0 ack_queue_size=187
[MAC 30] Enqueue ACK dest=40 seq=188 window=0 ack_queue_size=188
[MAC 30] Enqueue ACK dest=40 seq=189 window=0 ack_queue_size=189
[MAC 30] Enqueue ACK dest=40 seq=190 window=0 ack_queue_size=190
[MAC 30] Enqueue ACK dest=40 seq=191 window=0 ack_queue_size=191
[MAC 30] Enqueue ACK dest=40 seq=192 window=0 ack_queue_size=192
[MAC 30] Enqueue ACK dest=40 seq=193 window=0 ack_queue_size=193
[MAC 30] Enqueue ACK dest=40 seq=194 window=0 ack_queue_size=194
[MAC 30] Enqueue ACK dest=40 seq=195 window=0 ack_queue_size=195
[MAC 30] Enqueue ACK dest=40 seq=196 window=0 ack_queue_size=196
[MAC 30] Enqueue ACK dest=40 seq=197 window=0 ack_queue_size=197
[MAC 30] Enqueue ACK dest=40 seq=198 window=0 ack_queue_size=198
[MAC 30] Enqueue ACK dest=40 seq=199 window=0 ack_queue_size=199
[MAC 30] Enqueue ACK dest=40 seq=200 window=0 ack_queue_size=200
[MAC 30] Enqueue ACK dest=40 seq=201 window=0 ack_queue_size=201
[MAC 30] Enqueue ACK dest=40 seq=202 window=0 ack_queue_size=202
[MAC 30] Enqueue ACK dest=40 seq=203 window=0 ack_queue_size=203
[MAC 30] Enqueue ACK dest=40 seq=204 window=0 ack_queue_size=204
[MAC 30] Enqueue ACK dest=40 seq=205 window=0 ack_queue_size=205
[MAC 30] Enqueue ACK dest=40 seq=206 window=0 ack_queue_size=206
[MAC 30] Enqueue ACK dest=40 seq=207 window=0 ack_queue_size=207
[MAC 30] Enqueue ACK dest=40 seq=208 window=0 ack_queue_size=208
[MAC 30] Enqueue ACK dest=40 seq=209 window=0 ack_queue_size=209
[MAC 30] Enqueue ACK dest=40 seq=210 window=0 ack_queue_size=210
[MAC 30] Enqueue ACK dest=40 seq=211 window=0 ack_queue_size=211
[MAC 30] Enqueue ACK dest=40 seq=212 window=0 ack_queue_size=212
[MAC 30] Enqueue ACK dest=40 seq=213 window=0 ack_queue_size=213
[MAC 30] Enqueue ACK dest=40 seq=214 window=0 ack_queue_size=214
[MAC 30] Enqueue ACK dest=40 seq=215 window=0 ack_queue_size=215
[MAC 30] Enqueue ACK dest=40 seq=216 window=0 ack_queue_size=216
[MAC 30] Enqueue ACK dest=40 seq=217 window=0 ack_queue_size=217
[MAC 30] Enqueue ACK dest=40 seq=218 window=0 ack_queue_size=218
[MAC 30] Enqueue ACK dest=40 seq=219 window=0 ack_queue_size=219
[MAC 30] Enqueue ACK dest=40 seq=220 window=0 ack_queue_size=220
[MAC 30] Enqueue ACK dest=40 seq=221 window=0 ack_queue_size=221
[MAC 30] Enqueue ACK dest=40 seq=222 window=0 ack_queue_size=222
[MAC 30] Enqueue ACK dest=40 seq=223 window=0 ack_queue_size=223
[MAC 30] Enqueue ACK dest=40 seq=224 window=0 ack_queue_size=224
[MAC 30] Enqueue ACK dest=40 seq=225 window=0 ack_queue_size=225
[MAC 30] Enqueue ACK dest=40 seq=226 window=0 ack_queue_size=226
[MAC 30] Enqueue ACK dest=40 seq=227 window=0 ack_queue_size=227
[MAC 30] Enqueue ACK dest=40 seq=228 window=0 ack_queue_size=228
[MAC 30] Enqueue ACK dest=40 seq=229 window=0 ack_queue_size=229
[MAC 30] Enqueue ACK dest=40 seq=230 window=0 ack_queue_size=230
[MAC 30] Enqueue ACK dest=40 seq=231 window=0 ack_queue_size=231
[MAC 30] Enqueue ACK dest=40 seq=232 window=0 ack_queue_size=232
[MAC 30] Enqueue ACK dest=40 seq=233 window=0 ack_queue_size=233
[MAC 30] Enqueue ACK dest=40 seq=234 window=0 ack_queue_size=234
[MAC 30] Enqueue ACK dest=40 seq=235 window=0 ack_queue_size=235
[MAC 30] Enqueue ACK dest=40 seq=236 window=0 ack_queue_size=236
[MAC 30] Enqueue ACK dest=40 seq=237 window=0 ack_queue_size=237
[MAC 30] Enqueue ACK dest=40 seq=238 window=0 ack_queue_size=238
[MAC 30] Enqueue ACK dest=40 seq=239 window=0 ack_queue_size=239
[MAC 30] Enqueue ACK dest=40 seq=240 window=0 ack_queue_size=240
[MAC 30] Enqueue ACK dest=40 seq=241 window=0 ack_queue_size=241
[MAC 30] Enqueue ACK dest=40 seq=242 window=0 ack_queue_size=242
[MAC 30] Enqueue ACK dest=40 seq=243 window=0 ack_queue_size=243
[MAC 30] Enqueue ACK dest=40 seq=244 window=0 ack_queue_size=244
[MAC 30] Enqueue ACK dest=40 seq=245 window=0 ack_queue_size=245
[MAC 30] Enqueue ACK dest=40 seq=246 window=0 ack_queue_size=246
[MAC 30] Enqueue ACK dest=40 seq=247 window=0 ack_queue_size=247
[MAC 30] Enqueue ACK dest=40 seq=248 window=0 ack_queue_size=248
[MAC 30] Enqueue ACK dest=40 seq=249 window=0 ack_queue_size=249
[MAC 30] Enqueue ACK dest=40 seq=250 window=0 ack_queue_size=250
[MAC 30] Enqueue ACK dest=40 seq=251 window=0 ack_queue_size=251
[MAC 30] Enqueue ACK dest=40 seq=252 window=0 ack_queue_size=252
[MAC 30] Enqueue ACK dest=40 seq=253 window=0 ack_queue_size=253
[MAC 30] Enqueue ACK dest=40 seq=254 window=0 ack_queue_size=254
[MAC 30] Enqueue ACK dest=40 seq=255 window=0 ack_queue_size=255
[MAC 30] Enqueue ACK dest=40 seq=256 window=0 ack_queue_size=256
[MAC 30] Drop ACK: OPNET ACK queue limit reached dest=40 seq=257 limit=256
[MAC 50] Enqueue ACK dest=60 seq=1 window=0 ack_queue_size=1
[MAC 50] PickTxSlot(dest=60) active_nodes_for_slotting=1 opnet_slot_range=18
[MAC 50] PickTxSlot(dest=60) avoid:
[MAC 50] controlled differential reservation slot=1
[MAC 50] starts Pre-Tx with new slot=1 holdoff_over=0
[MAC 50] OPNET 300-ms transmit holdoff complete
[MAC 50] PickTxSlot(dest=60) active_nodes_for_slotting=1 opnet_slot_range=18
[MAC 50] PickTxSlot(dest=60) avoid:
[MAC 50] controlled differential reservation slot=1
[MAC 50] TX opportunity reached currentSlot=1 reserveNextSlot=1
... type=1 speedKey=8[t=0.413] TX from node 50 to dest 60 seq 1 size 30 bytes segments 1 at slot 1 rate 8 kbps txPower 0 dBm (7843.14 bps) preamble SHORT duration 0.05406 s
[MAC 50] ACK transmitted in aggregate dest=60 seq=1 txCount=1/5
[MAC 50] OPNET aggregate transmitted segments=1 ackSegments=1 dataSegments=0 bytes=30 rate=8
[MAC 50] resumes Pre-Tx with live slot=1 counter=1
[MAC 50] PickTxSlot(dest=60) active_nodes_for_slotting=1 opnet_slot_range=18
[MAC 50] PickTxSlot(dest=60) avoid:
[MAC 50] controlled differential reservation slot=1
[MAC 50] TX opportunity reached currentSlot=1 reserveNextSlot=1
... type=1 speedKey=8[t=0.513] TX from node 50 to dest 60 seq 1 size 30 bytes segments 1 at slot 1 rate 8 kbps txPower 0 dBm (7843.14 bps) preamble SHORT duration 0.05406 s
[MAC 50] ACK transmitted in aggregate dest=60 seq=1 txCount=2/5
[MAC 50] OPNET aggregate transmitted segments=1 ackSegments=1 dataSegments=0 bytes=30 rate=8
[MAC 50] resumes Pre-Tx with live slot=1 counter=1
[MAC 50] PickTxSlot(dest=60) active_nodes_for_slotting=1 opnet_slot_range=18
[MAC 50] PickTxSlot(dest=60) avoid:
[MAC 50] controlled differential reservation slot=1
[MAC 50] TX opportunity reached currentSlot=1 reserveNextSlot=1
... type=1 speedKey=8[t=0.613] TX from node 50 to dest 60 seq 1 size 30 bytes segments 1 at slot 1 rate 8 kbps txPower 0 dBm (7843.14 bps) preamble SHORT duration 0.05406 s
[MAC 50] ACK transmitted in aggregate dest=60 seq=1 txCount=3/5
[MAC 50] OPNET aggregate transmitted segments=1 ackSegments=1 dataSegments=0 bytes=30 rate=8
[MAC 50] resumes Pre-Tx with live slot=1 counter=1
[MAC 50] PickTxSlot(dest=60) active_nodes_for_slotting=1 opnet_slot_range=18
[MAC 50] PickTxSlot(dest=60) avoid:
[MAC 50] controlled differential reservation slot=1
[MAC 50] TX opportunity reached currentSlot=1 reserveNextSlot=1
... type=1 speedKey=8[t=0.713] TX from node 50 to dest 60 seq 1 size 30 bytes segments 1 at slot 1 rate 8 kbps txPower 0 dBm (7843.14 bps) preamble SHORT duration 0.05406 s
[MAC 50] ACK transmitted in aggregate dest=60 seq=1 txCount=4/5
[MAC 50] OPNET aggregate transmitted segments=1 ackSegments=1 dataSegments=0 bytes=30 rate=8
[MAC 50] resumes Pre-Tx with live slot=1 counter=1
[MAC 50] PickTxSlot(dest=60) active_nodes_for_slotting=1 opnet_slot_range=18
[MAC 50] PickTxSlot(dest=60) avoid:
[MAC 50] controlled differential reservation slot=1
[MAC 50] TX opportunity reached currentSlot=1 reserveNextSlot=1
... type=1 speedKey=8[t=0.813] TX from node 50 to dest 60 seq 1 size 30 bytes segments 1 at slot 1 rate 8 kbps txPower 0 dBm (7843.14 bps) preamble SHORT duration 0.05406 s
[MAC 50] ACK transmitted in aggregate dest=60 seq=1 txCount=5/5
[MAC 50] Remove ACK after OPNET resend limit dest=60 seq=1
[MAC 50] OPNET aggregate transmitted segments=1 ackSegments=1 dataSegments=0 bytes=30 rate=8
[MAC 50] post-TX WAIT_FOR_ACK until 17.8671 (POST_TX_WAIT=17 s)
[MAC 50] local advertised reservation expired
[NWK 101] ARL neighbor admission=disabled
[NWK 101] automatic_route_propagation=disabled
[NWK 102] ARL neighbor admission=disabled
[NWK 102] automatic_route_propagation=disabled
[NWK 101] Cleared selected-route preference dst=101 reason=no-valid-route
[NWK 101] Selected route changed dst=101 reason=local capability changed pendingDestinations=1
[NWK 101] nodeType=Gateway
[NWK 102] Cleared selected-route preference dst=102 reason=no-valid-route
[NWK 102] Selected route changed dst=102 reason=local capability changed pendingDestinations=1
[NWK 102] nodeType=Routable
[NWK 101] Added route candidate dst=103 nextHop=103 hops=1 cost=29 linkCost=29 advCost=0 learnedFrom=16777215 selectionDeferred=0 selected=1
[NWK 101] Updated selected-route preference dst=103 preferredNextHop=103
[NWK 101] Selected route changed dst=103 reason=candidate update pendingDestinations=2
[NWK 101] Static route link_calc dst=103 nextHop=103 pathloss=70 speed=128 txPower=0 estDistance=75 speedMargin=53 totalMargin=65 cost=29
[NWK 101] NSDP(101->102) incremented to 1
[NWK 101] routesProcess grouped selected-route changes count=2 infoChanged=0 time=0
[NWK 101] Best route dst=103 nextHop=103 cost=29 hops=1 learnedFrom=16777215 candidates=1 validCandidates=1
[NWK 101] Source-owned self route dst=101 nextHop=101 cost=0 hops=0 capability=2 advertised=1
[NWK 101] Automatic route propagation disabled; reporting only
[NWK 102] routesProcess grouped selected-route changes count=1 infoChanged=0 time=0
[NWK 102] Source-owned self route dst=102 nextHop=102 cost=0 hops=0 capability=1 advertised=1
[NWK 102] Automatic route propagation disabled; reporting only
[NWK 101] CheckNwkQueue: size=1
[NWK 101] No route to nwkDst=102 -> holding packet without implicit discovery
[MAC 101] active_nodes set to 2 for local slotting and post-TX wait
[NWK 101] active_nodes=2 pushed to MAC
[MAC 101] max_reported_active_nodes updated to 2
[NWK 101] New HELLO neighbor=102 hopSrc=102 speedKey=8 activeNodes=2 pathloss=70 snr=30
[NWK 101] link_calc neighbor=102 s0=-105 pathloss=70 numFailures=0 speed=128 txPower=0 estDistance=75 speedMargin=53 totalMargin=65 costMode=local-only cost=29
[NWK 101] Added route candidate dst=102 nextHop=102 hops=1 cost=29 linkCost=29 advCost=0 learnedFrom=102 selectionDeferred=0 selected=1
[NWK 101] Updated selected-route preference dst=102 preferredNextHop=102
[NWK 101] Selected route changed dst=102 reason=candidate update pendingDestinations=1
[NWK 101] ARL route message from 102 type=None advCount=0
[NWK 101] Routes: dst=103->nh=103(hops=1,cost=29,linkCost=29,advCost=0,from=16777215,imm=1,pl=70,valid=1,path=[103]) dst=102->nh=102(hops=1,cost=29,linkCost=29,advCost=0,from=102,imm=1,pl=70,valid=1,path=[102])
[NWK 101] routesProcess grouped selected-route changes count=1 infoChanged=0 time=0.001
[NWK 101] Best route dst=102 nextHop=102 cost=29 hops=1 learnedFrom=102 candidates=1 validCandidates=1
[NWK 101] Automatic route propagation disabled; reporting only
[NWK 101] NSDP(101->103) incremented to 1
[NWK 101] CheckNwkQueue: size=2
[HOP 101] CanSendToHop dest=102 outstanding=0 threshold=0 effectiveWindow=1 pendingData=0 globalLimit=16 neighborOK=1 nodeOK=1 -> YES
[HOP 101] link_control dest=102 neighborKnown=0 speed=8 txPower=30 rxPower=-105
[HOP 101] Pending DATA increment dest=102 pending=1
[HOP 101] TX Pairwise16 DATA neighbor=102 hopSeq=1 securityCount=1
[MAC] Enqueue TX pkt dscp=5 insert_pos=0 queue_size_before=0
[HOP 101] CanSendToHop dest=103 outstanding=0 threshold=0 effectiveWindow=1 pendingData=1 globalLimit=16 neighborOK=1 nodeOK=1 -> YES
[HOP 101] link_control dest=103 neighborKnown=0 speed=8 txPower=30 rxPower=-105
[HOP 101] Pending DATA increment dest=103 pending=2
[HOP 101] TX Pairwise16 DATA neighbor=103 hopSeq=1 securityCount=1
[MAC] Enqueue TX pkt dscp=0 insert_pos=1 queue_size_before=1
[MAC 101] PickTxSlot(dest=102) active_nodes_for_slotting=2 opnet_slot_range=21
[MAC 101] PickTxSlot(dest=102) avoid:
[MAC 101] PickTxSlot chose 21 using OPNET free-slot ordinal range [1,21]
[MAC 101] starts Pre-Tx with new slot=21 holdoff_over=0
[MAC 101] OPNET 300-ms transmit holdoff complete
[MAC 101] PickTxSlot(dest=102) active_nodes_for_slotting=2 opnet_slot_range=21
[MAC 101] PickTxSlot(dest=102) avoid:
[MAC 101] PickTxSlot chose 9 using OPNET free-slot ordinal range [1,21]
[MAC 101] TX opportunity reached currentSlot=21 reserveNextSlot=9
... type=0 speedKey=8[t=0.587] TX from node 101 to dest 102 seq 1 size 114 bytes segments 2 at slot 9 rate 8 kbps txPower 30 dBm (7843.14 bps) preamble LONG duration 1.1322 s
[HOP 101] MAC sent confirmation dest=102 seq=1 transmission=1 sentAt=0.587
[HOP 101] MAC sent confirmation dest=103 seq=1 transmission=1 sentAt=0.587
[MAC 101] OPNET aggregate transmitted segments=2 ackSegments=0 dataSegments=2 bytes=114 rate=8
[t=0.587] RX SYNC at node 102 from node 101 seq 1 power 27.8722 dBm noise -106.975 dBm snr 134.847 dB state=1
[t=0.59363] MAC 102 enters Track on node 101 seq 1 power 27.8722 dBm
[MAC 101] post-TX WAIT_FOR_ACK until 20.2192 (POST_TX_WAIT=18.5 s)
[t=1.7192] RX at node 102 from node 101 seq 1 rate 8 kbps txPower 30 dBm preamble LONG pathloss 2.12777 dB snr 134.847 dB (slot 9, len 114B, ackable=1)
[MAC 102] Ignore first-contact reservation from unknown neighbor 101 slot=9
[HOP 102] New neighbor 101 heard at t=1.7192s
[HOP 102] RX authenticated Pairwise16 DATA from=101 keyId=1 keySeq=2
[HOP 102] link_control dest=101 neighborKnown=1 s0=-105 pathloss=2.12777 failures=0 speed=128 txPower=0 rxPower=-105 cost=29
[MAC 102] Enqueue ACK dest=101 seq=1 window=1 ack_queue_size=1
[NWK 102] Added reverse path netSrc=101 reverseHop=101
[HOP 102] Overheard frame from 101 for 103 type=0 ignored after neighbor update
[MAC 102] PickTxSlot(dest=101) active_nodes_for_slotting=1 opnet_slot_range=18
[MAC 102] PickTxSlot(dest=101) avoid:
[MAC 102] PickTxSlot chose 16 using OPNET free-slot ordinal range [1,18]
[MAC 102] starts Pre-Tx with new slot=16 holdoff_over=0
[MAC 101] local advertised reservation expired
[MAC 102] OPNET 300-ms transmit holdoff complete
[MAC 102] PickTxSlot(dest=101) active_nodes_for_slotting=1 opnet_slot_range=18
[MAC 102] PickTxSlot(dest=101) avoid:
[MAC 102] PickTxSlot chose 2 using OPNET free-slot ordinal range [1,18]
[MAC 102] TX opportunity reached currentSlot=16 reserveNextSlot=2
... type=1 speedKey=128[t=2.2392] TX from node 102 to dest 101 seq 1 size 46 bytes segments 1 at slot 2 rate 128 kbps txPower 0 dBm (133333 bps) preamble SHORT duration 0.02238 s
[MAC 102] ACK transmitted in aggregate dest=101 seq=1 txCount=1/5
[MAC 102] OPNET aggregate transmitted segments=1 ackSegments=1 dataSegments=0 bytes=46 rate=128
[t=2.2392] RX SYNC at node 101 from node 102 seq 1 power -2.12777 dBm noise -106.975 dBm snr 104.847 dB state=1
[t=2.24583] MAC 101 enters Track on node 102 seq 1 power -2.12777 dBm
[MAC 102] resumes Pre-Tx with live slot=2 counter=2
[t=2.26158] RX at node 101 from node 102 seq 1 rate 128 kbps txPower 0 dBm preamble SHORT pathloss 2.12777 dB snr 104.847 dB (slot 2, len 46B, ackable=0)
[MAC 101] Ignore first-contact reservation from unknown neighbor 102 slot=2
[HOP 101] New neighbor 102 heard at t=2.26158s
[HOP 101] RX ACK from 102 seq=1
[HOP 101] Pending DATA decrement reason=ACK neighbor=102 pending=1
[NWK 101] NSDP(101->102) decremented to 0
[NWK 101] HOP completion released NSDP slot; awaiting HOP queue wake flow=101->102
[NWK 101] CheckNwkQueue: size=0
[MAC 102] PickTxSlot(dest=101) active_nodes_for_slotting=1 opnet_slot_range=18
[MAC 102] PickTxSlot(dest=101) avoid:
[MAC 102] PickTxSlot chose 1 using OPNET free-slot ordinal range [1,18]
[MAC 102] TX opportunity reached currentSlot=2 reserveNextSlot=1
... type=1 speedKey=128[t=2.2912] TX from node 102 to dest 101 seq 1 size 46 bytes segments 1 at slot 1 rate 128 kbps txPower 0 dBm (133333 bps) preamble SHORT duration 0.02238 s
[MAC 102] ACK transmitted in aggregate dest=101 seq=1 txCount=2/5
[MAC 102] OPNET aggregate transmitted segments=1 ackSegments=1 dataSegments=0 bytes=46 rate=128
[t=2.2912] RX SYNC at node 101 from node 102 seq 1 power -2.12777 dBm noise -106.975 dBm snr 104.847 dB state=1
[t=2.29783] MAC 101 enters Track on node 102 seq 1 power -2.12777 dBm
[MAC 102] resumes Pre-Tx with live slot=1 counter=1
[t=2.31358] RX at node 101 from node 102 seq 1 rate 128 kbps txPower 0 dBm preamble SHORT pathloss 2.12777 dB snr 104.847 dB (slot 1, len 46B, ackable=0)
[MAC 101] Learned neighbor 102 uses slot 1 (rtCounter=1)
[HOP 101] RX ACK from 102 seq=1
[NWK 101] CheckNwkQueue: size=0
[MAC 101] rtslot_counter expired for neighbor 102 reserveSlot=1
[MAC 102] PickTxSlot(dest=101) active_nodes_for_slotting=1 opnet_slot_range=18
[MAC 102] PickTxSlot(dest=101) avoid:
[MAC 102] PickTxSlot chose 6 using OPNET free-slot ordinal range [1,18]
[MAC 102] TX opportunity reached currentSlot=1 reserveNextSlot=6
... type=1 speedKey=128[t=2.3302] TX from node 102 to dest 101 seq 1 size 46 bytes segments 1 at slot 6 rate 128 kbps txPower 0 dBm (133333 bps) preamble SHORT duration 0.02238 s
[MAC 102] ACK transmitted in aggregate dest=101 seq=1 txCount=3/5
[MAC 102] OPNET aggregate transmitted segments=1 ackSegments=1 dataSegments=0 bytes=46 rate=128
[t=2.3302] RX SYNC at node 101 from node 102 seq 1 power -2.12777 dBm noise -106.975 dBm snr 104.847 dB state=1
[t=2.33683] MAC 101 enters Track on node 102 seq 1 power -2.12777 dBm
[MAC 102] resumes Pre-Tx with live slot=6 counter=6
[t=2.35258] RX at node 101 from node 102 seq 1 rate 128 kbps txPower 0 dBm preamble SHORT pathloss 2.12777 dB snr 104.847 dB (slot 6, len 46B, ackable=0)
[MAC 101] Learned neighbor 102 uses slot 6 (rtCounter=6)
[HOP 101] RX ACK from 102 seq=1
[NWK 101] CheckNwkQueue: size=0
[MAC 101] rtslot_counter expired for neighbor 102 reserveSlot=6
[MAC 102] PickTxSlot(dest=101) active_nodes_for_slotting=1 opnet_slot_range=18
[MAC 102] PickTxSlot(dest=101) avoid:
[MAC 102] PickTxSlot chose 4 using OPNET free-slot ordinal range [1,18]
[MAC 102] TX opportunity reached currentSlot=6 reserveNextSlot=4
... type=1 speedKey=128[t=2.4342] TX from node 102 to dest 101 seq 1 size 46 bytes segments 1 at slot 4 rate 128 kbps txPower 0 dBm (133333 bps) preamble SHORT duration 0.02238 s
[MAC 102] ACK transmitted in aggregate dest=101 seq=1 txCount=4/5
[MAC 102] OPNET aggregate transmitted segments=1 ackSegments=1 dataSegments=0 bytes=46 rate=128
[t=2.4342] RX SYNC at node 101 from node 102 seq 1 power -2.12777 dBm noise -106.975 dBm snr 104.847 dB state=1
[t=2.44083] MAC 101 enters Track on node 102 seq 1 power -2.12777 dBm
[MAC 102] resumes Pre-Tx with live slot=4 counter=4
[t=2.45658] RX at node 101 from node 102 seq 1 rate 128 kbps txPower 0 dBm preamble SHORT pathloss 2.12777 dB snr 104.847 dB (slot 4, len 46B, ackable=0)
[MAC 101] Learned neighbor 102 uses slot 4 (rtCounter=4)
[HOP 101] RX ACK from 102 seq=1
[NWK 101] CheckNwkQueue: size=0
[MAC 101] rtslot_counter expired for neighbor 102 reserveSlot=4
[MAC 102] PickTxSlot(dest=101) active_nodes_for_slotting=1 opnet_slot_range=18
[MAC 102] PickTxSlot(dest=101) avoid:
[MAC 102] PickTxSlot chose 12 using OPNET free-slot ordinal range [1,18]
[MAC 102] TX opportunity reached currentSlot=4 reserveNextSlot=12
... type=1 speedKey=128[t=2.5122] TX from node 102 to dest 101 seq 1 size 46 bytes segments 1 at slot 12 rate 128 kbps txPower 0 dBm (133333 bps) preamble SHORT duration 0.02238 s
[MAC 102] ACK transmitted in aggregate dest=101 seq=1 txCount=5/5
[MAC 102] Remove ACK after OPNET resend limit dest=101 seq=1
[MAC 102] OPNET aggregate transmitted segments=1 ackSegments=1 dataSegments=0 bytes=46 rate=128
[t=2.5122] RX SYNC at node 101 from node 102 seq 1 power -2.12777 dBm noise -106.975 dBm snr 104.847 dB state=1
[t=2.51883] MAC 101 enters Track on node 102 seq 1 power -2.12777 dBm
[MAC 102] post-TX WAIT_FOR_ACK until 19.5346 (POST_TX_WAIT=17 s)
[t=2.53458] RX at node 101 from node 102 seq 1 rate 128 kbps txPower 0 dBm preamble SHORT pathloss 2.12777 dB snr 104.847 dB (slot 12, len 46B, ackable=0)
[MAC 101] Learned neighbor 102 uses slot 12 (rtCounter=12)
[HOP 101] RX ACK from 102 seq=1
[NWK 101] CheckNwkQueue: size=0
[MAC] Enqueue TX pkt dscp=0 insert_pos=0 queue_size_before=0
[MAC 101] PickTxSlot(dest=103) active_nodes_for_slotting=2 opnet_slot_range=21
[MAC 101] avoiding neighbor 102 currentReservedSlot=7 rtslot_counter=7
[MAC 101] PickTxSlot(dest=103) avoid: 7
[MAC 101] PickTxSlot chose 15 using OPNET free-slot ordinal range [1,21]
[MAC 101] starts Pre-Tx with new slot=15 holdoff_over=1
[MAC 101] rtslot_counter expired for neighbor 102 reserveSlot=12
[MAC 102] local advertised reservation expired
[MAC 101] PickTxSlot(dest=103) active_nodes_for_slotting=2 opnet_slot_range=21
[MAC 101] PickTxSlot(dest=103) avoid:
[MAC 101] PickTxSlot chose 11 using OPNET free-slot ordinal range [1,21]
[MAC 101] TX opportunity reached currentSlot=15 reserveNextSlot=11
... type=0 speedKey=8[t=2.797] TX from node 101 to dest 103 seq 1 size 53 bytes segments 1 at slot 11 rate 8 kbps txPower 30 dBm (7843.14 bps) preamble LONG duration 1.06998 s
[HOP 101] MAC sent confirmation dest=103 seq=1 transmission=2 sentAt=2.797
[MAC 101] OPNET aggregate transmitted segments=1 ackSegments=0 dataSegments=1 bytes=53 rate=8
[t=2.797] RX SYNC at node 102 from node 101 seq 1 power 27.8722 dBm noise -106.975 dBm snr 134.847 dB state=1
[t=2.80363] MAC 102 enters Track on node 101 seq 1 power 27.8722 dBm
[MAC 101] post-TX WAIT_FOR_ACK until 22.367 (POST_TX_WAIT=18.5 s)
[t=3.86698] RX OVERHEARD at node 102 from node 101 seq 1 rate 8 kbps txPower 30 dBm preamble LONG pathloss 2.12777 dB snr 134.847 dB (slot 11, len 53B, ackable=1)
[MAC 102] Learned neighbor 101 uses slot 11 (rtCounter=11)
[HOP 102] Overheard frame from 101 for 103 type=0 ignored after neighbor update
[MAC 101] local advertised reservation expired
[MAC 102] rtslot_counter expired for neighbor 101 reserveSlot=11
[MAC] Enqueue TX pkt dscp=0 insert_pos=0 queue_size_before=0
[MAC 101] PickTxSlot(dest=103) active_nodes_for_slotting=2 opnet_slot_range=21
[MAC 101] PickTxSlot(dest=103) avoid:
[MAC 101] PickTxSlot chose 15 using OPNET free-slot ordinal range [1,21]
[MAC 101] starts Pre-Tx with new slot=15 holdoff_over=1
[MAC 101] PickTxSlot(dest=103) active_nodes_for_slotting=2 opnet_slot_range=21
[MAC 101] PickTxSlot(dest=103) avoid:
[MAC 101] PickTxSlot chose 20 using OPNET free-slot ordinal range [1,21]
[MAC 101] TX opportunity reached currentSlot=15 reserveNextSlot=20
... type=0 speedKey=8[t=5.007] TX from node 101 to dest 103 seq 1 size 53 bytes segments 1 at slot 20 rate 8 kbps txPower 30 dBm (7843.14 bps) preamble LONG duration 1.06998 s
[HOP 101] MAC sent confirmation dest=103 seq=1 transmission=3 sentAt=5.007
[MAC 101] OPNET aggregate transmitted segments=1 ackSegments=0 dataSegments=1 bytes=53 rate=8
[t=5.007] RX SYNC at node 102 from node 101 seq 1 power 27.8722 dBm noise -106.975 dBm snr 134.847 dB state=1
[t=5.01363] MAC 102 enters Track on node 101 seq 1 power 27.8722 dBm
[MAC 101] post-TX WAIT_FOR_ACK until 24.577 (POST_TX_WAIT=18.5 s)
[t=6.07698] RX OVERHEARD at node 102 from node 101 seq 1 rate 8 kbps txPower 30 dBm preamble LONG pathloss 2.12777 dB snr 134.847 dB (slot 20, len 53B, ackable=1)
[MAC 102] Learned neighbor 101 uses slot 20 (rtCounter=20)
[HOP 102] Overheard frame from 101 for 103 type=0 ignored after neighbor update
[MAC 101] local advertised reservation expired
[MAC 102] rtslot_counter expired for neighbor 101 reserveSlot=20
[NWK 101] NSDP(101->103) decremented to 0
[NWK 101] HOP completion released NSDP slot; awaiting HOP queue wake flow=101->103
[HOP 101] Pending DATA decrement reason=no-ACK neighbor=103 pending=0
[NWK 101] CheckNwkQueue: size=0
[NWK 201] ARL neighbor admission=disabled
[NWK 201] automatic_route_propagation=disabled
[NWK 202] ARL neighbor admission=disabled
[NWK 202] automatic_route_propagation=disabled
[NWK 203] ARL neighbor admission=disabled
[NWK 203] automatic_route_propagation=disabled
[NWK 201] Cleared selected-route preference dst=201 reason=no-valid-route
[NWK 201] Selected route changed dst=201 reason=local capability changed pendingDestinations=1
[NWK 201] nodeType=Gateway
[NWK 202] Cleared selected-route preference dst=202 reason=no-valid-route
[NWK 202] Selected route changed dst=202 reason=local capability changed pendingDestinations=1
[NWK 202] nodeType=Routable
[NWK 203] Cleared selected-route preference dst=203 reason=no-valid-route
[NWK 203] Selected route changed dst=203 reason=local capability changed pendingDestinations=1
[NWK 203] nodeType=Routable
[NWK 201] Added route candidate dst=203 nextHop=202 hops=2 cost=17 linkCost=17 advCost=0 learnedFrom=202 selectionDeferred=0 selected=1
[NWK 201] Updated selected-route preference dst=203 preferredNextHop=202
[NWK 201] Selected route changed dst=203 reason=candidate update pendingDestinations=2
[NWK 202] Added route candidate dst=203 nextHop=203 hops=1 cost=9 linkCost=9 advCost=0 learnedFrom=203 selectionDeferred=0 selected=1
[NWK 202] Updated selected-route preference dst=203 preferredNextHop=203
[NWK 202] Selected route changed dst=203 reason=candidate update pendingDestinations=2
[NWK 201] NSDP(201->203) incremented to 1
[NWK 201] routesProcess grouped selected-route changes count=2 infoChanged=0 time=0
[NWK 201] Best route dst=203 nextHop=202 cost=17 hops=2 learnedFrom=202 candidates=1 validCandidates=1
[NWK 201] Source-owned self route dst=201 nextHop=201 cost=0 hops=0 capability=2 advertised=1
[NWK 201] Automatic route propagation disabled; reporting only
[NWK 202] routesProcess grouped selected-route changes count=2 infoChanged=0 time=0
[NWK 202] Best route dst=203 nextHop=203 cost=9 hops=1 learnedFrom=203 candidates=1 validCandidates=1
[NWK 202] Source-owned self route dst=202 nextHop=202 cost=0 hops=0 capability=1 advertised=1
[NWK 202] Automatic route propagation disabled; reporting only
[NWK 203] routesProcess grouped selected-route changes count=1 infoChanged=0 time=0
[NWK 203] Source-owned self route dst=203 nextHop=203 cost=0 hops=0 capability=1 advertised=1
[NWK 203] Automatic route propagation disabled; reporting only
[NWK 201] CheckNwkQueue: size=1
[HOP 201] CanSendToHop dest=202 outstanding=0 threshold=0 effectiveWindow=1 pendingData=0 globalLimit=16 neighborOK=1 nodeOK=1 -> YES
[HOP 201] link_control dest=202 neighborKnown=0 speed=8 txPower=30 rxPower=-105
[HOP 201] Pending DATA increment dest=202 pending=1
[HOP 201] TX Pairwise16 DATA neighbor=202 hopSeq=1 securityCount=1
[MAC] Enqueue TX pkt dscp=5 insert_pos=0 queue_size_before=0
[MAC 201] PickTxSlot(dest=202) active_nodes_for_slotting=1 opnet_slot_range=18
[MAC 201] PickTxSlot(dest=202) avoid:
[MAC 201] PickTxSlot chose 12 using OPNET free-slot ordinal range [1,18]
[MAC 201] starts Pre-Tx with new slot=12 holdoff_over=0
[MAC 201] OPNET 300-ms transmit holdoff complete
[MAC 201] PickTxSlot(dest=202) active_nodes_for_slotting=1 opnet_slot_range=18
[MAC 201] PickTxSlot(dest=202) avoid:
[MAC 201] PickTxSlot chose 18 using OPNET free-slot ordinal range [1,18]
[MAC 201] TX opportunity reached currentSlot=12 reserveNextSlot=18
... type=0 speedKey=8[t=0.468] TX from node 201 to dest 202 seq 1 size 69 bytes segments 1 at slot 18 rate 8 kbps txPower 30 dBm (7843.14 bps) preamble LONG duration 1.0863 s
[HOP 201] MAC sent confirmation dest=202 seq=1 transmission=1 sentAt=0.468
[MAC 201] OPNET aggregate transmitted segments=1 ackSegments=0 dataSegments=1 bytes=69 rate=8
[t=0.468] RX SYNC at node 202 from node 201 seq 1 power 27.8722 dBm noise -106.975 dBm snr 134.847 dB state=1
[t=0.47463] MAC 202 enters Track on node 201 seq 1 power 27.8722 dBm
[MAC 201] post-TX WAIT_FOR_ACK until 18.5543 (POST_TX_WAIT=17 s)
[t=1.5543] RX at node 202 from node 201 seq 1 rate 8 kbps txPower 30 dBm preamble LONG pathloss 2.12777 dB snr 134.847 dB (slot 18, len 69B, ackable=1)
[MAC 202] Ignore first-contact reservation from unknown neighbor 201 slot=18
[HOP 202] New neighbor 201 heard at t=1.5543s
[HOP 202] RX authenticated Pairwise16 DATA from=201 keyId=1 keySeq=2
[HOP 202] link_control dest=201 neighborKnown=1 s0=-105 pathloss=2.12777 failures=0 speed=128 txPower=0 rxPower=-105 cost=29
[NWK 202] Added reverse path netSrc=201 reverseHop=201
[MAC 202] Enqueue ACK dest=201 seq=1 window=1 ack_queue_size=1
[MAC 202] PickTxSlot(dest=201) active_nodes_for_slotting=1 opnet_slot_range=18
[MAC 202] PickTxSlot(dest=201) avoid:
[MAC 202] PickTxSlot chose 11 using OPNET free-slot ordinal range [1,18]
[MAC 202] starts Pre-Tx with new slot=11 holdoff_over=0
[NWK 202] CheckNwkQueue: size=1
[HOP 202] CanSendToHop dest=203 outstanding=0 threshold=0 effectiveWindow=1 pendingData=0 globalLimit=16 neighborOK=1 nodeOK=1 -> YES
[HOP 202] link_control dest=203 neighborKnown=0 speed=8 txPower=30 rxPower=-105
[HOP 202] Pending DATA increment dest=203 pending=1
[HOP 202] TX Pairwise16 DATA neighbor=203 hopSeq=1 securityCount=1
[MAC] Enqueue TX pkt dscp=5 insert_pos=0 queue_size_before=0
[MAC 201] local advertised reservation expired
[MAC 202] OPNET 300-ms transmit holdoff complete
[MAC 202] PickTxSlot(dest=201) active_nodes_for_slotting=1 opnet_slot_range=18
[MAC 202] PickTxSlot(dest=201) avoid:
[MAC 202] PickTxSlot chose 11 using OPNET free-slot ordinal range [1,18]
[MAC 202] TX opportunity reached currentSlot=11 reserveNextSlot=11
... type=1 speedKey=8[t=2.0093] TX from node 202 to dest 201 seq 1 size 115 bytes segments 2 at slot 11 rate 8 kbps txPower 30 dBm (7843.14 bps) preamble LONG duration 1.13322 s
[HOP 202] MAC sent confirmation dest=203 seq=1 transmission=1 sentAt=2.0093
[MAC 202] ACK transmitted in aggregate dest=201 seq=1 txCount=1/5
[MAC 202] OPNET aggregate transmitted segments=2 ackSegments=1 dataSegments=1 bytes=115 rate=8
[t=2.0093] RX SYNC at node 201 from node 202 seq 1 power 27.8722 dBm noise -106.975 dBm snr 134.847 dB state=1
[t=2.0093] RX SYNC at node 203 from node 202 seq 1 power 27.8722 dBm noise -106.975 dBm snr 134.847 dB state=1
[t=2.01593] MAC 201 enters Track on node 202 seq 1 power 27.8722 dBm
[t=2.01593] MAC 203 enters Track on node 202 seq 1 power 27.8722 dBm
[MAC] Enqueue TX pkt dscp=5 insert_pos=0 queue_size_before=0
[MAC 202] resumes Pre-Tx with live slot=11 counter=11
[t=3.14252] RX at node 201 from node 202 seq 1 rate 8 kbps txPower 30 dBm preamble LONG pathloss 2.12777 dB snr 134.847 dB (slot 11, len 115B, ackable=1)
[MAC 201] Ignore first-contact reservation from unknown neighbor 202 slot=11
[HOP 201] New neighbor 202 heard at t=3.14252s
[HOP 201] RX ACK from 202 seq=1
[HOP 201] Pending DATA decrement reason=ACK neighbor=202 pending=0
[NWK 201] NSDP(201->203) decremented to 0
[NWK 201] HOP completion released NSDP slot; awaiting HOP queue wake flow=201->203
[MAC 201] Cancel queued acknowledged frame neighbor=202 seq=1 baseSeq=1 windowIndex=0
[HOP 201] Overheard frame from 202 for 203 type=0 ignored after neighbor update
[t=3.14252] RX at node 203 from node 202 seq 1 rate 8 kbps txPower 30 dBm preamble LONG pathloss 2.12777 dB snr 134.847 dB (slot 11, len 115B, ackable=1)
[MAC 203] Ignore first-contact reservation from unknown neighbor 202 slot=11
[HOP 203] New neighbor 202 heard at t=3.14252s
[HOP 203] Overheard frame from 202 for 201 type=1 ignored after neighbor update
[HOP 203] RX authenticated Pairwise16 DATA from=202 keyId=1 keySeq=2
[HOP 203] link_control dest=202 neighborKnown=1 s0=-105 pathloss=2.12777 failures=0 speed=128 txPower=0 rxPower=-105 cost=29
[MAC 203] Enqueue ACK dest=202 seq=1 window=1 ack_queue_size=1
[NWK 203] Added reverse path netSrc=201 reverseHop=202
[MAC 203] PickTxSlot(dest=202) active_nodes_for_slotting=1 opnet_slot_range=18
[MAC 203] PickTxSlot(dest=202) avoid:
[MAC 203] PickTxSlot chose 4 using OPNET free-slot ordinal range [1,18]
[MAC 203] starts Pre-Tx with new slot=4 holdoff_over=0
[NWK 201] CheckNwkQueue: size=0
[MAC 202] PickTxSlot(dest=201) active_nodes_for_slotting=1 opnet_slot_range=18
[MAC 202] PickTxSlot(dest=201) avoid:
[MAC 202] PickTxSlot chose 17 using OPNET free-slot ordinal range [1,18]
[MAC 202] TX opportunity reached currentSlot=11 reserveNextSlot=17
... type=1 speedKey=128[t=3.2963] TX from node 202 to dest 201 seq 1 size 46 bytes segments 1 at slot 17 rate 128 kbps txPower 0 dBm (133333 bps) preamble SHORT duration 0.02238 s
[MAC 202] ACK transmitted in aggregate dest=201 seq=1 txCount=2/5
[MAC 202] OPNET aggregate transmitted segments=1 ackSegments=1 dataSegments=0 bytes=46 rate=128
[t=3.2963] RX SYNC at node 201 from node 202 seq 1 power -2.12777 dBm noise -106.975 dBm snr 104.847 dB state=1
[t=3.2963] RX SYNC at node 203 from node 202 seq 1 power -2.12777 dBm noise -106.975 dBm snr 104.847 dB state=1
[t=3.30293] MAC 201 enters Track on node 202 seq 1 power -2.12777 dBm
[t=3.30293] MAC 203 enters Track on node 202 seq 1 power -2.12777 dBm
[MAC 202] resumes Pre-Tx with live slot=17 counter=17
[t=3.31868] RX at node 201 from node 202 seq 1 rate 128 kbps txPower 0 dBm preamble SHORT pathloss 2.12777 dB snr 104.847 dB (slot 17, len 46B, ackable=0)
[MAC 201] Learned neighbor 202 uses slot 17 (rtCounter=17)
[HOP 201] RX ACK from 202 seq=1
[t=3.31868] RX OVERHEARD at node 203 from node 202 seq 1 rate 128 kbps txPower 0 dBm preamble SHORT pathloss 2.12777 dB snr 104.847 dB (slot 17, len 46B, ackable=0)
[MAC 203] Learned neighbor 202 uses slot 17 (rtCounter=17)
[HOP 203] Overheard frame from 202 for 201 type=1 ignored after neighbor update
[NWK 201] CheckNwkQueue: size=0
[MAC 203] OPNET 300-ms transmit holdoff complete
[MAC 203] PickTxSlot(dest=202) active_nodes_for_slotting=1 opnet_slot_range=18
[MAC 203] avoiding neighbor 202 currentReservedSlot=2 rtslot_counter=2
[MAC 203] PickTxSlot(dest=202) avoid: 2
[MAC 203] PickTxSlot chose 12 using OPNET free-slot ordinal range [1,18]
[MAC 203] TX opportunity reached currentSlot=4 reserveNextSlot=12
... type=1 speedKey=128[t=3.50652] TX from node 203 to dest 202 seq 1 size 46 bytes segments 1 at slot 12 rate 128 kbps txPower 0 dBm (133333 bps) preamble SHORT duration 0.02238 s
[MAC 203] ACK transmitted in aggregate dest=202 seq=1 txCount=1/5
[MAC 203] OPNET aggregate transmitted segments=1 ackSegments=1 dataSegments=0 bytes=46 rate=128
[t=3.50652] RX SYNC at node 202 from node 203 seq 1 power -2.12777 dBm noise -106.975 dBm snr 104.847 dB state=1
[t=3.51315] MAC 202 enters Track on node 203 seq 1 power -2.12777 dBm
[MAC 203] resumes Pre-Tx with live slot=12 counter=12
[t=3.5289] RX at node 202 from node 203 seq 1 rate 128 kbps txPower 0 dBm preamble SHORT pathloss 2.12777 dB snr 104.847 dB (slot 12, len 46B, ackable=0)
[MAC 202] Ignore first-contact reservation from unknown neighbor 203 slot=12
[HOP 202] New neighbor 203 heard at t=3.5289s
[HOP 202] RX ACK from 203 seq=1
[HOP 202] Pending DATA decrement reason=ACK neighbor=203 pending=0
[NWK 202] NSDP(201->203) decremented to 0
[NWK 202] HOP completion released NSDP slot; awaiting HOP queue wake flow=201->203
[NWK 202] CheckNwkQueue: size=0
[MAC 201] rtslot_counter expired for neighbor 202 reserveSlot=17
[MAC 202] PickTxSlot(dest=201) active_nodes_for_slotting=1 opnet_slot_range=18
[MAC 202] PickTxSlot(dest=201) avoid:
[MAC 202] PickTxSlot chose 2 using OPNET free-slot ordinal range [1,18]
[MAC 202] TX opportunity reached currentSlot=17 reserveNextSlot=2
... type=1 speedKey=128[t=3.5563] TX from node 202 to dest 201 seq 1 size 46 bytes segments 1 at slot 2 rate 128 kbps txPower 0 dBm (133333 bps) preamble SHORT duration 0.02238 s
[MAC 202] ACK transmitted in aggregate dest=201 seq=1 txCount=3/5
[MAC 202] OPNET aggregate transmitted segments=1 ackSegments=1 dataSegments=0 bytes=46 rate=128
[t=3.5563] RX SYNC at node 201 from node 202 seq 1 power -2.12777 dBm noise -106.975 dBm snr 104.847 dB state=1
[t=3.5563] RX SYNC at node 203 from node 202 seq 1 power -2.12777 dBm noise -106.975 dBm snr 104.847 dB state=1
[t=3.56293] MAC 201 enters Track on node 202 seq 1 power -2.12777 dBm
[t=3.56293] MAC 203 enters Track on node 202 seq 1 power -2.12777 dBm
[MAC 202] resumes Pre-Tx with live slot=2 counter=2
[t=3.57868] RX at node 201 from node 202 seq 1 rate 128 kbps txPower 0 dBm preamble SHORT pathloss 2.12777 dB snr 104.847 dB (slot 2, len 46B, ackable=0)
[MAC 201] Learned neighbor 202 uses slot 2 (rtCounter=2)
[HOP 201] RX ACK from 202 seq=1
[t=3.57868] RX OVERHEARD at node 203 from node 202 seq 1 rate 128 kbps txPower 0 dBm preamble SHORT pathloss 2.12777 dB snr 104.847 dB (slot 2, len 46B, ackable=0)
[MAC 203] Learned neighbor 202 uses slot 2 (rtCounter=2)
[HOP 203] Overheard frame from 202 for 201 type=1 ignored after neighbor update
[NWK 201] CheckNwkQueue: size=0
[MAC 202] PickTxSlot(dest=201) active_nodes_for_slotting=1 opnet_slot_range=18
[MAC 202] PickTxSlot(dest=201) avoid:
[MAC 202] PickTxSlot chose 18 using OPNET free-slot ordinal range [1,18]
[MAC 202] TX opportunity reached currentSlot=2 reserveNextSlot=18
... type=1 speedKey=128[t=3.6083] TX from node 202 to dest 201 seq 1 size 46 bytes segments 1 at slot 18 rate 128 kbps txPower 0 dBm (133333 bps) preamble SHORT duration 0.02238 s
[MAC 202] ACK transmitted in aggregate dest=201 seq=1 txCount=4/5
[MAC 202] OPNET aggregate transmitted segments=1 ackSegments=1 dataSegments=0 bytes=46 rate=128
[t=3.6083] RX SYNC at node 201 from node 202 seq 1 power -2.12777 dBm noise -106.975 dBm snr 104.847 dB state=1
[t=3.6083] RX SYNC at node 203 from node 202 seq 1 power -2.12777 dBm noise -106.975 dBm snr 104.847 dB state=1
[t=3.61493] MAC 201 enters Track on node 202 seq 1 power -2.12777 dBm
[t=3.61493] MAC 203 enters Track on node 202 seq 1 power -2.12777 dBm
[MAC 202] resumes Pre-Tx with live slot=18 counter=18
[t=3.63068] RX at node 201 from node 202 seq 1 rate 128 kbps txPower 0 dBm preamble SHORT pathloss 2.12777 dB snr 104.847 dB (slot 18, len 46B, ackable=0)
[MAC 201] Learned neighbor 202 uses slot 18 (rtCounter=18)
[HOP 201] RX ACK from 202 seq=1
[t=3.63068] RX OVERHEARD at node 203 from node 202 seq 1 rate 128 kbps txPower 0 dBm preamble SHORT pathloss 2.12777 dB snr 104.847 dB (slot 18, len 46B, ackable=0)
[MAC 203] Learned neighbor 202 uses slot 18 (rtCounter=18)
[HOP 203] Overheard frame from 202 for 201 type=1 ignored after neighbor update
[NWK 201] CheckNwkQueue: size=0
[MAC 203] PickTxSlot(dest=202) active_nodes_for_slotting=1 opnet_slot_range=18
[MAC 203] avoiding neighbor 202 currentReservedSlot=9 rtslot_counter=9
[MAC 203] PickTxSlot(dest=202) avoid: 9
[MAC 203] PickTxSlot chose 3 using OPNET free-slot ordinal range [1,18]
[MAC 203] TX opportunity reached currentSlot=12 reserveNextSlot=3
... type=1 speedKey=128[t=3.74052] TX from node 203 to dest 202 seq 1 size 46 bytes segments 1 at slot 3 rate 128 kbps txPower 0 dBm (133333 bps) preamble SHORT duration 0.02238 s
[MAC 203] ACK transmitted in aggregate dest=202 seq=1 txCount=2/5
[MAC 203] OPNET aggregate transmitted segments=1 ackSegments=1 dataSegments=0 bytes=46 rate=128
[t=3.74052] RX SYNC at node 202 from node 203 seq 1 power -2.12777 dBm noise -106.975 dBm snr 104.847 dB state=1
[t=3.74715] MAC 202 enters Track on node 203 seq 1 power -2.12777 dBm
[MAC 203] resumes Pre-Tx with live slot=3 counter=3
[t=3.7629] RX at node 202 from node 203 seq 1 rate 128 kbps txPower 0 dBm preamble SHORT pathloss 2.12777 dB snr 104.847 dB (slot 3, len 46B, ackable=0)
[MAC 202] Learned neighbor 203 uses slot 3 (rtCounter=3)
[HOP 202] RX ACK from 203 seq=1
[NWK 202] CheckNwkQueue: size=0
[MAC 202] rtslot_counter expired for neighbor 203 reserveSlot=3
[MAC 203] PickTxSlot(dest=202) active_nodes_for_slotting=1 opnet_slot_range=18
[MAC 203] avoiding neighbor 202 currentReservedSlot=5 rtslot_counter=5
[MAC 203] PickTxSlot(dest=202) avoid: 5
[MAC 203] PickTxSlot chose 7 using OPNET free-slot ordinal range [1,18]
[MAC 203] TX opportunity reached currentSlot=3 reserveNextSlot=7
... type=1 speedKey=128[t=3.80552] TX from node 203 to dest 202 seq 1 size 46 bytes segments 1 at slot 7 rate 128 kbps txPower 0 dBm (133333 bps) preamble SHORT duration 0.02238 s
[MAC 203] ACK transmitted in aggregate dest=202 seq=1 txCount=3/5
[MAC 203] OPNET aggregate transmitted segments=1 ackSegments=1 dataSegments=0 bytes=46 rate=128
[t=3.80552] RX SYNC at node 202 from node 203 seq 1 power -2.12777 dBm noise -106.975 dBm snr 104.847 dB state=1
[t=3.81215] MAC 202 enters Track on node 203 seq 1 power -2.12777 dBm
[MAC 203] resumes Pre-Tx with live slot=7 counter=7
[t=3.8279] RX at node 202 from node 203 seq 1 rate 128 kbps txPower 0 dBm preamble SHORT pathloss 2.12777 dB snr 104.847 dB (slot 7, len 46B, ackable=0)
[MAC 202] Learned neighbor 203 uses slot 7 (rtCounter=7)
[HOP 202] RX ACK from 203 seq=1
[NWK 202] CheckNwkQueue: size=0
[MAC 201] rtslot_counter expired for neighbor 202 reserveSlot=18
[MAC 202] PickTxSlot(dest=201) active_nodes_for_slotting=1 opnet_slot_range=18
[MAC 202] avoiding neighbor 203 currentReservedSlot=1 rtslot_counter=1
[MAC 202] PickTxSlot(dest=201) avoid: 1
[MAC 202] PickTxSlot chose 18 using OPNET free-slot ordinal range [1,18]
[MAC 202] TX opportunity reached currentSlot=18 reserveNextSlot=18
... type=1 speedKey=128[t=3.8943] TX from node 202 to dest 201 seq 1 size 46 bytes segments 1 at slot 18 rate 128 kbps txPower 0 dBm (133333 bps) preamble SHORT duration 0.02238 s
[MAC 202] ACK transmitted in aggregate dest=201 seq=1 txCount=5/5
[MAC 202] Remove ACK after OPNET resend limit dest=201 seq=1
[MAC 202] OPNET aggregate transmitted segments=1 ackSegments=1 dataSegments=0 bytes=46 rate=128
[t=3.8943] RX SYNC at node 201 from node 202 seq 1 power -2.12777 dBm noise -106.975 dBm snr 104.847 dB state=1
[t=3.8943] RX SYNC at node 203 from node 202 seq 1 power -2.12777 dBm noise -106.975 dBm snr 104.847 dB state=1
[t=3.90093] MAC 201 enters Track on node 202 seq 1 power -2.12777 dBm
[t=3.90093] MAC 203 enters Track on node 202 seq 1 power -2.12777 dBm
[MAC 202] post-TX WAIT_FOR_ACK until 20.9167 (POST_TX_WAIT=17 s)
[t=3.91668] RX at node 201 from node 202 seq 1 rate 128 kbps txPower 0 dBm preamble SHORT pathloss 2.12777 dB snr 104.847 dB (slot 18, len 46B, ackable=0)
[MAC 201] Learned neighbor 202 uses slot 18 (rtCounter=18)
[HOP 201] RX ACK from 202 seq=1
[t=3.91668] RX OVERHEARD at node 203 from node 202 seq 1 rate 128 kbps txPower 0 dBm preamble SHORT pathloss 2.12777 dB snr 104.847 dB (slot 18, len 46B, ackable=0)
[MAC 203] Learned neighbor 202 uses slot 18 (rtCounter=18)
[HOP 203] Overheard frame from 202 for 201 type=1 ignored after neighbor update
[NWK 201] CheckNwkQueue: size=0
[MAC 202] rtslot_counter expired for neighbor 203 reserveSlot=7
[MAC 203] PickTxSlot(dest=202) active_nodes_for_slotting=1 opnet_slot_range=18
[MAC 203] avoiding neighbor 202 currentReservedSlot=15 rtslot_counter=15
[MAC 203] PickTxSlot(dest=202) avoid: 15
[MAC 203] PickTxSlot chose 11 using OPNET free-slot ordinal range [1,18]
[MAC 203] TX opportunity reached currentSlot=7 reserveNextSlot=11
... type=1 speedKey=128[t=3.94852] TX from node 203 to dest 202 seq 1 size 46 bytes segments 1 at slot 11 rate 128 kbps txPower 0 dBm (133333 bps) preamble SHORT duration 0.02238 s
[MAC 203] ACK transmitted in aggregate dest=202 seq=1 txCount=4/5
[MAC 203] OPNET aggregate transmitted segments=1 ackSegments=1 dataSegments=0 bytes=46 rate=128
[t=3.94852] RX SYNC at node 202 from node 203 seq 1 power -2.12777 dBm noise -106.975 dBm snr 104.847 dB state=1
[t=3.95515] MAC 202 enters Track on node 203 seq 1 power -2.12777 dBm
[MAC 203] resumes Pre-Tx with live slot=11 counter=11
[t=3.9709] RX at node 202 from node 203 seq 1 rate 128 kbps txPower 0 dBm preamble SHORT pathloss 2.12777 dB snr 104.847 dB (slot 11, len 46B, ackable=0)
[MAC 202] Learned neighbor 203 uses slot 11 (rtCounter=11)
[HOP 202] RX ACK from 203 seq=1
[NWK 202] CheckNwkQueue: size=0
[MAC 202] rtslot_counter expired for neighbor 203 reserveSlot=11
[MAC 203] PickTxSlot(dest=202) active_nodes_for_slotting=1 opnet_slot_range=18
[MAC 203] avoiding neighbor 202 currentReservedSlot=3 rtslot_counter=3
[MAC 203] PickTxSlot(dest=202) avoid: 3
[MAC 203] PickTxSlot chose 14 using OPNET free-slot ordinal range [1,18]
[MAC 203] TX opportunity reached currentSlot=11 reserveNextSlot=14
... type=1 speedKey=128[t=4.11752] TX from node 203 to dest 202 seq 1 size 46 bytes segments 1 at slot 14 rate 128 kbps txPower 0 dBm (133333 bps) preamble SHORT duration 0.02238 s
[MAC 203] ACK transmitted in aggregate dest=202 seq=1 txCount=5/5
[MAC 203] Remove ACK after OPNET resend limit dest=202 seq=1
[MAC 203] OPNET aggregate transmitted segments=1 ackSegments=1 dataSegments=0 bytes=46 rate=128
[t=4.11752] RX SYNC at node 202 from node 203 seq 1 power -2.12777 dBm noise -106.975 dBm snr 104.847 dB state=1
[t=4.12415] MAC 202 enters Track on node 203 seq 1 power -2.12777 dBm
[MAC 203] post-TX WAIT_FOR_ACK until 21.1399 (POST_TX_WAIT=17 s)
[t=4.1399] RX at node 202 from node 203 seq 1 rate 128 kbps txPower 0 dBm preamble SHORT pathloss 2.12777 dB snr 104.847 dB (slot 14, len 46B, ackable=0)
[MAC 202] Learned neighbor 203 uses slot 14 (rtCounter=14)
[HOP 202] RX ACK from 203 seq=1
[NWK 202] CheckNwkQueue: size=0
[MAC 201] rtslot_counter expired for neighbor 202 reserveSlot=18
[MAC 202] local advertised reservation expired
[MAC 203] rtslot_counter expired for neighbor 202 reserveSlot=18
[MAC 202] rtslot_counter expired for neighbor 203 reserveSlot=14
[MAC 203] local advertised reservation expired
[NWK 242] ARL neighbor admission=disabled
[NWK 242] automatic_route_propagation=disabled
[NWK 243] ARL neighbor admission=disabled
[NWK 243] automatic_route_propagation=disabled
[NWK 242] Cleared selected-route preference dst=242 reason=no-valid-route
[NWK 242] Selected route changed dst=242 reason=local capability changed pendingDestinations=1
[NWK 242] nodeType=Routable
[NWK 243] Cleared selected-route preference dst=243 reason=no-valid-route
[NWK 243] Selected route changed dst=243 reason=local capability changed pendingDestinations=1
[NWK 243] nodeType=Routable
[NWK 242] Added reverse path netSrc=241 reverseHop=241
[NWK 242] Updated reverse path netSrc=241 reverseHop=241
[NWK 242] Updated reverse path netSrc=241 reverseHop=241
[NWK 242] Updated reverse path netSrc=241 reverseHop=241
[NWK 242] Updated reverse path netSrc=241 reverseHop=241
[NWK 242] Updated reverse path netSrc=241 reverseHop=241
[NWK 242] Updated reverse path netSrc=241 reverseHop=241
[NWK 242] Updated reverse path netSrc=241 reverseHop=241
[NWK 242] Updated reverse path netSrc=241 reverseHop=241
[NWK 242] Updated reverse path netSrc=241 reverseHop=241
[NWK 242] Updated reverse path netSrc=241 reverseHop=241
[NWK 242] Updated reverse path netSrc=241 reverseHop=241
[NWK 242] Updated reverse path netSrc=241 reverseHop=241
[NWK 242] Updated reverse path netSrc=241 reverseHop=241
[NWK 242] Updated reverse path netSrc=241 reverseHop=241
[NWK 242] Updated reverse path netSrc=241 reverseHop=241
[NWK 242] Added route candidate dst=243 nextHop=243 hops=1 cost=9 linkCost=9 advCost=0 learnedFrom=243 selectionDeferred=0 selected=1
[NWK 242] Updated selected-route preference dst=243 preferredNextHop=243
[NWK 242] Selected route changed dst=243 reason=candidate update pendingDestinations=2
[HOP 242] New neighbor 241 heard at t=0s
[HOP 242] RX authenticated Pairwise16 DATA from=241 keyId=1 keySeq=2
[HOP 242] link_control dest=241 neighborKnown=1 s0=0 pathloss=70 failures=0 speed=8 txPower=30 rxPower=-105 cost=6274
[NWK 242] Updated reverse path netSrc=241 reverseHop=241
[MAC 242] Enqueue ACK dest=241 seq=91 window=1 ack_queue_size=1
[HOP 242] link_control dest=241 neighborKnown=1 s0=0 pathloss=70 failures=0 speed=8 txPower=30 rxPower=-105 cost=6274
[NWK 242] Updated reverse path netSrc=241 reverseHop=241
[MAC 242] Update cumulative ACK queue entry dest=241 baseSeq=91 txCount=0
[NWK 242] routesProcess grouped selected-route changes count=2 infoChanged=0 time=0
[NWK 242] Best route dst=243 nextHop=243 cost=9 hops=1 learnedFrom=243 candidates=1 validCandidates=1
[NWK 242] Source-owned self route dst=242 nextHop=242 cost=0 hops=0 capability=1 advertised=1
[NWK 242] Automatic route propagation disabled; reporting only
[NWK 243] routesProcess grouped selected-route changes count=1 infoChanged=0 time=0
[NWK 243] Source-owned self route dst=243 nextHop=243 cost=0 hops=0 capability=1 advertised=1
[NWK 243] Automatic route propagation disabled; reporting only
[NWK 242] CheckNwkQueue: size=18
[HOP 242] CanSendToHop dest=243 outstanding=0 threshold=0 effectiveWindow=1 pendingData=0 globalLimit=16 neighborOK=1 nodeOK=1 -> YES
[HOP 242] link_control dest=243 neighborKnown=0 speed=8 txPower=30 rxPower=-105
[HOP 242] Pending DATA increment dest=243 pending=1
[HOP 242] TX Pairwise16 DATA neighbor=243 hopSeq=1 securityCount=1
[MAC] Enqueue TX pkt dscp=4 insert_pos=0 queue_size_before=0
[HOP 242] CanSendToHop dest=243 outstanding=1 threshold=0 effectiveWindow=1 pendingData=1 globalLimit=16 neighborOK=0 nodeOK=1 -> NO
[HOP 242] CanSendToHop dest=243 outstanding=1 threshold=0 effectiveWindow=1 pendingData=1 globalLimit=16 neighborOK=0 nodeOK=1 -> NO
[HOP 242] CanSendToHop dest=243 outstanding=1 threshold=0 effectiveWindow=1 pendingData=1 globalLimit=16 neighborOK=0 nodeOK=1 -> NO
[HOP 242] CanSendToHop dest=243 outstanding=1 threshold=0 effectiveWindow=1 pendingData=1 globalLimit=16 neighborOK=0 nodeOK=1 -> NO
[HOP 242] CanSendToHop dest=243 outstanding=1 threshold=0 effectiveWindow=1 pendingData=1 globalLimit=16 neighborOK=0 nodeOK=1 -> NO
[HOP 242] CanSendToHop dest=243 outstanding=1 threshold=0 effectiveWindow=1 pendingData=1 globalLimit=16 neighborOK=0 nodeOK=1 -> NO
[HOP 242] CanSendToHop dest=243 outstanding=1 threshold=0 effectiveWindow=1 pendingData=1 globalLimit=16 neighborOK=0 nodeOK=1 -> NO
[HOP 242] CanSendToHop dest=243 outstanding=1 threshold=0 effectiveWindow=1 pendingData=1 globalLimit=16 neighborOK=0 nodeOK=1 -> NO
[HOP 242] CanSendToHop dest=243 outstanding=1 threshold=0 effectiveWindow=1 pendingData=1 globalLimit=16 neighborOK=0 nodeOK=1 -> NO
[HOP 242] CanSendToHop dest=243 outstanding=1 threshold=0 effectiveWindow=1 pendingData=1 globalLimit=16 neighborOK=0 nodeOK=1 -> NO
[HOP 242] CanSendToHop dest=243 outstanding=1 threshold=0 effectiveWindow=1 pendingData=1 globalLimit=16 neighborOK=0 nodeOK=1 -> NO
[HOP 242] CanSendToHop dest=243 outstanding=1 threshold=0 effectiveWindow=1 pendingData=1 globalLimit=16 neighborOK=0 nodeOK=1 -> NO
[HOP 242] CanSendToHop dest=243 outstanding=1 threshold=0 effectiveWindow=1 pendingData=1 globalLimit=16 neighborOK=0 nodeOK=1 -> NO
[HOP 242] CanSendToHop dest=243 outstanding=1 threshold=0 effectiveWindow=1 pendingData=1 globalLimit=16 neighborOK=0 nodeOK=1 -> NO
[HOP 242] CanSendToHop dest=243 outstanding=1 threshold=0 effectiveWindow=1 pendingData=1 globalLimit=16 neighborOK=0 nodeOK=1 -> NO
[HOP 242] CanSendToHop dest=243 outstanding=1 threshold=0 effectiveWindow=1 pendingData=1 globalLimit=16 neighborOK=0 nodeOK=1 -> NO
[HOP 242] CanSendToHop dest=243 outstanding=1 threshold=0 effectiveWindow=1 pendingData=1 globalLimit=16 neighborOK=0 nodeOK=1 -> NO
[MAC 242] PickTxSlot(dest=241) active_nodes_for_slotting=1 opnet_slot_range=18
[MAC 242] PickTxSlot(dest=241) avoid:
[MAC 242] PickTxSlot chose 14 using OPNET free-slot ordinal range [1,18]
[MAC 242] starts Pre-Tx with new slot=14 holdoff_over=0
[MAC 242] OPNET 300-ms transmit holdoff complete
[MAC 242] PickTxSlot(dest=241) active_nodes_for_slotting=1 opnet_slot_range=18
[MAC 242] PickTxSlot(dest=241) avoid:
[MAC 242] PickTxSlot chose 2 using OPNET free-slot ordinal range [1,18]
[MAC 242] TX opportunity reached currentSlot=14 reserveNextSlot=2
... type=1 speedKey=8[t=0.494] TX from node 242 to dest 241 seq 91 size 99 bytes segments 2 at slot 2 rate 8 kbps txPower 30 dBm (7843.14 bps) preamble LONG duration 1.1169 s
[HOP 242] MAC sent confirmation dest=243 seq=1 transmission=1 sentAt=0.494
[MAC 242] ACK transmitted in aggregate dest=241 seq=91 txCount=1/5
[MAC 242] OPNET aggregate transmitted segments=2 ackSegments=1 dataSegments=1 bytes=99 rate=8
[t=0.494] RX SYNC at node 243 from node 242 seq 91 power 27.8722 dBm noise -106.975 dBm snr 134.847 dB state=1
[t=0.50063] MAC 243 enters Track on node 242 seq 91 power 27.8722 dBm
[MAC 242] resumes Pre-Tx with live slot=2 counter=2
[t=1.6109] RX at node 243 from node 242 seq 91 rate 8 kbps txPower 30 dBm preamble LONG pathloss 2.12777 dB snr 134.847 dB (slot 2, len 99B, ackable=1)
[MAC 243] Ignore first-contact reservation from unknown neighbor 242 slot=2
[HOP 243] New neighbor 242 heard at t=1.6109s
[HOP 243] Overheard frame from 242 for 241 type=1 ignored after neighbor update
[HOP 243] RX authenticated Pairwise16 DATA from=242 keyId=1 keySeq=2
[HOP 243] link_control dest=242 neighborKnown=1 s0=-105 pathloss=2.12777 failures=0 speed=128 txPower=0 rxPower=-105 cost=29
[MAC 243] Enqueue ACK dest=242 seq=1 window=1 ack_queue_size=1
[NWK 243] Added reverse path netSrc=241 reverseHop=242
[MAC 243] PickTxSlot(dest=242) active_nodes_for_slotting=1 opnet_slot_range=18
[MAC 243] PickTxSlot(dest=242) avoid:
[MAC 243] PickTxSlot chose 2 using OPNET free-slot ordinal range [1,18]
[MAC 243] starts Pre-Tx with new slot=2 holdoff_over=0
[MAC 242] PickTxSlot(dest=241) active_nodes_for_slotting=1 opnet_slot_range=18
[MAC 242] PickTxSlot(dest=241) avoid:
[MAC 242] PickTxSlot chose 1 using OPNET free-slot ordinal range [1,18]
[MAC 242] TX opportunity reached currentSlot=2 reserveNextSlot=1
... type=1 speedKey=8[t=1.638] TX from node 242 to dest 241 seq 91 size 46 bytes segments 1 at slot 1 rate 8 kbps txPower 30 dBm (7843.14 bps) preamble LONG duration 1.06284 s
[MAC 242] ACK transmitted in aggregate dest=241 seq=91 txCount=2/5
[MAC 242] OPNET aggregate transmitted segments=1 ackSegments=1 dataSegments=0 bytes=46 rate=8
[t=1.638] RX SYNC at node 243 from node 242 seq 91 power 27.8722 dBm noise -106.975 dBm snr 134.847 dB state=1
[t=1.64463] MAC 243 enters Track on node 242 seq 91 power 27.8722 dBm
[MAC 243] OPNET 300-ms transmit holdoff complete
[MAC] Enqueue TX pkt dscp=4 insert_pos=0 queue_size_before=0
[MAC 242] resumes Pre-Tx with live slot=1 counter=1
[t=2.70084] RX OVERHEARD at node 243 from node 242 seq 91 rate 8 kbps txPower 30 dBm preamble LONG pathloss 2.12777 dB snr 134.847 dB (slot 1, len 46B, ackable=0)
[MAC 243] Learned neighbor 242 uses slot 1 (rtCounter=1)
[HOP 243] Overheard frame from 242 for 241 type=1 ignored after neighbor update
[MAC 243] rtslot_counter expired for neighbor 242 reserveSlot=1
[MAC 242] PickTxSlot(dest=241) active_nodes_for_slotting=1 opnet_slot_range=18
[MAC 242] PickTxSlot(dest=241) avoid:
[MAC 242] PickTxSlot chose 1 using OPNET free-slot ordinal range [1,18]
[MAC 242] TX opportunity reached currentSlot=1 reserveNextSlot=1
... type=1 speedKey=8[t=2.717] TX from node 242 to dest 241 seq 91 size 99 bytes segments 2 at slot 1 rate 8 kbps txPower 30 dBm (7843.14 bps) preamble LONG duration 1.1169 s
[HOP 242] MAC sent confirmation dest=243 seq=1 transmission=2 sentAt=2.717
[MAC 242] ACK transmitted in aggregate dest=241 seq=91 txCount=3/5
[MAC 242] OPNET aggregate transmitted segments=2 ackSegments=1 dataSegments=1 bytes=99 rate=8
[t=2.717] RX SYNC at node 243 from node 242 seq 91 power 27.8722 dBm noise -106.975 dBm snr 134.847 dB state=1
[t=2.72363] MAC 243 enters Track on node 242 seq 91 power 27.8722 dBm
[MAC 242] resumes Pre-Tx with live slot=1 counter=1
[t=3.8339] RX at node 243 from node 242 seq 91 rate 8 kbps txPower 30 dBm preamble LONG pathloss 2.12777 dB snr 134.847 dB (slot 1, len 99B, ackable=1)
[MAC 243] Learned neighbor 242 uses slot 1 (rtCounter=1)
[HOP 243] Overheard frame from 242 for 241 type=1 ignored after neighbor update
[HOP 243] link_control dest=242 neighborKnown=1 s0=-105 pathloss=2.12777 failures=0 speed=128 txPower=0 rxPower=-105 cost=29
[MAC 243] Update cumulative ACK queue entry dest=242 baseSeq=1 txCount=0
[MAC 243] PickTxSlot(dest=242) active_nodes_for_slotting=1 opnet_slot_range=18
[MAC 243] avoiding neighbor 242 currentReservedSlot=0 rtslot_counter=0
[MAC 243] PickTxSlot(dest=242) avoid:
[MAC 243] PickTxSlot chose 2 using OPNET free-slot ordinal range [1,18]
[MAC 243] TX opportunity reached currentSlot=2 reserveNextSlot=2
... type=1 speedKey=128[t=3.8339] TX from node 243 to dest 242 seq 1 size 46 bytes segments 1 at slot 2 rate 128 kbps txPower 0 dBm (133333 bps) preamble SHORT duration 0.02238 s
[MAC 243] ACK transmitted in aggregate dest=242 seq=1 txCount=1/5
[MAC 243] OPNET aggregate transmitted segments=1 ackSegments=1 dataSegments=0 bytes=46 rate=128
[t=3.8339] RX SYNC at node 242 from node 243 seq 1 power -2.12777 dBm noise -106.975 dBm snr 104.847 dB state=1
[t=3.84053] MAC 242 enters Track on node 243 seq 1 power -2.12777 dBm
[MAC 243] resumes Pre-Tx with live slot=2 counter=2
[t=3.85628] RX at node 242 from node 243 seq 1 rate 128 kbps txPower 0 dBm preamble SHORT pathloss 2.12777 dB snr 104.847 dB (slot 2, len 46B, ackable=0)
[MAC 242] Ignore first-contact reservation from unknown neighbor 243 slot=2
[HOP 242] New neighbor 243 heard at t=3.85628s
[HOP 242] RX ACK from 243 seq=1
[HOP 242] Pending DATA decrement reason=ACK neighbor=243 pending=0
[NWK 242] NSDP(241->243) decremented to 17
[NWK 242] HOP completion released NSDP slot; awaiting HOP queue wake flow=241->243
[NWK 242] CheckNwkQueue: size=17
[HOP 242] CanSendToHop dest=243 outstanding=0 threshold=0 effectiveWindow=1 pendingData=0 globalLimit=16 neighborOK=1 nodeOK=1 -> YES
[HOP 242] link_control dest=243 neighborKnown=1 s0=-105 pathloss=2.12777 failures=0 speed=128 txPower=0 rxPower=-105 cost=29
[HOP 242] Pending DATA increment dest=243 pending=1
[HOP 242] TX Pairwise16 DATA neighbor=243 hopSeq=2 securityCount=1
[MAC] Enqueue TX pkt dscp=4 insert_pos=0 queue_size_before=0
[HOP 242] CanSendToHop dest=243 outstanding=1 threshold=0 effectiveWindow=1 pendingData=1 globalLimit=16 neighborOK=0 nodeOK=1 -> NO
[HOP 242] CanSendToHop dest=243 outstanding=1 threshold=0 effectiveWindow=1 pendingData=1 globalLimit=16 neighborOK=0 nodeOK=1 -> NO
[HOP 242] CanSendToHop dest=243 outstanding=1 threshold=0 effectiveWindow=1 pendingData=1 globalLimit=16 neighborOK=0 nodeOK=1 -> NO
[HOP 242] CanSendToHop dest=243 outstanding=1 threshold=0 effectiveWindow=1 pendingData=1 globalLimit=16 neighborOK=0 nodeOK=1 -> NO
[HOP 242] CanSendToHop dest=243 outstanding=1 threshold=0 effectiveWindow=1 pendingData=1 globalLimit=16 neighborOK=0 nodeOK=1 -> NO
[HOP 242] CanSendToHop dest=243 outstanding=1 threshold=0 effectiveWindow=1 pendingData=1 globalLimit=16 neighborOK=0 nodeOK=1 -> NO
[HOP 242] CanSendToHop dest=243 outstanding=1 threshold=0 effectiveWindow=1 pendingData=1 globalLimit=16 neighborOK=0 nodeOK=1 -> NO
[HOP 242] CanSendToHop dest=243 outstanding=1 threshold=0 effectiveWindow=1 pendingData=1 globalLimit=16 neighborOK=0 nodeOK=1 -> NO
[HOP 242] CanSendToHop dest=243 outstanding=1 threshold=0 effectiveWindow=1 pendingData=1 globalLimit=16 neighborOK=0 nodeOK=1 -> NO
[HOP 242] CanSendToHop dest=243 outstanding=1 threshold=0 effectiveWindow=1 pendingData=1 globalLimit=16 neighborOK=0 nodeOK=1 -> NO
[HOP 242] CanSendToHop dest=243 outstanding=1 threshold=0 effectiveWindow=1 pendingData=1 globalLimit=16 neighborOK=0 nodeOK=1 -> NO
[HOP 242] CanSendToHop dest=243 outstanding=1 threshold=0 effectiveWindow=1 pendingData=1 globalLimit=16 neighborOK=0 nodeOK=1 -> NO
[HOP 242] CanSendToHop dest=243 outstanding=1 threshold=0 effectiveWindow=1 pendingData=1 globalLimit=16 neighborOK=0 nodeOK=1 -> NO
[HOP 242] CanSendToHop dest=243 outstanding=1 threshold=0 effectiveWindow=1 pendingData=1 globalLimit=16 neighborOK=0 nodeOK=1 -> NO
[HOP 242] CanSendToHop dest=243 outstanding=1 threshold=0 effectiveWindow=1 pendingData=1 globalLimit=16 neighborOK=0 nodeOK=1 -> NO
[HOP 242] CanSendToHop dest=243 outstanding=1 threshold=0 effectiveWindow=1 pendingData=1 globalLimit=16 neighborOK=0 nodeOK=1 -> NO
[MAC 243] rtslot_counter expired for neighbor 242 reserveSlot=1
[MAC 242] PickTxSlot(dest=241) active_nodes_for_slotting=1 opnet_slot_range=18
[MAC 242] PickTxSlot(dest=241) avoid:
[MAC 242] PickTxSlot chose 18 using OPNET free-slot ordinal range [1,18]
[MAC 242] TX opportunity reached currentSlot=1 reserveNextSlot=18
... type=1 speedKey=8[t=3.874] TX from node 242 to dest 241 seq 91 size 99 bytes segments 2 at slot 18 rate 8 kbps txPower 30 dBm (7843.14 bps) preamble SHORT duration 0.12444 s
[HOP 242] MAC sent confirmation dest=243 seq=2 transmission=1 sentAt=3.874
[MAC 242] ACK transmitted in aggregate dest=241 seq=91 txCount=4/5
[MAC 242] OPNET aggregate transmitted segments=2 ackSegments=1 dataSegments=1 bytes=99 rate=8
[t=3.874] RX SYNC at node 243 from node 242 seq 91 power 27.8722 dBm noise -106.975 dBm snr 134.847 dB state=1
[t=3.88063] MAC 243 enters Track on node 242 seq 91 power 27.8722 dBm
[MAC 242] resumes Pre-Tx with live slot=18 counter=18
[t=3.99844] RX at node 243 from node 242 seq 91 rate 8 kbps txPower 30 dBm preamble SHORT pathloss 2.12777 dB snr 134.847 dB (slot 18, len 99B, ackable=1)
[MAC 243] Learned neighbor 242 uses slot 18 (rtCounter=18)
[HOP 243] Overheard frame from 242 for 241 type=1 ignored after neighbor update
[HOP 243] RX authenticated Pairwise16 DATA from=242 keyId=1 keySeq=3
[HOP 243] link_control dest=242 neighborKnown=1 s0=-105 pathloss=2.12777 failures=0 speed=128 txPower=0 rxPower=-105 cost=29
[MAC 243] Update cumulative ACK queue entry dest=242 baseSeq=2 txCount=0
[NWK 243] Updated reverse path netSrc=241 reverseHop=242
[NWK 301] ARL neighbor admission=disabled
[NWK 301] automatic_route_propagation=disabled
[NWK 301] Added route candidate dst=303 nextHop=303 hops=1 cost=29 linkCost=29 advCost=0 learnedFrom=16777215 selectionDeferred=0 selected=1
[NWK 301] Updated selected-route preference dst=303 preferredNextHop=303
[NWK 301] Selected route changed dst=303 reason=candidate update pendingDestinations=1
[NWK 301] Static route link_calc dst=303 nextHop=303 pathloss=70 speed=128 txPower=0 estDistance=75 speedMargin=53 totalMargin=65 cost=29
[NWK 301] NSDP(301->302) incremented to 1
[NWK 301] NSDP(301->303) incremented to 1
[NWK 301] routesProcess grouped selected-route changes count=1 infoChanged=0 time=0
[NWK 301] Best route dst=303 nextHop=303 cost=29 hops=1 learnedFrom=16777215 candidates=1 validCandidates=1
[NWK 301] Automatic route propagation disabled; reporting only
[NWK 301] CheckNwkQueue: size=2
[NWK 301] No route to nwkDst=302 -> holding packet without implicit discovery
[HOP 301] CanSendToHop dest=303 outstanding=0 threshold=0 effectiveWindow=1 pendingData=0 globalLimit=16 neighborOK=1 nodeOK=1 -> YES
[HOP 301] link_control dest=303 neighborKnown=0 speed=8 txPower=30 rxPower=-105
[HOP 301] Pending DATA increment dest=303 pending=1
[HOP 301] TX Pairwise16 DATA neighbor=303 hopSeq=1 securityCount=1
[MAC] Enqueue TX pkt dscp=0 insert_pos=0 queue_size_before=0
[NWK 321] NSDP(321->322) incremented to 1
[NWK 321] NSDP(321->322) incremented to 2
[NWK 321] NSDP(321->322) incremented to 3
[NWK 321] NSDP(321->322) incremented to 4
[NWK 321] NSDP(321->322) incremented to 5
[NWK 321] NSDP(321->322) incremented to 6
[NWK 321] NSDP(321->322) incremented to 7
[NWK 321] NSDP(321->322) incremented to 8
[NWK 321] NSDP(321->322) incremented to 9
[NWK 321] NSDP(321->322) incremented to 10
[NWK 321] NSDP(321->322) incremented to 11
[NWK 321] NSDP(321->322) incremented to 12
[NWK 321] NSDP(321->322) incremented to 13
[NWK 321] NSDP(321->322) incremented to 14
[NWK 321] NSDP(321->322) incremented to 15
[NWK 321] NSDP(321->322) incremented to 16
[NWK 331] ARL neighbor admission=disabled
[NWK 331] automatic_route_propagation=disabled
[NWK 331] Added route candidate dst=332 nextHop=332 hops=1 cost=29 linkCost=29 advCost=0 learnedFrom=16777215 selectionDeferred=0 selected=1
[NWK 331] Updated selected-route preference dst=332 preferredNextHop=332
[NWK 331] Selected route changed dst=332 reason=candidate update pendingDestinations=1
[NWK 331] Static route link_calc dst=332 nextHop=332 pathloss=70 speed=128 txPower=0 estDistance=75 speedMargin=53 totalMargin=65 cost=29
[NWK 331] NSDP(331->332) incremented to 1
[NWK 331] NSDP(331->332) incremented to 2
[NWK 331] routesProcess grouped selected-route changes count=1 infoChanged=0 time=0
[NWK 331] Best route dst=332 nextHop=332 cost=29 hops=1 learnedFrom=16777215 candidates=1 validCandidates=1
[NWK 331] Automatic route propagation disabled; reporting only
[NWK 331] CheckNwkQueue: size=2
[HOP 331] CanSendToHop dest=332 outstanding=0 threshold=0 effectiveWindow=1 pendingData=0 globalLimit=16 neighborOK=1 nodeOK=1 -> YES
[HOP 331] link_control dest=332 neighborKnown=0 speed=8 txPower=30 rxPower=-105
[HOP 331] Pending DATA increment dest=332 pending=1
[HOP 331] TX Pairwise16 DATA neighbor=332 hopSeq=1 securityCount=1
[MAC] Enqueue TX pkt dscp=0 insert_pos=0 queue_size_before=0
[HOP 331] CanSendToHop dest=332 outstanding=1 threshold=0 effectiveWindow=1 pendingData=1 globalLimit=16 neighborOK=0 nodeOK=1 -> NO
[HOP 331] New neighbor 332 heard at t=1e-06s
[HOP 331] RX ACK from 332 seq=1
[HOP 331] Pending DATA decrement reason=ACK neighbor=332 pending=0
[NWK 331] NSDP(331->332) decremented to 1
[NWK 331] HOP completion released NSDP slot; awaiting HOP queue wake flow=331->332
[MAC 331] Cancel queued acknowledged frame neighbor=332 seq=1 baseSeq=1 windowIndex=0
[NWK 331] CheckNwkQueue: size=1
[HOP 331] CanSendToHop dest=332 outstanding=0 threshold=0 effectiveWindow=1 pendingData=0 globalLimit=16 neighborOK=1 nodeOK=1 -> YES
[HOP 331] link_control dest=332 neighborKnown=1 s0=0 pathloss=70 failures=0 speed=8 txPower=30 rxPower=-105 cost=6274
[HOP 331] Pending DATA increment dest=332 pending=1
[HOP 331] TX Pairwise16 DATA neighbor=332 hopSeq=2 securityCount=1
[MAC] Enqueue TX pkt dscp=0 insert_pos=0 queue_size_before=0
[HOP 331] RX ACK from 332 seq=2
[HOP 331] Pending DATA decrement reason=ACK neighbor=332 pending=0
[NWK 331] NSDP(331->332) decremented to 0
[NWK 331] HOP completion released NSDP slot; awaiting HOP queue wake flow=331->332
[MAC 331] Cancel queued acknowledged frame neighbor=332 seq=2 baseSeq=2 windowIndex=0
[NWK 331] CheckNwkQueue: size=0
[NWK 341] ARL neighbor admission=disabled
[NWK 341] automatic_route_propagation=disabled
[NWK 341] Added route candidate dst=342 nextHop=342 hops=1 cost=29 linkCost=29 advCost=0 learnedFrom=16777215 selectionDeferred=0 selected=1
[NWK 341] Updated selected-route preference dst=342 preferredNextHop=342
[NWK 341] Selected route changed dst=342 reason=candidate update pendingDestinations=1
[NWK 341] Static route link_calc dst=342 nextHop=342 pathloss=70 speed=128 txPower=0 estDistance=75 speedMargin=53 totalMargin=65 cost=29
[NWK 341] NSDP(341->342) incremented to 1
[NWK 341] NSDP(341->342) incremented to 2
[HOP 341] New neighbor 342 heard at t=0s
[HOP 341] RX ACK from 342 seq=400
[NWK 341] routesProcess grouped selected-route changes count=1 infoChanged=0 time=0
[NWK 341] Best route dst=342 nextHop=342 cost=29 hops=1 learnedFrom=16777215 candidates=1 validCandidates=1
[NWK 341] Automatic route propagation disabled; reporting only
[NWK 341] CheckNwkQueue: size=2
[HOP 341] CanSendToHop dest=342 outstanding=0 threshold=0 effectiveWindow=1 pendingData=0 globalLimit=16 neighborOK=1 nodeOK=1 -> YES
[HOP 341] link_control dest=342 neighborKnown=1 s0=0 pathloss=70 failures=0 speed=8 txPower=30 rxPower=-105 cost=6274
[HOP 341] Pending DATA increment dest=342 pending=1
[HOP 341] TX Pairwise16 DATA neighbor=342 hopSeq=1 securityCount=1
[MAC] Enqueue TX pkt dscp=0 insert_pos=0 queue_size_before=0
[HOP 341] CanSendToHop dest=342 outstanding=1 threshold=0 effectiveWindow=1 pendingData=1 globalLimit=16 neighborOK=0 nodeOK=1 -> NO
[HOP 341] RX ACK from 342 seq=1
[HOP 341] Pending DATA decrement reason=ACK neighbor=342 pending=0
[NWK 341] NSDP(341->342) decremented to 1
[NWK 341] HOP completion released NSDP slot; awaiting HOP queue wake flow=341->342
[MAC 341] Cancel queued acknowledged frame neighbor=342 seq=1 baseSeq=1 windowIndex=0
[NWK 341] CheckNwkQueue: size=1
[HOP 341] CanSendToHop dest=342 outstanding=0 threshold=0 effectiveWindow=1 pendingData=0 globalLimit=16 neighborOK=1 nodeOK=1 -> YES
[HOP 341] link_control dest=342 neighborKnown=1 s0=0 pathloss=70 failures=0 speed=8 txPower=30 rxPower=-105 cost=6274
[HOP 341] Pending DATA increment dest=342 pending=1
[HOP 341] TX Pairwise16 DATA neighbor=342 hopSeq=2 securityCount=1
[MAC] Enqueue TX pkt dscp=0 insert_pos=0 queue_size_before=0
[NWK 341] ARL neighbor admission=disabled
[NWK 341] automatic_route_propagation=disabled
[NWK 341] Added route candidate dst=400 nextHop=400 hops=1 cost=29 linkCost=29 advCost=0 learnedFrom=16777215 selectionDeferred=0 selected=1
[NWK 341] Updated selected-route preference dst=400 preferredNextHop=400
[NWK 341] Selected route changed dst=400 reason=candidate update pendingDestinations=1
[NWK 341] Static route link_calc dst=400 nextHop=400 pathloss=70 speed=128 txPower=0 estDistance=75 speedMargin=53 totalMargin=65 cost=29
[NWK 341] Added route candidate dst=401 nextHop=401 hops=1 cost=29 linkCost=29 advCost=0 learnedFrom=16777215 selectionDeferred=0 selected=1
[NWK 341] Updated selected-route preference dst=401 preferredNextHop=401
[NWK 341] Selected route changed dst=401 reason=candidate update pendingDestinations=2
[NWK 341] Static route link_calc dst=401 nextHop=401 pathloss=70 speed=128 txPower=0 estDistance=75 speedMargin=53 totalMargin=65 cost=29
[NWK 341] Added route candidate dst=402 nextHop=402 hops=1 cost=29 linkCost=29 advCost=0 learnedFrom=16777215 selectionDeferred=0 selected=1
[NWK 341] Updated selected-route preference dst=402 preferredNextHop=402
[NWK 341] Selected route changed dst=402 reason=candidate update pendingDestinations=3
[NWK 341] Static route link_calc dst=402 nextHop=402 pathloss=70 speed=128 txPower=0 estDistance=75 speedMargin=53 totalMargin=65 cost=29
[NWK 341] Added route candidate dst=403 nextHop=403 hops=1 cost=29 linkCost=29 advCost=0 learnedFrom=16777215 selectionDeferred=0 selected=1
[NWK 341] Updated selected-route preference dst=403 preferredNextHop=403
[NWK 341] Selected route changed dst=403 reason=candidate update pendingDestinations=4
[NWK 341] Static route link_calc dst=403 nextHop=403 pathloss=70 speed=128 txPower=0 estDistance=75 speedMargin=53 totalMargin=65 cost=29
[NWK 341] Added route candidate dst=404 nextHop=404 hops=1 cost=29 linkCost=29 advCost=0 learnedFrom=16777215 selectionDeferred=0 selected=1
[NWK 341] Updated selected-route preference dst=404 preferredNextHop=404
[NWK 341] Selected route changed dst=404 reason=candidate update pendingDestinations=5
[NWK 341] Static route link_calc dst=404 nextHop=404 pathloss=70 speed=128 txPower=0 estDistance=75 speedMargin=53 totalMargin=65 cost=29
[NWK 341] Added route candidate dst=405 nextHop=405 hops=1 cost=29 linkCost=29 advCost=0 learnedFrom=16777215 selectionDeferred=0 selected=1
[NWK 341] Updated selected-route preference dst=405 preferredNextHop=405
[NWK 341] Selected route changed dst=405 reason=candidate update pendingDestinations=6
[NWK 341] Static route link_calc dst=405 nextHop=405 pathloss=70 speed=128 txPower=0 estDistance=75 speedMargin=53 totalMargin=65 cost=29
[NWK 341] Added route candidate dst=406 nextHop=406 hops=1 cost=29 linkCost=29 advCost=0 learnedFrom=16777215 selectionDeferred=0 selected=1
[NWK 341] Updated selected-route preference dst=406 preferredNextHop=406
[NWK 341] Selected route changed dst=406 reason=candidate update pendingDestinations=7
[NWK 341] Static route link_calc dst=406 nextHop=406 pathloss=70 speed=128 txPower=0 estDistance=75 speedMargin=53 totalMargin=65 cost=29
[NWK 341] Added route candidate dst=407 nextHop=407 hops=1 cost=29 linkCost=29 advCost=0 learnedFrom=16777215 selectionDeferred=0 selected=1
[NWK 341] Updated selected-route preference dst=407 preferredNextHop=407
[NWK 341] Selected route changed dst=407 reason=candidate update pendingDestinations=8
[NWK 341] Static route link_calc dst=407 nextHop=407 pathloss=70 speed=128 txPower=0 estDistance=75 speedMargin=53 totalMargin=65 cost=29
[NWK 341] Added route candidate dst=408 nextHop=408 hops=1 cost=29 linkCost=29 advCost=0 learnedFrom=16777215 selectionDeferred=0 selected=1
[NWK 341] Updated selected-route preference dst=408 preferredNextHop=408
[NWK 341] Selected route changed dst=408 reason=candidate update pendingDestinations=9
[NWK 341] Static route link_calc dst=408 nextHop=408 pathloss=70 speed=128 txPower=0 estDistance=75 speedMargin=53 totalMargin=65 cost=29
[NWK 341] Added route candidate dst=409 nextHop=409 hops=1 cost=29 linkCost=29 advCost=0 learnedFrom=16777215 selectionDeferred=0 selected=1
[NWK 341] Updated selected-route preference dst=409 preferredNextHop=409
[NWK 341] Selected route changed dst=409 reason=candidate update pendingDestinations=10
[NWK 341] Static route link_calc dst=409 nextHop=409 pathloss=70 speed=128 txPower=0 estDistance=75 speedMargin=53 totalMargin=65 cost=29
[NWK 341] Added route candidate dst=410 nextHop=410 hops=1 cost=29 linkCost=29 advCost=0 learnedFrom=16777215 selectionDeferred=0 selected=1
[NWK 341] Updated selected-route preference dst=410 preferredNextHop=410
[NWK 341] Selected route changed dst=410 reason=candidate update pendingDestinations=11
[NWK 341] Static route link_calc dst=410 nextHop=410 pathloss=70 speed=128 txPower=0 estDistance=75 speedMargin=53 totalMargin=65 cost=29
[NWK 341] Added route candidate dst=411 nextHop=411 hops=1 cost=29 linkCost=29 advCost=0 learnedFrom=16777215 selectionDeferred=0 selected=1
[NWK 341] Updated selected-route preference dst=411 preferredNextHop=411
[NWK 341] Selected route changed dst=411 reason=candidate update pendingDestinations=12
[NWK 341] Static route link_calc dst=411 nextHop=411 pathloss=70 speed=128 txPower=0 estDistance=75 speedMargin=53 totalMargin=65 cost=29
[NWK 341] Added route candidate dst=412 nextHop=412 hops=1 cost=29 linkCost=29 advCost=0 learnedFrom=16777215 selectionDeferred=0 selected=1
[NWK 341] Updated selected-route preference dst=412 preferredNextHop=412
[NWK 341] Selected route changed dst=412 reason=candidate update pendingDestinations=13
[NWK 341] Static route link_calc dst=412 nextHop=412 pathloss=70 speed=128 txPower=0 estDistance=75 speedMargin=53 totalMargin=65 cost=29
[NWK 341] Added route candidate dst=413 nextHop=413 hops=1 cost=29 linkCost=29 advCost=0 learnedFrom=16777215 selectionDeferred=0 selected=1
[NWK 341] Updated selected-route preference dst=413 preferredNextHop=413
[NWK 341] Selected route changed dst=413 reason=candidate update pendingDestinations=14
[NWK 341] Static route link_calc dst=413 nextHop=413 pathloss=70 speed=128 txPower=0 estDistance=75 speedMargin=53 totalMargin=65 cost=29
[NWK 341] Added route candidate dst=414 nextHop=414 hops=1 cost=29 linkCost=29 advCost=0 learnedFrom=16777215 selectionDeferred=0 selected=1
[NWK 341] Updated selected-route preference dst=414 preferredNextHop=414
[NWK 341] Selected route changed dst=414 reason=candidate update pendingDestinations=15
[NWK 341] Static route link_calc dst=414 nextHop=414 pathloss=70 speed=128 txPower=0 estDistance=75 speedMargin=53 totalMargin=65 cost=29
[NWK 341] Added route candidate dst=415 nextHop=415 hops=1 cost=29 linkCost=29 advCost=0 learnedFrom=16777215 selectionDeferred=0 selected=1
[NWK 341] Updated selected-route preference dst=415 preferredNextHop=415
[NWK 341] Selected route changed dst=415 reason=candidate update pendingDestinations=16
[NWK 341] Static route link_calc dst=415 nextHop=415 pathloss=70 speed=128 txPower=0 estDistance=75 speedMargin=53 totalMargin=65 cost=29
[NWK 341] Added route candidate dst=416 nextHop=416 hops=1 cost=29 linkCost=29 advCost=0 learnedFrom=16777215 selectionDeferred=0 selected=1
[NWK 341] Updated selected-route preference dst=416 preferredNextHop=416
[NWK 341] Selected route changed dst=416 reason=candidate update pendingDestinations=17
[NWK 341] Static route link_calc dst=416 nextHop=416 pathloss=70 speed=128 txPower=0 estDistance=75 speedMargin=53 totalMargin=65 cost=29
[NWK 341] Added route candidate dst=417 nextHop=417 hops=1 cost=29 linkCost=29 advCost=0 learnedFrom=16777215 selectionDeferred=0 selected=1
[NWK 341] Updated selected-route preference dst=417 preferredNextHop=417
[NWK 341] Selected route changed dst=417 reason=candidate update pendingDestinations=18
[NWK 341] Static route link_calc dst=417 nextHop=417 pathloss=70 speed=128 txPower=0 estDistance=75 speedMargin=53 totalMargin=65 cost=29
[NWK 341] NSDP(341->400) incremented to 1
[NWK 341] NSDP(341->401) incremented to 1
[NWK 341] NSDP(341->402) incremented to 1
[NWK 341] NSDP(341->403) incremented to 1
[NWK 341] NSDP(341->404) incremented to 1
[NWK 341] NSDP(341->405) incremented to 1
[NWK 341] NSDP(341->406) incremented to 1
[NWK 341] NSDP(341->407) incremented to 1
[NWK 341] NSDP(341->408) incremented to 1
[NWK 341] NSDP(341->409) incremented to 1
[NWK 341] NSDP(341->410) incremented to 1
[NWK 341] NSDP(341->411) incremented to 1
[NWK 341] NSDP(341->412) incremented to 1
[NWK 341] NSDP(341->413) incremented to 1
[NWK 341] NSDP(341->414) incremented to 1
[NWK 341] NSDP(341->415) incremented to 1
[NWK 341] NSDP(341->416) incremented to 1
[NWK 341] NSDP(341->417) incremented to 1
[NWK 341] routesProcess grouped selected-route changes count=18 infoChanged=0 time=0
[NWK 341] Best route dst=417 nextHop=417 cost=29 hops=1 learnedFrom=16777215 candidates=1 validCandidates=1
[NWK 341] Best route dst=416 nextHop=416 cost=29 hops=1 learnedFrom=16777215 candidates=1 validCandidates=1
[NWK 341] Best route dst=415 nextHop=415 cost=29 hops=1 learnedFrom=16777215 candidates=1 validCandidates=1
[NWK 341] Best route dst=414 nextHop=414 cost=29 hops=1 learnedFrom=16777215 candidates=1 validCandidates=1
[NWK 341] Best route dst=413 nextHop=413 cost=29 hops=1 learnedFrom=16777215 candidates=1 validCandidates=1
[NWK 341] Best route dst=412 nextHop=412 cost=29 hops=1 learnedFrom=16777215 candidates=1 validCandidates=1
[NWK 341] Best route dst=411 nextHop=411 cost=29 hops=1 learnedFrom=16777215 candidates=1 validCandidates=1
[NWK 341] Best route dst=410 nextHop=410 cost=29 hops=1 learnedFrom=16777215 candidates=1 validCandidates=1
[NWK 341] Best route dst=409 nextHop=409 cost=29 hops=1 learnedFrom=16777215 candidates=1 validCandidates=1
[NWK 341] Best route dst=408 nextHop=408 cost=29 hops=1 learnedFrom=16777215 candidates=1 validCandidates=1
[NWK 341] Best route dst=407 nextHop=407 cost=29 hops=1 learnedFrom=16777215 candidates=1 validCandidates=1
[NWK 341] Best route dst=406 nextHop=406 cost=29 hops=1 learnedFrom=16777215 candidates=1 validCandidates=1
[NWK 341] Best route dst=405 nextHop=405 cost=29 hops=1 learnedFrom=16777215 candidates=1 validCandidates=1
[NWK 341] Best route dst=404 nextHop=404 cost=29 hops=1 learnedFrom=16777215 candidates=1 validCandidates=1
[NWK 341] Best route dst=403 nextHop=403 cost=29 hops=1 learnedFrom=16777215 candidates=1 validCandidates=1
[NWK 341] Best route dst=402 nextHop=402 cost=29 hops=1 learnedFrom=16777215 candidates=1 validCandidates=1
[NWK 341] Best route dst=401 nextHop=401 cost=29 hops=1 learnedFrom=16777215 candidates=1 validCandidates=1
[NWK 341] Best route dst=400 nextHop=400 cost=29 hops=1 learnedFrom=16777215 candidates=1 validCandidates=1
[NWK 341] Automatic route propagation disabled; reporting only
[NWK 341] CheckNwkQueue: size=18
[HOP 341] CanSendToHop dest=400 outstanding=0 threshold=0 effectiveWindow=1 pendingData=0 globalLimit=16 neighborOK=1 nodeOK=1 -> YES
[HOP 341] link_control dest=400 neighborKnown=0 speed=8 txPower=30 rxPower=-105
[HOP 341] Pending DATA increment dest=400 pending=1
[HOP 341] TX Pairwise16 DATA neighbor=400 hopSeq=1 securityCount=1
[MAC] Enqueue TX pkt dscp=0 insert_pos=0 queue_size_before=0
[HOP 341] CanSendToHop dest=401 outstanding=0 threshold=0 effectiveWindow=1 pendingData=1 globalLimit=16 neighborOK=1 nodeOK=1 -> YES
[HOP 341] link_control dest=401 neighborKnown=0 speed=8 txPower=30 rxPower=-105
[HOP 341] Pending DATA increment dest=401 pending=2
[HOP 341] TX Pairwise16 DATA neighbor=401 hopSeq=1 securityCount=1
[MAC] Enqueue TX pkt dscp=0 insert_pos=1 queue_size_before=1
[HOP 341] CanSendToHop dest=402 outstanding=0 threshold=0 effectiveWindow=1 pendingData=2 globalLimit=16 neighborOK=1 nodeOK=1 -> YES
[HOP 341] link_control dest=402 neighborKnown=0 speed=8 txPower=30 rxPower=-105
[HOP 341] Pending DATA increment dest=402 pending=3
[HOP 341] TX Pairwise16 DATA neighbor=402 hopSeq=1 securityCount=1
[MAC] Enqueue TX pkt dscp=0 insert_pos=2 queue_size_before=2
[HOP 341] CanSendToHop dest=403 outstanding=0 threshold=0 effectiveWindow=1 pendingData=3 globalLimit=16 neighborOK=1 nodeOK=1 -> YES
[HOP 341] link_control dest=403 neighborKnown=0 speed=8 txPower=30 rxPower=-105
[HOP 341] Pending DATA increment dest=403 pending=4
[HOP 341] TX Pairwise16 DATA neighbor=403 hopSeq=1 securityCount=1
[MAC] Enqueue TX pkt dscp=0 insert_pos=3 queue_size_before=3
[HOP 341] CanSendToHop dest=404 outstanding=0 threshold=0 effectiveWindow=1 pendingData=4 globalLimit=16 neighborOK=1 nodeOK=1 -> YES
[HOP 341] link_control dest=404 neighborKnown=0 speed=8 txPower=30 rxPower=-105
[HOP 341] Pending DATA increment dest=404 pending=5
[HOP 341] TX Pairwise16 DATA neighbor=404 hopSeq=1 securityCount=1
[MAC] Enqueue TX pkt dscp=0 insert_pos=4 queue_size_before=4
[HOP 341] CanSendToHop dest=405 outstanding=0 threshold=0 effectiveWindow=1 pendingData=5 globalLimit=16 neighborOK=1 nodeOK=1 -> YES
[HOP 341] link_control dest=405 neighborKnown=0 speed=8 txPower=30 rxPower=-105
[HOP 341] Pending DATA increment dest=405 pending=6
[HOP 341] TX Pairwise16 DATA neighbor=405 hopSeq=1 securityCount=1
[MAC] Enqueue TX pkt dscp=0 insert_pos=5 queue_size_before=5
[HOP 341] CanSendToHop dest=406 outstanding=0 threshold=0 effectiveWindow=1 pendingData=6 globalLimit=16 neighborOK=1 nodeOK=1 -> YES
[HOP 341] link_control dest=406 neighborKnown=0 speed=8 txPower=30 rxPower=-105
[HOP 341] Pending DATA increment dest=406 pending=7
[HOP 341] TX Pairwise16 DATA neighbor=406 hopSeq=1 securityCount=1
[MAC] Enqueue TX pkt dscp=0 insert_pos=6 queue_size_before=6
[HOP 341] CanSendToHop dest=407 outstanding=0 threshold=0 effectiveWindow=1 pendingData=7 globalLimit=16 neighborOK=1 nodeOK=1 -> YES
[HOP 341] link_control dest=407 neighborKnown=0 speed=8 txPower=30 rxPower=-105
[HOP 341] Pending DATA increment dest=407 pending=8
[HOP 341] TX Pairwise16 DATA neighbor=407 hopSeq=1 securityCount=1
[MAC] Enqueue TX pkt dscp=0 insert_pos=7 queue_size_before=7
[HOP 341] CanSendToHop dest=408 outstanding=0 threshold=0 effectiveWindow=1 pendingData=8 globalLimit=16 neighborOK=1 nodeOK=1 -> YES
[HOP 341] link_control dest=408 neighborKnown=0 speed=8 txPower=30 rxPower=-105
[HOP 341] Pending DATA increment dest=408 pending=9
[HOP 341] TX Pairwise16 DATA neighbor=408 hopSeq=1 securityCount=1
[MAC] Enqueue TX pkt dscp=0 insert_pos=8 queue_size_before=8
[HOP 341] CanSendToHop dest=409 outstanding=0 threshold=0 effectiveWindow=1 pendingData=9 globalLimit=16 neighborOK=1 nodeOK=1 -> YES
[HOP 341] link_control dest=409 neighborKnown=0 speed=8 txPower=30 rxPower=-105
[HOP 341] Pending DATA increment dest=409 pending=10
[HOP 341] TX Pairwise16 DATA neighbor=409 hopSeq=1 securityCount=1
[MAC] Enqueue TX pkt dscp=0 insert_pos=9 queue_size_before=9
[HOP 341] CanSendToHop dest=410 outstanding=0 threshold=0 effectiveWindow=1 pendingData=10 globalLimit=16 neighborOK=1 nodeOK=1 -> YES
[HOP 341] link_control dest=410 neighborKnown=0 speed=8 txPower=30 rxPower=-105
[HOP 341] Pending DATA increment dest=410 pending=11
[HOP 341] TX Pairwise16 DATA neighbor=410 hopSeq=1 securityCount=1
[MAC] Enqueue TX pkt dscp=0 insert_pos=10 queue_size_before=10
[HOP 341] CanSendToHop dest=411 outstanding=0 threshold=0 effectiveWindow=1 pendingData=11 globalLimit=16 neighborOK=1 nodeOK=1 -> YES
[HOP 341] link_control dest=411 neighborKnown=0 speed=8 txPower=30 rxPower=-105
[HOP 341] Pending DATA increment dest=411 pending=12
[HOP 341] TX Pairwise16 DATA neighbor=411 hopSeq=1 securityCount=1
[MAC] Enqueue TX pkt dscp=0 insert_pos=11 queue_size_before=11
[HOP 341] CanSendToHop dest=412 outstanding=0 threshold=0 effectiveWindow=1 pendingData=12 globalLimit=16 neighborOK=1 nodeOK=1 -> YES
[HOP 341] link_control dest=412 neighborKnown=0 speed=8 txPower=30 rxPower=-105
[HOP 341] Pending DATA increment dest=412 pending=13
[HOP 341] TX Pairwise16 DATA neighbor=412 hopSeq=1 securityCount=1
[MAC] Enqueue TX pkt dscp=0 insert_pos=12 queue_size_before=12
[HOP 341] CanSendToHop dest=413 outstanding=0 threshold=0 effectiveWindow=1 pendingData=13 globalLimit=16 neighborOK=1 nodeOK=1 -> YES
[HOP 341] link_control dest=413 neighborKnown=0 speed=8 txPower=30 rxPower=-105
[HOP 341] Pending DATA increment dest=413 pending=14
[HOP 341] TX Pairwise16 DATA neighbor=413 hopSeq=1 securityCount=1
[MAC] Enqueue TX pkt dscp=0 insert_pos=13 queue_size_before=13
[HOP 341] CanSendToHop dest=414 outstanding=0 threshold=0 effectiveWindow=1 pendingData=14 globalLimit=16 neighborOK=1 nodeOK=1 -> YES
[HOP 341] link_control dest=414 neighborKnown=0 speed=8 txPower=30 rxPower=-105
[HOP 341] Pending DATA increment dest=414 pending=15
[HOP 341] TX Pairwise16 DATA neighbor=414 hopSeq=1 securityCount=1
[MAC] Enqueue TX pkt dscp=0 insert_pos=14 queue_size_before=14
[HOP 341] CanSendToHop dest=415 outstanding=0 threshold=0 effectiveWindow=1 pendingData=15 globalLimit=16 neighborOK=1 nodeOK=1 -> YES
[HOP 341] link_control dest=415 neighborKnown=0 speed=8 txPower=30 rxPower=-105
[HOP 341] Pending DATA increment dest=415 pending=16
[HOP 341] TX Pairwise16 DATA neighbor=415 hopSeq=1 securityCount=1
[MAC] Enqueue TX pkt dscp=0 insert_pos=15 queue_size_before=15
[HOP 341] CanSendToHop dest=416 outstanding=0 threshold=0 effectiveWindow=1 pendingData=16 globalLimit=16 neighborOK=1 nodeOK=1 -> YES
[HOP 341] link_control dest=416 neighborKnown=0 speed=8 txPower=30 rxPower=-105
[HOP 341] Pending DATA increment dest=416 pending=17
[HOP 341] GLOBAL HOP CONGESTED pending=17 threshold=16
[HOP 341] TX Pairwise16 DATA neighbor=416 hopSeq=1 securityCount=1
[MAC] Enqueue TX pkt dscp=0 insert_pos=16 queue_size_before=16
[NWK 341] Global HOP DATA capacity exhausted; holding 1 queued packets
[NWK 351] ARL neighbor admission=disabled
[NWK 351] automatic_route_propagation=disabled
[NWK 351] Added route candidate dst=352 nextHop=352 hops=1 cost=29 linkCost=29 advCost=0 learnedFrom=16777215 selectionDeferred=0 selected=1
[NWK 351] Updated selected-route preference dst=352 preferredNextHop=352
[NWK 351] Selected route changed dst=352 reason=candidate update pendingDestinations=1
[NWK 351] Static route link_calc dst=352 nextHop=352 pathloss=70 speed=128 txPower=0 estDistance=75 speedMargin=53 totalMargin=65 cost=29
[NWK 351] NSDP(351->352) incremented to 1
[NWK 351] NSDP(351->352) incremented to 2
[NWK 351] routesProcess grouped selected-route changes count=1 infoChanged=0 time=0
[NWK 351] Best route dst=352 nextHop=352 cost=29 hops=1 learnedFrom=16777215 candidates=1 validCandidates=1
[NWK 351] Automatic route propagation disabled; reporting only
[NWK 351] CheckNwkQueue: size=2
[HOP 351] CanSendToHop dest=352 outstanding=0 threshold=0 effectiveWindow=1 pendingData=0 globalLimit=16 neighborOK=1 nodeOK=1 -> YES
[HOP 351] link_control dest=352 neighborKnown=0 speed=8 txPower=30 rxPower=-105
[HOP 351] Pending DATA increment dest=352 pending=1
[HOP 351] TX Pairwise16 DATA neighbor=352 hopSeq=1 securityCount=1
[MAC] Enqueue TX pkt dscp=0 insert_pos=0 queue_size_before=0
[HOP 351] CanSendToHop dest=352 outstanding=1 threshold=0 effectiveWindow=1 pendingData=1 globalLimit=16 neighborOK=0 nodeOK=1 -> NO
[MAC 351] PickTxSlot(dest=352) active_nodes_for_slotting=1 opnet_slot_range=18
[MAC 351] PickTxSlot(dest=352) avoid:
[MAC 351] PickTxSlot chose 5 using OPNET free-slot ordinal range [1,18]
[MAC 351] starts Pre-Tx with new slot=5 holdoff_over=0
[MAC 351] OPNET 300-ms transmit holdoff complete
[MAC 351] PickTxSlot(dest=352) active_nodes_for_slotting=1 opnet_slot_range=18
[MAC 351] PickTxSlot(dest=352) avoid:
[MAC 351] PickTxSlot chose 18 using OPNET free-slot ordinal range [1,18]
[MAC 351] TX opportunity reached currentSlot=5 reserveNextSlot=18
... type=0 speedKey=8[t=0.377] TX from node 351 to dest 352 seq 1 size 53 bytes segments 1 at slot 18 rate 8 kbps txPower 30 dBm (7843.14 bps) preamble LONG duration 1.06998 s
[HOP 351] MAC sent confirmation dest=352 seq=1 transmission=1 sentAt=0.377
[MAC 351] OPNET aggregate transmitted segments=1 ackSegments=0 dataSegments=1 bytes=53 rate=8
[MAC 351] post-TX WAIT_FOR_ACK until 18.447 (POST_TX_WAIT=17 s)
[MAC 351] local advertised reservation expired
[HOP 351] New neighbor 352 heard at t=2s
[HOP 351] RX DACK from 352 seq=1
[NWK 351] NSDP(351->352) decremented to 1
[NWK 351] HOP completion released NSDP slot; awaiting HOP queue wake flow=351->352
[HOP 351] DACK received neighbor=352 seq=1 resendCount=0 holdSec=20 NSDP=release-now hopFlow=hold
[NWK 351] CheckNwkQueue: size=1
[HOP 351] CanSendToHop dest=352 outstanding=1 threshold=0 effectiveWindow=1 pendingData=1 globalLimit=16 neighborOK=0 nodeOK=1 -> NO
[HOP 351] DACK hold expired neighbor=352 seq=1 outstanding=0
[HOP 351] Pending DATA decrement reason=DACK-expiry neighbor=352 pending=0
[HOP 351] DACK release scheduling NWK queue wake neighbor=352 seq=1
[NWK 351] CheckNwkQueue: size=1
[HOP 351] CanSendToHop dest=352 outstanding=0 threshold=0 effectiveWindow=1 pendingData=0 globalLimit=16 neighborOK=1 nodeOK=1 -> YES
[HOP 351] link_control dest=352 neighborKnown=1 s0=0 pathloss=70 failures=0 speed=8 txPower=30 rxPower=-105 cost=6274
[HOP 351] Pending DATA increment dest=352 pending=1
[HOP 351] TX Pairwise16 DATA neighbor=352 hopSeq=2 securityCount=1
[MAC] Enqueue TX pkt dscp=0 insert_pos=0 queue_size_before=0
PASS: source-ordered queue observation trace test
