trace_row,time_s,packet_id,source,destination,incoming_hop_sequence,nsdp_before,nsdp_after,submitted_same_flow_before,total_custody_before,total_custody_after,predicted_kind,emitted_kind,feedback_queue_event,feedback_highest_sequence,feedback_trace_row,native_application_id_comparable
8362,301.381275345563,6,8,1,13,0,1,0,16,17,ACK,ACK,mac_enqueue,13,8361,False
10493,316.261815345563,12,8,1,14,1,2,0,17,18,ACK,ACK,mac_enqueue,14,10492,False
10600,316.859815345563,18,8,1,15,2,3,0,18,19,ACK,ACK,mac_ack_replace,15,10599,False
11188,321.578815345563,24,8,1,16,3,4,1,19,20,ACK,ACK,mac_enqueue,16,11187,False
11363,323.294815345563,36,8,1,18,4,5,1,20,21,ACK,ACK,mac_ack_replace,18,11362,False
11464,324.022815345563,42,8,1,19,5,6,1,21,22,ACK,ACK,mac_ack_replace,19,11463,False
11531,324.750815345563,48,8,1,20,6,7,1,22,23,ACK,ACK,mac_ack_replace,20,11530,False
11605,325.114815345563,30,8,1,17,7,8,1,23,24,ACK,ACK,mac_ack_replace,20,11604,False
11720,325.946815345563,54,8,1,21,8,9,1,24,25,ACK,ACK,mac_ack_replace,21,11719,False
11784,326.648815345563,60,8,1,22,9,10,1,25,26,ACK,ACK,mac_ack_replace,22,11783,False
11860,327.324815345563,66,8,1,23,10,11,1,26,27,ACK,ACK,mac_ack_replace,23,11859,False
11934,327.948815345563,72,8,1,24,11,12,1,27,28,ACK,ACK,mac_ack_replace,24,11933,False
12011,328.572815345563,78,8,1,25,12,13,1,28,29,ACK,ACK,mac_ack_replace,25,12010,False
12090,329.079815345563,84,8,1,26,13,14,1,29,30,ACK,ACK,mac_ack_replace,26,12089,False
12156,329.638815345563,90,8,1,27,14,15,1,30,31,ACK,ACK,mac_ack_replace,27,12155,False
12216,330.145815345563,96,8,1,28,15,16,1,31,32,ACK,ACK,mac_ack_replace,28,12215,False
12252,330.626815345563,5,7,1,29,0,1,0,32,33,ACK,ACK,mac_ack_replace,29,12251,False
12297,330.912815345563,11,7,1,30,1,2,0,33,34,ACK,ACK,mac_ack_replace,30,12296,False
12379,331.367815345563,102,8,1,31,16,17,1,34,35,DACK,DACK,mac_ack_replace,31,12378,False
12463,331.822815345563,17,7,1,32,2,3,0,35,36,ACK,ACK,mac_ack_replace,32,12462,False
12513,332.134815345563,23,7,1,33,3,4,0,36,37,ACK,ACK,mac_ack_replace,33,12512,False
12641,332.823815345563,29,7,1,34,4,5,0,37,38,ACK,ACK,mac_ack_replace,34,12640,False
12776,333.876815345563,47,7,1,36,5,6,0,38,39,ACK,ACK,mac_ack_replace,36,12775,False
12854,334.526815345563,53,7,1,37,6,7,0,39,40,ACK,ACK,mac_ack_replace,37,12853,False
13580,339.440815345563,59,7,1,38,7,8,0,39,40,ACK,ACK,mac_enqueue,38,13579,False
13682,340.259815345563,41,7,1,40,8,9,0,40,41,ACK,ACK,mac_ack_replace,40,13681,False
13713,340.519815345563,83,7,1,41,9,10,0,41,42,ACK,ACK,mac_ack_replace,41,13712,False
13792,340.961815345563,89,7,1,42,10,11,0,42,43,ACK,ACK,mac_ack_replace,42,13791,False
13890,341.715815345563,35,7,1,35,11,12,0,43,44,ACK,ACK,mac_ack_replace,42,13889,False
13935,342.170815345563,71,7,1,43,12,13,0,44,45,ACK,ACK,mac_ack_replace,43,13934,False
14054,342.794815345563,95,7,1,44,13,14,0,45,46,ACK,ACK,mac_ack_replace,44,14053,False
14338,344.887815345563,108,7,1,48,14,15,0,46,47,ACK,ACK,mac_ack_replace,48,14337,False
14467,345.680815345563,65,7,1,39,15,16,0,47,48,ACK,ACK,mac_ack_replace,48,14466,False
14542,346.330815345563,109,7,1,49,16,17,0,48,49,DACK,DACK,mac_ack_replace,49,14541,False
14573,346.681815345563,156,8,1,50,16,17,0,49,50,DACK,DACK,mac_ack_replace,50,14572,False
14631,347.227815345563,105,7,1,51,17,18,0,50,51,DACK,DACK,mac_ack_replace,51,14630,False
14690,347.734815345563,165,8,1,52,17,18,0,51,52,DACK,DACK,mac_ack_replace,52,14689,False
14780,348.488815345563,98,7,1,45,18,19,0,52,53,DACK,DACK,mac_ack_replace,52,14779,False
14934,349.658815345563,175,8,1,53,18,19,0,53,54,DACK,DACK,mac_ack_replace,53,14933,False
14994,350.334815345563,181,8,1,54,19,20,0,54,55,DACK,DACK,mac_ack_replace,54,14993,False
15014,350.672815345563,103,7,1,47,19,20,0,55,56,DACK,DACK,mac_ack_replace,54,15013,False
15116,351.348815345563,77,7,1,46,20,21,0,56,57,DACK,DACK,mac_ack_replace,54,15115,False
15198,351.972815345563,182,8,1,55,20,21,0,57,58,DACK,DACK,mac_ack_replace,55,15197,False
17549,369.951815345563,188,8,1,56,21,22,0,58,59,DACK,DACK,mac_enqueue,56,17548,False
17598,370.354815345563,189,8,1,57,22,23,0,59,60,DACK,DACK,mac_ack_replace,57,17597,False
17668,370.952815345563,191,8,1,58,23,24,0,60,61,DACK,DACK,mac_ack_replace,58,17667,False
17764,371.641815345563,192,8,1,59,24,25,0,61,62,DACK,DACK,mac_ack_replace,59,17763,False
17986,373.474815345563,201,8,1,62,25,26,0,62,63,DACK,DACK,mac_ack_replace,62,17985,False
18081,374.176815345563,205,8,1,63,26,27,0,63,64,DACK,DACK,mac_ack_replace,63,18080,False
18267,375.567815345563,200,8,1,61,27,28,0,64,65,DACK,DACK,mac_ack_replace,63,18266,False
20694,395.366815345563,217,8,1,66,13,14,1,48,49,ACK,ACK,mac_enqueue,66,20693,False
20802,396.094815345563,118,7,1,67,19,20,4,49,50,DACK,DACK,mac_ack_replace,67,20801,False
20846,396.523815345563,120,7,1,68,20,21,4,50,51,DACK,DACK,mac_ack_replace,68,20845,False
20914,397.108815345563,115,7,1,69,21,22,4,51,52,DACK,DACK,mac_ack_replace,69,20913,False
20942,397.355815345563,122,7,1,70,22,23,4,52,53,DACK,DACK,mac_ack_replace,70,20941,False
20998,397.758815345563,125,7,1,71,23,24,4,53,54,DACK,DACK,mac_ack_replace,71,20997,False
21092,398.746815345563,265,8,1,73,14,15,1,54,55,ACK,ACK,mac_ack_replace,73,21091,False
21189,399.279815345563,210,8,1,65,15,16,1,55,56,ACK,ACK,mac_ack_replace,73,21188,False
21329,400.475815345563,272,8,1,75,16,17,1,56,57,DACK,DACK,mac_ack_replace,75,21328,False
21413,401.021815345563,261,8,1,72,17,18,1,57,58,DACK,DACK,mac_ack_replace,75,21412,False
21554,402.308815345563,269,8,1,74,18,19,1,58,59,DACK,DACK,mac_ack_replace,75,21553,False
23488,417.648815345563,275,8,1,76,16,17,2,43,44,DACK,DACK,mac_enqueue,76,23487,False
23549,418.077815345563,131,7,1,77,11,12,6,44,45,ACK,ACK,mac_ack_replace,77,23548,False
23599,418.519815345563,132,7,1,78,12,13,6,45,46,ACK,ACK,mac_ack_replace,78,23598,False
23694,419.325815345563,137,7,1,79,13,14,6,46,47,ACK,ACK,mac_ack_replace,79,23693,False
23723,419.611815345563,141,7,1,80,14,15,6,47,48,ACK,ACK,mac_ack_replace,80,23722,False
23820,420.209815345563,151,7,1,81,15,16,6,48,49,ACK,ACK,mac_ack_replace,81,23819,False
23841,420.521815345563,135,7,1,82,16,17,6,49,50,DACK,DACK,mac_ack_replace,82,23840,False
23986,421.444815345563,161,7,1,84,17,18,6,50,51,DACK,DACK,mac_ack_replace,84,23985,False
24068,422.198815345563,140,7,1,85,18,19,6,51,52,DACK,DACK,mac_ack_replace,85,24067,False
24095,422.458815345563,226,7,1,86,19,20,6,52,53,DACK,DACK,mac_ack_replace,86,24094,False
24170,423.082815345563,228,7,1,87,20,21,6,53,54,DACK,DACK,mac_ack_replace,87,24169,False
24234,423.745815345563,232,7,1,88,21,22,6,54,55,DACK,DACK,mac_ack_replace,88,24233,False
24302,424.304815345563,233,7,1,89,22,23,6,55,56,DACK,DACK,mac_ack_replace,89,24301,False
25904,438.630815345563,237,7,1,90,17,18,0,47,48,DACK,DACK,mac_enqueue,90,25903,False
26245,441.711815345563,248,7,1,91,18,19,0,48,49,DACK,DACK,mac_enqueue,91,26244,False
26328,442.309815345563,291,7,1,92,19,20,0,49,50,DACK,DACK,mac_ack_replace,92,26327,False
26397,442.985815345563,136,7,1,93,20,21,0,50,51,DACK,DACK,mac_ack_replace,93,26396,False
26444,443.518815345563,295,7,1,94,21,22,0,51,52,DACK,DACK,mac_ack_replace,94,26443,False
26503,443.856815345563,341,8,1,95,14,15,0,52,53,ACK,ACK,mac_ack_replace,95,26502,False
26701,445.377815345563,343,8,1,97,15,16,0,53,54,ACK,ACK,mac_enqueue,97,26700,False
26736,445.754815345563,344,8,1,98,16,17,0,54,55,DACK,DACK,mac_ack_replace,98,26735,False
26872,446.859815345563,342,8,1,96,17,18,0,55,56,DACK,DACK,mac_ack_replace,98,26871,False
27544,452.267815345563,347,8,1,99,18,19,0,56,57,DACK,DACK,mac_enqueue,99,27543,False
28419,459.742815345563,350,8,1,100,19,20,0,57,58,DACK,DACK,mac_enqueue,100,28418,False
28717,462.368815345563,352,8,1,101,20,21,0,58,59,DACK,DACK,mac_enqueue,101,28716,False
28831,463.447815345563,366,8,1,102,21,22,0,59,60,DACK,DACK,mac_ack_replace,102,28830,False
28996,464.643815345563,300,7,1,104,22,23,0,60,61,DACK,DACK,mac_ack_replace,104,28995,False
29208,466.554815345563,301,7,1,105,23,24,0,61,62,DACK,DACK,mac_enqueue,105,29207,False
29261,467.087815345563,369,8,1,103,22,23,0,62,63,DACK,DACK,mac_ack_replace,105,29260,False
29305,467.451815345563,308,7,1,106,24,25,0,63,64,DACK,DACK,mac_ack_replace,106,29304,False
31103,483.272815345563,310,7,1,107,25,26,0,57,58,DACK,DACK,mac_enqueue,107,31102,False
31320,485.157815345563,314,7,1,108,26,27,0,58,59,DACK,DACK,mac_enqueue,108,31319,False
31393,485.573815345563,407,8,1,110,16,17,0,59,60,DACK,DACK,mac_ack_replace,110,31392,False
31637,487.393815345563,408,8,1,111,17,18,0,60,61,DACK,DACK,mac_enqueue,111,31636,False
31716,488.095815345563,412,8,1,112,18,19,0,61,62,DACK,DACK,mac_ack_replace,112,31715,False
31754,488.394815345563,413,8,1,113,19,20,0,62,63,DACK,DACK,mac_ack_replace,113,31753,False
31848,489.083815345563,400,8,1,109,20,21,0,63,64,DACK,DACK,mac_ack_replace,113,31847,False
32473,494.829815345563,417,8,1,114,21,22,1,63,64,DACK,DACK,mac_enqueue,114,32472,False
33539,503.786815345563,315,7,1,115,22,23,0,58,59,DACK,DACK,mac_enqueue,115,33538,False
33786,505.957815345563,320,7,1,116,23,24,0,59,60,DACK,DACK,mac_enqueue,116,33785,False
33845,506.386815345563,321,7,1,117,24,25,0,60,61,DACK,DACK,mac_ack_replace,117,33844,False
34077,508.479815345563,324,7,1,118,25,26,0,61,62,DACK,DACK,mac_enqueue,118,34076,False
34151,509.025815345563,316,7,1,119,26,27,0,62,63,DACK,DACK,mac_ack_replace,119,34150,False
34253,509.870815345563,325,7,1,120,27,28,0,63,64,DACK,DACK,mac_ack_replace,120,34252,False
35759,522.103815345563,454,8,1,121,15,16,0,56,57,ACK,ACK,mac_enqueue,121,35758,False
35845,522.805815345563,330,7,1,122,25,26,1,57,58,DACK,DACK,mac_ack_replace,122,35844,False
35998,524.235815345563,327,7,1,123,26,27,1,58,59,DACK,DACK,mac_ack_replace,123,35997,False
36228,526.432815345563,331,7,1,124,26,27,0,58,59,DACK,DACK,mac_enqueue,124,36227,False
36504,529.110815345563,376,7,1,125,27,28,0,59,60,DACK,DACK,mac_enqueue,125,36503,False
36579,529.786815345563,335,7,1,126,28,29,0,60,61,DACK,DACK,mac_ack_replace,126,36578,False
36606,530.111815345563,512,8,1,127,16,17,0,61,62,DACK,DACK,mac_ack_replace,127,36605,False
36663,530.397815345563,517,8,1,128,17,18,0,62,63,DACK,DACK,mac_ack_replace,128,36662,False
36702,530.813815345563,518,8,1,129,18,19,0,63,64,DACK,DACK,mac_ack_replace,129,36701,False
38430,545.243815345563,522,8,1,130,19,20,0,55,56,DACK,DACK,mac_enqueue,130,38429,False
38462,545.620815345563,378,7,1,131,20,21,0,56,57,DACK,DACK,mac_ack_replace,131,38461,False
38643,547.388815345563,383,7,1,132,21,22,0,57,58,DACK,DACK,mac_ack_replace,132,38642,False
38901,549.910815345563,387,7,1,133,22,23,0,58,59,DACK,DACK,mac_enqueue,133,38900,False
39047,551.301815345563,391,7,1,134,23,24,0,59,60,DACK,DACK,mac_ack_replace,134,39046,False
39110,551.821815345563,542,8,1,135,20,21,0,60,61,DACK,DACK,mac_ack_replace,135,39109,False
39206,552.536815345563,399,7,1,136,24,25,0,61,62,DACK,DACK,mac_ack_replace,136,39205,False
39252,552.900815345563,423,7,1,137,25,26,0,62,63,DACK,DACK,mac_ack_replace,137,39251,False
40906,566.901815345563,569,8,1,138,18,19,1,56,57,DACK,DACK,mac_enqueue,138,40905,False
40935,567.200815345563,574,8,1,139,19,20,1,57,58,DACK,DACK,mac_ack_replace,139,40934,False
41070,568.149815345563,580,8,1,140,20,21,1,58,59,DACK,DACK,mac_ack_replace,140,41069,False
41359,570.541815345563,590,8,1,141,21,22,1,59,60,DACK,DACK,mac_enqueue,141,41358,False
41543,572.153815345563,428,7,1,142,22,23,0,59,60,DACK,DACK,mac_enqueue,142,41542,False
41582,572.465815345563,433,7,1,143,23,24,0,60,61,DACK,DACK,mac_ack_replace,143,41581,False
41641,572.959815345563,438,7,1,144,24,25,0,61,62,DACK,DACK,mac_ack_replace,144,41640,False
41957,575.533815345563,444,7,1,145,25,26,0,62,63,DACK,DACK,mac_enqueue,145,41956,False
43480,588.676815345563,474,7,1,147,26,27,0,62,63,DACK,DACK,mac_enqueue,147,43479,False
43536,589.092815345563,640,8,1,148,20,21,1,63,64,DACK,DACK,mac_ack_replace,148,43535,False
43662,590.158815345563,439,7,1,146,27,28,0,64,65,DACK,DACK,mac_ack_replace,148,43661,False
43763,591.354815345563,647,8,1,149,21,22,1,65,66,DACK,DACK,mac_ack_replace,149,43762,False
43971,593.356815345563,651,8,1,151,22,23,1,66,67,DACK,DACK,mac_ack_replace,151,43970,False
44054,594.071815345563,653,8,1,152,23,24,1,67,68,DACK,DACK,mac_ack_replace,152,44053,False
44201,595.436815345563,650,8,1,150,24,25,1,68,69,DACK,DACK,mac_ack_replace,152,44200,False
44581,598.608815345563,475,7,1,153,28,29,0,68,69,DACK,DACK,mac_enqueue,153,44580,False
46078,611.179815345563,535,7,1,156,27,28,0,65,66,DACK,DACK,mac_enqueue,156,46077,False
46151,611.803815345563,672,8,1,154,22,23,1,66,67,DACK,DACK,mac_ack_replace,156,46150,False
46478,614.533815345563,488,7,1,159,28,29,0,66,67,DACK,DACK,mac_enqueue,159,46477,False
46528,614.819815345563,536,7,1,157,29,30,0,67,68,DACK,DACK,mac_ack_replace,159,46527,False
46713,616.210815345563,476,7,1,158,30,31,0,68,69,DACK,DACK,mac_enqueue,159,46712,False
46997,619.070815345563,537,7,1,160,31,32,0,69,70,DACK,DACK,mac_enqueue,160,46996,False
47041,619.434815345563,543,7,1,161,32,33,0,70,71,DACK,DACK,mac_ack_replace,161,47040,False
48713,633.747815345563,557,7,1,162,30,31,0,66,67,DACK,DACK,mac_enqueue,162,48712,False
48797,634.449815345563,604,7,1,163,31,32,0,67,68,DACK,DACK,mac_ack_replace,163,48796,False
49089,637.218815345563,747,8,1,166,20,21,1,68,69,DACK,DACK,mac_enqueue,166,49088,False
49213,638.271815345563,611,7,1,164,32,33,0,69,70,DACK,DACK,mac_ack_replace,166,49212,False
49293,638.960815345563,550,7,1,165,33,34,0,70,71,DACK,DACK,mac_ack_replace,166,49292,False
49353,639.467815345563,766,8,1,167,21,22,2,71,72,DACK,DACK,mac_ack_replace,167,49352,False
49446,640.182815345563,767,8,1,168,22,23,2,72,73,DACK,DACK,mac_ack_replace,168,49445,False
51050,654.443815345563,768,8,1,169,19,20,0,67,68,DACK,DACK,mac_enqueue,169,51049,False
51164,655.509815345563,614,7,1,170,32,33,0,68,69,DACK,DACK,mac_ack_replace,170,51163,False
51423,658.122815345563,618,7,1,171,33,34,0,69,70,DACK,DACK,mac_enqueue,171,51422,False
51498,658.746815345563,619,7,1,172,34,35,0,70,71,DACK,DACK,mac_ack_replace,172,51497,False
51636,659.747815345563,620,7,1,173,35,36,0,71,72,DACK,DACK,mac_ack_replace,173,51635,False
51690,660.228815345563,677,7,1,174,36,37,0,72,73,DACK,DACK,mac_ack_replace,174,51689,False
51766,660.761815345563,667,7,1,175,37,38,0,73,74,DACK,DACK,mac_ack_replace,175,51765,False
53379,674.892815345563,803,8,1,176,19,20,0,66,67,DACK,DACK,mac_enqueue,176,53378,False
53695,678.428815345563,818,8,1,177,20,21,0,67,68,DACK,DACK,mac_enqueue,177,53694,False
53759,678.701815345563,679,7,1,178,31,32,0,68,69,DACK,DACK,mac_ack_replace,178,53758,False
53818,679.364815345563,680,7,1,179,32,33,0,69,70,DACK,DACK,mac_ack_replace,179,53817,False
54002,680.807815345563,686,7,1,181,33,34,0,70,71,DACK,DACK,mac_ack_replace,181,54001,False
54050,681.405815345563,729,7,1,182,34,35,0,71,72,DACK,DACK,mac_ack_replace,182,54049,False
55780,695.432815345563,720,7,1,183,29,30,0,63,64,DACK,DACK,mac_enqueue,183,55779,False
56205,699.774815345563,858,8,1,184,17,18,0,63,64,DACK,DACK,mac_enqueue,184,56204,False
56249,700.125815345563,860,8,1,185,18,19,0,64,65,DACK,DACK,mac_ack_replace,185,56248,False
56315,700.450815345563,862,8,1,186,19,20,0,65,66,DACK,DACK,mac_ack_replace,186,56314,False
56453,701.581815345563,868,8,1,187,20,21,0,66,67,DACK,DACK,mac_ack_replace,187,56452,False
56511,702.088815345563,736,7,1,188,30,31,0,67,68,DACK,DACK,mac_ack_replace,188,56510,False
58256,716.570815345563,735,7,1,189,29,30,0,62,63,DACK,DACK,mac_enqueue,189,58255,False
58963,723.226815345563,919,8,1,194,16,17,0,62,63,DACK,DACK,mac_enqueue,194,58962,False
59035,723.837815345563,743,7,1,191,30,31,0,63,64,DACK,DACK,mac_ack_replace,194,59034,False
59069,724.123815345563,780,7,1,192,31,32,0,64,65,DACK,DACK,mac_ack_replace,194,59068,False
59153,724.877815345563,742,7,1,190,32,33,0,65,66,DACK,DACK,mac_ack_replace,194,59152,False
59378,726.866815345563,784,7,1,193,32,33,0,65,66,DACK,DACK,mac_enqueue,194,59377,False
60704,737.513815345563,923,8,1,195,17,18,0,63,64,DACK,DACK,mac_enqueue,195,60703,False
61342,743.961815345563,927,8,1,196,18,19,0,64,65,DACK,DACK,mac_enqueue,196,61341,False
61501,745.430815345563,928,8,1,197,19,20,0,65,66,DACK,DACK,mac_ack_replace,197,61500,False
61573,746.054815345563,932,8,1,198,20,21,0,66,67,DACK,DACK,mac_ack_replace,198,61572,False
63126,759.522815345563,793,7,1,199,28,29,0,63,64,DACK,DACK,mac_enqueue,199,63125,False
63887,767.205815345563,831,7,1,203,29,30,0,63,64,DACK,DACK,mac_enqueue,203,63886,False
63930,767.621815345563,798,7,1,200,30,31,0,64,65,DACK,DACK,mac_ack_replace,203,63929,False
64011,768.271815345563,789,7,1,201,31,32,0,65,66,DACK,DACK,mac_ack_replace,203,64010,False
64053,768.609815345563,836,7,1,204,32,33,0,66,67,DACK,DACK,mac_ack_replace,204,64052,False
64126,769.181815345563,787,7,1,202,33,34,0,67,68,DACK,DACK,mac_ack_replace,204,64125,False
65427,780.075815345563,970,8,1,205,15,16,0,63,64,ACK,ACK,mac_enqueue,205,65426,False
65500,780.582815345563,841,7,1,206,32,33,0,64,65,DACK,DACK,mac_ack_replace,206,65499,False
66323,788.902815345563,853,7,1,208,32,33,0,64,65,DACK,DACK,mac_enqueue,208,66322,False
66403,789.643815345563,838,7,1,209,33,34,0,65,66,DACK,DACK,mac_ack_replace,209,66402,False
66482,790.059815345563,893,7,1,210,34,35,0,66,67,DACK,DACK,mac_ack_replace,210,66481,False
66777,792.958815345563,1029,8,1,211,16,17,0,66,67,DACK,DACK,mac_enqueue,211,66776,False
66851,793.517815345563,852,7,1,207,34,35,0,67,68,DACK,DACK,mac_ack_replace,211,66850,False
67809,801.096815345563,1034,8,1,212,17,18,0,65,66,DACK,DACK,mac_enqueue,212,67808,False
68651,809.585815345563,1036,8,1,213,18,19,0,65,66,DACK,DACK,mac_enqueue,213,68650,False
68783,810.846815345563,894,7,1,214,31,32,0,66,67,DACK,DACK,mac_ack_replace,214,68782,False
68854,811.379815345563,900,7,1,215,32,33,0,67,68,DACK,DACK,mac_ack_replace,215,68853,False
70055,822.052815345563,910,7,1,216,30,31,0,64,65,DACK,DACK,mac_enqueue,216,70054,False
70139,822.585815345563,897,7,1,217,31,32,0,65,66,DACK,DACK,mac_ack_replace,217,70138,False
70962,830.333815345563,1074,8,1,218,16,17,0,64,65,DACK,DACK,mac_enqueue,218,70961,False
71117,831.620815345563,912,7,1,219,32,33,0,65,66,DACK,DACK,mac_ack_replace,219,71116,False
71188,832.127815345563,947,7,1,220,33,34,0,66,67,DACK,DACK,mac_ack_replace,220,71187,False
71913,838.536815345563,957,7,1,221,34,35,2,66,67,DACK,DACK,mac_enqueue,221,71912,False
72840,845.608815345563,948,7,1,222,32,33,0,64,65,DACK,DACK,mac_enqueue,222,72839,False
73370,851.016815345563,953,7,1,223,32,33,1,64,65,DACK,DACK,mac_enqueue,223,73369,False
73517,852.303815345563,958,7,1,224,33,34,1,65,66,DACK,DACK,mac_ack_replace,224,73516,False
73595,852.706815345563,1118,8,1,225,16,17,0,66,67,DACK,DACK,mac_ack_replace,225,73594,False
74292,859.414815345563,1128,8,1,226,17,18,0,65,66,DACK,DACK,mac_enqueue,226,74291,False
74909,863.951815345563,962,7,1,227,32,33,0,65,66,DACK,DACK,mac_enqueue,227,74908,False
75211,866.304815345563,994,7,1,228,33,34,0,65,66,DACK,DACK,mac_enqueue,228,75210,False
75818,872.765815345563,1008,7,1,230,32,33,1,64,65,DACK,DACK,mac_enqueue,230,75817,False
75882,873.467815345563,1000,7,1,231,33,34,1,65,66,DACK,DACK,mac_ack_replace,231,75881,False
75981,874.169815345563,1005,7,1,229,34,35,1,66,67,DACK,DACK,mac_ack_replace,231,75980,False
76861,882.229815345563,1017,7,1,232,32,33,0,64,65,DACK,DACK,mac_enqueue,232,76860,False
77511,887.052815345563,1177,8,1,233,14,15,1,63,64,ACK,ACK,mac_enqueue,233,77510,False
77601,887.689815345563,1179,8,1,234,15,16,1,64,65,ACK,ACK,mac_ack_replace,234,77600,False
77687,888.261815345563,1180,8,1,235,16,17,1,65,66,DACK,DACK,mac_ack_replace,235,77686,False
77726,888.573815345563,1183,8,1,236,17,18,1,66,67,DACK,DACK,mac_ack_replace,236,77725,False
78199,893.487815345563,1044,7,1,237,32,33,0,64,65,DACK,DACK,mac_enqueue,237,78198,False
78288,894.176815345563,1052,7,1,238,33,34,0,65,66,DACK,DACK,mac_ack_replace,238,78287,False
78371,894.826815345563,1053,7,1,239,34,35,0,66,67,DACK,DACK,mac_ack_replace,239,78370,False
79307,902.925815345563,1057,7,1,240,34,35,0,66,67,DACK,DACK,mac_enqueue,240,79306,False
80105,909.204815345563,1090,7,1,241,34,35,0,65,66,DACK,DACK,mac_enqueue,241,80104,False
80185,909.958815345563,1097,7,1,242,35,36,0,66,67,DACK,DACK,mac_ack_replace,242,80184,False
80678,914.196815345563,1237,8,1,243,15,16,0,66,67,ACK,ACK,mac_enqueue,243,80677,False
80763,914.846815345563,1104,7,1,244,33,34,0,65,66,DACK,DACK,mac_ack_replace,244,80762,False
80853,915.483815345563,1107,7,1,245,34,35,0,66,67,DACK,DACK,mac_ack_replace,245,80852,False
80883,915.743815345563,1114,7,1,246,35,36,0,67,68,DACK,DACK,mac_ack_replace,246,80882,False
81886,923.933815345563,1141,7,1,247,36,37,0,68,69,DACK,DACK,mac_enqueue,247,81885,False
82730,930.550815345563,1148,7,1,249,37,38,0,67,68,DACK,DACK,mac_enqueue,249,82729,False
83167,934.411815345563,1108,7,1,248,38,39,0,67,68,DACK,DACK,mac_enqueue,249,83166,False
83299,935.672815345563,1272,8,1,250,13,14,1,68,69,ACK,ACK,mac_ack_replace,250,83298,False
83363,936.114815345563,1288,8,1,251,14,15,1,69,70,ACK,ACK,mac_ack_replace,251,83362,False
83424,936.517815345563,1292,8,1,252,15,16,1,70,71,ACK,ACK,mac_ack_replace,252,83423,False
83471,936.855815345563,1293,8,1,253,16,17,1,71,72,DACK,DACK,mac_ack_replace,253,83470,False
83503,937.141815345563,1155,7,1,254,39,40,0,72,73,DACK,DACK,mac_ack_replace,254,83502,False
83567,937.713815345563,1159,7,1,255,40,41,0,73,74,DACK,DACK,mac_ack_replace,255,83566,False
83617,937.960815345563,1192,7,1,256,41,42,0,74,75,DACK,DACK,mac_ack_replace,256,83616,False
84920,947.450815345563,1204,7,1,257,41,42,0,73,74,DACK,DACK,mac_enqueue,257,84919,False
85355,951.129815345563,1160,7,1,258,42,43,2,74,75,DACK,DACK,mac_enqueue,258,85354,False
86210,959.189815345563,1216,7,1,262,40,41,0,72,73,DACK,DACK,mac_enqueue,262,86209,False
86322,959.917815345563,1165,7,1,259,41,42,0,73,74,DACK,DACK,mac_ack_replace,262,86321,False
87200,966.287815345563,1213,7,1,260,41,42,1,73,74,DACK,DACK,mac_enqueue,262,87199,False
87258,966.612815345563,1215,7,1,261,42,43,1,74,75,DACK,DACK,mac_ack_replace,262,87257,False
87618,969.472815345563,1219,7,1,263,42,43,0,74,75,DACK,DACK,mac_enqueue,263,87617,False
88435,975.829815345563,1246,7,1,264,40,41,0,71,72,DACK,DACK,mac_enqueue,264,88434,False
88517,976.466815345563,1375,8,1,265,15,16,0,72,73,ACK,ACK,mac_ack_replace,265,88516,False
88894,979.989815345563,1401,8,1,267,16,17,0,73,74,DACK,DACK,mac_enqueue,267,88893,False
89076,981.562815345563,1252,7,1,266,41,42,0,74,75,DACK,DACK,mac_ack_replace,267,89075,False
90177,990.012815345563,1259,7,1,269,40,41,0,72,73,DACK,DACK,mac_enqueue,269,90176,False
90801,996.564815345563,1263,7,1,270,41,42,0,72,73,DACK,DACK,mac_enqueue,270,90800,False
91237,1000.93281534556,1264,7,1,271,42,43,0,73,74,DACK,DACK,mac_enqueue,271,91236,False
92030,1007.45881534556,1307,7,1,272,42,43,0,72,73,DACK,DACK,mac_enqueue,272,92029,False
92066,1007.78381534556,1426,8,1,273,14,15,0,73,74,ACK,ACK,mac_ack_replace,273,92065,False
92758,1012.98381534556,1444,8,1,275,15,16,0,73,74,ACK,ACK,mac_enqueue,275,92757,False
92814,1013.42581534556,1308,7,1,274,42,43,2,74,75,DACK,DACK,mac_ack_replace,275,92813,False
92930,1014.17981534556,1319,7,1,276,42,43,1,74,75,DACK,DACK,mac_ack_replace,276,92929,False
93238,1016.92281534556,1320,7,1,277,43,44,1,75,76,DACK,DACK,mac_enqueue,277,93237,False
93700,1021.53781534556,1324,7,1,278,43,44,0,75,76,DACK,DACK,mac_enqueue,278,93699,False
94152,1025.48981534556,1326,7,1,279,44,45,0,75,76,DACK,DACK,mac_enqueue,279,94151,False
95226,1033.62781534556,1355,7,1,280,43,44,0,74,75,DACK,DACK,mac_enqueue,280,95225,False
95388,1035.20081534556,1356,7,1,281,44,45,1,75,76,DACK,DACK,mac_ack_replace,281,95387,False
95935,1039.81581534556,1496,8,1,282,15,16,0,75,76,ACK,ACK,mac_enqueue,282,95934,False
96024,1040.53081534556,1365,7,1,283,44,45,2,76,77,DACK,DACK,mac_ack_replace,283,96023,False
96266,1042.58481534556,1366,7,1,284,45,46,2,77,78,DACK,DACK,mac_enqueue,284,96265,False
96630,1046.08181534556,1368,7,1,285,43,44,0,75,76,DACK,DACK,mac_enqueue,285,96629,False
97733,1054.51881534556,1377,7,1,286,44,45,0,75,76,DACK,DACK,mac_enqueue,286,97732,False
97791,1055.10381534556,1403,7,1,287,45,46,0,76,77,DACK,DACK,mac_ack_replace,287,97790,False
97891,1055.88381534556,1404,7,1,288,46,47,0,77,78,DACK,DACK,mac_ack_replace,288,97890,False
98493,1061.20081534556,1547,8,1,289,15,16,1,78,79,ACK,ACK,mac_enqueue,289,98492,False
98608,1062.38381534556,1417,7,1,290,47,48,1,79,80,DACK,DACK,mac_ack_replace,290,98607,False
98743,1063.48881534556,1418,7,1,291,48,49,1,80,81,DACK,DACK,mac_ack_replace,291,98742,False
99413,1069.62481534556,1419,7,1,292,45,46,1,76,77,DACK,DACK,mac_enqueue,292,99412,False
100132,1075.90381534556,1428,7,1,294,44,45,0,75,76,DACK,DACK,mac_enqueue,294,100131,False
100419,1078.42581534556,1455,7,1,295,45,46,0,76,77,DACK,DACK,mac_enqueue,295,100418,False
100453,1078.76381534556,1563,8,1,293,15,16,0,77,78,ACK,ACK,mac_ack_replace,295,100452,False
100969,1083.56081534556,1463,7,1,297,46,47,0,78,79,DACK,DACK,mac_enqueue,297,100968,False
101012,1083.93781534556,1457,7,1,296,47,48,0,79,80,DACK,DACK,mac_ack_replace,297,101011,False
101108,1084.65281534556,1466,7,1,298,48,49,0,80,81,DACK,DACK,mac_ack_replace,298,101107,False
102057,1092.45281534556,1467,7,1,299,49,50,0,77,78,DACK,DACK,mac_enqueue,299,102056,False
102586,1096.80781534556,1474,7,1,300,48,49,0,76,77,DACK,DACK,mac_enqueue,300,102585,False
103195,1103.64581534556,1508,7,1,301,49,50,0,77,78,DACK,DACK,mac_enqueue,301,103194,False
103336,1104.78981534556,1509,7,1,302,50,51,0,78,79,DACK,DACK,mac_ack_replace,302,103335,False
103376,1105.11481534556,1630,8,1,303,12,13,0,79,80,ACK,ACK,mac_ack_replace,303,103375,False
103438,1105.72581534556,1634,8,1,304,13,14,0,80,81,ACK,ACK,mac_ack_replace,304,103437,False
103510,1106.34981534556,1636,8,1,305,14,15,0,81,82,ACK,ACK,mac_ack_replace,305,103509,False
103583,1106.92181534556,1637,8,1,306,15,16,0,82,83,ACK,ACK,mac_ack_replace,306,103582,False
103640,1107.48081534556,1516,7,1,307,51,52,1,83,84,DACK,DACK,mac_ack_replace,307,103639,False
103706,1108.18281534556,1521,7,1,308,52,53,1,84,85,DACK,DACK,mac_ack_replace,308,103705,False
105144,1119.77881534556,1522,7,1,309,49,50,0,81,82,DACK,DACK,mac_enqueue,309,105143,False
105183,1120.12981534556,1526,7,1,310,50,51,0,82,83,DACK,DACK,mac_ack_replace,310,105182,False
105695,1125.16081534556,1555,7,1,311,51,52,0,83,84,DACK,DACK,mac_enqueue,311,105694,False
105974,1128.15081534556,1556,7,1,312,52,53,0,84,85,DACK,DACK,mac_enqueue,312,105973,False
106063,1128.72281534556,1691,8,1,313,16,17,0,85,86,DACK,DACK,mac_ack_replace,313,106062,False
106095,1129.04781534556,1570,7,1,314,53,54,0,86,87,DACK,DACK,mac_ack_replace,314,106094,False
107307,1140.76081534556,1565,7,1,315,52,53,1,84,85,DACK,DACK,mac_enqueue,315,107306,False
107360,1141.39781534556,1571,7,1,316,53,54,1,85,86,DACK,DACK,mac_ack_replace,316,107359,False
108035,1148.17081534556,1578,7,1,317,53,54,0,85,86,DACK,DACK,mac_enqueue,317,108034,False
108236,1149.70481534556,1607,7,1,319,54,55,0,86,87,DACK,DACK,mac_ack_replace,319,108235,False
108310,1150.39381534556,1742,8,1,320,16,17,0,87,88,DACK,DACK,mac_ack_replace,320,108309,False
108540,1152.27881534556,1605,7,1,318,55,56,0,88,89,DACK,DACK,mac_ack_replace,320,108539,False
109617,1162.35381534556,1746,8,1,322,17,18,0,89,90,DACK,DACK,mac_enqueue,322,109616,False
110152,1166.87781534556,1745,8,1,321,18,19,0,90,91,DACK,DACK,mac_enqueue,322,110151,False
110352,1168.98381534556,1747,8,1,323,19,20,0,91,92,DACK,DACK,mac_ack_replace,323,110351,False
110546,1170.73881534556,1613,7,1,324,56,57,0,92,93,DACK,DACK,mac_enqueue,324,110545,False
110870,1173.49481534556,1617,7,1,325,57,58,0,93,94,DACK,DACK,mac_enqueue,325,110869,False
110970,1174.20981534556,1621,7,1,326,58,59,0,94,95,DACK,DACK,mac_ack_replace,326,110969,False
111909,1183.21881534556,1626,7,1,327,57,58,0,93,94,DACK,DACK,mac_enqueue,327,111908,False
112501,1189.67981534556,1658,7,1,328,58,59,0,94,95,DACK,DACK,mac_enqueue,328,112500,False
113048,1194.61981534556,1659,7,1,329,59,60,1,95,96,DACK,DACK,mac_enqueue,329,113047,False
113114,1194.99681534556,1665,7,1,330,60,61,1,96,97,DACK,DACK,mac_ack_replace,330,113113,False
113680,1200.01481534556,1669,7,1,331,60,61,0,96,97,DACK,DACK,mac_enqueue,331,113679,False
114645,1208.36081534556,1670,7,1,332,61,62,0,95,96,DACK,DACK,mac_enqueue,332,114644,False
114673,1208.71181534556,1702,7,1,333,62,63,0,96,97,DACK,DACK,mac_ack_replace,333,114672,False
114835,1210.42781534556,1675,7,1,334,63,64,0,97,98,DACK,DACK,mac_enqueue,334,114834,False
115412,1215.92681534556,1835,8,1,336,18,19,0,98,99,DACK,DACK,mac_enqueue,336,115411,False
115990,1221.04881534556,1710,7,1,335,64,65,0,98,99,DACK,DACK,mac_enqueue,336,115989,False
116018,1221.29581534556,1842,8,1,337,18,19,0,99,100,DACK,DACK,mac_ack_replace,337,116017,False
116918,1229.96681534556,1711,7,1,338,65,66,1,99,100,DACK,DACK,mac_enqueue,338,116917,False
116939,1230.21381534556,1719,7,1,339,66,67,1,100,101,DACK,DACK,mac_ack_replace,339,116938,False
117011,1230.99381534556,1720,7,1,340,67,68,1,101,102,DACK,DACK,mac_ack_replace,340,117010,False
117499,1236.41481534556,1723,7,1,341,67,68,0,101,102,DACK,DACK,mac_enqueue,341,117498,False
118065,1241.93981534556,1755,7,1,342,67,68,0,101,102,DACK,DACK,mac_enqueue,342,118064,False
118990,1250.88381534556,1760,7,1,343,67,68,0,101,102,DACK,DACK,mac_enqueue,343,118989,False
119022,1251.27381534556,1761,7,1,344,68,69,0,102,103,DACK,DACK,mac_ack_replace,344,119021,False
119100,1251.91081534556,1900,8,1,345,18,19,0,103,104,DACK,DACK,mac_ack_replace,345,119099,False
119620,1257.07181534556,1769,7,1,346,69,70,0,104,105,DACK,DACK,mac_enqueue,346,119619,False
120206,1262.38881534556,1771,7,1,347,70,71,0,105,106,DACK,DACK,mac_enqueue,347,120205,False
120558,1265.17081534556,1912,8,1,348,19,20,0,106,107,DACK,DACK,mac_enqueue,348,120557,False
121416,1272.11281534556,1777,7,1,349,71,72,0,107,108,DACK,DACK,mac_enqueue,349,121415,False
121492,1272.81481534556,1800,7,1,350,72,73,0,108,109,DACK,DACK,mac_ack_replace,350,121491,False
121603,1273.56881534556,1808,7,1,351,73,74,0,109,110,DACK,DACK,mac_ack_replace,351,121602,False
122114,1277.80681534556,1805,7,1,352,74,75,0,110,111,DACK,DACK,mac_enqueue,352,122113,False
122999,1286.02281534556,1819,7,1,354,75,76,0,111,112,DACK,DACK,mac_enqueue,354,122998,False
123090,1286.77681534556,1814,7,1,353,76,77,0,112,113,DACK,DACK,mac_ack_replace,354,123089,False
124027,1294.22581534556,1845,7,1,357,76,77,0,112,113,DACK,DACK,mac_enqueue,357,124026,False
124149,1295.17481534556,1829,7,1,355,77,78,0,113,114,DACK,DACK,mac_ack_replace,357,124148,False
124182,1295.51281534556,1961,8,1,356,20,21,0,114,115,DACK,DACK,mac_ack_replace,357,124181,False
124579,1298.58081534556,1852,7,1,358,78,79,0,115,116,DACK,DACK,mac_enqueue,358,124578,False
125571,1306.69281534556,1857,7,1,359,78,79,0,115,116,DACK,DACK,mac_enqueue,359,125570,False
125638,1307.35581534556,1853,7,1,360,79,80,0,116,117,DACK,DACK,mac_ack_replace,360,125637,False
126562,1316.29981534556,1895,7,1,362,79,80,0,116,117,DACK,DACK,mac_enqueue,362,126561,False
126637,1316.79381534556,2005,8,1,363,21,22,0,117,118,DACK,DACK,mac_ack_replace,363,126636,False
126968,1319.38081534556,1890,7,1,361,80,81,0,118,119,DACK,DACK,mac_enqueue,363,126967,False
127291,1322.07181534556,1896,7,1,364,81,82,0,119,120,DACK,DACK,mac_enqueue,364,127290,False
127949,1327.38881534556,1904,7,1,365,81,82,0,119,120,DACK,DACK,mac_enqueue,365,127948,False
128049,1328.16881534556,1906,7,1,366,82,83,0,120,121,DACK,DACK,mac_ack_replace,366,128048,False
128909,1337.15181534556,1928,7,1,367,82,83,0,120,121,DACK,DACK,mac_enqueue,367,128908,False
129000,1338.15281534556,1915,7,1,368,83,84,0,121,122,DACK,DACK,mac_ack_replace,368,128999,False
129166,1339.82981534556,1936,7,1,369,84,85,0,122,123,DACK,DACK,mac_ack_replace,369,129165,False
129499,1342.89781534556,2039,8,1,370,22,23,0,123,124,DACK,DACK,mac_enqueue,370,129498,False
130081,1347.90281534556,1940,7,1,371,84,85,0,123,124,DACK,DACK,mac_enqueue,371,130080,False
130491,1351.11381534556,1942,7,1,372,85,86,0,124,125,DACK,DACK,mac_enqueue,372,130490,False
131221,1357.83481534556,1946,7,1,373,85,86,0,124,125,DACK,DACK,mac_enqueue,373,131220,False
131300,1358.54981534556,1957,7,1,374,86,87,0,125,126,DACK,DACK,mac_ack_replace,374,131299,False
131497,1360.43481534556,1974,7,1,375,87,88,0,126,127,DACK,DACK,mac_enqueue,375,131496,False
131938,1365.34881534556,2087,8,1,376,23,24,0,127,128,DACK,DACK,mac_enqueue,376,131937,False
132381,1368.97581534556,2088,8,1,377,24,25,0,127,128,DACK,DACK,mac_enqueue,377,132380,False
132759,1372.12181534556,2090,8,1,378,25,26,0,128,129,DACK,DACK,mac_enqueue,378,132758,False
133447,1378.46581534556,2092,8,1,379,26,27,1,129,130,DACK,DACK,mac_enqueue,379,133446,False
133514,1379.03781534556,1981,7,1,380,87,88,0,130,131,DACK,DACK,mac_ack_replace,380,133513,False
133767,1381.44281534556,1985,7,1,381,88,89,0,131,132,DACK,DACK,mac_enqueue,381,133766,False
134301,1386.81181534556,1976,7,1,382,89,90,0,131,132,DACK,DACK,mac_enqueue,382,134300,False
134726,1390.45181534556,1989,7,1,383,90,91,2,131,132,DACK,DACK,mac_enqueue,383,134725,False
135082,1393.27281534556,1999,7,1,384,90,91,1,131,132,DACK,DACK,mac_enqueue,384,135081,False
135760,1399.57781534556,2015,7,1,385,90,91,0,131,132,DACK,DACK,mac_enqueue,385,135759,False
135802,1399.92881534556,2134,8,1,386,25,26,0,132,133,DACK,DACK,mac_ack_replace,386,135801,False
136515,1406.38981534556,2016,7,1,387,91,92,0,133,134,DACK,DACK,mac_enqueue,387,136514,False
136674,1407.67681534556,2023,7,1,388,92,93,0,134,135,DACK,DACK,mac_ack_replace,388,136673,False
137031,1411.08281534556,2026,7,1,389,93,94,0,135,136,DACK,DACK,mac_enqueue,389,137030,False
137392,1413.99481534556,2032,7,1,390,94,95,0,136,137,DACK,DACK,mac_enqueue,390,137391,False
138087,1420.87181534556,2038,7,1,391,94,95,0,136,137,DACK,DACK,mac_enqueue,391,138086,False
138120,1421.26181534556,2056,7,1,392,95,96,0,137,138,DACK,DACK,mac_ack_replace,392,138119,False
139152,1431.93481534556,2178,8,1,393,26,27,0,138,139,DACK,DACK,mac_enqueue,393,139151,False
139482,1434.56081534556,2057,7,1,394,96,97,0,139,140,DACK,DACK,mac_enqueue,394,139481,False
139516,1434.92481534556,2061,7,1,395,97,98,0,140,141,DACK,DACK,mac_ack_replace,395,139515,False
140242,1441.91881534556,2067,7,1,396,96,97,0,139,140,DACK,DACK,mac_enqueue,396,140241,False
140532,1444.98681534556,2078,7,1,397,97,98,0,140,141,DACK,DACK,mac_enqueue,397,140531,False
140896,1449.04281534556,2206,8,1,398,27,28,0,141,142,DACK,DACK,mac_enqueue,398,140895,False
141626,1456.06281534556,2222,8,1,401,28,29,0,142,143,DACK,DACK,mac_enqueue,401,141625,False
141771,1457.32381534556,2097,7,1,399,98,99,0,143,144,DACK,DACK,mac_ack_replace,401,141770,False
141804,1457.62281534556,2218,8,1,400,29,30,0,144,145,DACK,DACK,mac_ack_replace,401,141803,False
142661,1465.79981534556,2107,7,1,403,97,98,0,141,142,DACK,DACK,mac_enqueue,403,142660,False
142691,1466.20281534556,2102,7,1,402,98,99,0,142,143,DACK,DACK,mac_ack_replace,403,142690,False
143110,1470.07681534556,2109,7,1,404,99,100,0,143,144,DACK,DACK,mac_enqueue,404,143109,False
143884,1476.73281534556,2113,7,1,405,100,101,0,144,145,DACK,DACK,mac_enqueue,405,143883,False
144079,1478.77381534556,2125,7,1,406,101,102,0,145,146,DACK,DACK,mac_ack_replace,406,144078,False
144917,1486.89881534556,2139,7,1,407,100,101,0,144,145,DACK,DACK,mac_enqueue,407,144916,False
145426,1490.85081534556,2145,7,1,408,101,102,0,145,146,DACK,DACK,mac_enqueue,408,145425,False
145454,1491.16281534556,2155,7,1,409,102,103,0,146,147,DACK,DACK,mac_ack_replace,409,145453,False
146187,1497.84481534556,2156,7,1,410,103,104,0,147,148,DACK,DACK,mac_enqueue,410,146186,False
146261,1498.57281534556,2177,7,1,411,104,105,0,148,149,DACK,DACK,mac_ack_replace,411,146260,False
146325,1499.19681534556,2165,7,1,412,105,106,0,149,150,DACK,DACK,mac_ack_replace,412,146324,False
147118,1507.59481534556,2184,7,1,413,105,106,1,149,150,DACK,DACK,mac_enqueue,413,147117,False
147625,1512.37881534556,2332,8,1,415,28,29,0,149,150,DACK,DACK,mac_enqueue,415,147624,False
148235,1517.78681534556,2187,7,1,414,105,106,0,150,151,DACK,DACK,mac_enqueue,415,148234,False
148283,1518.25481534556,2196,7,1,416,106,107,0,151,152,DACK,DACK,mac_ack_replace,416,148282,False
148410,1519.30781534556,2197,7,1,417,107,108,0,152,153,DACK,DACK,mac_ack_replace,417,148409,False
148492,1520.02281534556,2346,8,1,418,29,30,0,153,154,DACK,DACK,mac_ack_replace,418,148491,False
149262,1528.12181534556,2210,7,1,419,107,108,0,153,154,DACK,DACK,mac_enqueue,419,149261,False
149822,1533.49081534556,2230,7,1,420,108,109,1,153,154,DACK,DACK,mac_enqueue,420,149821,False
150375,1538.50881534556,2239,7,1,421,108,109,0,153,154,DACK,DACK,mac_enqueue,421,150374,False
150424,1539.04181534556,2240,7,1,422,109,110,0,154,155,DACK,DACK,mac_ack_replace,422,150423,False
150546,1539.88681534556,2251,7,1,423,110,111,0,155,156,DACK,DACK,mac_ack_replace,423,150545,False
150634,1540.56281534556,2252,7,1,424,111,112,0,156,157,DACK,DACK,mac_ack_replace,424,150633,False
151401,1548.77881534556,2262,7,1,425,112,113,1,157,158,DACK,DACK,mac_enqueue,425,151400,False
151920,1553.92681534556,2276,7,1,426,112,113,0,157,158,DACK,DACK,mac_enqueue,426,151919,False
152607,1560.14081534556,2428,8,1,427,29,30,0,157,158,DACK,DACK,mac_enqueue,427,152606,False
152651,1560.50481534556,2288,7,1,428,112,113,0,158,159,DACK,DACK,mac_ack_replace,428,152650,False
152691,1560.81681534556,2289,7,1,429,113,114,0,159,160,DACK,DACK,mac_ack_replace,429,152690,False
152725,1561.24581534556,2297,7,1,430,114,115,0,160,161,DACK,DACK,mac_ack_replace,430,152724,False
153441,1569.27981534556,2457,8,1,431,30,31,0,161,162,DACK,DACK,mac_enqueue,431,153440,False
153975,1574.31081534556,2306,7,1,432,114,115,0,161,162,DACK,DACK,mac_enqueue,432,153974,False
154748,1582.00681534556,2326,7,1,434,114,115,0,161,162,DACK,DACK,mac_enqueue,434,154747,False
154794,1582.52681534556,2342,7,1,435,115,116,0,162,163,DACK,DACK,mac_ack_replace,435,154793,False
154869,1583.15081534556,2344,7,1,436,116,117,0,163,164,DACK,DACK,mac_ack_replace,436,154868,False
154929,1583.78781534556,2307,7,1,433,117,118,0,164,165,DACK,DACK,mac_ack_replace,436,154928,False
155554,1590.10581534556,2350,7,1,437,118,119,0,165,166,DACK,DACK,mac_enqueue,437,155553,False
156190,1596.98281534556,2362,7,1,438,118,119,0,165,166,DACK,DACK,mac_enqueue,438,156189,False
156989,1604.17181534556,2377,7,1,439,118,119,0,164,165,DACK,DACK,mac_enqueue,439,156988,False
157060,1604.84781534556,2389,7,1,440,119,120,0,165,166,DACK,DACK,mac_ack_replace,440,157059,False
157153,1605.61481534556,2527,8,1,441,30,31,0,166,167,DACK,DACK,mac_ack_replace,441,157152,False
157204,1606.14781534556,2390,7,1,442,120,121,0,167,168,DACK,DACK,mac_ack_replace,442,157203,False
157692,1611.02281534556,2410,7,1,443,121,122,0,168,169,DACK,DACK,mac_enqueue,443,157691,False
158377,1617.91281534556,2411,7,1,444,121,122,0,168,169,DACK,DACK,mac_enqueue,444,158376,False
159132,1624.81581534556,2418,7,1,445,121,122,0,168,169,DACK,DACK,mac_enqueue,445,159131,False
159186,1625.40081534556,2446,7,1,446,122,123,0,169,170,DACK,DACK,mac_ack_replace,446,159185,False
159339,1626.63581534556,2448,7,1,447,123,124,0,170,171,DACK,DACK,mac_ack_replace,447,159338,False
159409,1627.32481534556,2579,8,1,448,31,32,0,171,172,DACK,DACK,mac_ack_replace,448,159408,False
159864,1631.71881534556,2460,7,1,449,124,125,0,172,173,DACK,DACK,mac_enqueue,449,159863,False
160530,1638.90781534556,2461,7,1,450,124,125,0,172,173,DACK,DACK,mac_enqueue,450,160529,False
161333,1645.81081534556,2467,7,1,451,124,125,0,172,173,DACK,DACK,mac_enqueue,451,161332,False
161374,1646.05781534556,2481,7,1,452,125,126,0,173,174,DACK,DACK,mac_ack_replace,452,161373,False
161469,1647.04581534556,2493,7,1,453,126,127,0,174,175,DACK,DACK,mac_ack_replace,453,161468,False
161656,1648.50181534556,2632,8,1,454,32,33,0,175,176,DACK,DACK,mac_enqueue,454,161655,False
162099,1652.60981534556,2494,7,1,455,127,128,0,176,177,DACK,DACK,mac_enqueue,455,162098,False
163091,1662.16481534556,2504,7,1,456,127,128,0,175,176,DACK,DACK,mac_enqueue,456,163090,False
163856,1669.04181534556,2676,8,1,460,32,33,0,175,176,DACK,DACK,mac_enqueue,460,163855,False
164045,1670.44581534556,2516,7,1,458,127,128,0,176,177,DACK,DACK,mac_ack_replace,460,164044,False
164089,1670.79681534556,2529,7,1,459,128,129,0,177,178,DACK,DACK,mac_ack_replace,460,164088,False
164378,1672.96781534556,2508,7,1,457,129,130,0,178,179,DACK,DACK,mac_ack_replace,460,164377,False
164406,1673.26681534556,2540,7,1,461,130,131,0,179,180,DACK,DACK,mac_ack_replace,461,164405,False
165374,1683.26381534556,2546,7,1,462,130,131,0,179,180,DACK,DACK,mac_enqueue,462,165373,False
166119,1689.64681534556,2684,8,1,463,33,34,0,179,180,DACK,DACK,mac_enqueue,463,166118,False
166303,1691.41481534556,2551,7,1,464,130,131,0,180,181,DACK,DACK,mac_enqueue,464,166302,False
166490,1692.81881534556,2689,8,1,465,34,35,0,181,182,DACK,DACK,mac_ack_replace,465,166489,False
166697,1694.72981534556,2563,7,1,466,131,132,0,182,183,DACK,DACK,mac_enqueue,466,166696,False
168068,1708.75681534556,2703,8,1,467,35,36,0,181,182,DACK,DACK,mac_enqueue,467,168067,False
168249,1710.26481534556,2576,7,1,468,130,131,0,182,183,DACK,DACK,mac_ack_replace,468,168248,False
168731,1714.13881534556,2577,7,1,469,131,132,0,183,184,DACK,DACK,mac_enqueue,469,168730,False
168765,1714.41181534556,2593,7,1,470,132,133,0,184,185,DACK,DACK,mac_ack_replace,470,168764,False
168820,1714.91881534556,2599,7,1,471,133,134,0,185,186,DACK,DACK,mac_ack_replace,471,168819,False
168910,1715.65981534556,2604,7,1,472,134,135,0,186,187,DACK,DACK,mac_ack_replace,472,168909,False
170272,1730.33681534556,2743,8,1,473,36,37,1,186,187,DACK,DACK,mac_enqueue,473,170271,False
170358,1730.86981534556,2613,7,1,474,134,135,0,187,188,DACK,DACK,mac_ack_replace,474,170357,False
170966,1735.86181534556,2639,7,1,477,135,136,0,185,186,DACK,DACK,mac_enqueue,477,170965,False
171058,1736.49881534556,2646,7,1,478,136,137,0,186,187,DACK,DACK,mac_ack_replace,478,171057,False
171188,1737.56481534556,2628,7,1,475,137,138,0,187,188,DACK,DACK,mac_ack_replace,478,171187,False
171528,1739.95681534556,2638,7,1,476,138,139,0,188,189,DACK,DACK,mac_enqueue,478,171527,False
172673,1750.85081534556,2658,7,1,479,137,138,1,186,187,DACK,DACK,mac_enqueue,479,172672,False
173192,1755.55681534556,2670,7,1,480,137,138,0,186,187,DACK,DACK,mac_enqueue,480,173191,False
173779,1760.69181534556,2679,7,1,481,138,139,0,187,188,DACK,DACK,mac_enqueue,481,173778,False
173839,1761.06881534556,2681,7,1,482,139,140,0,188,189,DACK,DACK,mac_ack_replace,482,173838,False
173906,1761.78381534556,2687,7,1,484,140,141,0,189,190,DACK,DACK,mac_ack_replace,484,173905,False
173993,1762.44681534556,2809,8,1,483,33,34,0,190,191,DACK,DACK,mac_ack_replace,484,173992,False
174907,1771.37781534556,2699,7,1,485,140,141,0,190,191,DACK,DACK,mac_enqueue,485,174906,False
175465,1776.74681534556,2842,8,1,486,34,35,0,191,192,DACK,DACK,mac_enqueue,486,175464,False
175968,1781.80381534556,2714,7,1,487,141,142,0,192,193,DACK,DACK,mac_enqueue,487,175967,False
176060,1782.46681534556,2718,7,1,488,142,143,0,193,194,DACK,DACK,mac_ack_replace,488,176059,False
176094,1782.75281534556,2719,7,1,489,143,144,0,194,195,DACK,DACK,mac_ack_replace,489,176093,False
176116,1783.07781534556,2860,8,1,490,35,36,0,195,196,DACK,DACK,mac_ack_replace,490,176115,False
177028,1792.09981534556,2865,8,1,491,36,37,0,194,195,DACK,DACK,mac_enqueue,491,177027,False
177625,1797.28681534556,2724,7,1,492,142,143,1,194,195,DACK,DACK,mac_enqueue,492,177624,False
178285,1803.91681534556,2753,7,1,494,142,143,0,194,195,DACK,DACK,mac_enqueue,494,178284,False
178342,1804.38481534556,2764,7,1,495,143,144,0,195,196,DACK,DACK,mac_ack_replace,495,178341,False
178458,1805.17781534556,2733,7,1,493,144,145,0,196,197,DACK,DACK,mac_ack_replace,495,178457,False
178646,1806.95881534556,2765,7,1,496,145,146,1,197,198,DACK,DACK,mac_ack_replace,496,178645,False
179452,1814.12181534556,2770,7,1,497,144,145,0,196,197,DACK,DACK,mac_enqueue,497,179451,False
179861,1817.72281534556,2783,7,1,498,145,146,0,197,198,DACK,DACK,mac_enqueue,498,179860,False
180590,1825.15881534556,2795,7,1,499,146,147,1,198,199,DACK,DACK,mac_enqueue,499,180589,False
180627,1825.57481534556,2803,7,1,500,147,148,1,199,200,DACK,DACK,mac_ack_replace,500,180626,False
180714,1826.23781534556,2805,7,1,501,147,148,0,199,200,DACK,DACK,mac_ack_replace,501,180713,False
180878,1827.61581534556,2810,7,1,502,148,149,0,200,201,DACK,DACK,mac_ack_replace,502,180877,False
182114,1838.99081534556,2824,7,1,503,148,149,1,199,200,DACK,DACK,mac_enqueue,503,182113,False
182648,1843.60581534556,2973,8,1,504,35,36,0,199,200,DACK,DACK,mac_enqueue,504,182647,False
183027,1846.90781534556,2848,7,1,506,148,149,0,200,201,DACK,DACK,mac_enqueue,506,183026,False
183074,1847.28481534556,2840,7,1,507,149,150,0,201,202,DACK,DACK,mac_ack_replace,507,183073,False
183144,1847.97381534556,2990,8,1,508,36,37,0,202,203,DACK,DACK,mac_ack_replace,508,183143,False
183242,1848.71481534556,2847,7,1,505,150,151,0,203,204,DACK,DACK,mac_ack_replace,508,183241,False
184986,1863.22281534556,2854,7,1,509,148,149,0,198,199,DACK,DACK,mac_enqueue,509,184985,False
185164,1865.14681534556,2871,7,1,510,149,150,0,199,200,DACK,DACK,mac_enqueue,510,185163,False
185499,1868.00681534556,2888,7,1,512,150,151,1,200,201,DACK,DACK,mac_enqueue,512,185498,False
185544,1868.39681534556,2890,7,1,513,150,151,0,200,201,DACK,DACK,mac_ack_replace,513,185543,False
185667,1869.33281534556,2893,7,1,514,151,152,0,201,202,DACK,DACK,mac_ack_replace,514,185666,False
185702,1869.65781534556,2882,7,1,511,152,153,0,202,203,DACK,DACK,mac_ack_replace,514,185701,False
187148,1884.23081534556,2911,7,1,515,150,151,0,200,201,DACK,DACK,mac_enqueue,515,187147,False
187480,1886.67481534556,2931,7,1,516,151,152,0,201,202,DACK,DACK,mac_enqueue,516,187479,False
187790,1889.43081534556,2934,7,1,517,152,153,1,202,203,DACK,DACK,mac_enqueue,517,187789,False
187862,1890.05481534556,2923,7,1,518,152,153,0,202,203,DACK,DACK,mac_ack_replace,518,187861,False
187910,1890.35381534556,3087,8,1,519,34,35,0,203,204,DACK,DACK,mac_ack_replace,519,187909,False
188033,1891.26381534556,2937,7,1,520,153,154,0,204,205,DACK,DACK,mac_ack_replace,520,188032,False
189621,1905.17381534556,3107,8,1,521,35,36,0,204,205,DACK,DACK,mac_enqueue,521,189620,False
190163,1909.65881534556,2949,7,1,522,153,154,2,205,206,DACK,DACK,mac_enqueue,522,190162,False
190233,1910.17881534556,2967,7,1,523,154,155,2,206,207,DACK,DACK,mac_ack_replace,523,190232,False
190422,1911.55681534556,2982,7,1,525,155,156,2,207,208,DACK,DACK,mac_ack_replace,525,190421,False
190479,1912.08981534556,2983,7,1,526,156,157,2,208,209,DACK,DACK,mac_ack_replace,526,190478,False
190633,1913.54581534556,2978,7,1,524,157,158,2,209,210,DACK,DACK,mac_ack_replace,526,190632,False
192338,1928.04081534556,3001,7,1,527,148,149,0,198,199,DACK,DACK,mac_enqueue,527,192337,False
192615,1930.99181534556,3013,7,1,528,149,150,0,199,200,DACK,DACK,mac_enqueue,528,192614,False
192704,1931.77181534556,3031,7,1,529,150,151,0,200,201,DACK,DACK,mac_ack_replace,529,192703,False
192773,1932.47381534556,3026,7,1,530,151,152,0,201,202,DACK,DACK,mac_ack_replace,530,192772,False
192835,1932.95481534556,3196,8,1,531,34,35,0,202,203,DACK,DACK,mac_ack_replace,531,192834,False
192965,1934.04681534556,3032,7,1,532,152,153,0,203,204,DACK,DACK,mac_ack_replace,532,192964,False
194809,1951.24581534556,3051,7,1,533,150,151,0,199,200,DACK,DACK,mac_enqueue,533,194808,False
194865,1951.84381534556,3075,7,1,534,151,152,0,200,201,DACK,DACK,mac_ack_replace,534,194864,False
194977,1952.57181534556,3076,7,1,535,152,153,0,201,202,DACK,DACK,mac_ack_replace,535,194976,False
195131,1954.00181534556,3077,7,1,537,153,154,0,202,203,DACK,DACK,mac_ack_replace,537,195130,False
195189,1954.56081534556,3254,8,1,538,33,34,0,203,204,DACK,DACK,mac_ack_replace,538,195188,False
195500,1957.42081534556,3064,7,1,536,154,155,0,204,205,DACK,DACK,mac_enqueue,538,195499,False
196990,1971.74681534556,3098,7,1,539,152,153,1,202,203,DACK,DACK,mac_enqueue,539,196989,False
197097,1972.56581534556,3112,7,1,540,153,154,1,203,204,DACK,DACK,mac_ack_replace,540,197096,False
197158,1973.25481534556,3131,7,1,541,154,155,1,204,205,DACK,DACK,mac_ack_replace,541,197157,False
197379,1974.98381534556,3132,7,1,542,155,156,1,205,206,DACK,DACK,mac_ack_replace,542,197378,False
197398,1975.25681534556,3306,8,1,543,34,35,0,206,207,DACK,DACK,mac_ack_replace,543,197397,False
197984,1981.13281534556,3133,7,1,544,155,156,0,206,207,DACK,DACK,mac_enqueue,544,197983,False
199221,1992.15681534556,3151,7,1,545,153,154,0,204,205,DACK,DACK,mac_enqueue,545,199220,False
199356,1993.28781534556,3163,7,1,546,154,155,0,205,206,DACK,DACK,mac_ack_replace,546,199355,False
199440,1994.11981534556,3180,7,1,547,155,156,0,206,207,DACK,DACK,mac_ack_replace,547,199439,False
199707,1996.73281534556,3353,8,1,549,35,36,0,207,208,DACK,DACK,mac_enqueue,549,199706,False
199891,1998.29281534556,3182,7,1,548,156,157,0,208,209,DACK,DACK,mac_ack_replace,549,199890,False
200232,2001.72481534556,3188,7,1,550,157,158,0,209,210,DACK,DACK,mac_enqueue,550,200231,False
201498,2014.02281534556,3213,7,1,552,156,157,1,207,208,DACK,DACK,mac_enqueue,552,201497,False
201638,2015.21881534556,3200,7,1,551,157,158,1,208,209,DACK,DACK,mac_ack_replace,552,201637,False
201848,2016.98681534556,3240,7,1,553,158,159,1,209,210,DACK,DACK,mac_ack_replace,553,201847,False
201914,2017.62381534556,3233,7,1,554,159,160,1,210,211,DACK,DACK,mac_ack_replace,554,201913,False
202522,2022.60281534556,3398,8,1,555,35,36,0,209,210,DACK,DACK,mac_enqueue,555,202521,False
202642,2023.35681534556,3241,7,1,556,158,159,0,210,211,DACK,DACK,mac_ack_replace,556,202641,False
203869,2034.74481534556,3403,8,1,557,35,36,0,208,209,DACK,DACK,mac_enqueue,557,203868,False
203966,2035.81081534556,3255,7,1,558,157,158,0,209,210,DACK,DACK,mac_ack_replace,558,203965,False
204192,2037.81281534556,3270,7,1,559,158,159,0,210,211,DACK,DACK,mac_enqueue,559,204191,False
204269,2038.51481534556,3291,7,1,560,159,160,0,211,212,DACK,DACK,mac_ack_replace,560,204268,False
204736,2043.06481534556,3442,8,1,561,36,37,0,211,212,DACK,DACK,mac_enqueue,561,204735,False
204833,2043.98781534556,3294,7,1,562,159,160,0,212,213,DACK,DACK,mac_ack_replace,562,204832,False
206040,2055.57081534556,3296,7,1,563,158,159,0,211,212,DACK,DACK,mac_enqueue,563,206039,False
206121,2056.23381534556,3313,7,1,564,159,160,0,212,213,DACK,DACK,mac_ack_replace,564,206120,False
206441,2058.78181534556,3322,7,1,565,160,161,0,213,214,DACK,DACK,mac_enqueue,565,206440,False
206838,2061.87581534556,3339,7,1,566,160,161,0,213,214,DACK,DACK,mac_enqueue,566,206837,False
208132,2071.95081534556,3343,7,1,568,160,161,0,213,214,DACK,DACK,mac_enqueue,568,208131,False
208194,2072.30181534556,3483,8,1,567,37,38,0,214,215,DACK,DACK,mac_ack_replace,568,208193,False
208688,2076.14981534556,3344,7,1,569,161,162,1,215,216,DACK,DACK,mac_enqueue,569,208687,False
208773,2076.74781534556,3358,7,1,570,162,163,2,215,216,DACK,DACK,mac_ack_replace,570,208772,False
209399,2082.37681534556,3368,7,1,571,161,162,0,214,215,DACK,DACK,mac_enqueue,571,209398,False
209484,2082.93581534556,3385,7,1,572,162,163,0,215,216,DACK,DACK,mac_ack_replace,572,209483,False
210918,2095.75381534556,3391,7,1,573,161,162,0,214,215,DACK,DACK,mac_enqueue,573,210917,False
211076,2097.07981534556,3395,7,1,574,162,163,0,215,216,DACK,DACK,mac_ack_replace,574,211075,False
211656,2102.37081534556,3402,7,1,575,162,163,1,212,213,DACK,DACK,mac_enqueue,575,211655,False
211706,2102.85181534556,3555,8,1,576,34,35,1,213,214,DACK,DACK,mac_ack_replace,576,211705,False
211804,2103.51481534556,3414,7,1,577,163,164,1,214,215,DACK,DACK,mac_ack_replace,577,211803,False
213161,2114.66881534556,3431,7,1,578,160,161,0,210,211,DACK,DACK,mac_enqueue,578,213160,False
213695,2118.99781534556,3432,7,1,579,161,162,0,211,212,DACK,DACK,mac_enqueue,579,213694,False
213799,2119.60881534556,3446,7,1,580,162,163,0,212,213,DACK,DACK,mac_ack_replace,580,213798,False
214234,2123.27481534556,3589,8,1,581,34,35,0,211,212,DACK,DACK,mac_enqueue,581,214233,False
214361,2124.27581534556,3448,7,1,582,161,162,0,212,213,DACK,DACK,mac_ack_replace,582,214360,False
215826,2137.36681534556,3603,8,1,583,34,35,0,206,207,DACK,DACK,mac_enqueue,583,215825,False
216260,2141.81281534556,3458,7,1,584,156,157,0,207,208,DACK,DACK,mac_enqueue,584,216259,False
216515,2143.80181534556,3477,7,1,587,157,158,0,208,209,DACK,DACK,mac_ack_replace,587,216514,False
216555,2144.25681534556,3473,7,1,585,158,159,0,209,210,DACK,DACK,mac_ack_replace,587,216554,False
216658,2145.04981534556,3487,7,1,588,159,160,0,210,211,DACK,DACK,mac_ack_replace,588,216657,False
216696,2145.32281534556,3623,8,1,586,35,36,1,211,212,DACK,DACK,mac_ack_replace,588,216695,False
218249,2158.32281534556,3490,7,1,589,156,157,0,207,208,DACK,DACK,mac_enqueue,589,218248,False
218861,2164.56281534556,3501,7,1,591,157,158,0,208,209,DACK,DACK,mac_enqueue,591,218860,False
218909,2164.95281534556,3518,7,1,590,158,159,0,209,210,DACK,DACK,mac_ack_replace,591,218908,False
218995,2165.71981534556,3524,7,1,592,159,160,0,210,211,DACK,DACK,mac_ack_replace,592,218994,False
219061,2166.23981534556,3531,7,1,593,160,161,0,211,212,DACK,DACK,mac_ack_replace,593,219060,False
220774,2181.46281534556,3534,7,1,594,156,157,0,204,205,DACK,DACK,mac_enqueue,594,220773,False
221184,2185.89581534556,3567,7,1,596,157,158,0,205,206,DACK,DACK,mac_enqueue,596,221183,False
221284,2186.57181534556,3569,7,1,597,158,159,0,206,207,DACK,DACK,mac_ack_replace,597,221283,False
221365,2187.27381534556,3579,7,1,598,159,160,0,207,208,DACK,DACK,mac_ack_replace,598,221364,False
221418,2187.61181534556,3545,7,1,595,160,161,0,208,209,DACK,DACK,mac_ack_replace,598,221417,False
221471,2188.02781534556,3584,7,1,599,161,162,0,209,210,DACK,DACK,mac_ack_replace,599,221470,False
223049,2202.76981534556,3735,8,1,600,32,33,0,205,206,DACK,DACK,mac_enqueue,600,223048,False
223469,2206.69581534556,3743,8,1,601,33,34,0,206,207,DACK,DACK,mac_enqueue,601,223468,False
223513,2207.04681534556,3593,7,1,602,157,158,0,207,208,DACK,DACK,mac_ack_replace,602,223512,False
223614,2207.68381534556,3618,7,1,603,158,159,0,208,209,DACK,DACK,mac_ack_replace,603,223613,False
223689,2208.38581534556,3626,7,1,604,159,160,0,209,210,DACK,DACK,mac_ack_replace,604,223688,False
223738,2208.74981534556,3616,7,1,605,160,161,0,210,211,DACK,DACK,mac_ack_replace,605,223737,False
225594,2225.68881534556,3631,7,1,606,158,159,2,207,208,DACK,DACK,mac_enqueue,606,225593,False
225820,2227.88581534556,3639,7,1,607,159,160,2,208,209,DACK,DACK,mac_enqueue,607,225819,False
225854,2228.17181534556,3662,7,1,608,160,161,2,209,210,DACK,DACK,mac_ack_replace,608,225853,False
225937,2228.82181534556,3666,7,1,609,160,161,1,209,210,DACK,DACK,mac_ack_replace,609,225936,False
226010,2229.39381534556,3670,7,1,610,161,162,1,210,211,DACK,DACK,mac_ack_replace,610,226009,False
227916,2246.29381534556,3839,8,1,612,32,33,0,207,208,DACK,DACK,mac_enqueue,612,227915,False
228182,2248.72481534556,3686,7,1,613,158,159,1,207,208,DACK,DACK,mac_enqueue,613,228181,False
228386,2250.23281534556,3716,7,1,616,159,160,1,208,209,DACK,DACK,mac_enqueue,616,228385,False
228552,2251.61081534556,3706,7,1,614,160,161,1,209,210,DACK,DACK,mac_ack_replace,616,228551,False
228632,2252.33881534556,3715,7,1,615,161,162,1,210,211,DACK,DACK,mac_ack_replace,616,228631,False
230225,2267.44481534556,3719,7,1,617,158,159,0,207,208,DACK,DACK,mac_enqueue,617,230224,False
230766,2272.55381534556,3770,7,1,620,159,160,0,208,209,DACK,DACK,mac_enqueue,620,230765,False
230973,2273.89281534556,3727,7,1,619,160,161,0,209,210,DACK,DACK,mac_enqueue,620,230972,False
231233,2275.94681534556,3873,8,1,618,33,34,0,210,211,DACK,DACK,mac_enqueue,620,231232,False
231277,2276.36281534556,3757,7,1,621,161,162,1,211,212,DACK,DACK,mac_ack_replace,621,231276,False
232463,2288.02381534556,3768,7,1,622,159,160,0,208,209,DACK,DACK,mac_enqueue,622,232462,False
232927,2293.02881534556,3774,7,1,623,160,161,1,209,210,DACK,DACK,mac_enqueue,623,232926,False
233123,2294.83581534556,3929,8,1,624,33,34,0,209,210,DACK,DACK,mac_enqueue,624,233122,False
233383,2297.16281534556,3781,7,1,625,160,161,0,210,211,DACK,DACK,mac_ack_replace,625,233382,False
235166,2313.26981534556,3801,7,1,626,157,158,0,206,207,DACK,DACK,mac_enqueue,626,235165,False
235222,2313.86781534556,3812,7,1,627,158,159,1,207,208,DACK,DACK,mac_ack_replace,627,235221,False
235477,2316.25981534556,3814,7,1,628,159,160,1,208,209,DACK,DACK,mac_enqueue,628,235476,False
235498,2316.51981534556,3815,7,1,629,160,161,1,209,210,DACK,DACK,mac_ack_replace,629,235497,False
235649,2318.09281534556,3985,8,1,630,33,34,0,210,211,DACK,DACK,mac_ack_replace,630,235648,False
237609,2336.64381534556,3825,7,1,631,156,157,0,206,207,DACK,DACK,mac_enqueue,631,237608,False
237740,2337.47581534556,3845,7,1,632,157,158,0,207,208,DACK,DACK,mac_ack_replace,632,237739,False
237953,2339.23081534556,3856,7,1,634,158,159,0,208,209,DACK,DACK,mac_ack_replace,634,237952,False
238859,2346.71881534556,3852,7,1,633,158,159,2,207,208,DACK,DACK,mac_enqueue,634,238858,False
239583,2353.80381534556,3858,7,1,635,156,157,0,205,206,DACK,DACK,mac_enqueue,635,239582,False
239903,2357.59981534556,4027,8,1,636,33,34,0,206,207,DACK,DACK,mac_enqueue,636,239902,False
240778,2364.98381534556,3871,7,1,637,157,158,1,207,208,DACK,DACK,mac_enqueue,637,240777,False
240860,2365.65981534556,3892,7,1,638,158,159,1,208,209,DACK,DACK,mac_ack_replace,638,240859,False
241752,2374.62981534556,3903,7,1,639,157,158,2,206,207,DACK,DACK,mac_enqueue,639,241751,False
242103,2378.75081534556,3904,7,1,640,157,158,1,206,207,DACK,DACK,mac_enqueue,640,242102,False
243063,2386.79781534556,3906,7,1,641,157,158,0,206,207,DACK,DACK,mac_enqueue,641,243062,False
243102,2387.05781534556,4073,8,1,642,33,34,0,207,208,DACK,DACK,mac_ack_replace,642,243101,False
243416,2389.90481534556,3915,7,1,643,157,158,1,207,208,DACK,DACK,mac_enqueue,643,243415,False
244058,2395.46881534556,3935,7,1,644,157,158,0,207,208,DACK,DACK,mac_enqueue,644,244057,False
244462,2399.44681534556,3952,7,1,645,158,159,0,208,209,DACK,DACK,mac_enqueue,645,244461,False
245306,2407.88381534556,3953,7,1,646,159,160,0,209,210,DACK,DACK,mac_enqueue,646,245305,False
245394,2408.54681534556,3958,7,1,647,160,161,0,210,211,DACK,DACK,mac_ack_replace,647,245393,False
245623,2411.01681534556,3973,7,1,648,161,162,1,211,212,DACK,DACK,mac_enqueue,648,245622,False
246145,2415.95681534556,4127,8,1,649,34,35,0,211,212,DACK,DACK,mac_enqueue,649,246144,False
246539,2420.19481534556,3987,7,1,650,160,161,0,211,212,DACK,DACK,mac_enqueue,650,246538,False
247712,2430.37381534556,4000,7,1,651,161,162,0,212,213,DACK,DACK,mac_enqueue,651,247711,False
247842,2431.40081534556,4003,7,1,652,162,163,0,213,214,DACK,DACK,mac_ack_replace,652,247841,False
247933,2432.16781534556,4004,7,1,653,163,164,0,214,215,DACK,DACK,mac_ack_replace,653,247932,False
248408,2436.40581534556,4159,8,1,654,34,35,0,214,215,DACK,DACK,mac_enqueue,654,248407,False
248963,2441.30681534556,4018,7,1,655,159,160,3,209,210,DACK,DACK,mac_enqueue,655,248962,False
250149,2451.62881534556,4178,8,1,656,31,32,0,202,203,DACK,DACK,mac_enqueue,656,250148,False
250183,2451.88881534556,4030,7,1,657,155,156,0,203,204,DACK,DACK,mac_ack_replace,657,250182,False
250568,2455.19081534556,4047,7,1,658,156,157,0,204,205,DACK,DACK,mac_enqueue,658,250567,False
250878,2457.58281534556,4048,7,1,659,157,158,0,205,206,DACK,DACK,mac_ack_replace,659,250877,False
251247,2461.82081534556,4050,7,1,660,158,159,0,206,207,DACK,DACK,mac_enqueue,660,251246,False
252489,2472.61081534556,4061,7,1,661,155,156,0,203,204,DACK,DACK,mac_enqueue,661,252488,False
252549,2473.14381534556,4081,7,1,662,156,157,0,204,205,DACK,DACK,mac_ack_replace,662,252548,False
253026,2478.14881534556,4086,7,1,663,157,158,0,205,206,DACK,DACK,mac_enqueue,663,253025,False
253118,2478.88981534556,4087,7,1,664,158,159,0,206,207,DACK,DACK,mac_ack_replace,664,253117,False
253469,2482.42581534556,4249,8,1,665,32,33,0,207,208,DACK,DACK,mac_enqueue,665,253468,False
254731,2493.86581534556,4102,7,1,667,155,156,0,203,204,DACK,DACK,mac_enqueue,667,254730,False
254888,2495.69881534556,4092,7,1,666,156,157,0,204,205,DACK,DACK,mac_ack_replace,667,254887,False
255251,2498.83181534556,4136,7,1,668,157,158,0,205,206,DACK,DACK,mac_enqueue,668,255250,False
255328,2499.48181534556,4137,7,1,669,158,159,0,206,207,DACK,DACK,mac_ack_replace,669,255327,False
255596,2502.96581534556,4124,7,1,670,159,160,0,207,208,DACK,DACK,mac_enqueue,670,255595,False
256979,2515.02981534556,4141,7,1,671,156,157,0,204,205,DACK,DACK,mac_enqueue,671,256978,False
257551,2520.15181534556,4327,8,1,672,32,33,0,205,206,DACK,DACK,mac_enqueue,672,257550,False
257589,2520.41181534556,4153,7,1,673,157,158,0,206,207,DACK,DACK,mac_ack_replace,673,257588,False
257638,2520.97081534556,4184,7,1,674,158,159,0,207,208,DACK,DACK,mac_ack_replace,674,257637,False
258114,2526.44381534556,4187,7,1,675,159,160,1,208,209,DACK,DACK,mac_enqueue,675,258113,False
259161,2535.55681534556,4173,7,1,676,157,158,1,204,205,DACK,DACK,mac_enqueue,676,259160,False
259828,2541.96581534556,4373,8,1,678,31,32,0,204,205,DACK,DACK,mac_enqueue,678,259827,False
259855,2542.29081534556,4199,7,1,679,157,158,0,205,206,DACK,DACK,mac_ack_replace,679,259854,False
260074,2544.12381534556,4190,7,1,677,158,159,0,206,207,DACK,DACK,mac_enqueue,679,260073,False
260334,2546.97081534556,4230,7,1,680,159,160,0,207,208,DACK,DACK,mac_enqueue,680,260333,False
261320,2556.43481534556,4232,7,1,681,158,159,0,206,207,DACK,DACK,mac_enqueue,681,261319,False
261994,2563.25981534556,4400,8,1,683,30,31,0,204,205,DACK,DACK,mac_enqueue,683,261993,False
262278,2565.69081534556,4235,7,1,682,158,159,0,205,206,DACK,DACK,mac_enqueue,683,262277,False
262436,2567.51081534556,4416,8,1,684,31,32,0,206,207,DACK,DACK,mac_ack_replace,684,262435,False
262709,2570.20181534556,4241,7,1,685,159,160,1,207,208,DACK,DACK,mac_enqueue,685,262708,False
263479,2577.00081534556,4252,7,1,686,157,158,0,205,206,DACK,DACK,mac_enqueue,686,263478,False
264146,2583.98181534556,4284,7,1,687,157,158,0,205,206,DACK,DACK,mac_enqueue,687,264145,False
264516,2588.01181534556,4294,7,1,689,158,159,0,206,207,DACK,DACK,mac_enqueue,689,264515,False
264648,2588.96081534556,4291,7,1,688,159,160,0,207,208,DACK,DACK,mac_ack_replace,689,264647,False
264865,2590.91081534556,4299,7,1,690,160,161,0,208,209,DACK,DACK,mac_enqueue,690,264864,False
265650,2597.73581534556,4311,7,1,691,158,159,0,206,207,DACK,DACK,mac_enqueue,691,265649,False
266427,2604.92481534556,4335,7,1,692,158,159,0,206,207,DACK,DACK,mac_enqueue,692,266426,False
266781,2608.55181534556,4343,7,1,693,159,160,0,207,208,DACK,DACK,mac_enqueue,693,266780,False
266895,2609.70881534556,4344,7,1,694,160,161,0,208,209,DACK,DACK,mac_ack_replace,694,266894,False
267129,2611.50281534556,4349,7,1,695,161,162,0,209,210,DACK,DACK,mac_enqueue,695,267128,False
268265,2620.90181534556,4354,7,1,696,159,160,0,207,208,DACK,DACK,mac_enqueue,696,268264,False
268777,2625.30881534556,4383,7,1,697,160,161,0,208,209,DACK,DACK,mac_enqueue,697,268776,False
269522,2632.18581534556,4540,8,1,700,31,32,0,207,208,DACK,DACK,mac_enqueue,700,269521,False
269695,2633.34281534556,4386,7,1,698,160,161,0,208,209,DACK,DACK,mac_ack_replace,700,269694,False
269837,2634.83781534556,4387,7,1,699,161,162,1,209,210,DACK,DACK,mac_enqueue,700,269836,False
270677,2641.77981534556,4548,8,1,701,31,32,0,207,208,DACK,DACK,mac_enqueue,701,270676,False
271138,2645.69281534556,4395,7,1,702,160,161,0,208,209,DACK,DACK,mac_enqueue,702,271137,False
271858,2653.42781534556,4429,7,1,703,160,161,1,208,209,DACK,DACK,mac_enqueue,703,271857,False
272831,2663.16481534556,4435,7,1,704,159,160,1,207,208,DACK,DACK,mac_enqueue,704,272830,False
273211,2666.53181534556,4437,7,1,705,160,161,1,208,209,DACK,DACK,mac_enqueue,705,273210,False
273849,2673.96781534556,4439,7,1,706,159,160,0,207,208,DACK,DACK,mac_enqueue,706,273848,False
273877,2674.22781534556,4452,7,1,707,160,161,0,208,209,DACK,DACK,mac_ack_replace,707,273876,False
274316,2678.82981534556,4475,7,1,708,161,162,0,209,210,DACK,DACK,mac_enqueue,708,274315,False
275165,2686.12281534556,4480,7,1,709,161,162,0,209,210,DACK,DACK,mac_enqueue,709,275164,False
275528,2689.60681534556,4482,7,1,710,162,163,1,210,211,DACK,DACK,mac_enqueue,710,275527,False
276124,2695.04081534556,4488,7,1,711,161,162,0,209,210,DACK,DACK,mac_enqueue,711,276123,False
276185,2695.57381534556,4634,8,1,712,32,33,0,210,211,DACK,DACK,mac_ack_replace,712,276184,False
276698,2700.14981534556,4496,7,1,713,162,163,0,211,212,DACK,DACK,mac_enqueue,713,276697,False
277579,2707.39081534556,4518,7,1,714,162,163,0,211,212,DACK,DACK,mac_enqueue,714,277578,False
278099,2712.43481534556,4522,7,1,715,163,164,0,212,213,DACK,DACK,mac_enqueue,715,278098,False
278500,2715.69781534556,4525,7,1,716,163,164,1,212,213,DACK,DACK,mac_enqueue,716,278499,False
278595,2716.69881534556,4528,7,1,717,163,164,0,212,213,DACK,DACK,mac_ack_replace,717,278594,False
279137,2721.15781534556,4537,7,1,718,162,163,0,210,211,DACK,DACK,mac_enqueue,718,279136,False
280043,2728.32081534556,4691,8,1,719,31,32,0,208,209,DACK,DACK,mac_enqueue,719,280042,False
280549,2733.39081534556,4564,7,1,720,161,162,0,209,210,DACK,DACK,mac_enqueue,720,280548,False
280793,2736.14681534556,4569,7,1,721,162,163,0,210,211,DACK,DACK,mac_enqueue,721,280792,False
281136,2739.39681534556,4570,7,1,722,163,164,0,211,212,DACK,DACK,mac_enqueue,722,281135,False
281966,2746.48181534556,4572,7,1,723,162,163,1,210,211,DACK,DACK,mac_enqueue,723,281965,False
282837,2754.07381534556,4731,8,1,725,32,33,0,209,210,DACK,DACK,mac_enqueue,725,282836,False
283139,2756.90781534556,4600,7,1,726,161,162,0,210,211,DACK,DACK,mac_enqueue,726,283138,False
283816,2763.16081534556,4606,7,1,727,162,163,1,211,212,DACK,DACK,mac_enqueue,727,283815,False
284605,2770.21981534556,4605,7,1,728,161,162,0,209,210,DACK,DACK,mac_enqueue,728,284604,False
285277,2775.56281534556,4607,7,1,729,161,162,1,209,210,DACK,DACK,mac_enqueue,729,285276,False
285467,2777.47381534556,4627,7,1,730,162,163,1,210,211,DACK,DACK,mac_ack_replace,730,285466,False
286233,2784.24681534556,4775,8,1,731,32,33,1,209,210,DACK,DACK,mac_enqueue,731,286232,False
287203,2791.95581534556,4650,7,1,732,157,158,6,204,205,DACK,DACK,mac_enqueue,732,287202,False
287915,2798.14381534556,4655,7,1,734,152,153,0,199,200,DACK,DACK,mac_enqueue,734,287914,False
288044,2799.35281534556,4654,7,1,733,153,154,0,200,201,DACK,DACK,mac_ack_replace,734,288043,False
289466,2812.46981534556,4670,7,1,736,154,155,0,201,202,DACK,DACK,mac_enqueue,736,289465,False
290286,2819.41181534556,4689,7,1,737,150,151,2,196,197,DACK,DACK,mac_enqueue,737,290285,False
290387,2820.33481534556,4698,7,1,738,150,151,2,195,196,DACK,DACK,mac_ack_replace,738,290386,False
291986,2836.55881534556,4699,7,1,739,148,149,0,192,193,DACK,DACK,mac_enqueue,739,291985,False
292516,2841.22581534556,4703,7,1,740,146,147,1,189,190,DACK,DACK,mac_enqueue,740,292515,False
293081,2846.51681534556,4859,8,1,741,27,28,0,188,189,DACK,DACK,mac_enqueue,741,293080,False
294158,2857.29381534556,4714,7,1,742,144,145,0,188,189,DACK,DACK,mac_enqueue,742,294157,False
294696,2862.42881534556,4733,7,1,743,143,144,1,186,187,DACK,DACK,mac_enqueue,743,294695,False
296416,2878.60081534556,4741,7,1,744,139,140,0,182,183,DACK,DACK,mac_enqueue,744,296415,False
296930,2883.52781534556,4746,7,1,745,140,141,1,183,184,DACK,DACK,mac_enqueue,745,296929,False
297335,2887.46681534556,4747,7,1,746,139,140,0,182,183,DACK,DACK,mac_enqueue,746,297334,False
298980,2903.46981534556,4757,7,1,747,138,139,0,180,181,DACK,DACK,mac_enqueue,747,298979,False
299078,2904.44481534556,4776,7,1,748,139,140,1,181,182,DACK,DACK,mac_ack_replace,748,299077,False
299458,2908.17581534556,4780,7,1,749,139,140,0,181,182,DACK,DACK,mac_enqueue,749,299457,False
301165,2924.97181534556,4783,7,1,750,136,137,0,176,177,DACK,DACK,mac_enqueue,750,301164,False
301533,2929.14481534556,4924,8,1,751,24,25,0,176,177,DACK,DACK,mac_enqueue,751,301532,False
303411,2946.18781534556,4785,7,1,752,132,133,0,172,173,DACK,DACK,mac_enqueue,752,303410,False
303594,2947.92981534556,4798,7,1,753,133,134,0,173,174,DACK,DACK,mac_enqueue,753,303593,False
303836,2949.91881534556,4820,7,1,754,134,135,1,174,175,DACK,DACK,mac_ack_replace,754,303835,False
305555,2966.84481534556,4824,7,1,755,131,132,0,171,172,DACK,DACK,mac_enqueue,755,305554,False
305758,2968.74281534556,4829,7,1,756,132,133,0,172,173,DACK,DACK,mac_enqueue,756,305757,False
305950,2970.74481534556,4830,7,1,757,133,134,0,173,174,DACK,DACK,mac_ack_replace,757,305949,False
307640,2987.55381534556,4979,8,1,758,22,23,0,166,167,DACK,DACK,mac_enqueue,758,307639,False
307853,2989.76381534556,4844,7,1,759,128,129,0,167,168,DACK,DACK,mac_enqueue,759,307852,False
308032,2991.33681534556,4862,7,1,760,129,130,0,168,169,DACK,DACK,mac_ack_replace,760,308031,False
309794,3008.22381534556,4867,7,1,761,124,125,0,163,164,DACK,DACK,mac_enqueue,761,309793,False
310012,3010.47281534556,4872,7,1,762,125,126,0,164,165,DACK,DACK,mac_enqueue,762,310011,False
310663,3016.59581534556,4873,7,1,763,126,127,0,165,166,DACK,DACK,mac_enqueue,763,310662,False
312051,3028.71181534556,5017,8,1,764,22,23,0,160,161,DACK,DACK,mac_enqueue,764,312050,False
312337,3031.77981534556,4907,7,1,765,122,123,0,161,162,DACK,DACK,mac_enqueue,765,312336,False
314245,3050.25281534556,4889,7,1,766,119,120,1,157,158,DACK,DACK,mac_enqueue,766,314244,False
314490,3052.59281534556,4912,7,1,767,120,121,1,158,159,DACK,DACK,mac_enqueue,767,314489,False
314964,3057.24681534556,4916,7,1,768,120,121,1,157,158,DACK,DACK,mac_enqueue,768,314963,False
316456,3071.10481534556,5052,8,1,769,21,22,0,155,156,DACK,DACK,mac_enqueue,769,316455,False
316650,3073.18481534556,4917,7,1,770,118,119,0,156,157,DACK,DACK,mac_enqueue,770,316649,False
317101,3078.22881534556,4953,7,1,771,119,120,0,157,158,DACK,DACK,mac_enqueue,771,317100,False
318614,3091.54081534556,4956,7,1,772,117,118,1,154,155,DACK,DACK,mac_enqueue,772,318613,False
318888,3093.82881534556,4932,7,1,773,117,118,0,154,155,DACK,DACK,mac_enqueue,773,318887,False
319586,3101.06981534556,4960,7,1,774,117,118,1,154,155,DACK,DACK,mac_enqueue,774,319585,False
320913,3112.34081534556,4962,7,1,775,116,117,0,153,154,DACK,DACK,mac_enqueue,775,320912,False
321164,3114.56381534556,5120,8,1,776,21,22,1,154,155,DACK,DACK,mac_ack_replace,776,321163,False
322026,3123.14381534556,4971,7,1,777,116,117,1,153,154,DACK,DACK,mac_enqueue,777,322025,False
323220,3134.21981534556,4987,7,1,778,115,116,1,152,153,DACK,DACK,mac_enqueue,778,323219,False
323380,3135.36381534556,4990,7,1,779,115,116,0,152,153,DACK,DACK,mac_ack_replace,779,323379,False
324459,3146.90781534556,4995,7,1,780,115,116,2,151,152,DACK,DACK,mac_enqueue,780,324458,False
325511,3156.86581534556,4996,7,1,781,113,114,1,149,150,DACK,DACK,mac_enqueue,781,325510,False
325555,3157.26881534556,5011,7,1,782,114,115,1,150,151,DACK,DACK,mac_ack_replace,782,325554,False
326561,3167.56481534556,5036,7,1,783,113,114,1,149,150,DACK,DACK,mac_enqueue,783,326560,False
327568,3178.04281534556,5040,7,1,784,113,114,0,149,150,DACK,DACK,mac_enqueue,784,327567,False
327619,3178.48481534556,5042,7,1,785,114,115,0,150,151,DACK,DACK,mac_ack_replace,785,327618,False
328548,3188.28681534556,5047,7,1,786,114,115,0,149,150,DACK,DACK,mac_enqueue,786,328547,False
329748,3198.45281534556,5211,8,1,787,19,20,0,148,149,DACK,DACK,mac_enqueue,787,329747,False
329836,3199.25881534556,5061,7,1,788,113,114,0,149,150,DACK,DACK,mac_ack_replace,788,329835,False
331155,3211.60881534556,5088,7,1,789,112,113,0,147,148,DACK,DACK,mac_enqueue,789,331154,False
332106,3219.47381534556,5089,7,1,790,111,112,0,145,146,DACK,DACK,mac_enqueue,790,332105,False
332415,3222.06081534556,5099,7,1,791,112,113,0,146,147,DACK,DACK,mac_enqueue,791,332414,False
333567,3234.37181534556,5261,8,1,792,18,19,0,145,146,DACK,DACK,mac_enqueue,792,333566,False
334511,3242.50981534556,5110,7,1,793,109,110,0,144,145,DACK,DACK,mac_enqueue,793,334510,False
334572,3243.19881534556,5135,7,1,794,110,111,0,145,146,DACK,DACK,mac_ack_replace,794,334571,False
335595,3255.37981534556,5136,7,1,795,109,110,0,144,145,DACK,DACK,mac_enqueue,795,335594,False
336487,3263.55681534556,5141,7,1,796,108,109,0,142,143,DACK,DACK,mac_enqueue,796,336486,False
336519,3263.81681534556,5300,8,1,797,18,19,0,143,144,DACK,DACK,mac_ack_replace,797,336518,False
337717,3276.16681534556,5305,8,1,798,19,20,0,142,143,DACK,DACK,mac_enqueue,798,337716,False
338662,3285.25381534556,5142,7,1,799,106,107,0,142,143,DACK,DACK,mac_enqueue,799,338661,False
338693,3285.61781534556,5154,7,1,800,107,108,0,143,144,DACK,DACK,mac_ack_replace,800,338692,False
339828,3296.74581534556,5178,7,1,801,105,106,0,140,141,DACK,DACK,mac_enqueue,801,339827,False
340787,3306.17081534556,5182,7,1,802,105,106,0,140,141,DACK,DACK,mac_enqueue,802,340786,False
340830,3306.61281534556,5188,7,1,803,106,107,0,141,142,DACK,DACK,mac_ack_replace,803,340829,False
341889,3317.61081534556,5189,7,1,804,105,106,1,139,140,DACK,DACK,mac_enqueue,804,341888,False
343086,3328.71281534556,5233,7,1,806,104,105,0,138,139,DACK,DACK,mac_enqueue,806,343085,False
343306,3330.62381534556,5205,7,1,805,105,106,1,139,140,DACK,DACK,mac_enqueue,806,343305,False
344107,3338.70981534556,5238,7,1,807,105,106,0,139,140,DACK,DACK,mac_enqueue,807,344106,False
345242,3349.78581534556,5240,7,1,808,105,106,1,137,138,DACK,DACK,mac_enqueue,808,345241,False
345421,3351.18981534556,5252,7,1,809,106,107,1,138,139,DACK,DACK,mac_ack_replace,809,345420,False
346372,3361.44681534556,5254,7,1,810,104,105,0,136,137,DACK,DACK,mac_enqueue,810,346371,False
347369,3370.33881534556,5449,8,1,811,16,17,0,136,137,DACK,DACK,mac_enqueue,811,347368,False
347502,3371.57381534556,5273,7,1,812,104,105,0,137,138,DACK,DACK,mac_ack_replace,812,347501,False
348624,3381.97381534556,5277,7,1,813,102,103,0,135,136,DACK,DACK,mac_enqueue,813,348623,False
350071,3394.57081534556,5469,8,1,815,17,18,0,135,136,DACK,DACK,mac_enqueue,815,350070,False
350924,3403.02081534556,5295,7,1,816,99,100,0,133,134,DACK,DACK,mac_enqueue,816,350923,False
352098,3415.37081534556,5316,7,1,817,99,100,1,133,134,DACK,DACK,mac_enqueue,817,352097,False
352877,3423.74281534556,5319,7,1,818,99,100,0,133,134,DACK,DACK,mac_enqueue,818,352876,False
354331,3438.18581534556,5320,7,1,819,98,99,0,131,132,DACK,DACK,mac_enqueue,819,354330,False
355091,3445.37481534556,5333,7,1,820,99,100,1,131,132,DACK,DACK,mac_enqueue,820,355090,False
356603,3459.19381534556,5359,7,1,821,96,97,0,128,129,DACK,DACK,mac_enqueue,821,356602,False
357206,3466.08381534556,5369,7,1,822,97,98,0,129,130,DACK,DACK,mac_enqueue,822,357205,False
358602,3479.83781534556,5372,7,1,823,94,95,0,126,127,DACK,DACK,mac_enqueue,823,358601,False
359438,3488.97681534556,5380,7,1,824,95,96,0,127,128,DACK,DACK,mac_enqueue,824,359437,False
360580,3500.22181534556,5574,8,1,825,15,16,0,123,124,ACK,ACK,mac_enqueue,825,360579,False
360673,3500.98881534556,5407,7,1,826,92,93,0,124,125,DACK,DACK,mac_ack_replace,826,360672,False
361409,3509.69881534556,5416,7,1,827,93,94,0,125,126,DACK,DACK,mac_enqueue,827,361408,False
362634,3521.35981534556,5418,7,1,828,90,91,0,122,123,DACK,DACK,mac_enqueue,828,362633,False
363328,3530.13481534556,5426,7,1,829,91,92,0,123,124,DACK,DACK,mac_enqueue,829,363327,False
364562,3542.31581534556,5455,7,1,830,88,89,0,119,120,DACK,DACK,mac_enqueue,830,364561,False
365315,3551.24681534556,5461,7,1,831,89,90,0,120,121,DACK,DACK,mac_enqueue,831,365314,False
366605,3563.40181534556,5462,7,1,832,87,88,0,117,118,DACK,DACK,mac_enqueue,832,366604,False
367434,3571.98181534556,5474,7,1,833,87,88,0,117,118,DACK,DACK,mac_enqueue,833,367433,False
368865,3586.51581534556,5653,8,1,834,13,14,0,114,115,ACK,ACK,mac_enqueue,834,368864,False
368930,3586.93181534556,5498,7,1,835,85,86,0,115,116,DACK,DACK,mac_ack_replace,835,368929,False
369593,3592.84681534556,5507,7,1,836,85,86,0,115,116,DACK,DACK,mac_enqueue,836,369592,False
370982,3607.83581534556,5508,7,1,837,84,85,1,114,115,DACK,DACK,mac_enqueue,837,370981,False
371563,3613.29581534556,5514,7,1,838,84,85,1,114,115,DACK,DACK,mac_enqueue,838,371562,False
373108,3628.62281534556,5702,8,1,839,13,14,0,111,112,ACK,ACK,mac_enqueue,839,373107,False
373448,3630.89781534556,5547,7,1,840,82,83,1,112,113,DACK,DACK,mac_enqueue,840,373447,False
373785,3634.10881534556,5536,7,1,841,82,83,0,112,113,DACK,DACK,mac_enqueue,841,373784,False
375732,3651.87981534556,5548,7,1,842,80,81,1,110,111,DACK,DACK,mac_enqueue,842,375731,False
376056,3655.18181534556,5553,7,1,843,80,81,0,110,111,DACK,DACK,mac_enqueue,843,376055,False
378027,3672.64081534556,5769,8,1,844,14,15,0,109,110,ACK,ACK,mac_enqueue,844,378026,False
378442,3676.09881534556,5578,7,1,845,79,80,0,110,111,DACK,DACK,mac_enqueue,845,378441,False
378517,3676.77481534556,5590,7,1,846,80,81,0,111,112,DACK,DACK,mac_ack_replace,846,378516,False
380631,3697.96481534556,5597,7,1,848,78,79,0,108,109,DACK,DACK,mac_enqueue,848,380630,False
381263,3703.46381534556,5591,7,1,847,78,79,0,108,109,DACK,DACK,mac_enqueue,848,381262,False
382635,3718.76481534556,5631,7,1,849,77,78,0,107,108,DACK,DACK,mac_enqueue,849,382634,False
384727,3739.62981534556,5640,7,1,850,76,77,0,106,107,DACK,DACK,mac_enqueue,850,384726,False
385212,3744.98581534556,5644,7,1,851,77,78,0,106,107,DACK,DACK,mac_enqueue,851,385211,False
386726,3760.93681534556,5654,7,1,852,76,77,0,105,106,DACK,DACK,mac_enqueue,852,386725,False
387183,3765.60381534556,5684,7,1,853,77,78,0,106,107,DACK,DACK,mac_enqueue,853,387182,False
388872,3781.77581534556,5690,7,1,854,76,77,0,105,106,DACK,DACK,mac_enqueue,854,388871,False
389398,3786.39081534556,5691,7,1,855,77,78,0,106,107,DACK,DACK,mac_enqueue,855,389397,False
391096,3802.58881534556,5696,7,1,856,75,76,0,103,104,DACK,DACK,mac_enqueue,856,391095,False
391516,3807.35981534556,5908,8,1,857,12,13,0,104,105,ACK,ACK,mac_enqueue,857,391515,False
391597,3808.13981534556,5728,7,1,858,76,77,0,105,106,DACK,DACK,mac_ack_replace,858,391596,False
393229,3823.29781534556,5729,7,1,859,73,74,0,101,102,DACK,DACK,mac_enqueue,859,393228,False
394237,3832.15081534556,5731,7,1,860,74,75,0,102,103,DACK,DACK,mac_enqueue,860,394236,False
395584,3844.08481534556,5736,7,1,861,69,70,3,96,97,DACK,DACK,mac_enqueue,861,395583,False
396601,3853.40581534556,5780,7,1,862,67,68,0,94,95,DACK,DACK,mac_enqueue,862,396600,False
397873,3866.74381534556,5781,7,1,863,66,67,0,93,94,DACK,DACK,mac_enqueue,863,397872,False
398680,3874.28381534556,5782,7,1,864,66,67,1,93,94,DACK,DACK,mac_enqueue,864,398679,False
399865,3887.53081534556,5791,7,1,865,64,65,0,90,91,DACK,DACK,mac_enqueue,865,399864,False
400673,3895.27881534556,5823,7,1,866,63,64,0,89,90,DACK,DACK,mac_enqueue,866,400672,False
401815,3908.31781534556,5828,7,1,867,62,63,0,87,88,DACK,DACK,mac_enqueue,867,401814,False
402672,3915.83181534556,5830,7,1,868,62,63,1,87,88,DACK,DACK,mac_enqueue,868,402671,False
404036,3929.09181534556,5839,7,1,869,61,62,1,84,85,DACK,DACK,mac_enqueue,869,404035,False
405001,3937.55481534556,5867,7,1,870,61,62,0,84,85,DACK,DACK,mac_enqueue,870,405000,False
406600,3953.32381534556,5870,7,1,871,59,60,0,82,83,DACK,DACK,mac_enqueue,871,406599,False
407069,3958.12081534556,5869,7,1,872,60,61,0,83,84,DACK,DACK,mac_enqueue,872,407068,False
408667,3974.34481534556,5879,7,1,873,57,58,0,80,81,DACK,DACK,mac_enqueue,873,408666,False
409122,3978.86881534556,6074,8,1,874,7,8,0,81,82,ACK,ACK,mac_enqueue,874,409121,False
409168,3979.24581534556,5919,7,1,875,58,59,0,82,83,DACK,DACK,mac_ack_replace,875,409167,False
410790,3994.97581534556,5916,7,1,876,57,58,0,81,82,DACK,DACK,mac_enqueue,876,410789,False
411565,4001.98281534556,5924,7,1,877,58,59,0,82,83,DACK,DACK,mac_enqueue,877,411564,False
413585,4019.27281534556,5921,7,1,878,54,55,0,76,77,DACK,DACK,mac_enqueue,878,413584,False
413957,4023.12081534556,5959,7,1,879,55,56,0,77,78,DACK,DACK,mac_enqueue,879,413956,False
415908,4040.43681534556,5963,7,1,880,52,53,1,74,75,DACK,DACK,mac_enqueue,880,415907,False
416272,4044.14181534556,5969,7,1,881,52,53,0,74,75,DACK,DACK,mac_enqueue,881,416271,False
418308,4063.42081534556,5960,7,1,882,49,50,1,70,71,DACK,DACK,mac_enqueue,882,418307,False
418450,4064.85081534556,5998,7,1,883,50,51,1,71,72,DACK,DACK,mac_ack_replace,883,418449,False
420343,4084.59781534556,5999,7,1,884,47,48,0,68,69,DACK,DACK,mac_enqueue,884,420342,False
420443,4085.40381534556,6003,7,1,885,48,49,0,69,70,DACK,DACK,mac_ack_replace,885,420442,False
423235,4112.62581534556,6007,7,1,886,44,45,1,64,65,DACK,DACK,mac_enqueue,886,423234,False
423330,4113.44481534556,6204,8,1,887,4,5,0,65,66,ACK,ACK,mac_ack_replace,887,423329,False
423899,4118.12481534556,6039,7,1,888,44,45,0,65,66,DACK,DACK,mac_enqueue,888,423898,False
426074,4140.74481534556,6040,7,1,889,42,43,0,62,63,DACK,DACK,mac_enqueue,889,426073,False
427354,4154.52481534556,6046,7,1,890,41,42,1,60,61,DACK,DACK,mac_enqueue,890,427353,False
428136,4161.41481534556,6050,7,1,891,40,41,0,59,60,DACK,DACK,mac_enqueue,891,428135,False
429400,4175.12981534556,6088,7,1,892,40,41,1,59,60,DACK,DACK,mac_enqueue,892,429399,False
430357,4183.89181534556,6091,7,1,893,38,39,0,57,58,DACK,DACK,mac_enqueue,893,430356,False
431659,4197.52881534556,6094,7,1,894,37,38,0,56,57,DACK,DACK,mac_enqueue,894,431658,False
432415,4204.84781534556,6098,7,1,895,36,37,0,55,56,DACK,DACK,mac_enqueue,895,432414,False
433672,4218.53681534556,6309,8,1,896,3,4,1,55,56,ACK,ACK,mac_enqueue,896,433671,False
433770,4219.43381534556,6138,7,1,897,36,37,0,56,57,DACK,DACK,mac_ack_replace,897,433769,False
434559,4226.19381534556,6142,7,1,898,35,36,0,54,55,DACK,DACK,mac_enqueue,898,434558,False
435958,4242.40481534556,6145,7,1,899,35,36,0,54,55,DACK,DACK,mac_enqueue,899,435957,False
436461,4246.70781534556,6143,7,1,900,34,35,0,53,54,DACK,DACK,mac_enqueue,900,436460,False
438528,4267.96281534556,6179,7,1,901,32,33,0,51,52,DACK,DACK,mac_enqueue,901,438527,False
438595,4268.56081534556,6186,7,1,902,33,34,0,52,53,DACK,DACK,mac_ack_replace,902,438594,False
440440,4288.64581534556,6190,7,1,903,32,33,1,51,52,DACK,DACK,mac_enqueue,903,440439,False
440533,4289.34781534556,6393,8,1,904,3,4,0,52,53,ACK,ACK,mac_ack_replace,904,440532,False
440615,4289.93281534556,6191,7,1,905,33,34,1,53,54,DACK,DACK,mac_ack_replace,905,440614,False
442467,4309.43281534556,6232,7,1,906,32,33,1,52,53,DACK,DACK,mac_enqueue,906,442466,False
442574,4310.38181534556,6238,7,1,907,33,34,1,53,54,DACK,DACK,mac_ack_replace,907,442573,False
444446,4329.93381534556,6242,7,1,908,31,32,0,51,52,DACK,DACK,mac_enqueue,908,444445,False
444571,4330.99981534556,6243,7,1,909,32,33,0,52,53,DACK,DACK,mac_ack_replace,909,444570,False
446717,4351.09781534556,6280,7,1,910,30,31,0,49,50,DACK,DACK,mac_enqueue,910,446716,False
446784,4351.69581534556,6286,7,1,911,31,32,0,50,51,DACK,DACK,mac_ack_replace,911,446783,False
449099,4373.17181534556,6486,8,1,913,3,4,0,48,49,ACK,ACK,mac_enqueue,913,449098,False
449201,4374.23781534556,6291,7,1,914,29,30,0,49,50,DACK,DACK,mac_ack_replace,914,449200,False
449291,4374.86181534556,6290,7,1,912,30,31,0,50,51,DACK,DACK,mac_ack_replace,914,449290,False
451344,4395.49281534556,6335,7,1,916,27,28,0,47,48,DACK,DACK,mac_enqueue,916,451343,False
451701,4399.09381534556,6332,7,1,915,28,29,0,48,49,DACK,DACK,mac_enqueue,916,451700,False
453392,4416.20181534556,6342,7,1,917,25,26,0,44,45,DACK,DACK,mac_enqueue,917,453391,False
454011,4421.85681534556,6345,7,1,918,26,27,2,45,46,DACK,DACK,mac_enqueue,918,454010,False
455577,4436.65081534556,6370,7,1,919,22,23,0,41,42,DACK,DACK,mac_enqueue,919,455576,False
456135,4442.31881534556,6377,7,1,920,23,24,0,42,43,DACK,DACK,mac_enqueue,920,456134,False
457662,4457.29481534556,6382,7,1,921,20,21,0,38,39,DACK,DACK,mac_enqueue,921,457661,False
458225,4463.18381534556,6410,7,1,922,21,22,0,39,40,DACK,DACK,mac_enqueue,922,458224,False
459957,4478.41981534556,6415,7,1,923,17,18,0,35,36,DACK,DACK,mac_enqueue,923,459956,False
460811,4485.73881534556,6422,7,1,924,18,19,0,36,37,DACK,DACK,mac_enqueue,924,460810,False
462379,4499.41481534556,6431,7,1,925,15,16,0,32,33,ACK,ACK,mac_enqueue,925,462378,False
462516,4500.32481534556,6454,7,1,926,16,17,0,33,34,DACK,DACK,mac_ack_replace,926,462515,False
463556,4509.45081534556,6463,7,1,927,16,17,0,33,34,DACK,DACK,mac_enqueue,927,463555,False
465272,4525.27181534556,6467,7,1,928,13,14,0,29,30,ACK,ACK,mac_enqueue,928,465271,False
466038,4531.10881534556,6473,7,1,930,14,15,0,30,31,ACK,ACK,mac_enqueue,930,466037,False
466129,4531.79781534556,6655,8,1,929,0,1,0,31,32,ACK,ACK,mac_ack_replace,930,466128,False
466176,4532.13581534556,6514,7,1,931,15,16,1,32,33,ACK,ACK,mac_ack_replace,931,466175,False
466308,4533.16281534556,6515,7,1,933,16,17,1,33,34,DACK,DACK,mac_ack_replace,933,466307,False
466370,4533.63081534556,6526,7,1,934,17,18,1,34,35,DACK,DACK,mac_ack_replace,934,466369,False
466512,4534.93081534556,6504,7,1,932,18,19,1,35,36,DACK,DACK,mac_ack_replace,934,466511,False
468846,4555.27581534556,6547,7,1,937,13,14,0,30,31,ACK,ACK,mac_enqueue,937,468845,False
469020,4556.53681534556,6565,7,1,938,14,15,0,31,32,ACK,ACK,mac_ack_replace,938,469019,False
469061,4556.95281534556,6557,7,1,936,15,16,0,32,33,ACK,ACK,mac_ack_replace,938,469060,False
469186,4557.82381534556,6584,7,1,940,16,17,0,33,34,DACK,DACK,mac_ack_replace,940,469185,False
469273,4558.55181534556,6605,7,1,941,17,18,0,34,35,DACK,DACK,mac_ack_replace,941,469272,False
469342,4558.90281534556,6734,8,1,935,1,2,0,35,36,ACK,ACK,mac_ack_replace,941,469341,False
469480,4560.07281534556,6597,7,1,942,18,19,0,36,37,DACK,DACK,mac_ack_replace,942,469479,False
470110,4565.31181534556,6568,7,1,939,17,18,1,35,36,DACK,DACK,mac_enqueue,942,470109,False
471440,4578.38981534556,6795,8,1,943,2,3,0,32,33,ACK,ACK,mac_enqueue,943,471439,False
471534,4579.10481534556,6624,7,1,944,14,15,0,33,34,ACK,ACK,mac_ack_replace,944,471533,False
471633,4579.84581534556,6816,8,1,945,3,4,0,34,35,ACK,ACK,mac_ack_replace,945,471632,False
471736,4580.45681534556,6637,7,1,946,15,16,0,35,36,ACK,ACK,mac_ack_replace,946,471735,False
472119,4583.21281534556,6641,7,1,947,16,17,0,36,37,DACK,DACK,mac_enqueue,947,472118,False
472441,4585.92981534556,6649,7,1,948,17,18,1,37,38,DACK,DACK,mac_ack_replace,948,472440,False
472536,4586.65781534556,6675,7,1,949,18,19,1,38,39,DACK,DACK,mac_ack_replace,949,472535,False
474587,4605.80681534556,6703,7,1,952,17,18,0,37,38,DACK,DACK,mac_enqueue,952,474586,False
474799,4607.31481534556,6692,7,1,951,18,19,0,38,39,DACK,DACK,mac_enqueue,952,474798,False
474926,4608.35481534556,6737,7,1,954,19,20,0,39,40,DACK,DACK,mac_ack_replace,954,474925,False
474977,4608.97881534556,6721,7,1,953,20,21,0,40,41,DACK,DACK,mac_ack_replace,954,474976,False
476546,4626.47681534556,6746,7,1,955,17,18,0,36,37,DACK,DACK,mac_enqueue,955,476545,False
476780,4628.34881534556,6743,7,1,956,18,19,0,37,38,DACK,DACK,mac_ack_replace,956,476779,False
476881,4629.33681534556,6764,7,1,957,19,20,0,38,39,DACK,DACK,mac_ack_replace,957,476880,False
477204,4632.32681534556,6784,7,1,958,20,21,0,39,40,DACK,DACK,mac_enqueue,958,477203,False
478582,4647.27681534556,6787,7,1,959,20,21,0,39,40,DACK,DACK,mac_enqueue,959,478581,False
479094,4651.72281534556,6806,7,1,961,21,22,0,40,41,DACK,DACK,mac_enqueue,961,479093,False
479202,4652.76281534556,6825,7,1,962,22,23,0,41,42,DACK,DACK,mac_ack_replace,962,479201,False
479549,4655.55781534556,6788,7,1,960,23,24,0,42,43,DACK,DACK,mac_enqueue,962,479548,False
480776,4667.94681534556,6831,7,1,963,24,25,0,43,44,DACK,DACK,mac_enqueue,963,480775,False
481262,4672.75681534556,7019,8,1,964,3,4,0,44,45,ACK,ACK,mac_enqueue,964,481261,False
481331,4673.47181534556,6833,7,1,965,25,26,0,45,46,DACK,DACK,mac_ack_replace,965,481330,False
481397,4674.03081534556,6847,7,1,966,26,27,0,46,47,DACK,DACK,mac_ack_replace,966,481396,False
482781,4688.59081534556,6870,7,1,967,23,24,0,43,44,DACK,DACK,mac_enqueue,967,482780,False
483352,4694.50581534556,6872,7,1,968,24,25,0,44,45,DACK,DACK,mac_enqueue,968,483351,False
483434,4694.89581534556,7077,8,1,969,4,5,0,45,46,ACK,ACK,mac_ack_replace,969,483433,False
483969,4699.38081534556,6875,7,1,970,25,26,0,46,47,DACK,DACK,mac_enqueue,970,483968,False
483999,4699.71881534556,6888,7,1,971,26,27,0,47,48,DACK,DACK,mac_ack_replace,971,483998,False
485081,4709.48181534556,6918,7,1,972,22,23,3,40,41,DACK,DACK,mac_enqueue,972,485080,False
485771,4715.59181534556,6920,7,1,973,20,21,0,38,39,DACK,DACK,mac_enqueue,973,485770,False
486274,4720.41481534556,6927,7,1,974,21,22,0,39,40,DACK,DACK,mac_enqueue,974,486273,False
486326,4720.73981534556,6962,7,1,975,22,23,0,40,41,DACK,DACK,mac_ack_replace,975,486325,False
487953,4735.61181534556,6948,7,1,976,22,23,2,40,41,DACK,DACK,mac_enqueue,976,487952,False
488067,4736.40481534556,6965,7,1,977,23,24,2,41,42,DACK,DACK,mac_ack_replace,977,488066,False
488863,4743.12581534556,6969,7,1,978,22,23,0,40,41,DACK,DACK,mac_enqueue,978,488862,False
489435,4748.26081534556,7007,7,1,979,23,24,0,41,42,DACK,DACK,mac_enqueue,979,489434,False
490384,4757.25681534556,7016,7,1,981,22,23,1,40,41,DACK,DACK,mac_enqueue,981,490383,False
491136,4764.65381534556,7033,7,1,982,22,23,0,40,41,DACK,DACK,mac_enqueue,982,491135,False
492410,4778.14781534556,7057,7,1,983,21,22,0,39,40,DACK,DACK,mac_enqueue,983,492409,False
493239,4785.57081534556,7060,7,1,984,20,21,2,38,39,DACK,DACK,mac_enqueue,984,493238,False
493866,4791.42081534556,7066,7,1,985,19,20,0,37,38,DACK,DACK,mac_enqueue,985,493865,False
494748,4799.14281534556,7086,7,1,986,20,21,0,38,39,DACK,DACK,mac_enqueue,986,494747,False
495728,4808.39881534556,7100,7,1,987,20,21,3,37,38,DACK,DACK,mac_enqueue,987,495727,False
496164,4812.36381534556,7114,7,1,988,18,19,1,35,36,DACK,DACK,mac_enqueue,988,496163,False
497280,4822.03581534556,7104,7,1,989,18,19,0,35,36,DACK,DACK,mac_enqueue,989,497279,False
498107,4829.21181534556,7301,8,1,990,0,1,0,34,35,ACK,ACK,mac_enqueue,990,498106,False
498472,4832.30581534556,7136,7,1,991,18,19,2,35,36,DACK,DACK,mac_enqueue,991,498471,False
499285,4839.10481534556,7153,7,1,992,16,17,0,33,34,DACK,DACK,mac_enqueue,992,499284,False
499594,4843.12181534556,7154,7,1,993,17,18,0,34,35,DACK,DACK,mac_enqueue,993,499593,False
500636,4855.00381534556,7163,7,1,994,17,18,0,34,35,DACK,DACK,mac_enqueue,994,500635,False
502194,4868.00381534556,7178,7,1,995,14,15,0,31,32,ACK,ACK,mac_enqueue,995,502193,False
502300,4868.90081534556,7193,7,1,996,15,16,0,32,33,ACK,ACK,mac_ack_replace,996,502299,False
502376,4869.40781534556,7196,7,1,997,16,17,0,33,34,DACK,DACK,mac_ack_replace,997,502375,False
503452,4879.30081534556,7204,7,1,998,17,18,2,34,35,DACK,DACK,mac_enqueue,998,503451,False
503772,4882.12181534556,7223,7,1,999,17,18,3,34,35,DACK,DACK,mac_enqueue,999,503771,False
504714,4890.16881534556,7237,7,1,1000,15,16,0,32,33,ACK,ACK,mac_enqueue,1000,504713,False
504822,4891.00081534556,7241,7,1,1001,16,17,0,33,34,DACK,DACK,mac_ack_replace,1001,504821,False
505625,4900.73781534556,7247,7,1,1002,17,18,0,34,35,DACK,DACK,mac_enqueue,1002,505624,False
505862,4902.75281534556,7266,7,1,1003,18,19,0,35,36,DACK,DACK,mac_enqueue,1003,505861,False
506881,4911.83981534556,7286,7,1,1004,17,18,1,34,35,DACK,DACK,mac_enqueue,1004,506880,False
507965,4923.60481534556,7500,8,1,1006,1,2,0,34,35,ACK,ACK,mac_enqueue,1006,507964,False
507992,4923.94281534556,7290,7,1,1005,17,18,0,35,36,DACK,DACK,mac_ack_replace,1006,507991,False
508102,4924.51481534556,7293,7,1,1007,18,19,0,36,37,DACK,DACK,mac_ack_replace,1007,508101,False
509014,4933.52381534556,7310,7,1,1008,18,19,1,36,37,DACK,DACK,mac_enqueue,1008,509013,False
509994,4944.82081534556,7333,7,1,1009,18,19,0,36,37,DACK,DACK,mac_enqueue,1009,509993,False
510060,4945.28881534556,7337,7,1,1010,19,20,0,37,38,DACK,DACK,mac_ack_replace,1010,510059,False
510921,4954.12881534556,7356,7,1,1011,20,21,1,38,39,DACK,DACK,mac_enqueue,1011,510920,False
511936,4965.37381534556,7374,7,1,1012,19,20,0,36,37,DACK,DACK,mac_enqueue,1012,511935,False
512019,4965.98481534556,7382,7,1,1013,20,21,0,37,38,DACK,DACK,mac_ack_replace,1013,512018,False
512870,4974.66881534556,7383,7,1,1014,20,21,2,37,38,DACK,DACK,mac_enqueue,1014,512869,False
514033,4986.58981534556,7598,8,1,1015,1,2,0,36,37,ACK,ACK,mac_enqueue,1015,514032,False
514185,4987.96781534556,7428,7,1,1017,19,20,0,37,38,DACK,DACK,mac_ack_replace,1017,514184,False
514956,4995.35181534556,7433,7,1,1018,20,21,0,38,39,DACK,DACK,mac_enqueue,1018,514955,False
516200,5008.39081534556,7434,7,1,1019,16,17,0,34,35,DACK,DACK,mac_enqueue,1019,516199,False
517047,5018.03681534556,7456,7,1,1020,17,18,0,35,36,DACK,DACK,mac_enqueue,1020,517046,False
518209,5029.35981534556,7476,7,1,1021,15,16,0,33,34,ACK,ACK,mac_enqueue,1021,518208,False
518281,5030.00981534556,7483,7,1,1022,16,17,0,34,35,DACK,DACK,mac_ack_replace,1022,518280,False
519158,5038.78481534556,7484,7,1,1023,16,17,0,34,35,DACK,DACK,mac_enqueue,1023,519157,False
520809,5054.29381534556,7502,7,1,1024,15,16,0,32,33,ACK,ACK,mac_enqueue,1024,520808,False
520920,5055.12581534556,7701,8,1,1025,1,2,0,33,34,ACK,ACK,mac_ack_replace,1025,520919,False
520979,5055.61981534556,7528,7,1,1026,16,17,0,34,35,DACK,DACK,mac_ack_replace,1026,520978,False
521362,5059.29881534556,7532,7,1,1027,16,17,0,34,35,DACK,DACK,mac_enqueue,1027,521361,False
523340,5078.72081534556,7533,7,1,1028,15,16,1,33,34,ACK,ACK,mac_enqueue,1028,523339,False
523400,5079.39681534556,7550,7,1,1029,16,17,1,34,35,DACK,DACK,mac_ack_replace,1029,523399,False
523457,5079.85181534556,7573,7,1,1030,17,18,1,35,36,DACK,DACK,mac_ack_replace,1030,523456,False
525406,5100.33981534556,7580,7,1,1031,15,16,0,33,34,ACK,ACK,mac_enqueue,1031,525405,False
525470,5100.63881534556,7583,7,1,1032,16,17,0,34,35,DACK,DACK,mac_ack_replace,1032,525469,False
525535,5101.21081534556,7599,7,1,1033,17,18,0,35,36,DACK,DACK,mac_ack_replace,1033,525534,False
527496,5121.43881534556,7624,7,1,1034,15,16,0,32,33,ACK,ACK,mac_enqueue,1034,527495,False
527685,5123.18081534556,7633,7,1,1036,16,17,0,33,34,DACK,DACK,mac_ack_replace,1036,527684,False
527861,5124.58481534556,7628,7,1,1035,17,18,0,34,35,DACK,DACK,mac_ack_replace,1036,527860,False
529835,5144.18881534556,7649,7,1,1037,15,16,0,32,33,ACK,ACK,mac_enqueue,1037,529834,False
529947,5145.20281534556,7669,7,1,1038,16,17,0,33,34,DACK,DACK,mac_ack_replace,1038,529946,False
530312,5148.25781534556,7675,7,1,1039,17,18,0,34,35,DACK,DACK,mac_enqueue,1039,530311,False
532534,5169.21381534556,7694,7,1,1041,15,16,0,32,33,ACK,ACK,mac_enqueue,1041,532533,False
533244,5174.90781534556,7717,7,1,1042,16,17,1,33,34,DACK,DACK,mac_enqueue,1042,533243,False
535368,5195.56481534556,7722,7,1,1043,14,15,0,30,31,ACK,ACK,mac_enqueue,1043,535367,False
535431,5196.09781534556,7724,7,1,1044,15,16,0,31,32,ACK,ACK,mac_ack_replace,1044,535430,False
535515,5196.69581534556,7738,7,1,1045,16,17,0,32,33,DACK,DACK,mac_ack_replace,1045,535514,False
537571,5217.28781534556,7761,7,1,1046,14,15,0,30,31,ACK,ACK,mac_enqueue,1046,537570,False
537663,5218.04181534556,7764,7,1,1047,15,16,0,31,32,ACK,ACK,mac_ack_replace,1047,537662,False
537748,5218.66581534556,7769,7,1,1048,16,17,0,32,33,DACK,DACK,mac_ack_replace,1048,537747,False
539720,5239.17981534556,7786,7,1,1049,14,15,0,30,31,ACK,ACK,mac_enqueue,1049,539719,False
539774,5239.58281534556,7797,7,1,1050,15,16,0,31,32,ACK,ACK,mac_ack_replace,1050,539773,False
540272,5243.91181534556,7973,8,1,1051,0,1,0,32,33,ACK,ACK,mac_enqueue,1051,540271,False
540421,5244.74381534556,7803,7,1,1052,15,16,1,32,33,ACK,ACK,mac_ack_replace,1052,540420,False
540602,5246.17381534556,7824,7,1,1054,16,17,1,33,34,DACK,DACK,mac_ack_replace,1054,540601,False
540766,5247.57781534556,7805,7,1,1053,17,18,2,34,35,DACK,DACK,mac_ack_replace,1054,540765,False
542589,5266.83081534556,7839,7,1,1055,14,15,0,31,32,ACK,ACK,mac_enqueue,1055,542588,False
542689,5267.57181534556,7841,7,1,1056,15,16,0,32,33,ACK,ACK,mac_ack_replace,1056,542688,False
542755,5267.94881534556,7846,7,1,1057,16,17,0,33,34,DACK,DACK,mac_ack_replace,1057,542754,False
542819,5268.27381534556,7864,7,1,1058,17,18,0,34,35,DACK,DACK,mac_ack_replace,1058,542818,False
545133,5290.81581534556,7878,7,1,1059,16,17,1,33,34,DACK,DACK,mac_enqueue,1059,545132,False
545193,5291.47881534556,7885,7,1,1060,17,18,1,34,35,DACK,DACK,mac_ack_replace,1060,545192,False
547255,5311.58981534556,7890,7,1,1061,15,16,0,32,33,ACK,ACK,mac_enqueue,1061,547254,False
547289,5312.05781534556,7907,7,1,1062,16,17,0,33,34,DACK,DACK,mac_ack_replace,1062,547288,False
547383,5312.66881534556,7926,7,1,1063,17,18,0,34,35,DACK,DACK,mac_ack_replace,1063,547382,False
549514,5333.94981534556,7934,7,1,1065,16,17,1,33,34,DACK,DACK,mac_enqueue,1065,549513,False
549627,5334.97681534556,7938,7,1,1064,16,17,0,33,34,DACK,DACK,mac_ack_replace,1065,549626,False
551298,5354.58081534556,7955,7,1,1066,16,17,0,33,34,DACK,DACK,mac_enqueue,1066,551297,False
551445,5355.99781534556,7968,7,1,1067,17,18,0,34,35,DACK,DACK,mac_ack_replace,1067,551444,False
553284,5375.13381534556,7976,7,1,1068,14,15,1,30,31,ACK,ACK,mac_enqueue,1068,553283,False
553424,5376.14781534556,7980,7,1,1069,14,15,0,30,31,ACK,ACK,mac_ack_replace,1069,553423,False
553507,5376.86281534556,8004,7,1,1070,15,16,0,31,32,ACK,ACK,mac_ack_replace,1070,553506,False
553558,5377.26581534556,8013,7,1,1071,16,17,0,32,33,DACK,DACK,mac_ack_replace,1071,553557,False
553644,5378.01981534556,8021,7,1,1072,17,18,0,33,34,DACK,DACK,mac_ack_replace,1072,553643,False
555456,5397.75381534556,8024,7,1,1073,14,15,0,30,31,ACK,ACK,mac_enqueue,1073,555455,False
555571,5398.52081534556,8048,7,1,1074,15,16,0,31,32,ACK,ACK,mac_ack_replace,1074,555570,False
555626,5399.04081534556,8060,7,1,1075,16,17,0,32,33,DACK,DACK,mac_ack_replace,1075,555625,False
555692,5399.62581534556,8067,7,1,1076,17,18,0,33,34,DACK,DACK,mac_ack_replace,1076,555691,False
557625,5419.67181534556,8073,7,1,1077,16,17,0,32,33,DACK,DACK,mac_enqueue,1077,557624,False
557692,5420.26981534556,8096,7,1,1078,17,18,0,33,34,DACK,DACK,mac_ack_replace,1078,557691,False
559677,5440.31581534556,8107,7,1,1079,16,17,0,32,33,DACK,DACK,mac_enqueue,1079,559676,False
559763,5441.10881534556,8114,7,1,1080,17,18,0,33,34,DACK,DACK,mac_ack_replace,1080,559762,False
561727,5461.16781534556,8120,7,1,1081,16,17,0,32,33,DACK,DACK,mac_enqueue,1081,561726,False
561771,5461.75281534556,8134,7,1,1082,17,18,0,33,34,DACK,DACK,mac_ack_replace,1082,561770,False
563641,5482.27981534556,8145,7,1,1083,16,17,1,32,33,DACK,DACK,mac_enqueue,1083,563640,False
563712,5482.91681534556,8338,8,1,1084,0,1,0,33,34,ACK,ACK,mac_ack_replace,1084,563711,False
563833,5483.91781534556,8156,7,1,1085,16,17,0,33,34,DACK,DACK,mac_ack_replace,1085,563832,False
565515,5502.93681534556,8175,7,1,1086,15,16,1,32,33,ACK,ACK,mac_enqueue,1086,565514,False
565595,5503.59981534556,8188,7,1,1087,16,17,1,33,34,DACK,DACK,mac_ack_replace,1087,565594,False
565722,5504.83481534556,8195,7,1,1088,17,18,1,34,35,DACK,DACK,mac_ack_replace,1088,565721,False
567612,5524.43881534556,8199,7,1,1089,15,16,1,32,33,ACK,ACK,mac_enqueue,1089,567611,False
567770,5525.43981534556,8235,7,1,1091,15,16,0,32,33,ACK,ACK,mac_ack_replace,1091,567769,False
567846,5526.07681534556,8244,7,1,1092,16,17,0,33,34,DACK,DACK,mac_ack_replace,1092,567845,False
568243,5529.30081534556,8223,7,1,1090,17,18,1,34,35,DACK,DACK,mac_enqueue,1092,568242,False
569856,5546.64281534556,8255,7,1,1093,15,16,0,32,33,ACK,ACK,mac_enqueue,1093,569855,False
570191,5549.11281534556,8269,7,1,1094,16,17,0,33,34,DACK,DACK,mac_enqueue,1094,570190,False
570311,5550.24381534556,8279,7,1,1095,17,18,0,34,35,DACK,DACK,mac_ack_replace,1095,570310,False
572046,5569.96481534556,8290,7,1,1096,16,17,0,33,34,DACK,DACK,mac_enqueue,1096,572045,False
572235,5571.66781534556,8305,7,1,1097,17,18,0,34,35,DACK,DACK,mac_enqueue,1097,572234,False
574277,5592.54581534556,8327,7,1,1099,16,17,0,33,34,DACK,DACK,mac_enqueue,1099,574276,False
574311,5592.79281534556,8312,7,1,1098,17,18,0,34,35,DACK,DACK,mac_ack_replace,1099,574310,False
576266,5613.99581534556,8346,7,1,1101,16,17,0,33,34,DACK,DACK,mac_enqueue,1101,576265,False
576478,5616.28381534556,8329,7,1,1100,17,18,0,34,35,DACK,DACK,mac_enqueue,1101,576477,False
578560,5637.29181534556,8353,7,1,1102,17,18,0,34,35,DACK,DACK,mac_enqueue,1102,578559,False
578617,5637.65581534556,8369,7,1,1103,18,19,0,35,36,DACK,DACK,mac_ack_replace,1103,578616,False
581172,5662.16081534556,8395,7,1,1105,15,16,0,31,32,ACK,ACK,mac_enqueue,1105,581171,False
581240,5662.64181534556,8412,7,1,1106,16,17,0,32,33,DACK,DACK,mac_ack_replace,1106,581239,False
581353,5663.65581534556,8376,7,1,1104,17,18,0,33,34,DACK,DACK,mac_ack_replace,1106,581352,False
583303,5683.68881534556,8415,7,1,1107,16,17,1,32,33,DACK,DACK,mac_enqueue,1107,583302,False
585263,5704.16381534556,8426,7,1,1108,14,15,1,30,31,ACK,ACK,mac_enqueue,1108,585262,False
585291,5704.44981534556,8627,8,1,1109,0,1,0,31,32,ACK,ACK,mac_ack_replace,1109,585290,False
585354,5704.99581534556,8444,7,1,1110,15,16,1,32,33,ACK,ACK,mac_ack_replace,1110,585353,False
585392,5705.52881534556,8463,7,1,1111,16,17,1,33,34,DACK,DACK,mac_ack_replace,1111,585391,False
585493,5706.23081534556,8475,7,1,1112,17,18,1,34,35,DACK,DACK,mac_ack_replace,1112,585492,False
587434,5726.54981534556,8492,7,1,1113,16,17,0,33,34,DACK,DACK,mac_enqueue,1113,587433,False
587507,5727.08281534556,8504,7,1,1114,17,18,0,34,35,DACK,DACK,mac_ack_replace,1114,587506,False
589879,5749.66381534556,8507,7,1,1115,13,14,1,30,31,ACK,ACK,mac_enqueue,1115,589878,False
590267,5752.66681534556,8518,7,1,1116,13,14,0,30,31,ACK,ACK,mac_ack_replace,1116,590266,False
590376,5753.44681534556,8528,7,1,1117,14,15,0,31,32,ACK,ACK,mac_ack_replace,1117,590375,False
590404,5753.73281534556,8544,7,1,1118,15,16,0,32,33,ACK,ACK,mac_ack_replace,1118,590403,False
590983,5758.03581534556,8547,7,1,1119,14,15,0,31,32,ACK,ACK,mac_enqueue,1119,590982,False
591082,5758.72481534556,8564,7,1,1120,15,16,0,32,33,ACK,ACK,mac_ack_replace,1120,591081,False
591126,5759.12781534556,8576,7,1,1121,16,17,0,33,34,DACK,DACK,mac_ack_replace,1121,591125,False
591182,5759.63481534556,8589,7,1,1122,17,18,0,34,35,DACK,DACK,mac_ack_replace,1122,591181,False
593300,5780.34381534556,8604,7,1,1124,15,16,0,32,33,ACK,ACK,mac_enqueue,1124,593299,False
593369,5780.83781534556,8616,7,1,1125,16,17,0,33,34,DACK,DACK,mac_ack_replace,1125,593368,False
595533,5801.33881534556,8631,7,1,1126,10,11,0,26,27,ACK,ACK,mac_enqueue,1126,595532,False
595614,5801.94981534556,8635,7,1,1127,11,12,0,27,28,ACK,ACK,mac_ack_replace,1127,595613,False
595707,5802.52181534556,8652,7,1,1128,12,13,0,28,29,ACK,ACK,mac_ack_replace,1128,595706,False
595780,5803.05481534556,8665,7,1,1129,13,14,0,29,30,ACK,ACK,mac_ack_replace,1129,595779,False
595859,5803.75681534556,8858,8,1,1130,0,1,0,30,31,ACK,ACK,mac_ack_replace,1130,595858,False
595947,5804.41981534556,8681,7,1,1131,14,15,0,31,32,ACK,ACK,mac_ack_replace,1131,595946,False
596009,5804.80981534556,8682,7,1,1132,15,16,0,32,33,ACK,ACK,mac_ack_replace,1132,596008,False
596050,5805.17381534556,8695,7,1,1133,16,17,0,33,34,DACK,DACK,mac_ack_replace,1133,596049,False
596128,5805.86281534556,8714,7,1,1134,17,18,0,34,35,DACK,DACK,mac_ack_replace,1134,596127,False
596218,5806.59081534556,8733,7,1,1135,18,19,0,35,36,DACK,DACK,mac_ack_replace,1135,596217,False
598022,5825.68781534556,8734,7,1,1136,19,20,0,36,37,DACK,DACK,mac_enqueue,1136,598021,False
598102,5826.37681534556,8745,7,1,1137,20,21,0,37,38,DACK,DACK,mac_ack_replace,1137,598101,False
598166,5826.97481534556,8758,7,1,1138,21,22,0,38,39,DACK,DACK,mac_ack_replace,1138,598165,False
599969,5847.20281534556,8780,7,1,1140,22,23,0,39,40,DACK,DACK,mac_enqueue,1140,599968,False
600055,5847.83981534556,8789,7,1,1141,23,24,0,40,41,DACK,DACK,mac_ack_replace,1141,600054,False
600638,5853.28681534556,8779,7,1,1139,24,25,0,41,42,DACK,DACK,mac_enqueue,1141,600637,False
602223,5868.10681534556,8812,7,1,1142,17,18,0,34,35,DACK,DACK,mac_enqueue,1142,602222,False
602276,5868.52281534556,8826,7,1,1143,18,19,0,35,36,DACK,DACK,mac_ack_replace,1143,602275,False
604092,5888.77681534556,8827,7,1,1144,18,19,1,35,36,DACK,DACK,mac_enqueue,1144,604091,False
604163,5889.40081534556,9026,8,1,1145,1,2,0,36,37,ACK,ACK,mac_ack_replace,1145,604162,False
604241,5890.19381534556,8838,7,1,1146,19,20,1,37,38,DACK,DACK,mac_ack_replace,1146,604240,False
604621,5894.00281534556,8855,7,1,1147,19,20,0,37,38,DACK,DACK,mac_enqueue,1147,604620,False
606103,5909.73281534556,8869,7,1,1148,20,21,0,38,39,DACK,DACK,mac_enqueue,1148,606102,False
606231,5910.90281534556,8871,7,1,1149,21,22,0,39,40,DACK,DACK,mac_ack_replace,1149,606230,False
606604,5914.59481534556,8880,7,1,1150,22,23,0,40,41,DACK,DACK,mac_enqueue,1150,606603,False
608077,5930.38981534556,8904,7,1,1151,20,21,0,38,39,DACK,DACK,mac_enqueue,1151,608076,False
608426,5933.66581534556,8917,7,1,1152,21,22,1,39,40,DACK,DACK,mac_enqueue,1152,608425,False
608644,5935.36881534556,8919,7,1,1153,21,22,0,39,40,DACK,DACK,mac_enqueue,1153,608643,False
610415,5953.10081534556,8930,7,1,1154,19,20,0,36,37,DACK,DACK,mac_enqueue,1154,610414,False
610573,5954.50481534556,8953,7,1,1155,20,21,1,37,38,DACK,DACK,mac_ack_replace,1155,610572,False
610752,5955.97381534556,8968,7,1,1156,21,22,1,38,39,DACK,DACK,mac_ack_replace,1156,610751,False
612616,5973.90081534556,8970,7,1,1157,20,21,0,37,38,DACK,DACK,mac_enqueue,1157,612615,False
612970,5976.94281534556,9002,7,1,1159,21,22,2,38,39,DACK,DACK,mac_enqueue,1159,612969,False
615151,5997.61281534556,9016,7,1,1161,17,18,1,34,35,DACK,DACK,mac_enqueue,1161,615150,False
