node,tx_id,interval_ordinal,native_raw_header_bits,native_raw_payload_bits,division_header_bits,division_payload_bits,matched
3,4294967297,1,0,0,0,0,True
5,4294967297,1,0,0,0,0,True
3,4294967297,2,47,183,47,183,True
5,4294967297,2,47,183,47,183,True
4,4294967297,1,47,183,47,183,True
1,21474836481,1,0,0,0,0,True
3,21474836481,1,0,0,0,0,True
1,21474836481,2,47,175,47,175,True
4,21474836481,1,47,175,47,175,True
3,21474836481,2,47,175,47,175,True
3,4294967298,1,0,0,0,0,True
5,4294967298,1,0,0,0,0,True
3,4294967298,2,47,527,47,527,True
5,4294967298,2,47,527,47,527,True
4,4294967298,1,47,527,47,527,True
1,21474836482,1,0,0,0,0,True
1,21474836482,2,47,727,47,727,True
4,21474836482,1,47,727,47,727,True
3,21474836482,1,47,727,47,727,True
1,12884901889,1,0,0,0,0,True
5,12884901889,1,0,0,0,0,True
1,12884901889,2,47,175,47,175,True
5,12884901889,2,47,175,47,175,True
3,4294967299,1,0,0,0,0,True
5,4294967299,1,0,0,0,0,True
3,4294967299,2,47,999,47,999,True
5,4294967299,2,47,999,47,999,True
4,4294967299,1,47,999,47,999,True
1,21474836483,1,0,0,0,0,True
3,21474836483,1,0,0,0,0,True
1,21474836483,2,47,687,47,687,True
4,21474836483,1,47,687,47,687,True
3,21474836483,2,47,687,47,687,True
1,12884901890,1,0,0,0,0,True
5,12884901890,1,0,0,0,0,True
1,12884901890,2,47,727,47,727,True
5,12884901890,2,47,727,47,727,True
3,4294967300,1,0,0,0,0,True
5,4294967300,1,0,0,0,0,True
3,4294967300,2,47,1719,47,1719,True
5,4294967300,2,47,1719,47,1719,True
4,4294967300,1,47,1719,47,1719,True
1,21474836484,1,0,0,0,0,True
3,21474836484,1,0,0,0,0,True
1,21474836484,2,47,1527,47,1527,True
4,21474836484,1,47,1527,47,1527,True
3,21474836484,2,47,1528,47,1528,True
3,4294967301,1,0,0,0,0,True
5,4294967301,1,0,0,0,0,True
3,4294967301,2,47,1519,47,1519,True
5,4294967301,2,47,1519,47,1519,True
4,4294967301,1,47,1519,47,1519,True
1,21474836485,1,0,0,0,0,True
3,21474836485,1,0,0,0,0,True
1,21474836485,2,47,1031,47,1031,True
4,21474836485,1,47,1031,47,1031,True
3,21474836485,2,47,1031,47,1031,True
3,4294967302,1,0,0,0,0,True
5,4294967302,1,0,0,0,0,True
3,4294967302,2,47,1231,47,1231,True
5,4294967302,2,47,1231,47,1231,True
4,4294967302,1,47,1231,47,1231,True
1,21474836486,1,0,0,0,0,True
1,21474836486,2,47,51,47,51,True
1,12884901891,1,47,687,47,687,True
1,21474836486,3,0,840,0,840,True
5,12884901891,1,47,687,47,687,True
1,21474836486,4,0,140,0,140,True
4,21474836486,1,47,1031,47,1031,True
3,21474836486,1,47,1031,47,1031,True
1,12884901892,1,0,0,0,0,True
5,12884901892,1,0,0,0,0,True
1,12884901892,2,47,431,47,431,True
5,12884901892,2,47,432,47,432,True
3,4294967303,1,0,0,0,0,True
5,4294967303,1,0,0,0,0,True
3,4294967303,2,47,1751,47,1751,True
5,4294967303,2,47,1751,47,1751,True
4,4294967303,1,47,1751,47,1751,True
1,21474836487,1,0,0,0,0,True
3,21474836487,1,0,0,0,0,True
1,21474836487,2,47,831,47,831,True
4,21474836487,1,47,831,47,831,True
3,21474836487,2,47,832,47,832,True
3,4294967304,1,0,0,0,0,True
5,4294967304,1,0,0,0,0,True
3,4294967304,2,47,1183,47,1183,True
5,4294967304,2,48,1183,48,1183,True
4,4294967304,1,47,1183,47,1183,True
1,21474836488,1,0,0,0,0,True
1,21474836488,2,0,0,0,0,True
1,12884901893,1,48,530,48,530,True
1,21474836488,3,48,631,48,631,True
4,21474836488,1,48,631,48,631,True
3,21474836488,1,48,631,48,631,True
1,12884901893,2,0,357,0,357,True
5,12884901893,1,48,887,48,887,True
3,4294967305,1,0,0,0,0,True
5,4294967305,1,0,0,0,0,True
3,4294967305,2,48,951,48,951,True
5,4294967305,2,48,951,48,951,True
4,4294967305,1,48,951,48,951,True
1,21474836489,1,0,0,0,0,True
1,21474836489,2,48,231,48,231,True
4,21474836489,1,48,231,48,231,True
3,21474836489,1,48,231,48,231,True
1,12884901894,1,0,0,0,0,True
5,12884901894,1,0,0,0,0,True
1,12884901894,2,48,631,48,631,True
5,12884901894,2,48,631,48,631,True
1,12884901895,1,0,0,0,0,True
5,12884901895,1,0,0,0,0,True
1,12884901895,2,48,431,48,431,True
5,12884901895,2,48,431,48,431,True
1,12884901896,1,0,0,0,0,True
5,12884901896,1,0,0,0,0,True
1,12884901896,2,48,231,48,231,True
5,12884901896,2,48,231,48,231,True
1,12884901897,1,0,0,0,0,True
5,12884901897,1,0,0,0,0,True
1,12884901897,2,48,231,48,231,True
5,12884901897,2,48,231,48,231,True
1,12884901898,1,0,0,0,0,True
5,12884901898,1,0,0,0,0,True
1,12884901898,2,48,287,48,287,True
5,12884901898,2,48,287,48,287,True
3,4294967306,1,0,0,0,0,True
5,4294967306,1,0,0,0,0,True
3,4294967306,2,48,639,48,639,True
5,4294967306,2,48,639,48,639,True
4,4294967306,1,48,639,48,639,True
3,4294967307,1,0,0,0,0,True
5,4294967307,1,0,0,0,0,True
3,4294967307,2,48,431,48,431,True
5,4294967307,2,48,431,48,431,True
4,4294967307,1,48,431,48,431,True
1,12884901899,1,0,0,0,0,True
5,12884901899,1,0,0,0,0,True
1,12884901899,2,48,927,48,927,True
5,12884901899,2,48,927,48,927,True
3,4294967308,1,0,0,0,0,True
5,4294967308,1,0,0,0,0,True
3,4294967308,2,48,1119,48,1119,True
5,4294967308,2,48,1119,48,1119,True
4,4294967308,1,48,1119,48,1119,True
1,21474836490,1,0,0,0,0,True
3,21474836490,1,0,0,0,0,True
1,21474836490,2,48,743,48,743,True
4,21474836490,1,48,743,48,743,True
3,21474836490,2,48,743,48,743,True
3,4294967309,1,0,0,0,0,True
5,4294967309,1,0,0,0,0,True
3,4294967309,2,47,1183,47,1183,True
5,4294967309,2,47,1183,47,1183,True
4,4294967309,1,47,1183,47,1183,True
1,12884901900,1,0,0,0,0,True
5,12884901900,1,0,0,0,0,True
1,12884901900,2,48,431,48,431,True
5,12884901900,2,48,431,48,431,True
1,21474836491,1,0,0,0,0,True
3,21474836491,1,0,0,0,0,True
1,21474836491,2,48,431,48,431,True
4,21474836491,1,48,431,48,431,True
3,21474836491,2,48,431,48,431,True
3,4294967310,1,0,0,0,0,True
5,4294967310,1,0,0,0,0,True
3,4294967310,2,48,1031,48,1031,True
5,4294967310,2,48,1031,48,1031,True
4,4294967310,1,48,1031,48,1031,True
1,12884901901,1,0,0,0,0,True
1,12884901901,2,48,431,48,431,True
5,12884901901,1,48,431,48,431,True
1,21474836492,1,0,0,0,0,True
3,21474836492,1,0,0,0,0,True
1,21474836492,2,48,431,48,431,True
4,21474836492,1,48,431,48,431,True
3,21474836492,2,48,431,48,431,True
3,4294967311,1,0,0,0,0,True
5,4294967311,1,0,0,0,0,True
3,4294967311,2,48,631,48,631,True
5,4294967311,2,48,631,48,631,True
4,4294967311,1,48,631,48,631,True
1,12884901902,1,0,0,0,0,True
5,12884901902,1,0,0,0,0,True
1,12884901902,2,48,431,48,431,True
5,12884901902,2,48,431,48,431,True
1,21474836493,1,0,0,0,0,True
3,21474836493,1,0,0,0,0,True
1,21474836493,2,48,431,48,431,True
4,21474836493,1,48,431,48,431,True
3,21474836493,2,48,431,48,431,True
3,4294967312,1,0,0,0,0,True
5,4294967312,1,0,0,0,0,True
3,4294967312,2,48,631,48,631,True
5,4294967312,2,48,631,48,631,True
4,4294967312,1,48,631,48,631,True
1,12884901903,1,0,0,0,0,True
5,12884901903,1,0,0,0,0,True
1,12884901903,2,48,431,48,431,True
5,12884901903,2,48,431,48,431,True
1,12884901904,1,0,0,0,0,True
5,12884901904,1,0,0,0,0,True
1,12884901904,2,48,231,48,231,True
5,12884901904,2,48,231,48,231,True
1,21474836494,1,0,0,0,0,True
1,21474836494,2,48,431,48,431,True
4,21474836494,1,48,431,48,431,True
3,21474836494,1,48,431,48,431,True
3,4294967313,1,0,0,0,0,True
5,4294967313,1,0,0,0,0,True
3,4294967313,2,48,231,48,231,True
5,4294967313,2,48,231,48,231,True
4,4294967313,1,48,231,48,231,True
3,4294967314,1,0,0,0,0,True
5,4294967314,1,0,0,0,0,True
3,4294967314,2,48,535,48,535,True
5,4294967314,2,48,535,48,535,True
4,4294967314,1,48,535,48,535,True
1,21474836495,1,0,0,0,0,True
3,21474836495,1,0,0,0,0,True
1,21474836495,2,48,887,48,887,True
4,21474836495,1,48,887,48,887,True
3,21474836495,2,48,887,48,887,True
1,12884901905,1,0,0,0,0,True
5,12884901905,1,0,0,0,0,True
1,12884901905,2,47,903,47,903,True
5,12884901905,2,47,903,47,903,True
1,21474836496,1,0,0,0,0,True
3,21474836496,1,0,0,0,0,True
1,21474836496,2,48,375,48,375,True
4,21474836496,1,48,375,48,375,True
3,21474836496,2,48,375,48,375,True
3,4294967315,1,0,0,0,0,True
5,4294967315,1,0,0,0,0,True
3,4294967315,2,48,559,48,559,True
5,4294967315,2,48,559,48,559,True
4,4294967315,1,48,559,48,559,True
3,4294967316,1,0,0,0,0,True
5,4294967316,1,0,0,0,0,True
3,4294967316,2,48,431,48,431,True
5,4294967316,2,48,431,48,431,True
4,4294967316,1,48,431,48,431,True
1,21474836497,1,0,0,0,0,True
3,21474836497,1,0,0,0,0,True
1,21474836497,2,48,231,48,231,True
4,21474836497,1,48,231,48,231,True
3,21474836497,2,48,231,48,231,True
3,4294967317,1,0,0,0,0,True
5,4294967317,1,0,0,0,0,True
3,4294967317,2,48,431,48,431,True
5,4294967317,2,48,431,48,431,True
4,4294967317,1,48,431,48,431,True
1,12884901906,1,0,0,0,0,True
5,12884901906,1,0,0,0,0,True
1,12884901906,2,48,927,48,927,True
5,12884901906,2,48,927,48,927,True
1,21474836498,1,0,0,0,0,True
3,21474836498,1,0,0,0,0,True
1,21474836498,2,48,927,48,927,True
4,21474836498,1,48,927,48,927,True
3,21474836498,2,48,927,48,927,True
3,4294967318,1,0,0,0,0,True
5,4294967318,1,0,0,0,0,True
3,4294967318,2,48,431,48,431,True
5,4294967318,2,48,431,48,431,True
4,4294967318,1,48,431,48,431,True
1,12884901907,1,0,0,0,0,True
5,12884901907,1,0,0,0,0,True
1,12884901907,2,48,903,48,903,True
5,12884901907,2,48,903,48,903,True
1,21474836499,1,0,0,0,0,True
3,21474836499,1,0,0,0,0,True
1,21474836499,2,48,887,48,887,True
4,21474836499,1,48,887,48,887,True
3,21474836499,2,48,887,48,887,True
1,21474836500,1,0,0,0,0,True
1,21474836500,2,48,431,48,431,True
4,21474836500,1,48,431,48,431,True
3,21474836500,1,48,431,48,431,True
3,4294967319,1,0,0,0,0,True
5,4294967319,1,0,0,0,0,True
3,4294967319,2,48,431,48,431,True
5,4294967319,2,48,431,48,431,True
4,4294967319,1,48,431,48,431,True
1,21474836501,1,0,0,0,0,True
1,21474836501,2,0,0,0,0,True
1,12884901908,1,48,330,48,330,True
1,21474836501,3,48,431,48,431,True
4,21474836501,1,48,431,48,431,True
3,21474836501,1,48,431,48,431,True
1,12884901908,2,0,1429,0,1429,True
5,12884901908,1,48,1759,48,1759,True
1,12884901909,1,0,0,0,0,True
5,12884901909,1,0,0,0,0,True
1,12884901909,2,48,1031,48,1031,True
5,12884901909,2,48,1031,48,1031,True
1,21474836502,1,0,0,0,0,True
3,21474836502,1,0,0,0,0,True
1,21474836502,2,48,1159,48,1159,True
4,21474836502,1,48,1159,48,1159,True
3,21474836502,2,48,1159,48,1159,True
3,4294967320,1,0,0,0,0,True
5,4294967320,1,0,0,0,0,True
3,4294967320,2,48,231,48,231,True
5,4294967320,2,48,231,48,231,True
4,4294967320,1,48,231,48,231,True
3,4294967321,1,0,0,0,0,True
5,4294967321,1,0,0,0,0,True
3,4294967321,2,48,231,48,231,True
5,4294967321,2,48,231,48,231,True
4,4294967321,1,48,231,48,231,True
1,12884901910,1,0,0,0,0,True
5,12884901910,1,0,0,0,0,True
1,12884901910,2,48,1519,48,1519,True
5,12884901910,2,48,1519,48,1519,True
3,4294967322,1,0,0,0,0,True
5,4294967322,1,0,0,0,0,True
3,4294967322,2,48,431,48,431,True
5,4294967322,2,48,431,48,431,True
4,4294967322,1,48,431,48,431,True
1,21474836503,1,0,0,0,0,True
3,21474836503,1,0,0,0,0,True
1,21474836503,2,48,431,48,431,True
4,21474836503,1,48,431,48,431,True
3,21474836503,2,48,431,48,431,True
1,12884901911,1,0,0,0,0,True
5,12884901911,1,0,0,0,0,True
1,12884901911,2,48,1031,48,1031,True
5,12884901911,2,48,1031,48,1031,True
1,12884901912,1,0,0,0,0,True
5,12884901912,1,0,0,0,0,True
1,12884901912,2,47,983,47,983,True
5,12884901912,2,47,984,47,984,True
3,4294967323,1,0,0,0,0,True
5,4294967323,1,0,0,0,0,True
3,4294967323,2,48,431,48,431,True
5,4294967323,2,48,431,48,431,True
4,4294967323,1,48,431,48,431,True
1,21474836504,1,0,0,0,0,True
3,21474836504,1,0,0,0,0,True
1,21474836504,2,48,231,48,231,True
4,21474836504,1,48,231,48,231,True
3,21474836504,2,48,231,48,231,True
3,4294967324,1,0,0,0,0,True
5,4294967324,1,0,0,0,0,True
3,4294967324,2,47,431,47,431,True
5,4294967324,2,47,431,47,431,True
4,4294967324,1,47,431,47,431,True
1,12884901913,1,0,0,0,0,True
5,12884901913,1,0,0,0,0,True
1,12884901913,2,47,1159,47,1159,True
5,12884901913,2,47,1159,47,1159,True
3,4294967325,1,0,0,0,0,True
5,4294967325,1,0,0,0,0,True
3,4294967325,2,47,431,47,431,True
5,4294967325,2,47,431,47,431,True
4,4294967325,1,47,431,47,431,True
1,21474836505,1,0,0,0,0,True
1,21474836505,2,47,561,47,561,True
1,12884901914,1,47,206,47,206,True
1,21474836505,3,0,358,0,358,True
4,21474836505,1,47,919,47,919,True
3,21474836505,1,47,920,47,920,True
1,12884901914,2,0,225,0,225,True
5,12884901914,1,47,431,47,431,True
3,4294967326,1,0,0,0,0,True
5,4294967326,1,0,0,0,0,True
3,4294967326,2,47,631,47,631,True
5,4294967326,2,47,631,47,631,True
4,4294967326,1,47,631,47,631,True
1,21474836506,1,0,0,0,0,True
3,21474836506,1,0,0,0,0,True
1,21474836506,2,47,631,47,631,True
4,21474836506,1,47,631,47,631,True
3,21474836506,2,47,631,47,631,True
1,21474836507,1,0,0,0,0,True
3,21474836507,1,0,0,0,0,True
1,21474836507,2,47,631,47,631,True
4,21474836507,1,47,631,47,631,True
3,21474836507,2,47,631,47,631,True
3,4294967327,1,0,0,0,0,True
5,4294967327,1,0,0,0,0,True
3,4294967327,2,47,431,47,431,True
5,4294967327,2,47,431,47,431,True
4,4294967327,1,47,431,47,431,True
1,21474836508,1,0,0,0,0,True
3,21474836508,1,0,0,0,0,True
1,21474836508,2,47,431,47,431,True
4,21474836508,1,47,431,47,431,True
3,21474836508,2,47,431,47,431,True
3,4294967328,1,0,0,0,0,True
5,4294967328,1,0,0,0,0,True
3,4294967328,2,47,431,47,431,True
5,4294967328,2,47,431,47,431,True
4,4294967328,1,47,431,47,431,True
1,21474836509,1,0,0,0,0,True
3,21474836509,1,0,0,0,0,True
1,21474836509,2,47,431,47,431,True
4,21474836509,1,47,431,47,431,True
3,21474836509,2,47,431,47,431,True
3,4294967329,1,0,0,0,0,True
5,4294967329,1,0,0,0,0,True
3,4294967329,2,47,431,47,431,True
5,4294967329,2,47,431,47,431,True
4,4294967329,1,47,431,47,431,True
3,4294967330,1,0,0,0,0,True
5,4294967330,1,0,0,0,0,True
3,4294967330,2,47,231,47,231,True
5,4294967330,2,47,231,47,231,True
4,4294967330,1,47,231,47,231,True
1,21474836510,1,0,0,0,0,True
3,21474836510,1,0,0,0,0,True
1,21474836510,2,47,319,47,319,True
4,21474836510,1,47,319,47,319,True
3,21474836510,2,47,319,47,319,True
3,4294967331,1,0,0,0,0,True
5,4294967331,1,0,0,0,0,True
3,4294967331,2,47,231,47,231,True
5,4294967331,2,47,231,47,231,True
4,4294967331,1,47,231,47,231,True
1,12884901915,1,0,0,0,0,True
5,12884901915,1,0,0,0,0,True
1,12884901915,2,48,383,48,383,True
5,12884901915,2,48,384,48,384,True
3,4294967332,1,0,0,0,0,True
5,4294967332,1,0,0,0,0,True
3,4294967332,2,47,231,47,231,True
5,4294967332,2,47,231,47,231,True
4,4294967332,1,47,231,47,231,True
1,12884901916,1,0,0,0,0,True
5,12884901916,1,0,0,0,0,True
1,12884901916,2,47,231,47,231,True
5,12884901916,2,47,232,47,232,True
1,12884901917,1,0,0,0,0,True
5,12884901917,1,0,0,0,0,True
1,12884901917,2,47,231,47,231,True
5,12884901917,2,47,232,47,232,True
3,4294967333,1,0,0,0,0,True
5,4294967333,1,0,0,0,0,True
3,4294967333,2,47,231,47,231,True
5,4294967333,2,47,231,47,231,True
4,4294967333,1,47,231,47,231,True
1,12884901918,1,0,0,0,0,True
5,12884901918,1,0,0,0,0,True
1,12884901918,2,47,231,47,231,True
5,12884901918,2,47,232,47,232,True
3,4294967334,1,0,0,0,0,True
5,4294967334,1,0,0,0,0,True
3,4294967334,2,47,231,47,231,True
5,4294967334,2,47,231,47,231,True
4,4294967334,1,47,231,47,231,True
3,4294967335,1,0,0,0,0,True
5,4294967335,1,0,0,0,0,True
3,4294967335,2,47,231,47,231,True
5,4294967335,2,47,231,47,231,True
4,4294967335,1,47,231,47,231,True
1,12884901919,1,0,0,0,0,True
5,12884901919,1,0,0,0,0,True
1,12884901919,2,47,231,47,231,True
5,12884901919,2,47,232,47,232,True
1,12884901920,1,0,0,0,0,True
5,12884901920,1,0,0,0,0,True
1,12884901920,2,47,783,47,783,True
5,12884901920,2,47,784,47,784,True
3,4294967336,1,0,0,0,0,True
5,4294967336,1,0,0,0,0,True
3,4294967336,2,47,1111,47,1111,True
5,4294967336,2,47,1111,47,1111,True
4,4294967336,1,47,1111,47,1111,True
1,21474836511,1,0,0,0,0,True
3,21474836511,1,0,0,0,0,True
4,21474836511,1,0,0,0,0,True
1,21474836511,2,48,1015,48,1015,True
4,21474836511,2,48,1015,48,1015,True
3,21474836511,2,48,1015,48,1015,True
3,4294967337,1,0,0,0,0,True
5,4294967337,1,0,0,0,0,True
3,4294967337,2,47,231,47,231,True
5,4294967337,2,47,231,47,231,True
4,4294967337,1,47,231,47,231,True
1,12884901921,1,0,0,0,0,True
5,12884901921,1,0,0,0,0,True
1,12884901921,2,47,559,47,559,True
5,12884901921,2,47,559,47,559,True
5,17179869185,1,0,0,0,0,True
5,17179869185,2,47,175,47,175,True
2,17179869185,1,47,175,47,175,True
1,17179869185,1,47,175,47,175,True
3,4294967338,1,0,0,0,0,True
5,4294967338,1,0,0,0,0,True
3,4294967338,2,47,359,47,359,True
5,4294967338,2,47,359,47,359,True
4,4294967338,1,47,359,47,359,True
1,21474836512,1,0,0,0,0,True
4,21474836512,1,0,0,0,0,True
1,21474836512,2,47,357,47,357,True
1,12884901922,1,47,431,47,431,True
1,21474836512,3,0,583,0,583,True
5,12884901922,1,47,431,47,431,True
1,21474836512,4,0,186,0,186,True
4,21474836512,2,47,1127,47,1127,True
3,21474836512,1,47,1127,47,1127,True
3,4294967339,1,0,0,0,0,True
5,4294967339,1,0,0,0,0,True
3,4294967339,2,47,231,47,231,True
5,4294967339,2,47,231,47,231,True
4,4294967339,1,47,231,47,231,True
3,4294967340,1,0,0,0,0,True
5,4294967340,1,0,0,0,0,True
3,4294967340,2,47,231,47,231,True
5,4294967340,2,47,231,47,231,True
4,4294967340,1,47,231,47,231,True
1,21474836513,1,0,0,0,0,True
4,21474836513,1,0,0,0,0,True
3,21474836513,1,0,0,0,0,True
1,21474836513,2,47,631,47,631,True
4,21474836513,2,47,631,47,631,True
3,21474836513,2,47,631,47,631,True
1,12884901923,1,0,0,0,0,True
5,12884901923,1,0,0,0,0,True
1,12884901923,2,47,431,47,431,True
5,12884901923,2,47,431,47,431,True
5,17179869186,1,0,0,0,0,True
5,17179869186,2,47,727,47,727,True
2,17179869186,1,47,727,47,727,True
1,17179869186,1,47,727,47,727,True
1,21474836514,1,0,0,0,0,True
4,21474836514,1,0,0,0,0,True
3,21474836514,1,0,0,0,0,True
1,21474836514,2,47,1103,47,1103,True
4,21474836514,2,47,1103,47,1103,True
3,21474836514,2,47,1104,47,1104,True
5,17179869187,1,0,0,0,0,True
1,12884901924,1,0,0,0,0,True
1,12884901924,2,0,0,0,0,True
1,17179869187,1,0,0,0,0,True
5,12884901924,1,0,0,0,0,True
5,17179869187,2,0,0,0,0,True
1,12884901924,3,47,431,47,431,True
1,17179869187,2,47,431,47,431,True
5,12884901924,2,47,431,47,431,True
5,17179869187,3,47,432,47,432,True
5,17179869187,4,0,255,0,255,True
2,17179869187,1,47,687,47,687,True
1,17179869187,3,0,256,0,256,True
1,21474836515,1,0,0,0,0,True
4,21474836515,1,0,0,0,0,True
3,21474836515,1,0,0,0,0,True
1,21474836515,2,47,2071,47,2071,True
4,21474836515,2,47,2071,47,2071,True
3,21474836515,2,47,2072,47,2072,True
3,4294967341,1,0,0,0,0,True
5,4294967341,1,0,0,0,0,True
3,4294967341,2,47,231,47,231,True
5,4294967341,2,47,231,47,231,True
4,4294967341,1,47,231,47,231,True
5,17179869188,1,0,0,0,0,True
1,17179869188,1,47,153,47,153,True
5,17179869188,2,47,153,47,153,True
1,12884901925,1,0,0,0,0,True
1,17179869188,2,0,52,0,52,True
1,12884901925,2,47,631,47,631,True
1,17179869188,3,0,731,0,731,True
5,12884901925,1,47,631,47,631,True
5,17179869188,3,0,783,0,783,True
5,17179869188,4,0,862,0,862,True
2,17179869188,1,47,1799,47,1799,True
1,17179869188,4,0,862,0,862,True
1,12884901926,1,0,0,0,0,True
5,12884901926,1,0,0,0,0,True
1,12884901926,2,47,231,47,231,True
5,12884901926,2,47,232,47,232,True
1,21474836516,1,0,0,0,0,True
1,17179869189,1,0,0,0,0,True
1,21474836516,2,0,0,0,0,True
3,21474836516,1,0,0,0,0,True
5,17179869189,1,47,831,47,831,True
2,17179869189,1,47,831,47,831,True
1,17179869189,2,47,831,47,831,True
1,21474836516,3,47,832,47,832,True
1,21474836516,4,0,887,0,887,True
4,21474836516,1,47,1719,47,1719,True
3,21474836516,2,47,1719,47,1719,True
3,4294967342,1,0,0,0,0,True
5,4294967342,1,0,0,0,0,True
5,4294967342,2,47,255,47,255,True
3,4294967342,2,47,743,47,743,True
5,4294967342,3,0,488,0,488,True
5,17179869190,1,47,336,47,336,True
4,4294967342,1,47,743,47,743,True
5,17179869190,2,0,495,0,495,True
2,17179869190,1,47,831,47,831,True
1,17179869190,1,47,831,47,831,True
1,12884901927,1,0,0,0,0,True
1,12884901927,2,47,51,47,51,True
4,21474836517,1,0,0,0,0,True
1,12884901927,3,0,892,0,892,True
1,21474836517,1,47,740,47,740,True
5,12884901927,1,47,943,47,943,True
3,21474836517,1,47,1071,47,1071,True
4,21474836517,2,47,1071,47,1071,True
3,4294967343,1,0,0,0,0,True
3,21474836517,2,0,51,0,51,True
1,21474836517,2,0,491,0,491,True
4,4294967343,1,47,8,47,8,True
4,21474836517,3,0,160,0,160,True
3,4294967343,2,47,8,47,8,True
3,21474836517,3,0,108,0,108,True
4,4294967343,2,0,247,0,247,True
3,4294967343,3,0,247,0,247,True
4,4294967343,3,0,52,0,52,True
4,21474836518,1,0,0,0,0,True
3,4294967343,4,0,376,0,376,True
3,21474836518,1,47,224,47,224,True
5,4294967343,1,47,631,47,631,True
4,4294967343,4,0,324,0,324,True
4,21474836518,2,47,224,47,224,True
1,21474836518,1,47,969,47,969,True
1,12884901928,1,0,0,0,0,True
1,21474836518,2,0,51,0,51,True
1,12884901928,2,47,110,47,110,True
1,21474836518,3,0,210,0,210,True
4,21474836518,3,0,1007,0,1007,True
3,21474836518,2,0,1007,0,1007,True
1,12884901928,3,0,349,0,349,True
4,21474836519,1,0,0,0,0,True
1,12884901928,4,0,172,0,172,True
1,21474836519,1,0,0,0,0,True
5,12884901928,1,47,631,47,631,True
3,21474836519,1,0,0,0,0,True
1,21474836519,2,0,0,0,0,True
1,21474836519,3,48,1183,48,1183,True
4,21474836519,2,48,1183,48,1183,True
3,21474836519,2,48,1183,48,1183,True
1,21474836520,1,0,0,0,0,True
4,21474836520,1,0,0,0,0,True
3,21474836520,1,0,0,0,0,True
1,21474836520,2,47,919,47,919,True
4,21474836520,2,47,919,47,919,True
3,21474836520,2,47,920,47,920,True
5,17179869191,1,0,0,0,0,True
1,17179869191,1,47,561,47,561,True
5,17179869191,2,47,561,47,561,True
1,12884901929,1,0,0,0,0,True
1,17179869191,2,0,52,0,52,True
5,12884901929,1,47,118,47,118,True
5,17179869191,3,0,270,0,270,True
2,17179869191,1,47,831,47,831,True
1,12884901929,2,47,118,47,118,True
1,17179869191,3,0,218,0,218,True
1,12884901929,3,0,513,0,513,True
5,12884901929,2,0,513,0,513,True
1,12884901930,1,0,0,0,0,True
5,12884901930,1,0,0,0,0,True
1,12884901930,2,47,743,47,743,True
5,12884901930,2,47,743,47,743,True
3,4294967344,1,0,0,0,0,True
5,4294967344,1,0,0,0,0,True
5,4294967344,2,0,0,0,0,True
3,4294967344,2,47,631,47,631,True
5,4294967344,3,47,631,47,631,True
5,17179869192,1,47,530,47,530,True
4,4294967344,1,47,631,47,631,True
5,17179869192,2,0,101,0,101,True
2,17179869192,1,47,631,47,631,True
1,17179869192,1,47,631,47,631,True
3,4294967345,1,0,0,0,0,True
5,4294967345,1,0,0,0,0,True
3,4294967345,2,47,631,47,631,True
5,4294967345,2,47,631,47,631,True
4,4294967345,1,47,631,47,631,True
1,21474836521,1,0,0,0,0,True
4,21474836521,1,0,0,0,0,True
3,21474836521,1,0,0,0,0,True
1,21474836521,2,47,431,47,431,True
4,21474836521,2,47,431,47,431,True
3,21474836521,2,47,431,47,431,True
3,4294967346,1,0,0,0,0,True
5,4294967346,1,0,0,0,0,True
3,4294967346,2,47,431,47,431,True
5,4294967346,2,47,431,47,431,True
4,4294967346,1,47,431,47,431,True
5,17179869193,1,0,0,0,0,True
5,17179869193,2,47,51,47,51,True
3,4294967347,1,0,0,0,0,True
5,4294967347,1,47,28,47,28,True
5,17179869193,3,0,180,0,180,True
2,17179869193,1,47,231,47,231,True
1,17179869193,1,47,231,47,231,True
3,4294967347,2,47,231,47,231,True
5,4294967347,2,0,203,0,203,True
4,4294967347,1,47,231,47,231,True
1,12884901931,1,0,0,0,0,True
5,12884901931,1,0,0,0,0,True
1,12884901931,2,47,431,47,431,True
5,12884901931,2,47,431,47,431,True
1,21474836522,1,0,0,0,0,True
4,21474836522,1,0,0,0,0,True
3,21474836522,1,0,0,0,0,True
1,21474836522,2,47,231,47,231,True
4,21474836522,2,47,231,47,231,True
3,21474836522,2,47,232,47,232,True
5,17179869194,1,0,0,0,0,True
5,17179869194,2,47,231,47,231,True
2,17179869194,1,47,231,47,231,True
1,17179869194,1,47,231,47,231,True
1,21474836523,1,0,0,0,0,True
4,21474836523,1,0,0,0,0,True
3,21474836523,1,0,0,0,0,True
1,21474836523,2,47,231,47,231,True
4,21474836523,2,47,231,47,231,True
3,21474836523,2,47,232,47,232,True
5,17179869195,1,0,0,0,0,True
5,17179869195,2,47,231,47,231,True
2,17179869195,1,47,231,47,231,True
1,17179869195,1,47,231,47,231,True
1,21474836524,1,0,0,0,0,True
4,21474836524,1,0,0,0,0,True
3,21474836524,1,0,0,0,0,True
1,21474836524,2,47,231,47,231,True
4,21474836524,2,47,231,47,231,True
3,21474836524,2,47,232,47,232,True
1,21474836525,1,0,0,0,0,True
4,21474836525,1,0,0,0,0,True
3,21474836525,1,0,0,0,0,True
1,21474836525,2,47,231,47,231,True
4,21474836525,2,47,231,47,231,True
3,21474836525,2,47,232,47,232,True
1,21474836526,1,0,0,0,0,True
4,21474836526,1,0,0,0,0,True
1,21474836526,2,48,183,48,183,True
4,21474836526,2,48,183,48,183,True
3,21474836526,1,48,184,48,184,True
1,21474836527,1,0,0,0,0,True
4,21474836527,1,0,0,0,0,True
3,21474836527,1,0,0,0,0,True
1,21474836527,2,47,1159,47,1159,True
4,21474836527,2,47,1159,47,1159,True
3,21474836527,2,47,1159,47,1159,True
1,12884901932,1,0,0,0,0,True
5,12884901932,1,0,0,0,0,True
1,12884901932,2,0,0,0,0,True
5,12884901932,2,47,1,47,1,True
5,17179869196,1,0,0,0,0,True
1,12884901932,3,47,1247,47,1247,True
1,17179869196,1,0,0,0,0,True
5,12884901932,3,0,1246,0,1246,True
5,17179869196,2,0,0,0,0,True
1,17179869196,2,0,0,0,0,True
5,17179869196,3,0,0,0,0,True
1,12884901933,1,0,0,0,0,True
1,17179869196,3,0,0,0,0,True
1,12884901933,2,47,231,47,231,True
1,17179869196,4,0,0,0,0,True
5,12884901933,1,47,232,47,232,True
5,17179869196,4,0,0,0,0,True
5,17179869196,5,0,0,0,0,True
3,4294967348,1,0,0,0,0,True
3,4294967348,2,47,1247,47,1247,True
5,4294967348,1,47,1247,47,1247,True
5,17179869196,6,0,0,0,0,True
4,4294967348,1,47,1247,47,1247,True
1,17179869196,5,0,0,0,0,True
5,17179869196,7,0,0,0,0,True
1,12884901934,1,0,0,0,0,True
1,17179869196,6,0,0,0,0,True
1,12884901934,2,47,231,47,231,True
1,17179869196,7,0,0,0,0,True
5,12884901934,1,47,232,47,232,True
5,17179869196,8,0,0,0,0,True
5,17179869196,9,0,0,0,0,True
3,4294967349,1,0,0,0,0,True
2,17179869196,1,0,0,0,0,True
3,4294967349,2,47,231,47,231,True
5,4294967349,1,47,231,47,231,True
5,17179869196,10,0,0,0,0,True
4,4294967349,1,47,231,47,231,True
5,17179869196,11,48,220,48,220,True
3,4294967350,1,0,0,0,0,True
3,4294967350,2,47,231,47,231,True
5,4294967350,1,47,231,47,231,True
5,17179869196,12,0,384,0,384,True
4,4294967350,1,47,231,47,231,True
5,17179869196,13,0,125,0,125,True
3,4294967351,1,0,0,0,0,True
3,4294967351,2,47,231,47,231,True
5,4294967351,1,47,231,47,231,True
5,17179869196,14,0,384,0,384,True
4,4294967351,1,47,231,47,231,True
5,17179869196,15,0,61,0,61,True
2,17179869196,2,48,1175,48,1175,True
1,17179869196,8,48,1175,48,1175,True
1,12884901935,1,0,0,0,0,True
5,12884901935,1,0,0,0,0,True
1,12884901935,2,47,231,47,231,True
5,12884901935,2,47,232,47,232,True
3,4294967352,1,0,0,0,0,True
5,4294967352,1,0,0,0,0,True
3,4294967352,2,47,231,47,231,True
5,4294967352,2,47,231,47,231,True
4,4294967352,1,47,231,47,231,True
1,12884901936,1,0,0,0,0,True
5,12884901936,1,0,0,0,0,True
5,12884901936,2,47,153,47,153,True
1,12884901936,2,47,154,47,154,True
2,17179869197,1,0,0,0,0,True
1,12884901936,3,0,77,0,77,True
1,17179869197,1,0,0,0,0,True
5,12884901936,3,0,78,0,78,True
5,17179869197,1,0,0,0,0,True
5,17179869197,2,47,231,47,231,True
2,17179869197,2,47,231,47,231,True
1,17179869197,2,47,231,47,231,True
5,17179869198,1,0,0,0,0,True
2,17179869198,1,0,0,0,0,True
5,17179869198,2,47,231,47,231,True
2,17179869198,2,47,231,47,231,True
1,17179869198,1,47,231,47,231,True
4,21474836528,1,0,0,0,0,True
1,21474836528,1,0,0,0,0,True
4,8589934593,1,0,0,0,0,True
4,21474836528,2,0,0,0,0,True
3,21474836528,1,0,0,0,0,True
4,8589934593,2,47,175,47,175,True
4,21474836528,3,47,176,47,176,True
8,8589934593,1,47,176,47,176,True
1,21474836528,2,47,359,47,359,True
4,21474836528,4,0,183,0,183,True
3,21474836528,2,47,360,47,360,True
1,21474836529,1,0,0,0,0,True
4,21474836529,1,0,0,0,0,True
3,21474836529,1,0,0,0,0,True
1,21474836529,2,47,231,47,231,True
4,21474836529,2,47,231,47,231,True
3,21474836529,2,47,232,47,232,True
1,21474836530,1,0,0,0,0,True
4,21474836530,1,0,0,0,0,True
3,21474836530,1,0,0,0,0,True
1,21474836530,2,47,231,47,231,True
4,21474836530,2,47,231,47,231,True
3,21474836530,2,47,232,47,232,True
5,17179869199,1,0,0,0,0,True
2,17179869199,1,0,0,0,0,True
5,17179869199,2,47,431,47,431,True
2,17179869199,2,47,431,47,431,True
1,17179869199,1,47,431,47,431,True
5,17179869200,1,0,0,0,0,True
2,17179869200,1,0,0,0,0,True
5,17179869200,2,47,431,47,431,True
2,17179869200,2,47,431,47,431,True
1,17179869200,1,47,431,47,431,True
5,17179869201,1,0,0,0,0,True
2,17179869201,1,0,0,0,0,True
5,17179869201,2,47,231,47,231,True
2,17179869201,2,47,231,47,231,True
1,17179869201,1,47,231,47,231,True
1,21474836531,1,0,0,0,0,True
4,21474836531,1,0,0,0,0,True
3,21474836531,1,0,0,0,0,True
1,21474836531,2,47,231,47,231,True
4,21474836531,2,47,231,47,231,True
3,21474836531,2,47,232,47,232,True
1,12884901937,1,0,0,0,0,True
5,12884901937,1,0,0,0,0,True
1,12884901937,2,47,799,47,799,True
5,12884901937,2,47,799,47,799,True
3,4294967353,1,0,0,0,0,True
5,4294967353,1,0,0,0,0,True
5,4294967353,2,47,357,47,357,True
2,17179869202,1,0,0,0,0,True
5,4294967353,3,0,384,0,384,True
5,17179869202,1,47,231,47,231,True
2,17179869202,2,47,231,47,231,True
1,17179869202,1,47,231,47,231,True
3,4294967353,2,47,799,47,799,True
5,4294967353,4,0,58,0,58,True
4,4294967353,1,47,799,47,799,True
5,17179869203,1,0,0,0,0,True
2,17179869203,1,0,0,0,0,True
5,17179869203,2,47,231,47,231,True
2,17179869203,2,47,231,47,231,True
1,17179869203,1,47,231,47,231,True
1,21474836532,1,0,0,0,0,True
4,21474836532,1,0,0,0,0,True
3,21474836532,1,0,0,0,0,True
1,21474836532,2,47,631,47,631,True
4,21474836532,2,47,631,47,631,True
3,21474836532,2,47,631,47,631,True
1,21474836533,1,0,0,0,0,True
4,21474836533,1,0,0,0,0,True
3,21474836533,1,0,0,0,0,True
1,21474836533,2,47,431,47,431,True
4,21474836533,2,47,431,47,431,True
3,21474836533,2,47,431,47,431,True
1,21474836534,1,0,0,0,0,True
4,21474836534,1,0,0,0,0,True
3,21474836534,1,0,0,0,0,True
1,21474836534,2,47,431,47,431,True
4,21474836534,2,47,431,47,431,True
3,21474836534,2,47,431,47,431,True
1,21474836535,1,0,0,0,0,True
4,21474836535,1,0,0,0,0,True
3,21474836535,1,0,0,0,0,True
1,21474836535,2,47,431,47,431,True
4,21474836535,2,47,431,47,431,True
3,21474836535,2,47,431,47,431,True
1,21474836536,1,0,0,0,0,True
4,21474836536,1,0,0,0,0,True
3,21474836536,1,0,0,0,0,True
1,21474836536,2,47,431,47,431,True
4,21474836536,2,47,431,47,431,True
3,21474836536,2,47,431,47,431,True
5,17179869204,1,0,0,0,0,True
2,17179869204,1,0,0,0,0,True
5,17179869204,2,48,183,48,183,True
2,17179869204,2,48,183,48,183,True
1,17179869204,1,48,183,48,183,True
4,8589934594,1,0,0,0,0,True
4,8589934594,2,47,175,47,175,True
8,8589934594,1,47,176,47,176,True
5,17179869205,1,0,0,0,0,True
2,17179869205,1,0,0,0,0,True
5,17179869205,2,47,527,47,527,True
2,17179869205,2,47,527,47,527,True
1,17179869205,1,47,527,47,527,True
4,8589934595,1,0,0,0,0,True
4,8589934595,2,47,727,47,727,True
8,8589934595,1,47,728,47,728,True
5,17179869206,1,0,0,0,0,True
2,17179869206,1,0,0,0,0,True
5,17179869206,2,47,503,47,503,True
2,17179869206,2,47,503,47,503,True
1,17179869206,1,47,503,47,503,True
5,17179869207,1,0,0,0,0,True
2,17179869207,1,0,0,0,0,True
5,17179869207,2,47,231,47,231,True
2,17179869207,2,47,231,47,231,True
1,17179869207,1,47,231,47,231,True
4,8589934596,1,0,0,0,0,True
4,8589934596,2,47,687,47,687,True
8,8589934596,1,47,687,47,687,True
4,8589934597,1,0,0,0,0,True
4,8589934597,2,47,431,47,431,True
8,8589934597,1,47,431,47,431,True
4,8589934598,1,0,0,0,0,True
4,8589934598,2,47,431,47,431,True
8,8589934598,1,47,432,47,432,True
5,17179869208,1,0,0,0,0,True
2,17179869208,1,0,0,0,0,True
5,17179869208,2,47,1631,47,1631,True
2,17179869208,2,47,1631,47,1631,True
1,17179869208,1,47,1631,47,1631,True
4,8589934599,1,0,0,0,0,True
4,8589934599,2,47,1173,47,1173,True
1,21474836537,1,0,0,0,0,True
3,21474836537,1,0,0,0,0,True
1,21474836537,2,47,231,47,231,True
4,8589934599,3,0,384,0,384,True
4,21474836537,1,47,231,47,231,True
3,21474836537,2,47,231,47,231,True
4,8589934599,4,0,426,0,426,True
8,8589934599,1,47,1984,47,1984,True
1,21474836538,1,0,0,0,0,True
4,21474836538,1,0,0,0,0,True
1,21474836538,2,47,231,47,231,True
4,21474836538,2,47,231,47,231,True
3,21474836538,1,47,231,47,231,True
5,17179869209,1,0,0,0,0,True
2,17179869209,1,0,0,0,0,True
5,17179869209,2,47,1319,47,1319,True
2,17179869209,2,47,1319,47,1319,True
1,17179869209,1,47,1319,47,1319,True
4,8589934600,1,0,0,0,0,True
4,8589934600,2,47,831,47,831,True
8,8589934600,1,47,832,47,832,True
1,21474836539,1,0,0,0,0,True
4,21474836539,1,0,0,0,0,True
4,21474836539,2,47,357,47,357,True
1,21474836539,2,47,743,47,743,True
4,8589934601,1,47,234,47,234,True
4,21474836539,3,0,386,0,386,True
3,21474836539,1,47,743,47,743,True
5,17179869210,1,0,0,0,0,True
4,8589934601,2,0,397,0,397,True
8,8589934601,1,47,631,47,631,True
5,17179869210,2,47,1231,47,1231,True
2,17179869210,1,47,1231,47,1231,True
1,17179869210,1,47,1231,47,1231,True
3,4294967354,1,0,0,0,0,True
5,4294967354,1,0,0,0,0,True
3,4294967354,2,47,567,47,567,True
5,4294967354,2,47,567,47,567,True
4,4294967354,1,47,567,47,567,True
5,17179869211,1,0,0,0,0,True
2,17179869211,1,0,0,0,0,True
5,17179869211,2,47,51,47,51,True
3,4294967355,1,0,0,0,0,True
3,4294967355,2,47,231,47,231,True
5,4294967355,1,47,231,47,231,True
5,17179869211,3,0,384,0,384,True
4,4294967355,1,47,231,47,231,True
1,17179869211,1,47,765,47,765,True
5,17179869211,4,0,329,0,329,True
1,12884901938,1,0,0,0,0,True
1,17179869211,2,0,52,0,52,True
5,12884901938,1,47,114,47,114,True
5,17179869211,5,0,266,0,266,True
2,17179869211,2,47,1031,47,1031,True
1,12884901938,2,47,114,47,114,True
1,17179869211,3,0,214,0,214,True
1,12884901938,3,0,477,0,477,True
5,12884901938,2,0,477,0,477,True
4,8589934602,1,0,0,0,0,True
4,8589934602,2,47,631,47,631,True
8,8589934602,1,47,631,47,631,True
1,21474836540,1,0,0,0,0,True
4,21474836540,1,0,0,0,0,True
3,21474836540,1,0,0,0,0,True
1,21474836540,2,47,631,47,631,True
4,21474836540,2,47,631,47,631,True
3,21474836540,2,47,631,47,631,True
3,4294967356,1,0,0,0,0,True
5,4294967356,1,0,0,0,0,True
3,4294967356,2,47,431,47,431,True
5,4294967356,2,47,431,47,431,True
4,4294967356,1,47,431,47,431,True
4,8589934603,1,0,0,0,0,True
4,8589934603,2,47,631,47,631,True
8,8589934603,1,47,631,47,631,True
4,8589934604,1,0,0,0,0,True
4,8589934604,2,47,51,47,51,True
1,21474836541,1,0,0,0,0,True
3,21474836541,1,0,0,0,0,True
4,8589934604,3,0,180,0,180,True
4,21474836541,1,47,28,47,28,True
8,8589934604,1,47,231,47,231,True
1,21474836541,2,47,153,47,153,True
2,17179869212,1,0,0,0,0,True
1,17179869212,1,0,0,0,0,True
1,21474836541,3,0,478,0,478,True
4,21474836541,2,0,603,0,603,True
3,21474836541,2,47,631,47,631,True
5,17179869212,1,0,0,0,0,True
1,17179869212,2,0,0,0,0,True
5,17179869212,2,0,0,0,0,True
1,12884901939,1,0,0,0,0,True
1,17179869212,3,0,0,0,0,True
1,12884901939,2,47,231,47,231,True
1,17179869212,4,0,0,0,0,True
5,12884901939,1,47,231,47,231,True
5,17179869212,3,0,0,0,0,True
1,17179869212,5,0,0,0,0,True
5,17179869212,4,0,0,0,0,True
1,12884901940,1,0,0,0,0,True
1,17179869212,6,0,0,0,0,True
1,12884901940,2,47,231,47,231,True
1,17179869212,7,0,0,0,0,True
5,12884901940,1,47,231,47,231,True
5,17179869212,5,0,0,0,0,True
5,17179869212,6,0,0,0,0,True
3,4294967357,1,0,0,0,0,True
3,4294967357,2,47,431,47,431,True
5,4294967357,1,47,431,47,431,True
5,17179869212,7,0,0,0,0,True
4,4294967357,1,47,431,47,431,True
5,17179869212,8,0,0,0,0,True
3,4294967358,1,0,0,0,0,True
3,4294967358,2,47,431,47,431,True
5,4294967358,1,47,431,47,431,True
5,17179869212,9,0,0,0,0,True
4,4294967358,1,47,431,47,431,True
5,17179869212,10,0,0,0,0,True
3,4294967359,1,0,0,0,0,True
3,4294967359,2,47,231,47,231,True
5,4294967359,1,47,231,47,231,True
5,17179869212,11,0,0,0,0,True
4,4294967359,1,47,231,47,231,True
5,17179869212,12,0,0,0,0,True
3,4294967360,1,0,0,0,0,True
3,4294967360,2,47,231,47,231,True
5,4294967360,1,47,231,47,231,True
5,17179869212,13,0,0,0,0,True
4,4294967360,1,47,231,47,231,True
1,17179869212,8,0,0,0,0,True
5,17179869212,14,0,0,0,0,True
1,12884901941,1,0,0,0,0,True
1,17179869212,9,0,0,0,0,True
1,12884901941,2,47,231,47,231,True
1,17179869212,10,0,0,0,0,True
5,12884901941,1,47,231,47,231,True
5,17179869212,15,0,0,0,0,True
5,17179869212,16,48,1183,48,1183,True
2,17179869212,2,48,1183,48,1183,True
1,17179869212,11,48,1183,48,1183,True
1,21474836542,1,0,0,0,0,True
4,21474836542,1,0,0,0,0,True
3,21474836542,1,0,0,0,0,True
1,21474836542,2,47,743,47,743,True
4,21474836542,2,47,743,47,743,True
3,21474836542,2,47,743,47,743,True
5,17179869213,1,0,0,0,0,True
2,17179869213,1,0,0,0,0,True
1,17179869213,1,0,0,0,0,True
5,17179869213,2,0,0,0,0,True
1,12884901942,1,0,0,0,0,True
1,17179869213,2,47,1,47,1,True
5,12884901942,1,47,529,47,529,True
5,17179869213,3,47,631,47,631,True
2,17179869213,2,47,631,47,631,True
1,12884901942,2,47,530,47,530,True
1,17179869213,3,0,630,0,630,True
1,12884901942,3,0,237,0,237,True
5,12884901942,2,0,238,0,238,True
5,17179869214,1,0,0,0,0,True
2,17179869214,1,0,0,0,0,True
5,17179869214,2,47,231,47,231,True
2,17179869214,2,47,231,47,231,True
1,17179869214,1,47,231,47,231,True
1,12884901943,1,0,0,0,0,True
5,12884901943,1,0,0,0,0,True
1,12884901943,2,47,591,47,591,True
5,12884901943,2,47,591,47,591,True
1,21474836543,1,0,0,0,0,True
4,21474836543,1,0,0,0,0,True
3,21474836543,1,0,0,0,0,True
1,21474836543,2,47,631,47,631,True
4,21474836543,2,47,631,47,631,True
3,21474836543,2,47,631,47,631,True
3,4294967361,1,0,0,0,0,True
5,4294967361,1,0,0,0,0,True
3,4294967361,2,47,631,47,631,True
5,4294967361,2,47,631,47,631,True
4,4294967361,1,47,631,47,631,True
1,21474836544,1,0,0,0,0,True
4,21474836544,1,0,0,0,0,True
3,21474836544,1,0,0,0,0,True
1,21474836544,2,47,431,47,431,True
4,21474836544,2,47,431,47,431,True
3,21474836544,2,47,432,47,432,True
3,4294967362,1,0,0,0,0,True
5,4294967362,1,0,0,0,0,True
3,4294967362,2,47,631,47,631,True
5,4294967362,2,47,631,47,631,True
4,4294967362,1,47,631,47,631,True
1,12884901944,1,0,0,0,0,True
5,12884901944,1,0,0,0,0,True
1,12884901944,2,47,231,47,231,True
5,12884901944,2,47,231,47,231,True
3,4294967363,1,0,0,0,0,True
5,4294967363,1,0,0,0,0,True
3,4294967363,2,47,631,47,631,True
5,4294967363,2,47,631,47,631,True
4,4294967363,1,47,631,47,631,True
1,21474836545,1,0,0,0,0,True
4,21474836545,1,0,0,0,0,True
3,21474836545,1,0,0,0,0,True
1,21474836545,2,47,231,47,231,True
4,21474836545,2,47,231,47,231,True
3,21474836545,2,47,231,47,231,True
1,12884901945,1,0,0,0,0,True
1,12884901945,2,47,231,47,231,True
5,12884901945,1,47,231,47,231,True
1,21474836546,1,0,0,0,0,True
4,21474836546,1,0,0,0,0,True
3,21474836546,1,0,0,0,0,True
1,21474836546,2,47,231,47,231,True
4,21474836546,2,47,231,47,231,True
3,21474836546,2,47,231,47,231,True
1,21474836547,1,0,0,0,0,True
4,21474836547,1,0,0,0,0,True
3,21474836547,1,0,0,0,0,True
1,21474836547,2,47,231,47,231,True
4,21474836547,2,47,231,47,231,True
3,21474836547,2,47,231,47,231,True
1,12884901946,1,0,0,0,0,True
5,12884901946,1,0,0,0,0,True
1,12884901946,2,47,231,47,231,True
5,12884901946,2,47,231,47,231,True
3,4294967364,1,0,0,0,0,True
5,4294967364,1,0,0,0,0,True
3,4294967364,2,47,631,47,631,True
5,4294967364,2,47,631,47,631,True
4,4294967364,1,47,631,47,631,True
3,4294967365,1,0,0,0,0,True
5,4294967365,1,0,0,0,0,True
3,4294967365,2,47,631,47,631,True
5,4294967365,2,47,631,47,631,True
4,4294967365,1,47,631,47,631,True
1,12884901947,1,0,0,0,0,True
1,12884901947,2,47,367,47,367,True
5,12884901947,1,47,368,47,368,True
3,4294967366,1,0,0,0,0,True
5,4294967366,1,0,0,0,0,True
3,4294967366,2,47,231,47,231,True
5,4294967366,2,47,231,47,231,True
4,4294967366,1,47,231,47,231,True
3,4294967367,1,0,0,0,0,True
5,4294967367,1,0,0,0,0,True
3,4294967367,2,47,231,47,231,True
5,4294967367,2,47,231,47,231,True
4,4294967367,1,47,231,47,231,True
3,4294967368,1,0,0,0,0,True
5,4294967368,1,0,0,0,0,True
3,4294967368,2,47,231,47,231,True
5,4294967368,2,47,231,47,231,True
4,4294967368,1,47,231,47,231,True
3,4294967369,1,0,0,0,0,True
5,4294967369,1,0,0,0,0,True
3,4294967369,2,47,231,47,231,True
5,4294967369,2,47,231,47,231,True
4,4294967369,1,47,231,47,231,True
3,4294967370,1,0,0,0,0,True
5,4294967370,1,0,0,0,0,True
3,4294967370,2,47,231,47,231,True
5,4294967370,2,47,231,47,231,True
4,4294967370,1,47,231,47,231,True
5,17179869215,1,0,0,0,0,True
2,17179869215,1,0,0,0,0,True
5,17179869215,2,47,783,47,783,True
2,17179869215,2,47,783,47,783,True
1,17179869215,1,47,783,47,783,True
1,21474836548,1,0,0,0,0,True
4,21474836548,1,0,0,0,0,True
3,21474836548,1,0,0,0,0,True
1,21474836548,2,47,1359,47,1359,True
4,21474836548,2,47,1359,47,1359,True
3,21474836548,2,47,1360,47,1360,True
4,8589934605,1,0,0,0,0,True
4,8589934605,2,0,0,0,0,True
1,21474836549,1,0,0,0,0,True
3,21474836549,1,0,0,0,0,True
1,21474836549,2,47,231,47,231,True
4,8589934605,3,0,0,0,0,True
4,21474836549,1,47,231,47,231,True
3,21474836549,2,47,231,47,231,True
4,8589934605,4,0,0,0,0,True
3,4294967371,1,0,0,0,0,True
5,4294967371,1,0,0,0,0,True
8,8589934605,1,0,0,0,0,True
4,4294967371,1,0,0,0,0,True
4,8589934605,5,48,1359,48,1359,True
8,8589934605,2,48,1359,48,1359,True
5,4294967371,2,0,0,0,0,True
2,17179869216,1,0,0,0,0,True
3,4294967371,2,48,183,48,183,True
5,4294967371,3,48,183,48,183,True
5,17179869216,1,47,932,47,932,True
4,4294967371,2,48,183,48,183,True
5,17179869216,2,0,75,0,75,True
2,17179869216,2,47,1007,47,1007,True
1,17179869216,1,47,1007,47,1007,True
1,21474836550,1,0,0,0,0,True
4,21474836550,1,0,0,0,0,True
3,21474836550,1,0,0,0,0,True
4,21474836550,2,47,51,47,51,True
8,8589934606,1,0,0,0,0,True
1,21474836550,2,47,231,47,231,True
4,8589934606,1,47,28,47,28,True
4,21474836550,3,0,180,0,180,True
3,21474836550,2,47,231,47,231,True
1,12884901948,1,0,0,0,0,True
5,12884901948,1,0,0,0,0,True
5,12884901948,2,0,0,0,0,True
1,12884901948,2,0,0,0,0,True
4,8589934606,2,0,1099,0,1099,True
8,8589934606,2,47,1128,47,1128,True
1,12884901948,3,47,495,47,495,True
1,17179869217,1,47,393,47,393,True
5,12884901948,3,47,495,47,495,True
5,17179869217,1,47,394,47,394,True
5,17179869217,2,0,37,0,37,True
2,17179869217,1,47,431,47,431,True
1,17179869217,2,0,38,0,38,True
3,4294967372,1,0,0,0,0,True
5,4294967372,1,0,0,0,0,True
2,34359738369,1,0,0,0,0,True
7,34359738369,1,47,176,47,176,True
2,34359738369,2,47,176,47,176,True
3,4294967372,2,47,431,47,431,True
5,4294967372,2,47,431,47,431,True
4,4294967372,1,47,431,47,431,True
4,8589934607,1,0,0,0,0,True
8,8589934607,1,0,0,0,0,True
4,8589934607,2,47,663,47,663,True
1,21474836551,1,0,0,0,0,True
3,21474836551,1,0,0,0,0,True
4,8589934607,3,0,464,0,464,True
4,21474836551,1,47,312,47,312,True
8,8589934607,2,47,1128,47,1128,True
2,34359738370,1,0,0,0,0,True
2,34359738370,2,47,153,47,153,True
1,21474836551,2,47,867,47,867,True
1,17179869218,1,47,420,47,420,True
1,21474836551,3,0,572,0,572,True
4,21474836551,2,0,1127,0,1127,True
3,21474836551,2,47,1439,47,1439,True
7,34359738370,1,47,728,47,728,True
2,17179869218,1,47,422,47,422,True
2,34359738370,3,0,574,0,574,True
5,17179869218,1,47,431,47,431,True
2,17179869218,2,0,9,0,9,True
1,17179869218,2,0,11,0,11,True
3,4294967373,1,0,0,0,0,True
5,4294967373,1,0,0,0,0,True
5,4294967373,2,47,51,47,51,True
2,17179869219,1,0,0,0,0,True
3,4294967373,2,47,631,47,631,True
5,4294967373,3,0,580,0,580,True
5,17179869219,1,47,428,47,428,True
4,4294967373,1,47,631,47,631,True
5,17179869219,2,0,3,0,3,True
2,17179869219,2,47,431,47,431,True
1,17179869219,1,47,431,47,431,True
4,8589934608,1,0,0,0,0,True
8,8589934608,1,0,0,0,0,True
4,8589934608,2,47,561,47,561,True
1,21474836552,1,0,0,0,0,True
3,21474836552,1,0,0,0,0,True
4,8589934608,3,0,542,0,542,True
4,21474836552,1,47,390,47,390,True
8,8589934608,2,47,1104,47,1104,True
1,21474836552,2,47,431,47,431,True
4,21474836552,2,0,41,0,41,True
3,21474836552,2,47,432,47,432,True
2,34359738371,1,0,0,0,0,True
2,34359738371,2,47,663,47,663,True
7,34359738371,1,47,688,47,688,True
2,17179869220,1,0,0,0,0,True
2,34359738371,3,0,24,0,24,True
5,17179869220,1,0,0,0,0,True
2,17179869220,2,0,0,0,0,True
5,17179869220,2,0,0,0,0,True
3,4294967374,1,0,0,0,0,True
5,4294967374,1,47,330,47,330,True
5,17179869220,3,47,431,47,431,True
2,17179869220,3,47,431,47,431,True
1,17179869220,1,47,431,47,431,True
4,4294967374,1,47,459,47,459,True
3,4294967374,2,47,459,47,459,True
4,4294967374,2,0,52,0,52,True
4,21474836553,1,0,0,0,0,True
3,4294967374,3,0,172,0,172,True
3,21474836553,1,47,20,47,20,True
5,4294967374,2,0,301,0,301,True
4,4294967374,3,0,120,0,120,True
4,21474836553,2,47,20,47,20,True
1,21474836553,1,47,231,47,231,True
4,21474836553,3,0,211,0,211,True
3,21474836553,2,0,211,0,211,True
4,8589934609,1,0,0,0,0,True
8,8589934609,1,0,0,0,0,True
4,8589934609,2,0,0,0,0,True
1,21474836554,1,0,0,0,0,True
3,21474836554,1,0,0,0,0,True
1,21474836554,2,47,231,47,231,True
4,8589934609,3,47,333,47,333,True
4,21474836554,1,47,231,47,231,True
3,21474836554,2,47,231,47,231,True
4,8589934609,4,0,227,0,227,True
3,4294967375,1,0,0,0,0,True
5,4294967375,1,0,0,0,0,True
4,4294967375,1,47,518,47,518,True
4,8589934609,5,0,670,0,670,True
8,8589934609,2,47,1231,47,1231,True
3,4294967375,2,47,631,47,631,True
5,4294967375,2,47,631,47,631,True
4,4294967375,2,0,113,0,113,True
2,34359738372,1,0,0,0,0,True
7,34359738372,1,47,1047,47,1047,True
2,34359738372,2,47,1047,47,1047,True
4,8589934610,1,0,0,0,0,True
8,8589934610,1,0,0,0,0,True
4,8589934610,2,47,867,47,867,True
1,21474836555,1,0,0,0,0,True
3,21474836555,1,0,0,0,0,True
1,21474836555,2,47,231,47,231,True
4,8589934610,3,0,383,0,383,True
4,21474836555,1,47,231,47,231,True
3,21474836555,2,47,231,47,231,True
4,8589934610,4,0,180,0,180,True
8,8589934610,2,47,1432,47,1432,True
3,4294967376,1,0,0,0,0,True
5,4294967376,1,0,0,0,0,True
2,34359738373,1,0,0,0,0,True
3,4294967376,2,47,631,47,631,True
5,4294967376,2,47,631,47,631,True
4,4294967376,1,47,631,47,631,True
7,34359738373,1,47,432,47,432,True
2,34359738373,2,47,432,47,432,True
4,8589934611,1,0,0,0,0,True
8,8589934611,1,0,0,0,0,True
4,8589934611,2,47,969,47,969,True
3,4294967377,1,0,0,0,0,True
5,4294967377,1,0,0,0,0,True
3,4294967377,2,47,231,47,231,True
5,4294967377,2,47,231,47,231,True
4,4294967377,1,47,231,47,231,True
4,8589934611,3,0,383,0,383,True
4,8589934611,4,0,654,0,654,True
8,8589934611,2,47,2008,47,2008,True
5,17179869221,1,0,0,0,0,True
2,17179869221,1,0,0,0,0,True
5,17179869221,2,47,479,47,479,True
2,17179869221,2,47,479,47,479,True
1,17179869221,1,47,479,47,479,True
2,34359738374,1,0,0,0,0,True
1,21474836556,1,0,0,0,0,True
4,21474836556,1,0,0,0,0,True
3,21474836556,1,0,0,0,0,True
1,21474836556,2,47,231,47,231,True
4,21474836556,2,47,231,47,231,True
3,21474836556,2,47,231,47,231,True
7,34359738374,1,47,1583,47,1583,True
2,34359738374,2,47,1583,47,1583,True
4,8589934612,1,0,0,0,0,True
8,8589934612,1,0,0,0,0,True
4,8589934612,2,47,51,47,51,True
1,21474836557,1,0,0,0,0,True
3,21474836557,1,0,0,0,0,True
1,21474836557,2,47,231,47,231,True
4,8589934612,3,0,384,0,384,True
4,21474836557,1,47,231,47,231,True
3,21474836557,2,47,231,47,231,True
4,8589934612,4,0,1451,0,1451,True
4,8589934612,5,0,40,0,40,True
4,21474836558,1,0,0,0,0,True
8,8589934612,2,47,1927,47,1927,True
1,21474836558,1,0,0,0,0,True
3,21474836558,1,0,0,0,0,True
4,21474836558,2,0,0,0,0,True
2,34359738375,1,0,0,0,0,True
1,21474836558,2,47,231,47,231,True
4,21474836558,3,47,231,47,231,True
3,21474836558,2,47,231,47,231,True
7,34359738375,1,47,832,47,832,True
2,34359738375,2,47,832,47,832,True
1,21474836559,1,0,0,0,0,True
4,21474836559,1,0,0,0,0,True
1,21474836559,2,47,231,47,231,True
4,21474836559,2,47,231,47,231,True
3,21474836559,1,47,231,47,231,True
2,34359738376,1,0,0,0,0,True
1,21474836560,1,0,0,0,0,True
4,21474836560,1,0,0,0,0,True
3,21474836560,1,0,0,0,0,True
1,21474836560,2,47,231,47,231,True
4,21474836560,2,47,231,47,231,True
3,21474836560,2,47,231,47,231,True
2,34359738376,2,47,561,47,561,True
5,17179869222,1,0,0,0,0,True
7,34359738376,1,47,631,47,631,True
2,17179869222,1,0,0,0,0,True
2,34359738376,3,0,70,0,70,True
2,17179869222,2,47,153,47,153,True
2,17179869222,3,0,52,0,52,True
2,34359738377,1,0,0,0,0,True
5,17179869222,2,47,743,47,743,True
2,17179869222,4,0,538,0,538,True
2,34359738377,2,47,438,47,438,True
1,17179869222,1,47,743,47,743,True
7,34359738377,1,47,631,47,631,True
2,34359738377,3,0,193,0,193,True
2,34359738378,1,0,0,0,0,True
2,34359738378,2,47,51,47,51,True
5,17179869223,1,0,0,0,0,True
5,17179869223,2,47,255,47,255,True
3,4294967378,1,0,0,0,0,True
7,34359738378,1,47,631,47,631,True
2,17179869223,1,47,428,47,428,True
2,34359738378,3,0,580,0,580,True
5,4294967378,1,0,0,0,0,True
5,17179869223,3,0,176,0,176,True
2,17179869223,2,0,3,0,3,True
1,17179869223,1,47,431,47,431,True
5,4294967378,2,0,0,0,0,True
4,4294967378,1,0,0,0,0,True
4,4294967378,2,0,0,0,0,True
4,8589934613,1,0,0,0,0,True
8,8589934613,1,0,0,0,0,True
3,4294967378,2,48,183,48,183,True
5,4294967378,3,48,183,48,183,True
4,4294967378,3,48,183,48,183,True
4,8589934613,2,0,0,0,0,True
4,8589934613,3,48,220,48,220,True
1,21474836561,1,0,0,0,0,True
3,21474836561,1,0,0,0,0,True
1,21474836561,2,47,567,47,567,True
4,8589934613,4,0,719,0,719,True
4,21474836561,1,47,567,47,567,True
3,21474836561,2,47,567,47,567,True
4,8589934613,5,0,809,0,809,True
3,4294967379,1,0,0,0,0,True
5,4294967379,1,0,0,0,0,True
4,4294967379,1,25,0,25,0,True
4,8589934613,6,0,129,0,129,True
8,8589934613,2,48,1879,48,1879,True
4,4294967379,2,22,51,22,51,True
4,4294967379,3,0,52,0,52,True
4,8589934614,1,0,0,0,0,True
8,8589934614,1,0,0,0,0,True
3,4294967379,2,47,591,47,591,True
5,4294967379,2,47,591,47,591,True
4,4294967379,4,0,488,0,488,True
4,8589934614,2,47,388,47,388,True
4,8589934614,3,0,71,0,71,True
1,21474836562,1,0,0,0,0,True
3,21474836562,1,0,0,0,0,True
1,21474836562,2,47,431,47,431,True
4,8589934614,4,0,584,0,584,True
4,21474836562,1,47,431,47,431,True
3,21474836562,2,47,432,47,432,True
4,8589934614,5,0,284,0,284,True
8,8589934614,2,47,1327,47,1327,True
2,34359738379,1,0,0,0,0,True
2,34359738379,2,47,51,47,51,True
5,17179869224,1,0,0,0,0,True
7,34359738379,1,47,432,47,432,True
2,17179869224,1,47,228,47,228,True
2,34359738379,3,0,380,0,380,True
5,17179869224,2,47,631,47,631,True
2,17179869224,2,0,403,0,403,True
1,17179869224,1,47,631,47,631,True
1,12884901949,1,0,0,0,0,True
5,12884901949,1,0,0,0,0,True
1,12884901949,2,47,791,47,791,True
5,12884901949,2,47,792,47,792,True
4,8589934615,1,0,0,0,0,True
8,8589934615,1,0,0,0,0,True
4,8589934615,2,47,431,47,431,True
8,8589934615,2,47,432,47,432,True
1,12884901950,1,0,0,0,0,True
5,12884901950,1,0,0,0,0,True
5,12884901950,2,47,153,47,153,True
1,12884901950,2,47,154,47,154,True
2,17179869225,1,0,0,0,0,True
1,12884901950,3,0,277,0,277,True
1,17179869225,1,47,125,47,125,True
5,12884901950,3,0,278,0,278,True
5,17179869225,1,47,126,47,126,True
1,17179869225,2,0,129,0,129,True
5,17179869225,2,0,129,0,129,True
1,12884901951,1,0,0,0,0,True
1,17179869225,3,0,52,0,52,True
5,12884901951,1,0,0,0,0,True
5,17179869225,3,0,52,0,52,True
1,12884901951,2,47,431,47,431,True
1,17179869225,4,0,532,0,532,True
5,12884901951,2,47,432,47,432,True
5,17179869225,4,0,532,0,532,True
1,17179869225,5,0,27,0,27,True
5,17179869225,5,0,27,0,27,True
1,12884901952,1,0,0,0,0,True
1,17179869225,6,0,51,0,51,True
5,12884901952,1,0,0,0,0,True
5,17179869225,6,0,76,0,76,True
2,17179869225,2,47,943,47,943,True
1,12884901952,2,0,0,0,0,True
1,17179869225,7,0,24,0,24,True
1,12884901952,3,47,153,47,153,True
4,21474836563,1,0,0,0,0,True
1,12884901952,4,0,278,0,278,True
1,21474836563,1,47,126,47,126,True
5,12884901952,2,47,432,47,432,True
1,21474836563,2,0,505,0,505,True
4,21474836563,2,47,631,47,631,True
3,21474836563,1,47,631,47,631,True
3,4294967380,1,0,0,0,0,True
5,4294967380,1,0,0,0,0,True
5,4294967380,2,47,357,47,357,True
2,17179869226,1,0,0,0,0,True
3,4294967380,2,47,431,47,431,True
5,4294967380,3,0,74,0,74,True
5,17179869226,1,0,0,0,0,True
4,4294967380,1,47,431,47,431,True
1,17179869226,1,47,153,47,153,True
1,17179869226,2,0,52,0,52,True
1,21474836564,1,0,0,0,0,True
3,21474836564,1,0,0,0,0,True
5,17179869226,2,47,631,47,631,True
2,17179869226,2,47,631,47,631,True
1,17179869226,3,0,426,0,426,True
1,21474836564,2,47,326,47,326,True
1,21474836564,3,0,305,0,305,True
4,21474836564,1,47,631,47,631,True
3,21474836564,2,47,631,47,631,True
1,21474836565,1,0,0,0,0,True
4,21474836565,1,0,0,0,0,True
3,21474836565,1,0,0,0,0,True
4,21474836565,2,47,561,47,561,True
8,8589934616,1,0,0,0,0,True
1,21474836565,2,47,631,47,631,True
4,8589934616,1,0,0,0,0,True
4,21474836565,3,0,70,0,70,True
3,21474836565,2,47,631,47,631,True
5,17179869227,1,0,0,0,0,True
5,17179869227,2,47,231,47,231,True
2,17179869227,1,47,231,47,231,True
1,17179869227,1,47,231,47,231,True
1,12884901953,1,0,0,0,0,True
5,12884901953,1,0,0,0,0,True
4,8589934616,2,47,631,47,631,True
8,8589934616,2,47,631,47,631,True
5,12884901953,2,47,255,47,255,True
1,12884901953,2,47,255,47,255,True
2,17179869228,1,0,0,0,0,True
1,12884901953,3,0,176,0,176,True
1,17179869228,1,47,24,47,24,True
5,12884901953,3,0,176,0,176,True
5,17179869228,1,47,24,47,24,True
1,17179869228,2,0,129,0,129,True
1,17179869228,3,0,52,0,52,True
1,21474836566,1,0,0,0,0,True
3,21474836566,1,0,0,0,0,True
5,17179869228,2,0,207,0,207,True
2,17179869228,2,47,231,47,231,True
1,17179869228,4,0,26,0,26,True
1,21474836566,2,0,0,0,0,True
1,21474836566,3,47,431,47,431,True
4,21474836566,1,47,431,47,431,True
3,21474836566,2,47,432,47,432,True
3,4294967381,1,0,0,0,0,True
5,4294967381,1,0,0,0,0,True
3,4294967381,2,47,431,47,431,True
5,4294967381,2,47,431,47,431,True
4,4294967381,1,47,431,47,431,True
4,8589934617,1,0,0,0,0,True
8,8589934617,1,0,0,0,0,True
4,8589934617,2,47,231,47,231,True
8,8589934617,2,47,231,47,231,True
1,21474836567,1,0,0,0,0,True
4,21474836567,1,0,0,0,0,True
3,21474836567,1,0,0,0,0,True
1,21474836567,2,47,567,47,567,True
4,21474836567,2,47,567,47,567,True
3,21474836567,2,47,567,47,567,True
3,4294967382,1,0,0,0,0,True
5,4294967382,1,0,0,0,0,True
4,4294967382,1,0,0,0,0,True
4,4294967382,2,47,1,47,1,True
4,8589934618,1,0,0,0,0,True
8,8589934618,1,0,0,0,0,True
4,4294967382,3,0,332,0,332,True
4,8589934618,2,47,231,47,231,True
8,8589934618,2,47,231,47,231,True
3,4294967382,2,47,431,47,431,True
5,4294967382,2,47,431,47,431,True
4,4294967382,4,0,98,0,98,True
1,12884901954,1,0,0,0,0,True
5,12884901954,1,0,0,0,0,True
1,12884901954,2,47,231,47,231,True
5,12884901954,2,47,231,47,231,True
5,17179869229,1,0,0,0,0,True
2,17179869229,1,0,0,0,0,True
5,17179869229,2,47,231,47,231,True
2,17179869229,2,47,231,47,231,True
1,17179869229,1,47,231,47,231,True
4,8589934619,1,0,0,0,0,True
8,8589934619,1,0,0,0,0,True
4,8589934619,2,47,231,47,231,True
8,8589934619,2,47,231,47,231,True
3,4294967383,1,0,0,0,0,True
5,4294967383,1,0,0,0,0,True
3,4294967383,2,47,431,47,431,True
5,4294967383,2,47,431,47,431,True
4,4294967383,1,47,431,47,431,True
4,8589934620,1,0,0,0,0,True
8,8589934620,1,0,0,0,0,True
4,8589934620,2,0,0,0,0,True
3,4294967384,1,0,0,0,0,True
5,4294967384,1,0,0,0,0,True
4,4294967384,1,47,129,47,129,True
4,8589934620,3,47,231,47,231,True
8,8589934620,2,47,231,47,231,True
3,4294967384,2,47,231,47,231,True
5,4294967384,2,47,231,47,231,True
4,4294967384,2,0,102,0,102,True
1,12884901955,1,0,0,0,0,True
5,12884901955,1,0,0,0,0,True
5,12884901955,2,47,51,47,51,True
1,12884901955,2,47,52,47,52,True
2,17179869230,1,0,0,0,0,True
1,12884901955,3,0,179,0,179,True
1,17179869230,1,47,27,47,27,True
5,12884901955,3,0,180,0,180,True
5,17179869230,1,47,28,47,28,True
5,17179869230,2,0,203,0,203,True
2,17179869230,2,47,231,47,231,True
1,17179869230,2,0,204,0,204,True
1,12884901956,1,0,0,0,0,True
5,12884901956,1,0,0,0,0,True
1,12884901956,2,47,231,47,231,True
5,12884901956,2,47,231,47,231,True
1,12884901957,1,0,0,0,0,True
5,12884901957,1,0,0,0,0,True
1,12884901957,2,47,231,47,231,True
5,12884901957,2,47,231,47,231,True
1,12884901958,1,0,0,0,0,True
5,12884901958,1,0,0,0,0,True
5,12884901958,2,47,51,47,51,True
1,12884901958,2,47,52,47,52,True
2,17179869231,1,0,0,0,0,True
1,12884901958,3,0,179,0,179,True
1,17179869231,1,47,27,47,27,True
5,12884901958,3,0,180,0,180,True
5,17179869231,1,47,28,47,28,True
5,17179869231,2,0,203,0,203,True
2,17179869231,2,47,231,47,231,True
1,17179869231,2,0,204,0,204,True
4,8589934621,1,0,0,0,0,True
8,8589934621,1,0,0,0,0,True
4,8589934621,2,0,0,0,0,True
3,4294967385,1,0,0,0,0,True
5,4294967385,1,0,0,0,0,True
4,4294967385,1,0,0,0,0,True
4,8589934621,3,48,183,48,183,True
8,8589934621,2,48,184,48,184,True
5,4294967385,2,0,0,0,0,True
2,17179869232,1,0,0,0,0,True
5,4294967385,3,0,0,0,0,True
5,17179869232,1,47,231,47,231,True
2,17179869232,2,47,231,47,231,True
1,17179869232,1,47,231,47,231,True
3,4294967385,2,48,183,48,183,True
5,4294967385,4,48,183,48,183,True
4,4294967385,2,48,183,48,183,True
5,17179869233,1,0,0,0,0,True
2,17179869233,1,0,0,0,0,True
5,17179869233,2,47,231,47,231,True
2,17179869233,2,47,231,47,231,True
1,17179869233,1,47,231,47,231,True
4,8589934622,1,0,0,0,0,True
8,8589934622,1,0,0,0,0,True
4,8589934622,2,47,783,47,783,True
8,8589934622,2,47,783,47,783,True
5,17179869234,1,0,0,0,0,True
2,17179869234,1,0,0,0,0,True
2,17179869234,2,47,867,47,867,True
5,17179869234,2,47,1071,47,1071,True
3,4294967386,1,0,0,0,0,True
5,4294967386,1,47,296,47,296,True
5,17179869234,3,0,448,0,448,True
2,17179869234,3,0,652,0,652,True
2,34359738380,1,0,0,0,0,True
1,17179869234,1,47,1519,47,1519,True
2,34359738380,2,0,0,0,0,True
3,4294967386,2,47,783,47,783,True
5,4294967386,2,0,487,0,487,True
4,4294967386,1,47,783,47,783,True
2,34359738380,3,0,0,0,0,True
5,17179869235,1,0,0,0,0,True
1,12884901959,1,0,0,0,0,True
1,12884901959,2,0,0,0,0,True
1,17179869235,1,0,0,0,0,True
5,12884901959,1,0,0,0,0,True
5,17179869235,2,0,0,0,0,True
5,12884901959,2,47,231,47,231,True
5,17179869235,3,47,231,47,231,True
2,17179869235,1,47,231,47,231,True
2,34359738380,4,0,0,0,0,True
1,12884901959,3,47,232,47,232,True
1,17179869235,2,47,231,47,231,True
5,12884901959,3,0,533,0,533,True
2,34359738380,5,0,0,0,0,True
1,12884901959,4,0,533,0,533,True
5,12884901959,4,0,52,0,52,True
5,17179869236,1,0,0,0,0,True
7,34359738380,1,0,0,0,0,True
5,12884901959,5,0,332,0,332,True
5,17179869236,2,47,231,47,231,True
2,17179869236,1,47,231,47,231,True
2,34359738380,6,0,0,0,0,True
1,12884901959,5,0,384,0,384,True
1,17179869236,1,47,231,47,231,True
1,12884901959,6,0,194,0,194,True
5,12884901959,6,0,194,0,194,True
1,12884901960,1,0,0,0,0,True
1,12884901960,2,47,231,47,231,True
5,12884901960,1,47,231,47,231,True
3,4294967387,1,0,0,0,0,True
5,4294967387,1,0,0,0,0,True
5,4294967387,2,47,51,47,51,True
2,34359738380,7,0,0,0,0,True
3,4294967387,2,47,231,47,231,True
5,4294967387,3,0,180,0,180,True
5,17179869237,1,47,28,47,28,True
4,4294967387,1,47,231,47,231,True
5,17179869237,2,0,203,0,203,True
2,17179869237,1,47,231,47,231,True
2,34359738380,8,0,0,0,0,True
1,17179869237,1,47,231,47,231,True
1,12884901961,1,0,0,0,0,True
5,12884901961,1,0,0,0,0,True
5,12884901961,2,47,153,47,153,True
2,34359738380,9,48,526,48,526,True
1,12884901961,2,47,154,47,154,True
1,12884901961,3,0,77,0,77,True
1,17179869238,1,0,0,0,0,True
5,12884901961,3,0,78,0,78,True
5,17179869238,1,0,0,0,0,True
5,17179869238,2,47,231,47,231,True
2,17179869238,1,47,231,47,231,True
2,34359738380,10,0,384,0,384,True
1,17179869238,2,47,231,47,231,True
3,4294967388,1,0,0,0,0,True
5,4294967388,1,0,0,0,0,True
3,4294967388,2,47,231,47,231,True
5,4294967388,2,47,231,47,231,True
4,4294967388,1,47,231,47,231,True
7,34359738380,2,48,1567,48,1567,True
2,34359738380,11,0,657,0,657,True
8,30064771073,1,0,0,0,0,True
8,30064771073,2,0,0,0,0,True
4,8589934623,1,0,0,0,0,True
8,8589934623,1,47,74,47,74,True
8,30064771073,3,47,176,47,176,True
7,34359738381,1,0,0,0,0,True
1,12884901962,1,0,0,0,0,True
5,12884901962,1,0,0,0,0,True
1,12884901962,2,47,231,47,231,True
5,12884901962,2,47,231,47,231,True
7,34359738381,2,47,728,47,728,True
2,34359738381,1,47,728,47,728,True
4,8589934623,2,47,1071,47,1071,True
3,4294967389,1,0,0,0,0,True
5,4294967389,1,0,0,0,0,True
7,34359738382,1,0,0,0,0,True
4,4294967389,1,16,0,16,0,True
4,8589934623,3,0,120,0,120,True
8,8589934623,2,0,1117,0,1117,True
5,4294967389,2,47,153,47,153,True
2,34359738382,1,47,153,47,153,True
2,17179869239,1,0,0,0,0,True
2,34359738382,2,0,52,0,52,True
3,4294967389,2,47,231,47,231,True
5,4294967389,3,0,78,0,78,True
5,17179869239,1,0,0,0,0,True
7,34359738382,2,47,231,47,231,True
2,17179869239,2,0,0,0,0,True
2,34359738382,3,0,26,0,26,True
4,4294967389,2,31,231,31,231,True
2,17179869239,3,0,0,0,0,True
7,34359738383,1,0,0,0,0,True
5,17179869239,2,47,153,47,153,True
3,4294967390,1,0,0,0,0,True
5,4294967390,1,0,0,0,0,True
5,17179869239,3,0,52,0,52,True
5,4294967390,2,0,0,0,0,True
5,17179869239,4,0,26,0,26,True
2,17179869239,4,47,231,47,231,True
2,34359738383,1,47,130,47,130,True
1,17179869239,1,47,231,47,231,True
7,34359738383,2,47,231,47,231,True
2,34359738383,2,0,101,0,101,True
3,4294967390,2,47,231,47,231,True
5,4294967390,3,47,231,47,231,True
4,4294967390,1,47,231,47,231,True
8,30064771074,1,0,0,0,0,True
8,30064771074,2,47,153,47,153,True
4,8589934624,1,0,0,0,0,True
1,12884901963,1,0,0,0,0,True
5,12884901963,1,0,0,0,0,True
8,8589934624,1,47,422,47,422,True
8,30064771074,3,0,574,0,574,True
4,8589934624,2,47,431,47,431,True
8,8589934624,2,0,9,0,9,True
4,8589934625,1,0,0,0,0,True
8,8589934625,1,0,0,0,0,True
1,12884901963,2,47,231,47,231,True
5,12884901963,2,47,231,47,231,True
4,8589934625,2,47,431,47,431,True
8,8589934625,2,47,432,47,432,True
8,30064771075,1,0,0,0,0,True
8,30064771075,2,47,231,47,231,True
8,30064771076,1,0,0,0,0,True
8,30064771076,2,47,231,47,231,True
3,4294967391,1,0,0,0,0,True
5,4294967391,1,0,0,0,0,True
5,4294967391,2,47,153,47,153,True
2,17179869240,1,0,0,0,0,True
3,4294967391,2,47,231,47,231,True
5,4294967391,3,0,78,0,78,True
5,17179869240,1,0,0,0,0,True
4,4294967391,1,47,231,47,231,True
5,17179869240,2,47,231,47,231,True
2,17179869240,2,47,231,47,231,True
1,17179869240,1,47,231,47,231,True
7,34359738384,1,0,0,0,0,True
2,34359738384,1,0,0,0,0,True
7,34359738384,2,47,703,47,703,True
2,34359738384,2,47,703,47,703,True
3,4294967392,1,0,0,0,0,True
5,4294967392,1,0,0,0,0,True
3,4294967392,2,47,159,47,159,True
5,4294967392,2,47,159,47,159,True
4,4294967392,1,47,159,47,159,True
4,8589934626,1,0,0,0,0,True
8,8589934626,1,0,0,0,0,True
8,8589934626,2,0,0,0,0,True
4,8589934626,2,47,255,47,255,True
1,21474836568,1,0,0,0,0,True
3,21474836568,1,0,0,0,0,True
4,8589934626,3,0,176,0,176,True
4,21474836568,1,47,24,47,24,True
8,8589934626,3,47,432,47,432,True
8,30064771077,1,47,330,47,330,True
8,30064771077,2,0,357,0,357,True
1,21474836568,2,47,561,47,561,True
2,17179869241,1,0,0,0,0,True
5,17179869241,1,47,231,47,231,True
2,17179869241,2,47,231,47,231,True
1,17179869241,1,47,231,47,231,True
1,21474836568,3,0,384,0,384,True
1,21474836568,4,0,326,0,326,True
4,21474836568,2,0,1247,0,1247,True
3,21474836568,2,47,1272,47,1272,True
3,4294967393,1,0,0,0,0,True
5,4294967393,1,0,0,0,0,True
7,34359738385,1,0,0,0,0,True
2,34359738385,1,0,0,0,0,True
5,4294967393,2,47,459,47,459,True
2,34359738385,2,47,51,47,51,True
7,34359738385,2,47,231,47,231,True
2,17179869242,1,47,28,47,28,True
2,34359738385,3,0,180,0,180,True
5,4294967393,3,0,384,0,384,True
5,17179869242,1,47,231,47,231,True
2,17179869242,2,0,203,0,203,True
1,17179869242,1,47,231,47,231,True
3,4294967393,2,47,887,47,887,True
5,4294967393,4,0,44,0,44,True
4,4294967393,1,47,887,47,887,True
7,34359738386,1,0,0,0,0,True
2,34359738386,1,0,0,0,0,True
7,34359738386,2,47,231,47,231,True
2,34359738386,2,47,231,47,231,True
2,17179869243,1,0,0,0,0,True
7,34359738387,1,0,0,0,0,True
5,17179869243,1,0,0,0,0,True
2,17179869243,2,0,0,0,0,True
2,34359738387,1,0,0,0,0,True
7,34359738387,2,47,231,47,231,True
5,17179869243,2,47,231,47,231,True
2,17179869243,3,47,231,47,231,True
2,34359738387,2,47,231,47,231,True
2,34359738387,3,0,0,0,0,True
1,17179869243,1,47,231,47,231,True
1,21474836569,1,0,0,0,0,True
4,21474836569,1,0,0,0,0,True
4,21474836569,2,47,357,47,357,True
8,8589934627,1,0,0,0,0,True
1,21474836569,2,47,431,47,431,True
4,8589934627,1,0,0,0,0,True
4,21474836569,3,0,74,0,74,True
3,21474836569,1,47,432,47,432,True
8,8589934627,2,47,51,47,51,True
4,8589934627,2,47,153,47,153,True
3,4294967394,1,0,0,0,0,True
5,4294967394,1,0,0,0,0,True
4,4294967394,1,47,126,47,126,True
4,8589934627,3,0,278,0,278,True
8,8589934627,3,0,380,0,380,True
8,30064771078,1,47,228,47,228,True
3,4294967394,2,47,231,47,231,True
5,4294967394,2,47,231,47,231,True
4,4294967394,2,0,105,0,105,True
8,30064771078,2,0,203,0,203,True
1,21474836570,1,0,0,0,0,True
4,21474836570,1,0,0,0,0,True
3,21474836570,1,0,0,0,0,True
1,21474836570,2,47,431,47,431,True
4,21474836570,2,47,431,47,431,True
3,21474836570,2,47,432,47,432,True
1,21474836571,1,0,0,0,0,True
4,21474836571,1,0,0,0,0,True
3,21474836571,1,0,0,0,0,True
1,21474836571,2,47,431,47,431,True
4,21474836571,2,47,431,47,431,True
3,21474836571,2,47,432,47,432,True
7,34359738388,1,0,0,0,0,True
2,34359738388,1,0,0,0,0,True
7,34359738388,2,47,231,47,231,True
2,34359738388,2,47,231,47,231,True
1,12884901964,1,0,0,0,0,True
5,12884901964,1,0,0,0,0,True
1,12884901964,2,47,231,47,231,True
5,12884901964,2,47,231,47,231,True
8,30064771079,1,0,0,0,0,True
8,30064771079,2,47,231,47,231,True
3,4294967395,1,0,0,0,0,True
5,4294967395,1,0,0,0,0,True
7,34359738389,1,0,0,0,0,True
2,34359738389,1,0,0,0,0,True
3,4294967395,2,47,231,47,231,True
5,4294967395,2,47,231,47,231,True
4,4294967395,1,47,231,47,231,True
1,21474836572,1,0,0,0,0,True
4,21474836572,1,0,0,0,0,True
3,21474836572,1,0,0,0,0,True
1,21474836572,2,47,431,47,431,True
4,21474836572,2,47,431,47,431,True
3,21474836572,2,47,432,47,432,True
1,21474836573,1,0,0,0,0,True
4,21474836573,1,0,0,0,0,True
3,21474836573,1,0,0,0,0,True
7,34359738389,2,47,1215,47,1215,True
2,34359738389,2,47,1215,47,1215,True
1,21474836573,2,47,231,47,231,True
4,21474836573,2,47,231,47,231,True
3,21474836573,2,47,231,47,231,True
4,8589934628,1,0,0,0,0,True
8,8589934628,1,0,0,0,0,True
8,8589934628,2,0,0,0,0,True
8,8589934628,3,47,533,47,533,True
8,30064771080,1,47,432,47,432,True
1,12884901965,1,0,0,0,0,True
5,12884901965,1,0,0,0,0,True
4,8589934628,2,47,791,47,791,True
8,8589934628,4,0,258,0,258,True
1,12884901965,2,47,231,47,231,True
5,12884901965,2,47,231,47,231,True
7,34359738390,1,0,0,0,0,True
2,34359738390,1,0,0,0,0,True
1,12884901966,1,0,0,0,0,True
5,12884901966,1,0,0,0,0,True
1,12884901966,2,47,231,47,231,True
5,12884901966,2,47,231,47,231,True
2,34359738390,2,47,357,47,357,True
5,17179869244,1,0,0,0,0,True
5,17179869244,2,47,153,47,153,True
3,4294967396,1,0,0,0,0,True
5,4294967396,1,0,0,0,0,True
5,17179869244,3,0,78,0,78,True
2,17179869244,1,47,231,47,231,True
2,34359738390,3,0,383,0,383,True
1,17179869244,1,47,231,47,231,True
3,4294967396,2,47,231,47,231,True
5,4294967396,2,47,231,47,231,True
4,4294967396,1,47,231,47,231,True
7,34359738390,2,47,1136,47,1136,True
2,34359738390,4,0,394,0,394,True
7,34359738391,1,0,0,0,0,True
2,34359738391,1,0,0,0,0,True
2,34359738391,2,47,255,47,255,True
5,17179869245,1,0,0,0,0,True
5,17179869245,2,0,0,0,0,True
3,4294967397,1,0,0,0,0,True
7,34359738391,2,47,432,47,432,True
2,17179869245,1,47,24,47,24,True
2,34359738391,3,0,176,0,176,True
5,4294967397,1,47,130,47,130,True
5,17179869245,3,47,231,47,231,True
2,17179869245,2,0,207,0,207,True
1,17179869245,1,47,231,47,231,True
8,30064771081,1,0,0,0,0,True
3,4294967397,2,47,231,47,231,True
5,4294967397,2,0,101,0,101,True
4,4294967397,1,47,231,47,231,True
8,30064771081,2,47,631,47,631,True
8,30064771082,1,0,0,0,0,True
5,17179869246,1,0,0,0,0,True
2,17179869246,1,0,0,0,0,True
5,17179869246,2,47,231,47,231,True
2,17179869246,2,47,231,47,231,True
1,17179869246,1,47,231,47,231,True
1,12884901967,1,0,0,0,0,True
5,12884901967,1,0,0,0,0,True
8,30064771082,2,47,561,47,561,True
4,8589934629,1,0,0,0,0,True
8,8589934629,1,22,0,22,0,True
8,30064771082,3,0,126,0,126,True
1,12884901967,2,47,231,47,231,True
5,12884901967,2,47,231,47,231,True
4,8589934629,2,47,231,47,231,True
8,8589934629,2,25,231,25,231,True
5,17179869247,1,0,0,0,0,True
2,17179869247,1,0,0,0,0,True
2,17179869247,2,0,0,0,0,True
7,34359738392,1,0,0,0,0,True
5,17179869247,2,47,231,47,231,True
2,17179869247,3,47,231,47,231,True
2,34359738392,1,0,0,0,0,True
1,17179869247,1,47,231,47,231,True
2,34359738392,2,0,0,0,0,True
1,12884901968,1,0,0,0,0,True
5,12884901968,1,0,0,0,0,True
1,12884901968,2,47,231,47,231,True
5,12884901968,2,47,231,47,231,True
2,34359738392,3,0,0,0,0,True
5,17179869248,1,0,0,0,0,True
5,17179869248,2,47,231,47,231,True
2,17179869248,1,47,231,47,231,True
2,34359738392,4,0,0,0,0,True
1,17179869248,1,47,231,47,231,True
7,34359738392,2,48,1191,48,1191,True
2,34359738392,5,48,1191,48,1191,True
4,8589934630,1,0,0,0,0,True
8,8589934630,1,0,0,0,0,True
4,8589934630,2,47,431,47,431,True
8,8589934630,2,47,432,47,432,True
8,30064771083,1,0,0,0,0,True
8,30064771083,2,47,1327,47,1327,True
4,8589934631,1,0,0,0,0,True
8,8589934631,1,0,0,0,0,True
4,8589934631,2,47,431,47,431,True
8,8589934631,2,47,432,47,432,True
7,34359738393,1,0,0,0,0,True
2,34359738393,1,0,0,0,0,True
7,34359738393,2,47,1936,47,1936,True
2,34359738393,2,47,1936,47,1936,True
8,30064771084,1,0,0,0,0,True
8,30064771084,2,47,631,47,631,True
4,8589934632,1,0,0,0,0,True
8,8589934632,1,0,0,0,0,True
4,8589934632,2,47,431,47,431,True
8,8589934632,2,47,432,47,432,True
8,30064771085,1,0,0,0,0,True
8,30064771085,2,47,432,47,432,True
7,34359738394,1,0,0,0,0,True
2,34359738394,1,0,0,0,0,True
7,34359738394,2,47,1519,47,1519,True
2,34359738394,2,47,1519,47,1519,True
4,8589934633,1,0,0,0,0,True
8,8589934633,1,0,0,0,0,True
4,8589934633,2,47,943,47,943,True
8,8589934633,2,47,944,47,944,True
8,30064771086,1,0,0,0,0,True
8,30064771086,2,0,0,0,0,True
4,8589934634,1,0,0,0,0,True
8,8589934634,1,47,330,47,330,True
8,30064771086,3,47,432,47,432,True
4,8589934634,2,47,431,47,431,True
8,8589934634,2,0,101,0,101,True
5,17179869249,1,0,0,0,0,True
2,17179869249,1,0,0,0,0,True
2,17179869249,2,47,255,47,255,True
7,34359738395,1,0,0,0,0,True
5,17179869249,2,47,567,47,567,True
2,17179869249,3,0,312,0,312,True
2,34359738395,1,47,160,47,160,True
1,17179869249,1,47,567,47,567,True
7,34359738395,2,47,1031,47,1031,True
2,34359738395,2,0,871,0,871,True
4,8589934635,1,0,0,0,0,True
8,8589934635,1,0,0,0,0,True
8,8589934635,2,47,153,47,153,True
4,8589934635,2,47,431,47,431,True
8,8589934635,3,0,278,0,278,True
8,30064771087,1,47,126,47,126,True
8,30064771087,2,0,305,0,305,True
7,34359738396,1,0,0,0,0,True
2,34359738396,1,0,0,0,0,True
2,34359738396,2,47,153,47,153,True
5,17179869250,1,0,0,0,0,True
5,17179869250,2,47,231,47,231,True
2,17179869250,1,47,231,47,231,True
2,34359738396,3,0,383,0,383,True
1,17179869250,1,47,231,47,231,True
7,34359738396,2,47,1031,47,1031,True
2,34359738396,4,0,494,0,494,True
5,17179869251,1,0,0,0,0,True
2,17179869251,1,0,0,0,0,True
5,17179869251,2,47,231,47,231,True
2,17179869251,2,47,231,47,231,True
1,17179869251,1,47,231,47,231,True
1,21474836574,1,0,0,0,0,True
4,21474836574,1,0,0,0,0,True
3,21474836574,1,0,0,0,0,True
1,21474836574,2,47,591,47,591,True
4,21474836574,2,47,591,47,591,True
3,21474836574,2,47,591,47,591,True
3,4294967398,1,0,0,0,0,True
5,4294967398,1,0,0,0,0,True
8,30064771088,1,0,0,0,0,True
8,30064771088,2,47,231,47,231,True
7,34359738397,1,0,0,0,0,True
2,34359738397,1,0,0,0,0,True
3,4294967398,2,47,615,47,615,True
5,4294967398,2,47,615,47,615,True
4,4294967398,1,47,615,47,615,True
7,34359738397,2,47,631,47,631,True
2,34359738397,2,47,631,47,631,True
5,17179869252,1,0,0,0,0,True
2,17179869252,1,0,0,0,0,True
5,17179869252,2,47,431,47,431,True
2,17179869252,2,47,431,47,431,True
1,17179869252,1,47,431,47,431,True
8,30064771089,1,0,0,0,0,True
8,8589934636,1,0,0,0,0,True
8,30064771089,2,0,0,0,0,True
4,8589934636,1,0,0,0,0,True
8,8589934636,2,47,231,47,231,True
8,30064771089,3,47,231,47,231,True
4,8589934636,2,47,255,47,255,True
3,4294967399,1,0,0,0,0,True
5,4294967399,1,0,0,0,0,True
4,4294967399,1,47,24,47,24,True
4,8589934636,3,0,176,0,176,True
8,8589934636,3,0,200,0,200,True
7,34359738398,1,0,0,0,0,True
2,34359738398,1,0,0,0,0,True
5,4294967399,2,47,153,47,153,True
2,34359738398,2,0,0,0,0,True
3,4294967399,2,47,231,47,231,True
5,4294967399,3,0,78,0,78,True
5,17179869253,1,0,0,0,0,True
4,4294967399,2,0,207,0,207,True
1,17179869253,1,47,51,47,51,True
5,17179869253,2,47,51,47,51,True
1,12884901969,1,0,0,0,0,True
1,17179869253,2,0,52,0,52,True
5,12884901969,1,0,0,0,0,True
5,17179869253,3,0,52,0,52,True
7,34359738398,2,47,231,47,231,True
2,17179869253,1,47,130,47,130,True
2,34359738398,3,47,231,47,231,True
8,8589934637,1,0,0,0,0,True
5,12884901969,2,47,228,47,228,True
5,17179869253,4,0,328,0,328,True
2,17179869253,2,0,301,0,301,True
1,12884901969,2,47,228,47,228,True
1,17179869253,3,0,328,0,328,True
4,8589934637,1,47,431,47,431,True
8,8589934637,2,47,432,47,432,True
1,12884901969,3,0,587,0,587,True
5,12884901969,3,0,587,0,587,True
8,30064771090,1,0,0,0,0,True
1,12884901970,1,0,0,0,0,True
5,12884901970,1,0,0,0,0,True
8,30064771090,2,47,231,47,231,True
1,12884901970,2,47,431,47,431,True
5,12884901970,2,47,432,47,432,True
4,8589934638,1,0,0,0,0,True
8,8589934638,1,0,0,0,0,True
4,8589934638,2,47,231,47,231,True
8,8589934638,2,47,231,47,231,True
7,34359738399,1,0,0,0,0,True
4,8589934639,1,0,0,0,0,True
4,8589934639,2,47,51,47,51,True
1,21474836575,1,0,0,0,0,True
3,21474836575,1,0,0,0,0,True
7,34359738399,2,47,231,47,231,True
4,8589934639,3,0,180,0,180,True
4,21474836575,1,47,28,47,28,True
2,34359738399,1,47,231,47,231,True
8,8589934639,1,47,231,47,231,True
1,21474836575,2,47,52,47,52,True
2,17179869254,1,0,0,0,0,True
5,17179869254,1,47,231,47,231,True
2,17179869254,2,47,231,47,231,True
1,17179869254,1,47,231,47,231,True
1,21474836575,3,0,383,0,383,True
1,21474836575,4,0,195,0,195,True
4,21474836575,2,0,603,0,603,True
3,21474836575,2,47,631,47,631,True
5,4294967400,1,0,0,0,0,True
3,4294967400,1,0,0,0,0,True
5,4294967400,2,0,0,0,0,True
5,17179869255,1,0,0,0,0,True
2,17179869255,1,0,0,0,0,True
5,4294967400,3,47,232,47,232,True
5,17179869255,2,47,231,47,231,True
2,17179869255,2,47,231,47,231,True
1,17179869255,1,47,231,47,231,True
7,34359738400,1,0,0,0,0,True
2,34359738400,1,0,0,0,0,True
3,4294967400,2,47,431,47,431,True
5,4294967400,4,0,199,0,199,True
4,4294967400,1,47,431,47,431,True
3,4294967401,1,0,0,0,0,True
5,4294967401,1,0,0,0,0,True
3,4294967401,2,47,431,47,431,True
5,4294967401,2,47,431,47,431,True
4,4294967401,1,47,431,47,431,True
2,34359738400,2,0,0,0,0,True
5,17179869256,1,0,0,0,0,True
1,17179869256,1,47,153,47,153,True
5,17179869256,2,47,153,47,153,True
1,12884901971,1,0,0,0,0,True
1,17179869256,2,0,52,0,52,True
5,12884901971,1,0,0,0,0,True
5,17179869256,3,0,78,0,78,True
2,17179869256,1,47,231,47,231,True
2,34359738400,3,0,0,0,0,True
1,12884901971,2,0,0,0,0,True
1,17179869256,3,0,26,0,26,True
1,12884901971,3,47,357,47,357,True
4,21474836576,1,0,0,0,0,True
1,12884901971,4,0,74,0,74,True
1,21474836576,1,0,0,0,0,True
5,12884901971,2,47,432,47,432,True
1,21474836576,2,47,631,47,631,True
4,21474836576,2,47,631,47,631,True
3,21474836576,1,47,631,47,631,True
1,12884901972,1,0,0,0,0,True
5,12884901972,1,0,0,0,0,True
1,12884901972,2,47,431,47,431,True
5,12884901972,2,47,432,47,432,True
3,4294967402,1,0,0,0,0,True
5,4294967402,1,0,0,0,0,True
3,4294967402,2,47,431,47,431,True
5,4294967402,2,47,431,47,431,True
4,4294967402,1,47,431,47,431,True
1,12884901973,1,0,0,0,0,True
5,12884901973,1,0,0,0,0,True
1,12884901973,2,47,431,47,431,True
5,12884901973,2,47,432,47,432,True
1,21474836577,1,0,0,0,0,True
4,21474836577,1,0,0,0,0,True
3,21474836577,1,0,0,0,0,True
1,21474836577,2,47,631,47,631,True
4,21474836577,2,47,631,47,631,True
3,21474836577,2,47,631,47,631,True
7,34359738400,2,48,184,48,184,True
2,34359738400,4,48,184,48,184,True
3,4294967403,1,0,0,0,0,True
5,4294967403,1,0,0,0,0,True
3,4294967403,2,47,231,47,231,True
5,4294967403,2,47,231,47,231,True
4,4294967403,1,47,231,47,231,True
1,21474836578,1,0,0,0,0,True
4,21474836578,1,0,0,0,0,True
3,21474836578,1,0,0,0,0,True
1,21474836578,2,47,631,47,631,True
4,21474836578,2,47,631,47,631,True
3,21474836578,2,47,631,47,631,True
3,4294967404,1,0,0,0,0,True
5,4294967404,1,0,0,0,0,True
3,4294967404,2,47,231,47,231,True
5,4294967404,2,47,231,47,231,True
4,4294967404,1,47,231,47,231,True
1,21474836579,1,0,0,0,0,True
4,21474836579,1,0,0,0,0,True
3,21474836579,1,0,0,0,0,True
1,21474836579,2,47,431,47,431,True
4,21474836579,2,47,431,47,431,True
3,21474836579,2,47,432,47,432,True
7,34359738401,1,0,0,0,0,True
2,34359738401,1,0,0,0,0,True
7,34359738401,2,47,783,47,783,True
2,34359738401,2,47,783,47,783,True
4,8589934640,1,0,0,0,0,True
8,8589934640,1,0,0,0,0,True
8,8589934640,2,47,663,47,663,True
4,8589934640,2,47,1703,47,1703,True
8,8589934640,3,0,1040,0,1040,True
8,30064771091,1,0,0,0,0,True
8,30064771091,2,0,0,0,0,True
8,30064771091,3,0,0,0,0,True
4,8589934641,1,0,0,0,0,True
4,8589934641,2,47,231,47,231,True
8,8589934641,1,47,231,47,231,True
8,30064771091,4,0,0,0,0,True
8,30064771091,5,0,0,0,0,True
4,8589934642,1,0,0,0,0,True
4,8589934642,2,47,231,47,231,True
8,8589934642,1,47,231,47,231,True
8,30064771091,6,0,0,0,0,True
8,30064771091,7,0,0,0,0,True
4,8589934643,1,0,0,0,0,True
4,8589934643,2,47,231,47,231,True
8,8589934643,1,47,231,47,231,True
8,30064771091,8,0,0,0,0,True
8,30064771091,9,48,903,48,903,True
4,8589934644,1,0,0,0,0,True
8,8589934644,1,0,0,0,0,True
4,8589934644,2,47,231,47,231,True
8,8589934644,2,47,231,47,231,True
8,30064771092,1,0,0,0,0,True
8,30064771092,2,47,231,47,231,True
7,34359738402,1,0,0,0,0,True
2,34359738402,1,0,0,0,0,True
7,34359738402,2,47,1399,47,1399,True
2,34359738402,2,47,1399,47,1399,True
8,30064771093,1,0,0,0,0,True
8,30064771093,2,47,561,47,561,True
4,8589934645,1,0,0,0,0,True
4,8589934645,2,47,231,47,231,True
8,8589934645,1,47,231,47,231,True
8,30064771093,3,0,383,0,383,True
8,30064771093,4,0,622,0,622,True
7,34359738403,1,0,0,0,0,True
2,34359738403,1,0,0,0,0,True
7,34359738403,2,47,631,47,631,True
2,34359738403,2,47,631,47,631,True
8,30064771094,1,0,0,0,0,True
8,30064771094,2,47,631,47,631,True
4,8589934646,1,0,0,0,0,True
8,8589934646,1,0,0,0,0,True
4,8589934646,2,47,231,47,231,True
8,8589934646,2,47,231,47,231,True
8,30064771095,1,0,0,0,0,True
8,30064771095,2,47,153,47,153,True
4,8589934647,1,0,0,0,0,True
4,8589934647,2,47,231,47,231,True
8,8589934647,1,47,231,47,231,True
8,30064771095,3,0,383,0,383,True
8,30064771095,4,0,94,0,94,True
7,34359738404,1,0,0,0,0,True
2,34359738404,1,0,0,0,0,True
7,34359738404,2,47,631,47,631,True
2,34359738404,2,47,631,47,631,True
7,34359738405,1,0,0,0,0,True
2,34359738405,1,0,0,0,0,True
7,34359738405,2,47,631,47,631,True
2,34359738405,2,47,631,47,631,True
8,30064771096,1,0,0,0,0,True
8,30064771096,2,47,432,47,432,True
4,8589934648,1,0,0,0,0,True
8,8589934648,1,0,0,0,0,True
4,8589934648,2,47,231,47,231,True
8,8589934648,2,47,231,47,231,True
4,8589934649,1,0,0,0,0,True
8,8589934649,1,0,0,0,0,True
4,8589934649,2,47,231,47,231,True
8,8589934649,2,47,231,47,231,True
8,30064771097,1,0,0,0,0,True
8,30064771097,2,47,432,47,432,True
7,34359738406,1,0,0,0,0,True
2,34359738406,1,0,0,0,0,True
7,34359738406,2,47,631,47,631,True
2,34359738406,2,47,631,47,631,True
7,34359738407,1,0,0,0,0,True
2,34359738407,1,0,0,0,0,True
7,34359738407,2,47,231,47,231,True
2,34359738407,2,47,231,47,231,True
8,30064771098,1,0,0,0,0,True
8,30064771098,2,48,184,48,184,True
8,30064771099,1,0,0,0,0,True
8,30064771099,2,48,184,48,184,True
8,30064771100,1,0,0,0,0,True
8,30064771100,2,47,656,47,656,True
7,34359738408,1,0,0,0,0,True
2,34359738408,1,0,0,0,0,True
7,34359738408,2,47,1775,47,1775,True
2,34359738408,2,47,1775,47,1775,True
8,30064771101,1,0,0,0,0,True
8,30064771101,2,47,1303,47,1303,True
7,34359738409,1,0,0,0,0,True
2,34359738409,1,0,0,0,0,True
7,34359738409,2,47,432,47,432,True
2,34359738409,2,47,432,47,432,True
7,34359738410,1,0,0,0,0,True
2,34359738410,1,0,0,0,0,True
7,34359738410,2,47,432,47,432,True
2,34359738410,2,47,432,47,432,True
8,30064771102,1,0,0,0,0,True
8,30064771102,2,47,231,47,231,True
8,30064771103,1,0,0,0,0,True
8,30064771103,2,47,231,47,231,True
8,30064771104,1,0,0,0,0,True
8,30064771104,2,47,231,47,231,True
7,34359738411,1,0,0,0,0,True
2,34359738411,1,0,0,0,0,True
7,34359738411,2,47,432,47,432,True
2,34359738411,2,47,432,47,432,True
8,30064771105,1,0,0,0,0,True
8,30064771105,2,47,231,47,231,True
7,34359738412,1,0,0,0,0,True
2,34359738412,1,0,0,0,0,True
7,34359738412,2,47,432,47,432,True
2,34359738412,2,47,432,47,432,True
7,34359738413,1,0,0,0,0,True
2,34359738413,1,0,0,0,0,True
7,34359738413,2,47,231,47,231,True
2,34359738413,2,47,231,47,231,True
1,21474836580,1,0,0,0,0,True
3,21474836580,1,0,0,0,0,True
4,21474836580,1,0,0,0,0,True
1,21474836580,2,48,279,48,279,True
4,21474836580,2,48,279,48,279,True
3,21474836580,2,48,279,48,279,True
5,4294967405,1,0,0,0,0,True
3,4294967405,1,48,279,48,279,True
5,4294967405,2,48,279,48,279,True
4,4294967405,1,48,279,48,279,True
5,17179869257,1,0,0,0,0,True
5,17179869257,2,48,279,48,279,True
2,17179869257,1,48,279,48,279,True
1,17179869257,1,48,279,48,279,True
4,8589934650,1,0,0,0,0,True
8,8589934650,1,0,0,0,0,True
4,8589934650,2,48,279,48,279,True
8,8589934650,2,48,279,48,279,True
8,30064771106,1,0,0,0,0,True
8,30064771106,2,48,279,48,279,True
7,34359738414,1,0,0,0,0,True
2,34359738414,1,0,0,0,0,True
7,34359738414,2,48,279,48,279,True
2,34359738414,2,48,279,48,279,True
2,17179869258,1,0,0,0,0,True
5,17179869258,1,0,0,0,0,True
5,17179869258,2,48,279,48,279,True
2,17179869258,2,48,279,48,279,True
1,17179869258,1,48,279,48,279,True
4,8589934651,1,0,0,0,0,True
4,8589934651,2,48,279,48,279,True
8,8589934651,1,48,279,48,279,True
7,34359738415,1,0,0,0,0,True
2,34359738415,1,0,0,0,0,True
7,34359738415,2,48,279,48,279,True
2,34359738415,2,48,279,48,279,True
8,30064771107,1,0,0,0,0,True
8,30064771107,2,48,279,48,279,True
4,8589934652,1,0,0,0,0,True
8,8589934652,1,0,0,0,0,True
4,8589934652,2,48,279,48,279,True
8,8589934652,2,48,280,48,280,True
7,34359738416,1,0,0,0,0,True
2,34359738416,1,0,0,0,0,True
7,34359738416,2,48,279,48,279,True
2,34359738416,2,48,279,48,279,True
8,30064771108,1,0,0,0,0,True
8,30064771108,2,48,279,48,279,True
8,30064771109,1,0,0,0,0,True
8,30064771109,2,48,1767,48,1767,True
5,12884901974,1,0,0,0,0,True
1,12884901974,1,0,0,0,0,True
5,12884901974,2,0,0,0,0,True
5,17179869259,1,0,0,0,0,True
2,17179869259,1,0,0,0,0,True
2,17179869259,2,0,0,0,0,True
7,34359738417,1,0,0,0,0,True
7,34359738417,2,48,359,48,359,True
2,17179869259,3,0,0,0,0,True
2,34359738417,1,48,359,48,359,True
2,17179869259,4,0,0,0,0,True
7,34359738418,1,0,0,0,0,True
7,34359738418,2,48,359,48,359,True
2,17179869259,5,0,0,0,0,True
2,34359738418,1,48,359,48,359,True
2,17179869259,6,0,0,0,0,True
7,34359738419,1,0,0,0,0,True
7,34359738419,2,48,359,48,359,True
2,17179869259,7,0,0,0,0,True
2,34359738419,1,48,359,48,359,True
8,30064771110,1,0,0,0,0,True
8,30064771110,2,48,1767,48,1767,True
2,17179869259,8,0,0,0,0,True
7,34359738420,1,0,0,0,0,True
7,34359738420,2,48,359,48,359,True
2,17179869259,9,0,0,0,0,True
2,34359738420,1,48,359,48,359,True
1,12884901974,2,0,0,0,0,True
1,17179869259,1,0,0,0,0,True
8,30064771111,1,0,0,0,0,True
1,12884901974,3,48,1767,48,1767,True
1,17179869259,2,48,1563,48,1563,True
5,12884901974,3,48,1767,48,1767,True
5,17179869259,2,48,1564,48,1564,True
5,17179869259,3,0,203,0,203,True
2,17179869259,10,48,1767,48,1767,True
1,17179869259,3,0,204,0,204,True
8,30064771111,2,48,1581,48,1581,True
4,8589934653,1,0,0,0,0,True
8,8589934653,1,48,34,48,34,True
8,30064771111,3,0,186,0,186,True
7,34359738421,1,0,0,0,0,True
4,8589934653,2,48,867,48,867,True
7,34359738421,2,48,359,48,359,True
2,34359738421,1,48,359,48,359,True
1,21474836581,1,0,0,0,0,True
3,21474836581,1,0,0,0,0,True
1,21474836581,2,48,359,48,359,True
4,8589934653,3,0,512,0,512,True
4,21474836581,1,48,359,48,359,True
3,21474836581,2,48,359,48,359,True
4,8589934653,4,0,388,0,388,True
8,8589934653,2,0,1733,0,1733,True
7,34359738422,1,0,0,0,0,True
2,34359738422,1,0,0,0,0,True
7,34359738422,2,48,359,48,359,True
2,34359738422,2,48,359,48,359,True
3,4294967406,1,0,0,0,0,True
5,4294967406,1,0,0,0,0,True
8,30064771112,1,0,0,0,0,True
3,4294967406,2,48,359,48,359,True
5,4294967406,2,48,359,48,359,True
4,4294967406,1,48,359,48,359,True
1,12884901975,1,0,0,0,0,True
5,12884901975,1,0,0,0,0,True
5,12884901975,2,48,51,48,51,True
1,12884901975,2,48,52,48,52,True
2,17179869260,1,0,0,0,0,True
5,12884901975,3,0,512,0,512,True
5,17179869260,1,48,359,48,359,True
2,17179869260,2,48,359,48,359,True
1,12884901975,3,0,512,0,512,True
1,17179869260,1,48,359,48,359,True
8,30064771112,2,48,1767,48,1767,True
7,34359738423,1,0,0,0,0,True
2,34359738423,1,0,0,0,0,True
7,34359738423,2,48,359,48,359,True
2,34359738423,2,48,359,48,359,True
1,12884901975,4,0,1203,0,1203,True
5,12884901975,4,0,1204,0,1204,True
4,8589934654,1,0,0,0,0,True
8,8589934654,1,0,0,0,0,True
4,8589934654,2,48,51,48,51,True
3,4294967407,1,0,0,0,0,True
5,4294967407,1,0,0,0,0,True
8,8589934654,2,48,459,48,459,True
3,4294967407,2,48,359,48,359,True
5,4294967407,2,48,359,48,359,True
4,4294967407,1,48,359,48,359,True
4,8589934654,3,0,511,0,511,True
4,8589934654,4,0,303,0,303,True
1,21474836582,1,0,0,0,0,True
3,21474836582,1,0,0,0,0,True
1,21474836582,2,48,359,48,359,True
4,8589934654,5,0,512,0,512,True
4,21474836582,1,48,359,48,359,True
3,21474836582,2,48,359,48,359,True
4,8589934654,6,0,388,0,388,True
8,8589934654,3,0,1308,0,1308,True
8,30064771113,1,48,1156,48,1156,True
2,34359738424,1,0,0,0,0,True
8,30064771113,2,0,611,0,611,True
7,34359738424,1,48,359,48,359,True
2,34359738424,2,48,359,48,359,True
5,17179869261,1,0,0,0,0,True
1,12884901976,1,0,0,0,0,True
1,12884901976,2,0,0,0,0,True
1,17179869261,1,0,0,0,0,True
8,30064771114,1,0,0,0,0,True
5,12884901976,1,0,0,0,0,True
5,17179869261,2,0,0,0,0,True
2,17179869261,1,0,0,0,0,True
5,12884901976,2,48,359,48,359,True
5,17179869261,3,48,359,48,359,True
2,17179869261,2,48,359,48,359,True
1,12884901976,3,48,360,48,360,True
1,17179869261,2,48,359,48,359,True
8,30064771114,2,48,561,48,561,True
4,8589934655,1,0,0,0,0,True
1,12884901976,4,0,813,0,813,True
4,8589934655,2,48,459,48,459,True
1,12884901976,5,0,511,0,511,True
1,21474836583,1,48,359,48,359,True
4,8589934655,3,0,512,0,512,True
4,21474836583,1,48,359,48,359,True
3,21474836583,1,48,359,48,359,True
1,12884901976,6,0,82,0,82,True
8,8589934655,1,48,1054,48,1054,True
8,30064771114,3,0,1206,0,1206,True
5,12884901976,3,0,1408,0,1408,True
4,8589934655,4,0,201,0,201,True
3,4294967408,1,0,0,0,0,True
4,8589934655,5,0,0,0,0,True
4,21474836584,1,0,0,0,0,True
3,4294967408,2,0,0,0,0,True
3,21474836584,1,0,0,0,0,True
3,4294967408,3,48,359,48,359,True
3,21474836584,2,48,359,48,359,True
5,4294967408,1,48,359,48,359,True
1,21474836584,1,48,359,48,359,True
4,4294967408,1,48,359,48,359,True
4,8589934655,6,0,511,0,511,True
4,21474836584,2,48,359,48,359,True
3,21474836584,3,0,0,0,0,True
4,4294967408,2,0,0,0,0,True
4,8589934655,7,0,0,0,0,True
4,8589934655,8,0,82,0,82,True
8,8589934655,2,0,713,0,713,True
1,21474836585,1,0,0,0,0,True
4,21474836585,1,0,0,0,0,True
3,21474836585,1,0,0,0,0,True
1,21474836585,2,48,359,48,359,True
4,21474836585,2,48,359,48,359,True
3,21474836585,2,48,359,48,359,True
7,34359738425,1,0,0,0,0,True
2,34359738425,1,0,0,0,0,True
2,34359738425,2,48,153,48,153,True
5,17179869262,1,0,0,0,0,True
7,34359738425,2,48,359,48,359,True
2,17179869262,1,48,54,48,54,True
2,34359738425,3,0,206,0,206,True
5,17179869262,2,48,359,48,359,True
2,17179869262,2,0,305,0,305,True
1,17179869262,1,48,359,48,359,True
3,4294967409,1,0,0,0,0,True
5,4294967409,1,0,0,0,0,True
3,4294967409,2,48,359,48,359,True
5,4294967409,2,48,359,48,359,True
4,4294967409,1,48,359,48,359,True
8,30064771115,1,0,0,0,0,True
1,12884901977,1,0,0,0,0,True
5,12884901977,1,0,0,0,0,True
5,12884901977,2,48,1377,48,1377,True
1,12884901977,2,48,1377,48,1377,True
2,17179869263,1,0,0,0,0,True
8,30064771115,2,48,1767,48,1767,True
1,12884901977,3,0,390,0,390,True
1,17179869263,1,48,238,48,238,True
5,12884901977,3,0,390,0,390,True
5,17179869263,1,48,238,48,238,True
1,17179869263,2,0,17,0,17,True
5,17179869263,2,0,17,0,17,True
1,12884901978,1,0,0,0,0,True
1,17179869263,3,0,52,0,52,True
5,12884901978,1,0,0,0,0,True
5,17179869263,3,0,51,0,51,True
5,12884901978,2,0,0,0,0,True
5,17179869263,4,0,52,0,52,True
2,17179869263,2,48,359,48,359,True
1,12884901978,2,0,0,0,0,True
1,17179869263,4,0,52,0,52,True
7,34359738426,1,0,0,0,0,True
2,34359738426,1,0,0,0,0,True
7,34359738426,2,48,359,48,359,True
2,34359738426,2,48,359,48,359,True
8,30064771116,1,0,0,0,0,True
5,12884901978,3,47,1683,47,1683,True
1,12884901978,3,47,1683,47,1683,True
2,17179869264,1,0,0,0,0,True
1,12884901978,4,0,84,0,84,True
1,17179869264,1,0,0,0,0,True
5,12884901978,4,0,84,0,84,True
5,17179869264,1,0,0,0,0,True
5,17179869264,2,48,359,48,359,True
2,17179869264,2,48,359,48,359,True
1,17179869264,2,48,359,48,359,True
5,17179869265,1,0,0,0,0,True
2,17179869265,1,0,0,0,0,True
8,30064771116,2,48,1767,48,1767,True
5,17179869265,2,48,359,48,359,True
2,17179869265,2,48,359,48,359,True
1,17179869265,1,48,359,48,359,True
5,4294967410,1,0,0,0,0,True
3,4294967410,1,0,0,0,0,True
5,4294967410,2,0,0,0,0,True
5,17179869266,1,0,0,0,0,True
2,17179869266,1,0,0,0,0,True
3,4294967410,2,48,359,48,359,True
5,4294967410,3,48,359,48,359,True
5,17179869266,2,48,359,48,359,True
5,17179869266,3,0,0,0,0,True
2,17179869266,2,48,359,48,359,True
4,4294967410,1,48,359,48,359,True
1,17179869266,1,48,359,48,359,True
1,21474836586,1,0,0,0,0,True
4,21474836586,1,0,0,0,0,True
3,21474836586,1,0,0,0,0,True
8,30064771117,1,0,0,0,0,True
4,21474836586,2,48,357,48,357,True
8,30064771117,2,48,255,48,255,True
1,21474836586,2,48,1767,48,1767,True
4,8589934656,1,48,1258,48,1258,True
4,21474836586,3,0,1410,0,1410,True
3,21474836586,2,48,1767,48,1767,True
8,8589934656,1,48,1360,48,1360,True
8,30064771117,3,0,1512,0,1512,True
7,34359738427,1,0,0,0,0,True
1,12884901979,1,0,0,0,0,True
4,8589934656,2,0,509,0,509,True
8,8589934656,2,0,407,0,407,True
7,34359738427,2,48,359,48,359,True
2,34359738427,1,48,359,48,359,True
8,30064771118,1,0,0,0,0,True
8,30064771118,2,48,255,48,255,True
4,8589934657,1,0,0,0,0,True
1,12884901979,2,48,1767,48,1767,True
5,12884901979,1,48,1767,48,1767,True
4,8589934657,2,48,765,48,765,True
3,4294967411,1,0,0,0,0,True
5,4294967411,1,0,0,0,0,True
8,8589934657,1,48,1360,48,1360,True
8,30064771118,3,0,1512,0,1512,True
3,4294967411,2,48,687,48,687,True
5,4294967411,2,48,687,48,687,True
4,4294967411,1,48,687,48,687,True
4,8589934657,3,0,840,0,840,True
4,8589934657,4,0,162,0,162,True
8,8589934657,2,0,407,0,407,True
3,4294967412,1,0,0,0,0,True
5,4294967412,1,0,0,0,0,True
5,4294967412,2,0,0,0,0,True
2,17179869267,1,0,0,0,0,True
8,30064771119,1,0,0,0,0,True
5,4294967412,3,48,461,48,461,True
5,17179869267,1,48,359,48,359,True
2,17179869267,2,48,359,48,359,True
1,17179869267,1,48,359,48,359,True
3,4294967412,2,48,687,48,687,True
5,4294967412,4,0,226,0,226,True
4,4294967412,1,48,687,48,687,True
5,17179869268,1,0,0,0,0,True
2,17179869268,1,0,0,0,0,True
5,17179869268,2,48,255,48,255,True
3,4294967413,1,0,0,0,0,True
5,4294967413,1,0,0,0,0,True
5,17179869268,3,0,104,0,104,True
2,17179869268,2,48,359,48,359,True
1,17179869268,1,48,359,48,359,True
8,30064771119,2,48,1767,48,1767,True
7,34359738428,1,0,0,0,0,True
2,34359738428,1,0,0,0,0,True
3,4294967413,2,48,687,48,687,True
5,4294967413,2,47,687,47,687,True
4,4294967413,1,48,687,48,687,True
7,34359738428,2,48,359,48,359,True
2,34359738428,2,48,359,48,359,True
4,8589934658,1,0,0,0,0,True
8,8589934658,1,0,0,0,0,True
4,8589934658,2,48,153,48,153,True
3,4294967414,1,0,0,0,0,True
5,4294967414,1,0,0,0,0,True
8,8589934658,2,48,765,48,765,True
3,4294967414,2,48,687,48,687,True
5,4294967414,2,48,687,48,687,True
4,4294967414,1,48,687,48,687,True
4,8589934658,3,0,840,0,840,True
4,8589934658,4,0,281,0,281,True
1,21474836587,1,0,0,0,0,True
3,21474836587,1,0,0,0,0,True
4,8589934658,5,0,492,0,492,True
4,21474836587,1,48,340,48,340,True
8,8589934658,3,0,1002,0,1002,True
8,30064771120,1,48,850,48,850,True
8,30064771120,2,0,917,0,917,True
1,21474836587,2,48,1767,48,1767,True
4,21474836587,2,0,1427,0,1427,True
3,21474836587,2,48,1767,48,1767,True
5,17179869269,1,0,0,0,0,True
2,17179869269,1,0,0,0,0,True
8,30064771121,1,0,0,0,0,True
1,17179869269,1,48,51,48,51,True
5,17179869269,2,48,51,48,51,True
1,12884901980,1,0,0,0,0,True
1,17179869269,2,0,51,0,51,True
5,12884901980,1,48,156,48,156,True
5,17179869269,3,0,308,0,308,True
2,17179869269,2,48,359,48,359,True
1,12884901980,2,48,156,48,156,True
1,17179869269,3,0,256,0,256,True
5,12884901980,2,0,711,0,711,True
1,12884901980,3,0,711,0,711,True
5,12884901980,3,0,52,0,52,True
5,17179869270,1,0,0,0,0,True
2,17179869270,1,0,0,0,0,True
5,12884901980,4,0,460,0,460,True
5,17179869270,2,48,359,48,359,True
2,17179869270,2,48,359,48,359,True
1,12884901980,4,0,512,0,512,True
1,17179869270,1,48,359,48,359,True
8,30064771121,2,48,1767,48,1767,True
1,12884901980,5,0,388,0,388,True
5,12884901980,5,0,388,0,388,True
3,4294967415,1,0,0,0,0,True
5,4294967415,1,0,0,0,0,True
3,4294967415,2,48,687,48,687,True
5,4294967415,2,48,687,48,687,True
4,4294967415,1,48,687,48,687,True
4,8589934659,1,0,0,0,0,True
3,4294967416,1,0,0,0,0,True
5,4294967416,1,0,0,0,0,True
4,4294967416,1,0,0,0,0,True
4,8589934659,2,0,0,0,0,True
8,8589934659,1,0,0,0,0,True
3,4294967416,2,48,687,48,687,True
5,4294967416,2,48,687,48,687,True
4,4294967416,2,48,687,48,687,True
4,8589934659,3,48,688,48,688,True
8,8589934659,2,48,1581,48,1581,True
1,12884901981,1,0,0,0,0,True
5,12884901981,1,0,0,0,0,True
4,8589934659,4,0,1079,0,1079,True
8,8589934659,3,0,186,0,186,True
8,30064771122,1,48,34,48,34,True
2,34359738429,1,0,0,0,0,True
7,34359738429,1,48,359,48,359,True
2,34359738429,2,48,359,48,359,True
5,12884901981,2,48,867,48,867,True
1,12884901981,2,48,867,48,867,True
2,17179869271,1,0,0,0,0,True
5,12884901981,3,0,511,0,511,True
5,17179869271,1,48,359,48,359,True
2,17179869271,2,48,359,48,359,True
1,12884901981,3,0,511,0,511,True
1,17179869271,1,48,359,48,359,True
8,30064771122,2,0,1733,0,1733,True
1,12884901981,4,0,388,0,388,True
5,12884901981,4,0,388,0,388,True
7,34359738430,1,0,0,0,0,True
2,34359738430,1,0,0,0,0,True
7,34359738430,2,48,359,48,359,True
2,34359738430,2,48,359,48,359,True
1,21474836588,1,0,0,0,0,True
4,21474836588,1,0,0,0,0,True
3,21474836588,1,0,0,0,0,True
4,21474836588,2,48,51,48,51,True
8,8589934660,1,0,0,0,0,True
8,8589934660,2,48,867,48,867,True
1,21474836588,2,48,1767,48,1767,True
4,8589934660,1,48,1564,48,1564,True
4,21474836588,3,0,1716,0,1716,True
3,21474836588,2,48,1767,48,1767,True
4,8589934660,2,0,119,0,119,True
3,4294967417,1,0,0,0,0,True
5,4294967417,1,0,0,0,0,True
4,4294967417,1,0,0,0,0,True
4,8589934660,3,0,84,0,84,True
8,8589934660,3,0,900,0,900,True
8,30064771123,1,48,748,48,748,True
5,4294967417,2,48,153,48,153,True
2,17179869272,1,0,0,0,0,True
5,4294967417,3,0,512,0,512,True
5,17179869272,1,48,359,48,359,True
2,17179869272,2,48,359,48,359,True
1,17179869272,1,48,359,48,359,True
3,4294967417,2,48,687,48,687,True
5,4294967417,4,0,22,0,22,True
4,4294967417,2,48,687,48,687,True
8,30064771123,2,0,1019,0,1019,True
8,30064771124,1,0,0,0,0,True
1,12884901982,1,0,0,0,0,True
5,12884901982,1,0,0,0,0,True
5,12884901982,2,48,969,48,969,True
1,12884901982,2,48,969,48,969,True
2,17179869273,1,0,0,0,0,True
5,12884901982,3,0,512,0,512,True
5,17179869273,1,48,359,48,359,True
2,17179869273,2,48,359,48,359,True
1,12884901982,3,0,512,0,512,True
1,17179869273,1,48,359,48,359,True
8,30064771124,2,48,1767,48,1767,True
1,12884901982,4,0,286,0,286,True
5,12884901982,4,0,286,0,286,True
5,17179869274,1,0,0,0,0,True
1,12884901983,1,0,0,0,0,True
1,12884901983,2,0,0,0,0,True
1,17179869274,1,0,0,0,0,True
5,12884901983,1,0,0,0,0,True
5,17179869274,2,0,0,0,0,True
2,17179869274,1,0,0,0,0,True
2,17179869274,2,48,255,48,255,True
7,34359738431,1,0,0,0,0,True
5,12884901983,2,48,359,48,359,True
5,17179869274,3,48,359,48,359,True
2,17179869274,3,0,104,0,104,True
2,34359738431,1,0,0,0,0,True
1,12884901983,3,48,360,48,360,True
1,17179869274,2,48,359,48,359,True
7,34359738431,2,48,359,48,359,True
2,34359738431,2,47,359,47,359,True
5,12884901983,3,0,507,0,507,True
1,12884901983,4,0,507,0,507,True
5,12884901983,4,0,51,0,51,True
5,17179869275,1,0,0,0,0,True
2,17179869275,1,0,0,0,0,True
2,17179869275,2,48,51,48,51,True
7,34359738432,1,0,0,0,0,True
5,12884901983,5,0,460,0,460,True
5,17179869275,2,48,359,48,359,True
2,17179869275,3,0,308,0,308,True
2,34359738432,1,48,156,48,156,True
1,12884901983,5,0,512,0,512,True
1,17179869275,1,48,359,48,359,True
4,8589934661,1,0,0,0,0,True
7,34359738432,2,48,359,48,359,True
2,34359738432,2,0,203,0,203,True
1,12884901983,6,0,388,0,388,True
5,12884901983,6,0,388,0,388,True
4,8589934661,2,48,255,48,255,True
1,21474836589,1,0,0,0,0,True
3,21474836589,1,0,0,0,0,True
7,34359738433,1,0,0,0,0,True
4,8589934661,3,0,1512,0,1512,True
4,21474836589,1,48,1360,48,1360,True
8,8589934661,1,48,1767,48,1767,True
7,34359738433,2,48,359,48,359,True
2,34359738433,1,48,359,48,359,True
8,30064771125,1,0,0,0,0,True
1,21474836589,2,48,1767,48,1767,True
4,21474836589,2,0,407,0,407,True
3,21474836589,2,48,1767,48,1767,True
8,30064771125,2,48,51,48,51,True
4,8589934662,1,0,0,0,0,True
4,8589934662,2,48,255,48,255,True
3,4294967418,1,0,0,0,0,True
5,4294967418,1,0,0,0,0,True
3,4294967418,2,48,687,48,687,True
5,4294967418,2,48,687,48,687,True
4,4294967418,1,48,687,48,687,True
4,8589934662,3,0,840,0,840,True
8,8589934662,1,48,1564,48,1564,True
8,30064771125,3,0,1716,0,1716,True
4,8589934662,4,0,672,0,672,True
8,8589934662,2,0,203,0,203,True
5,17179869276,1,0,0,0,0,True
2,17179869276,1,0,0,0,0,True
5,17179869276,2,48,359,48,359,True
2,17179869276,2,48,359,48,359,True
1,17179869276,1,48,359,48,359,True
1,12884901984,1,0,0,0,0,True
5,12884901984,1,0,0,0,0,True
7,34359738434,1,0,0,0,0,True
2,34359738434,1,0,0,0,0,True
7,34359738434,2,48,359,48,359,True
2,34359738434,2,48,359,48,359,True
8,30064771126,1,0,0,0,0,True
1,12884901984,2,48,1767,48,1767,True
5,12884901984,2,48,1767,48,1767,True
8,30064771126,2,48,153,48,153,True
4,8589934663,1,0,0,0,0,True
1,12884901985,1,0,0,0,0,True
5,12884901985,1,0,0,0,0,True
8,8589934663,1,48,1462,48,1462,True
8,30064771126,3,0,1614,0,1614,True
4,8589934663,2,48,1767,48,1767,True
8,8589934663,2,0,305,0,305,True
1,12884901985,2,48,1767,48,1767,True
5,12884901985,2,48,1767,48,1767,True
4,21474836590,1,0,0,0,0,True
1,21474836590,1,0,0,0,0,True
4,8589934664,1,0,0,0,0,True
4,21474836590,2,0,0,0,0,True
8,8589934664,1,0,0,0,0,True
3,21474836590,1,0,0,0,0,True
8,8589934664,2,48,765,48,765,True
1,21474836590,2,48,1767,48,1767,True
4,8589934664,2,48,1767,48,1767,True
4,21474836590,3,48,1767,48,1767,True
4,8589934664,3,0,0,0,0,True
8,8589934664,3,0,1002,0,1002,True
8,30064771127,1,48,850,48,850,True
3,21474836590,2,48,1767,48,1767,True
3,4294967419,1,0,0,0,0,True
5,4294967419,1,0,0,0,0,True
5,4294967419,2,0,0,0,0,True
2,17179869277,1,0,0,0,0,True
5,4294967419,3,48,461,48,461,True
5,17179869277,1,48,359,48,359,True
2,17179869277,2,48,359,48,359,True
1,17179869277,1,48,359,48,359,True
2,34359738435,1,0,0,0,0,True
3,4294967419,2,48,687,48,687,True
5,4294967419,4,0,226,0,226,True
4,4294967419,1,48,687,48,687,True
8,30064771127,2,0,917,0,917,True
7,34359738435,1,48,359,48,359,True
2,34359738435,2,48,359,48,359,True
4,8589934665,1,0,0,0,0,True
3,4294967420,1,0,0,0,0,True
5,4294967420,1,0,0,0,0,True
4,4294967420,1,0,0,0,0,True
4,8589934665,2,0,0,0,0,True
8,8589934665,1,0,0,0,0,True
8,8589934665,2,48,357,48,357,True
3,4294967420,2,48,687,48,687,True
5,4294967420,2,48,687,48,687,True
4,4294967420,2,48,687,48,687,True
4,8589934665,3,48,688,48,688,True
4,8589934665,4,0,587,0,587,True
3,4294967421,1,0,0,0,0,True
5,4294967421,1,0,0,0,0,True
4,4294967421,1,48,340,48,340,True
4,8589934665,5,0,492,0,492,True
8,8589934665,3,0,1410,0,1410,True
8,30064771128,1,48,1258,48,1258,True
3,4294967421,2,48,687,48,687,True
5,4294967421,2,48,687,48,687,True
4,4294967421,2,0,347,0,347,True
1,21474836591,1,0,0,0,0,True
4,21474836591,1,0,0,0,0,True
8,30064771128,2,0,509,0,509,True
1,21474836591,2,48,357,48,357,True
7,34359738436,1,0,0,0,0,True
2,34359738436,1,0,0,0,0,True
7,34359738436,2,48,359,48,359,True
2,34359738436,2,48,359,48,359,True
4,21474836591,2,48,1071,48,1071,True
8,8589934666,1,0,0,0,0,True
8,8589934666,2,48,51,48,51,True
1,12884901986,1,48,1258,48,1258,True
1,21474836591,3,0,1410,0,1410,True
4,8589934666,1,48,544,48,544,True
4,21474836591,3,0,696,0,696,True
3,21474836591,1,48,1767,48,1767,True
1,12884901986,2,0,509,0,509,True
5,12884901986,1,48,1767,48,1767,True
4,8589934666,2,0,527,0,527,True
1,21474836592,1,0,0,0,0,True
1,17179869278,1,0,0,0,0,True
1,21474836592,2,0,0,0,0,True
3,21474836592,1,0,0,0,0,True
5,17179869278,1,48,359,48,359,True
2,17179869278,1,48,359,48,359,True
1,17179869278,2,48,359,48,359,True
1,21474836592,3,48,360,48,360,True
4,8589934666,3,0,696,0,696,True
4,21474836592,1,48,544,48,544,True
8,8589934666,3,0,1716,0,1716,True
8,30064771129,1,48,1564,48,1564,True
8,30064771129,2,0,203,0,203,True
8,30064771130,1,0,0,0,0,True
4,21474836592,2,0,1036,0,1036,True
8,30064771130,2,48,51,48,51,True
4,8589934667,1,0,0,0,0,True
4,21474836592,3,0,51,0,51,True
1,21474836592,4,0,1407,0,1407,True
4,8589934667,2,48,34,48,34,True
4,21474836592,4,0,134,0,134,True
3,21474836592,2,48,1767,48,1767,True
1,12884901987,1,0,0,0,0,True
5,12884901987,1,0,0,0,0,True
8,8589934667,1,48,1564,48,1564,True
8,30064771130,3,0,1716,0,1716,True
7,34359738437,1,0,0,0,0,True
4,8589934667,3,0,1733,0,1733,True
8,8589934667,2,0,203,0,203,True
7,34359738437,2,48,359,48,359,True
2,34359738437,1,48,359,48,359,True
7,34359738438,1,0,0,0,0,True
2,34359738438,1,0,0,0,0,True
5,12884901987,2,48,1377,48,1377,True
2,34359738438,2,0,0,0,0,True
1,12884901987,2,48,1377,48,1377,True
1,12884901987,3,0,390,0,390,True
1,17179869279,1,48,238,48,238,True
5,12884901987,3,0,390,0,390,True
5,17179869279,1,48,238,48,238,True
7,34359738438,2,48,359,48,359,True
2,17179869279,1,48,258,48,258,True
2,34359738438,3,48,359,48,359,True
5,17179869279,2,0,121,0,121,True
2,17179869279,2,0,101,0,101,True
1,17179869279,2,0,121,0,121,True
7,34359738439,1,0,0,0,0,True
2,34359738439,1,0,0,0,0,True
7,34359738439,2,48,359,48,359,True
2,34359738439,2,48,359,48,359,True
3,4294967422,1,0,0,0,0,True
5,4294967422,1,0,0,0,0,True
5,4294967422,2,48,459,48,459,True
8,30064771131,1,0,0,0,0,True
2,17179869280,1,0,0,0,0,True
3,4294967422,2,48,687,48,687,True
5,4294967422,3,0,228,0,228,True
5,17179869280,1,48,76,48,76,True
4,4294967422,1,48,687,48,687,True
5,17179869280,2,0,283,0,283,True
2,17179869280,2,48,359,48,359,True
1,17179869280,1,48,359,48,359,True
3,4294967423,1,0,0,0,0,True
5,4294967423,1,0,0,0,0,True
4,4294967423,1,48,51,48,51,True
8,30064771131,2,48,765,48,765,True
4,4294967423,2,0,51,0,51,True
4,8589934668,1,0,0,0,0,True
3,4294967423,2,48,687,48,687,True
5,4294967423,2,48,687,48,687,True
4,4294967423,3,0,584,0,584,True
4,8589934668,2,48,484,48,484,True
1,12884901988,1,0,0,0,0,True
5,12884901988,1,0,0,0,0,True
8,8589934668,1,48,850,48,850,True
8,30064771131,3,0,1002,0,1002,True
4,8589934668,3,0,1283,0,1283,True
8,8589934668,2,0,917,0,917,True
7,34359738440,1,0,0,0,0,True
2,34359738440,1,0,0,0,0,True
1,12884901988,2,48,1767,48,1767,True
5,12884901988,2,48,1767,48,1767,True
7,34359738440,2,48,359,48,359,True
2,34359738440,2,48,359,48,359,True
1,21474836593,1,0,0,0,0,True
7,34359738441,1,0,0,0,0,True
4,21474836593,1,0,0,0,0,True
2,34359738441,1,0,0,0,0,True
3,21474836593,1,0,0,0,0,True
7,34359738441,2,48,359,48,359,True
2,34359738441,2,48,359,48,359,True
8,30064771132,1,0,0,0,0,True
4,21474836593,2,48,1683,48,1683,True
8,30064771132,2,48,153,48,153,True
1,21474836593,2,48,1767,48,1767,True
4,8589934669,1,0,0,0,0,True
4,21474836593,3,0,84,0,84,True
3,21474836593,2,48,1767,48,1767,True
5,17179869281,1,0,0,0,0,True
5,17179869281,2,48,359,48,359,True
2,17179869281,1,48,359,48,359,True
1,17179869281,1,48,359,48,359,True
4,8589934669,2,48,867,48,867,True
1,21474836594,1,0,0,0,0,True
4,8589934669,3,0,52,0,52,True
4,21474836594,1,0,0,0,0,True
3,21474836594,1,0,0,0,0,True
8,8589934669,1,48,1462,48,1462,True
8,30064771132,3,0,1614,0,1614,True
4,8589934669,4,0,848,0,848,True
4,21474836594,2,48,748,48,748,True
8,8589934669,2,0,305,0,305,True
7,34359738442,1,0,0,0,0,True
2,34359738442,1,0,0,0,0,True
7,34359738442,2,48,359,48,359,True
2,34359738442,2,48,359,48,359,True
1,21474836594,2,48,1767,48,1767,True
4,21474836594,3,0,1019,0,1019,True
3,21474836594,2,48,1767,48,1767,True
8,30064771133,1,0,0,0,0,True
1,12884901989,1,0,0,0,0,True
5,12884901989,1,0,0,0,0,True
5,12884901989,2,48,867,48,867,True
1,12884901989,2,48,867,48,867,True
2,17179869282,1,0,0,0,0,True
8,30064771133,2,48,1767,48,1767,True
5,12884901989,3,0,512,0,512,True
5,17179869282,1,48,359,48,359,True
2,17179869282,2,48,359,48,359,True
1,12884901989,3,0,512,0,512,True
1,17179869282,1,48,359,48,359,True
4,8589934670,1,0,0,0,0,True
8,8589934670,1,0,0,0,0,True
1,12884901989,4,0,388,0,388,True
5,12884901989,4,0,388,0,388,True
4,8589934670,2,48,255,48,255,True
3,4294967424,1,0,0,0,0,True
5,4294967424,1,0,0,0,0,True
3,4294967424,2,48,687,48,687,True
5,4294967424,2,48,687,48,687,True
4,4294967424,1,48,687,48,687,True
4,8589934670,3,0,840,0,840,True
1,12884901990,1,0,0,0,0,True
5,12884901990,1,0,0,0,0,True
8,8589934670,2,48,1275,48,1275,True
4,8589934670,4,0,672,0,672,True
8,8589934670,3,0,492,0,492,True
8,30064771134,1,48,340,48,340,True
8,30064771134,2,0,1036,0,1036,True
4,8589934671,1,0,0,0,0,True
8,8589934671,1,0,0,0,0,True
8,30064771134,3,0,52,0,52,True
1,12884901990,2,48,1767,48,1767,True
5,12884901990,2,48,1767,48,1767,True
4,8589934671,2,48,153,48,153,True
1,21474836595,1,0,0,0,0,True
3,21474836595,1,0,0,0,0,True
8,8589934671,2,48,238,48,238,True
8,30064771134,4,0,338,0,338,True
8,8589934671,3,0,832,0,832,True
4,8589934671,3,0,1614,0,1614,True
4,21474836595,1,48,1462,48,1462,True
8,8589934671,4,0,696,0,696,True
8,30064771135,1,48,544,48,544,True
1,21474836595,2,48,1767,48,1767,True
4,21474836595,2,0,305,0,305,True
3,21474836595,2,48,1767,48,1767,True
2,34359738443,1,0,0,0,0,True
7,34359738443,1,48,359,48,359,True
2,34359738443,2,48,359,48,359,True
8,30064771135,2,0,1223,0,1223,True
1,12884901991,1,0,0,0,0,True
5,12884901991,1,0,0,0,0,True
5,12884901991,2,48,51,48,51,True
1,12884901991,2,48,52,48,52,True
2,17179869283,1,0,0,0,0,True
5,12884901991,3,0,512,0,512,True
5,17179869283,1,48,359,48,359,True
2,17179869283,2,48,359,48,359,True
1,12884901991,3,0,512,0,512,True
1,17179869283,1,48,359,48,359,True
5,12884901991,4,0,1119,0,1119,True
1,12884901991,4,0,1119,0,1119,True
2,17179869284,1,0,0,0,0,True
1,12884901991,5,0,84,0,84,True
1,17179869284,1,0,0,0,0,True
5,12884901991,5,0,84,0,84,True
5,17179869284,1,0,0,0,0,True
2,17179869284,2,0,0,0,0,True
7,34359738444,1,0,0,0,0,True
5,17179869284,2,48,359,48,359,True
2,17179869284,3,48,359,48,359,True
2,34359738444,1,48,258,48,258,True
1,17179869284,2,48,359,48,359,True
7,34359738444,2,48,359,48,359,True
2,34359738444,2,0,101,0,101,True
4,8589934672,1,0,0,0,0,True
8,8589934672,1,0,0,0,0,True
8,8589934672,2,48,255,48,255,True
4,8589934672,2,48,255,48,255,True
3,4294967425,1,0,0,0,0,True
5,4294967425,1,0,0,0,0,True
3,4294967425,2,48,687,48,687,True
5,4294967425,2,48,687,48,687,True
4,4294967425,1,48,687,48,687,True
4,8589934672,3,0,840,0,840,True
1,12884901992,1,0,0,0,0,True
4,8589934672,4,0,383,0,383,True
1,12884901992,2,0,0,0,0,True
1,21474836596,1,0,0,0,0,True
4,8589934672,5,0,288,0,288,True
4,21474836596,1,48,136,48,136,True
8,8589934672,3,0,1512,0,1512,True
8,30064771136,1,48,1360,48,1360,True
8,30064771136,2,0,407,0,407,True
4,21474836596,2,0,527,0,527,True
4,8589934673,1,0,0,0,0,True
4,21474836596,3,0,51,0,51,True
8,8589934673,1,0,0,0,0,True
1,12884901992,3,48,1767,48,1767,True
1,21474836596,2,48,1767,48,1767,True
1,21474836596,3,0,0,0,0,True
4,8589934673,2,48,952,48,952,True
4,21474836596,4,0,1052,0,1052,True
5,12884901992,1,48,1767,48,1767,True
3,21474836596,1,48,1767,48,1767,True
4,8589934673,3,0,527,0,527,True
3,4294967426,1,0,0,0,0,True
5,4294967426,1,0,0,0,0,True
4,4294967426,1,48,136,48,136,True
4,8589934673,4,0,288,0,288,True
8,8589934673,2,48,1767,48,1767,True
5,4294967426,2,48,663,48,663,True
3,4294967426,2,48,687,48,687,True
5,4294967426,3,0,24,0,24,True
5,17179869285,1,0,0,0,0,True
4,4294967426,2,0,551,0,551,True
2,17179869285,1,0,0,0,0,True
5,17179869285,2,0,0,0,0,True
5,17179869285,3,48,359,48,359,True
2,17179869285,2,48,359,48,359,True
1,17179869285,1,48,359,48,359,True
4,8589934674,1,0,0,0,0,True
8,8589934674,1,0,0,0,0,True
1,12884901993,1,0,0,0,0,True
5,12884901993,1,0,0,0,0,True
4,8589934674,2,48,1767,48,1767,True
8,8589934674,2,48,1767,48,1767,True
7,34359738445,1,0,0,0,0,True
2,34359738445,1,0,0,0,0,True
5,12884901993,2,48,1581,48,1581,True
2,34359738445,2,48,357,48,357,True
1,12884901993,2,48,1581,48,1581,True
7,34359738445,2,48,359,48,359,True
2,17179869286,1,0,0,0,0,True
2,34359738445,3,0,2,0,2,True
2,17179869286,2,0,0,0,0,True
1,12884901993,3,0,186,0,186,True
1,17179869286,1,48,34,48,34,True
5,12884901993,3,0,186,0,186,True
5,17179869286,1,48,34,48,34,True
5,17179869286,2,0,325,0,325,True
2,17179869286,3,48,359,48,359,True
1,17179869286,2,0,325,0,325,True
8,30064771137,1,0,0,0,0,True
1,21474836597,1,0,0,0,0,True
4,21474836597,1,0,0,0,0,True
3,21474836597,1,0,0,0,0,True
4,21474836597,2,48,153,48,153,True
8,30064771137,2,48,255,48,255,True
8,8589934675,1,48,1360,48,1360,True
8,30064771137,3,0,1512,0,1512,True
1,21474836597,2,48,1767,48,1767,True
4,8589934675,1,48,1462,48,1462,True
4,21474836597,3,0,1614,0,1614,True
3,21474836597,2,48,1767,48,1767,True
4,8589934675,2,0,305,0,305,True
8,8589934675,2,0,407,0,407,True
8,30064771138,1,0,0,0,0,True
3,4294967427,1,0,0,0,0,True
5,4294967427,1,0,0,0,0,True
5,4294967427,2,0,0,0,0,True
2,17179869287,1,0,0,0,0,True
5,4294967427,3,48,461,48,461,True
5,17179869287,1,48,359,48,359,True
2,17179869287,2,48,359,48,359,True
1,17179869287,1,48,359,48,359,True
3,4294967427,2,48,687,48,687,True
5,4294967427,4,0,226,0,226,True
4,4294967427,1,48,687,48,687,True
1,12884901994,1,0,0,0,0,True
8,30064771138,2,48,1767,48,1767,True
7,34359738446,1,0,0,0,0,True
4,8589934676,1,0,0,0,0,True
1,12884901994,2,48,1173,48,1173,True
4,8589934676,2,48,357,48,357,True
7,34359738446,2,48,359,48,359,True
2,34359738446,1,48,359,48,359,True
7,34359738447,1,0,0,0,0,True
1,12884901994,3,0,594,0,594,True
1,21474836598,1,48,442,48,442,True
5,12884901994,1,48,1767,48,1767,True
3,21474836598,1,48,765,48,765,True
4,8589934676,3,0,917,0,917,True
4,21474836598,1,48,765,48,765,True
7,34359738447,2,48,359,48,359,True
2,34359738447,1,48,359,48,359,True
3,4294967428,1,0,0,0,0,True
3,21474836598,2,0,52,0,52,True
4,4294967428,1,48,340,48,340,True
4,8589934676,4,0,492,0,492,True
4,21474836598,2,0,492,0,492,True
8,8589934676,1,48,1767,48,1767,True
3,4294967428,2,48,687,48,687,True
3,21474836598,3,0,787,0,787,True
5,4294967428,1,48,687,48,687,True
4,4294967428,2,0,347,0,347,True
4,21474836598,3,0,347,0,347,True
1,21474836598,2,0,1325,0,1325,True
4,21474836598,4,0,162,0,162,True
3,21474836598,4,0,162,0,162,True
4,8589934677,1,0,0,0,0,True
8,8589934677,1,0,0,0,0,True
1,12884901995,1,0,0,0,0,True
5,12884901995,1,0,0,0,0,True
8,8589934677,2,48,1275,48,1275,True
4,8589934677,2,48,1767,48,1767,True
8,8589934677,3,0,492,0,492,True
8,30064771139,1,48,340,48,340,True
5,12884901995,2,48,1479,48,1479,True
1,12884901995,2,48,1479,48,1479,True
2,17179869288,1,0,0,0,0,True
1,12884901995,3,0,288,0,288,True
1,17179869288,1,48,136,48,136,True
5,12884901995,3,0,288,0,288,True
5,17179869288,1,48,136,48,136,True
2,17179869288,2,48,357,48,357,True
5,17179869288,2,0,223,0,223,True
2,17179869288,3,0,2,0,2,True
2,34359738448,1,0,0,0,0,True
1,17179869288,2,0,223,0,223,True
2,34359738448,2,0,0,0,0,True
3,4294967429,1,0,0,0,0,True
5,4294967429,1,0,0,0,0,True
7,34359738448,1,48,359,48,359,True
2,34359738448,3,48,359,48,359,True
8,30064771139,2,0,1427,0,1427,True
3,4294967429,2,48,687,48,687,True
5,4294967429,2,48,687,48,687,True
4,4294967429,1,48,687,48,687,True
5,17179869289,1,0,0,0,0,True
2,17179869289,1,0,0,0,0,True
1,17179869289,1,48,357,48,357,True
5,17179869289,2,48,357,48,357,True
5,12884901996,1,0,0,0,0,True
5,17179869289,3,0,2,0,2,True
2,17179869289,2,48,359,48,359,True
1,12884901996,1,0,0,0,0,True
1,17179869289,2,0,2,0,2,True
1,12884901996,2,0,0,0,0,True
5,12884901996,2,0,0,0,0,True
7,34359738449,1,0,0,0,0,True
2,34359738449,1,0,0,0,0,True
5,12884901996,3,48,969,48,969,True
2,34359738449,2,48,357,48,357,True
1,12884901996,3,48,969,48,969,True
7,34359738449,2,48,359,48,359,True
2,17179869290,1,0,0,0,0,True
2,34359738449,3,0,2,0,2,True
2,17179869290,2,0,0,0,0,True
5,12884901996,4,0,512,0,512,True
5,17179869290,1,48,359,48,359,True
2,17179869290,3,48,359,48,359,True
1,12884901996,4,0,512,0,512,True
1,17179869290,1,48,359,48,359,True
5,12884901996,5,0,201,0,201,True
1,12884901996,5,0,201,0,201,True
2,17179869291,1,0,0,0,0,True
1,12884901996,6,0,84,0,84,True
1,17179869291,1,0,0,0,0,True
5,12884901996,6,0,84,0,84,True
5,17179869291,1,0,0,0,0,True
2,17179869291,2,48,153,48,153,True
7,34359738450,1,0,0,0,0,True
1,17179869291,2,48,357,48,357,True
5,17179869291,2,48,359,48,359,True
2,17179869291,3,0,206,0,206,True
2,34359738450,1,48,54,48,54,True
1,17179869291,3,0,2,0,2,True
1,21474836599,1,0,0,0,0,True
1,21474836599,2,0,0,0,0,True
3,21474836599,1,0,0,0,0,True
4,21474836599,1,0,0,0,0,True
7,34359738450,2,48,359,48,359,True
2,34359738450,2,0,305,0,305,True
7,34359738451,1,0,0,0,0,True
2,34359738451,1,0,0,0,0,True
1,21474836599,3,48,1767,48,1767,True
4,21474836599,2,48,1767,48,1767,True
3,21474836599,2,48,1767,48,1767,True
2,34359738451,2,48,255,48,255,True
5,17179869292,1,0,0,0,0,True
1,17179869292,1,48,255,48,255,True
5,17179869292,2,48,255,48,255,True
1,12884901997,1,0,0,0,0,True
1,17179869292,2,0,52,0,52,True
5,12884901997,1,0,0,0,0,True
5,17179869292,3,0,104,0,104,True
2,17179869292,1,48,359,48,359,True
2,34359738451,3,0,511,0,511,True
1,12884901997,2,0,0,0,0,True
1,17179869292,3,0,52,0,52,True
5,12884901997,2,47,867,47,867,True
2,34359738451,4,0,915,0,915,True
1,12884901997,3,47,867,47,867,True
5,12884901997,3,0,51,0,51,True
5,17179869293,1,0,0,0,0,True
7,34359738451,2,48,1767,48,1767,True
2,17179869293,1,0,0,0,0,True
2,34359738451,5,0,84,0,84,True
1,12884901997,4,0,900,0,900,True
1,17179869293,1,48,748,48,748,True
5,12884901997,4,0,848,0,848,True
5,17179869293,2,48,748,48,748,True
5,17179869293,3,0,832,0,832,True
3,4294967430,1,0,0,0,0,True
5,4294967430,1,48,34,48,34,True
5,17179869293,4,0,186,0,186,True
2,17179869293,2,48,1767,48,1767,True
1,17179869293,2,0,1019,0,1019,True
4,4294967430,1,48,255,48,255,True
4,4294967430,2,0,52,0,52,True
4,8589934678,1,0,0,0,0,True
8,8589934678,1,0,0,0,0,True
3,4294967430,2,48,687,48,687,True
5,4294967430,2,0,653,0,653,True
4,4294967430,3,0,380,0,380,True
4,8589934678,2,48,280,48,280,True
4,8589934678,3,0,79,0,79,True
8,8589934678,2,48,359,48,359,True
1,21474836600,1,0,0,0,0,True
4,21474836600,1,0,0,0,0,True
3,21474836600,1,0,0,0,0,True
1,21474836600,2,48,359,48,359,True
4,21474836600,2,48,359,48,359,True
3,21474836600,2,48,359,48,359,True
1,21474836601,1,0,0,0,0,True
4,21474836601,1,0,0,0,0,True
3,21474836601,1,0,0,0,0,True
4,21474836601,2,48,51,48,51,True
8,8589934679,1,0,0,0,0,True
1,21474836601,2,48,359,48,359,True
4,8589934679,1,48,156,48,156,True
4,21474836601,3,0,308,0,308,True
3,21474836601,2,48,359,48,359,True
4,8589934679,2,0,203,0,203,True
8,8589934679,2,48,359,48,359,True
1,12884901998,1,0,0,0,0,True
5,12884901998,1,0,0,0,0,True
5,12884901998,2,0,0,0,0,True
2,17179869294,1,0,0,0,0,True
1,12884901998,2,0,0,0,0,True
7,34359738452,1,0,0,0,0,True
2,17179869294,2,0,0,0,0,True
2,34359738452,1,0,0,0,0,True
1,12884901998,3,48,1767,48,1767,True
1,17179869294,1,48,1665,48,1665,True
5,12884901998,3,48,1767,48,1767,True
5,17179869294,1,48,1666,48,1666,True
7,34359738452,2,48,1767,48,1767,True
5,17179869294,2,0,101,0,101,True
2,17179869294,3,48,1767,48,1767,True
2,34359738452,2,48,1767,48,1767,True
2,34359738452,3,0,0,0,0,True
1,17179869294,2,0,102,0,102,True
3,4294967431,1,0,0,0,0,True
5,4294967431,1,0,0,0,0,True
3,4294967431,2,48,687,48,687,True
5,4294967431,2,48,687,48,687,True
4,4294967431,1,48,687,48,687,True
4,8589934680,1,0,0,0,0,True
8,8589934680,1,0,0,0,0,True
4,8589934680,2,48,153,48,153,True
3,4294967432,1,0,0,0,0,True
5,4294967432,1,0,0,0,0,True
4,4294967432,1,48,54,48,54,True
4,8589934680,3,0,206,0,206,True
8,8589934680,2,48,359,48,359,True
3,4294967432,2,48,687,48,687,True
5,4294967432,2,48,687,48,687,True
4,4294967432,2,0,633,0,633,True
1,21474836602,1,0,0,0,0,True
4,21474836602,1,0,0,0,0,True
3,21474836602,1,0,0,0,0,True
1,21474836602,2,48,359,48,359,True
4,21474836602,2,48,359,48,359,True
3,21474836602,2,48,359,48,359,True
1,21474836603,1,0,0,0,0,True
4,21474836603,1,0,0,0,0,True
3,21474836603,1,0,0,0,0,True
1,21474836603,2,48,359,48,359,True
4,21474836603,2,48,359,48,359,True
3,21474836603,2,48,359,48,359,True
4,8589934681,1,0,0,0,0,True
8,8589934681,1,0,0,0,0,True
1,12884901999,1,0,0,0,0,True
5,12884901999,1,0,0,0,0,True
4,8589934681,2,48,359,48,359,True
8,8589934681,2,48,359,48,359,True
4,8589934682,1,0,0,0,0,True
8,8589934682,1,0,0,0,0,True
4,8589934682,2,48,359,48,359,True
8,8589934682,2,48,359,48,359,True
1,12884901999,2,48,1767,48,1767,True
5,12884901999,2,48,1767,48,1767,True
1,21474836604,1,0,0,0,0,True
4,21474836604,1,0,0,0,0,True
3,21474836604,1,0,0,0,0,True
1,21474836604,2,48,359,48,359,True
4,21474836604,2,48,359,48,359,True
3,21474836604,2,48,359,48,359,True
3,4294967433,1,0,0,0,0,True
5,4294967433,1,0,0,0,0,True
3,4294967433,2,48,687,48,687,True
5,4294967433,2,48,687,48,687,True
4,4294967433,1,48,687,48,687,True
1,12884902000,1,0,0,0,0,True
4,8589934683,1,0,0,0,0,True
8,8589934683,1,0,0,0,0,True
5,12884902000,1,0,0,0,0,True
1,12884902000,2,48,1767,48,1767,True
4,8589934683,2,48,1767,48,1767,True
8,8589934683,2,48,1767,48,1767,True
5,12884902000,2,48,1767,48,1767,True
1,12884902001,1,0,0,0,0,True
5,12884902001,1,0,0,0,0,True
5,12884902001,2,48,561,48,561,True
1,12884902001,2,48,561,48,561,True
2,17179869295,1,0,0,0,0,True
5,12884902001,3,0,511,0,511,True
5,17179869295,1,48,359,48,359,True
2,17179869295,2,48,359,48,359,True
1,12884902001,3,0,511,0,511,True
1,17179869295,1,48,359,48,359,True
5,12884902001,4,0,99,0,99,True
1,12884902001,4,0,99,0,99,True
2,17179869296,1,0,0,0,0,True
5,12884902001,5,0,512,0,512,True
5,17179869296,1,48,359,48,359,True
2,17179869296,2,48,359,48,359,True
1,12884902001,5,0,511,0,511,True
1,17179869296,1,48,359,48,359,True
1,12884902001,6,0,82,0,82,True
5,12884902001,6,0,82,0,82,True
3,4294967434,1,0,0,0,0,True
5,4294967434,1,0,0,0,0,True
5,4294967434,2,48,357,48,357,True
2,17179869297,1,0,0,0,0,True
3,4294967434,2,48,687,48,687,True
5,4294967434,3,0,330,0,330,True
5,17179869297,1,48,178,48,178,True
4,4294967434,1,48,687,48,687,True
1,17179869297,1,48,255,48,255,True
5,17179869297,2,0,77,0,77,True
1,12884902002,1,0,0,0,0,True
1,17179869297,2,0,52,0,52,True
5,12884902002,1,0,0,0,0,True
5,17179869297,3,0,51,0,51,True
5,12884902002,2,0,0,0,0,True
5,17179869297,4,0,52,0,52,True
2,17179869297,2,48,359,48,359,True
1,12884902002,2,0,0,0,0,True
1,17179869297,3,0,52,0,52,True
7,34359738453,1,0,0,0,0,True
2,34359738453,1,0,0,0,0,True
5,12884902002,3,47,1683,47,1683,True
2,34359738453,2,48,969,48,969,True
1,12884902002,3,47,1683,47,1683,True
1,12884902002,4,0,84,0,84,True
1,17179869298,1,0,0,0,0,True
5,12884902002,4,0,84,0,84,True
5,17179869298,1,0,0,0,0,True
5,17179869298,2,48,359,48,359,True
2,17179869298,1,48,359,48,359,True
2,34359738453,3,0,511,0,511,True
1,17179869298,2,48,359,48,359,True
7,34359738453,2,48,1767,48,1767,True
2,34359738453,4,0,286,0,286,True
3,4294967435,1,0,0,0,0,True
4,21474836605,1,0,0,0,0,True
3,4294967435,2,0,0,0,0,True
3,21474836605,1,0,0,0,0,True
4,4294967435,1,0,0,0,0,True
4,21474836605,2,0,0,0,0,True
3,4294967435,3,48,359,48,359,True
3,21474836605,2,48,359,48,359,True
5,4294967435,1,48,359,48,359,True
4,4294967435,2,48,359,48,359,True
4,21474836605,3,48,360,48,360,True
1,21474836605,1,48,663,48,663,True
1,12884902003,1,0,0,0,0,True
1,21474836605,2,0,51,0,51,True
4,21474836605,4,0,1323,0,1323,True
8,8589934684,1,0,0,0,0,True
1,12884902003,2,48,952,48,952,True
1,21474836605,3,0,1052,0,1052,True
4,8589934684,1,0,0,0,0,True
4,21474836605,5,0,84,0,84,True
3,21474836605,3,0,1408,0,1408,True
4,8589934684,2,48,359,48,359,True
8,8589934684,2,48,359,48,359,True
1,12884902003,3,0,815,0,815,True
5,12884902003,1,48,1767,48,1767,True
7,34359738454,1,0,0,0,0,True
2,34359738454,1,0,0,0,0,True
2,34359738454,2,48,51,48,51,True
5,17179869299,1,0,0,0,0,True
1,17179869299,1,0,0,0,0,True
5,17179869299,2,0,0,0,0,True
1,12884902004,1,0,0,0,0,True
1,17179869299,2,48,1,48,1,True
5,12884902004,1,48,257,48,257,True
5,17179869299,3,48,359,48,359,True
2,17179869299,1,48,359,48,359,True
2,34359738454,3,0,511,0,511,True
1,12884902004,2,48,258,48,258,True
1,17179869299,3,0,358,0,358,True
1,12884902004,3,0,201,0,201,True
4,21474836606,1,0,0,0,0,True
7,34359738454,2,48,1767,48,1767,True
2,34359738454,4,0,1204,0,1204,True
1,12884902004,4,0,1308,0,1308,True
1,21474836606,1,48,1156,48,1156,True
5,12884902004,2,0,1510,0,1510,True
1,21474836606,2,0,611,0,611,True
4,21474836606,2,48,1767,48,1767,True
3,21474836606,1,48,1767,48,1767,True
4,8589934685,1,0,0,0,0,True
8,8589934685,1,0,0,0,0,True
4,8589934685,2,48,359,48,359,True
8,8589934685,2,48,359,48,359,True
3,4294967436,1,0,0,0,0,True
5,4294967436,1,0,0,0,0,True
4,4294967436,1,48,357,48,357,True
3,4294967436,2,48,359,48,359,True
5,4294967436,2,48,359,48,359,True
4,4294967436,2,0,2,0,2,True
4,8589934686,1,0,0,0,0,True
4,8589934686,2,0,0,0,0,True
8,8589934686,1,0,0,0,0,True
1,12884902005,1,0,0,0,0,True
5,12884902005,1,0,0,0,0,True
4,8589934686,3,48,359,48,359,True
8,8589934686,2,48,359,48,359,True
5,12884902005,2,48,1071,48,1071,True
1,12884902005,2,48,1071,48,1071,True
2,17179869300,1,0,0,0,0,True
2,17179869300,2,0,0,0,0,True
7,34359738455,1,0,0,0,0,True
1,12884902005,3,0,696,0,696,True
1,17179869300,1,48,544,48,544,True
5,12884902005,3,0,696,0,696,True
5,17179869300,1,48,544,48,544,True
5,17179869300,2,0,323,0,323,True
3,4294967437,1,0,0,0,0,True
5,4294967437,1,0,0,0,0,True
5,17179869300,3,0,52,0,52,True
3,4294967437,2,48,359,48,359,True
5,4294967437,2,48,359,48,359,True
5,17179869300,4,0,460,0,460,True
4,4294967437,1,48,359,48,359,True
5,17179869300,5,0,388,0,388,True
2,17179869300,3,48,1767,48,1767,True
2,34359738455,1,48,1666,48,1666,True
1,17179869300,2,0,1223,0,1223,True
7,34359738455,2,48,1767,48,1767,True
2,34359738455,2,0,101,0,101,True
1,21474836607,1,0,0,0,0,True
4,21474836607,1,0,0,0,0,True
3,21474836607,1,0,0,0,0,True
4,21474836607,2,48,1479,48,1479,True
8,8589934687,1,0,0,0,0,True
1,21474836607,2,48,1767,48,1767,True
4,8589934687,1,48,136,48,136,True
4,21474836607,3,0,288,0,288,True
3,21474836607,2,48,1767,48,1767,True
4,8589934687,2,0,221,0,221,True
4,4294967438,1,0,0,0,0,True
4,8589934687,3,0,2,0,2,True
8,8589934687,2,48,359,48,359,True
3,4294967438,1,0,0,0,0,True
5,4294967438,1,0,0,0,0,True
3,4294967438,2,48,687,48,687,True
5,4294967438,2,48,687,48,687,True
4,4294967438,2,48,687,48,687,True
4,8589934688,1,0,0,0,0,True
8,8589934688,1,0,0,0,0,True
4,8589934688,2,48,153,48,153,True
3,4294967439,1,0,0,0,0,True
5,4294967439,1,0,0,0,0,True
4,4294967439,1,48,54,48,54,True
4,8589934688,3,0,206,0,206,True
8,8589934688,2,48,359,48,359,True
3,4294967439,2,48,687,48,687,True
5,4294967439,2,48,687,48,687,True
4,4294967439,2,0,633,0,633,True
1,12884902006,1,0,0,0,0,True
5,12884902006,1,0,0,0,0,True
4,8589934689,1,0,0,0,0,True
8,8589934689,1,0,0,0,0,True
1,12884902006,2,48,1767,48,1767,True
5,12884902006,2,48,1767,48,1767,True
4,8589934689,2,48,51,48,51,True
1,21474836608,1,0,0,0,0,True
3,21474836608,1,0,0,0,0,True
4,8589934689,3,0,308,0,308,True
4,21474836608,1,48,156,48,156,True
8,8589934689,2,48,359,48,359,True
1,21474836608,2,48,1767,48,1767,True
4,21474836608,2,0,1611,0,1611,True
3,21474836608,2,48,1767,48,1767,True
3,4294967440,1,0,0,0,0,True
5,4294967440,1,0,0,0,0,True
3,4294967440,2,48,687,48,687,True
5,4294967440,2,48,687,48,687,True
4,4294967440,1,48,687,48,687,True
1,12884902007,1,0,0,0,0,True
5,12884902007,1,0,0,0,0,True
5,12884902007,2,48,1581,48,1581,True
1,12884902007,2,48,1581,48,1581,True
2,17179869301,1,0,0,0,0,True
1,12884902007,3,0,186,0,186,True
1,17179869301,1,48,34,48,34,True
5,12884902007,3,0,186,0,186,True
5,17179869301,1,48,34,48,34,True
1,17179869301,2,0,119,0,119,True
5,17179869301,2,0,119,0,119,True
1,12884902008,1,0,0,0,0,True
1,17179869301,3,0,51,0,51,True
5,12884902008,1,0,0,0,0,True
5,17179869301,3,0,52,0,52,True
5,12884902008,2,48,1462,48,1462,True
5,17179869301,4,0,1562,0,1562,True
2,17179869301,2,48,1767,48,1767,True
1,12884902008,2,48,1462,48,1462,True
1,17179869301,4,0,1562,0,1562,True
7,34359738456,1,0,0,0,0,True
2,34359738456,1,0,0,0,0,True
1,12884902008,3,0,305,0,305,True
5,12884902008,3,0,305,0,305,True
1,12884902009,1,0,0,0,0,True
1,12884902009,2,0,0,0,0,True
4,21474836609,1,0,0,0,0,True
7,34359738456,2,48,1767,48,1767,True
2,34359738456,2,48,1767,48,1767,True
1,12884902009,3,48,1767,48,1767,True
1,21474836609,1,48,1666,48,1666,True
5,12884902009,1,48,1767,48,1767,True
4,21474836609,2,48,1683,48,1683,True
8,8589934690,1,0,0,0,0,True
1,21474836609,2,0,101,0,101,True
4,8589934690,1,0,0,0,0,True
4,21474836609,3,0,84,0,84,True
3,21474836609,1,48,1767,48,1767,True
4,8589934690,2,0,0,0,0,True
3,4294967441,1,0,0,0,0,True
5,4294967441,1,0,0,0,0,True
4,4294967441,1,48,257,48,257,True
4,8589934690,3,48,359,48,359,True
8,8589934690,2,48,359,48,359,True
3,4294967441,2,48,687,48,687,True
5,4294967441,2,48,687,48,687,True
4,4294967441,2,0,430,0,430,True
1,12884902010,1,0,0,0,0,True
5,12884902010,1,0,0,0,0,True
4,8589934691,1,0,0,0,0,True
8,8589934691,1,0,0,0,0,True
4,8589934691,2,48,359,48,359,True
8,8589934691,2,48,359,48,359,True
1,12884902010,2,48,1767,48,1767,True
5,12884902010,2,48,1767,48,1767,True
7,34359738457,1,0,0,0,0,True
2,34359738457,1,0,0,0,0,True
3,4294967442,1,0,0,0,0,True
5,4294967442,1,0,0,0,0,True
3,4294967442,2,48,687,48,687,True
5,4294967442,2,48,687,48,687,True
4,4294967442,1,48,687,48,687,True
1,21474836610,1,0,0,0,0,True
4,21474836610,1,0,0,0,0,True
3,21474836610,1,0,0,0,0,True
7,34359738457,2,48,1767,48,1767,True
2,34359738457,2,48,1767,48,1767,True
4,21474836610,2,48,1275,48,1275,True
8,8589934692,1,0,0,0,0,True
1,21474836610,2,48,1767,48,1767,True
4,8589934692,1,48,340,48,340,True
4,21474836610,3,0,492,0,492,True
3,21474836610,2,48,1767,48,1767,True
4,8589934692,2,0,19,0,19,True
8,8589934692,2,48,359,48,359,True
3,4294967443,1,0,0,0,0,True
5,4294967443,1,0,0,0,0,True
3,4294967443,2,48,687,48,687,True
5,4294967443,2,48,687,48,687,True
4,4294967443,1,48,687,48,687,True
1,21474836611,1,0,0,0,0,True
4,21474836611,1,0,0,0,0,True
3,21474836611,1,0,0,0,0,True
7,34359738458,1,0,0,0,0,True
2,34359738458,1,0,0,0,0,True
1,21474836611,2,48,1767,48,1767,True
4,21474836611,2,48,1767,48,1767,True
3,21474836611,2,48,1767,48,1767,True
1,12884902011,1,0,0,0,0,True
5,12884902011,1,0,0,0,0,True
7,34359738458,2,48,1767,48,1767,True
2,34359738458,2,48,1767,48,1767,True
4,8589934693,1,0,0,0,0,True
8,8589934693,1,0,0,0,0,True
1,12884902011,2,48,1767,48,1767,True
5,12884902011,2,48,1767,48,1767,True
4,8589934693,2,48,359,48,359,True
8,8589934693,2,48,359,48,359,True
1,21474836612,1,0,0,0,0,True
7,34359738459,1,0,0,0,0,True
4,21474836612,1,0,0,0,0,True
2,34359738459,1,0,0,0,0,True
3,21474836612,1,0,0,0,0,True
1,21474836612,2,48,1767,48,1767,True
7,34359738459,2,48,1767,48,1767,True
4,21474836612,2,48,1767,48,1767,True
2,34359738459,2,48,1767,48,1767,True
3,21474836612,2,48,1767,48,1767,True
1,12884902012,1,0,0,0,0,True
4,8589934694,1,0,0,0,0,True
8,8589934694,1,0,0,0,0,True
5,12884902012,1,0,0,0,0,True
4,8589934694,2,48,359,48,359,True
8,8589934694,2,48,359,48,359,True
4,8589934695,1,0,0,0,0,True
8,8589934695,1,0,0,0,0,True
4,8589934695,2,48,359,48,359,True
8,8589934695,2,48,359,48,359,True
1,12884902012,2,48,1767,48,1767,True
5,12884902012,2,48,1767,48,1767,True
7,34359738460,1,0,0,0,0,True
2,34359738460,1,0,0,0,0,True
3,4294967444,1,0,0,0,0,True
5,4294967444,1,0,0,0,0,True
3,4294967444,2,48,687,48,687,True
5,4294967444,2,48,687,48,687,True
4,4294967444,1,48,687,48,687,True
1,12884902013,1,0,0,0,0,True
5,12884902013,1,0,0,0,0,True
7,34359738460,2,48,1767,48,1767,True
2,34359738460,2,48,1767,48,1767,True
1,12884902013,2,48,1767,48,1767,True
5,12884902013,2,48,1767,48,1767,True
4,8589934696,1,0,0,0,0,True
8,8589934696,1,0,0,0,0,True
1,12884902014,1,0,0,0,0,True
5,12884902014,1,0,0,0,0,True
4,8589934696,2,48,359,48,359,True
8,8589934696,2,48,359,48,359,True
7,34359738461,1,0,0,0,0,True
2,34359738461,1,0,0,0,0,True
1,12884902014,2,48,1767,48,1767,True
5,12884902014,2,48,1767,48,1767,True
1,21474836613,1,0,0,0,0,True
4,21474836613,1,0,0,0,0,True
1,21474836613,2,0,0,0,0,True
7,34359738461,2,48,1767,48,1767,True
2,34359738461,2,48,1767,48,1767,True
4,21474836613,2,48,1479,48,1479,True
8,8589934697,1,0,0,0,0,True
1,12884902015,1,48,1666,48,1666,True
1,21474836613,3,48,1767,48,1767,True
4,8589934697,1,48,136,48,136,True
4,21474836613,3,0,288,0,288,True
3,21474836613,1,48,1767,48,1767,True
1,12884902015,2,0,101,0,101,True
5,12884902015,1,48,1767,48,1767,True
4,8589934697,2,0,223,0,223,True
8,8589934697,2,48,359,48,359,True
3,4294967445,1,0,0,0,0,True
5,4294967445,1,0,0,0,0,True
7,34359738462,1,0,0,0,0,True
2,34359738462,1,0,0,0,0,True
3,4294967445,2,48,687,48,687,True
5,4294967445,2,48,687,48,687,True
4,4294967445,1,48,687,48,687,True
1,12884902016,1,0,0,0,0,True
5,12884902016,1,0,0,0,0,True
5,12884902016,2,48,357,48,357,True
2,34359738462,2,48,867,48,867,True
1,12884902016,2,48,357,48,357,True
7,34359738462,2,48,1767,48,1767,True
2,17179869302,1,48,748,48,748,True
2,34359738462,3,0,900,0,900,True
1,12884902016,3,0,1410,0,1410,True
1,17179869302,1,48,1258,48,1258,True
5,12884902016,3,0,1410,0,1410,True
5,17179869302,1,48,1258,48,1258,True
5,17179869302,2,0,509,0,509,True
2,17179869302,2,0,1019,0,1019,True
1,17179869302,2,0,509,0,509,True
4,8589934698,1,0,0,0,0,True
8,8589934698,1,0,0,0,0,True
4,8589934698,2,0,0,0,0,True
1,21474836614,1,0,0,0,0,True
3,21474836614,1,0,0,0,0,True
4,8589934698,3,48,359,48,359,True
4,21474836614,1,48,258,48,258,True
8,8589934698,2,48,359,48,359,True
4,21474836614,2,0,405,0,405,True
4,8589934699,1,0,0,0,0,True
4,21474836614,3,0,52,0,52,True
8,8589934699,1,0,0,0,0,True
4,8589934699,2,48,359,48,359,True
4,21474836614,4,0,460,0,460,True
8,8589934699,2,48,359,48,359,True
7,34359738463,1,0,0,0,0,True
2,34359738463,1,0,0,0,0,True
1,21474836614,2,48,1767,48,1767,True
4,21474836614,5,0,592,0,592,True
3,21474836614,2,48,1767,48,1767,True
3,4294967446,1,0,0,0,0,True
5,4294967446,1,0,0,0,0,True
3,4294967446,2,48,687,48,687,True
5,4294967446,2,48,687,48,687,True
4,4294967446,1,48,687,48,687,True
3,4294967447,1,0,0,0,0,True
5,4294967447,1,0,0,0,0,True
7,34359738463,2,48,1767,48,1767,True
2,34359738463,2,48,1767,48,1767,True
4,4294967447,1,48,255,48,255,True
4,4294967447,2,0,51,0,51,True
4,8589934700,1,0,0,0,0,True
8,8589934700,1,0,0,0,0,True
3,4294967447,2,48,687,48,687,True
5,4294967447,2,48,687,48,687,True
4,4294967447,3,0,380,0,380,True
4,8589934700,2,48,280,48,280,True
4,8589934700,3,0,79,0,79,True
8,8589934700,2,48,359,48,359,True
7,34359738464,1,0,0,0,0,True
2,34359738464,1,0,0,0,0,True
1,12884902017,1,0,0,0,0,True
5,12884902017,1,0,0,0,0,True
7,34359738464,2,48,1767,48,1767,True
2,34359738464,2,48,1767,48,1767,True
1,12884902017,2,48,1767,48,1767,True
5,12884902017,2,48,1767,48,1767,True
7,34359738465,1,0,0,0,0,True
2,34359738465,1,0,0,0,0,True
1,21474836615,1,0,0,0,0,True
4,21474836615,1,0,0,0,0,True
3,21474836615,1,0,0,0,0,True
7,34359738465,2,48,1767,48,1767,True
2,34359738465,2,48,1767,48,1767,True
1,21474836615,2,48,1767,48,1767,True
4,21474836615,2,48,1767,48,1767,True
3,21474836615,2,48,1767,48,1767,True
4,8589934701,1,0,0,0,0,True
8,8589934701,1,0,0,0,0,True
4,8589934701,2,48,357,48,357,True
4,4294967448,1,0,0,0,0,True
4,8589934701,3,0,2,0,2,True
8,8589934701,2,48,359,48,359,True
3,4294967448,1,0,0,0,0,True
5,4294967448,1,0,0,0,0,True
3,4294967448,2,48,687,48,687,True
5,4294967448,2,48,687,48,687,True
4,4294967448,2,48,687,48,687,True
7,34359738466,1,0,0,0,0,True
2,34359738466,1,0,0,0,0,True
1,12884902018,1,0,0,0,0,True
5,12884902018,1,0,0,0,0,True
7,34359738466,2,48,1767,48,1767,True
2,34359738466,2,48,1767,48,1767,True
1,12884902018,2,48,1767,48,1767,True
5,12884902018,2,48,1767,48,1767,True
1,12884902019,1,0,0,0,0,True
5,12884902019,1,0,0,0,0,True
4,8589934702,1,0,0,0,0,True
8,8589934702,1,0,0,0,0,True
4,8589934702,2,48,359,48,359,True
8,8589934702,2,48,359,48,359,True
