node,tx_id,source,tx_ns,raw_start_matches,raw_end_matches,observed_start_ns,transport_start_ns,start_match,observed_preamble_ns,transport_preamble_ns,preamble_match,observed_end_ns,transport_end_ns,end_match,native_relative_preamble_ns,native_relative_end_ns,plans_agree_preamble,plans_agree_end
3,4294967297,1,10465000000,True,True,10465008077,10465008077,True,11470728077,11470728077,True,11500308077,11500308077,True,11470728077,11500308077,True,True
5,4294967297,1,10465000000,True,True,10465011086,10465011086,True,11470731086,11470731086,True,11500311086,11500311086,True,11470731086,11500311086,True,True
4,4294967297,1,10465000000,True,True,10465023527,10465023527,True,,11470743527,,11500323527,11500323527,True,11470743527,11500323527,True,True
1,21474836481,5,11635000000,True,True,11635011086,11635011086,True,11648271086,11648271086,True,11676831086,11676831086,True,11648271086,11676831086,True,True
4,21474836481,5,11635000000,True,True,11635012444,11635012444,True,11648272444,11648272444,True,11676832444,11676832444,True,11648272444,11676832444,True,True
3,21474836481,5,11635000000,True,True,11635019163,11635019163,True,11648279163,11648279163,True,11676839163,11676839163,True,11648279163,11676839163,True,True
3,4294967298,1,11713000000,True,True,11713008077,11713008077,True,11726268077,11726268077,True,11799708077,11799708077,True,11726268077,11799708077,True,True
5,4294967298,1,11713000000,True,True,11713011086,11713011086,True,11726271086,11726271086,True,11799711086,11799711086,True,11726271086,11799711086,True,True
4,4294967298,1,11713000000,True,True,11713023527,11713023527,True,,11726283527,,11799723527,11799723527,True,11726283527,11799723527,True,True
1,21474836482,5,11830000000,True,True,11830011086,11830011086,True,11843271086,11843271086,True,11942211086,11942211086,True,11843271086,11942211086,True,True
4,21474836482,5,11830000000,True,True,11830012444,11830012444,True,11843272444,11843272444,True,11942212444,11942212444,True,11843272444,11942212444,True,True
3,21474836482,5,11830000000,True,True,11830019163,11830019163,True,,11843279163,,11942219163,11942219163,True,11843279163,11942219163,True,True
1,12884901889,3,11973000000,True,True,11973008077,11973008077,True,11986268077,11986268077,True,12014828077,12014828077,True,11986268077,12014828077,True,True
5,12884901889,3,11973000000,True,True,11973019163,11973019163,True,11986279163,11986279163,True,12014839163,12014839163,True,11986279163,12014839163,True,True
3,4294967299,1,12168000000,True,True,12168008077,12168008077,True,12181268077,12181268077,True,12314888077,12314888077,True,12181268077,12314888077,True,True
5,4294967299,1,12168000000,True,True,12168011086,12168011086,True,12181271086,12181271086,True,12314891086,12314891086,True,12181271086,12314891086,True,True
4,4294967299,1,12168000000,True,True,12168023527,12168023527,True,,12181283527,,12314903527,12314903527,True,12181283527,12314903527,True,True
1,21474836483,5,12402000000,True,True,12402011086,12402011086,True,12415271086,12415271086,True,12509111086,12509111086,True,12415271086,12509111086,True,True
4,21474836483,5,12402000000,True,True,12402012444,12402012444,True,12415272444,12415272444,True,12509112444,12509112444,True,12415272444,12509112444,True,True
3,21474836483,5,12402000000,True,True,12402019163,12402019163,True,12415279163,12415279163,True,12509119163,12509119163,True,12415279163,12509119163,True,True
1,12884901890,3,12558000000,True,True,12558008077,12558008077,True,12571268077,12571268077,True,12670208077,12670208077,True,12571268077,12670208077,True,True
5,12884901890,3,12558000000,True,True,12558019163,12558019163,True,12571279163,12571279163,True,12670219163,12670219163,True,12571279163,12670219163,True,True
3,4294967300,1,12766000000,True,True,12766008077,12766008077,True,12779268077,12779268077,True,13004688077,13004688077,True,12779268077,13004688077,True,True
5,4294967300,1,12766000000,True,True,12766011086,12766011086,True,12779271086,12779271086,True,13004691086,13004691086,True,12779271086,13004691086,True,True
4,4294967300,1,12766000000,True,True,12766023527,12766023527,True,,12779283527,,13004703527,13004703527,True,12779283527,13004703527,True,True
1,21474836484,5,13052000000,True,True,13052011086,13052011086,True,13065271086,13065271086,True,13266211086,13266211086,True,13065271086,13266211086,True,True
4,21474836484,5,13052000000,True,True,13052012444,13052012444,True,13065272444,13065272444,True,13266212444,13266212444,True,13065272444,13266212444,True,True
3,21474836484,5,13052000000,True,True,13052019163,13052019163,True,13065279163,13065279163,True,13266219163,13266219163,True,13065279163,13266219163,True,True
3,4294967301,1,13286000000,True,True,13286008077,13286008077,True,13299268077,13299268077,True,13499188077,13499188077,True,13299268077,13499188077,True,True
5,4294967301,1,13286000000,True,True,13286011086,13286011086,True,13299271086,13299271086,True,13499191086,13499191086,True,13299271086,13499191086,True,True
4,4294967301,1,13286000000,True,True,13286023527,13286023527,True,,13299283527,,13499203527,13499203527,True,13299283527,13499203527,True,True
1,21474836485,5,13559000000,True,True,13559011086,13559011086,True,13572271086,13572271086,True,13709971086,13709971086,True,13572271086,13709971086,True,True
4,21474836485,5,13559000000,True,True,13559012444,13559012444,True,13572272444,13572272444,True,13709972444,13709972444,True,13572272444,13709972444,True,True
3,21474836485,5,13559000000,True,True,13559019163,13559019163,True,13572279163,13572279163,True,13709979163,13709979163,True,13572279163,13709979163,True,True
3,4294967302,1,13793000000,True,True,13793008077,13793008077,True,13806268077,13806268077,True,13969468077,13969468077,True,13806268077,13969468077,True,True
5,4294967302,1,13793000000,True,True,13793011086,13793011086,True,13806271086,13806271086,True,13969471086,13969471086,True,13806271086,13969471086,True,True
4,4294967302,1,13793000000,True,True,13793023527,13793023527,True,,13806283527,,13969483527,13969483527,True,13806283527,13969483527,True,True
1,21474836486,5,13988000000,True,True,13988011086,13988011086,True,14001271086,14001271086,True,14138971086,14138971086,True,14001271086,14138971086,True,True
4,21474836486,5,13988000000,True,True,13988012444,13988012444,True,14001272444,14001272444,True,14138972444,14138972444,True,14001272444,14138972444,True,True
3,21474836486,5,13988000000,True,True,13988019163,13988019163,True,,14001279163,,14138979163,14138979163,True,14001279163,14138979163,True,True
1,12884901891,3,14014000000,True,True,14014008077,14014008077,True,14027268077,14027268077,True,14121108077,14121108077,True,14027268077,14121108077,True,True
5,12884901891,3,14014000000,True,True,14014019163,14014019163,True,14027279163,14027279163,True,14121119163,14121119163,True,14027279163,14121119163,True,True
1,12884901892,3,14326000000,True,True,14326008077,14326008077,True,14339268077,14339268077,True,14400468077,14400468077,True,14339268077,14400468077,True,True
5,12884901892,3,14326000000,True,True,14326019163,14326019163,True,14339279163,14339279163,True,14400479163,14400479163,True,14339279163,14400479163,True,True
3,4294967303,1,14534000000,True,True,14534008077,14534008077,True,14547268077,14547268077,True,14776768077,14776768077,True,14547268077,14776768077,True,True
5,4294967303,1,14534000000,True,True,14534011086,14534011086,True,14547271086,14547271086,True,14776771086,14776771086,True,14547271086,14776771086,True,True
4,4294967303,1,14534000000,True,True,14534023527,14534023527,True,,14547283527,,14776783527,14776783527,True,14547283527,14776783527,True,True
1,21474836487,5,14781000000,True,True,14781011086,14781011086,True,14794271086,14794271086,True,14906471086,14906471086,True,14794271086,14906471086,True,True
4,21474836487,5,14781000000,True,True,14781012444,14781012444,True,14794272444,14794272444,True,14906472444,14906472444,True,14794272444,14906472444,True,True
3,21474836487,5,14781000000,True,True,14781019163,14781019163,True,14794279163,14794279163,True,14906479163,14906479163,True,14794279163,14906479163,True,True
3,4294967304,1,15067000000,True,True,15067008077,15067008077,True,16072728077,16072728077,True,16229808077,16229808077,True,16072728077,16229808077,True,True
5,4294967304,1,15067000000,True,True,15067011086,15067011086,True,16072731086,16072731086,True,16229811086,16229811086,True,16072731086,16229811086,True,True
4,4294967304,1,15067000000,True,True,15067023527,15067023527,True,,16072743527,,16229823527,16229823527,True,16072743527,16229823527,True,True
1,21474836488,5,16276000000,True,True,16276011086,16276011086,True,16289271086,16289271086,True,16375971086,16375971086,True,16289271086,16375971086,True,True
4,21474836488,5,16276000000,True,True,16276012444,16276012444,True,16289272444,16289272444,True,16375972444,16375972444,True,16289272444,16375972444,True,True
3,21474836488,5,16276000000,True,True,16276019163,16276019163,True,,16289279163,,16375979163,16375979163,True,16289279163,16375979163,True,True
1,12884901893,3,16289000000,True,True,16289008077,16289008077,True,16302268077,16302268077,True,16421608077,16421608077,True,16302268077,16421608077,True,True
5,12884901893,3,16289000000,True,True,16289019163,16289019163,True,16302279163,16302279163,True,16421619163,16421619163,True,16302279163,16421619163,True,True
3,4294967305,1,16575000000,True,True,16575008077,16575008077,True,16588268077,16588268077,True,16715768077,16715768077,True,16588268077,16715768077,True,True
5,4294967305,1,16575000000,True,True,16575011086,16575011086,True,16588271086,16588271086,True,16715771086,16715771086,True,16588271086,16715771086,True,True
4,4294967305,1,16575000000,True,True,16575023527,16575023527,True,,16588283527,,16715783527,16715783527,True,16588283527,16715783527,True,True
1,21474836489,5,16770000000,True,True,16770011086,16770011086,True,16783271086,16783271086,True,16818971086,16818971086,True,16783271086,16818971086,True,True
4,21474836489,5,16770000000,True,True,16770012444,16770012444,True,16783272444,16783272444,True,16818972444,16818972444,True,16783272444,16818972444,True,True
3,21474836489,5,16770000000,True,True,16770019163,16770019163,True,,16783279163,,16818979163,16818979163,True,16783279163,16818979163,True,True
1,12884901894,3,16848000000,True,True,16848008077,16848008077,True,16861268077,16861268077,True,16947968077,16947968077,True,16861268077,16947968077,True,True
5,12884901894,3,16848000000,True,True,16848019163,16848019163,True,16861279163,16861279163,True,16947979163,16947979163,True,16861279163,16947979163,True,True
1,12884901895,3,17186000000,True,True,17186008077,17186008077,True,17199268077,17199268077,True,17260468077,17260468077,True,17199268077,17260468077,True,True
5,12884901895,3,17186000000,True,True,17186019163,17186019163,True,17199279163,17199279163,True,17260479163,17260479163,True,17199279163,17260479163,True,True
1,12884901896,3,17654000000,True,True,17654008077,17654008077,True,17667268077,17667268077,True,17702968077,17702968077,True,17667268077,17702968077,True,True
5,12884901896,3,17654000000,True,True,17654019163,17654019163,True,17667279163,17667279163,True,17702979163,17702979163,True,17667279163,17702979163,True,True
1,12884901897,3,17888000000,True,True,17888008077,17888008077,True,17901268077,17901268077,True,17936968077,17936968077,True,17901268077,17936968077,True,True
5,12884901897,3,17888000000,True,True,17888019163,17888019163,True,17901279163,17901279163,True,17936979163,17936979163,True,17901279163,17936979163,True,True
1,12884901898,3,18668000000,True,True,18668008077,18668008077,True,18681268077,18681268077,True,18724108077,18724108077,True,18681268077,18724108077,True,True
5,12884901898,3,18668000000,True,True,18668019163,18668019163,True,18681279163,18681279163,True,18724119163,18724119163,True,18681279163,18724119163,True,True
3,4294967306,1,19097000000,True,True,19097008077,19097008077,True,19110268077,19110268077,True,19197988077,19197988077,True,19110268077,19197988077,True,True
5,4294967306,1,19097000000,True,True,19097011086,19097011086,True,19110271086,19110271086,True,19197991086,19197991086,True,19110271086,19197991086,True,True
4,4294967306,1,19097000000,True,True,19097023527,19097023527,True,,19110283527,,19198003527,19198003527,True,19110283527,19198003527,True,True
3,4294967307,1,19292000000,True,True,19292008077,19292008077,True,19305268077,19305268077,True,19366468077,19366468077,True,19305268077,19366468077,True,True
5,4294967307,1,19292000000,True,True,19292011086,19292011086,True,19305271086,19305271086,True,19366471086,19366471086,True,19305271086,19366471086,True,True
4,4294967307,1,19292000000,True,True,19292023527,19292023527,True,,19305283527,,19366483527,19366483527,True,19305283527,19366483527,True,True
1,12884901899,3,19409000000,True,True,19409008077,19409008077,True,19422268077,19422268077,True,19546708077,19546708077,True,19422268077,19546708077,True,True
5,12884901899,3,19409000000,True,True,19409019163,19409019163,True,19422279163,19422279163,True,19546719163,19546719163,True,19422279163,19546719163,True,True
3,4294967308,1,19591000000,True,True,19591008077,19591008077,True,19604268077,19604268077,True,19753188077,19753188077,True,19604268077,19753188077,True,True
5,4294967308,1,19591000000,True,True,19591011086,19591011086,True,19604271086,19604271086,True,19753191086,19753191086,True,19604271086,19753191086,True,True
4,4294967308,1,19591000000,True,True,19591023527,19591023527,True,,19604283527,,19753203527,19753203527,True,19604283527,19753203527,True,True
1,21474836490,5,19864000000,True,True,19864011086,19864011086,True,19877271086,19877271086,True,19978251086,19978251086,True,19877271086,19978251086,True,True
4,21474836490,5,19864000000,True,True,19864012444,19864012444,True,19877272444,19877272444,True,19978252444,19978252444,True,19877272444,19978252444,True,True
3,21474836490,5,19864000000,True,True,19864019163,19864019163,True,19877279163,19877279163,True,19978259163,19978259163,True,19877279163,19978259163,True,True
3,4294967309,1,20189000000,True,True,20189008077,20189008077,True,21194728077,21194728077,True,21351808077,21351808077,True,21194728077,21351808077,True,True
5,4294967309,1,20189000000,True,True,20189011086,20189011086,True,21194731086,21194731086,True,21351811086,21351811086,True,21194731086,21351811086,True,True
4,4294967309,1,20189000000,True,True,20189023527,20189023527,True,,21194743527,,21351823527,21351823527,True,21194743527,21351823527,True,True
1,12884901900,3,21359000000,True,True,21359008077,21359008077,True,21372268077,21372268077,True,21433468077,21433468077,True,21372268077,21433468077,True,True
5,12884901900,3,21359000000,True,True,21359019163,21359019163,True,21372279163,21372279163,True,21433479163,21433479163,True,21372279163,21433479163,True,True
1,21474836491,5,21593000000,True,True,21593011086,21593011086,True,21606271086,21606271086,True,21667471086,21667471086,True,21606271086,21667471086,True,True
4,21474836491,5,21593000000,True,True,21593012444,21593012444,True,21606272444,21606272444,True,21667472444,21667472444,True,21606272444,21667472444,True,True
3,21474836491,5,21593000000,True,True,21593019163,21593019163,True,21606279163,21606279163,True,21667479163,21667479163,True,21606279163,21667479163,True,True
3,4294967310,1,21697000000,True,True,21697008077,21697008077,True,21710268077,21710268077,True,21847968077,21847968077,True,21710268077,21847968077,True,True
5,4294967310,1,21697000000,True,True,21697011086,21697011086,True,21710271086,21710271086,True,21847971086,21847971086,True,21710271086,21847971086,True,True
4,4294967310,1,21697000000,True,True,21697023527,21697023527,True,,21710283527,,21847983527,21847983527,True,21710283527,21847983527,True,True
1,12884901901,3,21944000000,True,True,21944008077,21944008077,True,21957268077,21957268077,True,22018468077,22018468077,True,21957268077,22018468077,True,True
5,12884901901,3,21944000000,True,True,21944019163,21944019163,True,,21957279163,,22018479163,22018479163,True,21957279163,22018479163,True,True
1,21474836492,5,22048000000,True,True,22048011086,22048011086,True,22061271086,22061271086,True,22122471086,22122471086,True,22061271086,22122471086,True,True
4,21474836492,5,22048000000,True,True,22048012444,22048012444,True,22061272444,22061272444,True,22122472444,22122472444,True,22061272444,22122472444,True,True
3,21474836492,5,22048000000,True,True,22048019163,22048019163,True,22061279163,22061279163,True,22122479163,22122479163,True,22061279163,22122479163,True,True
3,4294967311,1,22191000000,True,True,22191008077,22191008077,True,22204268077,22204268077,True,22290968077,22290968077,True,22204268077,22290968077,True,True
5,4294967311,1,22191000000,True,True,22191011086,22191011086,True,22204271086,22204271086,True,22290971086,22290971086,True,22204271086,22290971086,True,True
4,4294967311,1,22191000000,True,True,22191023527,22191023527,True,,22204283527,,22290983527,22290983527,True,22204283527,22290983527,True,True
1,12884901902,3,22360000000,True,True,22360008077,22360008077,True,22373268077,22373268077,True,22434468077,22434468077,True,22373268077,22434468077,True,True
5,12884901902,3,22360000000,True,True,22360019163,22360019163,True,22373279163,22373279163,True,22434479163,22434479163,True,22373279163,22434479163,True,True
1,21474836493,5,22503000000,True,True,22503011086,22503011086,True,22516271086,22516271086,True,22577471086,22577471086,True,22516271086,22577471086,True,True
4,21474836493,5,22503000000,True,True,22503012444,22503012444,True,22516272444,22516272444,True,22577472444,22577472444,True,22516272444,22577472444,True,True
3,21474836493,5,22503000000,True,True,22503019163,22503019163,True,22516279163,22516279163,True,22577479163,22577479163,True,22516279163,22577479163,True,True
3,4294967312,1,22633000000,True,True,22633008077,22633008077,True,22646268077,22646268077,True,22732968077,22732968077,True,22646268077,22732968077,True,True
5,4294967312,1,22633000000,True,True,22633011086,22633011086,True,22646271086,22646271086,True,22732971086,22732971086,True,22646271086,22732971086,True,True
4,4294967312,1,22633000000,True,True,22633023527,22633023527,True,,22646283527,,22732983527,22732983527,True,22646283527,22732983527,True,True
1,12884901903,3,22802000000,True,True,22802008077,22802008077,True,22815268077,22815268077,True,22876468077,22876468077,True,22815268077,22876468077,True,True
5,12884901903,3,22802000000,True,True,22802019163,22802019163,True,22815279163,22815279163,True,22876479163,22876479163,True,22815279163,22876479163,True,True
1,12884901904,3,22919000000,True,True,22919008077,22919008077,True,22932268077,22932268077,True,22967968077,22967968077,True,22932268077,22967968077,True,True
5,12884901904,3,22919000000,True,True,22919019163,22919019163,True,22932279163,22932279163,True,22967979163,22967979163,True,22932279163,22967979163,True,True
1,21474836494,5,22984000000,True,True,22984011086,22984011086,True,22997271086,22997271086,True,23058471086,23058471086,True,22997271086,23058471086,True,True
4,21474836494,5,22984000000,True,True,22984012444,22984012444,True,22997272444,22997272444,True,23058472444,23058472444,True,22997272444,23058472444,True,True
3,21474836494,5,22984000000,True,True,22984019163,22984019163,True,,22997279163,,23058479163,23058479163,True,22997279163,23058479163,True,True
3,4294967313,1,23179000000,True,True,23179008077,23179008077,True,23192268077,23192268077,True,23227968077,23227968077,True,23192268077,23227968077,True,True
5,4294967313,1,23179000000,True,True,23179011086,23179011086,True,23192271086,23192271086,True,23227971086,23227971086,True,23192271086,23227971086,True,True
4,4294967313,1,23179000000,True,True,23179023527,23179023527,True,,23192283527,,23227983527,23227983527,True,23192283527,23227983527,True,True
3,4294967314,1,25298000000,True,True,25298008077,25298008077,True,25311268077,25311268077,True,25385728077,25385728077,True,25311268077,25385728077,True,True
5,4294967314,1,25298000000,True,True,25298011086,25298011086,True,25311271086,25311271086,True,25385731086,25385731086,True,25311271086,25385731086,True,True
4,4294967314,1,25298000000,True,True,25298023527,25298023527,True,,25311283527,,25385743527,25385743527,True,25311283527,25385743527,True,True
1,21474836495,5,25571000000,True,True,25571011086,25571011086,True,25584271086,25584271086,True,25703611086,25703611086,True,25584271086,25703611086,True,True
4,21474836495,5,25571000000,True,True,25571012444,25571012444,True,25584272444,25584272444,True,25703612444,25703612444,True,25584272444,25703612444,True,True
3,21474836495,5,25571000000,True,True,25571019163,25571019163,True,25584279163,25584279163,True,25703619163,25703619163,True,25584279163,25703619163,True,True
1,12884901905,3,25740000000,True,True,25740008077,25740008077,True,26745728077,26745728077,True,26867108077,26867108077,True,26745728077,26867108077,True,True
5,12884901905,3,25740000000,True,True,25740019163,25740019163,True,26745739163,26745739163,True,26867119163,26867119163,True,26745739163,26867119163,True,True
1,21474836496,5,26910000000,True,True,26910011086,26910011086,True,26923271086,26923271086,True,26977331086,26977331086,True,26923271086,26977331086,True,True
4,21474836496,5,26910000000,True,True,26910012444,26910012444,True,26923272444,26923272444,True,26977332444,26977332444,True,26923272444,26977332444,True,True
3,21474836496,5,26910000000,True,True,26910019163,26910019163,True,26923279163,26923279163,True,26977339163,26977339163,True,26923279163,26977339163,True,True
3,4294967315,1,27027000000,True,True,27027008077,27027008077,True,27040268077,27040268077,True,27117788077,27117788077,True,27040268077,27117788077,True,True
5,4294967315,1,27027000000,True,True,27027011086,27027011086,True,27040271086,27040271086,True,27117791086,27117791086,True,27040271086,27117791086,True,True
4,4294967315,1,27027000000,True,True,27027023527,27027023527,True,,27040283527,,27117803527,27117803527,True,27040283527,27117803527,True,True
3,4294967316,1,27209000000,True,True,27209008077,27209008077,True,27222268077,27222268077,True,27283468077,27283468077,True,27222268077,27283468077,True,True
5,4294967316,1,27209000000,True,True,27209011086,27209011086,True,27222271086,27222271086,True,27283471086,27283471086,True,27222271086,27283471086,True,True
4,4294967316,1,27209000000,True,True,27209023527,27209023527,True,,27222283527,,27283483527,27283483527,True,27222283527,27283483527,True,True
1,21474836497,5,27326000000,True,True,27326011086,27326011086,True,27339271086,27339271086,True,27374971086,27374971086,True,27339271086,27374971086,True,True
4,21474836497,5,27326000000,True,True,27326012444,27326012444,True,27339272444,27339272444,True,27374972444,27374972444,True,27339272444,27374972444,True,True
3,21474836497,5,27326000000,True,True,27326019163,27326019163,True,27339279163,27339279163,True,27374979163,27374979163,True,27339279163,27374979163,True,True
3,4294967317,1,27378000000,True,True,27378008077,27378008077,True,27391268077,27391268077,True,27452468077,27452468077,True,27391268077,27452468077,True,True
5,4294967317,1,27378000000,True,True,27378011086,27378011086,True,27391271086,27391271086,True,27452471086,27452471086,True,27391271086,27452471086,True,True
4,4294967317,1,27378000000,True,True,27378023527,27378023527,True,,27391283527,,27452483527,27452483527,True,27391283527,27452483527,True,True
1,12884901906,3,27573000000,True,True,27573008077,27573008077,True,27586268077,27586268077,True,27710708077,27710708077,True,27586268077,27710708077,True,True
5,12884901906,3,27573000000,True,True,27573019163,27573019163,True,27586279163,27586279163,True,27710719163,27710719163,True,27586279163,27710719163,True,True
1,21474836498,5,27781000000,True,True,27781011086,27781011086,True,27794271086,27794271086,True,27918711086,27918711086,True,27794271086,27918711086,True,True
4,21474836498,5,27781000000,True,True,27781012444,27781012444,True,27794272444,27794272444,True,27918712444,27918712444,True,27794272444,27918712444,True,True
3,21474836498,5,27781000000,True,True,27781019163,27781019163,True,27794279163,27794279163,True,27918719163,27918719163,True,27794279163,27918719163,True,True
3,4294967318,1,27924000000,True,True,27924008077,27924008077,True,27937268077,27937268077,True,27998468077,27998468077,True,27937268077,27998468077,True,True
5,4294967318,1,27924000000,True,True,27924011086,27924011086,True,27937271086,27937271086,True,27998471086,27998471086,True,27937271086,27998471086,True,True
4,4294967318,1,27924000000,True,True,27924023527,27924023527,True,,27937283527,,27998483527,27998483527,True,27937283527,27998483527,True,True
1,12884901907,3,28197000000,True,True,28197008077,28197008077,True,28210268077,28210268077,True,28331648077,28331648077,True,28210268077,28331648077,True,True
5,12884901907,3,28197000000,True,True,28197019163,28197019163,True,28210279163,28210279163,True,28331659163,28331659163,True,28210279163,28331659163,True,True
1,21474836499,5,28340000000,True,True,28340011086,28340011086,True,28353271086,28353271086,True,28472611086,28472611086,True,28353271086,28472611086,True,True
4,21474836499,5,28340000000,True,True,28340012444,28340012444,True,28353272444,28353272444,True,28472612444,28472612444,True,28353272444,28472612444,True,True
3,21474836499,5,28340000000,True,True,28340019163,28340019163,True,28353279163,28353279163,True,28472619163,28472619163,True,28353279163,28472619163,True,True
1,21474836500,5,28522000000,True,True,28522011086,28522011086,True,28535271086,28535271086,True,28596471086,28596471086,True,28535271086,28596471086,True,True
4,21474836500,5,28522000000,True,True,28522012444,28522012444,True,28535272444,28535272444,True,28596472444,28596472444,True,28535272444,28596472444,True,True
3,21474836500,5,28522000000,True,True,28522019163,28522019163,True,,28535279163,,28596479163,28596479163,True,28535279163,28596479163,True,True
3,4294967319,1,28639000000,True,True,28639008077,28639008077,True,28652268077,28652268077,True,28713468077,28713468077,True,28652268077,28713468077,True,True
5,4294967319,1,28639000000,True,True,28639011086,28639011086,True,28652271086,28652271086,True,28713471086,28713471086,True,28652271086,28713471086,True,True
4,4294967319,1,28639000000,True,True,28639023527,28639023527,True,,28652283527,,28713483527,28713483527,True,28652283527,28713483527,True,True
1,21474836501,5,28730000000,True,True,28730011086,28730011086,True,28743271086,28743271086,True,28804471086,28804471086,True,28743271086,28804471086,True,True
4,21474836501,5,28730000000,True,True,28730012444,28730012444,True,28743272444,28743272444,True,28804472444,28804472444,True,28743272444,28804472444,True,True
3,21474836501,5,28730000000,True,True,28730019163,28730019163,True,,28743279163,,28804479163,28804479163,True,28743279163,28804479163,True,True
1,12884901908,3,28743000000,True,True,28743008077,28743008077,True,28756268077,28756268077,True,28986788077,28986788077,True,28756268077,28986788077,True,True
5,12884901908,3,28743000000,True,True,28743019163,28743019163,True,28756279163,28756279163,True,28986799163,28986799163,True,28756279163,28986799163,True,True
1,12884901909,3,29068000000,True,True,29068008077,29068008077,True,29081268077,29081268077,True,29218968077,29218968077,True,29081268077,29218968077,True,True
5,12884901909,3,29068000000,True,True,29068019163,29068019163,True,29081279163,29081279163,True,29218979163,29218979163,True,29081279163,29218979163,True,True
1,21474836502,5,29354000000,True,True,29354011086,29354011086,True,29367271086,29367271086,True,29521291086,29521291086,True,29367271086,29521291086,True,True
4,21474836502,5,29354000000,True,True,29354012444,29354012444,True,29367272444,29367272444,True,29521292444,29521292444,True,29367272444,29521292444,True,True
3,21474836502,5,29354000000,True,True,29354019163,29354019163,True,29367279163,29367279163,True,29521299163,29521299163,True,29367279163,29521299163,True,True
3,4294967320,1,29536000000,True,True,29536008077,29536008077,True,29549268077,29549268077,True,29584968077,29584968077,True,29549268077,29584968077,True,True
5,4294967320,1,29536000000,True,True,29536011086,29536011086,True,29549271086,29549271086,True,29584971086,29584971086,True,29549271086,29584971086,True,True
4,4294967320,1,29536000000,True,True,29536023527,29536023527,True,,29549283527,,29584983527,29584983527,True,29549283527,29584983527,True,True
3,4294967321,1,29718000000,True,True,29718008077,29718008077,True,29731268077,29731268077,True,29766968077,29766968077,True,29731268077,29766968077,True,True
5,4294967321,1,29718000000,True,True,29718011086,29718011086,True,29731271086,29731271086,True,29766971086,29766971086,True,29731271086,29766971086,True,True
4,4294967321,1,29718000000,True,True,29718023527,29718023527,True,,29731283527,,29766983527,29766983527,True,29731283527,29766983527,True,True
1,12884901910,3,29770000000,True,True,29770008077,29770008077,True,29783268077,29783268077,True,29983188077,29983188077,True,29783268077,29983188077,True,True
5,12884901910,3,29770000000,True,True,29770019163,29770019163,True,29783279163,29783279163,True,29983199163,29983199163,True,29783279163,29983199163,True,True
3,4294967322,1,30043000000,True,True,30043008077,30043008077,True,30056268077,30056268077,True,30117468077,30117468077,True,30056268077,30117468077,True,True
5,4294967322,1,30043000000,True,True,30043011086,30043011086,True,30056271086,30056271086,True,30117471086,30117471086,True,30056271086,30117471086,True,True
4,4294967322,1,30043000000,True,True,30043023527,30043023527,True,,30056283527,,30117483527,30117483527,True,30056283527,30117483527,True,True
1,21474836503,5,30212000000,True,True,30212011086,30212011086,True,30225271086,30225271086,True,30286471086,30286471086,True,30225271086,30286471086,True,True
4,21474836503,5,30212000000,True,True,30212012444,30212012444,True,30225272444,30225272444,True,30286472444,30286472444,True,30225272444,30286472444,True,True
3,21474836503,5,30212000000,True,True,30212019163,30212019163,True,30225279163,30225279163,True,30286479163,30286479163,True,30225279163,30286479163,True,True
1,12884901911,3,30290000000,True,True,30290008077,30290008077,True,30303268077,30303268077,True,30440968077,30440968077,True,30303268077,30440968077,True,True
5,12884901911,3,30290000000,True,True,30290019163,30290019163,True,30303279163,30303279163,True,30440979163,30440979163,True,30303279163,30440979163,True,True
1,12884901912,3,30498000000,True,True,30498008077,30498008077,True,31503728077,31503728077,True,31635308077,31635308077,True,31503728077,31635308077,True,True
5,12884901912,3,30498000000,True,True,30498019163,30498019163,True,31503739163,31503739163,True,31635319163,31635319163,True,31503739163,31635319163,True,True
3,4294967323,1,31668000000,True,True,31668008077,31668008077,True,31681268077,31681268077,True,31742468077,31742468077,True,31681268077,31742468077,True,True
5,4294967323,1,31668000000,True,True,31668011086,31668011086,True,31681271086,31681271086,True,31742471086,31742471086,True,31681271086,31742471086,True,True
4,4294967323,1,31668000000,True,True,31668023527,31668023527,True,,31681283527,,31742483527,31742483527,True,31681283527,31742483527,True,True
1,21474836504,5,31941000000,True,True,31941011086,31941011086,True,31954271086,31954271086,True,31989971086,31989971086,True,31954271086,31989971086,True,True
4,21474836504,5,31941000000,True,True,31941012444,31941012444,True,31954272444,31954272444,True,31989972444,31989972444,True,31954272444,31989972444,True,True
3,21474836504,5,31941000000,True,True,31941019163,31941019163,True,31954279163,31954279163,True,31989979163,31989979163,True,31954279163,31989979163,True,True
3,4294967324,1,32019000000,True,True,32019008077,32019008077,True,32032268077,32032268077,True,32093468077,32093468077,True,32032268077,32093468077,True,True
5,4294967324,1,32019000000,True,True,32019011086,32019011086,True,32032271086,32032271086,True,32093471086,32093471086,True,32032271086,32093471086,True,True
4,4294967324,1,32019000000,True,True,32019023527,32019023527,True,,32032283527,,32093483527,32093483527,True,32032283527,32093483527,True,True
1,12884901913,3,32201000000,True,True,32201008077,32201008077,True,32214268077,32214268077,True,32368288077,32368288077,True,32214268077,32368288077,True,True
5,12884901913,3,32201000000,True,True,32201019163,32201019163,True,32214279163,32214279163,True,32368299163,32368299163,True,32214279163,32368299163,True,True
3,4294967325,1,32500000000,True,True,32500008077,32500008077,True,32513268077,32513268077,True,32574468077,32574468077,True,32513268077,32574468077,True,True
5,4294967325,1,32500000000,True,True,32500011086,32500011086,True,32513271086,32513271086,True,32574471086,32574471086,True,32513271086,32574471086,True,True
4,4294967325,1,32500000000,True,True,32500023527,32500023527,True,,32513283527,,32574483527,32574483527,True,32513283527,32574483527,True,True
1,21474836505,5,32630000000,True,True,32630011086,32630011086,True,32643271086,32643271086,True,32766691086,32766691086,True,32643271086,32766691086,True,True
4,21474836505,5,32630000000,True,True,32630012444,32630012444,True,32643272444,32643272444,True,32766692444,32766692444,True,32643272444,32766692444,True,True
3,21474836505,5,32630000000,True,True,32630019163,32630019163,True,,32643279163,,32766699163,32766699163,True,32643279163,32766699163,True,True
1,12884901914,3,32721000000,True,True,32721008077,32721008077,True,32734268077,32734268077,True,32795468077,32795468077,True,32734268077,32795468077,True,True
5,12884901914,3,32721000000,True,True,32721019163,32721019163,True,32734279163,32734279163,True,32795479163,32795479163,True,32734279163,32795479163,True,True
3,4294967326,1,32838000000,True,True,32838008077,32838008077,True,32851268077,32851268077,True,32937968077,32937968077,True,32851268077,32937968077,True,True
5,4294967326,1,32838000000,True,True,32838011086,32838011086,True,32851271086,32851271086,True,32937971086,32937971086,True,32851271086,32937971086,True,True
4,4294967326,1,32838000000,True,True,32838023527,32838023527,True,,32851283527,,32937983527,32937983527,True,32851283527,32937983527,True,True
1,21474836506,5,32968000000,True,True,32968011086,32968011086,True,32981271086,32981271086,True,33067971086,33067971086,True,32981271086,33067971086,True,True
4,21474836506,5,32968000000,True,True,32968012444,32968012444,True,32981272444,32981272444,True,33067972444,33067972444,True,32981272444,33067972444,True,True
3,21474836506,5,32968000000,True,True,32968019163,32968019163,True,32981279163,32981279163,True,33067979163,33067979163,True,32981279163,33067979163,True,True
1,21474836507,5,33267000000,True,True,33267011086,33267011086,True,33280271086,33280271086,True,33366971086,33366971086,True,33280271086,33366971086,True,True
4,21474836507,5,33267000000,True,True,33267012444,33267012444,True,33280272444,33280272444,True,33366972444,33366972444,True,33280272444,33366972444,True,True
3,21474836507,5,33267000000,True,True,33267019163,33267019163,True,33280279163,33280279163,True,33366979163,33366979163,True,33280279163,33366979163,True,True
3,4294967327,1,33514000000,True,True,33514008077,33514008077,True,33527268077,33527268077,True,33588468077,33588468077,True,33527268077,33588468077,True,True
5,4294967327,1,33514000000,True,True,33514011086,33514011086,True,33527271086,33527271086,True,33588471086,33588471086,True,33527271086,33588471086,True,True
4,4294967327,1,33514000000,True,True,33514023527,33514023527,True,,33527283527,,33588483527,33588483527,True,33527283527,33588483527,True,True
1,21474836508,5,33683000000,True,True,33683011086,33683011086,True,33696271086,33696271086,True,33757471086,33757471086,True,33696271086,33757471086,True,True
4,21474836508,5,33683000000,True,True,33683012444,33683012444,True,33696272444,33696272444,True,33757472444,33757472444,True,33696272444,33757472444,True,True
3,21474836508,5,33683000000,True,True,33683019163,33683019163,True,33696279163,33696279163,True,33757479163,33757479163,True,33696279163,33757479163,True,True
3,4294967328,1,33956000000,True,True,33956008077,33956008077,True,33969268077,33969268077,True,34030468077,34030468077,True,33969268077,34030468077,True,True
5,4294967328,1,33956000000,True,True,33956011086,33956011086,True,33969271086,33969271086,True,34030471086,34030471086,True,33969271086,34030471086,True,True
4,4294967328,1,33956000000,True,True,33956023527,33956023527,True,,33969283527,,34030483527,34030483527,True,33969283527,34030483527,True,True
1,21474836509,5,34034000000,True,True,34034011086,34034011086,True,34047271086,34047271086,True,34108471086,34108471086,True,34047271086,34108471086,True,True
4,21474836509,5,34034000000,True,True,34034012444,34034012444,True,34047272444,34047272444,True,34108472444,34108472444,True,34047272444,34108472444,True,True
3,21474836509,5,34034000000,True,True,34034019163,34034019163,True,34047279163,34047279163,True,34108479163,34108479163,True,34047279163,34108479163,True,True
3,4294967329,1,34489000000,True,True,34489008077,34489008077,True,34502268077,34502268077,True,34563468077,34563468077,True,34502268077,34563468077,True,True
5,4294967329,1,34489000000,True,True,34489011086,34489011086,True,34502271086,34502271086,True,34563471086,34563471086,True,34502271086,34563471086,True,True
4,4294967329,1,34489000000,True,True,34489023527,34489023527,True,,34502283527,,34563483527,34563483527,True,34502283527,34563483527,True,True
3,4294967330,1,34879000000,True,True,34879008077,34879008077,True,34892268077,34892268077,True,34927968077,34927968077,True,34892268077,34927968077,True,True
5,4294967330,1,34879000000,True,True,34879011086,34879011086,True,34892271086,34892271086,True,34927971086,34927971086,True,34892271086,34927971086,True,True
4,4294967330,1,34879000000,True,True,34879023527,34879023527,True,,34892283527,,34927983527,34927983527,True,34892283527,34927983527,True,True
1,21474836510,5,35009000000,True,True,35009011086,35009011086,True,35022271086,35022271086,True,35069191086,35069191086,True,35022271086,35069191086,True,True
4,21474836510,5,35009000000,True,True,35009012444,35009012444,True,35022272444,35022272444,True,35069192444,35069192444,True,35022272444,35069192444,True,True
3,21474836510,5,35009000000,True,True,35009019163,35009019163,True,35022279163,35022279163,True,35069199163,35069199163,True,35022279163,35069199163,True,True
3,4294967331,1,35347000000,True,True,35347008077,35347008077,True,35360268077,35360268077,True,35395968077,35395968077,True,35360268077,35395968077,True,True
5,4294967331,1,35347000000,True,True,35347011086,35347011086,True,35360271086,35360271086,True,35395971086,35395971086,True,35360271086,35395971086,True,True
4,4294967331,1,35347000000,True,True,35347023527,35347023527,True,,35360283527,,35395983527,35395983527,True,35360283527,35395983527,True,True
1,12884901915,3,35425000000,True,True,35425008077,35425008077,True,36430728077,36430728077,True,36485808077,36485808077,True,36430728077,36485808077,True,True
5,12884901915,3,35425000000,True,True,35425019163,35425019163,True,36430739163,36430739163,True,36485819163,36485819163,True,36430739163,36485819163,True,True
3,4294967332,1,36543000000,True,True,36543008077,36543008077,True,36556268077,36556268077,True,36591968077,36591968077,True,36556268077,36591968077,True,True
5,4294967332,1,36543000000,True,True,36543011086,36543011086,True,36556271086,36556271086,True,36591971086,36591971086,True,36556271086,36591971086,True,True
4,4294967332,1,36543000000,True,True,36543023527,36543023527,True,,36556283527,,36591983527,36591983527,True,36556283527,36591983527,True,True
1,12884901916,3,36595000000,True,True,36595008077,36595008077,True,36608268077,36608268077,True,36643968077,36643968077,True,36608268077,36643968077,True,True
5,12884901916,3,36595000000,True,True,36595019163,36595019163,True,36608279163,36608279163,True,36643979163,36643979163,True,36608279163,36643979163,True,True
1,12884901917,3,36647000000,True,True,36647008077,36647008077,True,36660268077,36660268077,True,36695968077,36695968077,True,36660268077,36695968077,True,True
5,12884901917,3,36647000000,True,True,36647019163,36647019163,True,36660279163,36660279163,True,36695979163,36695979163,True,36660279163,36695979163,True,True
3,4294967333,1,36725000000,True,True,36725008077,36725008077,True,36738268077,36738268077,True,36773968077,36773968077,True,36738268077,36773968077,True,True
5,4294967333,1,36725000000,True,True,36725011086,36725011086,True,36738271086,36738271086,True,36773971086,36773971086,True,36738271086,36773971086,True,True
4,4294967333,1,36725000000,True,True,36725023527,36725023527,True,,36738283527,,36773983527,36773983527,True,36738283527,36773983527,True,True
1,12884901918,3,36946000000,True,True,36946008077,36946008077,True,36959268077,36959268077,True,36994968077,36994968077,True,36959268077,36994968077,True,True
5,12884901918,3,36946000000,True,True,36946019163,36946019163,True,36959279163,36959279163,True,36994979163,36994979163,True,36959279163,36994979163,True,True
3,4294967334,1,37011000000,True,True,37011008077,37011008077,True,37024268077,37024268077,True,37059968077,37059968077,True,37024268077,37059968077,True,True
5,4294967334,1,37011000000,True,True,37011011086,37011011086,True,37024271086,37024271086,True,37059971086,37059971086,True,37024271086,37059971086,True,True
4,4294967334,1,37011000000,True,True,37011023527,37011023527,True,,37024283527,,37059983527,37059983527,True,37024283527,37059983527,True,True
3,4294967335,1,37167000000,True,True,37167008077,37167008077,True,37180268077,37180268077,True,37215968077,37215968077,True,37180268077,37215968077,True,True
5,4294967335,1,37167000000,True,True,37167011086,37167011086,True,37180271086,37180271086,True,37215971086,37215971086,True,37180271086,37215971086,True,True
4,4294967335,1,37167000000,True,True,37167023527,37167023527,True,,37180283527,,37215983527,37215983527,True,37180283527,37215983527,True,True
1,12884901919,3,37271000000,True,True,37271008077,37271008077,True,37284268077,37284268077,True,37319968077,37319968077,True,37284268077,37319968077,True,True
5,12884901919,3,37271000000,True,True,37271019163,37271019163,True,37284279163,37284279163,True,37319979163,37319979163,True,37284279163,37319979163,True,True
1,12884901920,3,40781000000,True,True,40781008077,40781008077,True,40794268077,40794268077,True,40900348077,40900348077,True,40794268077,40900348077,True,True
5,12884901920,3,40781000000,True,True,40781019163,40781019163,True,40794279163,40794279163,True,40900359163,40900359163,True,40794279163,40900359163,True,True
3,4294967336,1,41041000000,True,True,41041008077,41041008077,True,41054268077,41054268077,True,41202168077,41202168077,True,41054268077,41202168077,True,True
5,4294967336,1,41041000000,True,True,41041011086,41041011086,True,41054271086,41054271086,True,41202171086,41202171086,True,41054271086,41202171086,True,True
4,4294967336,1,41041000000,True,True,41041023527,41041023527,True,,41054283527,,41202183527,41202183527,True,41054283527,41202183527,True,True
1,21474836511,5,41210000000,True,True,41210011086,41210011086,True,42215731086,42215731086,True,42351391086,42351391086,True,42215731086,42351391086,True,True
4,21474836511,5,41210000000,True,True,41210012444,41210012444,True,42215732444,42215732444,True,42351392444,42351392444,True,42215732444,42351392444,True,True
3,21474836511,5,41210000000,True,True,41210019163,41210019163,True,42215739163,42215739163,True,42351399163,42351399163,True,42215739163,42351399163,True,True
3,4294967337,1,42367000000,True,True,42367008077,42367008077,True,42380268077,42380268077,True,42415968077,42415968077,True,42380268077,42415968077,True,True
5,4294967337,1,42367000000,True,True,42367011086,42367011086,True,42380271086,42380271086,True,42415971086,42415971086,True,42380271086,42415971086,True,True
4,4294967337,1,42367000000,True,True,42367023527,42367023527,True,,42380283527,,42415983527,42415983527,True,42380283527,42415983527,True,True
1,12884901921,3,42549000000,True,True,42549008077,42549008077,True,42562268077,42562268077,True,42639788077,42639788077,True,42562268077,42639788077,True,True
5,12884901921,3,42549000000,True,True,42549019163,42549019163,True,42562279163,42562279163,True,42639799163,42639799163,True,42562279163,42639799163,True,True
5,17179869185,4,42653000000,True,True,42653012444,42653012444,True,42666272444,42666272444,True,42694832444,42694832444,True,42666272444,42694832444,True,True
2,17179869185,4,42653000000,True,True,42653013632,42653013632,True,42666273632,42666273632,True,42694833632,42694833632,True,42666273632,42694833632,True,True
1,17179869185,4,42653000000,True,True,42653023527,42653023527,True,,42666283527,,42694843527,42694843527,True,42666283527,42694843527,True,True
3,4294967338,1,42731000000,True,True,42731008077,42731008077,True,42744268077,42744268077,True,42796288077,42796288077,True,42744268077,42796288077,True,True
5,4294967338,1,42731000000,True,True,42731011086,42731011086,True,42744271086,42744271086,True,42796291086,42796291086,True,42744271086,42796291086,True,True
4,4294967338,1,42731000000,True,True,42731023527,42731023527,True,,42744283527,,42796303527,42796303527,True,42744283527,42796303527,True,True
1,21474836512,5,42939000000,True,True,42939011086,42939011086,True,42952271086,42952271086,True,43102211086,43102211086,True,42952271086,43102211086,True,True
4,21474836512,5,42939000000,True,True,42939012444,42939012444,True,42952272444,42952272444,True,43102212444,43102212444,True,42952272444,43102212444,True,True
3,21474836512,5,42939000000,True,True,42939019163,42939019163,True,,42952279163,,43102219163,43102219163,True,42952279163,43102219163,True,True
1,12884901922,3,43004000000,True,True,43004008077,43004008077,True,43017268077,43017268077,True,43078468077,43078468077,True,43017268077,43078468077,True,True
5,12884901922,3,43004000000,True,True,43004019163,43004019163,True,43017279163,43017279163,True,43078479163,43078479163,True,43017279163,43078479163,True,True
3,4294967339,1,43134000000,True,True,43134008077,43134008077,True,43147268077,43147268077,True,43182968077,43182968077,True,43147268077,43182968077,True,True
5,4294967339,1,43134000000,True,True,43134011086,43134011086,True,43147271086,43147271086,True,43182971086,43182971086,True,43147271086,43182971086,True,True
4,4294967339,1,43134000000,True,True,43134023527,43134023527,True,,43147283527,,43182983527,43182983527,True,43147283527,43182983527,True,True
3,4294967340,1,43186000000,True,True,43186008077,43186008077,True,43199268077,43199268077,True,43234968077,43234968077,True,43199268077,43234968077,True,True
5,4294967340,1,43186000000,True,True,43186011086,43186011086,True,43199271086,43199271086,True,43234971086,43234971086,True,43199271086,43234971086,True,True
4,4294967340,1,43186000000,True,True,43186023527,43186023527,True,,43199283527,,43234983527,43234983527,True,43199283527,43234983527,True,True
1,21474836513,5,43368000000,True,True,43368011086,43368011086,True,43381271086,43381271086,True,43467971086,43467971086,True,43381271086,43467971086,True,True
4,21474836513,5,43368000000,True,True,43368012444,43368012444,True,43381272444,43381272444,True,43467972444,43467972444,True,43381272444,43467972444,True,True
3,21474836513,5,43368000000,True,True,43368019163,43368019163,True,43381279163,43381279163,True,43467979163,43467979163,True,43381279163,43467979163,True,True
1,12884901923,3,43472000000,True,True,43472008077,43472008077,True,43485268077,43485268077,True,43546468077,43546468077,True,43485268077,43546468077,True,True
5,12884901923,3,43472000000,True,True,43472019163,43472019163,True,43485279163,43485279163,True,43546479163,43546479163,True,43485279163,43546479163,True,True
5,17179869186,4,43563000000,True,True,43563012444,43563012444,True,43576272444,43576272444,True,43675212444,43675212444,True,43576272444,43675212444,True,True
2,17179869186,4,43563000000,True,True,43563013632,43563013632,True,43576273632,43576273632,True,43675213632,43675213632,True,43576273632,43675213632,True,True
1,17179869186,4,43563000000,True,True,43563023527,43563023527,True,,43576283527,,43675223527,43675223527,True,43576283527,43675223527,True,True
1,21474836514,5,43745000000,True,True,43745011086,43745011086,True,43758271086,43758271086,True,43905151086,43905151086,True,43758271086,43905151086,True,True
4,21474836514,5,43745000000,True,True,43745012444,43745012444,True,43758272444,43758272444,True,43905152444,43905152444,True,43758272444,43905152444,True,True
3,21474836514,5,43745000000,True,True,43745019163,43745019163,True,43758279163,43758279163,True,43905159163,43905159163,True,43758279163,43905159163,True,True
1,12884901924,3,43914000000,True,True,43914008077,43914008077,True,43927268077,43927268077,True,43988468077,43988468077,True,43927268077,43988468077,True,True
5,17179869187,4,43914000000,True,True,43914012444,43914012444,True,43927272444,43927272444,True,44021112444,44021112444,True,43927272444,44021112444,True,True
2,17179869187,4,43914000000,True,True,43914013632,43914013632,True,43927273632,43927273632,True,44021113632,44021113632,True,43927273632,44021113632,True,True
5,12884901924,3,43914000000,True,True,43914019163,43914019163,True,43927279163,43927279163,True,43988479163,43988479163,True,43927279163,43988479163,True,True
1,17179869187,4,43914000000,True,True,43914023527,43914023527,True,,43927283527,,44021123527,44021123527,True,43927283527,44021123527,True,True
1,21474836515,5,44031000000,True,True,44031011086,44031011086,True,44044271086,44044271086,True,44314571086,44314571086,True,44044271086,44314571086,True,True
4,21474836515,5,44031000000,True,True,44031012444,44031012444,True,44044272444,44044272444,True,44314572444,44314572444,True,44044272444,44314572444,True,True
3,21474836515,5,44031000000,True,True,44031019163,44031019163,True,44044279163,44044279163,True,44314579163,44314579163,True,44044279163,44314579163,True,True
3,4294967341,1,44343000000,True,True,44343008077,44343008077,True,44356268077,44356268077,True,44391968077,44391968077,True,44356268077,44391968077,True,True
5,4294967341,1,44343000000,True,True,44343011086,44343011086,True,44356271086,44356271086,True,44391971086,44391971086,True,44356271086,44391971086,True,True
4,4294967341,1,44343000000,True,True,44343023527,44343023527,True,,44356283527,,44391983527,44391983527,True,44356283527,44391983527,True,True
5,17179869188,4,44395000000,True,True,44395012444,44395012444,True,44408272444,44408272444,True,44643892444,44643892444,True,44408272444,44643892444,True,True
2,17179869188,4,44395000000,True,True,44395013632,44395013632,True,44408273632,44408273632,True,44643893632,44643893632,True,44408273632,44643893632,True,True
1,17179869188,4,44395000000,True,True,44395023527,44395023527,True,,44408283527,,44643903527,44643903527,True,44408283527,44643903527,True,True
1,12884901925,3,44434000000,True,True,44434008077,44434008077,True,44447268077,44447268077,True,44533968077,44533968077,True,44447268077,44533968077,True,True
5,12884901925,3,44434000000,True,True,44434019163,44434019163,True,44447279163,44447279163,True,44533979163,44533979163,True,44447279163,44533979163,True,True
1,12884901926,3,44824000000,True,True,44824008077,44824008077,True,44837268077,44837268077,True,44872968077,44872968077,True,44837268077,44872968077,True,True
5,12884901926,3,44824000000,True,True,44824019163,44824019163,True,44837279163,44837279163,True,44872979163,44872979163,True,44837279163,44872979163,True,True
1,21474836516,5,44915000000,True,True,44915011086,44915011086,True,44928271086,44928271086,True,45153691086,45153691086,True,44928271086,45153691086,True,True
5,17179869189,4,44915000000,True,True,44915012444,44915012444,True,44928272444,44928272444,True,45040472444,45040472444,True,44928272444,45040472444,True,True
4,21474836516,5,44915000000,True,True,44915012444,44915012444,True,44928272444,44928272444,True,45153692444,45153692444,True,44928272444,45153692444,True,True
2,17179869189,4,44915000000,True,True,44915013632,44915013632,True,44928273632,44928273632,True,45040473632,45040473632,True,44928273632,45040473632,True,True
3,21474836516,5,44915000000,True,True,44915019163,44915019163,True,44928279163,44928279163,True,45153699163,45153699163,True,44928279163,45153699163,True,True
1,17179869189,4,44915000000,True,True,44915023527,44915023527,True,,44928283527,,45040483527,45040483527,True,44928283527,45040483527,True,True
3,4294967342,1,45162000000,True,True,45162008077,45162008077,True,45175268077,45175268077,True,45276248077,45276248077,True,45175268077,45276248077,True,True
5,4294967342,1,45162000000,True,True,45162011086,45162011086,True,45175271086,45175271086,True,45276251086,45276251086,True,45175271086,45276251086,True,True
4,4294967342,1,45162000000,True,True,45162023527,45162023527,True,,45175283527,,45276263527,45276263527,True,45175283527,45276263527,True,True
5,17179869190,4,45214000000,True,True,45214012444,45214012444,True,45227272444,45227272444,True,45339472444,45339472444,True,45227272444,45339472444,True,True
2,17179869190,4,45214000000,True,True,45214013632,45214013632,True,45227273632,45227273632,True,45339473632,45339473632,True,45227273632,45339473632,True,True
1,17179869190,4,45214000000,True,True,45214023527,45214023527,True,,45227283527,,45339483527,45339483527,True,45227283527,45339483527,True,True
1,12884901927,3,45474000000,True,True,45474008077,45474008077,True,45487268077,45487268077,True,45613748077,45613748077,True,45487268077,45613748077,True,True
5,12884901927,3,45474000000,True,True,45474019163,45474019163,True,,45487279163,,45613759163,45613759163,True,45487279163,45613759163,True,True
1,21474836517,5,45500000000,True,True,45500011086,45500011086,True,45513271086,45513271086,True,45676471086,45676471086,True,45513271086,45676471086,True,True
4,21474836517,5,45500000000,True,True,45500012444,45500012444,True,45513272444,45513272444,True,45676472444,45676472444,True,45513272444,45676472444,True,True
3,21474836517,5,45500000000,True,True,45500019163,45500019163,True,45513279163,45513279163,True,45676479163,45676479163,True,45513279163,45676479163,True,True
3,4294967343,1,45656000000,True,True,45656008077,45656008077,True,45669268077,45669268077,True,45755968077,45755968077,True,45669268077,45755968077,True,True
5,4294967343,1,45656000000,True,True,45656011086,45656011086,True,45669271086,45669271086,True,45755971086,45755971086,True,45669271086,45755971086,True,True
4,4294967343,1,45656000000,True,True,45656023527,45656023527,True,,45669283527,,45755983527,45755983527,True,45669283527,45755983527,True,True
1,21474836518,5,45708000000,True,True,45708011086,45708011086,True,45721271086,45721271086,True,45884471086,45884471086,True,45721271086,45884471086,True,True
4,21474836518,5,45708000000,True,True,45708012444,45708012444,True,45721272444,45721272444,True,45884472444,45884472444,True,45721272444,45884472444,True,True
3,21474836518,5,45708000000,True,True,45708019163,45708019163,True,,45721279163,,45884479163,45884479163,True,45721279163,45884479163,True,True
1,12884901928,3,45851000000,True,True,45851008077,45851008077,True,45864268077,45864268077,True,45950968077,45950968077,True,45864268077,45950968077,True,True
5,12884901928,3,45851000000,True,True,45851019163,45851019163,True,45864279163,45864279163,True,45950979163,45950979163,True,45864279163,45950979163,True,True
1,21474836519,5,45929000000,True,True,45929011086,45929011086,True,46934731086,46934731086,True,47091811086,47091811086,True,46934731086,47091811086,True,True
4,21474836519,5,45929000000,True,True,45929012444,45929012444,True,46934732444,46934732444,True,47091812444,47091812444,True,46934732444,47091812444,True,True
3,21474836519,5,45929000000,True,True,45929019163,45929019163,True,46934739163,46934739163,True,47091819163,47091819163,True,46934739163,47091819163,True,True
1,21474836520,5,47138000000,True,True,47138011086,47138011086,True,47151271086,47151271086,True,47274691086,47274691086,True,47151271086,47274691086,True,True
4,21474836520,5,47138000000,True,True,47138012444,47138012444,True,47151272444,47151272444,True,47274692444,47274692444,True,47151272444,47274692444,True,True
3,21474836520,5,47138000000,True,True,47138019163,47138019163,True,47151279163,47151279163,True,47274699163,47274699163,True,47151279163,47274699163,True,True
5,17179869191,4,47281000000,True,True,47281012444,47281012444,True,47294272444,47294272444,True,47406472444,47406472444,True,47294272444,47406472444,True,True
2,17179869191,4,47281000000,True,True,47281013632,47281013632,True,47294273632,47294273632,True,47406473632,47406473632,True,47294273632,47406473632,True,True
1,17179869191,4,47281000000,True,True,47281023527,47281023527,True,,47294283527,,47406483527,47406483527,True,47294283527,47406483527,True,True
1,12884901929,3,47372000000,True,True,47372008077,47372008077,True,47385268077,47385268077,True,47471968077,47471968077,True,47385268077,47471968077,True,True
5,12884901929,3,47372000000,True,True,47372019163,47372019163,True,47385279163,47385279163,True,47471979163,47471979163,True,47385279163,47471979163,True,True
1,12884901930,3,47515000000,True,True,47515008077,47515008077,True,47528268077,47528268077,True,47629248077,47629248077,True,47528268077,47629248077,True,True
5,12884901930,3,47515000000,True,True,47515019163,47515019163,True,47528279163,47528279163,True,47629259163,47629259163,True,47528279163,47629259163,True,True
3,4294967344,1,47723000000,True,True,47723008077,47723008077,True,47736268077,47736268077,True,47822968077,47822968077,True,47736268077,47822968077,True,True
5,4294967344,1,47723000000,True,True,47723011086,47723011086,True,47736271086,47736271086,True,47822971086,47822971086,True,47736271086,47822971086,True,True
4,4294967344,1,47723000000,True,True,47723023527,47723023527,True,,47736283527,,47822983527,47822983527,True,47736283527,47822983527,True,True
5,17179869192,4,47736000000,True,True,47736012444,47736012444,True,47749272444,47749272444,True,47835972444,47835972444,True,47749272444,47835972444,True,True
2,17179869192,4,47736000000,True,True,47736013632,47736013632,True,47749273632,47749273632,True,47835973632,47835973632,True,47749273632,47835973632,True,True
1,17179869192,4,47736000000,True,True,47736023527,47736023527,True,,47749283527,,47835983527,47835983527,True,47749283527,47835983527,True,True
3,4294967345,1,47957000000,True,True,47957008077,47957008077,True,47970268077,47970268077,True,48056968077,48056968077,True,47970268077,48056968077,True,True
5,4294967345,1,47957000000,True,True,47957011086,47957011086,True,47970271086,47970271086,True,48056971086,48056971086,True,47970271086,48056971086,True,True
4,4294967345,1,47957000000,True,True,47957023527,47957023527,True,,47970283527,,48056983527,48056983527,True,47970283527,48056983527,True,True
1,21474836521,5,48061000000,True,True,48061011086,48061011086,True,48074271086,48074271086,True,48135471086,48135471086,True,48074271086,48135471086,True,True
4,21474836521,5,48061000000,True,True,48061012444,48061012444,True,48074272444,48074272444,True,48135472444,48135472444,True,48074272444,48135472444,True,True
3,21474836521,5,48061000000,True,True,48061019163,48061019163,True,48074279163,48074279163,True,48135479163,48135479163,True,48074279163,48135479163,True,True
3,4294967346,1,48191000000,True,True,48191008077,48191008077,True,48204268077,48204268077,True,48265468077,48265468077,True,48204268077,48265468077,True,True
5,4294967346,1,48191000000,True,True,48191011086,48191011086,True,48204271086,48204271086,True,48265471086,48265471086,True,48204271086,48265471086,True,True
4,4294967346,1,48191000000,True,True,48191023527,48191023527,True,,48204283527,,48265483527,48265483527,True,48204283527,48265483527,True,True
5,17179869193,4,48295000000,True,True,48295012444,48295012444,True,48308272444,48308272444,True,48343972444,48343972444,True,48308272444,48343972444,True,True
2,17179869193,4,48295000000,True,True,48295013632,48295013632,True,48308273632,48308273632,True,48343973632,48343973632,True,48308273632,48343973632,True,True
1,17179869193,4,48295000000,True,True,48295023527,48295023527,True,,48308283527,,48343983527,48343983527,True,48308283527,48343983527,True,True
3,4294967347,1,48321000000,True,True,48321008077,48321008077,True,48334268077,48334268077,True,48369968077,48369968077,True,48334268077,48369968077,True,True
5,4294967347,1,48321000000,True,True,48321011086,48321011086,True,48334271086,48334271086,True,48369971086,48369971086,True,48334271086,48369971086,True,True
4,4294967347,1,48321000000,True,True,48321023527,48321023527,True,,48334283527,,48369983527,48369983527,True,48334283527,48369983527,True,True
1,12884901931,3,48386000000,True,True,48386008077,48386008077,True,48399268077,48399268077,True,48460468077,48460468077,True,48399268077,48460468077,True,True
5,12884901931,3,48386000000,True,True,48386019163,48386019163,True,48399279163,48399279163,True,48460479163,48460479163,True,48399279163,48460479163,True,True
1,21474836522,5,48633000000,True,True,48633011086,48633011086,True,48646271086,48646271086,True,48681971086,48681971086,True,48646271086,48681971086,True,True
4,21474836522,5,48633000000,True,True,48633012444,48633012444,True,48646272444,48646272444,True,48681972444,48681972444,True,48646272444,48681972444,True,True
3,21474836522,5,48633000000,True,True,48633019163,48633019163,True,48646279163,48646279163,True,48681979163,48681979163,True,48646279163,48681979163,True,True
5,17179869194,4,48789000000,True,True,48789012444,48789012444,True,48802272444,48802272444,True,48837972444,48837972444,True,48802272444,48837972444,True,True
2,17179869194,4,48789000000,True,True,48789013632,48789013632,True,48802273632,48802273632,True,48837973632,48837973632,True,48802273632,48837973632,True,True
1,17179869194,4,48789000000,True,True,48789023527,48789023527,True,,48802283527,,48837983527,48837983527,True,48802283527,48837983527,True,True
1,21474836523,5,48854000000,True,True,48854011086,48854011086,True,48867271086,48867271086,True,48902971086,48902971086,True,48867271086,48902971086,True,True
4,21474836523,5,48854000000,True,True,48854012444,48854012444,True,48867272444,48867272444,True,48902972444,48902972444,True,48867272444,48902972444,True,True
3,21474836523,5,48854000000,True,True,48854019163,48854019163,True,48867279163,48867279163,True,48902979163,48902979163,True,48867279163,48902979163,True,True
5,17179869195,4,48971000000,True,True,48971012444,48971012444,True,48984272444,48984272444,True,49019972444,49019972444,True,48984272444,49019972444,True,True
2,17179869195,4,48971000000,True,True,48971013632,48971013632,True,48984273632,48984273632,True,49019973632,49019973632,True,48984273632,49019973632,True,True
1,17179869195,4,48971000000,True,True,48971023527,48971023527,True,,48984283527,,49019983527,49019983527,True,48984283527,49019983527,True,True
1,21474836524,5,49075000000,True,True,49075011086,49075011086,True,49088271086,49088271086,True,49123971086,49123971086,True,49088271086,49123971086,True,True
4,21474836524,5,49075000000,True,True,49075012444,49075012444,True,49088272444,49088272444,True,49123972444,49123972444,True,49088272444,49123972444,True,True
3,21474836524,5,49075000000,True,True,49075019163,49075019163,True,49088279163,49088279163,True,49123979163,49123979163,True,49088279163,49123979163,True,True
1,21474836525,5,49322000000,True,True,49322011086,49322011086,True,49335271086,49335271086,True,49370971086,49370971086,True,49335271086,49370971086,True,True
4,21474836525,5,49322000000,True,True,49322012444,49322012444,True,49335272444,49335272444,True,49370972444,49370972444,True,49335272444,49370972444,True,True
3,21474836525,5,49322000000,True,True,49322019163,49322019163,True,49335279163,49335279163,True,49370979163,49370979163,True,49335279163,49370979163,True,True
1,21474836526,5,51233000000,True,True,51233011086,51233011086,True,52238731086,52238731086,True,52268311086,52268311086,True,52238731086,52268311086,True,True
4,21474836526,5,51233000000,True,True,51233012444,51233012444,True,52238732444,52238732444,True,52268312444,52268312444,True,52238732444,52268312444,True,True
3,21474836526,5,51233000000,True,True,51233019163,51233019163,True,,52238739163,,52268319163,52268319163,True,52238739163,52268319163,True,True
1,21474836527,5,56173000000,True,True,56173011086,56173011086,True,56186271086,56186271086,True,56340291086,56340291086,True,56186271086,56340291086,True,True
4,21474836527,5,56173000000,True,True,56173012444,56173012444,True,56186272444,56186272444,True,56340292444,56340292444,True,56186272444,56340292444,True,True
3,21474836527,5,56173000000,True,True,56173019163,56173019163,True,56186279163,56186279163,True,56340299163,56340299163,True,56186279163,56340299163,True,True
1,12884901932,3,56407000000,True,True,56407008077,56407008077,True,56420268077,56420268077,True,56585508077,56585508077,True,56420268077,56585508077,True,True
5,12884901932,3,56407000000,True,True,56407019163,56407019163,True,,56420279163,,56585519163,56585519163,True,56420279163,56585519163,True,True
5,17179869196,4,56420000000,True,True,56420012444,56420012444,True,57425732444,57425732444,True,57581792444,57581792444,True,57425732444,57581792444,True,True
2,17179869196,4,56420000000,True,True,56420013632,56420013632,True,57425733632,57425733632,True,57581793632,57581793632,True,57425733632,57581793632,True,True
1,17179869196,4,56420000000,True,True,56420023527,56420023527,True,,57425743527,,57581803527,57581803527,True,57425743527,57581803527,True,True
1,12884901933,3,56719000000,True,True,56719008077,56719008077,True,56732268077,56732268077,True,56767968077,56767968077,True,56732268077,56767968077,True,True
5,12884901933,3,56719000000,True,True,56719019163,56719019163,True,56732279163,56732279163,True,56767979163,56767979163,True,56732279163,56767979163,True,True
3,4294967348,1,56914000000,True,True,56914008077,56914008077,True,56927268077,56927268077,True,57092508077,57092508077,True,56927268077,57092508077,True,True
5,4294967348,1,56914000000,True,True,56914011086,56914011086,True,56927271086,56927271086,True,57092511086,57092511086,True,56927271086,57092511086,True,True
4,4294967348,1,56914000000,True,True,56914023527,56914023527,True,,56927283527,,57092523527,57092523527,True,56927283527,57092523527,True,True
1,12884901934,3,57122000000,True,True,57122008077,57122008077,True,57135268077,57135268077,True,57170968077,57170968077,True,57135268077,57170968077,True,True
5,12884901934,3,57122000000,True,True,57122019163,57122019163,True,57135279163,57135279163,True,57170979163,57170979163,True,57135279163,57170979163,True,True
3,4294967349,1,57291000000,True,True,57291008077,57291008077,True,57304268077,57304268077,True,57339968077,57339968077,True,57304268077,57339968077,True,True
5,4294967349,1,57291000000,True,True,57291011086,57291011086,True,57304271086,57304271086,True,57339971086,57339971086,True,57304271086,57339971086,True,True
4,4294967349,1,57291000000,True,True,57291023527,57291023527,True,,57304283527,,57339983527,57339983527,True,57304283527,57339983527,True,True
3,4294967350,1,57460000000,True,True,57460008077,57460008077,True,57473268077,57473268077,True,57508968077,57508968077,True,57473268077,57508968077,True,True
5,4294967350,1,57460000000,True,True,57460011086,57460011086,True,57473271086,57473271086,True,57508971086,57508971086,True,57473271086,57508971086,True,True
4,4294967350,1,57460000000,True,True,57460023527,57460023527,True,,57473283527,,57508983527,57508983527,True,57473283527,57508983527,True,True
3,4294967351,1,57525000000,True,True,57525008077,57525008077,True,57538268077,57538268077,True,57573968077,57573968077,True,57538268077,57573968077,True,True
5,4294967351,1,57525000000,True,True,57525011086,57525011086,True,57538271086,57538271086,True,57573971086,57573971086,True,57538271086,57573971086,True,True
4,4294967351,1,57525000000,True,True,57525023527,57525023527,True,,57538283527,,57573983527,57573983527,True,57538283527,57573983527,True,True
1,12884901935,3,57629000000,True,True,57629008077,57629008077,True,57642268077,57642268077,True,57677968077,57677968077,True,57642268077,57677968077,True,True
5,12884901935,3,57629000000,True,True,57629019163,57629019163,True,57642279163,57642279163,True,57677979163,57677979163,True,57642279163,57677979163,True,True
3,4294967352,1,57681000000,True,True,57681008077,57681008077,True,57694268077,57694268077,True,57729968077,57729968077,True,57694268077,57729968077,True,True
5,4294967352,1,57681000000,True,True,57681011086,57681011086,True,57694271086,57694271086,True,57729971086,57729971086,True,57694271086,57729971086,True,True
4,4294967352,1,57681000000,True,True,57681023527,57681023527,True,,57694283527,,57729983527,57729983527,True,57694283527,57729983527,True,True
1,12884901936,3,57733000000,True,True,57733008077,57733008077,True,57746268077,57746268077,True,57781968077,57781968077,True,57746268077,57781968077,True,True
5,12884901936,3,57733000000,True,True,57733019163,57733019163,True,57746279163,57746279163,True,57781979163,57781979163,True,57746279163,57781979163,True,True
5,17179869197,4,57772000000,True,True,57772012444,57772012444,True,57785272444,57785272444,True,57820972444,57820972444,True,57785272444,57820972444,True,True
2,17179869197,4,57772000000,True,True,57772013632,57772013632,True,57785273632,57785273632,True,57820973632,57820973632,True,57785273632,57820973632,True,True
1,17179869197,4,57772000000,True,True,57772023527,57772023527,True,,57785283527,,57820983527,57820983527,True,57785283527,57820983527,True,True
5,17179869198,4,57863000000,True,True,57863012444,57863012444,True,57876272444,57876272444,True,57911972444,57911972444,True,57876272444,57911972444,True,True
2,17179869198,4,57863000000,True,True,57863013632,57863013632,True,57876273632,57876273632,True,57911973632,57911973632,True,57876273632,57911973632,True,True
1,17179869198,4,57863000000,True,True,57863023527,57863023527,True,,57876283527,,57911983527,57911983527,True,57876283527,57911983527,True,True
1,21474836528,5,57967000000,True,True,57967011086,57967011086,True,57980271086,57980271086,True,58032291086,58032291086,True,57980271086,58032291086,True,True
4,21474836528,5,57967000000,True,True,57967012444,57967012444,True,57980272444,57980272444,True,58032292444,58032292444,True,57980272444,58032292444,True,True
4,8589934593,2,57967000000,True,True,57967013632,57967013632,True,57980273632,57980273632,True,58008833632,58008833632,True,57980273632,58008833632,True,True
8,8589934593,2,57967000000,True,True,57967015346,57967015346,True,57980275346,57980275346,True,58008835346,58008835346,True,57980275346,58008835346,True,True
3,21474836528,5,57967000000,True,True,57967019163,57967019163,True,57980279163,57980279163,True,58032299163,58032299163,True,57980279163,58032299163,True,True
1,21474836529,5,58058000000,True,True,58058011086,58058011086,True,58071271086,58071271086,True,58106971086,58106971086,True,58071271086,58106971086,True,True
4,21474836529,5,58058000000,True,True,58058012444,58058012444,True,58071272444,58071272444,True,58106972444,58106972444,True,58071272444,58106972444,True,True
3,21474836529,5,58058000000,True,True,58058019163,58058019163,True,58071279163,58071279163,True,58106979163,58106979163,True,58071279163,58106979163,True,True
1,21474836530,5,58396000000,True,True,58396011086,58396011086,True,58409271086,58409271086,True,58444971086,58444971086,True,58409271086,58444971086,True,True
4,21474836530,5,58396000000,True,True,58396012444,58396012444,True,58409272444,58409272444,True,58444972444,58444972444,True,58409272444,58444972444,True,True
3,21474836530,5,58396000000,True,True,58396019163,58396019163,True,58409279163,58409279163,True,58444979163,58444979163,True,58409279163,58444979163,True,True
5,17179869199,4,58461000000,True,True,58461012444,58461012444,True,58474272444,58474272444,True,58535472444,58535472444,True,58474272444,58535472444,True,True
2,17179869199,4,58461000000,True,True,58461013632,58461013632,True,58474273632,58474273632,True,58535473632,58535473632,True,58474273632,58535473632,True,True
1,17179869199,4,58461000000,True,True,58461023527,58461023527,True,,58474283527,,58535483527,58535483527,True,58474283527,58535483527,True,True
5,17179869200,4,58591000000,True,True,58591012444,58591012444,True,58604272444,58604272444,True,58665472444,58665472444,True,58604272444,58665472444,True,True
2,17179869200,4,58591000000,True,True,58591013632,58591013632,True,58604273632,58604273632,True,58665473632,58665473632,True,58604273632,58665473632,True,True
1,17179869200,4,58591000000,True,True,58591023527,58591023527,True,,58604283527,,58665483527,58665483527,True,58604283527,58665483527,True,True
5,17179869201,4,58734000000,True,True,58734012444,58734012444,True,58747272444,58747272444,True,58782972444,58782972444,True,58747272444,58782972444,True,True
2,17179869201,4,58734000000,True,True,58734013632,58734013632,True,58747273632,58747273632,True,58782973632,58782973632,True,58747273632,58782973632,True,True
1,17179869201,4,58734000000,True,True,58734023527,58734023527,True,,58747283527,,58782983527,58782983527,True,58747283527,58782983527,True,True
1,21474836531,5,58838000000,True,True,58838011086,58838011086,True,58851271086,58851271086,True,58886971086,58886971086,True,58851271086,58886971086,True,True
4,21474836531,5,58838000000,True,True,58838012444,58838012444,True,58851272444,58851272444,True,58886972444,58886972444,True,58851272444,58886972444,True,True
3,21474836531,5,58838000000,True,True,58838019163,58838019163,True,58851279163,58851279163,True,58886979163,58886979163,True,58851279163,58886979163,True,True
1,12884901937,3,58890000000,True,True,58890008077,58890008077,True,58903268077,58903268077,True,59011388077,59011388077,True,58903268077,59011388077,True,True
5,12884901937,3,58890000000,True,True,58890019163,58890019163,True,58903279163,58903279163,True,59011399163,59011399163,True,58903279163,59011399163,True,True
3,4294967353,1,59033000000,True,True,59033008077,59033008077,True,59046268077,59046268077,True,59154388077,59154388077,True,59046268077,59154388077,True,True
5,4294967353,1,59033000000,True,True,59033011086,59033011086,True,59046271086,59046271086,True,59154391086,59154391086,True,59046271086,59154391086,True,True
4,4294967353,1,59033000000,True,True,59033023527,59033023527,True,,59046283527,,59154403527,59154403527,True,59046283527,59154403527,True,True
5,17179869202,4,59098000000,True,True,59098012444,59098012444,True,59111272444,59111272444,True,59146972444,59146972444,True,59111272444,59146972444,True,True
2,17179869202,4,59098000000,True,True,59098013632,59098013632,True,59111273632,59111273632,True,59146973632,59146973632,True,59111273632,59146973632,True,True
1,17179869202,4,59098000000,True,True,59098023527,59098023527,True,,59111283527,,59146983527,59146983527,True,59111283527,59146983527,True,True
5,17179869203,4,59358000000,True,True,59358012444,59358012444,True,59371272444,59371272444,True,59406972444,59406972444,True,59371272444,59406972444,True,True
2,17179869203,4,59358000000,True,True,59358013632,59358013632,True,59371273632,59371273632,True,59406973632,59406973632,True,59371273632,59406973632,True,True
1,17179869203,4,59358000000,True,True,59358023527,59358023527,True,,59371283527,,59406983527,59406983527,True,59371283527,59406983527,True,True
1,21474836532,5,59553000000,True,True,59553011086,59553011086,True,59566271086,59566271086,True,59652971086,59652971086,True,59566271086,59652971086,True,True
4,21474836532,5,59553000000,True,True,59553012444,59553012444,True,59566272444,59566272444,True,59652972444,59652972444,True,59566272444,59652972444,True,True
3,21474836532,5,59553000000,True,True,59553019163,59553019163,True,59566279163,59566279163,True,59652979163,59652979163,True,59566279163,59652979163,True,True
1,21474836533,5,59735000000,True,True,59735011086,59735011086,True,59748271086,59748271086,True,59809471086,59809471086,True,59748271086,59809471086,True,True
4,21474836533,5,59735000000,True,True,59735012444,59735012444,True,59748272444,59748272444,True,59809472444,59809472444,True,59748272444,59809472444,True,True
3,21474836533,5,59735000000,True,True,59735019163,59735019163,True,59748279163,59748279163,True,59809479163,59809479163,True,59748279163,59809479163,True,True
1,21474836534,5,60203000000,True,True,60203011086,60203011086,True,60216271086,60216271086,True,60277471086,60277471086,True,60216271086,60277471086,True,True
4,21474836534,5,60203000000,True,True,60203012444,60203012444,True,60216272444,60216272444,True,60277472444,60277472444,True,60216272444,60277472444,True,True
3,21474836534,5,60203000000,True,True,60203019163,60203019163,True,60216279163,60216279163,True,60277479163,60277479163,True,60216279163,60277479163,True,True
1,21474836535,5,60593000000,True,True,60593011086,60593011086,True,60606271086,60606271086,True,60667471086,60667471086,True,60606271086,60667471086,True,True
4,21474836535,5,60593000000,True,True,60593012444,60593012444,True,60606272444,60606272444,True,60667472444,60667472444,True,60606272444,60667472444,True,True
3,21474836535,5,60593000000,True,True,60593019163,60593019163,True,60606279163,60606279163,True,60667479163,60667479163,True,60606279163,60667479163,True,True
1,21474836536,5,61009000000,True,True,61009011086,61009011086,True,61022271086,61022271086,True,61083471086,61083471086,True,61022271086,61083471086,True,True
4,21474836536,5,61009000000,True,True,61009012444,61009012444,True,61022272444,61022272444,True,61083472444,61083472444,True,61022272444,61083472444,True,True
3,21474836536,5,61009000000,True,True,61009019163,61009019163,True,61022279163,61022279163,True,61083479163,61083479163,True,61022279163,61083479163,True,True
5,17179869204,4,61555000000,True,True,61555012444,61555012444,True,62560732444,62560732444,True,62590312444,62590312444,True,62560732444,62590312444,True,True
2,17179869204,4,61555000000,True,True,61555013632,61555013632,True,62560733632,62560733632,True,62590313632,62590313632,True,62560733632,62590313632,True,True
1,17179869204,4,61555000000,True,True,61555023527,61555023527,True,,62560743527,,62590323527,62590323527,True,62560743527,62590323527,True,True
4,8589934594,2,62829000000,True,True,62829013632,62829013632,True,62842273632,62842273632,True,62870833632,62870833632,True,62842273632,62870833632,True,True
8,8589934594,2,62829000000,True,True,62829015346,62829015346,True,62842275346,62842275346,True,62870835346,62870835346,True,62842275346,62870835346,True,True
5,17179869205,4,62985000000,True,True,62985012444,62985012444,True,62998272444,62998272444,True,63071712444,63071712444,True,62998272444,63071712444,True,True
2,17179869205,4,62985000000,True,True,62985013632,62985013632,True,62998273632,62998273632,True,63071713632,63071713632,True,62998273632,63071713632,True,True
1,17179869205,4,62985000000,True,True,62985023527,62985023527,True,,62998283527,,63071723527,63071723527,True,62998283527,63071723527,True,True
4,8589934595,2,63167000000,True,True,63167013632,63167013632,True,63180273632,63180273632,True,63279213632,63279213632,True,63180273632,63279213632,True,True
8,8589934595,2,63167000000,True,True,63167015346,63167015346,True,63180275346,63180275346,True,63279215346,63279215346,True,63180275346,63279215346,True,True
5,17179869206,4,63284000000,True,True,63284012444,63284012444,True,63297272444,63297272444,True,63367652444,63367652444,True,63297272444,63367652444,True,True
2,17179869206,4,63284000000,True,True,63284013632,63284013632,True,63297273632,63297273632,True,63367653632,63367653632,True,63297273632,63367653632,True,True
1,17179869206,4,63284000000,True,True,63284023527,63284023527,True,,63297283527,,63367663527,63367663527,True,63297283527,63367663527,True,True
5,17179869207,4,63583000000,True,True,63583012444,63583012444,True,63596272444,63596272444,True,63631972444,63631972444,True,63596272444,63631972444,True,True
2,17179869207,4,63583000000,True,True,63583013632,63583013632,True,63596273632,63596273632,True,63631973632,63631973632,True,63596273632,63631973632,True,True
1,17179869207,4,63583000000,True,True,63583023527,63583023527,True,,63596283527,,63631983527,63631983527,True,63596283527,63631983527,True,True
4,8589934596,2,63687000000,True,True,63687013632,63687013632,True,63700273632,63700273632,True,63794113632,63794113632,True,63700273632,63794113632,True,True
8,8589934596,2,63687000000,True,True,63687015346,63687015346,True,63700275346,63700275346,True,63794115346,63794115346,True,63700275346,63794115346,True,True
4,8589934597,2,63804000000,True,True,63804013632,63804013632,True,63817273632,63817273632,True,63878473632,63878473632,True,63817273632,63878473632,True,True
8,8589934597,2,63804000000,True,True,63804015346,63804015346,True,63817275346,63817275346,True,63878475346,63878475346,True,63817275346,63878475346,True,True
4,8589934598,2,64012000000,True,True,64012013632,64012013632,True,64025273632,64025273632,True,64086473632,64086473632,True,64025273632,64086473632,True,True
8,8589934598,2,64012000000,True,True,64012015346,64012015346,True,64025275346,64025275346,True,64086475346,64086475346,True,64025275346,64086475346,True,True
5,17179869208,4,64207000000,True,True,64207012444,64207012444,True,64220272444,64220272444,True,64434472444,64434472444,True,64220272444,64434472444,True,True
2,17179869208,4,64207000000,True,True,64207013632,64207013632,True,64220273632,64220273632,True,64434473632,64434473632,True,64220273632,64434473632,True,True
1,17179869208,4,64207000000,True,True,64207023527,64207023527,True,,64220283527,,64434483527,64434483527,True,64220283527,64434483527,True,True
4,8589934599,2,64519000000,True,True,64519013632,64519013632,True,64532273632,64532273632,True,64791353632,64791353632,True,64532273632,64791353632,True,True
8,8589934599,2,64519000000,True,True,64519015346,64519015346,True,64532275346,64532275346,True,64791355346,64791355346,True,64532275346,64791355346,True,True
1,21474836537,5,64688000000,True,True,64688011086,64688011086,True,64701271086,64701271086,True,64736971086,64736971086,True,64701271086,64736971086,True,True
4,21474836537,5,64688000000,True,True,64688012444,64688012444,True,64701272444,64701272444,True,64736972444,64736972444,True,64701272444,64736972444,True,True
3,21474836537,5,64688000000,True,True,64688019163,64688019163,True,64701279163,64701279163,True,64736979163,64736979163,True,64701279163,64736979163,True,True
1,21474836538,5,64831000000,True,True,64831011086,64831011086,True,64844271086,64844271086,True,64879971086,64879971086,True,64844271086,64879971086,True,True
4,21474836538,5,64831000000,True,True,64831012444,64831012444,True,64844272444,64844272444,True,64879972444,64879972444,True,64844272444,64879972444,True,True
3,21474836538,5,64831000000,True,True,64831019163,64831019163,True,,64844279163,,64879979163,64879979163,True,64844279163,64879979163,True,True
5,17179869209,4,64883000000,True,True,64883012444,64883012444,True,64896272444,64896272444,True,65070692444,65070692444,True,64896272444,65070692444,True,True
2,17179869209,4,64883000000,True,True,64883013632,64883013632,True,64896273632,64896273632,True,65070693632,65070693632,True,64896273632,65070693632,True,True
1,17179869209,4,64883000000,True,True,64883023527,64883023527,True,,64896283527,,65070703527,65070703527,True,64896283527,65070703527,True,True
4,8589934600,2,65078000000,True,True,65078013632,65078013632,True,65091273632,65091273632,True,65203473632,65203473632,True,65091273632,65203473632,True,True
8,8589934600,2,65078000000,True,True,65078015346,65078015346,True,65091275346,65091275346,True,65203475346,65203475346,True,65091275346,65203475346,True,True
1,21474836539,5,65403000000,True,True,65403011086,65403011086,True,65416271086,65416271086,True,65517251086,65517251086,True,65416271086,65517251086,True,True
4,21474836539,5,65403000000,True,True,65403012444,65403012444,True,65416272444,65416272444,True,65517252444,65517252444,True,65416272444,65517252444,True,True
3,21474836539,5,65403000000,True,True,65403019163,65403019163,True,,65416279163,,65517259163,65517259163,True,65416279163,65517259163,True,True
4,8589934601,2,65468000000,True,True,65468013632,65468013632,True,65481273632,65481273632,True,65567973632,65567973632,True,65481273632,65567973632,True,True
8,8589934601,2,65468000000,True,True,65468015346,65468015346,True,65481275346,65481275346,True,65567975346,65567975346,True,65481275346,65567975346,True,True
5,17179869210,4,65559000000,True,True,65559012444,65559012444,True,65572272444,65572272444,True,65735472444,65735472444,True,65572272444,65735472444,True,True
2,17179869210,4,65559000000,True,True,65559013632,65559013632,True,65572273632,65572273632,True,65735473632,65735473632,True,65572273632,65735473632,True,True
1,17179869210,4,65559000000,True,True,65559023527,65559023527,True,,65572283527,,65735483527,65735483527,True,65572283527,65735483527,True,True
3,4294967354,1,65741000000,True,True,65741008077,65741008077,True,65754268077,65754268077,True,65832808077,65832808077,True,65754268077,65832808077,True,True
5,4294967354,1,65741000000,True,True,65741011086,65741011086,True,65754271086,65754271086,True,65832811086,65832811086,True,65754271086,65832811086,True,True
4,4294967354,1,65741000000,True,True,65741023527,65741023527,True,,65754283527,,65832823527,65832823527,True,65754283527,65832823527,True,True
5,17179869211,4,65910000000,True,True,65910012444,65910012444,True,65923272444,65923272444,True,66060972444,66060972444,True,65923272444,66060972444,True,True
2,17179869211,4,65910000000,True,True,65910013632,65910013632,True,65923273632,65923273632,True,66060973632,66060973632,True,65923273632,66060973632,True,True
1,17179869211,4,65910000000,True,True,65910023527,65910023527,True,,65923283527,,66060983527,66060983527,True,65923283527,66060983527,True,True
3,4294967355,1,65936000000,True,True,65936008077,65936008077,True,65949268077,65949268077,True,65984968077,65984968077,True,65949268077,65984968077,True,True
5,4294967355,1,65936000000,True,True,65936011086,65936011086,True,65949271086,65949271086,True,65984971086,65984971086,True,65949271086,65984971086,True,True
4,4294967355,1,65936000000,True,True,65936023527,65936023527,True,,65949283527,,65984983527,65984983527,True,65949283527,65984983527,True,True
1,12884901938,3,66027000000,True,True,66027008077,66027008077,True,66040268077,66040268077,True,66121868077,66121868077,True,66040268077,66121868077,True,True
5,12884901938,3,66027000000,True,True,66027019163,66027019163,True,66040279163,66040279163,True,66121879163,66121879163,True,66040279163,66121879163,True,True
4,8589934602,2,66118000000,True,True,66118013632,66118013632,True,66131273632,66131273632,True,66217973632,66217973632,True,66131273632,66217973632,True,True
8,8589934602,2,66118000000,True,True,66118015346,66118015346,True,66131275346,66131275346,True,66217975346,66217975346,True,66131275346,66217975346,True,True
1,21474836540,5,66222000000,True,True,66222011086,66222011086,True,66235271086,66235271086,True,66321971086,66321971086,True,66235271086,66321971086,True,True
4,21474836540,5,66222000000,True,True,66222012444,66222012444,True,66235272444,66235272444,True,66321972444,66321972444,True,66235272444,66321972444,True,True
3,21474836540,5,66222000000,True,True,66222019163,66222019163,True,66235279163,66235279163,True,66321979163,66321979163,True,66235279163,66321979163,True,True
3,4294967356,1,66339000000,True,True,66339008077,66339008077,True,66352268077,66352268077,True,66413468077,66413468077,True,66352268077,66413468077,True,True
5,4294967356,1,66339000000,True,True,66339011086,66339011086,True,66352271086,66352271086,True,66413471086,66413471086,True,66352271086,66413471086,True,True
4,4294967356,1,66339000000,True,True,66339023527,66339023527,True,,66352283527,,66413483527,66413483527,True,66352283527,66413483527,True,True
4,8589934603,2,66430000000,True,True,66430013632,66430013632,True,66443273632,66443273632,True,66529973632,66529973632,True,66443273632,66529973632,True,True
8,8589934603,2,66430000000,True,True,66430015346,66430015346,True,66443275346,66443275346,True,66529975346,66529975346,True,66443275346,66529975346,True,True
4,8589934604,2,66573000000,True,True,66573013632,66573013632,True,66586273632,66586273632,True,66621973632,66621973632,True,66586273632,66621973632,True,True
8,8589934604,2,66573000000,True,True,66573015346,66573015346,True,66586275346,66586275346,True,66621975346,66621975346,True,66586275346,66621975346,True,True
1,21474836541,5,66599000000,True,True,66599011086,66599011086,True,66612271086,66612271086,True,66698971086,66698971086,True,66612271086,66698971086,True,True
4,21474836541,5,66599000000,True,True,66599012444,66599012444,True,66612272444,66612272444,True,66698972444,66698972444,True,66612272444,66698972444,True,True
3,21474836541,5,66599000000,True,True,66599019163,66599019163,True,66612279163,66612279163,True,66698979163,66698979163,True,66612279163,66698979163,True,True
5,17179869212,4,66638000000,True,True,66638012444,66638012444,True,67643732444,67643732444,True,67800812444,67800812444,True,67643732444,67800812444,True,True
2,17179869212,4,66638000000,True,True,66638013632,66638013632,True,67643733632,67643733632,True,67800813632,67800813632,True,67643733632,67800813632,True,True
1,17179869212,4,66638000000,True,True,66638023527,66638023527,True,,67643743527,,67800823527,67800823527,True,67643743527,67800823527,True,True
1,12884901939,3,66781000000,True,True,66781008077,66781008077,True,66794268077,66794268077,True,66829968077,66829968077,True,66794268077,66829968077,True,True
5,12884901939,3,66781000000,True,True,66781019163,66781019163,True,,66794279163,,66829979163,66829979163,True,66794279163,66829979163,True,True
1,12884901940,3,66859000000,True,True,66859008077,66859008077,True,66872268077,66872268077,True,66907968077,66907968077,True,66872268077,66907968077,True,True
5,12884901940,3,66859000000,True,True,66859019163,66859019163,True,66872279163,66872279163,True,66907979163,66907979163,True,66872279163,66907979163,True,True
3,4294967357,1,66950000000,True,True,66950008077,66950008077,True,66963268077,66963268077,True,67024468077,67024468077,True,66963268077,67024468077,True,True
5,4294967357,1,66950000000,True,True,66950011086,66950011086,True,66963271086,66963271086,True,67024471086,67024471086,True,66963271086,67024471086,True,True
4,4294967357,1,66950000000,True,True,66950023527,66950023527,True,,66963283527,,67024483527,67024483527,True,66963283527,67024483527,True,True
3,4294967358,1,67080000000,True,True,67080008077,67080008077,True,67093268077,67093268077,True,67154468077,67154468077,True,67093268077,67154468077,True,True
5,4294967358,1,67080000000,True,True,67080011086,67080011086,True,67093271086,67093271086,True,67154471086,67154471086,True,67093271086,67154471086,True,True
4,4294967358,1,67080000000,True,True,67080023527,67080023527,True,,67093283527,,67154483527,67154483527,True,67093283527,67154483527,True,True
3,4294967359,1,67158000000,True,True,67158008077,67158008077,True,67171268077,67171268077,True,67206968077,67206968077,True,67171268077,67206968077,True,True
5,4294967359,1,67158000000,True,True,67158011086,67158011086,True,67171271086,67171271086,True,67206971086,67206971086,True,67171271086,67206971086,True,True
4,4294967359,1,67158000000,True,True,67158023527,67158023527,True,,67171283527,,67206983527,67206983527,True,67171283527,67206983527,True,True
3,4294967360,1,67353000000,True,True,67353008077,67353008077,True,67366268077,67366268077,True,67401968077,67401968077,True,67366268077,67401968077,True,True
5,4294967360,1,67353000000,True,True,67353011086,67353011086,True,67366271086,67366271086,True,67401971086,67401971086,True,67366271086,67401971086,True,True
4,4294967360,1,67353000000,True,True,67353023527,67353023527,True,,67366283527,,67401983527,67401983527,True,67366283527,67401983527,True,True
1,12884901941,3,67470000000,True,True,67470008077,67470008077,True,67483268077,67483268077,True,67518968077,67518968077,True,67483268077,67518968077,True,True
5,12884901941,3,67470000000,True,True,67470019163,67470019163,True,67483279163,67483279163,True,67518979163,67518979163,True,67483279163,67518979163,True,True
1,21474836542,5,67808000000,True,True,67808011086,67808011086,True,67821271086,67821271086,True,67922251086,67922251086,True,67821271086,67922251086,True,True
4,21474836542,5,67808000000,True,True,67808012444,67808012444,True,67821272444,67821272444,True,67922252444,67922252444,True,67821272444,67922252444,True,True
3,21474836542,5,67808000000,True,True,67808019163,67808019163,True,67821279163,67821279163,True,67922259163,67922259163,True,67821279163,67922259163,True,True
5,17179869213,4,67951000000,True,True,67951012444,67951012444,True,67964272444,67964272444,True,68050972444,68050972444,True,67964272444,68050972444,True,True
2,17179869213,4,67951000000,True,True,67951013632,67951013632,True,67964273632,67964273632,True,68050973632,68050973632,True,67964273632,68050973632,True,True
1,17179869213,4,67951000000,True,True,67951023527,67951023527,True,,67964283527,,68050983527,68050983527,True,67964283527,68050983527,True,True
1,12884901942,3,67964000000,True,True,67964008077,67964008077,True,67977268077,67977268077,True,68081308077,68081308077,True,67977268077,68081308077,True,True
5,12884901942,3,67964000000,True,True,67964019163,67964019163,True,67977279163,67977279163,True,68081319163,68081319163,True,67977279163,68081319163,True,True
5,17179869214,4,68263000000,True,True,68263012444,68263012444,True,68276272444,68276272444,True,68311972444,68311972444,True,68276272444,68311972444,True,True
2,17179869214,4,68263000000,True,True,68263013632,68263013632,True,68276273632,68276273632,True,68311973632,68311973632,True,68276273632,68311973632,True,True
1,17179869214,4,68263000000,True,True,68263023527,68263023527,True,,68276283527,,68311983527,68311983527,True,68276283527,68311983527,True,True
1,12884901943,3,68328000000,True,True,68328008077,68328008077,True,68341268077,68341268077,True,68422868077,68422868077,True,68341268077,68422868077,True,True
5,12884901943,3,68328000000,True,True,68328019163,68328019163,True,68341279163,68341279163,True,68422879163,68422879163,True,68341279163,68422879163,True,True
1,21474836543,5,68445000000,True,True,68445011086,68445011086,True,68458271086,68458271086,True,68544971086,68544971086,True,68458271086,68544971086,True,True
4,21474836543,5,68445000000,True,True,68445012444,68445012444,True,68458272444,68458272444,True,68544972444,68544972444,True,68458272444,68544972444,True,True
3,21474836543,5,68445000000,True,True,68445019163,68445019163,True,68458279163,68458279163,True,68544979163,68544979163,True,68458279163,68544979163,True,True
3,4294967361,1,68627000000,True,True,68627008077,68627008077,True,68640268077,68640268077,True,68726968077,68726968077,True,68640268077,68726968077,True,True
5,4294967361,1,68627000000,True,True,68627011086,68627011086,True,68640271086,68640271086,True,68726971086,68726971086,True,68640271086,68726971086,True,True
4,4294967361,1,68627000000,True,True,68627023527,68627023527,True,,68640283527,,68726983527,68726983527,True,68640283527,68726983527,True,True
1,21474836544,5,68809000000,True,True,68809011086,68809011086,True,68822271086,68822271086,True,68883471086,68883471086,True,68822271086,68883471086,True,True
4,21474836544,5,68809000000,True,True,68809012444,68809012444,True,68822272444,68822272444,True,68883472444,68883472444,True,68822272444,68883472444,True,True
3,21474836544,5,68809000000,True,True,68809019163,68809019163,True,68822279163,68822279163,True,68883479163,68883479163,True,68822279163,68883479163,True,True
3,4294967362,1,68939000000,True,True,68939008077,68939008077,True,68952268077,68952268077,True,69038968077,69038968077,True,68952268077,69038968077,True,True
5,4294967362,1,68939000000,True,True,68939011086,68939011086,True,68952271086,68952271086,True,69038971086,69038971086,True,68952271086,69038971086,True,True
4,4294967362,1,68939000000,True,True,68939023527,68939023527,True,,68952283527,,69038983527,69038983527,True,68952283527,69038983527,True,True
1,12884901944,3,69134000000,True,True,69134008077,69134008077,True,69147268077,69147268077,True,69182968077,69182968077,True,69147268077,69182968077,True,True
5,12884901944,3,69134000000,True,True,69134019163,69134019163,True,69147279163,69147279163,True,69182979163,69182979163,True,69147279163,69182979163,True,True
3,4294967363,1,69251000000,True,True,69251008077,69251008077,True,69264268077,69264268077,True,69350968077,69350968077,True,69264268077,69350968077,True,True
5,4294967363,1,69251000000,True,True,69251011086,69251011086,True,69264271086,69264271086,True,69350971086,69350971086,True,69264271086,69350971086,True,True
4,4294967363,1,69251000000,True,True,69251023527,69251023527,True,,69264283527,,69350983527,69350983527,True,69264283527,69350983527,True,True
1,21474836545,5,69355000000,True,True,69355011086,69355011086,True,69368271086,69368271086,True,69403971086,69403971086,True,69368271086,69403971086,True,True
4,21474836545,5,69355000000,True,True,69355012444,69355012444,True,69368272444,69368272444,True,69403972444,69403972444,True,69368272444,69403972444,True,True
3,21474836545,5,69355000000,True,True,69355019163,69355019163,True,69368279163,69368279163,True,69403979163,69403979163,True,69368279163,69403979163,True,True
1,12884901945,3,69485000000,True,True,69485008077,69485008077,True,69498268077,69498268077,True,69533968077,69533968077,True,69498268077,69533968077,True,True
5,12884901945,3,69485000000,True,True,69485019163,69485019163,True,,69498279163,,69533979163,69533979163,True,69498279163,69533979163,True,True
1,21474836546,5,69537000000,True,True,69537011086,69537011086,True,69550271086,69550271086,True,69585971086,69585971086,True,69550271086,69585971086,True,True
4,21474836546,5,69537000000,True,True,69537012444,69537012444,True,69550272444,69550272444,True,69585972444,69585972444,True,69550272444,69585972444,True,True
3,21474836546,5,69537000000,True,True,69537019163,69537019163,True,69550279163,69550279163,True,69585979163,69585979163,True,69550279163,69585979163,True,True
1,21474836547,5,69654000000,True,True,69654011086,69654011086,True,69667271086,69667271086,True,69702971086,69702971086,True,69667271086,69702971086,True,True
4,21474836547,5,69654000000,True,True,69654012444,69654012444,True,69667272444,69667272444,True,69702972444,69702972444,True,69667272444,69702972444,True,True
3,21474836547,5,69654000000,True,True,69654019163,69654019163,True,69667279163,69667279163,True,69702979163,69702979163,True,69667279163,69702979163,True,True
1,12884901946,3,69745000000,True,True,69745008077,69745008077,True,69758268077,69758268077,True,69793968077,69793968077,True,69758268077,69793968077,True,True
5,12884901946,3,69745000000,True,True,69745019163,69745019163,True,69758279163,69758279163,True,69793979163,69793979163,True,69758279163,69793979163,True,True
3,4294967364,1,69823000000,True,True,69823008077,69823008077,True,69836268077,69836268077,True,69922968077,69922968077,True,69836268077,69922968077,True,True
5,4294967364,1,69823000000,True,True,69823011086,69823011086,True,69836271086,69836271086,True,69922971086,69922971086,True,69836271086,69922971086,True,True
4,4294967364,1,69823000000,True,True,69823023527,69823023527,True,,69836283527,,69922983527,69922983527,True,69836283527,69922983527,True,True
3,4294967365,1,70187000000,True,True,70187008077,70187008077,True,70200268077,70200268077,True,70286968077,70286968077,True,70200268077,70286968077,True,True
5,4294967365,1,70187000000,True,True,70187011086,70187011086,True,70200271086,70200271086,True,70286971086,70286971086,True,70200271086,70286971086,True,True
4,4294967365,1,70187000000,True,True,70187023527,70187023527,True,,70200283527,,70286983527,70286983527,True,70200283527,70286983527,True,True
1,12884901947,3,70343000000,True,True,70343008077,70343008077,True,70356268077,70356268077,True,70409308077,70409308077,True,70356268077,70409308077,True,True
5,12884901947,3,70343000000,True,True,70343019163,70343019163,True,,70356279163,,70409319163,70409319163,True,70356279163,70409319163,True,True
3,4294967366,1,70707000000,True,True,70707008077,70707008077,True,70720268077,70720268077,True,70755968077,70755968077,True,70720268077,70755968077,True,True
5,4294967366,1,70707000000,True,True,70707011086,70707011086,True,70720271086,70720271086,True,70755971086,70755971086,True,70720271086,70755971086,True,True
4,4294967366,1,70707000000,True,True,70707023527,70707023527,True,,70720283527,,70755983527,70755983527,True,70720283527,70755983527,True,True
3,4294967367,1,70980000000,True,True,70980008077,70980008077,True,70993268077,70993268077,True,71028968077,71028968077,True,70993268077,71028968077,True,True
5,4294967367,1,70980000000,True,True,70980011086,70980011086,True,70993271086,70993271086,True,71028971086,71028971086,True,70993271086,71028971086,True,True
4,4294967367,1,70980000000,True,True,70980023527,70980023527,True,,70993283527,,71028983527,71028983527,True,70993283527,71028983527,True,True
3,4294967368,1,71032000000,True,True,71032008077,71032008077,True,71045268077,71045268077,True,71080968077,71080968077,True,71045268077,71080968077,True,True
5,4294967368,1,71032000000,True,True,71032011086,71032011086,True,71045271086,71045271086,True,71080971086,71080971086,True,71045271086,71080971086,True,True
4,4294967368,1,71032000000,True,True,71032023527,71032023527,True,,71045283527,,71080983527,71080983527,True,71045283527,71080983527,True,True
3,4294967369,1,71422000000,True,True,71422008077,71422008077,True,71435268077,71435268077,True,71470968077,71470968077,True,71435268077,71470968077,True,True
5,4294967369,1,71422000000,True,True,71422011086,71422011086,True,71435271086,71435271086,True,71470971086,71470971086,True,71435271086,71470971086,True,True
4,4294967369,1,71422000000,True,True,71422023527,71422023527,True,,71435283527,,71470983527,71470983527,True,71435283527,71470983527,True,True
3,4294967370,1,71513000000,True,True,71513008077,71513008077,True,71526268077,71526268077,True,71561968077,71561968077,True,71526268077,71561968077,True,True
5,4294967370,1,71513000000,True,True,71513011086,71513011086,True,71526271086,71526271086,True,71561971086,71561971086,True,71526271086,71561971086,True,True
4,4294967370,1,71513000000,True,True,71513023527,71513023527,True,,71526283527,,71561983527,71561983527,True,71526283527,71561983527,True,True
5,17179869215,4,71708000000,True,True,71708012444,71708012444,True,71721272444,71721272444,True,71827352444,71827352444,True,71721272444,71827352444,True,True
2,17179869215,4,71708000000,True,True,71708013632,71708013632,True,71721273632,71721273632,True,71827353632,71827353632,True,71721273632,71827353632,True,True
1,17179869215,4,71708000000,True,True,71708023527,71708023527,True,,71721283527,,71827363527,71827363527,True,71721283527,71827363527,True,True
1,21474836548,5,71942000000,True,True,71942011086,71942011086,True,71955271086,71955271086,True,72134791086,72134791086,True,71955271086,72134791086,True,True
4,21474836548,5,71942000000,True,True,71942012444,71942012444,True,71955272444,71955272444,True,72134792444,72134792444,True,71955272444,72134792444,True,True
3,21474836548,5,71942000000,True,True,71942019163,71942019163,True,71955279163,71955279163,True,72134799163,72134799163,True,71955279163,72134799163,True,True
4,8589934605,2,72202000000,True,True,72202013632,72202013632,True,73207733632,73207733632,True,73387253632,73387253632,True,73207733632,73387253632,True,True
8,8589934605,2,72202000000,True,True,72202015346,72202015346,True,73207735346,73207735346,True,73387255346,73387255346,True,73207735346,73387255346,True,True
1,21474836549,5,72345000000,True,True,72345011086,72345011086,True,72358271086,72358271086,True,72393971086,72393971086,True,72358271086,72393971086,True,True
4,21474836549,5,72345000000,True,True,72345012444,72345012444,True,72358272444,72358272444,True,72393972444,72393972444,True,72358272444,72393972444,True,True
3,21474836549,5,72345000000,True,True,72345019163,72345019163,True,72358279163,72358279163,True,72393979163,72393979163,True,72358279163,72393979163,True,True
3,4294967371,1,72566000000,True,True,72566008077,72566008077,True,73571728077,73571728077,True,73601308077,73601308077,True,73571728077,73601308077,True,True
5,4294967371,1,72566000000,True,True,72566011086,72566011086,True,73571731086,73571731086,True,73601311086,73601311086,True,73571731086,73601311086,True,True
4,4294967371,1,72566000000,True,True,72566023527,72566023527,True,,73571743527,,73601323527,73601323527,True,73571743527,73601323527,True,True
5,17179869216,4,73463000000,True,True,73463012444,73463012444,True,73476272444,73476272444,True,73610912444,73610912444,True,73476272444,73610912444,True,True
2,17179869216,4,73463000000,True,True,73463013632,73463013632,True,73476273632,73476273632,True,73610913632,73610913632,True,73476273632,73610913632,True,True
1,17179869216,4,73463000000,True,True,73463023527,73463023527,True,,73476283527,,73610923527,73610923527,True,73476283527,73610923527,True,True
1,21474836550,5,73619000000,True,True,73619011086,73619011086,True,73632271086,73632271086,True,73667971086,73667971086,True,73632271086,73667971086,True,True
4,21474836550,5,73619000000,True,True,73619012444,73619012444,True,73632272444,73632272444,True,73667972444,73667972444,True,73632272444,73667972444,True,True
3,21474836550,5,73619000000,True,True,73619019163,73619019163,True,73632279163,73632279163,True,73667979163,73667979163,True,73632279163,73667979163,True,True
4,8589934606,2,73645000000,True,True,73645013632,73645013632,True,73658273632,73658273632,True,73808213632,73808213632,True,73658273632,73808213632,True,True
8,8589934606,2,73645000000,True,True,73645015346,73645015346,True,73658275346,73658275346,True,73808215346,73808215346,True,73658275346,73808215346,True,True
1,12884901948,3,73736000000,True,True,73736008077,73736008077,True,73749268077,73749268077,True,73818628077,73818628077,True,73749268077,73818628077,True,True
5,12884901948,3,73736000000,True,True,73736019163,73736019163,True,73749279163,73749279163,True,73818639163,73818639163,True,73749279163,73818639163,True,True
5,17179869217,4,73749000000,True,True,73749012444,73749012444,True,73762272444,73762272444,True,73823472444,73823472444,True,73762272444,73823472444,True,True
2,17179869217,4,73749000000,True,True,73749013632,73749013632,True,73762273632,73762273632,True,73823473632,73823473632,True,73762273632,73823473632,True,True
1,17179869217,4,73749000000,True,True,73749023527,73749023527,True,,73762283527,,73823483527,73823483527,True,73762283527,73823483527,True,True
3,4294967372,1,73879000000,True,True,73879008077,73879008077,True,73892268077,73892268077,True,73953468077,73953468077,True,73892268077,73953468077,True,True
5,4294967372,1,73879000000,True,True,73879011086,73879011086,True,73892271086,73892271086,True,73953471086,73953471086,True,73892271086,73953471086,True,True
4,4294967372,1,73879000000,True,True,73879023527,73879023527,True,,73892283527,,73953483527,73953483527,True,73892283527,73953483527,True,True
7,34359738369,8,73905000000,True,True,73905012442,73905012442,True,73918272442,73918272442,True,73946832442,73946832442,True,73918272442,73946832442,True,True
2,34359738369,8,73905000000,True,True,73905015346,73905015346,True,73918275346,73918275346,True,73946835346,73946835346,True,73918275346,73946835346,True,True
4,8589934607,2,74035000000,True,True,74035013632,74035013632,True,74048273632,74048273632,True,74198213632,74198213632,True,74048273632,74198213632,True,True
8,8589934607,2,74035000000,True,True,74035015346,74035015346,True,74048275346,74048275346,True,74198215346,74198215346,True,74048275346,74198215346,True,True
1,21474836551,5,74139000000,True,True,74139011086,74139011086,True,74152271086,74152271086,True,74341991086,74341991086,True,74152271086,74341991086,True,True
4,21474836551,5,74139000000,True,True,74139012444,74139012444,True,74152272444,74152272444,True,74341992444,74341992444,True,74152272444,74341992444,True,True
3,21474836551,5,74139000000,True,True,74139019163,74139019163,True,74152279163,74152279163,True,74341999163,74341999163,True,74152279163,74341999163,True,True
7,34359738370,8,74230000000,True,True,74230012442,74230012442,True,74243272442,74243272442,True,74342212442,74342212442,True,74243272442,74342212442,True,True
2,34359738370,8,74230000000,True,True,74230015346,74230015346,True,74243275346,74243275346,True,74342215346,74342215346,True,74243275346,74342215346,True,True
5,17179869218,4,74269000000,True,True,74269012444,74269012444,True,74282272444,74282272444,True,74343472444,74343472444,True,74282272444,74343472444,True,True
2,17179869218,4,74269000000,True,True,74269013632,74269013632,True,74282273632,74282273632,True,74343473632,74343473632,True,74282273632,74343473632,True,True
1,17179869218,4,74269000000,True,True,74269023527,74269023527,True,,74282283527,,74343483527,74343483527,True,74282283527,74343483527,True,True
3,4294967373,1,74373000000,True,True,74373008077,74373008077,True,74386268077,74386268077,True,74472968077,74472968077,True,74386268077,74472968077,True,True
5,4294967373,1,74373000000,True,True,74373011086,74373011086,True,74386271086,74386271086,True,74472971086,74472971086,True,74386271086,74472971086,True,True
4,4294967373,1,74373000000,True,True,74373023527,74373023527,True,,74386283527,,74472983527,74472983527,True,74386283527,74472983527,True,True
5,17179869219,4,74399000000,True,True,74399012444,74399012444,True,74412272444,74412272444,True,74473472444,74473472444,True,74412272444,74473472444,True,True
2,17179869219,4,74399000000,True,True,74399013632,74399013632,True,74412273632,74412273632,True,74473473632,74473473632,True,74412273632,74473473632,True,True
1,17179869219,4,74399000000,True,True,74399023527,74399023527,True,,74412283527,,74473483527,74473483527,True,74412283527,74473483527,True,True
4,8589934608,2,74490000000,True,True,74490013632,74490013632,True,74503273632,74503273632,True,74650153632,74650153632,True,74503273632,74650153632,True,True
8,8589934608,2,74490000000,True,True,74490015346,74490015346,True,74503275346,74503275346,True,74650155346,74650155346,True,74503275346,74650155346,True,True
1,21474836552,5,74581000000,True,True,74581011086,74581011086,True,74594271086,74594271086,True,74655471086,74655471086,True,74594271086,74655471086,True,True
4,21474836552,5,74581000000,True,True,74581012444,74581012444,True,74594272444,74594272444,True,74655472444,74655472444,True,74594272444,74655472444,True,True
3,21474836552,5,74581000000,True,True,74581019163,74581019163,True,74594279163,74594279163,True,74655479163,74655479163,True,74594279163,74655479163,True,True
7,34359738371,8,74698000000,True,True,74698012442,74698012442,True,74711272442,74711272442,True,74805112442,74805112442,True,74711272442,74805112442,True,True
2,34359738371,8,74698000000,True,True,74698015346,74698015346,True,74711275346,74711275346,True,74805115346,74805115346,True,74711275346,74805115346,True,True
5,17179869220,4,74802000000,True,True,74802012444,74802012444,True,74815272444,74815272444,True,74876472444,74876472444,True,74815272444,74876472444,True,True
2,17179869220,4,74802000000,True,True,74802013632,74802013632,True,74815273632,74815273632,True,74876473632,74876473632,True,74815273632,74876473632,True,True
1,17179869220,4,74802000000,True,True,74802023527,74802023527,True,,74815283527,,74876483527,74876483527,True,74815283527,74876483527,True,True
3,4294967374,1,74815000000,True,True,74815008077,74815008077,True,74828268077,74828268077,True,74914968077,74914968077,True,74828268077,74914968077,True,True
5,4294967374,1,74815000000,True,True,74815011086,74815011086,True,74828271086,74828271086,True,74914971086,74914971086,True,74828271086,74914971086,True,True
4,4294967374,1,74815000000,True,True,74815023527,74815023527,True,,74828283527,,74914983527,74914983527,True,74828283527,74914983527,True,True
1,21474836553,5,74893000000,True,True,74893011086,74893011086,True,74906271086,74906271086,True,74941971086,74941971086,True,74906271086,74941971086,True,True
4,21474836553,5,74893000000,True,True,74893012444,74893012444,True,74906272444,74906272444,True,74941972444,74941972444,True,74906272444,74941972444,True,True
3,21474836553,5,74893000000,True,True,74893019163,74893019163,True,74906279163,74906279163,True,74941979163,74941979163,True,74906279163,74941979163,True,True
4,8589934609,2,74984000000,True,True,74984013632,74984013632,True,74997273632,74997273632,True,75160473632,75160473632,True,74997273632,75160473632,True,True
8,8589934609,2,74984000000,True,True,74984015346,74984015346,True,74997275346,74997275346,True,75160475346,75160475346,True,74997275346,75160475346,True,True
1,21474836554,5,74997000000,True,True,74997011086,74997011086,True,75010271086,75010271086,True,75045971086,75045971086,True,75010271086,75045971086,True,True
4,21474836554,5,74997000000,True,True,74997012444,74997012444,True,75010272444,75010272444,True,75045972444,75045972444,True,75010272444,75045972444,True,True
3,21474836554,5,74997000000,True,True,74997019163,74997019163,True,75010279163,75010279163,True,75045979163,75045979163,True,75010279163,75045979163,True,True
3,4294967375,1,75075000000,True,True,75075008077,75075008077,True,75088268077,75088268077,True,75174968077,75174968077,True,75088268077,75174968077,True,True
5,4294967375,1,75075000000,True,True,75075011086,75075011086,True,75088271086,75088271086,True,75174971086,75174971086,True,75088271086,75174971086,True,True
4,4294967375,1,75075000000,True,True,75075023527,75075023527,True,,75088283527,,75174983527,75174983527,True,75088283527,75174983527,True,True
7,34359738372,8,75179000000,True,True,75179012442,75179012442,True,75192272442,75192272442,True,75332012442,75332012442,True,75192272442,75332012442,True,True
2,34359738372,8,75179000000,True,True,75179015346,75179015346,True,75192275346,75192275346,True,75332015346,75332015346,True,75192275346,75332015346,True,True
4,8589934610,2,75361000000,True,True,75361013632,75361013632,True,75374273632,75374273632,True,75562973632,75562973632,True,75374273632,75562973632,True,True
8,8589934610,2,75361000000,True,True,75361015346,75361015346,True,75374275346,75374275346,True,75562975346,75562975346,True,75374275346,75562975346,True,True
1,21474836555,5,75491000000,True,True,75491011086,75491011086,True,75504271086,75504271086,True,75539971086,75539971086,True,75504271086,75539971086,True,True
4,21474836555,5,75491000000,True,True,75491012444,75491012444,True,75504272444,75504272444,True,75539972444,75539972444,True,75504272444,75539972444,True,True
3,21474836555,5,75491000000,True,True,75491019163,75491019163,True,75504279163,75504279163,True,75539979163,75539979163,True,75504279163,75539979163,True,True
3,4294967376,1,75608000000,True,True,75608008077,75608008077,True,75621268077,75621268077,True,75707968077,75707968077,True,75621268077,75707968077,True,True
5,4294967376,1,75608000000,True,True,75608011086,75608011086,True,75621271086,75621271086,True,75707971086,75707971086,True,75621271086,75707971086,True,True
4,4294967376,1,75608000000,True,True,75608023527,75608023527,True,,75621283527,,75707983527,75707983527,True,75621283527,75707983527,True,True
7,34359738373,8,75660000000,True,True,75660012442,75660012442,True,75673272442,75673272442,True,75734472442,75734472442,True,75673272442,75734472442,True,True
2,34359738373,8,75660000000,True,True,75660015346,75660015346,True,75673275346,75673275346,True,75734475346,75734475346,True,75673275346,75734475346,True,True
4,8589934611,2,75894000000,True,True,75894013632,75894013632,True,75907273632,75907273632,True,76169413632,76169413632,True,75907273632,76169413632,True,True
8,8589934611,2,75894000000,True,True,75894015346,75894015346,True,75907275346,75907275346,True,76169415346,76169415346,True,75907275346,76169415346,True,True
3,4294967377,1,76037000000,True,True,76037008077,76037008077,True,76050268077,76050268077,True,76085968077,76085968077,True,76050268077,76085968077,True,True
5,4294967377,1,76037000000,True,True,76037011086,76037011086,True,76050271086,76050271086,True,76085971086,76085971086,True,76050271086,76085971086,True,True
4,4294967377,1,76037000000,True,True,76037023527,76037023527,True,,76050283527,,76085983527,76085983527,True,76050283527,76085983527,True,True
5,17179869221,4,76219000000,True,True,76219012444,76219012444,True,76232272444,76232272444,True,76299592444,76299592444,True,76232272444,76299592444,True,True
2,17179869221,4,76219000000,True,True,76219013632,76219013632,True,76232273632,76232273632,True,76299593632,76299593632,True,76232273632,76299593632,True,True
1,17179869221,4,76219000000,True,True,76219023527,76219023527,True,,76232283527,,76299603527,76299603527,True,76232283527,76299603527,True,True
7,34359738374,8,76362000000,True,True,76362012442,76362012442,True,76375272442,76375272442,True,76583352442,76583352442,True,76375272442,76583352442,True,True
2,34359738374,8,76362000000,True,True,76362015346,76362015346,True,76375275346,76375275346,True,76583355346,76583355346,True,76375275346,76583355346,True,True
1,21474836556,5,76401000000,True,True,76401011086,76401011086,True,76414271086,76414271086,True,76449971086,76449971086,True,76414271086,76449971086,True,True
4,21474836556,5,76401000000,True,True,76401012444,76401012444,True,76414272444,76414272444,True,76449972444,76449972444,True,76414272444,76449972444,True,True
3,21474836556,5,76401000000,True,True,76401019163,76401019163,True,76414279163,76414279163,True,76449979163,76449979163,True,76414279163,76449979163,True,True
4,8589934612,2,76713000000,True,True,76713013632,76713013632,True,76726273632,76726273632,True,76978213632,76978213632,True,76726273632,76978213632,True,True
8,8589934612,2,76713000000,True,True,76713015346,76713015346,True,76726275346,76726275346,True,76978215346,76978215346,True,76726275346,76978215346,True,True
1,21474836557,5,76739000000,True,True,76739011086,76739011086,True,76752271086,76752271086,True,76787971086,76787971086,True,76752271086,76787971086,True,True
4,21474836557,5,76739000000,True,True,76739012444,76739012444,True,76752272444,76752272444,True,76787972444,76787972444,True,76752272444,76787972444,True,True
3,21474836557,5,76739000000,True,True,76739019163,76739019163,True,76752279163,76752279163,True,76787979163,76787979163,True,76752279163,76787979163,True,True
1,21474836558,5,76973000000,True,True,76973011086,76973011086,True,76986271086,76986271086,True,77021971086,77021971086,True,76986271086,77021971086,True,True
4,21474836558,5,76973000000,True,True,76973012444,76973012444,True,76986272444,76986272444,True,77021972444,77021972444,True,76986272444,77021972444,True,True
3,21474836558,5,76973000000,True,True,76973019163,76973019163,True,76986279163,76986279163,True,77021979163,77021979163,True,76986279163,77021979163,True,True
7,34359738375,8,77012000000,True,True,77012012442,77012012442,True,77025272442,77025272442,True,77137472442,77137472442,True,77025272442,77137472442,True,True
2,34359738375,8,77012000000,True,True,77012015346,77012015346,True,77025275346,77025275346,True,77137475346,77137475346,True,77025275346,77137475346,True,True
1,21474836559,5,77194000000,True,True,77194011086,77194011086,True,77207271086,77207271086,True,77242971086,77242971086,True,77207271086,77242971086,True,True
4,21474836559,5,77194000000,True,True,77194012444,77194012444,True,77207272444,77207272444,True,77242972444,77242972444,True,77207272444,77242972444,True,True
3,21474836559,5,77194000000,True,True,77194019163,77194019163,True,,77207279163,,77242979163,77242979163,True,77207279163,77242979163,True,True
7,34359738376,8,77246000000,True,True,77246012442,77246012442,True,77259272442,77259272442,True,77345972442,77345972442,True,77259272442,77345972442,True,True
2,34359738376,8,77246000000,True,True,77246015346,77246015346,True,77259275346,77259275346,True,77345975346,77345975346,True,77259275346,77345975346,True,True
1,21474836560,5,77285000000,True,True,77285011086,77285011086,True,77298271086,77298271086,True,77333971086,77333971086,True,77298271086,77333971086,True,True
4,21474836560,5,77285000000,True,True,77285012444,77285012444,True,77298272444,77298272444,True,77333972444,77333972444,True,77298272444,77333972444,True,True
3,21474836560,5,77285000000,True,True,77285019163,77285019163,True,77298279163,77298279163,True,77333979163,77333979163,True,77298279163,77333979163,True,True
5,17179869222,4,77337000000,True,True,77337012444,77337012444,True,77350272444,77350272444,True,77451252444,77451252444,True,77350272444,77451252444,True,True
2,17179869222,4,77337000000,True,True,77337013632,77337013632,True,77350273632,77350273632,True,77451253632,77451253632,True,77350273632,77451253632,True,True
1,17179869222,4,77337000000,True,True,77337023527,77337023527,True,,77350283527,,77451263527,77451263527,True,77350283527,77451263527,True,True
7,34359738377,8,77376000000,True,True,77376012442,77376012442,True,77389272442,77389272442,True,77475972442,77475972442,True,77389272442,77475972442,True,True
2,34359738377,8,77376000000,True,True,77376015346,77376015346,True,77389275346,77389275346,True,77475975346,77475975346,True,77389275346,77475975346,True,True
7,34359738378,8,77532000000,True,True,77532012442,77532012442,True,77545272442,77545272442,True,77631972442,77631972442,True,77545272442,77631972442,True,True
2,34359738378,8,77532000000,True,True,77532015346,77532015346,True,77545275346,77545275346,True,77631975346,77631975346,True,77545275346,77631975346,True,True
5,17179869223,4,77558000000,True,True,77558012444,77558012444,True,77571272444,77571272444,True,77632472444,77632472444,True,77571272444,77632472444,True,True
2,17179869223,4,77558000000,True,True,77558013632,77558013632,True,77571273632,77571273632,True,77632473632,77632473632,True,77571273632,77632473632,True,True
1,17179869223,4,77558000000,True,True,77558023527,77558023527,True,,77571283527,,77632483527,77632483527,True,77571283527,77632483527,True,True
3,4294967378,1,77610000000,True,True,77610008077,77610008077,True,78615728077,78615728077,True,78645308077,78645308077,True,78615728077,78645308077,True,True
5,4294967378,1,77610000000,True,True,77610011086,77610011086,True,78615731086,78615731086,True,78645311086,78645311086,True,78615731086,78645311086,True,True
4,4294967378,1,77610000000,True,True,77610023527,77610023527,True,,78615743527,,78645323527,78645323527,True,78615743527,78645323527,True,True
4,8589934613,2,77727000000,True,True,77727013632,77727013632,True,78732733632,78732733632,True,78978553632,78978553632,True,78732733632,78978553632,True,True
8,8589934613,2,77727000000,True,True,77727015346,77727015346,True,78732735346,78732735346,True,78978555346,78978555346,True,78732735346,78978555346,True,True
1,21474836561,5,78767000000,True,True,78767011086,78767011086,True,78780271086,78780271086,True,78858811086,78858811086,True,78780271086,78858811086,True,True
4,21474836561,5,78767000000,True,True,78767012444,78767012444,True,78780272444,78780272444,True,78858812444,78858812444,True,78780272444,78858812444,True,True
3,21474836561,5,78767000000,True,True,78767019163,78767019163,True,78780279163,78780279163,True,78858819163,78858819163,True,78780279163,78858819163,True,True
3,4294967379,1,78962000000,True,True,78962008077,78962008077,True,78975268077,78975268077,True,79056868077,79056868077,True,78975268077,79056868077,True,True
5,4294967379,1,78962000000,True,True,78962011086,78962011086,True,78975271086,78975271086,True,79056871086,79056871086,True,78975271086,79056871086,True,True
4,4294967379,1,78962000000,True,True,78962023527,78962023527,True,,78975283527,,79056883527,79056883527,True,78975283527,79056883527,True,True
4,8589934614,2,78988000000,True,True,78988013632,78988013632,True,79001273632,79001273632,True,79176713632,79176713632,True,79001273632,79176713632,True,True
8,8589934614,2,78988000000,True,True,78988015346,78988015346,True,79001275346,79001275346,True,79176715346,79176715346,True,79001275346,79176715346,True,True
1,21474836562,5,79066000000,True,True,79066011086,79066011086,True,79079271086,79079271086,True,79140471086,79140471086,True,79079271086,79140471086,True,True
4,21474836562,5,79066000000,True,True,79066012444,79066012444,True,79079272444,79079272444,True,79140472444,79140472444,True,79079272444,79140472444,True,True
3,21474836562,5,79066000000,True,True,79066019163,79066019163,True,79079279163,79079279163,True,79140479163,79140479163,True,79079279163,79140479163,True,True
7,34359738379,8,79183000000,True,True,79183012442,79183012442,True,79196272442,79196272442,True,79257472442,79257472442,True,79196272442,79257472442,True,True
2,34359738379,8,79183000000,True,True,79183015346,79183015346,True,79196275346,79196275346,True,79257475346,79257475346,True,79196275346,79257475346,True,True
5,17179869224,4,79209000000,True,True,79209012444,79209012444,True,79222272444,79222272444,True,79308972444,79308972444,True,79222272444,79308972444,True,True
2,17179869224,4,79209000000,True,True,79209013632,79209013632,True,79222273632,79222273632,True,79308973632,79308973632,True,79222273632,79308973632,True,True
1,17179869224,4,79209000000,True,True,79209023527,79209023527,True,,79222283527,,79308983527,79308983527,True,79222283527,79308983527,True,True
1,12884901949,3,79339000000,True,True,79339008077,79339008077,True,79352268077,79352268077,True,79459368077,79459368077,True,79352268077,79459368077,True,True
5,12884901949,3,79339000000,True,True,79339019163,79339019163,True,79352279163,79352279163,True,79459379163,79459379163,True,79352279163,79459379163,True,True
4,8589934615,2,79456000000,True,True,79456013632,79456013632,True,79469273632,79469273632,True,79530473632,79530473632,True,79469273632,79530473632,True,True
8,8589934615,2,79456000000,True,True,79456015346,79456015346,True,79469275346,79469275346,True,79530475346,79530475346,True,79469275346,79530475346,True,True
1,12884901950,3,79534000000,True,True,79534008077,79534008077,True,79547268077,79547268077,True,79608468077,79608468077,True,79547268077,79608468077,True,True
5,12884901950,3,79534000000,True,True,79534019163,79534019163,True,79547279163,79547279163,True,79608479163,79608479163,True,79547279163,79608479163,True,True
5,17179869225,4,79573000000,True,True,79573012444,79573012444,True,79586272444,79586272444,True,79712752444,79712752444,True,79586272444,79712752444,True,True
2,17179869225,4,79573000000,True,True,79573013632,79573013632,True,79586273632,79586273632,True,79712753632,79712753632,True,79586273632,79712753632,True,True
1,17179869225,4,79573000000,True,True,79573023527,79573023527,True,,79586283527,,79712763527,79712763527,True,79586283527,79712763527,True,True
1,12884901951,3,79625000000,True,True,79625008077,79625008077,True,79638268077,79638268077,True,79699468077,79699468077,True,79638268077,79699468077,True,True
5,12884901951,3,79625000000,True,True,79625019163,79625019163,True,79638279163,79638279163,True,79699479163,79699479163,True,79638279163,79699479163,True,True
1,12884901952,3,79703000000,True,True,79703008077,79703008077,True,79716268077,79716268077,True,79777468077,79777468077,True,79716268077,79777468077,True,True
5,12884901952,3,79703000000,True,True,79703019163,79703019163,True,,79716279163,,79777479163,79777479163,True,79716279163,79777479163,True,True
1,21474836563,5,79742000000,True,True,79742011086,79742011086,True,79755271086,79755271086,True,79841971086,79841971086,True,79755271086,79841971086,True,True
4,21474836563,5,79742000000,True,True,79742012444,79742012444,True,79755272444,79755272444,True,79841972444,79841972444,True,79755272444,79841972444,True,True
3,21474836563,5,79742000000,True,True,79742019163,79742019163,True,,79755279163,,79841979163,79841979163,True,79755279163,79841979163,True,True
3,4294967380,1,79846000000,True,True,79846008077,79846008077,True,79859268077,79859268077,True,79920468077,79920468077,True,79859268077,79920468077,True,True
5,4294967380,1,79846000000,True,True,79846011086,79846011086,True,79859271086,79859271086,True,79920471086,79920471086,True,79859271086,79920471086,True,True
4,4294967380,1,79846000000,True,True,79846023527,79846023527,True,,79859283527,,79920483527,79920483527,True,79859283527,79920483527,True,True
5,17179869226,4,79911000000,True,True,79911012444,79911012444,True,79924272444,79924272444,True,80010972444,80010972444,True,79924272444,80010972444,True,True
2,17179869226,4,79911000000,True,True,79911013632,79911013632,True,79924273632,79924273632,True,80010973632,80010973632,True,79924273632,80010973632,True,True
1,17179869226,4,79911000000,True,True,79911023527,79911023527,True,,79924283527,,80010983527,80010983527,True,79924283527,80010983527,True,True
1,21474836564,5,79950000000,True,True,79950011086,79950011086,True,79963271086,79963271086,True,80049971086,80049971086,True,79963271086,80049971086,True,True
4,21474836564,5,79950000000,True,True,79950012444,79950012444,True,79963272444,79963272444,True,80049972444,80049972444,True,79963272444,80049972444,True,True
3,21474836564,5,79950000000,True,True,79950019163,79950019163,True,79963279163,79963279163,True,80049979163,80049979163,True,79963279163,80049979163,True,True
1,21474836565,5,80067000000,True,True,80067011086,80067011086,True,80080271086,80080271086,True,80166971086,80166971086,True,80080271086,80166971086,True,True
4,21474836565,5,80067000000,True,True,80067012444,80067012444,True,80080272444,80080272444,True,80166972444,80166972444,True,80080272444,80166972444,True,True
3,21474836565,5,80067000000,True,True,80067019163,80067019163,True,80080279163,80080279163,True,80166979163,80166979163,True,80080279163,80166979163,True,True
4,8589934616,2,80158000000,True,True,80158013632,80158013632,True,80171273632,80171273632,True,80257973632,80257973632,True,80171273632,80257973632,True,True
8,8589934616,2,80158000000,True,True,80158015346,80158015346,True,80171275346,80171275346,True,80257975346,80257975346,True,80171275346,80257975346,True,True
5,17179869227,4,80184000000,True,True,80184012444,80184012444,True,80197272444,80197272444,True,80232972444,80232972444,True,80197272444,80232972444,True,True
2,17179869227,4,80184000000,True,True,80184013632,80184013632,True,80197273632,80197273632,True,80232973632,80232973632,True,80197273632,80232973632,True,True
1,17179869227,4,80184000000,True,True,80184023527,80184023527,True,,80197283527,,80232983527,80232983527,True,80197283527,80232983527,True,True
1,12884901953,3,80249000000,True,True,80249008077,80249008077,True,80262268077,80262268077,True,80323468077,80323468077,True,80262268077,80323468077,True,True
5,12884901953,3,80249000000,True,True,80249019163,80249019163,True,80262279163,80262279163,True,80323479163,80323479163,True,80262279163,80323479163,True,True
5,17179869228,4,80301000000,True,True,80301012444,80301012444,True,80314272444,80314272444,True,80349972444,80349972444,True,80314272444,80349972444,True,True
2,17179869228,4,80301000000,True,True,80301013632,80301013632,True,80314273632,80314273632,True,80349973632,80349973632,True,80314273632,80349973632,True,True
1,17179869228,4,80301000000,True,True,80301023527,80301023527,True,,80314283527,,80349983527,80349983527,True,80314283527,80349983527,True,True
1,21474836566,5,80340000000,True,True,80340011086,80340011086,True,80353271086,80353271086,True,80414471086,80414471086,True,80353271086,80414471086,True,True
4,21474836566,5,80340000000,True,True,80340012444,80340012444,True,80353272444,80353272444,True,80414472444,80414472444,True,80353272444,80414472444,True,True
3,21474836566,5,80340000000,True,True,80340019163,80340019163,True,80353279163,80353279163,True,80414479163,80414479163,True,80353279163,80414479163,True,True
3,4294967381,1,80600000000,True,True,80600008077,80600008077,True,80613268077,80613268077,True,80674468077,80674468077,True,80613268077,80674468077,True,True
5,4294967381,1,80600000000,True,True,80600011086,80600011086,True,80613271086,80613271086,True,80674471086,80674471086,True,80613271086,80674471086,True,True
4,4294967381,1,80600000000,True,True,80600023527,80600023527,True,,80613283527,,80674483527,80674483527,True,80613283527,80674483527,True,True
4,8589934617,2,80704000000,True,True,80704013632,80704013632,True,80717273632,80717273632,True,80752973632,80752973632,True,80717273632,80752973632,True,True
8,8589934617,2,80704000000,True,True,80704015346,80704015346,True,80717275346,80717275346,True,80752975346,80752975346,True,80717275346,80752975346,True,True
1,21474836567,5,80834000000,True,True,80834011086,80834011086,True,80847271086,80847271086,True,80925811086,80925811086,True,80847271086,80925811086,True,True
4,21474836567,5,80834000000,True,True,80834012444,80834012444,True,80847272444,80847272444,True,80925812444,80925812444,True,80847272444,80925812444,True,True
3,21474836567,5,80834000000,True,True,80834019163,80834019163,True,80847279163,80847279163,True,80925819163,80925819163,True,80847279163,80925819163,True,True
3,4294967382,1,81003000000,True,True,81003008077,81003008077,True,81016268077,81016268077,True,81077468077,81077468077,True,81016268077,81077468077,True,True
5,4294967382,1,81003000000,True,True,81003011086,81003011086,True,81016271086,81016271086,True,81077471086,81077471086,True,81016271086,81077471086,True,True
4,4294967382,1,81003000000,True,True,81003023527,81003023527,True,,81016283527,,81077483527,81077483527,True,81016283527,81077483527,True,True
4,8589934618,2,81016000000,True,True,81016013632,81016013632,True,81029273632,81029273632,True,81064973632,81064973632,True,81029273632,81064973632,True,True
8,8589934618,2,81016000000,True,True,81016015346,81016015346,True,81029275346,81029275346,True,81064975346,81064975346,True,81029275346,81064975346,True,True
1,12884901954,3,81120000000,True,True,81120008077,81120008077,True,81133268077,81133268077,True,81168968077,81168968077,True,81133268077,81168968077,True,True
5,12884901954,3,81120000000,True,True,81120019163,81120019163,True,81133279163,81133279163,True,81168979163,81168979163,True,81133279163,81168979163,True,True
5,17179869229,4,81172000000,True,True,81172012444,81172012444,True,81185272444,81185272444,True,81220972444,81220972444,True,81185272444,81220972444,True,True
2,17179869229,4,81172000000,True,True,81172013632,81172013632,True,81185273632,81185273632,True,81220973632,81220973632,True,81185273632,81220973632,True,True
1,17179869229,4,81172000000,True,True,81172023527,81172023527,True,,81185283527,,81220983527,81220983527,True,81185283527,81220983527,True,True
4,8589934619,2,81237000000,True,True,81237013632,81237013632,True,81250273632,81250273632,True,81285973632,81285973632,True,81250273632,81285973632,True,True
8,8589934619,2,81237000000,True,True,81237015346,81237015346,True,81250275346,81250275346,True,81285975346,81285975346,True,81250275346,81285975346,True,True
3,4294967383,1,81315000000,True,True,81315008077,81315008077,True,81328268077,81328268077,True,81389468077,81389468077,True,81328268077,81389468077,True,True
5,4294967383,1,81315000000,True,True,81315011086,81315011086,True,81328271086,81328271086,True,81389471086,81389471086,True,81328271086,81389471086,True,True
4,4294967383,1,81315000000,True,True,81315023527,81315023527,True,,81328283527,,81389483527,81389483527,True,81328283527,81389483527,True,True
4,8589934620,2,81549000000,True,True,81549013632,81549013632,True,81562273632,81562273632,True,81597973632,81597973632,True,81562273632,81597973632,True,True
8,8589934620,2,81549000000,True,True,81549015346,81549015346,True,81562275346,81562275346,True,81597975346,81597975346,True,81562275346,81597975346,True,True
3,4294967384,1,81562000000,True,True,81562008077,81562008077,True,81575268077,81575268077,True,81610968077,81610968077,True,81575268077,81610968077,True,True
5,4294967384,1,81562000000,True,True,81562011086,81562011086,True,81575271086,81575271086,True,81610971086,81610971086,True,81575271086,81610971086,True,True
4,4294967384,1,81562000000,True,True,81562023527,81562023527,True,,81575283527,,81610983527,81610983527,True,81575283527,81610983527,True,True
1,12884901955,3,81679000000,True,True,81679008077,81679008077,True,81692268077,81692268077,True,81727968077,81727968077,True,81692268077,81727968077,True,True
5,12884901955,3,81679000000,True,True,81679019163,81679019163,True,81692279163,81692279163,True,81727979163,81727979163,True,81692279163,81727979163,True,True
5,17179869230,4,81705000000,True,True,81705012444,81705012444,True,81718272444,81718272444,True,81753972444,81753972444,True,81718272444,81753972444,True,True
2,17179869230,4,81705000000,True,True,81705013632,81705013632,True,81718273632,81718273632,True,81753973632,81753973632,True,81718273632,81753973632,True,True
1,17179869230,4,81705000000,True,True,81705023527,81705023527,True,,81718283527,,81753983527,81753983527,True,81718283527,81753983527,True,True
1,12884901956,3,81822000000,True,True,81822008077,81822008077,True,81835268077,81835268077,True,81870968077,81870968077,True,81835268077,81870968077,True,True
5,12884901956,3,81822000000,True,True,81822019163,81822019163,True,81835279163,81835279163,True,81870979163,81870979163,True,81835279163,81870979163,True,True
1,12884901957,3,81978000000,True,True,81978008077,81978008077,True,81991268077,81991268077,True,82026968077,82026968077,True,81991268077,82026968077,True,True
5,12884901957,3,81978000000,True,True,81978019163,81978019163,True,81991279163,81991279163,True,82026979163,82026979163,True,81991279163,82026979163,True,True
1,12884901958,3,82030000000,True,True,82030008077,82030008077,True,82043268077,82043268077,True,82078968077,82078968077,True,82043268077,82078968077,True,True
5,12884901958,3,82030000000,True,True,82030019163,82030019163,True,82043279163,82043279163,True,82078979163,82078979163,True,82043279163,82078979163,True,True
5,17179869231,4,82056000000,True,True,82056012444,82056012444,True,82069272444,82069272444,True,82104972444,82104972444,True,82069272444,82104972444,True,True
2,17179869231,4,82056000000,True,True,82056013632,82056013632,True,82069273632,82069273632,True,82104973632,82104973632,True,82069273632,82104973632,True,True
1,17179869231,4,82056000000,True,True,82056023527,82056023527,True,,82069283527,,82104983527,82104983527,True,82069283527,82104983527,True,True
4,8589934621,2,82147000000,True,True,82147013632,82147013632,True,83152733632,83152733632,True,83182313632,83182313632,True,83152733632,83182313632,True,True
8,8589934621,2,82147000000,True,True,82147015346,82147015346,True,83152735346,83152735346,True,83182315346,83182315346,True,83152735346,83182315346,True,True
3,4294967385,1,82472000000,True,True,82472008077,82472008077,True,83477728077,83477728077,True,83507308077,83507308077,True,83477728077,83507308077,True,True
5,4294967385,1,82472000000,True,True,82472011086,82472011086,True,83477731086,83477731086,True,83507311086,83507311086,True,83477731086,83507311086,True,True
4,4294967385,1,82472000000,True,True,82472023527,82472023527,True,,83477743527,,83507323527,83507323527,True,83477743527,83507323527,True,True
5,17179869232,4,83200000000,True,True,83200012444,83200012444,True,83213272444,83213272444,True,83248972444,83248972444,True,83213272444,83248972444,True,True
2,17179869232,4,83200000000,True,True,83200013632,83200013632,True,83213273632,83213273632,True,83248973632,83248973632,True,83213273632,83248973632,True,True
1,17179869232,4,83200000000,True,True,83200023527,83200023527,True,,83213283527,,83248983527,83248983527,True,83213283527,83248983527,True,True
5,17179869233,4,83590000000,True,True,83590012444,83590012444,True,83603272444,83603272444,True,83638972444,83638972444,True,83603272444,83638972444,True,True
2,17179869233,4,83590000000,True,True,83590013632,83590013632,True,83603273632,83603273632,True,83638973632,83638973632,True,83603273632,83638973632,True,True
1,17179869233,4,83590000000,True,True,83590023527,83590023527,True,,83603283527,,83638983527,83638983527,True,83603283527,83638983527,True,True
4,8589934622,2,86983000000,True,True,86983013632,86983013632,True,86996273632,86996273632,True,87102353632,87102353632,True,86996273632,87102353632,True,True
8,8589934622,2,86983000000,True,True,86983015346,86983015346,True,86996275346,86996275346,True,87102355346,87102355346,True,86996275346,87102355346,True,True
5,17179869234,4,87373000000,True,True,87373012444,87373012444,True,87386272444,87386272444,True,87586192444,87586192444,True,87386272444,87586192444,True,True
2,17179869234,4,87373000000,True,True,87373013632,87373013632,True,87386273632,87386273632,True,87586193632,87586193632,True,87386273632,87586193632,True,True
1,17179869234,4,87373000000,True,True,87373023527,87373023527,True,,87386283527,,87586203527,87586203527,True,87386283527,87586203527,True,True
7,34359738380,8,87503000000,True,True,87503012442,87503012442,True,88508732442,88508732442,True,88714772442,88714772442,True,88508732442,88714772442,True,True
2,34359738380,8,87503000000,True,True,87503015346,87503015346,True,88508735346,88508735346,True,88714775346,88714775346,True,88508735346,88714775346,True,True
3,4294967386,1,87529000000,True,True,87529008077,87529008077,True,87542268077,87542268077,True,87648348077,87648348077,True,87542268077,87648348077,True,True
5,4294967386,1,87529000000,True,True,87529011086,87529011086,True,87542271086,87542271086,True,87648351086,87648351086,True,87542271086,87648351086,True,True
4,4294967386,1,87529000000,True,True,87529023527,87529023527,True,,87542283527,,87648363527,87648363527,True,87542283527,87648363527,True,True
1,12884901959,3,87776000000,True,True,87776008077,87776008077,True,87789268077,87789268077,True,87966748077,87966748077,True,87789268077,87966748077,True,True
5,17179869235,4,87776000000,True,True,87776012444,87776012444,True,87789272444,87789272444,True,87824972444,87824972444,True,87789272444,87824972444,True,True
2,17179869235,4,87776000000,True,True,87776013632,87776013632,True,87789273632,87789273632,True,87824973632,87824973632,True,87789273632,87824973632,True,True
5,12884901959,3,87776000000,True,True,87776019163,87776019163,True,87789279163,87789279163,True,87966759163,87966759163,True,87789279163,87966759163,True,True
1,17179869235,4,87776000000,True,True,87776023527,87776023527,True,,87789283527,,87824983527,87824983527,True,87789283527,87824983527,True,True
5,17179869236,4,87893000000,True,True,87893012444,87893012444,True,87906272444,87906272444,True,87941972444,87941972444,True,87906272444,87941972444,True,True
2,17179869236,4,87893000000,True,True,87893013632,87893013632,True,87906273632,87906273632,True,87941973632,87941973632,True,87906273632,87941973632,True,True
1,17179869236,4,87893000000,True,True,87893023527,87893023527,True,,87906283527,,87941983527,87941983527,True,87906283527,87941983527,True,True
1,12884901960,3,88062000000,True,True,88062008077,88062008077,True,88075268077,88075268077,True,88110968077,88110968077,True,88075268077,88110968077,True,True
5,12884901960,3,88062000000,True,True,88062019163,88062019163,True,,88075279163,,88110979163,88110979163,True,88075279163,88110979163,True,True
3,4294967387,1,88179000000,True,True,88179008077,88179008077,True,88192268077,88192268077,True,88227968077,88227968077,True,88192268077,88227968077,True,True
5,4294967387,1,88179000000,True,True,88179011086,88179011086,True,88192271086,88192271086,True,88227971086,88227971086,True,88192271086,88227971086,True,True
4,4294967387,1,88179000000,True,True,88179023527,88179023527,True,,88192283527,,88227983527,88227983527,True,88192283527,88227983527,True,True
5,17179869237,4,88205000000,True,True,88205012444,88205012444,True,88218272444,88218272444,True,88253972444,88253972444,True,88218272444,88253972444,True,True
2,17179869237,4,88205000000,True,True,88205013632,88205013632,True,88218273632,88218273632,True,88253973632,88253973632,True,88218273632,88253973632,True,True
1,17179869237,4,88205000000,True,True,88205023527,88205023527,True,,88218283527,,88253983527,88253983527,True,88218283527,88253983527,True,True
1,12884901961,3,88543000000,True,True,88543008077,88543008077,True,88556268077,88556268077,True,88591968077,88591968077,True,88556268077,88591968077,True,True
5,12884901961,3,88543000000,True,True,88543019163,88543019163,True,88556279163,88556279163,True,88591979163,88591979163,True,88556279163,88591979163,True,True
5,17179869238,4,88582000000,True,True,88582012444,88582012444,True,88595272444,88595272444,True,88630972444,88630972444,True,88595272444,88630972444,True,True
2,17179869238,4,88582000000,True,True,88582013632,88582013632,True,88595273632,88595273632,True,88630973632,88630973632,True,88595273632,88630973632,True,True
1,17179869238,4,88582000000,True,True,88582023527,88582023527,True,,88595283527,,88630983527,88630983527,True,88595283527,88630983527,True,True
3,4294967388,1,88647000000,True,True,88647008077,88647008077,True,88660268077,88660268077,True,88695968077,88695968077,True,88660268077,88695968077,True,True
5,4294967388,1,88647000000,True,True,88647011086,88647011086,True,88660271086,88660271086,True,88695971086,88695971086,True,88660271086,88695971086,True,True
4,4294967388,1,88647000000,True,True,88647023527,88647023527,True,,88660283527,,88695983527,88695983527,True,88660283527,88695983527,True,True
8,30064771073,7,88764000000,True,True,88764012442,88764012442,True,88777272442,88777272442,True,88805832442,88805832442,True,88777272442,88805832442,True,True
4,8589934623,2,88777000000,True,True,88777013632,88777013632,True,88790273632,88790273632,True,88948373632,88948373632,True,88790273632,88948373632,True,True
8,8589934623,2,88777000000,True,True,88777015346,88777015346,True,88790275346,88790275346,True,88948375346,88948375346,True,88790275346,88948375346,True,True
7,34359738381,8,88816000000,True,True,88816012442,88816012442,True,88829272442,88829272442,True,88928212442,88928212442,True,88829272442,88928212442,True,True
2,34359738381,8,88816000000,True,True,88816015346,88816015346,True,88829275346,88829275346,True,88928215346,88928215346,True,88829275346,88928215346,True,True
1,12884901962,3,88829000000,True,True,88829008077,88829008077,True,88842268077,88842268077,True,88877968077,88877968077,True,88842268077,88877968077,True,True
5,12884901962,3,88829000000,True,True,88829019163,88829019163,True,88842279163,88842279163,True,88877979163,88877979163,True,88842279163,88877979163,True,True
3,4294967389,1,88933000000,True,True,88933008077,88933008077,True,88946268077,88946268077,True,88981968077,88981968077,True,88946268077,88981968077,True,True
5,4294967389,1,88933000000,True,True,88933011086,88933011086,True,88946271086,88946271086,True,88981971086,88981971086,True,88946271086,88981971086,True,True
7,34359738382,8,88933000000,True,True,88933012442,88933012442,True,88946272442,88946272442,True,88981972442,88981972442,True,88946272442,88981972442,True,True
2,34359738382,8,88933000000,True,True,88933015346,88933015346,True,88946275346,88946275346,True,88981975346,88981975346,True,88946275346,88981975346,True,True
4,4294967389,1,88933000000,True,True,88933023527,88933023527,True,,88946283527,,88981983527,88981983527,True,88946283527,88981983527,True,True
5,17179869239,4,88972000000,True,True,88972012444,88972012444,True,88985272444,88985272444,True,89020972444,89020972444,True,88985272444,89020972444,True,True
2,17179869239,4,88972000000,True,True,88972013632,88972013632,True,88985273632,88985273632,True,89020973632,89020973632,True,88985273632,89020973632,True,True
1,17179869239,4,88972000000,True,True,88972023527,88972023527,True,,88985283527,,89020983527,89020983527,True,88985283527,89020983527,True,True
7,34359738383,8,88985000000,True,True,88985012442,88985012442,True,88998272442,88998272442,True,89033972442,89033972442,True,88998272442,89033972442,True,True
2,34359738383,8,88985000000,True,True,88985015346,88985015346,True,88998275346,88998275346,True,89033975346,89033975346,True,88998275346,89033975346,True,True
3,4294967390,1,89011000000,True,True,89011008077,89011008077,True,89024268077,89024268077,True,89059968077,89059968077,True,89024268077,89059968077,True,True
5,4294967390,1,89011000000,True,True,89011011086,89011011086,True,89024271086,89024271086,True,89059971086,89059971086,True,89024271086,89059971086,True,True
4,4294967390,1,89011000000,True,True,89011023527,89011023527,True,,89024283527,,89059983527,89059983527,True,89024283527,89059983527,True,True
8,30064771074,7,89102000000,True,True,89102012442,89102012442,True,89115272442,89115272442,True,89214212442,89214212442,True,89115272442,89214212442,True,True
4,8589934624,2,89141000000,True,True,89141013632,89141013632,True,89154273632,89154273632,True,89215473632,89215473632,True,89154273632,89215473632,True,True
8,8589934624,2,89141000000,True,True,89141015346,89141015346,True,89154275346,89154275346,True,89215475346,89215475346,True,89154275346,89215475346,True,True
1,12884901963,3,89193000000,True,True,89193008077,89193008077,True,89206268077,89206268077,True,89241968077,89241968077,True,89206268077,89241968077,True,True
5,12884901963,3,89193000000,True,True,89193019163,89193019163,True,89206279163,89206279163,True,89241979163,89241979163,True,89206279163,89241979163,True,True
4,8589934625,2,89232000000,True,True,89232013632,89232013632,True,89245273632,89245273632,True,89306473632,89306473632,True,89245273632,89306473632,True,True
8,8589934625,2,89232000000,True,True,89232015346,89232015346,True,89245275346,89245275346,True,89306475346,89306475346,True,89245275346,89306475346,True,True
8,30064771075,7,89310000000,True,True,89310012442,89310012442,True,89323272442,89323272442,True,89358972442,89358972442,True,89323272442,89358972442,True,True
8,30064771076,7,89362000000,True,True,89362012442,89362012442,True,89375272442,89375272442,True,89410972442,89410972442,True,89375272442,89410972442,True,True
3,4294967391,1,89427000000,True,True,89427008077,89427008077,True,89440268077,89440268077,True,89475968077,89475968077,True,89440268077,89475968077,True,True
5,4294967391,1,89427000000,True,True,89427011086,89427011086,True,89440271086,89440271086,True,89475971086,89475971086,True,89440271086,89475971086,True,True
4,4294967391,1,89427000000,True,True,89427023527,89427023527,True,,89440283527,,89475983527,89475983527,True,89440283527,89475983527,True,True
5,17179869240,4,89466000000,True,True,89466012444,89466012444,True,89479272444,89479272444,True,89514972444,89514972444,True,89479272444,89514972444,True,True
2,17179869240,4,89466000000,True,True,89466013632,89466013632,True,89479273632,89479273632,True,89514973632,89514973632,True,89479273632,89514973632,True,True
1,17179869240,4,89466000000,True,True,89466023527,89466023527,True,,89479283527,,89514983527,89514983527,True,89479283527,89514983527,True,True
7,34359738384,8,89596000000,True,True,89596012442,89596012442,True,89609272442,89609272442,True,89705152442,89705152442,True,89609272442,89705152442,True,True
2,34359738384,8,89596000000,True,True,89596015346,89596015346,True,89609275346,89609275346,True,89705155346,89705155346,True,89609275346,89705155346,True,True
3,4294967392,1,89778000000,True,True,89778008077,89778008077,True,89791268077,89791268077,True,89817788077,89817788077,True,89791268077,89817788077,True,True
5,4294967392,1,89778000000,True,True,89778011086,89778011086,True,89791271086,89791271086,True,89817791086,89817791086,True,89791271086,89817791086,True,True
4,4294967392,1,89778000000,True,True,89778023527,89778023527,True,,89791283527,,89817803527,89817803527,True,89791283527,89817803527,True,True
4,8589934626,2,89830000000,True,True,89830013632,89830013632,True,89843273632,89843273632,True,89904473632,89904473632,True,89843273632,89904473632,True,True
8,8589934626,2,89830000000,True,True,89830015346,89830015346,True,89843275346,89843275346,True,89904475346,89904475346,True,89843275346,89904475346,True,True
8,30064771077,7,89843000000,True,True,89843012442,89843012442,True,89856272442,89856272442,True,89950112442,89950112442,True,89856272442,89950112442,True,True
1,21474836568,5,89882000000,True,True,89882011086,89882011086,True,89895271086,89895271086,True,90063571086,90063571086,True,89895271086,90063571086,True,True
4,21474836568,5,89882000000,True,True,89882012444,89882012444,True,89895272444,89895272444,True,90063572444,90063572444,True,89895272444,90063572444,True,True
3,21474836568,5,89882000000,True,True,89882019163,89882019163,True,89895279163,89895279163,True,90063579163,90063579163,True,89895279163,90063579163,True,True
5,17179869241,4,89973000000,True,True,89973012444,89973012444,True,89986272444,89986272444,True,90021972444,90021972444,True,89986272444,90021972444,True,True
2,17179869241,4,89973000000,True,True,89973013632,89973013632,True,89986273632,89986273632,True,90021973632,90021973632,True,89986273632,90021973632,True,True
1,17179869241,4,89973000000,True,True,89973023527,89973023527,True,,89986283527,,90021983527,90021983527,True,89986283527,90021983527,True,True
3,4294967393,1,90116000000,True,True,90116008077,90116008077,True,90129268077,90129268077,True,90248608077,90248608077,True,90129268077,90248608077,True,True
5,4294967393,1,90116000000,True,True,90116011086,90116011086,True,90129271086,90129271086,True,90248611086,90248611086,True,90129271086,90248611086,True,True
4,4294967393,1,90116000000,True,True,90116023527,90116023527,True,,90129283527,,90248623527,90248623527,True,90129283527,90248623527,True,True
7,34359738385,8,90168000000,True,True,90168012442,90168012442,True,90181272442,90181272442,True,90216972442,90216972442,True,90181272442,90216972442,True,True
2,34359738385,8,90168000000,True,True,90168015346,90168015346,True,90181275346,90181275346,True,90216975346,90216975346,True,90181275346,90216975346,True,True
5,17179869242,4,90194000000,True,True,90194012444,90194012444,True,90207272444,90207272444,True,90242972444,90242972444,True,90207272444,90242972444,True,True
2,17179869242,4,90194000000,True,True,90194013632,90194013632,True,90207273632,90207273632,True,90242973632,90242973632,True,90207273632,90242973632,True,True
1,17179869242,4,90194000000,True,True,90194023527,90194023527,True,,90207283527,,90242983527,90242983527,True,90207283527,90242983527,True,True
7,34359738386,8,90272000000,True,True,90272012442,90272012442,True,90285272442,90285272442,True,90320972442,90320972442,True,90285272442,90320972442,True,True
2,34359738386,8,90272000000,True,True,90272015346,90272015346,True,90285275346,90285275346,True,90320975346,90320975346,True,90285275346,90320975346,True,True
7,34359738387,8,90324000000,True,True,90324012442,90324012442,True,90337272442,90337272442,True,90372972442,90372972442,True,90337272442,90372972442,True,True
5,17179869243,4,90324000000,True,True,90324012444,90324012444,True,90337272444,90337272444,True,90372972444,90372972444,True,90337272444,90372972444,True,True
2,17179869243,4,90324000000,True,True,90324013632,90324013632,True,90337273632,90337273632,True,90372973632,90372973632,True,90337273632,90372973632,True,True
2,34359738387,8,90324000000,True,True,90324015346,90324015346,True,90337275346,90337275346,True,90372975346,90372975346,True,90337275346,90372975346,True,True
1,17179869243,4,90324000000,True,True,90324023527,90324023527,True,,90337283527,,90372983527,90372983527,True,90337283527,90372983527,True,True
1,21474836569,5,90389000000,True,True,90389011086,90389011086,True,90402271086,90402271086,True,90463471086,90463471086,True,90402271086,90463471086,True,True
4,21474836569,5,90389000000,True,True,90389012444,90389012444,True,90402272444,90402272444,True,90463472444,90463472444,True,90402272444,90463472444,True,True
3,21474836569,5,90389000000,True,True,90389019163,90389019163,True,,90402279163,,90463479163,90463479163,True,90402279163,90463479163,True,True
4,8589934627,2,90454000000,True,True,90454013632,90454013632,True,90467273632,90467273632,True,90528473632,90528473632,True,90467273632,90528473632,True,True
8,8589934627,2,90454000000,True,True,90454015346,90454015346,True,90467275346,90467275346,True,90528475346,90528475346,True,90467275346,90528475346,True,True
8,30064771078,7,90480000000,True,True,90480012442,90480012442,True,90493272442,90493272442,True,90554472442,90554472442,True,90493272442,90554472442,True,True
3,4294967394,1,90493000000,True,True,90493008077,90493008077,True,90506268077,90506268077,True,90541968077,90541968077,True,90506268077,90541968077,True,True
5,4294967394,1,90493000000,True,True,90493011086,90493011086,True,90506271086,90506271086,True,90541971086,90541971086,True,90506271086,90541971086,True,True
4,4294967394,1,90493000000,True,True,90493023527,90493023527,True,,90506283527,,90541983527,90541983527,True,90506283527,90541983527,True,True
1,21474836570,5,90558000000,True,True,90558011086,90558011086,True,90571271086,90571271086,True,90632471086,90632471086,True,90571271086,90632471086,True,True
4,21474836570,5,90558000000,True,True,90558012444,90558012444,True,90571272444,90571272444,True,90632472444,90632472444,True,90571272444,90632472444,True,True
3,21474836570,5,90558000000,True,True,90558019163,90558019163,True,90571279163,90571279163,True,90632479163,90632479163,True,90571279163,90632479163,True,True
1,21474836571,5,90662000000,True,True,90662011086,90662011086,True,90675271086,90675271086,True,90736471086,90736471086,True,90675271086,90736471086,True,True
4,21474836571,5,90662000000,True,True,90662012444,90662012444,True,90675272444,90675272444,True,90736472444,90736472444,True,90675272444,90736472444,True,True
3,21474836571,5,90662000000,True,True,90662019163,90662019163,True,90675279163,90675279163,True,90736479163,90736479163,True,90675279163,90736479163,True,True
7,34359738388,8,90753000000,True,True,90753012442,90753012442,True,90766272442,90766272442,True,90801972442,90801972442,True,90766272442,90801972442,True,True
2,34359738388,8,90753000000,True,True,90753015346,90753015346,True,90766275346,90766275346,True,90801975346,90801975346,True,90766275346,90801975346,True,True
1,12884901964,3,90831000000,True,True,90831008077,90831008077,True,90844268077,90844268077,True,90879968077,90879968077,True,90844268077,90879968077,True,True
5,12884901964,3,90831000000,True,True,90831019163,90831019163,True,90844279163,90844279163,True,90879979163,90879979163,True,90844279163,90879979163,True,True
8,30064771079,7,90922000000,True,True,90922012442,90922012442,True,90935272442,90935272442,True,90970972442,90970972442,True,90935272442,90970972442,True,True
3,4294967395,1,91039000000,True,True,91039008077,91039008077,True,91052268077,91052268077,True,91087968077,91087968077,True,91052268077,91087968077,True,True
5,4294967395,1,91039000000,True,True,91039011086,91039011086,True,91052271086,91052271086,True,91087971086,91087971086,True,91052271086,91087971086,True,True
4,4294967395,1,91039000000,True,True,91039023527,91039023527,True,,91052283527,,91087983527,91087983527,True,91052283527,91087983527,True,True
7,34359738389,8,91052000000,True,True,91052012442,91052012442,True,91065272442,91065272442,True,91226432442,91226432442,True,91065272442,91226432442,True,True
2,34359738389,8,91052000000,True,True,91052015346,91052015346,True,91065275346,91065275346,True,91226435346,91226435346,True,91065275346,91226435346,True,True
1,21474836572,5,91104000000,True,True,91104011086,91104011086,True,91117271086,91117271086,True,91178471086,91178471086,True,91117271086,91178471086,True,True
4,21474836572,5,91104000000,True,True,91104012444,91104012444,True,91117272444,91117272444,True,91178472444,91178472444,True,91117272444,91178472444,True,True
3,21474836572,5,91104000000,True,True,91104019163,91104019163,True,91117279163,91117279163,True,91178479163,91178479163,True,91117279163,91178479163,True,True
1,21474836573,5,91182000000,True,True,91182011086,91182011086,True,91195271086,91195271086,True,91230971086,91230971086,True,91195271086,91230971086,True,True
4,21474836573,5,91182000000,True,True,91182012444,91182012444,True,91195272444,91195272444,True,91230972444,91230972444,True,91195272444,91230972444,True,True
3,21474836573,5,91182000000,True,True,91182019163,91182019163,True,91195279163,91195279163,True,91230979163,91230979163,True,91195279163,91230979163,True,True
4,8589934628,2,91325000000,True,True,91325013632,91325013632,True,91338273632,91338273632,True,91445373632,91445373632,True,91338273632,91445373632,True,True
8,8589934628,2,91325000000,True,True,91325015346,91325015346,True,91338275346,91338275346,True,91445375346,91445375346,True,91338275346,91445375346,True,True
8,30064771080,7,91338000000,True,True,91338012442,91338012442,True,91351272442,91351272442,True,91412472442,91412472442,True,91351272442,91412472442,True,True
1,12884901965,3,91416000000,True,True,91416008077,91416008077,True,91429268077,91429268077,True,91464968077,91464968077,True,91429268077,91464968077,True,True
5,12884901965,3,91416000000,True,True,91416019163,91416019163,True,91429279163,91429279163,True,91464979163,91464979163,True,91429279163,91464979163,True,True
7,34359738390,8,91494000000,True,True,91494012442,91494012442,True,91507272442,91507272442,True,91658232442,91658232442,True,91507272442,91658232442,True,True
2,34359738390,8,91494000000,True,True,91494015346,91494015346,True,91507275346,91507275346,True,91658235346,91658235346,True,91507275346,91658235346,True,True
1,12884901966,3,91507000000,True,True,91507008077,91507008077,True,91520268077,91520268077,True,91555968077,91555968077,True,91520268077,91555968077,True,True
5,12884901966,3,91507000000,True,True,91507019163,91507019163,True,91520279163,91520279163,True,91555979163,91555979163,True,91520279163,91555979163,True,True
5,17179869244,4,91559000000,True,True,91559012444,91559012444,True,91572272444,91572272444,True,91607972444,91607972444,True,91572272444,91607972444,True,True
2,17179869244,4,91559000000,True,True,91559013632,91559013632,True,91572273632,91572273632,True,91607973632,91607973632,True,91572273632,91607973632,True,True
1,17179869244,4,91559000000,True,True,91559023527,91559023527,True,,91572283527,,91607983527,91607983527,True,91572283527,91607983527,True,True
3,4294967396,1,91598000000,True,True,91598008077,91598008077,True,91611268077,91611268077,True,91646968077,91646968077,True,91611268077,91646968077,True,True
5,4294967396,1,91598000000,True,True,91598011086,91598011086,True,91611271086,91611271086,True,91646971086,91646971086,True,91611271086,91646971086,True,True
4,4294967396,1,91598000000,True,True,91598023527,91598023527,True,,91611283527,,91646983527,91646983527,True,91611283527,91646983527,True,True
7,34359738391,8,91676000000,True,True,91676012442,91676012442,True,91689272442,91689272442,True,91750472442,91750472442,True,91689272442,91750472442,True,True
2,34359738391,8,91676000000,True,True,91676015346,91676015346,True,91689275346,91689275346,True,91750475346,91750475346,True,91689275346,91750475346,True,True
5,17179869245,4,91728000000,True,True,91728012444,91728012444,True,91741272444,91741272444,True,91776972444,91776972444,True,91741272444,91776972444,True,True
2,17179869245,4,91728000000,True,True,91728013632,91728013632,True,91741273632,91741273632,True,91776973632,91776973632,True,91741273632,91776973632,True,True
1,17179869245,4,91728000000,True,True,91728023527,91728023527,True,,91741283527,,91776983527,91776983527,True,91741283527,91776983527,True,True
3,4294967397,1,91741000000,True,True,91741008077,91741008077,True,91754268077,91754268077,True,91789968077,91789968077,True,91754268077,91789968077,True,True
5,4294967397,1,91741000000,True,True,91741011086,91741011086,True,91754271086,91754271086,True,91789971086,91789971086,True,91754271086,91789971086,True,True
4,4294967397,1,91741000000,True,True,91741023527,91741023527,True,,91754283527,,91789983527,91789983527,True,91754283527,91789983527,True,True
8,30064771081,7,91780000000,True,True,91780012442,91780012442,True,91793272442,91793272442,True,91879972442,91879972442,True,91793272442,91879972442,True,True
8,30064771082,7,91962000000,True,True,91962012442,91962012442,True,91975272442,91975272442,True,92069112442,92069112442,True,91975272442,92069112442,True,True
5,17179869246,4,91962000000,True,True,91962012444,91962012444,True,91975272444,91975272444,True,92010972444,92010972444,True,91975272444,92010972444,True,True
2,17179869246,4,91962000000,True,True,91962013632,91962013632,True,91975273632,91975273632,True,92010973632,92010973632,True,91975273632,92010973632,True,True
1,17179869246,4,91962000000,True,True,91962023527,91962023527,True,,91975283527,,92010983527,92010983527,True,91975283527,92010983527,True,True
1,12884901967,3,92027000000,True,True,92027008077,92027008077,True,92040268077,92040268077,True,92075968077,92075968077,True,92040268077,92075968077,True,True
5,12884901967,3,92027000000,True,True,92027019163,92027019163,True,92040279163,92040279163,True,92075979163,92075979163,True,92040279163,92075979163,True,True
4,8589934629,2,92053000000,True,True,92053013632,92053013632,True,92066273632,92066273632,True,92101973632,92101973632,True,92066273632,92101973632,True,True
8,8589934629,2,92053000000,True,True,92053015346,92053015346,True,92066275346,92066275346,True,92101975346,92101975346,True,92066275346,92101975346,True,True
5,17179869247,4,92274000000,True,True,92274012444,92274012444,True,92287272444,92287272444,True,92322972444,92322972444,True,92287272444,92322972444,True,True
2,17179869247,4,92274000000,True,True,92274013632,92274013632,True,92287273632,92287273632,True,92322973632,92322973632,True,92287273632,92322973632,True,True
1,17179869247,4,92274000000,True,True,92274023527,92274023527,True,,92287283527,,92322983527,92322983527,True,92287283527,92322983527,True,True
7,34359738392,8,92287000000,True,True,92287012442,92287012442,True,93292732442,93292732442,True,93450832442,93450832442,True,93292732442,93450832442,True,True
2,34359738392,8,92287000000,True,True,92287015346,92287015346,True,93292735346,93292735346,True,93450835346,93450835346,True,93292735346,93450835346,True,True
1,12884901968,3,92365000000,True,True,92365008077,92365008077,True,92378268077,92378268077,True,92413968077,92413968077,True,92378268077,92413968077,True,True
5,12884901968,3,92365000000,True,True,92365019163,92365019163,True,92378279163,92378279163,True,92413979163,92413979163,True,92378279163,92413979163,True,True
5,17179869248,4,92573000000,True,True,92573012444,92573012444,True,92586272444,92586272444,True,92621972444,92621972444,True,92586272444,92621972444,True,True
2,17179869248,4,92573000000,True,True,92573013632,92573013632,True,92586273632,92586273632,True,92621973632,92621973632,True,92586273632,92621973632,True,True
1,17179869248,4,92573000000,True,True,92573023527,92573023527,True,,92586283527,,92621983527,92621983527,True,92586283527,92621983527,True,True
4,8589934630,2,93483000000,True,True,93483013632,93483013632,True,93496273632,93496273632,True,93557473632,93557473632,True,93496273632,93557473632,True,True
8,8589934630,2,93483000000,True,True,93483015346,93483015346,True,93496275346,93496275346,True,93557475346,93557475346,True,93496275346,93557475346,True,True
8,30064771083,7,93561000000,True,True,93561012442,93561012442,True,93574272442,93574272442,True,93749712442,93749712442,True,93574272442,93749712442,True,True
4,8589934631,2,93899000000,True,True,93899013632,93899013632,True,93912273632,93912273632,True,93973473632,93973473632,True,93912273632,93973473632,True,True
8,8589934631,2,93899000000,True,True,93899015346,93899015346,True,93912275346,93912275346,True,93973475346,93973475346,True,93912275346,93973475346,True,True
7,34359738393,8,94042000000,True,True,94042012442,94042012442,True,94055272442,94055272442,True,94308232442,94308232442,True,94055272442,94308232442,True,True
2,34359738393,8,94042000000,True,True,94042015346,94042015346,True,94055275346,94055275346,True,94308235346,94308235346,True,94055275346,94308235346,True,True
8,30064771084,7,94328000000,True,True,94328012442,94328012442,True,94341272442,94341272442,True,94427972442,94427972442,True,94341272442,94427972442,True,True
4,8589934632,2,94458000000,True,True,94458013632,94458013632,True,94471273632,94471273632,True,94532473632,94532473632,True,94471273632,94532473632,True,True
8,8589934632,2,94458000000,True,True,94458015346,94458015346,True,94471275346,94471275346,True,94532475346,94532475346,True,94471275346,94532475346,True,True
8,30064771085,7,94718000000,True,True,94718012442,94718012442,True,94731272442,94731272442,True,94792472442,94792472442,True,94731272442,94792472442,True,True
7,34359738394,8,94835000000,True,True,94835012442,94835012442,True,94848272442,94848272442,True,95048192442,95048192442,True,94848272442,95048192442,True,True
2,34359738394,8,94835000000,True,True,94835015346,94835015346,True,94848275346,94848275346,True,95048195346,95048195346,True,94848275346,95048195346,True,True
4,8589934633,2,95108000000,True,True,95108013632,95108013632,True,95121273632,95121273632,True,95247753632,95247753632,True,95121273632,95247753632,True,True
8,8589934633,2,95108000000,True,True,95108015346,95108015346,True,95121275346,95121275346,True,95247755346,95247755346,True,95121275346,95247755346,True,True
8,30064771086,7,95303000000,True,True,95303012442,95303012442,True,95316272442,95316272442,True,95377472442,95377472442,True,95316272442,95377472442,True,True
4,8589934634,2,95316000000,True,True,95316013632,95316013632,True,95329273632,95329273632,True,95390473632,95390473632,True,95329273632,95390473632,True,True
8,8589934634,2,95316000000,True,True,95316015346,95316015346,True,95329275346,95329275346,True,95390475346,95390475346,True,95329275346,95390475346,True,True
5,17179869249,4,95589000000,True,True,95589012444,95589012444,True,95602272444,95602272444,True,95680812444,95680812444,True,95602272444,95680812444,True,True
2,17179869249,4,95589000000,True,True,95589013632,95589013632,True,95602273632,95602273632,True,95680813632,95680813632,True,95602273632,95680813632,True,True
1,17179869249,4,95589000000,True,True,95589023527,95589023527,True,,95602283527,,95680823527,95680823527,True,95602283527,95680823527,True,True
7,34359738395,8,95641000000,True,True,95641012442,95641012442,True,95654272442,95654272442,True,95791972442,95791972442,True,95654272442,95791972442,True,True
2,34359738395,8,95641000000,True,True,95641015346,95641015346,True,95654275346,95654275346,True,95791975346,95791975346,True,95654275346,95791975346,True,True
4,8589934635,2,95810000000,True,True,95810013632,95810013632,True,95823273632,95823273632,True,95884473632,95884473632,True,95823273632,95884473632,True,True
8,8589934635,2,95810000000,True,True,95810015346,95810015346,True,95823275346,95823275346,True,95884475346,95884475346,True,95823275346,95884475346,True,True
8,30064771087,7,95849000000,True,True,95849012442,95849012442,True,95862272442,95862272442,True,95923472442,95923472442,True,95862272442,95923472442,True,True
7,34359738396,8,95927000000,True,True,95927012442,95927012442,True,95940272442,95940272442,True,96077972442,96077972442,True,95940272442,96077972442,True,True
2,34359738396,8,95927000000,True,True,95927015346,95927015346,True,95940275346,95940275346,True,96077975346,96077975346,True,95940275346,96077975346,True,True
5,17179869250,4,95966000000,True,True,95966012444,95966012444,True,95979272444,95979272444,True,96014972444,96014972444,True,95979272444,96014972444,True,True
2,17179869250,4,95966000000,True,True,95966013632,95966013632,True,95979273632,95979273632,True,96014973632,96014973632,True,95979273632,96014973632,True,True
1,17179869250,4,95966000000,True,True,95966023527,95966023527,True,,95979283527,,96014983527,96014983527,True,95979283527,96014983527,True,True
5,17179869251,4,96122000000,True,True,96122012444,96122012444,True,96135272444,96135272444,True,96170972444,96170972444,True,96135272444,96170972444,True,True
2,17179869251,4,96122000000,True,True,96122013632,96122013632,True,96135273632,96135273632,True,96170973632,96170973632,True,96135273632,96170973632,True,True
1,17179869251,4,96122000000,True,True,96122023527,96122023527,True,,96135283527,,96170983527,96170983527,True,96135283527,96170983527,True,True
1,21474836574,5,96174000000,True,True,96174011086,96174011086,True,96187271086,96187271086,True,96268871086,96268871086,True,96187271086,96268871086,True,True
4,21474836574,5,96174000000,True,True,96174012444,96174012444,True,96187272444,96187272444,True,96268872444,96268872444,True,96187272444,96268872444,True,True
3,21474836574,5,96174000000,True,True,96174019163,96174019163,True,96187279163,96187279163,True,96268879163,96268879163,True,96187279163,96268879163,True,True
3,4294967398,1,96291000000,True,True,96291008077,96291008077,True,96304268077,96304268077,True,96388928077,96388928077,True,96304268077,96388928077,True,True
5,4294967398,1,96291000000,True,True,96291011086,96291011086,True,96304271086,96304271086,True,96388931086,96388931086,True,96304271086,96388931086,True,True
8,30064771088,7,96291000000,True,True,96291012442,96291012442,True,96304272442,96304272442,True,96339972442,96339972442,True,96304272442,96339972442,True,True
4,4294967398,1,96291000000,True,True,96291023527,96291023527,True,,96304283527,,96388943527,96388943527,True,96304283527,96388943527,True,True
7,34359738397,8,96369000000,True,True,96369012442,96369012442,True,96382272442,96382272442,True,96468972442,96468972442,True,96382272442,96468972442,True,True
2,34359738397,8,96369000000,True,True,96369015346,96369015346,True,96382275346,96382275346,True,96468975346,96468975346,True,96382275346,96468975346,True,True
5,17179869252,4,96486000000,True,True,96486012444,96486012444,True,96499272444,96499272444,True,96560472444,96560472444,True,96499272444,96560472444,True,True
2,17179869252,4,96486000000,True,True,96486013632,96486013632,True,96499273632,96499273632,True,96560473632,96560473632,True,96499273632,96560473632,True,True
1,17179869252,4,96486000000,True,True,96486023527,96486023527,True,,96499283527,,96560483527,96560483527,True,96499283527,96560483527,True,True
8,30064771089,7,96590000000,True,True,96590012442,96590012442,True,96603272442,96603272442,True,96638972442,96638972442,True,96603272442,96638972442,True,True
4,8589934636,2,96590000000,True,True,96590013632,96590013632,True,96603273632,96603273632,True,96664473632,96664473632,True,96603273632,96664473632,True,True
8,8589934636,2,96590000000,True,True,96590015346,96590015346,True,96603275346,96603275346,True,96664475346,96664475346,True,96603275346,96664475346,True,True
3,4294967399,1,96642000000,True,True,96642008077,96642008077,True,96655268077,96655268077,True,96690968077,96690968077,True,96655268077,96690968077,True,True
5,4294967399,1,96642000000,True,True,96642011086,96642011086,True,96655271086,96655271086,True,96690971086,96690971086,True,96655271086,96690971086,True,True
4,4294967399,1,96642000000,True,True,96642023527,96642023527,True,,96655283527,,96690983527,96690983527,True,96655283527,96690983527,True,True
7,34359738398,8,96668000000,True,True,96668012442,96668012442,True,96681272442,96681272442,True,96716972442,96716972442,True,96681272442,96716972442,True,True
2,34359738398,8,96668000000,True,True,96668015346,96668015346,True,96681275346,96681275346,True,96716975346,96716975346,True,96681275346,96716975346,True,True
5,17179869253,4,96681000000,True,True,96681012444,96681012444,True,96694272444,96694272444,True,96755472444,96755472444,True,96694272444,96755472444,True,True
2,17179869253,4,96681000000,True,True,96681013632,96681013632,True,96694273632,96694273632,True,96755473632,96755473632,True,96694273632,96755473632,True,True
1,17179869253,4,96681000000,True,True,96681023527,96681023527,True,,96694283527,,96755483527,96755483527,True,96694283527,96755483527,True,True
1,12884901969,3,96707000000,True,True,96707008077,96707008077,True,96720268077,96720268077,True,96830428077,96830428077,True,96720268077,96830428077,True,True
5,12884901969,3,96707000000,True,True,96707019163,96707019163,True,96720279163,96720279163,True,96830439163,96830439163,True,96720279163,96830439163,True,True
4,8589934637,2,96733000000,True,True,96733013632,96733013632,True,96746273632,96746273632,True,96807473632,96807473632,True,96746273632,96807473632,True,True
8,8589934637,2,96733000000,True,True,96733015346,96733015346,True,96746275346,96746275346,True,96807475346,96807475346,True,96746275346,96807475346,True,True
8,30064771090,7,96850000000,True,True,96850012442,96850012442,True,96863272442,96863272442,True,96898972442,96898972442,True,96863272442,96898972442,True,True
1,12884901970,3,96863000000,True,True,96863008077,96863008077,True,96876268077,96876268077,True,96937468077,96937468077,True,96876268077,96937468077,True,True
5,12884901970,3,96863000000,True,True,96863019163,96863019163,True,96876279163,96876279163,True,96937479163,96937479163,True,96876279163,96937479163,True,True
4,8589934638,2,96980000000,True,True,96980013632,96980013632,True,96993273632,96993273632,True,97028973632,97028973632,True,96993273632,97028973632,True,True
8,8589934638,2,96980000000,True,True,96980015346,96980015346,True,96993275346,96993275346,True,97028975346,97028975346,True,96993275346,97028975346,True,True
7,34359738399,8,97032000000,True,True,97032012442,97032012442,True,97045272442,97045272442,True,97080972442,97080972442,True,97045272442,97080972442,True,True
4,8589934639,2,97032000000,True,True,97032013632,97032013632,True,97045273632,97045273632,True,97080973632,97080973632,True,97045273632,97080973632,True,True
2,34359738399,8,97032000000,True,True,97032015346,97032015346,True,97045275346,97045275346,True,97080975346,97080975346,True,97045275346,97080975346,True,True
8,8589934639,2,97032000000,True,True,97032015346,97032015346,True,97045275346,97045275346,True,97080975346,97080975346,True,97045275346,97080975346,True,True
1,21474836575,5,97058000000,True,True,97058011086,97058011086,True,97071271086,97071271086,True,97157971086,97157971086,True,97071271086,97157971086,True,True
4,21474836575,5,97058000000,True,True,97058012444,97058012444,True,97071272444,97071272444,True,97157972444,97157972444,True,97071272444,97157972444,True,True
3,21474836575,5,97058000000,True,True,97058019163,97058019163,True,97071279163,97071279163,True,97157979163,97157979163,True,97071279163,97157979163,True,True
5,17179869254,4,97084000000,True,True,97084012444,97084012444,True,97097272444,97097272444,True,97132972444,97132972444,True,97097272444,97132972444,True,True
2,17179869254,4,97084000000,True,True,97084013632,97084013632,True,97097273632,97097273632,True,97132973632,97132973632,True,97097273632,97132973632,True,True
1,17179869254,4,97084000000,True,True,97084023527,97084023527,True,,97097283527,,97132983527,97132983527,True,97097283527,97132983527,True,True
3,4294967400,1,97318000000,True,True,97318008077,97318008077,True,97331268077,97331268077,True,97392468077,97392468077,True,97331268077,97392468077,True,True
5,4294967400,1,97318000000,True,True,97318011086,97318011086,True,97331271086,97331271086,True,97392471086,97392471086,True,97331271086,97392471086,True,True
5,17179869255,4,97318000000,True,True,97318012444,97318012444,True,97331272444,97331272444,True,97366972444,97366972444,True,97331272444,97366972444,True,True
2,17179869255,4,97318000000,True,True,97318013632,97318013632,True,97331273632,97331273632,True,97366973632,97366973632,True,97331273632,97366973632,True,True
1,17179869255,4,97318000000,True,True,97318023527,97318023527,True,,97331283527,,97366983527,97366983527,True,97331283527,97366983527,True,True
4,4294967400,1,97318000000,True,True,97318023527,97318023527,True,,97331283527,,97392483527,97392483527,True,97331283527,97392483527,True,True
7,34359738400,8,97383000000,True,True,97383012442,97383012442,True,98388732442,98388732442,True,98418312442,98418312442,True,98388732442,98418312442,True,True
2,34359738400,8,97383000000,True,True,97383015346,97383015346,True,98388735346,98388735346,True,98418315346,98418315346,True,98388735346,98418315346,True,True
3,4294967401,1,97422000000,True,True,97422008077,97422008077,True,97435268077,97435268077,True,97496468077,97496468077,True,97435268077,97496468077,True,True
5,4294967401,1,97422000000,True,True,97422011086,97422011086,True,97435271086,97435271086,True,97496471086,97496471086,True,97435271086,97496471086,True,True
4,4294967401,1,97422000000,True,True,97422023527,97422023527,True,,97435283527,,97496483527,97496483527,True,97435283527,97496483527,True,True
5,17179869256,4,97526000000,True,True,97526012444,97526012444,True,97539272444,97539272444,True,97574972444,97574972444,True,97539272444,97574972444,True,True
2,17179869256,4,97526000000,True,True,97526013632,97526013632,True,97539273632,97539273632,True,97574973632,97574973632,True,97539273632,97574973632,True,True
1,17179869256,4,97526000000,True,True,97526023527,97526023527,True,,97539283527,,97574983527,97574983527,True,97539283527,97574983527,True,True
1,12884901971,3,97565000000,True,True,97565008077,97565008077,True,97578268077,97578268077,True,97639468077,97639468077,True,97578268077,97639468077,True,True
5,12884901971,3,97565000000,True,True,97565019163,97565019163,True,97578279163,97578279163,True,97639479163,97639479163,True,97578279163,97639479163,True,True
1,21474836576,5,97630000000,True,True,97630011086,97630011086,True,97643271086,97643271086,True,97729971086,97729971086,True,97643271086,97729971086,True,True
4,21474836576,5,97630000000,True,True,97630012444,97630012444,True,97643272444,97643272444,True,97729972444,97729972444,True,97643272444,97729972444,True,True
3,21474836576,5,97630000000,True,True,97630019163,97630019163,True,97643279163,97643279163,True,97729979163,97729979163,True,97643279163,97729979163,True,True
1,12884901972,3,97903000000,True,True,97903008077,97903008077,True,97916268077,97916268077,True,97977468077,97977468077,True,97916268077,97977468077,True,True
5,12884901972,3,97903000000,True,True,97903019163,97903019163,True,97916279163,97916279163,True,97977479163,97977479163,True,97916279163,97977479163,True,True
3,4294967402,1,97981000000,True,True,97981008077,97981008077,True,97994268077,97994268077,True,98055468077,98055468077,True,97994268077,98055468077,True,True
5,4294967402,1,97981000000,True,True,97981011086,97981011086,True,97994271086,97994271086,True,98055471086,98055471086,True,97994271086,98055471086,True,True
4,4294967402,1,97981000000,True,True,97981023527,97981023527,True,,97994283527,,98055483527,98055483527,True,97994283527,98055483527,True,True
1,12884901973,3,98228000000,True,True,98228008077,98228008077,True,98241268077,98241268077,True,98302468077,98302468077,True,98241268077,98302468077,True,True
5,12884901973,3,98228000000,True,True,98228019163,98228019163,True,98241279163,98241279163,True,98302479163,98302479163,True,98241279163,98302479163,True,True
1,21474836577,5,98306000000,True,True,98306011086,98306011086,True,98319271086,98319271086,True,98405971086,98405971086,True,98319271086,98405971086,True,True
4,21474836577,5,98306000000,True,True,98306012444,98306012444,True,98319272444,98319272444,True,98405972444,98405972444,True,98319272444,98405972444,True,True
3,21474836577,5,98306000000,True,True,98306019163,98306019163,True,98319279163,98319279163,True,98405979163,98405979163,True,98319279163,98405979163,True,True
3,4294967403,1,98423000000,True,True,98423008077,98423008077,True,98436268077,98436268077,True,98471968077,98471968077,True,98436268077,98471968077,True,True
5,4294967403,1,98423000000,True,True,98423011086,98423011086,True,98436271086,98436271086,True,98471971086,98471971086,True,98436271086,98471971086,True,True
4,4294967403,1,98423000000,True,True,98423023527,98423023527,True,,98436283527,,98471983527,98471983527,True,98436283527,98471983527,True,True
1,21474836578,5,98618000000,True,True,98618011086,98618011086,True,98631271086,98631271086,True,98717971086,98717971086,True,98631271086,98717971086,True,True
4,21474836578,5,98618000000,True,True,98618012444,98618012444,True,98631272444,98631272444,True,98717972444,98717972444,True,98631272444,98717972444,True,True
3,21474836578,5,98618000000,True,True,98618019163,98618019163,True,98631279163,98631279163,True,98717979163,98717979163,True,98631279163,98717979163,True,True
3,4294967404,1,98852000000,True,True,98852008077,98852008077,True,98865268077,98865268077,True,98900968077,98900968077,True,98865268077,98900968077,True,True
5,4294967404,1,98852000000,True,True,98852011086,98852011086,True,98865271086,98865271086,True,98900971086,98900971086,True,98865271086,98900971086,True,True
4,4294967404,1,98852000000,True,True,98852023527,98852023527,True,,98865283527,,98900983527,98900983527,True,98865283527,98900983527,True,True
1,21474836579,5,99112000000,True,True,99112011086,99112011086,True,99125271086,99125271086,True,99186471086,99186471086,True,99125271086,99186471086,True,True
4,21474836579,5,99112000000,True,True,99112012444,99112012444,True,99125272444,99125272444,True,99186472444,99186472444,True,99125272444,99186472444,True,True
3,21474836579,5,99112000000,True,True,99112019163,99112019163,True,99125279163,99125279163,True,99186479163,99186479163,True,99125279163,99186479163,True,True
7,34359738401,8,102245000000,True,True,102245012442,102245012442,True,102258272442,102258272442,True,102364352442,102364352442,True,102258272442,102364352442,True,True
2,34359738401,8,102245000000,True,True,102245015346,102245015346,True,102258275346,102258275346,True,102364355346,102364355346,True,102258275346,102364355346,True,True
4,8589934640,2,102427000000,True,True,102427013632,102427013632,True,102440273632,102440273632,True,102663653632,102663653632,True,102440273632,102663653632,True,True
8,8589934640,2,102427000000,True,True,102427015346,102427015346,True,102440275346,102440275346,True,102663655346,102663655346,True,102440275346,102663655346,True,True
8,30064771091,7,102531000000,True,True,102531012442,102531012442,True,103536732442,103536732442,True,103658112442,103658112442,True,103536732442,103658112442,True,True
4,8589934641,2,102921000000,True,True,102921013632,102921013632,True,102934273632,102934273632,True,102969973632,102969973632,True,102934273632,102969973632,True,True
8,8589934641,2,102921000000,True,True,102921015346,102921015346,True,102934275346,102934275346,True,102969975346,102969975346,True,102934275346,102969975346,True,True
4,8589934642,2,103246000000,True,True,103246013632,103246013632,True,103259273632,103259273632,True,103294973632,103294973632,True,103259273632,103294973632,True,True
8,8589934642,2,103246000000,True,True,103246015346,103246015346,True,103259275346,103259275346,True,103294975346,103294975346,True,103259275346,103294975346,True,True
4,8589934643,2,103389000000,True,True,103389013632,103389013632,True,103402273632,103402273632,True,103437973632,103437973632,True,103402273632,103437973632,True,True
8,8589934643,2,103389000000,True,True,103389015346,103389015346,True,103402275346,103402275346,True,103437975346,103437975346,True,103402275346,103437975346,True,True
4,8589934644,2,103701000000,True,True,103701013632,103701013632,True,103714273632,103714273632,True,103749973632,103749973632,True,103714273632,103749973632,True,True
8,8589934644,2,103701000000,True,True,103701015346,103701015346,True,103714275346,103714275346,True,103749975346,103749975346,True,103714275346,103749975346,True,True
8,30064771092,7,103844000000,True,True,103844012442,103844012442,True,103857272442,103857272442,True,103892972442,103892972442,True,103857272442,103892972442,True,True
7,34359738402,8,103922000000,True,True,103922012442,103922012442,True,103935272442,103935272442,True,104119892442,104119892442,True,103935272442,104119892442,True,True
2,34359738402,8,103922000000,True,True,103922015346,103922015346,True,103935275346,103935275346,True,104119895346,104119895346,True,103935275346,104119895346,True,True
8,30064771093,7,104416000000,True,True,104416012442,104416012442,True,104429272442,104429272442,True,104635312442,104635312442,True,104429272442,104635312442,True,True
4,8589934645,2,104507000000,True,True,104507013632,104507013632,True,104520273632,104520273632,True,104555973632,104555973632,True,104520273632,104555973632,True,True
8,8589934645,2,104507000000,True,True,104507015346,104507015346,True,104520275346,104520275346,True,104555975346,104555975346,True,104520275346,104555975346,True,True
7,34359738403,8,104650000000,True,True,104650012442,104650012442,True,104663272442,104663272442,True,104749972442,104749972442,True,104663272442,104749972442,True,True
2,34359738403,8,104650000000,True,True,104650015346,104650015346,True,104663275346,104663275346,True,104749975346,104749975346,True,104663275346,104749975346,True,True
8,30064771094,7,104754000000,True,True,104754012442,104754012442,True,104767272442,104767272442,True,104853972442,104853972442,True,104767272442,104853972442,True,True
4,8589934646,2,104910000000,True,True,104910013632,104910013632,True,104923273632,104923273632,True,104958973632,104958973632,True,104923273632,104958973632,True,True
8,8589934646,2,104910000000,True,True,104910015346,104910015346,True,104923275346,104923275346,True,104958975346,104958975346,True,104923275346,104958975346,True,True
8,30064771095,7,105001000000,True,True,105001012442,105001012442,True,105014272442,105014272442,True,105100972442,105100972442,True,105014272442,105100972442,True,True
4,8589934647,2,105040000000,True,True,105040013632,105040013632,True,105053273632,105053273632,True,105088973632,105088973632,True,105053273632,105088973632,True,True
8,8589934647,2,105040000000,True,True,105040015346,105040015346,True,105053275346,105053275346,True,105088975346,105088975346,True,105053275346,105088975346,True,True
7,34359738404,8,105157000000,True,True,105157012442,105157012442,True,105170272442,105170272442,True,105256972442,105256972442,True,105170272442,105256972442,True,True
2,34359738404,8,105157000000,True,True,105157015346,105157015346,True,105170275346,105170275346,True,105256975346,105256975346,True,105170275346,105256975346,True,True
7,34359738405,8,105261000000,True,True,105261012442,105261012442,True,105274272442,105274272442,True,105360972442,105360972442,True,105274272442,105360972442,True,True
2,34359738405,8,105261000000,True,True,105261015346,105261015346,True,105274275346,105274275346,True,105360975346,105360975346,True,105274275346,105360975346,True,True
8,30064771096,7,105430000000,True,True,105430012442,105430012442,True,105443272442,105443272442,True,105504472442,105504472442,True,105443272442,105504472442,True,True
4,8589934648,2,105508000000,True,True,105508013632,105508013632,True,105521273632,105521273632,True,105556973632,105556973632,True,105521273632,105556973632,True,True
8,8589934648,2,105508000000,True,True,105508015346,105508015346,True,105521275346,105521275346,True,105556975346,105556975346,True,105521275346,105556975346,True,True
4,8589934649,2,105612000000,True,True,105612013632,105612013632,True,105625273632,105625273632,True,105660973632,105660973632,True,105625273632,105660973632,True,True
8,8589934649,2,105612000000,True,True,105612015346,105612015346,True,105625275346,105625275346,True,105660975346,105660975346,True,105625275346,105660975346,True,True
8,30064771097,7,105794000000,True,True,105794012442,105794012442,True,105807272442,105807272442,True,105868472442,105868472442,True,105807272442,105868472442,True,True
7,34359738406,8,105976000000,True,True,105976012442,105976012442,True,105989272442,105989272442,True,106075972442,106075972442,True,105989272442,106075972442,True,True
2,34359738406,8,105976000000,True,True,105976015346,105976015346,True,105989275346,105989275346,True,106075975346,106075975346,True,105989275346,106075975346,True,True
7,34359738407,8,106197000000,True,True,106197012442,106197012442,True,106210272442,106210272442,True,106245972442,106245972442,True,106210272442,106245972442,True,True
2,34359738407,8,106197000000,True,True,106197015346,106197015346,True,106210275346,106210275346,True,106245975346,106245975346,True,106210275346,106245975346,True,True
8,30064771098,7,107536000000,True,True,107536012442,107536012442,True,108541732442,108541732442,True,108571312442,108571312442,True,108541732442,108571312442,True,True
8,30064771099,7,112775000000,True,True,112775012442,112775012442,True,113780732442,113780732442,True,113810312442,113810312442,True,113780732442,113810312442,True,True
8,30064771100,7,117546000000,True,True,117546012442,117546012442,True,117559272442,117559272442,True,117649032442,117649032442,True,117559272442,117649032442,True,True
7,34359738408,8,117676000000,True,True,117676012442,117676012442,True,117689272442,117689272442,True,117921832442,117921832442,True,117689272442,117921832442,True,True
2,34359738408,8,117676000000,True,True,117676015346,117676015346,True,117689275346,117689275346,True,117921835346,117921835346,True,117689275346,117921835346,True,True
8,30064771101,7,118196000000,True,True,118196012442,118196012442,True,118209272442,118209272442,True,118381652442,118381652442,True,118209272442,118381652442,True,True
7,34359738409,8,118456000000,True,True,118456012442,118456012442,True,118469272442,118469272442,True,118530472442,118530472442,True,118469272442,118530472442,True,True
2,34359738409,8,118456000000,True,True,118456015346,118456015346,True,118469275346,118469275346,True,118530475346,118530475346,True,118469275346,118530475346,True,True
7,34359738410,8,118768000000,True,True,118768012442,118768012442,True,118781272442,118781272442,True,118842472442,118842472442,True,118781272442,118842472442,True,True
2,34359738410,8,118768000000,True,True,118768015346,118768015346,True,118781275346,118781275346,True,118842475346,118842475346,True,118781275346,118842475346,True,True
8,30064771102,7,118859000000,True,True,118859012442,118859012442,True,118872272442,118872272442,True,118907972442,118907972442,True,118872272442,118907972442,True,True
8,30064771103,7,118911000000,True,True,118911012442,118911012442,True,118924272442,118924272442,True,118959972442,118959972442,True,118924272442,118959972442,True,True
8,30064771104,7,119054000000,True,True,119054012442,119054012442,True,119067272442,119067272442,True,119102972442,119102972442,True,119067272442,119102972442,True,True
7,34359738411,8,119171000000,True,True,119171012442,119171012442,True,119184272442,119184272442,True,119245472442,119245472442,True,119184272442,119245472442,True,True
2,34359738411,8,119171000000,True,True,119171015346,119171015346,True,119184275346,119184275346,True,119245475346,119245475346,True,119184275346,119245475346,True,True
8,30064771105,7,119431000000,True,True,119431012442,119431012442,True,119444272442,119444272442,True,119479972442,119479972442,True,119444272442,119479972442,True,True
7,34359738412,8,119639000000,True,True,119639012442,119639012442,True,119652272442,119652272442,True,119713472442,119713472442,True,119652272442,119713472442,True,True
2,34359738412,8,119639000000,True,True,119639015346,119639015346,True,119652275346,119652275346,True,119713475346,119713475346,True,119652275346,119713475346,True,True
7,34359738413,8,119912000000,True,True,119912012442,119912012442,True,119925272442,119925272442,True,119960972442,119960972442,True,119925272442,119960972442,True,True
2,34359738413,8,119912000000,True,True,119912015346,119912015346,True,119925275346,119925275346,True,119960975346,119960975346,True,119925275346,119960975346,True,True
1,21474836580,5,132288000000,True,True,132288011086,132288011086,True,133293731086,133293731086,True,133335551086,133335551086,True,133293731086,133335551086,True,True
4,21474836580,5,132288000000,True,True,132288012444,132288012444,True,133293732444,133293732444,True,133335552444,133335552444,True,133293732444,133335552444,True,True
3,21474836580,5,132288000000,True,True,132288019163,132288019163,True,133293739163,133293739163,True,133335559163,133335559163,True,133293739163,133335559163,True,True
3,4294967405,1,147602000000,True,True,147602008077,147602008077,True,147615268077,147615268077,True,147657088077,147657088077,True,147615268077,147657088077,True,True
5,4294967405,1,147602000000,True,True,147602011086,147602011086,True,147615271086,147615271086,True,147657091086,147657091086,True,147615271086,147657091086,True,True
4,4294967405,1,147602000000,True,True,147602023527,147602023527,True,,147615283527,,147657103527,147657103527,True,147615283527,147657103527,True,True
5,17179869257,4,147693000000,True,True,147693012444,147693012444,True,147706272444,147706272444,True,147748092444,147748092444,True,147706272444,147748092444,True,True
2,17179869257,4,147693000000,True,True,147693013632,147693013632,True,147706273632,147706273632,True,147748093632,147748093632,True,147706273632,147748093632,True,True
1,17179869257,4,147693000000,True,True,147693023527,147693023527,True,,147706283527,,147748103527,147748103527,True,147706283527,147748103527,True,True
4,8589934650,2,162942000000,True,True,162942013632,162942013632,True,163947733632,163947733632,True,163989553632,163989553632,True,163947733632,163989553632,True,True
8,8589934650,2,162942000000,True,True,162942015346,162942015346,True,163947735346,163947735346,True,163989555346,163989555346,True,163947735346,163989555346,True,True
8,30064771106,7,178061000000,True,True,178061012442,178061012442,True,179066732442,179066732442,True,179108552442,179108552442,True,179066732442,179108552442,True,True
7,34359738414,8,179127000000,True,True,179127012442,179127012442,True,179140272442,179140272442,True,179182092442,179182092442,True,179140272442,179182092442,True,True
2,34359738414,8,179127000000,True,True,179127015346,179127015346,True,179140275346,179140275346,True,179182095346,179182095346,True,179140275346,179182095346,True,True
5,17179869258,4,207428000000,True,True,207428012444,207428012444,True,208433732444,208433732444,True,208475552444,208475552444,True,208433732444,208475552444,True,True
2,17179869258,4,207428000000,True,True,207428013632,207428013632,True,208433733632,208433733632,True,208475553632,208475553632,True,208433733632,208475553632,True,True
1,17179869258,4,207428000000,True,True,207428023527,207428023527,True,,208433743527,,208475563527,208475563527,True,208433743527,208475563527,True,True
4,8589934651,2,222833000000,True,True,222833013632,222833013632,True,222846273632,222846273632,True,222888093632,222888093632,True,222846273632,222888093632,True,True
8,8589934651,2,222833000000,True,True,222833015346,222833015346,True,222846275346,222846275346,True,222888095346,222888095346,True,222846275346,222888095346,True,True
7,34359738415,8,238043000000,True,True,238043012442,238043012442,True,239048732442,239048732442,True,239090552442,239090552442,True,239048732442,239090552442,True,True
2,34359738415,8,238043000000,True,True,238043015346,238043015346,True,239048735346,239048735346,True,239090555346,239090555346,True,239048735346,239090555346,True,True
8,30064771107,7,239122000000,True,True,239122012442,239122012442,True,239135272442,239135272442,True,239177092442,239177092442,True,239135272442,239177092442,True,True
4,8589934652,2,282789000000,True,True,282789013632,282789013632,True,283794733632,283794733632,True,283836553632,283836553632,True,283794733632,283836553632,True,True
8,8589934652,2,282789000000,True,True,282789015346,282789015346,True,283794735346,283794735346,True,283836555346,283836555346,True,283794735346,283836555346,True,True
7,34359738416,8,298025000000,True,True,298025012442,298025012442,True,298038272442,298038272442,True,298080092442,298080092442,True,298038272442,298080092442,True,True
2,34359738416,8,298025000000,True,True,298025015346,298025015346,True,298038275346,298038275346,True,298080095346,298080095346,True,298038275346,298080095346,True,True
8,30064771108,7,298116000000,True,True,298116012442,298116012442,True,298129272442,298129272442,True,298171092442,298171092442,True,298129272442,298171092442,True,True
8,30064771109,7,300092000000,True,True,300092012442,300092012442,True,300105272442,300105272442,True,300336812442,300336812442,True,300105272442,300336812442,True,True
1,12884901974,3,300365000000,True,True,300365008077,300365008077,True,301370728077,301370728077,True,301602268077,301602268077,True,301370728077,301602268077,True,True
5,12884901974,3,300365000000,True,True,300365019163,300365019163,True,,301370739163,,301602279163,301602279163,True,301370739163,301602279163,True,True
5,17179869259,4,300391000000,True,True,300391012444,300391012444,True,301396732444,301396732444,True,301628272444,301628272444,True,301396732444,301628272444,True,True
2,17179869259,4,300391000000,True,True,300391013632,300391013632,True,301396733632,301396733632,True,301628273632,301628273632,True,301396733632,301628273632,True,True
1,17179869259,4,300391000000,True,True,300391023527,300391023527,True,,301396743527,,301628283527,301628283527,True,301396743527,301628283527,True,True
7,34359738417,8,300482000000,True,True,300482012442,300482012442,True,300495272442,300495272442,True,300547292442,300547292442,True,300495272442,300547292442,True,True
2,34359738417,8,300482000000,True,True,300482015346,300482015346,True,300495275346,300495275346,True,300547295346,300547295346,True,300495275346,300547295346,True,True
7,34359738418,8,300586000000,True,True,300586012442,300586012442,True,300599272442,300599272442,True,300651292442,300651292442,True,300599272442,300651292442,True,True
2,34359738418,8,300586000000,True,True,300586015346,300586015346,True,300599275346,300599275346,True,300651295346,300651295346,True,300599275346,300651295346,True,True
7,34359738419,8,300768000000,True,True,300768012442,300768012442,True,300781272442,300781272442,True,300833292442,300833292442,True,300781272442,300833292442,True,True
2,34359738419,8,300768000000,True,True,300768015346,300768015346,True,300781275346,300781275346,True,300833295346,300833295346,True,300781275346,300833295346,True,True
8,30064771110,7,300872000000,True,True,300872012442,300872012442,True,300885272442,300885272442,True,301116812442,301116812442,True,300885272442,301116812442,True,True
7,34359738420,8,301236000000,True,True,301236012442,301236012442,True,301249272442,301249272442,True,301301292442,301301292442,True,301249272442,301301292442,True,True
2,34359738420,8,301236000000,True,True,301236015346,301236015346,True,301249275346,301249275346,True,301301295346,301301295346,True,301249275346,301301295346,True,True
8,30064771111,7,301418000000,True,True,301418012442,301418012442,True,301431272442,301431272442,True,301662812442,301662812442,True,301431272442,301662812442,True,True
4,8589934653,2,301639000000,True,True,301639013632,301639013632,True,301652273632,301652273632,True,301883813632,301883813632,True,301652273632,301883813632,True,True
8,8589934653,2,301639000000,True,True,301639015346,301639015346,True,301652275346,301652275346,True,301883815346,301883815346,True,301652275346,301883815346,True,True
7,34359738421,8,301704000000,True,True,301704012442,301704012442,True,301717272442,301717272442,True,301769292442,301769292442,True,301717272442,301769292442,True,True
2,34359738421,8,301704000000,True,True,301704015346,301704015346,True,301717275346,301717275346,True,301769295346,301769295346,True,301717275346,301769295346,True,True
1,21474836581,5,301769000000,True,True,301769011086,301769011086,True,301782271086,301782271086,True,301834291086,301834291086,True,301782271086,301834291086,True,True
4,21474836581,5,301769000000,True,True,301769012444,301769012444,True,301782272444,301782272444,True,301834292444,301834292444,True,301782272444,301834292444,True,True
3,21474836581,5,301769000000,True,True,301769019163,301769019163,True,301782279163,301782279163,True,301834299163,301834299163,True,301782279163,301834299163,True,True
7,34359738422,8,301899000000,True,True,301899012442,301899012442,True,301912272442,301912272442,True,301964292442,301964292442,True,301912272442,301964292442,True,True
2,34359738422,8,301899000000,True,True,301899015346,301899015346,True,301912275346,301912275346,True,301964295346,301964295346,True,301912275346,301964295346,True,True
3,4294967406,1,302016000000,True,True,302016008077,302016008077,True,302029268077,302029268077,True,302081288077,302081288077,True,302029268077,302081288077,True,True
5,4294967406,1,302016000000,True,True,302016011086,302016011086,True,302029271086,302029271086,True,302081291086,302081291086,True,302029271086,302081291086,True,True
4,4294967406,1,302016000000,True,True,302016023527,302016023527,True,,302029283527,,302081303527,302081303527,True,302029283527,302081303527,True,True
8,30064771112,7,302029000000,True,True,302029012442,302029012442,True,302042272442,302042272442,True,302273812442,302273812442,True,302042272442,302273812442,True,True
1,12884901975,3,302107000000,True,True,302107008077,302107008077,True,302120268077,302120268077,True,302351808077,302351808077,True,302120268077,302351808077,True,True
5,12884901975,3,302107000000,True,True,302107019163,302107019163,True,302120279163,302120279163,True,302351819163,302351819163,True,302120279163,302351819163,True,True
5,17179869260,4,302133000000,True,True,302133012444,302133012444,True,302146272444,302146272444,True,302198292444,302198292444,True,302146272444,302198292444,True,True
2,17179869260,4,302133000000,True,True,302133013632,302133013632,True,302146273632,302146273632,True,302198293632,302198293632,True,302146273632,302198293632,True,True
1,17179869260,4,302133000000,True,True,302133023527,302133023527,True,,302146283527,,302198303527,302198303527,True,302146283527,302198303527,True,True
7,34359738423,8,302276000000,True,True,302276012442,302276012442,True,302289272442,302289272442,True,302341292442,302341292442,True,302289272442,302341292442,True,True
2,34359738423,8,302276000000,True,True,302276015346,302276015346,True,302289275346,302289275346,True,302341295346,302341295346,True,302289275346,302341295346,True,True
4,8589934654,2,302406000000,True,True,302406013632,302406013632,True,302419273632,302419273632,True,302650813632,302650813632,True,302419273632,302650813632,True,True
8,8589934654,2,302406000000,True,True,302406015346,302406015346,True,302419275346,302419275346,True,302650815346,302650815346,True,302419275346,302650815346,True,True
3,4294967407,1,302432000000,True,True,302432008077,302432008077,True,302445268077,302445268077,True,302497288077,302497288077,True,302445268077,302497288077,True,True
5,4294967407,1,302432000000,True,True,302432011086,302432011086,True,302445271086,302445271086,True,302497291086,302497291086,True,302445271086,302497291086,True,True
4,4294967407,1,302432000000,True,True,302432023527,302432023527,True,,302445283527,,302497303527,302497303527,True,302445283527,302497303527,True,True
8,30064771113,7,302484000000,True,True,302484012442,302484012442,True,302497272442,302497272442,True,302728812442,302728812442,True,302497272442,302728812442,True,True
1,21474836582,5,302536000000,True,True,302536011086,302536011086,True,302549271086,302549271086,True,302601291086,302601291086,True,302549271086,302601291086,True,True
4,21474836582,5,302536000000,True,True,302536012444,302536012444,True,302549272444,302549272444,True,302601292444,302601292444,True,302549272444,302601292444,True,True
3,21474836582,5,302536000000,True,True,302536019163,302536019163,True,302549279163,302549279163,True,302601299163,302601299163,True,302549279163,302601299163,True,True
7,34359738424,8,302692000000,True,True,302692012442,302692012442,True,302705272442,302705272442,True,302757292442,302757292442,True,302705272442,302757292442,True,True
2,34359738424,8,302692000000,True,True,302692015346,302692015346,True,302705275346,302705275346,True,302757295346,302757295346,True,302705275346,302757295346,True,True
1,12884901976,3,302848000000,True,True,302848008077,302848008077,True,302861268077,302861268077,True,303092808077,303092808077,True,302861268077,303092808077,True,True
8,30064771114,7,302848000000,True,True,302848012442,302848012442,True,302861272442,302861272442,True,303092812442,303092812442,True,302861272442,303092812442,True,True
5,17179869261,4,302848000000,True,True,302848012444,302848012444,True,302861272444,302861272444,True,302913292444,302913292444,True,302861272444,302913292444,True,True
2,17179869261,4,302848000000,True,True,302848013632,302848013632,True,302861273632,302861273632,True,302913293632,302913293632,True,302861273632,302913293632,True,True
5,12884901976,3,302848000000,True,True,302848019163,302848019163,True,302861279163,302861279163,True,303092819163,303092819163,True,302861279163,303092819163,True,True
1,17179869261,4,302848000000,True,True,302848023527,302848023527,True,,302861283527,,302913303527,302913303527,True,302861283527,302913303527,True,True
4,8589934655,2,302939000000,True,True,302939013632,302939013632,True,302952273632,302952273632,True,303183813632,303183813632,True,302952273632,303183813632,True,True
8,8589934655,2,302939000000,True,True,302939015346,302939015346,True,302952275346,302952275346,True,303183815346,303183815346,True,302952275346,303183815346,True,True
1,21474836583,5,303017000000,True,True,303017011086,303017011086,True,303030271086,303030271086,True,303082291086,303082291086,True,303030271086,303082291086,True,True
4,21474836583,5,303017000000,True,True,303017012444,303017012444,True,303030272444,303030272444,True,303082292444,303082292444,True,303030272444,303082292444,True,True
3,21474836583,5,303017000000,True,True,303017019163,303017019163,True,303030279163,303030279163,True,303082299163,303082299163,True,303030279163,303082299163,True,True
3,4294967408,1,303108000000,True,True,303108008077,303108008077,True,303121268077,303121268077,True,303173288077,303173288077,True,303121268077,303173288077,True,True
5,4294967408,1,303108000000,True,True,303108011086,303108011086,True,303121271086,303121271086,True,303173291086,303173291086,True,303121271086,303173291086,True,True
1,21474836584,5,303108000000,True,True,303108011086,303108011086,True,303121271086,303121271086,True,303173291086,303173291086,True,303121271086,303173291086,True,True
4,21474836584,5,303108000000,True,True,303108012444,303108012444,True,303121272444,303121272444,True,303173292444,303173292444,True,303121272444,303173292444,True,True
3,21474836584,5,303108000000,True,True,303108019163,303108019163,True,303121279163,303121279163,True,303173299163,303173299163,True,303121279163,303173299163,True,True
4,4294967408,1,303108000000,True,True,303108023527,303108023527,True,,303121283527,,303173303527,303173303527,True,303121283527,303173303527,True,True
1,21474836585,5,303186000000,True,True,303186011086,303186011086,True,303199271086,303199271086,True,303251291086,303251291086,True,303199271086,303251291086,True,True
4,21474836585,5,303186000000,True,True,303186012444,303186012444,True,303199272444,303199272444,True,303251292444,303251292444,True,303199272444,303251292444,True,True
3,21474836585,5,303186000000,True,True,303186019163,303186019163,True,303199279163,303199279163,True,303251299163,303251299163,True,303199279163,303251299163,True,True
7,34359738425,8,303290000000,True,True,303290012442,303290012442,True,303303272442,303303272442,True,303355292442,303355292442,True,303303272442,303355292442,True,True
2,34359738425,8,303290000000,True,True,303290015346,303290015346,True,303303275346,303303275346,True,303355295346,303355295346,True,303303275346,303355295346,True,True
5,17179869262,4,303329000000,True,True,303329012444,303329012444,True,303342272444,303342272444,True,303394292444,303394292444,True,303342272444,303394292444,True,True
2,17179869262,4,303329000000,True,True,303329013632,303329013632,True,303342273632,303342273632,True,303394293632,303394293632,True,303342273632,303394293632,True,True
1,17179869262,4,303329000000,True,True,303329023527,303329023527,True,,303342283527,,303394303527,303394303527,True,303342283527,303394303527,True,True
3,4294967409,1,303446000000,True,True,303446008077,303446008077,True,303459268077,303459268077,True,303511288077,303511288077,True,303459268077,303511288077,True,True
5,4294967409,1,303446000000,True,True,303446011086,303446011086,True,303459271086,303459271086,True,303511291086,303511291086,True,303459271086,303511291086,True,True
4,4294967409,1,303446000000,True,True,303446023527,303446023527,True,,303459283527,,303511303527,303511303527,True,303459283527,303511303527,True,True
8,30064771115,7,303524000000,True,True,303524012442,303524012442,True,303537272442,303537272442,True,303768812442,303768812442,True,303537272442,303768812442,True,True
1,12884901977,3,303550000000,True,True,303550008077,303550008077,True,303563268077,303563268077,True,303794808077,303794808077,True,303563268077,303794808077,True,True
5,12884901977,3,303550000000,True,True,303550019163,303550019163,True,303563279163,303563279163,True,303794819163,303794819163,True,303563279163,303794819163,True,True
5,17179869263,4,303745000000,True,True,303745012444,303745012444,True,303758272444,303758272444,True,303810292444,303810292444,True,303758272444,303810292444,True,True
2,17179869263,4,303745000000,True,True,303745013632,303745013632,True,303758273632,303758273632,True,303810293632,303810293632,True,303758273632,303810293632,True,True
1,17179869263,4,303745000000,True,True,303745023527,303745023527,True,,303758283527,,303810303527,303810303527,True,303758283527,303810303527,True,True
1,12884901978,3,303797000000,True,True,303797008077,303797008077,True,303810268077,303810268077,True,304041808077,304041808077,True,303810268077,304041808077,True,True
5,12884901978,3,303797000000,True,True,303797019163,303797019163,True,303810279163,303810279163,True,304041819163,304041819163,True,303810279163,304041819163,True,True
7,34359738426,8,303836000000,True,True,303836012442,303836012442,True,303849272442,303849272442,True,303901292442,303901292442,True,303849272442,303901292442,True,True
2,34359738426,8,303836000000,True,True,303836015346,303836015346,True,303849275346,303849275346,True,303901295346,303901295346,True,303849275346,303901295346,True,True
8,30064771116,7,303953000000,True,True,303953012442,303953012442,True,303966272442,303966272442,True,304197812442,304197812442,True,303966272442,304197812442,True,True
5,17179869264,4,304031000000,True,True,304031012444,304031012444,True,304044272444,304044272444,True,304096292444,304096292444,True,304044272444,304096292444,True,True
2,17179869264,4,304031000000,True,True,304031013632,304031013632,True,304044273632,304044273632,True,304096293632,304096293632,True,304044273632,304096293632,True,True
1,17179869264,4,304031000000,True,True,304031023527,304031023527,True,,304044283527,,304096303527,304096303527,True,304044283527,304096303527,True,True
5,17179869265,4,304135000000,True,True,304135012444,304135012444,True,304148272444,304148272444,True,304200292444,304200292444,True,304148272444,304200292444,True,True
2,17179869265,4,304135000000,True,True,304135013632,304135013632,True,304148273632,304148273632,True,304200293632,304200293632,True,304148273632,304200293632,True,True
1,17179869265,4,304135000000,True,True,304135023527,304135023527,True,,304148283527,,304200303527,304200303527,True,304148283527,304200303527,True,True
3,4294967410,1,304226000000,True,True,304226008077,304226008077,True,304239268077,304239268077,True,304291288077,304291288077,True,304239268077,304291288077,True,True
5,4294967410,1,304226000000,True,True,304226011086,304226011086,True,304239271086,304239271086,True,304291291086,304291291086,True,304239271086,304291291086,True,True
5,17179869266,4,304226000000,True,True,304226012444,304226012444,True,304239272444,304239272444,True,304291292444,304291292444,True,304239272444,304291292444,True,True
2,17179869266,4,304226000000,True,True,304226013632,304226013632,True,304239273632,304239273632,True,304291293632,304291293632,True,304239273632,304291293632,True,True
4,4294967410,1,304226000000,True,True,304226023527,304226023527,True,,304239283527,,304291303527,304291303527,True,304239283527,304291303527,True,True
1,17179869266,4,304226000000,True,True,304226023527,304226023527,True,,304239283527,,304291303527,304291303527,True,304239283527,304291303527,True,True
1,21474836586,5,304317000000,True,True,304317011086,304317011086,True,304330271086,304330271086,True,304561811086,304561811086,True,304330271086,304561811086,True,True
4,21474836586,5,304317000000,True,True,304317012444,304317012444,True,304330272444,304330272444,True,304561812444,304561812444,True,304330272444,304561812444,True,True
3,21474836586,5,304317000000,True,True,304317019163,304317019163,True,304330279163,304330279163,True,304561819163,304561819163,True,304330279163,304561819163,True,True
8,30064771117,7,304330000000,True,True,304330012442,304330012442,True,304343272442,304343272442,True,304574812442,304574812442,True,304343272442,304574812442,True,True
4,8589934656,2,304382000000,True,True,304382013632,304382013632,True,304395273632,304395273632,True,304626813632,304626813632,True,304395273632,304626813632,True,True
8,8589934656,2,304382000000,True,True,304382015346,304382015346,True,304395275346,304395275346,True,304626815346,304626815346,True,304395275346,304626815346,True,True
7,34359738427,8,304577000000,True,True,304577012442,304577012442,True,304590272442,304590272442,True,304642292442,304642292442,True,304590272442,304642292442,True,True
2,34359738427,8,304577000000,True,True,304577015346,304577015346,True,304590275346,304590275346,True,304642295346,304642295346,True,304590275346,304642295346,True,True
1,12884901979,3,304603000000,True,True,304603008077,304603008077,True,304616268077,304616268077,True,304847808077,304847808077,True,304616268077,304847808077,True,True
5,12884901979,3,304603000000,True,True,304603019163,304603019163,True,,304616279163,,304847819163,304847819163,True,304616279163,304847819163,True,True
8,30064771118,7,304694000000,True,True,304694012442,304694012442,True,304707272442,304707272442,True,304938812442,304938812442,True,304707272442,304938812442,True,True
4,8589934657,2,304746000000,True,True,304746013632,304746013632,True,304759273632,304759273632,True,304990813632,304990813632,True,304759273632,304990813632,True,True
8,8589934657,2,304746000000,True,True,304746015346,304746015346,True,304759275346,304759275346,True,304990815346,304990815346,True,304759275346,304990815346,True,True
3,4294967411,1,304863000000,True,True,304863008077,304863008077,True,304876268077,304876268077,True,304970108077,304970108077,True,304876268077,304970108077,True,True
5,4294967411,1,304863000000,True,True,304863011086,304863011086,True,304876271086,304876271086,True,304970111086,304970111086,True,304876271086,304970111086,True,True
4,4294967411,1,304863000000,True,True,304863023527,304863023527,True,,304876283527,,304970123527,304970123527,True,304876283527,304970123527,True,True
3,4294967412,1,305006000000,True,True,305006008077,305006008077,True,305019268077,305019268077,True,305113108077,305113108077,True,305019268077,305113108077,True,True
5,4294967412,1,305006000000,True,True,305006011086,305006011086,True,305019271086,305019271086,True,305113111086,305113111086,True,305019271086,305113111086,True,True
4,4294967412,1,305006000000,True,True,305006023527,305006023527,True,,305019283527,,305113123527,305113123527,True,305019283527,305113123527,True,True
5,17179869267,4,305019000000,True,True,305019012444,305019012444,True,305032272444,305032272444,True,305084292444,305084292444,True,305032272444,305084292444,True,True
2,17179869267,4,305019000000,True,True,305019013632,305019013632,True,305032273632,305032273632,True,305084293632,305084293632,True,305032273632,305084293632,True,True
1,17179869267,4,305019000000,True,True,305019023527,305019023527,True,,305032283527,,305084303527,305084303527,True,305032283527,305084303527,True,True
8,30064771119,7,305045000000,True,True,305045012442,305045012442,True,305058272442,305058272442,True,305289812442,305289812442,True,305058272442,305289812442,True,True
5,17179869268,4,305175000000,True,True,305175012444,305175012444,True,305188272444,305188272444,True,305240292444,305240292444,True,305188272444,305240292444,True,True
2,17179869268,4,305175000000,True,True,305175013632,305175013632,True,305188273632,305188273632,True,305240293632,305240293632,True,305188273632,305240293632,True,True
1,17179869268,4,305175000000,True,True,305175023527,305175023527,True,,305188283527,,305240303527,305240303527,True,305188283527,305240303527,True,True
3,4294967413,1,305227000000,True,True,305227008077,305227008077,True,305240268077,305240268077,True,305334108077,305334108077,True,305240268077,305334108077,True,True
5,4294967413,1,305227000000,True,True,305227011086,305227011086,True,305240271086,305240271086,True,305334111086,305334111086,True,305240271086,305334111086,True,True
4,4294967413,1,305227000000,True,True,305227023527,305227023527,True,,305240283527,,305334123527,305334123527,True,305240283527,305334123527,True,True
7,34359738428,8,305292000000,True,True,305292012442,305292012442,True,305305272442,305305272442,True,305357292442,305357292442,True,305305272442,305357292442,True,True
2,34359738428,8,305292000000,True,True,305292015346,305292015346,True,305305275346,305305275346,True,305357295346,305357295346,True,305305275346,305357295346,True,True
4,8589934658,2,305370000000,True,True,305370013632,305370013632,True,305383273632,305383273632,True,305614813632,305614813632,True,305383273632,305614813632,True,True
8,8589934658,2,305370000000,True,True,305370015346,305370015346,True,305383275346,305383275346,True,305614815346,305614815346,True,305383275346,305614815346,True,True
3,4294967414,1,305409000000,True,True,305409008077,305409008077,True,305422268077,305422268077,True,305516108077,305516108077,True,305422268077,305516108077,True,True
5,4294967414,1,305409000000,True,True,305409011086,305409011086,True,305422271086,305422271086,True,305516111086,305516111086,True,305422271086,305516111086,True,True
4,4294967414,1,305409000000,True,True,305409023527,305409023527,True,,305422283527,,305516123527,305516123527,True,305422283527,305516123527,True,True
8,30064771120,7,305487000000,True,True,305487012442,305487012442,True,305500272442,305500272442,True,305731812442,305731812442,True,305500272442,305731812442,True,True
1,21474836587,5,305552000000,True,True,305552011086,305552011086,True,305565271086,305565271086,True,305796811086,305796811086,True,305565271086,305796811086,True,True
4,21474836587,5,305552000000,True,True,305552012444,305552012444,True,305565272444,305565272444,True,305796812444,305796812444,True,305565272444,305796812444,True,True
3,21474836587,5,305552000000,True,True,305552019163,305552019163,True,305565279163,305565279163,True,305796819163,305796819163,True,305565279163,305796819163,True,True
5,17179869269,4,305799000000,True,True,305799012444,305799012444,True,305812272444,305812272444,True,305864292444,305864292444,True,305812272444,305864292444,True,True
2,17179869269,4,305799000000,True,True,305799013632,305799013632,True,305812273632,305812273632,True,305864293632,305864293632,True,305812273632,305864293632,True,True
1,17179869269,4,305799000000,True,True,305799023527,305799023527,True,,305812283527,,305864303527,305864303527,True,305812283527,305864303527,True,True
8,30064771121,7,305812000000,True,True,305812012442,305812012442,True,305825272442,305825272442,True,306056812442,306056812442,True,305825272442,306056812442,True,True
1,12884901980,3,305825000000,True,True,305825008077,305825008077,True,305838268077,305838268077,True,306069808077,306069808077,True,305838268077,306069808077,True,True
5,12884901980,3,305825000000,True,True,305825019163,305825019163,True,305838279163,305838279163,True,306069819163,306069819163,True,305838279163,306069819163,True,True
5,17179869270,4,305955000000,True,True,305955012444,305955012444,True,305968272444,305968272444,True,306020292444,306020292444,True,305968272444,306020292444,True,True
2,17179869270,4,305955000000,True,True,305955013632,305955013632,True,305968273632,305968273632,True,306020293632,306020293632,True,305968273632,306020293632,True,True
1,17179869270,4,305955000000,True,True,305955023527,305955023527,True,,305968283527,,306020303527,306020303527,True,305968283527,306020303527,True,True
3,4294967415,1,306072000000,True,True,306072008077,306072008077,True,306085268077,306085268077,True,306179108077,306179108077,True,306085268077,306179108077,True,True
5,4294967415,1,306072000000,True,True,306072011086,306072011086,True,306085271086,306085271086,True,306179111086,306179111086,True,306085271086,306179111086,True,True
4,4294967415,1,306072000000,True,True,306072023527,306072023527,True,,306085283527,,306179123527,306179123527,True,306085283527,306179123527,True,True
3,4294967416,1,306202000000,True,True,306202008077,306202008077,True,306215268077,306215268077,True,306309108077,306309108077,True,306215268077,306309108077,True,True
5,4294967416,1,306202000000,True,True,306202011086,306202011086,True,306215271086,306215271086,True,306309111086,306309111086,True,306215271086,306309111086,True,True
4,8589934659,2,306202000000,True,True,306202013632,306202013632,True,306215273632,306215273632,True,306446813632,306446813632,True,306215273632,306446813632,True,True
8,8589934659,2,306202000000,True,True,306202015346,306202015346,True,306215275346,306215275346,True,306446815346,306446815346,True,306215275346,306446815346,True,True
4,4294967416,1,306202000000,True,True,306202023527,306202023527,True,,306215283527,,306309123527,306309123527,True,306215283527,306309123527,True,True
8,30064771122,7,306423000000,True,True,306423012442,306423012442,True,306436272442,306436272442,True,306667812442,306667812442,True,306436272442,306667812442,True,True
1,12884901981,3,306436000000,True,True,306436008077,306436008077,True,306449268077,306449268077,True,306680808077,306680808077,True,306449268077,306680808077,True,True
5,12884901981,3,306436000000,True,True,306436019163,306436019163,True,306449279163,306449279163,True,306680819163,306680819163,True,306449279163,306680819163,True,True
7,34359738429,8,306462000000,True,True,306462012442,306462012442,True,306475272442,306475272442,True,306527292442,306527292442,True,306475272442,306527292442,True,True
2,34359738429,8,306462000000,True,True,306462015346,306462015346,True,306475275346,306475275346,True,306527295346,306527295346,True,306475275346,306527295346,True,True
5,17179869271,4,306566000000,True,True,306566012444,306566012444,True,306579272444,306579272444,True,306631292444,306631292444,True,306579272444,306631292444,True,True
2,17179869271,4,306566000000,True,True,306566013632,306566013632,True,306579273632,306579273632,True,306631293632,306631293632,True,306579273632,306631293632,True,True
1,17179869271,4,306566000000,True,True,306566023527,306566023527,True,,306579283527,,306631303527,306631303527,True,306579283527,306631303527,True,True
7,34359738430,8,306774000000,True,True,306774012442,306774012442,True,306787272442,306787272442,True,306839292442,306839292442,True,306787272442,306839292442,True,True
2,34359738430,8,306774000000,True,True,306774015346,306774015346,True,306787275346,306787275346,True,306839295346,306839295346,True,306787275346,306839295346,True,True
1,21474836588,5,306930000000,True,True,306930011086,306930011086,True,306943271086,306943271086,True,307174811086,307174811086,True,306943271086,307174811086,True,True
4,21474836588,5,306930000000,True,True,306930012444,306930012444,True,306943272444,306943272444,True,307174812444,307174812444,True,306943272444,307174812444,True,True
3,21474836588,5,306930000000,True,True,306930019163,306930019163,True,306943279163,306943279163,True,307174819163,307174819163,True,306943279163,307174819163,True,True
4,8589934660,2,306956000000,True,True,306956013632,306956013632,True,306969273632,306969273632,True,307200813632,307200813632,True,306969273632,307200813632,True,True
8,8589934660,2,306956000000,True,True,306956015346,306956015346,True,306969275346,306969275346,True,307200815346,307200815346,True,306969275346,307200815346,True,True
8,30064771123,7,307086000000,True,True,307086012442,307086012442,True,307099272442,307099272442,True,307330812442,307330812442,True,307099272442,307330812442,True,True
3,4294967417,1,307190000000,True,True,307190008077,307190008077,True,307203268077,307203268077,True,307297108077,307297108077,True,307203268077,307297108077,True,True
5,4294967417,1,307190000000,True,True,307190011086,307190011086,True,307203271086,307203271086,True,307297111086,307297111086,True,307203271086,307297111086,True,True
4,4294967417,1,307190000000,True,True,307190023527,307190023527,True,,307203283527,,307297123527,307297123527,True,307203283527,307297123527,True,True
5,17179869272,4,307229000000,True,True,307229012444,307229012444,True,307242272444,307242272444,True,307294292444,307294292444,True,307242272444,307294292444,True,True
2,17179869272,4,307229000000,True,True,307229013632,307229013632,True,307242273632,307242273632,True,307294293632,307294293632,True,307242273632,307294293632,True,True
1,17179869272,4,307229000000,True,True,307229023527,307229023527,True,,307242283527,,307294303527,307294303527,True,307242283527,307294303527,True,True
8,30064771124,7,307359000000,True,True,307359012442,307359012442,True,307372272442,307372272442,True,307603812442,307603812442,True,307372272442,307603812442,True,True
1,12884901982,3,307372000000,True,True,307372008077,307372008077,True,307385268077,307385268077,True,307616808077,307616808077,True,307385268077,307616808077,True,True
5,12884901982,3,307372000000,True,True,307372019163,307372019163,True,307385279163,307385279163,True,307616819163,307616819163,True,307385279163,307616819163,True,True
5,17179869273,4,307515000000,True,True,307515012444,307515012444,True,307528272444,307528272444,True,307580292444,307580292444,True,307528272444,307580292444,True,True
2,17179869273,4,307515000000,True,True,307515013632,307515013632,True,307528273632,307528273632,True,307580293632,307580293632,True,307528273632,307580293632,True,True
1,17179869273,4,307515000000,True,True,307515023527,307515023527,True,,307528283527,,307580303527,307580303527,True,307528283527,307580303527,True,True
1,12884901983,3,307645000000,True,True,307645008077,307645008077,True,307658268077,307658268077,True,307889808077,307889808077,True,307658268077,307889808077,True,True
5,17179869274,4,307645000000,True,True,307645012444,307645012444,True,307658272444,307658272444,True,307710292444,307710292444,True,307658272444,307710292444,True,True
2,17179869274,4,307645000000,True,True,307645013632,307645013632,True,307658273632,307658273632,True,307710293632,307710293632,True,307658273632,307710293632,True,True
5,12884901983,3,307645000000,True,True,307645019163,307645019163,True,,307658279163,,307889819163,307889819163,True,307658279163,307889819163,True,True
1,17179869274,4,307645000000,True,True,307645023527,307645023527,True,,307658283527,,307710303527,307710303527,True,307658283527,307710303527,True,True
7,34359738431,8,307697000000,True,True,307697012442,307697012442,True,307710272442,307710272442,True,307762292442,307762292442,True,307710272442,307762292442,True,True
2,34359738431,8,307697000000,True,True,307697015346,307697015346,True,307710275346,307710275346,True,307762295346,307762295346,True,307710275346,307762295346,True,True
5,17179869275,4,307775000000,True,True,307775012444,307775012444,True,307788272444,307788272444,True,307840292444,307840292444,True,307788272444,307840292444,True,True
2,17179869275,4,307775000000,True,True,307775013632,307775013632,True,307788273632,307788273632,True,307840293632,307840293632,True,307788273632,307840293632,True,True
1,17179869275,4,307775000000,True,True,307775023527,307775023527,True,,307788283527,,307840303527,307840303527,True,307788283527,307840303527,True,True
7,34359738432,8,307801000000,True,True,307801012442,307801012442,True,307814272442,307814272442,True,307866292442,307866292442,True,307814272442,307866292442,True,True
2,34359738432,8,307801000000,True,True,307801015346,307801015346,True,307814275346,307814275346,True,307866295346,307866295346,True,307814275346,307866295346,True,True
4,8589934661,2,307853000000,True,True,307853013632,307853013632,True,307866273632,307866273632,True,308097813632,308097813632,True,307866273632,308097813632,True,True
8,8589934661,2,307853000000,True,True,307853015346,307853015346,True,307866275346,307866275346,True,308097815346,308097815346,True,307866275346,308097815346,True,True
1,21474836589,5,307905000000,True,True,307905011086,307905011086,True,307918271086,307918271086,True,308149811086,308149811086,True,307918271086,308149811086,True,True
4,21474836589,5,307905000000,True,True,307905012444,307905012444,True,307918272444,307918272444,True,308149812444,308149812444,True,307918272444,308149812444,True,True
3,21474836589,5,307905000000,True,True,307905019163,307905019163,True,307918279163,307918279163,True,308149819163,308149819163,True,307918279163,308149819163,True,True
7,34359738433,8,308035000000,True,True,308035012442,308035012442,True,308048272442,308048272442,True,308100292442,308100292442,True,308048272442,308100292442,True,True
2,34359738433,8,308035000000,True,True,308035015346,308035015346,True,308048275346,308048275346,True,308100295346,308100295346,True,308048275346,308100295346,True,True
8,30064771125,7,308139000000,True,True,308139012442,308139012442,True,308152272442,308152272442,True,308383812442,308383812442,True,308152272442,308383812442,True,True
4,8589934662,2,308165000000,True,True,308165013632,308165013632,True,308178273632,308178273632,True,308409813632,308409813632,True,308178273632,308409813632,True,True
8,8589934662,2,308165000000,True,True,308165015346,308165015346,True,308178275346,308178275346,True,308409815346,308409815346,True,308178275346,308409815346,True,True
3,4294967418,1,308217000000,True,True,308217008077,308217008077,True,308230268077,308230268077,True,308324108077,308324108077,True,308230268077,308324108077,True,True
5,4294967418,1,308217000000,True,True,308217011086,308217011086,True,308230271086,308230271086,True,308324111086,308324111086,True,308230271086,308324111086,True,True
4,4294967418,1,308217000000,True,True,308217023527,308217023527,True,,308230283527,,308324123527,308324123527,True,308230283527,308324123527,True,True
5,17179869276,4,308451000000,True,True,308451012444,308451012444,True,308464272444,308464272444,True,308516292444,308516292444,True,308464272444,308516292444,True,True
2,17179869276,4,308451000000,True,True,308451013632,308451013632,True,308464273632,308464273632,True,308516293632,308516293632,True,308464273632,308516293632,True,True
1,17179869276,4,308451000000,True,True,308451023527,308451023527,True,,308464283527,,308516303527,308516303527,True,308464283527,308516303527,True,True
1,12884901984,3,308581000000,True,True,308581008077,308581008077,True,308594268077,308594268077,True,308825808077,308825808077,True,308594268077,308825808077,True,True
5,12884901984,3,308581000000,True,True,308581019163,308581019163,True,308594279163,308594279163,True,308825819163,308825819163,True,308594279163,308825819163,True,True
7,34359738434,8,308724000000,True,True,308724012442,308724012442,True,308737272442,308737272442,True,308789292442,308789292442,True,308737272442,308789292442,True,True
2,34359738434,8,308724000000,True,True,308724015346,308724015346,True,308737275346,308737275346,True,308789295346,308789295346,True,308737275346,308789295346,True,True
8,30064771126,7,308802000000,True,True,308802012442,308802012442,True,308815272442,308815272442,True,309046812442,309046812442,True,308815272442,309046812442,True,True
4,8589934663,2,308841000000,True,True,308841013632,308841013632,True,308854273632,308854273632,True,309085813632,309085813632,True,308854273632,309085813632,True,True
8,8589934663,2,308841000000,True,True,308841015346,308841015346,True,308854275346,308854275346,True,309085815346,309085815346,True,308854275346,309085815346,True,True
1,12884901985,3,308854000000,True,True,308854008077,308854008077,True,308867268077,308867268077,True,309098808077,309098808077,True,308867268077,309098808077,True,True
5,12884901985,3,308854000000,True,True,308854019163,308854019163,True,308867279163,308867279163,True,309098819163,309098819163,True,308867279163,309098819163,True,True
1,21474836590,5,309114000000,True,True,309114011086,309114011086,True,309127271086,309127271086,True,309358811086,309358811086,True,309127271086,309358811086,True,True
4,21474836590,5,309114000000,True,True,309114012444,309114012444,True,309127272444,309127272444,True,309358812444,309358812444,True,309127272444,309358812444,True,True
4,8589934664,2,309114000000,True,True,309114013632,309114013632,True,309127273632,309127273632,True,309358813632,309358813632,True,309127273632,309358813632,True,True
8,8589934664,2,309114000000,True,True,309114015346,309114015346,True,309127275346,309127275346,True,309358815346,309358815346,True,309127275346,309358815346,True,True
3,21474836590,5,309114000000,True,True,309114019163,309114019163,True,309127279163,309127279163,True,309358819163,309358819163,True,309127279163,309358819163,True,True
8,30064771127,7,309231000000,True,True,309231012442,309231012442,True,309244272442,309244272442,True,309475812442,309475812442,True,309244272442,309475812442,True,True
3,4294967419,1,309361000000,True,True,309361008077,309361008077,True,309374268077,309374268077,True,309468108077,309468108077,True,309374268077,309468108077,True,True
5,4294967419,1,309361000000,True,True,309361011086,309361011086,True,309374271086,309374271086,True,309468111086,309468111086,True,309374271086,309468111086,True,True
4,4294967419,1,309361000000,True,True,309361023527,309361023527,True,,309374283527,,309468123527,309468123527,True,309374283527,309468123527,True,True
5,17179869277,4,309374000000,True,True,309374012444,309374012444,True,309387272444,309387272444,True,309439292444,309439292444,True,309387272444,309439292444,True,True
2,17179869277,4,309374000000,True,True,309374013632,309374013632,True,309387273632,309387273632,True,309439293632,309439293632,True,309387273632,309439293632,True,True
1,17179869277,4,309374000000,True,True,309374023527,309374023527,True,,309387283527,,309439303527,309439303527,True,309387283527,309439303527,True,True
7,34359738435,8,309452000000,True,True,309452012442,309452012442,True,309465272442,309465272442,True,309517292442,309517292442,True,309465272442,309517292442,True,True
2,34359738435,8,309452000000,True,True,309452015346,309452015346,True,309465275346,309465275346,True,309517295346,309517295346,True,309465275346,309517295346,True,True
3,4294967420,1,309660000000,True,True,309660008077,309660008077,True,309673268077,309673268077,True,309767108077,309767108077,True,309673268077,309767108077,True,True
5,4294967420,1,309660000000,True,True,309660011086,309660011086,True,309673271086,309673271086,True,309767111086,309767111086,True,309673271086,309767111086,True,True
4,8589934665,2,309660000000,True,True,309660013632,309660013632,True,309673273632,309673273632,True,309904813632,309904813632,True,309673273632,309904813632,True,True
8,8589934665,2,309660000000,True,True,309660015346,309660015346,True,309673275346,309673275346,True,309904815346,309904815346,True,309673275346,309904815346,True,True
4,4294967420,1,309660000000,True,True,309660023527,309660023527,True,,309673283527,,309767123527,309767123527,True,309673283527,309767123527,True,True
8,30064771128,7,309725000000,True,True,309725012442,309725012442,True,309738272442,309738272442,True,309969812442,309969812442,True,309738272442,309969812442,True,True
3,4294967421,1,309842000000,True,True,309842008077,309842008077,True,309855268077,309855268077,True,309949108077,309949108077,True,309855268077,309949108077,True,True
5,4294967421,1,309842000000,True,True,309842011086,309842011086,True,309855271086,309855271086,True,309949111086,309949111086,True,309855271086,309949111086,True,True
4,4294967421,1,309842000000,True,True,309842023527,309842023527,True,,309855283527,,309949123527,309949123527,True,309855283527,309949123527,True,True
1,21474836591,5,309959000000,True,True,309959011086,309959011086,True,309972271086,309972271086,True,310203811086,310203811086,True,309972271086,310203811086,True,True
4,21474836591,5,309959000000,True,True,309959012444,309959012444,True,309972272444,309972272444,True,310203812444,310203812444,True,309972272444,310203812444,True,True
3,21474836591,5,309959000000,True,True,309959019163,309959019163,True,,309972279163,,310203819163,310203819163,True,309972279163,310203819163,True,True
1,12884901986,3,310024000000,True,True,310024008077,310024008077,True,310037268077,310037268077,True,310268808077,310268808077,True,310037268077,310268808077,True,True
5,12884901986,3,310024000000,True,True,310024019163,310024019163,True,310037279163,310037279163,True,310268819163,310268819163,True,310037279163,310268819163,True,True
7,34359738436,8,310037000000,True,True,310037012442,310037012442,True,310050272442,310050272442,True,310102292442,310102292442,True,310050272442,310102292442,True,True
2,34359738436,8,310037000000,True,True,310037015346,310037015346,True,310050275346,310050275346,True,310102295346,310102295346,True,310050275346,310102295346,True,True
4,8589934666,2,310115000000,True,True,310115013632,310115013632,True,310128273632,310128273632,True,310359813632,310359813632,True,310128273632,310359813632,True,True
8,8589934666,2,310115000000,True,True,310115015346,310115015346,True,310128275346,310128275346,True,310359815346,310359815346,True,310128275346,310359815346,True,True
8,30064771129,7,310141000000,True,True,310141012442,310141012442,True,310154272442,310154272442,True,310385812442,310385812442,True,310154272442,310385812442,True,True
1,21474836592,5,310271000000,True,True,310271011086,310271011086,True,310284271086,310284271086,True,310515811086,310515811086,True,310284271086,310515811086,True,True
5,17179869278,4,310271000000,True,True,310271012444,310271012444,True,310284272444,310284272444,True,310336292444,310336292444,True,310284272444,310336292444,True,True
4,21474836592,5,310271000000,True,True,310271012444,310271012444,True,310284272444,310284272444,True,310515812444,310515812444,True,310284272444,310515812444,True,True
2,17179869278,4,310271000000,True,True,310271013632,310271013632,True,310284273632,310284273632,True,310336293632,310336293632,True,310284273632,310336293632,True,True
3,21474836592,5,310271000000,True,True,310271019163,310271019163,True,310284279163,310284279163,True,310515819163,310515819163,True,310284279163,310515819163,True,True
1,17179869278,4,310271000000,True,True,310271023527,310271023527,True,,310284283527,,310336303527,310336303527,True,310284283527,310336303527,True,True
8,30064771130,7,310466000000,True,True,310466012442,310466012442,True,310479272442,310479272442,True,310710812442,310710812442,True,310479272442,310710812442,True,True
4,8589934667,2,310492000000,True,True,310492013632,310492013632,True,310505273632,310505273632,True,310736813632,310736813632,True,310505273632,310736813632,True,True
8,8589934667,2,310492000000,True,True,310492015346,310492015346,True,310505275346,310505275346,True,310736815346,310736815346,True,310505275346,310736815346,True,True
1,12884901987,3,310622000000,True,True,310622008077,310622008077,True,310635268077,310635268077,True,310866808077,310866808077,True,310635268077,310866808077,True,True
5,12884901987,3,310622000000,True,True,310622019163,310622019163,True,310635279163,310635279163,True,310866819163,310866819163,True,310635279163,310866819163,True,True
7,34359738437,8,310713000000,True,True,310713012442,310713012442,True,310726272442,310726272442,True,310778292442,310778292442,True,310726272442,310778292442,True,True
2,34359738437,8,310713000000,True,True,310713015346,310713015346,True,310726275346,310726275346,True,310778295346,310778295346,True,310726275346,310778295346,True,True
7,34359738438,8,310804000000,True,True,310804012442,310804012442,True,310817272442,310817272442,True,310869292442,310869292442,True,310817272442,310869292442,True,True
2,34359738438,8,310804000000,True,True,310804015346,310804015346,True,310817275346,310817275346,True,310869295346,310869295346,True,310817275346,310869295346,True,True
5,17179869279,4,310817000000,True,True,310817012444,310817012444,True,310830272444,310830272444,True,310882292444,310882292444,True,310830272444,310882292444,True,True
2,17179869279,4,310817000000,True,True,310817013632,310817013632,True,310830273632,310830273632,True,310882293632,310882293632,True,310830273632,310882293632,True,True
1,17179869279,4,310817000000,True,True,310817023527,310817023527,True,,310830283527,,310882303527,310882303527,True,310830283527,310882303527,True,True
7,34359738439,8,310973000000,True,True,310973012442,310973012442,True,310986272442,310986272442,True,311038292442,311038292442,True,310986272442,311038292442,True,True
2,34359738439,8,310973000000,True,True,310973015346,310973015346,True,310986275346,310986275346,True,311038295346,311038295346,True,310986275346,311038295346,True,True
3,4294967422,1,311064000000,True,True,311064008077,311064008077,True,311077268077,311077268077,True,311171108077,311171108077,True,311077268077,311171108077,True,True
5,4294967422,1,311064000000,True,True,311064011086,311064011086,True,311077271086,311077271086,True,311171111086,311171111086,True,311077271086,311171111086,True,True
4,4294967422,1,311064000000,True,True,311064023527,311064023527,True,,311077283527,,311171123527,311171123527,True,311077283527,311171123527,True,True
8,30064771131,7,311142000000,True,True,311142012442,311142012442,True,311155272442,311155272442,True,311386812442,311386812442,True,311155272442,311386812442,True,True
5,17179869280,4,311142000000,True,True,311142012444,311142012444,True,311155272444,311155272444,True,311207292444,311207292444,True,311155272444,311207292444,True,True
2,17179869280,4,311142000000,True,True,311142013632,311142013632,True,311155273632,311155273632,True,311207293632,311207293632,True,311155273632,311207293632,True,True
1,17179869280,4,311142000000,True,True,311142023527,311142023527,True,,311155283527,,311207303527,311207303527,True,311155283527,311207303527,True,True
3,4294967423,1,311233000000,True,True,311233008077,311233008077,True,311246268077,311246268077,True,311340108077,311340108077,True,311246268077,311340108077,True,True
5,4294967423,1,311233000000,True,True,311233011086,311233011086,True,311246271086,311246271086,True,311340111086,311340111086,True,311246271086,311340111086,True,True
4,4294967423,1,311233000000,True,True,311233023527,311233023527,True,,311246283527,,311340123527,311340123527,True,311246283527,311340123527,True,True
4,8589934668,2,311259000000,True,True,311259013632,311259013632,True,311272273632,311272273632,True,311503813632,311503813632,True,311272273632,311503813632,True,True
8,8589934668,2,311259000000,True,True,311259015346,311259015346,True,311272275346,311272275346,True,311503815346,311503815346,True,311272275346,311503815346,True,True
1,12884901988,3,311350000000,True,True,311350008077,311350008077,True,311363268077,311363268077,True,311594808077,311594808077,True,311363268077,311594808077,True,True
5,12884901988,3,311350000000,True,True,311350019163,311350019163,True,311363279163,311363279163,True,311594819163,311594819163,True,311363279163,311594819163,True,True
7,34359738440,8,311532000000,True,True,311532012442,311532012442,True,311545272442,311545272442,True,311597292442,311597292442,True,311545272442,311597292442,True,True
2,34359738440,8,311532000000,True,True,311532015346,311532015346,True,311545275346,311545275346,True,311597295346,311597295346,True,311545275346,311597295346,True,True
1,21474836593,5,311610000000,True,True,311610011086,311610011086,True,311623271086,311623271086,True,311854811086,311854811086,True,311623271086,311854811086,True,True
7,34359738441,8,311610000000,True,True,311610012442,311610012442,True,311623272442,311623272442,True,311675292442,311675292442,True,311623272442,311675292442,True,True
4,21474836593,5,311610000000,True,True,311610012444,311610012444,True,311623272444,311623272444,True,311854812444,311854812444,True,311623272444,311854812444,True,True
2,34359738441,8,311610000000,True,True,311610015346,311610015346,True,311623275346,311623275346,True,311675295346,311675295346,True,311623275346,311675295346,True,True
3,21474836593,5,311610000000,True,True,311610019163,311610019163,True,311623279163,311623279163,True,311854819163,311854819163,True,311623279163,311854819163,True,True
8,30064771132,7,311805000000,True,True,311805012442,311805012442,True,311818272442,311818272442,True,312049812442,312049812442,True,311818272442,312049812442,True,True
4,8589934669,2,311844000000,True,True,311844013632,311844013632,True,311857273632,311857273632,True,312088813632,312088813632,True,311857273632,312088813632,True,True
8,8589934669,2,311844000000,True,True,311844015346,311844015346,True,311857275346,311857275346,True,312088815346,312088815346,True,311857275346,312088815346,True,True
5,17179869281,4,311870000000,True,True,311870012444,311870012444,True,311883272444,311883272444,True,311935292444,311935292444,True,311883272444,311935292444,True,True
2,17179869281,4,311870000000,True,True,311870013632,311870013632,True,311883273632,311883273632,True,311935293632,311935293632,True,311883273632,311935293632,True,True
1,17179869281,4,311870000000,True,True,311870023527,311870023527,True,,311883283527,,311935303527,311935303527,True,311883283527,311935303527,True,True
1,21474836594,5,311974000000,True,True,311974011086,311974011086,True,311987271086,311987271086,True,312218811086,312218811086,True,311987271086,312218811086,True,True
4,21474836594,5,311974000000,True,True,311974012444,311974012444,True,311987272444,311987272444,True,312218812444,312218812444,True,311987272444,312218812444,True,True
3,21474836594,5,311974000000,True,True,311974019163,311974019163,True,311987279163,311987279163,True,312218819163,312218819163,True,311987279163,312218819163,True,True
7,34359738442,8,312143000000,True,True,312143012442,312143012442,True,312156272442,312156272442,True,312208292442,312208292442,True,312156272442,312208292442,True,True
2,34359738442,8,312143000000,True,True,312143015346,312143015346,True,312156275346,312156275346,True,312208295346,312208295346,True,312156275346,312208295346,True,True
8,30064771133,7,312221000000,True,True,312221012442,312221012442,True,312234272442,312234272442,True,312465812442,312465812442,True,312234272442,312465812442,True,True
1,12884901989,3,312286000000,True,True,312286008077,312286008077,True,312299268077,312299268077,True,312530808077,312530808077,True,312299268077,312530808077,True,True
5,12884901989,3,312286000000,True,True,312286019163,312286019163,True,312299279163,312299279163,True,312530819163,312530819163,True,312299279163,312530819163,True,True
5,17179869282,4,312416000000,True,True,312416012444,312416012444,True,312429272444,312429272444,True,312481292444,312481292444,True,312429272444,312481292444,True,True
2,17179869282,4,312416000000,True,True,312416013632,312416013632,True,312429273632,312429273632,True,312481293632,312481293632,True,312429273632,312481293632,True,True
1,17179869282,4,312416000000,True,True,312416023527,312416023527,True,,312429283527,,312481303527,312481303527,True,312429283527,312481303527,True,True
4,8589934670,2,312494000000,True,True,312494013632,312494013632,True,312507273632,312507273632,True,312738813632,312738813632,True,312507273632,312738813632,True,True
8,8589934670,2,312494000000,True,True,312494015346,312494015346,True,312507275346,312507275346,True,312738815346,312738815346,True,312507275346,312738815346,True,True
3,4294967424,1,312546000000,True,True,312546008077,312546008077,True,312559268077,312559268077,True,312653108077,312653108077,True,312559268077,312653108077,True,True
5,4294967424,1,312546000000,True,True,312546011086,312546011086,True,312559271086,312559271086,True,312653111086,312653111086,True,312559271086,312653111086,True,True
4,4294967424,1,312546000000,True,True,312546023527,312546023527,True,,312559283527,,312653123527,312653123527,True,312559283527,312653123527,True,True
1,12884901990,3,312663000000,True,True,312663008077,312663008077,True,312676268077,312676268077,True,312907808077,312907808077,True,312676268077,312907808077,True,True
5,12884901990,3,312663000000,True,True,312663019163,312663019163,True,312676279163,312676279163,True,312907819163,312907819163,True,312676279163,312907819163,True,True
8,30064771134,7,312676000000,True,True,312676012442,312676012442,True,312689272442,312689272442,True,312920812442,312920812442,True,312689272442,312920812442,True,True
4,8589934671,2,312871000000,True,True,312871013632,312871013632,True,312884273632,312884273632,True,313115813632,313115813632,True,312884273632,313115813632,True,True
8,8589934671,2,312871000000,True,True,312871015346,312871015346,True,312884275346,312884275346,True,313115815346,313115815346,True,312884275346,313115815346,True,True
1,21474836595,5,312910000000,True,True,312910011086,312910011086,True,312923271086,312923271086,True,313154811086,313154811086,True,312923271086,313154811086,True,True
4,21474836595,5,312910000000,True,True,312910012444,312910012444,True,312923272444,312923272444,True,313154812444,313154812444,True,312923272444,313154812444,True,True
3,21474836595,5,312910000000,True,True,312910019163,312910019163,True,312923279163,312923279163,True,313154819163,313154819163,True,312923279163,313154819163,True,True
8,30064771135,7,313027000000,True,True,313027012442,313027012442,True,313040272442,313040272442,True,313271812442,313271812442,True,313040272442,313271812442,True,True
7,34359738443,8,313157000000,True,True,313157012442,313157012442,True,313170272442,313170272442,True,313222292442,313222292442,True,313170272442,313222292442,True,True
2,34359738443,8,313157000000,True,True,313157015346,313157015346,True,313170275346,313170275346,True,313222295346,313222295346,True,313170275346,313222295346,True,True
1,12884901991,3,313287000000,True,True,313287008077,313287008077,True,313300268077,313300268077,True,313531808077,313531808077,True,313300268077,313531808077,True,True
5,12884901991,3,313287000000,True,True,313287019163,313287019163,True,313300279163,313300279163,True,313531819163,313531819163,True,313300279163,313531819163,True,True
5,17179869283,4,313313000000,True,True,313313012444,313313012444,True,313326272444,313326272444,True,313378292444,313378292444,True,313326272444,313378292444,True,True
2,17179869283,4,313313000000,True,True,313313013632,313313013632,True,313326273632,313326273632,True,313378293632,313378293632,True,313326273632,313378293632,True,True
1,17179869283,4,313313000000,True,True,313313023527,313313023527,True,,313326283527,,313378303527,313378303527,True,313326283527,313378303527,True,True
5,17179869284,4,313521000000,True,True,313521012444,313521012444,True,313534272444,313534272444,True,313586292444,313586292444,True,313534272444,313586292444,True,True
2,17179869284,4,313521000000,True,True,313521013632,313521013632,True,313534273632,313534273632,True,313586293632,313586293632,True,313534273632,313586293632,True,True
1,17179869284,4,313521000000,True,True,313521023527,313521023527,True,,313534283527,,313586303527,313586303527,True,313534283527,313586303527,True,True
7,34359738444,8,313534000000,True,True,313534012442,313534012442,True,313547272442,313547272442,True,313599292442,313599292442,True,313547272442,313599292442,True,True
2,34359738444,8,313534000000,True,True,313534015346,313534015346,True,313547275346,313547275346,True,313599295346,313599295346,True,313547275346,313599295346,True,True
4,8589934672,2,313612000000,True,True,313612013632,313612013632,True,313625273632,313625273632,True,313856813632,313856813632,True,313625273632,313856813632,True,True
8,8589934672,2,313612000000,True,True,313612015346,313612015346,True,313625275346,313625275346,True,313856815346,313856815346,True,313625275346,313856815346,True,True
3,4294967425,1,313664000000,True,True,313664008077,313664008077,True,313677268077,313677268077,True,313771108077,313771108077,True,313677268077,313771108077,True,True
5,4294967425,1,313664000000,True,True,313664011086,313664011086,True,313677271086,313677271086,True,313771111086,313771111086,True,313677271086,313771111086,True,True
8,30064771136,7,313664000000,True,True,313664012442,313664012442,True,313677272442,313677272442,True,313908812442,313908812442,True,313677272442,313908812442,True,True
4,4294967425,1,313664000000,True,True,313664023527,313664023527,True,,313677283527,,313771123527,313771123527,True,313677283527,313771123527,True,True
1,12884901992,3,313820000000,True,True,313820008077,313820008077,True,313833268077,313833268077,True,314064808077,314064808077,True,313833268077,314064808077,True,True
1,21474836596,5,313820000000,True,True,313820011086,313820011086,True,313833271086,313833271086,True,314064811086,314064811086,True,313833271086,314064811086,True,True
4,21474836596,5,313820000000,True,True,313820012444,313820012444,True,313833272444,313833272444,True,314064812444,314064812444,True,313833272444,314064812444,True,True
5,12884901992,3,313820000000,True,True,313820019163,313820019163,True,313833279163,313833279163,True,314064819163,314064819163,True,313833279163,314064819163,True,True
3,21474836596,5,313820000000,True,True,313820019163,313820019163,True,,313833279163,,314064819163,314064819163,True,313833279163,314064819163,True,True
4,8589934673,2,313924000000,True,True,313924013632,313924013632,True,313937273632,313937273632,True,314168813632,314168813632,True,313937273632,314168813632,True,True
8,8589934673,2,313924000000,True,True,313924015346,313924015346,True,313937275346,313937275346,True,314168815346,314168815346,True,313937275346,314168815346,True,True
3,4294967426,1,314132000000,True,True,314132008077,314132008077,True,314145268077,314145268077,True,314239108077,314239108077,True,314145268077,314239108077,True,True
5,4294967426,1,314132000000,True,True,314132011086,314132011086,True,314145271086,314145271086,True,314239111086,314239111086,True,314145271086,314239111086,True,True
4,4294967426,1,314132000000,True,True,314132023527,314132023527,True,,314145283527,,314239123527,314239123527,True,314145283527,314239123527,True,True
5,17179869285,4,314236000000,True,True,314236012444,314236012444,True,314249272444,314249272444,True,314301292444,314301292444,True,314249272444,314301292444,True,True
2,17179869285,4,314236000000,True,True,314236013632,314236013632,True,314249273632,314249273632,True,314301293632,314301293632,True,314249273632,314301293632,True,True
1,17179869285,4,314236000000,True,True,314236023527,314236023527,True,,314249283527,,314301303527,314301303527,True,314249283527,314301303527,True,True
4,8589934674,2,314314000000,True,True,314314013632,314314013632,True,314327273632,314327273632,True,314558813632,314558813632,True,314327273632,314558813632,True,True
8,8589934674,2,314314000000,True,True,314314015346,314314015346,True,314327275346,314327275346,True,314558815346,314558815346,True,314327275346,314558815346,True,True
1,12884901993,3,314418000000,True,True,314418008077,314418008077,True,314431268077,314431268077,True,314662808077,314662808077,True,314431268077,314662808077,True,True
5,12884901993,3,314418000000,True,True,314418019163,314418019163,True,314431279163,314431279163,True,314662819163,314662819163,True,314431279163,314662819163,True,True
7,34359738445,8,314574000000,True,True,314574012442,314574012442,True,314587272442,314587272442,True,314639292442,314639292442,True,314587272442,314639292442,True,True
2,34359738445,8,314574000000,True,True,314574015346,314574015346,True,314587275346,314587275346,True,314639295346,314639295346,True,314587275346,314639295346,True,True
5,17179869286,4,314639000000,True,True,314639012444,314639012444,True,314652272444,314652272444,True,314704292444,314704292444,True,314652272444,314704292444,True,True
2,17179869286,4,314639000000,True,True,314639013632,314639013632,True,314652273632,314652273632,True,314704293632,314704293632,True,314652273632,314704293632,True,True
1,17179869286,4,314639000000,True,True,314639023527,314639023527,True,,314652283527,,314704303527,314704303527,True,314652283527,314704303527,True,True
8,30064771137,7,314704000000,True,True,314704012442,314704012442,True,314717272442,314717272442,True,314948812442,314948812442,True,314717272442,314948812442,True,True
1,21474836597,5,314717000000,True,True,314717011086,314717011086,True,314730271086,314730271086,True,314961811086,314961811086,True,314730271086,314961811086,True,True
4,21474836597,5,314717000000,True,True,314717012444,314717012444,True,314730272444,314730272444,True,314961812444,314961812444,True,314730272444,314961812444,True,True
3,21474836597,5,314717000000,True,True,314717019163,314717019163,True,314730279163,314730279163,True,314961819163,314961819163,True,314730279163,314961819163,True,True
4,8589934675,2,314756000000,True,True,314756013632,314756013632,True,314769273632,314769273632,True,315000813632,315000813632,True,314769273632,315000813632,True,True
8,8589934675,2,314756000000,True,True,314756015346,314756015346,True,314769275346,314769275346,True,315000815346,315000815346,True,314769275346,315000815346,True,True
8,30064771138,7,315055000000,True,True,315055012442,315055012442,True,315068272442,315068272442,True,315299812442,315299812442,True,315068272442,315299812442,True,True
3,4294967427,1,315094000000,True,True,315094008077,315094008077,True,315107268077,315107268077,True,315201108077,315201108077,True,315107268077,315201108077,True,True
5,4294967427,1,315094000000,True,True,315094011086,315094011086,True,315107271086,315107271086,True,315201111086,315201111086,True,315107271086,315201111086,True,True
4,4294967427,1,315094000000,True,True,315094023527,315094023527,True,,315107283527,,315201123527,315201123527,True,315107283527,315201123527,True,True
5,17179869287,4,315107000000,True,True,315107012444,315107012444,True,315120272444,315120272444,True,315172292444,315172292444,True,315120272444,315172292444,True,True
2,17179869287,4,315107000000,True,True,315107013632,315107013632,True,315120273632,315120273632,True,315172293632,315172293632,True,315120273632,315172293632,True,True
1,17179869287,4,315107000000,True,True,315107023527,315107023527,True,,315120283527,,315172303527,315172303527,True,315120283527,315172303527,True,True
1,12884901994,3,315237000000,True,True,315237008077,315237008077,True,315250268077,315250268077,True,315481808077,315481808077,True,315250268077,315481808077,True,True
5,12884901994,3,315237000000,True,True,315237019163,315237019163,True,,315250279163,,315481819163,315481819163,True,315250279163,315481819163,True,True
7,34359738446,8,315341000000,True,True,315341012442,315341012442,True,315354272442,315354272442,True,315406292442,315406292442,True,315354272442,315406292442,True,True
4,8589934676,2,315341000000,True,True,315341013632,315341013632,True,315354273632,315354273632,True,315585813632,315585813632,True,315354273632,315585813632,True,True
8,8589934676,2,315341000000,True,True,315341015346,315341015346,True,315354275346,315354275346,True,315585815346,315585815346,True,315354275346,315585815346,True,True
2,34359738446,8,315341000000,True,True,315341015346,315341015346,True,315354275346,315354275346,True,315406295346,315406295346,True,315354275346,315406295346,True,True
1,21474836598,5,315406000000,True,True,315406011086,315406011086,True,315419271086,315419271086,True,315650811086,315650811086,True,315419271086,315650811086,True,True
4,21474836598,5,315406000000,True,True,315406012444,315406012444,True,315419272444,315419272444,True,315650812444,315650812444,True,315419272444,315650812444,True,True
3,21474836598,5,315406000000,True,True,315406019163,315406019163,True,315419279163,315419279163,True,315650819163,315650819163,True,315419279163,315650819163,True,True
7,34359738447,8,315458000000,True,True,315458012442,315458012442,True,315471272442,315471272442,True,315523292442,315523292442,True,315471272442,315523292442,True,True
2,34359738447,8,315458000000,True,True,315458015346,315458015346,True,315471275346,315471275346,True,315523295346,315523295346,True,315471275346,315523295346,True,True
3,4294967428,1,315523000000,True,True,315523008077,315523008077,True,315536268077,315536268077,True,315630108077,315630108077,True,315536268077,315630108077,True,True
5,4294967428,1,315523000000,True,True,315523011086,315523011086,True,315536271086,315536271086,True,315630111086,315630111086,True,315536271086,315630111086,True,True
4,4294967428,1,315523000000,True,True,315523023527,315523023527,True,,315536283527,,315630123527,315630123527,True,315536283527,315630123527,True,True
4,8589934677,2,315653000000,True,True,315653013632,315653013632,True,315666273632,315666273632,True,315897813632,315897813632,True,315666273632,315897813632,True,True
8,8589934677,2,315653000000,True,True,315653015346,315653015346,True,315666275346,315666275346,True,315897815346,315897815346,True,315666275346,315897815346,True,True
1,12884901995,3,315705000000,True,True,315705008077,315705008077,True,315718268077,315718268077,True,315949808077,315949808077,True,315718268077,315949808077,True,True
5,12884901995,3,315705000000,True,True,315705019163,315705019163,True,315718279163,315718279163,True,315949819163,315949819163,True,315718279163,315949819163,True,True
8,30064771139,7,315835000000,True,True,315835012442,315835012442,True,315848272442,315848272442,True,316079812442,316079812442,True,315848272442,316079812442,True,True
5,17179869288,4,315913000000,True,True,315913012444,315913012444,True,315926272444,315926272444,True,315978292444,315978292444,True,315926272444,315978292444,True,True
2,17179869288,4,315913000000,True,True,315913013632,315913013632,True,315926273632,315926273632,True,315978293632,315978293632,True,315926273632,315978293632,True,True
1,17179869288,4,315913000000,True,True,315913023527,315913023527,True,,315926283527,,315978303527,315978303527,True,315926283527,315978303527,True,True
7,34359738448,8,315978000000,True,True,315978012442,315978012442,True,315991272442,315991272442,True,316043292442,316043292442,True,315991272442,316043292442,True,True
2,34359738448,8,315978000000,True,True,315978015346,315978015346,True,315991275346,315991275346,True,316043295346,316043295346,True,315991275346,316043295346,True,True
3,4294967429,1,315991000000,True,True,315991008077,315991008077,True,316004268077,316004268077,True,316098108077,316098108077,True,316004268077,316098108077,True,True
5,4294967429,1,315991000000,True,True,315991011086,315991011086,True,316004271086,316004271086,True,316098111086,316098111086,True,316004271086,316098111086,True,True
4,4294967429,1,315991000000,True,True,315991023527,315991023527,True,,316004283527,,316098123527,316098123527,True,316004283527,316098123527,True,True
5,17179869289,4,316134000000,True,True,316134012444,316134012444,True,316147272444,316147272444,True,316199292444,316199292444,True,316147272444,316199292444,True,True
2,17179869289,4,316134000000,True,True,316134013632,316134013632,True,316147273632,316147273632,True,316199293632,316199293632,True,316147273632,316199293632,True,True
1,17179869289,4,316134000000,True,True,316134023527,316134023527,True,,316147283527,,316199303527,316199303527,True,316147283527,316199303527,True,True
1,12884901996,3,316199000000,True,True,316199008077,316199008077,True,316212268077,316212268077,True,316443808077,316443808077,True,316212268077,316443808077,True,True
5,12884901996,3,316199000000,True,True,316199019163,316199019163,True,316212279163,316212279163,True,316443819163,316443819163,True,316212279163,316443819163,True,True
7,34359738449,8,316277000000,True,True,316277012442,316277012442,True,316290272442,316290272442,True,316342292442,316342292442,True,316290272442,316342292442,True,True
2,34359738449,8,316277000000,True,True,316277015346,316277015346,True,316290275346,316290275346,True,316342295346,316342295346,True,316290275346,316342295346,True,True
5,17179869290,4,316342000000,True,True,316342012444,316342012444,True,316355272444,316355272444,True,316407292444,316407292444,True,316355272444,316407292444,True,True
2,17179869290,4,316342000000,True,True,316342013632,316342013632,True,316355273632,316355273632,True,316407293632,316407293632,True,316355273632,316407293632,True,True
1,17179869290,4,316342000000,True,True,316342023527,316342023527,True,,316355283527,,316407303527,316407303527,True,316355283527,316407303527,True,True
5,17179869291,4,316433000000,True,True,316433012444,316433012444,True,316446272444,316446272444,True,316498292444,316498292444,True,316446272444,316498292444,True,True
2,17179869291,4,316433000000,True,True,316433013632,316433013632,True,316446273632,316446273632,True,316498293632,316498293632,True,316446273632,316498293632,True,True
1,17179869291,4,316433000000,True,True,316433023527,316433023527,True,,316446283527,,316498303527,316498303527,True,316446283527,316498303527,True,True
7,34359738450,8,316472000000,True,True,316472012442,316472012442,True,316485272442,316485272442,True,316537292442,316537292442,True,316485272442,316537292442,True,True
2,34359738450,8,316472000000,True,True,316472015346,316472015346,True,316485275346,316485275346,True,316537295346,316537295346,True,316485275346,316537295346,True,True
1,21474836599,5,316498000000,True,True,316498011086,316498011086,True,316511271086,316511271086,True,316742811086,316742811086,True,316511271086,316742811086,True,True
4,21474836599,5,316498000000,True,True,316498012444,316498012444,True,316511272444,316511272444,True,316742812444,316742812444,True,316511272444,316742812444,True,True
3,21474836599,5,316498000000,True,True,316498019163,316498019163,True,316511279163,316511279163,True,316742819163,316742819163,True,316511279163,316742819163,True,True
7,34359738451,8,316719000000,True,True,316719012442,316719012442,True,316732272442,316732272442,True,316963812442,316963812442,True,316732272442,316963812442,True,True
2,34359738451,8,316719000000,True,True,316719015346,316719015346,True,316732275346,316732275346,True,316963815346,316963815346,True,316732275346,316963815346,True,True
5,17179869292,4,316771000000,True,True,316771012444,316771012444,True,316784272444,316784272444,True,316836292444,316836292444,True,316784272444,316836292444,True,True
2,17179869292,4,316771000000,True,True,316771013632,316771013632,True,316784273632,316784273632,True,316836293632,316836293632,True,316784273632,316836293632,True,True
1,17179869292,4,316771000000,True,True,316771023527,316771023527,True,,316784283527,,316836303527,316836303527,True,316784283527,316836303527,True,True
1,12884901997,3,316823000000,True,True,316823008077,316823008077,True,316836268077,316836268077,True,317067808077,317067808077,True,316836268077,317067808077,True,True
5,12884901997,3,316823000000,True,True,316823019163,316823019163,True,316836279163,316836279163,True,317067819163,317067819163,True,316836279163,317067819163,True,True
5,17179869293,4,316953000000,True,True,316953012444,316953012444,True,316966272444,316966272444,True,317197812444,317197812444,True,316966272444,317197812444,True,True
2,17179869293,4,316953000000,True,True,316953013632,316953013632,True,316966273632,316966273632,True,317197813632,317197813632,True,316966273632,317197813632,True,True
1,17179869293,4,316953000000,True,True,316953023527,316953023527,True,,316966283527,,317197823527,317197823527,True,316966283527,317197823527,True,True
3,4294967430,1,317174000000,True,True,317174008077,317174008077,True,317187268077,317187268077,True,317281108077,317281108077,True,317187268077,317281108077,True,True
5,4294967430,1,317174000000,True,True,317174011086,317174011086,True,317187271086,317187271086,True,317281111086,317281111086,True,317187271086,317281111086,True,True
4,4294967430,1,317174000000,True,True,317174023527,317174023527,True,,317187283527,,317281123527,317281123527,True,317187283527,317281123527,True,True
4,8589934678,2,317226000000,True,True,317226013632,317226013632,True,317239273632,317239273632,True,317291293632,317291293632,True,317239273632,317291293632,True,True
8,8589934678,2,317226000000,True,True,317226015346,317226015346,True,317239275346,317239275346,True,317291295346,317291295346,True,317239275346,317291295346,True,True
1,21474836600,5,317434000000,True,True,317434011086,317434011086,True,317447271086,317447271086,True,317499291086,317499291086,True,317447271086,317499291086,True,True
4,21474836600,5,317434000000,True,True,317434012444,317434012444,True,317447272444,317447272444,True,317499292444,317499292444,True,317447272444,317499292444,True,True
3,21474836600,5,317434000000,True,True,317434019163,317434019163,True,317447279163,317447279163,True,317499299163,317499299163,True,317447279163,317499299163,True,True
1,21474836601,5,317525000000,True,True,317525011086,317525011086,True,317538271086,317538271086,True,317590291086,317590291086,True,317538271086,317590291086,True,True
4,21474836601,5,317525000000,True,True,317525012444,317525012444,True,317538272444,317538272444,True,317590292444,317590292444,True,317538272444,317590292444,True,True
3,21474836601,5,317525000000,True,True,317525019163,317525019163,True,317538279163,317538279163,True,317590299163,317590299163,True,317538279163,317590299163,True,True
4,8589934679,2,317551000000,True,True,317551013632,317551013632,True,317564273632,317564273632,True,317616293632,317616293632,True,317564273632,317616293632,True,True
8,8589934679,2,317551000000,True,True,317551015346,317551015346,True,317564275346,317564275346,True,317616295346,317616295346,True,317564275346,317616295346,True,True
1,12884901998,3,317668000000,True,True,317668008077,317668008077,True,317681268077,317681268077,True,317912808077,317912808077,True,317681268077,317912808077,True,True
5,12884901998,3,317668000000,True,True,317668019163,317668019163,True,317681279163,317681279163,True,317912819163,317912819163,True,317681279163,317912819163,True,True
7,34359738452,8,317681000000,True,True,317681012442,317681012442,True,317694272442,317694272442,True,317925812442,317925812442,True,317694272442,317925812442,True,True
5,17179869294,4,317681000000,True,True,317681012444,317681012444,True,317694272444,317694272444,True,317925812444,317925812444,True,317694272444,317925812444,True,True
2,17179869294,4,317681000000,True,True,317681013632,317681013632,True,317694273632,317694273632,True,317925813632,317925813632,True,317694273632,317925813632,True,True
2,34359738452,8,317681000000,True,True,317681015346,317681015346,True,317694275346,317694275346,True,317925815346,317925815346,True,317694275346,317925815346,True,True
1,17179869294,4,317681000000,True,True,317681023527,317681023527,True,,317694283527,,317925823527,317925823527,True,317694283527,317925823527,True,True
3,4294967431,1,317954000000,True,True,317954008077,317954008077,True,317967268077,317967268077,True,318061108077,318061108077,True,317967268077,318061108077,True,True
5,4294967431,1,317954000000,True,True,317954011086,317954011086,True,317967271086,317967271086,True,318061111086,318061111086,True,317967271086,318061111086,True,True
4,4294967431,1,317954000000,True,True,317954023527,317954023527,True,,317967283527,,318061123527,318061123527,True,317967283527,318061123527,True,True
4,8589934680,2,318188000000,True,True,318188013632,318188013632,True,318201273632,318201273632,True,318253293632,318253293632,True,318201273632,318253293632,True,True
8,8589934680,2,318188000000,True,True,318188015346,318188015346,True,318201275346,318201275346,True,318253295346,318253295346,True,318201275346,318253295346,True,True
3,4294967432,1,318227000000,True,True,318227008077,318227008077,True,318240268077,318240268077,True,318334108077,318334108077,True,318240268077,318334108077,True,True
5,4294967432,1,318227000000,True,True,318227011086,318227011086,True,318240271086,318240271086,True,318334111086,318334111086,True,318240271086,318334111086,True,True
4,4294967432,1,318227000000,True,True,318227023527,318227023527,True,,318240283527,,318334123527,318334123527,True,318240283527,318334123527,True,True
1,21474836602,5,318344000000,True,True,318344011086,318344011086,True,318357271086,318357271086,True,318409291086,318409291086,True,318357271086,318409291086,True,True
4,21474836602,5,318344000000,True,True,318344012444,318344012444,True,318357272444,318357272444,True,318409292444,318409292444,True,318357272444,318409292444,True,True
3,21474836602,5,318344000000,True,True,318344019163,318344019163,True,318357279163,318357279163,True,318409299163,318409299163,True,318357279163,318409299163,True,True
1,21474836603,5,318526000000,True,True,318526011086,318526011086,True,318539271086,318539271086,True,318591291086,318591291086,True,318539271086,318591291086,True,True
4,21474836603,5,318526000000,True,True,318526012444,318526012444,True,318539272444,318539272444,True,318591292444,318591292444,True,318539272444,318591292444,True,True
3,21474836603,5,318526000000,True,True,318526019163,318526019163,True,318539279163,318539279163,True,318591299163,318591299163,True,318539279163,318591299163,True,True
4,8589934681,2,318630000000,True,True,318630013632,318630013632,True,318643273632,318643273632,True,318695293632,318695293632,True,318643273632,318695293632,True,True
8,8589934681,2,318630000000,True,True,318630015346,318630015346,True,318643275346,318643275346,True,318695295346,318695295346,True,318643275346,318695295346,True,True
1,12884901999,3,318643000000,True,True,318643008077,318643008077,True,318656268077,318656268077,True,318887808077,318887808077,True,318656268077,318887808077,True,True
5,12884901999,3,318643000000,True,True,318643019163,318643019163,True,318656279163,318656279163,True,318887819163,318887819163,True,318656279163,318887819163,True,True
4,8589934682,2,318747000000,True,True,318747013632,318747013632,True,318760273632,318760273632,True,318812293632,318812293632,True,318760273632,318812293632,True,True
8,8589934682,2,318747000000,True,True,318747015346,318747015346,True,318760275346,318760275346,True,318812295346,318812295346,True,318760275346,318812295346,True,True
1,21474836604,5,319007000000,True,True,319007011086,319007011086,True,319020271086,319020271086,True,319072291086,319072291086,True,319020271086,319072291086,True,True
4,21474836604,5,319007000000,True,True,319007012444,319007012444,True,319020272444,319020272444,True,319072292444,319072292444,True,319020272444,319072292444,True,True
3,21474836604,5,319007000000,True,True,319007019163,319007019163,True,319020279163,319020279163,True,319072299163,319072299163,True,319020279163,319072299163,True,True
3,4294967433,1,319098000000,True,True,319098008077,319098008077,True,319111268077,319111268077,True,319205108077,319205108077,True,319111268077,319205108077,True,True
5,4294967433,1,319098000000,True,True,319098011086,319098011086,True,319111271086,319111271086,True,319205111086,319205111086,True,319111271086,319205111086,True,True
4,4294967433,1,319098000000,True,True,319098023527,319098023527,True,,319111283527,,319205123527,319205123527,True,319111283527,319205123527,True,True
1,12884902000,3,319215000000,True,True,319215008077,319215008077,True,319228268077,319228268077,True,319459808077,319459808077,True,319228268077,319459808077,True,True
4,8589934683,2,319215000000,True,True,319215013632,319215013632,True,319228273632,319228273632,True,319459813632,319459813632,True,319228273632,319459813632,True,True
8,8589934683,2,319215000000,True,True,319215015346,319215015346,True,319228275346,319228275346,True,319459815346,319459815346,True,319228275346,319459815346,True,True
5,12884902000,3,319215000000,True,True,319215019163,319215019163,True,319228279163,319228279163,True,319459819163,319459819163,True,319228279163,319459819163,True,True
1,12884902001,3,319475000000,True,True,319475008077,319475008077,True,319488268077,319488268077,True,319719808077,319719808077,True,319488268077,319719808077,True,True
5,12884902001,3,319475000000,True,True,319475019163,319475019163,True,319488279163,319488279163,True,319719819163,319719819163,True,319488279163,319719819163,True,True
5,17179869295,4,319566000000,True,True,319566012444,319566012444,True,319579272444,319579272444,True,319631292444,319631292444,True,319579272444,319631292444,True,True
2,17179869295,4,319566000000,True,True,319566013632,319566013632,True,319579273632,319579273632,True,319631293632,319631293632,True,319579273632,319631293632,True,True
1,17179869295,4,319566000000,True,True,319566023527,319566023527,True,,319579283527,,319631303527,319631303527,True,319579283527,319631303527,True,True
5,17179869296,4,319644000000,True,True,319644012444,319644012444,True,319657272444,319657272444,True,319709292444,319709292444,True,319657272444,319709292444,True,True
2,17179869296,4,319644000000,True,True,319644013632,319644013632,True,319657273632,319657273632,True,319709293632,319709293632,True,319657273632,319709293632,True,True
1,17179869296,4,319644000000,True,True,319644023527,319644023527,True,,319657283527,,319709303527,319709303527,True,319657283527,319709303527,True,True
3,4294967434,1,319800000000,True,True,319800008077,319800008077,True,319813268077,319813268077,True,319907108077,319907108077,True,319813268077,319907108077,True,True
5,4294967434,1,319800000000,True,True,319800011086,319800011086,True,319813271086,319813271086,True,319907111086,319907111086,True,319813271086,319907111086,True,True
4,4294967434,1,319800000000,True,True,319800023527,319800023527,True,,319813283527,,319907123527,319907123527,True,319813283527,319907123527,True,True
5,17179869297,4,319865000000,True,True,319865012444,319865012444,True,319878272444,319878272444,True,319930292444,319930292444,True,319878272444,319930292444,True,True
2,17179869297,4,319865000000,True,True,319865013632,319865013632,True,319878273632,319878273632,True,319930293632,319930293632,True,319878273632,319930293632,True,True
1,17179869297,4,319865000000,True,True,319865023527,319865023527,True,,319878283527,,319930303527,319930303527,True,319878283527,319930303527,True,True
1,12884902002,3,319917000000,True,True,319917008077,319917008077,True,319930268077,319930268077,True,320161808077,320161808077,True,319930268077,320161808077,True,True
5,12884902002,3,319917000000,True,True,319917019163,319917019163,True,319930279163,319930279163,True,320161819163,320161819163,True,319930279163,320161819163,True,True
7,34359738453,8,320008000000,True,True,320008012442,320008012442,True,320021272442,320021272442,True,320252812442,320252812442,True,320021272442,320252812442,True,True
2,34359738453,8,320008000000,True,True,320008015346,320008015346,True,320021275346,320021275346,True,320252815346,320252815346,True,320021275346,320252815346,True,True
5,17179869298,4,320151000000,True,True,320151012444,320151012444,True,320164272444,320164272444,True,320216292444,320216292444,True,320164272444,320216292444,True,True
2,17179869298,4,320151000000,True,True,320151013632,320151013632,True,320164273632,320164273632,True,320216293632,320216293632,True,320164273632,320216293632,True,True
1,17179869298,4,320151000000,True,True,320151023527,320151023527,True,,320164283527,,320216303527,320216303527,True,320164283527,320216303527,True,True
3,4294967435,1,320411000000,True,True,320411008077,320411008077,True,320424268077,320424268077,True,320476288077,320476288077,True,320424268077,320476288077,True,True
5,4294967435,1,320411000000,True,True,320411011086,320411011086,True,320424271086,320424271086,True,320476291086,320476291086,True,320424271086,320476291086,True,True
1,21474836605,5,320411000000,True,True,320411011086,320411011086,True,320424271086,320424271086,True,320655811086,320655811086,True,320424271086,320655811086,True,True
4,21474836605,5,320411000000,True,True,320411012444,320411012444,True,320424272444,320424272444,True,320655812444,320655812444,True,320424272444,320655812444,True,True
3,21474836605,5,320411000000,True,True,320411019163,320411019163,True,320424279163,320424279163,True,320655819163,320655819163,True,320424279163,320655819163,True,True
4,4294967435,1,320411000000,True,True,320411023527,320411023527,True,,320424283527,,320476303527,320476303527,True,320424283527,320476303527,True,True
1,12884902003,3,320515000000,True,True,320515008077,320515008077,True,320528268077,320528268077,True,320759808077,320759808077,True,320528268077,320759808077,True,True
5,12884902003,3,320515000000,True,True,320515019163,320515019163,True,320528279163,320528279163,True,320759819163,320759819163,True,320528279163,320759819163,True,True
4,8589934684,2,320645000000,True,True,320645013632,320645013632,True,320658273632,320658273632,True,320710293632,320710293632,True,320658273632,320710293632,True,True
8,8589934684,2,320645000000,True,True,320645015346,320645015346,True,320658275346,320658275346,True,320710295346,320710295346,True,320658275346,320710295346,True,True
7,34359738454,8,320762000000,True,True,320762012442,320762012442,True,320775272442,320775272442,True,321006812442,321006812442,True,320775272442,321006812442,True,True
2,34359738454,8,320762000000,True,True,320762015346,320762015346,True,320775275346,320775275346,True,321006815346,321006815346,True,320775275346,321006815346,True,True
5,17179869299,4,320788000000,True,True,320788012444,320788012444,True,320801272444,320801272444,True,320853292444,320853292444,True,320801272444,320853292444,True,True
2,17179869299,4,320788000000,True,True,320788013632,320788013632,True,320801273632,320801273632,True,320853293632,320853293632,True,320801273632,320853293632,True,True
1,17179869299,4,320788000000,True,True,320788023527,320788023527,True,,320801283527,,320853303527,320853303527,True,320801283527,320853303527,True,True
1,12884902004,3,320801000000,True,True,320801008077,320801008077,True,320814268077,320814268077,True,321045808077,321045808077,True,320814268077,321045808077,True,True
5,12884902004,3,320801000000,True,True,320801019163,320801019163,True,320814279163,320814279163,True,321045819163,321045819163,True,320814279163,321045819163,True,True
1,21474836606,5,320879000000,True,True,320879011086,320879011086,True,320892271086,320892271086,True,321123811086,321123811086,True,320892271086,321123811086,True,True
4,21474836606,5,320879000000,True,True,320879012444,320879012444,True,320892272444,320892272444,True,321123812444,321123812444,True,320892272444,321123812444,True,True
3,21474836606,5,320879000000,True,True,320879019163,320879019163,True,320892279163,320892279163,True,321123819163,321123819163,True,320892279163,321123819163,True,True
4,8589934685,2,321139000000,True,True,321139013632,321139013632,True,321152273632,321152273632,True,321204293632,321204293632,True,321152273632,321204293632,True,True
8,8589934685,2,321139000000,True,True,321139015346,321139015346,True,321152275346,321152275346,True,321204295346,321204295346,True,321152275346,321204295346,True,True
3,4294967436,1,321347000000,True,True,321347008077,321347008077,True,321360268077,321360268077,True,321412288077,321412288077,True,321360268077,321412288077,True,True
5,4294967436,1,321347000000,True,True,321347011086,321347011086,True,321360271086,321360271086,True,321412291086,321412291086,True,321360271086,321412291086,True,True
4,4294967436,1,321347000000,True,True,321347023527,321347023527,True,,321360283527,,321412303527,321412303527,True,321360283527,321412303527,True,True
4,8589934686,2,321412000000,True,True,321412013632,321412013632,True,321425273632,321425273632,True,321477293632,321477293632,True,321425273632,321477293632,True,True
8,8589934686,2,321412000000,True,True,321412015346,321412015346,True,321425275346,321425275346,True,321477295346,321477295346,True,321425275346,321477295346,True,True
1,12884902005,3,321425000000,True,True,321425008077,321425008077,True,321438268077,321438268077,True,321669808077,321669808077,True,321438268077,321669808077,True,True
5,12884902005,3,321425000000,True,True,321425019163,321425019163,True,321438279163,321438279163,True,321669819163,321669819163,True,321438279163,321669819163,True,True
5,17179869300,4,321581000000,True,True,321581012444,321581012444,True,321594272444,321594272444,True,321825812444,321825812444,True,321594272444,321825812444,True,True
2,17179869300,4,321581000000,True,True,321581013632,321581013632,True,321594273632,321594273632,True,321825813632,321825813632,True,321594273632,321825813632,True,True
1,17179869300,4,321581000000,True,True,321581023527,321581023527,True,,321594283527,,321825823527,321825823527,True,321594283527,321825823527,True,True
7,34359738455,8,321594000000,True,True,321594012442,321594012442,True,321607272442,321607272442,True,321838812442,321838812442,True,321607272442,321838812442,True,True
2,34359738455,8,321594000000,True,True,321594015346,321594015346,True,321607275346,321607275346,True,321838815346,321838815346,True,321607275346,321838815346,True,True
3,4294967437,1,321711000000,True,True,321711008077,321711008077,True,321724268077,321724268077,True,321776288077,321776288077,True,321724268077,321776288077,True,True
5,4294967437,1,321711000000,True,True,321711011086,321711011086,True,321724271086,321724271086,True,321776291086,321776291086,True,321724271086,321776291086,True,True
4,4294967437,1,321711000000,True,True,321711023527,321711023527,True,,321724283527,,321776303527,321776303527,True,321724283527,321776303527,True,True
1,21474836607,5,321880000000,True,True,321880011086,321880011086,True,321893271086,321893271086,True,322124811086,322124811086,True,321893271086,322124811086,True,True
4,21474836607,5,321880000000,True,True,321880012444,321880012444,True,321893272444,321893272444,True,322124812444,322124812444,True,321893272444,322124812444,True,True
3,21474836607,5,321880000000,True,True,321880019163,321880019163,True,321893279163,321893279163,True,322124819163,322124819163,True,321893279163,322124819163,True,True
4,8589934687,2,322088000000,True,True,322088013632,322088013632,True,322101273632,322101273632,True,322153293632,322153293632,True,322101273632,322153293632,True,True
8,8589934687,2,322088000000,True,True,322088015346,322088015346,True,322101275346,322101275346,True,322153295346,322153295346,True,322101275346,322153295346,True,True
3,4294967438,1,322153000000,True,True,322153008077,322153008077,True,322166268077,322166268077,True,322260108077,322260108077,True,322166268077,322260108077,True,True
5,4294967438,1,322153000000,True,True,322153011086,322153011086,True,322166271086,322166271086,True,322260111086,322260111086,True,322166271086,322260111086,True,True
4,4294967438,1,322153000000,True,True,322153023527,322153023527,True,,322166283527,,322260123527,322260123527,True,322166283527,322260123527,True,True
4,8589934688,2,322335000000,True,True,322335013632,322335013632,True,322348273632,322348273632,True,322400293632,322400293632,True,322348273632,322400293632,True,True
8,8589934688,2,322335000000,True,True,322335015346,322335015346,True,322348275346,322348275346,True,322400295346,322400295346,True,322348275346,322400295346,True,True
3,4294967439,1,322374000000,True,True,322374008077,322374008077,True,322387268077,322387268077,True,322481108077,322481108077,True,322387268077,322481108077,True,True
5,4294967439,1,322374000000,True,True,322374011086,322374011086,True,322387271086,322387271086,True,322481111086,322481111086,True,322387271086,322481111086,True,True
4,4294967439,1,322374000000,True,True,322374023527,322374023527,True,,322387283527,,322481123527,322481123527,True,322387283527,322481123527,True,True
1,12884902006,3,322491000000,True,True,322491008077,322491008077,True,322504268077,322504268077,True,322735808077,322735808077,True,322504268077,322735808077,True,True
5,12884902006,3,322491000000,True,True,322491019163,322491019163,True,322504279163,322504279163,True,322735819163,322735819163,True,322504279163,322735819163,True,True
4,8589934689,2,322712000000,True,True,322712013632,322712013632,True,322725273632,322725273632,True,322777293632,322777293632,True,322725273632,322777293632,True,True
8,8589934689,2,322712000000,True,True,322712015346,322712015346,True,322725275346,322725275346,True,322777295346,322777295346,True,322725275346,322777295346,True,True
1,21474836608,5,322738000000,True,True,322738011086,322738011086,True,322751271086,322751271086,True,322982811086,322982811086,True,322751271086,322982811086,True,True
4,21474836608,5,322738000000,True,True,322738012444,322738012444,True,322751272444,322751272444,True,322982812444,322982812444,True,322751272444,322982812444,True,True
3,21474836608,5,322738000000,True,True,322738019163,322738019163,True,322751279163,322751279163,True,322982819163,322982819163,True,322751279163,322982819163,True,True
3,4294967440,1,323115000000,True,True,323115008077,323115008077,True,323128268077,323128268077,True,323222108077,323222108077,True,323128268077,323222108077,True,True
5,4294967440,1,323115000000,True,True,323115011086,323115011086,True,323128271086,323128271086,True,323222111086,323222111086,True,323128271086,323222111086,True,True
4,4294967440,1,323115000000,True,True,323115023527,323115023527,True,,323128283527,,323222123527,323222123527,True,323128283527,323222123527,True,True
1,12884902007,3,323375000000,True,True,323375008077,323375008077,True,323388268077,323388268077,True,323619808077,323619808077,True,323388268077,323619808077,True,True
5,12884902007,3,323375000000,True,True,323375019163,323375019163,True,323388279163,323388279163,True,323619819163,323619819163,True,323388279163,323619819163,True,True
5,17179869301,4,323596000000,True,True,323596012444,323596012444,True,323609272444,323609272444,True,323840812444,323840812444,True,323609272444,323840812444,True,True
2,17179869301,4,323596000000,True,True,323596013632,323596013632,True,323609273632,323609273632,True,323840813632,323840813632,True,323609273632,323840813632,True,True
1,17179869301,4,323596000000,True,True,323596023527,323596023527,True,,323609283527,,323840823527,323840823527,True,323609283527,323840823527,True,True
1,12884902008,3,323635000000,True,True,323635008077,323635008077,True,323648268077,323648268077,True,323879808077,323879808077,True,323648268077,323879808077,True,True
5,12884902008,3,323635000000,True,True,323635019163,323635019163,True,323648279163,323648279163,True,323879819163,323879819163,True,323648279163,323879819163,True,True
7,34359738456,8,323856000000,True,True,323856012442,323856012442,True,323869272442,323869272442,True,324100812442,324100812442,True,323869272442,324100812442,True,True
2,34359738456,8,323856000000,True,True,323856015346,323856015346,True,323869275346,323869275346,True,324100815346,324100815346,True,323869275346,324100815346,True,True
1,12884902009,3,323908000000,True,True,323908008077,323908008077,True,323921268077,323921268077,True,324152808077,324152808077,True,323921268077,324152808077,True,True
5,12884902009,3,323908000000,True,True,323908019163,323908019163,True,,323921279163,,324152819163,324152819163,True,323921279163,324152819163,True,True
1,21474836609,5,323921000000,True,True,323921011086,323921011086,True,323934271086,323934271086,True,324165811086,324165811086,True,323934271086,324165811086,True,True
4,21474836609,5,323921000000,True,True,323921012444,323921012444,True,323934272444,323934272444,True,324165812444,324165812444,True,323934272444,324165812444,True,True
3,21474836609,5,323921000000,True,True,323921019163,323921019163,True,323934279163,323934279163,True,324165819163,324165819163,True,323934279163,324165819163,True,True
4,8589934690,2,324155000000,True,True,324155013632,324155013632,True,324168273632,324168273632,True,324220293632,324220293632,True,324168273632,324220293632,True,True
8,8589934690,2,324155000000,True,True,324155015346,324155015346,True,324168275346,324168275346,True,324220295346,324220295346,True,324168275346,324220295346,True,True
3,4294967441,1,324168000000,True,True,324168008077,324168008077,True,324181268077,324181268077,True,324275108077,324275108077,True,324181268077,324275108077,True,True
5,4294967441,1,324168000000,True,True,324168011086,324168011086,True,324181271086,324181271086,True,324275111086,324275111086,True,324181271086,324275111086,True,True
4,4294967441,1,324168000000,True,True,324168023527,324168023527,True,,324181283527,,324275123527,324275123527,True,324181283527,324275123527,True,True
1,12884902010,3,324311000000,True,True,324311008077,324311008077,True,324324268077,324324268077,True,324555808077,324555808077,True,324324268077,324555808077,True,True
5,12884902010,3,324311000000,True,True,324311019163,324311019163,True,324324279163,324324279163,True,324555819163,324555819163,True,324324279163,324555819163,True,True
4,8589934691,2,324480000000,True,True,324480013632,324480013632,True,324493273632,324493273632,True,324545293632,324545293632,True,324493273632,324545293632,True,True
8,8589934691,2,324480000000,True,True,324480015346,324480015346,True,324493275346,324493275346,True,324545295346,324545295346,True,324493275346,324545295346,True,True
7,34359738457,8,324623000000,True,True,324623012442,324623012442,True,324636272442,324636272442,True,324867812442,324867812442,True,324636272442,324867812442,True,True
2,34359738457,8,324623000000,True,True,324623015346,324623015346,True,324636275346,324636275346,True,324867815346,324867815346,True,324636275346,324867815346,True,True
3,4294967442,1,324636000000,True,True,324636008077,324636008077,True,324649268077,324649268077,True,324743108077,324743108077,True,324649268077,324743108077,True,True
5,4294967442,1,324636000000,True,True,324636011086,324636011086,True,324649271086,324649271086,True,324743111086,324743111086,True,324649271086,324743111086,True,True
4,4294967442,1,324636000000,True,True,324636023527,324636023527,True,,324649283527,,324743123527,324743123527,True,324649283527,324743123527,True,True
1,21474836610,5,324753000000,True,True,324753011086,324753011086,True,324766271086,324766271086,True,324997811086,324997811086,True,324766271086,324997811086,True,True
4,21474836610,5,324753000000,True,True,324753012444,324753012444,True,324766272444,324766272444,True,324997812444,324997812444,True,324766272444,324997812444,True,True
3,21474836610,5,324753000000,True,True,324753019163,324753019163,True,324766279163,324766279163,True,324997819163,324997819163,True,324766279163,324997819163,True,True
4,8589934692,2,324935000000,True,True,324935013632,324935013632,True,324948273632,324948273632,True,325000293632,325000293632,True,324948273632,325000293632,True,True
8,8589934692,2,324935000000,True,True,324935015346,324935015346,True,324948275346,324948275346,True,325000295346,325000295346,True,324948275346,325000295346,True,True
3,4294967443,1,325052000000,True,True,325052008077,325052008077,True,325065268077,325065268077,True,325159108077,325159108077,True,325065268077,325159108077,True,True
5,4294967443,1,325052000000,True,True,325052011086,325052011086,True,325065271086,325065271086,True,325159111086,325159111086,True,325065271086,325159111086,True,True
4,4294967443,1,325052000000,True,True,325052023527,325052023527,True,,325065283527,,325159123527,325159123527,True,325065283527,325159123527,True,True
1,21474836611,5,325182000000,True,True,325182011086,325182011086,True,325195271086,325195271086,True,325426811086,325426811086,True,325195271086,325426811086,True,True
4,21474836611,5,325182000000,True,True,325182012444,325182012444,True,325195272444,325195272444,True,325426812444,325426812444,True,325195272444,325426812444,True,True
3,21474836611,5,325182000000,True,True,325182019163,325182019163,True,325195279163,325195279163,True,325426819163,325426819163,True,325195279163,325426819163,True,True
7,34359738458,8,325325000000,True,True,325325012442,325325012442,True,325338272442,325338272442,True,325569812442,325569812442,True,325338272442,325569812442,True,True
2,34359738458,8,325325000000,True,True,325325015346,325325015346,True,325338275346,325338275346,True,325569815346,325569815346,True,325338275346,325569815346,True,True
1,12884902011,3,325429000000,True,True,325429008077,325429008077,True,325442268077,325442268077,True,325673808077,325673808077,True,325442268077,325673808077,True,True
5,12884902011,3,325429000000,True,True,325429019163,325429019163,True,325442279163,325442279163,True,325673819163,325673819163,True,325442279163,325673819163,True,True
4,8589934693,2,325637000000,True,True,325637013632,325637013632,True,325650273632,325650273632,True,325702293632,325702293632,True,325650273632,325702293632,True,True
8,8589934693,2,325637000000,True,True,325637015346,325637015346,True,325650275346,325650275346,True,325702295346,325702295346,True,325650275346,325702295346,True,True
1,21474836612,5,325754000000,True,True,325754011086,325754011086,True,325767271086,325767271086,True,325998811086,325998811086,True,325767271086,325998811086,True,True
7,34359738459,8,325754000000,True,True,325754012442,325754012442,True,325767272442,325767272442,True,325998812442,325998812442,True,325767272442,325998812442,True,True
4,21474836612,5,325754000000,True,True,325754012444,325754012444,True,325767272444,325767272444,True,325998812444,325998812444,True,325767272444,325998812444,True,True
2,34359738459,8,325754000000,True,True,325754015346,325754015346,True,325767275346,325767275346,True,325998815346,325998815346,True,325767275346,325998815346,True,True
3,21474836612,5,325754000000,True,True,325754019163,325754019163,True,325767279163,325767279163,True,325998819163,325998819163,True,325767279163,325998819163,True,True
1,12884902012,3,326014000000,True,True,326014008077,326014008077,True,326027268077,326027268077,True,326258808077,326258808077,True,326027268077,326258808077,True,True
4,8589934694,2,326014000000,True,True,326014013632,326014013632,True,326027273632,326027273632,True,326079293632,326079293632,True,326027273632,326079293632,True,True
8,8589934694,2,326014000000,True,True,326014015346,326014015346,True,326027275346,326027275346,True,326079295346,326079295346,True,326027275346,326079295346,True,True
5,12884902012,3,326014000000,True,True,326014019163,326014019163,True,326027279163,326027279163,True,326258819163,326258819163,True,326027279163,326258819163,True,True
4,8589934695,2,326105000000,True,True,326105013632,326105013632,True,326118273632,326118273632,True,326170293632,326170293632,True,326118273632,326170293632,True,True
8,8589934695,2,326105000000,True,True,326105015346,326105015346,True,326118275346,326118275346,True,326170295346,326170295346,True,326118275346,326170295346,True,True
7,34359738460,8,326300000000,True,True,326300012442,326300012442,True,326313272442,326313272442,True,326544812442,326544812442,True,326313272442,326544812442,True,True
2,34359738460,8,326300000000,True,True,326300015346,326300015346,True,326313275346,326313275346,True,326544815346,326544815346,True,326313275346,326544815346,True,True
3,4294967444,1,326378000000,True,True,326378008077,326378008077,True,326391268077,326391268077,True,326485108077,326485108077,True,326391268077,326485108077,True,True
5,4294967444,1,326378000000,True,True,326378011086,326378011086,True,326391271086,326391271086,True,326485111086,326485111086,True,326391271086,326485111086,True,True
4,4294967444,1,326378000000,True,True,326378023527,326378023527,True,,326391283527,,326485123527,326485123527,True,326391283527,326485123527,True,True
1,12884902013,3,326495000000,True,True,326495008077,326495008077,True,326508268077,326508268077,True,326739808077,326739808077,True,326508268077,326739808077,True,True
5,12884902013,3,326495000000,True,True,326495019163,326495019163,True,326508279163,326508279163,True,326739819163,326739819163,True,326508279163,326739819163,True,True
4,8589934696,2,326781000000,True,True,326781013632,326781013632,True,326794273632,326794273632,True,326846293632,326846293632,True,326794273632,326846293632,True,True
8,8589934696,2,326781000000,True,True,326781015346,326781015346,True,326794275346,326794275346,True,326846295346,326846295346,True,326794275346,326846295346,True,True
1,12884902014,3,326807000000,True,True,326807008077,326807008077,True,326820268077,326820268077,True,327051808077,327051808077,True,326820268077,327051808077,True,True
5,12884902014,3,326807000000,True,True,326807019163,326807019163,True,326820279163,326820279163,True,327051819163,327051819163,True,326820279163,327051819163,True,True
7,34359738461,8,326950000000,True,True,326950012442,326950012442,True,326963272442,326963272442,True,327194812442,327194812442,True,326963272442,327194812442,True,True
2,34359738461,8,326950000000,True,True,326950015346,326950015346,True,326963275346,326963275346,True,327194815346,327194815346,True,326963275346,327194815346,True,True
1,21474836613,5,327106000000,True,True,327106011086,327106011086,True,327119271086,327119271086,True,327350811086,327350811086,True,327119271086,327350811086,True,True
4,21474836613,5,327106000000,True,True,327106012444,327106012444,True,327119272444,327119272444,True,327350812444,327350812444,True,327119272444,327350812444,True,True
3,21474836613,5,327106000000,True,True,327106019163,327106019163,True,,327119279163,,327350819163,327350819163,True,327119279163,327350819163,True,True
1,12884902015,3,327119000000,True,True,327119008077,327119008077,True,327132268077,327132268077,True,327363808077,327363808077,True,327132268077,327363808077,True,True
5,12884902015,3,327119000000,True,True,327119019163,327119019163,True,327132279163,327132279163,True,327363819163,327363819163,True,327132279163,327363819163,True,True
4,8589934697,2,327314000000,True,True,327314013632,327314013632,True,327327273632,327327273632,True,327379293632,327379293632,True,327327273632,327379293632,True,True
8,8589934697,2,327314000000,True,True,327314015346,327314015346,True,327327275346,327327275346,True,327379295346,327379295346,True,327327275346,327379295346,True,True
3,4294967445,1,327509000000,True,True,327509008077,327509008077,True,327522268077,327522268077,True,327616108077,327616108077,True,327522268077,327616108077,True,True
5,4294967445,1,327509000000,True,True,327509011086,327509011086,True,327522271086,327522271086,True,327616111086,327616111086,True,327522271086,327616111086,True,True
4,4294967445,1,327509000000,True,True,327509023527,327509023527,True,,327522283527,,327616123527,327616123527,True,327522283527,327616123527,True,True
7,34359738462,8,327600000000,True,True,327600012442,327600012442,True,327613272442,327613272442,True,327844812442,327844812442,True,327613272442,327844812442,True,True
2,34359738462,8,327600000000,True,True,327600015346,327600015346,True,327613275346,327613275346,True,327844815346,327844815346,True,327613275346,327844815346,True,True
1,12884902016,3,327665000000,True,True,327665008077,327665008077,True,327678268077,327678268077,True,327909808077,327909808077,True,327678268077,327909808077,True,True
5,12884902016,3,327665000000,True,True,327665019163,327665019163,True,327678279163,327678279163,True,327909819163,327909819163,True,327678279163,327909819163,True,True
5,17179869302,4,327730000000,True,True,327730012444,327730012444,True,327743272444,327743272444,True,327974812444,327974812444,True,327743272444,327974812444,True,True
2,17179869302,4,327730000000,True,True,327730013632,327730013632,True,327743273632,327743273632,True,327974813632,327974813632,True,327743273632,327974813632,True,True
1,17179869302,4,327730000000,True,True,327730023527,327730023527,True,,327743283527,,327974823527,327974823527,True,327743283527,327974823527,True,True
4,8589934698,2,327977000000,True,True,327977013632,327977013632,True,327990273632,327990273632,True,328042293632,328042293632,True,327990273632,328042293632,True,True
8,8589934698,2,327977000000,True,True,327977015346,327977015346,True,327990275346,327990275346,True,328042295346,328042295346,True,327990275346,328042295346,True,True
1,21474836614,5,327990000000,True,True,327990011086,327990011086,True,328003271086,328003271086,True,328234811086,328234811086,True,328003271086,328234811086,True,True
4,21474836614,5,327990000000,True,True,327990012444,327990012444,True,328003272444,328003272444,True,328234812444,328234812444,True,328003272444,328234812444,True,True
3,21474836614,5,327990000000,True,True,327990019163,327990019163,True,328003279163,328003279163,True,328234819163,328234819163,True,328003279163,328234819163,True,True
4,8589934699,2,328094000000,True,True,328094013632,328094013632,True,328107273632,328107273632,True,328159293632,328159293632,True,328107273632,328159293632,True,True
8,8589934699,2,328094000000,True,True,328094015346,328094015346,True,328107275346,328107275346,True,328159295346,328159295346,True,328107275346,328159295346,True,True
7,34359738463,8,328198000000,True,True,328198012442,328198012442,True,328211272442,328211272442,True,328442812442,328442812442,True,328211272442,328442812442,True,True
2,34359738463,8,328198000000,True,True,328198015346,328198015346,True,328211275346,328211275346,True,328442815346,328442815346,True,328211275346,328442815346,True,True
3,4294967446,1,328315000000,True,True,328315008077,328315008077,True,328328268077,328328268077,True,328422108077,328422108077,True,328328268077,328422108077,True,True
5,4294967446,1,328315000000,True,True,328315011086,328315011086,True,328328271086,328328271086,True,328422111086,328422111086,True,328328271086,328422111086,True,True
4,4294967446,1,328315000000,True,True,328315023527,328315023527,True,,328328283527,,328422123527,328422123527,True,328328283527,328422123527,True,True
3,4294967447,1,328432000000,True,True,328432008077,328432008077,True,328445268077,328445268077,True,328539108077,328539108077,True,328445268077,328539108077,True,True
5,4294967447,1,328432000000,True,True,328432011086,328432011086,True,328445271086,328445271086,True,328539111086,328539111086,True,328445271086,328539111086,True,True
4,4294967447,1,328432000000,True,True,328432023527,328432023527,True,,328445283527,,328539123527,328539123527,True,328445283527,328539123527,True,True
4,8589934700,2,328484000000,True,True,328484013632,328484013632,True,328497273632,328497273632,True,328549293632,328549293632,True,328497273632,328549293632,True,True
8,8589934700,2,328484000000,True,True,328484015346,328484015346,True,328497275346,328497275346,True,328549295346,328549295346,True,328497275346,328549295346,True,True
7,34359738464,8,328653000000,True,True,328653012442,328653012442,True,328666272442,328666272442,True,328897812442,328897812442,True,328666272442,328897812442,True,True
2,34359738464,8,328653000000,True,True,328653015346,328653015346,True,328666275346,328666275346,True,328897815346,328897815346,True,328666275346,328897815346,True,True
1,12884902017,3,328666000000,True,True,328666008077,328666008077,True,328679268077,328679268077,True,328910808077,328910808077,True,328679268077,328910808077,True,True
5,12884902017,3,328666000000,True,True,328666019163,328666019163,True,328679279163,328679279163,True,328910819163,328910819163,True,328679279163,328910819163,True,True
7,34359738465,8,328926000000,True,True,328926012442,328926012442,True,328939272442,328939272442,True,329170812442,329170812442,True,328939272442,329170812442,True,True
2,34359738465,8,328926000000,True,True,328926015346,328926015346,True,328939275346,328939275346,True,329170815346,329170815346,True,328939275346,329170815346,True,True
1,21474836615,5,328939000000,True,True,328939011086,328939011086,True,328952271086,328952271086,True,329183811086,329183811086,True,328952271086,329183811086,True,True
4,21474836615,5,328939000000,True,True,328939012444,328939012444,True,328952272444,328952272444,True,329183812444,329183812444,True,328952272444,329183812444,True,True
3,21474836615,5,328939000000,True,True,328939019163,328939019163,True,328952279163,328952279163,True,329183819163,329183819163,True,328952279163,329183819163,True,True
4,8589934701,2,329199000000,True,True,329199013632,329199013632,True,329212273632,329212273632,True,329264293632,329264293632,True,329212273632,329264293632,True,True
8,8589934701,2,329199000000,True,True,329199015346,329199015346,True,329212275346,329212275346,True,329264295346,329264295346,True,329212275346,329264295346,True,True
3,4294967448,1,329264000000,True,True,329264008077,329264008077,True,329277268077,329277268077,True,329371108077,329371108077,True,329277268077,329371108077,True,True
5,4294967448,1,329264000000,True,True,329264011086,329264011086,True,329277271086,329277271086,True,329371111086,329371111086,True,329277271086,329371111086,True,True
4,4294967448,1,329264000000,True,True,329264023527,329264023527,True,,329277283527,,329371123527,329371123527,True,329277283527,329371123527,True,True
7,34359738466,8,329472000000,True,True,329472012442,329472012442,True,329485272442,329485272442,True,329716812442,329716812442,True,329485272442,329716812442,True,True
2,34359738466,8,329472000000,True,True,329472015346,329472015346,True,329485275346,329485275346,True,329716815346,329716815346,True,329485275346,329716815346,True,True
1,12884902018,3,329485000000,True,True,329485008077,329485008077,True,329498268077,329498268077,True,329729808077,329729808077,True,329498268077,329729808077,True,True
5,12884902018,3,329485000000,True,True,329485019163,329485019163,True,329498279163,329498279163,True,329729819163,329729819163,True,329498279163,329729819163,True,True
1,12884902019,3,329810000000,True,True,329810008077,329810008077,True,329823268077,329823268077,True,,330054808077,,329823268077,330054808077,True,True
5,12884902019,3,329810000000,True,True,329810019163,329810019163,True,329823279163,329823279163,True,,330054819163,,329823279163,330054819163,True,True
4,8589934702,2,329836000000,True,True,329836013632,329836013632,True,329849273632,329849273632,True,329901293632,329901293632,True,329849273632,329901293632,True,True
8,8589934702,2,329836000000,True,True,329836015346,329836015346,True,329849275346,329849275346,True,329901295346,329901295346,True,329849275346,329901295346,True,True
