0
988000000
996900000
1976000000
1984900000
2964000000
2972900000
3952000000
3960900000
4940000000
4948900000
5928000000
5936900000
6916000000
6924900000
7904000000
7912900000
8892000000
8900900000
9880000000
9888900000
10000000000
10010000000
10465000000
10465008077
10465011086
10465023527
10868000000
10874630000
10876900000
11470728077
11470731086
11500300000
11500308077
11500311086
11500323527
11635000000
11635011086
11635012444
11635019163
11641641086
11641649163
11648271086
11648272444
11648279163
11676820000
11676831086
11676832444
11676839163
11713000000
11713008077
11713011086
11713023527
11719638077
11719641086
11726268077
11726271086
11799700000
11799708077
11799711086
11799723527
11830000000
11830011086
11830012444
11830019163
11836641086
11843271086
11843272444
11856000000
11864900000
11942200000
11942211086
11942211114
11942212444
11942219163
11973000000
11973008077
11973019163
11979638077
11979649163
11986268077
11986279163
12014820000
12014828077
12014839163
12168000000
12168008077
12168011086
12168023527
12174638077
12174641086
12181268077
12181271086
12314880000
12314888077
12314891086
12314891114
12314903527
12402000000
12402011086
12402012444
12402019163
12408641086
12408649163
12415271086
12415272444
12415279163
12509100000
12509111086
12509111114
12509112444
12509119163
12558000000
12558008077
12558019163
12564638077
12564649163
12571268077
12571279163
12670200000
12670208077
12670208105
12670219163
12766000000
12766008077
12766011086
12766023527
12772638077
12772641086
12779268077
12779271086
12844000000
12852900000
13004680000
13004688077
13004688105
13004691086
13004691114
13004703527
13052000000
13052011086
13052012444
13052019163
13058641086
13058649163
13065271086
13065272444
13065279163
13266200000
13266211086
13266211114
13266212444
13266219163
13286000000
13286008077
13286011086
13286023527
13292638077
13292641086
13299268077
13299271086
13499180000
13499188077
13499188105
13499191086
13499191114
13499203527
13559000000
13559011086
13559012444
13559019163
13565641086
13565649163
13572271086
13572272444
13572279163
13709960000
13709971086
13709971114
13709972444
13709979163
13793000000
13793008077
13793011086
13793023527
13799638077
13799641086
13806268077
13806271086
13832000000
13840900000
13969460000
13969468077
13969468105
13969471086
13969471114
13969483527
13988000000
13988011086
13988012444
13988019163
13994641086
14001271086
14001272444
14014000000
14014008077
14014019163
14027268077
14027279163
14121100000
14121108077
14121119163
14138960000
14138971086
14138971114
14138972444
14138979163
14326000000
14326008077
14326019163
14332638077
14332649163
14339268077
14339279163
14400460000
14400468077
14400468105
14400479163
14534000000
14534008077
14534011086
14534023527
14540638077
14540641086
14547268077
14547271086
14776760000
14776768077
14776768105
14776771086
14776771114
14776783527
14781000000
14781011086
14781012444
14781019163
14787641086
14787649163
14794271086
14794272444
14794279163
14820000000
14828900000
14906460000
14906471086
14906471114
14906472444
14906479163
15000000000
15067000000
15067008077
15067011086
15067023527
15073638077
15073641086
15808000000
15816900000
16072728077
16072731086
16229800000
16229808077
16229808105
16229811086
16229811114
16229823527
16276000000
16276011086
16276012444
16276019163
16282641086
16289000000
16289008077
16289019163
16289271086
16289272444
16302268077
16302279163
16375960000
16375971086
16375971114
16375972444
16375979163
16421600000
16421608077
16421619163
16575000000
16575008077
16575011086
16575023527
16581638077
16581641086
16588268077
16588271086
16715760000
16715768077
16715771086
16715771114
16715783527
16770000000
16770011086
16770012444
16770019163
16776641086
16783271086
16783272444
16796000000
16804900000
16818960000
16818971086
16818971114
16818972444
16818979163
16848000000
16848008077
16848019163
16854638077
16854649163
16861268077
16861279163
16947960000
16947968077
16947968105
16947979163
17186000000
17186008077
17186019163
17192638077
17192649163
17199268077
17199279163
17260460000
17260468077
17260468105
17260479163
17654000000
17654008077
17654019163
17660638077
17660649163
17667268077
17667279163
17702960000
17702968077
17702968105
17702979163
17784000000
17792900000
17888000000
17888008077
17888019163
17894638077
17894649163
17901268077
17901279163
17936960000
17936968077
17936968105
17936979163
18291000000
18668000000
18668008077
18668019163
18674638077
18674649163
18681268077
18681279163
18724100000
18724108077
18724119163
18772000000
18780900000
19097000000
19097008077
19097011086
19097023527
19103638077
19103641086
19110268077
19110271086
19197980000
19197988077
19197988105
19197991086
19198003527
19292000000
19292008077
19292011086
19292023527
19298638077
19298641086
19305268077
19305271086
19366460000
19366468077
19366468105
19366471086
19366483527
19409000000
19409008077
19409019163
19415638077
19415649163
19422268077
19422279163
19546700000
19546708077
19546708105
19546719163
19591000000
19591008077
19591011086
19591023527
19597638077
19597641086
19604268077
19604271086
19753180000
19753188077
19753188105
19753191086
19753203527
19760000000
19768900000
19864000000
19864011086
19864012444
19864019163
19870641086
19870649163
19877271086
19877272444
19877279163
19978240000
19978251086
19978251114
19978252444
19978259163
20000000000
20189000000
20189008077
20189011086
20189023527
20195638077
20195641086
20748000000
20756900000
21194728077
21194731086
21351800000
21351808077
21351808105
21351811086
21351811114
21351823527
21359000000
21359008077
21359019163
21365638077
21365649163
21372268077
21372279163
21433460000
21433468077
21433468105
21433479163
21593000000
21593011086
21593012444
21593019163
21599641086
21599649163
21606271086
21606272444
21606279163
21667460000
21667471086
21667471114
21667472444
21667479163
21697000000
21697008077
21697011086
21697023527
21703638077
21703641086
21710268077
21710271086
21736000000
21744900000
21847960000
21847968077
21847968105
21847971086
21847971114
21847983527
21944000000
21944008077
21944019163
21950638077
21957268077
22018460000
22018468077
22018468105
22018479163
22048000000
22048011086
22048012444
22048019163
22054641086
22054649163
22061271086
22061272444
22061279163
22122460000
22122471086
22122471114
22122472444
22122479163
22191000000
22191008077
22191011086
22191023527
22197638077
22197641086
22204268077
22204271086
22290960000
22290968077
22290968105
22290971086
22290971114
22290983527
22360000000
22360008077
22360019163
22366638077
22366649163
22373268077
22373279163
22434460000
22434468077
22434468105
22434479163
22503000000
22503011086
22503012444
22503019163
22509641086
22509649163
22516271086
22516272444
22516279163
22577460000
22577471086
22577471114
22577472444
22577479163
22633000000
22633008077
22633011086
22633023527
22639638077
22639641086
22646268077
22646271086
22724000000
22732900000
22732960000
22732968077
22732968105
22732971086
22732971114
22732983527
22802000000
22802008077
22802019163
22808638077
22808649163
22815268077
22815279163
22876460000
22876468077
22876468105
22876479163
22919000000
22919008077
22919019163
22925638077
22925649163
22932268077
22932279163
22967960000
22967968077
22967968105
22967979163
22984000000
22984011086
22984012444
22984019163
22990641086
22997271086
22997272444
23058460000
23058471086
23058471114
23058472444
23058479163
23179000000
23179008077
23179011086
23179023527
23185638077
23185641086
23192268077
23192271086
23227960000
23227968077
23227971086
23227971114
23227983527
23712000000
23720900000
24700000000
24708900000
25012000000
25298000000
25298008077
25298011086
25298023527
25304638077
25304641086
25311268077
25311271086
25385720000
25385728077
25385731086
25385743527
25571000000
25571011086
25571012444
25571019163
25577641086
25577649163
25584271086
25584272444
25584279163
25688000000
25696900000
25703600000
25703611086
25703611114
25703612444
25703619163
25740000000
25740008077
25740019163
25746638077
25746649163
26676000000
26684900000
26745728077
26745739163
26867100000
26867108077
26867108105
26867119163
26910000000
26910011086
26910012444
26910019163
26916641086
26916649163
26923271086
26923272444
26923279163
26977320000
26977331086
26977331114
26977332444
26977339163
27027000000
27027008077
27027011086
27027023527
27033638077
27033641086
27040268077
27040271086
27117780000
27117788077
27117788105
27117791086
27117791114
27117803527
27209000000
27209008077
27209011086
27209023527
27215638077
27215641086
27222268077
27222271086
27283460000
27283468077
27283468105
27283471086
27283471114
27283483527
27326000000
27326011086
27326012444
27326019163
27332641086
27332649163
27339271086
27339272444
27339279163
27374960000
27374971086
27374971114
27374972444
27374979163
27378000000
27378008077
27378011086
27378023527
27384638077
27384641086
27391268077
27391271086
27452460000
27452468077
27452468105
27452471086
27452471114
27452483527
27573000000
27573008077
27573019163
27579638077
27579649163
27586268077
27586279163
27664000000
27672900000
27710700000
27710708077
27710708105
27710719163
27781000000
27781011086
27781012444
27781019163
27787641086
27787649163
27794271086
27794272444
27794279163
27918700000
27918711086
27918711114
27918712444
27918719163
27918719191
27924000000
27924008077
27924011086
27924023527
27930638077
27930641086
27937268077
27937271086
27998460000
27998468077
27998468105
27998471086
27998471114
27998483527
28197000000
28197008077
28197019163
28203638077
28203649163
28210268077
28210279163
28331640000
28331648077
28331648105
28331659163
28331659191
28340000000
28340011086
28340012444
28340019163
28346641086
28346649163
28353271086
28353272444
28353279163
28472600000
28472611086
28472611114
28472612444
28472619163
28472619191
28522000000
28522011086
28522012444
28522019163
28528641086
28535271086
28535272444
28596460000
28596471086
28596472444
28596479163
28639000000
28639008077
28639011086
28639023527
28645638077
28645641086
28652000000
28652268077
28652271086
28660900000
28713460000
28713468077
28713468105
28713471086
28713471114
28713483527
28730000000
28730011086
28730012444
28730019163
28736641086
28743000000
28743008077
28743019163
28743271086
28743272444
28756268077
28756279163
28804460000
28804471086
28804472444
28804479163
28986780000
28986788077
28986799163
29068000000
29068008077
29068019163
29074638077
29074649163
29081268077
29081279163
29218960000
29218968077
29218968105
29218979163
29218979191
29354000000
29354011086
29354012444
29354019163
29360641086
29360649163
29367271086
29367272444
29367279163
29521280000
29521291086
29521292444
29521299163
29521299191
29536000000
29536008077
29536011086
29536023527
29542638077
29542641086
29549268077
29549271086
29584960000
29584968077
29584971086
29584971114
29584983527
29640000000
29648900000
29718000000
29718008077
29718011086
29718023527
29724638077
29724641086
29731268077
29731271086
29766960000
29766968077
29766971086
29766971114
29766983527
29770000000
29770008077
29770019163
29776638077
29776649163
29783268077
29783279163
29983180000
29983188077
29983188105
29983199163
29983199191
30043000000
30043008077
30043011086
30043023527
30049638077
30049641086
30056268077
30056271086
30117460000
30117468077
30117468105
30117471086
30117471114
30117483527
30212000000
30212011086
30212012444
30212019163
30218641086
30218649163
30225271086
30225272444
30225279163
30286460000
30286471086
30286472444
30286479163
30286479191
30290000000
30290008077
30290019163
30296638077
30296649163
30303268077
30303279163
30385728077
30440960000
30440968077
30440979163
30440979191
30498000000
30498008077
30498019163
30504638077
30504649163
30628000000
30636900000
31503728077
31503739163
31616000000
31624900000
31635300000
31635308077
31635319163
31635319191
31668000000
31668008077
31668011086
31668023527
31674638077
31674641086
31681268077
31681271086
31742460000
31742468077
31742468105
31742471086
31742471114
31742483527
31941000000
31941011086
31941012444
31941019163
31947641086
31947649163
31954271086
31954272444
31954279163
31989960000
31989971086
31989972444
31989979163
31989979191
32019000000
32019008077
32019011086
32019023527
32025638077
32025641086
32032268077
32032271086
32093460000
32093468077
32093468105
32093471086
32093471114
32093483527
32201000000
32201008077
32201019163
32207638077
32207649163
32214268077
32214279163
32368280000
32368288077
32368299163
32368299191
32500000000
32500008077
32500011086
32500023527
32506638077
32506641086
32513268077
32513271086
32574460000
32574468077
32574468105
32574471086
32574483527
32604000000
32612900000
32630000000
32630011086
32630012444
32630019163
32636641086
32643271086
32643272444
32721000000
32721008077
32721019163
32734268077
32734279163
32766680000
32766691086
32766692444
32766699163
32795460000
32795468077
32795479163
32838000000
32838008077
32838011086
32838023527
32844638077
32844641086
32851268077
32851271086
32937960000
32937968077
32937968105
32937971086
32937971114
32937983527
32968000000
32968011086
32968012444
32968019163
32974641086
32974649163
32981271086
32981272444
32981279163
33067960000
33067971086
33067972444
33067979163
33067979191
33267000000
33267011086
33267012444
33267019163
33273641086
33273649163
33280271086
33280272444
33280279163
33366960000
33366971086
33366972444
33366979163
33366979191
33514000000
33514008077
33514011086
33514023527
33520638077
33520641086
33527268077
33527271086
33588460000
33588468077
33588468105
33588471086
33588471114
33588483527
33592000000
33600900000
33683000000
33683011086
33683012444
33683019163
33689641086
33689649163
33696271086
33696272444
33696279163
33757460000
33757471086
33757472444
33757479163
33757479191
33956000000
33956008077
33956011086
33956023527
33962638077
33962641086
33969268077
33969271086
34030460000
34030468077
34030468105
34030471086
34030471114
34030483527
34034000000
34034011086
34034012444
34034019163
34040641086
34040649163
34047271086
34047272444
34047279163
34108460000
34108471086
34108472444
34108479163
34108479191
34489000000
34489008077
34489011086
34489023527
34495638077
34495641086
34502268077
34502271086
34563460000
34563468077
34563468105
34563471086
34563471114
34563483527
34580000000
34588900000
34632000000
34879000000
34879008077
34879011086
34879023527
34885638077
34885641086
34892268077
34892271086
34927960000
34927968077
34927971086
34927971114
34927983527
35009000000
35009011086
35009012444
35009019163
35015641086
35015649163
35022271086
35022272444
35022279163
35069180000
35069191086
35069192444
35069199163
35347000000
35347008077
35347011086
35347023527
35353638077
35353641086
35360268077
35360271086
35385728077
35395960000
35395968077
35395971086
35395971114
35395983527
35425000000
35425008077
35425019163
35431638077
35431649163
35568000000
35576900000
36430728077
36430739163
36485800000
36485808077
36485819163
36485819191
36543000000
36543008077
36543011086
36543023527
36549638077
36549641086
36556000000
36556268077
36556271086
36564900000
36591960000
36591968077
36591971086
36591971114
36591983527
36595000000
36595008077
36595019163
36601638077
36601649163
36608268077
36608279163
36643960000
36643968077
36643979163
36643979191
36647000000
36647008077
36647019163
36653638077
36653649163
36660268077
36660279163
36695960000
36695968077
36695979163
36695979191
36725000000
36725008077
36725011086
36725023527
36731638077
36731641086
36738268077
36738271086
36773960000
36773968077
36773971086
36773971114
36773983527
36946000000
36946008077
36946019163
36952638077
36952649163
36959268077
36959279163
36994960000
36994968077
36994979163
36994979191
37011000000
37011008077
37011011086
37011023527
37017638077
37017641086
37024268077
37024271086
37059960000
37059968077
37059971086
37059971114
37059983527
37167000000
37167008077
37167011086
37167023527
37173638077
37173641086
37180268077
37180271086
37215960000
37215968077
37215971086
37215971114
37215983527
37271000000
37271008077
37271019163
37277638077
37277649163
37284268077
37284279163
37319960000
37319968077
37319979163
37319979191
37544000000
37552900000
38532000000
38540900000
39520000000
39528900000
40391000000
40508000000
40516900000
40781000000
40781008077
40781019163
40787638077
40787649163
40794268077
40794279163
40900340000
40900348077
40900359163
41041000000
41041008077
41041011086
41041023527
41047638077
41047641086
41054268077
41054271086
41202160000
41202168077
41202168105
41202171086
41202183527
41210000000
41210011086
41210012444
41210019163
41216641086
41216649163
41496000000
41502630000
41504900000
42215731086
42215732444
42215739163
42351380000
42351391086
42351392444
42351399163
42351399191
42367000000
42367008077
42367011086
42367023527
42373638077
42373641086
42380268077
42380271086
42415960000
42415968077
42415968105
42415971086
42415983527
42484000000
42492900000
42549000000
42549008077
42549019163
42555638077
42555649163
42562268077
42562279163
42639780000
42639788077
42639788105
42639799163
42639799191
42653000000
42653012444
42653013632
42653023527
42659642444
42666272444
42666273632
42694820000
42694832444
42694833632
42694843527
42731000000
42731008077
42731011086
42731023527
42737638077
42737641086
42744268077
42744271086
42796280000
42796288077
42796288105
42796291086
42796303527
42939000000
42939011086
42939012444
42939019163
42945641086
42945642444
42952271086
42952272444
43004000000
43004008077
43004019163
43017268077
43017279163
43078460000
43078468077
43078479163
43102200000
43102211086
43102211114
43102212444
43102219163
43134000000
43134008077
43134011086
43134023527
43140638077
43140641086
43147268077
43147271086
43182960000
43182968077
43182968105
43182971086
43182983527
43186000000
43186008077
43186011086
43186023527
43192638077
43192641086
43199268077
43199271086
43234960000
43234968077
43234968105
43234971086
43234983527
43368000000
43368011086
43368012444
43368019163
43374641086
43374642444
43374649163
43381271086
43381272444
43381279163
43467960000
43467971086
43467971114
43467972444
43467979163
43467979191
43472000000
43472008077
43472019163
43478638077
43478649163
43480900000
43485268077
43485279163
43546460000
43546468077
43546468105
43546479163
43546479191
43563000000
43563012444
43563013632
43563023527
43569642444
43576272444
43576273632
43675200000
43675212444
43675212472
43675213632
43675223527
43745000000
43745011086
43745012444
43745019163
43751641086
43751642444
43751649163
43758271086
43758272444
43758279163
43905140000
43905151086
43905151114
43905152444
43905152472
43905159163
43905159191
43914000000
43914008077
43914012444
43914013632
43914019163
43914023527
43920638077
43920642444
43927268077
43927272444
43927273632
43927279163
43988460000
43988468077
43988468105
43988479163
44021100000
44021112444
44021112472
44021113632
44021123527
44031000000
44031011086
44031012444
44031019163
44037641086
44037642444
44037649163
44044271086
44044272444
44044279163
44314560000
44314571086
44314571114
44314572444
44314572472
44314579163
44314579191
44343000000
44343008077
44343011086
44343023527
44349638077
44349641086
44356268077
44356271086
44391960000
44391968077
44391971086
44391971114
44391983527
44395000000
44395012444
44395013632
44395023527
44401642444
44408272444
44408273632
44434000000
44434008077
44434019163
44440638077
44447268077
44447279163
44460000000
44468900000
44533960000
44533968077
44533968105
44533979163
44643880000
44643892444
44643892472
44643893632
44643903527
44824000000
44824008077
44824019163
44830638077
44830649163
44837268077
44837279163
44872960000
44872968077
44872979163
44872979191
44915000000
44915011086
44915012444
44915013632
44915019163
44915023527
44921641086
44921649163
44928271086
44928272444
44928273632
44928279163
45040460000
45040472444
45040473632
45040483527
45153680000
45153691086
45153691114
45153692444
45153699163
45153699191
45162000000
45162008077
45162011086
45162023527
45168638077
45168641086
45175268077
45175271086
45214000000
45214012444
45214013632
45214023527
45227272444
45227273632
45276240000
45276248077
45276251086
45276251114
45276263527
45339460000
45339472444
45339473632
45339483527
45448000000
45456900000
45474000000
45474008077
45474019163
45480638077
45487268077
45500000000
45500011086
45500012444
45500019163
45506642444
45513271086
45513272444
45513279163
45613740000
45613748077
45613748105
45613759163
45656000000
45656008077
45656011086
45656023527
45662638077
45669268077
45669271086
45676460000
45676471086
45676472444
45676472472
45676479163
45708000000
45708011086
45708012444
45708019163
45714642444
45721271086
45721272444
45755960000
45755968077
45755968105
45755971086
45755983527
45851000000
45851008077
45851019163
45857638077
45864268077
45864279163
45884460000
45884471086
45884472444
45884472472
45884479163
45900359163
45929000000
45929011086
45929012444
45929019163
45935642444
45950960000
45950968077
45950968105
45950979163
45957590000
45957598077
46436000000
46444900000
46934731086
46934732444
46934739163
47091800000
47091811086
47091811114
47091812444
47091812472
47091819163
47138000000
47138011086
47138012444
47138019163
47144641086
47144642444
47144649163
47151271086
47151272444
47151279163
47274680000
47274691086
47274691114
47274692444
47274692472
47274699163
47281000000
47281012444
47281013632
47281023527
47287642444
47294272444
47294273632
47372000000
47372008077
47372019163
47378638077
47385268077
47385279163
47406460000
47406472444
47406472472
47406473632
47406483527
47424000000
47432900000
47471960000
47471968077
47471968105
47471979163
47515000000
47515008077
47515019163
47521638077
47521649163
47528268077
47528279163
47629240000
47629248077
47629248105
47629259163
47629259191
47723000000
47723008077
47723011086
47723023527
47729638077
47729641086
47736000000
47736012444
47736013632
47736023527
47736268077
47736271086
47749272444
47749273632
47822960000
47822968077
47822968105
47822971086
47822971114
47822983527
47835960000
47835972444
47835973632
47835983527
47957000000
47957008077
47957011086
47957023527
47963638077
47963641086
47970268077
47970271086
48056960000
48056968077
48056968105
48056971086
48056971114
48056983527
48061000000
48061011086
48061012444
48061019163
48067641086
48067642444
48067649163
48074271086
48074272444
48074279163
48135460000
48135471086
48135471114
48135472444
48135479163
48135479191
48191000000
48191008077
48191011086
48191023527
48197638077
48197641086
48204268077
48204271086
48265460000
48265468077
48265468105
48265471086
48265471114
48265483527
48295000000
48295012444
48295013632
48295023527
48301642444
48308272444
48308273632
48321000000
48321008077
48321011086
48321023527
48327638077
48334268077
48334271086
48343960000
48343972444
48343972472
48343973632
48343983527
48369960000
48369968077
48369968105
48369971086
48369983527
48386000000
48386008077
48386019163
48392638077
48392649163
48399268077
48399279163
48412000000
48420900000
48460460000
48460468077
48460468105
48460479163
48460479191
48633000000
48633011086
48633012444
48633019163
48639641086
48639642444
48639649163
48646271086
48646272444
48646279163
48681960000
48681971086
48681972444
48681979163
48681979191
48789000000
48789012444
48789013632
48789023527
48795642444
48802272444
48802273632
48837960000
48837972444
48837972472
48837973632
48837983527
48854000000
48854011086
48854012444
48854019163
48860641086
48860642444
48860649163
48867271086
48867272444
48867279163
48902960000
48902971086
48902972444
48902979163
48902979191
48971000000
48971012444
48971013632
48971023527
48977642444
48984272444
48984273632
49019960000
49019972444
49019972472
49019973632
49019983527
49075000000
49075011086
49075012444
49075019163
49081641086
49081642444
49081649163
49088271086
49088272444
49088279163
49123960000
49123971086
49123972444
49123979163
49123979191
49322000000
49322011086
49322012444
49322019163
49328641086
49328642444
49328649163
49335271086
49335272444
49335279163
49370960000
49370971086
49370972444
49370979163
49370979191
49400000000
49408900000
50388000000
50396900000
50900359163
50908000000
51233000000
51233011086
51233012444
51233019163
51239641086
51239642444
51376000000
51384900000
52238731086
52238732444
52268300000
52268311086
52268312444
52268319163
52364000000
52372900000
53352000000
53360900000
54340000000
54348900000
55328000000
55336900000
55913000000
56173000000
56173011086
56173012444
56173019163
56179641086
56179642444
56179649163
56186271086
56186272444
56186279163
56316000000
56324900000
56340280000
56340291086
56340292444
56340299163
56407000000
56407008077
56407019163
56413638077
56420000000
56420012444
56420013632
56420023527
56420268077
56426642444
56585500000
56585508077
56585519163
56719000000
56719008077
56719019163
56725638077
56732268077
56732279163
56767960000
56767968077
56767979163
56914000000
56914008077
56914011086
56914023527
56920638077
56927268077
56927271086
57092500000
57092508077
57092511086
57092523527
57122000000
57122008077
57122019163
57128638077
57135268077
57135279163
57170960000
57170968077
57170979163
57291000000
57291008077
57291011086
57291023527
57297638077
57304000000
57304268077
57304271086
57310630000
57312900000
57339960000
57339968077
57339971086
57339983527
57425732444
57425733632
57460000000
57460008077
57460011086
57460023527
57466638077
57473268077
57473271086
57508960000
57508968077
57508971086
57508983527
57525000000
57525008077
57525011086
57525023527
57531638077
57538268077
57538271086
57573960000
57573968077
57573971086
57573983527
57581780000
57581792444
57581792472
57581793632
57581803527
57629000000
57629008077
57629019163
57635638077
57635649163
57642268077
57642279163
57677960000
57677968077
57677979163
57677979191
57681000000
57681008077
57681011086
57681023527
57687638077
57687641086
57694268077
57694271086
57729960000
57729968077
57729971086
57729971114
57729983527
57733000000
57733008077
57733019163
57739638077
57739649163
57746268077
57746279163
57772000000
57772012444
57772013632
57772023527
57778643632
57781960000
57781968077
57781979163
57781979191
57785272444
57785273632
57820960000
57820972444
57820973632
57820983527
57863000000
57863012444
57863013632
57863023527
57869642444
57869643632
57876272444
57876273632
57911960000
57911972444
57911972472
57911973632
57911983527
57967000000
57967011086
57967012444
57967013632
57967015346
57967019163
57973641086
57973642444
57973649163
57980271086
57980272444
57980273632
57980275346
57980279163
58008820000
58008833632
58008835346
58032280000
58032291086
58032292444
58032292472
58032299163
58058000000
58058011086
58058012444
58058019163
58064641086
58064642444
58064649163
58071271086
58071272444
58071279163
58106960000
58106971086
58106972444
58106972472
58106979163
58292000000
58300900000
58396000000
58396011086
58396012444
58396019163
58402641086
58402642444
58402649163
58409271086
58409272444
58409279163
58444960000
58444971086
58444972444
58444972472
58444979163
58461000000
58461012444
58461013632
58461023527
58467642444
58467643632
58474272444
58474273632
58535460000
58535472444
58535472472
58535473632
58535483527
58591000000
58591012444
58591013632
58591023527
58597642444
58597643632
58604272444
58604273632
58665460000
58665472444
58665472472
58665473632
58665483527
58734000000
58734012444
58734013632
58734023527
58740642444
58740643632
58747272444
58747273632
58782960000
58782972444
58782972472
58782973632
58782983527
58838000000
58838011086
58838012444
58838019163
58844641086
58844642444
58844649163
58851271086
58851272444
58851279163
58886960000
58886971086
58886972444
58886972472
58886979163
58890000000
58890008077
58890019163
58896638077
58896649163
58903268077
58903279163
59011380000
59011388077
59011399163
59033000000
59033008077
59033011086
59033023527
59039638077
59039641086
59046268077
59046271086
59098000000
59098012444
59098013632
59098023527
59104643632
59111272444
59111273632
59146960000
59146972444
59146973632
59146983527
59154380000
59154388077
59154391086
59154403527
59280000000
59288900000
59358000000
59358012444
59358013632
59358023527
59364642444
59364643632
59371272444
59371273632
59406960000
59406972444
59406972472
59406973632
59406983527
59553000000
59553011086
59553012444
59553019163
59559641086
59559642444
59559649163
59566271086
59566272444
59566279163
59652960000
59652971086
59652971114
59652972444
59652972472
59652979163
59652979191
59735000000
59735011086
59735012444
59735019163
59741641086
59741642444
59741649163
59748271086
59748272444
59748279163
59809460000
59809471086
59809471114
59809472444
59809479163
59809479191
60203000000
60203011086
60203012444
60203019163
60209641086
60209642444
60209649163
60216271086
60216272444
60216279163
60268000000
60276900000
60277460000
60277471086
60277471114
60277472444
60277479163
60277479191
60593000000
60593011086
60593012444
60593019163
60599641086
60599642444
60599649163
60606271086
60606272444
60606279163
60667460000
60667471086
60667471114
60667472444
60667479163
60667479191
61009000000
61009011086
61009012444
61009019163
61015641086
61015642444
61015649163
61022271086
61022272444
61022279163
61083460000
61083471086
61083471114
61083472444
61083479163
61083479191
61256000000
61264900000
61340292444
61347000000
61555000000
61555012444
61555013632
61555023527
61561642444
61561643632
62244000000
62252900000
62560732444
62560733632
62590300000
62590312444
62590313632
62590323527
62829000000
62829013632
62829015346
62835643632
62842273632
62842275346
62870820000
62870833632
62870835346
62985000000
62985012444
62985013632
62985023527
62991642444
62991643632
62998272444
62998273632
63071700000
63071712444
63071713632
63071723527
63167000000
63167013632
63167015346
63173643632
63180273632
63180275346
63232000000
63240900000
63279200000
63279213632
63279213660
63279215346
63284000000
63284012444
63284013632
63284023527
63290642444
63290643632
63297272444
63297273632
63367640000
63367652444
63367653632
63367653660
63367663527
63583000000
63583012444
63583013632
63583023527
63589642444
63589643632
63596272444
63596273632
63631960000
63631972444
63631973632
63631973660
63631983527
63687000000
63687013632
63687015346
63693643632
63700273632
63700275346
63794100000
63794113632
63794113660
63794115346
63804000000
63804013632
63804015346
63810643632
63817273632
63817275346
63878460000
63878473632
63878473660
63878475346
64012000000
64012013632
64012015346
64018643632
64025273632
64025275346
64086460000
64086473632
64086473660
64086475346
64207000000
64207012444
64207013632
64207023527
64213642444
64213643632
64220000000
64220272444
64220273632
64228900000
64434460000
64434472444
64434473632
64434473660
64434483527
64519000000
64519013632
64519015346
64525643632
64532273632
64532275346
64688000000
64688011086
64688012444
64688019163
64694641086
64694649163
64701271086
64701272444
64701279163
64736960000
64736971086
64736972444
64736979163
64791340000
64791353632
64791353660
64791355346
64831000000
64831011086
64831012444
64831019163
64837641086
64837642444
64844271086
64844272444
64879960000
64879971086
64879972444
64879972472
64879979163
64883000000
64883012444
64883013632
64883023527
64889642444
64889643632
64896272444
64896273632
65070680000
65070692444
65070693632
65070693660
65070703527
65078000000
65078013632
65078015346
65084643632
65091273632
65091275346
65203460000
65203473632
65203473660
65203475346
65208000000
65216900000
65403000000
65403011086
65403012444
65403019163
65409641086
65409642444
65416271086
65416272444
65468000000
65468013632
65468015346
65481273632
65481275346
65517240000
65517251086
65517252444
65517252472
65517259163
65559000000
65559012444
65559013632
65559023527
65565642444
65567960000
65567973632
65567975346
65572272444
65572273632
65735460000
65735472444
65735472472
65735473632
65735483527
65741000000
65741008077
65741011086
65741023527
65747638077
65747641086
65754268077
65754271086
65832800000
65832808077
65832811086
65832811114
65832823527
65910000000
65910012444
65910013632
65910023527
65916642444
65916643632
65923272444
65923273632
65936000000
65936008077
65936011086
65936023527
65942638077
65949268077
65949271086
65984960000
65984968077
65984971086
65984983527
66027000000
66027008077
66027019163
66033638077
66040268077
66040279163
66060960000
66060972444
66060972472
66060973632
66060973660
66060983527
66118000000
66118013632
66118015346
66121860000
66121868077
66121868105
66121879163
66124643632
66131273632
66131275346
66196000000
66204900000
66217960000
66217973632
66217973660
66217975346
66222000000
66222011086
66222012444
66222019163
66228641086
66228642444
66228649163
66235271086
66235272444
66235279163
66321960000
66321971086
66321971114
66321972444
66321972472
66321979163
66339000000
66339008077
66339011086
66339023527
66340292444
66345638077
66345641086
66352268077
66352271086
66413460000
66413468077
66413468105
66413471086
66413471114
66413483527
66430000000
66430013632
66430015346
66436643632
66443273632
66443275346
66529960000
66529973632
66529973660
66529975346
66573000000
66573013632
66573015346
66579643632
66586273632
66586275346
66599000000
66599011086
66599012444
66599019163
66605641086
66605649163
66612271086
66612272444
66612279163
66621960000
66621973632
66621973660
66621975346
66638000000
66638012444
66638013632
66638023527
66644643632
66698960000
66698971086
66698971114
66698972444
66698979163
66705590000
66781000000
66781008077
66781019163
66787638077
66794268077
66829960000
66829968077
66829968105
66829979163
66859000000
66859008077
66859019163
66865638077
66872268077
66872279163
66907960000
66907968077
66907968105
66907979163
66950000000
66950008077
66950011086
66950023527
66956638077
66963268077
66963271086
67024460000
67024468077
67024468105
67024471086
67024483527
67080000000
67080008077
67080011086
67080023527
67086638077
67093268077
67093271086
67154460000
67154468077
67154468105
67154471086
67154483527
67158000000
67158008077
67158011086
67158023527
67164638077
67171268077
67171271086
67184000000
67192900000
67206960000
67206968077
67206968105
67206971086
67206983527
67353000000
67353008077
67353011086
67353023527
67359638077
67366268077
67366271086
67401960000
67401968077
67401968105
67401971086
67401983527
67470000000
67470008077
67470019163
67476638077
67483268077
67483279163
67518960000
67518968077
67518968105
67518979163
67643732444
67643733632
67800800000
67800812444
67800812472
67800813632
67800813660
67800823527
67808000000
67808011086
67808012444
67808019163
67814641086
67814642444
67814649163
67821271086
67821272444
67821279163
67922240000
67922251086
67922251114
67922252444
67922252472
67922259163
67951000000
67951012444
67951013632
67951023527
67957642444
67957643632
67964000000
67964008077
67964019163
67964272444
67964273632
67970638077
67977268077
67977279163
68050960000
68050972444
68050972472
68050973632
68050973660
68050983527
68081300000
68081308077
68081308105
68081319163
68172000000
68180900000
68263000000
68263012444
68263013632
68263023527
68269642444
68269643632
68276272444
68276273632
68311960000
68311972444
68311972472
68311973632
68311983527
68328000000
68328008077
68328019163
68334638077
68334649163
68341268077
68341279163
68422860000
68422868077
68422879163
68422879191
68445000000
68445011086
68445012444
68445019163
68451641086
68451642444
68451649163
68458271086
68458272444
68458279163
68544960000
68544971086
68544971114
68544972444
68544972472
68544979163
68544979191
68627000000
68627008077
68627011086
68627023527
68633638077
68633641086
68640268077
68640271086
68726960000
68726968077
68726968105
68726971086
68726971114
68726983527
68809000000
68809011086
68809012444
68809019163
68815641086
68815642444
68815649163
68822271086
68822272444
68822279163
68883460000
68883471086
68883471114
68883472444
68883479163
68883479191
68939000000
68939008077
68939011086
68939023527
68945638077
68945641086
68952268077
68952271086
69038960000
69038968077
69038968105
69038971086
69038971114
69038983527
69134000000
69134008077
69134019163
69140638077
69140649163
69147268077
69147279163
69160000000
69168900000
69182960000
69182968077
69182979163
69182979191
69251000000
69251008077
69251011086
69251023527
69257638077
69257641086
69264268077
69264271086
69350960000
69350968077
69350968105
69350971086
69350971114
69350983527
69355000000
69355011086
69355012444
69355019163
69361641086
69361642444
69361649163
69368271086
69368272444
69368279163
69403960000
69403971086
69403972444
69403979163
69403979191
69485000000
69485008077
69485019163
69491638077
69498268077
69533960000
69533968077
69533979163
69537000000
69537011086
69537012444
69537019163
69543641086
69543642444
69543649163
69550271086
69550272444
69550279163
69585960000
69585971086
69585972444
69585979163
69585979191
69654000000
69654011086
69654012444
69654019163
69660641086
69660642444
69660649163
69667271086
69667272444
69667279163
69702960000
69702971086
69702972444
69702979163
69702979191
69745000000
69745008077
69745019163
69751638077
69751649163
69758268077
69758279163
69793960000
69793968077
69793979163
69793979191
69823000000
69823008077
69823011086
69823023527
69829638077
69829641086
69836268077
69836271086
69922960000
69922968077
69922968105
69922971086
69922971114
69922983527
69966000000
70148000000
70156900000
70187000000
70187008077
70187011086
70187023527
70193638077
70193641086
70200268077
70200271086
70286960000
70286968077
70286968105
70286971086
70286971114
70286983527
70343000000
70343008077
70343019163
70349638077
70356268077
70409300000
70409308077
70409319163
70707000000
70707008077
70707011086
70707023527
70713638077
70713641086
70720268077
70720271086
70755960000
70755968077
70755968105
70755971086
70755983527
70980000000
70980008077
70980011086
70980023527
70986638077
70986641086
70993268077
70993271086
71028960000
71028968077
71028968105
71028971086
71028983527
71032000000
71032008077
71032011086
71032023527
71038638077
71038641086
71045268077
71045271086
71080960000
71080968077
71080968105
71080971086
71080983527
71136000000
71144900000
71344000000
71422000000
71422008077
71422011086
71422023527
71428638077
71428641086
71435268077
71435271086
71470960000
71470968077
71470968105
71470971086
71470983527
71513000000
71513008077
71513011086
71513023527
71519638077
71519641086
71526268077
71526271086
71561960000
71561968077
71561968105
71561971086
71561983527
71708000000
71708012444
71708013632
71708023527
71714642444
71714643632
71721272444
71721273632
71827340000
71827352444
71827353632
71827363527
71942000000
71942011086
71942012444
71942019163
71948641086
71948642444
71948649163
71955271086
71955272444
71955279163
72124000000
72132900000
72134780000
72134791086
72134792444
72134792472
72134799163
72137000000
72202000000
72202013632
72202015346
72208643632
72345000000
72345011086
72345012444
72345019163
72351641086
72351649163
72358271086
72358272444
72358279163
72393960000
72393971086
72393972444
72393979163
72566000000
72566008077
72566011086
72566023527
72572638077
72572641086
73112000000
73118630000
73120900000
73207733632
73207735346
73387240000
73387253632
73387253660
73387255346
73463000000
73463012444
73463013632
73463023527
73469643632
73476272444
73476273632
73571728077
73571731086
73601300000
73601308077
73601311086
73601323527
73610900000
73610912444
73610913632
73610913660
73610923527
73619000000
73619011086
73619012444
73619019163
73625641086
73625642444
73625649163
73632271086
73632272444
73632279163
73645000000
73645013632
73645015346
73651645346
73658273632
73658275346
73667960000
73667971086
73667972444
73667972472
73667979163
73736000000
73736008077
73736019163
73742638077
73742649163
73749000000
73749012444
73749013632
73749023527
73749268077
73749279163
73762272444
73762273632
73808200000
73808213632
73808215346
73818620000
73818628077
73818639163
73823460000
73823472444
73823473632
73823483527
73879000000
73879008077
73879011086
73879023527
73885638077
73885641086
73892268077
73892271086
73905000000
73905012442
73905015346
73911645346
73918272442
73918275346
73946820000
73946832442
73946835346
73953460000
73953468077
73953468105
73953471086
73953483527
74035000000
74035013632
74035015346
74041643632
74041645346
74048273632
74048275346
74100000000
74108900000
74139000000
74139011086
74139012444
74139019163
74145641086
74145649163
74152271086
74152272444
74152279163
74198200000
74198213632
74198213660
74198215346
74230000000
74230012442
74230015346
74236645346
74243272442
74243275346
74269000000
74269012444
74269013632
74269023527
74282272444
74282273632
74341980000
74341991086
74341992444
74341999163
74341999191
74342200000
74342212442
74342215346
74342215374
74343460000
74343472444
74343473632
74343483527
74373000000
74373008077
74373011086
74373023527
74379638077
74379641086
74386268077
74386271086
74399000000
74399012444
74399013632
74399023527
74405643632
74412272444
74412273632
74472960000
74472968077
74472968105
74472971086
74472971114
74472983527
74473460000
74473472444
74473473632
74473473660
74473483527
74490000000
74490013632
74490015346
74496643632
74496645346
74503273632
74503275346
74581000000
74581011086
74581012444
74581019163
74587641086
74587649163
74594271086
74594272444
74594279163
74650140000
74650153632
74650153660
74650155346
74650155374
74655460000
74655471086
74655472444
74655479163
74655479191
74698000000
74698012442
74698015346
74704645346
74711272442
74711275346
74802000000
74802012444
74802013632
74802023527
74805100000
74805112442
74805115346
74805115374
74808642444
74811745346
74815000000
74815008077
74815011086
74815023527
74815272444
74815273632
74821638077
74828268077
74828271086
74876460000
74876472444
74876472472
74876473632
74876473660
74876483527
74893000000
74893011086
74893012444
74893019163
74899642444
74906271086
74906272444
74906279163
74914960000
74914968077
74914968105
74914971086
74914983527
74941960000
74941971086
74941972444
74941979163
74984000000
74984013632
74984015346
74990643632
74990645346
74997000000
74997011086
74997012444
74997019163
74997273632
74997275346
75003641086
75003649163
75010271086
75010272444
75010279163
75045960000
75045971086
75045972444
75045979163
75045979191
75075000000
75075008077
75075011086
75075023527
75081638077
75081641086
75088000000
75088268077
75088271086
75096900000
75160460000
75160473632
75160473660
75160475346
75160475374
75174960000
75174968077
75174968105
75174971086
75174971114
75174983527
75179000000
75179012442
75179015346
75185645346
75192272442
75192275346
75332000000
75332012442
75332015346
75332015374
75361000000
75361013632
75361015346
75367643632
75367645346
75374273632
75374275346
75491000000
75491011086
75491012444
75491019163
75497641086
75497649163
75504271086
75504272444
75504279163
75539960000
75539971086
75539972444
75539979163
75539979191
75562960000
75562973632
75562973660
75562975346
75562975374
75608000000
75608008077
75608011086
75608023527
75614638077
75614641086
75621268077
75621271086
75660000000
75660012442
75660015346
75666645346
75673272442
75673275346
75707960000
75707968077
75707968105
75707971086
75707971114
75707983527
75734460000
75734472442
75734475346
75734475374
75894000000
75894013632
75894015346
75900643632
75900645346
75907273632
75907275346
76037000000
76037008077
76037011086
76037023527
76043638077
76043641086
76050268077
76050271086
76076000000
76084900000
76085960000
76085968077
76085971086
76085971114
76085983527
76169400000
76169413632
76169415346
76169415374
76219000000
76219012444
76219013632
76219023527
76225642444
76225643632
76232272444
76232273632
76299580000
76299592444
76299593632
76299603527
76362000000
76362012442
76362015346
76368645346
76375272442
76375275346
76401000000
76401011086
76401012444
76401019163
76407641086
76407642444
76407649163
76414271086
76414272444
76414279163
76449960000
76449971086
76449972444
76449972472
76449979163
76583340000
76583352442
76583355346
76583355374
76713000000
76713013632
76713015346
76719643632
76719645346
76726273632
76726275346
76739000000
76739011086
76739012444
76739019163
76745641086
76745649163
76752271086
76752272444
76752279163
76787960000
76787971086
76787972444
76787979163
76827353632
76973000000
76973011086
76973012444
76973019163
76978200000
76978213632
76978213660
76978215346
76978215374
76979641086
76979649163
76984843632
76986271086
76986272444
76986279163
77012000000
77012012442
77012015346
77018645346
77021960000
77021971086
77021972444
77021972472
77021979163
77025272442
77025275346
77064000000
77072900000
77134791086
77137460000
77137472442
77137475346
77137475374
77142000000
77194000000
77194011086
77194012444
77194019163
77200641086
77200642444
77207271086
77207272444
77242960000
77242971086
77242972444
77242972472
77242979163
77246000000
77246012442
77246015346
77252645346
77259272442
77259275346
77285000000
77285011086
77285012444
77285019163
77291641086
77291642444
77291649163
77298271086
77298272444
77298279163
77333960000
77333971086
77333972444
77333972472
77333979163
77337000000
77337012444
77337013632
77337023527
77343642444
77345960000
77345972442
77345975346
77345975374
77350272444
77350273632
77376000000
77376012442
77376015346
77382645346
77389272442
77389275346
77451240000
77451252444
77451253632
77451263527
77475960000
77475972442
77475975346
77475975374
77532000000
77532012442
77532015346
77538645346
77545272442
77545275346
77558000000
77558012444
77558013632
77558023527
77564642444
77571272444
77571273632
77610000000
77610008077
77610011086
77610023527
77616638077
77631960000
77631972442
77631975346
77631975374
77632460000
77632472444
77632473632
77632483527
77639102444
77727000000
77727013632
77727015346
77733643632
77733645346
78052000000
78060900000
78615728077
78615731086
78645300000
78645308077
78645311086
78645323527
78732733632
78732735346
78767000000
78767011086
78767012444
78767019163
78773641086
78773649163
78780271086
78780272444
78780279163
78858800000
78858811086
78858812444
78858819163
78962000000
78962008077
78962011086
78962023527
78968638077
78968641086
78975268077
78975271086
78978540000
78978553632
78978553660
78978555346
78978555374
78988000000
78988013632
78988015346
78994643632
78994645346
79001273632
79001275346
79040000000
79048900000
79056860000
79056868077
79056871086
79056871114
79056883527
79066000000
79066011086
79066012444
79066019163
79072641086
79072649163
79079271086
79079272444
79079279163
79140460000
79140471086
79140471114
79140472444
79140479163
79176700000
79176713632
79176713660
79176715346
79176715374
79183000000
79183012442
79183015346
79189645346
79196272442
79196275346
79209000000
79209012444
79209013632
79209023527
79215642444
79222272444
79222273632
79257460000
79257472442
79257475346
79257475374
79308960000
79308972444
79308973632
79308983527
79339000000
79339008077
79339019163
79345638077
79345649163
79352268077
79352279163
79456000000
79456013632
79456015346
79459360000
79459368077
79459368105
79459379163
79459379191
79462643632
79462645346
79469273632
79469275346
79530460000
79530473632
79530473660
79530475346
79530475374
79534000000
79534008077
79534019163
79540638077
79540649163
79547268077
79547279163
79573000000
79573012444
79573013632
79573023527
79579643632
79586272444
79586273632
79608460000
79608468077
79608468105
79608479163
79608479191
79625000000
79625008077
79625019163
79631638077
79631649163
79638268077
79638279163
79699460000
79699468077
79699468105
79699479163
79699479191
79703000000
79703008077
79703019163
79709638077
79712740000
79712752444
79712753632
79712753660
79712763527
79716268077
79742000000
79742011086
79742012444
79742019163
79748642444
79755271086
79755272444
79777460000
79777468077
79777468105
79777479163
79841960000
79841971086
79841972444
79841972472
79841979163
79846000000
79846008077
79846011086
79846023527
79852638077
79852641086
79859268077
79859271086
79911000000
79911012444
79911013632
79911023527
79917643632
79920460000
79920468077
79920468105
79920471086
79920471114
79920483527
79924272444
79924273632
79950000000
79950011086
79950012444
79950019163
79956641086
79956649163
79963271086
79963272444
79963279163
80010960000
80010972444
80010973632
80010973660
80010983527
80028000000
80036900000
80049960000
80049971086
80049971114
80049972444
80049979163
80049979191
80067000000
80067011086
80067012444
80067019163
80073641086
80073642444
80073649163
80080271086
80080272444
80080279163
80158000000
80158013632
80158015346
80164645346
80166960000
80166971086
80166971114
80166972444
80166972472
80166979163
80166979191
80171273632
80171275346
80184000000
80184012444
80184013632
80184023527
80190642444
80197272444
80197273632
80232960000
80232972444
80232973632
80232983527
80249000000
80249008077
80249019163
80255638077
80255649163
80257960000
80257973632
80257975346
80257975374
80262268077
80262279163
80301000000
80301012444
80301013632
80301023527
80307643632
80314272444
80314273632
80323460000
80323468077
80323468105
80323479163
80323479191
80340000000
80340011086
80340012444
80340019163
80346641086
80346649163
80349960000
80349972444
80349973632
80349973660
80349983527
80353271086
80353272444
80353279163
80414460000
80414471086
80414471114
80414472444
80414479163
80414479191
80600000000
80600008077
80600011086
80600023527
80606638077
80606641086
80613268077
80613271086
80674460000
80674468077
80674468105
80674471086
80674471114
80674483527
80704000000
80704013632
80704015346
80710643632
80710645346
80717273632
80717275346
80752960000
80752973632
80752973660
80752975346
80834000000
80834011086
80834012444
80834019163
80840641086
80840642444
80840649163
80847271086
80847272444
80847279163
80925800000
80925811086
80925812444
80925819163
80925819191
81003000000
81003008077
81003011086
81003023527
81009638077
81009641086
81016000000
81016013632
81016015346
81016268077
81016271086
81022643632
81022645346
81024900000
81029273632
81029275346
81064960000
81064973632
81064973660
81064975346
81077460000
81077468077
81077468105
81077471086
81077471114
81077483527
81120000000
81120008077
81120019163
81126638077
81126649163
81133268077
81133279163
81168960000
81168968077
81168979163
81168979191
81172000000
81172012444
81172013632
81172023527
81178642444
81178643632
81185272444
81185273632
81220960000
81220972444
81220972472
81220973632
81220983527
81237000000
81237013632
81237015346
81243643632
81243645346
81250273632
81250275346
81285960000
81285973632
81285973660
81285975346
81315000000
81315008077
81315011086
81315023527
81321638077
81321641086
81328268077
81328271086
81389460000
81389468077
81389468105
81389471086
81389471114
81389483527
81549000000
81549013632
81549015346
81555643632
81555645346
81562000000
81562008077
81562011086
81562023527
81562273632
81562275346
81568638077
81568641086
81575268077
81575271086
81597960000
81597973632
81597973660
81597975346
81610960000
81610968077
81610968105
81610971086
81610983527
81679000000
81679008077
81679019163
81685638077
81685649163
81692268077
81692279163
81705000000
81705012444
81705013632
81705023527
81711643632
81718272444
81718273632
81727960000
81727968077
81727979163
81727979191
81753960000
81753972444
81753973632
81753983527
81822000000
81822008077
81822019163
81827353632
81828638077
81828649163
81835000000
81835268077
81835279163
81870960000
81870968077
81870979163
81870979191
81978000000
81978008077
81978019163
81984638077
81984649163
81991268077
81991279163
82004000000
82012900000
82026960000
82026968077
82026979163
82026979191
82030000000
82030008077
82030019163
82036638077
82036649163
82043268077
82043279163
82056000000
82056012444
82056013632
82056023527
82062643632
82069272444
82069273632
82078960000
82078968077
82078979163
82078979191
82104960000
82104972444
82104973632
82104983527
82134791086
82147000000
82147013632
82147015346
82153643632
82153645346
82472000000
82472008077
82472011086
82472023527
82478638077
82478641086
82992000000
83000900000
83152733632
83152735346
83182300000
83182313632
83182315346
83200000000
83200012444
83200013632
83200023527
83206643632
83213272444
83213273632
83248960000
83248972444
83248973632
83248983527
83477728077
83477731086
83507300000
83507308077
83507311086
83507323527
83590000000
83590012444
83590013632
83590023527
83596642444
83596643632
83603272444
83603273632
83638960000
83638972444
83638972472
83638973632
83638983527
83980000000
83988900000
84968000000
84976900000
85956000000
85964900000
86840000000
86944000000
86952900000
86983000000
86983013632
86983015346
86989643632
86989645346
86996273632
86996275346
87102340000
87102353632
87102355346
87139000000
87373000000
87373012444
87373013632
87373023527
87379642444
87379643632
87386272444
87386273632
87503000000
87503012442
87503015346
87529000000
87529008077
87529011086
87529023527
87535638077
87542268077
87542271086
87586180000
87586192444
87586193632
87586193660
87586203527
87592823632
87648340000
87648348077
87648351086
87648363527
87776000000
87776008077
87776012444
87776013632
87776019163
87776023527
87782638077
87782642444
87789268077
87789272444
87789273632
87789279163
87824960000
87824972444
87824973632
87824983527
87893000000
87893012444
87893013632
87893023527
87899642444
87906272444
87906273632
87932000000
87938630000
87941960000
87941972444
87941973632
87941983527
87966740000
87966748077
87966748105
87966759163
88062000000
88062008077
88062019163
88068638077
88075268077
88110960000
88110968077
88110968105
88110979163
88179000000
88179008077
88179011086
88179023527
88185638077
88185641086
88192268077
88192271086
88205000000
88205012444
88205013632
88205023527
88218272444
88218273632
88227960000
88227968077
88227968105
88227971086
88227983527
88253960000
88253972444
88253973632
88253983527
88508732442
88508735346
88543000000
88543008077
88543019163
88549638077
88549649163
88556268077
88556279163
88582000000
88582012444
88582013632
88582023527
88591960000
88591968077
88591968105
88591979163
88595272444
88595273632
88630960000
88630972444
88630973632
88630983527
88647000000
88647008077
88647011086
88647023527
88653638077
88653641086
88660268077
88660271086
88695960000
88695968077
88695968105
88695971086
88695983527
88714760000
88714772442
88714775346
88714775374
88764000000
88764012442
88770642442
88777000000
88777013632
88777015346
88777272442
88783643632
88790273632
88790275346
88805820000
88805832442
88816000000
88816012442
88816015346
88822642442
88829000000
88829008077
88829019163
88829272442
88829275346
88835638077
88835649163
88842268077
88842279163
88877960000
88877968077
88877968105
88877979163
88920000000
88928200000
88928212442
88928215346
88933000000
88933008077
88933011086
88933012442
88933015346
88933023527
88939638077
88939641086
88939642442
88946268077
88946271086
88946272442
88946275346
88948360000
88948373632
88948373660
88948375346
88972000000
88972012444
88972013632
88972023527
88978643632
88981960000
88981968077
88981968105
88981971086
88981972442
88981975346
88981983527
88985000000
88985012442
88985015346
88985272444
88985273632
88991642442
88998272442
88998275346
89011000000
89011008077
89011011086
89011023527
89017638077
89017641086
89020960000
89020972444
89020973632
89020973660
89020983527
89024268077
89024271086
89033960000
89033972442
89033975346
89059960000
89059968077
89059968105
89059971086
89059983527
89102000000
89102012442
89108642442
89115272442
89141000000
89141013632
89141015346
89147643632
89154273632
89154275346
89193000000
89193008077
89193019163
89199638077
89199649163
89206268077
89206279163
89214200000
89214212442
89214212470
89215460000
89215473632
89215473660
89215475346
89232000000
89232013632
89232015346
89238643632
89238645346
89241960000
89241968077
89241968105
89241979163
89245273632
89245275346
89306460000
89306473632
89306473660
89306475346
89306475374
89310000000
89310012442
89316642442
89323272442
89358960000
89358972442
89358972470
89362000000
89362012442
89368642442
89375272442
89410960000
89410972442
89410972470
89427000000
89427008077
89427011086
89427023527
89433638077
89433641086
89440268077
89440271086
89466000000
89466012444
89466013632
89466023527
89472643632
89475960000
89475968077
89475968105
89475971086
89475983527
89479272444
89479273632
89514960000
89514972444
89514973632
89514973660
89514983527
89531000000
89596000000
89596012442
89596015346
89602642442
89602645346
89609272442
89609275346
89705140000
89705152442
89705152470
89705155346
89705155374
89778000000
89778008077
89778011086
89778023527
89784638077
89784641086
89791268077
89791271086
89817780000
89817788077
89817791086
89817803527
89830000000
89830013632
89830015346
89836643632
89836645346
89843000000
89843012442
89843273632
89843275346
89856272442
89882000000
89882011086
89882012444
89882019163
89888641086
89888649163
89895271086
89895272444
89895279163
89904460000
89904473632
89904473660
89904475346
89904475374
89908000000
89950100000
89950112442
89973000000
89973012444
89973013632
89973023527
89979643632
89986272444
89986273632
90021960000
90021972444
90021973632
90021973660
90021983527
90063560000
90063571086
90063571114
90063572444
90063579163
90116000000
90116008077
90116011086
90116023527
90122638077
90122641086
90129268077
90129271086
90168000000
90168012442
90168015346
90174642442
90174645346
90181272442
90181275346
90194000000
90194012444
90194013632
90194023527
90207272444
90207273632
90216960000
90216972442
90216972470
90216975346
90242960000
90242972444
90242973632
90242983527
90248600000
90248608077
90248611086
90248611114
90248623527
90272000000
90272012442
90272015346
90278642442
90278645346
90285272442
90285275346
90320960000
90320972442
90320972470
90320975346
90324000000
90324012442
90324012444
90324013632
90324015346
90324023527
90330642442
90330642444
90330643632
90337272442
90337272444
90337273632
90337275346
90372960000
90372972442
90372972444
90372972470
90372973632
90372973660
90372975346
90372983527
90389000000
90389011086
90389012444
90389019163
90395641086
90395642444
90402271086
90402272444
90454000000
90454013632
90454015346
90460645346
90463460000
90463471086
90463471114
90463472444
90463479163
90467273632
90467275346
90480000000
90480012442
90493000000
90493008077
90493011086
90493023527
90493272442
90499638077
90499641086
90506268077
90506271086
90528460000
90528473632
90528475346
90528475374
90541960000
90541968077
90541971086
90541971114
90541983527
90554460000
90554472442
90558000000
90558011086
90558012444
90558019163
90564641086
90564642444
90564649163
90571271086
90571272444
90571279163
90632460000
90632471086
90632471114
90632472444
90632479163
90662000000
90662011086
90662012444
90662019163
90668641086
90668642444
90668649163
90675271086
90675272444
90675279163
90736460000
90736471086
90736471114
90736472444
90736479163
90753000000
90753012442
90753015346
90759642442
90759645346
90766272442
90766275346
90801960000
90801972442
90801972470
90801975346
90831000000
90831008077
90831019163
90837638077
90837649163
90844268077
90844279163
90879960000
90879968077
90879968105
90879979163
90896000000
90922000000
90922012442
90928642442
90935272442
90970960000
90970972442
90970972470
90974000000
91039000000
91039008077
91039011086
91039023527
91045638077
91045641086
91052000000
91052012442
91052015346
91052268077
91052271086
91058642442
91058645346
91065272442
91065275346
91087960000
91087968077
91087971086
91087971114
91087983527
91104000000
91104011086
91104012444
91104019163
91110641086
91110642444
91110649163
91117271086
91117272444
91117279163
91178460000
91178471086
91178471114
91178472444
91178479163
91182000000
91182011086
91182012444
91182019163
91188641086
91188642444
91188649163
91195271086
91195272444
91195279163
91226420000
91226432442
91226435346
91230960000
91230971086
91230971114
91230972444
91230979163
91325000000
91325013632
91325015346
91331643632
91331645346
91338000000
91338012442
91338273632
91338275346
91351272442
91412460000
91412472442
91416000000
91416008077
91416019163
91422638077
91422649163
91429268077
91429279163
91445360000
91445373632
91445375346
91464960000
91464968077
91464968105
91464979163
91494000000
91494012442
91494015346
91500642442
91500645346
91507000000
91507008077
91507019163
91507272442
91507275346
91513638077
91513649163
91520268077
91520279163
91555960000
91555968077
91555968105
91555979163
91559000000
91559012444
91559013632
91559023527
91565642444
91572272444
91572273632
91598000000
91598008077
91598011086
91598023527
91604638077
91607960000
91607972444
91607973632
91607983527
91611268077
91611271086
91646960000
91646968077
91646971086
91646983527
91658220000
91658232442
91658235346
91658235374
91676000000
91676012442
91676015346
91682642442
91682645346
91689272442
91689275346
91728000000
91728012444
91728013632
91728023527
91734642444
91741000000
91741008077
91741011086
91741023527
91741272444
91741273632
91747638077
91750460000
91750472442
91750475346
91750475374
91754268077
91754271086
91776960000
91776972444
91776973632
91776983527
91780000000
91780012442
91786642442
91789960000
91789968077
91789971086
91789983527
91793272442
91879960000
91879972442
91879972470
91884000000
91962000000
91962012442
91962012444
91962013632
91962023527
91968642442
91968642444
91968643632
91975272442
91975272444
91975273632
92010960000
92010972444
92010973632
92010973660
92010983527
92027000000
92027008077
92027019163
92033638077
92033649163
92040268077
92040279163
92053000000
92053013632
92053015346
92059643632
92066273632
92066275346
92069100000
92069112442
92069112470
92075960000
92075968077
92075968105
92075979163
92101960000
92101973632
92101975346
92102355346
92274000000
92274012444
92274013632
92274023527
92280642444
92280643632
92287000000
92287012442
92287015346
92287272444
92287273632
92293642442
92322960000
92322972444
92322973632
92322973660
92322983527
92329603632
92365000000
92365008077
92365019163
92371638077
92371649163
92378268077
92378279163
92413960000
92413968077
92413968105
92413979163
92573000000
92573012444
92573013632
92573023527
92579642444
92586272444
92586273632
92621960000
92621972444
92621973632
92621983527
92872000000
93292732442
93292735346
93450820000
93450832442
93450832470
93450835346
93450835374
93483000000
93483013632
93483015346
93489643632
93489645346
93496273632
93496275346
93557460000
93557473632
93557475346
93557475374
93561000000
93561012442
93567642442
93574272442
93749700000
93749712442
93749712470
93860000000
93899000000
93899013632
93899015346
93905643632
93905645346
93912273632
93912275346
93973460000
93973473632
93973475346
93973475374
94042000000
94042012442
94042015346
94048642442
94048645346
94055272442
94055275346
94308220000
94308232442
94308232470
94308235346
94308235374
94328000000
94328012442
94334642442
94341272442
94427960000
94427972442
94427972470
94458000000
94458013632
94458015346
94464643632
94464645346
94471273632
94471275346
94532460000
94532473632
94532475346
94532475374
94718000000
94718012442
94724642442
94731272442
94792460000
94792472442
94792472470
94835000000
94835012442
94835015346
94841642442
94841645346
94848000000
94848272442
94848275346
95048180000
95048192442
95048192470
95048195346
95048195374
95108000000
95108013632
95108015346
95114643632
95114645346
95121273632
95121275346
95247740000
95247753632
95247755346
95247755374
95303000000
95303012442
95309642442
95316000000
95316013632
95316015346
95316272442
95322643632
95329273632
95329275346
95377460000
95377472442
95377472470
95390460000
95390473632
95390475346
95589000000
95589012444
95589013632
95589023527
95595642444
95595643632
95602272444
95602273632
95641000000
95641012442
95641015346
95647642442
95654272442
95654275346
95680800000
95680812444
95680813632
95680813660
95680823527
95791960000
95791972442
95791972470
95791975346
95810000000
95810013632
95810015346
95816643632
95816645346
95823273632
95823275346
95836000000
95849000000
95849012442
95862272442
95884460000
95884473632
95884473660
95884475346
95884475374
95923460000
95923472442
95927000000
95927012442
95927015346
95933642442
95933645346
95940272442
95940275346
95966000000
95966012444
95966013632
95966023527
95972642444
95979272444
95979273632
96014960000
96014972444
96014973632
96014983527
96077960000
96077972442
96077972470
96077975346
96077975374
96122000000
96122012444
96122013632
96122023527
96128642444
96128643632
96135272444
96135273632
96170960000
96170972444
96170973632
96170973660
96170983527
96174000000
96174011086
96174012444
96174019163
96180641086
96180642444
96180649163
96187271086
96187272444
96187279163
96268860000
96268871086
96268872444
96268872472
96268879163
96291000000
96291008077
96291011086
96291012442
96291023527
96297638077
96297641086
96297642442
96304268077
96304271086
96304272442
96339960000
96339972442
96339972470
96369000000
96369012442
96369015346
96375642442
96375645346
96382272442
96382275346
96388920000
96388928077
96388931086
96388931114
96388943527
96468960000
96468972442
96468972470
96468975346
96468975374
96486000000
96486012444
96486013632
96486023527
96492642444
96492643632
96499272444
96499273632
96560460000
96560472444
96560472472
96560473632
96560473660
96560483527
96590000000
96590012442
96590013632
96590015346
96596642442
96596643632
96603272442
96603273632
96603275346
96638960000
96638972442
96638972470
96642000000
96642008077
96642011086
96642023527
96648638077
96648641086
96655268077
96655271086
96664460000
96664473632
96664473660
96664475346
96668000000
96668012442
96668015346
96674642442
96674645346
96681000000
96681012444
96681013632
96681023527
96681272442
96681275346
96690960000
96690968077
96690971086
96690971114
96690983527
96694272444
96694273632
96707000000
96707008077
96707019163
96713638077
96713649163
96716960000
96716972442
96716975346
96716975374
96720268077
96720279163
96733000000
96733013632
96733015346
96739645346
96746273632
96746275346
96755460000
96755472444
96755473632
96755483527
96807460000
96807473632
96807475346
96807475374
96824000000
96830420000
96830428077
96830428105
96830439163
96830439191
96850000000
96850012442
96856642442
96863000000
96863008077
96863019163
96863272442
96869638077
96869649163
96876268077
96876279163
96898960000
96898972442
96898972470
96937460000
96937468077
96937468105
96937479163
96937479191
96980000000
96980013632
96980015346
96986643632
96986645346
96993273632
96993275346
97028960000
97028973632
97028973660
97028975346
97032000000
97032012442
97032013632
97032015346
97038642442
97038643632
97045272442
97045273632
97045275346
97058000000
97058011086
97058012444
97058019163
97064641086
97064649163
97071271086
97071272444
97071279163
97080960000
97080972442
97080973632
97080973660
97080975346
97084000000
97084012444
97084013632
97084023527
97090643632
97097272444
97097273632
97102355346
97110000000
97132960000
97132972444
97132973632
97132983527
97157960000
97157971086
97157971114
97157972444
97157979163
97157979191
97318000000
97318008077
97318011086
97318012444
97318013632
97318023527
97324638077
97324641086
97324643632
97331268077
97331271086
97331272444
97331273632
97366960000
97366972444
97366973632
97366983527
97383000000
97383012442
97383015346
97389642442
97389645346
97392460000
97392468077
97392468105
97392471086
97392471114
97392483527
97422000000
97422008077
97422011086
97422023527
97428638077
97428641086
97435268077
97435271086
97496460000
97496468077
97496468105
97496471086
97496471114
97496483527
97526000000
97526012444
97526013632
97526023527
97532642444
97539272444
97539273632
97565000000
97565008077
97565019163
97571638077
97574960000
97574972444
97574972472
97574973632
97574983527
97578268077
97578279163
97630000000
97630011086
97630012444
97630019163
97636642444
97639460000
97639468077
97639468105
97639479163
97643271086
97643272444
97643279163
97729960000
97729971086
97729972444
97729972472
97729979163
97812000000
97903000000
97903008077
97903019163
97909638077
97909649163
97916268077
97916279163
97977460000
97977468077
97977468105
97977479163
97977479191
97981000000
97981008077
97981011086
97981023527
97987638077
97987641086
97994268077
97994271086
98055460000
98055468077
98055468105
98055471086
98055471114
98055483527
98228000000
98228008077
98228019163
98234638077
98234649163
98241268077
98241279163
98302460000
98302468077
98302468105
98302479163
98302479191
98306000000
98306011086
98306012444
98306019163
98312641086
98312642444
98312649163
98319271086
98319272444
98319279163
98388732442
98388735346
98405960000
98405971086
98405971114
98405972444
98405972472
98405979163
98405979191
98418300000
98418312442
98418315346
98423000000
98423008077
98423011086
98423023527
98429638077
98429641086
98436268077
98436271086
98471960000
98471968077
98471968105
98471971086
98471983527
98618000000
98618011086
98618012444
98618019163
98624641086
98624642444
98624649163
98631271086
98631272444
98631279163
98717960000
98717971086
98717971114
98717972444
98717972472
98717979163
98717979191
98800000000
98852000000
98852008077
98852011086
98852023527
98858638077
98858641086
98865268077
98865271086
98900960000
98900968077
98900968105
98900971086
98900983527
99112000000
99112011086
99112012444
99112019163
99118641086
99118642444
99118649163
99125271086
99125272444
99125279163
99186460000
99186471086
99186471114
99186472444
99186479163
99186479191
99788000000
100776000000
101764000000
102115000000
102245000000
102245012442
102245015346
102251642442
102251645346
102258272442
102258275346
102364340000
102364352442
102364355346
102427000000
102427013632
102427015346
102433643632
102433645346
102440273632
102440275346
102531000000
102531012442
102663640000
102663653632
102663655346
102663655374
102670285346
102752000000
102921000000
102921013632
102921015346
102927643632
102934273632
102934275346
102969960000
102969973632
102969975346
103246000000
103246013632
103246015346
103252643632
103259273632
103259275346
103294960000
103294973632
103294975346
103389000000
103389013632
103389015346
103395643632
103402273632
103402275346
103437960000
103437973632
103437975346
103536732442
103658100000
103658112442
103658112470
103701000000
103701013632
103701015346
103707643632
103707645346
103714273632
103714275346
103740000000
103749960000
103749973632
103749975346
103749975374
103844000000
103844012442
103850642442
103857272442
103892960000
103892972442
103892972470
103922000000
103922012442
103922015346
103928642442
103928645346
103935272442
103935275346
104119880000
104119892442
104119892470
104119895346
104119895374
104416000000
104416012442
104422642442
104429272442
104507000000
104507013632
104507015346
104513643632
104520273632
104520275346
104555960000
104555973632
104555975346
104635300000
104635312442
104635312470
104650000000
104650012442
104650015346
104656642442
104656645346
104663272442
104663275346
104728000000
104749960000
104749972442
104749972470
104749975346
104749975374
104754000000
104754012442
104760642442
104767272442
104853960000
104853972442
104853972470
104910000000
104910013632
104910015346
104916643632
104916645346
104923273632
104923275346
104958960000
104958973632
104958975346
104958975374
105001000000
105001012442
105007642442
105014272442
105040000000
105040013632
105040015346
105046643632
105053273632
105053275346
105088960000
105088973632
105088975346
105100960000
105100972442
105100972470
105157000000
105157012442
105157015346
105163642442
105163645346
105170272442
105170275346
105256960000
105256972442
105256972470
105256975346
105256975374
105261000000
105261012442
105261015346
105267642442
105267645346
105274272442
105274275346
105360960000
105360972442
105360972470
105360975346
105360975374
105430000000
105430012442
105436642442
105443272442
105504460000
105504472442
105504472470
105508000000
105508013632
105508015346
105514643632
105514645346
105521273632
105521275346
105556960000
105556973632
105556975346
105556975374
105612000000
105612013632
105612015346
105618643632
105618645346
105625273632
105625275346
105660960000
105660973632
105660975346
105660975374
105716000000
105794000000
105794012442
105800642442
105807272442
105868460000
105868472442
105868472470
105976000000
105976012442
105976015346
105982642442
105982645346
105989272442
105989275346
106075960000
106075972442
106075972470
106075975346
106075975374
106197000000
106197012442
106197015346
106203642442
106203645346
106210272442
106210275346
106245960000
106245972442
106245972470
106245975346
106704000000
107364352442
107367000000
107536000000
107536012442
107542642442
107692000000
108541732442
108571300000
108571312442
108680000000
109668000000
110656000000
111644000000
112364352442
112372000000
112632000000
112775000000
112775012442
112781642442
113620000000
113780732442
113810300000
113810312442
114608000000
115596000000
116584000000
117377000000
117546000000
117546012442
117552642442
117559272442
117572000000
117574960000
117649020000
117649032442
117676000000
117676012442
117676015346
117682642442
117682645346
117689272442
117689275346
117921820000
117921832442
117921832470
117921835346
118196000000
118196012442
118202642442
118209272442
118302460000
118381640000
118381652442
118381652470
118456000000
118456012442
118456015346
118462642442
118462645346
118469272442
118469275346
118530460000
118530472442
118530472470
118530475346
118560000000
118568900000
118768000000
118768012442
118768015346
118774642442
118774645346
118781272442
118781275346
118842460000
118842472442
118842472470
118842475346
118859000000
118859012442
118865642442
118872272442
118900960000
118907960000
118907972442
118907972470
118911000000
118911012442
118917642442
118924272442
118959960000
118959972442
118959972470
119054000000
119054012442
119060642442
119067272442
119102960000
119102972442
119102972470
119171000000
119171012442
119171015346
119177642442
119177645346
119184272442
119184275346
119245460000
119245472442
119245472470
119245475346
119431000000
119431012442
119437642442
119444272442
119479960000
119479972442
119479972470
119548000000
119556900000
119639000000
119639012442
119639015346
119645642442
119645645346
119652272442
119652275346
119713460000
119713472442
119713472470
119713475346
119912000000
119912012442
119912015346
119918642442
119918645346
119925272442
119925275346
119960960000
119960972442
119960972470
119960975346
120536000000
120544900000
120686460000
121524000000
121532900000
122512000000
122520900000
123500000000
123508900000
124488000000
124496900000
125476000000
125484900000
125660960000
126464000000
126472900000
127452000000
127460900000
128440000000
128448900000
129428000000
129436900000
130416000000
130424900000
131404000000
131412900000
131833000000
132288000000
132288011086
132288012444
132288019163
132392000000
132398630000
132400900000
133293731086
133293732444
133293739163
133335540000
133335551086
133335552444
133335559163
133343351086
133343352444
133343359163
133380000000
133388900000
134368000000
134376900000
135356000000
135364900000
136344000000
136352900000
137332000000
137340900000
137979960000
138320000000
138328900000
139308000000
139316900000
139960960000
140296000000
140304900000
141284000000
141292900000
142272000000
142280900000
143260000000
143268900000
144248000000
144256900000
145236000000
145244900000
146224000000
146232900000
147108000000
147147000000
147212000000
147220900000
147602000000
147602008077
147602011086
147602023527
147608641086
147615268077
147615271086
147657080000
147657088077
147657091086
147657103527
147693000000
147693012444
147693013632
147693023527
147699642444
147706272444
147706273632
147748080000
147748092444
147748093632
147748103527
148200000000
148208900000
149188000000
149196900000
150176000000
150184900000
151164000000
151172900000
152152000000
152160900000
153140000000
153148900000
154128000000
154136900000
154835540000
155116000000
155124900000
156104000000
156112900000
157092000000
157100900000
158080000000
158088900000
159068000000
159076900000
160056000000
160064900000
161044000000
161052900000
162032000000
162040900000
162370000000
162942000000
162942013632
162942015346
162948643632
163020000000
163026630000
163028900000
163947733632
163947735346
163989540000
163989553632
163989555346
163997355346
164008000000
164016900000
164996000000
165004900000
165984000000
165992900000
166972000000
166980900000
167657080000
167748080000
167960000000
167968900000
168948000000
168956900000
169936000000
169944900000
170924000000
170932900000
171912000000
171920900000
172900000000
172908900000
173888000000
173896900000
174876000000
174884900000
175864000000
175872900000
176852000000
176860900000
177372000000
177658000000
177840000000
177848900000
178061000000
178061012442
178067642442
178828000000
178836900000
179066732442
179108540000
179108552442
179127000000
179127012442
179127015346
179133642442
179133645346
179140272442
179140275346
179182080000
179182092442
179182095346
179816000000
179824900000
180804000000
180812900000
181792000000
181800900000
182780000000
182788900000
183768000000
183776900000
183989540000
184756000000
184764900000
185744000000
185752900000
186732000000
186740900000
187720000000
187728900000
188708000000
188716900000
189696000000
189704900000
190684000000
190692900000
191672000000
191680900000
192660000000
192668900000
193648000000
193656900000
194636000000
194644900000
195624000000
195632900000
196612000000
196620900000
197600000000
197608540000
197608900000
198588000000
198596900000
199182080000
199576000000
199584900000
200564000000
200572900000
201552000000
201560900000
202540000000
202548900000
203528000000
203536900000
204516000000
204524900000
205504000000
205512900000
206492000000
206500900000
207103000000
207428000000
207428012444
207428013632
207428023527
207480000000
207486630000
207488900000
208433732444
208433733632
208468000000
208475540000
208475552444
208475553632
208475563527
208476900000
208483352444
208483353632
209456000000
209464900000
210444000000
210452900000
211432000000
211440900000
212420000000
212428900000
213408000000
213416900000
214396000000
214404900000
215384000000
215392900000
216372000000
216380900000
217360000000
217368900000
218348000000
218356900000
219336000000
219344900000
220324000000
220332900000
221312000000
221320900000
222300000000
222308900000
222365000000
222833000000
222833013632
222833015346
222839643632
222846273632
222846275346
222888080000
222888093632
222888095346
223288000000
223296900000
224276000000
224284900000
225264000000
225272900000
226252000000
226260900000
227240000000
227248900000
228228000000
228236900000
228475540000
229216000000
229224900000
230204000000
230212900000
231192000000
231200900000
232180000000
232188900000
233168000000
233176900000
234156000000
234164900000
235144000000
235152900000
236132000000
236140900000
237120000000
237128900000
237367000000
237653000000
238043000000
238043012442
238043015346
238049642442
238049645346
238108000000
238116900000
239048732442
239048735346
239090540000
239090552442
239090555346
239096000000
239104900000
239122000000
239122012442
239128642442
239135272442
239177080000
239177092442
240084000000
240092900000
241072000000
241080900000
242060000000
242068900000
242888080000
243048000000
243056900000
244036000000
244044900000
245024000000
245032900000
246012000000
246020900000
247000000000
247008900000
247988000000
247996900000
248976000000
248984900000
249964000000
249972900000
250952000000
250960900000
251940000000
251948900000
252928000000
252936900000
253916000000
253924900000
254904000000
254912900000
255892000000
255900900000
256880000000
256888900000
257677080000
257868000000
257876900000
258856000000
258864900000
259090540000
259844000000
259852900000
260832000000
260840900000
261820000000
261828900000
262808000000
262816900000
263796000000
263804900000
264784000000
264792900000
265772000000
265780900000
266760000000
266768900000
267748000000
267756900000
268736000000
268744900000
269724000000
269732900000
270712000000
270720900000
271700000000
271708900000
272688000000
272696900000
273676000000
273684900000
274664000000
274672900000
275652000000
275660900000
276640000000
276648900000
277628000000
277636900000
278616000000
278624900000
279604000000
279612900000
280592000000
280600900000
281580000000
281588900000
282373000000
282568000000
282576900000
282789000000
282789013632
282789015346
283556000000
283562630000
283564900000
283794733632
283794735346
283836540000
283836553632
283836555346
283844353632
283844355346
284544000000
284552900000
285532000000
285540900000
286520000000
286528900000
287508000000
287516900000
288496000000
288504900000
289484000000
289492900000
290472000000
290480900000
291460000000
291468900000
292448000000
292456900000
293436000000
293444900000
294424000000
294432900000
295412000000
295420900000
296400000000
296408900000
297375000000
297388000000
297396900000
297661000000
298025000000
298025012442
298025015346
298031642442
298031645346
298038272442
298038275346
298080080000
298080092442
298080095346
298116000000
298116012442
298122642442
298129272442
298171080000
298171092442
298376000000
298384900000
299364000000
299372900000
300000000000
300000000028
300001000000
300020000000
300020000028
300040000000
300040000028
300060000000
300060000028
300080000000
300080000028
300092000000
300092012442
300098642442
300100000000
300100000028
300105272442
300120000000
300120000028
300140000000
300140000028
300160000000
300160000028
300180000000
300180000028
300200000000
300200000028
300220000000
300220000028
300240000000
300240000028
300260000000
300260000028
300280000000
300280000028
300300000000
300300000028
300336800000
300336812442
300336812470
300352000000
300360900000
300365000000
300365008077
300365019163
300391000000
300391012444
300391013632
300391023527
300397642444
300397643632
300482000000
300482012442
300482015346
300488642442
300495272442
300495275346
300547280000
300547292442
300547292470
300547295346
300560000000
300560000028
300586000000
300586012442
300586015346
300592642442
300599272442
300599275346
300651280000
300651292442
300651292470
300651295346
300768000000
300768012442
300768015346
300774642442
300781272442
300781275346
300833280000
300833292442
300833292470
300833295346
300872000000
300872012442
300878642442
300885272442
301116800000
301116812442
301116812470
301236000000
301236012442
301236015346
301242642442
301249272442
301249275346
301301280000
301301292442
301301292470
301301295346
301314000000
301320000000
301320000028
301340000000
301346630000
301370728077
301396732444
301396733632
301418000000
301418012442
301424642442
301431272442
301602260000
301602268077
301602279163
301628260000
301628272444
301628272472
301628273632
301628283527
301639000000
301639013632
301639015346
301645643632
301652273632
301652275346
301662800000
301662812442
301662812470
301704000000
301704012442
301704015346
301710642442
301717272442
301717275346
301769000000
301769011086
301769012444
301769019163
301769280000
301769292442
301769292470
301769295346
301775641086
301775649163
301780000000
301780000028
301782000000
301782271086
301782272444
301782279163
301834280000
301834291086
301834292444
301834299163
301883800000
301883813632
301883813660
301883815346
301899000000
301899012442
301899015346
301905642442
301905645346
301912272442
301912275346
301964280000
301964292442
301964292470
301964295346
302016000000
302016008077
302016011086
302016023527
302022638077
302022641086
302029000000
302029012442
302029268077
302029271086
302035642442
302042272442
302081280000
302081288077
302081288105
302081291086
302081303527
302094000000
302100000000
302100000028
302107000000
302107008077
302107019163
302113638077
302113649163
302120268077
302120279163
302133000000
302133012444
302133013632
302133023527
302139643632
302146272444
302146273632
302198280000
302198292444
302198293632
302198293660
302198303527
302200000000
302200000028
302211000000
302273800000
302273812442
302273812470
302276000000
302276012442
302276015346
302282642442
302282645346
302289272442
302289275346
302328000000
302341280000
302341292442
302341292470
302341295346
302351800000
302351808077
302351819163
302360000000
302360000028
302406000000
302406013632
302406015346
302412643632
302412645346
302419273632
302419275346
302432000000
302432008077
302432011086
302432023527
302438638077
302438641086
302445268077
302445271086
302484000000
302484012442
302497272442
302497280000
302497288077
302497288105
302497291086
302497303527
302500000000
302500000028
302510000000
302536000000
302536011086
302536012444
302536019163
302542641086
302542649163
302549271086
302549272444
302549279163
302601280000
302601291086
302601292444
302601299163
302650800000
302650813632
302650813660
302650815346
302692000000
302692012442
302692015346
302698645346
302705272442
302705275346
302728800000
302728812442
302757280000
302757292442
302757295346
302848000000
302848008077
302848012442
302848012444
302848013632
302848019163
302848023527
302854638077
302854642442
302854642444
302854643632
302861268077
302861272442
302861272444
302861273632
302861279163
302913280000
302913292444
302913293632
302913293660
302913303527
302920000000
302920000028
302926000000
302939000000
302939013632
302939015346
302945643632
302952273632
302952275346
303017000000
303017011086
303017012444
303017019163
303030271086
303030272444
303030279163
303082280000
303082291086
303082292444
303082299163
303092800000
303092808077
303092812442
303092812470
303092819163
303108000000
303108008077
303108011086
303108012444
303108019163
303108023527
303114638077
303121268077
303121271086
303121272444
303121279163
303173280000
303173288077
303173288105
303173291086
303173292444
303173299163
303173303527
303180000000
303180000028
303183800000
303183813632
303183813660
303183815346
303186000000
303186011086
303186012444
303186019163
303192641086
303192642444
303192649163
303199271086
303199272444
303199279163
303251280000
303251291086
303251292444
303251292472
303251299163
303260000000
303260000028
303290000000
303290012442
303290015346
303296642442
303296645346
303303272442
303303275346
303316000000
303329000000
303329012444
303329013632
303329023527
303335642444
303342272444
303342273632
303355280000
303355292442
303355292470
303355295346
303360000000
303360000028
303368000000
303394280000
303394292444
303394293632
303394303527
303446000000
303446008077
303446011086
303446023527
303452638077
303452641086
303459268077
303459271086
303511280000
303511288077
303511288105
303511291086
303511303527
303524000000
303524012442
303530642442
303537272442
303550000000
303550008077
303550019163
303556638077
303556649163
303563268077
303563279163
303745000000
303745012444
303745013632
303745023527
303751643632
303758272444
303758273632
303768800000
303768812442
303768812470
303794800000
303794808077
303794819163
303797000000
303797008077
303797019163
303803638077
303803649163
303810268077
303810279163
303810280000
303810292444
303810293632
303810293660
303810303527
303820000000
303820000028
303823000000
303836000000
303836012442
303836015346
303842642442
303842645346
303849272442
303849275346
303901280000
303901292442
303901292470
303901295346
303914000000
303920000000
303920000028
303953000000
303953012442
303959642442
303966272442
304031000000
304031012444
304031013632
304031023527
304037643632
304041800000
304041808077
304041819163
304044272444
304044273632
304096280000
304096292444
304096293632
304096293660
304096303527
304135000000
304135012444
304135013632
304135023527
304141642444
304141643632
304148272444
304148273632
304197800000
304197812442
304197812470
304200280000
304200292444
304200293632
304200293660
304200303527
304226000000
304226008077
304226011086
304226012444
304226013632
304226023527
304232638077
304232641086
304232643632
304239268077
304239271086
304239272444
304239273632
304291280000
304291288077
304291288105
304291291086
304291292444
304291293632
304291293660
304291303527
304300000000
304300000028
304304000000
304317000000
304317011086
304317012444
304317019163
304320000000
304320000028
304323641086
304323642444
304323649163
304330000000
304330012442
304330271086
304330272444
304330279163
304336642442
304343272442
304382000000
304382013632
304382015346
304395273632
304395275346
304561800000
304561811086
304561812444
304561819163
304574800000
304574812442
304574812470
304577000000
304577012442
304577015346
304583642442
304590272442
304590275346
304603000000
304603008077
304603019163
304609638077
304616268077
304626800000
304626813632
304626815346
304642280000
304642292442
304642292470
304642295346
304660000000
304660000028
304680000000
304680000028
304694000000
304694012442
304700642442
304707272442
304746000000
304746013632
304746015346
304752643632
304759273632
304759275346
304847800000
304847808077
304847819163
304863000000
304863008077
304863011086
304863023527
304869638077
304869641086
304876268077
304876271086
304938800000
304938812442
304938812470
304970100000
304970108077
304970108105
304970111086
304970111114
304970123527
304980000000
304980000028
304990800000
304990813632
304990813660
304990815346
305006000000
305006008077
305006011086
305006023527
305012638077
305012641086
305019000000
305019012444
305019013632
305019023527
305019268077
305019271086
305025643632
305032272444
305032273632
305045000000
305045012442
305051642442
305058272442
305084280000
305084292444
305084293632
305084293660
305084303527
305097000000
305100000000
305100000028
305113100000
305113108077
305113108105
305113111086
305113111114
305113123527
305175000000
305175012444
305175013632
305175023527
305181642444
305181643632
305188272444
305188273632
305227000000
305227008077
305227011086
305227023527
305233638077
305240268077
305240271086
305240280000
305240292444
305240293632
305240293660
305240303527
305289800000
305289812442
305289812470
305292000000
305292012442
305292015346
305298642442
305298645346
305305272442
305305275346
305334100000
305334108077
305334108105
305334111086
305334123527
305357280000
305357292442
305357292470
305357295346
305360000000
305360000028
305370000000
305370013632
305370015346
305376643632
305376645346
305380000000
305380000028
305383273632
305383275346
305409000000
305409008077
305409011086
305409023527
305415638077
305415641086
305422268077
305422271086
305487000000
305487012442
305500272442
305516100000
305516108077
305516108105
305516111086
305516111114
305516123527
305552000000
305552011086
305552012444
305552019163
305558641086
305558649163
305565271086
305565272444
305565279163
305614800000
305614813632
305614813660
305614815346
305731800000
305731812442
305796800000
305796811086
305796812444
305796819163
305799000000
305799012444
305799013632
305799023527
305805642444
305805643632
305812000000
305812012442
305812272444
305812273632
305818642442
305825000000
305825008077
305825019163
305825272442
305831638077
305838268077
305838279163
305864280000
305864292444
305864293632
305864293660
305864303527
305877000000
305880000000
305880000028
305955000000
305955012444
305955013632
305955023527
305961642444
305961643632
305968272444
305968273632
306020280000
306020292444
306020293632
306020293660
306020303527
306056800000
306056812442
306056812470
306069800000
306069808077
306069819163
306072000000
306072008077
306072011086
306072023527
306078638077
306078641086
306085268077
306085271086
306179100000
306179108077
306179108105
306179111086
306179111114
306179123527
306180000000
306180000028
306189000000
306202000000
306202008077
306202011086
306202013632
306202015346
306202023527
306208638077
306208641086
306208643632
306208645346
306215268077
306215271086
306215273632
306215275346
306280000000
306309100000
306309108077
306309108105
306309111086
306309111114
306309123527
306423000000
306423012442
306436000000
306436008077
306436019163
306436272442
306442638077
306442649163
306446800000
306446813632
306446813660
306446815346
306449268077
306449279163
306462000000
306462012442
306462015346
306468645346
306475272442
306475275346
306527280000
306527292442
306527295346
306566000000
306566012444
306566013632
306566023527
306572643632
306579272444
306579273632
306631280000
306631292444
306631293632
306631293660
306631303527
306640000000
306640000028
306667800000
306667812442
306680800000
306680808077
306680819163
306774000000
306774012442
306774015346
306780642442
306780645346
306787272442
306787275346
306839280000
306839292442
306839292470
306839295346
306840000000
306840000028
306930000000
306930011086
306930012444
306930019163
306936641086
306936642444
306936649163
306943271086
306943272444
306943279163
306956000000
306956013632
306956015346
306962645346
306969273632
306969275346
307086000000
307086012442
307099272442
307174800000
307174811086
307174812444
307174819163
307190000000
307190008077
307190011086
307190023527
307196638077
307196641086
307200800000
307200813632
307200815346
307203268077
307203271086
307229000000
307229012444
307229013632
307229023527
307235643632
307242272444
307242273632
307268000000
307294280000
307294292444
307294293632
307294293660
307294303527
307297100000
307297108077
307297108105
307297111086
307297111114
307297123527
307300000000
307300000028
307307000000
307330800000
307330812442
307359000000
307359012442
307365642442
307372000000
307372008077
307372019163
307372272442
307378638077
307378649163
307385268077
307385279163
307515000000
307515012444
307515013632
307515023527
307521643632
307528272444
307528273632
307580280000
307580292444
307580293632
307580293660
307580303527
307603800000
307603812442
307603812470
307616800000
307616808077
307616819163
307645000000
307645008077
307645012444
307645013632
307645019163
307645023527
307651638077
307651642444
307651643632
307658268077
307658272444
307658273632
307697000000
307697012442
307697015346
307703642442
307710272442
307710275346
307710280000
307710292444
307710293632
307710293660
307710303527
307762280000
307762292442
307762292470
307762295346
307775000000
307775012444
307775013632
307775023527
307780000000
307780000028
307781642444
307781643632
307788272444
307788273632
307801000000
307801012442
307801015346
307807642442
307814272442
307814275346
307840280000
307840292444
307840293632
307840293660
307840303527
307853000000
307853013632
307853015346
307859643632
307866273632
307866275346
307866280000
307866292442
307866292470
307866295346
307889800000
307889808077
307889819163
307905000000
307905011086
307905012444
307905019163
307911641086
307911649163
307918271086
307918272444
307918279163
308035000000
308035012442
308035015346
308041642442
308048272442
308048275346
308097800000
308097813632
308097813660
308097815346
308100280000
308100292442
308100292470
308100295346
308139000000
308139012442
308145642442
308149800000
308149811086
308149812444
308149819163
308152272442
308165000000
308165013632
308165015346
308171643632
308178273632
308178275346
308217000000
308217008077
308217011086
308217023527
308223638077
308223641086
308230268077
308230271086
308256000000
308324100000
308324108077
308324108105
308324111086
308324111114
308324123527
308340000000
308340000028
308360000000
308360000028
308383800000
308383812442
308383812470
308409800000
308409813632
308409813660
308409815346
308451000000
308451012444
308451013632
308451023527
308457642444
308457643632
308464272444
308464273632
308516280000
308516292444
308516293632
308516293660
308516303527
308520000000
308520000028
308529000000
308540000000
308540000028
308581000000
308581008077
308581019163
308587638077
308587649163
308594268077
308594279163
308724000000
308724012442
308724015346
308730642442
308730645346
308737272442
308737275346
308789280000
308789292442
308789292470
308789295346
308800000000
308800000028
308802000000
308802012442
308808642442
308815272442
308825800000
308825808077
308825819163
308841000000
308841013632
308841015346
308847643632
308854000000
308854008077
308854019163
308854273632
308854275346
308860638077
308860649163
308867268077
308867279163
309046800000
309046812442
309046812470
309085800000
309085813632
309085813660
309085815346
309098800000
309098808077
309098819163
309114000000
309114011086
309114012444
309114013632
309114015346
309114019163
309120641086
309120642444
309120645346
309120649163
309127271086
309127272444
309127273632
309127275346
309127279163
309231000000
309231012442
309244000000
309244272442
309358800000
309358811086
309358812444
309358813632
309358815346
309358819163
309361000000
309361008077
309361011086
309361023527
309367638077
309367641086
309374000000
309374012444
309374013632
309374023527
309374268077
309374271086
309380643632
309387272444
309387273632
309439280000
309439292444
309439293632
309439293660
309439303527
309440000000
309440000028
309452000000
309452012442
309452015346
309458645346
309465272442
309465275346
309468100000
309468108077
309468108105
309468111086
309468111114
309468123527
309475800000
309475812442
309480000000
309480000028
309500000000
309500000028
309517280000
309517292442
309517295346
309660000000
309660008077
309660011086
309660013632
309660015346
309660023527
309666638077
309666641086
309666643632
309666645346
309673268077
309673271086
309673273632
309673275346
309725000000
309725012442
309738272442
309767100000
309767108077
309767108105
309767111086
309767111114
309767123527
309842000000
309842008077
309842011086
309842023527
309848638077
309848641086
309855268077
309855271086
309904800000
309904813632
309904813660
309904815346
309949100000
309949108077
309949108105
309949111086
309949111114
309949123527
309959000000
309959011086
309959012444
309959019163
309965641086
309965642444
309969800000
309969812442
309972271086
309972272444
310024000000
310024008077
310024019163
310037000000
310037012442
310037015346
310037268077
310037279163
310043642442
310043645346
310050272442
310050275346
310102280000
310102292442
310102292470
310102295346
310115000000
310115013632
310115015346
310120000000
310120000028
310121645346
310128273632
310128275346
310141000000
310141012442
310154272442
310203800000
310203811086
310203812444
310203819163
310232000000
310268800000
310268808077
310268819163
310271000000
310271011086
310271012444
310271013632
310271019163
310271023527
310277641086
310277649163
310284271086
310284272444
310284273632
310284279163
310336280000
310336292444
310336293632
310336303527
310359800000
310359813632
310359815346
310385800000
310385812442
310466000000
310466012442
310472642442
310479272442
310492000000
310492013632
310492015346
310498643632
310505273632
310505275346
310515800000
310515811086
310515812444
310515819163
310622000000
310622008077
310622019163
310628638077
310628649163
310635268077
310635279163
310710800000
310710812442
310710812470
310713000000
310713012442
310713015346
310719642442
310726272442
310726275346
310736800000
310736813632
310736813660
310736815346
310778280000
310778292442
310778292470
310778295346
310780000000
310780000028
310804000000
310804012442
310804015346
310810642442
310810645346
310817000000
310817012444
310817013632
310817023527
310817272442
310817275346
310830272444
310830273632
310866800000
310866808077
310866819163
310869280000
310869292442
310869292470
310869295346
310882280000
310882292444
310882293632
310882303527
310973000000
310973012442
310973015346
310979642442
310979645346
310986272442
310986275346
311038280000
311038292442
311038292470
311038295346
311064000000
311064008077
311064011086
311064023527
311070638077
311070641086
311077268077
311077271086
311116000000
311142000000
311142012442
311142012444
311142013632
311142023527
311148642442
311148643632
311155272442
311155272444
311155273632
311171100000
311171108077
311171108105
311171111086
311171111114
311171123527
311180000000
311180000028
311181000000
311200000000
311200000028
311207280000
311207292444
311207293632
311207293660
311207303527
311220000000
311220000028
311233000000
311233008077
311233011086
311233023527
311239638077
311239641086
311240000000
311240000028
311246268077
311246271086
311259000000
311259013632
311259015346
311265643632
311272273632
311272275346
311340100000
311340108077
311340108105
311340111086
311340111114
311340123527
311350000000
311350008077
311350019163
311356638077
311356649163
311363268077
311363279163
311386800000
311386812442
311386812470
311503800000
311503813632
311503813660
311503815346
311532000000
311532012442
311532015346
311538642442
311538645346
311545272442
311545275346
311594800000
311594808077
311594819163
311597280000
311597292442
311597292470
311597295346
311600000000
311600000028
311610000000
311610011086
311610012442
311610012444
311610015346
311610019163
311616641086
311616642442
311616642444
311616645346
311616649163
311623271086
311623272442
311623272444
311623275346
311623279163
311675280000
311675292442
311675292470
311675295346
311805000000
311805012442
311811642442
311818272442
311844000000
311844013632
311844015346
311854800000
311854811086
311854812444
311854819163
311857273632
311857275346
311870000000
311870012444
311870013632
311870023527
311876642444
311883272444
311883273632
311935280000
311935292444
311935293632
311935303527
311974000000
311974011086
311974012444
311974019163
311980641086
311980642444
311980649163
311987271086
311987272444
311987279163
312049800000
312049812442
312049812470
312088800000
312088813632
312088815346
312143000000
312143012442
312143015346
312149642442
312149645346
312156272442
312156275346
312208000000
312208280000
312208292442
312208292470
312208295346
312218800000
312218811086
312218812444
312218819163
312220000000
312220000028
312221000000
312221012442
312227642442
312234272442
312286000000
312286008077
312286019163
312292638077
312292649163
312299268077
312299279163
312416000000
312416012444
312416013632
312416023527
312422643632
312429272444
312429273632
312465800000
312465812442
312465812470
312481280000
312481292444
312481293632
312481293660
312481303527
312494000000
312494013632
312494015346
312500000000
312500000028
312500643632
312500645346
312507273632
312507275346
312530800000
312530808077
312530819163
312546000000
312546008077
312546011086
312546023527
312552638077
312552641086
312559268077
312559271086
312653100000
312653108077
312653108105
312653111086
312653111114
312653123527
312660000000
312660000028
312663000000
312663008077
312663019163
312669638077
312669649163
312676000000
312676012442
312676268077
312676279163
312680000000
312680000028
312689272442
312738800000
312738813632
312738813660
312738815346
312871000000
312871013632
312871015346
312877643632
312877645346
312884273632
312884275346
312907800000
312907808077
312907819163
312910000000
312910011086
312910012444
312910019163
312916641086
312916649163
312920800000
312920812442
312923271086
312923272444
312923279163
313027000000
313027012442
313040272442
313115800000
313115813632
313115813660
313115815346
313154800000
313154811086
313154812444
313154819163
313157000000
313157012442
313157015346
313163645346
313170272442
313170275346
313196000000
313222280000
313222292442
313222295346
313271800000
313271812442
313287000000
313287008077
313287019163
313293638077
313293649163
313300268077
313300279163
313313000000
313313012444
313313013632
313313023527
313319643632
313326272444
313326273632
313378280000
313378292444
313378293632
313378293660
313378303527
313380000000
313380000028
313400000000
313400000028
313521000000
313521012444
313521013632
313521023527
313527643632
313531800000
313531808077
313531819163
313534000000
313534012442
313534015346
313534272444
313534273632
313540642442
313547272442
313547275346
313586280000
313586292444
313586293632
313586293660
313586303527
313599280000
313599292442
313599292470
313599295346
313600000000
313600000028
313612000000
313612013632
313612015346
313618643632
313618645346
313625273632
313625275346
313664000000
313664008077
313664011086
313664012442
313664023527
313670638077
313670641086
313677268077
313677271086
313677272442
313771100000
313771108077
313771108105
313771111086
313771111114
313771123527
313780000000
313780000028
313800000000
313800000028
313820000000
313820008077
313820011086
313820012444
313820019163
313826638077
313833268077
313833271086
313833272444
313833279163
313856800000
313856813632
313856813660
313856815346
313908800000
313908812442
313924000000
313924013632
313924015346
313930643632
313930645346
313937273632
313937275346
314064800000
314064808077
314064811086
314064812444
314064819163
314132000000
314132008077
314132011086
314132023527
314138638077
314138641086
314145268077
314145271086
314168800000
314168813632
314168813660
314168815346
314184000000
314236000000
314236012444
314236013632
314236023527
314239100000
314239108077
314239108105
314239111086
314239111114
314239123527
314240000000
314240000028
314242643632
314245741086
314249272444
314249273632
314301280000
314301292444
314301293632
314301293660
314301303527
314314000000
314314013632
314314015346
314320000000
314320000028
314320643632
314320645346
314327273632
314327275346
314340000000
314340000028
314418000000
314418008077
314418019163
314424638077
314424649163
314431268077
314431279163
314558800000
314558813632
314558813660
314558815346
314574000000
314574012442
314574015346
314580642442
314580645346
314587272442
314587275346
314639000000
314639012444
314639013632
314639023527
314639280000
314639292442
314639292470
314639295346
314645925346
314652272444
314652273632
314662800000
314662808077
314662819163
314678000000
314704000000
314704012442
314704280000
314704292444
314704293632
314704293660
314704303527
314710642442
314717000000
314717011086
314717012444
314717019163
314717272442
314720000000
314720000028
314723641086
314723642444
314723649163
314730271086
314730272444
314730279163
314756000000
314756013632
314756015346
314769273632
314769275346
314948800000
314948812442
314948812470
314961800000
314961811086
314961812444
314961819163
315000800000
315000813632
315000815346
315029000000
315055000000
315055012442
315061642442
315068272442
315094000000
315094008077
315094011086
315094023527
315100638077
315100641086
315107000000
315107012444
315107013632
315107023527
315107268077
315107271086
315113643632
315120272444
315120273632
315172000000
315172280000
315172292444
315172293632
315172293660
315172303527
315201100000
315201108077
315201108105
315201111086
315201111114
315201123527
315220000000
315220000028
315237000000
315237008077
315237019163
315243638077
315250268077
315299800000
315299812442
315299812470
315341000000
315341012442
315341013632
315341015346
315347642442
315347643632
315354272442
315354273632
315354275346
315406000000
315406011086
315406012444
315406019163
315406280000
315406292442
315406292470
315406295346
315419271086
315419272444
315419279163
315420000000
315420000028
315440000000
315440000028
315458000000
315458012442
315458015346
315464642442
315471272442
315471275346
315481800000
315481808077
315481819163
315523000000
315523008077
315523011086
315523023527
315523280000
315523292442
315523292470
315523295346
315529638077
315536268077
315536271086
315585800000
315585813632
315585813660
315585815346
315630100000
315630108077
315630108105
315630111086
315630123527
315640000000
315640000028
315650800000
315650811086
315650812444
315650819163
315653000000
315653013632
315653015346
315659643632
315659645346
315666000000
315666273632
315666275346
315705000000
315705008077
315705019163
315711638077
315711649163
315718268077
315718279163
315835000000
315835012442
315848272442
315897800000
315897813632
315897813660
315897815346
315913000000
315913012444
315913013632
315913023527
315919643632
315926272444
315926273632
315949800000
315949808077
315949819163
315978000000
315978012442
315978015346
315978280000
315978292444
315978293632
315978293660
315978303527
315980000000
315980000028
315984923632
315991000000
315991008077
315991011086
315991023527
315991272442
315991275346
315997638077
315997641086
316000000000
316000000028
316004268077
316004271086
316043280000
316043292442
316043295346
316079800000
316079812442
316098100000
316098108077
316098108105
316098111086
316098111114
316098123527
316100000000
316100000028
316134000000
316134012444
316134013632
316134023527
316140642444
316140643632
316147272444
316147273632
316160000000
316199000000
316199008077
316199019163
316199280000
316199292444
316199293632
316199293660
316199303527
316205638077
316205922444
316212268077
316212279163
316277000000
316277012442
316277015346
316283642442
316283645346
316290272442
316290275346
316342000000
316342012444
316342013632
316342023527
316342280000
316342292442
316342292470
316342295346
316348925346
316355272444
316355273632
316407280000
316407292444
316407293632
316407293660
316407303527
316433000000
316433012444
316433013632
316433023527
316439643632
316443800000
316443808077
316443819163
316446272444
316446273632
316472000000
316472012442
316472015346
316478642442
316485272442
316485275346
316498000000
316498011086
316498012444
316498019163
316498280000
316498292444
316498293632
316498293660
316498303527
316504641086
316504649163
316504910000
316511271086
316511272444
316511279163
316537280000
316537292442
316537292470
316537295346
316719000000
316719012442
316719015346
316725642442
316725645346
316732272442
316732275346
316742800000
316742811086
316742812444
316742819163
316771000000
316771012444
316771013632
316771023527
316777642444
316784272444
316784273632
316823000000
316823008077
316823019163
316829638077
316836268077
316836279163
316836280000
316836292444
316836293632
316836303527
316953000000
316953012444
316953013632
316953023527
316959642444
316963800000
316963812442
316963815346
316963815374
316966272444
316966273632
317067800000
317067808077
317067819163
317148000000
317174000000
317174008077
317174011086
317174023527
317180638077
317187268077
317187271086
317197800000
317197812444
317197812472
317197813632
317197823527
317226000000
317226013632
317226015346
317232643632
317232645346
317239273632
317239275346
317281100000
317281108077
317281108105
317281111086
317281123527
317291280000
317291293632
317291295346
317291295374
317300000000
317300000028
317304000000
317320000000
317320000028
317434000000
317434011086
317434012444
317434019163
317440641086
317440642444
317440649163
317447271086
317447272444
317447279163
317499280000
317499291086
317499292444
317499292472
317499299163
317500000000
317500000028
317512000000
317525000000
317525011086
317525012444
317525019163
317531641086
317531642444
317531649163
317538271086
317538272444
317538279163
317551000000
317551013632
317551015346
317557645346
317564273632
317564275346
317590280000
317590291086
317590292444
317590292472
317590299163
317616280000
317616293632
317616295346
317616295374
317668000000
317668008077
317668019163
317674638077
317674649163
317681000000
317681012442
317681012444
317681013632
317681015346
317681023527
317681268077
317681279163
317687642442
317687643632
317694272442
317694272444
317694273632
317694275346
317912800000
317912808077
317912819163
317925800000
317925812442
317925812444
317925813632
317925815346
317925823527
317954000000
317954008077
317954011086
317954023527
317960638077
317960641086
317967268077
317967271086
318061100000
318061108077
318061108105
318061111086
318061111114
318061123527
318080000000
318080000028
318136000000
318188000000
318188013632
318188015346
318194643632
318194645346
318201273632
318201275346
318227000000
318227008077
318227011086
318227023527
318233638077
318233641086
318240268077
318240271086
318253280000
318253293632
318253295346
318253295374
318334100000
318334108077
318334108105
318334111086
318334111114
318334123527
318344000000
318344011086
318344012444
318344019163
318350641086
318350642444
318350649163
318357271086
318357272444
318357279163
318409280000
318409291086
318409292444
318409292472
318409299163
318526000000
318526011086
318526012444
318526019163
318532641086
318532642444
318532649163
318539271086
318539272444
318539279163
318591280000
318591291086
318591292444
318591292472
318591299163
318630000000
318630013632
318630015346
318636643632
318636645346
318643000000
318643008077
318643019163
318643273632
318643275346
318649638077
318649649163
318656268077
318656279163
318695280000
318695293632
318695295346
318695295374
318747000000
318747013632
318747015346
318753643632
318753645346
318760273632
318760275346
318812280000
318812293632
318812295346
318812295374
318887800000
318887808077
318887819163
319007000000
319007011086
319007012444
319007019163
319013641086
319013642444
319013649163
319020271086
319020272444
319020279163
319072280000
319072291086
319072292444
319072292472
319072299163
319098000000
319098008077
319098011086
319098023527
319104638077
319104641086
319111268077
319111271086
319124000000
319205100000
319205108077
319205108105
319205111086
319205111114
319205123527
319215000000
319215008077
319215013632
319215015346
319215019163
319220000000
319220000028
319221638077
319221643632
319221645346
319221649163
319228268077
319228273632
319228275346
319228279163
319459800000
319459808077
319459813632
319459813660
319459815346
319459819163
319475000000
319475008077
319475019163
319481638077
319481649163
319488268077
319488279163
319566000000
319566012444
319566013632
319566023527
319572643632
319579272444
319579273632
319631280000
319631292444
319631293632
319631293660
319631303527
319640000000
319640000028
319644000000
319644012444
319644013632
319644023527
319650643632
319657272444
319657273632
319683000000
319709280000
319709292444
319709293632
319709293660
319709303527
319719800000
319719808077
319719819163
319800000000
319800008077
319800011086
319800023527
319806638077
319806641086
319813268077
319813271086
319835000028
319835000056
319840000000
319840000028
319865000000
319865012444
319865013632
319865023527
319871643632
319878272444
319878273632
319907100000
319907108077
319907108105
319907111086
319907111114
319907123527
319917000000
319917008077
319917019163
319920000000
319920000028
319923638077
319923649163
319930268077
319930279163
319930280000
319930292444
319930293632
319930293660
319930303527
319940000000
319940000028
320008000000
320008012442
320008015346
320014642442
320014645346
320021272442
320021275346
320112000000
320151000000
320151012444
320151013632
320151023527
320161800000
320161808077
320161819163
320164272444
320164273632
320216280000
320216292444
320216293632
320216303527
320252800000
320252812442
320252815346
320252815374
320411000000
320411008077
320411011086
320411012444
320411019163
320411023527
320417638077
320417642444
320424268077
320424271086
320424272444
320424279163
320476280000
320476288077
320476288105
320476291086
320476303527
320480000000
320480000028
320515000000
320515008077
320515019163
320521638077
320528268077
320528279163
320645000000
320645013632
320645015346
320651645346
320655800000
320655811086
320655812444
320655819163
320658273632
320658275346
320710280000
320710293632
320710295346
320710295374
320720000000
320720000028
320723000000
320759800000
320759808077
320759819163
320762000000
320762012442
320762015346
320768642442
320768645346
320775272442
320775275346
320788000000
320788012444
320788013632
320788023527
320794642444
320801000000
320801008077
320801019163
320801272444
320801273632
320807638077
320814268077
320814279163
320853280000
320853292444
320853293632
320853303527
320879000000
320879011086
320879012444
320879019163
320885642444
320892271086
320892272444
320892279163
321006800000
321006812442
321006815346
321006815374
321045800000
321045808077
321045819163
321100000000
321123800000
321123811086
321123812444
321123819163
321139000000
321139013632
321139015346
321145643632
321145645346
321152273632
321152275346
321204280000
321204293632
321204295346
321204295374
321217000000
321220000000
321220000028
321347000000
321347008077
321347011086
321347023527
321353638077
321353641086
321360268077
321360271086
321412000000
321412013632
321412015346
321412280000
321412288077
321412288105
321412291086
321412303527
321418643632
321418645346
321420000000
321420000028
321425000000
321425008077
321425019163
321425273632
321425275346
321431638077
321431649163
321438268077
321438279163
321440000000
321440000028
321477280000
321477293632
321477295346
321477295374
321581000000
321581012444
321581013632
321581023527
321587643632
321594000000
321594012442
321594015346
321594272444
321594273632
321600642442
321607272442
321607275346
321669800000
321669808077
321669819163
321711000000
321711008077
321711011086
321711023527
321717638077
321717641086
321724268077
321724271086
321776280000
321776288077
321776288105
321776291086
321776303527
321780000000
321780000028
321825800000
321825812444
321825813632
321825823527
321838800000
321838812442
321838815346
321880000000
321880011086
321880012444
321880019163
321886641086
321886642444
321886649163
321893271086
321893272444
321893279163
322088000000
322088013632
322088015346
322094645346
322101273632
322101275346
322124800000
322124811086
322124812444
322124819163
322153000000
322153008077
322153011086
322153023527
322153280000
322153293632
322153295346
322153295374
322159638077
322159641086
322166268077
322166271086
322260100000
322260108077
322260108105
322260111086
322260111114
322260123527
322280000000
322280000028
322335000000
322335013632
322335015346
322341643632
322341645346
322348273632
322348275346
322374000000
322374008077
322374011086
322374023527
322380638077
322380641086
322387268077
322387271086
322400280000
322400293632
322400295346
322400295374
322481100000
322481108077
322481108105
322481111086
322481111114
322481123527
322491000000
322491008077
322491019163
322497638077
322497649163
322504268077
322504279163
322712000000
322712013632
322712015346
322718643632
322718645346
322725273632
322725275346
322735800000
322735808077
322735819163
322738000000
322738011086
322738012444
322738019163
322744641086
322744649163
322751271086
322751272444
322751279163
322777280000
322777293632
322777295346
322777295374
322982800000
322982811086
322982812444
322982819163
323076000000
323115000000
323115008077
323115011086
323115023527
323121638077
323121641086
323128268077
323128271086
323222100000
323222108077
323222108105
323222111086
323222111114
323222123527
323240000000
323240000028
323375000000
323375008077
323375019163
323381638077
323381649163
323388268077
323388279163
323583000000
323596000000
323596012444
323596013632
323596023527
323602643632
323609272444
323609273632
323619800000
323619808077
323619819163
323635000000
323635008077
323635019163
323641638077
323641649163
323648268077
323648279163
323840800000
323840812444
323840813632
323840823527
323856000000
323856012442
323856015346
323862642442
323862645346
323869272442
323869275346
323879800000
323879808077
323879819163
323908000000
323908008077
323908019163
323914638077
323921000000
323921011086
323921012444
323921019163
323921268077
323927642444
323934271086
323934272444
323934279163
324064000000
324100800000
324100812442
324100815346
324100815374
324152800000
324152808077
324152819163
324155000000
324155013632
324155015346
324161645346
324165800000
324165811086
324165812444
324165819163
324168000000
324168008077
324168011086
324168023527
324168273632
324168275346
324174638077
324174641086
324181268077
324181271086
324220280000
324220293632
324220295346
324220295374
324233000000
324240000000
324240000028
324275100000
324275108077
324275108105
324275111086
324275111114
324275123527
324280000000
324280000028
324300000000
324300000028
324311000000
324311008077
324311019163
324317638077
324317649163
324320000000
324320000028
324324268077
324324279163
324480000000
324480013632
324480015346
324486643632
324486645346
324493273632
324493275346
324545280000
324545293632
324545295346
324545295374
324555800000
324555808077
324555819163
324623000000
324623012442
324623015346
324629642442
324629645346
324636000000
324636008077
324636011086
324636023527
324636272442
324636275346
324642638077
324642641086
324649268077
324649271086
324743100000
324743108077
324743108105
324743111086
324743111114
324743123527
324753000000
324753011086
324753012444
324753019163
324759641086
324759642444
324759649163
324760000000
324760000028
324766271086
324766272444
324766279163
324867800000
324867812442
324867815346
324867815374
324935000000
324935013632
324935015346
324941645346
324948273632
324948275346
324997800000
324997811086
324997812444
324997819163
325000280000
325000293632
325000295346
325000295374
325013000000
325020000000
325020000028
325052000000
325052008077
325052011086
325052023527
325058638077
325058641086
325065268077
325065271086
325159100000
325159108077
325159108105
325159111086
325159111114
325159123527
325160000000
325160000028
325182000000
325182011086
325182012444
325182019163
325188641086
325188642444
325188649163
325195271086
325195272444
325195279163
325325000000
325325012442
325325015346
325331642442
325331645346
325338272442
325338275346
325426800000
325426811086
325426812444
325426819163
325429000000
325429008077
325429019163
325435638077
325435649163
325442268077
325442279163
325569800000
325569812442
325569815346
325569815374
325637000000
325637013632
325637015346
325643643632
325643645346
325650273632
325650275346
325673800000
325673808077
325673819163
325702280000
325702293632
325702295346
325702295374
325715000000
325720000000
325720000028
325754000000
325754011086
325754012442
325754012444
325754015346
325754019163
325760641086
325760642442
325760642444
325760645346
325760649163
325767271086
325767272442
325767272444
325767275346
325767279163
325998800000
325998811086
325998812442
325998812444
325998815346
325998815374
325998819163
326014000000
326014008077
326014013632
326014015346
326014019163
326020638077
326020643632
326020645346
326020649163
326027268077
326027273632
326027275346
326027279163
326040000000
326079280000
326079293632
326079295346
326079295374
326080000000
326080000028
326092000000
326105000000
326105013632
326105015346
326111643632
326111645346
326118273632
326118275346
326170280000
326170293632
326170295346
326170295374
326258800000
326258808077
326258819163
326300000000
326300012442
326300015346
326306642442
326306645346
326313272442
326313275346
326378000000
326378008077
326378011086
326378023527
326384638077
326384641086
326391268077
326391271086
326485100000
326485108077
326485108105
326485111086
326485111114
326485123527
326495000000
326495008077
326495019163
326500000000
326500000028
326501638077
326501649163
326508268077
326508279163
326520000000
326520000028
326544800000
326544812442
326544815346
326544815374
326739800000
326739808077
326739819163
326781000000
326781013632
326781015346
326787643632
326787645346
326794273632
326794275346
326807000000
326807008077
326807019163
326813638077
326813649163
326820268077
326820279163
326846280000
326846293632
326846295346
326846295374
326860000000
326860000028
326950000000
326950012442
326950015346
326956642442
326956645346
326963272442
326963275346
327028000000
327051800000
327051808077
327051819163
327106000000
327106011086
327106012444
327106019163
327112641086
327112642444
327119000000
327119008077
327119019163
327119271086
327119272444
327132268077
327132279163
327194800000
327194812442
327194815346
327194815374
327314000000
327314013632
327314015346
327320645346
327327273632
327327275346
327350800000
327350811086
327350812444
327350819163
327363800000
327363808077
327363819163
327379280000
327379293632
327379295346
327379295374
327380000000
327380000028
327509000000
327509008077
327509011086
327509023527
327515638077
327515641086
327522268077
327522271086
327596000028
327596000056
327600000000
327600000028
327600012442
327600015346
327606642442
327606645346
327613272442
327613275346
327616100000
327616108077
327616108105
327616111086
327616111114
327616123527
327620000000
327620000028
327640000000
327640000028
327665000000
327665008077
327665019163
327671638077
327671649163
327678268077
327678279163
327730000000
327730012444
327730013632
327730023527
327743272444
327743273632
327844800000
327844812442
327844815346
327844815374
327909800000
327909808077
327909819163
327974800000
327974812444
327974813632
327974823527
327977000000
327977013632
327977015346
327983643632
327983645346
327990000000
327990011086
327990012444
327990019163
327990273632
327990275346
327996641086
327996649163
328003271086
328003272444
328003279163
328016000000
328042280000
328042293632
328042295346
328042295374
328060000000
328060000028
328094000000
328094013632
328094015346
328100643632
328100645346
328107273632
328107275346
328159280000
328159293632
328159295346
328159295374
328198000000
328198012442
328198015346
328204642442
328204645346
328211272442
328211275346
328234800000
328234811086
328234812444
328234819163
328315000000
328315008077
328315011086
328315023527
328321638077
328321641086
328328268077
328328271086
328422100000
328422108077
328422108105
328422111086
328422111114
328422123527
328432000000
328432008077
328432011086
328432023527
328438638077
328438641086
328440000000
328440000028
328442800000
328442812442
328442815346
328442815374
328445268077
328445271086
328484000000
328484013632
328484015346
328490643632
328490645346
328497273632
328497275346
328539100000
328539108077
328539108105
328539111086
328539111114
328539123527
328549280000
328549293632
328549295346
328549295374
328560000000
328560000028
328653000000
328653012442
328653015346
328659642442
328659645346
328666000000
328666008077
328666019163
328666272442
328666275346
328672638077
328672649163
328679268077
328679279163
328897800000
328897812442
328897815346
328897815374
328910800000
328910808077
328910819163
328926000000
328926012442
328926015346
328932642442
328932645346
328939000000
328939011086
328939012444
328939019163
328939272442
328939275346
328945641086
328945642444
328945649163
328952271086
328952272444
328952279163
329004000000
329170800000
329170812442
329170815346
329170815374
329183800000
329183811086
329183812444
329183819163
329199000000
329199013632
329199015346
329205643632
329205645346
329212273632
329212275346
329264000000
329264008077
329264011086
329264023527
329264280000
329264293632
329264295346
329264295374
329270638077
329270641086
329277268077
329277271086
329280000000
329280000028
329300000000
329300000028
329371100000
329371108077
329371108105
329371111086
329371111114
329371123527
329380000000
329380000028
329472000000
329472012442
329472015346
329478642442
329478645346
329485000000
329485008077
329485019163
329485272442
329485275346
329491638077
329491649163
329498268077
329498279163
329716800000
329716812442
329716815346
329716815374
329729800000
329729808077
329729819163
329732000000
329810000000
329810008077
329810019163
329816638077
329816649163
329823268077
329823279163
329836000000
329836013632
329836015346
329842643632
329842645346
329849273632
329849275346
329901280000
329901293632
329901295346
329901295374
329920000000
329920000028
329992000000
